X,CH1,CH2,Start,Increment,
Sequence,Volt,Volt,-3.000000e-05,2.000000e-09
0,-8.00e-03,9.60e+00,
1,-8.00e-03,9.60e+00,
2,-8.00e-03,1.04e+01,
3,-8.00e-03,9.60e+00,
4,-8.00e-03,9.60e+00,
5,-8.00e-03,9.60e+00,
6,-8.00e-03,1.04e+01,
7,-8.00e-03,1.04e+01,
8,-8.00e-03,9.60e+00,
9,-8.00e-03,1.04e+01,
10,-8.00e-03,1.04e+01,
11,-8.00e-03,1.04e+01,
12,-8.00e-03,9.60e+00,
13,-8.00e-03,9.60e+00,
14,-8.00e-03,1.04e+01,
15,-8.00e-03,1.04e+01,
16,-8.00e-03,9.60e+00,
17,-8.00e-03,1.04e+01,
18,-8.00e-03,1.04e+01,
19,-8.00e-03,1.04e+01,
20,-8.00e-03,1.04e+01,
21,-8.00e-03,1.04e+01,
22,-8.00e-03,1.04e+01,
23,-8.00e-03,1.04e+01,
24,-8.00e-03,1.04e+01,
25,-8.00e-03,1.04e+01,
26,-8.00e-03,1.04e+01,
27,-8.00e-03,1.04e+01,
28,-8.00e-03,1.04e+01,
29,-8.00e-03,1.04e+01,
30,-8.00e-03,1.04e+01,
31,-8.00e-03,1.04e+01,
32,-8.00e-03,1.04e+01,
33,-8.00e-03,1.04e+01,
34,-8.00e-03,1.12e+01,
35,-8.00e-03,1.04e+01,
36,-8.00e-03,1.04e+01,
37,-8.00e-03,1.04e+01,
38,-8.00e-03,1.12e+01,
39,-8.00e-03,1.12e+01,
40,-8.00e-03,1.12e+01,
41,-8.00e-03,1.12e+01,
42,-8.00e-03,1.12e+01,
43,-8.00e-03,1.12e+01,
44,-8.00e-03,1.12e+01,
45,-8.00e-03,1.12e+01,
46,-8.00e-03,1.12e+01,
47,-8.00e-03,1.12e+01,
48,-8.00e-03,1.12e+01,
49,-8.00e-03,1.12e+01,
50,-8.00e-03,1.20e+01,
51,-8.00e-03,1.12e+01,
52,-8.00e-03,1.12e+01,
53,-8.00e-03,1.12e+01,
54,-8.00e-03,1.20e+01,
55,-8.00e-03,1.20e+01,
56,-8.00e-03,1.12e+01,
57,-8.00e-03,1.20e+01,
58,-8.00e-03,1.20e+01,
59,-8.00e-03,1.20e+01,
60,-8.00e-03,1.20e+01,
61,-8.00e-03,1.20e+01,
62,-8.00e-03,1.20e+01,
63,-8.00e-03,1.20e+01,
64,-8.00e-03,1.20e+01,
65,-8.00e-03,1.20e+01,
66,-8.00e-03,1.20e+01,
67,-8.00e-03,1.20e+01,
68,-8.00e-03,1.20e+01,
69,-8.00e-03,1.20e+01,
70,-8.00e-03,1.28e+01,
71,-8.00e-03,1.20e+01,
72,-8.00e-03,1.20e+01,
73,-8.00e-03,1.20e+01,
74,-8.00e-03,1.28e+01,
75,-8.00e-03,1.28e+01,
76,-8.00e-03,1.20e+01,
77,-8.00e-03,1.28e+01,
78,-8.00e-03,1.28e+01,
79,-8.00e-03,1.28e+01,
80,-8.00e-03,1.28e+01,
81,-8.00e-03,1.28e+01,
82,-8.00e-03,1.28e+01,
83,-8.00e-03,1.28e+01,
84,-8.00e-03,1.28e+01,
85,-8.00e-03,1.28e+01,
86,-8.00e-03,1.44e+01,
87,-8.00e-03,1.28e+01,
88,-8.00e-03,1.28e+01,
89,-8.00e-03,1.28e+01,
90,-8.00e-03,1.44e+01,
91,-8.00e-03,1.28e+01,
92,-8.00e-03,1.28e+01,
93,-8.00e-03,1.44e+01,
94,-8.00e-03,1.44e+01,
95,-8.00e-03,1.44e+01,
96,-8.00e-03,1.44e+01,
97,-8.00e-03,1.44e+01,
98,-8.00e-03,1.44e+01,
99,-8.00e-03,1.44e+01,
100,-8.00e-03,1.44e+01,
101,-8.00e-03,1.44e+01,
102,-8.00e-03,1.52e+01,
103,-8.00e-03,1.44e+01,
104,-8.00e-03,1.44e+01,
105,-8.00e-03,1.44e+01,
106,-8.00e-03,1.52e+01,
107,-8.00e-03,1.52e+01,
108,-8.00e-03,1.52e+01,
109,-8.00e-03,1.52e+01,
110,-8.00e-03,1.52e+01,
111,-8.00e-03,1.52e+01,
112,-8.00e-03,1.52e+01,
113,-8.00e-03,1.52e+01,
114,-8.00e-03,1.52e+01,
115,-8.00e-03,1.52e+01,
116,-8.00e-03,1.52e+01,
117,-8.00e-03,1.52e+01,
118,-8.00e-03,1.60e+01,
119,-8.00e-03,1.52e+01,
120,-8.00e-03,1.52e+01,
121,-8.00e-03,1.52e+01,
122,-8.00e-03,1.60e+01,
123,-8.00e-03,1.60e+01,
124,-8.00e-03,1.60e+01,
125,-8.00e-03,1.60e+01,
126,-8.00e-03,1.60e+01,
127,-8.00e-03,1.60e+01,
128,-8.00e-03,1.60e+01,
129,-8.00e-03,1.60e+01,
130,-8.00e-03,1.68e+01,
131,-8.00e-03,1.60e+01,
132,-8.00e-03,1.60e+01,
133,-8.00e-03,1.60e+01,
134,-8.00e-03,1.68e+01,
135,-8.00e-03,1.68e+01,
136,-8.00e-03,1.60e+01,
137,-8.00e-03,1.68e+01,
138,-8.00e-03,1.68e+01,
139,-8.00e-03,1.68e+01,
140,-8.00e-03,1.68e+01,
141,-8.00e-03,1.68e+01,
142,-8.00e-03,1.68e+01,
143,-8.00e-03,1.68e+01,
144,-8.00e-03,1.68e+01,
145,-8.00e-03,1.68e+01,
146,-8.00e-03,1.76e+01,
147,-8.00e-03,1.76e+01,
148,-8.00e-03,1.68e+01,
149,-8.00e-03,1.76e+01,
150,-8.00e-03,1.76e+01,
151,-8.00e-03,1.76e+01,
152,-8.00e-03,1.76e+01,
153,-8.00e-03,1.76e+01,
154,-8.00e-03,1.76e+01,
155,-8.00e-03,1.76e+01,
156,-8.00e-03,1.76e+01,
157,-8.00e-03,1.76e+01,
158,-8.00e-03,1.76e+01,
159,-8.00e-03,1.76e+01,
160,-8.00e-03,1.76e+01,
161,-8.00e-03,1.76e+01,
162,-8.00e-03,1.84e+01,
163,-8.00e-03,1.84e+01,
164,-8.00e-03,1.76e+01,
165,-8.00e-03,1.84e+01,
166,-8.00e-03,1.84e+01,
167,-8.00e-03,1.84e+01,
168,-8.00e-03,1.84e+01,
169,-8.00e-03,1.76e+01,
170,-8.00e-03,1.92e+01,
171,-8.00e-03,1.84e+01,
172,-8.00e-03,1.84e+01,
173,-8.00e-03,1.92e+01,
174,-8.00e-03,1.92e+01,
175,-8.00e-03,1.92e+01,
176,-8.00e-03,1.84e+01,
177,-8.00e-03,1.84e+01,
178,-8.00e-03,1.92e+01,
179,-8.00e-03,1.92e+01,
180,-8.00e-03,1.92e+01,
181,-8.00e-03,1.92e+01,
182,-8.00e-03,1.92e+01,
183,-8.00e-03,1.92e+01,
184,-8.00e-03,1.92e+01,
185,-8.00e-03,1.92e+01,
186,-8.00e-03,1.92e+01,
187,-8.00e-03,1.92e+01,
188,-8.00e-03,1.92e+01,
189,-8.00e-03,1.92e+01,
190,-8.00e-03,2.00e+01,
191,-8.00e-03,2.00e+01,
192,-8.00e-03,1.92e+01,
193,-8.00e-03,2.00e+01,
194,-8.00e-03,2.00e+01,
195,-8.00e-03,2.00e+01,
196,-8.00e-03,2.00e+01,
197,-8.00e-03,2.00e+01,
198,-8.00e-03,2.00e+01,
199,-8.00e-03,2.00e+01,
200,-8.00e-03,2.00e+01,
201,-8.00e-03,2.00e+01,
202,-8.00e-03,2.00e+01,
203,-8.00e-03,2.00e+01,
204,-8.00e-03,2.00e+01,
205,-8.00e-03,2.00e+01,
206,-8.00e-03,2.08e+01,
207,-8.00e-03,2.08e+01,
208,-8.00e-03,2.00e+01,
209,-8.00e-03,2.08e+01,
210,-8.00e-03,2.08e+01,
211,-8.00e-03,2.08e+01,
212,-8.00e-03,2.08e+01,
213,-8.00e-03,2.08e+01,
214,-8.00e-03,2.08e+01,
215,-8.00e-03,2.08e+01,
216,-8.00e-03,2.08e+01,
217,-8.00e-03,2.08e+01,
218,-8.00e-03,2.08e+01,
219,-8.00e-03,2.08e+01,
220,-8.00e-03,2.08e+01,
221,-8.00e-03,2.08e+01,
222,-8.00e-03,2.16e+01,
223,-8.00e-03,2.08e+01,
224,-8.00e-03,2.08e+01,
225,-8.00e-03,2.16e+01,
226,-8.00e-03,2.16e+01,
227,-8.00e-03,2.16e+01,
228,-8.00e-03,2.16e+01,
229,-8.00e-03,2.16e+01,
230,-8.00e-03,2.16e+01,
231,-8.00e-03,2.16e+01,
232,-8.00e-03,2.16e+01,
233,-8.00e-03,2.16e+01,
234,-8.00e-03,2.16e+01,
235,-8.00e-03,2.16e+01,
236,-8.00e-03,2.16e+01,
237,-8.00e-03,2.16e+01,
238,-8.00e-03,2.16e+01,
239,-8.00e-03,2.16e+01,
240,-8.00e-03,2.16e+01,
241,-8.00e-03,2.16e+01,
242,-8.00e-03,2.24e+01,
243,-8.00e-03,2.16e+01,
244,-8.00e-03,2.16e+01,
245,-8.00e-03,2.24e+01,
246,-8.00e-03,2.24e+01,
247,-8.00e-03,2.24e+01,
248,-8.00e-03,2.16e+01,
249,-8.00e-03,2.24e+01,
250,-8.00e-03,2.24e+01,
251,-8.00e-03,2.24e+01,
252,-8.00e-03,2.24e+01,
253,-8.00e-03,2.24e+01,
254,-8.00e-03,2.24e+01,
255,-8.00e-03,2.24e+01,
256,-8.00e-03,2.24e+01,
257,-8.00e-03,2.24e+01,
258,-8.00e-03,2.24e+01,
259,-8.00e-03,2.24e+01,
260,-8.00e-03,2.24e+01,
261,-8.00e-03,2.24e+01,
262,-8.00e-03,2.32e+01,
263,-8.00e-03,2.32e+01,
264,-8.00e-03,2.24e+01,
265,-8.00e-03,2.24e+01,
266,-8.00e-03,2.32e+01,
267,-8.00e-03,2.32e+01,
268,-8.00e-03,2.24e+01,
269,-8.00e-03,2.32e+01,
270,-8.00e-03,2.32e+01,
271,-8.00e-03,2.32e+01,
272,-8.00e-03,2.32e+01,
273,-8.00e-03,2.32e+01,
274,-8.00e-03,2.32e+01,
275,-8.00e-03,2.32e+01,
276,-8.00e-03,2.32e+01,
277,-8.00e-03,2.32e+01,
278,-8.00e-03,2.32e+01,
279,-8.00e-03,2.32e+01,
280,-8.00e-03,2.32e+01,
281,-8.00e-03,2.32e+01,
282,-8.00e-03,2.32e+01,
283,-8.00e-03,2.32e+01,
284,-8.00e-03,2.32e+01,
285,-8.00e-03,2.32e+01,
286,-8.00e-03,2.32e+01,
287,-8.00e-03,2.32e+01,
288,-8.00e-03,2.32e+01,
289,-1.60e-02,2.32e+01,
290,-8.00e-03,2.40e+01,
291,-8.00e-03,2.32e+01,
292,-8.00e-03,2.32e+01,
293,-8.00e-03,2.32e+01,
294,-8.00e-03,2.40e+01,
295,-8.00e-03,2.40e+01,
296,-8.00e-03,2.32e+01,
297,-8.00e-03,2.40e+01,
298,-8.00e-03,2.40e+01,
299,-8.00e-03,2.40e+01,
300,-8.00e-03,2.40e+01,
301,-8.00e-03,2.40e+01,
302,-8.00e-03,2.40e+01,
303,-8.00e-03,2.40e+01,
304,-8.00e-03,2.40e+01,
305,-8.00e-03,2.40e+01,
306,-8.00e-03,2.40e+01,
307,-8.00e-03,2.40e+01,
308,-8.00e-03,2.40e+01,
309,-8.00e-03,2.40e+01,
310,-8.00e-03,2.40e+01,
311,-8.00e-03,2.40e+01,
312,-8.00e-03,2.40e+01,
313,-8.00e-03,2.40e+01,
314,-8.00e-03,2.40e+01,
315,-8.00e-03,2.40e+01,
316,-8.00e-03,2.40e+01,
317,-8.00e-03,2.40e+01,
318,-8.00e-03,2.40e+01,
319,-8.00e-03,2.40e+01,
320,-8.00e-03,2.40e+01,
321,-8.00e-03,2.40e+01,
322,-8.00e-03,2.56e+01,
323,-8.00e-03,2.40e+01,
324,-8.00e-03,2.40e+01,
325,-1.60e-02,2.40e+01,
326,-8.00e-03,2.40e+01,
327,-8.00e-03,2.56e+01,
328,-8.00e-03,2.40e+01,
329,-1.60e-02,2.40e+01,
330,-8.00e-03,2.56e+01,
331,-8.00e-03,2.40e+01,
332,-8.00e-03,2.40e+01,
333,-8.00e-03,2.40e+01,
334,-8.00e-03,2.56e+01,
335,-8.00e-03,2.40e+01,
336,-8.00e-03,2.40e+01,
337,-8.00e-03,2.40e+01,
338,-8.00e-03,2.56e+01,
339,-8.00e-03,2.40e+01,
340,-8.00e-03,2.40e+01,
341,-8.00e-03,2.40e+01,
342,-8.00e-03,2.56e+01,
343,-8.00e-03,2.56e+01,
344,-8.00e-03,2.40e+01,
345,-8.00e-03,2.40e+01,
346,-8.00e-03,2.40e+01,
347,-8.00e-03,2.56e+01,
348,-8.00e-03,2.40e+01,
349,-1.60e-02,2.40e+01,
350,-8.00e-03,2.56e+01,
351,-8.00e-03,2.56e+01,
352,-8.00e-03,2.40e+01,
353,-1.60e-02,2.40e+01,
354,-8.00e-03,2.56e+01,
355,-8.00e-03,2.40e+01,
356,-8.00e-03,2.40e+01,
357,-1.60e-02,2.56e+01,
358,-8.00e-03,2.56e+01,
359,-8.00e-03,2.56e+01,
360,-8.00e-03,2.56e+01,
361,-8.00e-03,2.40e+01,
362,-8.00e-03,2.56e+01,
363,-8.00e-03,2.40e+01,
364,-8.00e-03,2.40e+01,
365,-1.60e-02,2.56e+01,
366,-8.00e-03,2.56e+01,
367,-8.00e-03,2.40e+01,
368,-8.00e-03,2.56e+01,
369,-1.60e-02,2.40e+01,
370,-8.00e-03,2.56e+01,
371,-8.00e-03,2.40e+01,
372,-8.00e-03,2.40e+01,
373,-8.00e-03,2.56e+01,
374,-8.00e-03,2.40e+01,
375,-8.00e-03,2.56e+01,
376,-8.00e-03,2.40e+01,
377,-8.00e-03,2.40e+01,
378,-8.00e-03,2.56e+01,
379,-8.00e-03,2.40e+01,
380,-8.00e-03,2.40e+01,
381,-1.60e-02,2.40e+01,
382,-8.00e-03,2.56e+01,
383,-8.00e-03,2.56e+01,
384,-8.00e-03,2.40e+01,
385,-1.60e-02,2.40e+01,
386,-8.00e-03,2.40e+01,
387,-8.00e-03,2.40e+01,
388,-8.00e-03,2.40e+01,
389,-1.60e-02,2.40e+01,
390,-8.00e-03,2.56e+01,
391,-8.00e-03,2.40e+01,
392,-8.00e-03,2.40e+01,
393,-8.00e-03,2.40e+01,
394,-8.00e-03,2.40e+01,
395,-8.00e-03,2.40e+01,
396,-8.00e-03,2.40e+01,
397,-8.00e-03,2.40e+01,
398,-8.00e-03,2.40e+01,
399,-8.00e-03,2.40e+01,
400,-8.00e-03,2.40e+01,
401,-8.00e-03,2.40e+01,
402,-8.00e-03,2.40e+01,
403,-8.00e-03,2.40e+01,
404,-8.00e-03,2.40e+01,
405,-8.00e-03,2.40e+01,
406,-8.00e-03,2.40e+01,
407,-8.00e-03,2.40e+01,
408,-8.00e-03,2.40e+01,
409,-1.60e-02,2.40e+01,
410,-8.00e-03,2.40e+01,
411,-8.00e-03,2.40e+01,
412,-8.00e-03,2.40e+01,
413,-1.60e-02,2.40e+01,
414,-8.00e-03,2.40e+01,
415,-8.00e-03,2.40e+01,
416,-8.00e-03,2.40e+01,
417,-1.60e-02,2.40e+01,
418,-8.00e-03,2.40e+01,
419,-8.00e-03,2.40e+01,
420,-8.00e-03,2.40e+01,
421,-8.00e-03,2.40e+01,
422,-8.00e-03,2.40e+01,
423,-8.00e-03,2.40e+01,
424,-8.00e-03,2.32e+01,
425,-8.00e-03,2.40e+01,
426,-8.00e-03,2.40e+01,
427,-8.00e-03,2.40e+01,
428,-8.00e-03,2.32e+01,
429,-1.60e-02,2.32e+01,
430,-8.00e-03,2.40e+01,
431,-8.00e-03,2.32e+01,
432,-8.00e-03,2.32e+01,
433,-1.60e-02,2.32e+01,
434,-8.00e-03,2.40e+01,
435,-8.00e-03,2.32e+01,
436,-8.00e-03,2.32e+01,
437,-8.00e-03,2.32e+01,
438,-8.00e-03,2.32e+01,
439,-8.00e-03,2.32e+01,
440,-8.00e-03,2.32e+01,
441,-8.00e-03,2.32e+01,
442,-8.00e-03,2.32e+01,
443,-8.00e-03,2.32e+01,
444,-8.00e-03,2.32e+01,
445,-1.60e-02,2.32e+01,
446,-8.00e-03,2.32e+01,
447,-8.00e-03,2.32e+01,
448,-8.00e-03,2.32e+01,
449,-1.60e-02,2.32e+01,
450,-8.00e-03,2.32e+01,
451,-8.00e-03,2.32e+01,
452,-8.00e-03,2.32e+01,
453,-1.60e-02,2.32e+01,
454,-8.00e-03,2.32e+01,
455,-8.00e-03,2.32e+01,
456,-8.00e-03,2.24e+01,
457,-8.00e-03,2.24e+01,
458,-8.00e-03,2.32e+01,
459,-8.00e-03,2.24e+01,
460,-8.00e-03,2.24e+01,
461,-8.00e-03,2.24e+01,
462,-8.00e-03,2.32e+01,
463,-8.00e-03,2.24e+01,
464,-8.00e-03,2.24e+01,
465,-8.00e-03,2.24e+01,
466,-8.00e-03,2.24e+01,
467,-8.00e-03,2.24e+01,
468,-8.00e-03,2.24e+01,
469,-1.60e-02,2.24e+01,
470,-8.00e-03,2.24e+01,
471,-8.00e-03,2.24e+01,
472,-8.00e-03,2.24e+01,
473,-8.00e-03,2.24e+01,
474,-8.00e-03,2.24e+01,
475,-8.00e-03,2.24e+01,
476,-8.00e-03,2.24e+01,
477,-8.00e-03,2.24e+01,
478,-8.00e-03,2.24e+01,
479,-8.00e-03,2.24e+01,
480,-1.60e-02,2.16e+01,
481,-8.00e-03,2.16e+01,
482,-8.00e-03,2.24e+01,
483,-8.00e-03,2.16e+01,
484,-8.00e-03,2.16e+01,
485,-1.60e-02,2.16e+01,
486,-8.00e-03,2.16e+01,
487,-8.00e-03,2.16e+01,
488,-8.00e-03,2.16e+01,
489,-1.60e-02,2.16e+01,
490,-8.00e-03,2.16e+01,
491,-8.00e-03,2.16e+01,
492,-8.00e-03,2.16e+01,
493,-1.60e-02,2.16e+01,
494,-8.00e-03,2.16e+01,
495,-8.00e-03,2.16e+01,
496,-8.00e-03,2.16e+01,
497,-1.60e-02,2.16e+01,
498,-8.00e-03,2.16e+01,
499,-8.00e-03,2.16e+01,
500,-8.00e-03,2.16e+01,
501,-1.60e-02,2.16e+01,
502,-8.00e-03,2.16e+01,
503,-8.00e-03,2.16e+01,
504,-8.00e-03,2.08e+01,
505,-8.00e-03,2.08e+01,
506,-8.00e-03,2.08e+01,
507,-8.00e-03,2.08e+01,
508,-8.00e-03,2.08e+01,
509,-8.00e-03,2.08e+01,
510,-8.00e-03,2.08e+01,
511,-8.00e-03,2.08e+01,
512,-8.00e-03,2.08e+01,
513,-1.60e-02,2.08e+01,
514,-8.00e-03,2.08e+01,
515,-8.00e-03,2.08e+01,
516,-8.00e-03,2.08e+01,
517,-1.60e-02,2.08e+01,
518,-8.00e-03,2.08e+01,
519,-8.00e-03,2.08e+01,
520,-8.00e-03,2.08e+01,
521,-1.60e-02,2.00e+01,
522,-8.00e-03,2.08e+01,
523,-8.00e-03,2.08e+01,
524,-8.00e-03,2.00e+01,
525,-1.60e-02,2.00e+01,
526,-8.00e-03,2.08e+01,
527,-8.00e-03,2.08e+01,
528,-8.00e-03,2.00e+01,
529,-1.60e-02,2.00e+01,
530,-8.00e-03,2.00e+01,
531,-8.00e-03,2.00e+01,
532,-8.00e-03,2.00e+01,
533,-1.60e-02,2.00e+01,
534,-8.00e-03,2.00e+01,
535,-8.00e-03,2.00e+01,
536,-8.00e-03,2.00e+01,
537,-8.00e-03,2.00e+01,
538,-8.00e-03,2.00e+01,
539,-8.00e-03,2.00e+01,
540,-8.00e-03,1.92e+01,
541,-1.60e-02,2.00e+01,
542,-8.00e-03,2.00e+01,
543,-8.00e-03,2.00e+01,
544,-8.00e-03,1.92e+01,
545,-8.00e-03,1.92e+01,
546,-8.00e-03,1.92e+01,
547,-8.00e-03,1.92e+01,
548,-8.00e-03,1.92e+01,
549,-1.60e-02,1.92e+01,
550,-8.00e-03,1.92e+01,
551,-8.00e-03,1.92e+01,
552,-8.00e-03,1.92e+01,
553,-8.00e-03,1.92e+01,
554,-8.00e-03,1.92e+01,
555,-8.00e-03,1.92e+01,
556,-8.00e-03,1.92e+01,
557,-1.60e-02,1.92e+01,
558,-8.00e-03,1.92e+01,
559,-8.00e-03,1.92e+01,
560,-1.60e-02,1.92e+01,
561,-8.00e-03,1.84e+01,
562,-8.00e-03,1.92e+01,
563,-8.00e-03,1.84e+01,
564,-8.00e-03,1.84e+01,
565,-8.00e-03,1.92e+01,
566,-8.00e-03,1.84e+01,
567,-8.00e-03,1.84e+01,
568,-8.00e-03,1.92e+01,
569,-1.60e-02,1.84e+01,
570,-8.00e-03,1.92e+01,
571,-8.00e-03,1.84e+01,
572,-8.00e-03,1.84e+01,
573,-1.60e-02,1.84e+01,
574,-8.00e-03,1.84e+01,
575,-8.00e-03,1.84e+01,
576,-8.00e-03,1.84e+01,
577,-1.60e-02,1.84e+01,
578,-8.00e-03,1.84e+01,
579,-8.00e-03,1.84e+01,
580,-8.00e-03,1.84e+01,
581,-1.60e-02,1.84e+01,
582,-8.00e-03,1.84e+01,
583,-8.00e-03,1.84e+01,
584,-8.00e-03,1.76e+01,
585,-8.00e-03,1.76e+01,
586,-8.00e-03,1.84e+01,
587,-8.00e-03,1.76e+01,
588,-8.00e-03,1.76e+01,
589,-1.60e-02,1.76e+01,
590,-8.00e-03,1.76e+01,
591,-8.00e-03,1.76e+01,
592,-8.00e-03,1.76e+01,
593,-8.00e-03,1.76e+01,
594,-8.00e-03,1.76e+01,
595,-8.00e-03,1.76e+01,
596,-8.00e-03,1.76e+01,
597,-1.60e-02,1.76e+01,
598,-8.00e-03,1.76e+01,
599,-8.00e-03,1.76e+01,
600,-8.00e-03,1.76e+01,
601,-1.60e-02,1.76e+01,
602,-8.00e-03,1.76e+01,
603,-8.00e-03,1.76e+01,
604,-8.00e-03,1.68e+01,
605,-8.00e-03,1.68e+01,
606,-8.00e-03,1.76e+01,
607,-8.00e-03,1.68e+01,
608,-8.00e-03,1.68e+01,
609,-1.60e-02,1.68e+01,
610,-8.00e-03,1.76e+01,
611,-8.00e-03,1.68e+01,
612,-8.00e-03,1.68e+01,
613,-1.60e-02,1.68e+01,
614,-8.00e-03,1.68e+01,
615,-8.00e-03,1.68e+01,
616,-8.00e-03,1.68e+01,
617,-8.00e-03,1.68e+01,
618,-8.00e-03,1.68e+01,
619,-8.00e-03,1.68e+01,
620,-8.00e-03,1.68e+01,
621,-1.60e-02,1.68e+01,
622,-8.00e-03,1.68e+01,
623,-8.00e-03,1.68e+01,
624,-8.00e-03,1.68e+01,
625,-8.00e-03,1.68e+01,
626,-8.00e-03,1.68e+01,
627,-8.00e-03,1.68e+01,
628,-8.00e-03,1.60e+01,
629,-8.00e-03,1.68e+01,
630,-8.00e-03,1.68e+01,
631,-8.00e-03,1.60e+01,
632,-8.00e-03,1.60e+01,
633,-8.00e-03,1.60e+01,
634,-8.00e-03,1.68e+01,
635,-8.00e-03,1.60e+01,
636,-8.00e-03,1.60e+01,
637,-1.60e-02,1.60e+01,
638,-8.00e-03,1.60e+01,
639,-1.60e-02,1.60e+01,
640,-8.00e-03,1.60e+01,
641,-8.00e-03,1.60e+01,
642,-8.00e-03,1.60e+01,
643,-8.00e-03,1.60e+01,
644,-8.00e-03,1.60e+01,
645,-8.00e-03,1.60e+01,
646,-8.00e-03,1.60e+01,
647,-8.00e-03,1.60e+01,
648,-8.00e-03,1.60e+01,
649,-1.60e-02,1.60e+01,
650,-8.00e-03,1.60e+01,
651,-8.00e-03,1.60e+01,
652,-8.00e-03,1.60e+01,
653,-1.60e-02,1.60e+01,
654,-8.00e-03,1.60e+01,
655,-8.00e-03,1.52e+01,
656,-8.00e-03,1.52e+01,
657,-8.00e-03,1.52e+01,
658,-8.00e-03,1.60e+01,
659,-8.00e-03,1.52e+01,
660,-8.00e-03,1.52e+01,
661,-1.60e-02,1.52e+01,
662,-8.00e-03,1.60e+01,
663,-8.00e-03,1.52e+01,
664,-8.00e-03,1.52e+01,
665,-8.00e-03,1.52e+01,
666,-8.00e-03,1.52e+01,
667,-8.00e-03,1.52e+01,
668,-8.00e-03,1.52e+01,
669,-1.60e-02,1.52e+01,
670,-8.00e-03,1.52e+01,
671,-8.00e-03,1.52e+01,
672,-8.00e-03,1.52e+01,
673,-1.60e-02,1.52e+01,
674,-8.00e-03,1.52e+01,
675,-8.00e-03,1.52e+01,
676,-8.00e-03,1.52e+01,
677,-1.60e-02,1.52e+01,
678,-8.00e-03,1.52e+01,
679,-8.00e-03,1.52e+01,
680,-8.00e-03,1.52e+01,
681,-1.60e-02,1.52e+01,
682,-8.00e-03,1.52e+01,
683,-8.00e-03,1.52e+01,
684,-8.00e-03,1.52e+01,
685,-8.00e-03,1.52e+01,
686,-8.00e-03,1.52e+01,
687,-8.00e-03,1.52e+01,
688,-8.00e-03,1.44e+01,
689,-1.60e-02,1.44e+01,
690,-8.00e-03,1.52e+01,
691,-8.00e-03,1.52e+01,
692,-8.00e-03,1.44e+01,
693,-1.60e-02,1.44e+01,
694,-8.00e-03,1.52e+01,
695,-8.00e-03,1.44e+01,
696,-8.00e-03,1.44e+01,
697,-1.60e-02,1.44e+01,
698,-8.00e-03,1.52e+01,
699,-8.00e-03,1.44e+01,
700,-8.00e-03,1.44e+01,
701,-8.00e-03,1.44e+01,
702,-8.00e-03,1.44e+01,
703,-8.00e-03,1.44e+01,
704,-8.00e-03,1.44e+01,
705,-1.60e-02,1.44e+01,
706,-8.00e-03,1.44e+01,
707,-8.00e-03,1.44e+01,
708,-8.00e-03,1.44e+01,
709,-8.00e-03,1.44e+01,
710,-8.00e-03,1.44e+01,
711,-8.00e-03,1.44e+01,
712,-8.00e-03,1.44e+01,
713,-1.60e-02,1.44e+01,
714,-8.00e-03,1.44e+01,
715,-8.00e-03,1.44e+01,
716,-8.00e-03,1.44e+01,
717,-1.60e-02,1.44e+01,
718,-8.00e-03,1.44e+01,
719,-8.00e-03,1.44e+01,
720,-8.00e-03,1.44e+01,
721,-8.00e-03,1.44e+01,
722,-8.00e-03,1.44e+01,
723,-8.00e-03,1.44e+01,
724,-8.00e-03,1.44e+01,
725,-1.60e-02,1.44e+01,
726,-8.00e-03,1.44e+01,
727,-8.00e-03,1.44e+01,
728,-8.00e-03,1.44e+01,
729,-8.00e-03,1.44e+01,
730,-8.00e-03,1.44e+01,
731,-8.00e-03,1.44e+01,
732,-8.00e-03,1.44e+01,
733,-1.60e-02,1.44e+01,
734,-8.00e-03,1.44e+01,
735,-8.00e-03,1.44e+01,
736,-8.00e-03,1.28e+01,
737,-1.60e-02,1.44e+01,
738,-8.00e-03,1.44e+01,
739,-8.00e-03,1.44e+01,
740,-8.00e-03,1.44e+01,
741,-1.60e-02,1.44e+01,
742,-8.00e-03,1.44e+01,
743,-8.00e-03,1.44e+01,
744,-8.00e-03,1.28e+01,
745,-8.00e-03,1.44e+01,
746,-8.00e-03,1.44e+01,
747,-8.00e-03,1.44e+01,
748,-8.00e-03,1.28e+01,
749,-8.00e-03,1.44e+01,
750,-8.00e-03,1.44e+01,
751,-8.00e-03,1.28e+01,
752,-8.00e-03,1.28e+01,
753,-8.00e-03,1.28e+01,
754,-8.00e-03,1.44e+01,
755,-8.00e-03,1.44e+01,
756,-8.00e-03,1.28e+01,
757,-1.60e-02,1.44e+01,
758,-8.00e-03,1.44e+01,
759,-8.00e-03,1.28e+01,
760,-8.00e-03,1.28e+01,
761,-8.00e-03,1.28e+01,
762,-8.00e-03,1.44e+01,
763,-8.00e-03,1.28e+01,
764,-8.00e-03,1.28e+01,
765,-8.00e-03,1.28e+01,
766,-8.00e-03,1.28e+01,
767,-8.00e-03,1.28e+01,
768,-8.00e-03,1.44e+01,
769,-8.00e-03,1.28e+01,
770,-8.00e-03,1.44e+01,
771,-8.00e-03,1.28e+01,
772,-8.00e-03,1.28e+01,
773,-8.00e-03,1.44e+01,
774,-8.00e-03,1.28e+01,
775,-8.00e-03,1.44e+01,
776,-8.00e-03,1.28e+01,
777,-8.00e-03,1.28e+01,
778,-8.00e-03,1.44e+01,
779,-8.00e-03,1.28e+01,
780,-8.00e-03,1.28e+01,
781,-8.00e-03,1.28e+01,
782,-8.00e-03,1.44e+01,
783,-8.00e-03,1.44e+01,
784,-8.00e-03,1.28e+01,
785,-8.00e-03,1.44e+01,
786,-8.00e-03,1.44e+01,
787,-8.00e-03,1.44e+01,
788,-8.00e-03,1.28e+01,
789,-8.00e-03,1.28e+01,
790,-8.00e-03,1.44e+01,
791,-8.00e-03,1.28e+01,
792,-8.00e-03,1.28e+01,
793,-8.00e-03,1.28e+01,
794,-8.00e-03,1.44e+01,
795,-8.00e-03,1.28e+01,
796,-8.00e-03,1.28e+01,
797,-8.00e-03,1.44e+01,
798,-8.00e-03,1.44e+01,
799,-8.00e-03,1.44e+01,
800,-8.00e-03,1.28e+01,
801,-8.00e-03,1.28e+01,
802,-8.00e-03,1.44e+01,
803,-8.00e-03,1.44e+01,
804,-8.00e-03,1.28e+01,
805,-1.60e-02,1.28e+01,
806,-8.00e-03,1.44e+01,
807,-8.00e-03,1.44e+01,
808,-8.00e-03,1.28e+01,
809,-8.00e-03,1.44e+01,
810,-8.00e-03,1.44e+01,
811,-8.00e-03,1.44e+01,
812,-8.00e-03,1.28e+01,
813,-8.00e-03,1.44e+01,
814,-8.00e-03,1.44e+01,
815,-8.00e-03,1.44e+01,
816,-8.00e-03,1.28e+01,
817,-8.00e-03,1.44e+01,
818,-8.00e-03,1.44e+01,
819,-8.00e-03,1.44e+01,
820,-8.00e-03,1.44e+01,
821,-1.60e-02,1.44e+01,
822,-8.00e-03,1.44e+01,
823,-8.00e-03,1.44e+01,
824,-8.00e-03,1.28e+01,
825,-8.00e-03,1.44e+01,
826,-8.00e-03,1.44e+01,
827,-8.00e-03,1.44e+01,
828,-8.00e-03,1.44e+01,
829,-8.00e-03,1.44e+01,
830,-8.00e-03,1.44e+01,
831,-8.00e-03,1.44e+01,
832,-8.00e-03,1.44e+01,
833,-1.60e-02,1.44e+01,
834,-8.00e-03,1.44e+01,
835,-8.00e-03,1.44e+01,
836,-8.00e-03,1.44e+01,
837,-8.00e-03,1.44e+01,
838,-8.00e-03,1.44e+01,
839,-8.00e-03,1.44e+01,
840,-8.00e-03,1.44e+01,
841,-8.00e-03,1.44e+01,
842,-8.00e-03,1.44e+01,
843,-8.00e-03,1.44e+01,
844,-8.00e-03,1.44e+01,
845,-8.00e-03,1.44e+01,
846,-8.00e-03,1.44e+01,
847,-8.00e-03,1.44e+01,
848,-8.00e-03,1.44e+01,
849,-1.60e-02,1.44e+01,
850,-8.00e-03,1.52e+01,
851,-8.00e-03,1.44e+01,
852,-8.00e-03,1.44e+01,
853,-1.60e-02,1.44e+01,
854,-8.00e-03,1.52e+01,
855,-8.00e-03,1.44e+01,
856,-8.00e-03,1.44e+01,
857,-8.00e-03,1.44e+01,
858,-8.00e-03,1.52e+01,
859,-8.00e-03,1.44e+01,
860,-8.00e-03,1.44e+01,
861,-1.60e-02,1.44e+01,
862,-8.00e-03,1.52e+01,
863,-8.00e-03,1.52e+01,
864,-8.00e-03,1.44e+01,
865,-8.00e-03,1.52e+01,
866,-8.00e-03,1.52e+01,
867,-8.00e-03,1.52e+01,
868,-8.00e-03,1.44e+01,
869,-8.00e-03,1.52e+01,
870,-8.00e-03,1.52e+01,
871,-8.00e-03,1.52e+01,
872,-8.00e-03,1.44e+01,
873,-8.00e-03,1.52e+01,
874,-8.00e-03,1.52e+01,
875,-8.00e-03,1.52e+01,
876,-8.00e-03,1.52e+01,
877,-1.60e-02,1.52e+01,
878,-8.00e-03,1.52e+01,
879,-8.00e-03,1.52e+01,
880,-8.00e-03,1.52e+01,
881,-8.00e-03,1.52e+01,
882,-8.00e-03,1.52e+01,
883,-8.00e-03,1.52e+01,
884,-8.00e-03,1.52e+01,
885,-8.00e-03,1.52e+01,
886,-8.00e-03,1.52e+01,
887,-8.00e-03,1.52e+01,
888,-8.00e-03,1.52e+01,
889,-1.60e-02,1.52e+01,
890,-8.00e-03,1.60e+01,
891,-8.00e-03,1.52e+01,
892,-8.00e-03,1.52e+01,
893,-8.00e-03,1.52e+01,
894,-8.00e-03,1.52e+01,
895,-8.00e-03,1.52e+01,
896,-8.00e-03,1.52e+01,
897,-1.60e-02,1.60e+01,
898,-8.00e-03,1.60e+01,
899,-8.00e-03,1.60e+01,
900,-8.00e-03,1.52e+01,
901,-1.60e-02,1.52e+01,
902,-8.00e-03,1.60e+01,
903,-8.00e-03,1.60e+01,
904,-8.00e-03,1.52e+01,
905,-8.00e-03,1.60e+01,
906,-8.00e-03,1.60e+01,
907,-8.00e-03,1.60e+01,
908,-8.00e-03,1.52e+01,
909,-8.00e-03,1.60e+01,
910,-8.00e-03,1.60e+01,
911,-8.00e-03,1.60e+01,
912,-8.00e-03,1.60e+01,
913,-1.60e-02,1.60e+01,
914,-8.00e-03,1.60e+01,
915,-8.00e-03,1.60e+01,
916,-8.00e-03,1.60e+01,
917,-1.60e-02,1.60e+01,
918,-8.00e-03,1.60e+01,
919,-8.00e-03,1.60e+01,
920,-8.00e-03,1.60e+01,
921,-8.00e-03,1.60e+01,
922,-8.00e-03,1.60e+01,
923,-8.00e-03,1.60e+01,
924,-8.00e-03,1.60e+01,
925,-8.00e-03,1.60e+01,
926,-8.00e-03,1.60e+01,
927,-8.00e-03,1.60e+01,
928,-8.00e-03,1.60e+01,
929,-8.00e-03,1.60e+01,
930,-8.00e-03,1.68e+01,
931,-8.00e-03,1.68e+01,
932,-1.60e-02,1.60e+01,
933,-8.00e-03,1.68e+01,
934,-8.00e-03,1.68e+01,
935,-8.00e-03,1.68e+01,
936,-8.00e-03,1.60e+01,
937,-1.60e-02,1.68e+01,
938,-8.00e-03,1.68e+01,
939,-8.00e-03,1.68e+01,
940,-8.00e-03,1.68e+01,
941,-8.00e-03,1.68e+01,
942,-8.00e-03,1.68e+01,
943,-8.00e-03,1.68e+01,
944,-8.00e-03,1.68e+01,
945,-1.60e-02,1.68e+01,
946,-8.00e-03,1.68e+01,
947,-8.00e-03,1.68e+01,
948,-8.00e-03,1.68e+01,
949,-8.00e-03,1.68e+01,
950,-8.00e-03,1.68e+01,
951,-8.00e-03,1.68e+01,
952,-8.00e-03,1.68e+01,
953,-8.00e-03,1.68e+01,
954,-8.00e-03,1.76e+01,
955,-8.00e-03,1.68e+01,
956,-8.00e-03,1.68e+01,
957,-8.00e-03,1.68e+01,
958,-8.00e-03,1.76e+01,
959,-8.00e-03,1.68e+01,
960,-8.00e-03,1.76e+01,
961,-8.00e-03,1.68e+01,
962,-8.00e-03,1.76e+01,
963,-8.00e-03,1.76e+01,
964,-8.00e-03,1.68e+01,
965,-1.60e-02,1.76e+01,
966,-8.00e-03,1.76e+01,
967,-8.00e-03,1.76e+01,
968,-8.00e-03,1.76e+01,
969,-8.00e-03,1.68e+01,
970,-8.00e-03,1.76e+01,
971,-8.00e-03,1.76e+01,
972,-8.00e-03,1.76e+01,
973,-8.00e-03,1.76e+01,
974,-8.00e-03,1.76e+01,
975,-8.00e-03,1.76e+01,
976,-8.00e-03,1.76e+01,
977,-1.60e-02,1.76e+01,
978,-8.00e-03,1.76e+01,
979,-8.00e-03,1.76e+01,
980,-8.00e-03,1.76e+01,
981,-1.60e-02,1.76e+01,
982,-8.00e-03,1.76e+01,
983,-8.00e-03,1.76e+01,
984,-8.00e-03,1.76e+01,
985,-8.00e-03,1.76e+01,
986,-8.00e-03,1.84e+01,
987,-8.00e-03,1.84e+01,
988,-8.00e-03,1.76e+01,
989,-8.00e-03,1.84e+01,
990,-8.00e-03,1.84e+01,
991,-8.00e-03,1.84e+01,
992,-8.00e-03,1.84e+01,
993,-8.00e-03,1.84e+01,
994,-8.00e-03,1.84e+01,
995,-8.00e-03,1.84e+01,
996,-8.00e-03,1.84e+01,
997,-8.00e-03,1.84e+01,
998,-8.00e-03,1.84e+01,
999,-8.00e-03,1.84e+01,
1000,-8.00e-03,1.84e+01,
1001,-8.00e-03,1.84e+01,
1002,-8.00e-03,1.84e+01,
1003,-8.00e-03,1.84e+01,
1004,-8.00e-03,1.84e+01,
1005,-8.00e-03,1.84e+01,
1006,-8.00e-03,1.84e+01,
1007,-8.00e-03,1.84e+01,
1008,-8.00e-03,1.84e+01,
1009,-1.60e-02,1.84e+01,
1010,-8.00e-03,1.92e+01,
1011,-8.00e-03,1.84e+01,
1012,-8.00e-03,1.84e+01,
1013,-8.00e-03,1.84e+01,
1014,-8.00e-03,1.92e+01,
1015,-8.00e-03,1.92e+01,
1016,-8.00e-03,1.84e+01,
1017,-1.60e-02,1.92e+01,
1018,-8.00e-03,1.92e+01,
1019,-8.00e-03,1.92e+01,
1020,-8.00e-03,1.92e+01,
1021,-8.00e-03,1.92e+01,
1022,-8.00e-03,1.92e+01,
1023,-8.00e-03,1.92e+01,
1024,-8.00e-03,1.92e+01,
1025,-1.60e-02,1.92e+01,
1026,-8.00e-03,1.92e+01,
1027,-8.00e-03,1.92e+01,
1028,-8.00e-03,1.92e+01,
1029,-1.60e-02,1.92e+01,
1030,-8.00e-03,1.92e+01,
1031,-8.00e-03,1.92e+01,
1032,-8.00e-03,1.92e+01,
1033,-8.00e-03,1.92e+01,
1034,-8.00e-03,1.92e+01,
1035,-8.00e-03,1.92e+01,
1036,-8.00e-03,1.92e+01,
1037,-8.00e-03,1.92e+01,
1038,-8.00e-03,1.92e+01,
1039,-8.00e-03,1.92e+01,
1040,-8.00e-03,1.92e+01,
1041,-8.00e-03,1.92e+01,
1042,-8.00e-03,2.00e+01,
1043,-8.00e-03,1.92e+01,
1044,-8.00e-03,1.92e+01,
1045,-8.00e-03,1.92e+01,
1046,-8.00e-03,2.00e+01,
1047,-8.00e-03,2.00e+01,
1048,-8.00e-03,1.92e+01,
1049,-1.60e-02,2.00e+01,
1050,-8.00e-03,2.00e+01,
1051,-8.00e-03,2.00e+01,
1052,-8.00e-03,1.92e+01,
1053,-8.00e-03,2.00e+01,
1054,-8.00e-03,2.00e+01,
1055,-8.00e-03,2.00e+01,
1056,-8.00e-03,2.00e+01,
1057,-8.00e-03,2.00e+01,
1058,-8.00e-03,2.00e+01,
1059,-8.00e-03,2.00e+01,
1060,-8.00e-03,2.00e+01,
1061,-1.60e-02,2.00e+01,
1062,-8.00e-03,2.00e+01,
1063,-8.00e-03,2.00e+01,
1064,-8.00e-03,2.00e+01,
1065,-8.00e-03,2.00e+01,
1066,-1.60e-02,2.00e+01,
1067,-8.00e-03,2.00e+01,
1068,-8.00e-03,2.00e+01,
1069,-1.60e-02,2.00e+01,
1070,-8.00e-03,2.00e+01,
1071,-8.00e-03,2.00e+01,
1072,-8.00e-03,2.00e+01,
1073,-8.00e-03,2.00e+01,
1074,-8.00e-03,2.00e+01,
1075,-8.00e-03,2.00e+01,
1076,-8.00e-03,2.00e+01,
1077,-1.60e-02,2.00e+01,
1078,-8.00e-03,2.00e+01,
1079,-8.00e-03,2.00e+01,
1080,-1.60e-02,2.00e+01,
1081,-1.60e-02,2.00e+01,
1082,-8.00e-03,2.08e+01,
1083,-8.00e-03,2.00e+01,
1084,-8.00e-03,2.00e+01,
1085,-1.60e-02,2.00e+01,
1086,-8.00e-03,2.08e+01,
1087,-8.00e-03,2.08e+01,
1088,-8.00e-03,2.00e+01,
1089,-1.60e-02,2.08e+01,
1090,-8.00e-03,2.08e+01,
1091,-8.00e-03,2.08e+01,
1092,-8.00e-03,2.08e+01,
1093,-1.60e-02,2.08e+01,
1094,-8.00e-03,2.08e+01,
1095,-8.00e-03,2.08e+01,
1096,-8.00e-03,2.08e+01,
1097,-1.60e-02,2.08e+01,
1098,-8.00e-03,2.08e+01,
1099,-8.00e-03,2.08e+01,
1100,-8.00e-03,2.08e+01,
1101,-1.60e-02,2.08e+01,
1102,-8.00e-03,2.08e+01,
1103,-8.00e-03,2.08e+01,
1104,-8.00e-03,2.08e+01,
1105,-1.60e-02,2.08e+01,
1106,-8.00e-03,2.08e+01,
1107,-8.00e-03,2.08e+01,
1108,-8.00e-03,2.08e+01,
1109,-1.60e-02,2.08e+01,
1110,-8.00e-03,2.08e+01,
1111,-8.00e-03,2.08e+01,
1112,-8.00e-03,2.08e+01,
1113,-1.60e-02,2.08e+01,
1114,-8.00e-03,2.08e+01,
1115,-8.00e-03,2.08e+01,
1116,-8.00e-03,2.08e+01,
1117,-1.60e-02,2.08e+01,
1118,-8.00e-03,2.08e+01,
1119,-8.00e-03,2.08e+01,
1120,-8.00e-03,2.08e+01,
1121,-1.60e-02,2.08e+01,
1122,-8.00e-03,2.08e+01,
1123,-8.00e-03,2.08e+01,
1124,-8.00e-03,2.08e+01,
1125,-1.60e-02,2.08e+01,
1126,-8.00e-03,2.08e+01,
1127,-8.00e-03,2.16e+01,
1128,-8.00e-03,2.08e+01,
1129,-1.60e-02,2.08e+01,
1130,-8.00e-03,2.16e+01,
1131,-8.00e-03,2.08e+01,
1132,-8.00e-03,2.08e+01,
1133,-1.60e-02,2.08e+01,
1134,-8.00e-03,2.16e+01,
1135,-8.00e-03,2.16e+01,
1136,-8.00e-03,2.08e+01,
1137,-1.60e-02,2.08e+01,
1138,-8.00e-03,2.16e+01,
1139,-8.00e-03,2.16e+01,
1140,-8.00e-03,2.08e+01,
1141,-1.60e-02,2.08e+01,
1142,-8.00e-03,2.16e+01,
1143,-8.00e-03,2.16e+01,
1144,-8.00e-03,2.08e+01,
1145,-1.60e-02,2.16e+01,
1146,-8.00e-03,2.08e+01,
1147,-8.00e-03,2.16e+01,
1148,-8.00e-03,2.08e+01,
1149,-1.60e-02,2.08e+01,
1150,-8.00e-03,2.16e+01,
1151,-8.00e-03,2.16e+01,
1152,-8.00e-03,2.08e+01,
1153,-1.60e-02,2.08e+01,
1154,-8.00e-03,2.16e+01,
1155,-8.00e-03,2.16e+01,
1156,-8.00e-03,2.08e+01,
1157,-8.00e-03,2.16e+01,
1158,-8.00e-03,2.16e+01,
1159,-8.00e-03,2.16e+01,
1160,-8.00e-03,2.16e+01,
1161,-8.00e-03,2.08e+01,
1162,-8.00e-03,2.16e+01,
1163,-8.00e-03,2.16e+01,
1164,-8.00e-03,2.16e+01,
1165,-8.00e-03,2.16e+01,
1166,-8.00e-03,2.16e+01,
1167,-8.00e-03,2.16e+01,
1168,-8.00e-03,2.16e+01,
1169,-1.60e-02,2.08e+01,
1170,-8.00e-03,2.16e+01,
1171,-8.00e-03,2.16e+01,
1172,-8.00e-03,2.08e+01,
1173,-8.00e-03,2.16e+01,
1174,-8.00e-03,2.16e+01,
1175,-8.00e-03,2.16e+01,
1176,-8.00e-03,2.16e+01,
1177,-1.60e-02,2.16e+01,
1178,-1.60e-02,2.16e+01,
1179,-8.00e-03,2.16e+01,
1180,-8.00e-03,2.16e+01,
1181,-8.00e-03,2.16e+01,
1182,-8.00e-03,2.16e+01,
1183,-8.00e-03,2.16e+01,
1184,-8.00e-03,2.16e+01,
1185,-8.00e-03,2.16e+01,
1186,-8.00e-03,2.16e+01,
1187,-8.00e-03,2.16e+01,
1188,-8.00e-03,2.08e+01,
1189,-1.60e-02,2.16e+01,
1190,-8.00e-03,2.16e+01,
1191,-8.00e-03,2.16e+01,
1192,-8.00e-03,2.16e+01,
1193,-8.00e-03,2.16e+01,
1194,-8.00e-03,2.16e+01,
1195,-8.00e-03,2.16e+01,
1196,-8.00e-03,2.16e+01,
1197,-8.00e-03,2.16e+01,
1198,-8.00e-03,2.16e+01,
1199,-8.00e-03,2.16e+01,
1200,-8.00e-03,2.08e+01,
1201,-8.00e-03,2.16e+01,
1202,-8.00e-03,2.16e+01,
1203,-1.60e-02,2.16e+01,
1204,-8.00e-03,2.16e+01,
1205,-1.60e-02,2.16e+01,
1206,-8.00e-03,2.16e+01,
1207,-8.00e-03,2.16e+01,
1208,-8.00e-03,2.08e+01,
1209,-1.60e-02,2.16e+01,
1210,-8.00e-03,2.16e+01,
1211,-8.00e-03,2.16e+01,
1212,-8.00e-03,2.16e+01,
1213,-8.00e-03,2.16e+01,
1214,-8.00e-03,2.16e+01,
1215,-8.00e-03,2.16e+01,
1216,-8.00e-03,2.08e+01,
1217,-1.60e-02,2.16e+01,
1218,-8.00e-03,2.16e+01,
1219,-8.00e-03,2.16e+01,
1220,-8.00e-03,2.08e+01,
1221,-8.00e-03,2.08e+01,
1222,-8.00e-03,2.16e+01,
1223,-8.00e-03,2.16e+01,
1224,-8.00e-03,2.08e+01,
1225,-1.60e-02,2.16e+01,
1226,-8.00e-03,2.16e+01,
1227,-8.00e-03,2.16e+01,
1228,-8.00e-03,2.08e+01,
1229,-1.60e-02,2.08e+01,
1230,-8.00e-03,2.16e+01,
1231,-8.00e-03,2.08e+01,
1232,-8.00e-03,2.08e+01,
1233,-8.00e-03,2.08e+01,
1234,-8.00e-03,2.16e+01,
1235,-8.00e-03,2.08e+01,
1236,-8.00e-03,2.08e+01,
1237,-1.60e-02,2.08e+01,
1238,-8.00e-03,2.08e+01,
1239,-8.00e-03,2.08e+01,
1240,-1.60e-02,2.08e+01,
1241,-1.60e-02,2.08e+01,
1242,-8.00e-03,2.16e+01,
1243,-8.00e-03,2.08e+01,
1244,-8.00e-03,2.08e+01,
1245,-1.60e-02,2.08e+01,
1246,-8.00e-03,2.08e+01,
1247,-8.00e-03,2.08e+01,
1248,-8.00e-03,2.08e+01,
1249,-1.60e-02,2.08e+01,
1250,-8.00e-03,2.08e+01,
1251,-8.00e-03,2.08e+01,
1252,-8.00e-03,2.08e+01,
1253,-1.60e-02,2.08e+01,
1254,-8.00e-03,2.08e+01,
1255,-8.00e-03,2.08e+01,
1256,-1.60e-02,2.08e+01,
1257,-1.60e-02,2.08e+01,
1258,-8.00e-03,2.08e+01,
1259,-8.00e-03,2.08e+01,
1260,-8.00e-03,2.08e+01,
1261,-1.60e-02,2.08e+01,
1262,-8.00e-03,2.08e+01,
1263,-8.00e-03,2.08e+01,
1264,-8.00e-03,2.08e+01,
1265,-1.60e-02,2.08e+01,
1266,-8.00e-03,2.08e+01,
1267,-8.00e-03,2.08e+01,
1268,-8.00e-03,2.08e+01,
1269,-1.60e-02,2.08e+01,
1270,-8.00e-03,2.08e+01,
1271,-1.60e-02,2.08e+01,
1272,-8.00e-03,2.08e+01,
1273,-1.60e-02,2.08e+01,
1274,-8.00e-03,2.08e+01,
1275,-8.00e-03,2.08e+01,
1276,-8.00e-03,2.08e+01,
1277,-8.00e-03,2.08e+01,
1278,-8.00e-03,2.08e+01,
1279,-1.60e-02,2.08e+01,
1280,-8.00e-03,2.08e+01,
1281,-1.60e-02,2.08e+01,
1282,-8.00e-03,2.08e+01,
1283,-8.00e-03,2.08e+01,
1284,-1.60e-02,2.00e+01,
1285,-8.00e-03,2.08e+01,
1286,-8.00e-03,2.08e+01,
1287,-8.00e-03,2.08e+01,
1288,-8.00e-03,2.00e+01,
1289,-1.60e-02,2.00e+01,
1290,-8.00e-03,2.08e+01,
1291,-8.00e-03,2.00e+01,
1292,-8.00e-03,2.00e+01,
1293,-1.60e-02,2.00e+01,
1294,-8.00e-03,2.08e+01,
1295,-8.00e-03,2.00e+01,
1296,-8.00e-03,2.00e+01,
1297,-1.60e-02,2.00e+01,
1298,-8.00e-03,2.00e+01,
1299,-8.00e-03,2.00e+01,
1300,-8.00e-03,2.00e+01,
1301,-1.60e-02,2.00e+01,
1302,-8.00e-03,2.00e+01,
1303,-8.00e-03,2.00e+01,
1304,-8.00e-03,2.00e+01,
1305,-1.60e-02,2.00e+01,
1306,-8.00e-03,2.00e+01,
1307,-8.00e-03,2.00e+01,
1308,-8.00e-03,2.00e+01,
1309,-1.60e-02,2.00e+01,
1310,-8.00e-03,2.00e+01,
1311,-8.00e-03,2.00e+01,
1312,-8.00e-03,2.00e+01,
1313,-1.60e-02,2.00e+01,
1314,-8.00e-03,2.00e+01,
1315,-8.00e-03,2.00e+01,
1316,-8.00e-03,2.00e+01,
1317,-8.00e-03,2.00e+01,
1318,-8.00e-03,2.00e+01,
1319,-8.00e-03,2.00e+01,
1320,-8.00e-03,2.00e+01,
1321,-1.60e-02,2.00e+01,
1322,-8.00e-03,2.00e+01,
1323,-8.00e-03,2.00e+01,
1324,-8.00e-03,2.00e+01,
1325,-8.00e-03,2.00e+01,
1326,-8.00e-03,2.00e+01,
1327,-8.00e-03,2.00e+01,
1328,-8.00e-03,1.92e+01,
1329,-1.60e-02,1.92e+01,
1330,-8.00e-03,2.00e+01,
1331,-8.00e-03,2.00e+01,
1332,-8.00e-03,1.92e+01,
1333,-1.60e-02,1.92e+01,
1334,-8.00e-03,2.00e+01,
1335,-8.00e-03,2.00e+01,
1336,-8.00e-03,1.92e+01,
1337,-1.60e-02,1.92e+01,
1338,-8.00e-03,2.00e+01,
1339,-8.00e-03,1.92e+01,
1340,-8.00e-03,1.92e+01,
1341,-1.60e-02,1.92e+01,
1342,-8.00e-03,2.00e+01,
1343,-8.00e-03,1.92e+01,
1344,-1.60e-02,1.92e+01,
1345,-1.60e-02,1.92e+01,
1346,-8.00e-03,1.92e+01,
1347,-8.00e-03,1.92e+01,
1348,-8.00e-03,1.92e+01,
1349,-1.60e-02,1.92e+01,
1350,-8.00e-03,1.92e+01,
1351,-8.00e-03,1.92e+01,
1352,-8.00e-03,1.92e+01,
1353,-1.60e-02,1.92e+01,
1354,-8.00e-03,1.92e+01,
1355,-8.00e-03,1.92e+01,
1356,-8.00e-03,1.92e+01,
1357,-1.60e-02,1.92e+01,
1358,-8.00e-03,1.92e+01,
1359,-8.00e-03,1.92e+01,
1360,-1.60e-02,1.92e+01,
1361,-1.60e-02,1.92e+01,
1362,-8.00e-03,1.92e+01,
1363,-8.00e-03,1.92e+01,
1364,-8.00e-03,1.84e+01,
1365,-1.60e-02,1.92e+01,
1366,-8.00e-03,1.92e+01,
1367,-8.00e-03,1.92e+01,
1368,-8.00e-03,1.92e+01,
1369,-1.60e-02,1.84e+01,
1370,-8.00e-03,1.92e+01,
1371,-8.00e-03,1.92e+01,
1372,-8.00e-03,1.84e+01,
1373,-1.60e-02,1.92e+01,
1374,-8.00e-03,1.84e+01,
1375,-8.00e-03,1.92e+01,
1376,-8.00e-03,1.84e+01,
1377,-1.60e-02,1.84e+01,
1378,-8.00e-03,1.92e+01,
1379,-8.00e-03,1.84e+01,
1380,-8.00e-03,1.84e+01,
1381,-1.60e-02,1.84e+01,
1382,-8.00e-03,1.84e+01,
1383,-8.00e-03,1.84e+01,
1384,-8.00e-03,1.84e+01,
1385,-1.60e-02,1.84e+01,
1386,-8.00e-03,1.84e+01,
1387,-8.00e-03,1.84e+01,
1388,-8.00e-03,1.84e+01,
1389,-1.60e-02,1.84e+01,
1390,-8.00e-03,1.84e+01,
1391,-8.00e-03,1.84e+01,
1392,-8.00e-03,1.84e+01,
1393,-8.00e-03,1.84e+01,
1394,-8.00e-03,1.84e+01,
1395,-8.00e-03,1.84e+01,
1396,-1.60e-02,1.84e+01,
1397,-1.60e-02,1.84e+01,
1398,-8.00e-03,1.84e+01,
1399,-8.00e-03,1.84e+01,
1400,-8.00e-03,1.84e+01,
1401,-1.60e-02,1.84e+01,
1402,-8.00e-03,1.84e+01,
1403,-8.00e-03,1.84e+01,
1404,-8.00e-03,1.84e+01,
1405,-1.60e-02,1.84e+01,
1406,-8.00e-03,1.84e+01,
1407,-8.00e-03,1.84e+01,
1408,-8.00e-03,1.76e+01,
1409,-1.60e-02,1.84e+01,
1410,-8.00e-03,1.84e+01,
1411,-8.00e-03,1.76e+01,
1412,-8.00e-03,1.76e+01,
1413,-1.60e-02,1.76e+01,
1414,-8.00e-03,1.84e+01,
1415,-8.00e-03,1.76e+01,
1416,-1.60e-02,1.76e+01,
1417,-1.60e-02,1.76e+01,
1418,-8.00e-03,1.84e+01,
1419,-8.00e-03,1.76e+01,
1420,-1.60e-02,1.76e+01,
1421,-1.60e-02,1.76e+01,
1422,-8.00e-03,1.76e+01,
1423,-8.00e-03,1.76e+01,
1424,-8.00e-03,1.76e+01,
1425,-1.60e-02,1.76e+01,
1426,-8.00e-03,1.76e+01,
1427,-8.00e-03,1.76e+01,
1428,-8.00e-03,1.76e+01,
1429,-8.00e-03,1.76e+01,
1430,-8.00e-03,1.76e+01,
1431,-8.00e-03,1.76e+01,
1432,-8.00e-03,1.76e+01,
1433,-1.60e-02,1.76e+01,
1434,-8.00e-03,1.76e+01,
1435,-8.00e-03,1.76e+01,
1436,-8.00e-03,1.76e+01,
1437,-1.60e-02,1.76e+01,
1438,-8.00e-03,1.76e+01,
1439,-8.00e-03,1.76e+01,
1440,-8.00e-03,1.76e+01,
1441,-1.60e-02,1.76e+01,
1442,-8.00e-03,1.76e+01,
1443,-8.00e-03,1.76e+01,
1444,-8.00e-03,1.76e+01,
1445,-1.60e-02,1.76e+01,
1446,-8.00e-03,1.76e+01,
1447,-8.00e-03,1.76e+01,
1448,-8.00e-03,1.68e+01,
1449,-1.60e-02,1.68e+01,
1450,-8.00e-03,1.76e+01,
1451,-8.00e-03,1.76e+01,
1452,-8.00e-03,1.68e+01,
1453,-1.60e-02,1.76e+01,
1454,-8.00e-03,1.76e+01,
1455,-8.00e-03,1.68e+01,
1456,-8.00e-03,1.68e+01,
1457,-8.00e-03,1.68e+01,
1458,-8.00e-03,1.76e+01,
1459,-8.00e-03,1.68e+01,
1460,-8.00e-03,1.68e+01,
1461,-1.60e-02,1.68e+01,
1462,-8.00e-03,1.68e+01,
1463,-8.00e-03,1.68e+01,
1464,-1.60e-02,1.68e+01,
1465,-1.60e-02,1.68e+01,
1466,-8.00e-03,1.68e+01,
1467,-8.00e-03,1.68e+01,
1468,-8.00e-03,1.68e+01,
1469,-1.60e-02,1.68e+01,
1470,-8.00e-03,1.68e+01,
1471,-8.00e-03,1.68e+01,
1472,-8.00e-03,1.68e+01,
1473,-1.60e-02,1.68e+01,
1474,-8.00e-03,1.68e+01,
1475,-8.00e-03,1.68e+01,
1476,-8.00e-03,1.68e+01,
1477,-1.60e-02,1.68e+01,
1478,-8.00e-03,1.68e+01,
1479,-8.00e-03,1.68e+01,
1480,-8.00e-03,1.68e+01,
1481,-1.60e-02,1.68e+01,
1482,-8.00e-03,1.68e+01,
1483,-8.00e-03,1.68e+01,
1484,-8.00e-03,1.68e+01,
1485,-1.60e-02,1.68e+01,
1486,-8.00e-03,1.68e+01,
1487,-8.00e-03,1.68e+01,
1488,-8.00e-03,1.68e+01,
1489,-1.60e-02,1.68e+01,
1490,-8.00e-03,1.68e+01,
1491,-8.00e-03,1.68e+01,
1492,-1.60e-02,1.68e+01,
1493,-1.60e-02,1.68e+01,
1494,-8.00e-03,1.68e+01,
1495,-8.00e-03,1.68e+01,
1496,-8.00e-03,1.60e+01,
1497,-8.00e-03,1.68e+01,
1498,-8.00e-03,1.68e+01,
1499,-8.00e-03,1.68e+01,
1500,-8.00e-03,1.68e+01,
1501,-1.60e-02,1.68e+01,
1502,-8.00e-03,1.68e+01,
1503,-8.00e-03,1.68e+01,
1504,-8.00e-03,1.60e+01,
1505,-1.60e-02,1.60e+01,
1506,-8.00e-03,1.68e+01,
1507,-8.00e-03,1.68e+01,
1508,-8.00e-03,1.60e+01,
1509,-1.60e-02,1.68e+01,
1510,-8.00e-03,1.68e+01,
1511,-8.00e-03,1.60e+01,
1512,-1.60e-02,1.60e+01,
1513,-1.60e-02,1.60e+01,
1514,-1.60e-02,1.68e+01,
1515,-8.00e-03,1.60e+01,
1516,-8.00e-03,1.60e+01,
1517,-1.60e-02,1.60e+01,
1518,-8.00e-03,1.68e+01,
1519,-8.00e-03,1.60e+01,
1520,-8.00e-03,1.60e+01,
1521,-8.00e-03,1.60e+01,
1522,-8.00e-03,1.68e+01,
1523,-8.00e-03,1.60e+01,
1524,-8.00e-03,1.60e+01,
1525,-8.00e-03,1.60e+01,
1526,-8.00e-03,1.60e+01,
1527,-8.00e-03,1.60e+01,
1528,-8.00e-03,1.60e+01,
1529,-1.60e-02,1.60e+01,
1530,-8.00e-03,1.60e+01,
1531,-8.00e-03,1.60e+01,
1532,-8.00e-03,1.60e+01,
1533,-1.60e-02,1.60e+01,
1534,-8.00e-03,1.60e+01,
1535,-8.00e-03,1.60e+01,
1536,-8.00e-03,1.60e+01,
1537,-1.60e-02,1.60e+01,
1538,-8.00e-03,1.60e+01,
1539,-8.00e-03,1.60e+01,
1540,-1.60e-02,1.60e+01,
1541,-8.00e-03,1.60e+01,
1542,-8.00e-03,1.60e+01,
1543,-8.00e-03,1.60e+01,
1544,-8.00e-03,1.60e+01,
1545,-8.00e-03,1.60e+01,
1546,-8.00e-03,1.60e+01,
1547,-8.00e-03,1.60e+01,
1548,-8.00e-03,1.60e+01,
1549,-1.60e-02,1.60e+01,
1550,-8.00e-03,1.60e+01,
1551,-8.00e-03,1.60e+01,
1552,-8.00e-03,1.60e+01,
1553,-1.60e-02,1.60e+01,
1554,-8.00e-03,1.60e+01,
1555,-8.00e-03,1.60e+01,
1556,-8.00e-03,1.60e+01,
1557,-1.60e-02,1.60e+01,
1558,-8.00e-03,1.60e+01,
1559,-8.00e-03,1.60e+01,
1560,-8.00e-03,1.60e+01,
1561,-8.00e-03,1.60e+01,
1562,-8.00e-03,1.60e+01,
1563,-8.00e-03,1.60e+01,
1564,-1.60e-02,1.60e+01,
1565,-1.60e-02,1.60e+01,
1566,-8.00e-03,1.60e+01,
1567,-8.00e-03,1.60e+01,
1568,-8.00e-03,1.60e+01,
1569,-8.00e-03,1.52e+01,
1570,-8.00e-03,1.68e+01,
1571,-8.00e-03,1.60e+01,
1572,-8.00e-03,1.60e+01,
1573,-1.60e-02,1.60e+01,
1574,-8.00e-03,1.60e+01,
1575,-8.00e-03,1.60e+01,
1576,-8.00e-03,1.60e+01,
1577,-1.60e-02,1.60e+01,
1578,-8.00e-03,1.60e+01,
1579,-8.00e-03,1.60e+01,
1580,-8.00e-03,1.60e+01,
1581,-1.60e-02,1.60e+01,
1582,-8.00e-03,1.60e+01,
1583,-8.00e-03,1.60e+01,
1584,-8.00e-03,1.60e+01,
1585,-1.60e-02,1.60e+01,
1586,-8.00e-03,1.60e+01,
1587,-8.00e-03,1.60e+01,
1588,-8.00e-03,1.60e+01,
1589,-1.60e-02,1.60e+01,
1590,-8.00e-03,1.60e+01,
1591,-8.00e-03,1.60e+01,
1592,-8.00e-03,1.60e+01,
1593,-1.60e-02,1.60e+01,
1594,-8.00e-03,1.60e+01,
1595,-8.00e-03,1.60e+01,
1596,-8.00e-03,1.60e+01,
1597,-1.60e-02,1.60e+01,
1598,-8.00e-03,1.60e+01,
1599,-8.00e-03,1.60e+01,
1600,-1.60e-02,1.60e+01,
1601,-1.60e-02,1.60e+01,
1602,-8.00e-03,1.60e+01,
1603,-8.00e-03,1.60e+01,
1604,-8.00e-03,1.60e+01,
1605,-1.60e-02,1.60e+01,
1606,-8.00e-03,1.60e+01,
1607,-8.00e-03,1.60e+01,
1608,-8.00e-03,1.60e+01,
1609,-1.60e-02,1.60e+01,
1610,-8.00e-03,1.60e+01,
1611,-8.00e-03,1.60e+01,
1612,-8.00e-03,1.60e+01,
1613,-1.60e-02,1.60e+01,
1614,-8.00e-03,1.60e+01,
1615,-8.00e-03,1.60e+01,
1616,-8.00e-03,1.60e+01,
1617,-8.00e-03,1.60e+01,
1618,-8.00e-03,1.60e+01,
1619,-8.00e-03,1.60e+01,
1620,-8.00e-03,1.60e+01,
1621,-8.00e-03,1.60e+01,
1622,-8.00e-03,1.60e+01,
1623,-1.60e-02,1.60e+01,
1624,-8.00e-03,1.60e+01,
1625,-1.60e-02,1.60e+01,
1626,-8.00e-03,1.60e+01,
1627,-8.00e-03,1.60e+01,
1628,-8.00e-03,1.60e+01,
1629,-1.60e-02,1.60e+01,
1630,-8.00e-03,1.60e+01,
1631,-8.00e-03,1.60e+01,
1632,-1.60e-02,1.60e+01,
1633,-8.00e-03,1.60e+01,
1634,1.60e-02,1.60e+01,
1635,2.40e-02,1.60e+01,
1636,2.40e-02,1.60e+01,
1637,2.40e-02,1.60e+01,
1638,4.80e-02,1.60e+01,
1639,4.80e-02,1.60e+01,
1640,3.20e-02,1.60e+01,
1641,3.20e-02,1.60e+01,
1642,2.40e-02,1.68e+01,
1643,2.40e-02,1.60e+01,
1644,2.40e-02,1.60e+01,
1645,2.40e-02,1.60e+01,
1646,2.40e-02,1.60e+01,
1647,2.40e-02,1.60e+01,
1648,2.40e-02,1.60e+01,
1649,2.40e-02,1.60e+01,
1650,3.20e-02,1.68e+01,
1651,3.20e-02,1.60e+01,
1652,3.20e-02,1.60e+01,
1653,3.20e-02,1.60e+01,
1654,3.20e-02,1.68e+01,
1655,3.20e-02,1.68e+01,
1656,4.00e-02,1.60e+01,
1657,3.20e-02,1.68e+01,
1658,3.20e-02,1.68e+01,
1659,1.60e-02,1.68e+01,
1660,0.00e+00,1.60e+01,
1661,0.00e+00,1.60e+01,
1662,1.60e-02,1.68e+01,
1663,4.00e-02,1.60e+01,
1664,1.04e-01,1.52e+01,
1665,1.68e-01,1.28e+01,
1666,1.84e-01,1.04e+01,
1667,1.76e-01,8.80e+00,
1668,1.68e-01,7.20e+00,
1669,1.36e-01,6.40e+00,
1670,1.12e-01,5.60e+00,
1671,7.20e-02,4.80e+00,
1672,3.20e-02,4.80e+00,
1673,0.00e+00,4.00e+00,
1674,-1.60e-02,4.00e+00,
1675,-2.40e-02,3.20e+00,
1676,-1.60e-02,3.20e+00,
1677,0.00e+00,3.20e+00,
1678,3.20e-02,3.20e+00,
1679,4.80e-02,3.20e+00,
1680,7.20e-02,1.60e+00,
1681,8.00e-02,1.60e+00,
1682,8.80e-02,1.60e+00,
1683,8.80e-02,8.00e-01,
1684,7.20e-02,8.00e-01,
1685,5.60e-02,8.00e-01,
1686,4.00e-02,8.00e-01,
1687,1.60e-02,-1.06e-04,
1688,-8.00e-03,-8.00e-01,
1689,-2.40e-02,-8.00e-01,
1690,-2.40e-02,-1.06e-04,
1691,-1.60e-02,-8.00e-01,
1692,-1.60e-02,-8.00e-01,
1693,0.00e+00,-8.00e-01,
1694,2.40e-02,-1.06e-04,
1695,4.00e-02,-8.00e-01,
1696,4.80e-02,-8.00e-01,
1697,4.80e-02,-1.06e-04,
1698,4.80e-02,-1.06e-04,
1699,4.00e-02,-8.00e-01,
1700,3.20e-02,-8.00e-01,
1701,0.00e+00,-8.00e-01,
1702,-8.00e-03,-1.06e-04,
1703,-2.40e-02,-8.00e-01,
1704,-3.20e-02,-8.00e-01,
1705,-3.20e-02,-8.00e-01,
1706,-2.40e-02,-8.00e-01,
1707,-1.60e-02,-8.00e-01,
1708,0.00e+00,-8.00e-01,
1709,2.40e-02,-8.00e-01,
1710,4.00e-02,-1.06e-04,
1711,4.00e-02,-8.00e-01,
1712,4.00e-02,-8.00e-01,
1713,4.00e-02,-8.00e-01,
1714,3.20e-02,-1.06e-04,
1715,2.40e-02,-8.00e-01,
1716,0.00e+00,-8.00e-01,
1717,-1.60e-02,-8.00e-01,
1718,-2.40e-02,-8.00e-01,
1719,-2.40e-02,-8.00e-01,
1720,-2.40e-02,-8.00e-01,
1721,-1.60e-02,-8.00e-01,
1722,-8.00e-03,-1.06e-04,
1723,1.60e-02,-8.00e-01,
1724,2.40e-02,-8.00e-01,
1725,3.20e-02,-8.00e-01,
1726,4.00e-02,-1.06e-04,
1727,4.00e-02,-8.00e-01,
1728,3.20e-02,-8.00e-01,
1729,2.40e-02,-8.00e-01,
1730,1.60e-02,-1.06e-04,
1731,0.00e+00,-8.00e-01,
1732,-8.00e-03,-8.00e-01,
1733,-1.60e-02,-8.00e-01,
1734,-1.60e-02,-1.06e-04,
1735,-1.60e-02,-8.00e-01,
1736,-8.00e-03,-8.00e-01,
1737,0.00e+00,-8.00e-01,
1738,1.60e-02,-1.06e-04,
1739,2.40e-02,-8.00e-01,
1740,3.20e-02,-8.00e-01,
1741,3.20e-02,-8.00e-01,
1742,3.20e-02,-1.06e-04,
1743,3.20e-02,-8.00e-01,
1744,2.40e-02,-8.00e-01,
1745,0.00e+00,-8.00e-01,
1746,0.00e+00,-8.00e-01,
1747,-8.00e-03,-8.00e-01,
1748,-1.60e-02,-8.00e-01,
1749,-1.60e-02,-8.00e-01,
1750,-8.00e-03,-1.06e-04,
1751,0.00e+00,-8.00e-01,
1752,0.00e+00,-8.00e-01,
1753,1.60e-02,-8.00e-01,
1754,2.40e-02,-1.06e-04,
1755,3.20e-02,-8.00e-01,
1756,3.20e-02,-8.00e-01,
1757,2.40e-02,-8.00e-01,
1758,2.40e-02,-1.06e-04,
1759,2.40e-02,-8.00e-01,
1760,0.00e+00,-8.00e-01,
1761,0.00e+00,-8.00e-01,
1762,-8.00e-03,-1.06e-04,
1763,-8.00e-03,-8.00e-01,
1764,-8.00e-03,-8.00e-01,
1765,-8.00e-03,-8.00e-01,
1766,0.00e+00,-1.06e-04,
1767,1.60e-02,-8.00e-01,
1768,2.40e-02,-1.06e-04,
1769,2.40e-02,-8.00e-01,
1770,2.40e-02,-1.06e-04,
1771,3.20e-02,-8.00e-01,
1772,2.40e-02,-8.00e-01,
1773,1.60e-02,-1.06e-04,
1774,1.60e-02,-8.00e-01,
1775,0.00e+00,-8.00e-01,
1776,0.00e+00,-8.00e-01,
1777,-8.00e-03,-8.00e-01,
1778,-8.00e-03,-1.06e-04,
1779,0.00e+00,-8.00e-01,
1780,0.00e+00,-8.00e-01,
1781,0.00e+00,-8.00e-01,
1782,1.60e-02,-1.06e-04,
1783,2.40e-02,-8.00e-01,
1784,2.40e-02,-8.00e-01,
1785,2.40e-02,-8.00e-01,
1786,2.40e-02,-1.06e-04,
1787,2.40e-02,-1.06e-04,
1788,1.60e-02,-8.00e-01,
1789,1.60e-02,-8.00e-01,
1790,1.60e-02,-1.06e-04,
1791,0.00e+00,-8.00e-01,
1792,0.00e+00,-8.00e-01,
1793,0.00e+00,-8.00e-01,
1794,0.00e+00,-1.06e-04,
1795,0.00e+00,-8.00e-01,
1796,1.60e-02,-8.00e-01,
1797,1.60e-02,-8.00e-01,
1798,2.40e-02,-1.06e-04,
1799,2.40e-02,-8.00e-01,
1800,2.40e-02,-8.00e-01,
1801,2.40e-02,-8.00e-01,
1802,2.40e-02,-1.06e-04,
1803,2.40e-02,-8.00e-01,
1804,1.60e-02,-8.00e-01,
1805,1.60e-02,-8.00e-01,
1806,0.00e+00,-1.06e-04,
1807,0.00e+00,-8.00e-01,
1808,0.00e+00,-8.00e-01,
1809,0.00e+00,-8.00e-01,
1810,1.60e-02,-1.06e-04,
1811,1.60e-02,-8.00e-01,
1812,1.60e-02,-8.00e-01,
1813,1.60e-02,-8.00e-01,
1814,2.40e-02,-1.06e-04,
1815,2.40e-02,-8.00e-01,
1816,2.40e-02,-8.00e-01,
1817,1.60e-02,-8.00e-01,
1818,2.40e-02,-1.06e-04,
1819,1.60e-02,-8.00e-01,
1820,1.60e-02,-8.00e-01,
1821,0.00e+00,-8.00e-01,
1822,0.00e+00,-1.06e-04,
1823,1.60e-02,-8.00e-01,
1824,1.60e-02,-8.00e-01,
1825,1.60e-02,-8.00e-01,
1826,1.60e-02,-1.06e-04,
1827,2.40e-02,-8.00e-01,
1828,2.40e-02,-8.00e-01,
1829,2.40e-02,-8.00e-01,
1830,2.40e-02,-1.06e-04,
1831,2.40e-02,-8.00e-01,
1832,1.60e-02,-8.00e-01,
1833,1.60e-02,-8.00e-01,
1834,1.60e-02,-1.06e-04,
1835,1.60e-02,-8.00e-01,
1836,1.60e-02,-8.00e-01,
1837,1.60e-02,-8.00e-01,
1838,1.60e-02,-1.06e-04,
1839,1.60e-02,-8.00e-01,
1840,1.60e-02,-8.00e-01,
1841,1.60e-02,-8.00e-01,
1842,2.40e-02,-1.06e-04,
1843,2.40e-02,-8.00e-01,
1844,2.40e-02,-8.00e-01,
1845,2.40e-02,-8.00e-01,
1846,2.40e-02,-1.06e-04,
1847,2.40e-02,-8.00e-01,
1848,1.60e-02,-8.00e-01,
1849,1.60e-02,-8.00e-01,
1850,1.60e-02,-1.06e-04,
1851,1.60e-02,-8.00e-01,
1852,1.60e-02,-8.00e-01,
1853,1.60e-02,-8.00e-01,
1854,1.60e-02,-1.06e-04,
1855,1.60e-02,-8.00e-01,
1856,1.60e-02,-8.00e-01,
1857,2.40e-02,-8.00e-01,
1858,2.40e-02,-1.06e-04,
1859,2.40e-02,-8.00e-01,
1860,2.40e-02,-8.00e-01,
1861,2.40e-02,-8.00e-01,
1862,2.40e-02,-1.06e-04,
1863,2.40e-02,-8.00e-01,
1864,1.60e-02,-8.00e-01,
1865,1.60e-02,-8.00e-01,
1866,1.60e-02,-1.06e-04,
1867,1.60e-02,-8.00e-01,
1868,1.60e-02,-8.00e-01,
1869,1.60e-02,-8.00e-01,
1870,2.40e-02,-1.06e-04,
1871,2.40e-02,-8.00e-01,
1872,2.40e-02,-8.00e-01,
1873,2.40e-02,-8.00e-01,
1874,2.40e-02,-1.06e-04,
1875,2.40e-02,-8.00e-01,
1876,2.40e-02,-8.00e-01,
1877,2.40e-02,-8.00e-01,
1878,2.40e-02,-1.06e-04,
1879,2.40e-02,-8.00e-01,
1880,1.60e-02,-8.00e-01,
1881,1.60e-02,-8.00e-01,
1882,1.60e-02,-1.06e-04,
1883,2.40e-02,-8.00e-01,
1884,2.40e-02,-8.00e-01,
1885,2.40e-02,-8.00e-01,
1886,2.40e-02,-1.06e-04,
1887,2.40e-02,-1.06e-04,
1888,2.40e-02,-8.00e-01,
1889,2.40e-02,-8.00e-01,
1890,2.40e-02,-1.06e-04,
1891,2.40e-02,-8.00e-01,
1892,2.40e-02,-8.00e-01,
1893,2.40e-02,-8.00e-01,
1894,2.40e-02,-1.06e-04,
1895,2.40e-02,-8.00e-01,
1896,1.60e-02,-8.00e-01,
1897,1.60e-02,-8.00e-01,
1898,2.40e-02,-1.06e-04,
1899,2.40e-02,-8.00e-01,
1900,2.40e-02,-8.00e-01,
1901,2.40e-02,-8.00e-01,
1902,2.40e-02,-1.06e-04,
1903,2.40e-02,-8.00e-01,
1904,2.40e-02,-8.00e-01,
1905,2.40e-02,-8.00e-01,
1906,2.40e-02,-8.00e-01,
1907,2.40e-02,-8.00e-01,
1908,2.40e-02,-8.00e-01,
1909,2.40e-02,-8.00e-01,
1910,2.40e-02,-1.06e-04,
1911,2.40e-02,-8.00e-01,
1912,2.40e-02,-8.00e-01,
1913,2.40e-02,-8.00e-01,
1914,2.40e-02,-1.06e-04,
1915,2.40e-02,-8.00e-01,
1916,2.40e-02,-8.00e-01,
1917,2.40e-02,-8.00e-01,
1918,3.20e-02,-1.06e-04,
1919,2.40e-02,-8.00e-01,
1920,2.40e-02,-8.00e-01,
1921,2.40e-02,-8.00e-01,
1922,2.40e-02,-1.06e-04,
1923,2.40e-02,-8.00e-01,
1924,2.40e-02,-8.00e-01,
1925,2.40e-02,-8.00e-01,
1926,2.40e-02,-1.06e-04,
1927,2.40e-02,-8.00e-01,
1928,2.40e-02,-8.00e-01,
1929,2.40e-02,-8.00e-01,
1930,2.40e-02,-1.06e-04,
1931,3.20e-02,-8.00e-01,
1932,2.40e-02,-8.00e-01,
1933,2.40e-02,-8.00e-01,
1934,3.20e-02,-1.06e-04,
1935,2.40e-02,-8.00e-01,
1936,2.40e-02,-8.00e-01,
1937,2.40e-02,-1.06e-04,
1938,2.40e-02,-1.06e-04,
1939,2.40e-02,-8.00e-01,
1940,2.40e-02,-8.00e-01,
1941,2.40e-02,-8.00e-01,
1942,2.40e-02,-1.06e-04,
1943,2.40e-02,-8.00e-01,
1944,2.40e-02,-8.00e-01,
1945,2.40e-02,-8.00e-01,
1946,2.40e-02,-1.06e-04,
1947,2.40e-02,-1.06e-04,
1948,3.20e-02,-8.00e-01,
1949,2.40e-02,-8.00e-01,
1950,3.20e-02,-1.06e-04,
1951,2.40e-02,-8.00e-01,
1952,2.40e-02,-8.00e-01,
1953,2.40e-02,-8.00e-01,
1954,2.40e-02,-1.06e-04,
1955,3.20e-02,-8.00e-01,
1956,2.40e-02,-8.00e-01,
1957,2.40e-02,-8.00e-01,
1958,2.40e-02,-1.06e-04,
1959,3.20e-02,-8.00e-01,
1960,3.20e-02,-8.00e-01,
1961,2.40e-02,-8.00e-01,
1962,3.20e-02,-1.06e-04,
1963,3.20e-02,-8.00e-01,
1964,3.20e-02,-8.00e-01,
1965,2.40e-02,-8.00e-01,
1966,3.20e-02,-1.06e-04,
1967,3.20e-02,-8.00e-01,
1968,2.40e-02,-1.06e-04,
1969,2.40e-02,-1.60e+00,
1970,2.40e-02,-1.06e-04,
1971,3.20e-02,-8.00e-01,
1972,3.20e-02,-8.00e-01,
1973,2.40e-02,-1.06e-04,
1974,3.20e-02,-8.00e-01,
1975,3.20e-02,-1.06e-04,
1976,3.20e-02,-8.00e-01,
1977,2.40e-02,-8.00e-01,
1978,3.20e-02,-1.06e-04,
1979,3.20e-02,-8.00e-01,
1980,3.20e-02,-8.00e-01,
1981,3.20e-02,-8.00e-01,
1982,3.20e-02,-1.06e-04,
1983,3.20e-02,-8.00e-01,
1984,3.20e-02,-8.00e-01,
1985,2.40e-02,-8.00e-01,
1986,3.20e-02,-1.06e-04,
1987,3.20e-02,-1.06e-04,
1988,3.20e-02,-8.00e-01,
1989,3.20e-02,-8.00e-01,
1990,3.20e-02,-1.06e-04,
1991,3.20e-02,-8.00e-01,
1992,3.20e-02,-8.00e-01,
1993,3.20e-02,-8.00e-01,
1994,3.20e-02,-1.06e-04,
1995,3.20e-02,-8.00e-01,
1996,3.20e-02,-8.00e-01,
1997,3.20e-02,-1.06e-04,
1998,3.20e-02,-1.06e-04,
1999,3.20e-02,-8.00e-01,
2000,3.20e-02,-8.00e-01,
2001,3.20e-02,-8.00e-01,
2002,3.20e-02,-1.06e-04,
2003,3.20e-02,-8.00e-01,
2004,3.20e-02,-8.00e-01,
2005,3.20e-02,-8.00e-01,
2006,3.20e-02,-1.06e-04,
2007,3.20e-02,-8.00e-01,
2008,3.20e-02,-8.00e-01,
2009,3.20e-02,-8.00e-01,
2010,3.20e-02,-1.06e-04,
2011,3.20e-02,-8.00e-01,
2012,3.20e-02,-8.00e-01,
2013,3.20e-02,-8.00e-01,
2014,3.20e-02,-1.06e-04,
2015,3.20e-02,-8.00e-01,
2016,3.20e-02,-8.00e-01,
2017,3.20e-02,-8.00e-01,
2018,3.20e-02,-1.06e-04,
2019,3.20e-02,-8.00e-01,
2020,3.20e-02,-8.00e-01,
2021,3.20e-02,-8.00e-01,
2022,3.20e-02,-1.06e-04,
2023,3.20e-02,-8.00e-01,
2024,3.20e-02,-8.00e-01,
2025,3.20e-02,-8.00e-01,
2026,3.20e-02,-1.06e-04,
2027,3.20e-02,-1.06e-04,
2028,3.20e-02,-8.00e-01,
2029,3.20e-02,-8.00e-01,
2030,3.20e-02,-1.06e-04,
2031,3.20e-02,-8.00e-01,
2032,3.20e-02,-8.00e-01,
2033,3.20e-02,-8.00e-01,
2034,3.20e-02,-1.06e-04,
2035,4.00e-02,-8.00e-01,
2036,3.20e-02,-8.00e-01,
2037,3.20e-02,-8.00e-01,
2038,3.20e-02,-1.06e-04,
2039,3.20e-02,-8.00e-01,
2040,3.20e-02,-8.00e-01,
2041,3.20e-02,-8.00e-01,
2042,3.20e-02,-1.06e-04,
2043,3.20e-02,-8.00e-01,
2044,3.20e-02,-8.00e-01,
2045,3.20e-02,-8.00e-01,
2046,3.20e-02,-1.06e-04,
2047,4.00e-02,-8.00e-01,
2048,4.00e-02,-8.00e-01,
2049,3.20e-02,-8.00e-01,
2050,4.00e-02,-1.06e-04,
2051,4.00e-02,-8.00e-01,
2052,3.20e-02,-8.00e-01,
2053,3.20e-02,-8.00e-01,
2054,4.00e-02,-1.06e-04,
2055,4.00e-02,-8.00e-01,
2056,4.00e-02,-8.00e-01,
2057,3.20e-02,-1.06e-04,
2058,4.00e-02,-1.06e-04,
2059,4.00e-02,-8.00e-01,
2060,4.00e-02,-8.00e-01,
2061,3.20e-02,-8.00e-01,
2062,4.00e-02,-1.06e-04,
2063,4.00e-02,-8.00e-01,
2064,4.00e-02,-8.00e-01,
2065,3.20e-02,-8.00e-01,
2066,4.00e-02,-1.06e-04,
2067,4.00e-02,-1.06e-04,
2068,4.00e-02,-8.00e-01,
2069,3.20e-02,-1.06e-04,
2070,4.00e-02,-1.06e-04,
2071,4.00e-02,-8.00e-01,
2072,4.00e-02,-8.00e-01,
2073,4.00e-02,-8.00e-01,
2074,4.00e-02,-1.06e-04,
2075,4.00e-02,-8.00e-01,
2076,4.00e-02,-8.00e-01,
2077,4.00e-02,-8.00e-01,
2078,4.00e-02,-1.06e-04,
2079,4.00e-02,-8.00e-01,
2080,4.00e-02,-8.00e-01,
2081,4.00e-02,-8.00e-01,
2082,4.00e-02,-1.06e-04,
2083,4.00e-02,-8.00e-01,
2084,4.00e-02,-8.00e-01,
2085,4.00e-02,-8.00e-01,
2086,4.00e-02,-1.06e-04,
2087,4.00e-02,-1.06e-04,
2088,4.00e-02,-8.00e-01,
2089,4.00e-02,-8.00e-01,
2090,4.00e-02,-1.06e-04,
2091,4.00e-02,-8.00e-01,
2092,4.00e-02,-8.00e-01,
2093,4.00e-02,-8.00e-01,
2094,4.00e-02,-1.06e-04,
2095,4.00e-02,-8.00e-01,
2096,4.00e-02,-8.00e-01,
2097,4.00e-02,-8.00e-01,
2098,4.00e-02,-1.06e-04,
2099,4.00e-02,-8.00e-01,
2100,4.00e-02,-8.00e-01,
2101,4.00e-02,-8.00e-01,
2102,4.00e-02,-1.06e-04,
2103,4.00e-02,-8.00e-01,
2104,4.00e-02,-8.00e-01,
2105,4.00e-02,-8.00e-01,
2106,4.00e-02,-1.06e-04,
2107,4.00e-02,-1.06e-04,
2108,4.00e-02,-8.00e-01,
2109,4.00e-02,-1.06e-04,
2110,4.00e-02,-1.06e-04,
2111,4.00e-02,-8.00e-01,
2112,4.00e-02,-8.00e-01,
2113,4.00e-02,-8.00e-01,
2114,4.00e-02,-1.06e-04,
2115,4.00e-02,-8.00e-01,
2116,4.00e-02,-8.00e-01,
2117,4.00e-02,-8.00e-01,
2118,4.00e-02,-1.06e-04,
2119,4.00e-02,-8.00e-01,
2120,4.00e-02,-8.00e-01,
2121,4.00e-02,-8.00e-01,
2122,4.00e-02,-1.06e-04,
2123,4.00e-02,-8.00e-01,
2124,4.00e-02,-8.00e-01,
2125,4.00e-02,-8.00e-01,
2126,4.80e-02,-1.06e-04,
2127,4.00e-02,-1.06e-04,
2128,4.00e-02,-8.00e-01,
2129,4.00e-02,-8.00e-01,
2130,4.00e-02,-1.06e-04,
2131,4.00e-02,-8.00e-01,
2132,4.00e-02,-8.00e-01,
2133,4.00e-02,-8.00e-01,
2134,4.00e-02,-1.06e-04,
2135,4.00e-02,-8.00e-01,
2136,4.00e-02,-8.00e-01,
2137,4.00e-02,-8.00e-01,
2138,4.00e-02,-1.06e-04,
2139,4.80e-02,-8.00e-01,
2140,4.80e-02,-8.00e-01,
2141,4.00e-02,-8.00e-01,
2142,4.80e-02,-1.06e-04,
2143,4.00e-02,-8.00e-01,
2144,4.00e-02,-8.00e-01,
2145,4.00e-02,-8.00e-01,
2146,4.80e-02,-1.06e-04,
2147,4.80e-02,-1.06e-04,
2148,4.00e-02,-8.00e-01,
2149,4.00e-02,-8.00e-01,
2150,4.80e-02,-1.06e-04,
2151,4.80e-02,-8.00e-01,
2152,4.80e-02,-8.00e-01,
2153,4.00e-02,-8.00e-01,
2154,4.80e-02,-1.06e-04,
2155,4.80e-02,-8.00e-01,
2156,4.00e-02,-8.00e-01,
2157,4.00e-02,-8.00e-01,
2158,4.80e-02,-1.06e-04,
2159,4.80e-02,-8.00e-01,
2160,4.80e-02,-8.00e-01,
2161,4.80e-02,-8.00e-01,
2162,4.80e-02,-1.06e-04,
2163,4.80e-02,-8.00e-01,
2164,4.80e-02,-8.00e-01,
2165,4.80e-02,-8.00e-01,
2166,4.80e-02,-1.06e-04,
2167,4.80e-02,-8.00e-01,
2168,4.80e-02,-1.06e-04,
2169,4.80e-02,-8.00e-01,
2170,4.80e-02,-1.06e-04,
2171,4.80e-02,-8.00e-01,
2172,4.80e-02,-8.00e-01,
2173,4.80e-02,-1.06e-04,
2174,4.80e-02,-8.00e-01,
2175,4.80e-02,-1.06e-04,
2176,4.80e-02,-8.00e-01,
2177,4.80e-02,-8.00e-01,
2178,4.80e-02,-1.06e-04,
2179,4.80e-02,-8.00e-01,
2180,4.80e-02,-8.00e-01,
2181,4.80e-02,-8.00e-01,
2182,4.80e-02,-1.06e-04,
2183,4.80e-02,-8.00e-01,
2184,4.80e-02,-8.00e-01,
2185,4.80e-02,-1.06e-04,
2186,4.80e-02,-8.00e-01,
2187,4.80e-02,-1.06e-04,
2188,4.80e-02,-8.00e-01,
2189,4.80e-02,-8.00e-01,
2190,4.80e-02,-1.06e-04,
2191,4.80e-02,-8.00e-01,
2192,4.80e-02,-8.00e-01,
2193,4.80e-02,-8.00e-01,
2194,4.80e-02,-1.06e-04,
2195,4.80e-02,-8.00e-01,
2196,4.80e-02,-8.00e-01,
2197,4.80e-02,-8.00e-01,
2198,4.80e-02,-1.06e-04,
2199,4.80e-02,-8.00e-01,
2200,4.80e-02,-8.00e-01,
2201,4.80e-02,-8.00e-01,
2202,4.80e-02,-1.06e-04,
2203,4.80e-02,-8.00e-01,
2204,4.80e-02,-8.00e-01,
2205,4.80e-02,-8.00e-01,
2206,5.60e-02,-1.06e-04,
2207,4.80e-02,-1.06e-04,
2208,4.80e-02,-8.00e-01,
2209,4.80e-02,-8.00e-01,
2210,4.80e-02,-1.06e-04,
2211,4.80e-02,-8.00e-01,
2212,4.80e-02,-8.00e-01,
2213,4.80e-02,-8.00e-01,
2214,4.80e-02,-1.06e-04,
2215,4.80e-02,-8.00e-01,
2216,4.80e-02,-8.00e-01,
2217,4.80e-02,-8.00e-01,
2218,4.80e-02,-1.06e-04,
2219,4.80e-02,-8.00e-01,
2220,4.80e-02,-8.00e-01,
2221,4.80e-02,-8.00e-01,
2222,4.80e-02,-1.06e-04,
2223,4.80e-02,-8.00e-01,
2224,4.80e-02,-8.00e-01,
2225,4.80e-02,-8.00e-01,
2226,5.60e-02,-1.06e-04,
2227,5.60e-02,-1.06e-04,
2228,5.60e-02,-8.00e-01,
2229,4.80e-02,-8.00e-01,
2230,4.80e-02,-1.06e-04,
2231,4.80e-02,-8.00e-01,
2232,4.80e-02,-8.00e-01,
2233,4.80e-02,-8.00e-01,
2234,4.80e-02,-1.06e-04,
2235,5.60e-02,-1.06e-04,
2236,5.60e-02,-8.00e-01,
2237,5.60e-02,-8.00e-01,
2238,4.80e-02,-1.06e-04,
2239,4.80e-02,-8.00e-01,
2240,5.60e-02,-8.00e-01,
2241,5.60e-02,-8.00e-01,
2242,5.60e-02,-1.06e-04,
2243,5.60e-02,-1.06e-04,
2244,5.60e-02,-8.00e-01,
2245,4.80e-02,-8.00e-01,
2246,5.60e-02,-1.06e-04,
2247,5.60e-02,-1.06e-04,
2248,5.60e-02,-8.00e-01,
2249,5.60e-02,-8.00e-01,
2250,5.60e-02,-1.06e-04,
2251,5.60e-02,-8.00e-01,
2252,5.60e-02,-8.00e-01,
2253,4.80e-02,-8.00e-01,
2254,5.60e-02,-1.06e-04,
2255,5.60e-02,-1.06e-04,
2256,5.60e-02,-8.00e-01,
2257,4.80e-02,-8.00e-01,
2258,5.60e-02,-1.06e-04,
2259,5.60e-02,-1.06e-04,
2260,5.60e-02,-8.00e-01,
2261,4.80e-02,-8.00e-01,
2262,5.60e-02,-1.06e-04,
2263,5.60e-02,-8.00e-01,
2264,5.60e-02,-8.00e-01,
2265,5.60e-02,-8.00e-01,
2266,5.60e-02,-1.06e-04,
2267,5.60e-02,-1.06e-04,
2268,5.60e-02,-8.00e-01,
2269,5.60e-02,-1.06e-04,
2270,5.60e-02,-1.06e-04,
2271,5.60e-02,-8.00e-01,
2272,5.60e-02,-8.00e-01,
2273,5.60e-02,-8.00e-01,
2274,5.60e-02,-1.06e-04,
2275,5.60e-02,-8.00e-01,
2276,5.60e-02,-8.00e-01,
2277,5.60e-02,-8.00e-01,
2278,5.60e-02,-1.06e-04,
2279,5.60e-02,-8.00e-01,
2280,5.60e-02,-8.00e-01,
2281,5.60e-02,-8.00e-01,
2282,5.60e-02,-1.06e-04,
2283,5.60e-02,-8.00e-01,
2284,5.60e-02,-8.00e-01,
2285,5.60e-02,-8.00e-01,
2286,5.60e-02,-1.06e-04,
2287,5.60e-02,-8.00e-01,
2288,5.60e-02,-8.00e-01,
2289,5.60e-02,-8.00e-01,
2290,5.60e-02,-1.06e-04,
2291,5.60e-02,-1.06e-04,
2292,5.60e-02,-8.00e-01,
2293,5.60e-02,-8.00e-01,
2294,5.60e-02,-1.06e-04,
2295,5.60e-02,-1.06e-04,
2296,5.60e-02,-8.00e-01,
2297,5.60e-02,-1.06e-04,
2298,5.60e-02,-1.06e-04,
2299,5.60e-02,-8.00e-01,
2300,5.60e-02,-8.00e-01,
2301,5.60e-02,-8.00e-01,
2302,5.60e-02,-1.06e-04,
2303,5.60e-02,-8.00e-01,
2304,5.60e-02,-8.00e-01,
2305,5.60e-02,-8.00e-01,
2306,5.60e-02,-1.06e-04,
2307,5.60e-02,-1.06e-04,
2308,5.60e-02,-8.00e-01,
2309,5.60e-02,-8.00e-01,
2310,5.60e-02,-1.06e-04,
2311,6.40e-02,-8.00e-01,
2312,5.60e-02,-8.00e-01,
2313,5.60e-02,-8.00e-01,
2314,6.40e-02,-1.06e-04,
2315,6.40e-02,-1.06e-04,
2316,6.40e-02,-8.00e-01,
2317,5.60e-02,-1.06e-04,
2318,5.60e-02,-1.06e-04,
2319,6.40e-02,-8.00e-01,
2320,5.60e-02,-8.00e-01,
2321,5.60e-02,-8.00e-01,
2322,6.40e-02,-1.06e-04,
2323,5.60e-02,-8.00e-01,
2324,6.40e-02,-8.00e-01,
2325,5.60e-02,-8.00e-01,
2326,5.60e-02,-1.06e-04,
2327,5.60e-02,-1.06e-04,
2328,6.40e-02,-8.00e-01,
2329,5.60e-02,-1.06e-04,
2330,6.40e-02,-1.06e-04,
2331,6.40e-02,-8.00e-01,
2332,6.40e-02,-8.00e-01,
2333,5.60e-02,-8.00e-01,
2334,6.40e-02,-1.06e-04,
2335,6.40e-02,-1.06e-04,
2336,6.40e-02,-8.00e-01,
2337,5.60e-02,-1.06e-04,
2338,6.40e-02,-1.06e-04,
2339,6.40e-02,-8.00e-01,
2340,6.40e-02,-8.00e-01,
2341,6.40e-02,-8.00e-01,
2342,6.40e-02,-1.06e-04,
2343,6.40e-02,-8.00e-01,
2344,6.40e-02,-8.00e-01,
2345,6.40e-02,-1.06e-04,
2346,6.40e-02,-1.06e-04,
2347,6.40e-02,-1.06e-04,
2348,6.40e-02,-8.00e-01,
2349,6.40e-02,-8.00e-01,
2350,6.40e-02,-1.06e-04,
2351,6.40e-02,-8.00e-01,
2352,6.40e-02,-8.00e-01,
2353,6.40e-02,-8.00e-01,
2354,6.40e-02,-1.06e-04,
2355,6.40e-02,-8.00e-01,
2356,6.40e-02,-8.00e-01,
2357,6.40e-02,-1.06e-04,
2358,6.40e-02,-1.06e-04,
2359,6.40e-02,-8.00e-01,
2360,6.40e-02,-8.00e-01,
2361,5.60e-02,-8.00e-01,
2362,6.40e-02,-1.06e-04,
2363,6.40e-02,-8.00e-01,
2364,6.40e-02,-8.00e-01,
2365,6.40e-02,-8.00e-01,
2366,6.40e-02,-1.06e-04,
2367,6.40e-02,-8.00e-01,
2368,6.40e-02,-1.06e-04,
2369,6.40e-02,-8.00e-01,
2370,6.40e-02,-1.06e-04,
2371,6.40e-02,-8.00e-01,
2372,6.40e-02,-8.00e-01,
2373,6.40e-02,-1.06e-04,
2374,6.40e-02,-1.06e-04,
2375,6.40e-02,-1.06e-04,
2376,6.40e-02,-8.00e-01,
2377,6.40e-02,-8.00e-01,
2378,6.40e-02,-1.06e-04,
2379,6.40e-02,-8.00e-01,
2380,6.40e-02,-8.00e-01,
2381,6.40e-02,-8.00e-01,
2382,6.40e-02,-1.06e-04,
2383,6.40e-02,-8.00e-01,
2384,6.40e-02,-8.00e-01,
2385,6.40e-02,-1.06e-04,
2386,6.40e-02,-1.06e-04,
2387,6.40e-02,-1.06e-04,
2388,6.40e-02,-8.00e-01,
2389,6.40e-02,-8.00e-01,
2390,6.40e-02,-1.06e-04,
2391,6.40e-02,-8.00e-01,
2392,6.40e-02,-8.00e-01,
2393,6.40e-02,-8.00e-01,
2394,6.40e-02,-1.06e-04,
2395,6.40e-02,-1.06e-04,
2396,6.40e-02,-8.00e-01,
2397,6.40e-02,-1.06e-04,
2398,7.20e-02,-1.06e-04,
2399,6.40e-02,-1.06e-04,
2400,6.40e-02,-8.00e-01,
2401,6.40e-02,-8.00e-01,
2402,7.20e-02,-1.06e-04,
2403,7.20e-02,-8.00e-01,
2404,6.40e-02,-8.00e-01,
2405,6.40e-02,-8.00e-01,
2406,6.40e-02,-1.06e-04,
2407,7.20e-02,-1.06e-04,
2408,6.40e-02,-8.00e-01,
2409,6.40e-02,-8.00e-01,
2410,6.40e-02,-1.06e-04,
2411,7.20e-02,-8.00e-01,
2412,6.40e-02,-8.00e-01,
2413,6.40e-02,-8.00e-01,
2414,7.20e-02,-1.06e-04,
2415,6.40e-02,-1.06e-04,
2416,7.20e-02,-8.00e-01,
2417,6.40e-02,-1.06e-04,
2418,7.20e-02,-1.06e-04,
2419,7.20e-02,-8.00e-01,
2420,6.40e-02,-8.00e-01,
2421,6.40e-02,-8.00e-01,
2422,7.20e-02,-1.06e-04,
2423,7.20e-02,-8.00e-01,
2424,7.20e-02,-8.00e-01,
2425,6.40e-02,-1.06e-04,
2426,7.20e-02,-1.06e-04,
2427,7.20e-02,-1.06e-04,
2428,7.20e-02,-8.00e-01,
2429,6.40e-02,-1.06e-04,
2430,7.20e-02,-1.06e-04,
2431,7.20e-02,-8.00e-01,
2432,7.20e-02,-8.00e-01,
2433,7.20e-02,-8.00e-01,
2434,7.20e-02,-1.06e-04,
2435,7.20e-02,-8.00e-01,
2436,7.20e-02,-8.00e-01,
2437,6.40e-02,-8.00e-01,
2438,7.20e-02,-1.06e-04,
2439,7.20e-02,-8.00e-01,
2440,7.20e-02,-8.00e-01,
2441,7.20e-02,-8.00e-01,
2442,7.20e-02,-1.06e-04,
2443,7.20e-02,-8.00e-01,
2444,7.20e-02,-8.00e-01,
2445,7.20e-02,-8.00e-01,
2446,7.20e-02,-1.06e-04,
2447,7.20e-02,-1.06e-04,
2448,7.20e-02,-8.00e-01,
2449,7.20e-02,-8.00e-01,
2450,7.20e-02,-1.06e-04,
2451,7.20e-02,-8.00e-01,
2452,7.20e-02,-8.00e-01,
2453,7.20e-02,-8.00e-01,
2454,7.20e-02,-1.06e-04,
2455,7.20e-02,-1.06e-04,
2456,7.20e-02,-8.00e-01,
2457,7.20e-02,-1.06e-04,
2458,7.20e-02,-1.06e-04,
2459,7.20e-02,-1.06e-04,
2460,7.20e-02,-8.00e-01,
2461,7.20e-02,-8.00e-01,
2462,7.20e-02,-1.06e-04,
2463,7.20e-02,-1.06e-04,
2464,7.20e-02,-8.00e-01,
2465,7.20e-02,-1.06e-04,
2466,7.20e-02,-1.06e-04,
2467,7.20e-02,-1.06e-04,
2468,7.20e-02,-8.00e-01,
2469,7.20e-02,-1.06e-04,
2470,7.20e-02,-1.06e-04,
2471,7.20e-02,-1.06e-04,
2472,7.20e-02,-8.00e-01,
2473,7.20e-02,-8.00e-01,
2474,7.20e-02,-1.06e-04,
2475,7.20e-02,-1.06e-04,
2476,7.20e-02,-8.00e-01,
2477,7.20e-02,-1.06e-04,
2478,7.20e-02,-1.06e-04,
2479,7.20e-02,-1.06e-04,
2480,7.20e-02,-8.00e-01,
2481,7.20e-02,-8.00e-01,
2482,7.20e-02,-1.06e-04,
2483,7.20e-02,-8.00e-01,
2484,7.20e-02,-8.00e-01,
2485,7.20e-02,-1.06e-04,
2486,7.20e-02,-1.06e-04,
2487,7.20e-02,-1.06e-04,
2488,8.00e-02,-8.00e-01,
2489,7.20e-02,-8.00e-01,
2490,7.20e-02,-1.06e-04,
2491,7.20e-02,-8.00e-01,
2492,7.20e-02,-8.00e-01,
2493,7.20e-02,-8.00e-01,
2494,7.20e-02,-1.06e-04,
2495,7.20e-02,-1.06e-04,
2496,7.20e-02,-8.00e-01,
2497,7.20e-02,-1.06e-04,
2498,7.20e-02,-1.06e-04,
2499,8.00e-02,-8.00e-01,
2500,8.00e-02,-8.00e-01,
2501,7.20e-02,-8.00e-01,
2502,7.20e-02,-1.06e-04,
2503,8.00e-02,-1.06e-04,
2504,8.00e-02,-8.00e-01,
2505,7.20e-02,-1.06e-04,
2506,8.00e-02,-1.06e-04,
2507,8.00e-02,-1.06e-04,
2508,7.20e-02,-8.00e-01,
2509,7.20e-02,-1.06e-04,
2510,7.20e-02,-1.06e-04,
2511,8.00e-02,-8.00e-01,
2512,8.00e-02,-8.00e-01,
2513,8.00e-02,-8.00e-01,
2514,8.00e-02,-1.06e-04,
2515,8.00e-02,-1.06e-04,
2516,8.00e-02,-8.00e-01,
2517,7.20e-02,-1.06e-04,
2518,8.00e-02,-1.06e-04,
2519,8.00e-02,-1.06e-04,
2520,8.00e-02,-8.00e-01,
2521,8.00e-02,-8.00e-01,
2522,8.00e-02,-1.06e-04,
2523,8.00e-02,-8.00e-01,
2524,8.00e-02,-8.00e-01,
2525,8.00e-02,-1.06e-04,
2526,8.00e-02,-1.06e-04,
2527,8.00e-02,-1.06e-04,
2528,8.00e-02,-8.00e-01,
2529,8.00e-02,-8.00e-01,
2530,8.00e-02,-1.06e-04,
2531,8.00e-02,-8.00e-01,
2532,8.00e-02,-8.00e-01,
2533,8.00e-02,-1.06e-04,
2534,8.00e-02,-1.06e-04,
2535,8.00e-02,-1.06e-04,
2536,8.00e-02,-8.00e-01,
2537,8.00e-02,-8.00e-01,
2538,8.00e-02,-1.06e-04,
2539,8.00e-02,-8.00e-01,
2540,8.00e-02,-8.00e-01,
2541,8.00e-02,-8.00e-01,
2542,8.00e-02,-1.06e-04,
2543,8.00e-02,-1.06e-04,
2544,8.00e-02,-8.00e-01,
2545,8.00e-02,-1.06e-04,
2546,8.00e-02,-1.06e-04,
2547,8.00e-02,-1.06e-04,
2548,8.00e-02,-8.00e-01,
2549,8.00e-02,-8.00e-01,
2550,8.00e-02,-1.06e-04,
2551,8.00e-02,-8.00e-01,
2552,8.00e-02,-8.00e-01,
2553,8.00e-02,-8.00e-01,
2554,8.00e-02,-1.06e-04,
2555,8.00e-02,-1.06e-04,
2556,8.00e-02,-8.00e-01,
2557,8.00e-02,-1.06e-04,
2558,8.00e-02,-1.06e-04,
2559,8.00e-02,-1.06e-04,
2560,8.00e-02,-1.06e-04,
2561,8.00e-02,-8.00e-01,
2562,8.00e-02,-1.06e-04,
2563,8.00e-02,-1.06e-04,
2564,8.00e-02,-8.00e-01,
2565,8.00e-02,-1.06e-04,
2566,8.00e-02,-1.06e-04,
2567,8.00e-02,-8.00e-01,
2568,8.00e-02,-1.06e-04,
2569,8.00e-02,-8.00e-01,
2570,8.00e-02,-1.06e-04,
2571,8.00e-02,-8.00e-01,
2572,8.00e-02,-8.00e-01,
2573,8.00e-02,-1.06e-04,
2574,8.00e-02,-1.06e-04,
2575,8.00e-02,-1.06e-04,
2576,8.00e-02,-8.00e-01,
2577,8.00e-02,-1.06e-04,
2578,8.00e-02,-1.06e-04,
2579,8.00e-02,-8.00e-01,
2580,8.00e-02,-8.00e-01,
2581,8.00e-02,-8.00e-01,
2582,8.00e-02,-1.06e-04,
2583,8.00e-02,-1.06e-04,
2584,8.00e-02,-8.00e-01,
2585,8.00e-02,-1.06e-04,
2586,8.00e-02,-1.06e-04,
2587,8.80e-02,-1.06e-04,
2588,8.80e-02,-8.00e-01,
2589,8.00e-02,-8.00e-01,
2590,8.00e-02,-1.06e-04,
2591,8.80e-02,-8.00e-01,
2592,8.00e-02,-8.00e-01,
2593,8.00e-02,-1.06e-04,
2594,8.80e-02,-1.06e-04,
2595,8.80e-02,-8.00e-01,
2596,8.00e-02,-8.00e-01,
2597,8.00e-02,-8.00e-01,
2598,8.80e-02,-1.06e-04,
2599,8.80e-02,-1.06e-04,
2600,8.80e-02,-8.00e-01,
2601,8.00e-02,-8.00e-01,
2602,8.80e-02,-1.06e-04,
2603,8.80e-02,-8.00e-01,
2604,8.80e-02,-8.00e-01,
2605,8.00e-02,-8.00e-01,
2606,8.80e-02,-1.06e-04,
2607,8.80e-02,-1.06e-04,
2608,8.80e-02,-8.00e-01,
2609,8.80e-02,-1.06e-04,
2610,8.80e-02,-1.06e-04,
2611,8.80e-02,-8.00e-01,
2612,8.80e-02,-8.00e-01,
2613,8.80e-02,-8.00e-01,
2614,8.80e-02,-1.06e-04,
2615,8.80e-02,-1.06e-04,
2616,8.80e-02,-8.00e-01,
2617,8.80e-02,-1.06e-04,
2618,8.80e-02,-1.06e-04,
2619,8.80e-02,-1.06e-04,
2620,8.80e-02,-8.00e-01,
2621,8.80e-02,-8.00e-01,
2622,8.80e-02,-1.06e-04,
2623,8.80e-02,-1.06e-04,
2624,8.80e-02,-8.00e-01,
2625,8.80e-02,-1.06e-04,
2626,8.80e-02,-1.06e-04,
2627,8.80e-02,-1.06e-04,
2628,8.80e-02,-8.00e-01,
2629,8.80e-02,-1.06e-04,
2630,8.80e-02,-1.06e-04,
2631,8.80e-02,-8.00e-01,
2632,8.80e-02,-8.00e-01,
2633,8.80e-02,-8.00e-01,
2634,8.80e-02,-1.06e-04,
2635,8.80e-02,-1.06e-04,
2636,8.80e-02,-8.00e-01,
2637,8.80e-02,-8.00e-01,
2638,8.80e-02,-1.06e-04,
2639,8.80e-02,-1.06e-04,
2640,8.80e-02,-8.00e-01,
2641,8.80e-02,-8.00e-01,
2642,8.80e-02,-1.06e-04,
2643,8.80e-02,-1.06e-04,
2644,8.80e-02,-8.00e-01,
2645,8.80e-02,-1.06e-04,
2646,8.80e-02,-1.06e-04,
2647,8.80e-02,-1.06e-04,
2648,8.80e-02,-8.00e-01,
2649,8.80e-02,-8.00e-01,
2650,8.80e-02,-1.06e-04,
2651,8.80e-02,-1.06e-04,
2652,8.80e-02,-8.00e-01,
2653,8.80e-02,-8.00e-01,
2654,8.80e-02,-1.06e-04,
2655,8.80e-02,-1.06e-04,
2656,8.80e-02,-8.00e-01,
2657,8.80e-02,-1.06e-04,
2658,8.80e-02,-1.06e-04,
2659,8.80e-02,-1.06e-04,
2660,8.80e-02,-8.00e-01,
2661,8.80e-02,-8.00e-01,
2662,9.60e-02,-1.06e-04,
2663,8.80e-02,-8.00e-01,
2664,8.80e-02,-8.00e-01,
2665,8.80e-02,-1.06e-04,
2666,8.80e-02,-1.06e-04,
2667,8.80e-02,-1.06e-04,
2668,8.80e-02,-8.00e-01,
2669,8.80e-02,-1.06e-04,
2670,8.80e-02,-1.06e-04,
2671,8.80e-02,-1.06e-04,
2672,9.60e-02,-8.00e-01,
2673,8.80e-02,-8.00e-01,
2674,8.80e-02,-1.06e-04,
2675,8.80e-02,-1.06e-04,
2676,8.80e-02,-8.00e-01,
2677,8.80e-02,-1.06e-04,
2678,9.60e-02,-1.06e-04,
2679,9.60e-02,-1.06e-04,
2680,9.60e-02,-8.00e-01,
2681,8.80e-02,-8.00e-01,
2682,8.80e-02,-1.06e-04,
2683,9.60e-02,-8.00e-01,
2684,9.60e-02,-8.00e-01,
2685,8.80e-02,-8.00e-01,
2686,9.60e-02,-1.06e-04,
2687,9.60e-02,-1.06e-04,
2688,8.80e-02,-8.00e-01,
2689,8.80e-02,-1.06e-04,
2690,9.60e-02,-1.06e-04,
2691,9.60e-02,-1.06e-04,
2692,9.60e-02,-8.00e-01,
2693,8.80e-02,-8.00e-01,
2694,9.60e-02,-1.06e-04,
2695,9.60e-02,-1.06e-04,
2696,9.60e-02,-8.00e-01,
2697,9.60e-02,-1.06e-04,
2698,9.60e-02,-1.06e-04,
2699,9.60e-02,-1.06e-04,
2700,9.60e-02,-8.00e-01,
2701,9.60e-02,-1.06e-04,
2702,9.60e-02,-1.06e-04,
2703,9.60e-02,-1.06e-04,
2704,9.60e-02,-8.00e-01,
2705,9.60e-02,-1.06e-04,
2706,9.60e-02,-1.06e-04,
2707,9.60e-02,-1.06e-04,
2708,9.60e-02,-8.00e-01,
2709,9.60e-02,-1.06e-04,
2710,9.60e-02,-1.06e-04,
2711,9.60e-02,-1.06e-04,
2712,9.60e-02,-8.00e-01,
2713,9.60e-02,-8.00e-01,
2714,9.60e-02,-1.06e-04,
2715,9.60e-02,-1.06e-04,
2716,9.60e-02,-8.00e-01,
2717,9.60e-02,-1.06e-04,
2718,9.60e-02,-1.06e-04,
2719,9.60e-02,-1.06e-04,
2720,9.60e-02,-8.00e-01,
2721,9.60e-02,-8.00e-01,
2722,9.60e-02,-1.06e-04,
2723,9.60e-02,-1.06e-04,
2724,9.60e-02,-8.00e-01,
2725,9.60e-02,-1.06e-04,
2726,9.60e-02,-1.06e-04,
2727,9.60e-02,-1.06e-04,
2728,9.60e-02,-8.00e-01,
2729,9.60e-02,-1.06e-04,
2730,9.60e-02,-1.06e-04,
2731,9.60e-02,-1.06e-04,
2732,9.60e-02,-8.00e-01,
2733,9.60e-02,-1.06e-04,
2734,9.60e-02,-1.06e-04,
2735,9.60e-02,-1.06e-04,
2736,9.60e-02,-8.00e-01,
2737,9.60e-02,-1.06e-04,
2738,9.60e-02,-1.06e-04,
2739,9.60e-02,-1.06e-04,
2740,9.60e-02,-8.00e-01,
2741,9.60e-02,-1.06e-04,
2742,9.60e-02,-1.06e-04,
2743,9.60e-02,-1.06e-04,
2744,9.60e-02,-8.00e-01,
2745,9.60e-02,-1.06e-04,
2746,9.60e-02,-1.06e-04,
2747,9.60e-02,-1.06e-04,
2748,9.60e-02,-8.00e-01,
2749,9.60e-02,-1.06e-04,
2750,9.60e-02,-1.06e-04,
2751,9.60e-02,-1.06e-04,
2752,9.60e-02,-8.00e-01,
2753,9.60e-02,-1.06e-04,
2754,9.60e-02,-1.06e-04,
2755,9.60e-02,-1.06e-04,
2756,9.60e-02,-8.00e-01,
2757,9.60e-02,-1.06e-04,
2758,9.60e-02,-1.06e-04,
2759,9.60e-02,-1.06e-04,
2760,9.60e-02,-8.00e-01,
2761,9.60e-02,-8.00e-01,
2762,9.60e-02,-1.06e-04,
2763,9.60e-02,-1.06e-04,
2764,1.04e-01,-8.00e-01,
2765,9.60e-02,-1.06e-04,
2766,9.60e-02,-1.06e-04,
2767,9.60e-02,-8.00e-01,
2768,9.60e-02,-1.06e-04,
2769,9.60e-02,-8.00e-01,
2770,9.60e-02,-1.06e-04,
2771,1.04e-01,-8.00e-01,
2772,9.60e-02,-8.00e-01,
2773,9.60e-02,-1.06e-04,
2774,9.60e-02,-1.06e-04,
2775,9.60e-02,-1.06e-04,
2776,1.04e-01,-8.00e-01,
2777,9.60e-02,-1.06e-04,
2778,9.60e-02,-1.06e-04,
2779,1.04e-01,-8.00e-01,
2780,9.60e-02,-8.00e-01,
2781,9.60e-02,-8.00e-01,
2782,1.04e-01,-1.06e-04,
2783,1.04e-01,-1.06e-04,
2784,1.04e-01,-8.00e-01,
2785,1.04e-01,-1.06e-04,
2786,1.04e-01,-1.06e-04,
2787,1.04e-01,-1.06e-04,
2788,1.04e-01,-8.00e-01,
2789,9.60e-02,-1.06e-04,
2790,1.04e-01,-1.06e-04,
2791,1.04e-01,-1.06e-04,
2792,1.04e-01,-8.00e-01,
2793,1.04e-01,-1.06e-04,
2794,1.04e-01,-1.06e-04,
2795,1.04e-01,-1.06e-04,
2796,1.04e-01,-8.00e-01,
2797,1.04e-01,-8.00e-01,
2798,1.04e-01,-1.06e-04,
2799,1.04e-01,-1.06e-04,
2800,1.04e-01,-8.00e-01,
2801,1.04e-01,-8.00e-01,
2802,1.04e-01,-1.06e-04,
2803,1.04e-01,-1.06e-04,
2804,1.04e-01,-8.00e-01,
2805,1.04e-01,-8.00e-01,
2806,1.04e-01,-1.06e-04,
2807,1.04e-01,-1.06e-04,
2808,1.04e-01,-8.00e-01,
2809,1.04e-01,-1.06e-04,
2810,1.04e-01,-1.06e-04,
2811,1.04e-01,-1.06e-04,
2812,1.04e-01,-8.00e-01,
2813,1.04e-01,-1.06e-04,
2814,1.04e-01,-1.06e-04,
2815,1.04e-01,-1.06e-04,
2816,1.04e-01,-8.00e-01,
2817,1.04e-01,-1.06e-04,
2818,1.04e-01,-1.06e-04,
2819,1.04e-01,-1.06e-04,
2820,1.04e-01,-8.00e-01,
2821,1.04e-01,-1.06e-04,
2822,1.04e-01,-1.06e-04,
2823,1.04e-01,-1.06e-04,
2824,1.04e-01,-8.00e-01,
2825,1.04e-01,-1.06e-04,
2826,1.04e-01,-1.06e-04,
2827,1.04e-01,-1.06e-04,
2828,1.04e-01,-8.00e-01,
2829,1.04e-01,-1.06e-04,
2830,1.04e-01,-1.06e-04,
2831,1.04e-01,-8.00e-01,
2832,1.04e-01,-8.00e-01,
2833,1.04e-01,-8.00e-01,
2834,1.04e-01,-1.06e-04,
2835,1.04e-01,-8.00e-01,
2836,1.04e-01,-8.00e-01,
2837,1.04e-01,-1.06e-04,
2838,1.04e-01,-1.06e-04,
2839,1.04e-01,-1.06e-04,
2840,1.04e-01,-8.00e-01,
2841,1.04e-01,-8.00e-01,
2842,1.04e-01,-1.06e-04,
2843,1.04e-01,-1.06e-04,
2844,1.04e-01,-8.00e-01,
2845,1.04e-01,-1.06e-04,
2846,1.04e-01,-1.06e-04,
2847,1.04e-01,-1.06e-04,
2848,1.04e-01,-8.00e-01,
2849,1.04e-01,-1.06e-04,
2850,1.04e-01,-1.06e-04,
2851,1.04e-01,-1.06e-04,
2852,1.04e-01,-8.00e-01,
2853,1.04e-01,-1.06e-04,
2854,1.04e-01,-1.06e-04,
2855,1.04e-01,-1.06e-04,
2856,1.04e-01,-8.00e-01,
2857,1.04e-01,-1.06e-04,
2858,1.04e-01,-1.06e-04,
2859,1.12e-01,-1.06e-04,
2860,1.12e-01,-8.00e-01,
2861,1.04e-01,-1.06e-04,
2862,1.12e-01,-1.06e-04,
2863,1.12e-01,-1.06e-04,
2864,1.12e-01,-8.00e-01,
2865,1.04e-01,-1.06e-04,
2866,1.12e-01,-1.06e-04,
2867,1.04e-01,-1.06e-04,
2868,1.12e-01,-8.00e-01,
2869,1.04e-01,-1.06e-04,
2870,1.04e-01,-1.06e-04,
2871,1.12e-01,-1.06e-04,
2872,1.12e-01,-8.00e-01,
2873,1.04e-01,-1.06e-04,
2874,1.12e-01,-1.06e-04,
2875,1.12e-01,-1.06e-04,
2876,1.12e-01,-8.00e-01,
2877,1.12e-01,-1.06e-04,
2878,1.12e-01,-1.06e-04,
2879,1.12e-01,-1.06e-04,
2880,1.12e-01,-1.06e-04,
2881,1.12e-01,-8.00e-01,
2882,1.04e-01,-1.06e-04,
2883,1.12e-01,-1.06e-04,
2884,1.12e-01,-8.00e-01,
2885,1.12e-01,-1.06e-04,
2886,1.12e-01,-1.06e-04,
2887,1.12e-01,-1.06e-04,
2888,1.12e-01,-8.00e-01,
2889,1.04e-01,-1.06e-04,
2890,1.12e-01,-1.06e-04,
2891,1.12e-01,-1.06e-04,
2892,1.12e-01,-8.00e-01,
2893,1.12e-01,-8.00e-01,
2894,1.12e-01,-1.06e-04,
2895,1.12e-01,-1.06e-04,
2896,1.12e-01,-8.00e-01,
2897,1.12e-01,-1.06e-04,
2898,1.12e-01,-1.06e-04,
2899,1.12e-01,-1.06e-04,
2900,1.12e-01,-8.00e-01,
2901,1.12e-01,-8.00e-01,
2902,1.12e-01,-1.06e-04,
2903,1.12e-01,-1.06e-04,
2904,1.12e-01,-8.00e-01,
2905,1.12e-01,-1.06e-04,
2906,1.12e-01,-1.06e-04,
2907,1.12e-01,-1.06e-04,
2908,1.12e-01,-8.00e-01,
2909,1.12e-01,-1.06e-04,
2910,1.12e-01,-1.06e-04,
2911,1.12e-01,-1.06e-04,
2912,1.12e-01,-1.06e-04,
2913,1.12e-01,-8.00e-01,
2914,1.12e-01,-1.06e-04,
2915,1.12e-01,-1.06e-04,
2916,1.12e-01,-8.00e-01,
2917,1.12e-01,-1.06e-04,
2918,1.12e-01,-1.06e-04,
2919,1.12e-01,-1.06e-04,
2920,1.12e-01,-8.00e-01,
2921,1.12e-01,-1.06e-04,
2922,1.12e-01,-1.06e-04,
2923,1.12e-01,-1.06e-04,
2924,1.12e-01,-8.00e-01,
2925,1.12e-01,-1.06e-04,
2926,1.12e-01,-1.06e-04,
2927,1.12e-01,-1.06e-04,
2928,1.12e-01,-8.00e-01,
2929,1.12e-01,-1.06e-04,
2930,1.12e-01,-1.06e-04,
2931,1.12e-01,-1.06e-04,
2932,1.12e-01,-8.00e-01,
2933,1.12e-01,-1.06e-04,
2934,1.12e-01,-1.06e-04,
2935,1.12e-01,-1.06e-04,
2936,1.12e-01,-8.00e-01,
2937,1.12e-01,-1.06e-04,
2938,1.12e-01,-1.06e-04,
2939,1.12e-01,-1.06e-04,
2940,1.12e-01,-1.06e-04,
2941,1.12e-01,-8.00e-01,
2942,1.12e-01,-1.06e-04,
2943,1.12e-01,-1.06e-04,
2944,1.12e-01,-8.00e-01,
2945,1.12e-01,-1.06e-04,
2946,1.12e-01,-1.06e-04,
2947,1.12e-01,-1.06e-04,
2948,1.12e-01,-8.00e-01,
2949,1.12e-01,-1.06e-04,
2950,1.12e-01,-1.06e-04,
2951,1.20e-01,-1.06e-04,
2952,1.12e-01,-8.00e-01,
2953,1.12e-01,-1.06e-04,
2954,1.12e-01,-1.06e-04,
2955,1.20e-01,-1.06e-04,
2956,1.20e-01,-8.00e-01,
2957,1.20e-01,-1.06e-04,
2958,1.20e-01,-1.06e-04,
2959,1.12e-01,-1.06e-04,
2960,1.12e-01,-1.06e-04,
2961,1.12e-01,-8.00e-01,
2962,1.12e-01,-1.06e-04,
2963,1.20e-01,-1.06e-04,
2964,1.20e-01,-8.00e-01,
2965,1.12e-01,-1.06e-04,
2966,1.20e-01,-1.06e-04,
2967,1.20e-01,-1.06e-04,
2968,1.20e-01,-1.06e-04,
2969,1.20e-01,-8.00e-01,
2970,1.12e-01,-1.06e-04,
2971,1.20e-01,-1.06e-04,
2972,1.20e-01,-8.00e-01,
2973,1.12e-01,-1.06e-04,
2974,1.20e-01,-1.06e-04,
2975,1.20e-01,-1.06e-04,
2976,1.20e-01,-8.00e-01,
2977,1.20e-01,-1.06e-04,
2978,1.20e-01,-1.06e-04,
2979,1.20e-01,-1.06e-04,
2980,1.20e-01,-1.06e-04,
2981,1.20e-01,-1.06e-04,
2982,1.20e-01,-1.06e-04,
2983,1.20e-01,-1.06e-04,
2984,1.20e-01,-8.00e-01,
2985,1.20e-01,-1.06e-04,
2986,1.20e-01,-1.06e-04,
2987,1.20e-01,-1.06e-04,
2988,1.20e-01,-8.00e-01,
2989,1.20e-01,-1.06e-04,
2990,1.20e-01,-1.06e-04,
2991,1.20e-01,-1.06e-04,
2992,1.20e-01,-8.00e-01,
2993,1.20e-01,-8.00e-01,
2994,1.20e-01,-1.06e-04,
2995,1.20e-01,-1.06e-04,
2996,1.20e-01,-8.00e-01,
2997,1.20e-01,-1.06e-04,
2998,1.20e-01,-1.06e-04,
2999,1.20e-01,-8.00e-01,
3000,1.20e-01,-8.00e-01,
3001,1.20e-01,-1.06e-04,
3002,1.20e-01,-1.06e-04,
3003,1.20e-01,-1.06e-04,
3004,1.20e-01,-8.00e-01,
3005,1.20e-01,-1.06e-04,
3006,1.20e-01,-1.06e-04,
3007,1.20e-01,-1.06e-04,
3008,1.20e-01,-8.00e-01,
3009,1.20e-01,-1.06e-04,
3010,1.20e-01,-1.06e-04,
3011,1.20e-01,-1.06e-04,
3012,1.20e-01,-8.00e-01,
3013,1.20e-01,-1.06e-04,
3014,1.20e-01,-1.06e-04,
3015,1.20e-01,-1.06e-04,
3016,1.20e-01,-8.00e-01,
3017,1.20e-01,-1.06e-04,
3018,1.20e-01,-1.06e-04,
3019,1.20e-01,-1.06e-04,
3020,1.20e-01,-1.06e-04,
3021,1.20e-01,-8.00e-01,
3022,1.20e-01,-1.06e-04,
3023,1.28e-01,-1.06e-04,
3024,1.20e-01,-8.00e-01,
3025,1.20e-01,-1.06e-04,
3026,1.20e-01,-1.06e-04,
3027,1.20e-01,-1.06e-04,
3028,1.20e-01,-8.00e-01,
3029,1.20e-01,-8.00e-01,
3030,1.20e-01,-1.06e-04,
3031,1.20e-01,-1.06e-04,
3032,1.20e-01,-8.00e-01,
3033,1.20e-01,-1.06e-04,
3034,1.20e-01,-1.06e-04,
3035,1.20e-01,-1.06e-04,
3036,1.20e-01,-8.00e-01,
3037,1.20e-01,-1.06e-04,
3038,1.20e-01,-1.06e-04,
3039,1.20e-01,-1.06e-04,
3040,1.20e-01,-8.00e-01,
3041,1.20e-01,-1.06e-04,
3042,1.20e-01,-1.06e-04,
3043,1.20e-01,-1.06e-04,
3044,1.20e-01,-8.00e-01,
3045,1.20e-01,-1.06e-04,
3046,1.20e-01,-1.06e-04,
3047,1.28e-01,-1.06e-04,
3048,1.20e-01,-8.00e-01,
3049,1.20e-01,-1.06e-04,
3050,1.20e-01,-1.06e-04,
3051,1.28e-01,-1.06e-04,
3052,1.28e-01,-8.00e-01,
3053,1.20e-01,-8.00e-01,
3054,1.28e-01,-1.06e-04,
3055,1.28e-01,-1.06e-04,
3056,1.28e-01,-8.00e-01,
3057,1.20e-01,-1.06e-04,
3058,1.28e-01,-1.06e-04,
3059,1.28e-01,-1.06e-04,
3060,1.28e-01,-8.00e-01,
3061,1.20e-01,-1.06e-04,
3062,1.28e-01,-1.06e-04,
3063,1.28e-01,-8.00e-01,
3064,1.20e-01,-8.00e-01,
3065,1.28e-01,-1.06e-04,
3066,1.20e-01,-1.06e-04,
3067,1.28e-01,-1.06e-04,
3068,1.28e-01,-8.00e-01,
3069,1.28e-01,-1.06e-04,
3070,1.28e-01,-1.06e-04,
3071,1.28e-01,-1.06e-04,
3072,1.28e-01,-8.00e-01,
3073,1.28e-01,-1.06e-04,
3074,1.28e-01,-1.06e-04,
3075,1.28e-01,-1.06e-04,
3076,1.28e-01,-8.00e-01,
3077,1.28e-01,-1.06e-04,
3078,1.28e-01,-1.06e-04,
3079,1.28e-01,-1.06e-04,
3080,1.28e-01,-1.06e-04,
3081,1.28e-01,-8.00e-01,
3082,1.28e-01,-1.06e-04,
3083,1.28e-01,-1.06e-04,
3084,1.28e-01,-8.00e-01,
3085,1.28e-01,-1.06e-04,
3086,1.28e-01,-1.06e-04,
3087,1.28e-01,-1.06e-04,
3088,1.28e-01,-8.00e-01,
3089,1.28e-01,-1.06e-04,
3090,1.28e-01,-1.06e-04,
3091,1.28e-01,-1.06e-04,
3092,1.28e-01,-8.00e-01,
3093,1.28e-01,-8.00e-01,
3094,1.28e-01,-1.06e-04,
3095,1.28e-01,-1.06e-04,
3096,1.28e-01,-8.00e-01,
3097,1.28e-01,-1.06e-04,
3098,1.28e-01,-1.06e-04,
3099,1.28e-01,-1.06e-04,
3100,1.28e-01,-1.06e-04,
3101,1.28e-01,-1.06e-04,
3102,1.28e-01,-1.06e-04,
3103,1.28e-01,-1.06e-04,
3104,1.28e-01,-8.00e-01,
3105,1.28e-01,-1.06e-04,
3106,1.28e-01,-1.06e-04,
3107,1.28e-01,-1.06e-04,
3108,1.28e-01,-8.00e-01,
3109,1.28e-01,-1.06e-04,
3110,1.28e-01,-1.06e-04,
3111,1.28e-01,-1.06e-04,
3112,1.28e-01,-1.06e-04,
3113,1.28e-01,-8.00e-01,
3114,1.28e-01,-1.06e-04,
3115,1.28e-01,-1.06e-04,
3116,1.28e-01,-8.00e-01,
3117,1.28e-01,-1.06e-04,
3118,1.28e-01,-1.06e-04,
3119,1.28e-01,-1.06e-04,
3120,1.28e-01,-1.06e-04,
3121,1.28e-01,-1.06e-04,
3122,1.28e-01,-1.06e-04,
3123,1.36e-01,-1.06e-04,
3124,1.28e-01,-8.00e-01,
3125,1.28e-01,-1.06e-04,
3126,1.28e-01,-1.06e-04,
3127,1.28e-01,-1.06e-04,
3128,1.36e-01,-8.00e-01,
3129,1.28e-01,-1.06e-04,
3130,1.28e-01,-1.06e-04,
3131,1.36e-01,-1.06e-04,
3132,1.28e-01,-1.06e-04,
3133,1.28e-01,-1.06e-04,
3134,1.36e-01,-1.06e-04,
3135,1.28e-01,-1.06e-04,
3136,1.28e-01,-8.00e-01,
3137,1.28e-01,-1.06e-04,
3138,1.28e-01,-1.06e-04,
3139,1.28e-01,-1.06e-04,
3140,1.36e-01,-8.00e-01,
3141,1.28e-01,-1.06e-04,
3142,1.28e-01,-1.06e-04,
3143,1.36e-01,-1.06e-04,
3144,1.36e-01,-8.00e-01,
3145,1.28e-01,-1.06e-04,
3146,1.36e-01,-1.06e-04,
3147,1.36e-01,-1.06e-04,
3148,1.36e-01,-8.00e-01,
3149,1.28e-01,-1.06e-04,
3150,1.36e-01,-1.06e-04,
3151,1.36e-01,-1.06e-04,
3152,1.28e-01,-1.06e-04,
3153,1.28e-01,-1.06e-04,
3154,1.36e-01,-1.06e-04,
3155,1.36e-01,-1.06e-04,
3156,1.36e-01,-8.00e-01,
3157,1.36e-01,-1.06e-04,
3158,1.36e-01,-1.06e-04,
3159,1.36e-01,-1.06e-04,
3160,1.36e-01,-1.06e-04,
3161,1.28e-01,-1.06e-04,
3162,1.36e-01,-1.06e-04,
3163,1.36e-01,-1.06e-04,
3164,1.36e-01,-8.00e-01,
3165,1.36e-01,-1.06e-04,
3166,1.36e-01,-1.06e-04,
3167,1.36e-01,-1.06e-04,
3168,1.36e-01,-1.06e-04,
3169,1.36e-01,-8.00e-01,
3170,1.36e-01,-1.06e-04,
3171,1.36e-01,-1.06e-04,
3172,1.36e-01,-8.00e-01,
3173,1.36e-01,-1.06e-04,
3174,1.36e-01,-1.06e-04,
3175,1.36e-01,-1.06e-04,
3176,1.36e-01,-8.00e-01,
3177,1.36e-01,-1.06e-04,
3178,1.36e-01,-1.06e-04,
3179,1.36e-01,-1.06e-04,
3180,1.36e-01,-8.00e-01,
3181,1.36e-01,-8.00e-01,
3182,1.36e-01,-1.06e-04,
3183,1.36e-01,-1.06e-04,
3184,1.36e-01,-8.00e-01,
3185,1.36e-01,-1.06e-04,
3186,1.36e-01,-1.06e-04,
3187,1.36e-01,-1.06e-04,
3188,1.36e-01,-8.00e-01,
3189,1.36e-01,-1.06e-04,
3190,1.36e-01,-1.06e-04,
3191,1.36e-01,-1.06e-04,
3192,1.36e-01,-1.06e-04,
3193,1.36e-01,-8.00e-01,
3194,1.36e-01,-1.06e-04,
3195,1.36e-01,-1.06e-04,
3196,1.36e-01,-8.00e-01,
3197,1.36e-01,-1.06e-04,
3198,1.36e-01,-1.06e-04,
3199,1.36e-01,-1.06e-04,
3200,1.36e-01,-8.00e-01,
3201,1.36e-01,-8.00e-01,
3202,1.36e-01,-1.06e-04,
3203,1.36e-01,-1.06e-04,
3204,1.36e-01,-8.00e-01,
3205,1.36e-01,-1.06e-04,
3206,1.36e-01,-1.06e-04,
3207,1.44e-01,-1.06e-04,
3208,1.36e-01,-8.00e-01,
3209,1.36e-01,-1.06e-04,
3210,1.36e-01,-1.06e-04,
3211,1.44e-01,-1.06e-04,
3212,1.36e-01,-8.00e-01,
3213,1.36e-01,-8.00e-01,
3214,1.36e-01,-1.06e-04,
3215,1.36e-01,-1.06e-04,
3216,1.36e-01,-8.00e-01,
3217,1.36e-01,-1.06e-04,
3218,1.36e-01,-1.06e-04,
3219,1.36e-01,-1.06e-04,
3220,1.36e-01,-8.00e-01,
3221,1.36e-01,-1.06e-04,
3222,1.44e-01,-1.06e-04,
3223,1.36e-01,-1.06e-04,
3224,1.36e-01,-8.00e-01,
3225,1.36e-01,-1.06e-04,
3226,1.36e-01,-1.06e-04,
3227,1.44e-01,-1.06e-04,
3228,1.44e-01,-8.00e-01,
3229,1.36e-01,-1.06e-04,
3230,1.36e-01,-1.06e-04,
3231,1.44e-01,-1.06e-04,
3232,1.44e-01,-1.06e-04,
3233,1.44e-01,-1.06e-04,
3234,1.44e-01,-1.06e-04,
3235,1.36e-01,-1.06e-04,
3236,1.36e-01,-8.00e-01,
3237,1.36e-01,-1.06e-04,
3238,1.44e-01,-1.06e-04,
3239,1.36e-01,-1.06e-04,
3240,1.44e-01,-8.00e-01,
3241,1.36e-01,-1.06e-04,
3242,1.36e-01,-1.06e-04,
3243,1.44e-01,-1.06e-04,
3244,1.44e-01,-8.00e-01,
3245,1.44e-01,-1.06e-04,
3246,1.44e-01,-1.06e-04,
3247,1.44e-01,-1.06e-04,
3248,1.44e-01,-8.00e-01,
3249,1.44e-01,-1.06e-04,
3250,1.44e-01,-1.06e-04,
3251,1.44e-01,-1.06e-04,
3252,1.44e-01,-8.00e-01,
3253,1.44e-01,-1.06e-04,
3254,1.44e-01,-1.06e-04,
3255,1.44e-01,-1.06e-04,
3256,1.44e-01,-8.00e-01,
3257,1.44e-01,-1.06e-04,
3258,1.44e-01,-1.06e-04,
3259,1.44e-01,-1.06e-04,
3260,1.44e-01,-1.06e-04,
3261,1.36e-01,-1.06e-04,
3262,1.44e-01,-1.06e-04,
3263,1.44e-01,-1.06e-04,
3264,1.44e-01,-8.00e-01,
3265,1.44e-01,-1.06e-04,
3266,1.44e-01,-1.06e-04,
3267,1.44e-01,-1.06e-04,
3268,1.44e-01,-8.00e-01,
3269,1.44e-01,-1.06e-04,
3270,1.44e-01,-1.06e-04,
3271,1.44e-01,-1.06e-04,
3272,1.44e-01,-1.06e-04,
3273,1.44e-01,-1.06e-04,
3274,1.44e-01,-1.06e-04,
3275,1.44e-01,-1.06e-04,
3276,1.44e-01,-8.00e-01,
3277,1.44e-01,-1.06e-04,
3278,1.44e-01,-1.06e-04,
3279,1.44e-01,-1.06e-04,
3280,1.44e-01,-8.00e-01,
3281,1.44e-01,-1.06e-04,
3282,1.44e-01,-1.06e-04,
3283,1.44e-01,-1.06e-04,
3284,1.44e-01,-8.00e-01,
3285,1.44e-01,-1.06e-04,
3286,1.44e-01,-1.06e-04,
3287,1.44e-01,-1.06e-04,
3288,1.44e-01,-8.00e-01,
3289,1.44e-01,-1.06e-04,
3290,1.44e-01,-1.06e-04,
3291,1.44e-01,-1.06e-04,
3292,1.44e-01,-1.06e-04,
3293,1.44e-01,-1.06e-04,
3294,1.44e-01,-1.06e-04,
3295,1.44e-01,-1.06e-04,
3296,1.44e-01,-8.00e-01,
3297,1.44e-01,-1.06e-04,
3298,1.44e-01,-1.06e-04,
3299,1.44e-01,-1.06e-04,
3300,1.44e-01,-1.06e-04,
3301,1.44e-01,-1.06e-04,
3302,1.44e-01,-1.06e-04,
3303,1.44e-01,-1.06e-04,
3304,1.44e-01,-8.00e-01,
3305,1.44e-01,-1.06e-04,
3306,1.44e-01,-1.06e-04,
3307,1.60e-01,-1.06e-04,
3308,1.60e-01,-8.00e-01,
3309,1.44e-01,-1.06e-04,
3310,1.44e-01,-1.06e-04,
3311,1.44e-01,-1.06e-04,
3312,1.60e-01,-1.06e-04,
3313,1.44e-01,-1.06e-04,
3314,1.44e-01,-1.06e-04,
3315,1.60e-01,-1.06e-04,
3316,1.60e-01,-8.00e-01,
3317,1.44e-01,-1.06e-04,
3318,1.60e-01,-1.06e-04,
3319,1.44e-01,-1.06e-04,
3320,1.44e-01,-1.06e-04,
3321,1.44e-01,-8.00e-01,
3322,1.44e-01,-1.06e-04,
3323,1.60e-01,-1.06e-04,
3324,1.44e-01,-8.00e-01,
3325,1.44e-01,-1.06e-04,
3326,1.60e-01,-1.06e-04,
3327,1.60e-01,-1.06e-04,
3328,1.60e-01,-8.00e-01,
3329,1.44e-01,-1.06e-04,
3330,1.44e-01,-1.06e-04,
3331,1.60e-01,-1.06e-04,
3332,1.60e-01,-1.06e-04,
3333,1.44e-01,-1.06e-04,
3334,1.44e-01,-1.06e-04,
3335,1.60e-01,-1.06e-04,
3336,1.60e-01,-8.00e-01,
3337,1.44e-01,-1.06e-04,
3338,1.60e-01,-1.06e-04,
3339,1.60e-01,-1.06e-04,
3340,1.60e-01,-1.06e-04,
3341,1.44e-01,-1.06e-04,
3342,1.60e-01,-1.06e-04,
3343,1.60e-01,-1.06e-04,
3344,1.60e-01,-1.06e-04,
3345,1.44e-01,-1.06e-04,
3346,1.60e-01,-1.06e-04,
3347,1.60e-01,-1.06e-04,
3348,1.60e-01,-8.00e-01,
3349,1.60e-01,-1.06e-04,
3350,1.60e-01,-1.06e-04,
3351,1.60e-01,-1.06e-04,
3352,1.60e-01,-1.06e-04,
3353,1.60e-01,-1.06e-04,
3354,1.60e-01,-1.06e-04,
3355,1.60e-01,-1.06e-04,
3356,1.60e-01,-8.00e-01,
3357,1.60e-01,-1.06e-04,
3358,1.60e-01,-1.06e-04,
3359,1.60e-01,-1.06e-04,
3360,1.60e-01,-1.06e-04,
3361,1.60e-01,-8.00e-01,
3362,1.60e-01,-1.06e-04,
3363,1.60e-01,-1.06e-04,
3364,1.60e-01,-1.06e-04,
3365,1.60e-01,-1.06e-04,
3366,1.60e-01,-1.06e-04,
3367,1.60e-01,-1.06e-04,
3368,1.60e-01,-1.06e-04,
3369,1.60e-01,-8.00e-01,
3370,1.60e-01,8.00e-01,
3371,1.60e-01,-8.00e-01,
3372,1.60e-01,-8.00e-01,
3373,1.60e-01,-1.06e-04,
3374,1.60e-01,-1.06e-04,
3375,1.60e-01,-1.06e-04,
3376,1.60e-01,-1.06e-04,
3377,1.60e-01,-1.06e-04,
3378,1.60e-01,-1.06e-04,
3379,1.60e-01,-1.06e-04,
3380,1.60e-01,-1.06e-04,
3381,1.60e-01,-1.06e-04,
3382,1.60e-01,-1.06e-04,
3383,1.60e-01,-1.06e-04,
3384,1.60e-01,-8.00e-01,
3385,1.60e-01,-1.06e-04,
3386,1.60e-01,-1.06e-04,
3387,1.60e-01,-1.06e-04,
3388,1.60e-01,-8.00e-01,
3389,1.60e-01,-1.06e-04,
3390,1.60e-01,-1.06e-04,
3391,1.60e-01,-1.06e-04,
3392,1.60e-01,-8.00e-01,
3393,1.60e-01,-1.06e-04,
3394,1.60e-01,-1.06e-04,
3395,1.60e-01,-1.06e-04,
3396,1.60e-01,-8.00e-01,
3397,1.60e-01,-1.06e-04,
3398,1.60e-01,-1.06e-04,
3399,1.68e-01,-1.06e-04,
3400,1.60e-01,-1.06e-04,
3401,1.60e-01,-1.06e-04,
3402,1.60e-01,-1.06e-04,
3403,1.60e-01,-1.06e-04,
3404,1.60e-01,-1.06e-04,
3405,1.60e-01,-1.06e-04,
3406,1.60e-01,-1.06e-04,
3407,1.60e-01,-1.06e-04,
3408,1.68e-01,-8.00e-01,
3409,1.60e-01,-1.06e-04,
3410,1.60e-01,-1.06e-04,
3411,1.68e-01,-1.06e-04,
3412,1.68e-01,-8.00e-01,
3413,1.60e-01,-1.06e-04,
3414,1.68e-01,-1.06e-04,
3415,1.68e-01,-1.06e-04,
3416,1.68e-01,-8.00e-01,
3417,1.60e-01,-1.06e-04,
3418,1.68e-01,-1.06e-04,
3419,1.68e-01,-1.06e-04,
3420,1.60e-01,-8.00e-01,
3421,1.60e-01,-1.06e-04,
3422,1.68e-01,-1.06e-04,
3423,1.68e-01,-1.06e-04,
3424,1.68e-01,-8.00e-01,
3425,1.60e-01,-1.06e-04,
3426,1.68e-01,-1.06e-04,
3427,1.68e-01,-1.06e-04,
3428,1.68e-01,-8.00e-01,
3429,1.68e-01,-1.06e-04,
3430,1.68e-01,-1.06e-04,
3431,1.68e-01,-1.06e-04,
3432,1.68e-01,-1.06e-04,
3433,1.68e-01,-1.06e-04,
3434,1.68e-01,-1.06e-04,
3435,1.68e-01,-1.06e-04,
3436,1.68e-01,-8.00e-01,
3437,1.68e-01,-1.06e-04,
3438,1.68e-01,-1.06e-04,
3439,1.68e-01,-1.06e-04,
3440,1.68e-01,-1.06e-04,
3441,1.60e-01,-1.06e-04,
3442,1.68e-01,-1.06e-04,
3443,1.68e-01,-1.06e-04,
3444,1.68e-01,-8.00e-01,
3445,1.68e-01,-1.06e-04,
3446,1.68e-01,-1.06e-04,
3447,1.68e-01,-1.06e-04,
3448,1.68e-01,-8.00e-01,
3449,1.68e-01,-1.06e-04,
3450,1.68e-01,-1.06e-04,
3451,1.68e-01,-1.06e-04,
3452,1.68e-01,-1.06e-04,
3453,1.68e-01,-1.06e-04,
3454,1.68e-01,-1.06e-04,
3455,1.68e-01,-1.06e-04,
3456,1.68e-01,-1.06e-04,
3457,1.68e-01,-1.06e-04,
3458,1.68e-01,-1.06e-04,
3459,1.68e-01,-1.06e-04,
3460,1.68e-01,-1.06e-04,
3461,1.68e-01,-1.06e-04,
3462,1.68e-01,-1.06e-04,
3463,1.68e-01,-1.06e-04,
3464,1.68e-01,-1.06e-04,
3465,1.68e-01,-1.06e-04,
3466,1.68e-01,-1.06e-04,
3467,1.68e-01,-1.06e-04,
3468,1.68e-01,-8.00e-01,
3469,1.68e-01,-1.06e-04,
3470,1.68e-01,-1.06e-04,
3471,1.68e-01,-1.06e-04,
3472,1.68e-01,-1.06e-04,
3473,1.68e-01,-1.06e-04,
3474,1.68e-01,-1.06e-04,
3475,1.68e-01,-1.06e-04,
3476,1.68e-01,-1.06e-04,
3477,1.68e-01,-1.06e-04,
3478,1.68e-01,-1.06e-04,
3479,1.68e-01,-1.06e-04,
3480,1.68e-01,-1.06e-04,
3481,1.68e-01,-1.06e-04,
3482,1.68e-01,-1.06e-04,
3483,1.68e-01,-1.06e-04,
3484,1.68e-01,-1.06e-04,
3485,1.68e-01,-1.06e-04,
3486,1.68e-01,-1.06e-04,
3487,1.68e-01,-1.06e-04,
3488,1.68e-01,-8.00e-01,
3489,1.68e-01,-1.06e-04,
3490,1.68e-01,-1.06e-04,
3491,1.76e-01,-1.06e-04,
3492,1.68e-01,-8.00e-01,
3493,1.68e-01,-1.06e-04,
3494,1.68e-01,-1.06e-04,
3495,1.76e-01,-1.06e-04,
3496,1.68e-01,-8.00e-01,
3497,1.68e-01,-1.06e-04,
3498,1.68e-01,-1.06e-04,
3499,1.76e-01,-1.06e-04,
3500,1.76e-01,-1.06e-04,
3501,1.68e-01,-1.06e-04,
3502,1.68e-01,-1.06e-04,
3503,1.76e-01,-1.06e-04,
3504,1.76e-01,-8.00e-01,
3505,1.68e-01,-1.06e-04,
3506,1.68e-01,-1.06e-04,
3507,1.76e-01,-1.06e-04,
3508,1.76e-01,-1.06e-04,
3509,1.68e-01,-1.06e-04,
3510,1.76e-01,-1.06e-04,
3511,1.76e-01,-1.06e-04,
3512,1.76e-01,-1.06e-04,
3513,1.68e-01,-1.06e-04,
3514,1.76e-01,-1.06e-04,
3515,1.76e-01,-1.06e-04,
3516,1.76e-01,-8.00e-01,
3517,1.68e-01,-1.06e-04,
3518,1.76e-01,-1.06e-04,
3519,1.76e-01,-1.06e-04,
3520,1.76e-01,-1.06e-04,
3521,1.76e-01,-1.06e-04,
3522,1.76e-01,-1.06e-04,
3523,1.76e-01,-1.06e-04,
3524,1.76e-01,-8.00e-01,
3525,1.76e-01,-1.06e-04,
3526,1.76e-01,-1.06e-04,
3527,1.76e-01,-1.06e-04,
3528,1.76e-01,-8.00e-01,
3529,1.76e-01,-1.06e-04,
3530,1.76e-01,-1.06e-04,
3531,1.76e-01,-1.06e-04,
3532,1.76e-01,-1.06e-04,
3533,1.76e-01,-1.06e-04,
3534,1.76e-01,-1.06e-04,
3535,1.76e-01,-1.06e-04,
3536,1.76e-01,-8.00e-01,
3537,1.76e-01,-1.06e-04,
3538,1.76e-01,-1.06e-04,
3539,1.76e-01,-1.06e-04,
3540,1.76e-01,-1.06e-04,
3541,1.76e-01,-1.06e-04,
3542,1.76e-01,-1.06e-04,
3543,1.76e-01,-1.06e-04,
3544,1.76e-01,-8.00e-01,
3545,1.76e-01,-1.06e-04,
3546,1.76e-01,-1.06e-04,
3547,1.76e-01,-1.06e-04,
3548,1.76e-01,-8.00e-01,
3549,1.76e-01,-1.06e-04,
3550,1.76e-01,-1.06e-04,
3551,1.76e-01,-1.06e-04,
3552,1.76e-01,-1.06e-04,
3553,1.76e-01,-1.06e-04,
3554,1.76e-01,-1.06e-04,
3555,1.76e-01,-1.06e-04,
3556,1.76e-01,-1.06e-04,
3557,1.76e-01,-1.06e-04,
3558,1.76e-01,-1.06e-04,
3559,1.76e-01,-1.06e-04,
3560,1.76e-01,-1.06e-04,
3561,1.76e-01,-8.00e-01,
3562,1.76e-01,-1.06e-04,
3563,1.76e-01,-1.06e-04,
3564,1.76e-01,-1.06e-04,
3565,1.76e-01,-1.06e-04,
3566,1.76e-01,-1.06e-04,
3567,1.76e-01,-1.06e-04,
3568,1.76e-01,-1.06e-04,
3569,1.76e-01,-8.00e-01,
3570,1.76e-01,8.00e-01,
3571,1.76e-01,-1.06e-04,
3572,1.76e-01,-8.00e-01,
3573,1.76e-01,-1.06e-04,
3574,1.76e-01,-1.06e-04,
3575,1.76e-01,-1.06e-04,
3576,1.76e-01,-1.06e-04,
3577,1.76e-01,-1.06e-04,
3578,1.76e-01,-1.06e-04,
3579,1.76e-01,-1.06e-04,
3580,1.76e-01,-1.06e-04,
3581,1.76e-01,-1.06e-04,
3582,1.76e-01,-1.06e-04,
3583,1.76e-01,-1.06e-04,
3584,1.76e-01,-8.00e-01,
3585,1.76e-01,-1.06e-04,
3586,1.84e-01,-1.06e-04,
3587,1.76e-01,-1.06e-04,
3588,1.76e-01,-8.00e-01,
3589,1.76e-01,-1.06e-04,
3590,1.76e-01,-1.06e-04,
3591,1.84e-01,-1.06e-04,
3592,1.84e-01,-1.06e-04,
3593,1.76e-01,-1.06e-04,
3594,1.76e-01,-1.06e-04,
3595,1.76e-01,-1.06e-04,
3596,1.76e-01,-8.00e-01,
3597,1.76e-01,-1.06e-04,
3598,1.84e-01,-1.06e-04,
3599,1.84e-01,-1.06e-04,
3600,1.76e-01,-1.06e-04,
3601,1.76e-01,-1.06e-04,
3602,1.76e-01,-1.06e-04,
3603,1.84e-01,-1.06e-04,
3604,1.84e-01,-8.00e-01,
3605,1.76e-01,-1.06e-04,
3606,1.84e-01,-1.06e-04,
3607,1.84e-01,-1.06e-04,
3608,1.84e-01,-8.00e-01,
3609,1.76e-01,-1.06e-04,
3610,1.84e-01,-1.06e-04,
3611,1.84e-01,-1.06e-04,
3612,1.84e-01,-1.06e-04,
3613,1.76e-01,-1.06e-04,
3614,1.84e-01,-1.06e-04,
3615,1.84e-01,-1.06e-04,
3616,1.76e-01,-8.00e-01,
3617,1.84e-01,-1.06e-04,
3618,1.84e-01,-1.06e-04,
3619,1.84e-01,-1.06e-04,
3620,1.84e-01,-1.06e-04,
3621,1.84e-01,-1.06e-04,
3622,1.84e-01,-1.06e-04,
3623,1.84e-01,-1.06e-04,
3624,1.84e-01,-1.06e-04,
3625,1.84e-01,-1.06e-04,
3626,1.84e-01,-1.06e-04,
3627,1.84e-01,-1.06e-04,
3628,1.84e-01,-8.00e-01,
3629,1.84e-01,-1.06e-04,
3630,1.84e-01,-1.06e-04,
3631,1.84e-01,-1.06e-04,
3632,1.84e-01,-1.06e-04,
3633,1.84e-01,-1.06e-04,
3634,1.84e-01,-1.06e-04,
3635,1.84e-01,-1.06e-04,
3636,1.84e-01,-8.00e-01,
3637,1.84e-01,-1.06e-04,
3638,1.84e-01,-1.06e-04,
3639,1.84e-01,-1.06e-04,
3640,1.84e-01,-8.00e-01,
3641,1.84e-01,-1.06e-04,
3642,1.84e-01,-1.06e-04,
3643,1.84e-01,-1.06e-04,
3644,1.84e-01,-1.06e-04,
3645,1.84e-01,-1.06e-04,
3646,1.84e-01,-1.06e-04,
3647,1.84e-01,-1.06e-04,
3648,1.84e-01,-8.00e-01,
3649,1.84e-01,-1.06e-04,
3650,1.84e-01,-1.06e-04,
3651,1.84e-01,-1.06e-04,
3652,1.84e-01,-1.06e-04,
3653,1.84e-01,-1.06e-04,
3654,1.84e-01,-1.06e-04,
3655,1.84e-01,-1.06e-04,
3656,1.84e-01,-1.06e-04,
3657,1.84e-01,-1.06e-04,
3658,1.84e-01,-1.06e-04,
3659,1.84e-01,-1.06e-04,
3660,1.84e-01,-1.06e-04,
3661,1.84e-01,-1.06e-04,
3662,1.84e-01,-1.06e-04,
3663,1.84e-01,-1.06e-04,
3664,1.84e-01,-8.00e-01,
3665,1.84e-01,-1.06e-04,
3666,1.84e-01,-1.06e-04,
3667,1.84e-01,-1.06e-04,
3668,1.84e-01,-8.00e-01,
3669,1.84e-01,-1.06e-04,
3670,1.84e-01,-1.06e-04,
3671,1.84e-01,-1.06e-04,
3672,1.84e-01,-8.00e-01,
3673,1.84e-01,-1.06e-04,
3674,1.84e-01,-1.06e-04,
3675,1.92e-01,-1.06e-04,
3676,1.84e-01,-1.06e-04,
3677,1.84e-01,-1.06e-04,
3678,1.84e-01,-1.06e-04,
3679,1.84e-01,-1.06e-04,
3680,1.84e-01,-1.06e-04,
3681,1.84e-01,-1.06e-04,
3682,1.84e-01,-1.06e-04,
3683,1.84e-01,-1.06e-04,
3684,1.92e-01,-1.06e-04,
3685,1.84e-01,-1.06e-04,
3686,1.92e-01,-1.06e-04,
3687,1.92e-01,-1.06e-04,
3688,1.92e-01,-8.00e-01,
3689,1.84e-01,-1.06e-04,
3690,1.84e-01,-1.06e-04,
3691,1.92e-01,-1.06e-04,
3692,1.84e-01,-1.06e-04,
3693,1.92e-01,-1.06e-04,
3694,1.92e-01,-1.06e-04,
3695,1.92e-01,-1.06e-04,
3696,1.92e-01,-1.06e-04,
3697,1.84e-01,-1.06e-04,
3698,1.92e-01,-1.06e-04,
3699,1.92e-01,-1.06e-04,
3700,1.92e-01,-8.00e-01,
3701,1.92e-01,-1.06e-04,
3702,1.92e-01,-1.06e-04,
3703,1.92e-01,-1.06e-04,
3704,1.92e-01,-1.06e-04,
3705,1.84e-01,-1.06e-04,
3706,1.92e-01,-1.06e-04,
3707,1.92e-01,-1.06e-04,
3708,1.92e-01,-8.00e-01,
3709,1.92e-01,-1.06e-04,
3710,1.92e-01,-1.06e-04,
3711,1.92e-01,-1.06e-04,
3712,1.92e-01,-1.06e-04,
3713,1.92e-01,-1.06e-04,
3714,1.92e-01,-1.06e-04,
3715,1.92e-01,-1.06e-04,
3716,1.92e-01,-1.06e-04,
3717,1.92e-01,-1.06e-04,
3718,1.92e-01,-1.06e-04,
3719,1.92e-01,-1.06e-04,
3720,1.92e-01,-1.06e-04,
3721,1.92e-01,-1.06e-04,
3722,1.92e-01,-1.06e-04,
3723,1.92e-01,-1.06e-04,
3724,1.92e-01,-1.06e-04,
3725,1.92e-01,-1.06e-04,
3726,1.92e-01,-1.06e-04,
3727,1.92e-01,-1.06e-04,
3728,1.92e-01,-8.00e-01,
3729,1.92e-01,-1.06e-04,
3730,1.92e-01,-1.06e-04,
3731,1.92e-01,-1.06e-04,
3732,1.92e-01,-1.06e-04,
3733,1.92e-01,-1.06e-04,
3734,1.92e-01,-1.06e-04,
3735,1.92e-01,-1.06e-04,
3736,1.92e-01,-1.06e-04,
3737,1.92e-01,-1.06e-04,
3738,1.92e-01,-1.06e-04,
3739,1.92e-01,-1.06e-04,
3740,1.92e-01,-1.06e-04,
3741,1.92e-01,-1.06e-04,
3742,1.92e-01,-1.06e-04,
3743,1.92e-01,-1.06e-04,
3744,1.92e-01,-1.06e-04,
3745,1.92e-01,-1.06e-04,
3746,1.92e-01,-1.06e-04,
3747,1.92e-01,-1.06e-04,
3748,1.92e-01,-8.00e-01,
3749,1.92e-01,-1.06e-04,
3750,1.92e-01,-1.06e-04,
3751,1.92e-01,-1.06e-04,
3752,1.92e-01,-1.06e-04,
3753,1.92e-01,-1.06e-04,
3754,1.92e-01,-1.06e-04,
3755,1.92e-01,-1.06e-04,
3756,1.92e-01,-8.00e-01,
3757,1.92e-01,-1.06e-04,
3758,1.92e-01,-1.06e-04,
3759,1.92e-01,-1.06e-04,
3760,1.92e-01,-1.06e-04,
3761,1.92e-01,-1.06e-04,
3762,1.92e-01,-1.06e-04,
3763,1.92e-01,-1.06e-04,
3764,1.92e-01,-1.06e-04,
3765,1.92e-01,-1.06e-04,
3766,1.92e-01,-1.06e-04,
3767,1.92e-01,-1.06e-04,
3768,1.92e-01,-1.06e-04,
3769,1.92e-01,-8.00e-01,
3770,1.92e-01,8.00e-01,
3771,2.00e-01,-1.06e-04,
3772,1.92e-01,-8.00e-01,
3773,1.92e-01,-1.06e-04,
3774,1.92e-01,-1.06e-04,
3775,1.92e-01,-1.06e-04,
3776,1.92e-01,-1.06e-04,
3777,1.92e-01,-1.06e-04,
3778,1.92e-01,-1.06e-04,
3779,1.92e-01,-1.06e-04,
3780,1.92e-01,-1.06e-04,
3781,1.92e-01,-1.06e-04,
3782,1.92e-01,-1.06e-04,
3783,2.00e-01,-1.06e-04,
3784,2.00e-01,-1.06e-04,
3785,1.92e-01,-1.06e-04,
3786,2.00e-01,-1.06e-04,
3787,2.00e-01,-1.06e-04,
3788,2.00e-01,-8.00e-01,
3789,1.92e-01,-1.06e-04,
3790,2.00e-01,-1.06e-04,
3791,2.00e-01,-1.06e-04,
3792,1.92e-01,-1.06e-04,
3793,2.00e-01,-1.06e-04,
3794,1.92e-01,-1.06e-04,
3795,2.00e-01,-1.06e-04,
3796,2.00e-01,-1.06e-04,
3797,2.00e-01,-1.06e-04,
3798,2.00e-01,-1.06e-04,
3799,2.00e-01,-1.06e-04,
3800,2.00e-01,-1.06e-04,
3801,2.00e-01,-1.06e-04,
3802,2.00e-01,-1.06e-04,
3803,2.00e-01,-1.06e-04,
3804,2.00e-01,-1.06e-04,
3805,2.00e-01,-1.06e-04,
3806,2.00e-01,-1.06e-04,
3807,2.00e-01,-1.06e-04,
3808,2.00e-01,-8.00e-01,
3809,1.92e-01,-1.06e-04,
3810,2.00e-01,-1.06e-04,
3811,2.00e-01,-1.06e-04,
3812,2.00e-01,-1.06e-04,
3813,2.00e-01,-1.06e-04,
3814,2.00e-01,-1.06e-04,
3815,2.00e-01,-1.06e-04,
3816,2.00e-01,-1.06e-04,
3817,2.00e-01,-1.06e-04,
3818,2.00e-01,-1.06e-04,
3819,2.00e-01,-1.06e-04,
3820,2.00e-01,-1.06e-04,
3821,2.00e-01,-1.06e-04,
3822,2.00e-01,-1.06e-04,
3823,2.00e-01,-1.06e-04,
3824,2.00e-01,-1.06e-04,
3825,2.00e-01,-1.06e-04,
3826,2.00e-01,-1.06e-04,
3827,2.00e-01,-1.06e-04,
3828,2.00e-01,-1.06e-04,
3829,2.00e-01,-1.06e-04,
3830,2.00e-01,-1.06e-04,
3831,2.00e-01,-1.06e-04,
3832,2.00e-01,-1.06e-04,
3833,2.00e-01,-1.06e-04,
3834,2.00e-01,-1.06e-04,
3835,2.00e-01,-1.06e-04,
3836,2.00e-01,-1.06e-04,
3837,2.00e-01,-1.06e-04,
3838,2.00e-01,-1.06e-04,
3839,2.00e-01,-1.06e-04,
3840,2.00e-01,-1.06e-04,
3841,2.00e-01,-1.06e-04,
3842,2.00e-01,-1.06e-04,
3843,2.00e-01,-1.06e-04,
3844,2.00e-01,-8.00e-01,
3845,2.00e-01,-1.06e-04,
3846,2.00e-01,-1.06e-04,
3847,2.00e-01,-1.06e-04,
3848,2.00e-01,-1.06e-04,
3849,2.00e-01,-1.06e-04,
3850,2.00e-01,-1.06e-04,
3851,2.00e-01,-1.06e-04,
3852,2.00e-01,-1.06e-04,
3853,2.00e-01,-1.06e-04,
3854,2.00e-01,-1.06e-04,
3855,2.00e-01,-1.06e-04,
3856,2.00e-01,-8.00e-01,
3857,2.00e-01,-1.06e-04,
3858,2.00e-01,-1.06e-04,
3859,2.08e-01,-1.06e-04,
3860,2.00e-01,-1.06e-04,
3861,2.00e-01,-1.06e-04,
3862,2.00e-01,-1.06e-04,
3863,2.00e-01,-1.06e-04,
3864,2.00e-01,-8.00e-01,
3865,2.00e-01,-1.06e-04,
3866,2.00e-01,-1.06e-04,
3867,2.08e-01,-1.06e-04,
3868,2.00e-01,-8.00e-01,
3869,2.00e-01,-1.06e-04,
3870,2.08e-01,-1.06e-04,
3871,2.08e-01,-1.06e-04,
3872,2.00e-01,-1.06e-04,
3873,2.00e-01,-1.06e-04,
3874,2.08e-01,-1.06e-04,
3875,2.08e-01,-1.06e-04,
3876,2.00e-01,-1.06e-04,
3877,2.00e-01,-1.06e-04,
3878,2.08e-01,-1.06e-04,
3879,2.08e-01,-1.06e-04,
3880,2.00e-01,-1.06e-04,
3881,2.00e-01,-1.06e-04,
3882,2.00e-01,-1.06e-04,
3883,2.08e-01,-1.06e-04,
3884,2.08e-01,-1.06e-04,
3885,2.08e-01,-1.06e-04,
3886,2.08e-01,-1.06e-04,
3887,2.08e-01,-1.06e-04,
3888,2.08e-01,-8.00e-01,
3889,2.08e-01,-1.06e-04,
3890,2.00e-01,-1.06e-04,
3891,2.08e-01,-1.06e-04,
3892,2.08e-01,-1.06e-04,
3893,2.08e-01,-1.06e-04,
3894,2.08e-01,-1.06e-04,
3895,2.08e-01,-1.06e-04,
3896,2.08e-01,-1.06e-04,
3897,2.08e-01,-1.06e-04,
3898,2.08e-01,-1.06e-04,
3899,2.08e-01,-1.06e-04,
3900,2.08e-01,-1.06e-04,
3901,2.08e-01,-1.06e-04,
3902,2.08e-01,-1.06e-04,
3903,2.08e-01,-1.06e-04,
3904,2.08e-01,-1.06e-04,
3905,2.00e-01,-1.06e-04,
3906,2.08e-01,-1.06e-04,
3907,2.08e-01,-1.06e-04,
3908,2.08e-01,-1.06e-04,
3909,2.08e-01,-1.06e-04,
3910,2.08e-01,-1.06e-04,
3911,2.08e-01,-1.06e-04,
3912,2.08e-01,-1.06e-04,
3913,2.08e-01,-1.06e-04,
3914,2.08e-01,-1.06e-04,
3915,2.08e-01,-1.06e-04,
3916,2.08e-01,-1.06e-04,
3917,2.08e-01,-1.06e-04,
3918,2.08e-01,-1.06e-04,
3919,2.08e-01,-1.06e-04,
3920,2.08e-01,-1.06e-04,
3921,2.08e-01,-1.06e-04,
3922,2.08e-01,-1.06e-04,
3923,2.08e-01,-1.06e-04,
3924,2.08e-01,-1.06e-04,
3925,2.08e-01,-1.06e-04,
3926,2.08e-01,-1.06e-04,
3927,2.08e-01,-1.06e-04,
3928,2.08e-01,-1.06e-04,
3929,2.08e-01,-1.06e-04,
3930,2.08e-01,-1.06e-04,
3931,2.08e-01,-1.06e-04,
3932,2.08e-01,-1.06e-04,
3933,2.08e-01,-1.06e-04,
3934,2.08e-01,-1.06e-04,
3935,2.08e-01,-1.06e-04,
3936,2.08e-01,-1.06e-04,
3937,2.08e-01,-1.06e-04,
3938,2.08e-01,-1.06e-04,
3939,2.08e-01,-1.06e-04,
3940,2.08e-01,-1.06e-04,
3941,2.08e-01,-1.06e-04,
3942,2.08e-01,-1.06e-04,
3943,2.08e-01,-1.06e-04,
3944,2.08e-01,-1.06e-04,
3945,2.08e-01,-1.06e-04,
3946,2.08e-01,-1.06e-04,
3947,2.08e-01,-1.06e-04,
3948,2.08e-01,-1.06e-04,
3949,2.08e-01,-1.06e-04,
3950,2.08e-01,-1.06e-04,
3951,2.08e-01,-1.06e-04,
3952,2.08e-01,-1.06e-04,
3953,2.08e-01,-1.06e-04,
3954,2.08e-01,-1.06e-04,
3955,2.16e-01,-1.06e-04,
3956,2.08e-01,-1.06e-04,
3957,2.08e-01,-1.06e-04,
3958,2.16e-01,-1.06e-04,
3959,2.16e-01,-1.06e-04,
3960,2.08e-01,-1.06e-04,
3961,2.08e-01,-1.06e-04,
3962,2.08e-01,-1.06e-04,
3963,2.08e-01,-1.06e-04,
3964,2.16e-01,-1.06e-04,
3965,2.08e-01,-1.06e-04,
3966,2.16e-01,-1.06e-04,
3967,2.16e-01,-1.06e-04,
3968,2.08e-01,-1.06e-04,
3969,2.16e-01,-8.00e-01,
3970,2.08e-01,8.00e-01,
3971,2.16e-01,-1.06e-04,
3972,2.16e-01,-8.00e-01,
3973,2.08e-01,-1.06e-04,
3974,2.16e-01,-1.06e-04,
3975,2.08e-01,-1.06e-04,
3976,2.16e-01,-1.06e-04,
3977,2.16e-01,-1.06e-04,
3978,2.08e-01,-1.06e-04,
3979,2.16e-01,-1.06e-04,
3980,2.16e-01,-1.06e-04,
3981,2.08e-01,-1.06e-04,
3982,2.16e-01,-1.06e-04,
3983,2.16e-01,-1.06e-04,
3984,2.16e-01,-1.06e-04,
3985,2.16e-01,-1.06e-04,
3986,2.16e-01,-1.06e-04,
3987,2.16e-01,-1.06e-04,
3988,2.16e-01,-1.06e-04,
3989,2.16e-01,-1.06e-04,
3990,2.16e-01,-1.06e-04,
3991,2.16e-01,-1.06e-04,
3992,2.16e-01,-1.06e-04,
3993,2.08e-01,-1.06e-04,
3994,2.16e-01,-1.06e-04,
3995,2.16e-01,-1.06e-04,
3996,2.16e-01,-8.00e-01,
3997,2.16e-01,-1.06e-04,
3998,2.16e-01,-1.06e-04,
3999,2.16e-01,-1.06e-04,
4000,2.16e-01,-1.06e-04,
4001,2.16e-01,-1.06e-04,
4002,2.16e-01,-1.06e-04,
4003,2.16e-01,-1.06e-04,
4004,2.16e-01,-1.06e-04,
4005,2.08e-01,-1.06e-04,
4006,2.16e-01,-1.06e-04,
4007,2.16e-01,-1.06e-04,
4008,2.16e-01,-1.06e-04,
4009,2.16e-01,-1.06e-04,
4010,2.16e-01,-1.06e-04,
4011,2.16e-01,-1.06e-04,
4012,2.16e-01,-1.06e-04,
4013,2.16e-01,-1.06e-04,
4014,2.16e-01,-1.06e-04,
4015,2.16e-01,-1.06e-04,
4016,2.16e-01,-1.06e-04,
4017,2.16e-01,-1.06e-04,
4018,2.16e-01,-1.06e-04,
4019,2.16e-01,-1.06e-04,
4020,2.16e-01,-1.06e-04,
4021,2.16e-01,-1.06e-04,
4022,2.16e-01,-1.06e-04,
4023,2.16e-01,-1.06e-04,
4024,2.16e-01,-8.00e-01,
4025,2.16e-01,-1.06e-04,
4026,2.16e-01,-1.06e-04,
4027,2.16e-01,-1.06e-04,
4028,2.16e-01,-1.06e-04,
4029,2.16e-01,-1.06e-04,
4030,2.16e-01,-1.06e-04,
4031,2.16e-01,-1.06e-04,
4032,2.16e-01,-1.06e-04,
4033,2.16e-01,-1.06e-04,
4034,2.16e-01,-1.06e-04,
4035,2.16e-01,-1.06e-04,
4036,2.16e-01,-1.06e-04,
4037,2.16e-01,-1.06e-04,
4038,2.16e-01,-1.06e-04,
4039,2.16e-01,-1.06e-04,
4040,2.16e-01,-1.06e-04,
4041,2.16e-01,-1.06e-04,
4042,2.16e-01,-1.06e-04,
4043,2.16e-01,-1.06e-04,
4044,2.16e-01,-1.06e-04,
4045,2.16e-01,-1.06e-04,
4046,2.16e-01,-1.06e-04,
4047,2.16e-01,-1.06e-04,
4048,2.16e-01,-1.06e-04,
4049,2.16e-01,-1.06e-04,
4050,2.16e-01,-1.06e-04,
4051,2.16e-01,-1.06e-04,
4052,2.16e-01,-1.06e-04,
4053,2.16e-01,-1.06e-04,
4054,2.16e-01,-1.06e-04,
4055,2.24e-01,-1.06e-04,
4056,2.16e-01,-1.06e-04,
4057,2.16e-01,-1.06e-04,
4058,2.24e-01,-1.06e-04,
4059,2.24e-01,-1.06e-04,
4060,2.16e-01,-1.06e-04,
4061,2.16e-01,-1.06e-04,
4062,2.24e-01,-1.06e-04,
4063,2.24e-01,-1.06e-04,
4064,2.24e-01,-1.06e-04,
4065,2.16e-01,-1.06e-04,
4066,2.16e-01,-1.06e-04,
4067,2.24e-01,-1.06e-04,
4068,2.24e-01,-1.06e-04,
4069,2.16e-01,-1.06e-04,
4070,2.16e-01,-1.06e-04,
4071,2.24e-01,-1.06e-04,
4072,2.24e-01,-1.06e-04,
4073,2.16e-01,-1.06e-04,
4074,2.24e-01,-1.06e-04,
4075,2.24e-01,-1.06e-04,
4076,2.24e-01,-8.00e-01,
4077,2.16e-01,-1.06e-04,
4078,2.24e-01,-1.06e-04,
4079,2.24e-01,-1.06e-04,
4080,2.24e-01,-1.06e-04,
4081,2.24e-01,-1.06e-04,
4082,2.16e-01,-1.06e-04,
4083,2.24e-01,-1.06e-04,
4084,2.24e-01,-1.06e-04,
4085,2.24e-01,-1.06e-04,
4086,2.24e-01,-1.06e-04,
4087,2.24e-01,-1.06e-04,
4088,2.24e-01,-8.00e-01,
4089,2.24e-01,-1.06e-04,
4090,2.24e-01,-1.06e-04,
4091,2.24e-01,-1.06e-04,
4092,2.24e-01,-1.06e-04,
4093,2.24e-01,-1.06e-04,
4094,2.24e-01,-1.06e-04,
4095,2.24e-01,-1.06e-04,
4096,2.24e-01,-1.06e-04,
4097,2.24e-01,-1.06e-04,
4098,2.24e-01,-1.06e-04,
4099,2.24e-01,-1.06e-04,
4100,2.24e-01,-1.06e-04,
4101,2.24e-01,-1.06e-04,
4102,2.24e-01,-1.06e-04,
4103,2.24e-01,-1.06e-04,
4104,2.24e-01,-1.06e-04,
4105,2.24e-01,-1.06e-04,
4106,2.24e-01,-1.06e-04,
4107,2.24e-01,-1.06e-04,
4108,2.24e-01,-1.06e-04,
4109,2.24e-01,-1.06e-04,
4110,2.24e-01,-1.06e-04,
4111,2.24e-01,-1.06e-04,
4112,2.24e-01,-1.06e-04,
4113,2.24e-01,-1.06e-04,
4114,2.24e-01,-1.06e-04,
4115,2.24e-01,-1.06e-04,
4116,2.24e-01,-1.06e-04,
4117,2.24e-01,-1.06e-04,
4118,2.24e-01,-1.06e-04,
4119,2.24e-01,-1.06e-04,
4120,2.24e-01,-1.06e-04,
4121,2.24e-01,-1.06e-04,
4122,2.24e-01,-1.06e-04,
4123,2.24e-01,-1.06e-04,
4124,2.24e-01,-1.06e-04,
4125,2.24e-01,-1.06e-04,
4126,2.24e-01,-1.06e-04,
4127,2.24e-01,-1.06e-04,
4128,2.24e-01,-8.00e-01,
4129,2.24e-01,-1.06e-04,
4130,2.24e-01,-1.06e-04,
4131,2.24e-01,-1.06e-04,
4132,2.24e-01,-1.06e-04,
4133,2.24e-01,-1.06e-04,
4134,2.24e-01,-1.06e-04,
4135,2.24e-01,-1.06e-04,
4136,2.24e-01,-8.00e-01,
4137,2.24e-01,-1.06e-04,
4138,2.24e-01,-1.06e-04,
4139,2.32e-01,-1.06e-04,
4140,2.32e-01,-1.06e-04,
4141,2.24e-01,-1.06e-04,
4142,2.24e-01,-1.06e-04,
4143,2.32e-01,-1.06e-04,
4144,2.24e-01,-1.06e-04,
4145,2.24e-01,-1.06e-04,
4146,2.32e-01,-1.06e-04,
4147,2.32e-01,-1.06e-04,
4148,2.24e-01,-1.06e-04,
4149,2.24e-01,-1.06e-04,
4150,2.24e-01,-1.06e-04,
4151,2.32e-01,-1.06e-04,
4152,2.32e-01,-1.06e-04,
4153,2.24e-01,-1.06e-04,
4154,2.24e-01,-1.06e-04,
4155,2.32e-01,-1.06e-04,
4156,2.32e-01,-1.06e-04,
4157,2.24e-01,-1.06e-04,
4158,2.32e-01,-1.06e-04,
4159,2.32e-01,-1.06e-04,
4160,2.32e-01,-1.06e-04,
4161,2.24e-01,-1.06e-04,
4162,2.24e-01,-1.06e-04,
4163,2.32e-01,-1.06e-04,
4164,2.32e-01,-1.06e-04,
4165,2.24e-01,-1.06e-04,
4166,2.32e-01,-1.06e-04,
4167,2.32e-01,-1.06e-04,
4168,2.32e-01,-1.06e-04,
4169,2.32e-01,-8.00e-01,
4170,2.24e-01,8.00e-01,
4171,2.32e-01,-1.06e-04,
4172,2.32e-01,-8.00e-01,
4173,2.32e-01,-1.06e-04,
4174,2.32e-01,-1.06e-04,
4175,2.32e-01,-1.06e-04,
4176,2.32e-01,-1.06e-04,
4177,2.32e-01,-1.06e-04,
4178,2.32e-01,-1.06e-04,
4179,2.32e-01,-1.06e-04,
4180,2.32e-01,-1.06e-04,
4181,2.32e-01,-1.06e-04,
4182,2.32e-01,-1.06e-04,
4183,2.32e-01,-1.06e-04,
4184,2.32e-01,-1.06e-04,
4185,2.32e-01,-1.06e-04,
4186,2.32e-01,-1.06e-04,
4187,2.32e-01,-1.06e-04,
4188,2.32e-01,-1.06e-04,
4189,2.32e-01,-1.06e-04,
4190,2.32e-01,-1.06e-04,
4191,2.32e-01,-1.06e-04,
4192,2.32e-01,-1.06e-04,
4193,2.32e-01,-1.06e-04,
4194,2.32e-01,-1.06e-04,
4195,2.32e-01,-1.06e-04,
4196,2.32e-01,-1.06e-04,
4197,2.32e-01,-1.06e-04,
4198,2.32e-01,-1.06e-04,
4199,2.32e-01,-1.06e-04,
4200,2.32e-01,-1.06e-04,
4201,2.32e-01,-1.06e-04,
4202,2.32e-01,-1.06e-04,
4203,2.32e-01,-1.06e-04,
4204,2.32e-01,-1.06e-04,
4205,2.32e-01,-1.06e-04,
4206,2.32e-01,-1.06e-04,
4207,2.32e-01,-1.06e-04,
4208,2.32e-01,-1.06e-04,
4209,2.32e-01,-1.06e-04,
4210,2.32e-01,-1.06e-04,
4211,2.32e-01,-1.06e-04,
4212,2.32e-01,-1.06e-04,
4213,2.32e-01,-1.06e-04,
4214,2.32e-01,-1.06e-04,
4215,2.32e-01,-1.06e-04,
4216,2.32e-01,-1.06e-04,
4217,2.32e-01,-1.06e-04,
4218,2.32e-01,-1.06e-04,
4219,2.32e-01,-1.06e-04,
4220,2.32e-01,-1.06e-04,
4221,2.32e-01,-1.06e-04,
4222,2.32e-01,-1.06e-04,
4223,2.40e-01,-1.06e-04,
4224,2.32e-01,-1.06e-04,
4225,2.32e-01,-1.06e-04,
4226,2.32e-01,-1.06e-04,
4227,2.32e-01,-1.06e-04,
4228,2.32e-01,-1.06e-04,
4229,2.32e-01,-1.06e-04,
4230,2.32e-01,-1.06e-04,
4231,2.32e-01,-1.06e-04,
4232,2.32e-01,-1.06e-04,
4233,2.32e-01,-1.06e-04,
4234,2.32e-01,-1.06e-04,
4235,2.40e-01,-1.06e-04,
4236,2.40e-01,-1.06e-04,
4237,2.32e-01,-1.06e-04,
4238,2.32e-01,-1.06e-04,
4239,2.40e-01,-1.06e-04,
4240,2.32e-01,-1.06e-04,
4241,2.32e-01,-1.06e-04,
4242,2.32e-01,-1.06e-04,
4243,2.40e-01,-1.06e-04,
4244,2.40e-01,-1.06e-04,
4245,2.32e-01,-1.06e-04,
4246,2.40e-01,-1.06e-04,
4247,2.40e-01,-1.06e-04,
4248,2.40e-01,-1.06e-04,
4249,2.32e-01,-1.06e-04,
4250,2.40e-01,-1.06e-04,
4251,2.40e-01,-1.06e-04,
4252,2.40e-01,-1.06e-04,
4253,2.32e-01,-1.06e-04,
4254,2.32e-01,-1.06e-04,
4255,2.40e-01,-1.06e-04,
4256,2.32e-01,-1.06e-04,
4257,2.32e-01,-1.06e-04,
4258,2.40e-01,-1.06e-04,
4259,2.40e-01,-1.06e-04,
4260,2.40e-01,-1.06e-04,
4261,2.40e-01,-1.06e-04,
4262,2.40e-01,-1.06e-04,
4263,2.40e-01,-1.06e-04,
4264,2.40e-01,-1.06e-04,
4265,2.40e-01,-1.06e-04,
4266,2.40e-01,-1.06e-04,
4267,2.40e-01,-1.06e-04,
4268,2.40e-01,-1.06e-04,
4269,2.40e-01,-1.06e-04,
4270,2.40e-01,-1.06e-04,
4271,2.40e-01,-1.06e-04,
4272,2.40e-01,-1.06e-04,
4273,2.40e-01,-1.06e-04,
4274,2.40e-01,-1.06e-04,
4275,2.40e-01,-1.06e-04,
4276,2.40e-01,-1.06e-04,
4277,2.40e-01,-1.06e-04,
4278,2.40e-01,-1.06e-04,
4279,2.40e-01,-1.06e-04,
4280,2.40e-01,-1.06e-04,
4281,2.40e-01,-1.06e-04,
4282,2.40e-01,-1.06e-04,
4283,2.40e-01,-1.06e-04,
4284,2.40e-01,-1.06e-04,
4285,2.40e-01,-1.06e-04,
4286,2.40e-01,-1.06e-04,
4287,2.40e-01,-1.06e-04,
4288,2.40e-01,-1.06e-04,
4289,2.40e-01,-1.06e-04,
4290,2.40e-01,-1.06e-04,
4291,2.40e-01,-1.06e-04,
4292,2.40e-01,-1.06e-04,
4293,2.40e-01,-1.06e-04,
4294,2.40e-01,-1.06e-04,
4295,2.40e-01,-1.06e-04,
4296,2.40e-01,-1.06e-04,
4297,2.40e-01,-1.06e-04,
4298,2.40e-01,-1.06e-04,
4299,2.40e-01,-1.06e-04,
4300,2.40e-01,-1.06e-04,
4301,2.40e-01,-1.06e-04,
4302,2.40e-01,-1.06e-04,
4303,2.40e-01,-1.06e-04,
4304,2.40e-01,-1.06e-04,
4305,2.40e-01,-1.06e-04,
4306,2.40e-01,-1.06e-04,
4307,2.40e-01,-1.06e-04,
4308,2.40e-01,-1.06e-04,
4309,2.40e-01,-1.06e-04,
4310,2.40e-01,-1.06e-04,
4311,2.40e-01,-1.06e-04,
4312,2.40e-01,-1.06e-04,
4313,2.40e-01,-1.06e-04,
4314,2.40e-01,-1.06e-04,
4315,2.48e-01,-1.06e-04,
4316,2.40e-01,-1.06e-04,
4317,2.40e-01,-1.06e-04,
4318,2.40e-01,-1.06e-04,
4319,2.40e-01,-1.06e-04,
4320,2.40e-01,-1.06e-04,
4321,2.40e-01,-1.06e-04,
4322,2.40e-01,-1.06e-04,
4323,2.48e-01,-1.06e-04,
4324,2.48e-01,-1.06e-04,
4325,2.40e-01,-1.06e-04,
4326,2.40e-01,-1.06e-04,
4327,2.40e-01,-1.06e-04,
4328,2.40e-01,-1.06e-04,
4329,2.40e-01,-1.06e-04,
4330,2.40e-01,-1.06e-04,
4331,2.40e-01,-1.06e-04,
4332,2.40e-01,-1.06e-04,
4333,2.40e-01,-1.06e-04,
4334,2.40e-01,-1.06e-04,
4335,2.40e-01,-1.06e-04,
4336,2.48e-01,-1.06e-04,
4337,2.40e-01,-1.06e-04,
4338,2.48e-01,-1.06e-04,
4339,2.48e-01,-1.06e-04,
4340,2.40e-01,-1.06e-04,
4341,2.40e-01,-1.06e-04,
4342,2.40e-01,-1.06e-04,
4343,2.48e-01,-1.06e-04,
4344,2.48e-01,-1.06e-04,
4345,2.40e-01,-1.06e-04,
4346,2.40e-01,-1.06e-04,
4347,2.48e-01,-1.06e-04,
4348,2.48e-01,-1.06e-04,
4349,2.48e-01,-1.06e-04,
4350,2.48e-01,-1.06e-04,
4351,2.48e-01,-1.06e-04,
4352,2.48e-01,-1.06e-04,
4353,2.40e-01,-1.06e-04,
4354,2.48e-01,-1.06e-04,
4355,2.48e-01,-1.06e-04,
4356,2.48e-01,-1.06e-04,
4357,2.48e-01,-1.06e-04,
4358,2.48e-01,-1.06e-04,
4359,2.48e-01,-1.06e-04,
4360,2.40e-01,-1.06e-04,
4361,2.40e-01,-1.06e-04,
4362,2.48e-01,-1.06e-04,
4363,2.48e-01,-1.06e-04,
4364,2.48e-01,-1.06e-04,
4365,2.48e-01,-1.06e-04,
4366,2.48e-01,-1.06e-04,
4367,2.48e-01,-1.06e-04,
4368,2.48e-01,-1.06e-04,
4369,2.48e-01,-8.00e-01,
4370,2.40e-01,8.00e-01,
4371,2.48e-01,-1.06e-04,
4372,2.48e-01,-8.00e-01,
4373,2.48e-01,-1.06e-04,
4374,2.48e-01,-1.06e-04,
4375,2.48e-01,-1.06e-04,
4376,2.48e-01,-1.06e-04,
4377,2.48e-01,-1.06e-04,
4378,2.48e-01,-1.06e-04,
4379,2.48e-01,-1.06e-04,
4380,2.48e-01,-1.06e-04,
4381,2.48e-01,-1.06e-04,
4382,2.48e-01,-1.06e-04,
4383,2.48e-01,-1.06e-04,
4384,2.48e-01,-1.06e-04,
4385,2.48e-01,-1.06e-04,
4386,2.48e-01,-1.06e-04,
4387,2.48e-01,-1.06e-04,
4388,2.48e-01,-1.06e-04,
4389,2.48e-01,-1.06e-04,
4390,2.48e-01,-1.06e-04,
4391,2.48e-01,-1.06e-04,
4392,2.48e-01,-1.06e-04,
4393,2.48e-01,-1.06e-04,
4394,2.48e-01,-1.06e-04,
4395,2.48e-01,-1.06e-04,
4396,2.48e-01,-1.06e-04,
4397,2.48e-01,-1.06e-04,
4398,2.48e-01,-1.06e-04,
4399,2.48e-01,-1.06e-04,
4400,2.48e-01,-1.06e-04,
4401,2.48e-01,-1.06e-04,
4402,2.48e-01,-1.06e-04,
4403,2.48e-01,-1.06e-04,
4404,2.48e-01,-1.06e-04,
4405,2.48e-01,-1.06e-04,
4406,2.48e-01,-1.06e-04,
4407,2.48e-01,-1.06e-04,
4408,2.48e-01,-1.06e-04,
4409,2.48e-01,-1.06e-04,
4410,2.48e-01,-1.06e-04,
4411,2.48e-01,-1.06e-04,
4412,2.48e-01,-1.06e-04,
4413,2.48e-01,-1.06e-04,
4414,2.48e-01,-1.06e-04,
4415,2.48e-01,-1.06e-04,
4416,2.48e-01,-1.06e-04,
4417,2.48e-01,-1.06e-04,
4418,2.48e-01,-1.06e-04,
4419,2.48e-01,-1.06e-04,
4420,2.48e-01,-1.06e-04,
4421,2.48e-01,-1.06e-04,
4422,2.48e-01,-1.06e-04,
4423,2.48e-01,-1.06e-04,
4424,2.56e-01,-1.06e-04,
4425,2.48e-01,-1.06e-04,
4426,2.48e-01,-1.06e-04,
4427,2.48e-01,-1.06e-04,
4428,2.56e-01,-1.06e-04,
4429,2.48e-01,-1.06e-04,
4430,2.48e-01,-1.06e-04,
4431,2.56e-01,-1.06e-04,
4432,2.56e-01,-1.06e-04,
4433,2.48e-01,-1.06e-04,
4434,2.48e-01,-1.06e-04,
4435,2.56e-01,-1.06e-04,
4436,2.56e-01,-1.06e-04,
4437,2.48e-01,-1.06e-04,
4438,2.48e-01,-1.06e-04,
4439,2.56e-01,-1.06e-04,
4440,2.56e-01,-1.06e-04,
4441,2.48e-01,-1.06e-04,
4442,2.48e-01,-1.06e-04,
4443,2.56e-01,-1.06e-04,
4444,2.56e-01,-1.06e-04,
4445,2.48e-01,-1.06e-04,
4446,2.56e-01,-1.06e-04,
4447,2.56e-01,-1.06e-04,
4448,2.56e-01,-1.06e-04,
4449,2.56e-01,-1.06e-04,
4450,2.48e-01,-1.06e-04,
4451,2.56e-01,-1.06e-04,
4452,2.56e-01,-1.06e-04,
4453,2.56e-01,-1.06e-04,
4454,2.56e-01,-1.06e-04,
4455,2.56e-01,-1.06e-04,
4456,2.56e-01,-1.06e-04,
4457,2.56e-01,-1.06e-04,
4458,2.56e-01,-1.06e-04,
4459,2.56e-01,-1.06e-04,
4460,2.56e-01,-1.06e-04,
4461,2.56e-01,-1.06e-04,
4462,2.56e-01,-1.06e-04,
4463,2.56e-01,-1.06e-04,
4464,2.56e-01,-1.06e-04,
4465,2.56e-01,-1.06e-04,
4466,2.56e-01,-1.06e-04,
4467,2.56e-01,-1.06e-04,
4468,2.56e-01,-1.06e-04,
4469,2.56e-01,-1.06e-04,
4470,2.56e-01,-1.06e-04,
4471,2.56e-01,-1.06e-04,
4472,2.56e-01,-1.06e-04,
4473,2.56e-01,-1.06e-04,
4474,2.56e-01,-1.06e-04,
4475,2.56e-01,-1.06e-04,
4476,2.56e-01,-1.06e-04,
4477,2.56e-01,-1.06e-04,
4478,2.56e-01,-1.06e-04,
4479,2.56e-01,-1.06e-04,
4480,2.56e-01,-1.06e-04,
4481,2.56e-01,-1.06e-04,
4482,2.56e-01,-1.06e-04,
4483,2.56e-01,-1.06e-04,
4484,2.56e-01,-1.06e-04,
4485,2.56e-01,-1.06e-04,
4486,2.56e-01,-1.06e-04,
4487,2.56e-01,-1.06e-04,
4488,2.56e-01,-1.06e-04,
4489,2.56e-01,-1.06e-04,
4490,2.56e-01,-1.06e-04,
4491,2.56e-01,-1.06e-04,
4492,2.56e-01,-1.06e-04,
4493,2.56e-01,-1.06e-04,
4494,2.56e-01,-1.06e-04,
4495,2.56e-01,-1.06e-04,
4496,2.56e-01,-1.06e-04,
4497,2.56e-01,-1.06e-04,
4498,2.56e-01,-1.06e-04,
4499,2.56e-01,-1.06e-04,
4500,2.56e-01,-1.06e-04,
4501,2.56e-01,-1.06e-04,
4502,2.56e-01,-1.06e-04,
4503,2.56e-01,-1.06e-04,
4504,2.56e-01,-1.06e-04,
4505,2.56e-01,-1.06e-04,
4506,2.56e-01,-1.06e-04,
4507,2.56e-01,-1.06e-04,
4508,2.56e-01,-1.06e-04,
4509,2.56e-01,-1.06e-04,
4510,2.56e-01,-1.06e-04,
4511,2.56e-01,-1.06e-04,
4512,2.56e-01,-1.06e-04,
4513,2.56e-01,-1.06e-04,
4514,2.56e-01,-1.06e-04,
4515,2.64e-01,-1.06e-04,
4516,2.56e-01,-1.06e-04,
4517,2.56e-01,-1.06e-04,
4518,2.56e-01,-1.06e-04,
4519,2.64e-01,-1.06e-04,
4520,2.56e-01,-1.06e-04,
4521,2.56e-01,-1.06e-04,
4522,2.64e-01,-1.06e-04,
4523,2.64e-01,-1.06e-04,
4524,2.64e-01,-1.06e-04,
4525,2.56e-01,-1.06e-04,
4526,2.64e-01,-1.06e-04,
4527,2.64e-01,-1.06e-04,
4528,2.64e-01,-1.06e-04,
4529,2.56e-01,-1.06e-04,
4530,2.56e-01,-1.06e-04,
4531,2.64e-01,-1.06e-04,
4532,2.64e-01,-1.06e-04,
4533,2.56e-01,-1.06e-04,
4534,2.64e-01,-1.06e-04,
4535,2.64e-01,-1.06e-04,
4536,2.64e-01,-1.06e-04,
4537,2.64e-01,-1.06e-04,
4538,2.56e-01,-1.06e-04,
4539,2.64e-01,-1.06e-04,
4540,2.64e-01,-1.06e-04,
4541,2.64e-01,-1.06e-04,
4542,2.64e-01,-1.06e-04,
4543,2.64e-01,-1.06e-04,
4544,2.64e-01,-1.06e-04,
4545,2.56e-01,-1.06e-04,
4546,2.64e-01,-1.06e-04,
4547,2.64e-01,-1.06e-04,
4548,2.64e-01,-1.06e-04,
4549,2.56e-01,-1.06e-04,
4550,2.64e-01,-1.06e-04,
4551,2.64e-01,-1.06e-04,
4552,2.64e-01,-1.06e-04,
4553,2.64e-01,-1.06e-04,
4554,2.64e-01,-1.06e-04,
4555,2.64e-01,-1.06e-04,
4556,2.64e-01,-1.06e-04,
4557,2.64e-01,-1.06e-04,
4558,2.64e-01,-1.06e-04,
4559,2.64e-01,-1.06e-04,
4560,2.64e-01,-1.06e-04,
4561,2.64e-01,-1.06e-04,
4562,2.64e-01,8.00e-01,
4563,2.64e-01,-1.06e-04,
4564,2.64e-01,-1.06e-04,
4565,2.64e-01,-1.06e-04,
4566,2.64e-01,-1.06e-04,
4567,2.64e-01,-1.06e-04,
4568,2.64e-01,-1.06e-04,
4569,2.64e-01,-8.00e-01,
4570,2.56e-01,8.00e-01,
4571,2.64e-01,-1.06e-04,
4572,2.64e-01,-1.06e-04,
4573,2.64e-01,-1.06e-04,
4574,2.64e-01,-1.06e-04,
4575,2.64e-01,-1.06e-04,
4576,2.64e-01,-1.06e-04,
4577,2.64e-01,-1.06e-04,
4578,2.64e-01,-1.06e-04,
4579,2.64e-01,-1.06e-04,
4580,2.64e-01,-1.06e-04,
4581,2.64e-01,-1.06e-04,
4582,2.64e-01,-1.06e-04,
4583,2.64e-01,-1.06e-04,
4584,2.64e-01,-1.06e-04,
4585,2.64e-01,-1.06e-04,
4586,2.64e-01,-1.06e-04,
4587,2.64e-01,-1.06e-04,
4588,2.64e-01,-1.06e-04,
4589,2.64e-01,-1.06e-04,
4590,2.64e-01,-1.06e-04,
4591,2.64e-01,-1.06e-04,
4592,2.64e-01,-1.06e-04,
4593,2.64e-01,-1.06e-04,
4594,2.64e-01,-1.06e-04,
4595,2.64e-01,-1.06e-04,
4596,2.64e-01,-1.06e-04,
4597,2.64e-01,-1.06e-04,
4598,2.64e-01,-1.06e-04,
4599,2.64e-01,-1.06e-04,
4600,2.64e-01,-1.06e-04,
4601,2.64e-01,-1.06e-04,
4602,2.64e-01,-1.06e-04,
4603,2.72e-01,-1.06e-04,
4604,2.64e-01,-1.06e-04,
4605,2.64e-01,-1.06e-04,
4606,2.64e-01,-1.06e-04,
4607,2.64e-01,-1.06e-04,
4608,2.64e-01,-1.06e-04,
4609,2.64e-01,-1.06e-04,
4610,2.64e-01,-1.06e-04,
4611,2.72e-01,-1.06e-04,
4612,2.64e-01,-1.06e-04,
4613,2.64e-01,-1.06e-04,
4614,2.64e-01,-1.06e-04,
4615,2.72e-01,-1.06e-04,
4616,2.72e-01,-1.06e-04,
4617,2.64e-01,-1.06e-04,
4618,2.72e-01,-1.06e-04,
4619,2.72e-01,-1.06e-04,
4620,2.64e-01,-1.06e-04,
4621,2.64e-01,-1.06e-04,
4622,2.64e-01,-1.06e-04,
4623,2.72e-01,-1.06e-04,
4624,2.72e-01,-1.06e-04,
4625,2.64e-01,-1.06e-04,
4626,2.64e-01,-1.06e-04,
4627,2.72e-01,-1.06e-04,
4628,2.72e-01,-1.06e-04,
4629,2.64e-01,-1.06e-04,
4630,2.64e-01,-1.06e-04,
4631,2.72e-01,-1.06e-04,
4632,2.72e-01,-1.06e-04,
4633,2.72e-01,-1.06e-04,
4634,2.72e-01,-1.06e-04,
4635,2.72e-01,-1.06e-04,
4636,2.72e-01,-1.06e-04,
4637,2.64e-01,-1.06e-04,
4638,2.72e-01,-1.06e-04,
4639,2.72e-01,-1.06e-04,
4640,2.72e-01,-1.06e-04,
4641,2.72e-01,-1.06e-04,
4642,2.64e-01,-1.06e-04,
4643,2.72e-01,-1.06e-04,
4644,2.72e-01,-1.06e-04,
4645,2.72e-01,-1.06e-04,
4646,2.72e-01,-1.06e-04,
4647,2.72e-01,-1.06e-04,
4648,2.72e-01,-1.06e-04,
4649,2.72e-01,-1.06e-04,
4650,2.72e-01,-1.06e-04,
4651,2.72e-01,-1.06e-04,
4652,2.72e-01,-1.06e-04,
4653,2.72e-01,-1.06e-04,
4654,2.72e-01,-1.06e-04,
4655,2.72e-01,-1.06e-04,
4656,2.72e-01,-1.06e-04,
4657,2.72e-01,-1.06e-04,
4658,2.72e-01,-1.06e-04,
4659,2.72e-01,-1.06e-04,
4660,2.72e-01,-1.06e-04,
4661,2.72e-01,-1.06e-04,
4662,2.72e-01,-1.06e-04,
4663,2.72e-01,-1.06e-04,
4664,2.72e-01,-1.06e-04,
4665,2.72e-01,-1.06e-04,
4666,2.72e-01,-1.06e-04,
4667,2.72e-01,-1.06e-04,
4668,2.72e-01,-1.06e-04,
4669,2.72e-01,-1.06e-04,
4670,2.72e-01,-1.06e-04,
4671,2.72e-01,-1.06e-04,
4672,2.72e-01,-1.06e-04,
4673,2.72e-01,-1.06e-04,
4674,2.72e-01,-1.06e-04,
4675,2.72e-01,-1.06e-04,
4676,2.72e-01,-1.06e-04,
4677,2.72e-01,-1.06e-04,
4678,2.72e-01,-1.06e-04,
4679,2.72e-01,-1.06e-04,
4680,2.72e-01,-1.06e-04,
4681,2.72e-01,-1.06e-04,
4682,2.72e-01,-1.06e-04,
4683,2.72e-01,-1.06e-04,
4684,2.72e-01,-1.06e-04,
4685,2.72e-01,-1.06e-04,
4686,2.72e-01,-1.06e-04,
4687,2.72e-01,-1.06e-04,
4688,2.72e-01,-1.06e-04,
4689,2.72e-01,-1.06e-04,
4690,2.72e-01,-1.06e-04,
4691,2.72e-01,-1.06e-04,
4692,2.72e-01,-1.06e-04,
4693,2.72e-01,-1.06e-04,
4694,2.72e-01,-1.06e-04,
4695,2.72e-01,-1.06e-04,
4696,2.72e-01,-1.06e-04,
4697,2.72e-01,-1.06e-04,
4698,2.72e-01,-1.06e-04,
4699,2.72e-01,-1.06e-04,
4700,2.72e-01,-1.06e-04,
4701,2.72e-01,-1.06e-04,
4702,2.72e-01,-1.06e-04,
4703,2.72e-01,-1.06e-04,
4704,2.80e-01,-1.06e-04,
4705,2.72e-01,-1.06e-04,
4706,2.72e-01,-1.06e-04,
4707,2.80e-01,-1.06e-04,
4708,2.80e-01,-1.06e-04,
4709,2.72e-01,-1.06e-04,
4710,2.72e-01,-1.06e-04,
4711,2.80e-01,-1.06e-04,
4712,2.80e-01,-1.06e-04,
4713,2.72e-01,-1.06e-04,
4714,2.72e-01,-1.06e-04,
4715,2.80e-01,-1.06e-04,
4716,2.80e-01,-1.06e-04,
4717,2.72e-01,-1.06e-04,
4718,2.80e-01,-1.06e-04,
4719,2.72e-01,-1.06e-04,
4720,2.80e-01,-1.06e-04,
4721,2.72e-01,-1.06e-04,
4722,2.72e-01,-1.06e-04,
4723,2.80e-01,-1.06e-04,
4724,2.80e-01,-1.06e-04,
4725,2.72e-01,-1.06e-04,
4726,2.80e-01,-1.06e-04,
4727,2.80e-01,-1.06e-04,
4728,2.80e-01,-1.06e-04,
4729,2.80e-01,-1.06e-04,
4730,2.80e-01,-1.06e-04,
4731,2.80e-01,-1.06e-04,
4732,2.80e-01,-1.06e-04,
4733,2.80e-01,-1.06e-04,
4734,2.80e-01,-1.06e-04,
4735,2.80e-01,-1.06e-04,
4736,2.80e-01,-1.06e-04,
4737,2.72e-01,-1.06e-04,
4738,2.80e-01,-1.06e-04,
4739,2.80e-01,-1.06e-04,
4740,2.80e-01,-1.06e-04,
4741,2.80e-01,-1.06e-04,
4742,2.80e-01,-1.06e-04,
4743,2.80e-01,-1.06e-04,
4744,2.80e-01,-1.06e-04,
4745,2.80e-01,-1.06e-04,
4746,2.80e-01,-1.06e-04,
4747,2.80e-01,-1.06e-04,
4748,2.80e-01,-1.06e-04,
4749,2.80e-01,-1.06e-04,
4750,2.80e-01,-1.06e-04,
4751,2.80e-01,-1.06e-04,
4752,2.80e-01,-1.06e-04,
4753,2.80e-01,-1.06e-04,
4754,2.80e-01,-1.06e-04,
4755,2.80e-01,-1.06e-04,
4756,2.80e-01,-1.06e-04,
4757,2.80e-01,-1.06e-04,
4758,2.80e-01,-1.06e-04,
4759,2.80e-01,-1.06e-04,
4760,2.80e-01,-1.06e-04,
4761,2.80e-01,-1.06e-04,
4762,2.80e-01,-1.06e-04,
4763,2.80e-01,-1.06e-04,
4764,2.80e-01,-1.06e-04,
4765,2.80e-01,-1.06e-04,
4766,2.80e-01,-1.06e-04,
4767,2.80e-01,-1.06e-04,
4768,2.80e-01,-1.06e-04,
4769,2.80e-01,-8.00e-01,
4770,2.80e-01,8.00e-01,
4771,2.88e-01,-1.06e-04,
4772,2.80e-01,-1.06e-04,
4773,2.80e-01,-1.06e-04,
4774,2.80e-01,-1.06e-04,
4775,2.80e-01,-1.06e-04,
4776,2.80e-01,-1.06e-04,
4777,2.80e-01,-1.06e-04,
4778,2.80e-01,-1.06e-04,
4779,2.80e-01,-1.06e-04,
4780,2.80e-01,-1.06e-04,
4781,2.80e-01,-1.06e-04,
4782,2.80e-01,-1.06e-04,
4783,2.80e-01,-1.06e-04,
4784,2.88e-01,-1.06e-04,
4785,2.80e-01,-1.06e-04,
4786,2.80e-01,-1.06e-04,
4787,2.80e-01,-1.06e-04,
4788,2.80e-01,-1.06e-04,
4789,2.80e-01,-1.06e-04,
4790,2.80e-01,-1.06e-04,
4791,2.88e-01,-1.06e-04,
4792,2.80e-01,-1.06e-04,
4793,2.80e-01,-1.06e-04,
4794,2.80e-01,-1.06e-04,
4795,2.88e-01,-1.06e-04,
4796,2.80e-01,-1.06e-04,
4797,2.80e-01,-1.06e-04,
4798,2.80e-01,-1.06e-04,
4799,2.88e-01,-1.06e-04,
4800,2.88e-01,-1.06e-04,
4801,2.80e-01,-1.06e-04,
4802,2.80e-01,-1.06e-04,
4803,2.88e-01,-1.06e-04,
4804,2.80e-01,-1.06e-04,
4805,2.80e-01,-1.06e-04,
4806,2.80e-01,-1.06e-04,
4807,2.88e-01,-1.06e-04,
4808,2.88e-01,-1.06e-04,
4809,2.80e-01,-1.06e-04,
4810,2.88e-01,-1.06e-04,
4811,2.88e-01,-1.06e-04,
4812,2.88e-01,-1.06e-04,
4813,2.80e-01,-1.06e-04,
4814,2.80e-01,-1.06e-04,
4815,2.88e-01,-1.06e-04,
4816,2.88e-01,-1.06e-04,
4817,2.80e-01,-1.06e-04,
4818,2.80e-01,-1.06e-04,
4819,2.88e-01,-1.06e-04,
4820,2.88e-01,-1.06e-04,
4821,2.88e-01,-1.06e-04,
4822,2.88e-01,-1.06e-04,
4823,2.88e-01,-1.06e-04,
4824,2.88e-01,-1.06e-04,
4825,2.88e-01,-1.06e-04,
4826,2.88e-01,-1.06e-04,
4827,2.88e-01,-1.06e-04,
4828,2.88e-01,-1.06e-04,
4829,2.88e-01,-1.06e-04,
4830,2.88e-01,-1.06e-04,
4831,2.88e-01,-1.06e-04,
4832,2.88e-01,-1.06e-04,
4833,2.88e-01,-1.06e-04,
4834,2.88e-01,-1.06e-04,
4835,2.88e-01,-1.06e-04,
4836,2.88e-01,-1.06e-04,
4837,2.88e-01,-1.06e-04,
4838,2.88e-01,-1.06e-04,
4839,2.88e-01,-1.06e-04,
4840,2.88e-01,-1.06e-04,
4841,2.88e-01,-1.06e-04,
4842,2.88e-01,-1.06e-04,
4843,2.88e-01,-1.06e-04,
4844,2.88e-01,-1.06e-04,
4845,2.88e-01,-1.06e-04,
4846,2.88e-01,-1.06e-04,
4847,2.88e-01,-1.06e-04,
4848,2.88e-01,-1.06e-04,
4849,2.88e-01,-1.06e-04,
4850,2.88e-01,-1.06e-04,
4851,2.88e-01,-1.06e-04,
4852,2.88e-01,-1.06e-04,
4853,2.88e-01,-1.06e-04,
4854,2.88e-01,-1.06e-04,
4855,2.88e-01,-1.06e-04,
4856,2.88e-01,-1.06e-04,
4857,2.88e-01,-1.06e-04,
4858,2.88e-01,-1.06e-04,
4859,2.88e-01,-1.06e-04,
4860,2.88e-01,-1.06e-04,
4861,2.88e-01,-1.06e-04,
4862,2.88e-01,-1.06e-04,
4863,2.88e-01,-1.06e-04,
4864,2.88e-01,-1.06e-04,
4865,2.88e-01,-1.06e-04,
4866,2.88e-01,-1.06e-04,
4867,2.88e-01,-1.06e-04,
4868,2.88e-01,-1.06e-04,
4869,2.88e-01,-1.06e-04,
4870,2.88e-01,-1.06e-04,
4871,2.88e-01,-1.06e-04,
4872,2.88e-01,-1.06e-04,
4873,2.88e-01,-1.06e-04,
4874,2.88e-01,-1.06e-04,
4875,2.88e-01,-1.06e-04,
4876,2.88e-01,-1.06e-04,
4877,2.88e-01,-1.06e-04,
4878,2.88e-01,-1.06e-04,
4879,2.88e-01,-1.06e-04,
4880,2.88e-01,-1.06e-04,
4881,2.88e-01,-1.06e-04,
4882,2.88e-01,-1.06e-04,
4883,2.88e-01,-1.06e-04,
4884,2.88e-01,-1.06e-04,
4885,2.88e-01,-1.06e-04,
4886,2.88e-01,-1.06e-04,
4887,2.88e-01,-1.06e-04,
4888,2.96e-01,-1.06e-04,
4889,2.88e-01,-1.06e-04,
4890,2.88e-01,-1.06e-04,
4891,2.96e-01,-1.06e-04,
4892,2.88e-01,-1.06e-04,
4893,2.88e-01,-1.06e-04,
4894,2.88e-01,-1.06e-04,
4895,2.88e-01,-1.06e-04,
4896,2.96e-01,-1.06e-04,
4897,2.88e-01,-1.06e-04,
4898,2.96e-01,-1.06e-04,
4899,2.96e-01,-1.06e-04,
4900,2.88e-01,-1.06e-04,
4901,2.88e-01,-1.06e-04,
4902,2.88e-01,-1.06e-04,
4903,2.88e-01,-1.06e-04,
4904,2.88e-01,-1.06e-04,
4905,2.88e-01,-1.06e-04,
4906,2.96e-01,-1.06e-04,
4907,2.96e-01,-1.06e-04,
4908,2.96e-01,-1.06e-04,
4909,2.96e-01,-1.06e-04,
4910,2.96e-01,-1.06e-04,
4911,2.96e-01,-1.06e-04,
4912,2.96e-01,-1.06e-04,
4913,2.96e-01,-1.06e-04,
4914,2.96e-01,-1.06e-04,
4915,2.96e-01,-1.06e-04,
4916,2.96e-01,-1.06e-04,
4917,2.88e-01,-1.06e-04,
4918,2.96e-01,-1.06e-04,
4919,2.96e-01,-1.06e-04,
4920,2.96e-01,-1.06e-04,
4921,2.96e-01,-1.06e-04,
4922,2.96e-01,-1.06e-04,
4923,2.96e-01,-1.06e-04,
4924,2.96e-01,-1.06e-04,
4925,2.96e-01,-1.06e-04,
4926,2.96e-01,-1.06e-04,
4927,2.96e-01,-1.06e-04,
4928,2.96e-01,-1.06e-04,
4929,2.96e-01,-1.06e-04,
4930,2.96e-01,-1.06e-04,
4931,2.96e-01,-1.06e-04,
4932,2.96e-01,-1.06e-04,
4933,2.96e-01,-1.06e-04,
4934,2.96e-01,-1.06e-04,
4935,2.96e-01,-1.06e-04,
4936,2.96e-01,-1.06e-04,
4937,2.96e-01,-1.06e-04,
4938,2.96e-01,-1.06e-04,
4939,2.96e-01,-1.06e-04,
4940,2.96e-01,-1.06e-04,
4941,2.96e-01,-1.06e-04,
4942,2.96e-01,-1.06e-04,
4943,2.96e-01,-1.06e-04,
4944,2.96e-01,-1.06e-04,
4945,2.96e-01,-1.06e-04,
4946,2.96e-01,-1.06e-04,
4947,2.96e-01,-1.06e-04,
4948,2.96e-01,-1.06e-04,
4949,2.96e-01,-1.06e-04,
4950,2.96e-01,-1.06e-04,
4951,2.96e-01,-1.06e-04,
4952,2.96e-01,-1.06e-04,
4953,2.96e-01,-1.06e-04,
4954,2.96e-01,-1.06e-04,
4955,2.96e-01,-1.06e-04,
4956,2.96e-01,-1.06e-04,
4957,2.96e-01,-1.06e-04,
4958,2.96e-01,-1.06e-04,
4959,2.96e-01,-1.06e-04,
4960,2.96e-01,-1.06e-04,
4961,2.96e-01,-1.06e-04,
4962,2.96e-01,-1.06e-04,
4963,2.96e-01,-1.06e-04,
4964,2.96e-01,-1.06e-04,
4965,2.96e-01,-1.06e-04,
4966,2.96e-01,-1.06e-04,
4967,2.96e-01,-1.06e-04,
4968,2.96e-01,-1.06e-04,
4969,2.96e-01,-8.00e-01,
4970,2.96e-01,8.00e-01,
4971,3.12e-01,-1.06e-04,
4972,2.96e-01,-1.06e-04,
4973,2.96e-01,-1.06e-04,
4974,2.96e-01,-1.06e-04,
4975,2.96e-01,-1.06e-04,
4976,3.12e-01,-1.06e-04,
4977,2.96e-01,-1.06e-04,
4978,2.96e-01,-1.06e-04,
4979,3.12e-01,-1.06e-04,
4980,3.12e-01,-1.06e-04,
4981,2.96e-01,-1.06e-04,
4982,2.96e-01,-1.06e-04,
4983,3.12e-01,-1.06e-04,
4984,2.96e-01,-1.06e-04,
4985,2.96e-01,-1.06e-04,
4986,2.96e-01,-1.06e-04,
4987,2.96e-01,-1.06e-04,
4988,2.96e-01,-1.06e-04,
4989,2.88e-01,-1.06e-04,
4990,2.72e-01,-1.06e-04,
4991,2.56e-01,-1.06e-04,
4992,2.32e-01,-1.06e-04,
4993,2.16e-01,-1.06e-04,
4994,2.16e-01,-1.06e-04,
4995,2.16e-01,-1.06e-04,
4996,2.24e-01,-1.06e-04,
4997,2.40e-01,-1.06e-04,
4998,2.48e-01,-1.06e-04,
4999,2.64e-01,-1.06e-04,
5000,2.72e-01,-1.06e-04,
5001,2.72e-01,-1.06e-04,
5002,2.72e-01,-1.06e-04,
5003,2.80e-01,-1.06e-04,
5004,2.80e-01,-1.06e-04,
5005,2.80e-01,-1.06e-04,
5006,2.80e-01,-1.06e-04,
5007,2.80e-01,-1.06e-04,
5008,2.88e-01,-1.06e-04,
5009,2.80e-01,-1.06e-04,
5010,2.80e-01,-1.06e-04,
5011,2.80e-01,-1.06e-04,
5012,2.80e-01,-1.06e-04,
5013,2.80e-01,-1.06e-04,
5014,2.80e-01,-1.06e-04,
5015,2.88e-01,-1.06e-04,
5016,2.88e-01,-1.06e-04,
5017,2.80e-01,-1.06e-04,
5018,2.80e-01,-1.06e-04,
5019,2.88e-01,-1.06e-04,
5020,2.88e-01,-1.06e-04,
5021,2.88e-01,-1.06e-04,
5022,2.88e-01,-1.06e-04,
5023,2.88e-01,-1.06e-04,
5024,2.88e-01,-1.06e-04,
5025,2.88e-01,-1.06e-04,
5026,2.88e-01,-1.06e-04,
5027,2.88e-01,-1.06e-04,
5028,2.88e-01,-1.06e-04,
5029,2.88e-01,-1.06e-04,
5030,2.88e-01,-1.06e-04,
5031,2.88e-01,-1.06e-04,
5032,2.88e-01,-1.06e-04,
5033,2.88e-01,-1.06e-04,
5034,2.88e-01,-1.06e-04,
5035,2.96e-01,-1.06e-04,
5036,2.96e-01,-1.06e-04,
5037,2.96e-01,-1.06e-04,
5038,2.96e-01,-1.06e-04,
5039,2.96e-01,-1.06e-04,
5040,2.96e-01,-1.06e-04,
5041,2.88e-01,-1.06e-04,
5042,2.88e-01,-1.06e-04,
5043,2.96e-01,-1.06e-04,
5044,2.96e-01,-1.06e-04,
5045,2.96e-01,-1.06e-04,
5046,2.96e-01,-1.06e-04,
5047,2.96e-01,-1.06e-04,
5048,2.96e-01,-1.06e-04,
5049,2.96e-01,-1.06e-04,
5050,2.96e-01,-1.06e-04,
5051,2.96e-01,-1.06e-04,
5052,2.96e-01,-1.06e-04,
5053,2.96e-01,-1.06e-04,
5054,2.96e-01,-1.06e-04,
5055,2.96e-01,-1.06e-04,
5056,2.96e-01,-1.06e-04,
5057,2.96e-01,-1.06e-04,
5058,2.96e-01,-1.06e-04,
5059,2.96e-01,-1.06e-04,
5060,2.96e-01,-1.06e-04,
5061,2.96e-01,-1.06e-04,
5062,2.96e-01,-1.06e-04,
5063,2.96e-01,-1.06e-04,
5064,2.96e-01,-1.06e-04,
5065,2.96e-01,-1.06e-04,
5066,2.96e-01,-1.06e-04,
5067,3.12e-01,-1.06e-04,
5068,2.96e-01,-1.06e-04,
5069,2.96e-01,-1.06e-04,
5070,2.96e-01,-1.06e-04,
5071,3.12e-01,-1.06e-04,
5072,2.96e-01,-1.06e-04,
5073,2.96e-01,-1.06e-04,
5074,2.96e-01,-1.06e-04,
5075,3.12e-01,-1.06e-04,
5076,3.12e-01,-1.06e-04,
5077,2.96e-01,-1.06e-04,
5078,3.12e-01,-1.06e-04,
5079,3.12e-01,-1.06e-04,
5080,3.12e-01,-1.06e-04,
5081,3.12e-01,-1.06e-04,
5082,3.12e-01,8.00e-01,
5083,3.12e-01,-1.06e-04,
5084,3.12e-01,-1.06e-04,
5085,2.96e-01,-1.06e-04,
5086,3.12e-01,-1.06e-04,
5087,3.12e-01,-1.06e-04,
5088,3.12e-01,-1.06e-04,
5089,2.96e-01,-1.06e-04,
5090,3.12e-01,-1.06e-04,
5091,3.12e-01,-1.06e-04,
5092,3.12e-01,-1.06e-04,
5093,3.12e-01,-1.06e-04,
5094,3.12e-01,-1.06e-04,
5095,3.12e-01,-1.06e-04,
5096,3.12e-01,-1.06e-04,
5097,3.12e-01,-1.06e-04,
5098,3.12e-01,-1.06e-04,
5099,3.12e-01,-1.06e-04,
5100,3.12e-01,-1.06e-04,
5101,3.12e-01,-1.06e-04,
5102,2.96e-01,8.00e-01,
5103,2.96e-01,-1.06e-04,
5104,2.96e-01,-1.06e-04,
5105,2.96e-01,-1.06e-04,
5106,2.96e-01,8.00e-01,
5107,2.96e-01,8.00e-01,
5108,2.96e-01,8.00e-01,
5109,2.96e-01,8.00e-01,
5110,2.96e-01,8.00e-01,
5111,2.96e-01,8.00e-01,
5112,2.96e-01,8.00e-01,
5113,2.96e-01,8.00e-01,
5114,2.96e-01,1.60e+00,
5115,2.96e-01,1.60e+00,
5116,2.96e-01,8.00e-01,
5117,2.96e-01,1.60e+00,
5118,2.96e-01,1.60e+00,
5119,2.96e-01,1.60e+00,
5120,2.96e-01,1.60e+00,
5121,2.96e-01,1.60e+00,
5122,2.88e-01,3.20e+00,
5123,2.96e-01,3.20e+00,
5124,2.96e-01,3.20e+00,
5125,2.96e-01,3.20e+00,
5126,2.96e-01,3.20e+00,
5127,2.96e-01,3.20e+00,
5128,2.96e-01,3.20e+00,
5129,2.88e-01,3.20e+00,
5130,2.96e-01,4.00e+00,
5131,2.96e-01,4.00e+00,
5132,2.96e-01,4.00e+00,
5133,2.96e-01,4.00e+00,
5134,2.96e-01,4.80e+00,
5135,2.96e-01,4.80e+00,
5136,2.96e-01,4.00e+00,
5137,2.88e-01,4.80e+00,
5138,2.96e-01,4.80e+00,
5139,2.96e-01,4.80e+00,
5140,2.96e-01,4.80e+00,
5141,2.96e-01,5.60e+00,
5142,2.88e-01,5.60e+00,
5143,2.96e-01,5.60e+00,
5144,2.96e-01,5.60e+00,
5145,2.88e-01,5.60e+00,
5146,2.88e-01,6.40e+00,
5147,2.88e-01,6.40e+00,
5148,2.88e-01,6.40e+00,
5149,2.88e-01,6.40e+00,
5150,2.88e-01,7.20e+00,
5151,2.80e-01,7.20e+00,
5152,2.80e-01,7.20e+00,
5153,2.72e-01,8.00e+00,
5154,2.64e-01,8.80e+00,
5155,2.64e-01,8.80e+00,
5156,2.56e-01,8.80e+00,
5157,2.48e-01,1.04e+01,
5158,2.40e-01,1.12e+01,
5159,2.32e-01,1.20e+01,
5160,2.24e-01,1.28e+01,
5161,2.08e-01,1.44e+01,
5162,1.92e-01,1.60e+01,
5163,1.76e-01,1.76e+01,
5164,1.44e-01,1.92e+01,
5165,1.20e-01,2.16e+01,
5166,1.04e-01,2.32e+01,
5167,8.00e-02,2.64e+01,
5168,4.80e-02,2.96e+01,
5169,2.40e-02,3.20e+01,
5170,-8.00e-03,3.52e+01,
5171,-3.20e-02,3.92e+01,
5172,-7.20e-02,4.16e+01,
5173,-1.68e-01,4.48e+01,
5174,-4.40e-01,4.64e+01,
5175,-6.64e-01,4.80e+01,
5176,-8.16e-01,4.88e+01,
5177,-8.80e-01,4.88e+01,
5178,-8.64e-01,4.88e+01,
5179,-8.32e-01,4.88e+01,
5180,-7.60e-01,4.80e+01,
5181,-6.64e-01,4.80e+01,
5182,-5.44e-01,4.64e+01,
5183,-4.24e-01,4.56e+01,
5184,-3.04e-01,4.48e+01,
5185,-1.68e-01,4.48e+01,
5186,-4.00e-02,4.40e+01,
5187,5.60e-02,4.40e+01,
5188,1.20e-01,4.32e+01,
5189,1.28e-01,4.32e+01,
5190,9.60e-02,4.40e+01,
5191,4.00e-02,4.48e+01,
5192,-4.80e-02,4.48e+01,
5193,-1.20e-01,4.56e+01,
5194,-1.76e-01,4.56e+01,
5195,-1.84e-01,4.56e+01,
5196,-1.60e-01,4.56e+01,
5197,-1.04e-01,4.56e+01,
5198,-3.20e-02,4.56e+01,
5199,2.40e-02,4.48e+01,
5200,5.60e-02,4.48e+01,
5201,6.40e-02,4.48e+01,
5202,4.00e-02,4.56e+01,
5203,-8.00e-03,4.56e+01,
5204,-4.80e-02,4.64e+01,
5205,-9.60e-02,4.64e+01,
5206,-1.12e-01,4.80e+01,
5207,-1.12e-01,4.64e+01,
5208,-9.60e-02,4.64e+01,
5209,-6.40e-02,4.64e+01,
5210,-2.40e-02,4.64e+01,
5211,1.60e-02,4.64e+01,
5212,2.40e-02,4.64e+01,
5213,2.40e-02,4.64e+01,
5214,0.00e+00,4.80e+01,
5215,-2.40e-02,4.80e+01,
5216,-5.60e-02,4.80e+01,
5217,-7.20e-02,4.80e+01,
5218,-8.80e-02,4.80e+01,
5219,-8.00e-02,4.80e+01,
5220,-6.40e-02,4.80e+01,
5221,-4.80e-02,4.80e+01,
5222,-2.40e-02,4.80e+01,
5223,-8.00e-03,4.80e+01,
5224,0.00e+00,4.80e+01,
5225,-8.00e-03,4.80e+01,
5226,-1.60e-02,4.88e+01,
5227,-3.20e-02,4.88e+01,
5228,-4.80e-02,4.88e+01,
5229,-6.40e-02,4.88e+01,
5230,-6.40e-02,4.88e+01,
5231,-5.60e-02,4.88e+01,
5232,-4.80e-02,4.88e+01,
5233,-3.20e-02,4.88e+01,
5234,-2.40e-02,4.88e+01,
5235,-1.60e-02,4.88e+01,
5236,-1.60e-02,4.88e+01,
5237,-2.40e-02,4.88e+01,
5238,-2.40e-02,4.88e+01,
5239,-4.00e-02,4.88e+01,
5240,-4.80e-02,4.88e+01,
5241,-4.80e-02,4.88e+01,
5242,-4.80e-02,4.96e+01,
5243,-4.00e-02,4.88e+01,
5244,-4.00e-02,4.88e+01,
5245,-3.20e-02,4.88e+01,
5246,-2.40e-02,4.88e+01,
5247,-2.40e-02,4.88e+01,
5248,-2.40e-02,4.88e+01,
5249,-3.20e-02,4.88e+01,
5250,-3.20e-02,4.88e+01,
5251,-4.00e-02,4.88e+01,
5252,-4.00e-02,4.88e+01,
5253,-4.80e-02,4.88e+01,
5254,-4.00e-02,4.88e+01,
5255,-4.00e-02,4.88e+01,
5256,-3.20e-02,4.88e+01,
5257,-3.20e-02,4.88e+01,
5258,-2.40e-02,4.88e+01,
5259,-2.40e-02,4.88e+01,
5260,-3.20e-02,4.88e+01,
5261,-3.20e-02,4.88e+01,
5262,-3.20e-02,4.88e+01,
5263,-3.20e-02,4.88e+01,
5264,-4.00e-02,4.88e+01,
5265,-4.00e-02,4.88e+01,
5266,-3.20e-02,4.88e+01,
5267,-3.20e-02,4.88e+01,
5268,-3.20e-02,4.88e+01,
5269,-3.20e-02,4.88e+01,
5270,-2.40e-02,4.88e+01,
5271,-3.20e-02,4.88e+01,
5272,-3.20e-02,4.80e+01,
5273,-3.20e-02,4.80e+01,
5274,-3.20e-02,4.80e+01,
5275,-3.20e-02,4.80e+01,
5276,-3.20e-02,4.80e+01,
5277,-4.00e-02,4.80e+01,
5278,-4.00e-02,4.80e+01,
5279,-7.20e-02,4.64e+01,
5280,-3.12e-01,4.48e+01,
5281,-5.84e-01,4.24e+01,
5282,-4.16e-01,4.08e+01,
5283,-8.00e-03,3.92e+01,
5284,1.92e-01,3.68e+01,
5285,6.40e-02,3.36e+01,
5286,-6.40e-02,3.20e+01,
5287,-1.60e-02,3.04e+01,
5288,6.40e-02,2.88e+01,
5289,4.80e-02,2.80e+01,
5290,1.60e-02,2.72e+01,
5291,2.40e-02,2.56e+01,
5292,4.00e-02,2.40e+01,
5293,3.20e-02,2.40e+01,
5294,3.20e-02,2.32e+01,
5295,2.40e-02,2.24e+01,
5296,3.20e-02,2.24e+01,
5297,3.20e-02,2.24e+01,
5298,3.20e-02,2.24e+01,
5299,3.20e-02,2.16e+01,
5300,3.20e-02,2.16e+01,
5301,3.20e-02,2.16e+01,
5302,2.40e-02,2.24e+01,
5303,2.40e-02,2.24e+01,
5304,2.40e-02,2.24e+01,
5305,1.60e-02,2.24e+01,
5306,1.60e-02,2.32e+01,
5307,1.60e-02,2.32e+01,
5308,1.60e-02,2.32e+01,
5309,0.00e+00,2.40e+01,
5310,0.00e+00,2.56e+01,
5311,0.00e+00,2.56e+01,
5312,-8.00e-03,2.56e+01,
5313,-1.60e-02,2.64e+01,
5314,-1.60e-02,2.72e+01,
5315,-1.60e-02,2.72e+01,
5316,-1.60e-02,2.80e+01,
5317,-2.40e-02,2.80e+01,
5318,-2.40e-02,2.88e+01,
5319,-2.40e-02,2.88e+01,
5320,-2.40e-02,2.96e+01,
5321,-3.20e-02,3.04e+01,
5322,-2.40e-02,3.04e+01,
5323,-2.40e-02,3.04e+01,
5324,-3.20e-02,3.12e+01,
5325,-3.20e-02,3.12e+01,
5326,-3.20e-02,3.20e+01,
5327,-3.20e-02,3.20e+01,
5328,-3.20e-02,3.20e+01,
5329,-3.20e-02,3.28e+01,
5330,-3.20e-02,3.28e+01,
5331,-3.20e-02,3.28e+01,
5332,-3.20e-02,3.28e+01,
5333,-3.20e-02,3.36e+01,
5334,-3.20e-02,3.36e+01,
5335,-3.20e-02,3.36e+01,
5336,-3.20e-02,3.36e+01,
5337,-3.20e-02,3.36e+01,
5338,-3.20e-02,3.36e+01,
5339,-2.40e-02,3.36e+01,
5340,-2.40e-02,3.36e+01,
5341,-3.20e-02,3.36e+01,
5342,-2.40e-02,3.44e+01,
5343,-2.40e-02,3.44e+01,
5344,-2.40e-02,3.36e+01,
5345,-2.40e-02,3.44e+01,
5346,-2.40e-02,3.44e+01,
5347,-2.40e-02,3.44e+01,
5348,-2.40e-02,3.36e+01,
5349,-2.40e-02,3.36e+01,
5350,-2.40e-02,3.44e+01,
5351,-2.40e-02,3.36e+01,
5352,-2.40e-02,3.36e+01,
5353,-2.40e-02,3.36e+01,
5354,-2.40e-02,3.44e+01,
5355,-2.40e-02,3.36e+01,
5356,-2.40e-02,3.36e+01,
5357,-2.40e-02,3.36e+01,
5358,-2.40e-02,3.36e+01,
5359,-2.40e-02,3.36e+01,
5360,-2.40e-02,3.36e+01,
5361,-2.40e-02,3.36e+01,
5362,-2.40e-02,3.36e+01,
5363,-2.40e-02,3.36e+01,
5364,-2.40e-02,3.36e+01,
5365,-2.40e-02,3.36e+01,
5366,-2.40e-02,3.36e+01,
5367,-2.40e-02,3.36e+01,
5368,-2.40e-02,3.36e+01,
5369,-2.40e-02,3.28e+01,
5370,-2.40e-02,3.36e+01,
5371,-2.40e-02,3.28e+01,
5372,-2.40e-02,3.28e+01,
5373,-2.40e-02,3.28e+01,
5374,-2.40e-02,3.28e+01,
5375,-2.40e-02,3.28e+01,
5376,-2.40e-02,3.28e+01,
5377,-2.40e-02,3.28e+01,
5378,-1.60e-02,3.28e+01,
5379,-1.60e-02,3.28e+01,
5380,-2.40e-02,3.28e+01,
5381,-2.40e-02,3.28e+01,
5382,-1.60e-02,3.28e+01,
5383,-2.40e-02,3.28e+01,
5384,-2.40e-02,3.28e+01,
5385,-2.40e-02,3.28e+01,
5386,-1.60e-02,3.28e+01,
5387,-1.60e-02,3.28e+01,
5388,-1.60e-02,3.28e+01,
5389,-2.40e-02,3.28e+01,
5390,-2.40e-02,3.28e+01,
5391,-2.40e-02,3.28e+01,
5392,-1.60e-02,3.28e+01,
5393,-2.40e-02,3.28e+01,
5394,-2.40e-02,3.28e+01,
5395,-2.40e-02,3.28e+01,
5396,-2.40e-02,3.28e+01,
5397,-2.40e-02,3.28e+01,
5398,-2.40e-02,3.28e+01,
5399,-2.40e-02,3.28e+01,
5400,-2.40e-02,3.28e+01,
5401,-2.40e-02,3.28e+01,
5402,-2.40e-02,3.28e+01,
5403,-2.40e-02,3.28e+01,
5404,-1.60e-02,3.28e+01,
5405,-2.40e-02,3.28e+01,
5406,-2.40e-02,3.28e+01,
5407,-1.60e-02,3.28e+01,
5408,-2.40e-02,3.28e+01,
5409,-2.40e-02,3.28e+01,
5410,-1.60e-02,3.28e+01,
5411,-1.60e-02,3.28e+01,
5412,-1.60e-02,3.28e+01,
5413,-2.40e-02,3.28e+01,
5414,-1.60e-02,3.28e+01,
5415,-2.40e-02,3.28e+01,
5416,-1.60e-02,3.28e+01,
5417,-2.40e-02,3.28e+01,
5418,-2.40e-02,3.28e+01,
5419,-2.40e-02,3.28e+01,
5420,-1.60e-02,3.28e+01,
5421,-2.40e-02,3.28e+01,
5422,-2.40e-02,3.28e+01,
5423,-2.40e-02,3.28e+01,
5424,-2.40e-02,3.28e+01,
5425,-2.40e-02,3.28e+01,
5426,-2.40e-02,3.28e+01,
5427,-2.40e-02,3.28e+01,
5428,-2.40e-02,3.28e+01,
5429,-2.40e-02,3.28e+01,
5430,-1.60e-02,3.28e+01,
5431,-2.40e-02,3.28e+01,
5432,-1.60e-02,3.28e+01,
5433,-2.40e-02,3.28e+01,
5434,-2.40e-02,3.28e+01,
5435,-2.40e-02,3.28e+01,
5436,-1.60e-02,3.28e+01,
5437,-2.40e-02,3.28e+01,
5438,-1.60e-02,3.28e+01,
5439,-2.40e-02,3.28e+01,
5440,-1.60e-02,3.28e+01,
5441,-2.40e-02,3.28e+01,
5442,-1.60e-02,3.28e+01,
5443,-1.60e-02,3.28e+01,
5444,-1.60e-02,3.28e+01,
5445,-2.40e-02,3.28e+01,
5446,-2.40e-02,3.28e+01,
5447,-1.60e-02,3.28e+01,
5448,-1.60e-02,3.28e+01,
5449,-2.40e-02,3.28e+01,
5450,-2.40e-02,3.28e+01,
5451,-2.40e-02,3.28e+01,
5452,-2.40e-02,3.28e+01,
5453,-2.40e-02,3.28e+01,
5454,-1.60e-02,3.28e+01,
5455,-2.40e-02,3.28e+01,
5456,-1.60e-02,3.28e+01,
5457,-2.40e-02,3.28e+01,
5458,-2.40e-02,3.28e+01,
5459,-2.40e-02,3.28e+01,
5460,-1.60e-02,3.28e+01,
5461,-2.40e-02,3.28e+01,
5462,-1.60e-02,3.28e+01,
5463,-2.40e-02,3.28e+01,
5464,-2.40e-02,3.28e+01,
5465,-2.40e-02,3.28e+01,
5466,-1.60e-02,3.28e+01,
5467,-1.60e-02,3.28e+01,
5468,-1.60e-02,3.28e+01,
5469,-2.40e-02,3.28e+01,
5470,-1.60e-02,3.28e+01,
5471,-1.60e-02,3.28e+01,
5472,-2.40e-02,3.28e+01,
5473,-2.40e-02,3.28e+01,
5474,-2.40e-02,3.28e+01,
5475,-1.60e-02,3.28e+01,
5476,-1.60e-02,3.28e+01,
5477,-2.40e-02,3.28e+01,
5478,-1.60e-02,3.28e+01,
5479,-2.40e-02,3.28e+01,
5480,-2.40e-02,3.28e+01,
5481,-2.40e-02,3.28e+01,
5482,-2.40e-02,3.28e+01,
5483,-1.60e-02,3.28e+01,
5484,-1.60e-02,3.28e+01,
5485,-2.40e-02,3.28e+01,
5486,-1.60e-02,3.28e+01,
5487,-2.40e-02,3.28e+01,
5488,-1.60e-02,3.20e+01,
5489,-2.40e-02,3.28e+01,
5490,-2.40e-02,3.28e+01,
5491,-1.60e-02,3.28e+01,
5492,-2.40e-02,3.28e+01,
5493,-2.40e-02,3.28e+01,
5494,-1.60e-02,3.28e+01,
5495,-2.40e-02,3.28e+01,
5496,-1.60e-02,3.20e+01,
5497,-2.40e-02,3.28e+01,
5498,-1.60e-02,3.28e+01,
5499,-1.60e-02,3.28e+01,
5500,-1.60e-02,3.28e+01,
5501,-1.60e-02,3.28e+01,
5502,-1.60e-02,3.28e+01,
5503,-1.60e-02,3.28e+01,
5504,-1.60e-02,3.20e+01,
5505,-2.40e-02,3.28e+01,
5506,-1.60e-02,3.28e+01,
5507,-1.60e-02,3.28e+01,
5508,-1.60e-02,3.20e+01,
5509,-2.40e-02,3.28e+01,
5510,-1.60e-02,3.28e+01,
5511,-1.60e-02,3.28e+01,
5512,-2.40e-02,3.28e+01,
5513,-2.40e-02,3.28e+01,
5514,-1.60e-02,3.28e+01,
5515,-1.60e-02,3.28e+01,
5516,-1.60e-02,3.28e+01,
5517,-1.60e-02,3.28e+01,
5518,-1.60e-02,3.28e+01,
5519,-1.60e-02,3.28e+01,
5520,-1.60e-02,3.28e+01,
5521,-2.40e-02,3.28e+01,
5522,-1.60e-02,3.28e+01,
5523,-1.60e-02,3.28e+01,
5524,-1.60e-02,3.28e+01,
5525,-2.40e-02,3.28e+01,
5526,-1.60e-02,3.28e+01,
5527,-1.60e-02,3.28e+01,
5528,-1.60e-02,3.20e+01,
5529,-1.60e-02,3.28e+01,
5530,-1.60e-02,3.28e+01,
5531,-1.60e-02,3.28e+01,
5532,-1.60e-02,3.28e+01,
5533,-1.60e-02,3.28e+01,
5534,-1.60e-02,3.28e+01,
5535,-1.60e-02,3.28e+01,
5536,-1.60e-02,3.20e+01,
5537,-1.60e-02,3.28e+01,
5538,-1.60e-02,3.28e+01,
5539,-1.60e-02,3.28e+01,
5540,-1.60e-02,3.28e+01,
5541,-2.40e-02,3.28e+01,
5542,-1.60e-02,3.28e+01,
5543,-1.60e-02,3.28e+01,
5544,-1.60e-02,3.20e+01,
5545,-1.60e-02,3.20e+01,
5546,-1.60e-02,3.28e+01,
5547,-1.60e-02,3.28e+01,
5548,-1.60e-02,3.28e+01,
5549,-1.60e-02,3.20e+01,
5550,-1.60e-02,3.28e+01,
5551,-1.60e-02,3.28e+01,
5552,-1.60e-02,3.20e+01,
5553,-1.60e-02,3.28e+01,
5554,-1.60e-02,3.28e+01,
5555,-1.60e-02,3.28e+01,
5556,-1.60e-02,3.28e+01,
5557,-1.60e-02,3.28e+01,
5558,-1.60e-02,3.28e+01,
5559,-1.60e-02,3.28e+01,
5560,-1.60e-02,3.20e+01,
5561,-1.60e-02,3.20e+01,
5562,-1.60e-02,3.28e+01,
5563,-1.60e-02,3.28e+01,
5564,-1.60e-02,3.28e+01,
5565,-1.60e-02,3.28e+01,
5566,-1.60e-02,3.28e+01,
5567,-1.60e-02,3.28e+01,
5568,-1.60e-02,3.28e+01,
5569,-1.60e-02,3.20e+01,
5570,-1.60e-02,3.28e+01,
5571,-1.60e-02,3.20e+01,
5572,-1.60e-02,3.20e+01,
5573,-1.60e-02,3.28e+01,
5574,-1.60e-02,3.28e+01,
5575,-1.60e-02,3.28e+01,
5576,-1.60e-02,3.20e+01,
5577,-1.60e-02,3.28e+01,
5578,-1.60e-02,3.28e+01,
5579,-1.60e-02,3.20e+01,
5580,-1.60e-02,3.20e+01,
5581,-1.60e-02,3.28e+01,
5582,-1.60e-02,3.28e+01,
5583,-1.60e-02,3.28e+01,
5584,-1.60e-02,3.20e+01,
5585,-1.60e-02,3.28e+01,
5586,-1.60e-02,3.28e+01,
5587,-1.60e-02,3.28e+01,
5588,-1.60e-02,3.20e+01,
5589,-1.60e-02,3.20e+01,
5590,-1.60e-02,3.28e+01,
5591,-1.60e-02,3.28e+01,
5592,-1.60e-02,3.20e+01,
5593,-1.60e-02,3.28e+01,
5594,-1.60e-02,3.28e+01,
5595,-1.60e-02,3.28e+01,
5596,-1.60e-02,3.20e+01,
5597,-1.60e-02,3.28e+01,
5598,-1.60e-02,3.28e+01,
5599,-1.60e-02,3.28e+01,
5600,-1.60e-02,3.20e+01,
5601,-1.60e-02,3.20e+01,
5602,-1.60e-02,3.28e+01,
5603,-1.60e-02,3.20e+01,
5604,-1.60e-02,3.28e+01,
5605,-1.60e-02,3.20e+01,
5606,-1.60e-02,3.28e+01,
5607,-1.60e-02,3.28e+01,
5608,-1.60e-02,3.20e+01,
5609,-1.60e-02,3.20e+01,
5610,-1.60e-02,3.28e+01,
5611,-1.60e-02,3.28e+01,
5612,-1.60e-02,3.28e+01,
5613,-1.60e-02,3.20e+01,
5614,-1.60e-02,3.28e+01,
5615,-1.60e-02,3.28e+01,
5616,-1.60e-02,3.20e+01,
5617,-1.60e-02,3.28e+01,
5618,-1.60e-02,3.28e+01,
5619,-1.60e-02,3.28e+01,
5620,-1.60e-02,3.28e+01,
5621,-1.60e-02,3.20e+01,
5622,-1.60e-02,3.28e+01,
5623,-1.60e-02,3.28e+01,
5624,-1.60e-02,3.20e+01,
5625,-1.60e-02,3.28e+01,
5626,-1.60e-02,3.28e+01,
5627,-1.60e-02,3.28e+01,
5628,-1.60e-02,3.20e+01,
5629,-1.60e-02,3.20e+01,
5630,-1.60e-02,3.28e+01,
5631,-1.60e-02,3.28e+01,
5632,-1.60e-02,3.20e+01,
5633,-1.60e-02,3.20e+01,
5634,-1.60e-02,3.28e+01,
5635,-1.60e-02,3.28e+01,
5636,-1.60e-02,3.20e+01,
5637,-1.60e-02,3.20e+01,
5638,-1.60e-02,3.28e+01,
5639,-1.60e-02,3.28e+01,
5640,-1.60e-02,3.20e+01,
5641,-1.60e-02,3.20e+01,
5642,-1.60e-02,3.28e+01,
5643,-1.60e-02,3.28e+01,
5644,-1.60e-02,3.20e+01,
5645,-1.60e-02,3.20e+01,
5646,-1.60e-02,3.28e+01,
5647,-1.60e-02,3.28e+01,
5648,-1.60e-02,3.20e+01,
5649,-1.60e-02,3.20e+01,
5650,-1.60e-02,3.28e+01,
5651,-1.60e-02,3.28e+01,
5652,-1.60e-02,3.20e+01,
5653,-1.60e-02,3.20e+01,
5654,-1.60e-02,3.28e+01,
5655,-1.60e-02,3.28e+01,
5656,-1.60e-02,3.20e+01,
5657,-1.60e-02,3.20e+01,
5658,-1.60e-02,3.28e+01,
5659,-1.60e-02,3.28e+01,
5660,-1.60e-02,3.28e+01,
5661,-1.60e-02,3.20e+01,
5662,-1.60e-02,3.28e+01,
5663,-1.60e-02,3.28e+01,
5664,-1.60e-02,3.20e+01,
5665,-1.60e-02,3.20e+01,
5666,-1.60e-02,3.28e+01,
5667,-1.60e-02,3.28e+01,
5668,-1.60e-02,3.20e+01,
5669,-1.60e-02,3.28e+01,
5670,-1.60e-02,3.28e+01,
5671,-1.60e-02,3.28e+01,
5672,-1.60e-02,3.20e+01,
5673,-1.60e-02,3.20e+01,
5674,-1.60e-02,3.28e+01,
5675,-1.60e-02,3.28e+01,
5676,-1.60e-02,3.20e+01,
5677,-1.60e-02,3.20e+01,
5678,-1.60e-02,3.28e+01,
5679,-1.60e-02,3.20e+01,
5680,-1.60e-02,3.28e+01,
5681,-1.60e-02,3.20e+01,
5682,-1.60e-02,3.28e+01,
5683,-1.60e-02,3.20e+01,
5684,-1.60e-02,3.20e+01,
5685,-1.60e-02,3.28e+01,
5686,-1.60e-02,3.28e+01,
5687,-1.60e-02,3.28e+01,
5688,-1.60e-02,3.20e+01,
5689,-1.60e-02,3.28e+01,
5690,-1.60e-02,3.28e+01,
5691,-1.60e-02,3.20e+01,
5692,-1.60e-02,3.20e+01,
5693,-1.60e-02,3.20e+01,
5694,-1.60e-02,3.28e+01,
5695,-1.60e-02,3.28e+01,
5696,-1.60e-02,3.20e+01,
5697,-1.60e-02,3.28e+01,
5698,-1.60e-02,3.28e+01,
5699,-1.60e-02,3.20e+01,
5700,-1.60e-02,3.20e+01,
5701,-1.60e-02,3.20e+01,
5702,-1.60e-02,3.28e+01,
5703,-1.60e-02,3.20e+01,
5704,-1.60e-02,3.20e+01,
5705,-1.60e-02,3.28e+01,
5706,-1.60e-02,3.20e+01,
5707,-1.60e-02,3.28e+01,
5708,-1.60e-02,3.20e+01,
5709,-1.60e-02,3.28e+01,
5710,-1.60e-02,3.28e+01,
5711,-1.60e-02,3.28e+01,
5712,-1.60e-02,3.20e+01,
5713,-1.60e-02,3.20e+01,
5714,-1.60e-02,3.28e+01,
5715,-1.60e-02,3.28e+01,
5716,-1.60e-02,3.20e+01,
5717,-1.60e-02,3.28e+01,
5718,-1.60e-02,3.28e+01,
5719,-1.60e-02,3.28e+01,
5720,-1.60e-02,3.20e+01,
5721,-1.60e-02,3.20e+01,
5722,-1.60e-02,3.28e+01,
5723,-1.60e-02,3.20e+01,
5724,-1.60e-02,3.20e+01,
5725,-1.60e-02,3.20e+01,
5726,-1.60e-02,3.28e+01,
5727,-1.60e-02,3.28e+01,
5728,-1.60e-02,3.20e+01,
5729,-1.60e-02,3.20e+01,
5730,-1.60e-02,3.28e+01,
5731,-1.60e-02,3.20e+01,
5732,-1.60e-02,3.20e+01,
5733,-1.60e-02,3.20e+01,
5734,-1.60e-02,3.28e+01,
5735,-1.60e-02,3.28e+01,
5736,-1.60e-02,3.20e+01,
5737,-1.60e-02,3.28e+01,
5738,-1.60e-02,3.28e+01,
5739,-1.60e-02,3.20e+01,
5740,-1.60e-02,3.28e+01,
5741,-1.60e-02,3.20e+01,
5742,-1.60e-02,3.28e+01,
5743,-1.60e-02,3.28e+01,
5744,-1.60e-02,3.20e+01,
5745,-1.60e-02,3.28e+01,
5746,-1.60e-02,3.28e+01,
5747,-1.60e-02,3.28e+01,
5748,-1.60e-02,3.20e+01,
5749,-1.60e-02,3.20e+01,
5750,-1.60e-02,3.28e+01,
5751,-1.60e-02,3.20e+01,
5752,-1.60e-02,3.20e+01,
5753,-1.60e-02,3.20e+01,
5754,-1.60e-02,3.28e+01,
5755,-1.60e-02,3.28e+01,
5756,-1.60e-02,3.20e+01,
5757,-1.60e-02,3.28e+01,
5758,-1.60e-02,3.28e+01,
5759,-1.60e-02,3.20e+01,
5760,-1.60e-02,3.20e+01,
5761,-1.60e-02,3.20e+01,
5762,-1.60e-02,3.28e+01,
5763,-1.60e-02,3.20e+01,
5764,-1.60e-02,3.20e+01,
5765,-1.60e-02,3.28e+01,
5766,-1.60e-02,3.20e+01,
5767,-1.60e-02,3.20e+01,
5768,-1.60e-02,3.28e+01,
5769,-1.60e-02,3.20e+01,
5770,-1.60e-02,3.28e+01,
5771,-1.60e-02,3.28e+01,
5772,-1.60e-02,3.20e+01,
5773,-1.60e-02,3.28e+01,
5774,-1.60e-02,3.28e+01,
5775,-1.60e-02,3.28e+01,
5776,-1.60e-02,3.20e+01,
5777,-1.60e-02,3.20e+01,
5778,-1.60e-02,3.28e+01,
5779,-1.60e-02,3.20e+01,
5780,-1.60e-02,3.20e+01,
5781,-1.60e-02,3.20e+01,
5782,-1.60e-02,3.28e+01,
5783,-1.60e-02,3.28e+01,
5784,-1.60e-02,3.20e+01,
5785,-1.60e-02,3.20e+01,
5786,-1.60e-02,3.28e+01,
5787,-1.60e-02,3.28e+01,
5788,-1.60e-02,3.20e+01,
5789,-1.60e-02,3.20e+01,
5790,-1.60e-02,3.28e+01,
5791,-1.60e-02,3.28e+01,
5792,-1.60e-02,3.20e+01,
5793,-1.60e-02,3.20e+01,
5794,-1.60e-02,3.28e+01,
5795,-1.60e-02,3.20e+01,
5796,-1.60e-02,3.20e+01,
5797,-1.60e-02,3.28e+01,
5798,-1.60e-02,3.28e+01,
5799,-1.60e-02,3.28e+01,
5800,-1.60e-02,3.20e+01,
5801,-1.60e-02,3.20e+01,
5802,-1.60e-02,3.28e+01,
5803,-1.60e-02,3.20e+01,
5804,-1.60e-02,3.20e+01,
5805,-1.60e-02,3.20e+01,
5806,-1.60e-02,3.28e+01,
5807,-1.60e-02,3.28e+01,
5808,-1.60e-02,3.20e+01,
5809,-1.60e-02,3.20e+01,
5810,-1.60e-02,3.28e+01,
5811,-1.60e-02,3.20e+01,
5812,-1.60e-02,3.28e+01,
5813,-1.60e-02,3.20e+01,
5814,-1.60e-02,3.28e+01,
5815,-1.60e-02,3.28e+01,
5816,-1.60e-02,3.20e+01,
5817,-1.60e-02,3.20e+01,
5818,-1.60e-02,3.28e+01,
5819,-1.60e-02,3.28e+01,
5820,-1.60e-02,3.20e+01,
5821,-1.60e-02,3.20e+01,
5822,-1.60e-02,3.28e+01,
5823,-1.60e-02,3.28e+01,
5824,-1.60e-02,3.20e+01,
5825,-1.60e-02,3.20e+01,
5826,-1.60e-02,3.28e+01,
5827,-1.60e-02,3.28e+01,
5828,-1.60e-02,3.20e+01,
5829,-1.60e-02,3.20e+01,
5830,-1.60e-02,3.28e+01,
5831,-1.60e-02,3.28e+01,
5832,-1.60e-02,3.20e+01,
5833,-1.60e-02,3.20e+01,
5834,-1.60e-02,3.28e+01,
5835,-1.60e-02,3.20e+01,
5836,-1.60e-02,3.28e+01,
5837,-1.60e-02,3.20e+01,
5838,-1.60e-02,3.28e+01,
5839,-1.60e-02,3.28e+01,
5840,-1.60e-02,3.20e+01,
5841,-1.60e-02,3.20e+01,
5842,-1.60e-02,3.28e+01,
5843,-1.60e-02,3.28e+01,
5844,-1.60e-02,3.20e+01,
5845,-1.60e-02,3.20e+01,
5846,-1.60e-02,3.20e+01,
5847,-1.60e-02,3.28e+01,
5848,-1.60e-02,3.20e+01,
5849,-1.60e-02,3.20e+01,
5850,-1.60e-02,3.28e+01,
5851,-1.60e-02,3.20e+01,
5852,-1.60e-02,3.28e+01,
5853,-1.60e-02,3.20e+01,
5854,-8.00e-03,3.28e+01,
5855,-1.60e-02,3.28e+01,
5856,-1.60e-02,3.20e+01,
5857,-1.60e-02,3.20e+01,
5858,-1.60e-02,3.28e+01,
5859,-1.60e-02,3.20e+01,
5860,-1.60e-02,3.20e+01,
5861,-1.60e-02,3.20e+01,
5862,-1.60e-02,3.28e+01,
5863,-1.60e-02,3.28e+01,
5864,-1.60e-02,3.20e+01,
5865,-1.60e-02,3.20e+01,
5866,-1.60e-02,3.28e+01,
5867,-1.60e-02,3.28e+01,
5868,-1.60e-02,3.20e+01,
5869,-1.60e-02,3.20e+01,
5870,-1.60e-02,3.28e+01,
5871,-1.60e-02,3.28e+01,
5872,-1.60e-02,3.20e+01,
5873,-1.60e-02,3.20e+01,
5874,-1.60e-02,3.28e+01,
5875,-1.60e-02,3.20e+01,
5876,-1.60e-02,3.20e+01,
5877,-1.60e-02,3.20e+01,
5878,-1.60e-02,3.28e+01,
5879,-1.60e-02,3.28e+01,
5880,-1.60e-02,3.20e+01,
5881,-1.60e-02,3.28e+01,
5882,-1.60e-02,3.28e+01,
5883,-1.60e-02,3.28e+01,
5884,-1.60e-02,3.20e+01,
5885,-1.60e-02,3.20e+01,
5886,-1.60e-02,3.28e+01,
5887,-1.60e-02,3.28e+01,
5888,-1.60e-02,3.20e+01,
5889,-1.60e-02,3.20e+01,
5890,-8.00e-03,3.28e+01,
5891,-8.00e-03,3.20e+01,
5892,-1.60e-02,3.20e+01,
5893,-1.60e-02,3.20e+01,
5894,-1.60e-02,3.28e+01,
5895,-1.60e-02,3.28e+01,
5896,-1.60e-02,3.20e+01,
5897,-1.60e-02,3.20e+01,
5898,-1.60e-02,3.28e+01,
5899,-1.60e-02,3.28e+01,
5900,-1.60e-02,3.20e+01,
5901,-1.60e-02,3.20e+01,
5902,-1.60e-02,3.28e+01,
5903,-1.60e-02,3.28e+01,
5904,-1.60e-02,3.20e+01,
5905,-1.60e-02,3.28e+01,
5906,-1.60e-02,3.28e+01,
5907,-1.60e-02,3.28e+01,
5908,-1.60e-02,3.20e+01,
5909,-1.60e-02,3.20e+01,
5910,-1.60e-02,3.28e+01,
5911,-1.60e-02,3.28e+01,
5912,-1.60e-02,3.20e+01,
5913,-1.60e-02,3.20e+01,
5914,-1.60e-02,3.28e+01,
5915,-1.60e-02,3.28e+01,
5916,-1.60e-02,3.20e+01,
5917,-1.60e-02,3.28e+01,
5918,-1.60e-02,3.28e+01,
5919,-1.60e-02,3.28e+01,
5920,-1.60e-02,3.20e+01,
5921,-1.60e-02,3.20e+01,
5922,-1.60e-02,3.28e+01,
5923,-1.60e-02,3.28e+01,
5924,-1.60e-02,3.20e+01,
5925,-1.60e-02,3.20e+01,
5926,-1.60e-02,3.20e+01,
5927,-1.60e-02,3.28e+01,
5928,-1.60e-02,3.20e+01,
5929,-1.60e-02,3.20e+01,
5930,-1.60e-02,3.28e+01,
5931,-1.60e-02,3.20e+01,
5932,-1.60e-02,3.20e+01,
5933,-1.60e-02,3.28e+01,
5934,-1.60e-02,3.28e+01,
5935,-1.60e-02,3.28e+01,
5936,-1.60e-02,3.20e+01,
5937,-1.60e-02,3.20e+01,
5938,-1.60e-02,3.28e+01,
5939,-1.60e-02,3.28e+01,
5940,-1.60e-02,3.20e+01,
5941,-1.60e-02,3.20e+01,
5942,-1.60e-02,3.28e+01,
5943,-1.60e-02,3.28e+01,
5944,-1.60e-02,3.20e+01,
5945,-1.60e-02,3.28e+01,
5946,-1.60e-02,3.28e+01,
5947,-1.60e-02,3.28e+01,
5948,-1.60e-02,3.20e+01,
5949,-1.60e-02,3.20e+01,
5950,-1.60e-02,3.28e+01,
5951,-1.60e-02,3.28e+01,
5952,-1.60e-02,3.20e+01,
5953,-1.60e-02,3.20e+01,
5954,-1.60e-02,3.28e+01,
5955,-1.60e-02,3.28e+01,
5956,-1.60e-02,3.20e+01,
5957,-1.60e-02,3.28e+01,
5958,-1.60e-02,3.28e+01,
5959,-1.60e-02,3.28e+01,
5960,-1.60e-02,3.20e+01,
5961,-1.60e-02,3.20e+01,
5962,-1.60e-02,3.28e+01,
5963,-1.60e-02,3.28e+01,
5964,-1.60e-02,3.20e+01,
5965,-1.60e-02,3.28e+01,
5966,-1.60e-02,3.28e+01,
5967,-1.60e-02,3.20e+01,
5968,-1.60e-02,3.28e+01,
5969,-1.60e-02,3.20e+01,
5970,-1.60e-02,3.28e+01,
5971,-1.60e-02,3.20e+01,
5972,-1.60e-02,3.20e+01,
5973,-1.60e-02,3.28e+01,
5974,-1.60e-02,3.20e+01,
5975,-1.60e-02,3.28e+01,
5976,-1.60e-02,3.20e+01,
5977,-1.60e-02,3.20e+01,
5978,-1.60e-02,3.28e+01,
5979,-1.60e-02,3.20e+01,
5980,-1.60e-02,3.20e+01,
5981,-1.60e-02,3.20e+01,
5982,-1.60e-02,3.28e+01,
5983,-1.60e-02,3.28e+01,
5984,-1.60e-02,3.20e+01,
5985,-1.60e-02,3.20e+01,
5986,-1.60e-02,3.28e+01,
5987,-1.60e-02,3.28e+01,
5988,-1.60e-02,3.20e+01,
5989,-1.60e-02,3.28e+01,
5990,-1.60e-02,3.28e+01,
5991,-1.60e-02,3.28e+01,
5992,-1.60e-02,3.28e+01,
5993,-1.60e-02,3.20e+01,
5994,-1.60e-02,3.28e+01,
5995,-1.60e-02,3.20e+01,
5996,-1.60e-02,3.20e+01,
5997,-1.60e-02,3.28e+01,
5998,-1.60e-02,3.28e+01,
5999,-1.60e-02,3.28e+01,
6000,-1.60e-02,3.20e+01,
6001,-1.60e-02,3.20e+01,
6002,-1.60e-02,3.28e+01,
6003,-1.60e-02,3.20e+01,
6004,-1.60e-02,3.20e+01,
6005,-1.60e-02,3.20e+01,
6006,-1.60e-02,3.28e+01,
6007,-1.60e-02,3.28e+01,
6008,-1.60e-02,3.20e+01,
6009,-1.60e-02,3.20e+01,
6010,-1.60e-02,3.28e+01,
6011,-1.60e-02,3.28e+01,
6012,-1.60e-02,3.20e+01,
6013,-1.60e-02,3.20e+01,
6014,-1.60e-02,3.28e+01,
6015,-1.60e-02,3.28e+01,
6016,-1.60e-02,3.20e+01,
6017,-1.60e-02,3.20e+01,
6018,-1.60e-02,3.28e+01,
6019,-1.60e-02,3.20e+01,
6020,-1.60e-02,3.20e+01,
6021,-1.60e-02,3.20e+01,
6022,-1.60e-02,3.28e+01,
6023,-1.60e-02,3.28e+01,
6024,-1.60e-02,3.20e+01,
6025,-1.60e-02,3.20e+01,
6026,-1.60e-02,3.28e+01,
6027,-1.60e-02,3.28e+01,
6028,-1.60e-02,3.20e+01,
6029,-1.60e-02,3.20e+01,
6030,-1.60e-02,3.28e+01,
6031,-1.60e-02,3.28e+01,
6032,-1.60e-02,3.20e+01,
6033,-1.60e-02,3.20e+01,
6034,-8.00e-03,3.28e+01,
6035,-1.60e-02,3.20e+01,
6036,-1.60e-02,3.20e+01,
6037,-1.60e-02,3.20e+01,
6038,-1.60e-02,3.28e+01,
6039,-1.60e-02,3.28e+01,
6040,-1.60e-02,3.20e+01,
6041,-1.60e-02,3.20e+01,
6042,-1.60e-02,3.28e+01,
6043,-1.60e-02,3.28e+01,
6044,-1.60e-02,3.20e+01,
6045,-1.60e-02,3.20e+01,
6046,-8.00e-03,3.28e+01,
6047,-1.60e-02,3.28e+01,
6048,-1.60e-02,3.20e+01,
6049,-1.60e-02,3.28e+01,
6050,-1.60e-02,3.28e+01,
6051,-1.60e-02,3.20e+01,
6052,-1.60e-02,3.20e+01,
6053,-1.60e-02,3.20e+01,
6054,-1.60e-02,3.28e+01,
6055,-8.00e-03,3.28e+01,
6056,-1.60e-02,3.20e+01,
6057,-1.60e-02,3.20e+01,
6058,-1.60e-02,3.28e+01,
6059,-1.60e-02,3.20e+01,
6060,-1.60e-02,3.20e+01,
6061,-1.60e-02,3.20e+01,
6062,-1.60e-02,3.28e+01,
6063,-1.60e-02,3.28e+01,
6064,-8.00e-03,3.20e+01,
6065,-1.60e-02,3.20e+01,
6066,-1.60e-02,3.28e+01,
6067,-1.60e-02,3.20e+01,
6068,-1.60e-02,3.20e+01,
6069,-1.60e-02,3.20e+01,
6070,-1.60e-02,3.28e+01,
6071,-1.60e-02,3.20e+01,
6072,-1.60e-02,3.20e+01,
6073,-1.60e-02,3.20e+01,
6074,-1.60e-02,3.28e+01,
6075,-1.60e-02,3.20e+01,
6076,-1.60e-02,3.20e+01,
6077,-1.60e-02,3.28e+01,
6078,-8.00e-03,3.28e+01,
6079,-8.00e-03,3.28e+01,
6080,-1.60e-02,3.20e+01,
6081,-1.60e-02,3.20e+01,
6082,-8.00e-03,3.28e+01,
6083,-8.00e-03,3.20e+01,
6084,-1.60e-02,3.20e+01,
6085,-1.60e-02,3.20e+01,
6086,-1.60e-02,3.28e+01,
6087,-8.00e-03,3.28e+01,
6088,-1.60e-02,3.20e+01,
6089,-1.60e-02,3.20e+01,
6090,-1.60e-02,3.28e+01,
6091,-1.60e-02,3.20e+01,
6092,-1.60e-02,3.20e+01,
6093,-1.60e-02,3.20e+01,
6094,-8.00e-03,3.28e+01,
6095,-8.00e-03,3.20e+01,
6096,-1.60e-02,3.20e+01,
6097,-1.60e-02,3.28e+01,
6098,-8.00e-03,3.28e+01,
6099,-1.60e-02,3.28e+01,
6100,-1.60e-02,3.20e+01,
6101,-1.60e-02,3.20e+01,
6102,-1.60e-02,3.28e+01,
6103,-1.60e-02,3.28e+01,
6104,-1.60e-02,3.20e+01,
6105,-1.60e-02,3.28e+01,
6106,-1.60e-02,3.28e+01,
6107,-1.60e-02,3.28e+01,
6108,-1.60e-02,3.20e+01,
6109,-1.60e-02,3.20e+01,
6110,-8.00e-03,3.28e+01,
6111,-1.60e-02,3.20e+01,
6112,-1.60e-02,3.20e+01,
6113,-1.60e-02,3.20e+01,
6114,-8.00e-03,3.28e+01,
6115,-1.60e-02,3.28e+01,
6116,-1.60e-02,3.20e+01,
6117,-1.60e-02,3.20e+01,
6118,-1.60e-02,3.28e+01,
6119,-1.60e-02,3.28e+01,
6120,-1.60e-02,3.20e+01,
6121,-1.60e-02,3.20e+01,
6122,-1.60e-02,3.28e+01,
6123,-8.00e-03,3.20e+01,
6124,-1.60e-02,3.20e+01,
6125,-1.60e-02,3.28e+01,
6126,-1.60e-02,3.28e+01,
6127,-8.00e-03,3.28e+01,
6128,-1.60e-02,3.20e+01,
6129,-1.60e-02,3.20e+01,
6130,-1.60e-02,3.28e+01,
6131,-1.60e-02,3.20e+01,
6132,-1.60e-02,3.28e+01,
6133,-1.60e-02,3.20e+01,
6134,-1.60e-02,3.28e+01,
6135,-1.60e-02,3.28e+01,
6136,-1.60e-02,3.20e+01,
6137,-1.60e-02,3.20e+01,
6138,-1.60e-02,3.28e+01,
6139,-1.60e-02,3.28e+01,
6140,-1.60e-02,3.20e+01,
6141,-1.60e-02,3.20e+01,
6142,-8.00e-03,3.28e+01,
6143,-1.60e-02,3.20e+01,
6144,-1.60e-02,3.20e+01,
6145,-1.60e-02,3.20e+01,
6146,-1.60e-02,3.28e+01,
6147,-1.60e-02,3.28e+01,
6148,-1.60e-02,3.20e+01,
6149,-1.60e-02,3.20e+01,
6150,-8.00e-03,3.28e+01,
6151,-1.60e-02,3.28e+01,
6152,-1.60e-02,3.20e+01,
6153,-1.60e-02,3.20e+01,
6154,-1.60e-02,3.28e+01,
6155,-1.60e-02,3.28e+01,
6156,-1.60e-02,3.20e+01,
6157,-1.60e-02,3.28e+01,
6158,-1.60e-02,3.28e+01,
6159,-1.60e-02,3.28e+01,
6160,-1.60e-02,3.20e+01,
6161,-1.60e-02,3.20e+01,
6162,-1.60e-02,3.28e+01,
6163,-8.00e-03,3.28e+01,
6164,-1.60e-02,3.20e+01,
6165,-1.60e-02,3.28e+01,
6166,-8.00e-03,3.20e+01,
6167,-1.60e-02,3.20e+01,
6168,-1.60e-02,3.28e+01,
6169,-1.60e-02,3.20e+01,
6170,-1.60e-02,3.28e+01,
6171,-1.60e-02,3.28e+01,
6172,-1.60e-02,3.20e+01,
6173,-1.60e-02,3.28e+01,
6174,-1.60e-02,3.20e+01,
6175,-1.60e-02,3.28e+01,
6176,-1.60e-02,3.20e+01,
6177,-1.60e-02,3.20e+01,
6178,-1.60e-02,3.28e+01,
6179,-8.00e-03,3.20e+01,
6180,-1.60e-02,3.20e+01,
6181,-1.60e-02,3.28e+01,
6182,-1.60e-02,3.28e+01,
6183,-1.60e-02,3.20e+01,
6184,-1.60e-02,3.20e+01,
6185,-1.60e-02,3.20e+01,
6186,-1.60e-02,3.28e+01,
6187,-1.60e-02,3.28e+01,
6188,-1.60e-02,3.20e+01,
6189,-1.60e-02,3.28e+01,
6190,-1.60e-02,3.28e+01,
6191,-8.00e-03,3.20e+01,
6192,-1.60e-02,3.20e+01,
6193,-1.60e-02,3.20e+01,
6194,-8.00e-03,3.28e+01,
6195,-1.60e-02,3.28e+01,
6196,-1.60e-02,3.20e+01,
6197,-1.60e-02,3.20e+01,
6198,-1.60e-02,3.28e+01,
6199,-8.00e-03,3.20e+01,
6200,-1.60e-02,3.20e+01,
6201,-1.60e-02,3.20e+01,
6202,-8.00e-03,3.28e+01,
6203,-1.60e-02,3.20e+01,
6204,-1.60e-02,3.20e+01,
6205,-1.60e-02,3.28e+01,
6206,-1.60e-02,3.28e+01,
6207,-1.60e-02,3.28e+01,
6208,-8.00e-03,3.20e+01,
6209,-1.60e-02,3.28e+01,
6210,-8.00e-03,3.28e+01,
6211,-1.60e-02,3.28e+01,
6212,-1.60e-02,3.20e+01,
6213,-1.60e-02,3.20e+01,
6214,-8.00e-03,3.28e+01,
6215,-8.00e-03,3.20e+01,
6216,-1.60e-02,3.20e+01,
6217,-1.60e-02,3.20e+01,
6218,-8.00e-03,3.28e+01,
6219,-1.60e-02,3.20e+01,
6220,-1.60e-02,3.20e+01,
6221,-1.60e-02,3.20e+01,
6222,-1.60e-02,3.28e+01,
6223,-1.60e-02,3.28e+01,
6224,-8.00e-03,3.20e+01,
6225,-1.60e-02,3.20e+01,
6226,-1.60e-02,3.28e+01,
6227,-1.60e-02,3.28e+01,
6228,-8.00e-03,3.20e+01,
6229,-1.60e-02,3.20e+01,
6230,-8.00e-03,3.28e+01,
6231,-1.60e-02,3.28e+01,
6232,-1.60e-02,3.20e+01,
6233,-1.60e-02,3.20e+01,
6234,-1.60e-02,3.28e+01,
6235,-1.60e-02,3.28e+01,
6236,-1.60e-02,3.20e+01,
6237,-1.60e-02,3.28e+01,
6238,-1.60e-02,3.28e+01,
6239,-8.00e-03,3.28e+01,
6240,-8.00e-03,3.20e+01,
6241,-1.60e-02,3.20e+01,
6242,-1.60e-02,3.28e+01,
6243,-8.00e-03,3.20e+01,
6244,-8.00e-03,3.20e+01,
6245,-1.60e-02,3.20e+01,
6246,-8.00e-03,3.28e+01,
6247,-1.60e-02,3.28e+01,
6248,-1.60e-02,3.20e+01,
6249,-1.60e-02,3.20e+01,
6250,-1.60e-02,3.28e+01,
6251,-8.00e-03,3.28e+01,
6252,-1.60e-02,3.20e+01,
6253,-1.60e-02,3.28e+01,
6254,-8.00e-03,3.28e+01,
6255,-1.60e-02,3.28e+01,
6256,-8.00e-03,3.20e+01,
6257,-1.60e-02,3.20e+01,
6258,-8.00e-03,3.28e+01,
6259,-1.60e-02,3.20e+01,
6260,-8.00e-03,3.28e+01,
6261,-1.60e-02,3.20e+01,
6262,-8.00e-03,3.28e+01,
6263,-1.60e-02,3.28e+01,
6264,-1.60e-02,3.20e+01,
6265,-1.60e-02,3.28e+01,
6266,-1.60e-02,3.28e+01,
6267,-1.60e-02,3.28e+01,
6268,-1.60e-02,3.20e+01,
6269,-1.60e-02,3.20e+01,
6270,-8.00e-03,3.28e+01,
6271,-1.60e-02,3.20e+01,
6272,-1.60e-02,3.20e+01,
6273,-1.60e-02,3.20e+01,
6274,-1.60e-02,3.28e+01,
6275,-1.60e-02,3.28e+01,
6276,-1.60e-02,3.20e+01,
6277,-1.60e-02,3.28e+01,
6278,-8.00e-03,3.28e+01,
6279,-8.00e-03,3.28e+01,
6280,-1.60e-02,3.20e+01,
6281,-1.60e-02,3.20e+01,
6282,-1.60e-02,3.28e+01,
6283,-1.60e-02,3.28e+01,
6284,-1.60e-02,3.20e+01,
6285,-1.60e-02,3.28e+01,
6286,-8.00e-03,3.28e+01,
6287,-8.00e-03,3.28e+01,
6288,-1.60e-02,3.20e+01,
6289,-1.60e-02,3.20e+01,
6290,-8.00e-03,3.28e+01,
6291,-8.00e-03,3.20e+01,
6292,-1.60e-02,3.20e+01,
6293,-1.60e-02,3.20e+01,
6294,-8.00e-03,3.28e+01,
6295,-1.60e-02,3.28e+01,
6296,-8.00e-03,3.20e+01,
6297,-1.60e-02,3.28e+01,
6298,-8.00e-03,3.28e+01,
6299,-8.00e-03,3.20e+01,
6300,-1.60e-02,3.20e+01,
6301,-1.60e-02,3.20e+01,
6302,-8.00e-03,3.28e+01,
6303,-8.00e-03,3.28e+01,
6304,-8.00e-03,3.20e+01,
6305,-1.60e-02,3.20e+01,
6306,-1.60e-02,3.28e+01,
6307,-8.00e-03,3.20e+01,
6308,-1.60e-02,3.20e+01,
6309,-1.60e-02,3.20e+01,
6310,-1.60e-02,3.28e+01,
6311,-8.00e-03,3.28e+01,
6312,-1.60e-02,3.20e+01,
6313,-1.60e-02,3.20e+01,
6314,-1.60e-02,3.28e+01,
6315,-8.00e-03,3.28e+01,
6316,-1.60e-02,3.20e+01,
6317,-1.60e-02,3.28e+01,
6318,-8.00e-03,3.28e+01,
6319,-8.00e-03,3.28e+01,
6320,-8.00e-03,3.20e+01,
6321,-1.60e-02,3.20e+01,
6322,-1.60e-02,3.28e+01,
6323,-1.60e-02,3.20e+01,
6324,-1.60e-02,3.20e+01,
6325,-1.60e-02,3.28e+01,
6326,-1.60e-02,3.28e+01,
6327,-8.00e-03,3.28e+01,
6328,-8.00e-03,3.20e+01,
6329,-1.60e-02,3.20e+01,
6330,-8.00e-03,3.28e+01,
6331,-1.60e-02,3.28e+01,
6332,-8.00e-03,3.20e+01,
6333,-1.60e-02,3.20e+01,
6334,-1.60e-02,3.28e+01,
6335,-8.00e-03,3.28e+01,
6336,-8.00e-03,3.20e+01,
6337,-1.60e-02,3.20e+01,
6338,-8.00e-03,3.28e+01,
6339,-1.60e-02,3.20e+01,
6340,-8.00e-03,3.28e+01,
6341,-1.60e-02,3.20e+01,
6342,-8.00e-03,3.28e+01,
6343,-8.00e-03,3.20e+01,
6344,-1.60e-02,3.20e+01,
6345,-1.60e-02,3.28e+01,
6346,-8.00e-03,3.28e+01,
6347,-8.00e-03,3.28e+01,
6348,-8.00e-03,3.20e+01,
6349,-1.60e-02,3.28e+01,
6350,-8.00e-03,3.28e+01,
6351,-8.00e-03,3.28e+01,
6352,-1.60e-02,3.20e+01,
6353,-1.60e-02,3.20e+01,
6354,-1.60e-02,3.28e+01,
6355,-1.60e-02,3.20e+01,
6356,-8.00e-03,3.20e+01,
6357,-1.60e-02,3.28e+01,
6358,-8.00e-03,3.28e+01,
6359,-1.60e-02,3.28e+01,
6360,-1.60e-02,3.20e+01,
6361,-1.60e-02,3.20e+01,
6362,-8.00e-03,3.28e+01,
6363,-8.00e-03,3.20e+01,
6364,-1.60e-02,3.20e+01,
6365,-1.60e-02,3.28e+01,
6366,-8.00e-03,3.28e+01,
6367,-8.00e-03,3.20e+01,
6368,-1.60e-02,3.28e+01,
6369,-1.60e-02,3.20e+01,
6370,-1.60e-02,3.28e+01,
6371,-8.00e-03,3.20e+01,
6372,-8.00e-03,3.20e+01,
6373,-1.60e-02,3.28e+01,
6374,-8.00e-03,3.20e+01,
6375,-8.00e-03,3.28e+01,
6376,-8.00e-03,3.20e+01,
6377,-1.60e-02,3.20e+01,
6378,-8.00e-03,3.28e+01,
6379,-8.00e-03,3.20e+01,
6380,-1.60e-02,3.20e+01,
6381,-1.60e-02,3.20e+01,
6382,-1.60e-02,3.28e+01,
6383,-1.60e-02,3.20e+01,
6384,-8.00e-03,3.20e+01,
6385,-1.60e-02,3.20e+01,
6386,-8.00e-03,3.28e+01,
6387,-8.00e-03,3.28e+01,
6388,-1.60e-02,3.20e+01,
6389,-1.60e-02,3.28e+01,
6390,-8.00e-03,3.28e+01,
6391,-8.00e-03,3.20e+01,
6392,-1.60e-02,3.20e+01,
6393,-1.60e-02,3.20e+01,
6394,-8.00e-03,3.28e+01,
6395,-8.00e-03,3.28e+01,
6396,-1.60e-02,3.28e+01,
6397,-1.60e-02,3.28e+01,
6398,-8.00e-03,3.28e+01,
6399,-1.60e-02,3.28e+01,
6400,-8.00e-03,3.20e+01,
6401,-1.60e-02,3.20e+01,
6402,-8.00e-03,3.28e+01,
6403,-8.00e-03,3.20e+01,
6404,-1.60e-02,3.20e+01,
6405,-1.60e-02,3.28e+01,
6406,-1.60e-02,3.20e+01,
6407,-1.60e-02,3.28e+01,
6408,-1.60e-02,3.20e+01,
6409,-1.60e-02,3.20e+01,
6410,-1.60e-02,3.28e+01,
6411,-1.60e-02,3.20e+01,
6412,-1.60e-02,3.20e+01,
6413,-1.60e-02,3.20e+01,
6414,-1.60e-02,3.28e+01,
6415,-8.00e-03,3.28e+01,
6416,-8.00e-03,3.20e+01,
6417,-1.60e-02,3.20e+01,
6418,-8.00e-03,3.28e+01,
6419,-8.00e-03,3.28e+01,
6420,-1.60e-02,3.20e+01,
6421,-1.60e-02,3.20e+01,
6422,-8.00e-03,3.28e+01,
6423,-8.00e-03,3.28e+01,
6424,-1.60e-02,3.20e+01,
6425,-1.60e-02,3.20e+01,
6426,-8.00e-03,3.28e+01,
6427,-8.00e-03,3.28e+01,
6428,-1.60e-02,3.20e+01,
6429,-1.60e-02,3.20e+01,
6430,-8.00e-03,3.28e+01,
6431,-8.00e-03,3.28e+01,
6432,-1.60e-02,3.20e+01,
6433,-1.60e-02,3.20e+01,
6434,-8.00e-03,3.28e+01,
6435,-8.00e-03,3.20e+01,
6436,-1.60e-02,3.20e+01,
6437,-1.60e-02,3.20e+01,
6438,-8.00e-03,3.28e+01,
6439,-8.00e-03,3.20e+01,
6440,-8.00e-03,3.20e+01,
6441,-1.60e-02,3.20e+01,
6442,-8.00e-03,3.28e+01,
6443,-8.00e-03,3.20e+01,
6444,-1.60e-02,3.20e+01,
6445,-1.60e-02,3.28e+01,
6446,-8.00e-03,3.28e+01,
6447,-8.00e-03,3.28e+01,
6448,-1.60e-02,3.20e+01,
6449,-1.60e-02,3.20e+01,
6450,-8.00e-03,3.28e+01,
6451,-8.00e-03,3.28e+01,
6452,-8.00e-03,3.20e+01,
6453,-1.60e-02,3.28e+01,
6454,-8.00e-03,3.28e+01,
6455,-8.00e-03,3.28e+01,
6456,-8.00e-03,3.20e+01,
6457,-1.60e-02,3.20e+01,
6458,-8.00e-03,3.28e+01,
6459,-8.00e-03,3.28e+01,
6460,-8.00e-03,3.20e+01,
6461,-1.60e-02,3.20e+01,
6462,-8.00e-03,3.28e+01,
6463,-1.60e-02,3.28e+01,
6464,-1.60e-02,3.20e+01,
6465,-1.60e-02,3.20e+01,
6466,-8.00e-03,3.28e+01,
6467,-8.00e-03,3.28e+01,
6468,-8.00e-03,3.20e+01,
6469,-1.60e-02,3.20e+01,
6470,-8.00e-03,3.28e+01,
6471,-1.60e-02,3.28e+01,
6472,-8.00e-03,3.20e+01,
6473,-1.60e-02,3.20e+01,
6474,-1.60e-02,3.28e+01,
6475,-1.60e-02,3.28e+01,
6476,-1.60e-02,3.20e+01,
6477,-1.60e-02,3.28e+01,
6478,-8.00e-03,3.28e+01,
6479,-8.00e-03,3.28e+01,
6480,-8.00e-03,3.20e+01,
6481,-1.60e-02,3.20e+01,
6482,-8.00e-03,3.28e+01,
6483,-8.00e-03,3.28e+01,
6484,-8.00e-03,3.20e+01,
6485,-1.60e-02,3.20e+01,
6486,-8.00e-03,3.28e+01,
6487,-1.60e-02,3.28e+01,
6488,-8.00e-03,3.20e+01,
6489,-1.60e-02,3.20e+01,
6490,-8.00e-03,3.28e+01,
6491,-8.00e-03,3.28e+01,
6492,-8.00e-03,3.20e+01,
6493,-1.60e-02,3.20e+01,
6494,-8.00e-03,3.28e+01,
6495,-1.60e-02,3.28e+01,
6496,-1.60e-02,3.20e+01,
6497,-1.60e-02,3.20e+01,
6498,-8.00e-03,3.28e+01,
6499,-8.00e-03,3.28e+01,
6500,-8.00e-03,3.20e+01,
6501,-1.60e-02,3.20e+01,
6502,-8.00e-03,3.28e+01,
6503,-8.00e-03,3.28e+01,
6504,-8.00e-03,3.20e+01,
6505,-1.60e-02,3.20e+01,
6506,-8.00e-03,3.28e+01,
6507,-8.00e-03,3.20e+01,
6508,-8.00e-03,3.20e+01,
6509,-1.60e-02,3.20e+01,
6510,-1.60e-02,3.28e+01,
6511,-1.60e-02,3.20e+01,
6512,-1.60e-02,3.20e+01,
6513,-1.60e-02,3.28e+01,
6514,-1.60e-02,3.28e+01,
6515,-8.00e-03,3.28e+01,
6516,-8.00e-03,3.20e+01,
6517,-1.60e-02,3.20e+01,
6518,-8.00e-03,3.28e+01,
6519,-8.00e-03,3.28e+01,
6520,-1.60e-02,3.20e+01,
6521,-1.60e-02,3.20e+01,
6522,-8.00e-03,3.28e+01,
6523,-8.00e-03,3.20e+01,
6524,-8.00e-03,3.20e+01,
6525,-1.60e-02,3.28e+01,
6526,-8.00e-03,3.28e+01,
6527,-8.00e-03,3.28e+01,
6528,-1.60e-02,3.20e+01,
6529,-1.60e-02,3.28e+01,
6530,-1.60e-02,3.28e+01,
6531,-8.00e-03,3.28e+01,
6532,-8.00e-03,3.20e+01,
6533,-1.60e-02,3.20e+01,
6534,-8.00e-03,3.28e+01,
6535,-8.00e-03,3.28e+01,
6536,-8.00e-03,3.20e+01,
6537,-1.60e-02,3.20e+01,
6538,-8.00e-03,3.28e+01,
6539,-8.00e-03,3.28e+01,
6540,-1.60e-02,3.20e+01,
6541,-1.60e-02,3.20e+01,
6542,-1.60e-02,3.28e+01,
6543,-8.00e-03,3.28e+01,
6544,-1.60e-02,3.20e+01,
6545,-1.60e-02,3.28e+01,
6546,-1.60e-02,3.20e+01,
6547,-8.00e-03,3.28e+01,
6548,-8.00e-03,3.20e+01,
6549,-1.60e-02,3.20e+01,
6550,-8.00e-03,3.28e+01,
6551,-8.00e-03,3.28e+01,
6552,-8.00e-03,3.20e+01,
6553,-1.60e-02,3.20e+01,
6554,-8.00e-03,3.28e+01,
6555,-8.00e-03,3.28e+01,
6556,-8.00e-03,3.20e+01,
6557,-1.60e-02,3.28e+01,
6558,-8.00e-03,3.28e+01,
6559,-1.60e-02,3.20e+01,
6560,-8.00e-03,3.20e+01,
6561,-1.60e-02,3.20e+01,
6562,-8.00e-03,3.28e+01,
6563,-8.00e-03,3.28e+01,
6564,-8.00e-03,3.20e+01,
6565,-1.60e-02,3.28e+01,
6566,-8.00e-03,3.20e+01,
6567,-1.60e-02,3.28e+01,
6568,-8.00e-03,3.28e+01,
6569,-1.60e-02,3.20e+01,
6570,-8.00e-03,3.28e+01,
6571,-8.00e-03,3.20e+01,
6572,-8.00e-03,3.20e+01,
6573,-1.60e-02,3.28e+01,
6574,-8.00e-03,3.20e+01,
6575,-8.00e-03,3.28e+01,
6576,-8.00e-03,3.20e+01,
6577,-1.60e-02,3.20e+01,
6578,-8.00e-03,3.28e+01,
6579,-8.00e-03,3.20e+01,
6580,-8.00e-03,3.28e+01,
6581,-1.60e-02,3.20e+01,
6582,-8.00e-03,3.28e+01,
6583,-8.00e-03,3.28e+01,
6584,-1.60e-02,3.20e+01,
6585,-1.60e-02,3.20e+01,
6586,-1.60e-02,3.20e+01,
6587,-8.00e-03,3.28e+01,
6588,-8.00e-03,3.20e+01,
6589,-1.60e-02,3.28e+01,
6590,-8.00e-03,3.28e+01,
6591,-8.00e-03,3.28e+01,
6592,-8.00e-03,3.20e+01,
6593,-1.60e-02,3.20e+01,
6594,-8.00e-03,3.28e+01,
6595,-8.00e-03,3.28e+01,
6596,-8.00e-03,3.20e+01,
6597,-8.00e-03,3.28e+01,
6598,-8.00e-03,3.28e+01,
6599,-8.00e-03,3.28e+01,
6600,-8.00e-03,3.20e+01,
6601,-1.60e-02,3.20e+01,
6602,-8.00e-03,3.28e+01,
6603,-8.00e-03,3.28e+01,
6604,-8.00e-03,3.28e+01,
6605,-1.60e-02,3.28e+01,
6606,-1.60e-02,3.28e+01,
6607,-8.00e-03,3.28e+01,
6608,-8.00e-03,3.20e+01,
6609,-1.60e-02,3.28e+01,
6610,-8.00e-03,3.28e+01,
6611,-8.00e-03,3.20e+01,
6612,-8.00e-03,3.28e+01,
6613,-1.60e-02,3.20e+01,
6614,-8.00e-03,3.28e+01,
6615,-8.00e-03,3.28e+01,
6616,-8.00e-03,3.20e+01,
6617,-1.60e-02,3.20e+01,
6618,-8.00e-03,3.28e+01,
6619,-8.00e-03,3.28e+01,
6620,-8.00e-03,3.20e+01,
6621,-1.60e-02,3.20e+01,
6622,-8.00e-03,3.28e+01,
6623,-8.00e-03,3.28e+01,
6624,-8.00e-03,3.20e+01,
6625,-1.60e-02,3.28e+01,
6626,-8.00e-03,3.28e+01,
6627,-8.00e-03,3.20e+01,
6628,-8.00e-03,3.20e+01,
6629,-1.60e-02,3.20e+01,
6630,-8.00e-03,3.28e+01,
6631,-8.00e-03,3.28e+01,
6632,-8.00e-03,3.20e+01,
6633,-1.60e-02,3.20e+01,
6634,-8.00e-03,3.28e+01,
6635,-8.00e-03,3.28e+01,
6636,-1.60e-02,3.20e+01,
6637,-1.60e-02,3.28e+01,
6638,-8.00e-03,3.28e+01,
6639,-8.00e-03,3.20e+01,
6640,-8.00e-03,3.20e+01,
6641,-1.60e-02,3.20e+01,
6642,-8.00e-03,3.28e+01,
6643,-1.60e-02,3.28e+01,
6644,-8.00e-03,3.20e+01,
6645,-1.60e-02,3.20e+01,
6646,-1.60e-02,3.28e+01,
6647,-8.00e-03,3.28e+01,
6648,-1.60e-02,3.20e+01,
6649,-1.60e-02,3.20e+01,
6650,-8.00e-03,3.28e+01,
6651,-8.00e-03,3.28e+01,
6652,-8.00e-03,3.20e+01,
6653,-1.60e-02,3.20e+01,
6654,-8.00e-03,3.28e+01,
6655,-1.60e-02,3.28e+01,
6656,-8.00e-03,3.20e+01,
6657,-1.60e-02,3.28e+01,
6658,-8.00e-03,3.28e+01,
6659,-8.00e-03,3.20e+01,
6660,-8.00e-03,3.28e+01,
6661,-1.60e-02,3.28e+01,
6662,-8.00e-03,3.28e+01,
6663,-8.00e-03,3.28e+01,
6664,-8.00e-03,3.20e+01,
6665,-8.00e-03,3.28e+01,
6666,-8.00e-03,3.28e+01,
6667,-1.60e-02,3.20e+01,
6668,-8.00e-03,3.20e+01,
6669,-1.60e-02,3.28e+01,
6670,-8.00e-03,3.28e+01,
6671,-8.00e-03,3.28e+01,
6672,-8.00e-03,3.20e+01,
6673,-1.60e-02,3.20e+01,
6674,-8.00e-03,3.28e+01,
6675,-8.00e-03,3.28e+01,
6676,-8.00e-03,3.20e+01,
6677,-1.60e-02,3.20e+01,
6678,-8.00e-03,3.28e+01,
6679,-8.00e-03,3.28e+01,
6680,-8.00e-03,3.20e+01,
6681,-1.60e-02,3.28e+01,
6682,-8.00e-03,3.28e+01,
6683,-8.00e-03,3.28e+01,
6684,-8.00e-03,3.20e+01,
6685,-1.60e-02,3.20e+01,
6686,-8.00e-03,3.28e+01,
6687,-8.00e-03,3.28e+01,
6688,-8.00e-03,3.20e+01,
6689,-1.60e-02,3.28e+01,
6690,-8.00e-03,3.28e+01,
6691,-8.00e-03,3.28e+01,
6692,-8.00e-03,3.20e+01,
6693,-1.60e-02,3.20e+01,
6694,-8.00e-03,3.28e+01,
6695,-8.00e-03,3.28e+01,
6696,-1.60e-02,3.20e+01,
6697,-1.60e-02,3.28e+01,
6698,-8.00e-03,3.28e+01,
6699,-8.00e-03,3.20e+01,
6700,-8.00e-03,3.28e+01,
6701,-1.60e-02,3.20e+01,
6702,-8.00e-03,3.28e+01,
6703,-8.00e-03,3.28e+01,
6704,-8.00e-03,3.20e+01,
6705,-1.60e-02,3.28e+01,
6706,-8.00e-03,3.28e+01,
6707,-8.00e-03,3.28e+01,
6708,-8.00e-03,3.20e+01,
6709,-8.00e-03,3.20e+01,
6710,-8.00e-03,3.28e+01,
6711,-8.00e-03,3.28e+01,
6712,-8.00e-03,3.20e+01,
6713,-1.60e-02,3.20e+01,
6714,-8.00e-03,3.28e+01,
6715,-8.00e-03,3.20e+01,
6716,-8.00e-03,3.20e+01,
6717,-8.00e-03,3.20e+01,
6718,-8.00e-03,3.28e+01,
6719,-8.00e-03,3.28e+01,
6720,-8.00e-03,3.20e+01,
6721,-1.60e-02,3.20e+01,
6722,-8.00e-03,3.28e+01,
6723,-8.00e-03,3.20e+01,
6724,-8.00e-03,3.20e+01,
6725,-8.00e-03,3.28e+01,
6726,-8.00e-03,3.28e+01,
6727,-8.00e-03,3.28e+01,
6728,-8.00e-03,3.20e+01,
6729,-1.60e-02,3.20e+01,
6730,-8.00e-03,3.28e+01,
6731,-8.00e-03,3.28e+01,
6732,-8.00e-03,3.20e+01,
6733,-8.00e-03,3.20e+01,
6734,-8.00e-03,3.28e+01,
6735,-1.60e-02,3.28e+01,
6736,-8.00e-03,3.20e+01,
6737,-1.60e-02,3.20e+01,
6738,-8.00e-03,3.28e+01,
6739,-8.00e-03,3.28e+01,
6740,-8.00e-03,3.20e+01,
6741,-8.00e-03,3.28e+01,
6742,-8.00e-03,3.28e+01,
6743,-8.00e-03,3.28e+01,
6744,-8.00e-03,3.20e+01,
6745,-8.00e-03,3.28e+01,
6746,-8.00e-03,3.28e+01,
6747,-8.00e-03,3.28e+01,
6748,-8.00e-03,3.20e+01,
6749,-1.60e-02,3.28e+01,
6750,-8.00e-03,3.28e+01,
6751,-8.00e-03,3.28e+01,
6752,-8.00e-03,3.28e+01,
6753,-1.60e-02,3.20e+01,
6754,-8.00e-03,3.28e+01,
6755,-8.00e-03,3.28e+01,
6756,-8.00e-03,3.20e+01,
6757,-1.60e-02,3.28e+01,
6758,-8.00e-03,3.28e+01,
6759,-8.00e-03,3.28e+01,
6760,-8.00e-03,3.20e+01,
6761,-1.60e-02,3.20e+01,
6762,-8.00e-03,3.28e+01,
6763,-1.60e-02,3.28e+01,
6764,-1.60e-02,3.20e+01,
6765,-1.60e-02,3.28e+01,
6766,-8.00e-03,3.28e+01,
6767,-8.00e-03,3.28e+01,
6768,-8.00e-03,3.28e+01,
6769,-1.60e-02,3.20e+01,
6770,-8.00e-03,3.28e+01,
6771,-8.00e-03,3.28e+01,
6772,-1.60e-02,3.20e+01,
6773,-1.60e-02,3.28e+01,
6774,-8.00e-03,3.28e+01,
6775,-8.00e-03,3.28e+01,
6776,-8.00e-03,3.20e+01,
6777,-1.60e-02,3.28e+01,
6778,-8.00e-03,3.28e+01,
6779,-8.00e-03,3.28e+01,
6780,-8.00e-03,3.28e+01,
6781,-8.00e-03,3.20e+01,
6782,-8.00e-03,3.28e+01,
6783,-8.00e-03,3.28e+01,
6784,-8.00e-03,3.20e+01,
6785,-1.60e-02,3.28e+01,
6786,-8.00e-03,3.28e+01,
6787,-8.00e-03,3.28e+01,
6788,-8.00e-03,3.20e+01,
6789,-1.60e-02,3.20e+01,
6790,-8.00e-03,3.28e+01,
6791,-8.00e-03,3.28e+01,
6792,-8.00e-03,3.20e+01,
6793,-1.60e-02,3.20e+01,
6794,-8.00e-03,3.28e+01,
6795,-8.00e-03,3.28e+01,
6796,-8.00e-03,3.20e+01,
6797,-1.60e-02,3.20e+01,
6798,-8.00e-03,3.28e+01,
6799,-8.00e-03,3.28e+01,
6800,-8.00e-03,3.20e+01,
6801,-8.00e-03,3.28e+01,
6802,-8.00e-03,3.28e+01,
6803,-8.00e-03,3.28e+01,
6804,-8.00e-03,3.20e+01,
6805,-1.60e-02,3.28e+01,
6806,-8.00e-03,3.28e+01,
6807,-8.00e-03,3.28e+01,
6808,-8.00e-03,3.20e+01,
6809,-1.60e-02,3.28e+01,
6810,-8.00e-03,3.28e+01,
6811,-8.00e-03,3.20e+01,
6812,-8.00e-03,3.20e+01,
6813,-1.60e-02,3.20e+01,
6814,-8.00e-03,3.28e+01,
6815,-8.00e-03,3.28e+01,
6816,-8.00e-03,3.20e+01,
6817,-1.60e-02,3.20e+01,
6818,-8.00e-03,3.28e+01,
6819,-8.00e-03,3.28e+01,
6820,-8.00e-03,3.20e+01,
6821,-1.60e-02,3.28e+01,
6822,-8.00e-03,3.28e+01,
6823,-8.00e-03,3.28e+01,
6824,-8.00e-03,3.20e+01,
6825,-1.60e-02,3.28e+01,
6826,-8.00e-03,3.28e+01,
6827,-8.00e-03,3.28e+01,
6828,-8.00e-03,3.20e+01,
6829,-1.60e-02,3.28e+01,
6830,-8.00e-03,3.28e+01,
6831,-8.00e-03,3.28e+01,
6832,-8.00e-03,3.20e+01,
6833,-1.60e-02,3.20e+01,
6834,-8.00e-03,3.28e+01,
6835,-8.00e-03,3.20e+01,
6836,-8.00e-03,3.20e+01,
6837,-1.60e-02,3.20e+01,
6838,-8.00e-03,3.28e+01,
6839,-8.00e-03,3.28e+01,
6840,-8.00e-03,3.20e+01,
6841,-1.60e-02,3.20e+01,
6842,-8.00e-03,3.28e+01,
6843,-8.00e-03,3.28e+01,
6844,-1.60e-02,3.20e+01,
6845,-1.60e-02,3.28e+01,
6846,-8.00e-03,3.28e+01,
6847,-8.00e-03,3.28e+01,
6848,-8.00e-03,3.20e+01,
6849,-1.60e-02,3.20e+01,
6850,-8.00e-03,3.28e+01,
6851,-8.00e-03,3.28e+01,
6852,-8.00e-03,3.20e+01,
6853,-1.60e-02,3.20e+01,
6854,-8.00e-03,3.28e+01,
6855,-8.00e-03,3.28e+01,
6856,-8.00e-03,3.20e+01,
6857,-8.00e-03,3.20e+01,
6858,-8.00e-03,3.28e+01,
6859,-8.00e-03,3.20e+01,
6860,-8.00e-03,3.20e+01,
6861,-1.60e-02,3.28e+01,
6862,-8.00e-03,3.28e+01,
6863,-8.00e-03,3.28e+01,
6864,-8.00e-03,3.20e+01,
6865,-1.60e-02,3.28e+01,
6866,-8.00e-03,3.28e+01,
6867,-8.00e-03,3.28e+01,
6868,-8.00e-03,3.20e+01,
6869,-8.00e-03,3.20e+01,
6870,-8.00e-03,3.28e+01,
6871,-8.00e-03,3.28e+01,
6872,-8.00e-03,3.20e+01,
6873,-1.60e-02,3.20e+01,
6874,-8.00e-03,3.28e+01,
6875,-8.00e-03,3.28e+01,
6876,-8.00e-03,3.20e+01,
6877,-8.00e-03,3.28e+01,
6878,-8.00e-03,3.28e+01,
6879,-8.00e-03,3.28e+01,
6880,-8.00e-03,3.20e+01,
6881,-1.60e-02,3.20e+01,
6882,-8.00e-03,3.28e+01,
6883,-8.00e-03,3.20e+01,
6884,-8.00e-03,3.20e+01,
6885,-8.00e-03,3.28e+01,
6886,-8.00e-03,3.28e+01,
6887,-8.00e-03,3.28e+01,
6888,-8.00e-03,3.20e+01,
6889,-1.60e-02,3.28e+01,
6890,-8.00e-03,3.28e+01,
6891,-8.00e-03,3.28e+01,
6892,-8.00e-03,3.20e+01,
6893,-8.00e-03,3.20e+01,
6894,-8.00e-03,3.28e+01,
6895,-8.00e-03,3.28e+01,
6896,-8.00e-03,3.20e+01,
6897,-1.60e-02,3.20e+01,
6898,-8.00e-03,3.28e+01,
6899,-8.00e-03,3.28e+01,
6900,-8.00e-03,3.20e+01,
6901,-1.60e-02,3.20e+01,
6902,-8.00e-03,3.28e+01,
6903,-8.00e-03,3.28e+01,
6904,-8.00e-03,3.20e+01,
6905,-1.60e-02,3.20e+01,
6906,-8.00e-03,3.28e+01,
6907,-8.00e-03,3.28e+01,
6908,-8.00e-03,3.20e+01,
6909,-1.60e-02,3.20e+01,
6910,-8.00e-03,3.28e+01,
6911,-8.00e-03,3.20e+01,
6912,-8.00e-03,3.20e+01,
6913,-1.60e-02,3.20e+01,
6914,-8.00e-03,3.28e+01,
6915,-8.00e-03,3.28e+01,
6916,-8.00e-03,3.20e+01,
6917,-1.60e-02,3.28e+01,
6918,-8.00e-03,3.20e+01,
6919,-8.00e-03,3.28e+01,
6920,-8.00e-03,3.20e+01,
6921,-8.00e-03,3.28e+01,
6922,-8.00e-03,3.28e+01,
6923,-8.00e-03,3.20e+01,
6924,-8.00e-03,3.20e+01,
6925,-1.60e-02,3.28e+01,
6926,-8.00e-03,3.28e+01,
6927,-8.00e-03,3.28e+01,
6928,-8.00e-03,3.20e+01,
6929,-1.60e-02,3.28e+01,
6930,-8.00e-03,3.28e+01,
6931,-8.00e-03,3.28e+01,
6932,-8.00e-03,3.20e+01,
6933,-1.60e-02,3.20e+01,
6934,-8.00e-03,3.28e+01,
6935,-8.00e-03,3.28e+01,
6936,-8.00e-03,3.20e+01,
6937,-8.00e-03,3.28e+01,
6938,-8.00e-03,3.28e+01,
6939,-8.00e-03,3.28e+01,
6940,-8.00e-03,3.20e+01,
6941,-1.60e-02,3.20e+01,
6942,-8.00e-03,3.28e+01,
6943,-8.00e-03,3.28e+01,
6944,-8.00e-03,3.20e+01,
6945,-1.60e-02,3.28e+01,
6946,-8.00e-03,3.28e+01,
6947,-8.00e-03,3.28e+01,
6948,-8.00e-03,3.20e+01,
6949,-1.60e-02,3.20e+01,
6950,-8.00e-03,3.28e+01,
6951,-8.00e-03,3.28e+01,
6952,-8.00e-03,3.20e+01,
6953,-1.60e-02,3.28e+01,
6954,-8.00e-03,3.28e+01,
6955,-8.00e-03,3.20e+01,
6956,-8.00e-03,3.20e+01,
6957,-1.60e-02,3.28e+01,
6958,-8.00e-03,3.28e+01,
6959,-8.00e-03,3.28e+01,
6960,-8.00e-03,3.20e+01,
6961,-1.60e-02,3.20e+01,
6962,-8.00e-03,3.28e+01,
6963,-8.00e-03,3.28e+01,
6964,-8.00e-03,3.20e+01,
6965,-8.00e-03,3.28e+01,
6966,-8.00e-03,3.20e+01,
6967,-8.00e-03,3.28e+01,
6968,-8.00e-03,3.28e+01,
6969,-8.00e-03,3.20e+01,
6970,-8.00e-03,3.28e+01,
6971,-8.00e-03,3.28e+01,
6972,-8.00e-03,3.20e+01,
6973,-1.60e-02,3.28e+01,
6974,-8.00e-03,3.20e+01,
6975,-8.00e-03,3.28e+01,
6976,-8.00e-03,3.20e+01,
6977,-8.00e-03,3.20e+01,
6978,-8.00e-03,3.28e+01,
6979,-8.00e-03,3.20e+01,
6980,-8.00e-03,3.20e+01,
6981,-1.60e-02,3.20e+01,
6982,-8.00e-03,3.28e+01,
6983,-8.00e-03,3.28e+01,
6984,-8.00e-03,3.20e+01,
6985,-1.60e-02,3.28e+01,
6986,-8.00e-03,3.28e+01,
6987,-8.00e-03,3.28e+01,
6988,-8.00e-03,3.20e+01,
6989,-8.00e-03,3.20e+01,
6990,-8.00e-03,3.28e+01,
6991,-8.00e-03,3.20e+01,
6992,-8.00e-03,3.20e+01,
6993,-1.60e-02,3.20e+01,
6994,-8.00e-03,3.28e+01,
6995,-8.00e-03,3.28e+01,
6996,-8.00e-03,3.20e+01,
6997,-1.60e-02,3.28e+01,
6998,-8.00e-03,3.28e+01,
6999,-8.00e-03,3.28e+01,
7000,-8.00e-03,3.20e+01,
7001,-1.60e-02,3.20e+01,
7002,-8.00e-03,3.28e+01,
7003,-8.00e-03,3.20e+01,
7004,-8.00e-03,3.20e+01,
7005,-1.60e-02,3.28e+01,
7006,-8.00e-03,3.28e+01,
7007,-8.00e-03,3.28e+01,
7008,-8.00e-03,3.20e+01,
7009,-1.60e-02,3.20e+01,
7010,-8.00e-03,3.28e+01,
7011,-8.00e-03,3.20e+01,
7012,-8.00e-03,3.28e+01,
7013,-1.60e-02,3.20e+01,
7014,-8.00e-03,3.28e+01,
7015,-8.00e-03,3.28e+01,
7016,-8.00e-03,3.20e+01,
7017,-1.60e-02,3.28e+01,
7018,-8.00e-03,3.28e+01,
7019,-8.00e-03,3.20e+01,
7020,-8.00e-03,3.28e+01,
7021,-1.60e-02,3.28e+01,
7022,-8.00e-03,3.28e+01,
7023,-8.00e-03,3.20e+01,
7024,-8.00e-03,3.20e+01,
7025,-8.00e-03,3.20e+01,
7026,-8.00e-03,3.28e+01,
7027,-8.00e-03,3.28e+01,
7028,-8.00e-03,3.20e+01,
7029,-1.60e-02,3.20e+01,
7030,-8.00e-03,3.28e+01,
7031,-8.00e-03,3.28e+01,
7032,-8.00e-03,3.20e+01,
7033,-1.60e-02,3.20e+01,
7034,-8.00e-03,3.28e+01,
7035,-8.00e-03,3.20e+01,
7036,-8.00e-03,3.20e+01,
7037,-8.00e-03,3.28e+01,
7038,-8.00e-03,3.28e+01,
7039,-8.00e-03,3.28e+01,
7040,-8.00e-03,3.20e+01,
7041,-1.60e-02,3.20e+01,
7042,-8.00e-03,3.28e+01,
7043,-8.00e-03,3.20e+01,
7044,-8.00e-03,3.20e+01,
7045,-8.00e-03,3.28e+01,
7046,-8.00e-03,3.28e+01,
7047,-8.00e-03,3.28e+01,
7048,-8.00e-03,3.20e+01,
7049,-8.00e-03,3.28e+01,
7050,-8.00e-03,3.28e+01,
7051,-8.00e-03,3.20e+01,
7052,-8.00e-03,3.20e+01,
7053,-1.60e-02,3.20e+01,
7054,-8.00e-03,3.28e+01,
7055,-8.00e-03,3.28e+01,
7056,-8.00e-03,3.20e+01,
7057,-1.60e-02,3.20e+01,
7058,-8.00e-03,3.28e+01,
7059,-8.00e-03,3.20e+01,
7060,-8.00e-03,3.20e+01,
7061,-8.00e-03,3.20e+01,
7062,-8.00e-03,3.28e+01,
7063,-8.00e-03,3.28e+01,
7064,-8.00e-03,3.20e+01,
7065,-8.00e-03,3.20e+01,
7066,-8.00e-03,3.28e+01,
7067,-8.00e-03,3.28e+01,
7068,-8.00e-03,3.20e+01,
7069,-1.60e-02,3.20e+01,
7070,-8.00e-03,3.28e+01,
7071,-8.00e-03,3.28e+01,
7072,-8.00e-03,3.20e+01,
7073,-1.60e-02,3.20e+01,
7074,-8.00e-03,3.28e+01,
7075,-8.00e-03,3.20e+01,
7076,-8.00e-03,3.20e+01,
7077,-8.00e-03,3.28e+01,
7078,-8.00e-03,3.28e+01,
7079,-8.00e-03,3.28e+01,
7080,-8.00e-03,3.20e+01,
7081,-1.60e-02,3.20e+01,
7082,-8.00e-03,3.28e+01,
7083,-8.00e-03,3.28e+01,
7084,-8.00e-03,3.20e+01,
7085,-1.60e-02,3.20e+01,
7086,-8.00e-03,3.28e+01,
7087,-8.00e-03,3.28e+01,
7088,-8.00e-03,3.20e+01,
7089,-1.60e-02,3.20e+01,
7090,-8.00e-03,3.28e+01,
7091,-8.00e-03,3.20e+01,
7092,-8.00e-03,3.20e+01,
7093,-1.60e-02,3.20e+01,
7094,-8.00e-03,3.28e+01,
7095,-8.00e-03,3.28e+01,
7096,-8.00e-03,3.20e+01,
7097,-8.00e-03,3.20e+01,
7098,-8.00e-03,3.28e+01,
7099,-8.00e-03,3.20e+01,
7100,-8.00e-03,3.20e+01,
7101,-8.00e-03,3.20e+01,
7102,-8.00e-03,3.28e+01,
7103,-8.00e-03,3.28e+01,
7104,-8.00e-03,3.20e+01,
7105,-1.60e-02,3.28e+01,
7106,-8.00e-03,3.28e+01,
7107,-8.00e-03,3.28e+01,
7108,-8.00e-03,3.20e+01,
7109,-1.60e-02,3.20e+01,
7110,-8.00e-03,3.28e+01,
7111,-8.00e-03,3.28e+01,
7112,-8.00e-03,3.20e+01,
7113,-8.00e-03,3.20e+01,
7114,-8.00e-03,3.28e+01,
7115,-8.00e-03,3.28e+01,
7116,-1.60e-02,3.20e+01,
7117,-1.60e-02,3.28e+01,
7118,-8.00e-03,3.28e+01,
7119,-8.00e-03,3.28e+01,
7120,-8.00e-03,3.20e+01,
7121,-1.60e-02,3.20e+01,
7122,-8.00e-03,3.28e+01,
7123,-8.00e-03,3.20e+01,
7124,-8.00e-03,3.20e+01,
7125,-1.60e-02,3.20e+01,
7126,-8.00e-03,3.28e+01,
7127,-8.00e-03,3.28e+01,
7128,-8.00e-03,3.20e+01,
7129,-1.60e-02,3.20e+01,
7130,-8.00e-03,3.28e+01,
7131,-8.00e-03,3.28e+01,
7132,-8.00e-03,3.28e+01,
7133,-8.00e-03,3.20e+01,
7134,-8.00e-03,3.28e+01,
7135,-8.00e-03,3.28e+01,
7136,-8.00e-03,3.20e+01,
7137,-8.00e-03,3.20e+01,
7138,-8.00e-03,3.28e+01,
7139,-8.00e-03,3.20e+01,
7140,-8.00e-03,3.20e+01,
7141,-1.60e-02,3.20e+01,
7142,-8.00e-03,3.28e+01,
7143,-8.00e-03,3.28e+01,
7144,-8.00e-03,3.20e+01,
7145,-8.00e-03,3.20e+01,
7146,-8.00e-03,3.28e+01,
7147,-8.00e-03,3.28e+01,
7148,-8.00e-03,3.20e+01,
7149,-1.60e-02,3.20e+01,
7150,-8.00e-03,3.28e+01,
7151,-8.00e-03,3.28e+01,
7152,-8.00e-03,3.20e+01,
7153,-1.60e-02,3.20e+01,
7154,-8.00e-03,3.28e+01,
7155,-8.00e-03,3.20e+01,
7156,-8.00e-03,3.20e+01,
7157,-1.60e-02,3.28e+01,
7158,-8.00e-03,3.28e+01,
7159,-8.00e-03,3.28e+01,
7160,-8.00e-03,3.20e+01,
7161,-8.00e-03,3.20e+01,
7162,-8.00e-03,3.28e+01,
7163,-8.00e-03,3.28e+01,
7164,-8.00e-03,3.20e+01,
7165,-1.60e-02,3.28e+01,
7166,-8.00e-03,3.20e+01,
7167,-8.00e-03,3.28e+01,
7168,-8.00e-03,3.28e+01,
7169,-8.00e-03,3.20e+01,
7170,-8.00e-03,3.28e+01,
7171,-8.00e-03,3.20e+01,
7172,-8.00e-03,3.20e+01,
7173,-8.00e-03,3.28e+01,
7174,-8.00e-03,3.20e+01,
7175,-8.00e-03,3.28e+01,
7176,-8.00e-03,3.20e+01,
7177,-1.60e-02,3.20e+01,
7178,-8.00e-03,3.28e+01,
7179,-8.00e-03,3.28e+01,
7180,-8.00e-03,3.20e+01,
7181,-1.60e-02,3.20e+01,
7182,-8.00e-03,3.28e+01,
7183,-8.00e-03,3.20e+01,
7184,-8.00e-03,3.20e+01,
7185,-1.60e-02,3.28e+01,
7186,-8.00e-03,3.28e+01,
7187,-8.00e-03,3.28e+01,
7188,-8.00e-03,3.20e+01,
7189,-8.00e-03,3.20e+01,
7190,-8.00e-03,3.28e+01,
7191,-8.00e-03,3.28e+01,
7192,-8.00e-03,3.20e+01,
7193,-8.00e-03,3.20e+01,
7194,-8.00e-03,3.28e+01,
7195,-8.00e-03,3.28e+01,
7196,-8.00e-03,3.20e+01,
7197,-8.00e-03,3.28e+01,
7198,-8.00e-03,3.28e+01,
7199,-8.00e-03,3.28e+01,
7200,-8.00e-03,3.20e+01,
7201,-8.00e-03,3.20e+01,
7202,-8.00e-03,3.28e+01,
7203,-8.00e-03,3.20e+01,
7204,-8.00e-03,3.20e+01,
7205,-8.00e-03,3.20e+01,
7206,-8.00e-03,3.28e+01,
7207,-8.00e-03,3.28e+01,
7208,-8.00e-03,3.20e+01,
7209,-8.00e-03,3.20e+01,
7210,-8.00e-03,3.28e+01,
7211,-8.00e-03,3.20e+01,
7212,-8.00e-03,3.20e+01,
7213,-8.00e-03,3.20e+01,
7214,-8.00e-03,3.28e+01,
7215,-8.00e-03,3.28e+01,
7216,-8.00e-03,3.20e+01,
7217,-8.00e-03,3.20e+01,
7218,-8.00e-03,3.28e+01,
7219,-8.00e-03,3.28e+01,
7220,-8.00e-03,3.20e+01,
7221,-8.00e-03,3.20e+01,
7222,-8.00e-03,3.28e+01,
7223,-8.00e-03,3.28e+01,
7224,-8.00e-03,3.20e+01,
7225,-1.60e-02,3.20e+01,
7226,-8.00e-03,3.28e+01,
7227,-8.00e-03,3.28e+01,
7228,-8.00e-03,3.20e+01,
7229,-1.60e-02,3.28e+01,
7230,-8.00e-03,3.28e+01,
7231,-8.00e-03,3.28e+01,
7232,-8.00e-03,3.20e+01,
7233,-1.60e-02,3.20e+01,
7234,-8.00e-03,3.28e+01,
7235,-8.00e-03,3.28e+01,
7236,-8.00e-03,3.20e+01,
7237,-1.60e-02,3.20e+01,
7238,-8.00e-03,3.28e+01,
7239,-8.00e-03,3.28e+01,
7240,-8.00e-03,3.20e+01,
7241,-8.00e-03,3.20e+01,
7242,-8.00e-03,3.28e+01,
7243,-8.00e-03,3.20e+01,
7244,-8.00e-03,3.20e+01,
7245,-8.00e-03,3.20e+01,
7246,-8.00e-03,3.28e+01,
7247,-8.00e-03,3.28e+01,
7248,-8.00e-03,3.20e+01,
7249,-8.00e-03,3.20e+01,
7250,-8.00e-03,3.28e+01,
7251,-8.00e-03,3.28e+01,
7252,-8.00e-03,3.20e+01,
7253,-1.60e-02,3.28e+01,
7254,-8.00e-03,3.28e+01,
7255,-8.00e-03,3.28e+01,
7256,-8.00e-03,3.20e+01,
7257,-1.60e-02,3.20e+01,
7258,-8.00e-03,3.28e+01,
7259,-8.00e-03,3.20e+01,
7260,-8.00e-03,3.20e+01,
7261,-8.00e-03,3.20e+01,
7262,-8.00e-03,3.28e+01,
7263,-8.00e-03,3.28e+01,
7264,-8.00e-03,3.20e+01,
7265,-1.60e-02,3.20e+01,
7266,-8.00e-03,3.28e+01,
7267,-8.00e-03,3.28e+01,
7268,-8.00e-03,3.20e+01,
7269,-8.00e-03,3.20e+01,
7270,-8.00e-03,3.28e+01,
7271,-8.00e-03,3.28e+01,
7272,-8.00e-03,3.20e+01,
7273,-1.60e-02,3.28e+01,
7274,-8.00e-03,3.28e+01,
7275,-8.00e-03,3.28e+01,
7276,-8.00e-03,3.20e+01,
7277,-8.00e-03,3.20e+01,
7278,-8.00e-03,3.28e+01,
7279,-8.00e-03,3.28e+01,
7280,-8.00e-03,3.20e+01,
7281,-1.60e-02,3.20e+01,
7282,-8.00e-03,3.28e+01,
7283,-8.00e-03,3.20e+01,
7284,-8.00e-03,3.20e+01,
7285,-8.00e-03,3.20e+01,
7286,-8.00e-03,3.28e+01,
7287,-8.00e-03,3.28e+01,
7288,-8.00e-03,3.20e+01,
7289,-8.00e-03,3.20e+01,
7290,-8.00e-03,3.28e+01,
7291,-8.00e-03,3.20e+01,
7292,-8.00e-03,3.20e+01,
7293,-8.00e-03,3.20e+01,
7294,-8.00e-03,3.28e+01,
7295,-8.00e-03,3.28e+01,
7296,-8.00e-03,3.20e+01,
7297,-1.60e-02,3.20e+01,
7298,-8.00e-03,3.28e+01,
7299,-8.00e-03,3.20e+01,
7300,-8.00e-03,3.20e+01,
7301,-8.00e-03,3.20e+01,
7302,-8.00e-03,3.20e+01,
7303,-8.00e-03,3.28e+01,
7304,-8.00e-03,3.20e+01,
7305,-8.00e-03,3.20e+01,
7306,-8.00e-03,3.20e+01,
7307,-8.00e-03,3.28e+01,
7308,-8.00e-03,3.20e+01,
7309,-1.60e-02,3.20e+01,
7310,-8.00e-03,3.28e+01,
7311,-8.00e-03,3.28e+01,
7312,-8.00e-03,3.20e+01,
7313,-8.00e-03,3.20e+01,
7314,-8.00e-03,3.28e+01,
7315,-8.00e-03,3.20e+01,
7316,-8.00e-03,3.20e+01,
7317,-8.00e-03,3.20e+01,
7318,-8.00e-03,3.28e+01,
7319,-8.00e-03,3.28e+01,
7320,-8.00e-03,3.20e+01,
7321,-1.60e-02,3.20e+01,
7322,-8.00e-03,3.28e+01,
7323,-8.00e-03,3.20e+01,
7324,-8.00e-03,3.20e+01,
7325,-1.60e-02,3.20e+01,
7326,-8.00e-03,3.28e+01,
7327,-8.00e-03,3.28e+01,
7328,-8.00e-03,3.20e+01,
7329,-8.00e-03,3.28e+01,
7330,-8.00e-03,3.28e+01,
7331,-8.00e-03,3.28e+01,
7332,-8.00e-03,3.20e+01,
7333,-8.00e-03,3.20e+01,
7334,-8.00e-03,3.28e+01,
7335,-8.00e-03,3.28e+01,
7336,-8.00e-03,3.20e+01,
7337,-8.00e-03,3.20e+01,
7338,-8.00e-03,3.28e+01,
7339,-8.00e-03,3.20e+01,
7340,-8.00e-03,3.28e+01,
7341,-8.00e-03,3.20e+01,
7342,-8.00e-03,3.28e+01,
7343,-8.00e-03,3.28e+01,
7344,-8.00e-03,3.20e+01,
7345,-8.00e-03,3.20e+01,
7346,-8.00e-03,3.28e+01,
7347,-8.00e-03,3.28e+01,
7348,-8.00e-03,3.20e+01,
7349,-1.60e-02,3.20e+01,
7350,-8.00e-03,3.28e+01,
7351,-8.00e-03,3.20e+01,
7352,-8.00e-03,3.20e+01,
7353,-1.60e-02,3.20e+01,
7354,-8.00e-03,3.28e+01,
7355,-8.00e-03,3.28e+01,
7356,-8.00e-03,3.20e+01,
7357,-8.00e-03,3.28e+01,
7358,-8.00e-03,3.28e+01,
7359,-8.00e-03,3.28e+01,
7360,-8.00e-03,3.28e+01,
7361,-8.00e-03,3.20e+01,
7362,-8.00e-03,3.28e+01,
7363,-8.00e-03,3.20e+01,
7364,-8.00e-03,3.20e+01,
7365,-8.00e-03,3.20e+01,
7366,-8.00e-03,3.20e+01,
7367,-8.00e-03,3.20e+01,
7368,-8.00e-03,3.28e+01,
7369,-8.00e-03,3.20e+01,
7370,-8.00e-03,3.28e+01,
7371,-8.00e-03,3.28e+01,
7372,-8.00e-03,3.20e+01,
7373,-1.60e-02,3.28e+01,
7374,-8.00e-03,3.20e+01,
7375,-8.00e-03,3.28e+01,
7376,-8.00e-03,3.20e+01,
7377,-8.00e-03,3.20e+01,
7378,-8.00e-03,3.28e+01,
7379,-8.00e-03,3.20e+01,
7380,-8.00e-03,3.20e+01,
7381,-1.60e-02,3.20e+01,
7382,-8.00e-03,3.28e+01,
7383,-8.00e-03,3.20e+01,
7384,-8.00e-03,3.20e+01,
7385,-1.60e-02,3.20e+01,
7386,-8.00e-03,3.28e+01,
7387,-8.00e-03,3.28e+01,
7388,-8.00e-03,3.20e+01,
7389,-1.60e-02,3.20e+01,
7390,-8.00e-03,3.28e+01,
7391,-8.00e-03,3.28e+01,
7392,-8.00e-03,3.20e+01,
7393,-8.00e-03,3.20e+01,
7394,-8.00e-03,3.28e+01,
7395,-8.00e-03,3.20e+01,
7396,-8.00e-03,3.20e+01,
7397,-8.00e-03,3.20e+01,
7398,-8.00e-03,3.28e+01,
7399,-8.00e-03,3.28e+01,
7400,-8.00e-03,3.20e+01,
7401,-1.60e-02,3.20e+01,
7402,-8.00e-03,3.28e+01,
7403,-8.00e-03,3.20e+01,
7404,-8.00e-03,3.20e+01,
7405,-8.00e-03,3.20e+01,
7406,-8.00e-03,3.28e+01,
7407,-8.00e-03,3.28e+01,
7408,-8.00e-03,3.20e+01,
7409,-8.00e-03,3.20e+01,
7410,-8.00e-03,3.28e+01,
7411,-8.00e-03,3.20e+01,
7412,-8.00e-03,3.20e+01,
7413,-8.00e-03,3.28e+01,
7414,-8.00e-03,3.28e+01,
7415,-8.00e-03,3.28e+01,
7416,-8.00e-03,3.20e+01,
7417,-8.00e-03,3.20e+01,
7418,-8.00e-03,3.28e+01,
7419,-8.00e-03,3.20e+01,
7420,-8.00e-03,3.20e+01,
7421,-8.00e-03,3.20e+01,
7422,-8.00e-03,3.28e+01,
7423,-8.00e-03,3.28e+01,
7424,-8.00e-03,3.20e+01,
7425,-1.60e-02,3.20e+01,
7426,-8.00e-03,3.28e+01,
7427,-8.00e-03,3.20e+01,
7428,-8.00e-03,3.20e+01,
7429,-1.60e-02,3.20e+01,
7430,-8.00e-03,3.28e+01,
7431,-8.00e-03,3.28e+01,
7432,-8.00e-03,3.20e+01,
7433,-1.60e-02,3.20e+01,
7434,-8.00e-03,3.28e+01,
7435,-8.00e-03,3.20e+01,
7436,-8.00e-03,3.20e+01,
7437,-8.00e-03,3.28e+01,
7438,-8.00e-03,3.28e+01,
7439,-8.00e-03,3.28e+01,
7440,-8.00e-03,3.20e+01,
7441,-8.00e-03,3.20e+01,
7442,-8.00e-03,3.28e+01,
7443,-8.00e-03,3.20e+01,
7444,-8.00e-03,3.20e+01,
7445,-8.00e-03,3.20e+01,
7446,-8.00e-03,3.28e+01,
7447,-8.00e-03,3.20e+01,
7448,-8.00e-03,3.20e+01,
7449,-8.00e-03,3.20e+01,
7450,-8.00e-03,3.28e+01,
7451,-8.00e-03,3.20e+01,
7452,-8.00e-03,3.20e+01,
7453,-8.00e-03,3.20e+01,
7454,-8.00e-03,3.28e+01,
7455,-8.00e-03,3.28e+01,
7456,-8.00e-03,3.20e+01,
7457,-1.60e-02,3.20e+01,
7458,-8.00e-03,3.28e+01,
7459,-8.00e-03,3.20e+01,
7460,-8.00e-03,3.20e+01,
7461,-1.60e-02,3.20e+01,
7462,-8.00e-03,3.28e+01,
7463,-8.00e-03,3.28e+01,
7464,-8.00e-03,3.20e+01,
7465,-1.60e-02,3.20e+01,
7466,-8.00e-03,3.20e+01,
7467,-8.00e-03,3.20e+01,
7468,-8.00e-03,3.20e+01,
7469,-8.00e-03,3.20e+01,
7470,-8.00e-03,3.28e+01,
7471,-8.00e-03,3.20e+01,
7472,-8.00e-03,3.20e+01,
7473,-8.00e-03,3.20e+01,
7474,-8.00e-03,3.28e+01,
7475,-8.00e-03,3.20e+01,
7476,-8.00e-03,3.20e+01,
7477,-8.00e-03,3.20e+01,
7478,-8.00e-03,3.28e+01,
7479,-8.00e-03,3.28e+01,
7480,-8.00e-03,3.20e+01,
7481,-8.00e-03,3.20e+01,
7482,-8.00e-03,3.28e+01,
7483,-8.00e-03,3.20e+01,
7484,-8.00e-03,3.20e+01,
7485,-8.00e-03,3.20e+01,
7486,-8.00e-03,3.28e+01,
7487,-8.00e-03,3.20e+01,
7488,-8.00e-03,3.20e+01,
7489,-8.00e-03,3.20e+01,
7490,-8.00e-03,3.28e+01,
7491,-8.00e-03,3.28e+01,
7492,-8.00e-03,3.20e+01,
7493,-8.00e-03,3.20e+01,
7494,-8.00e-03,3.28e+01,
7495,-8.00e-03,3.28e+01,
7496,-8.00e-03,3.20e+01,
7497,-8.00e-03,3.20e+01,
7498,-8.00e-03,3.28e+01,
7499,-8.00e-03,3.20e+01,
7500,-8.00e-03,3.20e+01,
7501,-8.00e-03,3.20e+01,
7502,-8.00e-03,3.28e+01,
7503,-8.00e-03,3.28e+01,
7504,-8.00e-03,3.20e+01,
7505,-1.60e-02,3.20e+01,
7506,-8.00e-03,3.28e+01,
7507,-8.00e-03,3.28e+01,
7508,-8.00e-03,3.20e+01,
7509,-8.00e-03,3.20e+01,
7510,-8.00e-03,3.28e+01,
7511,-8.00e-03,3.20e+01,
7512,-8.00e-03,3.20e+01,
7513,-8.00e-03,3.20e+01,
7514,-8.00e-03,3.28e+01,
7515,-8.00e-03,3.20e+01,
7516,-8.00e-03,3.20e+01,
7517,-8.00e-03,3.28e+01,
7518,-8.00e-03,3.28e+01,
7519,-8.00e-03,3.20e+01,
7520,-8.00e-03,3.20e+01,
7521,-8.00e-03,3.20e+01,
7522,-8.00e-03,3.28e+01,
7523,-8.00e-03,3.20e+01,
7524,-8.00e-03,3.20e+01,
7525,-8.00e-03,3.20e+01,
7526,-8.00e-03,3.20e+01,
7527,-8.00e-03,3.20e+01,
7528,-8.00e-03,3.20e+01,
7529,-8.00e-03,3.20e+01,
7530,-8.00e-03,3.28e+01,
7531,-8.00e-03,3.20e+01,
7532,-8.00e-03,3.20e+01,
7533,-8.00e-03,3.20e+01,
7534,-8.00e-03,3.28e+01,
7535,-8.00e-03,3.20e+01,
7536,-8.00e-03,3.20e+01,
7537,-8.00e-03,3.28e+01,
7538,-8.00e-03,3.28e+01,
7539,-8.00e-03,3.20e+01,
7540,-8.00e-03,3.20e+01,
7541,-8.00e-03,3.20e+01,
7542,-8.00e-03,3.28e+01,
7543,-8.00e-03,3.20e+01,
7544,-8.00e-03,3.20e+01,
7545,-8.00e-03,3.20e+01,
7546,-8.00e-03,3.20e+01,
7547,-8.00e-03,3.28e+01,
7548,-8.00e-03,3.20e+01,
7549,-8.00e-03,3.20e+01,
7550,-8.00e-03,3.28e+01,
7551,-8.00e-03,3.20e+01,
7552,-8.00e-03,3.20e+01,
7553,-1.60e-02,3.20e+01,
7554,-8.00e-03,3.28e+01,
7555,-8.00e-03,3.20e+01,
7556,-8.00e-03,3.20e+01,
7557,-8.00e-03,3.20e+01,
7558,-8.00e-03,3.28e+01,
7559,-8.00e-03,3.20e+01,
7560,-8.00e-03,3.20e+01,
7561,-8.00e-03,3.20e+01,
7562,-8.00e-03,3.28e+01,
7563,-8.00e-03,3.28e+01,
7564,-8.00e-03,3.20e+01,
7565,-8.00e-03,3.20e+01,
7566,-8.00e-03,3.20e+01,
7567,-8.00e-03,3.20e+01,
7568,-8.00e-03,3.28e+01,
7569,-8.00e-03,3.20e+01,
7570,-8.00e-03,3.28e+01,
7571,-8.00e-03,3.20e+01,
7572,-8.00e-03,3.20e+01,
7573,-8.00e-03,3.28e+01,
7574,-8.00e-03,3.20e+01,
7575,-8.00e-03,3.28e+01,
7576,-8.00e-03,3.20e+01,
7577,-8.00e-03,3.20e+01,
7578,-8.00e-03,3.28e+01,
7579,-8.00e-03,3.20e+01,
7580,-1.60e-02,3.20e+01,
7581,-1.60e-02,3.20e+01,
7582,-8.00e-03,3.28e+01,
7583,-8.00e-03,3.20e+01,
7584,-8.00e-03,3.20e+01,
7585,-8.00e-03,3.20e+01,
7586,-8.00e-03,3.20e+01,
7587,-8.00e-03,3.28e+01,
7588,-8.00e-03,3.20e+01,
7589,-8.00e-03,3.20e+01,
7590,-8.00e-03,3.28e+01,
7591,-8.00e-03,3.20e+01,
7592,-8.00e-03,3.20e+01,
7593,-8.00e-03,3.20e+01,
7594,-8.00e-03,3.28e+01,
7595,-8.00e-03,3.28e+01,
7596,-8.00e-03,3.20e+01,
7597,-8.00e-03,3.20e+01,
7598,-8.00e-03,3.20e+01,
7599,-8.00e-03,3.28e+01,
7600,-8.00e-03,3.20e+01,
7601,-8.00e-03,3.20e+01,
7602,-8.00e-03,3.28e+01,
7603,-8.00e-03,3.20e+01,
7604,-8.00e-03,3.20e+01,
7605,-8.00e-03,3.20e+01,
7606,-8.00e-03,3.20e+01,
7607,-8.00e-03,3.28e+01,
7608,-8.00e-03,3.20e+01,
7609,-8.00e-03,3.20e+01,
7610,-8.00e-03,3.28e+01,
7611,-8.00e-03,3.20e+01,
7612,-8.00e-03,3.20e+01,
7613,-8.00e-03,3.20e+01,
7614,-8.00e-03,3.20e+01,
7615,-8.00e-03,3.20e+01,
7616,-8.00e-03,3.20e+01,
7617,-8.00e-03,3.20e+01,
7618,-8.00e-03,3.20e+01,
7619,-8.00e-03,3.20e+01,
7620,-8.00e-03,3.20e+01,
7621,-8.00e-03,3.20e+01,
7622,-8.00e-03,3.28e+01,
7623,-8.00e-03,3.20e+01,
7624,-8.00e-03,3.20e+01,
7625,-8.00e-03,3.20e+01,
7626,-8.00e-03,3.28e+01,
7627,-8.00e-03,3.20e+01,
7628,-8.00e-03,3.20e+01,
7629,-1.60e-02,3.20e+01,
7630,-8.00e-03,3.20e+01,
7631,-8.00e-03,3.28e+01,
7632,-8.00e-03,3.20e+01,
7633,-8.00e-03,3.20e+01,
7634,-8.00e-03,3.28e+01,
7635,-8.00e-03,3.20e+01,
7636,-8.00e-03,3.20e+01,
7637,-8.00e-03,3.20e+01,
7638,-8.00e-03,3.20e+01,
7639,-8.00e-03,3.20e+01,
7640,-8.00e-03,3.20e+01,
7641,-1.60e-02,3.20e+01,
7642,-8.00e-03,3.28e+01,
7643,-8.00e-03,3.20e+01,
7644,-8.00e-03,3.20e+01,
7645,-8.00e-03,3.20e+01,
7646,-8.00e-03,3.20e+01,
7647,-8.00e-03,3.28e+01,
7648,-8.00e-03,3.20e+01,
7649,-8.00e-03,3.20e+01,
7650,-8.00e-03,3.28e+01,
7651,-8.00e-03,3.20e+01,
7652,-8.00e-03,3.20e+01,
7653,-1.60e-02,3.20e+01,
7654,-8.00e-03,3.20e+01,
7655,-8.00e-03,3.20e+01,
7656,-8.00e-03,3.20e+01,
7657,-8.00e-03,3.20e+01,
7658,-8.00e-03,3.28e+01,
7659,-8.00e-03,3.28e+01,
7660,-8.00e-03,3.20e+01,
7661,-8.00e-03,3.20e+01,
7662,-8.00e-03,3.28e+01,
7663,-8.00e-03,3.20e+01,
7664,-8.00e-03,3.20e+01,
7665,-8.00e-03,3.20e+01,
7666,-8.00e-03,3.28e+01,
7667,-8.00e-03,3.20e+01,
7668,-8.00e-03,3.20e+01,
7669,-8.00e-03,3.20e+01,
7670,-8.00e-03,3.20e+01,
7671,-8.00e-03,3.20e+01,
7672,-8.00e-03,3.20e+01,
7673,-8.00e-03,3.20e+01,
7674,-8.00e-03,3.28e+01,
7675,-8.00e-03,3.20e+01,
7676,-8.00e-03,3.20e+01,
7677,-8.00e-03,3.20e+01,
7678,-8.00e-03,3.28e+01,
7679,-8.00e-03,3.20e+01,
7680,-8.00e-03,3.20e+01,
7681,-8.00e-03,3.20e+01,
7682,-8.00e-03,3.28e+01,
7683,-8.00e-03,3.20e+01,
7684,-8.00e-03,3.20e+01,
7685,-8.00e-03,3.20e+01,
7686,-8.00e-03,3.20e+01,
7687,-8.00e-03,3.20e+01,
7688,-8.00e-03,3.20e+01,
7689,-1.60e-02,3.20e+01,
7690,-8.00e-03,3.28e+01,
7691,-8.00e-03,3.20e+01,
7692,-8.00e-03,3.20e+01,
7693,-8.00e-03,3.20e+01,
7694,-8.00e-03,3.28e+01,
7695,-8.00e-03,3.20e+01,
7696,-8.00e-03,3.20e+01,
7697,-8.00e-03,3.20e+01,
7698,-8.00e-03,3.28e+01,
7699,-8.00e-03,3.20e+01,
7700,-8.00e-03,3.20e+01,
7701,-8.00e-03,3.20e+01,
7702,-8.00e-03,3.28e+01,
7703,-8.00e-03,3.20e+01,
7704,-8.00e-03,3.20e+01,
7705,-8.00e-03,3.20e+01,
7706,-8.00e-03,3.20e+01,
7707,-8.00e-03,3.20e+01,
7708,-8.00e-03,3.20e+01,
7709,-8.00e-03,3.20e+01,
7710,-8.00e-03,3.28e+01,
7711,-8.00e-03,3.20e+01,
7712,-8.00e-03,3.20e+01,
7713,-1.60e-02,3.20e+01,
7714,-8.00e-03,3.20e+01,
7715,-8.00e-03,3.20e+01,
7716,-8.00e-03,3.20e+01,
7717,-8.00e-03,3.20e+01,
7718,-8.00e-03,3.28e+01,
7719,-8.00e-03,3.20e+01,
7720,-8.00e-03,3.20e+01,
7721,-8.00e-03,3.20e+01,
7722,-8.00e-03,3.28e+01,
7723,-8.00e-03,3.20e+01,
7724,-8.00e-03,3.20e+01,
7725,-8.00e-03,3.20e+01,
7726,-8.00e-03,3.20e+01,
7727,-8.00e-03,3.28e+01,
7728,-8.00e-03,3.20e+01,
7729,-8.00e-03,3.20e+01,
7730,-8.00e-03,3.28e+01,
7731,-8.00e-03,3.20e+01,
7732,-8.00e-03,3.20e+01,
7733,-8.00e-03,3.20e+01,
7734,-8.00e-03,3.20e+01,
7735,-8.00e-03,3.20e+01,
7736,-8.00e-03,3.20e+01,
7737,-1.60e-02,3.20e+01,
7738,-8.00e-03,3.28e+01,
7739,-8.00e-03,3.20e+01,
7740,-8.00e-03,3.20e+01,
7741,-8.00e-03,3.20e+01,
7742,-8.00e-03,3.28e+01,
7743,-8.00e-03,3.20e+01,
7744,-8.00e-03,3.20e+01,
7745,-8.00e-03,3.20e+01,
7746,-8.00e-03,3.20e+01,
7747,-8.00e-03,3.28e+01,
7748,-8.00e-03,3.20e+01,
7749,-8.00e-03,3.20e+01,
7750,-8.00e-03,3.20e+01,
7751,-8.00e-03,3.20e+01,
7752,-8.00e-03,3.20e+01,
7753,-8.00e-03,3.20e+01,
7754,-8.00e-03,3.28e+01,
7755,-8.00e-03,3.20e+01,
7756,-8.00e-03,3.20e+01,
7757,-8.00e-03,3.20e+01,
7758,-8.00e-03,3.20e+01,
7759,-8.00e-03,3.20e+01,
7760,-8.00e-03,3.20e+01,
7761,-8.00e-03,3.20e+01,
7762,-8.00e-03,3.28e+01,
7763,-8.00e-03,3.20e+01,
7764,-8.00e-03,3.20e+01,
7765,-8.00e-03,3.20e+01,
7766,-8.00e-03,3.20e+01,
7767,-8.00e-03,3.20e+01,
7768,-8.00e-03,3.28e+01,
7769,-1.60e-02,3.20e+01,
7770,-8.00e-03,3.28e+01,
7771,-8.00e-03,3.20e+01,
7772,-8.00e-03,3.20e+01,
7773,-8.00e-03,3.20e+01,
7774,-8.00e-03,3.20e+01,
7775,-8.00e-03,3.20e+01,
7776,-8.00e-03,3.20e+01,
7777,-8.00e-03,3.20e+01,
7778,-8.00e-03,3.28e+01,
7779,-8.00e-03,3.20e+01,
7780,-8.00e-03,3.20e+01,
7781,-1.60e-02,3.20e+01,
7782,-8.00e-03,3.20e+01,
7783,-8.00e-03,3.20e+01,
7784,-8.00e-03,3.20e+01,
7785,-1.60e-02,3.20e+01,
7786,-8.00e-03,3.20e+01,
7787,-8.00e-03,3.28e+01,
7788,-8.00e-03,3.20e+01,
7789,-8.00e-03,3.20e+01,
7790,-8.00e-03,3.28e+01,
7791,-8.00e-03,3.20e+01,
7792,-8.00e-03,3.20e+01,
7793,-8.00e-03,3.20e+01,
7794,-8.00e-03,3.20e+01,
7795,-8.00e-03,3.20e+01,
7796,-8.00e-03,3.20e+01,
7797,-8.00e-03,3.20e+01,
7798,-8.00e-03,3.20e+01,
7799,-8.00e-03,3.20e+01,
7800,-8.00e-03,3.20e+01,
7801,-8.00e-03,3.20e+01,
7802,-8.00e-03,3.28e+01,
7803,-8.00e-03,3.20e+01,
7804,-8.00e-03,3.20e+01,
7805,-1.60e-02,3.20e+01,
7806,-8.00e-03,3.28e+01,
7807,-8.00e-03,3.20e+01,
7808,-8.00e-03,3.20e+01,
7809,-8.00e-03,3.20e+01,
7810,-8.00e-03,3.28e+01,
7811,-8.00e-03,3.20e+01,
7812,-8.00e-03,3.20e+01,
7813,-8.00e-03,3.20e+01,
7814,-8.00e-03,3.20e+01,
7815,-8.00e-03,3.20e+01,
7816,-8.00e-03,3.20e+01,
7817,-8.00e-03,3.20e+01,
7818,-8.00e-03,3.28e+01,
7819,-8.00e-03,3.20e+01,
7820,-8.00e-03,3.20e+01,
7821,-8.00e-03,3.20e+01,
7822,-8.00e-03,3.28e+01,
7823,-8.00e-03,3.20e+01,
7824,-8.00e-03,3.20e+01,
7825,-8.00e-03,3.20e+01,
7826,-8.00e-03,3.20e+01,
7827,-8.00e-03,3.20e+01,
7828,-8.00e-03,3.20e+01,
7829,-8.00e-03,3.20e+01,
7830,-8.00e-03,3.20e+01,
7831,-8.00e-03,3.20e+01,
7832,-8.00e-03,3.20e+01,
7833,-8.00e-03,3.20e+01,
7834,-8.00e-03,3.28e+01,
7835,-8.00e-03,3.20e+01,
7836,-8.00e-03,3.20e+01,
7837,-8.00e-03,3.20e+01,
7838,-8.00e-03,3.20e+01,
7839,-8.00e-03,3.20e+01,
7840,-8.00e-03,3.20e+01,
7841,-8.00e-03,3.20e+01,
7842,-8.00e-03,3.28e+01,
7843,-8.00e-03,3.20e+01,
7844,-8.00e-03,3.20e+01,
7845,-8.00e-03,3.20e+01,
7846,-8.00e-03,3.20e+01,
7847,-8.00e-03,3.20e+01,
7848,-8.00e-03,3.20e+01,
7849,-8.00e-03,3.20e+01,
7850,-8.00e-03,3.28e+01,
7851,-8.00e-03,3.20e+01,
7852,-8.00e-03,3.20e+01,
7853,-8.00e-03,3.20e+01,
7854,-8.00e-03,3.20e+01,
7855,-8.00e-03,3.20e+01,
7856,-8.00e-03,3.20e+01,
7857,-8.00e-03,3.20e+01,
7858,-8.00e-03,3.20e+01,
7859,-8.00e-03,3.20e+01,
7860,-8.00e-03,3.20e+01,
7861,-8.00e-03,3.20e+01,
7862,-8.00e-03,3.28e+01,
7863,-8.00e-03,3.20e+01,
7864,-8.00e-03,3.20e+01,
7865,-8.00e-03,3.20e+01,
7866,-8.00e-03,3.28e+01,
7867,-8.00e-03,3.20e+01,
7868,-8.00e-03,3.20e+01,
7869,-8.00e-03,3.20e+01,
7870,-8.00e-03,3.28e+01,
7871,-8.00e-03,3.20e+01,
7872,-8.00e-03,3.20e+01,
7873,-8.00e-03,3.20e+01,
7874,-8.00e-03,3.28e+01,
7875,-8.00e-03,3.20e+01,
7876,-8.00e-03,3.20e+01,
7877,-8.00e-03,3.20e+01,
7878,-8.00e-03,3.20e+01,
7879,-8.00e-03,3.20e+01,
7880,-8.00e-03,3.20e+01,
7881,-8.00e-03,3.20e+01,
7882,-8.00e-03,3.28e+01,
7883,-8.00e-03,3.20e+01,
7884,-8.00e-03,3.20e+01,
7885,-8.00e-03,3.20e+01,
7886,-8.00e-03,3.20e+01,
7887,-8.00e-03,3.28e+01,
7888,-8.00e-03,3.20e+01,
7889,-1.60e-02,3.20e+01,
7890,-8.00e-03,3.20e+01,
7891,-8.00e-03,3.20e+01,
7892,-8.00e-03,3.20e+01,
7893,-8.00e-03,3.20e+01,
7894,-8.00e-03,3.20e+01,
7895,-8.00e-03,3.20e+01,
7896,-8.00e-03,3.20e+01,
7897,-8.00e-03,3.20e+01,
7898,-8.00e-03,3.28e+01,
7899,-8.00e-03,3.20e+01,
7900,-8.00e-03,3.20e+01,
7901,-8.00e-03,3.20e+01,
7902,-8.00e-03,3.20e+01,
7903,-8.00e-03,3.20e+01,
7904,-8.00e-03,3.20e+01,
7905,-8.00e-03,3.20e+01,
7906,-8.00e-03,3.20e+01,
7907,-8.00e-03,3.20e+01,
7908,-8.00e-03,3.20e+01,
7909,-8.00e-03,3.20e+01,
7910,-8.00e-03,3.20e+01,
7911,-8.00e-03,3.20e+01,
7912,-8.00e-03,3.20e+01,
7913,-8.00e-03,3.20e+01,
7914,-8.00e-03,3.20e+01,
7915,-8.00e-03,3.20e+01,
7916,-8.00e-03,3.20e+01,
7917,-8.00e-03,3.20e+01,
7918,-8.00e-03,3.20e+01,
7919,-8.00e-03,3.20e+01,
7920,-8.00e-03,3.20e+01,
7921,-1.60e-02,3.20e+01,
7922,-8.00e-03,3.28e+01,
7923,-8.00e-03,3.20e+01,
7924,-8.00e-03,3.20e+01,
7925,-8.00e-03,3.20e+01,
7926,-8.00e-03,3.20e+01,
7927,-8.00e-03,3.20e+01,
7928,-8.00e-03,3.20e+01,
7929,-8.00e-03,3.20e+01,
7930,-8.00e-03,3.28e+01,
7931,-8.00e-03,3.20e+01,
7932,-8.00e-03,3.20e+01,
7933,-8.00e-03,3.20e+01,
7934,-8.00e-03,3.20e+01,
7935,-8.00e-03,3.20e+01,
7936,-8.00e-03,3.20e+01,
7937,-8.00e-03,3.20e+01,
7938,-8.00e-03,3.20e+01,
7939,-8.00e-03,3.20e+01,
7940,-8.00e-03,3.20e+01,
7941,-8.00e-03,3.20e+01,
7942,-8.00e-03,3.28e+01,
7943,-8.00e-03,3.20e+01,
7944,-8.00e-03,3.20e+01,
7945,-8.00e-03,3.20e+01,
7946,-8.00e-03,3.20e+01,
7947,-8.00e-03,3.20e+01,
7948,-8.00e-03,3.20e+01,
7949,-8.00e-03,3.20e+01,
7950,-8.00e-03,3.28e+01,
7951,-8.00e-03,3.20e+01,
7952,-8.00e-03,3.20e+01,
7953,-8.00e-03,3.20e+01,
7954,-8.00e-03,3.20e+01,
7955,-8.00e-03,3.20e+01,
7956,-8.00e-03,3.20e+01,
7957,-8.00e-03,3.20e+01,
7958,-8.00e-03,3.20e+01,
7959,-8.00e-03,3.20e+01,
7960,-8.00e-03,3.20e+01,
7961,-8.00e-03,3.20e+01,
7962,-8.00e-03,3.28e+01,
7963,-8.00e-03,3.20e+01,
7964,-8.00e-03,3.20e+01,
7965,-8.00e-03,3.20e+01,
7966,-8.00e-03,3.28e+01,
7967,-8.00e-03,3.20e+01,
7968,-8.00e-03,3.28e+01,
7969,-8.00e-03,3.20e+01,
7970,-8.00e-03,3.28e+01,
7971,-8.00e-03,3.20e+01,
7972,-8.00e-03,3.20e+01,
7973,-8.00e-03,3.20e+01,
7974,-8.00e-03,3.20e+01,
7975,-8.00e-03,3.20e+01,
7976,-8.00e-03,3.20e+01,
7977,-8.00e-03,3.20e+01,
7978,-8.00e-03,3.20e+01,
7979,-8.00e-03,3.20e+01,
7980,-8.00e-03,3.20e+01,
7981,-8.00e-03,3.20e+01,
7982,-8.00e-03,3.28e+01,
7983,-8.00e-03,3.20e+01,
7984,-8.00e-03,3.20e+01,
7985,-8.00e-03,3.20e+01,
7986,-8.00e-03,3.20e+01,
7987,-8.00e-03,3.28e+01,
7988,-8.00e-03,3.20e+01,
7989,-8.00e-03,3.20e+01,
7990,-8.00e-03,3.20e+01,
7991,-8.00e-03,3.20e+01,
7992,-8.00e-03,3.20e+01,
7993,-8.00e-03,3.20e+01,
7994,-8.00e-03,3.20e+01,
7995,-8.00e-03,3.20e+01,
7996,-8.00e-03,3.20e+01,
7997,-8.00e-03,3.20e+01,
7998,-8.00e-03,3.20e+01,
7999,-8.00e-03,3.20e+01,
8000,-8.00e-03,3.20e+01,
8001,-8.00e-03,3.20e+01,
8002,-8.00e-03,3.20e+01,
8003,-8.00e-03,3.20e+01,
8004,-8.00e-03,3.20e+01,
8005,-8.00e-03,3.20e+01,
8006,-8.00e-03,3.20e+01,
8007,-8.00e-03,3.20e+01,
8008,-8.00e-03,3.20e+01,
8009,-8.00e-03,3.20e+01,
8010,-8.00e-03,3.20e+01,
8011,-8.00e-03,3.20e+01,
8012,-8.00e-03,3.20e+01,
8013,-8.00e-03,3.20e+01,
8014,-8.00e-03,3.20e+01,
8015,-8.00e-03,3.20e+01,
8016,-8.00e-03,3.20e+01,
8017,-8.00e-03,3.20e+01,
8018,-8.00e-03,3.20e+01,
8019,-8.00e-03,3.20e+01,
8020,-8.00e-03,3.20e+01,
8021,-8.00e-03,3.20e+01,
8022,-8.00e-03,3.20e+01,
8023,-8.00e-03,3.20e+01,
8024,-8.00e-03,3.20e+01,
8025,-1.60e-02,3.20e+01,
8026,-8.00e-03,3.20e+01,
8027,-8.00e-03,3.20e+01,
8028,-8.00e-03,3.20e+01,
8029,-8.00e-03,3.20e+01,
8030,-8.00e-03,3.20e+01,
8031,-8.00e-03,3.20e+01,
8032,-8.00e-03,3.20e+01,
8033,-8.00e-03,3.20e+01,
8034,-8.00e-03,3.20e+01,
8035,-8.00e-03,3.20e+01,
8036,-8.00e-03,3.20e+01,
8037,-8.00e-03,3.20e+01,
8038,-8.00e-03,3.20e+01,
8039,-8.00e-03,3.20e+01,
8040,-8.00e-03,3.20e+01,
8041,-8.00e-03,3.20e+01,
8042,-8.00e-03,3.20e+01,
8043,-8.00e-03,3.20e+01,
8044,-8.00e-03,3.20e+01,
8045,-8.00e-03,3.20e+01,
8046,-8.00e-03,3.20e+01,
8047,-8.00e-03,3.20e+01,
8048,-8.00e-03,3.20e+01,
8049,-8.00e-03,3.20e+01,
8050,-8.00e-03,3.20e+01,
8051,-8.00e-03,3.20e+01,
8052,-8.00e-03,3.20e+01,
8053,-8.00e-03,3.20e+01,
8054,-8.00e-03,3.20e+01,
8055,-8.00e-03,3.20e+01,
8056,-8.00e-03,3.20e+01,
8057,-8.00e-03,3.20e+01,
8058,-8.00e-03,3.20e+01,
8059,-8.00e-03,3.20e+01,
8060,-8.00e-03,3.20e+01,
8061,-8.00e-03,3.20e+01,
8062,-8.00e-03,3.28e+01,
8063,-8.00e-03,3.20e+01,
8064,-8.00e-03,3.20e+01,
8065,-8.00e-03,3.20e+01,
8066,-8.00e-03,3.20e+01,
8067,-8.00e-03,3.20e+01,
8068,-8.00e-03,3.20e+01,
8069,-8.00e-03,3.20e+01,
8070,-8.00e-03,3.20e+01,
8071,-8.00e-03,3.20e+01,
8072,-8.00e-03,3.20e+01,
8073,-8.00e-03,3.20e+01,
8074,-8.00e-03,3.20e+01,
8075,-8.00e-03,3.20e+01,
8076,-8.00e-03,3.20e+01,
8077,-8.00e-03,3.20e+01,
8078,-8.00e-03,3.20e+01,
8079,-8.00e-03,3.20e+01,
8080,-8.00e-03,3.20e+01,
8081,-8.00e-03,3.20e+01,
8082,-8.00e-03,3.20e+01,
8083,-8.00e-03,3.20e+01,
8084,-8.00e-03,3.20e+01,
8085,-8.00e-03,3.20e+01,
8086,-8.00e-03,3.20e+01,
8087,-8.00e-03,3.20e+01,
8088,-8.00e-03,3.20e+01,
8089,-8.00e-03,3.20e+01,
8090,-8.00e-03,3.20e+01,
8091,-8.00e-03,3.20e+01,
8092,-8.00e-03,3.20e+01,
8093,-8.00e-03,3.20e+01,
8094,-8.00e-03,3.20e+01,
8095,-8.00e-03,3.20e+01,
8096,-8.00e-03,3.20e+01,
8097,-8.00e-03,3.20e+01,
8098,-8.00e-03,3.20e+01,
8099,-8.00e-03,3.20e+01,
8100,-8.00e-03,3.20e+01,
8101,-8.00e-03,3.20e+01,
8102,-8.00e-03,3.20e+01,
8103,-8.00e-03,3.20e+01,
8104,-8.00e-03,3.20e+01,
8105,-8.00e-03,3.20e+01,
8106,-8.00e-03,3.20e+01,
8107,-8.00e-03,3.20e+01,
8108,-8.00e-03,3.20e+01,
8109,-8.00e-03,3.20e+01,
8110,-8.00e-03,3.20e+01,
8111,-8.00e-03,3.20e+01,
8112,-8.00e-03,3.20e+01,
8113,-8.00e-03,3.20e+01,
8114,-8.00e-03,3.20e+01,
8115,-8.00e-03,3.20e+01,
8116,-8.00e-03,3.20e+01,
8117,-8.00e-03,3.20e+01,
8118,-8.00e-03,3.20e+01,
8119,-8.00e-03,3.20e+01,
8120,-8.00e-03,3.20e+01,
8121,-8.00e-03,3.20e+01,
8122,-8.00e-03,3.20e+01,
8123,-8.00e-03,3.20e+01,
8124,-8.00e-03,3.20e+01,
8125,-8.00e-03,3.20e+01,
8126,-8.00e-03,3.20e+01,
8127,-8.00e-03,3.20e+01,
8128,-8.00e-03,3.20e+01,
8129,-8.00e-03,3.20e+01,
8130,-8.00e-03,3.28e+01,
8131,-8.00e-03,3.20e+01,
8132,-8.00e-03,3.20e+01,
8133,-8.00e-03,3.20e+01,
8134,-8.00e-03,3.20e+01,
8135,-8.00e-03,3.20e+01,
8136,-8.00e-03,3.20e+01,
8137,-1.60e-02,3.20e+01,
8138,-8.00e-03,3.20e+01,
8139,-8.00e-03,3.20e+01,
8140,-8.00e-03,3.20e+01,
8141,-8.00e-03,3.20e+01,
8142,-8.00e-03,3.20e+01,
8143,-8.00e-03,3.20e+01,
8144,-8.00e-03,3.20e+01,
8145,-8.00e-03,3.20e+01,
8146,-8.00e-03,3.20e+01,
8147,-8.00e-03,3.20e+01,
8148,-8.00e-03,3.20e+01,
8149,-8.00e-03,3.20e+01,
8150,-8.00e-03,3.20e+01,
8151,-8.00e-03,3.20e+01,
8152,-8.00e-03,3.20e+01,
8153,-8.00e-03,3.20e+01,
8154,-8.00e-03,3.20e+01,
8155,-8.00e-03,3.20e+01,
8156,-8.00e-03,3.20e+01,
8157,-8.00e-03,3.20e+01,
8158,-8.00e-03,3.20e+01,
8159,-8.00e-03,3.20e+01,
8160,-8.00e-03,3.20e+01,
8161,-8.00e-03,3.20e+01,
8162,-8.00e-03,3.20e+01,
8163,-8.00e-03,3.20e+01,
8164,-8.00e-03,3.20e+01,
8165,-8.00e-03,3.20e+01,
8166,-8.00e-03,3.20e+01,
8167,-8.00e-03,3.20e+01,
8168,-8.00e-03,3.20e+01,
8169,-8.00e-03,3.20e+01,
8170,-8.00e-03,3.28e+01,
8171,-8.00e-03,3.20e+01,
8172,-8.00e-03,3.20e+01,
8173,-8.00e-03,3.20e+01,
8174,-8.00e-03,3.20e+01,
8175,-8.00e-03,3.20e+01,
8176,-8.00e-03,3.20e+01,
8177,-1.60e-02,3.20e+01,
8178,-8.00e-03,3.20e+01,
8179,-8.00e-03,3.20e+01,
8180,-8.00e-03,3.20e+01,
8181,-8.00e-03,3.20e+01,
8182,-8.00e-03,3.20e+01,
8183,-8.00e-03,3.20e+01,
8184,-8.00e-03,3.20e+01,
8185,-8.00e-03,3.20e+01,
8186,-8.00e-03,3.20e+01,
8187,-8.00e-03,3.20e+01,
8188,-8.00e-03,3.20e+01,
8189,-8.00e-03,3.20e+01,
8190,-8.00e-03,3.20e+01,
8191,-8.00e-03,3.20e+01,
8192,-8.00e-03,3.20e+01,
8193,-8.00e-03,3.20e+01,
8194,-8.00e-03,3.20e+01,
8195,-8.00e-03,3.20e+01,
8196,-8.00e-03,3.20e+01,
8197,-8.00e-03,3.20e+01,
8198,-8.00e-03,3.20e+01,
8199,-8.00e-03,3.20e+01,
8200,-8.00e-03,3.20e+01,
8201,-8.00e-03,3.20e+01,
8202,-8.00e-03,3.20e+01,
8203,-8.00e-03,3.20e+01,
8204,-8.00e-03,3.20e+01,
8205,-8.00e-03,3.20e+01,
8206,-8.00e-03,3.20e+01,
8207,-8.00e-03,3.20e+01,
8208,-8.00e-03,3.20e+01,
8209,-8.00e-03,3.20e+01,
8210,-8.00e-03,3.20e+01,
8211,-8.00e-03,3.20e+01,
8212,-8.00e-03,3.20e+01,
8213,-8.00e-03,3.20e+01,
8214,-8.00e-03,3.20e+01,
8215,-8.00e-03,3.20e+01,
8216,-8.00e-03,3.20e+01,
8217,-8.00e-03,3.20e+01,
8218,-8.00e-03,3.20e+01,
8219,-8.00e-03,3.20e+01,
8220,-8.00e-03,3.20e+01,
8221,-8.00e-03,3.20e+01,
8222,-8.00e-03,3.20e+01,
8223,-8.00e-03,3.20e+01,
8224,-8.00e-03,3.20e+01,
8225,-8.00e-03,3.20e+01,
8226,-8.00e-03,3.20e+01,
8227,-8.00e-03,3.20e+01,
8228,-8.00e-03,3.20e+01,
8229,-1.60e-02,3.20e+01,
8230,-8.00e-03,3.20e+01,
8231,-8.00e-03,3.20e+01,
8232,-8.00e-03,3.20e+01,
8233,-8.00e-03,3.20e+01,
8234,-8.00e-03,3.20e+01,
8235,-8.00e-03,3.20e+01,
8236,-8.00e-03,3.20e+01,
8237,-8.00e-03,3.20e+01,
8238,-8.00e-03,3.20e+01,
8239,-8.00e-03,3.20e+01,
8240,-8.00e-03,3.20e+01,
8241,-8.00e-03,3.20e+01,
8242,-8.00e-03,3.20e+01,
8243,-8.00e-03,3.20e+01,
8244,-8.00e-03,3.20e+01,
8245,-8.00e-03,3.20e+01,
8246,-8.00e-03,3.20e+01,
8247,-8.00e-03,3.20e+01,
8248,-8.00e-03,3.20e+01,
8249,-8.00e-03,3.20e+01,
8250,-8.00e-03,3.20e+01,
8251,-8.00e-03,3.20e+01,
8252,-8.00e-03,3.20e+01,
8253,-8.00e-03,3.20e+01,
8254,-8.00e-03,3.20e+01,
8255,-8.00e-03,3.20e+01,
8256,-8.00e-03,3.20e+01,
8257,-8.00e-03,3.20e+01,
8258,-8.00e-03,3.20e+01,
8259,-8.00e-03,3.20e+01,
8260,-8.00e-03,3.20e+01,
8261,-8.00e-03,3.20e+01,
8262,-8.00e-03,3.20e+01,
8263,-8.00e-03,3.20e+01,
8264,-8.00e-03,3.20e+01,
8265,-8.00e-03,3.20e+01,
8266,-8.00e-03,3.20e+01,
8267,-8.00e-03,3.20e+01,
8268,-8.00e-03,3.20e+01,
8269,-8.00e-03,3.20e+01,
8270,-8.00e-03,3.20e+01,
8271,-8.00e-03,3.20e+01,
8272,-8.00e-03,3.20e+01,
8273,-8.00e-03,3.20e+01,
8274,-8.00e-03,3.20e+01,
8275,-8.00e-03,3.20e+01,
8276,-8.00e-03,3.20e+01,
8277,-8.00e-03,3.20e+01,
8278,-8.00e-03,3.20e+01,
8279,-8.00e-03,3.20e+01,
8280,-8.00e-03,3.20e+01,
8281,-8.00e-03,3.20e+01,
8282,-8.00e-03,3.20e+01,
8283,-8.00e-03,3.20e+01,
8284,-8.00e-03,3.20e+01,
8285,-8.00e-03,3.20e+01,
8286,-8.00e-03,3.20e+01,
8287,-8.00e-03,3.20e+01,
8288,-8.00e-03,3.20e+01,
8289,-8.00e-03,3.20e+01,
8290,-8.00e-03,3.20e+01,
8291,-8.00e-03,3.20e+01,
8292,-8.00e-03,3.20e+01,
8293,-8.00e-03,3.20e+01,
8294,-8.00e-03,3.20e+01,
8295,-8.00e-03,3.20e+01,
8296,-8.00e-03,3.20e+01,
8297,-8.00e-03,3.20e+01,
8298,-8.00e-03,3.20e+01,
8299,-8.00e-03,3.20e+01,
8300,-8.00e-03,3.20e+01,
8301,-8.00e-03,3.20e+01,
8302,-8.00e-03,3.20e+01,
8303,-8.00e-03,3.20e+01,
8304,-8.00e-03,3.20e+01,
8305,-1.60e-02,3.20e+01,
8306,-8.00e-03,3.20e+01,
8307,-8.00e-03,3.20e+01,
8308,-8.00e-03,3.20e+01,
8309,-8.00e-03,3.20e+01,
8310,-8.00e-03,3.20e+01,
8311,-8.00e-03,3.20e+01,
8312,-8.00e-03,3.20e+01,
8313,-8.00e-03,3.20e+01,
8314,-8.00e-03,3.20e+01,
8315,-8.00e-03,3.20e+01,
8316,-8.00e-03,3.20e+01,
8317,-8.00e-03,3.20e+01,
8318,-8.00e-03,3.20e+01,
8319,-8.00e-03,3.20e+01,
8320,-8.00e-03,3.20e+01,
8321,-1.60e-02,3.20e+01,
8322,-8.00e-03,3.20e+01,
8323,-8.00e-03,3.20e+01,
8324,-8.00e-03,3.20e+01,
8325,-1.60e-02,3.20e+01,
8326,-8.00e-03,3.20e+01,
8327,-8.00e-03,3.20e+01,
8328,-8.00e-03,3.20e+01,
8329,-8.00e-03,3.20e+01,
8330,-8.00e-03,3.20e+01,
8331,-8.00e-03,3.20e+01,
8332,-8.00e-03,3.20e+01,
8333,-8.00e-03,3.20e+01,
8334,-8.00e-03,3.20e+01,
8335,-8.00e-03,3.20e+01,
8336,-8.00e-03,3.20e+01,
8337,-8.00e-03,3.20e+01,
8338,-8.00e-03,3.20e+01,
8339,-8.00e-03,3.20e+01,
8340,-8.00e-03,3.20e+01,
8341,-8.00e-03,3.20e+01,
8342,-8.00e-03,3.20e+01,
8343,-8.00e-03,3.20e+01,
8344,-8.00e-03,3.20e+01,
8345,-8.00e-03,3.20e+01,
8346,-8.00e-03,3.20e+01,
8347,-8.00e-03,3.20e+01,
8348,-8.00e-03,3.20e+01,
8349,-8.00e-03,3.20e+01,
8350,-8.00e-03,3.20e+01,
8351,-8.00e-03,3.20e+01,
8352,-8.00e-03,3.20e+01,
8353,-8.00e-03,3.20e+01,
8354,-8.00e-03,3.20e+01,
8355,-8.00e-03,3.20e+01,
8356,-8.00e-03,3.20e+01,
8357,-8.00e-03,3.20e+01,
8358,-8.00e-03,3.20e+01,
8359,-8.00e-03,3.20e+01,
8360,-8.00e-03,3.20e+01,
8361,-8.00e-03,3.20e+01,
8362,-8.00e-03,3.20e+01,
8363,-8.00e-03,3.20e+01,
8364,-8.00e-03,3.20e+01,
8365,-1.60e-02,3.20e+01,
8366,-8.00e-03,3.20e+01,
8367,-8.00e-03,3.20e+01,
8368,-8.00e-03,3.20e+01,
8369,-8.00e-03,3.20e+01,
8370,-8.00e-03,3.28e+01,
8371,-8.00e-03,3.20e+01,
8372,-8.00e-03,3.20e+01,
8373,-8.00e-03,3.20e+01,
8374,-8.00e-03,3.20e+01,
8375,-8.00e-03,3.20e+01,
8376,-8.00e-03,3.20e+01,
8377,-8.00e-03,3.20e+01,
8378,-8.00e-03,3.20e+01,
8379,-8.00e-03,3.20e+01,
8380,-8.00e-03,3.20e+01,
8381,-8.00e-03,3.20e+01,
8382,-8.00e-03,3.20e+01,
8383,-8.00e-03,3.20e+01,
8384,-8.00e-03,3.20e+01,
8385,-8.00e-03,3.20e+01,
8386,-8.00e-03,3.20e+01,
8387,-8.00e-03,3.20e+01,
8388,-8.00e-03,3.20e+01,
8389,-8.00e-03,3.20e+01,
8390,-8.00e-03,3.20e+01,
8391,-8.00e-03,3.20e+01,
8392,-8.00e-03,3.20e+01,
8393,-8.00e-03,3.20e+01,
8394,-8.00e-03,3.20e+01,
8395,-8.00e-03,3.20e+01,
8396,-8.00e-03,3.20e+01,
8397,-8.00e-03,3.20e+01,
8398,-8.00e-03,3.20e+01,
8399,-8.00e-03,3.20e+01,
8400,-8.00e-03,3.20e+01,
8401,-8.00e-03,3.20e+01,
8402,-8.00e-03,3.20e+01,
8403,-8.00e-03,3.20e+01,
8404,-8.00e-03,3.20e+01,
8405,-8.00e-03,3.20e+01,
8406,-8.00e-03,3.20e+01,
8407,-8.00e-03,3.20e+01,
8408,-8.00e-03,3.20e+01,
8409,-8.00e-03,3.20e+01,
8410,-8.00e-03,3.20e+01,
8411,-8.00e-03,3.20e+01,
8412,-8.00e-03,3.20e+01,
8413,-8.00e-03,3.20e+01,
8414,-8.00e-03,3.20e+01,
8415,-8.00e-03,3.20e+01,
8416,-8.00e-03,3.20e+01,
8417,-8.00e-03,3.20e+01,
8418,-8.00e-03,3.20e+01,
8419,-8.00e-03,3.20e+01,
8420,-8.00e-03,3.20e+01,
8421,-8.00e-03,3.20e+01,
8422,-8.00e-03,3.20e+01,
8423,-8.00e-03,3.20e+01,
8424,-8.00e-03,3.20e+01,
8425,-8.00e-03,3.20e+01,
8426,-8.00e-03,3.20e+01,
8427,-8.00e-03,3.20e+01,
8428,-8.00e-03,3.20e+01,
8429,-8.00e-03,3.20e+01,
8430,-8.00e-03,3.20e+01,
8431,-8.00e-03,3.20e+01,
8432,-8.00e-03,3.20e+01,
8433,-8.00e-03,3.20e+01,
8434,-8.00e-03,3.20e+01,
8435,-8.00e-03,3.20e+01,
8436,-8.00e-03,3.20e+01,
8437,-8.00e-03,3.20e+01,
8438,-8.00e-03,3.20e+01,
8439,-8.00e-03,3.20e+01,
8440,-8.00e-03,3.20e+01,
8441,-8.00e-03,3.20e+01,
8442,-8.00e-03,3.20e+01,
8443,-8.00e-03,3.20e+01,
8444,-8.00e-03,3.20e+01,
8445,-8.00e-03,3.20e+01,
8446,-8.00e-03,3.20e+01,
8447,-8.00e-03,3.20e+01,
8448,-8.00e-03,3.20e+01,
8449,-8.00e-03,3.20e+01,
8450,-8.00e-03,3.20e+01,
8451,-8.00e-03,3.20e+01,
8452,-8.00e-03,3.20e+01,
8453,-8.00e-03,3.20e+01,
8454,-8.00e-03,3.20e+01,
8455,-8.00e-03,3.20e+01,
8456,-8.00e-03,3.20e+01,
8457,-8.00e-03,3.20e+01,
8458,-8.00e-03,3.20e+01,
8459,-8.00e-03,3.20e+01,
8460,-8.00e-03,3.20e+01,
8461,-1.60e-02,3.20e+01,
8462,-8.00e-03,3.20e+01,
8463,-8.00e-03,3.20e+01,
8464,-8.00e-03,3.20e+01,
8465,-8.00e-03,3.20e+01,
8466,-8.00e-03,3.20e+01,
8467,-8.00e-03,3.20e+01,
8468,-8.00e-03,3.20e+01,
8469,-8.00e-03,3.20e+01,
8470,-8.00e-03,3.20e+01,
8471,-8.00e-03,3.20e+01,
8472,-8.00e-03,3.20e+01,
8473,-8.00e-03,3.20e+01,
8474,-8.00e-03,3.20e+01,
8475,-8.00e-03,3.20e+01,
8476,-8.00e-03,3.20e+01,
8477,-8.00e-03,3.20e+01,
8478,-8.00e-03,3.20e+01,
8479,-8.00e-03,3.20e+01,
8480,-8.00e-03,3.20e+01,
8481,-8.00e-03,3.20e+01,
8482,-8.00e-03,3.20e+01,
8483,-8.00e-03,3.20e+01,
8484,-8.00e-03,3.20e+01,
8485,-1.60e-02,3.20e+01,
8486,-8.00e-03,3.20e+01,
8487,-8.00e-03,3.20e+01,
8488,-8.00e-03,3.20e+01,
8489,-8.00e-03,3.20e+01,
8490,-8.00e-03,3.20e+01,
8491,-8.00e-03,3.20e+01,
8492,-8.00e-03,3.20e+01,
8493,-8.00e-03,3.20e+01,
8494,-8.00e-03,3.20e+01,
8495,-8.00e-03,3.20e+01,
8496,-8.00e-03,3.20e+01,
8497,-8.00e-03,3.20e+01,
8498,-8.00e-03,3.20e+01,
8499,-8.00e-03,3.20e+01,
8500,-8.00e-03,3.20e+01,
8501,-8.00e-03,3.20e+01,
8502,-8.00e-03,3.20e+01,
8503,-8.00e-03,3.20e+01,
8504,-8.00e-03,3.20e+01,
8505,-8.00e-03,3.20e+01,
8506,-8.00e-03,3.20e+01,
8507,-8.00e-03,3.20e+01,
8508,-8.00e-03,3.20e+01,
8509,-8.00e-03,3.20e+01,
8510,-8.00e-03,3.20e+01,
8511,-8.00e-03,3.20e+01,
8512,-8.00e-03,3.20e+01,
8513,-8.00e-03,3.20e+01,
8514,-8.00e-03,3.20e+01,
8515,-8.00e-03,3.20e+01,
8516,-8.00e-03,3.20e+01,
8517,-8.00e-03,3.20e+01,
8518,-8.00e-03,3.20e+01,
8519,-8.00e-03,3.20e+01,
8520,-8.00e-03,3.20e+01,
8521,-8.00e-03,3.20e+01,
8522,-8.00e-03,3.20e+01,
8523,-8.00e-03,3.20e+01,
8524,-8.00e-03,3.20e+01,
8525,-8.00e-03,3.20e+01,
8526,-8.00e-03,3.20e+01,
8527,-8.00e-03,3.20e+01,
8528,-8.00e-03,3.20e+01,
8529,-8.00e-03,3.20e+01,
8530,-8.00e-03,3.20e+01,
8531,-8.00e-03,3.20e+01,
8532,-8.00e-03,3.20e+01,
8533,-8.00e-03,3.20e+01,
8534,-8.00e-03,3.20e+01,
8535,-8.00e-03,3.20e+01,
8536,-8.00e-03,3.20e+01,
8537,-8.00e-03,3.20e+01,
8538,-8.00e-03,3.20e+01,
8539,-8.00e-03,3.20e+01,
8540,-8.00e-03,3.20e+01,
8541,-8.00e-03,3.20e+01,
8542,-8.00e-03,3.20e+01,
8543,-8.00e-03,3.20e+01,
8544,-8.00e-03,3.20e+01,
8545,-8.00e-03,3.20e+01,
8546,-8.00e-03,3.20e+01,
8547,-8.00e-03,3.20e+01,
8548,-8.00e-03,3.20e+01,
8549,-1.60e-02,3.20e+01,
8550,-8.00e-03,3.20e+01,
8551,-8.00e-03,3.20e+01,
8552,-8.00e-03,3.20e+01,
8553,-8.00e-03,3.20e+01,
8554,-8.00e-03,3.20e+01,
8555,-8.00e-03,3.20e+01,
8556,-8.00e-03,3.20e+01,
8557,-8.00e-03,3.20e+01,
8558,-8.00e-03,3.20e+01,
8559,-8.00e-03,3.20e+01,
8560,-8.00e-03,3.20e+01,
8561,-8.00e-03,3.20e+01,
8562,-8.00e-03,3.20e+01,
8563,-8.00e-03,3.20e+01,
8564,-8.00e-03,3.20e+01,
8565,-8.00e-03,3.20e+01,
8566,-8.00e-03,3.20e+01,
8567,-8.00e-03,3.20e+01,
8568,-8.00e-03,3.20e+01,
8569,-8.00e-03,3.20e+01,
8570,-8.00e-03,3.28e+01,
8571,-8.00e-03,3.20e+01,
8572,-8.00e-03,3.20e+01,
8573,-8.00e-03,3.20e+01,
8574,-8.00e-03,3.20e+01,
8575,-8.00e-03,3.20e+01,
8576,-8.00e-03,3.20e+01,
8577,-8.00e-03,3.20e+01,
8578,-8.00e-03,3.20e+01,
8579,-8.00e-03,3.20e+01,
8580,-8.00e-03,3.20e+01,
8581,-8.00e-03,3.20e+01,
8582,-8.00e-03,3.20e+01,
8583,-8.00e-03,3.20e+01,
8584,-8.00e-03,3.20e+01,
8585,-8.00e-03,3.20e+01,
8586,-8.00e-03,3.20e+01,
8587,-8.00e-03,3.20e+01,
8588,-8.00e-03,3.20e+01,
8589,-8.00e-03,3.20e+01,
8590,-8.00e-03,3.20e+01,
8591,-8.00e-03,3.20e+01,
8592,-8.00e-03,3.20e+01,
8593,-8.00e-03,3.20e+01,
8594,-8.00e-03,3.20e+01,
8595,-8.00e-03,3.20e+01,
8596,-8.00e-03,3.20e+01,
8597,-8.00e-03,3.20e+01,
8598,-8.00e-03,3.20e+01,
8599,-8.00e-03,3.20e+01,
8600,-8.00e-03,3.20e+01,
8601,-8.00e-03,3.20e+01,
8602,-8.00e-03,3.20e+01,
8603,-8.00e-03,3.20e+01,
8604,-8.00e-03,3.20e+01,
8605,-8.00e-03,3.20e+01,
8606,-8.00e-03,3.20e+01,
8607,-8.00e-03,3.20e+01,
8608,-8.00e-03,3.20e+01,
8609,-8.00e-03,3.20e+01,
8610,-8.00e-03,3.20e+01,
8611,-8.00e-03,3.20e+01,
8612,-8.00e-03,3.20e+01,
8613,-8.00e-03,3.20e+01,
8614,-8.00e-03,3.20e+01,
8615,-8.00e-03,3.20e+01,
8616,-8.00e-03,3.20e+01,
8617,-8.00e-03,3.20e+01,
8618,-8.00e-03,3.20e+01,
8619,-8.00e-03,3.20e+01,
8620,-8.00e-03,3.20e+01,
8621,-8.00e-03,3.20e+01,
8622,-8.00e-03,3.20e+01,
8623,-8.00e-03,3.20e+01,
8624,-8.00e-03,3.20e+01,
8625,-8.00e-03,3.20e+01,
8626,-8.00e-03,3.20e+01,
8627,-8.00e-03,3.20e+01,
8628,-8.00e-03,3.20e+01,
8629,-8.00e-03,3.20e+01,
8630,-8.00e-03,3.20e+01,
8631,-8.00e-03,3.20e+01,
8632,-8.00e-03,3.20e+01,
8633,-8.00e-03,3.20e+01,
8634,-8.00e-03,3.20e+01,
8635,-8.00e-03,3.20e+01,
8636,-8.00e-03,3.20e+01,
8637,-8.00e-03,3.20e+01,
8638,-8.00e-03,3.20e+01,
8639,-8.00e-03,3.20e+01,
8640,-8.00e-03,3.20e+01,
8641,-8.00e-03,3.20e+01,
8642,-8.00e-03,3.20e+01,
8643,-8.00e-03,3.20e+01,
8644,-8.00e-03,3.20e+01,
8645,-8.00e-03,3.20e+01,
8646,-8.00e-03,3.20e+01,
8647,-8.00e-03,3.20e+01,
8648,-8.00e-03,3.20e+01,
8649,-8.00e-03,3.20e+01,
8650,-8.00e-03,3.20e+01,
8651,-8.00e-03,3.20e+01,
8652,-8.00e-03,3.20e+01,
8653,-8.00e-03,3.20e+01,
8654,-8.00e-03,3.20e+01,
8655,-8.00e-03,3.20e+01,
8656,-8.00e-03,3.20e+01,
8657,-1.60e-02,3.20e+01,
8658,-8.00e-03,3.20e+01,
8659,-8.00e-03,3.20e+01,
8660,-8.00e-03,3.20e+01,
8661,-8.00e-03,3.20e+01,
8662,-8.00e-03,3.20e+01,
8663,-8.00e-03,3.20e+01,
8664,-8.00e-03,3.20e+01,
8665,-8.00e-03,3.20e+01,
8666,-8.00e-03,3.20e+01,
8667,-8.00e-03,3.20e+01,
8668,-8.00e-03,3.20e+01,
8669,-8.00e-03,3.20e+01,
8670,-8.00e-03,3.20e+01,
8671,-8.00e-03,3.20e+01,
8672,-8.00e-03,3.20e+01,
8673,-8.00e-03,3.20e+01,
8674,-8.00e-03,3.20e+01,
8675,-8.00e-03,3.20e+01,
8676,-8.00e-03,3.20e+01,
8677,-8.00e-03,3.20e+01,
8678,-8.00e-03,3.20e+01,
8679,-8.00e-03,3.20e+01,
8680,-8.00e-03,3.20e+01,
8681,-1.60e-02,3.20e+01,
8682,-8.00e-03,3.20e+01,
8683,-8.00e-03,3.20e+01,
8684,-8.00e-03,3.20e+01,
8685,-8.00e-03,3.20e+01,
8686,-8.00e-03,3.20e+01,
8687,-8.00e-03,3.20e+01,
8688,-8.00e-03,3.20e+01,
8689,-8.00e-03,3.20e+01,
8690,-8.00e-03,3.20e+01,
8691,-8.00e-03,3.20e+01,
8692,-8.00e-03,3.20e+01,
8693,-8.00e-03,3.20e+01,
8694,-8.00e-03,3.20e+01,
8695,-8.00e-03,3.20e+01,
8696,-8.00e-03,3.20e+01,
8697,-8.00e-03,3.20e+01,
8698,-8.00e-03,3.20e+01,
8699,-8.00e-03,3.20e+01,
8700,-8.00e-03,3.20e+01,
8701,-8.00e-03,3.20e+01,
8702,-8.00e-03,3.20e+01,
8703,-8.00e-03,3.20e+01,
8704,-8.00e-03,3.20e+01,
8705,-8.00e-03,3.20e+01,
8706,-8.00e-03,3.20e+01,
8707,-8.00e-03,3.20e+01,
8708,-8.00e-03,3.20e+01,
8709,-8.00e-03,3.20e+01,
8710,-8.00e-03,3.20e+01,
8711,-8.00e-03,3.20e+01,
8712,-8.00e-03,3.20e+01,
8713,-8.00e-03,3.20e+01,
8714,-8.00e-03,3.20e+01,
8715,-8.00e-03,3.20e+01,
8716,-8.00e-03,3.20e+01,
8717,-8.00e-03,3.20e+01,
8718,-8.00e-03,3.20e+01,
8719,-8.00e-03,3.20e+01,
8720,-8.00e-03,3.20e+01,
8721,-8.00e-03,3.20e+01,
8722,-8.00e-03,3.20e+01,
8723,-8.00e-03,3.20e+01,
8724,-8.00e-03,3.20e+01,
8725,-8.00e-03,3.20e+01,
8726,-8.00e-03,3.20e+01,
8727,-8.00e-03,3.20e+01,
8728,-8.00e-03,3.20e+01,
8729,-8.00e-03,3.20e+01,
8730,-8.00e-03,3.20e+01,
8731,-8.00e-03,3.20e+01,
8732,-8.00e-03,3.20e+01,
8733,-8.00e-03,3.20e+01,
8734,-8.00e-03,3.20e+01,
8735,-8.00e-03,3.20e+01,
8736,-8.00e-03,3.20e+01,
8737,-8.00e-03,3.20e+01,
8738,-8.00e-03,3.20e+01,
8739,-8.00e-03,3.20e+01,
8740,-8.00e-03,3.20e+01,
8741,-8.00e-03,3.20e+01,
8742,-8.00e-03,3.20e+01,
8743,-8.00e-03,3.20e+01,
8744,-8.00e-03,3.20e+01,
8745,-8.00e-03,3.20e+01,
8746,-8.00e-03,3.20e+01,
8747,-8.00e-03,3.20e+01,
8748,-8.00e-03,3.20e+01,
8749,-8.00e-03,3.20e+01,
8750,-8.00e-03,3.20e+01,
8751,-8.00e-03,3.20e+01,
8752,-8.00e-03,3.20e+01,
8753,-8.00e-03,3.20e+01,
8754,-8.00e-03,3.20e+01,
8755,-8.00e-03,3.20e+01,
8756,-8.00e-03,3.20e+01,
8757,-8.00e-03,3.20e+01,
8758,-8.00e-03,3.20e+01,
8759,-8.00e-03,3.20e+01,
8760,-8.00e-03,3.20e+01,
8761,-8.00e-03,3.20e+01,
8762,-8.00e-03,3.20e+01,
8763,-8.00e-03,3.20e+01,
8764,-8.00e-03,3.20e+01,
8765,-8.00e-03,3.20e+01,
8766,-8.00e-03,3.20e+01,
8767,-8.00e-03,3.20e+01,
8768,-8.00e-03,3.20e+01,
8769,-8.00e-03,3.20e+01,
8770,-8.00e-03,3.20e+01,
8771,-8.00e-03,3.20e+01,
8772,-8.00e-03,3.20e+01,
8773,-8.00e-03,3.20e+01,
8774,-8.00e-03,3.20e+01,
8775,-8.00e-03,3.20e+01,
8776,-8.00e-03,3.20e+01,
8777,-1.60e-02,3.20e+01,
8778,-8.00e-03,3.20e+01,
8779,-8.00e-03,3.20e+01,
8780,-8.00e-03,3.20e+01,
8781,-8.00e-03,3.20e+01,
8782,-8.00e-03,3.20e+01,
8783,-8.00e-03,3.20e+01,
8784,-8.00e-03,3.20e+01,
8785,-8.00e-03,3.20e+01,
8786,-8.00e-03,3.20e+01,
8787,-8.00e-03,3.20e+01,
8788,-8.00e-03,3.20e+01,
8789,-8.00e-03,3.20e+01,
8790,-8.00e-03,3.20e+01,
8791,-8.00e-03,3.20e+01,
8792,-8.00e-03,3.20e+01,
8793,-8.00e-03,3.20e+01,
8794,-8.00e-03,3.20e+01,
8795,-8.00e-03,3.20e+01,
8796,-8.00e-03,3.20e+01,
8797,-8.00e-03,3.20e+01,
8798,-8.00e-03,3.20e+01,
8799,-8.00e-03,3.20e+01,
8800,-8.00e-03,3.20e+01,
8801,-8.00e-03,3.20e+01,
8802,-8.00e-03,3.20e+01,
8803,-8.00e-03,3.20e+01,
8804,-8.00e-03,3.20e+01,
8805,-8.00e-03,3.20e+01,
8806,-8.00e-03,3.20e+01,
8807,-8.00e-03,3.20e+01,
8808,-8.00e-03,3.20e+01,
8809,-8.00e-03,3.20e+01,
8810,-8.00e-03,3.20e+01,
8811,-8.00e-03,3.20e+01,
8812,-8.00e-03,3.20e+01,
8813,-8.00e-03,3.20e+01,
8814,-8.00e-03,3.20e+01,
8815,-8.00e-03,3.20e+01,
8816,-8.00e-03,3.20e+01,
8817,-8.00e-03,3.20e+01,
8818,-8.00e-03,3.20e+01,
8819,-8.00e-03,3.20e+01,
8820,-8.00e-03,3.20e+01,
8821,-8.00e-03,3.20e+01,
8822,-8.00e-03,3.20e+01,
8823,-8.00e-03,3.20e+01,
8824,-8.00e-03,3.20e+01,
8825,-8.00e-03,3.20e+01,
8826,-8.00e-03,3.20e+01,
8827,-8.00e-03,3.20e+01,
8828,-8.00e-03,3.20e+01,
8829,-1.60e-02,3.20e+01,
8830,-8.00e-03,3.20e+01,
8831,-8.00e-03,3.20e+01,
8832,-8.00e-03,3.20e+01,
8833,-8.00e-03,3.20e+01,
8834,-8.00e-03,3.20e+01,
8835,-8.00e-03,3.20e+01,
8836,-8.00e-03,3.20e+01,
8837,-8.00e-03,3.20e+01,
8838,-8.00e-03,3.20e+01,
8839,-8.00e-03,3.20e+01,
8840,-8.00e-03,3.20e+01,
8841,-8.00e-03,3.20e+01,
8842,-8.00e-03,3.20e+01,
8843,-8.00e-03,3.20e+01,
8844,-8.00e-03,3.20e+01,
8845,-8.00e-03,3.20e+01,
8846,-8.00e-03,3.20e+01,
8847,-8.00e-03,3.20e+01,
8848,-8.00e-03,3.20e+01,
8849,-8.00e-03,3.20e+01,
8850,-8.00e-03,3.20e+01,
8851,-8.00e-03,3.20e+01,
8852,-8.00e-03,3.20e+01,
8853,-8.00e-03,3.20e+01,
8854,-8.00e-03,3.20e+01,
8855,-8.00e-03,3.20e+01,
8856,-8.00e-03,3.20e+01,
8857,-8.00e-03,3.20e+01,
8858,-8.00e-03,3.20e+01,
8859,-8.00e-03,3.20e+01,
8860,-8.00e-03,3.20e+01,
8861,-8.00e-03,3.20e+01,
8862,-8.00e-03,3.20e+01,
8863,-8.00e-03,3.20e+01,
8864,-8.00e-03,3.20e+01,
8865,-8.00e-03,3.20e+01,
8866,-8.00e-03,3.20e+01,
8867,-8.00e-03,3.20e+01,
8868,-8.00e-03,3.20e+01,
8869,-8.00e-03,3.20e+01,
8870,-8.00e-03,3.20e+01,
8871,-8.00e-03,3.20e+01,
8872,-8.00e-03,3.20e+01,
8873,-1.60e-02,3.20e+01,
8874,-8.00e-03,3.20e+01,
8875,-8.00e-03,3.20e+01,
8876,-8.00e-03,3.20e+01,
8877,-8.00e-03,3.20e+01,
8878,-8.00e-03,3.20e+01,
8879,-8.00e-03,3.20e+01,
8880,-8.00e-03,3.20e+01,
8881,-8.00e-03,3.20e+01,
8882,-8.00e-03,3.20e+01,
8883,-8.00e-03,3.20e+01,
8884,-8.00e-03,3.20e+01,
8885,-8.00e-03,3.20e+01,
8886,-8.00e-03,3.20e+01,
8887,-8.00e-03,3.20e+01,
8888,-8.00e-03,3.20e+01,
8889,-8.00e-03,3.20e+01,
8890,-8.00e-03,3.20e+01,
8891,-8.00e-03,3.20e+01,
8892,-8.00e-03,3.20e+01,
8893,-8.00e-03,3.20e+01,
8894,-8.00e-03,3.20e+01,
8895,-8.00e-03,3.20e+01,
8896,-8.00e-03,3.20e+01,
8897,-8.00e-03,3.20e+01,
8898,-8.00e-03,3.20e+01,
8899,-8.00e-03,3.20e+01,
8900,-8.00e-03,3.20e+01,
8901,-8.00e-03,3.20e+01,
8902,-8.00e-03,3.20e+01,
8903,-8.00e-03,3.20e+01,
8904,-8.00e-03,3.20e+01,
8905,-8.00e-03,3.20e+01,
8906,-8.00e-03,3.20e+01,
8907,-8.00e-03,3.20e+01,
8908,-8.00e-03,3.20e+01,
8909,-8.00e-03,3.20e+01,
8910,-8.00e-03,3.20e+01,
8911,-8.00e-03,3.20e+01,
8912,-8.00e-03,3.20e+01,
8913,-8.00e-03,3.20e+01,
8914,-8.00e-03,3.20e+01,
8915,-8.00e-03,3.20e+01,
8916,-8.00e-03,3.20e+01,
8917,-8.00e-03,3.20e+01,
8918,-8.00e-03,3.20e+01,
8919,-8.00e-03,3.20e+01,
8920,-8.00e-03,3.20e+01,
8921,-8.00e-03,3.20e+01,
8922,-8.00e-03,3.20e+01,
8923,-8.00e-03,3.20e+01,
8924,-8.00e-03,3.20e+01,
8925,-8.00e-03,3.20e+01,
8926,-8.00e-03,3.20e+01,
8927,-8.00e-03,3.20e+01,
8928,-8.00e-03,3.20e+01,
8929,-8.00e-03,3.20e+01,
8930,-8.00e-03,3.20e+01,
8931,-8.00e-03,3.20e+01,
8932,-8.00e-03,3.20e+01,
8933,-8.00e-03,3.20e+01,
8934,-8.00e-03,3.20e+01,
8935,-8.00e-03,3.20e+01,
8936,-8.00e-03,3.20e+01,
8937,-8.00e-03,3.20e+01,
8938,-8.00e-03,3.20e+01,
8939,-8.00e-03,3.20e+01,
8940,-8.00e-03,3.20e+01,
8941,-8.00e-03,3.20e+01,
8942,-8.00e-03,3.20e+01,
8943,-8.00e-03,3.20e+01,
8944,-8.00e-03,3.20e+01,
8945,-8.00e-03,3.20e+01,
8946,-8.00e-03,3.20e+01,
8947,-8.00e-03,3.20e+01,
8948,-8.00e-03,3.20e+01,
8949,-8.00e-03,3.20e+01,
8950,-8.00e-03,3.20e+01,
8951,-8.00e-03,3.20e+01,
8952,-8.00e-03,3.20e+01,
8953,-8.00e-03,3.20e+01,
8954,-8.00e-03,3.20e+01,
8955,-8.00e-03,3.20e+01,
8956,-8.00e-03,3.20e+01,
8957,-8.00e-03,3.20e+01,
8958,-8.00e-03,3.20e+01,
8959,-8.00e-03,3.20e+01,
8960,-8.00e-03,3.20e+01,
8961,-8.00e-03,3.20e+01,
8962,-8.00e-03,3.20e+01,
8963,-8.00e-03,3.20e+01,
8964,-8.00e-03,3.20e+01,
8965,-8.00e-03,3.20e+01,
8966,-8.00e-03,3.20e+01,
8967,-8.00e-03,3.20e+01,
8968,-8.00e-03,3.20e+01,
8969,-8.00e-03,3.12e+01,
8970,-8.00e-03,3.20e+01,
8971,-8.00e-03,3.20e+01,
8972,-8.00e-03,3.20e+01,
8973,-8.00e-03,3.20e+01,
8974,-8.00e-03,3.20e+01,
8975,-8.00e-03,3.20e+01,
8976,-8.00e-03,3.20e+01,
8977,-8.00e-03,3.20e+01,
8978,-8.00e-03,3.20e+01,
8979,-8.00e-03,3.20e+01,
8980,-8.00e-03,3.20e+01,
8981,-8.00e-03,3.20e+01,
8982,-8.00e-03,3.20e+01,
8983,-8.00e-03,3.20e+01,
8984,-8.00e-03,3.20e+01,
8985,-8.00e-03,3.20e+01,
8986,-8.00e-03,3.20e+01,
8987,-8.00e-03,3.20e+01,
8988,-8.00e-03,3.20e+01,
8989,-8.00e-03,3.20e+01,
8990,-8.00e-03,3.20e+01,
8991,-8.00e-03,3.20e+01,
8992,-8.00e-03,3.20e+01,
8993,-8.00e-03,3.20e+01,
8994,-8.00e-03,3.20e+01,
8995,-8.00e-03,3.20e+01,
8996,-8.00e-03,3.20e+01,
8997,-8.00e-03,3.20e+01,
8998,-8.00e-03,3.20e+01,
8999,-8.00e-03,3.20e+01,
9000,-8.00e-03,3.20e+01,
9001,-8.00e-03,3.20e+01,
9002,-8.00e-03,3.20e+01,
9003,-8.00e-03,3.20e+01,
9004,-8.00e-03,3.20e+01,
9005,-8.00e-03,3.20e+01,
9006,-8.00e-03,3.20e+01,
9007,-8.00e-03,3.20e+01,
9008,-8.00e-03,3.20e+01,
9009,-8.00e-03,3.20e+01,
9010,-8.00e-03,3.20e+01,
9011,-8.00e-03,3.20e+01,
9012,-8.00e-03,3.20e+01,
9013,-8.00e-03,3.20e+01,
9014,-8.00e-03,3.20e+01,
9015,-8.00e-03,3.20e+01,
9016,-8.00e-03,3.20e+01,
9017,-8.00e-03,3.20e+01,
9018,-8.00e-03,3.20e+01,
9019,-8.00e-03,3.20e+01,
9020,-8.00e-03,3.20e+01,
9021,-8.00e-03,3.20e+01,
9022,-8.00e-03,3.20e+01,
9023,-8.00e-03,3.20e+01,
9024,-8.00e-03,3.20e+01,
9025,-8.00e-03,3.20e+01,
9026,-8.00e-03,3.20e+01,
9027,-8.00e-03,3.20e+01,
9028,-8.00e-03,3.20e+01,
9029,-1.60e-02,3.20e+01,
9030,-8.00e-03,3.20e+01,
9031,-8.00e-03,3.20e+01,
9032,-8.00e-03,3.20e+01,
9033,-8.00e-03,3.20e+01,
9034,-8.00e-03,3.20e+01,
9035,-8.00e-03,3.20e+01,
9036,-8.00e-03,3.20e+01,
9037,-8.00e-03,3.20e+01,
9038,-8.00e-03,3.20e+01,
9039,-8.00e-03,3.20e+01,
9040,-8.00e-03,3.20e+01,
9041,-8.00e-03,3.20e+01,
9042,-8.00e-03,3.20e+01,
9043,-8.00e-03,3.20e+01,
9044,-8.00e-03,3.20e+01,
9045,-8.00e-03,3.20e+01,
9046,-8.00e-03,3.20e+01,
9047,-8.00e-03,3.20e+01,
9048,-8.00e-03,3.20e+01,
9049,-8.00e-03,3.20e+01,
9050,-8.00e-03,3.20e+01,
9051,-8.00e-03,3.20e+01,
9052,-8.00e-03,3.20e+01,
9053,-8.00e-03,3.20e+01,
9054,-8.00e-03,3.20e+01,
9055,-8.00e-03,3.20e+01,
9056,-8.00e-03,3.20e+01,
9057,-8.00e-03,3.20e+01,
9058,-8.00e-03,3.20e+01,
9059,-8.00e-03,3.20e+01,
9060,-8.00e-03,3.20e+01,
9061,-8.00e-03,3.20e+01,
9062,-8.00e-03,3.20e+01,
9063,-8.00e-03,3.20e+01,
9064,-8.00e-03,3.20e+01,
9065,-8.00e-03,3.20e+01,
9066,-8.00e-03,3.20e+01,
9067,-8.00e-03,3.20e+01,
9068,-8.00e-03,3.20e+01,
9069,-8.00e-03,3.20e+01,
9070,-8.00e-03,3.20e+01,
9071,-8.00e-03,3.20e+01,
9072,-8.00e-03,3.20e+01,
9073,-8.00e-03,3.20e+01,
9074,-8.00e-03,3.20e+01,
9075,-8.00e-03,3.20e+01,
9076,-8.00e-03,3.20e+01,
9077,-8.00e-03,3.20e+01,
9078,-8.00e-03,3.20e+01,
9079,-8.00e-03,3.20e+01,
9080,-8.00e-03,3.20e+01,
9081,-8.00e-03,3.20e+01,
9082,-8.00e-03,3.20e+01,
9083,-8.00e-03,3.20e+01,
9084,-8.00e-03,3.20e+01,
9085,-8.00e-03,3.20e+01,
9086,-8.00e-03,3.20e+01,
9087,-8.00e-03,3.20e+01,
9088,-8.00e-03,3.20e+01,
9089,-8.00e-03,3.20e+01,
9090,-8.00e-03,3.20e+01,
9091,-8.00e-03,3.20e+01,
9092,-8.00e-03,3.20e+01,
9093,-8.00e-03,3.20e+01,
9094,-8.00e-03,3.20e+01,
9095,-8.00e-03,3.20e+01,
9096,-8.00e-03,3.12e+01,
9097,-8.00e-03,3.20e+01,
9098,-8.00e-03,3.20e+01,
9099,-8.00e-03,3.20e+01,
9100,-8.00e-03,3.20e+01,
9101,-8.00e-03,3.20e+01,
9102,-8.00e-03,3.20e+01,
9103,-8.00e-03,3.20e+01,
9104,-8.00e-03,3.20e+01,
9105,-8.00e-03,3.20e+01,
9106,-8.00e-03,3.20e+01,
9107,-8.00e-03,3.20e+01,
9108,-8.00e-03,3.20e+01,
9109,-8.00e-03,3.20e+01,
9110,-8.00e-03,3.20e+01,
9111,-8.00e-03,3.20e+01,
9112,-8.00e-03,3.20e+01,
9113,-8.00e-03,3.20e+01,
9114,-8.00e-03,3.20e+01,
9115,-8.00e-03,3.20e+01,
9116,-8.00e-03,3.20e+01,
9117,-8.00e-03,3.20e+01,
9118,-8.00e-03,3.20e+01,
9119,-8.00e-03,3.20e+01,
9120,-8.00e-03,3.20e+01,
9121,-8.00e-03,3.20e+01,
9122,-8.00e-03,3.20e+01,
9123,-8.00e-03,3.20e+01,
9124,-8.00e-03,3.20e+01,
9125,-8.00e-03,3.20e+01,
9126,-8.00e-03,3.20e+01,
9127,-8.00e-03,3.20e+01,
9128,-8.00e-03,3.12e+01,
9129,-8.00e-03,3.20e+01,
9130,-8.00e-03,3.20e+01,
9131,-8.00e-03,3.20e+01,
9132,-8.00e-03,3.20e+01,
9133,-8.00e-03,3.20e+01,
9134,-8.00e-03,3.20e+01,
9135,-8.00e-03,3.20e+01,
9136,-8.00e-03,3.20e+01,
9137,-8.00e-03,3.20e+01,
9138,-8.00e-03,3.20e+01,
9139,-8.00e-03,3.20e+01,
9140,-8.00e-03,3.20e+01,
9141,-8.00e-03,3.20e+01,
9142,-8.00e-03,3.20e+01,
9143,-8.00e-03,3.20e+01,
9144,-8.00e-03,3.20e+01,
9145,-8.00e-03,3.20e+01,
9146,-8.00e-03,3.20e+01,
9147,-8.00e-03,3.20e+01,
9148,-8.00e-03,3.20e+01,
9149,-8.00e-03,3.20e+01,
9150,-8.00e-03,3.20e+01,
9151,-8.00e-03,3.20e+01,
9152,-8.00e-03,3.20e+01,
9153,-8.00e-03,3.20e+01,
9154,-8.00e-03,3.20e+01,
9155,-8.00e-03,3.20e+01,
9156,-8.00e-03,3.20e+01,
9157,-8.00e-03,3.20e+01,
9158,-8.00e-03,3.20e+01,
9159,-8.00e-03,3.20e+01,
9160,-8.00e-03,3.20e+01,
9161,-8.00e-03,3.12e+01,
9162,-8.00e-03,3.20e+01,
9163,-8.00e-03,3.20e+01,
9164,-8.00e-03,3.20e+01,
9165,-8.00e-03,3.20e+01,
9166,-8.00e-03,3.20e+01,
9167,-8.00e-03,3.20e+01,
9168,-8.00e-03,3.20e+01,
9169,-8.00e-03,3.12e+01,
9170,-8.00e-03,3.20e+01,
9171,-8.00e-03,3.20e+01,
9172,-8.00e-03,3.12e+01,
9173,-8.00e-03,3.20e+01,
9174,-8.00e-03,3.20e+01,
9175,-8.00e-03,3.20e+01,
9176,-8.00e-03,3.20e+01,
9177,-8.00e-03,3.20e+01,
9178,-8.00e-03,3.20e+01,
9179,-8.00e-03,3.20e+01,
9180,-8.00e-03,3.20e+01,
9181,-8.00e-03,3.20e+01,
9182,-8.00e-03,3.20e+01,
9183,-8.00e-03,3.20e+01,
9184,-8.00e-03,3.12e+01,
9185,-8.00e-03,3.20e+01,
9186,-8.00e-03,3.20e+01,
9187,-8.00e-03,3.20e+01,
9188,-8.00e-03,3.20e+01,
9189,-1.60e-02,3.20e+01,
9190,-8.00e-03,3.20e+01,
9191,-8.00e-03,3.20e+01,
9192,-8.00e-03,3.12e+01,
9193,-8.00e-03,3.12e+01,
9194,-8.00e-03,3.20e+01,
9195,-8.00e-03,3.20e+01,
9196,-8.00e-03,3.20e+01,
9197,-8.00e-03,3.20e+01,
9198,-8.00e-03,3.20e+01,
9199,-8.00e-03,3.20e+01,
9200,-8.00e-03,3.12e+01,
9201,-8.00e-03,3.20e+01,
9202,-8.00e-03,3.20e+01,
9203,-8.00e-03,3.20e+01,
9204,-8.00e-03,3.20e+01,
9205,-8.00e-03,3.20e+01,
9206,-8.00e-03,3.20e+01,
9207,-8.00e-03,3.20e+01,
9208,-8.00e-03,3.12e+01,
9209,-8.00e-03,3.12e+01,
9210,-8.00e-03,3.20e+01,
9211,-8.00e-03,3.20e+01,
9212,-8.00e-03,3.12e+01,
9213,-8.00e-03,3.20e+01,
9214,-8.00e-03,3.20e+01,
9215,-8.00e-03,3.20e+01,
9216,-8.00e-03,3.12e+01,
9217,-8.00e-03,3.20e+01,
9218,-8.00e-03,3.20e+01,
9219,-8.00e-03,3.20e+01,
9220,-8.00e-03,3.12e+01,
9221,-8.00e-03,3.12e+01,
9222,-8.00e-03,3.20e+01,
9223,-8.00e-03,3.20e+01,
9224,-8.00e-03,3.12e+01,
9225,-8.00e-03,3.20e+01,
9226,-8.00e-03,3.20e+01,
9227,-8.00e-03,3.20e+01,
9228,-8.00e-03,3.12e+01,
9229,-8.00e-03,3.12e+01,
9230,-8.00e-03,3.20e+01,
9231,-8.00e-03,3.20e+01,
9232,-8.00e-03,3.20e+01,
9233,-8.00e-03,3.20e+01,
9234,-8.00e-03,3.20e+01,
9235,-8.00e-03,3.20e+01,
9236,-8.00e-03,3.12e+01,
9237,-8.00e-03,3.12e+01,
9238,-8.00e-03,3.20e+01,
9239,-8.00e-03,3.20e+01,
9240,-8.00e-03,3.12e+01,
9241,-8.00e-03,3.12e+01,
9242,-8.00e-03,3.20e+01,
9243,-8.00e-03,3.20e+01,
9244,-8.00e-03,3.12e+01,
9245,-8.00e-03,3.20e+01,
9246,-8.00e-03,3.20e+01,
9247,-8.00e-03,3.20e+01,
9248,-8.00e-03,3.12e+01,
9249,-8.00e-03,3.20e+01,
9250,-8.00e-03,3.20e+01,
9251,-8.00e-03,3.20e+01,
9252,-8.00e-03,3.20e+01,
9253,-8.00e-03,3.20e+01,
9254,-8.00e-03,3.20e+01,
9255,-8.00e-03,3.20e+01,
9256,-8.00e-03,3.12e+01,
9257,-8.00e-03,3.20e+01,
9258,-8.00e-03,3.20e+01,
9259,-8.00e-03,3.20e+01,
9260,-8.00e-03,3.12e+01,
9261,-8.00e-03,3.12e+01,
9262,-8.00e-03,3.20e+01,
9263,-8.00e-03,3.20e+01,
9264,-8.00e-03,3.12e+01,
9265,-8.00e-03,3.20e+01,
9266,-8.00e-03,3.20e+01,
9267,-8.00e-03,3.20e+01,
9268,-8.00e-03,3.12e+01,
9269,-8.00e-03,3.12e+01,
9270,-8.00e-03,3.20e+01,
9271,-8.00e-03,3.20e+01,
9272,-8.00e-03,3.12e+01,
9273,-8.00e-03,3.12e+01,
9274,-8.00e-03,3.20e+01,
9275,-8.00e-03,3.20e+01,
9276,-8.00e-03,3.12e+01,
9277,-8.00e-03,3.12e+01,
9278,-8.00e-03,3.20e+01,
9279,-8.00e-03,3.20e+01,
9280,-8.00e-03,3.12e+01,
9281,-8.00e-03,3.12e+01,
9282,-8.00e-03,3.20e+01,
9283,-8.00e-03,3.12e+01,
9284,-8.00e-03,3.12e+01,
9285,-8.00e-03,3.12e+01,
9286,-8.00e-03,3.20e+01,
9287,-8.00e-03,3.20e+01,
9288,-8.00e-03,3.12e+01,
9289,-8.00e-03,3.12e+01,
9290,-8.00e-03,3.20e+01,
9291,-8.00e-03,3.12e+01,
9292,-8.00e-03,3.12e+01,
9293,-8.00e-03,3.12e+01,
9294,-8.00e-03,3.20e+01,
9295,-8.00e-03,3.20e+01,
9296,-8.00e-03,3.12e+01,
9297,-8.00e-03,3.12e+01,
9298,-8.00e-03,3.20e+01,
9299,-8.00e-03,3.12e+01,
9300,-8.00e-03,3.12e+01,
9301,-8.00e-03,3.12e+01,
9302,-8.00e-03,3.20e+01,
9303,-8.00e-03,3.20e+01,
9304,-8.00e-03,3.12e+01,
9305,-8.00e-03,3.12e+01,
9306,-8.00e-03,3.20e+01,
9307,-8.00e-03,3.20e+01,
9308,-8.00e-03,3.12e+01,
9309,-8.00e-03,3.12e+01,
9310,-8.00e-03,3.20e+01,
9311,-8.00e-03,3.12e+01,
9312,-8.00e-03,3.12e+01,
9313,-8.00e-03,3.12e+01,
9314,-8.00e-03,3.20e+01,
9315,-8.00e-03,3.12e+01,
9316,-8.00e-03,3.12e+01,
9317,-8.00e-03,3.12e+01,
9318,-8.00e-03,3.20e+01,
9319,-8.00e-03,3.12e+01,
9320,-8.00e-03,3.12e+01,
9321,-8.00e-03,3.12e+01,
9322,-8.00e-03,3.20e+01,
9323,-8.00e-03,3.12e+01,
9324,-8.00e-03,3.12e+01,
9325,-8.00e-03,3.12e+01,
9326,-8.00e-03,3.20e+01,
9327,-8.00e-03,3.20e+01,
9328,-8.00e-03,3.12e+01,
9329,-8.00e-03,3.12e+01,
9330,-8.00e-03,3.20e+01,
9331,-8.00e-03,3.12e+01,
9332,-8.00e-03,3.12e+01,
9333,-8.00e-03,3.12e+01,
9334,-8.00e-03,3.20e+01,
9335,-8.00e-03,3.12e+01,
9336,-8.00e-03,3.12e+01,
9337,-8.00e-03,3.12e+01,
9338,-8.00e-03,3.20e+01,
9339,-8.00e-03,3.12e+01,
9340,-8.00e-03,3.12e+01,
9341,-8.00e-03,3.12e+01,
9342,-8.00e-03,3.20e+01,
9343,-8.00e-03,3.12e+01,
9344,-8.00e-03,3.12e+01,
9345,-8.00e-03,3.12e+01,
9346,-8.00e-03,3.12e+01,
9347,-8.00e-03,3.12e+01,
9348,-8.00e-03,3.12e+01,
9349,-8.00e-03,3.12e+01,
9350,-8.00e-03,3.12e+01,
9351,-8.00e-03,3.12e+01,
9352,-8.00e-03,3.12e+01,
9353,-8.00e-03,3.12e+01,
9354,-8.00e-03,3.20e+01,
9355,-8.00e-03,3.12e+01,
9356,-8.00e-03,3.12e+01,
9357,-8.00e-03,3.12e+01,
9358,-8.00e-03,3.12e+01,
9359,-8.00e-03,3.12e+01,
9360,-8.00e-03,3.12e+01,
9361,-8.00e-03,3.12e+01,
9362,-8.00e-03,3.12e+01,
9363,-8.00e-03,3.12e+01,
9364,-8.00e-03,3.12e+01,
9365,-1.60e-02,3.12e+01,
9366,-8.00e-03,3.12e+01,
9367,-8.00e-03,3.12e+01,
9368,-8.00e-03,3.12e+01,
9369,-1.60e-02,3.12e+01,
9370,-8.00e-03,3.12e+01,
9371,-8.00e-03,3.12e+01,
9372,-8.00e-03,3.12e+01,
9373,-8.00e-03,3.12e+01,
9374,-8.00e-03,3.12e+01,
9375,-8.00e-03,3.12e+01,
9376,-8.00e-03,3.12e+01,
9377,-8.00e-03,3.12e+01,
9378,-8.00e-03,3.12e+01,
9379,-8.00e-03,3.04e+01,
9380,-8.00e-03,3.04e+01,
9381,-8.00e-03,3.04e+01,
9382,-8.00e-03,3.12e+01,
9383,-8.00e-03,3.04e+01,
9384,-8.00e-03,3.04e+01,
9385,-8.00e-03,3.04e+01,
9386,-8.00e-03,3.04e+01,
9387,-8.00e-03,3.04e+01,
9388,-8.00e-03,3.04e+01,
9389,-8.00e-03,3.04e+01,
9390,-8.00e-03,3.04e+01,
9391,-8.00e-03,3.04e+01,
9392,-8.00e-03,3.04e+01,
9393,-8.00e-03,3.04e+01,
9394,-8.00e-03,3.04e+01,
9395,-8.00e-03,3.04e+01,
9396,-8.00e-03,2.96e+01,
9397,-8.00e-03,2.96e+01,
9398,-8.00e-03,3.04e+01,
9399,-8.00e-03,2.96e+01,
9400,-8.00e-03,2.96e+01,
9401,-1.60e-02,2.96e+01,
9402,-8.00e-03,3.04e+01,
9403,-8.00e-03,2.96e+01,
9404,-8.00e-03,2.96e+01,
9405,-8.00e-03,2.96e+01,
9406,-8.00e-03,2.96e+01,
9407,-8.00e-03,2.96e+01,
9408,-8.00e-03,2.96e+01,
9409,-8.00e-03,2.96e+01,
9410,-8.00e-03,2.96e+01,
9411,-8.00e-03,2.96e+01,
9412,-8.00e-03,2.88e+01,
9413,-8.00e-03,2.88e+01,
9414,-8.00e-03,2.88e+01,
9415,-8.00e-03,2.88e+01,
9416,-8.00e-03,2.88e+01,
9417,-1.60e-02,2.88e+01,
9418,-8.00e-03,2.88e+01,
9419,-8.00e-03,2.88e+01,
9420,-8.00e-03,2.88e+01,
9421,-1.60e-02,2.88e+01,
9422,-8.00e-03,2.88e+01,
9423,-8.00e-03,2.88e+01,
9424,-8.00e-03,2.80e+01,
9425,-1.60e-02,2.80e+01,
9426,-8.00e-03,2.88e+01,
9427,-8.00e-03,2.80e+01,
9428,-8.00e-03,2.80e+01,
9429,-8.00e-03,2.80e+01,
9430,-8.00e-03,2.80e+01,
9431,-8.00e-03,2.80e+01,
9432,-8.00e-03,2.80e+01,
9433,-8.00e-03,2.80e+01,
9434,-8.00e-03,2.80e+01,
9435,-8.00e-03,2.80e+01,
9436,-8.00e-03,2.72e+01,
9437,-8.00e-03,2.80e+01,
9438,-8.00e-03,2.72e+01,
9439,-8.00e-03,2.72e+01,
9440,-8.00e-03,2.72e+01,
9441,-8.00e-03,2.72e+01,
9442,-8.00e-03,2.72e+01,
9443,-8.00e-03,2.72e+01,
9444,-8.00e-03,2.72e+01,
9445,-8.00e-03,2.72e+01,
9446,-8.00e-03,2.72e+01,
9447,-8.00e-03,2.72e+01,
9448,-8.00e-03,2.64e+01,
9449,-8.00e-03,2.64e+01,
9450,-8.00e-03,2.64e+01,
9451,-8.00e-03,2.64e+01,
9452,-8.00e-03,2.64e+01,
9453,-8.00e-03,2.64e+01,
9454,-8.00e-03,2.64e+01,
9455,-8.00e-03,2.64e+01,
9456,-8.00e-03,2.64e+01,
9457,-1.60e-02,2.64e+01,
9458,-8.00e-03,2.64e+01,
9459,-8.00e-03,2.56e+01,
9460,-8.00e-03,2.56e+01,
9461,-8.00e-03,2.56e+01,
9462,-8.00e-03,2.56e+01,
9463,-8.00e-03,2.56e+01,
9464,-8.00e-03,2.56e+01,
9465,-1.60e-02,2.56e+01,
9466,-8.00e-03,2.56e+01,
9467,-8.00e-03,2.56e+01,
9468,-8.00e-03,2.40e+01,
9469,-8.00e-03,2.56e+01,
9470,-8.00e-03,2.56e+01,
9471,-8.00e-03,2.40e+01,
9472,-8.00e-03,2.40e+01,
9473,-8.00e-03,2.40e+01,
9474,-8.00e-03,2.40e+01,
9475,-8.00e-03,2.40e+01,
9476,-8.00e-03,2.40e+01,
9477,-8.00e-03,2.40e+01,
9478,-8.00e-03,2.40e+01,
9479,-8.00e-03,2.40e+01,
9480,-8.00e-03,2.32e+01,
9481,-1.60e-02,2.32e+01,
9482,-8.00e-03,2.40e+01,
9483,-8.00e-03,2.32e+01,
9484,-8.00e-03,2.32e+01,
9485,-8.00e-03,2.32e+01,
9486,-8.00e-03,2.32e+01,
9487,-8.00e-03,2.32e+01,
9488,-8.00e-03,2.24e+01,
9489,-1.60e-02,2.24e+01,
9490,-8.00e-03,2.32e+01,
9491,-8.00e-03,2.24e+01,
9492,-8.00e-03,2.24e+01,
9493,-1.60e-02,2.24e+01,
9494,-8.00e-03,2.24e+01,
9495,-8.00e-03,2.24e+01,
9496,-8.00e-03,2.24e+01,
9497,-8.00e-03,2.24e+01,
9498,-8.00e-03,2.24e+01,
9499,-8.00e-03,2.24e+01,
9500,-8.00e-03,2.16e+01,
9501,-1.60e-02,2.16e+01,
9502,-8.00e-03,2.24e+01,
9503,-8.00e-03,2.16e+01,
9504,-8.00e-03,2.16e+01,
9505,-8.00e-03,2.16e+01,
9506,-8.00e-03,2.16e+01,
9507,-8.00e-03,2.16e+01,
9508,-8.00e-03,2.08e+01,
9509,-8.00e-03,2.16e+01,
9510,-8.00e-03,2.16e+01,
9511,-8.00e-03,2.08e+01,
9512,-8.00e-03,2.08e+01,
9513,-1.60e-02,2.08e+01,
9514,-8.00e-03,2.08e+01,
9515,-8.00e-03,2.08e+01,
9516,-8.00e-03,2.08e+01,
9517,-8.00e-03,2.08e+01,
9518,-8.00e-03,2.08e+01,
9519,-8.00e-03,2.08e+01,
9520,-8.00e-03,2.00e+01,
9521,-8.00e-03,2.00e+01,
9522,-8.00e-03,2.08e+01,
9523,-8.00e-03,2.00e+01,
9524,-8.00e-03,2.00e+01,
9525,-1.60e-02,2.00e+01,
9526,-8.00e-03,2.00e+01,
9527,-8.00e-03,2.00e+01,
9528,-8.00e-03,2.00e+01,
9529,-8.00e-03,2.00e+01,
9530,-8.00e-03,2.00e+01,
9531,-8.00e-03,1.92e+01,
9532,-8.00e-03,1.92e+01,
9533,-8.00e-03,1.92e+01,
9534,-8.00e-03,1.92e+01,
9535,-8.00e-03,1.92e+01,
9536,-8.00e-03,1.92e+01,
9537,-8.00e-03,1.92e+01,
9538,-8.00e-03,1.92e+01,
9539,-8.00e-03,1.92e+01,
9540,-8.00e-03,1.92e+01,
9541,-8.00e-03,1.84e+01,
9542,-8.00e-03,1.92e+01,
9543,-8.00e-03,1.92e+01,
9544,-8.00e-03,1.84e+01,
9545,-8.00e-03,1.84e+01,
9546,-8.00e-03,1.84e+01,
9547,-8.00e-03,1.84e+01,
9548,-8.00e-03,1.84e+01,
9549,-1.60e-02,1.84e+01,
9550,-8.00e-03,1.84e+01,
9551,-8.00e-03,1.84e+01,
9552,-8.00e-03,1.84e+01,
9553,-8.00e-03,1.76e+01,
9554,-8.00e-03,1.84e+01,
9555,-8.00e-03,1.76e+01,
9556,-8.00e-03,1.76e+01,
9557,-1.60e-02,1.76e+01,
9558,-8.00e-03,1.76e+01,
9559,-8.00e-03,1.76e+01,
9560,-8.00e-03,1.76e+01,
9561,-1.60e-02,1.76e+01,
9562,-8.00e-03,1.76e+01,
9563,-8.00e-03,1.76e+01,
9564,-8.00e-03,1.68e+01,
9565,-8.00e-03,1.76e+01,
9566,-8.00e-03,1.76e+01,
9567,-8.00e-03,1.68e+01,
9568,-1.60e-02,1.68e+01,
9569,-8.00e-03,1.68e+01,
9570,-8.00e-03,1.76e+01,
9571,-8.00e-03,1.68e+01,
9572,-8.00e-03,1.68e+01,
9573,-1.60e-02,1.68e+01,
9574,-8.00e-03,1.68e+01,
9575,-8.00e-03,1.68e+01,
9576,-8.00e-03,1.60e+01,
9577,-1.60e-02,1.60e+01,
9578,-8.00e-03,1.68e+01,
9579,-8.00e-03,1.60e+01,
9580,-8.00e-03,1.60e+01,
9581,-8.00e-03,1.60e+01,
9582,-8.00e-03,1.60e+01,
9583,-8.00e-03,1.60e+01,
9584,-8.00e-03,1.60e+01,
9585,-1.60e-02,1.60e+01,
9586,-8.00e-03,1.60e+01,
9587,-8.00e-03,1.60e+01,
9588,-8.00e-03,1.52e+01,
9589,-8.00e-03,1.60e+01,
9590,-8.00e-03,1.60e+01,
9591,-8.00e-03,1.52e+01,
9592,-8.00e-03,1.52e+01,
9593,-8.00e-03,1.52e+01,
9594,-8.00e-03,1.52e+01,
9595,-8.00e-03,1.52e+01,
9596,-8.00e-03,1.52e+01,
9597,-1.60e-02,1.52e+01,
9598,-8.00e-03,1.52e+01,
9599,-8.00e-03,1.52e+01,
9600,-8.00e-03,1.52e+01,
9601,-1.60e-02,1.44e+01,
9602,-8.00e-03,1.52e+01,
9603,-8.00e-03,1.44e+01,
9604,-8.00e-03,1.44e+01,
9605,-8.00e-03,1.44e+01,
9606,-8.00e-03,1.52e+01,
9607,-8.00e-03,1.44e+01,
9608,-8.00e-03,1.44e+01,
9609,-8.00e-03,1.44e+01,
9610,-8.00e-03,1.44e+01,
9611,-8.00e-03,1.44e+01,
9612,-8.00e-03,1.44e+01,
9613,-1.60e-02,1.44e+01,
9614,-8.00e-03,1.44e+01,
9615,-8.00e-03,1.44e+01,
9616,-8.00e-03,1.28e+01,
9617,-1.60e-02,1.28e+01,
9618,-8.00e-03,1.44e+01,
9619,-8.00e-03,1.28e+01,
9620,-8.00e-03,1.28e+01,
9621,-1.60e-02,1.28e+01,
9622,-8.00e-03,1.28e+01,
9623,-8.00e-03,1.28e+01,
9624,-8.00e-03,1.28e+01,
9625,-1.60e-02,1.28e+01,
9626,-8.00e-03,1.28e+01,
9627,-8.00e-03,1.28e+01,
9628,-8.00e-03,1.20e+01,
9629,-1.60e-02,1.28e+01,
9630,-8.00e-03,1.28e+01,
9631,-8.00e-03,1.28e+01,
9632,-8.00e-03,1.20e+01,
9633,-8.00e-03,1.20e+01,
9634,-8.00e-03,1.28e+01,
9635,-8.00e-03,1.20e+01,
9636,-8.00e-03,1.20e+01,
9637,-1.60e-02,1.20e+01,
9638,-8.00e-03,1.20e+01,
9639,-8.00e-03,1.20e+01,
9640,-8.00e-03,1.20e+01,
9641,-1.60e-02,1.20e+01,
9642,-8.00e-03,1.20e+01,
9643,-8.00e-03,1.20e+01,
9644,-8.00e-03,1.20e+01,
9645,-8.00e-03,1.20e+01,
9646,-8.00e-03,1.20e+01,
9647,-8.00e-03,1.20e+01,
9648,-8.00e-03,1.12e+01,
9649,-8.00e-03,1.12e+01,
9650,-8.00e-03,1.20e+01,
9651,-8.00e-03,1.12e+01,
9652,-8.00e-03,1.12e+01,
9653,-8.00e-03,1.12e+01,
9654,-8.00e-03,1.20e+01,
9655,-8.00e-03,1.12e+01,
9656,-8.00e-03,1.12e+01,
9657,-1.60e-02,1.12e+01,
9658,-8.00e-03,1.12e+01,
9659,-8.00e-03,1.12e+01,
9660,-8.00e-03,1.12e+01,
9661,-8.00e-03,1.12e+01,
9662,-8.00e-03,1.12e+01,
9663,-8.00e-03,1.12e+01,
9664,-8.00e-03,1.12e+01,
9665,-1.60e-02,1.12e+01,
9666,-8.00e-03,1.12e+01,
9667,-8.00e-03,1.12e+01,
9668,-8.00e-03,1.04e+01,
9669,-8.00e-03,1.12e+01,
9670,-8.00e-03,1.12e+01,
9671,-8.00e-03,1.04e+01,
9672,-8.00e-03,1.04e+01,
9673,-1.60e-02,1.04e+01,
9674,-8.00e-03,1.12e+01,
9675,-8.00e-03,1.04e+01,
9676,-8.00e-03,1.04e+01,
9677,-8.00e-03,1.04e+01,
9678,-8.00e-03,1.04e+01,
9679,-8.00e-03,1.04e+01,
9680,-8.00e-03,1.04e+01,
9681,-8.00e-03,1.04e+01,
9682,-8.00e-03,1.04e+01,
9683,-8.00e-03,1.04e+01,
9684,-8.00e-03,1.04e+01,
9685,-8.00e-03,1.04e+01,
9686,-8.00e-03,1.04e+01,
9687,-8.00e-03,1.04e+01,
9688,-8.00e-03,9.60e+00,
9689,-1.60e-02,1.04e+01,
9690,-8.00e-03,1.04e+01,
9691,-8.00e-03,1.04e+01,
9692,-8.00e-03,1.04e+01,
9693,-8.00e-03,9.60e+00,
9694,-8.00e-03,1.04e+01,
9695,-8.00e-03,1.04e+01,
9696,-8.00e-03,9.60e+00,
9697,-8.00e-03,1.04e+01,
9698,-8.00e-03,1.04e+01,
9699,-8.00e-03,9.60e+00,
9700,-8.00e-03,9.60e+00,
9701,-8.00e-03,9.60e+00,
9702,-8.00e-03,1.04e+01,
9703,-8.00e-03,9.60e+00,
9704,-8.00e-03,9.60e+00,
9705,-1.60e-02,9.60e+00,
9706,-8.00e-03,9.60e+00,
9707,-8.00e-03,9.60e+00,
9708,-8.00e-03,9.60e+00,
9709,-8.00e-03,9.60e+00,
9710,-8.00e-03,9.60e+00,
9711,-8.00e-03,9.60e+00,
9712,-8.00e-03,9.60e+00,
9713,-8.00e-03,9.60e+00,
9714,-8.00e-03,9.60e+00,
9715,-8.00e-03,9.60e+00,
9716,-8.00e-03,9.60e+00,
9717,-8.00e-03,9.60e+00,
9718,-8.00e-03,9.60e+00,
9719,-8.00e-03,9.60e+00,
9720,-8.00e-03,9.60e+00,
9721,-8.00e-03,9.60e+00,
9722,-8.00e-03,9.60e+00,
9723,-8.00e-03,9.60e+00,
9724,-8.00e-03,9.60e+00,
9725,-8.00e-03,9.60e+00,
9726,-8.00e-03,9.60e+00,
9727,-8.00e-03,9.60e+00,
9728,-8.00e-03,8.80e+00,
9729,-8.00e-03,9.60e+00,
9730,-8.00e-03,9.60e+00,
9731,-8.00e-03,9.60e+00,
9732,-8.00e-03,8.80e+00,
9733,-8.00e-03,9.60e+00,
9734,-8.00e-03,9.60e+00,
9735,-8.00e-03,9.60e+00,
9736,-8.00e-03,8.80e+00,
9737,-8.00e-03,9.60e+00,
9738,-8.00e-03,9.60e+00,
9739,-8.00e-03,8.80e+00,
9740,-8.00e-03,8.80e+00,
9741,-8.00e-03,8.80e+00,
9742,-8.00e-03,9.60e+00,
9743,-8.00e-03,9.60e+00,
9744,-8.00e-03,8.80e+00,
9745,-8.00e-03,8.80e+00,
9746,-8.00e-03,9.60e+00,
9747,-8.00e-03,9.60e+00,
9748,-8.00e-03,8.80e+00,
9749,-8.00e-03,8.80e+00,
9750,-8.00e-03,9.60e+00,
9751,-8.00e-03,8.80e+00,
9752,-8.00e-03,8.80e+00,
9753,-8.00e-03,8.80e+00,
9754,-8.00e-03,9.60e+00,
9755,-8.00e-03,8.80e+00,
9756,-8.00e-03,8.80e+00,
9757,-8.00e-03,8.80e+00,
9758,-8.00e-03,9.60e+00,
9759,-8.00e-03,8.80e+00,
9760,-8.00e-03,9.60e+00,
9761,-8.00e-03,8.80e+00,
9762,-8.00e-03,9.60e+00,
9763,-8.00e-03,8.80e+00,
9764,-8.00e-03,8.80e+00,
9765,-8.00e-03,9.60e+00,
9766,-8.00e-03,9.60e+00,
9767,-8.00e-03,8.80e+00,
9768,-8.00e-03,9.60e+00,
9769,-8.00e-03,8.80e+00,
9770,-8.00e-03,9.60e+00,
9771,-8.00e-03,8.80e+00,
9772,-8.00e-03,8.80e+00,
9773,-8.00e-03,9.60e+00,
9774,-8.00e-03,9.60e+00,
9775,-8.00e-03,9.60e+00,
9776,-8.00e-03,8.80e+00,
9777,-8.00e-03,8.80e+00,
9778,-8.00e-03,9.60e+00,
9779,-8.00e-03,8.80e+00,
9780,-8.00e-03,8.80e+00,
9781,-8.00e-03,8.80e+00,
9782,-8.00e-03,9.60e+00,
9783,-8.00e-03,9.60e+00,
9784,-8.00e-03,8.80e+00,
9785,-8.00e-03,9.60e+00,
9786,-8.00e-03,9.60e+00,
9787,-8.00e-03,9.60e+00,
9788,-8.00e-03,8.80e+00,
9789,-8.00e-03,9.60e+00,
9790,-8.00e-03,9.60e+00,
9791,-8.00e-03,9.60e+00,
9792,-8.00e-03,9.60e+00,
9793,-8.00e-03,9.60e+00,
9794,-8.00e-03,9.60e+00,
9795,-8.00e-03,9.60e+00,
9796,-8.00e-03,8.80e+00,
9797,-8.00e-03,9.60e+00,
9798,-8.00e-03,9.60e+00,
9799,-8.00e-03,9.60e+00,
9800,-8.00e-03,9.60e+00,
9801,-8.00e-03,9.60e+00,
9802,-8.00e-03,9.60e+00,
9803,-8.00e-03,9.60e+00,
9804,-8.00e-03,9.60e+00,
9805,-8.00e-03,9.60e+00,
9806,-8.00e-03,9.60e+00,
9807,-8.00e-03,9.60e+00,
9808,-8.00e-03,9.60e+00,
9809,-8.00e-03,9.60e+00,
9810,-8.00e-03,9.60e+00,
9811,-8.00e-03,9.60e+00,
9812,-8.00e-03,9.60e+00,
9813,-8.00e-03,9.60e+00,
9814,-8.00e-03,9.60e+00,
9815,-8.00e-03,9.60e+00,
9816,-8.00e-03,9.60e+00,
9817,-8.00e-03,9.60e+00,
9818,-8.00e-03,1.04e+01,
9819,-8.00e-03,9.60e+00,
9820,-8.00e-03,9.60e+00,
9821,-8.00e-03,9.60e+00,
9822,-8.00e-03,1.04e+01,
9823,-8.00e-03,9.60e+00,
9824,-8.00e-03,9.60e+00,
9825,-8.00e-03,1.04e+01,
9826,-8.00e-03,1.04e+01,
9827,-8.00e-03,1.04e+01,
9828,-8.00e-03,9.60e+00,
9829,-8.00e-03,1.04e+01,
9830,-8.00e-03,1.04e+01,
9831,-8.00e-03,1.04e+01,
9832,-8.00e-03,1.04e+01,
9833,-8.00e-03,1.04e+01,
9834,-8.00e-03,1.04e+01,
9835,-8.00e-03,1.04e+01,
9836,-8.00e-03,1.04e+01,
9837,-8.00e-03,1.04e+01,
9838,-8.00e-03,1.04e+01,
9839,-8.00e-03,1.04e+01,
9840,-8.00e-03,1.04e+01,
9841,-8.00e-03,1.04e+01,
9842,-8.00e-03,1.04e+01,
9843,-8.00e-03,1.04e+01,
9844,-8.00e-03,1.04e+01,
9845,-8.00e-03,1.04e+01,
9846,-8.00e-03,1.04e+01,
9847,-8.00e-03,1.04e+01,
9848,-8.00e-03,1.04e+01,
9849,-8.00e-03,1.04e+01,
9850,-8.00e-03,1.12e+01,
9851,-8.00e-03,1.04e+01,
9852,-8.00e-03,1.04e+01,
9853,-8.00e-03,1.04e+01,
9854,-8.00e-03,1.12e+01,
9855,-8.00e-03,1.12e+01,
9856,-8.00e-03,1.04e+01,
9857,-8.00e-03,1.12e+01,
9858,-8.00e-03,1.12e+01,
9859,-8.00e-03,1.12e+01,
9860,-8.00e-03,1.12e+01,
9861,-8.00e-03,1.12e+01,
9862,-8.00e-03,1.12e+01,
9863,-8.00e-03,1.12e+01,
9864,-8.00e-03,1.12e+01,
9865,-8.00e-03,1.12e+01,
9866,-8.00e-03,1.12e+01,
9867,-8.00e-03,1.12e+01,
9868,-8.00e-03,1.12e+01,
9869,-8.00e-03,1.12e+01,
9870,-8.00e-03,1.20e+01,
9871,-8.00e-03,1.12e+01,
9872,-8.00e-03,1.12e+01,
9873,-8.00e-03,1.12e+01,
9874,-8.00e-03,1.20e+01,
9875,-8.00e-03,1.20e+01,
9876,-8.00e-03,1.12e+01,
9877,-8.00e-03,1.20e+01,
9878,-8.00e-03,1.20e+01,
9879,-8.00e-03,1.20e+01,
9880,-8.00e-03,1.20e+01,
9881,-8.00e-03,1.20e+01,
9882,-8.00e-03,1.20e+01,
9883,-8.00e-03,1.20e+01,
9884,-8.00e-03,1.20e+01,
9885,-8.00e-03,1.20e+01,
9886,-8.00e-03,1.28e+01,
9887,-8.00e-03,1.28e+01,
9888,-8.00e-03,1.20e+01,
9889,-8.00e-03,1.20e+01,
9890,-8.00e-03,1.28e+01,
9891,-8.00e-03,1.20e+01,
9892,-8.00e-03,1.20e+01,
9893,-8.00e-03,1.28e+01,
9894,-8.00e-03,1.28e+01,
9895,-8.00e-03,1.28e+01,
9896,-8.00e-03,1.28e+01,
9897,-8.00e-03,1.28e+01,
9898,-8.00e-03,1.28e+01,
9899,-8.00e-03,1.28e+01,
9900,-8.00e-03,1.28e+01,
9901,-8.00e-03,1.28e+01,
9902,-8.00e-03,1.28e+01,
9903,-8.00e-03,1.28e+01,
9904,-8.00e-03,1.28e+01,
9905,-8.00e-03,1.28e+01,
9906,-8.00e-03,1.44e+01,
9907,-8.00e-03,1.44e+01,
9908,-8.00e-03,1.28e+01,
9909,-8.00e-03,1.44e+01,
9910,-8.00e-03,1.44e+01,
9911,-8.00e-03,1.44e+01,
9912,-8.00e-03,1.44e+01,
9913,-8.00e-03,1.44e+01,
9914,-8.00e-03,1.44e+01,
9915,-8.00e-03,1.44e+01,
9916,-8.00e-03,1.44e+01,
9917,-8.00e-03,1.44e+01,
9918,-8.00e-03,1.44e+01,
9919,-8.00e-03,1.44e+01,
9920,-8.00e-03,1.44e+01,
9921,-8.00e-03,1.44e+01,
9922,-8.00e-03,1.52e+01,
9923,-8.00e-03,1.44e+01,
9924,-8.00e-03,1.44e+01,
9925,-8.00e-03,1.52e+01,
9926,-8.00e-03,1.52e+01,
9927,-8.00e-03,1.52e+01,
9928,-8.00e-03,1.52e+01,
9929,-8.00e-03,1.52e+01,
9930,-8.00e-03,1.52e+01,
9931,-8.00e-03,1.52e+01,
9932,-8.00e-03,1.52e+01,
9933,-8.00e-03,1.52e+01,
9934,-8.00e-03,1.60e+01,
9935,-8.00e-03,1.52e+01,
9936,-8.00e-03,1.52e+01,
9937,-8.00e-03,1.60e+01,
9938,-8.00e-03,1.60e+01,
9939,-8.00e-03,1.60e+01,
9940,-8.00e-03,1.60e+01,
9941,-8.00e-03,1.60e+01,
9942,-8.00e-03,1.60e+01,
9943,-8.00e-03,1.60e+01,
9944,-8.00e-03,1.60e+01,
9945,-8.00e-03,1.60e+01,
9946,-8.00e-03,1.60e+01,
9947,-8.00e-03,1.60e+01,
9948,-8.00e-03,1.60e+01,
9949,-8.00e-03,1.60e+01,
9950,-8.00e-03,1.68e+01,
9951,-8.00e-03,1.60e+01,
9952,-8.00e-03,1.60e+01,
9953,-8.00e-03,1.68e+01,
9954,-8.00e-03,1.68e+01,
9955,-8.00e-03,1.68e+01,
9956,-8.00e-03,1.68e+01,
9957,-8.00e-03,1.68e+01,
9958,-8.00e-03,1.68e+01,
9959,-8.00e-03,1.68e+01,
9960,-8.00e-03,1.68e+01,
9961,-8.00e-03,1.68e+01,
9962,-8.00e-03,1.76e+01,
9963,-8.00e-03,1.68e+01,
9964,-8.00e-03,1.68e+01,
9965,-8.00e-03,1.68e+01,
9966,-8.00e-03,1.76e+01,
9967,-8.00e-03,1.76e+01,
9968,-8.00e-03,1.76e+01,
9969,-8.00e-03,1.68e+01,
9970,-8.00e-03,1.76e+01,
9971,-8.00e-03,1.76e+01,
9972,-8.00e-03,1.76e+01,
9973,-8.00e-03,1.76e+01,
9974,-8.00e-03,1.76e+01,
9975,-8.00e-03,1.76e+01,
9976,-8.00e-03,1.76e+01,
9977,-8.00e-03,1.76e+01,
9978,-8.00e-03,1.84e+01,
9979,-8.00e-03,1.76e+01,
9980,-8.00e-03,1.76e+01,
9981,-8.00e-03,1.76e+01,
9982,-8.00e-03,1.84e+01,
9983,-8.00e-03,1.84e+01,
9984,-8.00e-03,1.84e+01,
9985,-8.00e-03,1.84e+01,
9986,-8.00e-03,1.84e+01,
9987,-8.00e-03,1.84e+01,
9988,-8.00e-03,1.84e+01,
9989,-8.00e-03,1.84e+01,
9990,-8.00e-03,1.92e+01,
9991,-8.00e-03,1.84e+01,
9992,-8.00e-03,1.84e+01,
9993,-8.00e-03,1.84e+01,
9994,-8.00e-03,1.92e+01,
9995,-8.00e-03,1.92e+01,
9996,-8.00e-03,1.84e+01,
9997,-8.00e-03,1.92e+01,
9998,-8.00e-03,1.92e+01,
9999,-8.00e-03,1.92e+01,
10000,-8.00e-03,1.92e+01,
10001,-8.00e-03,1.92e+01,
10002,-8.00e-03,1.92e+01,
10003,-8.00e-03,1.92e+01,
10004,-8.00e-03,1.92e+01,
10005,-1.60e-02,1.92e+01,
10006,-8.00e-03,1.92e+01,
10007,-8.00e-03,2.00e+01,
10008,-8.00e-03,1.92e+01,
10009,-8.00e-03,1.92e+01,
10010,-8.00e-03,2.00e+01,
10011,-8.00e-03,2.00e+01,
10012,-8.00e-03,2.00e+01,
10013,-8.00e-03,2.00e+01,
10014,-8.00e-03,2.00e+01,
10015,-8.00e-03,2.00e+01,
10016,-8.00e-03,2.00e+01,
10017,-8.00e-03,2.00e+01,
10018,-8.00e-03,2.00e+01,
10019,-8.00e-03,2.00e+01,
10020,-8.00e-03,2.00e+01,
10021,-1.60e-02,2.00e+01,
10022,-8.00e-03,2.08e+01,
10023,-8.00e-03,2.00e+01,
10024,-8.00e-03,2.00e+01,
10025,-8.00e-03,2.08e+01,
10026,-8.00e-03,2.08e+01,
10027,-8.00e-03,2.08e+01,
10028,-8.00e-03,2.08e+01,
10029,-8.00e-03,2.08e+01,
10030,-8.00e-03,2.08e+01,
10031,-8.00e-03,2.08e+01,
10032,-8.00e-03,2.08e+01,
10033,-8.00e-03,2.08e+01,
10034,-8.00e-03,2.08e+01,
10035,-8.00e-03,2.08e+01,
10036,-8.00e-03,2.08e+01,
10037,-8.00e-03,2.08e+01,
10038,-8.00e-03,2.08e+01,
10039,-8.00e-03,2.16e+01,
10040,-8.00e-03,2.08e+01,
10041,-8.00e-03,2.08e+01,
10042,-8.00e-03,2.16e+01,
10043,-8.00e-03,2.16e+01,
10044,-8.00e-03,2.16e+01,
10045,-8.00e-03,2.16e+01,
10046,-8.00e-03,2.16e+01,
10047,-8.00e-03,2.16e+01,
10048,-8.00e-03,2.16e+01,
10049,-8.00e-03,2.16e+01,
10050,-8.00e-03,2.16e+01,
10051,-8.00e-03,2.16e+01,
10052,-8.00e-03,2.16e+01,
10053,-8.00e-03,2.16e+01,
10054,-8.00e-03,2.16e+01,
10055,-8.00e-03,2.16e+01,
10056,-8.00e-03,2.16e+01,
10057,-8.00e-03,2.16e+01,
10058,-8.00e-03,2.24e+01,
10059,-8.00e-03,2.16e+01,
10060,-8.00e-03,2.16e+01,
10061,-8.00e-03,2.24e+01,
10062,-8.00e-03,2.24e+01,
10063,-8.00e-03,2.24e+01,
10064,-8.00e-03,2.24e+01,
10065,-8.00e-03,2.24e+01,
10066,-8.00e-03,2.24e+01,
10067,-8.00e-03,2.24e+01,
10068,-8.00e-03,2.24e+01,
10069,-8.00e-03,2.24e+01,
10070,-8.00e-03,2.24e+01,
10071,-8.00e-03,2.24e+01,
10072,-8.00e-03,2.24e+01,
10073,-8.00e-03,2.24e+01,
10074,-8.00e-03,2.24e+01,
10075,-8.00e-03,2.24e+01,
10076,-8.00e-03,2.24e+01,
10077,-8.00e-03,2.24e+01,
10078,-8.00e-03,2.24e+01,
10079,-8.00e-03,2.24e+01,
10080,-8.00e-03,2.24e+01,
10081,-8.00e-03,2.24e+01,
10082,-8.00e-03,2.32e+01,
10083,-8.00e-03,2.24e+01,
10084,-8.00e-03,2.24e+01,
10085,-8.00e-03,2.32e+01,
10086,-8.00e-03,2.32e+01,
10087,-8.00e-03,2.32e+01,
10088,-8.00e-03,2.32e+01,
10089,-8.00e-03,2.32e+01,
10090,-8.00e-03,2.32e+01,
10091,-8.00e-03,2.32e+01,
10092,-8.00e-03,2.32e+01,
10093,-8.00e-03,2.32e+01,
10094,-8.00e-03,2.32e+01,
10095,-8.00e-03,2.32e+01,
10096,-8.00e-03,2.32e+01,
10097,-8.00e-03,2.32e+01,
10098,-8.00e-03,2.32e+01,
10099,-8.00e-03,2.32e+01,
10100,-8.00e-03,2.32e+01,
10101,-1.60e-02,2.32e+01,
10102,-8.00e-03,2.40e+01,
10103,-8.00e-03,2.32e+01,
10104,-8.00e-03,2.32e+01,
10105,-8.00e-03,2.32e+01,
10106,-8.00e-03,2.40e+01,
10107,-8.00e-03,2.40e+01,
10108,-8.00e-03,2.32e+01,
10109,-1.60e-02,2.32e+01,
10110,-8.00e-03,2.40e+01,
10111,-8.00e-03,2.40e+01,
10112,-8.00e-03,2.40e+01,
10113,-8.00e-03,2.40e+01,
10114,-8.00e-03,2.40e+01,
10115,-8.00e-03,2.40e+01,
10116,-8.00e-03,2.40e+01,
10117,-8.00e-03,2.40e+01,
10118,-8.00e-03,2.40e+01,
10119,-8.00e-03,2.40e+01,
10120,-8.00e-03,2.40e+01,
10121,-8.00e-03,2.40e+01,
10122,-8.00e-03,2.40e+01,
10123,-8.00e-03,2.40e+01,
10124,-8.00e-03,2.40e+01,
10125,-1.60e-02,2.40e+01,
10126,-8.00e-03,2.40e+01,
10127,-8.00e-03,2.40e+01,
10128,-8.00e-03,2.40e+01,
10129,-8.00e-03,2.40e+01,
10130,-8.00e-03,2.40e+01,
10131,-8.00e-03,2.40e+01,
10132,-8.00e-03,2.40e+01,
10133,-1.60e-02,2.40e+01,
10134,-8.00e-03,2.40e+01,
10135,-8.00e-03,2.40e+01,
10136,-8.00e-03,2.40e+01,
10137,-1.60e-02,2.40e+01,
10138,-8.00e-03,2.40e+01,
10139,-8.00e-03,2.40e+01,
10140,-8.00e-03,2.40e+01,
10141,-1.60e-02,2.40e+01,
10142,-8.00e-03,2.56e+01,
10143,-8.00e-03,2.40e+01,
10144,-8.00e-03,2.40e+01,
10145,-8.00e-03,2.40e+01,
10146,-8.00e-03,2.40e+01,
10147,-8.00e-03,2.40e+01,
10148,-8.00e-03,2.40e+01,
10149,-1.60e-02,2.40e+01,
10150,-8.00e-03,2.56e+01,
10151,-8.00e-03,2.40e+01,
10152,-1.60e-02,2.40e+01,
10153,-1.60e-02,2.40e+01,
10154,-8.00e-03,2.56e+01,
10155,-8.00e-03,2.40e+01,
10156,-8.00e-03,2.40e+01,
10157,-1.60e-02,2.40e+01,
10158,-8.00e-03,2.56e+01,
10159,-8.00e-03,2.56e+01,
10160,-8.00e-03,2.56e+01,
10161,-8.00e-03,2.40e+01,
10162,-8.00e-03,2.56e+01,
10163,-8.00e-03,2.40e+01,
10164,-8.00e-03,2.40e+01,
10165,-1.60e-02,2.56e+01,
10166,-8.00e-03,2.56e+01,
10167,-8.00e-03,2.40e+01,
10168,-8.00e-03,2.56e+01,
10169,-1.60e-02,2.40e+01,
10170,-8.00e-03,2.56e+01,
10171,-8.00e-03,2.40e+01,
10172,-8.00e-03,2.40e+01,
10173,-1.60e-02,2.56e+01,
10174,-8.00e-03,2.56e+01,
10175,-8.00e-03,2.56e+01,
10176,-8.00e-03,2.40e+01,
10177,-8.00e-03,2.40e+01,
10178,-8.00e-03,2.56e+01,
10179,-8.00e-03,2.40e+01,
10180,-8.00e-03,2.40e+01,
10181,-8.00e-03,2.40e+01,
10182,-8.00e-03,2.56e+01,
10183,-8.00e-03,2.56e+01,
10184,-8.00e-03,2.40e+01,
10185,-1.60e-02,2.56e+01,
10186,-8.00e-03,2.56e+01,
10187,-8.00e-03,2.56e+01,
10188,-8.00e-03,2.40e+01,
10189,-1.60e-02,2.40e+01,
10190,-8.00e-03,2.56e+01,
10191,-8.00e-03,2.40e+01,
10192,-8.00e-03,2.40e+01,
10193,-1.60e-02,2.40e+01,
10194,-8.00e-03,2.56e+01,
10195,-8.00e-03,2.40e+01,
10196,-8.00e-03,2.40e+01,
10197,-8.00e-03,2.40e+01,
10198,-8.00e-03,2.40e+01,
10199,-8.00e-03,2.56e+01,
10200,-8.00e-03,2.40e+01,
10201,-1.60e-02,2.40e+01,
10202,-8.00e-03,2.56e+01,
10203,-8.00e-03,2.40e+01,
10204,-8.00e-03,2.40e+01,
10205,-1.60e-02,2.40e+01,
10206,-8.00e-03,2.56e+01,
10207,-8.00e-03,2.40e+01,
10208,-8.00e-03,2.40e+01,
10209,-1.60e-02,2.40e+01,
10210,-8.00e-03,2.56e+01,
10211,-8.00e-03,2.40e+01,
10212,-8.00e-03,2.40e+01,
10213,-1.60e-02,2.40e+01,
10214,-8.00e-03,2.40e+01,
10215,-8.00e-03,2.40e+01,
10216,-8.00e-03,2.40e+01,
10217,-8.00e-03,2.40e+01,
10218,-8.00e-03,2.40e+01,
10219,-8.00e-03,2.40e+01,
10220,-8.00e-03,2.40e+01,
10221,-1.60e-02,2.40e+01,
10222,-8.00e-03,2.40e+01,
10223,-8.00e-03,2.40e+01,
10224,-8.00e-03,2.40e+01,
10225,-1.60e-02,2.40e+01,
10226,-8.00e-03,2.40e+01,
10227,-8.00e-03,2.40e+01,
10228,-1.60e-02,2.40e+01,
10229,-1.60e-02,2.40e+01,
10230,-8.00e-03,2.40e+01,
10231,-8.00e-03,2.40e+01,
10232,-8.00e-03,2.40e+01,
10233,-1.60e-02,2.40e+01,
10234,-8.00e-03,2.40e+01,
10235,-8.00e-03,2.40e+01,
10236,-8.00e-03,2.40e+01,
10237,-8.00e-03,2.40e+01,
10238,-8.00e-03,2.40e+01,
10239,-1.60e-02,2.40e+01,
10240,-8.00e-03,2.32e+01,
10241,-1.60e-02,2.40e+01,
10242,-8.00e-03,2.40e+01,
10243,-8.00e-03,2.32e+01,
10244,-8.00e-03,2.32e+01,
10245,-1.60e-02,2.40e+01,
10246,-8.00e-03,2.40e+01,
10247,-8.00e-03,2.40e+01,
10248,-8.00e-03,2.32e+01,
10249,-1.60e-02,2.32e+01,
10250,-8.00e-03,2.40e+01,
10251,-8.00e-03,2.32e+01,
10252,-8.00e-03,2.32e+01,
10253,-8.00e-03,2.32e+01,
10254,-8.00e-03,2.32e+01,
10255,-8.00e-03,2.32e+01,
10256,-8.00e-03,2.32e+01,
10257,-8.00e-03,2.32e+01,
10258,-8.00e-03,2.32e+01,
10259,-8.00e-03,2.32e+01,
10260,-1.60e-02,2.32e+01,
10261,-1.60e-02,2.32e+01,
10262,-8.00e-03,2.32e+01,
10263,-8.00e-03,2.32e+01,
10264,-8.00e-03,2.32e+01,
10265,-1.60e-02,2.32e+01,
10266,-1.60e-02,2.32e+01,
10267,-8.00e-03,2.32e+01,
10268,-8.00e-03,2.32e+01,
10269,-1.60e-02,2.32e+01,
10270,-8.00e-03,2.32e+01,
10271,-1.60e-02,2.32e+01,
10272,-8.00e-03,2.24e+01,
10273,-1.60e-02,2.24e+01,
10274,-8.00e-03,2.32e+01,
10275,-8.00e-03,2.24e+01,
10276,-8.00e-03,2.24e+01,
10277,-1.60e-02,2.24e+01,
10278,-8.00e-03,2.32e+01,
10279,-8.00e-03,2.24e+01,
10280,-8.00e-03,2.24e+01,
10281,-1.60e-02,2.24e+01,
10282,-8.00e-03,2.24e+01,
10283,-8.00e-03,2.24e+01,
10284,-8.00e-03,2.24e+01,
10285,-1.60e-02,2.24e+01,
10286,-8.00e-03,2.24e+01,
10287,-8.00e-03,2.24e+01,
10288,-8.00e-03,2.24e+01,
10289,-8.00e-03,2.24e+01,
10290,-8.00e-03,2.24e+01,
10291,-8.00e-03,2.24e+01,
10292,-8.00e-03,2.24e+01,
10293,-1.60e-02,2.24e+01,
10294,-8.00e-03,2.24e+01,
10295,-8.00e-03,2.24e+01,
10296,-8.00e-03,2.16e+01,
10297,-1.60e-02,2.24e+01,
10298,-8.00e-03,2.24e+01,
10299,-8.00e-03,2.16e+01,
10300,-8.00e-03,2.16e+01,
10301,-8.00e-03,2.16e+01,
10302,-8.00e-03,2.24e+01,
10303,-8.00e-03,2.16e+01,
10304,-8.00e-03,2.16e+01,
10305,-8.00e-03,2.16e+01,
10306,-8.00e-03,2.16e+01,
10307,-8.00e-03,2.16e+01,
10308,-8.00e-03,2.16e+01,
10309,-8.00e-03,2.16e+01,
10310,-8.00e-03,2.16e+01,
10311,-1.60e-02,2.16e+01,
10312,-8.00e-03,2.16e+01,
10313,-1.60e-02,2.16e+01,
10314,-8.00e-03,2.16e+01,
10315,-8.00e-03,2.16e+01,
10316,-1.60e-02,2.08e+01,
10317,-1.60e-02,2.16e+01,
10318,-8.00e-03,2.16e+01,
10319,-8.00e-03,2.16e+01,
10320,-8.00e-03,2.08e+01,
10321,-1.60e-02,2.08e+01,
10322,-8.00e-03,2.16e+01,
10323,-8.00e-03,2.08e+01,
10324,-8.00e-03,2.08e+01,
10325,-1.60e-02,2.08e+01,
10326,-8.00e-03,2.08e+01,
10327,-8.00e-03,2.08e+01,
10328,-8.00e-03,2.08e+01,
10329,-1.60e-02,2.08e+01,
10330,-8.00e-03,2.08e+01,
10331,-8.00e-03,2.08e+01,
10332,-8.00e-03,2.08e+01,
10333,-1.60e-02,2.08e+01,
10334,-8.00e-03,2.08e+01,
10335,-8.00e-03,2.08e+01,
10336,-8.00e-03,2.08e+01,
10337,-1.60e-02,2.08e+01,
10338,-8.00e-03,2.08e+01,
10339,-8.00e-03,2.08e+01,
10340,-8.00e-03,2.00e+01,
10341,-1.60e-02,2.00e+01,
10342,-8.00e-03,2.08e+01,
10343,-8.00e-03,2.00e+01,
10344,-8.00e-03,2.00e+01,
10345,-1.60e-02,2.00e+01,
10346,-8.00e-03,2.00e+01,
10347,-8.00e-03,2.00e+01,
10348,-8.00e-03,2.00e+01,
10349,-1.60e-02,2.00e+01,
10350,-1.60e-02,2.00e+01,
10351,-8.00e-03,2.00e+01,
10352,-8.00e-03,2.00e+01,
10353,-8.00e-03,2.00e+01,
10354,-8.00e-03,2.00e+01,
10355,-8.00e-03,2.00e+01,
10356,-8.00e-03,1.92e+01,
10357,-8.00e-03,2.00e+01,
10358,-8.00e-03,2.00e+01,
10359,-1.60e-02,2.00e+01,
10360,-1.60e-02,1.92e+01,
10361,-1.60e-02,1.92e+01,
10362,-8.00e-03,2.00e+01,
10363,-8.00e-03,1.92e+01,
10364,-8.00e-03,1.92e+01,
10365,-1.60e-02,1.92e+01,
10366,-8.00e-03,1.92e+01,
10367,-1.60e-02,1.92e+01,
10368,-8.00e-03,1.92e+01,
10369,-1.60e-02,1.84e+01,
10370,-8.00e-03,2.00e+01,
10371,-8.00e-03,1.92e+01,
10372,-1.60e-02,1.92e+01,
10373,-1.60e-02,1.92e+01,
10374,-8.00e-03,1.92e+01,
10375,-8.00e-03,1.92e+01,
10376,-8.00e-03,1.92e+01,
10377,-1.60e-02,1.92e+01,
10378,-8.00e-03,1.92e+01,
10379,-8.00e-03,1.84e+01,
10380,-8.00e-03,1.84e+01,
10381,-8.00e-03,1.84e+01,
10382,-8.00e-03,1.92e+01,
10383,-8.00e-03,1.84e+01,
10384,-8.00e-03,1.84e+01,
10385,-1.60e-02,1.84e+01,
10386,-8.00e-03,1.84e+01,
10387,-8.00e-03,1.84e+01,
10388,-8.00e-03,1.84e+01,
10389,-1.60e-02,1.84e+01,
10390,-8.00e-03,1.84e+01,
10391,-8.00e-03,1.84e+01,
10392,-8.00e-03,1.84e+01,
10393,-8.00e-03,1.84e+01,
10394,-8.00e-03,1.84e+01,
10395,-8.00e-03,1.84e+01,
10396,-8.00e-03,1.84e+01,
10397,-1.60e-02,1.84e+01,
10398,-8.00e-03,1.84e+01,
10399,-1.60e-02,1.76e+01,
10400,-1.60e-02,1.76e+01,
10401,-1.60e-02,1.76e+01,
10402,-8.00e-03,1.84e+01,
10403,-8.00e-03,1.76e+01,
10404,-8.00e-03,1.76e+01,
10405,-1.60e-02,1.76e+01,
10406,-8.00e-03,1.76e+01,
10407,-8.00e-03,1.76e+01,
10408,-8.00e-03,1.76e+01,
10409,-8.00e-03,1.76e+01,
10410,-8.00e-03,1.76e+01,
10411,-8.00e-03,1.76e+01,
10412,-8.00e-03,1.76e+01,
10413,-1.60e-02,1.76e+01,
10414,-8.00e-03,1.76e+01,
10415,-8.00e-03,1.76e+01,
10416,-1.60e-02,1.76e+01,
10417,-8.00e-03,1.76e+01,
10418,-8.00e-03,1.76e+01,
10419,-8.00e-03,1.76e+01,
10420,-8.00e-03,1.76e+01,
10421,-8.00e-03,1.76e+01,
10422,-8.00e-03,1.76e+01,
10423,-8.00e-03,1.68e+01,
10424,-1.60e-02,1.68e+01,
10425,-8.00e-03,1.68e+01,
10426,-8.00e-03,1.76e+01,
10427,-8.00e-03,1.68e+01,
10428,-1.60e-02,1.68e+01,
10429,-1.60e-02,1.68e+01,
10430,-8.00e-03,1.68e+01,
10431,-8.00e-03,1.68e+01,
10432,-8.00e-03,1.68e+01,
10433,-8.00e-03,1.68e+01,
10434,-8.00e-03,1.68e+01,
10435,-8.00e-03,1.68e+01,
10436,-8.00e-03,1.68e+01,
10437,-1.60e-02,1.68e+01,
10438,-8.00e-03,1.68e+01,
10439,-8.00e-03,1.68e+01,
10440,-8.00e-03,1.68e+01,
10441,-1.60e-02,1.68e+01,
10442,-8.00e-03,1.68e+01,
10443,-8.00e-03,1.68e+01,
10444,-8.00e-03,1.60e+01,
10445,-1.60e-02,1.60e+01,
10446,-8.00e-03,1.68e+01,
10447,-8.00e-03,1.68e+01,
10448,-8.00e-03,1.60e+01,
10449,-1.60e-02,1.60e+01,
10450,-8.00e-03,1.68e+01,
10451,-8.00e-03,1.60e+01,
10452,-8.00e-03,1.60e+01,
10453,-1.60e-02,1.60e+01,
10454,-8.00e-03,1.60e+01,
10455,-8.00e-03,1.60e+01,
10456,-8.00e-03,1.60e+01,
10457,-8.00e-03,1.60e+01,
10458,-8.00e-03,1.60e+01,
10459,-8.00e-03,1.60e+01,
10460,-8.00e-03,1.60e+01,
10461,-8.00e-03,1.60e+01,
10462,-8.00e-03,1.60e+01,
10463,-8.00e-03,1.60e+01,
10464,-8.00e-03,1.60e+01,
10465,-8.00e-03,1.60e+01,
10466,-8.00e-03,1.60e+01,
10467,-8.00e-03,1.60e+01,
10468,-8.00e-03,1.52e+01,
10469,-8.00e-03,1.60e+01,
10470,-8.00e-03,1.60e+01,
10471,-8.00e-03,1.60e+01,
10472,-8.00e-03,1.52e+01,
10473,-8.00e-03,1.52e+01,
10474,-8.00e-03,1.60e+01,
10475,-8.00e-03,1.52e+01,
10476,-8.00e-03,1.52e+01,
10477,-8.00e-03,1.52e+01,
10478,-8.00e-03,1.60e+01,
10479,-8.00e-03,1.52e+01,
10480,-8.00e-03,1.52e+01,
10481,-8.00e-03,1.52e+01,
10482,-8.00e-03,1.52e+01,
10483,-8.00e-03,1.52e+01,
10484,-8.00e-03,1.52e+01,
10485,-1.60e-02,1.52e+01,
10486,-8.00e-03,1.52e+01,
10487,-8.00e-03,1.52e+01,
10488,-8.00e-03,1.52e+01,
10489,-1.60e-02,1.52e+01,
10490,-8.00e-03,1.52e+01,
10491,-8.00e-03,1.52e+01,
10492,-8.00e-03,1.52e+01,
10493,-1.60e-02,1.52e+01,
10494,-8.00e-03,1.52e+01,
10495,-8.00e-03,1.52e+01,
10496,-8.00e-03,1.52e+01,
10497,-1.60e-02,1.52e+01,
10498,-8.00e-03,1.52e+01,
10499,-8.00e-03,1.52e+01,
10500,-8.00e-03,1.52e+01,
10501,-1.60e-02,1.52e+01,
10502,-8.00e-03,1.52e+01,
10503,-8.00e-03,1.52e+01,
10504,-1.60e-02,1.44e+01,
10505,-1.60e-02,1.44e+01,
10506,-8.00e-03,1.52e+01,
10507,-8.00e-03,1.52e+01,
10508,-8.00e-03,1.44e+01,
10509,-1.60e-02,1.44e+01,
10510,-8.00e-03,1.52e+01,
10511,-8.00e-03,1.44e+01,
10512,-1.60e-02,1.44e+01,
10513,-1.60e-02,1.44e+01,
10514,-8.00e-03,1.52e+01,
10515,-8.00e-03,1.44e+01,
10516,-8.00e-03,1.44e+01,
10517,-1.60e-02,1.44e+01,
10518,-8.00e-03,1.52e+01,
10519,-8.00e-03,1.44e+01,
10520,-8.00e-03,1.44e+01,
10521,-8.00e-03,1.44e+01,
10522,-8.00e-03,1.52e+01,
10523,-8.00e-03,1.44e+01,
10524,-8.00e-03,1.44e+01,
10525,-8.00e-03,1.44e+01,
10526,-8.00e-03,1.44e+01,
10527,-8.00e-03,1.44e+01,
10528,-8.00e-03,1.44e+01,
10529,-8.00e-03,1.44e+01,
10530,-8.00e-03,1.44e+01,
10531,-8.00e-03,1.44e+01,
10532,-8.00e-03,1.44e+01,
10533,-8.00e-03,1.44e+01,
10534,-8.00e-03,1.44e+01,
10535,-8.00e-03,1.44e+01,
10536,-8.00e-03,1.44e+01,
10537,-1.60e-02,1.44e+01,
10538,-8.00e-03,1.44e+01,
10539,-8.00e-03,1.44e+01,
10540,-8.00e-03,1.44e+01,
10541,-1.60e-02,1.44e+01,
10542,-8.00e-03,1.44e+01,
10543,-8.00e-03,1.44e+01,
10544,-8.00e-03,1.44e+01,
10545,-1.60e-02,1.44e+01,
10546,-8.00e-03,1.44e+01,
10547,-8.00e-03,1.44e+01,
10548,-8.00e-03,1.28e+01,
10549,-1.60e-02,1.44e+01,
10550,-8.00e-03,1.44e+01,
10551,-8.00e-03,1.44e+01,
10552,-8.00e-03,1.44e+01,
10553,-8.00e-03,1.44e+01,
10554,-8.00e-03,1.44e+01,
10555,-8.00e-03,1.44e+01,
10556,-8.00e-03,1.28e+01,
10557,-1.60e-02,1.44e+01,
10558,-8.00e-03,1.44e+01,
10559,-8.00e-03,1.44e+01,
10560,-8.00e-03,1.44e+01,
10561,-8.00e-03,1.28e+01,
10562,-8.00e-03,1.44e+01,
10563,-8.00e-03,1.44e+01,
10564,-8.00e-03,1.28e+01,
10565,-8.00e-03,1.44e+01,
10566,-8.00e-03,1.44e+01,
10567,-8.00e-03,1.28e+01,
10568,-8.00e-03,1.44e+01,
10569,-1.60e-02,1.28e+01,
10570,-8.00e-03,1.44e+01,
10571,-8.00e-03,1.44e+01,
10572,-1.60e-02,1.28e+01,
10573,-1.60e-02,1.44e+01,
10574,-8.00e-03,1.44e+01,
10575,-8.00e-03,1.44e+01,
10576,-8.00e-03,1.28e+01,
10577,-1.60e-02,1.28e+01,
10578,-8.00e-03,1.44e+01,
10579,-8.00e-03,1.28e+01,
10580,-8.00e-03,1.28e+01,
10581,-8.00e-03,1.28e+01,
10582,-8.00e-03,1.44e+01,
10583,-8.00e-03,1.28e+01,
10584,-8.00e-03,1.28e+01,
10585,-1.60e-02,1.28e+01,
10586,-8.00e-03,1.44e+01,
10587,-8.00e-03,1.44e+01,
10588,-8.00e-03,1.28e+01,
10589,-8.00e-03,1.28e+01,
10590,-8.00e-03,1.44e+01,
10591,-8.00e-03,1.28e+01,
10592,-1.60e-02,1.28e+01,
10593,-1.60e-02,1.28e+01,
10594,-8.00e-03,1.44e+01,
10595,-8.00e-03,1.28e+01,
10596,-8.00e-03,1.28e+01,
10597,-1.60e-02,1.28e+01,
10598,-8.00e-03,1.44e+01,
10599,-8.00e-03,1.28e+01,
10600,-8.00e-03,1.28e+01,
10601,-8.00e-03,1.28e+01,
10602,-8.00e-03,1.44e+01,
10603,-8.00e-03,1.28e+01,
10604,-8.00e-03,1.28e+01,
10605,-1.60e-02,1.28e+01,
10606,-8.00e-03,1.44e+01,
10607,-8.00e-03,1.28e+01,
10608,-8.00e-03,1.28e+01,
10609,-1.60e-02,1.28e+01,
10610,-8.00e-03,1.44e+01,
10611,-8.00e-03,1.28e+01,
10612,-8.00e-03,1.28e+01,
10613,-8.00e-03,1.28e+01,
10614,-8.00e-03,1.44e+01,
10615,-8.00e-03,1.28e+01,
10616,-8.00e-03,1.28e+01,
10617,-8.00e-03,1.28e+01,
10618,-8.00e-03,1.44e+01,
10619,-8.00e-03,1.28e+01,
10620,-8.00e-03,1.28e+01,
10621,-1.60e-02,1.28e+01,
10622,-8.00e-03,1.44e+01,
10623,-8.00e-03,1.44e+01,
10624,-8.00e-03,1.28e+01,
10625,-8.00e-03,1.44e+01,
10626,-8.00e-03,1.44e+01,
10627,-8.00e-03,1.44e+01,
10628,-8.00e-03,1.28e+01,
10629,-8.00e-03,1.44e+01,
10630,-8.00e-03,1.44e+01,
10631,-8.00e-03,1.44e+01,
10632,-8.00e-03,1.28e+01,
10633,-8.00e-03,1.28e+01,
10634,-8.00e-03,1.44e+01,
10635,-8.00e-03,1.44e+01,
10636,-8.00e-03,1.28e+01,
10637,-8.00e-03,1.44e+01,
10638,-8.00e-03,1.44e+01,
10639,-8.00e-03,1.44e+01,
10640,-8.00e-03,1.44e+01,
10641,-8.00e-03,1.44e+01,
10642,-8.00e-03,1.44e+01,
10643,-8.00e-03,1.44e+01,
10644,-8.00e-03,1.44e+01,
10645,-1.60e-02,1.44e+01,
10646,-8.00e-03,1.44e+01,
10647,-8.00e-03,1.44e+01,
10648,-8.00e-03,1.44e+01,
10649,-8.00e-03,1.44e+01,
10650,-1.60e-02,1.44e+01,
10651,-8.00e-03,1.44e+01,
10652,-8.00e-03,1.44e+01,
10653,-8.00e-03,1.44e+01,
10654,-8.00e-03,1.44e+01,
10655,-8.00e-03,1.44e+01,
10656,-1.60e-02,1.44e+01,
10657,-8.00e-03,1.44e+01,
10658,-8.00e-03,1.44e+01,
10659,-8.00e-03,1.44e+01,
10660,-8.00e-03,1.44e+01,
10661,-1.60e-02,1.44e+01,
10662,-8.00e-03,1.44e+01,
10663,-8.00e-03,1.44e+01,
10664,-8.00e-03,1.44e+01,
10665,-8.00e-03,1.44e+01,
10666,-8.00e-03,1.44e+01,
10667,-8.00e-03,1.44e+01,
10668,-8.00e-03,1.44e+01,
10669,-1.60e-02,1.44e+01,
10670,-8.00e-03,1.44e+01,
10671,-8.00e-03,1.44e+01,
10672,-8.00e-03,1.44e+01,
10673,-1.60e-02,1.44e+01,
10674,-8.00e-03,1.52e+01,
10675,-8.00e-03,1.44e+01,
10676,-8.00e-03,1.44e+01,
10677,-1.60e-02,1.44e+01,
10678,-8.00e-03,1.52e+01,
10679,-8.00e-03,1.44e+01,
10680,-8.00e-03,1.44e+01,
10681,-8.00e-03,1.44e+01,
10682,-8.00e-03,1.52e+01,
10683,-8.00e-03,1.52e+01,
10684,-8.00e-03,1.44e+01,
10685,-1.60e-02,1.52e+01,
10686,-8.00e-03,1.52e+01,
10687,-8.00e-03,1.52e+01,
10688,-8.00e-03,1.44e+01,
10689,-8.00e-03,1.44e+01,
10690,-8.00e-03,1.52e+01,
10691,-8.00e-03,1.52e+01,
10692,-8.00e-03,1.52e+01,
10693,-1.60e-02,1.52e+01,
10694,-8.00e-03,1.52e+01,
10695,-8.00e-03,1.52e+01,
10696,-8.00e-03,1.52e+01,
10697,-1.60e-02,1.52e+01,
10698,-8.00e-03,1.52e+01,
10699,-8.00e-03,1.52e+01,
10700,-8.00e-03,1.52e+01,
10701,-1.60e-02,1.52e+01,
10702,-8.00e-03,1.52e+01,
10703,-8.00e-03,1.52e+01,
10704,-8.00e-03,1.52e+01,
10705,-1.60e-02,1.52e+01,
10706,-8.00e-03,1.52e+01,
10707,-8.00e-03,1.52e+01,
10708,-8.00e-03,1.52e+01,
10709,-1.60e-02,1.52e+01,
10710,-8.00e-03,1.60e+01,
10711,-8.00e-03,1.52e+01,
10712,-1.60e-02,1.52e+01,
10713,-1.60e-02,1.52e+01,
10714,-8.00e-03,1.60e+01,
10715,-8.00e-03,1.52e+01,
10716,-8.00e-03,1.52e+01,
10717,-1.60e-02,1.52e+01,
10718,-8.00e-03,1.60e+01,
10719,-8.00e-03,1.60e+01,
10720,-8.00e-03,1.52e+01,
10721,-8.00e-03,1.60e+01,
10722,-8.00e-03,1.60e+01,
10723,-8.00e-03,1.60e+01,
10724,-8.00e-03,1.60e+01,
10725,-1.60e-02,1.60e+01,
10726,-8.00e-03,1.60e+01,
10727,-8.00e-03,1.60e+01,
10728,-8.00e-03,1.60e+01,
10729,-8.00e-03,1.60e+01,
10730,-8.00e-03,1.60e+01,
10731,-8.00e-03,1.60e+01,
10732,-8.00e-03,1.60e+01,
10733,-8.00e-03,1.60e+01,
10734,-8.00e-03,1.60e+01,
10735,-8.00e-03,1.60e+01,
10736,-8.00e-03,1.60e+01,
10737,-8.00e-03,1.60e+01,
10738,-8.00e-03,1.60e+01,
10739,-8.00e-03,1.60e+01,
10740,-8.00e-03,1.60e+01,
10741,-8.00e-03,1.60e+01,
10742,-8.00e-03,1.68e+01,
10743,-8.00e-03,1.60e+01,
10744,-8.00e-03,1.60e+01,
10745,-8.00e-03,1.60e+01,
10746,-8.00e-03,1.68e+01,
10747,-8.00e-03,1.68e+01,
10748,-8.00e-03,1.60e+01,
10749,-8.00e-03,1.60e+01,
10750,-8.00e-03,1.68e+01,
10751,-8.00e-03,1.60e+01,
10752,-8.00e-03,1.60e+01,
10753,-1.60e-02,1.68e+01,
10754,-8.00e-03,1.68e+01,
10755,-8.00e-03,1.68e+01,
10756,-8.00e-03,1.68e+01,
10757,-1.60e-02,1.68e+01,
10758,-8.00e-03,1.68e+01,
10759,-8.00e-03,1.68e+01,
10760,-8.00e-03,1.68e+01,
10761,-1.60e-02,1.68e+01,
10762,-8.00e-03,1.68e+01,
10763,-8.00e-03,1.68e+01,
10764,-8.00e-03,1.68e+01,
10765,-1.60e-02,1.68e+01,
10766,-8.00e-03,1.68e+01,
10767,-8.00e-03,1.68e+01,
10768,-8.00e-03,1.68e+01,
10769,-1.60e-02,1.60e+01,
10770,-8.00e-03,1.76e+01,
10771,-8.00e-03,1.68e+01,
10772,-8.00e-03,1.68e+01,
10773,-1.60e-02,1.68e+01,
10774,-8.00e-03,1.68e+01,
10775,-8.00e-03,1.76e+01,
10776,-8.00e-03,1.68e+01,
10777,-1.60e-02,1.68e+01,
10778,-8.00e-03,1.76e+01,
10779,-8.00e-03,1.76e+01,
10780,-8.00e-03,1.76e+01,
10781,-1.60e-02,1.76e+01,
10782,-8.00e-03,1.76e+01,
10783,-8.00e-03,1.76e+01,
10784,-8.00e-03,1.76e+01,
10785,-8.00e-03,1.76e+01,
10786,-8.00e-03,1.76e+01,
10787,-8.00e-03,1.76e+01,
10788,-8.00e-03,1.76e+01,
10789,-1.60e-02,1.76e+01,
10790,-8.00e-03,1.76e+01,
10791,-8.00e-03,1.76e+01,
10792,-8.00e-03,1.76e+01,
10793,-8.00e-03,1.76e+01,
10794,-8.00e-03,1.76e+01,
10795,-8.00e-03,1.76e+01,
10796,-8.00e-03,1.76e+01,
10797,-8.00e-03,1.76e+01,
10798,-8.00e-03,1.76e+01,
10799,-8.00e-03,1.76e+01,
10800,-8.00e-03,1.76e+01,
10801,-8.00e-03,1.76e+01,
10802,-8.00e-03,1.84e+01,
10803,-8.00e-03,1.76e+01,
10804,-8.00e-03,1.76e+01,
10805,-8.00e-03,1.76e+01,
10806,-8.00e-03,1.84e+01,
10807,-8.00e-03,1.84e+01,
10808,-8.00e-03,1.76e+01,
10809,-8.00e-03,1.84e+01,
10810,-8.00e-03,1.84e+01,
10811,-8.00e-03,1.84e+01,
10812,-8.00e-03,1.84e+01,
10813,-8.00e-03,1.84e+01,
10814,-8.00e-03,1.84e+01,
10815,-8.00e-03,1.84e+01,
10816,-8.00e-03,1.84e+01,
10817,-8.00e-03,1.84e+01,
10818,-8.00e-03,1.84e+01,
10819,-8.00e-03,1.84e+01,
10820,-8.00e-03,1.84e+01,
10821,-1.60e-02,1.84e+01,
10822,-8.00e-03,1.84e+01,
10823,-8.00e-03,1.84e+01,
10824,-8.00e-03,1.84e+01,
10825,-8.00e-03,1.84e+01,
10826,-8.00e-03,1.92e+01,
10827,-8.00e-03,1.84e+01,
10828,-8.00e-03,1.84e+01,
10829,-1.60e-02,1.84e+01,
10830,-8.00e-03,1.92e+01,
10831,-8.00e-03,1.84e+01,
10832,-8.00e-03,1.84e+01,
10833,-8.00e-03,1.84e+01,
10834,-8.00e-03,1.92e+01,
10835,-8.00e-03,1.92e+01,
10836,-8.00e-03,1.84e+01,
10837,-1.60e-02,1.92e+01,
10838,-8.00e-03,1.92e+01,
10839,-8.00e-03,1.92e+01,
10840,-8.00e-03,1.92e+01,
10841,-1.60e-02,1.92e+01,
10842,-8.00e-03,1.92e+01,
10843,-8.00e-03,1.92e+01,
10844,-8.00e-03,1.92e+01,
10845,-8.00e-03,1.92e+01,
10846,-8.00e-03,1.92e+01,
10847,-8.00e-03,1.92e+01,
10848,-8.00e-03,1.92e+01,
10849,-8.00e-03,1.92e+01,
10850,-8.00e-03,1.92e+01,
10851,-8.00e-03,1.92e+01,
10852,-8.00e-03,1.92e+01,
10853,-1.60e-02,1.92e+01,
10854,-8.00e-03,1.92e+01,
10855,-8.00e-03,1.92e+01,
10856,-8.00e-03,1.92e+01,
10857,-1.60e-02,1.92e+01,
10858,-8.00e-03,2.00e+01,
10859,-8.00e-03,1.92e+01,
10860,-8.00e-03,1.92e+01,
10861,-1.60e-02,1.92e+01,
10862,-8.00e-03,2.00e+01,
10863,-8.00e-03,1.92e+01,
10864,-8.00e-03,1.92e+01,
10865,-8.00e-03,2.00e+01,
10866,-8.00e-03,2.00e+01,
10867,-8.00e-03,2.00e+01,
10868,-8.00e-03,1.92e+01,
10869,-8.00e-03,2.00e+01,
10870,-8.00e-03,2.00e+01,
10871,-8.00e-03,2.00e+01,
10872,-8.00e-03,2.00e+01,
10873,-8.00e-03,2.00e+01,
10874,-1.60e-02,2.00e+01,
10875,-8.00e-03,2.00e+01,
10876,-8.00e-03,2.00e+01,
10877,-1.60e-02,2.00e+01,
10878,-8.00e-03,2.00e+01,
10879,-8.00e-03,2.00e+01,
10880,-1.60e-02,2.00e+01,
10881,-1.60e-02,2.00e+01,
10882,-8.00e-03,2.00e+01,
10883,-8.00e-03,2.00e+01,
10884,-8.00e-03,2.00e+01,
10885,-1.60e-02,2.00e+01,
10886,-8.00e-03,2.00e+01,
10887,-8.00e-03,2.00e+01,
10888,-8.00e-03,2.00e+01,
10889,-1.60e-02,2.00e+01,
10890,-8.00e-03,2.00e+01,
10891,-8.00e-03,2.00e+01,
10892,-8.00e-03,2.00e+01,
10893,-1.60e-02,2.00e+01,
10894,-8.00e-03,2.08e+01,
10895,-8.00e-03,2.00e+01,
10896,-8.00e-03,2.00e+01,
10897,-8.00e-03,2.00e+01,
10898,-8.00e-03,2.08e+01,
10899,-8.00e-03,2.00e+01,
10900,-8.00e-03,2.00e+01,
10901,-1.60e-02,2.00e+01,
10902,-8.00e-03,2.08e+01,
10903,-8.00e-03,2.08e+01,
10904,-8.00e-03,2.00e+01,
10905,-8.00e-03,2.08e+01,
10906,-8.00e-03,2.08e+01,
10907,-8.00e-03,2.08e+01,
10908,-8.00e-03,2.08e+01,
10909,-1.60e-02,2.08e+01,
10910,-8.00e-03,2.08e+01,
10911,-8.00e-03,2.08e+01,
10912,-8.00e-03,2.08e+01,
10913,-8.00e-03,2.08e+01,
10914,-8.00e-03,2.08e+01,
10915,-8.00e-03,2.08e+01,
10916,-8.00e-03,2.08e+01,
10917,-1.60e-02,2.08e+01,
10918,-8.00e-03,2.08e+01,
10919,-8.00e-03,2.08e+01,
10920,-8.00e-03,2.08e+01,
10921,-1.60e-02,2.08e+01,
10922,-8.00e-03,2.08e+01,
10923,-8.00e-03,2.08e+01,
10924,-8.00e-03,2.08e+01,
10925,-1.60e-02,2.08e+01,
10926,-8.00e-03,2.08e+01,
10927,-8.00e-03,2.08e+01,
10928,-8.00e-03,2.08e+01,
10929,-1.60e-02,2.08e+01,
10930,-1.60e-02,2.08e+01,
10931,-8.00e-03,2.08e+01,
10932,-8.00e-03,2.08e+01,
10933,-8.00e-03,2.08e+01,
10934,-8.00e-03,2.08e+01,
10935,-8.00e-03,2.08e+01,
10936,-8.00e-03,2.08e+01,
10937,-1.60e-02,2.08e+01,
10938,-8.00e-03,2.08e+01,
10939,-8.00e-03,2.08e+01,
10940,-8.00e-03,2.08e+01,
10941,-8.00e-03,2.08e+01,
10942,-8.00e-03,2.08e+01,
10943,-8.00e-03,2.08e+01,
10944,-8.00e-03,2.08e+01,
10945,-8.00e-03,2.08e+01,
10946,-8.00e-03,2.08e+01,
10947,-8.00e-03,2.16e+01,
10948,-8.00e-03,2.08e+01,
10949,-1.60e-02,2.08e+01,
10950,-8.00e-03,2.16e+01,
10951,-8.00e-03,2.08e+01,
10952,-8.00e-03,2.08e+01,
10953,-8.00e-03,2.08e+01,
10954,-8.00e-03,2.16e+01,
10955,-8.00e-03,2.08e+01,
10956,-8.00e-03,2.08e+01,
10957,-1.60e-02,2.08e+01,
10958,-8.00e-03,2.16e+01,
10959,-8.00e-03,2.08e+01,
10960,-8.00e-03,2.08e+01,
10961,-1.60e-02,2.08e+01,
10962,-8.00e-03,2.16e+01,
10963,-8.00e-03,2.08e+01,
10964,-8.00e-03,2.08e+01,
10965,-8.00e-03,2.16e+01,
10966,-8.00e-03,2.16e+01,
10967,-8.00e-03,2.08e+01,
10968,-8.00e-03,2.16e+01,
10969,-1.60e-02,2.08e+01,
10970,-8.00e-03,2.16e+01,
10971,-8.00e-03,2.16e+01,
10972,-8.00e-03,2.08e+01,
10973,-8.00e-03,2.16e+01,
10974,-8.00e-03,2.16e+01,
10975,-8.00e-03,2.16e+01,
10976,-8.00e-03,2.08e+01,
10977,-1.60e-02,2.16e+01,
10978,-8.00e-03,2.16e+01,
10979,-8.00e-03,2.16e+01,
10980,-1.60e-02,2.08e+01,
10981,-1.60e-02,2.16e+01,
10982,-8.00e-03,2.16e+01,
10983,-8.00e-03,2.16e+01,
10984,-8.00e-03,2.08e+01,
10985,-1.60e-02,2.16e+01,
10986,-8.00e-03,2.16e+01,
10987,-8.00e-03,2.16e+01,
10988,-8.00e-03,2.08e+01,
10989,-1.60e-02,2.16e+01,
10990,-8.00e-03,2.16e+01,
10991,-8.00e-03,2.16e+01,
10992,-8.00e-03,2.16e+01,
10993,-8.00e-03,2.16e+01,
10994,-8.00e-03,2.16e+01,
10995,-8.00e-03,2.16e+01,
10996,-8.00e-03,2.08e+01,
10997,-1.60e-02,2.16e+01,
10998,-8.00e-03,2.16e+01,
10999,-8.00e-03,2.16e+01,
11000,-1.60e-02,2.16e+01,
11001,-1.60e-02,2.16e+01,
11002,-8.00e-03,2.16e+01,
11003,-8.00e-03,2.16e+01,
11004,-8.00e-03,2.16e+01,
11005,-1.60e-02,2.16e+01,
11006,-8.00e-03,2.16e+01,
11007,-8.00e-03,2.16e+01,
11008,-8.00e-03,2.16e+01,
11009,-1.60e-02,2.16e+01,
11010,-8.00e-03,2.16e+01,
11011,-8.00e-03,2.16e+01,
11012,-1.60e-02,2.16e+01,
11013,-1.60e-02,2.16e+01,
11014,-8.00e-03,2.16e+01,
11015,-8.00e-03,2.16e+01,
11016,-8.00e-03,2.08e+01,
11017,-1.60e-02,2.16e+01,
11018,-8.00e-03,2.16e+01,
11019,-8.00e-03,2.16e+01,
11020,-1.60e-02,2.08e+01,
11021,-1.60e-02,2.16e+01,
11022,-8.00e-03,2.16e+01,
11023,-8.00e-03,2.16e+01,
11024,-8.00e-03,2.08e+01,
11025,-1.60e-02,2.16e+01,
11026,-8.00e-03,2.16e+01,
11027,-8.00e-03,2.16e+01,
11028,-8.00e-03,2.16e+01,
11029,-1.60e-02,2.16e+01,
11030,-8.00e-03,2.16e+01,
11031,-8.00e-03,2.16e+01,
11032,-8.00e-03,2.08e+01,
11033,-1.60e-02,2.16e+01,
11034,-8.00e-03,2.16e+01,
11035,-8.00e-03,2.16e+01,
11036,-8.00e-03,2.08e+01,
11037,-1.60e-02,2.16e+01,
11038,-8.00e-03,2.16e+01,
11039,-1.60e-02,2.16e+01,
11040,-1.60e-02,2.08e+01,
11041,-1.60e-02,2.08e+01,
11042,-8.00e-03,2.16e+01,
11043,-8.00e-03,2.08e+01,
11044,-8.00e-03,2.08e+01,
11045,-1.60e-02,2.08e+01,
11046,-8.00e-03,2.16e+01,
11047,-8.00e-03,2.16e+01,
11048,-8.00e-03,2.08e+01,
11049,-1.60e-02,2.08e+01,
11050,-8.00e-03,2.16e+01,
11051,-8.00e-03,2.08e+01,
11052,-1.60e-02,2.08e+01,
11053,-1.60e-02,2.08e+01,
11054,-8.00e-03,2.16e+01,
11055,-8.00e-03,2.08e+01,
11056,-8.00e-03,2.08e+01,
11057,-1.60e-02,2.08e+01,
11058,-8.00e-03,2.16e+01,
11059,-8.00e-03,2.08e+01,
11060,-1.60e-02,2.08e+01,
11061,-1.60e-02,2.08e+01,
11062,-8.00e-03,2.08e+01,
11063,-8.00e-03,2.08e+01,
11064,-8.00e-03,2.08e+01,
11065,-8.00e-03,2.08e+01,
11066,-8.00e-03,2.08e+01,
11067,-1.60e-02,2.08e+01,
11068,-8.00e-03,2.08e+01,
11069,-8.00e-03,2.08e+01,
11070,-8.00e-03,2.08e+01,
11071,-8.00e-03,2.08e+01,
11072,-8.00e-03,2.08e+01,
11073,-1.60e-02,2.08e+01,
11074,-1.60e-02,2.08e+01,
11075,-8.00e-03,2.08e+01,
11076,-8.00e-03,2.08e+01,
11077,-1.60e-02,2.08e+01,
11078,-8.00e-03,2.08e+01,
11079,-8.00e-03,2.08e+01,
11080,-1.60e-02,2.08e+01,
11081,-8.00e-03,2.08e+01,
11082,-8.00e-03,2.08e+01,
11083,-8.00e-03,2.08e+01,
11084,-8.00e-03,2.08e+01,
11085,-1.60e-02,2.08e+01,
11086,-8.00e-03,2.08e+01,
11087,-8.00e-03,2.08e+01,
11088,-8.00e-03,2.08e+01,
11089,-1.60e-02,2.08e+01,
11090,-1.60e-02,2.08e+01,
11091,-8.00e-03,2.08e+01,
11092,-8.00e-03,2.08e+01,
11093,-1.60e-02,2.08e+01,
11094,-8.00e-03,2.08e+01,
11095,-1.60e-02,2.08e+01,
11096,-8.00e-03,2.00e+01,
11097,-1.60e-02,2.08e+01,
11098,-8.00e-03,2.08e+01,
11099,-8.00e-03,2.08e+01,
11100,-1.60e-02,2.08e+01,
11101,-1.60e-02,2.00e+01,
11102,-8.00e-03,2.08e+01,
11103,-8.00e-03,2.08e+01,
11104,-8.00e-03,2.00e+01,
11105,-1.60e-02,2.08e+01,
11106,-8.00e-03,2.08e+01,
11107,-8.00e-03,2.00e+01,
11108,-8.00e-03,2.00e+01,
11109,-1.60e-02,2.00e+01,
11110,-8.00e-03,2.08e+01,
11111,-1.60e-02,2.00e+01,
11112,-1.60e-02,2.00e+01,
11113,-1.60e-02,2.00e+01,
11114,-8.00e-03,2.08e+01,
11115,-8.00e-03,2.00e+01,
11116,-8.00e-03,2.00e+01,
11117,-1.60e-02,2.00e+01,
11118,-8.00e-03,2.00e+01,
11119,-8.00e-03,2.00e+01,
11120,-8.00e-03,2.00e+01,
11121,-1.60e-02,2.00e+01,
11122,-8.00e-03,2.00e+01,
11123,-8.00e-03,2.00e+01,
11124,-8.00e-03,2.00e+01,
11125,-1.60e-02,2.00e+01,
11126,-8.00e-03,2.00e+01,
11127,-8.00e-03,2.00e+01,
11128,-8.00e-03,2.00e+01,
11129,-1.60e-02,2.00e+01,
11130,-8.00e-03,2.00e+01,
11131,-8.00e-03,2.00e+01,
11132,-8.00e-03,2.00e+01,
11133,-1.60e-02,2.00e+01,
11134,-8.00e-03,2.00e+01,
11135,-8.00e-03,2.00e+01,
11136,-8.00e-03,2.00e+01,
11137,-1.60e-02,2.00e+01,
11138,-8.00e-03,2.00e+01,
11139,-8.00e-03,2.00e+01,
11140,-8.00e-03,2.00e+01,
11141,-1.60e-02,2.00e+01,
11142,-8.00e-03,2.00e+01,
11143,-1.60e-02,2.00e+01,
11144,-8.00e-03,1.92e+01,
11145,-1.60e-02,2.00e+01,
11146,-8.00e-03,2.00e+01,
11147,-1.60e-02,2.00e+01,
11148,-8.00e-03,1.92e+01,
11149,-1.60e-02,1.92e+01,
11150,-8.00e-03,2.00e+01,
11151,-8.00e-03,1.92e+01,
11152,-8.00e-03,1.92e+01,
11153,-1.60e-02,1.92e+01,
11154,-8.00e-03,2.00e+01,
11155,-8.00e-03,1.92e+01,
11156,-8.00e-03,1.92e+01,
11157,-1.60e-02,1.92e+01,
11158,-8.00e-03,1.92e+01,
11159,-1.60e-02,1.92e+01,
11160,-1.60e-02,1.92e+01,
11161,-1.60e-02,1.92e+01,
11162,-8.00e-03,1.92e+01,
11163,-8.00e-03,1.92e+01,
11164,-8.00e-03,1.92e+01,
11165,-1.60e-02,1.92e+01,
11166,-8.00e-03,1.92e+01,
11167,-8.00e-03,1.92e+01,
11168,-8.00e-03,1.92e+01,
11169,-1.60e-02,1.84e+01,
11170,-8.00e-03,2.00e+01,
11171,-8.00e-03,1.92e+01,
11172,-8.00e-03,1.92e+01,
11173,-1.60e-02,1.92e+01,
11174,-8.00e-03,1.92e+01,
11175,-8.00e-03,1.92e+01,
11176,-8.00e-03,1.92e+01,
11177,-1.60e-02,1.92e+01,
11178,-8.00e-03,1.92e+01,
11179,-8.00e-03,1.92e+01,
11180,-8.00e-03,1.92e+01,
11181,-1.60e-02,1.92e+01,
11182,-1.60e-02,1.92e+01,
11183,-8.00e-03,1.92e+01,
11184,-1.60e-02,1.84e+01,
11185,-1.60e-02,1.92e+01,
11186,-8.00e-03,1.92e+01,
11187,-8.00e-03,1.92e+01,
11188,-8.00e-03,1.84e+01,
11189,-1.60e-02,1.84e+01,
11190,-8.00e-03,1.92e+01,
11191,-8.00e-03,1.84e+01,
11192,-1.60e-02,1.84e+01,
11193,-1.60e-02,1.84e+01,
11194,-1.60e-02,1.92e+01,
11195,-8.00e-03,1.84e+01,
11196,-8.00e-03,1.84e+01,
11197,-1.60e-02,1.84e+01,
11198,-8.00e-03,1.84e+01,
11199,-8.00e-03,1.84e+01,
11200,-8.00e-03,1.84e+01,
11201,-1.60e-02,1.84e+01,
11202,-8.00e-03,1.84e+01,
11203,-8.00e-03,1.84e+01,
11204,-8.00e-03,1.84e+01,
11205,-1.60e-02,1.84e+01,
11206,-8.00e-03,1.84e+01,
11207,-8.00e-03,1.84e+01,
11208,-8.00e-03,1.84e+01,
11209,-1.60e-02,1.84e+01,
11210,-8.00e-03,1.84e+01,
11211,-8.00e-03,1.84e+01,
11212,-8.00e-03,1.84e+01,
11213,-1.60e-02,1.84e+01,
11214,-8.00e-03,1.84e+01,
11215,-8.00e-03,1.84e+01,
11216,-1.60e-02,1.84e+01,
11217,-1.60e-02,1.84e+01,
11218,-8.00e-03,1.84e+01,
11219,-8.00e-03,1.84e+01,
11220,-8.00e-03,1.84e+01,
11221,-1.60e-02,1.76e+01,
11222,-8.00e-03,1.84e+01,
11223,-8.00e-03,1.84e+01,
11224,-8.00e-03,1.76e+01,
11225,-1.60e-02,1.84e+01,
11226,-8.00e-03,1.84e+01,
11227,-8.00e-03,1.84e+01,
11228,-8.00e-03,1.76e+01,
11229,-1.60e-02,1.76e+01,
11230,-8.00e-03,1.84e+01,
11231,-8.00e-03,1.76e+01,
11232,-8.00e-03,1.76e+01,
11233,-1.60e-02,1.76e+01,
11234,-8.00e-03,1.84e+01,
11235,-8.00e-03,1.76e+01,
11236,-8.00e-03,1.76e+01,
11237,-1.60e-02,1.76e+01,
11238,-8.00e-03,1.76e+01,
11239,-8.00e-03,1.76e+01,
11240,-8.00e-03,1.76e+01,
11241,-8.00e-03,1.76e+01,
11242,-8.00e-03,1.76e+01,
11243,-8.00e-03,1.76e+01,
11244,-8.00e-03,1.76e+01,
11245,-1.60e-02,1.76e+01,
11246,-8.00e-03,1.76e+01,
11247,-8.00e-03,1.76e+01,
11248,-8.00e-03,1.76e+01,
11249,-8.00e-03,1.76e+01,
11250,-8.00e-03,1.76e+01,
11251,-8.00e-03,1.76e+01,
11252,-8.00e-03,1.76e+01,
11253,-1.60e-02,1.76e+01,
11254,-8.00e-03,1.76e+01,
11255,-8.00e-03,1.76e+01,
11256,-8.00e-03,1.76e+01,
11257,-1.60e-02,1.76e+01,
11258,-1.60e-02,1.76e+01,
11259,-8.00e-03,1.76e+01,
11260,-1.60e-02,1.76e+01,
11261,-1.60e-02,1.76e+01,
11262,-8.00e-03,1.76e+01,
11263,-8.00e-03,1.76e+01,
11264,-8.00e-03,1.76e+01,
11265,-1.60e-02,1.68e+01,
11266,-8.00e-03,1.76e+01,
11267,-8.00e-03,1.76e+01,
11268,-8.00e-03,1.68e+01,
11269,-1.60e-02,1.76e+01,
11270,-8.00e-03,1.76e+01,
11271,-8.00e-03,1.68e+01,
11272,-8.00e-03,1.68e+01,
11273,-1.60e-02,1.68e+01,
11274,-8.00e-03,1.76e+01,
11275,-1.60e-02,1.68e+01,
11276,-8.00e-03,1.68e+01,
11277,-1.60e-02,1.68e+01,
11278,-8.00e-03,1.68e+01,
11279,-8.00e-03,1.68e+01,
11280,-8.00e-03,1.68e+01,
11281,-8.00e-03,1.68e+01,
11282,-8.00e-03,1.76e+01,
11283,-8.00e-03,1.68e+01,
11284,-1.60e-02,1.68e+01,
11285,-1.60e-02,1.68e+01,
11286,-8.00e-03,1.68e+01,
11287,-8.00e-03,1.68e+01,
11288,-8.00e-03,1.68e+01,
11289,-1.60e-02,1.68e+01,
11290,-8.00e-03,1.68e+01,
11291,-8.00e-03,1.68e+01,
11292,-8.00e-03,1.68e+01,
11293,-1.60e-02,1.68e+01,
11294,-8.00e-03,1.68e+01,
11295,-8.00e-03,1.68e+01,
11296,-1.60e-02,1.68e+01,
11297,-1.60e-02,1.68e+01,
11298,-8.00e-03,1.68e+01,
11299,-8.00e-03,1.68e+01,
11300,-8.00e-03,1.68e+01,
11301,-1.60e-02,1.68e+01,
11302,-8.00e-03,1.68e+01,
11303,-8.00e-03,1.68e+01,
11304,-1.60e-02,1.68e+01,
11305,-8.00e-03,1.68e+01,
11306,-8.00e-03,1.68e+01,
11307,-8.00e-03,1.68e+01,
11308,-8.00e-03,1.68e+01,
11309,-1.60e-02,1.68e+01,
11310,-8.00e-03,1.68e+01,
11311,-8.00e-03,1.68e+01,
11312,-8.00e-03,1.68e+01,
11313,-8.00e-03,1.68e+01,
11314,-8.00e-03,1.68e+01,
11315,-8.00e-03,1.68e+01,
11316,-8.00e-03,1.68e+01,
11317,-1.60e-02,1.68e+01,
11318,-8.00e-03,1.68e+01,
11319,-8.00e-03,1.68e+01,
11320,-8.00e-03,1.60e+01,
11321,-1.60e-02,1.60e+01,
11322,-8.00e-03,1.68e+01,
11323,-8.00e-03,1.60e+01,
11324,-8.00e-03,1.60e+01,
11325,-1.60e-02,1.60e+01,
11326,-8.00e-03,1.68e+01,
11327,-8.00e-03,1.68e+01,
11328,-8.00e-03,1.60e+01,
11329,-1.60e-02,1.60e+01,
11330,-8.00e-03,1.68e+01,
11331,-8.00e-03,1.60e+01,
11332,-8.00e-03,1.60e+01,
11333,-1.60e-02,1.60e+01,
11334,-8.00e-03,1.68e+01,
11335,-8.00e-03,1.60e+01,
11336,-8.00e-03,1.60e+01,
11337,-1.60e-02,1.60e+01,
11338,-8.00e-03,1.68e+01,
11339,-8.00e-03,1.60e+01,
11340,-8.00e-03,1.60e+01,
11341,-8.00e-03,1.60e+01,
11342,-8.00e-03,1.60e+01,
11343,-8.00e-03,1.60e+01,
11344,-8.00e-03,1.60e+01,
11345,-8.00e-03,1.60e+01,
11346,-1.60e-02,1.60e+01,
11347,-8.00e-03,1.60e+01,
11348,-8.00e-03,1.60e+01,
11349,-1.60e-02,1.60e+01,
11350,-8.00e-03,1.60e+01,
11351,-8.00e-03,1.60e+01,
11352,-8.00e-03,1.60e+01,
11353,-1.60e-02,1.60e+01,
11354,-8.00e-03,1.60e+01,
11355,-8.00e-03,1.60e+01,
11356,-8.00e-03,1.60e+01,
11357,-8.00e-03,1.60e+01,
11358,-8.00e-03,1.60e+01,
11359,-8.00e-03,1.60e+01,
11360,-8.00e-03,1.60e+01,
11361,-8.00e-03,1.60e+01,
11362,-8.00e-03,1.60e+01,
11363,-8.00e-03,1.60e+01,
11364,-8.00e-03,1.60e+01,
11365,-1.60e-02,1.60e+01,
11366,-8.00e-03,1.60e+01,
11367,-8.00e-03,1.60e+01,
11368,-8.00e-03,1.60e+01,
11369,-1.60e-02,1.52e+01,
11370,-8.00e-03,1.68e+01,
11371,-8.00e-03,1.60e+01,
11372,-1.60e-02,1.60e+01,
11373,-8.00e-03,1.60e+01,
11374,-8.00e-03,1.60e+01,
11375,-8.00e-03,1.60e+01,
11376,-8.00e-03,1.60e+01,
11377,-1.60e-02,1.60e+01,
11378,-8.00e-03,1.60e+01,
11379,-8.00e-03,1.60e+01,
11380,-8.00e-03,1.60e+01,
11381,-1.60e-02,1.60e+01,
11382,-8.00e-03,1.60e+01,
11383,-8.00e-03,1.60e+01,
11384,-8.00e-03,1.60e+01,
11385,-8.00e-03,1.60e+01,
11386,-1.60e-02,1.60e+01,
11387,-8.00e-03,1.60e+01,
11388,-8.00e-03,1.60e+01,
11389,-1.60e-02,1.60e+01,
11390,-8.00e-03,1.60e+01,
11391,-8.00e-03,1.60e+01,
11392,-1.60e-02,1.60e+01,
11393,-1.60e-02,1.60e+01,
11394,-8.00e-03,1.60e+01,
11395,-8.00e-03,1.60e+01,
11396,-8.00e-03,1.60e+01,
11397,-1.60e-02,1.60e+01,
11398,-8.00e-03,1.60e+01,
11399,-8.00e-03,1.60e+01,
11400,-8.00e-03,1.60e+01,
11401,-1.60e-02,1.60e+01,
11402,-8.00e-03,1.60e+01,
11403,-8.00e-03,1.60e+01,
11404,-8.00e-03,1.60e+01,
11405,-1.60e-02,1.60e+01,
11406,-8.00e-03,1.60e+01,
11407,-8.00e-03,1.60e+01,
11408,-1.60e-02,1.60e+01,
11409,-1.60e-02,1.60e+01,
11410,-8.00e-03,1.60e+01,
11411,-8.00e-03,1.60e+01,
11412,-8.00e-03,1.60e+01,
11413,-1.60e-02,1.60e+01,
11414,-8.00e-03,1.60e+01,
11415,-8.00e-03,1.60e+01,
11416,-8.00e-03,1.60e+01,
11417,-1.60e-02,1.60e+01,
11418,-8.00e-03,1.60e+01,
11419,-8.00e-03,1.60e+01,
11420,-8.00e-03,1.60e+01,
11421,-1.60e-02,1.60e+01,
11422,-8.00e-03,1.60e+01,
11423,-8.00e-03,1.60e+01,
11424,-1.60e-02,1.60e+01,
11425,-8.00e-03,1.60e+01,
11426,-1.60e-02,1.60e+01,
11427,-8.00e-03,1.60e+01,
11428,-8.00e-03,1.60e+01,
11429,-1.60e-02,1.60e+01,
11430,-8.00e-03,1.60e+01,
11431,-8.00e-03,1.60e+01,
11432,-8.00e-03,1.60e+01,
11433,-1.60e-02,1.60e+01,
11434,-8.00e-03,1.60e+01,
11435,-1.60e-02,1.60e+01,
11436,-8.00e-03,1.60e+01,
11437,-1.60e-02,1.60e+01,
11438,-8.00e-03,1.60e+01,
11439,-8.00e-03,1.60e+01,
11440,-8.00e-03,1.60e+01,
11441,-8.00e-03,1.60e+01,
11442,-8.00e-03,1.60e+01,
11443,-8.00e-03,1.60e+01,
11444,-8.00e-03,1.60e+01,
11445,-1.60e-02,1.60e+01,
11446,-8.00e-03,1.60e+01,
11447,-8.00e-03,1.60e+01,
11448,-8.00e-03,1.60e+01,
11449,-1.60e-02,1.60e+01,
11450,-8.00e-03,1.60e+01,
11451,0.00e+00,1.60e+01,
11452,2.40e-02,1.60e+01,
11453,1.60e-02,1.60e+01,
11454,3.20e-02,1.60e+01,
11455,4.00e-02,1.60e+01,
11456,4.80e-02,1.60e+01,
11457,3.20e-02,1.60e+01,
11458,3.20e-02,1.60e+01,
11459,2.40e-02,1.60e+01,
11460,2.40e-02,1.60e+01,
11461,2.40e-02,1.60e+01,
11462,2.40e-02,1.60e+01,
11463,2.40e-02,1.60e+01,
11464,2.40e-02,1.60e+01,
11465,2.40e-02,1.60e+01,
11466,2.40e-02,1.68e+01,
11467,3.20e-02,1.68e+01,
11468,3.20e-02,1.60e+01,
11469,3.20e-02,1.60e+01,
11470,3.20e-02,1.68e+01,
11471,3.20e-02,1.60e+01,
11472,3.20e-02,1.60e+01,
11473,3.20e-02,1.60e+01,
11474,3.20e-02,1.68e+01,
11475,3.20e-02,1.68e+01,
11476,1.60e-02,1.60e+01,
11477,-8.00e-03,1.68e+01,
11478,0.00e+00,1.68e+01,
11479,1.60e-02,1.68e+01,
11480,3.20e-02,1.60e+01,
11481,8.80e-02,1.52e+01,
11482,1.60e-01,1.28e+01,
11483,1.84e-01,1.12e+01,
11484,1.84e-01,8.80e+00,
11485,1.68e-01,7.20e+00,
11486,1.44e-01,6.40e+00,
11487,1.20e-01,5.60e+00,
11488,7.20e-02,4.80e+00,
11489,4.00e-02,4.80e+00,
11490,1.60e-02,4.80e+00,
11491,-1.60e-02,4.00e+00,
11492,-2.40e-02,3.20e+00,
11493,-2.40e-02,3.20e+00,
11494,0.00e+00,3.20e+00,
11495,2.40e-02,3.20e+00,
11496,4.80e-02,1.60e+00,
11497,6.40e-02,1.60e+00,
11498,8.00e-02,1.60e+00,
11499,8.80e-02,1.60e+00,
11500,8.80e-02,8.00e-01,
11501,7.20e-02,8.00e-01,
11502,6.40e-02,8.00e-01,
11503,4.00e-02,8.00e-01,
11504,2.40e-02,-1.06e-04,
11505,-8.00e-03,-1.06e-04,
11506,-1.60e-02,-1.06e-04,
11507,-2.40e-02,-1.06e-04,
11508,-2.40e-02,-8.00e-01,
11509,-1.60e-02,-8.00e-01,
11510,0.00e+00,-1.06e-04,
11511,2.40e-02,-8.00e-01,
11512,4.00e-02,-8.00e-01,
11513,4.80e-02,-8.00e-01,
11514,4.80e-02,-1.06e-04,
11515,4.80e-02,-8.00e-01,
11516,4.00e-02,-8.00e-01,
11517,3.20e-02,-8.00e-01,
11518,1.60e-02,-8.00e-01,
11519,-8.00e-03,-8.00e-01,
11520,-2.40e-02,-8.00e-01,
11521,-3.20e-02,-8.00e-01,
11522,-3.20e-02,-1.06e-04,
11523,-2.40e-02,-8.00e-01,
11524,-1.60e-02,-8.00e-01,
11525,0.00e+00,-8.00e-01,
11526,2.40e-02,-1.06e-04,
11527,3.20e-02,-1.06e-04,
11528,4.00e-02,-8.00e-01,
11529,4.00e-02,-8.00e-01,
11530,4.00e-02,-1.06e-04,
11531,3.20e-02,-8.00e-01,
11532,2.40e-02,-8.00e-01,
11533,0.00e+00,-8.00e-01,
11534,-8.00e-03,-1.06e-04,
11535,-1.60e-02,-8.00e-01,
11536,-2.40e-02,-8.00e-01,
11537,-2.40e-02,-8.00e-01,
11538,-1.60e-02,-8.00e-01,
11539,-8.00e-03,-8.00e-01,
11540,0.00e+00,-8.00e-01,
11541,2.40e-02,-8.00e-01,
11542,3.20e-02,-1.06e-04,
11543,4.00e-02,-8.00e-01,
11544,3.20e-02,-8.00e-01,
11545,3.20e-02,-8.00e-01,
11546,2.40e-02,-1.06e-04,
11547,1.60e-02,-8.00e-01,
11548,0.00e+00,-8.00e-01,
11549,-8.00e-03,-8.00e-01,
11550,-1.60e-02,-1.06e-04,
11551,-1.60e-02,-8.00e-01,
11552,-1.60e-02,-8.00e-01,
11553,-1.60e-02,-8.00e-01,
11554,0.00e+00,-1.06e-04,
11555,1.60e-02,-8.00e-01,
11556,2.40e-02,-8.00e-01,
11557,2.40e-02,-8.00e-01,
11558,3.20e-02,-1.06e-04,
11559,3.20e-02,-8.00e-01,
11560,3.20e-02,-8.00e-01,
11561,2.40e-02,-8.00e-01,
11562,1.60e-02,-1.06e-04,
11563,0.00e+00,-8.00e-01,
11564,-8.00e-03,-8.00e-01,
11565,-1.60e-02,-8.00e-01,
11566,-8.00e-03,-8.00e-01,
11567,-8.00e-03,-8.00e-01,
11568,-8.00e-03,-1.06e-04,
11569,0.00e+00,-1.60e+00,
11570,1.60e-02,-1.06e-04,
11571,2.40e-02,-8.00e-01,
11572,2.40e-02,-8.00e-01,
11573,3.20e-02,-1.06e-04,
11574,3.20e-02,-8.00e-01,
11575,2.40e-02,-1.06e-04,
11576,2.40e-02,-8.00e-01,
11577,1.60e-02,-8.00e-01,
11578,0.00e+00,-1.06e-04,
11579,0.00e+00,-8.00e-01,
11580,-8.00e-03,-8.00e-01,
11581,-8.00e-03,-8.00e-01,
11582,-8.00e-03,-1.06e-04,
11583,0.00e+00,-8.00e-01,
11584,1.60e-02,-8.00e-01,
11585,1.60e-02,-8.00e-01,
11586,2.40e-02,-1.06e-04,
11587,2.40e-02,-1.06e-04,
11588,2.40e-02,-8.00e-01,
11589,2.40e-02,-8.00e-01,
11590,2.40e-02,-1.06e-04,
11591,1.60e-02,-8.00e-01,
11592,0.00e+00,-8.00e-01,
11593,0.00e+00,-8.00e-01,
11594,0.00e+00,-1.06e-04,
11595,0.00e+00,-8.00e-01,
11596,-8.00e-03,-8.00e-01,
11597,0.00e+00,-8.00e-01,
11598,0.00e+00,-1.06e-04,
11599,1.60e-02,-8.00e-01,
11600,1.60e-02,-8.00e-01,
11601,2.40e-02,-8.00e-01,
11602,2.40e-02,-1.06e-04,
11603,2.40e-02,-8.00e-01,
11604,2.40e-02,-8.00e-01,
11605,1.60e-02,-8.00e-01,
11606,1.60e-02,-1.06e-04,
11607,1.60e-02,-8.00e-01,
11608,0.00e+00,-8.00e-01,
11609,0.00e+00,-8.00e-01,
11610,0.00e+00,-1.06e-04,
11611,0.00e+00,-8.00e-01,
11612,0.00e+00,-8.00e-01,
11613,1.60e-02,-8.00e-01,
11614,1.60e-02,-1.06e-04,
11615,1.60e-02,-8.00e-01,
11616,2.40e-02,-8.00e-01,
11617,2.40e-02,-8.00e-01,
11618,2.40e-02,-1.06e-04,
11619,2.40e-02,-8.00e-01,
11620,1.60e-02,-8.00e-01,
11621,1.60e-02,-8.00e-01,
11622,1.60e-02,-1.06e-04,
11623,0.00e+00,-8.00e-01,
11624,0.00e+00,-8.00e-01,
11625,0.00e+00,-8.00e-01,
11626,0.00e+00,-1.06e-04,
11627,1.60e-02,-8.00e-01,
11628,1.60e-02,-8.00e-01,
11629,1.60e-02,-8.00e-01,
11630,2.40e-02,-1.06e-04,
11631,2.40e-02,-8.00e-01,
11632,2.40e-02,-8.00e-01,
11633,2.40e-02,-8.00e-01,
11634,2.40e-02,-1.06e-04,
11635,2.40e-02,-8.00e-01,
11636,1.60e-02,-8.00e-01,
11637,1.60e-02,-8.00e-01,
11638,1.60e-02,-1.06e-04,
11639,0.00e+00,-8.00e-01,
11640,0.00e+00,-8.00e-01,
11641,0.00e+00,-8.00e-01,
11642,1.60e-02,-1.06e-04,
11643,1.60e-02,-8.00e-01,
11644,1.60e-02,-8.00e-01,
11645,1.60e-02,-8.00e-01,
11646,2.40e-02,-1.06e-04,
11647,2.40e-02,-1.06e-04,
11648,2.40e-02,-8.00e-01,
11649,1.60e-02,-8.00e-01,
11650,1.60e-02,-1.06e-04,
11651,1.60e-02,-8.00e-01,
11652,1.60e-02,-8.00e-01,
11653,0.00e+00,-8.00e-01,
11654,1.60e-02,-1.06e-04,
11655,1.60e-02,-8.00e-01,
11656,1.60e-02,-8.00e-01,
11657,1.60e-02,-8.00e-01,
11658,1.60e-02,-1.06e-04,
11659,2.40e-02,-8.00e-01,
11660,2.40e-02,-8.00e-01,
11661,2.40e-02,-8.00e-01,
11662,2.40e-02,-1.06e-04,
11663,2.40e-02,-8.00e-01,
11664,1.60e-02,-8.00e-01,
11665,1.60e-02,-8.00e-01,
11666,1.60e-02,-1.06e-04,
11667,1.60e-02,-8.00e-01,
11668,1.60e-02,-8.00e-01,
11669,1.60e-02,-8.00e-01,
11670,1.60e-02,-1.06e-04,
11671,1.60e-02,-8.00e-01,
11672,1.60e-02,-8.00e-01,
11673,1.60e-02,-8.00e-01,
11674,2.40e-02,-1.06e-04,
11675,2.40e-02,-8.00e-01,
11676,2.40e-02,-8.00e-01,
11677,2.40e-02,-8.00e-01,
11678,2.40e-02,-1.06e-04,
11679,2.40e-02,-8.00e-01,
11680,1.60e-02,-8.00e-01,
11681,1.60e-02,-8.00e-01,
11682,1.60e-02,-1.06e-04,
11683,1.60e-02,-8.00e-01,
11684,1.60e-02,-8.00e-01,
11685,1.60e-02,-8.00e-01,
11686,1.60e-02,-1.06e-04,
11687,1.60e-02,-8.00e-01,
11688,2.40e-02,-8.00e-01,
11689,1.60e-02,-8.00e-01,
11690,2.40e-02,-1.06e-04,
11691,2.40e-02,-8.00e-01,
11692,2.40e-02,-8.00e-01,
11693,1.60e-02,-8.00e-01,
11694,2.40e-02,-1.06e-04,
11695,1.60e-02,-8.00e-01,
11696,1.60e-02,-8.00e-01,
11697,1.60e-02,-8.00e-01,
11698,1.60e-02,-1.06e-04,
11699,2.40e-02,-8.00e-01,
11700,1.60e-02,-8.00e-01,
11701,1.60e-02,-8.00e-01,
11702,2.40e-02,-1.06e-04,
11703,2.40e-02,-8.00e-01,
11704,2.40e-02,-8.00e-01,
11705,2.40e-02,-8.00e-01,
11706,2.40e-02,-1.06e-04,
11707,2.40e-02,-1.06e-04,
11708,2.40e-02,-8.00e-01,
11709,2.40e-02,-8.00e-01,
11710,2.40e-02,-1.06e-04,
11711,2.40e-02,-8.00e-01,
11712,1.60e-02,-8.00e-01,
11713,1.60e-02,-8.00e-01,
11714,2.40e-02,-1.06e-04,
11715,2.40e-02,-8.00e-01,
11716,2.40e-02,-8.00e-01,
11717,2.40e-02,-8.00e-01,
11718,2.40e-02,-1.06e-04,
11719,2.40e-02,-8.00e-01,
11720,2.40e-02,-8.00e-01,
11721,2.40e-02,-8.00e-01,
11722,2.40e-02,-1.06e-04,
11723,2.40e-02,-8.00e-01,
11724,2.40e-02,-8.00e-01,
11725,2.40e-02,-8.00e-01,
11726,2.40e-02,-1.06e-04,
11727,2.40e-02,-1.06e-04,
11728,2.40e-02,-8.00e-01,
11729,2.40e-02,-8.00e-01,
11730,2.40e-02,-1.06e-04,
11731,2.40e-02,-8.00e-01,
11732,2.40e-02,-8.00e-01,
11733,2.40e-02,-8.00e-01,
11734,2.40e-02,-1.06e-04,
11735,2.40e-02,-8.00e-01,
11736,2.40e-02,-8.00e-01,
11737,2.40e-02,-8.00e-01,
11738,2.40e-02,-1.06e-04,
11739,2.40e-02,-8.00e-01,
11740,2.40e-02,-8.00e-01,
11741,2.40e-02,-8.00e-01,
11742,2.40e-02,-1.06e-04,
11743,2.40e-02,-8.00e-01,
11744,2.40e-02,-8.00e-01,
11745,2.40e-02,-8.00e-01,
11746,2.40e-02,-8.00e-01,
11747,2.40e-02,-1.06e-04,
11748,2.40e-02,-8.00e-01,
11749,2.40e-02,-8.00e-01,
11750,2.40e-02,-1.06e-04,
11751,2.40e-02,-8.00e-01,
11752,2.40e-02,-8.00e-01,
11753,2.40e-02,-8.00e-01,
11754,2.40e-02,-1.06e-04,
11755,2.40e-02,-8.00e-01,
11756,2.40e-02,-8.00e-01,
11757,2.40e-02,-8.00e-01,
11758,2.40e-02,-1.06e-04,
11759,2.40e-02,-8.00e-01,
11760,2.40e-02,-8.00e-01,
11761,2.40e-02,-8.00e-01,
11762,2.40e-02,-1.06e-04,
11763,3.20e-02,-8.00e-01,
11764,2.40e-02,-8.00e-01,
11765,2.40e-02,-8.00e-01,
11766,3.20e-02,-8.00e-01,
11767,2.40e-02,-8.00e-01,
11768,2.40e-02,-1.06e-04,
11769,2.40e-02,-8.00e-01,
11770,2.40e-02,-1.06e-04,
11771,2.40e-02,-8.00e-01,
11772,2.40e-02,-8.00e-01,
11773,2.40e-02,-1.06e-04,
11774,3.20e-02,-8.00e-01,
11775,3.20e-02,-8.00e-01,
11776,3.20e-02,-8.00e-01,
11777,2.40e-02,-8.00e-01,
11778,3.20e-02,-1.06e-04,
11779,3.20e-02,-8.00e-01,
11780,2.40e-02,-8.00e-01,
11781,2.40e-02,-8.00e-01,
11782,3.20e-02,-1.06e-04,
11783,3.20e-02,-8.00e-01,
11784,2.40e-02,-8.00e-01,
11785,2.40e-02,-8.00e-01,
11786,3.20e-02,-1.06e-04,
11787,3.20e-02,-1.06e-04,
11788,2.40e-02,-8.00e-01,
11789,2.40e-02,-8.00e-01,
11790,3.20e-02,-1.06e-04,
11791,3.20e-02,-8.00e-01,
11792,3.20e-02,-8.00e-01,
11793,2.40e-02,-8.00e-01,
11794,3.20e-02,-1.06e-04,
11795,3.20e-02,-8.00e-01,
11796,3.20e-02,-8.00e-01,
11797,2.40e-02,-8.00e-01,
11798,3.20e-02,-1.06e-04,
11799,3.20e-02,-8.00e-01,
11800,3.20e-02,-8.00e-01,
11801,2.40e-02,-8.00e-01,
11802,3.20e-02,-1.06e-04,
11803,3.20e-02,-8.00e-01,
11804,3.20e-02,-8.00e-01,
11805,3.20e-02,-8.00e-01,
11806,3.20e-02,-1.06e-04,
11807,3.20e-02,-8.00e-01,
11808,3.20e-02,-8.00e-01,
11809,3.20e-02,-8.00e-01,
11810,3.20e-02,-1.06e-04,
11811,3.20e-02,-8.00e-01,
11812,3.20e-02,-8.00e-01,
11813,2.40e-02,-8.00e-01,
11814,3.20e-02,-1.06e-04,
11815,3.20e-02,-8.00e-01,
11816,3.20e-02,-8.00e-01,
11817,3.20e-02,-8.00e-01,
11818,3.20e-02,-1.06e-04,
11819,3.20e-02,-8.00e-01,
11820,3.20e-02,-8.00e-01,
11821,3.20e-02,-8.00e-01,
11822,3.20e-02,-1.06e-04,
11823,3.20e-02,-8.00e-01,
11824,3.20e-02,-8.00e-01,
11825,3.20e-02,-8.00e-01,
11826,3.20e-02,-1.06e-04,
11827,3.20e-02,-1.06e-04,
11828,3.20e-02,-8.00e-01,
11829,3.20e-02,-8.00e-01,
11830,3.20e-02,-1.06e-04,
11831,3.20e-02,-8.00e-01,
11832,3.20e-02,-8.00e-01,
11833,3.20e-02,-8.00e-01,
11834,3.20e-02,-1.06e-04,
11835,3.20e-02,-8.00e-01,
11836,3.20e-02,-8.00e-01,
11837,3.20e-02,-8.00e-01,
11838,4.00e-02,-1.06e-04,
11839,3.20e-02,-8.00e-01,
11840,3.20e-02,-8.00e-01,
11841,3.20e-02,-8.00e-01,
11842,3.20e-02,-1.06e-04,
11843,3.20e-02,-8.00e-01,
11844,3.20e-02,-8.00e-01,
11845,3.20e-02,-8.00e-01,
11846,3.20e-02,-1.06e-04,
11847,3.20e-02,-1.06e-04,
11848,3.20e-02,-8.00e-01,
11849,3.20e-02,-8.00e-01,
11850,3.20e-02,-1.06e-04,
11851,3.20e-02,-8.00e-01,
11852,3.20e-02,-8.00e-01,
11853,3.20e-02,-8.00e-01,
11854,3.20e-02,-1.06e-04,
11855,3.20e-02,-8.00e-01,
11856,3.20e-02,-8.00e-01,
11857,3.20e-02,-8.00e-01,
11858,4.00e-02,-1.06e-04,
11859,3.20e-02,-8.00e-01,
11860,3.20e-02,-8.00e-01,
11861,3.20e-02,-8.00e-01,
11862,3.20e-02,-1.06e-04,
11863,3.20e-02,-8.00e-01,
11864,3.20e-02,-8.00e-01,
11865,3.20e-02,-8.00e-01,
11866,3.20e-02,-1.06e-04,
11867,3.20e-02,-1.06e-04,
11868,4.00e-02,-8.00e-01,
11869,3.20e-02,-8.00e-01,
11870,3.20e-02,-1.06e-04,
11871,4.00e-02,-8.00e-01,
11872,3.20e-02,-8.00e-01,
11873,3.20e-02,-8.00e-01,
11874,4.00e-02,-1.06e-04,
11875,4.00e-02,-8.00e-01,
11876,3.20e-02,-8.00e-01,
11877,3.20e-02,-8.00e-01,
11878,4.00e-02,-1.06e-04,
11879,4.00e-02,-8.00e-01,
11880,4.00e-02,-8.00e-01,
11881,4.00e-02,-8.00e-01,
11882,4.00e-02,-1.06e-04,
11883,4.00e-02,-8.00e-01,
11884,3.20e-02,-8.00e-01,
11885,3.20e-02,-8.00e-01,
11886,4.00e-02,-1.06e-04,
11887,4.00e-02,-1.06e-04,
11888,4.00e-02,-8.00e-01,
11889,3.20e-02,-1.06e-04,
11890,4.00e-02,-1.06e-04,
11891,4.00e-02,-8.00e-01,
11892,4.00e-02,-8.00e-01,
11893,3.20e-02,-8.00e-01,
11894,4.00e-02,-1.06e-04,
11895,4.00e-02,-8.00e-01,
11896,4.00e-02,-8.00e-01,
11897,4.00e-02,-8.00e-01,
11898,4.00e-02,-1.06e-04,
11899,4.00e-02,-8.00e-01,
11900,4.00e-02,-8.00e-01,
11901,4.00e-02,-8.00e-01,
11902,4.00e-02,-1.06e-04,
11903,4.00e-02,-8.00e-01,
11904,4.00e-02,-8.00e-01,
11905,4.00e-02,-8.00e-01,
11906,4.00e-02,-1.06e-04,
11907,4.00e-02,-1.06e-04,
11908,4.00e-02,-8.00e-01,
11909,4.00e-02,-8.00e-01,
11910,4.00e-02,-1.06e-04,
11911,4.00e-02,-8.00e-01,
11912,4.00e-02,-8.00e-01,
11913,4.00e-02,-8.00e-01,
11914,4.00e-02,-1.06e-04,
11915,4.00e-02,-8.00e-01,
11916,4.00e-02,-8.00e-01,
11917,4.00e-02,-8.00e-01,
11918,4.00e-02,-1.06e-04,
11919,4.00e-02,-8.00e-01,
11920,4.00e-02,-8.00e-01,
11921,4.00e-02,-8.00e-01,
11922,4.00e-02,-1.06e-04,
11923,4.00e-02,-8.00e-01,
11924,4.00e-02,-8.00e-01,
11925,4.00e-02,-1.06e-04,
11926,4.00e-02,-1.06e-04,
11927,4.00e-02,-1.06e-04,
11928,4.00e-02,-8.00e-01,
11929,4.00e-02,-8.00e-01,
11930,4.00e-02,-1.06e-04,
11931,4.00e-02,-8.00e-01,
11932,4.00e-02,-8.00e-01,
11933,4.00e-02,-8.00e-01,
11934,4.00e-02,-1.06e-04,
11935,4.00e-02,-1.06e-04,
11936,4.00e-02,-8.00e-01,
11937,4.00e-02,-1.06e-04,
11938,4.00e-02,-1.06e-04,
11939,4.00e-02,-1.06e-04,
11940,4.00e-02,-8.00e-01,
11941,4.00e-02,-8.00e-01,
11942,4.00e-02,-1.06e-04,
11943,4.80e-02,-8.00e-01,
11944,4.00e-02,-8.00e-01,
11945,4.00e-02,-1.06e-04,
11946,4.00e-02,-1.06e-04,
11947,4.00e-02,-1.06e-04,
11948,4.00e-02,-8.00e-01,
11949,4.00e-02,-8.00e-01,
11950,4.00e-02,-1.06e-04,
11951,4.00e-02,-8.00e-01,
11952,4.80e-02,-8.00e-01,
11953,4.00e-02,-8.00e-01,
11954,4.00e-02,-1.06e-04,
11955,4.80e-02,-1.06e-04,
11956,4.00e-02,-8.00e-01,
11957,4.00e-02,-1.06e-04,
11958,4.80e-02,-1.06e-04,
11959,4.00e-02,-8.00e-01,
11960,4.80e-02,-8.00e-01,
11961,4.00e-02,-8.00e-01,
11962,4.80e-02,-1.06e-04,
11963,4.80e-02,-1.06e-04,
11964,4.80e-02,-8.00e-01,
11965,4.80e-02,-8.00e-01,
11966,4.80e-02,-1.06e-04,
11967,4.80e-02,-8.00e-01,
11968,4.00e-02,-1.06e-04,
11969,4.00e-02,-8.00e-01,
11970,4.80e-02,-1.06e-04,
11971,4.80e-02,-8.00e-01,
11972,4.80e-02,-8.00e-01,
11973,4.00e-02,-1.06e-04,
11974,4.80e-02,-8.00e-01,
11975,4.80e-02,-1.06e-04,
11976,4.80e-02,-8.00e-01,
11977,4.00e-02,-8.00e-01,
11978,4.80e-02,-1.06e-04,
11979,4.80e-02,-8.00e-01,
11980,4.80e-02,-8.00e-01,
11981,4.80e-02,-8.00e-01,
11982,4.80e-02,-1.06e-04,
11983,4.80e-02,-1.06e-04,
11984,4.80e-02,-8.00e-01,
11985,4.80e-02,-8.00e-01,
11986,4.80e-02,-1.06e-04,
11987,4.80e-02,-1.06e-04,
11988,4.80e-02,-8.00e-01,
11989,4.80e-02,-8.00e-01,
11990,4.80e-02,-1.06e-04,
11991,4.80e-02,-8.00e-01,
11992,4.80e-02,-8.00e-01,
11993,4.00e-02,-8.00e-01,
11994,4.80e-02,-1.06e-04,
11995,4.80e-02,-8.00e-01,
11996,4.80e-02,-8.00e-01,
11997,4.80e-02,-8.00e-01,
11998,4.80e-02,-1.06e-04,
11999,4.80e-02,-8.00e-01,
12000,4.80e-02,-8.00e-01,
12001,4.80e-02,-8.00e-01,
12002,4.80e-02,-1.06e-04,
12003,4.80e-02,-1.06e-04,
12004,4.80e-02,-8.00e-01,
12005,4.80e-02,-1.06e-04,
12006,4.80e-02,-1.06e-04,
12007,4.80e-02,-8.00e-01,
12008,4.80e-02,-8.00e-01,
12009,4.80e-02,-8.00e-01,
12010,4.80e-02,-1.06e-04,
12011,4.80e-02,-8.00e-01,
12012,4.80e-02,-8.00e-01,
12013,4.80e-02,-8.00e-01,
12014,4.80e-02,-1.06e-04,
12015,4.80e-02,-8.00e-01,
12016,4.80e-02,-8.00e-01,
12017,4.80e-02,-1.06e-04,
12018,4.80e-02,-1.06e-04,
12019,4.80e-02,-8.00e-01,
12020,4.80e-02,-8.00e-01,
12021,4.80e-02,-8.00e-01,
12022,4.80e-02,-1.06e-04,
12023,4.80e-02,-8.00e-01,
12024,4.80e-02,-8.00e-01,
12025,4.80e-02,-8.00e-01,
12026,4.80e-02,-1.06e-04,
12027,4.80e-02,-1.06e-04,
12028,4.80e-02,-8.00e-01,
12029,4.80e-02,-1.06e-04,
12030,4.80e-02,-1.06e-04,
12031,4.80e-02,-8.00e-01,
12032,4.80e-02,-8.00e-01,
12033,4.80e-02,-8.00e-01,
12034,5.60e-02,-1.06e-04,
12035,4.80e-02,-8.00e-01,
12036,5.60e-02,-8.00e-01,
12037,4.80e-02,-8.00e-01,
12038,4.80e-02,-1.06e-04,
12039,5.60e-02,-8.00e-01,
12040,4.80e-02,-8.00e-01,
12041,4.80e-02,-8.00e-01,
12042,4.80e-02,-1.06e-04,
12043,5.60e-02,-1.06e-04,
12044,4.80e-02,-8.00e-01,
12045,4.80e-02,-8.00e-01,
12046,4.80e-02,-1.06e-04,
12047,5.60e-02,-8.00e-01,
12048,4.80e-02,-8.00e-01,
12049,4.80e-02,-8.00e-01,
12050,4.80e-02,-1.06e-04,
12051,5.60e-02,-8.00e-01,
12052,5.60e-02,-8.00e-01,
12053,4.80e-02,-8.00e-01,
12054,5.60e-02,-1.06e-04,
12055,5.60e-02,-1.06e-04,
12056,5.60e-02,-8.00e-01,
12057,4.80e-02,-8.00e-01,
12058,5.60e-02,-1.06e-04,
12059,5.60e-02,-8.00e-01,
12060,5.60e-02,-8.00e-01,
12061,4.80e-02,-8.00e-01,
12062,5.60e-02,-1.06e-04,
12063,4.80e-02,-8.00e-01,
12064,5.60e-02,-8.00e-01,
12065,4.80e-02,-8.00e-01,
12066,5.60e-02,-1.06e-04,
12067,5.60e-02,-1.06e-04,
12068,5.60e-02,-8.00e-01,
12069,5.60e-02,-8.00e-01,
12070,5.60e-02,-1.06e-04,
12071,5.60e-02,-8.00e-01,
12072,5.60e-02,-8.00e-01,
12073,5.60e-02,-8.00e-01,
12074,5.60e-02,-1.06e-04,
12075,5.60e-02,-8.00e-01,
12076,5.60e-02,-8.00e-01,
12077,5.60e-02,-8.00e-01,
12078,5.60e-02,-1.06e-04,
12079,5.60e-02,-8.00e-01,
12080,5.60e-02,-8.00e-01,
12081,5.60e-02,-8.00e-01,
12082,5.60e-02,-1.06e-04,
12083,5.60e-02,-8.00e-01,
12084,5.60e-02,-8.00e-01,
12085,5.60e-02,-8.00e-01,
12086,5.60e-02,-1.06e-04,
12087,5.60e-02,-1.06e-04,
12088,5.60e-02,-8.00e-01,
12089,5.60e-02,-1.06e-04,
12090,5.60e-02,-1.06e-04,
12091,5.60e-02,-8.00e-01,
12092,5.60e-02,-8.00e-01,
12093,5.60e-02,-8.00e-01,
12094,5.60e-02,-1.06e-04,
12095,5.60e-02,-8.00e-01,
12096,5.60e-02,-8.00e-01,
12097,5.60e-02,-8.00e-01,
12098,5.60e-02,-1.06e-04,
12099,5.60e-02,-8.00e-01,
12100,5.60e-02,-8.00e-01,
12101,5.60e-02,-8.00e-01,
12102,5.60e-02,-1.06e-04,
12103,5.60e-02,-8.00e-01,
12104,5.60e-02,-8.00e-01,
12105,5.60e-02,-1.06e-04,
12106,5.60e-02,-1.06e-04,
12107,5.60e-02,-1.06e-04,
12108,5.60e-02,-8.00e-01,
12109,5.60e-02,-1.06e-04,
12110,5.60e-02,-1.06e-04,
12111,5.60e-02,-8.00e-01,
12112,5.60e-02,-8.00e-01,
12113,5.60e-02,-8.00e-01,
12114,5.60e-02,-1.06e-04,
12115,5.60e-02,-8.00e-01,
12116,5.60e-02,-8.00e-01,
12117,5.60e-02,-1.06e-04,
12118,5.60e-02,-1.06e-04,
12119,5.60e-02,-8.00e-01,
12120,5.60e-02,-8.00e-01,
12121,5.60e-02,-8.00e-01,
12122,5.60e-02,-1.06e-04,
12123,5.60e-02,-1.06e-04,
12124,5.60e-02,-8.00e-01,
12125,5.60e-02,-8.00e-01,
12126,5.60e-02,-1.06e-04,
12127,5.60e-02,-1.06e-04,
12128,5.60e-02,-8.00e-01,
12129,5.60e-02,-8.00e-01,
12130,5.60e-02,-1.06e-04,
12131,5.60e-02,-8.00e-01,
12132,5.60e-02,-8.00e-01,
12133,5.60e-02,-8.00e-01,
12134,6.40e-02,-1.06e-04,
12135,5.60e-02,-8.00e-01,
12136,5.60e-02,-8.00e-01,
12137,5.60e-02,-1.06e-04,
12138,5.60e-02,-1.06e-04,
12139,6.40e-02,-8.00e-01,
12140,6.40e-02,-8.00e-01,
12141,5.60e-02,-8.00e-01,
12142,6.40e-02,-1.06e-04,
12143,6.40e-02,-8.00e-01,
12144,6.40e-02,-8.00e-01,
12145,5.60e-02,-1.06e-04,
12146,6.40e-02,-1.06e-04,
12147,6.40e-02,-1.06e-04,
12148,5.60e-02,-8.00e-01,
12149,5.60e-02,-8.00e-01,
12150,6.40e-02,-1.06e-04,
12151,6.40e-02,-8.00e-01,
12152,5.60e-02,-8.00e-01,
12153,5.60e-02,-8.00e-01,
12154,6.40e-02,-1.06e-04,
12155,6.40e-02,-8.00e-01,
12156,6.40e-02,-8.00e-01,
12157,6.40e-02,-1.06e-04,
12158,6.40e-02,-1.06e-04,
12159,6.40e-02,-8.00e-01,
12160,6.40e-02,-8.00e-01,
12161,6.40e-02,-8.00e-01,
12162,6.40e-02,-1.06e-04,
12163,6.40e-02,-8.00e-01,
12164,6.40e-02,-8.00e-01,
12165,6.40e-02,-1.06e-04,
12166,6.40e-02,-1.06e-04,
12167,6.40e-02,-8.00e-01,
12168,6.40e-02,-1.06e-04,
12169,6.40e-02,-8.00e-01,
12170,6.40e-02,-1.06e-04,
12171,6.40e-02,-8.00e-01,
12172,6.40e-02,-8.00e-01,
12173,6.40e-02,-1.06e-04,
12174,6.40e-02,-1.06e-04,
12175,6.40e-02,-1.06e-04,
12176,6.40e-02,-8.00e-01,
12177,6.40e-02,-8.00e-01,
12178,6.40e-02,-1.06e-04,
12179,6.40e-02,-8.00e-01,
12180,6.40e-02,-8.00e-01,
12181,6.40e-02,-8.00e-01,
12182,6.40e-02,-1.06e-04,
12183,6.40e-02,-1.06e-04,
12184,6.40e-02,-8.00e-01,
12185,6.40e-02,-1.06e-04,
12186,6.40e-02,-1.06e-04,
12187,6.40e-02,-1.06e-04,
12188,6.40e-02,-8.00e-01,
12189,6.40e-02,-8.00e-01,
12190,6.40e-02,-1.06e-04,
12191,6.40e-02,-8.00e-01,
12192,6.40e-02,-8.00e-01,
12193,6.40e-02,-8.00e-01,
12194,6.40e-02,-1.06e-04,
12195,6.40e-02,-8.00e-01,
12196,6.40e-02,-8.00e-01,
12197,6.40e-02,-8.00e-01,
12198,6.40e-02,-1.06e-04,
12199,6.40e-02,-8.00e-01,
12200,6.40e-02,-8.00e-01,
12201,6.40e-02,-8.00e-01,
12202,6.40e-02,-1.06e-04,
12203,6.40e-02,-1.06e-04,
12204,6.40e-02,-8.00e-01,
12205,6.40e-02,-8.00e-01,
12206,6.40e-02,-1.06e-04,
12207,6.40e-02,-1.06e-04,
12208,6.40e-02,-8.00e-01,
12209,6.40e-02,-8.00e-01,
12210,6.40e-02,-1.06e-04,
12211,6.40e-02,-8.00e-01,
12212,6.40e-02,-8.00e-01,
12213,6.40e-02,-8.00e-01,
12214,6.40e-02,-1.06e-04,
12215,6.40e-02,-8.00e-01,
12216,6.40e-02,-8.00e-01,
12217,6.40e-02,-1.06e-04,
12218,6.40e-02,-1.06e-04,
12219,7.20e-02,-8.00e-01,
12220,7.20e-02,-8.00e-01,
12221,6.40e-02,-8.00e-01,
12222,6.40e-02,-1.06e-04,
12223,7.20e-02,-1.06e-04,
12224,7.20e-02,-8.00e-01,
12225,6.40e-02,-8.00e-01,
12226,6.40e-02,-1.06e-04,
12227,6.40e-02,-1.06e-04,
12228,6.40e-02,-8.00e-01,
12229,6.40e-02,-8.00e-01,
12230,7.20e-02,-1.06e-04,
12231,7.20e-02,-1.06e-04,
12232,7.20e-02,-1.06e-04,
12233,7.20e-02,-8.00e-01,
12234,6.40e-02,-1.06e-04,
12235,7.20e-02,-1.06e-04,
12236,6.40e-02,-8.00e-01,
12237,6.40e-02,-1.06e-04,
12238,7.20e-02,-1.06e-04,
12239,7.20e-02,-8.00e-01,
12240,7.20e-02,-8.00e-01,
12241,7.20e-02,-8.00e-01,
12242,7.20e-02,-1.06e-04,
12243,7.20e-02,-8.00e-01,
12244,6.40e-02,-8.00e-01,
12245,6.40e-02,-8.00e-01,
12246,7.20e-02,-1.06e-04,
12247,7.20e-02,-1.06e-04,
12248,7.20e-02,-8.00e-01,
12249,6.40e-02,-8.00e-01,
12250,7.20e-02,-1.06e-04,
12251,7.20e-02,-8.00e-01,
12252,7.20e-02,-8.00e-01,
12253,7.20e-02,-8.00e-01,
12254,7.20e-02,-1.06e-04,
12255,7.20e-02,-1.06e-04,
12256,7.20e-02,-8.00e-01,
12257,7.20e-02,-8.00e-01,
12258,7.20e-02,-1.06e-04,
12259,7.20e-02,-8.00e-01,
12260,7.20e-02,-8.00e-01,
12261,7.20e-02,-8.00e-01,
12262,7.20e-02,-1.06e-04,
12263,7.20e-02,-1.06e-04,
12264,7.20e-02,-8.00e-01,
12265,7.20e-02,-8.00e-01,
12266,7.20e-02,-1.06e-04,
12267,7.20e-02,-1.06e-04,
12268,7.20e-02,-8.00e-01,
12269,7.20e-02,-8.00e-01,
12270,7.20e-02,-1.06e-04,
12271,7.20e-02,-8.00e-01,
12272,7.20e-02,-8.00e-01,
12273,7.20e-02,-8.00e-01,
12274,7.20e-02,-1.06e-04,
12275,7.20e-02,-1.06e-04,
12276,7.20e-02,-8.00e-01,
12277,7.20e-02,-8.00e-01,
12278,7.20e-02,-1.06e-04,
12279,7.20e-02,-1.06e-04,
12280,7.20e-02,-8.00e-01,
12281,7.20e-02,-8.00e-01,
12282,7.20e-02,-1.06e-04,
12283,7.20e-02,-8.00e-01,
12284,7.20e-02,-8.00e-01,
12285,7.20e-02,-8.00e-01,
12286,7.20e-02,-1.06e-04,
12287,7.20e-02,-8.00e-01,
12288,7.20e-02,-8.00e-01,
12289,7.20e-02,-1.06e-04,
12290,7.20e-02,-1.06e-04,
12291,7.20e-02,-1.06e-04,
12292,7.20e-02,-8.00e-01,
12293,7.20e-02,-8.00e-01,
12294,7.20e-02,-1.06e-04,
12295,7.20e-02,-8.00e-01,
12296,7.20e-02,-8.00e-01,
12297,7.20e-02,-1.06e-04,
12298,7.20e-02,-1.06e-04,
12299,7.20e-02,-1.06e-04,
12300,7.20e-02,-8.00e-01,
12301,7.20e-02,-8.00e-01,
12302,7.20e-02,-1.06e-04,
12303,7.20e-02,-8.00e-01,
12304,7.20e-02,-8.00e-01,
12305,7.20e-02,-8.00e-01,
12306,7.20e-02,-1.06e-04,
12307,7.20e-02,-1.06e-04,
12308,7.20e-02,-8.00e-01,
12309,7.20e-02,-8.00e-01,
12310,7.20e-02,-1.06e-04,
12311,7.20e-02,-8.00e-01,
12312,7.20e-02,-8.00e-01,
12313,7.20e-02,-8.00e-01,
12314,7.20e-02,-1.06e-04,
12315,8.00e-02,-1.06e-04,
12316,7.20e-02,-8.00e-01,
12317,7.20e-02,-8.00e-01,
12318,7.20e-02,-1.06e-04,
12319,7.20e-02,-8.00e-01,
12320,8.00e-02,-8.00e-01,
12321,7.20e-02,-8.00e-01,
12322,7.20e-02,-1.06e-04,
12323,8.00e-02,-1.06e-04,
12324,8.00e-02,-8.00e-01,
12325,7.20e-02,-8.00e-01,
12326,8.00e-02,-1.06e-04,
12327,8.00e-02,-1.06e-04,
12328,8.00e-02,-8.00e-01,
12329,7.20e-02,-1.06e-04,
12330,8.00e-02,-1.06e-04,
12331,8.00e-02,-8.00e-01,
12332,8.00e-02,-8.00e-01,
12333,8.00e-02,-8.00e-01,
12334,8.00e-02,-1.06e-04,
12335,8.00e-02,-1.06e-04,
12336,7.20e-02,-8.00e-01,
12337,7.20e-02,-1.06e-04,
12338,8.00e-02,-1.06e-04,
12339,8.00e-02,-8.00e-01,
12340,8.00e-02,-8.00e-01,
12341,7.20e-02,-1.06e-04,
12342,8.00e-02,-1.06e-04,
12343,8.00e-02,-8.00e-01,
12344,8.00e-02,-8.00e-01,
12345,8.00e-02,-1.06e-04,
12346,8.00e-02,-1.06e-04,
12347,8.00e-02,-1.06e-04,
12348,8.00e-02,-8.00e-01,
12349,8.00e-02,-1.06e-04,
12350,8.00e-02,-1.06e-04,
12351,8.00e-02,-8.00e-01,
12352,8.00e-02,-8.00e-01,
12353,8.00e-02,-8.00e-01,
12354,8.00e-02,-1.06e-04,
12355,8.00e-02,-8.00e-01,
12356,8.00e-02,-8.00e-01,
12357,8.00e-02,-8.00e-01,
12358,8.00e-02,-1.06e-04,
12359,8.00e-02,-8.00e-01,
12360,8.00e-02,-1.06e-04,
12361,8.00e-02,-8.00e-01,
12362,8.00e-02,-1.06e-04,
12363,8.00e-02,-8.00e-01,
12364,8.00e-02,-8.00e-01,
12365,8.00e-02,-1.06e-04,
12366,8.00e-02,-1.06e-04,
12367,8.00e-02,-8.00e-01,
12368,8.00e-02,-1.06e-04,
12369,8.00e-02,-8.00e-01,
12370,8.00e-02,-1.06e-04,
12371,8.00e-02,-8.00e-01,
12372,8.00e-02,-8.00e-01,
12373,8.00e-02,-1.06e-04,
12374,8.00e-02,-1.06e-04,
12375,8.00e-02,-1.06e-04,
12376,8.00e-02,-8.00e-01,
12377,8.00e-02,-8.00e-01,
12378,8.00e-02,-1.06e-04,
12379,8.00e-02,-8.00e-01,
12380,8.00e-02,-8.00e-01,
12381,8.00e-02,-8.00e-01,
12382,8.00e-02,-1.06e-04,
12383,8.00e-02,-8.00e-01,
12384,8.00e-02,-8.00e-01,
12385,8.00e-02,-8.00e-01,
12386,8.00e-02,-1.06e-04,
12387,8.00e-02,-1.06e-04,
12388,8.00e-02,-8.00e-01,
12389,8.00e-02,-1.06e-04,
12390,8.00e-02,-1.06e-04,
12391,8.00e-02,-8.00e-01,
12392,8.00e-02,-8.00e-01,
12393,8.00e-02,-8.00e-01,
12394,8.00e-02,-1.06e-04,
12395,8.00e-02,-1.06e-04,
12396,8.00e-02,-8.00e-01,
12397,8.00e-02,-1.06e-04,
12398,8.80e-02,-1.06e-04,
12399,8.00e-02,-8.00e-01,
12400,8.00e-02,-8.00e-01,
12401,8.00e-02,-8.00e-01,
12402,8.00e-02,-1.06e-04,
12403,8.00e-02,-8.00e-01,
12404,8.00e-02,-8.00e-01,
12405,8.00e-02,-1.06e-04,
12406,8.00e-02,-1.06e-04,
12407,8.80e-02,-1.06e-04,
12408,8.00e-02,-8.00e-01,
12409,8.00e-02,-8.00e-01,
12410,8.00e-02,-1.06e-04,
12411,8.00e-02,-1.06e-04,
12412,8.00e-02,-8.00e-01,
12413,8.00e-02,-8.00e-01,
12414,8.00e-02,-1.06e-04,
12415,8.80e-02,-1.06e-04,
12416,8.00e-02,-8.00e-01,
12417,8.00e-02,-8.00e-01,
12418,8.00e-02,-1.06e-04,
12419,8.80e-02,-1.06e-04,
12420,8.80e-02,-8.00e-01,
12421,8.00e-02,-8.00e-01,
12422,8.80e-02,-1.06e-04,
12423,8.80e-02,-8.00e-01,
12424,8.80e-02,-8.00e-01,
12425,8.00e-02,-1.06e-04,
12426,8.80e-02,-1.06e-04,
12427,8.80e-02,-1.06e-04,
12428,8.80e-02,-8.00e-01,
12429,8.80e-02,-8.00e-01,
12430,8.80e-02,-1.06e-04,
12431,8.80e-02,-1.06e-04,
12432,8.80e-02,-8.00e-01,
12433,8.00e-02,-8.00e-01,
12434,8.80e-02,-1.06e-04,
12435,8.80e-02,-8.00e-01,
12436,8.80e-02,-8.00e-01,
12437,8.00e-02,-1.06e-04,
12438,8.80e-02,-1.06e-04,
12439,8.80e-02,-1.06e-04,
12440,8.80e-02,-8.00e-01,
12441,8.80e-02,-8.00e-01,
12442,8.80e-02,-1.06e-04,
12443,8.80e-02,-1.06e-04,
12444,8.80e-02,-8.00e-01,
12445,8.80e-02,-8.00e-01,
12446,8.80e-02,-1.06e-04,
12447,8.80e-02,-1.06e-04,
12448,8.80e-02,-8.00e-01,
12449,8.80e-02,-1.06e-04,
12450,8.80e-02,-1.06e-04,
12451,8.80e-02,-1.06e-04,
12452,8.80e-02,-8.00e-01,
12453,8.80e-02,-8.00e-01,
12454,8.80e-02,-1.06e-04,
12455,8.80e-02,-1.06e-04,
12456,8.80e-02,-8.00e-01,
12457,8.80e-02,-8.00e-01,
12458,8.80e-02,-1.06e-04,
12459,8.80e-02,-1.06e-04,
12460,8.80e-02,-8.00e-01,
12461,8.80e-02,-1.06e-04,
12462,8.80e-02,-1.06e-04,
12463,8.80e-02,-8.00e-01,
12464,8.80e-02,-8.00e-01,
12465,8.80e-02,-1.06e-04,
12466,8.80e-02,-1.06e-04,
12467,8.80e-02,-1.06e-04,
12468,8.80e-02,-8.00e-01,
12469,8.80e-02,-8.00e-01,
12470,8.80e-02,-1.06e-04,
12471,8.80e-02,-8.00e-01,
12472,8.80e-02,-8.00e-01,
12473,8.80e-02,-1.06e-04,
12474,8.80e-02,-1.06e-04,
12475,8.80e-02,-1.06e-04,
12476,8.80e-02,-8.00e-01,
12477,8.80e-02,-8.00e-01,
12478,8.80e-02,-1.06e-04,
12479,8.80e-02,-8.00e-01,
12480,8.80e-02,-1.06e-04,
12481,8.80e-02,-8.00e-01,
12482,8.80e-02,-1.06e-04,
12483,8.80e-02,-1.06e-04,
12484,8.80e-02,-8.00e-01,
12485,8.80e-02,-8.00e-01,
12486,8.80e-02,-1.06e-04,
12487,8.80e-02,-1.06e-04,
12488,8.80e-02,-8.00e-01,
12489,8.80e-02,-1.06e-04,
12490,9.60e-02,-1.06e-04,
12491,8.80e-02,-1.06e-04,
12492,8.80e-02,-8.00e-01,
12493,8.80e-02,-8.00e-01,
12494,9.60e-02,-1.06e-04,
12495,8.80e-02,-1.06e-04,
12496,8.80e-02,-8.00e-01,
12497,8.80e-02,-1.06e-04,
12498,8.80e-02,-1.06e-04,
12499,8.80e-02,-1.06e-04,
12500,9.60e-02,-8.00e-01,
12501,8.80e-02,-8.00e-01,
12502,9.60e-02,-1.06e-04,
12503,9.60e-02,-1.06e-04,
12504,8.80e-02,-8.00e-01,
12505,8.80e-02,-1.06e-04,
12506,8.80e-02,-1.06e-04,
12507,8.80e-02,-1.06e-04,
12508,9.60e-02,-8.00e-01,
12509,8.80e-02,-8.00e-01,
12510,9.60e-02,-1.06e-04,
12511,9.60e-02,-8.00e-01,
12512,8.80e-02,-8.00e-01,
12513,8.80e-02,-8.00e-01,
12514,8.80e-02,-1.06e-04,
12515,9.60e-02,-1.06e-04,
12516,9.60e-02,-8.00e-01,
12517,8.80e-02,-8.00e-01,
12518,9.60e-02,-1.06e-04,
12519,9.60e-02,-1.06e-04,
12520,9.60e-02,-8.00e-01,
12521,8.80e-02,-8.00e-01,
12522,9.60e-02,-1.06e-04,
12523,9.60e-02,-8.00e-01,
12524,9.60e-02,-8.00e-01,
12525,8.80e-02,-1.06e-04,
12526,9.60e-02,-1.06e-04,
12527,9.60e-02,-1.06e-04,
12528,9.60e-02,-8.00e-01,
12529,9.60e-02,-8.00e-01,
12530,9.60e-02,-1.06e-04,
12531,9.60e-02,-1.06e-04,
12532,9.60e-02,-8.00e-01,
12533,9.60e-02,-1.06e-04,
12534,9.60e-02,-1.06e-04,
12535,9.60e-02,-1.06e-04,
12536,9.60e-02,-8.00e-01,
12537,9.60e-02,-1.06e-04,
12538,9.60e-02,-1.06e-04,
12539,9.60e-02,-1.06e-04,
12540,9.60e-02,-8.00e-01,
12541,9.60e-02,-8.00e-01,
12542,9.60e-02,-1.06e-04,
12543,9.60e-02,-1.06e-04,
12544,9.60e-02,-8.00e-01,
12545,9.60e-02,-1.06e-04,
12546,9.60e-02,-1.06e-04,
12547,9.60e-02,-1.06e-04,
12548,9.60e-02,-8.00e-01,
12549,9.60e-02,-8.00e-01,
12550,9.60e-02,-1.06e-04,
12551,9.60e-02,-1.06e-04,
12552,9.60e-02,-8.00e-01,
12553,9.60e-02,-8.00e-01,
12554,9.60e-02,-1.06e-04,
12555,9.60e-02,-1.06e-04,
12556,9.60e-02,-8.00e-01,
12557,9.60e-02,-1.06e-04,
12558,9.60e-02,-1.06e-04,
12559,9.60e-02,-1.06e-04,
12560,9.60e-02,-8.00e-01,
12561,9.60e-02,-8.00e-01,
12562,9.60e-02,-1.06e-04,
12563,9.60e-02,-1.06e-04,
12564,9.60e-02,-8.00e-01,
12565,9.60e-02,-1.06e-04,
12566,9.60e-02,-1.06e-04,
12567,9.60e-02,-8.00e-01,
12568,9.60e-02,-1.06e-04,
12569,9.60e-02,-8.00e-01,
12570,9.60e-02,-1.06e-04,
12571,9.60e-02,-8.00e-01,
12572,9.60e-02,-8.00e-01,
12573,9.60e-02,-1.06e-04,
12574,9.60e-02,-1.06e-04,
12575,9.60e-02,-1.06e-04,
12576,9.60e-02,-8.00e-01,
12577,9.60e-02,-8.00e-01,
12578,9.60e-02,-1.06e-04,
12579,1.04e-01,-8.00e-01,
12580,1.04e-01,-8.00e-01,
12581,9.60e-02,-1.06e-04,
12582,9.60e-02,-1.06e-04,
12583,9.60e-02,-1.06e-04,
12584,1.04e-01,-8.00e-01,
12585,9.60e-02,-1.06e-04,
12586,9.60e-02,-1.06e-04,
12587,1.04e-01,-1.06e-04,
12588,1.04e-01,-8.00e-01,
12589,9.60e-02,-1.06e-04,
12590,1.04e-01,-1.06e-04,
12591,1.04e-01,-8.00e-01,
12592,1.04e-01,-8.00e-01,
12593,9.60e-02,-8.00e-01,
12594,9.60e-02,-1.06e-04,
12595,1.04e-01,-1.06e-04,
12596,1.04e-01,-8.00e-01,
12597,9.60e-02,-1.06e-04,
12598,1.04e-01,-1.06e-04,
12599,1.04e-01,-1.06e-04,
12600,1.04e-01,-8.00e-01,
12601,9.60e-02,-8.00e-01,
12602,1.04e-01,-1.06e-04,
12603,1.04e-01,-1.06e-04,
12604,1.04e-01,-8.00e-01,
12605,9.60e-02,-8.00e-01,
12606,1.04e-01,-1.06e-04,
12607,1.04e-01,-1.06e-04,
12608,1.04e-01,-8.00e-01,
12609,9.60e-02,-1.06e-04,
12610,1.04e-01,-1.06e-04,
12611,1.04e-01,-1.06e-04,
12612,1.04e-01,-8.00e-01,
12613,9.60e-02,-8.00e-01,
12614,1.04e-01,-1.06e-04,
12615,1.04e-01,-1.06e-04,
12616,1.04e-01,-8.00e-01,
12617,9.60e-02,-1.06e-04,
12618,1.04e-01,-1.06e-04,
12619,1.04e-01,-1.06e-04,
12620,1.04e-01,-8.00e-01,
12621,9.60e-02,-8.00e-01,
12622,1.04e-01,-1.06e-04,
12623,1.04e-01,-1.06e-04,
12624,1.04e-01,-8.00e-01,
12625,1.04e-01,-1.06e-04,
12626,1.04e-01,-1.06e-04,
12627,1.04e-01,-1.06e-04,
12628,1.04e-01,-8.00e-01,
12629,1.04e-01,-8.00e-01,
12630,1.04e-01,-1.06e-04,
12631,1.04e-01,-8.00e-01,
12632,1.04e-01,-8.00e-01,
12633,1.04e-01,-8.00e-01,
12634,1.04e-01,-1.06e-04,
12635,1.04e-01,-1.06e-04,
12636,1.04e-01,-8.00e-01,
12637,1.04e-01,-1.06e-04,
12638,1.04e-01,-1.06e-04,
12639,1.04e-01,-1.06e-04,
12640,1.04e-01,-1.06e-04,
12641,1.04e-01,-8.00e-01,
12642,1.04e-01,-1.06e-04,
12643,1.04e-01,-1.06e-04,
12644,1.04e-01,-8.00e-01,
12645,1.04e-01,-1.06e-04,
12646,1.04e-01,-1.06e-04,
12647,1.04e-01,-1.06e-04,
12648,1.04e-01,-8.00e-01,
12649,1.04e-01,-1.06e-04,
12650,1.04e-01,-1.06e-04,
12651,1.04e-01,-1.06e-04,
12652,1.04e-01,-8.00e-01,
12653,1.04e-01,-1.06e-04,
12654,1.04e-01,-1.06e-04,
12655,1.04e-01,-1.06e-04,
12656,1.04e-01,-8.00e-01,
12657,1.04e-01,-1.06e-04,
12658,1.04e-01,-1.06e-04,
12659,1.04e-01,-8.00e-01,
12660,1.04e-01,-8.00e-01,
12661,1.04e-01,-8.00e-01,
12662,1.04e-01,-1.06e-04,
12663,1.04e-01,-1.06e-04,
12664,1.04e-01,-8.00e-01,
12665,1.04e-01,-1.06e-04,
12666,1.04e-01,-1.06e-04,
12667,1.04e-01,-1.06e-04,
12668,1.04e-01,-8.00e-01,
12669,1.04e-01,-8.00e-01,
12670,1.04e-01,-1.06e-04,
12671,1.04e-01,-1.06e-04,
12672,1.04e-01,-8.00e-01,
12673,1.04e-01,-1.06e-04,
12674,1.04e-01,-1.06e-04,
12675,1.04e-01,-1.06e-04,
12676,1.04e-01,-8.00e-01,
12677,1.04e-01,-8.00e-01,
12678,1.12e-01,-1.06e-04,
12679,1.12e-01,-8.00e-01,
12680,1.04e-01,-1.06e-04,
12681,1.12e-01,-8.00e-01,
12682,1.12e-01,-1.06e-04,
12683,1.12e-01,-1.06e-04,
12684,1.12e-01,-8.00e-01,
12685,1.04e-01,-1.06e-04,
12686,1.04e-01,-1.06e-04,
12687,1.12e-01,-1.06e-04,
12688,1.12e-01,-8.00e-01,
12689,1.04e-01,-1.06e-04,
12690,1.12e-01,-1.06e-04,
12691,1.12e-01,-1.06e-04,
12692,1.12e-01,-8.00e-01,
12693,1.04e-01,-8.00e-01,
12694,1.04e-01,-1.06e-04,
12695,1.12e-01,-1.06e-04,
12696,1.12e-01,-8.00e-01,
12697,1.04e-01,-1.06e-04,
12698,1.04e-01,-1.06e-04,
12699,1.12e-01,-1.06e-04,
12700,1.12e-01,-8.00e-01,
12701,1.12e-01,-1.06e-04,
12702,1.12e-01,-1.06e-04,
12703,1.12e-01,-1.06e-04,
12704,1.12e-01,-8.00e-01,
12705,1.04e-01,-1.06e-04,
12706,1.12e-01,-1.06e-04,
12707,1.12e-01,-1.06e-04,
12708,1.12e-01,-8.00e-01,
12709,1.04e-01,-1.06e-04,
12710,1.12e-01,-1.06e-04,
12711,1.12e-01,-1.06e-04,
12712,1.12e-01,-8.00e-01,
12713,1.12e-01,-1.06e-04,
12714,1.12e-01,-1.06e-04,
12715,1.12e-01,-1.06e-04,
12716,1.12e-01,-8.00e-01,
12717,1.12e-01,-1.06e-04,
12718,1.12e-01,-1.06e-04,
12719,1.12e-01,-1.06e-04,
12720,1.12e-01,-1.06e-04,
12721,1.12e-01,-8.00e-01,
12722,1.12e-01,-1.06e-04,
12723,1.12e-01,-1.06e-04,
12724,1.12e-01,-8.00e-01,
12725,1.12e-01,-1.06e-04,
12726,1.12e-01,-1.06e-04,
12727,1.12e-01,-1.06e-04,
12728,1.12e-01,-8.00e-01,
12729,1.12e-01,-8.00e-01,
12730,1.12e-01,-1.06e-04,
12731,1.12e-01,-1.06e-04,
12732,1.12e-01,-8.00e-01,
12733,1.12e-01,-1.06e-04,
12734,1.12e-01,-1.06e-04,
12735,1.12e-01,-1.06e-04,
12736,1.12e-01,-8.00e-01,
12737,1.12e-01,-1.06e-04,
12738,1.12e-01,-1.06e-04,
12739,1.12e-01,-1.06e-04,
12740,1.12e-01,-8.00e-01,
12741,1.12e-01,-8.00e-01,
12742,1.12e-01,-1.06e-04,
12743,1.12e-01,-1.06e-04,
12744,1.12e-01,-8.00e-01,
12745,1.12e-01,-1.06e-04,
12746,1.12e-01,-1.06e-04,
12747,1.12e-01,-1.06e-04,
12748,1.12e-01,-8.00e-01,
12749,1.12e-01,-1.06e-04,
12750,1.12e-01,-1.06e-04,
12751,1.12e-01,-1.06e-04,
12752,1.12e-01,-8.00e-01,
12753,1.12e-01,-1.06e-04,
12754,1.12e-01,-1.06e-04,
12755,1.12e-01,-1.06e-04,
12756,1.12e-01,-8.00e-01,
12757,1.12e-01,-1.06e-04,
12758,1.12e-01,-1.06e-04,
12759,1.12e-01,-1.06e-04,
12760,1.12e-01,-1.06e-04,
12761,1.12e-01,-8.00e-01,
12762,1.12e-01,-1.06e-04,
12763,1.12e-01,-1.06e-04,
12764,1.12e-01,-8.00e-01,
12765,1.12e-01,-1.06e-04,
12766,1.12e-01,-1.06e-04,
12767,1.20e-01,-1.06e-04,
12768,1.12e-01,-1.06e-04,
12769,1.12e-01,-8.00e-01,
12770,1.12e-01,-1.06e-04,
12771,1.20e-01,-1.06e-04,
12772,1.20e-01,-8.00e-01,
12773,1.12e-01,-1.06e-04,
12774,1.20e-01,-1.06e-04,
12775,1.20e-01,-1.06e-04,
12776,1.20e-01,-8.00e-01,
12777,1.12e-01,-1.06e-04,
12778,1.20e-01,-1.06e-04,
12779,1.20e-01,-1.06e-04,
12780,1.20e-01,-1.06e-04,
12781,1.12e-01,-8.00e-01,
12782,1.12e-01,-1.06e-04,
12783,1.20e-01,-1.06e-04,
12784,1.20e-01,-8.00e-01,
12785,1.12e-01,-1.06e-04,
12786,1.20e-01,-1.06e-04,
12787,1.20e-01,-1.06e-04,
12788,1.20e-01,-8.00e-01,
12789,1.12e-01,-1.06e-04,
12790,1.20e-01,-1.06e-04,
12791,1.20e-01,-8.00e-01,
12792,1.20e-01,-1.06e-04,
12793,1.12e-01,-8.00e-01,
12794,1.20e-01,-1.06e-04,
12795,1.20e-01,-1.06e-04,
12796,1.20e-01,-8.00e-01,
12797,1.20e-01,-1.06e-04,
12798,1.20e-01,-1.06e-04,
12799,1.20e-01,-1.06e-04,
12800,1.20e-01,-8.00e-01,
12801,1.20e-01,-1.06e-04,
12802,1.20e-01,-1.06e-04,
12803,1.20e-01,-1.06e-04,
12804,1.20e-01,-8.00e-01,
12805,1.20e-01,-1.06e-04,
12806,1.20e-01,-1.06e-04,
12807,1.20e-01,-1.06e-04,
12808,1.20e-01,-8.00e-01,
12809,1.20e-01,-1.06e-04,
12810,1.20e-01,-1.06e-04,
12811,1.20e-01,-1.06e-04,
12812,1.20e-01,-8.00e-01,
12813,1.20e-01,-8.00e-01,
12814,1.20e-01,-1.06e-04,
12815,1.20e-01,-1.06e-04,
12816,1.20e-01,-8.00e-01,
12817,1.20e-01,-1.06e-04,
12818,1.20e-01,-1.06e-04,
12819,1.20e-01,-1.06e-04,
12820,1.20e-01,-8.00e-01,
12821,1.20e-01,-1.06e-04,
12822,1.20e-01,-1.06e-04,
12823,1.20e-01,-1.06e-04,
12824,1.20e-01,-8.00e-01,
12825,1.20e-01,-1.06e-04,
12826,1.20e-01,-1.06e-04,
12827,1.20e-01,-1.06e-04,
12828,1.20e-01,-8.00e-01,
12829,1.20e-01,-8.00e-01,
12830,1.20e-01,-1.06e-04,
12831,1.20e-01,-1.06e-04,
12832,1.20e-01,-8.00e-01,
12833,1.20e-01,-1.06e-04,
12834,1.20e-01,-1.06e-04,
12835,1.20e-01,-1.06e-04,
12836,1.20e-01,-8.00e-01,
12837,1.20e-01,-1.06e-04,
12838,1.20e-01,-1.06e-04,
12839,1.20e-01,-1.06e-04,
12840,1.20e-01,-8.00e-01,
12841,1.20e-01,-8.00e-01,
12842,1.20e-01,-1.06e-04,
12843,1.20e-01,-8.00e-01,
12844,1.20e-01,-8.00e-01,
12845,1.20e-01,-8.00e-01,
12846,1.20e-01,-1.06e-04,
12847,1.20e-01,-1.06e-04,
12848,1.28e-01,-8.00e-01,
12849,1.20e-01,-1.06e-04,
12850,1.20e-01,-1.06e-04,
12851,1.20e-01,-1.06e-04,
12852,1.20e-01,-8.00e-01,
12853,1.20e-01,-8.00e-01,
12854,1.20e-01,-1.06e-04,
12855,1.28e-01,-1.06e-04,
12856,1.20e-01,-8.00e-01,
12857,1.20e-01,-1.06e-04,
12858,1.20e-01,-1.06e-04,
12859,1.20e-01,-1.06e-04,
12860,1.20e-01,-8.00e-01,
12861,1.20e-01,-1.06e-04,
12862,1.20e-01,-1.06e-04,
12863,1.28e-01,-1.06e-04,
12864,1.20e-01,-8.00e-01,
12865,1.20e-01,-1.06e-04,
12866,1.20e-01,-1.06e-04,
12867,1.28e-01,-1.06e-04,
12868,1.20e-01,-8.00e-01,
12869,1.20e-01,-1.06e-04,
12870,1.20e-01,-1.06e-04,
12871,1.28e-01,-1.06e-04,
12872,1.28e-01,-8.00e-01,
12873,1.20e-01,-1.06e-04,
12874,1.28e-01,-1.06e-04,
12875,1.28e-01,-1.06e-04,
12876,1.20e-01,-8.00e-01,
12877,1.20e-01,-1.06e-04,
12878,1.20e-01,-1.06e-04,
12879,1.28e-01,-1.06e-04,
12880,1.28e-01,-8.00e-01,
12881,1.28e-01,-1.06e-04,
12882,1.28e-01,-1.06e-04,
12883,1.28e-01,-1.06e-04,
12884,1.28e-01,-8.00e-01,
12885,1.20e-01,-1.06e-04,
12886,1.28e-01,-1.06e-04,
12887,1.28e-01,-1.06e-04,
12888,1.28e-01,-8.00e-01,
12889,1.28e-01,-1.06e-04,
12890,1.28e-01,-1.06e-04,
12891,1.28e-01,-1.06e-04,
12892,1.28e-01,-8.00e-01,
12893,1.28e-01,-8.00e-01,
12894,1.28e-01,-1.06e-04,
12895,1.28e-01,-1.06e-04,
12896,1.28e-01,-8.00e-01,
12897,1.28e-01,-1.06e-04,
12898,1.28e-01,-1.06e-04,
12899,1.28e-01,-1.06e-04,
12900,1.28e-01,-8.00e-01,
12901,1.28e-01,-1.06e-04,
12902,1.28e-01,-1.06e-04,
12903,1.28e-01,-1.06e-04,
12904,1.28e-01,-8.00e-01,
12905,1.28e-01,-1.06e-04,
12906,1.28e-01,-1.06e-04,
12907,1.28e-01,-1.06e-04,
12908,1.28e-01,-8.00e-01,
12909,1.28e-01,-8.00e-01,
12910,1.28e-01,-1.06e-04,
12911,1.28e-01,-1.06e-04,
12912,1.28e-01,-1.06e-04,
12913,1.28e-01,-1.06e-04,
12914,1.28e-01,-1.06e-04,
12915,1.28e-01,-1.06e-04,
12916,1.28e-01,-8.00e-01,
12917,1.28e-01,-1.06e-04,
12918,1.28e-01,-1.06e-04,
12919,1.28e-01,-1.06e-04,
12920,1.28e-01,-8.00e-01,
12921,1.28e-01,-1.06e-04,
12922,1.28e-01,-1.06e-04,
12923,1.28e-01,-1.06e-04,
12924,1.28e-01,-8.00e-01,
12925,1.28e-01,-1.06e-04,
12926,1.28e-01,-1.06e-04,
12927,1.28e-01,-1.06e-04,
12928,1.28e-01,-8.00e-01,
12929,1.28e-01,-1.06e-04,
12930,1.28e-01,-1.06e-04,
12931,1.28e-01,-1.06e-04,
12932,1.28e-01,-8.00e-01,
12933,1.28e-01,-1.06e-04,
12934,1.28e-01,-1.06e-04,
12935,1.28e-01,-1.06e-04,
12936,1.28e-01,-8.00e-01,
12937,1.28e-01,-1.06e-04,
12938,1.28e-01,-1.06e-04,
12939,1.28e-01,-1.06e-04,
12940,1.28e-01,-1.06e-04,
12941,1.28e-01,-8.00e-01,
12942,1.28e-01,-1.06e-04,
12943,1.28e-01,-1.06e-04,
12944,1.28e-01,-8.00e-01,
12945,1.28e-01,-1.06e-04,
12946,1.28e-01,-1.06e-04,
12947,1.28e-01,-1.06e-04,
12948,1.28e-01,-8.00e-01,
12949,1.28e-01,-1.06e-04,
12950,1.28e-01,-1.06e-04,
12951,1.36e-01,-8.00e-01,
12952,1.28e-01,-1.06e-04,
12953,1.28e-01,-1.06e-04,
12954,1.28e-01,-1.06e-04,
12955,1.28e-01,-1.06e-04,
12956,1.36e-01,-8.00e-01,
12957,1.28e-01,-1.06e-04,
12958,1.36e-01,-1.06e-04,
12959,1.36e-01,-1.06e-04,
12960,1.28e-01,-1.06e-04,
12961,1.28e-01,-8.00e-01,
12962,1.36e-01,-1.06e-04,
12963,1.36e-01,-1.06e-04,
12964,1.36e-01,-8.00e-01,
12965,1.28e-01,-1.06e-04,
12966,1.36e-01,-1.06e-04,
12967,1.36e-01,-1.06e-04,
12968,1.36e-01,-1.06e-04,
12969,1.36e-01,-8.00e-01,
12970,1.28e-01,8.00e-01,
12971,1.36e-01,-1.06e-04,
12972,1.36e-01,-8.00e-01,
12973,1.28e-01,-1.06e-04,
12974,1.36e-01,-1.06e-04,
12975,1.36e-01,-1.06e-04,
12976,1.36e-01,-8.00e-01,
12977,1.36e-01,-8.00e-01,
12978,1.36e-01,-1.06e-04,
12979,1.36e-01,-8.00e-01,
12980,1.36e-01,-1.06e-04,
12981,1.28e-01,-1.06e-04,
12982,1.36e-01,-1.06e-04,
12983,1.36e-01,-1.06e-04,
12984,1.36e-01,-8.00e-01,
12985,1.36e-01,-1.06e-04,
12986,1.36e-01,-1.06e-04,
12987,1.36e-01,-1.06e-04,
12988,1.36e-01,-8.00e-01,
12989,1.28e-01,-1.06e-04,
12990,1.36e-01,-1.06e-04,
12991,1.36e-01,-1.06e-04,
12992,1.36e-01,-8.00e-01,
12993,1.36e-01,-1.06e-04,
12994,1.36e-01,-1.06e-04,
12995,1.36e-01,-1.06e-04,
12996,1.36e-01,-8.00e-01,
12997,1.36e-01,-1.06e-04,
12998,1.36e-01,-1.06e-04,
12999,1.36e-01,-1.06e-04,
13000,1.36e-01,-8.00e-01,
13001,1.36e-01,-1.06e-04,
13002,1.36e-01,-1.06e-04,
13003,1.36e-01,-1.06e-04,
13004,1.36e-01,-8.00e-01,
13005,1.36e-01,-1.06e-04,
13006,1.36e-01,-1.06e-04,
13007,1.36e-01,-1.06e-04,
13008,1.36e-01,-8.00e-01,
13009,1.36e-01,-1.06e-04,
13010,1.36e-01,-1.06e-04,
13011,1.36e-01,-1.06e-04,
13012,1.36e-01,-8.00e-01,
13013,1.36e-01,-8.00e-01,
13014,1.36e-01,-1.06e-04,
13015,1.36e-01,-1.06e-04,
13016,1.36e-01,-8.00e-01,
13017,1.36e-01,-1.06e-04,
13018,1.36e-01,-1.06e-04,
13019,1.36e-01,-1.06e-04,
13020,1.36e-01,-8.00e-01,
13021,1.36e-01,-1.06e-04,
13022,1.36e-01,-1.06e-04,
13023,1.36e-01,-1.06e-04,
13024,1.36e-01,-8.00e-01,
13025,1.36e-01,-1.06e-04,
13026,1.36e-01,-1.06e-04,
13027,1.36e-01,-1.06e-04,
13028,1.36e-01,-8.00e-01,
13029,1.36e-01,-1.06e-04,
13030,1.36e-01,-1.06e-04,
13031,1.36e-01,-1.06e-04,
13032,1.36e-01,-8.00e-01,
13033,1.36e-01,-1.06e-04,
13034,1.36e-01,-1.06e-04,
13035,1.36e-01,-1.06e-04,
13036,1.44e-01,-8.00e-01,
13037,1.36e-01,-1.06e-04,
13038,1.36e-01,-1.06e-04,
13039,1.36e-01,-1.06e-04,
13040,1.36e-01,-8.00e-01,
13041,1.36e-01,-1.06e-04,
13042,1.36e-01,-1.06e-04,
13043,1.44e-01,-1.06e-04,
13044,1.44e-01,-1.06e-04,
13045,1.36e-01,-1.06e-04,
13046,1.36e-01,-1.06e-04,
13047,1.44e-01,-1.06e-04,
13048,1.36e-01,-8.00e-01,
13049,1.36e-01,-1.06e-04,
13050,1.36e-01,-1.06e-04,
13051,1.44e-01,-1.06e-04,
13052,1.44e-01,-8.00e-01,
13053,1.36e-01,-1.06e-04,
13054,1.36e-01,-1.06e-04,
13055,1.44e-01,-1.06e-04,
13056,1.44e-01,-8.00e-01,
13057,1.36e-01,-1.06e-04,
13058,1.44e-01,-1.06e-04,
13059,1.44e-01,-1.06e-04,
13060,1.44e-01,-8.00e-01,
13061,1.36e-01,-1.06e-04,
13062,1.44e-01,-1.06e-04,
13063,1.36e-01,-1.06e-04,
13064,1.44e-01,-8.00e-01,
13065,1.36e-01,-1.06e-04,
13066,1.36e-01,-1.06e-04,
13067,1.44e-01,-1.06e-04,
13068,1.44e-01,-8.00e-01,
13069,1.44e-01,-1.06e-04,
13070,1.44e-01,-1.06e-04,
13071,1.44e-01,-1.06e-04,
13072,1.44e-01,-8.00e-01,
13073,1.36e-01,-1.06e-04,
13074,1.44e-01,-1.06e-04,
13075,1.44e-01,-1.06e-04,
13076,1.44e-01,-8.00e-01,
13077,1.44e-01,-1.06e-04,
13078,1.44e-01,-1.06e-04,
13079,1.44e-01,-1.06e-04,
13080,1.44e-01,-8.00e-01,
13081,1.44e-01,-1.06e-04,
13082,1.44e-01,-1.06e-04,
13083,1.44e-01,-1.06e-04,
13084,1.44e-01,-1.06e-04,
13085,1.44e-01,-1.06e-04,
13086,1.44e-01,-1.06e-04,
13087,1.44e-01,-1.06e-04,
13088,1.44e-01,-8.00e-01,
13089,1.44e-01,-1.06e-04,
13090,1.44e-01,-1.06e-04,
13091,1.44e-01,-1.06e-04,
13092,1.44e-01,-8.00e-01,
13093,1.44e-01,-1.06e-04,
13094,1.44e-01,-1.06e-04,
13095,1.44e-01,-1.06e-04,
13096,1.44e-01,-8.00e-01,
13097,1.44e-01,-1.06e-04,
13098,1.44e-01,-1.06e-04,
13099,1.44e-01,-1.06e-04,
13100,1.44e-01,-1.06e-04,
13101,1.44e-01,-1.06e-04,
13102,1.44e-01,-1.06e-04,
13103,1.44e-01,-1.06e-04,
13104,1.44e-01,-8.00e-01,
13105,1.44e-01,-1.06e-04,
13106,1.44e-01,-1.06e-04,
13107,1.44e-01,-1.06e-04,
13108,1.44e-01,-8.00e-01,
13109,1.44e-01,-1.06e-04,
13110,1.44e-01,-1.06e-04,
13111,1.44e-01,-1.06e-04,
13112,1.44e-01,-8.00e-01,
13113,1.44e-01,-1.06e-04,
13114,1.44e-01,-1.06e-04,
13115,1.44e-01,-1.06e-04,
13116,1.44e-01,-8.00e-01,
13117,1.44e-01,-1.06e-04,
13118,1.44e-01,-1.06e-04,
13119,1.44e-01,-1.06e-04,
13120,1.44e-01,-1.06e-04,
13121,1.44e-01,-1.06e-04,
13122,1.44e-01,-1.06e-04,
13123,1.44e-01,-1.06e-04,
13124,1.44e-01,-8.00e-01,
13125,1.44e-01,-1.06e-04,
13126,1.44e-01,-1.06e-04,
13127,1.44e-01,-1.06e-04,
13128,1.44e-01,-8.00e-01,
13129,1.44e-01,-1.06e-04,
13130,1.44e-01,-1.06e-04,
13131,1.60e-01,-1.06e-04,
13132,1.44e-01,-1.06e-04,
13133,1.44e-01,-1.06e-04,
13134,1.44e-01,-1.06e-04,
13135,1.60e-01,-1.06e-04,
13136,1.44e-01,-8.00e-01,
13137,1.44e-01,-1.06e-04,
13138,1.44e-01,-1.06e-04,
13139,1.60e-01,-1.06e-04,
13140,1.44e-01,-8.00e-01,
13141,1.44e-01,-1.06e-04,
13142,1.44e-01,-1.06e-04,
13143,1.60e-01,-1.06e-04,
13144,1.60e-01,-8.00e-01,
13145,1.44e-01,-1.06e-04,
13146,1.60e-01,-1.06e-04,
13147,1.60e-01,-1.06e-04,
13148,1.60e-01,-8.00e-01,
13149,1.44e-01,-1.06e-04,
13150,1.44e-01,-1.06e-04,
13151,1.60e-01,-1.06e-04,
13152,1.60e-01,-1.06e-04,
13153,1.60e-01,-1.06e-04,
13154,1.60e-01,-1.06e-04,
13155,1.60e-01,-1.06e-04,
13156,1.60e-01,-8.00e-01,
13157,1.60e-01,-1.06e-04,
13158,1.60e-01,-1.06e-04,
13159,1.60e-01,-1.06e-04,
13160,1.60e-01,-1.06e-04,
13161,1.60e-01,-8.00e-01,
13162,1.60e-01,-1.06e-04,
13163,1.60e-01,-1.06e-04,
13164,1.60e-01,-8.00e-01,
13165,1.60e-01,-1.06e-04,
13166,1.60e-01,-1.06e-04,
13167,1.60e-01,-1.06e-04,
13168,1.60e-01,-1.06e-04,
13169,1.60e-01,-8.00e-01,
13170,1.44e-01,-1.06e-04,
13171,1.60e-01,-1.06e-04,
13172,1.60e-01,-8.00e-01,
13173,1.60e-01,-1.06e-04,
13174,1.60e-01,-1.06e-04,
13175,1.60e-01,-1.06e-04,
13176,1.60e-01,-8.00e-01,
13177,1.60e-01,-8.00e-01,
13178,1.60e-01,-1.06e-04,
13179,1.60e-01,-1.06e-04,
13180,1.60e-01,-1.06e-04,
13181,1.60e-01,-1.06e-04,
13182,1.60e-01,-1.06e-04,
13183,1.60e-01,-1.06e-04,
13184,1.60e-01,-1.06e-04,
13185,1.60e-01,-1.06e-04,
13186,1.60e-01,-1.06e-04,
13187,1.60e-01,-1.06e-04,
13188,1.60e-01,-8.00e-01,
13189,1.60e-01,-1.06e-04,
13190,1.60e-01,-1.06e-04,
13191,1.60e-01,-1.06e-04,
13192,1.60e-01,-1.06e-04,
13193,1.60e-01,-1.06e-04,
13194,1.60e-01,-1.06e-04,
13195,1.60e-01,-1.06e-04,
13196,1.60e-01,-8.00e-01,
13197,1.60e-01,-1.06e-04,
13198,1.60e-01,-1.06e-04,
13199,1.60e-01,-1.06e-04,
13200,1.60e-01,-1.06e-04,
13201,1.60e-01,-1.06e-04,
13202,1.60e-01,-1.06e-04,
13203,1.60e-01,-1.06e-04,
13204,1.60e-01,-8.00e-01,
13205,1.60e-01,-1.06e-04,
13206,1.60e-01,-1.06e-04,
13207,1.60e-01,-1.06e-04,
13208,1.60e-01,-8.00e-01,
13209,1.60e-01,-1.06e-04,
13210,1.60e-01,-1.06e-04,
13211,1.60e-01,-1.06e-04,
13212,1.60e-01,-1.06e-04,
13213,1.60e-01,-1.06e-04,
13214,1.60e-01,-1.06e-04,
13215,1.60e-01,-1.06e-04,
13216,1.60e-01,-1.06e-04,
13217,1.60e-01,-1.06e-04,
13218,1.60e-01,-1.06e-04,
13219,1.60e-01,-1.06e-04,
13220,1.60e-01,-1.06e-04,
13221,1.60e-01,-1.06e-04,
13222,1.60e-01,-1.06e-04,
13223,1.68e-01,-1.06e-04,
13224,1.68e-01,-1.06e-04,
13225,1.60e-01,-1.06e-04,
13226,1.60e-01,-1.06e-04,
13227,1.60e-01,-1.06e-04,
13228,1.68e-01,-8.00e-01,
13229,1.60e-01,-1.06e-04,
13230,1.60e-01,-1.06e-04,
13231,1.68e-01,-1.06e-04,
13232,1.60e-01,-1.06e-04,
13233,1.60e-01,-1.06e-04,
13234,1.60e-01,-1.06e-04,
13235,1.68e-01,-1.06e-04,
13236,1.60e-01,-8.00e-01,
13237,1.60e-01,-1.06e-04,
13238,1.68e-01,-1.06e-04,
13239,1.68e-01,-1.06e-04,
13240,1.68e-01,-8.00e-01,
13241,1.60e-01,-1.06e-04,
13242,1.68e-01,-1.06e-04,
13243,1.68e-01,-1.06e-04,
13244,1.68e-01,-8.00e-01,
13245,1.60e-01,-1.06e-04,
13246,1.68e-01,-1.06e-04,
13247,1.60e-01,-1.06e-04,
13248,1.68e-01,-8.00e-01,
13249,1.68e-01,-1.06e-04,
13250,1.68e-01,-1.06e-04,
13251,1.68e-01,-1.06e-04,
13252,1.68e-01,-1.06e-04,
13253,1.60e-01,-1.06e-04,
13254,1.68e-01,-1.06e-04,
13255,1.68e-01,-1.06e-04,
13256,1.68e-01,-8.00e-01,
13257,1.60e-01,-1.06e-04,
13258,1.68e-01,-1.06e-04,
13259,1.68e-01,-1.06e-04,
13260,1.68e-01,-1.06e-04,
13261,1.68e-01,-8.00e-01,
13262,1.68e-01,-1.06e-04,
13263,1.68e-01,-1.06e-04,
13264,1.68e-01,-8.00e-01,
13265,1.68e-01,-1.06e-04,
13266,1.68e-01,-1.06e-04,
13267,1.68e-01,-1.06e-04,
13268,1.68e-01,-8.00e-01,
13269,1.68e-01,-1.06e-04,
13270,1.68e-01,-1.06e-04,
13271,1.68e-01,-1.06e-04,
13272,1.68e-01,-1.06e-04,
13273,1.68e-01,-1.06e-04,
13274,1.68e-01,-1.06e-04,
13275,1.68e-01,-1.06e-04,
13276,1.68e-01,-8.00e-01,
13277,1.68e-01,-1.06e-04,
13278,1.68e-01,-1.06e-04,
13279,1.68e-01,-1.06e-04,
13280,1.68e-01,-8.00e-01,
13281,1.68e-01,-1.06e-04,
13282,1.68e-01,-1.06e-04,
13283,1.68e-01,-1.06e-04,
13284,1.68e-01,-8.00e-01,
13285,1.68e-01,-1.06e-04,
13286,1.68e-01,-1.06e-04,
13287,1.68e-01,-1.06e-04,
13288,1.68e-01,-8.00e-01,
13289,1.68e-01,-1.06e-04,
13290,1.68e-01,-1.06e-04,
13291,1.68e-01,-1.06e-04,
13292,1.68e-01,-1.06e-04,
13293,1.68e-01,-1.06e-04,
13294,1.68e-01,-1.06e-04,
13295,1.68e-01,-1.06e-04,
13296,1.68e-01,-8.00e-01,
13297,1.68e-01,-1.06e-04,
13298,1.68e-01,-1.06e-04,
13299,1.68e-01,-1.06e-04,
13300,1.68e-01,-1.06e-04,
13301,1.68e-01,-1.06e-04,
13302,1.68e-01,-1.06e-04,
13303,1.68e-01,-1.06e-04,
13304,1.68e-01,-8.00e-01,
13305,1.68e-01,-1.06e-04,
13306,1.68e-01,-1.06e-04,
13307,1.68e-01,-1.06e-04,
13308,1.68e-01,-8.00e-01,
13309,1.68e-01,-1.06e-04,
13310,1.68e-01,-1.06e-04,
13311,1.68e-01,-1.06e-04,
13312,1.68e-01,-1.06e-04,
13313,1.68e-01,-1.06e-04,
13314,1.68e-01,-1.06e-04,
13315,1.76e-01,-1.06e-04,
13316,1.76e-01,-8.00e-01,
13317,1.68e-01,-1.06e-04,
13318,1.68e-01,-1.06e-04,
13319,1.76e-01,-1.06e-04,
13320,1.76e-01,-1.06e-04,
13321,1.68e-01,-1.06e-04,
13322,1.68e-01,-1.06e-04,
13323,1.76e-01,-1.06e-04,
13324,1.76e-01,-8.00e-01,
13325,1.68e-01,-1.06e-04,
13326,1.68e-01,-1.06e-04,
13327,1.68e-01,-1.06e-04,
13328,1.76e-01,-8.00e-01,
13329,1.68e-01,-1.06e-04,
13330,1.68e-01,-1.06e-04,
13331,1.76e-01,-1.06e-04,
13332,1.76e-01,-1.06e-04,
13333,1.68e-01,-1.06e-04,
13334,1.76e-01,-1.06e-04,
13335,1.68e-01,-1.06e-04,
13336,1.76e-01,-8.00e-01,
13337,1.76e-01,-1.06e-04,
13338,1.76e-01,-1.06e-04,
13339,1.76e-01,-1.06e-04,
13340,1.76e-01,-1.06e-04,
13341,1.68e-01,-1.06e-04,
13342,1.76e-01,-1.06e-04,
13343,1.76e-01,-1.06e-04,
13344,1.76e-01,-8.00e-01,
13345,1.76e-01,-1.06e-04,
13346,1.76e-01,-1.06e-04,
13347,1.76e-01,-1.06e-04,
13348,1.76e-01,-8.00e-01,
13349,1.76e-01,-1.06e-04,
13350,1.76e-01,-1.06e-04,
13351,1.76e-01,-1.06e-04,
13352,1.76e-01,-1.06e-04,
13353,1.76e-01,-1.06e-04,
13354,1.76e-01,-1.06e-04,
13355,1.76e-01,-1.06e-04,
13356,1.76e-01,-8.00e-01,
13357,1.76e-01,-1.06e-04,
13358,1.76e-01,-1.06e-04,
13359,1.76e-01,-1.06e-04,
13360,1.76e-01,-1.06e-04,
13361,1.76e-01,-8.00e-01,
13362,1.76e-01,-1.06e-04,
13363,1.76e-01,-1.06e-04,
13364,1.76e-01,-8.00e-01,
13365,1.76e-01,-1.06e-04,
13366,1.76e-01,-1.06e-04,
13367,1.76e-01,-1.06e-04,
13368,1.76e-01,-1.06e-04,
13369,1.76e-01,-8.00e-01,
13370,1.76e-01,8.00e-01,
13371,1.76e-01,-1.06e-04,
13372,1.76e-01,-8.00e-01,
13373,1.76e-01,-1.06e-04,
13374,1.76e-01,-1.06e-04,
13375,1.76e-01,-1.06e-04,
13376,1.76e-01,-8.00e-01,
13377,1.76e-01,-1.06e-04,
13378,1.76e-01,-1.06e-04,
13379,1.76e-01,-1.06e-04,
13380,1.76e-01,-8.00e-01,
13381,1.76e-01,-1.06e-04,
13382,1.76e-01,-1.06e-04,
13383,1.76e-01,-1.06e-04,
13384,1.76e-01,-1.06e-04,
13385,1.76e-01,-1.06e-04,
13386,1.76e-01,-1.06e-04,
13387,1.76e-01,-1.06e-04,
13388,1.76e-01,-8.00e-01,
13389,1.76e-01,-1.06e-04,
13390,1.76e-01,-1.06e-04,
13391,1.76e-01,-1.06e-04,
13392,1.76e-01,-1.06e-04,
13393,1.76e-01,-1.06e-04,
13394,1.76e-01,-1.06e-04,
13395,1.84e-01,-1.06e-04,
13396,1.76e-01,-1.06e-04,
13397,1.76e-01,-1.06e-04,
13398,1.76e-01,-1.06e-04,
13399,1.76e-01,-1.06e-04,
13400,1.76e-01,-1.06e-04,
13401,1.76e-01,-1.06e-04,
13402,1.76e-01,-1.06e-04,
13403,1.76e-01,-1.06e-04,
13404,1.84e-01,-8.00e-01,
13405,1.76e-01,-1.06e-04,
13406,1.76e-01,-1.06e-04,
13407,1.84e-01,-1.06e-04,
13408,1.84e-01,-8.00e-01,
13409,1.76e-01,-1.06e-04,
13410,1.76e-01,-1.06e-04,
13411,1.76e-01,-1.06e-04,
13412,1.76e-01,-1.06e-04,
13413,1.76e-01,-1.06e-04,
13414,1.76e-01,-1.06e-04,
13415,1.84e-01,-1.06e-04,
13416,1.76e-01,-8.00e-01,
13417,1.76e-01,-1.06e-04,
13418,1.84e-01,-1.06e-04,
13419,1.84e-01,-1.06e-04,
13420,1.84e-01,-1.06e-04,
13421,1.76e-01,-1.06e-04,
13422,1.76e-01,-1.06e-04,
13423,1.84e-01,-1.06e-04,
13424,1.84e-01,-8.00e-01,
13425,1.76e-01,-1.06e-04,
13426,1.76e-01,-1.06e-04,
13427,1.84e-01,-1.06e-04,
13428,1.84e-01,-8.00e-01,
13429,1.76e-01,-1.06e-04,
13430,1.84e-01,-1.06e-04,
13431,1.84e-01,-1.06e-04,
13432,1.76e-01,-1.06e-04,
13433,1.84e-01,-1.06e-04,
13434,1.84e-01,-1.06e-04,
13435,1.84e-01,-1.06e-04,
13436,1.84e-01,-8.00e-01,
13437,1.76e-01,-1.06e-04,
13438,1.84e-01,-1.06e-04,
13439,1.84e-01,-1.06e-04,
13440,1.84e-01,-8.00e-01,
13441,1.84e-01,-1.06e-04,
13442,1.84e-01,-1.06e-04,
13443,1.84e-01,-1.06e-04,
13444,1.84e-01,-8.00e-01,
13445,1.84e-01,-1.06e-04,
13446,1.84e-01,-1.06e-04,
13447,1.84e-01,-1.06e-04,
13448,1.84e-01,-8.00e-01,
13449,1.84e-01,-1.06e-04,
13450,1.84e-01,-1.06e-04,
13451,1.84e-01,-1.06e-04,
13452,1.84e-01,-1.06e-04,
13453,1.84e-01,-1.06e-04,
13454,1.84e-01,-1.06e-04,
13455,1.84e-01,-1.06e-04,
13456,1.84e-01,-8.00e-01,
13457,1.84e-01,-1.06e-04,
13458,1.84e-01,-1.06e-04,
13459,1.84e-01,-1.06e-04,
13460,1.84e-01,-1.06e-04,
13461,1.84e-01,-1.06e-04,
13462,1.84e-01,-1.06e-04,
13463,1.84e-01,-1.06e-04,
13464,1.84e-01,-8.00e-01,
13465,1.84e-01,-1.06e-04,
13466,1.84e-01,-1.06e-04,
13467,1.84e-01,-1.06e-04,
13468,1.84e-01,-8.00e-01,
13469,1.84e-01,-1.06e-04,
13470,1.84e-01,-1.06e-04,
13471,1.84e-01,-1.06e-04,
13472,1.84e-01,-8.00e-01,
13473,1.84e-01,-1.06e-04,
13474,1.84e-01,-1.06e-04,
13475,1.84e-01,-1.06e-04,
13476,1.84e-01,-8.00e-01,
13477,1.84e-01,-1.06e-04,
13478,1.84e-01,-1.06e-04,
13479,1.84e-01,-1.06e-04,
13480,1.84e-01,-1.06e-04,
13481,1.84e-01,-1.06e-04,
13482,1.84e-01,-1.06e-04,
13483,1.84e-01,-1.06e-04,
13484,1.84e-01,-1.06e-04,
13485,1.84e-01,-1.06e-04,
13486,1.84e-01,-1.06e-04,
13487,1.84e-01,-1.06e-04,
13488,1.84e-01,-8.00e-01,
13489,1.84e-01,-1.06e-04,
13490,1.84e-01,-1.06e-04,
13491,1.84e-01,-1.06e-04,
13492,1.84e-01,-1.06e-04,
13493,1.84e-01,-1.06e-04,
13494,1.84e-01,-1.06e-04,
13495,1.84e-01,-1.06e-04,
13496,1.84e-01,-8.00e-01,
13497,1.84e-01,-1.06e-04,
13498,1.84e-01,-1.06e-04,
13499,1.84e-01,-1.06e-04,
13500,1.84e-01,-1.06e-04,
13501,1.84e-01,-1.06e-04,
13502,1.84e-01,-1.06e-04,
13503,1.84e-01,-1.06e-04,
13504,1.92e-01,-8.00e-01,
13505,1.84e-01,-1.06e-04,
13506,1.84e-01,-1.06e-04,
13507,1.92e-01,-1.06e-04,
13508,1.84e-01,-8.00e-01,
13509,1.84e-01,-1.06e-04,
13510,1.92e-01,-1.06e-04,
13511,1.92e-01,-1.06e-04,
13512,1.92e-01,-1.06e-04,
13513,1.84e-01,-1.06e-04,
13514,1.84e-01,-1.06e-04,
13515,1.92e-01,-1.06e-04,
13516,1.92e-01,-1.06e-04,
13517,1.84e-01,-1.06e-04,
13518,1.92e-01,-1.06e-04,
13519,1.92e-01,-1.06e-04,
13520,1.92e-01,-1.06e-04,
13521,1.84e-01,-1.06e-04,
13522,1.92e-01,-1.06e-04,
13523,1.92e-01,-1.06e-04,
13524,1.92e-01,-1.06e-04,
13525,1.92e-01,-1.06e-04,
13526,1.92e-01,-1.06e-04,
13527,1.92e-01,-1.06e-04,
13528,1.92e-01,-8.00e-01,
13529,1.92e-01,-1.06e-04,
13530,1.92e-01,-1.06e-04,
13531,1.92e-01,-1.06e-04,
13532,1.92e-01,-1.06e-04,
13533,1.92e-01,-1.06e-04,
13534,1.92e-01,-1.06e-04,
13535,1.92e-01,-1.06e-04,
13536,1.92e-01,-1.06e-04,
13537,1.92e-01,-1.06e-04,
13538,1.92e-01,-1.06e-04,
13539,1.92e-01,-1.06e-04,
13540,1.92e-01,-1.06e-04,
13541,1.84e-01,-1.06e-04,
13542,1.92e-01,-1.06e-04,
13543,1.92e-01,-1.06e-04,
13544,1.92e-01,-8.00e-01,
13545,1.92e-01,-1.06e-04,
13546,1.92e-01,-1.06e-04,
13547,1.92e-01,-1.06e-04,
13548,1.92e-01,-8.00e-01,
13549,1.92e-01,-1.06e-04,
13550,1.92e-01,-1.06e-04,
13551,1.92e-01,-1.06e-04,
13552,1.92e-01,-1.06e-04,
13553,1.92e-01,-1.06e-04,
13554,1.92e-01,-1.06e-04,
13555,1.92e-01,-1.06e-04,
13556,1.92e-01,-8.00e-01,
13557,1.92e-01,-1.06e-04,
13558,1.92e-01,-1.06e-04,
13559,1.92e-01,-1.06e-04,
13560,1.92e-01,-1.06e-04,
13561,1.92e-01,-8.00e-01,
13562,1.92e-01,-1.06e-04,
13563,1.92e-01,-1.06e-04,
13564,1.92e-01,-1.06e-04,
13565,1.92e-01,-1.06e-04,
13566,1.92e-01,-1.06e-04,
13567,1.92e-01,-1.06e-04,
13568,1.92e-01,-1.06e-04,
13569,1.92e-01,-8.00e-01,
13570,1.92e-01,8.00e-01,
13571,1.92e-01,-1.06e-04,
13572,1.92e-01,-8.00e-01,
13573,1.92e-01,-1.06e-04,
13574,1.92e-01,-1.06e-04,
13575,1.92e-01,-1.06e-04,
13576,1.92e-01,-8.00e-01,
13577,1.92e-01,-1.06e-04,
13578,1.92e-01,-1.06e-04,
13579,1.92e-01,-1.06e-04,
13580,1.92e-01,-1.06e-04,
13581,1.92e-01,-1.06e-04,
13582,1.92e-01,-1.06e-04,
13583,1.92e-01,-1.06e-04,
13584,1.92e-01,-8.00e-01,
13585,1.92e-01,-1.06e-04,
13586,1.92e-01,-1.06e-04,
13587,1.92e-01,-1.06e-04,
13588,2.00e-01,-8.00e-01,
13589,1.92e-01,-1.06e-04,
13590,1.92e-01,-1.06e-04,
13591,1.92e-01,-1.06e-04,
13592,2.00e-01,-1.06e-04,
13593,1.92e-01,-1.06e-04,
13594,1.92e-01,-1.06e-04,
13595,1.92e-01,-1.06e-04,
13596,1.92e-01,-1.06e-04,
13597,1.92e-01,-1.06e-04,
13598,2.00e-01,-1.06e-04,
13599,1.92e-01,-1.06e-04,
13600,2.00e-01,-1.06e-04,
13601,1.92e-01,-1.06e-04,
13602,2.00e-01,-1.06e-04,
13603,1.92e-01,-1.06e-04,
13604,2.00e-01,-8.00e-01,
13605,1.92e-01,-1.06e-04,
13606,1.92e-01,-1.06e-04,
13607,2.00e-01,-1.06e-04,
13608,2.00e-01,-1.06e-04,
13609,1.92e-01,-1.06e-04,
13610,1.92e-01,-1.06e-04,
13611,2.00e-01,-1.06e-04,
13612,2.00e-01,-1.06e-04,
13613,2.00e-01,-1.06e-04,
13614,2.00e-01,-1.06e-04,
13615,2.00e-01,-1.06e-04,
13616,2.00e-01,-1.06e-04,
13617,1.92e-01,-1.06e-04,
13618,2.00e-01,-1.06e-04,
13619,2.00e-01,-1.06e-04,
13620,2.00e-01,-1.06e-04,
13621,2.00e-01,-1.06e-04,
13622,2.00e-01,-1.06e-04,
13623,2.00e-01,-1.06e-04,
13624,2.00e-01,-1.06e-04,
13625,1.92e-01,-1.06e-04,
13626,2.00e-01,-1.06e-04,
13627,2.00e-01,-1.06e-04,
13628,2.00e-01,-1.06e-04,
13629,2.00e-01,-1.06e-04,
13630,2.00e-01,-1.06e-04,
13631,2.00e-01,-1.06e-04,
13632,2.00e-01,-1.06e-04,
13633,2.00e-01,-1.06e-04,
13634,2.00e-01,-1.06e-04,
13635,2.00e-01,-1.06e-04,
13636,2.00e-01,-1.06e-04,
13637,2.00e-01,-1.06e-04,
13638,2.00e-01,-1.06e-04,
13639,2.00e-01,-1.06e-04,
13640,2.00e-01,-1.06e-04,
13641,2.00e-01,-1.06e-04,
13642,2.00e-01,-1.06e-04,
13643,2.00e-01,-1.06e-04,
13644,2.00e-01,-1.06e-04,
13645,2.00e-01,-1.06e-04,
13646,2.00e-01,-1.06e-04,
13647,2.00e-01,-1.06e-04,
13648,2.00e-01,-8.00e-01,
13649,2.00e-01,-1.06e-04,
13650,2.00e-01,-1.06e-04,
13651,2.00e-01,-1.06e-04,
13652,2.00e-01,-1.06e-04,
13653,2.00e-01,-1.06e-04,
13654,2.00e-01,-1.06e-04,
13655,2.00e-01,-1.06e-04,
13656,2.00e-01,-8.00e-01,
13657,2.00e-01,-1.06e-04,
13658,2.00e-01,-1.06e-04,
13659,2.00e-01,-1.06e-04,
13660,2.00e-01,-1.06e-04,
13661,2.00e-01,-1.06e-04,
13662,2.00e-01,-1.06e-04,
13663,2.00e-01,-1.06e-04,
13664,2.00e-01,-1.06e-04,
13665,2.00e-01,-1.06e-04,
13666,2.00e-01,-1.06e-04,
13667,2.00e-01,-1.06e-04,
13668,2.00e-01,-1.06e-04,
13669,2.00e-01,-1.06e-04,
13670,2.00e-01,-1.06e-04,
13671,2.00e-01,-1.06e-04,
13672,2.00e-01,-1.06e-04,
13673,2.00e-01,-1.06e-04,
13674,2.00e-01,-1.06e-04,
13675,2.00e-01,-1.06e-04,
13676,2.00e-01,-1.06e-04,
13677,2.00e-01,-1.06e-04,
13678,2.00e-01,-1.06e-04,
13679,2.08e-01,-1.06e-04,
13680,2.08e-01,-1.06e-04,
13681,2.00e-01,-1.06e-04,
13682,2.00e-01,-1.06e-04,
13683,2.08e-01,-1.06e-04,
13684,2.00e-01,-1.06e-04,
13685,2.00e-01,-1.06e-04,
13686,2.08e-01,-1.06e-04,
13687,2.00e-01,-1.06e-04,
13688,2.00e-01,-1.06e-04,
13689,2.00e-01,-1.06e-04,
13690,2.00e-01,-1.06e-04,
13691,2.08e-01,-1.06e-04,
13692,2.00e-01,-1.06e-04,
13693,2.00e-01,-1.06e-04,
13694,2.00e-01,-1.06e-04,
13695,2.08e-01,-1.06e-04,
13696,2.00e-01,-1.06e-04,
13697,2.00e-01,-1.06e-04,
13698,2.08e-01,-1.06e-04,
13699,2.08e-01,-1.06e-04,
13700,2.08e-01,-1.06e-04,
13701,2.00e-01,-1.06e-04,
13702,2.08e-01,-1.06e-04,
13703,2.08e-01,-1.06e-04,
13704,2.08e-01,-1.06e-04,
13705,2.00e-01,-1.06e-04,
13706,2.08e-01,-1.06e-04,
13707,2.08e-01,-1.06e-04,
13708,2.08e-01,-1.06e-04,
13709,2.00e-01,-1.06e-04,
13710,2.08e-01,-1.06e-04,
13711,2.08e-01,-1.06e-04,
13712,2.08e-01,-1.06e-04,
13713,2.08e-01,-1.06e-04,
13714,2.08e-01,-1.06e-04,
13715,2.08e-01,-1.06e-04,
13716,2.08e-01,-1.06e-04,
13717,2.00e-01,-1.06e-04,
13718,2.08e-01,-1.06e-04,
13719,2.08e-01,-1.06e-04,
13720,2.08e-01,-1.06e-04,
13721,2.08e-01,-1.06e-04,
13722,2.08e-01,-1.06e-04,
13723,2.08e-01,-1.06e-04,
13724,2.08e-01,-1.06e-04,
13725,2.08e-01,-1.06e-04,
13726,2.08e-01,-1.06e-04,
13727,2.08e-01,-1.06e-04,
13728,2.08e-01,-8.00e-01,
13729,2.08e-01,-1.06e-04,
13730,2.08e-01,-1.06e-04,
13731,2.08e-01,-1.06e-04,
13732,2.08e-01,-1.06e-04,
13733,2.08e-01,-1.06e-04,
13734,2.08e-01,-1.06e-04,
13735,2.08e-01,-1.06e-04,
13736,2.08e-01,-1.06e-04,
13737,2.08e-01,-1.06e-04,
13738,2.08e-01,-1.06e-04,
13739,2.08e-01,-1.06e-04,
13740,2.08e-01,-1.06e-04,
13741,2.08e-01,-1.06e-04,
13742,2.08e-01,-1.06e-04,
13743,2.08e-01,-1.06e-04,
13744,2.08e-01,-1.06e-04,
13745,2.08e-01,-1.06e-04,
13746,2.08e-01,-1.06e-04,
13747,2.08e-01,-1.06e-04,
13748,2.08e-01,-8.00e-01,
13749,2.08e-01,-1.06e-04,
13750,2.08e-01,-1.06e-04,
13751,2.08e-01,-1.06e-04,
13752,2.08e-01,-1.06e-04,
13753,2.08e-01,-1.06e-04,
13754,2.08e-01,-1.06e-04,
13755,2.08e-01,-1.06e-04,
13756,2.08e-01,-1.06e-04,
13757,2.08e-01,-1.06e-04,
13758,2.08e-01,-1.06e-04,
13759,2.08e-01,-1.06e-04,
13760,2.08e-01,-1.06e-04,
13761,2.08e-01,-8.00e-01,
13762,2.08e-01,-1.06e-04,
13763,2.08e-01,-1.06e-04,
13764,2.08e-01,-1.06e-04,
13765,2.08e-01,-1.06e-04,
13766,2.08e-01,-1.06e-04,
13767,2.08e-01,-1.06e-04,
13768,2.08e-01,-1.06e-04,
13769,2.16e-01,-8.00e-01,
13770,2.08e-01,8.00e-01,
13771,2.16e-01,-1.06e-04,
13772,2.08e-01,-8.00e-01,
13773,2.08e-01,-1.06e-04,
13774,2.16e-01,-1.06e-04,
13775,2.08e-01,-1.06e-04,
13776,2.08e-01,-1.06e-04,
13777,2.08e-01,-1.06e-04,
13778,2.08e-01,-1.06e-04,
13779,2.08e-01,-1.06e-04,
13780,2.08e-01,-1.06e-04,
13781,2.08e-01,-1.06e-04,
13782,2.08e-01,-1.06e-04,
13783,2.08e-01,-1.06e-04,
13784,2.08e-01,-1.06e-04,
13785,2.08e-01,-1.06e-04,
13786,2.08e-01,-1.06e-04,
13787,2.08e-01,-1.06e-04,
13788,2.16e-01,-1.06e-04,
13789,2.08e-01,-1.06e-04,
13790,2.08e-01,-1.06e-04,
13791,2.16e-01,-1.06e-04,
13792,2.08e-01,-1.06e-04,
13793,2.08e-01,-1.06e-04,
13794,2.08e-01,-1.06e-04,
13795,2.16e-01,-1.06e-04,
13796,2.16e-01,-1.06e-04,
13797,2.08e-01,-1.06e-04,
13798,2.16e-01,-1.06e-04,
13799,2.16e-01,-1.06e-04,
13800,2.16e-01,-1.06e-04,
13801,2.08e-01,-1.06e-04,
13802,2.08e-01,-1.06e-04,
13803,2.16e-01,-1.06e-04,
13804,2.16e-01,-1.06e-04,
13805,2.16e-01,-1.06e-04,
13806,2.16e-01,-1.06e-04,
13807,2.16e-01,-1.06e-04,
13808,2.16e-01,-1.06e-04,
13809,2.16e-01,-1.06e-04,
13810,2.16e-01,-1.06e-04,
13811,2.16e-01,-1.06e-04,
13812,2.16e-01,-1.06e-04,
13813,2.16e-01,-1.06e-04,
13814,2.16e-01,-1.06e-04,
13815,2.16e-01,-1.06e-04,
13816,2.16e-01,-1.06e-04,
13817,2.16e-01,-1.06e-04,
13818,2.16e-01,-1.06e-04,
13819,2.16e-01,-1.06e-04,
13820,2.16e-01,-1.06e-04,
13821,2.16e-01,-1.06e-04,
13822,2.16e-01,-1.06e-04,
13823,2.16e-01,-1.06e-04,
13824,2.16e-01,-1.06e-04,
13825,2.16e-01,-1.06e-04,
13826,2.16e-01,-1.06e-04,
13827,2.16e-01,-1.06e-04,
13828,2.16e-01,-8.00e-01,
13829,2.16e-01,-1.06e-04,
13830,2.16e-01,-1.06e-04,
13831,2.16e-01,-1.06e-04,
13832,2.16e-01,-1.06e-04,
13833,2.16e-01,-1.06e-04,
13834,2.16e-01,-1.06e-04,
13835,2.16e-01,-1.06e-04,
13836,2.16e-01,-1.06e-04,
13837,2.16e-01,-1.06e-04,
13838,2.16e-01,-1.06e-04,
13839,2.16e-01,-1.06e-04,
13840,2.16e-01,-1.06e-04,
13841,2.16e-01,-1.06e-04,
13842,2.16e-01,-1.06e-04,
13843,2.16e-01,-1.06e-04,
13844,2.16e-01,-1.06e-04,
13845,2.16e-01,-1.06e-04,
13846,2.16e-01,-1.06e-04,
13847,2.16e-01,-1.06e-04,
13848,2.16e-01,-1.06e-04,
13849,2.16e-01,-1.06e-04,
13850,2.16e-01,-1.06e-04,
13851,2.16e-01,-1.06e-04,
13852,2.16e-01,-1.06e-04,
13853,2.16e-01,-1.06e-04,
13854,2.16e-01,-1.06e-04,
13855,2.24e-01,-1.06e-04,
13856,2.16e-01,-1.06e-04,
13857,2.16e-01,-1.06e-04,
13858,2.16e-01,-1.06e-04,
13859,2.16e-01,-1.06e-04,
13860,2.16e-01,-1.06e-04,
13861,2.16e-01,-1.06e-04,
13862,2.16e-01,-1.06e-04,
13863,2.24e-01,-1.06e-04,
13864,2.16e-01,-1.06e-04,
13865,2.16e-01,-1.06e-04,
13866,2.16e-01,-1.06e-04,
13867,2.16e-01,-1.06e-04,
13868,2.16e-01,-1.06e-04,
13869,2.16e-01,-1.06e-04,
13870,2.16e-01,-1.06e-04,
13871,2.16e-01,-1.06e-04,
13872,2.16e-01,-1.06e-04,
13873,2.16e-01,-1.06e-04,
13874,2.16e-01,-1.06e-04,
13875,2.16e-01,-1.06e-04,
13876,2.24e-01,-1.06e-04,
13877,2.16e-01,-1.06e-04,
13878,2.16e-01,-1.06e-04,
13879,2.24e-01,-1.06e-04,
13880,2.24e-01,-1.06e-04,
13881,2.16e-01,-1.06e-04,
13882,2.16e-01,-1.06e-04,
13883,2.24e-01,-1.06e-04,
13884,2.24e-01,-1.06e-04,
13885,2.16e-01,-1.06e-04,
13886,2.24e-01,-1.06e-04,
13887,2.24e-01,-1.06e-04,
13888,2.24e-01,-8.00e-01,
13889,2.16e-01,-1.06e-04,
13890,2.16e-01,-1.06e-04,
13891,2.24e-01,-1.06e-04,
13892,2.24e-01,-1.06e-04,
13893,2.24e-01,-1.06e-04,
13894,2.24e-01,-1.06e-04,
13895,2.24e-01,-1.06e-04,
13896,2.24e-01,-1.06e-04,
13897,2.24e-01,-1.06e-04,
13898,2.24e-01,-1.06e-04,
13899,2.24e-01,-1.06e-04,
13900,2.24e-01,-1.06e-04,
13901,2.24e-01,-1.06e-04,
13902,2.24e-01,-1.06e-04,
13903,2.24e-01,-1.06e-04,
13904,2.24e-01,-1.06e-04,
13905,2.24e-01,-1.06e-04,
13906,2.16e-01,-1.06e-04,
13907,2.24e-01,-1.06e-04,
13908,2.24e-01,-1.06e-04,
13909,2.24e-01,-1.06e-04,
13910,2.24e-01,-1.06e-04,
13911,2.24e-01,-1.06e-04,
13912,2.24e-01,-1.06e-04,
13913,2.24e-01,-1.06e-04,
13914,2.24e-01,-1.06e-04,
13915,2.24e-01,-1.06e-04,
13916,2.24e-01,-1.06e-04,
13917,2.24e-01,-1.06e-04,
13918,2.24e-01,-1.06e-04,
13919,2.24e-01,-1.06e-04,
13920,2.24e-01,-1.06e-04,
13921,2.24e-01,-1.06e-04,
13922,2.24e-01,-1.06e-04,
13923,2.24e-01,-1.06e-04,
13924,2.24e-01,-1.06e-04,
13925,2.24e-01,-1.06e-04,
13926,2.24e-01,-1.06e-04,
13927,2.24e-01,-1.06e-04,
13928,2.24e-01,-1.06e-04,
13929,2.24e-01,-1.06e-04,
13930,2.24e-01,-1.06e-04,
13931,2.24e-01,-1.06e-04,
13932,2.24e-01,-1.06e-04,
13933,2.24e-01,-1.06e-04,
13934,2.24e-01,-1.06e-04,
13935,2.24e-01,-1.06e-04,
13936,2.24e-01,-1.06e-04,
13937,2.24e-01,-1.06e-04,
13938,2.24e-01,-1.06e-04,
13939,2.24e-01,-1.06e-04,
13940,2.24e-01,-1.06e-04,
13941,2.24e-01,-1.06e-04,
13942,2.24e-01,-1.06e-04,
13943,2.24e-01,-1.06e-04,
13944,2.24e-01,-1.06e-04,
13945,2.24e-01,-1.06e-04,
13946,2.24e-01,-1.06e-04,
13947,2.24e-01,-1.06e-04,
13948,2.24e-01,-8.00e-01,
13949,2.24e-01,-1.06e-04,
13950,2.24e-01,-1.06e-04,
13951,2.32e-01,-1.06e-04,
13952,2.24e-01,-1.06e-04,
13953,2.24e-01,-1.06e-04,
13954,2.24e-01,-1.06e-04,
13955,2.24e-01,-1.06e-04,
13956,2.24e-01,-1.06e-04,
13957,2.24e-01,-1.06e-04,
13958,2.24e-01,-1.06e-04,
13959,2.24e-01,-1.06e-04,
13960,2.24e-01,-1.06e-04,
13961,2.24e-01,-1.06e-04,
13962,2.24e-01,-1.06e-04,
13963,2.24e-01,-1.06e-04,
13964,2.24e-01,-1.06e-04,
13965,2.24e-01,-1.06e-04,
13966,2.24e-01,-1.06e-04,
13967,2.32e-01,-1.06e-04,
13968,2.24e-01,-1.06e-04,
13969,2.32e-01,-8.00e-01,
13970,2.24e-01,8.00e-01,
13971,2.32e-01,-1.06e-04,
13972,2.32e-01,-8.00e-01,
13973,2.24e-01,-1.06e-04,
13974,2.32e-01,-1.06e-04,
13975,2.24e-01,-1.06e-04,
13976,2.32e-01,-1.06e-04,
13977,2.24e-01,-1.06e-04,
13978,2.24e-01,-1.06e-04,
13979,2.32e-01,-1.06e-04,
13980,2.32e-01,-1.06e-04,
13981,2.32e-01,-1.06e-04,
13982,2.24e-01,-1.06e-04,
13983,2.32e-01,-1.06e-04,
13984,2.32e-01,-1.06e-04,
13985,2.24e-01,-1.06e-04,
13986,2.32e-01,-1.06e-04,
13987,2.32e-01,-1.06e-04,
13988,2.32e-01,-1.06e-04,
13989,2.32e-01,-1.06e-04,
13990,2.32e-01,-1.06e-04,
13991,2.32e-01,-1.06e-04,
13992,2.32e-01,-1.06e-04,
13993,2.32e-01,-1.06e-04,
13994,2.32e-01,-1.06e-04,
13995,2.32e-01,-1.06e-04,
13996,2.32e-01,-1.06e-04,
13997,2.32e-01,-1.06e-04,
13998,2.32e-01,-1.06e-04,
13999,2.32e-01,-1.06e-04,
14000,2.32e-01,-1.06e-04,
14001,2.32e-01,-1.06e-04,
14002,2.32e-01,-1.06e-04,
14003,2.32e-01,-1.06e-04,
14004,2.32e-01,-1.06e-04,
14005,2.32e-01,-1.06e-04,
14006,2.32e-01,-1.06e-04,
14007,2.32e-01,-1.06e-04,
14008,2.32e-01,-1.06e-04,
14009,2.32e-01,-1.06e-04,
14010,2.32e-01,-1.06e-04,
14011,2.32e-01,-1.06e-04,
14012,2.32e-01,-1.06e-04,
14013,2.32e-01,-1.06e-04,
14014,2.32e-01,-1.06e-04,
14015,2.32e-01,-1.06e-04,
14016,2.32e-01,-1.06e-04,
14017,2.32e-01,-1.06e-04,
14018,2.32e-01,-1.06e-04,
14019,2.32e-01,-1.06e-04,
14020,2.32e-01,-1.06e-04,
14021,2.32e-01,-1.06e-04,
14022,2.32e-01,-1.06e-04,
14023,2.32e-01,-1.06e-04,
14024,2.32e-01,-1.06e-04,
14025,2.32e-01,-1.06e-04,
14026,2.32e-01,-1.06e-04,
14027,2.32e-01,-1.06e-04,
14028,2.32e-01,-1.06e-04,
14029,2.32e-01,-1.06e-04,
14030,2.32e-01,-1.06e-04,
14031,2.32e-01,-1.06e-04,
14032,2.32e-01,-1.06e-04,
14033,2.32e-01,-1.06e-04,
14034,2.32e-01,-1.06e-04,
14035,2.32e-01,-1.06e-04,
14036,2.32e-01,-1.06e-04,
14037,2.32e-01,-1.06e-04,
14038,2.32e-01,-1.06e-04,
14039,2.32e-01,-1.06e-04,
14040,2.32e-01,-1.06e-04,
14041,2.32e-01,-1.06e-04,
14042,2.32e-01,-1.06e-04,
14043,2.32e-01,-1.06e-04,
14044,2.32e-01,-1.06e-04,
14045,2.32e-01,-1.06e-04,
14046,2.32e-01,-1.06e-04,
14047,2.32e-01,-1.06e-04,
14048,2.32e-01,-8.00e-01,
14049,2.32e-01,-1.06e-04,
14050,2.32e-01,-1.06e-04,
14051,2.32e-01,-1.06e-04,
14052,2.32e-01,-1.06e-04,
14053,2.32e-01,-1.06e-04,
14054,2.32e-01,-1.06e-04,
14055,2.40e-01,-1.06e-04,
14056,2.40e-01,-1.06e-04,
14057,2.32e-01,-1.06e-04,
14058,2.32e-01,-1.06e-04,
14059,2.40e-01,-1.06e-04,
14060,2.40e-01,-1.06e-04,
14061,2.40e-01,-1.06e-04,
14062,2.32e-01,-1.06e-04,
14063,2.40e-01,-1.06e-04,
14064,2.40e-01,-1.06e-04,
14065,2.32e-01,-1.06e-04,
14066,2.32e-01,-1.06e-04,
14067,2.32e-01,-1.06e-04,
14068,2.40e-01,-1.06e-04,
14069,2.32e-01,-1.06e-04,
14070,2.40e-01,-1.06e-04,
14071,2.40e-01,-1.06e-04,
14072,2.32e-01,-1.06e-04,
14073,2.32e-01,-1.06e-04,
14074,2.32e-01,-1.06e-04,
14075,2.40e-01,-1.06e-04,
14076,2.40e-01,-1.06e-04,
14077,2.32e-01,-1.06e-04,
14078,2.32e-01,-1.06e-04,
14079,2.40e-01,-1.06e-04,
14080,2.40e-01,-1.06e-04,
14081,2.32e-01,-1.06e-04,
14082,2.40e-01,-1.06e-04,
14083,2.40e-01,-1.06e-04,
14084,2.40e-01,-1.06e-04,
14085,2.32e-01,-1.06e-04,
14086,2.40e-01,-1.06e-04,
14087,2.40e-01,-1.06e-04,
14088,2.40e-01,-8.00e-01,
14089,2.32e-01,-1.06e-04,
14090,2.40e-01,-1.06e-04,
14091,2.40e-01,-1.06e-04,
14092,2.40e-01,-1.06e-04,
14093,2.40e-01,-1.06e-04,
14094,2.40e-01,-1.06e-04,
14095,2.40e-01,-1.06e-04,
14096,2.40e-01,-1.06e-04,
14097,2.40e-01,-1.06e-04,
14098,2.40e-01,-1.06e-04,
14099,2.40e-01,-1.06e-04,
14100,2.40e-01,-1.06e-04,
14101,2.40e-01,-1.06e-04,
14102,2.40e-01,-1.06e-04,
14103,2.40e-01,-1.06e-04,
14104,2.40e-01,-1.06e-04,
14105,2.40e-01,-1.06e-04,
14106,2.40e-01,-1.06e-04,
14107,2.40e-01,-1.06e-04,
14108,2.40e-01,-1.06e-04,
14109,2.40e-01,-1.06e-04,
14110,2.40e-01,-1.06e-04,
14111,2.40e-01,-1.06e-04,
14112,2.40e-01,-1.06e-04,
14113,2.40e-01,-1.06e-04,
14114,2.40e-01,-1.06e-04,
14115,2.40e-01,-1.06e-04,
14116,2.40e-01,-1.06e-04,
14117,2.40e-01,-1.06e-04,
14118,2.40e-01,-1.06e-04,
14119,2.40e-01,-1.06e-04,
14120,2.40e-01,-1.06e-04,
14121,2.40e-01,-1.06e-04,
14122,2.40e-01,-1.06e-04,
14123,2.40e-01,-1.06e-04,
14124,2.40e-01,-1.06e-04,
14125,2.40e-01,-1.06e-04,
14126,2.40e-01,-1.06e-04,
14127,2.40e-01,-1.06e-04,
14128,2.40e-01,-1.06e-04,
14129,2.40e-01,-1.06e-04,
14130,2.40e-01,-1.06e-04,
14131,2.40e-01,-1.06e-04,
14132,2.40e-01,-1.06e-04,
14133,2.40e-01,-1.06e-04,
14134,2.40e-01,-1.06e-04,
14135,2.40e-01,-1.06e-04,
14136,2.40e-01,-1.06e-04,
14137,2.40e-01,-1.06e-04,
14138,2.40e-01,-1.06e-04,
14139,2.48e-01,-1.06e-04,
14140,2.40e-01,-1.06e-04,
14141,2.40e-01,-1.06e-04,
14142,2.40e-01,-1.06e-04,
14143,2.40e-01,-1.06e-04,
14144,2.40e-01,-1.06e-04,
14145,2.40e-01,-1.06e-04,
14146,2.40e-01,-1.06e-04,
14147,2.40e-01,-1.06e-04,
14148,2.48e-01,-1.06e-04,
14149,2.40e-01,-1.06e-04,
14150,2.40e-01,-1.06e-04,
14151,2.40e-01,-1.06e-04,
14152,2.40e-01,-1.06e-04,
14153,2.40e-01,-1.06e-04,
14154,2.40e-01,-1.06e-04,
14155,2.48e-01,-1.06e-04,
14156,2.48e-01,-1.06e-04,
14157,2.40e-01,-1.06e-04,
14158,2.40e-01,-1.06e-04,
14159,2.48e-01,-1.06e-04,
14160,2.48e-01,-1.06e-04,
14161,2.40e-01,-1.06e-04,
14162,2.48e-01,-1.06e-04,
14163,2.48e-01,-1.06e-04,
14164,2.48e-01,-1.06e-04,
14165,2.48e-01,-1.06e-04,
14166,2.40e-01,-1.06e-04,
14167,2.48e-01,-1.06e-04,
14168,2.40e-01,-1.06e-04,
14169,2.48e-01,-8.00e-01,
14170,2.40e-01,8.00e-01,
14171,2.48e-01,-1.06e-04,
14172,2.48e-01,-1.06e-04,
14173,2.40e-01,-1.06e-04,
14174,2.48e-01,-1.06e-04,
14175,2.48e-01,-1.06e-04,
14176,2.48e-01,-1.06e-04,
14177,2.40e-01,-1.06e-04,
14178,2.48e-01,-1.06e-04,
14179,2.48e-01,-1.06e-04,
14180,2.48e-01,-1.06e-04,
14181,2.48e-01,-1.06e-04,
14182,2.48e-01,-1.06e-04,
14183,2.48e-01,-1.06e-04,
14184,2.48e-01,-1.06e-04,
14185,2.48e-01,-1.06e-04,
14186,2.48e-01,-1.06e-04,
14187,2.48e-01,-1.06e-04,
14188,2.48e-01,-1.06e-04,
14189,2.48e-01,-1.06e-04,
14190,2.48e-01,-1.06e-04,
14191,2.48e-01,-1.06e-04,
14192,2.48e-01,-1.06e-04,
14193,2.48e-01,-1.06e-04,
14194,2.48e-01,-1.06e-04,
14195,2.48e-01,-1.06e-04,
14196,2.48e-01,-1.06e-04,
14197,2.48e-01,-1.06e-04,
14198,2.48e-01,-1.06e-04,
14199,2.48e-01,-1.06e-04,
14200,2.48e-01,-1.06e-04,
14201,2.48e-01,-1.06e-04,
14202,2.48e-01,-1.06e-04,
14203,2.48e-01,-1.06e-04,
14204,2.48e-01,-1.06e-04,
14205,2.48e-01,-1.06e-04,
14206,2.48e-01,-1.06e-04,
14207,2.48e-01,-1.06e-04,
14208,2.48e-01,-8.00e-01,
14209,2.48e-01,-1.06e-04,
14210,2.48e-01,-1.06e-04,
14211,2.48e-01,-1.06e-04,
14212,2.48e-01,-1.06e-04,
14213,2.48e-01,-1.06e-04,
14214,2.48e-01,-1.06e-04,
14215,2.48e-01,-1.06e-04,
14216,2.48e-01,-1.06e-04,
14217,2.48e-01,-1.06e-04,
14218,2.48e-01,-1.06e-04,
14219,2.48e-01,-1.06e-04,
14220,2.48e-01,-1.06e-04,
14221,2.48e-01,-1.06e-04,
14222,2.48e-01,-1.06e-04,
14223,2.48e-01,-1.06e-04,
14224,2.48e-01,-1.06e-04,
14225,2.48e-01,-1.06e-04,
14226,2.48e-01,-1.06e-04,
14227,2.48e-01,-1.06e-04,
14228,2.48e-01,-1.06e-04,
14229,2.48e-01,-1.06e-04,
14230,2.48e-01,-1.06e-04,
14231,2.48e-01,-1.06e-04,
14232,2.56e-01,-1.06e-04,
14233,2.48e-01,-1.06e-04,
14234,2.48e-01,-1.06e-04,
14235,2.56e-01,-1.06e-04,
14236,2.48e-01,-1.06e-04,
14237,2.48e-01,-1.06e-04,
14238,2.48e-01,-1.06e-04,
14239,2.48e-01,-1.06e-04,
14240,2.48e-01,-1.06e-04,
14241,2.48e-01,-1.06e-04,
14242,2.48e-01,-1.06e-04,
14243,2.48e-01,-1.06e-04,
14244,2.48e-01,-1.06e-04,
14245,2.48e-01,-1.06e-04,
14246,2.48e-01,-1.06e-04,
14247,2.56e-01,-1.06e-04,
14248,2.56e-01,-1.06e-04,
14249,2.48e-01,-1.06e-04,
14250,2.48e-01,-1.06e-04,
14251,2.56e-01,-1.06e-04,
14252,2.56e-01,-1.06e-04,
14253,2.48e-01,-1.06e-04,
14254,2.56e-01,-1.06e-04,
14255,2.56e-01,-1.06e-04,
14256,2.56e-01,-1.06e-04,
14257,2.48e-01,-1.06e-04,
14258,2.56e-01,-1.06e-04,
14259,2.56e-01,-1.06e-04,
14260,2.56e-01,-1.06e-04,
14261,2.56e-01,-1.06e-04,
14262,2.56e-01,-1.06e-04,
14263,2.56e-01,-1.06e-04,
14264,2.56e-01,-1.06e-04,
14265,2.48e-01,-1.06e-04,
14266,2.56e-01,-1.06e-04,
14267,2.56e-01,-1.06e-04,
14268,2.56e-01,-1.06e-04,
14269,2.56e-01,-1.06e-04,
14270,2.56e-01,-1.06e-04,
14271,2.56e-01,-1.06e-04,
14272,2.56e-01,-1.06e-04,
14273,2.48e-01,-1.06e-04,
14274,2.56e-01,-1.06e-04,
14275,2.56e-01,-1.06e-04,
14276,2.56e-01,-1.06e-04,
14277,2.56e-01,-1.06e-04,
14278,2.56e-01,-1.06e-04,
14279,2.56e-01,-1.06e-04,
14280,2.56e-01,-1.06e-04,
14281,2.56e-01,-1.06e-04,
14282,2.56e-01,-1.06e-04,
14283,2.56e-01,-1.06e-04,
14284,2.56e-01,-1.06e-04,
14285,2.56e-01,-1.06e-04,
14286,2.56e-01,-1.06e-04,
14287,2.56e-01,-1.06e-04,
14288,2.56e-01,-1.06e-04,
14289,2.56e-01,-1.06e-04,
14290,2.56e-01,-1.06e-04,
14291,2.56e-01,-1.06e-04,
14292,2.56e-01,-1.06e-04,
14293,2.56e-01,-1.06e-04,
14294,2.56e-01,-1.06e-04,
14295,2.56e-01,-1.06e-04,
14296,2.56e-01,-1.06e-04,
14297,2.56e-01,-1.06e-04,
14298,2.56e-01,-1.06e-04,
14299,2.56e-01,-1.06e-04,
14300,2.56e-01,-1.06e-04,
14301,2.56e-01,-1.06e-04,
14302,2.56e-01,-1.06e-04,
14303,2.56e-01,-1.06e-04,
14304,2.56e-01,-1.06e-04,
14305,2.56e-01,-1.06e-04,
14306,2.56e-01,-1.06e-04,
14307,2.56e-01,-1.06e-04,
14308,2.56e-01,-1.06e-04,
14309,2.56e-01,-1.06e-04,
14310,2.56e-01,-1.06e-04,
14311,2.56e-01,-1.06e-04,
14312,2.56e-01,-1.06e-04,
14313,2.56e-01,-1.06e-04,
14314,2.56e-01,-1.06e-04,
14315,2.56e-01,-1.06e-04,
14316,2.56e-01,-1.06e-04,
14317,2.56e-01,-1.06e-04,
14318,2.56e-01,-1.06e-04,
14319,2.56e-01,-1.06e-04,
14320,2.56e-01,-1.06e-04,
14321,2.56e-01,-1.06e-04,
14322,2.56e-01,-1.06e-04,
14323,2.56e-01,-1.06e-04,
14324,2.56e-01,-1.06e-04,
14325,2.56e-01,-1.06e-04,
14326,2.56e-01,-1.06e-04,
14327,2.56e-01,-1.06e-04,
14328,2.56e-01,-1.06e-04,
14329,2.56e-01,-1.06e-04,
14330,2.56e-01,-1.06e-04,
14331,2.64e-01,-1.06e-04,
14332,2.56e-01,-1.06e-04,
14333,2.64e-01,-1.06e-04,
14334,2.56e-01,-1.06e-04,
14335,2.64e-01,-1.06e-04,
14336,2.56e-01,-1.06e-04,
14337,2.64e-01,-1.06e-04,
14338,2.56e-01,-1.06e-04,
14339,2.64e-01,-1.06e-04,
14340,2.56e-01,-1.06e-04,
14341,2.56e-01,-1.06e-04,
14342,2.56e-01,-1.06e-04,
14343,2.64e-01,-1.06e-04,
14344,2.56e-01,-1.06e-04,
14345,2.56e-01,-1.06e-04,
14346,2.56e-01,-1.06e-04,
14347,2.64e-01,-1.06e-04,
14348,2.64e-01,-1.06e-04,
14349,2.56e-01,-1.06e-04,
14350,2.56e-01,-1.06e-04,
14351,2.64e-01,-1.06e-04,
14352,2.64e-01,-1.06e-04,
14353,2.64e-01,-1.06e-04,
14354,2.64e-01,-1.06e-04,
14355,2.64e-01,-1.06e-04,
14356,2.64e-01,-1.06e-04,
14357,2.56e-01,-1.06e-04,
14358,2.64e-01,-1.06e-04,
14359,2.64e-01,-1.06e-04,
14360,2.64e-01,-1.06e-04,
14361,2.64e-01,-1.06e-04,
14362,2.64e-01,-1.06e-04,
14363,2.64e-01,-1.06e-04,
14364,2.64e-01,-1.06e-04,
14365,2.64e-01,-1.06e-04,
14366,2.64e-01,-1.06e-04,
14367,2.64e-01,-1.06e-04,
14368,2.64e-01,-1.06e-04,
14369,2.64e-01,-8.00e-01,
14370,2.56e-01,8.00e-01,
14371,2.64e-01,-1.06e-04,
14372,2.64e-01,-1.06e-04,
14373,2.64e-01,-1.06e-04,
14374,2.64e-01,-1.06e-04,
14375,2.64e-01,-1.06e-04,
14376,2.64e-01,-1.06e-04,
14377,2.64e-01,-1.06e-04,
14378,2.64e-01,-1.06e-04,
14379,2.64e-01,-1.06e-04,
14380,2.64e-01,-1.06e-04,
14381,2.64e-01,-1.06e-04,
14382,2.64e-01,-1.06e-04,
14383,2.64e-01,-1.06e-04,
14384,2.64e-01,-1.06e-04,
14385,2.64e-01,-1.06e-04,
14386,2.64e-01,-1.06e-04,
14387,2.64e-01,-1.06e-04,
14388,2.64e-01,-1.06e-04,
14389,2.64e-01,-1.06e-04,
14390,2.64e-01,-1.06e-04,
14391,2.64e-01,-1.06e-04,
14392,2.64e-01,-1.06e-04,
14393,2.64e-01,-1.06e-04,
14394,2.64e-01,-1.06e-04,
14395,2.64e-01,-1.06e-04,
14396,2.64e-01,-1.06e-04,
14397,2.64e-01,-1.06e-04,
14398,2.64e-01,-1.06e-04,
14399,2.64e-01,-1.06e-04,
14400,2.64e-01,-1.06e-04,
14401,2.64e-01,-1.06e-04,
14402,2.64e-01,-1.06e-04,
14403,2.64e-01,-1.06e-04,
14404,2.64e-01,-1.06e-04,
14405,2.64e-01,-1.06e-04,
14406,2.64e-01,-1.06e-04,
14407,2.64e-01,-1.06e-04,
14408,2.64e-01,-1.06e-04,
14409,2.64e-01,-1.06e-04,
14410,2.64e-01,-1.06e-04,
14411,2.72e-01,-1.06e-04,
14412,2.64e-01,-1.06e-04,
14413,2.64e-01,-1.06e-04,
14414,2.64e-01,-1.06e-04,
14415,2.64e-01,-1.06e-04,
14416,2.64e-01,-1.06e-04,
14417,2.64e-01,-1.06e-04,
14418,2.64e-01,-1.06e-04,
14419,2.72e-01,-1.06e-04,
14420,2.64e-01,-1.06e-04,
14421,2.64e-01,-1.06e-04,
14422,2.64e-01,-1.06e-04,
14423,2.72e-01,-1.06e-04,
14424,2.64e-01,-1.06e-04,
14425,2.64e-01,-1.06e-04,
14426,2.64e-01,-1.06e-04,
14427,2.64e-01,-1.06e-04,
14428,2.64e-01,-1.06e-04,
14429,2.64e-01,-1.06e-04,
14430,2.64e-01,-1.06e-04,
14431,2.72e-01,-1.06e-04,
14432,2.64e-01,-1.06e-04,
14433,2.64e-01,-1.06e-04,
14434,2.64e-01,-1.06e-04,
14435,2.72e-01,-1.06e-04,
14436,2.72e-01,-1.06e-04,
14437,2.64e-01,-1.06e-04,
14438,2.64e-01,-1.06e-04,
14439,2.72e-01,-1.06e-04,
14440,2.72e-01,-1.06e-04,
14441,2.64e-01,-1.06e-04,
14442,2.72e-01,-1.06e-04,
14443,2.72e-01,-1.06e-04,
14444,2.72e-01,-1.06e-04,
14445,2.64e-01,-1.06e-04,
14446,2.72e-01,-1.06e-04,
14447,2.72e-01,-1.06e-04,
14448,2.72e-01,-1.06e-04,
14449,2.72e-01,-1.06e-04,
14450,2.72e-01,-1.06e-04,
14451,2.72e-01,-1.06e-04,
14452,2.64e-01,-1.06e-04,
14453,2.72e-01,-1.06e-04,
14454,2.72e-01,-1.06e-04,
14455,2.72e-01,-1.06e-04,
14456,2.72e-01,-1.06e-04,
14457,2.72e-01,-1.06e-04,
14458,2.72e-01,-1.06e-04,
14459,2.72e-01,-1.06e-04,
14460,2.72e-01,-1.06e-04,
14461,2.72e-01,-1.06e-04,
14462,2.72e-01,-1.06e-04,
14463,2.72e-01,-1.06e-04,
14464,2.72e-01,-1.06e-04,
14465,2.72e-01,-1.06e-04,
14466,2.72e-01,-1.06e-04,
14467,2.72e-01,-1.06e-04,
14468,2.72e-01,-1.06e-04,
14469,2.72e-01,-1.06e-04,
14470,2.72e-01,-1.06e-04,
14471,2.72e-01,-1.06e-04,
14472,2.72e-01,-1.06e-04,
14473,2.72e-01,-1.06e-04,
14474,2.72e-01,-1.06e-04,
14475,2.72e-01,-1.06e-04,
14476,2.72e-01,-1.06e-04,
14477,2.72e-01,-1.06e-04,
14478,2.72e-01,-1.06e-04,
14479,2.72e-01,-1.06e-04,
14480,2.72e-01,-1.06e-04,
14481,2.72e-01,-1.06e-04,
14482,2.72e-01,-1.06e-04,
14483,2.72e-01,-1.06e-04,
14484,2.72e-01,-1.06e-04,
14485,2.72e-01,-1.06e-04,
14486,2.72e-01,-1.06e-04,
14487,2.72e-01,-1.06e-04,
14488,2.72e-01,-1.06e-04,
14489,2.72e-01,-1.06e-04,
14490,2.72e-01,-1.06e-04,
14491,2.72e-01,-1.06e-04,
14492,2.72e-01,-1.06e-04,
14493,2.72e-01,-1.06e-04,
14494,2.72e-01,-1.06e-04,
14495,2.72e-01,-1.06e-04,
14496,2.72e-01,-1.06e-04,
14497,2.72e-01,-1.06e-04,
14498,2.72e-01,-1.06e-04,
14499,2.72e-01,-1.06e-04,
14500,2.72e-01,-1.06e-04,
14501,2.72e-01,-1.06e-04,
14502,2.72e-01,-1.06e-04,
14503,2.72e-01,-1.06e-04,
14504,2.72e-01,-1.06e-04,
14505,2.72e-01,-1.06e-04,
14506,2.72e-01,-1.06e-04,
14507,2.72e-01,-1.06e-04,
14508,2.72e-01,-1.06e-04,
14509,2.72e-01,-1.06e-04,
14510,2.72e-01,-1.06e-04,
14511,2.80e-01,-1.06e-04,
14512,2.72e-01,-1.06e-04,
14513,2.72e-01,-1.06e-04,
14514,2.72e-01,-1.06e-04,
14515,2.72e-01,-1.06e-04,
14516,2.80e-01,-1.06e-04,
14517,2.72e-01,-1.06e-04,
14518,2.72e-01,-1.06e-04,
14519,2.80e-01,-1.06e-04,
14520,2.80e-01,-1.06e-04,
14521,2.72e-01,-1.06e-04,
14522,2.72e-01,-1.06e-04,
14523,2.80e-01,-1.06e-04,
14524,2.80e-01,-1.06e-04,
14525,2.72e-01,-1.06e-04,
14526,2.80e-01,-1.06e-04,
14527,2.80e-01,-1.06e-04,
14528,2.72e-01,-1.06e-04,
14529,2.72e-01,-1.06e-04,
14530,2.80e-01,-1.06e-04,
14531,2.80e-01,-1.06e-04,
14532,2.80e-01,-1.06e-04,
14533,2.72e-01,-1.06e-04,
14534,2.72e-01,-1.06e-04,
14535,2.80e-01,-1.06e-04,
14536,2.80e-01,-1.06e-04,
14537,2.72e-01,-1.06e-04,
14538,2.80e-01,-1.06e-04,
14539,2.80e-01,-1.06e-04,
14540,2.80e-01,-1.06e-04,
14541,2.80e-01,-1.06e-04,
14542,2.80e-01,-1.06e-04,
14543,2.80e-01,-1.06e-04,
14544,2.80e-01,-1.06e-04,
14545,2.72e-01,-1.06e-04,
14546,2.80e-01,-1.06e-04,
14547,2.80e-01,-1.06e-04,
14548,2.80e-01,-1.06e-04,
14549,2.72e-01,-1.06e-04,
14550,2.80e-01,-1.06e-04,
14551,2.80e-01,-1.06e-04,
14552,2.80e-01,-1.06e-04,
14553,2.72e-01,-1.06e-04,
14554,2.80e-01,-1.06e-04,
14555,2.80e-01,-1.06e-04,
14556,2.80e-01,-1.06e-04,
14557,2.80e-01,-1.06e-04,
14558,2.80e-01,-1.06e-04,
14559,2.80e-01,-1.06e-04,
14560,2.80e-01,-1.06e-04,
14561,2.80e-01,-1.06e-04,
14562,2.80e-01,-1.06e-04,
14563,2.80e-01,-1.06e-04,
14564,2.80e-01,-1.06e-04,
14565,2.80e-01,-1.06e-04,
14566,2.80e-01,-1.06e-04,
14567,2.80e-01,-1.06e-04,
14568,2.80e-01,-1.06e-04,
14569,2.80e-01,-8.00e-01,
14570,2.72e-01,8.00e-01,
14571,2.80e-01,-1.06e-04,
14572,2.80e-01,-1.06e-04,
14573,2.80e-01,-1.06e-04,
14574,2.80e-01,-1.06e-04,
14575,2.80e-01,-1.06e-04,
14576,2.80e-01,-1.06e-04,
14577,2.80e-01,-1.06e-04,
14578,2.80e-01,-1.06e-04,
14579,2.80e-01,-1.06e-04,
14580,2.80e-01,-1.06e-04,
14581,2.80e-01,-1.06e-04,
14582,2.80e-01,-1.06e-04,
14583,2.80e-01,-1.06e-04,
14584,2.80e-01,-1.06e-04,
14585,2.80e-01,-1.06e-04,
14586,2.80e-01,-1.06e-04,
14587,2.80e-01,-1.06e-04,
14588,2.80e-01,-1.06e-04,
14589,2.80e-01,-1.06e-04,
14590,2.80e-01,-1.06e-04,
14591,2.80e-01,-1.06e-04,
14592,2.80e-01,-1.06e-04,
14593,2.80e-01,-1.06e-04,
14594,2.80e-01,-1.06e-04,
14595,2.80e-01,-1.06e-04,
14596,2.80e-01,-1.06e-04,
14597,2.80e-01,-1.06e-04,
14598,2.80e-01,-1.06e-04,
14599,2.88e-01,-1.06e-04,
14600,2.80e-01,-1.06e-04,
14601,2.80e-01,-1.06e-04,
14602,2.80e-01,-1.06e-04,
14603,2.80e-01,-1.06e-04,
14604,2.80e-01,-1.06e-04,
14605,2.80e-01,-1.06e-04,
14606,2.80e-01,-1.06e-04,
14607,2.80e-01,-1.06e-04,
14608,2.80e-01,-1.06e-04,
14609,2.80e-01,-1.06e-04,
14610,2.80e-01,-1.06e-04,
14611,2.80e-01,-1.06e-04,
14612,2.88e-01,-1.06e-04,
14613,2.80e-01,-1.06e-04,
14614,2.80e-01,-1.06e-04,
14615,2.88e-01,-1.06e-04,
14616,2.80e-01,-1.06e-04,
14617,2.80e-01,-1.06e-04,
14618,2.80e-01,-1.06e-04,
14619,2.88e-01,-1.06e-04,
14620,2.88e-01,-1.06e-04,
14621,2.80e-01,-1.06e-04,
14622,2.80e-01,-1.06e-04,
14623,2.88e-01,-1.06e-04,
14624,2.88e-01,-1.06e-04,
14625,2.80e-01,-1.06e-04,
14626,2.80e-01,-1.06e-04,
14627,2.88e-01,-1.06e-04,
14628,2.88e-01,-1.06e-04,
14629,2.80e-01,-1.06e-04,
14630,2.80e-01,-1.06e-04,
14631,2.88e-01,-1.06e-04,
14632,2.88e-01,-1.06e-04,
14633,2.80e-01,-1.06e-04,
14634,2.88e-01,-1.06e-04,
14635,2.88e-01,-1.06e-04,
14636,2.88e-01,-1.06e-04,
14637,2.80e-01,-1.06e-04,
14638,2.88e-01,-1.06e-04,
14639,2.88e-01,-1.06e-04,
14640,2.88e-01,-1.06e-04,
14641,2.88e-01,-1.06e-04,
14642,2.88e-01,8.00e-01,
14643,2.88e-01,-1.06e-04,
14644,2.88e-01,-1.06e-04,
14645,2.88e-01,-1.06e-04,
14646,2.88e-01,-1.06e-04,
14647,2.88e-01,-1.06e-04,
14648,2.88e-01,-1.06e-04,
14649,2.88e-01,-1.06e-04,
14650,2.88e-01,-1.06e-04,
14651,2.88e-01,-1.06e-04,
14652,2.88e-01,-1.06e-04,
14653,2.88e-01,-1.06e-04,
14654,2.88e-01,-1.06e-04,
14655,2.88e-01,-1.06e-04,
14656,2.88e-01,-1.06e-04,
14657,2.88e-01,-1.06e-04,
14658,2.88e-01,-1.06e-04,
14659,2.88e-01,-1.06e-04,
14660,2.88e-01,-1.06e-04,
14661,2.88e-01,-1.06e-04,
14662,2.88e-01,-1.06e-04,
14663,2.88e-01,-1.06e-04,
14664,2.88e-01,-1.06e-04,
14665,2.88e-01,-1.06e-04,
14666,2.88e-01,-1.06e-04,
14667,2.88e-01,-1.06e-04,
14668,2.88e-01,-1.06e-04,
14669,2.88e-01,-1.06e-04,
14670,2.88e-01,-1.06e-04,
14671,2.88e-01,-1.06e-04,
14672,2.88e-01,-1.06e-04,
14673,2.88e-01,-1.06e-04,
14674,2.88e-01,-1.06e-04,
14675,2.88e-01,-1.06e-04,
14676,2.88e-01,-1.06e-04,
14677,2.88e-01,-1.06e-04,
14678,2.88e-01,-1.06e-04,
14679,2.88e-01,-1.06e-04,
14680,2.88e-01,-1.06e-04,
14681,2.88e-01,-1.06e-04,
14682,2.88e-01,-1.06e-04,
14683,2.88e-01,-1.06e-04,
14684,2.88e-01,-1.06e-04,
14685,2.88e-01,-1.06e-04,
14686,2.88e-01,-1.06e-04,
14687,2.88e-01,-1.06e-04,
14688,2.88e-01,-1.06e-04,
14689,2.88e-01,-1.06e-04,
14690,2.88e-01,-1.06e-04,
14691,2.88e-01,-1.06e-04,
14692,2.88e-01,-1.06e-04,
14693,2.88e-01,-1.06e-04,
14694,2.88e-01,-1.06e-04,
14695,2.88e-01,-1.06e-04,
14696,2.88e-01,-1.06e-04,
14697,2.88e-01,-1.06e-04,
14698,2.88e-01,-1.06e-04,
14699,2.88e-01,-1.06e-04,
14700,2.88e-01,-1.06e-04,
14701,2.88e-01,-1.06e-04,
14702,2.88e-01,-1.06e-04,
14703,2.88e-01,-1.06e-04,
14704,2.88e-01,-1.06e-04,
14705,2.88e-01,-1.06e-04,
14706,2.88e-01,-1.06e-04,
14707,2.96e-01,-1.06e-04,
14708,2.88e-01,-1.06e-04,
14709,2.88e-01,-1.06e-04,
14710,2.88e-01,-1.06e-04,
14711,2.96e-01,-1.06e-04,
14712,2.88e-01,-1.06e-04,
14713,2.88e-01,-1.06e-04,
14714,2.88e-01,-1.06e-04,
14715,2.96e-01,-1.06e-04,
14716,2.96e-01,-1.06e-04,
14717,2.88e-01,-1.06e-04,
14718,2.88e-01,-1.06e-04,
14719,2.96e-01,-1.06e-04,
14720,2.88e-01,-1.06e-04,
14721,2.88e-01,-1.06e-04,
14722,2.88e-01,-1.06e-04,
14723,2.96e-01,-1.06e-04,
14724,2.96e-01,-1.06e-04,
14725,2.88e-01,-1.06e-04,
14726,2.96e-01,-1.06e-04,
14727,2.96e-01,-1.06e-04,
14728,2.88e-01,-1.06e-04,
14729,2.96e-01,-1.06e-04,
14730,2.96e-01,-1.06e-04,
14731,2.96e-01,-1.06e-04,
14732,2.96e-01,-1.06e-04,
14733,2.96e-01,-1.06e-04,
14734,2.96e-01,-1.06e-04,
14735,2.96e-01,-1.06e-04,
14736,2.96e-01,-1.06e-04,
14737,2.96e-01,-1.06e-04,
14738,2.96e-01,-1.06e-04,
14739,2.96e-01,-1.06e-04,
14740,2.96e-01,-1.06e-04,
14741,2.96e-01,-1.06e-04,
14742,2.96e-01,-1.06e-04,
14743,2.96e-01,-1.06e-04,
14744,2.96e-01,-1.06e-04,
14745,2.88e-01,-1.06e-04,
14746,2.96e-01,-1.06e-04,
14747,2.96e-01,-1.06e-04,
14748,2.96e-01,-1.06e-04,
14749,2.96e-01,-1.06e-04,
14750,2.96e-01,-1.06e-04,
14751,2.96e-01,-1.06e-04,
14752,2.96e-01,-1.06e-04,
14753,2.96e-01,-1.06e-04,
14754,2.96e-01,-1.06e-04,
14755,2.96e-01,-1.06e-04,
14756,2.96e-01,-1.06e-04,
14757,2.96e-01,-1.06e-04,
14758,2.96e-01,-1.06e-04,
14759,2.96e-01,-1.06e-04,
14760,2.96e-01,-1.06e-04,
14761,2.96e-01,-1.06e-04,
14762,2.96e-01,-1.06e-04,
14763,2.96e-01,-1.06e-04,
14764,2.96e-01,-1.06e-04,
14765,2.96e-01,-1.06e-04,
14766,2.96e-01,-1.06e-04,
14767,2.96e-01,-1.06e-04,
14768,2.96e-01,-1.06e-04,
14769,3.12e-01,-8.00e-01,
14770,2.96e-01,8.00e-01,
14771,2.96e-01,-1.06e-04,
14772,2.96e-01,-1.06e-04,
14773,2.96e-01,-1.06e-04,
14774,2.96e-01,-1.06e-04,
14775,2.96e-01,-1.06e-04,
14776,2.96e-01,-1.06e-04,
14777,2.96e-01,-1.06e-04,
14778,2.96e-01,-1.06e-04,
14779,2.96e-01,-1.06e-04,
14780,2.96e-01,-1.06e-04,
14781,2.96e-01,-1.06e-04,
14782,2.96e-01,-1.06e-04,
14783,2.96e-01,-1.06e-04,
14784,2.96e-01,-1.06e-04,
14785,2.96e-01,-1.06e-04,
14786,2.96e-01,-1.06e-04,
14787,2.96e-01,-1.06e-04,
14788,2.96e-01,-1.06e-04,
14789,2.96e-01,-1.06e-04,
14790,2.96e-01,-1.06e-04,
14791,2.96e-01,-1.06e-04,
14792,2.96e-01,-1.06e-04,
14793,2.96e-01,-1.06e-04,
14794,2.96e-01,-1.06e-04,
14795,2.96e-01,-1.06e-04,
14796,2.96e-01,-1.06e-04,
14797,2.96e-01,-1.06e-04,
14798,2.96e-01,-1.06e-04,
14799,3.12e-01,-1.06e-04,
14800,2.96e-01,-1.06e-04,
14801,2.96e-01,-1.06e-04,
14802,2.96e-01,-1.06e-04,
14803,3.12e-01,-1.06e-04,
14804,2.96e-01,-1.06e-04,
14805,2.96e-01,-1.06e-04,
14806,2.88e-01,-1.06e-04,
14807,2.80e-01,-1.06e-04,
14808,2.64e-01,-8.00e-01,
14809,2.40e-01,-1.06e-04,
14810,2.24e-01,-1.06e-04,
14811,2.16e-01,-1.06e-04,
14812,2.16e-01,-1.06e-04,
14813,2.24e-01,-1.06e-04,
14814,2.32e-01,-1.06e-04,
14815,2.48e-01,-1.06e-04,
14816,2.56e-01,-1.06e-04,
14817,2.64e-01,-1.06e-04,
14818,2.72e-01,-1.06e-04,
14819,2.72e-01,-1.06e-04,
14820,2.80e-01,-1.06e-04,
14821,2.80e-01,-1.06e-04,
14822,2.80e-01,-1.06e-04,
14823,2.80e-01,-1.06e-04,
14824,2.80e-01,-1.06e-04,
14825,2.80e-01,-1.06e-04,
14826,2.80e-01,-1.06e-04,
14827,2.80e-01,-1.06e-04,
14828,2.80e-01,-1.06e-04,
14829,2.80e-01,-1.06e-04,
14830,2.80e-01,-1.06e-04,
14831,2.80e-01,-1.06e-04,
14832,2.88e-01,-1.06e-04,
14833,2.80e-01,-1.06e-04,
14834,2.88e-01,-1.06e-04,
14835,2.88e-01,-1.06e-04,
14836,2.88e-01,-1.06e-04,
14837,2.88e-01,-1.06e-04,
14838,2.88e-01,-1.06e-04,
14839,2.88e-01,-1.06e-04,
14840,2.88e-01,-1.06e-04,
14841,2.88e-01,-1.06e-04,
14842,2.88e-01,-1.06e-04,
14843,2.88e-01,-1.06e-04,
14844,2.88e-01,-1.06e-04,
14845,2.88e-01,-1.06e-04,
14846,2.88e-01,-1.06e-04,
14847,2.88e-01,-1.06e-04,
14848,2.88e-01,-1.06e-04,
14849,2.88e-01,-1.06e-04,
14850,2.88e-01,-1.06e-04,
14851,2.96e-01,-1.06e-04,
14852,2.96e-01,-1.06e-04,
14853,2.96e-01,-1.06e-04,
14854,2.96e-01,-1.06e-04,
14855,2.96e-01,-1.06e-04,
14856,2.96e-01,-1.06e-04,
14857,2.88e-01,-1.06e-04,
14858,2.88e-01,-1.06e-04,
14859,2.96e-01,-1.06e-04,
14860,2.96e-01,-1.06e-04,
14861,2.96e-01,-1.06e-04,
14862,2.96e-01,-1.06e-04,
14863,2.96e-01,-1.06e-04,
14864,2.96e-01,-1.06e-04,
14865,2.96e-01,-1.06e-04,
14866,2.96e-01,-1.06e-04,
14867,2.96e-01,-1.06e-04,
14868,2.96e-01,-1.06e-04,
14869,2.96e-01,-1.06e-04,
14870,2.96e-01,-1.06e-04,
14871,2.96e-01,-1.06e-04,
14872,2.96e-01,-1.06e-04,
14873,2.96e-01,-1.06e-04,
14874,2.96e-01,8.00e-01,
14875,2.96e-01,-1.06e-04,
14876,2.96e-01,-1.06e-04,
14877,2.96e-01,-1.06e-04,
14878,2.96e-01,-1.06e-04,
14879,2.96e-01,-1.06e-04,
14880,2.96e-01,-1.06e-04,
14881,2.96e-01,-1.06e-04,
14882,2.96e-01,8.00e-01,
14883,3.12e-01,-1.06e-04,
14884,2.96e-01,-1.06e-04,
14885,2.96e-01,-1.06e-04,
14886,2.96e-01,-1.06e-04,
14887,2.96e-01,-1.06e-04,
14888,3.12e-01,-1.06e-04,
14889,2.96e-01,-1.06e-04,
14890,2.96e-01,-1.06e-04,
14891,3.12e-01,-1.06e-04,
14892,2.96e-01,-1.06e-04,
14893,2.96e-01,-1.06e-04,
14894,3.12e-01,-1.06e-04,
14895,3.12e-01,-1.06e-04,
14896,3.12e-01,-1.06e-04,
14897,3.12e-01,-1.06e-04,
14898,3.12e-01,-1.06e-04,
14899,3.12e-01,-1.06e-04,
14900,3.12e-01,-1.06e-04,
14901,3.12e-01,-1.06e-04,
14902,2.96e-01,-1.06e-04,
14903,3.12e-01,-1.06e-04,
14904,3.12e-01,-1.06e-04,
14905,3.12e-01,-1.06e-04,
14906,3.12e-01,-1.06e-04,
14907,3.12e-01,-1.06e-04,
14908,3.12e-01,-1.06e-04,
14909,3.12e-01,-1.06e-04,
14910,3.12e-01,-1.06e-04,
14911,3.12e-01,-1.06e-04,
14912,3.12e-01,-1.06e-04,
14913,3.12e-01,-1.06e-04,
14914,3.12e-01,-1.06e-04,
14915,3.12e-01,-1.06e-04,
14916,3.12e-01,-1.06e-04,
14917,3.12e-01,-1.06e-04,
14918,3.12e-01,8.00e-01,
14919,3.12e-01,-1.06e-04,
14920,2.96e-01,-1.06e-04,
14921,2.96e-01,-1.06e-04,
14922,2.96e-01,8.00e-01,
14923,2.96e-01,-1.06e-04,
14924,2.96e-01,8.00e-01,
14925,2.96e-01,8.00e-01,
14926,2.96e-01,8.00e-01,
14927,2.96e-01,8.00e-01,
14928,2.96e-01,8.00e-01,
14929,2.96e-01,8.00e-01,
14930,2.96e-01,1.60e+00,
14931,2.96e-01,8.00e-01,
14932,2.96e-01,8.00e-01,
14933,2.96e-01,1.60e+00,
14934,2.96e-01,1.60e+00,
14935,2.96e-01,1.60e+00,
14936,2.96e-01,1.60e+00,
14937,2.96e-01,1.60e+00,
14938,2.96e-01,3.20e+00,
14939,2.96e-01,3.20e+00,
14940,2.96e-01,3.20e+00,
14941,2.96e-01,3.20e+00,
14942,2.96e-01,3.20e+00,
14943,2.96e-01,3.20e+00,
14944,2.96e-01,3.20e+00,
14945,2.96e-01,3.20e+00,
14946,2.96e-01,4.00e+00,
14947,2.96e-01,4.00e+00,
14948,2.96e-01,4.00e+00,
14949,2.96e-01,4.00e+00,
14950,2.96e-01,4.80e+00,
14951,2.96e-01,4.00e+00,
14952,2.96e-01,4.00e+00,
14953,2.96e-01,4.80e+00,
14954,2.96e-01,4.80e+00,
14955,2.96e-01,4.80e+00,
14956,2.96e-01,4.80e+00,
14957,2.96e-01,4.80e+00,
14958,2.96e-01,5.60e+00,
14959,2.96e-01,5.60e+00,
14960,2.96e-01,5.60e+00,
14961,2.88e-01,5.60e+00,
14962,2.88e-01,6.40e+00,
14963,2.96e-01,5.60e+00,
14964,2.88e-01,5.60e+00,
14965,2.88e-01,6.40e+00,
14966,2.88e-01,6.40e+00,
14967,2.88e-01,6.40e+00,
14968,2.80e-01,7.20e+00,
14969,2.80e-01,7.20e+00,
14970,2.72e-01,8.00e+00,
14971,2.72e-01,8.00e+00,
14972,2.64e-01,8.80e+00,
14973,2.56e-01,9.60e+00,
14974,2.48e-01,9.60e+00,
14975,2.40e-01,1.04e+01,
14976,2.32e-01,1.12e+01,
14977,2.24e-01,1.28e+01,
14978,2.08e-01,1.44e+01,
14979,1.92e-01,1.52e+01,
14980,1.76e-01,1.68e+01,
14981,1.60e-01,1.84e+01,
14982,1.28e-01,2.08e+01,
14983,1.04e-01,2.24e+01,
14984,8.00e-02,2.56e+01,
14985,5.60e-02,2.88e+01,
14986,3.20e-02,3.12e+01,
14987,0.00e+00,3.44e+01,
14988,-2.40e-02,3.84e+01,
14989,-6.40e-02,4.08e+01,
14990,-1.20e-01,4.40e+01,
14991,-3.44e-01,4.56e+01,
14992,-6.08e-01,4.80e+01,
14993,-7.84e-01,4.88e+01,
14994,-8.56e-01,4.88e+01,
14995,-8.80e-01,4.88e+01,
14996,-8.40e-01,4.88e+01,
14997,-7.84e-01,4.80e+01,
14998,-6.80e-01,4.80e+01,
14999,-5.84e-01,4.64e+01,
15000,-4.64e-01,4.56e+01,
15001,-3.44e-01,4.56e+01,
15002,-2.08e-01,4.48e+01,
15003,-7.20e-02,4.40e+01,
15004,4.00e-02,4.40e+01,
15005,1.04e-01,4.32e+01,
15006,1.28e-01,4.32e+01,
15007,1.12e-01,4.40e+01,
15008,5.60e-02,4.40e+01,
15009,-3.20e-02,4.48e+01,
15010,-9.60e-02,4.56e+01,
15011,-1.68e-01,4.56e+01,
15012,-1.84e-01,4.56e+01,
15013,-1.68e-01,4.56e+01,
15014,-1.12e-01,4.56e+01,
15015,-5.60e-02,4.56e+01,
15016,0.00e+00,4.48e+01,
15017,4.80e-02,4.48e+01,
15018,6.40e-02,4.56e+01,
15019,4.80e-02,4.56e+01,
15020,1.60e-02,4.56e+01,
15021,-4.00e-02,4.64e+01,
15022,-8.00e-02,4.64e+01,
15023,-1.12e-01,4.64e+01,
15024,-1.20e-01,4.64e+01,
15025,-1.04e-01,4.64e+01,
15026,-7.20e-02,4.64e+01,
15027,-4.00e-02,4.64e+01,
15028,0.00e+00,4.64e+01,
15029,2.40e-02,4.64e+01,
15030,3.20e-02,4.64e+01,
15031,1.60e-02,4.64e+01,
15032,-1.60e-02,4.80e+01,
15033,-4.80e-02,4.80e+01,
15034,-7.20e-02,4.80e+01,
15035,-8.00e-02,4.80e+01,
15036,-8.80e-02,4.80e+01,
15037,-7.20e-02,4.80e+01,
15038,-4.80e-02,4.80e+01,
15039,-3.20e-02,4.80e+01,
15040,-8.00e-03,4.80e+01,
15041,-8.00e-03,4.80e+01,
15042,0.00e+00,4.80e+01,
15043,-1.60e-02,4.88e+01,
15044,-3.20e-02,4.88e+01,
15045,-4.80e-02,4.88e+01,
15046,-5.60e-02,4.88e+01,
15047,-6.40e-02,4.88e+01,
15048,-5.60e-02,4.88e+01,
15049,-4.80e-02,4.88e+01,
15050,-4.00e-02,4.88e+01,
15051,-2.40e-02,4.88e+01,
15052,-1.60e-02,4.88e+01,
15053,-1.60e-02,4.88e+01,
15054,-1.60e-02,4.88e+01,
15055,-2.40e-02,4.88e+01,
15056,-4.00e-02,4.88e+01,
15057,-4.80e-02,4.88e+01,
15058,-4.80e-02,4.96e+01,
15059,-4.80e-02,4.88e+01,
15060,-4.80e-02,4.88e+01,
15061,-4.00e-02,4.88e+01,
15062,-3.20e-02,4.88e+01,
15063,-2.40e-02,4.88e+01,
15064,-2.40e-02,4.88e+01,
15065,-2.40e-02,4.88e+01,
15066,-2.40e-02,4.88e+01,
15067,-3.20e-02,4.88e+01,
15068,-4.00e-02,4.88e+01,
15069,-4.00e-02,4.88e+01,
15070,-4.00e-02,4.96e+01,
15071,-4.00e-02,4.88e+01,
15072,-4.00e-02,4.88e+01,
15073,-4.00e-02,4.88e+01,
15074,-3.20e-02,4.88e+01,
15075,-2.40e-02,4.88e+01,
15076,-2.40e-02,4.88e+01,
15077,-3.20e-02,4.88e+01,
15078,-2.40e-02,4.88e+01,
15079,-3.20e-02,4.88e+01,
15080,-3.20e-02,4.88e+01,
15081,-4.00e-02,4.88e+01,
15082,-3.20e-02,4.88e+01,
15083,-3.20e-02,4.88e+01,
15084,-3.20e-02,4.88e+01,
15085,-3.20e-02,4.88e+01,
15086,-2.40e-02,4.88e+01,
15087,-2.40e-02,4.88e+01,
15088,-3.20e-02,4.80e+01,
15089,-3.20e-02,4.80e+01,
15090,-3.20e-02,4.88e+01,
15091,-3.20e-02,4.80e+01,
15092,-3.20e-02,4.80e+01,
15093,-4.00e-02,4.80e+01,
15094,-3.20e-02,4.80e+01,
15095,-4.00e-02,4.80e+01,
15096,-5.60e-02,4.64e+01,
15097,-2.24e-01,4.56e+01,
15098,-5.28e-01,4.32e+01,
15099,-5.12e-01,4.16e+01,
15100,-1.20e-01,4.00e+01,
15101,1.76e-01,3.76e+01,
15102,1.20e-01,3.44e+01,
15103,-4.80e-02,3.20e+01,
15104,-4.80e-02,3.04e+01,
15105,4.80e-02,2.96e+01,
15106,6.40e-02,2.88e+01,
15107,2.40e-02,2.72e+01,
15108,1.60e-02,2.56e+01,
15109,3.20e-02,2.56e+01,
15110,4.00e-02,2.40e+01,
15111,3.20e-02,2.32e+01,
15112,3.20e-02,2.24e+01,
15113,3.20e-02,2.24e+01,
15114,3.20e-02,2.24e+01,
15115,3.20e-02,2.16e+01,
15116,3.20e-02,2.16e+01,
15117,3.20e-02,2.16e+01,
15118,3.20e-02,2.16e+01,
15119,2.40e-02,2.16e+01,
15120,2.40e-02,2.16e+01,
15121,2.40e-02,2.24e+01,
15122,2.40e-02,2.24e+01,
15123,1.60e-02,2.24e+01,
15124,1.60e-02,2.32e+01,
15125,0.00e+00,2.32e+01,
15126,0.00e+00,2.40e+01,
15127,0.00e+00,2.40e+01,
15128,-8.00e-03,2.40e+01,
15129,-8.00e-03,2.56e+01,
15130,-8.00e-03,2.64e+01,
15131,-8.00e-03,2.64e+01,
15132,-1.60e-02,2.72e+01,
15133,-2.40e-02,2.80e+01,
15134,-1.60e-02,2.80e+01,
15135,-2.40e-02,2.88e+01,
15136,-2.40e-02,2.88e+01,
15137,-2.40e-02,2.96e+01,
15138,-2.40e-02,3.04e+01,
15139,-2.40e-02,3.04e+01,
15140,-3.20e-02,3.04e+01,
15141,-3.20e-02,3.12e+01,
15142,-3.20e-02,3.12e+01,
15143,-3.20e-02,3.20e+01,
15144,-3.20e-02,3.20e+01,
15145,-3.20e-02,3.20e+01,
15146,-3.20e-02,3.28e+01,
15147,-3.20e-02,3.28e+01,
15148,-3.20e-02,3.28e+01,
15149,-3.20e-02,3.28e+01,
15150,-3.20e-02,3.36e+01,
15151,-3.20e-02,3.36e+01,
15152,-3.20e-02,3.36e+01,
15153,-3.20e-02,3.36e+01,
15154,-3.20e-02,3.36e+01,
15155,-3.20e-02,3.36e+01,
15156,-2.40e-02,3.36e+01,
15157,-3.20e-02,3.36e+01,
15158,-2.40e-02,3.36e+01,
15159,-2.40e-02,3.44e+01,
15160,-2.40e-02,3.36e+01,
15161,-3.20e-02,3.36e+01,
15162,-2.40e-02,3.44e+01,
15163,-2.40e-02,3.36e+01,
15164,-2.40e-02,3.36e+01,
15165,-2.40e-02,3.36e+01,
15166,-2.40e-02,3.44e+01,
15167,-2.40e-02,3.36e+01,
15168,-2.40e-02,3.44e+01,
15169,-2.40e-02,3.36e+01,
15170,-2.40e-02,3.44e+01,
15171,-2.40e-02,3.36e+01,
15172,-2.40e-02,3.36e+01,
15173,-2.40e-02,3.36e+01,
15174,-2.40e-02,3.36e+01,
15175,-2.40e-02,3.36e+01,
15176,-2.40e-02,3.36e+01,
15177,-2.40e-02,3.36e+01,
15178,-2.40e-02,3.36e+01,
15179,-2.40e-02,3.36e+01,
15180,-2.40e-02,3.36e+01,
15181,-2.40e-02,3.36e+01,
15182,-1.60e-02,3.36e+01,
15183,-2.40e-02,3.36e+01,
15184,-2.40e-02,3.36e+01,
15185,-2.40e-02,3.28e+01,
15186,-2.40e-02,3.36e+01,
15187,-2.40e-02,3.28e+01,
15188,-2.40e-02,3.28e+01,
15189,-2.40e-02,3.28e+01,
15190,-2.40e-02,3.36e+01,
15191,-2.40e-02,3.28e+01,
15192,-2.40e-02,3.28e+01,
15193,-2.40e-02,3.28e+01,
15194,-2.40e-02,3.28e+01,
15195,-1.60e-02,3.28e+01,
15196,-1.60e-02,3.28e+01,
15197,-2.40e-02,3.28e+01,
15198,-1.60e-02,3.28e+01,
15199,-2.40e-02,3.28e+01,
15200,-1.60e-02,3.28e+01,
15201,-2.40e-02,3.28e+01,
15202,-2.40e-02,3.28e+01,
15203,-1.60e-02,3.28e+01,
15204,-1.60e-02,3.28e+01,
15205,-2.40e-02,3.28e+01,
15206,-1.60e-02,3.28e+01,
15207,-2.40e-02,3.28e+01,
15208,-2.40e-02,3.28e+01,
15209,-2.40e-02,3.28e+01,
15210,-1.60e-02,3.28e+01,
15211,-2.40e-02,3.28e+01,
15212,-2.40e-02,3.28e+01,
15213,-2.40e-02,3.28e+01,
15214,-2.40e-02,3.28e+01,
15215,-2.40e-02,3.28e+01,
15216,-1.60e-02,3.28e+01,
15217,-2.40e-02,3.28e+01,
15218,-2.40e-02,3.28e+01,
15219,-2.40e-02,3.28e+01,
15220,-2.40e-02,3.28e+01,
15221,-2.40e-02,3.28e+01,
15222,-1.60e-02,3.28e+01,
15223,-1.60e-02,3.28e+01,
15224,-2.40e-02,3.28e+01,
15225,-2.40e-02,3.28e+01,
15226,-2.40e-02,3.28e+01,
15227,-1.60e-02,3.28e+01,
15228,-1.60e-02,3.28e+01,
15229,-2.40e-02,3.28e+01,
15230,-1.60e-02,3.28e+01,
15231,-1.60e-02,3.28e+01,
15232,-2.40e-02,3.28e+01,
15233,-2.40e-02,3.28e+01,
15234,-1.60e-02,3.28e+01,
15235,-2.40e-02,3.28e+01,
15236,-2.40e-02,3.28e+01,
15237,-2.40e-02,3.28e+01,
15238,-1.60e-02,3.28e+01,
15239,-2.40e-02,3.28e+01,
15240,-2.40e-02,3.28e+01,
15241,-2.40e-02,3.28e+01,
15242,-2.40e-02,3.28e+01,
15243,-1.60e-02,3.28e+01,
15244,-1.60e-02,3.28e+01,
15245,-2.40e-02,3.28e+01,
15246,-2.40e-02,3.28e+01,
15247,-1.60e-02,3.28e+01,
15248,-2.40e-02,3.28e+01,
15249,-2.40e-02,3.28e+01,
15250,-1.60e-02,3.28e+01,
15251,-1.60e-02,3.28e+01,
15252,-1.60e-02,3.28e+01,
15253,-2.40e-02,3.28e+01,
15254,-1.60e-02,3.28e+01,
15255,-2.40e-02,3.28e+01,
15256,-1.60e-02,3.28e+01,
15257,-2.40e-02,3.28e+01,
15258,-1.60e-02,3.28e+01,
15259,-2.40e-02,3.28e+01,
15260,-2.40e-02,3.28e+01,
15261,-2.40e-02,3.28e+01,
15262,-1.60e-02,3.28e+01,
15263,-2.40e-02,3.28e+01,
15264,-1.60e-02,3.28e+01,
15265,-2.40e-02,3.28e+01,
15266,-1.60e-02,3.28e+01,
15267,-2.40e-02,3.28e+01,
15268,-2.40e-02,3.28e+01,
15269,-2.40e-02,3.28e+01,
15270,-1.60e-02,3.28e+01,
15271,-1.60e-02,3.28e+01,
15272,-1.60e-02,3.28e+01,
15273,-2.40e-02,3.28e+01,
15274,-1.60e-02,3.28e+01,
15275,-1.60e-02,3.28e+01,
15276,-1.60e-02,3.28e+01,
15277,-2.40e-02,3.28e+01,
15278,-1.60e-02,3.28e+01,
15279,-1.60e-02,3.28e+01,
15280,-1.60e-02,3.28e+01,
15281,-2.40e-02,3.28e+01,
15282,-2.40e-02,3.28e+01,
15283,-1.60e-02,3.28e+01,
15284,-1.60e-02,3.28e+01,
15285,-2.40e-02,3.28e+01,
15286,-1.60e-02,3.28e+01,
15287,-1.60e-02,3.28e+01,
15288,-1.60e-02,3.20e+01,
15289,-2.40e-02,3.28e+01,
15290,-1.60e-02,3.28e+01,
15291,-1.60e-02,3.28e+01,
15292,-1.60e-02,3.28e+01,
15293,-2.40e-02,3.28e+01,
15294,-1.60e-02,3.28e+01,
15295,-1.60e-02,3.28e+01,
15296,-2.40e-02,3.20e+01,
15297,-2.40e-02,3.28e+01,
15298,-1.60e-02,3.28e+01,
15299,-1.60e-02,3.28e+01,
15300,-1.60e-02,3.28e+01,
15301,-1.60e-02,3.28e+01,
15302,-1.60e-02,3.28e+01,
15303,-1.60e-02,3.28e+01,
15304,-1.60e-02,3.20e+01,
15305,-2.40e-02,3.28e+01,
15306,-1.60e-02,3.28e+01,
15307,-1.60e-02,3.28e+01,
15308,-1.60e-02,3.28e+01,
15309,-2.40e-02,3.28e+01,
15310,-1.60e-02,3.28e+01,
15311,-2.40e-02,3.28e+01,
15312,-1.60e-02,3.28e+01,
15313,-2.40e-02,3.20e+01,
15314,-1.60e-02,3.28e+01,
15315,-1.60e-02,3.28e+01,
15316,-1.60e-02,3.28e+01,
15317,-2.40e-02,3.28e+01,
15318,-1.60e-02,3.28e+01,
15319,-1.60e-02,3.28e+01,
15320,-1.60e-02,3.20e+01,
15321,-2.40e-02,3.28e+01,
15322,-1.60e-02,3.28e+01,
15323,-1.60e-02,3.28e+01,
15324,-1.60e-02,3.28e+01,
15325,-2.40e-02,3.28e+01,
15326,-1.60e-02,3.28e+01,
15327,-1.60e-02,3.28e+01,
15328,-1.60e-02,3.20e+01,
15329,-2.40e-02,3.28e+01,
15330,-1.60e-02,3.28e+01,
15331,-1.60e-02,3.28e+01,
15332,-1.60e-02,3.28e+01,
15333,-1.60e-02,3.28e+01,
15334,-1.60e-02,3.28e+01,
15335,-1.60e-02,3.28e+01,
15336,-1.60e-02,3.28e+01,
15337,-2.40e-02,3.28e+01,
15338,-1.60e-02,3.28e+01,
15339,-1.60e-02,3.28e+01,
15340,-1.60e-02,3.28e+01,
15341,-2.40e-02,3.28e+01,
15342,-1.60e-02,3.28e+01,
15343,-1.60e-02,3.28e+01,
15344,-1.60e-02,3.20e+01,
15345,-1.60e-02,3.28e+01,
15346,-1.60e-02,3.28e+01,
15347,-1.60e-02,3.28e+01,
15348,-1.60e-02,3.28e+01,
15349,-1.60e-02,3.28e+01,
15350,-1.60e-02,3.28e+01,
15351,-1.60e-02,3.28e+01,
15352,-1.60e-02,3.28e+01,
15353,-2.40e-02,3.28e+01,
15354,-1.60e-02,3.28e+01,
15355,-1.60e-02,3.28e+01,
15356,-1.60e-02,3.28e+01,
15357,-1.60e-02,3.28e+01,
15358,-1.60e-02,3.28e+01,
15359,-1.60e-02,3.28e+01,
15360,-1.60e-02,3.28e+01,
15361,-1.60e-02,3.20e+01,
15362,-1.60e-02,3.28e+01,
15363,-1.60e-02,3.28e+01,
15364,-1.60e-02,3.28e+01,
15365,-1.60e-02,3.28e+01,
15366,-1.60e-02,3.28e+01,
15367,-1.60e-02,3.28e+01,
15368,-1.60e-02,3.28e+01,
15369,-1.60e-02,3.20e+01,
15370,-1.60e-02,3.28e+01,
15371,-1.60e-02,3.28e+01,
15372,-1.60e-02,3.20e+01,
15373,-1.60e-02,3.28e+01,
15374,-1.60e-02,3.28e+01,
15375,-1.60e-02,3.28e+01,
15376,-1.60e-02,3.28e+01,
15377,-1.60e-02,3.28e+01,
15378,-1.60e-02,3.28e+01,
15379,-1.60e-02,3.20e+01,
15380,-1.60e-02,3.20e+01,
15381,-1.60e-02,3.20e+01,
15382,-1.60e-02,3.28e+01,
15383,-1.60e-02,3.28e+01,
15384,-1.60e-02,3.20e+01,
15385,-1.60e-02,3.28e+01,
15386,-1.60e-02,3.28e+01,
15387,-1.60e-02,3.28e+01,
15388,-1.60e-02,3.20e+01,
15389,-1.60e-02,3.20e+01,
15390,-1.60e-02,3.28e+01,
15391,-1.60e-02,3.28e+01,
15392,-1.60e-02,3.20e+01,
15393,-1.60e-02,3.20e+01,
15394,-1.60e-02,3.28e+01,
15395,-1.60e-02,3.28e+01,
15396,-1.60e-02,3.28e+01,
15397,-1.60e-02,3.28e+01,
15398,-1.60e-02,3.28e+01,
15399,-1.60e-02,3.28e+01,
15400,-1.60e-02,3.20e+01,
15401,-2.40e-02,3.20e+01,
15402,-1.60e-02,3.28e+01,
15403,-1.60e-02,3.28e+01,
15404,-1.60e-02,3.20e+01,
15405,-1.60e-02,3.28e+01,
15406,-1.60e-02,3.28e+01,
15407,-1.60e-02,3.28e+01,
15408,-1.60e-02,3.20e+01,
15409,-1.60e-02,3.28e+01,
15410,-1.60e-02,3.28e+01,
15411,-1.60e-02,3.28e+01,
15412,-1.60e-02,3.28e+01,
15413,-1.60e-02,3.20e+01,
15414,-1.60e-02,3.28e+01,
15415,-1.60e-02,3.28e+01,
15416,-1.60e-02,3.20e+01,
15417,-1.60e-02,3.28e+01,
15418,-1.60e-02,3.28e+01,
15419,-1.60e-02,3.28e+01,
15420,-1.60e-02,3.20e+01,
15421,-1.60e-02,3.20e+01,
15422,-1.60e-02,3.28e+01,
15423,-1.60e-02,3.28e+01,
15424,-1.60e-02,3.20e+01,
15425,-1.60e-02,3.28e+01,
15426,-1.60e-02,3.28e+01,
15427,-1.60e-02,3.28e+01,
15428,-1.60e-02,3.20e+01,
15429,-1.60e-02,3.28e+01,
15430,-1.60e-02,3.28e+01,
15431,-1.60e-02,3.28e+01,
15432,-1.60e-02,3.20e+01,
15433,-1.60e-02,3.28e+01,
15434,-1.60e-02,3.28e+01,
15435,-1.60e-02,3.28e+01,
15436,-1.60e-02,3.20e+01,
15437,-1.60e-02,3.20e+01,
15438,-1.60e-02,3.28e+01,
15439,-1.60e-02,3.28e+01,
15440,-1.60e-02,3.20e+01,
15441,-1.60e-02,3.20e+01,
15442,-1.60e-02,3.28e+01,
15443,-1.60e-02,3.20e+01,
15444,-1.60e-02,3.20e+01,
15445,-1.60e-02,3.20e+01,
15446,-1.60e-02,3.28e+01,
15447,-1.60e-02,3.28e+01,
15448,-1.60e-02,3.20e+01,
15449,-1.60e-02,3.20e+01,
15450,-1.60e-02,3.28e+01,
15451,-1.60e-02,3.28e+01,
15452,-1.60e-02,3.20e+01,
15453,-1.60e-02,3.20e+01,
15454,-1.60e-02,3.28e+01,
15455,-1.60e-02,3.28e+01,
15456,-1.60e-02,3.20e+01,
15457,-1.60e-02,3.28e+01,
15458,-1.60e-02,3.28e+01,
15459,-1.60e-02,3.28e+01,
15460,-1.60e-02,3.20e+01,
15461,-1.60e-02,3.28e+01,
15462,-1.60e-02,3.28e+01,
15463,-1.60e-02,3.28e+01,
15464,-1.60e-02,3.20e+01,
15465,-1.60e-02,3.20e+01,
15466,-1.60e-02,3.28e+01,
15467,-1.60e-02,3.28e+01,
15468,-1.60e-02,3.20e+01,
15469,-1.60e-02,3.28e+01,
15470,-1.60e-02,3.28e+01,
15471,-1.60e-02,3.28e+01,
15472,-1.60e-02,3.20e+01,
15473,-1.60e-02,3.20e+01,
15474,-1.60e-02,3.28e+01,
15475,-1.60e-02,3.28e+01,
15476,-1.60e-02,3.20e+01,
15477,-1.60e-02,3.20e+01,
15478,-1.60e-02,3.28e+01,
15479,-1.60e-02,3.20e+01,
15480,-1.60e-02,3.20e+01,
15481,-1.60e-02,3.20e+01,
15482,-1.60e-02,3.28e+01,
15483,-1.60e-02,3.20e+01,
15484,-1.60e-02,3.20e+01,
15485,-1.60e-02,3.20e+01,
15486,-1.60e-02,3.28e+01,
15487,-1.60e-02,3.28e+01,
15488,-1.60e-02,3.20e+01,
15489,-1.60e-02,3.28e+01,
15490,-1.60e-02,3.28e+01,
15491,-1.60e-02,3.28e+01,
15492,-1.60e-02,3.20e+01,
15493,-1.60e-02,3.20e+01,
15494,-1.60e-02,3.28e+01,
15495,-1.60e-02,3.28e+01,
15496,-1.60e-02,3.20e+01,
15497,-1.60e-02,3.20e+01,
15498,-1.60e-02,3.28e+01,
15499,-1.60e-02,3.28e+01,
15500,-1.60e-02,3.20e+01,
15501,-1.60e-02,3.20e+01,
15502,-1.60e-02,3.28e+01,
15503,-1.60e-02,3.28e+01,
15504,-1.60e-02,3.20e+01,
15505,-1.60e-02,3.20e+01,
15506,-1.60e-02,3.28e+01,
15507,-1.60e-02,3.20e+01,
15508,-1.60e-02,3.20e+01,
15509,-1.60e-02,3.28e+01,
15510,-1.60e-02,3.28e+01,
15511,-1.60e-02,3.28e+01,
15512,-1.60e-02,3.20e+01,
15513,-1.60e-02,3.20e+01,
15514,-1.60e-02,3.28e+01,
15515,-1.60e-02,3.28e+01,
15516,-1.60e-02,3.20e+01,
15517,-1.60e-02,3.20e+01,
15518,-1.60e-02,3.28e+01,
15519,-1.60e-02,3.28e+01,
15520,-1.60e-02,3.20e+01,
15521,-1.60e-02,3.20e+01,
15522,-1.60e-02,3.28e+01,
15523,-1.60e-02,3.28e+01,
15524,-1.60e-02,3.20e+01,
15525,-1.60e-02,3.28e+01,
15526,-1.60e-02,3.28e+01,
15527,-1.60e-02,3.28e+01,
15528,-1.60e-02,3.20e+01,
15529,-1.60e-02,3.20e+01,
15530,-1.60e-02,3.28e+01,
15531,-1.60e-02,3.20e+01,
15532,-1.60e-02,3.20e+01,
15533,-1.60e-02,3.20e+01,
15534,-1.60e-02,3.28e+01,
15535,-1.60e-02,3.28e+01,
15536,-1.60e-02,3.20e+01,
15537,-1.60e-02,3.20e+01,
15538,-1.60e-02,3.28e+01,
15539,-1.60e-02,3.28e+01,
15540,-1.60e-02,3.28e+01,
15541,-1.60e-02,3.20e+01,
15542,-1.60e-02,3.28e+01,
15543,-1.60e-02,3.28e+01,
15544,-1.60e-02,3.20e+01,
15545,-1.60e-02,3.20e+01,
15546,-1.60e-02,3.28e+01,
15547,-1.60e-02,3.28e+01,
15548,-1.60e-02,3.20e+01,
15549,-1.60e-02,3.20e+01,
15550,-1.60e-02,3.28e+01,
15551,-1.60e-02,3.20e+01,
15552,-1.60e-02,3.20e+01,
15553,-1.60e-02,3.20e+01,
15554,-1.60e-02,3.28e+01,
15555,-1.60e-02,3.20e+01,
15556,-1.60e-02,3.20e+01,
15557,-1.60e-02,3.20e+01,
15558,-1.60e-02,3.28e+01,
15559,-1.60e-02,3.20e+01,
15560,-1.60e-02,3.28e+01,
15561,-1.60e-02,3.20e+01,
15562,-1.60e-02,3.28e+01,
15563,-1.60e-02,3.28e+01,
15564,-1.60e-02,3.20e+01,
15565,-1.60e-02,3.28e+01,
15566,-1.60e-02,3.28e+01,
15567,-1.60e-02,3.28e+01,
15568,-1.60e-02,3.28e+01,
15569,-1.60e-02,3.20e+01,
15570,-1.60e-02,3.28e+01,
15571,-1.60e-02,3.28e+01,
15572,-1.60e-02,3.20e+01,
15573,-1.60e-02,3.28e+01,
15574,-1.60e-02,3.20e+01,
15575,-1.60e-02,3.28e+01,
15576,-1.60e-02,3.20e+01,
15577,-1.60e-02,3.20e+01,
15578,-1.60e-02,3.28e+01,
15579,-1.60e-02,3.20e+01,
15580,-1.60e-02,3.20e+01,
15581,-1.60e-02,3.20e+01,
15582,-1.60e-02,3.28e+01,
15583,-1.60e-02,3.28e+01,
15584,-1.60e-02,3.20e+01,
15585,-1.60e-02,3.20e+01,
15586,-1.60e-02,3.28e+01,
15587,-1.60e-02,3.28e+01,
15588,-1.60e-02,3.20e+01,
15589,-1.60e-02,3.20e+01,
15590,-1.60e-02,3.28e+01,
15591,-1.60e-02,3.28e+01,
15592,-1.60e-02,3.20e+01,
15593,-1.60e-02,3.20e+01,
15594,-1.60e-02,3.28e+01,
15595,-1.60e-02,3.28e+01,
15596,-1.60e-02,3.20e+01,
15597,-1.60e-02,3.28e+01,
15598,-1.60e-02,3.28e+01,
15599,-1.60e-02,3.28e+01,
15600,-1.60e-02,3.20e+01,
15601,-1.60e-02,3.20e+01,
15602,-1.60e-02,3.28e+01,
15603,-1.60e-02,3.20e+01,
15604,-1.60e-02,3.20e+01,
15605,-1.60e-02,3.20e+01,
15606,-1.60e-02,3.28e+01,
15607,-1.60e-02,3.28e+01,
15608,-1.60e-02,3.20e+01,
15609,-1.60e-02,3.28e+01,
15610,-1.60e-02,3.28e+01,
15611,-1.60e-02,3.20e+01,
15612,-1.60e-02,3.20e+01,
15613,-1.60e-02,3.20e+01,
15614,-1.60e-02,3.28e+01,
15615,-1.60e-02,3.28e+01,
15616,-1.60e-02,3.20e+01,
15617,-1.60e-02,3.20e+01,
15618,-1.60e-02,3.28e+01,
15619,-1.60e-02,3.20e+01,
15620,-1.60e-02,3.20e+01,
15621,-1.60e-02,3.20e+01,
15622,-1.60e-02,3.28e+01,
15623,-1.60e-02,3.28e+01,
15624,-1.60e-02,3.20e+01,
15625,-1.60e-02,3.20e+01,
15626,-1.60e-02,3.28e+01,
15627,-1.60e-02,3.28e+01,
15628,-1.60e-02,3.20e+01,
15629,-1.60e-02,3.28e+01,
15630,-1.60e-02,3.28e+01,
15631,-1.60e-02,3.20e+01,
15632,-1.60e-02,3.20e+01,
15633,-1.60e-02,3.20e+01,
15634,-1.60e-02,3.28e+01,
15635,-1.60e-02,3.28e+01,
15636,-1.60e-02,3.20e+01,
15637,-1.60e-02,3.20e+01,
15638,-1.60e-02,3.28e+01,
15639,-1.60e-02,3.28e+01,
15640,-1.60e-02,3.20e+01,
15641,-1.60e-02,3.20e+01,
15642,-1.60e-02,3.28e+01,
15643,-1.60e-02,3.20e+01,
15644,-1.60e-02,3.20e+01,
15645,-1.60e-02,3.20e+01,
15646,-1.60e-02,3.28e+01,
15647,-1.60e-02,3.28e+01,
15648,-1.60e-02,3.20e+01,
15649,-1.60e-02,3.20e+01,
15650,-1.60e-02,3.28e+01,
15651,-1.60e-02,3.20e+01,
15652,-1.60e-02,3.20e+01,
15653,-1.60e-02,3.20e+01,
15654,-1.60e-02,3.28e+01,
15655,-1.60e-02,3.20e+01,
15656,-1.60e-02,3.20e+01,
15657,-1.60e-02,3.20e+01,
15658,-1.60e-02,3.28e+01,
15659,-1.60e-02,3.20e+01,
15660,-1.60e-02,3.20e+01,
15661,-1.60e-02,3.20e+01,
15662,-1.60e-02,3.28e+01,
15663,-1.60e-02,3.28e+01,
15664,-1.60e-02,3.20e+01,
15665,-1.60e-02,3.20e+01,
15666,-1.60e-02,3.28e+01,
15667,-1.60e-02,3.28e+01,
15668,-1.60e-02,3.20e+01,
15669,-1.60e-02,3.20e+01,
15670,-1.60e-02,3.28e+01,
15671,-1.60e-02,3.20e+01,
15672,-1.60e-02,3.20e+01,
15673,-1.60e-02,3.20e+01,
15674,-1.60e-02,3.28e+01,
15675,-1.60e-02,3.28e+01,
15676,-1.60e-02,3.20e+01,
15677,-1.60e-02,3.20e+01,
15678,-1.60e-02,3.28e+01,
15679,-1.60e-02,3.28e+01,
15680,-1.60e-02,3.20e+01,
15681,-1.60e-02,3.20e+01,
15682,-1.60e-02,3.28e+01,
15683,-1.60e-02,3.20e+01,
15684,-1.60e-02,3.20e+01,
15685,-1.60e-02,3.20e+01,
15686,-1.60e-02,3.28e+01,
15687,-1.60e-02,3.28e+01,
15688,-1.60e-02,3.20e+01,
15689,-1.60e-02,3.20e+01,
15690,-1.60e-02,3.28e+01,
15691,-1.60e-02,3.20e+01,
15692,-1.60e-02,3.28e+01,
15693,-1.60e-02,3.20e+01,
15694,-1.60e-02,3.28e+01,
15695,-1.60e-02,3.28e+01,
15696,-1.60e-02,3.20e+01,
15697,-1.60e-02,3.28e+01,
15698,-1.60e-02,3.28e+01,
15699,-1.60e-02,3.20e+01,
15700,-1.60e-02,3.20e+01,
15701,-1.60e-02,3.20e+01,
15702,-1.60e-02,3.28e+01,
15703,-1.60e-02,3.20e+01,
15704,-1.60e-02,3.20e+01,
15705,-1.60e-02,3.20e+01,
15706,-1.60e-02,3.28e+01,
15707,-1.60e-02,3.28e+01,
15708,-1.60e-02,3.20e+01,
15709,-1.60e-02,3.20e+01,
15710,-1.60e-02,3.28e+01,
15711,-1.60e-02,3.28e+01,
15712,-1.60e-02,3.20e+01,
15713,-1.60e-02,3.20e+01,
15714,-1.60e-02,3.28e+01,
15715,-1.60e-02,3.20e+01,
15716,-1.60e-02,3.20e+01,
15717,-1.60e-02,3.28e+01,
15718,-8.00e-03,3.28e+01,
15719,-1.60e-02,3.28e+01,
15720,-1.60e-02,3.20e+01,
15721,-1.60e-02,3.28e+01,
15722,-1.60e-02,3.28e+01,
15723,-1.60e-02,3.20e+01,
15724,-1.60e-02,3.20e+01,
15725,-1.60e-02,3.20e+01,
15726,-1.60e-02,3.28e+01,
15727,-1.60e-02,3.28e+01,
15728,-1.60e-02,3.20e+01,
15729,-1.60e-02,3.20e+01,
15730,-1.60e-02,3.28e+01,
15731,-1.60e-02,3.28e+01,
15732,-1.60e-02,3.20e+01,
15733,-1.60e-02,3.20e+01,
15734,-1.60e-02,3.28e+01,
15735,-1.60e-02,3.28e+01,
15736,-1.60e-02,3.20e+01,
15737,-1.60e-02,3.28e+01,
15738,-1.60e-02,3.28e+01,
15739,-1.60e-02,3.28e+01,
15740,-1.60e-02,3.20e+01,
15741,-1.60e-02,3.20e+01,
15742,-1.60e-02,3.28e+01,
15743,-1.60e-02,3.28e+01,
15744,-1.60e-02,3.20e+01,
15745,-1.60e-02,3.28e+01,
15746,-1.60e-02,3.28e+01,
15747,-1.60e-02,3.28e+01,
15748,-1.60e-02,3.20e+01,
15749,-1.60e-02,3.20e+01,
15750,-1.60e-02,3.28e+01,
15751,-1.60e-02,3.28e+01,
15752,-1.60e-02,3.20e+01,
15753,-1.60e-02,3.20e+01,
15754,-1.60e-02,3.28e+01,
15755,-1.60e-02,3.20e+01,
15756,-1.60e-02,3.20e+01,
15757,-1.60e-02,3.20e+01,
15758,-1.60e-02,3.28e+01,
15759,-1.60e-02,3.20e+01,
15760,-1.60e-02,3.20e+01,
15761,-1.60e-02,3.20e+01,
15762,-1.60e-02,3.28e+01,
15763,-8.00e-03,3.28e+01,
15764,-1.60e-02,3.20e+01,
15765,-1.60e-02,3.28e+01,
15766,-1.60e-02,3.28e+01,
15767,-1.60e-02,3.20e+01,
15768,-1.60e-02,3.28e+01,
15769,-1.60e-02,3.20e+01,
15770,-1.60e-02,3.28e+01,
15771,-1.60e-02,3.28e+01,
15772,-1.60e-02,3.20e+01,
15773,-1.60e-02,3.28e+01,
15774,-1.60e-02,3.28e+01,
15775,-1.60e-02,3.28e+01,
15776,-1.60e-02,3.20e+01,
15777,-1.60e-02,3.20e+01,
15778,-1.60e-02,3.28e+01,
15779,-1.60e-02,3.28e+01,
15780,-1.60e-02,3.20e+01,
15781,-1.60e-02,3.20e+01,
15782,-1.60e-02,3.28e+01,
15783,-1.60e-02,3.28e+01,
15784,-1.60e-02,3.20e+01,
15785,-1.60e-02,3.20e+01,
15786,-1.60e-02,3.28e+01,
15787,-1.60e-02,3.28e+01,
15788,-1.60e-02,3.20e+01,
15789,-1.60e-02,3.20e+01,
15790,-1.60e-02,3.28e+01,
15791,-1.60e-02,3.20e+01,
15792,-1.60e-02,3.20e+01,
15793,-1.60e-02,3.20e+01,
15794,-1.60e-02,3.28e+01,
15795,-1.60e-02,3.20e+01,
15796,-1.60e-02,3.20e+01,
15797,-1.60e-02,3.20e+01,
15798,-1.60e-02,3.28e+01,
15799,-1.60e-02,3.28e+01,
15800,-1.60e-02,3.20e+01,
15801,-1.60e-02,3.20e+01,
15802,-1.60e-02,3.28e+01,
15803,-1.60e-02,3.20e+01,
15804,-1.60e-02,3.20e+01,
15805,-1.60e-02,3.20e+01,
15806,-1.60e-02,3.28e+01,
15807,-1.60e-02,3.28e+01,
15808,-1.60e-02,3.20e+01,
15809,-1.60e-02,3.20e+01,
15810,-1.60e-02,3.28e+01,
15811,-1.60e-02,3.28e+01,
15812,-1.60e-02,3.20e+01,
15813,-1.60e-02,3.20e+01,
15814,-1.60e-02,3.28e+01,
15815,-1.60e-02,3.28e+01,
15816,-1.60e-02,3.20e+01,
15817,-1.60e-02,3.20e+01,
15818,-8.00e-03,3.28e+01,
15819,-1.60e-02,3.20e+01,
15820,-1.60e-02,3.20e+01,
15821,-1.60e-02,3.20e+01,
15822,-1.60e-02,3.28e+01,
15823,-1.60e-02,3.28e+01,
15824,-1.60e-02,3.20e+01,
15825,-1.60e-02,3.20e+01,
15826,-1.60e-02,3.28e+01,
15827,-1.60e-02,3.20e+01,
15828,-1.60e-02,3.20e+01,
15829,-1.60e-02,3.28e+01,
15830,-1.60e-02,3.28e+01,
15831,-1.60e-02,3.28e+01,
15832,-1.60e-02,3.20e+01,
15833,-1.60e-02,3.20e+01,
15834,-1.60e-02,3.28e+01,
15835,-1.60e-02,3.28e+01,
15836,-1.60e-02,3.20e+01,
15837,-1.60e-02,3.28e+01,
15838,-8.00e-03,3.28e+01,
15839,-1.60e-02,3.28e+01,
15840,-1.60e-02,3.20e+01,
15841,-1.60e-02,3.20e+01,
15842,-1.60e-02,3.28e+01,
15843,-1.60e-02,3.20e+01,
15844,-1.60e-02,3.20e+01,
15845,-1.60e-02,3.20e+01,
15846,-1.60e-02,3.28e+01,
15847,-1.60e-02,3.28e+01,
15848,-1.60e-02,3.20e+01,
15849,-1.60e-02,3.20e+01,
15850,-1.60e-02,3.28e+01,
15851,-1.60e-02,3.28e+01,
15852,-1.60e-02,3.20e+01,
15853,-1.60e-02,3.20e+01,
15854,-1.60e-02,3.28e+01,
15855,-1.60e-02,3.28e+01,
15856,-1.60e-02,3.20e+01,
15857,-1.60e-02,3.20e+01,
15858,-1.60e-02,3.28e+01,
15859,-1.60e-02,3.20e+01,
15860,-1.60e-02,3.20e+01,
15861,-1.60e-02,3.28e+01,
15862,-1.60e-02,3.28e+01,
15863,-1.60e-02,3.28e+01,
15864,-1.60e-02,3.20e+01,
15865,-1.60e-02,3.20e+01,
15866,-1.60e-02,3.28e+01,
15867,-1.60e-02,3.28e+01,
15868,-1.60e-02,3.20e+01,
15869,-1.60e-02,3.20e+01,
15870,-1.60e-02,3.28e+01,
15871,-1.60e-02,3.28e+01,
15872,-1.60e-02,3.20e+01,
15873,-1.60e-02,3.20e+01,
15874,-1.60e-02,3.28e+01,
15875,-1.60e-02,3.20e+01,
15876,-1.60e-02,3.20e+01,
15877,-1.60e-02,3.20e+01,
15878,-8.00e-03,3.28e+01,
15879,-1.60e-02,3.28e+01,
15880,-8.00e-03,3.20e+01,
15881,-1.60e-02,3.20e+01,
15882,-1.60e-02,3.28e+01,
15883,-1.60e-02,3.20e+01,
15884,-8.00e-03,3.20e+01,
15885,-1.60e-02,3.20e+01,
15886,-1.60e-02,3.28e+01,
15887,-1.60e-02,3.28e+01,
15888,-1.60e-02,3.20e+01,
15889,-1.60e-02,3.28e+01,
15890,-8.00e-03,3.28e+01,
15891,-1.60e-02,3.20e+01,
15892,-1.60e-02,3.20e+01,
15893,-1.60e-02,3.20e+01,
15894,-1.60e-02,3.28e+01,
15895,-1.60e-02,3.28e+01,
15896,-1.60e-02,3.20e+01,
15897,-1.60e-02,3.20e+01,
15898,-1.60e-02,3.28e+01,
15899,-1.60e-02,3.28e+01,
15900,-1.60e-02,3.20e+01,
15901,-1.60e-02,3.20e+01,
15902,-1.60e-02,3.28e+01,
15903,-1.60e-02,3.28e+01,
15904,-1.60e-02,3.20e+01,
15905,-1.60e-02,3.20e+01,
15906,-1.60e-02,3.28e+01,
15907,-1.60e-02,3.28e+01,
15908,-1.60e-02,3.20e+01,
15909,-1.60e-02,3.20e+01,
15910,-1.60e-02,3.28e+01,
15911,-1.60e-02,3.28e+01,
15912,-1.60e-02,3.20e+01,
15913,-1.60e-02,3.20e+01,
15914,-1.60e-02,3.28e+01,
15915,-1.60e-02,3.20e+01,
15916,-8.00e-03,3.20e+01,
15917,-1.60e-02,3.20e+01,
15918,-8.00e-03,3.28e+01,
15919,-1.60e-02,3.28e+01,
15920,-1.60e-02,3.20e+01,
15921,-1.60e-02,3.20e+01,
15922,-1.60e-02,3.28e+01,
15923,-1.60e-02,3.28e+01,
15924,-1.60e-02,3.20e+01,
15925,-1.60e-02,3.20e+01,
15926,-8.00e-03,3.28e+01,
15927,-1.60e-02,3.28e+01,
15928,-8.00e-03,3.20e+01,
15929,-1.60e-02,3.20e+01,
15930,-1.60e-02,3.28e+01,
15931,-8.00e-03,3.28e+01,
15932,-1.60e-02,3.20e+01,
15933,-1.60e-02,3.28e+01,
15934,-8.00e-03,3.28e+01,
15935,-1.60e-02,3.28e+01,
15936,-1.60e-02,3.20e+01,
15937,-1.60e-02,3.20e+01,
15938,-1.60e-02,3.28e+01,
15939,-1.60e-02,3.20e+01,
15940,-1.60e-02,3.20e+01,
15941,-1.60e-02,3.20e+01,
15942,-1.60e-02,3.28e+01,
15943,-1.60e-02,3.28e+01,
15944,-8.00e-03,3.20e+01,
15945,-1.60e-02,3.20e+01,
15946,-1.60e-02,3.28e+01,
15947,-1.60e-02,3.28e+01,
15948,-8.00e-03,3.20e+01,
15949,-1.60e-02,3.20e+01,
15950,-8.00e-03,3.28e+01,
15951,-1.60e-02,3.28e+01,
15952,-1.60e-02,3.20e+01,
15953,-1.60e-02,3.20e+01,
15954,-8.00e-03,3.28e+01,
15955,-1.60e-02,3.20e+01,
15956,-1.60e-02,3.20e+01,
15957,-1.60e-02,3.28e+01,
15958,-1.60e-02,3.28e+01,
15959,-8.00e-03,3.28e+01,
15960,-1.60e-02,3.20e+01,
15961,-1.60e-02,3.20e+01,
15962,-1.60e-02,3.28e+01,
15963,-1.60e-02,3.28e+01,
15964,-8.00e-03,3.20e+01,
15965,-1.60e-02,3.28e+01,
15966,-1.60e-02,3.28e+01,
15967,-1.60e-02,3.28e+01,
15968,-1.60e-02,3.28e+01,
15969,-1.60e-02,3.20e+01,
15970,-8.00e-03,3.28e+01,
15971,-1.60e-02,3.28e+01,
15972,-1.60e-02,3.20e+01,
15973,-1.60e-02,3.28e+01,
15974,-8.00e-03,3.28e+01,
15975,-1.60e-02,3.28e+01,
15976,-1.60e-02,3.20e+01,
15977,-1.60e-02,3.20e+01,
15978,-1.60e-02,3.28e+01,
15979,-1.60e-02,3.20e+01,
15980,-1.60e-02,3.28e+01,
15981,-1.60e-02,3.20e+01,
15982,-8.00e-03,3.28e+01,
15983,-1.60e-02,3.28e+01,
15984,-1.60e-02,3.20e+01,
15985,-1.60e-02,3.20e+01,
15986,-8.00e-03,3.28e+01,
15987,-1.60e-02,3.28e+01,
15988,-1.60e-02,3.20e+01,
15989,-1.60e-02,3.28e+01,
15990,-8.00e-03,3.28e+01,
15991,-1.60e-02,3.20e+01,
15992,-1.60e-02,3.20e+01,
15993,-1.60e-02,3.20e+01,
15994,-1.60e-02,3.28e+01,
15995,-1.60e-02,3.28e+01,
15996,-1.60e-02,3.20e+01,
15997,-1.60e-02,3.28e+01,
15998,-8.00e-03,3.20e+01,
15999,-1.60e-02,3.28e+01,
16000,-1.60e-02,3.20e+01,
16001,-1.60e-02,3.20e+01,
16002,-8.00e-03,3.28e+01,
16003,-1.60e-02,3.20e+01,
16004,-1.60e-02,3.20e+01,
16005,-1.60e-02,3.20e+01,
16006,-8.00e-03,3.28e+01,
16007,-8.00e-03,3.28e+01,
16008,-1.60e-02,3.20e+01,
16009,-1.60e-02,3.28e+01,
16010,-8.00e-03,3.28e+01,
16011,-8.00e-03,3.20e+01,
16012,-1.60e-02,3.20e+01,
16013,-1.60e-02,3.20e+01,
16014,-1.60e-02,3.28e+01,
16015,-1.60e-02,3.28e+01,
16016,-1.60e-02,3.20e+01,
16017,-1.60e-02,3.20e+01,
16018,-8.00e-03,3.28e+01,
16019,-1.60e-02,3.20e+01,
16020,-1.60e-02,3.20e+01,
16021,-1.60e-02,3.20e+01,
16022,-8.00e-03,3.28e+01,
16023,-1.60e-02,3.28e+01,
16024,-1.60e-02,3.20e+01,
16025,-1.60e-02,3.28e+01,
16026,-8.00e-03,3.28e+01,
16027,-8.00e-03,3.28e+01,
16028,-8.00e-03,3.20e+01,
16029,-1.60e-02,3.20e+01,
16030,-8.00e-03,3.28e+01,
16031,-8.00e-03,3.28e+01,
16032,-8.00e-03,3.20e+01,
16033,-1.60e-02,3.28e+01,
16034,-1.60e-02,3.28e+01,
16035,-8.00e-03,3.20e+01,
16036,-8.00e-03,3.20e+01,
16037,-1.60e-02,3.28e+01,
16038,-8.00e-03,3.28e+01,
16039,-8.00e-03,3.28e+01,
16040,-8.00e-03,3.20e+01,
16041,-1.60e-02,3.20e+01,
16042,-1.60e-02,3.28e+01,
16043,-8.00e-03,3.28e+01,
16044,-8.00e-03,3.20e+01,
16045,-1.60e-02,3.20e+01,
16046,-1.60e-02,3.28e+01,
16047,-1.60e-02,3.28e+01,
16048,-1.60e-02,3.20e+01,
16049,-1.60e-02,3.20e+01,
16050,-1.60e-02,3.28e+01,
16051,-1.60e-02,3.28e+01,
16052,-8.00e-03,3.20e+01,
16053,-1.60e-02,3.20e+01,
16054,-8.00e-03,3.28e+01,
16055,-1.60e-02,3.28e+01,
16056,-1.60e-02,3.20e+01,
16057,-1.60e-02,3.28e+01,
16058,-1.60e-02,3.28e+01,
16059,-1.60e-02,3.28e+01,
16060,-8.00e-03,3.20e+01,
16061,-1.60e-02,3.20e+01,
16062,-1.60e-02,3.28e+01,
16063,-1.60e-02,3.28e+01,
16064,-1.60e-02,3.20e+01,
16065,-1.60e-02,3.20e+01,
16066,-1.60e-02,3.28e+01,
16067,-8.00e-03,3.28e+01,
16068,-8.00e-03,3.20e+01,
16069,-1.60e-02,3.28e+01,
16070,-1.60e-02,3.28e+01,
16071,-8.00e-03,3.20e+01,
16072,-1.60e-02,3.20e+01,
16073,-1.60e-02,3.20e+01,
16074,-8.00e-03,3.28e+01,
16075,-1.60e-02,3.28e+01,
16076,-1.60e-02,3.20e+01,
16077,-1.60e-02,3.28e+01,
16078,-8.00e-03,3.28e+01,
16079,-8.00e-03,3.20e+01,
16080,-8.00e-03,3.20e+01,
16081,-1.60e-02,3.20e+01,
16082,-8.00e-03,3.28e+01,
16083,-8.00e-03,3.28e+01,
16084,-1.60e-02,3.20e+01,
16085,-1.60e-02,3.28e+01,
16086,-1.60e-02,3.28e+01,
16087,-1.60e-02,3.28e+01,
16088,-1.60e-02,3.20e+01,
16089,-1.60e-02,3.28e+01,
16090,-8.00e-03,3.28e+01,
16091,-1.60e-02,3.28e+01,
16092,-1.60e-02,3.20e+01,
16093,-1.60e-02,3.20e+01,
16094,-8.00e-03,3.28e+01,
16095,-1.60e-02,3.28e+01,
16096,-1.60e-02,3.20e+01,
16097,-1.60e-02,3.20e+01,
16098,-1.60e-02,3.28e+01,
16099,-8.00e-03,3.20e+01,
16100,-8.00e-03,3.20e+01,
16101,-1.60e-02,3.20e+01,
16102,-8.00e-03,3.28e+01,
16103,-8.00e-03,3.28e+01,
16104,-1.60e-02,3.20e+01,
16105,-1.60e-02,3.20e+01,
16106,-8.00e-03,3.28e+01,
16107,-8.00e-03,3.28e+01,
16108,-8.00e-03,3.20e+01,
16109,-1.60e-02,3.28e+01,
16110,-1.60e-02,3.28e+01,
16111,-1.60e-02,3.28e+01,
16112,-8.00e-03,3.20e+01,
16113,-1.60e-02,3.20e+01,
16114,-8.00e-03,3.28e+01,
16115,-8.00e-03,3.28e+01,
16116,-1.60e-02,3.20e+01,
16117,-1.60e-02,3.28e+01,
16118,-8.00e-03,3.28e+01,
16119,-8.00e-03,3.20e+01,
16120,-8.00e-03,3.20e+01,
16121,-1.60e-02,3.20e+01,
16122,-1.60e-02,3.28e+01,
16123,-8.00e-03,3.28e+01,
16124,-1.60e-02,3.20e+01,
16125,-1.60e-02,3.20e+01,
16126,-1.60e-02,3.28e+01,
16127,-8.00e-03,3.28e+01,
16128,-1.60e-02,3.20e+01,
16129,-1.60e-02,3.28e+01,
16130,-1.60e-02,3.28e+01,
16131,-8.00e-03,3.20e+01,
16132,-8.00e-03,3.28e+01,
16133,-1.60e-02,3.20e+01,
16134,-1.60e-02,3.28e+01,
16135,-8.00e-03,3.28e+01,
16136,-8.00e-03,3.20e+01,
16137,-1.60e-02,3.28e+01,
16138,-1.60e-02,3.28e+01,
16139,-8.00e-03,3.20e+01,
16140,-8.00e-03,3.20e+01,
16141,-1.60e-02,3.20e+01,
16142,-8.00e-03,3.28e+01,
16143,-8.00e-03,3.28e+01,
16144,-1.60e-02,3.20e+01,
16145,-1.60e-02,3.20e+01,
16146,-8.00e-03,3.28e+01,
16147,-8.00e-03,3.28e+01,
16148,-1.60e-02,3.20e+01,
16149,-1.60e-02,3.20e+01,
16150,-8.00e-03,3.28e+01,
16151,-8.00e-03,3.28e+01,
16152,-8.00e-03,3.20e+01,
16153,-1.60e-02,3.20e+01,
16154,-8.00e-03,3.28e+01,
16155,-8.00e-03,3.20e+01,
16156,-1.60e-02,3.20e+01,
16157,-1.60e-02,3.20e+01,
16158,-8.00e-03,3.28e+01,
16159,-8.00e-03,3.20e+01,
16160,-1.60e-02,3.20e+01,
16161,-1.60e-02,3.20e+01,
16162,-8.00e-03,3.28e+01,
16163,-8.00e-03,3.20e+01,
16164,-8.00e-03,3.20e+01,
16165,-1.60e-02,3.28e+01,
16166,-8.00e-03,3.20e+01,
16167,-8.00e-03,3.20e+01,
16168,-8.00e-03,3.28e+01,
16169,-1.60e-02,3.20e+01,
16170,-1.60e-02,3.28e+01,
16171,-8.00e-03,3.20e+01,
16172,-8.00e-03,3.20e+01,
16173,-1.60e-02,3.28e+01,
16174,-8.00e-03,3.28e+01,
16175,-8.00e-03,3.28e+01,
16176,-8.00e-03,3.20e+01,
16177,-1.60e-02,3.20e+01,
16178,-8.00e-03,3.28e+01,
16179,-8.00e-03,3.20e+01,
16180,-8.00e-03,3.20e+01,
16181,-1.60e-02,3.20e+01,
16182,-8.00e-03,3.28e+01,
16183,-8.00e-03,3.20e+01,
16184,-8.00e-03,3.20e+01,
16185,-1.60e-02,3.20e+01,
16186,-8.00e-03,3.28e+01,
16187,-8.00e-03,3.28e+01,
16188,-1.60e-02,3.20e+01,
16189,-1.60e-02,3.20e+01,
16190,-8.00e-03,3.28e+01,
16191,-8.00e-03,3.28e+01,
16192,-1.60e-02,3.20e+01,
16193,-1.60e-02,3.20e+01,
16194,-1.60e-02,3.28e+01,
16195,-8.00e-03,3.20e+01,
16196,-1.60e-02,3.20e+01,
16197,-1.60e-02,3.20e+01,
16198,-8.00e-03,3.28e+01,
16199,-8.00e-03,3.28e+01,
16200,-1.60e-02,3.20e+01,
16201,-1.60e-02,3.20e+01,
16202,-1.60e-02,3.28e+01,
16203,-8.00e-03,3.20e+01,
16204,-8.00e-03,3.20e+01,
16205,-1.60e-02,3.20e+01,
16206,-8.00e-03,3.28e+01,
16207,-8.00e-03,3.28e+01,
16208,-8.00e-03,3.20e+01,
16209,-1.60e-02,3.28e+01,
16210,-8.00e-03,3.28e+01,
16211,-8.00e-03,3.28e+01,
16212,-1.60e-02,3.20e+01,
16213,-1.60e-02,3.20e+01,
16214,-8.00e-03,3.28e+01,
16215,-8.00e-03,3.20e+01,
16216,-8.00e-03,3.20e+01,
16217,-1.60e-02,3.28e+01,
16218,-8.00e-03,3.28e+01,
16219,-1.60e-02,3.28e+01,
16220,-1.60e-02,3.20e+01,
16221,-8.00e-03,3.20e+01,
16222,-8.00e-03,3.28e+01,
16223,-8.00e-03,3.28e+01,
16224,-1.60e-02,3.20e+01,
16225,-1.60e-02,3.20e+01,
16226,-8.00e-03,3.28e+01,
16227,-8.00e-03,3.28e+01,
16228,-1.60e-02,3.20e+01,
16229,-1.60e-02,3.20e+01,
16230,-1.60e-02,3.28e+01,
16231,-8.00e-03,3.20e+01,
16232,-1.60e-02,3.20e+01,
16233,-1.60e-02,3.20e+01,
16234,-1.60e-02,3.28e+01,
16235,-8.00e-03,3.20e+01,
16236,-8.00e-03,3.20e+01,
16237,-1.60e-02,3.28e+01,
16238,-8.00e-03,3.28e+01,
16239,-8.00e-03,3.28e+01,
16240,-8.00e-03,3.20e+01,
16241,-1.60e-02,3.20e+01,
16242,-8.00e-03,3.28e+01,
16243,-8.00e-03,3.20e+01,
16244,-1.60e-02,3.20e+01,
16245,-1.60e-02,3.28e+01,
16246,-1.60e-02,3.28e+01,
16247,-1.60e-02,3.28e+01,
16248,-8.00e-03,3.20e+01,
16249,-1.60e-02,3.20e+01,
16250,-8.00e-03,3.28e+01,
16251,-8.00e-03,3.28e+01,
16252,-8.00e-03,3.20e+01,
16253,-8.00e-03,3.20e+01,
16254,-8.00e-03,3.28e+01,
16255,-1.60e-02,3.28e+01,
16256,-1.60e-02,3.20e+01,
16257,-1.60e-02,3.20e+01,
16258,-8.00e-03,3.28e+01,
16259,-8.00e-03,3.28e+01,
16260,-8.00e-03,3.20e+01,
16261,-1.60e-02,3.20e+01,
16262,-1.60e-02,3.28e+01,
16263,-1.60e-02,3.20e+01,
16264,-8.00e-03,3.20e+01,
16265,-1.60e-02,3.20e+01,
16266,-1.60e-02,3.28e+01,
16267,-1.60e-02,3.20e+01,
16268,-8.00e-03,3.20e+01,
16269,-1.60e-02,3.20e+01,
16270,-8.00e-03,3.28e+01,
16271,-8.00e-03,3.28e+01,
16272,-8.00e-03,3.20e+01,
16273,-1.60e-02,3.20e+01,
16274,-8.00e-03,3.28e+01,
16275,-8.00e-03,3.20e+01,
16276,-1.60e-02,3.20e+01,
16277,-1.60e-02,3.20e+01,
16278,-8.00e-03,3.28e+01,
16279,-8.00e-03,3.28e+01,
16280,-8.00e-03,3.20e+01,
16281,-1.60e-02,3.20e+01,
16282,-8.00e-03,3.28e+01,
16283,-8.00e-03,3.20e+01,
16284,-8.00e-03,3.20e+01,
16285,-1.60e-02,3.20e+01,
16286,-8.00e-03,3.28e+01,
16287,-8.00e-03,3.28e+01,
16288,-1.60e-02,3.20e+01,
16289,-1.60e-02,3.20e+01,
16290,-8.00e-03,3.28e+01,
16291,-8.00e-03,3.20e+01,
16292,-1.60e-02,3.20e+01,
16293,-1.60e-02,3.20e+01,
16294,-8.00e-03,3.28e+01,
16295,-8.00e-03,3.28e+01,
16296,-8.00e-03,3.20e+01,
16297,-1.60e-02,3.20e+01,
16298,-8.00e-03,3.28e+01,
16299,-8.00e-03,3.28e+01,
16300,-8.00e-03,3.20e+01,
16301,-1.60e-02,3.20e+01,
16302,-8.00e-03,3.28e+01,
16303,-1.60e-02,3.28e+01,
16304,-8.00e-03,3.20e+01,
16305,-1.60e-02,3.20e+01,
16306,-8.00e-03,3.28e+01,
16307,-8.00e-03,3.28e+01,
16308,-8.00e-03,3.20e+01,
16309,-1.60e-02,3.20e+01,
16310,-8.00e-03,3.28e+01,
16311,-8.00e-03,3.20e+01,
16312,-1.60e-02,3.20e+01,
16313,-1.60e-02,3.20e+01,
16314,-8.00e-03,3.28e+01,
16315,-8.00e-03,3.28e+01,
16316,-1.60e-02,3.20e+01,
16317,-8.00e-03,3.20e+01,
16318,-8.00e-03,3.28e+01,
16319,-8.00e-03,3.28e+01,
16320,-8.00e-03,3.20e+01,
16321,-1.60e-02,3.20e+01,
16322,-8.00e-03,3.28e+01,
16323,-8.00e-03,3.28e+01,
16324,-8.00e-03,3.20e+01,
16325,-1.60e-02,3.20e+01,
16326,-8.00e-03,3.28e+01,
16327,-8.00e-03,3.28e+01,
16328,-8.00e-03,3.20e+01,
16329,-8.00e-03,3.20e+01,
16330,-8.00e-03,3.28e+01,
16331,-8.00e-03,3.20e+01,
16332,-8.00e-03,3.20e+01,
16333,-1.60e-02,3.20e+01,
16334,-8.00e-03,3.28e+01,
16335,-8.00e-03,3.28e+01,
16336,-8.00e-03,3.20e+01,
16337,-1.60e-02,3.20e+01,
16338,-8.00e-03,3.28e+01,
16339,-8.00e-03,3.28e+01,
16340,-8.00e-03,3.20e+01,
16341,-1.60e-02,3.20e+01,
16342,-8.00e-03,3.28e+01,
16343,-8.00e-03,3.20e+01,
16344,-8.00e-03,3.20e+01,
16345,-1.60e-02,3.20e+01,
16346,-1.60e-02,3.28e+01,
16347,-8.00e-03,3.28e+01,
16348,-1.60e-02,3.20e+01,
16349,-1.60e-02,3.28e+01,
16350,-8.00e-03,3.28e+01,
16351,-8.00e-03,3.28e+01,
16352,-8.00e-03,3.20e+01,
16353,-1.60e-02,3.20e+01,
16354,-8.00e-03,3.28e+01,
16355,-1.60e-02,3.20e+01,
16356,-8.00e-03,3.20e+01,
16357,-8.00e-03,3.20e+01,
16358,-8.00e-03,3.28e+01,
16359,-8.00e-03,3.28e+01,
16360,-8.00e-03,3.28e+01,
16361,-1.60e-02,3.20e+01,
16362,-8.00e-03,3.28e+01,
16363,-8.00e-03,3.20e+01,
16364,-8.00e-03,3.20e+01,
16365,-1.60e-02,3.28e+01,
16366,-1.60e-02,3.28e+01,
16367,-8.00e-03,3.20e+01,
16368,-1.60e-02,3.28e+01,
16369,-1.60e-02,3.20e+01,
16370,-8.00e-03,3.28e+01,
16371,-1.60e-02,3.20e+01,
16372,-8.00e-03,3.20e+01,
16373,-1.60e-02,3.28e+01,
16374,-8.00e-03,3.28e+01,
16375,-1.60e-02,3.28e+01,
16376,-8.00e-03,3.20e+01,
16377,-1.60e-02,3.20e+01,
16378,-8.00e-03,3.28e+01,
16379,-8.00e-03,3.28e+01,
16380,-8.00e-03,3.20e+01,
16381,-1.60e-02,3.20e+01,
16382,-8.00e-03,3.28e+01,
16383,-8.00e-03,3.28e+01,
16384,-8.00e-03,3.20e+01,
16385,-1.60e-02,3.20e+01,
16386,-8.00e-03,3.28e+01,
16387,-8.00e-03,3.28e+01,
16388,-8.00e-03,3.20e+01,
16389,-1.60e-02,3.28e+01,
16390,-8.00e-03,3.28e+01,
16391,-8.00e-03,3.28e+01,
16392,-8.00e-03,3.20e+01,
16393,-1.60e-02,3.20e+01,
16394,-8.00e-03,3.28e+01,
16395,-8.00e-03,3.20e+01,
16396,-8.00e-03,3.20e+01,
16397,-1.60e-02,3.28e+01,
16398,-8.00e-03,3.28e+01,
16399,-8.00e-03,3.28e+01,
16400,-8.00e-03,3.20e+01,
16401,-1.60e-02,3.20e+01,
16402,-8.00e-03,3.28e+01,
16403,-8.00e-03,3.28e+01,
16404,-8.00e-03,3.20e+01,
16405,-1.60e-02,3.28e+01,
16406,-8.00e-03,3.28e+01,
16407,-8.00e-03,3.28e+01,
16408,-1.60e-02,3.20e+01,
16409,-1.60e-02,3.20e+01,
16410,-8.00e-03,3.28e+01,
16411,-8.00e-03,3.20e+01,
16412,-8.00e-03,3.28e+01,
16413,-1.60e-02,3.20e+01,
16414,-8.00e-03,3.28e+01,
16415,-8.00e-03,3.28e+01,
16416,-8.00e-03,3.20e+01,
16417,-8.00e-03,3.20e+01,
16418,-8.00e-03,3.28e+01,
16419,-1.60e-02,3.20e+01,
16420,-8.00e-03,3.20e+01,
16421,-8.00e-03,3.28e+01,
16422,-8.00e-03,3.28e+01,
16423,-8.00e-03,3.28e+01,
16424,-1.60e-02,3.20e+01,
16425,-1.60e-02,3.20e+01,
16426,-8.00e-03,3.28e+01,
16427,-8.00e-03,3.28e+01,
16428,-8.00e-03,3.20e+01,
16429,-1.60e-02,3.20e+01,
16430,-8.00e-03,3.28e+01,
16431,-8.00e-03,3.28e+01,
16432,-1.60e-02,3.20e+01,
16433,-1.60e-02,3.20e+01,
16434,-8.00e-03,3.28e+01,
16435,-1.60e-02,3.20e+01,
16436,-8.00e-03,3.20e+01,
16437,-1.60e-02,3.28e+01,
16438,-8.00e-03,3.28e+01,
16439,-8.00e-03,3.28e+01,
16440,-8.00e-03,3.20e+01,
16441,-1.60e-02,3.20e+01,
16442,-8.00e-03,3.28e+01,
16443,-8.00e-03,3.20e+01,
16444,-8.00e-03,3.20e+01,
16445,-1.60e-02,3.28e+01,
16446,-8.00e-03,3.28e+01,
16447,-8.00e-03,3.28e+01,
16448,-8.00e-03,3.20e+01,
16449,-1.60e-02,3.20e+01,
16450,-8.00e-03,3.28e+01,
16451,-8.00e-03,3.20e+01,
16452,-8.00e-03,3.20e+01,
16453,-1.60e-02,3.28e+01,
16454,-8.00e-03,3.28e+01,
16455,-8.00e-03,3.28e+01,
16456,-8.00e-03,3.20e+01,
16457,-1.60e-02,3.28e+01,
16458,-8.00e-03,3.28e+01,
16459,-8.00e-03,3.28e+01,
16460,-8.00e-03,3.20e+01,
16461,-1.60e-02,3.28e+01,
16462,-8.00e-03,3.28e+01,
16463,-8.00e-03,3.28e+01,
16464,-8.00e-03,3.20e+01,
16465,-1.60e-02,3.28e+01,
16466,-8.00e-03,3.28e+01,
16467,-8.00e-03,3.28e+01,
16468,-8.00e-03,3.20e+01,
16469,-1.60e-02,3.20e+01,
16470,-8.00e-03,3.28e+01,
16471,-8.00e-03,3.20e+01,
16472,-8.00e-03,3.20e+01,
16473,-1.60e-02,3.20e+01,
16474,-8.00e-03,3.28e+01,
16475,-8.00e-03,3.20e+01,
16476,-1.60e-02,3.20e+01,
16477,-1.60e-02,3.20e+01,
16478,-8.00e-03,3.28e+01,
16479,-8.00e-03,3.28e+01,
16480,-8.00e-03,3.20e+01,
16481,-1.60e-02,3.20e+01,
16482,-8.00e-03,3.28e+01,
16483,-8.00e-03,3.20e+01,
16484,-8.00e-03,3.20e+01,
16485,-1.60e-02,3.20e+01,
16486,-8.00e-03,3.28e+01,
16487,-8.00e-03,3.28e+01,
16488,-8.00e-03,3.20e+01,
16489,-1.60e-02,3.20e+01,
16490,-8.00e-03,3.28e+01,
16491,-8.00e-03,3.20e+01,
16492,-8.00e-03,3.28e+01,
16493,-1.60e-02,3.28e+01,
16494,-8.00e-03,3.28e+01,
16495,-8.00e-03,3.28e+01,
16496,-8.00e-03,3.20e+01,
16497,-1.60e-02,3.20e+01,
16498,-8.00e-03,3.28e+01,
16499,-8.00e-03,3.28e+01,
16500,-8.00e-03,3.20e+01,
16501,-8.00e-03,3.28e+01,
16502,-8.00e-03,3.28e+01,
16503,-8.00e-03,3.20e+01,
16504,-8.00e-03,3.20e+01,
16505,-8.00e-03,3.28e+01,
16506,-8.00e-03,3.28e+01,
16507,-8.00e-03,3.28e+01,
16508,-8.00e-03,3.20e+01,
16509,-1.60e-02,3.28e+01,
16510,-8.00e-03,3.28e+01,
16511,-8.00e-03,3.28e+01,
16512,-8.00e-03,3.20e+01,
16513,-1.60e-02,3.20e+01,
16514,-8.00e-03,3.28e+01,
16515,-1.60e-02,3.20e+01,
16516,-8.00e-03,3.28e+01,
16517,-8.00e-03,3.28e+01,
16518,-8.00e-03,3.28e+01,
16519,-8.00e-03,3.28e+01,
16520,-8.00e-03,3.20e+01,
16521,-8.00e-03,3.20e+01,
16522,-8.00e-03,3.28e+01,
16523,-8.00e-03,3.28e+01,
16524,-8.00e-03,3.20e+01,
16525,-1.60e-02,3.28e+01,
16526,-8.00e-03,3.28e+01,
16527,-8.00e-03,3.28e+01,
16528,-8.00e-03,3.20e+01,
16529,-8.00e-03,3.20e+01,
16530,-8.00e-03,3.28e+01,
16531,-8.00e-03,3.20e+01,
16532,-8.00e-03,3.20e+01,
16533,-1.60e-02,3.28e+01,
16534,-8.00e-03,3.28e+01,
16535,-8.00e-03,3.28e+01,
16536,-8.00e-03,3.20e+01,
16537,-1.60e-02,3.28e+01,
16538,-1.60e-02,3.28e+01,
16539,-8.00e-03,3.20e+01,
16540,-8.00e-03,3.28e+01,
16541,-1.60e-02,3.20e+01,
16542,-8.00e-03,3.28e+01,
16543,-8.00e-03,3.28e+01,
16544,-8.00e-03,3.20e+01,
16545,-1.60e-02,3.20e+01,
16546,-8.00e-03,3.28e+01,
16547,-8.00e-03,3.28e+01,
16548,-8.00e-03,3.20e+01,
16549,-1.60e-02,3.20e+01,
16550,-8.00e-03,3.28e+01,
16551,-8.00e-03,3.28e+01,
16552,-8.00e-03,3.20e+01,
16553,-1.60e-02,3.28e+01,
16554,-8.00e-03,3.28e+01,
16555,-8.00e-03,3.28e+01,
16556,-8.00e-03,3.20e+01,
16557,-1.60e-02,3.28e+01,
16558,-8.00e-03,3.28e+01,
16559,-1.60e-02,3.28e+01,
16560,-8.00e-03,3.28e+01,
16561,-1.60e-02,3.20e+01,
16562,-8.00e-03,3.28e+01,
16563,-8.00e-03,3.28e+01,
16564,-1.60e-02,3.20e+01,
16565,-1.60e-02,3.20e+01,
16566,-8.00e-03,3.28e+01,
16567,-1.60e-02,3.28e+01,
16568,-8.00e-03,3.28e+01,
16569,-1.60e-02,3.20e+01,
16570,-8.00e-03,3.28e+01,
16571,-8.00e-03,3.28e+01,
16572,-8.00e-03,3.20e+01,
16573,-1.60e-02,3.28e+01,
16574,-8.00e-03,3.28e+01,
16575,-8.00e-03,3.28e+01,
16576,-8.00e-03,3.28e+01,
16577,-1.60e-02,3.20e+01,
16578,-8.00e-03,3.28e+01,
16579,-8.00e-03,3.20e+01,
16580,-8.00e-03,3.20e+01,
16581,-1.60e-02,3.28e+01,
16582,-8.00e-03,3.28e+01,
16583,-8.00e-03,3.28e+01,
16584,-8.00e-03,3.20e+01,
16585,-1.60e-02,3.20e+01,
16586,-8.00e-03,3.28e+01,
16587,-8.00e-03,3.28e+01,
16588,-8.00e-03,3.20e+01,
16589,-1.60e-02,3.28e+01,
16590,-8.00e-03,3.28e+01,
16591,-8.00e-03,3.28e+01,
16592,-8.00e-03,3.20e+01,
16593,-1.60e-02,3.20e+01,
16594,-8.00e-03,3.28e+01,
16595,-8.00e-03,3.28e+01,
16596,-8.00e-03,3.20e+01,
16597,-8.00e-03,3.28e+01,
16598,-8.00e-03,3.28e+01,
16599,-8.00e-03,3.28e+01,
16600,-8.00e-03,3.20e+01,
16601,-8.00e-03,3.20e+01,
16602,-8.00e-03,3.28e+01,
16603,-8.00e-03,3.28e+01,
16604,-8.00e-03,3.28e+01,
16605,-1.60e-02,3.20e+01,
16606,-8.00e-03,3.28e+01,
16607,-8.00e-03,3.28e+01,
16608,-8.00e-03,3.20e+01,
16609,-1.60e-02,3.28e+01,
16610,-8.00e-03,3.28e+01,
16611,-8.00e-03,3.28e+01,
16612,-8.00e-03,3.20e+01,
16613,-1.60e-02,3.20e+01,
16614,-8.00e-03,3.28e+01,
16615,-1.60e-02,3.28e+01,
16616,-8.00e-03,3.20e+01,
16617,-1.60e-02,3.28e+01,
16618,-8.00e-03,3.28e+01,
16619,-8.00e-03,3.20e+01,
16620,-8.00e-03,3.20e+01,
16621,-8.00e-03,3.20e+01,
16622,-8.00e-03,3.28e+01,
16623,-8.00e-03,3.28e+01,
16624,-8.00e-03,3.20e+01,
16625,-1.60e-02,3.20e+01,
16626,-8.00e-03,3.28e+01,
16627,-8.00e-03,3.28e+01,
16628,-8.00e-03,3.20e+01,
16629,-8.00e-03,3.20e+01,
16630,-8.00e-03,3.28e+01,
16631,-1.60e-02,3.28e+01,
16632,-8.00e-03,3.20e+01,
16633,-8.00e-03,3.20e+01,
16634,-8.00e-03,3.28e+01,
16635,-8.00e-03,3.20e+01,
16636,-8.00e-03,3.28e+01,
16637,-8.00e-03,3.28e+01,
16638,-8.00e-03,3.28e+01,
16639,-8.00e-03,3.20e+01,
16640,-8.00e-03,3.20e+01,
16641,-8.00e-03,3.20e+01,
16642,-8.00e-03,3.28e+01,
16643,-8.00e-03,3.20e+01,
16644,-8.00e-03,3.20e+01,
16645,-1.60e-02,3.20e+01,
16646,-8.00e-03,3.28e+01,
16647,-8.00e-03,3.28e+01,
16648,-8.00e-03,3.20e+01,
16649,-1.60e-02,3.20e+01,
16650,-8.00e-03,3.28e+01,
16651,-8.00e-03,3.28e+01,
16652,-8.00e-03,3.20e+01,
16653,-8.00e-03,3.20e+01,
16654,-8.00e-03,3.28e+01,
16655,-8.00e-03,3.28e+01,
16656,-1.60e-02,3.20e+01,
16657,-1.60e-02,3.28e+01,
16658,-8.00e-03,3.28e+01,
16659,-8.00e-03,3.28e+01,
16660,-8.00e-03,3.20e+01,
16661,-1.60e-02,3.20e+01,
16662,-8.00e-03,3.28e+01,
16663,-8.00e-03,3.28e+01,
16664,-8.00e-03,3.20e+01,
16665,-8.00e-03,3.20e+01,
16666,-8.00e-03,3.28e+01,
16667,-1.60e-02,3.28e+01,
16668,-8.00e-03,3.20e+01,
16669,-1.60e-02,3.28e+01,
16670,-8.00e-03,3.28e+01,
16671,-8.00e-03,3.28e+01,
16672,-8.00e-03,3.20e+01,
16673,-1.60e-02,3.20e+01,
16674,-8.00e-03,3.28e+01,
16675,-8.00e-03,3.28e+01,
16676,-8.00e-03,3.20e+01,
16677,-8.00e-03,3.28e+01,
16678,-8.00e-03,3.28e+01,
16679,-1.60e-02,3.28e+01,
16680,-8.00e-03,3.20e+01,
16681,-1.60e-02,3.20e+01,
16682,-8.00e-03,3.28e+01,
16683,-8.00e-03,3.20e+01,
16684,-8.00e-03,3.20e+01,
16685,-1.60e-02,3.28e+01,
16686,-8.00e-03,3.28e+01,
16687,-8.00e-03,3.28e+01,
16688,-8.00e-03,3.20e+01,
16689,-8.00e-03,3.28e+01,
16690,-8.00e-03,3.28e+01,
16691,-8.00e-03,3.28e+01,
16692,-8.00e-03,3.20e+01,
16693,-8.00e-03,3.28e+01,
16694,-8.00e-03,3.28e+01,
16695,-8.00e-03,3.28e+01,
16696,-8.00e-03,3.20e+01,
16697,-1.60e-02,3.20e+01,
16698,-8.00e-03,3.28e+01,
16699,-8.00e-03,3.28e+01,
16700,-8.00e-03,3.20e+01,
16701,-8.00e-03,3.28e+01,
16702,-8.00e-03,3.28e+01,
16703,-8.00e-03,3.28e+01,
16704,-8.00e-03,3.20e+01,
16705,-8.00e-03,3.20e+01,
16706,-8.00e-03,3.28e+01,
16707,-8.00e-03,3.28e+01,
16708,-8.00e-03,3.20e+01,
16709,-1.60e-02,3.20e+01,
16710,-8.00e-03,3.28e+01,
16711,-8.00e-03,3.28e+01,
16712,-8.00e-03,3.20e+01,
16713,-1.60e-02,3.20e+01,
16714,-8.00e-03,3.28e+01,
16715,-8.00e-03,3.20e+01,
16716,-8.00e-03,3.20e+01,
16717,-1.60e-02,3.28e+01,
16718,-8.00e-03,3.28e+01,
16719,-8.00e-03,3.28e+01,
16720,-8.00e-03,3.20e+01,
16721,-1.60e-02,3.20e+01,
16722,-8.00e-03,3.28e+01,
16723,-8.00e-03,3.28e+01,
16724,-8.00e-03,3.28e+01,
16725,-8.00e-03,3.20e+01,
16726,-8.00e-03,3.28e+01,
16727,-8.00e-03,3.28e+01,
16728,-8.00e-03,3.20e+01,
16729,-1.60e-02,3.20e+01,
16730,-8.00e-03,3.28e+01,
16731,-8.00e-03,3.28e+01,
16732,-8.00e-03,3.20e+01,
16733,-8.00e-03,3.20e+01,
16734,-8.00e-03,3.28e+01,
16735,-8.00e-03,3.28e+01,
16736,-8.00e-03,3.20e+01,
16737,-1.60e-02,3.20e+01,
16738,-8.00e-03,3.28e+01,
16739,-8.00e-03,3.28e+01,
16740,-8.00e-03,3.20e+01,
16741,-1.60e-02,3.20e+01,
16742,-8.00e-03,3.28e+01,
16743,-8.00e-03,3.28e+01,
16744,-8.00e-03,3.20e+01,
16745,-1.60e-02,3.28e+01,
16746,-8.00e-03,3.28e+01,
16747,-8.00e-03,3.28e+01,
16748,-8.00e-03,3.20e+01,
16749,-1.60e-02,3.28e+01,
16750,-8.00e-03,3.28e+01,
16751,-1.60e-02,3.28e+01,
16752,-8.00e-03,3.20e+01,
16753,-1.60e-02,3.20e+01,
16754,-8.00e-03,3.28e+01,
16755,-8.00e-03,3.28e+01,
16756,-8.00e-03,3.20e+01,
16757,-1.60e-02,3.28e+01,
16758,-8.00e-03,3.28e+01,
16759,-8.00e-03,3.28e+01,
16760,-8.00e-03,3.20e+01,
16761,-8.00e-03,3.20e+01,
16762,-8.00e-03,3.28e+01,
16763,-8.00e-03,3.28e+01,
16764,-8.00e-03,3.20e+01,
16765,-8.00e-03,3.28e+01,
16766,-8.00e-03,3.28e+01,
16767,-8.00e-03,3.20e+01,
16768,-8.00e-03,3.28e+01,
16769,-1.60e-02,3.20e+01,
16770,-8.00e-03,3.28e+01,
16771,-8.00e-03,3.28e+01,
16772,-8.00e-03,3.20e+01,
16773,-1.60e-02,3.28e+01,
16774,-8.00e-03,3.28e+01,
16775,-8.00e-03,3.28e+01,
16776,-8.00e-03,3.20e+01,
16777,-8.00e-03,3.20e+01,
16778,-8.00e-03,3.28e+01,
16779,-8.00e-03,3.20e+01,
16780,-8.00e-03,3.28e+01,
16781,-1.60e-02,3.20e+01,
16782,-8.00e-03,3.28e+01,
16783,-8.00e-03,3.28e+01,
16784,-8.00e-03,3.20e+01,
16785,-1.60e-02,3.20e+01,
16786,-8.00e-03,3.28e+01,
16787,-8.00e-03,3.28e+01,
16788,-8.00e-03,3.20e+01,
16789,-8.00e-03,3.20e+01,
16790,-8.00e-03,3.28e+01,
16791,-8.00e-03,3.28e+01,
16792,-8.00e-03,3.20e+01,
16793,-1.60e-02,3.20e+01,
16794,-8.00e-03,3.28e+01,
16795,-8.00e-03,3.20e+01,
16796,-8.00e-03,3.20e+01,
16797,-8.00e-03,3.28e+01,
16798,-8.00e-03,3.28e+01,
16799,-8.00e-03,3.28e+01,
16800,-8.00e-03,3.20e+01,
16801,-8.00e-03,3.20e+01,
16802,-8.00e-03,3.28e+01,
16803,-8.00e-03,3.20e+01,
16804,-8.00e-03,3.20e+01,
16805,-1.60e-02,3.20e+01,
16806,-8.00e-03,3.28e+01,
16807,-8.00e-03,3.28e+01,
16808,-8.00e-03,3.20e+01,
16809,-1.60e-02,3.28e+01,
16810,-8.00e-03,3.28e+01,
16811,-8.00e-03,3.28e+01,
16812,-8.00e-03,3.20e+01,
16813,-8.00e-03,3.20e+01,
16814,-8.00e-03,3.28e+01,
16815,-8.00e-03,3.28e+01,
16816,-8.00e-03,3.20e+01,
16817,-8.00e-03,3.20e+01,
16818,-8.00e-03,3.28e+01,
16819,-8.00e-03,3.28e+01,
16820,-8.00e-03,3.20e+01,
16821,-1.60e-02,3.20e+01,
16822,-8.00e-03,3.28e+01,
16823,-8.00e-03,3.28e+01,
16824,-8.00e-03,3.20e+01,
16825,-8.00e-03,3.20e+01,
16826,-8.00e-03,3.28e+01,
16827,-8.00e-03,3.20e+01,
16828,-8.00e-03,3.20e+01,
16829,-1.60e-02,3.20e+01,
16830,-8.00e-03,3.28e+01,
16831,-8.00e-03,3.28e+01,
16832,-8.00e-03,3.20e+01,
16833,-1.60e-02,3.20e+01,
16834,-8.00e-03,3.28e+01,
16835,-8.00e-03,3.20e+01,
16836,-8.00e-03,3.20e+01,
16837,-1.60e-02,3.28e+01,
16838,-8.00e-03,3.28e+01,
16839,-8.00e-03,3.20e+01,
16840,-8.00e-03,3.20e+01,
16841,-1.60e-02,3.20e+01,
16842,-8.00e-03,3.28e+01,
16843,-8.00e-03,3.20e+01,
16844,-8.00e-03,3.20e+01,
16845,-8.00e-03,3.20e+01,
16846,-8.00e-03,3.28e+01,
16847,-8.00e-03,3.28e+01,
16848,-8.00e-03,3.20e+01,
16849,-8.00e-03,3.20e+01,
16850,-8.00e-03,3.28e+01,
16851,-8.00e-03,3.20e+01,
16852,-8.00e-03,3.20e+01,
16853,-8.00e-03,3.28e+01,
16854,-8.00e-03,3.28e+01,
16855,-8.00e-03,3.28e+01,
16856,-8.00e-03,3.20e+01,
16857,-1.60e-02,3.20e+01,
16858,-8.00e-03,3.28e+01,
16859,-8.00e-03,3.28e+01,
16860,-8.00e-03,3.28e+01,
16861,-1.60e-02,3.20e+01,
16862,-8.00e-03,3.28e+01,
16863,-8.00e-03,3.28e+01,
16864,-8.00e-03,3.20e+01,
16865,-8.00e-03,3.20e+01,
16866,-8.00e-03,3.28e+01,
16867,-8.00e-03,3.28e+01,
16868,-8.00e-03,3.20e+01,
16869,-8.00e-03,3.28e+01,
16870,-8.00e-03,3.28e+01,
16871,-8.00e-03,3.28e+01,
16872,-8.00e-03,3.20e+01,
16873,-8.00e-03,3.20e+01,
16874,-8.00e-03,3.28e+01,
16875,-8.00e-03,3.20e+01,
16876,-8.00e-03,3.20e+01,
16877,-8.00e-03,3.28e+01,
16878,-8.00e-03,3.28e+01,
16879,-8.00e-03,3.28e+01,
16880,-8.00e-03,3.20e+01,
16881,-8.00e-03,3.28e+01,
16882,-8.00e-03,3.28e+01,
16883,-8.00e-03,3.20e+01,
16884,-8.00e-03,3.20e+01,
16885,-8.00e-03,3.20e+01,
16886,-8.00e-03,3.28e+01,
16887,-8.00e-03,3.28e+01,
16888,-8.00e-03,3.20e+01,
16889,-8.00e-03,3.20e+01,
16890,-8.00e-03,3.28e+01,
16891,-8.00e-03,3.20e+01,
16892,-8.00e-03,3.20e+01,
16893,-1.60e-02,3.20e+01,
16894,-8.00e-03,3.28e+01,
16895,-8.00e-03,3.28e+01,
16896,-8.00e-03,3.20e+01,
16897,-8.00e-03,3.28e+01,
16898,-8.00e-03,3.28e+01,
16899,-8.00e-03,3.20e+01,
16900,-8.00e-03,3.20e+01,
16901,-8.00e-03,3.20e+01,
16902,-8.00e-03,3.28e+01,
16903,-8.00e-03,3.20e+01,
16904,-8.00e-03,3.20e+01,
16905,-8.00e-03,3.20e+01,
16906,-8.00e-03,3.28e+01,
16907,-8.00e-03,3.28e+01,
16908,-8.00e-03,3.20e+01,
16909,-1.60e-02,3.20e+01,
16910,-8.00e-03,3.28e+01,
16911,-8.00e-03,3.28e+01,
16912,-8.00e-03,3.20e+01,
16913,-8.00e-03,3.20e+01,
16914,-8.00e-03,3.28e+01,
16915,-8.00e-03,3.20e+01,
16916,-8.00e-03,3.20e+01,
16917,-8.00e-03,3.20e+01,
16918,-8.00e-03,3.28e+01,
16919,-8.00e-03,3.28e+01,
16920,-8.00e-03,3.20e+01,
16921,-8.00e-03,3.20e+01,
16922,-8.00e-03,3.28e+01,
16923,-8.00e-03,3.20e+01,
16924,-8.00e-03,3.20e+01,
16925,-1.60e-02,3.20e+01,
16926,-8.00e-03,3.28e+01,
16927,-8.00e-03,3.28e+01,
16928,-8.00e-03,3.20e+01,
16929,-8.00e-03,3.28e+01,
16930,-8.00e-03,3.28e+01,
16931,-8.00e-03,3.28e+01,
16932,-8.00e-03,3.20e+01,
16933,-1.60e-02,3.28e+01,
16934,-8.00e-03,3.28e+01,
16935,-8.00e-03,3.28e+01,
16936,-8.00e-03,3.20e+01,
16937,-8.00e-03,3.20e+01,
16938,-8.00e-03,3.28e+01,
16939,-8.00e-03,3.28e+01,
16940,-8.00e-03,3.20e+01,
16941,-1.60e-02,3.20e+01,
16942,-8.00e-03,3.28e+01,
16943,-8.00e-03,3.28e+01,
16944,-8.00e-03,3.20e+01,
16945,-8.00e-03,3.20e+01,
16946,-8.00e-03,3.28e+01,
16947,-8.00e-03,3.28e+01,
16948,-8.00e-03,3.20e+01,
16949,-8.00e-03,3.20e+01,
16950,-8.00e-03,3.28e+01,
16951,-8.00e-03,3.28e+01,
16952,-8.00e-03,3.20e+01,
16953,-8.00e-03,3.20e+01,
16954,-8.00e-03,3.28e+01,
16955,-8.00e-03,3.28e+01,
16956,-8.00e-03,3.20e+01,
16957,-8.00e-03,3.28e+01,
16958,-8.00e-03,3.28e+01,
16959,-8.00e-03,3.28e+01,
16960,-8.00e-03,3.28e+01,
16961,-1.60e-02,3.20e+01,
16962,-8.00e-03,3.28e+01,
16963,-8.00e-03,3.20e+01,
16964,-8.00e-03,3.20e+01,
16965,-8.00e-03,3.28e+01,
16966,-8.00e-03,3.28e+01,
16967,-8.00e-03,3.28e+01,
16968,-8.00e-03,3.28e+01,
16969,-8.00e-03,3.20e+01,
16970,-8.00e-03,3.28e+01,
16971,-8.00e-03,3.20e+01,
16972,-8.00e-03,3.20e+01,
16973,-8.00e-03,3.28e+01,
16974,-8.00e-03,3.20e+01,
16975,-8.00e-03,3.28e+01,
16976,-8.00e-03,3.20e+01,
16977,-1.60e-02,3.20e+01,
16978,-8.00e-03,3.28e+01,
16979,-8.00e-03,3.20e+01,
16980,-8.00e-03,3.20e+01,
16981,-8.00e-03,3.20e+01,
16982,-8.00e-03,3.28e+01,
16983,-8.00e-03,3.20e+01,
16984,-8.00e-03,3.20e+01,
16985,-8.00e-03,3.20e+01,
16986,-8.00e-03,3.28e+01,
16987,-8.00e-03,3.28e+01,
16988,-8.00e-03,3.20e+01,
16989,-8.00e-03,3.20e+01,
16990,-8.00e-03,3.28e+01,
16991,-8.00e-03,3.28e+01,
16992,-8.00e-03,3.20e+01,
16993,-8.00e-03,3.20e+01,
16994,-8.00e-03,3.28e+01,
16995,-8.00e-03,3.20e+01,
16996,-8.00e-03,3.20e+01,
16997,-8.00e-03,3.20e+01,
16998,-8.00e-03,3.28e+01,
16999,-8.00e-03,3.28e+01,
17000,-8.00e-03,3.20e+01,
17001,-1.60e-02,3.20e+01,
17002,-8.00e-03,3.28e+01,
17003,-8.00e-03,3.20e+01,
17004,-8.00e-03,3.28e+01,
17005,-1.60e-02,3.20e+01,
17006,-8.00e-03,3.28e+01,
17007,-8.00e-03,3.28e+01,
17008,-8.00e-03,3.20e+01,
17009,-8.00e-03,3.20e+01,
17010,-8.00e-03,3.28e+01,
17011,-8.00e-03,3.28e+01,
17012,-8.00e-03,3.20e+01,
17013,-8.00e-03,3.20e+01,
17014,-8.00e-03,3.28e+01,
17015,-8.00e-03,3.20e+01,
17016,-8.00e-03,3.20e+01,
17017,-8.00e-03,3.28e+01,
17018,-8.00e-03,3.28e+01,
17019,-8.00e-03,3.20e+01,
17020,-8.00e-03,3.20e+01,
17021,-1.60e-02,3.20e+01,
17022,-8.00e-03,3.28e+01,
17023,-8.00e-03,3.28e+01,
17024,-8.00e-03,3.20e+01,
17025,-8.00e-03,3.20e+01,
17026,-8.00e-03,3.28e+01,
17027,-8.00e-03,3.28e+01,
17028,-8.00e-03,3.20e+01,
17029,-1.60e-02,3.20e+01,
17030,-8.00e-03,3.28e+01,
17031,-8.00e-03,3.20e+01,
17032,-8.00e-03,3.20e+01,
17033,-8.00e-03,3.20e+01,
17034,-8.00e-03,3.28e+01,
17035,-8.00e-03,3.20e+01,
17036,-8.00e-03,3.20e+01,
17037,-8.00e-03,3.28e+01,
17038,-8.00e-03,3.28e+01,
17039,-8.00e-03,3.28e+01,
17040,-8.00e-03,3.20e+01,
17041,-1.60e-02,3.20e+01,
17042,-8.00e-03,3.28e+01,
17043,-8.00e-03,3.20e+01,
17044,-8.00e-03,3.20e+01,
17045,-8.00e-03,3.28e+01,
17046,-8.00e-03,3.28e+01,
17047,-8.00e-03,3.28e+01,
17048,-8.00e-03,3.20e+01,
17049,-1.60e-02,3.20e+01,
17050,-8.00e-03,3.28e+01,
17051,-8.00e-03,3.28e+01,
17052,-8.00e-03,3.20e+01,
17053,-1.60e-02,3.28e+01,
17054,-8.00e-03,3.28e+01,
17055,-8.00e-03,3.20e+01,
17056,-8.00e-03,3.20e+01,
17057,-1.60e-02,3.20e+01,
17058,-8.00e-03,3.28e+01,
17059,-8.00e-03,3.28e+01,
17060,-8.00e-03,3.20e+01,
17061,-8.00e-03,3.20e+01,
17062,-8.00e-03,3.28e+01,
17063,-8.00e-03,3.28e+01,
17064,-8.00e-03,3.20e+01,
17065,-1.60e-02,3.20e+01,
17066,-8.00e-03,3.28e+01,
17067,-8.00e-03,3.28e+01,
17068,-8.00e-03,3.20e+01,
17069,-8.00e-03,3.28e+01,
17070,-8.00e-03,3.20e+01,
17071,-8.00e-03,3.28e+01,
17072,-8.00e-03,3.20e+01,
17073,-8.00e-03,3.20e+01,
17074,-8.00e-03,3.28e+01,
17075,-8.00e-03,3.28e+01,
17076,-8.00e-03,3.20e+01,
17077,-8.00e-03,3.20e+01,
17078,-8.00e-03,3.28e+01,
17079,-8.00e-03,3.28e+01,
17080,-8.00e-03,3.20e+01,
17081,-8.00e-03,3.20e+01,
17082,-8.00e-03,3.28e+01,
17083,-8.00e-03,3.20e+01,
17084,-8.00e-03,3.20e+01,
17085,-8.00e-03,3.28e+01,
17086,-8.00e-03,3.28e+01,
17087,-8.00e-03,3.28e+01,
17088,-8.00e-03,3.20e+01,
17089,-1.60e-02,3.20e+01,
17090,-8.00e-03,3.28e+01,
17091,-8.00e-03,3.28e+01,
17092,-8.00e-03,3.20e+01,
17093,-8.00e-03,3.20e+01,
17094,-8.00e-03,3.28e+01,
17095,-8.00e-03,3.28e+01,
17096,-8.00e-03,3.20e+01,
17097,-8.00e-03,3.28e+01,
17098,-8.00e-03,3.28e+01,
17099,-8.00e-03,3.20e+01,
17100,-8.00e-03,3.20e+01,
17101,-8.00e-03,3.20e+01,
17102,-8.00e-03,3.28e+01,
17103,-8.00e-03,3.20e+01,
17104,-8.00e-03,3.20e+01,
17105,-1.60e-02,3.20e+01,
17106,-8.00e-03,3.28e+01,
17107,-8.00e-03,3.28e+01,
17108,-8.00e-03,3.20e+01,
17109,-1.60e-02,3.28e+01,
17110,-8.00e-03,3.28e+01,
17111,-8.00e-03,3.20e+01,
17112,-8.00e-03,3.28e+01,
17113,-1.60e-02,3.20e+01,
17114,-8.00e-03,3.28e+01,
17115,-8.00e-03,3.20e+01,
17116,-8.00e-03,3.20e+01,
17117,-8.00e-03,3.28e+01,
17118,-8.00e-03,3.28e+01,
17119,-8.00e-03,3.28e+01,
17120,-8.00e-03,3.20e+01,
17121,-8.00e-03,3.20e+01,
17122,-8.00e-03,3.28e+01,
17123,-8.00e-03,3.20e+01,
17124,-8.00e-03,3.20e+01,
17125,-8.00e-03,3.20e+01,
17126,-8.00e-03,3.28e+01,
17127,-8.00e-03,3.28e+01,
17128,-8.00e-03,3.20e+01,
17129,-8.00e-03,3.20e+01,
17130,-8.00e-03,3.28e+01,
17131,-8.00e-03,3.28e+01,
17132,-8.00e-03,3.20e+01,
17133,-8.00e-03,3.20e+01,
17134,-8.00e-03,3.28e+01,
17135,-8.00e-03,3.28e+01,
17136,-8.00e-03,3.20e+01,
17137,-8.00e-03,3.20e+01,
17138,-8.00e-03,3.28e+01,
17139,-8.00e-03,3.20e+01,
17140,-8.00e-03,3.20e+01,
17141,-8.00e-03,3.20e+01,
17142,-8.00e-03,3.28e+01,
17143,-8.00e-03,3.28e+01,
17144,-8.00e-03,3.20e+01,
17145,-8.00e-03,3.20e+01,
17146,-8.00e-03,3.28e+01,
17147,-8.00e-03,3.28e+01,
17148,-8.00e-03,3.20e+01,
17149,-1.60e-02,3.20e+01,
17150,-8.00e-03,3.28e+01,
17151,-8.00e-03,3.28e+01,
17152,-8.00e-03,3.20e+01,
17153,-8.00e-03,3.20e+01,
17154,-8.00e-03,3.28e+01,
17155,-8.00e-03,3.28e+01,
17156,-8.00e-03,3.20e+01,
17157,-8.00e-03,3.20e+01,
17158,-8.00e-03,3.28e+01,
17159,-8.00e-03,3.28e+01,
17160,-8.00e-03,3.28e+01,
17161,-8.00e-03,3.20e+01,
17162,-8.00e-03,3.28e+01,
17163,-8.00e-03,3.20e+01,
17164,-8.00e-03,3.20e+01,
17165,-8.00e-03,3.28e+01,
17166,-8.00e-03,3.28e+01,
17167,-8.00e-03,3.20e+01,
17168,-8.00e-03,3.28e+01,
17169,-8.00e-03,3.20e+01,
17170,-8.00e-03,3.28e+01,
17171,-8.00e-03,3.20e+01,
17172,-8.00e-03,3.20e+01,
17173,-8.00e-03,3.28e+01,
17174,-8.00e-03,3.28e+01,
17175,-8.00e-03,3.28e+01,
17176,-8.00e-03,3.20e+01,
17177,-8.00e-03,3.20e+01,
17178,-8.00e-03,3.28e+01,
17179,-8.00e-03,3.20e+01,
17180,-8.00e-03,3.20e+01,
17181,-8.00e-03,3.20e+01,
17182,-8.00e-03,3.28e+01,
17183,-8.00e-03,3.20e+01,
17184,-8.00e-03,3.20e+01,
17185,-8.00e-03,3.28e+01,
17186,-8.00e-03,3.28e+01,
17187,-8.00e-03,3.28e+01,
17188,-8.00e-03,3.20e+01,
17189,-8.00e-03,3.28e+01,
17190,-8.00e-03,3.28e+01,
17191,-8.00e-03,3.28e+01,
17192,-8.00e-03,3.20e+01,
17193,-8.00e-03,3.20e+01,
17194,-8.00e-03,3.28e+01,
17195,-8.00e-03,3.20e+01,
17196,-8.00e-03,3.20e+01,
17197,-8.00e-03,3.28e+01,
17198,-8.00e-03,3.28e+01,
17199,-8.00e-03,3.20e+01,
17200,-8.00e-03,3.20e+01,
17201,-8.00e-03,3.20e+01,
17202,-8.00e-03,3.28e+01,
17203,-8.00e-03,3.20e+01,
17204,-8.00e-03,3.20e+01,
17205,-1.60e-02,3.20e+01,
17206,-8.00e-03,3.28e+01,
17207,-8.00e-03,3.28e+01,
17208,-8.00e-03,3.20e+01,
17209,-8.00e-03,3.28e+01,
17210,-8.00e-03,3.28e+01,
17211,-8.00e-03,3.28e+01,
17212,-8.00e-03,3.20e+01,
17213,-1.60e-02,3.20e+01,
17214,-8.00e-03,3.28e+01,
17215,-8.00e-03,3.20e+01,
17216,-8.00e-03,3.20e+01,
17217,-8.00e-03,3.28e+01,
17218,-8.00e-03,3.28e+01,
17219,-8.00e-03,3.20e+01,
17220,-8.00e-03,3.20e+01,
17221,-8.00e-03,3.20e+01,
17222,-8.00e-03,3.28e+01,
17223,-8.00e-03,3.28e+01,
17224,-8.00e-03,3.20e+01,
17225,-1.60e-02,3.28e+01,
17226,-8.00e-03,3.28e+01,
17227,-8.00e-03,3.28e+01,
17228,-8.00e-03,3.20e+01,
17229,-8.00e-03,3.20e+01,
17230,-8.00e-03,3.28e+01,
17231,-8.00e-03,3.28e+01,
17232,-8.00e-03,3.20e+01,
17233,-1.60e-02,3.20e+01,
17234,-8.00e-03,3.28e+01,
17235,-8.00e-03,3.28e+01,
17236,-8.00e-03,3.20e+01,
17237,-8.00e-03,3.20e+01,
17238,-8.00e-03,3.28e+01,
17239,-8.00e-03,3.28e+01,
17240,-8.00e-03,3.20e+01,
17241,-1.60e-02,3.20e+01,
17242,-8.00e-03,3.28e+01,
17243,-8.00e-03,3.20e+01,
17244,-8.00e-03,3.20e+01,
17245,-8.00e-03,3.20e+01,
17246,-8.00e-03,3.28e+01,
17247,-8.00e-03,3.28e+01,
17248,-8.00e-03,3.20e+01,
17249,-8.00e-03,3.20e+01,
17250,-8.00e-03,3.28e+01,
17251,-8.00e-03,3.20e+01,
17252,-8.00e-03,3.20e+01,
17253,-8.00e-03,3.20e+01,
17254,-8.00e-03,3.28e+01,
17255,-8.00e-03,3.28e+01,
17256,-8.00e-03,3.20e+01,
17257,-8.00e-03,3.28e+01,
17258,-8.00e-03,3.28e+01,
17259,-8.00e-03,3.20e+01,
17260,-8.00e-03,3.20e+01,
17261,-8.00e-03,3.20e+01,
17262,-8.00e-03,3.28e+01,
17263,-8.00e-03,3.28e+01,
17264,-8.00e-03,3.20e+01,
17265,-8.00e-03,3.20e+01,
17266,-8.00e-03,3.28e+01,
17267,-8.00e-03,3.28e+01,
17268,-8.00e-03,3.20e+01,
17269,-8.00e-03,3.20e+01,
17270,-8.00e-03,3.28e+01,
17271,-8.00e-03,3.20e+01,
17272,-8.00e-03,3.20e+01,
17273,-8.00e-03,3.20e+01,
17274,-8.00e-03,3.28e+01,
17275,-8.00e-03,3.20e+01,
17276,-8.00e-03,3.20e+01,
17277,-8.00e-03,3.20e+01,
17278,-8.00e-03,3.28e+01,
17279,-8.00e-03,3.20e+01,
17280,-8.00e-03,3.20e+01,
17281,-8.00e-03,3.20e+01,
17282,-8.00e-03,3.28e+01,
17283,-8.00e-03,3.28e+01,
17284,-8.00e-03,3.20e+01,
17285,-8.00e-03,3.20e+01,
17286,-8.00e-03,3.28e+01,
17287,-8.00e-03,3.20e+01,
17288,-8.00e-03,3.20e+01,
17289,-8.00e-03,3.20e+01,
17290,-8.00e-03,3.28e+01,
17291,-8.00e-03,3.20e+01,
17292,-8.00e-03,3.20e+01,
17293,-8.00e-03,3.20e+01,
17294,-8.00e-03,3.28e+01,
17295,-8.00e-03,3.28e+01,
17296,-8.00e-03,3.20e+01,
17297,-8.00e-03,3.28e+01,
17298,-8.00e-03,3.28e+01,
17299,-8.00e-03,3.20e+01,
17300,-8.00e-03,3.20e+01,
17301,-8.00e-03,3.20e+01,
17302,-8.00e-03,3.28e+01,
17303,-8.00e-03,3.28e+01,
17304,-8.00e-03,3.20e+01,
17305,-8.00e-03,3.20e+01,
17306,-8.00e-03,3.28e+01,
17307,-8.00e-03,3.28e+01,
17308,-8.00e-03,3.20e+01,
17309,-8.00e-03,3.20e+01,
17310,-8.00e-03,3.28e+01,
17311,-8.00e-03,3.20e+01,
17312,-8.00e-03,3.20e+01,
17313,-8.00e-03,3.20e+01,
17314,-8.00e-03,3.28e+01,
17315,-8.00e-03,3.28e+01,
17316,-8.00e-03,3.20e+01,
17317,-8.00e-03,3.20e+01,
17318,-8.00e-03,3.28e+01,
17319,-8.00e-03,3.20e+01,
17320,-8.00e-03,3.20e+01,
17321,-8.00e-03,3.20e+01,
17322,-8.00e-03,3.28e+01,
17323,-8.00e-03,3.20e+01,
17324,-8.00e-03,3.20e+01,
17325,-8.00e-03,3.20e+01,
17326,-8.00e-03,3.20e+01,
17327,-8.00e-03,3.28e+01,
17328,-8.00e-03,3.20e+01,
17329,-8.00e-03,3.20e+01,
17330,-8.00e-03,3.28e+01,
17331,-8.00e-03,3.20e+01,
17332,-8.00e-03,3.20e+01,
17333,-8.00e-03,3.20e+01,
17334,-8.00e-03,3.28e+01,
17335,-8.00e-03,3.28e+01,
17336,-8.00e-03,3.20e+01,
17337,-8.00e-03,3.20e+01,
17338,-8.00e-03,3.28e+01,
17339,-8.00e-03,3.20e+01,
17340,-8.00e-03,3.20e+01,
17341,-8.00e-03,3.20e+01,
17342,-8.00e-03,3.28e+01,
17343,-8.00e-03,3.20e+01,
17344,-8.00e-03,3.20e+01,
17345,-8.00e-03,3.20e+01,
17346,-8.00e-03,3.28e+01,
17347,-8.00e-03,3.28e+01,
17348,-8.00e-03,3.20e+01,
17349,-8.00e-03,3.20e+01,
17350,-8.00e-03,3.28e+01,
17351,-8.00e-03,3.20e+01,
17352,-8.00e-03,3.20e+01,
17353,-8.00e-03,3.20e+01,
17354,-8.00e-03,3.28e+01,
17355,-8.00e-03,3.20e+01,
17356,-8.00e-03,3.20e+01,
17357,-8.00e-03,3.20e+01,
17358,-8.00e-03,3.28e+01,
17359,-8.00e-03,3.28e+01,
17360,-8.00e-03,3.20e+01,
17361,-8.00e-03,3.20e+01,
17362,-8.00e-03,3.28e+01,
17363,-8.00e-03,3.20e+01,
17364,-8.00e-03,3.20e+01,
17365,-8.00e-03,3.20e+01,
17366,-8.00e-03,3.28e+01,
17367,-8.00e-03,3.20e+01,
17368,-8.00e-03,3.28e+01,
17369,-8.00e-03,3.20e+01,
17370,-8.00e-03,3.28e+01,
17371,-8.00e-03,3.20e+01,
17372,-8.00e-03,3.20e+01,
17373,-8.00e-03,3.28e+01,
17374,-8.00e-03,3.20e+01,
17375,-8.00e-03,3.28e+01,
17376,-8.00e-03,3.20e+01,
17377,-8.00e-03,3.20e+01,
17378,-8.00e-03,3.28e+01,
17379,-8.00e-03,3.20e+01,
17380,-8.00e-03,3.20e+01,
17381,-8.00e-03,3.20e+01,
17382,-8.00e-03,3.28e+01,
17383,-8.00e-03,3.20e+01,
17384,-8.00e-03,3.20e+01,
17385,-1.60e-02,3.20e+01,
17386,-8.00e-03,3.20e+01,
17387,-8.00e-03,3.28e+01,
17388,-8.00e-03,3.20e+01,
17389,-8.00e-03,3.20e+01,
17390,-8.00e-03,3.28e+01,
17391,-8.00e-03,3.20e+01,
17392,-8.00e-03,3.20e+01,
17393,-1.60e-02,3.20e+01,
17394,-8.00e-03,3.28e+01,
17395,-8.00e-03,3.20e+01,
17396,-8.00e-03,3.20e+01,
17397,-8.00e-03,3.20e+01,
17398,-8.00e-03,3.20e+01,
17399,-8.00e-03,3.28e+01,
17400,-8.00e-03,3.20e+01,
17401,-8.00e-03,3.20e+01,
17402,-8.00e-03,3.28e+01,
17403,-8.00e-03,3.20e+01,
17404,-8.00e-03,3.20e+01,
17405,-8.00e-03,3.20e+01,
17406,-8.00e-03,3.28e+01,
17407,-8.00e-03,3.28e+01,
17408,-8.00e-03,3.20e+01,
17409,-8.00e-03,3.20e+01,
17410,-8.00e-03,3.28e+01,
17411,-8.00e-03,3.20e+01,
17412,-8.00e-03,3.20e+01,
17413,-1.60e-02,3.20e+01,
17414,-8.00e-03,3.28e+01,
17415,-8.00e-03,3.20e+01,
17416,-8.00e-03,3.20e+01,
17417,-8.00e-03,3.20e+01,
17418,-8.00e-03,3.28e+01,
17419,-8.00e-03,3.28e+01,
17420,-8.00e-03,3.20e+01,
17421,-1.60e-02,3.20e+01,
17422,-8.00e-03,3.20e+01,
17423,-8.00e-03,3.20e+01,
17424,-8.00e-03,3.20e+01,
17425,-8.00e-03,3.20e+01,
17426,-8.00e-03,3.28e+01,
17427,-8.00e-03,3.20e+01,
17428,-8.00e-03,3.20e+01,
17429,-8.00e-03,3.20e+01,
17430,-8.00e-03,3.28e+01,
17431,-8.00e-03,3.20e+01,
17432,-8.00e-03,3.20e+01,
17433,-8.00e-03,3.20e+01,
17434,-8.00e-03,3.28e+01,
17435,-8.00e-03,3.28e+01,
17436,-8.00e-03,3.20e+01,
17437,-8.00e-03,3.20e+01,
17438,-8.00e-03,3.20e+01,
17439,-8.00e-03,3.20e+01,
17440,-8.00e-03,3.20e+01,
17441,-8.00e-03,3.20e+01,
17442,-8.00e-03,3.28e+01,
17443,-8.00e-03,3.20e+01,
17444,-8.00e-03,3.20e+01,
17445,-8.00e-03,3.20e+01,
17446,-8.00e-03,3.28e+01,
17447,-8.00e-03,3.20e+01,
17448,-8.00e-03,3.20e+01,
17449,-8.00e-03,3.20e+01,
17450,-8.00e-03,3.28e+01,
17451,-8.00e-03,3.20e+01,
17452,-8.00e-03,3.20e+01,
17453,-8.00e-03,3.20e+01,
17454,-8.00e-03,3.20e+01,
17455,-8.00e-03,3.20e+01,
17456,-8.00e-03,3.20e+01,
17457,-8.00e-03,3.20e+01,
17458,-8.00e-03,3.28e+01,
17459,-8.00e-03,3.20e+01,
17460,-8.00e-03,3.20e+01,
17461,-8.00e-03,3.20e+01,
17462,-8.00e-03,3.28e+01,
17463,-8.00e-03,3.28e+01,
17464,-8.00e-03,3.20e+01,
17465,-8.00e-03,3.20e+01,
17466,-8.00e-03,3.28e+01,
17467,-8.00e-03,3.20e+01,
17468,-8.00e-03,3.20e+01,
17469,-8.00e-03,3.20e+01,
17470,-8.00e-03,3.28e+01,
17471,-8.00e-03,3.28e+01,
17472,-8.00e-03,3.20e+01,
17473,-8.00e-03,3.20e+01,
17474,-8.00e-03,3.28e+01,
17475,-8.00e-03,3.20e+01,
17476,-8.00e-03,3.20e+01,
17477,-8.00e-03,3.20e+01,
17478,-8.00e-03,3.28e+01,
17479,-8.00e-03,3.20e+01,
17480,-8.00e-03,3.20e+01,
17481,-8.00e-03,3.20e+01,
17482,-8.00e-03,3.28e+01,
17483,-8.00e-03,3.20e+01,
17484,-8.00e-03,3.20e+01,
17485,-8.00e-03,3.20e+01,
17486,-8.00e-03,3.28e+01,
17487,-8.00e-03,3.20e+01,
17488,-8.00e-03,3.20e+01,
17489,-8.00e-03,3.20e+01,
17490,-8.00e-03,3.28e+01,
17491,-8.00e-03,3.20e+01,
17492,-8.00e-03,3.20e+01,
17493,-1.60e-02,3.20e+01,
17494,-8.00e-03,3.28e+01,
17495,-8.00e-03,3.20e+01,
17496,-8.00e-03,3.20e+01,
17497,-8.00e-03,3.20e+01,
17498,-8.00e-03,3.28e+01,
17499,-8.00e-03,3.20e+01,
17500,-8.00e-03,3.20e+01,
17501,-8.00e-03,3.20e+01,
17502,-8.00e-03,3.28e+01,
17503,-8.00e-03,3.20e+01,
17504,-8.00e-03,3.20e+01,
17505,-8.00e-03,3.20e+01,
17506,-8.00e-03,3.28e+01,
17507,-8.00e-03,3.28e+01,
17508,-8.00e-03,3.20e+01,
17509,-8.00e-03,3.20e+01,
17510,-8.00e-03,3.28e+01,
17511,-8.00e-03,3.20e+01,
17512,-8.00e-03,3.20e+01,
17513,-1.60e-02,3.20e+01,
17514,-8.00e-03,3.28e+01,
17515,-8.00e-03,3.20e+01,
17516,-8.00e-03,3.20e+01,
17517,-1.60e-02,3.20e+01,
17518,-8.00e-03,3.28e+01,
17519,-8.00e-03,3.20e+01,
17520,-8.00e-03,3.20e+01,
17521,-8.00e-03,3.20e+01,
17522,-8.00e-03,3.28e+01,
17523,-8.00e-03,3.20e+01,
17524,-8.00e-03,3.20e+01,
17525,-8.00e-03,3.20e+01,
17526,-8.00e-03,3.20e+01,
17527,-8.00e-03,3.20e+01,
17528,-8.00e-03,3.20e+01,
17529,-8.00e-03,3.20e+01,
17530,-8.00e-03,3.28e+01,
17531,-8.00e-03,3.20e+01,
17532,-8.00e-03,3.20e+01,
17533,-8.00e-03,3.20e+01,
17534,-8.00e-03,3.20e+01,
17535,-8.00e-03,3.28e+01,
17536,-8.00e-03,3.20e+01,
17537,-8.00e-03,3.20e+01,
17538,-8.00e-03,3.20e+01,
17539,-8.00e-03,3.20e+01,
17540,-8.00e-03,3.20e+01,
17541,-8.00e-03,3.20e+01,
17542,-8.00e-03,3.28e+01,
17543,-8.00e-03,3.20e+01,
17544,-8.00e-03,3.20e+01,
17545,-1.60e-02,3.20e+01,
17546,-8.00e-03,3.20e+01,
17547,-8.00e-03,3.20e+01,
17548,-8.00e-03,3.20e+01,
17549,-8.00e-03,3.20e+01,
17550,-8.00e-03,3.28e+01,
17551,-8.00e-03,3.20e+01,
17552,-8.00e-03,3.20e+01,
17553,-8.00e-03,3.20e+01,
17554,-8.00e-03,3.28e+01,
17555,-8.00e-03,3.28e+01,
17556,-8.00e-03,3.20e+01,
17557,-8.00e-03,3.20e+01,
17558,-8.00e-03,3.20e+01,
17559,-8.00e-03,3.20e+01,
17560,-8.00e-03,3.20e+01,
17561,-8.00e-03,3.20e+01,
17562,-8.00e-03,3.28e+01,
17563,-8.00e-03,3.20e+01,
17564,-8.00e-03,3.20e+01,
17565,-8.00e-03,3.20e+01,
17566,-8.00e-03,3.28e+01,
17567,-8.00e-03,3.20e+01,
17568,-8.00e-03,3.28e+01,
17569,-1.60e-02,3.20e+01,
17570,-8.00e-03,3.28e+01,
17571,-8.00e-03,3.20e+01,
17572,-8.00e-03,3.20e+01,
17573,-8.00e-03,3.28e+01,
17574,-8.00e-03,3.20e+01,
17575,-8.00e-03,3.28e+01,
17576,-8.00e-03,3.20e+01,
17577,-8.00e-03,3.20e+01,
17578,-8.00e-03,3.28e+01,
17579,-8.00e-03,3.20e+01,
17580,-8.00e-03,3.20e+01,
17581,-8.00e-03,3.20e+01,
17582,-8.00e-03,3.28e+01,
17583,-8.00e-03,3.20e+01,
17584,-8.00e-03,3.20e+01,
17585,-8.00e-03,3.20e+01,
17586,-8.00e-03,3.28e+01,
17587,-8.00e-03,3.28e+01,
17588,-8.00e-03,3.20e+01,
17589,-8.00e-03,3.20e+01,
17590,-8.00e-03,3.28e+01,
17591,-8.00e-03,3.20e+01,
17592,-8.00e-03,3.20e+01,
17593,-8.00e-03,3.20e+01,
17594,-8.00e-03,3.28e+01,
17595,-8.00e-03,3.20e+01,
17596,-8.00e-03,3.20e+01,
17597,-8.00e-03,3.20e+01,
17598,-8.00e-03,3.20e+01,
17599,-8.00e-03,3.20e+01,
17600,-8.00e-03,3.20e+01,
17601,-8.00e-03,3.20e+01,
17602,-8.00e-03,3.28e+01,
17603,-8.00e-03,3.20e+01,
17604,-8.00e-03,3.20e+01,
17605,-1.60e-02,3.20e+01,
17606,-8.00e-03,3.20e+01,
17607,-8.00e-03,3.28e+01,
17608,-8.00e-03,3.20e+01,
17609,-8.00e-03,3.20e+01,
17610,-8.00e-03,3.20e+01,
17611,-8.00e-03,3.20e+01,
17612,-8.00e-03,3.20e+01,
17613,-8.00e-03,3.20e+01,
17614,-8.00e-03,3.20e+01,
17615,-8.00e-03,3.20e+01,
17616,-8.00e-03,3.20e+01,
17617,-8.00e-03,3.20e+01,
17618,-8.00e-03,3.28e+01,
17619,-8.00e-03,3.20e+01,
17620,-8.00e-03,3.20e+01,
17621,-8.00e-03,3.20e+01,
17622,-8.00e-03,3.28e+01,
17623,-8.00e-03,3.20e+01,
17624,-8.00e-03,3.20e+01,
17625,-8.00e-03,3.20e+01,
17626,-8.00e-03,3.28e+01,
17627,-8.00e-03,3.20e+01,
17628,-8.00e-03,3.20e+01,
17629,-8.00e-03,3.20e+01,
17630,-8.00e-03,3.28e+01,
17631,-8.00e-03,3.20e+01,
17632,-8.00e-03,3.20e+01,
17633,-8.00e-03,3.20e+01,
17634,-8.00e-03,3.28e+01,
17635,-8.00e-03,3.20e+01,
17636,-8.00e-03,3.20e+01,
17637,-8.00e-03,3.20e+01,
17638,-8.00e-03,3.28e+01,
17639,-8.00e-03,3.20e+01,
17640,-8.00e-03,3.20e+01,
17641,-8.00e-03,3.20e+01,
17642,-8.00e-03,3.28e+01,
17643,-8.00e-03,3.20e+01,
17644,-8.00e-03,3.20e+01,
17645,-8.00e-03,3.20e+01,
17646,-8.00e-03,3.20e+01,
17647,-8.00e-03,3.20e+01,
17648,-8.00e-03,3.20e+01,
17649,-8.00e-03,3.20e+01,
17650,-8.00e-03,3.20e+01,
17651,-8.00e-03,3.20e+01,
17652,-8.00e-03,3.20e+01,
17653,-8.00e-03,3.20e+01,
17654,-8.00e-03,3.28e+01,
17655,-8.00e-03,3.20e+01,
17656,-8.00e-03,3.20e+01,
17657,-8.00e-03,3.20e+01,
17658,-8.00e-03,3.28e+01,
17659,-8.00e-03,3.20e+01,
17660,-8.00e-03,3.20e+01,
17661,-8.00e-03,3.20e+01,
17662,-8.00e-03,3.28e+01,
17663,-8.00e-03,3.20e+01,
17664,-8.00e-03,3.20e+01,
17665,-8.00e-03,3.20e+01,
17666,-8.00e-03,3.28e+01,
17667,-8.00e-03,3.20e+01,
17668,-8.00e-03,3.20e+01,
17669,-8.00e-03,3.20e+01,
17670,-8.00e-03,3.20e+01,
17671,-8.00e-03,3.20e+01,
17672,-8.00e-03,3.20e+01,
17673,-8.00e-03,3.20e+01,
17674,-8.00e-03,3.28e+01,
17675,-8.00e-03,3.20e+01,
17676,-8.00e-03,3.20e+01,
17677,-8.00e-03,3.20e+01,
17678,-8.00e-03,3.20e+01,
17679,-8.00e-03,3.20e+01,
17680,-8.00e-03,3.20e+01,
17681,-8.00e-03,3.20e+01,
17682,-8.00e-03,3.28e+01,
17683,-8.00e-03,3.20e+01,
17684,-8.00e-03,3.20e+01,
17685,-8.00e-03,3.20e+01,
17686,-8.00e-03,3.20e+01,
17687,-8.00e-03,3.28e+01,
17688,-8.00e-03,3.20e+01,
17689,-1.60e-02,3.20e+01,
17690,-8.00e-03,3.28e+01,
17691,-8.00e-03,3.20e+01,
17692,-8.00e-03,3.20e+01,
17693,-8.00e-03,3.20e+01,
17694,-8.00e-03,3.28e+01,
17695,-8.00e-03,3.20e+01,
17696,-8.00e-03,3.20e+01,
17697,-8.00e-03,3.20e+01,
17698,-8.00e-03,3.20e+01,
17699,-8.00e-03,3.20e+01,
17700,-8.00e-03,3.20e+01,
17701,-8.00e-03,3.20e+01,
17702,-8.00e-03,3.28e+01,
17703,-8.00e-03,3.20e+01,
17704,-8.00e-03,3.20e+01,
17705,-1.60e-02,3.20e+01,
17706,-8.00e-03,3.28e+01,
17707,-8.00e-03,3.20e+01,
17708,-8.00e-03,3.20e+01,
17709,-8.00e-03,3.20e+01,
17710,-8.00e-03,3.28e+01,
17711,-8.00e-03,3.20e+01,
17712,-8.00e-03,3.20e+01,
17713,-8.00e-03,3.20e+01,
17714,-8.00e-03,3.20e+01,
17715,-8.00e-03,3.20e+01,
17716,-8.00e-03,3.20e+01,
17717,-8.00e-03,3.20e+01,
17718,-8.00e-03,3.28e+01,
17719,-8.00e-03,3.20e+01,
17720,-8.00e-03,3.20e+01,
17721,-8.00e-03,3.20e+01,
17722,-8.00e-03,3.28e+01,
17723,-8.00e-03,3.20e+01,
17724,-8.00e-03,3.20e+01,
17725,-8.00e-03,3.20e+01,
17726,-8.00e-03,3.28e+01,
17727,-8.00e-03,3.20e+01,
17728,-8.00e-03,3.20e+01,
17729,-8.00e-03,3.20e+01,
17730,-8.00e-03,3.28e+01,
17731,-8.00e-03,3.20e+01,
17732,-8.00e-03,3.20e+01,
17733,-8.00e-03,3.20e+01,
17734,-8.00e-03,3.28e+01,
17735,-8.00e-03,3.20e+01,
17736,-8.00e-03,3.20e+01,
17737,-8.00e-03,3.20e+01,
17738,-8.00e-03,3.20e+01,
17739,-8.00e-03,3.20e+01,
17740,-8.00e-03,3.20e+01,
17741,-1.60e-02,3.20e+01,
17742,-8.00e-03,3.20e+01,
17743,-8.00e-03,3.20e+01,
17744,-8.00e-03,3.20e+01,
17745,-8.00e-03,3.20e+01,
17746,-8.00e-03,3.20e+01,
17747,-8.00e-03,3.20e+01,
17748,-8.00e-03,3.20e+01,
17749,-8.00e-03,3.20e+01,
17750,-8.00e-03,3.20e+01,
17751,-8.00e-03,3.20e+01,
17752,-8.00e-03,3.20e+01,
17753,-8.00e-03,3.20e+01,
17754,-8.00e-03,3.20e+01,
17755,-8.00e-03,3.20e+01,
17756,-8.00e-03,3.20e+01,
17757,-8.00e-03,3.20e+01,
17758,-8.00e-03,3.20e+01,
17759,-8.00e-03,3.20e+01,
17760,-8.00e-03,3.20e+01,
17761,-8.00e-03,3.20e+01,
17762,-8.00e-03,3.28e+01,
17763,-8.00e-03,3.20e+01,
17764,-8.00e-03,3.20e+01,
17765,-8.00e-03,3.20e+01,
17766,-8.00e-03,3.20e+01,
17767,-8.00e-03,3.20e+01,
17768,-8.00e-03,3.28e+01,
17769,-8.00e-03,3.20e+01,
17770,-8.00e-03,3.28e+01,
17771,-8.00e-03,3.20e+01,
17772,-8.00e-03,3.20e+01,
17773,-8.00e-03,3.20e+01,
17774,-8.00e-03,3.20e+01,
17775,-8.00e-03,3.20e+01,
17776,-8.00e-03,3.20e+01,
17777,-8.00e-03,3.20e+01,
17778,-8.00e-03,3.28e+01,
17779,-8.00e-03,3.20e+01,
17780,-8.00e-03,3.20e+01,
17781,-8.00e-03,3.20e+01,
17782,-8.00e-03,3.28e+01,
17783,-8.00e-03,3.20e+01,
17784,-8.00e-03,3.20e+01,
17785,-8.00e-03,3.20e+01,
17786,-8.00e-03,3.20e+01,
17787,-8.00e-03,3.20e+01,
17788,-8.00e-03,3.20e+01,
17789,-8.00e-03,3.20e+01,
17790,-8.00e-03,3.28e+01,
17791,-8.00e-03,3.20e+01,
17792,-8.00e-03,3.20e+01,
17793,-8.00e-03,3.20e+01,
17794,-8.00e-03,3.28e+01,
17795,-8.00e-03,3.20e+01,
17796,-8.00e-03,3.20e+01,
17797,-8.00e-03,3.20e+01,
17798,-8.00e-03,3.20e+01,
17799,-8.00e-03,3.20e+01,
17800,-8.00e-03,3.20e+01,
17801,-8.00e-03,3.20e+01,
17802,-8.00e-03,3.28e+01,
17803,-8.00e-03,3.20e+01,
17804,-8.00e-03,3.20e+01,
17805,-8.00e-03,3.20e+01,
17806,-8.00e-03,3.20e+01,
17807,-8.00e-03,3.20e+01,
17808,-8.00e-03,3.20e+01,
17809,-8.00e-03,3.20e+01,
17810,-8.00e-03,3.28e+01,
17811,-8.00e-03,3.20e+01,
17812,-8.00e-03,3.20e+01,
17813,-8.00e-03,3.20e+01,
17814,-8.00e-03,3.20e+01,
17815,-8.00e-03,3.20e+01,
17816,-8.00e-03,3.20e+01,
17817,-1.60e-02,3.20e+01,
17818,-8.00e-03,3.20e+01,
17819,-8.00e-03,3.20e+01,
17820,-8.00e-03,3.20e+01,
17821,-8.00e-03,3.20e+01,
17822,-8.00e-03,3.28e+01,
17823,-8.00e-03,3.20e+01,
17824,-8.00e-03,3.20e+01,
17825,-8.00e-03,3.20e+01,
17826,-8.00e-03,3.20e+01,
17827,-8.00e-03,3.20e+01,
17828,-8.00e-03,3.20e+01,
17829,-8.00e-03,3.20e+01,
17830,-8.00e-03,3.20e+01,
17831,-8.00e-03,3.20e+01,
17832,-8.00e-03,3.20e+01,
17833,-8.00e-03,3.20e+01,
17834,-8.00e-03,3.28e+01,
17835,-8.00e-03,3.20e+01,
17836,-8.00e-03,3.20e+01,
17837,-8.00e-03,3.20e+01,
17838,-8.00e-03,3.20e+01,
17839,-8.00e-03,3.28e+01,
17840,-8.00e-03,3.20e+01,
17841,-8.00e-03,3.20e+01,
17842,-8.00e-03,3.28e+01,
17843,-8.00e-03,3.20e+01,
17844,-8.00e-03,3.20e+01,
17845,-8.00e-03,3.20e+01,
17846,-8.00e-03,3.20e+01,
17847,-8.00e-03,3.20e+01,
17848,-8.00e-03,3.20e+01,
17849,-8.00e-03,3.20e+01,
17850,-8.00e-03,3.28e+01,
17851,-8.00e-03,3.20e+01,
17852,-8.00e-03,3.20e+01,
17853,-8.00e-03,3.20e+01,
17854,-8.00e-03,3.20e+01,
17855,-8.00e-03,3.20e+01,
17856,-8.00e-03,3.20e+01,
17857,-8.00e-03,3.20e+01,
17858,-8.00e-03,3.20e+01,
17859,-8.00e-03,3.20e+01,
17860,-8.00e-03,3.20e+01,
17861,-8.00e-03,3.20e+01,
17862,-8.00e-03,3.28e+01,
17863,-8.00e-03,3.20e+01,
17864,-8.00e-03,3.20e+01,
17865,-8.00e-03,3.20e+01,
17866,-8.00e-03,3.28e+01,
17867,-8.00e-03,3.20e+01,
17868,-8.00e-03,3.20e+01,
17869,-8.00e-03,3.20e+01,
17870,-8.00e-03,3.20e+01,
17871,-8.00e-03,3.20e+01,
17872,-8.00e-03,3.20e+01,
17873,-8.00e-03,3.20e+01,
17874,-8.00e-03,3.28e+01,
17875,-8.00e-03,3.20e+01,
17876,-8.00e-03,3.20e+01,
17877,-8.00e-03,3.20e+01,
17878,-8.00e-03,3.20e+01,
17879,-8.00e-03,3.20e+01,
17880,-8.00e-03,3.20e+01,
17881,-8.00e-03,3.20e+01,
17882,-8.00e-03,3.28e+01,
17883,-8.00e-03,3.20e+01,
17884,-8.00e-03,3.20e+01,
17885,-8.00e-03,3.20e+01,
17886,-8.00e-03,3.20e+01,
17887,-8.00e-03,3.20e+01,
17888,-8.00e-03,3.20e+01,
17889,-8.00e-03,3.20e+01,
17890,-8.00e-03,3.20e+01,
17891,-8.00e-03,3.20e+01,
17892,-8.00e-03,3.20e+01,
17893,-8.00e-03,3.20e+01,
17894,-8.00e-03,3.20e+01,
17895,-8.00e-03,3.20e+01,
17896,-8.00e-03,3.20e+01,
17897,-8.00e-03,3.20e+01,
17898,-8.00e-03,3.20e+01,
17899,-8.00e-03,3.20e+01,
17900,-8.00e-03,3.20e+01,
17901,-8.00e-03,3.20e+01,
17902,-8.00e-03,3.20e+01,
17903,-8.00e-03,3.20e+01,
17904,-8.00e-03,3.20e+01,
17905,-8.00e-03,3.20e+01,
17906,-8.00e-03,3.20e+01,
17907,-8.00e-03,3.20e+01,
17908,-8.00e-03,3.20e+01,
17909,-8.00e-03,3.20e+01,
17910,-8.00e-03,3.20e+01,
17911,-8.00e-03,3.20e+01,
17912,-8.00e-03,3.20e+01,
17913,-8.00e-03,3.20e+01,
17914,-8.00e-03,3.20e+01,
17915,-8.00e-03,3.20e+01,
17916,-8.00e-03,3.20e+01,
17917,-8.00e-03,3.20e+01,
17918,-8.00e-03,3.20e+01,
17919,-8.00e-03,3.20e+01,
17920,-8.00e-03,3.20e+01,
17921,-1.60e-02,3.20e+01,
17922,-8.00e-03,3.28e+01,
17923,-8.00e-03,3.20e+01,
17924,-8.00e-03,3.20e+01,
17925,-8.00e-03,3.20e+01,
17926,-8.00e-03,3.20e+01,
17927,-8.00e-03,3.20e+01,
17928,-8.00e-03,3.20e+01,
17929,-8.00e-03,3.20e+01,
17930,-8.00e-03,3.20e+01,
17931,-8.00e-03,3.20e+01,
17932,-8.00e-03,3.20e+01,
17933,-8.00e-03,3.20e+01,
17934,-8.00e-03,3.20e+01,
17935,-8.00e-03,3.20e+01,
17936,-8.00e-03,3.20e+01,
17937,-8.00e-03,3.20e+01,
17938,-8.00e-03,3.20e+01,
17939,-8.00e-03,3.20e+01,
17940,-8.00e-03,3.20e+01,
17941,-8.00e-03,3.20e+01,
17942,-8.00e-03,3.20e+01,
17943,-8.00e-03,3.20e+01,
17944,-8.00e-03,3.20e+01,
17945,-8.00e-03,3.20e+01,
17946,-8.00e-03,3.20e+01,
17947,-8.00e-03,3.20e+01,
17948,-8.00e-03,3.20e+01,
17949,-8.00e-03,3.20e+01,
17950,-8.00e-03,3.20e+01,
17951,-8.00e-03,3.20e+01,
17952,-8.00e-03,3.20e+01,
17953,-8.00e-03,3.20e+01,
17954,-8.00e-03,3.20e+01,
17955,-8.00e-03,3.20e+01,
17956,-8.00e-03,3.20e+01,
17957,-8.00e-03,3.20e+01,
17958,-8.00e-03,3.20e+01,
17959,-8.00e-03,3.20e+01,
17960,-8.00e-03,3.20e+01,
17961,-8.00e-03,3.20e+01,
17962,-8.00e-03,3.28e+01,
17963,-8.00e-03,3.20e+01,
17964,-8.00e-03,3.20e+01,
17965,-8.00e-03,3.20e+01,
17966,-8.00e-03,3.20e+01,
17967,-8.00e-03,3.20e+01,
17968,-8.00e-03,3.20e+01,
17969,-8.00e-03,3.20e+01,
17970,-8.00e-03,3.28e+01,
17971,-8.00e-03,3.20e+01,
17972,-8.00e-03,3.20e+01,
17973,-8.00e-03,3.20e+01,
17974,-8.00e-03,3.20e+01,
17975,-8.00e-03,3.20e+01,
17976,-8.00e-03,3.20e+01,
17977,-8.00e-03,3.20e+01,
17978,-8.00e-03,3.20e+01,
17979,-8.00e-03,3.20e+01,
17980,-8.00e-03,3.20e+01,
17981,-8.00e-03,3.20e+01,
17982,-8.00e-03,3.20e+01,
17983,-8.00e-03,3.20e+01,
17984,-8.00e-03,3.20e+01,
17985,-8.00e-03,3.20e+01,
17986,-8.00e-03,3.20e+01,
17987,-8.00e-03,3.20e+01,
17988,-8.00e-03,3.20e+01,
17989,-8.00e-03,3.20e+01,
17990,-8.00e-03,3.20e+01,
17991,-8.00e-03,3.20e+01,
17992,-8.00e-03,3.20e+01,
17993,-8.00e-03,3.20e+01,
17994,-8.00e-03,3.20e+01,
17995,-8.00e-03,3.20e+01,
17996,-8.00e-03,3.20e+01,
17997,-8.00e-03,3.20e+01,
17998,-8.00e-03,3.20e+01,
17999,-8.00e-03,3.20e+01,
18000,-8.00e-03,3.20e+01,
18001,-8.00e-03,3.20e+01,
18002,-8.00e-03,3.20e+01,
18003,-8.00e-03,3.20e+01,
18004,-8.00e-03,3.20e+01,
18005,-1.60e-02,3.20e+01,
18006,-8.00e-03,3.20e+01,
18007,-8.00e-03,3.20e+01,
18008,-8.00e-03,3.20e+01,
18009,-8.00e-03,3.20e+01,
18010,-8.00e-03,3.20e+01,
18011,-8.00e-03,3.20e+01,
18012,-8.00e-03,3.20e+01,
18013,-8.00e-03,3.20e+01,
18014,-8.00e-03,3.28e+01,
18015,-8.00e-03,3.20e+01,
18016,-8.00e-03,3.20e+01,
18017,-8.00e-03,3.20e+01,
18018,-8.00e-03,3.20e+01,
18019,-8.00e-03,3.20e+01,
18020,-8.00e-03,3.20e+01,
18021,-8.00e-03,3.20e+01,
18022,-8.00e-03,3.20e+01,
18023,-8.00e-03,3.20e+01,
18024,-8.00e-03,3.20e+01,
18025,-8.00e-03,3.20e+01,
18026,-8.00e-03,3.20e+01,
18027,-8.00e-03,3.20e+01,
18028,-8.00e-03,3.20e+01,
18029,-8.00e-03,3.20e+01,
18030,-8.00e-03,3.20e+01,
18031,-8.00e-03,3.20e+01,
18032,-8.00e-03,3.20e+01,
18033,-8.00e-03,3.20e+01,
18034,-8.00e-03,3.28e+01,
18035,-8.00e-03,3.20e+01,
18036,-8.00e-03,3.20e+01,
18037,-8.00e-03,3.20e+01,
18038,-8.00e-03,3.20e+01,
18039,-8.00e-03,3.20e+01,
18040,-8.00e-03,3.20e+01,
18041,-8.00e-03,3.20e+01,
18042,-8.00e-03,3.28e+01,
18043,-8.00e-03,3.20e+01,
18044,-8.00e-03,3.20e+01,
18045,-8.00e-03,3.20e+01,
18046,-8.00e-03,3.20e+01,
18047,-8.00e-03,3.20e+01,
18048,-8.00e-03,3.20e+01,
18049,-8.00e-03,3.20e+01,
18050,-8.00e-03,3.20e+01,
18051,-8.00e-03,3.20e+01,
18052,-8.00e-03,3.20e+01,
18053,-8.00e-03,3.20e+01,
18054,-8.00e-03,3.20e+01,
18055,-8.00e-03,3.20e+01,
18056,-8.00e-03,3.20e+01,
18057,-8.00e-03,3.20e+01,
18058,-8.00e-03,3.20e+01,
18059,-8.00e-03,3.20e+01,
18060,-8.00e-03,3.20e+01,
18061,-8.00e-03,3.20e+01,
18062,-8.00e-03,3.20e+01,
18063,-8.00e-03,3.20e+01,
18064,-8.00e-03,3.20e+01,
18065,-8.00e-03,3.20e+01,
18066,-8.00e-03,3.20e+01,
18067,-8.00e-03,3.20e+01,
18068,-8.00e-03,3.20e+01,
18069,-8.00e-03,3.20e+01,
18070,-8.00e-03,3.20e+01,
18071,-8.00e-03,3.20e+01,
18072,-8.00e-03,3.20e+01,
18073,-8.00e-03,3.20e+01,
18074,-8.00e-03,3.20e+01,
18075,-8.00e-03,3.20e+01,
18076,-8.00e-03,3.20e+01,
18077,-8.00e-03,3.20e+01,
18078,-8.00e-03,3.20e+01,
18079,-8.00e-03,3.20e+01,
18080,-8.00e-03,3.20e+01,
18081,-8.00e-03,3.20e+01,
18082,-8.00e-03,3.20e+01,
18083,-8.00e-03,3.20e+01,
18084,-8.00e-03,3.20e+01,
18085,-8.00e-03,3.20e+01,
18086,-8.00e-03,3.20e+01,
18087,-8.00e-03,3.20e+01,
18088,-8.00e-03,3.20e+01,
18089,-8.00e-03,3.20e+01,
18090,-8.00e-03,3.20e+01,
18091,-8.00e-03,3.20e+01,
18092,-8.00e-03,3.20e+01,
18093,-8.00e-03,3.20e+01,
18094,-8.00e-03,3.20e+01,
18095,-8.00e-03,3.20e+01,
18096,-8.00e-03,3.20e+01,
18097,-8.00e-03,3.20e+01,
18098,-8.00e-03,3.20e+01,
18099,-8.00e-03,3.20e+01,
18100,-8.00e-03,3.20e+01,
18101,-8.00e-03,3.20e+01,
18102,-8.00e-03,3.20e+01,
18103,-8.00e-03,3.20e+01,
18104,-8.00e-03,3.20e+01,
18105,-8.00e-03,3.20e+01,
18106,-8.00e-03,3.20e+01,
18107,-8.00e-03,3.20e+01,
18108,-8.00e-03,3.20e+01,
18109,-8.00e-03,3.20e+01,
18110,-8.00e-03,3.20e+01,
18111,-8.00e-03,3.20e+01,
18112,-8.00e-03,3.20e+01,
18113,-8.00e-03,3.20e+01,
18114,-8.00e-03,3.20e+01,
18115,-8.00e-03,3.20e+01,
18116,-8.00e-03,3.20e+01,
18117,-8.00e-03,3.20e+01,
18118,-8.00e-03,3.20e+01,
18119,-8.00e-03,3.20e+01,
18120,-8.00e-03,3.20e+01,
18121,-8.00e-03,3.20e+01,
18122,-8.00e-03,3.20e+01,
18123,-8.00e-03,3.20e+01,
18124,-8.00e-03,3.20e+01,
18125,-8.00e-03,3.20e+01,
18126,-8.00e-03,3.20e+01,
18127,-8.00e-03,3.20e+01,
18128,-8.00e-03,3.20e+01,
18129,-8.00e-03,3.20e+01,
18130,-8.00e-03,3.20e+01,
18131,-8.00e-03,3.20e+01,
18132,-8.00e-03,3.20e+01,
18133,-8.00e-03,3.20e+01,
18134,-8.00e-03,3.20e+01,
18135,-8.00e-03,3.20e+01,
18136,-8.00e-03,3.20e+01,
18137,-8.00e-03,3.20e+01,
18138,-8.00e-03,3.20e+01,
18139,-8.00e-03,3.20e+01,
18140,-8.00e-03,3.20e+01,
18141,-8.00e-03,3.20e+01,
18142,-8.00e-03,3.20e+01,
18143,-8.00e-03,3.20e+01,
18144,-8.00e-03,3.20e+01,
18145,-8.00e-03,3.20e+01,
18146,-8.00e-03,3.20e+01,
18147,-8.00e-03,3.20e+01,
18148,-8.00e-03,3.20e+01,
18149,-8.00e-03,3.20e+01,
18150,-8.00e-03,3.20e+01,
18151,-8.00e-03,3.20e+01,
18152,-8.00e-03,3.20e+01,
18153,-8.00e-03,3.20e+01,
18154,-8.00e-03,3.20e+01,
18155,-8.00e-03,3.20e+01,
18156,-8.00e-03,3.20e+01,
18157,-8.00e-03,3.20e+01,
18158,-8.00e-03,3.20e+01,
18159,-8.00e-03,3.20e+01,
18160,-8.00e-03,3.20e+01,
18161,-8.00e-03,3.20e+01,
18162,-8.00e-03,3.20e+01,
18163,-8.00e-03,3.20e+01,
18164,-8.00e-03,3.20e+01,
18165,-8.00e-03,3.20e+01,
18166,-8.00e-03,3.20e+01,
18167,-8.00e-03,3.20e+01,
18168,-8.00e-03,3.20e+01,
18169,-8.00e-03,3.20e+01,
18170,-8.00e-03,3.28e+01,
18171,-8.00e-03,3.20e+01,
18172,-8.00e-03,3.20e+01,
18173,-8.00e-03,3.20e+01,
18174,-8.00e-03,3.20e+01,
18175,-8.00e-03,3.20e+01,
18176,-8.00e-03,3.20e+01,
18177,-8.00e-03,3.20e+01,
18178,-8.00e-03,3.20e+01,
18179,-8.00e-03,3.20e+01,
18180,-8.00e-03,3.20e+01,
18181,-8.00e-03,3.20e+01,
18182,-8.00e-03,3.20e+01,
18183,-8.00e-03,3.20e+01,
18184,-8.00e-03,3.20e+01,
18185,-8.00e-03,3.20e+01,
18186,-8.00e-03,3.20e+01,
18187,-8.00e-03,3.20e+01,
18188,-8.00e-03,3.20e+01,
18189,-8.00e-03,3.20e+01,
18190,-8.00e-03,3.20e+01,
18191,-8.00e-03,3.20e+01,
18192,-8.00e-03,3.20e+01,
18193,-8.00e-03,3.20e+01,
18194,-8.00e-03,3.20e+01,
18195,-8.00e-03,3.20e+01,
18196,-8.00e-03,3.20e+01,
18197,-1.60e-02,3.20e+01,
18198,-8.00e-03,3.20e+01,
18199,-8.00e-03,3.20e+01,
18200,-8.00e-03,3.20e+01,
18201,-8.00e-03,3.20e+01,
18202,-8.00e-03,3.20e+01,
18203,-8.00e-03,3.20e+01,
18204,-8.00e-03,3.20e+01,
18205,-8.00e-03,3.20e+01,
18206,-8.00e-03,3.20e+01,
18207,-8.00e-03,3.20e+01,
18208,-8.00e-03,3.20e+01,
18209,-8.00e-03,3.20e+01,
18210,-8.00e-03,3.20e+01,
18211,-8.00e-03,3.20e+01,
18212,-8.00e-03,3.20e+01,
18213,-8.00e-03,3.20e+01,
18214,-8.00e-03,3.20e+01,
18215,-8.00e-03,3.20e+01,
18216,-8.00e-03,3.20e+01,
18217,-8.00e-03,3.20e+01,
18218,-8.00e-03,3.20e+01,
18219,-8.00e-03,3.20e+01,
18220,-8.00e-03,3.20e+01,
18221,-8.00e-03,3.20e+01,
18222,-8.00e-03,3.20e+01,
18223,-8.00e-03,3.20e+01,
18224,-8.00e-03,3.20e+01,
18225,-1.60e-02,3.20e+01,
18226,-8.00e-03,3.20e+01,
18227,-8.00e-03,3.20e+01,
18228,-8.00e-03,3.20e+01,
18229,-8.00e-03,3.20e+01,
18230,-8.00e-03,3.20e+01,
18231,-8.00e-03,3.20e+01,
18232,-8.00e-03,3.20e+01,
18233,-8.00e-03,3.20e+01,
18234,-8.00e-03,3.20e+01,
18235,-8.00e-03,3.20e+01,
18236,-8.00e-03,3.20e+01,
18237,-8.00e-03,3.20e+01,
18238,-8.00e-03,3.20e+01,
18239,-8.00e-03,3.20e+01,
18240,-8.00e-03,3.20e+01,
18241,-8.00e-03,3.20e+01,
18242,-8.00e-03,3.20e+01,
18243,-8.00e-03,3.20e+01,
18244,-8.00e-03,3.20e+01,
18245,-8.00e-03,3.20e+01,
18246,-8.00e-03,3.20e+01,
18247,-8.00e-03,3.20e+01,
18248,-8.00e-03,3.20e+01,
18249,-8.00e-03,3.20e+01,
18250,-8.00e-03,3.20e+01,
18251,-8.00e-03,3.20e+01,
18252,-8.00e-03,3.20e+01,
18253,-8.00e-03,3.20e+01,
18254,-8.00e-03,3.20e+01,
18255,-8.00e-03,3.20e+01,
18256,-8.00e-03,3.20e+01,
18257,-8.00e-03,3.20e+01,
18258,-8.00e-03,3.20e+01,
18259,-8.00e-03,3.20e+01,
18260,-8.00e-03,3.20e+01,
18261,-8.00e-03,3.20e+01,
18262,-8.00e-03,3.20e+01,
18263,-8.00e-03,3.20e+01,
18264,-8.00e-03,3.20e+01,
18265,-8.00e-03,3.20e+01,
18266,-8.00e-03,3.20e+01,
18267,-8.00e-03,3.20e+01,
18268,-8.00e-03,3.20e+01,
18269,-8.00e-03,3.20e+01,
18270,-8.00e-03,3.20e+01,
18271,-8.00e-03,3.20e+01,
18272,-8.00e-03,3.20e+01,
18273,-8.00e-03,3.20e+01,
18274,-8.00e-03,3.20e+01,
18275,-8.00e-03,3.20e+01,
18276,-8.00e-03,3.20e+01,
18277,-1.60e-02,3.20e+01,
18278,-8.00e-03,3.20e+01,
18279,-8.00e-03,3.20e+01,
18280,-8.00e-03,3.20e+01,
18281,-8.00e-03,3.20e+01,
18282,-8.00e-03,3.20e+01,
18283,-8.00e-03,3.20e+01,
18284,-8.00e-03,3.20e+01,
18285,-8.00e-03,3.20e+01,
18286,-8.00e-03,3.20e+01,
18287,-8.00e-03,3.20e+01,
18288,-8.00e-03,3.20e+01,
18289,-8.00e-03,3.20e+01,
18290,-8.00e-03,3.20e+01,
18291,-8.00e-03,3.20e+01,
18292,-8.00e-03,3.20e+01,
18293,-8.00e-03,3.20e+01,
18294,-8.00e-03,3.20e+01,
18295,-8.00e-03,3.20e+01,
18296,-8.00e-03,3.20e+01,
18297,-8.00e-03,3.20e+01,
18298,-8.00e-03,3.20e+01,
18299,-8.00e-03,3.20e+01,
18300,-8.00e-03,3.20e+01,
18301,-8.00e-03,3.20e+01,
18302,-8.00e-03,3.20e+01,
18303,-8.00e-03,3.20e+01,
18304,-8.00e-03,3.20e+01,
18305,-8.00e-03,3.20e+01,
18306,-8.00e-03,3.20e+01,
18307,-8.00e-03,3.20e+01,
18308,-8.00e-03,3.20e+01,
18309,-8.00e-03,3.20e+01,
18310,-8.00e-03,3.20e+01,
18311,-8.00e-03,3.20e+01,
18312,-8.00e-03,3.20e+01,
18313,-8.00e-03,3.20e+01,
18314,-8.00e-03,3.20e+01,
18315,-8.00e-03,3.20e+01,
18316,-8.00e-03,3.20e+01,
18317,-8.00e-03,3.20e+01,
18318,-8.00e-03,3.20e+01,
18319,-8.00e-03,3.20e+01,
18320,-8.00e-03,3.20e+01,
18321,-1.60e-02,3.20e+01,
18322,-8.00e-03,3.20e+01,
18323,-8.00e-03,3.20e+01,
18324,-8.00e-03,3.20e+01,
18325,-8.00e-03,3.20e+01,
18326,-8.00e-03,3.20e+01,
18327,-8.00e-03,3.20e+01,
18328,-8.00e-03,3.20e+01,
18329,-8.00e-03,3.20e+01,
18330,-8.00e-03,3.20e+01,
18331,-8.00e-03,3.20e+01,
18332,-8.00e-03,3.20e+01,
18333,-8.00e-03,3.20e+01,
18334,-8.00e-03,3.20e+01,
18335,-8.00e-03,3.20e+01,
18336,-8.00e-03,3.20e+01,
18337,-8.00e-03,3.20e+01,
18338,-8.00e-03,3.20e+01,
18339,-8.00e-03,3.20e+01,
18340,-8.00e-03,3.20e+01,
18341,-8.00e-03,3.20e+01,
18342,-8.00e-03,3.20e+01,
18343,-8.00e-03,3.20e+01,
18344,-8.00e-03,3.20e+01,
18345,-8.00e-03,3.20e+01,
18346,-8.00e-03,3.20e+01,
18347,-8.00e-03,3.20e+01,
18348,-8.00e-03,3.20e+01,
18349,-8.00e-03,3.20e+01,
18350,-8.00e-03,3.20e+01,
18351,-8.00e-03,3.20e+01,
18352,-8.00e-03,3.20e+01,
18353,-8.00e-03,3.20e+01,
18354,-8.00e-03,3.20e+01,
18355,-8.00e-03,3.20e+01,
18356,-8.00e-03,3.20e+01,
18357,-8.00e-03,3.20e+01,
18358,-8.00e-03,3.20e+01,
18359,-8.00e-03,3.20e+01,
18360,-8.00e-03,3.20e+01,
18361,-8.00e-03,3.20e+01,
18362,-8.00e-03,3.20e+01,
18363,-8.00e-03,3.20e+01,
18364,-8.00e-03,3.20e+01,
18365,-8.00e-03,3.20e+01,
18366,-8.00e-03,3.20e+01,
18367,-8.00e-03,3.20e+01,
18368,-8.00e-03,3.20e+01,
18369,-8.00e-03,3.20e+01,
18370,-8.00e-03,3.20e+01,
18371,-8.00e-03,3.20e+01,
18372,-8.00e-03,3.20e+01,
18373,-8.00e-03,3.20e+01,
18374,-8.00e-03,3.20e+01,
18375,-8.00e-03,3.20e+01,
18376,-8.00e-03,3.20e+01,
18377,-8.00e-03,3.20e+01,
18378,-8.00e-03,3.20e+01,
18379,-8.00e-03,3.20e+01,
18380,-8.00e-03,3.20e+01,
18381,-8.00e-03,3.20e+01,
18382,-8.00e-03,3.20e+01,
18383,-8.00e-03,3.20e+01,
18384,-8.00e-03,3.20e+01,
18385,-8.00e-03,3.20e+01,
18386,-8.00e-03,3.20e+01,
18387,-8.00e-03,3.20e+01,
18388,-8.00e-03,3.20e+01,
18389,-8.00e-03,3.20e+01,
18390,-8.00e-03,3.20e+01,
18391,-8.00e-03,3.20e+01,
18392,-8.00e-03,3.20e+01,
18393,-8.00e-03,3.20e+01,
18394,-8.00e-03,3.20e+01,
18395,-8.00e-03,3.20e+01,
18396,-8.00e-03,3.20e+01,
18397,-8.00e-03,3.20e+01,
18398,-8.00e-03,3.20e+01,
18399,-8.00e-03,3.20e+01,
18400,-8.00e-03,3.20e+01,
18401,-8.00e-03,3.20e+01,
18402,-8.00e-03,3.20e+01,
18403,-8.00e-03,3.20e+01,
18404,-8.00e-03,3.20e+01,
18405,-8.00e-03,3.20e+01,
18406,-8.00e-03,3.20e+01,
18407,-8.00e-03,3.20e+01,
18408,-8.00e-03,3.20e+01,
18409,-8.00e-03,3.20e+01,
18410,-8.00e-03,3.20e+01,
18411,-8.00e-03,3.20e+01,
18412,-8.00e-03,3.20e+01,
18413,-8.00e-03,3.20e+01,
18414,-8.00e-03,3.20e+01,
18415,-8.00e-03,3.20e+01,
18416,-8.00e-03,3.20e+01,
18417,-8.00e-03,3.20e+01,
18418,-8.00e-03,3.20e+01,
18419,-8.00e-03,3.20e+01,
18420,-8.00e-03,3.20e+01,
18421,-8.00e-03,3.20e+01,
18422,-8.00e-03,3.20e+01,
18423,-8.00e-03,3.20e+01,
18424,-8.00e-03,3.20e+01,
18425,-8.00e-03,3.20e+01,
18426,-8.00e-03,3.20e+01,
18427,-8.00e-03,3.20e+01,
18428,-8.00e-03,3.20e+01,
18429,-8.00e-03,3.20e+01,
18430,-8.00e-03,3.20e+01,
18431,-8.00e-03,3.20e+01,
18432,-8.00e-03,3.20e+01,
18433,-8.00e-03,3.20e+01,
18434,-8.00e-03,3.20e+01,
18435,-8.00e-03,3.20e+01,
18436,-8.00e-03,3.20e+01,
18437,-8.00e-03,3.20e+01,
18438,-8.00e-03,3.20e+01,
18439,-8.00e-03,3.20e+01,
18440,-8.00e-03,3.20e+01,
18441,-8.00e-03,3.20e+01,
18442,-8.00e-03,3.20e+01,
18443,-8.00e-03,3.20e+01,
18444,-8.00e-03,3.20e+01,
18445,-8.00e-03,3.20e+01,
18446,-8.00e-03,3.20e+01,
18447,-8.00e-03,3.20e+01,
18448,-8.00e-03,3.20e+01,
18449,-8.00e-03,3.20e+01,
18450,-8.00e-03,3.20e+01,
18451,-8.00e-03,3.20e+01,
18452,-8.00e-03,3.20e+01,
18453,-8.00e-03,3.20e+01,
18454,-8.00e-03,3.20e+01,
18455,-8.00e-03,3.20e+01,
18456,-8.00e-03,3.20e+01,
18457,-8.00e-03,3.20e+01,
18458,-8.00e-03,3.20e+01,
18459,-8.00e-03,3.20e+01,
18460,-8.00e-03,3.20e+01,
18461,-8.00e-03,3.20e+01,
18462,-8.00e-03,3.20e+01,
18463,-8.00e-03,3.20e+01,
18464,-8.00e-03,3.20e+01,
18465,-8.00e-03,3.20e+01,
18466,-8.00e-03,3.20e+01,
18467,-8.00e-03,3.20e+01,
18468,-8.00e-03,3.20e+01,
18469,-8.00e-03,3.20e+01,
18470,-8.00e-03,3.20e+01,
18471,-8.00e-03,3.20e+01,
18472,-8.00e-03,3.20e+01,
18473,-1.60e-02,3.20e+01,
18474,-8.00e-03,3.20e+01,
18475,-8.00e-03,3.20e+01,
18476,-8.00e-03,3.20e+01,
18477,-8.00e-03,3.20e+01,
18478,-8.00e-03,3.20e+01,
18479,-8.00e-03,3.20e+01,
18480,-8.00e-03,3.20e+01,
18481,-8.00e-03,3.20e+01,
18482,-8.00e-03,3.20e+01,
18483,-8.00e-03,3.20e+01,
18484,-8.00e-03,3.20e+01,
18485,-8.00e-03,3.20e+01,
18486,-8.00e-03,3.20e+01,
18487,-8.00e-03,3.20e+01,
18488,-8.00e-03,3.20e+01,
18489,-8.00e-03,3.20e+01,
18490,-8.00e-03,3.20e+01,
18491,-8.00e-03,3.20e+01,
18492,-8.00e-03,3.20e+01,
18493,-8.00e-03,3.20e+01,
18494,-8.00e-03,3.20e+01,
18495,-8.00e-03,3.20e+01,
18496,-8.00e-03,3.20e+01,
18497,-8.00e-03,3.20e+01,
18498,-8.00e-03,3.20e+01,
18499,-8.00e-03,3.20e+01,
18500,-8.00e-03,3.20e+01,
18501,-8.00e-03,3.20e+01,
18502,-8.00e-03,3.20e+01,
18503,-8.00e-03,3.20e+01,
18504,-8.00e-03,3.20e+01,
18505,-8.00e-03,3.20e+01,
18506,-8.00e-03,3.20e+01,
18507,-8.00e-03,3.20e+01,
18508,-8.00e-03,3.20e+01,
18509,-8.00e-03,3.20e+01,
18510,-8.00e-03,3.20e+01,
18511,-8.00e-03,3.20e+01,
18512,-8.00e-03,3.20e+01,
18513,-8.00e-03,3.20e+01,
18514,-8.00e-03,3.20e+01,
18515,-8.00e-03,3.20e+01,
18516,-8.00e-03,3.20e+01,
18517,-8.00e-03,3.20e+01,
18518,-8.00e-03,3.20e+01,
18519,-8.00e-03,3.20e+01,
18520,-8.00e-03,3.20e+01,
18521,-8.00e-03,3.20e+01,
18522,-8.00e-03,3.20e+01,
18523,-8.00e-03,3.20e+01,
18524,-8.00e-03,3.20e+01,
18525,-8.00e-03,3.20e+01,
18526,-8.00e-03,3.20e+01,
18527,-8.00e-03,3.20e+01,
18528,-8.00e-03,3.20e+01,
18529,-8.00e-03,3.20e+01,
18530,-8.00e-03,3.20e+01,
18531,-8.00e-03,3.20e+01,
18532,-8.00e-03,3.20e+01,
18533,-8.00e-03,3.20e+01,
18534,-8.00e-03,3.20e+01,
18535,-8.00e-03,3.20e+01,
18536,-8.00e-03,3.20e+01,
18537,-8.00e-03,3.20e+01,
18538,-8.00e-03,3.20e+01,
18539,-8.00e-03,3.20e+01,
18540,-8.00e-03,3.20e+01,
18541,-8.00e-03,3.20e+01,
18542,-8.00e-03,3.20e+01,
18543,-8.00e-03,3.20e+01,
18544,-8.00e-03,3.20e+01,
18545,-8.00e-03,3.20e+01,
18546,-8.00e-03,3.20e+01,
18547,-8.00e-03,3.20e+01,
18548,-8.00e-03,3.20e+01,
18549,-8.00e-03,3.20e+01,
18550,-8.00e-03,3.20e+01,
18551,-8.00e-03,3.20e+01,
18552,-8.00e-03,3.20e+01,
18553,-8.00e-03,3.20e+01,
18554,-8.00e-03,3.20e+01,
18555,-8.00e-03,3.20e+01,
18556,-8.00e-03,3.20e+01,
18557,-8.00e-03,3.20e+01,
18558,-8.00e-03,3.20e+01,
18559,-8.00e-03,3.20e+01,
18560,-8.00e-03,3.20e+01,
18561,-8.00e-03,3.20e+01,
18562,-8.00e-03,3.20e+01,
18563,-8.00e-03,3.20e+01,
18564,-8.00e-03,3.20e+01,
18565,-8.00e-03,3.20e+01,
18566,-8.00e-03,3.20e+01,
18567,-8.00e-03,3.20e+01,
18568,-8.00e-03,3.20e+01,
18569,-8.00e-03,3.20e+01,
18570,-8.00e-03,3.20e+01,
18571,-8.00e-03,3.20e+01,
18572,-8.00e-03,3.20e+01,
18573,-8.00e-03,3.20e+01,
18574,-8.00e-03,3.20e+01,
18575,-8.00e-03,3.20e+01,
18576,-8.00e-03,3.20e+01,
18577,-8.00e-03,3.20e+01,
18578,-8.00e-03,3.20e+01,
18579,-8.00e-03,3.20e+01,
18580,-8.00e-03,3.20e+01,
18581,-8.00e-03,3.20e+01,
18582,-8.00e-03,3.20e+01,
18583,-8.00e-03,3.20e+01,
18584,-8.00e-03,3.20e+01,
18585,-8.00e-03,3.20e+01,
18586,-8.00e-03,3.20e+01,
18587,-8.00e-03,3.20e+01,
18588,-8.00e-03,3.20e+01,
18589,-8.00e-03,3.20e+01,
18590,-8.00e-03,3.20e+01,
18591,-8.00e-03,3.20e+01,
18592,-8.00e-03,3.20e+01,
18593,-8.00e-03,3.20e+01,
18594,-8.00e-03,3.20e+01,
18595,-8.00e-03,3.20e+01,
18596,-8.00e-03,3.20e+01,
18597,-8.00e-03,3.20e+01,
18598,-8.00e-03,3.20e+01,
18599,-8.00e-03,3.20e+01,
18600,-8.00e-03,3.20e+01,
18601,-8.00e-03,3.20e+01,
18602,-8.00e-03,3.20e+01,
18603,-8.00e-03,3.20e+01,
18604,-8.00e-03,3.20e+01,
18605,-8.00e-03,3.20e+01,
18606,-8.00e-03,3.20e+01,
18607,-8.00e-03,3.20e+01,
18608,-8.00e-03,3.20e+01,
18609,-8.00e-03,3.20e+01,
18610,-8.00e-03,3.20e+01,
18611,-8.00e-03,3.20e+01,
18612,-8.00e-03,3.20e+01,
18613,-8.00e-03,3.20e+01,
18614,-8.00e-03,3.20e+01,
18615,-8.00e-03,3.20e+01,
18616,-8.00e-03,3.20e+01,
18617,-8.00e-03,3.20e+01,
18618,-8.00e-03,3.20e+01,
18619,-8.00e-03,3.20e+01,
18620,-8.00e-03,3.20e+01,
18621,-8.00e-03,3.20e+01,
18622,-8.00e-03,3.20e+01,
18623,-8.00e-03,3.20e+01,
18624,-8.00e-03,3.20e+01,
18625,-8.00e-03,3.20e+01,
18626,-8.00e-03,3.20e+01,
18627,-8.00e-03,3.20e+01,
18628,-8.00e-03,3.20e+01,
18629,-8.00e-03,3.20e+01,
18630,-8.00e-03,3.20e+01,
18631,-8.00e-03,3.20e+01,
18632,-8.00e-03,3.20e+01,
18633,-8.00e-03,3.20e+01,
18634,-8.00e-03,3.20e+01,
18635,-8.00e-03,3.20e+01,
18636,-8.00e-03,3.20e+01,
18637,-8.00e-03,3.20e+01,
18638,-8.00e-03,3.20e+01,
18639,-8.00e-03,3.20e+01,
18640,-8.00e-03,3.20e+01,
18641,-1.60e-02,3.20e+01,
18642,-8.00e-03,3.20e+01,
18643,-8.00e-03,3.20e+01,
18644,-8.00e-03,3.20e+01,
18645,-8.00e-03,3.20e+01,
18646,-8.00e-03,3.20e+01,
18647,-8.00e-03,3.20e+01,
18648,-8.00e-03,3.20e+01,
18649,-8.00e-03,3.20e+01,
18650,-8.00e-03,3.20e+01,
18651,-8.00e-03,3.20e+01,
18652,-8.00e-03,3.20e+01,
18653,-8.00e-03,3.20e+01,
18654,-8.00e-03,3.20e+01,
18655,-8.00e-03,3.20e+01,
18656,-8.00e-03,3.20e+01,
18657,-8.00e-03,3.20e+01,
18658,-8.00e-03,3.20e+01,
18659,-8.00e-03,3.20e+01,
18660,-8.00e-03,3.20e+01,
18661,-8.00e-03,3.20e+01,
18662,-8.00e-03,3.20e+01,
18663,-8.00e-03,3.20e+01,
18664,-8.00e-03,3.20e+01,
18665,-8.00e-03,3.20e+01,
18666,-8.00e-03,3.20e+01,
18667,-8.00e-03,3.20e+01,
18668,-8.00e-03,3.20e+01,
18669,-8.00e-03,3.20e+01,
18670,-8.00e-03,3.20e+01,
18671,-8.00e-03,3.20e+01,
18672,-8.00e-03,3.20e+01,
18673,-8.00e-03,3.20e+01,
18674,-8.00e-03,3.20e+01,
18675,-8.00e-03,3.20e+01,
18676,-8.00e-03,3.20e+01,
18677,-8.00e-03,3.20e+01,
18678,-8.00e-03,3.20e+01,
18679,-8.00e-03,3.20e+01,
18680,-8.00e-03,3.20e+01,
18681,-8.00e-03,3.20e+01,
18682,-8.00e-03,3.20e+01,
18683,-8.00e-03,3.20e+01,
18684,-8.00e-03,3.20e+01,
18685,-1.60e-02,3.20e+01,
18686,-8.00e-03,3.20e+01,
18687,-8.00e-03,3.20e+01,
18688,-8.00e-03,3.20e+01,
18689,-8.00e-03,3.20e+01,
18690,-8.00e-03,3.20e+01,
18691,-8.00e-03,3.20e+01,
18692,-8.00e-03,3.20e+01,
18693,-8.00e-03,3.20e+01,
18694,-8.00e-03,3.20e+01,
18695,-8.00e-03,3.20e+01,
18696,-8.00e-03,3.20e+01,
18697,-8.00e-03,3.20e+01,
18698,-8.00e-03,3.20e+01,
18699,-8.00e-03,3.20e+01,
18700,-8.00e-03,3.20e+01,
18701,-8.00e-03,3.20e+01,
18702,-8.00e-03,3.20e+01,
18703,-8.00e-03,3.20e+01,
18704,-8.00e-03,3.20e+01,
18705,-8.00e-03,3.20e+01,
18706,-8.00e-03,3.20e+01,
18707,-8.00e-03,3.20e+01,
18708,-8.00e-03,3.20e+01,
18709,-8.00e-03,3.20e+01,
18710,-8.00e-03,3.20e+01,
18711,-8.00e-03,3.20e+01,
18712,-8.00e-03,3.20e+01,
18713,-8.00e-03,3.20e+01,
18714,-8.00e-03,3.20e+01,
18715,-8.00e-03,3.20e+01,
18716,-8.00e-03,3.20e+01,
18717,-8.00e-03,3.20e+01,
18718,-8.00e-03,3.20e+01,
18719,-8.00e-03,3.20e+01,
18720,-8.00e-03,3.20e+01,
18721,-8.00e-03,3.20e+01,
18722,-8.00e-03,3.20e+01,
18723,-8.00e-03,3.20e+01,
18724,-8.00e-03,3.20e+01,
18725,-8.00e-03,3.20e+01,
18726,-8.00e-03,3.20e+01,
18727,-8.00e-03,3.20e+01,
18728,-8.00e-03,3.20e+01,
18729,-8.00e-03,3.20e+01,
18730,-8.00e-03,3.20e+01,
18731,-8.00e-03,3.20e+01,
18732,-8.00e-03,3.20e+01,
18733,-8.00e-03,3.20e+01,
18734,-8.00e-03,3.20e+01,
18735,-8.00e-03,3.20e+01,
18736,-8.00e-03,3.20e+01,
18737,-8.00e-03,3.20e+01,
18738,-8.00e-03,3.20e+01,
18739,-8.00e-03,3.20e+01,
18740,-8.00e-03,3.20e+01,
18741,-8.00e-03,3.20e+01,
18742,-8.00e-03,3.20e+01,
18743,-8.00e-03,3.20e+01,
18744,-8.00e-03,3.20e+01,
18745,-8.00e-03,3.20e+01,
18746,-8.00e-03,3.20e+01,
18747,-8.00e-03,3.20e+01,
18748,-8.00e-03,3.20e+01,
18749,-8.00e-03,3.20e+01,
18750,-8.00e-03,3.20e+01,
18751,-8.00e-03,3.20e+01,
18752,-8.00e-03,3.20e+01,
18753,-8.00e-03,3.20e+01,
18754,-8.00e-03,3.20e+01,
18755,-8.00e-03,3.20e+01,
18756,-8.00e-03,3.20e+01,
18757,-8.00e-03,3.20e+01,
18758,-8.00e-03,3.20e+01,
18759,-8.00e-03,3.20e+01,
18760,-8.00e-03,3.20e+01,
18761,-8.00e-03,3.20e+01,
18762,-8.00e-03,3.20e+01,
18763,-8.00e-03,3.20e+01,
18764,-8.00e-03,3.20e+01,
18765,-8.00e-03,3.20e+01,
18766,-8.00e-03,3.20e+01,
18767,-8.00e-03,3.20e+01,
18768,-8.00e-03,3.20e+01,
18769,-8.00e-03,3.12e+01,
18770,-8.00e-03,3.20e+01,
18771,-8.00e-03,3.20e+01,
18772,-8.00e-03,3.20e+01,
18773,-8.00e-03,3.20e+01,
18774,-8.00e-03,3.20e+01,
18775,-8.00e-03,3.20e+01,
18776,-8.00e-03,3.20e+01,
18777,-8.00e-03,3.20e+01,
18778,-8.00e-03,3.20e+01,
18779,-8.00e-03,3.20e+01,
18780,-8.00e-03,3.20e+01,
18781,-8.00e-03,3.20e+01,
18782,-8.00e-03,3.20e+01,
18783,-8.00e-03,3.20e+01,
18784,-8.00e-03,3.20e+01,
18785,-8.00e-03,3.20e+01,
18786,-8.00e-03,3.20e+01,
18787,-8.00e-03,3.20e+01,
18788,-8.00e-03,3.20e+01,
18789,-8.00e-03,3.20e+01,
18790,-8.00e-03,3.20e+01,
18791,-8.00e-03,3.20e+01,
18792,-8.00e-03,3.20e+01,
18793,-8.00e-03,3.20e+01,
18794,-8.00e-03,3.20e+01,
18795,-8.00e-03,3.20e+01,
18796,-8.00e-03,3.20e+01,
18797,-8.00e-03,3.20e+01,
18798,-8.00e-03,3.20e+01,
18799,-8.00e-03,3.20e+01,
18800,-8.00e-03,3.20e+01,
18801,-8.00e-03,3.20e+01,
18802,-8.00e-03,3.20e+01,
18803,-8.00e-03,3.20e+01,
18804,-8.00e-03,3.20e+01,
18805,-8.00e-03,3.20e+01,
18806,-8.00e-03,3.20e+01,
18807,-8.00e-03,3.20e+01,
18808,-8.00e-03,3.20e+01,
18809,-8.00e-03,3.20e+01,
18810,-8.00e-03,3.20e+01,
18811,-8.00e-03,3.20e+01,
18812,-8.00e-03,3.20e+01,
18813,-8.00e-03,3.20e+01,
18814,-8.00e-03,3.20e+01,
18815,-8.00e-03,3.20e+01,
18816,-8.00e-03,3.20e+01,
18817,-8.00e-03,3.20e+01,
18818,-8.00e-03,3.20e+01,
18819,-8.00e-03,3.20e+01,
18820,-8.00e-03,3.20e+01,
18821,-8.00e-03,3.20e+01,
18822,-8.00e-03,3.20e+01,
18823,-8.00e-03,3.20e+01,
18824,-8.00e-03,3.20e+01,
18825,-8.00e-03,3.20e+01,
18826,-8.00e-03,3.20e+01,
18827,-8.00e-03,3.20e+01,
18828,-8.00e-03,3.20e+01,
18829,-8.00e-03,3.20e+01,
18830,-8.00e-03,3.20e+01,
18831,-8.00e-03,3.20e+01,
18832,-8.00e-03,3.20e+01,
18833,-8.00e-03,3.20e+01,
18834,-8.00e-03,3.20e+01,
18835,-8.00e-03,3.20e+01,
18836,-8.00e-03,3.20e+01,
18837,-8.00e-03,3.20e+01,
18838,-8.00e-03,3.20e+01,
18839,-8.00e-03,3.20e+01,
18840,-8.00e-03,3.20e+01,
18841,-8.00e-03,3.20e+01,
18842,-8.00e-03,3.20e+01,
18843,-8.00e-03,3.20e+01,
18844,-8.00e-03,3.20e+01,
18845,-8.00e-03,3.20e+01,
18846,-8.00e-03,3.20e+01,
18847,-8.00e-03,3.20e+01,
18848,-8.00e-03,3.20e+01,
18849,-8.00e-03,3.20e+01,
18850,-8.00e-03,3.20e+01,
18851,-8.00e-03,3.20e+01,
18852,-8.00e-03,3.20e+01,
18853,-8.00e-03,3.20e+01,
18854,-8.00e-03,3.20e+01,
18855,-8.00e-03,3.20e+01,
18856,-8.00e-03,3.20e+01,
18857,-8.00e-03,3.20e+01,
18858,-8.00e-03,3.20e+01,
18859,-8.00e-03,3.20e+01,
18860,-8.00e-03,3.20e+01,
18861,-8.00e-03,3.20e+01,
18862,-8.00e-03,3.20e+01,
18863,-8.00e-03,3.20e+01,
18864,-8.00e-03,3.20e+01,
18865,-8.00e-03,3.20e+01,
18866,-8.00e-03,3.20e+01,
18867,-8.00e-03,3.20e+01,
18868,-8.00e-03,3.20e+01,
18869,-8.00e-03,3.20e+01,
18870,-8.00e-03,3.20e+01,
18871,-8.00e-03,3.20e+01,
18872,-8.00e-03,3.20e+01,
18873,-8.00e-03,3.20e+01,
18874,-8.00e-03,3.20e+01,
18875,-8.00e-03,3.20e+01,
18876,-8.00e-03,3.20e+01,
18877,-8.00e-03,3.20e+01,
18878,-8.00e-03,3.20e+01,
18879,-8.00e-03,3.20e+01,
18880,-8.00e-03,3.20e+01,
18881,-8.00e-03,3.20e+01,
18882,-8.00e-03,3.20e+01,
18883,-8.00e-03,3.20e+01,
18884,-8.00e-03,3.20e+01,
18885,-8.00e-03,3.20e+01,
18886,-8.00e-03,3.20e+01,
18887,-8.00e-03,3.20e+01,
18888,-8.00e-03,3.12e+01,
18889,-8.00e-03,3.20e+01,
18890,-8.00e-03,3.20e+01,
18891,-8.00e-03,3.20e+01,
18892,-8.00e-03,3.20e+01,
18893,-8.00e-03,3.20e+01,
18894,-8.00e-03,3.20e+01,
18895,-8.00e-03,3.20e+01,
18896,-8.00e-03,3.20e+01,
18897,-8.00e-03,3.20e+01,
18898,-8.00e-03,3.20e+01,
18899,-8.00e-03,3.20e+01,
18900,-8.00e-03,3.20e+01,
18901,-8.00e-03,3.20e+01,
18902,-8.00e-03,3.20e+01,
18903,-8.00e-03,3.20e+01,
18904,-8.00e-03,3.20e+01,
18905,-8.00e-03,3.20e+01,
18906,-8.00e-03,3.20e+01,
18907,-8.00e-03,3.20e+01,
18908,-8.00e-03,3.20e+01,
18909,-8.00e-03,3.20e+01,
18910,-8.00e-03,3.20e+01,
18911,-8.00e-03,3.20e+01,
18912,-8.00e-03,3.20e+01,
18913,-8.00e-03,3.20e+01,
18914,-8.00e-03,3.20e+01,
18915,-8.00e-03,3.20e+01,
18916,-8.00e-03,3.20e+01,
18917,-8.00e-03,3.20e+01,
18918,-8.00e-03,3.20e+01,
18919,-8.00e-03,3.20e+01,
18920,-8.00e-03,3.12e+01,
18921,-8.00e-03,3.20e+01,
18922,-8.00e-03,3.20e+01,
18923,-8.00e-03,3.20e+01,
18924,-8.00e-03,3.20e+01,
18925,-8.00e-03,3.20e+01,
18926,-8.00e-03,3.20e+01,
18927,-8.00e-03,3.20e+01,
18928,-8.00e-03,3.20e+01,
18929,-8.00e-03,3.20e+01,
18930,-8.00e-03,3.20e+01,
18931,-8.00e-03,3.20e+01,
18932,-8.00e-03,3.20e+01,
18933,-8.00e-03,3.20e+01,
18934,-8.00e-03,3.20e+01,
18935,-8.00e-03,3.20e+01,
18936,-8.00e-03,3.12e+01,
18937,-8.00e-03,3.20e+01,
18938,-8.00e-03,3.20e+01,
18939,-8.00e-03,3.20e+01,
18940,-8.00e-03,3.20e+01,
18941,-8.00e-03,3.20e+01,
18942,-8.00e-03,3.20e+01,
18943,-8.00e-03,3.20e+01,
18944,-8.00e-03,3.20e+01,
18945,-8.00e-03,3.20e+01,
18946,-8.00e-03,3.20e+01,
18947,-8.00e-03,3.20e+01,
18948,-8.00e-03,3.20e+01,
18949,-8.00e-03,3.20e+01,
18950,-8.00e-03,3.20e+01,
18951,-8.00e-03,3.20e+01,
18952,-8.00e-03,3.20e+01,
18953,-8.00e-03,3.20e+01,
18954,-8.00e-03,3.20e+01,
18955,-8.00e-03,3.20e+01,
18956,-8.00e-03,3.12e+01,
18957,-8.00e-03,3.20e+01,
18958,-8.00e-03,3.20e+01,
18959,-8.00e-03,3.20e+01,
18960,-8.00e-03,3.20e+01,
18961,-8.00e-03,3.20e+01,
18962,-8.00e-03,3.20e+01,
18963,-8.00e-03,3.20e+01,
18964,-8.00e-03,3.12e+01,
18965,-8.00e-03,3.20e+01,
18966,-8.00e-03,3.20e+01,
18967,-8.00e-03,3.20e+01,
18968,-8.00e-03,3.20e+01,
18969,-8.00e-03,3.12e+01,
18970,-8.00e-03,3.20e+01,
18971,-8.00e-03,3.20e+01,
18972,-8.00e-03,3.12e+01,
18973,-8.00e-03,3.20e+01,
18974,-8.00e-03,3.20e+01,
18975,-8.00e-03,3.20e+01,
18976,-8.00e-03,3.20e+01,
18977,-8.00e-03,3.20e+01,
18978,-8.00e-03,3.20e+01,
18979,-8.00e-03,3.20e+01,
18980,-8.00e-03,3.20e+01,
18981,-8.00e-03,3.20e+01,
18982,-8.00e-03,3.20e+01,
18983,-8.00e-03,3.20e+01,
18984,-8.00e-03,3.12e+01,
18985,-8.00e-03,3.20e+01,
18986,-8.00e-03,3.20e+01,
18987,-8.00e-03,3.20e+01,
18988,-8.00e-03,3.12e+01,
18989,-8.00e-03,3.20e+01,
18990,-8.00e-03,3.20e+01,
18991,-8.00e-03,3.20e+01,
18992,-8.00e-03,3.12e+01,
18993,-8.00e-03,3.20e+01,
18994,-8.00e-03,3.20e+01,
18995,-8.00e-03,3.20e+01,
18996,-8.00e-03,3.12e+01,
18997,-8.00e-03,3.20e+01,
18998,-8.00e-03,3.20e+01,
18999,-8.00e-03,3.20e+01,
19000,-8.00e-03,3.20e+01,
19001,-8.00e-03,3.20e+01,
19002,-8.00e-03,3.20e+01,
19003,-8.00e-03,3.20e+01,
19004,-8.00e-03,3.12e+01,
19005,-8.00e-03,3.20e+01,
19006,-8.00e-03,3.20e+01,
19007,-8.00e-03,3.20e+01,
19008,-8.00e-03,3.12e+01,
19009,-8.00e-03,3.20e+01,
19010,-8.00e-03,3.20e+01,
19011,-8.00e-03,3.20e+01,
19012,-8.00e-03,3.12e+01,
19013,-8.00e-03,3.20e+01,
19014,-8.00e-03,3.20e+01,
19015,-8.00e-03,3.20e+01,
19016,-8.00e-03,3.20e+01,
19017,-8.00e-03,3.20e+01,
19018,-8.00e-03,3.20e+01,
19019,-8.00e-03,3.20e+01,
19020,-8.00e-03,3.12e+01,
19021,-8.00e-03,3.20e+01,
19022,-8.00e-03,3.20e+01,
19023,-8.00e-03,3.20e+01,
19024,-8.00e-03,3.12e+01,
19025,-8.00e-03,3.20e+01,
19026,-8.00e-03,3.20e+01,
19027,-8.00e-03,3.20e+01,
19028,-8.00e-03,3.12e+01,
19029,-8.00e-03,3.20e+01,
19030,-8.00e-03,3.20e+01,
19031,-8.00e-03,3.20e+01,
19032,-8.00e-03,3.12e+01,
19033,-8.00e-03,3.20e+01,
19034,-8.00e-03,3.20e+01,
19035,-8.00e-03,3.20e+01,
19036,-8.00e-03,3.12e+01,
19037,-8.00e-03,3.20e+01,
19038,-8.00e-03,3.20e+01,
19039,-8.00e-03,3.20e+01,
19040,-8.00e-03,3.20e+01,
19041,-8.00e-03,3.20e+01,
19042,-8.00e-03,3.20e+01,
19043,-8.00e-03,3.20e+01,
19044,-8.00e-03,3.20e+01,
19045,-8.00e-03,3.20e+01,
19046,-8.00e-03,3.20e+01,
19047,-8.00e-03,3.20e+01,
19048,-8.00e-03,3.12e+01,
19049,-8.00e-03,3.20e+01,
19050,-8.00e-03,3.20e+01,
19051,-8.00e-03,3.20e+01,
19052,-8.00e-03,3.12e+01,
19053,-8.00e-03,3.20e+01,
19054,-8.00e-03,3.20e+01,
19055,-8.00e-03,3.20e+01,
19056,-8.00e-03,3.12e+01,
19057,-8.00e-03,3.20e+01,
19058,-8.00e-03,3.20e+01,
19059,-8.00e-03,3.20e+01,
19060,-8.00e-03,3.12e+01,
19061,-8.00e-03,3.20e+01,
19062,-8.00e-03,3.20e+01,
19063,-8.00e-03,3.20e+01,
19064,-8.00e-03,3.12e+01,
19065,-8.00e-03,3.12e+01,
19066,-8.00e-03,3.20e+01,
19067,-8.00e-03,3.20e+01,
19068,-8.00e-03,3.12e+01,
19069,-8.00e-03,3.20e+01,
19070,-8.00e-03,3.20e+01,
19071,-8.00e-03,3.20e+01,
19072,-8.00e-03,3.12e+01,
19073,-8.00e-03,3.20e+01,
19074,-8.00e-03,3.20e+01,
19075,-8.00e-03,3.20e+01,
19076,-8.00e-03,3.12e+01,
19077,-8.00e-03,3.20e+01,
19078,-8.00e-03,3.20e+01,
19079,-8.00e-03,3.20e+01,
19080,-8.00e-03,3.12e+01,
19081,-8.00e-03,3.12e+01,
19082,-8.00e-03,3.20e+01,
19083,-8.00e-03,3.20e+01,
19084,-8.00e-03,3.12e+01,
19085,-8.00e-03,3.20e+01,
19086,-8.00e-03,3.20e+01,
19087,-8.00e-03,3.20e+01,
19088,-8.00e-03,3.12e+01,
19089,-8.00e-03,3.12e+01,
19090,-8.00e-03,3.20e+01,
19091,-8.00e-03,3.20e+01,
19092,-8.00e-03,3.20e+01,
19093,-8.00e-03,3.20e+01,
19094,-8.00e-03,3.20e+01,
19095,-8.00e-03,3.20e+01,
19096,-8.00e-03,3.12e+01,
19097,-8.00e-03,3.12e+01,
19098,-8.00e-03,3.20e+01,
19099,-8.00e-03,3.20e+01,
19100,-8.00e-03,3.12e+01,
19101,-8.00e-03,3.12e+01,
19102,-8.00e-03,3.20e+01,
19103,-8.00e-03,3.20e+01,
19104,-8.00e-03,3.12e+01,
19105,-8.00e-03,3.12e+01,
19106,-8.00e-03,3.20e+01,
19107,-8.00e-03,3.20e+01,
19108,-8.00e-03,3.12e+01,
19109,-8.00e-03,3.12e+01,
19110,-8.00e-03,3.20e+01,
19111,-8.00e-03,3.20e+01,
19112,-8.00e-03,3.12e+01,
19113,-8.00e-03,3.12e+01,
19114,-8.00e-03,3.20e+01,
19115,-8.00e-03,3.20e+01,
19116,-8.00e-03,3.12e+01,
19117,-8.00e-03,3.12e+01,
19118,-8.00e-03,3.20e+01,
19119,-8.00e-03,3.20e+01,
19120,-8.00e-03,3.12e+01,
19121,-8.00e-03,3.12e+01,
19122,-8.00e-03,3.20e+01,
19123,-8.00e-03,3.12e+01,
19124,-8.00e-03,3.12e+01,
19125,-8.00e-03,3.20e+01,
19126,-8.00e-03,3.20e+01,
19127,-8.00e-03,3.20e+01,
19128,-8.00e-03,3.12e+01,
19129,-8.00e-03,3.12e+01,
19130,-8.00e-03,3.20e+01,
19131,-8.00e-03,3.12e+01,
19132,-8.00e-03,3.12e+01,
19133,-8.00e-03,3.12e+01,
19134,-8.00e-03,3.20e+01,
19135,-8.00e-03,3.20e+01,
19136,-8.00e-03,3.12e+01,
19137,-8.00e-03,3.12e+01,
19138,-8.00e-03,3.20e+01,
19139,-8.00e-03,3.20e+01,
19140,-8.00e-03,3.12e+01,
19141,-8.00e-03,3.12e+01,
19142,-8.00e-03,3.20e+01,
19143,-8.00e-03,3.12e+01,
19144,-8.00e-03,3.12e+01,
19145,-8.00e-03,3.12e+01,
19146,-8.00e-03,3.12e+01,
19147,-8.00e-03,3.20e+01,
19148,-8.00e-03,3.12e+01,
19149,-8.00e-03,3.12e+01,
19150,-8.00e-03,3.20e+01,
19151,-8.00e-03,3.12e+01,
19152,-8.00e-03,3.12e+01,
19153,-8.00e-03,3.12e+01,
19154,-8.00e-03,3.20e+01,
19155,-8.00e-03,3.12e+01,
19156,-8.00e-03,3.12e+01,
19157,-8.00e-03,3.12e+01,
19158,-8.00e-03,3.20e+01,
19159,-8.00e-03,3.12e+01,
19160,-8.00e-03,3.12e+01,
19161,-8.00e-03,3.12e+01,
19162,-8.00e-03,3.20e+01,
19163,-8.00e-03,3.12e+01,
19164,-8.00e-03,3.12e+01,
19165,-8.00e-03,3.12e+01,
19166,-8.00e-03,3.12e+01,
19167,-8.00e-03,3.12e+01,
19168,-8.00e-03,3.20e+01,
19169,-8.00e-03,3.12e+01,
19170,-8.00e-03,3.20e+01,
19171,-8.00e-03,3.12e+01,
19172,-8.00e-03,3.12e+01,
19173,-8.00e-03,3.12e+01,
19174,-8.00e-03,3.12e+01,
19175,-8.00e-03,3.12e+01,
19176,-8.00e-03,3.12e+01,
19177,-8.00e-03,3.12e+01,
19178,-8.00e-03,3.12e+01,
19179,-8.00e-03,3.12e+01,
19180,-8.00e-03,3.12e+01,
19181,-8.00e-03,3.12e+01,
19182,-8.00e-03,3.12e+01,
19183,-8.00e-03,3.12e+01,
19184,-8.00e-03,3.12e+01,
19185,-8.00e-03,3.12e+01,
19186,-8.00e-03,3.12e+01,
19187,-8.00e-03,3.12e+01,
19188,-8.00e-03,3.12e+01,
19189,-1.60e-02,3.12e+01,
19190,-8.00e-03,3.12e+01,
19191,-8.00e-03,3.12e+01,
19192,-8.00e-03,3.12e+01,
19193,-1.60e-02,3.12e+01,
19194,-8.00e-03,3.12e+01,
19195,-8.00e-03,3.12e+01,
19196,-8.00e-03,3.04e+01,
19197,-8.00e-03,3.04e+01,
19198,-8.00e-03,3.12e+01,
19199,-8.00e-03,3.04e+01,
19200,-8.00e-03,3.04e+01,
19201,-8.00e-03,3.04e+01,
19202,-8.00e-03,3.04e+01,
19203,-8.00e-03,3.04e+01,
19204,-8.00e-03,3.04e+01,
19205,-8.00e-03,3.04e+01,
19206,-8.00e-03,3.04e+01,
19207,-8.00e-03,3.04e+01,
19208,-8.00e-03,3.04e+01,
19209,-8.00e-03,3.04e+01,
19210,-8.00e-03,3.04e+01,
19211,-8.00e-03,3.04e+01,
19212,-8.00e-03,3.04e+01,
19213,-8.00e-03,3.04e+01,
19214,-8.00e-03,3.04e+01,
19215,-8.00e-03,3.04e+01,
19216,-8.00e-03,2.96e+01,
19217,-8.00e-03,2.96e+01,
19218,-8.00e-03,2.96e+01,
19219,-8.00e-03,2.96e+01,
19220,-8.00e-03,2.96e+01,
19221,-8.00e-03,2.96e+01,
19222,-8.00e-03,2.96e+01,
19223,-8.00e-03,2.96e+01,
19224,-8.00e-03,2.96e+01,
19225,-8.00e-03,2.96e+01,
19226,-8.00e-03,2.96e+01,
19227,-8.00e-03,2.96e+01,
19228,-8.00e-03,2.96e+01,
19229,-8.00e-03,2.88e+01,
19230,-8.00e-03,2.96e+01,
19231,-8.00e-03,2.96e+01,
19232,-8.00e-03,2.88e+01,
19233,-1.60e-02,2.88e+01,
19234,-8.00e-03,2.88e+01,
19235,-8.00e-03,2.88e+01,
19236,-8.00e-03,2.88e+01,
19237,-1.60e-02,2.88e+01,
19238,-8.00e-03,2.88e+01,
19239,-8.00e-03,2.88e+01,
19240,-8.00e-03,2.88e+01,
19241,-8.00e-03,2.80e+01,
19242,-8.00e-03,2.88e+01,
19243,-8.00e-03,2.80e+01,
19244,-8.00e-03,2.80e+01,
19245,-8.00e-03,2.80e+01,
19246,-8.00e-03,2.80e+01,
19247,-8.00e-03,2.80e+01,
19248,-8.00e-03,2.80e+01,
19249,-8.00e-03,2.80e+01,
19250,-8.00e-03,2.80e+01,
19251,-8.00e-03,2.80e+01,
19252,-8.00e-03,2.80e+01,
19253,-8.00e-03,2.80e+01,
19254,-8.00e-03,2.80e+01,
19255,-8.00e-03,2.72e+01,
19256,-8.00e-03,2.72e+01,
19257,-8.00e-03,2.72e+01,
19258,-8.00e-03,2.72e+01,
19259,-8.00e-03,2.72e+01,
19260,-8.00e-03,2.72e+01,
19261,-8.00e-03,2.72e+01,
19262,-8.00e-03,2.72e+01,
19263,-8.00e-03,2.72e+01,
19264,-8.00e-03,2.72e+01,
19265,-8.00e-03,2.64e+01,
19266,-8.00e-03,2.72e+01,
19267,-8.00e-03,2.64e+01,
19268,-8.00e-03,2.64e+01,
19269,-8.00e-03,2.64e+01,
19270,-8.00e-03,2.64e+01,
19271,-8.00e-03,2.64e+01,
19272,-8.00e-03,2.64e+01,
19273,-1.60e-02,2.64e+01,
19274,-8.00e-03,2.64e+01,
19275,-1.60e-02,2.64e+01,
19276,-8.00e-03,2.56e+01,
19277,-8.00e-03,2.56e+01,
19278,-8.00e-03,2.64e+01,
19279,-8.00e-03,2.56e+01,
19280,-8.00e-03,2.56e+01,
19281,-1.60e-02,2.56e+01,
19282,-8.00e-03,2.56e+01,
19283,-8.00e-03,2.56e+01,
19284,-8.00e-03,2.56e+01,
19285,-8.00e-03,2.56e+01,
19286,-8.00e-03,2.56e+01,
19287,-8.00e-03,2.56e+01,
19288,-8.00e-03,2.40e+01,
19289,-8.00e-03,2.40e+01,
19290,-8.00e-03,2.40e+01,
19291,-8.00e-03,2.40e+01,
19292,-8.00e-03,2.40e+01,
19293,-1.60e-02,2.40e+01,
19294,-8.00e-03,2.40e+01,
19295,-8.00e-03,2.40e+01,
19296,-8.00e-03,2.32e+01,
19297,-8.00e-03,2.32e+01,
19298,-8.00e-03,2.40e+01,
19299,-8.00e-03,2.32e+01,
19300,-8.00e-03,2.32e+01,
19301,-1.60e-02,2.32e+01,
19302,-8.00e-03,2.32e+01,
19303,-8.00e-03,2.32e+01,
19304,-8.00e-03,2.32e+01,
19305,-8.00e-03,2.32e+01,
19306,-8.00e-03,2.32e+01,
19307,-8.00e-03,2.32e+01,
19308,-8.00e-03,2.24e+01,
19309,-1.60e-02,2.24e+01,
19310,-8.00e-03,2.24e+01,
19311,-8.00e-03,2.24e+01,
19312,-8.00e-03,2.24e+01,
19313,-1.60e-02,2.24e+01,
19314,-8.00e-03,2.24e+01,
19315,-8.00e-03,2.24e+01,
19316,-8.00e-03,2.24e+01,
19317,-1.60e-02,2.16e+01,
19318,-8.00e-03,2.16e+01,
19319,-8.00e-03,2.16e+01,
19320,-8.00e-03,2.16e+01,
19321,-8.00e-03,2.16e+01,
19322,-8.00e-03,2.16e+01,
19323,-8.00e-03,2.16e+01,
19324,-8.00e-03,2.16e+01,
19325,-8.00e-03,2.16e+01,
19326,-8.00e-03,2.16e+01,
19327,-8.00e-03,2.16e+01,
19328,-8.00e-03,2.08e+01,
19329,-1.60e-02,2.08e+01,
19330,-8.00e-03,2.16e+01,
19331,-8.00e-03,2.08e+01,
19332,-8.00e-03,2.08e+01,
19333,-1.60e-02,2.08e+01,
19334,-8.00e-03,2.08e+01,
19335,-8.00e-03,2.08e+01,
19336,-8.00e-03,2.00e+01,
19337,-1.60e-02,2.08e+01,
19338,-8.00e-03,2.08e+01,
19339,-8.00e-03,2.00e+01,
19340,-8.00e-03,2.00e+01,
19341,-8.00e-03,2.00e+01,
19342,-8.00e-03,2.00e+01,
19343,-8.00e-03,2.00e+01,
19344,-8.00e-03,2.00e+01,
19345,-1.60e-02,2.00e+01,
19346,-8.00e-03,2.00e+01,
19347,-8.00e-03,2.00e+01,
19348,-8.00e-03,1.92e+01,
19349,-8.00e-03,1.92e+01,
19350,-8.00e-03,2.00e+01,
19351,-8.00e-03,1.92e+01,
19352,-8.00e-03,1.92e+01,
19353,-1.60e-02,1.92e+01,
19354,-8.00e-03,1.92e+01,
19355,-8.00e-03,1.92e+01,
19356,-8.00e-03,1.92e+01,
19357,-8.00e-03,1.92e+01,
19358,-8.00e-03,1.92e+01,
19359,-8.00e-03,1.92e+01,
19360,-8.00e-03,1.84e+01,
19361,-8.00e-03,1.84e+01,
19362,-8.00e-03,1.92e+01,
19363,-8.00e-03,1.84e+01,
19364,-8.00e-03,1.84e+01,
19365,-1.60e-02,1.84e+01,
19366,-8.00e-03,1.84e+01,
19367,-8.00e-03,1.84e+01,
19368,-8.00e-03,1.84e+01,
19369,-1.60e-02,1.76e+01,
19370,-8.00e-03,1.84e+01,
19371,-8.00e-03,1.76e+01,
19372,-8.00e-03,1.76e+01,
19373,-8.00e-03,1.84e+01,
19374,-8.00e-03,1.76e+01,
19375,-8.00e-03,1.76e+01,
19376,-8.00e-03,1.76e+01,
19377,-8.00e-03,1.76e+01,
19378,-8.00e-03,1.76e+01,
19379,-8.00e-03,1.76e+01,
19380,-8.00e-03,1.76e+01,
19381,-1.60e-02,1.68e+01,
19382,-8.00e-03,1.76e+01,
19383,-8.00e-03,1.68e+01,
19384,-8.00e-03,1.68e+01,
19385,-1.60e-02,1.68e+01,
19386,-8.00e-03,1.68e+01,
19387,-8.00e-03,1.68e+01,
19388,-8.00e-03,1.68e+01,
19389,-8.00e-03,1.68e+01,
19390,-8.00e-03,1.68e+01,
19391,-8.00e-03,1.68e+01,
19392,-8.00e-03,1.68e+01,
19393,-1.60e-02,1.60e+01,
19394,-8.00e-03,1.68e+01,
19395,-8.00e-03,1.60e+01,
19396,-8.00e-03,1.60e+01,
19397,-1.60e-02,1.60e+01,
19398,-8.00e-03,1.60e+01,
19399,-8.00e-03,1.60e+01,
19400,-8.00e-03,1.60e+01,
19401,-8.00e-03,1.60e+01,
19402,-8.00e-03,1.60e+01,
19403,-8.00e-03,1.60e+01,
19404,-8.00e-03,1.60e+01,
19405,-1.60e-02,1.60e+01,
19406,-8.00e-03,1.60e+01,
19407,-8.00e-03,1.60e+01,
19408,-8.00e-03,1.52e+01,
19409,-1.60e-02,1.52e+01,
19410,-8.00e-03,1.60e+01,
19411,-8.00e-03,1.52e+01,
19412,-8.00e-03,1.52e+01,
19413,-1.60e-02,1.52e+01,
19414,-8.00e-03,1.52e+01,
19415,-8.00e-03,1.52e+01,
19416,-8.00e-03,1.52e+01,
19417,-1.60e-02,1.52e+01,
19418,-8.00e-03,1.52e+01,
19419,-8.00e-03,1.52e+01,
19420,-8.00e-03,1.44e+01,
19421,-1.60e-02,1.44e+01,
19422,-8.00e-03,1.52e+01,
19423,-8.00e-03,1.44e+01,
19424,-8.00e-03,1.44e+01,
19425,-8.00e-03,1.44e+01,
19426,-8.00e-03,1.44e+01,
19427,-8.00e-03,1.44e+01,
19428,-8.00e-03,1.44e+01,
19429,-1.60e-02,1.44e+01,
19430,-8.00e-03,1.44e+01,
19431,-8.00e-03,1.44e+01,
19432,-8.00e-03,1.28e+01,
19433,-8.00e-03,1.44e+01,
19434,-8.00e-03,1.44e+01,
19435,-8.00e-03,1.28e+01,
19436,-8.00e-03,1.28e+01,
19437,-8.00e-03,1.28e+01,
19438,-8.00e-03,1.28e+01,
19439,-8.00e-03,1.28e+01,
19440,-8.00e-03,1.28e+01,
19441,-1.60e-02,1.28e+01,
19442,-8.00e-03,1.28e+01,
19443,-8.00e-03,1.28e+01,
19444,-8.00e-03,1.28e+01,
19445,-8.00e-03,1.28e+01,
19446,-8.00e-03,1.28e+01,
19447,-8.00e-03,1.28e+01,
19448,-8.00e-03,1.20e+01,
19449,-8.00e-03,1.20e+01,
19450,-8.00e-03,1.28e+01,
19451,-8.00e-03,1.20e+01,
19452,-8.00e-03,1.20e+01,
19453,-1.60e-02,1.20e+01,
19454,-8.00e-03,1.20e+01,
19455,-8.00e-03,1.20e+01,
19456,-8.00e-03,1.20e+01,
19457,-1.60e-02,1.20e+01,
19458,-8.00e-03,1.20e+01,
19459,-8.00e-03,1.20e+01,
19460,-8.00e-03,1.20e+01,
19461,-8.00e-03,1.20e+01,
19462,-8.00e-03,1.20e+01,
19463,-8.00e-03,1.20e+01,
19464,-8.00e-03,1.12e+01,
19465,-8.00e-03,1.20e+01,
19466,-8.00e-03,1.20e+01,
19467,-8.00e-03,1.20e+01,
19468,-8.00e-03,1.12e+01,
19469,-1.60e-02,1.12e+01,
19470,-8.00e-03,1.20e+01,
19471,-8.00e-03,1.12e+01,
19472,-8.00e-03,1.12e+01,
19473,-8.00e-03,1.12e+01,
19474,-8.00e-03,1.12e+01,
19475,-8.00e-03,1.12e+01,
19476,-8.00e-03,1.12e+01,
19477,-8.00e-03,1.12e+01,
19478,-8.00e-03,1.12e+01,
19479,-8.00e-03,1.12e+01,
19480,-8.00e-03,1.12e+01,
19481,-8.00e-03,1.12e+01,
19482,-8.00e-03,1.12e+01,
19483,-8.00e-03,1.12e+01,
19484,-8.00e-03,1.12e+01,
19485,-8.00e-03,1.12e+01,
19486,-8.00e-03,1.12e+01,
19487,-8.00e-03,1.12e+01,
19488,-8.00e-03,1.04e+01,
19489,-1.60e-02,1.04e+01,
19490,-8.00e-03,1.12e+01,
19491,-8.00e-03,1.04e+01,
19492,-8.00e-03,1.04e+01,
19493,-8.00e-03,1.04e+01,
19494,-8.00e-03,1.04e+01,
19495,-8.00e-03,1.04e+01,
19496,-8.00e-03,1.04e+01,
19497,-8.00e-03,1.04e+01,
19498,-8.00e-03,1.04e+01,
19499,-8.00e-03,1.04e+01,
19500,-8.00e-03,1.04e+01,
19501,-8.00e-03,1.04e+01,
19502,-8.00e-03,1.04e+01,
19503,-8.00e-03,1.04e+01,
19504,-8.00e-03,1.04e+01,
19505,-8.00e-03,1.04e+01,
19506,-8.00e-03,1.04e+01,
19507,-8.00e-03,1.04e+01,
19508,-8.00e-03,9.60e+00,
19509,-8.00e-03,1.04e+01,
19510,-8.00e-03,1.04e+01,
19511,-8.00e-03,9.60e+00,
19512,-8.00e-03,1.04e+01,
19513,-8.00e-03,9.60e+00,
19514,-8.00e-03,1.04e+01,
19515,-8.00e-03,9.60e+00,
19516,-8.00e-03,9.60e+00,
19517,-8.00e-03,9.60e+00,
19518,-8.00e-03,1.04e+01,
19519,-8.00e-03,9.60e+00,
19520,-8.00e-03,9.60e+00,
19521,-8.00e-03,9.60e+00,
19522,-8.00e-03,1.04e+01,
19523,-8.00e-03,9.60e+00,
19524,-8.00e-03,9.60e+00,
19525,-8.00e-03,9.60e+00,
19526,-8.00e-03,9.60e+00,
19527,-8.00e-03,9.60e+00,
19528,-8.00e-03,9.60e+00,
19529,-8.00e-03,9.60e+00,
19530,-8.00e-03,9.60e+00,
19531,-8.00e-03,9.60e+00,
19532,-8.00e-03,9.60e+00,
19533,-8.00e-03,9.60e+00,
19534,-8.00e-03,9.60e+00,
19535,-8.00e-03,9.60e+00,
19536,-8.00e-03,9.60e+00,
19537,-8.00e-03,9.60e+00,
19538,-8.00e-03,9.60e+00,
19539,-8.00e-03,9.60e+00,
19540,-8.00e-03,9.60e+00,
19541,-8.00e-03,9.60e+00,
19542,-8.00e-03,9.60e+00,
19543,-8.00e-03,9.60e+00,
19544,-8.00e-03,8.80e+00,
19545,-8.00e-03,9.60e+00,
19546,-8.00e-03,9.60e+00,
19547,-8.00e-03,9.60e+00,
19548,-8.00e-03,8.80e+00,
19549,-8.00e-03,9.60e+00,
19550,-8.00e-03,9.60e+00,
19551,-8.00e-03,9.60e+00,
19552,-8.00e-03,8.80e+00,
19553,-8.00e-03,9.60e+00,
19554,-8.00e-03,9.60e+00,
19555,-8.00e-03,9.60e+00,
19556,-8.00e-03,8.80e+00,
19557,-8.00e-03,9.60e+00,
19558,-8.00e-03,9.60e+00,
19559,-8.00e-03,9.60e+00,
19560,-8.00e-03,8.80e+00,
19561,-8.00e-03,8.80e+00,
19562,-8.00e-03,9.60e+00,
19563,-8.00e-03,9.60e+00,
19564,-8.00e-03,8.80e+00,
19565,-8.00e-03,8.80e+00,
19566,-8.00e-03,9.60e+00,
19567,-8.00e-03,8.80e+00,
19568,-8.00e-03,9.60e+00,
19569,-8.00e-03,8.80e+00,
19570,-8.00e-03,9.60e+00,
19571,-8.00e-03,8.80e+00,
19572,-8.00e-03,8.80e+00,
19573,-8.00e-03,9.60e+00,
19574,-8.00e-03,8.80e+00,
19575,-8.00e-03,9.60e+00,
19576,-8.00e-03,8.80e+00,
19577,-8.00e-03,8.80e+00,
19578,-8.00e-03,9.60e+00,
19579,-8.00e-03,8.80e+00,
19580,-8.00e-03,8.80e+00,
19581,-8.00e-03,8.80e+00,
19582,-8.00e-03,9.60e+00,
19583,-8.00e-03,9.60e+00,
19584,-8.00e-03,8.80e+00,
19585,-8.00e-03,8.80e+00,
19586,-8.00e-03,9.60e+00,
19587,-8.00e-03,9.60e+00,
19588,-8.00e-03,8.80e+00,
19589,-8.00e-03,8.80e+00,
19590,-8.00e-03,9.60e+00,
19591,-8.00e-03,8.80e+00,
19592,-8.00e-03,8.80e+00,
19593,-8.00e-03,8.80e+00,
19594,-8.00e-03,9.60e+00,
19595,-8.00e-03,9.60e+00,
19596,-8.00e-03,8.80e+00,
19597,-8.00e-03,9.60e+00,
19598,-8.00e-03,9.60e+00,
19599,-8.00e-03,9.60e+00,
19600,-8.00e-03,8.80e+00,
19601,-8.00e-03,8.80e+00,
19602,-8.00e-03,9.60e+00,
19603,-8.00e-03,9.60e+00,
19604,-8.00e-03,8.80e+00,
19605,-8.00e-03,9.60e+00,
19606,-8.00e-03,9.60e+00,
19607,-8.00e-03,9.60e+00,
19608,-8.00e-03,8.80e+00,
19609,-8.00e-03,9.60e+00,
19610,-8.00e-03,9.60e+00,
19611,-8.00e-03,9.60e+00,
19612,-8.00e-03,9.60e+00,
19613,-8.00e-03,9.60e+00,
19614,-8.00e-03,9.60e+00,
19615,-8.00e-03,9.60e+00,
19616,-8.00e-03,9.60e+00,
19617,-8.00e-03,9.60e+00,
19618,-8.00e-03,9.60e+00,
19619,-8.00e-03,9.60e+00,
19620,-8.00e-03,9.60e+00,
19621,-8.00e-03,9.60e+00,
19622,-8.00e-03,9.60e+00,
19623,-8.00e-03,9.60e+00,
19624,-8.00e-03,9.60e+00,
19625,-8.00e-03,9.60e+00,
19626,-8.00e-03,9.60e+00,
19627,-8.00e-03,9.60e+00,
19628,-8.00e-03,9.60e+00,
19629,-8.00e-03,9.60e+00,
19630,-8.00e-03,9.60e+00,
19631,-8.00e-03,9.60e+00,
19632,-8.00e-03,9.60e+00,
19633,-8.00e-03,9.60e+00,
19634,-8.00e-03,1.04e+01,
19635,-8.00e-03,9.60e+00,
19636,-8.00e-03,9.60e+00,
19637,-8.00e-03,9.60e+00,
19638,-8.00e-03,9.60e+00,
19639,-8.00e-03,9.60e+00,
19640,-8.00e-03,9.60e+00,
19641,-8.00e-03,9.60e+00,
19642,-8.00e-03,1.04e+01,
19643,-8.00e-03,9.60e+00,
19644,-8.00e-03,9.60e+00,
19645,-8.00e-03,1.04e+01,
19646,-8.00e-03,1.04e+01,
19647,-8.00e-03,1.04e+01,
19648,-8.00e-03,9.60e+00,
19649,-8.00e-03,1.04e+01,
19650,-8.00e-03,1.04e+01,
19651,-8.00e-03,1.04e+01,
19652,-8.00e-03,1.04e+01,
19653,-8.00e-03,1.04e+01,
19654,-8.00e-03,1.04e+01,
19655,-8.00e-03,1.04e+01,
19656,-8.00e-03,1.04e+01,
19657,-8.00e-03,1.04e+01,
19658,-8.00e-03,1.04e+01,
19659,-8.00e-03,1.04e+01,
19660,-8.00e-03,1.04e+01,
19661,-8.00e-03,1.04e+01,
19662,-8.00e-03,1.04e+01,
19663,-8.00e-03,1.04e+01,
19664,-8.00e-03,1.04e+01,
19665,-8.00e-03,1.04e+01,
19666,-8.00e-03,1.04e+01,
19667,-8.00e-03,1.12e+01,
19668,-8.00e-03,1.04e+01,
19669,-8.00e-03,1.04e+01,
19670,-8.00e-03,1.12e+01,
19671,-8.00e-03,1.12e+01,
19672,-8.00e-03,1.12e+01,
19673,-8.00e-03,1.12e+01,
19674,-8.00e-03,1.12e+01,
19675,-8.00e-03,1.12e+01,
19676,-8.00e-03,1.04e+01,
19677,-8.00e-03,1.12e+01,
19678,-8.00e-03,1.12e+01,
19679,-8.00e-03,1.12e+01,
19680,-8.00e-03,1.12e+01,
19681,-8.00e-03,1.12e+01,
19682,-8.00e-03,1.12e+01,
19683,-8.00e-03,1.12e+01,
19684,-8.00e-03,1.12e+01,
19685,-8.00e-03,1.12e+01,
19686,-8.00e-03,1.20e+01,
19687,-8.00e-03,1.20e+01,
19688,-8.00e-03,1.12e+01,
19689,-8.00e-03,1.12e+01,
19690,-8.00e-03,1.20e+01,
19691,-8.00e-03,1.20e+01,
19692,-8.00e-03,1.12e+01,
19693,-8.00e-03,1.20e+01,
19694,-8.00e-03,1.20e+01,
19695,-8.00e-03,1.20e+01,
19696,-8.00e-03,1.20e+01,
19697,-8.00e-03,1.20e+01,
19698,-8.00e-03,1.20e+01,
19699,-8.00e-03,1.20e+01,
19700,-8.00e-03,1.20e+01,
19701,-8.00e-03,1.20e+01,
19702,-8.00e-03,1.20e+01,
19703,-8.00e-03,1.20e+01,
19704,-8.00e-03,1.20e+01,
19705,-8.00e-03,1.20e+01,
19706,-8.00e-03,1.28e+01,
19707,-8.00e-03,1.28e+01,
19708,-8.00e-03,1.20e+01,
19709,-8.00e-03,1.20e+01,
19710,-8.00e-03,1.28e+01,
19711,-8.00e-03,1.28e+01,
19712,-8.00e-03,1.28e+01,
19713,-8.00e-03,1.28e+01,
19714,-8.00e-03,1.28e+01,
19715,-8.00e-03,1.28e+01,
19716,-8.00e-03,1.28e+01,
19717,-8.00e-03,1.28e+01,
19718,-8.00e-03,1.28e+01,
19719,-8.00e-03,1.28e+01,
19720,-8.00e-03,1.28e+01,
19721,-8.00e-03,1.28e+01,
19722,-8.00e-03,1.44e+01,
19723,-8.00e-03,1.28e+01,
19724,-8.00e-03,1.28e+01,
19725,-8.00e-03,1.44e+01,
19726,-8.00e-03,1.44e+01,
19727,-8.00e-03,1.44e+01,
19728,-8.00e-03,1.28e+01,
19729,-8.00e-03,1.44e+01,
19730,-8.00e-03,1.44e+01,
19731,-8.00e-03,1.44e+01,
19732,-8.00e-03,1.44e+01,
19733,-8.00e-03,1.44e+01,
19734,-8.00e-03,1.44e+01,
19735,-8.00e-03,1.44e+01,
19736,-8.00e-03,1.44e+01,
19737,-8.00e-03,1.44e+01,
19738,-8.00e-03,1.52e+01,
19739,-8.00e-03,1.52e+01,
19740,-8.00e-03,1.44e+01,
19741,-8.00e-03,1.52e+01,
19742,-8.00e-03,1.52e+01,
19743,-8.00e-03,1.52e+01,
19744,-8.00e-03,1.52e+01,
19745,-8.00e-03,1.52e+01,
19746,-8.00e-03,1.52e+01,
19747,-8.00e-03,1.52e+01,
19748,-8.00e-03,1.52e+01,
19749,-8.00e-03,1.52e+01,
19750,-8.00e-03,1.60e+01,
19751,-8.00e-03,1.52e+01,
19752,-8.00e-03,1.52e+01,
19753,-8.00e-03,1.52e+01,
19754,-8.00e-03,1.60e+01,
19755,-8.00e-03,1.60e+01,
19756,-8.00e-03,1.60e+01,
19757,-8.00e-03,1.60e+01,
19758,-8.00e-03,1.60e+01,
19759,-8.00e-03,1.60e+01,
19760,-8.00e-03,1.60e+01,
19761,-8.00e-03,1.60e+01,
19762,-8.00e-03,1.68e+01,
19763,-8.00e-03,1.60e+01,
19764,-8.00e-03,1.60e+01,
19765,-8.00e-03,1.60e+01,
19766,-8.00e-03,1.60e+01,
19767,-8.00e-03,1.60e+01,
19768,-8.00e-03,1.68e+01,
19769,-8.00e-03,1.60e+01,
19770,-8.00e-03,1.68e+01,
19771,-8.00e-03,1.68e+01,
19772,-8.00e-03,1.68e+01,
19773,-8.00e-03,1.68e+01,
19774,-8.00e-03,1.68e+01,
19775,-8.00e-03,1.68e+01,
19776,-8.00e-03,1.68e+01,
19777,-8.00e-03,1.68e+01,
19778,-8.00e-03,1.68e+01,
19779,-8.00e-03,1.68e+01,
19780,-8.00e-03,1.68e+01,
19781,-8.00e-03,1.68e+01,
19782,-8.00e-03,1.76e+01,
19783,-8.00e-03,1.76e+01,
19784,-8.00e-03,1.76e+01,
19785,-8.00e-03,1.76e+01,
19786,-8.00e-03,1.76e+01,
19787,-8.00e-03,1.76e+01,
19788,-8.00e-03,1.76e+01,
19789,-8.00e-03,1.76e+01,
19790,-8.00e-03,1.76e+01,
19791,-8.00e-03,1.76e+01,
19792,-8.00e-03,1.76e+01,
19793,-8.00e-03,1.76e+01,
19794,-8.00e-03,1.84e+01,
19795,-8.00e-03,1.76e+01,
19796,-8.00e-03,1.76e+01,
19797,-8.00e-03,1.84e+01,
19798,-8.00e-03,1.84e+01,
19799,-8.00e-03,1.84e+01,
19800,-8.00e-03,1.84e+01,
19801,-8.00e-03,1.84e+01,
19802,-8.00e-03,1.84e+01,
19803,-8.00e-03,1.84e+01,
19804,-8.00e-03,1.84e+01,
19805,-8.00e-03,1.84e+01,
19806,-8.00e-03,1.84e+01,
19807,-8.00e-03,1.84e+01,
19808,-8.00e-03,1.84e+01,
19809,-8.00e-03,1.84e+01,
19810,-8.00e-03,1.92e+01,
19811,-8.00e-03,1.84e+01,
19812,-8.00e-03,1.84e+01,
19813,-8.00e-03,1.92e+01,
19814,-8.00e-03,1.92e+01,
19815,-8.00e-03,1.92e+01,
19816,-8.00e-03,1.92e+01,
19817,-8.00e-03,1.92e+01,
19818,-8.00e-03,1.92e+01,
19819,-8.00e-03,1.92e+01,
19820,-8.00e-03,1.92e+01,
19821,-8.00e-03,1.92e+01,
19822,-8.00e-03,2.00e+01,
19823,-8.00e-03,1.92e+01,
19824,-8.00e-03,1.92e+01,
19825,-8.00e-03,1.92e+01,
19826,-8.00e-03,2.00e+01,
19827,-8.00e-03,2.00e+01,
19828,-8.00e-03,2.00e+01,
19829,-8.00e-03,2.00e+01,
19830,-8.00e-03,2.00e+01,
19831,-8.00e-03,2.00e+01,
19832,-8.00e-03,2.00e+01,
19833,-8.00e-03,2.00e+01,
19834,-8.00e-03,2.00e+01,
19835,-8.00e-03,2.00e+01,
19836,-8.00e-03,2.00e+01,
19837,-8.00e-03,2.00e+01,
19838,-8.00e-03,2.00e+01,
19839,-8.00e-03,2.00e+01,
19840,-8.00e-03,2.00e+01,
19841,-8.00e-03,2.00e+01,
19842,-8.00e-03,2.08e+01,
19843,-8.00e-03,2.08e+01,
19844,-8.00e-03,2.08e+01,
19845,-8.00e-03,2.08e+01,
19846,-8.00e-03,2.08e+01,
19847,-8.00e-03,2.08e+01,
19848,-8.00e-03,2.08e+01,
19849,-8.00e-03,2.08e+01,
19850,-8.00e-03,2.08e+01,
19851,-8.00e-03,2.08e+01,
19852,-8.00e-03,2.08e+01,
19853,-8.00e-03,2.08e+01,
19854,-8.00e-03,2.08e+01,
19855,-8.00e-03,2.08e+01,
19856,-8.00e-03,2.08e+01,
19857,-1.60e-02,2.08e+01,
19858,-8.00e-03,2.16e+01,
19859,-8.00e-03,2.16e+01,
19860,-8.00e-03,2.08e+01,
19861,-8.00e-03,2.16e+01,
19862,-8.00e-03,2.16e+01,
19863,-8.00e-03,2.16e+01,
19864,-8.00e-03,2.16e+01,
19865,-8.00e-03,2.16e+01,
19866,-8.00e-03,2.16e+01,
19867,-8.00e-03,2.16e+01,
19868,-8.00e-03,2.16e+01,
19869,-8.00e-03,2.16e+01,
19870,-8.00e-03,2.16e+01,
19871,-8.00e-03,2.16e+01,
19872,-8.00e-03,2.16e+01,
19873,-8.00e-03,2.16e+01,
19874,-8.00e-03,2.24e+01,
19875,-8.00e-03,2.16e+01,
19876,-8.00e-03,2.16e+01,
19877,-8.00e-03,2.24e+01,
19878,-8.00e-03,2.24e+01,
19879,-8.00e-03,2.24e+01,
19880,-8.00e-03,2.16e+01,
19881,-8.00e-03,2.24e+01,
19882,-8.00e-03,2.24e+01,
19883,-8.00e-03,2.24e+01,
19884,-8.00e-03,2.24e+01,
19885,-8.00e-03,2.24e+01,
19886,-8.00e-03,2.24e+01,
19887,-8.00e-03,2.24e+01,
19888,-8.00e-03,2.24e+01,
19889,-8.00e-03,2.24e+01,
19890,-8.00e-03,2.24e+01,
19891,-8.00e-03,2.24e+01,
19892,-8.00e-03,2.24e+01,
19893,-8.00e-03,2.24e+01,
19894,-8.00e-03,2.32e+01,
19895,-8.00e-03,2.24e+01,
19896,-8.00e-03,2.24e+01,
19897,-1.60e-02,2.24e+01,
19898,-8.00e-03,2.32e+01,
19899,-8.00e-03,2.32e+01,
19900,-8.00e-03,2.24e+01,
19901,-8.00e-03,2.32e+01,
19902,-8.00e-03,2.32e+01,
19903,-8.00e-03,2.32e+01,
19904,-8.00e-03,2.32e+01,
19905,-8.00e-03,2.32e+01,
19906,-8.00e-03,2.32e+01,
19907,-8.00e-03,2.32e+01,
19908,-8.00e-03,2.32e+01,
19909,-8.00e-03,2.32e+01,
19910,-8.00e-03,2.32e+01,
19911,-8.00e-03,2.32e+01,
19912,-8.00e-03,2.32e+01,
19913,-8.00e-03,2.32e+01,
19914,-8.00e-03,2.32e+01,
19915,-8.00e-03,2.32e+01,
19916,-8.00e-03,2.32e+01,
19917,-8.00e-03,2.32e+01,
19918,-8.00e-03,2.32e+01,
19919,-8.00e-03,2.32e+01,
19920,-8.00e-03,2.32e+01,
19921,-8.00e-03,2.32e+01,
19922,-8.00e-03,2.40e+01,
19923,-8.00e-03,2.32e+01,
19924,-8.00e-03,2.32e+01,
19925,-8.00e-03,2.32e+01,
19926,-8.00e-03,2.40e+01,
19927,-8.00e-03,2.40e+01,
19928,-8.00e-03,2.32e+01,
19929,-8.00e-03,2.40e+01,
19930,-8.00e-03,2.40e+01,
19931,-8.00e-03,2.40e+01,
19932,-8.00e-03,2.32e+01,
19933,-8.00e-03,2.40e+01,
19934,-8.00e-03,2.40e+01,
19935,-8.00e-03,2.40e+01,
19936,-8.00e-03,2.40e+01,
19937,-8.00e-03,2.40e+01,
19938,-8.00e-03,2.40e+01,
19939,-8.00e-03,2.40e+01,
19940,-8.00e-03,2.40e+01,
19941,-8.00e-03,2.40e+01,
19942,-8.00e-03,2.40e+01,
19943,-8.00e-03,2.40e+01,
19944,-8.00e-03,2.40e+01,
19945,-8.00e-03,2.40e+01,
19946,-8.00e-03,2.40e+01,
19947,-8.00e-03,2.40e+01,
19948,-8.00e-03,2.40e+01,
19949,-8.00e-03,2.40e+01,
19950,-8.00e-03,2.40e+01,
19951,-8.00e-03,2.40e+01,
19952,-8.00e-03,2.40e+01,
19953,-1.60e-02,2.40e+01,
19954,-8.00e-03,2.40e+01,
19955,-8.00e-03,2.40e+01,
19956,-8.00e-03,2.40e+01,
19957,-8.00e-03,2.40e+01,
19958,-8.00e-03,2.40e+01,
19959,-8.00e-03,2.40e+01,
19960,-8.00e-03,2.40e+01,
19961,-8.00e-03,2.40e+01,
19962,-8.00e-03,2.56e+01,
19963,-8.00e-03,2.40e+01,
19964,-8.00e-03,2.40e+01,
19965,-8.00e-03,2.40e+01,
19966,-8.00e-03,2.40e+01,
19967,-8.00e-03,2.40e+01,
19968,-8.00e-03,2.40e+01,
19969,-8.00e-03,2.40e+01,
19970,-8.00e-03,2.56e+01,
19971,-8.00e-03,2.40e+01,
19972,-8.00e-03,2.40e+01,
19973,-8.00e-03,2.56e+01,
19974,-8.00e-03,2.56e+01,
19975,-8.00e-03,2.56e+01,
19976,-8.00e-03,2.40e+01,
19977,-8.00e-03,2.40e+01,
19978,-8.00e-03,2.56e+01,
19979,-8.00e-03,2.40e+01,
19980,-8.00e-03,2.40e+01,
19981,-1.60e-02,2.56e+01,
19982,-1.60e-02,2.56e+01,
19983,-8.00e-03,2.56e+01,
19984,-8.00e-03,2.40e+01,
19985,-8.00e-03,2.56e+01,
19986,-8.00e-03,2.56e+01,
19987,-8.00e-03,2.56e+01,
19988,-8.00e-03,2.40e+01,
19989,-1.60e-02,2.40e+01,
19990,-8.00e-03,2.56e+01,
19991,-8.00e-03,2.40e+01,
19992,-8.00e-03,2.40e+01,
19993,-1.60e-02,2.40e+01,
19994,-8.00e-03,2.56e+01,
19995,-8.00e-03,2.56e+01,
19996,-8.00e-03,2.40e+01,
19997,-8.00e-03,2.56e+01,
19998,-8.00e-03,2.56e+01,
19999,-8.00e-03,2.56e+01,
20000,-8.00e-03,2.40e+01,
20001,-1.60e-02,2.40e+01,
20002,-8.00e-03,2.56e+01,
20003,-8.00e-03,2.56e+01,
20004,-8.00e-03,2.40e+01,
20005,-8.00e-03,2.56e+01,
20006,-8.00e-03,2.56e+01,
20007,-8.00e-03,2.56e+01,
20008,-8.00e-03,2.40e+01,
20009,-8.00e-03,2.40e+01,
20010,-8.00e-03,2.56e+01,
20011,-8.00e-03,2.40e+01,
20012,-8.00e-03,2.40e+01,
20013,-8.00e-03,2.40e+01,
20014,-8.00e-03,2.56e+01,
20015,-8.00e-03,2.56e+01,
20016,-8.00e-03,2.40e+01,
20017,-8.00e-03,2.40e+01,
20018,-8.00e-03,2.56e+01,
20019,-8.00e-03,2.40e+01,
20020,-8.00e-03,2.40e+01,
20021,-8.00e-03,2.40e+01,
20022,-8.00e-03,2.56e+01,
20023,-8.00e-03,2.40e+01,
20024,-8.00e-03,2.40e+01,
20025,-8.00e-03,2.40e+01,
20026,-8.00e-03,2.56e+01,
20027,-8.00e-03,2.40e+01,
20028,-8.00e-03,2.40e+01,
20029,-1.60e-02,2.40e+01,
20030,-8.00e-03,2.40e+01,
20031,-8.00e-03,2.40e+01,
20032,-8.00e-03,2.40e+01,
20033,-1.60e-02,2.40e+01,
20034,-8.00e-03,2.40e+01,
20035,-8.00e-03,2.40e+01,
20036,-8.00e-03,2.40e+01,
20037,-1.60e-02,2.40e+01,
20038,-8.00e-03,2.40e+01,
20039,-8.00e-03,2.40e+01,
20040,-8.00e-03,2.40e+01,
20041,-1.60e-02,2.40e+01,
20042,-8.00e-03,2.40e+01,
20043,-8.00e-03,2.40e+01,
20044,-8.00e-03,2.40e+01,
20045,-1.60e-02,2.40e+01,
20046,-8.00e-03,2.40e+01,
20047,-8.00e-03,2.40e+01,
20048,-8.00e-03,2.40e+01,
20049,-1.60e-02,2.40e+01,
20050,-8.00e-03,2.40e+01,
20051,-8.00e-03,2.40e+01,
20052,-8.00e-03,2.40e+01,
20053,-1.60e-02,2.40e+01,
20054,-8.00e-03,2.40e+01,
20055,-8.00e-03,2.40e+01,
20056,-1.60e-02,2.32e+01,
20057,-1.60e-02,2.40e+01,
20058,-8.00e-03,2.40e+01,
20059,-8.00e-03,2.40e+01,
20060,-8.00e-03,2.32e+01,
20061,-8.00e-03,2.40e+01,
20062,-8.00e-03,2.40e+01,
20063,-8.00e-03,2.32e+01,
20064,-8.00e-03,2.32e+01,
20065,-1.60e-02,2.32e+01,
20066,-8.00e-03,2.40e+01,
20067,-8.00e-03,2.32e+01,
20068,-8.00e-03,2.32e+01,
20069,-8.00e-03,2.32e+01,
20070,-8.00e-03,2.40e+01,
20071,-8.00e-03,2.32e+01,
20072,-8.00e-03,2.32e+01,
20073,-1.60e-02,2.32e+01,
20074,-8.00e-03,2.32e+01,
20075,-8.00e-03,2.32e+01,
20076,-8.00e-03,2.32e+01,
20077,-1.60e-02,2.32e+01,
20078,-8.00e-03,2.32e+01,
20079,-8.00e-03,2.32e+01,
20080,-8.00e-03,2.32e+01,
20081,-8.00e-03,2.32e+01,
20082,-8.00e-03,2.32e+01,
20083,-8.00e-03,2.32e+01,
20084,-8.00e-03,2.32e+01,
20085,-1.60e-02,2.32e+01,
20086,-8.00e-03,2.32e+01,
20087,-8.00e-03,2.32e+01,
20088,-8.00e-03,2.24e+01,
20089,-1.60e-02,2.32e+01,
20090,-8.00e-03,2.32e+01,
20091,-8.00e-03,2.24e+01,
20092,-8.00e-03,2.24e+01,
20093,-1.60e-02,2.24e+01,
20094,-8.00e-03,2.32e+01,
20095,-8.00e-03,2.24e+01,
20096,-8.00e-03,2.24e+01,
20097,-1.60e-02,2.24e+01,
20098,-8.00e-03,2.24e+01,
20099,-8.00e-03,2.24e+01,
20100,-8.00e-03,2.24e+01,
20101,-1.60e-02,2.24e+01,
20102,-8.00e-03,2.24e+01,
20103,-8.00e-03,2.24e+01,
20104,-8.00e-03,2.24e+01,
20105,-1.60e-02,2.24e+01,
20106,-8.00e-03,2.24e+01,
20107,-8.00e-03,2.24e+01,
20108,-8.00e-03,2.24e+01,
20109,-8.00e-03,2.24e+01,
20110,-8.00e-03,2.24e+01,
20111,-8.00e-03,2.24e+01,
20112,-8.00e-03,2.24e+01,
20113,-1.60e-02,2.24e+01,
20114,-8.00e-03,2.24e+01,
20115,-8.00e-03,2.24e+01,
20116,-8.00e-03,2.16e+01,
20117,-8.00e-03,2.16e+01,
20118,-8.00e-03,2.24e+01,
20119,-8.00e-03,2.16e+01,
20120,-8.00e-03,2.16e+01,
20121,-1.60e-02,2.16e+01,
20122,-8.00e-03,2.16e+01,
20123,-8.00e-03,2.16e+01,
20124,-8.00e-03,2.16e+01,
20125,-8.00e-03,2.16e+01,
20126,-8.00e-03,2.16e+01,
20127,-8.00e-03,2.16e+01,
20128,-8.00e-03,2.16e+01,
20129,-1.60e-02,2.16e+01,
20130,-8.00e-03,2.16e+01,
20131,-8.00e-03,2.16e+01,
20132,-8.00e-03,2.16e+01,
20133,-8.00e-03,2.16e+01,
20134,-8.00e-03,2.16e+01,
20135,-8.00e-03,2.16e+01,
20136,-1.60e-02,2.08e+01,
20137,-1.60e-02,2.16e+01,
20138,-8.00e-03,2.16e+01,
20139,-8.00e-03,2.08e+01,
20140,-8.00e-03,2.08e+01,
20141,-8.00e-03,2.08e+01,
20142,-8.00e-03,2.16e+01,
20143,-8.00e-03,2.08e+01,
20144,-8.00e-03,2.08e+01,
20145,-1.60e-02,2.08e+01,
20146,-8.00e-03,2.08e+01,
20147,-8.00e-03,2.08e+01,
20148,-8.00e-03,2.08e+01,
20149,-1.60e-02,2.08e+01,
20150,-8.00e-03,2.08e+01,
20151,-8.00e-03,2.08e+01,
20152,-8.00e-03,2.08e+01,
20153,-1.60e-02,2.08e+01,
20154,-8.00e-03,2.08e+01,
20155,-1.60e-02,2.08e+01,
20156,-8.00e-03,2.00e+01,
20157,-8.00e-03,2.08e+01,
20158,-8.00e-03,2.00e+01,
20159,-8.00e-03,2.00e+01,
20160,-8.00e-03,2.00e+01,
20161,-1.60e-02,2.00e+01,
20162,-8.00e-03,2.08e+01,
20163,-8.00e-03,2.00e+01,
20164,-8.00e-03,2.00e+01,
20165,-8.00e-03,2.00e+01,
20166,-8.00e-03,2.00e+01,
20167,-8.00e-03,2.00e+01,
20168,-8.00e-03,2.00e+01,
20169,-1.60e-02,1.92e+01,
20170,-8.00e-03,2.00e+01,
20171,-8.00e-03,2.00e+01,
20172,-8.00e-03,2.00e+01,
20173,-1.60e-02,2.00e+01,
20174,-8.00e-03,2.00e+01,
20175,-8.00e-03,2.00e+01,
20176,-8.00e-03,1.92e+01,
20177,-1.60e-02,1.92e+01,
20178,-8.00e-03,2.00e+01,
20179,-8.00e-03,1.92e+01,
20180,-8.00e-03,1.92e+01,
20181,-1.60e-02,1.92e+01,
20182,-8.00e-03,1.92e+01,
20183,-1.60e-02,1.92e+01,
20184,-8.00e-03,1.92e+01,
20185,-1.60e-02,1.92e+01,
20186,-8.00e-03,1.92e+01,
20187,-8.00e-03,1.92e+01,
20188,-8.00e-03,1.92e+01,
20189,-1.60e-02,1.92e+01,
20190,-8.00e-03,1.92e+01,
20191,-8.00e-03,1.92e+01,
20192,-8.00e-03,1.92e+01,
20193,-1.60e-02,1.92e+01,
20194,-8.00e-03,1.92e+01,
20195,-8.00e-03,1.92e+01,
20196,-8.00e-03,1.84e+01,
20197,-1.60e-02,1.92e+01,
20198,-8.00e-03,1.92e+01,
20199,-8.00e-03,1.92e+01,
20200,-8.00e-03,1.84e+01,
20201,-1.60e-02,1.84e+01,
20202,-8.00e-03,1.92e+01,
20203,-8.00e-03,1.84e+01,
20204,-8.00e-03,1.84e+01,
20205,-1.60e-02,1.84e+01,
20206,-8.00e-03,1.84e+01,
20207,-8.00e-03,1.84e+01,
20208,-8.00e-03,1.84e+01,
20209,-1.60e-02,1.84e+01,
20210,-8.00e-03,1.84e+01,
20211,-8.00e-03,1.84e+01,
20212,-8.00e-03,1.84e+01,
20213,-1.60e-02,1.84e+01,
20214,-8.00e-03,1.84e+01,
20215,-8.00e-03,1.84e+01,
20216,-8.00e-03,1.76e+01,
20217,-1.60e-02,1.76e+01,
20218,-8.00e-03,1.84e+01,
20219,-8.00e-03,1.84e+01,
20220,-8.00e-03,1.76e+01,
20221,-1.60e-02,1.76e+01,
20222,-8.00e-03,1.84e+01,
20223,-8.00e-03,1.76e+01,
20224,-8.00e-03,1.76e+01,
20225,-1.60e-02,1.76e+01,
20226,-8.00e-03,1.76e+01,
20227,-8.00e-03,1.76e+01,
20228,-8.00e-03,1.76e+01,
20229,-8.00e-03,1.76e+01,
20230,-8.00e-03,1.76e+01,
20231,-8.00e-03,1.76e+01,
20232,-8.00e-03,1.76e+01,
20233,-8.00e-03,1.76e+01,
20234,-8.00e-03,1.76e+01,
20235,-8.00e-03,1.76e+01,
20236,-8.00e-03,1.76e+01,
20237,-8.00e-03,1.76e+01,
20238,-8.00e-03,1.76e+01,
20239,-1.60e-02,1.68e+01,
20240,-8.00e-03,1.68e+01,
20241,-8.00e-03,1.68e+01,
20242,-8.00e-03,1.76e+01,
20243,-8.00e-03,1.68e+01,
20244,-8.00e-03,1.68e+01,
20245,-1.60e-02,1.68e+01,
20246,-8.00e-03,1.68e+01,
20247,-8.00e-03,1.68e+01,
20248,-8.00e-03,1.68e+01,
20249,-8.00e-03,1.68e+01,
20250,-8.00e-03,1.68e+01,
20251,-8.00e-03,1.68e+01,
20252,-8.00e-03,1.68e+01,
20253,-1.60e-02,1.68e+01,
20254,-8.00e-03,1.68e+01,
20255,-8.00e-03,1.68e+01,
20256,-8.00e-03,1.60e+01,
20257,-8.00e-03,1.68e+01,
20258,-8.00e-03,1.68e+01,
20259,-8.00e-03,1.68e+01,
20260,-8.00e-03,1.68e+01,
20261,-1.60e-02,1.60e+01,
20262,-8.00e-03,1.68e+01,
20263,-8.00e-03,1.68e+01,
20264,-8.00e-03,1.60e+01,
20265,-1.60e-02,1.60e+01,
20266,-8.00e-03,1.68e+01,
20267,-8.00e-03,1.60e+01,
20268,-8.00e-03,1.60e+01,
20269,-8.00e-03,1.60e+01,
20270,-8.00e-03,1.60e+01,
20271,-8.00e-03,1.60e+01,
20272,-8.00e-03,1.60e+01,
20273,-1.60e-02,1.60e+01,
20274,-8.00e-03,1.60e+01,
20275,-8.00e-03,1.60e+01,
20276,-8.00e-03,1.60e+01,
20277,-1.60e-02,1.60e+01,
20278,-8.00e-03,1.60e+01,
20279,-8.00e-03,1.60e+01,
20280,-8.00e-03,1.60e+01,
20281,-8.00e-03,1.60e+01,
20282,-8.00e-03,1.60e+01,
20283,-8.00e-03,1.60e+01,
20284,-8.00e-03,1.60e+01,
20285,-1.60e-02,1.60e+01,
20286,-8.00e-03,1.60e+01,
20287,-8.00e-03,1.60e+01,
20288,-8.00e-03,1.52e+01,
20289,-8.00e-03,1.60e+01,
20290,-8.00e-03,1.60e+01,
20291,-8.00e-03,1.52e+01,
20292,-8.00e-03,1.52e+01,
20293,-1.60e-02,1.52e+01,
20294,-8.00e-03,1.52e+01,
20295,-8.00e-03,1.52e+01,
20296,-8.00e-03,1.52e+01,
20297,-1.60e-02,1.52e+01,
20298,-8.00e-03,1.52e+01,
20299,-8.00e-03,1.52e+01,
20300,-8.00e-03,1.52e+01,
20301,-8.00e-03,1.52e+01,
20302,-8.00e-03,1.52e+01,
20303,-8.00e-03,1.52e+01,
20304,-8.00e-03,1.52e+01,
20305,-8.00e-03,1.52e+01,
20306,-8.00e-03,1.52e+01,
20307,-8.00e-03,1.52e+01,
20308,-8.00e-03,1.52e+01,
20309,-1.60e-02,1.52e+01,
20310,-8.00e-03,1.52e+01,
20311,-8.00e-03,1.52e+01,
20312,-8.00e-03,1.52e+01,
20313,-8.00e-03,1.52e+01,
20314,-8.00e-03,1.52e+01,
20315,-8.00e-03,1.52e+01,
20316,-8.00e-03,1.52e+01,
20317,-8.00e-03,1.52e+01,
20318,-8.00e-03,1.52e+01,
20319,-8.00e-03,1.52e+01,
20320,-8.00e-03,1.52e+01,
20321,-1.60e-02,1.52e+01,
20322,-8.00e-03,1.52e+01,
20323,-8.00e-03,1.52e+01,
20324,-8.00e-03,1.44e+01,
20325,-8.00e-03,1.44e+01,
20326,-8.00e-03,1.52e+01,
20327,-8.00e-03,1.52e+01,
20328,-8.00e-03,1.44e+01,
20329,-8.00e-03,1.44e+01,
20330,-8.00e-03,1.52e+01,
20331,-8.00e-03,1.44e+01,
20332,-8.00e-03,1.44e+01,
20333,-8.00e-03,1.44e+01,
20334,-1.60e-02,1.44e+01,
20335,-8.00e-03,1.44e+01,
20336,-8.00e-03,1.44e+01,
20337,-8.00e-03,1.44e+01,
20338,-8.00e-03,1.44e+01,
20339,-8.00e-03,1.44e+01,
20340,-8.00e-03,1.44e+01,
20341,-8.00e-03,1.44e+01,
20342,-8.00e-03,1.44e+01,
20343,-8.00e-03,1.44e+01,
20344,-8.00e-03,1.44e+01,
20345,-8.00e-03,1.44e+01,
20346,-8.00e-03,1.44e+01,
20347,-8.00e-03,1.44e+01,
20348,-8.00e-03,1.44e+01,
20349,-1.60e-02,1.44e+01,
20350,-8.00e-03,1.44e+01,
20351,-8.00e-03,1.44e+01,
20352,-8.00e-03,1.44e+01,
20353,-1.60e-02,1.44e+01,
20354,-8.00e-03,1.44e+01,
20355,-8.00e-03,1.44e+01,
20356,-8.00e-03,1.44e+01,
20357,-1.60e-02,1.44e+01,
20358,-8.00e-03,1.44e+01,
20359,-8.00e-03,1.44e+01,
20360,-8.00e-03,1.44e+01,
20361,-1.60e-02,1.44e+01,
20362,-8.00e-03,1.44e+01,
20363,-8.00e-03,1.44e+01,
20364,-8.00e-03,1.44e+01,
20365,-1.60e-02,1.44e+01,
20366,-8.00e-03,1.44e+01,
20367,-8.00e-03,1.44e+01,
20368,-8.00e-03,1.44e+01,
20369,-8.00e-03,1.28e+01,
20370,-8.00e-03,1.44e+01,
20371,-8.00e-03,1.44e+01,
20372,-8.00e-03,1.28e+01,
20373,-8.00e-03,1.44e+01,
20374,-8.00e-03,1.44e+01,
20375,-8.00e-03,1.44e+01,
20376,-8.00e-03,1.28e+01,
20377,-8.00e-03,1.28e+01,
20378,-8.00e-03,1.44e+01,
20379,-8.00e-03,1.44e+01,
20380,-8.00e-03,1.28e+01,
20381,-8.00e-03,1.28e+01,
20382,-8.00e-03,1.44e+01,
20383,-1.60e-02,1.44e+01,
20384,-8.00e-03,1.28e+01,
20385,-1.60e-02,1.44e+01,
20386,-8.00e-03,1.44e+01,
20387,-8.00e-03,1.44e+01,
20388,-1.60e-02,1.28e+01,
20389,-1.60e-02,1.28e+01,
20390,-8.00e-03,1.44e+01,
20391,-8.00e-03,1.28e+01,
20392,-8.00e-03,1.28e+01,
20393,-1.60e-02,1.28e+01,
20394,-8.00e-03,1.44e+01,
20395,-8.00e-03,1.28e+01,
20396,-8.00e-03,1.28e+01,
20397,-8.00e-03,1.28e+01,
20398,-8.00e-03,1.44e+01,
20399,-8.00e-03,1.28e+01,
20400,-8.00e-03,1.28e+01,
20401,-1.60e-02,1.28e+01,
20402,-8.00e-03,1.44e+01,
20403,-8.00e-03,1.44e+01,
20404,-8.00e-03,1.28e+01,
20405,-1.60e-02,1.28e+01,
20406,-8.00e-03,1.44e+01,
20407,-8.00e-03,1.44e+01,
20408,-8.00e-03,1.28e+01,
20409,-8.00e-03,1.28e+01,
20410,-8.00e-03,1.44e+01,
20411,-8.00e-03,1.28e+01,
20412,-8.00e-03,1.28e+01,
20413,-1.60e-02,1.28e+01,
20414,-8.00e-03,1.44e+01,
20415,-8.00e-03,1.28e+01,
20416,-8.00e-03,1.28e+01,
20417,-8.00e-03,1.28e+01,
20418,-8.00e-03,1.44e+01,
20419,-8.00e-03,1.28e+01,
20420,-8.00e-03,1.28e+01,
20421,-1.60e-02,1.28e+01,
20422,-8.00e-03,1.44e+01,
20423,-8.00e-03,1.44e+01,
20424,-8.00e-03,1.28e+01,
20425,-8.00e-03,1.28e+01,
20426,-8.00e-03,1.44e+01,
20427,-8.00e-03,1.44e+01,
20428,-8.00e-03,1.28e+01,
20429,-8.00e-03,1.28e+01,
20430,-8.00e-03,1.44e+01,
20431,-8.00e-03,1.28e+01,
20432,-8.00e-03,1.28e+01,
20433,-8.00e-03,1.28e+01,
20434,-8.00e-03,1.44e+01,
20435,-8.00e-03,1.28e+01,
20436,-8.00e-03,1.28e+01,
20437,-8.00e-03,1.28e+01,
20438,-8.00e-03,1.44e+01,
20439,-8.00e-03,1.44e+01,
20440,-8.00e-03,1.28e+01,
20441,-8.00e-03,1.28e+01,
20442,-8.00e-03,1.44e+01,
20443,-8.00e-03,1.44e+01,
20444,-8.00e-03,1.28e+01,
20445,-1.60e-02,1.28e+01,
20446,-8.00e-03,1.44e+01,
20447,-8.00e-03,1.44e+01,
20448,-8.00e-03,1.28e+01,
20449,-1.60e-02,1.44e+01,
20450,-8.00e-03,1.44e+01,
20451,-8.00e-03,1.44e+01,
20452,-8.00e-03,1.44e+01,
20453,-8.00e-03,1.44e+01,
20454,-8.00e-03,1.44e+01,
20455,-8.00e-03,1.44e+01,
20456,-8.00e-03,1.44e+01,
20457,-8.00e-03,1.44e+01,
20458,-8.00e-03,1.44e+01,
20459,-8.00e-03,1.44e+01,
20460,-8.00e-03,1.44e+01,
20461,-8.00e-03,1.44e+01,
20462,-8.00e-03,1.44e+01,
20463,-8.00e-03,1.44e+01,
20464,-8.00e-03,1.44e+01,
20465,-8.00e-03,1.44e+01,
20466,-8.00e-03,1.44e+01,
20467,-8.00e-03,1.44e+01,
20468,-8.00e-03,1.44e+01,
20469,-8.00e-03,1.44e+01,
20470,-8.00e-03,1.44e+01,
20471,-8.00e-03,1.44e+01,
20472,-8.00e-03,1.44e+01,
20473,-1.60e-02,1.44e+01,
20474,-8.00e-03,1.44e+01,
20475,-8.00e-03,1.44e+01,
20476,-8.00e-03,1.44e+01,
20477,-8.00e-03,1.44e+01,
20478,-8.00e-03,1.44e+01,
20479,-8.00e-03,1.44e+01,
20480,-8.00e-03,1.44e+01,
20481,-1.60e-02,1.44e+01,
20482,-8.00e-03,1.44e+01,
20483,-8.00e-03,1.44e+01,
20484,-8.00e-03,1.44e+01,
20485,-8.00e-03,1.44e+01,
20486,-8.00e-03,1.44e+01,
20487,-8.00e-03,1.44e+01,
20488,-8.00e-03,1.44e+01,
20489,-8.00e-03,1.44e+01,
20490,-8.00e-03,1.52e+01,
20491,-8.00e-03,1.44e+01,
20492,-8.00e-03,1.44e+01,
20493,-8.00e-03,1.44e+01,
20494,-8.00e-03,1.52e+01,
20495,-8.00e-03,1.52e+01,
20496,-8.00e-03,1.44e+01,
20497,-8.00e-03,1.44e+01,
20498,-8.00e-03,1.52e+01,
20499,-8.00e-03,1.52e+01,
20500,-8.00e-03,1.44e+01,
20501,-8.00e-03,1.52e+01,
20502,-8.00e-03,1.52e+01,
20503,-8.00e-03,1.52e+01,
20504,-8.00e-03,1.44e+01,
20505,-8.00e-03,1.52e+01,
20506,-8.00e-03,1.52e+01,
20507,-8.00e-03,1.52e+01,
20508,-8.00e-03,1.44e+01,
20509,-8.00e-03,1.52e+01,
20510,-8.00e-03,1.52e+01,
20511,-8.00e-03,1.52e+01,
20512,-8.00e-03,1.52e+01,
20513,-1.60e-02,1.52e+01,
20514,-8.00e-03,1.52e+01,
20515,-8.00e-03,1.52e+01,
20516,-8.00e-03,1.52e+01,
20517,-8.00e-03,1.52e+01,
20518,-8.00e-03,1.52e+01,
20519,-8.00e-03,1.52e+01,
20520,-1.60e-02,1.52e+01,
20521,-1.60e-02,1.52e+01,
20522,-8.00e-03,1.52e+01,
20523,-8.00e-03,1.52e+01,
20524,-8.00e-03,1.52e+01,
20525,-1.60e-02,1.52e+01,
20526,-8.00e-03,1.52e+01,
20527,-8.00e-03,1.60e+01,
20528,-8.00e-03,1.52e+01,
20529,-8.00e-03,1.52e+01,
20530,-8.00e-03,1.60e+01,
20531,-8.00e-03,1.52e+01,
20532,-8.00e-03,1.52e+01,
20533,-1.60e-02,1.52e+01,
20534,-8.00e-03,1.60e+01,
20535,-8.00e-03,1.60e+01,
20536,-8.00e-03,1.52e+01,
20537,-1.60e-02,1.60e+01,
20538,-8.00e-03,1.60e+01,
20539,-8.00e-03,1.60e+01,
20540,-8.00e-03,1.60e+01,
20541,-8.00e-03,1.60e+01,
20542,-8.00e-03,1.60e+01,
20543,-8.00e-03,1.60e+01,
20544,-8.00e-03,1.60e+01,
20545,-1.60e-02,1.60e+01,
20546,-8.00e-03,1.60e+01,
20547,-8.00e-03,1.60e+01,
20548,-8.00e-03,1.60e+01,
20549,-8.00e-03,1.60e+01,
20550,-8.00e-03,1.60e+01,
20551,-8.00e-03,1.60e+01,
20552,-8.00e-03,1.60e+01,
20553,-8.00e-03,1.60e+01,
20554,-8.00e-03,1.60e+01,
20555,-8.00e-03,1.60e+01,
20556,-8.00e-03,1.60e+01,
20557,-8.00e-03,1.60e+01,
20558,-8.00e-03,1.60e+01,
20559,-8.00e-03,1.60e+01,
20560,-8.00e-03,1.60e+01,
20561,-8.00e-03,1.60e+01,
20562,-8.00e-03,1.68e+01,
20563,-8.00e-03,1.60e+01,
20564,-8.00e-03,1.60e+01,
20565,-8.00e-03,1.60e+01,
20566,-8.00e-03,1.68e+01,
20567,-8.00e-03,1.60e+01,
20568,-8.00e-03,1.68e+01,
20569,-1.60e-02,1.60e+01,
20570,-8.00e-03,1.68e+01,
20571,-8.00e-03,1.68e+01,
20572,-8.00e-03,1.60e+01,
20573,-1.60e-02,1.68e+01,
20574,-8.00e-03,1.68e+01,
20575,-8.00e-03,1.68e+01,
20576,-8.00e-03,1.68e+01,
20577,-8.00e-03,1.68e+01,
20578,-8.00e-03,1.68e+01,
20579,-8.00e-03,1.68e+01,
20580,-8.00e-03,1.68e+01,
20581,-1.60e-02,1.68e+01,
20582,-8.00e-03,1.68e+01,
20583,-8.00e-03,1.68e+01,
20584,-8.00e-03,1.68e+01,
20585,-1.60e-02,1.68e+01,
20586,-8.00e-03,1.68e+01,
20587,-8.00e-03,1.68e+01,
20588,-8.00e-03,1.68e+01,
20589,-1.60e-02,1.68e+01,
20590,-8.00e-03,1.76e+01,
20591,-8.00e-03,1.68e+01,
20592,-8.00e-03,1.68e+01,
20593,-8.00e-03,1.68e+01,
20594,-8.00e-03,1.76e+01,
20595,-8.00e-03,1.68e+01,
20596,-8.00e-03,1.68e+01,
20597,-1.60e-02,1.76e+01,
20598,-8.00e-03,1.76e+01,
20599,-8.00e-03,1.76e+01,
20600,-8.00e-03,1.76e+01,
20601,-1.60e-02,1.76e+01,
20602,-8.00e-03,1.76e+01,
20603,-8.00e-03,1.76e+01,
20604,-8.00e-03,1.76e+01,
20605,-8.00e-03,1.76e+01,
20606,-8.00e-03,1.76e+01,
20607,-8.00e-03,1.76e+01,
20608,-8.00e-03,1.76e+01,
20609,-1.60e-02,1.76e+01,
20610,-8.00e-03,1.76e+01,
20611,-8.00e-03,1.76e+01,
20612,-8.00e-03,1.76e+01,
20613,-8.00e-03,1.76e+01,
20614,-8.00e-03,1.76e+01,
20615,-8.00e-03,1.76e+01,
20616,-8.00e-03,1.76e+01,
20617,-8.00e-03,1.76e+01,
20618,-8.00e-03,1.84e+01,
20619,-8.00e-03,1.76e+01,
20620,-8.00e-03,1.76e+01,
20621,-8.00e-03,1.76e+01,
20622,-8.00e-03,1.84e+01,
20623,-8.00e-03,1.76e+01,
20624,-8.00e-03,1.76e+01,
20625,-1.60e-02,1.84e+01,
20626,-8.00e-03,1.84e+01,
20627,-8.00e-03,1.84e+01,
20628,-8.00e-03,1.84e+01,
20629,-8.00e-03,1.84e+01,
20630,-8.00e-03,1.84e+01,
20631,-8.00e-03,1.84e+01,
20632,-8.00e-03,1.84e+01,
20633,-8.00e-03,1.84e+01,
20634,-8.00e-03,1.84e+01,
20635,-8.00e-03,1.84e+01,
20636,-8.00e-03,1.84e+01,
20637,-8.00e-03,1.84e+01,
20638,-8.00e-03,1.84e+01,
20639,-8.00e-03,1.84e+01,
20640,-8.00e-03,1.84e+01,
20641,-8.00e-03,1.84e+01,
20642,-8.00e-03,1.84e+01,
20643,-8.00e-03,1.84e+01,
20644,-8.00e-03,1.84e+01,
20645,-8.00e-03,1.84e+01,
20646,-8.00e-03,1.92e+01,
20647,-8.00e-03,1.92e+01,
20648,-8.00e-03,1.84e+01,
20649,-1.60e-02,1.92e+01,
20650,-8.00e-03,1.92e+01,
20651,-8.00e-03,1.92e+01,
20652,-8.00e-03,1.92e+01,
20653,-1.60e-02,1.92e+01,
20654,-8.00e-03,1.92e+01,
20655,-8.00e-03,1.92e+01,
20656,-8.00e-03,1.84e+01,
20657,-1.60e-02,1.92e+01,
20658,-8.00e-03,1.92e+01,
20659,-8.00e-03,1.92e+01,
20660,-8.00e-03,1.92e+01,
20661,-1.60e-02,1.92e+01,
20662,-8.00e-03,1.92e+01,
20663,-8.00e-03,1.92e+01,
20664,-1.60e-02,1.92e+01,
20665,-1.60e-02,1.92e+01,
20666,-8.00e-03,1.92e+01,
20667,-8.00e-03,1.92e+01,
20668,-8.00e-03,1.92e+01,
20669,-8.00e-03,1.92e+01,
20670,-8.00e-03,1.92e+01,
20671,-8.00e-03,1.92e+01,
20672,-8.00e-03,1.92e+01,
20673,-8.00e-03,1.92e+01,
20674,-8.00e-03,1.92e+01,
20675,-8.00e-03,1.92e+01,
20676,-8.00e-03,1.92e+01,
20677,-1.60e-02,1.92e+01,
20678,-8.00e-03,2.00e+01,
20679,-8.00e-03,2.00e+01,
20680,-8.00e-03,1.92e+01,
20681,-8.00e-03,1.92e+01,
20682,-8.00e-03,2.00e+01,
20683,-8.00e-03,2.00e+01,
20684,-8.00e-03,1.92e+01,
20685,-1.60e-02,2.00e+01,
20686,-8.00e-03,2.00e+01,
20687,-8.00e-03,2.00e+01,
20688,-8.00e-03,1.92e+01,
20689,-8.00e-03,2.00e+01,
20690,-8.00e-03,2.00e+01,
20691,-8.00e-03,2.00e+01,
20692,-8.00e-03,2.00e+01,
20693,-8.00e-03,2.00e+01,
20694,-8.00e-03,2.00e+01,
20695,-8.00e-03,2.00e+01,
20696,-8.00e-03,2.00e+01,
20697,-1.60e-02,2.00e+01,
20698,-8.00e-03,2.00e+01,
20699,-8.00e-03,2.00e+01,
20700,-8.00e-03,2.00e+01,
20701,-8.00e-03,2.00e+01,
20702,-8.00e-03,2.00e+01,
20703,-8.00e-03,2.00e+01,
20704,-8.00e-03,2.00e+01,
20705,-8.00e-03,2.00e+01,
20706,-8.00e-03,2.00e+01,
20707,-8.00e-03,2.00e+01,
20708,-8.00e-03,2.00e+01,
20709,-8.00e-03,2.00e+01,
20710,-8.00e-03,2.08e+01,
20711,-8.00e-03,2.00e+01,
20712,-8.00e-03,2.00e+01,
20713,-8.00e-03,2.00e+01,
20714,-8.00e-03,2.08e+01,
20715,-8.00e-03,2.00e+01,
20716,-8.00e-03,2.00e+01,
20717,-8.00e-03,2.00e+01,
20718,-8.00e-03,2.08e+01,
20719,-8.00e-03,2.08e+01,
20720,-8.00e-03,2.00e+01,
20721,-8.00e-03,2.00e+01,
20722,-8.00e-03,2.08e+01,
20723,-8.00e-03,2.08e+01,
20724,-8.00e-03,2.08e+01,
20725,-8.00e-03,2.08e+01,
20726,-8.00e-03,2.08e+01,
20727,-8.00e-03,2.08e+01,
20728,-8.00e-03,2.08e+01,
20729,-8.00e-03,2.08e+01,
20730,-8.00e-03,2.08e+01,
20731,-8.00e-03,2.08e+01,
20732,-8.00e-03,2.08e+01,
20733,-1.60e-02,2.08e+01,
20734,-8.00e-03,2.08e+01,
20735,-8.00e-03,2.08e+01,
20736,-8.00e-03,2.08e+01,
20737,-8.00e-03,2.08e+01,
20738,-8.00e-03,2.08e+01,
20739,-8.00e-03,2.08e+01,
20740,-8.00e-03,2.08e+01,
20741,-1.60e-02,2.08e+01,
20742,-8.00e-03,2.08e+01,
20743,-8.00e-03,2.08e+01,
20744,-8.00e-03,2.08e+01,
20745,-1.60e-02,2.08e+01,
20746,-8.00e-03,2.08e+01,
20747,-8.00e-03,2.08e+01,
20748,-8.00e-03,2.08e+01,
20749,-1.60e-02,2.08e+01,
20750,-8.00e-03,2.08e+01,
20751,-8.00e-03,2.08e+01,
20752,-8.00e-03,2.08e+01,
20753,-1.60e-02,2.08e+01,
20754,-8.00e-03,2.08e+01,
20755,-8.00e-03,2.08e+01,
20756,-8.00e-03,2.08e+01,
20757,-8.00e-03,2.08e+01,
20758,-8.00e-03,2.08e+01,
20759,-8.00e-03,2.08e+01,
20760,-8.00e-03,2.08e+01,
20761,-1.60e-02,2.08e+01,
20762,-8.00e-03,2.16e+01,
20763,-8.00e-03,2.08e+01,
20764,-8.00e-03,2.08e+01,
20765,-1.60e-02,2.08e+01,
20766,-8.00e-03,2.08e+01,
20767,-8.00e-03,2.08e+01,
20768,-8.00e-03,2.16e+01,
20769,-1.60e-02,2.08e+01,
20770,-8.00e-03,2.16e+01,
20771,-8.00e-03,2.08e+01,
20772,-8.00e-03,2.08e+01,
20773,-8.00e-03,2.16e+01,
20774,-8.00e-03,2.08e+01,
20775,-8.00e-03,2.16e+01,
20776,-8.00e-03,2.08e+01,
20777,-1.60e-02,2.08e+01,
20778,-8.00e-03,2.16e+01,
20779,-8.00e-03,2.16e+01,
20780,-8.00e-03,2.08e+01,
20781,-8.00e-03,2.08e+01,
20782,-8.00e-03,2.16e+01,
20783,-8.00e-03,2.16e+01,
20784,-8.00e-03,2.08e+01,
20785,-8.00e-03,2.08e+01,
20786,-8.00e-03,2.16e+01,
20787,-8.00e-03,2.16e+01,
20788,-8.00e-03,2.08e+01,
20789,-1.60e-02,2.16e+01,
20790,-8.00e-03,2.16e+01,
20791,-8.00e-03,2.16e+01,
20792,-1.60e-02,2.08e+01,
20793,-8.00e-03,2.16e+01,
20794,-8.00e-03,2.16e+01,
20795,-8.00e-03,2.16e+01,
20796,-8.00e-03,2.08e+01,
20797,-8.00e-03,2.16e+01,
20798,-8.00e-03,2.16e+01,
20799,-8.00e-03,2.16e+01,
20800,-8.00e-03,2.08e+01,
20801,-8.00e-03,2.16e+01,
20802,-8.00e-03,2.16e+01,
20803,-8.00e-03,2.16e+01,
20804,-8.00e-03,2.08e+01,
20805,-1.60e-02,2.16e+01,
20806,-8.00e-03,2.16e+01,
20807,-8.00e-03,2.16e+01,
20808,-8.00e-03,2.08e+01,
20809,-1.60e-02,2.16e+01,
20810,-8.00e-03,2.16e+01,
20811,-8.00e-03,2.16e+01,
20812,-1.60e-02,2.16e+01,
20813,-1.60e-02,2.16e+01,
20814,-8.00e-03,2.16e+01,
20815,-1.60e-02,2.16e+01,
20816,-8.00e-03,2.08e+01,
20817,-1.60e-02,2.16e+01,
20818,-8.00e-03,2.16e+01,
20819,-8.00e-03,2.16e+01,
20820,-8.00e-03,2.16e+01,
20821,-1.60e-02,2.16e+01,
20822,-8.00e-03,2.16e+01,
20823,-8.00e-03,2.16e+01,
20824,-8.00e-03,2.16e+01,
20825,-1.60e-02,2.16e+01,
20826,-8.00e-03,2.16e+01,
20827,-8.00e-03,2.16e+01,
20828,-8.00e-03,2.16e+01,
20829,-8.00e-03,2.16e+01,
20830,-8.00e-03,2.16e+01,
20831,-8.00e-03,2.16e+01,
20832,-8.00e-03,2.08e+01,
20833,-8.00e-03,2.16e+01,
20834,-8.00e-03,2.16e+01,
20835,-8.00e-03,2.16e+01,
20836,-8.00e-03,2.08e+01,
20837,-1.60e-02,2.16e+01,
20838,-8.00e-03,2.16e+01,
20839,-8.00e-03,2.16e+01,
20840,-8.00e-03,2.08e+01,
20841,-1.60e-02,2.16e+01,
20842,-8.00e-03,2.16e+01,
20843,-8.00e-03,2.16e+01,
20844,-8.00e-03,2.08e+01,
20845,-8.00e-03,2.16e+01,
20846,-8.00e-03,2.16e+01,
20847,-8.00e-03,2.16e+01,
20848,-1.60e-02,2.08e+01,
20849,-1.60e-02,2.16e+01,
20850,-8.00e-03,2.16e+01,
20851,-8.00e-03,2.16e+01,
20852,-8.00e-03,2.08e+01,
20853,-1.60e-02,2.08e+01,
20854,-8.00e-03,2.16e+01,
20855,-8.00e-03,2.16e+01,
20856,-8.00e-03,2.08e+01,
20857,-8.00e-03,2.16e+01,
20858,-8.00e-03,2.16e+01,
20859,-8.00e-03,2.16e+01,
20860,-8.00e-03,2.08e+01,
20861,-8.00e-03,2.08e+01,
20862,-8.00e-03,2.16e+01,
20863,-8.00e-03,2.16e+01,
20864,-8.00e-03,2.08e+01,
20865,-1.60e-02,2.08e+01,
20866,-8.00e-03,2.16e+01,
20867,-8.00e-03,2.08e+01,
20868,-8.00e-03,2.08e+01,
20869,-1.60e-02,2.08e+01,
20870,-8.00e-03,2.16e+01,
20871,-8.00e-03,2.08e+01,
20872,-1.60e-02,2.08e+01,
20873,-1.60e-02,2.08e+01,
20874,-8.00e-03,2.08e+01,
20875,-8.00e-03,2.08e+01,
20876,-8.00e-03,2.08e+01,
20877,-8.00e-03,2.08e+01,
20878,-8.00e-03,2.08e+01,
20879,-8.00e-03,2.08e+01,
20880,-8.00e-03,2.08e+01,
20881,-1.60e-02,2.08e+01,
20882,-8.00e-03,2.08e+01,
20883,-8.00e-03,2.08e+01,
20884,-1.60e-02,2.08e+01,
20885,-1.60e-02,2.08e+01,
20886,-1.60e-02,2.08e+01,
20887,-8.00e-03,2.08e+01,
20888,-8.00e-03,2.08e+01,
20889,-1.60e-02,2.08e+01,
20890,-8.00e-03,2.08e+01,
20891,-8.00e-03,2.08e+01,
20892,-8.00e-03,2.08e+01,
20893,-1.60e-02,2.08e+01,
20894,-8.00e-03,2.08e+01,
20895,-8.00e-03,2.08e+01,
20896,-8.00e-03,2.08e+01,
20897,-8.00e-03,2.08e+01,
20898,-8.00e-03,2.08e+01,
20899,-8.00e-03,2.08e+01,
20900,-8.00e-03,2.08e+01,
20901,-1.60e-02,2.08e+01,
20902,-1.60e-02,2.08e+01,
20903,-8.00e-03,2.08e+01,
20904,-8.00e-03,2.08e+01,
20905,-1.60e-02,2.08e+01,
20906,-8.00e-03,2.08e+01,
20907,-8.00e-03,2.08e+01,
20908,-8.00e-03,2.08e+01,
20909,-1.60e-02,2.08e+01,
20910,-8.00e-03,2.08e+01,
20911,-8.00e-03,2.08e+01,
20912,-1.60e-02,2.08e+01,
20913,-1.60e-02,2.08e+01,
20914,-8.00e-03,2.08e+01,
20915,-8.00e-03,2.08e+01,
20916,-8.00e-03,2.00e+01,
20917,-8.00e-03,2.08e+01,
20918,-8.00e-03,2.08e+01,
20919,-8.00e-03,2.08e+01,
20920,-8.00e-03,2.00e+01,
20921,-1.60e-02,2.00e+01,
20922,-8.00e-03,2.08e+01,
20923,-8.00e-03,2.00e+01,
20924,-8.00e-03,2.00e+01,
20925,-1.60e-02,2.00e+01,
20926,-8.00e-03,2.08e+01,
20927,-8.00e-03,2.08e+01,
20928,-1.60e-02,2.00e+01,
20929,-1.60e-02,2.00e+01,
20930,-8.00e-03,2.08e+01,
20931,-8.00e-03,2.00e+01,
20932,-8.00e-03,2.00e+01,
20933,-1.60e-02,2.00e+01,
20934,-8.00e-03,2.00e+01,
20935,-8.00e-03,2.00e+01,
20936,-8.00e-03,2.00e+01,
20937,-1.60e-02,2.00e+01,
20938,-8.00e-03,2.00e+01,
20939,-8.00e-03,2.00e+01,
20940,-8.00e-03,2.00e+01,
20941,-1.60e-02,2.00e+01,
20942,-8.00e-03,2.00e+01,
20943,-8.00e-03,2.00e+01,
20944,-8.00e-03,2.00e+01,
20945,-1.60e-02,2.00e+01,
20946,-8.00e-03,2.00e+01,
20947,-8.00e-03,2.00e+01,
20948,-8.00e-03,2.00e+01,
20949,-1.60e-02,2.00e+01,
20950,-1.60e-02,2.00e+01,
20951,-8.00e-03,2.00e+01,
20952,-8.00e-03,2.00e+01,
20953,-1.60e-02,2.00e+01,
20954,-8.00e-03,2.00e+01,
20955,-8.00e-03,2.00e+01,
20956,-8.00e-03,2.00e+01,
20957,-1.60e-02,2.00e+01,
20958,-8.00e-03,2.00e+01,
20959,-8.00e-03,2.00e+01,
20960,-8.00e-03,2.00e+01,
20961,-1.60e-02,1.92e+01,
20962,-8.00e-03,2.00e+01,
20963,-8.00e-03,2.00e+01,
20964,-8.00e-03,1.92e+01,
20965,-1.60e-02,2.00e+01,
20966,-8.00e-03,2.00e+01,
20967,-8.00e-03,1.92e+01,
20968,-8.00e-03,2.00e+01,
20969,-1.60e-02,1.92e+01,
20970,-8.00e-03,2.00e+01,
20971,-8.00e-03,1.92e+01,
20972,-8.00e-03,1.92e+01,
20973,-1.60e-02,1.92e+01,
20974,-8.00e-03,1.92e+01,
20975,-8.00e-03,1.92e+01,
20976,-8.00e-03,1.92e+01,
20977,-1.60e-02,1.92e+01,
20978,-8.00e-03,2.00e+01,
20979,-8.00e-03,1.92e+01,
20980,-8.00e-03,1.92e+01,
20981,-1.60e-02,1.92e+01,
20982,-8.00e-03,1.92e+01,
20983,-8.00e-03,1.92e+01,
20984,-1.60e-02,1.92e+01,
20985,-1.60e-02,1.92e+01,
20986,-8.00e-03,1.92e+01,
20987,-8.00e-03,1.92e+01,
20988,-8.00e-03,1.92e+01,
20989,-8.00e-03,1.92e+01,
20990,-8.00e-03,1.92e+01,
20991,-8.00e-03,1.92e+01,
20992,-1.60e-02,1.92e+01,
20993,-8.00e-03,1.92e+01,
20994,-8.00e-03,1.92e+01,
20995,-8.00e-03,1.92e+01,
20996,-8.00e-03,1.92e+01,
20997,-1.60e-02,1.92e+01,
20998,-8.00e-03,1.92e+01,
20999,-8.00e-03,1.92e+01,
21000,-8.00e-03,1.84e+01,
21001,-1.60e-02,1.92e+01,
21002,-8.00e-03,1.92e+01,
21003,-1.60e-02,1.92e+01,
21004,-8.00e-03,1.84e+01,
21005,-1.60e-02,1.84e+01,
21006,-8.00e-03,1.92e+01,
21007,-8.00e-03,1.92e+01,
21008,-1.60e-02,1.84e+01,
21009,-1.60e-02,1.84e+01,
21010,-8.00e-03,1.92e+01,
21011,-8.00e-03,1.84e+01,
21012,-8.00e-03,1.84e+01,
21013,-1.60e-02,1.84e+01,
21014,-8.00e-03,1.84e+01,
21015,-8.00e-03,1.84e+01,
21016,-1.60e-02,1.84e+01,
21017,-1.60e-02,1.84e+01,
21018,-8.00e-03,1.84e+01,
21019,-8.00e-03,1.84e+01,
21020,-8.00e-03,1.84e+01,
21021,-1.60e-02,1.84e+01,
21022,-8.00e-03,1.84e+01,
21023,-8.00e-03,1.84e+01,
21024,-8.00e-03,1.84e+01,
21025,-1.60e-02,1.84e+01,
21026,-1.60e-02,1.84e+01,
21027,-8.00e-03,1.84e+01,
21028,-8.00e-03,1.84e+01,
21029,-1.60e-02,1.84e+01,
21030,-8.00e-03,1.84e+01,
21031,-8.00e-03,1.84e+01,
21032,-8.00e-03,1.84e+01,
21033,-1.60e-02,1.84e+01,
21034,-8.00e-03,1.84e+01,
21035,-8.00e-03,1.84e+01,
21036,-8.00e-03,1.76e+01,
21037,-1.60e-02,1.84e+01,
21038,-8.00e-03,1.84e+01,
21039,-8.00e-03,1.84e+01,
21040,-8.00e-03,1.76e+01,
21041,-8.00e-03,1.76e+01,
21042,-8.00e-03,1.84e+01,
21043,-8.00e-03,1.84e+01,
21044,-1.60e-02,1.76e+01,
21045,-1.60e-02,1.76e+01,
21046,-8.00e-03,1.84e+01,
21047,-8.00e-03,1.84e+01,
21048,-1.60e-02,1.76e+01,
21049,-1.60e-02,1.76e+01,
21050,-8.00e-03,1.84e+01,
21051,-8.00e-03,1.76e+01,
21052,-1.60e-02,1.76e+01,
21053,-1.60e-02,1.76e+01,
21054,-8.00e-03,1.76e+01,
21055,-8.00e-03,1.76e+01,
21056,-8.00e-03,1.76e+01,
21057,-1.60e-02,1.76e+01,
21058,-8.00e-03,1.76e+01,
21059,-8.00e-03,1.76e+01,
21060,-8.00e-03,1.76e+01,
21061,-1.60e-02,1.76e+01,
21062,-8.00e-03,1.76e+01,
21063,-8.00e-03,1.76e+01,
21064,-8.00e-03,1.76e+01,
21065,-8.00e-03,1.76e+01,
21066,-8.00e-03,1.76e+01,
21067,-8.00e-03,1.76e+01,
21068,-8.00e-03,1.76e+01,
21069,-1.60e-02,1.76e+01,
21070,-8.00e-03,1.76e+01,
21071,-8.00e-03,1.76e+01,
21072,-8.00e-03,1.76e+01,
21073,-1.60e-02,1.76e+01,
21074,-8.00e-03,1.76e+01,
21075,-8.00e-03,1.76e+01,
21076,-8.00e-03,1.76e+01,
21077,-1.60e-02,1.76e+01,
21078,-8.00e-03,1.76e+01,
21079,-1.60e-02,1.76e+01,
21080,-1.60e-02,1.68e+01,
21081,-1.60e-02,1.76e+01,
21082,-8.00e-03,1.76e+01,
21083,-8.00e-03,1.76e+01,
21084,-8.00e-03,1.68e+01,
21085,-1.60e-02,1.68e+01,
21086,-8.00e-03,1.76e+01,
21087,-8.00e-03,1.76e+01,
21088,-8.00e-03,1.68e+01,
21089,-8.00e-03,1.68e+01,
21090,-8.00e-03,1.76e+01,
21091,-8.00e-03,1.68e+01,
21092,-8.00e-03,1.68e+01,
21093,-8.00e-03,1.68e+01,
21094,-8.00e-03,1.68e+01,
21095,-8.00e-03,1.68e+01,
21096,-8.00e-03,1.68e+01,
21097,-8.00e-03,1.68e+01,
21098,-8.00e-03,1.68e+01,
21099,-8.00e-03,1.68e+01,
21100,-8.00e-03,1.68e+01,
21101,-1.60e-02,1.68e+01,
21102,-8.00e-03,1.68e+01,
21103,-8.00e-03,1.68e+01,
21104,-8.00e-03,1.68e+01,
21105,-1.60e-02,1.68e+01,
21106,-8.00e-03,1.68e+01,
21107,-8.00e-03,1.68e+01,
21108,-8.00e-03,1.68e+01,
21109,-1.60e-02,1.68e+01,
21110,-8.00e-03,1.68e+01,
21111,-8.00e-03,1.68e+01,
21112,-8.00e-03,1.68e+01,
21113,-1.60e-02,1.68e+01,
21114,-8.00e-03,1.68e+01,
21115,-8.00e-03,1.68e+01,
21116,-8.00e-03,1.68e+01,
21117,-1.60e-02,1.68e+01,
21118,-8.00e-03,1.68e+01,
21119,-8.00e-03,1.68e+01,
21120,-8.00e-03,1.68e+01,
21121,-1.60e-02,1.68e+01,
21122,-8.00e-03,1.68e+01,
21123,-8.00e-03,1.68e+01,
21124,-8.00e-03,1.68e+01,
21125,-8.00e-03,1.68e+01,
21126,-8.00e-03,1.68e+01,
21127,-8.00e-03,1.68e+01,
21128,-8.00e-03,1.60e+01,
21129,-1.60e-02,1.68e+01,
21130,-8.00e-03,1.68e+01,
21131,-8.00e-03,1.68e+01,
21132,-1.60e-02,1.68e+01,
21133,-8.00e-03,1.68e+01,
21134,-8.00e-03,1.68e+01,
21135,-8.00e-03,1.68e+01,
21136,-8.00e-03,1.60e+01,
21137,-1.60e-02,1.68e+01,
21138,-8.00e-03,1.68e+01,
21139,-8.00e-03,1.68e+01,
21140,-8.00e-03,1.60e+01,
21141,-1.60e-02,1.60e+01,
21142,-8.00e-03,1.68e+01,
21143,-8.00e-03,1.60e+01,
21144,-8.00e-03,1.60e+01,
21145,-1.60e-02,1.60e+01,
21146,-8.00e-03,1.68e+01,
21147,-8.00e-03,1.68e+01,
21148,-8.00e-03,1.60e+01,
21149,-8.00e-03,1.60e+01,
21150,-8.00e-03,1.68e+01,
21151,-8.00e-03,1.60e+01,
21152,-1.60e-02,1.60e+01,
21153,-1.60e-02,1.60e+01,
21154,-8.00e-03,1.68e+01,
21155,-8.00e-03,1.60e+01,
21156,-8.00e-03,1.60e+01,
21157,-1.60e-02,1.60e+01,
21158,-8.00e-03,1.60e+01,
21159,-8.00e-03,1.60e+01,
21160,-8.00e-03,1.60e+01,
21161,-8.00e-03,1.60e+01,
21162,-8.00e-03,1.68e+01,
21163,-8.00e-03,1.60e+01,
21164,-8.00e-03,1.60e+01,
21165,-1.60e-02,1.60e+01,
21166,-8.00e-03,1.60e+01,
21167,-8.00e-03,1.60e+01,
21168,-8.00e-03,1.60e+01,
21169,-1.60e-02,1.60e+01,
21170,-8.00e-03,1.68e+01,
21171,-8.00e-03,1.60e+01,
21172,-8.00e-03,1.60e+01,
21173,-1.60e-02,1.60e+01,
21174,-8.00e-03,1.60e+01,
21175,-8.00e-03,1.60e+01,
21176,-8.00e-03,1.60e+01,
21177,-8.00e-03,1.60e+01,
21178,-8.00e-03,1.60e+01,
21179,-8.00e-03,1.60e+01,
21180,-8.00e-03,1.60e+01,
21181,-1.60e-02,1.60e+01,
21182,-8.00e-03,1.60e+01,
21183,-1.60e-02,1.60e+01,
21184,-8.00e-03,1.60e+01,
21185,-1.60e-02,1.60e+01,
21186,-8.00e-03,1.60e+01,
21187,-8.00e-03,1.60e+01,
21188,-8.00e-03,1.60e+01,
21189,-1.60e-02,1.60e+01,
21190,-8.00e-03,1.60e+01,
21191,-8.00e-03,1.60e+01,
21192,-8.00e-03,1.60e+01,
21193,-1.60e-02,1.60e+01,
21194,-8.00e-03,1.60e+01,
21195,-8.00e-03,1.60e+01,
21196,-8.00e-03,1.60e+01,
21197,-8.00e-03,1.60e+01,
21198,-8.00e-03,1.60e+01,
21199,-1.60e-02,1.60e+01,
21200,-8.00e-03,1.60e+01,
21201,-1.60e-02,1.60e+01,
21202,-8.00e-03,1.60e+01,
21203,-8.00e-03,1.60e+01,
21204,-8.00e-03,1.60e+01,
21205,-1.60e-02,1.60e+01,
21206,-8.00e-03,1.60e+01,
21207,-8.00e-03,1.60e+01,
21208,-8.00e-03,1.60e+01,
21209,-8.00e-03,1.60e+01,
21210,-8.00e-03,1.60e+01,
21211,-8.00e-03,1.60e+01,
21212,-8.00e-03,1.60e+01,
21213,-1.60e-02,1.60e+01,
21214,-8.00e-03,1.60e+01,
21215,-1.60e-02,1.60e+01,
21216,-8.00e-03,1.60e+01,
21217,-1.60e-02,1.60e+01,
21218,-1.60e-02,1.60e+01,
21219,-8.00e-03,1.60e+01,
21220,-8.00e-03,1.60e+01,
21221,-8.00e-03,1.60e+01,
21222,-8.00e-03,1.60e+01,
21223,-8.00e-03,1.60e+01,
21224,-8.00e-03,1.60e+01,
21225,-8.00e-03,1.60e+01,
21226,-8.00e-03,1.60e+01,
21227,-8.00e-03,1.60e+01,
21228,-1.60e-02,1.60e+01,
21229,-8.00e-03,1.60e+01,
21230,-8.00e-03,1.60e+01,
21231,-8.00e-03,1.60e+01,
21232,-8.00e-03,1.60e+01,
21233,-1.60e-02,1.60e+01,
21234,-8.00e-03,1.60e+01,
21235,-8.00e-03,1.60e+01,
21236,-8.00e-03,1.60e+01,
21237,-8.00e-03,1.60e+01,
21238,-8.00e-03,1.60e+01,
21239,-8.00e-03,1.60e+01,
21240,-8.00e-03,1.60e+01,
21241,-1.60e-02,1.60e+01,
21242,-8.00e-03,1.60e+01,
21243,-8.00e-03,1.60e+01,
21244,-8.00e-03,1.60e+01,
21245,-1.60e-02,1.60e+01,
21246,-8.00e-03,1.60e+01,
21247,-8.00e-03,1.60e+01,
21248,-8.00e-03,1.60e+01,
21249,-1.60e-02,1.60e+01,
21250,-8.00e-03,1.60e+01,
21251,-8.00e-03,1.60e+01,
21252,-8.00e-03,1.60e+01,
21253,-8.00e-03,1.60e+01,
21254,-8.00e-03,1.60e+01,
21255,-8.00e-03,1.60e+01,
21256,-8.00e-03,1.60e+01,
21257,-8.00e-03,1.60e+01,
21258,-8.00e-03,1.60e+01,
21259,-8.00e-03,1.60e+01,
21260,-8.00e-03,1.60e+01,
21261,-1.60e-02,1.60e+01,
21262,-8.00e-03,1.60e+01,
21263,-8.00e-03,1.60e+01,
21264,-8.00e-03,1.60e+01,
21265,-8.00e-03,1.60e+01,
21266,-8.00e-03,1.60e+01,
21267,-8.00e-03,1.60e+01,
21268,-8.00e-03,1.60e+01,
21269,-1.60e-02,1.60e+01,
21270,0.00e+00,1.60e+01,
21271,1.60e-02,1.60e+01,
21272,2.40e-02,1.60e+01,
21273,2.40e-02,1.60e+01,
21274,4.00e-02,1.60e+01,
21275,4.80e-02,1.60e+01,
21276,4.00e-02,1.60e+01,
21277,3.20e-02,1.60e+01,
21278,3.20e-02,1.60e+01,
21279,2.40e-02,1.60e+01,
21280,2.40e-02,1.60e+01,
21281,2.40e-02,1.60e+01,
21282,2.40e-02,1.68e+01,
21283,2.40e-02,1.60e+01,
21284,2.40e-02,1.60e+01,
21285,2.40e-02,1.60e+01,
21286,3.20e-02,1.68e+01,
21287,3.20e-02,1.68e+01,
21288,3.20e-02,1.60e+01,
21289,3.20e-02,1.60e+01,
21290,3.20e-02,1.68e+01,
21291,3.20e-02,1.68e+01,
21292,3.20e-02,1.60e+01,
21293,3.20e-02,1.68e+01,
21294,3.20e-02,1.68e+01,
21295,2.40e-02,1.68e+01,
21296,0.00e+00,1.60e+01,
21297,-8.00e-03,1.68e+01,
21298,0.00e+00,1.68e+01,
21299,2.40e-02,1.60e+01,
21300,6.40e-02,1.60e+01,
21301,1.28e-01,1.44e+01,
21302,1.76e-01,1.20e+01,
21303,1.84e-01,9.60e+00,
21304,1.76e-01,8.00e+00,
21305,1.60e-01,6.40e+00,
21306,1.28e-01,6.40e+00,
21307,8.80e-02,5.60e+00,
21308,4.80e-02,4.80e+00,
21309,1.60e-02,4.00e+00,
21310,-8.00e-03,4.00e+00,
21311,-1.60e-02,4.00e+00,
21312,-2.40e-02,3.20e+00,
21313,-1.60e-02,3.20e+00,
21314,1.60e-02,3.20e+00,
21315,4.00e-02,3.20e+00,
21316,5.60e-02,1.60e+00,
21317,7.20e-02,1.60e+00,
21318,8.00e-02,1.60e+00,
21319,8.80e-02,1.60e+00,
21320,8.00e-02,8.00e-01,
21321,6.40e-02,8.00e-01,
21322,5.60e-02,8.00e-01,
21323,3.20e-02,-1.06e-04,
21324,0.00e+00,-1.06e-04,
21325,-1.60e-02,-8.00e-01,
21326,-2.40e-02,-1.06e-04,
21327,-2.40e-02,-8.00e-01,
21328,-1.60e-02,-8.00e-01,
21329,-8.00e-03,-8.00e-01,
21330,1.60e-02,-1.06e-04,
21331,3.20e-02,-8.00e-01,
21332,4.80e-02,-8.00e-01,
21333,4.80e-02,-8.00e-01,
21334,4.80e-02,-1.06e-04,
21335,4.80e-02,-8.00e-01,
21336,4.00e-02,-8.00e-01,
21337,2.40e-02,-8.00e-01,
21338,0.00e+00,-8.00e-01,
21339,-1.60e-02,-8.00e-01,
21340,-3.20e-02,-8.00e-01,
21341,-3.20e-02,-8.00e-01,
21342,-2.40e-02,-8.00e-01,
21343,-1.60e-02,-8.00e-01,
21344,-8.00e-03,-8.00e-01,
21345,1.60e-02,-8.00e-01,
21346,3.20e-02,-1.06e-04,
21347,4.00e-02,-1.06e-04,
21348,4.00e-02,-8.00e-01,
21349,4.00e-02,-8.00e-01,
21350,4.00e-02,-1.06e-04,
21351,3.20e-02,-8.00e-01,
21352,1.60e-02,-8.00e-01,
21353,-8.00e-03,-8.00e-01,
21354,-1.60e-02,-8.00e-01,
21355,-2.40e-02,-8.00e-01,
21356,-2.40e-02,-8.00e-01,
21357,-2.40e-02,-8.00e-01,
21358,-8.00e-03,-8.00e-01,
21359,0.00e+00,-8.00e-01,
21360,1.60e-02,-8.00e-01,
21361,2.40e-02,-8.00e-01,
21362,3.20e-02,-1.06e-04,
21363,4.00e-02,-8.00e-01,
21364,4.00e-02,-8.00e-01,
21365,2.40e-02,-8.00e-01,
21366,2.40e-02,-8.00e-01,
21367,1.60e-02,-8.00e-01,
21368,-8.00e-03,-1.06e-04,
21369,-1.60e-02,-1.60e+00,
21370,-1.60e-02,-1.06e-04,
21371,-1.60e-02,-8.00e-01,
21372,-1.60e-02,-8.00e-01,
21373,-8.00e-03,-8.00e-01,
21374,0.00e+00,-8.00e-01,
21375,2.40e-02,-8.00e-01,
21376,3.20e-02,-8.00e-01,
21377,3.20e-02,-8.00e-01,
21378,3.20e-02,-1.06e-04,
21379,3.20e-02,-8.00e-01,
21380,2.40e-02,-8.00e-01,
21381,1.60e-02,-8.00e-01,
21382,0.00e+00,-1.06e-04,
21383,-8.00e-03,-8.00e-01,
21384,-8.00e-03,-8.00e-01,
21385,-1.60e-02,-8.00e-01,
21386,-8.00e-03,-8.00e-01,
21387,-8.00e-03,-8.00e-01,
21388,0.00e+00,-8.00e-01,
21389,1.60e-02,-8.00e-01,
21390,2.40e-02,-1.06e-04,
21391,2.40e-02,-8.00e-01,
21392,2.40e-02,-8.00e-01,
21393,2.40e-02,-8.00e-01,
21394,2.40e-02,-1.06e-04,
21395,2.40e-02,-8.00e-01,
21396,1.60e-02,-8.00e-01,
21397,0.00e+00,-8.00e-01,
21398,0.00e+00,-8.00e-01,
21399,-8.00e-03,-8.00e-01,
21400,-8.00e-03,-8.00e-01,
21401,-8.00e-03,-8.00e-01,
21402,0.00e+00,-1.06e-04,
21403,0.00e+00,-8.00e-01,
21404,1.60e-02,-8.00e-01,
21405,2.40e-02,-8.00e-01,
21406,2.40e-02,-1.06e-04,
21407,2.40e-02,-8.00e-01,
21408,2.40e-02,-8.00e-01,
21409,2.40e-02,-8.00e-01,
21410,1.60e-02,-1.06e-04,
21411,1.60e-02,-8.00e-01,
21412,0.00e+00,-8.00e-01,
21413,-8.00e-03,-8.00e-01,
21414,-8.00e-03,-1.06e-04,
21415,-8.00e-03,-8.00e-01,
21416,0.00e+00,-8.00e-01,
21417,0.00e+00,-8.00e-01,
21418,1.60e-02,-1.06e-04,
21419,1.60e-02,-8.00e-01,
21420,2.40e-02,-8.00e-01,
21421,2.40e-02,-8.00e-01,
21422,2.40e-02,-1.06e-04,
21423,2.40e-02,-8.00e-01,
21424,2.40e-02,-8.00e-01,
21425,1.60e-02,-8.00e-01,
21426,1.60e-02,-1.06e-04,
21427,0.00e+00,-8.00e-01,
21428,0.00e+00,-8.00e-01,
21429,0.00e+00,-8.00e-01,
21430,0.00e+00,-1.06e-04,
21431,0.00e+00,-8.00e-01,
21432,0.00e+00,-8.00e-01,
21433,1.60e-02,-8.00e-01,
21434,1.60e-02,-1.06e-04,
21435,2.40e-02,-8.00e-01,
21436,2.40e-02,-8.00e-01,
21437,2.40e-02,-8.00e-01,
21438,2.40e-02,-1.06e-04,
21439,2.40e-02,-8.00e-01,
21440,1.60e-02,-8.00e-01,
21441,1.60e-02,-8.00e-01,
21442,0.00e+00,-1.06e-04,
21443,0.00e+00,-8.00e-01,
21444,0.00e+00,-8.00e-01,
21445,0.00e+00,-8.00e-01,
21446,1.60e-02,-1.06e-04,
21447,1.60e-02,-1.06e-04,
21448,1.60e-02,-8.00e-01,
21449,1.60e-02,-8.00e-01,
21450,2.40e-02,-1.06e-04,
21451,2.40e-02,-8.00e-01,
21452,2.40e-02,-8.00e-01,
21453,2.40e-02,-8.00e-01,
21454,1.60e-02,-1.06e-04,
21455,1.60e-02,-8.00e-01,
21456,1.60e-02,-8.00e-01,
21457,0.00e+00,-8.00e-01,
21458,1.60e-02,-1.06e-04,
21459,1.60e-02,-8.00e-01,
21460,0.00e+00,-8.00e-01,
21461,1.60e-02,-8.00e-01,
21462,1.60e-02,-1.06e-04,
21463,1.60e-02,-8.00e-01,
21464,1.60e-02,-8.00e-01,
21465,1.60e-02,-8.00e-01,
21466,2.40e-02,-1.06e-04,
21467,2.40e-02,-1.06e-04,
21468,2.40e-02,-8.00e-01,
21469,1.60e-02,-8.00e-01,
21470,1.60e-02,-1.06e-04,
21471,1.60e-02,-8.00e-01,
21472,1.60e-02,-8.00e-01,
21473,1.60e-02,-8.00e-01,
21474,1.60e-02,-1.06e-04,
21475,1.60e-02,-8.00e-01,
21476,1.60e-02,-8.00e-01,
21477,1.60e-02,-8.00e-01,
21478,1.60e-02,-1.06e-04,
21479,2.40e-02,-8.00e-01,
21480,2.40e-02,-8.00e-01,
21481,2.40e-02,-8.00e-01,
21482,2.40e-02,-1.06e-04,
21483,2.40e-02,-8.00e-01,
21484,2.40e-02,-8.00e-01,
21485,1.60e-02,-8.00e-01,
21486,1.60e-02,-1.06e-04,
21487,1.60e-02,-8.00e-01,
21488,1.60e-02,-8.00e-01,
21489,1.60e-02,-8.00e-01,
21490,1.60e-02,-1.06e-04,
21491,1.60e-02,-8.00e-01,
21492,1.60e-02,-8.00e-01,
21493,2.40e-02,-8.00e-01,
21494,2.40e-02,-1.06e-04,
21495,2.40e-02,-8.00e-01,
21496,2.40e-02,-8.00e-01,
21497,2.40e-02,-8.00e-01,
21498,2.40e-02,-1.06e-04,
21499,2.40e-02,-8.00e-01,
21500,1.60e-02,-8.00e-01,
21501,1.60e-02,-8.00e-01,
21502,1.60e-02,-1.06e-04,
21503,1.60e-02,-8.00e-01,
21504,1.60e-02,-8.00e-01,
21505,1.60e-02,-8.00e-01,
21506,2.40e-02,-1.06e-04,
21507,2.40e-02,-1.06e-04,
21508,2.40e-02,-8.00e-01,
21509,2.40e-02,-8.00e-01,
21510,2.40e-02,-1.06e-04,
21511,2.40e-02,-8.00e-01,
21512,2.40e-02,-8.00e-01,
21513,2.40e-02,-8.00e-01,
21514,2.40e-02,-1.06e-04,
21515,1.60e-02,-8.00e-01,
21516,1.60e-02,-8.00e-01,
21517,1.60e-02,-8.00e-01,
21518,2.40e-02,-1.06e-04,
21519,2.40e-02,-8.00e-01,
21520,1.60e-02,-8.00e-01,
21521,1.60e-02,-8.00e-01,
21522,2.40e-02,-1.06e-04,
21523,2.40e-02,-8.00e-01,
21524,2.40e-02,-8.00e-01,
21525,2.40e-02,-8.00e-01,
21526,2.40e-02,-1.06e-04,
21527,2.40e-02,-8.00e-01,
21528,2.40e-02,-8.00e-01,
21529,2.40e-02,-8.00e-01,
21530,2.40e-02,-1.06e-04,
21531,2.40e-02,-8.00e-01,
21532,1.60e-02,-8.00e-01,
21533,1.60e-02,-8.00e-01,
21534,2.40e-02,-1.06e-04,
21535,2.40e-02,-8.00e-01,
21536,2.40e-02,-8.00e-01,
21537,2.40e-02,-8.00e-01,
21538,2.40e-02,-1.06e-04,
21539,2.40e-02,-8.00e-01,
21540,2.40e-02,-8.00e-01,
21541,2.40e-02,-8.00e-01,
21542,2.40e-02,-1.06e-04,
21543,2.40e-02,-8.00e-01,
21544,2.40e-02,-8.00e-01,
21545,2.40e-02,-8.00e-01,
21546,2.40e-02,-1.06e-04,
21547,2.40e-02,-1.06e-04,
21548,2.40e-02,-8.00e-01,
21549,2.40e-02,-8.00e-01,
21550,2.40e-02,-1.06e-04,
21551,2.40e-02,-8.00e-01,
21552,2.40e-02,-8.00e-01,
21553,2.40e-02,-8.00e-01,
21554,2.40e-02,-1.06e-04,
21555,2.40e-02,-8.00e-01,
21556,2.40e-02,-8.00e-01,
21557,2.40e-02,-8.00e-01,
21558,2.40e-02,-1.06e-04,
21559,2.40e-02,-8.00e-01,
21560,2.40e-02,-8.00e-01,
21561,2.40e-02,-8.00e-01,
21562,2.40e-02,-1.06e-04,
21563,2.40e-02,-8.00e-01,
21564,2.40e-02,-8.00e-01,
21565,2.40e-02,-8.00e-01,
21566,2.40e-02,-8.00e-01,
21567,2.40e-02,-8.00e-01,
21568,2.40e-02,-1.06e-04,
21569,2.40e-02,-8.00e-01,
21570,2.40e-02,-1.06e-04,
21571,2.40e-02,-8.00e-01,
21572,2.40e-02,-8.00e-01,
21573,2.40e-02,-1.06e-04,
21574,2.40e-02,-8.00e-01,
21575,2.40e-02,-8.00e-01,
21576,2.40e-02,-8.00e-01,
21577,2.40e-02,-8.00e-01,
21578,2.40e-02,-1.06e-04,
21579,2.40e-02,-8.00e-01,
21580,2.40e-02,-8.00e-01,
21581,2.40e-02,-8.00e-01,
21582,2.40e-02,-1.06e-04,
21583,3.20e-02,-8.00e-01,
21584,2.40e-02,-8.00e-01,
21585,2.40e-02,-8.00e-01,
21586,2.40e-02,-8.00e-01,
21587,2.40e-02,-1.06e-04,
21588,2.40e-02,-8.00e-01,
21589,2.40e-02,-8.00e-01,
21590,2.40e-02,-1.06e-04,
21591,2.40e-02,-8.00e-01,
21592,2.40e-02,-8.00e-01,
21593,2.40e-02,-8.00e-01,
21594,3.20e-02,-1.06e-04,
21595,2.40e-02,-8.00e-01,
21596,2.40e-02,-8.00e-01,
21597,2.40e-02,-8.00e-01,
21598,3.20e-02,-1.06e-04,
21599,3.20e-02,-8.00e-01,
21600,3.20e-02,-8.00e-01,
21601,2.40e-02,-8.00e-01,
21602,3.20e-02,-1.06e-04,
21603,3.20e-02,-8.00e-01,
21604,3.20e-02,-8.00e-01,
21605,2.40e-02,-8.00e-01,
21606,3.20e-02,-1.06e-04,
21607,3.20e-02,-8.00e-01,
21608,3.20e-02,-8.00e-01,
21609,2.40e-02,-8.00e-01,
21610,3.20e-02,-1.06e-04,
21611,3.20e-02,-8.00e-01,
21612,3.20e-02,-8.00e-01,
21613,2.40e-02,-8.00e-01,
21614,3.20e-02,-1.06e-04,
21615,3.20e-02,-8.00e-01,
21616,3.20e-02,-8.00e-01,
21617,3.20e-02,-8.00e-01,
21618,3.20e-02,-1.06e-04,
21619,3.20e-02,-8.00e-01,
21620,3.20e-02,-8.00e-01,
21621,3.20e-02,-8.00e-01,
21622,3.20e-02,-1.06e-04,
21623,3.20e-02,-8.00e-01,
21624,3.20e-02,-8.00e-01,
21625,2.40e-02,-8.00e-01,
21626,3.20e-02,-1.06e-04,
21627,3.20e-02,-8.00e-01,
21628,3.20e-02,-8.00e-01,
21629,3.20e-02,-8.00e-01,
21630,3.20e-02,-1.06e-04,
21631,3.20e-02,-8.00e-01,
21632,3.20e-02,-8.00e-01,
21633,3.20e-02,-8.00e-01,
21634,3.20e-02,-1.06e-04,
21635,3.20e-02,-8.00e-01,
21636,3.20e-02,-8.00e-01,
21637,3.20e-02,-8.00e-01,
21638,3.20e-02,-1.06e-04,
21639,3.20e-02,-8.00e-01,
21640,3.20e-02,-8.00e-01,
21641,3.20e-02,-8.00e-01,
21642,3.20e-02,-1.06e-04,
21643,3.20e-02,-8.00e-01,
21644,3.20e-02,-8.00e-01,
21645,3.20e-02,-8.00e-01,
21646,3.20e-02,-1.06e-04,
21647,3.20e-02,-8.00e-01,
21648,3.20e-02,-8.00e-01,
21649,3.20e-02,-8.00e-01,
21650,3.20e-02,-1.06e-04,
21651,3.20e-02,-8.00e-01,
21652,3.20e-02,-8.00e-01,
21653,3.20e-02,-8.00e-01,
21654,3.20e-02,-1.06e-04,
21655,3.20e-02,-8.00e-01,
21656,3.20e-02,-8.00e-01,
21657,3.20e-02,-8.00e-01,
21658,3.20e-02,-1.06e-04,
21659,3.20e-02,-8.00e-01,
21660,3.20e-02,-8.00e-01,
21661,3.20e-02,-8.00e-01,
21662,3.20e-02,-1.06e-04,
21663,3.20e-02,-8.00e-01,
21664,3.20e-02,-8.00e-01,
21665,3.20e-02,-8.00e-01,
21666,3.20e-02,-1.06e-04,
21667,3.20e-02,-1.06e-04,
21668,4.00e-02,-8.00e-01,
21669,3.20e-02,-8.00e-01,
21670,3.20e-02,-1.06e-04,
21671,4.00e-02,-8.00e-01,
21672,3.20e-02,-8.00e-01,
21673,3.20e-02,-8.00e-01,
21674,3.20e-02,-1.06e-04,
21675,3.20e-02,-8.00e-01,
21676,3.20e-02,-8.00e-01,
21677,3.20e-02,-8.00e-01,
21678,3.20e-02,-1.06e-04,
21679,4.00e-02,-8.00e-01,
21680,3.20e-02,-8.00e-01,
21681,3.20e-02,-8.00e-01,
21682,3.20e-02,-1.06e-04,
21683,3.20e-02,-8.00e-01,
21684,3.20e-02,-8.00e-01,
21685,3.20e-02,-8.00e-01,
21686,3.20e-02,-1.06e-04,
21687,3.20e-02,-1.06e-04,
21688,4.00e-02,-8.00e-01,
21689,3.20e-02,-8.00e-01,
21690,4.00e-02,-1.06e-04,
21691,4.00e-02,-8.00e-01,
21692,3.20e-02,-8.00e-01,
21693,3.20e-02,-8.00e-01,
21694,4.00e-02,-1.06e-04,
21695,4.00e-02,-8.00e-01,
21696,3.20e-02,-8.00e-01,
21697,3.20e-02,-8.00e-01,
21698,4.00e-02,-1.06e-04,
21699,4.00e-02,-8.00e-01,
21700,4.00e-02,-8.00e-01,
21701,4.00e-02,-8.00e-01,
21702,4.00e-02,-1.06e-04,
21703,4.00e-02,-1.06e-04,
21704,4.00e-02,-8.00e-01,
21705,3.20e-02,-8.00e-01,
21706,4.00e-02,-1.06e-04,
21707,4.00e-02,-1.06e-04,
21708,4.00e-02,-8.00e-01,
21709,4.00e-02,-8.00e-01,
21710,4.00e-02,-1.06e-04,
21711,4.00e-02,-8.00e-01,
21712,4.00e-02,-8.00e-01,
21713,4.00e-02,-8.00e-01,
21714,4.00e-02,-1.06e-04,
21715,4.00e-02,-8.00e-01,
21716,4.00e-02,-8.00e-01,
21717,4.00e-02,-8.00e-01,
21718,4.00e-02,-1.06e-04,
21719,4.00e-02,-8.00e-01,
21720,4.00e-02,-8.00e-01,
21721,4.00e-02,-8.00e-01,
21722,4.00e-02,-1.06e-04,
21723,4.00e-02,-8.00e-01,
21724,4.00e-02,-8.00e-01,
21725,4.00e-02,-8.00e-01,
21726,4.00e-02,-1.06e-04,
21727,4.00e-02,-1.06e-04,
21728,4.00e-02,-8.00e-01,
21729,4.00e-02,-8.00e-01,
21730,4.00e-02,-1.06e-04,
21731,4.00e-02,-8.00e-01,
21732,4.00e-02,-8.00e-01,
21733,4.00e-02,-8.00e-01,
21734,4.00e-02,-1.06e-04,
21735,4.00e-02,-8.00e-01,
21736,4.00e-02,-8.00e-01,
21737,4.00e-02,-1.06e-04,
21738,4.00e-02,-1.06e-04,
21739,4.00e-02,-8.00e-01,
21740,4.00e-02,-8.00e-01,
21741,4.00e-02,-8.00e-01,
21742,4.00e-02,-1.06e-04,
21743,4.00e-02,-8.00e-01,
21744,4.00e-02,-8.00e-01,
21745,4.00e-02,-8.00e-01,
21746,4.00e-02,-1.06e-04,
21747,4.00e-02,-1.06e-04,
21748,4.00e-02,-8.00e-01,
21749,4.00e-02,-8.00e-01,
21750,4.00e-02,-1.06e-04,
21751,4.00e-02,-8.00e-01,
21752,4.00e-02,-8.00e-01,
21753,4.00e-02,-8.00e-01,
21754,4.00e-02,-1.06e-04,
21755,4.00e-02,-8.00e-01,
21756,4.00e-02,-8.00e-01,
21757,4.00e-02,-1.06e-04,
21758,4.00e-02,-1.06e-04,
21759,4.80e-02,-8.00e-01,
21760,4.00e-02,-8.00e-01,
21761,4.00e-02,-8.00e-01,
21762,4.00e-02,-1.06e-04,
21763,4.00e-02,-8.00e-01,
21764,4.00e-02,-8.00e-01,
21765,4.00e-02,-8.00e-01,
21766,4.00e-02,-1.06e-04,
21767,4.80e-02,-8.00e-01,
21768,4.00e-02,-1.06e-04,
21769,4.00e-02,-8.00e-01,
21770,4.00e-02,-1.06e-04,
21771,4.00e-02,-8.00e-01,
21772,4.00e-02,-8.00e-01,
21773,4.00e-02,-1.06e-04,
21774,4.80e-02,-1.06e-04,
21775,4.80e-02,-1.06e-04,
21776,4.00e-02,-8.00e-01,
21777,4.00e-02,-8.00e-01,
21778,4.00e-02,-1.06e-04,
21779,4.80e-02,-8.00e-01,
21780,4.80e-02,-8.00e-01,
21781,4.00e-02,-8.00e-01,
21782,4.00e-02,-1.06e-04,
21783,4.80e-02,-8.00e-01,
21784,4.80e-02,-8.00e-01,
21785,4.00e-02,-8.00e-01,
21786,4.00e-02,-1.06e-04,
21787,4.80e-02,-1.06e-04,
21788,4.80e-02,-8.00e-01,
21789,4.00e-02,-8.00e-01,
21790,4.80e-02,-1.06e-04,
21791,4.80e-02,-8.00e-01,
21792,4.80e-02,-8.00e-01,
21793,4.80e-02,-8.00e-01,
21794,4.80e-02,-1.06e-04,
21795,4.80e-02,-1.06e-04,
21796,4.80e-02,-8.00e-01,
21797,4.80e-02,-8.00e-01,
21798,4.80e-02,-1.06e-04,
21799,4.80e-02,-8.00e-01,
21800,4.80e-02,-8.00e-01,
21801,4.80e-02,-8.00e-01,
21802,4.80e-02,-1.06e-04,
21803,4.80e-02,-8.00e-01,
21804,4.80e-02,-8.00e-01,
21805,4.80e-02,-8.00e-01,
21806,4.80e-02,-1.06e-04,
21807,4.80e-02,-1.06e-04,
21808,4.80e-02,-8.00e-01,
21809,4.80e-02,-8.00e-01,
21810,4.80e-02,-1.06e-04,
21811,4.80e-02,-8.00e-01,
21812,4.80e-02,-8.00e-01,
21813,4.80e-02,-8.00e-01,
21814,4.80e-02,-1.06e-04,
21815,4.80e-02,-1.06e-04,
21816,4.80e-02,-8.00e-01,
21817,4.80e-02,-8.00e-01,
21818,4.80e-02,-1.06e-04,
21819,4.80e-02,-8.00e-01,
21820,4.80e-02,-8.00e-01,
21821,4.80e-02,-8.00e-01,
21822,4.80e-02,-1.06e-04,
21823,4.80e-02,-8.00e-01,
21824,4.80e-02,-8.00e-01,
21825,4.80e-02,-8.00e-01,
21826,4.80e-02,-1.06e-04,
21827,4.80e-02,-1.06e-04,
21828,4.80e-02,-8.00e-01,
21829,4.80e-02,-8.00e-01,
21830,4.80e-02,-1.06e-04,
21831,4.80e-02,-8.00e-01,
21832,4.80e-02,-8.00e-01,
21833,4.80e-02,-8.00e-01,
21834,4.80e-02,-1.06e-04,
21835,4.80e-02,-8.00e-01,
21836,4.80e-02,-8.00e-01,
21837,4.80e-02,-8.00e-01,
21838,4.80e-02,-1.06e-04,
21839,4.80e-02,-8.00e-01,
21840,4.80e-02,-8.00e-01,
21841,4.80e-02,-8.00e-01,
21842,4.80e-02,-1.06e-04,
21843,4.80e-02,-8.00e-01,
21844,4.80e-02,-8.00e-01,
21845,4.80e-02,-8.00e-01,
21846,4.80e-02,-1.06e-04,
21847,4.80e-02,-1.06e-04,
21848,4.80e-02,-8.00e-01,
21849,4.80e-02,-8.00e-01,
21850,4.80e-02,-1.06e-04,
21851,4.80e-02,-1.06e-04,
21852,4.80e-02,-8.00e-01,
21853,4.80e-02,-8.00e-01,
21854,4.80e-02,-1.06e-04,
21855,4.80e-02,-8.00e-01,
21856,4.80e-02,-8.00e-01,
21857,4.80e-02,-8.00e-01,
21858,4.80e-02,-1.06e-04,
21859,4.80e-02,-1.06e-04,
21860,5.60e-02,-8.00e-01,
21861,4.80e-02,-8.00e-01,
21862,5.60e-02,-1.06e-04,
21863,5.60e-02,-8.00e-01,
21864,4.80e-02,-8.00e-01,
21865,4.80e-02,-8.00e-01,
21866,5.60e-02,-1.06e-04,
21867,4.80e-02,-1.06e-04,
21868,5.60e-02,-8.00e-01,
21869,4.80e-02,-8.00e-01,
21870,4.80e-02,-1.06e-04,
21871,5.60e-02,-8.00e-01,
21872,5.60e-02,-8.00e-01,
21873,4.80e-02,-8.00e-01,
21874,4.80e-02,-1.06e-04,
21875,5.60e-02,-8.00e-01,
21876,5.60e-02,-8.00e-01,
21877,4.80e-02,-1.06e-04,
21878,4.80e-02,-1.06e-04,
21879,5.60e-02,-8.00e-01,
21880,5.60e-02,-8.00e-01,
21881,5.60e-02,-8.00e-01,
21882,5.60e-02,-1.06e-04,
21883,5.60e-02,-8.00e-01,
21884,5.60e-02,-8.00e-01,
21885,4.80e-02,-8.00e-01,
21886,5.60e-02,-1.06e-04,
21887,5.60e-02,-8.00e-01,
21888,5.60e-02,-8.00e-01,
21889,5.60e-02,-1.06e-04,
21890,5.60e-02,-1.06e-04,
21891,5.60e-02,-8.00e-01,
21892,5.60e-02,-8.00e-01,
21893,5.60e-02,-8.00e-01,
21894,5.60e-02,-1.06e-04,
21895,5.60e-02,-8.00e-01,
21896,5.60e-02,-8.00e-01,
21897,5.60e-02,-8.00e-01,
21898,5.60e-02,-1.06e-04,
21899,5.60e-02,-8.00e-01,
21900,5.60e-02,-8.00e-01,
21901,5.60e-02,-8.00e-01,
21902,5.60e-02,-1.06e-04,
21903,5.60e-02,-8.00e-01,
21904,5.60e-02,-8.00e-01,
21905,5.60e-02,-8.00e-01,
21906,5.60e-02,-1.06e-04,
21907,5.60e-02,-1.06e-04,
21908,5.60e-02,-8.00e-01,
21909,5.60e-02,-8.00e-01,
21910,5.60e-02,-1.06e-04,
21911,5.60e-02,-8.00e-01,
21912,5.60e-02,-8.00e-01,
21913,5.60e-02,-8.00e-01,
21914,5.60e-02,-1.06e-04,
21915,5.60e-02,-8.00e-01,
21916,5.60e-02,-8.00e-01,
21917,5.60e-02,-8.00e-01,
21918,5.60e-02,-1.06e-04,
21919,5.60e-02,-8.00e-01,
21920,5.60e-02,-8.00e-01,
21921,5.60e-02,-8.00e-01,
21922,5.60e-02,-1.06e-04,
21923,5.60e-02,-1.06e-04,
21924,5.60e-02,-8.00e-01,
21925,5.60e-02,-1.06e-04,
21926,5.60e-02,-1.06e-04,
21927,5.60e-02,-1.06e-04,
21928,5.60e-02,-8.00e-01,
21929,5.60e-02,-8.00e-01,
21930,5.60e-02,-1.06e-04,
21931,5.60e-02,-1.06e-04,
21932,5.60e-02,-8.00e-01,
21933,5.60e-02,-8.00e-01,
21934,5.60e-02,-1.06e-04,
21935,5.60e-02,-8.00e-01,
21936,5.60e-02,-8.00e-01,
21937,5.60e-02,-1.06e-04,
21938,6.40e-02,-1.06e-04,
21939,5.60e-02,-1.06e-04,
21940,5.60e-02,-8.00e-01,
21941,5.60e-02,-8.00e-01,
21942,5.60e-02,-1.06e-04,
21943,6.40e-02,-1.06e-04,
21944,5.60e-02,-8.00e-01,
21945,5.60e-02,-8.00e-01,
21946,5.60e-02,-8.00e-01,
21947,5.60e-02,-1.06e-04,
21948,5.60e-02,-8.00e-01,
21949,5.60e-02,-8.00e-01,
21950,5.60e-02,-1.06e-04,
21951,6.40e-02,-8.00e-01,
21952,5.60e-02,-8.00e-01,
21953,5.60e-02,-8.00e-01,
21954,5.60e-02,-1.06e-04,
21955,6.40e-02,-8.00e-01,
21956,6.40e-02,-8.00e-01,
21957,5.60e-02,-8.00e-01,
21958,6.40e-02,-1.06e-04,
21959,6.40e-02,-1.06e-04,
21960,5.60e-02,-8.00e-01,
21961,5.60e-02,-8.00e-01,
21962,6.40e-02,-1.06e-04,
21963,6.40e-02,-1.06e-04,
21964,6.40e-02,-8.00e-01,
21965,5.60e-02,-1.06e-04,
21966,6.40e-02,-1.06e-04,
21967,6.40e-02,-8.00e-01,
21968,6.40e-02,-1.06e-04,
21969,6.40e-02,-8.00e-01,
21970,6.40e-02,-1.06e-04,
21971,6.40e-02,-8.00e-01,
21972,6.40e-02,-8.00e-01,
21973,5.60e-02,-1.06e-04,
21974,6.40e-02,-1.06e-04,
21975,6.40e-02,-1.06e-04,
21976,6.40e-02,-8.00e-01,
21977,5.60e-02,-8.00e-01,
21978,6.40e-02,-1.06e-04,
21979,6.40e-02,-1.06e-04,
21980,6.40e-02,-8.00e-01,
21981,6.40e-02,-8.00e-01,
21982,6.40e-02,-1.06e-04,
21983,6.40e-02,-1.06e-04,
21984,6.40e-02,-8.00e-01,
21985,6.40e-02,-1.06e-04,
21986,6.40e-02,-1.06e-04,
21987,6.40e-02,-1.06e-04,
21988,6.40e-02,-8.00e-01,
21989,6.40e-02,-8.00e-01,
21990,6.40e-02,-1.06e-04,
21991,6.40e-02,-8.00e-01,
21992,6.40e-02,-8.00e-01,
21993,5.60e-02,-8.00e-01,
21994,6.40e-02,-1.06e-04,
21995,6.40e-02,-1.06e-04,
21996,6.40e-02,-8.00e-01,
21997,6.40e-02,-1.06e-04,
21998,6.40e-02,-1.06e-04,
21999,6.40e-02,-8.00e-01,
22000,6.40e-02,-8.00e-01,
22001,6.40e-02,-1.06e-04,
22002,6.40e-02,-1.06e-04,
22003,6.40e-02,-8.00e-01,
22004,6.40e-02,-8.00e-01,
22005,6.40e-02,-8.00e-01,
22006,6.40e-02,-1.06e-04,
22007,6.40e-02,-1.06e-04,
22008,6.40e-02,-8.00e-01,
22009,6.40e-02,-8.00e-01,
22010,6.40e-02,-1.06e-04,
22011,6.40e-02,-8.00e-01,
22012,6.40e-02,-8.00e-01,
22013,6.40e-02,-8.00e-01,
22014,6.40e-02,-1.06e-04,
22015,6.40e-02,-8.00e-01,
22016,6.40e-02,-8.00e-01,
22017,6.40e-02,-1.06e-04,
22018,6.40e-02,-1.06e-04,
22019,6.40e-02,-1.06e-04,
22020,6.40e-02,-8.00e-01,
22021,6.40e-02,-8.00e-01,
22022,6.40e-02,-1.06e-04,
22023,6.40e-02,-1.06e-04,
22024,6.40e-02,-8.00e-01,
22025,6.40e-02,-1.06e-04,
22026,6.40e-02,-1.06e-04,
22027,6.40e-02,-1.06e-04,
22028,6.40e-02,-8.00e-01,
22029,6.40e-02,-8.00e-01,
22030,6.40e-02,-1.06e-04,
22031,6.40e-02,-8.00e-01,
22032,6.40e-02,-8.00e-01,
22033,6.40e-02,-8.00e-01,
22034,7.20e-02,-1.06e-04,
22035,6.40e-02,-8.00e-01,
22036,6.40e-02,-8.00e-01,
22037,6.40e-02,-1.06e-04,
22038,6.40e-02,-1.06e-04,
22039,6.40e-02,-8.00e-01,
22040,6.40e-02,-8.00e-01,
22041,6.40e-02,-8.00e-01,
22042,7.20e-02,-1.06e-04,
22043,7.20e-02,-1.06e-04,
22044,7.20e-02,-8.00e-01,
22045,6.40e-02,-8.00e-01,
22046,6.40e-02,-1.06e-04,
22047,7.20e-02,-8.00e-01,
22048,6.40e-02,-8.00e-01,
22049,6.40e-02,-1.06e-04,
22050,7.20e-02,-1.06e-04,
22051,7.20e-02,-1.06e-04,
22052,6.40e-02,-8.00e-01,
22053,6.40e-02,-8.00e-01,
22054,7.20e-02,-1.06e-04,
22055,6.40e-02,-1.06e-04,
22056,7.20e-02,-8.00e-01,
22057,6.40e-02,-1.06e-04,
22058,7.20e-02,-1.06e-04,
22059,7.20e-02,-1.06e-04,
22060,7.20e-02,-8.00e-01,
22061,6.40e-02,-8.00e-01,
22062,7.20e-02,-1.06e-04,
22063,7.20e-02,-1.06e-04,
22064,7.20e-02,-8.00e-01,
22065,6.40e-02,-8.00e-01,
22066,7.20e-02,-1.06e-04,
22067,7.20e-02,-1.06e-04,
22068,7.20e-02,-8.00e-01,
22069,6.40e-02,-1.06e-04,
22070,7.20e-02,-1.06e-04,
22071,7.20e-02,-8.00e-01,
22072,7.20e-02,-8.00e-01,
22073,7.20e-02,-8.00e-01,
22074,7.20e-02,-1.06e-04,
22075,7.20e-02,-8.00e-01,
22076,7.20e-02,-8.00e-01,
22077,7.20e-02,-1.06e-04,
22078,7.20e-02,-1.06e-04,
22079,7.20e-02,-8.00e-01,
22080,7.20e-02,-8.00e-01,
22081,7.20e-02,-8.00e-01,
22082,7.20e-02,-1.06e-04,
22083,7.20e-02,-1.06e-04,
22084,7.20e-02,-8.00e-01,
22085,7.20e-02,-8.00e-01,
22086,7.20e-02,-1.06e-04,
22087,7.20e-02,-8.00e-01,
22088,7.20e-02,-8.00e-01,
22089,7.20e-02,-1.06e-04,
22090,7.20e-02,-1.06e-04,
22091,7.20e-02,-1.06e-04,
22092,7.20e-02,-8.00e-01,
22093,7.20e-02,-8.00e-01,
22094,7.20e-02,-1.06e-04,
22095,7.20e-02,-1.06e-04,
22096,7.20e-02,-8.00e-01,
22097,7.20e-02,-1.06e-04,
22098,7.20e-02,-1.06e-04,
22099,7.20e-02,-1.06e-04,
22100,7.20e-02,-8.00e-01,
22101,7.20e-02,-8.00e-01,
22102,7.20e-02,-1.06e-04,
22103,7.20e-02,-8.00e-01,
22104,7.20e-02,-8.00e-01,
22105,7.20e-02,-1.06e-04,
22106,7.20e-02,-1.06e-04,
22107,7.20e-02,-1.06e-04,
22108,7.20e-02,-8.00e-01,
22109,7.20e-02,-1.06e-04,
22110,7.20e-02,-1.06e-04,
22111,7.20e-02,-8.00e-01,
22112,7.20e-02,-8.00e-01,
22113,7.20e-02,-8.00e-01,
22114,7.20e-02,-1.06e-04,
22115,7.20e-02,-1.06e-04,
22116,8.00e-02,-8.00e-01,
22117,7.20e-02,-8.00e-01,
22118,7.20e-02,-1.06e-04,
22119,7.20e-02,-1.06e-04,
22120,7.20e-02,-8.00e-01,
22121,7.20e-02,-8.00e-01,
22122,7.20e-02,-1.06e-04,
22123,7.20e-02,-1.06e-04,
22124,7.20e-02,-8.00e-01,
22125,7.20e-02,-8.00e-01,
22126,7.20e-02,-1.06e-04,
22127,7.20e-02,-1.06e-04,
22128,7.20e-02,-8.00e-01,
22129,7.20e-02,-1.06e-04,
22130,8.00e-02,-1.06e-04,
22131,8.00e-02,-8.00e-01,
22132,8.00e-02,-8.00e-01,
22133,7.20e-02,-8.00e-01,
22134,7.20e-02,-1.06e-04,
22135,7.20e-02,-1.06e-04,
22136,7.20e-02,-8.00e-01,
22137,7.20e-02,-1.06e-04,
22138,8.00e-02,-1.06e-04,
22139,7.20e-02,-1.06e-04,
22140,7.20e-02,-8.00e-01,
22141,7.20e-02,-8.00e-01,
22142,8.00e-02,-1.06e-04,
22143,8.00e-02,-8.00e-01,
22144,8.00e-02,-8.00e-01,
22145,7.20e-02,-8.00e-01,
22146,8.00e-02,-1.06e-04,
22147,8.00e-02,-1.06e-04,
22148,7.20e-02,-8.00e-01,
22149,7.20e-02,-8.00e-01,
22150,8.00e-02,-1.06e-04,
22151,8.00e-02,-1.06e-04,
22152,8.00e-02,-8.00e-01,
22153,7.20e-02,-8.00e-01,
22154,8.00e-02,-1.06e-04,
22155,8.00e-02,-1.06e-04,
22156,8.00e-02,-8.00e-01,
22157,7.20e-02,-1.06e-04,
22158,8.00e-02,-1.06e-04,
22159,8.00e-02,-1.06e-04,
22160,8.00e-02,-1.06e-04,
22161,8.00e-02,-8.00e-01,
22162,8.00e-02,-1.06e-04,
22163,8.00e-02,-8.00e-01,
22164,8.00e-02,-8.00e-01,
22165,7.20e-02,-8.00e-01,
22166,8.00e-02,-1.06e-04,
22167,8.00e-02,-8.00e-01,
22168,8.00e-02,-1.06e-04,
22169,8.00e-02,-8.00e-01,
22170,8.00e-02,-1.06e-04,
22171,8.00e-02,-8.00e-01,
22172,8.00e-02,-8.00e-01,
22173,8.00e-02,-1.06e-04,
22174,8.00e-02,-1.06e-04,
22175,8.00e-02,-1.06e-04,
22176,8.00e-02,-8.00e-01,
22177,8.00e-02,-8.00e-01,
22178,8.00e-02,-1.06e-04,
22179,8.00e-02,-8.00e-01,
22180,8.00e-02,-8.00e-01,
22181,8.00e-02,-8.00e-01,
22182,8.00e-02,-1.06e-04,
22183,8.00e-02,-8.00e-01,
22184,8.00e-02,-8.00e-01,
22185,8.00e-02,-1.06e-04,
22186,8.00e-02,-1.06e-04,
22187,8.00e-02,-1.06e-04,
22188,8.00e-02,-8.00e-01,
22189,8.00e-02,-1.06e-04,
22190,8.00e-02,-1.06e-04,
22191,8.00e-02,-1.06e-04,
22192,8.00e-02,-8.00e-01,
22193,8.00e-02,-8.00e-01,
22194,8.00e-02,-1.06e-04,
22195,8.00e-02,-1.06e-04,
22196,8.00e-02,-8.00e-01,
22197,8.00e-02,-1.06e-04,
22198,8.00e-02,-1.06e-04,
22199,8.00e-02,-1.06e-04,
22200,8.00e-02,-8.00e-01,
22201,8.00e-02,-8.00e-01,
22202,8.00e-02,-1.06e-04,
22203,8.00e-02,-8.00e-01,
22204,8.00e-02,-8.00e-01,
22205,8.00e-02,-8.00e-01,
22206,8.00e-02,-1.06e-04,
22207,8.00e-02,-1.06e-04,
22208,8.00e-02,-8.00e-01,
22209,8.00e-02,-1.06e-04,
22210,8.00e-02,-1.06e-04,
22211,8.00e-02,-1.06e-04,
22212,8.00e-02,-8.00e-01,
22213,8.00e-02,-8.00e-01,
22214,8.00e-02,-1.06e-04,
22215,8.00e-02,-8.00e-01,
22216,8.00e-02,-8.00e-01,
22217,8.00e-02,-1.06e-04,
22218,8.00e-02,-1.06e-04,
22219,8.00e-02,-8.00e-01,
22220,8.00e-02,-8.00e-01,
22221,8.00e-02,-8.00e-01,
22222,8.00e-02,-1.06e-04,
22223,8.80e-02,-1.06e-04,
22224,8.00e-02,-8.00e-01,
22225,8.00e-02,-1.06e-04,
22226,8.80e-02,-1.06e-04,
22227,8.80e-02,-1.06e-04,
22228,8.80e-02,-8.00e-01,
22229,8.00e-02,-1.06e-04,
22230,8.80e-02,-1.06e-04,
22231,8.80e-02,-1.06e-04,
22232,8.80e-02,-8.00e-01,
22233,8.00e-02,-8.00e-01,
22234,8.80e-02,-1.06e-04,
22235,8.80e-02,-1.06e-04,
22236,8.00e-02,-8.00e-01,
22237,8.00e-02,-8.00e-01,
22238,8.80e-02,-1.06e-04,
22239,8.80e-02,-1.06e-04,
22240,8.80e-02,-8.00e-01,
22241,8.00e-02,-8.00e-01,
22242,8.80e-02,-1.06e-04,
22243,8.80e-02,-1.06e-04,
22244,8.80e-02,-8.00e-01,
22245,8.80e-02,-8.00e-01,
22246,8.80e-02,-1.06e-04,
22247,8.80e-02,-1.06e-04,
22248,8.80e-02,-8.00e-01,
22249,8.00e-02,-1.06e-04,
22250,8.80e-02,-1.06e-04,
22251,8.80e-02,-1.06e-04,
22252,8.80e-02,-8.00e-01,
22253,8.80e-02,-8.00e-01,
22254,8.80e-02,-1.06e-04,
22255,8.80e-02,-8.00e-01,
22256,8.80e-02,-8.00e-01,
22257,8.00e-02,-1.06e-04,
22258,8.80e-02,-1.06e-04,
22259,8.80e-02,-8.00e-01,
22260,8.80e-02,-8.00e-01,
22261,8.80e-02,-8.00e-01,
22262,8.80e-02,-1.06e-04,
22263,8.80e-02,-1.06e-04,
22264,8.80e-02,-8.00e-01,
22265,8.80e-02,-8.00e-01,
22266,8.80e-02,-1.06e-04,
22267,8.80e-02,-1.06e-04,
22268,8.80e-02,-8.00e-01,
22269,8.80e-02,-1.06e-04,
22270,8.80e-02,-1.06e-04,
22271,8.80e-02,-1.06e-04,
22272,8.80e-02,-8.00e-01,
22273,8.80e-02,-8.00e-01,
22274,8.80e-02,-1.06e-04,
22275,8.80e-02,-1.06e-04,
22276,8.80e-02,-8.00e-01,
22277,8.80e-02,-1.06e-04,
22278,8.80e-02,-1.06e-04,
22279,8.80e-02,-1.06e-04,
22280,8.80e-02,-8.00e-01,
22281,8.80e-02,-8.00e-01,
22282,8.80e-02,-1.06e-04,
22283,8.80e-02,-8.00e-01,
22284,8.80e-02,-8.00e-01,
22285,8.80e-02,-8.00e-01,
22286,8.80e-02,-1.06e-04,
22287,8.80e-02,-1.06e-04,
22288,8.80e-02,-8.00e-01,
22289,8.80e-02,-1.06e-04,
22290,8.80e-02,-1.06e-04,
22291,8.80e-02,-1.06e-04,
22292,8.80e-02,-8.00e-01,
22293,8.80e-02,-8.00e-01,
22294,8.80e-02,-1.06e-04,
22295,8.80e-02,-1.06e-04,
22296,8.80e-02,-8.00e-01,
22297,8.80e-02,-8.00e-01,
22298,8.80e-02,-1.06e-04,
22299,8.80e-02,-1.06e-04,
22300,8.80e-02,-8.00e-01,
22301,8.80e-02,-1.06e-04,
22302,8.80e-02,-1.06e-04,
22303,8.80e-02,-1.06e-04,
22304,8.80e-02,-8.00e-01,
22305,8.80e-02,-8.00e-01,
22306,8.80e-02,-1.06e-04,
22307,9.60e-02,-1.06e-04,
22308,8.80e-02,-8.00e-01,
22309,8.80e-02,-1.06e-04,
22310,9.60e-02,-1.06e-04,
22311,8.80e-02,-1.06e-04,
22312,9.60e-02,-8.00e-01,
22313,8.80e-02,-8.00e-01,
22314,8.80e-02,-1.06e-04,
22315,9.60e-02,-8.00e-01,
22316,9.60e-02,-8.00e-01,
22317,8.80e-02,-1.06e-04,
22318,9.60e-02,-1.06e-04,
22319,9.60e-02,-1.06e-04,
22320,9.60e-02,-8.00e-01,
22321,8.80e-02,-8.00e-01,
22322,9.60e-02,-1.06e-04,
22323,9.60e-02,-1.06e-04,
22324,9.60e-02,-8.00e-01,
22325,8.80e-02,-1.06e-04,
22326,8.80e-02,-1.06e-04,
22327,9.60e-02,-1.06e-04,
22328,9.60e-02,-8.00e-01,
22329,8.80e-02,-8.00e-01,
22330,9.60e-02,-1.06e-04,
22331,9.60e-02,-1.06e-04,
22332,9.60e-02,-8.00e-01,
22333,9.60e-02,-1.06e-04,
22334,9.60e-02,-1.06e-04,
22335,9.60e-02,-8.00e-01,
22336,9.60e-02,-8.00e-01,
22337,8.80e-02,-1.06e-04,
22338,9.60e-02,-1.06e-04,
22339,9.60e-02,-1.06e-04,
22340,9.60e-02,-8.00e-01,
22341,9.60e-02,-8.00e-01,
22342,9.60e-02,-1.06e-04,
22343,9.60e-02,-1.06e-04,
22344,9.60e-02,-8.00e-01,
22345,9.60e-02,-1.06e-04,
22346,9.60e-02,-1.06e-04,
22347,9.60e-02,-1.06e-04,
22348,9.60e-02,-8.00e-01,
22349,9.60e-02,-8.00e-01,
22350,9.60e-02,-1.06e-04,
22351,9.60e-02,-8.00e-01,
22352,9.60e-02,-8.00e-01,
22353,9.60e-02,-8.00e-01,
22354,9.60e-02,-1.06e-04,
22355,9.60e-02,-1.06e-04,
22356,9.60e-02,-8.00e-01,
22357,9.60e-02,-1.06e-04,
22358,9.60e-02,-1.06e-04,
22359,9.60e-02,-1.06e-04,
22360,9.60e-02,-8.00e-01,
22361,9.60e-02,-8.00e-01,
22362,9.60e-02,-1.06e-04,
22363,9.60e-02,-1.06e-04,
22364,9.60e-02,-1.06e-04,
22365,9.60e-02,-8.00e-01,
22366,9.60e-02,-1.06e-04,
22367,9.60e-02,-1.06e-04,
22368,9.60e-02,-1.06e-04,
22369,9.60e-02,-8.00e-01,
22370,9.60e-02,-1.06e-04,
22371,9.60e-02,-8.00e-01,
22372,9.60e-02,-8.00e-01,
22373,9.60e-02,-1.06e-04,
22374,9.60e-02,-1.06e-04,
22375,9.60e-02,-1.06e-04,
22376,9.60e-02,-8.00e-01,
22377,9.60e-02,-8.00e-01,
22378,9.60e-02,-1.06e-04,
22379,9.60e-02,-8.00e-01,
22380,9.60e-02,-8.00e-01,
22381,9.60e-02,-8.00e-01,
22382,9.60e-02,-1.06e-04,
22383,9.60e-02,-1.06e-04,
22384,9.60e-02,-8.00e-01,
22385,9.60e-02,-8.00e-01,
22386,9.60e-02,-1.06e-04,
22387,9.60e-02,-1.06e-04,
22388,9.60e-02,-8.00e-01,
22389,9.60e-02,-1.06e-04,
22390,9.60e-02,-1.06e-04,
22391,9.60e-02,-1.06e-04,
22392,9.60e-02,-8.00e-01,
22393,9.60e-02,-8.00e-01,
22394,1.04e-01,-1.06e-04,
22395,1.04e-01,-1.06e-04,
22396,9.60e-02,-8.00e-01,
22397,9.60e-02,-1.06e-04,
22398,9.60e-02,-1.06e-04,
22399,9.60e-02,-1.06e-04,
22400,1.04e-01,-8.00e-01,
22401,9.60e-02,-8.00e-01,
22402,9.60e-02,-1.06e-04,
22403,1.04e-01,-8.00e-01,
22404,1.04e-01,-8.00e-01,
22405,9.60e-02,-1.06e-04,
22406,1.04e-01,-1.06e-04,
22407,9.60e-02,-1.06e-04,
22408,1.04e-01,-8.00e-01,
22409,9.60e-02,-1.06e-04,
22410,1.04e-01,-1.06e-04,
22411,1.04e-01,-1.06e-04,
22412,9.60e-02,-8.00e-01,
22413,9.60e-02,-8.00e-01,
22414,1.04e-01,-1.06e-04,
22415,1.04e-01,-1.06e-04,
22416,1.04e-01,-8.00e-01,
22417,9.60e-02,-1.06e-04,
22418,1.04e-01,-1.06e-04,
22419,1.04e-01,-1.06e-04,
22420,1.04e-01,-8.00e-01,
22421,1.04e-01,-1.06e-04,
22422,1.04e-01,-1.06e-04,
22423,1.04e-01,-1.06e-04,
22424,1.04e-01,-8.00e-01,
22425,1.04e-01,-1.06e-04,
22426,1.04e-01,-1.06e-04,
22427,1.04e-01,-1.06e-04,
22428,1.04e-01,-8.00e-01,
22429,1.04e-01,-1.06e-04,
22430,1.04e-01,-1.06e-04,
22431,1.04e-01,-1.06e-04,
22432,1.04e-01,-8.00e-01,
22433,1.04e-01,-8.00e-01,
22434,1.04e-01,-1.06e-04,
22435,1.04e-01,-1.06e-04,
22436,1.04e-01,-8.00e-01,
22437,1.04e-01,-1.06e-04,
22438,1.04e-01,-1.06e-04,
22439,1.04e-01,-1.06e-04,
22440,1.04e-01,-1.06e-04,
22441,1.04e-01,-8.00e-01,
22442,1.04e-01,-1.06e-04,
22443,1.04e-01,-1.06e-04,
22444,1.04e-01,-1.06e-04,
22445,1.04e-01,-8.00e-01,
22446,1.04e-01,-1.06e-04,
22447,1.04e-01,-1.06e-04,
22448,1.04e-01,-8.00e-01,
22449,9.60e-02,-1.06e-04,
22450,1.04e-01,-1.06e-04,
22451,1.04e-01,-1.06e-04,
22452,1.04e-01,-8.00e-01,
22453,1.04e-01,-8.00e-01,
22454,1.04e-01,-1.06e-04,
22455,1.04e-01,-1.06e-04,
22456,1.04e-01,-8.00e-01,
22457,1.04e-01,-1.06e-04,
22458,1.04e-01,-1.06e-04,
22459,1.04e-01,-1.06e-04,
22460,1.04e-01,-8.00e-01,
22461,1.04e-01,-1.06e-04,
22462,1.04e-01,-1.06e-04,
22463,1.04e-01,-1.06e-04,
22464,1.04e-01,-8.00e-01,
22465,1.04e-01,-8.00e-01,
22466,1.04e-01,-1.06e-04,
22467,1.04e-01,-1.06e-04,
22468,1.04e-01,-8.00e-01,
22469,1.04e-01,-1.06e-04,
22470,1.04e-01,-1.06e-04,
22471,1.04e-01,-1.06e-04,
22472,1.04e-01,-8.00e-01,
22473,1.04e-01,-8.00e-01,
22474,1.04e-01,-1.06e-04,
22475,1.04e-01,-1.06e-04,
22476,1.04e-01,-8.00e-01,
22477,1.04e-01,-1.06e-04,
22478,1.04e-01,-1.06e-04,
22479,1.04e-01,-8.00e-01,
22480,1.04e-01,-8.00e-01,
22481,1.04e-01,-8.00e-01,
22482,1.04e-01,-1.06e-04,
22483,1.12e-01,-1.06e-04,
22484,1.04e-01,-8.00e-01,
22485,1.04e-01,-8.00e-01,
22486,1.04e-01,-1.06e-04,
22487,1.04e-01,-1.06e-04,
22488,1.04e-01,-8.00e-01,
22489,1.04e-01,-1.06e-04,
22490,1.04e-01,-1.06e-04,
22491,1.12e-01,-1.06e-04,
22492,1.12e-01,-8.00e-01,
22493,1.04e-01,-1.06e-04,
22494,1.04e-01,-1.06e-04,
22495,1.04e-01,-1.06e-04,
22496,1.04e-01,-8.00e-01,
22497,1.04e-01,-1.06e-04,
22498,1.12e-01,-1.06e-04,
22499,1.12e-01,-1.06e-04,
22500,1.04e-01,-8.00e-01,
22501,1.04e-01,-8.00e-01,
22502,1.04e-01,-1.06e-04,
22503,1.12e-01,-1.06e-04,
22504,1.12e-01,-8.00e-01,
22505,1.04e-01,-8.00e-01,
22506,1.12e-01,-1.06e-04,
22507,1.12e-01,-1.06e-04,
22508,1.12e-01,-1.06e-04,
22509,1.12e-01,-8.00e-01,
22510,1.12e-01,-1.06e-04,
22511,1.12e-01,-1.06e-04,
22512,1.12e-01,-8.00e-01,
22513,1.04e-01,-8.00e-01,
22514,1.12e-01,-1.06e-04,
22515,1.12e-01,-8.00e-01,
22516,1.12e-01,-8.00e-01,
22517,1.04e-01,-1.06e-04,
22518,1.12e-01,-1.06e-04,
22519,1.12e-01,-1.06e-04,
22520,1.12e-01,-8.00e-01,
22521,1.04e-01,-1.06e-04,
22522,1.12e-01,-1.06e-04,
22523,1.12e-01,-1.06e-04,
22524,1.12e-01,-8.00e-01,
22525,1.04e-01,-1.06e-04,
22526,1.12e-01,-1.06e-04,
22527,1.12e-01,-1.06e-04,
22528,1.12e-01,-8.00e-01,
22529,1.12e-01,-8.00e-01,
22530,1.12e-01,-1.06e-04,
22531,1.12e-01,-1.06e-04,
22532,1.12e-01,-8.00e-01,
22533,1.12e-01,-8.00e-01,
22534,1.12e-01,-1.06e-04,
22535,1.12e-01,-1.06e-04,
22536,1.12e-01,-8.00e-01,
22537,1.12e-01,-1.06e-04,
22538,1.12e-01,-1.06e-04,
22539,1.12e-01,-1.06e-04,
22540,1.12e-01,-8.00e-01,
22541,1.12e-01,-1.06e-04,
22542,1.12e-01,-1.06e-04,
22543,1.12e-01,-1.06e-04,
22544,1.12e-01,-8.00e-01,
22545,1.12e-01,-1.06e-04,
22546,1.12e-01,-1.06e-04,
22547,1.12e-01,-1.06e-04,
22548,1.12e-01,-8.00e-01,
22549,1.12e-01,-1.06e-04,
22550,1.12e-01,-1.06e-04,
22551,1.12e-01,-1.06e-04,
22552,1.12e-01,-8.00e-01,
22553,1.12e-01,-1.06e-04,
22554,1.12e-01,-1.06e-04,
22555,1.12e-01,-1.06e-04,
22556,1.12e-01,-8.00e-01,
22557,1.12e-01,-1.06e-04,
22558,1.12e-01,-1.06e-04,
22559,1.12e-01,-1.06e-04,
22560,1.12e-01,-1.06e-04,
22561,1.12e-01,-1.06e-04,
22562,1.12e-01,-1.06e-04,
22563,1.12e-01,-1.06e-04,
22564,1.12e-01,-8.00e-01,
22565,1.12e-01,-1.06e-04,
22566,1.12e-01,-1.06e-04,
22567,1.12e-01,-8.00e-01,
22568,1.12e-01,-1.06e-04,
22569,1.12e-01,-8.00e-01,
22570,1.12e-01,8.00e-01,
22571,1.12e-01,-8.00e-01,
22572,1.12e-01,-8.00e-01,
22573,1.12e-01,-1.06e-04,
22574,1.12e-01,-1.06e-04,
22575,1.12e-01,-1.06e-04,
22576,1.12e-01,-8.00e-01,
22577,1.12e-01,-1.06e-04,
22578,1.12e-01,-1.06e-04,
22579,1.12e-01,-1.06e-04,
22580,1.12e-01,-8.00e-01,
22581,1.12e-01,-1.06e-04,
22582,1.12e-01,-1.06e-04,
22583,1.20e-01,-1.06e-04,
22584,1.12e-01,-8.00e-01,
22585,1.12e-01,-1.06e-04,
22586,1.12e-01,-1.06e-04,
22587,1.12e-01,-1.06e-04,
22588,1.12e-01,-8.00e-01,
22589,1.12e-01,-1.06e-04,
22590,1.12e-01,-1.06e-04,
22591,1.20e-01,-1.06e-04,
22592,1.20e-01,-8.00e-01,
22593,1.12e-01,-8.00e-01,
22594,1.12e-01,-1.06e-04,
22595,1.20e-01,-1.06e-04,
22596,1.20e-01,-8.00e-01,
22597,1.12e-01,-1.06e-04,
22598,1.20e-01,-1.06e-04,
22599,1.12e-01,-1.06e-04,
22600,1.20e-01,-8.00e-01,
22601,1.12e-01,-8.00e-01,
22602,1.20e-01,-1.06e-04,
22603,1.20e-01,-1.06e-04,
22604,1.20e-01,-8.00e-01,
22605,1.12e-01,-8.00e-01,
22606,1.20e-01,-1.06e-04,
22607,1.20e-01,-1.06e-04,
22608,1.20e-01,-8.00e-01,
22609,1.20e-01,-1.06e-04,
22610,1.20e-01,-1.06e-04,
22611,1.20e-01,-8.00e-01,
22612,1.20e-01,-8.00e-01,
22613,1.20e-01,-8.00e-01,
22614,1.20e-01,-1.06e-04,
22615,1.20e-01,-1.06e-04,
22616,1.20e-01,-8.00e-01,
22617,1.20e-01,-1.06e-04,
22618,1.20e-01,-1.06e-04,
22619,1.20e-01,-1.06e-04,
22620,1.20e-01,-1.06e-04,
22621,1.20e-01,-8.00e-01,
22622,1.20e-01,-1.06e-04,
22623,1.20e-01,-1.06e-04,
22624,1.20e-01,-8.00e-01,
22625,1.20e-01,-8.00e-01,
22626,1.20e-01,-1.06e-04,
22627,1.20e-01,-1.06e-04,
22628,1.20e-01,-8.00e-01,
22629,1.20e-01,-1.06e-04,
22630,1.20e-01,-1.06e-04,
22631,1.20e-01,-1.06e-04,
22632,1.20e-01,-8.00e-01,
22633,1.20e-01,-1.06e-04,
22634,1.20e-01,-1.06e-04,
22635,1.20e-01,-1.06e-04,
22636,1.20e-01,-8.00e-01,
22637,1.20e-01,-1.06e-04,
22638,1.20e-01,-1.06e-04,
22639,1.20e-01,-1.06e-04,
22640,1.20e-01,-8.00e-01,
22641,1.20e-01,-8.00e-01,
22642,1.20e-01,-1.06e-04,
22643,1.20e-01,-1.06e-04,
22644,1.20e-01,-8.00e-01,
22645,1.20e-01,-1.06e-04,
22646,1.20e-01,-1.06e-04,
22647,1.20e-01,-1.06e-04,
22648,1.20e-01,-8.00e-01,
22649,1.20e-01,-1.06e-04,
22650,1.20e-01,-1.06e-04,
22651,1.20e-01,-1.06e-04,
22652,1.20e-01,-8.00e-01,
22653,1.20e-01,-1.06e-04,
22654,1.20e-01,-1.06e-04,
22655,1.20e-01,-1.06e-04,
22656,1.20e-01,-8.00e-01,
22657,1.20e-01,-8.00e-01,
22658,1.20e-01,-1.06e-04,
22659,1.20e-01,-1.06e-04,
22660,1.20e-01,-8.00e-01,
22661,1.20e-01,-1.06e-04,
22662,1.28e-01,-1.06e-04,
22663,1.20e-01,-1.06e-04,
22664,1.20e-01,-8.00e-01,
22665,1.20e-01,-1.06e-04,
22666,1.20e-01,-1.06e-04,
22667,1.28e-01,-1.06e-04,
22668,1.28e-01,-8.00e-01,
22669,1.20e-01,-1.06e-04,
22670,1.20e-01,-1.06e-04,
22671,1.20e-01,-1.06e-04,
22672,1.20e-01,-8.00e-01,
22673,1.20e-01,-1.06e-04,
22674,1.20e-01,-1.06e-04,
22675,1.20e-01,-1.06e-04,
22676,1.20e-01,-8.00e-01,
22677,1.20e-01,-1.06e-04,
22678,1.20e-01,-1.06e-04,
22679,1.28e-01,-1.06e-04,
22680,1.20e-01,-8.00e-01,
22681,1.20e-01,-8.00e-01,
22682,1.28e-01,-1.06e-04,
22683,1.28e-01,-1.06e-04,
22684,1.28e-01,-8.00e-01,
22685,1.20e-01,-1.06e-04,
22686,1.28e-01,-1.06e-04,
22687,1.28e-01,-1.06e-04,
22688,1.28e-01,-8.00e-01,
22689,1.20e-01,-1.06e-04,
22690,1.28e-01,-1.06e-04,
22691,1.28e-01,-1.06e-04,
22692,1.28e-01,-8.00e-01,
22693,1.20e-01,-1.06e-04,
22694,1.28e-01,-1.06e-04,
22695,1.28e-01,-1.06e-04,
22696,1.28e-01,-8.00e-01,
22697,1.28e-01,-1.06e-04,
22698,1.28e-01,-1.06e-04,
22699,1.28e-01,-1.06e-04,
22700,1.28e-01,-8.00e-01,
22701,1.20e-01,-1.06e-04,
22702,1.28e-01,-1.06e-04,
22703,1.28e-01,-1.06e-04,
22704,1.28e-01,-8.00e-01,
22705,1.20e-01,-1.06e-04,
22706,1.28e-01,-1.06e-04,
22707,1.28e-01,-1.06e-04,
22708,1.28e-01,-8.00e-01,
22709,1.28e-01,-1.06e-04,
22710,1.28e-01,-1.06e-04,
22711,1.28e-01,-1.06e-04,
22712,1.28e-01,-1.06e-04,
22713,1.28e-01,-1.06e-04,
22714,1.28e-01,-1.06e-04,
22715,1.28e-01,-1.06e-04,
22716,1.28e-01,-1.06e-04,
22717,1.28e-01,-1.06e-04,
22718,1.28e-01,-1.06e-04,
22719,1.28e-01,-1.06e-04,
22720,1.28e-01,-8.00e-01,
22721,1.28e-01,-8.00e-01,
22722,1.28e-01,-1.06e-04,
22723,1.28e-01,-1.06e-04,
22724,1.28e-01,-8.00e-01,
22725,1.28e-01,-1.06e-04,
22726,1.28e-01,-1.06e-04,
22727,1.28e-01,-1.06e-04,
22728,1.28e-01,-8.00e-01,
22729,1.28e-01,-1.06e-04,
22730,1.28e-01,-1.06e-04,
22731,1.28e-01,-1.06e-04,
22732,1.28e-01,-8.00e-01,
22733,1.28e-01,-1.06e-04,
22734,1.28e-01,-1.06e-04,
22735,1.28e-01,-1.06e-04,
22736,1.28e-01,-8.00e-01,
22737,1.28e-01,-1.06e-04,
22738,1.28e-01,-1.06e-04,
22739,1.28e-01,-1.06e-04,
22740,1.28e-01,-1.06e-04,
22741,1.28e-01,-1.06e-04,
22742,1.28e-01,-1.06e-04,
22743,1.28e-01,-1.06e-04,
22744,1.28e-01,-8.00e-01,
22745,1.28e-01,-1.06e-04,
22746,1.28e-01,-1.06e-04,
22747,1.28e-01,-1.06e-04,
22748,1.28e-01,-8.00e-01,
22749,1.28e-01,-1.06e-04,
22750,1.28e-01,-1.06e-04,
22751,1.28e-01,-1.06e-04,
22752,1.28e-01,-8.00e-01,
22753,1.28e-01,-1.06e-04,
22754,1.28e-01,-1.06e-04,
22755,1.28e-01,-1.06e-04,
22756,1.28e-01,-8.00e-01,
22757,1.28e-01,-1.06e-04,
22758,1.28e-01,-1.06e-04,
22759,1.28e-01,-1.06e-04,
22760,1.28e-01,-1.06e-04,
22761,1.28e-01,-8.00e-01,
22762,1.28e-01,-1.06e-04,
22763,1.28e-01,-1.06e-04,
22764,1.28e-01,-8.00e-01,
22765,1.28e-01,-1.06e-04,
22766,1.28e-01,-1.06e-04,
22767,1.36e-01,-8.00e-01,
22768,1.28e-01,-1.06e-04,
22769,1.28e-01,-8.00e-01,
22770,1.28e-01,8.00e-01,
22771,1.36e-01,-1.06e-04,
22772,1.28e-01,-8.00e-01,
22773,1.28e-01,-1.06e-04,
22774,1.28e-01,-1.06e-04,
22775,1.36e-01,-1.06e-04,
22776,1.36e-01,-8.00e-01,
22777,1.28e-01,-1.06e-04,
22778,1.36e-01,-1.06e-04,
22779,1.36e-01,-1.06e-04,
22780,1.28e-01,-8.00e-01,
22781,1.28e-01,-1.06e-04,
22782,1.36e-01,-1.06e-04,
22783,1.36e-01,-1.06e-04,
22784,1.36e-01,-1.06e-04,
22785,1.28e-01,-1.06e-04,
22786,1.36e-01,-1.06e-04,
22787,1.36e-01,-1.06e-04,
22788,1.36e-01,-8.00e-01,
22789,1.28e-01,-1.06e-04,
22790,1.36e-01,-1.06e-04,
22791,1.36e-01,-1.06e-04,
22792,1.36e-01,-1.06e-04,
22793,1.36e-01,-8.00e-01,
22794,1.36e-01,-1.06e-04,
22795,1.36e-01,-1.06e-04,
22796,1.36e-01,-8.00e-01,
22797,1.36e-01,-1.06e-04,
22798,1.36e-01,-1.06e-04,
22799,1.36e-01,-1.06e-04,
22800,1.36e-01,-1.06e-04,
22801,1.36e-01,-8.00e-01,
22802,1.36e-01,-1.06e-04,
22803,1.36e-01,-1.06e-04,
22804,1.36e-01,-8.00e-01,
22805,1.36e-01,-1.06e-04,
22806,1.36e-01,-1.06e-04,
22807,1.36e-01,-1.06e-04,
22808,1.36e-01,-8.00e-01,
22809,1.36e-01,-1.06e-04,
22810,1.36e-01,-1.06e-04,
22811,1.36e-01,-1.06e-04,
22812,1.36e-01,-1.06e-04,
22813,1.36e-01,-1.06e-04,
22814,1.36e-01,-1.06e-04,
22815,1.36e-01,-1.06e-04,
22816,1.36e-01,-8.00e-01,
22817,1.36e-01,-1.06e-04,
22818,1.36e-01,-1.06e-04,
22819,1.36e-01,-1.06e-04,
22820,1.36e-01,-1.06e-04,
22821,1.36e-01,-1.06e-04,
22822,1.36e-01,-1.06e-04,
22823,1.36e-01,-1.06e-04,
22824,1.36e-01,-8.00e-01,
22825,1.36e-01,-1.06e-04,
22826,1.36e-01,-1.06e-04,
22827,1.36e-01,-1.06e-04,
22828,1.36e-01,-1.06e-04,
22829,1.36e-01,-1.06e-04,
22830,1.36e-01,-1.06e-04,
22831,1.36e-01,-1.06e-04,
22832,1.36e-01,-1.06e-04,
22833,1.36e-01,-8.00e-01,
22834,1.36e-01,-1.06e-04,
22835,1.36e-01,-8.00e-01,
22836,1.36e-01,-8.00e-01,
22837,1.36e-01,-1.06e-04,
22838,1.36e-01,-1.06e-04,
22839,1.44e-01,-1.06e-04,
22840,1.36e-01,-1.06e-04,
22841,1.36e-01,-1.06e-04,
22842,1.36e-01,-1.06e-04,
22843,1.36e-01,-1.06e-04,
22844,1.36e-01,-1.06e-04,
22845,1.36e-01,-1.06e-04,
22846,1.36e-01,-1.06e-04,
22847,1.36e-01,-1.06e-04,
22848,1.36e-01,-8.00e-01,
22849,1.36e-01,-1.06e-04,
22850,1.36e-01,-1.06e-04,
22851,1.44e-01,-1.06e-04,
22852,1.36e-01,-1.06e-04,
22853,1.36e-01,-8.00e-01,
22854,1.36e-01,-1.06e-04,
22855,1.36e-01,-1.06e-04,
22856,1.36e-01,-8.00e-01,
22857,1.36e-01,-1.06e-04,
22858,1.36e-01,-1.06e-04,
22859,1.44e-01,-1.06e-04,
22860,1.36e-01,-1.06e-04,
22861,1.36e-01,-1.06e-04,
22862,1.36e-01,-1.06e-04,
22863,1.44e-01,-1.06e-04,
22864,1.36e-01,-8.00e-01,
22865,1.36e-01,-8.00e-01,
22866,1.44e-01,-1.06e-04,
22867,1.44e-01,-1.06e-04,
22868,1.36e-01,-8.00e-01,
22869,1.44e-01,-1.06e-04,
22870,1.44e-01,-1.06e-04,
22871,1.44e-01,-1.06e-04,
22872,1.44e-01,-1.06e-04,
22873,1.44e-01,-8.00e-01,
22874,1.44e-01,-1.06e-04,
22875,1.44e-01,-1.06e-04,
22876,1.44e-01,-8.00e-01,
22877,1.36e-01,-1.06e-04,
22878,1.36e-01,-1.06e-04,
22879,1.44e-01,-1.06e-04,
22880,1.44e-01,-8.00e-01,
22881,1.36e-01,-1.06e-04,
22882,1.44e-01,-1.06e-04,
22883,1.44e-01,-1.06e-04,
22884,1.44e-01,-1.06e-04,
22885,1.44e-01,-1.06e-04,
22886,1.44e-01,-1.06e-04,
22887,1.44e-01,-1.06e-04,
22888,1.44e-01,-8.00e-01,
22889,1.44e-01,-1.06e-04,
22890,1.44e-01,-1.06e-04,
22891,1.44e-01,-1.06e-04,
22892,1.44e-01,-8.00e-01,
22893,1.44e-01,-1.06e-04,
22894,1.44e-01,-1.06e-04,
22895,1.44e-01,-1.06e-04,
22896,1.44e-01,-1.06e-04,
22897,1.44e-01,-1.06e-04,
22898,1.44e-01,-1.06e-04,
22899,1.44e-01,-1.06e-04,
22900,1.44e-01,-1.06e-04,
22901,1.44e-01,-8.00e-01,
22902,1.44e-01,-1.06e-04,
22903,1.44e-01,-1.06e-04,
22904,1.44e-01,-8.00e-01,
22905,1.44e-01,-1.06e-04,
22906,1.44e-01,-1.06e-04,
22907,1.44e-01,-1.06e-04,
22908,1.44e-01,-8.00e-01,
22909,1.44e-01,-1.06e-04,
22910,1.44e-01,-1.06e-04,
22911,1.44e-01,-1.06e-04,
22912,1.44e-01,-1.06e-04,
22913,1.44e-01,-1.06e-04,
22914,1.44e-01,-1.06e-04,
22915,1.44e-01,-1.06e-04,
22916,1.44e-01,-8.00e-01,
22917,1.44e-01,-1.06e-04,
22918,1.44e-01,-1.06e-04,
22919,1.44e-01,-1.06e-04,
22920,1.44e-01,-8.00e-01,
22921,1.44e-01,-1.06e-04,
22922,1.44e-01,-1.06e-04,
22923,1.44e-01,-1.06e-04,
22924,1.44e-01,-1.06e-04,
22925,1.44e-01,-1.06e-04,
22926,1.44e-01,-1.06e-04,
22927,1.44e-01,-1.06e-04,
22928,1.44e-01,-8.00e-01,
22929,1.44e-01,-1.06e-04,
22930,1.44e-01,-1.06e-04,
22931,1.44e-01,-1.06e-04,
22932,1.44e-01,-1.06e-04,
22933,1.44e-01,-1.06e-04,
22934,1.44e-01,-1.06e-04,
22935,1.44e-01,-1.06e-04,
22936,1.44e-01,-8.00e-01,
22937,1.44e-01,-1.06e-04,
22938,1.44e-01,-1.06e-04,
22939,1.60e-01,-1.06e-04,
22940,1.44e-01,-1.06e-04,
22941,1.44e-01,-1.06e-04,
22942,1.44e-01,-1.06e-04,
22943,1.44e-01,-1.06e-04,
22944,1.60e-01,-1.06e-04,
22945,1.44e-01,-1.06e-04,
22946,1.44e-01,-1.06e-04,
22947,1.44e-01,-1.06e-04,
22948,1.44e-01,-8.00e-01,
22949,1.44e-01,-1.06e-04,
22950,1.44e-01,-1.06e-04,
22951,1.44e-01,-1.06e-04,
22952,1.44e-01,-8.00e-01,
22953,1.44e-01,-1.06e-04,
22954,1.44e-01,-1.06e-04,
22955,1.60e-01,-1.06e-04,
22956,1.60e-01,-8.00e-01,
22957,1.44e-01,-1.06e-04,
22958,1.44e-01,-1.06e-04,
22959,1.60e-01,-1.06e-04,
22960,1.60e-01,-1.06e-04,
22961,1.44e-01,-8.00e-01,
22962,1.44e-01,-1.06e-04,
22963,1.60e-01,-1.06e-04,
22964,1.60e-01,-1.06e-04,
22965,1.44e-01,-1.06e-04,
22966,1.44e-01,-1.06e-04,
22967,1.60e-01,-1.06e-04,
22968,1.44e-01,-1.06e-04,
22969,1.60e-01,-8.00e-01,
22970,1.44e-01,8.00e-01,
22971,1.60e-01,-1.06e-04,
22972,1.60e-01,-8.00e-01,
22973,1.44e-01,-1.06e-04,
22974,1.60e-01,-1.06e-04,
22975,1.60e-01,-1.06e-04,
22976,1.60e-01,-8.00e-01,
22977,1.44e-01,-1.06e-04,
22978,1.60e-01,-1.06e-04,
22979,1.60e-01,-1.06e-04,
22980,1.60e-01,-1.06e-04,
22981,1.60e-01,-1.06e-04,
22982,1.60e-01,-1.06e-04,
22983,1.60e-01,-1.06e-04,
22984,1.60e-01,-8.00e-01,
22985,1.60e-01,-1.06e-04,
22986,1.60e-01,-1.06e-04,
22987,1.60e-01,-1.06e-04,
22988,1.60e-01,-8.00e-01,
22989,1.60e-01,-1.06e-04,
22990,1.60e-01,-1.06e-04,
22991,1.60e-01,-1.06e-04,
22992,1.60e-01,-1.06e-04,
22993,1.60e-01,-1.06e-04,
22994,1.60e-01,-1.06e-04,
22995,1.60e-01,-1.06e-04,
22996,1.60e-01,-8.00e-01,
22997,1.60e-01,-1.06e-04,
22998,1.60e-01,-1.06e-04,
22999,1.60e-01,-1.06e-04,
23000,1.60e-01,-8.00e-01,
23001,1.60e-01,-1.06e-04,
23002,1.60e-01,-1.06e-04,
23003,1.60e-01,-1.06e-04,
23004,1.60e-01,-8.00e-01,
23005,1.60e-01,-1.06e-04,
23006,1.60e-01,-1.06e-04,
23007,1.60e-01,-1.06e-04,
23008,1.60e-01,-8.00e-01,
23009,1.60e-01,-1.06e-04,
23010,1.60e-01,-1.06e-04,
23011,1.60e-01,-1.06e-04,
23012,1.60e-01,-8.00e-01,
23013,1.60e-01,-1.06e-04,
23014,1.60e-01,-1.06e-04,
23015,1.60e-01,-1.06e-04,
23016,1.60e-01,-8.00e-01,
23017,1.60e-01,-1.06e-04,
23018,1.60e-01,-1.06e-04,
23019,1.60e-01,-1.06e-04,
23020,1.60e-01,-1.06e-04,
23021,1.60e-01,-1.06e-04,
23022,1.60e-01,-1.06e-04,
23023,1.60e-01,-1.06e-04,
23024,1.60e-01,-1.06e-04,
23025,1.60e-01,-1.06e-04,
23026,1.60e-01,-1.06e-04,
23027,1.60e-01,-1.06e-04,
23028,1.60e-01,-8.00e-01,
23029,1.60e-01,-1.06e-04,
23030,1.60e-01,-1.06e-04,
23031,1.60e-01,-1.06e-04,
23032,1.60e-01,-1.06e-04,
23033,1.60e-01,-8.00e-01,
23034,1.60e-01,-1.06e-04,
23035,1.60e-01,-1.06e-04,
23036,1.60e-01,-1.06e-04,
23037,1.60e-01,-1.06e-04,
23038,1.60e-01,-1.06e-04,
23039,1.60e-01,-1.06e-04,
23040,1.68e-01,-1.06e-04,
23041,1.60e-01,-8.00e-01,
23042,1.60e-01,-1.06e-04,
23043,1.68e-01,-1.06e-04,
23044,1.68e-01,-8.00e-01,
23045,1.60e-01,-1.06e-04,
23046,1.60e-01,-1.06e-04,
23047,1.68e-01,-1.06e-04,
23048,1.68e-01,-8.00e-01,
23049,1.60e-01,-1.06e-04,
23050,1.60e-01,-1.06e-04,
23051,1.68e-01,-1.06e-04,
23052,1.68e-01,-1.06e-04,
23053,1.68e-01,-1.06e-04,
23054,1.68e-01,-1.06e-04,
23055,1.68e-01,-1.06e-04,
23056,1.68e-01,-8.00e-01,
23057,1.60e-01,-1.06e-04,
23058,1.60e-01,-1.06e-04,
23059,1.68e-01,-1.06e-04,
23060,1.60e-01,-1.06e-04,
23061,1.68e-01,-1.06e-04,
23062,1.68e-01,-1.06e-04,
23063,1.68e-01,-1.06e-04,
23064,1.68e-01,-1.06e-04,
23065,1.68e-01,-1.06e-04,
23066,1.68e-01,-1.06e-04,
23067,1.68e-01,-1.06e-04,
23068,1.68e-01,-8.00e-01,
23069,1.60e-01,-1.06e-04,
23070,1.68e-01,-1.06e-04,
23071,1.68e-01,-1.06e-04,
23072,1.68e-01,-1.06e-04,
23073,1.68e-01,-1.06e-04,
23074,1.68e-01,-1.06e-04,
23075,1.68e-01,-1.06e-04,
23076,1.68e-01,-1.06e-04,
23077,1.68e-01,-1.06e-04,
23078,1.68e-01,-1.06e-04,
23079,1.68e-01,-1.06e-04,
23080,1.68e-01,-1.06e-04,
23081,1.68e-01,-1.06e-04,
23082,1.68e-01,-1.06e-04,
23083,1.68e-01,-1.06e-04,
23084,1.68e-01,-8.00e-01,
23085,1.68e-01,-1.06e-04,
23086,1.68e-01,-1.06e-04,
23087,1.68e-01,-1.06e-04,
23088,1.68e-01,-8.00e-01,
23089,1.68e-01,-1.06e-04,
23090,1.68e-01,-1.06e-04,
23091,1.68e-01,-1.06e-04,
23092,1.68e-01,-1.06e-04,
23093,1.68e-01,-1.06e-04,
23094,1.68e-01,-1.06e-04,
23095,1.68e-01,-1.06e-04,
23096,1.68e-01,-8.00e-01,
23097,1.68e-01,-1.06e-04,
23098,1.68e-01,-1.06e-04,
23099,1.68e-01,-1.06e-04,
23100,1.68e-01,-1.06e-04,
23101,1.68e-01,-1.06e-04,
23102,1.68e-01,-1.06e-04,
23103,1.68e-01,-1.06e-04,
23104,1.68e-01,-1.06e-04,
23105,1.68e-01,-8.00e-01,
23106,1.68e-01,-1.06e-04,
23107,1.68e-01,-1.06e-04,
23108,1.68e-01,-8.00e-01,
23109,1.68e-01,-1.06e-04,
23110,1.68e-01,-1.06e-04,
23111,1.68e-01,-1.06e-04,
23112,1.68e-01,-1.06e-04,
23113,1.68e-01,-1.06e-04,
23114,1.68e-01,-1.06e-04,
23115,1.68e-01,-1.06e-04,
23116,1.68e-01,-1.06e-04,
23117,1.68e-01,-1.06e-04,
23118,1.68e-01,-1.06e-04,
23119,1.68e-01,-1.06e-04,
23120,1.68e-01,-1.06e-04,
23121,1.68e-01,-1.06e-04,
23122,1.68e-01,-1.06e-04,
23123,1.68e-01,-1.06e-04,
23124,1.68e-01,-1.06e-04,
23125,1.68e-01,-1.06e-04,
23126,1.68e-01,-1.06e-04,
23127,1.68e-01,-1.06e-04,
23128,1.68e-01,-8.00e-01,
23129,1.68e-01,-1.06e-04,
23130,1.68e-01,-1.06e-04,
23131,1.68e-01,-1.06e-04,
23132,1.68e-01,-1.06e-04,
23133,1.68e-01,-1.06e-04,
23134,1.68e-01,-1.06e-04,
23135,1.68e-01,-1.06e-04,
23136,1.68e-01,-1.06e-04,
23137,1.68e-01,-1.06e-04,
23138,1.76e-01,-1.06e-04,
23139,1.68e-01,-1.06e-04,
23140,1.76e-01,-1.06e-04,
23141,1.68e-01,-1.06e-04,
23142,1.76e-01,-1.06e-04,
23143,1.76e-01,-1.06e-04,
23144,1.76e-01,-8.00e-01,
23145,1.68e-01,-1.06e-04,
23146,1.76e-01,-1.06e-04,
23147,1.76e-01,-1.06e-04,
23148,1.76e-01,-8.00e-01,
23149,1.68e-01,-1.06e-04,
23150,1.76e-01,-1.06e-04,
23151,1.76e-01,-1.06e-04,
23152,1.68e-01,-1.06e-04,
23153,1.76e-01,-1.06e-04,
23154,1.76e-01,-1.06e-04,
23155,1.76e-01,-1.06e-04,
23156,1.76e-01,-1.06e-04,
23157,1.76e-01,-1.06e-04,
23158,1.76e-01,-1.06e-04,
23159,1.76e-01,-1.06e-04,
23160,1.76e-01,-1.06e-04,
23161,1.76e-01,-8.00e-01,
23162,1.76e-01,-1.06e-04,
23163,1.76e-01,-1.06e-04,
23164,1.76e-01,-1.06e-04,
23165,1.76e-01,-1.06e-04,
23166,1.76e-01,-1.06e-04,
23167,1.76e-01,-1.06e-04,
23168,1.76e-01,-1.06e-04,
23169,1.76e-01,-8.00e-01,
23170,1.76e-01,8.00e-01,
23171,1.76e-01,-1.06e-04,
23172,1.76e-01,-8.00e-01,
23173,1.76e-01,-1.06e-04,
23174,1.76e-01,-1.06e-04,
23175,1.76e-01,-1.06e-04,
23176,1.76e-01,-1.06e-04,
23177,1.76e-01,-1.06e-04,
23178,1.76e-01,-1.06e-04,
23179,1.76e-01,-1.06e-04,
23180,1.76e-01,-1.06e-04,
23181,1.76e-01,-1.06e-04,
23182,1.76e-01,-1.06e-04,
23183,1.76e-01,-1.06e-04,
23184,1.76e-01,-8.00e-01,
23185,1.76e-01,-1.06e-04,
23186,1.76e-01,-1.06e-04,
23187,1.76e-01,-1.06e-04,
23188,1.76e-01,-8.00e-01,
23189,1.76e-01,-1.06e-04,
23190,1.76e-01,-1.06e-04,
23191,1.76e-01,-1.06e-04,
23192,1.76e-01,-1.06e-04,
23193,1.76e-01,-1.06e-04,
23194,1.76e-01,-1.06e-04,
23195,1.76e-01,-1.06e-04,
23196,1.76e-01,-1.06e-04,
23197,1.76e-01,-1.06e-04,
23198,1.76e-01,-1.06e-04,
23199,1.76e-01,-1.06e-04,
23200,1.76e-01,-1.06e-04,
23201,1.76e-01,-1.06e-04,
23202,1.76e-01,-1.06e-04,
23203,1.76e-01,-1.06e-04,
23204,1.76e-01,-8.00e-01,
23205,1.76e-01,-1.06e-04,
23206,1.76e-01,-1.06e-04,
23207,1.76e-01,-1.06e-04,
23208,1.76e-01,-1.06e-04,
23209,1.76e-01,-1.06e-04,
23210,1.76e-01,-1.06e-04,
23211,1.84e-01,-1.06e-04,
23212,1.76e-01,-8.00e-01,
23213,1.76e-01,-1.06e-04,
23214,1.76e-01,-1.06e-04,
23215,1.76e-01,-1.06e-04,
23216,1.76e-01,-1.06e-04,
23217,1.76e-01,-1.06e-04,
23218,1.76e-01,-1.06e-04,
23219,1.76e-01,-1.06e-04,
23220,1.76e-01,-1.06e-04,
23221,1.76e-01,-1.06e-04,
23222,1.76e-01,-1.06e-04,
23223,1.76e-01,-1.06e-04,
23224,1.76e-01,-8.00e-01,
23225,1.76e-01,-1.06e-04,
23226,1.76e-01,-1.06e-04,
23227,1.76e-01,-1.06e-04,
23228,1.84e-01,-8.00e-01,
23229,1.76e-01,-1.06e-04,
23230,1.76e-01,-1.06e-04,
23231,1.84e-01,-1.06e-04,
23232,1.76e-01,-1.06e-04,
23233,1.76e-01,-1.06e-04,
23234,1.76e-01,-1.06e-04,
23235,1.84e-01,-1.06e-04,
23236,1.84e-01,-1.06e-04,
23237,1.76e-01,-1.06e-04,
23238,1.84e-01,-1.06e-04,
23239,1.84e-01,-1.06e-04,
23240,1.76e-01,-1.06e-04,
23241,1.76e-01,-1.06e-04,
23242,1.76e-01,-1.06e-04,
23243,1.84e-01,-1.06e-04,
23244,1.84e-01,-1.06e-04,
23245,1.84e-01,-1.06e-04,
23246,1.84e-01,-1.06e-04,
23247,1.84e-01,-1.06e-04,
23248,1.84e-01,-1.06e-04,
23249,1.84e-01,-1.06e-04,
23250,1.76e-01,-1.06e-04,
23251,1.84e-01,-1.06e-04,
23252,1.84e-01,-1.06e-04,
23253,1.84e-01,-1.06e-04,
23254,1.76e-01,-1.06e-04,
23255,1.84e-01,-1.06e-04,
23256,1.84e-01,-8.00e-01,
23257,1.84e-01,-1.06e-04,
23258,1.84e-01,-1.06e-04,
23259,1.84e-01,-1.06e-04,
23260,1.84e-01,-1.06e-04,
23261,1.84e-01,-1.06e-04,
23262,1.84e-01,-1.06e-04,
23263,1.84e-01,-1.06e-04,
23264,1.84e-01,-1.06e-04,
23265,1.84e-01,-1.06e-04,
23266,1.84e-01,-1.06e-04,
23267,1.84e-01,-1.06e-04,
23268,1.84e-01,-8.00e-01,
23269,1.84e-01,-1.06e-04,
23270,1.84e-01,-1.06e-04,
23271,1.84e-01,-1.06e-04,
23272,1.84e-01,-1.06e-04,
23273,1.84e-01,-1.06e-04,
23274,1.84e-01,-1.06e-04,
23275,1.84e-01,-1.06e-04,
23276,1.84e-01,-1.06e-04,
23277,1.84e-01,-1.06e-04,
23278,1.84e-01,-1.06e-04,
23279,1.84e-01,-1.06e-04,
23280,1.84e-01,-1.06e-04,
23281,1.84e-01,-1.06e-04,
23282,1.84e-01,-1.06e-04,
23283,1.84e-01,-1.06e-04,
23284,1.84e-01,-1.06e-04,
23285,1.84e-01,-1.06e-04,
23286,1.84e-01,-1.06e-04,
23287,1.84e-01,-1.06e-04,
23288,1.84e-01,-1.06e-04,
23289,1.84e-01,-1.06e-04,
23290,1.84e-01,-1.06e-04,
23291,1.84e-01,-1.06e-04,
23292,1.84e-01,-1.06e-04,
23293,1.84e-01,-8.00e-01,
23294,1.84e-01,-1.06e-04,
23295,1.84e-01,-1.06e-04,
23296,1.84e-01,-1.06e-04,
23297,1.84e-01,-1.06e-04,
23298,1.84e-01,-1.06e-04,
23299,1.84e-01,-1.06e-04,
23300,1.84e-01,-1.06e-04,
23301,1.84e-01,-1.06e-04,
23302,1.84e-01,-1.06e-04,
23303,1.84e-01,-1.06e-04,
23304,1.84e-01,-8.00e-01,
23305,1.84e-01,-1.06e-04,
23306,1.84e-01,-1.06e-04,
23307,1.84e-01,-1.06e-04,
23308,1.84e-01,-8.00e-01,
23309,1.84e-01,-1.06e-04,
23310,1.84e-01,-1.06e-04,
23311,1.84e-01,-1.06e-04,
23312,1.84e-01,-1.06e-04,
23313,1.84e-01,-1.06e-04,
23314,1.84e-01,-1.06e-04,
23315,1.84e-01,-1.06e-04,
23316,1.92e-01,-1.06e-04,
23317,1.84e-01,-1.06e-04,
23318,1.92e-01,-1.06e-04,
23319,1.84e-01,-1.06e-04,
23320,1.84e-01,-1.06e-04,
23321,1.84e-01,-1.06e-04,
23322,1.84e-01,-1.06e-04,
23323,1.92e-01,-1.06e-04,
23324,1.92e-01,-1.06e-04,
23325,1.84e-01,-1.06e-04,
23326,1.92e-01,-1.06e-04,
23327,1.92e-01,-1.06e-04,
23328,1.92e-01,-8.00e-01,
23329,1.84e-01,-1.06e-04,
23330,1.84e-01,-1.06e-04,
23331,1.92e-01,-1.06e-04,
23332,1.92e-01,-1.06e-04,
23333,1.84e-01,-1.06e-04,
23334,1.84e-01,-1.06e-04,
23335,1.92e-01,-1.06e-04,
23336,1.92e-01,-1.06e-04,
23337,1.84e-01,-1.06e-04,
23338,1.92e-01,-1.06e-04,
23339,1.92e-01,-1.06e-04,
23340,1.92e-01,-1.06e-04,
23341,1.84e-01,-1.06e-04,
23342,1.92e-01,-1.06e-04,
23343,1.92e-01,-1.06e-04,
23344,1.92e-01,-1.06e-04,
23345,1.92e-01,-1.06e-04,
23346,1.92e-01,-1.06e-04,
23347,1.92e-01,-1.06e-04,
23348,1.92e-01,-8.00e-01,
23349,1.92e-01,-1.06e-04,
23350,1.92e-01,-1.06e-04,
23351,1.92e-01,-1.06e-04,
23352,1.92e-01,-1.06e-04,
23353,1.84e-01,-1.06e-04,
23354,1.92e-01,-1.06e-04,
23355,1.92e-01,-1.06e-04,
23356,1.92e-01,-1.06e-04,
23357,1.92e-01,-1.06e-04,
23358,1.92e-01,-1.06e-04,
23359,1.92e-01,-1.06e-04,
23360,1.92e-01,-1.06e-04,
23361,1.92e-01,-8.00e-01,
23362,1.92e-01,-1.06e-04,
23363,1.92e-01,-1.06e-04,
23364,1.92e-01,-1.06e-04,
23365,1.92e-01,-1.06e-04,
23366,1.92e-01,-1.06e-04,
23367,1.92e-01,-1.06e-04,
23368,1.92e-01,-1.06e-04,
23369,1.92e-01,-8.00e-01,
23370,1.92e-01,8.00e-01,
23371,1.92e-01,-1.06e-04,
23372,1.92e-01,-8.00e-01,
23373,1.92e-01,-1.06e-04,
23374,1.92e-01,-1.06e-04,
23375,1.92e-01,-1.06e-04,
23376,1.92e-01,-1.06e-04,
23377,1.92e-01,-1.06e-04,
23378,1.92e-01,-1.06e-04,
23379,1.92e-01,-1.06e-04,
23380,1.92e-01,-1.06e-04,
23381,1.92e-01,-1.06e-04,
23382,1.92e-01,-1.06e-04,
23383,1.92e-01,-1.06e-04,
23384,1.92e-01,-1.06e-04,
23385,1.92e-01,-1.06e-04,
23386,1.92e-01,-1.06e-04,
23387,1.92e-01,-1.06e-04,
23388,1.92e-01,-8.00e-01,
23389,1.92e-01,-1.06e-04,
23390,1.92e-01,-1.06e-04,
23391,1.92e-01,-1.06e-04,
23392,1.92e-01,-1.06e-04,
23393,1.92e-01,-1.06e-04,
23394,1.92e-01,-1.06e-04,
23395,1.92e-01,-1.06e-04,
23396,1.92e-01,-1.06e-04,
23397,1.92e-01,-1.06e-04,
23398,1.92e-01,-1.06e-04,
23399,1.92e-01,-1.06e-04,
23400,1.92e-01,-1.06e-04,
23401,1.92e-01,-1.06e-04,
23402,1.92e-01,-1.06e-04,
23403,2.00e-01,-1.06e-04,
23404,1.92e-01,-1.06e-04,
23405,1.92e-01,-1.06e-04,
23406,1.92e-01,-1.06e-04,
23407,1.92e-01,-1.06e-04,
23408,1.92e-01,-8.00e-01,
23409,1.92e-01,-1.06e-04,
23410,2.00e-01,-1.06e-04,
23411,2.00e-01,-1.06e-04,
23412,1.92e-01,-1.06e-04,
23413,1.92e-01,-1.06e-04,
23414,2.00e-01,-1.06e-04,
23415,2.00e-01,-1.06e-04,
23416,2.00e-01,-1.06e-04,
23417,1.92e-01,-1.06e-04,
23418,2.00e-01,-1.06e-04,
23419,2.00e-01,-1.06e-04,
23420,2.00e-01,-1.06e-04,
23421,2.00e-01,-1.06e-04,
23422,2.00e-01,-1.06e-04,
23423,2.00e-01,-1.06e-04,
23424,2.00e-01,-1.06e-04,
23425,2.00e-01,-1.06e-04,
23426,1.92e-01,-1.06e-04,
23427,2.00e-01,-1.06e-04,
23428,2.00e-01,-8.00e-01,
23429,2.00e-01,-1.06e-04,
23430,2.00e-01,-1.06e-04,
23431,2.00e-01,-1.06e-04,
23432,2.00e-01,-1.06e-04,
23433,1.92e-01,-1.06e-04,
23434,2.00e-01,-1.06e-04,
23435,2.00e-01,-1.06e-04,
23436,2.00e-01,-1.06e-04,
23437,2.00e-01,-1.06e-04,
23438,2.00e-01,-1.06e-04,
23439,2.00e-01,-1.06e-04,
23440,2.00e-01,-1.06e-04,
23441,1.92e-01,-1.06e-04,
23442,2.00e-01,-1.06e-04,
23443,2.00e-01,-1.06e-04,
23444,2.00e-01,-1.06e-04,
23445,2.00e-01,-1.06e-04,
23446,2.00e-01,-1.06e-04,
23447,2.00e-01,-1.06e-04,
23448,2.00e-01,-1.06e-04,
23449,2.00e-01,-1.06e-04,
23450,2.00e-01,-1.06e-04,
23451,2.00e-01,-1.06e-04,
23452,2.00e-01,-1.06e-04,
23453,2.00e-01,-1.06e-04,
23454,2.00e-01,-1.06e-04,
23455,2.00e-01,-1.06e-04,
23456,2.00e-01,-1.06e-04,
23457,2.00e-01,-1.06e-04,
23458,2.00e-01,-1.06e-04,
23459,2.00e-01,-1.06e-04,
23460,2.00e-01,-1.06e-04,
23461,2.00e-01,-1.06e-04,
23462,2.00e-01,-1.06e-04,
23463,2.00e-01,-1.06e-04,
23464,2.00e-01,-8.00e-01,
23465,2.00e-01,-1.06e-04,
23466,2.00e-01,-1.06e-04,
23467,2.00e-01,-1.06e-04,
23468,2.00e-01,-8.00e-01,
23469,2.00e-01,-1.06e-04,
23470,2.00e-01,-1.06e-04,
23471,2.00e-01,-1.06e-04,
23472,2.00e-01,-1.06e-04,
23473,2.00e-01,-1.06e-04,
23474,2.00e-01,-1.06e-04,
23475,2.00e-01,-1.06e-04,
23476,2.00e-01,-1.06e-04,
23477,2.00e-01,-1.06e-04,
23478,2.00e-01,-1.06e-04,
23479,2.00e-01,-1.06e-04,
23480,2.00e-01,-1.06e-04,
23481,2.00e-01,-1.06e-04,
23482,2.00e-01,-1.06e-04,
23483,2.08e-01,-1.06e-04,
23484,2.00e-01,-1.06e-04,
23485,2.00e-01,-1.06e-04,
23486,2.00e-01,-1.06e-04,
23487,2.08e-01,-1.06e-04,
23488,2.00e-01,-8.00e-01,
23489,2.00e-01,-1.06e-04,
23490,2.00e-01,-1.06e-04,
23491,2.00e-01,-1.06e-04,
23492,2.00e-01,-1.06e-04,
23493,2.00e-01,-1.06e-04,
23494,2.00e-01,-1.06e-04,
23495,2.00e-01,-1.06e-04,
23496,2.00e-01,-8.00e-01,
23497,2.00e-01,-1.06e-04,
23498,2.00e-01,-1.06e-04,
23499,2.00e-01,-1.06e-04,
23500,2.08e-01,-1.06e-04,
23501,2.00e-01,-1.06e-04,
23502,2.00e-01,-1.06e-04,
23503,2.08e-01,-1.06e-04,
23504,2.00e-01,-8.00e-01,
23505,2.00e-01,-1.06e-04,
23506,2.08e-01,-1.06e-04,
23507,2.08e-01,-1.06e-04,
23508,2.08e-01,-1.06e-04,
23509,2.00e-01,-1.06e-04,
23510,2.00e-01,-1.06e-04,
23511,2.00e-01,-1.06e-04,
23512,2.08e-01,-1.06e-04,
23513,2.00e-01,-1.06e-04,
23514,2.00e-01,-1.06e-04,
23515,2.08e-01,-1.06e-04,
23516,2.08e-01,-1.06e-04,
23517,2.00e-01,-1.06e-04,
23518,2.08e-01,-1.06e-04,
23519,2.00e-01,-1.06e-04,
23520,2.08e-01,-1.06e-04,
23521,2.00e-01,-1.06e-04,
23522,2.08e-01,-1.06e-04,
23523,2.08e-01,-1.06e-04,
23524,2.08e-01,-1.06e-04,
23525,2.00e-01,-1.06e-04,
23526,2.08e-01,-1.06e-04,
23527,2.08e-01,-1.06e-04,
23528,2.08e-01,-1.06e-04,
23529,2.08e-01,-1.06e-04,
23530,2.08e-01,-1.06e-04,
23531,2.08e-01,-1.06e-04,
23532,2.08e-01,-1.06e-04,
23533,2.08e-01,-1.06e-04,
23534,2.08e-01,-1.06e-04,
23535,2.08e-01,-1.06e-04,
23536,2.08e-01,-1.06e-04,
23537,2.08e-01,-1.06e-04,
23538,2.08e-01,-1.06e-04,
23539,2.08e-01,-1.06e-04,
23540,2.08e-01,-1.06e-04,
23541,2.08e-01,-1.06e-04,
23542,2.08e-01,-1.06e-04,
23543,2.08e-01,-1.06e-04,
23544,2.08e-01,-1.06e-04,
23545,2.08e-01,-1.06e-04,
23546,2.08e-01,-1.06e-04,
23547,2.08e-01,-1.06e-04,
23548,2.08e-01,-1.06e-04,
23549,2.08e-01,-1.06e-04,
23550,2.08e-01,-1.06e-04,
23551,2.08e-01,-1.06e-04,
23552,2.08e-01,-1.06e-04,
23553,2.08e-01,-1.06e-04,
23554,2.08e-01,-1.06e-04,
23555,2.08e-01,-1.06e-04,
23556,2.08e-01,-1.06e-04,
23557,2.08e-01,-1.06e-04,
23558,2.08e-01,-1.06e-04,
23559,2.08e-01,-1.06e-04,
23560,2.08e-01,-1.06e-04,
23561,2.08e-01,-1.06e-04,
23562,2.08e-01,-1.06e-04,
23563,2.08e-01,-1.06e-04,
23564,2.08e-01,-1.06e-04,
23565,2.08e-01,-1.06e-04,
23566,2.08e-01,-1.06e-04,
23567,2.08e-01,-1.06e-04,
23568,2.08e-01,-1.06e-04,
23569,2.08e-01,-8.00e-01,
23570,2.08e-01,8.00e-01,
23571,2.08e-01,-1.06e-04,
23572,2.08e-01,-8.00e-01,
23573,2.08e-01,-1.06e-04,
23574,2.08e-01,-1.06e-04,
23575,2.08e-01,-1.06e-04,
23576,2.08e-01,-1.06e-04,
23577,2.08e-01,-1.06e-04,
23578,2.08e-01,-1.06e-04,
23579,2.08e-01,-1.06e-04,
23580,2.08e-01,-1.06e-04,
23581,2.08e-01,-1.06e-04,
23582,2.08e-01,-1.06e-04,
23583,2.08e-01,-1.06e-04,
23584,2.08e-01,-1.06e-04,
23585,2.08e-01,-1.06e-04,
23586,2.08e-01,-1.06e-04,
23587,2.08e-01,-1.06e-04,
23588,2.08e-01,-1.06e-04,
23589,2.08e-01,-1.06e-04,
23590,2.08e-01,-1.06e-04,
23591,2.16e-01,-1.06e-04,
23592,2.08e-01,-1.06e-04,
23593,2.08e-01,-1.06e-04,
23594,2.08e-01,-1.06e-04,
23595,2.16e-01,-1.06e-04,
23596,2.16e-01,-1.06e-04,
23597,2.08e-01,-1.06e-04,
23598,2.08e-01,-1.06e-04,
23599,2.08e-01,-1.06e-04,
23600,2.08e-01,-1.06e-04,
23601,2.08e-01,-1.06e-04,
23602,2.08e-01,-1.06e-04,
23603,2.16e-01,-1.06e-04,
23604,2.08e-01,-1.06e-04,
23605,2.08e-01,-1.06e-04,
23606,2.16e-01,-1.06e-04,
23607,2.16e-01,-1.06e-04,
23608,2.16e-01,-1.06e-04,
23609,2.08e-01,-1.06e-04,
23610,2.16e-01,-1.06e-04,
23611,2.16e-01,-1.06e-04,
23612,2.16e-01,-1.06e-04,
23613,2.16e-01,-1.06e-04,
23614,2.16e-01,-1.06e-04,
23615,2.16e-01,-1.06e-04,
23616,2.16e-01,-1.06e-04,
23617,2.08e-01,-1.06e-04,
23618,2.16e-01,-1.06e-04,
23619,2.16e-01,-1.06e-04,
23620,2.16e-01,-1.06e-04,
23621,2.16e-01,-1.06e-04,
23622,2.16e-01,-1.06e-04,
23623,2.16e-01,-1.06e-04,
23624,2.16e-01,-1.06e-04,
23625,2.08e-01,-1.06e-04,
23626,2.16e-01,-1.06e-04,
23627,2.16e-01,-1.06e-04,
23628,2.16e-01,-1.06e-04,
23629,2.16e-01,-1.06e-04,
23630,2.16e-01,-1.06e-04,
23631,2.16e-01,-1.06e-04,
23632,2.16e-01,-1.06e-04,
23633,2.16e-01,-1.06e-04,
23634,2.16e-01,-1.06e-04,
23635,2.16e-01,-1.06e-04,
23636,2.16e-01,-1.06e-04,
23637,2.16e-01,-1.06e-04,
23638,2.16e-01,-1.06e-04,
23639,2.16e-01,-1.06e-04,
23640,2.16e-01,-1.06e-04,
23641,2.16e-01,-1.06e-04,
23642,2.16e-01,-1.06e-04,
23643,2.16e-01,-1.06e-04,
23644,2.16e-01,-1.06e-04,
23645,2.16e-01,-1.06e-04,
23646,2.16e-01,-1.06e-04,
23647,2.16e-01,-1.06e-04,
23648,2.16e-01,-1.06e-04,
23649,2.16e-01,-1.06e-04,
23650,2.16e-01,-1.06e-04,
23651,2.16e-01,-1.06e-04,
23652,2.16e-01,-1.06e-04,
23653,2.16e-01,-1.06e-04,
23654,2.16e-01,-1.06e-04,
23655,2.16e-01,-1.06e-04,
23656,2.16e-01,-1.06e-04,
23657,2.16e-01,-1.06e-04,
23658,2.16e-01,-1.06e-04,
23659,2.16e-01,-1.06e-04,
23660,2.16e-01,-1.06e-04,
23661,2.16e-01,-1.06e-04,
23662,2.16e-01,-1.06e-04,
23663,2.16e-01,-1.06e-04,
23664,2.16e-01,-1.06e-04,
23665,2.16e-01,-1.06e-04,
23666,2.16e-01,-1.06e-04,
23667,2.16e-01,-1.06e-04,
23668,2.16e-01,-1.06e-04,
23669,2.16e-01,-1.06e-04,
23670,2.16e-01,-1.06e-04,
23671,2.16e-01,-1.06e-04,
23672,2.16e-01,-1.06e-04,
23673,2.16e-01,-1.06e-04,
23674,2.16e-01,-1.06e-04,
23675,2.24e-01,-1.06e-04,
23676,2.16e-01,-1.06e-04,
23677,2.16e-01,-1.06e-04,
23678,2.16e-01,-1.06e-04,
23679,2.16e-01,-1.06e-04,
23680,2.16e-01,-1.06e-04,
23681,2.16e-01,-1.06e-04,
23682,2.16e-01,-1.06e-04,
23683,2.24e-01,-1.06e-04,
23684,2.16e-01,-1.06e-04,
23685,2.16e-01,-1.06e-04,
23686,2.16e-01,-1.06e-04,
23687,2.24e-01,-1.06e-04,
23688,2.16e-01,-1.06e-04,
23689,2.16e-01,-1.06e-04,
23690,2.16e-01,-1.06e-04,
23691,2.16e-01,-1.06e-04,
23692,2.24e-01,-1.06e-04,
23693,2.16e-01,-1.06e-04,
23694,2.16e-01,-1.06e-04,
23695,2.16e-01,-1.06e-04,
23696,2.24e-01,-1.06e-04,
23697,2.16e-01,-1.06e-04,
23698,2.16e-01,-1.06e-04,
23699,2.24e-01,-1.06e-04,
23700,2.24e-01,-1.06e-04,
23701,2.16e-01,-1.06e-04,
23702,2.16e-01,-1.06e-04,
23703,2.24e-01,-1.06e-04,
23704,2.24e-01,-1.06e-04,
23705,2.16e-01,-1.06e-04,
23706,2.16e-01,-1.06e-04,
23707,2.24e-01,-1.06e-04,
23708,2.24e-01,-1.06e-04,
23709,2.24e-01,-1.06e-04,
23710,2.24e-01,-1.06e-04,
23711,2.24e-01,-1.06e-04,
23712,2.24e-01,-1.06e-04,
23713,2.24e-01,-1.06e-04,
23714,2.24e-01,-1.06e-04,
23715,2.24e-01,-1.06e-04,
23716,2.24e-01,-1.06e-04,
23717,2.24e-01,-1.06e-04,
23718,2.24e-01,-1.06e-04,
23719,2.24e-01,-1.06e-04,
23720,2.24e-01,-1.06e-04,
23721,2.24e-01,-1.06e-04,
23722,2.24e-01,-1.06e-04,
23723,2.24e-01,-1.06e-04,
23724,2.24e-01,-1.06e-04,
23725,2.24e-01,-1.06e-04,
23726,2.24e-01,-1.06e-04,
23727,2.24e-01,-1.06e-04,
23728,2.24e-01,-1.06e-04,
23729,2.24e-01,-1.06e-04,
23730,2.24e-01,-1.06e-04,
23731,2.24e-01,-1.06e-04,
23732,2.24e-01,-1.06e-04,
23733,2.24e-01,-1.06e-04,
23734,2.24e-01,-1.06e-04,
23735,2.24e-01,-1.06e-04,
23736,2.24e-01,-8.00e-01,
23737,2.24e-01,-1.06e-04,
23738,2.24e-01,-1.06e-04,
23739,2.24e-01,-1.06e-04,
23740,2.24e-01,-1.06e-04,
23741,2.24e-01,-1.06e-04,
23742,2.24e-01,-1.06e-04,
23743,2.24e-01,-1.06e-04,
23744,2.24e-01,-1.06e-04,
23745,2.24e-01,-1.06e-04,
23746,2.24e-01,-1.06e-04,
23747,2.24e-01,-1.06e-04,
23748,2.24e-01,-8.00e-01,
23749,2.24e-01,-1.06e-04,
23750,2.24e-01,-1.06e-04,
23751,2.24e-01,-1.06e-04,
23752,2.24e-01,-1.06e-04,
23753,2.24e-01,-1.06e-04,
23754,2.24e-01,-1.06e-04,
23755,2.24e-01,-1.06e-04,
23756,2.24e-01,-1.06e-04,
23757,2.24e-01,-1.06e-04,
23758,2.24e-01,-1.06e-04,
23759,2.24e-01,-1.06e-04,
23760,2.24e-01,-1.06e-04,
23761,2.24e-01,-1.06e-04,
23762,2.24e-01,-1.06e-04,
23763,2.24e-01,-1.06e-04,
23764,2.24e-01,-1.06e-04,
23765,2.24e-01,-1.06e-04,
23766,2.24e-01,-1.06e-04,
23767,2.24e-01,-1.06e-04,
23768,2.24e-01,-1.06e-04,
23769,2.24e-01,-8.00e-01,
23770,2.24e-01,8.00e-01,
23771,2.32e-01,-1.06e-04,
23772,2.24e-01,-1.06e-04,
23773,2.24e-01,-1.06e-04,
23774,2.24e-01,-1.06e-04,
23775,2.24e-01,-1.06e-04,
23776,2.24e-01,-1.06e-04,
23777,2.24e-01,-1.06e-04,
23778,2.24e-01,-1.06e-04,
23779,2.32e-01,-1.06e-04,
23780,2.24e-01,-1.06e-04,
23781,2.24e-01,-1.06e-04,
23782,2.24e-01,-1.06e-04,
23783,2.32e-01,-1.06e-04,
23784,2.24e-01,-1.06e-04,
23785,2.24e-01,-1.06e-04,
23786,2.32e-01,-1.06e-04,
23787,2.32e-01,-1.06e-04,
23788,2.24e-01,-1.06e-04,
23789,2.32e-01,-1.06e-04,
23790,2.24e-01,-1.06e-04,
23791,2.32e-01,-1.06e-04,
23792,2.32e-01,-1.06e-04,
23793,2.24e-01,-1.06e-04,
23794,2.24e-01,-1.06e-04,
23795,2.32e-01,-1.06e-04,
23796,2.32e-01,-1.06e-04,
23797,2.24e-01,-1.06e-04,
23798,2.32e-01,-1.06e-04,
23799,2.32e-01,-1.06e-04,
23800,2.32e-01,-1.06e-04,
23801,2.24e-01,-1.06e-04,
23802,2.24e-01,-1.06e-04,
23803,2.32e-01,-1.06e-04,
23804,2.32e-01,-1.06e-04,
23805,2.32e-01,-1.06e-04,
23806,2.32e-01,-1.06e-04,
23807,2.32e-01,-1.06e-04,
23808,2.32e-01,-1.06e-04,
23809,2.32e-01,-1.06e-04,
23810,2.32e-01,-1.06e-04,
23811,2.32e-01,-1.06e-04,
23812,2.32e-01,-1.06e-04,
23813,2.32e-01,-1.06e-04,
23814,2.32e-01,-1.06e-04,
23815,2.32e-01,-1.06e-04,
23816,2.32e-01,-1.06e-04,
23817,2.24e-01,-1.06e-04,
23818,2.32e-01,-1.06e-04,
23819,2.32e-01,-1.06e-04,
23820,2.32e-01,-1.06e-04,
23821,2.32e-01,-1.06e-04,
23822,2.32e-01,-1.06e-04,
23823,2.32e-01,-1.06e-04,
23824,2.32e-01,-1.06e-04,
23825,2.32e-01,-1.06e-04,
23826,2.32e-01,-1.06e-04,
23827,2.32e-01,-1.06e-04,
23828,2.32e-01,-1.06e-04,
23829,2.32e-01,-1.06e-04,
23830,2.32e-01,-1.06e-04,
23831,2.32e-01,-1.06e-04,
23832,2.32e-01,-1.06e-04,
23833,2.32e-01,-1.06e-04,
23834,2.32e-01,-1.06e-04,
23835,2.32e-01,-1.06e-04,
23836,2.32e-01,-1.06e-04,
23837,2.32e-01,-1.06e-04,
23838,2.32e-01,-1.06e-04,
23839,2.32e-01,-1.06e-04,
23840,2.32e-01,-1.06e-04,
23841,2.32e-01,-1.06e-04,
23842,2.32e-01,-1.06e-04,
23843,2.32e-01,-1.06e-04,
23844,2.32e-01,-1.06e-04,
23845,2.32e-01,-1.06e-04,
23846,2.32e-01,-1.06e-04,
23847,2.32e-01,-1.06e-04,
23848,2.32e-01,-1.06e-04,
23849,2.32e-01,-1.06e-04,
23850,2.32e-01,-1.06e-04,
23851,2.32e-01,-1.06e-04,
23852,2.32e-01,-1.06e-04,
23853,2.32e-01,-1.06e-04,
23854,2.32e-01,-1.06e-04,
23855,2.32e-01,-1.06e-04,
23856,2.32e-01,-1.06e-04,
23857,2.32e-01,-1.06e-04,
23858,2.32e-01,-1.06e-04,
23859,2.32e-01,-1.06e-04,
23860,2.32e-01,-1.06e-04,
23861,2.32e-01,-1.06e-04,
23862,2.32e-01,-1.06e-04,
23863,2.40e-01,-1.06e-04,
23864,2.32e-01,-1.06e-04,
23865,2.32e-01,-1.06e-04,
23866,2.32e-01,-1.06e-04,
23867,2.32e-01,-1.06e-04,
23868,2.40e-01,-1.06e-04,
23869,2.32e-01,-1.06e-04,
23870,2.32e-01,-1.06e-04,
23871,2.40e-01,-1.06e-04,
23872,2.32e-01,-1.06e-04,
23873,2.32e-01,-1.06e-04,
23874,2.32e-01,-1.06e-04,
23875,2.40e-01,-1.06e-04,
23876,2.32e-01,-1.06e-04,
23877,2.32e-01,-1.06e-04,
23878,2.32e-01,-1.06e-04,
23879,2.32e-01,-1.06e-04,
23880,2.40e-01,-1.06e-04,
23881,2.32e-01,-1.06e-04,
23882,2.32e-01,-1.06e-04,
23883,2.40e-01,-1.06e-04,
23884,2.40e-01,-1.06e-04,
23885,2.32e-01,-1.06e-04,
23886,2.32e-01,-1.06e-04,
23887,2.40e-01,-1.06e-04,
23888,2.40e-01,-1.06e-04,
23889,2.32e-01,-1.06e-04,
23890,2.32e-01,-1.06e-04,
23891,2.40e-01,-1.06e-04,
23892,2.40e-01,-1.06e-04,
23893,2.32e-01,-1.06e-04,
23894,2.40e-01,-1.06e-04,
23895,2.40e-01,-1.06e-04,
23896,2.40e-01,-1.06e-04,
23897,2.40e-01,-1.06e-04,
23898,2.40e-01,-1.06e-04,
23899,2.40e-01,-1.06e-04,
23900,2.40e-01,-1.06e-04,
23901,2.40e-01,-1.06e-04,
23902,2.40e-01,-1.06e-04,
23903,2.40e-01,-1.06e-04,
23904,2.40e-01,-1.06e-04,
23905,2.32e-01,-1.06e-04,
23906,2.40e-01,-1.06e-04,
23907,2.40e-01,-1.06e-04,
23908,2.40e-01,-8.00e-01,
23909,2.40e-01,-1.06e-04,
23910,2.40e-01,-1.06e-04,
23911,2.40e-01,-1.06e-04,
23912,2.40e-01,-1.06e-04,
23913,2.40e-01,-1.06e-04,
23914,2.40e-01,-1.06e-04,
23915,2.40e-01,-1.06e-04,
23916,2.40e-01,-1.06e-04,
23917,2.40e-01,-1.06e-04,
23918,2.40e-01,-1.06e-04,
23919,2.40e-01,-1.06e-04,
23920,2.40e-01,-1.06e-04,
23921,2.40e-01,-1.06e-04,
23922,2.40e-01,-1.06e-04,
23923,2.40e-01,-1.06e-04,
23924,2.40e-01,-1.06e-04,
23925,2.40e-01,-1.06e-04,
23926,2.40e-01,-1.06e-04,
23927,2.40e-01,-1.06e-04,
23928,2.40e-01,-1.06e-04,
23929,2.40e-01,-1.06e-04,
23930,2.40e-01,-1.06e-04,
23931,2.40e-01,-1.06e-04,
23932,2.40e-01,-1.06e-04,
23933,2.40e-01,-1.06e-04,
23934,2.40e-01,-1.06e-04,
23935,2.40e-01,-1.06e-04,
23936,2.40e-01,-1.06e-04,
23937,2.40e-01,-1.06e-04,
23938,2.40e-01,-1.06e-04,
23939,2.40e-01,-1.06e-04,
23940,2.40e-01,-1.06e-04,
23941,2.40e-01,-1.06e-04,
23942,2.40e-01,-1.06e-04,
23943,2.40e-01,-1.06e-04,
23944,2.40e-01,-1.06e-04,
23945,2.40e-01,-1.06e-04,
23946,2.40e-01,-1.06e-04,
23947,2.40e-01,-1.06e-04,
23948,2.40e-01,-1.06e-04,
23949,2.40e-01,-1.06e-04,
23950,2.40e-01,-1.06e-04,
23951,2.40e-01,-1.06e-04,
23952,2.40e-01,-1.06e-04,
23953,2.40e-01,-1.06e-04,
23954,2.40e-01,-1.06e-04,
23955,2.40e-01,-1.06e-04,
23956,2.40e-01,-1.06e-04,
23957,2.40e-01,-1.06e-04,
23958,2.40e-01,-1.06e-04,
23959,2.40e-01,-1.06e-04,
23960,2.40e-01,-1.06e-04,
23961,2.40e-01,-1.06e-04,
23962,2.40e-01,-1.06e-04,
23963,2.40e-01,-1.06e-04,
23964,2.48e-01,-1.06e-04,
23965,2.40e-01,-1.06e-04,
23966,2.40e-01,-1.06e-04,
23967,2.40e-01,-1.06e-04,
23968,2.40e-01,-1.06e-04,
23969,2.48e-01,-8.00e-01,
23970,2.40e-01,8.00e-01,
23971,2.48e-01,-1.06e-04,
23972,2.48e-01,-1.06e-04,
23973,2.40e-01,-1.06e-04,
23974,2.48e-01,-1.06e-04,
23975,2.48e-01,-1.06e-04,
23976,2.48e-01,-1.06e-04,
23977,2.48e-01,-1.06e-04,
23978,2.40e-01,-1.06e-04,
23979,2.48e-01,-1.06e-04,
23980,2.48e-01,-1.06e-04,
23981,2.40e-01,-1.06e-04,
23982,2.48e-01,-1.06e-04,
23983,2.48e-01,-1.06e-04,
23984,2.40e-01,-1.06e-04,
23985,2.48e-01,-1.06e-04,
23986,2.40e-01,-1.06e-04,
23987,2.48e-01,-1.06e-04,
23988,2.48e-01,-1.06e-04,
23989,2.48e-01,-1.06e-04,
23990,2.48e-01,-1.06e-04,
23991,2.48e-01,-1.06e-04,
23992,2.48e-01,-1.06e-04,
23993,2.48e-01,-1.06e-04,
23994,2.48e-01,-1.06e-04,
23995,2.48e-01,-1.06e-04,
23996,2.48e-01,-1.06e-04,
23997,2.48e-01,-1.06e-04,
23998,2.48e-01,-1.06e-04,
23999,2.48e-01,-1.06e-04,
24000,2.48e-01,-1.06e-04,
24001,2.48e-01,-1.06e-04,
24002,2.48e-01,-1.06e-04,
24003,2.48e-01,-1.06e-04,
24004,2.48e-01,-1.06e-04,
24005,2.48e-01,-1.06e-04,
24006,2.48e-01,-1.06e-04,
24007,2.48e-01,-1.06e-04,
24008,2.48e-01,-1.06e-04,
24009,2.48e-01,-1.06e-04,
24010,2.48e-01,-1.06e-04,
24011,2.48e-01,-1.06e-04,
24012,2.48e-01,-1.06e-04,
24013,2.48e-01,-1.06e-04,
24014,2.48e-01,-1.06e-04,
24015,2.48e-01,-1.06e-04,
24016,2.48e-01,-1.06e-04,
24017,2.48e-01,-1.06e-04,
24018,2.48e-01,-1.06e-04,
24019,2.48e-01,-1.06e-04,
24020,2.48e-01,-1.06e-04,
24021,2.48e-01,-1.06e-04,
24022,2.48e-01,-1.06e-04,
24023,2.48e-01,-1.06e-04,
24024,2.48e-01,-1.06e-04,
24025,2.48e-01,-1.06e-04,
24026,2.48e-01,-1.06e-04,
24027,2.48e-01,-1.06e-04,
24028,2.48e-01,-1.06e-04,
24029,2.48e-01,-1.06e-04,
24030,2.48e-01,-1.06e-04,
24031,2.48e-01,-1.06e-04,
24032,2.48e-01,-1.06e-04,
24033,2.48e-01,-1.06e-04,
24034,2.48e-01,-1.06e-04,
24035,2.48e-01,-1.06e-04,
24036,2.48e-01,-1.06e-04,
24037,2.48e-01,-1.06e-04,
24038,2.48e-01,-1.06e-04,
24039,2.48e-01,-1.06e-04,
24040,2.48e-01,-1.06e-04,
24041,2.48e-01,-1.06e-04,
24042,2.48e-01,-1.06e-04,
24043,2.48e-01,-1.06e-04,
24044,2.48e-01,-1.06e-04,
24045,2.48e-01,-1.06e-04,
24046,2.48e-01,-1.06e-04,
24047,2.48e-01,-1.06e-04,
24048,2.48e-01,-1.06e-04,
24049,2.48e-01,-1.06e-04,
24050,2.48e-01,-1.06e-04,
24051,2.56e-01,-1.06e-04,
24052,2.56e-01,-1.06e-04,
24053,2.48e-01,-1.06e-04,
24054,2.48e-01,-1.06e-04,
24055,2.48e-01,-1.06e-04,
24056,2.56e-01,-1.06e-04,
24057,2.48e-01,-1.06e-04,
24058,2.48e-01,-1.06e-04,
24059,2.56e-01,-1.06e-04,
24060,2.56e-01,-1.06e-04,
24061,2.48e-01,-1.06e-04,
24062,2.48e-01,-1.06e-04,
24063,2.48e-01,-1.06e-04,
24064,2.56e-01,-1.06e-04,
24065,2.48e-01,-1.06e-04,
24066,2.48e-01,-1.06e-04,
24067,2.56e-01,-1.06e-04,
24068,2.56e-01,-1.06e-04,
24069,2.56e-01,-1.06e-04,
24070,2.56e-01,-1.06e-04,
24071,2.56e-01,-1.06e-04,
24072,2.56e-01,-1.06e-04,
24073,2.56e-01,-1.06e-04,
24074,2.48e-01,-1.06e-04,
24075,2.56e-01,-1.06e-04,
24076,2.56e-01,-1.06e-04,
24077,2.48e-01,-1.06e-04,
24078,2.48e-01,-1.06e-04,
24079,2.56e-01,-1.06e-04,
24080,2.56e-01,-1.06e-04,
24081,2.48e-01,-1.06e-04,
24082,2.48e-01,-1.06e-04,
24083,2.56e-01,-1.06e-04,
24084,2.56e-01,-1.06e-04,
24085,2.56e-01,-1.06e-04,
24086,2.56e-01,-1.06e-04,
24087,2.56e-01,-1.06e-04,
24088,2.56e-01,-1.06e-04,
24089,2.48e-01,-1.06e-04,
24090,2.56e-01,-1.06e-04,
24091,2.56e-01,-1.06e-04,
24092,2.56e-01,-1.06e-04,
24093,2.56e-01,-1.06e-04,
24094,2.56e-01,-1.06e-04,
24095,2.56e-01,-1.06e-04,
24096,2.56e-01,-1.06e-04,
24097,2.56e-01,-1.06e-04,
24098,2.56e-01,-1.06e-04,
24099,2.56e-01,-1.06e-04,
24100,2.56e-01,-1.06e-04,
24101,2.56e-01,-1.06e-04,
24102,2.56e-01,-1.06e-04,
24103,2.56e-01,-1.06e-04,
24104,2.56e-01,-1.06e-04,
24105,2.48e-01,-1.06e-04,
24106,2.56e-01,-1.06e-04,
24107,2.56e-01,-1.06e-04,
24108,2.56e-01,-1.06e-04,
24109,2.56e-01,-1.06e-04,
24110,2.56e-01,-1.06e-04,
24111,2.56e-01,-1.06e-04,
24112,2.56e-01,-1.06e-04,
24113,2.56e-01,-1.06e-04,
24114,2.56e-01,-1.06e-04,
24115,2.56e-01,-1.06e-04,
24116,2.56e-01,-1.06e-04,
24117,2.56e-01,-1.06e-04,
24118,2.56e-01,-1.06e-04,
24119,2.56e-01,-1.06e-04,
24120,2.56e-01,-1.06e-04,
24121,2.56e-01,-1.06e-04,
24122,2.56e-01,-1.06e-04,
24123,2.56e-01,-1.06e-04,
24124,2.56e-01,-1.06e-04,
24125,2.56e-01,-1.06e-04,
24126,2.56e-01,-1.06e-04,
24127,2.56e-01,-1.06e-04,
24128,2.56e-01,-1.06e-04,
24129,2.56e-01,-1.06e-04,
24130,2.56e-01,-1.06e-04,
24131,2.56e-01,-1.06e-04,
24132,2.56e-01,-1.06e-04,
24133,2.56e-01,-1.06e-04,
24134,2.56e-01,-1.06e-04,
24135,2.56e-01,-1.06e-04,
24136,2.56e-01,-1.06e-04,
24137,2.56e-01,-1.06e-04,
24138,2.56e-01,-1.06e-04,
24139,2.56e-01,-1.06e-04,
24140,2.56e-01,-1.06e-04,
24141,2.56e-01,-1.06e-04,
24142,2.56e-01,-1.06e-04,
24143,2.64e-01,-1.06e-04,
24144,2.56e-01,-1.06e-04,
24145,2.56e-01,-1.06e-04,
24146,2.56e-01,-1.06e-04,
24147,2.56e-01,-1.06e-04,
24148,2.64e-01,-1.06e-04,
24149,2.56e-01,-1.06e-04,
24150,2.56e-01,-1.06e-04,
24151,2.56e-01,-1.06e-04,
24152,2.64e-01,-1.06e-04,
24153,2.56e-01,-1.06e-04,
24154,2.56e-01,-1.06e-04,
24155,2.64e-01,-1.06e-04,
24156,2.56e-01,-1.06e-04,
24157,2.56e-01,-1.06e-04,
24158,2.56e-01,-1.06e-04,
24159,2.64e-01,-1.06e-04,
24160,2.56e-01,-1.06e-04,
24161,2.56e-01,-1.06e-04,
24162,2.64e-01,-1.06e-04,
24163,2.64e-01,-1.06e-04,
24164,2.64e-01,-1.06e-04,
24165,2.56e-01,-1.06e-04,
24166,2.64e-01,-1.06e-04,
24167,2.64e-01,-1.06e-04,
24168,2.56e-01,-1.06e-04,
24169,2.64e-01,-8.00e-01,
24170,2.56e-01,8.00e-01,
24171,2.64e-01,-1.06e-04,
24172,2.64e-01,-1.06e-04,
24173,2.56e-01,-1.06e-04,
24174,2.64e-01,-1.06e-04,
24175,2.64e-01,-1.06e-04,
24176,2.64e-01,-1.06e-04,
24177,2.56e-01,-1.06e-04,
24178,2.64e-01,-1.06e-04,
24179,2.56e-01,-1.06e-04,
24180,2.64e-01,-1.06e-04,
24181,2.64e-01,-1.06e-04,
24182,2.64e-01,-1.06e-04,
24183,2.64e-01,-1.06e-04,
24184,2.64e-01,-1.06e-04,
24185,2.64e-01,-1.06e-04,
24186,2.64e-01,-1.06e-04,
24187,2.64e-01,-1.06e-04,
24188,2.64e-01,-1.06e-04,
24189,2.64e-01,-1.06e-04,
24190,2.64e-01,-1.06e-04,
24191,2.64e-01,-1.06e-04,
24192,2.64e-01,-1.06e-04,
24193,2.64e-01,-1.06e-04,
24194,2.64e-01,-1.06e-04,
24195,2.64e-01,-1.06e-04,
24196,2.64e-01,-1.06e-04,
24197,2.64e-01,-1.06e-04,
24198,2.64e-01,-1.06e-04,
24199,2.64e-01,-1.06e-04,
24200,2.64e-01,-1.06e-04,
24201,2.64e-01,-1.06e-04,
24202,2.64e-01,-1.06e-04,
24203,2.64e-01,-1.06e-04,
24204,2.64e-01,-1.06e-04,
24205,2.64e-01,-1.06e-04,
24206,2.64e-01,-1.06e-04,
24207,2.64e-01,-1.06e-04,
24208,2.64e-01,-1.06e-04,
24209,2.64e-01,-1.06e-04,
24210,2.64e-01,-1.06e-04,
24211,2.64e-01,-1.06e-04,
24212,2.64e-01,-1.06e-04,
24213,2.64e-01,-1.06e-04,
24214,2.64e-01,-1.06e-04,
24215,2.64e-01,-1.06e-04,
24216,2.64e-01,-1.06e-04,
24217,2.64e-01,-1.06e-04,
24218,2.64e-01,-1.06e-04,
24219,2.64e-01,-1.06e-04,
24220,2.64e-01,-1.06e-04,
24221,2.64e-01,-1.06e-04,
24222,2.64e-01,-1.06e-04,
24223,2.72e-01,-1.06e-04,
24224,2.64e-01,-1.06e-04,
24225,2.64e-01,-1.06e-04,
24226,2.64e-01,-1.06e-04,
24227,2.64e-01,-1.06e-04,
24228,2.72e-01,-1.06e-04,
24229,2.64e-01,-1.06e-04,
24230,2.64e-01,-1.06e-04,
24231,2.72e-01,-1.06e-04,
24232,2.64e-01,-1.06e-04,
24233,2.64e-01,-1.06e-04,
24234,2.64e-01,-1.06e-04,
24235,2.64e-01,-1.06e-04,
24236,2.64e-01,-1.06e-04,
24237,2.64e-01,-1.06e-04,
24238,2.64e-01,-1.06e-04,
24239,2.64e-01,-1.06e-04,
24240,2.64e-01,-1.06e-04,
24241,2.64e-01,-1.06e-04,
24242,2.64e-01,-1.06e-04,
24243,2.64e-01,-1.06e-04,
24244,2.64e-01,-1.06e-04,
24245,2.64e-01,-1.06e-04,
24246,2.72e-01,-1.06e-04,
24247,2.72e-01,-1.06e-04,
24248,2.72e-01,-1.06e-04,
24249,2.64e-01,-1.06e-04,
24250,2.64e-01,-1.06e-04,
24251,2.64e-01,-1.06e-04,
24252,2.64e-01,-1.06e-04,
24253,2.64e-01,-1.06e-04,
24254,2.64e-01,-1.06e-04,
24255,2.72e-01,-1.06e-04,
24256,2.72e-01,-1.06e-04,
24257,2.64e-01,-1.06e-04,
24258,2.64e-01,-1.06e-04,
24259,2.72e-01,-1.06e-04,
24260,2.72e-01,-1.06e-04,
24261,2.64e-01,-1.06e-04,
24262,2.64e-01,-1.06e-04,
24263,2.72e-01,-1.06e-04,
24264,2.72e-01,-1.06e-04,
24265,2.64e-01,-1.06e-04,
24266,2.72e-01,-1.06e-04,
24267,2.72e-01,-1.06e-04,
24268,2.72e-01,-1.06e-04,
24269,2.72e-01,-1.06e-04,
24270,2.64e-01,-1.06e-04,
24271,2.72e-01,-1.06e-04,
24272,2.72e-01,-1.06e-04,
24273,2.72e-01,-1.06e-04,
24274,2.72e-01,-1.06e-04,
24275,2.72e-01,-1.06e-04,
24276,2.72e-01,-1.06e-04,
24277,2.64e-01,-1.06e-04,
24278,2.72e-01,-1.06e-04,
24279,2.72e-01,-1.06e-04,
24280,2.72e-01,-1.06e-04,
24281,2.72e-01,-1.06e-04,
24282,2.72e-01,-1.06e-04,
24283,2.72e-01,-1.06e-04,
24284,2.72e-01,-1.06e-04,
24285,2.72e-01,-1.06e-04,
24286,2.72e-01,-1.06e-04,
24287,2.72e-01,-1.06e-04,
24288,2.72e-01,-1.06e-04,
24289,2.72e-01,-1.06e-04,
24290,2.72e-01,-1.06e-04,
24291,2.72e-01,-1.06e-04,
24292,2.72e-01,-1.06e-04,
24293,2.72e-01,-1.06e-04,
24294,2.72e-01,-1.06e-04,
24295,2.72e-01,-1.06e-04,
24296,2.72e-01,-1.06e-04,
24297,2.72e-01,-1.06e-04,
24298,2.72e-01,-1.06e-04,
24299,2.72e-01,-1.06e-04,
24300,2.72e-01,-1.06e-04,
24301,2.72e-01,-1.06e-04,
24302,2.72e-01,-1.06e-04,
24303,2.72e-01,-1.06e-04,
24304,2.72e-01,-1.06e-04,
24305,2.72e-01,-1.06e-04,
24306,2.72e-01,-1.06e-04,
24307,2.72e-01,-1.06e-04,
24308,2.72e-01,-1.06e-04,
24309,2.72e-01,-1.06e-04,
24310,2.72e-01,-1.06e-04,
24311,2.72e-01,-1.06e-04,
24312,2.72e-01,-1.06e-04,
24313,2.72e-01,-1.06e-04,
24314,2.72e-01,-1.06e-04,
24315,2.72e-01,-1.06e-04,
24316,2.72e-01,-1.06e-04,
24317,2.72e-01,-1.06e-04,
24318,2.72e-01,-1.06e-04,
24319,2.72e-01,-1.06e-04,
24320,2.72e-01,-1.06e-04,
24321,2.72e-01,-1.06e-04,
24322,2.72e-01,-1.06e-04,
24323,2.72e-01,-1.06e-04,
24324,2.72e-01,-1.06e-04,
24325,2.72e-01,-1.06e-04,
24326,2.72e-01,-1.06e-04,
24327,2.72e-01,-1.06e-04,
24328,2.72e-01,-1.06e-04,
24329,2.72e-01,-1.06e-04,
24330,2.72e-01,-1.06e-04,
24331,2.72e-01,-1.06e-04,
24332,2.72e-01,-1.06e-04,
24333,2.72e-01,-1.06e-04,
24334,2.72e-01,-1.06e-04,
24335,2.80e-01,-1.06e-04,
24336,2.72e-01,-1.06e-04,
24337,2.72e-01,-1.06e-04,
24338,2.72e-01,-1.06e-04,
24339,2.72e-01,-1.06e-04,
24340,2.72e-01,-1.06e-04,
24341,2.72e-01,-1.06e-04,
24342,2.72e-01,-1.06e-04,
24343,2.80e-01,-1.06e-04,
24344,2.72e-01,-1.06e-04,
24345,2.72e-01,-1.06e-04,
24346,2.72e-01,-1.06e-04,
24347,2.72e-01,-1.06e-04,
24348,2.80e-01,-1.06e-04,
24349,2.72e-01,-1.06e-04,
24350,2.72e-01,-1.06e-04,
24351,2.80e-01,-1.06e-04,
24352,2.72e-01,-1.06e-04,
24353,2.72e-01,-1.06e-04,
24354,2.72e-01,-1.06e-04,
24355,2.80e-01,-1.06e-04,
24356,2.80e-01,-1.06e-04,
24357,2.80e-01,-1.06e-04,
24358,2.80e-01,-1.06e-04,
24359,2.80e-01,-1.06e-04,
24360,2.80e-01,-1.06e-04,
24361,2.80e-01,-1.06e-04,
24362,2.72e-01,-1.06e-04,
24363,2.80e-01,-1.06e-04,
24364,2.80e-01,-1.06e-04,
24365,2.72e-01,-1.06e-04,
24366,2.80e-01,-1.06e-04,
24367,2.80e-01,-1.06e-04,
24368,2.80e-01,-1.06e-04,
24369,2.80e-01,-8.00e-01,
24370,2.72e-01,8.00e-01,
24371,2.80e-01,-1.06e-04,
24372,2.80e-01,-1.06e-04,
24373,2.72e-01,-1.06e-04,
24374,2.80e-01,-1.06e-04,
24375,2.80e-01,-1.06e-04,
24376,2.80e-01,-1.06e-04,
24377,2.80e-01,-1.06e-04,
24378,2.80e-01,-1.06e-04,
24379,2.80e-01,-1.06e-04,
24380,2.80e-01,-1.06e-04,
24381,2.80e-01,-1.06e-04,
24382,2.80e-01,-1.06e-04,
24383,2.80e-01,-1.06e-04,
24384,2.80e-01,-1.06e-04,
24385,2.80e-01,-1.06e-04,
24386,2.80e-01,-1.06e-04,
24387,2.80e-01,-1.06e-04,
24388,2.80e-01,-1.06e-04,
24389,2.80e-01,-1.06e-04,
24390,2.80e-01,-1.06e-04,
24391,2.80e-01,-1.06e-04,
24392,2.80e-01,-1.06e-04,
24393,2.80e-01,-1.06e-04,
24394,2.80e-01,-1.06e-04,
24395,2.80e-01,-1.06e-04,
24396,2.80e-01,-1.06e-04,
24397,2.80e-01,-1.06e-04,
24398,2.80e-01,-1.06e-04,
24399,2.80e-01,-1.06e-04,
24400,2.80e-01,-1.06e-04,
24401,2.80e-01,-1.06e-04,
24402,2.80e-01,-1.06e-04,
24403,2.80e-01,-1.06e-04,
24404,2.80e-01,-1.06e-04,
24405,2.80e-01,-1.06e-04,
24406,2.80e-01,-1.06e-04,
24407,2.80e-01,-1.06e-04,
24408,2.80e-01,-1.06e-04,
24409,2.80e-01,-1.06e-04,
24410,2.80e-01,-1.06e-04,
24411,2.80e-01,-1.06e-04,
24412,2.80e-01,-1.06e-04,
24413,2.80e-01,-1.06e-04,
24414,2.80e-01,-1.06e-04,
24415,2.80e-01,-1.06e-04,
24416,2.80e-01,-1.06e-04,
24417,2.80e-01,-1.06e-04,
24418,2.80e-01,-1.06e-04,
24419,2.80e-01,-1.06e-04,
24420,2.80e-01,-1.06e-04,
24421,2.80e-01,-1.06e-04,
24422,2.80e-01,-1.06e-04,
24423,2.80e-01,-1.06e-04,
24424,2.80e-01,-1.06e-04,
24425,2.80e-01,-1.06e-04,
24426,2.80e-01,-1.06e-04,
24427,2.88e-01,-1.06e-04,
24428,2.88e-01,-1.06e-04,
24429,2.80e-01,-1.06e-04,
24430,2.80e-01,-1.06e-04,
24431,2.88e-01,-1.06e-04,
24432,2.80e-01,-1.06e-04,
24433,2.80e-01,-1.06e-04,
24434,2.80e-01,-1.06e-04,
24435,2.80e-01,-1.06e-04,
24436,2.88e-01,-1.06e-04,
24437,2.80e-01,-1.06e-04,
24438,2.80e-01,-1.06e-04,
24439,2.88e-01,-1.06e-04,
24440,2.80e-01,-1.06e-04,
24441,2.88e-01,-1.06e-04,
24442,2.80e-01,-1.06e-04,
24443,2.88e-01,-1.06e-04,
24444,2.88e-01,-1.06e-04,
24445,2.88e-01,-1.06e-04,
24446,2.80e-01,-1.06e-04,
24447,2.80e-01,-1.06e-04,
24448,2.88e-01,-1.06e-04,
24449,2.80e-01,-1.06e-04,
24450,2.88e-01,-1.06e-04,
24451,2.88e-01,-1.06e-04,
24452,2.88e-01,-1.06e-04,
24453,2.88e-01,-1.06e-04,
24454,2.88e-01,-1.06e-04,
24455,2.88e-01,-1.06e-04,
24456,2.80e-01,-1.06e-04,
24457,2.88e-01,-1.06e-04,
24458,2.88e-01,-1.06e-04,
24459,2.88e-01,-1.06e-04,
24460,2.88e-01,-1.06e-04,
24461,2.88e-01,-1.06e-04,
24462,2.88e-01,-1.06e-04,
24463,2.88e-01,-1.06e-04,
24464,2.88e-01,-1.06e-04,
24465,2.88e-01,-1.06e-04,
24466,2.88e-01,-1.06e-04,
24467,2.88e-01,-1.06e-04,
24468,2.88e-01,-1.06e-04,
24469,2.88e-01,-1.06e-04,
24470,2.88e-01,-1.06e-04,
24471,2.88e-01,-1.06e-04,
24472,2.88e-01,-1.06e-04,
24473,2.80e-01,-1.06e-04,
24474,2.88e-01,-1.06e-04,
24475,2.88e-01,-1.06e-04,
24476,2.88e-01,-1.06e-04,
24477,2.88e-01,-1.06e-04,
24478,2.88e-01,-1.06e-04,
24479,2.88e-01,-1.06e-04,
24480,2.88e-01,-1.06e-04,
24481,2.88e-01,-1.06e-04,
24482,2.88e-01,-1.06e-04,
24483,2.88e-01,-1.06e-04,
24484,2.88e-01,-1.06e-04,
24485,2.88e-01,-1.06e-04,
24486,2.88e-01,-1.06e-04,
24487,2.88e-01,-1.06e-04,
24488,2.88e-01,-1.06e-04,
24489,2.88e-01,-1.06e-04,
24490,2.88e-01,-1.06e-04,
24491,2.88e-01,-1.06e-04,
24492,2.88e-01,-1.06e-04,
24493,2.88e-01,-1.06e-04,
24494,2.88e-01,-1.06e-04,
24495,2.88e-01,-1.06e-04,
24496,2.88e-01,-1.06e-04,
24497,2.88e-01,-1.06e-04,
24498,2.88e-01,-1.06e-04,
24499,2.88e-01,-1.06e-04,
24500,2.88e-01,-1.06e-04,
24501,2.88e-01,-1.06e-04,
24502,2.88e-01,-1.06e-04,
24503,2.88e-01,-1.06e-04,
24504,2.88e-01,-1.06e-04,
24505,2.88e-01,-1.06e-04,
24506,2.88e-01,-1.06e-04,
24507,2.88e-01,-1.06e-04,
24508,2.88e-01,-1.06e-04,
24509,2.88e-01,-1.06e-04,
24510,2.88e-01,-1.06e-04,
24511,2.88e-01,-1.06e-04,
24512,2.88e-01,-1.06e-04,
24513,2.88e-01,-1.06e-04,
24514,2.88e-01,-1.06e-04,
24515,2.96e-01,-1.06e-04,
24516,2.88e-01,-1.06e-04,
24517,2.88e-01,-1.06e-04,
24518,2.88e-01,-1.06e-04,
24519,2.88e-01,-1.06e-04,
24520,2.88e-01,-1.06e-04,
24521,2.88e-01,-1.06e-04,
24522,2.88e-01,-1.06e-04,
24523,2.96e-01,-1.06e-04,
24524,2.88e-01,-1.06e-04,
24525,2.88e-01,-1.06e-04,
24526,2.88e-01,-1.06e-04,
24527,2.96e-01,-1.06e-04,
24528,2.96e-01,-1.06e-04,
24529,2.88e-01,-1.06e-04,
24530,2.88e-01,-1.06e-04,
24531,2.96e-01,-1.06e-04,
24532,2.88e-01,-1.06e-04,
24533,2.88e-01,-1.06e-04,
24534,2.88e-01,-1.06e-04,
24535,2.96e-01,-1.06e-04,
24536,2.96e-01,-1.06e-04,
24537,2.88e-01,-1.06e-04,
24538,2.88e-01,-1.06e-04,
24539,2.96e-01,-1.06e-04,
24540,2.96e-01,-1.06e-04,
24541,2.88e-01,-1.06e-04,
24542,2.96e-01,-1.06e-04,
24543,2.96e-01,-1.06e-04,
24544,2.96e-01,-1.06e-04,
24545,2.88e-01,-1.06e-04,
24546,2.96e-01,-1.06e-04,
24547,2.96e-01,-1.06e-04,
24548,2.96e-01,-1.06e-04,
24549,2.88e-01,-1.06e-04,
24550,2.96e-01,-1.06e-04,
24551,2.96e-01,-1.06e-04,
24552,2.96e-01,-1.06e-04,
24553,2.88e-01,-1.06e-04,
24554,2.96e-01,-1.06e-04,
24555,2.96e-01,-1.06e-04,
24556,2.96e-01,-1.06e-04,
24557,2.96e-01,-1.06e-04,
24558,2.96e-01,-1.06e-04,
24559,2.96e-01,-1.06e-04,
24560,2.96e-01,-1.06e-04,
24561,2.96e-01,-1.06e-04,
24562,2.96e-01,-1.06e-04,
24563,2.96e-01,-1.06e-04,
24564,2.96e-01,-1.06e-04,
24565,2.96e-01,-1.06e-04,
24566,2.96e-01,-1.06e-04,
24567,2.96e-01,-1.06e-04,
24568,2.96e-01,-1.06e-04,
24569,2.96e-01,-8.00e-01,
24570,2.88e-01,8.00e-01,
24571,2.96e-01,-1.06e-04,
24572,2.96e-01,-1.06e-04,
24573,2.96e-01,-1.06e-04,
24574,2.96e-01,-1.06e-04,
24575,2.96e-01,-1.06e-04,
24576,2.96e-01,-1.06e-04,
24577,2.96e-01,-1.06e-04,
24578,2.96e-01,-1.06e-04,
24579,2.96e-01,-1.06e-04,
24580,2.96e-01,-1.06e-04,
24581,2.96e-01,-1.06e-04,
24582,2.96e-01,-1.06e-04,
24583,2.96e-01,-1.06e-04,
24584,2.96e-01,-1.06e-04,
24585,2.96e-01,-1.06e-04,
24586,2.96e-01,-1.06e-04,
24587,2.96e-01,-1.06e-04,
24588,2.96e-01,-1.06e-04,
24589,2.96e-01,-1.06e-04,
24590,2.96e-01,-1.06e-04,
24591,2.96e-01,-1.06e-04,
24592,2.96e-01,-1.06e-04,
24593,2.96e-01,-1.06e-04,
24594,2.96e-01,-1.06e-04,
24595,2.96e-01,-1.06e-04,
24596,2.96e-01,-1.06e-04,
24597,2.96e-01,-1.06e-04,
24598,2.96e-01,-1.06e-04,
24599,2.96e-01,-1.06e-04,
24600,2.96e-01,-1.06e-04,
24601,2.96e-01,-1.06e-04,
24602,2.96e-01,-1.06e-04,
24603,2.96e-01,-1.06e-04,
24604,2.96e-01,-1.06e-04,
24605,2.96e-01,-1.06e-04,
24606,2.96e-01,-1.06e-04,
24607,2.96e-01,-1.06e-04,
24608,2.96e-01,-1.06e-04,
24609,2.96e-01,-1.06e-04,
24610,2.96e-01,-1.06e-04,
24611,2.96e-01,-1.06e-04,
24612,2.96e-01,-1.06e-04,
24613,2.96e-01,-1.06e-04,
24614,2.96e-01,-1.06e-04,
24615,2.96e-01,-1.06e-04,
24616,2.96e-01,-1.06e-04,
24617,2.96e-01,-1.06e-04,
24618,2.96e-01,-1.06e-04,
24619,3.12e-01,-1.06e-04,
24620,3.12e-01,-1.06e-04,
24621,2.96e-01,-1.06e-04,
24622,2.96e-01,-1.06e-04,
24623,3.12e-01,-1.06e-04,
24624,2.96e-01,-1.06e-04,
24625,2.88e-01,-1.06e-04,
24626,2.72e-01,-1.06e-04,
24627,2.56e-01,-1.06e-04,
24628,2.40e-01,-1.06e-04,
24629,2.24e-01,-1.06e-04,
24630,2.16e-01,-1.06e-04,
24631,2.16e-01,-1.06e-04,
24632,2.24e-01,-1.06e-04,
24633,2.32e-01,-1.06e-04,
24634,2.48e-01,-1.06e-04,
24635,2.64e-01,-1.06e-04,
24636,2.72e-01,-1.06e-04,
24637,2.72e-01,-1.06e-04,
24638,2.72e-01,-1.06e-04,
24639,2.80e-01,-1.06e-04,
24640,2.80e-01,-1.06e-04,
24641,2.80e-01,-1.06e-04,
24642,2.80e-01,-1.06e-04,
24643,2.88e-01,-1.06e-04,
24644,2.80e-01,-1.06e-04,
24645,2.80e-01,-1.06e-04,
24646,2.80e-01,-1.06e-04,
24647,2.80e-01,-1.06e-04,
24648,2.80e-01,-1.06e-04,
24649,2.80e-01,-1.06e-04,
24650,2.80e-01,-1.06e-04,
24651,2.80e-01,-1.06e-04,
24652,2.88e-01,-1.06e-04,
24653,2.88e-01,-1.06e-04,
24654,2.88e-01,-1.06e-04,
24655,2.88e-01,-1.06e-04,
24656,2.88e-01,-1.06e-04,
24657,2.88e-01,-1.06e-04,
24658,2.88e-01,-1.06e-04,
24659,2.88e-01,-1.06e-04,
24660,2.88e-01,-1.06e-04,
24661,2.88e-01,-1.06e-04,
24662,2.88e-01,-1.06e-04,
24663,2.88e-01,-1.06e-04,
24664,2.88e-01,-1.06e-04,
24665,2.88e-01,-1.06e-04,
24666,2.88e-01,-1.06e-04,
24667,2.88e-01,-1.06e-04,
24668,2.96e-01,-1.06e-04,
24669,2.88e-01,-1.06e-04,
24670,2.88e-01,-1.06e-04,
24671,2.96e-01,-1.06e-04,
24672,2.96e-01,-1.06e-04,
24673,2.96e-01,-1.06e-04,
24674,2.96e-01,-1.06e-04,
24675,2.96e-01,-1.06e-04,
24676,2.96e-01,-1.06e-04,
24677,2.88e-01,-1.06e-04,
24678,2.88e-01,-1.06e-04,
24679,2.96e-01,-1.06e-04,
24680,2.96e-01,-1.06e-04,
24681,2.96e-01,-1.06e-04,
24682,2.96e-01,-1.06e-04,
24683,2.96e-01,-1.06e-04,
24684,2.96e-01,-1.06e-04,
24685,2.96e-01,-1.06e-04,
24686,2.96e-01,-1.06e-04,
24687,2.96e-01,-1.06e-04,
24688,2.96e-01,-1.06e-04,
24689,2.96e-01,-1.06e-04,
24690,2.96e-01,-1.06e-04,
24691,2.96e-01,-1.06e-04,
24692,2.96e-01,-1.06e-04,
24693,2.96e-01,-1.06e-04,
24694,2.96e-01,-1.06e-04,
24695,2.96e-01,-1.06e-04,
24696,2.96e-01,-1.06e-04,
24697,2.96e-01,-1.06e-04,
24698,2.96e-01,-1.06e-04,
24699,2.96e-01,-1.06e-04,
24700,2.96e-01,-1.06e-04,
24701,2.96e-01,-1.06e-04,
24702,2.96e-01,-1.06e-04,
24703,3.12e-01,-1.06e-04,
24704,3.12e-01,-1.06e-04,
24705,2.96e-01,-1.06e-04,
24706,2.96e-01,-1.06e-04,
24707,2.96e-01,-1.06e-04,
24708,2.96e-01,-1.06e-04,
24709,2.96e-01,-1.06e-04,
24710,2.96e-01,-1.06e-04,
24711,3.12e-01,-1.06e-04,
24712,2.96e-01,-1.06e-04,
24713,2.96e-01,-1.06e-04,
24714,2.96e-01,8.00e-01,
24715,3.12e-01,-1.06e-04,
24716,3.12e-01,-1.06e-04,
24717,2.96e-01,-1.06e-04,
24718,3.12e-01,-1.06e-04,
24719,3.12e-01,-1.06e-04,
24720,3.12e-01,-1.06e-04,
24721,2.96e-01,-1.06e-04,
24722,2.96e-01,8.00e-01,
24723,3.12e-01,-1.06e-04,
24724,3.12e-01,-1.06e-04,
24725,3.12e-01,-1.06e-04,
24726,3.12e-01,-1.06e-04,
24727,3.12e-01,-1.06e-04,
24728,3.12e-01,-1.06e-04,
24729,2.96e-01,-1.06e-04,
24730,3.12e-01,8.00e-01,
24731,3.12e-01,-1.06e-04,
24732,3.12e-01,-1.06e-04,
24733,3.12e-01,-1.06e-04,
24734,3.12e-01,-1.06e-04,
24735,3.12e-01,-1.06e-04,
24736,3.12e-01,-1.06e-04,
24737,2.96e-01,-1.06e-04,
24738,2.96e-01,8.00e-01,
24739,2.96e-01,-1.06e-04,
24740,2.96e-01,-1.06e-04,
24741,2.96e-01,-1.06e-04,
24742,2.96e-01,8.00e-01,
24743,2.96e-01,8.00e-01,
24744,2.96e-01,8.00e-01,
24745,2.96e-01,8.00e-01,
24746,2.96e-01,8.00e-01,
24747,2.96e-01,8.00e-01,
24748,2.96e-01,8.00e-01,
24749,2.96e-01,8.00e-01,
24750,2.96e-01,1.60e+00,
24751,2.96e-01,1.60e+00,
24752,2.96e-01,1.60e+00,
24753,2.96e-01,1.60e+00,
24754,2.96e-01,1.60e+00,
24755,2.96e-01,1.60e+00,
24756,2.96e-01,1.60e+00,
24757,2.96e-01,3.20e+00,
24758,2.96e-01,3.20e+00,
24759,2.96e-01,3.20e+00,
24760,2.96e-01,3.20e+00,
24761,2.96e-01,3.20e+00,
24762,2.96e-01,4.00e+00,
24763,2.96e-01,3.20e+00,
24764,2.96e-01,3.20e+00,
24765,2.96e-01,4.00e+00,
24766,2.96e-01,4.00e+00,
24767,2.96e-01,4.00e+00,
24768,2.96e-01,4.00e+00,
24769,2.96e-01,3.20e+00,
24770,2.96e-01,4.80e+00,
24771,2.96e-01,4.00e+00,
24772,2.96e-01,4.80e+00,
24773,2.96e-01,4.80e+00,
24774,2.96e-01,4.80e+00,
24775,2.96e-01,4.80e+00,
24776,2.96e-01,4.80e+00,
24777,2.96e-01,4.80e+00,
24778,2.96e-01,5.60e+00,
24779,2.96e-01,5.60e+00,
24780,2.96e-01,5.60e+00,
24781,2.88e-01,5.60e+00,
24782,2.88e-01,6.40e+00,
24783,2.88e-01,6.40e+00,
24784,2.88e-01,6.40e+00,
24785,2.88e-01,6.40e+00,
24786,2.88e-01,7.20e+00,
24787,2.80e-01,7.20e+00,
24788,2.80e-01,7.20e+00,
24789,2.72e-01,8.00e+00,
24790,2.64e-01,8.80e+00,
24791,2.64e-01,8.80e+00,
24792,2.56e-01,9.60e+00,
24793,2.48e-01,9.60e+00,
24794,2.40e-01,1.12e+01,
24795,2.32e-01,1.12e+01,
24796,2.24e-01,1.28e+01,
24797,2.08e-01,1.44e+01,
24798,1.92e-01,1.60e+01,
24799,1.76e-01,1.76e+01,
24800,1.44e-01,1.92e+01,
24801,1.20e-01,2.08e+01,
24802,1.04e-01,2.32e+01,
24803,8.00e-02,2.64e+01,
24804,5.60e-02,2.88e+01,
24805,3.20e-02,3.20e+01,
24806,0.00e+00,3.52e+01,
24807,-3.20e-02,3.84e+01,
24808,-6.40e-02,4.16e+01,
24809,-1.52e-01,4.48e+01,
24810,-4.00e-01,4.64e+01,
24811,-6.48e-01,4.80e+01,
24812,-8.00e-01,4.88e+01,
24813,-8.80e-01,4.88e+01,
24814,-8.64e-01,4.88e+01,
24815,-8.32e-01,4.88e+01,
24816,-7.68e-01,4.80e+01,
24817,-6.72e-01,4.80e+01,
24818,-5.52e-01,4.64e+01,
24819,-4.40e-01,4.56e+01,
24820,-3.12e-01,4.48e+01,
24821,-1.84e-01,4.48e+01,
24822,-5.60e-02,4.40e+01,
24823,4.80e-02,4.40e+01,
24824,1.12e-01,4.32e+01,
24825,1.28e-01,4.32e+01,
24826,1.04e-01,4.40e+01,
24827,4.00e-02,4.48e+01,
24828,-4.00e-02,4.48e+01,
24829,-1.20e-01,4.56e+01,
24830,-1.68e-01,4.56e+01,
24831,-1.84e-01,4.56e+01,
24832,-1.60e-01,4.56e+01,
24833,-1.04e-01,4.56e+01,
24834,-4.00e-02,4.56e+01,
24835,1.60e-02,4.48e+01,
24836,5.60e-02,4.48e+01,
24837,6.40e-02,4.48e+01,
24838,4.80e-02,4.56e+01,
24839,0.00e+00,4.56e+01,
24840,-4.80e-02,4.64e+01,
24841,-8.80e-02,4.64e+01,
24842,-1.12e-01,4.80e+01,
24843,-1.12e-01,4.64e+01,
24844,-9.60e-02,4.64e+01,
24845,-7.20e-02,4.64e+01,
24846,-3.20e-02,4.64e+01,
24847,0.00e+00,4.64e+01,
24848,2.40e-02,4.64e+01,
24849,2.40e-02,4.64e+01,
24850,1.60e-02,4.80e+01,
24851,-2.40e-02,4.80e+01,
24852,-5.60e-02,4.80e+01,
24853,-7.20e-02,4.80e+01,
24854,-8.00e-02,4.88e+01,
24855,-8.00e-02,4.88e+01,
24856,-7.20e-02,4.80e+01,
24857,-4.80e-02,4.80e+01,
24858,-2.40e-02,4.80e+01,
24859,-8.00e-03,4.80e+01,
24860,0.00e+00,4.80e+01,
24861,-8.00e-03,4.80e+01,
24862,-1.60e-02,4.88e+01,
24863,-3.20e-02,4.88e+01,
24864,-4.80e-02,4.88e+01,
24865,-6.40e-02,4.88e+01,
24866,-6.40e-02,4.88e+01,
24867,-5.60e-02,4.88e+01,
24868,-4.80e-02,4.88e+01,
24869,-4.00e-02,4.88e+01,
24870,-2.40e-02,4.88e+01,
24871,-1.60e-02,4.88e+01,
24872,-1.60e-02,4.88e+01,
24873,-2.40e-02,4.88e+01,
24874,-2.40e-02,4.88e+01,
24875,-4.00e-02,4.88e+01,
24876,-4.80e-02,4.88e+01,
24877,-5.60e-02,4.88e+01,
24878,-4.80e-02,4.96e+01,
24879,-4.80e-02,4.96e+01,
24880,-4.00e-02,4.88e+01,
24881,-3.20e-02,4.88e+01,
24882,-2.40e-02,4.88e+01,
24883,-2.40e-02,4.88e+01,
24884,-2.40e-02,4.88e+01,
24885,-3.20e-02,4.88e+01,
24886,-3.20e-02,4.88e+01,
24887,-3.20e-02,4.88e+01,
24888,-4.00e-02,4.88e+01,
24889,-4.00e-02,4.88e+01,
24890,-4.00e-02,4.88e+01,
24891,-4.00e-02,4.88e+01,
24892,-3.20e-02,4.88e+01,
24893,-3.20e-02,4.88e+01,
24894,-2.40e-02,4.88e+01,
24895,-2.40e-02,4.88e+01,
24896,-2.40e-02,4.88e+01,
24897,-3.20e-02,4.88e+01,
24898,-3.20e-02,4.88e+01,
24899,-3.20e-02,4.88e+01,
24900,-3.20e-02,4.88e+01,
24901,-4.00e-02,4.88e+01,
24902,-3.20e-02,4.88e+01,
24903,-3.20e-02,4.88e+01,
24904,-3.20e-02,4.88e+01,
24905,-3.20e-02,4.88e+01,
24906,-2.40e-02,4.88e+01,
24907,-2.40e-02,4.88e+01,
24908,-2.40e-02,4.80e+01,
24909,-3.20e-02,4.80e+01,
24910,-3.20e-02,4.80e+01,
24911,-3.20e-02,4.80e+01,
24912,-4.00e-02,4.80e+01,
24913,-4.00e-02,4.80e+01,
24914,-4.00e-02,4.80e+01,
24915,-6.40e-02,4.64e+01,
24916,-2.72e-01,4.48e+01,
24917,-5.68e-01,4.24e+01,
24918,-4.56e-01,4.08e+01,
24919,-4.80e-02,4.00e+01,
24920,1.92e-01,3.68e+01,
24921,8.80e-02,3.36e+01,
24922,-6.40e-02,3.20e+01,
24923,-3.20e-02,3.04e+01,
24924,6.40e-02,2.96e+01,
24925,4.80e-02,2.80e+01,
24926,1.60e-02,2.72e+01,
24927,1.60e-02,2.64e+01,
24928,4.00e-02,2.40e+01,
24929,4.00e-02,2.40e+01,
24930,3.20e-02,2.32e+01,
24931,2.40e-02,2.24e+01,
24932,3.20e-02,2.24e+01,
24933,3.20e-02,2.24e+01,
24934,3.20e-02,2.24e+01,
24935,3.20e-02,2.16e+01,
24936,3.20e-02,2.16e+01,
24937,3.20e-02,2.16e+01,
24938,2.40e-02,2.24e+01,
24939,2.40e-02,2.24e+01,
24940,2.40e-02,2.24e+01,
24941,2.40e-02,2.24e+01,
24942,1.60e-02,2.32e+01,
24943,1.60e-02,2.32e+01,
24944,0.00e+00,2.32e+01,
24945,0.00e+00,2.40e+01,
24946,0.00e+00,2.40e+01,
24947,-8.00e-03,2.56e+01,
24948,-8.00e-03,2.56e+01,
24949,-1.60e-02,2.64e+01,
24950,-1.60e-02,2.72e+01,
24951,-1.60e-02,2.72e+01,
24952,-1.60e-02,2.80e+01,
24953,-2.40e-02,2.80e+01,
24954,-2.40e-02,2.88e+01,
24955,-2.40e-02,2.88e+01,
24956,-2.40e-02,2.96e+01,
24957,-3.20e-02,3.04e+01,
24958,-2.40e-02,3.04e+01,
24959,-3.20e-02,3.12e+01,
24960,-2.40e-02,3.12e+01,
24961,-3.20e-02,3.12e+01,
24962,-3.20e-02,3.20e+01,
24963,-3.20e-02,3.20e+01,
24964,-3.20e-02,3.20e+01,
24965,-3.20e-02,3.28e+01,
24966,-3.20e-02,3.28e+01,
24967,-3.20e-02,3.28e+01,
24968,-3.20e-02,3.36e+01,
24969,-3.20e-02,3.28e+01,
24970,-3.20e-02,3.36e+01,
24971,-3.20e-02,3.36e+01,
24972,-3.20e-02,3.36e+01,
24973,-3.20e-02,3.36e+01,
24974,-3.20e-02,3.36e+01,
24975,-2.40e-02,3.36e+01,
24976,-3.20e-02,3.36e+01,
24977,-2.40e-02,3.36e+01,
24978,-2.40e-02,3.44e+01,
24979,-2.40e-02,3.44e+01,
24980,-2.40e-02,3.36e+01,
24981,-2.40e-02,3.44e+01,
24982,-2.40e-02,3.44e+01,
24983,-2.40e-02,3.44e+01,
24984,-2.40e-02,3.36e+01,
24985,-2.40e-02,3.36e+01,
24986,-2.40e-02,3.44e+01,
24987,-2.40e-02,3.36e+01,
24988,-2.40e-02,3.36e+01,
24989,-2.40e-02,3.36e+01,
24990,-2.40e-02,3.44e+01,
24991,-2.40e-02,3.36e+01,
24992,-2.40e-02,3.36e+01,
24993,-2.40e-02,3.36e+01,
24994,-2.40e-02,3.36e+01,
24995,-2.40e-02,3.36e+01,
24996,-2.40e-02,3.36e+01,
24997,-2.40e-02,3.36e+01,
24998,-2.40e-02,3.36e+01,
24999,-2.40e-02,3.36e+01,
25000,-2.40e-02,3.36e+01,
25001,-2.40e-02,3.36e+01,
25002,-2.40e-02,3.36e+01,
25003,-2.40e-02,3.36e+01,
25004,-2.40e-02,3.28e+01,
25005,-2.40e-02,3.28e+01,
25006,-2.40e-02,3.36e+01,
25007,-1.60e-02,3.36e+01,
25008,-2.40e-02,3.28e+01,
25009,-2.40e-02,3.28e+01,
25010,-1.60e-02,3.36e+01,
25011,-2.40e-02,3.28e+01,
25012,-2.40e-02,3.28e+01,
25013,-2.40e-02,3.28e+01,
25014,-2.40e-02,3.28e+01,
25015,-1.60e-02,3.28e+01,
25016,-2.40e-02,3.28e+01,
25017,-2.40e-02,3.28e+01,
25018,-2.40e-02,3.28e+01,
25019,-1.60e-02,3.28e+01,
25020,-2.40e-02,3.28e+01,
25021,-2.40e-02,3.28e+01,
25022,-2.40e-02,3.28e+01,
25023,-1.60e-02,3.28e+01,
25024,-2.40e-02,3.28e+01,
25025,-2.40e-02,3.28e+01,
25026,-2.40e-02,3.28e+01,
25027,-2.40e-02,3.28e+01,
25028,-2.40e-02,3.28e+01,
25029,-2.40e-02,3.28e+01,
25030,-2.40e-02,3.28e+01,
25031,-2.40e-02,3.28e+01,
25032,-2.40e-02,3.28e+01,
25033,-2.40e-02,3.28e+01,
25034,-2.40e-02,3.28e+01,
25035,-2.40e-02,3.28e+01,
25036,-2.40e-02,3.28e+01,
25037,-2.40e-02,3.28e+01,
25038,-1.60e-02,3.28e+01,
25039,-2.40e-02,3.28e+01,
25040,-2.40e-02,3.28e+01,
25041,-2.40e-02,3.28e+01,
25042,-2.40e-02,3.28e+01,
25043,-2.40e-02,3.28e+01,
25044,-1.60e-02,3.28e+01,
25045,-2.40e-02,3.28e+01,
25046,-2.40e-02,3.28e+01,
25047,-2.40e-02,3.28e+01,
25048,-2.40e-02,3.28e+01,
25049,-2.40e-02,3.28e+01,
25050,-1.60e-02,3.28e+01,
25051,-1.60e-02,3.28e+01,
25052,-1.60e-02,3.28e+01,
25053,-1.60e-02,3.28e+01,
25054,-2.40e-02,3.28e+01,
25055,-2.40e-02,3.28e+01,
25056,-2.40e-02,3.28e+01,
25057,-2.40e-02,3.28e+01,
25058,-2.40e-02,3.28e+01,
25059,-1.60e-02,3.28e+01,
25060,-2.40e-02,3.28e+01,
25061,-2.40e-02,3.28e+01,
25062,-1.60e-02,3.28e+01,
25063,-2.40e-02,3.28e+01,
25064,-2.40e-02,3.28e+01,
25065,-2.40e-02,3.28e+01,
25066,-2.40e-02,3.28e+01,
25067,-2.40e-02,3.28e+01,
25068,-2.40e-02,3.28e+01,
25069,-1.60e-02,3.28e+01,
25070,-1.60e-02,3.28e+01,
25071,-2.40e-02,3.28e+01,
25072,-2.40e-02,3.28e+01,
25073,-2.40e-02,3.28e+01,
25074,-1.60e-02,3.28e+01,
25075,-2.40e-02,3.28e+01,
25076,-1.60e-02,3.28e+01,
25077,-2.40e-02,3.28e+01,
25078,-2.40e-02,3.28e+01,
25079,-2.40e-02,3.28e+01,
25080,-1.60e-02,3.28e+01,
25081,-2.40e-02,3.28e+01,
25082,-1.60e-02,3.28e+01,
25083,-1.60e-02,3.28e+01,
25084,-2.40e-02,3.28e+01,
25085,-2.40e-02,3.28e+01,
25086,-1.60e-02,3.28e+01,
25087,-2.40e-02,3.28e+01,
25088,-2.40e-02,3.28e+01,
25089,-2.40e-02,3.28e+01,
25090,-1.60e-02,3.28e+01,
25091,-2.40e-02,3.28e+01,
25092,-2.40e-02,3.28e+01,
25093,-2.40e-02,3.28e+01,
25094,-1.60e-02,3.28e+01,
25095,-1.60e-02,3.28e+01,
25096,-2.40e-02,3.28e+01,
25097,-2.40e-02,3.28e+01,
25098,-1.60e-02,3.28e+01,
25099,-2.40e-02,3.28e+01,
25100,-2.40e-02,3.28e+01,
25101,-2.40e-02,3.28e+01,
25102,-1.60e-02,3.28e+01,
25103,-1.60e-02,3.28e+01,
25104,-1.60e-02,3.28e+01,
25105,-2.40e-02,3.28e+01,
25106,-2.40e-02,3.28e+01,
25107,-1.60e-02,3.28e+01,
25108,-1.60e-02,3.28e+01,
25109,-2.40e-02,3.28e+01,
25110,-1.60e-02,3.28e+01,
25111,-1.60e-02,3.28e+01,
25112,-1.60e-02,3.28e+01,
25113,-2.40e-02,3.28e+01,
25114,-1.60e-02,3.28e+01,
25115,-1.60e-02,3.28e+01,
25116,-2.40e-02,3.28e+01,
25117,-2.40e-02,3.28e+01,
25118,-2.40e-02,3.28e+01,
25119,-1.60e-02,3.28e+01,
25120,-1.60e-02,3.28e+01,
25121,-2.40e-02,3.28e+01,
25122,-1.60e-02,3.28e+01,
25123,-1.60e-02,3.28e+01,
25124,-2.40e-02,3.28e+01,
25125,-2.40e-02,3.28e+01,
25126,-1.60e-02,3.28e+01,
25127,-1.60e-02,3.28e+01,
25128,-1.60e-02,3.20e+01,
25129,-2.40e-02,3.28e+01,
25130,-1.60e-02,3.28e+01,
25131,-1.60e-02,3.28e+01,
25132,-1.60e-02,3.28e+01,
25133,-1.60e-02,3.28e+01,
25134,-2.40e-02,3.28e+01,
25135,-1.60e-02,3.28e+01,
25136,-1.60e-02,3.20e+01,
25137,-2.40e-02,3.28e+01,
25138,-1.60e-02,3.28e+01,
25139,-1.60e-02,3.28e+01,
25140,-1.60e-02,3.28e+01,
25141,-2.40e-02,3.28e+01,
25142,-1.60e-02,3.28e+01,
25143,-1.60e-02,3.28e+01,
25144,-1.60e-02,3.28e+01,
25145,-1.60e-02,3.28e+01,
25146,-1.60e-02,3.28e+01,
25147,-1.60e-02,3.28e+01,
25148,-1.60e-02,3.20e+01,
25149,-2.40e-02,3.28e+01,
25150,-1.60e-02,3.28e+01,
25151,-1.60e-02,3.28e+01,
25152,-1.60e-02,3.28e+01,
25153,-2.40e-02,3.28e+01,
25154,-1.60e-02,3.28e+01,
25155,-1.60e-02,3.28e+01,
25156,-1.60e-02,3.28e+01,
25157,-2.40e-02,3.28e+01,
25158,-1.60e-02,3.28e+01,
25159,-1.60e-02,3.28e+01,
25160,-1.60e-02,3.28e+01,
25161,-1.60e-02,3.28e+01,
25162,-1.60e-02,3.28e+01,
25163,-1.60e-02,3.28e+01,
25164,-1.60e-02,3.20e+01,
25165,-1.60e-02,3.28e+01,
25166,-1.60e-02,3.28e+01,
25167,-1.60e-02,3.28e+01,
25168,-1.60e-02,3.28e+01,
25169,-2.40e-02,3.20e+01,
25170,-1.60e-02,3.28e+01,
25171,-1.60e-02,3.28e+01,
25172,-1.60e-02,3.20e+01,
25173,-1.60e-02,3.28e+01,
25174,-1.60e-02,3.28e+01,
25175,-1.60e-02,3.28e+01,
25176,-1.60e-02,3.20e+01,
25177,-2.40e-02,3.28e+01,
25178,-1.60e-02,3.28e+01,
25179,-1.60e-02,3.28e+01,
25180,-1.60e-02,3.28e+01,
25181,-1.60e-02,3.28e+01,
25182,-1.60e-02,3.28e+01,
25183,-1.60e-02,3.28e+01,
25184,-1.60e-02,3.28e+01,
25185,-1.60e-02,3.20e+01,
25186,-1.60e-02,3.28e+01,
25187,-1.60e-02,3.28e+01,
25188,-1.60e-02,3.20e+01,
25189,-1.60e-02,3.28e+01,
25190,-1.60e-02,3.28e+01,
25191,-1.60e-02,3.28e+01,
25192,-1.60e-02,3.28e+01,
25193,-1.60e-02,3.20e+01,
25194,-1.60e-02,3.28e+01,
25195,-1.60e-02,3.28e+01,
25196,-1.60e-02,3.28e+01,
25197,-1.60e-02,3.28e+01,
25198,-1.60e-02,3.28e+01,
25199,-1.60e-02,3.28e+01,
25200,-1.60e-02,3.28e+01,
25201,-1.60e-02,3.28e+01,
25202,-1.60e-02,3.28e+01,
25203,-1.60e-02,3.28e+01,
25204,-1.60e-02,3.20e+01,
25205,-1.60e-02,3.28e+01,
25206,-1.60e-02,3.28e+01,
25207,-1.60e-02,3.28e+01,
25208,-1.60e-02,3.20e+01,
25209,-1.60e-02,3.20e+01,
25210,-1.60e-02,3.28e+01,
25211,-1.60e-02,3.28e+01,
25212,-1.60e-02,3.28e+01,
25213,-1.60e-02,3.28e+01,
25214,-1.60e-02,3.28e+01,
25215,-1.60e-02,3.28e+01,
25216,-1.60e-02,3.20e+01,
25217,-1.60e-02,3.28e+01,
25218,-1.60e-02,3.28e+01,
25219,-1.60e-02,3.28e+01,
25220,-1.60e-02,3.28e+01,
25221,-1.60e-02,3.28e+01,
25222,-1.60e-02,3.28e+01,
25223,-1.60e-02,3.28e+01,
25224,-1.60e-02,3.20e+01,
25225,-1.60e-02,3.28e+01,
25226,-1.60e-02,3.28e+01,
25227,-1.60e-02,3.28e+01,
25228,-1.60e-02,3.20e+01,
25229,-1.60e-02,3.28e+01,
25230,-1.60e-02,3.28e+01,
25231,-1.60e-02,3.28e+01,
25232,-1.60e-02,3.20e+01,
25233,-1.60e-02,3.20e+01,
25234,-1.60e-02,3.28e+01,
25235,-1.60e-02,3.28e+01,
25236,-1.60e-02,3.20e+01,
25237,-1.60e-02,3.28e+01,
25238,-1.60e-02,3.28e+01,
25239,-1.60e-02,3.28e+01,
25240,-1.60e-02,3.20e+01,
25241,-1.60e-02,3.28e+01,
25242,-1.60e-02,3.28e+01,
25243,-1.60e-02,3.28e+01,
25244,-1.60e-02,3.20e+01,
25245,-1.60e-02,3.20e+01,
25246,-1.60e-02,3.28e+01,
25247,-1.60e-02,3.28e+01,
25248,-1.60e-02,3.20e+01,
25249,-1.60e-02,3.28e+01,
25250,-1.60e-02,3.28e+01,
25251,-1.60e-02,3.28e+01,
25252,-1.60e-02,3.20e+01,
25253,-1.60e-02,3.20e+01,
25254,-1.60e-02,3.28e+01,
25255,-1.60e-02,3.28e+01,
25256,-1.60e-02,3.20e+01,
25257,-1.60e-02,3.28e+01,
25258,-1.60e-02,3.28e+01,
25259,-1.60e-02,3.28e+01,
25260,-1.60e-02,3.28e+01,
25261,-1.60e-02,3.20e+01,
25262,-1.60e-02,3.28e+01,
25263,-1.60e-02,3.28e+01,
25264,-1.60e-02,3.20e+01,
25265,-1.60e-02,3.20e+01,
25266,-1.60e-02,3.28e+01,
25267,-1.60e-02,3.28e+01,
25268,-1.60e-02,3.20e+01,
25269,-1.60e-02,3.28e+01,
25270,-1.60e-02,3.28e+01,
25271,-1.60e-02,3.28e+01,
25272,-1.60e-02,3.20e+01,
25273,-1.60e-02,3.28e+01,
25274,-1.60e-02,3.28e+01,
25275,-1.60e-02,3.28e+01,
25276,-1.60e-02,3.28e+01,
25277,-1.60e-02,3.20e+01,
25278,-1.60e-02,3.28e+01,
25279,-1.60e-02,3.28e+01,
25280,-1.60e-02,3.20e+01,
25281,-1.60e-02,3.20e+01,
25282,-1.60e-02,3.28e+01,
25283,-1.60e-02,3.28e+01,
25284,-1.60e-02,3.20e+01,
25285,-1.60e-02,3.20e+01,
25286,-1.60e-02,3.28e+01,
25287,-1.60e-02,3.28e+01,
25288,-1.60e-02,3.20e+01,
25289,-1.60e-02,3.28e+01,
25290,-1.60e-02,3.28e+01,
25291,-1.60e-02,3.28e+01,
25292,-1.60e-02,3.20e+01,
25293,-1.60e-02,3.20e+01,
25294,-1.60e-02,3.28e+01,
25295,-1.60e-02,3.28e+01,
25296,-1.60e-02,3.20e+01,
25297,-1.60e-02,3.20e+01,
25298,-1.60e-02,3.28e+01,
25299,-1.60e-02,3.28e+01,
25300,-1.60e-02,3.20e+01,
25301,-1.60e-02,3.20e+01,
25302,-1.60e-02,3.28e+01,
25303,-1.60e-02,3.28e+01,
25304,-1.60e-02,3.20e+01,
25305,-1.60e-02,3.20e+01,
25306,-1.60e-02,3.28e+01,
25307,-1.60e-02,3.28e+01,
25308,-1.60e-02,3.20e+01,
25309,-1.60e-02,3.20e+01,
25310,-1.60e-02,3.28e+01,
25311,-1.60e-02,3.28e+01,
25312,-1.60e-02,3.20e+01,
25313,-1.60e-02,3.20e+01,
25314,-1.60e-02,3.28e+01,
25315,-1.60e-02,3.28e+01,
25316,-1.60e-02,3.20e+01,
25317,-1.60e-02,3.28e+01,
25318,-1.60e-02,3.28e+01,
25319,-1.60e-02,3.28e+01,
25320,-1.60e-02,3.28e+01,
25321,-1.60e-02,3.20e+01,
25322,-1.60e-02,3.28e+01,
25323,-1.60e-02,3.20e+01,
25324,-1.60e-02,3.20e+01,
25325,-1.60e-02,3.20e+01,
25326,-1.60e-02,3.28e+01,
25327,-1.60e-02,3.28e+01,
25328,-1.60e-02,3.20e+01,
25329,-1.60e-02,3.20e+01,
25330,-1.60e-02,3.28e+01,
25331,-1.60e-02,3.28e+01,
25332,-1.60e-02,3.20e+01,
25333,-1.60e-02,3.20e+01,
25334,-1.60e-02,3.28e+01,
25335,-1.60e-02,3.28e+01,
25336,-1.60e-02,3.20e+01,
25337,-1.60e-02,3.28e+01,
25338,-1.60e-02,3.28e+01,
25339,-1.60e-02,3.28e+01,
25340,-1.60e-02,3.20e+01,
25341,-1.60e-02,3.20e+01,
25342,-1.60e-02,3.28e+01,
25343,-1.60e-02,3.28e+01,
25344,-1.60e-02,3.20e+01,
25345,-1.60e-02,3.20e+01,
25346,-1.60e-02,3.28e+01,
25347,-1.60e-02,3.28e+01,
25348,-1.60e-02,3.20e+01,
25349,-1.60e-02,3.20e+01,
25350,-1.60e-02,3.28e+01,
25351,-1.60e-02,3.28e+01,
25352,-1.60e-02,3.20e+01,
25353,-1.60e-02,3.20e+01,
25354,-1.60e-02,3.28e+01,
25355,-1.60e-02,3.28e+01,
25356,-1.60e-02,3.20e+01,
25357,-1.60e-02,3.28e+01,
25358,-1.60e-02,3.28e+01,
25359,-1.60e-02,3.28e+01,
25360,-1.60e-02,3.20e+01,
25361,-1.60e-02,3.20e+01,
25362,-1.60e-02,3.28e+01,
25363,-1.60e-02,3.28e+01,
25364,-1.60e-02,3.20e+01,
25365,-1.60e-02,3.28e+01,
25366,-1.60e-02,3.28e+01,
25367,-1.60e-02,3.20e+01,
25368,-1.60e-02,3.28e+01,
25369,-1.60e-02,3.20e+01,
25370,-1.60e-02,3.28e+01,
25371,-1.60e-02,3.20e+01,
25372,-1.60e-02,3.20e+01,
25373,-1.60e-02,3.28e+01,
25374,-1.60e-02,3.20e+01,
25375,-1.60e-02,3.28e+01,
25376,-1.60e-02,3.20e+01,
25377,-1.60e-02,3.20e+01,
25378,-1.60e-02,3.28e+01,
25379,-1.60e-02,3.20e+01,
25380,-1.60e-02,3.20e+01,
25381,-1.60e-02,3.20e+01,
25382,-1.60e-02,3.28e+01,
25383,-1.60e-02,3.28e+01,
25384,-1.60e-02,3.20e+01,
25385,-1.60e-02,3.20e+01,
25386,-1.60e-02,3.28e+01,
25387,-1.60e-02,3.28e+01,
25388,-1.60e-02,3.20e+01,
25389,-1.60e-02,3.20e+01,
25390,-1.60e-02,3.28e+01,
25391,-1.60e-02,3.28e+01,
25392,-1.60e-02,3.20e+01,
25393,-1.60e-02,3.20e+01,
25394,-1.60e-02,3.28e+01,
25395,-1.60e-02,3.20e+01,
25396,-1.60e-02,3.20e+01,
25397,-1.60e-02,3.20e+01,
25398,-1.60e-02,3.28e+01,
25399,-1.60e-02,3.28e+01,
25400,-1.60e-02,3.20e+01,
25401,-1.60e-02,3.20e+01,
25402,-1.60e-02,3.28e+01,
25403,-1.60e-02,3.28e+01,
25404,-1.60e-02,3.20e+01,
25405,-1.60e-02,3.20e+01,
25406,-1.60e-02,3.28e+01,
25407,-1.60e-02,3.28e+01,
25408,-1.60e-02,3.20e+01,
25409,-1.60e-02,3.20e+01,
25410,-1.60e-02,3.28e+01,
25411,-1.60e-02,3.28e+01,
25412,-1.60e-02,3.20e+01,
25413,-1.60e-02,3.20e+01,
25414,-1.60e-02,3.28e+01,
25415,-1.60e-02,3.28e+01,
25416,-1.60e-02,3.20e+01,
25417,-1.60e-02,3.28e+01,
25418,-1.60e-02,3.28e+01,
25419,-1.60e-02,3.20e+01,
25420,-1.60e-02,3.20e+01,
25421,-1.60e-02,3.20e+01,
25422,-1.60e-02,3.28e+01,
25423,-1.60e-02,3.28e+01,
25424,-1.60e-02,3.20e+01,
25425,-1.60e-02,3.20e+01,
25426,-1.60e-02,3.28e+01,
25427,-1.60e-02,3.28e+01,
25428,-1.60e-02,3.20e+01,
25429,-1.60e-02,3.20e+01,
25430,-1.60e-02,3.28e+01,
25431,-1.60e-02,3.28e+01,
25432,-1.60e-02,3.20e+01,
25433,-1.60e-02,3.20e+01,
25434,-1.60e-02,3.28e+01,
25435,-1.60e-02,3.20e+01,
25436,-1.60e-02,3.20e+01,
25437,-1.60e-02,3.28e+01,
25438,-1.60e-02,3.28e+01,
25439,-1.60e-02,3.28e+01,
25440,-1.60e-02,3.20e+01,
25441,-1.60e-02,3.20e+01,
25442,-1.60e-02,3.28e+01,
25443,-1.60e-02,3.20e+01,
25444,-1.60e-02,3.20e+01,
25445,-1.60e-02,3.20e+01,
25446,-1.60e-02,3.28e+01,
25447,-1.60e-02,3.28e+01,
25448,-1.60e-02,3.20e+01,
25449,-1.60e-02,3.20e+01,
25450,-1.60e-02,3.28e+01,
25451,-1.60e-02,3.28e+01,
25452,-1.60e-02,3.20e+01,
25453,-1.60e-02,3.28e+01,
25454,-1.60e-02,3.28e+01,
25455,-1.60e-02,3.28e+01,
25456,-1.60e-02,3.20e+01,
25457,-1.60e-02,3.28e+01,
25458,-1.60e-02,3.28e+01,
25459,-1.60e-02,3.28e+01,
25460,-1.60e-02,3.20e+01,
25461,-1.60e-02,3.20e+01,
25462,-1.60e-02,3.28e+01,
25463,-1.60e-02,3.28e+01,
25464,-1.60e-02,3.20e+01,
25465,-1.60e-02,3.20e+01,
25466,-1.60e-02,3.28e+01,
25467,-1.60e-02,3.28e+01,
25468,-1.60e-02,3.20e+01,
25469,-1.60e-02,3.20e+01,
25470,-1.60e-02,3.28e+01,
25471,-1.60e-02,3.28e+01,
25472,-1.60e-02,3.20e+01,
25473,-1.60e-02,3.20e+01,
25474,-1.60e-02,3.28e+01,
25475,-1.60e-02,3.28e+01,
25476,-1.60e-02,3.20e+01,
25477,-1.60e-02,3.28e+01,
25478,-1.60e-02,3.28e+01,
25479,-1.60e-02,3.28e+01,
25480,-1.60e-02,3.20e+01,
25481,-1.60e-02,3.20e+01,
25482,-1.60e-02,3.28e+01,
25483,-1.60e-02,3.20e+01,
25484,-1.60e-02,3.20e+01,
25485,-1.60e-02,3.20e+01,
25486,-1.60e-02,3.28e+01,
25487,-1.60e-02,3.28e+01,
25488,-1.60e-02,3.20e+01,
25489,-1.60e-02,3.20e+01,
25490,-1.60e-02,3.28e+01,
25491,-1.60e-02,3.28e+01,
25492,-1.60e-02,3.20e+01,
25493,-1.60e-02,3.28e+01,
25494,-1.60e-02,3.28e+01,
25495,-1.60e-02,3.20e+01,
25496,-1.60e-02,3.20e+01,
25497,-1.60e-02,3.20e+01,
25498,-1.60e-02,3.28e+01,
25499,-1.60e-02,3.20e+01,
25500,-1.60e-02,3.20e+01,
25501,-1.60e-02,3.20e+01,
25502,-1.60e-02,3.28e+01,
25503,-1.60e-02,3.28e+01,
25504,-1.60e-02,3.20e+01,
25505,-1.60e-02,3.20e+01,
25506,-1.60e-02,3.28e+01,
25507,-1.60e-02,3.28e+01,
25508,-1.60e-02,3.20e+01,
25509,-1.60e-02,3.28e+01,
25510,-1.60e-02,3.28e+01,
25511,-1.60e-02,3.28e+01,
25512,-1.60e-02,3.20e+01,
25513,-1.60e-02,3.20e+01,
25514,-1.60e-02,3.28e+01,
25515,-1.60e-02,3.20e+01,
25516,-1.60e-02,3.20e+01,
25517,-1.60e-02,3.28e+01,
25518,-1.60e-02,3.28e+01,
25519,-1.60e-02,3.28e+01,
25520,-1.60e-02,3.20e+01,
25521,-1.60e-02,3.20e+01,
25522,-1.60e-02,3.28e+01,
25523,-1.60e-02,3.28e+01,
25524,-1.60e-02,3.20e+01,
25525,-1.60e-02,3.20e+01,
25526,-1.60e-02,3.28e+01,
25527,-1.60e-02,3.28e+01,
25528,-1.60e-02,3.20e+01,
25529,-1.60e-02,3.20e+01,
25530,-1.60e-02,3.28e+01,
25531,-1.60e-02,3.28e+01,
25532,-1.60e-02,3.20e+01,
25533,-1.60e-02,3.20e+01,
25534,-1.60e-02,3.28e+01,
25535,-1.60e-02,3.28e+01,
25536,-1.60e-02,3.20e+01,
25537,-1.60e-02,3.20e+01,
25538,-1.60e-02,3.28e+01,
25539,-1.60e-02,3.20e+01,
25540,-1.60e-02,3.20e+01,
25541,-1.60e-02,3.20e+01,
25542,-1.60e-02,3.28e+01,
25543,-1.60e-02,3.28e+01,
25544,-1.60e-02,3.20e+01,
25545,-1.60e-02,3.20e+01,
25546,-1.60e-02,3.28e+01,
25547,-1.60e-02,3.28e+01,
25548,-1.60e-02,3.20e+01,
25549,-1.60e-02,3.20e+01,
25550,-1.60e-02,3.28e+01,
25551,-1.60e-02,3.28e+01,
25552,-1.60e-02,3.20e+01,
25553,-1.60e-02,3.20e+01,
25554,-1.60e-02,3.28e+01,
25555,-1.60e-02,3.28e+01,
25556,-1.60e-02,3.20e+01,
25557,-1.60e-02,3.20e+01,
25558,-1.60e-02,3.28e+01,
25559,-1.60e-02,3.28e+01,
25560,-1.60e-02,3.20e+01,
25561,-1.60e-02,3.20e+01,
25562,-1.60e-02,3.28e+01,
25563,-1.60e-02,3.28e+01,
25564,-1.60e-02,3.20e+01,
25565,-1.60e-02,3.20e+01,
25566,-1.60e-02,3.28e+01,
25567,-1.60e-02,3.28e+01,
25568,-1.60e-02,3.28e+01,
25569,-1.60e-02,3.20e+01,
25570,-1.60e-02,3.28e+01,
25571,-1.60e-02,3.20e+01,
25572,-1.60e-02,3.20e+01,
25573,-1.60e-02,3.28e+01,
25574,-1.60e-02,3.20e+01,
25575,-1.60e-02,3.28e+01,
25576,-1.60e-02,3.20e+01,
25577,-1.60e-02,3.20e+01,
25578,-1.60e-02,3.28e+01,
25579,-1.60e-02,3.20e+01,
25580,-1.60e-02,3.20e+01,
25581,-1.60e-02,3.20e+01,
25582,-1.60e-02,3.28e+01,
25583,-1.60e-02,3.28e+01,
25584,-1.60e-02,3.20e+01,
25585,-1.60e-02,3.20e+01,
25586,-1.60e-02,3.28e+01,
25587,-1.60e-02,3.28e+01,
25588,-1.60e-02,3.20e+01,
25589,-1.60e-02,3.20e+01,
25590,-1.60e-02,3.28e+01,
25591,-1.60e-02,3.28e+01,
25592,-1.60e-02,3.20e+01,
25593,-1.60e-02,3.20e+01,
25594,-1.60e-02,3.28e+01,
25595,-1.60e-02,3.28e+01,
25596,-1.60e-02,3.20e+01,
25597,-1.60e-02,3.28e+01,
25598,-1.60e-02,3.28e+01,
25599,-1.60e-02,3.28e+01,
25600,-1.60e-02,3.20e+01,
25601,-1.60e-02,3.20e+01,
25602,-1.60e-02,3.28e+01,
25603,-1.60e-02,3.20e+01,
25604,-1.60e-02,3.20e+01,
25605,-1.60e-02,3.20e+01,
25606,-1.60e-02,3.28e+01,
25607,-1.60e-02,3.28e+01,
25608,-1.60e-02,3.20e+01,
25609,-1.60e-02,3.20e+01,
25610,-1.60e-02,3.28e+01,
25611,-1.60e-02,3.20e+01,
25612,-1.60e-02,3.20e+01,
25613,-1.60e-02,3.20e+01,
25614,-1.60e-02,3.28e+01,
25615,-1.60e-02,3.28e+01,
25616,-1.60e-02,3.20e+01,
25617,-1.60e-02,3.20e+01,
25618,-1.60e-02,3.28e+01,
25619,-1.60e-02,3.28e+01,
25620,-1.60e-02,3.28e+01,
25621,-1.60e-02,3.20e+01,
25622,-1.60e-02,3.28e+01,
25623,-1.60e-02,3.28e+01,
25624,-1.60e-02,3.20e+01,
25625,-1.60e-02,3.20e+01,
25626,-1.60e-02,3.28e+01,
25627,-1.60e-02,3.28e+01,
25628,-1.60e-02,3.20e+01,
25629,-1.60e-02,3.20e+01,
25630,-1.60e-02,3.28e+01,
25631,-1.60e-02,3.28e+01,
25632,-1.60e-02,3.20e+01,
25633,-1.60e-02,3.28e+01,
25634,-1.60e-02,3.28e+01,
25635,-1.60e-02,3.28e+01,
25636,-1.60e-02,3.20e+01,
25637,-1.60e-02,3.20e+01,
25638,-1.60e-02,3.28e+01,
25639,-1.60e-02,3.28e+01,
25640,-1.60e-02,3.28e+01,
25641,-1.60e-02,3.20e+01,
25642,-1.60e-02,3.28e+01,
25643,-1.60e-02,3.28e+01,
25644,-1.60e-02,3.20e+01,
25645,-1.60e-02,3.20e+01,
25646,-1.60e-02,3.28e+01,
25647,-1.60e-02,3.28e+01,
25648,-1.60e-02,3.20e+01,
25649,-1.60e-02,3.20e+01,
25650,-1.60e-02,3.28e+01,
25651,-1.60e-02,3.20e+01,
25652,-1.60e-02,3.20e+01,
25653,-1.60e-02,3.28e+01,
25654,-1.60e-02,3.28e+01,
25655,-1.60e-02,3.28e+01,
25656,-1.60e-02,3.20e+01,
25657,-1.60e-02,3.20e+01,
25658,-1.60e-02,3.28e+01,
25659,-1.60e-02,3.28e+01,
25660,-1.60e-02,3.20e+01,
25661,-1.60e-02,3.20e+01,
25662,-1.60e-02,3.28e+01,
25663,-1.60e-02,3.20e+01,
25664,-1.60e-02,3.20e+01,
25665,-1.60e-02,3.20e+01,
25666,-8.00e-03,3.28e+01,
25667,-1.60e-02,3.28e+01,
25668,-1.60e-02,3.20e+01,
25669,-1.60e-02,3.20e+01,
25670,-1.60e-02,3.28e+01,
25671,-1.60e-02,3.28e+01,
25672,-1.60e-02,3.20e+01,
25673,-1.60e-02,3.20e+01,
25674,-1.60e-02,3.28e+01,
25675,-1.60e-02,3.20e+01,
25676,-1.60e-02,3.20e+01,
25677,-1.60e-02,3.20e+01,
25678,-1.60e-02,3.28e+01,
25679,-1.60e-02,3.28e+01,
25680,-1.60e-02,3.20e+01,
25681,-1.60e-02,3.20e+01,
25682,-1.60e-02,3.28e+01,
25683,-1.60e-02,3.28e+01,
25684,-1.60e-02,3.20e+01,
25685,-1.60e-02,3.20e+01,
25686,-1.60e-02,3.28e+01,
25687,-1.60e-02,3.28e+01,
25688,-1.60e-02,3.20e+01,
25689,-1.60e-02,3.28e+01,
25690,-1.60e-02,3.28e+01,
25691,-8.00e-03,3.20e+01,
25692,-1.60e-02,3.20e+01,
25693,-1.60e-02,3.20e+01,
25694,-1.60e-02,3.28e+01,
25695,-1.60e-02,3.28e+01,
25696,-1.60e-02,3.20e+01,
25697,-1.60e-02,3.20e+01,
25698,-1.60e-02,3.28e+01,
25699,-1.60e-02,3.20e+01,
25700,-1.60e-02,3.20e+01,
25701,-1.60e-02,3.20e+01,
25702,-1.60e-02,3.28e+01,
25703,-1.60e-02,3.28e+01,
25704,-8.00e-03,3.20e+01,
25705,-1.60e-02,3.20e+01,
25706,-1.60e-02,3.28e+01,
25707,-1.60e-02,3.28e+01,
25708,-1.60e-02,3.20e+01,
25709,-1.60e-02,3.20e+01,
25710,-1.60e-02,3.28e+01,
25711,-1.60e-02,3.28e+01,
25712,-1.60e-02,3.20e+01,
25713,-1.60e-02,3.20e+01,
25714,-1.60e-02,3.28e+01,
25715,-1.60e-02,3.28e+01,
25716,-1.60e-02,3.20e+01,
25717,-1.60e-02,3.28e+01,
25718,-1.60e-02,3.28e+01,
25719,-1.60e-02,3.28e+01,
25720,-1.60e-02,3.20e+01,
25721,-1.60e-02,3.20e+01,
25722,-1.60e-02,3.28e+01,
25723,-1.60e-02,3.20e+01,
25724,-1.60e-02,3.20e+01,
25725,-1.60e-02,3.20e+01,
25726,-1.60e-02,3.28e+01,
25727,-1.60e-02,3.28e+01,
25728,-1.60e-02,3.20e+01,
25729,-1.60e-02,3.20e+01,
25730,-1.60e-02,3.28e+01,
25731,-1.60e-02,3.28e+01,
25732,-1.60e-02,3.20e+01,
25733,-1.60e-02,3.20e+01,
25734,-1.60e-02,3.28e+01,
25735,-1.60e-02,3.28e+01,
25736,-1.60e-02,3.20e+01,
25737,-1.60e-02,3.20e+01,
25738,-1.60e-02,3.28e+01,
25739,-1.60e-02,3.28e+01,
25740,-1.60e-02,3.20e+01,
25741,-1.60e-02,3.28e+01,
25742,-1.60e-02,3.28e+01,
25743,-1.60e-02,3.28e+01,
25744,-1.60e-02,3.20e+01,
25745,-1.60e-02,3.20e+01,
25746,-1.60e-02,3.28e+01,
25747,-1.60e-02,3.28e+01,
25748,-1.60e-02,3.20e+01,
25749,-1.60e-02,3.20e+01,
25750,-8.00e-03,3.28e+01,
25751,-1.60e-02,3.28e+01,
25752,-1.60e-02,3.20e+01,
25753,-1.60e-02,3.20e+01,
25754,-1.60e-02,3.28e+01,
25755,-1.60e-02,3.20e+01,
25756,-1.60e-02,3.20e+01,
25757,-1.60e-02,3.28e+01,
25758,-1.60e-02,3.28e+01,
25759,-1.60e-02,3.28e+01,
25760,-1.60e-02,3.20e+01,
25761,-1.60e-02,3.20e+01,
25762,-1.60e-02,3.28e+01,
25763,-1.60e-02,3.20e+01,
25764,-1.60e-02,3.20e+01,
25765,-1.60e-02,3.28e+01,
25766,-1.60e-02,3.28e+01,
25767,-1.60e-02,3.20e+01,
25768,-8.00e-03,3.28e+01,
25769,-1.60e-02,3.20e+01,
25770,-1.60e-02,3.28e+01,
25771,-8.00e-03,3.20e+01,
25772,-1.60e-02,3.20e+01,
25773,-1.60e-02,3.28e+01,
25774,-8.00e-03,3.20e+01,
25775,-1.60e-02,3.28e+01,
25776,-1.60e-02,3.20e+01,
25777,-1.60e-02,3.20e+01,
25778,-1.60e-02,3.28e+01,
25779,-1.60e-02,3.20e+01,
25780,-1.60e-02,3.20e+01,
25781,-1.60e-02,3.20e+01,
25782,-1.60e-02,3.28e+01,
25783,-1.60e-02,3.28e+01,
25784,-1.60e-02,3.20e+01,
25785,-1.60e-02,3.20e+01,
25786,-1.60e-02,3.28e+01,
25787,-1.60e-02,3.28e+01,
25788,-1.60e-02,3.20e+01,
25789,-1.60e-02,3.20e+01,
25790,-1.60e-02,3.28e+01,
25791,-1.60e-02,3.28e+01,
25792,-8.00e-03,3.20e+01,
25793,-1.60e-02,3.20e+01,
25794,-8.00e-03,3.28e+01,
25795,-1.60e-02,3.20e+01,
25796,-1.60e-02,3.20e+01,
25797,-1.60e-02,3.28e+01,
25798,-1.60e-02,3.28e+01,
25799,-1.60e-02,3.28e+01,
25800,-1.60e-02,3.20e+01,
25801,-1.60e-02,3.20e+01,
25802,-1.60e-02,3.28e+01,
25803,-1.60e-02,3.20e+01,
25804,-1.60e-02,3.20e+01,
25805,-1.60e-02,3.20e+01,
25806,-1.60e-02,3.28e+01,
25807,-1.60e-02,3.28e+01,
25808,-1.60e-02,3.20e+01,
25809,-1.60e-02,3.20e+01,
25810,-1.60e-02,3.28e+01,
25811,-1.60e-02,3.20e+01,
25812,-1.60e-02,3.20e+01,
25813,-1.60e-02,3.20e+01,
25814,-8.00e-03,3.28e+01,
25815,-8.00e-03,3.20e+01,
25816,-1.60e-02,3.20e+01,
25817,-1.60e-02,3.20e+01,
25818,-1.60e-02,3.28e+01,
25819,-1.60e-02,3.28e+01,
25820,-1.60e-02,3.20e+01,
25821,-1.60e-02,3.20e+01,
25822,-1.60e-02,3.28e+01,
25823,-1.60e-02,3.28e+01,
25824,-8.00e-03,3.20e+01,
25825,-1.60e-02,3.20e+01,
25826,-8.00e-03,3.28e+01,
25827,-1.60e-02,3.28e+01,
25828,-1.60e-02,3.20e+01,
25829,-1.60e-02,3.28e+01,
25830,-1.60e-02,3.28e+01,
25831,-8.00e-03,3.28e+01,
25832,-1.60e-02,3.20e+01,
25833,-1.60e-02,3.20e+01,
25834,-1.60e-02,3.28e+01,
25835,-1.60e-02,3.20e+01,
25836,-1.60e-02,3.20e+01,
25837,-1.60e-02,3.28e+01,
25838,-8.00e-03,3.28e+01,
25839,-1.60e-02,3.20e+01,
25840,-1.60e-02,3.20e+01,
25841,-1.60e-02,3.20e+01,
25842,-8.00e-03,3.28e+01,
25843,-1.60e-02,3.28e+01,
25844,-1.60e-02,3.20e+01,
25845,-1.60e-02,3.20e+01,
25846,-1.60e-02,3.28e+01,
25847,-1.60e-02,3.28e+01,
25848,-1.60e-02,3.20e+01,
25849,-1.60e-02,3.20e+01,
25850,-1.60e-02,3.28e+01,
25851,-1.60e-02,3.20e+01,
25852,-1.60e-02,3.20e+01,
25853,-1.60e-02,3.20e+01,
25854,-1.60e-02,3.28e+01,
25855,-8.00e-03,3.28e+01,
25856,-1.60e-02,3.20e+01,
25857,-1.60e-02,3.20e+01,
25858,-1.60e-02,3.28e+01,
25859,-1.60e-02,3.28e+01,
25860,-1.60e-02,3.20e+01,
25861,-1.60e-02,3.20e+01,
25862,-1.60e-02,3.28e+01,
25863,-1.60e-02,3.20e+01,
25864,-1.60e-02,3.20e+01,
25865,-1.60e-02,3.20e+01,
25866,-1.60e-02,3.28e+01,
25867,-1.60e-02,3.28e+01,
25868,-1.60e-02,3.20e+01,
25869,-1.60e-02,3.20e+01,
25870,-1.60e-02,3.28e+01,
25871,-1.60e-02,3.28e+01,
25872,-1.60e-02,3.20e+01,
25873,-1.60e-02,3.20e+01,
25874,-1.60e-02,3.28e+01,
25875,-1.60e-02,3.20e+01,
25876,-1.60e-02,3.20e+01,
25877,-1.60e-02,3.20e+01,
25878,-8.00e-03,3.28e+01,
25879,-1.60e-02,3.28e+01,
25880,-8.00e-03,3.20e+01,
25881,-1.60e-02,3.20e+01,
25882,-1.60e-02,3.28e+01,
25883,-1.60e-02,3.20e+01,
25884,-1.60e-02,3.20e+01,
25885,-1.60e-02,3.20e+01,
25886,-1.60e-02,3.28e+01,
25887,-1.60e-02,3.28e+01,
25888,-1.60e-02,3.20e+01,
25889,-1.60e-02,3.20e+01,
25890,-1.60e-02,3.28e+01,
25891,-8.00e-03,3.28e+01,
25892,-1.60e-02,3.28e+01,
25893,-1.60e-02,3.20e+01,
25894,-1.60e-02,3.28e+01,
25895,-1.60e-02,3.28e+01,
25896,-1.60e-02,3.20e+01,
25897,-1.60e-02,3.20e+01,
25898,-1.60e-02,3.28e+01,
25899,-1.60e-02,3.20e+01,
25900,-8.00e-03,3.20e+01,
25901,-1.60e-02,3.20e+01,
25902,-8.00e-03,3.28e+01,
25903,-8.00e-03,3.28e+01,
25904,-1.60e-02,3.20e+01,
25905,-1.60e-02,3.20e+01,
25906,-1.60e-02,3.28e+01,
25907,-1.60e-02,3.28e+01,
25908,-1.60e-02,3.20e+01,
25909,-1.60e-02,3.28e+01,
25910,-1.60e-02,3.28e+01,
25911,-1.60e-02,3.28e+01,
25912,-1.60e-02,3.20e+01,
25913,-1.60e-02,3.28e+01,
25914,-1.60e-02,3.28e+01,
25915,-1.60e-02,3.20e+01,
25916,-1.60e-02,3.20e+01,
25917,-1.60e-02,3.20e+01,
25918,-8.00e-03,3.28e+01,
25919,-1.60e-02,3.28e+01,
25920,-8.00e-03,3.20e+01,
25921,-1.60e-02,3.20e+01,
25922,-1.60e-02,3.28e+01,
25923,-1.60e-02,3.20e+01,
25924,-1.60e-02,3.20e+01,
25925,-1.60e-02,3.28e+01,
25926,-8.00e-03,3.20e+01,
25927,-1.60e-02,3.28e+01,
25928,-1.60e-02,3.20e+01,
25929,-1.60e-02,3.20e+01,
25930,-1.60e-02,3.28e+01,
25931,-1.60e-02,3.28e+01,
25932,-8.00e-03,3.28e+01,
25933,-1.60e-02,3.20e+01,
25934,-8.00e-03,3.28e+01,
25935,-1.60e-02,3.28e+01,
25936,-1.60e-02,3.20e+01,
25937,-1.60e-02,3.20e+01,
25938,-1.60e-02,3.28e+01,
25939,-1.60e-02,3.20e+01,
25940,-1.60e-02,3.20e+01,
25941,-1.60e-02,3.20e+01,
25942,-1.60e-02,3.28e+01,
25943,-8.00e-03,3.28e+01,
25944,-1.60e-02,3.20e+01,
25945,-1.60e-02,3.20e+01,
25946,-1.60e-02,3.28e+01,
25947,-1.60e-02,3.28e+01,
25948,-1.60e-02,3.20e+01,
25949,-1.60e-02,3.20e+01,
25950,-8.00e-03,3.28e+01,
25951,-8.00e-03,3.28e+01,
25952,-1.60e-02,3.20e+01,
25953,-1.60e-02,3.20e+01,
25954,-1.60e-02,3.28e+01,
25955,-8.00e-03,3.20e+01,
25956,-1.60e-02,3.20e+01,
25957,-1.60e-02,3.28e+01,
25958,-1.60e-02,3.28e+01,
25959,-1.60e-02,3.28e+01,
25960,-8.00e-03,3.20e+01,
25961,-1.60e-02,3.20e+01,
25962,-1.60e-02,3.28e+01,
25963,-8.00e-03,3.20e+01,
25964,-1.60e-02,3.20e+01,
25965,-1.60e-02,3.28e+01,
25966,-8.00e-03,3.20e+01,
25967,-1.60e-02,3.28e+01,
25968,-8.00e-03,3.28e+01,
25969,-1.60e-02,3.20e+01,
25970,-1.60e-02,3.28e+01,
25971,-1.60e-02,3.20e+01,
25972,-1.60e-02,3.20e+01,
25973,-8.00e-03,3.28e+01,
25974,-8.00e-03,3.28e+01,
25975,-1.60e-02,3.28e+01,
25976,-1.60e-02,3.20e+01,
25977,-1.60e-02,3.20e+01,
25978,-1.60e-02,3.28e+01,
25979,-1.60e-02,3.20e+01,
25980,-1.60e-02,3.20e+01,
25981,-1.60e-02,3.20e+01,
25982,-1.60e-02,3.28e+01,
25983,-8.00e-03,3.20e+01,
25984,-8.00e-03,3.20e+01,
25985,-1.60e-02,3.20e+01,
25986,-1.60e-02,3.20e+01,
25987,-1.60e-02,3.28e+01,
25988,-1.60e-02,3.20e+01,
25989,-1.60e-02,3.20e+01,
25990,-8.00e-03,3.28e+01,
25991,-1.60e-02,3.28e+01,
25992,-1.60e-02,3.20e+01,
25993,-1.60e-02,3.20e+01,
25994,-1.60e-02,3.28e+01,
25995,-8.00e-03,3.20e+01,
25996,-1.60e-02,3.20e+01,
25997,-1.60e-02,3.20e+01,
25998,-1.60e-02,3.28e+01,
25999,-1.60e-02,3.28e+01,
26000,-1.60e-02,3.20e+01,
26001,-1.60e-02,3.20e+01,
26002,-8.00e-03,3.28e+01,
26003,-8.00e-03,3.28e+01,
26004,-8.00e-03,3.20e+01,
26005,-1.60e-02,3.20e+01,
26006,-1.60e-02,3.28e+01,
26007,-1.60e-02,3.28e+01,
26008,-8.00e-03,3.20e+01,
26009,-1.60e-02,3.20e+01,
26010,-1.60e-02,3.28e+01,
26011,-1.60e-02,3.28e+01,
26012,-1.60e-02,3.20e+01,
26013,-1.60e-02,3.20e+01,
26014,-1.60e-02,3.28e+01,
26015,-1.60e-02,3.20e+01,
26016,-8.00e-03,3.20e+01,
26017,-1.60e-02,3.20e+01,
26018,-8.00e-03,3.28e+01,
26019,-1.60e-02,3.20e+01,
26020,-8.00e-03,3.20e+01,
26021,-1.60e-02,3.28e+01,
26022,-8.00e-03,3.28e+01,
26023,-8.00e-03,3.28e+01,
26024,-8.00e-03,3.20e+01,
26025,-1.60e-02,3.20e+01,
26026,-8.00e-03,3.28e+01,
26027,-8.00e-03,3.28e+01,
26028,-1.60e-02,3.20e+01,
26029,-1.60e-02,3.20e+01,
26030,-8.00e-03,3.28e+01,
26031,-1.60e-02,3.20e+01,
26032,-1.60e-02,3.20e+01,
26033,-1.60e-02,3.20e+01,
26034,-1.60e-02,3.28e+01,
26035,-8.00e-03,3.28e+01,
26036,-1.60e-02,3.20e+01,
26037,-1.60e-02,3.20e+01,
26038,-1.60e-02,3.28e+01,
26039,-1.60e-02,3.28e+01,
26040,-8.00e-03,3.20e+01,
26041,-1.60e-02,3.20e+01,
26042,-1.60e-02,3.28e+01,
26043,-8.00e-03,3.28e+01,
26044,-8.00e-03,3.20e+01,
26045,-1.60e-02,3.20e+01,
26046,-8.00e-03,3.28e+01,
26047,-8.00e-03,3.28e+01,
26048,-1.60e-02,3.20e+01,
26049,-1.60e-02,3.20e+01,
26050,-8.00e-03,3.28e+01,
26051,-1.60e-02,3.28e+01,
26052,-8.00e-03,3.20e+01,
26053,-1.60e-02,3.20e+01,
26054,-8.00e-03,3.28e+01,
26055,-8.00e-03,3.28e+01,
26056,-1.60e-02,3.20e+01,
26057,-1.60e-02,3.20e+01,
26058,-1.60e-02,3.28e+01,
26059,-1.60e-02,3.20e+01,
26060,-1.60e-02,3.20e+01,
26061,-1.60e-02,3.20e+01,
26062,-8.00e-03,3.28e+01,
26063,-1.60e-02,3.28e+01,
26064,-1.60e-02,3.20e+01,
26065,-1.60e-02,3.20e+01,
26066,-1.60e-02,3.28e+01,
26067,-1.60e-02,3.20e+01,
26068,-8.00e-03,3.20e+01,
26069,-1.60e-02,3.20e+01,
26070,-1.60e-02,3.28e+01,
26071,-1.60e-02,3.20e+01,
26072,-1.60e-02,3.20e+01,
26073,-1.60e-02,3.20e+01,
26074,-8.00e-03,3.28e+01,
26075,-1.60e-02,3.28e+01,
26076,-1.60e-02,3.20e+01,
26077,-1.60e-02,3.20e+01,
26078,-1.60e-02,3.28e+01,
26079,-1.60e-02,3.20e+01,
26080,-8.00e-03,3.20e+01,
26081,-1.60e-02,3.20e+01,
26082,-1.60e-02,3.28e+01,
26083,-1.60e-02,3.28e+01,
26084,-1.60e-02,3.20e+01,
26085,-1.60e-02,3.20e+01,
26086,-8.00e-03,3.20e+01,
26087,-8.00e-03,3.28e+01,
26088,-1.60e-02,3.20e+01,
26089,-1.60e-02,3.20e+01,
26090,-8.00e-03,3.28e+01,
26091,-1.60e-02,3.28e+01,
26092,-8.00e-03,3.20e+01,
26093,-1.60e-02,3.20e+01,
26094,-8.00e-03,3.28e+01,
26095,-1.60e-02,3.28e+01,
26096,-1.60e-02,3.20e+01,
26097,-1.60e-02,3.28e+01,
26098,-8.00e-03,3.28e+01,
26099,-8.00e-03,3.20e+01,
26100,-1.60e-02,3.20e+01,
26101,-1.60e-02,3.20e+01,
26102,-1.60e-02,3.28e+01,
26103,-8.00e-03,3.28e+01,
26104,-1.60e-02,3.20e+01,
26105,-1.60e-02,3.20e+01,
26106,-8.00e-03,3.28e+01,
26107,-1.60e-02,3.28e+01,
26108,-8.00e-03,3.20e+01,
26109,-1.60e-02,3.20e+01,
26110,-1.60e-02,3.28e+01,
26111,-8.00e-03,3.20e+01,
26112,-8.00e-03,3.20e+01,
26113,-1.60e-02,3.20e+01,
26114,-1.60e-02,3.28e+01,
26115,-8.00e-03,3.20e+01,
26116,-8.00e-03,3.20e+01,
26117,-1.60e-02,3.20e+01,
26118,-8.00e-03,3.28e+01,
26119,-1.60e-02,3.28e+01,
26120,-1.60e-02,3.20e+01,
26121,-1.60e-02,3.20e+01,
26122,-8.00e-03,3.28e+01,
26123,-8.00e-03,3.28e+01,
26124,-1.60e-02,3.20e+01,
26125,-1.60e-02,3.20e+01,
26126,-8.00e-03,3.28e+01,
26127,-8.00e-03,3.28e+01,
26128,-1.60e-02,3.20e+01,
26129,-1.60e-02,3.20e+01,
26130,-8.00e-03,3.28e+01,
26131,-8.00e-03,3.20e+01,
26132,-1.60e-02,3.20e+01,
26133,-1.60e-02,3.20e+01,
26134,-8.00e-03,3.28e+01,
26135,-8.00e-03,3.28e+01,
26136,-1.60e-02,3.20e+01,
26137,-1.60e-02,3.28e+01,
26138,-8.00e-03,3.28e+01,
26139,-8.00e-03,3.28e+01,
26140,-1.60e-02,3.20e+01,
26141,-1.60e-02,3.20e+01,
26142,-8.00e-03,3.28e+01,
26143,-1.60e-02,3.28e+01,
26144,-8.00e-03,3.20e+01,
26145,-1.60e-02,3.20e+01,
26146,-1.60e-02,3.28e+01,
26147,-8.00e-03,3.28e+01,
26148,-1.60e-02,3.20e+01,
26149,-1.60e-02,3.20e+01,
26150,-8.00e-03,3.28e+01,
26151,-8.00e-03,3.20e+01,
26152,-1.60e-02,3.28e+01,
26153,-1.60e-02,3.20e+01,
26154,-8.00e-03,3.28e+01,
26155,-1.60e-02,3.20e+01,
26156,-8.00e-03,3.20e+01,
26157,-1.60e-02,3.28e+01,
26158,-8.00e-03,3.28e+01,
26159,-8.00e-03,3.28e+01,
26160,-8.00e-03,3.20e+01,
26161,-1.60e-02,3.20e+01,
26162,-8.00e-03,3.28e+01,
26163,-8.00e-03,3.20e+01,
26164,-1.60e-02,3.20e+01,
26165,-1.60e-02,3.20e+01,
26166,-8.00e-03,3.28e+01,
26167,-8.00e-03,3.28e+01,
26168,-1.60e-02,3.28e+01,
26169,-1.60e-02,3.20e+01,
26170,-1.60e-02,3.28e+01,
26171,-8.00e-03,3.20e+01,
26172,-1.60e-02,3.20e+01,
26173,-1.60e-02,3.28e+01,
26174,-8.00e-03,3.20e+01,
26175,-8.00e-03,3.28e+01,
26176,-1.60e-02,3.20e+01,
26177,-1.60e-02,3.20e+01,
26178,-8.00e-03,3.28e+01,
26179,-8.00e-03,3.20e+01,
26180,-1.60e-02,3.20e+01,
26181,-1.60e-02,3.20e+01,
26182,-1.60e-02,3.28e+01,
26183,-8.00e-03,3.28e+01,
26184,-1.60e-02,3.20e+01,
26185,-1.60e-02,3.28e+01,
26186,-8.00e-03,3.28e+01,
26187,-8.00e-03,3.28e+01,
26188,-8.00e-03,3.20e+01,
26189,-1.60e-02,3.20e+01,
26190,-8.00e-03,3.28e+01,
26191,-8.00e-03,3.28e+01,
26192,-1.60e-02,3.20e+01,
26193,-1.60e-02,3.20e+01,
26194,-8.00e-03,3.28e+01,
26195,-8.00e-03,3.20e+01,
26196,-1.60e-02,3.28e+01,
26197,-1.60e-02,3.28e+01,
26198,-8.00e-03,3.28e+01,
26199,-1.60e-02,3.28e+01,
26200,-8.00e-03,3.20e+01,
26201,-1.60e-02,3.20e+01,
26202,-8.00e-03,3.28e+01,
26203,-8.00e-03,3.20e+01,
26204,-8.00e-03,3.20e+01,
26205,-1.60e-02,3.20e+01,
26206,-8.00e-03,3.28e+01,
26207,-8.00e-03,3.28e+01,
26208,-1.60e-02,3.20e+01,
26209,-1.60e-02,3.28e+01,
26210,-8.00e-03,3.28e+01,
26211,-1.60e-02,3.28e+01,
26212,-1.60e-02,3.20e+01,
26213,-1.60e-02,3.20e+01,
26214,-8.00e-03,3.28e+01,
26215,-8.00e-03,3.28e+01,
26216,-8.00e-03,3.20e+01,
26217,-1.60e-02,3.20e+01,
26218,-8.00e-03,3.28e+01,
26219,-8.00e-03,3.20e+01,
26220,-8.00e-03,3.20e+01,
26221,-1.60e-02,3.20e+01,
26222,-8.00e-03,3.28e+01,
26223,-8.00e-03,3.28e+01,
26224,-8.00e-03,3.20e+01,
26225,-1.60e-02,3.20e+01,
26226,-8.00e-03,3.28e+01,
26227,-8.00e-03,3.28e+01,
26228,-8.00e-03,3.20e+01,
26229,-1.60e-02,3.20e+01,
26230,-8.00e-03,3.28e+01,
26231,-8.00e-03,3.20e+01,
26232,-1.60e-02,3.20e+01,
26233,-1.60e-02,3.20e+01,
26234,-8.00e-03,3.28e+01,
26235,-8.00e-03,3.28e+01,
26236,-1.60e-02,3.20e+01,
26237,-1.60e-02,3.20e+01,
26238,-8.00e-03,3.28e+01,
26239,-8.00e-03,3.28e+01,
26240,-8.00e-03,3.20e+01,
26241,-1.60e-02,3.20e+01,
26242,-8.00e-03,3.28e+01,
26243,-1.60e-02,3.20e+01,
26244,-8.00e-03,3.20e+01,
26245,-1.60e-02,3.20e+01,
26246,-8.00e-03,3.28e+01,
26247,-8.00e-03,3.28e+01,
26248,-8.00e-03,3.20e+01,
26249,-1.60e-02,3.20e+01,
26250,-8.00e-03,3.28e+01,
26251,-8.00e-03,3.20e+01,
26252,-1.60e-02,3.20e+01,
26253,-8.00e-03,3.28e+01,
26254,-8.00e-03,3.28e+01,
26255,-1.60e-02,3.28e+01,
26256,-8.00e-03,3.20e+01,
26257,-1.60e-02,3.20e+01,
26258,-8.00e-03,3.28e+01,
26259,-8.00e-03,3.20e+01,
26260,-8.00e-03,3.28e+01,
26261,-1.60e-02,3.20e+01,
26262,-1.60e-02,3.28e+01,
26263,-8.00e-03,3.28e+01,
26264,-1.60e-02,3.20e+01,
26265,-1.60e-02,3.20e+01,
26266,-1.60e-02,3.28e+01,
26267,-8.00e-03,3.20e+01,
26268,-1.60e-02,3.20e+01,
26269,-1.60e-02,3.20e+01,
26270,-8.00e-03,3.28e+01,
26271,-8.00e-03,3.28e+01,
26272,-8.00e-03,3.20e+01,
26273,-1.60e-02,3.20e+01,
26274,-1.60e-02,3.28e+01,
26275,-1.60e-02,3.28e+01,
26276,-8.00e-03,3.20e+01,
26277,-1.60e-02,3.20e+01,
26278,-8.00e-03,3.28e+01,
26279,-8.00e-03,3.28e+01,
26280,-8.00e-03,3.20e+01,
26281,-1.60e-02,3.20e+01,
26282,-8.00e-03,3.28e+01,
26283,-8.00e-03,3.28e+01,
26284,-8.00e-03,3.28e+01,
26285,-8.00e-03,3.20e+01,
26286,-8.00e-03,3.28e+01,
26287,-8.00e-03,3.28e+01,
26288,-1.60e-02,3.20e+01,
26289,-1.60e-02,3.20e+01,
26290,-8.00e-03,3.28e+01,
26291,-8.00e-03,3.28e+01,
26292,-1.60e-02,3.20e+01,
26293,-1.60e-02,3.28e+01,
26294,-8.00e-03,3.28e+01,
26295,-8.00e-03,3.28e+01,
26296,-8.00e-03,3.20e+01,
26297,-8.00e-03,3.20e+01,
26298,-8.00e-03,3.28e+01,
26299,-8.00e-03,3.28e+01,
26300,-8.00e-03,3.20e+01,
26301,-1.60e-02,3.20e+01,
26302,-8.00e-03,3.28e+01,
26303,-1.60e-02,3.28e+01,
26304,-1.60e-02,3.20e+01,
26305,-1.60e-02,3.20e+01,
26306,-1.60e-02,3.28e+01,
26307,-8.00e-03,3.28e+01,
26308,-1.60e-02,3.20e+01,
26309,-1.60e-02,3.20e+01,
26310,-8.00e-03,3.28e+01,
26311,-8.00e-03,3.28e+01,
26312,-8.00e-03,3.20e+01,
26313,-1.60e-02,3.20e+01,
26314,-8.00e-03,3.28e+01,
26315,-8.00e-03,3.20e+01,
26316,-8.00e-03,3.20e+01,
26317,-1.60e-02,3.20e+01,
26318,-8.00e-03,3.28e+01,
26319,-1.60e-02,3.28e+01,
26320,-8.00e-03,3.20e+01,
26321,-1.60e-02,3.20e+01,
26322,-8.00e-03,3.28e+01,
26323,-8.00e-03,3.28e+01,
26324,-8.00e-03,3.20e+01,
26325,-8.00e-03,3.20e+01,
26326,-8.00e-03,3.28e+01,
26327,-8.00e-03,3.28e+01,
26328,-8.00e-03,3.20e+01,
26329,-1.60e-02,3.28e+01,
26330,-8.00e-03,3.28e+01,
26331,-8.00e-03,3.28e+01,
26332,-1.60e-02,3.20e+01,
26333,-1.60e-02,3.20e+01,
26334,-8.00e-03,3.28e+01,
26335,-8.00e-03,3.28e+01,
26336,-8.00e-03,3.20e+01,
26337,-1.60e-02,3.20e+01,
26338,-8.00e-03,3.28e+01,
26339,-8.00e-03,3.20e+01,
26340,-8.00e-03,3.28e+01,
26341,-1.60e-02,3.28e+01,
26342,-8.00e-03,3.28e+01,
26343,-8.00e-03,3.28e+01,
26344,-8.00e-03,3.20e+01,
26345,-1.60e-02,3.20e+01,
26346,-8.00e-03,3.28e+01,
26347,-8.00e-03,3.28e+01,
26348,-1.60e-02,3.20e+01,
26349,-1.60e-02,3.20e+01,
26350,-8.00e-03,3.28e+01,
26351,-8.00e-03,3.28e+01,
26352,-8.00e-03,3.20e+01,
26353,-1.60e-02,3.20e+01,
26354,-8.00e-03,3.28e+01,
26355,-8.00e-03,3.20e+01,
26356,-1.60e-02,3.20e+01,
26357,-1.60e-02,3.28e+01,
26358,-8.00e-03,3.28e+01,
26359,-8.00e-03,3.28e+01,
26360,-8.00e-03,3.20e+01,
26361,-1.60e-02,3.20e+01,
26362,-8.00e-03,3.28e+01,
26363,-8.00e-03,3.20e+01,
26364,-8.00e-03,3.20e+01,
26365,-1.60e-02,3.20e+01,
26366,-8.00e-03,3.28e+01,
26367,-8.00e-03,3.28e+01,
26368,-8.00e-03,3.28e+01,
26369,-1.60e-02,3.20e+01,
26370,-8.00e-03,3.28e+01,
26371,-8.00e-03,3.20e+01,
26372,-8.00e-03,3.20e+01,
26373,-1.60e-02,3.28e+01,
26374,-8.00e-03,3.28e+01,
26375,-8.00e-03,3.28e+01,
26376,-1.60e-02,3.20e+01,
26377,-1.60e-02,3.20e+01,
26378,-8.00e-03,3.28e+01,
26379,-8.00e-03,3.28e+01,
26380,-1.60e-02,3.28e+01,
26381,-1.60e-02,3.20e+01,
26382,-8.00e-03,3.28e+01,
26383,-8.00e-03,3.28e+01,
26384,-8.00e-03,3.20e+01,
26385,-1.60e-02,3.20e+01,
26386,-8.00e-03,3.20e+01,
26387,-8.00e-03,3.28e+01,
26388,-1.60e-02,3.20e+01,
26389,-1.60e-02,3.20e+01,
26390,-8.00e-03,3.28e+01,
26391,-8.00e-03,3.28e+01,
26392,-1.60e-02,3.20e+01,
26393,-1.60e-02,3.20e+01,
26394,-8.00e-03,3.28e+01,
26395,-8.00e-03,3.20e+01,
26396,-8.00e-03,3.20e+01,
26397,-1.60e-02,3.20e+01,
26398,-8.00e-03,3.28e+01,
26399,-1.60e-02,3.28e+01,
26400,-8.00e-03,3.20e+01,
26401,-8.00e-03,3.20e+01,
26402,-8.00e-03,3.28e+01,
26403,-8.00e-03,3.20e+01,
26404,-8.00e-03,3.20e+01,
26405,-1.60e-02,3.20e+01,
26406,-8.00e-03,3.28e+01,
26407,-1.60e-02,3.28e+01,
26408,-8.00e-03,3.20e+01,
26409,-1.60e-02,3.20e+01,
26410,-8.00e-03,3.28e+01,
26411,-8.00e-03,3.28e+01,
26412,-1.60e-02,3.20e+01,
26413,-1.60e-02,3.20e+01,
26414,-8.00e-03,3.28e+01,
26415,-8.00e-03,3.28e+01,
26416,-8.00e-03,3.20e+01,
26417,-1.60e-02,3.28e+01,
26418,-8.00e-03,3.28e+01,
26419,-8.00e-03,3.28e+01,
26420,-8.00e-03,3.28e+01,
26421,-1.60e-02,3.20e+01,
26422,-1.60e-02,3.28e+01,
26423,-1.60e-02,3.28e+01,
26424,-8.00e-03,3.20e+01,
26425,-1.60e-02,3.20e+01,
26426,-8.00e-03,3.28e+01,
26427,-8.00e-03,3.28e+01,
26428,-8.00e-03,3.20e+01,
26429,-1.60e-02,3.28e+01,
26430,-8.00e-03,3.28e+01,
26431,-8.00e-03,3.28e+01,
26432,-8.00e-03,3.20e+01,
26433,-1.60e-02,3.20e+01,
26434,-8.00e-03,3.28e+01,
26435,-8.00e-03,3.28e+01,
26436,-1.60e-02,3.20e+01,
26437,-1.60e-02,3.28e+01,
26438,-8.00e-03,3.28e+01,
26439,-8.00e-03,3.28e+01,
26440,-8.00e-03,3.20e+01,
26441,-1.60e-02,3.20e+01,
26442,-8.00e-03,3.28e+01,
26443,-8.00e-03,3.20e+01,
26444,-8.00e-03,3.20e+01,
26445,-1.60e-02,3.20e+01,
26446,-8.00e-03,3.28e+01,
26447,-8.00e-03,3.28e+01,
26448,-8.00e-03,3.20e+01,
26449,-8.00e-03,3.20e+01,
26450,-1.60e-02,3.28e+01,
26451,-8.00e-03,3.28e+01,
26452,-8.00e-03,3.20e+01,
26453,-1.60e-02,3.20e+01,
26454,-8.00e-03,3.28e+01,
26455,-8.00e-03,3.28e+01,
26456,-8.00e-03,3.20e+01,
26457,-1.60e-02,3.20e+01,
26458,-8.00e-03,3.28e+01,
26459,-8.00e-03,3.20e+01,
26460,-8.00e-03,3.20e+01,
26461,-1.60e-02,3.20e+01,
26462,-8.00e-03,3.28e+01,
26463,-1.60e-02,3.28e+01,
26464,-8.00e-03,3.20e+01,
26465,-1.60e-02,3.20e+01,
26466,-8.00e-03,3.28e+01,
26467,-8.00e-03,3.28e+01,
26468,-8.00e-03,3.20e+01,
26469,-1.60e-02,3.20e+01,
26470,-8.00e-03,3.28e+01,
26471,-8.00e-03,3.28e+01,
26472,-8.00e-03,3.20e+01,
26473,-1.60e-02,3.28e+01,
26474,-8.00e-03,3.28e+01,
26475,-8.00e-03,3.28e+01,
26476,-8.00e-03,3.20e+01,
26477,-1.60e-02,3.28e+01,
26478,-8.00e-03,3.28e+01,
26479,-8.00e-03,3.28e+01,
26480,-8.00e-03,3.20e+01,
26481,-1.60e-02,3.20e+01,
26482,-8.00e-03,3.28e+01,
26483,-8.00e-03,3.20e+01,
26484,-8.00e-03,3.20e+01,
26485,-1.60e-02,3.20e+01,
26486,-8.00e-03,3.28e+01,
26487,-8.00e-03,3.28e+01,
26488,-8.00e-03,3.20e+01,
26489,-8.00e-03,3.20e+01,
26490,-8.00e-03,3.28e+01,
26491,-8.00e-03,3.28e+01,
26492,-8.00e-03,3.20e+01,
26493,-1.60e-02,3.20e+01,
26494,-8.00e-03,3.28e+01,
26495,-8.00e-03,3.28e+01,
26496,-8.00e-03,3.20e+01,
26497,-1.60e-02,3.28e+01,
26498,-8.00e-03,3.28e+01,
26499,-8.00e-03,3.28e+01,
26500,-8.00e-03,3.20e+01,
26501,-1.60e-02,3.20e+01,
26502,-8.00e-03,3.28e+01,
26503,-8.00e-03,3.28e+01,
26504,-8.00e-03,3.20e+01,
26505,-8.00e-03,3.20e+01,
26506,-8.00e-03,3.28e+01,
26507,-8.00e-03,3.28e+01,
26508,-8.00e-03,3.20e+01,
26509,-1.60e-02,3.20e+01,
26510,-8.00e-03,3.28e+01,
26511,-8.00e-03,3.28e+01,
26512,-8.00e-03,3.20e+01,
26513,-8.00e-03,3.20e+01,
26514,-8.00e-03,3.28e+01,
26515,-1.60e-02,3.20e+01,
26516,-8.00e-03,3.20e+01,
26517,-1.60e-02,3.28e+01,
26518,-8.00e-03,3.28e+01,
26519,-8.00e-03,3.28e+01,
26520,-8.00e-03,3.20e+01,
26521,-1.60e-02,3.20e+01,
26522,-8.00e-03,3.28e+01,
26523,-8.00e-03,3.28e+01,
26524,-8.00e-03,3.20e+01,
26525,-1.60e-02,3.28e+01,
26526,-8.00e-03,3.28e+01,
26527,-1.60e-02,3.28e+01,
26528,-8.00e-03,3.20e+01,
26529,-1.60e-02,3.28e+01,
26530,-8.00e-03,3.28e+01,
26531,-1.60e-02,3.20e+01,
26532,-8.00e-03,3.20e+01,
26533,-1.60e-02,3.20e+01,
26534,-8.00e-03,3.28e+01,
26535,-8.00e-03,3.28e+01,
26536,-8.00e-03,3.20e+01,
26537,-1.60e-02,3.20e+01,
26538,-8.00e-03,3.28e+01,
26539,-8.00e-03,3.28e+01,
26540,-8.00e-03,3.20e+01,
26541,-1.60e-02,3.20e+01,
26542,-8.00e-03,3.28e+01,
26543,-8.00e-03,3.28e+01,
26544,-8.00e-03,3.20e+01,
26545,-1.60e-02,3.20e+01,
26546,-8.00e-03,3.20e+01,
26547,-8.00e-03,3.28e+01,
26548,-1.60e-02,3.20e+01,
26549,-1.60e-02,3.20e+01,
26550,-8.00e-03,3.28e+01,
26551,-8.00e-03,3.28e+01,
26552,-8.00e-03,3.20e+01,
26553,-1.60e-02,3.28e+01,
26554,-8.00e-03,3.28e+01,
26555,-8.00e-03,3.20e+01,
26556,-8.00e-03,3.20e+01,
26557,-1.60e-02,3.28e+01,
26558,-8.00e-03,3.28e+01,
26559,-8.00e-03,3.28e+01,
26560,-8.00e-03,3.20e+01,
26561,-1.60e-02,3.20e+01,
26562,-8.00e-03,3.28e+01,
26563,-1.60e-02,3.28e+01,
26564,-1.60e-02,3.20e+01,
26565,-1.60e-02,3.28e+01,
26566,-8.00e-03,3.28e+01,
26567,-8.00e-03,3.20e+01,
26568,-8.00e-03,3.28e+01,
26569,-1.60e-02,3.20e+01,
26570,-8.00e-03,3.28e+01,
26571,-8.00e-03,3.20e+01,
26572,-1.60e-02,3.20e+01,
26573,-1.60e-02,3.28e+01,
26574,-8.00e-03,3.20e+01,
26575,-8.00e-03,3.28e+01,
26576,-1.60e-02,3.20e+01,
26577,-1.60e-02,3.20e+01,
26578,-8.00e-03,3.28e+01,
26579,-8.00e-03,3.20e+01,
26580,-1.60e-02,3.20e+01,
26581,-1.60e-02,3.20e+01,
26582,-8.00e-03,3.28e+01,
26583,-8.00e-03,3.28e+01,
26584,-8.00e-03,3.20e+01,
26585,-1.60e-02,3.20e+01,
26586,-8.00e-03,3.28e+01,
26587,-8.00e-03,3.28e+01,
26588,-8.00e-03,3.20e+01,
26589,-8.00e-03,3.20e+01,
26590,-8.00e-03,3.28e+01,
26591,-8.00e-03,3.20e+01,
26592,-8.00e-03,3.20e+01,
26593,-1.60e-02,3.20e+01,
26594,-8.00e-03,3.28e+01,
26595,-8.00e-03,3.20e+01,
26596,-8.00e-03,3.20e+01,
26597,-1.60e-02,3.20e+01,
26598,-8.00e-03,3.28e+01,
26599,-8.00e-03,3.28e+01,
26600,-8.00e-03,3.20e+01,
26601,-8.00e-03,3.20e+01,
26602,-8.00e-03,3.28e+01,
26603,-8.00e-03,3.28e+01,
26604,-8.00e-03,3.20e+01,
26605,-1.60e-02,3.20e+01,
26606,-8.00e-03,3.28e+01,
26607,-8.00e-03,3.28e+01,
26608,-8.00e-03,3.20e+01,
26609,-1.60e-02,3.20e+01,
26610,-8.00e-03,3.28e+01,
26611,-8.00e-03,3.20e+01,
26612,-8.00e-03,3.20e+01,
26613,-1.60e-02,3.20e+01,
26614,-8.00e-03,3.28e+01,
26615,-8.00e-03,3.28e+01,
26616,-8.00e-03,3.20e+01,
26617,-1.60e-02,3.20e+01,
26618,-8.00e-03,3.28e+01,
26619,-8.00e-03,3.28e+01,
26620,-8.00e-03,3.20e+01,
26621,-1.60e-02,3.20e+01,
26622,-8.00e-03,3.28e+01,
26623,-8.00e-03,3.28e+01,
26624,-8.00e-03,3.20e+01,
26625,-1.60e-02,3.20e+01,
26626,-8.00e-03,3.28e+01,
26627,-8.00e-03,3.20e+01,
26628,-8.00e-03,3.20e+01,
26629,-1.60e-02,3.28e+01,
26630,-8.00e-03,3.28e+01,
26631,-8.00e-03,3.28e+01,
26632,-8.00e-03,3.20e+01,
26633,-8.00e-03,3.20e+01,
26634,-8.00e-03,3.28e+01,
26635,-8.00e-03,3.28e+01,
26636,-8.00e-03,3.20e+01,
26637,-1.60e-02,3.20e+01,
26638,-8.00e-03,3.28e+01,
26639,-8.00e-03,3.28e+01,
26640,-1.60e-02,3.20e+01,
26641,-1.60e-02,3.20e+01,
26642,-8.00e-03,3.28e+01,
26643,-8.00e-03,3.28e+01,
26644,-8.00e-03,3.20e+01,
26645,-1.60e-02,3.20e+01,
26646,-8.00e-03,3.28e+01,
26647,-8.00e-03,3.28e+01,
26648,-8.00e-03,3.20e+01,
26649,-8.00e-03,3.20e+01,
26650,-8.00e-03,3.28e+01,
26651,-8.00e-03,3.20e+01,
26652,-8.00e-03,3.20e+01,
26653,-1.60e-02,3.20e+01,
26654,-8.00e-03,3.28e+01,
26655,-8.00e-03,3.28e+01,
26656,-8.00e-03,3.20e+01,
26657,-1.60e-02,3.20e+01,
26658,-8.00e-03,3.28e+01,
26659,-8.00e-03,3.28e+01,
26660,-8.00e-03,3.20e+01,
26661,-1.60e-02,3.28e+01,
26662,-8.00e-03,3.28e+01,
26663,-8.00e-03,3.28e+01,
26664,-8.00e-03,3.20e+01,
26665,-8.00e-03,3.20e+01,
26666,-8.00e-03,3.28e+01,
26667,-8.00e-03,3.28e+01,
26668,-8.00e-03,3.20e+01,
26669,-1.60e-02,3.20e+01,
26670,-8.00e-03,3.28e+01,
26671,-8.00e-03,3.28e+01,
26672,-8.00e-03,3.20e+01,
26673,-1.60e-02,3.20e+01,
26674,-1.60e-02,3.28e+01,
26675,-8.00e-03,3.20e+01,
26676,-8.00e-03,3.20e+01,
26677,-1.60e-02,3.20e+01,
26678,-8.00e-03,3.28e+01,
26679,-8.00e-03,3.28e+01,
26680,-8.00e-03,3.20e+01,
26681,-8.00e-03,3.20e+01,
26682,-8.00e-03,3.28e+01,
26683,-8.00e-03,3.20e+01,
26684,-8.00e-03,3.20e+01,
26685,-8.00e-03,3.20e+01,
26686,-8.00e-03,3.28e+01,
26687,-8.00e-03,3.28e+01,
26688,-8.00e-03,3.20e+01,
26689,-1.60e-02,3.20e+01,
26690,-8.00e-03,3.28e+01,
26691,-8.00e-03,3.20e+01,
26692,-8.00e-03,3.20e+01,
26693,-1.60e-02,3.20e+01,
26694,-8.00e-03,3.28e+01,
26695,-8.00e-03,3.28e+01,
26696,-8.00e-03,3.20e+01,
26697,-1.60e-02,3.20e+01,
26698,-8.00e-03,3.28e+01,
26699,-8.00e-03,3.20e+01,
26700,-8.00e-03,3.20e+01,
26701,-8.00e-03,3.20e+01,
26702,-8.00e-03,3.28e+01,
26703,-8.00e-03,3.28e+01,
26704,-8.00e-03,3.20e+01,
26705,-1.60e-02,3.20e+01,
26706,-8.00e-03,3.28e+01,
26707,-8.00e-03,3.28e+01,
26708,-8.00e-03,3.20e+01,
26709,-1.60e-02,3.20e+01,
26710,-8.00e-03,3.28e+01,
26711,-8.00e-03,3.28e+01,
26712,-8.00e-03,3.20e+01,
26713,-8.00e-03,3.20e+01,
26714,-8.00e-03,3.28e+01,
26715,-8.00e-03,3.20e+01,
26716,-1.60e-02,3.20e+01,
26717,-1.60e-02,3.20e+01,
26718,-8.00e-03,3.28e+01,
26719,-8.00e-03,3.28e+01,
26720,-1.60e-02,3.20e+01,
26721,-8.00e-03,3.20e+01,
26722,-8.00e-03,3.28e+01,
26723,-8.00e-03,3.20e+01,
26724,-8.00e-03,3.20e+01,
26725,-8.00e-03,3.20e+01,
26726,-8.00e-03,3.28e+01,
26727,-8.00e-03,3.28e+01,
26728,-8.00e-03,3.20e+01,
26729,-8.00e-03,3.20e+01,
26730,-8.00e-03,3.28e+01,
26731,-8.00e-03,3.20e+01,
26732,-8.00e-03,3.20e+01,
26733,-1.60e-02,3.20e+01,
26734,-8.00e-03,3.28e+01,
26735,-8.00e-03,3.28e+01,
26736,-8.00e-03,3.20e+01,
26737,-1.60e-02,3.28e+01,
26738,-8.00e-03,3.28e+01,
26739,-8.00e-03,3.28e+01,
26740,-8.00e-03,3.20e+01,
26741,-1.60e-02,3.20e+01,
26742,-8.00e-03,3.28e+01,
26743,-8.00e-03,3.28e+01,
26744,-8.00e-03,3.20e+01,
26745,-1.60e-02,3.20e+01,
26746,-8.00e-03,3.20e+01,
26747,-8.00e-03,3.28e+01,
26748,-8.00e-03,3.20e+01,
26749,-1.60e-02,3.20e+01,
26750,-8.00e-03,3.28e+01,
26751,-8.00e-03,3.28e+01,
26752,-1.60e-02,3.20e+01,
26753,-8.00e-03,3.20e+01,
26754,-8.00e-03,3.28e+01,
26755,-8.00e-03,3.28e+01,
26756,-8.00e-03,3.20e+01,
26757,-1.60e-02,3.20e+01,
26758,-8.00e-03,3.28e+01,
26759,-8.00e-03,3.28e+01,
26760,-8.00e-03,3.20e+01,
26761,-1.60e-02,3.20e+01,
26762,-8.00e-03,3.28e+01,
26763,-8.00e-03,3.20e+01,
26764,-8.00e-03,3.20e+01,
26765,-8.00e-03,3.20e+01,
26766,-8.00e-03,3.20e+01,
26767,-8.00e-03,3.20e+01,
26768,-8.00e-03,3.28e+01,
26769,-1.60e-02,3.20e+01,
26770,-8.00e-03,3.28e+01,
26771,-8.00e-03,3.20e+01,
26772,-8.00e-03,3.20e+01,
26773,-8.00e-03,3.28e+01,
26774,-8.00e-03,3.28e+01,
26775,-8.00e-03,3.28e+01,
26776,-8.00e-03,3.20e+01,
26777,-8.00e-03,3.20e+01,
26778,-8.00e-03,3.28e+01,
26779,-8.00e-03,3.20e+01,
26780,-8.00e-03,3.20e+01,
26781,-8.00e-03,3.20e+01,
26782,-8.00e-03,3.28e+01,
26783,-8.00e-03,3.28e+01,
26784,-8.00e-03,3.20e+01,
26785,-8.00e-03,3.20e+01,
26786,-8.00e-03,3.28e+01,
26787,-8.00e-03,3.28e+01,
26788,-8.00e-03,3.20e+01,
26789,-8.00e-03,3.20e+01,
26790,-8.00e-03,3.28e+01,
26791,-8.00e-03,3.20e+01,
26792,-8.00e-03,3.20e+01,
26793,-8.00e-03,3.20e+01,
26794,-8.00e-03,3.28e+01,
26795,-8.00e-03,3.20e+01,
26796,-1.60e-02,3.20e+01,
26797,-8.00e-03,3.20e+01,
26798,-8.00e-03,3.28e+01,
26799,-8.00e-03,3.28e+01,
26800,-8.00e-03,3.20e+01,
26801,-1.60e-02,3.20e+01,
26802,-8.00e-03,3.28e+01,
26803,-8.00e-03,3.20e+01,
26804,-8.00e-03,3.20e+01,
26805,-8.00e-03,3.20e+01,
26806,-8.00e-03,3.28e+01,
26807,-8.00e-03,3.28e+01,
26808,-8.00e-03,3.20e+01,
26809,-8.00e-03,3.20e+01,
26810,-8.00e-03,3.28e+01,
26811,-8.00e-03,3.20e+01,
26812,-8.00e-03,3.20e+01,
26813,-1.60e-02,3.20e+01,
26814,-8.00e-03,3.28e+01,
26815,-8.00e-03,3.20e+01,
26816,-8.00e-03,3.20e+01,
26817,-8.00e-03,3.20e+01,
26818,-8.00e-03,3.28e+01,
26819,-8.00e-03,3.20e+01,
26820,-8.00e-03,3.20e+01,
26821,-1.60e-02,3.20e+01,
26822,-8.00e-03,3.28e+01,
26823,-8.00e-03,3.28e+01,
26824,-8.00e-03,3.20e+01,
26825,-1.60e-02,3.20e+01,
26826,-8.00e-03,3.28e+01,
26827,-8.00e-03,3.28e+01,
26828,-8.00e-03,3.20e+01,
26829,-1.60e-02,3.20e+01,
26830,-8.00e-03,3.28e+01,
26831,-8.00e-03,3.28e+01,
26832,-8.00e-03,3.20e+01,
26833,-8.00e-03,3.20e+01,
26834,-8.00e-03,3.28e+01,
26835,-8.00e-03,3.20e+01,
26836,-8.00e-03,3.20e+01,
26837,-1.60e-02,3.28e+01,
26838,-8.00e-03,3.28e+01,
26839,-8.00e-03,3.28e+01,
26840,-8.00e-03,3.20e+01,
26841,-8.00e-03,3.20e+01,
26842,-8.00e-03,3.28e+01,
26843,-8.00e-03,3.20e+01,
26844,-8.00e-03,3.20e+01,
26845,-1.60e-02,3.20e+01,
26846,-8.00e-03,3.28e+01,
26847,-8.00e-03,3.28e+01,
26848,-8.00e-03,3.20e+01,
26849,-8.00e-03,3.20e+01,
26850,-8.00e-03,3.28e+01,
26851,-8.00e-03,3.28e+01,
26852,-8.00e-03,3.20e+01,
26853,-8.00e-03,3.20e+01,
26854,-8.00e-03,3.28e+01,
26855,-8.00e-03,3.28e+01,
26856,-8.00e-03,3.20e+01,
26857,-8.00e-03,3.20e+01,
26858,-8.00e-03,3.28e+01,
26859,-8.00e-03,3.20e+01,
26860,-8.00e-03,3.20e+01,
26861,-1.60e-02,3.20e+01,
26862,-8.00e-03,3.28e+01,
26863,-8.00e-03,3.28e+01,
26864,-8.00e-03,3.20e+01,
26865,-8.00e-03,3.20e+01,
26866,-8.00e-03,3.28e+01,
26867,-8.00e-03,3.20e+01,
26868,-8.00e-03,3.20e+01,
26869,-8.00e-03,3.20e+01,
26870,-8.00e-03,3.28e+01,
26871,-8.00e-03,3.20e+01,
26872,-8.00e-03,3.20e+01,
26873,-8.00e-03,3.20e+01,
26874,-8.00e-03,3.28e+01,
26875,-8.00e-03,3.20e+01,
26876,-8.00e-03,3.20e+01,
26877,-8.00e-03,3.20e+01,
26878,-8.00e-03,3.28e+01,
26879,-8.00e-03,3.28e+01,
26880,-8.00e-03,3.20e+01,
26881,-1.60e-02,3.20e+01,
26882,-8.00e-03,3.28e+01,
26883,-8.00e-03,3.20e+01,
26884,-8.00e-03,3.20e+01,
26885,-1.60e-02,3.20e+01,
26886,-8.00e-03,3.28e+01,
26887,-8.00e-03,3.20e+01,
26888,-8.00e-03,3.20e+01,
26889,-8.00e-03,3.20e+01,
26890,-8.00e-03,3.28e+01,
26891,-8.00e-03,3.20e+01,
26892,-8.00e-03,3.20e+01,
26893,-8.00e-03,3.20e+01,
26894,-8.00e-03,3.28e+01,
26895,-8.00e-03,3.28e+01,
26896,-8.00e-03,3.20e+01,
26897,-1.60e-02,3.20e+01,
26898,-8.00e-03,3.28e+01,
26899,-8.00e-03,3.20e+01,
26900,-8.00e-03,3.20e+01,
26901,-8.00e-03,3.20e+01,
26902,-8.00e-03,3.28e+01,
26903,-8.00e-03,3.28e+01,
26904,-8.00e-03,3.20e+01,
26905,-1.60e-02,3.20e+01,
26906,-8.00e-03,3.28e+01,
26907,-8.00e-03,3.28e+01,
26908,-8.00e-03,3.20e+01,
26909,-1.60e-02,3.28e+01,
26910,-8.00e-03,3.28e+01,
26911,-8.00e-03,3.28e+01,
26912,-8.00e-03,3.20e+01,
26913,-8.00e-03,3.20e+01,
26914,-8.00e-03,3.28e+01,
26915,-8.00e-03,3.28e+01,
26916,-8.00e-03,3.20e+01,
26917,-8.00e-03,3.20e+01,
26918,-8.00e-03,3.28e+01,
26919,-8.00e-03,3.28e+01,
26920,-8.00e-03,3.20e+01,
26921,-8.00e-03,3.20e+01,
26922,-8.00e-03,3.28e+01,
26923,-8.00e-03,3.20e+01,
26924,-8.00e-03,3.20e+01,
26925,-8.00e-03,3.20e+01,
26926,-8.00e-03,3.28e+01,
26927,-8.00e-03,3.20e+01,
26928,-8.00e-03,3.20e+01,
26929,-1.60e-02,3.20e+01,
26930,-8.00e-03,3.28e+01,
26931,-8.00e-03,3.20e+01,
26932,-8.00e-03,3.20e+01,
26933,-8.00e-03,3.20e+01,
26934,-8.00e-03,3.28e+01,
26935,-8.00e-03,3.28e+01,
26936,-8.00e-03,3.20e+01,
26937,-1.60e-02,3.20e+01,
26938,-8.00e-03,3.28e+01,
26939,-8.00e-03,3.28e+01,
26940,-8.00e-03,3.20e+01,
26941,-1.60e-02,3.20e+01,
26942,-8.00e-03,3.28e+01,
26943,-8.00e-03,3.20e+01,
26944,-8.00e-03,3.20e+01,
26945,-8.00e-03,3.20e+01,
26946,-8.00e-03,3.20e+01,
26947,-8.00e-03,3.28e+01,
26948,-8.00e-03,3.20e+01,
26949,-8.00e-03,3.20e+01,
26950,-8.00e-03,3.28e+01,
26951,-8.00e-03,3.20e+01,
26952,-8.00e-03,3.20e+01,
26953,-1.60e-02,3.20e+01,
26954,-8.00e-03,3.20e+01,
26955,-8.00e-03,3.20e+01,
26956,-8.00e-03,3.20e+01,
26957,-8.00e-03,3.28e+01,
26958,-8.00e-03,3.28e+01,
26959,-8.00e-03,3.20e+01,
26960,-8.00e-03,3.20e+01,
26961,-1.60e-02,3.20e+01,
26962,-8.00e-03,3.28e+01,
26963,-8.00e-03,3.20e+01,
26964,-8.00e-03,3.20e+01,
26965,-1.60e-02,3.20e+01,
26966,-8.00e-03,3.20e+01,
26967,-8.00e-03,3.20e+01,
26968,-8.00e-03,3.28e+01,
26969,-1.60e-02,3.20e+01,
26970,-8.00e-03,3.28e+01,
26971,-8.00e-03,3.20e+01,
26972,-8.00e-03,3.20e+01,
26973,-8.00e-03,3.20e+01,
26974,-8.00e-03,3.20e+01,
26975,-8.00e-03,3.28e+01,
26976,-8.00e-03,3.20e+01,
26977,-8.00e-03,3.28e+01,
26978,-8.00e-03,3.28e+01,
26979,-8.00e-03,3.20e+01,
26980,-8.00e-03,3.20e+01,
26981,-1.60e-02,3.20e+01,
26982,-8.00e-03,3.28e+01,
26983,-8.00e-03,3.20e+01,
26984,-8.00e-03,3.20e+01,
26985,-8.00e-03,3.20e+01,
26986,-8.00e-03,3.20e+01,
26987,-8.00e-03,3.28e+01,
26988,-8.00e-03,3.20e+01,
26989,-8.00e-03,3.28e+01,
26990,-8.00e-03,3.28e+01,
26991,-8.00e-03,3.20e+01,
26992,-1.60e-02,3.20e+01,
26993,-8.00e-03,3.28e+01,
26994,-8.00e-03,3.28e+01,
26995,-8.00e-03,3.20e+01,
26996,-8.00e-03,3.20e+01,
26997,-8.00e-03,3.20e+01,
26998,-8.00e-03,3.28e+01,
26999,-8.00e-03,3.28e+01,
27000,-8.00e-03,3.20e+01,
27001,-8.00e-03,3.20e+01,
27002,-8.00e-03,3.28e+01,
27003,-8.00e-03,3.20e+01,
27004,-8.00e-03,3.20e+01,
27005,-1.60e-02,3.20e+01,
27006,-8.00e-03,3.28e+01,
27007,-8.00e-03,3.28e+01,
27008,-8.00e-03,3.20e+01,
27009,-8.00e-03,3.20e+01,
27010,-8.00e-03,3.28e+01,
27011,-8.00e-03,3.20e+01,
27012,-8.00e-03,3.20e+01,
27013,-1.60e-02,3.20e+01,
27014,-8.00e-03,3.28e+01,
27015,-8.00e-03,3.20e+01,
27016,-8.00e-03,3.20e+01,
27017,-8.00e-03,3.20e+01,
27018,-8.00e-03,3.28e+01,
27019,-8.00e-03,3.20e+01,
27020,-8.00e-03,3.20e+01,
27021,-8.00e-03,3.20e+01,
27022,-8.00e-03,3.28e+01,
27023,-8.00e-03,3.28e+01,
27024,-8.00e-03,3.20e+01,
27025,-1.60e-02,3.20e+01,
27026,-8.00e-03,3.28e+01,
27027,-8.00e-03,3.28e+01,
27028,-8.00e-03,3.20e+01,
27029,-8.00e-03,3.20e+01,
27030,-8.00e-03,3.28e+01,
27031,-8.00e-03,3.28e+01,
27032,-8.00e-03,3.20e+01,
27033,-8.00e-03,3.20e+01,
27034,-8.00e-03,3.28e+01,
27035,-8.00e-03,3.20e+01,
27036,-8.00e-03,3.20e+01,
27037,-8.00e-03,3.28e+01,
27038,-8.00e-03,3.28e+01,
27039,-8.00e-03,3.20e+01,
27040,-8.00e-03,3.20e+01,
27041,-1.60e-02,3.20e+01,
27042,-8.00e-03,3.28e+01,
27043,-8.00e-03,3.20e+01,
27044,-8.00e-03,3.20e+01,
27045,-8.00e-03,3.20e+01,
27046,-8.00e-03,3.28e+01,
27047,-8.00e-03,3.28e+01,
27048,-8.00e-03,3.20e+01,
27049,-8.00e-03,3.20e+01,
27050,-8.00e-03,3.28e+01,
27051,-8.00e-03,3.20e+01,
27052,-8.00e-03,3.20e+01,
27053,-8.00e-03,3.20e+01,
27054,-8.00e-03,3.28e+01,
27055,-8.00e-03,3.20e+01,
27056,-8.00e-03,3.20e+01,
27057,-8.00e-03,3.28e+01,
27058,-8.00e-03,3.28e+01,
27059,-8.00e-03,3.20e+01,
27060,-8.00e-03,3.20e+01,
27061,-1.60e-02,3.20e+01,
27062,-8.00e-03,3.28e+01,
27063,-8.00e-03,3.20e+01,
27064,-8.00e-03,3.20e+01,
27065,-8.00e-03,3.20e+01,
27066,-8.00e-03,3.28e+01,
27067,-8.00e-03,3.28e+01,
27068,-8.00e-03,3.20e+01,
27069,-8.00e-03,3.28e+01,
27070,-8.00e-03,3.28e+01,
27071,-8.00e-03,3.28e+01,
27072,-8.00e-03,3.20e+01,
27073,-1.60e-02,3.20e+01,
27074,-8.00e-03,3.28e+01,
27075,-8.00e-03,3.20e+01,
27076,-8.00e-03,3.20e+01,
27077,-8.00e-03,3.28e+01,
27078,-8.00e-03,3.28e+01,
27079,-8.00e-03,3.28e+01,
27080,-8.00e-03,3.20e+01,
27081,-8.00e-03,3.20e+01,
27082,-8.00e-03,3.28e+01,
27083,-8.00e-03,3.20e+01,
27084,-8.00e-03,3.20e+01,
27085,-1.60e-02,3.20e+01,
27086,-8.00e-03,3.28e+01,
27087,-8.00e-03,3.28e+01,
27088,-8.00e-03,3.20e+01,
27089,-8.00e-03,3.20e+01,
27090,-8.00e-03,3.28e+01,
27091,-8.00e-03,3.20e+01,
27092,-8.00e-03,3.20e+01,
27093,-8.00e-03,3.20e+01,
27094,-8.00e-03,3.28e+01,
27095,-8.00e-03,3.28e+01,
27096,-1.60e-02,3.20e+01,
27097,-1.60e-02,3.20e+01,
27098,-8.00e-03,3.28e+01,
27099,-8.00e-03,3.20e+01,
27100,-8.00e-03,3.20e+01,
27101,-8.00e-03,3.20e+01,
27102,-8.00e-03,3.28e+01,
27103,-8.00e-03,3.28e+01,
27104,-8.00e-03,3.20e+01,
27105,-8.00e-03,3.20e+01,
27106,-1.60e-02,3.28e+01,
27107,-8.00e-03,3.28e+01,
27108,-8.00e-03,3.20e+01,
27109,-8.00e-03,3.20e+01,
27110,-8.00e-03,3.28e+01,
27111,-8.00e-03,3.28e+01,
27112,-8.00e-03,3.20e+01,
27113,-8.00e-03,3.20e+01,
27114,-8.00e-03,3.28e+01,
27115,-8.00e-03,3.20e+01,
27116,-8.00e-03,3.20e+01,
27117,-8.00e-03,3.28e+01,
27118,-8.00e-03,3.28e+01,
27119,-8.00e-03,3.20e+01,
27120,-8.00e-03,3.20e+01,
27121,-1.60e-02,3.20e+01,
27122,-8.00e-03,3.28e+01,
27123,-8.00e-03,3.20e+01,
27124,-8.00e-03,3.20e+01,
27125,-8.00e-03,3.20e+01,
27126,-8.00e-03,3.20e+01,
27127,-8.00e-03,3.28e+01,
27128,-8.00e-03,3.20e+01,
27129,-8.00e-03,3.20e+01,
27130,-8.00e-03,3.28e+01,
27131,-8.00e-03,3.20e+01,
27132,-8.00e-03,3.20e+01,
27133,-8.00e-03,3.20e+01,
27134,-8.00e-03,3.28e+01,
27135,-8.00e-03,3.20e+01,
27136,-8.00e-03,3.20e+01,
27137,-1.60e-02,3.20e+01,
27138,-8.00e-03,3.28e+01,
27139,-8.00e-03,3.20e+01,
27140,-8.00e-03,3.20e+01,
27141,-8.00e-03,3.20e+01,
27142,-8.00e-03,3.20e+01,
27143,-8.00e-03,3.28e+01,
27144,-8.00e-03,3.20e+01,
27145,-1.60e-02,3.20e+01,
27146,-8.00e-03,3.28e+01,
27147,-8.00e-03,3.28e+01,
27148,-8.00e-03,3.20e+01,
27149,-8.00e-03,3.20e+01,
27150,-8.00e-03,3.28e+01,
27151,-8.00e-03,3.28e+01,
27152,-1.60e-02,3.20e+01,
27153,-8.00e-03,3.20e+01,
27154,-8.00e-03,3.28e+01,
27155,-8.00e-03,3.20e+01,
27156,-8.00e-03,3.20e+01,
27157,-8.00e-03,3.20e+01,
27158,-8.00e-03,3.20e+01,
27159,-8.00e-03,3.20e+01,
27160,-8.00e-03,3.20e+01,
27161,-1.60e-02,3.20e+01,
27162,-8.00e-03,3.28e+01,
27163,-8.00e-03,3.20e+01,
27164,-8.00e-03,3.20e+01,
27165,-8.00e-03,3.20e+01,
27166,-8.00e-03,3.28e+01,
27167,-8.00e-03,3.20e+01,
27168,-8.00e-03,3.28e+01,
27169,-8.00e-03,3.20e+01,
27170,-8.00e-03,3.28e+01,
27171,-8.00e-03,3.20e+01,
27172,-8.00e-03,3.20e+01,
27173,-8.00e-03,3.20e+01,
27174,-8.00e-03,3.20e+01,
27175,-8.00e-03,3.28e+01,
27176,-8.00e-03,3.20e+01,
27177,-8.00e-03,3.20e+01,
27178,-8.00e-03,3.28e+01,
27179,-8.00e-03,3.20e+01,
27180,-8.00e-03,3.20e+01,
27181,-1.60e-02,3.20e+01,
27182,-8.00e-03,3.28e+01,
27183,-8.00e-03,3.20e+01,
27184,-8.00e-03,3.20e+01,
27185,-8.00e-03,3.20e+01,
27186,-8.00e-03,3.28e+01,
27187,-8.00e-03,3.28e+01,
27188,-8.00e-03,3.20e+01,
27189,-1.60e-02,3.20e+01,
27190,-8.00e-03,3.28e+01,
27191,-8.00e-03,3.20e+01,
27192,-8.00e-03,3.20e+01,
27193,-1.60e-02,3.20e+01,
27194,-8.00e-03,3.28e+01,
27195,-8.00e-03,3.20e+01,
27196,-8.00e-03,3.20e+01,
27197,-1.60e-02,3.20e+01,
27198,-8.00e-03,3.28e+01,
27199,-8.00e-03,3.20e+01,
27200,-8.00e-03,3.20e+01,
27201,-8.00e-03,3.20e+01,
27202,-8.00e-03,3.28e+01,
27203,-8.00e-03,3.20e+01,
27204,-8.00e-03,3.20e+01,
27205,-1.60e-02,3.20e+01,
27206,-8.00e-03,3.28e+01,
27207,-8.00e-03,3.28e+01,
27208,-8.00e-03,3.20e+01,
27209,-8.00e-03,3.20e+01,
27210,-8.00e-03,3.28e+01,
27211,-8.00e-03,3.20e+01,
27212,-8.00e-03,3.20e+01,
27213,-1.60e-02,3.20e+01,
27214,-8.00e-03,3.28e+01,
27215,-8.00e-03,3.20e+01,
27216,-8.00e-03,3.20e+01,
27217,-8.00e-03,3.20e+01,
27218,-8.00e-03,3.20e+01,
27219,-8.00e-03,3.20e+01,
27220,-8.00e-03,3.20e+01,
27221,-8.00e-03,3.20e+01,
27222,-8.00e-03,3.28e+01,
27223,-8.00e-03,3.20e+01,
27224,-8.00e-03,3.20e+01,
27225,-8.00e-03,3.20e+01,
27226,-8.00e-03,3.20e+01,
27227,-8.00e-03,3.20e+01,
27228,-8.00e-03,3.20e+01,
27229,-8.00e-03,3.20e+01,
27230,-8.00e-03,3.28e+01,
27231,-8.00e-03,3.20e+01,
27232,-8.00e-03,3.20e+01,
27233,-8.00e-03,3.20e+01,
27234,-8.00e-03,3.28e+01,
27235,-8.00e-03,3.20e+01,
27236,-8.00e-03,3.20e+01,
27237,-8.00e-03,3.20e+01,
27238,-8.00e-03,3.28e+01,
27239,-8.00e-03,3.20e+01,
27240,-8.00e-03,3.20e+01,
27241,-1.60e-02,3.20e+01,
27242,-8.00e-03,3.20e+01,
27243,-8.00e-03,3.28e+01,
27244,-8.00e-03,3.20e+01,
27245,-8.00e-03,3.20e+01,
27246,-8.00e-03,3.28e+01,
27247,-8.00e-03,3.20e+01,
27248,-8.00e-03,3.20e+01,
27249,-1.60e-02,3.20e+01,
27250,-8.00e-03,3.28e+01,
27251,-8.00e-03,3.20e+01,
27252,-8.00e-03,3.20e+01,
27253,-8.00e-03,3.20e+01,
27254,-8.00e-03,3.20e+01,
27255,-8.00e-03,3.20e+01,
27256,-8.00e-03,3.20e+01,
27257,-8.00e-03,3.20e+01,
27258,-8.00e-03,3.28e+01,
27259,-8.00e-03,3.20e+01,
27260,-8.00e-03,3.20e+01,
27261,-8.00e-03,3.20e+01,
27262,-8.00e-03,3.28e+01,
27263,-8.00e-03,3.20e+01,
27264,-8.00e-03,3.20e+01,
27265,-8.00e-03,3.20e+01,
27266,-8.00e-03,3.28e+01,
27267,-8.00e-03,3.20e+01,
27268,-8.00e-03,3.20e+01,
27269,-8.00e-03,3.20e+01,
27270,-8.00e-03,3.28e+01,
27271,-8.00e-03,3.20e+01,
27272,-8.00e-03,3.20e+01,
27273,-8.00e-03,3.20e+01,
27274,-8.00e-03,3.28e+01,
27275,-8.00e-03,3.20e+01,
27276,-8.00e-03,3.20e+01,
27277,-8.00e-03,3.20e+01,
27278,-8.00e-03,3.20e+01,
27279,-8.00e-03,3.20e+01,
27280,-8.00e-03,3.20e+01,
27281,-1.60e-02,3.20e+01,
27282,-8.00e-03,3.28e+01,
27283,-8.00e-03,3.20e+01,
27284,-8.00e-03,3.20e+01,
27285,-1.60e-02,3.20e+01,
27286,-8.00e-03,3.20e+01,
27287,-8.00e-03,3.20e+01,
27288,-8.00e-03,3.20e+01,
27289,-8.00e-03,3.20e+01,
27290,-8.00e-03,3.28e+01,
27291,-8.00e-03,3.20e+01,
27292,-8.00e-03,3.20e+01,
27293,-8.00e-03,3.20e+01,
27294,-8.00e-03,3.20e+01,
27295,-8.00e-03,3.28e+01,
27296,-8.00e-03,3.20e+01,
27297,-8.00e-03,3.20e+01,
27298,-8.00e-03,3.28e+01,
27299,-8.00e-03,3.20e+01,
27300,-8.00e-03,3.20e+01,
27301,-8.00e-03,3.20e+01,
27302,-8.00e-03,3.28e+01,
27303,-8.00e-03,3.20e+01,
27304,-8.00e-03,3.20e+01,
27305,-8.00e-03,3.20e+01,
27306,-8.00e-03,3.20e+01,
27307,-8.00e-03,3.20e+01,
27308,-8.00e-03,3.20e+01,
27309,-8.00e-03,3.20e+01,
27310,-8.00e-03,3.28e+01,
27311,-8.00e-03,3.20e+01,
27312,-8.00e-03,3.20e+01,
27313,-8.00e-03,3.20e+01,
27314,-8.00e-03,3.28e+01,
27315,-8.00e-03,3.20e+01,
27316,-8.00e-03,3.20e+01,
27317,-8.00e-03,3.20e+01,
27318,-8.00e-03,3.20e+01,
27319,-8.00e-03,3.20e+01,
27320,-8.00e-03,3.20e+01,
27321,-8.00e-03,3.20e+01,
27322,-8.00e-03,3.20e+01,
27323,-8.00e-03,3.20e+01,
27324,-8.00e-03,3.20e+01,
27325,-8.00e-03,3.20e+01,
27326,-8.00e-03,3.20e+01,
27327,-8.00e-03,3.28e+01,
27328,-8.00e-03,3.20e+01,
27329,-8.00e-03,3.20e+01,
27330,-8.00e-03,3.28e+01,
27331,-8.00e-03,3.20e+01,
27332,-8.00e-03,3.20e+01,
27333,-8.00e-03,3.20e+01,
27334,-8.00e-03,3.20e+01,
27335,-8.00e-03,3.20e+01,
27336,-8.00e-03,3.20e+01,
27337,-8.00e-03,3.20e+01,
27338,-8.00e-03,3.28e+01,
27339,-8.00e-03,3.20e+01,
27340,-8.00e-03,3.20e+01,
27341,-1.60e-02,3.20e+01,
27342,-8.00e-03,3.28e+01,
27343,-8.00e-03,3.20e+01,
27344,-8.00e-03,3.20e+01,
27345,-8.00e-03,3.20e+01,
27346,-8.00e-03,3.20e+01,
27347,-8.00e-03,3.28e+01,
27348,-8.00e-03,3.20e+01,
27349,-8.00e-03,3.20e+01,
27350,-8.00e-03,3.20e+01,
27351,-8.00e-03,3.20e+01,
27352,-8.00e-03,3.20e+01,
27353,-8.00e-03,3.20e+01,
27354,-8.00e-03,3.20e+01,
27355,-8.00e-03,3.20e+01,
27356,-8.00e-03,3.20e+01,
27357,-8.00e-03,3.20e+01,
27358,-8.00e-03,3.20e+01,
27359,-8.00e-03,3.20e+01,
27360,-8.00e-03,3.20e+01,
27361,-8.00e-03,3.20e+01,
27362,-8.00e-03,3.28e+01,
27363,-8.00e-03,3.20e+01,
27364,-8.00e-03,3.20e+01,
27365,-1.60e-02,3.20e+01,
27366,-8.00e-03,3.28e+01,
27367,-8.00e-03,3.20e+01,
27368,-8.00e-03,3.20e+01,
27369,-8.00e-03,3.20e+01,
27370,-8.00e-03,3.28e+01,
27371,-8.00e-03,3.20e+01,
27372,-8.00e-03,3.20e+01,
27373,-8.00e-03,3.20e+01,
27374,-8.00e-03,3.20e+01,
27375,-8.00e-03,3.20e+01,
27376,-8.00e-03,3.20e+01,
27377,-8.00e-03,3.20e+01,
27378,-8.00e-03,3.28e+01,
27379,-8.00e-03,3.20e+01,
27380,-8.00e-03,3.20e+01,
27381,-1.60e-02,3.20e+01,
27382,-8.00e-03,3.28e+01,
27383,-8.00e-03,3.20e+01,
27384,-8.00e-03,3.20e+01,
27385,-1.60e-02,3.20e+01,
27386,-8.00e-03,3.20e+01,
27387,-8.00e-03,3.20e+01,
27388,-8.00e-03,3.20e+01,
27389,-8.00e-03,3.20e+01,
27390,-8.00e-03,3.28e+01,
27391,-8.00e-03,3.20e+01,
27392,-8.00e-03,3.20e+01,
27393,-8.00e-03,3.20e+01,
27394,-8.00e-03,3.20e+01,
27395,-8.00e-03,3.20e+01,
27396,-8.00e-03,3.20e+01,
27397,-8.00e-03,3.20e+01,
27398,-8.00e-03,3.20e+01,
27399,-8.00e-03,3.20e+01,
27400,-8.00e-03,3.20e+01,
27401,-8.00e-03,3.20e+01,
27402,-8.00e-03,3.20e+01,
27403,-8.00e-03,3.20e+01,
27404,-8.00e-03,3.20e+01,
27405,-8.00e-03,3.20e+01,
27406,-8.00e-03,3.20e+01,
27407,-8.00e-03,3.20e+01,
27408,-8.00e-03,3.20e+01,
27409,-8.00e-03,3.20e+01,
27410,-8.00e-03,3.20e+01,
27411,-8.00e-03,3.20e+01,
27412,-8.00e-03,3.20e+01,
27413,-8.00e-03,3.20e+01,
27414,-8.00e-03,3.28e+01,
27415,-8.00e-03,3.20e+01,
27416,-8.00e-03,3.20e+01,
27417,-8.00e-03,3.20e+01,
27418,-8.00e-03,3.28e+01,
27419,-8.00e-03,3.20e+01,
27420,-8.00e-03,3.20e+01,
27421,-1.60e-02,3.20e+01,
27422,-8.00e-03,3.20e+01,
27423,-8.00e-03,3.20e+01,
27424,-8.00e-03,3.20e+01,
27425,-8.00e-03,3.20e+01,
27426,-8.00e-03,3.20e+01,
27427,-8.00e-03,3.20e+01,
27428,-8.00e-03,3.20e+01,
27429,-8.00e-03,3.20e+01,
27430,-8.00e-03,3.20e+01,
27431,-8.00e-03,3.20e+01,
27432,-8.00e-03,3.20e+01,
27433,-8.00e-03,3.20e+01,
27434,-8.00e-03,3.28e+01,
27435,-8.00e-03,3.20e+01,
27436,-8.00e-03,3.20e+01,
27437,-8.00e-03,3.20e+01,
27438,-8.00e-03,3.20e+01,
27439,-8.00e-03,3.20e+01,
27440,-8.00e-03,3.20e+01,
27441,-1.60e-02,3.20e+01,
27442,-8.00e-03,3.28e+01,
27443,-8.00e-03,3.20e+01,
27444,-8.00e-03,3.20e+01,
27445,-8.00e-03,3.20e+01,
27446,-8.00e-03,3.20e+01,
27447,-8.00e-03,3.20e+01,
27448,-8.00e-03,3.20e+01,
27449,-1.60e-02,3.20e+01,
27450,-8.00e-03,3.20e+01,
27451,-8.00e-03,3.20e+01,
27452,-8.00e-03,3.20e+01,
27453,-8.00e-03,3.20e+01,
27454,-8.00e-03,3.28e+01,
27455,-8.00e-03,3.20e+01,
27456,-8.00e-03,3.20e+01,
27457,-1.60e-02,3.20e+01,
27458,-8.00e-03,3.20e+01,
27459,-8.00e-03,3.20e+01,
27460,-8.00e-03,3.20e+01,
27461,-8.00e-03,3.20e+01,
27462,-8.00e-03,3.20e+01,
27463,-8.00e-03,3.20e+01,
27464,-8.00e-03,3.20e+01,
27465,-8.00e-03,3.20e+01,
27466,-8.00e-03,3.20e+01,
27467,-8.00e-03,3.20e+01,
27468,-8.00e-03,3.20e+01,
27469,-8.00e-03,3.20e+01,
27470,-8.00e-03,3.20e+01,
27471,-8.00e-03,3.20e+01,
27472,-8.00e-03,3.20e+01,
27473,-8.00e-03,3.20e+01,
27474,-8.00e-03,3.20e+01,
27475,-8.00e-03,3.20e+01,
27476,-8.00e-03,3.20e+01,
27477,-8.00e-03,3.20e+01,
27478,-8.00e-03,3.20e+01,
27479,-8.00e-03,3.20e+01,
27480,-8.00e-03,3.20e+01,
27481,-1.60e-02,3.20e+01,
27482,-8.00e-03,3.28e+01,
27483,-8.00e-03,3.20e+01,
27484,-8.00e-03,3.20e+01,
27485,-8.00e-03,3.20e+01,
27486,-8.00e-03,3.28e+01,
27487,-8.00e-03,3.20e+01,
27488,-8.00e-03,3.20e+01,
27489,-1.60e-02,3.20e+01,
27490,-8.00e-03,3.28e+01,
27491,-8.00e-03,3.20e+01,
27492,-8.00e-03,3.20e+01,
27493,-8.00e-03,3.20e+01,
27494,-8.00e-03,3.20e+01,
27495,-8.00e-03,3.20e+01,
27496,-8.00e-03,3.20e+01,
27497,-8.00e-03,3.20e+01,
27498,-8.00e-03,3.28e+01,
27499,-8.00e-03,3.20e+01,
27500,-8.00e-03,3.20e+01,
27501,-8.00e-03,3.20e+01,
27502,-8.00e-03,3.20e+01,
27503,-8.00e-03,3.20e+01,
27504,-8.00e-03,3.20e+01,
27505,-8.00e-03,3.20e+01,
27506,-8.00e-03,3.28e+01,
27507,-8.00e-03,3.20e+01,
27508,-8.00e-03,3.20e+01,
27509,-8.00e-03,3.20e+01,
27510,-8.00e-03,3.20e+01,
27511,-8.00e-03,3.20e+01,
27512,-8.00e-03,3.20e+01,
27513,-8.00e-03,3.20e+01,
27514,-8.00e-03,3.28e+01,
27515,-8.00e-03,3.20e+01,
27516,-8.00e-03,3.20e+01,
27517,-8.00e-03,3.20e+01,
27518,-8.00e-03,3.20e+01,
27519,-8.00e-03,3.20e+01,
27520,-8.00e-03,3.20e+01,
27521,-8.00e-03,3.20e+01,
27522,-8.00e-03,3.28e+01,
27523,-8.00e-03,3.20e+01,
27524,-8.00e-03,3.20e+01,
27525,-8.00e-03,3.20e+01,
27526,-8.00e-03,3.20e+01,
27527,-8.00e-03,3.20e+01,
27528,-8.00e-03,3.20e+01,
27529,-8.00e-03,3.20e+01,
27530,-8.00e-03,3.28e+01,
27531,-8.00e-03,3.20e+01,
27532,-8.00e-03,3.20e+01,
27533,-8.00e-03,3.20e+01,
27534,-8.00e-03,3.28e+01,
27535,-8.00e-03,3.20e+01,
27536,-8.00e-03,3.20e+01,
27537,-8.00e-03,3.20e+01,
27538,-8.00e-03,3.20e+01,
27539,-8.00e-03,3.20e+01,
27540,-8.00e-03,3.20e+01,
27541,-8.00e-03,3.20e+01,
27542,-8.00e-03,3.20e+01,
27543,-8.00e-03,3.20e+01,
27544,-8.00e-03,3.20e+01,
27545,-1.60e-02,3.20e+01,
27546,-8.00e-03,3.28e+01,
27547,-8.00e-03,3.20e+01,
27548,-8.00e-03,3.20e+01,
27549,-8.00e-03,3.20e+01,
27550,-8.00e-03,3.20e+01,
27551,-8.00e-03,3.20e+01,
27552,-8.00e-03,3.20e+01,
27553,-1.60e-02,3.20e+01,
27554,-8.00e-03,3.20e+01,
27555,-8.00e-03,3.20e+01,
27556,-8.00e-03,3.20e+01,
27557,-8.00e-03,3.20e+01,
27558,-8.00e-03,3.20e+01,
27559,-8.00e-03,3.20e+01,
27560,-8.00e-03,3.20e+01,
27561,-8.00e-03,3.20e+01,
27562,-8.00e-03,3.28e+01,
27563,-8.00e-03,3.20e+01,
27564,-8.00e-03,3.20e+01,
27565,-1.60e-02,3.20e+01,
27566,-8.00e-03,3.20e+01,
27567,-8.00e-03,3.20e+01,
27568,-8.00e-03,3.20e+01,
27569,-1.60e-02,3.20e+01,
27570,-8.00e-03,3.28e+01,
27571,-8.00e-03,3.20e+01,
27572,-8.00e-03,3.20e+01,
27573,-1.60e-02,3.20e+01,
27574,-8.00e-03,3.20e+01,
27575,-8.00e-03,3.20e+01,
27576,-8.00e-03,3.20e+01,
27577,-8.00e-03,3.20e+01,
27578,-8.00e-03,3.20e+01,
27579,-8.00e-03,3.20e+01,
27580,-8.00e-03,3.20e+01,
27581,-8.00e-03,3.20e+01,
27582,-8.00e-03,3.20e+01,
27583,-8.00e-03,3.20e+01,
27584,-8.00e-03,3.20e+01,
27585,-8.00e-03,3.20e+01,
27586,-8.00e-03,3.20e+01,
27587,-8.00e-03,3.20e+01,
27588,-8.00e-03,3.20e+01,
27589,-8.00e-03,3.20e+01,
27590,-8.00e-03,3.20e+01,
27591,-8.00e-03,3.20e+01,
27592,-8.00e-03,3.20e+01,
27593,-8.00e-03,3.20e+01,
27594,-8.00e-03,3.20e+01,
27595,-8.00e-03,3.20e+01,
27596,-8.00e-03,3.20e+01,
27597,-8.00e-03,3.20e+01,
27598,-8.00e-03,3.20e+01,
27599,-8.00e-03,3.20e+01,
27600,-8.00e-03,3.20e+01,
27601,-8.00e-03,3.20e+01,
27602,-8.00e-03,3.28e+01,
27603,-8.00e-03,3.20e+01,
27604,-8.00e-03,3.20e+01,
27605,-8.00e-03,3.20e+01,
27606,-8.00e-03,3.20e+01,
27607,-8.00e-03,3.20e+01,
27608,-8.00e-03,3.20e+01,
27609,-8.00e-03,3.20e+01,
27610,-8.00e-03,3.20e+01,
27611,-8.00e-03,3.20e+01,
27612,-8.00e-03,3.20e+01,
27613,-8.00e-03,3.20e+01,
27614,-8.00e-03,3.20e+01,
27615,-8.00e-03,3.20e+01,
27616,-8.00e-03,3.20e+01,
27617,-8.00e-03,3.20e+01,
27618,-8.00e-03,3.28e+01,
27619,-8.00e-03,3.20e+01,
27620,-8.00e-03,3.20e+01,
27621,-8.00e-03,3.20e+01,
27622,-8.00e-03,3.28e+01,
27623,-8.00e-03,3.20e+01,
27624,-8.00e-03,3.20e+01,
27625,-8.00e-03,3.20e+01,
27626,-8.00e-03,3.20e+01,
27627,-8.00e-03,3.20e+01,
27628,-8.00e-03,3.20e+01,
27629,-8.00e-03,3.20e+01,
27630,-8.00e-03,3.20e+01,
27631,-8.00e-03,3.20e+01,
27632,-8.00e-03,3.20e+01,
27633,-8.00e-03,3.20e+01,
27634,-8.00e-03,3.20e+01,
27635,-8.00e-03,3.20e+01,
27636,-8.00e-03,3.20e+01,
27637,-8.00e-03,3.20e+01,
27638,-8.00e-03,3.20e+01,
27639,-8.00e-03,3.20e+01,
27640,-8.00e-03,3.20e+01,
27641,-8.00e-03,3.20e+01,
27642,-8.00e-03,3.20e+01,
27643,-8.00e-03,3.20e+01,
27644,-8.00e-03,3.20e+01,
27645,-8.00e-03,3.20e+01,
27646,-8.00e-03,3.20e+01,
27647,-8.00e-03,3.20e+01,
27648,-8.00e-03,3.20e+01,
27649,-8.00e-03,3.20e+01,
27650,-8.00e-03,3.28e+01,
27651,-8.00e-03,3.20e+01,
27652,-8.00e-03,3.20e+01,
27653,-8.00e-03,3.20e+01,
27654,-8.00e-03,3.20e+01,
27655,-8.00e-03,3.20e+01,
27656,-8.00e-03,3.20e+01,
27657,-8.00e-03,3.20e+01,
27658,-8.00e-03,3.20e+01,
27659,-8.00e-03,3.20e+01,
27660,-8.00e-03,3.20e+01,
27661,-8.00e-03,3.20e+01,
27662,-8.00e-03,3.20e+01,
27663,-8.00e-03,3.20e+01,
27664,-8.00e-03,3.20e+01,
27665,-8.00e-03,3.20e+01,
27666,-8.00e-03,3.20e+01,
27667,-8.00e-03,3.20e+01,
27668,-8.00e-03,3.20e+01,
27669,-8.00e-03,3.20e+01,
27670,-8.00e-03,3.20e+01,
27671,-8.00e-03,3.20e+01,
27672,-8.00e-03,3.20e+01,
27673,-8.00e-03,3.20e+01,
27674,-8.00e-03,3.20e+01,
27675,-8.00e-03,3.20e+01,
27676,-8.00e-03,3.20e+01,
27677,-8.00e-03,3.20e+01,
27678,-8.00e-03,3.20e+01,
27679,-8.00e-03,3.20e+01,
27680,-8.00e-03,3.20e+01,
27681,-8.00e-03,3.20e+01,
27682,-8.00e-03,3.28e+01,
27683,-8.00e-03,3.20e+01,
27684,-8.00e-03,3.20e+01,
27685,-8.00e-03,3.20e+01,
27686,-8.00e-03,3.20e+01,
27687,-8.00e-03,3.20e+01,
27688,-8.00e-03,3.20e+01,
27689,-8.00e-03,3.20e+01,
27690,-8.00e-03,3.20e+01,
27691,-8.00e-03,3.20e+01,
27692,-8.00e-03,3.20e+01,
27693,-8.00e-03,3.20e+01,
27694,-8.00e-03,3.20e+01,
27695,-8.00e-03,3.20e+01,
27696,-8.00e-03,3.20e+01,
27697,-8.00e-03,3.20e+01,
27698,-8.00e-03,3.20e+01,
27699,-8.00e-03,3.20e+01,
27700,-8.00e-03,3.20e+01,
27701,-8.00e-03,3.20e+01,
27702,-8.00e-03,3.20e+01,
27703,-8.00e-03,3.20e+01,
27704,-8.00e-03,3.20e+01,
27705,-8.00e-03,3.20e+01,
27706,-8.00e-03,3.20e+01,
27707,-8.00e-03,3.20e+01,
27708,-8.00e-03,3.20e+01,
27709,-8.00e-03,3.20e+01,
27710,-8.00e-03,3.20e+01,
27711,-8.00e-03,3.20e+01,
27712,-8.00e-03,3.20e+01,
27713,-8.00e-03,3.20e+01,
27714,-8.00e-03,3.20e+01,
27715,-8.00e-03,3.20e+01,
27716,-8.00e-03,3.20e+01,
27717,-8.00e-03,3.20e+01,
27718,-8.00e-03,3.20e+01,
27719,-8.00e-03,3.20e+01,
27720,-8.00e-03,3.20e+01,
27721,-8.00e-03,3.20e+01,
27722,-8.00e-03,3.20e+01,
27723,-8.00e-03,3.20e+01,
27724,-8.00e-03,3.20e+01,
27725,-8.00e-03,3.20e+01,
27726,-8.00e-03,3.20e+01,
27727,-8.00e-03,3.20e+01,
27728,-8.00e-03,3.20e+01,
27729,-1.60e-02,3.20e+01,
27730,-8.00e-03,3.20e+01,
27731,-8.00e-03,3.20e+01,
27732,-8.00e-03,3.20e+01,
27733,-8.00e-03,3.20e+01,
27734,-8.00e-03,3.20e+01,
27735,-8.00e-03,3.20e+01,
27736,-8.00e-03,3.20e+01,
27737,-8.00e-03,3.20e+01,
27738,-8.00e-03,3.20e+01,
27739,-8.00e-03,3.20e+01,
27740,-8.00e-03,3.20e+01,
27741,-1.60e-02,3.20e+01,
27742,-8.00e-03,3.20e+01,
27743,-8.00e-03,3.20e+01,
27744,-8.00e-03,3.20e+01,
27745,-8.00e-03,3.20e+01,
27746,-8.00e-03,3.20e+01,
27747,-8.00e-03,3.20e+01,
27748,-8.00e-03,3.20e+01,
27749,-8.00e-03,3.20e+01,
27750,-8.00e-03,3.20e+01,
27751,-8.00e-03,3.20e+01,
27752,-8.00e-03,3.20e+01,
27753,-8.00e-03,3.20e+01,
27754,-8.00e-03,3.20e+01,
27755,-8.00e-03,3.20e+01,
27756,-8.00e-03,3.20e+01,
27757,-8.00e-03,3.20e+01,
27758,-8.00e-03,3.20e+01,
27759,-8.00e-03,3.20e+01,
27760,-8.00e-03,3.20e+01,
27761,-8.00e-03,3.20e+01,
27762,-8.00e-03,3.28e+01,
27763,-8.00e-03,3.20e+01,
27764,-8.00e-03,3.20e+01,
27765,-8.00e-03,3.20e+01,
27766,-8.00e-03,3.20e+01,
27767,-8.00e-03,3.20e+01,
27768,-8.00e-03,3.20e+01,
27769,-8.00e-03,3.20e+01,
27770,-8.00e-03,3.28e+01,
27771,-8.00e-03,3.20e+01,
27772,-8.00e-03,3.20e+01,
27773,-8.00e-03,3.20e+01,
27774,-8.00e-03,3.20e+01,
27775,-8.00e-03,3.20e+01,
27776,-8.00e-03,3.20e+01,
27777,-8.00e-03,3.20e+01,
27778,-8.00e-03,3.20e+01,
27779,-8.00e-03,3.20e+01,
27780,-8.00e-03,3.20e+01,
27781,-8.00e-03,3.20e+01,
27782,-8.00e-03,3.20e+01,
27783,-8.00e-03,3.20e+01,
27784,-8.00e-03,3.20e+01,
27785,-1.60e-02,3.20e+01,
27786,-8.00e-03,3.20e+01,
27787,-8.00e-03,3.20e+01,
27788,-8.00e-03,3.20e+01,
27789,-8.00e-03,3.20e+01,
27790,-8.00e-03,3.20e+01,
27791,-8.00e-03,3.20e+01,
27792,-8.00e-03,3.20e+01,
27793,-8.00e-03,3.20e+01,
27794,-8.00e-03,3.20e+01,
27795,-8.00e-03,3.20e+01,
27796,-8.00e-03,3.20e+01,
27797,-8.00e-03,3.20e+01,
27798,-8.00e-03,3.20e+01,
27799,-8.00e-03,3.20e+01,
27800,-8.00e-03,3.20e+01,
27801,-8.00e-03,3.20e+01,
27802,-8.00e-03,3.20e+01,
27803,-8.00e-03,3.20e+01,
27804,-8.00e-03,3.20e+01,
27805,-8.00e-03,3.20e+01,
27806,-8.00e-03,3.20e+01,
27807,-8.00e-03,3.20e+01,
27808,-8.00e-03,3.20e+01,
27809,-1.60e-02,3.20e+01,
27810,-8.00e-03,3.20e+01,
27811,-8.00e-03,3.20e+01,
27812,-8.00e-03,3.20e+01,
27813,-8.00e-03,3.20e+01,
27814,-8.00e-03,3.20e+01,
27815,-8.00e-03,3.20e+01,
27816,-8.00e-03,3.20e+01,
27817,-1.60e-02,3.20e+01,
27818,-8.00e-03,3.20e+01,
27819,-8.00e-03,3.20e+01,
27820,-8.00e-03,3.20e+01,
27821,-8.00e-03,3.20e+01,
27822,-8.00e-03,3.20e+01,
27823,-8.00e-03,3.20e+01,
27824,-8.00e-03,3.20e+01,
27825,-1.60e-02,3.20e+01,
27826,-8.00e-03,3.20e+01,
27827,-8.00e-03,3.20e+01,
27828,-8.00e-03,3.20e+01,
27829,-8.00e-03,3.20e+01,
27830,-8.00e-03,3.20e+01,
27831,-8.00e-03,3.20e+01,
27832,-8.00e-03,3.20e+01,
27833,-8.00e-03,3.20e+01,
27834,-8.00e-03,3.20e+01,
27835,-8.00e-03,3.20e+01,
27836,-8.00e-03,3.20e+01,
27837,-8.00e-03,3.20e+01,
27838,-8.00e-03,3.20e+01,
27839,-8.00e-03,3.20e+01,
27840,-8.00e-03,3.20e+01,
27841,-8.00e-03,3.20e+01,
27842,-8.00e-03,3.20e+01,
27843,-8.00e-03,3.20e+01,
27844,-8.00e-03,3.20e+01,
27845,-8.00e-03,3.20e+01,
27846,-8.00e-03,3.20e+01,
27847,-8.00e-03,3.20e+01,
27848,-8.00e-03,3.20e+01,
27849,-8.00e-03,3.20e+01,
27850,-8.00e-03,3.20e+01,
27851,-8.00e-03,3.20e+01,
27852,-8.00e-03,3.20e+01,
27853,-8.00e-03,3.20e+01,
27854,-8.00e-03,3.20e+01,
27855,-8.00e-03,3.20e+01,
27856,-8.00e-03,3.20e+01,
27857,-8.00e-03,3.20e+01,
27858,-8.00e-03,3.20e+01,
27859,-8.00e-03,3.20e+01,
27860,-8.00e-03,3.20e+01,
27861,-8.00e-03,3.20e+01,
27862,-8.00e-03,3.20e+01,
27863,-8.00e-03,3.20e+01,
27864,-8.00e-03,3.20e+01,
27865,-8.00e-03,3.20e+01,
27866,-8.00e-03,3.20e+01,
27867,-8.00e-03,3.20e+01,
27868,-8.00e-03,3.20e+01,
27869,-8.00e-03,3.20e+01,
27870,-8.00e-03,3.20e+01,
27871,-8.00e-03,3.20e+01,
27872,-8.00e-03,3.20e+01,
27873,-8.00e-03,3.20e+01,
27874,-8.00e-03,3.20e+01,
27875,-8.00e-03,3.20e+01,
27876,-8.00e-03,3.20e+01,
27877,-8.00e-03,3.20e+01,
27878,-8.00e-03,3.20e+01,
27879,-8.00e-03,3.20e+01,
27880,-8.00e-03,3.20e+01,
27881,-8.00e-03,3.20e+01,
27882,-8.00e-03,3.20e+01,
27883,-8.00e-03,3.20e+01,
27884,-8.00e-03,3.20e+01,
27885,-8.00e-03,3.20e+01,
27886,-8.00e-03,3.20e+01,
27887,-8.00e-03,3.20e+01,
27888,-8.00e-03,3.20e+01,
27889,-8.00e-03,3.20e+01,
27890,-8.00e-03,3.20e+01,
27891,-8.00e-03,3.20e+01,
27892,-8.00e-03,3.20e+01,
27893,-8.00e-03,3.20e+01,
27894,-8.00e-03,3.20e+01,
27895,-8.00e-03,3.20e+01,
27896,-8.00e-03,3.20e+01,
27897,-8.00e-03,3.20e+01,
27898,-8.00e-03,3.20e+01,
27899,-8.00e-03,3.20e+01,
27900,-8.00e-03,3.20e+01,
27901,-8.00e-03,3.20e+01,
27902,-8.00e-03,3.20e+01,
27903,-8.00e-03,3.20e+01,
27904,-8.00e-03,3.20e+01,
27905,-8.00e-03,3.20e+01,
27906,-8.00e-03,3.20e+01,
27907,-8.00e-03,3.20e+01,
27908,-8.00e-03,3.20e+01,
27909,-8.00e-03,3.20e+01,
27910,-8.00e-03,3.20e+01,
27911,-8.00e-03,3.20e+01,
27912,-8.00e-03,3.20e+01,
27913,-8.00e-03,3.20e+01,
27914,-8.00e-03,3.20e+01,
27915,-8.00e-03,3.20e+01,
27916,-8.00e-03,3.20e+01,
27917,-8.00e-03,3.20e+01,
27918,-8.00e-03,3.20e+01,
27919,-8.00e-03,3.20e+01,
27920,-8.00e-03,3.20e+01,
27921,-8.00e-03,3.20e+01,
27922,-8.00e-03,3.20e+01,
27923,-8.00e-03,3.20e+01,
27924,-8.00e-03,3.20e+01,
27925,-8.00e-03,3.20e+01,
27926,-8.00e-03,3.20e+01,
27927,-8.00e-03,3.20e+01,
27928,-8.00e-03,3.20e+01,
27929,-8.00e-03,3.20e+01,
27930,-8.00e-03,3.20e+01,
27931,-8.00e-03,3.20e+01,
27932,-8.00e-03,3.20e+01,
27933,-8.00e-03,3.20e+01,
27934,-8.00e-03,3.20e+01,
27935,-8.00e-03,3.20e+01,
27936,-8.00e-03,3.20e+01,
27937,-8.00e-03,3.20e+01,
27938,-8.00e-03,3.20e+01,
27939,-8.00e-03,3.20e+01,
27940,-8.00e-03,3.20e+01,
27941,-8.00e-03,3.20e+01,
27942,-8.00e-03,3.20e+01,
27943,-8.00e-03,3.20e+01,
27944,-8.00e-03,3.20e+01,
27945,-8.00e-03,3.20e+01,
27946,-8.00e-03,3.20e+01,
27947,-8.00e-03,3.20e+01,
27948,-8.00e-03,3.20e+01,
27949,-8.00e-03,3.20e+01,
27950,-8.00e-03,3.20e+01,
27951,-8.00e-03,3.20e+01,
27952,-8.00e-03,3.20e+01,
27953,-8.00e-03,3.20e+01,
27954,-8.00e-03,3.20e+01,
27955,-8.00e-03,3.20e+01,
27956,-8.00e-03,3.20e+01,
27957,-1.60e-02,3.20e+01,
27958,-8.00e-03,3.20e+01,
27959,-8.00e-03,3.20e+01,
27960,-8.00e-03,3.20e+01,
27961,-1.60e-02,3.20e+01,
27962,-8.00e-03,3.20e+01,
27963,-8.00e-03,3.20e+01,
27964,-8.00e-03,3.20e+01,
27965,-8.00e-03,3.20e+01,
27966,-8.00e-03,3.20e+01,
27967,-8.00e-03,3.20e+01,
27968,-8.00e-03,3.20e+01,
27969,-8.00e-03,3.20e+01,
27970,-8.00e-03,3.28e+01,
27971,-8.00e-03,3.20e+01,
27972,-8.00e-03,3.20e+01,
27973,-8.00e-03,3.20e+01,
27974,-8.00e-03,3.20e+01,
27975,-8.00e-03,3.20e+01,
27976,-8.00e-03,3.20e+01,
27977,-8.00e-03,3.20e+01,
27978,-8.00e-03,3.20e+01,
27979,-8.00e-03,3.20e+01,
27980,-8.00e-03,3.20e+01,
27981,-8.00e-03,3.20e+01,
27982,-8.00e-03,3.20e+01,
27983,-8.00e-03,3.20e+01,
27984,-8.00e-03,3.20e+01,
27985,-8.00e-03,3.20e+01,
27986,-8.00e-03,3.20e+01,
27987,-8.00e-03,3.20e+01,
27988,-8.00e-03,3.20e+01,
27989,-8.00e-03,3.20e+01,
27990,-8.00e-03,3.20e+01,
27991,-8.00e-03,3.20e+01,
27992,-8.00e-03,3.20e+01,
27993,-1.60e-02,3.20e+01,
27994,-8.00e-03,3.20e+01,
27995,-8.00e-03,3.20e+01,
27996,-8.00e-03,3.20e+01,
27997,-8.00e-03,3.20e+01,
27998,-8.00e-03,3.20e+01,
27999,-8.00e-03,3.20e+01,
28000,-8.00e-03,3.20e+01,
28001,-8.00e-03,3.20e+01,
28002,-8.00e-03,3.20e+01,
28003,-8.00e-03,3.20e+01,
28004,-8.00e-03,3.20e+01,
28005,-8.00e-03,3.20e+01,
28006,-8.00e-03,3.20e+01,
28007,-8.00e-03,3.20e+01,
28008,-8.00e-03,3.20e+01,
28009,-1.60e-02,3.20e+01,
28010,-8.00e-03,3.20e+01,
28011,-8.00e-03,3.20e+01,
28012,-8.00e-03,3.20e+01,
28013,-8.00e-03,3.20e+01,
28014,-8.00e-03,3.20e+01,
28015,-8.00e-03,3.20e+01,
28016,-8.00e-03,3.20e+01,
28017,-8.00e-03,3.20e+01,
28018,-8.00e-03,3.20e+01,
28019,-8.00e-03,3.20e+01,
28020,-8.00e-03,3.20e+01,
28021,-1.60e-02,3.20e+01,
28022,-8.00e-03,3.20e+01,
28023,-8.00e-03,3.20e+01,
28024,-8.00e-03,3.20e+01,
28025,-8.00e-03,3.20e+01,
28026,-8.00e-03,3.20e+01,
28027,-8.00e-03,3.20e+01,
28028,-8.00e-03,3.20e+01,
28029,-8.00e-03,3.20e+01,
28030,-8.00e-03,3.20e+01,
28031,-8.00e-03,3.20e+01,
28032,-8.00e-03,3.20e+01,
28033,-1.60e-02,3.20e+01,
28034,-8.00e-03,3.20e+01,
28035,-8.00e-03,3.20e+01,
28036,-8.00e-03,3.20e+01,
28037,-8.00e-03,3.20e+01,
28038,-8.00e-03,3.20e+01,
28039,-8.00e-03,3.20e+01,
28040,-8.00e-03,3.20e+01,
28041,-8.00e-03,3.20e+01,
28042,-8.00e-03,3.20e+01,
28043,-8.00e-03,3.20e+01,
28044,-8.00e-03,3.20e+01,
28045,-8.00e-03,3.20e+01,
28046,-8.00e-03,3.20e+01,
28047,-8.00e-03,3.20e+01,
28048,-8.00e-03,3.20e+01,
28049,-8.00e-03,3.20e+01,
28050,-8.00e-03,3.20e+01,
28051,-8.00e-03,3.20e+01,
28052,-8.00e-03,3.20e+01,
28053,-8.00e-03,3.20e+01,
28054,-8.00e-03,3.20e+01,
28055,-8.00e-03,3.20e+01,
28056,-8.00e-03,3.20e+01,
28057,-8.00e-03,3.20e+01,
28058,-8.00e-03,3.20e+01,
28059,-8.00e-03,3.20e+01,
28060,-8.00e-03,3.20e+01,
28061,-8.00e-03,3.20e+01,
28062,-8.00e-03,3.20e+01,
28063,-8.00e-03,3.20e+01,
28064,-8.00e-03,3.20e+01,
28065,-8.00e-03,3.20e+01,
28066,-8.00e-03,3.20e+01,
28067,-8.00e-03,3.20e+01,
28068,-8.00e-03,3.20e+01,
28069,-8.00e-03,3.20e+01,
28070,-8.00e-03,3.20e+01,
28071,-8.00e-03,3.20e+01,
28072,-8.00e-03,3.20e+01,
28073,-8.00e-03,3.20e+01,
28074,-8.00e-03,3.20e+01,
28075,-8.00e-03,3.20e+01,
28076,-8.00e-03,3.20e+01,
28077,-8.00e-03,3.20e+01,
28078,-8.00e-03,3.20e+01,
28079,-8.00e-03,3.20e+01,
28080,-8.00e-03,3.20e+01,
28081,-8.00e-03,3.20e+01,
28082,-8.00e-03,3.20e+01,
28083,-8.00e-03,3.20e+01,
28084,-8.00e-03,3.20e+01,
28085,-8.00e-03,3.20e+01,
28086,-8.00e-03,3.20e+01,
28087,-8.00e-03,3.20e+01,
28088,-8.00e-03,3.20e+01,
28089,-8.00e-03,3.20e+01,
28090,-8.00e-03,3.20e+01,
28091,-8.00e-03,3.20e+01,
28092,-8.00e-03,3.20e+01,
28093,-8.00e-03,3.20e+01,
28094,-8.00e-03,3.20e+01,
28095,-8.00e-03,3.20e+01,
28096,-8.00e-03,3.20e+01,
28097,-8.00e-03,3.20e+01,
28098,-8.00e-03,3.20e+01,
28099,-8.00e-03,3.20e+01,
28100,-8.00e-03,3.20e+01,
28101,-1.60e-02,3.20e+01,
28102,-8.00e-03,3.20e+01,
28103,-8.00e-03,3.20e+01,
28104,-8.00e-03,3.20e+01,
28105,-8.00e-03,3.20e+01,
28106,-8.00e-03,3.20e+01,
28107,-8.00e-03,3.20e+01,
28108,-8.00e-03,3.20e+01,
28109,-1.60e-02,3.20e+01,
28110,-8.00e-03,3.20e+01,
28111,-8.00e-03,3.20e+01,
28112,-8.00e-03,3.20e+01,
28113,-8.00e-03,3.20e+01,
28114,-8.00e-03,3.20e+01,
28115,-8.00e-03,3.20e+01,
28116,-8.00e-03,3.20e+01,
28117,-8.00e-03,3.20e+01,
28118,-8.00e-03,3.20e+01,
28119,-8.00e-03,3.20e+01,
28120,-8.00e-03,3.20e+01,
28121,-8.00e-03,3.20e+01,
28122,-8.00e-03,3.20e+01,
28123,-8.00e-03,3.20e+01,
28124,-8.00e-03,3.20e+01,
28125,-8.00e-03,3.20e+01,
28126,-8.00e-03,3.20e+01,
28127,-8.00e-03,3.20e+01,
28128,-8.00e-03,3.20e+01,
28129,-8.00e-03,3.20e+01,
28130,-8.00e-03,3.20e+01,
28131,-8.00e-03,3.20e+01,
28132,-8.00e-03,3.20e+01,
28133,-1.60e-02,3.20e+01,
28134,-8.00e-03,3.20e+01,
28135,-8.00e-03,3.20e+01,
28136,-8.00e-03,3.20e+01,
28137,-8.00e-03,3.20e+01,
28138,-8.00e-03,3.20e+01,
28139,-8.00e-03,3.20e+01,
28140,-8.00e-03,3.20e+01,
28141,-8.00e-03,3.20e+01,
28142,-8.00e-03,3.20e+01,
28143,-8.00e-03,3.20e+01,
28144,-8.00e-03,3.20e+01,
28145,-8.00e-03,3.20e+01,
28146,-8.00e-03,3.20e+01,
28147,-8.00e-03,3.20e+01,
28148,-8.00e-03,3.20e+01,
28149,-8.00e-03,3.20e+01,
28150,-8.00e-03,3.20e+01,
28151,-8.00e-03,3.20e+01,
28152,-8.00e-03,3.20e+01,
28153,-8.00e-03,3.20e+01,
28154,-8.00e-03,3.20e+01,
28155,-8.00e-03,3.20e+01,
28156,-8.00e-03,3.20e+01,
28157,-8.00e-03,3.20e+01,
28158,-8.00e-03,3.20e+01,
28159,-8.00e-03,3.20e+01,
28160,-8.00e-03,3.20e+01,
28161,-8.00e-03,3.20e+01,
28162,-8.00e-03,3.20e+01,
28163,-8.00e-03,3.20e+01,
28164,-8.00e-03,3.20e+01,
28165,-8.00e-03,3.20e+01,
28166,-8.00e-03,3.20e+01,
28167,-8.00e-03,3.20e+01,
28168,-8.00e-03,3.20e+01,
28169,-8.00e-03,3.20e+01,
28170,-8.00e-03,3.20e+01,
28171,-8.00e-03,3.20e+01,
28172,-8.00e-03,3.20e+01,
28173,-1.60e-02,3.20e+01,
28174,-8.00e-03,3.20e+01,
28175,-8.00e-03,3.20e+01,
28176,-8.00e-03,3.20e+01,
28177,-8.00e-03,3.20e+01,
28178,-8.00e-03,3.20e+01,
28179,-8.00e-03,3.20e+01,
28180,-8.00e-03,3.20e+01,
28181,-8.00e-03,3.20e+01,
28182,-8.00e-03,3.20e+01,
28183,-8.00e-03,3.20e+01,
28184,-8.00e-03,3.20e+01,
28185,-8.00e-03,3.20e+01,
28186,-8.00e-03,3.20e+01,
28187,-8.00e-03,3.20e+01,
28188,-8.00e-03,3.20e+01,
28189,-8.00e-03,3.20e+01,
28190,-8.00e-03,3.20e+01,
28191,-8.00e-03,3.20e+01,
28192,-8.00e-03,3.20e+01,
28193,-8.00e-03,3.20e+01,
28194,-8.00e-03,3.20e+01,
28195,-8.00e-03,3.20e+01,
28196,-8.00e-03,3.20e+01,
28197,-8.00e-03,3.20e+01,
28198,-8.00e-03,3.20e+01,
28199,-8.00e-03,3.20e+01,
28200,-8.00e-03,3.20e+01,
28201,-8.00e-03,3.20e+01,
28202,-8.00e-03,3.20e+01,
28203,-8.00e-03,3.20e+01,
28204,-8.00e-03,3.20e+01,
28205,-8.00e-03,3.20e+01,
28206,-8.00e-03,3.20e+01,
28207,-8.00e-03,3.20e+01,
28208,-8.00e-03,3.20e+01,
28209,-8.00e-03,3.20e+01,
28210,-8.00e-03,3.20e+01,
28211,-8.00e-03,3.20e+01,
28212,-8.00e-03,3.20e+01,
28213,-8.00e-03,3.20e+01,
28214,-8.00e-03,3.20e+01,
28215,-8.00e-03,3.20e+01,
28216,-8.00e-03,3.20e+01,
28217,-8.00e-03,3.20e+01,
28218,-8.00e-03,3.20e+01,
28219,-8.00e-03,3.20e+01,
28220,-8.00e-03,3.20e+01,
28221,-8.00e-03,3.20e+01,
28222,-8.00e-03,3.20e+01,
28223,-8.00e-03,3.20e+01,
28224,-8.00e-03,3.20e+01,
28225,-8.00e-03,3.20e+01,
28226,-8.00e-03,3.20e+01,
28227,-8.00e-03,3.20e+01,
28228,-8.00e-03,3.20e+01,
28229,-8.00e-03,3.20e+01,
28230,-8.00e-03,3.20e+01,
28231,-8.00e-03,3.20e+01,
28232,-8.00e-03,3.20e+01,
28233,-8.00e-03,3.20e+01,
28234,-8.00e-03,3.20e+01,
28235,-8.00e-03,3.20e+01,
28236,-8.00e-03,3.20e+01,
28237,-8.00e-03,3.20e+01,
28238,-8.00e-03,3.20e+01,
28239,-8.00e-03,3.20e+01,
28240,-8.00e-03,3.20e+01,
28241,-8.00e-03,3.20e+01,
28242,-8.00e-03,3.20e+01,
28243,-8.00e-03,3.20e+01,
28244,-8.00e-03,3.20e+01,
28245,-8.00e-03,3.20e+01,
28246,-8.00e-03,3.20e+01,
28247,-8.00e-03,3.20e+01,
28248,-8.00e-03,3.20e+01,
28249,-8.00e-03,3.20e+01,
28250,-8.00e-03,3.20e+01,
28251,-8.00e-03,3.20e+01,
28252,-8.00e-03,3.20e+01,
28253,-8.00e-03,3.20e+01,
28254,-8.00e-03,3.20e+01,
28255,-8.00e-03,3.20e+01,
28256,-8.00e-03,3.20e+01,
28257,-8.00e-03,3.20e+01,
28258,-8.00e-03,3.20e+01,
28259,-8.00e-03,3.20e+01,
28260,-8.00e-03,3.20e+01,
28261,-8.00e-03,3.20e+01,
28262,-8.00e-03,3.20e+01,
28263,-8.00e-03,3.20e+01,
28264,-8.00e-03,3.20e+01,
28265,-8.00e-03,3.20e+01,
28266,-8.00e-03,3.20e+01,
28267,-8.00e-03,3.20e+01,
28268,-8.00e-03,3.20e+01,
28269,-8.00e-03,3.20e+01,
28270,-8.00e-03,3.20e+01,
28271,-8.00e-03,3.20e+01,
28272,-8.00e-03,3.20e+01,
28273,-8.00e-03,3.20e+01,
28274,-8.00e-03,3.20e+01,
28275,-8.00e-03,3.20e+01,
28276,-8.00e-03,3.20e+01,
28277,-8.00e-03,3.20e+01,
28278,-8.00e-03,3.20e+01,
28279,-8.00e-03,3.20e+01,
28280,-8.00e-03,3.20e+01,
28281,-8.00e-03,3.20e+01,
28282,-8.00e-03,3.20e+01,
28283,-8.00e-03,3.20e+01,
28284,-8.00e-03,3.20e+01,
28285,-8.00e-03,3.20e+01,
28286,-8.00e-03,3.20e+01,
28287,-8.00e-03,3.20e+01,
28288,-8.00e-03,3.20e+01,
28289,-8.00e-03,3.20e+01,
28290,-8.00e-03,3.20e+01,
28291,-8.00e-03,3.20e+01,
28292,-8.00e-03,3.20e+01,
28293,-8.00e-03,3.20e+01,
28294,-8.00e-03,3.20e+01,
28295,-8.00e-03,3.20e+01,
28296,-8.00e-03,3.20e+01,
28297,-8.00e-03,3.20e+01,
28298,-8.00e-03,3.20e+01,
28299,-8.00e-03,3.20e+01,
28300,-8.00e-03,3.20e+01,
28301,-8.00e-03,3.20e+01,
28302,-8.00e-03,3.20e+01,
28303,-8.00e-03,3.20e+01,
28304,-8.00e-03,3.20e+01,
28305,-1.60e-02,3.20e+01,
28306,-8.00e-03,3.20e+01,
28307,-8.00e-03,3.20e+01,
28308,-8.00e-03,3.20e+01,
28309,-8.00e-03,3.20e+01,
28310,-8.00e-03,3.20e+01,
28311,-8.00e-03,3.20e+01,
28312,-8.00e-03,3.20e+01,
28313,-8.00e-03,3.20e+01,
28314,-8.00e-03,3.20e+01,
28315,-8.00e-03,3.20e+01,
28316,-8.00e-03,3.20e+01,
28317,-8.00e-03,3.20e+01,
28318,-8.00e-03,3.20e+01,
28319,-8.00e-03,3.20e+01,
28320,-8.00e-03,3.20e+01,
28321,-8.00e-03,3.20e+01,
28322,-8.00e-03,3.20e+01,
28323,-8.00e-03,3.20e+01,
28324,-8.00e-03,3.20e+01,
28325,-8.00e-03,3.20e+01,
28326,-8.00e-03,3.20e+01,
28327,-8.00e-03,3.20e+01,
28328,-8.00e-03,3.20e+01,
28329,-8.00e-03,3.20e+01,
28330,-8.00e-03,3.20e+01,
28331,-8.00e-03,3.20e+01,
28332,-8.00e-03,3.20e+01,
28333,-8.00e-03,3.20e+01,
28334,-8.00e-03,3.20e+01,
28335,-8.00e-03,3.20e+01,
28336,-8.00e-03,3.20e+01,
28337,-8.00e-03,3.20e+01,
28338,-8.00e-03,3.20e+01,
28339,-8.00e-03,3.20e+01,
28340,-8.00e-03,3.20e+01,
28341,-8.00e-03,3.20e+01,
28342,-8.00e-03,3.20e+01,
28343,-8.00e-03,3.20e+01,
28344,-8.00e-03,3.20e+01,
28345,-8.00e-03,3.20e+01,
28346,-8.00e-03,3.20e+01,
28347,-8.00e-03,3.20e+01,
28348,-8.00e-03,3.20e+01,
28349,-8.00e-03,3.20e+01,
28350,-8.00e-03,3.20e+01,
28351,-8.00e-03,3.20e+01,
28352,-8.00e-03,3.20e+01,
28353,-8.00e-03,3.20e+01,
28354,-8.00e-03,3.20e+01,
28355,-8.00e-03,3.20e+01,
28356,-8.00e-03,3.20e+01,
28357,-8.00e-03,3.20e+01,
28358,-8.00e-03,3.20e+01,
28359,-8.00e-03,3.20e+01,
28360,-8.00e-03,3.20e+01,
28361,-8.00e-03,3.20e+01,
28362,-8.00e-03,3.20e+01,
28363,-8.00e-03,3.20e+01,
28364,-8.00e-03,3.20e+01,
28365,-8.00e-03,3.20e+01,
28366,-8.00e-03,3.20e+01,
28367,-8.00e-03,3.20e+01,
28368,-8.00e-03,3.20e+01,
28369,-8.00e-03,3.12e+01,
28370,-8.00e-03,3.20e+01,
28371,-8.00e-03,3.20e+01,
28372,-8.00e-03,3.20e+01,
28373,-1.60e-02,3.20e+01,
28374,-8.00e-03,3.20e+01,
28375,-8.00e-03,3.20e+01,
28376,-8.00e-03,3.20e+01,
28377,-8.00e-03,3.20e+01,
28378,-8.00e-03,3.20e+01,
28379,-8.00e-03,3.20e+01,
28380,-8.00e-03,3.20e+01,
28381,-8.00e-03,3.20e+01,
28382,-8.00e-03,3.20e+01,
28383,-8.00e-03,3.20e+01,
28384,-8.00e-03,3.20e+01,
28385,-8.00e-03,3.20e+01,
28386,-8.00e-03,3.20e+01,
28387,-8.00e-03,3.20e+01,
28388,-8.00e-03,3.20e+01,
28389,-8.00e-03,3.20e+01,
28390,-8.00e-03,3.20e+01,
28391,-8.00e-03,3.20e+01,
28392,-8.00e-03,3.20e+01,
28393,-8.00e-03,3.20e+01,
28394,-8.00e-03,3.20e+01,
28395,-8.00e-03,3.20e+01,
28396,-8.00e-03,3.20e+01,
28397,-8.00e-03,3.20e+01,
28398,-8.00e-03,3.20e+01,
28399,-8.00e-03,3.20e+01,
28400,-8.00e-03,3.20e+01,
28401,-8.00e-03,3.20e+01,
28402,-8.00e-03,3.20e+01,
28403,-8.00e-03,3.20e+01,
28404,-8.00e-03,3.20e+01,
28405,-8.00e-03,3.20e+01,
28406,-8.00e-03,3.20e+01,
28407,-8.00e-03,3.20e+01,
28408,-8.00e-03,3.20e+01,
28409,-8.00e-03,3.20e+01,
28410,-8.00e-03,3.20e+01,
28411,-8.00e-03,3.20e+01,
28412,-8.00e-03,3.20e+01,
28413,-8.00e-03,3.20e+01,
28414,-8.00e-03,3.20e+01,
28415,-8.00e-03,3.20e+01,
28416,-8.00e-03,3.20e+01,
28417,-8.00e-03,3.20e+01,
28418,-8.00e-03,3.20e+01,
28419,-8.00e-03,3.20e+01,
28420,-8.00e-03,3.20e+01,
28421,-8.00e-03,3.20e+01,
28422,-8.00e-03,3.20e+01,
28423,-8.00e-03,3.20e+01,
28424,-8.00e-03,3.20e+01,
28425,-8.00e-03,3.20e+01,
28426,-8.00e-03,3.20e+01,
28427,-8.00e-03,3.20e+01,
28428,-8.00e-03,3.20e+01,
28429,-8.00e-03,3.20e+01,
28430,-8.00e-03,3.20e+01,
28431,-8.00e-03,3.20e+01,
28432,-8.00e-03,3.20e+01,
28433,-8.00e-03,3.20e+01,
28434,-8.00e-03,3.20e+01,
28435,-8.00e-03,3.20e+01,
28436,-8.00e-03,3.20e+01,
28437,-8.00e-03,3.20e+01,
28438,-8.00e-03,3.20e+01,
28439,-8.00e-03,3.20e+01,
28440,-8.00e-03,3.20e+01,
28441,-8.00e-03,3.20e+01,
28442,-8.00e-03,3.20e+01,
28443,-8.00e-03,3.20e+01,
28444,-8.00e-03,3.20e+01,
28445,-8.00e-03,3.20e+01,
28446,-8.00e-03,3.20e+01,
28447,-8.00e-03,3.20e+01,
28448,-8.00e-03,3.20e+01,
28449,-1.60e-02,3.20e+01,
28450,-8.00e-03,3.20e+01,
28451,-8.00e-03,3.20e+01,
28452,-8.00e-03,3.20e+01,
28453,-8.00e-03,3.20e+01,
28454,-8.00e-03,3.20e+01,
28455,-8.00e-03,3.20e+01,
28456,-8.00e-03,3.20e+01,
28457,-1.60e-02,3.20e+01,
28458,-8.00e-03,3.20e+01,
28459,-8.00e-03,3.20e+01,
28460,-8.00e-03,3.20e+01,
28461,-8.00e-03,3.20e+01,
28462,-8.00e-03,3.20e+01,
28463,-8.00e-03,3.20e+01,
28464,-8.00e-03,3.20e+01,
28465,-8.00e-03,3.20e+01,
28466,-8.00e-03,3.20e+01,
28467,-8.00e-03,3.20e+01,
28468,-8.00e-03,3.20e+01,
28469,-8.00e-03,3.20e+01,
28470,-8.00e-03,3.20e+01,
28471,-8.00e-03,3.20e+01,
28472,-8.00e-03,3.20e+01,
28473,-8.00e-03,3.20e+01,
28474,-8.00e-03,3.20e+01,
28475,-8.00e-03,3.20e+01,
28476,-8.00e-03,3.20e+01,
28477,-8.00e-03,3.20e+01,
28478,-8.00e-03,3.20e+01,
28479,-8.00e-03,3.20e+01,
28480,-8.00e-03,3.20e+01,
28481,-8.00e-03,3.20e+01,
28482,-8.00e-03,3.20e+01,
28483,-8.00e-03,3.20e+01,
28484,-8.00e-03,3.20e+01,
28485,-1.60e-02,3.20e+01,
28486,-8.00e-03,3.20e+01,
28487,-8.00e-03,3.20e+01,
28488,-8.00e-03,3.20e+01,
28489,-8.00e-03,3.20e+01,
28490,-8.00e-03,3.20e+01,
28491,-8.00e-03,3.20e+01,
28492,-8.00e-03,3.20e+01,
28493,-8.00e-03,3.20e+01,
28494,-8.00e-03,3.20e+01,
28495,-8.00e-03,3.20e+01,
28496,-8.00e-03,3.20e+01,
28497,-8.00e-03,3.20e+01,
28498,-8.00e-03,3.20e+01,
28499,-8.00e-03,3.20e+01,
28500,-8.00e-03,3.20e+01,
28501,-8.00e-03,3.20e+01,
28502,-8.00e-03,3.20e+01,
28503,-8.00e-03,3.20e+01,
28504,-8.00e-03,3.20e+01,
28505,-8.00e-03,3.20e+01,
28506,-8.00e-03,3.20e+01,
28507,-8.00e-03,3.20e+01,
28508,-8.00e-03,3.20e+01,
28509,-8.00e-03,3.20e+01,
28510,-8.00e-03,3.20e+01,
28511,-8.00e-03,3.20e+01,
28512,-8.00e-03,3.20e+01,
28513,-8.00e-03,3.20e+01,
28514,-8.00e-03,3.20e+01,
28515,-8.00e-03,3.20e+01,
28516,-8.00e-03,3.20e+01,
28517,-8.00e-03,3.20e+01,
28518,-8.00e-03,3.20e+01,
28519,-8.00e-03,3.20e+01,
28520,-8.00e-03,3.20e+01,
28521,-8.00e-03,3.20e+01,
28522,-8.00e-03,3.20e+01,
28523,-8.00e-03,3.20e+01,
28524,-8.00e-03,3.20e+01,
28525,-8.00e-03,3.20e+01,
28526,-8.00e-03,3.20e+01,
28527,-8.00e-03,3.20e+01,
28528,-8.00e-03,3.20e+01,
28529,-8.00e-03,3.20e+01,
28530,-8.00e-03,3.20e+01,
28531,-8.00e-03,3.20e+01,
28532,-8.00e-03,3.20e+01,
28533,-8.00e-03,3.20e+01,
28534,-8.00e-03,3.20e+01,
28535,-8.00e-03,3.20e+01,
28536,-8.00e-03,3.20e+01,
28537,-8.00e-03,3.20e+01,
28538,-8.00e-03,3.20e+01,
28539,-8.00e-03,3.20e+01,
28540,-8.00e-03,3.20e+01,
28541,-8.00e-03,3.20e+01,
28542,-8.00e-03,3.20e+01,
28543,-8.00e-03,3.20e+01,
28544,-8.00e-03,3.20e+01,
28545,-8.00e-03,3.20e+01,
28546,-8.00e-03,3.20e+01,
28547,-8.00e-03,3.20e+01,
28548,-8.00e-03,3.20e+01,
28549,-8.00e-03,3.20e+01,
28550,-8.00e-03,3.20e+01,
28551,-8.00e-03,3.20e+01,
28552,-8.00e-03,3.20e+01,
28553,-1.60e-02,3.20e+01,
28554,-8.00e-03,3.20e+01,
28555,-8.00e-03,3.20e+01,
28556,-8.00e-03,3.20e+01,
28557,-8.00e-03,3.20e+01,
28558,-8.00e-03,3.20e+01,
28559,-8.00e-03,3.20e+01,
28560,-8.00e-03,3.20e+01,
28561,-1.60e-02,3.20e+01,
28562,-8.00e-03,3.20e+01,
28563,-8.00e-03,3.20e+01,
28564,-8.00e-03,3.20e+01,
28565,-8.00e-03,3.20e+01,
28566,-8.00e-03,3.20e+01,
28567,-8.00e-03,3.20e+01,
28568,-8.00e-03,3.20e+01,
28569,-8.00e-03,3.12e+01,
28570,-8.00e-03,3.20e+01,
28571,-8.00e-03,3.20e+01,
28572,-8.00e-03,3.20e+01,
28573,-8.00e-03,3.20e+01,
28574,-8.00e-03,3.20e+01,
28575,-8.00e-03,3.20e+01,
28576,-8.00e-03,3.20e+01,
28577,-8.00e-03,3.20e+01,
28578,-8.00e-03,3.20e+01,
28579,-8.00e-03,3.20e+01,
28580,-8.00e-03,3.20e+01,
28581,-8.00e-03,3.20e+01,
28582,-8.00e-03,3.20e+01,
28583,-8.00e-03,3.20e+01,
28584,-8.00e-03,3.20e+01,
28585,-8.00e-03,3.20e+01,
28586,-8.00e-03,3.20e+01,
28587,-8.00e-03,3.20e+01,
28588,-8.00e-03,3.20e+01,
28589,-8.00e-03,3.20e+01,
28590,-8.00e-03,3.20e+01,
28591,-8.00e-03,3.20e+01,
28592,-8.00e-03,3.20e+01,
28593,-8.00e-03,3.20e+01,
28594,-8.00e-03,3.20e+01,
28595,-8.00e-03,3.20e+01,
28596,-8.00e-03,3.20e+01,
28597,-8.00e-03,3.20e+01,
28598,-8.00e-03,3.20e+01,
28599,-8.00e-03,3.20e+01,
28600,-8.00e-03,3.20e+01,
28601,-8.00e-03,3.20e+01,
28602,-8.00e-03,3.20e+01,
28603,-8.00e-03,3.20e+01,
28604,-8.00e-03,3.20e+01,
28605,-8.00e-03,3.20e+01,
28606,-8.00e-03,3.20e+01,
28607,-8.00e-03,3.20e+01,
28608,-8.00e-03,3.20e+01,
28609,-8.00e-03,3.20e+01,
28610,-8.00e-03,3.20e+01,
28611,-8.00e-03,3.20e+01,
28612,-8.00e-03,3.20e+01,
28613,-8.00e-03,3.20e+01,
28614,-8.00e-03,3.20e+01,
28615,-8.00e-03,3.20e+01,
28616,-8.00e-03,3.20e+01,
28617,-8.00e-03,3.20e+01,
28618,-8.00e-03,3.20e+01,
28619,-8.00e-03,3.20e+01,
28620,-8.00e-03,3.20e+01,
28621,-8.00e-03,3.20e+01,
28622,-8.00e-03,3.20e+01,
28623,-8.00e-03,3.20e+01,
28624,-8.00e-03,3.12e+01,
28625,-8.00e-03,3.20e+01,
28626,-8.00e-03,3.20e+01,
28627,-8.00e-03,3.20e+01,
28628,-8.00e-03,3.20e+01,
28629,-8.00e-03,3.20e+01,
28630,-8.00e-03,3.20e+01,
28631,-8.00e-03,3.20e+01,
28632,-8.00e-03,3.20e+01,
28633,-8.00e-03,3.20e+01,
28634,-8.00e-03,3.20e+01,
28635,-8.00e-03,3.20e+01,
28636,-8.00e-03,3.20e+01,
28637,-8.00e-03,3.20e+01,
28638,-8.00e-03,3.20e+01,
28639,-8.00e-03,3.20e+01,
28640,-8.00e-03,3.20e+01,
28641,-8.00e-03,3.20e+01,
28642,-8.00e-03,3.20e+01,
28643,-8.00e-03,3.20e+01,
28644,-8.00e-03,3.20e+01,
28645,-8.00e-03,3.20e+01,
28646,-8.00e-03,3.20e+01,
28647,-8.00e-03,3.20e+01,
28648,-8.00e-03,3.20e+01,
28649,-8.00e-03,3.20e+01,
28650,-8.00e-03,3.20e+01,
28651,-8.00e-03,3.20e+01,
28652,-8.00e-03,3.20e+01,
28653,-8.00e-03,3.20e+01,
28654,-8.00e-03,3.20e+01,
28655,-8.00e-03,3.20e+01,
28656,-8.00e-03,3.20e+01,
28657,-8.00e-03,3.20e+01,
28658,-8.00e-03,3.20e+01,
28659,-8.00e-03,3.20e+01,
28660,-8.00e-03,3.20e+01,
28661,-8.00e-03,3.20e+01,
28662,-8.00e-03,3.20e+01,
28663,-8.00e-03,3.20e+01,
28664,-8.00e-03,3.12e+01,
28665,-8.00e-03,3.20e+01,
28666,-8.00e-03,3.20e+01,
28667,-8.00e-03,3.20e+01,
28668,-8.00e-03,3.20e+01,
28669,-8.00e-03,3.20e+01,
28670,-8.00e-03,3.20e+01,
28671,-8.00e-03,3.20e+01,
28672,-8.00e-03,3.20e+01,
28673,-8.00e-03,3.20e+01,
28674,-8.00e-03,3.20e+01,
28675,-8.00e-03,3.20e+01,
28676,-8.00e-03,3.20e+01,
28677,-8.00e-03,3.20e+01,
28678,-8.00e-03,3.20e+01,
28679,-8.00e-03,3.20e+01,
28680,-8.00e-03,3.20e+01,
28681,-8.00e-03,3.20e+01,
28682,-8.00e-03,3.20e+01,
28683,-8.00e-03,3.20e+01,
28684,-8.00e-03,3.12e+01,
28685,-1.60e-02,3.20e+01,
28686,-8.00e-03,3.20e+01,
28687,-8.00e-03,3.20e+01,
28688,-8.00e-03,3.20e+01,
28689,-8.00e-03,3.20e+01,
28690,-8.00e-03,3.20e+01,
28691,-8.00e-03,3.20e+01,
28692,-8.00e-03,3.20e+01,
28693,-8.00e-03,3.20e+01,
28694,-8.00e-03,3.20e+01,
28695,-8.00e-03,3.20e+01,
28696,-8.00e-03,3.12e+01,
28697,-8.00e-03,3.20e+01,
28698,-8.00e-03,3.20e+01,
28699,-8.00e-03,3.20e+01,
28700,-8.00e-03,3.20e+01,
28701,-8.00e-03,3.20e+01,
28702,-8.00e-03,3.20e+01,
28703,-8.00e-03,3.20e+01,
28704,-8.00e-03,3.20e+01,
28705,-8.00e-03,3.20e+01,
28706,-8.00e-03,3.20e+01,
28707,-8.00e-03,3.20e+01,
28708,-8.00e-03,3.20e+01,
28709,-8.00e-03,3.20e+01,
28710,-8.00e-03,3.20e+01,
28711,-8.00e-03,3.20e+01,
28712,-8.00e-03,3.20e+01,
28713,-8.00e-03,3.20e+01,
28714,-8.00e-03,3.20e+01,
28715,-8.00e-03,3.20e+01,
28716,-8.00e-03,3.20e+01,
28717,-8.00e-03,3.20e+01,
28718,-8.00e-03,3.20e+01,
28719,-8.00e-03,3.20e+01,
28720,-8.00e-03,3.20e+01,
28721,-8.00e-03,3.20e+01,
28722,-8.00e-03,3.20e+01,
28723,-8.00e-03,3.20e+01,
28724,-8.00e-03,3.20e+01,
28725,-8.00e-03,3.20e+01,
28726,-8.00e-03,3.20e+01,
28727,-8.00e-03,3.20e+01,
28728,-8.00e-03,3.12e+01,
28729,-8.00e-03,3.20e+01,
28730,-8.00e-03,3.20e+01,
28731,-8.00e-03,3.20e+01,
28732,-8.00e-03,3.20e+01,
28733,-8.00e-03,3.20e+01,
28734,-8.00e-03,3.20e+01,
28735,-8.00e-03,3.20e+01,
28736,-8.00e-03,3.12e+01,
28737,-8.00e-03,3.12e+01,
28738,-8.00e-03,3.20e+01,
28739,-8.00e-03,3.20e+01,
28740,-8.00e-03,3.20e+01,
28741,-8.00e-03,3.20e+01,
28742,-8.00e-03,3.20e+01,
28743,-8.00e-03,3.20e+01,
28744,-8.00e-03,3.20e+01,
28745,-8.00e-03,3.20e+01,
28746,-8.00e-03,3.20e+01,
28747,-8.00e-03,3.20e+01,
28748,-8.00e-03,3.12e+01,
28749,-8.00e-03,3.20e+01,
28750,-8.00e-03,3.20e+01,
28751,-8.00e-03,3.20e+01,
28752,-8.00e-03,3.20e+01,
28753,-8.00e-03,3.12e+01,
28754,-8.00e-03,3.20e+01,
28755,-8.00e-03,3.20e+01,
28756,-8.00e-03,3.20e+01,
28757,-8.00e-03,3.20e+01,
28758,-8.00e-03,3.20e+01,
28759,-8.00e-03,3.20e+01,
28760,-8.00e-03,3.20e+01,
28761,-8.00e-03,3.12e+01,
28762,-8.00e-03,3.20e+01,
28763,-8.00e-03,3.20e+01,
28764,-8.00e-03,3.20e+01,
28765,-8.00e-03,3.20e+01,
28766,-8.00e-03,3.20e+01,
28767,-8.00e-03,3.20e+01,
28768,-8.00e-03,3.20e+01,
28769,-8.00e-03,3.12e+01,
28770,-8.00e-03,3.20e+01,
28771,-8.00e-03,3.20e+01,
28772,-8.00e-03,3.12e+01,
28773,-8.00e-03,3.20e+01,
28774,-8.00e-03,3.20e+01,
28775,-8.00e-03,3.20e+01,
28776,-8.00e-03,3.20e+01,
28777,-8.00e-03,3.20e+01,
28778,-8.00e-03,3.20e+01,
28779,-8.00e-03,3.20e+01,
28780,-8.00e-03,3.20e+01,
28781,-8.00e-03,3.20e+01,
28782,-8.00e-03,3.20e+01,
28783,-8.00e-03,3.20e+01,
28784,-8.00e-03,3.20e+01,
28785,-8.00e-03,3.20e+01,
28786,-8.00e-03,3.20e+01,
28787,-8.00e-03,3.20e+01,
28788,-8.00e-03,3.12e+01,
28789,-1.60e-02,3.20e+01,
28790,-8.00e-03,3.20e+01,
28791,-8.00e-03,3.20e+01,
28792,-8.00e-03,3.20e+01,
28793,-8.00e-03,3.20e+01,
28794,-8.00e-03,3.20e+01,
28795,-8.00e-03,3.20e+01,
28796,-8.00e-03,3.20e+01,
28797,-8.00e-03,3.20e+01,
28798,-8.00e-03,3.20e+01,
28799,-8.00e-03,3.20e+01,
28800,-8.00e-03,3.12e+01,
28801,-8.00e-03,3.12e+01,
28802,-8.00e-03,3.20e+01,
28803,-8.00e-03,3.20e+01,
28804,-8.00e-03,3.12e+01,
28805,-8.00e-03,3.20e+01,
28806,-8.00e-03,3.20e+01,
28807,-8.00e-03,3.20e+01,
28808,-8.00e-03,3.12e+01,
28809,-8.00e-03,3.20e+01,
28810,-8.00e-03,3.20e+01,
28811,-8.00e-03,3.20e+01,
28812,-8.00e-03,3.20e+01,
28813,-8.00e-03,3.20e+01,
28814,-8.00e-03,3.20e+01,
28815,-8.00e-03,3.20e+01,
28816,-8.00e-03,3.12e+01,
28817,-8.00e-03,3.12e+01,
28818,-8.00e-03,3.20e+01,
28819,-8.00e-03,3.20e+01,
28820,-8.00e-03,3.20e+01,
28821,-8.00e-03,3.20e+01,
28822,-8.00e-03,3.20e+01,
28823,-8.00e-03,3.20e+01,
28824,-8.00e-03,3.12e+01,
28825,-8.00e-03,3.20e+01,
28826,-8.00e-03,3.20e+01,
28827,-8.00e-03,3.20e+01,
28828,-8.00e-03,3.12e+01,
28829,-8.00e-03,3.20e+01,
28830,-8.00e-03,3.20e+01,
28831,-8.00e-03,3.20e+01,
28832,-8.00e-03,3.12e+01,
28833,-8.00e-03,3.12e+01,
28834,-8.00e-03,3.20e+01,
28835,-8.00e-03,3.20e+01,
28836,-8.00e-03,3.20e+01,
28837,-8.00e-03,3.12e+01,
28838,-8.00e-03,3.20e+01,
28839,-8.00e-03,3.20e+01,
28840,-8.00e-03,3.12e+01,
28841,-8.00e-03,3.20e+01,
28842,-8.00e-03,3.20e+01,
28843,-8.00e-03,3.20e+01,
28844,-8.00e-03,3.20e+01,
28845,-8.00e-03,3.12e+01,
28846,-8.00e-03,3.20e+01,
28847,-8.00e-03,3.20e+01,
28848,-8.00e-03,3.12e+01,
28849,-8.00e-03,3.20e+01,
28850,-8.00e-03,3.20e+01,
28851,-8.00e-03,3.20e+01,
28852,-8.00e-03,3.12e+01,
28853,-8.00e-03,3.12e+01,
28854,-8.00e-03,3.20e+01,
28855,-8.00e-03,3.20e+01,
28856,-8.00e-03,3.20e+01,
28857,-8.00e-03,3.20e+01,
28858,-8.00e-03,3.20e+01,
28859,-8.00e-03,3.20e+01,
28860,-8.00e-03,3.12e+01,
28861,-8.00e-03,3.12e+01,
28862,-8.00e-03,3.20e+01,
28863,-8.00e-03,3.20e+01,
28864,-8.00e-03,3.12e+01,
28865,-8.00e-03,3.12e+01,
28866,-8.00e-03,3.20e+01,
28867,-8.00e-03,3.20e+01,
28868,-8.00e-03,3.12e+01,
28869,-8.00e-03,3.20e+01,
28870,-8.00e-03,3.20e+01,
28871,-8.00e-03,3.20e+01,
28872,-8.00e-03,3.12e+01,
28873,-8.00e-03,3.12e+01,
28874,-8.00e-03,3.20e+01,
28875,-8.00e-03,3.12e+01,
28876,-8.00e-03,3.12e+01,
28877,-8.00e-03,3.20e+01,
28878,-8.00e-03,3.20e+01,
28879,-8.00e-03,3.20e+01,
28880,-8.00e-03,3.12e+01,
28881,-8.00e-03,3.12e+01,
28882,-8.00e-03,3.20e+01,
28883,-8.00e-03,3.12e+01,
28884,-8.00e-03,3.12e+01,
28885,-8.00e-03,3.12e+01,
28886,-8.00e-03,3.20e+01,
28887,-8.00e-03,3.20e+01,
28888,-8.00e-03,3.12e+01,
28889,-8.00e-03,3.20e+01,
28890,-8.00e-03,3.20e+01,
28891,-8.00e-03,3.20e+01,
28892,-8.00e-03,3.12e+01,
28893,-8.00e-03,3.12e+01,
28894,-8.00e-03,3.20e+01,
28895,-8.00e-03,3.20e+01,
28896,-8.00e-03,3.12e+01,
28897,-8.00e-03,3.12e+01,
28898,-8.00e-03,3.20e+01,
28899,-8.00e-03,3.20e+01,
28900,-8.00e-03,3.20e+01,
28901,-8.00e-03,3.12e+01,
28902,-8.00e-03,3.20e+01,
28903,-8.00e-03,3.20e+01,
28904,-8.00e-03,3.12e+01,
28905,-8.00e-03,3.12e+01,
28906,-8.00e-03,3.20e+01,
28907,-8.00e-03,3.20e+01,
28908,-8.00e-03,3.12e+01,
28909,-8.00e-03,3.20e+01,
28910,-8.00e-03,3.20e+01,
28911,-8.00e-03,3.12e+01,
28912,-8.00e-03,3.12e+01,
28913,-8.00e-03,3.12e+01,
28914,-8.00e-03,3.20e+01,
28915,-8.00e-03,3.12e+01,
28916,-8.00e-03,3.12e+01,
28917,-8.00e-03,3.12e+01,
28918,-8.00e-03,3.20e+01,
28919,-8.00e-03,3.20e+01,
28920,-8.00e-03,3.12e+01,
28921,-8.00e-03,3.12e+01,
28922,-8.00e-03,3.20e+01,
28923,-8.00e-03,3.12e+01,
28924,-8.00e-03,3.12e+01,
28925,-8.00e-03,3.12e+01,
28926,-8.00e-03,3.20e+01,
28927,-8.00e-03,3.12e+01,
28928,-8.00e-03,3.12e+01,
28929,-8.00e-03,3.20e+01,
28930,-8.00e-03,3.20e+01,
28931,-8.00e-03,3.12e+01,
28932,-8.00e-03,3.12e+01,
28933,-8.00e-03,3.12e+01,
28934,-8.00e-03,3.20e+01,
28935,-8.00e-03,3.12e+01,
28936,-8.00e-03,3.12e+01,
28937,-8.00e-03,3.20e+01,
28938,-8.00e-03,3.20e+01,
28939,-8.00e-03,3.12e+01,
28940,-8.00e-03,3.12e+01,
28941,-8.00e-03,3.12e+01,
28942,-8.00e-03,3.20e+01,
28943,-8.00e-03,3.12e+01,
28944,-8.00e-03,3.12e+01,
28945,-8.00e-03,3.12e+01,
28946,-8.00e-03,3.20e+01,
28947,-8.00e-03,3.20e+01,
28948,-8.00e-03,3.12e+01,
28949,-8.00e-03,3.12e+01,
28950,-8.00e-03,3.20e+01,
28951,-8.00e-03,3.12e+01,
28952,-8.00e-03,3.12e+01,
28953,-8.00e-03,3.12e+01,
28954,-8.00e-03,3.20e+01,
28955,-8.00e-03,3.12e+01,
28956,-8.00e-03,3.12e+01,
28957,-8.00e-03,3.12e+01,
28958,-8.00e-03,3.20e+01,
28959,-8.00e-03,3.12e+01,
28960,-8.00e-03,3.12e+01,
28961,-8.00e-03,3.12e+01,
28962,-8.00e-03,3.20e+01,
28963,-8.00e-03,3.12e+01,
28964,-8.00e-03,3.12e+01,
28965,-8.00e-03,3.12e+01,
28966,-8.00e-03,3.12e+01,
28967,-8.00e-03,3.12e+01,
28968,-8.00e-03,3.20e+01,
28969,-8.00e-03,3.12e+01,
28970,-8.00e-03,3.20e+01,
28971,-8.00e-03,3.12e+01,
28972,-8.00e-03,3.12e+01,
28973,-8.00e-03,3.20e+01,
28974,-8.00e-03,3.12e+01,
28975,-8.00e-03,3.12e+01,
28976,-8.00e-03,3.12e+01,
28977,-8.00e-03,3.12e+01,
28978,-8.00e-03,3.20e+01,
28979,-8.00e-03,3.12e+01,
28980,-8.00e-03,3.12e+01,
28981,-8.00e-03,3.12e+01,
28982,-8.00e-03,3.20e+01,
28983,-8.00e-03,3.12e+01,
28984,-8.00e-03,3.12e+01,
28985,-8.00e-03,3.12e+01,
28986,-8.00e-03,3.12e+01,
28987,-8.00e-03,3.12e+01,
28988,-8.00e-03,3.12e+01,
28989,-1.60e-02,3.12e+01,
28990,-8.00e-03,3.12e+01,
28991,-8.00e-03,3.12e+01,
28992,-8.00e-03,3.12e+01,
28993,-8.00e-03,3.12e+01,
28994,-8.00e-03,3.12e+01,
28995,-8.00e-03,3.12e+01,
28996,-8.00e-03,3.12e+01,
28997,-8.00e-03,3.12e+01,
28998,-8.00e-03,3.12e+01,
28999,-8.00e-03,3.12e+01,
29000,-8.00e-03,3.12e+01,
29001,-1.60e-02,3.12e+01,
29002,-8.00e-03,3.12e+01,
29003,-8.00e-03,3.12e+01,
29004,-8.00e-03,3.12e+01,
29005,-1.60e-02,3.12e+01,
29006,-8.00e-03,3.12e+01,
29007,-8.00e-03,3.12e+01,
29008,-8.00e-03,3.12e+01,
29009,-8.00e-03,3.12e+01,
29010,-8.00e-03,3.12e+01,
29011,-8.00e-03,3.12e+01,
29012,-8.00e-03,3.12e+01,
29013,-8.00e-03,3.12e+01,
29014,-8.00e-03,3.12e+01,
29015,-8.00e-03,3.04e+01,
29016,-8.00e-03,3.04e+01,
29017,-8.00e-03,3.04e+01,
29018,-8.00e-03,3.12e+01,
29019,-8.00e-03,3.04e+01,
29020,-8.00e-03,3.04e+01,
29021,-8.00e-03,3.04e+01,
29022,-8.00e-03,3.04e+01,
29023,-8.00e-03,3.04e+01,
29024,-8.00e-03,3.04e+01,
29025,-1.60e-02,3.04e+01,
29026,-8.00e-03,3.04e+01,
29027,-8.00e-03,3.04e+01,
29028,-8.00e-03,3.04e+01,
29029,-1.60e-02,3.04e+01,
29030,-8.00e-03,3.04e+01,
29031,-8.00e-03,3.04e+01,
29032,-8.00e-03,2.96e+01,
29033,-8.00e-03,2.96e+01,
29034,-8.00e-03,3.04e+01,
29035,-8.00e-03,2.96e+01,
29036,-8.00e-03,2.96e+01,
29037,-8.00e-03,2.96e+01,
29038,-8.00e-03,2.96e+01,
29039,-1.60e-02,2.96e+01,
29040,-8.00e-03,2.96e+01,
29041,-8.00e-03,2.96e+01,
29042,-8.00e-03,2.96e+01,
29043,-8.00e-03,2.96e+01,
29044,-8.00e-03,2.96e+01,
29045,-8.00e-03,2.96e+01,
29046,-8.00e-03,2.96e+01,
29047,-8.00e-03,2.96e+01,
29048,-8.00e-03,2.88e+01,
29049,-8.00e-03,2.88e+01,
29050,-8.00e-03,2.96e+01,
29051,-8.00e-03,2.88e+01,
29052,-8.00e-03,2.88e+01,
29053,-1.60e-02,2.88e+01,
29054,-8.00e-03,2.88e+01,
29055,-8.00e-03,2.88e+01,
29056,-8.00e-03,2.88e+01,
29057,-8.00e-03,2.88e+01,
29058,-8.00e-03,2.88e+01,
29059,-8.00e-03,2.88e+01,
29060,-8.00e-03,2.80e+01,
29061,-1.60e-02,2.80e+01,
29062,-8.00e-03,2.88e+01,
29063,-8.00e-03,2.80e+01,
29064,-8.00e-03,2.80e+01,
29065,-8.00e-03,2.80e+01,
29066,-8.00e-03,2.80e+01,
29067,-8.00e-03,2.80e+01,
29068,-8.00e-03,2.80e+01,
29069,-8.00e-03,2.80e+01,
29070,-8.00e-03,2.80e+01,
29071,-8.00e-03,2.72e+01,
29072,-8.00e-03,2.72e+01,
29073,-1.60e-02,2.72e+01,
29074,-8.00e-03,2.72e+01,
29075,-8.00e-03,2.72e+01,
29076,-8.00e-03,2.72e+01,
29077,-8.00e-03,2.72e+01,
29078,-8.00e-03,2.72e+01,
29079,-8.00e-03,2.72e+01,
29080,-8.00e-03,2.72e+01,
29081,-8.00e-03,2.72e+01,
29082,-8.00e-03,2.72e+01,
29083,-8.00e-03,2.64e+01,
29084,-8.00e-03,2.64e+01,
29085,-8.00e-03,2.64e+01,
29086,-8.00e-03,2.64e+01,
29087,-8.00e-03,2.64e+01,
29088,-8.00e-03,2.64e+01,
29089,-1.60e-02,2.64e+01,
29090,-8.00e-03,2.64e+01,
29091,-8.00e-03,2.64e+01,
29092,-8.00e-03,2.64e+01,
29093,-1.60e-02,2.56e+01,
29094,-8.00e-03,2.64e+01,
29095,-8.00e-03,2.56e+01,
29096,-8.00e-03,2.56e+01,
29097,-1.60e-02,2.56e+01,
29098,-8.00e-03,2.56e+01,
29099,-8.00e-03,2.56e+01,
29100,-8.00e-03,2.56e+01,
29101,-1.60e-02,2.56e+01,
29102,-8.00e-03,2.56e+01,
29103,-8.00e-03,2.56e+01,
29104,-8.00e-03,2.40e+01,
29105,-8.00e-03,2.40e+01,
29106,-8.00e-03,2.56e+01,
29107,-8.00e-03,2.40e+01,
29108,-8.00e-03,2.40e+01,
29109,-8.00e-03,2.40e+01,
29110,-8.00e-03,2.40e+01,
29111,-8.00e-03,2.40e+01,
29112,-8.00e-03,2.40e+01,
29113,-1.60e-02,2.40e+01,
29114,-8.00e-03,2.40e+01,
29115,-8.00e-03,2.32e+01,
29116,-8.00e-03,2.32e+01,
29117,-1.60e-02,2.32e+01,
29118,-8.00e-03,2.32e+01,
29119,-8.00e-03,2.32e+01,
29120,-8.00e-03,2.32e+01,
29121,-1.60e-02,2.32e+01,
29122,-8.00e-03,2.32e+01,
29123,-8.00e-03,2.32e+01,
29124,-8.00e-03,2.24e+01,
29125,-1.60e-02,2.24e+01,
29126,-8.00e-03,2.32e+01,
29127,-8.00e-03,2.24e+01,
29128,-8.00e-03,2.24e+01,
29129,-1.60e-02,2.24e+01,
29130,-8.00e-03,2.24e+01,
29131,-8.00e-03,2.24e+01,
29132,-8.00e-03,2.24e+01,
29133,-1.60e-02,2.24e+01,
29134,-8.00e-03,2.24e+01,
29135,-8.00e-03,2.24e+01,
29136,-1.60e-02,2.16e+01,
29137,-8.00e-03,2.16e+01,
29138,-8.00e-03,2.16e+01,
29139,-8.00e-03,2.16e+01,
29140,-8.00e-03,2.16e+01,
29141,-8.00e-03,2.16e+01,
29142,-8.00e-03,2.16e+01,
29143,-8.00e-03,2.16e+01,
29144,-8.00e-03,2.08e+01,
29145,-1.60e-02,2.08e+01,
29146,-8.00e-03,2.16e+01,
29147,-8.00e-03,2.08e+01,
29148,-8.00e-03,2.08e+01,
29149,-1.60e-02,2.08e+01,
29150,-8.00e-03,2.08e+01,
29151,-8.00e-03,2.08e+01,
29152,-8.00e-03,2.08e+01,
29153,-8.00e-03,2.08e+01,
29154,-8.00e-03,2.08e+01,
29155,-8.00e-03,2.08e+01,
29156,-8.00e-03,2.00e+01,
29157,-8.00e-03,2.08e+01,
29158,-8.00e-03,2.00e+01,
29159,-8.00e-03,2.00e+01,
29160,-8.00e-03,2.00e+01,
29161,-1.60e-02,2.00e+01,
29162,-8.00e-03,2.00e+01,
29163,-8.00e-03,2.00e+01,
29164,-8.00e-03,2.00e+01,
29165,-1.60e-02,2.00e+01,
29166,-8.00e-03,2.00e+01,
29167,-8.00e-03,1.92e+01,
29168,-8.00e-03,2.00e+01,
29169,-8.00e-03,1.92e+01,
29170,-8.00e-03,2.00e+01,
29171,-8.00e-03,1.92e+01,
29172,-8.00e-03,1.92e+01,
29173,-8.00e-03,1.92e+01,
29174,-8.00e-03,1.92e+01,
29175,-8.00e-03,1.92e+01,
29176,-8.00e-03,1.92e+01,
29177,-1.60e-02,1.84e+01,
29178,-8.00e-03,1.92e+01,
29179,-8.00e-03,1.84e+01,
29180,-8.00e-03,1.84e+01,
29181,-8.00e-03,1.84e+01,
29182,-8.00e-03,1.84e+01,
29183,-8.00e-03,1.84e+01,
29184,-8.00e-03,1.84e+01,
29185,-8.00e-03,1.84e+01,
29186,-8.00e-03,1.84e+01,
29187,-8.00e-03,1.84e+01,
29188,-8.00e-03,1.76e+01,
29189,-8.00e-03,1.84e+01,
29190,-8.00e-03,1.84e+01,
29191,-8.00e-03,1.76e+01,
29192,-8.00e-03,1.76e+01,
29193,-1.60e-02,1.76e+01,
29194,-8.00e-03,1.76e+01,
29195,-8.00e-03,1.76e+01,
29196,-8.00e-03,1.76e+01,
29197,-1.60e-02,1.76e+01,
29198,-8.00e-03,1.76e+01,
29199,-8.00e-03,1.76e+01,
29200,-8.00e-03,1.68e+01,
29201,-1.60e-02,1.68e+01,
29202,-8.00e-03,1.76e+01,
29203,-8.00e-03,1.68e+01,
29204,-8.00e-03,1.68e+01,
29205,-1.60e-02,1.68e+01,
29206,-8.00e-03,1.68e+01,
29207,-8.00e-03,1.68e+01,
29208,-8.00e-03,1.68e+01,
29209,-1.60e-02,1.68e+01,
29210,-8.00e-03,1.68e+01,
29211,-8.00e-03,1.60e+01,
29212,-1.60e-02,1.60e+01,
29213,-1.60e-02,1.60e+01,
29214,-8.00e-03,1.68e+01,
29215,-8.00e-03,1.60e+01,
29216,-8.00e-03,1.60e+01,
29217,-8.00e-03,1.60e+01,
29218,-8.00e-03,1.60e+01,
29219,-8.00e-03,1.60e+01,
29220,-8.00e-03,1.60e+01,
29221,-8.00e-03,1.60e+01,
29222,-8.00e-03,1.60e+01,
29223,-8.00e-03,1.60e+01,
29224,-8.00e-03,1.52e+01,
29225,-1.60e-02,1.52e+01,
29226,-8.00e-03,1.60e+01,
29227,-8.00e-03,1.52e+01,
29228,-8.00e-03,1.52e+01,
29229,-1.60e-02,1.52e+01,
29230,-8.00e-03,1.52e+01,
29231,-8.00e-03,1.52e+01,
29232,-8.00e-03,1.52e+01,
29233,-1.60e-02,1.52e+01,
29234,-8.00e-03,1.52e+01,
29235,-8.00e-03,1.52e+01,
29236,-8.00e-03,1.44e+01,
29237,-8.00e-03,1.52e+01,
29238,-8.00e-03,1.52e+01,
29239,-8.00e-03,1.44e+01,
29240,-8.00e-03,1.44e+01,
29241,-8.00e-03,1.44e+01,
29242,-8.00e-03,1.52e+01,
29243,-8.00e-03,1.44e+01,
29244,-8.00e-03,1.44e+01,
29245,-1.60e-02,1.44e+01,
29246,-8.00e-03,1.44e+01,
29247,-8.00e-03,1.44e+01,
29248,-8.00e-03,1.44e+01,
29249,-8.00e-03,1.44e+01,
29250,-8.00e-03,1.44e+01,
29251,-8.00e-03,1.44e+01,
29252,-8.00e-03,1.28e+01,
29253,-8.00e-03,1.28e+01,
29254,-8.00e-03,1.44e+01,
29255,-8.00e-03,1.28e+01,
29256,-8.00e-03,1.28e+01,
29257,-1.60e-02,1.28e+01,
29258,-8.00e-03,1.28e+01,
29259,-8.00e-03,1.28e+01,
29260,-8.00e-03,1.28e+01,
29261,-8.00e-03,1.28e+01,
29262,-8.00e-03,1.28e+01,
29263,-8.00e-03,1.28e+01,
29264,-8.00e-03,1.20e+01,
29265,-1.60e-02,1.20e+01,
29266,-8.00e-03,1.28e+01,
29267,-8.00e-03,1.28e+01,
29268,-8.00e-03,1.20e+01,
29269,-8.00e-03,1.20e+01,
29270,-8.00e-03,1.20e+01,
29271,-8.00e-03,1.20e+01,
29272,-8.00e-03,1.20e+01,
29273,-8.00e-03,1.20e+01,
29274,-8.00e-03,1.20e+01,
29275,-8.00e-03,1.20e+01,
29276,-8.00e-03,1.20e+01,
29277,-8.00e-03,1.20e+01,
29278,-8.00e-03,1.20e+01,
29279,-8.00e-03,1.20e+01,
29280,-8.00e-03,1.20e+01,
29281,-8.00e-03,1.20e+01,
29282,-8.00e-03,1.20e+01,
29283,-8.00e-03,1.20e+01,
29284,-8.00e-03,1.20e+01,
29285,-8.00e-03,1.20e+01,
29286,-8.00e-03,1.20e+01,
29287,-8.00e-03,1.20e+01,
29288,-8.00e-03,1.12e+01,
29289,-8.00e-03,1.12e+01,
29290,-8.00e-03,1.20e+01,
29291,-8.00e-03,1.12e+01,
29292,-8.00e-03,1.12e+01,
29293,-8.00e-03,1.12e+01,
29294,-8.00e-03,1.12e+01,
29295,-8.00e-03,1.12e+01,
29296,-8.00e-03,1.12e+01,
29297,-8.00e-03,1.12e+01,
29298,-8.00e-03,1.12e+01,
29299,-8.00e-03,1.12e+01,
29300,-8.00e-03,1.12e+01,
29301,-8.00e-03,1.04e+01,
29302,-8.00e-03,1.12e+01,
29303,-8.00e-03,1.12e+01,
29304,-8.00e-03,1.04e+01,
29305,-8.00e-03,1.04e+01,
29306,-8.00e-03,1.12e+01,
29307,-8.00e-03,1.04e+01,
29308,-8.00e-03,1.04e+01,
29309,-8.00e-03,1.04e+01,
29310,-8.00e-03,1.12e+01,
29311,-8.00e-03,1.04e+01,
29312,-8.00e-03,1.04e+01,
29313,-8.00e-03,1.04e+01,
29314,-8.00e-03,1.04e+01,
29315,-8.00e-03,1.04e+01,
29316,-8.00e-03,1.04e+01,
29317,-8.00e-03,1.04e+01,
29318,-8.00e-03,1.04e+01,
29319,-8.00e-03,1.04e+01,
29320,-8.00e-03,1.04e+01,
29321,-1.60e-02,1.04e+01,
29322,-8.00e-03,1.04e+01,
29323,-8.00e-03,1.04e+01,
29324,-8.00e-03,1.04e+01,
29325,-1.60e-02,1.04e+01,
29326,-8.00e-03,1.04e+01,
29327,-8.00e-03,1.04e+01,
29328,-8.00e-03,9.60e+00,
29329,-8.00e-03,1.04e+01,
29330,-8.00e-03,1.04e+01,
29331,-8.00e-03,9.60e+00,
29332,-8.00e-03,9.60e+00,
29333,-8.00e-03,9.60e+00,
29334,-8.00e-03,1.04e+01,
29335,-8.00e-03,9.60e+00,
29336,-8.00e-03,9.60e+00,
29337,-8.00e-03,9.60e+00,
29338,-8.00e-03,1.04e+01,
29339,-8.00e-03,9.60e+00,
29340,-8.00e-03,9.60e+00,
29341,-8.00e-03,9.60e+00,
29342,-8.00e-03,9.60e+00,
29343,-8.00e-03,9.60e+00,
29344,-8.00e-03,9.60e+00,
29345,-1.60e-02,9.60e+00,
29346,-8.00e-03,9.60e+00,
29347,-8.00e-03,9.60e+00,
29348,-8.00e-03,9.60e+00,
29349,-8.00e-03,9.60e+00,
29350,-8.00e-03,9.60e+00,
29351,-8.00e-03,9.60e+00,
29352,-8.00e-03,9.60e+00,
29353,-8.00e-03,9.60e+00,
29354,-8.00e-03,9.60e+00,
29355,-8.00e-03,9.60e+00,
29356,-8.00e-03,9.60e+00,
29357,-8.00e-03,9.60e+00,
29358,-8.00e-03,9.60e+00,
29359,-8.00e-03,9.60e+00,
29360,-8.00e-03,9.60e+00,
29361,-8.00e-03,9.60e+00,
29362,-8.00e-03,9.60e+00,
29363,-8.00e-03,9.60e+00,
29364,-8.00e-03,9.60e+00,
29365,-8.00e-03,9.60e+00,
29366,-8.00e-03,9.60e+00,
29367,-8.00e-03,9.60e+00,
29368,-8.00e-03,9.60e+00,
29369,-8.00e-03,8.80e+00,
29370,-8.00e-03,9.60e+00,
29371,-8.00e-03,8.80e+00,
29372,-8.00e-03,8.80e+00,
29373,-8.00e-03,9.60e+00,
29374,-8.00e-03,9.60e+00,
29375,-8.00e-03,9.60e+00,
29376,-8.00e-03,8.80e+00,
29377,-8.00e-03,8.80e+00,
29378,-8.00e-03,9.60e+00,
29379,-8.00e-03,8.80e+00,
29380,-8.00e-03,8.80e+00,
29381,-8.00e-03,8.80e+00,
29382,-8.00e-03,9.60e+00,
29383,-8.00e-03,9.60e+00,
29384,-8.00e-03,8.80e+00,
29385,-8.00e-03,8.80e+00,
29386,-8.00e-03,9.60e+00,
29387,-8.00e-03,9.60e+00,
29388,-8.00e-03,8.80e+00,
29389,-8.00e-03,8.80e+00,
29390,-8.00e-03,9.60e+00,
29391,-8.00e-03,8.80e+00,
29392,-8.00e-03,8.80e+00,
29393,-8.00e-03,8.80e+00,
29394,-8.00e-03,9.60e+00,
29395,-8.00e-03,8.80e+00,
29396,-8.00e-03,8.80e+00,
29397,-8.00e-03,8.80e+00,
29398,-8.00e-03,9.60e+00,
29399,-8.00e-03,8.80e+00,
29400,-8.00e-03,8.80e+00,
29401,-8.00e-03,8.80e+00,
29402,-8.00e-03,9.60e+00,
29403,-8.00e-03,8.80e+00,
29404,-8.00e-03,8.80e+00,
29405,-8.00e-03,8.80e+00,
29406,-8.00e-03,9.60e+00,
29407,-8.00e-03,9.60e+00,
29408,-8.00e-03,8.80e+00,
29409,-1.60e-02,9.60e+00,
29410,-8.00e-03,9.60e+00,
29411,-8.00e-03,8.80e+00,
29412,-8.00e-03,8.80e+00,
29413,-8.00e-03,9.60e+00,
29414,-8.00e-03,9.60e+00,
29415,-8.00e-03,8.80e+00,
29416,-8.00e-03,8.80e+00,
29417,-8.00e-03,8.80e+00,
29418,-8.00e-03,9.60e+00,
29419,-8.00e-03,9.60e+00,
29420,-8.00e-03,8.80e+00,
29421,-8.00e-03,8.80e+00,
29422,-8.00e-03,9.60e+00,
29423,-8.00e-03,9.60e+00,
29424,-8.00e-03,8.80e+00,
29425,-8.00e-03,9.60e+00,
29426,-8.00e-03,9.60e+00,
29427,-8.00e-03,9.60e+00,
29428,-8.00e-03,9.60e+00,
29429,-8.00e-03,9.60e+00,
29430,-8.00e-03,9.60e+00,
29431,-8.00e-03,9.60e+00,
29432,-8.00e-03,9.60e+00,
29433,-8.00e-03,9.60e+00,
29434,-8.00e-03,9.60e+00,
29435,-8.00e-03,9.60e+00,
29436,-8.00e-03,8.80e+00,
29437,-8.00e-03,9.60e+00,
29438,-8.00e-03,9.60e+00,
29439,-8.00e-03,9.60e+00,
29440,-8.00e-03,9.60e+00,
29441,-8.00e-03,9.60e+00,
29442,-8.00e-03,9.60e+00,
29443,-8.00e-03,9.60e+00,
29444,-8.00e-03,9.60e+00,
29445,-8.00e-03,9.60e+00,
29446,-8.00e-03,9.60e+00,
29447,-8.00e-03,9.60e+00,
29448,-8.00e-03,9.60e+00,
29449,-8.00e-03,9.60e+00,
29450,-8.00e-03,9.60e+00,
29451,-8.00e-03,9.60e+00,
29452,-8.00e-03,9.60e+00,
29453,-8.00e-03,9.60e+00,
29454,-8.00e-03,9.60e+00,
29455,-8.00e-03,9.60e+00,
29456,-8.00e-03,9.60e+00,
29457,-8.00e-03,9.60e+00,
29458,-8.00e-03,1.04e+01,
29459,-8.00e-03,9.60e+00,
29460,-8.00e-03,9.60e+00,
29461,-8.00e-03,9.60e+00,
29462,-8.00e-03,1.04e+01,
29463,-8.00e-03,9.60e+00,
29464,-8.00e-03,9.60e+00,
29465,-8.00e-03,9.60e+00,
29466,-8.00e-03,1.04e+01,
29467,-8.00e-03,1.04e+01,
29468,-8.00e-03,9.60e+00,
29469,-8.00e-03,1.04e+01,
29470,-8.00e-03,1.04e+01,
29471,-8.00e-03,1.04e+01,
29472,-8.00e-03,1.04e+01,
29473,-8.00e-03,1.04e+01,
29474,-8.00e-03,1.04e+01,
29475,-8.00e-03,1.04e+01,
29476,-8.00e-03,1.04e+01,
29477,-8.00e-03,1.04e+01,
29478,-8.00e-03,1.04e+01,
29479,-8.00e-03,1.04e+01,
29480,-8.00e-03,1.04e+01,
29481,-8.00e-03,1.04e+01,
29482,-8.00e-03,1.12e+01,
29483,-8.00e-03,1.04e+01,
29484,-8.00e-03,1.04e+01,
29485,-8.00e-03,1.04e+01,
29486,-8.00e-03,1.12e+01,
29487,-8.00e-03,1.12e+01,
29488,-8.00e-03,1.04e+01,
29489,-8.00e-03,1.12e+01,
29490,-8.00e-03,1.12e+01,
29491,-8.00e-03,1.12e+01,
29492,-8.00e-03,1.04e+01,
29493,-8.00e-03,1.12e+01,
29494,-8.00e-03,1.12e+01,
29495,-8.00e-03,1.12e+01,
29496,-8.00e-03,1.12e+01,
29497,-8.00e-03,1.12e+01,
29498,-8.00e-03,1.12e+01,
29499,-8.00e-03,1.12e+01,
29500,-8.00e-03,1.12e+01,
29501,-8.00e-03,1.12e+01,
29502,-8.00e-03,1.12e+01,
29503,-8.00e-03,1.12e+01,
29504,-8.00e-03,1.12e+01,
29505,-1.60e-02,1.12e+01,
29506,-8.00e-03,1.20e+01,
29507,-8.00e-03,1.12e+01,
29508,-8.00e-03,1.12e+01,
29509,-8.00e-03,1.12e+01,
29510,-8.00e-03,1.20e+01,
29511,-8.00e-03,1.20e+01,
29512,-8.00e-03,1.12e+01,
29513,-8.00e-03,1.20e+01,
29514,-8.00e-03,1.20e+01,
29515,-8.00e-03,1.20e+01,
29516,-8.00e-03,1.20e+01,
29517,-1.60e-02,1.20e+01,
29518,-8.00e-03,1.20e+01,
29519,-8.00e-03,1.20e+01,
29520,-8.00e-03,1.20e+01,
29521,-8.00e-03,1.20e+01,
29522,-8.00e-03,1.20e+01,
29523,-8.00e-03,1.20e+01,
29524,-8.00e-03,1.20e+01,
29525,-8.00e-03,1.20e+01,
29526,-8.00e-03,1.28e+01,
29527,-8.00e-03,1.28e+01,
29528,-8.00e-03,1.20e+01,
29529,-8.00e-03,1.28e+01,
29530,-8.00e-03,1.28e+01,
29531,-8.00e-03,1.28e+01,
29532,-8.00e-03,1.28e+01,
29533,-8.00e-03,1.28e+01,
29534,-8.00e-03,1.28e+01,
29535,-8.00e-03,1.28e+01,
29536,-8.00e-03,1.28e+01,
29537,-8.00e-03,1.28e+01,
29538,-8.00e-03,1.28e+01,
29539,-8.00e-03,1.28e+01,
29540,-8.00e-03,1.28e+01,
29541,-8.00e-03,1.28e+01,
29542,-8.00e-03,1.44e+01,
29543,-8.00e-03,1.44e+01,
29544,-8.00e-03,1.28e+01,
29545,-8.00e-03,1.44e+01,
29546,-8.00e-03,1.44e+01,
29547,-8.00e-03,1.44e+01,
29548,-8.00e-03,1.44e+01,
29549,-8.00e-03,1.44e+01,
29550,-8.00e-03,1.44e+01,
29551,-8.00e-03,1.44e+01,
29552,-8.00e-03,1.44e+01,
29553,-8.00e-03,1.44e+01,
29554,-8.00e-03,1.52e+01,
29555,-8.00e-03,1.44e+01,
29556,-8.00e-03,1.44e+01,
29557,-8.00e-03,1.52e+01,
29558,-8.00e-03,1.52e+01,
29559,-8.00e-03,1.52e+01,
29560,-8.00e-03,1.52e+01,
29561,-8.00e-03,1.44e+01,
29562,-8.00e-03,1.52e+01,
29563,-8.00e-03,1.52e+01,
29564,-8.00e-03,1.52e+01,
29565,-8.00e-03,1.52e+01,
29566,-8.00e-03,1.52e+01,
29567,-8.00e-03,1.52e+01,
29568,-8.00e-03,1.52e+01,
29569,-8.00e-03,1.52e+01,
29570,-8.00e-03,1.60e+01,
29571,-8.00e-03,1.52e+01,
29572,-8.00e-03,1.52e+01,
29573,-8.00e-03,1.60e+01,
29574,-8.00e-03,1.60e+01,
29575,-8.00e-03,1.60e+01,
29576,-8.00e-03,1.60e+01,
29577,-8.00e-03,1.60e+01,
29578,-8.00e-03,1.60e+01,
29579,-8.00e-03,1.60e+01,
29580,-8.00e-03,1.60e+01,
29581,-8.00e-03,1.60e+01,
29582,-8.00e-03,1.60e+01,
29583,-8.00e-03,1.60e+01,
29584,-8.00e-03,1.60e+01,
29585,-8.00e-03,1.60e+01,
29586,-8.00e-03,1.68e+01,
29587,-8.00e-03,1.68e+01,
29588,-8.00e-03,1.60e+01,
29589,-8.00e-03,1.68e+01,
29590,-8.00e-03,1.68e+01,
29591,-8.00e-03,1.68e+01,
29592,-8.00e-03,1.68e+01,
29593,-8.00e-03,1.68e+01,
29594,-8.00e-03,1.68e+01,
29595,-8.00e-03,1.68e+01,
29596,-8.00e-03,1.68e+01,
29597,-8.00e-03,1.68e+01,
29598,-8.00e-03,1.68e+01,
29599,-8.00e-03,1.68e+01,
29600,-8.00e-03,1.68e+01,
29601,-8.00e-03,1.68e+01,
29602,-8.00e-03,1.76e+01,
29603,-8.00e-03,1.76e+01,
29604,-8.00e-03,1.76e+01,
29605,-8.00e-03,1.76e+01,
29606,-8.00e-03,1.76e+01,
29607,-8.00e-03,1.76e+01,
29608,-8.00e-03,1.76e+01,
29609,-8.00e-03,1.76e+01,
29610,-8.00e-03,1.76e+01,
29611,-8.00e-03,1.76e+01,
29612,-8.00e-03,1.76e+01,
29613,-8.00e-03,1.76e+01,
29614,-8.00e-03,1.84e+01,
29615,-8.00e-03,1.76e+01,
29616,-8.00e-03,1.76e+01,
29617,-8.00e-03,1.84e+01,
29618,-8.00e-03,1.84e+01,
29619,-8.00e-03,1.84e+01,
29620,-8.00e-03,1.84e+01,
29621,-8.00e-03,1.84e+01,
29622,-8.00e-03,1.84e+01,
29623,-8.00e-03,1.84e+01,
29624,-8.00e-03,1.84e+01,
29625,-8.00e-03,1.84e+01,
29626,-8.00e-03,1.84e+01,
29627,-8.00e-03,1.92e+01,
29628,-8.00e-03,1.84e+01,
29629,-8.00e-03,1.92e+01,
29630,-8.00e-03,1.92e+01,
29631,-8.00e-03,1.92e+01,
29632,-8.00e-03,1.84e+01,
29633,-8.00e-03,1.92e+01,
29634,-8.00e-03,1.92e+01,
29635,-8.00e-03,1.92e+01,
29636,-8.00e-03,1.92e+01,
29637,-8.00e-03,1.92e+01,
29638,-8.00e-03,1.92e+01,
29639,-8.00e-03,1.92e+01,
29640,-8.00e-03,1.92e+01,
29641,-8.00e-03,1.92e+01,
29642,-8.00e-03,2.00e+01,
29643,-8.00e-03,1.92e+01,
29644,-8.00e-03,1.92e+01,
29645,-8.00e-03,1.92e+01,
29646,-8.00e-03,2.00e+01,
29647,-8.00e-03,2.00e+01,
29648,-8.00e-03,2.00e+01,
29649,-8.00e-03,2.00e+01,
29650,-8.00e-03,2.00e+01,
29651,-8.00e-03,2.00e+01,
29652,-8.00e-03,2.00e+01,
29653,-8.00e-03,2.00e+01,
29654,-8.00e-03,2.00e+01,
29655,-8.00e-03,2.00e+01,
29656,-8.00e-03,2.00e+01,
29657,-8.00e-03,2.00e+01,
29658,-8.00e-03,2.08e+01,
29659,-8.00e-03,2.00e+01,
29660,-8.00e-03,2.00e+01,
29661,-8.00e-03,2.00e+01,
29662,-8.00e-03,2.08e+01,
29663,-8.00e-03,2.08e+01,
29664,-8.00e-03,2.08e+01,
29665,-8.00e-03,2.08e+01,
29666,-8.00e-03,2.08e+01,
29667,-8.00e-03,2.08e+01,
29668,-8.00e-03,2.08e+01,
29669,-8.00e-03,2.08e+01,
29670,-8.00e-03,2.08e+01,
29671,-8.00e-03,2.08e+01,
29672,-8.00e-03,2.08e+01,
29673,-1.60e-02,2.08e+01,
29674,-8.00e-03,2.16e+01,
29675,-8.00e-03,2.08e+01,
29676,-8.00e-03,2.08e+01,
29677,-8.00e-03,2.16e+01,
29678,-8.00e-03,2.16e+01,
29679,-8.00e-03,2.16e+01,
29680,-8.00e-03,2.16e+01,
29681,-8.00e-03,2.16e+01,
29682,-8.00e-03,2.16e+01,
29683,-8.00e-03,2.16e+01,
29684,-8.00e-03,2.16e+01,
29685,-8.00e-03,2.16e+01,
29686,-8.00e-03,2.16e+01,
29687,-8.00e-03,2.16e+01,
29688,-8.00e-03,2.16e+01,
29689,-1.60e-02,2.16e+01,
29690,-8.00e-03,2.16e+01,
29691,-8.00e-03,2.16e+01,
29692,-8.00e-03,2.16e+01,
29693,-1.60e-02,2.16e+01,
29694,-8.00e-03,2.24e+01,
29695,-8.00e-03,2.16e+01,
29696,-8.00e-03,2.16e+01,
29697,-8.00e-03,2.24e+01,
29698,-8.00e-03,2.24e+01,
29699,-8.00e-03,2.24e+01,
29700,-8.00e-03,2.24e+01,
29701,-8.00e-03,2.24e+01,
29702,-8.00e-03,2.24e+01,
29703,-8.00e-03,2.24e+01,
29704,-8.00e-03,2.24e+01,
29705,-8.00e-03,2.24e+01,
29706,-8.00e-03,2.24e+01,
29707,-8.00e-03,2.24e+01,
29708,-8.00e-03,2.24e+01,
29709,-1.60e-02,2.24e+01,
29710,-8.00e-03,2.24e+01,
29711,-8.00e-03,2.24e+01,
29712,-8.00e-03,2.24e+01,
29713,-8.00e-03,2.24e+01,
29714,-8.00e-03,2.32e+01,
29715,-8.00e-03,2.24e+01,
29716,-8.00e-03,2.24e+01,
29717,-1.60e-02,2.24e+01,
29718,-8.00e-03,2.32e+01,
29719,-8.00e-03,2.32e+01,
29720,-8.00e-03,2.32e+01,
29721,-8.00e-03,2.32e+01,
29722,-8.00e-03,2.32e+01,
29723,-8.00e-03,2.32e+01,
29724,-8.00e-03,2.32e+01,
29725,-8.00e-03,2.32e+01,
29726,-8.00e-03,2.32e+01,
29727,-8.00e-03,2.32e+01,
29728,-8.00e-03,2.32e+01,
29729,-1.60e-02,2.32e+01,
29730,-8.00e-03,2.32e+01,
29731,-8.00e-03,2.32e+01,
29732,-8.00e-03,2.32e+01,
29733,-8.00e-03,2.32e+01,
29734,-8.00e-03,2.32e+01,
29735,-8.00e-03,2.32e+01,
29736,-8.00e-03,2.32e+01,
29737,-1.60e-02,2.32e+01,
29738,-8.00e-03,2.32e+01,
29739,-8.00e-03,2.32e+01,
29740,-8.00e-03,2.32e+01,
29741,-8.00e-03,2.32e+01,
29742,-8.00e-03,2.40e+01,
29743,-8.00e-03,2.40e+01,
29744,-8.00e-03,2.32e+01,
29745,-8.00e-03,2.32e+01,
29746,-8.00e-03,2.40e+01,
29747,-8.00e-03,2.40e+01,
29748,-8.00e-03,2.32e+01,
29749,-8.00e-03,2.32e+01,
29750,-8.00e-03,2.40e+01,
29751,-8.00e-03,2.40e+01,
29752,-8.00e-03,2.40e+01,
29753,-8.00e-03,2.40e+01,
29754,-8.00e-03,2.40e+01,
29755,-8.00e-03,2.40e+01,
29756,-8.00e-03,2.40e+01,
29757,-1.60e-02,2.40e+01,
29758,-8.00e-03,2.40e+01,
29759,-8.00e-03,2.40e+01,
29760,-8.00e-03,2.40e+01,
29761,-8.00e-03,2.40e+01,
29762,-8.00e-03,2.40e+01,
29763,-8.00e-03,2.40e+01,
29764,-8.00e-03,2.40e+01,
29765,-1.60e-02,2.40e+01,
29766,-8.00e-03,2.40e+01,
29767,-8.00e-03,2.40e+01,
29768,-8.00e-03,2.40e+01,
29769,-1.60e-02,2.40e+01,
29770,-8.00e-03,2.56e+01,
29771,-8.00e-03,2.40e+01,
29772,-8.00e-03,2.40e+01,
29773,-1.60e-02,2.40e+01,
29774,-8.00e-03,2.40e+01,
29775,-8.00e-03,2.40e+01,
29776,-8.00e-03,2.40e+01,
29777,-1.60e-02,2.40e+01,
29778,-8.00e-03,2.56e+01,
29779,-8.00e-03,2.40e+01,
29780,-8.00e-03,2.40e+01,
29781,-8.00e-03,2.40e+01,
29782,-8.00e-03,2.40e+01,
29783,-8.00e-03,2.40e+01,
29784,-8.00e-03,2.40e+01,
29785,-1.60e-02,2.40e+01,
29786,-8.00e-03,2.40e+01,
29787,-8.00e-03,2.56e+01,
29788,-8.00e-03,2.40e+01,
29789,-8.00e-03,2.40e+01,
29790,-8.00e-03,2.56e+01,
29791,-8.00e-03,2.40e+01,
29792,-8.00e-03,2.40e+01,
29793,-8.00e-03,2.40e+01,
29794,-8.00e-03,2.56e+01,
29795,-8.00e-03,2.40e+01,
29796,-8.00e-03,2.40e+01,
29797,-1.60e-02,2.40e+01,
29798,-8.00e-03,2.56e+01,
29799,-8.00e-03,2.56e+01,
29800,-1.60e-02,2.40e+01,
29801,-8.00e-03,2.40e+01,
29802,-8.00e-03,2.56e+01,
29803,-8.00e-03,2.56e+01,
29804,-8.00e-03,2.40e+01,
29805,-8.00e-03,2.40e+01,
29806,-8.00e-03,2.56e+01,
29807,-8.00e-03,2.56e+01,
29808,-8.00e-03,2.40e+01,
29809,-1.60e-02,2.40e+01,
29810,-8.00e-03,2.56e+01,
29811,-8.00e-03,2.56e+01,
29812,-8.00e-03,2.40e+01,
29813,-8.00e-03,2.40e+01,
29814,-8.00e-03,2.56e+01,
29815,-8.00e-03,2.40e+01,
29816,-8.00e-03,2.40e+01,
29817,-1.60e-02,2.56e+01,
29818,-8.00e-03,2.56e+01,
29819,-8.00e-03,2.56e+01,
29820,-1.60e-02,2.40e+01,
29821,-1.60e-02,2.40e+01,
29822,-8.00e-03,2.56e+01,
29823,-8.00e-03,2.40e+01,
29824,-8.00e-03,2.40e+01,
29825,-1.60e-02,2.40e+01,
29826,-8.00e-03,2.56e+01,
29827,-8.00e-03,2.56e+01,
29828,-8.00e-03,2.40e+01,
29829,-1.60e-02,2.40e+01,
29830,-8.00e-03,2.56e+01,
29831,-8.00e-03,2.40e+01,
29832,-8.00e-03,2.40e+01,
29833,-8.00e-03,2.40e+01,
29834,-8.00e-03,2.56e+01,
29835,-8.00e-03,2.40e+01,
29836,-8.00e-03,2.40e+01,
29837,-1.60e-02,2.40e+01,
29838,-8.00e-03,2.40e+01,
29839,-8.00e-03,2.40e+01,
29840,-8.00e-03,2.40e+01,
29841,-8.00e-03,2.40e+01,
29842,-8.00e-03,2.56e+01,
29843,-8.00e-03,2.40e+01,
29844,-8.00e-03,2.40e+01,
29845,-1.60e-02,2.40e+01,
29846,-8.00e-03,2.40e+01,
29847,-8.00e-03,2.40e+01,
29848,-8.00e-03,2.40e+01,
29849,-1.60e-02,2.40e+01,
29850,-8.00e-03,2.56e+01,
29851,-8.00e-03,2.40e+01,
29852,-8.00e-03,2.40e+01,
29853,-1.60e-02,2.40e+01,
29854,-8.00e-03,2.40e+01,
29855,-8.00e-03,2.40e+01,
29856,-8.00e-03,2.40e+01,
29857,-8.00e-03,2.40e+01,
29858,-8.00e-03,2.40e+01,
29859,-8.00e-03,2.40e+01,
29860,-8.00e-03,2.40e+01,
29861,-1.60e-02,2.40e+01,
29862,-8.00e-03,2.40e+01,
29863,-8.00e-03,2.40e+01,
29864,-8.00e-03,2.40e+01,
29865,-1.60e-02,2.40e+01,
29866,-8.00e-03,2.40e+01,
29867,-8.00e-03,2.40e+01,
29868,-8.00e-03,2.40e+01,
29869,-8.00e-03,2.40e+01,
29870,-8.00e-03,2.40e+01,
29871,-8.00e-03,2.40e+01,
29872,-8.00e-03,2.40e+01,
29873,-1.60e-02,2.40e+01,
29874,-8.00e-03,2.40e+01,
29875,-8.00e-03,2.32e+01,
29876,-8.00e-03,2.32e+01,
29877,-1.60e-02,2.40e+01,
29878,-8.00e-03,2.40e+01,
29879,-8.00e-03,2.40e+01,
29880,-8.00e-03,2.32e+01,
29881,-1.60e-02,2.32e+01,
29882,-8.00e-03,2.40e+01,
29883,-8.00e-03,2.32e+01,
29884,-8.00e-03,2.32e+01,
29885,-8.00e-03,2.32e+01,
29886,-8.00e-03,2.32e+01,
29887,-8.00e-03,2.32e+01,
29888,-8.00e-03,2.32e+01,
29889,-1.60e-02,2.32e+01,
29890,-8.00e-03,2.32e+01,
29891,-8.00e-03,2.32e+01,
29892,-8.00e-03,2.32e+01,
29893,-8.00e-03,2.32e+01,
29894,-8.00e-03,2.32e+01,
29895,-8.00e-03,2.32e+01,
29896,-8.00e-03,2.32e+01,
29897,-1.60e-02,2.32e+01,
29898,-8.00e-03,2.32e+01,
29899,-8.00e-03,2.32e+01,
29900,-8.00e-03,2.32e+01,
29901,-1.60e-02,2.32e+01,
29902,-8.00e-03,2.32e+01,
29903,-8.00e-03,2.32e+01,
29904,-8.00e-03,2.32e+01,
29905,-1.60e-02,2.32e+01,
29906,-8.00e-03,2.32e+01,
29907,-8.00e-03,2.32e+01,
29908,-8.00e-03,2.24e+01,
29909,-1.60e-02,2.24e+01,
29910,-8.00e-03,2.32e+01,
29911,-8.00e-03,2.24e+01,
29912,-8.00e-03,2.24e+01,
29913,-1.60e-02,2.24e+01,
29914,-8.00e-03,2.32e+01,
29915,-8.00e-03,2.24e+01,
29916,-8.00e-03,2.24e+01,
29917,-8.00e-03,2.24e+01,
29918,-8.00e-03,2.24e+01,
29919,-8.00e-03,2.24e+01,
29920,-8.00e-03,2.24e+01,
29921,-1.60e-02,2.24e+01,
29922,-8.00e-03,2.24e+01,
29923,-8.00e-03,2.24e+01,
29924,-8.00e-03,2.24e+01,
29925,-1.60e-02,2.24e+01,
29926,-8.00e-03,2.24e+01,
29927,-8.00e-03,2.24e+01,
29928,-8.00e-03,2.16e+01,
29929,-8.00e-03,2.24e+01,
29930,-8.00e-03,2.24e+01,
29931,-8.00e-03,2.24e+01,
29932,-8.00e-03,2.24e+01,
29933,-1.60e-02,2.16e+01,
29934,-8.00e-03,2.24e+01,
29935,-8.00e-03,2.16e+01,
29936,-8.00e-03,2.16e+01,
29937,-8.00e-03,2.16e+01,
29938,-8.00e-03,2.16e+01,
29939,-8.00e-03,2.16e+01,
29940,-8.00e-03,2.16e+01,
29941,-1.60e-02,2.16e+01,
29942,-8.00e-03,2.16e+01,
29943,-8.00e-03,2.16e+01,
29944,-8.00e-03,2.16e+01,
29945,-1.60e-02,2.16e+01,
29946,-8.00e-03,2.16e+01,
29947,-8.00e-03,2.16e+01,
29948,-8.00e-03,2.16e+01,
29949,-1.60e-02,2.16e+01,
29950,-8.00e-03,2.16e+01,
29951,-8.00e-03,2.16e+01,
29952,-1.60e-02,2.08e+01,
29953,-8.00e-03,2.16e+01,
29954,-8.00e-03,2.16e+01,
29955,-8.00e-03,2.08e+01,
29956,-8.00e-03,2.08e+01,
29957,-1.60e-02,2.08e+01,
29958,-8.00e-03,2.08e+01,
29959,-8.00e-03,2.08e+01,
29960,-1.60e-02,2.08e+01,
29961,-8.00e-03,2.08e+01,
29962,-8.00e-03,2.08e+01,
29963,-8.00e-03,2.08e+01,
29964,-8.00e-03,2.08e+01,
29965,-8.00e-03,2.08e+01,
29966,-8.00e-03,2.08e+01,
29967,-8.00e-03,2.08e+01,
29968,-8.00e-03,2.08e+01,
29969,-1.60e-02,2.00e+01,
29970,-8.00e-03,2.08e+01,
29971,-8.00e-03,2.08e+01,
29972,-8.00e-03,2.00e+01,
29973,-1.60e-02,2.08e+01,
29974,-8.00e-03,2.08e+01,
29975,-8.00e-03,2.08e+01,
29976,-8.00e-03,2.00e+01,
29977,-1.60e-02,2.00e+01,
29978,-8.00e-03,2.08e+01,
29979,-8.00e-03,2.00e+01,
29980,-8.00e-03,2.00e+01,
29981,-1.60e-02,2.00e+01,
29982,-8.00e-03,2.00e+01,
29983,-8.00e-03,2.00e+01,
29984,-8.00e-03,2.00e+01,
29985,-1.60e-02,2.00e+01,
29986,-8.00e-03,2.00e+01,
29987,-8.00e-03,2.00e+01,
29988,-8.00e-03,2.00e+01,
29989,-1.60e-02,2.00e+01,
29990,-8.00e-03,2.00e+01,
29991,-8.00e-03,2.00e+01,
29992,-8.00e-03,2.00e+01,
29993,-1.60e-02,1.92e+01,
29994,-8.00e-03,2.00e+01,
29995,-8.00e-03,1.92e+01,
29996,-8.00e-03,1.92e+01,
29997,-1.60e-02,1.92e+01,
29998,-8.00e-03,2.00e+01,
29999,-8.00e-03,1.92e+01,
