X,CH1,CH2,Start,Increment,
Sequence,Volt,Volt,-2.250000e-05,2.000000e-09
0,2.24e-01,2.00e-01,
1,2.32e-01,2.00e-01,
2,2.24e-01,2.00e-01,
3,2.32e-01,2.00e-01,
4,2.24e-01,2.00e-01,
5,2.32e-01,2.00e-01,
6,2.24e-01,2.00e-01,
7,2.32e-01,2.00e-01,
8,2.24e-01,2.00e-01,
9,2.32e-01,2.00e-01,
10,2.32e-01,2.00e-01,
11,2.32e-01,2.00e-01,
12,2.32e-01,2.00e-01,
13,2.32e-01,2.00e-01,
14,2.24e-01,2.00e-01,
15,2.32e-01,6.00e-01,
16,2.32e-01,2.00e-01,
17,2.32e-01,2.00e-01,
18,2.32e-01,2.00e-01,
19,2.32e-01,2.00e-01,
20,2.32e-01,2.00e-01,
21,2.32e-01,2.00e-01,
22,2.32e-01,2.00e-01,
23,2.32e-01,2.00e-01,
24,2.32e-01,2.00e-01,
25,2.32e-01,2.00e-01,
26,2.32e-01,2.00e-01,
27,2.32e-01,2.00e-01,
28,2.32e-01,2.00e-01,
29,2.32e-01,2.00e-01,
30,2.32e-01,2.00e-01,
31,2.32e-01,2.00e-01,
32,2.32e-01,2.00e-01,
33,2.32e-01,2.00e-01,
34,2.32e-01,2.00e-01,
35,2.32e-01,2.00e-01,
36,2.32e-01,2.00e-01,
37,2.32e-01,2.00e-01,
38,2.32e-01,2.00e-01,
39,2.32e-01,2.00e-01,
40,2.32e-01,2.00e-01,
41,2.32e-01,2.00e-01,
42,2.32e-01,2.00e-01,
43,2.32e-01,2.00e-01,
44,2.32e-01,2.00e-01,
45,2.32e-01,2.00e-01,
46,2.32e-01,2.00e-01,
47,2.32e-01,6.00e-01,
48,2.32e-01,2.00e-01,
49,2.40e-01,2.00e-01,
50,2.32e-01,2.00e-01,
51,2.32e-01,2.00e-01,
52,2.32e-01,2.00e-01,
53,2.40e-01,2.00e-01,
54,2.32e-01,2.00e-01,
55,2.32e-01,6.00e-01,
56,2.32e-01,2.00e-01,
57,2.40e-01,2.00e-01,
58,2.32e-01,2.00e-01,
59,2.32e-01,2.00e-01,
60,2.32e-01,2.00e-01,
61,2.40e-01,2.00e-01,
62,2.32e-01,2.00e-01,
63,2.32e-01,2.00e-01,
64,2.32e-01,2.00e-01,
65,2.40e-01,2.00e-01,
66,2.32e-01,2.00e-01,
67,2.32e-01,2.00e-01,
68,2.32e-01,2.00e-01,
69,2.40e-01,2.00e-01,
70,2.32e-01,2.00e-01,
71,2.32e-01,6.00e-01,
72,2.32e-01,2.00e-01,
73,2.40e-01,2.00e-01,
74,2.32e-01,2.00e-01,
75,2.40e-01,2.00e-01,
76,2.32e-01,2.00e-01,
77,2.40e-01,2.00e-01,
78,2.32e-01,2.00e-01,
79,2.40e-01,2.00e-01,
80,2.32e-01,2.00e-01,
81,2.40e-01,2.00e-01,
82,2.32e-01,2.00e-01,
83,2.40e-01,2.00e-01,
84,2.40e-01,2.00e-01,
85,2.40e-01,2.00e-01,
86,2.40e-01,2.00e-01,
87,2.40e-01,6.00e-01,
88,2.32e-01,2.00e-01,
89,2.40e-01,2.00e-01,
90,2.32e-01,2.00e-01,
91,2.40e-01,2.00e-01,
92,2.40e-01,2.00e-01,
93,2.40e-01,2.00e-01,
94,2.40e-01,2.00e-01,
95,2.40e-01,6.00e-01,
96,2.40e-01,2.00e-01,
97,2.40e-01,2.00e-01,
98,2.40e-01,2.00e-01,
99,2.40e-01,2.00e-01,
100,2.40e-01,2.00e-01,
101,2.40e-01,2.00e-01,
102,2.40e-01,2.00e-01,
103,2.40e-01,2.00e-01,
104,2.40e-01,2.00e-01,
105,2.40e-01,2.00e-01,
106,2.40e-01,2.00e-01,
107,2.40e-01,2.00e-01,
108,2.40e-01,2.00e-01,
109,2.40e-01,2.00e-01,
110,2.40e-01,2.00e-01,
111,2.40e-01,6.00e-01,
112,2.40e-01,2.00e-01,
113,2.40e-01,2.00e-01,
114,2.40e-01,2.00e-01,
115,2.40e-01,2.00e-01,
116,2.40e-01,2.00e-01,
117,2.48e-01,2.00e-01,
118,2.40e-01,2.00e-01,
119,2.40e-01,2.00e-01,
120,2.40e-01,2.00e-01,
121,2.48e-01,2.00e-01,
122,2.40e-01,2.00e-01,
123,2.40e-01,2.00e-01,
124,2.40e-01,2.00e-01,
125,2.48e-01,2.00e-01,
126,2.40e-01,2.00e-01,
127,2.40e-01,2.00e-01,
128,2.40e-01,2.00e-01,
129,2.48e-01,6.00e-01,
130,2.40e-01,2.00e-01,
131,2.40e-01,2.00e-01,
132,2.40e-01,2.00e-01,
133,2.48e-01,2.00e-01,
134,2.40e-01,6.00e-01,
135,2.48e-01,2.00e-01,
136,2.40e-01,2.00e-01,
137,2.48e-01,2.00e-01,
138,2.40e-01,2.00e-01,
139,2.40e-01,6.00e-01,
140,2.40e-01,2.00e-01,
141,2.48e-01,2.00e-01,
142,2.48e-01,2.00e-01,
143,2.48e-01,6.00e-01,
144,2.40e-01,2.00e-01,
145,2.48e-01,2.00e-01,
146,2.40e-01,2.00e-01,
147,2.48e-01,2.00e-01,
148,2.40e-01,2.00e-01,
149,2.48e-01,2.00e-01,
150,2.48e-01,2.00e-01,
151,2.40e-01,6.00e-01,
152,2.40e-01,2.00e-01,
153,2.48e-01,2.00e-01,
154,2.40e-01,2.00e-01,
155,2.48e-01,2.00e-01,
156,2.48e-01,2.00e-01,
157,2.48e-01,2.00e-01,
158,2.48e-01,2.00e-01,
159,2.48e-01,6.00e-01,
160,2.48e-01,2.00e-01,
161,2.48e-01,2.00e-01,
162,2.48e-01,2.00e-01,
163,2.48e-01,2.00e-01,
164,2.48e-01,2.00e-01,
165,2.48e-01,2.00e-01,
166,2.48e-01,2.00e-01,
167,2.48e-01,2.00e-01,
168,2.48e-01,2.00e-01,
169,2.48e-01,2.00e-01,
170,2.48e-01,2.00e-01,
171,2.48e-01,6.00e-01,
172,2.48e-01,2.00e-01,
173,2.48e-01,2.00e-01,
174,2.48e-01,2.00e-01,
175,2.48e-01,2.00e-01,
176,2.48e-01,2.00e-01,
177,2.56e-01,2.00e-01,
178,2.48e-01,2.00e-01,
179,2.48e-01,2.00e-01,
180,2.48e-01,2.00e-01,
181,2.48e-01,2.00e-01,
182,2.48e-01,2.00e-01,
183,2.48e-01,6.00e-01,
184,2.48e-01,2.00e-01,
185,2.48e-01,2.00e-01,
186,2.48e-01,2.00e-01,
187,2.48e-01,2.00e-01,
188,2.48e-01,2.00e-01,
189,2.56e-01,2.00e-01,
190,2.48e-01,2.00e-01,
191,2.48e-01,6.00e-01,
192,2.48e-01,2.00e-01,
193,2.56e-01,2.00e-01,
194,2.48e-01,2.00e-01,
195,2.48e-01,2.00e-01,
196,2.48e-01,2.00e-01,
197,2.56e-01,2.00e-01,
198,2.48e-01,2.00e-01,
199,2.48e-01,2.00e-01,
200,2.48e-01,2.00e-01,
201,2.56e-01,2.00e-01,
202,2.48e-01,2.00e-01,
203,2.48e-01,2.00e-01,
204,2.48e-01,2.00e-01,
205,2.56e-01,2.00e-01,
206,2.48e-01,2.00e-01,
207,2.48e-01,2.00e-01,
208,2.48e-01,2.00e-01,
209,2.56e-01,2.00e-01,
210,2.48e-01,6.00e-01,
211,2.56e-01,2.00e-01,
212,2.48e-01,2.00e-01,
213,2.56e-01,2.00e-01,
214,2.48e-01,2.00e-01,
215,2.56e-01,2.00e-01,
216,2.56e-01,2.00e-01,
217,2.56e-01,2.00e-01,
218,2.48e-01,2.00e-01,
219,2.56e-01,2.00e-01,
220,2.48e-01,2.00e-01,
221,2.56e-01,2.00e-01,
222,2.48e-01,2.00e-01,
223,2.56e-01,6.00e-01,
224,2.48e-01,2.00e-01,
225,2.56e-01,2.00e-01,
226,2.48e-01,2.00e-01,
227,2.56e-01,2.00e-01,
228,2.48e-01,6.00e-01,
229,2.56e-01,2.00e-01,
230,2.56e-01,2.00e-01,
231,2.56e-01,6.00e-01,
232,2.56e-01,2.00e-01,
233,2.56e-01,2.00e-01,
234,2.56e-01,2.00e-01,
235,2.56e-01,2.00e-01,
236,2.56e-01,2.00e-01,
237,2.56e-01,2.00e-01,
238,2.56e-01,2.00e-01,
239,2.56e-01,2.00e-01,
240,2.56e-01,2.00e-01,
241,2.56e-01,2.00e-01,
242,2.56e-01,2.00e-01,
243,2.56e-01,2.00e-01,
244,2.56e-01,2.00e-01,
245,2.56e-01,2.00e-01,
246,2.56e-01,2.00e-01,
247,2.56e-01,2.00e-01,
248,2.56e-01,2.00e-01,
249,2.56e-01,2.00e-01,
250,2.56e-01,2.00e-01,
251,2.56e-01,2.00e-01,
252,2.56e-01,2.00e-01,
253,2.56e-01,2.00e-01,
254,2.56e-01,2.00e-01,
255,2.56e-01,6.00e-01,
256,2.56e-01,2.00e-01,
257,2.64e-01,2.00e-01,
258,2.56e-01,6.00e-01,
259,2.56e-01,2.00e-01,
260,2.56e-01,2.00e-01,
261,2.56e-01,2.00e-01,
262,2.56e-01,2.00e-01,
263,2.56e-01,6.00e-01,
264,2.56e-01,2.00e-01,
265,2.64e-01,2.00e-01,
266,2.56e-01,2.00e-01,
267,2.56e-01,2.00e-01,
268,2.56e-01,2.00e-01,
269,2.64e-01,2.00e-01,
270,2.56e-01,2.00e-01,
271,2.56e-01,6.00e-01,
272,2.56e-01,2.00e-01,
273,2.64e-01,2.00e-01,
274,2.56e-01,2.00e-01,
275,2.56e-01,2.00e-01,
276,2.56e-01,2.00e-01,
277,2.64e-01,2.00e-01,
278,2.56e-01,6.00e-01,
279,2.56e-01,2.00e-01,
280,2.56e-01,2.00e-01,
281,2.64e-01,2.00e-01,
282,2.56e-01,2.00e-01,
283,2.56e-01,6.00e-01,
284,2.56e-01,2.00e-01,
285,2.64e-01,2.00e-01,
286,2.56e-01,2.00e-01,
287,2.64e-01,2.00e-01,
288,2.56e-01,2.00e-01,
289,2.64e-01,2.00e-01,
290,2.56e-01,2.00e-01,
291,2.64e-01,2.00e-01,
292,2.64e-01,2.00e-01,
293,2.64e-01,2.00e-01,
294,2.56e-01,2.00e-01,
295,2.64e-01,2.00e-01,
296,2.64e-01,2.00e-01,
297,2.64e-01,2.00e-01,
298,2.64e-01,6.00e-01,
299,2.64e-01,2.00e-01,
300,2.64e-01,2.00e-01,
301,2.64e-01,2.00e-01,
302,2.64e-01,2.00e-01,
303,2.64e-01,6.00e-01,
304,2.64e-01,2.00e-01,
305,2.64e-01,2.00e-01,
306,2.64e-01,6.00e-01,
307,2.64e-01,2.00e-01,
308,2.64e-01,6.00e-01,
309,2.64e-01,2.00e-01,
310,2.64e-01,2.00e-01,
311,2.64e-01,6.00e-01,
312,2.64e-01,2.00e-01,
313,2.64e-01,2.00e-01,
314,2.64e-01,2.00e-01,
315,2.64e-01,2.00e-01,
316,2.64e-01,2.00e-01,
317,2.64e-01,2.00e-01,
318,2.64e-01,2.00e-01,
319,2.64e-01,6.00e-01,
320,2.64e-01,2.00e-01,
321,2.64e-01,6.00e-01,
322,2.64e-01,2.00e-01,
323,2.64e-01,2.00e-01,
324,2.64e-01,2.00e-01,
325,2.72e-01,2.00e-01,
326,2.64e-01,2.00e-01,
327,2.64e-01,2.00e-01,
328,2.64e-01,2.00e-01,
329,2.64e-01,6.00e-01,
330,2.64e-01,2.00e-01,
331,2.64e-01,6.00e-01,
332,2.64e-01,2.00e-01,
333,2.72e-01,2.00e-01,
334,2.64e-01,6.00e-01,
335,2.64e-01,2.00e-01,
336,2.64e-01,2.00e-01,
337,2.64e-01,2.00e-01,
338,2.64e-01,2.00e-01,
339,2.64e-01,2.00e-01,
340,2.64e-01,2.00e-01,
341,2.72e-01,2.00e-01,
342,2.64e-01,2.00e-01,
343,2.64e-01,6.00e-01,
344,2.64e-01,2.00e-01,
345,2.72e-01,2.00e-01,
346,2.64e-01,2.00e-01,
347,2.72e-01,2.00e-01,
348,2.64e-01,2.00e-01,
349,2.72e-01,2.00e-01,
350,2.64e-01,2.00e-01,
351,2.64e-01,6.00e-01,
352,2.64e-01,2.00e-01,
353,2.72e-01,2.00e-01,
354,2.64e-01,2.00e-01,
355,2.64e-01,2.00e-01,
356,2.64e-01,2.00e-01,
357,2.72e-01,2.00e-01,
358,2.64e-01,6.00e-01,
359,2.72e-01,6.00e-01,
360,2.64e-01,2.00e-01,
361,2.72e-01,2.00e-01,
362,2.64e-01,2.00e-01,
363,2.72e-01,2.00e-01,
364,2.64e-01,2.00e-01,
365,2.72e-01,2.00e-01,
366,2.64e-01,2.00e-01,
367,2.72e-01,2.00e-01,
368,2.64e-01,2.00e-01,
369,2.72e-01,2.00e-01,
370,2.64e-01,2.00e-01,
371,2.72e-01,6.00e-01,
372,2.64e-01,2.00e-01,
373,2.72e-01,2.00e-01,
374,2.72e-01,2.00e-01,
375,2.72e-01,6.00e-01,
376,2.72e-01,2.00e-01,
377,2.72e-01,2.00e-01,
378,2.64e-01,2.00e-01,
379,2.72e-01,2.00e-01,
380,2.72e-01,2.00e-01,
381,2.72e-01,2.00e-01,
382,2.72e-01,2.00e-01,
383,2.72e-01,6.00e-01,
384,2.72e-01,2.00e-01,
385,2.72e-01,2.00e-01,
386,2.72e-01,2.00e-01,
387,2.72e-01,6.00e-01,
388,2.72e-01,2.00e-01,
389,2.72e-01,2.00e-01,
390,2.72e-01,6.00e-01,
391,2.72e-01,6.00e-01,
392,2.72e-01,2.00e-01,
393,2.72e-01,2.00e-01,
394,2.72e-01,2.00e-01,
395,2.72e-01,2.00e-01,
396,2.72e-01,2.00e-01,
397,2.72e-01,2.00e-01,
398,2.72e-01,2.00e-01,
399,2.72e-01,6.00e-01,
400,2.72e-01,2.00e-01,
401,2.72e-01,2.00e-01,
402,2.72e-01,2.00e-01,
403,2.72e-01,2.00e-01,
404,2.72e-01,2.00e-01,
405,2.80e-01,2.00e-01,
406,2.72e-01,2.00e-01,
407,2.72e-01,6.00e-01,
408,2.72e-01,2.00e-01,
409,2.80e-01,2.00e-01,
410,2.72e-01,2.00e-01,
411,2.72e-01,2.00e-01,
412,2.72e-01,2.00e-01,
413,2.80e-01,2.00e-01,
414,2.72e-01,2.00e-01,
415,2.72e-01,6.00e-01,
416,2.72e-01,2.00e-01,
417,2.80e-01,2.00e-01,
418,2.72e-01,6.00e-01,
419,2.72e-01,2.00e-01,
420,2.72e-01,2.00e-01,
421,2.80e-01,2.00e-01,
422,2.72e-01,2.00e-01,
423,2.72e-01,6.00e-01,
424,2.72e-01,2.00e-01,
425,2.80e-01,2.00e-01,
426,2.72e-01,6.00e-01,
427,2.72e-01,2.00e-01,
428,2.72e-01,2.00e-01,
429,2.80e-01,2.00e-01,
430,2.72e-01,2.00e-01,
431,2.80e-01,6.00e-01,
432,2.72e-01,2.00e-01,
433,2.80e-01,2.00e-01,
434,2.80e-01,2.00e-01,
435,2.80e-01,2.00e-01,
436,2.80e-01,2.00e-01,
437,2.80e-01,2.00e-01,
438,2.72e-01,6.00e-01,
439,2.80e-01,6.00e-01,
440,2.80e-01,2.00e-01,
441,2.80e-01,6.00e-01,
442,2.72e-01,2.00e-01,
443,2.80e-01,6.00e-01,
444,2.72e-01,6.00e-01,
445,2.80e-01,2.00e-01,
446,2.80e-01,2.00e-01,
447,2.80e-01,2.00e-01,
448,2.80e-01,2.00e-01,
449,2.80e-01,2.00e-01,
450,2.72e-01,6.00e-01,
451,2.80e-01,6.00e-01,
452,2.80e-01,2.00e-01,
453,2.80e-01,2.00e-01,
454,2.80e-01,2.00e-01,
455,2.80e-01,6.00e-01,
456,2.80e-01,2.00e-01,
457,2.80e-01,6.00e-01,
458,2.80e-01,6.00e-01,
459,2.80e-01,6.00e-01,
460,2.80e-01,2.00e-01,
461,2.80e-01,2.00e-01,
462,2.80e-01,2.00e-01,
463,2.80e-01,6.00e-01,
464,2.80e-01,2.00e-01,
465,2.80e-01,2.00e-01,
466,2.80e-01,6.00e-01,
467,2.80e-01,2.00e-01,
468,2.80e-01,6.00e-01,
469,2.88e-01,2.00e-01,
470,2.80e-01,6.00e-01,
471,2.80e-01,6.00e-01,
472,2.80e-01,2.00e-01,
473,2.80e-01,6.00e-01,
474,2.80e-01,6.00e-01,
475,2.80e-01,6.00e-01,
476,2.80e-01,6.00e-01,
477,2.88e-01,2.00e-01,
478,2.80e-01,6.00e-01,
479,2.80e-01,6.00e-01,
480,2.80e-01,2.00e-01,
481,2.88e-01,2.00e-01,
482,2.80e-01,2.00e-01,
483,2.80e-01,6.00e-01,
484,2.80e-01,2.00e-01,
485,2.88e-01,2.00e-01,
486,2.80e-01,2.00e-01,
487,2.80e-01,6.00e-01,
488,2.80e-01,2.00e-01,
489,2.88e-01,2.00e-01,
490,2.80e-01,6.00e-01,
491,2.80e-01,6.00e-01,
492,2.80e-01,6.00e-01,
493,2.88e-01,2.00e-01,
494,2.80e-01,2.00e-01,
495,2.88e-01,6.00e-01,
496,2.80e-01,2.00e-01,
497,2.88e-01,2.00e-01,
498,2.80e-01,6.00e-01,
499,2.88e-01,2.00e-01,
500,2.80e-01,2.00e-01,
501,2.88e-01,2.00e-01,
502,2.80e-01,2.00e-01,
503,2.88e-01,6.00e-01,
504,2.88e-01,2.00e-01,
505,2.88e-01,2.00e-01,
506,2.80e-01,6.00e-01,
507,2.88e-01,2.00e-01,
508,2.80e-01,6.00e-01,
509,2.88e-01,2.00e-01,
510,2.80e-01,2.00e-01,
511,2.88e-01,6.00e-01,
512,2.88e-01,2.00e-01,
513,2.88e-01,2.00e-01,
514,2.80e-01,2.00e-01,
515,2.88e-01,2.00e-01,
516,2.88e-01,6.00e-01,
517,2.88e-01,2.00e-01,
518,2.80e-01,2.00e-01,
519,2.88e-01,6.00e-01,
520,2.88e-01,2.00e-01,
521,2.88e-01,6.00e-01,
522,2.88e-01,2.00e-01,
523,2.88e-01,6.00e-01,
524,2.88e-01,2.00e-01,
525,2.88e-01,2.00e-01,
526,2.88e-01,6.00e-01,
527,2.88e-01,6.00e-01,
528,2.88e-01,2.00e-01,
529,2.88e-01,6.00e-01,
530,2.88e-01,2.00e-01,
531,2.88e-01,6.00e-01,
532,2.88e-01,6.00e-01,
533,2.96e-01,2.00e-01,
534,2.88e-01,6.00e-01,
535,2.88e-01,2.00e-01,
536,2.88e-01,2.00e-01,
537,2.88e-01,2.00e-01,
538,2.88e-01,2.00e-01,
539,2.88e-01,6.00e-01,
540,2.88e-01,2.00e-01,
541,2.88e-01,2.00e-01,
542,2.88e-01,6.00e-01,
543,2.88e-01,6.00e-01,
544,2.88e-01,2.00e-01,
545,2.96e-01,2.00e-01,
546,2.88e-01,2.00e-01,
547,2.88e-01,6.00e-01,
548,2.88e-01,6.00e-01,
549,2.96e-01,2.00e-01,
550,2.88e-01,2.00e-01,
551,2.88e-01,6.00e-01,
552,2.88e-01,2.00e-01,
553,2.96e-01,2.00e-01,
554,2.88e-01,6.00e-01,
555,2.88e-01,6.00e-01,
556,2.88e-01,2.00e-01,
557,2.96e-01,2.00e-01,
558,2.88e-01,6.00e-01,
559,2.88e-01,6.00e-01,
560,2.88e-01,2.00e-01,
561,2.96e-01,6.00e-01,
562,2.88e-01,2.00e-01,
563,2.88e-01,6.00e-01,
564,2.88e-01,2.00e-01,
565,2.96e-01,2.00e-01,
566,2.88e-01,2.00e-01,
567,2.88e-01,6.00e-01,
568,2.88e-01,2.00e-01,
569,2.96e-01,2.00e-01,
570,2.88e-01,2.00e-01,
571,2.96e-01,6.00e-01,
572,2.88e-01,2.00e-01,
573,2.96e-01,2.00e-01,
574,2.88e-01,2.00e-01,
575,2.96e-01,6.00e-01,
576,2.88e-01,2.00e-01,
577,2.96e-01,2.00e-01,
578,2.88e-01,6.00e-01,
579,2.96e-01,6.00e-01,
580,2.88e-01,2.00e-01,
581,2.96e-01,2.00e-01,
582,2.96e-01,2.00e-01,
583,2.96e-01,6.00e-01,
584,2.96e-01,2.00e-01,
585,2.96e-01,2.00e-01,
586,2.88e-01,2.00e-01,
587,2.96e-01,6.00e-01,
588,2.88e-01,6.00e-01,
589,2.96e-01,2.00e-01,
590,2.96e-01,6.00e-01,
591,2.96e-01,6.00e-01,
592,2.96e-01,2.00e-01,
593,2.96e-01,2.00e-01,
594,2.96e-01,6.00e-01,
595,2.96e-01,2.00e-01,
596,2.96e-01,6.00e-01,
597,2.96e-01,2.00e-01,
598,2.96e-01,6.00e-01,
599,2.96e-01,6.00e-01,
600,2.96e-01,2.00e-01,
601,2.96e-01,2.00e-01,
602,2.96e-01,2.00e-01,
603,2.96e-01,6.00e-01,
604,2.96e-01,2.00e-01,
605,2.96e-01,2.00e-01,
606,2.96e-01,6.00e-01,
607,2.96e-01,6.00e-01,
608,2.96e-01,2.00e-01,
609,2.96e-01,2.00e-01,
610,2.96e-01,2.00e-01,
611,2.96e-01,6.00e-01,
612,2.96e-01,6.00e-01,
613,2.96e-01,2.00e-01,
614,2.96e-01,2.00e-01,
615,2.96e-01,6.00e-01,
616,2.96e-01,2.00e-01,
617,3.04e-01,2.00e-01,
618,2.96e-01,6.00e-01,
619,2.96e-01,6.00e-01,
620,2.96e-01,6.00e-01,
621,3.04e-01,2.00e-01,
622,2.96e-01,2.00e-01,
623,2.96e-01,6.00e-01,
624,2.96e-01,2.00e-01,
625,3.04e-01,6.00e-01,
626,2.96e-01,2.00e-01,
627,2.96e-01,6.00e-01,
628,2.96e-01,6.00e-01,
629,3.04e-01,2.00e-01,
630,2.96e-01,6.00e-01,
631,2.96e-01,6.00e-01,
632,2.96e-01,2.00e-01,
633,3.04e-01,6.00e-01,
634,2.96e-01,6.00e-01,
635,2.96e-01,6.00e-01,
636,2.96e-01,2.00e-01,
637,3.04e-01,2.00e-01,
638,2.96e-01,6.00e-01,
639,2.96e-01,6.00e-01,
640,2.96e-01,2.00e-01,
641,3.04e-01,6.00e-01,
642,2.96e-01,2.00e-01,
643,2.96e-01,6.00e-01,
644,2.96e-01,2.00e-01,
645,3.04e-01,2.00e-01,
646,2.96e-01,6.00e-01,
647,3.04e-01,6.00e-01,
648,2.96e-01,2.00e-01,
649,3.04e-01,2.00e-01,
650,2.96e-01,6.00e-01,
651,3.04e-01,6.00e-01,
652,3.04e-01,2.00e-01,
653,3.04e-01,2.00e-01,
654,2.96e-01,2.00e-01,
655,3.04e-01,6.00e-01,
656,3.04e-01,2.00e-01,
657,3.04e-01,2.00e-01,
658,3.04e-01,6.00e-01,
659,3.04e-01,6.00e-01,
660,3.04e-01,2.00e-01,
661,3.04e-01,2.00e-01,
662,3.04e-01,6.00e-01,
663,3.04e-01,6.00e-01,
664,3.04e-01,2.00e-01,
665,3.04e-01,6.00e-01,
666,3.04e-01,6.00e-01,
667,3.04e-01,2.00e-01,
668,3.04e-01,6.00e-01,
669,3.04e-01,2.00e-01,
670,3.04e-01,6.00e-01,
671,3.04e-01,6.00e-01,
672,3.04e-01,2.00e-01,
673,3.04e-01,6.00e-01,
674,3.04e-01,6.00e-01,
675,3.04e-01,6.00e-01,
676,3.04e-01,6.00e-01,
677,3.04e-01,2.00e-01,
678,3.04e-01,6.00e-01,
679,3.04e-01,6.00e-01,
680,3.04e-01,2.00e-01,
681,3.04e-01,2.00e-01,
682,3.04e-01,6.00e-01,
683,3.04e-01,6.00e-01,
684,3.04e-01,2.00e-01,
685,3.12e-01,2.00e-01,
686,3.04e-01,6.00e-01,
687,3.04e-01,6.00e-01,
688,3.04e-01,2.00e-01,
689,3.12e-01,6.00e-01,
690,3.04e-01,6.00e-01,
691,3.04e-01,6.00e-01,
692,3.04e-01,2.00e-01,
693,3.04e-01,2.00e-01,
694,3.04e-01,6.00e-01,
695,3.04e-01,6.00e-01,
696,3.04e-01,2.00e-01,
697,3.12e-01,2.00e-01,
698,3.04e-01,6.00e-01,
699,3.04e-01,2.00e-01,
700,3.04e-01,6.00e-01,
701,3.12e-01,2.00e-01,
702,3.04e-01,6.00e-01,
703,3.04e-01,6.00e-01,
704,3.04e-01,2.00e-01,
705,3.12e-01,2.00e-01,
706,3.04e-01,6.00e-01,
707,3.12e-01,6.00e-01,
708,3.04e-01,6.00e-01,
709,3.12e-01,2.00e-01,
710,3.04e-01,2.00e-01,
711,3.04e-01,6.00e-01,
712,3.04e-01,2.00e-01,
713,3.12e-01,2.00e-01,
714,3.04e-01,6.00e-01,
715,3.04e-01,6.00e-01,
716,3.04e-01,6.00e-01,
717,3.12e-01,2.00e-01,
718,3.04e-01,6.00e-01,
719,3.04e-01,6.00e-01,
720,3.12e-01,2.00e-01,
721,3.12e-01,6.00e-01,
722,3.04e-01,2.00e-01,
723,3.12e-01,6.00e-01,
724,3.04e-01,6.00e-01,
725,3.12e-01,2.00e-01,
726,3.04e-01,6.00e-01,
727,3.12e-01,6.00e-01,
728,3.12e-01,2.00e-01,
729,3.12e-01,6.00e-01,
730,3.12e-01,2.00e-01,
731,3.04e-01,6.00e-01,
732,3.04e-01,6.00e-01,
733,3.12e-01,2.00e-01,
734,3.04e-01,6.00e-01,
735,3.12e-01,2.00e-01,
736,3.12e-01,6.00e-01,
737,3.12e-01,6.00e-01,
738,3.12e-01,6.00e-01,
739,3.12e-01,6.00e-01,
740,3.12e-01,2.00e-01,
741,3.12e-01,2.00e-01,
742,3.12e-01,6.00e-01,
743,3.12e-01,6.00e-01,
744,3.12e-01,2.00e-01,
745,3.12e-01,6.00e-01,
746,3.04e-01,6.00e-01,
747,3.12e-01,6.00e-01,
748,3.12e-01,6.00e-01,
749,3.12e-01,2.00e-01,
750,3.12e-01,6.00e-01,
751,3.12e-01,6.00e-01,
752,3.12e-01,2.00e-01,
753,3.12e-01,6.00e-01,
754,3.12e-01,6.00e-01,
755,3.12e-01,6.00e-01,
756,3.12e-01,6.00e-01,
757,3.12e-01,2.00e-01,
758,3.12e-01,6.00e-01,
759,3.12e-01,6.00e-01,
760,3.12e-01,2.00e-01,
761,3.20e-01,6.00e-01,
762,3.12e-01,6.00e-01,
763,3.12e-01,6.00e-01,
764,3.12e-01,6.00e-01,
765,3.20e-01,2.00e-01,
766,3.12e-01,6.00e-01,
767,3.12e-01,6.00e-01,
768,3.12e-01,6.00e-01,
769,3.20e-01,6.00e-01,
770,3.12e-01,6.00e-01,
771,3.12e-01,6.00e-01,
772,3.12e-01,2.00e-01,
773,3.20e-01,2.00e-01,
774,3.12e-01,6.00e-01,
775,3.12e-01,6.00e-01,
776,3.12e-01,2.00e-01,
777,3.20e-01,2.00e-01,
778,3.12e-01,6.00e-01,
779,3.12e-01,6.00e-01,
780,3.12e-01,2.00e-01,
781,3.20e-01,2.00e-01,
782,3.12e-01,6.00e-01,
783,3.12e-01,6.00e-01,
784,3.12e-01,6.00e-01,
785,3.20e-01,6.00e-01,
786,3.12e-01,6.00e-01,
787,3.20e-01,6.00e-01,
788,3.12e-01,6.00e-01,
789,3.20e-01,2.00e-01,
790,3.12e-01,6.00e-01,
791,3.20e-01,6.00e-01,
792,3.12e-01,2.00e-01,
793,3.20e-01,6.00e-01,
794,3.12e-01,6.00e-01,
795,3.20e-01,6.00e-01,
796,3.12e-01,2.00e-01,
797,3.20e-01,2.00e-01,
798,3.12e-01,6.00e-01,
799,3.20e-01,6.00e-01,
800,3.12e-01,2.00e-01,
801,3.20e-01,2.00e-01,
802,3.12e-01,6.00e-01,
803,3.20e-01,6.00e-01,
804,3.20e-01,2.00e-01,
805,3.20e-01,2.00e-01,
806,3.20e-01,6.00e-01,
807,3.20e-01,6.00e-01,
808,3.20e-01,2.00e-01,
809,3.20e-01,6.00e-01,
810,3.12e-01,6.00e-01,
811,3.20e-01,6.00e-01,
812,3.20e-01,6.00e-01,
813,3.20e-01,2.00e-01,
814,3.20e-01,6.00e-01,
815,3.20e-01,6.00e-01,
816,3.20e-01,2.00e-01,
817,3.20e-01,6.00e-01,
818,3.20e-01,6.00e-01,
819,3.20e-01,6.00e-01,
820,3.20e-01,6.00e-01,
821,3.20e-01,6.00e-01,
822,3.20e-01,6.00e-01,
823,3.20e-01,6.00e-01,
824,3.20e-01,2.00e-01,
825,3.28e-01,6.00e-01,
826,3.20e-01,6.00e-01,
827,3.20e-01,6.00e-01,
828,3.20e-01,6.00e-01,
829,3.20e-01,2.00e-01,
830,3.20e-01,6.00e-01,
831,3.20e-01,6.00e-01,
832,3.20e-01,2.00e-01,
833,3.20e-01,6.00e-01,
834,3.20e-01,6.00e-01,
835,3.20e-01,6.00e-01,
836,3.20e-01,6.00e-01,
837,3.28e-01,2.00e-01,
838,3.20e-01,6.00e-01,
839,3.20e-01,6.00e-01,
840,3.20e-01,2.00e-01,
841,3.20e-01,6.00e-01,
842,3.20e-01,2.00e-01,
843,3.20e-01,6.00e-01,
844,3.20e-01,6.00e-01,
845,3.28e-01,2.00e-01,
846,3.20e-01,6.00e-01,
847,3.20e-01,6.00e-01,
848,3.20e-01,6.00e-01,
849,3.28e-01,2.00e-01,
850,3.20e-01,6.00e-01,
851,3.20e-01,6.00e-01,
852,3.20e-01,6.00e-01,
853,3.28e-01,6.00e-01,
854,3.20e-01,2.00e-01,
855,3.20e-01,6.00e-01,
856,3.20e-01,6.00e-01,
857,3.28e-01,6.00e-01,
858,3.20e-01,6.00e-01,
859,3.20e-01,6.00e-01,
860,3.20e-01,2.00e-01,
861,3.28e-01,2.00e-01,
862,3.20e-01,6.00e-01,
863,3.28e-01,6.00e-01,
864,3.20e-01,6.00e-01,
865,3.28e-01,2.00e-01,
866,3.20e-01,6.00e-01,
867,3.28e-01,6.00e-01,
868,3.20e-01,6.00e-01,
869,3.28e-01,2.00e-01,
870,3.20e-01,6.00e-01,
871,3.28e-01,6.00e-01,
872,3.28e-01,2.00e-01,
873,3.28e-01,6.00e-01,
874,3.20e-01,6.00e-01,
875,3.28e-01,6.00e-01,
876,3.20e-01,6.00e-01,
877,3.28e-01,2.00e-01,
878,3.20e-01,6.00e-01,
879,3.28e-01,6.00e-01,
880,3.28e-01,2.00e-01,
881,3.28e-01,6.00e-01,
882,3.20e-01,6.00e-01,
883,3.28e-01,6.00e-01,
884,3.20e-01,6.00e-01,
885,3.28e-01,6.00e-01,
886,3.28e-01,6.00e-01,
887,3.28e-01,6.00e-01,
888,3.20e-01,6.00e-01,
889,3.28e-01,2.00e-01,
890,3.28e-01,6.00e-01,
891,3.28e-01,6.00e-01,
892,3.28e-01,6.00e-01,
893,3.28e-01,2.00e-01,
894,3.28e-01,6.00e-01,
895,3.28e-01,6.00e-01,
896,3.28e-01,6.00e-01,
897,3.28e-01,6.00e-01,
898,3.20e-01,6.00e-01,
899,3.28e-01,6.00e-01,
900,3.28e-01,2.00e-01,
901,3.28e-01,6.00e-01,
902,3.28e-01,2.00e-01,
903,3.28e-01,6.00e-01,
904,3.28e-01,2.00e-01,
905,3.28e-01,6.00e-01,
906,3.28e-01,6.00e-01,
907,3.28e-01,2.00e-01,
908,3.28e-01,6.00e-01,
909,3.36e-01,2.00e-01,
910,3.28e-01,6.00e-01,
911,3.28e-01,6.00e-01,
912,3.28e-01,2.00e-01,
913,3.36e-01,6.00e-01,
914,3.28e-01,6.00e-01,
915,3.28e-01,6.00e-01,
916,3.28e-01,6.00e-01,
917,3.36e-01,2.00e-01,
918,3.28e-01,6.00e-01,
919,3.28e-01,6.00e-01,
920,3.28e-01,6.00e-01,
921,3.36e-01,6.00e-01,
922,3.28e-01,6.00e-01,
923,3.36e-01,6.00e-01,
924,3.28e-01,6.00e-01,
925,3.36e-01,2.00e-01,
926,3.28e-01,6.00e-01,
927,3.36e-01,6.00e-01,
928,3.28e-01,2.00e-01,
929,3.36e-01,6.00e-01,
930,3.36e-01,2.00e-01,
931,3.28e-01,6.00e-01,
932,3.28e-01,6.00e-01,
933,3.36e-01,2.00e-01,
934,3.28e-01,6.00e-01,
935,3.36e-01,6.00e-01,
936,3.28e-01,6.00e-01,
937,3.36e-01,6.00e-01,
938,3.28e-01,6.00e-01,
939,3.36e-01,6.00e-01,
940,3.28e-01,6.00e-01,
941,3.36e-01,6.00e-01,
942,3.28e-01,6.00e-01,
943,3.36e-01,6.00e-01,
944,3.36e-01,6.00e-01,
945,3.36e-01,6.00e-01,
946,3.28e-01,6.00e-01,
947,3.36e-01,6.00e-01,
948,3.28e-01,6.00e-01,
949,3.36e-01,6.00e-01,
950,3.28e-01,6.00e-01,
951,3.36e-01,6.00e-01,
952,3.36e-01,2.00e-01,
953,3.36e-01,6.00e-01,
954,3.36e-01,6.00e-01,
955,3.36e-01,6.00e-01,
956,3.28e-01,6.00e-01,
957,3.36e-01,2.00e-01,
958,3.28e-01,6.00e-01,
959,3.36e-01,6.00e-01,
960,3.36e-01,6.00e-01,
961,3.36e-01,6.00e-01,
962,3.36e-01,6.00e-01,
963,3.36e-01,6.00e-01,
964,3.36e-01,6.00e-01,
965,3.36e-01,6.00e-01,
966,3.36e-01,6.00e-01,
967,3.36e-01,6.00e-01,
968,3.36e-01,6.00e-01,
969,3.36e-01,6.00e-01,
970,3.36e-01,6.00e-01,
971,3.36e-01,6.00e-01,
972,3.36e-01,6.00e-01,
973,3.36e-01,6.00e-01,
974,3.36e-01,6.00e-01,
975,3.36e-01,6.00e-01,
976,3.36e-01,6.00e-01,
977,3.36e-01,6.00e-01,
978,3.36e-01,6.00e-01,
979,3.36e-01,6.00e-01,
980,3.36e-01,6.00e-01,
981,3.44e-01,6.00e-01,
982,3.36e-01,2.00e-01,
983,3.36e-01,6.00e-01,
984,3.36e-01,6.00e-01,
985,3.44e-01,6.00e-01,
986,3.36e-01,6.00e-01,
987,3.36e-01,6.00e-01,
988,3.36e-01,6.00e-01,
989,3.44e-01,2.00e-01,
990,3.36e-01,6.00e-01,
991,3.36e-01,6.00e-01,
992,3.36e-01,2.00e-01,
993,3.44e-01,6.00e-01,
994,3.36e-01,6.00e-01,
995,3.36e-01,6.00e-01,
996,3.36e-01,6.00e-01,
997,3.44e-01,2.00e-01,
998,3.36e-01,6.00e-01,
999,3.36e-01,6.00e-01,
1000,3.36e-01,6.00e-01,
1001,3.44e-01,6.00e-01,
1002,3.36e-01,6.00e-01,
1003,3.36e-01,6.00e-01,
1004,3.36e-01,6.00e-01,
1005,3.44e-01,2.00e-01,
1006,3.36e-01,6.00e-01,
1007,3.44e-01,6.00e-01,
1008,3.36e-01,6.00e-01,
1009,3.44e-01,2.00e-01,
1010,3.36e-01,6.00e-01,
1011,3.44e-01,6.00e-01,
1012,3.36e-01,2.00e-01,
1013,3.44e-01,6.00e-01,
1014,3.36e-01,6.00e-01,
1015,3.44e-01,6.00e-01,
1016,3.36e-01,2.00e-01,
1017,3.44e-01,6.00e-01,
1018,3.36e-01,6.00e-01,
1019,3.44e-01,6.00e-01,
1020,3.44e-01,6.00e-01,
1021,3.44e-01,6.00e-01,
1022,3.44e-01,6.00e-01,
1023,3.44e-01,6.00e-01,
1024,3.44e-01,6.00e-01,
1025,3.44e-01,6.00e-01,
1026,3.36e-01,6.00e-01,
1027,3.44e-01,6.00e-01,
1028,3.44e-01,6.00e-01,
1029,3.44e-01,6.00e-01,
1030,3.44e-01,6.00e-01,
1031,3.44e-01,6.00e-01,
1032,3.44e-01,6.00e-01,
1033,3.44e-01,6.00e-01,
1034,3.44e-01,6.00e-01,
1035,3.44e-01,6.00e-01,
1036,3.44e-01,6.00e-01,
1037,3.52e-01,2.00e-01,
1038,3.44e-01,6.00e-01,
1039,3.44e-01,6.00e-01,
1040,3.44e-01,2.00e-01,
1041,3.44e-01,6.00e-01,
1042,3.44e-01,6.00e-01,
1043,3.44e-01,6.00e-01,
1044,3.44e-01,6.00e-01,
1045,3.44e-01,6.00e-01,
1046,3.44e-01,6.00e-01,
1047,3.44e-01,6.00e-01,
1048,3.44e-01,6.00e-01,
1049,3.52e-01,6.00e-01,
1050,3.44e-01,6.00e-01,
1051,3.44e-01,6.00e-01,
1052,3.44e-01,6.00e-01,
1053,3.44e-01,6.00e-01,
1054,3.44e-01,6.00e-01,
1055,3.44e-01,6.00e-01,
1056,3.44e-01,6.00e-01,
1057,3.52e-01,6.00e-01,
1058,3.44e-01,6.00e-01,
1059,3.44e-01,6.00e-01,
1060,3.44e-01,6.00e-01,
1061,3.44e-01,6.00e-01,
1062,3.44e-01,6.00e-01,
1063,3.44e-01,6.00e-01,
1064,3.44e-01,6.00e-01,
1065,3.52e-01,6.00e-01,
1066,3.44e-01,6.00e-01,
1067,3.44e-01,6.00e-01,
1068,3.44e-01,6.00e-01,
1069,3.52e-01,6.00e-01,
1070,3.44e-01,6.00e-01,
1071,3.44e-01,6.00e-01,
1072,3.44e-01,2.00e-01,
1073,3.52e-01,6.00e-01,
1074,3.44e-01,6.00e-01,
1075,3.44e-01,6.00e-01,
1076,3.44e-01,6.00e-01,
1077,3.52e-01,6.00e-01,
1078,3.44e-01,6.00e-01,
1079,3.44e-01,6.00e-01,
1080,3.44e-01,6.00e-01,
1081,3.52e-01,6.00e-01,
1082,3.44e-01,6.00e-01,
1083,3.44e-01,6.00e-01,
1084,3.44e-01,6.00e-01,
1085,3.52e-01,6.00e-01,
1086,3.44e-01,6.00e-01,
1087,3.52e-01,6.00e-01,
1088,3.44e-01,6.00e-01,
1089,3.52e-01,2.00e-01,
1090,3.44e-01,6.00e-01,
1091,3.52e-01,6.00e-01,
1092,3.44e-01,6.00e-01,
1093,3.52e-01,6.00e-01,
1094,3.52e-01,6.00e-01,
1095,3.52e-01,6.00e-01,
1096,3.44e-01,6.00e-01,
1097,3.52e-01,6.00e-01,
1098,3.44e-01,6.00e-01,
1099,3.52e-01,6.00e-01,
1100,3.52e-01,6.00e-01,
1101,3.52e-01,2.00e-01,
1102,3.52e-01,6.00e-01,
1103,3.52e-01,6.00e-01,
1104,3.52e-01,2.00e-01,
1105,3.52e-01,6.00e-01,
1106,3.52e-01,6.00e-01,
1107,3.52e-01,6.00e-01,
1108,3.44e-01,6.00e-01,
1109,3.52e-01,6.00e-01,
1110,3.52e-01,2.00e-01,
1111,3.52e-01,6.00e-01,
1112,3.52e-01,2.00e-01,
1113,3.52e-01,6.00e-01,
1114,3.52e-01,6.00e-01,
1115,3.52e-01,6.00e-01,
1116,3.52e-01,6.00e-01,
1117,3.60e-01,2.00e-01,
1118,3.52e-01,6.00e-01,
1119,3.52e-01,6.00e-01,
1120,3.52e-01,6.00e-01,
1121,3.52e-01,6.00e-01,
1122,3.52e-01,6.00e-01,
1123,3.52e-01,6.00e-01,
1124,3.52e-01,6.00e-01,
1125,3.60e-01,6.00e-01,
1126,3.52e-01,6.00e-01,
1127,3.52e-01,6.00e-01,
1128,3.52e-01,2.00e-01,
1129,3.52e-01,6.00e-01,
1130,3.52e-01,2.00e-01,
1131,3.52e-01,6.00e-01,
1132,3.52e-01,6.00e-01,
1133,3.60e-01,2.00e-01,
1134,3.52e-01,6.00e-01,
1135,3.52e-01,6.00e-01,
1136,3.52e-01,6.00e-01,
1137,3.60e-01,6.00e-01,
1138,3.52e-01,6.00e-01,
1139,3.52e-01,6.00e-01,
1140,3.52e-01,6.00e-01,
1141,3.60e-01,6.00e-01,
1142,3.52e-01,6.00e-01,
1143,3.52e-01,6.00e-01,
1144,3.52e-01,6.00e-01,
1145,3.60e-01,6.00e-01,
1146,3.52e-01,6.00e-01,
1147,3.60e-01,6.00e-01,
1148,3.52e-01,6.00e-01,
1149,3.60e-01,6.00e-01,
1150,3.52e-01,6.00e-01,
1151,3.52e-01,6.00e-01,
1152,3.52e-01,6.00e-01,
1153,3.60e-01,6.00e-01,
1154,3.52e-01,6.00e-01,
1155,3.52e-01,6.00e-01,
1156,3.52e-01,6.00e-01,
1157,3.60e-01,2.00e-01,
1158,3.52e-01,6.00e-01,
1159,3.60e-01,6.00e-01,
1160,3.52e-01,6.00e-01,
1161,3.60e-01,6.00e-01,
1162,3.52e-01,6.00e-01,
1163,3.60e-01,6.00e-01,
1164,3.52e-01,6.00e-01,
1165,3.60e-01,6.00e-01,
1166,3.52e-01,6.00e-01,
1167,3.60e-01,6.00e-01,
1168,3.60e-01,6.00e-01,
1169,3.60e-01,6.00e-01,
1170,3.52e-01,6.00e-01,
1171,3.60e-01,6.00e-01,
1172,3.60e-01,6.00e-01,
1173,3.60e-01,6.00e-01,
1174,3.60e-01,6.00e-01,
1175,3.60e-01,6.00e-01,
1176,3.52e-01,6.00e-01,
1177,3.60e-01,6.00e-01,
1178,3.60e-01,6.00e-01,
1179,3.60e-01,6.00e-01,
1180,3.60e-01,6.00e-01,
1181,3.60e-01,6.00e-01,
1182,3.60e-01,6.00e-01,
1183,3.60e-01,6.00e-01,
1184,3.60e-01,6.00e-01,
1185,3.60e-01,6.00e-01,
1186,3.60e-01,6.00e-01,
1187,3.60e-01,6.00e-01,
1188,3.60e-01,6.00e-01,
1189,3.60e-01,2.00e-01,
1190,3.60e-01,6.00e-01,
1191,3.60e-01,6.00e-01,
1192,3.60e-01,6.00e-01,
1193,3.60e-01,6.00e-01,
1194,3.60e-01,6.00e-01,
1195,3.60e-01,6.00e-01,
1196,3.60e-01,6.00e-01,
1197,3.68e-01,6.00e-01,
1198,3.60e-01,6.00e-01,
1199,3.60e-01,6.00e-01,
1200,3.60e-01,6.00e-01,
1201,3.60e-01,6.00e-01,
1202,3.60e-01,6.00e-01,
1203,3.60e-01,6.00e-01,
1204,3.60e-01,6.00e-01,
1205,3.60e-01,6.00e-01,
1206,3.60e-01,6.00e-01,
1207,3.60e-01,6.00e-01,
1208,3.60e-01,6.00e-01,
1209,3.68e-01,6.00e-01,
1210,3.60e-01,6.00e-01,
1211,3.60e-01,6.00e-01,
1212,3.60e-01,6.00e-01,
1213,3.60e-01,6.00e-01,
1214,3.52e-01,6.00e-01,
1215,3.36e-01,6.00e-01,
1216,3.28e-01,2.00e-01,
1217,3.20e-01,2.00e-01,
1218,3.04e-01,2.00e-01,
1219,2.96e-01,2.00e-01,
1220,2.96e-01,2.00e-01,
1221,3.04e-01,2.00e-01,
1222,3.04e-01,6.00e-01,
1223,3.12e-01,6.00e-01,
1224,3.20e-01,6.00e-01,
1225,3.28e-01,6.00e-01,
1226,3.28e-01,6.00e-01,
1227,3.36e-01,6.00e-01,
1228,3.28e-01,6.00e-01,
1229,3.36e-01,2.00e-01,
1230,3.36e-01,6.00e-01,
1231,3.36e-01,6.00e-01,
1232,3.36e-01,2.00e-01,
1233,3.44e-01,6.00e-01,
1234,3.36e-01,6.00e-01,
1235,3.44e-01,6.00e-01,
1236,3.44e-01,6.00e-01,
1237,3.52e-01,6.00e-01,
1238,3.44e-01,6.00e-01,
1239,3.44e-01,6.00e-01,
1240,3.44e-01,6.00e-01,
1241,3.52e-01,6.00e-01,
1242,3.44e-01,6.00e-01,
1243,3.52e-01,6.00e-01,
1244,3.44e-01,6.00e-01,
1245,3.52e-01,6.00e-01,
1246,3.52e-01,6.00e-01,
1247,3.52e-01,6.00e-01,
1248,3.52e-01,6.00e-01,
1249,3.52e-01,6.00e-01,
1250,3.44e-01,6.00e-01,
1251,3.52e-01,6.00e-01,
1252,3.52e-01,6.00e-01,
1253,3.52e-01,6.00e-01,
1254,3.52e-01,6.00e-01,
1255,3.52e-01,6.00e-01,
1256,3.52e-01,6.00e-01,
1257,3.60e-01,6.00e-01,
1258,3.52e-01,6.00e-01,
1259,3.52e-01,6.00e-01,
1260,3.52e-01,6.00e-01,
1261,3.60e-01,6.00e-01,
1262,3.52e-01,6.00e-01,
1263,3.52e-01,6.00e-01,
1264,3.52e-01,6.00e-01,
1265,3.60e-01,6.00e-01,
1266,3.52e-01,6.00e-01,
1267,3.60e-01,6.00e-01,
1268,3.52e-01,6.00e-01,
1269,3.60e-01,6.00e-01,
1270,3.52e-01,6.00e-01,
1271,3.52e-01,6.00e-01,
1272,3.52e-01,6.00e-01,
1273,3.60e-01,6.00e-01,
1274,3.52e-01,6.00e-01,
1275,3.60e-01,6.00e-01,
1276,3.60e-01,6.00e-01,
1277,3.68e-01,6.00e-01,
1278,3.60e-01,6.00e-01,
1279,3.60e-01,6.00e-01,
1280,3.60e-01,6.00e-01,
1281,3.60e-01,6.00e-01,
1282,3.60e-01,6.00e-01,
1283,3.60e-01,6.00e-01,
1284,3.60e-01,6.00e-01,
1285,3.68e-01,6.00e-01,
1286,3.60e-01,6.00e-01,
1287,3.60e-01,6.00e-01,
1288,3.60e-01,6.00e-01,
1289,3.68e-01,6.00e-01,
1290,3.60e-01,6.00e-01,
1291,3.60e-01,6.00e-01,
1292,3.60e-01,6.00e-01,
1293,3.68e-01,6.00e-01,
1294,3.60e-01,6.00e-01,
1295,3.60e-01,6.00e-01,
1296,3.60e-01,6.00e-01,
1297,3.68e-01,6.00e-01,
1298,3.60e-01,6.00e-01,
1299,3.68e-01,6.00e-01,
1300,3.60e-01,6.00e-01,
1301,3.68e-01,6.00e-01,
1302,3.60e-01,6.00e-01,
1303,3.68e-01,6.00e-01,
1304,3.60e-01,6.00e-01,
1305,3.68e-01,6.00e-01,
1306,3.60e-01,6.00e-01,
1307,3.68e-01,6.00e-01,
1308,3.60e-01,6.00e-01,
1309,3.68e-01,6.00e-01,
1310,3.60e-01,6.00e-01,
1311,3.60e-01,6.00e-01,
1312,3.68e-01,6.00e-01,
1313,3.68e-01,6.00e-01,
1314,3.68e-01,6.00e-01,
1315,3.68e-01,6.00e-01,
1316,3.68e-01,6.00e-01,
1317,3.68e-01,6.00e-01,
1318,3.68e-01,6.00e-01,
1319,3.68e-01,6.00e-01,
1320,3.68e-01,6.00e-01,
1321,3.68e-01,6.00e-01,
1322,3.68e-01,6.00e-01,
1323,3.68e-01,6.00e-01,
1324,3.68e-01,6.00e-01,
1325,3.68e-01,6.00e-01,
1326,3.68e-01,6.00e-01,
1327,3.68e-01,1.00e+00,
1328,3.68e-01,6.00e-01,
1329,3.68e-01,1.00e+00,
1330,3.68e-01,6.00e-01,
1331,3.68e-01,1.00e+00,
1332,3.60e-01,1.00e+00,
1333,3.76e-01,1.00e+00,
1334,3.60e-01,1.40e+00,
1335,3.68e-01,1.40e+00,
1336,3.68e-01,1.40e+00,
1337,3.68e-01,1.40e+00,
1338,3.60e-01,1.40e+00,
1339,3.68e-01,1.80e+00,
1340,3.68e-01,1.80e+00,
1341,3.68e-01,1.80e+00,
1342,3.60e-01,2.20e+00,
1343,3.68e-01,2.20e+00,
1344,3.68e-01,2.20e+00,
1345,3.68e-01,2.20e+00,
1346,3.68e-01,3.00e+00,
1347,3.68e-01,3.00e+00,
1348,3.68e-01,3.00e+00,
1349,3.76e-01,3.00e+00,
1350,3.68e-01,3.00e+00,
1351,3.68e-01,3.40e+00,
1352,3.68e-01,3.40e+00,
1353,3.68e-01,3.80e+00,
1354,3.68e-01,3.80e+00,
1355,3.68e-01,3.80e+00,
1356,3.68e-01,3.80e+00,
1357,3.76e-01,4.20e+00,
1358,3.68e-01,4.20e+00,
1359,3.68e-01,4.20e+00,
1360,3.68e-01,4.60e+00,
1361,3.68e-01,4.60e+00,
1362,3.68e-01,4.60e+00,
1363,3.68e-01,5.00e+00,
1364,3.68e-01,5.00e+00,
1365,3.76e-01,5.00e+00,
1366,3.68e-01,5.40e+00,
1367,3.68e-01,5.40e+00,
1368,3.68e-01,5.40e+00,
1369,3.76e-01,5.80e+00,
1370,3.68e-01,5.80e+00,
1371,3.68e-01,6.20e+00,
1372,3.68e-01,6.20e+00,
1373,3.68e-01,6.60e+00,
1374,3.68e-01,6.60e+00,
1375,3.68e-01,7.00e+00,
1376,3.68e-01,7.00e+00,
1377,3.68e-01,7.40e+00,
1378,3.60e-01,8.60e+00,
1379,3.60e-01,9.00e+00,
1380,3.60e-01,9.40e+00,
1381,3.68e-01,9.80e+00,
1382,3.60e-01,1.06e+01,
1383,3.60e-01,1.18e+01,
1384,3.52e-01,1.22e+01,
1385,3.60e-01,1.38e+01,
1386,3.52e-01,1.54e+01,
1387,3.52e-01,1.66e+01,
1388,3.44e-01,1.82e+01,
1389,3.44e-01,2.06e+01,
1390,3.36e-01,2.30e+01,
1391,3.28e-01,2.62e+01,
1392,3.20e-01,2.90e+01,
1393,3.20e-01,3.26e+01,
1394,3.04e-01,3.66e+01,
1395,2.96e-01,4.10e+01,
1396,2.80e-01,4.50e+01,
1397,2.56e-01,4.90e+01,
1398,2.16e-01,5.34e+01,
1399,1.76e-01,5.78e+01,
1400,1.28e-01,6.14e+01,
1401,8.00e-02,6.58e+01,
1402,3.20e-02,6.94e+01,
1403,-2.40e-02,7.34e+01,
1404,-7.20e-02,7.66e+01,
1405,-1.28e-01,-2.22e+01,
1406,-1.84e-01,-1.98e+01,
1407,-2.40e-01,-1.66e+01,
1408,-2.88e-01,-1.66e+01,
1409,-3.36e-01,-1.66e+01,
1410,-3.84e-01,-1.66e+01,
1411,-4.32e-01,-1.66e+01,
1412,-4.80e-01,-1.66e+01,
1413,-5.20e-01,-1.66e+01,
1414,-5.52e-01,-1.66e+01,
1415,-5.92e-01,-1.66e+01,
1416,-6.08e-01,-1.66e+01,
1417,-6.32e-01,-1.66e+01,
1418,-6.40e-01,-1.66e+01,
1419,-6.48e-01,-1.66e+01,
1420,-6.32e-01,-1.66e+01,
1421,-6.24e-01,-2.18e+01,
1422,-5.84e-01,7.42e+01,
1423,-5.60e-01,6.66e+01,
1424,-5.12e-01,5.90e+01,
1425,-4.64e-01,5.14e+01,
1426,-3.92e-01,4.38e+01,
1427,-3.44e-01,3.70e+01,
1428,-2.72e-01,3.10e+01,
1429,-2.16e-01,2.58e+01,
1430,-1.44e-01,2.14e+01,
1431,-8.80e-02,1.78e+01,
1432,-3.20e-02,1.54e+01,
1433,2.40e-02,1.38e+01,
1434,7.20e-02,1.22e+01,
1435,1.12e-01,1.10e+01,
1436,1.60e-01,1.06e+01,
1437,1.92e-01,9.80e+00,
1438,2.16e-01,9.80e+00,
1439,2.40e-01,9.80e+00,
1440,2.56e-01,1.02e+01,
1441,2.72e-01,1.06e+01,
1442,2.80e-01,1.18e+01,
1443,2.88e-01,1.30e+01,
1444,2.88e-01,1.46e+01,
1445,2.88e-01,1.66e+01,
1446,2.72e-01,1.94e+01,
1447,2.56e-01,2.22e+01,
1448,2.32e-01,2.62e+01,
1449,2.00e-01,3.10e+01,
1450,1.60e-01,3.62e+01,
1451,1.12e-01,4.18e+01,
1452,6.40e-02,4.78e+01,
1453,1.60e-02,5.42e+01,
1454,-4.00e-02,5.98e+01,
1455,-1.04e-01,6.54e+01,
1456,-1.68e-01,7.02e+01,
1457,-2.16e-01,7.42e+01,
1458,-2.64e-01,7.58e+01,
1459,-3.12e-01,7.70e+01,
1460,-3.44e-01,7.66e+01,
1461,-3.68e-01,7.46e+01,
1462,-3.76e-01,7.14e+01,
1463,-3.84e-01,6.70e+01,
1464,-3.76e-01,6.22e+01,
1465,-3.60e-01,5.70e+01,
1466,-3.36e-01,5.06e+01,
1467,-3.04e-01,4.50e+01,
1468,-2.64e-01,3.94e+01,
1469,-2.24e-01,3.42e+01,
1470,-1.76e-01,2.98e+01,
1471,-1.28e-01,2.62e+01,
1472,-8.00e-02,2.26e+01,
1473,-3.20e-02,2.02e+01,
1474,8.00e-03,1.78e+01,
1475,4.80e-02,1.62e+01,
1476,8.00e-02,1.50e+01,
1477,1.20e-01,1.42e+01,
1478,1.52e-01,1.38e+01,
1479,1.76e-01,1.30e+01,
1480,2.00e-01,1.30e+01,
1481,2.16e-01,1.38e+01,
1482,2.24e-01,1.42e+01,
1483,2.32e-01,1.54e+01,
1484,2.40e-01,1.62e+01,
1485,2.40e-01,1.78e+01,
1486,2.32e-01,1.98e+01,
1487,2.24e-01,2.22e+01,
1488,2.08e-01,2.50e+01,
1489,1.92e-01,2.82e+01,
1490,1.68e-01,3.22e+01,
1491,1.28e-01,3.66e+01,
1492,8.80e-02,4.10e+01,
1493,5.60e-02,4.54e+01,
1494,8.00e-03,5.02e+01,
1495,-4.00e-02,5.50e+01,
1496,-8.00e-02,5.90e+01,
1497,-1.28e-01,6.26e+01,
1498,-1.68e-01,6.50e+01,
1499,-2.16e-01,6.66e+01,
1500,-2.40e-01,6.78e+01,
1501,-2.72e-01,6.78e+01,
1502,-2.88e-01,6.58e+01,
1503,-3.04e-01,6.38e+01,
1504,-3.04e-01,6.06e+01,
1505,-3.04e-01,5.74e+01,
1506,-2.88e-01,5.30e+01,
1507,-2.72e-01,4.86e+01,
1508,-2.48e-01,4.38e+01,
1509,-2.16e-01,3.94e+01,
1510,-1.84e-01,3.58e+01,
1511,-1.44e-01,3.18e+01,
1512,-1.04e-01,2.82e+01,
1513,-6.40e-02,2.58e+01,
1514,-3.20e-02,2.30e+01,
1515,0.00e+00,2.14e+01,
1516,3.20e-02,1.98e+01,
1517,6.40e-02,1.82e+01,
1518,8.80e-02,1.78e+01,
1519,1.20e-01,1.74e+01,
1520,1.36e-01,1.70e+01,
1521,1.68e-01,1.70e+01,
1522,1.76e-01,1.70e+01,
1523,1.84e-01,1.78e+01,
1524,1.92e-01,1.90e+01,
1525,2.00e-01,2.02e+01,
1526,1.92e-01,2.14e+01,
1527,1.92e-01,2.34e+01,
1528,1.76e-01,2.58e+01,
1529,1.68e-01,2.82e+01,
1530,1.36e-01,3.14e+01,
1531,1.12e-01,3.42e+01,
1532,8.80e-02,3.78e+01,
1533,6.40e-02,4.18e+01,
1534,2.40e-02,4.50e+01,
1535,-8.00e-03,4.90e+01,
1536,-4.00e-02,5.22e+01,
1537,-8.00e-02,5.50e+01,
1538,-1.12e-01,5.74e+01,
1539,-1.44e-01,5.90e+01,
1540,-1.76e-01,6.02e+01,
1541,-2.00e-01,6.06e+01,
1542,-2.16e-01,5.98e+01,
1543,-2.40e-01,5.90e+01,
1544,-2.40e-01,5.70e+01,
1545,-2.40e-01,5.46e+01,
1546,-2.32e-01,5.18e+01,
1547,-2.32e-01,4.86e+01,
1548,-2.08e-01,4.50e+01,
1549,-1.92e-01,4.18e+01,
1550,-1.68e-01,3.82e+01,
1551,-1.36e-01,3.54e+01,
1552,-1.12e-01,3.22e+01,
1553,-8.00e-02,2.98e+01,
1554,-4.80e-02,2.74e+01,
1555,-2.40e-02,2.54e+01,
1556,8.00e-03,2.38e+01,
1557,3.20e-02,2.22e+01,
1558,5.60e-02,2.14e+01,
1559,8.00e-02,2.10e+01,
1560,9.60e-02,2.02e+01,
1561,1.20e-01,2.02e+01,
1562,1.28e-01,2.06e+01,
1563,1.36e-01,2.10e+01,
1564,1.52e-01,2.14e+01,
1565,1.60e-01,2.22e+01,
1566,1.60e-01,2.34e+01,
1567,1.52e-01,2.54e+01,
1568,1.36e-01,2.70e+01,
1569,1.36e-01,2.90e+01,
1570,1.12e-01,3.14e+01,
1571,9.60e-02,3.38e+01,
1572,8.00e-02,3.66e+01,
1573,5.60e-02,3.94e+01,
1574,3.20e-02,4.22e+01,
1575,0.00e+00,4.50e+01,
1576,-2.40e-02,4.78e+01,
1577,-4.80e-02,4.98e+01,
1578,-8.00e-02,5.22e+01,
1579,-1.04e-01,5.38e+01,
1580,-1.28e-01,5.46e+01,
1581,-1.44e-01,5.50e+01,
1582,-1.68e-01,5.50e+01,
1583,-1.84e-01,5.42e+01,
1584,-1.92e-01,5.34e+01,
1585,-1.92e-01,5.18e+01,
1586,-1.92e-01,4.94e+01,
1587,-1.92e-01,4.74e+01,
1588,-1.76e-01,4.46e+01,
1589,-1.68e-01,4.22e+01,
1590,-1.36e-01,3.94e+01,
1591,-1.20e-01,3.70e+01,
1592,-9.60e-02,3.42e+01,
1593,-7.20e-02,3.22e+01,
1594,-4.80e-02,3.02e+01,
1595,-3.20e-02,2.82e+01,
1596,-8.00e-03,2.66e+01,
1597,1.60e-02,2.58e+01,
1598,3.20e-02,2.46e+01,
1599,4.80e-02,2.38e+01,
1600,7.20e-02,2.34e+01,
1601,8.80e-02,2.30e+01,
1602,9.60e-02,2.30e+01,
1603,1.04e-01,2.34e+01,
1604,1.12e-01,2.38e+01,
1605,1.20e-01,2.50e+01,
1606,1.20e-01,2.58e+01,
1607,1.20e-01,2.70e+01,
1608,1.12e-01,2.82e+01,
1609,1.04e-01,3.02e+01,
1610,9.60e-02,3.18e+01,
1611,8.00e-02,3.38e+01,
1612,6.40e-02,3.62e+01,
1613,4.80e-02,3.82e+01,
1614,3.20e-02,4.06e+01,
1615,8.00e-03,4.26e+01,
1616,-1.60e-02,4.46e+01,
1617,-3.20e-02,4.70e+01,
1618,-5.60e-02,4.82e+01,
1619,-8.00e-02,4.94e+01,
1620,-9.60e-02,5.02e+01,
1621,-1.12e-01,5.06e+01,
1622,-1.28e-01,5.06e+01,
1623,-1.36e-01,5.06e+01,
1624,-1.44e-01,4.98e+01,
1625,-1.60e-01,4.90e+01,
1626,-1.44e-01,4.74e+01,
1627,-1.60e-01,4.54e+01,
1628,-1.36e-01,4.38e+01,
1629,-1.28e-01,4.18e+01,
1630,-1.20e-01,3.94e+01,
1631,-1.04e-01,3.74e+01,
1632,-8.80e-02,3.58e+01,
1633,-7.20e-02,3.38e+01,
1634,-4.80e-02,3.22e+01,
1635,-3.20e-02,3.06e+01,
1636,-1.60e-02,2.90e+01,
1637,0.00e+00,2.78e+01,
1638,1.60e-02,2.70e+01,
1639,3.20e-02,2.66e+01,
1640,4.80e-02,2.58e+01,
1641,6.40e-02,2.58e+01,
1642,7.20e-02,2.58e+01,
1643,8.00e-02,2.58e+01,
1644,8.80e-02,2.62e+01,
1645,9.60e-02,2.66e+01,
1646,9.60e-02,2.74e+01,
1647,8.80e-02,2.86e+01,
1648,8.80e-02,2.98e+01,
1649,8.80e-02,3.14e+01,
1650,7.20e-02,3.26e+01,
1651,6.40e-02,3.42e+01,
1652,4.80e-02,3.58e+01,
1653,4.00e-02,3.74e+01,
1654,2.40e-02,3.90e+01,
1655,8.00e-03,4.14e+01,
1656,-8.00e-03,4.26e+01,
1657,-2.40e-02,4.42e+01,
1658,-4.00e-02,4.50e+01,
1659,-6.40e-02,4.66e+01,
1660,-8.00e-02,4.74e+01,
1661,-8.80e-02,4.78e+01,
1662,-1.04e-01,4.78e+01,
1663,-1.12e-01,4.78e+01,
1664,-1.20e-01,4.74e+01,
1665,-1.20e-01,4.66e+01,
1666,-1.20e-01,4.50e+01,
1667,-1.20e-01,4.38e+01,
1668,-1.12e-01,4.26e+01,
1669,-1.04e-01,4.10e+01,
1670,-9.60e-02,3.94e+01,
1671,-8.80e-02,3.78e+01,
1672,-8.00e-02,3.62e+01,
1673,-6.40e-02,3.46e+01,
1674,-4.80e-02,3.30e+01,
1675,-3.20e-02,3.22e+01,
1676,-1.60e-02,3.10e+01,
1677,0.00e+00,3.02e+01,
1678,8.00e-03,2.90e+01,
1679,2.40e-02,2.82e+01,
1680,3.20e-02,2.78e+01,
1681,4.80e-02,2.78e+01,
1682,5.60e-02,2.74e+01,
1683,5.60e-02,2.78e+01,
1684,6.40e-02,2.82e+01,
1685,7.20e-02,2.82e+01,
1686,7.20e-02,2.90e+01,
1687,7.20e-02,3.02e+01,
1688,7.20e-02,3.10e+01,
1689,6.40e-02,3.22e+01,
1690,5.60e-02,3.30e+01,
1691,4.80e-02,3.42e+01,
1692,4.00e-02,3.58e+01,
1693,3.20e-02,3.74e+01,
1694,1.60e-02,3.86e+01,
1695,8.00e-03,3.98e+01,
1696,-8.00e-03,4.14e+01,
1697,-2.40e-02,4.26e+01,
1698,-3.20e-02,4.34e+01,
1699,-4.80e-02,4.42e+01,
1700,-6.40e-02,4.46e+01,
1701,-7.20e-02,4.50e+01,
1702,-8.00e-02,4.50e+01,
1703,-8.80e-02,4.50e+01,
1704,-9.60e-02,4.46e+01,
1705,-9.60e-02,4.42e+01,
1706,-9.60e-02,4.34e+01,
1707,-9.60e-02,4.26e+01,
1708,-9.60e-02,4.18e+01,
1709,-8.80e-02,4.06e+01,
1710,-8.00e-02,3.90e+01,
1711,-7.20e-02,3.78e+01,
1712,-6.40e-02,3.66e+01,
1713,-5.60e-02,3.54e+01,
1714,-4.00e-02,3.38e+01,
1715,-3.20e-02,3.30e+01,
1716,-2.40e-02,3.22e+01,
1717,-8.00e-03,3.14e+01,
1718,0.00e+00,3.06e+01,
1719,1.60e-02,3.02e+01,
1720,2.40e-02,2.98e+01,
1721,3.20e-02,2.98e+01,
1722,4.00e-02,2.90e+01,
1723,4.00e-02,2.98e+01,
1724,4.80e-02,2.98e+01,
1725,5.60e-02,3.02e+01,
1726,5.60e-02,3.06e+01,
1727,5.60e-02,3.14e+01,
1728,4.80e-02,3.18e+01,
1729,4.80e-02,3.26e+01,
1730,4.80e-02,3.34e+01,
1731,4.00e-02,3.46e+01,
1732,3.20e-02,3.58e+01,
1733,2.40e-02,3.70e+01,
1734,1.60e-02,3.78e+01,
1735,0.00e+00,3.90e+01,
1736,-8.00e-03,3.98e+01,
1737,-1.60e-02,4.10e+01,
1738,-2.40e-02,4.18e+01,
1739,-4.00e-02,4.22e+01,
1740,-4.80e-02,4.30e+01,
1741,-5.60e-02,4.30e+01,
1742,-6.40e-02,4.34e+01,
1743,-7.20e-02,4.34e+01,
1744,-7.20e-02,4.30e+01,
1745,-8.00e-02,4.26e+01,
1746,-8.00e-02,4.22e+01,
1747,-8.00e-02,4.14e+01,
1748,-8.00e-02,4.06e+01,
1749,-7.20e-02,3.94e+01,
1750,-7.20e-02,3.86e+01,
1751,-6.40e-02,3.78e+01,
1752,-5.60e-02,3.66e+01,
1753,-4.80e-02,3.58e+01,
1754,-4.00e-02,3.46e+01,
1755,-3.20e-02,3.38e+01,
1756,-1.60e-02,3.30e+01,
1757,-8.00e-03,3.26e+01,
1758,0.00e+00,3.18e+01,
1759,8.00e-03,3.14e+01,
1760,1.60e-02,3.10e+01,
1761,2.40e-02,3.10e+01,
1762,2.40e-02,3.10e+01,
1763,3.20e-02,3.10e+01,
1764,4.00e-02,3.10e+01,
1765,4.00e-02,3.14e+01,
1766,4.00e-02,3.14e+01,
1767,4.00e-02,3.22e+01,
1768,4.00e-02,3.26e+01,
1769,4.00e-02,3.34e+01,
1770,3.20e-02,3.38e+01,
1771,2.40e-02,3.46e+01,
1772,2.40e-02,3.58e+01,
1773,1.60e-02,3.66e+01,
1774,8.00e-03,3.74e+01,
1775,0.00e+00,3.82e+01,
1776,-8.00e-03,3.90e+01,
1777,-1.60e-02,3.98e+01,
1778,-2.40e-02,4.06e+01,
1779,-3.20e-02,4.10e+01,
1780,-4.00e-02,4.18e+01,
1781,-4.80e-02,4.18e+01,
1782,-4.80e-02,4.18e+01,
1783,-5.60e-02,4.18e+01,
1784,-6.40e-02,4.18e+01,
1785,-6.40e-02,4.14e+01,
1786,-6.40e-02,4.10e+01,
1787,-6.40e-02,4.06e+01,
1788,-6.40e-02,3.94e+01,
1789,-6.40e-02,3.90e+01,
1790,-5.60e-02,3.82e+01,
1791,-5.60e-02,3.78e+01,
1792,-4.80e-02,3.66e+01,
1793,-4.00e-02,3.62e+01,
1794,-3.20e-02,3.54e+01,
1795,-3.20e-02,3.46e+01,
1796,-1.60e-02,3.38e+01,
1797,-8.00e-03,3.34e+01,
1798,-8.00e-03,3.26e+01,
1799,0.00e+00,3.26e+01,
1800,8.00e-03,3.22e+01,
1801,1.60e-02,3.18e+01,
1802,1.60e-02,3.18e+01,
1803,2.40e-02,3.18e+01,
1804,2.40e-02,3.22e+01,
1805,3.20e-02,3.22e+01,
1806,3.20e-02,3.22e+01,
1807,3.20e-02,3.30e+01,
1808,3.20e-02,3.34e+01,
1809,3.20e-02,3.38e+01,
1810,2.40e-02,3.42e+01,
1811,1.60e-02,3.54e+01,
1812,1.60e-02,3.58e+01,
1813,1.60e-02,3.66e+01,
1814,8.00e-03,3.74e+01,
1815,0.00e+00,3.78e+01,
1816,-8.00e-03,3.82e+01,
1817,-1.60e-02,3.90e+01,
1818,-2.40e-02,3.94e+01,
1819,-2.40e-02,3.98e+01,
1820,-3.20e-02,4.06e+01,
1821,-4.00e-02,4.06e+01,
1822,-4.00e-02,4.06e+01,
1823,-4.80e-02,4.06e+01,
1824,-4.80e-02,4.06e+01,
1825,-4.80e-02,4.06e+01,
1826,-5.60e-02,3.98e+01,
1827,-5.60e-02,3.94e+01,
1828,-5.60e-02,3.90e+01,
1829,-4.80e-02,3.86e+01,
1830,-4.80e-02,3.78e+01,
1831,-4.80e-02,3.74e+01,
1832,-4.00e-02,3.70e+01,
1833,-3.20e-02,3.62e+01,
1834,-3.20e-02,3.58e+01,
1835,-2.40e-02,3.46e+01,
1836,-1.60e-02,3.42e+01,
1837,-1.60e-02,3.38e+01,
1838,-8.00e-03,3.34e+01,
1839,0.00e+00,3.34e+01,
1840,0.00e+00,3.30e+01,
1841,8.00e-03,3.30e+01,
1842,1.60e-02,3.26e+01,
1843,1.60e-02,3.26e+01,
1844,1.60e-02,3.26e+01,
1845,2.40e-02,3.30e+01,
1846,2.40e-02,3.30e+01,
1847,2.40e-02,3.34e+01,
1848,2.40e-02,3.38e+01,
1849,2.40e-02,3.42e+01,
1850,1.60e-02,3.46e+01,
1851,1.60e-02,3.54e+01,
1852,8.00e-03,3.62e+01,
1853,8.00e-03,3.66e+01,
1854,0.00e+00,3.70e+01,
1855,-8.00e-03,3.74e+01,
1856,-8.00e-03,3.78e+01,
1857,-8.00e-03,3.82e+01,
1858,-1.60e-02,3.86e+01,
1859,-2.40e-02,3.90e+01,
1860,-3.20e-02,3.94e+01,
1861,-3.20e-02,3.94e+01,
1862,-3.20e-02,3.94e+01,
1863,-4.00e-02,3.94e+01,
1864,-4.00e-02,3.94e+01,
1865,-4.00e-02,3.94e+01,
1866,-4.80e-02,3.90e+01,
1867,-4.80e-02,3.90e+01,
1868,-4.80e-02,3.86e+01,
1869,-4.00e-02,3.82e+01,
1870,-4.00e-02,3.78e+01,
1871,-4.00e-02,3.70e+01,
1872,-3.20e-02,3.70e+01,
1873,-3.20e-02,3.62e+01,
1874,-2.40e-02,3.58e+01,
1875,-2.40e-02,3.54e+01,
1876,-1.60e-02,3.46e+01,
1877,-1.60e-02,3.46e+01,
1878,-8.00e-03,3.38e+01,
1879,-8.00e-03,3.38e+01,
1880,0.00e+00,3.34e+01,
1881,8.00e-03,3.34e+01,
1882,8.00e-03,3.34e+01,
1883,8.00e-03,3.34e+01,
1884,8.00e-03,3.34e+01,
1885,1.60e-02,3.34e+01,
1886,1.60e-02,3.38e+01,
1887,1.60e-02,3.38e+01,
1888,1.60e-02,3.42e+01,
1889,1.60e-02,3.46e+01,
1890,8.00e-03,3.54e+01,
1891,8.00e-03,3.58e+01,
1892,8.00e-03,3.62e+01,
1893,8.00e-03,3.66e+01,
1894,0.00e+00,3.70e+01,
1895,-8.00e-03,3.70e+01,
1896,-8.00e-03,3.74e+01,
1897,-1.60e-02,3.78e+01,
1898,-1.60e-02,3.82e+01,
1899,-2.40e-02,3.86e+01,
1900,-2.40e-02,3.86e+01,
1901,-2.40e-02,3.86e+01,
1902,-3.20e-02,3.90e+01,
1903,-3.20e-02,3.90e+01,
1904,-4.00e-02,3.86e+01,
1905,-4.00e-02,3.86e+01,
1906,-4.00e-02,3.86e+01,
1907,-4.00e-02,3.86e+01,
1908,-4.00e-02,3.82e+01,
1909,-4.00e-02,3.78e+01,
1910,-3.20e-02,3.74e+01,
1911,-3.20e-02,3.70e+01,
1912,-3.20e-02,3.66e+01,
1913,-3.20e-02,3.66e+01,
1914,-2.40e-02,3.62e+01,
1915,-2.40e-02,3.58e+01,
1916,-1.60e-02,3.54e+01,
1917,-8.00e-03,3.46e+01,
1918,-8.00e-03,3.46e+01,
1919,-8.00e-03,3.42e+01,
1920,0.00e+00,3.42e+01,
1921,0.00e+00,3.42e+01,
1922,0.00e+00,3.38e+01,
1923,8.00e-03,3.38e+01,
1924,8.00e-03,3.38e+01,
1925,8.00e-03,3.42e+01,
1926,8.00e-03,3.42e+01,
1927,8.00e-03,3.42e+01,
1928,8.00e-03,3.46e+01,
1929,8.00e-03,3.54e+01,
1930,8.00e-03,3.54e+01,
1931,0.00e+00,3.58e+01,
1932,0.00e+00,3.62e+01,
1933,0.00e+00,3.66e+01,
1934,0.00e+00,3.66e+01,
1935,-8.00e-03,3.70e+01,
1936,-8.00e-03,3.70e+01,
1937,-8.00e-03,3.78e+01,
1938,-1.60e-02,3.78e+01,
1939,-1.60e-02,3.78e+01,
1940,-2.40e-02,3.82e+01,
1941,-2.40e-02,3.82e+01,
1942,-2.40e-02,3.82e+01,
1943,-3.20e-02,3.82e+01,
1944,-3.20e-02,3.82e+01,
1945,-3.20e-02,3.82e+01,
1946,-3.20e-02,3.82e+01,
1947,-3.20e-02,3.82e+01,
1948,-3.20e-02,3.78e+01,
1949,-3.20e-02,3.78e+01,
1950,-3.20e-02,3.74e+01,
1951,-3.20e-02,3.70e+01,
1952,-2.40e-02,3.66e+01,
1953,-2.40e-02,3.66e+01,
1954,-2.40e-02,3.62e+01,
1955,-2.40e-02,3.58e+01,
1956,-1.60e-02,3.58e+01,
1957,-1.60e-02,3.54e+01,
1958,-8.00e-03,3.46e+01,
1959,-8.00e-03,3.46e+01,
1960,-8.00e-03,3.46e+01,
1961,0.00e+00,3.46e+01,
1962,0.00e+00,3.42e+01,
1963,0.00e+00,3.42e+01,
1964,0.00e+00,3.46e+01,
1965,8.00e-03,3.46e+01,
1966,8.00e-03,3.46e+01,
1967,0.00e+00,3.46e+01,
1968,8.00e-03,3.46e+01,
1969,8.00e-03,3.54e+01,
1970,0.00e+00,3.54e+01,
1971,0.00e+00,3.58e+01,
1972,0.00e+00,3.62e+01,
1973,0.00e+00,3.62e+01,
1974,0.00e+00,3.66e+01,
1975,-8.00e-03,3.70e+01,
1976,-8.00e-03,3.70e+01,
1977,-8.00e-03,3.74e+01,
1978,-1.60e-02,3.74e+01,
1979,-1.60e-02,3.78e+01,
1980,-1.60e-02,3.78e+01,
1981,-2.40e-02,3.78e+01,
1982,-2.40e-02,3.78e+01,
1983,-2.40e-02,3.78e+01,
1984,-2.40e-02,3.78e+01,
1985,-2.40e-02,3.78e+01,
1986,-2.40e-02,3.78e+01,
1987,-3.20e-02,3.78e+01,
1988,-3.20e-02,3.74e+01,
1989,-2.40e-02,3.74e+01,
1990,-2.40e-02,3.70e+01,
1991,-2.40e-02,3.70e+01,
1992,-2.40e-02,3.66e+01,
1993,-2.40e-02,3.66e+01,
1994,-1.60e-02,3.62e+01,
1995,-1.60e-02,3.62e+01,
1996,-1.60e-02,3.58e+01,
1997,-8.00e-03,3.58e+01,
1998,-8.00e-03,3.54e+01,
1999,-8.00e-03,3.54e+01,
2000,-8.00e-03,3.54e+01,
2001,-8.00e-03,3.54e+01,
2002,0.00e+00,3.46e+01,
2003,0.00e+00,3.46e+01,
2004,0.00e+00,3.54e+01,
2005,0.00e+00,3.46e+01,
2006,0.00e+00,3.54e+01,
2007,0.00e+00,3.54e+01,
2008,0.00e+00,3.54e+01,
2009,0.00e+00,3.58e+01,
2010,0.00e+00,3.58e+01,
2011,0.00e+00,3.58e+01,
2012,0.00e+00,3.62e+01,
2013,0.00e+00,3.62e+01,
2014,-8.00e-03,3.66e+01,
2015,-8.00e-03,3.70e+01,
2016,-8.00e-03,3.70e+01,
2017,-8.00e-03,3.70e+01,
2018,-1.60e-02,3.74e+01,
2019,-1.60e-02,3.74e+01,
2020,-1.60e-02,3.74e+01,
2021,-1.60e-02,3.74e+01,
2022,-2.40e-02,3.74e+01,
2023,-2.40e-02,3.78e+01,
2024,-2.40e-02,3.78e+01,
2025,-2.40e-02,3.78e+01,
2026,-2.40e-02,3.78e+01,
2027,-2.40e-02,3.74e+01,
2028,-2.40e-02,3.74e+01,
2029,-2.40e-02,3.74e+01,
2030,-2.40e-02,3.70e+01,
2031,-2.40e-02,3.70e+01,
2032,-2.40e-02,3.66e+01,
2033,-1.60e-02,3.66e+01,
2034,-1.60e-02,3.62e+01,
2035,-1.60e-02,3.62e+01,
2036,-1.60e-02,3.62e+01,
2037,-8.00e-03,3.58e+01,
2038,-8.00e-03,3.58e+01,
2039,-8.00e-03,3.58e+01,
2040,-8.00e-03,3.54e+01,
2041,0.00e+00,3.54e+01,
2042,-8.00e-03,3.54e+01,
2043,-8.00e-03,3.54e+01,
2044,0.00e+00,3.54e+01,
2045,0.00e+00,3.54e+01,
2046,0.00e+00,3.54e+01,
2047,0.00e+00,3.58e+01,
2048,0.00e+00,3.54e+01,
2049,0.00e+00,3.58e+01,
2050,0.00e+00,3.58e+01,
2051,0.00e+00,3.62e+01,
2052,-8.00e-03,3.62e+01,
2053,0.00e+00,3.62e+01,
2054,-8.00e-03,3.66e+01,
2055,-8.00e-03,3.66e+01,
2056,-8.00e-03,3.66e+01,
2057,-8.00e-03,3.70e+01,
2058,-1.60e-02,3.70e+01,
2059,-1.60e-02,3.70e+01,
2060,-1.60e-02,3.74e+01,
2061,-1.60e-02,3.74e+01,
2062,-1.60e-02,3.74e+01,
2063,-2.40e-02,3.74e+01,
2064,-2.40e-02,3.74e+01,
2065,-2.40e-02,3.74e+01,
2066,-2.40e-02,3.74e+01,
2067,-2.40e-02,3.74e+01,
2068,-2.40e-02,3.74e+01,
2069,-2.40e-02,3.70e+01,
2070,-2.40e-02,3.70e+01,
2071,-2.40e-02,3.70e+01,
2072,-1.60e-02,3.66e+01,
2073,-1.60e-02,3.66e+01,
2074,-1.60e-02,3.62e+01,
2075,-1.60e-02,3.62e+01,
2076,-1.60e-02,3.62e+01,
2077,-1.60e-02,3.62e+01,
2078,-8.00e-03,3.58e+01,
2079,-8.00e-03,3.58e+01,
2080,-8.00e-03,3.58e+01,
2081,-8.00e-03,3.58e+01,
2082,-8.00e-03,3.58e+01,
2083,-8.00e-03,3.54e+01,
2084,-8.00e-03,3.58e+01,
2085,0.00e+00,3.54e+01,
2086,0.00e+00,3.58e+01,
2087,-8.00e-03,3.58e+01,
2088,-8.00e-03,3.58e+01,
2089,0.00e+00,3.58e+01,
2090,0.00e+00,3.58e+01,
2091,-8.00e-03,3.62e+01,
2092,-8.00e-03,3.62e+01,
2093,-8.00e-03,3.62e+01,
2094,-8.00e-03,3.66e+01,
2095,-8.00e-03,3.66e+01,
2096,-8.00e-03,3.66e+01,
2097,-8.00e-03,3.70e+01,
2098,-8.00e-03,3.70e+01,
2099,-1.60e-02,3.70e+01,
2100,-1.60e-02,3.70e+01,
2101,-1.60e-02,3.70e+01,
2102,-1.60e-02,3.70e+01,
2103,-1.60e-02,3.74e+01,
2104,-1.60e-02,3.70e+01,
2105,-1.60e-02,3.74e+01,
2106,-1.60e-02,3.70e+01,
2107,-2.40e-02,3.70e+01,
2108,-1.60e-02,3.70e+01,
2109,-1.60e-02,3.70e+01,
2110,-1.60e-02,3.70e+01,
2111,-2.40e-02,3.66e+01,
2112,-1.60e-02,3.66e+01,
2113,-1.60e-02,3.66e+01,
2114,-1.60e-02,3.66e+01,
2115,-1.60e-02,3.62e+01,
2116,-1.60e-02,3.62e+01,
2117,-1.60e-02,3.62e+01,
2118,-8.00e-03,3.62e+01,
2119,-1.60e-02,3.58e+01,
2120,-8.00e-03,3.58e+01,
2121,-8.00e-03,3.58e+01,
2122,-8.00e-03,3.58e+01,
2123,-8.00e-03,3.58e+01,
2124,-8.00e-03,3.58e+01,
2125,-8.00e-03,3.58e+01,
2126,-8.00e-03,3.58e+01,
2127,-8.00e-03,3.58e+01,
2128,-8.00e-03,3.58e+01,
2129,0.00e+00,3.58e+01,
2130,-8.00e-03,3.62e+01,
2131,-8.00e-03,3.62e+01,
2132,-8.00e-03,3.62e+01,
2133,-8.00e-03,3.62e+01,
2134,-8.00e-03,3.62e+01,
2135,-8.00e-03,3.66e+01,
2136,-8.00e-03,3.66e+01,
2137,-8.00e-03,3.70e+01,
2138,-8.00e-03,3.66e+01,
2139,-1.60e-02,3.70e+01,
2140,-1.60e-02,3.70e+01,
2141,-1.60e-02,3.70e+01,
2142,-1.60e-02,3.70e+01,
2143,-1.60e-02,3.70e+01,
2144,-1.60e-02,3.70e+01,
2145,-1.60e-02,3.70e+01,
2146,-1.60e-02,3.70e+01,
2147,-2.40e-02,3.70e+01,
2148,-1.60e-02,3.70e+01,
2149,-1.60e-02,3.70e+01,
2150,-1.60e-02,3.66e+01,
2151,-1.60e-02,3.66e+01,
2152,-1.60e-02,3.66e+01,
2153,-1.60e-02,3.66e+01,
2154,-1.60e-02,3.62e+01,
2155,-1.60e-02,3.62e+01,
2156,-1.60e-02,3.62e+01,
2157,-8.00e-03,3.62e+01,
2158,-8.00e-03,3.62e+01,
2159,-1.60e-02,3.62e+01,
2160,-8.00e-03,3.58e+01,
2161,-8.00e-03,3.62e+01,
2162,-8.00e-03,3.58e+01,
2163,-8.00e-03,3.58e+01,
2164,-8.00e-03,3.58e+01,
2165,-8.00e-03,3.58e+01,
2166,-8.00e-03,3.58e+01,
2167,-8.00e-03,3.62e+01,
2168,-8.00e-03,3.58e+01,
2169,-8.00e-03,3.62e+01,
2170,-8.00e-03,3.62e+01,
2171,-8.00e-03,3.62e+01,
2172,-8.00e-03,3.62e+01,
2173,-8.00e-03,3.62e+01,
2174,-8.00e-03,3.62e+01,
2175,-8.00e-03,3.66e+01,
2176,-8.00e-03,3.66e+01,
2177,-8.00e-03,3.66e+01,
2178,-8.00e-03,3.66e+01,
2179,-1.60e-02,3.66e+01,
2180,-1.60e-02,3.70e+01,
2181,-8.00e-03,3.70e+01,
2182,-1.60e-02,3.70e+01,
2183,-1.60e-02,3.70e+01,
2184,-1.60e-02,3.70e+01,
2185,-1.60e-02,3.70e+01,
2186,-1.60e-02,3.70e+01,
2187,-1.60e-02,3.70e+01,
2188,-1.60e-02,3.70e+01,
2189,-1.60e-02,3.66e+01,
2190,-1.60e-02,3.66e+01,
2191,-1.60e-02,3.66e+01,
2192,-1.60e-02,3.66e+01,
2193,-1.60e-02,3.66e+01,
2194,-1.60e-02,3.66e+01,
2195,-1.60e-02,3.62e+01,
2196,-1.60e-02,3.62e+01,
2197,-8.00e-03,3.62e+01,
2198,-8.00e-03,3.62e+01,
2199,-8.00e-03,3.62e+01,
2200,-8.00e-03,3.62e+01,
2201,-8.00e-03,3.62e+01,
2202,-8.00e-03,3.62e+01,
2203,-8.00e-03,3.58e+01,
2204,-8.00e-03,3.58e+01,
2205,-8.00e-03,3.62e+01,
2206,-8.00e-03,3.62e+01,
2207,-8.00e-03,3.62e+01,
2208,-8.00e-03,3.62e+01,
2209,-8.00e-03,3.62e+01,
2210,-8.00e-03,3.62e+01,
2211,-8.00e-03,3.62e+01,
2212,-8.00e-03,3.62e+01,
2213,-8.00e-03,3.62e+01,
2214,-8.00e-03,3.62e+01,
2215,-8.00e-03,3.66e+01,
2216,-8.00e-03,3.66e+01,
2217,-8.00e-03,3.66e+01,
2218,-8.00e-03,3.66e+01,
2219,-1.60e-02,3.66e+01,
2220,-1.60e-02,3.66e+01,
2221,-8.00e-03,3.66e+01,
2222,-1.60e-02,3.66e+01,
2223,-1.60e-02,3.66e+01,
2224,-1.60e-02,3.70e+01,
2225,-1.60e-02,3.70e+01,
2226,-1.60e-02,3.66e+01,
2227,-1.60e-02,3.66e+01,
2228,-1.60e-02,3.66e+01,
2229,-1.60e-02,3.66e+01,
2230,-1.60e-02,3.66e+01,
2231,-1.60e-02,3.66e+01,
2232,-1.60e-02,3.66e+01,
2233,-1.60e-02,3.66e+01,
2234,-1.60e-02,3.62e+01,
2235,-1.60e-02,3.62e+01,
2236,-8.00e-03,3.62e+01,
2237,-8.00e-03,3.62e+01,
2238,-8.00e-03,3.62e+01,
2239,-1.60e-02,3.62e+01,
2240,-8.00e-03,3.62e+01,
2241,-8.00e-03,3.62e+01,
2242,-8.00e-03,3.62e+01,
2243,-8.00e-03,3.62e+01,
2244,-8.00e-03,3.62e+01,
2245,-8.00e-03,3.62e+01,
2246,-8.00e-03,3.62e+01,
2247,-8.00e-03,3.62e+01,
2248,-8.00e-03,3.62e+01,
2249,-8.00e-03,3.62e+01,
2250,-8.00e-03,3.62e+01,
2251,-8.00e-03,3.62e+01,
2252,-8.00e-03,3.62e+01,
2253,-8.00e-03,3.62e+01,
2254,-8.00e-03,3.62e+01,
2255,-8.00e-03,3.66e+01,
2256,-8.00e-03,3.66e+01,
2257,-8.00e-03,3.66e+01,
2258,-8.00e-03,3.66e+01,
2259,-1.60e-02,3.66e+01,
2260,-8.00e-03,3.66e+01,
2261,-8.00e-03,3.66e+01,
2262,-1.60e-02,3.66e+01,
2263,-1.60e-02,3.66e+01,
2264,-1.60e-02,3.66e+01,
2265,-1.60e-02,3.70e+01,
2266,-1.60e-02,3.66e+01,
2267,-1.60e-02,3.66e+01,
2268,-1.60e-02,3.66e+01,
2269,-8.00e-03,3.66e+01,
2270,-1.60e-02,3.66e+01,
2271,-1.60e-02,3.66e+01,
2272,-1.60e-02,3.66e+01,
2273,-1.60e-02,3.66e+01,
2274,-1.60e-02,3.66e+01,
2275,-1.60e-02,3.62e+01,
2276,-1.60e-02,3.62e+01,
2277,-8.00e-03,3.62e+01,
2278,-8.00e-03,3.62e+01,
2279,-8.00e-03,3.62e+01,
2280,-8.00e-03,3.62e+01,
2281,-8.00e-03,3.62e+01,
2282,-8.00e-03,3.62e+01,
2283,-8.00e-03,3.62e+01,
2284,-8.00e-03,3.62e+01,
2285,-8.00e-03,3.62e+01,
2286,-8.00e-03,3.62e+01,
2287,-8.00e-03,3.62e+01,
2288,-8.00e-03,3.62e+01,
2289,-8.00e-03,3.62e+01,
2290,-8.00e-03,3.62e+01,
2291,-8.00e-03,3.62e+01,
2292,-8.00e-03,3.62e+01,
2293,-8.00e-03,3.66e+01,
2294,-8.00e-03,3.66e+01,
2295,-8.00e-03,3.66e+01,
2296,-8.00e-03,3.66e+01,
2297,-8.00e-03,3.66e+01,
2298,-8.00e-03,3.66e+01,
2299,-8.00e-03,3.66e+01,
2300,-8.00e-03,3.66e+01,
2301,-8.00e-03,3.66e+01,
2302,-8.00e-03,3.66e+01,
2303,-1.60e-02,3.66e+01,
2304,-1.60e-02,3.66e+01,
2305,-1.60e-02,3.66e+01,
2306,-1.60e-02,3.66e+01,
2307,-1.60e-02,3.66e+01,
2308,-1.60e-02,3.66e+01,
2309,-1.60e-02,3.66e+01,
2310,-1.60e-02,3.66e+01,
2311,-1.60e-02,3.66e+01,
2312,-1.60e-02,3.66e+01,
2313,-1.60e-02,3.66e+01,
2314,-1.60e-02,3.62e+01,
2315,-1.60e-02,3.62e+01,
2316,-8.00e-03,3.62e+01,
2317,-8.00e-03,3.62e+01,
2318,-8.00e-03,3.62e+01,
2319,-1.60e-02,3.62e+01,
2320,-8.00e-03,3.62e+01,
2321,-8.00e-03,3.62e+01,
2322,-8.00e-03,3.62e+01,
2323,-8.00e-03,3.62e+01,
2324,-8.00e-03,3.62e+01,
2325,-8.00e-03,3.62e+01,
2326,-8.00e-03,3.62e+01,
2327,-8.00e-03,3.62e+01,
2328,-8.00e-03,3.62e+01,
2329,-8.00e-03,3.62e+01,
2330,-8.00e-03,3.62e+01,
2331,-8.00e-03,3.62e+01,
2332,-8.00e-03,3.62e+01,
2333,-8.00e-03,3.62e+01,
2334,-8.00e-03,3.62e+01,
2335,-8.00e-03,3.66e+01,
2336,-8.00e-03,3.66e+01,
2337,-8.00e-03,3.66e+01,
2338,-8.00e-03,3.66e+01,
2339,-1.60e-02,3.66e+01,
2340,-8.00e-03,3.66e+01,
2341,-8.00e-03,3.66e+01,
2342,-8.00e-03,3.66e+01,
2343,-1.60e-02,3.66e+01,
2344,-1.60e-02,3.66e+01,
2345,-8.00e-03,3.66e+01,
2346,-1.60e-02,3.66e+01,
2347,-1.60e-02,3.66e+01,
2348,-1.60e-02,3.66e+01,
2349,-1.60e-02,3.66e+01,
2350,-1.60e-02,3.66e+01,
2351,-1.60e-02,3.66e+01,
2352,-1.60e-02,3.66e+01,
2353,-8.00e-03,3.66e+01,
2354,-1.60e-02,3.66e+01,
2355,-1.60e-02,3.66e+01,
2356,-8.00e-03,3.62e+01,
2357,-8.00e-03,3.62e+01,
2358,-8.00e-03,3.62e+01,
2359,-1.60e-02,3.62e+01,
2360,-8.00e-03,3.62e+01,
2361,-8.00e-03,3.62e+01,
2362,-8.00e-03,3.62e+01,
2363,-8.00e-03,3.62e+01,
2364,-8.00e-03,3.62e+01,
2365,-8.00e-03,3.62e+01,
2366,-8.00e-03,3.62e+01,
2367,-8.00e-03,3.62e+01,
2368,-8.00e-03,3.62e+01,
2369,-8.00e-03,3.62e+01,
2370,-8.00e-03,3.62e+01,
2371,-8.00e-03,3.62e+01,
2372,-8.00e-03,3.62e+01,
2373,-8.00e-03,3.62e+01,
2374,-8.00e-03,3.62e+01,
2375,-8.00e-03,3.66e+01,
2376,-8.00e-03,3.62e+01,
2377,-8.00e-03,3.66e+01,
2378,-8.00e-03,3.62e+01,
2379,-1.60e-02,3.66e+01,
2380,-8.00e-03,3.66e+01,
2381,-8.00e-03,3.66e+01,
2382,-8.00e-03,3.66e+01,
2383,-1.60e-02,3.66e+01,
2384,-8.00e-03,3.66e+01,
2385,-8.00e-03,3.66e+01,
2386,-1.60e-02,3.66e+01,
2387,-1.60e-02,3.66e+01,
2388,-1.60e-02,3.66e+01,
2389,-8.00e-03,3.66e+01,
2390,-8.00e-03,3.66e+01,
2391,-1.60e-02,3.66e+01,
2392,-1.60e-02,3.66e+01,
2393,-8.00e-03,3.66e+01,
2394,-8.00e-03,3.66e+01,
2395,-1.60e-02,3.62e+01,
2396,-8.00e-03,3.66e+01,
2397,-8.00e-03,3.62e+01,
2398,-8.00e-03,3.62e+01,
2399,-8.00e-03,3.62e+01,
2400,-8.00e-03,3.62e+01,
2401,-8.00e-03,3.62e+01,
2402,-8.00e-03,3.62e+01,
2403,-8.00e-03,3.62e+01,
2404,-8.00e-03,3.62e+01,
2405,-8.00e-03,3.62e+01,
2406,-8.00e-03,3.62e+01,
2407,-8.00e-03,3.62e+01,
2408,-8.00e-03,3.62e+01,
2409,-8.00e-03,3.62e+01,
2410,-8.00e-03,3.62e+01,
2411,-8.00e-03,3.62e+01,
2412,-8.00e-03,3.62e+01,
2413,-8.00e-03,3.62e+01,
2414,-8.00e-03,3.62e+01,
2415,-8.00e-03,3.66e+01,
2416,-8.00e-03,3.66e+01,
2417,-8.00e-03,3.66e+01,
2418,-8.00e-03,3.66e+01,
2419,-1.60e-02,3.66e+01,
2420,-8.00e-03,3.66e+01,
2421,-8.00e-03,3.66e+01,
2422,-8.00e-03,3.66e+01,
2423,-1.60e-02,3.66e+01,
2424,-8.00e-03,3.66e+01,
2425,-8.00e-03,3.66e+01,
2426,-8.00e-03,3.66e+01,
2427,-1.60e-02,3.66e+01,
2428,-1.60e-02,3.66e+01,
2429,-8.00e-03,3.66e+01,
2430,-1.60e-02,3.66e+01,
2431,-1.60e-02,3.66e+01,
2432,-1.60e-02,3.66e+01,
2433,-8.00e-03,3.66e+01,
2434,-1.60e-02,3.62e+01,
2435,-1.60e-02,3.62e+01,
2436,-1.60e-02,3.62e+01,
2437,-8.00e-03,3.62e+01,
2438,-8.00e-03,3.62e+01,
2439,-8.00e-03,3.62e+01,
2440,-8.00e-03,3.62e+01,
2441,-8.00e-03,3.62e+01,
2442,-8.00e-03,3.62e+01,
2443,-8.00e-03,3.62e+01,
2444,-8.00e-03,3.62e+01,
2445,-8.00e-03,3.62e+01,
2446,-8.00e-03,3.62e+01,
2447,-8.00e-03,3.62e+01,
2448,-8.00e-03,3.62e+01,
2449,-8.00e-03,3.66e+01,
2450,-8.00e-03,3.62e+01,
2451,-8.00e-03,3.62e+01,
2452,-8.00e-03,3.62e+01,
2453,-8.00e-03,3.62e+01,
2454,-8.00e-03,3.62e+01,
2455,-8.00e-03,3.62e+01,
2456,-8.00e-03,3.66e+01,
2457,-8.00e-03,3.66e+01,
2458,-8.00e-03,3.62e+01,
2459,-8.00e-03,3.66e+01,
2460,-8.00e-03,3.66e+01,
2461,-8.00e-03,3.62e+01,
2462,-8.00e-03,3.66e+01,
2463,-1.60e-02,3.66e+01,
2464,-8.00e-03,3.66e+01,
2465,-8.00e-03,3.66e+01,
2466,-8.00e-03,3.66e+01,
2467,-1.60e-02,3.66e+01,
2468,-8.00e-03,3.66e+01,
2469,-8.00e-03,3.66e+01,
2470,-8.00e-03,3.66e+01,
2471,-1.60e-02,3.66e+01,
2472,-8.00e-03,3.62e+01,
2473,-8.00e-03,3.66e+01,
2474,-8.00e-03,3.66e+01,
2475,-1.60e-02,3.62e+01,
2476,-8.00e-03,3.62e+01,
2477,-8.00e-03,3.62e+01,
2478,-8.00e-03,3.62e+01,
2479,-1.60e-02,3.62e+01,
2480,-8.00e-03,3.62e+01,
2481,-8.00e-03,3.62e+01,
2482,-8.00e-03,3.62e+01,
2483,-8.00e-03,3.62e+01,
2484,-8.00e-03,3.62e+01,
2485,-8.00e-03,3.62e+01,
2486,-8.00e-03,3.62e+01,
2487,-8.00e-03,3.62e+01,
2488,-8.00e-03,3.62e+01,
2489,-8.00e-03,3.62e+01,
2490,-8.00e-03,3.62e+01,
2491,-8.00e-03,3.62e+01,
2492,-8.00e-03,3.62e+01,
2493,-8.00e-03,3.62e+01,
2494,-8.00e-03,3.62e+01,
2495,-8.00e-03,3.62e+01,
2496,-8.00e-03,3.62e+01,
2497,-8.00e-03,3.66e+01,
2498,-8.00e-03,3.62e+01,
2499,-1.60e-02,3.66e+01,
2500,-8.00e-03,3.66e+01,
2501,-8.00e-03,3.66e+01,
2502,-8.00e-03,3.66e+01,
2503,-1.60e-02,3.62e+01,
2504,-8.00e-03,3.62e+01,
2505,-8.00e-03,3.66e+01,
2506,-8.00e-03,3.66e+01,
2507,-8.00e-03,3.66e+01,
2508,-8.00e-03,3.66e+01,
2509,-8.00e-03,3.66e+01,
2510,-8.00e-03,3.66e+01,
2511,-1.60e-02,3.66e+01,
2512,-8.00e-03,3.62e+01,
2513,-8.00e-03,3.66e+01,
2514,-8.00e-03,3.62e+01,
2515,-1.60e-02,3.62e+01,
2516,-8.00e-03,3.62e+01,
2517,-8.00e-03,3.66e+01,
2518,-8.00e-03,3.62e+01,
2519,-8.00e-03,3.62e+01,
2520,-8.00e-03,3.62e+01,
2521,-8.00e-03,3.62e+01,
2522,-8.00e-03,3.62e+01,
2523,-8.00e-03,3.62e+01,
2524,-8.00e-03,3.62e+01,
2525,-8.00e-03,3.62e+01,
2526,-8.00e-03,3.62e+01,
2527,-8.00e-03,3.62e+01,
2528,-8.00e-03,3.62e+01,
2529,-8.00e-03,3.62e+01,
2530,-8.00e-03,3.62e+01,
2531,-8.00e-03,3.62e+01,
2532,-8.00e-03,3.62e+01,
2533,-8.00e-03,3.62e+01,
2534,-8.00e-03,3.62e+01,
2535,-8.00e-03,3.66e+01,
2536,-8.00e-03,3.62e+01,
2537,-8.00e-03,3.66e+01,
2538,-8.00e-03,3.62e+01,
2539,-8.00e-03,3.66e+01,
2540,-8.00e-03,3.66e+01,
2541,-8.00e-03,3.62e+01,
2542,-8.00e-03,3.66e+01,
2543,-8.00e-03,3.66e+01,
2544,-8.00e-03,3.62e+01,
2545,-8.00e-03,3.66e+01,
2546,-8.00e-03,3.66e+01,
2547,-8.00e-03,3.66e+01,
2548,-8.00e-03,3.66e+01,
2549,-8.00e-03,3.66e+01,
2550,-8.00e-03,3.62e+01,
2551,-1.60e-02,3.66e+01,
2552,-8.00e-03,3.62e+01,
2553,-8.00e-03,3.66e+01,
2554,-8.00e-03,3.62e+01,
2555,-8.00e-03,3.62e+01,
2556,-8.00e-03,3.62e+01,
2557,-8.00e-03,3.62e+01,
2558,-8.00e-03,3.62e+01,
2559,-8.00e-03,3.62e+01,
2560,-8.00e-03,3.62e+01,
2561,-8.00e-03,3.62e+01,
2562,-8.00e-03,3.62e+01,
2563,-8.00e-03,3.62e+01,
2564,-8.00e-03,3.62e+01,
2565,-8.00e-03,3.62e+01,
2566,-8.00e-03,3.62e+01,
2567,-8.00e-03,3.62e+01,
2568,-8.00e-03,3.62e+01,
2569,-8.00e-03,3.62e+01,
2570,-8.00e-03,3.62e+01,
2571,-8.00e-03,3.62e+01,
2572,-8.00e-03,3.66e+01,
2573,-8.00e-03,3.62e+01,
2574,-8.00e-03,3.62e+01,
2575,-8.00e-03,3.62e+01,
2576,-8.00e-03,3.62e+01,
2577,-8.00e-03,3.66e+01,
2578,-8.00e-03,3.62e+01,
2579,-8.00e-03,3.62e+01,
2580,-8.00e-03,3.62e+01,
2581,-8.00e-03,3.62e+01,
2582,-8.00e-03,3.66e+01,
2583,-1.60e-02,3.62e+01,
2584,-8.00e-03,3.66e+01,
2585,-8.00e-03,3.66e+01,
2586,-8.00e-03,3.62e+01,
2587,-8.00e-03,3.62e+01,
2588,-8.00e-03,3.66e+01,
2589,-8.00e-03,3.62e+01,
2590,-8.00e-03,3.62e+01,
2591,-1.60e-02,3.66e+01,
2592,-8.00e-03,3.62e+01,
2593,-8.00e-03,3.66e+01,
2594,-8.00e-03,3.66e+01,
2595,-8.00e-03,3.62e+01,
2596,-8.00e-03,3.66e+01,
2597,-8.00e-03,3.66e+01,
2598,-8.00e-03,3.62e+01,
2599,-8.00e-03,3.62e+01,
2600,-8.00e-03,3.62e+01,
2601,-8.00e-03,3.62e+01,
2602,-8.00e-03,3.62e+01,
2603,-8.00e-03,3.62e+01,
2604,-8.00e-03,3.62e+01,
2605,-8.00e-03,3.62e+01,
2606,-8.00e-03,3.62e+01,
2607,-8.00e-03,3.62e+01,
2608,-8.00e-03,3.62e+01,
2609,-8.00e-03,3.62e+01,
2610,-8.00e-03,3.62e+01,
2611,-8.00e-03,3.62e+01,
2612,-8.00e-03,3.62e+01,
2613,-8.00e-03,3.62e+01,
2614,-8.00e-03,3.62e+01,
2615,-8.00e-03,3.62e+01,
2616,-8.00e-03,3.62e+01,
2617,-8.00e-03,3.66e+01,
2618,-8.00e-03,3.62e+01,
2619,-8.00e-03,3.62e+01,
2620,-8.00e-03,3.66e+01,
2621,-8.00e-03,3.62e+01,
2622,-8.00e-03,3.62e+01,
2623,-8.00e-03,3.66e+01,
2624,-8.00e-03,3.62e+01,
2625,-8.00e-03,3.66e+01,
2626,-8.00e-03,3.62e+01,
2627,-8.00e-03,3.66e+01,
2628,-8.00e-03,3.62e+01,
2629,-8.00e-03,3.66e+01,
2630,-8.00e-03,3.62e+01,
2631,-8.00e-03,3.62e+01,
2632,-8.00e-03,3.62e+01,
2633,-8.00e-03,3.66e+01,
2634,-8.00e-03,3.62e+01,
2635,-8.00e-03,3.62e+01,
2636,-8.00e-03,3.66e+01,
2637,-8.00e-03,3.62e+01,
2638,-8.00e-03,3.62e+01,
2639,-8.00e-03,3.62e+01,
2640,-8.00e-03,3.62e+01,
2641,-8.00e-03,3.62e+01,
2642,-8.00e-03,3.62e+01,
2643,-8.00e-03,3.62e+01,
2644,-8.00e-03,3.66e+01,
2645,-8.00e-03,3.62e+01,
2646,-8.00e-03,3.62e+01,
2647,-8.00e-03,3.62e+01,
2648,-8.00e-03,3.62e+01,
2649,-8.00e-03,3.62e+01,
2650,-8.00e-03,3.62e+01,
2651,-8.00e-03,3.62e+01,
2652,-8.00e-03,3.62e+01,
2653,-8.00e-03,3.62e+01,
2654,-8.00e-03,3.62e+01,
2655,-8.00e-03,3.62e+01,
2656,-8.00e-03,3.62e+01,
2657,-8.00e-03,3.62e+01,
2658,-8.00e-03,3.62e+01,
2659,-8.00e-03,3.62e+01,
2660,-8.00e-03,3.62e+01,
2661,-8.00e-03,3.62e+01,
2662,-8.00e-03,3.62e+01,
2663,-8.00e-03,3.62e+01,
2664,-8.00e-03,3.62e+01,
2665,-8.00e-03,3.62e+01,
2666,-8.00e-03,3.62e+01,
2667,-8.00e-03,3.62e+01,
2668,-8.00e-03,3.62e+01,
2669,-8.00e-03,3.62e+01,
2670,-8.00e-03,3.62e+01,
2671,-8.00e-03,3.66e+01,
2672,-8.00e-03,3.62e+01,
2673,-8.00e-03,3.62e+01,
2674,-8.00e-03,3.62e+01,
2675,-8.00e-03,3.62e+01,
2676,-8.00e-03,3.62e+01,
2677,-8.00e-03,3.62e+01,
2678,-8.00e-03,3.62e+01,
2679,-8.00e-03,3.62e+01,
2680,-8.00e-03,3.62e+01,
2681,-8.00e-03,3.62e+01,
2682,-8.00e-03,3.62e+01,
2683,-8.00e-03,3.62e+01,
2684,-8.00e-03,3.62e+01,
2685,-8.00e-03,3.62e+01,
2686,-8.00e-03,3.62e+01,
2687,-8.00e-03,3.62e+01,
2688,-8.00e-03,3.62e+01,
2689,-8.00e-03,3.62e+01,
2690,-8.00e-03,3.62e+01,
2691,-8.00e-03,3.62e+01,
2692,-8.00e-03,3.62e+01,
2693,-8.00e-03,3.62e+01,
2694,-8.00e-03,3.62e+01,
2695,-8.00e-03,3.62e+01,
2696,-8.00e-03,3.62e+01,
2697,-8.00e-03,3.62e+01,
2698,-8.00e-03,3.62e+01,
2699,-8.00e-03,3.66e+01,
2700,-8.00e-03,3.62e+01,
2701,-8.00e-03,3.62e+01,
2702,-8.00e-03,3.62e+01,
2703,-8.00e-03,3.66e+01,
2704,-8.00e-03,3.62e+01,
2705,-8.00e-03,3.62e+01,
2706,-8.00e-03,3.62e+01,
2707,-8.00e-03,3.62e+01,
2708,-8.00e-03,3.62e+01,
2709,-8.00e-03,3.62e+01,
2710,-8.00e-03,3.62e+01,
2711,-8.00e-03,3.62e+01,
2712,-8.00e-03,3.62e+01,
2713,-8.00e-03,3.66e+01,
2714,-8.00e-03,3.62e+01,
2715,-8.00e-03,3.62e+01,
2716,-8.00e-03,3.62e+01,
2717,-8.00e-03,3.62e+01,
2718,-8.00e-03,3.62e+01,
2719,-8.00e-03,3.62e+01,
2720,-8.00e-03,3.62e+01,
2721,-8.00e-03,3.66e+01,
2722,-8.00e-03,3.62e+01,
2723,-8.00e-03,3.62e+01,
2724,-8.00e-03,3.62e+01,
2725,-8.00e-03,3.62e+01,
2726,-8.00e-03,3.62e+01,
2727,-8.00e-03,3.62e+01,
2728,-8.00e-03,3.62e+01,
2729,-8.00e-03,3.62e+01,
2730,-8.00e-03,3.62e+01,
2731,-8.00e-03,3.62e+01,
2732,-8.00e-03,3.66e+01,
2733,-8.00e-03,3.62e+01,
2734,-8.00e-03,3.62e+01,
2735,-8.00e-03,3.62e+01,
2736,-8.00e-03,3.62e+01,
2737,-8.00e-03,3.66e+01,
2738,-8.00e-03,3.62e+01,
2739,-8.00e-03,3.62e+01,
2740,-8.00e-03,3.62e+01,
2741,-8.00e-03,3.62e+01,
2742,-8.00e-03,3.62e+01,
2743,-8.00e-03,3.62e+01,
2744,-8.00e-03,3.62e+01,
2745,-8.00e-03,3.62e+01,
2746,-8.00e-03,3.62e+01,
2747,-8.00e-03,3.66e+01,
2748,-8.00e-03,3.66e+01,
2749,-8.00e-03,3.62e+01,
2750,-8.00e-03,3.62e+01,
2751,-8.00e-03,3.62e+01,
2752,-8.00e-03,3.62e+01,
2753,-8.00e-03,3.66e+01,
2754,-8.00e-03,3.62e+01,
2755,-8.00e-03,3.62e+01,
2756,-8.00e-03,3.62e+01,
2757,-8.00e-03,3.62e+01,
2758,-8.00e-03,3.62e+01,
2759,-8.00e-03,3.62e+01,
2760,-8.00e-03,3.62e+01,
2761,-8.00e-03,3.66e+01,
2762,-8.00e-03,3.62e+01,
2763,-8.00e-03,3.62e+01,
2764,-8.00e-03,3.62e+01,
2765,-8.00e-03,3.62e+01,
2766,-8.00e-03,3.62e+01,
2767,-8.00e-03,3.62e+01,
2768,-8.00e-03,3.62e+01,
2769,-8.00e-03,3.62e+01,
2770,-8.00e-03,3.62e+01,
2771,-8.00e-03,3.62e+01,
2772,-8.00e-03,3.62e+01,
2773,-8.00e-03,3.62e+01,
2774,-8.00e-03,3.62e+01,
2775,-8.00e-03,3.62e+01,
2776,-8.00e-03,3.62e+01,
2777,-8.00e-03,3.62e+01,
2778,-8.00e-03,3.62e+01,
2779,-8.00e-03,3.62e+01,
2780,-8.00e-03,3.66e+01,
2781,-8.00e-03,3.62e+01,
2782,-8.00e-03,3.62e+01,
2783,-8.00e-03,3.62e+01,
2784,-8.00e-03,3.62e+01,
2785,-8.00e-03,3.62e+01,
2786,-8.00e-03,3.62e+01,
2787,-8.00e-03,3.62e+01,
2788,-8.00e-03,3.62e+01,
2789,-8.00e-03,3.66e+01,
2790,-8.00e-03,3.62e+01,
2791,-8.00e-03,3.62e+01,
2792,-8.00e-03,3.62e+01,
2793,-8.00e-03,3.62e+01,
2794,-8.00e-03,3.62e+01,
2795,-8.00e-03,3.62e+01,
2796,-8.00e-03,3.62e+01,
2797,-8.00e-03,3.62e+01,
2798,-8.00e-03,3.62e+01,
2799,-8.00e-03,3.62e+01,
2800,-8.00e-03,3.62e+01,
2801,-8.00e-03,3.62e+01,
2802,-8.00e-03,3.62e+01,
2803,-8.00e-03,3.62e+01,
2804,-8.00e-03,3.62e+01,
2805,-8.00e-03,3.62e+01,
2806,-8.00e-03,3.62e+01,
2807,-8.00e-03,3.62e+01,
2808,-8.00e-03,3.62e+01,
2809,-8.00e-03,3.62e+01,
2810,-8.00e-03,3.62e+01,
2811,-8.00e-03,3.62e+01,
2812,-8.00e-03,3.66e+01,
2813,-8.00e-03,3.62e+01,
2814,-8.00e-03,3.62e+01,
2815,-8.00e-03,3.62e+01,
2816,-8.00e-03,3.62e+01,
2817,-8.00e-03,3.62e+01,
2818,-8.00e-03,3.62e+01,
2819,-8.00e-03,3.62e+01,
2820,-8.00e-03,3.62e+01,
2821,-8.00e-03,3.62e+01,
2822,-8.00e-03,3.62e+01,
2823,-8.00e-03,3.62e+01,
2824,-8.00e-03,3.62e+01,
2825,-8.00e-03,3.66e+01,
2826,-8.00e-03,3.62e+01,
2827,-8.00e-03,3.62e+01,
2828,-8.00e-03,3.62e+01,
2829,-8.00e-03,3.62e+01,
2830,-8.00e-03,3.62e+01,
2831,-8.00e-03,3.62e+01,
2832,-8.00e-03,3.62e+01,
2833,-8.00e-03,3.62e+01,
2834,-8.00e-03,3.66e+01,
2835,-8.00e-03,3.62e+01,
2836,-8.00e-03,3.62e+01,
2837,-8.00e-03,3.62e+01,
2838,-8.00e-03,3.62e+01,
2839,-8.00e-03,3.62e+01,
2840,-8.00e-03,3.62e+01,
2841,-8.00e-03,3.62e+01,
2842,-8.00e-03,3.62e+01,
2843,-8.00e-03,3.62e+01,
2844,-8.00e-03,3.62e+01,
2845,-8.00e-03,3.62e+01,
2846,-8.00e-03,3.62e+01,
2847,-8.00e-03,3.62e+01,
2848,-8.00e-03,3.62e+01,
2849,-8.00e-03,3.62e+01,
2850,-8.00e-03,3.62e+01,
2851,-8.00e-03,3.62e+01,
2852,-8.00e-03,3.62e+01,
2853,-8.00e-03,3.62e+01,
2854,-8.00e-03,3.62e+01,
2855,-8.00e-03,3.62e+01,
2856,-8.00e-03,3.62e+01,
2857,-8.00e-03,3.62e+01,
2858,-8.00e-03,3.62e+01,
2859,-8.00e-03,3.62e+01,
2860,-8.00e-03,3.62e+01,
2861,-8.00e-03,3.62e+01,
2862,-8.00e-03,3.62e+01,
2863,-8.00e-03,3.62e+01,
2864,-8.00e-03,3.62e+01,
2865,-8.00e-03,3.62e+01,
2866,-8.00e-03,3.62e+01,
2867,-8.00e-03,3.62e+01,
2868,-8.00e-03,3.62e+01,
2869,-8.00e-03,3.62e+01,
2870,-8.00e-03,3.62e+01,
2871,-8.00e-03,3.62e+01,
2872,-8.00e-03,3.62e+01,
2873,-8.00e-03,3.66e+01,
2874,-8.00e-03,3.62e+01,
2875,-8.00e-03,3.62e+01,
2876,-8.00e-03,3.62e+01,
2877,-8.00e-03,3.62e+01,
2878,-8.00e-03,3.62e+01,
2879,-8.00e-03,3.62e+01,
2880,-8.00e-03,3.62e+01,
2881,-8.00e-03,3.66e+01,
2882,-8.00e-03,3.62e+01,
2883,-8.00e-03,3.62e+01,
2884,-8.00e-03,3.62e+01,
2885,-8.00e-03,3.62e+01,
2886,-8.00e-03,3.62e+01,
2887,-8.00e-03,3.62e+01,
2888,-8.00e-03,3.62e+01,
2889,-8.00e-03,3.62e+01,
2890,-8.00e-03,3.62e+01,
2891,-8.00e-03,3.62e+01,
2892,-8.00e-03,3.62e+01,
2893,-8.00e-03,3.62e+01,
2894,-8.00e-03,3.62e+01,
2895,-8.00e-03,3.62e+01,
2896,-8.00e-03,3.62e+01,
2897,-8.00e-03,3.62e+01,
2898,-8.00e-03,3.62e+01,
2899,-8.00e-03,3.62e+01,
2900,-8.00e-03,3.62e+01,
2901,-8.00e-03,3.62e+01,
2902,-8.00e-03,3.62e+01,
2903,-8.00e-03,3.62e+01,
2904,-8.00e-03,3.62e+01,
2905,-8.00e-03,3.62e+01,
2906,-8.00e-03,3.62e+01,
2907,-8.00e-03,3.66e+01,
2908,-8.00e-03,3.62e+01,
2909,-8.00e-03,3.66e+01,
2910,-8.00e-03,3.62e+01,
2911,-8.00e-03,3.62e+01,
2912,-8.00e-03,3.62e+01,
2913,-8.00e-03,3.62e+01,
2914,-8.00e-03,3.62e+01,
2915,-8.00e-03,3.62e+01,
2916,-8.00e-03,3.62e+01,
2917,-8.00e-03,3.62e+01,
2918,-8.00e-03,3.62e+01,
2919,-8.00e-03,3.62e+01,
2920,-8.00e-03,3.62e+01,
2921,-8.00e-03,3.62e+01,
2922,-8.00e-03,3.62e+01,
2923,-8.00e-03,3.62e+01,
2924,-8.00e-03,3.62e+01,
2925,-8.00e-03,3.62e+01,
2926,-8.00e-03,3.62e+01,
2927,-8.00e-03,3.62e+01,
2928,-8.00e-03,3.62e+01,
2929,-8.00e-03,3.62e+01,
2930,-8.00e-03,3.62e+01,
2931,-8.00e-03,3.62e+01,
2932,-8.00e-03,3.66e+01,
2933,-8.00e-03,3.62e+01,
2934,-8.00e-03,3.62e+01,
2935,-8.00e-03,3.66e+01,
2936,-8.00e-03,3.62e+01,
2937,-8.00e-03,3.62e+01,
2938,-8.00e-03,3.62e+01,
2939,-8.00e-03,3.62e+01,
2940,-8.00e-03,3.62e+01,
2941,-8.00e-03,3.62e+01,
2942,-8.00e-03,3.62e+01,
2943,-1.60e-02,3.62e+01,
2944,-8.00e-03,3.62e+01,
2945,-8.00e-03,3.62e+01,
2946,-8.00e-03,3.62e+01,
2947,-8.00e-03,3.62e+01,
2948,-8.00e-03,3.62e+01,
2949,-8.00e-03,3.62e+01,
2950,-8.00e-03,3.62e+01,
2951,-8.00e-03,3.62e+01,
2952,-8.00e-03,3.62e+01,
2953,-8.00e-03,3.62e+01,
2954,-8.00e-03,3.62e+01,
2955,-8.00e-03,3.62e+01,
2956,-8.00e-03,3.62e+01,
2957,-8.00e-03,3.62e+01,
2958,-8.00e-03,3.62e+01,
2959,-8.00e-03,3.62e+01,
2960,-8.00e-03,3.62e+01,
2961,-8.00e-03,3.62e+01,
2962,-8.00e-03,3.62e+01,
2963,-8.00e-03,3.62e+01,
2964,-8.00e-03,3.62e+01,
2965,-8.00e-03,3.62e+01,
2966,-8.00e-03,3.62e+01,
2967,-8.00e-03,3.62e+01,
2968,-8.00e-03,3.62e+01,
2969,-8.00e-03,3.62e+01,
2970,-8.00e-03,3.62e+01,
2971,-8.00e-03,3.62e+01,
2972,-8.00e-03,3.62e+01,
2973,-8.00e-03,3.62e+01,
2974,-8.00e-03,3.62e+01,
2975,-8.00e-03,3.62e+01,
2976,-8.00e-03,3.62e+01,
2977,-8.00e-03,3.62e+01,
2978,-8.00e-03,3.62e+01,
2979,-8.00e-03,3.62e+01,
2980,-8.00e-03,3.62e+01,
2981,-8.00e-03,3.62e+01,
2982,-8.00e-03,3.62e+01,
2983,-8.00e-03,3.62e+01,
2984,-8.00e-03,3.62e+01,
2985,-8.00e-03,3.62e+01,
2986,-8.00e-03,3.62e+01,
2987,-8.00e-03,3.62e+01,
2988,-8.00e-03,3.62e+01,
2989,-8.00e-03,3.62e+01,
2990,-8.00e-03,3.62e+01,
2991,-8.00e-03,3.62e+01,
2992,-8.00e-03,3.62e+01,
2993,-8.00e-03,3.62e+01,
2994,-8.00e-03,3.62e+01,
2995,-8.00e-03,3.62e+01,
2996,-8.00e-03,3.62e+01,
2997,-8.00e-03,3.62e+01,
2998,-8.00e-03,3.62e+01,
2999,-8.00e-03,3.62e+01,
3000,-8.00e-03,3.62e+01,
3001,-8.00e-03,3.62e+01,
3002,-8.00e-03,3.62e+01,
3003,-8.00e-03,3.62e+01,
3004,-8.00e-03,3.62e+01,
3005,-8.00e-03,3.62e+01,
3006,-8.00e-03,3.62e+01,
3007,-8.00e-03,3.62e+01,
3008,-8.00e-03,3.62e+01,
3009,-8.00e-03,3.62e+01,
3010,-8.00e-03,3.62e+01,
3011,-8.00e-03,3.62e+01,
3012,-8.00e-03,3.62e+01,
3013,-8.00e-03,3.62e+01,
3014,-8.00e-03,3.62e+01,
3015,-8.00e-03,3.62e+01,
3016,-8.00e-03,3.62e+01,
3017,-8.00e-03,3.62e+01,
3018,-8.00e-03,3.62e+01,
3019,-8.00e-03,3.62e+01,
3020,-8.00e-03,3.62e+01,
3021,-8.00e-03,3.62e+01,
3022,-8.00e-03,3.62e+01,
3023,-8.00e-03,3.62e+01,
3024,-8.00e-03,3.62e+01,
3025,-8.00e-03,3.62e+01,
3026,-8.00e-03,3.62e+01,
3027,-8.00e-03,3.62e+01,
3028,-8.00e-03,3.62e+01,
3029,-8.00e-03,3.62e+01,
3030,-8.00e-03,3.62e+01,
3031,-8.00e-03,3.62e+01,
3032,-8.00e-03,3.62e+01,
3033,-8.00e-03,3.62e+01,
3034,-8.00e-03,3.62e+01,
3035,-8.00e-03,3.62e+01,
3036,-8.00e-03,3.62e+01,
3037,-8.00e-03,3.62e+01,
3038,-8.00e-03,3.62e+01,
3039,-8.00e-03,3.62e+01,
3040,-8.00e-03,3.62e+01,
3041,-8.00e-03,3.62e+01,
3042,-8.00e-03,3.62e+01,
3043,-8.00e-03,3.62e+01,
3044,-8.00e-03,3.62e+01,
3045,-8.00e-03,3.62e+01,
3046,-8.00e-03,3.62e+01,
3047,-8.00e-03,3.62e+01,
3048,-8.00e-03,3.62e+01,
3049,-8.00e-03,3.62e+01,
3050,-8.00e-03,3.62e+01,
3051,-8.00e-03,3.62e+01,
3052,-8.00e-03,3.62e+01,
3053,-8.00e-03,3.62e+01,
3054,-8.00e-03,3.62e+01,
3055,-8.00e-03,3.62e+01,
3056,-8.00e-03,3.62e+01,
3057,-8.00e-03,3.62e+01,
3058,-8.00e-03,3.62e+01,
3059,-8.00e-03,3.62e+01,
3060,-8.00e-03,3.62e+01,
3061,-8.00e-03,3.62e+01,
3062,-8.00e-03,3.62e+01,
3063,-8.00e-03,3.62e+01,
3064,-8.00e-03,3.62e+01,
3065,-8.00e-03,3.62e+01,
3066,-8.00e-03,3.62e+01,
3067,-8.00e-03,3.62e+01,
3068,-8.00e-03,3.62e+01,
3069,-8.00e-03,3.62e+01,
3070,-8.00e-03,3.62e+01,
3071,-8.00e-03,3.62e+01,
3072,-8.00e-03,3.62e+01,
3073,-8.00e-03,3.62e+01,
3074,-8.00e-03,3.62e+01,
3075,-8.00e-03,3.62e+01,
3076,-8.00e-03,3.62e+01,
3077,-8.00e-03,3.62e+01,
3078,-8.00e-03,3.62e+01,
3079,-8.00e-03,3.62e+01,
3080,-8.00e-03,3.62e+01,
3081,-8.00e-03,3.62e+01,
3082,-8.00e-03,3.62e+01,
3083,-8.00e-03,3.62e+01,
3084,-8.00e-03,3.62e+01,
3085,-8.00e-03,3.62e+01,
3086,-8.00e-03,3.62e+01,
3087,-8.00e-03,3.62e+01,
3088,-8.00e-03,3.62e+01,
3089,-8.00e-03,3.62e+01,
3090,-8.00e-03,3.62e+01,
3091,-8.00e-03,3.62e+01,
3092,-8.00e-03,3.62e+01,
3093,-8.00e-03,3.62e+01,
3094,-8.00e-03,3.62e+01,
3095,-8.00e-03,3.62e+01,
3096,-8.00e-03,3.62e+01,
3097,-8.00e-03,3.62e+01,
3098,-8.00e-03,3.62e+01,
3099,-8.00e-03,3.62e+01,
3100,-8.00e-03,3.62e+01,
3101,-8.00e-03,3.62e+01,
3102,-8.00e-03,3.62e+01,
3103,-8.00e-03,3.62e+01,
3104,-8.00e-03,3.62e+01,
3105,-8.00e-03,3.62e+01,
3106,-8.00e-03,3.62e+01,
3107,-8.00e-03,3.62e+01,
3108,-8.00e-03,3.62e+01,
3109,-8.00e-03,3.62e+01,
3110,-8.00e-03,3.62e+01,
3111,-8.00e-03,3.62e+01,
3112,-8.00e-03,3.62e+01,
3113,-8.00e-03,3.62e+01,
3114,-8.00e-03,3.62e+01,
3115,-8.00e-03,3.62e+01,
3116,-8.00e-03,3.62e+01,
3117,-8.00e-03,3.62e+01,
3118,-8.00e-03,3.62e+01,
3119,-8.00e-03,3.62e+01,
3120,-8.00e-03,3.62e+01,
3121,-8.00e-03,3.62e+01,
3122,-8.00e-03,3.62e+01,
3123,-8.00e-03,3.62e+01,
3124,-8.00e-03,3.62e+01,
3125,-8.00e-03,3.62e+01,
3126,-8.00e-03,3.62e+01,
3127,-8.00e-03,3.62e+01,
3128,-8.00e-03,3.62e+01,
3129,-8.00e-03,3.62e+01,
3130,-8.00e-03,3.62e+01,
3131,-8.00e-03,3.62e+01,
3132,-8.00e-03,3.62e+01,
3133,-8.00e-03,3.62e+01,
3134,-8.00e-03,3.62e+01,
3135,-8.00e-03,3.62e+01,
3136,-8.00e-03,3.62e+01,
3137,-8.00e-03,3.62e+01,
3138,-8.00e-03,3.62e+01,
3139,-8.00e-03,3.62e+01,
3140,-8.00e-03,3.62e+01,
3141,-8.00e-03,3.62e+01,
3142,-8.00e-03,3.62e+01,
3143,-8.00e-03,3.62e+01,
3144,-8.00e-03,3.62e+01,
3145,-8.00e-03,3.62e+01,
3146,-8.00e-03,3.62e+01,
3147,-8.00e-03,3.62e+01,
3148,-8.00e-03,3.62e+01,
3149,-8.00e-03,3.62e+01,
3150,-8.00e-03,3.62e+01,
3151,-8.00e-03,3.62e+01,
3152,-8.00e-03,3.62e+01,
3153,-8.00e-03,3.62e+01,
3154,-8.00e-03,3.62e+01,
3155,-8.00e-03,3.62e+01,
3156,-8.00e-03,3.62e+01,
3157,-8.00e-03,3.62e+01,
3158,-8.00e-03,3.62e+01,
3159,-8.00e-03,3.62e+01,
3160,-8.00e-03,3.62e+01,
3161,-8.00e-03,3.62e+01,
3162,-8.00e-03,3.62e+01,
3163,-8.00e-03,3.62e+01,
3164,-8.00e-03,3.62e+01,
3165,-8.00e-03,3.62e+01,
3166,-8.00e-03,3.62e+01,
3167,-8.00e-03,3.62e+01,
3168,-8.00e-03,3.62e+01,
3169,-8.00e-03,3.62e+01,
3170,-8.00e-03,3.62e+01,
3171,-8.00e-03,3.62e+01,
3172,-8.00e-03,3.62e+01,
3173,-8.00e-03,3.62e+01,
3174,-8.00e-03,3.62e+01,
3175,-8.00e-03,3.62e+01,
3176,-8.00e-03,3.62e+01,
3177,-8.00e-03,3.62e+01,
3178,-8.00e-03,3.62e+01,
3179,-8.00e-03,3.62e+01,
3180,-8.00e-03,3.62e+01,
3181,-8.00e-03,3.62e+01,
3182,-8.00e-03,3.62e+01,
3183,-8.00e-03,3.62e+01,
3184,-8.00e-03,3.62e+01,
3185,-8.00e-03,3.62e+01,
3186,-8.00e-03,3.62e+01,
3187,-8.00e-03,3.62e+01,
3188,-8.00e-03,3.62e+01,
3189,-8.00e-03,3.62e+01,
3190,-8.00e-03,3.62e+01,
3191,-8.00e-03,3.62e+01,
3192,-8.00e-03,3.62e+01,
3193,-8.00e-03,3.62e+01,
3194,-8.00e-03,3.62e+01,
3195,-8.00e-03,3.62e+01,
3196,-8.00e-03,3.62e+01,
3197,-8.00e-03,3.62e+01,
3198,-8.00e-03,3.62e+01,
3199,-8.00e-03,3.62e+01,
3200,-8.00e-03,3.62e+01,
3201,-8.00e-03,3.62e+01,
3202,-8.00e-03,3.62e+01,
3203,-8.00e-03,3.62e+01,
3204,-8.00e-03,3.62e+01,
3205,-8.00e-03,3.62e+01,
3206,-8.00e-03,3.62e+01,
3207,-8.00e-03,3.62e+01,
3208,-8.00e-03,3.62e+01,
3209,-8.00e-03,3.62e+01,
3210,-8.00e-03,3.62e+01,
3211,-8.00e-03,3.62e+01,
3212,-8.00e-03,3.62e+01,
3213,-8.00e-03,3.62e+01,
3214,-8.00e-03,3.62e+01,
3215,-8.00e-03,3.62e+01,
3216,-8.00e-03,3.62e+01,
3217,-8.00e-03,3.62e+01,
3218,-8.00e-03,3.62e+01,
3219,-8.00e-03,3.62e+01,
3220,-8.00e-03,3.62e+01,
3221,-8.00e-03,3.62e+01,
3222,-8.00e-03,3.62e+01,
3223,-8.00e-03,3.62e+01,
3224,-8.00e-03,3.62e+01,
3225,-8.00e-03,3.62e+01,
3226,-8.00e-03,3.62e+01,
3227,-8.00e-03,3.62e+01,
3228,-8.00e-03,3.62e+01,
3229,-8.00e-03,3.62e+01,
3230,-8.00e-03,3.62e+01,
3231,-8.00e-03,3.62e+01,
3232,-8.00e-03,3.62e+01,
3233,-8.00e-03,3.62e+01,
3234,-8.00e-03,3.62e+01,
3235,-8.00e-03,3.62e+01,
3236,-8.00e-03,3.62e+01,
3237,-8.00e-03,3.62e+01,
3238,-8.00e-03,3.62e+01,
3239,-8.00e-03,3.62e+01,
3240,-8.00e-03,3.62e+01,
3241,-8.00e-03,3.62e+01,
3242,-8.00e-03,3.62e+01,
3243,-8.00e-03,3.62e+01,
3244,-8.00e-03,3.62e+01,
3245,-8.00e-03,3.62e+01,
3246,-8.00e-03,3.62e+01,
3247,-8.00e-03,3.62e+01,
3248,-8.00e-03,3.62e+01,
3249,-8.00e-03,3.62e+01,
3250,-8.00e-03,3.62e+01,
3251,-8.00e-03,3.62e+01,
3252,-8.00e-03,3.62e+01,
3253,-8.00e-03,3.62e+01,
3254,-8.00e-03,3.62e+01,
3255,-8.00e-03,3.62e+01,
3256,-8.00e-03,3.62e+01,
3257,-8.00e-03,3.62e+01,
3258,-8.00e-03,3.62e+01,
3259,-8.00e-03,3.62e+01,
3260,-8.00e-03,3.62e+01,
3261,-8.00e-03,3.62e+01,
3262,-8.00e-03,3.62e+01,
3263,-8.00e-03,3.62e+01,
3264,-8.00e-03,3.62e+01,
3265,-8.00e-03,3.62e+01,
3266,-8.00e-03,3.62e+01,
3267,-8.00e-03,3.62e+01,
3268,-8.00e-03,3.62e+01,
3269,-8.00e-03,3.62e+01,
3270,-8.00e-03,3.62e+01,
3271,-8.00e-03,3.62e+01,
3272,-8.00e-03,3.62e+01,
3273,-8.00e-03,3.62e+01,
3274,-8.00e-03,3.62e+01,
3275,-8.00e-03,3.62e+01,
3276,-8.00e-03,3.62e+01,
3277,-8.00e-03,3.62e+01,
3278,-8.00e-03,3.62e+01,
3279,-8.00e-03,3.62e+01,
3280,-8.00e-03,3.62e+01,
3281,-8.00e-03,3.62e+01,
3282,-8.00e-03,3.62e+01,
3283,-8.00e-03,3.62e+01,
3284,-8.00e-03,3.62e+01,
3285,-8.00e-03,3.62e+01,
3286,-8.00e-03,3.62e+01,
3287,-8.00e-03,3.62e+01,
3288,-8.00e-03,3.62e+01,
3289,-8.00e-03,3.62e+01,
3290,-8.00e-03,3.62e+01,
3291,-8.00e-03,3.62e+01,
3292,-8.00e-03,3.62e+01,
3293,-8.00e-03,3.62e+01,
3294,-8.00e-03,3.62e+01,
3295,-8.00e-03,3.62e+01,
3296,-8.00e-03,3.62e+01,
3297,-8.00e-03,3.62e+01,
3298,-8.00e-03,3.62e+01,
3299,-8.00e-03,3.62e+01,
3300,-8.00e-03,3.62e+01,
3301,-8.00e-03,3.62e+01,
3302,-8.00e-03,3.62e+01,
3303,-8.00e-03,3.62e+01,
3304,-8.00e-03,3.62e+01,
3305,-8.00e-03,3.62e+01,
3306,-8.00e-03,3.62e+01,
3307,-8.00e-03,3.62e+01,
3308,-8.00e-03,3.62e+01,
3309,-8.00e-03,3.62e+01,
3310,-8.00e-03,3.62e+01,
3311,-8.00e-03,3.62e+01,
3312,-8.00e-03,3.62e+01,
3313,-8.00e-03,3.62e+01,
3314,-8.00e-03,3.62e+01,
3315,-8.00e-03,3.62e+01,
3316,-8.00e-03,3.62e+01,
3317,-8.00e-03,3.62e+01,
3318,-8.00e-03,3.62e+01,
3319,-8.00e-03,3.62e+01,
3320,-8.00e-03,3.62e+01,
3321,-8.00e-03,3.62e+01,
3322,-8.00e-03,3.62e+01,
3323,-8.00e-03,3.62e+01,
3324,-8.00e-03,3.62e+01,
3325,-8.00e-03,3.62e+01,
3326,-8.00e-03,3.62e+01,
3327,-8.00e-03,3.62e+01,
3328,-8.00e-03,3.62e+01,
3329,-8.00e-03,3.62e+01,
3330,-8.00e-03,3.62e+01,
3331,-8.00e-03,3.62e+01,
3332,-8.00e-03,3.62e+01,
3333,-8.00e-03,3.62e+01,
3334,-8.00e-03,3.62e+01,
3335,-8.00e-03,3.62e+01,
3336,-8.00e-03,3.62e+01,
3337,-8.00e-03,3.62e+01,
3338,-8.00e-03,3.62e+01,
3339,-8.00e-03,3.62e+01,
3340,-8.00e-03,3.62e+01,
3341,-8.00e-03,3.62e+01,
3342,-8.00e-03,3.62e+01,
3343,-8.00e-03,3.62e+01,
3344,-8.00e-03,3.62e+01,
3345,-8.00e-03,3.62e+01,
3346,-8.00e-03,3.62e+01,
3347,-8.00e-03,3.62e+01,
3348,-8.00e-03,3.62e+01,
3349,-8.00e-03,3.62e+01,
3350,-8.00e-03,3.62e+01,
3351,-8.00e-03,3.62e+01,
3352,-8.00e-03,3.62e+01,
3353,-8.00e-03,3.62e+01,
3354,-8.00e-03,3.62e+01,
3355,-8.00e-03,3.62e+01,
3356,-8.00e-03,3.62e+01,
3357,-8.00e-03,3.62e+01,
3358,-8.00e-03,3.62e+01,
3359,-8.00e-03,3.62e+01,
3360,-8.00e-03,3.62e+01,
3361,-8.00e-03,3.62e+01,
3362,-8.00e-03,3.62e+01,
3363,-8.00e-03,3.62e+01,
3364,-8.00e-03,3.62e+01,
3365,-8.00e-03,3.62e+01,
3366,-8.00e-03,3.62e+01,
3367,-8.00e-03,3.62e+01,
3368,-8.00e-03,3.62e+01,
3369,-8.00e-03,3.62e+01,
3370,-8.00e-03,3.62e+01,
3371,-8.00e-03,3.62e+01,
3372,-8.00e-03,3.62e+01,
3373,-8.00e-03,3.62e+01,
3374,-8.00e-03,3.62e+01,
3375,-8.00e-03,3.62e+01,
3376,-8.00e-03,3.62e+01,
3377,-8.00e-03,3.62e+01,
3378,-8.00e-03,3.62e+01,
3379,-8.00e-03,3.62e+01,
3380,-8.00e-03,3.62e+01,
3381,-8.00e-03,3.62e+01,
3382,-8.00e-03,3.62e+01,
3383,-8.00e-03,3.62e+01,
3384,-8.00e-03,3.62e+01,
3385,-8.00e-03,3.62e+01,
3386,-8.00e-03,3.62e+01,
3387,-8.00e-03,3.62e+01,
3388,-8.00e-03,3.62e+01,
3389,-8.00e-03,3.62e+01,
3390,-8.00e-03,3.62e+01,
3391,-8.00e-03,3.62e+01,
3392,-8.00e-03,3.62e+01,
3393,-8.00e-03,3.62e+01,
3394,-8.00e-03,3.62e+01,
3395,-8.00e-03,3.62e+01,
3396,-8.00e-03,3.62e+01,
3397,-8.00e-03,3.62e+01,
3398,-8.00e-03,3.62e+01,
3399,-8.00e-03,3.62e+01,
3400,-8.00e-03,3.62e+01,
3401,-8.00e-03,3.62e+01,
3402,-8.00e-03,3.62e+01,
3403,-8.00e-03,3.62e+01,
3404,-8.00e-03,3.62e+01,
3405,-8.00e-03,3.62e+01,
3406,-8.00e-03,3.62e+01,
3407,-8.00e-03,3.62e+01,
3408,-8.00e-03,3.62e+01,
3409,-8.00e-03,3.62e+01,
3410,-8.00e-03,3.62e+01,
3411,-8.00e-03,3.62e+01,
3412,-8.00e-03,3.62e+01,
3413,-8.00e-03,3.62e+01,
3414,-8.00e-03,3.62e+01,
3415,-8.00e-03,3.62e+01,
3416,-8.00e-03,3.62e+01,
3417,-8.00e-03,3.62e+01,
3418,-8.00e-03,3.62e+01,
3419,-8.00e-03,3.62e+01,
3420,-8.00e-03,3.62e+01,
3421,-8.00e-03,3.62e+01,
3422,-8.00e-03,3.62e+01,
3423,-8.00e-03,3.62e+01,
3424,-8.00e-03,3.62e+01,
3425,-8.00e-03,3.62e+01,
3426,-8.00e-03,3.62e+01,
3427,-8.00e-03,3.62e+01,
3428,-8.00e-03,3.62e+01,
3429,-8.00e-03,3.62e+01,
3430,-8.00e-03,3.62e+01,
3431,-8.00e-03,3.62e+01,
3432,-8.00e-03,3.58e+01,
3433,-8.00e-03,3.62e+01,
3434,-8.00e-03,3.62e+01,
3435,-8.00e-03,3.62e+01,
3436,-8.00e-03,3.62e+01,
3437,-8.00e-03,3.62e+01,
3438,-8.00e-03,3.58e+01,
3439,-8.00e-03,3.62e+01,
3440,-8.00e-03,3.58e+01,
3441,-8.00e-03,3.62e+01,
3442,-8.00e-03,3.58e+01,
3443,-8.00e-03,3.62e+01,
3444,-8.00e-03,3.62e+01,
3445,-8.00e-03,3.62e+01,
3446,-8.00e-03,3.62e+01,
3447,-8.00e-03,3.62e+01,
3448,-8.00e-03,3.62e+01,
3449,-8.00e-03,3.62e+01,
3450,-8.00e-03,3.62e+01,
3451,-8.00e-03,3.58e+01,
3452,-8.00e-03,3.62e+01,
3453,-8.00e-03,3.62e+01,
3454,-8.00e-03,3.62e+01,
3455,-8.00e-03,3.62e+01,
3456,-8.00e-03,3.62e+01,
3457,-8.00e-03,3.62e+01,
3458,-8.00e-03,3.62e+01,
3459,-8.00e-03,3.62e+01,
3460,-8.00e-03,3.62e+01,
3461,-8.00e-03,3.62e+01,
3462,-8.00e-03,3.62e+01,
3463,-8.00e-03,3.62e+01,
3464,-8.00e-03,3.62e+01,
3465,-8.00e-03,3.62e+01,
3466,-8.00e-03,3.62e+01,
3467,-8.00e-03,3.62e+01,
3468,-8.00e-03,3.62e+01,
3469,-8.00e-03,3.62e+01,
3470,-8.00e-03,3.62e+01,
3471,-8.00e-03,3.62e+01,
3472,-8.00e-03,3.58e+01,
3473,-8.00e-03,3.62e+01,
3474,-8.00e-03,3.62e+01,
3475,-8.00e-03,3.58e+01,
3476,-8.00e-03,3.62e+01,
3477,-8.00e-03,3.62e+01,
3478,-8.00e-03,3.62e+01,
3479,-8.00e-03,3.62e+01,
3480,-8.00e-03,3.58e+01,
3481,-8.00e-03,3.62e+01,
3482,-8.00e-03,3.62e+01,
3483,-8.00e-03,3.62e+01,
3484,-8.00e-03,3.62e+01,
3485,-8.00e-03,3.62e+01,
3486,-8.00e-03,3.62e+01,
3487,-8.00e-03,3.62e+01,
3488,-8.00e-03,3.58e+01,
3489,-8.00e-03,3.62e+01,
3490,-8.00e-03,3.62e+01,
3491,-8.00e-03,3.62e+01,
3492,-8.00e-03,3.62e+01,
3493,-8.00e-03,3.62e+01,
3494,-8.00e-03,3.62e+01,
3495,-8.00e-03,3.62e+01,
3496,-8.00e-03,3.58e+01,
3497,-8.00e-03,3.62e+01,
3498,-8.00e-03,3.58e+01,
3499,-8.00e-03,3.62e+01,
3500,-8.00e-03,3.62e+01,
3501,-8.00e-03,3.62e+01,
3502,-8.00e-03,3.58e+01,
3503,-8.00e-03,3.62e+01,
3504,-8.00e-03,3.62e+01,
3505,-8.00e-03,3.62e+01,
3506,-8.00e-03,3.62e+01,
3507,-8.00e-03,3.62e+01,
3508,-8.00e-03,3.58e+01,
3509,-8.00e-03,3.62e+01,
3510,-8.00e-03,3.62e+01,
3511,-8.00e-03,3.62e+01,
3512,-8.00e-03,3.58e+01,
3513,-8.00e-03,3.62e+01,
3514,-8.00e-03,3.62e+01,
3515,-8.00e-03,3.62e+01,
3516,-8.00e-03,3.62e+01,
3517,-8.00e-03,3.62e+01,
3518,-8.00e-03,3.62e+01,
3519,-8.00e-03,3.62e+01,
3520,-8.00e-03,3.58e+01,
3521,-8.00e-03,3.62e+01,
3522,-8.00e-03,3.58e+01,
3523,-8.00e-03,3.62e+01,
3524,-8.00e-03,3.58e+01,
3525,-8.00e-03,3.58e+01,
3526,-8.00e-03,3.62e+01,
3527,-8.00e-03,3.62e+01,
3528,-8.00e-03,3.62e+01,
3529,-8.00e-03,3.62e+01,
3530,-8.00e-03,3.62e+01,
3531,-8.00e-03,3.58e+01,
3532,-8.00e-03,3.62e+01,
3533,-8.00e-03,3.58e+01,
3534,-8.00e-03,3.58e+01,
3535,-8.00e-03,3.62e+01,
3536,-8.00e-03,3.58e+01,
3537,-8.00e-03,3.62e+01,
3538,-8.00e-03,3.58e+01,
3539,-8.00e-03,3.62e+01,
3540,-8.00e-03,3.58e+01,
3541,-8.00e-03,3.62e+01,
3542,-8.00e-03,3.58e+01,
3543,-8.00e-03,3.62e+01,
3544,-8.00e-03,3.58e+01,
3545,-8.00e-03,3.62e+01,
3546,-8.00e-03,3.62e+01,
3547,-8.00e-03,3.62e+01,
3548,-8.00e-03,3.58e+01,
3549,-8.00e-03,3.58e+01,
3550,-8.00e-03,3.58e+01,
3551,-8.00e-03,3.62e+01,
3552,-8.00e-03,3.58e+01,
3553,-8.00e-03,3.58e+01,
3554,-8.00e-03,3.58e+01,
3555,-8.00e-03,3.58e+01,
3556,-8.00e-03,3.58e+01,
3557,-8.00e-03,3.58e+01,
3558,-8.00e-03,3.58e+01,
3559,-8.00e-03,3.62e+01,
3560,-8.00e-03,3.58e+01,
3561,-8.00e-03,3.62e+01,
3562,-8.00e-03,3.58e+01,
3563,-8.00e-03,3.58e+01,
3564,-8.00e-03,3.58e+01,
3565,-8.00e-03,3.62e+01,
3566,-8.00e-03,3.58e+01,
3567,-8.00e-03,3.62e+01,
3568,-8.00e-03,3.58e+01,
3569,-8.00e-03,3.62e+01,
3570,-8.00e-03,3.62e+01,
3571,-8.00e-03,3.58e+01,
3572,-8.00e-03,3.58e+01,
3573,-8.00e-03,3.58e+01,
3574,-8.00e-03,3.58e+01,
3575,-8.00e-03,3.62e+01,
3576,-8.00e-03,3.58e+01,
3577,-8.00e-03,3.58e+01,
3578,-8.00e-03,3.58e+01,
3579,-8.00e-03,3.58e+01,
3580,-8.00e-03,3.62e+01,
3581,-8.00e-03,3.62e+01,
3582,-8.00e-03,3.58e+01,
3583,-8.00e-03,3.58e+01,
3584,-8.00e-03,3.58e+01,
3585,-8.00e-03,3.62e+01,
3586,-8.00e-03,3.58e+01,
3587,-8.00e-03,3.58e+01,
3588,-8.00e-03,3.58e+01,
3589,-8.00e-03,3.62e+01,
3590,-8.00e-03,3.62e+01,
3591,-8.00e-03,3.62e+01,
3592,-8.00e-03,3.62e+01,
3593,-8.00e-03,3.58e+01,
3594,-8.00e-03,3.58e+01,
3595,-8.00e-03,3.58e+01,
3596,-8.00e-03,3.58e+01,
3597,-8.00e-03,3.62e+01,
3598,-8.00e-03,3.58e+01,
3599,-8.00e-03,3.62e+01,
3600,-8.00e-03,3.58e+01,
3601,-8.00e-03,3.62e+01,
3602,-8.00e-03,3.58e+01,
3603,-8.00e-03,3.62e+01,
3604,-8.00e-03,3.62e+01,
3605,-8.00e-03,3.58e+01,
3606,-8.00e-03,3.58e+01,
3607,-8.00e-03,3.58e+01,
3608,-8.00e-03,3.58e+01,
3609,-8.00e-03,3.62e+01,
3610,-8.00e-03,3.58e+01,
3611,-8.00e-03,3.58e+01,
3612,-8.00e-03,3.58e+01,
3613,-8.00e-03,3.58e+01,
3614,-8.00e-03,3.58e+01,
3615,-8.00e-03,3.62e+01,
3616,-8.00e-03,3.58e+01,
3617,-8.00e-03,3.62e+01,
3618,-8.00e-03,3.58e+01,
3619,-8.00e-03,3.58e+01,
3620,-8.00e-03,3.58e+01,
3621,-8.00e-03,3.58e+01,
3622,-8.00e-03,3.58e+01,
3623,-8.00e-03,3.58e+01,
3624,-8.00e-03,3.58e+01,
3625,-8.00e-03,3.62e+01,
3626,-8.00e-03,3.58e+01,
3627,-8.00e-03,3.58e+01,
3628,-8.00e-03,3.58e+01,
3629,-8.00e-03,3.58e+01,
3630,-8.00e-03,3.58e+01,
3631,-8.00e-03,3.62e+01,
3632,-8.00e-03,3.58e+01,
3633,-8.00e-03,3.58e+01,
3634,-8.00e-03,3.58e+01,
3635,-8.00e-03,3.58e+01,
3636,-8.00e-03,3.58e+01,
3637,-8.00e-03,3.58e+01,
3638,-8.00e-03,3.58e+01,
3639,-8.00e-03,3.62e+01,
3640,-8.00e-03,3.58e+01,
3641,-8.00e-03,3.58e+01,
3642,-8.00e-03,3.58e+01,
3643,-8.00e-03,3.58e+01,
3644,-8.00e-03,3.58e+01,
3645,-8.00e-03,3.58e+01,
3646,-8.00e-03,3.58e+01,
3647,-8.00e-03,3.58e+01,
3648,-8.00e-03,3.58e+01,
3649,-8.00e-03,3.58e+01,
3650,-8.00e-03,3.58e+01,
3651,-8.00e-03,3.58e+01,
3652,-8.00e-03,3.58e+01,
3653,-8.00e-03,3.58e+01,
3654,-8.00e-03,3.58e+01,
3655,-8.00e-03,3.58e+01,
3656,-8.00e-03,3.58e+01,
3657,-8.00e-03,3.62e+01,
3658,-8.00e-03,3.58e+01,
3659,-8.00e-03,3.58e+01,
3660,-8.00e-03,3.58e+01,
3661,-8.00e-03,3.58e+01,
3662,-8.00e-03,3.58e+01,
3663,-8.00e-03,3.58e+01,
3664,-8.00e-03,3.58e+01,
3665,-8.00e-03,3.58e+01,
3666,-8.00e-03,3.58e+01,
3667,-8.00e-03,3.58e+01,
3668,-8.00e-03,3.58e+01,
3669,-8.00e-03,3.58e+01,
3670,-8.00e-03,3.58e+01,
3671,-8.00e-03,3.58e+01,
3672,-8.00e-03,3.58e+01,
3673,-8.00e-03,3.58e+01,
3674,-8.00e-03,3.58e+01,
3675,-8.00e-03,3.58e+01,
3676,-8.00e-03,3.58e+01,
3677,-8.00e-03,3.58e+01,
3678,-8.00e-03,3.58e+01,
3679,-8.00e-03,3.58e+01,
3680,-8.00e-03,3.58e+01,
3681,-8.00e-03,3.58e+01,
3682,-8.00e-03,3.58e+01,
3683,-8.00e-03,3.58e+01,
3684,-8.00e-03,3.58e+01,
3685,-8.00e-03,3.58e+01,
3686,-8.00e-03,3.58e+01,
3687,-8.00e-03,3.62e+01,
3688,-8.00e-03,3.58e+01,
3689,-8.00e-03,3.58e+01,
3690,-8.00e-03,3.58e+01,
3691,-8.00e-03,3.58e+01,
3692,-8.00e-03,3.58e+01,
3693,-8.00e-03,3.58e+01,
3694,-8.00e-03,3.58e+01,
3695,-8.00e-03,3.58e+01,
3696,-8.00e-03,3.58e+01,
3697,-8.00e-03,3.58e+01,
3698,-8.00e-03,3.58e+01,
3699,-8.00e-03,3.58e+01,
3700,-8.00e-03,3.58e+01,
3701,-8.00e-03,3.58e+01,
3702,-8.00e-03,3.58e+01,
3703,-8.00e-03,3.58e+01,
3704,-8.00e-03,3.58e+01,
3705,-8.00e-03,3.58e+01,
3706,-8.00e-03,3.58e+01,
3707,-8.00e-03,3.58e+01,
3708,-8.00e-03,3.58e+01,
3709,-8.00e-03,3.58e+01,
3710,-8.00e-03,3.58e+01,
3711,-8.00e-03,3.58e+01,
3712,-8.00e-03,3.58e+01,
3713,-8.00e-03,3.58e+01,
3714,-8.00e-03,3.58e+01,
3715,-8.00e-03,3.58e+01,
3716,-8.00e-03,3.58e+01,
3717,-8.00e-03,3.58e+01,
3718,-8.00e-03,3.58e+01,
3719,-8.00e-03,3.58e+01,
3720,-8.00e-03,3.58e+01,
3721,-8.00e-03,3.58e+01,
3722,-8.00e-03,3.58e+01,
3723,-8.00e-03,3.58e+01,
3724,-8.00e-03,3.58e+01,
3725,-8.00e-03,3.58e+01,
3726,-8.00e-03,3.58e+01,
3727,-8.00e-03,3.58e+01,
3728,-8.00e-03,3.58e+01,
3729,-8.00e-03,3.58e+01,
3730,-8.00e-03,3.58e+01,
3731,-8.00e-03,3.58e+01,
3732,-8.00e-03,3.58e+01,
3733,-8.00e-03,3.58e+01,
3734,-8.00e-03,3.58e+01,
3735,-8.00e-03,3.58e+01,
3736,-8.00e-03,3.58e+01,
3737,-8.00e-03,3.58e+01,
3738,-8.00e-03,3.58e+01,
3739,-8.00e-03,3.58e+01,
3740,-8.00e-03,3.58e+01,
3741,-8.00e-03,3.58e+01,
3742,-8.00e-03,3.58e+01,
3743,-8.00e-03,3.58e+01,
3744,-8.00e-03,3.58e+01,
3745,-8.00e-03,3.58e+01,
3746,-8.00e-03,3.58e+01,
3747,-8.00e-03,3.58e+01,
3748,-8.00e-03,3.58e+01,
3749,-8.00e-03,3.58e+01,
3750,-8.00e-03,3.58e+01,
3751,-8.00e-03,3.58e+01,
3752,-8.00e-03,3.58e+01,
3753,-8.00e-03,3.58e+01,
3754,-8.00e-03,3.58e+01,
3755,-8.00e-03,3.58e+01,
3756,-8.00e-03,3.58e+01,
3757,-8.00e-03,3.58e+01,
3758,-8.00e-03,3.58e+01,
3759,-8.00e-03,3.58e+01,
3760,-8.00e-03,3.58e+01,
3761,-8.00e-03,3.58e+01,
3762,-8.00e-03,3.58e+01,
3763,-8.00e-03,3.58e+01,
3764,-8.00e-03,3.58e+01,
3765,-8.00e-03,3.58e+01,
3766,-8.00e-03,3.58e+01,
3767,-8.00e-03,3.58e+01,
3768,-8.00e-03,3.58e+01,
3769,-8.00e-03,3.58e+01,
3770,-8.00e-03,3.58e+01,
3771,-8.00e-03,3.58e+01,
3772,-8.00e-03,3.58e+01,
3773,-8.00e-03,3.58e+01,
3774,-8.00e-03,3.58e+01,
3775,-8.00e-03,3.58e+01,
3776,-8.00e-03,3.58e+01,
3777,-8.00e-03,3.58e+01,
3778,-8.00e-03,3.58e+01,
3779,-8.00e-03,3.58e+01,
3780,-8.00e-03,3.58e+01,
3781,-8.00e-03,3.58e+01,
3782,-8.00e-03,3.58e+01,
3783,-8.00e-03,3.58e+01,
3784,-8.00e-03,3.58e+01,
3785,-8.00e-03,3.58e+01,
3786,-8.00e-03,3.58e+01,
3787,-8.00e-03,3.58e+01,
3788,-8.00e-03,3.58e+01,
3789,-8.00e-03,3.58e+01,
3790,-8.00e-03,3.58e+01,
3791,-8.00e-03,3.58e+01,
3792,-8.00e-03,3.58e+01,
3793,-8.00e-03,3.58e+01,
3794,-8.00e-03,3.58e+01,
3795,-8.00e-03,3.58e+01,
3796,-8.00e-03,3.58e+01,
3797,-8.00e-03,3.58e+01,
3798,-8.00e-03,3.58e+01,
3799,-8.00e-03,3.58e+01,
3800,-8.00e-03,3.58e+01,
3801,-8.00e-03,3.58e+01,
3802,-8.00e-03,3.58e+01,
3803,-8.00e-03,3.58e+01,
3804,-8.00e-03,3.58e+01,
3805,-8.00e-03,3.58e+01,
3806,-8.00e-03,3.58e+01,
3807,-8.00e-03,3.58e+01,
3808,-8.00e-03,3.58e+01,
3809,-8.00e-03,3.58e+01,
3810,-8.00e-03,3.58e+01,
3811,-8.00e-03,3.58e+01,
3812,-8.00e-03,3.58e+01,
3813,-8.00e-03,3.58e+01,
3814,-8.00e-03,3.58e+01,
3815,-8.00e-03,3.58e+01,
3816,-8.00e-03,3.58e+01,
3817,-8.00e-03,3.58e+01,
3818,-8.00e-03,3.58e+01,
3819,-8.00e-03,3.58e+01,
3820,-8.00e-03,3.58e+01,
3821,-8.00e-03,3.58e+01,
3822,-8.00e-03,3.58e+01,
3823,-8.00e-03,3.58e+01,
3824,-8.00e-03,3.58e+01,
3825,-8.00e-03,3.58e+01,
3826,-8.00e-03,3.58e+01,
3827,-8.00e-03,3.58e+01,
3828,-8.00e-03,3.58e+01,
3829,-8.00e-03,3.58e+01,
3830,-8.00e-03,3.58e+01,
3831,-8.00e-03,3.58e+01,
3832,-8.00e-03,3.58e+01,
3833,-8.00e-03,3.58e+01,
3834,-8.00e-03,3.58e+01,
3835,-8.00e-03,3.58e+01,
3836,-8.00e-03,3.58e+01,
3837,-8.00e-03,3.58e+01,
3838,-8.00e-03,3.58e+01,
3839,-8.00e-03,3.58e+01,
3840,-8.00e-03,3.58e+01,
3841,-8.00e-03,3.58e+01,
3842,-8.00e-03,3.58e+01,
3843,-8.00e-03,3.58e+01,
3844,-8.00e-03,3.58e+01,
3845,-8.00e-03,3.58e+01,
3846,-8.00e-03,3.58e+01,
3847,-8.00e-03,3.58e+01,
3848,-8.00e-03,3.58e+01,
3849,-8.00e-03,3.58e+01,
3850,-8.00e-03,3.58e+01,
3851,-8.00e-03,3.58e+01,
3852,-8.00e-03,3.58e+01,
3853,-8.00e-03,3.58e+01,
3854,-8.00e-03,3.58e+01,
3855,-8.00e-03,3.58e+01,
3856,-8.00e-03,3.58e+01,
3857,-8.00e-03,3.58e+01,
3858,-8.00e-03,3.58e+01,
3859,-8.00e-03,3.58e+01,
3860,-8.00e-03,3.58e+01,
3861,-8.00e-03,3.54e+01,
3862,-8.00e-03,3.58e+01,
3863,-8.00e-03,3.58e+01,
3864,-8.00e-03,3.58e+01,
3865,-8.00e-03,3.58e+01,
3866,-8.00e-03,3.58e+01,
3867,-8.00e-03,3.58e+01,
3868,-8.00e-03,3.58e+01,
3869,-8.00e-03,3.58e+01,
3870,-8.00e-03,3.58e+01,
3871,-8.00e-03,3.58e+01,
3872,-8.00e-03,3.58e+01,
3873,-8.00e-03,3.58e+01,
3874,-8.00e-03,3.58e+01,
3875,-8.00e-03,3.58e+01,
3876,-8.00e-03,3.58e+01,
3877,-8.00e-03,3.58e+01,
3878,-8.00e-03,3.58e+01,
3879,-8.00e-03,3.58e+01,
3880,-8.00e-03,3.58e+01,
3881,-8.00e-03,3.58e+01,
3882,-8.00e-03,3.58e+01,
3883,-8.00e-03,3.58e+01,
3884,-8.00e-03,3.58e+01,
3885,-8.00e-03,3.58e+01,
3886,-8.00e-03,3.58e+01,
3887,-8.00e-03,3.58e+01,
3888,-8.00e-03,3.58e+01,
3889,-8.00e-03,3.58e+01,
3890,-8.00e-03,3.58e+01,
3891,-8.00e-03,3.54e+01,
3892,-8.00e-03,3.58e+01,
3893,-8.00e-03,3.58e+01,
3894,-8.00e-03,3.58e+01,
3895,-8.00e-03,3.58e+01,
3896,-8.00e-03,3.54e+01,
3897,-8.00e-03,3.58e+01,
3898,-8.00e-03,3.58e+01,
3899,-8.00e-03,3.58e+01,
3900,-8.00e-03,3.58e+01,
3901,-8.00e-03,3.58e+01,
3902,-8.00e-03,3.58e+01,
3903,-8.00e-03,3.58e+01,
3904,-8.00e-03,3.58e+01,
3905,-8.00e-03,3.58e+01,
3906,-8.00e-03,3.58e+01,
3907,-8.00e-03,3.58e+01,
3908,-8.00e-03,3.58e+01,
3909,-8.00e-03,3.58e+01,
3910,-8.00e-03,3.58e+01,
3911,-8.00e-03,3.58e+01,
3912,-8.00e-03,3.54e+01,
3913,-8.00e-03,3.58e+01,
3914,-8.00e-03,3.58e+01,
3915,-8.00e-03,3.58e+01,
3916,-8.00e-03,3.58e+01,
3917,-8.00e-03,3.58e+01,
3918,-8.00e-03,3.58e+01,
3919,-8.00e-03,3.58e+01,
3920,-8.00e-03,3.54e+01,
3921,-8.00e-03,3.58e+01,
3922,-8.00e-03,3.58e+01,
3923,-8.00e-03,3.58e+01,
3924,-8.00e-03,3.58e+01,
3925,-8.00e-03,3.58e+01,
3926,-8.00e-03,3.58e+01,
3927,-8.00e-03,3.58e+01,
3928,-8.00e-03,3.58e+01,
3929,0.00e+00,3.58e+01,
3930,-8.00e-03,3.58e+01,
3931,-8.00e-03,3.54e+01,
3932,-8.00e-03,3.58e+01,
3933,-8.00e-03,3.58e+01,
3934,-8.00e-03,3.58e+01,
3935,-8.00e-03,3.58e+01,
3936,-8.00e-03,3.54e+01,
3937,-8.00e-03,3.58e+01,
3938,-8.00e-03,3.58e+01,
3939,-8.00e-03,3.58e+01,
3940,-8.00e-03,3.58e+01,
3941,-8.00e-03,3.58e+01,
3942,-8.00e-03,3.58e+01,
3943,-8.00e-03,3.58e+01,
3944,-8.00e-03,3.58e+01,
3945,-8.00e-03,3.58e+01,
3946,-8.00e-03,3.54e+01,
3947,-8.00e-03,3.58e+01,
3948,-8.00e-03,3.58e+01,
3949,-8.00e-03,3.58e+01,
3950,-8.00e-03,3.58e+01,
3951,-8.00e-03,3.58e+01,
3952,-8.00e-03,3.54e+01,
3953,-8.00e-03,3.58e+01,
3954,-8.00e-03,3.58e+01,
3955,-8.00e-03,3.58e+01,
3956,-8.00e-03,3.58e+01,
3957,-8.00e-03,3.58e+01,
3958,-8.00e-03,3.54e+01,
3959,-8.00e-03,3.58e+01,
3960,-8.00e-03,3.54e+01,
3961,-8.00e-03,3.58e+01,
3962,-8.00e-03,3.58e+01,
3963,-8.00e-03,3.58e+01,
3964,-8.00e-03,3.58e+01,
3965,-8.00e-03,3.58e+01,
3966,-8.00e-03,3.54e+01,
3967,-8.00e-03,3.58e+01,
3968,-8.00e-03,3.58e+01,
3969,-8.00e-03,3.58e+01,
3970,-8.00e-03,3.54e+01,
3971,-8.00e-03,3.54e+01,
3972,-8.00e-03,3.54e+01,
3973,-8.00e-03,3.58e+01,
3974,-8.00e-03,3.54e+01,
3975,-8.00e-03,3.58e+01,
3976,-8.00e-03,3.54e+01,
3977,-8.00e-03,3.58e+01,
3978,-8.00e-03,3.58e+01,
3979,-8.00e-03,3.58e+01,
3980,-8.00e-03,3.58e+01,
3981,-8.00e-03,3.54e+01,
3982,-8.00e-03,3.58e+01,
3983,-8.00e-03,3.58e+01,
3984,-8.00e-03,3.54e+01,
3985,-8.00e-03,3.58e+01,
3986,-8.00e-03,3.58e+01,
3987,-8.00e-03,3.58e+01,
3988,-8.00e-03,3.54e+01,
3989,-8.00e-03,3.58e+01,
3990,-8.00e-03,3.54e+01,
3991,-8.00e-03,3.54e+01,
3992,-8.00e-03,3.54e+01,
3993,-8.00e-03,3.58e+01,
3994,-8.00e-03,3.54e+01,
3995,-8.00e-03,3.54e+01,
3996,-8.00e-03,3.54e+01,
3997,-8.00e-03,3.54e+01,
3998,-8.00e-03,3.54e+01,
3999,-8.00e-03,3.58e+01,
4000,-8.00e-03,3.54e+01,
4001,-8.00e-03,3.58e+01,
4002,-8.00e-03,3.54e+01,
4003,-8.00e-03,3.54e+01,
4004,-8.00e-03,3.54e+01,
4005,-8.00e-03,3.54e+01,
4006,-8.00e-03,3.54e+01,
4007,-8.00e-03,3.58e+01,
4008,-8.00e-03,3.54e+01,
4009,-8.00e-03,3.58e+01,
4010,-8.00e-03,3.54e+01,
4011,-8.00e-03,3.54e+01,
4012,-8.00e-03,3.54e+01,
4013,-8.00e-03,3.54e+01,
4014,-8.00e-03,3.54e+01,
4015,-8.00e-03,3.54e+01,
4016,-8.00e-03,3.54e+01,
4017,-8.00e-03,3.58e+01,
4018,-8.00e-03,3.58e+01,
4019,-8.00e-03,3.54e+01,
4020,-8.00e-03,3.54e+01,
4021,-8.00e-03,3.54e+01,
4022,-8.00e-03,3.54e+01,
4023,-8.00e-03,3.54e+01,
4024,-8.00e-03,3.54e+01,
4025,-8.00e-03,3.54e+01,
4026,-8.00e-03,3.58e+01,
4027,-8.00e-03,3.54e+01,
4028,-8.00e-03,3.54e+01,
4029,-8.00e-03,3.54e+01,
4030,-8.00e-03,3.54e+01,
4031,-8.00e-03,3.54e+01,
4032,-8.00e-03,3.54e+01,
4033,-8.00e-03,3.58e+01,
4034,-8.00e-03,3.54e+01,
4035,-8.00e-03,3.54e+01,
4036,-8.00e-03,3.54e+01,
4037,0.00e+00,3.54e+01,
4038,-8.00e-03,3.54e+01,
4039,-8.00e-03,3.54e+01,
4040,-8.00e-03,3.54e+01,
4041,-8.00e-03,3.54e+01,
4042,-8.00e-03,3.54e+01,
4043,-8.00e-03,3.54e+01,
4044,-8.00e-03,3.54e+01,
4045,-8.00e-03,3.54e+01,
4046,-8.00e-03,3.54e+01,
4047,-8.00e-03,3.54e+01,
4048,-8.00e-03,3.54e+01,
4049,-8.00e-03,3.58e+01,
4050,-8.00e-03,3.54e+01,
4051,-8.00e-03,3.54e+01,
4052,-8.00e-03,3.54e+01,
4053,-8.00e-03,3.54e+01,
4054,-8.00e-03,3.54e+01,
4055,-8.00e-03,3.54e+01,
4056,-8.00e-03,3.54e+01,
4057,-8.00e-03,3.54e+01,
4058,-8.00e-03,3.54e+01,
4059,-8.00e-03,3.54e+01,
4060,-8.00e-03,3.58e+01,
4061,-8.00e-03,3.54e+01,
4062,-8.00e-03,3.54e+01,
4063,-8.00e-03,3.54e+01,
4064,-8.00e-03,3.54e+01,
4065,-8.00e-03,3.54e+01,
4066,-8.00e-03,3.54e+01,
4067,-8.00e-03,3.54e+01,
4068,-8.00e-03,3.54e+01,
4069,-8.00e-03,3.54e+01,
4070,-8.00e-03,3.54e+01,
4071,-8.00e-03,3.54e+01,
4072,-8.00e-03,3.54e+01,
4073,-8.00e-03,3.54e+01,
4074,-8.00e-03,3.54e+01,
4075,-8.00e-03,3.54e+01,
4076,-8.00e-03,3.54e+01,
4077,-8.00e-03,3.54e+01,
4078,-8.00e-03,3.54e+01,
4079,-8.00e-03,3.54e+01,
4080,-8.00e-03,3.54e+01,
4081,-8.00e-03,3.54e+01,
4082,-8.00e-03,3.54e+01,
4083,-8.00e-03,3.54e+01,
4084,-8.00e-03,3.54e+01,
4085,-8.00e-03,3.54e+01,
4086,-8.00e-03,3.54e+01,
4087,-8.00e-03,3.58e+01,
4088,-8.00e-03,3.54e+01,
4089,-8.00e-03,3.54e+01,
4090,-8.00e-03,3.54e+01,
4091,-8.00e-03,3.54e+01,
4092,-8.00e-03,3.54e+01,
4093,-8.00e-03,3.54e+01,
4094,-8.00e-03,3.54e+01,
4095,-8.00e-03,3.54e+01,
4096,-8.00e-03,3.54e+01,
4097,-8.00e-03,3.54e+01,
4098,-8.00e-03,3.54e+01,
4099,-8.00e-03,3.54e+01,
4100,-8.00e-03,3.54e+01,
4101,-8.00e-03,3.54e+01,
4102,-8.00e-03,3.54e+01,
4103,-8.00e-03,3.54e+01,
4104,-8.00e-03,3.54e+01,
4105,-8.00e-03,3.54e+01,
4106,-8.00e-03,3.54e+01,
4107,-8.00e-03,3.54e+01,
4108,-8.00e-03,3.54e+01,
4109,-8.00e-03,3.54e+01,
4110,-8.00e-03,3.54e+01,
4111,-8.00e-03,3.54e+01,
4112,-8.00e-03,3.54e+01,
4113,0.00e+00,3.54e+01,
4114,-8.00e-03,3.54e+01,
4115,-8.00e-03,3.54e+01,
4116,-8.00e-03,3.54e+01,
4117,-8.00e-03,3.54e+01,
4118,-8.00e-03,3.54e+01,
4119,-8.00e-03,3.54e+01,
4120,-8.00e-03,3.54e+01,
4121,-8.00e-03,3.54e+01,
4122,-8.00e-03,3.54e+01,
4123,-8.00e-03,3.54e+01,
4124,-8.00e-03,3.54e+01,
4125,-8.00e-03,3.54e+01,
4126,-8.00e-03,3.54e+01,
4127,-8.00e-03,3.54e+01,
4128,-8.00e-03,3.54e+01,
4129,-8.00e-03,3.54e+01,
4130,-8.00e-03,3.54e+01,
4131,-8.00e-03,3.54e+01,
4132,-8.00e-03,3.54e+01,
4133,-8.00e-03,3.54e+01,
4134,-8.00e-03,3.54e+01,
4135,-8.00e-03,3.54e+01,
4136,-8.00e-03,3.54e+01,
4137,-8.00e-03,3.54e+01,
4138,-8.00e-03,3.54e+01,
4139,-8.00e-03,3.54e+01,
4140,-8.00e-03,3.54e+01,
4141,-8.00e-03,3.54e+01,
4142,-8.00e-03,3.54e+01,
4143,-8.00e-03,3.54e+01,
4144,-8.00e-03,3.54e+01,
4145,-8.00e-03,3.54e+01,
4146,-8.00e-03,3.54e+01,
4147,-8.00e-03,3.54e+01,
4148,-8.00e-03,3.54e+01,
4149,-8.00e-03,3.54e+01,
4150,-8.00e-03,3.54e+01,
4151,-8.00e-03,3.54e+01,
4152,-8.00e-03,3.54e+01,
4153,-8.00e-03,3.54e+01,
4154,-8.00e-03,3.54e+01,
4155,-8.00e-03,3.54e+01,
4156,-8.00e-03,3.54e+01,
4157,-8.00e-03,3.54e+01,
4158,-8.00e-03,3.54e+01,
4159,-8.00e-03,3.54e+01,
4160,-8.00e-03,3.54e+01,
4161,-8.00e-03,3.54e+01,
4162,-8.00e-03,3.54e+01,
4163,-8.00e-03,3.54e+01,
4164,-8.00e-03,3.54e+01,
4165,-8.00e-03,3.54e+01,
4166,-8.00e-03,3.54e+01,
4167,-8.00e-03,3.54e+01,
4168,-8.00e-03,3.54e+01,
4169,-8.00e-03,3.54e+01,
4170,-8.00e-03,3.54e+01,
4171,-8.00e-03,3.54e+01,
4172,-8.00e-03,3.54e+01,
4173,-8.00e-03,3.54e+01,
4174,-8.00e-03,3.54e+01,
4175,-8.00e-03,3.54e+01,
4176,-8.00e-03,3.54e+01,
4177,-8.00e-03,3.54e+01,
4178,-8.00e-03,3.54e+01,
4179,-8.00e-03,3.54e+01,
4180,-8.00e-03,3.54e+01,
4181,-8.00e-03,3.54e+01,
4182,-8.00e-03,3.54e+01,
4183,-8.00e-03,3.54e+01,
4184,-8.00e-03,3.54e+01,
4185,-8.00e-03,3.54e+01,
4186,-8.00e-03,3.54e+01,
4187,-8.00e-03,3.54e+01,
4188,-8.00e-03,3.54e+01,
4189,-8.00e-03,3.54e+01,
4190,-8.00e-03,3.54e+01,
4191,-8.00e-03,3.54e+01,
4192,-8.00e-03,3.54e+01,
4193,-8.00e-03,3.54e+01,
4194,-8.00e-03,3.54e+01,
4195,-8.00e-03,3.54e+01,
4196,-8.00e-03,3.54e+01,
4197,-8.00e-03,3.54e+01,
4198,-8.00e-03,3.54e+01,
4199,-8.00e-03,3.54e+01,
4200,-8.00e-03,3.54e+01,
4201,-8.00e-03,3.54e+01,
4202,-8.00e-03,3.54e+01,
4203,-8.00e-03,3.54e+01,
4204,-8.00e-03,3.54e+01,
4205,-8.00e-03,3.54e+01,
4206,-8.00e-03,3.54e+01,
4207,-8.00e-03,3.54e+01,
4208,-8.00e-03,3.54e+01,
4209,-8.00e-03,3.54e+01,
4210,-8.00e-03,3.54e+01,
4211,-8.00e-03,3.54e+01,
4212,-8.00e-03,3.54e+01,
4213,-8.00e-03,3.54e+01,
4214,-8.00e-03,3.54e+01,
4215,-8.00e-03,3.54e+01,
4216,-8.00e-03,3.54e+01,
4217,-8.00e-03,3.54e+01,
4218,-8.00e-03,3.54e+01,
4219,-8.00e-03,3.54e+01,
4220,-8.00e-03,3.54e+01,
4221,-8.00e-03,3.54e+01,
4222,-8.00e-03,3.54e+01,
4223,-8.00e-03,3.54e+01,
4224,-8.00e-03,3.54e+01,
4225,-8.00e-03,3.54e+01,
4226,-8.00e-03,3.54e+01,
4227,-8.00e-03,3.54e+01,
4228,-8.00e-03,3.54e+01,
4229,-8.00e-03,3.54e+01,
4230,-8.00e-03,3.54e+01,
4231,-8.00e-03,3.54e+01,
4232,-8.00e-03,3.54e+01,
4233,-8.00e-03,3.54e+01,
4234,-8.00e-03,3.54e+01,
4235,-8.00e-03,3.54e+01,
4236,-8.00e-03,3.54e+01,
4237,-8.00e-03,3.54e+01,
4238,-8.00e-03,3.54e+01,
4239,-8.00e-03,3.54e+01,
4240,-8.00e-03,3.54e+01,
4241,-8.00e-03,3.54e+01,
4242,-8.00e-03,3.54e+01,
4243,-8.00e-03,3.54e+01,
4244,-8.00e-03,3.54e+01,
4245,-8.00e-03,3.54e+01,
4246,-8.00e-03,3.54e+01,
4247,-8.00e-03,3.54e+01,
4248,-8.00e-03,3.54e+01,
4249,-8.00e-03,3.54e+01,
4250,-8.00e-03,3.54e+01,
4251,-8.00e-03,3.54e+01,
4252,-8.00e-03,3.54e+01,
4253,-8.00e-03,3.54e+01,
4254,-8.00e-03,3.54e+01,
4255,-8.00e-03,3.54e+01,
4256,-8.00e-03,3.46e+01,
4257,-8.00e-03,3.54e+01,
4258,-8.00e-03,3.54e+01,
4259,-8.00e-03,3.54e+01,
4260,-8.00e-03,3.54e+01,
4261,-8.00e-03,3.54e+01,
4262,-8.00e-03,3.46e+01,
4263,-8.00e-03,3.54e+01,
4264,-8.00e-03,3.46e+01,
4265,-8.00e-03,3.54e+01,
4266,-8.00e-03,3.46e+01,
4267,-8.00e-03,3.46e+01,
4268,-8.00e-03,3.54e+01,
4269,-8.00e-03,3.54e+01,
4270,-8.00e-03,3.46e+01,
4271,-8.00e-03,3.46e+01,
4272,-8.00e-03,3.54e+01,
4273,-8.00e-03,3.54e+01,
4274,-8.00e-03,3.54e+01,
4275,-8.00e-03,3.54e+01,
4276,-8.00e-03,3.46e+01,
4277,-8.00e-03,3.46e+01,
4278,-8.00e-03,3.46e+01,
4279,-8.00e-03,3.46e+01,
4280,-8.00e-03,3.46e+01,
4281,-8.00e-03,3.54e+01,
4282,-8.00e-03,3.46e+01,
4283,-8.00e-03,3.46e+01,
4284,-8.00e-03,3.54e+01,
4285,-8.00e-03,3.46e+01,
4286,-8.00e-03,3.46e+01,
4287,-8.00e-03,3.54e+01,
4288,-8.00e-03,3.46e+01,
4289,-8.00e-03,3.54e+01,
4290,-8.00e-03,3.46e+01,
4291,-8.00e-03,3.46e+01,
4292,-8.00e-03,3.46e+01,
4293,-8.00e-03,3.46e+01,
4294,-8.00e-03,3.46e+01,
4295,-8.00e-03,3.46e+01,
4296,-8.00e-03,3.46e+01,
4297,-8.00e-03,3.54e+01,
4298,-8.00e-03,3.46e+01,
4299,-8.00e-03,3.46e+01,
4300,-8.00e-03,3.46e+01,
4301,-8.00e-03,3.46e+01,
4302,-8.00e-03,3.46e+01,
4303,-8.00e-03,3.46e+01,
4304,-8.00e-03,3.46e+01,
4305,-8.00e-03,3.46e+01,
4306,-8.00e-03,3.46e+01,
4307,-8.00e-03,3.46e+01,
4308,-8.00e-03,3.46e+01,
4309,-8.00e-03,3.46e+01,
4310,-8.00e-03,3.46e+01,
4311,-8.00e-03,3.46e+01,
4312,-8.00e-03,3.46e+01,
4313,-8.00e-03,3.46e+01,
4314,-8.00e-03,3.46e+01,
4315,-8.00e-03,3.46e+01,
4316,-8.00e-03,3.46e+01,
4317,-8.00e-03,3.46e+01,
4318,-8.00e-03,3.46e+01,
4319,-8.00e-03,3.46e+01,
4320,-8.00e-03,3.42e+01,
4321,-8.00e-03,3.46e+01,
4322,-8.00e-03,3.42e+01,
4323,-8.00e-03,3.42e+01,
4324,-8.00e-03,3.42e+01,
4325,-8.00e-03,3.42e+01,
4326,-8.00e-03,3.42e+01,
4327,-1.60e-02,3.42e+01,
4328,-8.00e-03,3.38e+01,
4329,-8.00e-03,3.38e+01,
4330,-8.00e-03,3.38e+01,
4331,-1.60e-02,3.38e+01,
4332,-8.00e-03,3.34e+01,
4333,-8.00e-03,3.34e+01,
4334,-8.00e-03,3.34e+01,
4335,-8.00e-03,3.34e+01,
4336,-8.00e-03,3.30e+01,
4337,-8.00e-03,3.30e+01,
4338,-8.00e-03,3.30e+01,
4339,-1.60e-02,3.26e+01,
4340,-8.00e-03,3.26e+01,
4341,-8.00e-03,3.26e+01,
4342,-8.00e-03,3.22e+01,
4343,-1.60e-02,3.22e+01,
4344,-1.60e-02,3.18e+01,
4345,-8.00e-03,3.18e+01,
4346,-1.60e-02,3.14e+01,
4347,-1.60e-02,3.14e+01,
4348,-8.00e-03,3.14e+01,
4349,-8.00e-03,3.10e+01,
4350,-8.00e-03,3.10e+01,
4351,-8.00e-03,3.06e+01,
4352,-8.00e-03,3.06e+01,
4353,-8.00e-03,3.06e+01,
4354,-1.60e-02,3.02e+01,
4355,-1.60e-02,2.98e+01,
4356,-1.60e-02,2.98e+01,
4357,-1.60e-02,2.90e+01,
4358,-1.60e-02,2.90e+01,
4359,-1.60e-02,2.86e+01,
4360,-1.60e-02,2.82e+01,
4361,-8.00e-03,2.82e+01,
4362,-8.00e-03,2.78e+01,
4363,-1.60e-02,2.78e+01,
4364,-8.00e-03,2.74e+01,
4365,-8.00e-03,2.74e+01,
4366,-1.60e-02,2.70e+01,
4367,-1.60e-02,2.70e+01,
4368,-1.60e-02,2.66e+01,
4369,-8.00e-03,2.66e+01,
4370,-1.60e-02,2.62e+01,
4371,-1.60e-02,2.62e+01,
4372,-1.60e-02,2.58e+01,
4373,-8.00e-03,2.54e+01,
4374,-8.00e-03,2.54e+01,
4375,-1.60e-02,2.50e+01,
4376,-8.00e-03,2.50e+01,
4377,-8.00e-03,2.46e+01,
4378,-8.00e-03,2.38e+01,
4379,-1.60e-02,2.38e+01,
4380,-1.60e-02,2.34e+01,
4381,-8.00e-03,2.30e+01,
4382,-1.60e-02,2.30e+01,
4383,-1.60e-02,2.30e+01,
4384,-1.60e-02,2.22e+01,
4385,-8.00e-03,2.22e+01,
4386,-8.00e-03,2.22e+01,
4387,-1.60e-02,2.18e+01,
4388,-8.00e-03,2.18e+01,
4389,-8.00e-03,2.14e+01,
4390,-8.00e-03,2.10e+01,
4391,-1.60e-02,2.10e+01,
4392,-8.00e-03,2.06e+01,
4393,-8.00e-03,2.06e+01,
4394,-8.00e-03,2.02e+01,
4395,-1.60e-02,2.02e+01,
4396,-1.60e-02,1.98e+01,
4397,-8.00e-03,1.94e+01,
4398,-8.00e-03,1.94e+01,
4399,-8.00e-03,1.90e+01,
4400,-8.00e-03,1.82e+01,
4401,-8.00e-03,1.82e+01,
4402,-8.00e-03,1.82e+01,
4403,-1.60e-02,1.78e+01,
4404,-8.00e-03,1.78e+01,
4405,-8.00e-03,1.74e+01,
4406,-8.00e-03,1.74e+01,
4407,-1.60e-02,1.70e+01,
4408,-8.00e-03,1.70e+01,
4409,-8.00e-03,1.66e+01,
4410,-8.00e-03,1.66e+01,
4411,-1.60e-02,1.62e+01,
4412,-8.00e-03,1.62e+01,
4413,-8.00e-03,1.58e+01,
4414,-8.00e-03,1.58e+01,
4415,-1.60e-02,1.54e+01,
4416,-8.00e-03,1.54e+01,
4417,-8.00e-03,1.54e+01,
4418,-8.00e-03,1.50e+01,
4419,-8.00e-03,1.50e+01,
4420,-8.00e-03,1.46e+01,
4421,-8.00e-03,1.46e+01,
4422,-8.00e-03,1.42e+01,
4423,-8.00e-03,1.42e+01,
4424,-8.00e-03,1.38e+01,
4425,-8.00e-03,1.38e+01,
4426,-8.00e-03,1.38e+01,
4427,-8.00e-03,1.30e+01,
4428,-8.00e-03,1.30e+01,
4429,-8.00e-03,1.26e+01,
4430,-8.00e-03,1.26e+01,
4431,-8.00e-03,1.26e+01,
4432,-8.00e-03,1.26e+01,
4433,-8.00e-03,1.22e+01,
4434,-8.00e-03,1.22e+01,
4435,-8.00e-03,1.22e+01,
4436,-8.00e-03,1.18e+01,
4437,-8.00e-03,1.18e+01,
4438,-8.00e-03,1.18e+01,
4439,-8.00e-03,1.14e+01,
4440,-8.00e-03,1.14e+01,
4441,-8.00e-03,1.14e+01,
4442,-8.00e-03,1.10e+01,
4443,-8.00e-03,1.10e+01,
4444,-8.00e-03,1.10e+01,
4445,-8.00e-03,1.10e+01,
4446,-8.00e-03,1.10e+01,
4447,-8.00e-03,1.06e+01,
4448,-8.00e-03,1.06e+01,
4449,-8.00e-03,1.06e+01,
4450,-8.00e-03,1.06e+01,
4451,-8.00e-03,1.02e+01,
4452,-8.00e-03,1.02e+01,
4453,-8.00e-03,1.02e+01,
4454,-8.00e-03,1.02e+01,
4455,-8.00e-03,1.02e+01,
4456,-8.00e-03,9.80e+00,
4457,-8.00e-03,9.80e+00,
4458,-8.00e-03,9.80e+00,
4459,-8.00e-03,9.80e+00,
4460,-8.00e-03,9.40e+00,
4461,-8.00e-03,9.40e+00,
4462,-8.00e-03,9.40e+00,
4463,-8.00e-03,9.40e+00,
4464,-8.00e-03,9.00e+00,
4465,-8.00e-03,9.00e+00,
4466,-8.00e-03,9.40e+00,
4467,-8.00e-03,9.00e+00,
4468,-8.00e-03,9.00e+00,
4469,-8.00e-03,9.00e+00,
4470,-8.00e-03,9.00e+00,
4471,-8.00e-03,9.00e+00,
4472,-8.00e-03,9.00e+00,
4473,-8.00e-03,8.60e+00,
4474,-8.00e-03,8.60e+00,
4475,-8.00e-03,8.60e+00,
4476,-8.00e-03,8.60e+00,
4477,0.00e+00,8.60e+00,
4478,-8.00e-03,8.60e+00,
4479,-8.00e-03,8.60e+00,
4480,-8.00e-03,8.60e+00,
4481,0.00e+00,8.60e+00,
4482,-8.00e-03,8.60e+00,
4483,-8.00e-03,8.60e+00,
4484,-8.00e-03,8.20e+00,
4485,0.00e+00,8.20e+00,
4486,0.00e+00,8.20e+00,
4487,-8.00e-03,8.60e+00,
4488,-8.00e-03,8.20e+00,
4489,0.00e+00,8.20e+00,
4490,-8.00e-03,8.20e+00,
4491,-8.00e-03,8.20e+00,
4492,-8.00e-03,8.20e+00,
4493,0.00e+00,8.20e+00,
4494,-8.00e-03,8.20e+00,
4495,-8.00e-03,8.20e+00,
4496,-8.00e-03,8.20e+00,
4497,0.00e+00,8.20e+00,
4498,-8.00e-03,8.20e+00,
4499,-8.00e-03,8.20e+00,
4500,-8.00e-03,8.20e+00,
4501,0.00e+00,8.20e+00,
4502,0.00e+00,8.20e+00,
4503,-8.00e-03,8.20e+00,
4504,0.00e+00,8.20e+00,
4505,0.00e+00,8.20e+00,
4506,0.00e+00,8.20e+00,
4507,0.00e+00,8.20e+00,
4508,0.00e+00,8.60e+00,
4509,0.00e+00,8.20e+00,
4510,0.00e+00,8.20e+00,
4511,-8.00e-03,8.60e+00,
4512,0.00e+00,8.20e+00,
4513,0.00e+00,8.60e+00,
4514,0.00e+00,8.60e+00,
4515,0.00e+00,8.60e+00,
4516,-8.00e-03,8.60e+00,
4517,0.00e+00,8.60e+00,
4518,0.00e+00,8.60e+00,
4519,-8.00e-03,8.60e+00,
4520,0.00e+00,8.60e+00,
4521,0.00e+00,9.00e+00,
4522,0.00e+00,9.00e+00,
4523,0.00e+00,9.00e+00,
4524,0.00e+00,9.00e+00,
4525,0.00e+00,9.00e+00,
4526,0.00e+00,9.00e+00,
4527,0.00e+00,9.00e+00,
4528,0.00e+00,9.00e+00,
4529,0.00e+00,9.40e+00,
4530,0.00e+00,9.00e+00,
4531,0.00e+00,9.40e+00,
4532,0.00e+00,9.40e+00,
4533,0.00e+00,9.40e+00,
4534,0.00e+00,9.80e+00,
4535,0.00e+00,9.40e+00,
4536,0.00e+00,9.80e+00,
4537,0.00e+00,9.80e+00,
4538,0.00e+00,9.80e+00,
4539,-8.00e-03,9.80e+00,
4540,0.00e+00,9.80e+00,
4541,0.00e+00,1.02e+01,
4542,0.00e+00,1.02e+01,
4543,0.00e+00,1.02e+01,
4544,0.00e+00,1.02e+01,
4545,0.00e+00,1.06e+01,
4546,0.00e+00,1.06e+01,
4547,0.00e+00,1.06e+01,
4548,0.00e+00,1.06e+01,
4549,0.00e+00,1.06e+01,
4550,0.00e+00,1.10e+01,
4551,0.00e+00,1.10e+01,
4552,0.00e+00,1.10e+01,
4553,0.00e+00,1.10e+01,
4554,0.00e+00,1.14e+01,
4555,0.00e+00,1.14e+01,
4556,0.00e+00,1.14e+01,
4557,0.00e+00,1.14e+01,
4558,0.00e+00,1.18e+01,
4559,0.00e+00,1.18e+01,
4560,0.00e+00,1.18e+01,
4561,0.00e+00,1.22e+01,
4562,0.00e+00,1.22e+01,
4563,0.00e+00,1.22e+01,
4564,0.00e+00,1.26e+01,
4565,0.00e+00,1.26e+01,
4566,0.00e+00,1.26e+01,
4567,0.00e+00,1.30e+01,
4568,0.00e+00,1.30e+01,
4569,0.00e+00,1.30e+01,
4570,0.00e+00,1.38e+01,
4571,0.00e+00,1.38e+01,
4572,0.00e+00,1.42e+01,
4573,0.00e+00,1.42e+01,
4574,0.00e+00,1.42e+01,
4575,0.00e+00,1.46e+01,
4576,0.00e+00,1.46e+01,
4577,0.00e+00,1.50e+01,
4578,0.00e+00,1.50e+01,
4579,0.00e+00,1.50e+01,
4580,0.00e+00,1.54e+01,
4581,0.00e+00,1.54e+01,
4582,0.00e+00,1.58e+01,
4583,0.00e+00,1.58e+01,
4584,0.00e+00,1.58e+01,
4585,0.00e+00,1.62e+01,
4586,0.00e+00,1.62e+01,
4587,0.00e+00,1.66e+01,
4588,0.00e+00,1.66e+01,
4589,0.00e+00,1.66e+01,
4590,0.00e+00,1.70e+01,
4591,0.00e+00,1.74e+01,
4592,0.00e+00,1.74e+01,
4593,0.00e+00,1.78e+01,
4594,0.00e+00,1.78e+01,
4595,-8.00e-03,1.82e+01,
4596,0.00e+00,1.82e+01,
4597,0.00e+00,1.82e+01,
4598,0.00e+00,1.90e+01,
4599,0.00e+00,1.94e+01,
4600,0.00e+00,1.94e+01,
4601,0.00e+00,1.98e+01,
4602,0.00e+00,1.98e+01,
4603,0.00e+00,2.02e+01,
4604,0.00e+00,2.02e+01,
4605,0.00e+00,2.02e+01,
4606,0.00e+00,2.06e+01,
4607,-8.00e-03,2.10e+01,
4608,0.00e+00,2.10e+01,
4609,0.00e+00,2.14e+01,
4610,0.00e+00,2.14e+01,
4611,-8.00e-03,2.18e+01,
4612,-8.00e-03,2.18e+01,
4613,0.00e+00,2.22e+01,
4614,0.00e+00,2.22e+01,
4615,-8.00e-03,2.26e+01,
4616,0.00e+00,2.26e+01,
4617,0.00e+00,2.30e+01,
4618,0.00e+00,2.30e+01,
4619,0.00e+00,2.34e+01,
4620,0.00e+00,2.34e+01,
4621,0.00e+00,2.38e+01,
4622,0.00e+00,2.38e+01,
4623,-8.00e-03,2.46e+01,
4624,-8.00e-03,2.46e+01,
4625,0.00e+00,2.50e+01,
4626,-8.00e-03,2.50e+01,
4627,-8.00e-03,2.54e+01,
4628,-8.00e-03,2.58e+01,
4629,0.00e+00,2.58e+01,
4630,-8.00e-03,2.62e+01,
4631,-8.00e-03,2.62e+01,
4632,-8.00e-03,2.62e+01,
4633,0.00e+00,2.66e+01,
4634,0.00e+00,2.70e+01,
4635,-8.00e-03,2.70e+01,
4636,-8.00e-03,2.70e+01,
4637,0.00e+00,2.74e+01,
4638,-8.00e-03,2.74e+01,
4639,-8.00e-03,2.78e+01,
4640,-8.00e-03,2.78e+01,
4641,-8.00e-03,2.82e+01,
4642,-8.00e-03,2.82e+01,
4643,-8.00e-03,2.86e+01,
4644,-8.00e-03,2.86e+01,
4645,-8.00e-03,2.86e+01,
4646,-8.00e-03,2.90e+01,
4647,-8.00e-03,2.90e+01,
4648,-8.00e-03,2.98e+01,
4649,-8.00e-03,2.98e+01,
4650,-8.00e-03,3.02e+01,
4651,-8.00e-03,3.02e+01,
4652,-8.00e-03,3.02e+01,
4653,-8.00e-03,3.02e+01,
4654,-8.00e-03,3.02e+01,
4655,-8.00e-03,3.06e+01,
4656,-8.00e-03,3.06e+01,
4657,-8.00e-03,3.10e+01,
4658,-8.00e-03,3.10e+01,
4659,-8.00e-03,3.14e+01,
4660,-8.00e-03,3.14e+01,
4661,-8.00e-03,3.14e+01,
4662,-8.00e-03,3.14e+01,
4663,-8.00e-03,3.18e+01,
4664,-8.00e-03,3.14e+01,
4665,-8.00e-03,3.18e+01,
4666,-8.00e-03,3.18e+01,
4667,-8.00e-03,3.18e+01,
4668,-8.00e-03,3.22e+01,
4669,-8.00e-03,3.18e+01,
4670,-8.00e-03,3.22e+01,
4671,-8.00e-03,3.22e+01,
4672,-8.00e-03,3.22e+01,
4673,-8.00e-03,3.22e+01,
4674,-8.00e-03,3.22e+01,
4675,-8.00e-03,3.22e+01,
4676,-8.00e-03,3.26e+01,
4677,-8.00e-03,3.26e+01,
4678,-8.00e-03,3.22e+01,
4679,-8.00e-03,3.26e+01,
4680,-8.00e-03,3.22e+01,
4681,-8.00e-03,3.26e+01,
4682,-8.00e-03,3.26e+01,
4683,-8.00e-03,3.26e+01,
4684,-8.00e-03,3.26e+01,
4685,-8.00e-03,3.26e+01,
4686,-8.00e-03,3.26e+01,
4687,-8.00e-03,3.26e+01,
4688,-8.00e-03,3.22e+01,
4689,-8.00e-03,3.26e+01,
4690,-8.00e-03,3.26e+01,
4691,-8.00e-03,3.22e+01,
4692,-8.00e-03,3.22e+01,
4693,-8.00e-03,3.22e+01,
4694,-8.00e-03,3.22e+01,
4695,-8.00e-03,3.22e+01,
4696,-8.00e-03,3.18e+01,
4697,-8.00e-03,3.22e+01,
4698,-8.00e-03,3.18e+01,
4699,-8.00e-03,3.18e+01,
4700,-8.00e-03,3.18e+01,
4701,-8.00e-03,3.18e+01,
4702,-8.00e-03,3.18e+01,
4703,-8.00e-03,3.14e+01,
4704,-8.00e-03,3.14e+01,
4705,-8.00e-03,3.14e+01,
4706,-8.00e-03,3.10e+01,
4707,-1.60e-02,3.10e+01,
4708,-8.00e-03,3.10e+01,
4709,-8.00e-03,3.10e+01,
4710,-8.00e-03,3.06e+01,
4711,-8.00e-03,3.06e+01,
4712,-8.00e-03,3.06e+01,
4713,-8.00e-03,3.06e+01,
4714,-8.00e-03,3.02e+01,
4715,-8.00e-03,3.02e+01,
4716,-1.60e-02,2.98e+01,
4717,-8.00e-03,2.98e+01,
4718,-8.00e-03,2.98e+01,
4719,-1.60e-02,2.98e+01,
4720,-8.00e-03,2.90e+01,
4721,-8.00e-03,2.90e+01,
4722,-8.00e-03,2.86e+01,
4723,-1.60e-02,2.86e+01,
4724,-1.60e-02,2.86e+01,
4725,-8.00e-03,2.82e+01,
4726,-8.00e-03,2.82e+01,
4727,-1.60e-02,2.78e+01,
4728,-8.00e-03,2.78e+01,
4729,-8.00e-03,2.74e+01,
4730,-8.00e-03,2.74e+01,
4731,-1.60e-02,2.74e+01,
4732,-8.00e-03,2.70e+01,
4733,-8.00e-03,2.70e+01,
4734,-8.00e-03,2.66e+01,
4735,-1.60e-02,2.66e+01,
4736,-8.00e-03,2.62e+01,
4737,-8.00e-03,2.62e+01,
4738,-8.00e-03,2.58e+01,
4739,-1.60e-02,2.58e+01,
4740,-8.00e-03,2.54e+01,
4741,-8.00e-03,2.50e+01,
4742,-8.00e-03,2.50e+01,
4743,-1.60e-02,2.50e+01,
4744,-8.00e-03,2.46e+01,
4745,-8.00e-03,2.46e+01,
4746,-8.00e-03,2.38e+01,
4747,-1.60e-02,2.38e+01,
4748,-8.00e-03,2.34e+01,
4749,-8.00e-03,2.30e+01,
4750,-8.00e-03,2.30e+01,
4751,-8.00e-03,2.30e+01,
4752,-8.00e-03,2.26e+01,
4753,-8.00e-03,2.26e+01,
4754,-8.00e-03,2.22e+01,
4755,-1.60e-02,2.22e+01,
4756,-8.00e-03,2.18e+01,
4757,-8.00e-03,2.14e+01,
4758,-8.00e-03,2.14e+01,
4759,-8.00e-03,2.14e+01,
4760,-8.00e-03,2.10e+01,
4761,-8.00e-03,2.10e+01,
4762,-8.00e-03,2.06e+01,
4763,-1.60e-02,2.06e+01,
4764,-1.60e-02,2.02e+01,
4765,-8.00e-03,1.98e+01,
4766,-8.00e-03,1.98e+01,
4767,-1.60e-02,1.98e+01,
4768,-8.00e-03,1.94e+01,
4769,-8.00e-03,1.94e+01,
4770,-8.00e-03,1.90e+01,
4771,-8.00e-03,1.90e+01,
4772,-8.00e-03,1.82e+01,
4773,-8.00e-03,1.82e+01,
4774,-8.00e-03,1.78e+01,
4775,-8.00e-03,1.78e+01,
4776,-8.00e-03,1.74e+01,
4777,-8.00e-03,1.74e+01,
4778,-8.00e-03,1.74e+01,
4779,-8.00e-03,1.70e+01,
4780,-8.00e-03,1.70e+01,
4781,-8.00e-03,1.66e+01,
4782,-8.00e-03,1.66e+01,
4783,-1.60e-02,1.66e+01,
4784,-8.00e-03,1.62e+01,
4785,-8.00e-03,1.62e+01,
4786,-8.00e-03,1.58e+01,
4787,-8.00e-03,1.58e+01,
4788,-8.00e-03,1.58e+01,
4789,-8.00e-03,1.54e+01,
4790,-8.00e-03,1.54e+01,
4791,-8.00e-03,1.54e+01,
4792,-8.00e-03,1.50e+01,
4793,-8.00e-03,1.50e+01,
4794,-8.00e-03,1.46e+01,
4795,-8.00e-03,1.46e+01,
4796,-8.00e-03,1.46e+01,
4797,-8.00e-03,1.42e+01,
4798,-8.00e-03,1.42e+01,
4799,-8.00e-03,1.42e+01,
4800,-8.00e-03,1.38e+01,
4801,-8.00e-03,1.38e+01,
4802,-8.00e-03,1.30e+01,
4803,-8.00e-03,1.38e+01,
4804,-8.00e-03,1.30e+01,
4805,-8.00e-03,1.26e+01,
4806,-8.00e-03,1.26e+01,
4807,-8.00e-03,1.26e+01,
4808,-8.00e-03,1.26e+01,
4809,-8.00e-03,1.26e+01,
4810,-8.00e-03,1.22e+01,
4811,-8.00e-03,1.22e+01,
4812,-8.00e-03,1.22e+01,
4813,-8.00e-03,1.18e+01,
4814,-8.00e-03,1.18e+01,
4815,-8.00e-03,1.18e+01,
4816,-8.00e-03,1.14e+01,
4817,-8.00e-03,1.14e+01,
4818,-8.00e-03,1.14e+01,
4819,-8.00e-03,1.14e+01,
4820,-8.00e-03,1.14e+01,
4821,-8.00e-03,1.10e+01,
4822,-8.00e-03,1.10e+01,
4823,-8.00e-03,1.10e+01,
4824,-8.00e-03,1.10e+01,
4825,-8.00e-03,1.10e+01,
4826,-8.00e-03,1.10e+01,
4827,-8.00e-03,1.06e+01,
4828,-8.00e-03,1.06e+01,
4829,-8.00e-03,1.06e+01,
4830,-8.00e-03,1.02e+01,
4831,-8.00e-03,1.06e+01,
4832,-8.00e-03,1.02e+01,
4833,-8.00e-03,1.02e+01,
4834,-8.00e-03,1.02e+01,
4835,-8.00e-03,1.02e+01,
4836,-8.00e-03,1.02e+01,
4837,-8.00e-03,9.80e+00,
4838,-8.00e-03,9.80e+00,
4839,-8.00e-03,1.02e+01,
4840,-8.00e-03,9.80e+00,
4841,-8.00e-03,9.80e+00,
4842,-8.00e-03,9.80e+00,
4843,-8.00e-03,9.80e+00,
4844,-8.00e-03,9.80e+00,
4845,-8.00e-03,9.40e+00,
4846,-8.00e-03,9.40e+00,
4847,-8.00e-03,9.80e+00,
4848,-8.00e-03,9.40e+00,
4849,-8.00e-03,9.40e+00,
4850,0.00e+00,9.40e+00,
4851,-8.00e-03,9.40e+00,
4852,-8.00e-03,9.40e+00,
4853,-8.00e-03,9.40e+00,
4854,-8.00e-03,9.40e+00,
4855,-8.00e-03,9.40e+00,
4856,-8.00e-03,9.00e+00,
4857,0.00e+00,9.40e+00,
4858,-8.00e-03,9.40e+00,
4859,-8.00e-03,9.40e+00,
4860,-8.00e-03,9.00e+00,
4861,0.00e+00,9.00e+00,
4862,-8.00e-03,9.00e+00,
4863,-8.00e-03,9.40e+00,
4864,0.00e+00,9.00e+00,
4865,0.00e+00,9.40e+00,
4866,0.00e+00,9.00e+00,
4867,-8.00e-03,9.00e+00,
4868,0.00e+00,9.00e+00,
4869,0.00e+00,9.00e+00,
4870,0.00e+00,9.00e+00,
4871,-8.00e-03,9.40e+00,
4872,0.00e+00,9.00e+00,
4873,0.00e+00,9.00e+00,
4874,0.00e+00,9.00e+00,
4875,-8.00e-03,9.40e+00,
4876,0.00e+00,9.00e+00,
4877,0.00e+00,9.00e+00,
4878,0.00e+00,9.40e+00,
4879,-8.00e-03,9.40e+00,
4880,0.00e+00,9.00e+00,
4881,0.00e+00,9.40e+00,
4882,0.00e+00,9.40e+00,
4883,-8.00e-03,9.40e+00,
4884,0.00e+00,9.40e+00,
4885,0.00e+00,9.40e+00,
4886,0.00e+00,9.40e+00,
4887,-8.00e-03,9.40e+00,
4888,0.00e+00,9.40e+00,
4889,0.00e+00,9.40e+00,
4890,0.00e+00,9.40e+00,
4891,0.00e+00,9.80e+00,
4892,0.00e+00,9.80e+00,
4893,0.00e+00,9.40e+00,
4894,0.00e+00,9.80e+00,
4895,0.00e+00,9.80e+00,
4896,0.00e+00,9.80e+00,
4897,0.00e+00,9.80e+00,
4898,0.00e+00,9.80e+00,
4899,0.00e+00,9.80e+00,
4900,0.00e+00,9.80e+00,
4901,0.00e+00,9.80e+00,
4902,0.00e+00,1.02e+01,
4903,0.00e+00,1.02e+01,
4904,0.00e+00,1.02e+01,
4905,0.00e+00,1.02e+01,
4906,0.00e+00,1.06e+01,
4907,0.00e+00,1.02e+01,
4908,0.00e+00,1.06e+01,
4909,0.00e+00,1.06e+01,
4910,0.00e+00,1.06e+01,
4911,0.00e+00,1.06e+01,
4912,0.00e+00,1.06e+01,
4913,0.00e+00,1.10e+01,
4914,0.00e+00,1.10e+01,
4915,0.00e+00,1.10e+01,
4916,0.00e+00,1.10e+01,
4917,0.00e+00,1.10e+01,
4918,0.00e+00,1.14e+01,
4919,0.00e+00,1.14e+01,
4920,0.00e+00,1.14e+01,
4921,0.00e+00,1.18e+01,
4922,0.00e+00,1.14e+01,
4923,0.00e+00,1.18e+01,
4924,0.00e+00,1.18e+01,
4925,0.00e+00,1.18e+01,
4926,0.00e+00,1.22e+01,
4927,0.00e+00,1.22e+01,
4928,0.00e+00,1.22e+01,
4929,0.00e+00,1.26e+01,
4930,0.00e+00,1.22e+01,
4931,0.00e+00,1.26e+01,
4932,0.00e+00,1.26e+01,
4933,0.00e+00,1.26e+01,
4934,0.00e+00,1.30e+01,
4935,0.00e+00,1.30e+01,
4936,0.00e+00,1.30e+01,
4937,0.00e+00,1.38e+01,
4938,0.00e+00,1.38e+01,
4939,0.00e+00,1.38e+01,
4940,0.00e+00,1.38e+01,
4941,0.00e+00,1.42e+01,
4942,0.00e+00,1.42e+01,
4943,0.00e+00,1.46e+01,
4944,0.00e+00,1.46e+01,
4945,0.00e+00,1.46e+01,
4946,0.00e+00,1.50e+01,
4947,0.00e+00,1.50e+01,
4948,0.00e+00,1.50e+01,
4949,0.00e+00,1.50e+01,
4950,0.00e+00,1.54e+01,
4951,0.00e+00,1.58e+01,
4952,0.00e+00,1.58e+01,
4953,0.00e+00,1.58e+01,
4954,0.00e+00,1.58e+01,
4955,0.00e+00,1.62e+01,
4956,0.00e+00,1.62e+01,
4957,0.00e+00,1.62e+01,
4958,0.00e+00,1.66e+01,
4959,0.00e+00,1.70e+01,
4960,0.00e+00,1.70e+01,
4961,0.00e+00,1.70e+01,
4962,0.00e+00,1.74e+01,
4963,0.00e+00,1.78e+01,
4964,0.00e+00,1.78e+01,
4965,0.00e+00,1.78e+01,
4966,0.00e+00,1.78e+01,
4967,0.00e+00,1.82e+01,
4968,0.00e+00,1.82e+01,
4969,0.00e+00,1.90e+01,
4970,0.00e+00,1.90e+01,
4971,0.00e+00,1.94e+01,
4972,0.00e+00,1.94e+01,
4973,0.00e+00,1.94e+01,
4974,0.00e+00,1.98e+01,
4975,0.00e+00,1.98e+01,
4976,0.00e+00,2.02e+01,
4977,0.00e+00,2.02e+01,
4978,0.00e+00,2.06e+01,
4979,0.00e+00,2.06e+01,
4980,0.00e+00,2.10e+01,
4981,0.00e+00,2.10e+01,
4982,0.00e+00,2.10e+01,
4983,0.00e+00,2.14e+01,
4984,0.00e+00,2.14e+01,
4985,0.00e+00,2.18e+01,
4986,0.00e+00,2.18e+01,
4987,-8.00e-03,2.22e+01,
4988,-8.00e-03,2.22e+01,
4989,0.00e+00,2.26e+01,
4990,0.00e+00,2.26e+01,
4991,-8.00e-03,2.30e+01,
4992,0.00e+00,2.30e+01,
4993,0.00e+00,2.34e+01,
4994,0.00e+00,2.34e+01,
4995,-8.00e-03,2.38e+01,
4996,-8.00e-03,2.38e+01,
4997,0.00e+00,2.38e+01,
4998,0.00e+00,2.46e+01,
4999,-8.00e-03,2.46e+01,
5000,0.00e+00,2.46e+01,
5001,0.00e+00,2.50e+01,
5002,-8.00e-03,2.50e+01,
5003,-8.00e-03,2.54e+01,
5004,-8.00e-03,2.54e+01,
5005,-8.00e-03,2.58e+01,
5006,-8.00e-03,2.58e+01,
5007,-8.00e-03,2.58e+01,
5008,-8.00e-03,2.62e+01,
5009,0.00e+00,2.62e+01,
5010,-8.00e-03,2.66e+01,
5011,-8.00e-03,2.66e+01,
5012,-8.00e-03,2.66e+01,
5013,0.00e+00,2.70e+01,
5014,-8.00e-03,2.70e+01,
5015,-8.00e-03,2.74e+01,
5016,-8.00e-03,2.74e+01,
5017,-8.00e-03,2.74e+01,
5018,-8.00e-03,2.74e+01,
5019,-8.00e-03,2.78e+01,
5020,-8.00e-03,2.78e+01,
5021,-8.00e-03,2.78e+01,
5022,-8.00e-03,2.82e+01,
5023,-8.00e-03,2.82e+01,
5024,-8.00e-03,2.82e+01,
5025,-8.00e-03,2.86e+01,
5026,-8.00e-03,2.86e+01,
5027,-8.00e-03,2.86e+01,
5028,-8.00e-03,2.86e+01,
5029,-8.00e-03,2.90e+01,
5030,-8.00e-03,2.90e+01,
5031,-8.00e-03,2.90e+01,
5032,-8.00e-03,2.90e+01,
5033,-8.00e-03,2.98e+01,
5034,-8.00e-03,2.98e+01,
5035,-8.00e-03,2.98e+01,
5036,-8.00e-03,2.98e+01,
5037,-8.00e-03,2.98e+01,
5038,-8.00e-03,3.02e+01,
5039,-8.00e-03,3.02e+01,
5040,-8.00e-03,3.02e+01,
5041,-8.00e-03,3.02e+01,
5042,-8.00e-03,3.02e+01,
5043,-8.00e-03,3.02e+01,
5044,-8.00e-03,3.06e+01,
5045,-8.00e-03,3.06e+01,
5046,-8.00e-03,3.06e+01,
5047,-8.00e-03,3.06e+01,
5048,-8.00e-03,3.06e+01,
5049,-8.00e-03,3.06e+01,
5050,-8.00e-03,3.06e+01,
5051,-8.00e-03,3.06e+01,
5052,-8.00e-03,3.06e+01,
5053,-8.00e-03,3.06e+01,
5054,-8.00e-03,3.06e+01,
5055,-8.00e-03,3.06e+01,
5056,-8.00e-03,3.06e+01,
5057,-8.00e-03,3.06e+01,
5058,-8.00e-03,3.06e+01,
5059,-8.00e-03,3.06e+01,
5060,-8.00e-03,3.06e+01,
5061,-8.00e-03,3.06e+01,
5062,-8.00e-03,3.06e+01,
5063,-8.00e-03,3.06e+01,
5064,-8.00e-03,3.02e+01,
5065,-8.00e-03,3.06e+01,
5066,-8.00e-03,3.02e+01,
5067,-8.00e-03,3.02e+01,
5068,-8.00e-03,3.02e+01,
5069,-8.00e-03,3.02e+01,
5070,-8.00e-03,3.02e+01,
5071,-8.00e-03,3.02e+01,
5072,-8.00e-03,2.98e+01,
5073,-8.00e-03,2.98e+01,
5074,-8.00e-03,2.98e+01,
5075,-8.00e-03,2.98e+01,
5076,-8.00e-03,2.98e+01,
5077,-8.00e-03,2.90e+01,
5078,-8.00e-03,2.90e+01,
5079,-8.00e-03,2.90e+01,
5080,-8.00e-03,2.90e+01,
5081,-8.00e-03,2.90e+01,
5082,-8.00e-03,2.86e+01,
5083,-8.00e-03,2.86e+01,
5084,-8.00e-03,2.86e+01,
5085,-8.00e-03,2.82e+01,
5086,-8.00e-03,2.82e+01,
5087,-8.00e-03,2.82e+01,
5088,-8.00e-03,2.82e+01,
5089,-8.00e-03,2.78e+01,
5090,-8.00e-03,2.78e+01,
5091,-8.00e-03,2.78e+01,
5092,-8.00e-03,2.78e+01,
5093,-8.00e-03,2.74e+01,
5094,-8.00e-03,2.74e+01,
5095,-8.00e-03,2.70e+01,
5096,-8.00e-03,2.70e+01,
5097,-8.00e-03,2.70e+01,
5098,-8.00e-03,2.66e+01,
5099,-8.00e-03,2.66e+01,
5100,-8.00e-03,2.66e+01,
5101,-8.00e-03,2.62e+01,
5102,-8.00e-03,2.62e+01,
5103,-8.00e-03,2.58e+01,
5104,-8.00e-03,2.58e+01,
5105,-8.00e-03,2.58e+01,
5106,-8.00e-03,2.54e+01,
5107,-8.00e-03,2.54e+01,
5108,-8.00e-03,2.54e+01,
5109,-8.00e-03,2.50e+01,
5110,-8.00e-03,2.46e+01,
5111,-1.60e-02,2.46e+01,
5112,-8.00e-03,2.46e+01,
5113,-8.00e-03,2.38e+01,
5114,-8.00e-03,2.38e+01,
5115,-8.00e-03,2.34e+01,
5116,-8.00e-03,2.34e+01,
5117,-8.00e-03,2.30e+01,
5118,-8.00e-03,2.30e+01,
5119,-1.60e-02,2.30e+01,
5120,-8.00e-03,2.26e+01,
5121,-8.00e-03,2.26e+01,
5122,-8.00e-03,2.22e+01,
5123,-8.00e-03,2.22e+01,
5124,-8.00e-03,2.22e+01,
5125,-8.00e-03,2.18e+01,
5126,-8.00e-03,2.18e+01,
5127,-8.00e-03,2.14e+01,
5128,-8.00e-03,2.14e+01,
5129,-8.00e-03,2.14e+01,
5130,-8.00e-03,2.10e+01,
5131,-8.00e-03,2.10e+01,
5132,-8.00e-03,2.06e+01,
5133,-8.00e-03,2.02e+01,
5134,-8.00e-03,2.02e+01,
5135,-8.00e-03,2.02e+01,
5136,-8.00e-03,1.98e+01,
5137,-8.00e-03,1.98e+01,
5138,-8.00e-03,1.98e+01,
5139,-8.00e-03,1.94e+01,
5140,-8.00e-03,1.94e+01,
5141,-8.00e-03,1.90e+01,
5142,-8.00e-03,1.90e+01,
5143,-8.00e-03,1.90e+01,
5144,-8.00e-03,1.82e+01,
5145,-8.00e-03,1.82e+01,
5146,-8.00e-03,1.78e+01,
5147,-8.00e-03,1.78e+01,
5148,-8.00e-03,1.78e+01,
5149,-8.00e-03,1.74e+01,
5150,-8.00e-03,1.74e+01,
5151,-8.00e-03,1.74e+01,
5152,-8.00e-03,1.70e+01,
5153,-8.00e-03,1.70e+01,
5154,-8.00e-03,1.66e+01,
5155,-8.00e-03,1.66e+01,
5156,-8.00e-03,1.62e+01,
5157,-8.00e-03,1.62e+01,
5158,-8.00e-03,1.62e+01,
5159,-8.00e-03,1.62e+01,
5160,-8.00e-03,1.58e+01,
5161,-8.00e-03,1.58e+01,
5162,-8.00e-03,1.58e+01,
5163,-8.00e-03,1.54e+01,
5164,-8.00e-03,1.54e+01,
5165,-8.00e-03,1.50e+01,
5166,-8.00e-03,1.50e+01,
5167,-8.00e-03,1.50e+01,
5168,-8.00e-03,1.46e+01,
5169,-8.00e-03,1.46e+01,
5170,-8.00e-03,1.46e+01,
5171,-8.00e-03,1.46e+01,
5172,-8.00e-03,1.42e+01,
5173,-8.00e-03,1.42e+01,
5174,-8.00e-03,1.42e+01,
5175,-8.00e-03,1.42e+01,
5176,-8.00e-03,1.38e+01,
5177,-8.00e-03,1.38e+01,
5178,-8.00e-03,1.38e+01,
5179,-8.00e-03,1.30e+01,
5180,-8.00e-03,1.30e+01,
5181,-8.00e-03,1.30e+01,
5182,-8.00e-03,1.30e+01,
5183,-8.00e-03,1.30e+01,
5184,-8.00e-03,1.26e+01,
5185,-8.00e-03,1.26e+01,
5186,-8.00e-03,1.26e+01,
5187,-8.00e-03,1.22e+01,
5188,-8.00e-03,1.22e+01,
5189,-8.00e-03,1.22e+01,
5190,-8.00e-03,1.22e+01,
5191,-8.00e-03,1.22e+01,
5192,-8.00e-03,1.18e+01,
5193,-8.00e-03,1.18e+01,
5194,-8.00e-03,1.18e+01,
5195,-8.00e-03,1.18e+01,
5196,-8.00e-03,1.18e+01,
5197,-8.00e-03,1.14e+01,
5198,-8.00e-03,1.14e+01,
5199,-8.00e-03,1.14e+01,
5200,-8.00e-03,1.14e+01,
5201,-8.00e-03,1.14e+01,
5202,-8.00e-03,1.14e+01,
5203,-8.00e-03,1.14e+01,
5204,-8.00e-03,1.10e+01,
5205,-8.00e-03,1.10e+01,
5206,-8.00e-03,1.10e+01,
5207,-8.00e-03,1.10e+01,
5208,-8.00e-03,1.06e+01,
5209,-8.00e-03,1.06e+01,
5210,-8.00e-03,1.06e+01,
5211,-8.00e-03,1.06e+01,
5212,-8.00e-03,1.06e+01,
5213,-8.00e-03,1.06e+01,
5214,-8.00e-03,1.06e+01,
5215,-8.00e-03,1.06e+01,
5216,-8.00e-03,1.02e+01,
5217,-8.00e-03,1.02e+01,
5218,-8.00e-03,1.06e+01,
5219,-8.00e-03,1.02e+01,
5220,-8.00e-03,1.02e+01,
5221,0.00e+00,1.02e+01,
5222,-8.00e-03,1.02e+01,
5223,-8.00e-03,1.02e+01,
5224,-8.00e-03,1.02e+01,
5225,0.00e+00,1.02e+01,
5226,-8.00e-03,1.02e+01,
5227,-8.00e-03,1.02e+01,
5228,-8.00e-03,1.02e+01,
5229,0.00e+00,1.02e+01,
5230,-8.00e-03,1.02e+01,
5231,-8.00e-03,1.02e+01,
5232,-8.00e-03,9.80e+00,
5233,0.00e+00,1.02e+01,
5234,0.00e+00,9.80e+00,
5235,-8.00e-03,1.02e+01,
5236,-8.00e-03,1.02e+01,
5237,0.00e+00,9.80e+00,
5238,-8.00e-03,1.02e+01,
5239,-8.00e-03,1.02e+01,
5240,-8.00e-03,9.80e+00,
5241,0.00e+00,9.80e+00,
5242,0.00e+00,1.02e+01,
5243,-8.00e-03,1.02e+01,
5244,-8.00e-03,9.80e+00,
5245,0.00e+00,9.80e+00,
5246,0.00e+00,9.80e+00,
5247,0.00e+00,1.02e+01,
5248,0.00e+00,9.80e+00,
5249,0.00e+00,1.02e+01,
5250,-8.00e-03,1.02e+01,
5251,-8.00e-03,1.02e+01,
5252,-8.00e-03,1.02e+01,
5253,0.00e+00,1.02e+01,
5254,0.00e+00,1.02e+01,
5255,-8.00e-03,1.02e+01,
5256,0.00e+00,1.02e+01,
5257,0.00e+00,1.02e+01,
5258,0.00e+00,1.02e+01,
5259,-8.00e-03,1.06e+01,
5260,0.00e+00,1.02e+01,
5261,0.00e+00,1.02e+01,
5262,-8.00e-03,1.02e+01,
5263,0.00e+00,1.06e+01,
5264,0.00e+00,1.02e+01,
5265,0.00e+00,1.06e+01,
5266,0.00e+00,1.06e+01,
5267,-8.00e-03,1.06e+01,
5268,0.00e+00,1.06e+01,
5269,0.00e+00,1.06e+01,
5270,0.00e+00,1.06e+01,
5271,0.00e+00,1.10e+01,
5272,0.00e+00,1.06e+01,
5273,0.00e+00,1.10e+01,
5274,0.00e+00,1.10e+01,
5275,0.00e+00,1.10e+01,
5276,0.00e+00,1.10e+01,
5277,0.00e+00,1.10e+01,
5278,0.00e+00,1.10e+01,
5279,-8.00e-03,1.14e+01,
5280,0.00e+00,1.14e+01,
5281,0.00e+00,1.14e+01,
5282,0.00e+00,1.14e+01,
5283,0.00e+00,1.14e+01,
5284,0.00e+00,1.14e+01,
5285,0.00e+00,1.14e+01,
5286,0.00e+00,1.18e+01,
5287,0.00e+00,1.18e+01,
5288,0.00e+00,1.18e+01,
5289,0.00e+00,1.18e+01,
5290,0.00e+00,1.18e+01,
5291,0.00e+00,1.22e+01,
5292,0.00e+00,1.22e+01,
5293,0.00e+00,1.22e+01,
5294,0.00e+00,1.26e+01,
5295,0.00e+00,1.26e+01,
5296,0.00e+00,1.26e+01,
5297,0.00e+00,1.26e+01,
5298,0.00e+00,1.26e+01,
5299,-8.00e-03,1.26e+01,
5300,0.00e+00,1.30e+01,
5301,0.00e+00,1.30e+01,
5302,0.00e+00,1.30e+01,
5303,0.00e+00,1.38e+01,
5304,0.00e+00,1.38e+01,
5305,0.00e+00,1.38e+01,
5306,0.00e+00,1.38e+01,
5307,0.00e+00,1.42e+01,
5308,0.00e+00,1.42e+01,
5309,0.00e+00,1.42e+01,
5310,0.00e+00,1.42e+01,
5311,0.00e+00,1.46e+01,
5312,0.00e+00,1.46e+01,
5313,0.00e+00,1.46e+01,
5314,0.00e+00,1.50e+01,
5315,0.00e+00,1.50e+01,
5316,0.00e+00,1.50e+01,
5317,0.00e+00,1.50e+01,
5318,0.00e+00,1.54e+01,
5319,0.00e+00,1.54e+01,
5320,0.00e+00,1.54e+01,
5321,0.00e+00,1.58e+01,
5322,0.00e+00,1.58e+01,
5323,0.00e+00,1.62e+01,
5324,0.00e+00,1.62e+01,
5325,0.00e+00,1.62e+01,
5326,0.00e+00,1.66e+01,
5327,0.00e+00,1.66e+01,
5328,0.00e+00,1.66e+01,
5329,0.00e+00,1.70e+01,
5330,0.00e+00,1.70e+01,
5331,-8.00e-03,1.74e+01,
5332,0.00e+00,1.70e+01,
5333,0.00e+00,1.74e+01,
5334,0.00e+00,1.74e+01,
5335,0.00e+00,1.78e+01,
5336,0.00e+00,1.78e+01,
5337,0.00e+00,1.78e+01,
5338,0.00e+00,1.82e+01,
5339,0.00e+00,1.82e+01,
5340,0.00e+00,1.82e+01,
5341,0.00e+00,1.90e+01,
5342,0.00e+00,1.90e+01,
5343,0.00e+00,1.94e+01,
5344,-8.00e-03,1.94e+01,
5345,0.00e+00,1.94e+01,
5346,0.00e+00,1.98e+01,
5347,-8.00e-03,1.98e+01,
5348,0.00e+00,2.02e+01,
5349,0.00e+00,2.02e+01,
5350,0.00e+00,2.02e+01,
5351,0.00e+00,2.06e+01,
5352,0.00e+00,2.06e+01,
5353,0.00e+00,2.10e+01,
5354,0.00e+00,2.10e+01,
5355,-8.00e-03,2.10e+01,
5356,-8.00e-03,2.14e+01,
5357,0.00e+00,2.14e+01,
5358,0.00e+00,2.14e+01,
5359,-8.00e-03,2.18e+01,
5360,0.00e+00,2.18e+01,
5361,0.00e+00,2.22e+01,
5362,0.00e+00,2.22e+01,
5363,-8.00e-03,2.26e+01,
5364,0.00e+00,2.26e+01,
5365,0.00e+00,2.26e+01,
5366,-8.00e-03,2.30e+01,
5367,-8.00e-03,2.30e+01,
5368,0.00e+00,2.30e+01,
5369,0.00e+00,2.34e+01,
5370,0.00e+00,2.34e+01,
5371,-8.00e-03,2.34e+01,
5372,-8.00e-03,2.38e+01,
5373,0.00e+00,2.38e+01,
5374,-8.00e-03,2.46e+01,
5375,-8.00e-03,2.46e+01,
5376,-8.00e-03,2.46e+01,
5377,0.00e+00,2.50e+01,
5378,-8.00e-03,2.50e+01,
5379,-8.00e-03,2.50e+01,
5380,-8.00e-03,2.54e+01,
5381,0.00e+00,2.54e+01,
5382,-8.00e-03,2.54e+01,
5383,-8.00e-03,2.58e+01,
5384,-8.00e-03,2.58e+01,
5385,-8.00e-03,2.58e+01,
5386,-8.00e-03,2.62e+01,
5387,-8.00e-03,2.62e+01,
5388,-8.00e-03,2.62e+01,
5389,0.00e+00,2.62e+01,
5390,-8.00e-03,2.66e+01,
5391,-8.00e-03,2.66e+01,
5392,-8.00e-03,2.66e+01,
5393,-8.00e-03,2.66e+01,
5394,-8.00e-03,2.70e+01,
5395,-8.00e-03,2.70e+01,
5396,-8.00e-03,2.70e+01,
5397,-8.00e-03,2.70e+01,
5398,-8.00e-03,2.74e+01,
5399,-8.00e-03,2.74e+01,
5400,-8.00e-03,2.74e+01,
5401,-8.00e-03,2.78e+01,
5402,-8.00e-03,2.78e+01,
5403,-8.00e-03,2.78e+01,
5404,-8.00e-03,2.78e+01,
5405,-8.00e-03,2.78e+01,
5406,-8.00e-03,2.78e+01,
5407,-8.00e-03,2.82e+01,
5408,-8.00e-03,2.82e+01,
5409,-8.00e-03,2.82e+01,
5410,-8.00e-03,2.82e+01,
5411,-8.00e-03,2.82e+01,
5412,-8.00e-03,2.82e+01,
5413,-8.00e-03,2.82e+01,
5414,-8.00e-03,2.82e+01,
5415,-8.00e-03,2.86e+01,
5416,-8.00e-03,2.82e+01,
5417,-8.00e-03,2.86e+01,
5418,-8.00e-03,2.86e+01,
5419,-8.00e-03,2.86e+01,
5420,-8.00e-03,2.86e+01,
5421,-8.00e-03,2.86e+01,
5422,-8.00e-03,2.86e+01,
5423,-8.00e-03,2.86e+01,
5424,-8.00e-03,2.86e+01,
5425,-8.00e-03,2.86e+01,
5426,-8.00e-03,2.86e+01,
5427,-8.00e-03,2.86e+01,
5428,-8.00e-03,2.86e+01,
5429,-8.00e-03,2.86e+01,
5430,-8.00e-03,2.86e+01,
5431,-8.00e-03,2.86e+01,
5432,-8.00e-03,2.86e+01,
5433,-8.00e-03,2.86e+01,
5434,-8.00e-03,2.86e+01,
5435,-8.00e-03,2.86e+01,
5436,-8.00e-03,2.82e+01,
5437,-8.00e-03,2.82e+01,
5438,-8.00e-03,2.82e+01,
5439,-8.00e-03,2.82e+01,
5440,-8.00e-03,2.82e+01,
5441,-8.00e-03,2.82e+01,
5442,-8.00e-03,2.82e+01,
5443,-8.00e-03,2.82e+01,
5444,-8.00e-03,2.82e+01,
5445,-8.00e-03,2.78e+01,
5446,-8.00e-03,2.78e+01,
5447,-8.00e-03,2.78e+01,
5448,-8.00e-03,2.78e+01,
5449,-8.00e-03,2.78e+01,
5450,-8.00e-03,2.78e+01,
5451,-8.00e-03,2.74e+01,
5452,-8.00e-03,2.74e+01,
5453,-8.00e-03,2.74e+01,
5454,-8.00e-03,2.74e+01,
5455,-8.00e-03,2.70e+01,
5456,-8.00e-03,2.70e+01,
5457,-8.00e-03,2.70e+01,
5458,-8.00e-03,2.70e+01,
5459,-8.00e-03,2.70e+01,
5460,-8.00e-03,2.66e+01,
5461,-8.00e-03,2.66e+01,
5462,-8.00e-03,2.66e+01,
5463,-8.00e-03,2.66e+01,
5464,-8.00e-03,2.62e+01,
5465,-8.00e-03,2.62e+01,
5466,-8.00e-03,2.62e+01,
5467,-8.00e-03,2.58e+01,
5468,-8.00e-03,2.58e+01,
5469,-8.00e-03,2.58e+01,
5470,-8.00e-03,2.58e+01,
5471,-8.00e-03,2.54e+01,
5472,-8.00e-03,2.54e+01,
5473,-8.00e-03,2.54e+01,
5474,-8.00e-03,2.50e+01,
5475,-8.00e-03,2.50e+01,
5476,-8.00e-03,2.46e+01,
5477,-8.00e-03,2.46e+01,
5478,-8.00e-03,2.46e+01,
5479,-8.00e-03,2.38e+01,
5480,-8.00e-03,2.38e+01,
5481,-8.00e-03,2.38e+01,
5482,-8.00e-03,2.34e+01,
5483,-8.00e-03,2.34e+01,
5484,-8.00e-03,2.34e+01,
5485,-8.00e-03,2.30e+01,
5486,-8.00e-03,2.30e+01,
5487,-8.00e-03,2.26e+01,
5488,-8.00e-03,2.26e+01,
5489,-8.00e-03,2.26e+01,
5490,-8.00e-03,2.22e+01,
5491,-8.00e-03,2.22e+01,
5492,-8.00e-03,2.22e+01,
5493,-8.00e-03,2.18e+01,
5494,-8.00e-03,2.18e+01,
5495,-8.00e-03,2.18e+01,
5496,-8.00e-03,2.14e+01,
5497,-8.00e-03,2.14e+01,
5498,-8.00e-03,2.14e+01,
5499,-8.00e-03,2.10e+01,
5500,-8.00e-03,2.10e+01,
5501,-8.00e-03,2.06e+01,
5502,-8.00e-03,2.06e+01,
5503,-8.00e-03,2.06e+01,
5504,-8.00e-03,2.02e+01,
5505,-8.00e-03,2.02e+01,
5506,-8.00e-03,1.98e+01,
5507,-8.00e-03,1.98e+01,
5508,-8.00e-03,1.98e+01,
5509,-8.00e-03,1.94e+01,
5510,-8.00e-03,1.94e+01,
5511,-8.00e-03,1.94e+01,
5512,-8.00e-03,1.90e+01,
5513,-8.00e-03,1.90e+01,
5514,-8.00e-03,1.90e+01,
5515,-8.00e-03,1.90e+01,
5516,-8.00e-03,1.82e+01,
5517,-8.00e-03,1.78e+01,
5518,-8.00e-03,1.78e+01,
5519,-8.00e-03,1.78e+01,
5520,-8.00e-03,1.74e+01,
5521,-8.00e-03,1.74e+01,
5522,-8.00e-03,1.74e+01,
5523,-8.00e-03,1.74e+01,
5524,-8.00e-03,1.70e+01,
5525,-8.00e-03,1.70e+01,
5526,-8.00e-03,1.70e+01,
5527,-8.00e-03,1.66e+01,
5528,-8.00e-03,1.66e+01,
5529,-8.00e-03,1.66e+01,
5530,-8.00e-03,1.62e+01,
5531,-8.00e-03,1.62e+01,
5532,-8.00e-03,1.62e+01,
5533,-8.00e-03,1.58e+01,
5534,-8.00e-03,1.58e+01,
5535,-8.00e-03,1.58e+01,
5536,-8.00e-03,1.54e+01,
5537,-8.00e-03,1.54e+01,
5538,-8.00e-03,1.54e+01,
5539,-8.00e-03,1.54e+01,
5540,-8.00e-03,1.50e+01,
5541,-8.00e-03,1.50e+01,
5542,-8.00e-03,1.50e+01,
5543,-8.00e-03,1.46e+01,
5544,-8.00e-03,1.46e+01,
5545,-8.00e-03,1.46e+01,
5546,-8.00e-03,1.46e+01,
5547,-8.00e-03,1.46e+01,
5548,-8.00e-03,1.42e+01,
5549,-8.00e-03,1.42e+01,
5550,-8.00e-03,1.42e+01,
5551,-8.00e-03,1.42e+01,
5552,-8.00e-03,1.38e+01,
5553,-8.00e-03,1.38e+01,
5554,-8.00e-03,1.38e+01,
5555,-8.00e-03,1.38e+01,
5556,-8.00e-03,1.30e+01,
5557,-8.00e-03,1.30e+01,
5558,-8.00e-03,1.30e+01,
5559,-8.00e-03,1.30e+01,
5560,-8.00e-03,1.26e+01,
5561,-8.00e-03,1.26e+01,
5562,-8.00e-03,1.26e+01,
5563,-8.00e-03,1.26e+01,
5564,-8.00e-03,1.26e+01,
5565,-8.00e-03,1.22e+01,
5566,-8.00e-03,1.22e+01,
5567,-8.00e-03,1.22e+01,
5568,-8.00e-03,1.22e+01,
5569,-8.00e-03,1.22e+01,
5570,-8.00e-03,1.22e+01,
5571,-8.00e-03,1.22e+01,
5572,-8.00e-03,1.18e+01,
5573,-8.00e-03,1.18e+01,
5574,-8.00e-03,1.18e+01,
5575,-8.00e-03,1.18e+01,
5576,-8.00e-03,1.18e+01,
5577,0.00e+00,1.18e+01,
5578,-8.00e-03,1.18e+01,
5579,-8.00e-03,1.14e+01,
5580,-8.00e-03,1.14e+01,
5581,-8.00e-03,1.14e+01,
5582,-8.00e-03,1.14e+01,
5583,-8.00e-03,1.14e+01,
5584,-8.00e-03,1.14e+01,
5585,0.00e+00,1.14e+01,
5586,-8.00e-03,1.14e+01,
5587,-8.00e-03,1.14e+01,
5588,-8.00e-03,1.14e+01,
5589,-8.00e-03,1.10e+01,
5590,-8.00e-03,1.10e+01,
5591,-8.00e-03,1.10e+01,
5592,-8.00e-03,1.10e+01,
5593,0.00e+00,1.10e+01,
5594,-8.00e-03,1.10e+01,
5595,-8.00e-03,1.10e+01,
5596,-8.00e-03,1.10e+01,
5597,0.00e+00,1.10e+01,
5598,-8.00e-03,1.10e+01,
5599,-8.00e-03,1.10e+01,
5600,-8.00e-03,1.10e+01,
5601,0.00e+00,1.06e+01,
5602,-8.00e-03,1.10e+01,
5603,-8.00e-03,1.10e+01,
5604,-8.00e-03,1.06e+01,
5605,0.00e+00,1.06e+01,
5606,0.00e+00,1.06e+01,
5607,-8.00e-03,1.10e+01,
5608,-8.00e-03,1.06e+01,
5609,0.00e+00,1.10e+01,
5610,-8.00e-03,1.06e+01,
5611,-8.00e-03,1.10e+01,
5612,-8.00e-03,1.06e+01,
5613,0.00e+00,1.06e+01,
5614,0.00e+00,1.06e+01,
5615,-8.00e-03,1.10e+01,
5616,0.00e+00,1.06e+01,
5617,0.00e+00,1.06e+01,
5618,0.00e+00,1.10e+01,
5619,-8.00e-03,1.10e+01,
5620,0.00e+00,1.06e+01,
5621,0.00e+00,1.06e+01,
5622,0.00e+00,1.10e+01,
5623,-8.00e-03,1.10e+01,
5624,0.00e+00,1.06e+01,
5625,0.00e+00,1.10e+01,
5626,0.00e+00,1.10e+01,
5627,-8.00e-03,1.10e+01,
5628,0.00e+00,1.10e+01,
5629,0.00e+00,1.10e+01,
5630,0.00e+00,1.10e+01,
5631,-8.00e-03,1.10e+01,
5632,0.00e+00,1.10e+01,
5633,0.00e+00,1.10e+01,
5634,0.00e+00,1.10e+01,
5635,0.00e+00,1.14e+01,
5636,0.00e+00,1.14e+01,
5637,0.00e+00,1.10e+01,
5638,0.00e+00,1.14e+01,
5639,0.00e+00,1.14e+01,
5640,0.00e+00,1.14e+01,
5641,0.00e+00,1.14e+01,
5642,0.00e+00,1.14e+01,
5643,0.00e+00,1.14e+01,
5644,0.00e+00,1.14e+01,
5645,0.00e+00,1.14e+01,
5646,0.00e+00,1.18e+01,
5647,0.00e+00,1.18e+01,
5648,0.00e+00,1.18e+01,
5649,0.00e+00,1.18e+01,
5650,0.00e+00,1.18e+01,
5651,-8.00e-03,1.22e+01,
5652,0.00e+00,1.18e+01,
5653,0.00e+00,1.18e+01,
5654,0.00e+00,1.22e+01,
5655,0.00e+00,1.22e+01,
5656,0.00e+00,1.22e+01,
5657,0.00e+00,1.22e+01,
5658,0.00e+00,1.22e+01,
5659,0.00e+00,1.26e+01,
5660,0.00e+00,1.26e+01,
5661,0.00e+00,1.26e+01,
5662,0.00e+00,1.26e+01,
5663,0.00e+00,1.26e+01,
5664,0.00e+00,1.26e+01,
5665,0.00e+00,1.30e+01,
5666,0.00e+00,1.30e+01,
5667,-8.00e-03,1.30e+01,
5668,0.00e+00,1.30e+01,
5669,0.00e+00,1.30e+01,
5670,0.00e+00,1.38e+01,
5671,0.00e+00,1.38e+01,
5672,0.00e+00,1.38e+01,
5673,0.00e+00,1.38e+01,
5674,0.00e+00,1.42e+01,
5675,-8.00e-03,1.42e+01,
5676,0.00e+00,1.42e+01,
5677,0.00e+00,1.42e+01,
5678,0.00e+00,1.46e+01,
5679,0.00e+00,1.46e+01,
5680,0.00e+00,1.46e+01,
5681,0.00e+00,1.46e+01,
5682,0.00e+00,1.50e+01,
5683,0.00e+00,1.50e+01,
5684,0.00e+00,1.50e+01,
5685,0.00e+00,1.50e+01,
5686,0.00e+00,1.54e+01,
5687,0.00e+00,1.54e+01,
5688,0.00e+00,1.54e+01,
5689,0.00e+00,1.54e+01,
5690,0.00e+00,1.58e+01,
5691,0.00e+00,1.58e+01,
5692,0.00e+00,1.58e+01,
5693,0.00e+00,1.62e+01,
5694,0.00e+00,1.62e+01,
5695,0.00e+00,1.62e+01,
5696,0.00e+00,1.66e+01,
5697,0.00e+00,1.66e+01,
5698,0.00e+00,1.66e+01,
5699,0.00e+00,1.70e+01,
5700,0.00e+00,1.70e+01,
5701,0.00e+00,1.70e+01,
5702,0.00e+00,1.70e+01,
5703,0.00e+00,1.74e+01,
5704,0.00e+00,1.74e+01,
5705,0.00e+00,1.74e+01,
5706,0.00e+00,1.78e+01,
5707,0.00e+00,1.78e+01,
5708,0.00e+00,1.78e+01,
5709,0.00e+00,1.82e+01,
5710,0.00e+00,1.82e+01,
5711,0.00e+00,1.82e+01,
5712,0.00e+00,1.82e+01,
5713,0.00e+00,1.90e+01,
5714,0.00e+00,1.90e+01,
5715,-8.00e-03,1.94e+01,
5716,0.00e+00,1.94e+01,
5717,0.00e+00,1.94e+01,
5718,0.00e+00,1.98e+01,
5719,-8.00e-03,1.98e+01,
5720,0.00e+00,1.98e+01,
5721,0.00e+00,2.02e+01,
5722,0.00e+00,2.02e+01,
5723,-8.00e-03,2.02e+01,
5724,-8.00e-03,2.06e+01,
5725,0.00e+00,2.06e+01,
5726,-8.00e-03,2.06e+01,
5727,-8.00e-03,2.10e+01,
5728,-8.00e-03,2.10e+01,
5729,0.00e+00,2.14e+01,
5730,0.00e+00,2.10e+01,
5731,-8.00e-03,2.14e+01,
5732,-8.00e-03,2.14e+01,
5733,0.00e+00,2.14e+01,
5734,0.00e+00,2.18e+01,
5735,-8.00e-03,2.18e+01,
5736,0.00e+00,2.22e+01,
5737,-8.00e-03,2.22e+01,
5738,-8.00e-03,2.26e+01,
5739,-8.00e-03,2.26e+01,
5740,-8.00e-03,2.26e+01,
5741,0.00e+00,2.26e+01,
5742,-8.00e-03,2.30e+01,
5743,-8.00e-03,2.30e+01,
5744,-8.00e-03,2.30e+01,
5745,0.00e+00,2.34e+01,
5746,-8.00e-03,2.34e+01,
5747,-8.00e-03,2.34e+01,
5748,-8.00e-03,2.38e+01,
5749,0.00e+00,2.38e+01,
5750,-8.00e-03,2.38e+01,
5751,-8.00e-03,2.38e+01,
5752,-8.00e-03,2.38e+01,
5753,0.00e+00,2.46e+01,
5754,-8.00e-03,2.46e+01,
5755,-8.00e-03,2.50e+01,
5756,-8.00e-03,2.50e+01,
5757,-8.00e-03,2.50e+01,
5758,-8.00e-03,2.50e+01,
5759,-8.00e-03,2.54e+01,
5760,-8.00e-03,2.54e+01,
5761,-8.00e-03,2.54e+01,
5762,-8.00e-03,2.54e+01,
5763,-8.00e-03,2.58e+01,
5764,-8.00e-03,2.58e+01,
5765,-8.00e-03,2.58e+01,
5766,-8.00e-03,2.58e+01,
5767,-8.00e-03,2.62e+01,
5768,-8.00e-03,2.58e+01,
5769,-8.00e-03,2.62e+01,
5770,-8.00e-03,2.62e+01,
5771,-8.00e-03,2.62e+01,
5772,-8.00e-03,2.62e+01,
5773,-8.00e-03,2.66e+01,
5774,-8.00e-03,2.66e+01,
5775,-8.00e-03,2.66e+01,
5776,-8.00e-03,2.66e+01,
5777,-8.00e-03,2.66e+01,
5778,-8.00e-03,2.66e+01,
5779,-8.00e-03,2.70e+01,
5780,-8.00e-03,2.70e+01,
5781,0.00e+00,2.70e+01,
5782,-8.00e-03,2.70e+01,
5783,-8.00e-03,2.70e+01,
5784,-8.00e-03,2.70e+01,
5785,-8.00e-03,2.70e+01,
5786,-8.00e-03,2.70e+01,
5787,-8.00e-03,2.70e+01,
5788,-8.00e-03,2.70e+01,
5789,-8.00e-03,2.70e+01,
5790,-8.00e-03,2.74e+01,
5791,-8.00e-03,2.74e+01,
5792,-8.00e-03,2.74e+01,
5793,-8.00e-03,2.74e+01,
5794,-8.00e-03,2.74e+01,
5795,-8.00e-03,2.74e+01,
5796,-8.00e-03,2.74e+01,
5797,-8.00e-03,2.74e+01,
5798,-8.00e-03,2.74e+01,
5799,-8.00e-03,2.74e+01,
5800,-8.00e-03,2.74e+01,
5801,-8.00e-03,2.74e+01,
5802,-8.00e-03,2.74e+01,
5803,-8.00e-03,2.74e+01,
5804,-8.00e-03,2.74e+01,
5805,-8.00e-03,2.70e+01,
5806,-8.00e-03,2.70e+01,
5807,-8.00e-03,2.70e+01,
5808,-8.00e-03,2.70e+01,
5809,-8.00e-03,2.70e+01,
5810,-8.00e-03,2.70e+01,
5811,-8.00e-03,2.70e+01,
5812,-8.00e-03,2.70e+01,
5813,-8.00e-03,2.70e+01,
5814,-8.00e-03,2.70e+01,
5815,-8.00e-03,2.70e+01,
5816,-8.00e-03,2.66e+01,
5817,-8.00e-03,2.66e+01,
5818,-8.00e-03,2.66e+01,
5819,-8.00e-03,2.66e+01,
5820,-8.00e-03,2.66e+01,
5821,-8.00e-03,2.66e+01,
5822,-8.00e-03,2.66e+01,
5823,-8.00e-03,2.62e+01,
5824,-8.00e-03,2.62e+01,
5825,-8.00e-03,2.62e+01,
5826,-8.00e-03,2.62e+01,
5827,-8.00e-03,2.62e+01,
5828,-8.00e-03,2.58e+01,
5829,-8.00e-03,2.58e+01,
5830,-8.00e-03,2.58e+01,
5831,-8.00e-03,2.58e+01,
5832,-8.00e-03,2.54e+01,
5833,-8.00e-03,2.54e+01,
5834,-8.00e-03,2.54e+01,
5835,-8.00e-03,2.54e+01,
5836,-8.00e-03,2.54e+01,
5837,-8.00e-03,2.50e+01,
5838,-8.00e-03,2.50e+01,
5839,-8.00e-03,2.50e+01,
5840,-8.00e-03,2.50e+01,
5841,-8.00e-03,2.46e+01,
5842,-8.00e-03,2.46e+01,
5843,-8.00e-03,2.46e+01,
5844,-8.00e-03,2.38e+01,
5845,-8.00e-03,2.38e+01,
5846,-8.00e-03,2.38e+01,
5847,-8.00e-03,2.38e+01,
5848,-8.00e-03,2.34e+01,
5849,-8.00e-03,2.34e+01,
5850,-8.00e-03,2.34e+01,
5851,-8.00e-03,2.34e+01,
5852,-8.00e-03,2.30e+01,
5853,-8.00e-03,2.30e+01,
5854,-8.00e-03,2.26e+01,
5855,-8.00e-03,2.26e+01,
5856,-8.00e-03,2.26e+01,
5857,-8.00e-03,2.26e+01,
5858,-8.00e-03,2.22e+01,
5859,-8.00e-03,2.22e+01,
5860,-8.00e-03,2.22e+01,
5861,-8.00e-03,2.18e+01,
5862,-8.00e-03,2.18e+01,
5863,-8.00e-03,2.18e+01,
5864,-8.00e-03,2.14e+01,
5865,-8.00e-03,2.14e+01,
5866,-8.00e-03,2.14e+01,
5867,-8.00e-03,2.10e+01,
5868,-8.00e-03,2.10e+01,
5869,-8.00e-03,2.10e+01,
5870,-8.00e-03,2.10e+01,
5871,-8.00e-03,2.06e+01,
5872,-8.00e-03,2.06e+01,
5873,-8.00e-03,2.06e+01,
5874,-8.00e-03,2.02e+01,
5875,-8.00e-03,2.02e+01,
5876,-8.00e-03,2.02e+01,
5877,-8.00e-03,1.98e+01,
5878,-8.00e-03,1.98e+01,
5879,-8.00e-03,1.98e+01,
5880,-8.00e-03,1.94e+01,
5881,-8.00e-03,1.94e+01,
5882,-8.00e-03,1.94e+01,
5883,-8.00e-03,1.90e+01,
5884,-8.00e-03,1.90e+01,
5885,-8.00e-03,1.90e+01,
5886,-8.00e-03,1.82e+01,
5887,-8.00e-03,1.82e+01,
5888,-8.00e-03,1.82e+01,
5889,-8.00e-03,1.78e+01,
5890,-8.00e-03,1.78e+01,
5891,-8.00e-03,1.78e+01,
5892,-8.00e-03,1.74e+01,
5893,-8.00e-03,1.74e+01,
5894,-8.00e-03,1.74e+01,
5895,-8.00e-03,1.74e+01,
5896,-8.00e-03,1.70e+01,
5897,-8.00e-03,1.70e+01,
5898,-8.00e-03,1.70e+01,
5899,-8.00e-03,1.70e+01,
5900,-8.00e-03,1.66e+01,
5901,-8.00e-03,1.66e+01,
5902,-8.00e-03,1.66e+01,
5903,-8.00e-03,1.66e+01,
5904,-8.00e-03,1.62e+01,
5905,-8.00e-03,1.62e+01,
5906,-8.00e-03,1.62e+01,
5907,-8.00e-03,1.62e+01,
5908,-8.00e-03,1.58e+01,
5909,-8.00e-03,1.54e+01,
5910,-8.00e-03,1.58e+01,
5911,-8.00e-03,1.58e+01,
5912,-8.00e-03,1.54e+01,
5913,-8.00e-03,1.54e+01,
5914,-8.00e-03,1.54e+01,
5915,-8.00e-03,1.50e+01,
5916,-8.00e-03,1.50e+01,
5917,-8.00e-03,1.46e+01,
5918,-8.00e-03,1.50e+01,
5919,-8.00e-03,1.46e+01,
5920,-8.00e-03,1.46e+01,
5921,-8.00e-03,1.46e+01,
5922,-8.00e-03,1.46e+01,
5923,-8.00e-03,1.46e+01,
5924,-8.00e-03,1.42e+01,
5925,-8.00e-03,1.42e+01,
5926,-8.00e-03,1.42e+01,
5927,-8.00e-03,1.42e+01,
5928,-8.00e-03,1.38e+01,
5929,-8.00e-03,1.42e+01,
5930,-8.00e-03,1.38e+01,
5931,-8.00e-03,1.38e+01,
5932,-8.00e-03,1.38e+01,
5933,-8.00e-03,1.30e+01,
5934,-8.00e-03,1.38e+01,
5935,-8.00e-03,1.30e+01,
5936,-8.00e-03,1.30e+01,
5937,-8.00e-03,1.30e+01,
5938,-8.00e-03,1.30e+01,
5939,-8.00e-03,1.30e+01,
5940,-8.00e-03,1.26e+01,
5941,0.00e+00,1.26e+01,
5942,-8.00e-03,1.26e+01,
5943,-8.00e-03,1.26e+01,
5944,-8.00e-03,1.26e+01,
5945,-8.00e-03,1.26e+01,
5946,-8.00e-03,1.26e+01,
5947,-8.00e-03,1.22e+01,
5948,-8.00e-03,1.22e+01,
5949,-8.00e-03,1.22e+01,
5950,-8.00e-03,1.22e+01,
5951,-8.00e-03,1.22e+01,
5952,-8.00e-03,1.22e+01,
5953,-8.00e-03,1.22e+01,
5954,-8.00e-03,1.22e+01,
5955,-8.00e-03,1.22e+01,
5956,-8.00e-03,1.18e+01,
5957,0.00e+00,1.18e+01,
5958,-8.00e-03,1.18e+01,
5959,-8.00e-03,1.18e+01,
5960,-8.00e-03,1.18e+01,
5961,0.00e+00,1.18e+01,
5962,-8.00e-03,1.18e+01,
5963,-8.00e-03,1.18e+01,
5964,-8.00e-03,1.18e+01,
5965,0.00e+00,1.14e+01,
5966,-8.00e-03,1.18e+01,
5967,-8.00e-03,1.18e+01,
5968,-8.00e-03,1.18e+01,
5969,0.00e+00,1.18e+01,
5970,-8.00e-03,1.18e+01,
5971,-8.00e-03,1.18e+01,
5972,-8.00e-03,1.14e+01,
5973,0.00e+00,1.14e+01,
5974,-8.00e-03,1.14e+01,
5975,-8.00e-03,1.14e+01,
5976,-8.00e-03,1.14e+01,
5977,0.00e+00,1.14e+01,
5978,-8.00e-03,1.14e+01,
5979,-8.00e-03,1.14e+01,
5980,-8.00e-03,1.14e+01,
5981,0.00e+00,1.14e+01,
5982,-8.00e-03,1.14e+01,
5983,-8.00e-03,1.14e+01,
5984,0.00e+00,1.14e+01,
5985,0.00e+00,1.14e+01,
5986,-8.00e-03,1.14e+01,
5987,-8.00e-03,1.14e+01,
5988,0.00e+00,1.14e+01,
5989,0.00e+00,1.14e+01,
5990,0.00e+00,1.14e+01,
5991,-8.00e-03,1.18e+01,
5992,0.00e+00,1.14e+01,
5993,0.00e+00,1.14e+01,
5994,0.00e+00,1.14e+01,
5995,-8.00e-03,1.14e+01,
5996,-8.00e-03,1.14e+01,
5997,0.00e+00,1.14e+01,
5998,0.00e+00,1.18e+01,
5999,0.00e+00,1.18e+01,
6000,0.00e+00,1.14e+01,
6001,0.00e+00,1.18e+01,
6002,0.00e+00,1.18e+01,
6003,-8.00e-03,1.18e+01,
6004,0.00e+00,1.18e+01,
6005,0.00e+00,1.18e+01,
6006,-8.00e-03,1.18e+01,
6007,-8.00e-03,1.18e+01,
6008,0.00e+00,1.18e+01,
6009,0.00e+00,1.18e+01,
6010,0.00e+00,1.18e+01,
6011,-8.00e-03,1.22e+01,
6012,0.00e+00,1.22e+01,
6013,0.00e+00,1.22e+01,
6014,0.00e+00,1.22e+01,
6015,0.00e+00,1.22e+01,
6016,0.00e+00,1.22e+01,
6017,0.00e+00,1.22e+01,
6018,0.00e+00,1.22e+01,
6019,-8.00e-03,1.22e+01,
6020,-8.00e-03,1.22e+01,
6021,0.00e+00,1.22e+01,
6022,0.00e+00,1.26e+01,
6023,0.00e+00,1.26e+01,
6024,0.00e+00,1.26e+01,
6025,0.00e+00,1.26e+01,
6026,0.00e+00,1.26e+01,
6027,-8.00e-03,1.30e+01,
6028,0.00e+00,1.30e+01,
6029,0.00e+00,1.30e+01,
6030,0.00e+00,1.30e+01,
6031,-8.00e-03,1.30e+01,
6032,0.00e+00,1.30e+01,
6033,0.00e+00,1.30e+01,
6034,0.00e+00,1.38e+01,
6035,-8.00e-03,1.38e+01,
6036,0.00e+00,1.38e+01,
6037,0.00e+00,1.38e+01,
6038,0.00e+00,1.38e+01,
6039,-8.00e-03,1.42e+01,
6040,0.00e+00,1.38e+01,
6041,0.00e+00,1.42e+01,
6042,0.00e+00,1.42e+01,
6043,-8.00e-03,1.46e+01,
6044,0.00e+00,1.42e+01,
6045,0.00e+00,1.46e+01,
6046,0.00e+00,1.46e+01,
6047,-8.00e-03,1.46e+01,
6048,0.00e+00,1.46e+01,
6049,0.00e+00,1.50e+01,
6050,0.00e+00,1.50e+01,
6051,0.00e+00,1.50e+01,
6052,0.00e+00,1.50e+01,
6053,0.00e+00,1.50e+01,
6054,0.00e+00,1.54e+01,
6055,-8.00e-03,1.54e+01,
6056,0.00e+00,1.54e+01,
6057,0.00e+00,1.54e+01,
6058,0.00e+00,1.58e+01,
6059,-8.00e-03,1.58e+01,
6060,-8.00e-03,1.58e+01,
6061,0.00e+00,1.58e+01,
6062,0.00e+00,1.62e+01,
6063,0.00e+00,1.62e+01,
6064,0.00e+00,1.62e+01,
6065,0.00e+00,1.66e+01,
6066,0.00e+00,1.66e+01,
6067,-8.00e-03,1.66e+01,
6068,-8.00e-03,1.66e+01,
6069,0.00e+00,1.66e+01,
6070,0.00e+00,1.70e+01,
6071,-8.00e-03,1.70e+01,
6072,0.00e+00,1.70e+01,
6073,0.00e+00,1.70e+01,
6074,0.00e+00,1.74e+01,
6075,0.00e+00,1.78e+01,
6076,0.00e+00,1.74e+01,
6077,0.00e+00,1.78e+01,
6078,0.00e+00,1.78e+01,
6079,-8.00e-03,1.78e+01,
6080,0.00e+00,1.78e+01,
6081,0.00e+00,1.82e+01,
6082,0.00e+00,1.82e+01,
6083,0.00e+00,1.90e+01,
6084,0.00e+00,1.90e+01,
6085,0.00e+00,1.90e+01,
6086,0.00e+00,1.90e+01,
6087,-8.00e-03,1.94e+01,
6088,0.00e+00,1.94e+01,
6089,0.00e+00,1.94e+01,
6090,0.00e+00,1.94e+01,
6091,-8.00e-03,1.98e+01,
6092,-8.00e-03,1.98e+01,
6093,0.00e+00,1.98e+01,
6094,0.00e+00,2.02e+01,
6095,-8.00e-03,2.02e+01,
6096,0.00e+00,2.02e+01,
6097,0.00e+00,2.02e+01,
6098,0.00e+00,2.06e+01,
6099,-8.00e-03,2.06e+01,
6100,-8.00e-03,2.06e+01,
6101,0.00e+00,2.10e+01,
6102,-8.00e-03,2.10e+01,
6103,-8.00e-03,2.10e+01,
6104,-8.00e-03,2.10e+01,
6105,0.00e+00,2.14e+01,
6106,0.00e+00,2.14e+01,
6107,-8.00e-03,2.14e+01,
6108,-8.00e-03,2.18e+01,
6109,0.00e+00,2.18e+01,
6110,-8.00e-03,2.18e+01,
6111,-8.00e-03,2.22e+01,
6112,-8.00e-03,2.18e+01,
6113,0.00e+00,2.22e+01,
6114,-8.00e-03,2.22e+01,
6115,-8.00e-03,2.26e+01,
6116,0.00e+00,2.26e+01,
6117,0.00e+00,2.26e+01,
6118,0.00e+00,2.26e+01,
6119,-8.00e-03,2.30e+01,
6120,0.00e+00,2.30e+01,
6121,0.00e+00,2.30e+01,
6122,-8.00e-03,2.30e+01,
6123,-8.00e-03,2.34e+01,
6124,-8.00e-03,2.34e+01,
6125,0.00e+00,2.34e+01,
6126,0.00e+00,2.34e+01,
6127,-8.00e-03,2.38e+01,
6128,-8.00e-03,2.38e+01,
6129,-8.00e-03,2.38e+01,
6130,-8.00e-03,2.38e+01,
6131,-8.00e-03,2.46e+01,
6132,-8.00e-03,2.46e+01,
6133,-8.00e-03,2.46e+01,
6134,-8.00e-03,2.46e+01,
6135,-8.00e-03,2.46e+01,
6136,-8.00e-03,2.46e+01,
6137,0.00e+00,2.50e+01,
6138,-8.00e-03,2.50e+01,
6139,-8.00e-03,2.50e+01,
6140,-8.00e-03,2.50e+01,
6141,0.00e+00,2.50e+01,
6142,-8.00e-03,2.54e+01,
6143,-8.00e-03,2.54e+01,
6144,-8.00e-03,2.54e+01,
6145,-8.00e-03,2.54e+01,
6146,-8.00e-03,2.54e+01,
6147,-8.00e-03,2.54e+01,
6148,-8.00e-03,2.58e+01,
6149,-8.00e-03,2.54e+01,
6150,-8.00e-03,2.54e+01,
6151,-8.00e-03,2.58e+01,
6152,-8.00e-03,2.58e+01,
6153,-8.00e-03,2.58e+01,
6154,-8.00e-03,2.58e+01,
6155,-8.00e-03,2.58e+01,
6156,-8.00e-03,2.58e+01,
6157,-8.00e-03,2.58e+01,
6158,-8.00e-03,2.58e+01,
6159,-8.00e-03,2.58e+01,
6160,-8.00e-03,2.58e+01,
6161,-8.00e-03,2.62e+01,
6162,-8.00e-03,2.62e+01,
6163,-8.00e-03,2.62e+01,
6164,-8.00e-03,2.62e+01,
6165,-8.00e-03,2.62e+01,
6166,-8.00e-03,2.62e+01,
6167,-8.00e-03,2.62e+01,
6168,-8.00e-03,2.62e+01,
6169,-8.00e-03,2.62e+01,
6170,-8.00e-03,2.62e+01,
6171,-8.00e-03,2.62e+01,
6172,-8.00e-03,2.62e+01,
6173,-8.00e-03,2.62e+01,
6174,-8.00e-03,2.62e+01,
6175,-8.00e-03,2.62e+01,
6176,-8.00e-03,2.62e+01,
6177,-8.00e-03,2.62e+01,
6178,-8.00e-03,2.62e+01,
6179,-8.00e-03,2.62e+01,
6180,-8.00e-03,2.58e+01,
6181,-8.00e-03,2.58e+01,
6182,-8.00e-03,2.58e+01,
6183,-8.00e-03,2.58e+01,
6184,-8.00e-03,2.58e+01,
6185,-8.00e-03,2.58e+01,
6186,-8.00e-03,2.58e+01,
6187,-8.00e-03,2.58e+01,
6188,-8.00e-03,2.58e+01,
6189,-8.00e-03,2.54e+01,
6190,-8.00e-03,2.54e+01,
6191,-8.00e-03,2.54e+01,
6192,-8.00e-03,2.54e+01,
6193,-8.00e-03,2.54e+01,
6194,-8.00e-03,2.54e+01,
6195,-8.00e-03,2.54e+01,
6196,-8.00e-03,2.54e+01,
6197,-8.00e-03,2.50e+01,
6198,-8.00e-03,2.50e+01,
6199,-8.00e-03,2.50e+01,
6200,-8.00e-03,2.50e+01,
6201,-8.00e-03,2.50e+01,
6202,-8.00e-03,2.46e+01,
6203,-8.00e-03,2.46e+01,
6204,-8.00e-03,2.46e+01,
6205,-8.00e-03,2.46e+01,
6206,-8.00e-03,2.46e+01,
6207,-8.00e-03,2.46e+01,
6208,-8.00e-03,2.38e+01,
6209,-8.00e-03,2.38e+01,
6210,-8.00e-03,2.38e+01,
6211,-8.00e-03,2.38e+01,
6212,-8.00e-03,2.34e+01,
6213,-8.00e-03,2.34e+01,
6214,-8.00e-03,2.34e+01,
6215,-8.00e-03,2.34e+01,
6216,-8.00e-03,2.30e+01,
6217,-8.00e-03,2.30e+01,
6218,-8.00e-03,2.30e+01,
6219,-8.00e-03,2.30e+01,
6220,-8.00e-03,2.30e+01,
6221,-8.00e-03,2.26e+01,
6222,-8.00e-03,2.26e+01,
6223,-8.00e-03,2.26e+01,
6224,-8.00e-03,2.22e+01,
6225,-8.00e-03,2.22e+01,
6226,-8.00e-03,2.22e+01,
6227,-8.00e-03,2.22e+01,
6228,-8.00e-03,2.18e+01,
6229,-8.00e-03,2.18e+01,
6230,-8.00e-03,2.18e+01,
6231,-8.00e-03,2.18e+01,
6232,-8.00e-03,2.14e+01,
6233,-8.00e-03,2.14e+01,
6234,-8.00e-03,2.14e+01,
6235,-8.00e-03,2.14e+01,
6236,-8.00e-03,2.10e+01,
6237,-8.00e-03,2.10e+01,
6238,-8.00e-03,2.10e+01,
6239,-8.00e-03,2.10e+01,
6240,-8.00e-03,2.06e+01,
6241,-8.00e-03,2.06e+01,
6242,-8.00e-03,2.06e+01,
6243,-8.00e-03,2.02e+01,
6244,-8.00e-03,2.02e+01,
6245,-8.00e-03,1.98e+01,
6246,-8.00e-03,1.98e+01,
6247,-8.00e-03,1.98e+01,
6248,-8.00e-03,1.98e+01,
6249,-8.00e-03,1.98e+01,
6250,-8.00e-03,1.94e+01,
6251,-8.00e-03,1.94e+01,
6252,-8.00e-03,1.94e+01,
6253,-8.00e-03,1.90e+01,
6254,-8.00e-03,1.90e+01,
6255,-8.00e-03,1.90e+01,
6256,-8.00e-03,1.90e+01,
6257,-8.00e-03,1.82e+01,
6258,-8.00e-03,1.82e+01,
6259,-8.00e-03,1.82e+01,
6260,-8.00e-03,1.78e+01,
6261,-8.00e-03,1.78e+01,
6262,-8.00e-03,1.78e+01,
6263,-8.00e-03,1.78e+01,
6264,-8.00e-03,1.74e+01,
6265,-8.00e-03,1.74e+01,
6266,-8.00e-03,1.74e+01,
6267,-8.00e-03,1.74e+01,
6268,-8.00e-03,1.74e+01,
6269,-8.00e-03,1.70e+01,
6270,-8.00e-03,1.70e+01,
6271,-8.00e-03,1.70e+01,
6272,-8.00e-03,1.66e+01,
6273,-8.00e-03,1.66e+01,
6274,-8.00e-03,1.66e+01,
6275,-8.00e-03,1.66e+01,
6276,-8.00e-03,1.62e+01,
6277,-8.00e-03,1.62e+01,
6278,-8.00e-03,1.62e+01,
6279,-8.00e-03,1.62e+01,
6280,-8.00e-03,1.58e+01,
6281,-8.00e-03,1.58e+01,
6282,-8.00e-03,1.58e+01,
6283,-8.00e-03,1.58e+01,
6284,-8.00e-03,1.58e+01,
6285,-8.00e-03,1.54e+01,
6286,-8.00e-03,1.54e+01,
6287,-8.00e-03,1.54e+01,
6288,-8.00e-03,1.54e+01,
6289,-8.00e-03,1.50e+01,
6290,-8.00e-03,1.54e+01,
6291,-8.00e-03,1.50e+01,
6292,-8.00e-03,1.50e+01,
6293,-8.00e-03,1.50e+01,
6294,-8.00e-03,1.50e+01,
6295,-8.00e-03,1.50e+01,
6296,-8.00e-03,1.46e+01,
6297,-8.00e-03,1.46e+01,
6298,-8.00e-03,1.46e+01,
6299,-8.00e-03,1.46e+01,
6300,-8.00e-03,1.42e+01,
6301,-8.00e-03,1.42e+01,
6302,-8.00e-03,1.42e+01,
6303,-8.00e-03,1.42e+01,
6304,-8.00e-03,1.42e+01,
6305,-8.00e-03,1.42e+01,
6306,-8.00e-03,1.42e+01,
6307,-8.00e-03,1.38e+01,
6308,-8.00e-03,1.38e+01,
6309,-8.00e-03,1.38e+01,
6310,-8.00e-03,1.38e+01,
6311,-8.00e-03,1.38e+01,
6312,-8.00e-03,1.38e+01,
6313,-8.00e-03,1.38e+01,
6314,-8.00e-03,1.30e+01,
6315,-8.00e-03,1.38e+01,
6316,-8.00e-03,1.30e+01,
6317,-8.00e-03,1.30e+01,
6318,-8.00e-03,1.30e+01,
6319,-8.00e-03,1.30e+01,
6320,-8.00e-03,1.26e+01,
6321,-8.00e-03,1.30e+01,
6322,-8.00e-03,1.26e+01,
6323,-8.00e-03,1.26e+01,
6324,-8.00e-03,1.26e+01,
6325,-8.00e-03,1.26e+01,
6326,-8.00e-03,1.26e+01,
6327,-8.00e-03,1.26e+01,
6328,-8.00e-03,1.26e+01,
6329,-8.00e-03,1.26e+01,
6330,-8.00e-03,1.22e+01,
6331,-8.00e-03,1.26e+01,
6332,-8.00e-03,1.26e+01,
6333,-8.00e-03,1.22e+01,
6334,-8.00e-03,1.26e+01,
6335,-8.00e-03,1.22e+01,
6336,-8.00e-03,1.22e+01,
6337,0.00e+00,1.22e+01,
6338,-8.00e-03,1.22e+01,
6339,-8.00e-03,1.22e+01,
6340,-8.00e-03,1.22e+01,
6341,-8.00e-03,1.22e+01,
6342,-8.00e-03,1.22e+01,
6343,-8.00e-03,1.22e+01,
6344,-8.00e-03,1.22e+01,
6345,0.00e+00,1.22e+01,
6346,-8.00e-03,1.22e+01,
6347,-8.00e-03,1.22e+01,
6348,-8.00e-03,1.22e+01,
6349,0.00e+00,1.22e+01,
6350,-8.00e-03,1.22e+01,
6351,-8.00e-03,1.22e+01,
6352,-8.00e-03,1.18e+01,
6353,0.00e+00,1.22e+01,
6354,-8.00e-03,1.22e+01,
6355,-8.00e-03,1.22e+01,
6356,-8.00e-03,1.22e+01,
6357,0.00e+00,1.22e+01,
6358,0.00e+00,1.22e+01,
6359,-8.00e-03,1.22e+01,
6360,0.00e+00,1.22e+01,
6361,0.00e+00,1.22e+01,
6362,-8.00e-03,1.22e+01,
6363,-8.00e-03,1.22e+01,
6364,-8.00e-03,1.22e+01,
6365,0.00e+00,1.22e+01,
6366,-8.00e-03,1.22e+01,
6367,-8.00e-03,1.22e+01,
6368,-8.00e-03,1.22e+01,
6369,0.00e+00,1.22e+01,
6370,0.00e+00,1.22e+01,
6371,-8.00e-03,1.22e+01,
6372,0.00e+00,1.22e+01,
6373,0.00e+00,1.22e+01,
6374,0.00e+00,1.26e+01,
6375,-8.00e-03,1.26e+01,
6376,0.00e+00,1.22e+01,
6377,0.00e+00,1.22e+01,
6378,0.00e+00,1.26e+01,
6379,-8.00e-03,1.26e+01,
6380,0.00e+00,1.26e+01,
6381,0.00e+00,1.26e+01,
6382,0.00e+00,1.26e+01,
6383,-8.00e-03,1.26e+01,
6384,0.00e+00,1.26e+01,
6385,0.00e+00,1.26e+01,
6386,0.00e+00,1.26e+01,
6387,-8.00e-03,1.26e+01,
6388,0.00e+00,1.30e+01,
6389,0.00e+00,1.26e+01,
6390,0.00e+00,1.30e+01,
6391,-8.00e-03,1.30e+01,
6392,0.00e+00,1.30e+01,
6393,0.00e+00,1.30e+01,
6394,-8.00e-03,1.30e+01,
6395,-8.00e-03,1.38e+01,
6396,0.00e+00,1.30e+01,
6397,0.00e+00,1.38e+01,
6398,0.00e+00,1.38e+01,
6399,-8.00e-03,1.38e+01,
6400,0.00e+00,1.38e+01,
6401,0.00e+00,1.38e+01,
6402,0.00e+00,1.38e+01,
6403,-8.00e-03,1.42e+01,
6404,0.00e+00,1.42e+01,
6405,0.00e+00,1.42e+01,
6406,0.00e+00,1.42e+01,
6407,0.00e+00,1.42e+01,
6408,0.00e+00,1.42e+01,
6409,0.00e+00,1.46e+01,
6410,0.00e+00,1.46e+01,
6411,-8.00e-03,1.46e+01,
6412,0.00e+00,1.46e+01,
6413,0.00e+00,1.46e+01,
6414,0.00e+00,1.46e+01,
6415,-8.00e-03,1.50e+01,
6416,0.00e+00,1.46e+01,
6417,0.00e+00,1.50e+01,
6418,-8.00e-03,1.50e+01,
6419,0.00e+00,1.50e+01,
6420,0.00e+00,1.50e+01,
6421,0.00e+00,1.54e+01,
6422,0.00e+00,1.54e+01,
6423,-8.00e-03,1.54e+01,
6424,0.00e+00,1.54e+01,
6425,0.00e+00,1.54e+01,
6426,0.00e+00,1.58e+01,
6427,0.00e+00,1.58e+01,
6428,-8.00e-03,1.58e+01,
6429,0.00e+00,1.58e+01,
6430,0.00e+00,1.62e+01,
6431,-8.00e-03,1.62e+01,
6432,0.00e+00,1.62e+01,
6433,0.00e+00,1.62e+01,
6434,0.00e+00,1.62e+01,
6435,-8.00e-03,1.66e+01,
6436,0.00e+00,1.66e+01,
6437,0.00e+00,1.66e+01,
6438,0.00e+00,1.70e+01,
6439,-8.00e-03,1.70e+01,
6440,0.00e+00,1.70e+01,
6441,0.00e+00,1.70e+01,
6442,0.00e+00,1.70e+01,
6443,-8.00e-03,1.74e+01,
6444,-8.00e-03,1.74e+01,
6445,0.00e+00,1.74e+01,
6446,0.00e+00,1.74e+01,
6447,-8.00e-03,1.78e+01,
6448,0.00e+00,1.78e+01,
6449,0.00e+00,1.78e+01,
6450,0.00e+00,1.78e+01,
6451,-8.00e-03,1.82e+01,
6452,-8.00e-03,1.82e+01,
6453,0.00e+00,1.82e+01,
6454,0.00e+00,1.82e+01,
6455,-8.00e-03,1.90e+01,
6456,-8.00e-03,1.90e+01,
6457,0.00e+00,1.90e+01,
6458,0.00e+00,1.90e+01,
6459,-8.00e-03,1.94e+01,
6460,-8.00e-03,1.94e+01,
6461,0.00e+00,1.94e+01,
6462,0.00e+00,1.94e+01,
6463,-8.00e-03,1.98e+01,
6464,0.00e+00,1.98e+01,
6465,0.00e+00,1.98e+01,
6466,0.00e+00,1.98e+01,
6467,-8.00e-03,2.02e+01,
6468,0.00e+00,2.02e+01,
6469,0.00e+00,2.02e+01,
6470,0.00e+00,2.02e+01,
6471,-8.00e-03,2.06e+01,
6472,0.00e+00,2.06e+01,
6473,0.00e+00,2.06e+01,
6474,-8.00e-03,2.10e+01,
6475,-8.00e-03,2.10e+01,
6476,-8.00e-03,2.10e+01,
6477,0.00e+00,2.10e+01,
6478,0.00e+00,2.10e+01,
6479,-8.00e-03,2.14e+01,
6480,-8.00e-03,2.14e+01,
6481,-8.00e-03,2.14e+01,
6482,-8.00e-03,2.14e+01,
6483,-8.00e-03,2.18e+01,
6484,-8.00e-03,2.18e+01,
6485,0.00e+00,2.18e+01,
6486,-8.00e-03,2.18e+01,
6487,-8.00e-03,2.22e+01,
6488,-8.00e-03,2.22e+01,
6489,0.00e+00,2.22e+01,
6490,-8.00e-03,2.22e+01,
6491,-8.00e-03,2.22e+01,
6492,-8.00e-03,2.26e+01,
6493,-8.00e-03,2.26e+01,
6494,0.00e+00,2.26e+01,
6495,-8.00e-03,2.26e+01,
6496,-8.00e-03,2.26e+01,
6497,-8.00e-03,2.30e+01,
6498,-8.00e-03,2.30e+01,
6499,-8.00e-03,2.30e+01,
6500,-8.00e-03,2.30e+01,
6501,-8.00e-03,2.30e+01,
6502,-8.00e-03,2.34e+01,
6503,-8.00e-03,2.34e+01,
6504,-8.00e-03,2.34e+01,
6505,0.00e+00,2.34e+01,
6506,-8.00e-03,2.34e+01,
6507,-8.00e-03,2.38e+01,
6508,-8.00e-03,2.38e+01,
6509,-8.00e-03,2.38e+01,
6510,-8.00e-03,2.38e+01,
6511,-8.00e-03,2.38e+01,
6512,-8.00e-03,2.38e+01,
6513,0.00e+00,2.46e+01,
6514,-8.00e-03,2.46e+01,
6515,-8.00e-03,2.46e+01,
6516,-8.00e-03,2.46e+01,
6517,-8.00e-03,2.46e+01,
6518,-8.00e-03,2.46e+01,
6519,-8.00e-03,2.46e+01,
6520,-8.00e-03,2.46e+01,
6521,-8.00e-03,2.46e+01,
6522,-8.00e-03,2.46e+01,
6523,-8.00e-03,2.50e+01,
6524,-8.00e-03,2.50e+01,
6525,-8.00e-03,2.50e+01,
6526,-8.00e-03,2.50e+01,
6527,-8.00e-03,2.50e+01,
6528,-8.00e-03,2.50e+01,
6529,-8.00e-03,2.50e+01,
6530,-8.00e-03,2.50e+01,
6531,-8.00e-03,2.50e+01,
6532,-8.00e-03,2.50e+01,
6533,-8.00e-03,2.50e+01,
6534,-8.00e-03,2.50e+01,
6535,-8.00e-03,2.54e+01,
6536,-8.00e-03,2.50e+01,
6537,-8.00e-03,2.54e+01,
6538,-8.00e-03,2.50e+01,
6539,-8.00e-03,2.50e+01,
6540,-8.00e-03,2.50e+01,
6541,-8.00e-03,2.50e+01,
6542,-8.00e-03,2.50e+01,
6543,-8.00e-03,2.50e+01,
6544,-8.00e-03,2.50e+01,
6545,-8.00e-03,2.50e+01,
6546,-8.00e-03,2.50e+01,
6547,-8.00e-03,2.50e+01,
6548,-8.00e-03,2.50e+01,
6549,-8.00e-03,2.50e+01,
6550,-8.00e-03,2.50e+01,
6551,-8.00e-03,2.50e+01,
6552,-8.00e-03,2.50e+01,
6553,-8.00e-03,2.50e+01,
6554,-8.00e-03,2.50e+01,
6555,-8.00e-03,2.50e+01,
6556,-8.00e-03,2.50e+01,
6557,-8.00e-03,2.50e+01,
6558,-8.00e-03,2.50e+01,
6559,-8.00e-03,2.50e+01,
6560,-8.00e-03,2.46e+01,
6561,-8.00e-03,2.46e+01,
6562,-8.00e-03,2.46e+01,
6563,-8.00e-03,2.46e+01,
6564,-8.00e-03,2.46e+01,
6565,-8.00e-03,2.46e+01,
6566,-8.00e-03,2.46e+01,
6567,-8.00e-03,2.46e+01,
6568,-8.00e-03,2.38e+01,
6569,-8.00e-03,2.38e+01,
6570,-8.00e-03,2.38e+01,
6571,-8.00e-03,2.38e+01,
6572,-8.00e-03,2.38e+01,
6573,-8.00e-03,2.34e+01,
6574,-8.00e-03,2.34e+01,
6575,-8.00e-03,2.38e+01,
6576,-8.00e-03,2.34e+01,
6577,-8.00e-03,2.34e+01,
6578,-8.00e-03,2.34e+01,
6579,-8.00e-03,2.34e+01,
6580,-8.00e-03,2.30e+01,
6581,-8.00e-03,2.30e+01,
6582,-8.00e-03,2.30e+01,
6583,-8.00e-03,2.30e+01,
6584,-8.00e-03,2.30e+01,
6585,-8.00e-03,2.30e+01,
6586,-8.00e-03,2.26e+01,
6587,-8.00e-03,2.26e+01,
6588,-8.00e-03,2.26e+01,
6589,-8.00e-03,2.26e+01,
6590,-8.00e-03,2.22e+01,
6591,-8.00e-03,2.22e+01,
6592,-8.00e-03,2.22e+01,
6593,-8.00e-03,2.22e+01,
6594,-8.00e-03,2.18e+01,
6595,-8.00e-03,2.22e+01,
6596,-8.00e-03,2.18e+01,
6597,-8.00e-03,2.18e+01,
6598,-8.00e-03,2.18e+01,
6599,-8.00e-03,2.18e+01,
6600,-8.00e-03,2.14e+01,
6601,-8.00e-03,2.14e+01,
6602,-8.00e-03,2.10e+01,
6603,-8.00e-03,2.14e+01,
6604,-8.00e-03,2.10e+01,
6605,-8.00e-03,2.10e+01,
6606,-8.00e-03,2.10e+01,
6607,-8.00e-03,2.10e+01,
6608,-8.00e-03,2.06e+01,
6609,-8.00e-03,2.06e+01,
6610,-8.00e-03,2.06e+01,
6611,-8.00e-03,2.06e+01,
6612,-8.00e-03,2.02e+01,
6613,-8.00e-03,2.02e+01,
6614,-8.00e-03,2.02e+01,
6615,-8.00e-03,2.02e+01,
6616,-8.00e-03,1.98e+01,
6617,-8.00e-03,1.98e+01,
6618,-8.00e-03,1.98e+01,
6619,-8.00e-03,1.98e+01,
6620,-8.00e-03,1.94e+01,
6621,-8.00e-03,1.94e+01,
6622,-8.00e-03,1.94e+01,
6623,-8.00e-03,1.94e+01,
6624,-8.00e-03,1.90e+01,
6625,-8.00e-03,1.90e+01,
6626,-8.00e-03,1.90e+01,
6627,-8.00e-03,1.90e+01,
6628,-8.00e-03,1.82e+01,
6629,-8.00e-03,1.82e+01,
6630,-8.00e-03,1.82e+01,
6631,-8.00e-03,1.82e+01,
6632,-8.00e-03,1.78e+01,
6633,-8.00e-03,1.78e+01,
6634,-8.00e-03,1.78e+01,
6635,-8.00e-03,1.78e+01,
6636,-8.00e-03,1.78e+01,
6637,-8.00e-03,1.74e+01,
6638,-8.00e-03,1.74e+01,
6639,-8.00e-03,1.74e+01,
6640,-8.00e-03,1.74e+01,
6641,-8.00e-03,1.70e+01,
6642,-8.00e-03,1.70e+01,
6643,-8.00e-03,1.70e+01,
6644,-8.00e-03,1.70e+01,
6645,-8.00e-03,1.66e+01,
6646,-8.00e-03,1.66e+01,
6647,-8.00e-03,1.66e+01,
6648,-8.00e-03,1.66e+01,
6649,-8.00e-03,1.66e+01,
6650,-8.00e-03,1.66e+01,
6651,-8.00e-03,1.62e+01,
6652,-8.00e-03,1.62e+01,
6653,-8.00e-03,1.62e+01,
6654,-8.00e-03,1.62e+01,
6655,-8.00e-03,1.62e+01,
6656,-8.00e-03,1.58e+01,
6657,-8.00e-03,1.58e+01,
6658,-8.00e-03,1.58e+01,
6659,-8.00e-03,1.58e+01,
6660,-8.00e-03,1.54e+01,
6661,-8.00e-03,1.54e+01,
6662,-8.00e-03,1.54e+01,
6663,-8.00e-03,1.54e+01,
6664,-8.00e-03,1.54e+01,
6665,-8.00e-03,1.54e+01,
6666,-8.00e-03,1.50e+01,
6667,-8.00e-03,1.50e+01,
6668,-8.00e-03,1.50e+01,
6669,-8.00e-03,1.50e+01,
6670,-8.00e-03,1.50e+01,
6671,-8.00e-03,1.50e+01,
6672,-8.00e-03,1.46e+01,
6673,-8.00e-03,1.50e+01,
6674,-8.00e-03,1.46e+01,
6675,-8.00e-03,1.46e+01,
6676,-8.00e-03,1.46e+01,
6677,-8.00e-03,1.42e+01,
6678,-8.00e-03,1.46e+01,
6679,-8.00e-03,1.46e+01,
6680,-8.00e-03,1.42e+01,
6681,-8.00e-03,1.42e+01,
6682,-8.00e-03,1.42e+01,
6683,-8.00e-03,1.42e+01,
6684,-8.00e-03,1.42e+01,
6685,-8.00e-03,1.42e+01,
6686,-8.00e-03,1.42e+01,
6687,-8.00e-03,1.42e+01,
6688,-8.00e-03,1.42e+01,
6689,-8.00e-03,1.38e+01,
6690,-8.00e-03,1.38e+01,
6691,-8.00e-03,1.38e+01,
6692,-8.00e-03,1.38e+01,
6693,-8.00e-03,1.38e+01,
6694,-8.00e-03,1.38e+01,
6695,-8.00e-03,1.38e+01,
6696,-8.00e-03,1.38e+01,
6697,0.00e+00,1.38e+01,
6698,-8.00e-03,1.38e+01,
6699,-8.00e-03,1.30e+01,
6700,-8.00e-03,1.30e+01,
6701,0.00e+00,1.30e+01,
6702,-8.00e-03,1.30e+01,
6703,-8.00e-03,1.30e+01,
6704,-8.00e-03,1.30e+01,
6705,-8.00e-03,1.30e+01,
6706,-8.00e-03,1.30e+01,
6707,-8.00e-03,1.30e+01,
6708,-8.00e-03,1.30e+01,
6709,-8.00e-03,1.26e+01,
6710,-8.00e-03,1.30e+01,
6711,-8.00e-03,1.30e+01,
6712,-8.00e-03,1.26e+01,
6713,-8.00e-03,1.30e+01,
6714,-8.00e-03,1.26e+01,
6715,-8.00e-03,1.26e+01,
6716,-8.00e-03,1.26e+01,
6717,0.00e+00,1.26e+01,
6718,-8.00e-03,1.26e+01,
6719,-8.00e-03,1.30e+01,
6720,-8.00e-03,1.26e+01,
6721,0.00e+00,1.30e+01,
6722,-8.00e-03,1.26e+01,
6723,-8.00e-03,1.30e+01,
6724,-8.00e-03,1.26e+01,
6725,0.00e+00,1.26e+01,
6726,0.00e+00,1.26e+01,
6727,-8.00e-03,1.26e+01,
6728,-8.00e-03,1.26e+01,
6729,0.00e+00,1.30e+01,
6730,-8.00e-03,1.26e+01,
6731,-8.00e-03,1.30e+01,
6732,-8.00e-03,1.26e+01,
6733,-8.00e-03,1.26e+01,
6734,-8.00e-03,1.26e+01,
6735,-8.00e-03,1.30e+01,
6736,0.00e+00,1.26e+01,
6737,0.00e+00,1.30e+01,
6738,-8.00e-03,1.26e+01,
6739,-8.00e-03,1.30e+01,
6740,-8.00e-03,1.30e+01,
6741,0.00e+00,1.30e+01,
6742,0.00e+00,1.30e+01,
6743,-8.00e-03,1.30e+01,
6744,-8.00e-03,1.30e+01,
6745,0.00e+00,1.30e+01,
6746,-8.00e-03,1.30e+01,
6747,-8.00e-03,1.30e+01,
6748,-8.00e-03,1.30e+01,
6749,0.00e+00,1.30e+01,
6750,0.00e+00,1.30e+01,
6751,-8.00e-03,1.30e+01,
6752,-8.00e-03,1.30e+01,
6753,0.00e+00,1.30e+01,
6754,-8.00e-03,1.30e+01,
6755,-8.00e-03,1.38e+01,
6756,0.00e+00,1.30e+01,
6757,0.00e+00,1.38e+01,
6758,0.00e+00,1.38e+01,
6759,-8.00e-03,1.38e+01,
6760,-8.00e-03,1.38e+01,
6761,0.00e+00,1.38e+01,
6762,-8.00e-03,1.38e+01,
6763,-8.00e-03,1.42e+01,
6764,-8.00e-03,1.38e+01,
6765,0.00e+00,1.38e+01,
6766,0.00e+00,1.42e+01,
6767,-8.00e-03,1.42e+01,
6768,0.00e+00,1.42e+01,
6769,0.00e+00,1.42e+01,
6770,-8.00e-03,1.42e+01,
6771,-8.00e-03,1.42e+01,
6772,-8.00e-03,1.42e+01,
6773,0.00e+00,1.42e+01,
6774,0.00e+00,1.46e+01,
6775,0.00e+00,1.46e+01,
6776,-8.00e-03,1.46e+01,
6777,0.00e+00,1.46e+01,
6778,-8.00e-03,1.46e+01,
6779,-8.00e-03,1.50e+01,
6780,-8.00e-03,1.46e+01,
6781,0.00e+00,1.46e+01,
6782,-8.00e-03,1.50e+01,
6783,-8.00e-03,1.50e+01,
6784,0.00e+00,1.50e+01,
6785,0.00e+00,1.50e+01,
6786,0.00e+00,1.50e+01,
6787,-8.00e-03,1.50e+01,
6788,-8.00e-03,1.54e+01,
6789,0.00e+00,1.54e+01,
6790,0.00e+00,1.54e+01,
6791,-8.00e-03,1.54e+01,
6792,0.00e+00,1.54e+01,
6793,0.00e+00,1.58e+01,
6794,0.00e+00,1.58e+01,
6795,-8.00e-03,1.58e+01,
6796,0.00e+00,1.58e+01,
6797,0.00e+00,1.58e+01,
6798,0.00e+00,1.62e+01,
6799,-8.00e-03,1.62e+01,
6800,0.00e+00,1.62e+01,
6801,0.00e+00,1.62e+01,
6802,-8.00e-03,1.62e+01,
6803,-8.00e-03,1.66e+01,
6804,0.00e+00,1.62e+01,
6805,0.00e+00,1.66e+01,
6806,0.00e+00,1.66e+01,
6807,-8.00e-03,1.66e+01,
6808,0.00e+00,1.66e+01,
6809,0.00e+00,1.70e+01,
6810,-8.00e-03,1.70e+01,
6811,-8.00e-03,1.70e+01,
6812,-8.00e-03,1.70e+01,
6813,0.00e+00,1.70e+01,
6814,-8.00e-03,1.74e+01,
6815,-8.00e-03,1.74e+01,
6816,0.00e+00,1.74e+01,
6817,0.00e+00,1.74e+01,
6818,-8.00e-03,1.78e+01,
6819,-8.00e-03,1.78e+01,
6820,-8.00e-03,1.78e+01,
6821,0.00e+00,1.78e+01,
6822,0.00e+00,1.82e+01,
6823,-8.00e-03,1.82e+01,
6824,0.00e+00,1.82e+01,
6825,0.00e+00,1.82e+01,
6826,0.00e+00,1.82e+01,
6827,-8.00e-03,1.90e+01,
6828,-8.00e-03,1.90e+01,
6829,0.00e+00,1.90e+01,
6830,0.00e+00,1.90e+01,
6831,-8.00e-03,1.94e+01,
6832,0.00e+00,1.90e+01,
6833,0.00e+00,1.94e+01,
6834,0.00e+00,1.94e+01,
6835,-8.00e-03,1.98e+01,
6836,-8.00e-03,1.98e+01,
6837,0.00e+00,1.98e+01,
6838,-8.00e-03,1.98e+01,
6839,-8.00e-03,2.02e+01,
6840,-8.00e-03,1.98e+01,
6841,0.00e+00,2.02e+01,
6842,-8.00e-03,2.02e+01,
6843,-8.00e-03,2.02e+01,
6844,-8.00e-03,2.02e+01,
6845,0.00e+00,2.06e+01,
6846,-8.00e-03,2.06e+01,
6847,-8.00e-03,2.06e+01,
6848,0.00e+00,2.06e+01,
6849,0.00e+00,2.06e+01,
6850,-8.00e-03,2.10e+01,
6851,-8.00e-03,2.10e+01,
6852,-8.00e-03,2.10e+01,
6853,0.00e+00,2.10e+01,
6854,-8.00e-03,2.10e+01,
6855,-8.00e-03,2.14e+01,
6856,-8.00e-03,2.14e+01,
6857,0.00e+00,2.14e+01,
6858,-8.00e-03,2.14e+01,
6859,-8.00e-03,2.18e+01,
6860,-8.00e-03,2.18e+01,
6861,0.00e+00,2.18e+01,
6862,-8.00e-03,2.18e+01,
6863,-8.00e-03,2.22e+01,
6864,-8.00e-03,2.18e+01,
6865,-8.00e-03,2.22e+01,
6866,-8.00e-03,2.22e+01,
6867,-8.00e-03,2.22e+01,
6868,-8.00e-03,2.22e+01,
6869,-8.00e-03,2.22e+01,
6870,-8.00e-03,2.26e+01,
6871,-8.00e-03,2.26e+01,
6872,-8.00e-03,2.26e+01,
6873,-8.00e-03,2.26e+01,
6874,-8.00e-03,2.26e+01,
6875,-8.00e-03,2.26e+01,
6876,-8.00e-03,2.26e+01,
6877,-8.00e-03,2.30e+01,
6878,-8.00e-03,2.30e+01,
6879,-8.00e-03,2.30e+01,
6880,-8.00e-03,2.30e+01,
6881,-8.00e-03,2.30e+01,
6882,-8.00e-03,2.30e+01,
6883,-8.00e-03,2.30e+01,
6884,-8.00e-03,2.30e+01,
6885,-8.00e-03,2.34e+01,
6886,-8.00e-03,2.34e+01,
6887,-8.00e-03,2.34e+01,
6888,-8.00e-03,2.34e+01,
6889,-8.00e-03,2.34e+01,
6890,-8.00e-03,2.34e+01,
6891,-8.00e-03,2.34e+01,
6892,-8.00e-03,2.38e+01,
6893,-8.00e-03,2.34e+01,
6894,-8.00e-03,2.34e+01,
6895,-8.00e-03,2.38e+01,
6896,-8.00e-03,2.34e+01,
6897,-8.00e-03,2.38e+01,
6898,-8.00e-03,2.38e+01,
6899,-8.00e-03,2.38e+01,
6900,-8.00e-03,2.38e+01,
6901,-8.00e-03,2.38e+01,
6902,-8.00e-03,2.38e+01,
6903,-8.00e-03,2.38e+01,
6904,-8.00e-03,2.38e+01,
6905,-8.00e-03,2.38e+01,
6906,-8.00e-03,2.38e+01,
6907,-8.00e-03,2.38e+01,
6908,-8.00e-03,2.38e+01,
6909,-8.00e-03,2.38e+01,
6910,-8.00e-03,2.38e+01,
6911,-8.00e-03,2.38e+01,
6912,-8.00e-03,2.38e+01,
6913,-8.00e-03,2.38e+01,
6914,-8.00e-03,2.38e+01,
6915,-8.00e-03,2.38e+01,
6916,-8.00e-03,2.38e+01,
6917,-8.00e-03,2.38e+01,
6918,-8.00e-03,2.38e+01,
6919,-8.00e-03,2.38e+01,
6920,-8.00e-03,2.38e+01,
6921,-8.00e-03,2.38e+01,
6922,-8.00e-03,2.38e+01,
6923,-8.00e-03,2.38e+01,
6924,-8.00e-03,2.38e+01,
6925,-8.00e-03,2.38e+01,
6926,-8.00e-03,2.38e+01,
6927,-8.00e-03,2.38e+01,
6928,-8.00e-03,2.34e+01,
6929,-8.00e-03,2.38e+01,
6930,-8.00e-03,2.34e+01,
6931,-8.00e-03,2.38e+01,
6932,-8.00e-03,2.34e+01,
6933,-8.00e-03,2.34e+01,
6934,-8.00e-03,2.34e+01,
6935,-8.00e-03,2.34e+01,
6936,-8.00e-03,2.34e+01,
6937,-8.00e-03,2.34e+01,
6938,-8.00e-03,2.34e+01,
6939,-8.00e-03,2.34e+01,
6940,-8.00e-03,2.30e+01,
6941,-8.00e-03,2.30e+01,
6942,-8.00e-03,2.30e+01,
6943,-8.00e-03,2.30e+01,
6944,-8.00e-03,2.30e+01,
6945,-8.00e-03,2.30e+01,
6946,-8.00e-03,2.30e+01,
6947,-8.00e-03,2.30e+01,
6948,-8.00e-03,2.26e+01,
6949,-8.00e-03,2.26e+01,
6950,-8.00e-03,2.26e+01,
6951,-8.00e-03,2.26e+01,
6952,-8.00e-03,2.26e+01,
6953,-8.00e-03,2.26e+01,
6954,-8.00e-03,2.26e+01,
6955,-8.00e-03,2.22e+01,
6956,-8.00e-03,2.22e+01,
6957,-8.00e-03,2.22e+01,
6958,-8.00e-03,2.22e+01,
6959,-8.00e-03,2.22e+01,
6960,-8.00e-03,2.18e+01,
6961,-8.00e-03,2.18e+01,
6962,-8.00e-03,2.18e+01,
6963,-8.00e-03,2.18e+01,
6964,-8.00e-03,2.18e+01,
6965,-8.00e-03,2.14e+01,
6966,-8.00e-03,2.14e+01,
6967,-8.00e-03,2.14e+01,
6968,-8.00e-03,2.14e+01,
6969,-8.00e-03,2.14e+01,
6970,-8.00e-03,2.10e+01,
6971,-8.00e-03,2.10e+01,
6972,-8.00e-03,2.10e+01,
6973,-8.00e-03,2.10e+01,
6974,-8.00e-03,2.06e+01,
6975,-8.00e-03,2.10e+01,
6976,-8.00e-03,2.06e+01,
6977,-8.00e-03,2.06e+01,
6978,-8.00e-03,2.06e+01,
6979,-8.00e-03,2.06e+01,
6980,-8.00e-03,2.02e+01,
6981,-8.00e-03,2.02e+01,
6982,-8.00e-03,2.02e+01,
6983,-8.00e-03,2.02e+01,
6984,-8.00e-03,1.98e+01,
6985,-8.00e-03,1.98e+01,
6986,-8.00e-03,1.98e+01,
6987,-8.00e-03,1.98e+01,
6988,-8.00e-03,1.98e+01,
6989,-8.00e-03,1.94e+01,
6990,-8.00e-03,1.94e+01,
6991,-8.00e-03,1.94e+01,
6992,-8.00e-03,1.94e+01,
6993,-8.00e-03,1.94e+01,
6994,-8.00e-03,1.90e+01,
6995,-8.00e-03,1.90e+01,
6996,-8.00e-03,1.90e+01,
6997,-8.00e-03,1.82e+01,
6998,-8.00e-03,1.90e+01,
6999,-8.00e-03,1.82e+01,
7000,-8.00e-03,1.82e+01,
7001,-8.00e-03,1.82e+01,
7002,-8.00e-03,1.82e+01,
7003,-8.00e-03,1.82e+01,
7004,-8.00e-03,1.78e+01,
7005,-8.00e-03,1.78e+01,
7006,-8.00e-03,1.78e+01,
7007,-8.00e-03,1.78e+01,
7008,-8.00e-03,1.74e+01,
7009,-8.00e-03,1.74e+01,
7010,-8.00e-03,1.74e+01,
7011,-8.00e-03,1.74e+01,
7012,-8.00e-03,1.74e+01,
7013,-8.00e-03,1.74e+01,
7014,-8.00e-03,1.70e+01,
7015,-8.00e-03,1.70e+01,
7016,-8.00e-03,1.70e+01,
7017,-8.00e-03,1.70e+01,
7018,-8.00e-03,1.70e+01,
7019,-8.00e-03,1.70e+01,
7020,-8.00e-03,1.66e+01,
7021,-8.00e-03,1.66e+01,
7022,-8.00e-03,1.66e+01,
7023,-8.00e-03,1.66e+01,
7024,-8.00e-03,1.62e+01,
7025,-8.00e-03,1.62e+01,
7026,-8.00e-03,1.62e+01,
7027,-8.00e-03,1.62e+01,
7028,-8.00e-03,1.62e+01,
7029,-8.00e-03,1.62e+01,
7030,-8.00e-03,1.58e+01,
7031,-8.00e-03,1.58e+01,
7032,-8.00e-03,1.58e+01,
7033,-8.00e-03,1.58e+01,
7034,-8.00e-03,1.58e+01,
7035,-8.00e-03,1.58e+01,
7036,-8.00e-03,1.54e+01,
7037,-8.00e-03,1.54e+01,
7038,-8.00e-03,1.54e+01,
7039,-8.00e-03,1.54e+01,
7040,-8.00e-03,1.54e+01,
7041,-8.00e-03,1.54e+01,
7042,-8.00e-03,1.50e+01,
7043,-8.00e-03,1.54e+01,
7044,-8.00e-03,1.50e+01,
7045,-8.00e-03,1.50e+01,
7046,-8.00e-03,1.50e+01,
7047,-8.00e-03,1.50e+01,
7048,-8.00e-03,1.50e+01,
7049,-8.00e-03,1.50e+01,
7050,-8.00e-03,1.50e+01,
7051,-8.00e-03,1.46e+01,
7052,-8.00e-03,1.46e+01,
7053,-8.00e-03,1.46e+01,
7054,-8.00e-03,1.46e+01,
7055,-8.00e-03,1.46e+01,
7056,-8.00e-03,1.46e+01,
7057,-8.00e-03,1.46e+01,
7058,-8.00e-03,1.46e+01,
7059,-8.00e-03,1.46e+01,
7060,-8.00e-03,1.42e+01,
7061,-8.00e-03,1.42e+01,
7062,-8.00e-03,1.42e+01,
7063,-8.00e-03,1.42e+01,
7064,-8.00e-03,1.42e+01,
7065,-8.00e-03,1.42e+01,
7066,-8.00e-03,1.42e+01,
7067,-8.00e-03,1.42e+01,
7068,-8.00e-03,1.42e+01,
7069,-8.00e-03,1.38e+01,
7070,-8.00e-03,1.42e+01,
7071,-8.00e-03,1.42e+01,
7072,-8.00e-03,1.38e+01,
7073,-8.00e-03,1.38e+01,
7074,-8.00e-03,1.38e+01,
7075,-8.00e-03,1.38e+01,
7076,-8.00e-03,1.38e+01,
7077,-8.00e-03,1.38e+01,
7078,-8.00e-03,1.38e+01,
7079,-8.00e-03,1.38e+01,
7080,-8.00e-03,1.38e+01,
7081,-8.00e-03,1.38e+01,
7082,-8.00e-03,1.38e+01,
7083,-8.00e-03,1.38e+01,
7084,-8.00e-03,1.38e+01,
7085,-8.00e-03,1.38e+01,
7086,-8.00e-03,1.38e+01,
7087,-8.00e-03,1.38e+01,
7088,-8.00e-03,1.38e+01,
7089,-8.00e-03,1.38e+01,
7090,-8.00e-03,1.38e+01,
7091,-8.00e-03,1.38e+01,
7092,-8.00e-03,1.30e+01,
7093,-8.00e-03,1.38e+01,
7094,-8.00e-03,1.38e+01,
7095,-8.00e-03,1.38e+01,
7096,-8.00e-03,1.38e+01,
7097,0.00e+00,1.30e+01,
7098,-8.00e-03,1.30e+01,
7099,-8.00e-03,1.38e+01,
7100,-8.00e-03,1.38e+01,
7101,-8.00e-03,1.38e+01,
7102,-8.00e-03,1.38e+01,
7103,-8.00e-03,1.38e+01,
7104,-8.00e-03,1.38e+01,
7105,-8.00e-03,1.38e+01,
7106,-8.00e-03,1.38e+01,
7107,-8.00e-03,1.38e+01,
7108,-8.00e-03,1.38e+01,
7109,0.00e+00,1.38e+01,
7110,-8.00e-03,1.38e+01,
7111,-8.00e-03,1.38e+01,
7112,-8.00e-03,1.38e+01,
7113,0.00e+00,1.38e+01,
7114,-8.00e-03,1.38e+01,
7115,-8.00e-03,1.38e+01,
7116,-8.00e-03,1.38e+01,
7117,-8.00e-03,1.38e+01,
7118,-8.00e-03,1.38e+01,
7119,-8.00e-03,1.38e+01,
7120,-8.00e-03,1.38e+01,
7121,0.00e+00,1.42e+01,
7122,-8.00e-03,1.38e+01,
7123,-8.00e-03,1.42e+01,
7124,-8.00e-03,1.38e+01,
7125,-8.00e-03,1.38e+01,
7126,-8.00e-03,1.42e+01,
7127,-8.00e-03,1.42e+01,
7128,-8.00e-03,1.42e+01,
7129,0.00e+00,1.42e+01,
7130,-8.00e-03,1.42e+01,
7131,-8.00e-03,1.42e+01,
7132,0.00e+00,1.42e+01,
7133,-8.00e-03,1.42e+01,
7134,-8.00e-03,1.46e+01,
7135,-8.00e-03,1.42e+01,
7136,-8.00e-03,1.46e+01,
7137,0.00e+00,1.46e+01,
7138,-8.00e-03,1.46e+01,
7139,-8.00e-03,1.46e+01,
7140,0.00e+00,1.46e+01,
7141,0.00e+00,1.46e+01,
7142,-8.00e-03,1.46e+01,
7143,-8.00e-03,1.50e+01,
7144,-8.00e-03,1.46e+01,
7145,0.00e+00,1.50e+01,
7146,-8.00e-03,1.50e+01,
7147,-8.00e-03,1.50e+01,
7148,-8.00e-03,1.50e+01,
7149,0.00e+00,1.50e+01,
7150,0.00e+00,1.50e+01,
7151,-8.00e-03,1.54e+01,
7152,0.00e+00,1.50e+01,
7153,0.00e+00,1.50e+01,
7154,0.00e+00,1.54e+01,
7155,-8.00e-03,1.54e+01,
7156,-8.00e-03,1.54e+01,
7157,0.00e+00,1.54e+01,
7158,0.00e+00,1.54e+01,
7159,-8.00e-03,1.58e+01,
7160,0.00e+00,1.58e+01,
7161,0.00e+00,1.58e+01,
7162,0.00e+00,1.58e+01,
7163,-8.00e-03,1.58e+01,
7164,-8.00e-03,1.58e+01,
7165,0.00e+00,1.58e+01,
7166,0.00e+00,1.62e+01,
7167,-8.00e-03,1.62e+01,
7168,0.00e+00,1.62e+01,
7169,0.00e+00,1.62e+01,
7170,-8.00e-03,1.62e+01,
7171,-8.00e-03,1.62e+01,
7172,-8.00e-03,1.66e+01,
7173,0.00e+00,1.66e+01,
7174,-8.00e-03,1.66e+01,
7175,-8.00e-03,1.66e+01,
7176,-8.00e-03,1.66e+01,
7177,0.00e+00,1.70e+01,
7178,-8.00e-03,1.70e+01,
7179,-8.00e-03,1.70e+01,
7180,-8.00e-03,1.70e+01,
7181,0.00e+00,1.70e+01,
7182,-8.00e-03,1.70e+01,
7183,-8.00e-03,1.74e+01,
7184,-8.00e-03,1.74e+01,
7185,-8.00e-03,1.74e+01,
7186,-8.00e-03,1.74e+01,
7187,-8.00e-03,1.74e+01,
7188,-8.00e-03,1.74e+01,
7189,0.00e+00,1.74e+01,
7190,-8.00e-03,1.78e+01,
7191,-8.00e-03,1.78e+01,
7192,-8.00e-03,1.78e+01,
7193,0.00e+00,1.78e+01,
7194,-8.00e-03,1.78e+01,
7195,-8.00e-03,1.82e+01,
7196,-8.00e-03,1.82e+01,
7197,-8.00e-03,1.82e+01,
7198,-8.00e-03,1.82e+01,
7199,-8.00e-03,1.90e+01,
7200,0.00e+00,1.90e+01,
7201,0.00e+00,1.90e+01,
7202,0.00e+00,1.90e+01,
7203,-8.00e-03,1.90e+01,
7204,-8.00e-03,1.90e+01,
7205,0.00e+00,1.94e+01,
7206,-8.00e-03,1.94e+01,
7207,-8.00e-03,1.94e+01,
7208,-8.00e-03,1.94e+01,
7209,-8.00e-03,1.98e+01,
7210,-8.00e-03,1.98e+01,
7211,-8.00e-03,1.98e+01,
7212,-8.00e-03,1.98e+01,
7213,0.00e+00,1.98e+01,
7214,-8.00e-03,2.02e+01,
7215,-8.00e-03,2.02e+01,
7216,-8.00e-03,2.02e+01,
7217,-8.00e-03,2.02e+01,
7218,-8.00e-03,2.02e+01,
7219,-8.00e-03,2.02e+01,
7220,-8.00e-03,2.06e+01,
7221,-8.00e-03,2.06e+01,
7222,-8.00e-03,2.06e+01,
7223,-8.00e-03,2.06e+01,
7224,-8.00e-03,2.06e+01,
7225,0.00e+00,2.10e+01,
7226,-8.00e-03,2.06e+01,
7227,-8.00e-03,2.10e+01,
7228,-8.00e-03,2.10e+01,
7229,0.00e+00,2.10e+01,
7230,-8.00e-03,2.14e+01,
7231,-8.00e-03,2.14e+01,
7232,-8.00e-03,2.10e+01,
7233,0.00e+00,2.14e+01,
7234,-8.00e-03,2.14e+01,
7235,-8.00e-03,2.14e+01,
7236,-8.00e-03,2.14e+01,
7237,-8.00e-03,2.14e+01,
7238,0.00e+00,2.18e+01,
7239,-8.00e-03,2.18e+01,
7240,-8.00e-03,2.18e+01,
7241,0.00e+00,2.18e+01,
7242,-8.00e-03,2.18e+01,
7243,-8.00e-03,2.22e+01,
7244,-8.00e-03,2.18e+01,
7245,-8.00e-03,2.22e+01,
7246,-8.00e-03,2.22e+01,
7247,-8.00e-03,2.22e+01,
7248,-8.00e-03,2.22e+01,
7249,-8.00e-03,2.22e+01,
7250,-8.00e-03,2.22e+01,
7251,-8.00e-03,2.26e+01,
7252,-8.00e-03,2.22e+01,
7253,-8.00e-03,2.26e+01,
7254,-8.00e-03,2.26e+01,
7255,-8.00e-03,2.26e+01,
7256,-8.00e-03,2.26e+01,
7257,-8.00e-03,2.26e+01,
7258,-8.00e-03,2.26e+01,
7259,-8.00e-03,2.26e+01,
7260,-8.00e-03,2.26e+01,
7261,-8.00e-03,2.26e+01,
7262,-8.00e-03,2.30e+01,
7263,-8.00e-03,2.30e+01,
7264,-8.00e-03,2.30e+01,
7265,-8.00e-03,2.30e+01,
7266,-8.00e-03,2.30e+01,
7267,-8.00e-03,2.30e+01,
7268,-8.00e-03,2.30e+01,
7269,-8.00e-03,2.30e+01,
7270,-8.00e-03,2.30e+01,
7271,-8.00e-03,2.30e+01,
7272,-8.00e-03,2.30e+01,
7273,-8.00e-03,2.30e+01,
7274,-8.00e-03,2.30e+01,
7275,-8.00e-03,2.30e+01,
7276,-8.00e-03,2.30e+01,
7277,-8.00e-03,2.30e+01,
7278,-8.00e-03,2.30e+01,
7279,-8.00e-03,2.34e+01,
7280,-8.00e-03,2.30e+01,
7281,-8.00e-03,2.34e+01,
7282,-8.00e-03,2.30e+01,
7283,-8.00e-03,2.30e+01,
7284,-8.00e-03,2.30e+01,
7285,-8.00e-03,2.30e+01,
7286,-8.00e-03,2.30e+01,
7287,-8.00e-03,2.34e+01,
7288,-8.00e-03,2.30e+01,
7289,-8.00e-03,2.34e+01,
7290,-8.00e-03,2.30e+01,
7291,-8.00e-03,2.30e+01,
7292,-8.00e-03,2.30e+01,
7293,-8.00e-03,2.30e+01,
7294,-8.00e-03,2.30e+01,
7295,-8.00e-03,2.30e+01,
7296,-8.00e-03,2.30e+01,
7297,-8.00e-03,2.30e+01,
7298,-8.00e-03,2.30e+01,
7299,-8.00e-03,2.30e+01,
7300,-8.00e-03,2.30e+01,
7301,-8.00e-03,2.26e+01,
7302,-8.00e-03,2.30e+01,
7303,-8.00e-03,2.30e+01,
7304,-8.00e-03,2.26e+01,
7305,-8.00e-03,2.30e+01,
7306,-8.00e-03,2.26e+01,
7307,-8.00e-03,2.26e+01,
7308,-8.00e-03,2.26e+01,
7309,-8.00e-03,2.26e+01,
7310,-8.00e-03,2.26e+01,
7311,-8.00e-03,2.26e+01,
7312,-8.00e-03,2.26e+01,
7313,-8.00e-03,2.26e+01,
7314,-8.00e-03,2.26e+01,
7315,-8.00e-03,2.26e+01,
7316,-8.00e-03,2.22e+01,
7317,-8.00e-03,2.22e+01,
7318,-8.00e-03,2.22e+01,
7319,-8.00e-03,2.22e+01,
7320,-8.00e-03,2.22e+01,
7321,-8.00e-03,2.22e+01,
7322,-8.00e-03,2.22e+01,
7323,-8.00e-03,2.18e+01,
7324,-8.00e-03,2.18e+01,
7325,-8.00e-03,2.18e+01,
7326,-8.00e-03,2.18e+01,
7327,-8.00e-03,2.18e+01,
7328,-8.00e-03,2.18e+01,
7329,-8.00e-03,2.18e+01,
7330,-8.00e-03,2.14e+01,
7331,-8.00e-03,2.14e+01,
7332,-8.00e-03,2.14e+01,
7333,-8.00e-03,2.14e+01,
7334,-8.00e-03,2.14e+01,
7335,-8.00e-03,2.14e+01,
7336,-8.00e-03,2.10e+01,
7337,-8.00e-03,2.10e+01,
7338,-8.00e-03,2.10e+01,
7339,-8.00e-03,2.10e+01,
7340,-8.00e-03,2.10e+01,
7341,-8.00e-03,2.10e+01,
7342,-8.00e-03,2.06e+01,
7343,-8.00e-03,2.06e+01,
7344,-8.00e-03,2.06e+01,
7345,-8.00e-03,2.06e+01,
7346,-8.00e-03,2.06e+01,
7347,-8.00e-03,2.06e+01,
7348,-8.00e-03,2.02e+01,
7349,-8.00e-03,2.02e+01,
7350,-8.00e-03,2.02e+01,
7351,-8.00e-03,2.02e+01,
7352,-8.00e-03,2.02e+01,
7353,-8.00e-03,2.02e+01,
7354,-8.00e-03,1.98e+01,
7355,-8.00e-03,1.98e+01,
7356,-8.00e-03,1.98e+01,
7357,-8.00e-03,1.94e+01,
7358,-8.00e-03,1.98e+01,
7359,-8.00e-03,1.98e+01,
7360,-8.00e-03,1.94e+01,
7361,-8.00e-03,1.94e+01,
7362,-8.00e-03,1.94e+01,
7363,-8.00e-03,1.94e+01,
7364,-8.00e-03,1.90e+01,
7365,-8.00e-03,1.90e+01,
7366,-8.00e-03,1.90e+01,
7367,-8.00e-03,1.90e+01,
7368,-8.00e-03,1.82e+01,
7369,-8.00e-03,1.82e+01,
7370,-8.00e-03,1.82e+01,
7371,-8.00e-03,1.82e+01,
7372,-8.00e-03,1.82e+01,
7373,-8.00e-03,1.82e+01,
7374,-8.00e-03,1.82e+01,
7375,-8.00e-03,1.82e+01,
7376,-8.00e-03,1.78e+01,
7377,-8.00e-03,1.78e+01,
7378,-8.00e-03,1.78e+01,
7379,-8.00e-03,1.78e+01,
7380,-8.00e-03,1.74e+01,
7381,-8.00e-03,1.74e+01,
7382,-8.00e-03,1.74e+01,
7383,-8.00e-03,1.74e+01,
7384,-8.00e-03,1.74e+01,
7385,-8.00e-03,1.74e+01,
7386,-8.00e-03,1.74e+01,
7387,-8.00e-03,1.70e+01,
7388,-8.00e-03,1.70e+01,
7389,-8.00e-03,1.70e+01,
7390,-8.00e-03,1.70e+01,
7391,-8.00e-03,1.70e+01,
7392,-8.00e-03,1.66e+01,
7393,-8.00e-03,1.66e+01,
7394,-8.00e-03,1.66e+01,
7395,-8.00e-03,1.66e+01,
7396,-8.00e-03,1.66e+01,
7397,-8.00e-03,1.62e+01,
7398,-8.00e-03,1.66e+01,
7399,-8.00e-03,1.62e+01,
7400,-8.00e-03,1.62e+01,
7401,-8.00e-03,1.62e+01,
7402,-8.00e-03,1.62e+01,
7403,-8.00e-03,1.62e+01,
7404,-8.00e-03,1.62e+01,
7405,-8.00e-03,1.58e+01,
7406,-8.00e-03,1.58e+01,
7407,-8.00e-03,1.58e+01,
7408,-8.00e-03,1.58e+01,
7409,-8.00e-03,1.58e+01,
7410,-8.00e-03,1.58e+01,
7411,-8.00e-03,1.58e+01,
7412,-8.00e-03,1.58e+01,
7413,-8.00e-03,1.54e+01,
7414,-8.00e-03,1.54e+01,
7415,-8.00e-03,1.54e+01,
7416,-8.00e-03,1.54e+01,
7417,-8.00e-03,1.54e+01,
7418,-8.00e-03,1.54e+01,
7419,-8.00e-03,1.54e+01,
7420,-8.00e-03,1.50e+01,
7421,-8.00e-03,1.50e+01,
7422,-8.00e-03,1.50e+01,
7423,-8.00e-03,1.50e+01,
7424,-8.00e-03,1.50e+01,
7425,-8.00e-03,1.50e+01,
7426,-8.00e-03,1.50e+01,
7427,-8.00e-03,1.50e+01,
7428,-8.00e-03,1.50e+01,
7429,-8.00e-03,1.50e+01,
7430,-8.00e-03,1.46e+01,
7431,-8.00e-03,1.50e+01,
7432,-8.00e-03,1.46e+01,
7433,-8.00e-03,1.46e+01,
7434,-8.00e-03,1.46e+01,
7435,-8.00e-03,1.46e+01,
7436,-8.00e-03,1.46e+01,
7437,-8.00e-03,1.46e+01,
7438,-8.00e-03,1.46e+01,
7439,-8.00e-03,1.46e+01,
7440,-8.00e-03,1.42e+01,
7441,-8.00e-03,1.46e+01,
7442,-8.00e-03,1.42e+01,
7443,-8.00e-03,1.46e+01,
7444,-8.00e-03,1.42e+01,
7445,-8.00e-03,1.42e+01,
7446,-8.00e-03,1.46e+01,
7447,-8.00e-03,1.42e+01,
7448,-8.00e-03,1.42e+01,
7449,-8.00e-03,1.42e+01,
7450,-8.00e-03,1.42e+01,
7451,-8.00e-03,1.42e+01,
7452,-8.00e-03,1.42e+01,
7453,-8.00e-03,1.42e+01,
7454,-8.00e-03,1.42e+01,
7455,-8.00e-03,1.42e+01,
7456,-8.00e-03,1.42e+01,
7457,-8.00e-03,1.42e+01,
7458,-8.00e-03,1.42e+01,
7459,-8.00e-03,1.42e+01,
7460,-8.00e-03,1.42e+01,
7461,-8.00e-03,1.42e+01,
7462,-8.00e-03,1.42e+01,
7463,-8.00e-03,1.42e+01,
7464,-8.00e-03,1.42e+01,
7465,-8.00e-03,1.42e+01,
7466,-8.00e-03,1.42e+01,
7467,-8.00e-03,1.42e+01,
7468,-8.00e-03,1.42e+01,
7469,0.00e+00,1.42e+01,
7470,-8.00e-03,1.42e+01,
7471,-8.00e-03,1.42e+01,
7472,-8.00e-03,1.42e+01,
7473,0.00e+00,1.42e+01,
7474,-8.00e-03,1.42e+01,
7475,-8.00e-03,1.42e+01,
7476,-8.00e-03,1.42e+01,
7477,-8.00e-03,1.42e+01,
7478,-8.00e-03,1.42e+01,
7479,-8.00e-03,1.42e+01,
7480,-8.00e-03,1.42e+01,
7481,-8.00e-03,1.42e+01,
7482,-8.00e-03,1.42e+01,
7483,-8.00e-03,1.42e+01,
7484,-8.00e-03,1.42e+01,
7485,0.00e+00,1.42e+01,
7486,0.00e+00,1.42e+01,
7487,-8.00e-03,1.42e+01,
7488,-8.00e-03,1.42e+01,
7489,-8.00e-03,1.42e+01,
7490,-8.00e-03,1.42e+01,
7491,-8.00e-03,1.46e+01,
7492,-8.00e-03,1.42e+01,
7493,-8.00e-03,1.42e+01,
7494,0.00e+00,1.46e+01,
7495,-8.00e-03,1.46e+01,
7496,-8.00e-03,1.42e+01,
7497,0.00e+00,1.46e+01,
7498,-8.00e-03,1.46e+01,
7499,-8.00e-03,1.46e+01,
7500,-8.00e-03,1.46e+01,
7501,0.00e+00,1.46e+01,
7502,0.00e+00,1.46e+01,
7503,-8.00e-03,1.46e+01,
7504,0.00e+00,1.46e+01,
7505,-8.00e-03,1.46e+01,
7506,-8.00e-03,1.46e+01,
7507,-8.00e-03,1.50e+01,
7508,-8.00e-03,1.50e+01,
7509,0.00e+00,1.50e+01,
7510,0.00e+00,1.50e+01,
7511,-8.00e-03,1.50e+01,
7512,-8.00e-03,1.50e+01,
7513,0.00e+00,1.50e+01,
7514,-8.00e-03,1.50e+01,
7515,-8.00e-03,1.50e+01,
7516,-8.00e-03,1.50e+01,
7517,0.00e+00,1.50e+01,
7518,0.00e+00,1.54e+01,
7519,-8.00e-03,1.54e+01,
7520,0.00e+00,1.54e+01,
7521,0.00e+00,1.54e+01,
7522,-8.00e-03,1.54e+01,
7523,-8.00e-03,1.54e+01,
7524,-8.00e-03,1.54e+01,
7525,0.00e+00,1.54e+01,
7526,-8.00e-03,1.58e+01,
7527,-8.00e-03,1.58e+01,
7528,-8.00e-03,1.58e+01,
7529,0.00e+00,1.58e+01,
7530,-8.00e-03,1.58e+01,
7531,-8.00e-03,1.58e+01,
7532,0.00e+00,1.58e+01,
7533,0.00e+00,1.58e+01,
7534,0.00e+00,1.62e+01,
7535,-8.00e-03,1.62e+01,
7536,0.00e+00,1.62e+01,
7537,0.00e+00,1.62e+01,
7538,-8.00e-03,1.62e+01,
7539,-8.00e-03,1.66e+01,
7540,-8.00e-03,1.62e+01,
7541,0.00e+00,1.66e+01,
7542,0.00e+00,1.66e+01,
7543,-8.00e-03,1.66e+01,
7544,0.00e+00,1.66e+01,
7545,0.00e+00,1.66e+01,
7546,-8.00e-03,1.66e+01,
7547,-8.00e-03,1.66e+01,
7548,-8.00e-03,1.70e+01,
7549,0.00e+00,1.70e+01,
7550,0.00e+00,1.70e+01,
7551,-8.00e-03,1.70e+01,
7552,-8.00e-03,1.70e+01,
7553,-8.00e-03,1.74e+01,
7554,-8.00e-03,1.74e+01,
7555,-8.00e-03,1.74e+01,
7556,-8.00e-03,1.74e+01,
7557,0.00e+00,1.74e+01,
7558,-8.00e-03,1.74e+01,
7559,-8.00e-03,1.78e+01,
7560,-8.00e-03,1.78e+01,
7561,0.00e+00,1.78e+01,
7562,-8.00e-03,1.78e+01,
7563,-8.00e-03,1.78e+01,
7564,-8.00e-03,1.78e+01,
7565,0.00e+00,1.78e+01,
7566,-8.00e-03,1.82e+01,
7567,-8.00e-03,1.82e+01,
7568,0.00e+00,1.82e+01,
7569,0.00e+00,1.82e+01,
7570,-8.00e-03,1.82e+01,
7571,-8.00e-03,1.90e+01,
7572,-8.00e-03,1.90e+01,
7573,0.00e+00,1.90e+01,
7574,0.00e+00,1.90e+01,
7575,-8.00e-03,1.90e+01,
7576,-8.00e-03,1.90e+01,
7577,0.00e+00,1.94e+01,
7578,0.00e+00,1.94e+01,
7579,-8.00e-03,1.94e+01,
7580,-8.00e-03,1.94e+01,
7581,0.00e+00,1.94e+01,
7582,-8.00e-03,1.94e+01,
7583,-8.00e-03,1.98e+01,
7584,-8.00e-03,1.98e+01,
7585,0.00e+00,1.98e+01,
7586,-8.00e-03,1.98e+01,
7587,-8.00e-03,2.02e+01,
7588,-8.00e-03,2.02e+01,
7589,-8.00e-03,1.98e+01,
7590,-8.00e-03,2.02e+01,
7591,-8.00e-03,2.02e+01,
7592,-8.00e-03,2.02e+01,
7593,-8.00e-03,2.02e+01,
7594,-8.00e-03,2.02e+01,
7595,-8.00e-03,2.06e+01,
7596,-8.00e-03,2.06e+01,
7597,-8.00e-03,2.06e+01,
7598,-8.00e-03,2.06e+01,
7599,-8.00e-03,2.06e+01,
7600,-8.00e-03,2.06e+01,
7601,-8.00e-03,2.10e+01,
7602,-8.00e-03,2.10e+01,
7603,-8.00e-03,2.10e+01,
7604,-8.00e-03,2.10e+01,
7605,-8.00e-03,2.10e+01,
7606,-8.00e-03,2.10e+01,
7607,-8.00e-03,2.10e+01,
7608,-8.00e-03,2.10e+01,
7609,-8.00e-03,2.10e+01,
7610,-8.00e-03,2.14e+01,
7611,-8.00e-03,2.14e+01,
7612,-8.00e-03,2.14e+01,
7613,0.00e+00,2.14e+01,
7614,-8.00e-03,2.14e+01,
7615,-8.00e-03,2.14e+01,
7616,-8.00e-03,2.14e+01,
7617,-8.00e-03,2.18e+01,
7618,-8.00e-03,2.18e+01,
7619,-8.00e-03,2.18e+01,
7620,-8.00e-03,2.18e+01,
7621,-8.00e-03,2.18e+01,
7622,-8.00e-03,2.18e+01,
7623,-8.00e-03,2.18e+01,
7624,-8.00e-03,2.18e+01,
7625,-8.00e-03,2.22e+01,
7626,-8.00e-03,2.22e+01,
7627,-8.00e-03,2.22e+01,
7628,-8.00e-03,2.22e+01,
7629,-8.00e-03,2.22e+01,
7630,-8.00e-03,2.22e+01,
7631,-8.00e-03,2.22e+01,
7632,-8.00e-03,2.22e+01,
7633,-8.00e-03,2.22e+01,
7634,-8.00e-03,2.22e+01,
7635,-8.00e-03,2.22e+01,
7636,-8.00e-03,2.22e+01,
7637,-8.00e-03,2.22e+01,
7638,-8.00e-03,2.22e+01,
7639,-8.00e-03,2.26e+01,
7640,-8.00e-03,2.22e+01,
7641,-8.00e-03,2.22e+01,
7642,-8.00e-03,2.22e+01,
7643,-8.00e-03,2.26e+01,
7644,-8.00e-03,2.26e+01,
7645,-8.00e-03,2.26e+01,
7646,-8.00e-03,2.26e+01,
7647,-8.00e-03,2.26e+01,
7648,-8.00e-03,2.26e+01,
7649,-8.00e-03,2.26e+01,
7650,-8.00e-03,2.26e+01,
7651,-8.00e-03,2.26e+01,
7652,-8.00e-03,2.26e+01,
7653,-8.00e-03,2.26e+01,
7654,-8.00e-03,2.26e+01,
7655,-8.00e-03,2.26e+01,
7656,-8.00e-03,2.26e+01,
7657,-8.00e-03,2.26e+01,
7658,-8.00e-03,2.26e+01,
7659,-8.00e-03,2.26e+01,
7660,-8.00e-03,2.26e+01,
7661,-8.00e-03,2.26e+01,
7662,-8.00e-03,2.26e+01,
7663,-8.00e-03,2.26e+01,
7664,-8.00e-03,2.26e+01,
7665,-8.00e-03,2.26e+01,
7666,-8.00e-03,2.26e+01,
7667,-8.00e-03,2.26e+01,
7668,-8.00e-03,2.22e+01,
7669,-8.00e-03,2.22e+01,
7670,-8.00e-03,2.22e+01,
7671,-8.00e-03,2.22e+01,
7672,-8.00e-03,2.22e+01,
7673,-8.00e-03,2.22e+01,
7674,-8.00e-03,2.22e+01,
7675,-8.00e-03,2.22e+01,
7676,-8.00e-03,2.22e+01,
7677,-8.00e-03,2.22e+01,
7678,-8.00e-03,2.22e+01,
7679,-8.00e-03,2.22e+01,
7680,-8.00e-03,2.22e+01,
7681,-8.00e-03,2.22e+01,
7682,-8.00e-03,2.18e+01,
7683,-8.00e-03,2.22e+01,
7684,-8.00e-03,2.18e+01,
7685,-8.00e-03,2.18e+01,
7686,-8.00e-03,2.18e+01,
7687,-8.00e-03,2.18e+01,
7688,-8.00e-03,2.18e+01,
7689,-8.00e-03,2.18e+01,
7690,-8.00e-03,2.18e+01,
7691,-8.00e-03,2.18e+01,
7692,-8.00e-03,2.14e+01,
7693,-8.00e-03,2.14e+01,
7694,-8.00e-03,2.14e+01,
7695,-8.00e-03,2.14e+01,
7696,-8.00e-03,2.14e+01,
7697,-8.00e-03,2.14e+01,
7698,-8.00e-03,2.14e+01,
7699,-8.00e-03,2.14e+01,
7700,-8.00e-03,2.10e+01,
7701,-8.00e-03,2.10e+01,
7702,-8.00e-03,2.10e+01,
7703,-8.00e-03,2.10e+01,
7704,-8.00e-03,2.10e+01,
7705,-8.00e-03,2.10e+01,
7706,-8.00e-03,2.10e+01,
7707,-8.00e-03,2.10e+01,
7708,-8.00e-03,2.10e+01,
7709,-8.00e-03,2.06e+01,
7710,-8.00e-03,2.06e+01,
7711,-8.00e-03,2.06e+01,
7712,-8.00e-03,2.06e+01,
7713,-8.00e-03,2.06e+01,
7714,-8.00e-03,2.06e+01,
7715,-8.00e-03,2.06e+01,
7716,-8.00e-03,2.02e+01,
7717,-8.00e-03,2.02e+01,
7718,-8.00e-03,2.02e+01,
7719,-8.00e-03,2.02e+01,
7720,-8.00e-03,1.98e+01,
7721,-8.00e-03,1.98e+01,
7722,-8.00e-03,1.98e+01,
7723,-8.00e-03,1.98e+01,
7724,-8.00e-03,1.98e+01,
7725,-8.00e-03,1.98e+01,
7726,-8.00e-03,1.98e+01,
7727,-8.00e-03,1.98e+01,
7728,-8.00e-03,1.94e+01,
7729,-8.00e-03,1.94e+01,
7730,-8.00e-03,1.94e+01,
7731,-8.00e-03,1.94e+01,
7732,-8.00e-03,1.94e+01,
7733,-8.00e-03,1.90e+01,
7734,-8.00e-03,1.94e+01,
7735,-8.00e-03,1.90e+01,
7736,-8.00e-03,1.90e+01,
7737,-8.00e-03,1.90e+01,
7738,-8.00e-03,1.90e+01,
7739,-8.00e-03,1.90e+01,
7740,-8.00e-03,1.82e+01,
7741,-8.00e-03,1.82e+01,
7742,-8.00e-03,1.82e+01,
7743,-8.00e-03,1.82e+01,
7744,-8.00e-03,1.82e+01,
7745,-8.00e-03,1.82e+01,
7746,-8.00e-03,1.78e+01,
7747,-8.00e-03,1.78e+01,
7748,-8.00e-03,1.78e+01,
7749,-8.00e-03,1.78e+01,
7750,-8.00e-03,1.78e+01,
7751,-8.00e-03,1.78e+01,
7752,-8.00e-03,1.74e+01,
7753,-8.00e-03,1.74e+01,
7754,-8.00e-03,1.74e+01,
7755,-8.00e-03,1.74e+01,
7756,-8.00e-03,1.74e+01,
7757,-8.00e-03,1.74e+01,
7758,-8.00e-03,1.74e+01,
7759,-8.00e-03,1.74e+01,
7760,-8.00e-03,1.70e+01,
7761,-8.00e-03,1.70e+01,
7762,-8.00e-03,1.70e+01,
7763,-8.00e-03,1.70e+01,
7764,-8.00e-03,1.70e+01,
7765,-8.00e-03,1.70e+01,
7766,-8.00e-03,1.70e+01,
7767,-8.00e-03,1.66e+01,
7768,-8.00e-03,1.66e+01,
7769,-8.00e-03,1.66e+01,
7770,-8.00e-03,1.66e+01,
7771,-8.00e-03,1.66e+01,
7772,-8.00e-03,1.66e+01,
7773,-8.00e-03,1.62e+01,
7774,-8.00e-03,1.62e+01,
7775,-8.00e-03,1.62e+01,
7776,-8.00e-03,1.62e+01,
7777,-8.00e-03,1.62e+01,
7778,-8.00e-03,1.62e+01,
7779,-8.00e-03,1.62e+01,
7780,-8.00e-03,1.62e+01,
7781,-8.00e-03,1.62e+01,
7782,-8.00e-03,1.58e+01,
7783,-8.00e-03,1.58e+01,
7784,-8.00e-03,1.58e+01,
7785,-8.00e-03,1.58e+01,
7786,-8.00e-03,1.58e+01,
7787,-8.00e-03,1.58e+01,
7788,-8.00e-03,1.58e+01,
7789,-8.00e-03,1.54e+01,
7790,-8.00e-03,1.54e+01,
7791,-8.00e-03,1.58e+01,
7792,-8.00e-03,1.54e+01,
7793,-8.00e-03,1.54e+01,
7794,-8.00e-03,1.54e+01,
7795,-8.00e-03,1.54e+01,
7796,-8.00e-03,1.54e+01,
7797,-8.00e-03,1.54e+01,
7798,-8.00e-03,1.54e+01,
7799,-8.00e-03,1.54e+01,
7800,-8.00e-03,1.50e+01,
7801,-8.00e-03,1.54e+01,
7802,-8.00e-03,1.50e+01,
7803,-8.00e-03,1.50e+01,
7804,-8.00e-03,1.50e+01,
7805,-8.00e-03,1.50e+01,
7806,-8.00e-03,1.50e+01,
7807,-8.00e-03,1.50e+01,
7808,-8.00e-03,1.50e+01,
7809,-8.00e-03,1.50e+01,
7810,-8.00e-03,1.50e+01,
7811,-8.00e-03,1.50e+01,
7812,-8.00e-03,1.50e+01,
7813,-8.00e-03,1.50e+01,
7814,-8.00e-03,1.50e+01,
7815,-8.00e-03,1.50e+01,
7816,-8.00e-03,1.46e+01,
7817,-8.00e-03,1.46e+01,
7818,-8.00e-03,1.46e+01,
7819,-8.00e-03,1.46e+01,
7820,-8.00e-03,1.46e+01,
7821,-8.00e-03,1.46e+01,
7822,-8.00e-03,1.46e+01,
7823,-8.00e-03,1.46e+01,
7824,-8.00e-03,1.46e+01,
7825,0.00e+00,1.46e+01,
7826,-8.00e-03,1.46e+01,
7827,-8.00e-03,1.46e+01,
7828,-8.00e-03,1.46e+01,
7829,-8.00e-03,1.46e+01,
7830,-8.00e-03,1.46e+01,
7831,-8.00e-03,1.46e+01,
7832,-8.00e-03,1.46e+01,
7833,-8.00e-03,1.46e+01,
7834,-8.00e-03,1.46e+01,
7835,-8.00e-03,1.46e+01,
7836,-8.00e-03,1.46e+01,
7837,-8.00e-03,1.46e+01,
7838,-8.00e-03,1.46e+01,
7839,-8.00e-03,1.46e+01,
7840,-8.00e-03,1.46e+01,
7841,-8.00e-03,1.46e+01,
7842,-8.00e-03,1.46e+01,
7843,-8.00e-03,1.46e+01,
7844,-8.00e-03,1.46e+01,
7845,0.00e+00,1.46e+01,
7846,-8.00e-03,1.46e+01,
7847,-8.00e-03,1.46e+01,
7848,-8.00e-03,1.46e+01,
7849,-8.00e-03,1.46e+01,
7850,-8.00e-03,1.46e+01,
7851,-8.00e-03,1.46e+01,
7852,-8.00e-03,1.46e+01,
7853,0.00e+00,1.46e+01,
7854,-8.00e-03,1.46e+01,
7855,-8.00e-03,1.46e+01,
7856,-8.00e-03,1.46e+01,
7857,-8.00e-03,1.46e+01,
7858,-8.00e-03,1.46e+01,
7859,-8.00e-03,1.46e+01,
7860,-8.00e-03,1.46e+01,
7861,-8.00e-03,1.46e+01,
7862,-8.00e-03,1.46e+01,
7863,-8.00e-03,1.46e+01,
7864,-8.00e-03,1.46e+01,
7865,-8.00e-03,1.50e+01,
7866,-8.00e-03,1.50e+01,
7867,-8.00e-03,1.50e+01,
7868,-8.00e-03,1.50e+01,
7869,0.00e+00,1.46e+01,
7870,-8.00e-03,1.50e+01,
7871,-8.00e-03,1.50e+01,
7872,-8.00e-03,1.50e+01,
7873,0.00e+00,1.50e+01,
7874,-8.00e-03,1.50e+01,
7875,-8.00e-03,1.50e+01,
7876,-8.00e-03,1.50e+01,
7877,-8.00e-03,1.50e+01,
7878,-8.00e-03,1.54e+01,
7879,-8.00e-03,1.54e+01,
7880,-8.00e-03,1.50e+01,
7881,0.00e+00,1.54e+01,
7882,-8.00e-03,1.54e+01,
7883,-8.00e-03,1.54e+01,
7884,0.00e+00,1.54e+01,
7885,0.00e+00,1.54e+01,
7886,-8.00e-03,1.54e+01,
7887,-8.00e-03,1.54e+01,
7888,-8.00e-03,1.54e+01,
7889,-8.00e-03,1.54e+01,
7890,-8.00e-03,1.54e+01,
7891,-8.00e-03,1.58e+01,
7892,-8.00e-03,1.54e+01,
7893,0.00e+00,1.58e+01,
7894,-8.00e-03,1.58e+01,
7895,-8.00e-03,1.58e+01,
7896,-8.00e-03,1.58e+01,
7897,0.00e+00,1.58e+01,
7898,-8.00e-03,1.58e+01,
7899,-8.00e-03,1.62e+01,
7900,-8.00e-03,1.58e+01,
7901,0.00e+00,1.58e+01,
7902,-8.00e-03,1.62e+01,
7903,-8.00e-03,1.62e+01,
7904,-8.00e-03,1.62e+01,
7905,0.00e+00,1.62e+01,
7906,-8.00e-03,1.62e+01,
7907,-8.00e-03,1.62e+01,
7908,-8.00e-03,1.66e+01,
7909,-8.00e-03,1.62e+01,
7910,-8.00e-03,1.66e+01,
7911,-8.00e-03,1.66e+01,
7912,-8.00e-03,1.66e+01,
7913,0.00e+00,1.66e+01,
7914,-8.00e-03,1.66e+01,
7915,-8.00e-03,1.66e+01,
7916,-8.00e-03,1.70e+01,
7917,-8.00e-03,1.66e+01,
7918,-8.00e-03,1.70e+01,
7919,-8.00e-03,1.70e+01,
7920,-8.00e-03,1.70e+01,
7921,0.00e+00,1.70e+01,
7922,-8.00e-03,1.70e+01,
7923,-8.00e-03,1.70e+01,
7924,-8.00e-03,1.74e+01,
7925,-8.00e-03,1.74e+01,
7926,-8.00e-03,1.74e+01,
7927,-8.00e-03,1.74e+01,
7928,-8.00e-03,1.74e+01,
7929,0.00e+00,1.78e+01,
7930,-8.00e-03,1.74e+01,
7931,-8.00e-03,1.78e+01,
7932,-8.00e-03,1.78e+01,
7933,-8.00e-03,1.74e+01,
7934,-8.00e-03,1.78e+01,
7935,-8.00e-03,1.78e+01,
7936,-8.00e-03,1.78e+01,
7937,-8.00e-03,1.82e+01,
7938,-8.00e-03,1.82e+01,
7939,-8.00e-03,1.82e+01,
7940,-8.00e-03,1.82e+01,
7941,0.00e+00,1.82e+01,
7942,-8.00e-03,1.82e+01,
7943,-8.00e-03,1.90e+01,
7944,-8.00e-03,1.90e+01,
7945,-8.00e-03,1.90e+01,
7946,-8.00e-03,1.90e+01,
7947,-8.00e-03,1.90e+01,
7948,-8.00e-03,1.90e+01,
7949,0.00e+00,1.90e+01,
7950,-8.00e-03,1.94e+01,
7951,-8.00e-03,1.94e+01,
7952,-8.00e-03,1.94e+01,
7953,-8.00e-03,1.94e+01,
7954,0.00e+00,1.94e+01,
7955,0.00e+00,1.98e+01,
7956,8.00e-03,1.94e+01,
7957,8.00e-03,1.98e+01,
7958,1.60e-02,1.98e+01,
7959,2.40e-02,1.98e+01,
7960,3.20e-02,1.98e+01,
7961,3.20e-02,1.98e+01,
7962,2.40e-02,2.02e+01,
7963,2.40e-02,2.02e+01,
7964,2.40e-02,2.02e+01,
7965,2.40e-02,2.02e+01,
7966,2.40e-02,2.02e+01,
7967,2.40e-02,2.02e+01,
7968,2.40e-02,2.06e+01,
7969,2.40e-02,2.06e+01,
7970,2.40e-02,2.06e+01,
7971,2.40e-02,2.06e+01,
7972,2.40e-02,2.06e+01,
7973,3.20e-02,2.06e+01,
7974,3.20e-02,2.10e+01,
7975,3.20e-02,2.10e+01,
7976,3.20e-02,2.10e+01,
7977,3.20e-02,2.10e+01,
7978,3.20e-02,2.14e+01,
7979,2.40e-02,2.14e+01,
7980,2.40e-02,2.10e+01,
7981,2.40e-02,2.14e+01,
7982,2.40e-02,2.10e+01,
7983,3.20e-02,2.02e+01,
7984,5.60e-02,1.78e+01,
7985,7.20e-02,1.50e+01,
7986,6.40e-02,1.14e+01,
7987,6.40e-02,9.40e+00,
7988,4.80e-02,7.00e+00,
7989,2.40e-02,5.40e+00,
7990,-8.00e-03,4.60e+00,
7991,-4.00e-02,4.20e+00,
7992,-4.80e-02,3.80e+00,
7993,-3.20e-02,3.80e+00,
7994,-8.00e-03,3.80e+00,
7995,1.60e-02,3.80e+00,
7996,4.80e-02,3.40e+00,
7997,6.40e-02,3.00e+00,
7998,5.60e-02,2.20e+00,
7999,4.00e-02,1.80e+00,
8000,8.00e-03,1.40e+00,
8001,-1.60e-02,1.00e+00,
8002,-2.40e-02,1.00e+00,
8003,-1.60e-02,1.00e+00,
8004,0.00e+00,1.00e+00,
8005,2.40e-02,6.00e-01,
8006,4.80e-02,6.00e-01,
8007,5.60e-02,6.00e-01,
8008,4.80e-02,-2.00e-01,
8009,3.20e-02,-2.00e-01,
8010,8.00e-03,-6.00e-01,
8011,-1.60e-02,-6.00e-01,
8012,-1.60e-02,-6.00e-01,
8013,-1.60e-02,-2.00e-01,
8014,8.00e-03,-2.00e-01,
8015,2.40e-02,2.00e-01,
8016,4.00e-02,-2.00e-01,
8017,4.80e-02,-2.00e-01,
8018,4.00e-02,-2.00e-01,
8019,2.40e-02,-2.00e-01,
8020,8.00e-03,-6.00e-01,
8021,-8.00e-03,-6.00e-01,
8022,-8.00e-03,-2.00e-01,
8023,-8.00e-03,-2.00e-01,
8024,8.00e-03,-2.00e-01,
8025,2.40e-02,-2.00e-01,
8026,3.20e-02,2.00e-01,
8027,4.00e-02,-2.00e-01,
8028,3.20e-02,-2.00e-01,
8029,2.40e-02,-6.00e-01,
8030,8.00e-03,-2.00e-01,
8031,-8.00e-03,-2.00e-01,
8032,-8.00e-03,-6.00e-01,
8033,0.00e+00,-2.00e-01,
8034,8.00e-03,-2.00e-01,
8035,2.40e-02,2.00e-01,
8036,3.20e-02,-2.00e-01,
8037,3.20e-02,-2.00e-01,
8038,2.40e-02,-2.00e-01,
8039,1.60e-02,-2.00e-01,
8040,8.00e-03,-6.00e-01,
8041,0.00e+00,-2.00e-01,
8042,0.00e+00,-2.00e-01,
8043,0.00e+00,-2.00e-01,
8044,1.60e-02,-2.00e-01,
8045,2.40e-02,-2.00e-01,
8046,3.20e-02,-2.00e-01,
8047,2.40e-02,-2.00e-01,
8048,2.40e-02,-2.00e-01,
8049,1.60e-02,-2.00e-01,
8050,8.00e-03,-2.00e-01,
8051,0.00e+00,-2.00e-01,
8052,0.00e+00,-2.00e-01,
8053,8.00e-03,-2.00e-01,
8054,1.60e-02,-2.00e-01,
8055,2.40e-02,-2.00e-01,
8056,2.40e-02,-2.00e-01,
8057,2.40e-02,-2.00e-01,
8058,1.60e-02,-2.00e-01,
8059,1.60e-02,-2.00e-01,
8060,8.00e-03,-2.00e-01,
8061,8.00e-03,-2.00e-01,
8062,8.00e-03,-2.00e-01,
8063,8.00e-03,-2.00e-01,
8064,1.60e-02,-2.00e-01,
8065,2.40e-02,-2.00e-01,
8066,2.40e-02,-2.00e-01,
8067,2.40e-02,-2.00e-01,
8068,1.60e-02,-2.00e-01,
8069,1.60e-02,-2.00e-01,
8070,8.00e-03,-2.00e-01,
8071,8.00e-03,-2.00e-01,
8072,8.00e-03,-2.00e-01,
8073,1.60e-02,-2.00e-01,
8074,1.60e-02,-2.00e-01,
8075,2.40e-02,-2.00e-01,
8076,2.40e-02,-2.00e-01,
8077,2.40e-02,-2.00e-01,
8078,1.60e-02,-2.00e-01,
8079,1.60e-02,-2.00e-01,
8080,8.00e-03,-2.00e-01,
8081,8.00e-03,-2.00e-01,
8082,8.00e-03,-2.00e-01,
8083,1.60e-02,-2.00e-01,
8084,1.60e-02,-2.00e-01,
8085,2.40e-02,-2.00e-01,
8086,2.40e-02,-2.00e-01,
8087,1.60e-02,-2.00e-01,
8088,1.60e-02,-2.00e-01,
8089,1.60e-02,-2.00e-01,
8090,1.60e-02,-2.00e-01,
8091,8.00e-03,-2.00e-01,
8092,1.60e-02,-2.00e-01,
8093,1.60e-02,-2.00e-01,
8094,2.40e-02,-2.00e-01,
8095,2.40e-02,-2.00e-01,
8096,2.40e-02,-2.00e-01,
8097,2.40e-02,-2.00e-01,
8098,1.60e-02,-2.00e-01,
8099,1.60e-02,-2.00e-01,
8100,1.60e-02,-2.00e-01,
8101,1.60e-02,-2.00e-01,
8102,1.60e-02,-2.00e-01,
8103,1.60e-02,-2.00e-01,
8104,1.60e-02,-2.00e-01,
8105,2.40e-02,-2.00e-01,
8106,2.40e-02,-2.00e-01,
8107,1.60e-02,-2.00e-01,
8108,1.60e-02,-2.00e-01,
8109,1.60e-02,-6.00e-01,
8110,1.60e-02,-2.00e-01,
8111,1.60e-02,-2.00e-01,
8112,1.60e-02,-2.00e-01,
8113,1.60e-02,-2.00e-01,
8114,2.40e-02,-2.00e-01,
8115,2.40e-02,-2.00e-01,
8116,2.40e-02,-2.00e-01,
8117,2.40e-02,-2.00e-01,
8118,1.60e-02,-2.00e-01,
8119,1.60e-02,-2.00e-01,
8120,1.60e-02,-2.00e-01,
8121,1.60e-02,-2.00e-01,
8122,1.60e-02,-2.00e-01,
8123,1.60e-02,-2.00e-01,
8124,2.40e-02,-2.00e-01,
8125,2.40e-02,-2.00e-01,
8126,2.40e-02,-2.00e-01,
8127,2.40e-02,-2.00e-01,
8128,1.60e-02,-2.00e-01,
8129,1.60e-02,2.00e-01,
8130,1.60e-02,-6.00e-01,
8131,1.60e-02,2.00e-01,
8132,2.40e-02,-2.00e-01,
8133,2.40e-02,-2.00e-01,
8134,2.40e-02,-2.00e-01,
8135,2.40e-02,-2.00e-01,
8136,2.40e-02,-2.00e-01,
8137,2.40e-02,-2.00e-01,
8138,2.40e-02,-2.00e-01,
8139,1.60e-02,-2.00e-01,
8140,2.40e-02,-2.00e-01,
8141,2.40e-02,-2.00e-01,
8142,2.40e-02,-2.00e-01,
8143,2.40e-02,-2.00e-01,
8144,2.40e-02,-2.00e-01,
8145,2.40e-02,-2.00e-01,
8146,2.40e-02,-2.00e-01,
8147,2.40e-02,-2.00e-01,
8148,2.40e-02,-2.00e-01,
8149,2.40e-02,-2.00e-01,
8150,2.40e-02,-2.00e-01,
8151,2.40e-02,-2.00e-01,
8152,2.40e-02,-2.00e-01,
8153,2.40e-02,-2.00e-01,
8154,2.40e-02,-2.00e-01,
8155,2.40e-02,-2.00e-01,
8156,2.40e-02,-2.00e-01,
8157,2.40e-02,-2.00e-01,
8158,2.40e-02,-2.00e-01,
8159,2.40e-02,-2.00e-01,
8160,2.40e-02,-2.00e-01,
8161,2.40e-02,-2.00e-01,
8162,2.40e-02,-2.00e-01,
8163,2.40e-02,-2.00e-01,
8164,2.40e-02,-2.00e-01,
8165,2.40e-02,-2.00e-01,
8166,2.40e-02,-2.00e-01,
8167,2.40e-02,-2.00e-01,
8168,2.40e-02,-2.00e-01,
8169,2.40e-02,-2.00e-01,
8170,2.40e-02,-2.00e-01,
8171,2.40e-02,-2.00e-01,
8172,2.40e-02,-2.00e-01,
8173,2.40e-02,-2.00e-01,
8174,2.40e-02,-2.00e-01,
8175,2.40e-02,2.00e-01,
8176,2.40e-02,-2.00e-01,
8177,2.40e-02,-2.00e-01,
8178,2.40e-02,-2.00e-01,
8179,2.40e-02,-2.00e-01,
8180,2.40e-02,-2.00e-01,
8181,2.40e-02,-2.00e-01,
8182,2.40e-02,-2.00e-01,
8183,2.40e-02,-2.00e-01,
8184,2.40e-02,-2.00e-01,
8185,2.40e-02,-2.00e-01,
8186,2.40e-02,-2.00e-01,
8187,2.40e-02,-2.00e-01,
8188,2.40e-02,-2.00e-01,
8189,2.40e-02,-2.00e-01,
8190,2.40e-02,-2.00e-01,
8191,2.40e-02,-2.00e-01,
8192,2.40e-02,-2.00e-01,
8193,3.20e-02,-2.00e-01,
8194,2.40e-02,-2.00e-01,
8195,2.40e-02,-2.00e-01,
8196,2.40e-02,-2.00e-01,
8197,3.20e-02,-2.00e-01,
8198,3.20e-02,-2.00e-01,
8199,2.40e-02,-2.00e-01,
8200,2.40e-02,-2.00e-01,
8201,3.20e-02,-2.00e-01,
8202,3.20e-02,-2.00e-01,
8203,2.40e-02,-2.00e-01,
8204,3.20e-02,-2.00e-01,
8205,3.20e-02,-2.00e-01,
8206,2.40e-02,-2.00e-01,
8207,2.40e-02,2.00e-01,
8208,3.20e-02,-2.00e-01,
8209,3.20e-02,-2.00e-01,
8210,3.20e-02,-2.00e-01,
8211,2.40e-02,-2.00e-01,
8212,3.20e-02,-2.00e-01,
8213,3.20e-02,-2.00e-01,
8214,3.20e-02,-2.00e-01,
8215,3.20e-02,-2.00e-01,
8216,3.20e-02,-2.00e-01,
8217,3.20e-02,-2.00e-01,
8218,3.20e-02,-2.00e-01,
8219,3.20e-02,-2.00e-01,
8220,3.20e-02,-2.00e-01,
8221,3.20e-02,-2.00e-01,
8222,3.20e-02,-2.00e-01,
8223,3.20e-02,-2.00e-01,
8224,3.20e-02,-2.00e-01,
8225,3.20e-02,-2.00e-01,
8226,3.20e-02,-2.00e-01,
8227,3.20e-02,-2.00e-01,
8228,3.20e-02,-2.00e-01,
8229,3.20e-02,-2.00e-01,
8230,3.20e-02,-2.00e-01,
8231,3.20e-02,-2.00e-01,
8232,3.20e-02,-2.00e-01,
8233,3.20e-02,-2.00e-01,
8234,3.20e-02,-2.00e-01,
8235,3.20e-02,-2.00e-01,
8236,3.20e-02,-2.00e-01,
8237,3.20e-02,-2.00e-01,
8238,3.20e-02,-2.00e-01,
8239,3.20e-02,-2.00e-01,
8240,3.20e-02,-2.00e-01,
8241,3.20e-02,-2.00e-01,
8242,3.20e-02,-2.00e-01,
8243,3.20e-02,-2.00e-01,
8244,3.20e-02,-2.00e-01,
8245,3.20e-02,-2.00e-01,
8246,3.20e-02,-2.00e-01,
8247,3.20e-02,-2.00e-01,
8248,3.20e-02,-2.00e-01,
8249,3.20e-02,-2.00e-01,
8250,3.20e-02,-2.00e-01,
8251,3.20e-02,-2.00e-01,
8252,3.20e-02,-2.00e-01,
8253,4.00e-02,-2.00e-01,
8254,3.20e-02,-2.00e-01,
8255,3.20e-02,-2.00e-01,
8256,3.20e-02,-2.00e-01,
8257,4.00e-02,-2.00e-01,
8258,3.20e-02,-2.00e-01,
8259,3.20e-02,-2.00e-01,
8260,3.20e-02,-2.00e-01,
8261,4.00e-02,-2.00e-01,
8262,3.20e-02,-2.00e-01,
8263,3.20e-02,-2.00e-01,
8264,3.20e-02,-2.00e-01,
8265,4.00e-02,-2.00e-01,
8266,3.20e-02,-2.00e-01,
8267,3.20e-02,-2.00e-01,
8268,4.00e-02,-2.00e-01,
8269,4.00e-02,-2.00e-01,
8270,3.20e-02,-2.00e-01,
8271,3.20e-02,2.00e-01,
8272,3.20e-02,-2.00e-01,
8273,4.00e-02,-2.00e-01,
8274,3.20e-02,-2.00e-01,
8275,3.20e-02,-2.00e-01,
8276,4.00e-02,-2.00e-01,
8277,4.00e-02,-2.00e-01,
8278,4.00e-02,-2.00e-01,
8279,4.00e-02,-2.00e-01,
8280,4.00e-02,-2.00e-01,
8281,4.00e-02,-2.00e-01,
8282,4.00e-02,-2.00e-01,
8283,4.00e-02,-2.00e-01,
8284,4.00e-02,-2.00e-01,
8285,4.00e-02,-2.00e-01,
8286,4.00e-02,-2.00e-01,
8287,4.00e-02,-2.00e-01,
8288,4.00e-02,-2.00e-01,
8289,4.00e-02,-2.00e-01,
8290,4.00e-02,-2.00e-01,
8291,4.00e-02,-2.00e-01,
8292,4.00e-02,-2.00e-01,
8293,4.00e-02,-2.00e-01,
8294,4.00e-02,-2.00e-01,
8295,4.00e-02,-2.00e-01,
8296,4.00e-02,-2.00e-01,
8297,4.00e-02,-2.00e-01,
8298,4.00e-02,-2.00e-01,
8299,4.00e-02,2.00e-01,
8300,4.00e-02,-2.00e-01,
8301,4.00e-02,-2.00e-01,
8302,4.00e-02,-2.00e-01,
8303,4.00e-02,-2.00e-01,
8304,4.00e-02,-2.00e-01,
8305,4.00e-02,-2.00e-01,
8306,4.00e-02,-2.00e-01,
8307,4.00e-02,-2.00e-01,
8308,4.00e-02,-2.00e-01,
8309,4.00e-02,-2.00e-01,
8310,4.00e-02,-2.00e-01,
8311,4.00e-02,2.00e-01,
8312,4.00e-02,-2.00e-01,
8313,4.00e-02,-2.00e-01,
8314,4.00e-02,-2.00e-01,
8315,4.00e-02,-2.00e-01,
8316,4.00e-02,-2.00e-01,
8317,4.00e-02,-2.00e-01,
8318,4.00e-02,-2.00e-01,
8319,4.00e-02,-2.00e-01,
8320,4.00e-02,-2.00e-01,
8321,4.00e-02,-2.00e-01,
8322,4.00e-02,-2.00e-01,
8323,4.00e-02,2.00e-01,
8324,4.00e-02,-2.00e-01,
8325,4.00e-02,-2.00e-01,
8326,4.00e-02,-2.00e-01,
8327,4.00e-02,-2.00e-01,
8328,4.00e-02,-2.00e-01,
8329,4.80e-02,2.00e-01,
8330,4.80e-02,-2.00e-01,
8331,4.00e-02,2.00e-01,
8332,4.80e-02,-2.00e-01,
8333,4.80e-02,-2.00e-01,
8334,4.00e-02,2.00e-01,
8335,4.00e-02,-2.00e-01,
8336,4.80e-02,-2.00e-01,
8337,4.80e-02,-2.00e-01,
8338,4.00e-02,-2.00e-01,
8339,4.80e-02,-2.00e-01,
8340,4.80e-02,-2.00e-01,
8341,4.80e-02,-2.00e-01,
8342,4.80e-02,-2.00e-01,
8343,4.00e-02,2.00e-01,
8344,4.80e-02,-2.00e-01,
8345,4.80e-02,-2.00e-01,
8346,4.80e-02,-2.00e-01,
8347,4.80e-02,-2.00e-01,
8348,4.80e-02,-2.00e-01,
8349,4.80e-02,-2.00e-01,
8350,4.80e-02,-2.00e-01,
8351,4.80e-02,2.00e-01,
8352,4.80e-02,-2.00e-01,
8353,4.80e-02,-2.00e-01,
8354,4.80e-02,-2.00e-01,
8355,4.80e-02,2.00e-01,
8356,4.80e-02,-2.00e-01,
8357,4.80e-02,-2.00e-01,
8358,4.80e-02,-2.00e-01,
8359,4.80e-02,-2.00e-01,
8360,4.80e-02,-2.00e-01,
8361,4.80e-02,-2.00e-01,
8362,4.80e-02,-2.00e-01,
8363,4.80e-02,-2.00e-01,
8364,4.80e-02,-2.00e-01,
8365,4.80e-02,-2.00e-01,
8366,4.80e-02,-2.00e-01,
8367,4.80e-02,-2.00e-01,
8368,4.80e-02,-2.00e-01,
8369,4.80e-02,-2.00e-01,
8370,4.80e-02,-2.00e-01,
8371,4.80e-02,2.00e-01,
8372,4.80e-02,-2.00e-01,
8373,4.80e-02,-2.00e-01,
8374,4.80e-02,-2.00e-01,
8375,4.80e-02,2.00e-01,
8376,4.80e-02,-2.00e-01,
8377,4.80e-02,-2.00e-01,
8378,4.80e-02,-2.00e-01,
8379,4.80e-02,-2.00e-01,
8380,4.80e-02,-2.00e-01,
8381,4.80e-02,-2.00e-01,
8382,4.80e-02,-2.00e-01,
8383,4.80e-02,-2.00e-01,
8384,4.80e-02,-2.00e-01,
8385,4.80e-02,-2.00e-01,
8386,4.80e-02,2.00e-01,
8387,4.80e-02,2.00e-01,
8388,4.80e-02,-2.00e-01,
8389,5.60e-02,-2.00e-01,
8390,4.80e-02,-2.00e-01,
8391,4.80e-02,2.00e-01,
8392,4.80e-02,-2.00e-01,
8393,5.60e-02,-2.00e-01,
8394,4.80e-02,-2.00e-01,
8395,4.80e-02,-2.00e-01,
8396,5.60e-02,-2.00e-01,
8397,5.60e-02,-2.00e-01,
8398,4.80e-02,-2.00e-01,
8399,4.80e-02,2.00e-01,
8400,4.80e-02,-2.00e-01,
8401,5.60e-02,-2.00e-01,
8402,4.80e-02,-2.00e-01,
8403,4.80e-02,-2.00e-01,
8404,5.60e-02,-2.00e-01,
8405,5.60e-02,-2.00e-01,
8406,5.60e-02,-2.00e-01,
8407,5.60e-02,2.00e-01,
8408,5.60e-02,-2.00e-01,
8409,5.60e-02,-2.00e-01,
8410,5.60e-02,-2.00e-01,
8411,5.60e-02,2.00e-01,
8412,5.60e-02,-2.00e-01,
8413,5.60e-02,-2.00e-01,
8414,5.60e-02,-2.00e-01,
8415,4.80e-02,2.00e-01,
8416,5.60e-02,-2.00e-01,
8417,5.60e-02,-2.00e-01,
8418,5.60e-02,-2.00e-01,
8419,5.60e-02,-2.00e-01,
8420,5.60e-02,-2.00e-01,
8421,5.60e-02,-2.00e-01,
8422,5.60e-02,-2.00e-01,
8423,5.60e-02,2.00e-01,
8424,5.60e-02,-2.00e-01,
8425,5.60e-02,-2.00e-01,
8426,5.60e-02,-2.00e-01,
8427,5.60e-02,-2.00e-01,
8428,5.60e-02,-2.00e-01,
8429,5.60e-02,-2.00e-01,
8430,5.60e-02,-2.00e-01,
8431,5.60e-02,2.00e-01,
8432,5.60e-02,-2.00e-01,
8433,5.60e-02,-2.00e-01,
8434,5.60e-02,2.00e-01,
8435,5.60e-02,-2.00e-01,
8436,5.60e-02,-2.00e-01,
8437,5.60e-02,-2.00e-01,
8438,5.60e-02,-2.00e-01,
8439,5.60e-02,2.00e-01,
8440,5.60e-02,-2.00e-01,
8441,5.60e-02,-2.00e-01,
8442,5.60e-02,-2.00e-01,
8443,5.60e-02,2.00e-01,
8444,5.60e-02,-2.00e-01,
8445,6.40e-02,-2.00e-01,
8446,5.60e-02,-2.00e-01,
8447,5.60e-02,-2.00e-01,
8448,5.60e-02,-2.00e-01,
8449,6.40e-02,-2.00e-01,
8450,5.60e-02,2.00e-01,
8451,5.60e-02,2.00e-01,
8452,5.60e-02,-2.00e-01,
8453,6.40e-02,-2.00e-01,
8454,5.60e-02,-2.00e-01,
8455,5.60e-02,-2.00e-01,
8456,5.60e-02,-2.00e-01,
8457,6.40e-02,-2.00e-01,
8458,5.60e-02,-2.00e-01,
8459,5.60e-02,2.00e-01,
8460,5.60e-02,-2.00e-01,
8461,6.40e-02,-2.00e-01,
8462,6.40e-02,2.00e-01,
8463,5.60e-02,-2.00e-01,
8464,6.40e-02,-2.00e-01,
8465,6.40e-02,-2.00e-01,
8466,6.40e-02,2.00e-01,
8467,6.40e-02,-2.00e-01,
8468,6.40e-02,2.00e-01,
8469,6.40e-02,-2.00e-01,
8470,6.40e-02,2.00e-01,
8471,6.40e-02,2.00e-01,
8472,5.60e-02,-2.00e-01,
8473,6.40e-02,-2.00e-01,
8474,6.40e-02,-2.00e-01,
8475,6.40e-02,2.00e-01,
8476,6.40e-02,-2.00e-01,
8477,6.40e-02,-2.00e-01,
8478,6.40e-02,-2.00e-01,
8479,6.40e-02,2.00e-01,
8480,6.40e-02,-2.00e-01,
8481,6.40e-02,-2.00e-01,
8482,6.40e-02,-2.00e-01,
8483,6.40e-02,-2.00e-01,
8484,6.40e-02,-2.00e-01,
8485,6.40e-02,-2.00e-01,
8486,6.40e-02,-2.00e-01,
8487,6.40e-02,-2.00e-01,
8488,6.40e-02,-2.00e-01,
8489,6.40e-02,-2.00e-01,
8490,6.40e-02,-2.00e-01,
8491,6.40e-02,2.00e-01,
8492,6.40e-02,-2.00e-01,
8493,6.40e-02,-2.00e-01,
8494,6.40e-02,-2.00e-01,
8495,6.40e-02,2.00e-01,
8496,6.40e-02,-2.00e-01,
8497,6.40e-02,-2.00e-01,
8498,6.40e-02,2.00e-01,
8499,6.40e-02,-2.00e-01,
8500,6.40e-02,-2.00e-01,
8501,6.40e-02,-2.00e-01,
8502,6.40e-02,-2.00e-01,
8503,6.40e-02,2.00e-01,
8504,6.40e-02,-2.00e-01,
8505,7.20e-02,-2.00e-01,
8506,6.40e-02,2.00e-01,
8507,6.40e-02,-2.00e-01,
8508,6.40e-02,2.00e-01,
8509,6.40e-02,-2.00e-01,
8510,6.40e-02,-2.00e-01,
8511,6.40e-02,2.00e-01,
8512,6.40e-02,-2.00e-01,
8513,7.20e-02,-2.00e-01,
8514,6.40e-02,-2.00e-01,
8515,6.40e-02,2.00e-01,
8516,6.40e-02,-2.00e-01,
8517,7.20e-02,-2.00e-01,
8518,6.40e-02,2.00e-01,
8519,6.40e-02,2.00e-01,
8520,6.40e-02,-2.00e-01,
8521,7.20e-02,2.00e-01,
8522,6.40e-02,-2.00e-01,
8523,6.40e-02,2.00e-01,
8524,6.40e-02,-2.00e-01,
8525,7.20e-02,-2.00e-01,
8526,6.40e-02,2.00e-01,
8527,6.40e-02,-2.00e-01,
8528,7.20e-02,-2.00e-01,
8529,7.20e-02,2.00e-01,
8530,7.20e-02,-2.00e-01,
8531,6.40e-02,2.00e-01,
8532,7.20e-02,-2.00e-01,
8533,7.20e-02,-2.00e-01,
8534,7.20e-02,2.00e-01,
8535,7.20e-02,-2.00e-01,
8536,7.20e-02,-2.00e-01,
8537,7.20e-02,-2.00e-01,
8538,7.20e-02,-2.00e-01,
8539,7.20e-02,2.00e-01,
8540,7.20e-02,-2.00e-01,
8541,7.20e-02,-2.00e-01,
8542,7.20e-02,-2.00e-01,
8543,7.20e-02,2.00e-01,
8544,7.20e-02,-2.00e-01,
8545,7.20e-02,-2.00e-01,
8546,7.20e-02,-2.00e-01,
8547,7.20e-02,-2.00e-01,
8548,7.20e-02,2.00e-01,
8549,7.20e-02,-2.00e-01,
8550,7.20e-02,-2.00e-01,
8551,7.20e-02,2.00e-01,
8552,7.20e-02,-2.00e-01,
8553,7.20e-02,-2.00e-01,
8554,7.20e-02,2.00e-01,
8555,7.20e-02,2.00e-01,
8556,7.20e-02,-2.00e-01,
8557,7.20e-02,-2.00e-01,
8558,7.20e-02,2.00e-01,
8559,7.20e-02,2.00e-01,
8560,7.20e-02,-2.00e-01,
8561,7.20e-02,-2.00e-01,
8562,7.20e-02,-2.00e-01,
8563,7.20e-02,2.00e-01,
8564,7.20e-02,-2.00e-01,
8565,7.20e-02,-2.00e-01,
8566,7.20e-02,-2.00e-01,
8567,7.20e-02,2.00e-01,
8568,7.20e-02,-2.00e-01,
8569,7.20e-02,-2.00e-01,
8570,7.20e-02,2.00e-01,
8571,7.20e-02,-2.00e-01,
8572,7.20e-02,-2.00e-01,
8573,8.00e-02,-2.00e-01,
8574,7.20e-02,-2.00e-01,
8575,7.20e-02,2.00e-01,
8576,7.20e-02,-2.00e-01,
8577,8.00e-02,-2.00e-01,
8578,7.20e-02,2.00e-01,
8579,7.20e-02,2.00e-01,
8580,7.20e-02,-2.00e-01,
8581,7.20e-02,-2.00e-01,
8582,7.20e-02,-2.00e-01,
8583,7.20e-02,2.00e-01,
8584,7.20e-02,-2.00e-01,
8585,8.00e-02,-2.00e-01,
8586,7.20e-02,-2.00e-01,
8587,7.20e-02,2.00e-01,
8588,7.20e-02,-2.00e-01,
8589,8.00e-02,-2.00e-01,
8590,7.20e-02,-2.00e-01,
8591,7.20e-02,2.00e-01,
8592,8.00e-02,-2.00e-01,
8593,8.00e-02,-2.00e-01,
8594,7.20e-02,2.00e-01,
8595,7.20e-02,2.00e-01,
8596,7.20e-02,-2.00e-01,
8597,8.00e-02,-2.00e-01,
8598,8.00e-02,-2.00e-01,
8599,7.20e-02,2.00e-01,
8600,8.00e-02,-2.00e-01,
8601,8.00e-02,-2.00e-01,
8602,7.20e-02,2.00e-01,
8603,8.00e-02,2.00e-01,
8604,8.00e-02,-2.00e-01,
8605,8.00e-02,-2.00e-01,
8606,8.00e-02,-2.00e-01,
8607,7.20e-02,2.00e-01,
8608,8.00e-02,-2.00e-01,
8609,8.00e-02,-2.00e-01,
8610,8.00e-02,2.00e-01,
8611,8.00e-02,2.00e-01,
8612,8.00e-02,-2.00e-01,
8613,8.00e-02,-2.00e-01,
8614,8.00e-02,2.00e-01,
8615,8.00e-02,2.00e-01,
8616,8.00e-02,-2.00e-01,
8617,8.00e-02,-2.00e-01,
8618,8.00e-02,-2.00e-01,
8619,8.00e-02,2.00e-01,
8620,8.00e-02,-2.00e-01,
8621,8.00e-02,-2.00e-01,
8622,8.00e-02,-2.00e-01,
8623,8.00e-02,2.00e-01,
8624,8.00e-02,-2.00e-01,
8625,8.00e-02,-2.00e-01,
8626,8.00e-02,-2.00e-01,
8627,8.00e-02,2.00e-01,
8628,8.00e-02,2.00e-01,
8629,8.00e-02,-2.00e-01,
8630,8.00e-02,2.00e-01,
8631,8.00e-02,-2.00e-01,
8632,8.00e-02,-2.00e-01,
8633,8.00e-02,-2.00e-01,
8634,8.00e-02,2.00e-01,
8635,8.00e-02,2.00e-01,
8636,8.00e-02,-2.00e-01,
8637,8.80e-02,-2.00e-01,
8638,8.00e-02,2.00e-01,
8639,8.00e-02,2.00e-01,
8640,8.00e-02,-2.00e-01,
8641,8.00e-02,-2.00e-01,
8642,8.00e-02,-2.00e-01,
8643,8.00e-02,2.00e-01,
8644,8.00e-02,-2.00e-01,
8645,8.80e-02,-2.00e-01,
8646,8.00e-02,2.00e-01,
8647,8.00e-02,2.00e-01,
8648,8.00e-02,-2.00e-01,
8649,8.80e-02,-2.00e-01,
8650,8.00e-02,-2.00e-01,
8651,8.00e-02,2.00e-01,
8652,8.00e-02,-2.00e-01,
8653,8.80e-02,-2.00e-01,
8654,8.00e-02,-2.00e-01,
8655,8.00e-02,2.00e-01,
8656,8.00e-02,-2.00e-01,
8657,8.80e-02,-2.00e-01,
8658,8.00e-02,2.00e-01,
8659,8.00e-02,2.00e-01,
8660,8.80e-02,-2.00e-01,
8661,8.80e-02,-2.00e-01,
8662,8.80e-02,-2.00e-01,
8663,8.80e-02,-2.00e-01,
8664,8.80e-02,-2.00e-01,
8665,8.80e-02,-2.00e-01,
8666,8.00e-02,2.00e-01,
8667,8.80e-02,2.00e-01,
8668,8.80e-02,2.00e-01,
8669,8.80e-02,-2.00e-01,
8670,8.00e-02,2.00e-01,
8671,8.00e-02,2.00e-01,
8672,8.80e-02,-2.00e-01,
8673,8.80e-02,-2.00e-01,
8674,8.80e-02,-2.00e-01,
8675,8.80e-02,2.00e-01,
8676,8.80e-02,-2.00e-01,
8677,8.80e-02,-2.00e-01,
8678,8.80e-02,2.00e-01,
8679,8.80e-02,2.00e-01,
8680,8.80e-02,-2.00e-01,
8681,8.80e-02,2.00e-01,
8682,8.80e-02,-2.00e-01,
8683,8.80e-02,2.00e-01,
8684,8.80e-02,-2.00e-01,
8685,8.80e-02,-2.00e-01,
8686,8.80e-02,-2.00e-01,
8687,8.80e-02,2.00e-01,
8688,8.80e-02,-2.00e-01,
8689,8.80e-02,-2.00e-01,
8690,8.80e-02,2.00e-01,
8691,8.80e-02,2.00e-01,
8692,8.80e-02,-2.00e-01,
8693,8.80e-02,-2.00e-01,
8694,8.80e-02,-2.00e-01,
8695,8.80e-02,2.00e-01,
8696,8.80e-02,-2.00e-01,
8697,8.80e-02,-2.00e-01,
8698,8.80e-02,2.00e-01,
8699,8.80e-02,2.00e-01,
8700,8.80e-02,-2.00e-01,
8701,8.80e-02,-2.00e-01,
8702,8.80e-02,-2.00e-01,
8703,8.80e-02,2.00e-01,
8704,8.80e-02,-2.00e-01,
8705,9.60e-02,-2.00e-01,
8706,8.80e-02,2.00e-01,
8707,8.80e-02,2.00e-01,
8708,8.80e-02,2.00e-01,
8709,9.60e-02,-2.00e-01,
8710,8.80e-02,-2.00e-01,
8711,8.80e-02,2.00e-01,
8712,8.80e-02,-2.00e-01,
8713,9.60e-02,-2.00e-01,
8714,8.80e-02,2.00e-01,
8715,8.80e-02,2.00e-01,
8716,8.80e-02,2.00e-01,
8717,9.60e-02,-2.00e-01,
8718,8.80e-02,2.00e-01,
8719,8.80e-02,2.00e-01,
8720,8.80e-02,-2.00e-01,
8721,9.60e-02,2.00e-01,
8722,8.80e-02,-2.00e-01,
8723,8.80e-02,2.00e-01,
8724,8.80e-02,-2.00e-01,
8725,9.60e-02,-2.00e-01,
8726,8.80e-02,2.00e-01,
8727,8.80e-02,2.00e-01,
8728,9.60e-02,-2.00e-01,
8729,9.60e-02,2.00e-01,
8730,9.60e-02,-2.00e-01,
8731,8.80e-02,2.00e-01,
8732,9.60e-02,-2.00e-01,
8733,9.60e-02,-2.00e-01,
8734,9.60e-02,2.00e-01,
8735,9.60e-02,-2.00e-01,
8736,9.60e-02,2.00e-01,
8737,9.60e-02,2.00e-01,
8738,9.60e-02,-2.00e-01,
8739,9.60e-02,2.00e-01,
8740,9.60e-02,-2.00e-01,
8741,9.60e-02,-2.00e-01,
8742,9.60e-02,-2.00e-01,
8743,9.60e-02,2.00e-01,
8744,9.60e-02,-2.00e-01,
8745,9.60e-02,-2.00e-01,
8746,9.60e-02,2.00e-01,
8747,9.60e-02,-2.00e-01,
8748,9.60e-02,2.00e-01,
8749,9.60e-02,-2.00e-01,
8750,9.60e-02,-2.00e-01,
8751,9.60e-02,2.00e-01,
8752,9.60e-02,-2.00e-01,
8753,9.60e-02,-2.00e-01,
8754,9.60e-02,2.00e-01,
8755,9.60e-02,2.00e-01,
8756,9.60e-02,-2.00e-01,
8757,9.60e-02,-2.00e-01,
8758,9.60e-02,2.00e-01,
8759,9.60e-02,2.00e-01,
8760,9.60e-02,-2.00e-01,
8761,9.60e-02,-2.00e-01,
8762,9.60e-02,-2.00e-01,
8763,9.60e-02,2.00e-01,
8764,9.60e-02,2.00e-01,
8765,9.60e-02,-2.00e-01,
8766,9.60e-02,2.00e-01,
8767,9.60e-02,2.00e-01,
8768,9.60e-02,-2.00e-01,
8769,9.60e-02,-2.00e-01,
8770,9.60e-02,2.00e-01,
8771,9.60e-02,2.00e-01,
8772,9.60e-02,-2.00e-01,
8773,9.60e-02,-2.00e-01,
8774,9.60e-02,2.00e-01,
8775,9.60e-02,2.00e-01,
8776,9.60e-02,-2.00e-01,
8777,1.04e-01,-2.00e-01,
8778,9.60e-02,2.00e-01,
8779,9.60e-02,2.00e-01,
8780,9.60e-02,-2.00e-01,
8781,9.60e-02,-2.00e-01,
8782,9.60e-02,2.00e-01,
8783,9.60e-02,2.00e-01,
8784,9.60e-02,-2.00e-01,
8785,1.04e-01,-2.00e-01,
8786,9.60e-02,2.00e-01,
8787,9.60e-02,2.00e-01,
8788,9.60e-02,2.00e-01,
8789,1.04e-01,-2.00e-01,
8790,9.60e-02,2.00e-01,
8791,1.04e-01,2.00e-01,
8792,1.04e-01,-2.00e-01,
8793,1.04e-01,2.00e-01,
8794,1.04e-01,2.00e-01,
8795,1.04e-01,2.00e-01,
8796,9.60e-02,-2.00e-01,
8797,1.04e-01,-2.00e-01,
8798,1.04e-01,2.00e-01,
8799,1.04e-01,2.00e-01,
8800,1.04e-01,-2.00e-01,
8801,1.04e-01,2.00e-01,
8802,1.04e-01,2.00e-01,
8803,1.04e-01,2.00e-01,
8804,1.04e-01,-2.00e-01,
8805,1.04e-01,-2.00e-01,
8806,1.04e-01,2.00e-01,
8807,1.04e-01,2.00e-01,
8808,1.04e-01,2.00e-01,
8809,1.04e-01,2.00e-01,
8810,1.04e-01,2.00e-01,
8811,1.04e-01,2.00e-01,
8812,1.04e-01,2.00e-01,
8813,1.04e-01,-2.00e-01,
8814,1.04e-01,2.00e-01,
8815,1.04e-01,2.00e-01,
8816,1.04e-01,-2.00e-01,
8817,1.04e-01,-2.00e-01,
8818,1.04e-01,2.00e-01,
8819,1.04e-01,2.00e-01,
8820,1.04e-01,-2.00e-01,
8821,1.04e-01,-2.00e-01,
8822,1.04e-01,-2.00e-01,
8823,1.04e-01,2.00e-01,
8824,1.04e-01,-2.00e-01,
8825,1.04e-01,-2.00e-01,
8826,1.04e-01,2.00e-01,
8827,1.04e-01,2.00e-01,
8828,1.04e-01,2.00e-01,
8829,1.04e-01,-2.00e-01,
8830,1.04e-01,-2.00e-01,
8831,1.04e-01,2.00e-01,
8832,1.04e-01,-2.00e-01,
8833,1.04e-01,2.00e-01,
8834,1.04e-01,2.00e-01,
8835,1.04e-01,2.00e-01,
8836,1.04e-01,2.00e-01,
8837,1.04e-01,-2.00e-01,
8838,1.04e-01,2.00e-01,
8839,1.04e-01,2.00e-01,
8840,1.04e-01,-2.00e-01,
8841,1.04e-01,2.00e-01,
8842,1.04e-01,2.00e-01,
8843,1.04e-01,2.00e-01,
8844,1.04e-01,-2.00e-01,
8845,1.12e-01,-2.00e-01,
8846,1.04e-01,2.00e-01,
8847,1.04e-01,2.00e-01,
8848,1.04e-01,2.00e-01,
8849,1.04e-01,-2.00e-01,
8850,1.04e-01,2.00e-01,
8851,1.04e-01,2.00e-01,
8852,1.04e-01,-2.00e-01,
8853,1.12e-01,2.00e-01,
8854,1.04e-01,2.00e-01,
8855,1.04e-01,2.00e-01,
8856,1.04e-01,-2.00e-01,
8857,1.12e-01,-2.00e-01,
8858,1.04e-01,2.00e-01,
8859,1.04e-01,2.00e-01,
8860,1.04e-01,-2.00e-01,
8861,1.12e-01,-2.00e-01,
8862,1.12e-01,-2.00e-01,
8863,1.04e-01,2.00e-01,
8864,1.04e-01,-2.00e-01,
8865,1.12e-01,-2.00e-01,
8866,1.12e-01,2.00e-01,
8867,1.12e-01,2.00e-01,
8868,1.04e-01,2.00e-01,
8869,1.12e-01,-2.00e-01,
8870,1.12e-01,2.00e-01,
8871,1.12e-01,2.00e-01,
8872,1.12e-01,-2.00e-01,
8873,1.12e-01,2.00e-01,
8874,1.12e-01,2.00e-01,
8875,1.04e-01,2.00e-01,
8876,1.12e-01,2.00e-01,
8877,1.12e-01,-2.00e-01,
8878,1.12e-01,2.00e-01,
8879,1.12e-01,2.00e-01,
8880,1.12e-01,-2.00e-01,
8881,1.12e-01,2.00e-01,
8882,1.12e-01,2.00e-01,
8883,1.12e-01,2.00e-01,
8884,1.12e-01,2.00e-01,
8885,1.12e-01,-2.00e-01,
8886,1.12e-01,2.00e-01,
8887,1.12e-01,2.00e-01,
8888,1.12e-01,-2.00e-01,
8889,1.12e-01,-2.00e-01,
8890,1.12e-01,2.00e-01,
8891,1.12e-01,2.00e-01,
8892,1.12e-01,-2.00e-01,
8893,1.12e-01,-2.00e-01,
8894,1.12e-01,2.00e-01,
8895,1.12e-01,2.00e-01,
8896,1.12e-01,-2.00e-01,
8897,1.12e-01,-2.00e-01,
8898,1.12e-01,2.00e-01,
8899,1.12e-01,2.00e-01,
8900,1.12e-01,2.00e-01,
8901,1.12e-01,-2.00e-01,
8902,1.12e-01,2.00e-01,
8903,1.12e-01,2.00e-01,
8904,1.12e-01,-2.00e-01,
8905,1.20e-01,-2.00e-01,
8906,1.12e-01,2.00e-01,
8907,1.12e-01,2.00e-01,
8908,1.12e-01,2.00e-01,
8909,1.20e-01,-2.00e-01,
8910,1.12e-01,2.00e-01,
8911,1.12e-01,2.00e-01,
8912,1.12e-01,-2.00e-01,
8913,1.20e-01,2.00e-01,
8914,1.12e-01,2.00e-01,
8915,1.12e-01,2.00e-01,
8916,1.12e-01,-2.00e-01,
8917,1.20e-01,-2.00e-01,
8918,1.12e-01,2.00e-01,
8919,1.12e-01,2.00e-01,
8920,1.12e-01,-2.00e-01,
8921,1.20e-01,2.00e-01,
8922,1.12e-01,2.00e-01,
8923,1.20e-01,2.00e-01,
8924,1.20e-01,-2.00e-01,
8925,1.20e-01,-2.00e-01,
8926,1.20e-01,2.00e-01,
8927,1.20e-01,-2.00e-01,
8928,1.20e-01,-2.00e-01,
8929,1.20e-01,2.00e-01,
8930,1.20e-01,-2.00e-01,
8931,1.12e-01,2.00e-01,
8932,1.20e-01,2.00e-01,
8933,1.20e-01,-2.00e-01,
8934,1.12e-01,2.00e-01,
8935,1.20e-01,-2.00e-01,
8936,1.12e-01,2.00e-01,
8937,1.20e-01,2.00e-01,
8938,1.20e-01,2.00e-01,
8939,1.20e-01,2.00e-01,
8940,1.20e-01,-2.00e-01,
8941,1.20e-01,-2.00e-01,
8942,1.20e-01,2.00e-01,
8943,1.20e-01,2.00e-01,
8944,1.20e-01,2.00e-01,
8945,1.20e-01,-2.00e-01,
8946,1.20e-01,2.00e-01,
8947,1.20e-01,-2.00e-01,
8948,1.20e-01,2.00e-01,
8949,1.20e-01,-2.00e-01,
8950,1.20e-01,2.00e-01,
8951,1.20e-01,2.00e-01,
8952,1.20e-01,-2.00e-01,
8953,1.20e-01,2.00e-01,
8954,1.20e-01,2.00e-01,
8955,1.20e-01,2.00e-01,
8956,1.20e-01,2.00e-01,
8957,1.20e-01,-2.00e-01,
8958,1.20e-01,2.00e-01,
8959,1.20e-01,2.00e-01,
8960,1.20e-01,-2.00e-01,
8961,1.20e-01,2.00e-01,
8962,1.20e-01,2.00e-01,
8963,1.20e-01,2.00e-01,
8964,1.20e-01,2.00e-01,
8965,1.20e-01,-2.00e-01,
8966,1.20e-01,2.00e-01,
8967,1.20e-01,2.00e-01,
8968,1.20e-01,2.00e-01,
8969,1.20e-01,2.00e-01,
8970,1.20e-01,2.00e-01,
8971,1.20e-01,2.00e-01,
8972,1.20e-01,2.00e-01,
8973,1.28e-01,-2.00e-01,
8974,1.20e-01,-2.00e-01,
8975,1.20e-01,2.00e-01,
8976,1.20e-01,2.00e-01,
8977,1.28e-01,2.00e-01,
8978,1.20e-01,2.00e-01,
8979,1.20e-01,2.00e-01,
8980,1.20e-01,-2.00e-01,
8981,1.28e-01,-2.00e-01,
8982,1.20e-01,-2.00e-01,
8983,1.20e-01,2.00e-01,
8984,1.20e-01,-2.00e-01,
8985,1.28e-01,2.00e-01,
8986,1.20e-01,2.00e-01,
8987,1.20e-01,2.00e-01,
8988,1.20e-01,2.00e-01,
8989,1.28e-01,-2.00e-01,
8990,1.20e-01,2.00e-01,
8991,1.20e-01,2.00e-01,
8992,1.20e-01,-2.00e-01,
8993,1.28e-01,2.00e-01,
8994,1.28e-01,2.00e-01,
8995,1.20e-01,2.00e-01,
8996,1.20e-01,2.00e-01,
8997,1.28e-01,-2.00e-01,
8998,1.28e-01,2.00e-01,
8999,1.20e-01,2.00e-01,
9000,1.28e-01,-2.00e-01,
9001,1.28e-01,2.00e-01,
9002,1.28e-01,2.00e-01,
9003,1.28e-01,2.00e-01,
9004,1.28e-01,2.00e-01,
9005,1.28e-01,-2.00e-01,
9006,1.28e-01,2.00e-01,
9007,1.28e-01,2.00e-01,
9008,1.28e-01,2.00e-01,
9009,1.28e-01,2.00e-01,
9010,1.28e-01,2.00e-01,
9011,1.28e-01,2.00e-01,
9012,1.28e-01,2.00e-01,
9013,1.28e-01,-2.00e-01,
9014,1.28e-01,-2.00e-01,
9015,1.28e-01,2.00e-01,
9016,1.28e-01,-2.00e-01,
9017,1.28e-01,2.00e-01,
9018,1.28e-01,2.00e-01,
9019,1.28e-01,2.00e-01,
9020,1.28e-01,2.00e-01,
9021,1.28e-01,2.00e-01,
9022,1.28e-01,2.00e-01,
9023,1.28e-01,2.00e-01,
9024,1.28e-01,-2.00e-01,
9025,1.28e-01,2.00e-01,
9026,1.28e-01,2.00e-01,
9027,1.28e-01,2.00e-01,
9028,1.28e-01,2.00e-01,
9029,1.28e-01,-2.00e-01,
9030,1.28e-01,2.00e-01,
9031,1.28e-01,2.00e-01,
9032,1.28e-01,-2.00e-01,
9033,1.28e-01,2.00e-01,
9034,1.28e-01,2.00e-01,
9035,1.28e-01,2.00e-01,
9036,1.28e-01,2.00e-01,
9037,1.28e-01,-2.00e-01,
9038,1.28e-01,2.00e-01,
9039,1.28e-01,2.00e-01,
9040,1.28e-01,2.00e-01,
9041,1.36e-01,2.00e-01,
9042,1.28e-01,2.00e-01,
9043,1.28e-01,2.00e-01,
9044,1.28e-01,2.00e-01,
9045,1.36e-01,-2.00e-01,
9046,1.28e-01,2.00e-01,
9047,1.28e-01,2.00e-01,
9048,1.28e-01,2.00e-01,
9049,1.36e-01,2.00e-01,
9050,1.28e-01,2.00e-01,
9051,1.28e-01,2.00e-01,
9052,1.28e-01,2.00e-01,
9053,1.36e-01,-2.00e-01,
9054,1.28e-01,2.00e-01,
9055,1.28e-01,2.00e-01,
9056,1.28e-01,2.00e-01,
9057,1.36e-01,2.00e-01,
9058,1.28e-01,2.00e-01,
9059,1.28e-01,2.00e-01,
9060,1.36e-01,2.00e-01,
9061,1.36e-01,-2.00e-01,
9062,1.28e-01,2.00e-01,
9063,1.28e-01,2.00e-01,
9064,1.28e-01,-2.00e-01,
9065,1.36e-01,2.00e-01,
9066,1.28e-01,2.00e-01,
9067,1.36e-01,2.00e-01,
9068,1.36e-01,2.00e-01,
9069,1.36e-01,-2.00e-01,
9070,1.36e-01,2.00e-01,
9071,1.28e-01,2.00e-01,
9072,1.36e-01,-2.00e-01,
9073,1.36e-01,2.00e-01,
9074,1.36e-01,2.00e-01,
9075,1.36e-01,2.00e-01,
9076,1.36e-01,2.00e-01,
9077,1.36e-01,-2.00e-01,
9078,1.36e-01,2.00e-01,
9079,1.36e-01,2.00e-01,
9080,1.36e-01,-2.00e-01,
9081,1.36e-01,2.00e-01,
9082,1.36e-01,2.00e-01,
9083,1.36e-01,2.00e-01,
9084,1.36e-01,2.00e-01,
9085,1.36e-01,-2.00e-01,
9086,1.36e-01,2.00e-01,
9087,1.36e-01,2.00e-01,
9088,1.36e-01,2.00e-01,
9089,1.36e-01,-2.00e-01,
9090,1.36e-01,2.00e-01,
9091,1.36e-01,2.00e-01,
9092,1.36e-01,-2.00e-01,
9093,1.36e-01,-2.00e-01,
9094,1.36e-01,2.00e-01,
9095,1.36e-01,2.00e-01,
9096,1.36e-01,-2.00e-01,
9097,1.36e-01,-2.00e-01,
9098,1.36e-01,2.00e-01,
9099,1.36e-01,2.00e-01,
9100,1.36e-01,-2.00e-01,
9101,1.36e-01,2.00e-01,
9102,1.36e-01,2.00e-01,
9103,1.36e-01,2.00e-01,
9104,1.36e-01,2.00e-01,
9105,1.36e-01,2.00e-01,
9106,1.36e-01,2.00e-01,
9107,1.36e-01,2.00e-01,
9108,1.36e-01,2.00e-01,
9109,1.36e-01,-2.00e-01,
9110,1.36e-01,2.00e-01,
9111,1.36e-01,2.00e-01,
9112,1.36e-01,2.00e-01,
9113,1.52e-01,2.00e-01,
9114,1.36e-01,2.00e-01,
9115,1.36e-01,2.00e-01,
9116,1.36e-01,2.00e-01,
9117,1.52e-01,-2.00e-01,
9118,1.36e-01,2.00e-01,
9119,1.36e-01,2.00e-01,
9120,1.36e-01,-2.00e-01,
9121,1.52e-01,2.00e-01,
9122,1.36e-01,2.00e-01,
9123,1.36e-01,2.00e-01,
9124,1.36e-01,2.00e-01,
9125,1.52e-01,2.00e-01,
9126,1.36e-01,2.00e-01,
9127,1.52e-01,2.00e-01,
9128,1.52e-01,-2.00e-01,
9129,1.52e-01,2.00e-01,
9130,1.52e-01,-2.00e-01,
9131,1.52e-01,2.00e-01,
9132,1.36e-01,2.00e-01,
9133,1.52e-01,-2.00e-01,
9134,1.36e-01,2.00e-01,
9135,1.52e-01,2.00e-01,
9136,1.52e-01,2.00e-01,
9137,1.52e-01,2.00e-01,
9138,1.52e-01,2.00e-01,
9139,1.52e-01,2.00e-01,
9140,1.52e-01,2.00e-01,
9141,1.52e-01,2.00e-01,
9142,1.52e-01,2.00e-01,
9143,1.52e-01,2.00e-01,
9144,1.52e-01,2.00e-01,
9145,1.52e-01,2.00e-01,
9146,1.52e-01,2.00e-01,
9147,1.52e-01,2.00e-01,
9148,1.52e-01,2.00e-01,
9149,1.52e-01,-2.00e-01,
9150,1.52e-01,2.00e-01,
9151,1.52e-01,2.00e-01,
9152,1.52e-01,2.00e-01,
9153,1.52e-01,-2.00e-01,
9154,1.52e-01,2.00e-01,
9155,1.52e-01,2.00e-01,
9156,1.52e-01,2.00e-01,
9157,1.52e-01,-2.00e-01,
9158,1.52e-01,2.00e-01,
9159,1.52e-01,2.00e-01,
9160,1.52e-01,-2.00e-01,
9161,1.52e-01,2.00e-01,
9162,1.52e-01,2.00e-01,
9163,1.52e-01,2.00e-01,
9164,1.52e-01,2.00e-01,
9165,1.52e-01,-2.00e-01,
9166,1.52e-01,2.00e-01,
9167,1.52e-01,2.00e-01,
9168,1.52e-01,2.00e-01,
9169,1.52e-01,2.00e-01,
9170,1.52e-01,2.00e-01,
9171,1.52e-01,2.00e-01,
9172,1.52e-01,2.00e-01,
9173,1.52e-01,-2.00e-01,
9174,1.52e-01,2.00e-01,
9175,1.52e-01,2.00e-01,
9176,1.52e-01,2.00e-01,
9177,1.52e-01,2.00e-01,
9178,1.52e-01,2.00e-01,
9179,1.52e-01,2.00e-01,
9180,1.52e-01,2.00e-01,
9181,1.60e-01,2.00e-01,
9182,1.52e-01,2.00e-01,
9183,1.52e-01,2.00e-01,
9184,1.52e-01,2.00e-01,
9185,1.60e-01,2.00e-01,
9186,1.52e-01,2.00e-01,
9187,1.52e-01,2.00e-01,
9188,1.52e-01,2.00e-01,
9189,1.60e-01,-2.00e-01,
9190,1.52e-01,2.00e-01,
9191,1.52e-01,2.00e-01,
9192,1.52e-01,2.00e-01,
9193,1.60e-01,2.00e-01,
9194,1.52e-01,2.00e-01,
9195,1.52e-01,2.00e-01,
9196,1.52e-01,2.00e-01,
9197,1.60e-01,-2.00e-01,
9198,1.52e-01,2.00e-01,
9199,1.60e-01,2.00e-01,
9200,1.60e-01,2.00e-01,
9201,1.60e-01,2.00e-01,
9202,1.52e-01,2.00e-01,
9203,1.52e-01,2.00e-01,
9204,1.60e-01,2.00e-01,
9205,1.60e-01,2.00e-01,
9206,1.52e-01,2.00e-01,
9207,1.60e-01,2.00e-01,
9208,1.60e-01,2.00e-01,
9209,1.60e-01,2.00e-01,
9210,1.60e-01,2.00e-01,
9211,1.60e-01,2.00e-01,
9212,1.60e-01,2.00e-01,
9213,1.60e-01,-2.00e-01,
9214,1.60e-01,2.00e-01,
9215,1.60e-01,2.00e-01,
9216,1.60e-01,2.00e-01,
9217,1.60e-01,2.00e-01,
9218,1.60e-01,2.00e-01,
9219,1.60e-01,2.00e-01,
9220,1.60e-01,2.00e-01,
9221,1.60e-01,2.00e-01,
9222,1.60e-01,2.00e-01,
9223,1.60e-01,2.00e-01,
9224,1.60e-01,2.00e-01,
9225,1.60e-01,2.00e-01,
9226,1.60e-01,2.00e-01,
9227,1.60e-01,2.00e-01,
9228,1.60e-01,2.00e-01,
9229,1.60e-01,-2.00e-01,
9230,1.60e-01,2.00e-01,
9231,1.60e-01,2.00e-01,
9232,1.60e-01,2.00e-01,
9233,1.60e-01,2.00e-01,
9234,1.60e-01,2.00e-01,
9235,1.60e-01,2.00e-01,
9236,1.60e-01,2.00e-01,
9237,1.60e-01,-2.00e-01,
9238,1.60e-01,2.00e-01,
9239,1.60e-01,2.00e-01,
9240,1.60e-01,2.00e-01,
9241,1.60e-01,2.00e-01,
9242,1.60e-01,2.00e-01,
9243,1.60e-01,2.00e-01,
9244,1.60e-01,2.00e-01,
9245,1.68e-01,-2.00e-01,
9246,1.60e-01,2.00e-01,
9247,1.60e-01,2.00e-01,
9248,1.60e-01,2.00e-01,
9249,1.68e-01,2.00e-01,
9250,1.60e-01,2.00e-01,
9251,1.60e-01,2.00e-01,
9252,1.60e-01,2.00e-01,
9253,1.68e-01,-2.00e-01,
9254,1.60e-01,2.00e-01,
9255,1.60e-01,2.00e-01,
9256,1.60e-01,2.00e-01,
9257,1.68e-01,2.00e-01,
9258,1.60e-01,2.00e-01,
9259,1.60e-01,2.00e-01,
9260,1.60e-01,-2.00e-01,
9261,1.68e-01,2.00e-01,
9262,1.60e-01,2.00e-01,
9263,1.60e-01,2.00e-01,
9264,1.60e-01,2.00e-01,
9265,1.68e-01,2.00e-01,
9266,1.60e-01,2.00e-01,
9267,1.68e-01,2.00e-01,
9268,1.60e-01,2.00e-01,
9269,1.68e-01,-2.00e-01,
9270,1.68e-01,2.00e-01,
9271,1.68e-01,2.00e-01,
9272,1.68e-01,2.00e-01,
9273,1.68e-01,2.00e-01,
9274,1.60e-01,2.00e-01,
9275,1.68e-01,2.00e-01,
9276,1.68e-01,2.00e-01,
9277,1.68e-01,-2.00e-01,
9278,1.68e-01,2.00e-01,
9279,1.68e-01,2.00e-01,
9280,1.68e-01,2.00e-01,
9281,1.68e-01,2.00e-01,
9282,1.68e-01,2.00e-01,
9283,1.68e-01,2.00e-01,
9284,1.68e-01,2.00e-01,
9285,1.68e-01,2.00e-01,
9286,1.68e-01,2.00e-01,
9287,1.68e-01,2.00e-01,
9288,1.68e-01,2.00e-01,
9289,1.68e-01,2.00e-01,
9290,1.68e-01,2.00e-01,
9291,1.68e-01,2.00e-01,
9292,1.68e-01,2.00e-01,
9293,1.68e-01,-2.00e-01,
9294,1.68e-01,2.00e-01,
9295,1.68e-01,2.00e-01,
9296,1.68e-01,2.00e-01,
9297,1.68e-01,2.00e-01,
9298,1.68e-01,2.00e-01,
9299,1.68e-01,2.00e-01,
9300,1.68e-01,2.00e-01,
9301,1.68e-01,2.00e-01,
9302,1.68e-01,2.00e-01,
9303,1.68e-01,2.00e-01,
9304,1.68e-01,2.00e-01,
9305,1.68e-01,2.00e-01,
9306,1.68e-01,2.00e-01,
9307,1.68e-01,2.00e-01,
9308,1.68e-01,2.00e-01,
9309,1.76e-01,2.00e-01,
9310,1.68e-01,2.00e-01,
9311,1.68e-01,2.00e-01,
9312,1.68e-01,2.00e-01,
9313,1.76e-01,2.00e-01,
9314,1.68e-01,2.00e-01,
9315,1.68e-01,2.00e-01,
9316,1.68e-01,2.00e-01,
9317,1.68e-01,-2.00e-01,
9318,1.68e-01,2.00e-01,
9319,1.68e-01,2.00e-01,
9320,1.68e-01,-2.00e-01,
9321,1.76e-01,2.00e-01,
9322,1.68e-01,2.00e-01,
9323,1.68e-01,2.00e-01,
9324,1.68e-01,2.00e-01,
9325,1.76e-01,2.00e-01,
9326,1.68e-01,2.00e-01,
9327,1.76e-01,2.00e-01,
9328,1.68e-01,-2.00e-01,
9329,1.76e-01,2.00e-01,
9330,1.68e-01,-2.00e-01,
9331,1.68e-01,2.00e-01,
9332,1.68e-01,2.00e-01,
9333,1.76e-01,-2.00e-01,
9334,1.68e-01,2.00e-01,
9335,1.76e-01,2.00e-01,
9336,1.68e-01,2.00e-01,
9337,1.76e-01,2.00e-01,
9338,1.68e-01,2.00e-01,
9339,1.68e-01,2.00e-01,
9340,1.76e-01,2.00e-01,
9341,1.76e-01,2.00e-01,
9342,1.76e-01,2.00e-01,
9343,1.76e-01,2.00e-01,
9344,1.76e-01,2.00e-01,
9345,1.76e-01,2.00e-01,
9346,1.76e-01,2.00e-01,
9347,1.76e-01,2.00e-01,
9348,1.76e-01,2.00e-01,
9349,1.76e-01,2.00e-01,
9350,1.76e-01,2.00e-01,
9351,1.76e-01,2.00e-01,
9352,1.76e-01,2.00e-01,
9353,1.76e-01,2.00e-01,
9354,1.76e-01,2.00e-01,
9355,1.76e-01,2.00e-01,
9356,1.76e-01,2.00e-01,
9357,1.76e-01,2.00e-01,
9358,1.76e-01,2.00e-01,
9359,1.76e-01,2.00e-01,
9360,1.76e-01,2.00e-01,
9361,1.76e-01,2.00e-01,
9362,1.76e-01,2.00e-01,
9363,1.76e-01,2.00e-01,
9364,1.76e-01,2.00e-01,
9365,1.76e-01,2.00e-01,
9366,1.76e-01,2.00e-01,
9367,1.76e-01,2.00e-01,
9368,1.76e-01,2.00e-01,
9369,1.76e-01,2.00e-01,
9370,1.76e-01,2.00e-01,
9371,1.76e-01,2.00e-01,
9372,1.76e-01,2.00e-01,
9373,1.76e-01,2.00e-01,
9374,1.76e-01,2.00e-01,
9375,1.76e-01,2.00e-01,
9376,1.76e-01,2.00e-01,
9377,1.76e-01,2.00e-01,
9378,1.76e-01,2.00e-01,
9379,1.76e-01,2.00e-01,
9380,1.76e-01,2.00e-01,
9381,1.84e-01,2.00e-01,
9382,1.76e-01,2.00e-01,
9383,1.76e-01,2.00e-01,
9384,1.76e-01,2.00e-01,
9385,1.84e-01,2.00e-01,
9386,1.76e-01,2.00e-01,
9387,1.76e-01,2.00e-01,
9388,1.76e-01,2.00e-01,
9389,1.84e-01,2.00e-01,
9390,1.76e-01,2.00e-01,
9391,1.76e-01,2.00e-01,
9392,1.84e-01,2.00e-01,
9393,1.84e-01,2.00e-01,
9394,1.76e-01,2.00e-01,
9395,1.76e-01,2.00e-01,
9396,1.76e-01,2.00e-01,
9397,1.84e-01,2.00e-01,
9398,1.76e-01,2.00e-01,
9399,1.84e-01,2.00e-01,
9400,1.76e-01,2.00e-01,
9401,1.84e-01,2.00e-01,
9402,1.76e-01,2.00e-01,
9403,1.76e-01,2.00e-01,
9404,1.76e-01,2.00e-01,
9405,1.84e-01,2.00e-01,
9406,1.76e-01,2.00e-01,
9407,1.84e-01,2.00e-01,
9408,1.76e-01,2.00e-01,
9409,1.84e-01,2.00e-01,
9410,1.76e-01,2.00e-01,
9411,1.76e-01,2.00e-01,
9412,1.84e-01,2.00e-01,
9413,1.84e-01,2.00e-01,
9414,1.84e-01,2.00e-01,
9415,1.84e-01,2.00e-01,
9416,1.84e-01,2.00e-01,
9417,1.84e-01,2.00e-01,
9418,1.84e-01,2.00e-01,
9419,1.84e-01,2.00e-01,
9420,1.84e-01,2.00e-01,
9421,1.84e-01,2.00e-01,
9422,1.84e-01,2.00e-01,
9423,1.84e-01,2.00e-01,
9424,1.84e-01,2.00e-01,
9425,1.84e-01,2.00e-01,
9426,1.84e-01,2.00e-01,
9427,1.84e-01,2.00e-01,
9428,1.84e-01,2.00e-01,
9429,1.84e-01,2.00e-01,
9430,1.84e-01,2.00e-01,
9431,1.84e-01,2.00e-01,
9432,1.84e-01,2.00e-01,
9433,1.84e-01,2.00e-01,
9434,1.84e-01,2.00e-01,
9435,1.84e-01,2.00e-01,
9436,1.84e-01,2.00e-01,
9437,1.84e-01,-2.00e-01,
9438,1.84e-01,2.00e-01,
9439,1.84e-01,2.00e-01,
9440,1.84e-01,2.00e-01,
9441,1.84e-01,2.00e-01,
9442,1.84e-01,2.00e-01,
9443,1.84e-01,2.00e-01,
9444,1.84e-01,2.00e-01,
9445,1.84e-01,2.00e-01,
9446,1.84e-01,2.00e-01,
9447,1.84e-01,2.00e-01,
9448,1.84e-01,2.00e-01,
9449,1.84e-01,2.00e-01,
9450,1.84e-01,2.00e-01,
9451,1.84e-01,2.00e-01,
9452,1.84e-01,2.00e-01,
9453,1.84e-01,2.00e-01,
9454,1.84e-01,2.00e-01,
9455,1.84e-01,2.00e-01,
9456,1.84e-01,2.00e-01,
9457,1.92e-01,2.00e-01,
9458,1.84e-01,2.00e-01,
9459,1.84e-01,2.00e-01,
9460,1.84e-01,2.00e-01,
9461,1.92e-01,2.00e-01,
9462,1.84e-01,2.00e-01,
9463,1.84e-01,2.00e-01,
9464,1.84e-01,2.00e-01,
9465,1.92e-01,2.00e-01,
9466,1.84e-01,2.00e-01,
9467,1.92e-01,2.00e-01,
9468,1.84e-01,2.00e-01,
9469,1.92e-01,-2.00e-01,
9470,1.84e-01,2.00e-01,
9471,1.84e-01,2.00e-01,
9472,1.92e-01,2.00e-01,
9473,1.92e-01,2.00e-01,
9474,1.92e-01,2.00e-01,
9475,1.92e-01,2.00e-01,
9476,1.92e-01,2.00e-01,
9477,1.92e-01,2.00e-01,
9478,1.92e-01,2.00e-01,
9479,1.92e-01,2.00e-01,
9480,1.84e-01,2.00e-01,
9481,1.92e-01,2.00e-01,
9482,1.84e-01,2.00e-01,
9483,1.92e-01,2.00e-01,
9484,1.84e-01,2.00e-01,
9485,1.92e-01,2.00e-01,
9486,1.92e-01,2.00e-01,
9487,1.92e-01,2.00e-01,
9488,1.92e-01,2.00e-01,
9489,1.92e-01,2.00e-01,
9490,1.92e-01,2.00e-01,
9491,1.92e-01,2.00e-01,
9492,1.92e-01,2.00e-01,
9493,1.92e-01,2.00e-01,
9494,1.92e-01,2.00e-01,
9495,1.92e-01,2.00e-01,
9496,1.92e-01,2.00e-01,
9497,1.92e-01,2.00e-01,
9498,1.92e-01,2.00e-01,
9499,1.92e-01,2.00e-01,
9500,1.92e-01,2.00e-01,
9501,1.92e-01,2.00e-01,
9502,1.92e-01,2.00e-01,
9503,1.92e-01,2.00e-01,
9504,1.92e-01,2.00e-01,
9505,1.92e-01,2.00e-01,
9506,1.92e-01,2.00e-01,
9507,1.92e-01,2.00e-01,
9508,1.92e-01,2.00e-01,
9509,2.00e-01,2.00e-01,
9510,1.92e-01,2.00e-01,
9511,1.92e-01,2.00e-01,
9512,1.92e-01,-2.00e-01,
9513,1.92e-01,2.00e-01,
9514,1.92e-01,2.00e-01,
9515,1.92e-01,2.00e-01,
9516,1.92e-01,2.00e-01,
9517,2.00e-01,2.00e-01,
9518,1.92e-01,2.00e-01,
9519,1.92e-01,2.00e-01,
9520,1.92e-01,2.00e-01,
9521,1.92e-01,2.00e-01,
9522,1.92e-01,2.00e-01,
9523,1.92e-01,2.00e-01,
9524,1.92e-01,2.00e-01,
9525,2.00e-01,2.00e-01,
9526,1.92e-01,2.00e-01,
9527,1.92e-01,2.00e-01,
9528,1.92e-01,2.00e-01,
9529,1.92e-01,6.00e-01,
9530,2.00e-01,-2.00e-01,
9531,1.92e-01,2.00e-01,
9532,1.92e-01,2.00e-01,
9533,2.00e-01,-2.00e-01,
9534,1.92e-01,2.00e-01,
9535,2.00e-01,2.00e-01,
9536,1.92e-01,2.00e-01,
9537,2.00e-01,2.00e-01,
9538,1.92e-01,2.00e-01,
9539,1.92e-01,2.00e-01,
9540,1.92e-01,2.00e-01,
9541,2.00e-01,2.00e-01,
9542,1.92e-01,2.00e-01,
9543,2.00e-01,2.00e-01,
9544,1.92e-01,2.00e-01,
9545,2.00e-01,2.00e-01,
9546,1.92e-01,2.00e-01,
9547,2.00e-01,2.00e-01,
9548,2.00e-01,2.00e-01,
9549,2.00e-01,-2.00e-01,
9550,2.00e-01,2.00e-01,
9551,2.00e-01,2.00e-01,
9552,2.00e-01,2.00e-01,
9553,2.00e-01,2.00e-01,
9554,2.00e-01,2.00e-01,
9555,2.00e-01,2.00e-01,
9556,2.00e-01,2.00e-01,
9557,2.00e-01,2.00e-01,
9558,2.00e-01,2.00e-01,
9559,2.00e-01,2.00e-01,
9560,2.00e-01,2.00e-01,
9561,2.00e-01,2.00e-01,
9562,2.00e-01,2.00e-01,
9563,2.00e-01,2.00e-01,
9564,2.00e-01,2.00e-01,
9565,2.00e-01,2.00e-01,
9566,2.00e-01,2.00e-01,
9567,2.00e-01,2.00e-01,
9568,2.00e-01,2.00e-01,
9569,2.00e-01,2.00e-01,
9570,2.00e-01,2.00e-01,
9571,2.00e-01,2.00e-01,
9572,2.00e-01,2.00e-01,
9573,2.00e-01,2.00e-01,
9574,2.00e-01,2.00e-01,
9575,2.00e-01,2.00e-01,
9576,2.00e-01,2.00e-01,
9577,2.00e-01,2.00e-01,
9578,2.00e-01,2.00e-01,
9579,2.00e-01,2.00e-01,
9580,2.00e-01,2.00e-01,
9581,2.00e-01,2.00e-01,
9582,2.00e-01,2.00e-01,
9583,2.00e-01,2.00e-01,
9584,2.00e-01,2.00e-01,
9585,2.00e-01,2.00e-01,
9586,2.00e-01,2.00e-01,
9587,2.00e-01,2.00e-01,
9588,2.00e-01,2.00e-01,
9589,2.00e-01,2.00e-01,
9590,2.00e-01,2.00e-01,
9591,2.00e-01,2.00e-01,
9592,2.00e-01,2.00e-01,
9593,2.08e-01,2.00e-01,
9594,2.00e-01,2.00e-01,
9595,2.00e-01,2.00e-01,
9596,2.00e-01,2.00e-01,
9597,2.00e-01,2.00e-01,
9598,2.00e-01,2.00e-01,
9599,2.00e-01,2.00e-01,
9600,2.00e-01,2.00e-01,
9601,2.08e-01,2.00e-01,
9602,2.00e-01,2.00e-01,
9603,2.00e-01,2.00e-01,
9604,2.00e-01,2.00e-01,
9605,2.08e-01,2.00e-01,
9606,2.08e-01,2.00e-01,
9607,2.08e-01,2.00e-01,
9608,2.08e-01,2.00e-01,
9609,2.08e-01,2.00e-01,
9610,2.08e-01,2.00e-01,
9611,2.00e-01,2.00e-01,
9612,2.00e-01,2.00e-01,
9613,2.08e-01,2.00e-01,
9614,2.00e-01,2.00e-01,
9615,2.00e-01,2.00e-01,
9616,2.00e-01,2.00e-01,
9617,2.08e-01,2.00e-01,
9618,2.00e-01,2.00e-01,
9619,2.08e-01,2.00e-01,
9620,2.08e-01,2.00e-01,
9621,2.08e-01,2.00e-01,
9622,2.08e-01,2.00e-01,
9623,2.08e-01,2.00e-01,
9624,2.08e-01,2.00e-01,
9625,2.08e-01,2.00e-01,
9626,2.08e-01,2.00e-01,
9627,2.08e-01,2.00e-01,
9628,2.08e-01,2.00e-01,
9629,2.08e-01,2.00e-01,
9630,2.08e-01,2.00e-01,
9631,2.08e-01,2.00e-01,
9632,2.08e-01,2.00e-01,
9633,2.08e-01,2.00e-01,
9634,2.08e-01,2.00e-01,
9635,2.08e-01,2.00e-01,
9636,2.08e-01,2.00e-01,
9637,2.08e-01,2.00e-01,
9638,2.08e-01,2.00e-01,
9639,2.08e-01,2.00e-01,
9640,2.08e-01,2.00e-01,
9641,2.08e-01,2.00e-01,
9642,2.08e-01,2.00e-01,
9643,2.08e-01,2.00e-01,
9644,2.08e-01,2.00e-01,
9645,2.08e-01,2.00e-01,
9646,2.08e-01,2.00e-01,
9647,2.08e-01,2.00e-01,
9648,2.08e-01,2.00e-01,
9649,2.08e-01,2.00e-01,
9650,2.08e-01,2.00e-01,
9651,2.08e-01,2.00e-01,
9652,2.08e-01,2.00e-01,
9653,2.16e-01,2.00e-01,
9654,2.08e-01,2.00e-01,
9655,2.08e-01,6.00e-01,
9656,2.08e-01,2.00e-01,
9657,2.08e-01,2.00e-01,
9658,2.08e-01,2.00e-01,
9659,2.08e-01,2.00e-01,
9660,2.08e-01,2.00e-01,
9661,2.08e-01,2.00e-01,
9662,2.08e-01,2.00e-01,
9663,2.08e-01,2.00e-01,
9664,2.08e-01,2.00e-01,
9665,2.16e-01,2.00e-01,
9666,2.08e-01,2.00e-01,
9667,2.08e-01,2.00e-01,
9668,2.08e-01,2.00e-01,
9669,2.16e-01,2.00e-01,
9670,2.08e-01,2.00e-01,
9671,2.08e-01,2.00e-01,
9672,2.08e-01,2.00e-01,
9673,2.16e-01,2.00e-01,
9674,2.08e-01,2.00e-01,
9675,2.16e-01,2.00e-01,
9676,2.08e-01,2.00e-01,
9677,2.16e-01,2.00e-01,
9678,2.08e-01,2.00e-01,
9679,2.08e-01,2.00e-01,
9680,2.16e-01,2.00e-01,
9681,2.16e-01,2.00e-01,
9682,2.08e-01,2.00e-01,
9683,2.16e-01,2.00e-01,
9684,2.08e-01,2.00e-01,
9685,2.16e-01,2.00e-01,
9686,2.08e-01,2.00e-01,
9687,2.08e-01,2.00e-01,
9688,2.16e-01,2.00e-01,
9689,2.16e-01,2.00e-01,
9690,2.08e-01,2.00e-01,
9691,2.16e-01,2.00e-01,
9692,2.16e-01,2.00e-01,
9693,2.16e-01,2.00e-01,
9694,2.16e-01,2.00e-01,
9695,2.16e-01,2.00e-01,
9696,2.16e-01,2.00e-01,
9697,2.16e-01,2.00e-01,
9698,2.16e-01,2.00e-01,
9699,2.16e-01,2.00e-01,
9700,2.16e-01,2.00e-01,
9701,2.16e-01,2.00e-01,
9702,2.16e-01,2.00e-01,
9703,2.16e-01,2.00e-01,
9704,2.16e-01,2.00e-01,
9705,2.16e-01,2.00e-01,
9706,2.16e-01,2.00e-01,
9707,2.16e-01,2.00e-01,
9708,2.16e-01,2.00e-01,
9709,2.16e-01,2.00e-01,
9710,2.16e-01,2.00e-01,
9711,2.16e-01,2.00e-01,
9712,2.16e-01,2.00e-01,
9713,2.16e-01,2.00e-01,
9714,2.16e-01,2.00e-01,
9715,2.16e-01,2.00e-01,
9716,2.16e-01,2.00e-01,
9717,2.16e-01,2.00e-01,
9718,2.16e-01,2.00e-01,
9719,2.16e-01,2.00e-01,
9720,2.16e-01,2.00e-01,
9721,2.16e-01,2.00e-01,
9722,2.16e-01,2.00e-01,
9723,2.16e-01,6.00e-01,
9724,2.16e-01,2.00e-01,
9725,2.24e-01,2.00e-01,
9726,2.16e-01,2.00e-01,
9727,2.16e-01,2.00e-01,
9728,2.16e-01,2.00e-01,
9729,2.16e-01,6.00e-01,
9730,2.16e-01,-2.00e-01,
9731,2.16e-01,2.00e-01,
9732,2.16e-01,2.00e-01,
9733,2.24e-01,2.00e-01,
9734,2.16e-01,2.00e-01,
9735,2.16e-01,2.00e-01,
9736,2.16e-01,2.00e-01,
9737,2.16e-01,2.00e-01,
9738,2.16e-01,2.00e-01,
9739,2.16e-01,2.00e-01,
9740,2.16e-01,2.00e-01,
9741,2.24e-01,2.00e-01,
9742,2.16e-01,2.00e-01,
9743,2.16e-01,2.00e-01,
9744,2.16e-01,2.00e-01,
9745,2.24e-01,2.00e-01,
9746,2.16e-01,2.00e-01,
9747,2.24e-01,2.00e-01,
9748,2.16e-01,2.00e-01,
9749,2.24e-01,2.00e-01,
9750,2.16e-01,2.00e-01,
9751,2.16e-01,2.00e-01,
9752,2.24e-01,2.00e-01,
9753,2.24e-01,2.00e-01,
9754,2.16e-01,2.00e-01,
9755,2.24e-01,2.00e-01,
9756,2.24e-01,2.00e-01,
9757,2.24e-01,2.00e-01,
9758,2.24e-01,2.00e-01,
9759,2.24e-01,2.00e-01,
9760,2.24e-01,2.00e-01,
9761,2.24e-01,2.00e-01,
9762,2.24e-01,2.00e-01,
9763,2.24e-01,2.00e-01,
9764,2.24e-01,2.00e-01,
9765,2.24e-01,2.00e-01,
9766,2.24e-01,2.00e-01,
9767,2.24e-01,2.00e-01,
9768,2.24e-01,2.00e-01,
9769,2.24e-01,2.00e-01,
9770,2.24e-01,2.00e-01,
9771,2.24e-01,2.00e-01,
9772,2.24e-01,2.00e-01,
9773,2.24e-01,2.00e-01,
9774,2.24e-01,2.00e-01,
9775,2.24e-01,2.00e-01,
9776,2.24e-01,2.00e-01,
9777,2.24e-01,2.00e-01,
9778,2.24e-01,2.00e-01,
9779,2.24e-01,2.00e-01,
9780,2.24e-01,2.00e-01,
9781,2.24e-01,2.00e-01,
9782,2.24e-01,2.00e-01,
9783,2.24e-01,2.00e-01,
9784,2.24e-01,2.00e-01,
9785,2.24e-01,2.00e-01,
9786,2.24e-01,2.00e-01,
9787,2.24e-01,2.00e-01,
9788,2.24e-01,2.00e-01,
9789,2.32e-01,2.00e-01,
9790,2.24e-01,2.00e-01,
9791,2.24e-01,2.00e-01,
9792,2.24e-01,2.00e-01,
9793,2.24e-01,2.00e-01,
9794,2.24e-01,2.00e-01,
9795,2.24e-01,2.00e-01,
9796,2.24e-01,2.00e-01,
9797,2.32e-01,2.00e-01,
9798,2.24e-01,2.00e-01,
9799,2.24e-01,2.00e-01,
9800,2.24e-01,2.00e-01,
9801,2.32e-01,2.00e-01,
9802,2.24e-01,2.00e-01,
9803,2.24e-01,2.00e-01,
9804,2.24e-01,2.00e-01,
9805,2.32e-01,2.00e-01,
9806,2.24e-01,2.00e-01,
9807,2.24e-01,2.00e-01,
9808,2.24e-01,2.00e-01,
9809,2.32e-01,2.00e-01,
9810,2.24e-01,2.00e-01,
9811,2.24e-01,2.00e-01,
9812,2.24e-01,2.00e-01,
9813,2.32e-01,2.00e-01,
9814,2.24e-01,2.00e-01,
9815,2.24e-01,2.00e-01,
9816,2.24e-01,2.00e-01,
9817,2.32e-01,2.00e-01,
9818,2.24e-01,2.00e-01,
9819,2.24e-01,2.00e-01,
9820,2.24e-01,2.00e-01,
9821,2.32e-01,2.00e-01,
9822,2.24e-01,2.00e-01,
9823,2.24e-01,6.00e-01,
9824,2.32e-01,2.00e-01,
9825,2.32e-01,2.00e-01,
9826,2.24e-01,2.00e-01,
9827,2.24e-01,2.00e-01,
9828,2.24e-01,2.00e-01,
9829,2.32e-01,2.00e-01,
9830,2.24e-01,2.00e-01,
9831,2.32e-01,6.00e-01,
9832,2.24e-01,2.00e-01,
9833,2.32e-01,2.00e-01,
9834,2.24e-01,2.00e-01,
9835,2.32e-01,2.00e-01,
9836,2.24e-01,2.00e-01,
9837,2.32e-01,2.00e-01,
9838,2.32e-01,2.00e-01,
9839,2.32e-01,6.00e-01,
9840,2.32e-01,2.00e-01,
9841,2.32e-01,2.00e-01,
9842,2.32e-01,2.00e-01,
9843,2.32e-01,2.00e-01,
9844,2.32e-01,2.00e-01,
9845,2.32e-01,2.00e-01,
9846,2.32e-01,2.00e-01,
9847,2.32e-01,2.00e-01,
9848,2.32e-01,2.00e-01,
9849,2.32e-01,2.00e-01,
9850,2.32e-01,2.00e-01,
9851,2.32e-01,2.00e-01,
9852,2.32e-01,2.00e-01,
9853,2.32e-01,2.00e-01,
9854,2.32e-01,2.00e-01,
9855,2.32e-01,2.00e-01,
9856,2.32e-01,2.00e-01,
9857,2.32e-01,2.00e-01,
9858,2.32e-01,2.00e-01,
9859,2.32e-01,2.00e-01,
9860,2.32e-01,2.00e-01,
9861,2.32e-01,2.00e-01,
9862,2.32e-01,2.00e-01,
9863,2.32e-01,2.00e-01,
9864,2.32e-01,2.00e-01,
9865,2.32e-01,2.00e-01,
9866,2.32e-01,2.00e-01,
9867,2.32e-01,2.00e-01,
9868,2.32e-01,2.00e-01,
9869,2.40e-01,2.00e-01,
9870,2.32e-01,2.00e-01,
9871,2.32e-01,2.00e-01,
9872,2.32e-01,2.00e-01,
9873,2.32e-01,2.00e-01,
9874,2.32e-01,2.00e-01,
9875,2.32e-01,2.00e-01,
9876,2.32e-01,2.00e-01,
9877,2.40e-01,2.00e-01,
9878,2.32e-01,2.00e-01,
9879,2.32e-01,2.00e-01,
9880,2.32e-01,2.00e-01,
9881,2.40e-01,2.00e-01,
9882,2.32e-01,2.00e-01,
9883,2.32e-01,6.00e-01,
9884,2.32e-01,2.00e-01,
9885,2.40e-01,2.00e-01,
9886,2.32e-01,2.00e-01,
9887,2.32e-01,2.00e-01,
9888,2.32e-01,2.00e-01,
9889,2.40e-01,2.00e-01,
9890,2.32e-01,2.00e-01,
9891,2.32e-01,2.00e-01,
9892,2.32e-01,2.00e-01,
9893,2.40e-01,2.00e-01,
9894,2.32e-01,2.00e-01,
9895,2.40e-01,2.00e-01,
9896,2.32e-01,2.00e-01,
9897,2.40e-01,2.00e-01,
9898,2.32e-01,2.00e-01,
9899,2.40e-01,2.00e-01,
9900,2.32e-01,2.00e-01,
9901,2.40e-01,2.00e-01,
9902,2.32e-01,2.00e-01,
9903,2.40e-01,2.00e-01,
9904,2.40e-01,2.00e-01,
9905,2.40e-01,2.00e-01,
9906,2.32e-01,2.00e-01,
9907,2.40e-01,2.00e-01,
9908,2.40e-01,2.00e-01,
9909,2.40e-01,2.00e-01,
9910,2.40e-01,2.00e-01,
9911,2.40e-01,6.00e-01,
9912,2.40e-01,2.00e-01,
9913,2.40e-01,2.00e-01,
9914,2.40e-01,2.00e-01,
9915,2.40e-01,2.00e-01,
9916,2.40e-01,2.00e-01,
9917,2.40e-01,2.00e-01,
9918,2.40e-01,2.00e-01,
9919,2.40e-01,2.00e-01,
9920,2.40e-01,2.00e-01,
9921,2.40e-01,2.00e-01,
9922,2.40e-01,2.00e-01,
9923,2.40e-01,2.00e-01,
9924,2.40e-01,2.00e-01,
9925,2.40e-01,2.00e-01,
9926,2.40e-01,2.00e-01,
9927,2.40e-01,2.00e-01,
9928,2.40e-01,2.00e-01,
9929,2.40e-01,6.00e-01,
9930,2.40e-01,2.00e-01,
9931,2.40e-01,6.00e-01,
9932,2.40e-01,2.00e-01,
9933,2.48e-01,2.00e-01,
9934,2.40e-01,6.00e-01,
9935,2.40e-01,2.00e-01,
9936,2.40e-01,2.00e-01,
9937,2.40e-01,2.00e-01,
9938,2.40e-01,2.00e-01,
9939,2.40e-01,2.00e-01,
9940,2.40e-01,2.00e-01,
9941,2.48e-01,2.00e-01,
9942,2.40e-01,2.00e-01,
9943,2.40e-01,6.00e-01,
9944,2.40e-01,2.00e-01,
9945,2.48e-01,2.00e-01,
9946,2.40e-01,2.00e-01,
9947,2.40e-01,2.00e-01,
9948,2.40e-01,2.00e-01,
9949,2.48e-01,2.00e-01,
9950,2.40e-01,2.00e-01,
9951,2.40e-01,6.00e-01,
9952,2.40e-01,2.00e-01,
9953,2.48e-01,2.00e-01,
9954,2.40e-01,2.00e-01,
9955,2.40e-01,2.00e-01,
9956,2.40e-01,2.00e-01,
9957,2.48e-01,2.00e-01,
9958,2.40e-01,2.00e-01,
9959,2.40e-01,2.00e-01,
9960,2.40e-01,2.00e-01,
9961,2.48e-01,2.00e-01,
9962,2.40e-01,2.00e-01,
9963,2.40e-01,2.00e-01,
9964,2.40e-01,2.00e-01,
9965,2.48e-01,2.00e-01,
9966,2.40e-01,2.00e-01,
9967,2.48e-01,2.00e-01,
9968,2.40e-01,2.00e-01,
9969,2.48e-01,2.00e-01,
9970,2.40e-01,2.00e-01,
9971,2.48e-01,2.00e-01,
9972,2.48e-01,2.00e-01,
9973,2.48e-01,2.00e-01,
9974,2.48e-01,2.00e-01,
9975,2.48e-01,6.00e-01,
9976,2.48e-01,2.00e-01,
9977,2.48e-01,2.00e-01,
9978,2.48e-01,2.00e-01,
9979,2.48e-01,2.00e-01,
9980,2.48e-01,2.00e-01,
9981,2.48e-01,2.00e-01,
9982,2.48e-01,2.00e-01,
9983,2.48e-01,6.00e-01,
9984,2.48e-01,2.00e-01,
9985,2.48e-01,2.00e-01,
9986,2.48e-01,2.00e-01,
9987,2.48e-01,2.00e-01,
9988,2.48e-01,2.00e-01,
9989,2.48e-01,2.00e-01,
9990,2.48e-01,2.00e-01,
9991,2.48e-01,2.00e-01,
9992,2.48e-01,2.00e-01,
9993,2.48e-01,2.00e-01,
9994,2.48e-01,2.00e-01,
9995,2.48e-01,2.00e-01,
9996,2.48e-01,2.00e-01,
9997,2.48e-01,2.00e-01,
9998,2.48e-01,6.00e-01,
9999,2.48e-01,6.00e-01,
10000,2.48e-01,2.00e-01,
10001,2.48e-01,2.00e-01,
10002,2.48e-01,6.00e-01,
10003,2.48e-01,2.00e-01,
10004,2.48e-01,2.00e-01,
10005,2.48e-01,2.00e-01,
10006,2.48e-01,2.00e-01,
10007,2.48e-01,2.00e-01,
10008,2.48e-01,2.00e-01,
10009,2.56e-01,2.00e-01,
10010,2.48e-01,2.00e-01,
10011,2.48e-01,2.00e-01,
10012,2.48e-01,2.00e-01,
10013,2.56e-01,2.00e-01,
10014,2.48e-01,2.00e-01,
10015,2.48e-01,2.00e-01,
10016,2.48e-01,2.00e-01,
10017,2.56e-01,2.00e-01,
10018,2.48e-01,2.00e-01,
10019,2.56e-01,2.00e-01,
10020,2.48e-01,2.00e-01,
10021,2.56e-01,2.00e-01,
10022,2.48e-01,2.00e-01,
10023,2.48e-01,2.00e-01,
10024,2.48e-01,2.00e-01,
10025,2.56e-01,2.00e-01,
10026,2.48e-01,2.00e-01,
10027,2.48e-01,2.00e-01,
10028,2.48e-01,2.00e-01,
10029,2.56e-01,2.00e-01,
10030,2.48e-01,2.00e-01,
10031,2.56e-01,6.00e-01,
10032,2.48e-01,2.00e-01,
10033,2.56e-01,2.00e-01,
10034,2.48e-01,2.00e-01,
10035,2.56e-01,2.00e-01,
10036,2.48e-01,2.00e-01,
10037,2.56e-01,2.00e-01,
10038,2.48e-01,2.00e-01,
10039,2.56e-01,6.00e-01,
10040,2.56e-01,2.00e-01,
10041,2.56e-01,2.00e-01,
10042,2.56e-01,2.00e-01,
10043,2.56e-01,2.00e-01,
10044,2.48e-01,2.00e-01,
10045,2.56e-01,2.00e-01,
10046,2.48e-01,2.00e-01,
10047,2.56e-01,6.00e-01,
10048,2.56e-01,2.00e-01,
10049,2.56e-01,2.00e-01,
10050,2.48e-01,2.00e-01,
10051,2.56e-01,2.00e-01,
10052,2.56e-01,2.00e-01,
10053,2.56e-01,2.00e-01,
10054,2.56e-01,2.00e-01,
10055,2.56e-01,2.00e-01,
10056,2.56e-01,2.00e-01,
10057,2.56e-01,2.00e-01,
10058,2.56e-01,2.00e-01,
10059,2.56e-01,2.00e-01,
10060,2.56e-01,2.00e-01,
10061,2.56e-01,2.00e-01,
10062,2.56e-01,2.00e-01,
10063,2.56e-01,2.00e-01,
10064,2.56e-01,2.00e-01,
10065,2.56e-01,2.00e-01,
10066,2.56e-01,2.00e-01,
10067,2.56e-01,2.00e-01,
10068,2.56e-01,2.00e-01,
10069,2.56e-01,2.00e-01,
10070,2.56e-01,2.00e-01,
10071,2.56e-01,6.00e-01,
10072,2.56e-01,2.00e-01,
10073,2.56e-01,2.00e-01,
10074,2.56e-01,2.00e-01,
10075,2.56e-01,2.00e-01,
10076,2.56e-01,2.00e-01,
10077,2.64e-01,2.00e-01,
10078,2.56e-01,2.00e-01,
10079,2.56e-01,2.00e-01,
10080,2.56e-01,2.00e-01,
10081,2.56e-01,2.00e-01,
10082,2.56e-01,2.00e-01,
10083,2.56e-01,2.00e-01,
10084,2.56e-01,2.00e-01,
10085,2.56e-01,2.00e-01,
10086,2.56e-01,2.00e-01,
10087,2.56e-01,2.00e-01,
10088,2.56e-01,2.00e-01,
10089,2.64e-01,2.00e-01,
10090,2.56e-01,2.00e-01,
10091,2.56e-01,2.00e-01,
10092,2.56e-01,2.00e-01,
10093,2.64e-01,2.00e-01,
10094,2.56e-01,2.00e-01,
10095,2.56e-01,2.00e-01,
10096,2.56e-01,2.00e-01,
10097,2.64e-01,2.00e-01,
10098,2.56e-01,2.00e-01,
10099,2.56e-01,2.00e-01,
10100,2.56e-01,2.00e-01,
10101,2.64e-01,2.00e-01,
10102,2.56e-01,2.00e-01,
10103,2.64e-01,6.00e-01,
10104,2.56e-01,2.00e-01,
10105,2.64e-01,2.00e-01,
10106,2.56e-01,2.00e-01,
10107,2.64e-01,2.00e-01,
10108,2.56e-01,2.00e-01,
10109,2.64e-01,2.00e-01,
10110,2.56e-01,2.00e-01,
10111,2.64e-01,6.00e-01,
10112,2.56e-01,2.00e-01,
10113,2.64e-01,2.00e-01,
10114,2.56e-01,2.00e-01,
10115,2.64e-01,2.00e-01,
10116,2.64e-01,2.00e-01,
10117,2.64e-01,2.00e-01,
10118,2.64e-01,2.00e-01,
10119,2.64e-01,2.00e-01,
10120,2.64e-01,2.00e-01,
10121,2.64e-01,6.00e-01,
10122,2.64e-01,2.00e-01,
10123,2.64e-01,2.00e-01,
10124,2.64e-01,2.00e-01,
10125,2.64e-01,2.00e-01,
10126,2.64e-01,6.00e-01,
10127,2.64e-01,2.00e-01,
10128,2.64e-01,2.00e-01,
10129,2.64e-01,6.00e-01,
10130,2.64e-01,2.00e-01,
10131,2.64e-01,6.00e-01,
10132,2.64e-01,2.00e-01,
10133,2.72e-01,2.00e-01,
10134,2.64e-01,6.00e-01,
10135,2.64e-01,2.00e-01,
10136,2.64e-01,2.00e-01,
10137,2.64e-01,2.00e-01,
10138,2.64e-01,2.00e-01,
10139,2.64e-01,6.00e-01,
10140,2.64e-01,2.00e-01,
10141,2.64e-01,2.00e-01,
10142,2.64e-01,2.00e-01,
10143,2.64e-01,6.00e-01,
10144,2.64e-01,2.00e-01,
10145,2.64e-01,2.00e-01,
10146,2.64e-01,2.00e-01,
10147,2.64e-01,2.00e-01,
10148,2.64e-01,2.00e-01,
10149,2.64e-01,2.00e-01,
10150,2.64e-01,2.00e-01,
10151,2.64e-01,6.00e-01,
10152,2.64e-01,2.00e-01,
10153,2.64e-01,2.00e-01,
10154,2.64e-01,2.00e-01,
10155,2.64e-01,2.00e-01,
10156,2.64e-01,2.00e-01,
10157,2.72e-01,2.00e-01,
10158,2.64e-01,2.00e-01,
10159,2.64e-01,2.00e-01,
10160,2.64e-01,2.00e-01,
10161,2.72e-01,2.00e-01,
10162,2.64e-01,2.00e-01,
10163,2.64e-01,2.00e-01,
10164,2.64e-01,2.00e-01,
10165,2.72e-01,2.00e-01,
10166,2.64e-01,2.00e-01,
10167,2.64e-01,6.00e-01,
10168,2.64e-01,2.00e-01,
10169,2.72e-01,2.00e-01,
10170,2.64e-01,2.00e-01,
10171,2.64e-01,2.00e-01,
10172,2.64e-01,2.00e-01,
10173,2.72e-01,2.00e-01,
10174,2.64e-01,2.00e-01,
10175,2.64e-01,2.00e-01,
10176,2.64e-01,2.00e-01,
10177,2.72e-01,2.00e-01,
10178,2.64e-01,6.00e-01,
10179,2.72e-01,2.00e-01,
10180,2.64e-01,2.00e-01,
10181,2.72e-01,2.00e-01,
10182,2.64e-01,2.00e-01,
10183,2.72e-01,6.00e-01,
10184,2.64e-01,2.00e-01,
10185,2.72e-01,2.00e-01,
10186,2.64e-01,2.00e-01,
10187,2.72e-01,6.00e-01,
10188,2.72e-01,2.00e-01,
10189,2.72e-01,2.00e-01,
10190,2.64e-01,2.00e-01,
10191,2.72e-01,6.00e-01,
10192,2.72e-01,2.00e-01,
10193,2.72e-01,2.00e-01,
10194,2.64e-01,2.00e-01,
10195,2.72e-01,2.00e-01,
10196,2.72e-01,2.00e-01,
10197,2.72e-01,2.00e-01,
10198,2.72e-01,2.00e-01,
10199,2.72e-01,6.00e-01,
10200,2.72e-01,2.00e-01,
10201,2.72e-01,2.00e-01,
10202,2.64e-01,2.00e-01,
10203,2.72e-01,6.00e-01,
10204,2.72e-01,2.00e-01,
10205,2.72e-01,2.00e-01,
10206,2.72e-01,2.00e-01,
10207,2.72e-01,2.00e-01,
10208,2.72e-01,2.00e-01,
10209,2.72e-01,2.00e-01,
10210,2.72e-01,2.00e-01,
10211,2.72e-01,2.00e-01,
10212,2.72e-01,2.00e-01,
10213,2.80e-01,2.00e-01,
10214,2.72e-01,2.00e-01,
10215,2.72e-01,2.00e-01,
10216,2.72e-01,2.00e-01,
10217,2.72e-01,2.00e-01,
10218,2.72e-01,2.00e-01,
10219,2.72e-01,2.00e-01,
10220,2.72e-01,2.00e-01,
10221,2.72e-01,2.00e-01,
10222,2.72e-01,2.00e-01,
10223,2.72e-01,6.00e-01,
10224,2.72e-01,2.00e-01,
10225,2.80e-01,2.00e-01,
10226,2.72e-01,2.00e-01,
10227,2.72e-01,2.00e-01,
10228,2.72e-01,6.00e-01,
10229,2.80e-01,2.00e-01,
10230,2.72e-01,2.00e-01,
10231,2.72e-01,6.00e-01,
10232,2.72e-01,2.00e-01,
10233,2.80e-01,2.00e-01,
10234,2.72e-01,2.00e-01,
10235,2.72e-01,2.00e-01,
10236,2.72e-01,2.00e-01,
10237,2.80e-01,2.00e-01,
10238,2.72e-01,6.00e-01,
10239,2.72e-01,6.00e-01,
10240,2.72e-01,2.00e-01,
10241,2.80e-01,2.00e-01,
10242,2.72e-01,2.00e-01,
10243,2.72e-01,6.00e-01,
10244,2.72e-01,2.00e-01,
10245,2.80e-01,2.00e-01,
10246,2.72e-01,2.00e-01,
10247,2.80e-01,6.00e-01,
10248,2.72e-01,2.00e-01,
10249,2.80e-01,2.00e-01,
10250,2.72e-01,2.00e-01,
10251,2.80e-01,6.00e-01,
10252,2.72e-01,2.00e-01,
10253,2.80e-01,2.00e-01,
10254,2.72e-01,2.00e-01,
10255,2.80e-01,6.00e-01,
10256,2.72e-01,2.00e-01,
10257,2.80e-01,2.00e-01,
10258,2.72e-01,2.00e-01,
10259,2.80e-01,2.00e-01,
10260,2.80e-01,2.00e-01,
10261,2.80e-01,2.00e-01,
10262,2.72e-01,6.00e-01,
10263,2.80e-01,6.00e-01,
10264,2.80e-01,2.00e-01,
10265,2.80e-01,2.00e-01,
10266,2.72e-01,6.00e-01,
10267,2.80e-01,2.00e-01,
10268,2.72e-01,2.00e-01,
10269,2.80e-01,2.00e-01,
10270,2.80e-01,2.00e-01,
10271,2.80e-01,6.00e-01,
10272,2.80e-01,2.00e-01,
10273,2.80e-01,6.00e-01,
10274,2.72e-01,2.00e-01,
10275,2.80e-01,6.00e-01,
10276,2.72e-01,6.00e-01,
10277,2.80e-01,2.00e-01,
10278,2.80e-01,2.00e-01,
10279,2.80e-01,2.00e-01,
10280,2.80e-01,2.00e-01,
10281,2.80e-01,2.00e-01,
10282,2.80e-01,2.00e-01,
10283,2.80e-01,6.00e-01,
10284,2.80e-01,2.00e-01,
10285,2.80e-01,2.00e-01,
10286,2.80e-01,2.00e-01,
10287,2.80e-01,2.00e-01,
10288,2.80e-01,2.00e-01,
10289,2.80e-01,2.00e-01,
10290,2.80e-01,6.00e-01,
10291,2.80e-01,2.00e-01,
10292,2.80e-01,2.00e-01,
10293,2.80e-01,2.00e-01,
10294,2.80e-01,2.00e-01,
10295,2.80e-01,6.00e-01,
10296,2.80e-01,2.00e-01,
10297,2.88e-01,2.00e-01,
10298,2.80e-01,6.00e-01,
10299,2.80e-01,2.00e-01,
10300,2.80e-01,2.00e-01,
10301,2.88e-01,2.00e-01,
10302,2.80e-01,2.00e-01,
10303,2.80e-01,6.00e-01,
10304,2.80e-01,2.00e-01,
10305,2.88e-01,2.00e-01,
10306,2.80e-01,2.00e-01,
10307,2.80e-01,6.00e-01,
10308,2.80e-01,6.00e-01,
10309,2.88e-01,2.00e-01,
10310,2.80e-01,6.00e-01,
10311,2.80e-01,6.00e-01,
10312,2.80e-01,2.00e-01,
10313,2.88e-01,6.00e-01,
10314,2.80e-01,6.00e-01,
10315,2.80e-01,2.00e-01,
10316,2.80e-01,2.00e-01,
10317,2.88e-01,2.00e-01,
10318,2.80e-01,2.00e-01,
10319,2.88e-01,6.00e-01,
10320,2.80e-01,2.00e-01,
10321,2.88e-01,6.00e-01,
10322,2.80e-01,2.00e-01,
10323,2.80e-01,2.00e-01,
10324,2.80e-01,2.00e-01,
10325,2.88e-01,2.00e-01,
10326,2.80e-01,6.00e-01,
10327,2.88e-01,2.00e-01,
10328,2.80e-01,2.00e-01,
10329,2.88e-01,6.00e-01,
10330,2.88e-01,2.00e-01,
10331,2.80e-01,6.00e-01,
10332,2.80e-01,2.00e-01,
10333,2.88e-01,2.00e-01,
10334,2.80e-01,6.00e-01,
10335,2.88e-01,6.00e-01,
10336,2.80e-01,2.00e-01,
10337,2.88e-01,2.00e-01,
10338,2.80e-01,6.00e-01,
10339,2.88e-01,2.00e-01,
10340,2.88e-01,2.00e-01,
10341,2.88e-01,2.00e-01,
10342,2.88e-01,6.00e-01,
10343,2.88e-01,6.00e-01,
10344,2.88e-01,2.00e-01,
10345,2.88e-01,2.00e-01,
10346,2.88e-01,6.00e-01,
10347,2.88e-01,2.00e-01,
10348,2.88e-01,2.00e-01,
10349,2.88e-01,2.00e-01,
10350,2.88e-01,2.00e-01,
10351,2.88e-01,6.00e-01,
10352,2.88e-01,2.00e-01,
10353,2.88e-01,2.00e-01,
10354,2.88e-01,6.00e-01,
10355,2.88e-01,6.00e-01,
10356,2.88e-01,2.00e-01,
10357,2.88e-01,2.00e-01,
10358,2.88e-01,6.00e-01,
10359,2.88e-01,6.00e-01,
10360,2.88e-01,2.00e-01,
10361,2.88e-01,2.00e-01,
10362,2.88e-01,2.00e-01,
10363,2.88e-01,6.00e-01,
10364,2.88e-01,2.00e-01,
10365,2.88e-01,2.00e-01,
10366,2.88e-01,2.00e-01,
10367,2.88e-01,6.00e-01,
10368,2.88e-01,2.00e-01,
10369,2.96e-01,2.00e-01,
10370,2.88e-01,2.00e-01,
10371,2.88e-01,6.00e-01,
10372,2.88e-01,2.00e-01,
10373,2.96e-01,2.00e-01,
10374,2.88e-01,2.00e-01,
10375,2.88e-01,6.00e-01,
10376,2.88e-01,2.00e-01,
10377,2.96e-01,2.00e-01,
10378,2.88e-01,6.00e-01,
10379,2.88e-01,2.00e-01,
10380,2.88e-01,2.00e-01,
10381,2.96e-01,2.00e-01,
10382,2.88e-01,2.00e-01,
10383,2.88e-01,6.00e-01,
10384,2.88e-01,2.00e-01,
10385,2.96e-01,2.00e-01,
10386,2.88e-01,6.00e-01,
10387,2.88e-01,6.00e-01,
10388,2.88e-01,2.00e-01,
10389,2.96e-01,2.00e-01,
10390,2.88e-01,6.00e-01,
10391,2.88e-01,6.00e-01,
10392,2.88e-01,2.00e-01,
10393,2.96e-01,2.00e-01,
10394,2.88e-01,2.00e-01,
10395,2.96e-01,6.00e-01,
10396,2.88e-01,2.00e-01,
10397,2.96e-01,2.00e-01,
10398,2.88e-01,6.00e-01,
10399,2.96e-01,6.00e-01,
10400,2.88e-01,2.00e-01,
10401,2.96e-01,2.00e-01,
10402,2.88e-01,2.00e-01,
10403,2.96e-01,6.00e-01,
10404,2.88e-01,2.00e-01,
10405,2.96e-01,2.00e-01,
10406,2.88e-01,6.00e-01,
10407,2.96e-01,6.00e-01,
10408,2.96e-01,2.00e-01,
10409,2.96e-01,2.00e-01,
10410,2.88e-01,2.00e-01,
10411,2.96e-01,6.00e-01,
10412,2.96e-01,2.00e-01,
10413,2.96e-01,2.00e-01,
10414,2.96e-01,6.00e-01,
10415,2.96e-01,6.00e-01,
10416,2.96e-01,2.00e-01,
10417,2.96e-01,2.00e-01,
10418,2.96e-01,6.00e-01,
10419,2.96e-01,6.00e-01,
10420,2.96e-01,2.00e-01,
10421,2.96e-01,2.00e-01,
10422,2.96e-01,6.00e-01,
10423,2.96e-01,6.00e-01,
10424,2.96e-01,2.00e-01,
10425,2.96e-01,2.00e-01,
10426,2.96e-01,6.00e-01,
10427,2.96e-01,6.00e-01,
10428,2.96e-01,6.00e-01,
10429,2.96e-01,2.00e-01,
10430,2.96e-01,6.00e-01,
10431,2.96e-01,6.00e-01,
10432,2.96e-01,2.00e-01,
10433,2.96e-01,6.00e-01,
10434,2.96e-01,2.00e-01,
10435,2.96e-01,6.00e-01,
10436,2.96e-01,6.00e-01,
10437,3.04e-01,2.00e-01,
10438,2.96e-01,6.00e-01,
10439,2.96e-01,6.00e-01,
10440,2.96e-01,2.00e-01,
10441,3.04e-01,2.00e-01,
10442,2.96e-01,2.00e-01,
10443,2.96e-01,6.00e-01,
10444,2.96e-01,2.00e-01,
10445,3.04e-01,2.00e-01,
10446,2.96e-01,6.00e-01,
10447,2.96e-01,6.00e-01,
10448,2.96e-01,2.00e-01,
10449,3.04e-01,2.00e-01,
10450,2.96e-01,6.00e-01,
10451,2.96e-01,6.00e-01,
10452,2.96e-01,2.00e-01,
10453,3.04e-01,2.00e-01,
10454,2.96e-01,6.00e-01,
10455,2.96e-01,6.00e-01,
10456,2.96e-01,2.00e-01,
10457,3.04e-01,2.00e-01,
10458,2.96e-01,6.00e-01,
10459,3.04e-01,6.00e-01,
10460,2.96e-01,2.00e-01,
10461,3.04e-01,6.00e-01,
10462,2.96e-01,2.00e-01,
10463,3.04e-01,6.00e-01,
10464,2.96e-01,2.00e-01,
10465,3.04e-01,2.00e-01,
10466,2.96e-01,6.00e-01,
10467,3.04e-01,2.00e-01,
10468,2.96e-01,6.00e-01,
10469,3.04e-01,2.00e-01,
10470,2.96e-01,2.00e-01,
10471,3.04e-01,6.00e-01,
10472,2.96e-01,2.00e-01,
10473,3.04e-01,6.00e-01,
10474,2.96e-01,2.00e-01,
10475,2.96e-01,6.00e-01,
10476,2.96e-01,6.00e-01,
10477,3.04e-01,2.00e-01,
10478,2.96e-01,6.00e-01,
10479,3.04e-01,6.00e-01,
10480,3.04e-01,2.00e-01,
10481,3.04e-01,2.00e-01,
10482,3.04e-01,6.00e-01,
10483,3.04e-01,6.00e-01,
10484,3.04e-01,2.00e-01,
10485,3.04e-01,2.00e-01,
10486,3.04e-01,6.00e-01,
10487,3.04e-01,2.00e-01,
10488,3.04e-01,2.00e-01,
10489,3.04e-01,2.00e-01,
10490,3.04e-01,6.00e-01,
10491,3.04e-01,6.00e-01,
10492,3.04e-01,2.00e-01,
10493,3.04e-01,2.00e-01,
10494,3.04e-01,6.00e-01,
10495,3.04e-01,2.00e-01,
10496,3.04e-01,2.00e-01,
10497,3.04e-01,2.00e-01,
10498,3.04e-01,6.00e-01,
10499,3.04e-01,6.00e-01,
10500,3.04e-01,2.00e-01,
10501,3.04e-01,2.00e-01,
10502,3.04e-01,2.00e-01,
10503,3.04e-01,6.00e-01,
10504,3.04e-01,2.00e-01,
10505,3.04e-01,6.00e-01,
10506,3.04e-01,6.00e-01,
10507,3.04e-01,2.00e-01,
10508,3.04e-01,6.00e-01,
10509,3.12e-01,2.00e-01,
10510,3.04e-01,6.00e-01,
10511,3.04e-01,6.00e-01,
10512,3.04e-01,2.00e-01,
10513,3.12e-01,6.00e-01,
10514,3.04e-01,6.00e-01,
10515,3.04e-01,6.00e-01,
10516,3.04e-01,6.00e-01,
10517,3.12e-01,2.00e-01,
10518,3.04e-01,6.00e-01,
10519,3.04e-01,6.00e-01,
10520,3.04e-01,2.00e-01,
10521,3.12e-01,6.00e-01,
10522,3.04e-01,2.00e-01,
10523,3.04e-01,6.00e-01,
10524,3.04e-01,2.00e-01,
10525,3.12e-01,2.00e-01,
10526,3.04e-01,6.00e-01,
10527,3.04e-01,2.00e-01,
10528,3.04e-01,2.00e-01,
10529,3.04e-01,6.00e-01,
10530,3.12e-01,2.00e-01,
10531,3.04e-01,6.00e-01,
10532,3.04e-01,6.00e-01,
10533,3.12e-01,2.00e-01,
10534,3.04e-01,6.00e-01,
10535,3.12e-01,6.00e-01,
10536,3.04e-01,2.00e-01,
10537,3.12e-01,2.00e-01,
10538,3.04e-01,2.00e-01,
10539,3.12e-01,6.00e-01,
10540,3.04e-01,2.00e-01,
10541,3.12e-01,2.00e-01,
10542,3.04e-01,2.00e-01,
10543,3.12e-01,6.00e-01,
10544,3.12e-01,2.00e-01,
10545,3.12e-01,6.00e-01,
10546,3.04e-01,6.00e-01,
10547,3.12e-01,6.00e-01,
10548,3.04e-01,6.00e-01,
10549,3.12e-01,2.00e-01,
10550,3.12e-01,6.00e-01,
10551,3.12e-01,6.00e-01,
10552,3.12e-01,2.00e-01,
10553,3.12e-01,2.00e-01,
10554,3.04e-01,6.00e-01,
10555,3.12e-01,6.00e-01,
10556,3.12e-01,6.00e-01,
10557,3.12e-01,2.00e-01,
10558,3.12e-01,6.00e-01,
10559,3.12e-01,6.00e-01,
10560,3.12e-01,2.00e-01,
10561,3.12e-01,2.00e-01,
10562,3.12e-01,6.00e-01,
10563,3.12e-01,2.00e-01,
10564,3.12e-01,2.00e-01,
10565,3.12e-01,2.00e-01,
10566,3.12e-01,6.00e-01,
10567,3.12e-01,6.00e-01,
10568,3.12e-01,2.00e-01,
10569,3.12e-01,2.00e-01,
10570,3.12e-01,6.00e-01,
10571,3.12e-01,6.00e-01,
10572,3.12e-01,2.00e-01,
10573,3.12e-01,2.00e-01,
10574,3.12e-01,2.00e-01,
10575,3.12e-01,6.00e-01,
10576,3.12e-01,2.00e-01,
10577,3.12e-01,6.00e-01,
10578,3.12e-01,6.00e-01,
10579,3.12e-01,6.00e-01,
10580,3.12e-01,2.00e-01,
10581,3.20e-01,2.00e-01,
10582,3.12e-01,6.00e-01,
10583,3.12e-01,6.00e-01,
10584,3.12e-01,2.00e-01,
10585,3.20e-01,2.00e-01,
10586,3.12e-01,6.00e-01,
10587,3.12e-01,2.00e-01,
10588,3.12e-01,2.00e-01,
10589,3.20e-01,2.00e-01,
10590,3.12e-01,6.00e-01,
10591,3.12e-01,6.00e-01,
10592,3.12e-01,2.00e-01,
10593,3.20e-01,6.00e-01,
10594,3.12e-01,6.00e-01,
10595,3.12e-01,6.00e-01,
10596,3.12e-01,6.00e-01,
10597,3.20e-01,2.00e-01,
10598,3.12e-01,6.00e-01,
10599,3.12e-01,6.00e-01,
10600,3.12e-01,2.00e-01,
10601,3.20e-01,2.00e-01,
10602,3.12e-01,2.00e-01,
10603,3.12e-01,6.00e-01,
10604,3.12e-01,6.00e-01,
10605,3.20e-01,2.00e-01,
10606,3.12e-01,6.00e-01,
10607,3.20e-01,6.00e-01,
10608,3.12e-01,6.00e-01,
10609,3.20e-01,2.00e-01,
10610,3.12e-01,6.00e-01,
10611,3.20e-01,6.00e-01,
10612,3.12e-01,2.00e-01,
10613,3.20e-01,2.00e-01,
10614,3.12e-01,2.00e-01,
10615,3.20e-01,6.00e-01,
10616,3.12e-01,2.00e-01,
10617,3.20e-01,2.00e-01,
10618,3.12e-01,6.00e-01,
10619,3.20e-01,6.00e-01,
10620,3.12e-01,2.00e-01,
10621,3.20e-01,2.00e-01,
10622,3.20e-01,2.00e-01,
10623,3.20e-01,6.00e-01,
10624,3.20e-01,2.00e-01,
10625,3.20e-01,2.00e-01,
10626,3.12e-01,6.00e-01,
10627,3.20e-01,6.00e-01,
10628,3.12e-01,6.00e-01,
10629,3.20e-01,2.00e-01,
10630,3.20e-01,6.00e-01,
10631,3.20e-01,6.00e-01,
10632,3.20e-01,2.00e-01,
10633,3.20e-01,6.00e-01,
10634,3.20e-01,6.00e-01,
10635,3.20e-01,2.00e-01,
10636,3.20e-01,6.00e-01,
10637,3.20e-01,2.00e-01,
10638,3.20e-01,6.00e-01,
10639,3.20e-01,6.00e-01,
10640,3.20e-01,2.00e-01,
10641,3.20e-01,6.00e-01,
10642,3.20e-01,6.00e-01,
10643,3.20e-01,6.00e-01,
10644,3.20e-01,6.00e-01,
10645,3.20e-01,2.00e-01,
10646,3.20e-01,6.00e-01,
10647,3.20e-01,6.00e-01,
10648,3.20e-01,2.00e-01,
10649,3.20e-01,6.00e-01,
10650,3.20e-01,6.00e-01,
10651,3.20e-01,6.00e-01,
10652,3.20e-01,6.00e-01,
10653,3.20e-01,2.00e-01,
10654,3.20e-01,6.00e-01,
10655,3.20e-01,6.00e-01,
10656,3.20e-01,2.00e-01,
10657,3.28e-01,2.00e-01,
10658,3.20e-01,6.00e-01,
10659,3.20e-01,6.00e-01,
10660,3.20e-01,6.00e-01,
10661,3.28e-01,2.00e-01,
10662,3.20e-01,6.00e-01,
10663,3.20e-01,6.00e-01,
10664,3.20e-01,2.00e-01,
10665,3.28e-01,6.00e-01,
10666,3.20e-01,6.00e-01,
10667,3.20e-01,2.00e-01,
10668,3.20e-01,6.00e-01,
10669,3.28e-01,2.00e-01,
10670,3.20e-01,6.00e-01,
10671,3.20e-01,6.00e-01,
10672,3.20e-01,2.00e-01,
10673,3.28e-01,6.00e-01,
10674,3.20e-01,6.00e-01,
10675,3.20e-01,6.00e-01,
10676,3.20e-01,6.00e-01,
10677,3.28e-01,2.00e-01,
10678,3.20e-01,6.00e-01,
10679,3.20e-01,6.00e-01,
10680,3.20e-01,2.00e-01,
10681,3.28e-01,6.00e-01,
10682,3.20e-01,6.00e-01,
10683,3.28e-01,6.00e-01,
10684,3.20e-01,2.00e-01,
10685,3.28e-01,2.00e-01,
10686,3.20e-01,6.00e-01,
10687,3.28e-01,6.00e-01,
10688,3.20e-01,6.00e-01,
10689,3.28e-01,2.00e-01,
10690,3.20e-01,6.00e-01,
10691,3.28e-01,6.00e-01,
10692,3.20e-01,6.00e-01,
10693,3.28e-01,6.00e-01,
10694,3.20e-01,6.00e-01,
10695,3.20e-01,6.00e-01,
10696,3.20e-01,6.00e-01,
10697,3.28e-01,2.00e-01,
10698,3.20e-01,6.00e-01,
10699,3.28e-01,2.00e-01,
10700,3.28e-01,2.00e-01,
10701,3.28e-01,2.00e-01,
10702,3.28e-01,6.00e-01,
10703,3.28e-01,6.00e-01,
10704,3.28e-01,2.00e-01,
10705,3.28e-01,6.00e-01,
10706,3.28e-01,6.00e-01,
10707,3.28e-01,6.00e-01,
10708,3.28e-01,6.00e-01,
10709,3.28e-01,2.00e-01,
10710,3.28e-01,6.00e-01,
10711,3.28e-01,6.00e-01,
10712,3.28e-01,2.00e-01,
10713,3.28e-01,6.00e-01,
10714,3.28e-01,6.00e-01,
10715,3.28e-01,6.00e-01,
10716,3.28e-01,6.00e-01,
10717,3.28e-01,2.00e-01,
10718,3.28e-01,6.00e-01,
10719,3.28e-01,6.00e-01,
10720,3.28e-01,2.00e-01,
10721,3.28e-01,6.00e-01,
10722,3.28e-01,2.00e-01,
10723,3.28e-01,6.00e-01,
10724,3.28e-01,2.00e-01,
10725,3.36e-01,2.00e-01,
10726,3.28e-01,6.00e-01,
10727,3.28e-01,6.00e-01,
10728,3.28e-01,2.00e-01,
10729,3.28e-01,6.00e-01,
10730,3.28e-01,2.00e-01,
10731,3.28e-01,6.00e-01,
10732,3.28e-01,6.00e-01,
10733,3.36e-01,2.00e-01,
10734,3.28e-01,6.00e-01,
10735,3.28e-01,6.00e-01,
10736,3.28e-01,6.00e-01,
10737,3.36e-01,6.00e-01,
10738,3.28e-01,6.00e-01,
10739,3.28e-01,6.00e-01,
10740,3.28e-01,6.00e-01,
10741,3.36e-01,6.00e-01,
10742,3.28e-01,6.00e-01,
10743,3.28e-01,6.00e-01,
10744,3.28e-01,2.00e-01,
10745,3.36e-01,6.00e-01,
10746,3.28e-01,6.00e-01,
10747,3.36e-01,6.00e-01,
10748,3.28e-01,6.00e-01,
10749,3.36e-01,6.00e-01,
10750,3.28e-01,6.00e-01,
10751,3.28e-01,6.00e-01,
10752,3.28e-01,2.00e-01,
10753,3.36e-01,6.00e-01,
10754,3.28e-01,6.00e-01,
10755,3.28e-01,6.00e-01,
10756,3.28e-01,6.00e-01,
10757,3.36e-01,2.00e-01,
10758,3.28e-01,6.00e-01,
10759,3.28e-01,6.00e-01,
10760,3.28e-01,2.00e-01,
10761,3.36e-01,6.00e-01,
10762,3.28e-01,6.00e-01,
10763,3.36e-01,6.00e-01,
10764,3.28e-01,6.00e-01,
10765,3.36e-01,2.00e-01,
10766,3.28e-01,6.00e-01,
10767,3.36e-01,6.00e-01,
10768,3.28e-01,6.00e-01,
10769,3.36e-01,2.00e-01,
10770,3.28e-01,6.00e-01,
10771,3.36e-01,6.00e-01,
10772,3.28e-01,6.00e-01,
10773,3.36e-01,2.00e-01,
10774,3.28e-01,6.00e-01,
10775,3.36e-01,6.00e-01,
10776,3.28e-01,2.00e-01,
10777,3.36e-01,6.00e-01,
10778,3.36e-01,6.00e-01,
10779,3.36e-01,6.00e-01,
10780,3.36e-01,6.00e-01,
10781,3.36e-01,2.00e-01,
10782,3.36e-01,6.00e-01,
10783,3.36e-01,6.00e-01,
10784,3.36e-01,2.00e-01,
10785,3.36e-01,2.00e-01,
10786,3.28e-01,6.00e-01,
10787,3.36e-01,6.00e-01,
10788,3.36e-01,6.00e-01,
10789,3.36e-01,6.00e-01,
10790,3.36e-01,6.00e-01,
10791,3.36e-01,6.00e-01,
10792,3.36e-01,2.00e-01,
10793,3.36e-01,2.00e-01,
10794,3.36e-01,6.00e-01,
10795,3.36e-01,6.00e-01,
10796,3.36e-01,6.00e-01,
10797,3.44e-01,2.00e-01,
10798,3.36e-01,6.00e-01,
10799,3.36e-01,6.00e-01,
10800,3.36e-01,2.00e-01,
10801,3.36e-01,6.00e-01,
10802,3.36e-01,6.00e-01,
10803,3.36e-01,6.00e-01,
10804,3.36e-01,2.00e-01,
10805,3.44e-01,2.00e-01,
10806,3.36e-01,6.00e-01,
10807,3.36e-01,6.00e-01,
10808,3.36e-01,6.00e-01,
10809,3.44e-01,6.00e-01,
10810,3.36e-01,6.00e-01,
10811,3.36e-01,6.00e-01,
10812,3.36e-01,6.00e-01,
10813,3.44e-01,2.00e-01,
10814,3.36e-01,6.00e-01,
10815,3.36e-01,6.00e-01,
10816,3.36e-01,6.00e-01,
10817,3.44e-01,6.00e-01,
10818,3.36e-01,6.00e-01,
10819,3.44e-01,6.00e-01,
10820,3.36e-01,2.00e-01,
10821,3.44e-01,2.00e-01,
10822,3.36e-01,6.00e-01,
10823,3.36e-01,6.00e-01,
10824,3.36e-01,2.00e-01,
10825,3.44e-01,6.00e-01,
10826,3.36e-01,6.00e-01,
10827,3.36e-01,6.00e-01,
10828,3.36e-01,6.00e-01,
10829,3.44e-01,2.00e-01,
10830,3.36e-01,6.00e-01,
10831,3.36e-01,6.00e-01,
10832,3.36e-01,2.00e-01,
10833,3.44e-01,6.00e-01,
10834,3.36e-01,6.00e-01,
10835,3.44e-01,6.00e-01,
10836,3.36e-01,6.00e-01,
10837,3.44e-01,2.00e-01,
10838,3.36e-01,6.00e-01,
10839,3.44e-01,6.00e-01,
10840,3.44e-01,6.00e-01,
10841,3.44e-01,6.00e-01,
10842,3.36e-01,6.00e-01,
10843,3.44e-01,6.00e-01,
10844,3.44e-01,6.00e-01,
10845,3.44e-01,6.00e-01,
10846,3.36e-01,6.00e-01,
10847,3.44e-01,6.00e-01,
10848,3.44e-01,6.00e-01,
10849,3.44e-01,2.00e-01,
10850,3.36e-01,6.00e-01,
10851,3.44e-01,6.00e-01,
10852,3.44e-01,6.00e-01,
10853,3.44e-01,2.00e-01,
10854,3.44e-01,6.00e-01,
10855,3.44e-01,6.00e-01,
10856,3.44e-01,2.00e-01,
10857,3.44e-01,6.00e-01,
10858,3.44e-01,6.00e-01,
10859,3.44e-01,6.00e-01,
10860,3.44e-01,6.00e-01,
10861,3.44e-01,6.00e-01,
10862,3.44e-01,6.00e-01,
10863,3.44e-01,6.00e-01,
10864,3.44e-01,6.00e-01,
10865,3.44e-01,6.00e-01,
10866,3.44e-01,6.00e-01,
10867,3.44e-01,6.00e-01,
10868,3.44e-01,6.00e-01,
10869,3.44e-01,6.00e-01,
10870,3.44e-01,6.00e-01,
10871,3.44e-01,6.00e-01,
10872,3.44e-01,2.00e-01,
10873,3.52e-01,6.00e-01,
10874,3.44e-01,6.00e-01,
10875,3.44e-01,6.00e-01,
10876,3.44e-01,6.00e-01,
10877,3.52e-01,6.00e-01,
10878,3.44e-01,6.00e-01,
10879,3.44e-01,6.00e-01,
10880,3.44e-01,2.00e-01,
10881,3.52e-01,6.00e-01,
10882,3.44e-01,6.00e-01,
10883,3.44e-01,6.00e-01,
10884,3.44e-01,6.00e-01,
10885,3.52e-01,2.00e-01,
10886,3.44e-01,6.00e-01,
10887,3.44e-01,6.00e-01,
10888,3.44e-01,6.00e-01,
10889,3.52e-01,6.00e-01,
10890,3.44e-01,6.00e-01,
10891,3.44e-01,6.00e-01,
10892,3.44e-01,6.00e-01,
10893,3.52e-01,2.00e-01,
10894,3.44e-01,6.00e-01,
10895,3.44e-01,6.00e-01,
10896,3.44e-01,6.00e-01,
10897,3.52e-01,6.00e-01,
10898,3.44e-01,6.00e-01,
10899,3.44e-01,6.00e-01,
10900,3.44e-01,6.00e-01,
10901,3.52e-01,2.00e-01,
10902,3.44e-01,6.00e-01,
10903,3.44e-01,6.00e-01,
10904,3.44e-01,2.00e-01,
10905,3.52e-01,6.00e-01,
10906,3.44e-01,6.00e-01,
10907,3.52e-01,6.00e-01,
10908,3.44e-01,6.00e-01,
10909,3.52e-01,2.00e-01,
10910,3.44e-01,6.00e-01,
10911,3.52e-01,6.00e-01,
10912,3.52e-01,6.00e-01,
10913,3.52e-01,6.00e-01,
10914,3.44e-01,6.00e-01,
10915,3.52e-01,6.00e-01,
10916,3.44e-01,6.00e-01,
10917,3.52e-01,2.00e-01,
10918,3.44e-01,6.00e-01,
10919,3.52e-01,6.00e-01,
10920,3.52e-01,2.00e-01,
10921,3.52e-01,6.00e-01,
10922,3.44e-01,6.00e-01,
10923,3.52e-01,6.00e-01,
10924,3.44e-01,6.00e-01,
10925,3.52e-01,6.00e-01,
10926,3.52e-01,6.00e-01,
10927,3.52e-01,6.00e-01,
10928,3.52e-01,2.00e-01,
10929,3.52e-01,6.00e-01,
10930,3.52e-01,2.00e-01,
10931,3.52e-01,6.00e-01,
10932,3.52e-01,6.00e-01,
10933,3.60e-01,2.00e-01,
10934,3.44e-01,6.00e-01,
10935,3.52e-01,6.00e-01,
10936,3.52e-01,6.00e-01,
10937,3.52e-01,6.00e-01,
10938,3.52e-01,6.00e-01,
10939,3.52e-01,6.00e-01,
10940,3.52e-01,2.00e-01,
10941,3.52e-01,6.00e-01,
10942,3.52e-01,6.00e-01,
10943,3.52e-01,6.00e-01,
10944,3.52e-01,2.00e-01,
10945,3.60e-01,6.00e-01,
10946,3.52e-01,6.00e-01,
10947,3.52e-01,6.00e-01,
10948,3.52e-01,6.00e-01,
10949,3.60e-01,6.00e-01,
10950,3.52e-01,6.00e-01,
10951,3.52e-01,6.00e-01,
10952,3.52e-01,6.00e-01,
10953,3.60e-01,6.00e-01,
10954,3.52e-01,6.00e-01,
10955,3.52e-01,6.00e-01,
10956,3.52e-01,6.00e-01,
10957,3.60e-01,6.00e-01,
10958,3.52e-01,6.00e-01,
10959,3.52e-01,6.00e-01,
10960,3.52e-01,2.00e-01,
10961,3.60e-01,6.00e-01,
10962,3.52e-01,6.00e-01,
10963,3.52e-01,6.00e-01,
10964,3.52e-01,6.00e-01,
10965,3.60e-01,6.00e-01,
10966,3.52e-01,6.00e-01,
10967,3.52e-01,6.00e-01,
10968,3.52e-01,6.00e-01,
10969,3.60e-01,2.00e-01,
10970,3.52e-01,6.00e-01,
10971,3.52e-01,6.00e-01,
10972,3.52e-01,6.00e-01,
10973,3.60e-01,2.00e-01,
10974,3.52e-01,6.00e-01,
10975,3.52e-01,6.00e-01,
10976,3.52e-01,6.00e-01,
10977,3.60e-01,6.00e-01,
10978,3.52e-01,6.00e-01,
10979,3.60e-01,6.00e-01,
10980,3.52e-01,6.00e-01,
10981,3.60e-01,6.00e-01,
10982,3.52e-01,6.00e-01,
10983,3.52e-01,6.00e-01,
10984,3.52e-01,2.00e-01,
10985,3.60e-01,6.00e-01,
10986,3.52e-01,6.00e-01,
10987,3.60e-01,6.00e-01,
10988,3.52e-01,6.00e-01,
10989,3.60e-01,2.00e-01,
10990,3.52e-01,6.00e-01,
10991,3.60e-01,6.00e-01,
10992,3.60e-01,6.00e-01,
10993,3.60e-01,6.00e-01,
10994,3.52e-01,6.00e-01,
10995,3.60e-01,6.00e-01,
10996,3.52e-01,6.00e-01,
10997,3.60e-01,6.00e-01,
10998,3.60e-01,6.00e-01,
10999,3.60e-01,6.00e-01,
11000,3.60e-01,6.00e-01,
11001,3.60e-01,6.00e-01,
11002,3.60e-01,6.00e-01,
11003,3.60e-01,6.00e-01,
11004,3.60e-01,6.00e-01,
11005,3.60e-01,6.00e-01,
11006,3.60e-01,6.00e-01,
11007,3.60e-01,6.00e-01,
11008,3.60e-01,6.00e-01,
11009,3.60e-01,6.00e-01,
11010,3.60e-01,6.00e-01,
11011,3.60e-01,6.00e-01,
11012,3.60e-01,6.00e-01,
11013,3.60e-01,2.00e-01,
11014,3.60e-01,6.00e-01,
11015,3.60e-01,6.00e-01,
11016,3.60e-01,6.00e-01,
11017,3.60e-01,6.00e-01,
11018,3.60e-01,6.00e-01,
11019,3.60e-01,6.00e-01,
11020,3.60e-01,6.00e-01,
11021,3.60e-01,6.00e-01,
11022,3.60e-01,6.00e-01,
11023,3.60e-01,6.00e-01,
11024,3.60e-01,6.00e-01,
11025,3.68e-01,6.00e-01,
11026,3.60e-01,6.00e-01,
11027,3.60e-01,6.00e-01,
11028,3.60e-01,6.00e-01,
11029,3.68e-01,6.00e-01,
11030,3.60e-01,6.00e-01,
11031,3.60e-01,6.00e-01,
11032,3.60e-01,2.00e-01,
11033,3.60e-01,6.00e-01,
11034,3.44e-01,6.00e-01,
11035,3.36e-01,6.00e-01,
11036,3.20e-01,2.00e-01,
11037,3.12e-01,2.00e-01,
11038,2.96e-01,2.00e-01,
11039,2.96e-01,6.00e-01,
11040,2.96e-01,2.00e-01,
11041,3.04e-01,6.00e-01,
11042,3.04e-01,6.00e-01,
11043,3.12e-01,6.00e-01,
11044,3.20e-01,6.00e-01,
11045,3.28e-01,6.00e-01,
11046,3.28e-01,6.00e-01,
11047,3.28e-01,6.00e-01,
11048,3.28e-01,6.00e-01,
11049,3.36e-01,6.00e-01,
11050,3.36e-01,6.00e-01,
11051,3.36e-01,6.00e-01,
11052,3.36e-01,6.00e-01,
11053,3.44e-01,6.00e-01,
11054,3.36e-01,6.00e-01,
11055,3.44e-01,6.00e-01,
11056,3.44e-01,6.00e-01,
11057,3.52e-01,6.00e-01,
11058,3.44e-01,6.00e-01,
11059,3.44e-01,6.00e-01,
11060,3.44e-01,6.00e-01,
11061,3.52e-01,2.00e-01,
11062,3.44e-01,6.00e-01,
11063,3.52e-01,6.00e-01,
11064,3.44e-01,6.00e-01,
11065,3.52e-01,6.00e-01,
11066,3.44e-01,6.00e-01,
11067,3.52e-01,6.00e-01,
11068,3.44e-01,6.00e-01,
11069,3.52e-01,6.00e-01,
11070,3.52e-01,6.00e-01,
11071,3.52e-01,6.00e-01,
11072,3.52e-01,6.00e-01,
11073,3.52e-01,6.00e-01,
11074,3.52e-01,6.00e-01,
11075,3.52e-01,6.00e-01,
11076,3.52e-01,6.00e-01,
11077,3.60e-01,6.00e-01,
11078,3.52e-01,6.00e-01,
11079,3.52e-01,6.00e-01,
11080,3.52e-01,2.00e-01,
11081,3.60e-01,6.00e-01,
11082,3.52e-01,6.00e-01,
11083,3.52e-01,6.00e-01,
11084,3.52e-01,6.00e-01,
11085,3.60e-01,2.00e-01,
11086,3.52e-01,6.00e-01,
11087,3.60e-01,6.00e-01,
11088,3.52e-01,6.00e-01,
11089,3.60e-01,6.00e-01,
11090,3.52e-01,6.00e-01,
11091,3.60e-01,6.00e-01,
11092,3.52e-01,6.00e-01,
11093,3.60e-01,6.00e-01,
11094,3.60e-01,6.00e-01,
11095,3.60e-01,6.00e-01,
11096,3.60e-01,6.00e-01,
11097,3.60e-01,6.00e-01,
11098,3.60e-01,6.00e-01,
11099,3.60e-01,6.00e-01,
11100,3.60e-01,6.00e-01,
11101,3.60e-01,6.00e-01,
11102,3.60e-01,6.00e-01,
11103,3.60e-01,6.00e-01,
11104,3.60e-01,6.00e-01,
11105,3.68e-01,6.00e-01,
11106,3.60e-01,6.00e-01,
11107,3.68e-01,6.00e-01,
11108,3.60e-01,6.00e-01,
11109,3.68e-01,6.00e-01,
11110,3.60e-01,6.00e-01,
11111,3.60e-01,6.00e-01,
11112,3.60e-01,6.00e-01,
11113,3.68e-01,6.00e-01,
11114,3.60e-01,6.00e-01,
11115,3.68e-01,6.00e-01,
11116,3.60e-01,6.00e-01,
11117,3.68e-01,6.00e-01,
11118,3.60e-01,6.00e-01,
11119,3.60e-01,6.00e-01,
11120,3.60e-01,6.00e-01,
11121,3.68e-01,6.00e-01,
11122,3.60e-01,6.00e-01,
11123,3.60e-01,6.00e-01,
11124,3.60e-01,6.00e-01,
11125,3.68e-01,6.00e-01,
11126,3.60e-01,6.00e-01,
11127,3.68e-01,6.00e-01,
11128,3.68e-01,2.00e-01,
11129,3.68e-01,1.00e+00,
11130,3.68e-01,2.00e-01,
11131,3.68e-01,6.00e-01,
11132,3.60e-01,6.00e-01,
11133,3.68e-01,2.00e-01,
11134,3.60e-01,6.00e-01,
11135,3.68e-01,6.00e-01,
11136,3.68e-01,6.00e-01,
11137,3.68e-01,6.00e-01,
11138,3.68e-01,6.00e-01,
11139,3.68e-01,6.00e-01,
11140,3.68e-01,6.00e-01,
11141,3.68e-01,6.00e-01,
11142,3.68e-01,6.00e-01,
11143,3.68e-01,6.00e-01,
11144,3.68e-01,6.00e-01,
11145,3.68e-01,6.00e-01,
11146,3.68e-01,6.00e-01,
11147,3.68e-01,6.00e-01,
11148,3.68e-01,1.00e+00,
11149,3.68e-01,6.00e-01,
11150,3.68e-01,1.00e+00,
11151,3.68e-01,1.00e+00,
11152,3.68e-01,1.00e+00,
11153,3.68e-01,1.00e+00,
11154,3.68e-01,1.00e+00,
11155,3.68e-01,1.40e+00,
11156,3.68e-01,1.40e+00,
11157,3.68e-01,1.40e+00,
11158,3.68e-01,1.80e+00,
11159,3.68e-01,1.80e+00,
11160,3.68e-01,1.80e+00,
11161,3.68e-01,1.80e+00,
11162,3.68e-01,1.80e+00,
11163,3.68e-01,2.20e+00,
11164,3.68e-01,2.20e+00,
11165,3.68e-01,2.20e+00,
11166,3.68e-01,3.00e+00,
11167,3.68e-01,3.00e+00,
11168,3.68e-01,3.00e+00,
11169,3.68e-01,3.00e+00,
11170,3.60e-01,3.40e+00,
11171,3.68e-01,3.40e+00,
11172,3.68e-01,3.40e+00,
11173,3.68e-01,3.40e+00,
11174,3.68e-01,3.80e+00,
11175,3.68e-01,3.80e+00,
11176,3.68e-01,3.80e+00,
11177,3.76e-01,4.20e+00,
11178,3.68e-01,4.60e+00,
11179,3.68e-01,4.60e+00,
11180,3.68e-01,4.60e+00,
11181,3.68e-01,4.60e+00,
11182,3.68e-01,5.00e+00,
11183,3.68e-01,5.00e+00,
11184,3.68e-01,5.00e+00,
11185,3.68e-01,5.00e+00,
11186,3.68e-01,5.40e+00,
11187,3.68e-01,5.80e+00,
11188,3.68e-01,5.80e+00,
11189,3.68e-01,5.80e+00,
11190,3.68e-01,6.20e+00,
11191,3.68e-01,6.20e+00,
11192,3.68e-01,6.20e+00,
11193,3.68e-01,6.60e+00,
11194,3.68e-01,7.00e+00,
11195,3.68e-01,7.00e+00,
11196,3.68e-01,7.40e+00,
11197,3.68e-01,8.20e+00,
11198,3.60e-01,8.60e+00,
11199,3.68e-01,9.00e+00,
11200,3.60e-01,9.40e+00,
11201,3.68e-01,1.02e+01,
11202,3.60e-01,1.10e+01,
11203,3.60e-01,1.18e+01,
11204,3.52e-01,1.30e+01,
11205,3.60e-01,1.46e+01,
11206,3.52e-01,1.58e+01,
11207,3.44e-01,1.74e+01,
11208,3.44e-01,1.98e+01,
11209,3.44e-01,2.18e+01,
11210,3.28e-01,2.46e+01,
11211,3.28e-01,2.74e+01,
11212,3.20e-01,3.10e+01,
11213,3.20e-01,3.42e+01,
11214,3.04e-01,3.82e+01,
11215,2.96e-01,4.30e+01,
11216,2.72e-01,4.70e+01,
11217,2.40e-01,5.14e+01,
11218,2.00e-01,5.54e+01,
11219,1.60e-01,5.98e+01,
11220,1.04e-01,6.38e+01,
11221,5.60e-02,6.78e+01,
11222,0.00e+00,7.14e+01,
11223,-4.80e-02,7.50e+01,
11224,-9.60e-02,-2.38e+01,
11225,-1.60e-01,-2.06e+01,
11226,-2.08e-01,-1.78e+01,
11227,-2.72e-01,-1.66e+01,
11228,-3.12e-01,-1.66e+01,
11229,-3.68e-01,-1.66e+01,
11230,-4.08e-01,-1.66e+01,
11231,-4.64e-01,-1.66e+01,
11232,-4.96e-01,-1.66e+01,
11233,-5.44e-01,-1.66e+01,
11234,-5.68e-01,-1.66e+01,
11235,-6.08e-01,-1.66e+01,
11236,-6.16e-01,-1.66e+01,
11237,-6.40e-01,-1.66e+01,
11238,-6.40e-01,-1.66e+01,
11239,-6.48e-01,-1.66e+01,
11240,-6.24e-01,-1.94e+01,
11241,-6.08e-01,7.74e+01,
11242,-5.68e-01,7.06e+01,
11243,-5.36e-01,6.30e+01,
11244,-4.88e-01,5.50e+01,
11245,-4.32e-01,4.74e+01,
11246,-3.68e-01,4.06e+01,
11247,-3.12e-01,3.38e+01,
11248,-2.48e-01,2.78e+01,
11249,-1.84e-01,2.34e+01,
11250,-1.12e-01,1.98e+01,
11251,-5.60e-02,1.66e+01,
11252,0.00e+00,1.46e+01,
11253,4.80e-02,1.26e+01,
11254,9.60e-02,1.14e+01,
11255,1.28e-01,1.06e+01,
11256,1.76e-01,1.02e+01,
11257,2.08e-01,9.80e+00,
11258,2.24e-01,9.80e+00,
11259,2.48e-01,1.02e+01,
11260,2.64e-01,1.06e+01,
11261,2.80e-01,1.10e+01,
11262,2.88e-01,1.22e+01,
11263,2.88e-01,1.38e+01,
11264,2.88e-01,1.54e+01,
11265,2.80e-01,1.78e+01,
11266,2.64e-01,2.06e+01,
11267,2.40e-01,2.46e+01,
11268,2.16e-01,2.82e+01,
11269,1.84e-01,3.34e+01,
11270,1.36e-01,3.86e+01,
11271,8.80e-02,4.46e+01,
11272,4.00e-02,5.14e+01,
11273,-1.60e-02,5.74e+01,
11274,-7.20e-02,6.30e+01,
11275,-1.28e-01,6.82e+01,
11276,-1.92e-01,7.18e+01,
11277,-2.40e-01,7.50e+01,
11278,-2.88e-01,7.66e+01,
11279,-3.28e-01,7.70e+01,
11280,-3.52e-01,7.58e+01,
11281,-3.76e-01,7.34e+01,
11282,-3.76e-01,6.94e+01,
11283,-3.84e-01,6.46e+01,
11284,-3.68e-01,5.94e+01,
11285,-3.52e-01,5.38e+01,
11286,-3.20e-01,4.78e+01,
11287,-2.88e-01,4.22e+01,
11288,-2.40e-01,3.70e+01,
11289,-2.00e-01,3.22e+01,
11290,-1.44e-01,2.78e+01,
11291,-1.04e-01,2.38e+01,
11292,-5.60e-02,2.10e+01,
11293,-1.60e-02,1.90e+01,
11294,2.40e-02,1.70e+01,
11295,6.40e-02,1.58e+01,
11296,9.60e-02,1.46e+01,
11297,1.36e-01,1.38e+01,
11298,1.60e-01,1.38e+01,
11299,1.84e-01,1.30e+01,
11300,2.08e-01,1.38e+01,
11301,2.24e-01,1.38e+01,
11302,2.32e-01,1.46e+01,
11303,2.40e-01,1.58e+01,
11304,2.40e-01,1.70e+01,
11305,2.40e-01,1.90e+01,
11306,2.32e-01,2.10e+01,
11307,2.16e-01,2.34e+01,
11308,2.00e-01,2.66e+01,
11309,1.84e-01,3.02e+01,
11310,1.52e-01,3.42e+01,
11311,1.12e-01,3.86e+01,
11312,7.20e-02,4.34e+01,
11313,3.20e-02,4.82e+01,
11314,-8.00e-03,5.26e+01,
11315,-5.60e-02,5.70e+01,
11316,-1.04e-01,6.06e+01,
11317,-1.44e-01,6.42e+01,
11318,-1.92e-01,6.58e+01,
11319,-2.32e-01,6.70e+01,
11320,-2.56e-01,6.78e+01,
11321,-2.80e-01,6.66e+01,
11322,-2.96e-01,6.50e+01,
11323,-3.04e-01,6.22e+01,
11324,-3.04e-01,5.90e+01,
11325,-2.96e-01,5.50e+01,
11326,-2.80e-01,5.06e+01,
11327,-2.64e-01,4.62e+01,
11328,-2.32e-01,4.18e+01,
11329,-2.00e-01,3.74e+01,
11330,-1.68e-01,3.34e+01,
11331,-1.28e-01,3.02e+01,
11332,-8.80e-02,2.70e+01,
11333,-4.80e-02,2.46e+01,
11334,-1.60e-02,2.22e+01,
11335,1.60e-02,2.06e+01,
11336,4.80e-02,1.94e+01,
11337,8.00e-02,1.78e+01,
11338,1.04e-01,1.74e+01,
11339,1.28e-01,1.70e+01,
11340,1.52e-01,1.70e+01,
11341,1.68e-01,1.70e+01,
11342,1.84e-01,1.74e+01,
11343,1.92e-01,1.82e+01,
11344,1.92e-01,1.94e+01,
11345,2.00e-01,2.10e+01,
11346,1.92e-01,2.26e+01,
11347,1.84e-01,2.46e+01,
11348,1.76e-01,2.70e+01,
11349,1.60e-01,2.98e+01,
11350,1.28e-01,3.26e+01,
11351,1.04e-01,3.62e+01,
11352,7.20e-02,3.94e+01,
11353,4.80e-02,4.34e+01,
11354,8.00e-03,4.70e+01,
11355,-2.40e-02,5.02e+01,
11356,-5.60e-02,5.38e+01,
11357,-9.60e-02,5.62e+01,
11358,-1.28e-01,5.82e+01,
11359,-1.68e-01,5.98e+01,
11360,-1.92e-01,6.02e+01,
11361,-2.16e-01,6.06e+01,
11362,-2.24e-01,5.94e+01,
11363,-2.40e-01,5.82e+01,
11364,-2.40e-01,5.58e+01,
11365,-2.40e-01,5.34e+01,
11366,-2.32e-01,4.98e+01,
11367,-2.24e-01,4.70e+01,
11368,-2.00e-01,4.34e+01,
11369,-1.84e-01,3.98e+01,
11370,-1.44e-01,3.70e+01,
11371,-1.20e-01,3.34e+01,
11372,-9.60e-02,3.10e+01,
11373,-6.40e-02,2.82e+01,
11374,-3.20e-02,2.62e+01,
11375,-8.00e-03,2.46e+01,
11376,1.60e-02,2.30e+01,
11377,4.80e-02,2.18e+01,
11378,6.40e-02,2.10e+01,
11379,8.80e-02,2.06e+01,
11380,1.04e-01,2.02e+01,
11381,1.20e-01,2.02e+01,
11382,1.36e-01,2.06e+01,
11383,1.52e-01,2.14e+01,
11384,1.52e-01,2.18e+01,
11385,1.60e-01,2.30e+01,
11386,1.52e-01,2.46e+01,
11387,1.52e-01,2.62e+01,
11388,1.36e-01,2.78e+01,
11389,1.28e-01,3.02e+01,
11390,1.04e-01,3.26e+01,
11391,8.80e-02,3.54e+01,
11392,6.40e-02,3.78e+01,
11393,4.80e-02,4.10e+01,
11394,1.60e-02,4.38e+01,
11395,-8.00e-03,4.66e+01,
11396,-4.00e-02,4.90e+01,
11397,-6.40e-02,5.14e+01,
11398,-8.80e-02,5.30e+01,
11399,-1.20e-01,5.42e+01,
11400,-1.36e-01,5.50e+01,
11401,-1.60e-01,5.54e+01,
11402,-1.76e-01,5.46e+01,
11403,-1.92e-01,5.38e+01,
11404,-1.92e-01,5.26e+01,
11405,-1.92e-01,5.06e+01,
11406,-1.92e-01,4.86e+01,
11407,-1.84e-01,4.62e+01,
11408,-1.68e-01,4.34e+01,
11409,-1.44e-01,4.10e+01,
11410,-1.28e-01,3.82e+01,
11411,-1.12e-01,3.58e+01,
11412,-8.80e-02,3.34e+01,
11413,-6.40e-02,3.10e+01,
11414,-4.00e-02,2.90e+01,
11415,-2.40e-02,2.74e+01,
11416,0.00e+00,2.62e+01,
11417,2.40e-02,2.50e+01,
11418,4.00e-02,2.46e+01,
11419,6.40e-02,2.34e+01,
11420,7.20e-02,2.30e+01,
11421,9.60e-02,2.30e+01,
11422,1.04e-01,2.34e+01,
11423,1.12e-01,2.34e+01,
11424,1.12e-01,2.46e+01,
11425,1.20e-01,2.54e+01,
11426,1.20e-01,2.62e+01,
11427,1.12e-01,2.78e+01,
11428,1.12e-01,2.90e+01,
11429,1.04e-01,3.10e+01,
11430,8.80e-02,3.30e+01,
11431,7.20e-02,3.54e+01,
11432,5.60e-02,3.74e+01,
11433,4.00e-02,3.94e+01,
11434,1.60e-02,4.18e+01,
11435,-8.00e-03,4.38e+01,
11436,-2.40e-02,4.54e+01,
11437,-4.80e-02,4.74e+01,
11438,-6.40e-02,4.86e+01,
11439,-8.80e-02,4.98e+01,
11440,-1.04e-01,5.06e+01,
11441,-1.20e-01,5.14e+01,
11442,-1.28e-01,5.06e+01,
11443,-1.44e-01,5.02e+01,
11444,-1.60e-01,4.94e+01,
11445,-1.60e-01,4.82e+01,
11446,-1.44e-01,4.66e+01,
11447,-1.44e-01,4.46e+01,
11448,-1.36e-01,4.26e+01,
11449,-1.20e-01,4.10e+01,
11450,-1.12e-01,3.86e+01,
11451,-9.60e-02,3.66e+01,
11452,-8.00e-02,3.46e+01,
11453,-6.40e-02,3.26e+01,
11454,-4.00e-02,3.14e+01,
11455,-2.40e-02,2.98e+01,
11456,-8.00e-03,2.82e+01,
11457,1.60e-02,2.74e+01,
11458,2.40e-02,2.66e+01,
11459,4.00e-02,2.62e+01,
11460,5.60e-02,2.58e+01,
11461,7.20e-02,2.58e+01,
11462,8.00e-02,2.58e+01,
11463,8.00e-02,2.62e+01,
11464,8.80e-02,2.66e+01,
11465,9.60e-02,2.70e+01,
11466,8.80e-02,2.82e+01,
11467,8.80e-02,2.90e+01,
11468,8.80e-02,3.06e+01,
11469,8.00e-02,3.18e+01,
11470,7.20e-02,3.34e+01,
11471,5.60e-02,3.54e+01,
11472,4.80e-02,3.70e+01,
11473,3.20e-02,3.86e+01,
11474,1.60e-02,3.98e+01,
11475,0.00e+00,4.18e+01,
11476,-2.40e-02,4.34e+01,
11477,-4.00e-02,4.46e+01,
11478,-5.60e-02,4.62e+01,
11479,-7.20e-02,4.70e+01,
11480,-8.00e-02,4.74e+01,
11481,-9.60e-02,4.78e+01,
11482,-1.04e-01,4.78e+01,
11483,-1.20e-01,4.74e+01,
11484,-1.20e-01,4.70e+01,
11485,-1.20e-01,4.54e+01,
11486,-1.20e-01,4.46e+01,
11487,-1.20e-01,4.34e+01,
11488,-1.12e-01,4.18e+01,
11489,-1.04e-01,4.06e+01,
11490,-9.60e-02,3.86e+01,
11491,-8.80e-02,3.70e+01,
11492,-7.20e-02,3.54e+01,
11493,-5.60e-02,3.38e+01,
11494,-4.00e-02,3.26e+01,
11495,-2.40e-02,3.14e+01,
11496,-8.00e-03,3.06e+01,
11497,0.00e+00,2.98e+01,
11498,1.60e-02,2.86e+01,
11499,2.40e-02,2.82e+01,
11500,4.00e-02,2.78e+01,
11501,4.80e-02,2.74e+01,
11502,5.60e-02,2.78e+01,
11503,6.40e-02,2.78e+01,
11504,6.40e-02,2.82e+01,
11505,7.20e-02,2.86e+01,
11506,7.20e-02,2.98e+01,
11507,7.20e-02,3.06e+01,
11508,6.40e-02,3.14e+01,
11509,6.40e-02,3.26e+01,
11510,5.60e-02,3.34e+01,
11511,4.80e-02,3.54e+01,
11512,3.20e-02,3.66e+01,
11513,2.40e-02,3.78e+01,
11514,8.00e-03,3.90e+01,
11515,0.00e+00,4.06e+01,
11516,-1.60e-02,4.18e+01,
11517,-3.20e-02,4.30e+01,
11518,-4.00e-02,4.38e+01,
11519,-5.60e-02,4.42e+01,
11520,-6.40e-02,4.46e+01,
11521,-8.00e-02,4.50e+01,
11522,-8.80e-02,4.50e+01,
11523,-9.60e-02,4.50e+01,
11524,-9.60e-02,4.46e+01,
11525,-9.60e-02,4.38e+01,
11526,-9.60e-02,4.30e+01,
11527,-9.60e-02,4.22e+01,
11528,-9.60e-02,4.10e+01,
11529,-8.80e-02,3.94e+01,
11530,-8.00e-02,3.86e+01,
11531,-7.20e-02,3.74e+01,
11532,-6.40e-02,3.62e+01,
11533,-4.80e-02,3.46e+01,
11534,-4.00e-02,3.34e+01,
11535,-2.40e-02,3.26e+01,
11536,-1.60e-02,3.18e+01,
11537,0.00e+00,3.10e+01,
11538,8.00e-03,3.06e+01,
11539,1.60e-02,3.02e+01,
11540,2.40e-02,2.98e+01,
11541,3.20e-02,2.90e+01,
11542,4.00e-02,2.90e+01,
11543,4.80e-02,2.98e+01,
11544,4.80e-02,2.98e+01,
11545,5.60e-02,3.06e+01,
11546,5.60e-02,3.10e+01,
11547,5.60e-02,3.14e+01,
11548,4.80e-02,3.22e+01,
11549,4.80e-02,3.30e+01,
11550,4.00e-02,3.38e+01,
11551,3.20e-02,3.54e+01,
11552,2.40e-02,3.62e+01,
11553,1.60e-02,3.74e+01,
11554,8.00e-03,3.82e+01,
11555,0.00e+00,3.94e+01,
11556,-1.60e-02,4.06e+01,
11557,-2.40e-02,4.14e+01,
11558,-3.20e-02,4.22e+01,
11559,-4.80e-02,4.26e+01,
11560,-5.60e-02,4.30e+01,
11561,-6.40e-02,4.34e+01,
11562,-6.40e-02,4.34e+01,
11563,-8.00e-02,4.30e+01,
11564,-8.00e-02,4.30e+01,
11565,-8.00e-02,4.26e+01,
11566,-8.00e-02,4.18e+01,
11567,-8.00e-02,4.10e+01,
11568,-8.00e-02,3.98e+01,
11569,-7.20e-02,3.94e+01,
11570,-6.40e-02,3.82e+01,
11571,-6.40e-02,3.74e+01,
11572,-4.80e-02,3.62e+01,
11573,-4.00e-02,3.54e+01,
11574,-3.20e-02,3.42e+01,
11575,-2.40e-02,3.34e+01,
11576,-1.60e-02,3.26e+01,
11577,-8.00e-03,3.22e+01,
11578,0.00e+00,3.18e+01,
11579,8.00e-03,3.14e+01,
11580,1.60e-02,3.10e+01,
11581,2.40e-02,3.10e+01,
11582,3.20e-02,3.06e+01,
11583,3.20e-02,3.10e+01,
11584,4.00e-02,3.10e+01,
11585,4.00e-02,3.14e+01,
11586,4.00e-02,3.18e+01,
11587,4.00e-02,3.22e+01,
11588,4.00e-02,3.30e+01,
11589,4.00e-02,3.34e+01,
11590,3.20e-02,3.42e+01,
11591,2.40e-02,3.54e+01,
11592,1.60e-02,3.62e+01,
11593,1.60e-02,3.70e+01,
11594,8.00e-03,3.78e+01,
11595,-8.00e-03,3.86e+01,
11596,-8.00e-03,3.94e+01,
11597,-2.40e-02,4.06e+01,
11598,-2.40e-02,4.10e+01,
11599,-4.00e-02,4.14e+01,
11600,-4.00e-02,4.18e+01,
11601,-4.80e-02,4.18e+01,
11602,-5.60e-02,4.18e+01,
11603,-6.40e-02,4.18e+01,
11604,-6.40e-02,4.18e+01,
11605,-6.40e-02,4.14e+01,
11606,-6.40e-02,4.06e+01,
11607,-6.40e-02,3.98e+01,
11608,-6.40e-02,3.94e+01,
11609,-5.60e-02,3.86e+01,
11610,-5.60e-02,3.78e+01,
11611,-5.60e-02,3.74e+01,
11612,-4.80e-02,3.66e+01,
11613,-4.00e-02,3.58e+01,
11614,-3.20e-02,3.46e+01,
11615,-2.40e-02,3.42e+01,
11616,-1.60e-02,3.34e+01,
11617,-8.00e-03,3.30e+01,
11618,0.00e+00,3.26e+01,
11619,8.00e-03,3.22e+01,
11620,8.00e-03,3.22e+01,
11621,1.60e-02,3.18e+01,
11622,2.40e-02,3.18e+01,
11623,2.40e-02,3.22e+01,
11624,2.40e-02,3.22e+01,
11625,3.20e-02,3.22e+01,
11626,3.20e-02,3.26e+01,
11627,3.20e-02,3.30e+01,
11628,3.20e-02,3.34e+01,
11629,2.40e-02,3.42e+01,
11630,2.40e-02,3.46e+01,
11631,1.60e-02,3.58e+01,
11632,1.60e-02,3.62e+01,
11633,8.00e-03,3.70e+01,
11634,0.00e+00,3.74e+01,
11635,-8.00e-03,3.82e+01,
11636,-8.00e-03,3.86e+01,
11637,-1.60e-02,3.90e+01,
11638,-2.40e-02,3.94e+01,
11639,-3.20e-02,3.98e+01,
11640,-4.00e-02,4.06e+01,
11641,-4.00e-02,4.06e+01,
11642,-4.80e-02,4.06e+01,
11643,-4.80e-02,4.06e+01,
11644,-4.80e-02,4.06e+01,
11645,-5.60e-02,3.98e+01,
11646,-5.60e-02,3.94e+01,
11647,-5.60e-02,3.94e+01,
11648,-4.80e-02,3.86e+01,
11649,-4.80e-02,3.82e+01,
11650,-4.80e-02,3.78e+01,
11651,-4.80e-02,3.70e+01,
11652,-4.00e-02,3.66e+01,
11653,-3.20e-02,3.62e+01,
11654,-3.20e-02,3.54e+01,
11655,-2.40e-02,3.46e+01,
11656,-1.60e-02,3.38e+01,
11657,-8.00e-03,3.38e+01,
11658,0.00e+00,3.34e+01,
11659,0.00e+00,3.30e+01,
11660,8.00e-03,3.30e+01,
11661,8.00e-03,3.26e+01,
11662,1.60e-02,3.26e+01,
11663,1.60e-02,3.26e+01,
11664,1.60e-02,3.30e+01,
11665,2.40e-02,3.30e+01,
11666,2.40e-02,3.30e+01,
11667,2.40e-02,3.38e+01,
11668,1.60e-02,3.42e+01,
11669,2.40e-02,3.42e+01,
11670,1.60e-02,3.46e+01,
11671,8.00e-03,3.58e+01,
11672,8.00e-03,3.62e+01,
11673,8.00e-03,3.66e+01,
11674,0.00e+00,3.70e+01,
11675,-8.00e-03,3.78e+01,
11676,-8.00e-03,3.82e+01,
11677,-1.60e-02,3.86e+01,
11678,-1.60e-02,3.90e+01,
11679,-3.20e-02,3.90e+01,
11680,-3.20e-02,3.94e+01,
11681,-3.20e-02,3.94e+01,
11682,-4.00e-02,3.94e+01,
11683,-4.00e-02,3.94e+01,
11684,-4.80e-02,3.94e+01,
11685,-4.80e-02,3.94e+01,
11686,-4.80e-02,3.90e+01,
11687,-4.80e-02,3.86e+01,
11688,-4.80e-02,3.82e+01,
11689,-4.00e-02,3.78e+01,
11690,-4.00e-02,3.74e+01,
11691,-4.00e-02,3.70e+01,
11692,-3.20e-02,3.66e+01,
11693,-2.40e-02,3.62e+01,
11694,-2.40e-02,3.58e+01,
11695,-2.40e-02,3.54e+01,
11696,-1.60e-02,3.46e+01,
11697,-8.00e-03,3.42e+01,
11698,-8.00e-03,3.38e+01,
11699,0.00e+00,3.38e+01,
11700,0.00e+00,3.34e+01,
11701,8.00e-03,3.34e+01,
11702,8.00e-03,3.34e+01,
11703,8.00e-03,3.34e+01,
11704,8.00e-03,3.34e+01,
11705,1.60e-02,3.38e+01,
11706,1.60e-02,3.38e+01,
11707,1.60e-02,3.42e+01,
11708,1.60e-02,3.42e+01,
11709,1.60e-02,3.46e+01,
11710,8.00e-03,3.54e+01,
11711,8.00e-03,3.58e+01,
11712,8.00e-03,3.62e+01,
11713,0.00e+00,3.66e+01,
11714,0.00e+00,3.70e+01,
11715,-8.00e-03,3.74e+01,
11716,-8.00e-03,3.78e+01,
11717,-1.60e-02,3.82e+01,
11718,-1.60e-02,3.82e+01,
11719,-2.40e-02,3.86e+01,
11720,-2.40e-02,3.86e+01,
11721,-3.20e-02,3.90e+01,
11722,-3.20e-02,3.90e+01,
11723,-3.20e-02,3.90e+01,
11724,-4.00e-02,3.86e+01,
11725,-4.00e-02,3.86e+01,
11726,-4.00e-02,3.86e+01,
11727,-4.00e-02,3.82e+01,
11728,-4.00e-02,3.78e+01,
11729,-3.20e-02,3.78e+01,
11730,-3.20e-02,3.74e+01,
11731,-3.20e-02,3.70e+01,
11732,-3.20e-02,3.66e+01,
11733,-2.40e-02,3.62e+01,
11734,-2.40e-02,3.58e+01,
11735,-2.40e-02,3.58e+01,
11736,-1.60e-02,3.54e+01,
11737,-8.00e-03,3.46e+01,
11738,-8.00e-03,3.42e+01,
11739,-8.00e-03,3.42e+01,
11740,0.00e+00,3.42e+01,
11741,0.00e+00,3.38e+01,
11742,0.00e+00,3.38e+01,
11743,8.00e-03,3.38e+01,
11744,8.00e-03,3.38e+01,
11745,8.00e-03,3.42e+01,
11746,8.00e-03,3.42e+01,
11747,8.00e-03,3.46e+01,
11748,8.00e-03,3.46e+01,
11749,8.00e-03,3.54e+01,
11750,8.00e-03,3.54e+01,
11751,0.00e+00,3.58e+01,
11752,0.00e+00,3.62e+01,
11753,0.00e+00,3.66e+01,
11754,-8.00e-03,3.70e+01,
11755,-8.00e-03,3.70e+01,
11756,-8.00e-03,3.74e+01,
11757,-1.60e-02,3.78e+01,
11758,-1.60e-02,3.78e+01,
11759,-2.40e-02,3.82e+01,
11760,-2.40e-02,3.82e+01,
11761,-2.40e-02,3.86e+01,
11762,-3.20e-02,3.86e+01,
11763,-3.20e-02,3.82e+01,
11764,-3.20e-02,3.82e+01,
11765,-3.20e-02,3.82e+01,
11766,-3.20e-02,3.82e+01,
11767,-3.20e-02,3.78e+01,
11768,-3.20e-02,3.74e+01,
11769,-3.20e-02,3.74e+01,
11770,-3.20e-02,3.70e+01,
11771,-3.20e-02,3.70e+01,
11772,-2.40e-02,3.66e+01,
11773,-2.40e-02,3.62e+01,
11774,-2.40e-02,3.62e+01,
11775,-1.60e-02,3.58e+01,
11776,-1.60e-02,3.54e+01,
11777,-8.00e-03,3.54e+01,
11778,-8.00e-03,3.46e+01,
11779,-8.00e-03,3.46e+01,
11780,-8.00e-03,3.46e+01,
11781,0.00e+00,3.42e+01,
11782,0.00e+00,3.42e+01,
11783,0.00e+00,3.42e+01,
11784,0.00e+00,3.42e+01,
11785,8.00e-03,3.46e+01,
11786,8.00e-03,3.46e+01,
11787,0.00e+00,3.46e+01,
11788,8.00e-03,3.54e+01,
11789,8.00e-03,3.54e+01,
11790,0.00e+00,3.58e+01,
11791,0.00e+00,3.62e+01,
11792,0.00e+00,3.62e+01,
11793,0.00e+00,3.66e+01,
11794,-8.00e-03,3.66e+01,
11795,-8.00e-03,3.70e+01,
11796,-8.00e-03,3.70e+01,
11797,-8.00e-03,3.74e+01,
11798,-1.60e-02,3.74e+01,
11799,-1.60e-02,3.78e+01,
11800,-2.40e-02,3.78e+01,
11801,-2.40e-02,3.78e+01,
11802,-2.40e-02,3.78e+01,
11803,-3.20e-02,3.78e+01,
11804,-2.40e-02,3.78e+01,
11805,-2.40e-02,3.78e+01,
11806,-2.40e-02,3.78e+01,
11807,-3.20e-02,3.78e+01,
11808,-3.20e-02,3.74e+01,
11809,-2.40e-02,3.74e+01,
11810,-2.40e-02,3.70e+01,
11811,-2.40e-02,3.70e+01,
11812,-2.40e-02,3.66e+01,
11813,-2.40e-02,3.62e+01,
11814,-1.60e-02,3.62e+01,
11815,-1.60e-02,3.62e+01,
11816,-1.60e-02,3.58e+01,
11817,-8.00e-03,3.58e+01,
11818,-8.00e-03,3.54e+01,
11819,-8.00e-03,3.54e+01,
11820,-8.00e-03,3.46e+01,
11821,0.00e+00,3.46e+01,
11822,0.00e+00,3.46e+01,
11823,0.00e+00,3.46e+01,
11824,0.00e+00,3.46e+01,
11825,0.00e+00,3.54e+01,
11826,0.00e+00,3.54e+01,
11827,0.00e+00,3.54e+01,
11828,0.00e+00,3.54e+01,
11829,0.00e+00,3.58e+01,
11830,0.00e+00,3.58e+01,
11831,0.00e+00,3.58e+01,
11832,0.00e+00,3.62e+01,
11833,0.00e+00,3.66e+01,
11834,-8.00e-03,3.66e+01,
11835,-8.00e-03,3.70e+01,
11836,-8.00e-03,3.70e+01,
11837,-8.00e-03,3.70e+01,
11838,-1.60e-02,3.74e+01,
11839,-1.60e-02,3.74e+01,
11840,-1.60e-02,3.74e+01,
11841,-1.60e-02,3.78e+01,
11842,-2.40e-02,3.74e+01,
11843,-2.40e-02,3.78e+01,
11844,-2.40e-02,3.74e+01,
11845,-2.40e-02,3.78e+01,
11846,-2.40e-02,3.74e+01,
11847,-2.40e-02,3.74e+01,
11848,-2.40e-02,3.74e+01,
11849,-2.40e-02,3.74e+01,
11850,-2.40e-02,3.70e+01,
11851,-2.40e-02,3.70e+01,
11852,-2.40e-02,3.66e+01,
11853,-1.60e-02,3.62e+01,
11854,-1.60e-02,3.62e+01,
11855,-1.60e-02,3.62e+01,
11856,-1.60e-02,3.58e+01,
11857,-8.00e-03,3.58e+01,
11858,-8.00e-03,3.54e+01,
11859,-8.00e-03,3.54e+01,
11860,-8.00e-03,3.54e+01,
11861,-8.00e-03,3.54e+01,
11862,-8.00e-03,3.54e+01,
11863,-8.00e-03,3.54e+01,
11864,0.00e+00,3.54e+01,
11865,0.00e+00,3.54e+01,
11866,0.00e+00,3.54e+01,
11867,0.00e+00,3.54e+01,
11868,0.00e+00,3.58e+01,
11869,0.00e+00,3.58e+01,
11870,0.00e+00,3.58e+01,
11871,-8.00e-03,3.62e+01,
11872,-8.00e-03,3.62e+01,
11873,0.00e+00,3.66e+01,
11874,-8.00e-03,3.66e+01,
11875,-8.00e-03,3.66e+01,
11876,-8.00e-03,3.70e+01,
11877,-8.00e-03,3.70e+01,
11878,-1.60e-02,3.70e+01,
11879,-1.60e-02,3.74e+01,
11880,-1.60e-02,3.74e+01,
11881,-1.60e-02,3.74e+01,
11882,-1.60e-02,3.74e+01,
11883,-2.40e-02,3.74e+01,
11884,-2.40e-02,3.74e+01,
11885,-2.40e-02,3.74e+01,
11886,-2.40e-02,3.74e+01,
11887,-2.40e-02,3.74e+01,
11888,-2.40e-02,3.70e+01,
11889,-2.40e-02,3.70e+01,
11890,-2.40e-02,3.70e+01,
11891,-2.40e-02,3.66e+01,
11892,-1.60e-02,3.66e+01,
11893,-1.60e-02,3.66e+01,
11894,-1.60e-02,3.62e+01,
11895,-1.60e-02,3.62e+01,
11896,-1.60e-02,3.62e+01,
11897,-8.00e-03,3.58e+01,
11898,-8.00e-03,3.58e+01,
11899,-1.60e-02,3.58e+01,
11900,-8.00e-03,3.58e+01,
11901,-8.00e-03,3.54e+01,
11902,-8.00e-03,3.54e+01,
11903,-8.00e-03,3.54e+01,
11904,0.00e+00,3.54e+01,
11905,0.00e+00,3.58e+01,
11906,-8.00e-03,3.58e+01,
11907,-8.00e-03,3.58e+01,
11908,0.00e+00,3.58e+01,
11909,0.00e+00,3.58e+01,
11910,0.00e+00,3.62e+01,
11911,-8.00e-03,3.62e+01,
11912,-8.00e-03,3.62e+01,
11913,-8.00e-03,3.66e+01,
11914,-8.00e-03,3.66e+01,
11915,-8.00e-03,3.66e+01,
11916,-8.00e-03,3.70e+01,
11917,-8.00e-03,3.70e+01,
11918,-1.60e-02,3.70e+01,
11919,-1.60e-02,3.70e+01,
11920,-1.60e-02,3.70e+01,
11921,-1.60e-02,3.74e+01,
11922,-1.60e-02,3.70e+01,
11923,-1.60e-02,3.70e+01,
11924,-1.60e-02,3.74e+01,
11925,-1.60e-02,3.70e+01,
11926,-1.60e-02,3.70e+01,
11927,-2.40e-02,3.70e+01,
11928,-1.60e-02,3.70e+01,
11929,-1.60e-02,3.70e+01,
11930,-1.60e-02,3.70e+01,
11931,-1.60e-02,3.66e+01,
11932,-1.60e-02,3.66e+01,
11933,-1.60e-02,3.66e+01,
11934,-1.60e-02,3.62e+01,
11935,-1.60e-02,3.62e+01,
11936,-1.60e-02,3.62e+01,
11937,-8.00e-03,3.62e+01,
11938,-8.00e-03,3.58e+01,
11939,-8.00e-03,3.58e+01,
11940,-8.00e-03,3.58e+01,
11941,-8.00e-03,3.58e+01,
11942,-8.00e-03,3.58e+01,
11943,-8.00e-03,3.58e+01,
11944,-8.00e-03,3.58e+01,
11945,-8.00e-03,3.58e+01,
11946,-8.00e-03,3.58e+01,
11947,-8.00e-03,3.58e+01,
11948,-8.00e-03,3.58e+01,
11949,-8.00e-03,3.62e+01,
11950,-8.00e-03,3.62e+01,
11951,-8.00e-03,3.62e+01,
11952,-8.00e-03,3.62e+01,
11953,-8.00e-03,3.66e+01,
11954,-8.00e-03,3.66e+01,
11955,-8.00e-03,3.66e+01,
11956,-8.00e-03,3.66e+01,
11957,-8.00e-03,3.66e+01,
11958,-8.00e-03,3.70e+01,
11959,-1.60e-02,3.70e+01,
11960,-1.60e-02,3.70e+01,
11961,-1.60e-02,3.70e+01,
11962,-1.60e-02,3.70e+01,
11963,-1.60e-02,3.70e+01,
11964,-1.60e-02,3.70e+01,
11965,-1.60e-02,3.70e+01,
11966,-1.60e-02,3.70e+01,
11967,-1.60e-02,3.70e+01,
11968,-1.60e-02,3.66e+01,
11969,-1.60e-02,3.70e+01,
11970,-1.60e-02,3.66e+01,
11971,-1.60e-02,3.66e+01,
11972,-1.60e-02,3.66e+01,
11973,-1.60e-02,3.66e+01,
11974,-1.60e-02,3.62e+01,
11975,-1.60e-02,3.62e+01,
11976,-1.60e-02,3.62e+01,
11977,-8.00e-03,3.62e+01,
11978,-8.00e-03,3.58e+01,
11979,-8.00e-03,3.62e+01,
11980,-8.00e-03,3.62e+01,
11981,-8.00e-03,3.58e+01,
11982,-8.00e-03,3.58e+01,
11983,-8.00e-03,3.58e+01,
11984,-8.00e-03,3.58e+01,
11985,-8.00e-03,3.58e+01,
11986,-8.00e-03,3.58e+01,
11987,-8.00e-03,3.62e+01,
11988,-8.00e-03,3.62e+01,
11989,-8.00e-03,3.58e+01,
11990,-8.00e-03,3.62e+01,
11991,-8.00e-03,3.62e+01,
11992,-8.00e-03,3.62e+01,
11993,-8.00e-03,3.66e+01,
11994,-8.00e-03,3.66e+01,
11995,-8.00e-03,3.66e+01,
11996,-8.00e-03,3.66e+01,
11997,-8.00e-03,3.66e+01,
11998,-8.00e-03,3.66e+01,
11999,-1.60e-02,3.70e+01,
12000,-1.60e-02,3.66e+01,
12001,-8.00e-03,3.70e+01,
12002,-1.60e-02,3.70e+01,
12003,-1.60e-02,3.70e+01,
12004,-1.60e-02,3.70e+01,
12005,-1.60e-02,3.70e+01,
12006,-1.60e-02,3.70e+01,
12007,-1.60e-02,3.70e+01,
12008,-1.60e-02,3.66e+01,
12009,-1.60e-02,3.66e+01,
12010,-1.60e-02,3.66e+01,
12011,-1.60e-02,3.66e+01,
12012,-1.60e-02,3.66e+01,
12013,-1.60e-02,3.66e+01,
12014,-1.60e-02,3.62e+01,
12015,-1.60e-02,3.66e+01,
12016,-8.00e-03,3.62e+01,
12017,-8.00e-03,3.62e+01,
12018,-1.60e-02,3.62e+01,
12019,-1.60e-02,3.62e+01,
12020,-8.00e-03,3.62e+01,
12021,-8.00e-03,3.58e+01,
12022,-8.00e-03,3.62e+01,
12023,-8.00e-03,3.62e+01,
12024,-8.00e-03,3.58e+01,
12025,-8.00e-03,3.62e+01,
12026,-8.00e-03,3.62e+01,
12027,-8.00e-03,3.62e+01,
12028,-8.00e-03,3.62e+01,
12029,-8.00e-03,3.62e+01,
12030,-8.00e-03,3.62e+01,
12031,-8.00e-03,3.62e+01,
12032,-8.00e-03,3.62e+01,
12033,-8.00e-03,3.66e+01,
12034,-8.00e-03,3.66e+01,
12035,-8.00e-03,3.66e+01,
12036,-8.00e-03,3.66e+01,
12037,-8.00e-03,3.66e+01,
12038,-8.00e-03,3.66e+01,
12039,-1.60e-02,3.66e+01,
12040,-1.60e-02,3.66e+01,
12041,-8.00e-03,3.70e+01,
12042,-1.60e-02,3.66e+01,
12043,-1.60e-02,3.70e+01,
12044,-1.60e-02,3.70e+01,
12045,-1.60e-02,3.66e+01,
12046,-1.60e-02,3.66e+01,
12047,-1.60e-02,3.66e+01,
12048,-1.60e-02,3.66e+01,
12049,-1.60e-02,3.66e+01,
12050,-1.60e-02,3.66e+01,
12051,-1.60e-02,3.66e+01,
12052,-1.60e-02,3.66e+01,
12053,-1.60e-02,3.66e+01,
12054,-1.60e-02,3.62e+01,
12055,-1.60e-02,3.62e+01,
12056,-1.60e-02,3.62e+01,
12057,-8.00e-03,3.62e+01,
12058,-1.60e-02,3.62e+01,
12059,-8.00e-03,3.62e+01,
12060,-8.00e-03,3.62e+01,
12061,-8.00e-03,3.62e+01,
12062,-8.00e-03,3.62e+01,
12063,-8.00e-03,3.62e+01,
12064,-8.00e-03,3.62e+01,
12065,-8.00e-03,3.62e+01,
12066,-8.00e-03,3.62e+01,
12067,-8.00e-03,3.62e+01,
12068,-8.00e-03,3.62e+01,
12069,-8.00e-03,3.62e+01,
12070,-8.00e-03,3.62e+01,
12071,-8.00e-03,3.62e+01,
12072,-8.00e-03,3.62e+01,
12073,-8.00e-03,3.66e+01,
12074,-8.00e-03,3.66e+01,
12075,-8.00e-03,3.66e+01,
12076,-8.00e-03,3.66e+01,
12077,-8.00e-03,3.66e+01,
12078,-8.00e-03,3.66e+01,
12079,-1.60e-02,3.66e+01,
12080,-8.00e-03,3.66e+01,
12081,-8.00e-03,3.66e+01,
12082,-1.60e-02,3.66e+01,
12083,-1.60e-02,3.66e+01,
12084,-1.60e-02,3.66e+01,
12085,-1.60e-02,3.66e+01,
12086,-1.60e-02,3.66e+01,
12087,-1.60e-02,3.66e+01,
12088,-1.60e-02,3.66e+01,
12089,-1.60e-02,3.66e+01,
12090,-1.60e-02,3.66e+01,
12091,-1.60e-02,3.66e+01,
12092,-1.60e-02,3.66e+01,
12093,-1.60e-02,3.66e+01,
12094,-8.00e-03,3.66e+01,
12095,-1.60e-02,3.66e+01,
12096,-1.60e-02,3.62e+01,
12097,-8.00e-03,3.62e+01,
12098,-8.00e-03,3.62e+01,
12099,-1.60e-02,3.62e+01,
12100,-8.00e-03,3.62e+01,
12101,-8.00e-03,3.62e+01,
12102,-8.00e-03,3.62e+01,
12103,-8.00e-03,3.62e+01,
12104,-8.00e-03,3.62e+01,
12105,-8.00e-03,3.62e+01,
12106,-8.00e-03,3.62e+01,
12107,-8.00e-03,3.62e+01,
12108,-8.00e-03,3.62e+01,
12109,-8.00e-03,3.62e+01,
12110,-8.00e-03,3.62e+01,
12111,-8.00e-03,3.62e+01,
12112,-8.00e-03,3.62e+01,
12113,-8.00e-03,3.62e+01,
12114,-8.00e-03,3.66e+01,
12115,-8.00e-03,3.62e+01,
12116,-8.00e-03,3.66e+01,
12117,-8.00e-03,3.66e+01,
12118,-8.00e-03,3.66e+01,
12119,-1.60e-02,3.66e+01,
12120,-8.00e-03,3.66e+01,
12121,-8.00e-03,3.66e+01,
12122,-1.60e-02,3.66e+01,
12123,-1.60e-02,3.66e+01,
12124,-1.60e-02,3.66e+01,
12125,-8.00e-03,3.66e+01,
12126,-8.00e-03,3.66e+01,
12127,-1.60e-02,3.66e+01,
12128,-1.60e-02,3.66e+01,
12129,-8.00e-03,3.66e+01,
12130,-1.60e-02,3.66e+01,
12131,-1.60e-02,3.66e+01,
12132,-1.60e-02,3.66e+01,
12133,-8.00e-03,3.66e+01,
12134,-8.00e-03,3.62e+01,
12135,-1.60e-02,3.62e+01,
12136,-8.00e-03,3.62e+01,
12137,-8.00e-03,3.66e+01,
12138,-8.00e-03,3.62e+01,
12139,-1.60e-02,3.62e+01,
12140,-8.00e-03,3.62e+01,
12141,-8.00e-03,3.62e+01,
12142,-8.00e-03,3.62e+01,
12143,-8.00e-03,3.62e+01,
12144,-8.00e-03,3.62e+01,
12145,-8.00e-03,3.62e+01,
12146,-8.00e-03,3.62e+01,
12147,-8.00e-03,3.62e+01,
12148,-8.00e-03,3.62e+01,
12149,-8.00e-03,3.62e+01,
12150,-8.00e-03,3.62e+01,
12151,-8.00e-03,3.62e+01,
12152,-8.00e-03,3.62e+01,
12153,-8.00e-03,3.62e+01,
12154,-8.00e-03,3.62e+01,
12155,-8.00e-03,3.66e+01,
12156,-8.00e-03,3.66e+01,
12157,-8.00e-03,3.66e+01,
12158,-8.00e-03,3.66e+01,
12159,-8.00e-03,3.66e+01,
12160,-8.00e-03,3.66e+01,
12161,-8.00e-03,3.66e+01,
12162,-1.60e-02,3.66e+01,
12163,-1.60e-02,3.66e+01,
12164,-1.60e-02,3.66e+01,
12165,-8.00e-03,3.66e+01,
12166,-1.60e-02,3.66e+01,
12167,-1.60e-02,3.66e+01,
12168,-1.60e-02,3.66e+01,
12169,-8.00e-03,3.66e+01,
12170,-1.60e-02,3.66e+01,
12171,-1.60e-02,3.66e+01,
12172,-1.60e-02,3.66e+01,
12173,-8.00e-03,3.66e+01,
12174,-8.00e-03,3.66e+01,
12175,-1.60e-02,3.66e+01,
12176,-8.00e-03,3.62e+01,
12177,-8.00e-03,3.62e+01,
12178,-8.00e-03,3.62e+01,
12179,-8.00e-03,3.62e+01,
12180,-8.00e-03,3.62e+01,
12181,-8.00e-03,3.62e+01,
12182,-8.00e-03,3.62e+01,
12183,-8.00e-03,3.62e+01,
12184,-8.00e-03,3.62e+01,
12185,-8.00e-03,3.62e+01,
12186,-8.00e-03,3.62e+01,
12187,-8.00e-03,3.62e+01,
12188,-8.00e-03,3.62e+01,
12189,-8.00e-03,3.62e+01,
12190,-8.00e-03,3.62e+01,
12191,-8.00e-03,3.62e+01,
12192,-8.00e-03,3.62e+01,
12193,-8.00e-03,3.66e+01,
12194,-8.00e-03,3.66e+01,
12195,-8.00e-03,3.66e+01,
12196,-8.00e-03,3.66e+01,
12197,-8.00e-03,3.66e+01,
12198,-8.00e-03,3.66e+01,
12199,-1.60e-02,3.66e+01,
12200,-8.00e-03,3.66e+01,
12201,-8.00e-03,3.66e+01,
12202,-1.60e-02,3.66e+01,
12203,-1.60e-02,3.66e+01,
12204,-1.60e-02,3.66e+01,
12205,-8.00e-03,3.66e+01,
12206,-8.00e-03,3.66e+01,
12207,-1.60e-02,3.66e+01,
12208,-1.60e-02,3.66e+01,
12209,-8.00e-03,3.66e+01,
12210,-8.00e-03,3.66e+01,
12211,-1.60e-02,3.62e+01,
12212,-1.60e-02,3.66e+01,
12213,-8.00e-03,3.62e+01,
12214,-8.00e-03,3.66e+01,
12215,-1.60e-02,3.66e+01,
12216,-8.00e-03,3.62e+01,
12217,-8.00e-03,3.62e+01,
12218,-8.00e-03,3.62e+01,
12219,-8.00e-03,3.62e+01,
12220,-8.00e-03,3.62e+01,
12221,-8.00e-03,3.62e+01,
12222,-8.00e-03,3.62e+01,
12223,-8.00e-03,3.62e+01,
12224,-8.00e-03,3.62e+01,
12225,-8.00e-03,3.62e+01,
12226,-8.00e-03,3.62e+01,
12227,-8.00e-03,3.62e+01,
12228,-8.00e-03,3.62e+01,
12229,-8.00e-03,3.62e+01,
12230,-8.00e-03,3.62e+01,
12231,-8.00e-03,3.62e+01,
12232,-8.00e-03,3.62e+01,
12233,-8.00e-03,3.66e+01,
12234,-8.00e-03,3.62e+01,
12235,-8.00e-03,3.62e+01,
12236,-8.00e-03,3.62e+01,
12237,-8.00e-03,3.62e+01,
12238,-8.00e-03,3.62e+01,
12239,-1.60e-02,3.66e+01,
12240,-8.00e-03,3.66e+01,
12241,-8.00e-03,3.66e+01,
12242,-8.00e-03,3.66e+01,
12243,-1.60e-02,3.66e+01,
12244,-8.00e-03,3.66e+01,
12245,-8.00e-03,3.66e+01,
12246,-8.00e-03,3.66e+01,
12247,-1.60e-02,3.66e+01,
12248,-8.00e-03,3.62e+01,
12249,-8.00e-03,3.66e+01,
12250,-8.00e-03,3.62e+01,
12251,-1.60e-02,3.66e+01,
12252,-8.00e-03,3.66e+01,
12253,-8.00e-03,3.62e+01,
12254,-8.00e-03,3.62e+01,
12255,-1.60e-02,3.66e+01,
12256,-8.00e-03,3.62e+01,
12257,-8.00e-03,3.66e+01,
12258,-8.00e-03,3.62e+01,
12259,-1.60e-02,3.62e+01,
12260,-8.00e-03,3.62e+01,
12261,-8.00e-03,3.62e+01,
12262,-8.00e-03,3.62e+01,
12263,-8.00e-03,3.62e+01,
12264,-8.00e-03,3.62e+01,
12265,-8.00e-03,3.62e+01,
12266,-8.00e-03,3.62e+01,
12267,-8.00e-03,3.62e+01,
12268,-8.00e-03,3.62e+01,
12269,-8.00e-03,3.62e+01,
12270,-8.00e-03,3.62e+01,
12271,-8.00e-03,3.62e+01,
12272,-8.00e-03,3.62e+01,
12273,-8.00e-03,3.66e+01,
12274,-8.00e-03,3.62e+01,
12275,-1.60e-02,3.62e+01,
12276,-8.00e-03,3.66e+01,
12277,-8.00e-03,3.62e+01,
12278,-8.00e-03,3.62e+01,
12279,-1.60e-02,3.66e+01,
12280,-8.00e-03,3.62e+01,
12281,-8.00e-03,3.66e+01,
12282,-8.00e-03,3.66e+01,
12283,-1.60e-02,3.66e+01,
12284,-8.00e-03,3.66e+01,
12285,-8.00e-03,3.66e+01,
12286,-8.00e-03,3.66e+01,
12287,-1.60e-02,3.66e+01,
12288,-8.00e-03,3.66e+01,
12289,-8.00e-03,3.66e+01,
12290,-8.00e-03,3.66e+01,
12291,-1.60e-02,3.66e+01,
12292,-1.60e-02,3.66e+01,
12293,-8.00e-03,3.66e+01,
12294,-8.00e-03,3.62e+01,
12295,-1.60e-02,3.62e+01,
12296,-8.00e-03,3.62e+01,
12297,-8.00e-03,3.66e+01,
12298,-8.00e-03,3.62e+01,
12299,-1.60e-02,3.62e+01,
12300,-8.00e-03,3.62e+01,
12301,-8.00e-03,3.62e+01,
12302,-8.00e-03,3.62e+01,
12303,-8.00e-03,3.62e+01,
12304,-8.00e-03,3.62e+01,
12305,-8.00e-03,3.62e+01,
12306,-8.00e-03,3.62e+01,
12307,-1.60e-02,3.62e+01,
12308,-8.00e-03,3.62e+01,
12309,-8.00e-03,3.62e+01,
12310,-8.00e-03,3.62e+01,
12311,-8.00e-03,3.62e+01,
12312,-8.00e-03,3.62e+01,
12313,-8.00e-03,3.62e+01,
12314,-8.00e-03,3.62e+01,
12315,-8.00e-03,3.62e+01,
12316,-8.00e-03,3.62e+01,
12317,-8.00e-03,3.62e+01,
12318,-8.00e-03,3.66e+01,
12319,-1.60e-02,3.66e+01,
12320,-8.00e-03,3.66e+01,
12321,-8.00e-03,3.66e+01,
12322,-8.00e-03,3.62e+01,
12323,-1.60e-02,3.66e+01,
12324,-8.00e-03,3.66e+01,
12325,-8.00e-03,3.66e+01,
12326,-8.00e-03,3.66e+01,
12327,-1.60e-02,3.66e+01,
12328,-8.00e-03,3.66e+01,
12329,-8.00e-03,3.66e+01,
12330,-8.00e-03,3.66e+01,
12331,-1.60e-02,3.66e+01,
12332,-8.00e-03,3.62e+01,
12333,-8.00e-03,3.62e+01,
12334,-8.00e-03,3.62e+01,
12335,-1.60e-02,3.66e+01,
12336,-8.00e-03,3.62e+01,
12337,-8.00e-03,3.62e+01,
12338,-8.00e-03,3.62e+01,
12339,-8.00e-03,3.62e+01,
12340,-8.00e-03,3.62e+01,
12341,-8.00e-03,3.62e+01,
12342,-8.00e-03,3.62e+01,
12343,-8.00e-03,3.62e+01,
12344,-8.00e-03,3.62e+01,
12345,-8.00e-03,3.62e+01,
12346,-8.00e-03,3.62e+01,
12347,-8.00e-03,3.62e+01,
12348,-8.00e-03,3.62e+01,
12349,-8.00e-03,3.62e+01,
12350,-8.00e-03,3.62e+01,
12351,-8.00e-03,3.62e+01,
12352,-8.00e-03,3.62e+01,
12353,-8.00e-03,3.62e+01,
12354,-8.00e-03,3.62e+01,
12355,-8.00e-03,3.62e+01,
12356,-8.00e-03,3.62e+01,
12357,-8.00e-03,3.66e+01,
12358,-8.00e-03,3.62e+01,
12359,-1.60e-02,3.62e+01,
12360,-8.00e-03,3.62e+01,
12361,-8.00e-03,3.66e+01,
12362,-8.00e-03,3.62e+01,
12363,-1.60e-02,3.62e+01,
12364,-8.00e-03,3.66e+01,
12365,-8.00e-03,3.66e+01,
12366,-8.00e-03,3.62e+01,
12367,-1.60e-02,3.66e+01,
12368,-8.00e-03,3.62e+01,
12369,-8.00e-03,3.66e+01,
12370,-8.00e-03,3.62e+01,
12371,-1.60e-02,3.62e+01,
12372,-8.00e-03,3.62e+01,
12373,-8.00e-03,3.62e+01,
12374,-8.00e-03,3.62e+01,
12375,-1.60e-02,3.66e+01,
12376,-8.00e-03,3.62e+01,
12377,-8.00e-03,3.66e+01,
12378,-8.00e-03,3.62e+01,
12379,-8.00e-03,3.62e+01,
12380,-8.00e-03,3.62e+01,
12381,-8.00e-03,3.62e+01,
12382,-8.00e-03,3.62e+01,
12383,-1.60e-02,3.62e+01,
12384,-8.00e-03,3.62e+01,
12385,-8.00e-03,3.62e+01,
12386,-8.00e-03,3.62e+01,
12387,-1.60e-02,3.62e+01,
12388,-8.00e-03,3.62e+01,
12389,-8.00e-03,3.62e+01,
12390,-8.00e-03,3.62e+01,
12391,-1.60e-02,3.62e+01,
12392,-8.00e-03,3.62e+01,
12393,-8.00e-03,3.62e+01,
12394,-8.00e-03,3.62e+01,
12395,-8.00e-03,3.66e+01,
12396,-8.00e-03,3.62e+01,
12397,-8.00e-03,3.66e+01,
12398,-8.00e-03,3.62e+01,
12399,-1.60e-02,3.66e+01,
12400,-8.00e-03,3.62e+01,
12401,-8.00e-03,3.66e+01,
12402,-8.00e-03,3.62e+01,
12403,-1.60e-02,3.66e+01,
12404,-8.00e-03,3.66e+01,
12405,-8.00e-03,3.66e+01,
12406,-8.00e-03,3.62e+01,
12407,-1.60e-02,3.66e+01,
12408,-8.00e-03,3.62e+01,
12409,-8.00e-03,3.66e+01,
12410,-8.00e-03,3.62e+01,
12411,-1.60e-02,3.62e+01,
12412,-8.00e-03,3.62e+01,
12413,-8.00e-03,3.62e+01,
12414,-8.00e-03,3.62e+01,
12415,-1.60e-02,3.66e+01,
12416,-8.00e-03,3.62e+01,
12417,-8.00e-03,3.66e+01,
12418,-8.00e-03,3.62e+01,
12419,-1.60e-02,3.62e+01,
12420,-8.00e-03,3.62e+01,
12421,-8.00e-03,3.62e+01,
12422,-8.00e-03,3.62e+01,
12423,-8.00e-03,3.62e+01,
12424,-8.00e-03,3.62e+01,
12425,-8.00e-03,3.62e+01,
12426,-8.00e-03,3.62e+01,
12427,-8.00e-03,3.62e+01,
12428,-8.00e-03,3.62e+01,
12429,-8.00e-03,3.62e+01,
12430,-8.00e-03,3.62e+01,
12431,-8.00e-03,3.62e+01,
12432,-8.00e-03,3.62e+01,
12433,-8.00e-03,3.66e+01,
12434,-8.00e-03,3.62e+01,
12435,-8.00e-03,3.62e+01,
12436,-8.00e-03,3.62e+01,
12437,-8.00e-03,3.62e+01,
12438,-8.00e-03,3.62e+01,
12439,-8.00e-03,3.62e+01,
12440,-8.00e-03,3.66e+01,
12441,-8.00e-03,3.66e+01,
12442,-8.00e-03,3.62e+01,
12443,-8.00e-03,3.62e+01,
12444,-8.00e-03,3.66e+01,
12445,-8.00e-03,3.62e+01,
12446,-8.00e-03,3.62e+01,
12447,-8.00e-03,3.62e+01,
12448,-8.00e-03,3.62e+01,
12449,-8.00e-03,3.66e+01,
12450,-8.00e-03,3.62e+01,
12451,-1.60e-02,3.62e+01,
12452,-8.00e-03,3.62e+01,
12453,-8.00e-03,3.66e+01,
12454,-8.00e-03,3.62e+01,
12455,-8.00e-03,3.62e+01,
12456,-8.00e-03,3.62e+01,
12457,-8.00e-03,3.62e+01,
12458,-8.00e-03,3.62e+01,
12459,-8.00e-03,3.62e+01,
12460,-8.00e-03,3.62e+01,
12461,-8.00e-03,3.62e+01,
12462,-8.00e-03,3.62e+01,
12463,-8.00e-03,3.62e+01,
12464,-8.00e-03,3.62e+01,
12465,-8.00e-03,3.62e+01,
12466,-8.00e-03,3.62e+01,
12467,-8.00e-03,3.62e+01,
12468,-8.00e-03,3.62e+01,
12469,-8.00e-03,3.62e+01,
12470,-8.00e-03,3.62e+01,
12471,-1.60e-02,3.62e+01,
12472,-8.00e-03,3.62e+01,
12473,-8.00e-03,3.62e+01,
12474,-8.00e-03,3.62e+01,
12475,-8.00e-03,3.62e+01,
12476,-8.00e-03,3.62e+01,
12477,-8.00e-03,3.62e+01,
12478,-8.00e-03,3.62e+01,
12479,-8.00e-03,3.66e+01,
12480,-8.00e-03,3.62e+01,
12481,-8.00e-03,3.66e+01,
12482,-8.00e-03,3.62e+01,
12483,-8.00e-03,3.62e+01,
12484,-8.00e-03,3.62e+01,
12485,-8.00e-03,3.66e+01,
12486,-8.00e-03,3.62e+01,
12487,-8.00e-03,3.66e+01,
12488,-8.00e-03,3.62e+01,
12489,-8.00e-03,3.62e+01,
12490,-8.00e-03,3.62e+01,
12491,-8.00e-03,3.62e+01,
12492,-8.00e-03,3.62e+01,
12493,-8.00e-03,3.62e+01,
12494,-8.00e-03,3.62e+01,
12495,-8.00e-03,3.62e+01,
12496,-8.00e-03,3.62e+01,
12497,-8.00e-03,3.62e+01,
12498,-8.00e-03,3.62e+01,
12499,-8.00e-03,3.62e+01,
12500,-8.00e-03,3.62e+01,
12501,-8.00e-03,3.62e+01,
12502,-8.00e-03,3.62e+01,
12503,-8.00e-03,3.62e+01,
12504,-8.00e-03,3.62e+01,
12505,-8.00e-03,3.62e+01,
12506,-8.00e-03,3.62e+01,
12507,-8.00e-03,3.62e+01,
12508,-8.00e-03,3.62e+01,
12509,-8.00e-03,3.62e+01,
12510,-8.00e-03,3.62e+01,
12511,-8.00e-03,3.66e+01,
12512,-8.00e-03,3.62e+01,
12513,-8.00e-03,3.62e+01,
12514,-8.00e-03,3.62e+01,
12515,-8.00e-03,3.62e+01,
12516,-8.00e-03,3.62e+01,
12517,-8.00e-03,3.62e+01,
12518,-8.00e-03,3.62e+01,
12519,-8.00e-03,3.62e+01,
12520,-8.00e-03,3.62e+01,
12521,-8.00e-03,3.62e+01,
12522,-8.00e-03,3.62e+01,
12523,-8.00e-03,3.62e+01,
12524,-8.00e-03,3.62e+01,
12525,-8.00e-03,3.62e+01,
12526,-8.00e-03,3.62e+01,
12527,-1.60e-02,3.62e+01,
12528,-8.00e-03,3.62e+01,
12529,-8.00e-03,3.62e+01,
12530,-8.00e-03,3.62e+01,
12531,-1.60e-02,3.62e+01,
12532,-8.00e-03,3.66e+01,
12533,-8.00e-03,3.66e+01,
12534,-8.00e-03,3.62e+01,
12535,-8.00e-03,3.66e+01,
12536,-8.00e-03,3.62e+01,
12537,-8.00e-03,3.62e+01,
12538,-8.00e-03,3.62e+01,
12539,-8.00e-03,3.62e+01,
12540,-8.00e-03,3.62e+01,
12541,-8.00e-03,3.62e+01,
12542,-8.00e-03,3.62e+01,
12543,-8.00e-03,3.62e+01,
12544,-8.00e-03,3.62e+01,
12545,-8.00e-03,3.62e+01,
12546,-8.00e-03,3.62e+01,
12547,-8.00e-03,3.66e+01,
12548,-8.00e-03,3.62e+01,
12549,-8.00e-03,3.62e+01,
12550,-8.00e-03,3.62e+01,
12551,-8.00e-03,3.62e+01,
12552,-8.00e-03,3.62e+01,
12553,-8.00e-03,3.62e+01,
12554,-8.00e-03,3.62e+01,
12555,-8.00e-03,3.62e+01,
12556,-8.00e-03,3.62e+01,
12557,-8.00e-03,3.62e+01,
12558,-8.00e-03,3.62e+01,
12559,-8.00e-03,3.62e+01,
12560,-8.00e-03,3.62e+01,
12561,-8.00e-03,3.62e+01,
12562,-8.00e-03,3.62e+01,
12563,-1.60e-02,3.62e+01,
12564,-8.00e-03,3.62e+01,
12565,-8.00e-03,3.62e+01,
12566,-8.00e-03,3.62e+01,
12567,-8.00e-03,3.62e+01,
12568,-8.00e-03,3.62e+01,
12569,-8.00e-03,3.62e+01,
12570,-8.00e-03,3.62e+01,
12571,-1.60e-02,3.62e+01,
12572,-8.00e-03,3.62e+01,
12573,-8.00e-03,3.66e+01,
12574,-8.00e-03,3.62e+01,
12575,-8.00e-03,3.62e+01,
12576,-8.00e-03,3.62e+01,
12577,-8.00e-03,3.62e+01,
12578,-8.00e-03,3.62e+01,
12579,-8.00e-03,3.62e+01,
12580,-8.00e-03,3.62e+01,
12581,-8.00e-03,3.62e+01,
12582,-8.00e-03,3.62e+01,
12583,-8.00e-03,3.62e+01,
12584,-8.00e-03,3.62e+01,
12585,-8.00e-03,3.62e+01,
12586,-8.00e-03,3.62e+01,
12587,-8.00e-03,3.62e+01,
12588,-8.00e-03,3.62e+01,
12589,-8.00e-03,3.62e+01,
12590,-8.00e-03,3.62e+01,
12591,-8.00e-03,3.62e+01,
12592,-8.00e-03,3.62e+01,
12593,-8.00e-03,3.62e+01,
12594,-8.00e-03,3.62e+01,
12595,-8.00e-03,3.62e+01,
12596,-8.00e-03,3.66e+01,
12597,-8.00e-03,3.62e+01,
12598,-8.00e-03,3.62e+01,
12599,-8.00e-03,3.62e+01,
12600,-8.00e-03,3.62e+01,
12601,-8.00e-03,3.62e+01,
12602,-8.00e-03,3.62e+01,
12603,-8.00e-03,3.62e+01,
12604,-8.00e-03,3.62e+01,
12605,-8.00e-03,3.66e+01,
12606,-8.00e-03,3.66e+01,
12607,-8.00e-03,3.62e+01,
12608,-8.00e-03,3.62e+01,
12609,-8.00e-03,3.62e+01,
12610,-8.00e-03,3.62e+01,
12611,-8.00e-03,3.62e+01,
12612,-8.00e-03,3.66e+01,
12613,-8.00e-03,3.62e+01,
12614,-8.00e-03,3.62e+01,
12615,-8.00e-03,3.62e+01,
12616,-8.00e-03,3.62e+01,
12617,-8.00e-03,3.62e+01,
12618,-8.00e-03,3.62e+01,
12619,-8.00e-03,3.62e+01,
12620,-8.00e-03,3.62e+01,
12621,-8.00e-03,3.62e+01,
12622,-8.00e-03,3.62e+01,
12623,-8.00e-03,3.62e+01,
12624,-8.00e-03,3.62e+01,
12625,-8.00e-03,3.62e+01,
12626,-8.00e-03,3.62e+01,
12627,-8.00e-03,3.62e+01,
12628,-8.00e-03,3.62e+01,
12629,-8.00e-03,3.62e+01,
12630,-8.00e-03,3.62e+01,
12631,-8.00e-03,3.62e+01,
12632,-8.00e-03,3.62e+01,
12633,-8.00e-03,3.62e+01,
12634,-8.00e-03,3.62e+01,
12635,-8.00e-03,3.62e+01,
12636,-8.00e-03,3.62e+01,
12637,-8.00e-03,3.62e+01,
12638,-8.00e-03,3.62e+01,
12639,-8.00e-03,3.62e+01,
12640,-8.00e-03,3.62e+01,
12641,-8.00e-03,3.62e+01,
12642,-8.00e-03,3.62e+01,
12643,-1.60e-02,3.62e+01,
12644,-8.00e-03,3.66e+01,
12645,-8.00e-03,3.62e+01,
12646,-8.00e-03,3.62e+01,
12647,-8.00e-03,3.62e+01,
12648,-8.00e-03,3.62e+01,
12649,-8.00e-03,3.62e+01,
12650,-8.00e-03,3.62e+01,
12651,-8.00e-03,3.62e+01,
12652,-8.00e-03,3.62e+01,
12653,-8.00e-03,3.62e+01,
12654,-8.00e-03,3.62e+01,
12655,-8.00e-03,3.62e+01,
12656,-8.00e-03,3.62e+01,
12657,-8.00e-03,3.66e+01,
12658,-8.00e-03,3.62e+01,
12659,-8.00e-03,3.62e+01,
12660,-8.00e-03,3.62e+01,
12661,-8.00e-03,3.62e+01,
12662,-8.00e-03,3.62e+01,
12663,-8.00e-03,3.62e+01,
12664,-8.00e-03,3.62e+01,
12665,-8.00e-03,3.66e+01,
12666,-8.00e-03,3.62e+01,
12667,-1.60e-02,3.62e+01,
12668,-8.00e-03,3.62e+01,
12669,-8.00e-03,3.62e+01,
12670,-8.00e-03,3.62e+01,
12671,-8.00e-03,3.62e+01,
12672,-8.00e-03,3.62e+01,
12673,-8.00e-03,3.66e+01,
12674,-8.00e-03,3.62e+01,
12675,-8.00e-03,3.62e+01,
12676,-8.00e-03,3.62e+01,
12677,-8.00e-03,3.62e+01,
12678,-8.00e-03,3.62e+01,
12679,-8.00e-03,3.62e+01,
12680,-8.00e-03,3.62e+01,
12681,-8.00e-03,3.66e+01,
12682,-8.00e-03,3.62e+01,
12683,-8.00e-03,3.62e+01,
12684,-8.00e-03,3.62e+01,
12685,-8.00e-03,3.62e+01,
12686,-8.00e-03,3.62e+01,
12687,-8.00e-03,3.62e+01,
12688,-8.00e-03,3.62e+01,
12689,-8.00e-03,3.62e+01,
12690,-8.00e-03,3.62e+01,
12691,-8.00e-03,3.62e+01,
12692,-8.00e-03,3.62e+01,
12693,-8.00e-03,3.62e+01,
12694,-8.00e-03,3.62e+01,
12695,-8.00e-03,3.62e+01,
12696,-8.00e-03,3.62e+01,
12697,-8.00e-03,3.62e+01,
12698,-8.00e-03,3.62e+01,
12699,-8.00e-03,3.66e+01,
12700,-8.00e-03,3.66e+01,
12701,-8.00e-03,3.62e+01,
12702,-8.00e-03,3.62e+01,
12703,-8.00e-03,3.62e+01,
12704,-8.00e-03,3.62e+01,
12705,-8.00e-03,3.66e+01,
12706,-8.00e-03,3.62e+01,
12707,-8.00e-03,3.62e+01,
12708,-8.00e-03,3.62e+01,
12709,-8.00e-03,3.62e+01,
12710,-8.00e-03,3.62e+01,
12711,-8.00e-03,3.62e+01,
12712,-8.00e-03,3.62e+01,
12713,-8.00e-03,3.62e+01,
12714,-8.00e-03,3.62e+01,
12715,-8.00e-03,3.62e+01,
12716,-8.00e-03,3.62e+01,
12717,-8.00e-03,3.62e+01,
12718,-8.00e-03,3.62e+01,
12719,-8.00e-03,3.62e+01,
12720,-8.00e-03,3.62e+01,
12721,-8.00e-03,3.66e+01,
12722,-8.00e-03,3.62e+01,
12723,-8.00e-03,3.62e+01,
12724,-8.00e-03,3.62e+01,
12725,-8.00e-03,3.62e+01,
12726,-8.00e-03,3.62e+01,
12727,-8.00e-03,3.62e+01,
12728,-8.00e-03,3.62e+01,
12729,-8.00e-03,3.62e+01,
12730,-8.00e-03,3.66e+01,
12731,-8.00e-03,3.62e+01,
12732,-8.00e-03,3.62e+01,
12733,-8.00e-03,3.62e+01,
12734,-8.00e-03,3.62e+01,
12735,-8.00e-03,3.62e+01,
12736,-8.00e-03,3.62e+01,
12737,-8.00e-03,3.62e+01,
12738,-8.00e-03,3.62e+01,
12739,-8.00e-03,3.62e+01,
12740,-8.00e-03,3.62e+01,
12741,-8.00e-03,3.62e+01,
12742,-8.00e-03,3.62e+01,
12743,-8.00e-03,3.62e+01,
12744,-8.00e-03,3.62e+01,
12745,-8.00e-03,3.62e+01,
12746,-8.00e-03,3.62e+01,
12747,-8.00e-03,3.62e+01,
12748,-8.00e-03,3.62e+01,
12749,-8.00e-03,3.62e+01,
12750,-8.00e-03,3.62e+01,
12751,-8.00e-03,3.62e+01,
12752,-8.00e-03,3.62e+01,
12753,-8.00e-03,3.62e+01,
12754,-8.00e-03,3.62e+01,
12755,-8.00e-03,3.62e+01,
12756,-8.00e-03,3.62e+01,
12757,-8.00e-03,3.62e+01,
12758,-8.00e-03,3.62e+01,
12759,-8.00e-03,3.66e+01,
12760,-8.00e-03,3.62e+01,
12761,-8.00e-03,3.62e+01,
12762,-8.00e-03,3.62e+01,
12763,-8.00e-03,3.62e+01,
12764,-8.00e-03,3.62e+01,
12765,-8.00e-03,3.62e+01,
12766,-8.00e-03,3.62e+01,
12767,-8.00e-03,3.62e+01,
12768,-8.00e-03,3.62e+01,
12769,-8.00e-03,3.62e+01,
12770,-8.00e-03,3.62e+01,
12771,-8.00e-03,3.62e+01,
12772,-8.00e-03,3.62e+01,
12773,-8.00e-03,3.62e+01,
12774,-8.00e-03,3.62e+01,
12775,-8.00e-03,3.62e+01,
12776,-8.00e-03,3.62e+01,
12777,-8.00e-03,3.62e+01,
12778,-8.00e-03,3.62e+01,
12779,-8.00e-03,3.62e+01,
12780,-8.00e-03,3.62e+01,
12781,-8.00e-03,3.62e+01,
12782,-8.00e-03,3.62e+01,
12783,-8.00e-03,3.62e+01,
12784,-8.00e-03,3.62e+01,
12785,-8.00e-03,3.62e+01,
12786,-8.00e-03,3.62e+01,
12787,-8.00e-03,3.62e+01,
12788,-8.00e-03,3.62e+01,
12789,-8.00e-03,3.62e+01,
12790,-8.00e-03,3.62e+01,
12791,-8.00e-03,3.62e+01,
12792,-8.00e-03,3.62e+01,
12793,-8.00e-03,3.62e+01,
12794,-8.00e-03,3.62e+01,
12795,-8.00e-03,3.62e+01,
12796,-8.00e-03,3.62e+01,
12797,-8.00e-03,3.62e+01,
12798,-8.00e-03,3.62e+01,
12799,-8.00e-03,3.62e+01,
12800,-8.00e-03,3.62e+01,
12801,-8.00e-03,3.62e+01,
12802,-8.00e-03,3.62e+01,
12803,-8.00e-03,3.62e+01,
12804,-8.00e-03,3.62e+01,
12805,-8.00e-03,3.62e+01,
12806,-8.00e-03,3.62e+01,
12807,-8.00e-03,3.62e+01,
12808,-8.00e-03,3.62e+01,
12809,-8.00e-03,3.62e+01,
12810,-8.00e-03,3.62e+01,
12811,-8.00e-03,3.62e+01,
12812,-8.00e-03,3.62e+01,
12813,-8.00e-03,3.62e+01,
12814,-8.00e-03,3.62e+01,
12815,-8.00e-03,3.62e+01,
12816,-8.00e-03,3.62e+01,
12817,-8.00e-03,3.62e+01,
12818,-8.00e-03,3.62e+01,
12819,-8.00e-03,3.62e+01,
12820,-8.00e-03,3.62e+01,
12821,-8.00e-03,3.62e+01,
12822,-8.00e-03,3.62e+01,
12823,-8.00e-03,3.62e+01,
12824,-8.00e-03,3.62e+01,
12825,-8.00e-03,3.62e+01,
12826,-8.00e-03,3.62e+01,
12827,-8.00e-03,3.62e+01,
12828,-8.00e-03,3.62e+01,
12829,-8.00e-03,3.62e+01,
12830,-8.00e-03,3.62e+01,
12831,-8.00e-03,3.62e+01,
12832,-8.00e-03,3.62e+01,
12833,-8.00e-03,3.62e+01,
12834,-8.00e-03,3.62e+01,
12835,-8.00e-03,3.62e+01,
12836,-8.00e-03,3.62e+01,
12837,-8.00e-03,3.62e+01,
12838,-8.00e-03,3.62e+01,
12839,-8.00e-03,3.62e+01,
12840,-8.00e-03,3.62e+01,
12841,-8.00e-03,3.62e+01,
12842,-8.00e-03,3.62e+01,
12843,-8.00e-03,3.62e+01,
12844,-8.00e-03,3.62e+01,
12845,-8.00e-03,3.62e+01,
12846,-8.00e-03,3.62e+01,
12847,-8.00e-03,3.62e+01,
12848,-8.00e-03,3.62e+01,
12849,-8.00e-03,3.62e+01,
12850,-8.00e-03,3.62e+01,
12851,-8.00e-03,3.62e+01,
12852,-8.00e-03,3.62e+01,
12853,-8.00e-03,3.62e+01,
12854,-8.00e-03,3.62e+01,
12855,-8.00e-03,3.62e+01,
12856,-8.00e-03,3.62e+01,
12857,-8.00e-03,3.62e+01,
12858,-8.00e-03,3.62e+01,
12859,-8.00e-03,3.62e+01,
12860,-8.00e-03,3.62e+01,
12861,-8.00e-03,3.62e+01,
12862,-8.00e-03,3.62e+01,
12863,-8.00e-03,3.62e+01,
12864,-8.00e-03,3.62e+01,
12865,-8.00e-03,3.62e+01,
12866,-8.00e-03,3.62e+01,
12867,-8.00e-03,3.62e+01,
12868,-8.00e-03,3.62e+01,
12869,-8.00e-03,3.62e+01,
12870,-8.00e-03,3.62e+01,
12871,-8.00e-03,3.62e+01,
12872,-8.00e-03,3.62e+01,
12873,-8.00e-03,3.62e+01,
12874,-8.00e-03,3.62e+01,
12875,-8.00e-03,3.62e+01,
12876,-8.00e-03,3.62e+01,
12877,-8.00e-03,3.62e+01,
12878,-8.00e-03,3.62e+01,
12879,-8.00e-03,3.62e+01,
12880,-8.00e-03,3.62e+01,
12881,-8.00e-03,3.62e+01,
12882,-8.00e-03,3.62e+01,
12883,-8.00e-03,3.62e+01,
12884,-8.00e-03,3.62e+01,
12885,-8.00e-03,3.62e+01,
12886,-8.00e-03,3.62e+01,
12887,-8.00e-03,3.62e+01,
12888,-8.00e-03,3.62e+01,
12889,-8.00e-03,3.62e+01,
12890,-8.00e-03,3.62e+01,
12891,-8.00e-03,3.62e+01,
12892,-8.00e-03,3.62e+01,
12893,-8.00e-03,3.62e+01,
12894,-8.00e-03,3.62e+01,
12895,-8.00e-03,3.62e+01,
12896,-8.00e-03,3.62e+01,
12897,-8.00e-03,3.62e+01,
12898,-8.00e-03,3.62e+01,
12899,-8.00e-03,3.62e+01,
12900,-8.00e-03,3.62e+01,
12901,-8.00e-03,3.62e+01,
12902,-8.00e-03,3.62e+01,
12903,-8.00e-03,3.62e+01,
12904,-8.00e-03,3.62e+01,
12905,-8.00e-03,3.62e+01,
12906,-8.00e-03,3.62e+01,
12907,-8.00e-03,3.62e+01,
12908,-8.00e-03,3.62e+01,
12909,-8.00e-03,3.62e+01,
12910,-8.00e-03,3.62e+01,
12911,-8.00e-03,3.62e+01,
12912,-8.00e-03,3.62e+01,
12913,-8.00e-03,3.62e+01,
12914,-8.00e-03,3.62e+01,
12915,-8.00e-03,3.62e+01,
12916,-8.00e-03,3.62e+01,
12917,-8.00e-03,3.62e+01,
12918,-8.00e-03,3.62e+01,
12919,-8.00e-03,3.62e+01,
12920,-8.00e-03,3.62e+01,
12921,-8.00e-03,3.62e+01,
12922,-8.00e-03,3.62e+01,
12923,-8.00e-03,3.62e+01,
12924,-8.00e-03,3.62e+01,
12925,-8.00e-03,3.62e+01,
12926,-8.00e-03,3.62e+01,
12927,-8.00e-03,3.62e+01,
12928,-8.00e-03,3.62e+01,
12929,-8.00e-03,3.62e+01,
12930,-8.00e-03,3.62e+01,
12931,-8.00e-03,3.62e+01,
12932,-8.00e-03,3.62e+01,
12933,-8.00e-03,3.62e+01,
12934,-8.00e-03,3.62e+01,
12935,-8.00e-03,3.62e+01,
12936,-8.00e-03,3.62e+01,
12937,-8.00e-03,3.62e+01,
12938,-8.00e-03,3.62e+01,
12939,-8.00e-03,3.62e+01,
12940,-8.00e-03,3.62e+01,
12941,-8.00e-03,3.62e+01,
12942,-8.00e-03,3.62e+01,
12943,-8.00e-03,3.62e+01,
12944,-8.00e-03,3.62e+01,
12945,-8.00e-03,3.62e+01,
12946,-8.00e-03,3.62e+01,
12947,-8.00e-03,3.62e+01,
12948,-8.00e-03,3.62e+01,
12949,-8.00e-03,3.62e+01,
12950,-8.00e-03,3.62e+01,
12951,-8.00e-03,3.62e+01,
12952,-8.00e-03,3.62e+01,
12953,-8.00e-03,3.62e+01,
12954,-8.00e-03,3.62e+01,
12955,-8.00e-03,3.62e+01,
12956,-8.00e-03,3.62e+01,
12957,-8.00e-03,3.62e+01,
12958,-8.00e-03,3.62e+01,
12959,-8.00e-03,3.62e+01,
12960,-8.00e-03,3.62e+01,
12961,-8.00e-03,3.62e+01,
12962,-8.00e-03,3.62e+01,
12963,-8.00e-03,3.62e+01,
12964,-8.00e-03,3.62e+01,
12965,-8.00e-03,3.62e+01,
12966,-8.00e-03,3.62e+01,
12967,-8.00e-03,3.62e+01,
12968,-8.00e-03,3.62e+01,
12969,-8.00e-03,3.62e+01,
12970,-8.00e-03,3.62e+01,
12971,-8.00e-03,3.62e+01,
12972,-8.00e-03,3.62e+01,
12973,-8.00e-03,3.62e+01,
12974,-8.00e-03,3.62e+01,
12975,-8.00e-03,3.62e+01,
12976,-8.00e-03,3.62e+01,
12977,-8.00e-03,3.62e+01,
12978,-8.00e-03,3.62e+01,
12979,-8.00e-03,3.62e+01,
12980,-8.00e-03,3.62e+01,
12981,-8.00e-03,3.62e+01,
12982,-8.00e-03,3.62e+01,
12983,-8.00e-03,3.62e+01,
12984,-8.00e-03,3.62e+01,
12985,-8.00e-03,3.62e+01,
12986,-8.00e-03,3.62e+01,
12987,-8.00e-03,3.62e+01,
12988,-8.00e-03,3.62e+01,
12989,-8.00e-03,3.62e+01,
12990,-8.00e-03,3.62e+01,
12991,-8.00e-03,3.62e+01,
12992,-8.00e-03,3.62e+01,
12993,-8.00e-03,3.62e+01,
12994,-8.00e-03,3.62e+01,
12995,-8.00e-03,3.62e+01,
12996,-8.00e-03,3.62e+01,
12997,-8.00e-03,3.62e+01,
12998,-8.00e-03,3.62e+01,
12999,-8.00e-03,3.62e+01,
13000,-8.00e-03,3.62e+01,
13001,-8.00e-03,3.62e+01,
13002,-8.00e-03,3.62e+01,
13003,-8.00e-03,3.62e+01,
13004,-8.00e-03,3.62e+01,
13005,-8.00e-03,3.62e+01,
13006,-8.00e-03,3.62e+01,
13007,-8.00e-03,3.62e+01,
13008,-8.00e-03,3.62e+01,
13009,-8.00e-03,3.62e+01,
13010,-8.00e-03,3.62e+01,
13011,-8.00e-03,3.62e+01,
13012,-8.00e-03,3.62e+01,
13013,-8.00e-03,3.62e+01,
13014,-8.00e-03,3.62e+01,
13015,-8.00e-03,3.62e+01,
13016,-8.00e-03,3.62e+01,
13017,-8.00e-03,3.62e+01,
13018,-8.00e-03,3.62e+01,
13019,-8.00e-03,3.62e+01,
13020,-8.00e-03,3.62e+01,
13021,-8.00e-03,3.62e+01,
13022,-8.00e-03,3.62e+01,
13023,-8.00e-03,3.62e+01,
13024,-8.00e-03,3.62e+01,
13025,-8.00e-03,3.62e+01,
13026,-8.00e-03,3.62e+01,
13027,-8.00e-03,3.62e+01,
13028,-8.00e-03,3.62e+01,
13029,-8.00e-03,3.62e+01,
13030,-8.00e-03,3.62e+01,
13031,-8.00e-03,3.62e+01,
13032,-8.00e-03,3.62e+01,
13033,-8.00e-03,3.62e+01,
13034,-8.00e-03,3.62e+01,
13035,-8.00e-03,3.62e+01,
13036,-8.00e-03,3.62e+01,
13037,-8.00e-03,3.62e+01,
13038,-8.00e-03,3.62e+01,
13039,-8.00e-03,3.62e+01,
13040,-8.00e-03,3.62e+01,
13041,-8.00e-03,3.62e+01,
13042,-8.00e-03,3.62e+01,
13043,-8.00e-03,3.62e+01,
13044,-8.00e-03,3.62e+01,
13045,-8.00e-03,3.62e+01,
13046,-8.00e-03,3.62e+01,
13047,-8.00e-03,3.62e+01,
13048,-8.00e-03,3.62e+01,
13049,-8.00e-03,3.62e+01,
13050,-8.00e-03,3.62e+01,
13051,-8.00e-03,3.62e+01,
13052,-8.00e-03,3.62e+01,
13053,-8.00e-03,3.62e+01,
13054,-8.00e-03,3.62e+01,
13055,-8.00e-03,3.62e+01,
13056,-8.00e-03,3.62e+01,
13057,-8.00e-03,3.62e+01,
13058,-8.00e-03,3.62e+01,
13059,-8.00e-03,3.62e+01,
13060,-8.00e-03,3.62e+01,
13061,-8.00e-03,3.62e+01,
13062,-8.00e-03,3.62e+01,
13063,-8.00e-03,3.62e+01,
13064,-8.00e-03,3.62e+01,
13065,-8.00e-03,3.62e+01,
13066,-8.00e-03,3.62e+01,
13067,-8.00e-03,3.62e+01,
13068,-8.00e-03,3.62e+01,
13069,-8.00e-03,3.62e+01,
13070,-8.00e-03,3.62e+01,
13071,-8.00e-03,3.62e+01,
13072,-8.00e-03,3.62e+01,
13073,-8.00e-03,3.62e+01,
13074,-8.00e-03,3.62e+01,
13075,-8.00e-03,3.62e+01,
13076,-8.00e-03,3.62e+01,
13077,-8.00e-03,3.62e+01,
13078,-8.00e-03,3.62e+01,
13079,-8.00e-03,3.62e+01,
13080,-8.00e-03,3.62e+01,
13081,-8.00e-03,3.62e+01,
13082,-8.00e-03,3.62e+01,
13083,-8.00e-03,3.62e+01,
13084,-8.00e-03,3.62e+01,
13085,-8.00e-03,3.62e+01,
13086,-8.00e-03,3.62e+01,
13087,-8.00e-03,3.62e+01,
13088,-8.00e-03,3.62e+01,
13089,-8.00e-03,3.62e+01,
13090,-8.00e-03,3.62e+01,
13091,-8.00e-03,3.62e+01,
13092,-8.00e-03,3.62e+01,
13093,-8.00e-03,3.62e+01,
13094,-8.00e-03,3.62e+01,
13095,-8.00e-03,3.62e+01,
13096,-8.00e-03,3.62e+01,
13097,-8.00e-03,3.62e+01,
13098,-8.00e-03,3.62e+01,
13099,-8.00e-03,3.62e+01,
13100,-8.00e-03,3.62e+01,
13101,-8.00e-03,3.62e+01,
13102,-8.00e-03,3.62e+01,
13103,-8.00e-03,3.62e+01,
13104,-8.00e-03,3.62e+01,
13105,-8.00e-03,3.62e+01,
13106,-8.00e-03,3.62e+01,
13107,-8.00e-03,3.62e+01,
13108,-8.00e-03,3.62e+01,
13109,-8.00e-03,3.62e+01,
13110,-8.00e-03,3.62e+01,
13111,-8.00e-03,3.62e+01,
13112,-8.00e-03,3.62e+01,
13113,-8.00e-03,3.62e+01,
13114,-8.00e-03,3.62e+01,
13115,-8.00e-03,3.62e+01,
13116,-8.00e-03,3.62e+01,
13117,-8.00e-03,3.62e+01,
13118,-8.00e-03,3.62e+01,
13119,-8.00e-03,3.62e+01,
13120,-8.00e-03,3.62e+01,
13121,-8.00e-03,3.62e+01,
13122,-8.00e-03,3.62e+01,
13123,-8.00e-03,3.62e+01,
13124,-8.00e-03,3.62e+01,
13125,-8.00e-03,3.62e+01,
13126,-8.00e-03,3.62e+01,
13127,-8.00e-03,3.62e+01,
13128,-8.00e-03,3.62e+01,
13129,-8.00e-03,3.62e+01,
13130,-8.00e-03,3.62e+01,
13131,-8.00e-03,3.62e+01,
13132,-8.00e-03,3.62e+01,
13133,-8.00e-03,3.62e+01,
13134,-8.00e-03,3.62e+01,
13135,-8.00e-03,3.62e+01,
13136,-8.00e-03,3.62e+01,
13137,-8.00e-03,3.62e+01,
13138,-8.00e-03,3.62e+01,
13139,-8.00e-03,3.62e+01,
13140,-8.00e-03,3.62e+01,
13141,-8.00e-03,3.62e+01,
13142,-8.00e-03,3.62e+01,
13143,-8.00e-03,3.62e+01,
13144,-8.00e-03,3.62e+01,
13145,-8.00e-03,3.62e+01,
13146,-8.00e-03,3.62e+01,
13147,-8.00e-03,3.62e+01,
13148,-8.00e-03,3.62e+01,
13149,-8.00e-03,3.62e+01,
13150,-8.00e-03,3.62e+01,
13151,-8.00e-03,3.62e+01,
13152,-8.00e-03,3.62e+01,
13153,-8.00e-03,3.62e+01,
13154,-8.00e-03,3.62e+01,
13155,-8.00e-03,3.62e+01,
13156,-8.00e-03,3.62e+01,
13157,-8.00e-03,3.62e+01,
13158,-8.00e-03,3.62e+01,
13159,-8.00e-03,3.62e+01,
13160,-8.00e-03,3.62e+01,
13161,-8.00e-03,3.62e+01,
13162,-8.00e-03,3.62e+01,
13163,-8.00e-03,3.62e+01,
13164,-8.00e-03,3.62e+01,
13165,-8.00e-03,3.62e+01,
13166,-8.00e-03,3.58e+01,
13167,-8.00e-03,3.62e+01,
13168,-8.00e-03,3.62e+01,
13169,-8.00e-03,3.62e+01,
13170,-8.00e-03,3.62e+01,
13171,-8.00e-03,3.62e+01,
13172,-8.00e-03,3.62e+01,
13173,-8.00e-03,3.62e+01,
13174,-8.00e-03,3.62e+01,
13175,-8.00e-03,3.62e+01,
13176,-8.00e-03,3.62e+01,
13177,-8.00e-03,3.62e+01,
13178,-8.00e-03,3.62e+01,
13179,-8.00e-03,3.62e+01,
13180,-8.00e-03,3.62e+01,
13181,-8.00e-03,3.62e+01,
13182,-8.00e-03,3.62e+01,
13183,-8.00e-03,3.62e+01,
13184,-8.00e-03,3.62e+01,
13185,-8.00e-03,3.62e+01,
13186,-8.00e-03,3.62e+01,
13187,-8.00e-03,3.62e+01,
13188,-8.00e-03,3.62e+01,
13189,-8.00e-03,3.62e+01,
13190,-8.00e-03,3.62e+01,
13191,-8.00e-03,3.62e+01,
13192,-8.00e-03,3.58e+01,
13193,-8.00e-03,3.62e+01,
13194,-8.00e-03,3.62e+01,
13195,-8.00e-03,3.62e+01,
13196,-8.00e-03,3.58e+01,
13197,-8.00e-03,3.62e+01,
13198,-8.00e-03,3.62e+01,
13199,-8.00e-03,3.62e+01,
13200,-8.00e-03,3.62e+01,
13201,-8.00e-03,3.62e+01,
13202,-8.00e-03,3.62e+01,
13203,-8.00e-03,3.62e+01,
13204,-8.00e-03,3.62e+01,
13205,-8.00e-03,3.62e+01,
13206,-8.00e-03,3.62e+01,
13207,-8.00e-03,3.62e+01,
13208,-8.00e-03,3.62e+01,
13209,-8.00e-03,3.62e+01,
13210,-8.00e-03,3.62e+01,
13211,-8.00e-03,3.62e+01,
13212,-8.00e-03,3.62e+01,
13213,-8.00e-03,3.62e+01,
13214,-8.00e-03,3.62e+01,
13215,-8.00e-03,3.62e+01,
13216,-8.00e-03,3.62e+01,
13217,-8.00e-03,3.62e+01,
13218,-8.00e-03,3.62e+01,
13219,-8.00e-03,3.62e+01,
13220,-8.00e-03,3.62e+01,
13221,-8.00e-03,3.62e+01,
13222,-8.00e-03,3.62e+01,
13223,-8.00e-03,3.62e+01,
13224,-8.00e-03,3.62e+01,
13225,-8.00e-03,3.62e+01,
13226,-8.00e-03,3.62e+01,
13227,-8.00e-03,3.62e+01,
13228,-8.00e-03,3.62e+01,
13229,-8.00e-03,3.62e+01,
13230,-8.00e-03,3.62e+01,
13231,-8.00e-03,3.62e+01,
13232,-8.00e-03,3.62e+01,
13233,-8.00e-03,3.62e+01,
13234,-8.00e-03,3.62e+01,
13235,-8.00e-03,3.62e+01,
13236,-8.00e-03,3.62e+01,
13237,-8.00e-03,3.62e+01,
13238,-8.00e-03,3.62e+01,
13239,-8.00e-03,3.62e+01,
13240,-8.00e-03,3.62e+01,
13241,-8.00e-03,3.62e+01,
13242,-8.00e-03,3.62e+01,
13243,-8.00e-03,3.62e+01,
13244,-8.00e-03,3.62e+01,
13245,-8.00e-03,3.62e+01,
13246,-8.00e-03,3.62e+01,
13247,-8.00e-03,3.62e+01,
13248,-8.00e-03,3.62e+01,
13249,-8.00e-03,3.62e+01,
13250,-8.00e-03,3.62e+01,
13251,-8.00e-03,3.62e+01,
13252,-8.00e-03,3.62e+01,
13253,-8.00e-03,3.62e+01,
13254,-8.00e-03,3.62e+01,
13255,-8.00e-03,3.62e+01,
13256,-8.00e-03,3.62e+01,
13257,-8.00e-03,3.62e+01,
13258,-8.00e-03,3.62e+01,
13259,-8.00e-03,3.62e+01,
13260,-8.00e-03,3.58e+01,
13261,-8.00e-03,3.62e+01,
13262,-8.00e-03,3.62e+01,
13263,-8.00e-03,3.62e+01,
13264,-8.00e-03,3.62e+01,
13265,-8.00e-03,3.62e+01,
13266,-8.00e-03,3.58e+01,
13267,-8.00e-03,3.62e+01,
13268,-8.00e-03,3.62e+01,
13269,-8.00e-03,3.62e+01,
13270,-8.00e-03,3.62e+01,
13271,-8.00e-03,3.62e+01,
13272,-8.00e-03,3.62e+01,
13273,-8.00e-03,3.62e+01,
13274,-8.00e-03,3.62e+01,
13275,-8.00e-03,3.62e+01,
13276,-8.00e-03,3.62e+01,
13277,-8.00e-03,3.62e+01,
13278,-8.00e-03,3.58e+01,
13279,-8.00e-03,3.62e+01,
13280,-8.00e-03,3.62e+01,
13281,-8.00e-03,3.62e+01,
13282,-8.00e-03,3.62e+01,
13283,-8.00e-03,3.62e+01,
13284,-8.00e-03,3.62e+01,
13285,-8.00e-03,3.62e+01,
13286,-8.00e-03,3.62e+01,
13287,-8.00e-03,3.62e+01,
13288,-8.00e-03,3.58e+01,
13289,-8.00e-03,3.62e+01,
13290,-8.00e-03,3.62e+01,
13291,-8.00e-03,3.58e+01,
13292,-8.00e-03,3.62e+01,
13293,-8.00e-03,3.58e+01,
13294,-8.00e-03,3.62e+01,
13295,-8.00e-03,3.62e+01,
13296,-8.00e-03,3.62e+01,
13297,-8.00e-03,3.62e+01,
13298,-8.00e-03,3.62e+01,
13299,-8.00e-03,3.58e+01,
13300,-8.00e-03,3.62e+01,
13301,-8.00e-03,3.62e+01,
13302,-8.00e-03,3.62e+01,
13303,-8.00e-03,3.62e+01,
13304,-8.00e-03,3.58e+01,
13305,-8.00e-03,3.62e+01,
13306,-8.00e-03,3.62e+01,
13307,-8.00e-03,3.58e+01,
13308,-8.00e-03,3.62e+01,
13309,-8.00e-03,3.62e+01,
13310,-8.00e-03,3.62e+01,
13311,-8.00e-03,3.62e+01,
13312,-8.00e-03,3.58e+01,
13313,-8.00e-03,3.62e+01,
13314,-8.00e-03,3.62e+01,
13315,-8.00e-03,3.58e+01,
13316,-8.00e-03,3.58e+01,
13317,-8.00e-03,3.62e+01,
13318,-8.00e-03,3.58e+01,
13319,-8.00e-03,3.62e+01,
13320,-8.00e-03,3.62e+01,
13321,-8.00e-03,3.62e+01,
13322,-8.00e-03,3.62e+01,
13323,-8.00e-03,3.58e+01,
13324,-8.00e-03,3.62e+01,
13325,-8.00e-03,3.62e+01,
13326,-8.00e-03,3.62e+01,
13327,-8.00e-03,3.62e+01,
13328,-8.00e-03,3.62e+01,
13329,-8.00e-03,3.62e+01,
13330,-8.00e-03,3.58e+01,
13331,-8.00e-03,3.58e+01,
13332,-8.00e-03,3.58e+01,
13333,-8.00e-03,3.58e+01,
13334,-8.00e-03,3.58e+01,
13335,-8.00e-03,3.62e+01,
13336,-8.00e-03,3.58e+01,
13337,-8.00e-03,3.62e+01,
13338,-8.00e-03,3.62e+01,
13339,-8.00e-03,3.62e+01,
13340,-8.00e-03,3.62e+01,
13341,-8.00e-03,3.62e+01,
13342,-8.00e-03,3.58e+01,
13343,-8.00e-03,3.62e+01,
13344,-8.00e-03,3.58e+01,
13345,-8.00e-03,3.62e+01,
13346,-8.00e-03,3.58e+01,
13347,-8.00e-03,3.62e+01,
13348,-8.00e-03,3.58e+01,
13349,-8.00e-03,3.58e+01,
13350,-8.00e-03,3.58e+01,
13351,-8.00e-03,3.62e+01,
13352,-8.00e-03,3.58e+01,
13353,-8.00e-03,3.58e+01,
13354,-8.00e-03,3.58e+01,
13355,-8.00e-03,3.58e+01,
13356,-8.00e-03,3.58e+01,
13357,-8.00e-03,3.62e+01,
13358,-8.00e-03,3.58e+01,
13359,-8.00e-03,3.62e+01,
13360,-8.00e-03,3.62e+01,
13361,-8.00e-03,3.62e+01,
13362,-8.00e-03,3.58e+01,
13363,-8.00e-03,3.58e+01,
13364,-8.00e-03,3.62e+01,
13365,-8.00e-03,3.62e+01,
13366,-8.00e-03,3.58e+01,
13367,-8.00e-03,3.62e+01,
13368,-8.00e-03,3.58e+01,
13369,-8.00e-03,3.62e+01,
13370,-8.00e-03,3.58e+01,
13371,-8.00e-03,3.58e+01,
13372,-8.00e-03,3.58e+01,
13373,-8.00e-03,3.58e+01,
13374,-8.00e-03,3.58e+01,
13375,-8.00e-03,3.58e+01,
13376,-8.00e-03,3.58e+01,
13377,-8.00e-03,3.62e+01,
13378,-8.00e-03,3.62e+01,
13379,-8.00e-03,3.58e+01,
13380,-8.00e-03,3.58e+01,
13381,-8.00e-03,3.62e+01,
13382,-8.00e-03,3.58e+01,
13383,-8.00e-03,3.62e+01,
13384,-8.00e-03,3.58e+01,
13385,-8.00e-03,3.62e+01,
13386,-8.00e-03,3.58e+01,
13387,-8.00e-03,3.62e+01,
13388,-8.00e-03,3.62e+01,
13389,-8.00e-03,3.58e+01,
13390,-8.00e-03,3.58e+01,
13391,-8.00e-03,3.58e+01,
13392,-8.00e-03,3.58e+01,
13393,-8.00e-03,3.58e+01,
13394,-8.00e-03,3.58e+01,
13395,-8.00e-03,3.58e+01,
13396,-8.00e-03,3.58e+01,
13397,-8.00e-03,3.58e+01,
13398,-8.00e-03,3.58e+01,
13399,-8.00e-03,3.62e+01,
13400,-8.00e-03,3.58e+01,
13401,-8.00e-03,3.62e+01,
13402,-8.00e-03,3.58e+01,
13403,-8.00e-03,3.58e+01,
13404,-8.00e-03,3.58e+01,
13405,-8.00e-03,3.58e+01,
13406,-8.00e-03,3.58e+01,
13407,-8.00e-03,3.62e+01,
13408,-8.00e-03,3.58e+01,
13409,-8.00e-03,3.62e+01,
13410,-8.00e-03,3.58e+01,
13411,-8.00e-03,3.58e+01,
13412,-8.00e-03,3.58e+01,
13413,-8.00e-03,3.58e+01,
13414,-8.00e-03,3.58e+01,
13415,-8.00e-03,3.62e+01,
13416,-8.00e-03,3.58e+01,
13417,-8.00e-03,3.62e+01,
13418,-8.00e-03,3.58e+01,
13419,-8.00e-03,3.58e+01,
13420,-8.00e-03,3.58e+01,
13421,-8.00e-03,3.58e+01,
13422,-8.00e-03,3.58e+01,
13423,-8.00e-03,3.58e+01,
13424,-8.00e-03,3.58e+01,
13425,-8.00e-03,3.62e+01,
13426,-8.00e-03,3.58e+01,
13427,-8.00e-03,3.58e+01,
13428,-8.00e-03,3.58e+01,
13429,-8.00e-03,3.58e+01,
13430,-8.00e-03,3.58e+01,
13431,-8.00e-03,3.58e+01,
13432,-8.00e-03,3.58e+01,
13433,-8.00e-03,3.58e+01,
13434,-8.00e-03,3.58e+01,
13435,-8.00e-03,3.58e+01,
13436,-8.00e-03,3.58e+01,
13437,-8.00e-03,3.58e+01,
13438,-8.00e-03,3.58e+01,
13439,-8.00e-03,3.62e+01,
13440,-8.00e-03,3.58e+01,
13441,-8.00e-03,3.58e+01,
13442,-8.00e-03,3.58e+01,
13443,-8.00e-03,3.58e+01,
13444,-8.00e-03,3.58e+01,
13445,-8.00e-03,3.58e+01,
13446,-8.00e-03,3.58e+01,
13447,-8.00e-03,3.58e+01,
13448,-8.00e-03,3.58e+01,
13449,-8.00e-03,3.62e+01,
13450,-8.00e-03,3.58e+01,
13451,-8.00e-03,3.58e+01,
13452,-8.00e-03,3.58e+01,
13453,-8.00e-03,3.58e+01,
13454,-8.00e-03,3.58e+01,
13455,-8.00e-03,3.58e+01,
13456,-8.00e-03,3.58e+01,
13457,-8.00e-03,3.58e+01,
13458,-8.00e-03,3.58e+01,
13459,-8.00e-03,3.58e+01,
13460,-8.00e-03,3.58e+01,
13461,-8.00e-03,3.58e+01,
13462,-8.00e-03,3.58e+01,
13463,-8.00e-03,3.58e+01,
13464,-8.00e-03,3.58e+01,
13465,-8.00e-03,3.58e+01,
13466,-8.00e-03,3.58e+01,
13467,-8.00e-03,3.58e+01,
13468,-8.00e-03,3.58e+01,
13469,-8.00e-03,3.58e+01,
13470,-8.00e-03,3.58e+01,
13471,-8.00e-03,3.62e+01,
13472,-8.00e-03,3.58e+01,
13473,-8.00e-03,3.58e+01,
13474,-8.00e-03,3.58e+01,
13475,-8.00e-03,3.58e+01,
13476,-8.00e-03,3.58e+01,
13477,-8.00e-03,3.58e+01,
13478,-8.00e-03,3.58e+01,
13479,-8.00e-03,3.62e+01,
13480,-8.00e-03,3.58e+01,
13481,-8.00e-03,3.58e+01,
13482,-8.00e-03,3.58e+01,
13483,-8.00e-03,3.58e+01,
13484,-8.00e-03,3.58e+01,
13485,-8.00e-03,3.58e+01,
13486,-8.00e-03,3.58e+01,
13487,-8.00e-03,3.58e+01,
13488,-8.00e-03,3.58e+01,
13489,-8.00e-03,3.62e+01,
13490,-8.00e-03,3.58e+01,
13491,-8.00e-03,3.58e+01,
13492,-8.00e-03,3.58e+01,
13493,-8.00e-03,3.58e+01,
13494,-8.00e-03,3.58e+01,
13495,-8.00e-03,3.58e+01,
13496,-8.00e-03,3.58e+01,
13497,-8.00e-03,3.58e+01,
13498,-8.00e-03,3.58e+01,
13499,-8.00e-03,3.58e+01,
13500,-8.00e-03,3.58e+01,
13501,-8.00e-03,3.58e+01,
13502,-8.00e-03,3.58e+01,
13503,-8.00e-03,3.58e+01,
13504,-8.00e-03,3.58e+01,
13505,-8.00e-03,3.62e+01,
13506,-8.00e-03,3.58e+01,
13507,-8.00e-03,3.58e+01,
13508,-8.00e-03,3.58e+01,
13509,-8.00e-03,3.58e+01,
13510,-8.00e-03,3.58e+01,
13511,-8.00e-03,3.58e+01,
13512,-8.00e-03,3.58e+01,
13513,-8.00e-03,3.58e+01,
13514,-8.00e-03,3.58e+01,
13515,-8.00e-03,3.58e+01,
13516,-8.00e-03,3.58e+01,
13517,-8.00e-03,3.58e+01,
13518,-8.00e-03,3.58e+01,
13519,-8.00e-03,3.58e+01,
13520,-8.00e-03,3.58e+01,
13521,-8.00e-03,3.58e+01,
13522,-8.00e-03,3.58e+01,
13523,-8.00e-03,3.58e+01,
13524,-8.00e-03,3.58e+01,
13525,-8.00e-03,3.58e+01,
13526,-8.00e-03,3.58e+01,
13527,-8.00e-03,3.58e+01,
13528,-8.00e-03,3.58e+01,
13529,-8.00e-03,3.58e+01,
13530,-8.00e-03,3.58e+01,
13531,-8.00e-03,3.58e+01,
13532,-8.00e-03,3.58e+01,
13533,-8.00e-03,3.58e+01,
13534,-8.00e-03,3.58e+01,
13535,-8.00e-03,3.58e+01,
13536,-8.00e-03,3.58e+01,
13537,-8.00e-03,3.58e+01,
13538,-8.00e-03,3.58e+01,
13539,-8.00e-03,3.58e+01,
13540,-8.00e-03,3.58e+01,
13541,-8.00e-03,3.58e+01,
13542,-8.00e-03,3.58e+01,
13543,-8.00e-03,3.58e+01,
13544,-8.00e-03,3.58e+01,
13545,-8.00e-03,3.58e+01,
13546,-8.00e-03,3.58e+01,
13547,-8.00e-03,3.58e+01,
13548,-8.00e-03,3.58e+01,
13549,-8.00e-03,3.58e+01,
13550,-8.00e-03,3.58e+01,
13551,-8.00e-03,3.58e+01,
13552,-8.00e-03,3.58e+01,
13553,-8.00e-03,3.58e+01,
13554,-8.00e-03,3.58e+01,
13555,-8.00e-03,3.58e+01,
13556,-8.00e-03,3.58e+01,
13557,-8.00e-03,3.58e+01,
13558,-8.00e-03,3.58e+01,
13559,-8.00e-03,3.58e+01,
13560,-8.00e-03,3.58e+01,
13561,-8.00e-03,3.58e+01,
13562,-8.00e-03,3.58e+01,
13563,-8.00e-03,3.58e+01,
13564,-8.00e-03,3.58e+01,
13565,-8.00e-03,3.58e+01,
13566,-8.00e-03,3.58e+01,
13567,-8.00e-03,3.58e+01,
13568,-8.00e-03,3.58e+01,
13569,-8.00e-03,3.58e+01,
13570,-8.00e-03,3.58e+01,
13571,-8.00e-03,3.58e+01,
13572,-8.00e-03,3.58e+01,
13573,-8.00e-03,3.58e+01,
13574,-8.00e-03,3.58e+01,
13575,-8.00e-03,3.58e+01,
13576,-8.00e-03,3.58e+01,
13577,-8.00e-03,3.58e+01,
13578,-8.00e-03,3.58e+01,
13579,-8.00e-03,3.58e+01,
13580,-8.00e-03,3.58e+01,
13581,-8.00e-03,3.58e+01,
13582,-8.00e-03,3.58e+01,
13583,-8.00e-03,3.58e+01,
13584,-8.00e-03,3.58e+01,
13585,-8.00e-03,3.58e+01,
13586,-8.00e-03,3.58e+01,
13587,-8.00e-03,3.58e+01,
13588,-8.00e-03,3.58e+01,
13589,-8.00e-03,3.58e+01,
13590,-8.00e-03,3.58e+01,
13591,-8.00e-03,3.58e+01,
13592,-8.00e-03,3.58e+01,
13593,-8.00e-03,3.58e+01,
13594,-8.00e-03,3.58e+01,
13595,-8.00e-03,3.58e+01,
13596,-8.00e-03,3.58e+01,
13597,-8.00e-03,3.58e+01,
13598,-8.00e-03,3.58e+01,
13599,-8.00e-03,3.58e+01,
13600,-8.00e-03,3.58e+01,
13601,-8.00e-03,3.58e+01,
13602,-8.00e-03,3.58e+01,
13603,-8.00e-03,3.58e+01,
13604,-8.00e-03,3.58e+01,
13605,-8.00e-03,3.58e+01,
13606,-8.00e-03,3.58e+01,
13607,-8.00e-03,3.58e+01,
13608,-8.00e-03,3.58e+01,
13609,-8.00e-03,3.58e+01,
13610,-8.00e-03,3.58e+01,
13611,-8.00e-03,3.58e+01,
13612,-8.00e-03,3.58e+01,
13613,-8.00e-03,3.58e+01,
13614,-8.00e-03,3.58e+01,
13615,-8.00e-03,3.58e+01,
13616,-8.00e-03,3.58e+01,
13617,-8.00e-03,3.58e+01,
13618,-8.00e-03,3.58e+01,
13619,-8.00e-03,3.58e+01,
13620,-8.00e-03,3.58e+01,
13621,-8.00e-03,3.58e+01,
13622,-8.00e-03,3.58e+01,
13623,-8.00e-03,3.58e+01,
13624,-8.00e-03,3.58e+01,
13625,-8.00e-03,3.58e+01,
13626,-8.00e-03,3.58e+01,
13627,-8.00e-03,3.58e+01,
13628,-8.00e-03,3.58e+01,
13629,-8.00e-03,3.58e+01,
13630,-8.00e-03,3.58e+01,
13631,-8.00e-03,3.58e+01,
13632,-8.00e-03,3.58e+01,
13633,-8.00e-03,3.58e+01,
13634,-8.00e-03,3.58e+01,
13635,-8.00e-03,3.58e+01,
13636,-8.00e-03,3.58e+01,
13637,-8.00e-03,3.58e+01,
13638,-8.00e-03,3.58e+01,
13639,-8.00e-03,3.58e+01,
13640,-8.00e-03,3.58e+01,
13641,-8.00e-03,3.58e+01,
13642,-8.00e-03,3.58e+01,
13643,-8.00e-03,3.58e+01,
13644,-8.00e-03,3.58e+01,
13645,-8.00e-03,3.58e+01,
13646,-8.00e-03,3.58e+01,
13647,-8.00e-03,3.58e+01,
13648,-8.00e-03,3.58e+01,
13649,-8.00e-03,3.58e+01,
13650,-8.00e-03,3.58e+01,
13651,-8.00e-03,3.58e+01,
13652,-8.00e-03,3.58e+01,
13653,-8.00e-03,3.58e+01,
13654,-8.00e-03,3.58e+01,
13655,-8.00e-03,3.58e+01,
13656,-8.00e-03,3.58e+01,
13657,-8.00e-03,3.58e+01,
13658,-8.00e-03,3.58e+01,
13659,-8.00e-03,3.58e+01,
13660,-8.00e-03,3.58e+01,
13661,-8.00e-03,3.58e+01,
13662,-8.00e-03,3.58e+01,
13663,-8.00e-03,3.58e+01,
13664,-8.00e-03,3.58e+01,
13665,-8.00e-03,3.58e+01,
13666,-8.00e-03,3.58e+01,
13667,-8.00e-03,3.58e+01,
13668,-8.00e-03,3.58e+01,
13669,-8.00e-03,3.58e+01,
13670,-8.00e-03,3.58e+01,
13671,-8.00e-03,3.58e+01,
13672,-8.00e-03,3.58e+01,
13673,-8.00e-03,3.58e+01,
13674,-8.00e-03,3.58e+01,
13675,-8.00e-03,3.58e+01,
13676,-8.00e-03,3.58e+01,
13677,-8.00e-03,3.58e+01,
13678,-8.00e-03,3.58e+01,
13679,-8.00e-03,3.58e+01,
13680,-8.00e-03,3.58e+01,
13681,-8.00e-03,3.58e+01,
13682,-8.00e-03,3.58e+01,
13683,-8.00e-03,3.58e+01,
13684,-8.00e-03,3.58e+01,
13685,-8.00e-03,3.58e+01,
13686,-8.00e-03,3.58e+01,
13687,-8.00e-03,3.58e+01,
13688,-8.00e-03,3.58e+01,
13689,-8.00e-03,3.58e+01,
13690,-8.00e-03,3.58e+01,
13691,-8.00e-03,3.58e+01,
13692,-8.00e-03,3.58e+01,
13693,-8.00e-03,3.58e+01,
13694,-8.00e-03,3.58e+01,
13695,-8.00e-03,3.58e+01,
13696,-8.00e-03,3.58e+01,
13697,-8.00e-03,3.58e+01,
13698,-8.00e-03,3.58e+01,
13699,-8.00e-03,3.58e+01,
13700,-8.00e-03,3.58e+01,
13701,-8.00e-03,3.58e+01,
13702,-8.00e-03,3.58e+01,
13703,-8.00e-03,3.58e+01,
13704,-8.00e-03,3.58e+01,
13705,-8.00e-03,3.58e+01,
13706,-8.00e-03,3.58e+01,
13707,-8.00e-03,3.58e+01,
13708,-8.00e-03,3.58e+01,
13709,-8.00e-03,3.58e+01,
13710,-8.00e-03,3.58e+01,
13711,-8.00e-03,3.58e+01,
13712,-8.00e-03,3.58e+01,
13713,-8.00e-03,3.58e+01,
13714,-8.00e-03,3.58e+01,
13715,-8.00e-03,3.58e+01,
13716,-8.00e-03,3.58e+01,
13717,-8.00e-03,3.58e+01,
13718,-8.00e-03,3.58e+01,
13719,-8.00e-03,3.58e+01,
13720,-8.00e-03,3.58e+01,
13721,-8.00e-03,3.58e+01,
13722,-8.00e-03,3.58e+01,
13723,-8.00e-03,3.58e+01,
13724,-8.00e-03,3.58e+01,
13725,-8.00e-03,3.58e+01,
13726,-8.00e-03,3.54e+01,
13727,-8.00e-03,3.58e+01,
13728,-8.00e-03,3.58e+01,
13729,-8.00e-03,3.58e+01,
13730,-8.00e-03,3.58e+01,
13731,-8.00e-03,3.58e+01,
13732,-8.00e-03,3.58e+01,
13733,-8.00e-03,3.58e+01,
13734,-8.00e-03,3.54e+01,
13735,-8.00e-03,3.58e+01,
13736,-8.00e-03,3.58e+01,
13737,-8.00e-03,3.58e+01,
13738,-8.00e-03,3.58e+01,
13739,-8.00e-03,3.58e+01,
13740,-8.00e-03,3.58e+01,
13741,-8.00e-03,3.58e+01,
13742,-8.00e-03,3.58e+01,
13743,-8.00e-03,3.58e+01,
13744,-8.00e-03,3.58e+01,
13745,-8.00e-03,3.58e+01,
13746,-8.00e-03,3.58e+01,
13747,-8.00e-03,3.58e+01,
13748,-8.00e-03,3.58e+01,
13749,-8.00e-03,3.58e+01,
13750,-8.00e-03,3.58e+01,
13751,-8.00e-03,3.54e+01,
13752,-8.00e-03,3.58e+01,
13753,-8.00e-03,3.58e+01,
13754,-8.00e-03,3.54e+01,
13755,-8.00e-03,3.58e+01,
13756,-8.00e-03,3.58e+01,
13757,-8.00e-03,3.58e+01,
13758,-8.00e-03,3.58e+01,
13759,-8.00e-03,3.58e+01,
13760,-8.00e-03,3.54e+01,
13761,-8.00e-03,3.58e+01,
13762,-8.00e-03,3.58e+01,
13763,-8.00e-03,3.58e+01,
13764,-8.00e-03,3.58e+01,
13765,-8.00e-03,3.58e+01,
13766,-8.00e-03,3.58e+01,
13767,-8.00e-03,3.58e+01,
13768,-8.00e-03,3.54e+01,
13769,-8.00e-03,3.58e+01,
13770,-8.00e-03,3.58e+01,
13771,-8.00e-03,3.58e+01,
13772,-8.00e-03,3.58e+01,
13773,-8.00e-03,3.54e+01,
13774,-8.00e-03,3.58e+01,
13775,-8.00e-03,3.58e+01,
13776,-8.00e-03,3.54e+01,
13777,-8.00e-03,3.58e+01,
13778,-8.00e-03,3.54e+01,
13779,-8.00e-03,3.58e+01,
13780,-8.00e-03,3.58e+01,
13781,-8.00e-03,3.54e+01,
13782,-8.00e-03,3.54e+01,
13783,-8.00e-03,3.54e+01,
13784,-8.00e-03,3.54e+01,
13785,-8.00e-03,3.58e+01,
13786,-8.00e-03,3.58e+01,
13787,-8.00e-03,3.58e+01,
13788,-8.00e-03,3.58e+01,
13789,-8.00e-03,3.58e+01,
13790,-8.00e-03,3.54e+01,
13791,-8.00e-03,3.58e+01,
13792,-8.00e-03,3.54e+01,
13793,-8.00e-03,3.58e+01,
13794,-8.00e-03,3.58e+01,
13795,-8.00e-03,3.58e+01,
13796,-8.00e-03,3.58e+01,
13797,-8.00e-03,3.58e+01,
13798,-8.00e-03,3.58e+01,
13799,-8.00e-03,3.54e+01,
13800,-8.00e-03,3.54e+01,
13801,-8.00e-03,3.58e+01,
13802,-8.00e-03,3.58e+01,
13803,-8.00e-03,3.54e+01,
13804,-8.00e-03,3.58e+01,
13805,-8.00e-03,3.58e+01,
13806,-8.00e-03,3.58e+01,
13807,-8.00e-03,3.54e+01,
13808,-8.00e-03,3.54e+01,
13809,-8.00e-03,3.58e+01,
13810,-8.00e-03,3.58e+01,
13811,-8.00e-03,3.54e+01,
13812,-8.00e-03,3.58e+01,
13813,-8.00e-03,3.54e+01,
13814,-8.00e-03,3.54e+01,
13815,-8.00e-03,3.54e+01,
13816,-8.00e-03,3.54e+01,
13817,-8.00e-03,3.58e+01,
13818,-8.00e-03,3.58e+01,
13819,-8.00e-03,3.58e+01,
13820,-8.00e-03,3.58e+01,
13821,-8.00e-03,3.54e+01,
13822,-8.00e-03,3.54e+01,
13823,-8.00e-03,3.54e+01,
13824,-8.00e-03,3.54e+01,
13825,-8.00e-03,3.58e+01,
13826,-8.00e-03,3.54e+01,
13827,-8.00e-03,3.54e+01,
13828,-8.00e-03,3.54e+01,
13829,-8.00e-03,3.54e+01,
13830,-8.00e-03,3.54e+01,
13831,-8.00e-03,3.58e+01,
13832,-8.00e-03,3.54e+01,
13833,-8.00e-03,3.54e+01,
13834,-8.00e-03,3.54e+01,
13835,-8.00e-03,3.54e+01,
13836,-8.00e-03,3.58e+01,
13837,-8.00e-03,3.54e+01,
13838,-8.00e-03,3.54e+01,
13839,-8.00e-03,3.58e+01,
13840,-8.00e-03,3.54e+01,
13841,-8.00e-03,3.58e+01,
13842,-8.00e-03,3.54e+01,
13843,-8.00e-03,3.58e+01,
13844,-8.00e-03,3.54e+01,
13845,-8.00e-03,3.54e+01,
13846,-8.00e-03,3.54e+01,
13847,-8.00e-03,3.54e+01,
13848,-8.00e-03,3.54e+01,
13849,-8.00e-03,3.58e+01,
13850,-8.00e-03,3.54e+01,
13851,-8.00e-03,3.54e+01,
13852,-8.00e-03,3.54e+01,
13853,-8.00e-03,3.54e+01,
13854,-8.00e-03,3.54e+01,
13855,-8.00e-03,3.54e+01,
13856,-8.00e-03,3.54e+01,
13857,-8.00e-03,3.58e+01,
13858,-8.00e-03,3.54e+01,
13859,-8.00e-03,3.54e+01,
13860,-8.00e-03,3.54e+01,
13861,-8.00e-03,3.54e+01,
13862,-8.00e-03,3.54e+01,
13863,-8.00e-03,3.54e+01,
13864,-8.00e-03,3.54e+01,
13865,-8.00e-03,3.58e+01,
13866,-8.00e-03,3.54e+01,
13867,-8.00e-03,3.54e+01,
13868,-8.00e-03,3.54e+01,
13869,-8.00e-03,3.54e+01,
13870,-8.00e-03,3.54e+01,
13871,-8.00e-03,3.54e+01,
13872,-8.00e-03,3.54e+01,
13873,-8.00e-03,3.54e+01,
13874,-8.00e-03,3.54e+01,
13875,-8.00e-03,3.54e+01,
13876,-8.00e-03,3.54e+01,
13877,-8.00e-03,3.54e+01,
13878,-8.00e-03,3.54e+01,
13879,-8.00e-03,3.58e+01,
13880,-8.00e-03,3.54e+01,
13881,-8.00e-03,3.54e+01,
13882,-8.00e-03,3.54e+01,
13883,-8.00e-03,3.54e+01,
13884,-8.00e-03,3.54e+01,
13885,-8.00e-03,3.54e+01,
13886,-8.00e-03,3.54e+01,
13887,-8.00e-03,3.58e+01,
13888,-8.00e-03,3.54e+01,
13889,-8.00e-03,3.58e+01,
13890,-8.00e-03,3.54e+01,
13891,-8.00e-03,3.54e+01,
13892,-8.00e-03,3.54e+01,
13893,-8.00e-03,3.54e+01,
13894,-8.00e-03,3.54e+01,
13895,-8.00e-03,3.54e+01,
13896,-8.00e-03,3.54e+01,
13897,-8.00e-03,3.54e+01,
13898,-8.00e-03,3.54e+01,
13899,-8.00e-03,3.54e+01,
13900,-8.00e-03,3.54e+01,
13901,-8.00e-03,3.54e+01,
13902,-8.00e-03,3.54e+01,
13903,-8.00e-03,3.54e+01,
13904,-8.00e-03,3.54e+01,
13905,-8.00e-03,3.58e+01,
13906,-8.00e-03,3.54e+01,
13907,-8.00e-03,3.54e+01,
13908,-8.00e-03,3.54e+01,
13909,-8.00e-03,3.54e+01,
13910,-8.00e-03,3.54e+01,
13911,-8.00e-03,3.54e+01,
13912,-8.00e-03,3.54e+01,
13913,-8.00e-03,3.54e+01,
13914,-8.00e-03,3.54e+01,
13915,-8.00e-03,3.54e+01,
13916,-8.00e-03,3.54e+01,
13917,-8.00e-03,3.54e+01,
13918,-8.00e-03,3.54e+01,
13919,-8.00e-03,3.54e+01,
13920,-8.00e-03,3.54e+01,
13921,-8.00e-03,3.54e+01,
13922,-8.00e-03,3.54e+01,
13923,-8.00e-03,3.54e+01,
13924,-8.00e-03,3.54e+01,
13925,-8.00e-03,3.54e+01,
13926,-8.00e-03,3.54e+01,
13927,-8.00e-03,3.54e+01,
13928,-8.00e-03,3.54e+01,
13929,-8.00e-03,3.54e+01,
13930,-8.00e-03,3.54e+01,
13931,-8.00e-03,3.54e+01,
13932,-8.00e-03,3.54e+01,
13933,-8.00e-03,3.54e+01,
13934,-8.00e-03,3.54e+01,
13935,-8.00e-03,3.54e+01,
13936,-8.00e-03,3.54e+01,
13937,-8.00e-03,3.54e+01,
13938,-8.00e-03,3.54e+01,
13939,-8.00e-03,3.54e+01,
13940,-8.00e-03,3.54e+01,
13941,-8.00e-03,3.54e+01,
13942,-8.00e-03,3.54e+01,
13943,-8.00e-03,3.54e+01,
13944,-8.00e-03,3.54e+01,
13945,-8.00e-03,3.58e+01,
13946,-8.00e-03,3.54e+01,
13947,-8.00e-03,3.54e+01,
13948,-8.00e-03,3.54e+01,
13949,-8.00e-03,3.54e+01,
13950,-8.00e-03,3.54e+01,
13951,-8.00e-03,3.54e+01,
13952,-8.00e-03,3.54e+01,
13953,-8.00e-03,3.54e+01,
13954,-8.00e-03,3.54e+01,
13955,-8.00e-03,3.54e+01,
13956,-8.00e-03,3.54e+01,
13957,-8.00e-03,3.54e+01,
13958,-8.00e-03,3.54e+01,
13959,-8.00e-03,3.54e+01,
13960,-8.00e-03,3.54e+01,
13961,-8.00e-03,3.54e+01,
13962,-8.00e-03,3.54e+01,
13963,-8.00e-03,3.54e+01,
13964,-8.00e-03,3.54e+01,
13965,-8.00e-03,3.54e+01,
13966,-8.00e-03,3.54e+01,
13967,-8.00e-03,3.54e+01,
13968,-8.00e-03,3.54e+01,
13969,-8.00e-03,3.54e+01,
13970,-8.00e-03,3.54e+01,
13971,-8.00e-03,3.54e+01,
13972,-8.00e-03,3.54e+01,
13973,-8.00e-03,3.54e+01,
13974,-8.00e-03,3.54e+01,
13975,-8.00e-03,3.54e+01,
13976,-8.00e-03,3.54e+01,
13977,-8.00e-03,3.54e+01,
13978,-8.00e-03,3.54e+01,
13979,-8.00e-03,3.54e+01,
13980,-8.00e-03,3.54e+01,
13981,-8.00e-03,3.54e+01,
13982,-8.00e-03,3.54e+01,
13983,-8.00e-03,3.54e+01,
13984,-8.00e-03,3.54e+01,
13985,-8.00e-03,3.54e+01,
13986,-8.00e-03,3.54e+01,
13987,-8.00e-03,3.54e+01,
13988,-8.00e-03,3.54e+01,
13989,-8.00e-03,3.54e+01,
13990,-8.00e-03,3.54e+01,
13991,-8.00e-03,3.54e+01,
13992,-8.00e-03,3.54e+01,
13993,-8.00e-03,3.54e+01,
13994,-8.00e-03,3.54e+01,
13995,-8.00e-03,3.54e+01,
13996,-8.00e-03,3.54e+01,
13997,-8.00e-03,3.54e+01,
13998,-8.00e-03,3.54e+01,
13999,-8.00e-03,3.54e+01,
14000,-8.00e-03,3.54e+01,
14001,-8.00e-03,3.54e+01,
14002,-8.00e-03,3.54e+01,
14003,-8.00e-03,3.54e+01,
14004,-8.00e-03,3.54e+01,
14005,-8.00e-03,3.54e+01,
14006,-8.00e-03,3.54e+01,
14007,-8.00e-03,3.54e+01,
14008,-8.00e-03,3.54e+01,
14009,-8.00e-03,3.54e+01,
14010,-8.00e-03,3.54e+01,
14011,-8.00e-03,3.54e+01,
14012,-8.00e-03,3.54e+01,
14013,-8.00e-03,3.54e+01,
14014,-8.00e-03,3.54e+01,
14015,-8.00e-03,3.54e+01,
14016,-8.00e-03,3.54e+01,
14017,-8.00e-03,3.54e+01,
14018,-8.00e-03,3.54e+01,
14019,-8.00e-03,3.54e+01,
14020,-8.00e-03,3.54e+01,
14021,-8.00e-03,3.54e+01,
14022,-8.00e-03,3.54e+01,
14023,-8.00e-03,3.54e+01,
14024,-8.00e-03,3.54e+01,
14025,-8.00e-03,3.54e+01,
14026,-8.00e-03,3.54e+01,
14027,-8.00e-03,3.54e+01,
14028,-8.00e-03,3.54e+01,
14029,-8.00e-03,3.54e+01,
14030,-8.00e-03,3.54e+01,
14031,-8.00e-03,3.54e+01,
14032,-8.00e-03,3.54e+01,
14033,-8.00e-03,3.54e+01,
14034,-8.00e-03,3.54e+01,
14035,-8.00e-03,3.54e+01,
14036,-8.00e-03,3.54e+01,
14037,-8.00e-03,3.54e+01,
14038,-8.00e-03,3.54e+01,
14039,-8.00e-03,3.54e+01,
14040,-8.00e-03,3.54e+01,
14041,-8.00e-03,3.54e+01,
14042,-8.00e-03,3.54e+01,
14043,-8.00e-03,3.54e+01,
14044,-8.00e-03,3.54e+01,
14045,-8.00e-03,3.54e+01,
14046,-8.00e-03,3.54e+01,
14047,-8.00e-03,3.54e+01,
14048,-8.00e-03,3.54e+01,
14049,-8.00e-03,3.54e+01,
14050,-8.00e-03,3.54e+01,
14051,-8.00e-03,3.54e+01,
14052,-8.00e-03,3.54e+01,
14053,-8.00e-03,3.54e+01,
14054,-8.00e-03,3.54e+01,
14055,-8.00e-03,3.54e+01,
14056,-8.00e-03,3.54e+01,
14057,-8.00e-03,3.54e+01,
14058,-8.00e-03,3.54e+01,
14059,-8.00e-03,3.54e+01,
14060,-8.00e-03,3.54e+01,
14061,-8.00e-03,3.54e+01,
14062,-8.00e-03,3.46e+01,
14063,-8.00e-03,3.54e+01,
14064,-8.00e-03,3.46e+01,
14065,-8.00e-03,3.54e+01,
14066,-8.00e-03,3.46e+01,
14067,-8.00e-03,3.54e+01,
14068,-8.00e-03,3.54e+01,
14069,-8.00e-03,3.54e+01,
14070,-8.00e-03,3.54e+01,
14071,-8.00e-03,3.54e+01,
14072,-8.00e-03,3.54e+01,
14073,-8.00e-03,3.54e+01,
14074,-8.00e-03,3.54e+01,
14075,-8.00e-03,3.54e+01,
14076,-8.00e-03,3.54e+01,
14077,-8.00e-03,3.54e+01,
14078,-8.00e-03,3.54e+01,
14079,-8.00e-03,3.54e+01,
14080,-8.00e-03,3.54e+01,
14081,-8.00e-03,3.54e+01,
14082,-8.00e-03,3.54e+01,
14083,-8.00e-03,3.54e+01,
14084,-8.00e-03,3.54e+01,
14085,-8.00e-03,3.54e+01,
14086,-8.00e-03,3.54e+01,
14087,-8.00e-03,3.54e+01,
14088,-8.00e-03,3.46e+01,
14089,-8.00e-03,3.54e+01,
14090,-8.00e-03,3.46e+01,
14091,-8.00e-03,3.54e+01,
14092,-8.00e-03,3.54e+01,
14093,-8.00e-03,3.54e+01,
14094,-8.00e-03,3.46e+01,
14095,-8.00e-03,3.54e+01,
14096,-8.00e-03,3.46e+01,
14097,-8.00e-03,3.54e+01,
14098,-8.00e-03,3.46e+01,
14099,-8.00e-03,3.54e+01,
14100,-8.00e-03,3.54e+01,
14101,-8.00e-03,3.46e+01,
14102,-8.00e-03,3.54e+01,
14103,-8.00e-03,3.46e+01,
14104,-8.00e-03,3.54e+01,
14105,-8.00e-03,3.54e+01,
14106,-8.00e-03,3.46e+01,
14107,-8.00e-03,3.54e+01,
14108,-8.00e-03,3.46e+01,
14109,-8.00e-03,3.46e+01,
14110,-8.00e-03,3.46e+01,
14111,-8.00e-03,3.46e+01,
14112,-8.00e-03,3.46e+01,
14113,-8.00e-03,3.46e+01,
14114,-8.00e-03,3.46e+01,
14115,-8.00e-03,3.46e+01,
14116,-8.00e-03,3.46e+01,
14117,-8.00e-03,3.54e+01,
14118,-8.00e-03,3.46e+01,
14119,-8.00e-03,3.54e+01,
14120,-8.00e-03,3.46e+01,
14121,-8.00e-03,3.46e+01,
14122,-8.00e-03,3.46e+01,
14123,-8.00e-03,3.46e+01,
14124,-8.00e-03,3.46e+01,
14125,-8.00e-03,3.46e+01,
14126,-8.00e-03,3.46e+01,
14127,-8.00e-03,3.46e+01,
14128,-8.00e-03,3.46e+01,
14129,-8.00e-03,3.46e+01,
14130,-8.00e-03,3.46e+01,
14131,-8.00e-03,3.46e+01,
14132,-8.00e-03,3.46e+01,
14133,-8.00e-03,3.46e+01,
14134,-8.00e-03,3.46e+01,
14135,-8.00e-03,3.46e+01,
14136,-8.00e-03,3.46e+01,
14137,-8.00e-03,3.46e+01,
14138,-8.00e-03,3.46e+01,
14139,-8.00e-03,3.46e+01,
14140,-8.00e-03,3.46e+01,
14141,-8.00e-03,3.46e+01,
14142,-8.00e-03,3.42e+01,
14143,-8.00e-03,3.46e+01,
14144,-8.00e-03,3.42e+01,
14145,-8.00e-03,3.42e+01,
14146,-8.00e-03,3.42e+01,
14147,-1.60e-02,3.42e+01,
14148,-1.60e-02,3.38e+01,
14149,-8.00e-03,3.38e+01,
14150,-8.00e-03,3.38e+01,
14151,-1.60e-02,3.38e+01,
14152,-8.00e-03,3.34e+01,
14153,-8.00e-03,3.34e+01,
14154,-8.00e-03,3.34e+01,
14155,-8.00e-03,3.34e+01,
14156,-8.00e-03,3.30e+01,
14157,-8.00e-03,3.30e+01,
14158,-8.00e-03,3.26e+01,
14159,-1.60e-02,3.26e+01,
14160,-8.00e-03,3.26e+01,
14161,-8.00e-03,3.22e+01,
14162,-1.60e-02,3.22e+01,
14163,-1.60e-02,3.22e+01,
14164,-1.60e-02,3.18e+01,
14165,-8.00e-03,3.18e+01,
14166,-1.60e-02,3.14e+01,
14167,-1.60e-02,3.14e+01,
14168,-8.00e-03,3.10e+01,
14169,-8.00e-03,3.10e+01,
14170,-8.00e-03,3.06e+01,
14171,-1.60e-02,3.06e+01,
14172,-8.00e-03,3.02e+01,
14173,-8.00e-03,3.02e+01,
14174,-1.60e-02,2.98e+01,
14175,-1.60e-02,2.98e+01,
14176,-1.60e-02,2.90e+01,
14177,-8.00e-03,2.90e+01,
14178,-1.60e-02,2.86e+01,
14179,-1.60e-02,2.86e+01,
14180,-1.60e-02,2.82e+01,
14181,-8.00e-03,2.82e+01,
14182,-8.00e-03,2.78e+01,
14183,-8.00e-03,2.78e+01,
14184,-8.00e-03,2.74e+01,
14185,-8.00e-03,2.74e+01,
14186,-8.00e-03,2.70e+01,
14187,-1.60e-02,2.66e+01,
14188,-1.60e-02,2.66e+01,
14189,-1.60e-02,2.62e+01,
14190,-1.60e-02,2.62e+01,
14191,-1.60e-02,2.58e+01,
14192,-1.60e-02,2.54e+01,
14193,-8.00e-03,2.54e+01,
14194,-8.00e-03,2.50e+01,
14195,-1.60e-02,2.46e+01,
14196,-8.00e-03,2.46e+01,
14197,-8.00e-03,2.38e+01,
14198,-8.00e-03,2.38e+01,
14199,-1.60e-02,2.34e+01,
14200,-8.00e-03,2.30e+01,
14201,-1.60e-02,2.30e+01,
14202,-1.60e-02,2.26e+01,
14203,-1.60e-02,2.26e+01,
14204,-1.60e-02,2.22e+01,
14205,-8.00e-03,2.22e+01,
14206,-1.60e-02,2.18e+01,
14207,-1.60e-02,2.18e+01,
14208,-8.00e-03,2.14e+01,
14209,-8.00e-03,2.10e+01,
14210,-8.00e-03,2.10e+01,
14211,-1.60e-02,2.06e+01,
14212,-1.60e-02,2.06e+01,
14213,-8.00e-03,2.02e+01,
14214,-8.00e-03,2.02e+01,
14215,-1.60e-02,1.98e+01,
14216,-8.00e-03,1.94e+01,
14217,-8.00e-03,1.94e+01,
14218,-8.00e-03,1.90e+01,
14219,-8.00e-03,1.90e+01,
14220,-8.00e-03,1.82e+01,
14221,-8.00e-03,1.82e+01,
14222,-8.00e-03,1.78e+01,
14223,-1.60e-02,1.78e+01,
14224,-8.00e-03,1.74e+01,
14225,-8.00e-03,1.74e+01,
14226,-8.00e-03,1.70e+01,
14227,-1.60e-02,1.70e+01,
14228,-8.00e-03,1.66e+01,
14229,-8.00e-03,1.66e+01,
14230,-8.00e-03,1.62e+01,
14231,-8.00e-03,1.62e+01,
14232,-8.00e-03,1.58e+01,
14233,-8.00e-03,1.58e+01,
14234,-1.60e-02,1.54e+01,
14235,-1.60e-02,1.54e+01,
14236,-8.00e-03,1.54e+01,
14237,-8.00e-03,1.50e+01,
14238,-8.00e-03,1.50e+01,
14239,-8.00e-03,1.50e+01,
14240,-8.00e-03,1.46e+01,
14241,-8.00e-03,1.46e+01,
14242,-8.00e-03,1.42e+01,
14243,-8.00e-03,1.42e+01,
14244,-8.00e-03,1.38e+01,
14245,-8.00e-03,1.38e+01,
14246,-8.00e-03,1.30e+01,
14247,-8.00e-03,1.30e+01,
14248,-8.00e-03,1.26e+01,
14249,-8.00e-03,1.26e+01,
14250,-8.00e-03,1.26e+01,
14251,-8.00e-03,1.26e+01,
14252,-8.00e-03,1.22e+01,
14253,-8.00e-03,1.22e+01,
14254,-8.00e-03,1.22e+01,
14255,-8.00e-03,1.18e+01,
14256,-8.00e-03,1.18e+01,
14257,-8.00e-03,1.18e+01,
14258,-8.00e-03,1.18e+01,
14259,-8.00e-03,1.14e+01,
14260,-8.00e-03,1.14e+01,
14261,-8.00e-03,1.10e+01,
14262,-8.00e-03,1.10e+01,
14263,-8.00e-03,1.10e+01,
14264,-8.00e-03,1.06e+01,
14265,-8.00e-03,1.10e+01,
14266,-8.00e-03,1.06e+01,
14267,-8.00e-03,1.06e+01,
14268,-8.00e-03,1.06e+01,
14269,-8.00e-03,1.02e+01,
14270,-8.00e-03,1.02e+01,
14271,-8.00e-03,1.02e+01,
14272,-8.00e-03,1.02e+01,
14273,-8.00e-03,1.02e+01,
14274,-8.00e-03,9.80e+00,
14275,-8.00e-03,9.80e+00,
14276,-8.00e-03,9.80e+00,
14277,-8.00e-03,9.80e+00,
14278,-8.00e-03,9.80e+00,
14279,-8.00e-03,9.40e+00,
14280,-8.00e-03,9.40e+00,
14281,-8.00e-03,9.40e+00,
14282,-8.00e-03,9.40e+00,
14283,-8.00e-03,9.40e+00,
14284,-8.00e-03,9.40e+00,
14285,-8.00e-03,9.00e+00,
14286,-8.00e-03,9.00e+00,
14287,-8.00e-03,9.00e+00,
14288,-8.00e-03,9.00e+00,
14289,-8.00e-03,9.00e+00,
14290,-8.00e-03,9.00e+00,
14291,-8.00e-03,9.00e+00,
14292,-8.00e-03,8.60e+00,
14293,-8.00e-03,8.60e+00,
14294,-8.00e-03,8.60e+00,
14295,-8.00e-03,8.60e+00,
14296,-8.00e-03,8.60e+00,
14297,-8.00e-03,8.60e+00,
14298,-8.00e-03,8.60e+00,
14299,-8.00e-03,8.60e+00,
14300,-8.00e-03,8.60e+00,
14301,-8.00e-03,8.60e+00,
14302,-8.00e-03,8.60e+00,
14303,-8.00e-03,8.60e+00,
14304,-8.00e-03,8.20e+00,
14305,0.00e+00,8.20e+00,
14306,-8.00e-03,8.60e+00,
14307,-8.00e-03,8.20e+00,
14308,-8.00e-03,8.20e+00,
14309,0.00e+00,8.20e+00,
14310,-8.00e-03,8.20e+00,
14311,-8.00e-03,8.20e+00,
14312,-8.00e-03,8.20e+00,
14313,0.00e+00,8.20e+00,
14314,-8.00e-03,8.20e+00,
14315,-8.00e-03,8.20e+00,
14316,0.00e+00,8.20e+00,
14317,0.00e+00,8.20e+00,
14318,0.00e+00,8.20e+00,
14319,-8.00e-03,8.20e+00,
14320,-8.00e-03,8.20e+00,
14321,0.00e+00,8.20e+00,
14322,-8.00e-03,8.20e+00,
14323,-8.00e-03,8.20e+00,
14324,0.00e+00,8.20e+00,
14325,0.00e+00,8.20e+00,
14326,0.00e+00,8.20e+00,
14327,-8.00e-03,8.60e+00,
14328,-8.00e-03,8.20e+00,
14329,0.00e+00,8.60e+00,
14330,0.00e+00,8.20e+00,
14331,-8.00e-03,8.60e+00,
14332,0.00e+00,8.60e+00,
14333,0.00e+00,8.20e+00,
14334,0.00e+00,8.60e+00,
14335,-8.00e-03,8.60e+00,
14336,0.00e+00,8.60e+00,
14337,0.00e+00,8.60e+00,
14338,0.00e+00,8.60e+00,
14339,0.00e+00,8.60e+00,
14340,0.00e+00,8.60e+00,
14341,0.00e+00,8.60e+00,
14342,0.00e+00,9.00e+00,
14343,0.00e+00,9.00e+00,
14344,0.00e+00,8.60e+00,
14345,0.00e+00,9.00e+00,
14346,0.00e+00,9.00e+00,
14347,-8.00e-03,9.00e+00,
14348,0.00e+00,9.00e+00,
14349,0.00e+00,9.40e+00,
14350,0.00e+00,9.00e+00,
14351,0.00e+00,9.40e+00,
14352,0.00e+00,9.40e+00,
14353,0.00e+00,9.40e+00,
14354,0.00e+00,9.80e+00,
14355,0.00e+00,9.80e+00,
14356,0.00e+00,9.80e+00,
14357,0.00e+00,9.80e+00,
14358,0.00e+00,9.80e+00,
14359,0.00e+00,9.80e+00,
14360,0.00e+00,9.80e+00,
14361,0.00e+00,1.02e+01,
14362,0.00e+00,1.02e+01,
14363,0.00e+00,1.02e+01,
14364,0.00e+00,1.02e+01,
14365,0.00e+00,1.02e+01,
14366,0.00e+00,1.06e+01,
14367,0.00e+00,1.06e+01,
14368,0.00e+00,1.06e+01,
14369,0.00e+00,1.06e+01,
14370,0.00e+00,1.10e+01,
14371,0.00e+00,1.10e+01,
14372,0.00e+00,1.10e+01,
14373,0.00e+00,1.14e+01,
14374,0.00e+00,1.14e+01,
14375,0.00e+00,1.14e+01,
14376,0.00e+00,1.14e+01,
14377,0.00e+00,1.18e+01,
14378,0.00e+00,1.18e+01,
14379,0.00e+00,1.18e+01,
14380,0.00e+00,1.22e+01,
14381,0.00e+00,1.22e+01,
14382,0.00e+00,1.22e+01,
14383,-8.00e-03,1.26e+01,
14384,0.00e+00,1.26e+01,
14385,0.00e+00,1.26e+01,
14386,0.00e+00,1.30e+01,
14387,0.00e+00,1.30e+01,
14388,0.00e+00,1.38e+01,
14389,0.00e+00,1.38e+01,
14390,0.00e+00,1.38e+01,
14391,0.00e+00,1.42e+01,
14392,0.00e+00,1.42e+01,
14393,0.00e+00,1.42e+01,
14394,0.00e+00,1.46e+01,
14395,0.00e+00,1.46e+01,
14396,0.00e+00,1.50e+01,
14397,0.00e+00,1.50e+01,
14398,0.00e+00,1.50e+01,
14399,0.00e+00,1.54e+01,
14400,0.00e+00,1.54e+01,
14401,0.00e+00,1.54e+01,
14402,0.00e+00,1.58e+01,
14403,0.00e+00,1.62e+01,
14404,0.00e+00,1.62e+01,
14405,0.00e+00,1.62e+01,
14406,0.00e+00,1.66e+01,
14407,0.00e+00,1.66e+01,
14408,0.00e+00,1.66e+01,
14409,0.00e+00,1.70e+01,
14410,0.00e+00,1.70e+01,
14411,-8.00e-03,1.74e+01,
14412,0.00e+00,1.78e+01,
14413,0.00e+00,1.78e+01,
14414,0.00e+00,1.78e+01,
14415,0.00e+00,1.82e+01,
14416,0.00e+00,1.82e+01,
14417,0.00e+00,1.90e+01,
14418,0.00e+00,1.90e+01,
14419,0.00e+00,1.94e+01,
14420,0.00e+00,1.94e+01,
14421,0.00e+00,1.98e+01,
14422,0.00e+00,1.98e+01,
14423,-8.00e-03,2.02e+01,
14424,0.00e+00,2.02e+01,
14425,0.00e+00,2.06e+01,
14426,0.00e+00,2.06e+01,
14427,0.00e+00,2.10e+01,
14428,0.00e+00,2.14e+01,
14429,0.00e+00,2.14e+01,
14430,0.00e+00,2.18e+01,
14431,0.00e+00,2.18e+01,
14432,-8.00e-03,2.22e+01,
14433,0.00e+00,2.22e+01,
14434,0.00e+00,2.26e+01,
14435,-8.00e-03,2.26e+01,
14436,0.00e+00,2.30e+01,
14437,0.00e+00,2.30e+01,
14438,0.00e+00,2.34e+01,
14439,-8.00e-03,2.38e+01,
14440,0.00e+00,2.38e+01,
14441,0.00e+00,2.46e+01,
14442,0.00e+00,2.46e+01,
14443,-8.00e-03,2.46e+01,
14444,0.00e+00,2.50e+01,
14445,0.00e+00,2.50e+01,
14446,0.00e+00,2.54e+01,
14447,-8.00e-03,2.54e+01,
14448,-8.00e-03,2.58e+01,
14449,0.00e+00,2.62e+01,
14450,-8.00e-03,2.62e+01,
14451,-8.00e-03,2.66e+01,
14452,-8.00e-03,2.66e+01,
14453,-8.00e-03,2.66e+01,
14454,-8.00e-03,2.70e+01,
14455,-8.00e-03,2.74e+01,
14456,-8.00e-03,2.74e+01,
14457,-8.00e-03,2.74e+01,
14458,-8.00e-03,2.78e+01,
14459,-8.00e-03,2.78e+01,
14460,-8.00e-03,2.82e+01,
14461,-8.00e-03,2.82e+01,
14462,-8.00e-03,2.82e+01,
14463,-8.00e-03,2.86e+01,
14464,-8.00e-03,2.86e+01,
14465,-8.00e-03,2.90e+01,
14466,-8.00e-03,2.90e+01,
14467,-8.00e-03,2.98e+01,
14468,-8.00e-03,2.98e+01,
14469,-8.00e-03,2.98e+01,
14470,-8.00e-03,3.02e+01,
14471,-8.00e-03,3.02e+01,
14472,-8.00e-03,3.02e+01,
14473,-8.00e-03,3.06e+01,
14474,-8.00e-03,3.06e+01,
14475,-8.00e-03,3.10e+01,
14476,-8.00e-03,3.10e+01,
14477,-8.00e-03,3.10e+01,
14478,-8.00e-03,3.10e+01,
14479,-8.00e-03,3.14e+01,
14480,-8.00e-03,3.14e+01,
14481,-8.00e-03,3.14e+01,
14482,-8.00e-03,3.14e+01,
14483,-8.00e-03,3.18e+01,
14484,-8.00e-03,3.18e+01,
14485,-8.00e-03,3.18e+01,
14486,-8.00e-03,3.18e+01,
14487,-8.00e-03,3.22e+01,
14488,-8.00e-03,3.18e+01,
14489,-8.00e-03,3.22e+01,
14490,-8.00e-03,3.18e+01,
14491,-8.00e-03,3.22e+01,
14492,-8.00e-03,3.22e+01,
14493,-8.00e-03,3.22e+01,
14494,-8.00e-03,3.22e+01,
14495,-8.00e-03,3.22e+01,
14496,-8.00e-03,3.22e+01,
14497,-8.00e-03,3.26e+01,
14498,-8.00e-03,3.22e+01,
14499,-8.00e-03,3.26e+01,
14500,-8.00e-03,3.26e+01,
14501,-8.00e-03,3.26e+01,
14502,-8.00e-03,3.26e+01,
14503,-8.00e-03,3.26e+01,
14504,-8.00e-03,3.22e+01,
14505,-8.00e-03,3.26e+01,
14506,-8.00e-03,3.22e+01,
14507,-8.00e-03,3.26e+01,
14508,-8.00e-03,3.26e+01,
14509,-8.00e-03,3.22e+01,
14510,-8.00e-03,3.22e+01,
14511,-8.00e-03,3.22e+01,
14512,-8.00e-03,3.22e+01,
14513,-8.00e-03,3.22e+01,
14514,-8.00e-03,3.22e+01,
14515,-8.00e-03,3.22e+01,
14516,-8.00e-03,3.22e+01,
14517,-8.00e-03,3.18e+01,
14518,-8.00e-03,3.18e+01,
14519,-8.00e-03,3.18e+01,
14520,-8.00e-03,3.18e+01,
14521,-8.00e-03,3.18e+01,
14522,-8.00e-03,3.14e+01,
14523,-8.00e-03,3.14e+01,
14524,-8.00e-03,3.14e+01,
14525,-8.00e-03,3.14e+01,
14526,-8.00e-03,3.14e+01,
14527,-8.00e-03,3.10e+01,
14528,-8.00e-03,3.10e+01,
14529,-8.00e-03,3.10e+01,
14530,-8.00e-03,3.06e+01,
14531,-8.00e-03,3.06e+01,
14532,-8.00e-03,3.06e+01,
14533,-8.00e-03,3.02e+01,
14534,-8.00e-03,3.02e+01,
14535,-8.00e-03,3.02e+01,
14536,-8.00e-03,2.98e+01,
14537,-8.00e-03,2.98e+01,
14538,-8.00e-03,2.90e+01,
14539,-8.00e-03,2.90e+01,
14540,-8.00e-03,2.90e+01,
14541,-8.00e-03,2.86e+01,
14542,-8.00e-03,2.86e+01,
14543,-1.60e-02,2.86e+01,
14544,-8.00e-03,2.82e+01,
14545,-8.00e-03,2.82e+01,
14546,-8.00e-03,2.78e+01,
14547,-1.60e-02,2.78e+01,
14548,-8.00e-03,2.74e+01,
14549,-8.00e-03,2.74e+01,
14550,-8.00e-03,2.70e+01,
14551,-1.60e-02,2.70e+01,
14552,-8.00e-03,2.66e+01,
14553,-8.00e-03,2.66e+01,
14554,-8.00e-03,2.62e+01,
14555,-8.00e-03,2.62e+01,
14556,-8.00e-03,2.62e+01,
14557,-8.00e-03,2.58e+01,
14558,-8.00e-03,2.58e+01,
14559,-1.60e-02,2.54e+01,
14560,-8.00e-03,2.54e+01,
14561,-8.00e-03,2.50e+01,
14562,-1.60e-02,2.50e+01,
14563,-1.60e-02,2.46e+01,
14564,-8.00e-03,2.46e+01,
14565,-8.00e-03,2.38e+01,
14566,-8.00e-03,2.38e+01,
14567,-1.60e-02,2.34e+01,
14568,-8.00e-03,2.34e+01,
14569,-8.00e-03,2.30e+01,
14570,-8.00e-03,2.30e+01,
14571,-1.60e-02,2.26e+01,
14572,-8.00e-03,2.26e+01,
14573,-8.00e-03,2.22e+01,
14574,-8.00e-03,2.22e+01,
14575,-1.60e-02,2.18e+01,
14576,-8.00e-03,2.18e+01,
14577,-8.00e-03,2.14e+01,
14578,-8.00e-03,2.14e+01,
14579,-1.60e-02,2.10e+01,
14580,-8.00e-03,2.06e+01,
14581,-8.00e-03,2.06e+01,
14582,-8.00e-03,2.06e+01,
14583,-8.00e-03,2.02e+01,
14584,-8.00e-03,2.02e+01,
14585,-8.00e-03,1.98e+01,
14586,-8.00e-03,1.98e+01,
14587,-8.00e-03,1.94e+01,
14588,-8.00e-03,1.94e+01,
14589,-8.00e-03,1.90e+01,
14590,-8.00e-03,1.90e+01,
14591,-1.60e-02,1.82e+01,
14592,-8.00e-03,1.82e+01,
14593,-8.00e-03,1.78e+01,
14594,-8.00e-03,1.78e+01,
14595,-8.00e-03,1.78e+01,
14596,-8.00e-03,1.74e+01,
14597,-8.00e-03,1.74e+01,
14598,-8.00e-03,1.70e+01,
14599,-8.00e-03,1.70e+01,
14600,-8.00e-03,1.66e+01,
14601,-8.00e-03,1.66e+01,
14602,-8.00e-03,1.62e+01,
14603,-8.00e-03,1.62e+01,
14604,-8.00e-03,1.62e+01,
14605,-8.00e-03,1.58e+01,
14606,-8.00e-03,1.58e+01,
14607,-8.00e-03,1.58e+01,
14608,-8.00e-03,1.54e+01,
14609,-8.00e-03,1.54e+01,
14610,-8.00e-03,1.50e+01,
14611,-8.00e-03,1.50e+01,
14612,-8.00e-03,1.50e+01,
14613,-8.00e-03,1.46e+01,
14614,-8.00e-03,1.46e+01,
14615,-8.00e-03,1.46e+01,
14616,-8.00e-03,1.42e+01,
14617,-8.00e-03,1.42e+01,
14618,-8.00e-03,1.38e+01,
14619,-8.00e-03,1.38e+01,
14620,-8.00e-03,1.38e+01,
14621,-8.00e-03,1.38e+01,
14622,-8.00e-03,1.30e+01,
14623,-8.00e-03,1.30e+01,
14624,-8.00e-03,1.30e+01,
14625,-8.00e-03,1.26e+01,
14626,-8.00e-03,1.26e+01,
14627,-8.00e-03,1.26e+01,
14628,-8.00e-03,1.26e+01,
14629,-8.00e-03,1.22e+01,
14630,-8.00e-03,1.22e+01,
14631,-8.00e-03,1.22e+01,
14632,-8.00e-03,1.18e+01,
14633,-8.00e-03,1.18e+01,
14634,-8.00e-03,1.18e+01,
14635,-8.00e-03,1.18e+01,
14636,-8.00e-03,1.14e+01,
14637,-8.00e-03,1.14e+01,
14638,-8.00e-03,1.14e+01,
14639,-8.00e-03,1.14e+01,
14640,-8.00e-03,1.10e+01,
14641,-8.00e-03,1.10e+01,
14642,-8.00e-03,1.10e+01,
14643,-8.00e-03,1.10e+01,
14644,-8.00e-03,1.06e+01,
14645,-8.00e-03,1.06e+01,
14646,-8.00e-03,1.06e+01,
14647,-8.00e-03,1.06e+01,
14648,-8.00e-03,1.06e+01,
14649,-8.00e-03,1.06e+01,
14650,-8.00e-03,1.02e+01,
14651,-8.00e-03,1.06e+01,
14652,-8.00e-03,1.02e+01,
14653,-8.00e-03,1.02e+01,
14654,-8.00e-03,1.02e+01,
14655,-8.00e-03,1.02e+01,
14656,-8.00e-03,9.80e+00,
14657,-8.00e-03,9.80e+00,
14658,-8.00e-03,1.02e+01,
14659,-8.00e-03,9.80e+00,
14660,-8.00e-03,9.80e+00,
14661,-8.00e-03,9.80e+00,
14662,-8.00e-03,9.80e+00,
14663,-8.00e-03,9.80e+00,
14664,-8.00e-03,9.40e+00,
14665,-8.00e-03,9.40e+00,
14666,-8.00e-03,9.80e+00,
14667,-8.00e-03,9.40e+00,
14668,-8.00e-03,9.40e+00,
14669,-8.00e-03,9.40e+00,
14670,-8.00e-03,9.40e+00,
14671,-8.00e-03,9.40e+00,
14672,-8.00e-03,9.40e+00,
14673,0.00e+00,9.40e+00,
14674,-8.00e-03,9.40e+00,
14675,-8.00e-03,9.40e+00,
14676,-8.00e-03,9.40e+00,
14677,0.00e+00,9.00e+00,
14678,0.00e+00,9.40e+00,
14679,-8.00e-03,9.40e+00,
14680,-8.00e-03,9.00e+00,
14681,0.00e+00,9.00e+00,
14682,-8.00e-03,9.40e+00,
14683,-8.00e-03,9.40e+00,
14684,-8.00e-03,9.00e+00,
14685,0.00e+00,9.00e+00,
14686,0.00e+00,9.40e+00,
14687,-8.00e-03,9.00e+00,
14688,0.00e+00,9.00e+00,
14689,0.00e+00,9.00e+00,
14690,0.00e+00,9.00e+00,
14691,-8.00e-03,9.40e+00,
14692,0.00e+00,9.00e+00,
14693,0.00e+00,9.00e+00,
14694,0.00e+00,9.00e+00,
14695,-8.00e-03,9.40e+00,
14696,0.00e+00,9.00e+00,
14697,0.00e+00,9.00e+00,
14698,0.00e+00,9.40e+00,
14699,-8.00e-03,9.40e+00,
14700,0.00e+00,9.40e+00,
14701,0.00e+00,9.40e+00,
14702,0.00e+00,9.40e+00,
14703,-8.00e-03,9.40e+00,
14704,0.00e+00,9.40e+00,
14705,0.00e+00,9.40e+00,
14706,0.00e+00,9.40e+00,
14707,0.00e+00,9.40e+00,
14708,0.00e+00,9.40e+00,
14709,0.00e+00,9.40e+00,
14710,0.00e+00,9.40e+00,
14711,0.00e+00,9.80e+00,
14712,0.00e+00,9.40e+00,
14713,0.00e+00,9.80e+00,
14714,0.00e+00,9.80e+00,
14715,0.00e+00,9.80e+00,
14716,0.00e+00,9.80e+00,
14717,0.00e+00,9.80e+00,
14718,0.00e+00,1.02e+01,
14719,0.00e+00,1.02e+01,
14720,0.00e+00,9.80e+00,
14721,0.00e+00,1.02e+01,
14722,0.00e+00,1.02e+01,
14723,0.00e+00,1.02e+01,
14724,0.00e+00,1.02e+01,
14725,0.00e+00,1.02e+01,
14726,0.00e+00,1.06e+01,
14727,0.00e+00,1.06e+01,
14728,0.00e+00,1.06e+01,
14729,0.00e+00,1.10e+01,
14730,0.00e+00,1.06e+01,
14731,0.00e+00,1.10e+01,
14732,0.00e+00,1.10e+01,
14733,0.00e+00,1.06e+01,
14734,0.00e+00,1.10e+01,
14735,0.00e+00,1.10e+01,
14736,0.00e+00,1.10e+01,
14737,0.00e+00,1.14e+01,
14738,0.00e+00,1.14e+01,
14739,0.00e+00,1.14e+01,
14740,0.00e+00,1.14e+01,
14741,0.00e+00,1.14e+01,
14742,0.00e+00,1.18e+01,
14743,0.00e+00,1.18e+01,
14744,0.00e+00,1.18e+01,
14745,0.00e+00,1.22e+01,
14746,0.00e+00,1.22e+01,
14747,0.00e+00,1.22e+01,
14748,0.00e+00,1.26e+01,
14749,0.00e+00,1.26e+01,
14750,0.00e+00,1.26e+01,
14751,0.00e+00,1.26e+01,
14752,0.00e+00,1.26e+01,
14753,0.00e+00,1.30e+01,
14754,0.00e+00,1.30e+01,
14755,0.00e+00,1.30e+01,
14756,0.00e+00,1.38e+01,
14757,0.00e+00,1.38e+01,
14758,0.00e+00,1.38e+01,
14759,0.00e+00,1.42e+01,
14760,0.00e+00,1.42e+01,
14761,0.00e+00,1.42e+01,
14762,0.00e+00,1.46e+01,
14763,0.00e+00,1.46e+01,
14764,0.00e+00,1.46e+01,
14765,0.00e+00,1.46e+01,
14766,0.00e+00,1.50e+01,
14767,0.00e+00,1.50e+01,
14768,0.00e+00,1.54e+01,
14769,0.00e+00,1.54e+01,
14770,0.00e+00,1.54e+01,
14771,0.00e+00,1.58e+01,
14772,0.00e+00,1.58e+01,
14773,0.00e+00,1.58e+01,
14774,0.00e+00,1.62e+01,
14775,0.00e+00,1.62e+01,
14776,0.00e+00,1.62e+01,
14777,0.00e+00,1.66e+01,
14778,0.00e+00,1.66e+01,
14779,0.00e+00,1.70e+01,
14780,0.00e+00,1.70e+01,
14781,0.00e+00,1.74e+01,
14782,0.00e+00,1.74e+01,
14783,0.00e+00,1.74e+01,
14784,0.00e+00,1.78e+01,
14785,0.00e+00,1.78e+01,
14786,0.00e+00,1.82e+01,
14787,0.00e+00,1.82e+01,
14788,0.00e+00,1.90e+01,
14789,0.00e+00,1.90e+01,
14790,0.00e+00,1.90e+01,
14791,-8.00e-03,1.94e+01,
14792,0.00e+00,1.94e+01,
14793,0.00e+00,1.98e+01,
14794,0.00e+00,1.98e+01,
14795,-8.00e-03,2.02e+01,
14796,0.00e+00,2.02e+01,
14797,0.00e+00,2.02e+01,
14798,0.00e+00,2.06e+01,
14799,0.00e+00,2.10e+01,
14800,0.00e+00,2.10e+01,
14801,0.00e+00,2.14e+01,
14802,0.00e+00,2.14e+01,
14803,-8.00e-03,2.14e+01,
14804,-8.00e-03,2.18e+01,
14805,0.00e+00,2.18e+01,
14806,0.00e+00,2.22e+01,
14807,-8.00e-03,2.22e+01,
14808,0.00e+00,2.22e+01,
14809,0.00e+00,2.26e+01,
14810,0.00e+00,2.30e+01,
14811,-8.00e-03,2.30e+01,
14812,0.00e+00,2.30e+01,
14813,0.00e+00,2.34e+01,
14814,0.00e+00,2.34e+01,
14815,-8.00e-03,2.38e+01,
14816,0.00e+00,2.38e+01,
14817,0.00e+00,2.46e+01,
14818,0.00e+00,2.46e+01,
14819,-8.00e-03,2.46e+01,
14820,0.00e+00,2.50e+01,
14821,0.00e+00,2.50e+01,
14822,-8.00e-03,2.54e+01,
14823,-8.00e-03,2.54e+01,
14824,-8.00e-03,2.54e+01,
14825,0.00e+00,2.58e+01,
14826,-8.00e-03,2.58e+01,
14827,-8.00e-03,2.62e+01,
14828,-8.00e-03,2.62e+01,
14829,0.00e+00,2.66e+01,
14830,-8.00e-03,2.66e+01,
14831,-8.00e-03,2.66e+01,
14832,-8.00e-03,2.70e+01,
14833,0.00e+00,2.70e+01,
14834,-8.00e-03,2.70e+01,
14835,-8.00e-03,2.74e+01,
14836,-8.00e-03,2.74e+01,
14837,-8.00e-03,2.74e+01,
14838,-8.00e-03,2.78e+01,
14839,-8.00e-03,2.78e+01,
14840,-8.00e-03,2.78e+01,
14841,0.00e+00,2.82e+01,
14842,-8.00e-03,2.82e+01,
14843,-8.00e-03,2.82e+01,
14844,-8.00e-03,2.86e+01,
14845,-8.00e-03,2.86e+01,
14846,-8.00e-03,2.86e+01,
14847,-8.00e-03,2.86e+01,
14848,-8.00e-03,2.86e+01,
14849,-8.00e-03,2.90e+01,
14850,-8.00e-03,2.90e+01,
14851,-8.00e-03,2.90e+01,
14852,-8.00e-03,2.98e+01,
14853,-8.00e-03,2.98e+01,
14854,-8.00e-03,2.98e+01,
14855,-8.00e-03,2.98e+01,
14856,-8.00e-03,2.98e+01,
14857,-8.00e-03,3.02e+01,
14858,-8.00e-03,3.02e+01,
14859,-8.00e-03,3.02e+01,
14860,-8.00e-03,3.02e+01,
14861,-8.00e-03,3.02e+01,
14862,-8.00e-03,3.02e+01,
14863,-8.00e-03,3.06e+01,
14864,-8.00e-03,3.06e+01,
14865,-8.00e-03,3.06e+01,
14866,-8.00e-03,3.06e+01,
14867,-8.00e-03,3.06e+01,
14868,-8.00e-03,3.06e+01,
14869,-8.00e-03,3.06e+01,
14870,-8.00e-03,3.06e+01,
14871,-8.00e-03,3.06e+01,
14872,-8.00e-03,3.06e+01,
14873,-8.00e-03,3.06e+01,
14874,-8.00e-03,3.06e+01,
14875,-8.00e-03,3.06e+01,
14876,-8.00e-03,3.06e+01,
14877,-8.00e-03,3.06e+01,
14878,-8.00e-03,3.06e+01,
14879,-8.00e-03,3.06e+01,
14880,-8.00e-03,3.06e+01,
14881,-8.00e-03,3.06e+01,
14882,-8.00e-03,3.06e+01,
14883,-8.00e-03,3.02e+01,
14884,-8.00e-03,3.06e+01,
14885,-8.00e-03,3.02e+01,
14886,-8.00e-03,3.02e+01,
14887,-8.00e-03,3.02e+01,
14888,-8.00e-03,3.02e+01,
14889,-8.00e-03,3.02e+01,
14890,-8.00e-03,3.02e+01,
14891,-8.00e-03,3.02e+01,
14892,-8.00e-03,3.02e+01,
14893,-8.00e-03,2.98e+01,
14894,-8.00e-03,2.98e+01,
14895,-1.60e-02,2.98e+01,
14896,-8.00e-03,2.90e+01,
14897,-8.00e-03,2.90e+01,
14898,-8.00e-03,2.90e+01,
14899,-8.00e-03,2.90e+01,
14900,-8.00e-03,2.90e+01,
14901,-8.00e-03,2.86e+01,
14902,-8.00e-03,2.86e+01,
14903,-8.00e-03,2.86e+01,
14904,-8.00e-03,2.82e+01,
14905,-8.00e-03,2.82e+01,
14906,-8.00e-03,2.82e+01,
14907,-8.00e-03,2.82e+01,
14908,-8.00e-03,2.78e+01,
14909,-8.00e-03,2.78e+01,
14910,-8.00e-03,2.78e+01,
14911,-8.00e-03,2.74e+01,
14912,-8.00e-03,2.74e+01,
14913,-8.00e-03,2.74e+01,
14914,-8.00e-03,2.70e+01,
14915,-1.60e-02,2.70e+01,
14916,-8.00e-03,2.70e+01,
14917,-8.00e-03,2.66e+01,
14918,-8.00e-03,2.66e+01,
14919,-8.00e-03,2.66e+01,
14920,-8.00e-03,2.62e+01,
14921,-8.00e-03,2.62e+01,
14922,-8.00e-03,2.58e+01,
14923,-8.00e-03,2.58e+01,
14924,-8.00e-03,2.58e+01,
14925,-8.00e-03,2.54e+01,
14926,-8.00e-03,2.54e+01,
14927,-1.60e-02,2.50e+01,
14928,-8.00e-03,2.50e+01,
14929,-8.00e-03,2.50e+01,
14930,-8.00e-03,2.46e+01,
14931,-8.00e-03,2.46e+01,
14932,-8.00e-03,2.46e+01,
14933,-8.00e-03,2.38e+01,
14934,-8.00e-03,2.34e+01,
14935,-8.00e-03,2.34e+01,
14936,-8.00e-03,2.34e+01,
14937,-8.00e-03,2.30e+01,
14938,-8.00e-03,2.30e+01,
14939,-8.00e-03,2.26e+01,
14940,-8.00e-03,2.26e+01,
14941,-8.00e-03,2.22e+01,
14942,-8.00e-03,2.22e+01,
14943,-8.00e-03,2.22e+01,
14944,-8.00e-03,2.18e+01,
14945,-8.00e-03,2.18e+01,
14946,-8.00e-03,2.14e+01,
14947,-1.60e-02,2.14e+01,
14948,-8.00e-03,2.10e+01,
14949,-8.00e-03,2.10e+01,
14950,-8.00e-03,2.06e+01,
14951,-1.60e-02,2.06e+01,
14952,-8.00e-03,2.06e+01,
14953,-8.00e-03,2.02e+01,
14954,-8.00e-03,2.02e+01,
14955,-1.60e-02,2.02e+01,
14956,-8.00e-03,1.98e+01,
14957,-8.00e-03,1.94e+01,
14958,-8.00e-03,1.94e+01,
14959,-1.60e-02,1.94e+01,
14960,-8.00e-03,1.90e+01,
14961,-8.00e-03,1.90e+01,
14962,-8.00e-03,1.90e+01,
14963,-8.00e-03,1.82e+01,
14964,-8.00e-03,1.82e+01,
14965,-8.00e-03,1.78e+01,
14966,-8.00e-03,1.78e+01,
14967,-8.00e-03,1.78e+01,
14968,-8.00e-03,1.74e+01,
14969,-8.00e-03,1.74e+01,
14970,-8.00e-03,1.70e+01,
14971,-8.00e-03,1.70e+01,
14972,-8.00e-03,1.70e+01,
14973,-8.00e-03,1.66e+01,
14974,-8.00e-03,1.66e+01,
14975,-8.00e-03,1.66e+01,
14976,-8.00e-03,1.62e+01,
14977,-8.00e-03,1.62e+01,
14978,-8.00e-03,1.58e+01,
14979,-8.00e-03,1.58e+01,
14980,-8.00e-03,1.58e+01,
14981,-8.00e-03,1.54e+01,
14982,-8.00e-03,1.54e+01,
14983,-8.00e-03,1.54e+01,
14984,-8.00e-03,1.50e+01,
14985,-8.00e-03,1.50e+01,
14986,-8.00e-03,1.50e+01,
14987,-8.00e-03,1.50e+01,
14988,-8.00e-03,1.46e+01,
14989,-8.00e-03,1.46e+01,
14990,-8.00e-03,1.46e+01,
14991,-8.00e-03,1.42e+01,
14992,-8.00e-03,1.42e+01,
14993,-8.00e-03,1.42e+01,
14994,-8.00e-03,1.38e+01,
14995,-8.00e-03,1.38e+01,
14996,-8.00e-03,1.38e+01,
14997,-8.00e-03,1.30e+01,
14998,-8.00e-03,1.38e+01,
14999,-8.00e-03,1.30e+01,
15000,-8.00e-03,1.30e+01,
15001,-8.00e-03,1.30e+01,
15002,-8.00e-03,1.26e+01,
15003,-8.00e-03,1.26e+01,
15004,-8.00e-03,1.26e+01,
15005,-8.00e-03,1.22e+01,
15006,-8.00e-03,1.22e+01,
15007,-8.00e-03,1.22e+01,
15008,-8.00e-03,1.22e+01,
15009,-8.00e-03,1.22e+01,
15010,-8.00e-03,1.18e+01,
15011,-8.00e-03,1.18e+01,
15012,-8.00e-03,1.18e+01,
15013,-8.00e-03,1.18e+01,
15014,-8.00e-03,1.18e+01,
15015,-8.00e-03,1.18e+01,
15016,-8.00e-03,1.14e+01,
15017,-8.00e-03,1.14e+01,
15018,-8.00e-03,1.14e+01,
15019,-8.00e-03,1.14e+01,
15020,-8.00e-03,1.14e+01,
15021,-8.00e-03,1.10e+01,
15022,-8.00e-03,1.10e+01,
15023,-8.00e-03,1.10e+01,
15024,-8.00e-03,1.10e+01,
15025,-8.00e-03,1.10e+01,
15026,-8.00e-03,1.10e+01,
15027,-8.00e-03,1.06e+01,
15028,-8.00e-03,1.06e+01,
15029,-8.00e-03,1.06e+01,
15030,-8.00e-03,1.06e+01,
15031,-8.00e-03,1.06e+01,
15032,-8.00e-03,1.06e+01,
15033,-8.00e-03,1.06e+01,
15034,-8.00e-03,1.06e+01,
15035,-8.00e-03,1.06e+01,
15036,-8.00e-03,1.06e+01,
15037,-8.00e-03,1.02e+01,
15038,-8.00e-03,1.06e+01,
15039,-8.00e-03,1.02e+01,
15040,-8.00e-03,1.02e+01,
15041,0.00e+00,1.02e+01,
15042,-8.00e-03,1.02e+01,
15043,-8.00e-03,1.02e+01,
15044,-8.00e-03,1.02e+01,
15045,0.00e+00,1.02e+01,
15046,-8.00e-03,1.02e+01,
15047,-8.00e-03,1.02e+01,
15048,-8.00e-03,1.02e+01,
15049,0.00e+00,1.02e+01,
15050,-8.00e-03,1.02e+01,
15051,-8.00e-03,1.02e+01,
15052,-8.00e-03,1.02e+01,
15053,0.00e+00,9.80e+00,
15054,0.00e+00,1.02e+01,
15055,-8.00e-03,1.02e+01,
15056,-8.00e-03,9.80e+00,
15057,0.00e+00,9.80e+00,
15058,-8.00e-03,1.02e+01,
15059,-8.00e-03,1.02e+01,
15060,-8.00e-03,9.80e+00,
15061,0.00e+00,9.80e+00,
15062,0.00e+00,9.80e+00,
15063,-8.00e-03,1.02e+01,
15064,-8.00e-03,9.80e+00,
15065,0.00e+00,9.80e+00,
15066,0.00e+00,9.80e+00,
15067,-8.00e-03,1.02e+01,
15068,0.00e+00,1.02e+01,
15069,0.00e+00,9.80e+00,
15070,0.00e+00,1.02e+01,
15071,-8.00e-03,1.02e+01,
15072,0.00e+00,1.02e+01,
15073,0.00e+00,1.02e+01,
15074,0.00e+00,1.02e+01,
15075,-8.00e-03,1.02e+01,
15076,0.00e+00,1.02e+01,
15077,0.00e+00,1.02e+01,
15078,0.00e+00,1.02e+01,
15079,-8.00e-03,1.02e+01,
15080,0.00e+00,1.02e+01,
15081,0.00e+00,1.02e+01,
15082,0.00e+00,1.02e+01,
15083,-8.00e-03,1.06e+01,
15084,0.00e+00,1.06e+01,
15085,0.00e+00,1.06e+01,
15086,0.00e+00,1.06e+01,
15087,0.00e+00,1.06e+01,
15088,0.00e+00,1.06e+01,
15089,0.00e+00,1.06e+01,
15090,0.00e+00,1.06e+01,
15091,-8.00e-03,1.10e+01,
15092,0.00e+00,1.06e+01,
15093,0.00e+00,1.06e+01,
15094,0.00e+00,1.10e+01,
15095,0.00e+00,1.10e+01,
15096,0.00e+00,1.10e+01,
15097,0.00e+00,1.10e+01,
15098,0.00e+00,1.10e+01,
15099,-8.00e-03,1.14e+01,
15100,0.00e+00,1.14e+01,
15101,0.00e+00,1.14e+01,
15102,0.00e+00,1.14e+01,
15103,0.00e+00,1.18e+01,
15104,0.00e+00,1.14e+01,
15105,0.00e+00,1.18e+01,
15106,0.00e+00,1.18e+01,
15107,-8.00e-03,1.18e+01,
15108,0.00e+00,1.18e+01,
15109,0.00e+00,1.18e+01,
15110,0.00e+00,1.22e+01,
15111,-8.00e-03,1.22e+01,
15112,0.00e+00,1.22e+01,
15113,0.00e+00,1.22e+01,
15114,0.00e+00,1.26e+01,
15115,0.00e+00,1.26e+01,
15116,0.00e+00,1.26e+01,
15117,0.00e+00,1.26e+01,
15118,0.00e+00,1.30e+01,
15119,-8.00e-03,1.30e+01,
15120,0.00e+00,1.30e+01,
15121,0.00e+00,1.30e+01,
15122,0.00e+00,1.30e+01,
15123,-8.00e-03,1.38e+01,
15124,0.00e+00,1.38e+01,
15125,0.00e+00,1.38e+01,
15126,0.00e+00,1.42e+01,
15127,0.00e+00,1.42e+01,
15128,0.00e+00,1.42e+01,
15129,0.00e+00,1.46e+01,
15130,0.00e+00,1.42e+01,
15131,0.00e+00,1.46e+01,
15132,0.00e+00,1.46e+01,
15133,0.00e+00,1.46e+01,
15134,0.00e+00,1.50e+01,
15135,0.00e+00,1.50e+01,
15136,0.00e+00,1.50e+01,
15137,0.00e+00,1.54e+01,
15138,0.00e+00,1.54e+01,
15139,-8.00e-03,1.54e+01,
15140,0.00e+00,1.58e+01,
15141,0.00e+00,1.58e+01,
15142,0.00e+00,1.58e+01,
15143,0.00e+00,1.62e+01,
15144,0.00e+00,1.62e+01,
15145,0.00e+00,1.66e+01,
15146,0.00e+00,1.66e+01,
15147,0.00e+00,1.66e+01,
15148,0.00e+00,1.66e+01,
15149,0.00e+00,1.70e+01,
15150,0.00e+00,1.70e+01,
15151,-8.00e-03,1.74e+01,
15152,0.00e+00,1.74e+01,
15153,0.00e+00,1.74e+01,
15154,0.00e+00,1.74e+01,
15155,0.00e+00,1.78e+01,
15156,0.00e+00,1.78e+01,
15157,0.00e+00,1.82e+01,
15158,0.00e+00,1.82e+01,
15159,-8.00e-03,1.82e+01,
15160,0.00e+00,1.90e+01,
15161,0.00e+00,1.90e+01,
15162,0.00e+00,1.90e+01,
15163,0.00e+00,1.94e+01,
15164,0.00e+00,1.94e+01,
15165,0.00e+00,1.94e+01,
15166,0.00e+00,1.98e+01,
15167,-8.00e-03,2.02e+01,
15168,-8.00e-03,2.02e+01,
15169,0.00e+00,2.02e+01,
15170,0.00e+00,2.06e+01,
15171,-8.00e-03,2.06e+01,
15172,0.00e+00,2.06e+01,
15173,0.00e+00,2.10e+01,
15174,0.00e+00,2.10e+01,
15175,-8.00e-03,2.14e+01,
15176,0.00e+00,2.14e+01,
15177,0.00e+00,2.14e+01,
15178,0.00e+00,2.18e+01,
15179,-8.00e-03,2.18e+01,
15180,0.00e+00,2.18e+01,
15181,0.00e+00,2.22e+01,
15182,0.00e+00,2.22e+01,
15183,-8.00e-03,2.26e+01,
15184,0.00e+00,2.26e+01,
15185,0.00e+00,2.30e+01,
15186,0.00e+00,2.30e+01,
15187,-8.00e-03,2.30e+01,
15188,0.00e+00,2.34e+01,
15189,0.00e+00,2.34e+01,
15190,-8.00e-03,2.34e+01,
15191,-8.00e-03,2.38e+01,
15192,0.00e+00,2.38e+01,
15193,0.00e+00,2.38e+01,
15194,-8.00e-03,2.46e+01,
15195,-8.00e-03,2.46e+01,
15196,-8.00e-03,2.46e+01,
15197,0.00e+00,2.50e+01,
15198,0.00e+00,2.50e+01,
15199,-8.00e-03,2.54e+01,
15200,-8.00e-03,2.54e+01,
15201,0.00e+00,2.54e+01,
15202,-8.00e-03,2.54e+01,
15203,-8.00e-03,2.58e+01,
15204,-8.00e-03,2.58e+01,
15205,-8.00e-03,2.62e+01,
15206,-8.00e-03,2.62e+01,
15207,-8.00e-03,2.62e+01,
15208,-8.00e-03,2.62e+01,
15209,0.00e+00,2.66e+01,
15210,-8.00e-03,2.66e+01,
15211,-8.00e-03,2.66e+01,
15212,-8.00e-03,2.66e+01,
15213,-8.00e-03,2.70e+01,
15214,-8.00e-03,2.70e+01,
15215,-8.00e-03,2.70e+01,
15216,-8.00e-03,2.70e+01,
15217,-8.00e-03,2.74e+01,
15218,-8.00e-03,2.74e+01,
15219,-8.00e-03,2.74e+01,
15220,-8.00e-03,2.74e+01,
15221,-8.00e-03,2.74e+01,
15222,-8.00e-03,2.78e+01,
15223,-8.00e-03,2.78e+01,
15224,-8.00e-03,2.78e+01,
15225,-8.00e-03,2.78e+01,
15226,-8.00e-03,2.78e+01,
15227,-8.00e-03,2.82e+01,
15228,-8.00e-03,2.82e+01,
15229,-8.00e-03,2.82e+01,
15230,-8.00e-03,2.82e+01,
15231,-8.00e-03,2.82e+01,
15232,-8.00e-03,2.82e+01,
15233,-8.00e-03,2.86e+01,
15234,-8.00e-03,2.82e+01,
15235,-8.00e-03,2.86e+01,
15236,-8.00e-03,2.86e+01,
15237,-8.00e-03,2.86e+01,
15238,-8.00e-03,2.86e+01,
15239,-8.00e-03,2.86e+01,
15240,-8.00e-03,2.86e+01,
15241,-8.00e-03,2.86e+01,
15242,-8.00e-03,2.86e+01,
15243,-8.00e-03,2.86e+01,
15244,-8.00e-03,2.86e+01,
15245,-8.00e-03,2.86e+01,
15246,-8.00e-03,2.86e+01,
15247,-8.00e-03,2.86e+01,
15248,-8.00e-03,2.86e+01,
15249,-8.00e-03,2.86e+01,
15250,-8.00e-03,2.86e+01,
15251,-8.00e-03,2.86e+01,
15252,-8.00e-03,2.86e+01,
15253,-8.00e-03,2.86e+01,
15254,-8.00e-03,2.86e+01,
15255,-8.00e-03,2.86e+01,
15256,-8.00e-03,2.82e+01,
15257,-8.00e-03,2.86e+01,
15258,-8.00e-03,2.82e+01,
15259,-8.00e-03,2.82e+01,
15260,-8.00e-03,2.82e+01,
15261,-8.00e-03,2.82e+01,
15262,-8.00e-03,2.82e+01,
15263,-8.00e-03,2.82e+01,
15264,-8.00e-03,2.78e+01,
15265,-8.00e-03,2.82e+01,
15266,-8.00e-03,2.78e+01,
15267,-8.00e-03,2.78e+01,
15268,-8.00e-03,2.78e+01,
15269,-8.00e-03,2.74e+01,
15270,-8.00e-03,2.74e+01,
15271,-8.00e-03,2.78e+01,
15272,-8.00e-03,2.74e+01,
15273,-8.00e-03,2.74e+01,
15274,-8.00e-03,2.74e+01,
15275,-8.00e-03,2.74e+01,
15276,-8.00e-03,2.70e+01,
15277,-8.00e-03,2.70e+01,
15278,-8.00e-03,2.70e+01,
15279,-8.00e-03,2.70e+01,
15280,-8.00e-03,2.66e+01,
15281,-8.00e-03,2.66e+01,
15282,-8.00e-03,2.62e+01,
15283,-8.00e-03,2.62e+01,
15284,-8.00e-03,2.62e+01,
15285,-8.00e-03,2.62e+01,
15286,-8.00e-03,2.58e+01,
15287,-8.00e-03,2.58e+01,
15288,-8.00e-03,2.58e+01,
15289,-8.00e-03,2.58e+01,
15290,-8.00e-03,2.54e+01,
15291,-8.00e-03,2.54e+01,
15292,-8.00e-03,2.50e+01,
15293,-8.00e-03,2.50e+01,
15294,-8.00e-03,2.50e+01,
15295,-8.00e-03,2.50e+01,
15296,-8.00e-03,2.46e+01,
15297,-8.00e-03,2.46e+01,
15298,-8.00e-03,2.38e+01,
15299,-8.00e-03,2.38e+01,
15300,-8.00e-03,2.38e+01,
15301,-8.00e-03,2.34e+01,
15302,-8.00e-03,2.34e+01,
15303,-8.00e-03,2.34e+01,
15304,-8.00e-03,2.30e+01,
15305,-8.00e-03,2.30e+01,
15306,-8.00e-03,2.30e+01,
15307,-8.00e-03,2.26e+01,
15308,-8.00e-03,2.26e+01,
15309,-8.00e-03,2.22e+01,
15310,-8.00e-03,2.22e+01,
15311,-8.00e-03,2.22e+01,
15312,-8.00e-03,2.18e+01,
15313,-8.00e-03,2.18e+01,
15314,-8.00e-03,2.14e+01,
15315,-8.00e-03,2.14e+01,
15316,-8.00e-03,2.14e+01,
15317,-8.00e-03,2.10e+01,
15318,-8.00e-03,2.10e+01,
15319,-8.00e-03,2.10e+01,
15320,-8.00e-03,2.06e+01,
15321,-8.00e-03,2.06e+01,
15322,-8.00e-03,2.06e+01,
15323,-8.00e-03,2.02e+01,
15324,-8.00e-03,2.02e+01,
15325,-8.00e-03,1.98e+01,
15326,-8.00e-03,1.98e+01,
15327,-1.60e-02,1.98e+01,
15328,-8.00e-03,1.94e+01,
15329,-8.00e-03,1.94e+01,
15330,-8.00e-03,1.94e+01,
15331,-8.00e-03,1.94e+01,
15332,-8.00e-03,1.90e+01,
15333,-8.00e-03,1.82e+01,
15334,-8.00e-03,1.82e+01,
15335,-8.00e-03,1.82e+01,
15336,-8.00e-03,1.78e+01,
15337,-8.00e-03,1.78e+01,
15338,-8.00e-03,1.78e+01,
15339,-8.00e-03,1.78e+01,
15340,-8.00e-03,1.74e+01,
15341,-8.00e-03,1.74e+01,
15342,-8.00e-03,1.74e+01,
15343,-8.00e-03,1.70e+01,
15344,-8.00e-03,1.70e+01,
15345,-8.00e-03,1.70e+01,
15346,-8.00e-03,1.66e+01,
15347,-8.00e-03,1.66e+01,
15348,-8.00e-03,1.66e+01,
15349,-8.00e-03,1.62e+01,
15350,-8.00e-03,1.62e+01,
15351,-8.00e-03,1.62e+01,
15352,-8.00e-03,1.58e+01,
15353,-8.00e-03,1.58e+01,
15354,-8.00e-03,1.58e+01,
15355,-8.00e-03,1.58e+01,
15356,-8.00e-03,1.54e+01,
15357,-8.00e-03,1.54e+01,
15358,-8.00e-03,1.54e+01,
15359,-8.00e-03,1.50e+01,
15360,-8.00e-03,1.50e+01,
15361,-8.00e-03,1.50e+01,
15362,-8.00e-03,1.46e+01,
15363,-8.00e-03,1.46e+01,
15364,-8.00e-03,1.46e+01,
15365,-8.00e-03,1.46e+01,
15366,-8.00e-03,1.42e+01,
15367,-8.00e-03,1.42e+01,
15368,-8.00e-03,1.42e+01,
15369,-8.00e-03,1.42e+01,
15370,-8.00e-03,1.38e+01,
15371,-8.00e-03,1.42e+01,
15372,-8.00e-03,1.38e+01,
15373,-8.00e-03,1.38e+01,
15374,-8.00e-03,1.38e+01,
15375,-8.00e-03,1.38e+01,
15376,-8.00e-03,1.30e+01,
15377,-8.00e-03,1.30e+01,
15378,-8.00e-03,1.30e+01,
15379,-8.00e-03,1.30e+01,
15380,-8.00e-03,1.26e+01,
15381,-8.00e-03,1.26e+01,
15382,-8.00e-03,1.26e+01,
15383,-8.00e-03,1.26e+01,
15384,-8.00e-03,1.22e+01,
15385,-8.00e-03,1.22e+01,
15386,-8.00e-03,1.22e+01,
15387,-8.00e-03,1.22e+01,
15388,-8.00e-03,1.22e+01,
15389,-8.00e-03,1.22e+01,
15390,-8.00e-03,1.22e+01,
15391,-8.00e-03,1.22e+01,
15392,-8.00e-03,1.18e+01,
15393,-8.00e-03,1.18e+01,
15394,-8.00e-03,1.18e+01,
15395,-8.00e-03,1.18e+01,
15396,-8.00e-03,1.18e+01,
15397,-8.00e-03,1.14e+01,
15398,-8.00e-03,1.14e+01,
15399,-8.00e-03,1.14e+01,
15400,-8.00e-03,1.14e+01,
15401,-8.00e-03,1.14e+01,
15402,-8.00e-03,1.14e+01,
15403,-8.00e-03,1.14e+01,
15404,-8.00e-03,1.14e+01,
15405,-8.00e-03,1.10e+01,
15406,-8.00e-03,1.14e+01,
15407,-8.00e-03,1.10e+01,
15408,-8.00e-03,1.10e+01,
15409,-8.00e-03,1.10e+01,
15410,-8.00e-03,1.10e+01,
15411,-8.00e-03,1.10e+01,
15412,-8.00e-03,1.10e+01,
15413,0.00e+00,1.10e+01,
15414,-8.00e-03,1.10e+01,
15415,-8.00e-03,1.10e+01,
15416,-8.00e-03,1.10e+01,
15417,-8.00e-03,1.10e+01,
15418,-8.00e-03,1.10e+01,
15419,-8.00e-03,1.10e+01,
15420,-8.00e-03,1.06e+01,
15421,0.00e+00,1.06e+01,
15422,0.00e+00,1.10e+01,
15423,-8.00e-03,1.10e+01,
15424,0.00e+00,1.06e+01,
15425,0.00e+00,1.06e+01,
15426,-8.00e-03,1.06e+01,
15427,-8.00e-03,1.10e+01,
15428,0.00e+00,1.06e+01,
15429,0.00e+00,1.06e+01,
15430,-8.00e-03,1.10e+01,
15431,-8.00e-03,1.10e+01,
15432,0.00e+00,1.06e+01,
15433,0.00e+00,1.06e+01,
15434,-8.00e-03,1.06e+01,
15435,-8.00e-03,1.06e+01,
15436,0.00e+00,1.06e+01,
15437,0.00e+00,1.06e+01,
15438,-8.00e-03,1.10e+01,
15439,-8.00e-03,1.10e+01,
15440,-8.00e-03,1.10e+01,
15441,0.00e+00,1.10e+01,
15442,0.00e+00,1.10e+01,
15443,-8.00e-03,1.10e+01,
15444,0.00e+00,1.10e+01,
15445,0.00e+00,1.10e+01,
15446,0.00e+00,1.10e+01,
15447,-8.00e-03,1.10e+01,
15448,0.00e+00,1.10e+01,
15449,0.00e+00,1.10e+01,
15450,0.00e+00,1.10e+01,
15451,-8.00e-03,1.10e+01,
15452,0.00e+00,1.10e+01,
15453,0.00e+00,1.10e+01,
15454,0.00e+00,1.10e+01,
15455,-8.00e-03,1.14e+01,
15456,0.00e+00,1.10e+01,
15457,0.00e+00,1.14e+01,
15458,0.00e+00,1.14e+01,
15459,0.00e+00,1.14e+01,
15460,-8.00e-03,1.14e+01,
15461,0.00e+00,1.14e+01,
15462,0.00e+00,1.14e+01,
15463,-8.00e-03,1.14e+01,
15464,0.00e+00,1.14e+01,
15465,0.00e+00,1.18e+01,
15466,0.00e+00,1.18e+01,
15467,0.00e+00,1.18e+01,
15468,0.00e+00,1.18e+01,
15469,0.00e+00,1.18e+01,
15470,0.00e+00,1.18e+01,
15471,0.00e+00,1.22e+01,
15472,0.00e+00,1.18e+01,
15473,0.00e+00,1.22e+01,
15474,0.00e+00,1.22e+01,
15475,-8.00e-03,1.22e+01,
15476,0.00e+00,1.22e+01,
15477,0.00e+00,1.22e+01,
15478,0.00e+00,1.26e+01,
15479,0.00e+00,1.26e+01,
15480,0.00e+00,1.26e+01,
15481,0.00e+00,1.26e+01,
15482,0.00e+00,1.26e+01,
15483,0.00e+00,1.26e+01,
15484,0.00e+00,1.26e+01,
15485,0.00e+00,1.30e+01,
15486,0.00e+00,1.30e+01,
15487,0.00e+00,1.30e+01,
15488,0.00e+00,1.30e+01,
15489,0.00e+00,1.38e+01,
15490,0.00e+00,1.38e+01,
15491,0.00e+00,1.38e+01,
15492,0.00e+00,1.38e+01,
15493,0.00e+00,1.38e+01,
15494,0.00e+00,1.42e+01,
15495,-8.00e-03,1.42e+01,
15496,0.00e+00,1.42e+01,
15497,0.00e+00,1.46e+01,
15498,0.00e+00,1.46e+01,
15499,0.00e+00,1.46e+01,
15500,0.00e+00,1.46e+01,
15501,0.00e+00,1.50e+01,
15502,0.00e+00,1.50e+01,
15503,-8.00e-03,1.50e+01,
15504,0.00e+00,1.50e+01,
15505,0.00e+00,1.50e+01,
15506,0.00e+00,1.54e+01,
15507,-8.00e-03,1.54e+01,
15508,0.00e+00,1.58e+01,
15509,0.00e+00,1.58e+01,
15510,0.00e+00,1.58e+01,
15511,0.00e+00,1.58e+01,
15512,0.00e+00,1.58e+01,
15513,0.00e+00,1.62e+01,
15514,0.00e+00,1.62e+01,
15515,0.00e+00,1.66e+01,
15516,0.00e+00,1.66e+01,
15517,0.00e+00,1.66e+01,
15518,0.00e+00,1.66e+01,
15519,0.00e+00,1.70e+01,
15520,0.00e+00,1.70e+01,
15521,0.00e+00,1.70e+01,
15522,0.00e+00,1.70e+01,
15523,0.00e+00,1.74e+01,
15524,0.00e+00,1.74e+01,
15525,0.00e+00,1.74e+01,
15526,0.00e+00,1.78e+01,
15527,-8.00e-03,1.78e+01,
15528,0.00e+00,1.78e+01,
15529,0.00e+00,1.82e+01,
15530,0.00e+00,1.82e+01,
15531,-8.00e-03,1.90e+01,
15532,0.00e+00,1.90e+01,
15533,0.00e+00,1.90e+01,
15534,0.00e+00,1.94e+01,
15535,-8.00e-03,1.94e+01,
15536,-8.00e-03,1.94e+01,
15537,0.00e+00,1.94e+01,
15538,-8.00e-03,1.98e+01,
15539,-8.00e-03,1.98e+01,
15540,0.00e+00,2.02e+01,
15541,0.00e+00,2.02e+01,
15542,0.00e+00,2.02e+01,
15543,-8.00e-03,2.06e+01,
15544,0.00e+00,2.06e+01,
15545,0.00e+00,2.06e+01,
15546,0.00e+00,2.10e+01,
15547,-8.00e-03,2.10e+01,
15548,0.00e+00,2.10e+01,
15549,0.00e+00,2.14e+01,
15550,0.00e+00,2.14e+01,
15551,-8.00e-03,2.14e+01,
15552,0.00e+00,2.18e+01,
15553,0.00e+00,2.18e+01,
15554,-8.00e-03,2.18e+01,
15555,-8.00e-03,2.22e+01,
15556,-8.00e-03,2.22e+01,
15557,0.00e+00,2.22e+01,
15558,0.00e+00,2.26e+01,
15559,-8.00e-03,2.26e+01,
15560,-8.00e-03,2.26e+01,
15561,0.00e+00,2.30e+01,
15562,-8.00e-03,2.30e+01,
15563,-8.00e-03,2.30e+01,
15564,-8.00e-03,2.34e+01,
15565,-8.00e-03,2.34e+01,
15566,-8.00e-03,2.34e+01,
15567,-8.00e-03,2.34e+01,
15568,-8.00e-03,2.38e+01,
15569,0.00e+00,2.38e+01,
15570,-8.00e-03,2.38e+01,
15571,-8.00e-03,2.38e+01,
15572,-8.00e-03,2.46e+01,
15573,0.00e+00,2.46e+01,
15574,-8.00e-03,2.50e+01,
15575,-8.00e-03,2.50e+01,
15576,-8.00e-03,2.50e+01,
15577,0.00e+00,2.50e+01,
15578,-8.00e-03,2.50e+01,
15579,-8.00e-03,2.54e+01,
15580,-8.00e-03,2.54e+01,
15581,-8.00e-03,2.54e+01,
15582,-8.00e-03,2.54e+01,
15583,-8.00e-03,2.58e+01,
15584,-8.00e-03,2.58e+01,
15585,0.00e+00,2.58e+01,
15586,-8.00e-03,2.58e+01,
15587,-8.00e-03,2.62e+01,
15588,-8.00e-03,2.62e+01,
15589,-8.00e-03,2.62e+01,
15590,-8.00e-03,2.62e+01,
15591,-8.00e-03,2.62e+01,
15592,-8.00e-03,2.62e+01,
15593,-8.00e-03,2.66e+01,
15594,-8.00e-03,2.66e+01,
15595,-8.00e-03,2.66e+01,
15596,-8.00e-03,2.66e+01,
15597,-8.00e-03,2.66e+01,
15598,-8.00e-03,2.70e+01,
15599,-8.00e-03,2.70e+01,
15600,-8.00e-03,2.66e+01,
15601,-8.00e-03,2.70e+01,
15602,-8.00e-03,2.70e+01,
15603,-8.00e-03,2.70e+01,
15604,-8.00e-03,2.70e+01,
15605,-8.00e-03,2.70e+01,
15606,-8.00e-03,2.70e+01,
15607,-8.00e-03,2.70e+01,
15608,-8.00e-03,2.70e+01,
15609,-8.00e-03,2.70e+01,
15610,-8.00e-03,2.70e+01,
15611,-8.00e-03,2.74e+01,
15612,-8.00e-03,2.74e+01,
15613,-8.00e-03,2.70e+01,
15614,-8.00e-03,2.74e+01,
15615,-8.00e-03,2.74e+01,
15616,-8.00e-03,2.74e+01,
15617,-8.00e-03,2.74e+01,
15618,-8.00e-03,2.74e+01,
15619,-8.00e-03,2.74e+01,
15620,-8.00e-03,2.74e+01,
15621,-8.00e-03,2.70e+01,
15622,-8.00e-03,2.70e+01,
15623,-8.00e-03,2.74e+01,
15624,-8.00e-03,2.70e+01,
15625,-8.00e-03,2.74e+01,
15626,-8.00e-03,2.70e+01,
15627,-8.00e-03,2.70e+01,
15628,-8.00e-03,2.70e+01,
15629,-8.00e-03,2.70e+01,
15630,-8.00e-03,2.70e+01,
15631,-8.00e-03,2.70e+01,
15632,-8.00e-03,2.70e+01,
15633,-8.00e-03,2.70e+01,
15634,-8.00e-03,2.70e+01,
15635,-8.00e-03,2.66e+01,
15636,-8.00e-03,2.66e+01,
15637,-8.00e-03,2.66e+01,
15638,-8.00e-03,2.66e+01,
15639,-8.00e-03,2.66e+01,
15640,-8.00e-03,2.66e+01,
15641,-8.00e-03,2.66e+01,
15642,-8.00e-03,2.62e+01,
15643,-8.00e-03,2.62e+01,
15644,-8.00e-03,2.62e+01,
15645,-8.00e-03,2.62e+01,
15646,-8.00e-03,2.62e+01,
15647,-8.00e-03,2.62e+01,
15648,-8.00e-03,2.58e+01,
15649,-8.00e-03,2.58e+01,
15650,-8.00e-03,2.58e+01,
15651,-8.00e-03,2.58e+01,
15652,-8.00e-03,2.54e+01,
15653,-8.00e-03,2.54e+01,
15654,-8.00e-03,2.54e+01,
15655,-8.00e-03,2.54e+01,
15656,-8.00e-03,2.50e+01,
15657,-8.00e-03,2.54e+01,
15658,-8.00e-03,2.50e+01,
15659,-8.00e-03,2.50e+01,
15660,-8.00e-03,2.46e+01,
15661,-8.00e-03,2.46e+01,
15662,-8.00e-03,2.46e+01,
15663,-8.00e-03,2.46e+01,
15664,-8.00e-03,2.38e+01,
15665,-8.00e-03,2.38e+01,
15666,-8.00e-03,2.38e+01,
15667,-8.00e-03,2.34e+01,
15668,-8.00e-03,2.34e+01,
15669,-8.00e-03,2.34e+01,
15670,-8.00e-03,2.30e+01,
15671,-8.00e-03,2.30e+01,
15672,-8.00e-03,2.30e+01,
15673,-8.00e-03,2.30e+01,
15674,-8.00e-03,2.26e+01,
15675,-8.00e-03,2.26e+01,
15676,-8.00e-03,2.26e+01,
15677,-8.00e-03,2.22e+01,
15678,-8.00e-03,2.22e+01,
15679,-8.00e-03,2.22e+01,
15680,-8.00e-03,2.18e+01,
15681,-8.00e-03,2.18e+01,
15682,-8.00e-03,2.18e+01,
15683,-8.00e-03,2.18e+01,
15684,-8.00e-03,2.14e+01,
15685,-8.00e-03,2.14e+01,
15686,-8.00e-03,2.14e+01,
15687,-8.00e-03,2.10e+01,
15688,-8.00e-03,2.10e+01,
15689,-8.00e-03,2.10e+01,
15690,-8.00e-03,2.06e+01,
15691,-8.00e-03,2.06e+01,
15692,-8.00e-03,2.06e+01,
15693,-8.00e-03,2.02e+01,
15694,-8.00e-03,2.02e+01,
15695,-8.00e-03,2.02e+01,
15696,-8.00e-03,1.98e+01,
15697,-8.00e-03,1.98e+01,
15698,-8.00e-03,1.98e+01,
15699,-8.00e-03,1.94e+01,
15700,-8.00e-03,1.94e+01,
15701,-8.00e-03,1.90e+01,
15702,-8.00e-03,1.90e+01,
15703,-8.00e-03,1.90e+01,
15704,-8.00e-03,1.90e+01,
15705,-8.00e-03,1.82e+01,
15706,-8.00e-03,1.82e+01,
15707,-8.00e-03,1.82e+01,
15708,-8.00e-03,1.82e+01,
15709,-8.00e-03,1.78e+01,
15710,-8.00e-03,1.78e+01,
15711,-8.00e-03,1.78e+01,
15712,-8.00e-03,1.74e+01,
15713,-8.00e-03,1.74e+01,
15714,-8.00e-03,1.74e+01,
15715,-8.00e-03,1.74e+01,
15716,-8.00e-03,1.70e+01,
15717,-8.00e-03,1.66e+01,
15718,-8.00e-03,1.70e+01,
15719,-8.00e-03,1.66e+01,
15720,-8.00e-03,1.66e+01,
15721,-8.00e-03,1.66e+01,
15722,-8.00e-03,1.62e+01,
15723,-8.00e-03,1.62e+01,
15724,-8.00e-03,1.62e+01,
15725,-8.00e-03,1.58e+01,
15726,-8.00e-03,1.58e+01,
15727,-8.00e-03,1.58e+01,
15728,-8.00e-03,1.54e+01,
15729,-8.00e-03,1.58e+01,
15730,-8.00e-03,1.54e+01,
15731,-8.00e-03,1.54e+01,
15732,-8.00e-03,1.54e+01,
15733,-8.00e-03,1.50e+01,
15734,-8.00e-03,1.54e+01,
15735,-8.00e-03,1.50e+01,
15736,-8.00e-03,1.50e+01,
15737,-8.00e-03,1.50e+01,
15738,-8.00e-03,1.46e+01,
15739,-8.00e-03,1.46e+01,
15740,-8.00e-03,1.46e+01,
15741,-8.00e-03,1.46e+01,
15742,-8.00e-03,1.42e+01,
15743,-8.00e-03,1.42e+01,
15744,-8.00e-03,1.42e+01,
15745,-8.00e-03,1.42e+01,
15746,-8.00e-03,1.42e+01,
15747,-8.00e-03,1.42e+01,
15748,-8.00e-03,1.38e+01,
15749,-8.00e-03,1.38e+01,
15750,-8.00e-03,1.38e+01,
15751,-8.00e-03,1.38e+01,
15752,-8.00e-03,1.30e+01,
15753,-8.00e-03,1.30e+01,
15754,-8.00e-03,1.30e+01,
15755,-8.00e-03,1.30e+01,
15756,-8.00e-03,1.30e+01,
15757,-8.00e-03,1.30e+01,
15758,-8.00e-03,1.30e+01,
15759,-8.00e-03,1.30e+01,
15760,-8.00e-03,1.26e+01,
15761,-8.00e-03,1.26e+01,
15762,-8.00e-03,1.26e+01,
15763,-8.00e-03,1.26e+01,
15764,-8.00e-03,1.26e+01,
15765,-8.00e-03,1.22e+01,
15766,-8.00e-03,1.22e+01,
15767,-8.00e-03,1.26e+01,
15768,-8.00e-03,1.22e+01,
15769,-8.00e-03,1.22e+01,
15770,-8.00e-03,1.22e+01,
15771,-8.00e-03,1.22e+01,
15772,-8.00e-03,1.22e+01,
15773,-8.00e-03,1.22e+01,
15774,-8.00e-03,1.18e+01,
15775,-8.00e-03,1.22e+01,
15776,-8.00e-03,1.18e+01,
15777,-8.00e-03,1.18e+01,
15778,-8.00e-03,1.18e+01,
15779,-8.00e-03,1.18e+01,
15780,-8.00e-03,1.18e+01,
15781,-8.00e-03,1.18e+01,
15782,-8.00e-03,1.18e+01,
15783,-8.00e-03,1.18e+01,
15784,-8.00e-03,1.18e+01,
15785,0.00e+00,1.18e+01,
15786,-8.00e-03,1.18e+01,
15787,-8.00e-03,1.18e+01,
15788,-8.00e-03,1.14e+01,
15789,-8.00e-03,1.14e+01,
15790,-8.00e-03,1.14e+01,
15791,-8.00e-03,1.14e+01,
15792,-8.00e-03,1.14e+01,
15793,0.00e+00,1.14e+01,
15794,-8.00e-03,1.14e+01,
15795,-8.00e-03,1.14e+01,
15796,-8.00e-03,1.14e+01,
15797,0.00e+00,1.14e+01,
15798,-8.00e-03,1.14e+01,
15799,-8.00e-03,1.18e+01,
15800,-8.00e-03,1.14e+01,
15801,0.00e+00,1.14e+01,
15802,-8.00e-03,1.14e+01,
15803,-8.00e-03,1.14e+01,
15804,0.00e+00,1.14e+01,
15805,0.00e+00,1.14e+01,
15806,-8.00e-03,1.14e+01,
15807,-8.00e-03,1.14e+01,
15808,-8.00e-03,1.14e+01,
15809,0.00e+00,1.14e+01,
15810,-8.00e-03,1.14e+01,
15811,-8.00e-03,1.14e+01,
15812,-8.00e-03,1.14e+01,
15813,0.00e+00,1.14e+01,
15814,0.00e+00,1.14e+01,
15815,-8.00e-03,1.18e+01,
15816,0.00e+00,1.14e+01,
15817,0.00e+00,1.14e+01,
15818,-8.00e-03,1.18e+01,
15819,-8.00e-03,1.18e+01,
15820,-8.00e-03,1.18e+01,
15821,0.00e+00,1.14e+01,
15822,0.00e+00,1.18e+01,
15823,-8.00e-03,1.18e+01,
15824,-8.00e-03,1.18e+01,
15825,0.00e+00,1.18e+01,
15826,-8.00e-03,1.18e+01,
15827,-8.00e-03,1.18e+01,
15828,-8.00e-03,1.18e+01,
15829,0.00e+00,1.18e+01,
15830,0.00e+00,1.22e+01,
15831,-8.00e-03,1.22e+01,
15832,0.00e+00,1.18e+01,
15833,0.00e+00,1.22e+01,
15834,0.00e+00,1.22e+01,
15835,-8.00e-03,1.22e+01,
15836,-8.00e-03,1.22e+01,
15837,0.00e+00,1.22e+01,
15838,0.00e+00,1.22e+01,
15839,-8.00e-03,1.26e+01,
15840,0.00e+00,1.26e+01,
15841,0.00e+00,1.26e+01,
15842,0.00e+00,1.26e+01,
15843,0.00e+00,1.26e+01,
15844,0.00e+00,1.26e+01,
15845,0.00e+00,1.26e+01,
15846,0.00e+00,1.26e+01,
15847,-8.00e-03,1.30e+01,
15848,0.00e+00,1.30e+01,
15849,0.00e+00,1.30e+01,
15850,0.00e+00,1.30e+01,
15851,-8.00e-03,1.30e+01,
15852,-8.00e-03,1.30e+01,
15853,0.00e+00,1.30e+01,
15854,0.00e+00,1.38e+01,
15855,-8.00e-03,1.38e+01,
15856,0.00e+00,1.38e+01,
15857,0.00e+00,1.38e+01,
15858,0.00e+00,1.38e+01,
15859,-8.00e-03,1.42e+01,
15860,-8.00e-03,1.42e+01,
15861,0.00e+00,1.42e+01,
15862,0.00e+00,1.42e+01,
15863,0.00e+00,1.46e+01,
15864,0.00e+00,1.46e+01,
15865,0.00e+00,1.46e+01,
15866,0.00e+00,1.46e+01,
15867,0.00e+00,1.46e+01,
15868,0.00e+00,1.50e+01,
15869,0.00e+00,1.46e+01,
15870,0.00e+00,1.50e+01,
15871,-8.00e-03,1.50e+01,
15872,0.00e+00,1.50e+01,
15873,0.00e+00,1.50e+01,
15874,0.00e+00,1.54e+01,
15875,-8.00e-03,1.54e+01,
15876,0.00e+00,1.54e+01,
15877,0.00e+00,1.54e+01,
15878,0.00e+00,1.58e+01,
15879,0.00e+00,1.58e+01,
15880,0.00e+00,1.58e+01,
15881,0.00e+00,1.62e+01,
15882,0.00e+00,1.62e+01,
15883,0.00e+00,1.62e+01,
15884,0.00e+00,1.62e+01,
15885,0.00e+00,1.66e+01,
15886,0.00e+00,1.66e+01,
15887,-8.00e-03,1.66e+01,
15888,0.00e+00,1.66e+01,
15889,0.00e+00,1.70e+01,
15890,0.00e+00,1.70e+01,
15891,-8.00e-03,1.70e+01,
15892,-8.00e-03,1.70e+01,
15893,0.00e+00,1.74e+01,
15894,0.00e+00,1.74e+01,
15895,-8.00e-03,1.78e+01,
15896,0.00e+00,1.78e+01,
15897,0.00e+00,1.78e+01,
15898,0.00e+00,1.78e+01,
15899,-8.00e-03,1.82e+01,
15900,-8.00e-03,1.82e+01,
15901,0.00e+00,1.82e+01,
15902,0.00e+00,1.82e+01,
15903,-8.00e-03,1.90e+01,
15904,-8.00e-03,1.90e+01,
15905,0.00e+00,1.90e+01,
15906,0.00e+00,1.90e+01,
15907,-8.00e-03,1.94e+01,
15908,0.00e+00,1.94e+01,
15909,0.00e+00,1.94e+01,
15910,0.00e+00,1.98e+01,
15911,-8.00e-03,1.98e+01,
15912,0.00e+00,1.98e+01,
15913,0.00e+00,2.02e+01,
15914,-8.00e-03,2.02e+01,
15915,-8.00e-03,2.02e+01,
15916,-8.00e-03,2.02e+01,
15917,0.00e+00,2.06e+01,
15918,-8.00e-03,2.06e+01,
15919,-8.00e-03,2.06e+01,
15920,-8.00e-03,2.06e+01,
15921,0.00e+00,2.10e+01,
15922,0.00e+00,2.10e+01,
15923,-8.00e-03,2.14e+01,
15924,-8.00e-03,2.14e+01,
15925,0.00e+00,2.14e+01,
15926,0.00e+00,2.14e+01,
15927,-8.00e-03,2.18e+01,
15928,-8.00e-03,2.18e+01,
15929,-8.00e-03,2.18e+01,
15930,-8.00e-03,2.18e+01,
15931,-8.00e-03,2.22e+01,
15932,-8.00e-03,2.22e+01,
15933,0.00e+00,2.22e+01,
15934,0.00e+00,2.26e+01,
15935,-8.00e-03,2.26e+01,
15936,0.00e+00,2.26e+01,
15937,-8.00e-03,2.26e+01,
15938,-8.00e-03,2.30e+01,
15939,-8.00e-03,2.30e+01,
15940,-8.00e-03,2.30e+01,
15941,-8.00e-03,2.30e+01,
15942,-8.00e-03,2.30e+01,
15943,-8.00e-03,2.34e+01,
15944,-8.00e-03,2.34e+01,
15945,-8.00e-03,2.34e+01,
15946,-8.00e-03,2.34e+01,
15947,-8.00e-03,2.38e+01,
15948,-8.00e-03,2.38e+01,
15949,0.00e+00,2.38e+01,
15950,-8.00e-03,2.38e+01,
15951,-8.00e-03,2.46e+01,
15952,-8.00e-03,2.46e+01,
15953,-8.00e-03,2.46e+01,
15954,-8.00e-03,2.46e+01,
15955,-8.00e-03,2.50e+01,
15956,-8.00e-03,2.50e+01,
15957,-8.00e-03,2.50e+01,
15958,-8.00e-03,2.50e+01,
15959,-8.00e-03,2.50e+01,
15960,-8.00e-03,2.50e+01,
15961,-8.00e-03,2.54e+01,
15962,-8.00e-03,2.54e+01,
15963,-8.00e-03,2.54e+01,
15964,-8.00e-03,2.54e+01,
15965,-8.00e-03,2.54e+01,
15966,-8.00e-03,2.54e+01,
15967,-8.00e-03,2.58e+01,
15968,-8.00e-03,2.58e+01,
15969,-8.00e-03,2.58e+01,
15970,-8.00e-03,2.58e+01,
15971,-8.00e-03,2.58e+01,
15972,-8.00e-03,2.58e+01,
15973,-8.00e-03,2.58e+01,
15974,-8.00e-03,2.58e+01,
15975,-8.00e-03,2.58e+01,
15976,-8.00e-03,2.58e+01,
15977,-8.00e-03,2.58e+01,
15978,-8.00e-03,2.58e+01,
15979,-8.00e-03,2.62e+01,
15980,-8.00e-03,2.62e+01,
15981,-8.00e-03,2.62e+01,
15982,-8.00e-03,2.62e+01,
15983,-8.00e-03,2.62e+01,
15984,-8.00e-03,2.62e+01,
15985,-8.00e-03,2.62e+01,
15986,-8.00e-03,2.62e+01,
15987,-8.00e-03,2.62e+01,
15988,-8.00e-03,2.62e+01,
15989,-8.00e-03,2.58e+01,
15990,-8.00e-03,2.62e+01,
15991,-8.00e-03,2.62e+01,
15992,-8.00e-03,2.62e+01,
15993,-8.00e-03,2.62e+01,
15994,-8.00e-03,2.62e+01,
15995,-8.00e-03,2.62e+01,
15996,-8.00e-03,2.62e+01,
15997,-8.00e-03,2.58e+01,
15998,-8.00e-03,2.58e+01,
15999,-8.00e-03,2.62e+01,
16000,-8.00e-03,2.58e+01,
16001,-8.00e-03,2.62e+01,
16002,-8.00e-03,2.58e+01,
16003,-8.00e-03,2.58e+01,
16004,-8.00e-03,2.58e+01,
16005,-8.00e-03,2.58e+01,
16006,-8.00e-03,2.58e+01,
16007,-8.00e-03,2.58e+01,
16008,-8.00e-03,2.54e+01,
16009,-8.00e-03,2.54e+01,
16010,-8.00e-03,2.54e+01,
16011,-8.00e-03,2.54e+01,
16012,-8.00e-03,2.54e+01,
16013,-8.00e-03,2.54e+01,
16014,-8.00e-03,2.54e+01,
16015,-8.00e-03,2.54e+01,
16016,-8.00e-03,2.50e+01,
16017,-8.00e-03,2.50e+01,
16018,-8.00e-03,2.50e+01,
16019,-8.00e-03,2.50e+01,
16020,-8.00e-03,2.50e+01,
16021,-8.00e-03,2.46e+01,
16022,-8.00e-03,2.46e+01,
16023,-8.00e-03,2.46e+01,
16024,-8.00e-03,2.46e+01,
16025,-8.00e-03,2.46e+01,
16026,-8.00e-03,2.46e+01,
16027,-8.00e-03,2.38e+01,
16028,-8.00e-03,2.38e+01,
16029,-8.00e-03,2.38e+01,
16030,-8.00e-03,2.38e+01,
16031,-8.00e-03,2.38e+01,
16032,-8.00e-03,2.34e+01,
16033,-8.00e-03,2.34e+01,
16034,-8.00e-03,2.34e+01,
16035,-8.00e-03,2.30e+01,
16036,-8.00e-03,2.30e+01,
16037,-8.00e-03,2.30e+01,
16038,-8.00e-03,2.30e+01,
16039,-8.00e-03,2.30e+01,
16040,-8.00e-03,2.26e+01,
16041,-8.00e-03,2.26e+01,
16042,-8.00e-03,2.26e+01,
16043,-8.00e-03,2.26e+01,
16044,-8.00e-03,2.22e+01,
16045,-8.00e-03,2.22e+01,
16046,-8.00e-03,2.22e+01,
16047,-8.00e-03,2.22e+01,
16048,-8.00e-03,2.18e+01,
16049,-8.00e-03,2.18e+01,
16050,-8.00e-03,2.18e+01,
16051,-8.00e-03,2.18e+01,
16052,-8.00e-03,2.14e+01,
16053,-8.00e-03,2.14e+01,
16054,-8.00e-03,2.14e+01,
16055,-8.00e-03,2.10e+01,
16056,-8.00e-03,2.10e+01,
16057,-8.00e-03,2.10e+01,
16058,-8.00e-03,2.06e+01,
16059,-8.00e-03,2.06e+01,
16060,-8.00e-03,2.06e+01,
16061,-8.00e-03,2.02e+01,
16062,-8.00e-03,2.06e+01,
16063,-8.00e-03,2.02e+01,
16064,-8.00e-03,2.02e+01,
16065,-8.00e-03,1.98e+01,
16066,-8.00e-03,1.98e+01,
16067,-8.00e-03,1.98e+01,
16068,-8.00e-03,1.98e+01,
16069,-8.00e-03,1.94e+01,
16070,-8.00e-03,1.94e+01,
16071,-8.00e-03,1.94e+01,
16072,-8.00e-03,1.90e+01,
16073,-8.00e-03,1.90e+01,
16074,-8.00e-03,1.90e+01,
16075,-8.00e-03,1.90e+01,
16076,-8.00e-03,1.82e+01,
16077,-8.00e-03,1.82e+01,
16078,-8.00e-03,1.82e+01,
16079,-8.00e-03,1.82e+01,
16080,-8.00e-03,1.78e+01,
16081,-8.00e-03,1.78e+01,
16082,-8.00e-03,1.78e+01,
16083,-8.00e-03,1.74e+01,
16084,-8.00e-03,1.74e+01,
16085,-8.00e-03,1.74e+01,
16086,-8.00e-03,1.74e+01,
16087,-8.00e-03,1.74e+01,
16088,-8.00e-03,1.70e+01,
16089,-8.00e-03,1.70e+01,
16090,-8.00e-03,1.70e+01,
16091,-8.00e-03,1.70e+01,
16092,-8.00e-03,1.66e+01,
16093,-8.00e-03,1.66e+01,
16094,-8.00e-03,1.66e+01,
16095,-8.00e-03,1.66e+01,
16096,-8.00e-03,1.62e+01,
16097,-8.00e-03,1.62e+01,
16098,-8.00e-03,1.62e+01,
16099,-8.00e-03,1.62e+01,
16100,-8.00e-03,1.58e+01,
16101,-8.00e-03,1.58e+01,
16102,-8.00e-03,1.58e+01,
16103,-8.00e-03,1.58e+01,
16104,-8.00e-03,1.54e+01,
16105,-8.00e-03,1.54e+01,
16106,-8.00e-03,1.54e+01,
16107,-8.00e-03,1.54e+01,
16108,-8.00e-03,1.54e+01,
16109,-8.00e-03,1.50e+01,
16110,-8.00e-03,1.50e+01,
16111,-8.00e-03,1.50e+01,
16112,-8.00e-03,1.50e+01,
16113,-8.00e-03,1.50e+01,
16114,-8.00e-03,1.46e+01,
16115,-8.00e-03,1.46e+01,
16116,-8.00e-03,1.46e+01,
16117,-8.00e-03,1.46e+01,
16118,-8.00e-03,1.46e+01,
16119,-8.00e-03,1.46e+01,
16120,-8.00e-03,1.42e+01,
16121,-8.00e-03,1.42e+01,
16122,-8.00e-03,1.42e+01,
16123,-8.00e-03,1.42e+01,
16124,-8.00e-03,1.42e+01,
16125,-8.00e-03,1.38e+01,
16126,-8.00e-03,1.42e+01,
16127,-8.00e-03,1.38e+01,
16128,-8.00e-03,1.38e+01,
16129,-8.00e-03,1.38e+01,
16130,-8.00e-03,1.30e+01,
16131,-8.00e-03,1.38e+01,
16132,-8.00e-03,1.38e+01,
16133,-8.00e-03,1.30e+01,
16134,-8.00e-03,1.30e+01,
16135,-8.00e-03,1.30e+01,
16136,-8.00e-03,1.30e+01,
16137,-8.00e-03,1.30e+01,
16138,-8.00e-03,1.30e+01,
16139,-8.00e-03,1.30e+01,
16140,-8.00e-03,1.26e+01,
16141,-8.00e-03,1.26e+01,
16142,-8.00e-03,1.26e+01,
16143,-8.00e-03,1.26e+01,
16144,-8.00e-03,1.26e+01,
16145,-8.00e-03,1.26e+01,
16146,-8.00e-03,1.26e+01,
16147,-8.00e-03,1.26e+01,
16148,-8.00e-03,1.26e+01,
16149,-8.00e-03,1.22e+01,
16150,-8.00e-03,1.26e+01,
16151,-8.00e-03,1.26e+01,
16152,-8.00e-03,1.22e+01,
16153,-8.00e-03,1.22e+01,
16154,-8.00e-03,1.22e+01,
16155,-8.00e-03,1.26e+01,
16156,-8.00e-03,1.22e+01,
16157,0.00e+00,1.22e+01,
16158,-8.00e-03,1.22e+01,
16159,-8.00e-03,1.22e+01,
16160,-8.00e-03,1.22e+01,
16161,0.00e+00,1.22e+01,
16162,-8.00e-03,1.22e+01,
16163,-8.00e-03,1.22e+01,
16164,-8.00e-03,1.22e+01,
16165,0.00e+00,1.22e+01,
16166,-8.00e-03,1.22e+01,
16167,-8.00e-03,1.22e+01,
16168,-8.00e-03,1.22e+01,
16169,0.00e+00,1.22e+01,
16170,-8.00e-03,1.22e+01,
16171,-8.00e-03,1.22e+01,
16172,-8.00e-03,1.22e+01,
16173,0.00e+00,1.22e+01,
16174,-8.00e-03,1.22e+01,
16175,-8.00e-03,1.22e+01,
16176,0.00e+00,1.22e+01,
16177,0.00e+00,1.22e+01,
16178,-8.00e-03,1.22e+01,
16179,-8.00e-03,1.22e+01,
16180,-8.00e-03,1.22e+01,
16181,0.00e+00,1.22e+01,
16182,-8.00e-03,1.22e+01,
16183,-8.00e-03,1.22e+01,
16184,0.00e+00,1.22e+01,
16185,-8.00e-03,1.22e+01,
16186,-8.00e-03,1.22e+01,
16187,-8.00e-03,1.22e+01,
16188,0.00e+00,1.22e+01,
16189,0.00e+00,1.22e+01,
16190,0.00e+00,1.22e+01,
16191,-8.00e-03,1.26e+01,
16192,-8.00e-03,1.22e+01,
16193,0.00e+00,1.26e+01,
16194,-8.00e-03,1.26e+01,
16195,-8.00e-03,1.26e+01,
16196,-8.00e-03,1.26e+01,
16197,0.00e+00,1.22e+01,
16198,0.00e+00,1.26e+01,
16199,-8.00e-03,1.26e+01,
16200,-8.00e-03,1.26e+01,
16201,0.00e+00,1.26e+01,
16202,-8.00e-03,1.26e+01,
16203,-8.00e-03,1.26e+01,
16204,0.00e+00,1.26e+01,
16205,0.00e+00,1.26e+01,
16206,0.00e+00,1.30e+01,
16207,-8.00e-03,1.30e+01,
16208,-8.00e-03,1.30e+01,
16209,0.00e+00,1.30e+01,
16210,0.00e+00,1.30e+01,
16211,0.00e+00,1.30e+01,
16212,0.00e+00,1.30e+01,
16213,0.00e+00,1.30e+01,
16214,0.00e+00,1.30e+01,
16215,-8.00e-03,1.38e+01,
16216,0.00e+00,1.30e+01,
16217,0.00e+00,1.38e+01,
16218,-8.00e-03,1.38e+01,
16219,-8.00e-03,1.38e+01,
16220,-8.00e-03,1.38e+01,
16221,0.00e+00,1.38e+01,
16222,0.00e+00,1.42e+01,
16223,0.00e+00,1.42e+01,
16224,-8.00e-03,1.42e+01,
16225,0.00e+00,1.42e+01,
16226,0.00e+00,1.42e+01,
16227,-8.00e-03,1.42e+01,
16228,0.00e+00,1.42e+01,
16229,0.00e+00,1.46e+01,
16230,0.00e+00,1.46e+01,
16231,-8.00e-03,1.46e+01,
16232,0.00e+00,1.46e+01,
16233,0.00e+00,1.46e+01,
16234,0.00e+00,1.50e+01,
16235,-8.00e-03,1.50e+01,
16236,0.00e+00,1.50e+01,
16237,0.00e+00,1.50e+01,
16238,0.00e+00,1.50e+01,
16239,-8.00e-03,1.54e+01,
16240,0.00e+00,1.50e+01,
16241,0.00e+00,1.54e+01,
16242,0.00e+00,1.54e+01,
16243,-8.00e-03,1.54e+01,
16244,0.00e+00,1.54e+01,
16245,0.00e+00,1.58e+01,
16246,0.00e+00,1.58e+01,
16247,-8.00e-03,1.58e+01,
16248,0.00e+00,1.58e+01,
16249,0.00e+00,1.62e+01,
16250,0.00e+00,1.62e+01,
16251,-8.00e-03,1.62e+01,
16252,0.00e+00,1.62e+01,
16253,0.00e+00,1.62e+01,
16254,0.00e+00,1.66e+01,
16255,-8.00e-03,1.66e+01,
16256,0.00e+00,1.66e+01,
16257,0.00e+00,1.66e+01,
16258,0.00e+00,1.70e+01,
16259,-8.00e-03,1.70e+01,
16260,0.00e+00,1.70e+01,
16261,0.00e+00,1.70e+01,
16262,0.00e+00,1.70e+01,
16263,-8.00e-03,1.74e+01,
16264,-8.00e-03,1.74e+01,
16265,0.00e+00,1.74e+01,
16266,0.00e+00,1.74e+01,
16267,-8.00e-03,1.78e+01,
16268,-8.00e-03,1.78e+01,
16269,0.00e+00,1.78e+01,
16270,0.00e+00,1.78e+01,
16271,-8.00e-03,1.82e+01,
16272,0.00e+00,1.82e+01,
16273,0.00e+00,1.82e+01,
16274,-8.00e-03,1.90e+01,
16275,-8.00e-03,1.90e+01,
16276,-8.00e-03,1.90e+01,
16277,0.00e+00,1.90e+01,
16278,0.00e+00,1.94e+01,
16279,-8.00e-03,1.94e+01,
16280,0.00e+00,1.94e+01,
16281,0.00e+00,1.94e+01,
16282,-8.00e-03,1.98e+01,
16283,-8.00e-03,1.98e+01,
16284,-8.00e-03,1.98e+01,
16285,0.00e+00,1.98e+01,
16286,0.00e+00,1.98e+01,
16287,-8.00e-03,2.02e+01,
16288,-8.00e-03,2.02e+01,
16289,0.00e+00,2.02e+01,
16290,-8.00e-03,2.06e+01,
16291,-8.00e-03,2.06e+01,
16292,-8.00e-03,2.06e+01,
16293,0.00e+00,2.06e+01,
16294,0.00e+00,2.10e+01,
16295,-8.00e-03,2.10e+01,
16296,-8.00e-03,2.10e+01,
16297,-8.00e-03,2.14e+01,
16298,0.00e+00,2.10e+01,
16299,-8.00e-03,2.14e+01,
16300,-8.00e-03,2.14e+01,
16301,0.00e+00,2.14e+01,
16302,-8.00e-03,2.14e+01,
16303,-8.00e-03,2.18e+01,
16304,-8.00e-03,2.18e+01,
16305,-8.00e-03,2.18e+01,
16306,-8.00e-03,2.22e+01,
16307,-8.00e-03,2.22e+01,
16308,-8.00e-03,2.22e+01,
16309,0.00e+00,2.22e+01,
16310,-8.00e-03,2.22e+01,
16311,-8.00e-03,2.26e+01,
16312,-8.00e-03,2.22e+01,
16313,-8.00e-03,2.26e+01,
16314,-8.00e-03,2.26e+01,
16315,-8.00e-03,2.30e+01,
16316,-8.00e-03,2.30e+01,
16317,-8.00e-03,2.30e+01,
16318,-8.00e-03,2.30e+01,
16319,-8.00e-03,2.30e+01,
16320,-8.00e-03,2.30e+01,
16321,-8.00e-03,2.34e+01,
16322,-8.00e-03,2.34e+01,
16323,-8.00e-03,2.34e+01,
16324,-8.00e-03,2.34e+01,
16325,-8.00e-03,2.34e+01,
16326,-8.00e-03,2.34e+01,
16327,-8.00e-03,2.38e+01,
16328,-8.00e-03,2.34e+01,
16329,-8.00e-03,2.38e+01,
16330,-8.00e-03,2.38e+01,
16331,-8.00e-03,2.38e+01,
16332,-8.00e-03,2.38e+01,
16333,-8.00e-03,2.38e+01,
16334,-8.00e-03,2.46e+01,
16335,-8.00e-03,2.46e+01,
16336,-8.00e-03,2.46e+01,
16337,-8.00e-03,2.46e+01,
16338,-8.00e-03,2.46e+01,
16339,-8.00e-03,2.46e+01,
16340,-8.00e-03,2.46e+01,
16341,-8.00e-03,2.50e+01,
16342,-8.00e-03,2.46e+01,
16343,-8.00e-03,2.50e+01,
16344,-8.00e-03,2.50e+01,
16345,-8.00e-03,2.50e+01,
16346,-8.00e-03,2.50e+01,
16347,-8.00e-03,2.50e+01,
16348,-8.00e-03,2.50e+01,
16349,-8.00e-03,2.50e+01,
16350,-8.00e-03,2.50e+01,
16351,-8.00e-03,2.50e+01,
16352,-8.00e-03,2.50e+01,
16353,-8.00e-03,2.50e+01,
16354,-8.00e-03,2.50e+01,
16355,-8.00e-03,2.50e+01,
16356,-8.00e-03,2.50e+01,
16357,-8.00e-03,2.50e+01,
16358,-8.00e-03,2.50e+01,
16359,-8.00e-03,2.50e+01,
16360,-8.00e-03,2.50e+01,
16361,-8.00e-03,2.50e+01,
16362,-8.00e-03,2.50e+01,
16363,-8.00e-03,2.50e+01,
16364,-8.00e-03,2.50e+01,
16365,-8.00e-03,2.50e+01,
16366,-8.00e-03,2.50e+01,
16367,-8.00e-03,2.50e+01,
16368,-8.00e-03,2.50e+01,
16369,-8.00e-03,2.50e+01,
16370,-8.00e-03,2.50e+01,
16371,-8.00e-03,2.50e+01,
16372,-8.00e-03,2.50e+01,
16373,-8.00e-03,2.50e+01,
16374,-8.00e-03,2.50e+01,
16375,-8.00e-03,2.50e+01,
16376,-8.00e-03,2.50e+01,
16377,-8.00e-03,2.46e+01,
16378,-8.00e-03,2.46e+01,
16379,-8.00e-03,2.46e+01,
16380,-8.00e-03,2.46e+01,
16381,-8.00e-03,2.46e+01,
16382,-8.00e-03,2.46e+01,
16383,-8.00e-03,2.46e+01,
16384,-8.00e-03,2.46e+01,
16385,-8.00e-03,2.46e+01,
16386,-8.00e-03,2.46e+01,
16387,-8.00e-03,2.38e+01,
16388,-8.00e-03,2.38e+01,
16389,-8.00e-03,2.38e+01,
16390,-8.00e-03,2.38e+01,
16391,-8.00e-03,2.38e+01,
16392,-8.00e-03,2.34e+01,
16393,-8.00e-03,2.34e+01,
16394,-8.00e-03,2.34e+01,
16395,-8.00e-03,2.34e+01,
16396,-8.00e-03,2.34e+01,
16397,-8.00e-03,2.34e+01,
16398,-8.00e-03,2.34e+01,
16399,-8.00e-03,2.30e+01,
16400,-8.00e-03,2.30e+01,
16401,-8.00e-03,2.30e+01,
16402,-8.00e-03,2.30e+01,
16403,-8.00e-03,2.30e+01,
16404,-8.00e-03,2.26e+01,
16405,-8.00e-03,2.26e+01,
16406,-8.00e-03,2.26e+01,
16407,-8.00e-03,2.26e+01,
16408,-8.00e-03,2.22e+01,
16409,-8.00e-03,2.22e+01,
16410,-8.00e-03,2.22e+01,
16411,-8.00e-03,2.22e+01,
16412,-8.00e-03,2.22e+01,
16413,-8.00e-03,2.18e+01,
16414,-8.00e-03,2.18e+01,
16415,-8.00e-03,2.18e+01,
16416,-8.00e-03,2.18e+01,
16417,-8.00e-03,2.18e+01,
16418,-8.00e-03,2.14e+01,
16419,-8.00e-03,2.14e+01,
16420,-8.00e-03,2.14e+01,
16421,-8.00e-03,2.14e+01,
16422,-8.00e-03,2.10e+01,
16423,-8.00e-03,2.10e+01,
16424,-8.00e-03,2.10e+01,
16425,-8.00e-03,2.10e+01,
16426,-8.00e-03,2.06e+01,
16427,-8.00e-03,2.06e+01,
16428,-8.00e-03,2.06e+01,
16429,-8.00e-03,2.06e+01,
16430,-8.00e-03,2.02e+01,
16431,-8.00e-03,2.06e+01,
16432,-8.00e-03,2.02e+01,
16433,-8.00e-03,2.02e+01,
16434,-8.00e-03,1.98e+01,
16435,-8.00e-03,1.98e+01,
16436,-8.00e-03,1.98e+01,
16437,-8.00e-03,1.98e+01,
16438,-8.00e-03,1.98e+01,
16439,-8.00e-03,1.98e+01,
16440,-8.00e-03,1.94e+01,
16441,-8.00e-03,1.94e+01,
16442,-8.00e-03,1.94e+01,
16443,-8.00e-03,1.90e+01,
16444,-8.00e-03,1.90e+01,
16445,-8.00e-03,1.90e+01,
16446,-8.00e-03,1.90e+01,
16447,-8.00e-03,1.82e+01,
16448,-8.00e-03,1.82e+01,
16449,-8.00e-03,1.82e+01,
16450,-8.00e-03,1.82e+01,
16451,-8.00e-03,1.82e+01,
16452,-8.00e-03,1.78e+01,
16453,-8.00e-03,1.78e+01,
16454,-8.00e-03,1.78e+01,
16455,-8.00e-03,1.78e+01,
16456,-8.00e-03,1.74e+01,
16457,-8.00e-03,1.74e+01,
16458,-8.00e-03,1.74e+01,
16459,-8.00e-03,1.74e+01,
16460,-8.00e-03,1.70e+01,
16461,-8.00e-03,1.70e+01,
16462,-8.00e-03,1.70e+01,
16463,-8.00e-03,1.70e+01,
16464,-8.00e-03,1.66e+01,
16465,-8.00e-03,1.66e+01,
16466,-8.00e-03,1.66e+01,
16467,-8.00e-03,1.66e+01,
16468,-8.00e-03,1.66e+01,
16469,-8.00e-03,1.62e+01,
16470,-8.00e-03,1.62e+01,
16471,-8.00e-03,1.62e+01,
16472,-8.00e-03,1.62e+01,
16473,-8.00e-03,1.62e+01,
16474,-8.00e-03,1.58e+01,
16475,-8.00e-03,1.58e+01,
16476,-8.00e-03,1.58e+01,
16477,-8.00e-03,1.58e+01,
16478,-8.00e-03,1.58e+01,
16479,-8.00e-03,1.58e+01,
16480,-8.00e-03,1.54e+01,
16481,-8.00e-03,1.54e+01,
16482,-8.00e-03,1.54e+01,
16483,-8.00e-03,1.54e+01,
16484,-8.00e-03,1.54e+01,
16485,-8.00e-03,1.50e+01,
16486,-8.00e-03,1.50e+01,
16487,-8.00e-03,1.50e+01,
16488,-8.00e-03,1.50e+01,
16489,-8.00e-03,1.50e+01,
16490,-8.00e-03,1.50e+01,
16491,-8.00e-03,1.50e+01,
16492,-8.00e-03,1.46e+01,
16493,-8.00e-03,1.46e+01,
16494,-8.00e-03,1.46e+01,
16495,-8.00e-03,1.46e+01,
16496,-8.00e-03,1.46e+01,
16497,-8.00e-03,1.42e+01,
16498,-8.00e-03,1.42e+01,
16499,-8.00e-03,1.42e+01,
16500,-8.00e-03,1.42e+01,
16501,-8.00e-03,1.42e+01,
16502,-8.00e-03,1.42e+01,
16503,-8.00e-03,1.42e+01,
16504,-8.00e-03,1.38e+01,
16505,-8.00e-03,1.38e+01,
16506,-8.00e-03,1.38e+01,
16507,-8.00e-03,1.38e+01,
16508,-8.00e-03,1.38e+01,
16509,-8.00e-03,1.38e+01,
16510,-8.00e-03,1.38e+01,
16511,-8.00e-03,1.38e+01,
16512,-8.00e-03,1.38e+01,
16513,-8.00e-03,1.38e+01,
16514,-8.00e-03,1.38e+01,
16515,-8.00e-03,1.38e+01,
16516,-8.00e-03,1.38e+01,
16517,-8.00e-03,1.30e+01,
16518,-8.00e-03,1.30e+01,
16519,-8.00e-03,1.30e+01,
16520,-8.00e-03,1.30e+01,
16521,-8.00e-03,1.30e+01,
16522,-8.00e-03,1.30e+01,
16523,-8.00e-03,1.30e+01,
16524,-8.00e-03,1.30e+01,
16525,-8.00e-03,1.30e+01,
16526,-8.00e-03,1.30e+01,
16527,-8.00e-03,1.30e+01,
16528,-8.00e-03,1.26e+01,
16529,0.00e+00,1.30e+01,
16530,-8.00e-03,1.26e+01,
16531,-8.00e-03,1.30e+01,
16532,-8.00e-03,1.30e+01,
16533,0.00e+00,1.26e+01,
16534,-8.00e-03,1.30e+01,
16535,-8.00e-03,1.26e+01,
16536,-8.00e-03,1.26e+01,
16537,0.00e+00,1.26e+01,
16538,-8.00e-03,1.26e+01,
16539,-8.00e-03,1.26e+01,
16540,-8.00e-03,1.26e+01,
16541,-8.00e-03,1.26e+01,
16542,-8.00e-03,1.26e+01,
16543,-8.00e-03,1.30e+01,
16544,-8.00e-03,1.26e+01,
16545,0.00e+00,1.26e+01,
16546,0.00e+00,1.26e+01,
16547,-8.00e-03,1.26e+01,
16548,-8.00e-03,1.26e+01,
16549,0.00e+00,1.26e+01,
16550,-8.00e-03,1.26e+01,
16551,-8.00e-03,1.30e+01,
16552,-8.00e-03,1.26e+01,
16553,-8.00e-03,1.26e+01,
16554,-8.00e-03,1.26e+01,
16555,-8.00e-03,1.26e+01,
16556,-8.00e-03,1.26e+01,
16557,0.00e+00,1.26e+01,
16558,-8.00e-03,1.30e+01,
16559,-8.00e-03,1.30e+01,
16560,-8.00e-03,1.26e+01,
16561,0.00e+00,1.30e+01,
16562,-8.00e-03,1.30e+01,
16563,-8.00e-03,1.30e+01,
16564,-8.00e-03,1.30e+01,
16565,0.00e+00,1.30e+01,
16566,-8.00e-03,1.30e+01,
16567,-8.00e-03,1.30e+01,
16568,-8.00e-03,1.30e+01,
16569,0.00e+00,1.30e+01,
16570,-8.00e-03,1.30e+01,
16571,-8.00e-03,1.38e+01,
16572,-8.00e-03,1.30e+01,
16573,0.00e+00,1.30e+01,
16574,0.00e+00,1.30e+01,
16575,-8.00e-03,1.38e+01,
16576,-8.00e-03,1.30e+01,
16577,0.00e+00,1.38e+01,
16578,-8.00e-03,1.38e+01,
16579,-8.00e-03,1.38e+01,
16580,-8.00e-03,1.38e+01,
16581,0.00e+00,1.38e+01,
16582,0.00e+00,1.38e+01,
16583,-8.00e-03,1.42e+01,
16584,-8.00e-03,1.38e+01,
16585,0.00e+00,1.42e+01,
16586,-8.00e-03,1.42e+01,
16587,-8.00e-03,1.42e+01,
16588,0.00e+00,1.42e+01,
16589,0.00e+00,1.42e+01,
16590,-8.00e-03,1.42e+01,
16591,-8.00e-03,1.42e+01,
16592,-8.00e-03,1.42e+01,
16593,0.00e+00,1.46e+01,
16594,0.00e+00,1.46e+01,
16595,-8.00e-03,1.46e+01,
16596,0.00e+00,1.46e+01,
16597,0.00e+00,1.46e+01,
16598,-8.00e-03,1.46e+01,
16599,-8.00e-03,1.46e+01,
16600,0.00e+00,1.46e+01,
16601,0.00e+00,1.50e+01,
16602,0.00e+00,1.50e+01,
16603,-8.00e-03,1.50e+01,
16604,-8.00e-03,1.50e+01,
16605,0.00e+00,1.50e+01,
16606,-8.00e-03,1.54e+01,
16607,-8.00e-03,1.54e+01,
16608,-8.00e-03,1.54e+01,
16609,0.00e+00,1.54e+01,
16610,0.00e+00,1.54e+01,
16611,-8.00e-03,1.54e+01,
16612,-8.00e-03,1.58e+01,
16613,0.00e+00,1.58e+01,
16614,0.00e+00,1.58e+01,
16615,-8.00e-03,1.58e+01,
16616,0.00e+00,1.58e+01,
16617,0.00e+00,1.58e+01,
16618,0.00e+00,1.62e+01,
16619,-8.00e-03,1.62e+01,
16620,0.00e+00,1.62e+01,
16621,0.00e+00,1.62e+01,
16622,0.00e+00,1.62e+01,
16623,-8.00e-03,1.66e+01,
16624,-8.00e-03,1.66e+01,
16625,0.00e+00,1.66e+01,
16626,-8.00e-03,1.66e+01,
16627,-8.00e-03,1.66e+01,
16628,0.00e+00,1.70e+01,
16629,0.00e+00,1.70e+01,
16630,-8.00e-03,1.70e+01,
16631,-8.00e-03,1.70e+01,
16632,0.00e+00,1.70e+01,
16633,0.00e+00,1.74e+01,
16634,-8.00e-03,1.74e+01,
16635,-8.00e-03,1.74e+01,
16636,-8.00e-03,1.74e+01,
16637,0.00e+00,1.74e+01,
16638,0.00e+00,1.78e+01,
16639,-8.00e-03,1.78e+01,
16640,-8.00e-03,1.78e+01,
16641,0.00e+00,1.78e+01,
16642,-8.00e-03,1.82e+01,
16643,-8.00e-03,1.82e+01,
16644,-8.00e-03,1.82e+01,
16645,0.00e+00,1.82e+01,
16646,-8.00e-03,1.82e+01,
16647,-8.00e-03,1.90e+01,
16648,-8.00e-03,1.90e+01,
16649,0.00e+00,1.90e+01,
16650,-8.00e-03,1.90e+01,
16651,-8.00e-03,1.94e+01,
16652,-8.00e-03,1.94e+01,
16653,0.00e+00,1.94e+01,
16654,-8.00e-03,1.94e+01,
16655,-8.00e-03,1.98e+01,
16656,-8.00e-03,1.98e+01,
16657,-8.00e-03,1.98e+01,
16658,-8.00e-03,1.98e+01,
16659,-8.00e-03,1.98e+01,
16660,-8.00e-03,2.02e+01,
16661,0.00e+00,2.02e+01,
16662,0.00e+00,2.02e+01,
16663,-8.00e-03,2.02e+01,
16664,-8.00e-03,2.02e+01,
16665,0.00e+00,2.06e+01,
16666,-8.00e-03,2.06e+01,
16667,-8.00e-03,2.06e+01,
16668,-8.00e-03,2.06e+01,
16669,0.00e+00,2.06e+01,
16670,-8.00e-03,2.10e+01,
16671,-8.00e-03,2.10e+01,
16672,-8.00e-03,2.10e+01,
16673,-8.00e-03,2.14e+01,
16674,-8.00e-03,2.14e+01,
16675,-8.00e-03,2.14e+01,
16676,-8.00e-03,2.14e+01,
16677,-8.00e-03,2.14e+01,
16678,-8.00e-03,2.14e+01,
16679,-8.00e-03,2.18e+01,
16680,-8.00e-03,2.18e+01,
16681,-8.00e-03,2.18e+01,
16682,-8.00e-03,2.18e+01,
16683,-8.00e-03,2.18e+01,
16684,-8.00e-03,2.22e+01,
16685,-8.00e-03,2.22e+01,
16686,-8.00e-03,2.22e+01,
16687,-8.00e-03,2.22e+01,
16688,-8.00e-03,2.22e+01,
16689,-8.00e-03,2.22e+01,
16690,-8.00e-03,2.22e+01,
16691,-8.00e-03,2.26e+01,
16692,-8.00e-03,2.26e+01,
16693,-8.00e-03,2.26e+01,
16694,-8.00e-03,2.26e+01,
16695,-8.00e-03,2.30e+01,
16696,-8.00e-03,2.26e+01,
16697,-8.00e-03,2.30e+01,
16698,-8.00e-03,2.30e+01,
16699,-8.00e-03,2.30e+01,
16700,-8.00e-03,2.30e+01,
16701,-8.00e-03,2.30e+01,
16702,-8.00e-03,2.30e+01,
16703,-8.00e-03,2.34e+01,
16704,-8.00e-03,2.30e+01,
16705,-8.00e-03,2.34e+01,
16706,-8.00e-03,2.34e+01,
16707,-8.00e-03,2.34e+01,
16708,-8.00e-03,2.34e+01,
16709,-8.00e-03,2.34e+01,
16710,-8.00e-03,2.34e+01,
16711,-8.00e-03,2.38e+01,
16712,-8.00e-03,2.34e+01,
16713,-8.00e-03,2.38e+01,
16714,-8.00e-03,2.38e+01,
16715,-8.00e-03,2.38e+01,
16716,-8.00e-03,2.38e+01,
16717,-8.00e-03,2.38e+01,
16718,-8.00e-03,2.38e+01,
16719,-8.00e-03,2.38e+01,
16720,-8.00e-03,2.38e+01,
16721,-8.00e-03,2.38e+01,
16722,-8.00e-03,2.38e+01,
16723,-8.00e-03,2.38e+01,
16724,-8.00e-03,2.38e+01,
16725,-8.00e-03,2.38e+01,
16726,-8.00e-03,2.38e+01,
16727,-8.00e-03,2.38e+01,
16728,-8.00e-03,2.38e+01,
16729,-8.00e-03,2.38e+01,
16730,-8.00e-03,2.38e+01,
16731,-8.00e-03,2.38e+01,
16732,-8.00e-03,2.38e+01,
16733,-8.00e-03,2.38e+01,
16734,-8.00e-03,2.38e+01,
16735,-8.00e-03,2.38e+01,
16736,-8.00e-03,2.38e+01,
16737,-8.00e-03,2.38e+01,
16738,-8.00e-03,2.38e+01,
16739,-8.00e-03,2.38e+01,
16740,-8.00e-03,2.38e+01,
16741,-8.00e-03,2.38e+01,
16742,-8.00e-03,2.38e+01,
16743,-8.00e-03,2.38e+01,
16744,-8.00e-03,2.34e+01,
16745,-8.00e-03,2.38e+01,
16746,-8.00e-03,2.38e+01,
16747,-8.00e-03,2.38e+01,
16748,-8.00e-03,2.34e+01,
16749,-8.00e-03,2.34e+01,
16750,-8.00e-03,2.34e+01,
16751,-8.00e-03,2.34e+01,
16752,-8.00e-03,2.34e+01,
16753,-8.00e-03,2.34e+01,
16754,-8.00e-03,2.34e+01,
16755,-8.00e-03,2.34e+01,
16756,-8.00e-03,2.34e+01,
16757,-8.00e-03,2.34e+01,
16758,-8.00e-03,2.34e+01,
16759,-8.00e-03,2.34e+01,
16760,-8.00e-03,2.30e+01,
16761,-8.00e-03,2.30e+01,
16762,-8.00e-03,2.30e+01,
16763,-8.00e-03,2.30e+01,
16764,-8.00e-03,2.30e+01,
16765,-8.00e-03,2.26e+01,
16766,-8.00e-03,2.26e+01,
16767,-8.00e-03,2.30e+01,
16768,-8.00e-03,2.26e+01,
16769,-8.00e-03,2.26e+01,
16770,-8.00e-03,2.26e+01,
16771,-8.00e-03,2.26e+01,
16772,-8.00e-03,2.26e+01,
16773,-8.00e-03,2.22e+01,
16774,-8.00e-03,2.22e+01,
16775,-8.00e-03,2.22e+01,
16776,-8.00e-03,2.22e+01,
16777,-8.00e-03,2.22e+01,
16778,-8.00e-03,2.22e+01,
16779,-8.00e-03,2.22e+01,
16780,-8.00e-03,2.18e+01,
16781,-8.00e-03,2.18e+01,
16782,-8.00e-03,2.18e+01,
16783,-8.00e-03,2.18e+01,
16784,-8.00e-03,2.14e+01,
16785,-8.00e-03,2.14e+01,
16786,-8.00e-03,2.14e+01,
16787,-8.00e-03,2.14e+01,
16788,-8.00e-03,2.14e+01,
16789,-8.00e-03,2.10e+01,
16790,-8.00e-03,2.10e+01,
16791,-8.00e-03,2.10e+01,
16792,-8.00e-03,2.10e+01,
16793,-8.00e-03,2.10e+01,
16794,-8.00e-03,2.06e+01,
16795,-8.00e-03,2.06e+01,
16796,-8.00e-03,2.06e+01,
16797,-8.00e-03,2.06e+01,
16798,-8.00e-03,2.06e+01,
16799,-8.00e-03,2.02e+01,
16800,-8.00e-03,2.02e+01,
16801,-8.00e-03,2.02e+01,
16802,-8.00e-03,2.02e+01,
16803,-8.00e-03,2.02e+01,
16804,-8.00e-03,1.98e+01,
16805,-8.00e-03,1.98e+01,
16806,-8.00e-03,1.98e+01,
16807,-8.00e-03,1.98e+01,
16808,-8.00e-03,1.94e+01,
16809,-8.00e-03,1.94e+01,
16810,-8.00e-03,1.94e+01,
16811,-8.00e-03,1.94e+01,
16812,-8.00e-03,1.94e+01,
16813,-8.00e-03,1.90e+01,
16814,-8.00e-03,1.90e+01,
16815,-8.00e-03,1.90e+01,
16816,-8.00e-03,1.90e+01,
16817,-8.00e-03,1.82e+01,
16818,-8.00e-03,1.82e+01,
16819,-8.00e-03,1.82e+01,
16820,-8.00e-03,1.82e+01,
16821,-8.00e-03,1.82e+01,
16822,-8.00e-03,1.82e+01,
16823,-8.00e-03,1.78e+01,
16824,-8.00e-03,1.78e+01,
16825,-8.00e-03,1.78e+01,
16826,-8.00e-03,1.78e+01,
16827,-8.00e-03,1.78e+01,
16828,-8.00e-03,1.78e+01,
16829,-8.00e-03,1.74e+01,
16830,-8.00e-03,1.74e+01,
16831,-8.00e-03,1.74e+01,
16832,-8.00e-03,1.70e+01,
16833,-8.00e-03,1.70e+01,
16834,-8.00e-03,1.70e+01,
16835,-8.00e-03,1.70e+01,
16836,-8.00e-03,1.70e+01,
16837,-8.00e-03,1.66e+01,
16838,-8.00e-03,1.66e+01,
16839,-8.00e-03,1.66e+01,
16840,-8.00e-03,1.66e+01,
16841,-8.00e-03,1.66e+01,
16842,-8.00e-03,1.66e+01,
16843,-8.00e-03,1.66e+01,
16844,-8.00e-03,1.62e+01,
16845,-8.00e-03,1.62e+01,
16846,-8.00e-03,1.62e+01,
16847,-8.00e-03,1.62e+01,
16848,-8.00e-03,1.58e+01,
16849,-8.00e-03,1.58e+01,
16850,-8.00e-03,1.58e+01,
16851,-8.00e-03,1.58e+01,
16852,-8.00e-03,1.58e+01,
16853,-8.00e-03,1.58e+01,
16854,-8.00e-03,1.58e+01,
16855,-8.00e-03,1.58e+01,
16856,-8.00e-03,1.54e+01,
16857,-8.00e-03,1.54e+01,
16858,-8.00e-03,1.54e+01,
16859,-8.00e-03,1.54e+01,
16860,-8.00e-03,1.50e+01,
16861,-8.00e-03,1.50e+01,
16862,-8.00e-03,1.50e+01,
16863,-8.00e-03,1.50e+01,
16864,-8.00e-03,1.50e+01,
16865,-8.00e-03,1.50e+01,
16866,-8.00e-03,1.50e+01,
16867,-8.00e-03,1.50e+01,
16868,-8.00e-03,1.50e+01,
16869,-8.00e-03,1.46e+01,
16870,-8.00e-03,1.46e+01,
16871,-8.00e-03,1.46e+01,
16872,-8.00e-03,1.46e+01,
16873,-8.00e-03,1.46e+01,
16874,-8.00e-03,1.46e+01,
16875,-8.00e-03,1.46e+01,
16876,-8.00e-03,1.46e+01,
16877,-8.00e-03,1.42e+01,
16878,-8.00e-03,1.46e+01,
16879,-8.00e-03,1.46e+01,
16880,-8.00e-03,1.42e+01,
16881,-8.00e-03,1.42e+01,
16882,-8.00e-03,1.42e+01,
16883,-8.00e-03,1.42e+01,
16884,-8.00e-03,1.42e+01,
16885,-8.00e-03,1.42e+01,
16886,-8.00e-03,1.42e+01,
16887,-8.00e-03,1.42e+01,
16888,-8.00e-03,1.38e+01,
16889,0.00e+00,1.42e+01,
16890,-8.00e-03,1.38e+01,
16891,-8.00e-03,1.38e+01,
16892,-8.00e-03,1.38e+01,
16893,-8.00e-03,1.38e+01,
16894,-8.00e-03,1.38e+01,
16895,-8.00e-03,1.38e+01,
16896,-8.00e-03,1.38e+01,
16897,-8.00e-03,1.38e+01,
16898,-8.00e-03,1.38e+01,
16899,-8.00e-03,1.38e+01,
16900,-8.00e-03,1.38e+01,
16901,-8.00e-03,1.38e+01,
16902,-8.00e-03,1.38e+01,
16903,-8.00e-03,1.38e+01,
16904,-8.00e-03,1.30e+01,
16905,-8.00e-03,1.38e+01,
16906,-8.00e-03,1.38e+01,
16907,-8.00e-03,1.38e+01,
16908,-8.00e-03,1.38e+01,
16909,0.00e+00,1.30e+01,
16910,-8.00e-03,1.38e+01,
16911,-8.00e-03,1.38e+01,
16912,-8.00e-03,1.30e+01,
16913,-8.00e-03,1.30e+01,
16914,-8.00e-03,1.38e+01,
16915,-8.00e-03,1.38e+01,
16916,-8.00e-03,1.38e+01,
16917,0.00e+00,1.30e+01,
16918,-8.00e-03,1.38e+01,
16919,-8.00e-03,1.38e+01,
16920,-8.00e-03,1.30e+01,
16921,0.00e+00,1.38e+01,
16922,-8.00e-03,1.30e+01,
16923,-8.00e-03,1.38e+01,
16924,-8.00e-03,1.38e+01,
16925,-8.00e-03,1.30e+01,
16926,-8.00e-03,1.38e+01,
16927,-8.00e-03,1.38e+01,
16928,-8.00e-03,1.38e+01,
16929,0.00e+00,1.38e+01,
16930,-8.00e-03,1.30e+01,
16931,-8.00e-03,1.38e+01,
16932,-8.00e-03,1.38e+01,
16933,0.00e+00,1.38e+01,
16934,-8.00e-03,1.38e+01,
16935,-8.00e-03,1.38e+01,
16936,-8.00e-03,1.38e+01,
16937,-8.00e-03,1.38e+01,
16938,0.00e+00,1.38e+01,
16939,-8.00e-03,1.38e+01,
16940,-8.00e-03,1.38e+01,
16941,-8.00e-03,1.38e+01,
16942,-8.00e-03,1.38e+01,
16943,-8.00e-03,1.42e+01,
16944,-8.00e-03,1.38e+01,
16945,0.00e+00,1.42e+01,
16946,-8.00e-03,1.42e+01,
16947,-8.00e-03,1.42e+01,
16948,-8.00e-03,1.42e+01,
16949,0.00e+00,1.42e+01,
16950,-8.00e-03,1.42e+01,
16951,-8.00e-03,1.42e+01,
16952,-8.00e-03,1.42e+01,
16953,0.00e+00,1.42e+01,
16954,-8.00e-03,1.42e+01,
16955,-8.00e-03,1.46e+01,
16956,-8.00e-03,1.46e+01,
16957,0.00e+00,1.46e+01,
16958,0.00e+00,1.46e+01,
16959,-8.00e-03,1.46e+01,
16960,-8.00e-03,1.46e+01,
16961,0.00e+00,1.46e+01,
16962,-8.00e-03,1.46e+01,
16963,-8.00e-03,1.46e+01,
16964,-8.00e-03,1.46e+01,
16965,0.00e+00,1.50e+01,
16966,-8.00e-03,1.50e+01,
16967,-8.00e-03,1.50e+01,
16968,-8.00e-03,1.50e+01,
16969,-8.00e-03,1.50e+01,
16970,-8.00e-03,1.50e+01,
16971,-8.00e-03,1.54e+01,
16972,-8.00e-03,1.50e+01,
16973,-8.00e-03,1.54e+01,
16974,0.00e+00,1.54e+01,
16975,-8.00e-03,1.54e+01,
16976,-8.00e-03,1.54e+01,
16977,0.00e+00,1.54e+01,
16978,0.00e+00,1.54e+01,
16979,-8.00e-03,1.58e+01,
16980,0.00e+00,1.58e+01,
16981,0.00e+00,1.58e+01,
16982,-8.00e-03,1.58e+01,
16983,-8.00e-03,1.58e+01,
16984,-8.00e-03,1.58e+01,
16985,0.00e+00,1.58e+01,
16986,-8.00e-03,1.62e+01,
16987,-8.00e-03,1.62e+01,
16988,-8.00e-03,1.62e+01,
16989,0.00e+00,1.62e+01,
16990,-8.00e-03,1.62e+01,
16991,-8.00e-03,1.66e+01,
16992,-8.00e-03,1.62e+01,
16993,0.00e+00,1.66e+01,
16994,-8.00e-03,1.66e+01,
16995,-8.00e-03,1.66e+01,
16996,-8.00e-03,1.66e+01,
16997,0.00e+00,1.66e+01,
16998,-8.00e-03,1.70e+01,
16999,-8.00e-03,1.70e+01,
17000,-8.00e-03,1.70e+01,
17001,0.00e+00,1.70e+01,
17002,-8.00e-03,1.70e+01,
17003,-8.00e-03,1.74e+01,
17004,-8.00e-03,1.74e+01,
17005,0.00e+00,1.74e+01,
17006,-8.00e-03,1.74e+01,
17007,-8.00e-03,1.78e+01,
17008,-8.00e-03,1.74e+01,
17009,0.00e+00,1.78e+01,
17010,-8.00e-03,1.78e+01,
17011,-8.00e-03,1.78e+01,
17012,-8.00e-03,1.78e+01,
17013,0.00e+00,1.78e+01,
17014,-8.00e-03,1.82e+01,
17015,-8.00e-03,1.82e+01,
17016,-8.00e-03,1.82e+01,
17017,0.00e+00,1.82e+01,
17018,-8.00e-03,1.82e+01,
17019,-8.00e-03,1.90e+01,
17020,-8.00e-03,1.90e+01,
17021,-8.00e-03,1.90e+01,
17022,-8.00e-03,1.90e+01,
17023,-8.00e-03,1.94e+01,
17024,-8.00e-03,1.94e+01,
17025,0.00e+00,1.94e+01,
17026,-8.00e-03,1.94e+01,
17027,-8.00e-03,1.94e+01,
17028,-8.00e-03,1.94e+01,
17029,0.00e+00,1.98e+01,
17030,-8.00e-03,1.98e+01,
17031,-8.00e-03,1.98e+01,
17032,-8.00e-03,1.98e+01,
17033,0.00e+00,1.98e+01,
17034,-8.00e-03,2.02e+01,
17035,-8.00e-03,2.02e+01,
17036,-8.00e-03,2.02e+01,
17037,-8.00e-03,2.02e+01,
17038,-8.00e-03,2.02e+01,
17039,-8.00e-03,2.06e+01,
17040,-8.00e-03,2.06e+01,
17041,-8.00e-03,2.06e+01,
17042,-8.00e-03,2.06e+01,
17043,-8.00e-03,2.06e+01,
17044,-8.00e-03,2.06e+01,
17045,-8.00e-03,2.10e+01,
17046,-8.00e-03,2.10e+01,
17047,-8.00e-03,2.10e+01,
17048,-8.00e-03,2.10e+01,
17049,-8.00e-03,2.10e+01,
17050,-8.00e-03,2.14e+01,
17051,-8.00e-03,2.14e+01,
17052,-8.00e-03,2.14e+01,
17053,-8.00e-03,2.14e+01,
17054,-8.00e-03,2.14e+01,
17055,-8.00e-03,2.14e+01,
17056,-8.00e-03,2.14e+01,
17057,-8.00e-03,2.18e+01,
17058,-8.00e-03,2.18e+01,
17059,-8.00e-03,2.18e+01,
17060,-8.00e-03,2.18e+01,
17061,-8.00e-03,2.18e+01,
17062,-8.00e-03,2.18e+01,
17063,-8.00e-03,2.22e+01,
17064,-8.00e-03,2.22e+01,
17065,-8.00e-03,2.22e+01,
17066,-8.00e-03,2.22e+01,
17067,-8.00e-03,2.22e+01,
17068,-8.00e-03,2.22e+01,
17069,-8.00e-03,2.22e+01,
17070,-8.00e-03,2.22e+01,
17071,-8.00e-03,2.26e+01,
17072,-8.00e-03,2.26e+01,
17073,-8.00e-03,2.26e+01,
17074,-8.00e-03,2.26e+01,
17075,-8.00e-03,2.26e+01,
17076,-8.00e-03,2.26e+01,
17077,-8.00e-03,2.26e+01,
17078,-8.00e-03,2.26e+01,
17079,-8.00e-03,2.26e+01,
17080,-8.00e-03,2.26e+01,
17081,-8.00e-03,2.26e+01,
17082,-8.00e-03,2.30e+01,
17083,-8.00e-03,2.30e+01,
17084,-8.00e-03,2.30e+01,
17085,-8.00e-03,2.30e+01,
17086,-8.00e-03,2.30e+01,
17087,-8.00e-03,2.30e+01,
17088,-8.00e-03,2.30e+01,
17089,-8.00e-03,2.30e+01,
17090,-8.00e-03,2.30e+01,
17091,-8.00e-03,2.30e+01,
17092,-8.00e-03,2.30e+01,
17093,-8.00e-03,2.30e+01,
17094,-8.00e-03,2.30e+01,
17095,-8.00e-03,2.30e+01,
17096,-8.00e-03,2.30e+01,
17097,-8.00e-03,2.30e+01,
17098,-8.00e-03,2.30e+01,
17099,-8.00e-03,2.34e+01,
17100,-8.00e-03,2.30e+01,
17101,-8.00e-03,2.30e+01,
17102,-8.00e-03,2.30e+01,
17103,-8.00e-03,2.34e+01,
17104,-8.00e-03,2.30e+01,
17105,-8.00e-03,2.30e+01,
17106,-8.00e-03,2.30e+01,
17107,-8.00e-03,2.30e+01,
17108,-8.00e-03,2.30e+01,
17109,-8.00e-03,2.30e+01,
17110,-8.00e-03,2.30e+01,
17111,-8.00e-03,2.30e+01,
17112,-8.00e-03,2.30e+01,
17113,-8.00e-03,2.30e+01,
17114,-8.00e-03,2.30e+01,
17115,-8.00e-03,2.30e+01,
17116,-8.00e-03,2.30e+01,
17117,-8.00e-03,2.30e+01,
17118,-8.00e-03,2.30e+01,
17119,-8.00e-03,2.30e+01,
17120,-8.00e-03,2.26e+01,
17121,-8.00e-03,2.30e+01,
17122,-8.00e-03,2.30e+01,
17123,-8.00e-03,2.30e+01,
17124,-8.00e-03,2.30e+01,
17125,-8.00e-03,2.26e+01,
17126,-8.00e-03,2.26e+01,
17127,-8.00e-03,2.26e+01,
17128,-8.00e-03,2.26e+01,
17129,-8.00e-03,2.26e+01,
17130,-8.00e-03,2.26e+01,
17131,-8.00e-03,2.26e+01,
17132,-8.00e-03,2.26e+01,
17133,-8.00e-03,2.22e+01,
17134,-8.00e-03,2.22e+01,
17135,-8.00e-03,2.22e+01,
17136,-8.00e-03,2.22e+01,
17137,-8.00e-03,2.22e+01,
17138,-8.00e-03,2.22e+01,
17139,-8.00e-03,2.22e+01,
17140,-8.00e-03,2.22e+01,
17141,-8.00e-03,2.18e+01,
17142,-8.00e-03,2.18e+01,
17143,-8.00e-03,2.22e+01,
17144,-8.00e-03,2.18e+01,
17145,-8.00e-03,2.18e+01,
17146,-8.00e-03,2.18e+01,
17147,-8.00e-03,2.18e+01,
17148,-8.00e-03,2.18e+01,
17149,-8.00e-03,2.14e+01,
17150,-8.00e-03,2.14e+01,
17151,-8.00e-03,2.14e+01,
17152,-8.00e-03,2.14e+01,
17153,-8.00e-03,2.14e+01,
17154,-8.00e-03,2.14e+01,
17155,-8.00e-03,2.14e+01,
17156,-8.00e-03,2.10e+01,
17157,-8.00e-03,2.10e+01,
17158,-8.00e-03,2.10e+01,
17159,-8.00e-03,2.10e+01,
17160,-8.00e-03,2.10e+01,
17161,-8.00e-03,2.10e+01,
17162,-8.00e-03,2.06e+01,
17163,-8.00e-03,2.06e+01,
17164,-8.00e-03,2.06e+01,
17165,-8.00e-03,2.06e+01,
17166,-8.00e-03,2.02e+01,
17167,-8.00e-03,2.02e+01,
17168,-8.00e-03,2.02e+01,
17169,-8.00e-03,2.02e+01,
17170,-8.00e-03,2.02e+01,
17171,-8.00e-03,2.02e+01,
17172,-8.00e-03,1.98e+01,
17173,-8.00e-03,1.98e+01,
17174,-8.00e-03,1.98e+01,
17175,-8.00e-03,1.98e+01,
17176,-8.00e-03,1.98e+01,
17177,-8.00e-03,1.98e+01,
17178,-8.00e-03,1.94e+01,
17179,-8.00e-03,1.94e+01,
17180,-8.00e-03,1.94e+01,
17181,-8.00e-03,1.94e+01,
17182,-8.00e-03,1.90e+01,
17183,-8.00e-03,1.90e+01,
17184,-8.00e-03,1.90e+01,
17185,-8.00e-03,1.90e+01,
17186,-8.00e-03,1.90e+01,
17187,-8.00e-03,1.90e+01,
17188,-8.00e-03,1.90e+01,
17189,-8.00e-03,1.82e+01,
17190,-8.00e-03,1.82e+01,
17191,-8.00e-03,1.82e+01,
17192,-8.00e-03,1.82e+01,
17193,-8.00e-03,1.82e+01,
17194,-8.00e-03,1.78e+01,
17195,-8.00e-03,1.78e+01,
17196,-8.00e-03,1.78e+01,
17197,-8.00e-03,1.78e+01,
17198,-8.00e-03,1.78e+01,
17199,-8.00e-03,1.78e+01,
17200,-8.00e-03,1.74e+01,
17201,-8.00e-03,1.74e+01,
17202,-8.00e-03,1.74e+01,
17203,-8.00e-03,1.74e+01,
17204,-8.00e-03,1.74e+01,
17205,-8.00e-03,1.70e+01,
17206,-8.00e-03,1.70e+01,
17207,-8.00e-03,1.70e+01,
17208,-8.00e-03,1.70e+01,
17209,-8.00e-03,1.70e+01,
17210,-8.00e-03,1.66e+01,
17211,-8.00e-03,1.70e+01,
17212,-8.00e-03,1.66e+01,
17213,-8.00e-03,1.66e+01,
17214,-8.00e-03,1.66e+01,
17215,-8.00e-03,1.66e+01,
17216,-8.00e-03,1.66e+01,
17217,-8.00e-03,1.66e+01,
17218,-8.00e-03,1.62e+01,
17219,-8.00e-03,1.62e+01,
17220,-8.00e-03,1.62e+01,
17221,-8.00e-03,1.62e+01,
17222,-8.00e-03,1.62e+01,
17223,-8.00e-03,1.62e+01,
17224,-8.00e-03,1.58e+01,
17225,-8.00e-03,1.58e+01,
17226,-8.00e-03,1.58e+01,
17227,-8.00e-03,1.58e+01,
17228,-8.00e-03,1.58e+01,
17229,-8.00e-03,1.58e+01,
17230,-8.00e-03,1.58e+01,
17231,-8.00e-03,1.58e+01,
17232,-8.00e-03,1.54e+01,
17233,-8.00e-03,1.54e+01,
17234,-8.00e-03,1.54e+01,
17235,-8.00e-03,1.54e+01,
17236,-8.00e-03,1.54e+01,
17237,-8.00e-03,1.54e+01,
17238,-8.00e-03,1.54e+01,
17239,-8.00e-03,1.54e+01,
17240,-8.00e-03,1.50e+01,
17241,-8.00e-03,1.54e+01,
17242,-8.00e-03,1.50e+01,
17243,-8.00e-03,1.50e+01,
17244,-8.00e-03,1.50e+01,
17245,-8.00e-03,1.50e+01,
17246,-8.00e-03,1.50e+01,
17247,-8.00e-03,1.50e+01,
17248,-8.00e-03,1.50e+01,
17249,-8.00e-03,1.46e+01,
17250,-8.00e-03,1.46e+01,
17251,-8.00e-03,1.46e+01,
17252,-8.00e-03,1.46e+01,
17253,-8.00e-03,1.46e+01,
17254,-8.00e-03,1.46e+01,
17255,-8.00e-03,1.46e+01,
17256,-8.00e-03,1.46e+01,
17257,-8.00e-03,1.46e+01,
17258,-8.00e-03,1.46e+01,
17259,-8.00e-03,1.46e+01,
17260,-8.00e-03,1.42e+01,
17261,-8.00e-03,1.42e+01,
17262,-8.00e-03,1.46e+01,
17263,-8.00e-03,1.46e+01,
17264,-8.00e-03,1.42e+01,
17265,-8.00e-03,1.42e+01,
17266,-8.00e-03,1.42e+01,
17267,-8.00e-03,1.42e+01,
17268,-8.00e-03,1.42e+01,
17269,0.00e+00,1.42e+01,
17270,-8.00e-03,1.42e+01,
17271,-8.00e-03,1.42e+01,
17272,-8.00e-03,1.42e+01,
17273,-8.00e-03,1.42e+01,
17274,-8.00e-03,1.42e+01,
17275,-8.00e-03,1.42e+01,
17276,-8.00e-03,1.42e+01,
17277,-8.00e-03,1.42e+01,
17278,-8.00e-03,1.42e+01,
17279,-8.00e-03,1.42e+01,
17280,-8.00e-03,1.42e+01,
17281,-8.00e-03,1.42e+01,
17282,-8.00e-03,1.42e+01,
17283,-8.00e-03,1.42e+01,
17284,-8.00e-03,1.42e+01,
17285,-8.00e-03,1.42e+01,
17286,-8.00e-03,1.42e+01,
17287,-8.00e-03,1.42e+01,
17288,-8.00e-03,1.42e+01,
17289,-8.00e-03,1.42e+01,
17290,-8.00e-03,1.42e+01,
17291,-8.00e-03,1.42e+01,
17292,-8.00e-03,1.42e+01,
17293,-8.00e-03,1.42e+01,
17294,-8.00e-03,1.42e+01,
17295,-8.00e-03,1.42e+01,
17296,-8.00e-03,1.42e+01,
17297,-8.00e-03,1.42e+01,
17298,-8.00e-03,1.42e+01,
17299,-8.00e-03,1.42e+01,
17300,-8.00e-03,1.42e+01,
17301,0.00e+00,1.42e+01,
17302,-8.00e-03,1.42e+01,
17303,-8.00e-03,1.42e+01,
17304,-8.00e-03,1.42e+01,
17305,0.00e+00,1.42e+01,
17306,-8.00e-03,1.42e+01,
17307,-8.00e-03,1.42e+01,
17308,-8.00e-03,1.42e+01,
17309,-8.00e-03,1.42e+01,
17310,-8.00e-03,1.42e+01,
17311,-8.00e-03,1.46e+01,
17312,-8.00e-03,1.42e+01,
17313,-8.00e-03,1.46e+01,
17314,-8.00e-03,1.46e+01,
17315,-8.00e-03,1.46e+01,
17316,-8.00e-03,1.46e+01,
17317,0.00e+00,1.46e+01,
17318,-8.00e-03,1.46e+01,
17319,-8.00e-03,1.46e+01,
17320,-8.00e-03,1.46e+01,
17321,0.00e+00,1.46e+01,
17322,-8.00e-03,1.46e+01,
17323,-8.00e-03,1.50e+01,
17324,-8.00e-03,1.46e+01,
17325,0.00e+00,1.46e+01,
17326,-8.00e-03,1.50e+01,
17327,-8.00e-03,1.50e+01,
17328,-8.00e-03,1.46e+01,
17329,0.00e+00,1.50e+01,
17330,-8.00e-03,1.50e+01,
17331,-8.00e-03,1.50e+01,
17332,-8.00e-03,1.50e+01,
17333,0.00e+00,1.50e+01,
17334,-8.00e-03,1.50e+01,
17335,-8.00e-03,1.50e+01,
17336,0.00e+00,1.50e+01,
17337,0.00e+00,1.54e+01,
17338,-8.00e-03,1.54e+01,
17339,-8.00e-03,1.54e+01,
17340,-8.00e-03,1.54e+01,
17341,0.00e+00,1.54e+01,
17342,-8.00e-03,1.54e+01,
17343,-8.00e-03,1.54e+01,
17344,-8.00e-03,1.54e+01,
17345,0.00e+00,1.58e+01,
17346,-8.00e-03,1.58e+01,
17347,-8.00e-03,1.58e+01,
17348,-8.00e-03,1.58e+01,
17349,-8.00e-03,1.58e+01,
17350,-8.00e-03,1.58e+01,
17351,-8.00e-03,1.62e+01,
17352,-8.00e-03,1.58e+01,
17353,0.00e+00,1.62e+01,
17354,-8.00e-03,1.62e+01,
17355,-8.00e-03,1.62e+01,
17356,-8.00e-03,1.62e+01,
17357,0.00e+00,1.62e+01,
17358,0.00e+00,1.62e+01,
17359,-8.00e-03,1.66e+01,
17360,-8.00e-03,1.62e+01,
17361,0.00e+00,1.66e+01,
17362,-8.00e-03,1.66e+01,
17363,-8.00e-03,1.66e+01,
17364,-8.00e-03,1.66e+01,
17365,0.00e+00,1.66e+01,
17366,-8.00e-03,1.70e+01,
17367,-8.00e-03,1.70e+01,
17368,-8.00e-03,1.70e+01,
17369,0.00e+00,1.70e+01,
17370,-8.00e-03,1.70e+01,
17371,-8.00e-03,1.70e+01,
17372,-8.00e-03,1.70e+01,
17373,-8.00e-03,1.70e+01,
17374,-8.00e-03,1.74e+01,
17375,-8.00e-03,1.74e+01,
17376,-8.00e-03,1.74e+01,
17377,0.00e+00,1.74e+01,
17378,-8.00e-03,1.78e+01,
17379,-8.00e-03,1.78e+01,
17380,-8.00e-03,1.78e+01,
17381,0.00e+00,1.78e+01,
17382,-8.00e-03,1.78e+01,
17383,-8.00e-03,1.78e+01,
17384,-8.00e-03,1.78e+01,
17385,-8.00e-03,1.82e+01,
17386,-8.00e-03,1.82e+01,
17387,-8.00e-03,1.82e+01,
17388,-8.00e-03,1.82e+01,
17389,0.00e+00,1.82e+01,
17390,-8.00e-03,1.82e+01,
17391,-8.00e-03,1.90e+01,
17392,-8.00e-03,1.90e+01,
17393,0.00e+00,1.90e+01,
17394,-8.00e-03,1.90e+01,
17395,-8.00e-03,1.94e+01,
17396,-8.00e-03,1.94e+01,
17397,-8.00e-03,1.94e+01,
17398,-8.00e-03,1.94e+01,
17399,-8.00e-03,1.94e+01,
17400,-8.00e-03,1.94e+01,
17401,-8.00e-03,1.94e+01,
17402,-8.00e-03,1.94e+01,
17403,-8.00e-03,1.98e+01,
17404,-8.00e-03,1.98e+01,
17405,-8.00e-03,1.98e+01,
17406,-8.00e-03,1.98e+01,
17407,-8.00e-03,2.02e+01,
17408,-8.00e-03,1.98e+01,
17409,0.00e+00,2.02e+01,
17410,-8.00e-03,2.02e+01,
17411,-8.00e-03,2.02e+01,
17412,0.00e+00,2.02e+01,
17413,-8.00e-03,2.02e+01,
17414,-8.00e-03,2.02e+01,
17415,-8.00e-03,2.06e+01,
17416,-8.00e-03,2.06e+01,
17417,-8.00e-03,2.06e+01,
17418,-8.00e-03,2.06e+01,
17419,-8.00e-03,2.06e+01,
17420,-8.00e-03,2.06e+01,
17421,-8.00e-03,2.06e+01,
17422,-8.00e-03,2.06e+01,
17423,-8.00e-03,2.10e+01,
17424,-8.00e-03,2.10e+01,
17425,-8.00e-03,2.10e+01,
17426,-8.00e-03,2.10e+01,
17427,-8.00e-03,2.10e+01,
17428,-8.00e-03,2.14e+01,
17429,-8.00e-03,2.10e+01,
17430,-8.00e-03,2.14e+01,
17431,-8.00e-03,2.14e+01,
17432,-8.00e-03,2.14e+01,
17433,-8.00e-03,2.14e+01,
17434,-8.00e-03,2.14e+01,
17435,-8.00e-03,2.18e+01,
17436,-8.00e-03,2.18e+01,
17437,-8.00e-03,2.14e+01,
17438,-8.00e-03,2.18e+01,
17439,-8.00e-03,2.18e+01,
17440,-8.00e-03,2.18e+01,
17441,-8.00e-03,2.18e+01,
17442,-8.00e-03,2.18e+01,
17443,-8.00e-03,2.18e+01,
17444,-8.00e-03,2.18e+01,
17445,-8.00e-03,2.18e+01,
17446,-8.00e-03,2.18e+01,
17447,-8.00e-03,2.22e+01,
17448,-8.00e-03,2.22e+01,
17449,-8.00e-03,2.22e+01,
17450,-8.00e-03,2.22e+01,
17451,-8.00e-03,2.22e+01,
17452,-8.00e-03,2.22e+01,
17453,-8.00e-03,2.22e+01,
17454,-8.00e-03,2.22e+01,
17455,-8.00e-03,2.22e+01,
17456,-8.00e-03,2.22e+01,
17457,-8.00e-03,2.22e+01,
17458,-8.00e-03,2.22e+01,
17459,-8.00e-03,2.26e+01,
17460,-8.00e-03,2.22e+01,
17461,-8.00e-03,2.22e+01,
17462,-8.00e-03,2.22e+01,
17463,-8.00e-03,2.26e+01,
17464,-8.00e-03,2.22e+01,
17465,-8.00e-03,2.26e+01,
17466,-8.00e-03,2.26e+01,
17467,-8.00e-03,2.26e+01,
17468,-8.00e-03,2.26e+01,
17469,-8.00e-03,2.26e+01,
17470,-8.00e-03,2.26e+01,
17471,-8.00e-03,2.26e+01,
17472,-8.00e-03,2.26e+01,
17473,-8.00e-03,2.26e+01,
17474,-8.00e-03,2.26e+01,
17475,-8.00e-03,2.26e+01,
17476,-8.00e-03,2.26e+01,
17477,-8.00e-03,2.22e+01,
17478,-8.00e-03,2.26e+01,
17479,-8.00e-03,2.26e+01,
17480,-8.00e-03,2.26e+01,
17481,-8.00e-03,2.26e+01,
17482,-8.00e-03,2.26e+01,
17483,-8.00e-03,2.26e+01,
17484,-8.00e-03,2.22e+01,
17485,-8.00e-03,2.22e+01,
17486,-8.00e-03,2.26e+01,
17487,-8.00e-03,2.22e+01,
17488,-8.00e-03,2.22e+01,
17489,-8.00e-03,2.22e+01,
17490,-8.00e-03,2.22e+01,
17491,-8.00e-03,2.22e+01,
17492,-8.00e-03,2.22e+01,
17493,-8.00e-03,2.22e+01,
17494,-8.00e-03,2.22e+01,
17495,-8.00e-03,2.22e+01,
17496,-8.00e-03,2.22e+01,
17497,-8.00e-03,2.22e+01,
17498,-8.00e-03,2.22e+01,
17499,-8.00e-03,2.22e+01,
17500,-8.00e-03,2.22e+01,
17501,-8.00e-03,2.18e+01,
17502,-8.00e-03,2.18e+01,
17503,-8.00e-03,2.22e+01,
17504,-8.00e-03,2.18e+01,
17505,-8.00e-03,2.18e+01,
17506,-8.00e-03,2.18e+01,
17507,-8.00e-03,2.18e+01,
17508,-8.00e-03,2.18e+01,
17509,-8.00e-03,2.18e+01,
17510,-8.00e-03,2.18e+01,
17511,-8.00e-03,2.18e+01,
17512,-8.00e-03,2.14e+01,
17513,-8.00e-03,2.18e+01,
17514,-8.00e-03,2.14e+01,
17515,-8.00e-03,2.14e+01,
17516,-8.00e-03,2.14e+01,
17517,-8.00e-03,2.14e+01,
17518,-8.00e-03,2.14e+01,
17519,-8.00e-03,2.14e+01,
17520,-8.00e-03,2.10e+01,
17521,-8.00e-03,2.10e+01,
17522,-8.00e-03,2.10e+01,
17523,-8.00e-03,2.10e+01,
17524,-8.00e-03,2.10e+01,
17525,-8.00e-03,2.10e+01,
17526,-8.00e-03,2.10e+01,
17527,-8.00e-03,2.10e+01,
17528,-8.00e-03,2.06e+01,
17529,-8.00e-03,2.06e+01,
17530,-8.00e-03,2.06e+01,
17531,-8.00e-03,2.06e+01,
17532,-8.00e-03,2.06e+01,
17533,-8.00e-03,2.02e+01,
17534,-8.00e-03,2.02e+01,
17535,-8.00e-03,2.02e+01,
17536,-8.00e-03,2.02e+01,
17537,-8.00e-03,2.02e+01,
17538,-8.00e-03,2.02e+01,
17539,-8.00e-03,2.02e+01,
17540,-8.00e-03,2.02e+01,
17541,-8.00e-03,1.98e+01,
17542,-8.00e-03,1.98e+01,
17543,-8.00e-03,1.98e+01,
17544,-8.00e-03,1.98e+01,
17545,-8.00e-03,1.98e+01,
17546,-8.00e-03,1.98e+01,
17547,-8.00e-03,1.94e+01,
17548,-8.00e-03,1.94e+01,
17549,-8.00e-03,1.94e+01,
17550,-8.00e-03,1.94e+01,
17551,-8.00e-03,1.94e+01,
17552,-8.00e-03,1.90e+01,
17553,-8.00e-03,1.90e+01,
17554,-8.00e-03,1.90e+01,
17555,-8.00e-03,1.90e+01,
17556,-8.00e-03,1.90e+01,
17557,-8.00e-03,1.90e+01,
17558,-8.00e-03,1.90e+01,
17559,-8.00e-03,1.90e+01,
17560,-8.00e-03,1.82e+01,
17561,-8.00e-03,1.82e+01,
17562,-8.00e-03,1.82e+01,
17563,-8.00e-03,1.82e+01,
17564,-8.00e-03,1.78e+01,
17565,-8.00e-03,1.78e+01,
17566,-8.00e-03,1.78e+01,
17567,-8.00e-03,1.78e+01,
17568,-8.00e-03,1.78e+01,
17569,-8.00e-03,1.78e+01,
17570,-8.00e-03,1.78e+01,
17571,-8.00e-03,1.78e+01,
17572,-8.00e-03,1.74e+01,
17573,-8.00e-03,1.74e+01,
17574,-8.00e-03,1.74e+01,
17575,-8.00e-03,1.74e+01,
17576,-8.00e-03,1.74e+01,
17577,-8.00e-03,1.74e+01,
17578,-8.00e-03,1.70e+01,
17579,-8.00e-03,1.70e+01,
17580,-8.00e-03,1.70e+01,
17581,-8.00e-03,1.70e+01,
17582,-8.00e-03,1.70e+01,
17583,-8.00e-03,1.70e+01,
17584,-8.00e-03,1.66e+01,
17585,-8.00e-03,1.66e+01,
17586,-8.00e-03,1.70e+01,
17587,-8.00e-03,1.66e+01,
17588,-8.00e-03,1.66e+01,
17589,-8.00e-03,1.66e+01,
17590,-8.00e-03,1.66e+01,
17591,-8.00e-03,1.66e+01,
17592,-8.00e-03,1.62e+01,
17593,-8.00e-03,1.62e+01,
17594,-8.00e-03,1.62e+01,
17595,-8.00e-03,1.62e+01,
17596,-8.00e-03,1.62e+01,
17597,-8.00e-03,1.62e+01,
17598,-8.00e-03,1.62e+01,
17599,-8.00e-03,1.62e+01,
17600,-8.00e-03,1.58e+01,
17601,-8.00e-03,1.58e+01,
17602,-8.00e-03,1.58e+01,
17603,-8.00e-03,1.58e+01,
17604,-8.00e-03,1.58e+01,
17605,-8.00e-03,1.58e+01,
17606,-8.00e-03,1.58e+01,
17607,-8.00e-03,1.58e+01,
17608,-8.00e-03,1.54e+01,
17609,-8.00e-03,1.58e+01,
17610,-8.00e-03,1.54e+01,
17611,-8.00e-03,1.58e+01,
17612,-8.00e-03,1.54e+01,
17613,-8.00e-03,1.54e+01,
17614,-8.00e-03,1.54e+01,
17615,-8.00e-03,1.54e+01,
17616,-8.00e-03,1.54e+01,
17617,-8.00e-03,1.54e+01,
17618,-8.00e-03,1.54e+01,
17619,-8.00e-03,1.50e+01,
17620,-8.00e-03,1.50e+01,
17621,-8.00e-03,1.50e+01,
17622,-8.00e-03,1.50e+01,
17623,-8.00e-03,1.50e+01,
17624,-8.00e-03,1.50e+01,
17625,-8.00e-03,1.50e+01,
17626,-8.00e-03,1.50e+01,
17627,-8.00e-03,1.50e+01,
17628,-8.00e-03,1.50e+01,
17629,-8.00e-03,1.46e+01,
17630,-8.00e-03,1.50e+01,
17631,-8.00e-03,1.50e+01,
17632,-8.00e-03,1.50e+01,
17633,-8.00e-03,1.46e+01,
17634,-8.00e-03,1.46e+01,
17635,-8.00e-03,1.50e+01,
17636,-8.00e-03,1.46e+01,
17637,-8.00e-03,1.46e+01,
17638,-8.00e-03,1.46e+01,
17639,-8.00e-03,1.46e+01,
17640,-8.00e-03,1.46e+01,
17641,-8.00e-03,1.46e+01,
17642,-8.00e-03,1.46e+01,
17643,-8.00e-03,1.46e+01,
17644,-8.00e-03,1.46e+01,
17645,-8.00e-03,1.46e+01,
17646,-8.00e-03,1.46e+01,
17647,-8.00e-03,1.46e+01,
17648,-8.00e-03,1.46e+01,
17649,-8.00e-03,1.46e+01,
17650,-8.00e-03,1.46e+01,
17651,-8.00e-03,1.46e+01,
17652,-8.00e-03,1.46e+01,
17653,-8.00e-03,1.46e+01,
17654,-8.00e-03,1.46e+01,
17655,-8.00e-03,1.46e+01,
17656,-8.00e-03,1.46e+01,
17657,-8.00e-03,1.46e+01,
17658,-8.00e-03,1.46e+01,
17659,-8.00e-03,1.46e+01,
17660,-8.00e-03,1.46e+01,
17661,-8.00e-03,1.46e+01,
17662,-8.00e-03,1.46e+01,
17663,-8.00e-03,1.46e+01,
17664,-8.00e-03,1.46e+01,
17665,-8.00e-03,1.46e+01,
17666,-8.00e-03,1.46e+01,
17667,-8.00e-03,1.46e+01,
17668,-8.00e-03,1.46e+01,
17669,-8.00e-03,1.46e+01,
17670,-8.00e-03,1.46e+01,
17671,-8.00e-03,1.46e+01,
17672,-8.00e-03,1.46e+01,
17673,-8.00e-03,1.46e+01,
17674,-8.00e-03,1.46e+01,
17675,-8.00e-03,1.46e+01,
17676,-8.00e-03,1.46e+01,
17677,-8.00e-03,1.46e+01,
17678,-8.00e-03,1.46e+01,
17679,-8.00e-03,1.46e+01,
17680,-8.00e-03,1.46e+01,
17681,0.00e+00,1.46e+01,
17682,-8.00e-03,1.46e+01,
17683,-8.00e-03,1.50e+01,
17684,-8.00e-03,1.46e+01,
17685,-8.00e-03,1.46e+01,
17686,-8.00e-03,1.50e+01,
17687,-8.00e-03,1.50e+01,
17688,-8.00e-03,1.50e+01,
17689,-8.00e-03,1.50e+01,
17690,-8.00e-03,1.50e+01,
17691,-8.00e-03,1.50e+01,
17692,-8.00e-03,1.50e+01,
17693,-8.00e-03,1.50e+01,
17694,-8.00e-03,1.50e+01,
17695,-8.00e-03,1.50e+01,
17696,-8.00e-03,1.50e+01,
17697,-8.00e-03,1.50e+01,
17698,-8.00e-03,1.54e+01,
17699,-8.00e-03,1.54e+01,
17700,-8.00e-03,1.54e+01,
17701,-8.00e-03,1.50e+01,
17702,-8.00e-03,1.54e+01,
17703,-8.00e-03,1.54e+01,
17704,-8.00e-03,1.54e+01,
17705,0.00e+00,1.54e+01,
17706,-8.00e-03,1.54e+01,
17707,-8.00e-03,1.54e+01,
17708,-8.00e-03,1.54e+01,
17709,0.00e+00,1.54e+01,
17710,-8.00e-03,1.54e+01,
17711,-8.00e-03,1.58e+01,
17712,-8.00e-03,1.54e+01,
17713,0.00e+00,1.58e+01,
17714,-8.00e-03,1.58e+01,
17715,-8.00e-03,1.58e+01,
17716,-8.00e-03,1.58e+01,
17717,0.00e+00,1.58e+01,
17718,-8.00e-03,1.58e+01,
17719,-8.00e-03,1.62e+01,
17720,-8.00e-03,1.58e+01,
17721,0.00e+00,1.62e+01,
17722,-8.00e-03,1.62e+01,
17723,-8.00e-03,1.62e+01,
17724,-8.00e-03,1.62e+01,
17725,0.00e+00,1.62e+01,
17726,-8.00e-03,1.62e+01,
17727,-8.00e-03,1.62e+01,
17728,-8.00e-03,1.62e+01,
17729,-8.00e-03,1.66e+01,
17730,-8.00e-03,1.62e+01,
17731,-8.00e-03,1.66e+01,
17732,-8.00e-03,1.66e+01,
17733,-8.00e-03,1.66e+01,
17734,-8.00e-03,1.70e+01,
17735,-8.00e-03,1.66e+01,
17736,-8.00e-03,1.70e+01,
17737,0.00e+00,1.70e+01,
17738,-8.00e-03,1.70e+01,
17739,-8.00e-03,1.70e+01,
17740,-8.00e-03,1.70e+01,
17741,-8.00e-03,1.70e+01,
17742,-8.00e-03,1.74e+01,
17743,-8.00e-03,1.74e+01,
17744,-8.00e-03,1.74e+01,
17745,-8.00e-03,1.74e+01,
17746,-8.00e-03,1.74e+01,
17747,-8.00e-03,1.74e+01,
17748,-8.00e-03,1.74e+01,
17749,-8.00e-03,1.74e+01,
17750,-8.00e-03,1.78e+01,
17751,-8.00e-03,1.78e+01,
17752,-8.00e-03,1.78e+01,
17753,0.00e+00,1.78e+01,
17754,-8.00e-03,1.78e+01,
17755,-8.00e-03,1.78e+01,
17756,-8.00e-03,1.82e+01,
17757,-8.00e-03,1.78e+01,
17758,-8.00e-03,1.82e+01,
17759,-8.00e-03,1.82e+01,
17760,-8.00e-03,1.82e+01,
17761,-8.00e-03,1.82e+01,
17762,-8.00e-03,1.82e+01,
17763,-8.00e-03,1.90e+01,
17764,-8.00e-03,1.90e+01,
17765,0.00e+00,1.90e+01,
17766,0.00e+00,1.90e+01,
17767,0.00e+00,1.94e+01,
17768,8.00e-03,1.90e+01,
17769,1.60e-02,1.94e+01,
17770,2.40e-02,1.94e+01,
17771,2.40e-02,1.94e+01,
17772,3.20e-02,1.94e+01,
17773,3.20e-02,1.94e+01,
17774,2.40e-02,1.94e+01,
17775,2.40e-02,1.98e+01,
17776,2.40e-02,1.98e+01,
17777,2.40e-02,1.98e+01,
17778,2.40e-02,1.98e+01,
17779,2.40e-02,1.98e+01,
17780,2.40e-02,1.98e+01,
17781,2.40e-02,2.02e+01,
17782,2.40e-02,2.02e+01,
17783,2.40e-02,2.02e+01,
17784,2.40e-02,2.02e+01,
17785,3.20e-02,2.02e+01,
17786,3.20e-02,2.06e+01,
17787,3.20e-02,2.06e+01,
17788,3.20e-02,2.06e+01,
17789,3.20e-02,2.06e+01,
17790,3.20e-02,2.10e+01,
17791,2.40e-02,2.10e+01,
17792,2.40e-02,2.10e+01,
17793,2.40e-02,2.10e+01,
17794,2.40e-02,2.06e+01,
17795,4.00e-02,1.94e+01,
17796,5.60e-02,1.62e+01,
17797,7.20e-02,1.30e+01,
17798,6.40e-02,1.02e+01,
17799,5.60e-02,8.20e+00,
17800,4.00e-02,6.20e+00,
17801,8.00e-03,5.00e+00,
17802,-2.40e-02,4.20e+00,
17803,-4.80e-02,4.20e+00,
17804,-4.00e-02,3.80e+00,
17805,-2.40e-02,3.80e+00,
17806,8.00e-03,3.80e+00,
17807,3.20e-02,3.80e+00,
17808,5.60e-02,3.40e+00,
17809,6.40e-02,2.20e+00,
17810,4.80e-02,2.20e+00,
17811,2.40e-02,1.80e+00,
17812,0.00e+00,1.00e+00,
17813,-1.60e-02,1.00e+00,
17814,-2.40e-02,1.00e+00,
17815,-8.00e-03,1.00e+00,
17816,1.60e-02,6.00e-01,
17817,3.20e-02,6.00e-01,
17818,4.80e-02,6.00e-01,
17819,4.80e-02,2.00e-01,
17820,4.00e-02,-2.00e-01,
17821,2.40e-02,-6.00e-01,
17822,0.00e+00,-6.00e-01,
17823,-1.60e-02,-6.00e-01,
17824,-1.60e-02,-6.00e-01,
17825,-8.00e-03,-2.00e-01,
17826,1.60e-02,2.00e-01,
17827,2.40e-02,2.00e-01,
17828,4.00e-02,-2.00e-01,
17829,4.80e-02,-2.00e-01,
17830,3.20e-02,-2.00e-01,
17831,1.60e-02,-2.00e-01,
17832,0.00e+00,-6.00e-01,
17833,-8.00e-03,-6.00e-01,
17834,-8.00e-03,-2.00e-01,
17835,0.00e+00,-2.00e-01,
17836,1.60e-02,-2.00e-01,
17837,3.20e-02,-2.00e-01,
17838,3.20e-02,2.00e-01,
17839,3.20e-02,-2.00e-01,
17840,2.40e-02,-2.00e-01,
17841,1.60e-02,-6.00e-01,
17842,0.00e+00,-6.00e-01,
17843,-8.00e-03,-2.00e-01,
17844,-8.00e-03,-2.00e-01,
17845,8.00e-03,-2.00e-01,
17846,1.60e-02,-2.00e-01,
17847,2.40e-02,-2.00e-01,
17848,3.20e-02,-2.00e-01,
17849,3.20e-02,-2.00e-01,
17850,2.40e-02,-2.00e-01,
17851,8.00e-03,-2.00e-01,
17852,0.00e+00,-6.00e-01,
17853,0.00e+00,-2.00e-01,
17854,0.00e+00,-2.00e-01,
17855,8.00e-03,-2.00e-01,
17856,1.60e-02,-2.00e-01,
17857,2.40e-02,-2.00e-01,
17858,2.40e-02,-2.00e-01,
17859,2.40e-02,-2.00e-01,
17860,1.60e-02,-2.00e-01,
17861,8.00e-03,-6.00e-01,
17862,8.00e-03,-2.00e-01,
17863,0.00e+00,-2.00e-01,
17864,8.00e-03,-2.00e-01,
17865,1.60e-02,-2.00e-01,
17866,1.60e-02,-2.00e-01,
17867,2.40e-02,-2.00e-01,
17868,2.40e-02,-2.00e-01,
17869,2.40e-02,-2.00e-01,
17870,1.60e-02,-2.00e-01,
17871,8.00e-03,-2.00e-01,
17872,8.00e-03,-6.00e-01,
17873,8.00e-03,-2.00e-01,
17874,8.00e-03,-2.00e-01,
17875,1.60e-02,-2.00e-01,
17876,1.60e-02,-2.00e-01,
17877,2.40e-02,-2.00e-01,
17878,2.40e-02,-2.00e-01,
17879,1.60e-02,-2.00e-01,
17880,1.60e-02,-2.00e-01,
17881,1.60e-02,-2.00e-01,
17882,8.00e-03,-2.00e-01,
17883,8.00e-03,-2.00e-01,
17884,8.00e-03,-2.00e-01,
17885,1.60e-02,-2.00e-01,
17886,1.60e-02,-2.00e-01,
17887,2.40e-02,-2.00e-01,
17888,2.40e-02,-2.00e-01,
17889,2.40e-02,-2.00e-01,
17890,1.60e-02,-2.00e-01,
17891,8.00e-03,-2.00e-01,
17892,8.00e-03,-6.00e-01,
17893,1.60e-02,-2.00e-01,
17894,1.60e-02,-2.00e-01,
17895,1.60e-02,-2.00e-01,
17896,1.60e-02,-2.00e-01,
17897,2.40e-02,-2.00e-01,
17898,2.40e-02,-2.00e-01,
17899,1.60e-02,-2.00e-01,
17900,1.60e-02,-2.00e-01,
17901,1.60e-02,-2.00e-01,
17902,1.60e-02,-2.00e-01,
17903,8.00e-03,-2.00e-01,
17904,1.60e-02,-2.00e-01,
17905,1.60e-02,-2.00e-01,
17906,2.40e-02,-2.00e-01,
17907,2.40e-02,-2.00e-01,
17908,1.60e-02,-2.00e-01,
17909,2.40e-02,-2.00e-01,
17910,1.60e-02,-2.00e-01,
17911,1.60e-02,-2.00e-01,
17912,1.60e-02,-2.00e-01,
17913,1.60e-02,-2.00e-01,
17914,1.60e-02,-2.00e-01,
17915,1.60e-02,-2.00e-01,
17916,2.40e-02,-2.00e-01,
17917,2.40e-02,-2.00e-01,
17918,2.40e-02,-2.00e-01,
17919,1.60e-02,-2.00e-01,
17920,1.60e-02,-2.00e-01,
17921,1.60e-02,-2.00e-01,
17922,1.60e-02,-2.00e-01,
17923,1.60e-02,-2.00e-01,
17924,1.60e-02,-2.00e-01,
17925,2.40e-02,-2.00e-01,
17926,2.40e-02,-2.00e-01,
17927,2.40e-02,-2.00e-01,
17928,2.40e-02,-2.00e-01,
17929,2.40e-02,2.00e-01,
17930,1.60e-02,-6.00e-01,
17931,1.60e-02,-2.00e-01,
17932,1.60e-02,-2.00e-01,
17933,1.60e-02,-2.00e-01,
17934,1.60e-02,-2.00e-01,
17935,1.60e-02,-2.00e-01,
17936,2.40e-02,-2.00e-01,
17937,2.40e-02,-2.00e-01,
17938,2.40e-02,-2.00e-01,
17939,1.60e-02,-2.00e-01,
17940,1.60e-02,-2.00e-01,
17941,2.40e-02,-2.00e-01,
17942,1.60e-02,-2.00e-01,
17943,1.60e-02,-2.00e-01,
17944,2.40e-02,-2.00e-01,
17945,2.40e-02,-2.00e-01,
17946,2.40e-02,-2.00e-01,
17947,2.40e-02,-2.00e-01,
17948,2.40e-02,-2.00e-01,
17949,2.40e-02,-2.00e-01,
17950,2.40e-02,-2.00e-01,
17951,1.60e-02,2.00e-01,
17952,2.40e-02,-2.00e-01,
17953,2.40e-02,-2.00e-01,
17954,2.40e-02,-2.00e-01,
17955,2.40e-02,-2.00e-01,
17956,2.40e-02,-2.00e-01,
17957,2.40e-02,-2.00e-01,
17958,2.40e-02,-2.00e-01,
17959,2.40e-02,-2.00e-01,
17960,2.40e-02,-2.00e-01,
17961,2.40e-02,-2.00e-01,
17962,2.40e-02,-2.00e-01,
17963,2.40e-02,-2.00e-01,
17964,2.40e-02,-2.00e-01,
17965,2.40e-02,-2.00e-01,
17966,2.40e-02,-2.00e-01,
17967,2.40e-02,-2.00e-01,
17968,2.40e-02,-2.00e-01,
17969,2.40e-02,-2.00e-01,
17970,2.40e-02,-2.00e-01,
17971,2.40e-02,-2.00e-01,
17972,2.40e-02,-2.00e-01,
17973,2.40e-02,-2.00e-01,
17974,2.40e-02,-2.00e-01,
17975,2.40e-02,-2.00e-01,
17976,2.40e-02,-2.00e-01,
17977,2.40e-02,-2.00e-01,
17978,2.40e-02,-2.00e-01,
17979,2.40e-02,-2.00e-01,
17980,2.40e-02,-2.00e-01,
17981,2.40e-02,-2.00e-01,
17982,2.40e-02,-2.00e-01,
17983,2.40e-02,-2.00e-01,
17984,2.40e-02,-2.00e-01,
17985,2.40e-02,-2.00e-01,
17986,2.40e-02,-2.00e-01,
17987,2.40e-02,-2.00e-01,
17988,2.40e-02,-2.00e-01,
17989,2.40e-02,-2.00e-01,
17990,2.40e-02,-2.00e-01,
17991,2.40e-02,-2.00e-01,
17992,2.40e-02,-2.00e-01,
17993,2.40e-02,-2.00e-01,
17994,2.40e-02,-2.00e-01,
17995,2.40e-02,-2.00e-01,
17996,2.40e-02,-2.00e-01,
17997,2.40e-02,-2.00e-01,
17998,2.40e-02,-2.00e-01,
17999,2.40e-02,-2.00e-01,
18000,2.40e-02,-2.00e-01,
18001,2.40e-02,-2.00e-01,
18002,2.40e-02,-2.00e-01,
18003,2.40e-02,-2.00e-01,
18004,3.20e-02,-2.00e-01,
18005,3.20e-02,-2.00e-01,
18006,3.20e-02,-2.00e-01,
18007,2.40e-02,-2.00e-01,
18008,2.40e-02,-2.00e-01,
18009,3.20e-02,-2.00e-01,
18010,2.40e-02,-2.00e-01,
18011,2.40e-02,-2.00e-01,
18012,2.40e-02,-2.00e-01,
18013,3.20e-02,-2.00e-01,
18014,3.20e-02,-2.00e-01,
18015,2.40e-02,-2.00e-01,
18016,2.40e-02,-2.00e-01,
18017,3.20e-02,-2.00e-01,
18018,2.40e-02,-2.00e-01,
18019,2.40e-02,-2.00e-01,
18020,3.20e-02,-2.00e-01,
18021,3.20e-02,-2.00e-01,
18022,3.20e-02,-2.00e-01,
18023,2.40e-02,-2.00e-01,
18024,3.20e-02,-2.00e-01,
18025,3.20e-02,-2.00e-01,
18026,3.20e-02,-2.00e-01,
18027,2.40e-02,-2.00e-01,
18028,3.20e-02,-2.00e-01,
18029,3.20e-02,-2.00e-01,
18030,3.20e-02,-2.00e-01,
18031,3.20e-02,-2.00e-01,
18032,3.20e-02,-2.00e-01,
18033,3.20e-02,-2.00e-01,
18034,3.20e-02,-2.00e-01,
18035,3.20e-02,-2.00e-01,
18036,3.20e-02,-2.00e-01,
18037,3.20e-02,-2.00e-01,
18038,3.20e-02,-2.00e-01,
18039,3.20e-02,-2.00e-01,
18040,3.20e-02,-2.00e-01,
18041,3.20e-02,-2.00e-01,
18042,3.20e-02,-2.00e-01,
18043,3.20e-02,-2.00e-01,
18044,3.20e-02,-2.00e-01,
18045,3.20e-02,-2.00e-01,
18046,3.20e-02,-2.00e-01,
18047,3.20e-02,-2.00e-01,
18048,3.20e-02,-2.00e-01,
18049,3.20e-02,-2.00e-01,
18050,3.20e-02,-2.00e-01,
18051,3.20e-02,-2.00e-01,
18052,3.20e-02,-2.00e-01,
18053,3.20e-02,-2.00e-01,
18054,3.20e-02,-2.00e-01,
18055,3.20e-02,-2.00e-01,
18056,3.20e-02,-2.00e-01,
18057,3.20e-02,-2.00e-01,
18058,3.20e-02,-2.00e-01,
18059,3.20e-02,-2.00e-01,
18060,3.20e-02,-2.00e-01,
18061,3.20e-02,-2.00e-01,
18062,3.20e-02,-2.00e-01,
18063,3.20e-02,-2.00e-01,
18064,3.20e-02,-2.00e-01,
18065,3.20e-02,-2.00e-01,
18066,3.20e-02,-2.00e-01,
18067,3.20e-02,-2.00e-01,
18068,3.20e-02,-2.00e-01,
18069,4.00e-02,-2.00e-01,
18070,3.20e-02,-2.00e-01,
18071,3.20e-02,-2.00e-01,
18072,3.20e-02,-2.00e-01,
18073,4.00e-02,-2.00e-01,
18074,3.20e-02,-2.00e-01,
18075,3.20e-02,-2.00e-01,
18076,4.00e-02,-2.00e-01,
18077,4.00e-02,-2.00e-01,
18078,4.00e-02,-2.00e-01,
18079,3.20e-02,-2.00e-01,
18080,3.20e-02,-2.00e-01,
18081,4.00e-02,-2.00e-01,
18082,3.20e-02,-2.00e-01,
18083,3.20e-02,2.00e-01,
18084,4.00e-02,-2.00e-01,
18085,4.00e-02,-2.00e-01,
18086,3.20e-02,-2.00e-01,
18087,4.00e-02,-2.00e-01,
18088,4.00e-02,-2.00e-01,
18089,4.00e-02,-2.00e-01,
18090,4.00e-02,-2.00e-01,
18091,4.00e-02,-2.00e-01,
18092,4.00e-02,-2.00e-01,
18093,4.00e-02,-2.00e-01,
18094,4.00e-02,-2.00e-01,
18095,4.00e-02,-2.00e-01,
18096,4.00e-02,-2.00e-01,
18097,4.00e-02,-2.00e-01,
18098,4.00e-02,-2.00e-01,
18099,4.00e-02,-2.00e-01,
18100,4.00e-02,-2.00e-01,
18101,4.00e-02,-2.00e-01,
18102,4.00e-02,-2.00e-01,
18103,4.00e-02,2.00e-01,
18104,4.00e-02,-2.00e-01,
18105,4.00e-02,-2.00e-01,
18106,4.00e-02,-2.00e-01,
18107,4.00e-02,-2.00e-01,
18108,4.00e-02,-2.00e-01,
18109,4.00e-02,-2.00e-01,
18110,4.00e-02,-2.00e-01,
18111,4.00e-02,2.00e-01,
18112,4.00e-02,-2.00e-01,
18113,4.00e-02,-2.00e-01,
18114,4.00e-02,-2.00e-01,
18115,4.00e-02,-2.00e-01,
18116,4.00e-02,-2.00e-01,
18117,4.00e-02,-2.00e-01,
18118,4.00e-02,-2.00e-01,
18119,4.00e-02,-2.00e-01,
18120,4.00e-02,-2.00e-01,
18121,4.00e-02,-2.00e-01,
18122,4.00e-02,-2.00e-01,
18123,4.00e-02,-2.00e-01,
18124,4.00e-02,-2.00e-01,
18125,4.00e-02,-2.00e-01,
18126,4.00e-02,-2.00e-01,
18127,4.00e-02,-2.00e-01,
18128,4.00e-02,-2.00e-01,
18129,4.00e-02,2.00e-01,
18130,4.00e-02,-6.00e-01,
18131,4.00e-02,2.00e-01,
18132,4.00e-02,-2.00e-01,
18133,4.80e-02,-2.00e-01,
18134,4.00e-02,-2.00e-01,
18135,4.00e-02,-2.00e-01,
18136,4.00e-02,-2.00e-01,
18137,4.00e-02,-2.00e-01,
18138,4.00e-02,-2.00e-01,
18139,4.00e-02,-2.00e-01,
18140,4.00e-02,-2.00e-01,
18141,4.80e-02,-2.00e-01,
18142,4.00e-02,-2.00e-01,
18143,4.80e-02,-2.00e-01,
18144,4.00e-02,-2.00e-01,
18145,4.80e-02,-2.00e-01,
18146,4.00e-02,-2.00e-01,
18147,4.80e-02,-2.00e-01,
18148,4.80e-02,-2.00e-01,
18149,4.80e-02,-2.00e-01,
18150,4.80e-02,-2.00e-01,
18151,4.80e-02,2.00e-01,
18152,4.80e-02,-2.00e-01,
18153,4.80e-02,-2.00e-01,
18154,4.80e-02,-2.00e-01,
18155,4.80e-02,-2.00e-01,
18156,4.80e-02,-2.00e-01,
18157,4.80e-02,-2.00e-01,
18158,4.80e-02,-2.00e-01,
18159,4.80e-02,2.00e-01,
18160,4.80e-02,-2.00e-01,
18161,4.80e-02,-2.00e-01,
18162,4.80e-02,-2.00e-01,
18163,4.80e-02,-2.00e-01,
18164,4.80e-02,-2.00e-01,
18165,4.80e-02,-2.00e-01,
18166,4.80e-02,-2.00e-01,
18167,4.80e-02,-2.00e-01,
18168,4.80e-02,-2.00e-01,
18169,4.80e-02,-2.00e-01,
18170,4.80e-02,-2.00e-01,
18171,4.80e-02,-2.00e-01,
18172,4.80e-02,-2.00e-01,
18173,4.80e-02,-2.00e-01,
18174,4.80e-02,-2.00e-01,
18175,4.80e-02,-2.00e-01,
18176,4.80e-02,-2.00e-01,
18177,4.80e-02,-2.00e-01,
18178,4.80e-02,-2.00e-01,
18179,4.80e-02,-2.00e-01,
18180,4.80e-02,-2.00e-01,
18181,4.80e-02,-2.00e-01,
18182,4.80e-02,-2.00e-01,
18183,4.80e-02,-2.00e-01,
18184,4.80e-02,-2.00e-01,
18185,4.80e-02,-2.00e-01,
18186,4.80e-02,-2.00e-01,
18187,4.80e-02,2.00e-01,
18188,4.80e-02,-2.00e-01,
18189,4.80e-02,-2.00e-01,
18190,4.80e-02,-2.00e-01,
18191,4.80e-02,-2.00e-01,
18192,4.80e-02,-2.00e-01,
18193,4.80e-02,-2.00e-01,
18194,4.80e-02,-2.00e-01,
18195,4.80e-02,-2.00e-01,
18196,4.80e-02,-2.00e-01,
18197,4.80e-02,-2.00e-01,
18198,4.80e-02,-2.00e-01,
18199,4.80e-02,-2.00e-01,
18200,4.80e-02,-2.00e-01,
18201,5.60e-02,-2.00e-01,
18202,4.80e-02,-2.00e-01,
18203,4.80e-02,2.00e-01,
18204,4.80e-02,-2.00e-01,
18205,5.60e-02,-2.00e-01,
18206,4.80e-02,-2.00e-01,
18207,4.80e-02,-2.00e-01,
18208,4.80e-02,-2.00e-01,
18209,5.60e-02,-2.00e-01,
18210,4.80e-02,-2.00e-01,
18211,4.80e-02,-2.00e-01,
18212,4.80e-02,-2.00e-01,
18213,5.60e-02,-2.00e-01,
18214,4.80e-02,-2.00e-01,
18215,4.80e-02,-2.00e-01,
18216,5.60e-02,-2.00e-01,
18217,5.60e-02,-2.00e-01,
18218,5.60e-02,-2.00e-01,
18219,5.60e-02,-2.00e-01,
18220,5.60e-02,-2.00e-01,
18221,5.60e-02,-2.00e-01,
18222,5.60e-02,-2.00e-01,
18223,5.60e-02,-2.00e-01,
18224,5.60e-02,-2.00e-01,
18225,5.60e-02,-2.00e-01,
18226,5.60e-02,-2.00e-01,
18227,5.60e-02,-2.00e-01,
18228,5.60e-02,-2.00e-01,
18229,5.60e-02,-2.00e-01,
18230,5.60e-02,-2.00e-01,
18231,5.60e-02,2.00e-01,
18232,5.60e-02,-2.00e-01,
18233,5.60e-02,-2.00e-01,
18234,5.60e-02,-2.00e-01,
18235,5.60e-02,2.00e-01,
18236,5.60e-02,-2.00e-01,
18237,5.60e-02,-2.00e-01,
18238,5.60e-02,-2.00e-01,
18239,5.60e-02,2.00e-01,
18240,5.60e-02,-2.00e-01,
18241,5.60e-02,-2.00e-01,
18242,5.60e-02,-2.00e-01,
18243,5.60e-02,2.00e-01,
18244,5.60e-02,-2.00e-01,
18245,5.60e-02,-2.00e-01,
18246,5.60e-02,-2.00e-01,
18247,5.60e-02,-2.00e-01,
18248,5.60e-02,-2.00e-01,
18249,5.60e-02,-2.00e-01,
18250,5.60e-02,-2.00e-01,
18251,5.60e-02,2.00e-01,
18252,5.60e-02,-2.00e-01,
18253,5.60e-02,-2.00e-01,
18254,5.60e-02,2.00e-01,
18255,5.60e-02,-2.00e-01,
18256,5.60e-02,-2.00e-01,
18257,5.60e-02,-2.00e-01,
18258,5.60e-02,2.00e-01,
18259,5.60e-02,-2.00e-01,
18260,5.60e-02,-2.00e-01,
18261,5.60e-02,-2.00e-01,
18262,5.60e-02,-2.00e-01,
18263,5.60e-02,2.00e-01,
18264,5.60e-02,-2.00e-01,
18265,5.60e-02,-2.00e-01,
18266,5.60e-02,-2.00e-01,
18267,5.60e-02,-2.00e-01,
18268,5.60e-02,-2.00e-01,
18269,6.40e-02,-2.00e-01,
18270,5.60e-02,-2.00e-01,
18271,5.60e-02,2.00e-01,
18272,5.60e-02,-2.00e-01,
18273,6.40e-02,-2.00e-01,
18274,5.60e-02,-2.00e-01,
18275,5.60e-02,-2.00e-01,
18276,5.60e-02,-2.00e-01,
18277,6.40e-02,-2.00e-01,
18278,5.60e-02,2.00e-01,
18279,6.40e-02,2.00e-01,
18280,5.60e-02,-2.00e-01,
18281,6.40e-02,-2.00e-01,
18282,6.40e-02,-2.00e-01,
18283,5.60e-02,2.00e-01,
18284,6.40e-02,-2.00e-01,
18285,6.40e-02,-2.00e-01,
18286,6.40e-02,-2.00e-01,
18287,6.40e-02,2.00e-01,
18288,6.40e-02,-2.00e-01,
18289,6.40e-02,-2.00e-01,
18290,6.40e-02,2.00e-01,
18291,6.40e-02,-2.00e-01,
18292,6.40e-02,-2.00e-01,
18293,6.40e-02,-2.00e-01,
18294,6.40e-02,-2.00e-01,
18295,6.40e-02,2.00e-01,
18296,6.40e-02,-2.00e-01,
18297,6.40e-02,-2.00e-01,
18298,6.40e-02,-2.00e-01,
18299,6.40e-02,2.00e-01,
18300,6.40e-02,-2.00e-01,
18301,6.40e-02,-2.00e-01,
18302,6.40e-02,-2.00e-01,
18303,6.40e-02,2.00e-01,
18304,6.40e-02,-2.00e-01,
18305,6.40e-02,-2.00e-01,
18306,6.40e-02,-2.00e-01,
18307,6.40e-02,-2.00e-01,
18308,6.40e-02,2.00e-01,
18309,6.40e-02,-2.00e-01,
18310,6.40e-02,-2.00e-01,
18311,6.40e-02,2.00e-01,
18312,6.40e-02,-2.00e-01,
18313,6.40e-02,-2.00e-01,
18314,6.40e-02,-2.00e-01,
18315,6.40e-02,2.00e-01,
18316,6.40e-02,-2.00e-01,
18317,6.40e-02,-2.00e-01,
18318,6.40e-02,-2.00e-01,
18319,6.40e-02,-2.00e-01,
18320,6.40e-02,-2.00e-01,
18321,6.40e-02,2.00e-01,
18322,6.40e-02,-2.00e-01,
18323,6.40e-02,2.00e-01,
18324,6.40e-02,-2.00e-01,
18325,7.20e-02,-2.00e-01,
18326,6.40e-02,2.00e-01,
18327,6.40e-02,-2.00e-01,
18328,6.40e-02,-2.00e-01,
18329,7.20e-02,2.00e-01,
18330,6.40e-02,-2.00e-01,
18331,6.40e-02,2.00e-01,
18332,6.40e-02,2.00e-01,
18333,7.20e-02,-2.00e-01,
18334,6.40e-02,2.00e-01,
18335,6.40e-02,-2.00e-01,
18336,6.40e-02,-2.00e-01,
18337,7.20e-02,-2.00e-01,
18338,6.40e-02,-2.00e-01,
18339,6.40e-02,2.00e-01,
18340,6.40e-02,-2.00e-01,
18341,7.20e-02,-2.00e-01,
18342,7.20e-02,-2.00e-01,
18343,6.40e-02,-2.00e-01,
18344,6.40e-02,-2.00e-01,
18345,7.20e-02,-2.00e-01,
18346,7.20e-02,-2.00e-01,
18347,6.40e-02,-2.00e-01,
18348,7.20e-02,-2.00e-01,
18349,7.20e-02,-2.00e-01,
18350,7.20e-02,-2.00e-01,
18351,7.20e-02,2.00e-01,
18352,7.20e-02,-2.00e-01,
18353,7.20e-02,-2.00e-01,
18354,7.20e-02,-2.00e-01,
18355,7.20e-02,-2.00e-01,
18356,7.20e-02,-2.00e-01,
18357,7.20e-02,-2.00e-01,
18358,7.20e-02,2.00e-01,
18359,7.20e-02,-2.00e-01,
18360,7.20e-02,-2.00e-01,
18361,7.20e-02,2.00e-01,
18362,7.20e-02,-2.00e-01,
18363,7.20e-02,-2.00e-01,
18364,7.20e-02,-2.00e-01,
18365,7.20e-02,-2.00e-01,
18366,7.20e-02,2.00e-01,
18367,7.20e-02,2.00e-01,
18368,7.20e-02,-2.00e-01,
18369,7.20e-02,-2.00e-01,
18370,7.20e-02,-2.00e-01,
18371,7.20e-02,-2.00e-01,
18372,7.20e-02,-2.00e-01,
18373,7.20e-02,-2.00e-01,
18374,7.20e-02,-2.00e-01,
18375,7.20e-02,2.00e-01,
18376,7.20e-02,-2.00e-01,
18377,7.20e-02,-2.00e-01,
18378,7.20e-02,2.00e-01,
18379,7.20e-02,2.00e-01,
18380,7.20e-02,-2.00e-01,
18381,7.20e-02,-2.00e-01,
18382,7.20e-02,-2.00e-01,
18383,7.20e-02,2.00e-01,
18384,7.20e-02,-2.00e-01,
18385,7.20e-02,-2.00e-01,
18386,7.20e-02,-2.00e-01,
18387,7.20e-02,-2.00e-01,
18388,7.20e-02,2.00e-01,
18389,8.00e-02,-2.00e-01,
18390,7.20e-02,-2.00e-01,
18391,7.20e-02,2.00e-01,
18392,7.20e-02,-2.00e-01,
18393,8.00e-02,-2.00e-01,
18394,7.20e-02,2.00e-01,
18395,7.20e-02,2.00e-01,
18396,7.20e-02,-2.00e-01,
18397,8.00e-02,-2.00e-01,
18398,7.20e-02,-2.00e-01,
18399,7.20e-02,2.00e-01,
18400,7.20e-02,-2.00e-01,
18401,8.00e-02,2.00e-01,
18402,7.20e-02,2.00e-01,
18403,7.20e-02,2.00e-01,
18404,7.20e-02,-2.00e-01,
18405,8.00e-02,-2.00e-01,
18406,8.00e-02,-2.00e-01,
18407,7.20e-02,2.00e-01,
18408,7.20e-02,-2.00e-01,
18409,8.00e-02,-2.00e-01,
18410,7.20e-02,2.00e-01,
18411,7.20e-02,2.00e-01,
18412,8.00e-02,-2.00e-01,
18413,8.00e-02,-2.00e-01,
18414,8.00e-02,-2.00e-01,
18415,8.00e-02,2.00e-01,
18416,8.00e-02,-2.00e-01,
18417,8.00e-02,-2.00e-01,
18418,8.00e-02,2.00e-01,
18419,8.00e-02,2.00e-01,
18420,8.00e-02,-2.00e-01,
18421,8.00e-02,-2.00e-01,
18422,8.00e-02,-2.00e-01,
18423,8.00e-02,2.00e-01,
18424,8.00e-02,-2.00e-01,
18425,8.00e-02,-2.00e-01,
18426,8.00e-02,-2.00e-01,
18427,8.00e-02,2.00e-01,
18428,8.00e-02,2.00e-01,
18429,8.00e-02,-2.00e-01,
18430,8.00e-02,-2.00e-01,
18431,8.00e-02,2.00e-01,
18432,8.00e-02,-2.00e-01,
18433,8.00e-02,-2.00e-01,
18434,8.00e-02,-2.00e-01,
18435,8.00e-02,-2.00e-01,
18436,8.00e-02,2.00e-01,
18437,8.00e-02,-2.00e-01,
18438,8.00e-02,2.00e-01,
18439,8.00e-02,2.00e-01,
18440,8.00e-02,-2.00e-01,
18441,8.00e-02,2.00e-01,
18442,8.00e-02,-2.00e-01,
18443,8.00e-02,2.00e-01,
18444,8.00e-02,-2.00e-01,
18445,8.00e-02,-2.00e-01,
18446,8.00e-02,-2.00e-01,
18447,8.00e-02,2.00e-01,
18448,8.00e-02,-2.00e-01,
18449,8.80e-02,-2.00e-01,
18450,8.00e-02,-2.00e-01,
18451,8.00e-02,2.00e-01,
18452,8.00e-02,-2.00e-01,
18453,8.00e-02,-2.00e-01,
18454,8.00e-02,-2.00e-01,
18455,8.00e-02,2.00e-01,
18456,8.00e-02,-2.00e-01,
18457,8.80e-02,-2.00e-01,
18458,8.00e-02,2.00e-01,
18459,8.00e-02,2.00e-01,
18460,8.00e-02,-2.00e-01,
18461,8.80e-02,-2.00e-01,
18462,8.00e-02,-2.00e-01,
18463,8.00e-02,2.00e-01,
18464,8.00e-02,-2.00e-01,
18465,8.80e-02,-2.00e-01,
18466,8.00e-02,2.00e-01,
18467,8.00e-02,2.00e-01,
18468,8.00e-02,-2.00e-01,
18469,8.80e-02,-2.00e-01,
18470,8.00e-02,-2.00e-01,
18471,8.00e-02,2.00e-01,
18472,8.00e-02,-2.00e-01,
18473,8.80e-02,2.00e-01,
18474,8.80e-02,-2.00e-01,
18475,8.00e-02,2.00e-01,
18476,8.80e-02,-2.00e-01,
18477,8.80e-02,-2.00e-01,
18478,8.80e-02,2.00e-01,
18479,8.80e-02,2.00e-01,
18480,8.80e-02,-2.00e-01,
18481,8.80e-02,-2.00e-01,
18482,8.80e-02,-2.00e-01,
18483,8.80e-02,2.00e-01,
18484,8.80e-02,-2.00e-01,
18485,8.80e-02,-2.00e-01,
18486,8.80e-02,-2.00e-01,
18487,8.80e-02,2.00e-01,
18488,8.80e-02,2.00e-01,
18489,8.80e-02,-2.00e-01,
18490,8.80e-02,2.00e-01,
18491,8.80e-02,2.00e-01,
18492,8.80e-02,-2.00e-01,
18493,8.80e-02,-2.00e-01,
18494,8.80e-02,-2.00e-01,
18495,8.80e-02,2.00e-01,
18496,8.80e-02,-2.00e-01,
18497,8.80e-02,-2.00e-01,
18498,8.80e-02,2.00e-01,
18499,8.80e-02,2.00e-01,
18500,8.80e-02,-2.00e-01,
18501,8.80e-02,-2.00e-01,
18502,8.80e-02,-2.00e-01,
18503,8.80e-02,2.00e-01,
18504,8.80e-02,-2.00e-01,
18505,8.80e-02,-2.00e-01,
18506,8.80e-02,2.00e-01,
18507,8.80e-02,-2.00e-01,
18508,8.80e-02,2.00e-01,
18509,9.60e-02,-2.00e-01,
18510,8.80e-02,-2.00e-01,
18511,8.80e-02,2.00e-01,
18512,8.80e-02,-2.00e-01,
18513,8.80e-02,2.00e-01,
18514,8.80e-02,2.00e-01,
18515,8.80e-02,2.00e-01,
18516,8.80e-02,-2.00e-01,
18517,8.80e-02,-2.00e-01,
18518,8.80e-02,2.00e-01,
18519,8.80e-02,2.00e-01,
18520,8.80e-02,-2.00e-01,
18521,9.60e-02,2.00e-01,
18522,8.80e-02,-2.00e-01,
18523,8.80e-02,2.00e-01,
18524,8.80e-02,-2.00e-01,
18525,9.60e-02,-2.00e-01,
18526,8.80e-02,2.00e-01,
18527,8.80e-02,2.00e-01,
18528,8.80e-02,-2.00e-01,
18529,9.60e-02,2.00e-01,
18530,8.80e-02,-2.00e-01,
18531,8.80e-02,2.00e-01,
18532,8.80e-02,-2.00e-01,
18533,9.60e-02,-2.00e-01,
18534,8.80e-02,2.00e-01,
18535,9.60e-02,2.00e-01,
18536,8.80e-02,-2.00e-01,
18537,9.60e-02,-2.00e-01,
18538,8.80e-02,2.00e-01,
18539,9.60e-02,2.00e-01,
18540,9.60e-02,-2.00e-01,
18541,9.60e-02,-2.00e-01,
18542,8.80e-02,2.00e-01,
18543,9.60e-02,2.00e-01,
18544,9.60e-02,-2.00e-01,
18545,9.60e-02,-2.00e-01,
18546,9.60e-02,2.00e-01,
18547,9.60e-02,2.00e-01,
18548,9.60e-02,2.00e-01,
18549,9.60e-02,-2.00e-01,
18550,9.60e-02,2.00e-01,
18551,9.60e-02,2.00e-01,
18552,9.60e-02,-2.00e-01,
18553,9.60e-02,2.00e-01,
18554,9.60e-02,2.00e-01,
18555,9.60e-02,2.00e-01,
18556,9.60e-02,2.00e-01,
18557,9.60e-02,-2.00e-01,
18558,9.60e-02,-2.00e-01,
18559,9.60e-02,2.00e-01,
18560,9.60e-02,-2.00e-01,
18561,9.60e-02,-2.00e-01,
18562,9.60e-02,-2.00e-01,
18563,9.60e-02,2.00e-01,
18564,9.60e-02,-2.00e-01,
18565,9.60e-02,-2.00e-01,
18566,9.60e-02,-2.00e-01,
18567,9.60e-02,2.00e-01,
18568,9.60e-02,2.00e-01,
18569,9.60e-02,-2.00e-01,
18570,9.60e-02,2.00e-01,
18571,9.60e-02,2.00e-01,
18572,9.60e-02,-2.00e-01,
18573,9.60e-02,-2.00e-01,
18574,9.60e-02,2.00e-01,
18575,9.60e-02,2.00e-01,
18576,9.60e-02,-2.00e-01,
18577,1.04e-01,-2.00e-01,
18578,9.60e-02,2.00e-01,
18579,9.60e-02,2.00e-01,
18580,9.60e-02,2.00e-01,
18581,1.04e-01,-2.00e-01,
18582,9.60e-02,2.00e-01,
18583,9.60e-02,2.00e-01,
18584,9.60e-02,-2.00e-01,
18585,1.04e-01,-2.00e-01,
18586,9.60e-02,2.00e-01,
18587,9.60e-02,2.00e-01,
18588,9.60e-02,2.00e-01,
18589,1.04e-01,-2.00e-01,
18590,9.60e-02,2.00e-01,
18591,9.60e-02,2.00e-01,
18592,9.60e-02,-2.00e-01,
18593,1.04e-01,-2.00e-01,
18594,9.60e-02,2.00e-01,
18595,9.60e-02,2.00e-01,
18596,9.60e-02,2.00e-01,
18597,1.04e-01,-2.00e-01,
18598,9.60e-02,2.00e-01,
18599,9.60e-02,2.00e-01,
18600,9.60e-02,-2.00e-01,
18601,1.04e-01,-2.00e-01,
18602,9.60e-02,2.00e-01,
18603,9.60e-02,2.00e-01,
18604,9.60e-02,-2.00e-01,
18605,1.04e-01,-2.00e-01,
18606,1.04e-01,2.00e-01,
18607,1.04e-01,2.00e-01,
18608,1.04e-01,-2.00e-01,
18609,1.04e-01,2.00e-01,
18610,9.60e-02,-2.00e-01,
18611,1.04e-01,2.00e-01,
18612,1.04e-01,2.00e-01,
18613,1.04e-01,-2.00e-01,
18614,1.04e-01,2.00e-01,
18615,1.04e-01,2.00e-01,
18616,1.04e-01,2.00e-01,
18617,1.04e-01,-2.00e-01,
18618,1.04e-01,2.00e-01,
18619,1.04e-01,-2.00e-01,
18620,1.04e-01,-2.00e-01,
18621,1.04e-01,-2.00e-01,
18622,1.04e-01,2.00e-01,
18623,1.04e-01,2.00e-01,
18624,1.04e-01,-2.00e-01,
18625,1.04e-01,-2.00e-01,
18626,1.04e-01,2.00e-01,
18627,1.04e-01,2.00e-01,
18628,1.04e-01,2.00e-01,
18629,1.04e-01,2.00e-01,
18630,1.04e-01,2.00e-01,
18631,1.04e-01,2.00e-01,
18632,1.04e-01,-2.00e-01,
18633,1.04e-01,2.00e-01,
18634,1.04e-01,2.00e-01,
18635,1.04e-01,2.00e-01,
18636,1.04e-01,2.00e-01,
18637,1.04e-01,-2.00e-01,
18638,1.04e-01,2.00e-01,
18639,1.04e-01,2.00e-01,
18640,1.04e-01,-2.00e-01,
18641,1.04e-01,2.00e-01,
18642,1.04e-01,2.00e-01,
18643,1.04e-01,2.00e-01,
18644,1.04e-01,2.00e-01,
18645,1.04e-01,-2.00e-01,
18646,1.04e-01,-2.00e-01,
18647,1.04e-01,2.00e-01,
18648,1.04e-01,-2.00e-01,
18649,1.12e-01,-2.00e-01,
18650,1.04e-01,2.00e-01,
18651,1.04e-01,2.00e-01,
18652,1.04e-01,2.00e-01,
18653,1.04e-01,-2.00e-01,
18654,1.04e-01,2.00e-01,
18655,1.04e-01,2.00e-01,
18656,1.04e-01,2.00e-01,
18657,1.12e-01,-2.00e-01,
18658,1.04e-01,2.00e-01,
18659,1.04e-01,2.00e-01,
18660,1.04e-01,-2.00e-01,
18661,1.12e-01,2.00e-01,
18662,1.04e-01,-2.00e-01,
18663,1.04e-01,2.00e-01,
18664,1.04e-01,2.00e-01,
18665,1.12e-01,2.00e-01,
18666,1.04e-01,2.00e-01,
18667,1.04e-01,2.00e-01,
18668,1.12e-01,2.00e-01,
18669,1.12e-01,-2.00e-01,
18670,1.04e-01,2.00e-01,
18671,1.12e-01,2.00e-01,
18672,1.04e-01,2.00e-01,
18673,1.12e-01,2.00e-01,
18674,1.04e-01,2.00e-01,
18675,1.12e-01,2.00e-01,
18676,1.12e-01,2.00e-01,
18677,1.12e-01,-2.00e-01,
18678,1.04e-01,2.00e-01,
18679,1.12e-01,2.00e-01,
18680,1.12e-01,-2.00e-01,
18681,1.12e-01,-2.00e-01,
18682,1.12e-01,2.00e-01,
18683,1.12e-01,2.00e-01,
18684,1.12e-01,2.00e-01,
18685,1.12e-01,-2.00e-01,
18686,1.12e-01,2.00e-01,
18687,1.12e-01,2.00e-01,
18688,1.12e-01,2.00e-01,
18689,1.12e-01,2.00e-01,
18690,1.12e-01,2.00e-01,
18691,1.12e-01,2.00e-01,
18692,1.12e-01,2.00e-01,
18693,1.12e-01,-2.00e-01,
18694,1.12e-01,2.00e-01,
18695,1.12e-01,2.00e-01,
18696,1.12e-01,-2.00e-01,
18697,1.12e-01,2.00e-01,
18698,1.12e-01,2.00e-01,
18699,1.12e-01,2.00e-01,
18700,1.12e-01,2.00e-01,
18701,1.12e-01,-2.00e-01,
18702,1.12e-01,2.00e-01,
18703,1.12e-01,2.00e-01,
18704,1.12e-01,2.00e-01,
18705,1.12e-01,2.00e-01,
18706,1.12e-01,2.00e-01,
18707,1.12e-01,-2.00e-01,
18708,1.12e-01,2.00e-01,
18709,1.12e-01,-2.00e-01,
18710,1.12e-01,2.00e-01,
18711,1.12e-01,2.00e-01,
18712,1.12e-01,-2.00e-01,
18713,1.12e-01,2.00e-01,
18714,1.12e-01,2.00e-01,
18715,1.12e-01,2.00e-01,
18716,1.12e-01,2.00e-01,
18717,1.20e-01,-2.00e-01,
18718,1.12e-01,2.00e-01,
18719,1.12e-01,2.00e-01,
18720,1.12e-01,-2.00e-01,
18721,1.12e-01,2.00e-01,
18722,1.12e-01,-2.00e-01,
18723,1.12e-01,2.00e-01,
18724,1.12e-01,2.00e-01,
18725,1.20e-01,-2.00e-01,
18726,1.12e-01,2.00e-01,
18727,1.12e-01,2.00e-01,
18728,1.12e-01,-2.00e-01,
18729,1.20e-01,2.00e-01,
18730,1.12e-01,-2.00e-01,
18731,1.12e-01,2.00e-01,
18732,1.12e-01,2.00e-01,
18733,1.20e-01,-2.00e-01,
18734,1.20e-01,2.00e-01,
18735,1.12e-01,2.00e-01,
18736,1.12e-01,2.00e-01,
18737,1.20e-01,2.00e-01,
18738,1.20e-01,2.00e-01,
18739,1.20e-01,2.00e-01,
18740,1.20e-01,-2.00e-01,
18741,1.20e-01,-2.00e-01,
18742,1.12e-01,2.00e-01,
18743,1.12e-01,2.00e-01,
18744,1.20e-01,-2.00e-01,
18745,1.20e-01,2.00e-01,
18746,1.20e-01,2.00e-01,
18747,1.20e-01,-2.00e-01,
18748,1.20e-01,2.00e-01,
18749,1.20e-01,-2.00e-01,
18750,1.20e-01,2.00e-01,
18751,1.20e-01,2.00e-01,
18752,1.20e-01,-2.00e-01,
18753,1.20e-01,2.00e-01,
18754,1.20e-01,-2.00e-01,
18755,1.20e-01,2.00e-01,
18756,1.20e-01,2.00e-01,
18757,1.20e-01,-2.00e-01,
18758,1.20e-01,2.00e-01,
18759,1.20e-01,2.00e-01,
18760,1.20e-01,2.00e-01,
18761,1.20e-01,2.00e-01,
18762,1.20e-01,2.00e-01,
18763,1.20e-01,2.00e-01,
18764,1.20e-01,2.00e-01,
18765,1.20e-01,-2.00e-01,
18766,1.20e-01,2.00e-01,
18767,1.20e-01,2.00e-01,
18768,1.20e-01,-2.00e-01,
18769,1.20e-01,-2.00e-01,
18770,1.20e-01,2.00e-01,
18771,1.20e-01,2.00e-01,
18772,1.20e-01,2.00e-01,
18773,1.20e-01,-2.00e-01,
18774,1.20e-01,2.00e-01,
18775,1.20e-01,2.00e-01,
18776,1.20e-01,2.00e-01,
18777,1.20e-01,2.00e-01,
18778,1.20e-01,2.00e-01,
18779,1.20e-01,2.00e-01,
18780,1.20e-01,-2.00e-01,
18781,1.28e-01,-2.00e-01,
18782,1.20e-01,2.00e-01,
18783,1.20e-01,2.00e-01,
18784,1.20e-01,-2.00e-01,
18785,1.28e-01,2.00e-01,
18786,1.20e-01,2.00e-01,
18787,1.20e-01,2.00e-01,
18788,1.20e-01,2.00e-01,
18789,1.20e-01,-2.00e-01,
18790,1.20e-01,2.00e-01,
18791,1.20e-01,2.00e-01,
18792,1.20e-01,2.00e-01,
18793,1.28e-01,2.00e-01,
18794,1.20e-01,-2.00e-01,
18795,1.20e-01,2.00e-01,
18796,1.20e-01,2.00e-01,
18797,1.28e-01,-2.00e-01,
18798,1.20e-01,2.00e-01,
18799,1.28e-01,2.00e-01,
18800,1.20e-01,2.00e-01,
18801,1.28e-01,2.00e-01,
18802,1.20e-01,2.00e-01,
18803,1.20e-01,2.00e-01,
18804,1.20e-01,2.00e-01,
18805,1.28e-01,2.00e-01,
18806,1.28e-01,2.00e-01,
18807,1.28e-01,2.00e-01,
18808,1.28e-01,-2.00e-01,
18809,1.28e-01,2.00e-01,
18810,1.28e-01,2.00e-01,
18811,1.20e-01,2.00e-01,
18812,1.28e-01,2.00e-01,
18813,1.28e-01,2.00e-01,
18814,1.28e-01,2.00e-01,
18815,1.28e-01,2.00e-01,
18816,1.28e-01,2.00e-01,
18817,1.28e-01,2.00e-01,
18818,1.28e-01,2.00e-01,
18819,1.28e-01,2.00e-01,
18820,1.28e-01,-2.00e-01,
18821,1.28e-01,-2.00e-01,
18822,1.28e-01,2.00e-01,
18823,1.28e-01,2.00e-01,
18824,1.28e-01,-2.00e-01,
18825,1.28e-01,2.00e-01,
18826,1.28e-01,2.00e-01,
18827,1.28e-01,2.00e-01,
18828,1.28e-01,2.00e-01,
18829,1.28e-01,-2.00e-01,
18830,1.28e-01,2.00e-01,
18831,1.28e-01,2.00e-01,
18832,1.28e-01,2.00e-01,
18833,1.28e-01,2.00e-01,
18834,1.28e-01,2.00e-01,
18835,1.28e-01,2.00e-01,
18836,1.28e-01,2.00e-01,
18837,1.28e-01,-2.00e-01,
18838,1.28e-01,2.00e-01,
18839,1.28e-01,2.00e-01,
18840,1.28e-01,-2.00e-01,
18841,1.28e-01,2.00e-01,
18842,1.28e-01,2.00e-01,
18843,1.28e-01,2.00e-01,
18844,1.28e-01,2.00e-01,
18845,1.28e-01,-2.00e-01,
18846,1.28e-01,2.00e-01,
18847,1.28e-01,2.00e-01,
18848,1.28e-01,-2.00e-01,
18849,1.28e-01,2.00e-01,
18850,1.28e-01,2.00e-01,
18851,1.28e-01,2.00e-01,
18852,1.28e-01,2.00e-01,
18853,1.28e-01,2.00e-01,
18854,1.28e-01,2.00e-01,
18855,1.28e-01,2.00e-01,
18856,1.28e-01,-2.00e-01,
18857,1.36e-01,-2.00e-01,
18858,1.28e-01,2.00e-01,
18859,1.28e-01,2.00e-01,
18860,1.28e-01,-2.00e-01,
18861,1.36e-01,-2.00e-01,
18862,1.28e-01,2.00e-01,
18863,1.28e-01,2.00e-01,
18864,1.28e-01,2.00e-01,
18865,1.36e-01,2.00e-01,
18866,1.28e-01,2.00e-01,
18867,1.28e-01,2.00e-01,
18868,1.28e-01,2.00e-01,
18869,1.36e-01,-2.00e-01,
18870,1.28e-01,2.00e-01,
18871,1.28e-01,2.00e-01,
18872,1.36e-01,-2.00e-01,
18873,1.36e-01,-2.00e-01,
18874,1.28e-01,2.00e-01,
18875,1.28e-01,2.00e-01,
18876,1.36e-01,2.00e-01,
18877,1.36e-01,-2.00e-01,
18878,1.36e-01,2.00e-01,
18879,1.28e-01,2.00e-01,
18880,1.36e-01,2.00e-01,
18881,1.36e-01,-2.00e-01,
18882,1.36e-01,2.00e-01,
18883,1.36e-01,2.00e-01,
18884,1.36e-01,2.00e-01,
18885,1.36e-01,2.00e-01,
18886,1.36e-01,2.00e-01,
18887,1.36e-01,2.00e-01,
18888,1.36e-01,2.00e-01,
18889,1.36e-01,-2.00e-01,
18890,1.36e-01,2.00e-01,
18891,1.36e-01,2.00e-01,
18892,1.36e-01,2.00e-01,
18893,1.36e-01,-2.00e-01,
18894,1.36e-01,2.00e-01,
18895,1.36e-01,2.00e-01,
18896,1.36e-01,2.00e-01,
18897,1.36e-01,-2.00e-01,
18898,1.36e-01,2.00e-01,
18899,1.36e-01,2.00e-01,
18900,1.36e-01,-2.00e-01,
18901,1.36e-01,-2.00e-01,
18902,1.36e-01,2.00e-01,
18903,1.36e-01,2.00e-01,
18904,1.36e-01,2.00e-01,
18905,1.36e-01,2.00e-01,
18906,1.36e-01,2.00e-01,
18907,1.36e-01,2.00e-01,
18908,1.36e-01,2.00e-01,
18909,1.36e-01,2.00e-01,
18910,1.36e-01,2.00e-01,
18911,1.36e-01,2.00e-01,
18912,1.36e-01,-2.00e-01,
18913,1.36e-01,2.00e-01,
18914,1.36e-01,2.00e-01,
18915,1.36e-01,2.00e-01,
18916,1.36e-01,2.00e-01,
18917,1.36e-01,-2.00e-01,
18918,1.36e-01,2.00e-01,
18919,1.36e-01,2.00e-01,
18920,1.36e-01,2.00e-01,
18921,1.36e-01,2.00e-01,
18922,1.36e-01,2.00e-01,
18923,1.36e-01,2.00e-01,
18924,1.36e-01,2.00e-01,
18925,1.52e-01,-2.00e-01,
18926,1.36e-01,2.00e-01,
18927,1.36e-01,2.00e-01,
18928,1.36e-01,-2.00e-01,
18929,1.52e-01,2.00e-01,
18930,1.36e-01,-2.00e-01,
18931,1.36e-01,2.00e-01,
18932,1.36e-01,2.00e-01,
18933,1.52e-01,-2.00e-01,
18934,1.36e-01,2.00e-01,
18935,1.36e-01,2.00e-01,
18936,1.36e-01,-2.00e-01,
18937,1.52e-01,2.00e-01,
18938,1.52e-01,2.00e-01,
18939,1.36e-01,2.00e-01,
18940,1.36e-01,2.00e-01,
18941,1.52e-01,2.00e-01,
18942,1.36e-01,2.00e-01,
18943,1.52e-01,2.00e-01,
18944,1.52e-01,-2.00e-01,
18945,1.52e-01,2.00e-01,
18946,1.52e-01,2.00e-01,
18947,1.52e-01,2.00e-01,
18948,1.36e-01,2.00e-01,
18949,1.52e-01,-2.00e-01,
18950,1.52e-01,2.00e-01,
18951,1.52e-01,2.00e-01,
18952,1.52e-01,2.00e-01,
18953,1.52e-01,2.00e-01,
18954,1.52e-01,2.00e-01,
18955,1.52e-01,2.00e-01,
18956,1.52e-01,2.00e-01,
18957,1.52e-01,2.00e-01,
18958,1.52e-01,2.00e-01,
18959,1.52e-01,2.00e-01,
18960,1.52e-01,-2.00e-01,
18961,1.52e-01,2.00e-01,
18962,1.52e-01,2.00e-01,
18963,1.52e-01,2.00e-01,
18964,1.52e-01,2.00e-01,
18965,1.52e-01,-2.00e-01,
18966,1.52e-01,2.00e-01,
18967,1.52e-01,2.00e-01,
18968,1.52e-01,2.00e-01,
18969,1.52e-01,2.00e-01,
18970,1.52e-01,2.00e-01,
18971,1.52e-01,2.00e-01,
18972,1.52e-01,2.00e-01,
18973,1.52e-01,2.00e-01,
18974,1.52e-01,2.00e-01,
18975,1.52e-01,2.00e-01,
18976,1.52e-01,2.00e-01,
18977,1.52e-01,2.00e-01,
18978,1.52e-01,2.00e-01,
18979,1.52e-01,2.00e-01,
18980,1.52e-01,2.00e-01,
18981,1.52e-01,2.00e-01,
18982,1.52e-01,2.00e-01,
18983,1.52e-01,2.00e-01,
18984,1.52e-01,2.00e-01,
18985,1.52e-01,2.00e-01,
18986,1.52e-01,2.00e-01,
18987,1.52e-01,2.00e-01,
18988,1.52e-01,2.00e-01,
18989,1.60e-01,2.00e-01,
18990,1.52e-01,2.00e-01,
18991,1.52e-01,2.00e-01,
18992,1.52e-01,2.00e-01,
18993,1.52e-01,2.00e-01,
18994,1.52e-01,2.00e-01,
18995,1.52e-01,2.00e-01,
18996,1.52e-01,2.00e-01,
18997,1.60e-01,2.00e-01,
18998,1.52e-01,2.00e-01,
18999,1.52e-01,2.00e-01,
19000,1.52e-01,2.00e-01,
19001,1.60e-01,2.00e-01,
19002,1.52e-01,2.00e-01,
19003,1.52e-01,2.00e-01,
19004,1.52e-01,2.00e-01,
19005,1.60e-01,-2.00e-01,
19006,1.52e-01,2.00e-01,
19007,1.60e-01,2.00e-01,
19008,1.52e-01,2.00e-01,
19009,1.60e-01,2.00e-01,
19010,1.52e-01,2.00e-01,
19011,1.52e-01,2.00e-01,
19012,1.52e-01,2.00e-01,
19013,1.60e-01,2.00e-01,
19014,1.52e-01,2.00e-01,
19015,1.60e-01,2.00e-01,
19016,1.60e-01,2.00e-01,
19017,1.60e-01,2.00e-01,
19018,1.60e-01,2.00e-01,
19019,1.60e-01,2.00e-01,
19020,1.60e-01,2.00e-01,
19021,1.60e-01,2.00e-01,
19022,1.60e-01,2.00e-01,
19023,1.60e-01,2.00e-01,
19024,1.60e-01,2.00e-01,
19025,1.60e-01,2.00e-01,
19026,1.60e-01,2.00e-01,
19027,1.60e-01,2.00e-01,
19028,1.60e-01,2.00e-01,
19029,1.60e-01,-2.00e-01,
19030,1.60e-01,2.00e-01,
19031,1.60e-01,2.00e-01,
19032,1.60e-01,2.00e-01,
19033,1.60e-01,2.00e-01,
19034,1.60e-01,2.00e-01,
19035,1.60e-01,2.00e-01,
19036,1.60e-01,2.00e-01,
19037,1.60e-01,2.00e-01,
19038,1.60e-01,2.00e-01,
19039,1.60e-01,2.00e-01,
19040,1.60e-01,2.00e-01,
19041,1.60e-01,2.00e-01,
19042,1.60e-01,2.00e-01,
19043,1.60e-01,2.00e-01,
19044,1.60e-01,2.00e-01,
19045,1.60e-01,-2.00e-01,
19046,1.60e-01,2.00e-01,
19047,1.60e-01,2.00e-01,
19048,1.60e-01,2.00e-01,
19049,1.68e-01,2.00e-01,
19050,1.60e-01,2.00e-01,
19051,1.60e-01,2.00e-01,
19052,1.60e-01,2.00e-01,
19053,1.60e-01,2.00e-01,
19054,1.60e-01,2.00e-01,
19055,1.60e-01,2.00e-01,
19056,1.60e-01,2.00e-01,
19057,1.68e-01,2.00e-01,
19058,1.60e-01,2.00e-01,
19059,1.60e-01,2.00e-01,
19060,1.60e-01,2.00e-01,
19061,1.60e-01,2.00e-01,
19062,1.60e-01,2.00e-01,
19063,1.60e-01,2.00e-01,
19064,1.60e-01,2.00e-01,
19065,1.68e-01,2.00e-01,
19066,1.60e-01,2.00e-01,
19067,1.60e-01,2.00e-01,
19068,1.60e-01,2.00e-01,
19069,1.68e-01,-2.00e-01,
19070,1.60e-01,2.00e-01,
19071,1.60e-01,2.00e-01,
19072,1.60e-01,2.00e-01,
19073,1.68e-01,2.00e-01,
19074,1.60e-01,2.00e-01,
19075,1.60e-01,2.00e-01,
19076,1.60e-01,2.00e-01,
19077,1.68e-01,-2.00e-01,
19078,1.68e-01,2.00e-01,
19079,1.68e-01,2.00e-01,
19080,1.68e-01,2.00e-01,
19081,1.68e-01,2.00e-01,
19082,1.68e-01,2.00e-01,
19083,1.60e-01,2.00e-01,
19084,1.68e-01,2.00e-01,
19085,1.68e-01,2.00e-01,
19086,1.68e-01,2.00e-01,
19087,1.68e-01,2.00e-01,
19088,1.68e-01,2.00e-01,
19089,1.68e-01,2.00e-01,
19090,1.68e-01,2.00e-01,
19091,1.68e-01,2.00e-01,
19092,1.68e-01,2.00e-01,
19093,1.68e-01,2.00e-01,
19094,1.68e-01,2.00e-01,
19095,1.68e-01,2.00e-01,
19096,1.68e-01,2.00e-01,
19097,1.68e-01,2.00e-01,
19098,1.68e-01,2.00e-01,
19099,1.68e-01,2.00e-01,
19100,1.68e-01,2.00e-01,
19101,1.68e-01,2.00e-01,
19102,1.68e-01,2.00e-01,
19103,1.68e-01,2.00e-01,
19104,1.68e-01,-2.00e-01,
19105,1.68e-01,2.00e-01,
19106,1.68e-01,2.00e-01,
19107,1.68e-01,2.00e-01,
19108,1.68e-01,2.00e-01,
19109,1.68e-01,2.00e-01,
19110,1.68e-01,2.00e-01,
19111,1.68e-01,2.00e-01,
19112,1.68e-01,2.00e-01,
19113,1.68e-01,2.00e-01,
19114,1.68e-01,2.00e-01,
19115,1.68e-01,2.00e-01,
19116,1.68e-01,2.00e-01,
19117,1.68e-01,2.00e-01,
19118,1.68e-01,2.00e-01,
19119,1.68e-01,2.00e-01,
19120,1.68e-01,2.00e-01,
19121,1.68e-01,2.00e-01,
19122,1.68e-01,2.00e-01,
19123,1.68e-01,2.00e-01,
19124,1.68e-01,2.00e-01,
19125,1.76e-01,2.00e-01,
19126,1.68e-01,2.00e-01,
19127,1.68e-01,2.00e-01,
19128,1.68e-01,2.00e-01,
19129,1.68e-01,6.00e-01,
19130,1.68e-01,-2.00e-01,
19131,1.68e-01,2.00e-01,
19132,1.68e-01,2.00e-01,
19133,1.76e-01,-2.00e-01,
19134,1.68e-01,2.00e-01,
19135,1.68e-01,2.00e-01,
19136,1.68e-01,2.00e-01,
19137,1.76e-01,2.00e-01,
19138,1.68e-01,2.00e-01,
19139,1.68e-01,2.00e-01,
19140,1.76e-01,-2.00e-01,
19141,1.76e-01,2.00e-01,
19142,1.76e-01,2.00e-01,
19143,1.68e-01,2.00e-01,
19144,1.68e-01,2.00e-01,
19145,1.76e-01,2.00e-01,
19146,1.68e-01,2.00e-01,
19147,1.76e-01,2.00e-01,
19148,1.76e-01,2.00e-01,
19149,1.76e-01,2.00e-01,
19150,1.68e-01,2.00e-01,
19151,1.76e-01,2.00e-01,
19152,1.76e-01,2.00e-01,
19153,1.76e-01,2.00e-01,
19154,1.76e-01,2.00e-01,
19155,1.76e-01,2.00e-01,
19156,1.76e-01,2.00e-01,
19157,1.76e-01,-2.00e-01,
19158,1.76e-01,2.00e-01,
19159,1.76e-01,2.00e-01,
19160,1.76e-01,2.00e-01,
19161,1.76e-01,2.00e-01,
19162,1.76e-01,2.00e-01,
19163,1.76e-01,2.00e-01,
19164,1.76e-01,2.00e-01,
19165,1.76e-01,-2.00e-01,
19166,1.76e-01,2.00e-01,
19167,1.76e-01,2.00e-01,
19168,1.76e-01,2.00e-01,
19169,1.76e-01,2.00e-01,
19170,1.76e-01,2.00e-01,
19171,1.76e-01,2.00e-01,
19172,1.76e-01,2.00e-01,
19173,1.76e-01,2.00e-01,
19174,1.76e-01,2.00e-01,
19175,1.76e-01,2.00e-01,
19176,1.76e-01,2.00e-01,
19177,1.76e-01,2.00e-01,
19178,1.76e-01,2.00e-01,
19179,1.76e-01,2.00e-01,
19180,1.76e-01,2.00e-01,
19181,1.76e-01,2.00e-01,
19182,1.76e-01,2.00e-01,
19183,1.76e-01,2.00e-01,
19184,1.76e-01,2.00e-01,
19185,1.76e-01,2.00e-01,
19186,1.76e-01,2.00e-01,
19187,1.76e-01,2.00e-01,
19188,1.76e-01,2.00e-01,
19189,1.84e-01,2.00e-01,
19190,1.76e-01,2.00e-01,
19191,1.76e-01,2.00e-01,
19192,1.76e-01,2.00e-01,
19193,1.84e-01,2.00e-01,
19194,1.76e-01,2.00e-01,
19195,1.76e-01,2.00e-01,
19196,1.76e-01,2.00e-01,
19197,1.84e-01,2.00e-01,
19198,1.76e-01,2.00e-01,
19199,1.84e-01,2.00e-01,
19200,1.76e-01,2.00e-01,
19201,1.84e-01,2.00e-01,
19202,1.76e-01,2.00e-01,
19203,1.76e-01,2.00e-01,
19204,1.76e-01,2.00e-01,
19205,1.84e-01,2.00e-01,
19206,1.84e-01,2.00e-01,
19207,1.76e-01,2.00e-01,
19208,1.76e-01,2.00e-01,
19209,1.84e-01,2.00e-01,
19210,1.76e-01,2.00e-01,
19211,1.76e-01,2.00e-01,
19212,1.76e-01,2.00e-01,
19213,1.84e-01,2.00e-01,
19214,1.76e-01,2.00e-01,
19215,1.84e-01,2.00e-01,
19216,1.84e-01,2.00e-01,
19217,1.84e-01,2.00e-01,
19218,1.76e-01,2.00e-01,
19219,1.84e-01,2.00e-01,
19220,1.76e-01,2.00e-01,
19221,1.84e-01,2.00e-01,
19222,1.84e-01,2.00e-01,
19223,1.76e-01,2.00e-01,
19224,1.84e-01,2.00e-01,
19225,1.84e-01,2.00e-01,
19226,1.84e-01,2.00e-01,
19227,1.84e-01,2.00e-01,
19228,1.84e-01,2.00e-01,
19229,1.84e-01,-2.00e-01,
19230,1.84e-01,2.00e-01,
19231,1.84e-01,2.00e-01,
19232,1.84e-01,2.00e-01,
19233,1.84e-01,2.00e-01,
19234,1.84e-01,2.00e-01,
19235,1.84e-01,2.00e-01,
19236,1.84e-01,2.00e-01,
19237,1.84e-01,-2.00e-01,
19238,1.84e-01,2.00e-01,
19239,1.84e-01,2.00e-01,
19240,1.84e-01,2.00e-01,
19241,1.84e-01,2.00e-01,
19242,1.84e-01,2.00e-01,
19243,1.84e-01,2.00e-01,
19244,1.84e-01,2.00e-01,
19245,1.84e-01,2.00e-01,
19246,1.84e-01,2.00e-01,
19247,1.84e-01,2.00e-01,
19248,1.84e-01,2.00e-01,
19249,1.84e-01,2.00e-01,
19250,1.84e-01,2.00e-01,
19251,1.84e-01,2.00e-01,
19252,1.84e-01,2.00e-01,
19253,1.84e-01,2.00e-01,
19254,1.84e-01,2.00e-01,
19255,1.84e-01,2.00e-01,
19256,1.84e-01,2.00e-01,
19257,1.84e-01,2.00e-01,
19258,1.84e-01,2.00e-01,
19259,1.84e-01,2.00e-01,
19260,1.84e-01,2.00e-01,
19261,1.84e-01,2.00e-01,
19262,1.84e-01,2.00e-01,
19263,1.84e-01,2.00e-01,
19264,1.84e-01,2.00e-01,
19265,1.92e-01,2.00e-01,
19266,1.84e-01,2.00e-01,
19267,1.84e-01,2.00e-01,
19268,1.84e-01,2.00e-01,
19269,1.92e-01,2.00e-01,
19270,1.84e-01,2.00e-01,
19271,1.84e-01,2.00e-01,
19272,1.84e-01,2.00e-01,
19273,1.92e-01,2.00e-01,
19274,1.84e-01,2.00e-01,
19275,1.84e-01,2.00e-01,
19276,1.84e-01,2.00e-01,
19277,1.92e-01,2.00e-01,
19278,1.84e-01,2.00e-01,
19279,1.84e-01,2.00e-01,
19280,1.84e-01,2.00e-01,
19281,1.92e-01,2.00e-01,
19282,1.84e-01,2.00e-01,
19283,1.92e-01,2.00e-01,
19284,1.92e-01,2.00e-01,
19285,1.92e-01,2.00e-01,
19286,1.92e-01,2.00e-01,
19287,1.92e-01,2.00e-01,
19288,1.92e-01,2.00e-01,
19289,1.92e-01,2.00e-01,
19290,1.84e-01,2.00e-01,
19291,1.92e-01,2.00e-01,
19292,1.92e-01,2.00e-01,
19293,1.92e-01,2.00e-01,
19294,1.92e-01,2.00e-01,
19295,1.92e-01,2.00e-01,
19296,1.92e-01,2.00e-01,
19297,1.92e-01,2.00e-01,
19298,1.92e-01,2.00e-01,
19299,1.92e-01,2.00e-01,
19300,1.92e-01,2.00e-01,
19301,1.92e-01,2.00e-01,
19302,1.92e-01,2.00e-01,
19303,1.92e-01,2.00e-01,
19304,1.92e-01,2.00e-01,
19305,1.92e-01,2.00e-01,
19306,1.92e-01,2.00e-01,
19307,1.92e-01,2.00e-01,
19308,1.92e-01,2.00e-01,
19309,1.92e-01,2.00e-01,
19310,1.92e-01,2.00e-01,
19311,1.92e-01,2.00e-01,
19312,1.92e-01,2.00e-01,
19313,1.92e-01,2.00e-01,
19314,1.92e-01,2.00e-01,
19315,1.92e-01,2.00e-01,
19316,1.92e-01,2.00e-01,
19317,1.92e-01,2.00e-01,
19318,1.92e-01,2.00e-01,
19319,1.92e-01,2.00e-01,
19320,1.92e-01,2.00e-01,
19321,1.92e-01,2.00e-01,
19322,1.92e-01,2.00e-01,
19323,1.92e-01,2.00e-01,
19324,1.92e-01,2.00e-01,
19325,2.00e-01,2.00e-01,
19326,1.92e-01,2.00e-01,
19327,1.92e-01,2.00e-01,
19328,1.92e-01,2.00e-01,
19329,1.92e-01,6.00e-01,
19330,1.92e-01,-2.00e-01,
19331,1.92e-01,2.00e-01,
19332,1.92e-01,2.00e-01,
19333,2.00e-01,-2.00e-01,
19334,1.92e-01,2.00e-01,
19335,1.92e-01,2.00e-01,
19336,1.92e-01,2.00e-01,
19337,2.00e-01,2.00e-01,
19338,1.92e-01,2.00e-01,
19339,1.92e-01,2.00e-01,
19340,1.92e-01,2.00e-01,
19341,2.00e-01,2.00e-01,
19342,1.92e-01,2.00e-01,
19343,1.92e-01,2.00e-01,
19344,2.00e-01,2.00e-01,
19345,2.00e-01,2.00e-01,
19346,1.92e-01,2.00e-01,
19347,1.92e-01,2.00e-01,
19348,1.92e-01,2.00e-01,
19349,2.00e-01,2.00e-01,
19350,1.92e-01,2.00e-01,
19351,2.00e-01,2.00e-01,
19352,1.92e-01,2.00e-01,
19353,2.00e-01,2.00e-01,
19354,1.92e-01,2.00e-01,
19355,2.00e-01,2.00e-01,
19356,2.00e-01,2.00e-01,
19357,2.00e-01,2.00e-01,
19358,1.92e-01,2.00e-01,
19359,2.00e-01,2.00e-01,
19360,2.00e-01,2.00e-01,
19361,2.00e-01,2.00e-01,
19362,2.00e-01,2.00e-01,
19363,2.00e-01,2.00e-01,
19364,2.00e-01,2.00e-01,
19365,2.00e-01,2.00e-01,
19366,2.00e-01,2.00e-01,
19367,2.00e-01,2.00e-01,
19368,2.00e-01,2.00e-01,
19369,2.00e-01,2.00e-01,
19370,2.00e-01,2.00e-01,
19371,2.00e-01,2.00e-01,
19372,2.00e-01,2.00e-01,
19373,2.00e-01,2.00e-01,
19374,2.00e-01,2.00e-01,
19375,2.00e-01,2.00e-01,
19376,2.00e-01,2.00e-01,
19377,2.00e-01,2.00e-01,
19378,2.00e-01,2.00e-01,
19379,2.00e-01,2.00e-01,
19380,2.00e-01,2.00e-01,
19381,2.00e-01,2.00e-01,
19382,2.00e-01,2.00e-01,
19383,2.00e-01,2.00e-01,
19384,2.00e-01,2.00e-01,
19385,2.00e-01,2.00e-01,
19386,2.00e-01,2.00e-01,
19387,2.00e-01,2.00e-01,
19388,2.00e-01,2.00e-01,
19389,2.00e-01,2.00e-01,
19390,2.00e-01,2.00e-01,
19391,2.00e-01,2.00e-01,
19392,2.00e-01,2.00e-01,
19393,2.00e-01,2.00e-01,
19394,2.00e-01,2.00e-01,
19395,2.00e-01,2.00e-01,
19396,2.00e-01,2.00e-01,
19397,2.00e-01,2.00e-01,
19398,2.00e-01,2.00e-01,
19399,2.00e-01,2.00e-01,
19400,2.00e-01,2.00e-01,
19401,2.08e-01,2.00e-01,
19402,2.00e-01,2.00e-01,
19403,2.00e-01,2.00e-01,
19404,2.00e-01,2.00e-01,
19405,2.08e-01,2.00e-01,
19406,2.00e-01,2.00e-01,
19407,2.00e-01,2.00e-01,
19408,2.00e-01,2.00e-01,
19409,2.08e-01,2.00e-01,
19410,2.00e-01,2.00e-01,
19411,2.00e-01,2.00e-01,
19412,2.00e-01,2.00e-01,
19413,2.08e-01,2.00e-01,
19414,2.00e-01,2.00e-01,
19415,2.00e-01,2.00e-01,
19416,2.00e-01,2.00e-01,
19417,2.08e-01,2.00e-01,
19418,2.00e-01,2.00e-01,
19419,2.00e-01,2.00e-01,
19420,2.00e-01,2.00e-01,
19421,2.08e-01,2.00e-01,
19422,2.08e-01,2.00e-01,
19423,2.00e-01,2.00e-01,
19424,2.00e-01,2.00e-01,
19425,2.08e-01,2.00e-01,
19426,2.00e-01,2.00e-01,
19427,2.08e-01,2.00e-01,
19428,2.00e-01,2.00e-01,
19429,2.08e-01,2.00e-01,
19430,2.08e-01,2.00e-01,
19431,2.08e-01,2.00e-01,
19432,2.08e-01,2.00e-01,
19433,2.08e-01,2.00e-01,
19434,2.08e-01,2.00e-01,
19435,2.08e-01,2.00e-01,
19436,2.00e-01,2.00e-01,
19437,2.08e-01,2.00e-01,
19438,2.08e-01,2.00e-01,
19439,2.08e-01,2.00e-01,
19440,2.08e-01,2.00e-01,
19441,2.08e-01,2.00e-01,
19442,2.08e-01,2.00e-01,
19443,2.08e-01,2.00e-01,
19444,2.08e-01,2.00e-01,
19445,2.08e-01,2.00e-01,
19446,2.08e-01,2.00e-01,
19447,2.08e-01,2.00e-01,
19448,2.08e-01,2.00e-01,
19449,2.08e-01,2.00e-01,
19450,2.08e-01,2.00e-01,
19451,2.08e-01,2.00e-01,
19452,2.08e-01,2.00e-01,
19453,2.08e-01,2.00e-01,
19454,2.08e-01,2.00e-01,
19455,2.08e-01,2.00e-01,
19456,2.08e-01,2.00e-01,
19457,2.08e-01,2.00e-01,
19458,2.08e-01,2.00e-01,
19459,2.08e-01,2.00e-01,
19460,2.08e-01,2.00e-01,
19461,2.08e-01,2.00e-01,
19462,2.08e-01,2.00e-01,
19463,2.08e-01,2.00e-01,
19464,2.08e-01,2.00e-01,
19465,2.16e-01,2.00e-01,
19466,2.08e-01,2.00e-01,
19467,2.08e-01,2.00e-01,
19468,2.08e-01,2.00e-01,
19469,2.16e-01,2.00e-01,
19470,2.08e-01,2.00e-01,
19471,2.08e-01,2.00e-01,
19472,2.08e-01,2.00e-01,
19473,2.16e-01,2.00e-01,
19474,2.08e-01,2.00e-01,
19475,2.08e-01,2.00e-01,
19476,2.08e-01,2.00e-01,
19477,2.16e-01,2.00e-01,
19478,2.08e-01,2.00e-01,
19479,2.08e-01,2.00e-01,
19480,2.08e-01,2.00e-01,
19481,2.16e-01,2.00e-01,
19482,2.08e-01,2.00e-01,
19483,2.08e-01,2.00e-01,
19484,2.08e-01,2.00e-01,
19485,2.16e-01,-2.00e-01,
19486,2.08e-01,2.00e-01,
19487,2.08e-01,2.00e-01,
19488,2.08e-01,2.00e-01,
19489,2.16e-01,2.00e-01,
19490,2.08e-01,2.00e-01,
19491,2.08e-01,2.00e-01,
19492,2.08e-01,2.00e-01,
19493,2.16e-01,2.00e-01,
19494,2.08e-01,2.00e-01,
19495,2.08e-01,2.00e-01,
19496,2.08e-01,2.00e-01,
19497,2.16e-01,2.00e-01,
19498,2.08e-01,2.00e-01,
19499,2.16e-01,2.00e-01,
19500,2.16e-01,2.00e-01,
19501,2.16e-01,2.00e-01,
19502,2.08e-01,2.00e-01,
19503,2.16e-01,2.00e-01,
19504,2.16e-01,2.00e-01,
19505,2.16e-01,2.00e-01,
19506,2.16e-01,2.00e-01,
19507,2.16e-01,2.00e-01,
19508,2.16e-01,2.00e-01,
19509,2.16e-01,2.00e-01,
19510,2.16e-01,2.00e-01,
19511,2.16e-01,2.00e-01,
19512,2.16e-01,2.00e-01,
19513,2.16e-01,2.00e-01,
19514,2.16e-01,2.00e-01,
19515,2.16e-01,2.00e-01,
19516,2.16e-01,2.00e-01,
19517,2.16e-01,2.00e-01,
19518,2.16e-01,2.00e-01,
19519,2.16e-01,2.00e-01,
19520,2.16e-01,2.00e-01,
19521,2.16e-01,2.00e-01,
19522,2.16e-01,2.00e-01,
19523,2.16e-01,2.00e-01,
19524,2.16e-01,2.00e-01,
19525,2.16e-01,2.00e-01,
19526,2.16e-01,2.00e-01,
19527,2.16e-01,2.00e-01,
19528,2.16e-01,2.00e-01,
19529,2.16e-01,6.00e-01,
19530,2.16e-01,2.00e-01,
19531,2.16e-01,2.00e-01,
19532,2.16e-01,2.00e-01,
19533,2.24e-01,2.00e-01,
19534,2.16e-01,2.00e-01,
19535,2.16e-01,2.00e-01,
19536,2.16e-01,2.00e-01,
19537,2.24e-01,2.00e-01,
19538,2.16e-01,2.00e-01,
19539,2.16e-01,2.00e-01,
19540,2.16e-01,2.00e-01,
19541,2.24e-01,2.00e-01,
19542,2.16e-01,2.00e-01,
19543,2.16e-01,2.00e-01,
19544,2.16e-01,2.00e-01,
19545,2.24e-01,2.00e-01,
19546,2.16e-01,2.00e-01,
19547,2.16e-01,2.00e-01,
19548,2.16e-01,2.00e-01,
19549,2.24e-01,2.00e-01,
19550,2.16e-01,2.00e-01,
19551,2.16e-01,2.00e-01,
19552,2.16e-01,2.00e-01,
19553,2.24e-01,2.00e-01,
19554,2.16e-01,2.00e-01,
19555,2.16e-01,2.00e-01,
19556,2.16e-01,2.00e-01,
19557,2.24e-01,2.00e-01,
19558,2.16e-01,2.00e-01,
19559,2.24e-01,2.00e-01,
19560,2.16e-01,2.00e-01,
19561,2.24e-01,2.00e-01,
19562,2.16e-01,2.00e-01,
19563,2.16e-01,2.00e-01,
19564,2.16e-01,2.00e-01,
19565,2.24e-01,2.00e-01,
19566,2.16e-01,2.00e-01,
19567,2.24e-01,2.00e-01,
19568,2.24e-01,2.00e-01,
19569,2.24e-01,2.00e-01,
19570,2.16e-01,2.00e-01,
19571,2.16e-01,2.00e-01,
19572,2.24e-01,2.00e-01,
19573,2.24e-01,2.00e-01,
19574,2.24e-01,2.00e-01,
19575,2.24e-01,2.00e-01,
19576,2.24e-01,2.00e-01,
19577,2.24e-01,2.00e-01,
19578,2.24e-01,2.00e-01,
19579,2.24e-01,2.00e-01,
19580,2.24e-01,2.00e-01,
19581,2.24e-01,2.00e-01,
19582,2.24e-01,2.00e-01,
19583,2.24e-01,2.00e-01,
19584,2.24e-01,2.00e-01,
19585,2.24e-01,2.00e-01,
19586,2.24e-01,2.00e-01,
19587,2.24e-01,2.00e-01,
19588,2.24e-01,2.00e-01,
19589,2.24e-01,2.00e-01,
19590,2.24e-01,2.00e-01,
19591,2.24e-01,2.00e-01,
19592,2.24e-01,2.00e-01,
19593,2.24e-01,2.00e-01,
19594,2.24e-01,2.00e-01,
19595,2.24e-01,2.00e-01,
19596,2.24e-01,2.00e-01,
19597,2.24e-01,2.00e-01,
19598,2.24e-01,2.00e-01,
19599,2.24e-01,2.00e-01,
19600,2.24e-01,2.00e-01,
19601,2.24e-01,2.00e-01,
19602,2.24e-01,2.00e-01,
19603,2.24e-01,2.00e-01,
19604,2.24e-01,2.00e-01,
19605,2.32e-01,2.00e-01,
19606,2.24e-01,2.00e-01,
19607,2.24e-01,2.00e-01,
19608,2.24e-01,2.00e-01,
19609,2.32e-01,2.00e-01,
19610,2.24e-01,2.00e-01,
19611,2.24e-01,2.00e-01,
19612,2.24e-01,2.00e-01,
19613,2.32e-01,2.00e-01,
19614,2.24e-01,2.00e-01,
19615,2.24e-01,2.00e-01,
19616,2.24e-01,2.00e-01,
19617,2.32e-01,2.00e-01,
19618,2.24e-01,2.00e-01,
19619,2.24e-01,2.00e-01,
19620,2.24e-01,2.00e-01,
19621,2.32e-01,2.00e-01,
19622,2.24e-01,2.00e-01,
19623,2.24e-01,6.00e-01,
19624,2.24e-01,2.00e-01,
19625,2.32e-01,2.00e-01,
19626,2.24e-01,2.00e-01,
19627,2.24e-01,2.00e-01,
19628,2.24e-01,2.00e-01,
19629,2.32e-01,2.00e-01,
19630,2.24e-01,2.00e-01,
19631,2.24e-01,2.00e-01,
19632,2.24e-01,2.00e-01,
19633,2.32e-01,2.00e-01,
19634,2.24e-01,2.00e-01,
19635,2.24e-01,2.00e-01,
19636,2.32e-01,2.00e-01,
19637,2.32e-01,2.00e-01,
19638,2.32e-01,2.00e-01,
19639,2.32e-01,2.00e-01,
19640,2.32e-01,2.00e-01,
19641,2.32e-01,2.00e-01,
19642,2.32e-01,2.00e-01,
19643,2.32e-01,2.00e-01,
19644,2.32e-01,2.00e-01,
19645,2.32e-01,2.00e-01,
19646,2.32e-01,2.00e-01,
19647,2.32e-01,2.00e-01,
19648,2.32e-01,2.00e-01,
19649,2.32e-01,2.00e-01,
19650,2.32e-01,2.00e-01,
19651,2.32e-01,2.00e-01,
19652,2.32e-01,2.00e-01,
19653,2.32e-01,2.00e-01,
19654,2.32e-01,2.00e-01,
19655,2.32e-01,6.00e-01,
19656,2.32e-01,2.00e-01,
19657,2.32e-01,2.00e-01,
19658,2.32e-01,2.00e-01,
19659,2.32e-01,2.00e-01,
19660,2.32e-01,2.00e-01,
19661,2.32e-01,2.00e-01,
19662,2.32e-01,2.00e-01,
19663,2.32e-01,2.00e-01,
19664,2.32e-01,2.00e-01,
19665,2.32e-01,2.00e-01,
19666,2.32e-01,2.00e-01,
19667,2.32e-01,2.00e-01,
19668,2.32e-01,2.00e-01,
19669,2.32e-01,2.00e-01,
19670,2.32e-01,2.00e-01,
19671,2.32e-01,2.00e-01,
19672,2.32e-01,2.00e-01,
19673,2.40e-01,2.00e-01,
19674,2.32e-01,2.00e-01,
19675,2.32e-01,2.00e-01,
19676,2.32e-01,2.00e-01,
19677,2.32e-01,2.00e-01,
19678,2.32e-01,2.00e-01,
19679,2.32e-01,2.00e-01,
19680,2.32e-01,2.00e-01,
19681,2.40e-01,2.00e-01,
19682,2.32e-01,2.00e-01,
19683,2.32e-01,2.00e-01,
19684,2.32e-01,2.00e-01,
19685,2.40e-01,2.00e-01,
19686,2.32e-01,2.00e-01,
19687,2.32e-01,2.00e-01,
19688,2.32e-01,2.00e-01,
19689,2.40e-01,2.00e-01,
19690,2.32e-01,2.00e-01,
19691,2.32e-01,2.00e-01,
19692,2.32e-01,2.00e-01,
19693,2.40e-01,2.00e-01,
19694,2.32e-01,2.00e-01,
19695,2.32e-01,6.00e-01,
19696,2.32e-01,2.00e-01,
19697,2.40e-01,2.00e-01,
19698,2.32e-01,2.00e-01,
19699,2.32e-01,2.00e-01,
19700,2.32e-01,2.00e-01,
19701,2.40e-01,2.00e-01,
19702,2.32e-01,2.00e-01,
19703,2.32e-01,2.00e-01,
19704,2.40e-01,2.00e-01,
19705,2.40e-01,2.00e-01,
19706,2.32e-01,2.00e-01,
19707,2.40e-01,2.00e-01,
19708,2.32e-01,2.00e-01,
19709,2.40e-01,2.00e-01,
19710,2.32e-01,2.00e-01,
19711,2.32e-01,2.00e-01,
19712,2.40e-01,2.00e-01,
19713,2.40e-01,2.00e-01,
19714,2.32e-01,2.00e-01,
19715,2.40e-01,2.00e-01,
19716,2.40e-01,2.00e-01,
19717,2.40e-01,2.00e-01,
19718,2.40e-01,2.00e-01,
19719,2.40e-01,2.00e-01,
19720,2.40e-01,2.00e-01,
19721,2.40e-01,2.00e-01,
19722,2.40e-01,2.00e-01,
19723,2.40e-01,2.00e-01,
19724,2.40e-01,2.00e-01,
19725,2.40e-01,2.00e-01,
19726,2.40e-01,6.00e-01,
19727,2.40e-01,2.00e-01,
19728,2.40e-01,2.00e-01,
19729,2.40e-01,6.00e-01,
19730,2.40e-01,2.00e-01,
19731,2.40e-01,6.00e-01,
19732,2.40e-01,2.00e-01,
19733,2.40e-01,2.00e-01,
19734,2.40e-01,6.00e-01,
19735,2.40e-01,2.00e-01,
19736,2.40e-01,2.00e-01,
19737,2.40e-01,2.00e-01,
19738,2.40e-01,2.00e-01,
19739,2.40e-01,2.00e-01,
19740,2.40e-01,2.00e-01,
19741,2.40e-01,2.00e-01,
19742,2.40e-01,2.00e-01,
19743,2.40e-01,6.00e-01,
19744,2.40e-01,2.00e-01,
19745,2.40e-01,2.00e-01,
19746,2.40e-01,2.00e-01,
19747,2.40e-01,2.00e-01,
19748,2.40e-01,2.00e-01,
19749,2.48e-01,2.00e-01,
19750,2.40e-01,2.00e-01,
19751,2.40e-01,6.00e-01,
19752,2.40e-01,2.00e-01,
19753,2.40e-01,2.00e-01,
19754,2.40e-01,2.00e-01,
19755,2.40e-01,2.00e-01,
19756,2.40e-01,2.00e-01,
19757,2.48e-01,2.00e-01,
19758,2.40e-01,2.00e-01,
19759,2.40e-01,2.00e-01,
19760,2.40e-01,2.00e-01,
19761,2.48e-01,2.00e-01,
19762,2.40e-01,2.00e-01,
19763,2.40e-01,2.00e-01,
19764,2.40e-01,2.00e-01,
19765,2.48e-01,2.00e-01,
19766,2.40e-01,2.00e-01,
19767,2.48e-01,2.00e-01,
19768,2.40e-01,2.00e-01,
19769,2.48e-01,2.00e-01,
19770,2.40e-01,2.00e-01,
19771,2.40e-01,2.00e-01,
19772,2.48e-01,2.00e-01,
19773,2.48e-01,2.00e-01,
19774,2.40e-01,2.00e-01,
19775,2.48e-01,6.00e-01,
19776,2.48e-01,2.00e-01,
19777,2.48e-01,2.00e-01,
19778,2.40e-01,2.00e-01,
19779,2.48e-01,2.00e-01,
19780,2.48e-01,2.00e-01,
19781,2.48e-01,2.00e-01,
19782,2.48e-01,2.00e-01,
19783,2.48e-01,2.00e-01,
19784,2.40e-01,2.00e-01,
19785,2.48e-01,2.00e-01,
19786,2.40e-01,2.00e-01,
19787,2.48e-01,2.00e-01,
19788,2.40e-01,2.00e-01,
19789,2.48e-01,2.00e-01,
19790,2.48e-01,2.00e-01,
19791,2.48e-01,2.00e-01,
19792,2.48e-01,2.00e-01,
19793,2.48e-01,2.00e-01,
19794,2.48e-01,2.00e-01,
19795,2.48e-01,2.00e-01,
19796,2.48e-01,2.00e-01,
19797,2.48e-01,2.00e-01,
19798,2.48e-01,2.00e-01,
19799,2.48e-01,2.00e-01,
19800,2.48e-01,2.00e-01,
19801,2.48e-01,2.00e-01,
19802,2.48e-01,2.00e-01,
19803,2.48e-01,6.00e-01,
19804,2.48e-01,2.00e-01,
19805,2.48e-01,2.00e-01,
19806,2.48e-01,2.00e-01,
19807,2.48e-01,6.00e-01,
19808,2.48e-01,2.00e-01,
19809,2.56e-01,2.00e-01,
19810,2.48e-01,2.00e-01,
19811,2.48e-01,2.00e-01,
19812,2.48e-01,2.00e-01,
19813,2.48e-01,2.00e-01,
19814,2.48e-01,2.00e-01,
19815,2.48e-01,2.00e-01,
19816,2.48e-01,2.00e-01,
19817,2.48e-01,2.00e-01,
19818,2.48e-01,2.00e-01,
19819,2.48e-01,2.00e-01,
19820,2.48e-01,2.00e-01,
19821,2.56e-01,2.00e-01,
19822,2.48e-01,2.00e-01,
19823,2.48e-01,2.00e-01,
19824,2.48e-01,2.00e-01,
19825,2.56e-01,2.00e-01,
19826,2.48e-01,2.00e-01,
19827,2.48e-01,2.00e-01,
19828,2.48e-01,2.00e-01,
19829,2.56e-01,2.00e-01,
19830,2.48e-01,2.00e-01,
19831,2.48e-01,6.00e-01,
19832,2.48e-01,2.00e-01,
19833,2.56e-01,2.00e-01,
19834,2.48e-01,2.00e-01,
19835,2.48e-01,2.00e-01,
19836,2.48e-01,2.00e-01,
19837,2.56e-01,2.00e-01,
19838,2.48e-01,2.00e-01,
19839,2.56e-01,2.00e-01,
19840,2.48e-01,2.00e-01,
19841,2.56e-01,2.00e-01,
19842,2.48e-01,2.00e-01,
19843,2.48e-01,2.00e-01,
19844,2.48e-01,2.00e-01,
19845,2.56e-01,2.00e-01,
19846,2.48e-01,2.00e-01,
19847,2.56e-01,2.00e-01,
19848,2.48e-01,2.00e-01,
19849,2.56e-01,2.00e-01,
19850,2.48e-01,2.00e-01,
19851,2.56e-01,6.00e-01,
19852,2.48e-01,2.00e-01,
19853,2.56e-01,2.00e-01,
19854,2.48e-01,2.00e-01,
19855,2.56e-01,2.00e-01,
19856,2.48e-01,2.00e-01,
19857,2.56e-01,2.00e-01,
19858,2.48e-01,6.00e-01,
19859,2.56e-01,2.00e-01,
19860,2.56e-01,2.00e-01,
19861,2.56e-01,2.00e-01,
19862,2.56e-01,2.00e-01,
19863,2.56e-01,6.00e-01,
19864,2.56e-01,2.00e-01,
19865,2.56e-01,2.00e-01,
19866,2.56e-01,2.00e-01,
19867,2.56e-01,6.00e-01,
19868,2.56e-01,2.00e-01,
19869,2.56e-01,2.00e-01,
19870,2.56e-01,2.00e-01,
19871,2.56e-01,6.00e-01,
19872,2.56e-01,2.00e-01,
19873,2.56e-01,2.00e-01,
19874,2.56e-01,2.00e-01,
19875,2.56e-01,6.00e-01,
19876,2.56e-01,2.00e-01,
19877,2.56e-01,2.00e-01,
19878,2.56e-01,2.00e-01,
19879,2.56e-01,2.00e-01,
19880,2.56e-01,2.00e-01,
19881,2.56e-01,2.00e-01,
19882,2.56e-01,2.00e-01,
19883,2.56e-01,2.00e-01,
19884,2.56e-01,2.00e-01,
19885,2.64e-01,2.00e-01,
19886,2.56e-01,2.00e-01,
19887,2.56e-01,2.00e-01,
19888,2.56e-01,2.00e-01,
19889,2.64e-01,2.00e-01,
19890,2.56e-01,2.00e-01,
19891,2.56e-01,2.00e-01,
19892,2.56e-01,2.00e-01,
19893,2.64e-01,2.00e-01,
19894,2.56e-01,2.00e-01,
19895,2.56e-01,2.00e-01,
19896,2.56e-01,2.00e-01,
19897,2.64e-01,2.00e-01,
19898,2.56e-01,2.00e-01,
19899,2.56e-01,2.00e-01,
19900,2.56e-01,2.00e-01,
19901,2.64e-01,2.00e-01,
19902,2.56e-01,2.00e-01,
19903,2.56e-01,6.00e-01,
19904,2.56e-01,2.00e-01,
19905,2.64e-01,2.00e-01,
19906,2.56e-01,2.00e-01,
19907,2.56e-01,2.00e-01,
19908,2.56e-01,2.00e-01,
19909,2.64e-01,2.00e-01,
19910,2.56e-01,6.00e-01,
19911,2.56e-01,6.00e-01,
19912,2.56e-01,2.00e-01,
19913,2.64e-01,2.00e-01,
19914,2.56e-01,2.00e-01,
19915,2.56e-01,6.00e-01,
19916,2.64e-01,2.00e-01,
19917,2.64e-01,2.00e-01,
19918,2.56e-01,2.00e-01,
19919,2.64e-01,2.00e-01,
19920,2.64e-01,2.00e-01,
19921,2.64e-01,2.00e-01,
19922,2.56e-01,2.00e-01,
19923,2.64e-01,2.00e-01,
19924,2.64e-01,2.00e-01,
19925,2.64e-01,2.00e-01,
19926,2.56e-01,2.00e-01,
19927,2.64e-01,2.00e-01,
19928,2.64e-01,2.00e-01,
19929,2.64e-01,6.00e-01,
19930,2.64e-01,2.00e-01,
19931,2.64e-01,6.00e-01,
19932,2.56e-01,2.00e-01,
19933,2.64e-01,2.00e-01,
19934,2.64e-01,6.00e-01,
19935,2.64e-01,2.00e-01,
19936,2.64e-01,2.00e-01,
19937,2.64e-01,2.00e-01,
19938,2.64e-01,2.00e-01,
19939,2.64e-01,2.00e-01,
19940,2.64e-01,2.00e-01,
19941,2.64e-01,2.00e-01,
19942,2.64e-01,2.00e-01,
19943,2.64e-01,6.00e-01,
19944,2.64e-01,2.00e-01,
19945,2.64e-01,2.00e-01,
19946,2.64e-01,2.00e-01,
19947,2.64e-01,2.00e-01,
19948,2.64e-01,6.00e-01,
19949,2.64e-01,2.00e-01,
19950,2.64e-01,2.00e-01,
19951,2.64e-01,6.00e-01,
19952,2.64e-01,2.00e-01,
19953,2.72e-01,2.00e-01,
19954,2.64e-01,2.00e-01,
19955,2.64e-01,2.00e-01,
19956,2.64e-01,2.00e-01,
19957,2.64e-01,2.00e-01,
19958,2.64e-01,2.00e-01,
19959,2.64e-01,6.00e-01,
19960,2.64e-01,2.00e-01,
19961,2.72e-01,2.00e-01,
19962,2.64e-01,2.00e-01,
19963,2.64e-01,2.00e-01,
19964,2.64e-01,2.00e-01,
19965,2.72e-01,2.00e-01,
19966,2.64e-01,2.00e-01,
19967,2.64e-01,6.00e-01,
19968,2.64e-01,2.00e-01,
19969,2.72e-01,2.00e-01,
19970,2.64e-01,2.00e-01,
19971,2.64e-01,2.00e-01,
19972,2.64e-01,2.00e-01,
19973,2.72e-01,2.00e-01,
19974,2.64e-01,2.00e-01,
19975,2.64e-01,6.00e-01,
19976,2.64e-01,2.00e-01,
19977,2.72e-01,2.00e-01,
19978,2.64e-01,6.00e-01,
19979,2.72e-01,2.00e-01,
19980,2.64e-01,2.00e-01,
19981,2.72e-01,2.00e-01,
19982,2.64e-01,2.00e-01,
19983,2.72e-01,6.00e-01,
19984,2.64e-01,2.00e-01,
19985,2.72e-01,2.00e-01,
19986,2.64e-01,2.00e-01,
19987,2.72e-01,2.00e-01,
19988,2.64e-01,2.00e-01,
19989,2.72e-01,2.00e-01,
19990,2.64e-01,2.00e-01,
19991,2.64e-01,6.00e-01,
19992,2.64e-01,2.00e-01,
19993,2.72e-01,2.00e-01,
19994,2.64e-01,2.00e-01,
19995,2.72e-01,6.00e-01,
19996,2.64e-01,2.00e-01,
19997,2.72e-01,2.00e-01,
19998,2.64e-01,2.00e-01,
19999,2.72e-01,6.00e-01,
20000,2.72e-01,2.00e-01,
20001,2.72e-01,2.00e-01,
20002,2.64e-01,2.00e-01,
20003,2.72e-01,2.00e-01,
20004,2.72e-01,2.00e-01,
20005,2.72e-01,2.00e-01,
20006,2.72e-01,6.00e-01,
20007,2.72e-01,6.00e-01,
20008,2.72e-01,2.00e-01,
20009,2.72e-01,2.00e-01,
20010,2.64e-01,2.00e-01,
20011,2.72e-01,6.00e-01,
20012,2.72e-01,2.00e-01,
20013,2.72e-01,2.00e-01,
20014,2.72e-01,2.00e-01,
20015,2.72e-01,6.00e-01,
20016,2.72e-01,2.00e-01,
20017,2.72e-01,2.00e-01,
20018,2.72e-01,6.00e-01,
20019,2.72e-01,2.00e-01,
20020,2.72e-01,2.00e-01,
20021,2.72e-01,2.00e-01,
20022,2.72e-01,2.00e-01,
20023,2.72e-01,2.00e-01,
20024,2.72e-01,2.00e-01,
20025,2.80e-01,6.00e-01,
20026,2.72e-01,2.00e-01,
20027,2.72e-01,2.00e-01,
20028,2.72e-01,2.00e-01,
20029,2.80e-01,2.00e-01,
20030,2.72e-01,2.00e-01,
20031,2.72e-01,6.00e-01,
20032,2.72e-01,2.00e-01,
20033,2.72e-01,2.00e-01,
20034,2.72e-01,6.00e-01,
20035,2.72e-01,6.00e-01,
20036,2.72e-01,2.00e-01,
20037,2.80e-01,2.00e-01,
20038,2.72e-01,6.00e-01,
20039,2.72e-01,6.00e-01,
20040,2.72e-01,2.00e-01,
20041,2.80e-01,2.00e-01,
20042,2.72e-01,2.00e-01,
20043,2.72e-01,6.00e-01,
20044,2.72e-01,2.00e-01,
20045,2.80e-01,2.00e-01,
20046,2.72e-01,6.00e-01,
20047,2.72e-01,6.00e-01,
20048,2.72e-01,2.00e-01,
20049,2.80e-01,2.00e-01,
20050,2.72e-01,2.00e-01,
20051,2.72e-01,6.00e-01,
20052,2.72e-01,2.00e-01,
20053,2.80e-01,2.00e-01,
20054,2.72e-01,2.00e-01,
20055,2.72e-01,6.00e-01,
20056,2.72e-01,2.00e-01,
20057,2.80e-01,2.00e-01,
20058,2.72e-01,6.00e-01,
20059,2.80e-01,2.00e-01,
20060,2.72e-01,2.00e-01,
20061,2.80e-01,2.00e-01,
20062,2.72e-01,2.00e-01,
20063,2.80e-01,6.00e-01,
20064,2.80e-01,2.00e-01,
20065,2.80e-01,2.00e-01,
20066,2.72e-01,2.00e-01,
20067,2.80e-01,2.00e-01,
20068,2.80e-01,2.00e-01,
20069,2.80e-01,2.00e-01,
20070,2.80e-01,6.00e-01,
20071,2.80e-01,6.00e-01,
20072,2.80e-01,2.00e-01,
20073,2.80e-01,2.00e-01,
20074,2.72e-01,2.00e-01,
20075,2.80e-01,6.00e-01,
20076,2.80e-01,2.00e-01,
20077,2.80e-01,2.00e-01,
20078,2.80e-01,2.00e-01,
20079,2.80e-01,6.00e-01,
20080,2.80e-01,2.00e-01,
20081,2.80e-01,2.00e-01,
20082,2.80e-01,2.00e-01,
20083,2.80e-01,2.00e-01,
20084,2.80e-01,2.00e-01,
20085,2.80e-01,2.00e-01,
20086,2.80e-01,6.00e-01,
20087,2.80e-01,6.00e-01,
20088,2.80e-01,2.00e-01,
20089,2.80e-01,2.00e-01,
20090,2.80e-01,2.00e-01,
20091,2.80e-01,6.00e-01,
20092,2.80e-01,2.00e-01,
20093,2.80e-01,2.00e-01,
20094,2.80e-01,2.00e-01,
20095,2.80e-01,6.00e-01,
20096,2.80e-01,2.00e-01,
20097,2.80e-01,2.00e-01,
20098,2.80e-01,6.00e-01,
20099,2.80e-01,2.00e-01,
20100,2.80e-01,2.00e-01,
20101,2.80e-01,2.00e-01,
20102,2.80e-01,2.00e-01,
20103,2.80e-01,6.00e-01,
20104,2.80e-01,2.00e-01,
20105,2.88e-01,2.00e-01,
20106,2.80e-01,6.00e-01,
20107,2.80e-01,2.00e-01,
20108,2.80e-01,6.00e-01,
20109,2.88e-01,2.00e-01,
20110,2.80e-01,2.00e-01,
20111,2.80e-01,6.00e-01,
20112,2.80e-01,2.00e-01,
20113,2.88e-01,6.00e-01,
20114,2.80e-01,6.00e-01,
20115,2.80e-01,6.00e-01,
20116,2.80e-01,2.00e-01,
20117,2.88e-01,2.00e-01,
20118,2.80e-01,2.00e-01,
20119,2.80e-01,6.00e-01,
20120,2.80e-01,2.00e-01,
20121,2.88e-01,2.00e-01,
20122,2.80e-01,2.00e-01,
20123,2.80e-01,6.00e-01,
20124,2.80e-01,2.00e-01,
20125,2.88e-01,2.00e-01,
20126,2.80e-01,6.00e-01,
20127,2.88e-01,2.00e-01,
20128,2.80e-01,2.00e-01,
20129,2.80e-01,6.00e-01,
20130,2.88e-01,2.00e-01,
20131,2.80e-01,6.00e-01,
20132,2.80e-01,2.00e-01,
20133,2.88e-01,2.00e-01,
20134,2.80e-01,6.00e-01,
20135,2.88e-01,2.00e-01,
20136,2.80e-01,6.00e-01,
20137,2.88e-01,2.00e-01,
20138,2.80e-01,2.00e-01,
20139,2.80e-01,6.00e-01,
20140,2.80e-01,2.00e-01,
20141,2.88e-01,2.00e-01,
20142,2.88e-01,6.00e-01,
20143,2.88e-01,2.00e-01,
20144,2.88e-01,2.00e-01,
20145,2.88e-01,2.00e-01,
20146,2.80e-01,6.00e-01,
20147,2.88e-01,2.00e-01,
20148,2.80e-01,6.00e-01,
20149,2.88e-01,2.00e-01,
20150,2.88e-01,2.00e-01,
20151,2.88e-01,6.00e-01,
20152,2.88e-01,2.00e-01,
20153,2.88e-01,2.00e-01,
20154,2.88e-01,2.00e-01,
20155,2.88e-01,2.00e-01,
20156,2.88e-01,2.00e-01,
20157,2.88e-01,2.00e-01,
20158,2.88e-01,6.00e-01,
20159,2.88e-01,6.00e-01,
20160,2.88e-01,2.00e-01,
20161,2.88e-01,6.00e-01,
20162,2.88e-01,2.00e-01,
20163,2.88e-01,6.00e-01,
20164,2.88e-01,2.00e-01,
20165,2.88e-01,2.00e-01,
20166,2.88e-01,6.00e-01,
20167,2.88e-01,6.00e-01,
20168,2.88e-01,6.00e-01,
20169,2.88e-01,2.00e-01,
20170,2.88e-01,6.00e-01,
20171,2.88e-01,6.00e-01,
20172,2.88e-01,2.00e-01,
20173,2.88e-01,2.00e-01,
20174,2.88e-01,2.00e-01,
20175,2.88e-01,6.00e-01,
20176,2.88e-01,2.00e-01,
20177,2.96e-01,2.00e-01,
20178,2.88e-01,6.00e-01,
20179,2.88e-01,6.00e-01,
20180,2.88e-01,2.00e-01,
20181,2.96e-01,2.00e-01,
20182,2.88e-01,2.00e-01,
20183,2.88e-01,6.00e-01,
20184,2.88e-01,2.00e-01,
20185,2.96e-01,2.00e-01,
20186,2.88e-01,6.00e-01,
20187,2.88e-01,2.00e-01,
20188,2.88e-01,2.00e-01,
20189,2.96e-01,2.00e-01,
20190,2.88e-01,6.00e-01,
20191,2.88e-01,6.00e-01,
20192,2.88e-01,2.00e-01,
20193,2.96e-01,6.00e-01,
20194,2.88e-01,2.00e-01,
20195,2.88e-01,6.00e-01,
20196,2.88e-01,2.00e-01,
20197,2.96e-01,2.00e-01,
20198,2.88e-01,6.00e-01,
20199,2.96e-01,6.00e-01,
20200,2.88e-01,2.00e-01,
20201,2.96e-01,2.00e-01,
20202,2.88e-01,2.00e-01,
20203,2.88e-01,6.00e-01,
20204,2.88e-01,2.00e-01,
20205,2.96e-01,2.00e-01,
20206,2.88e-01,2.00e-01,
20207,2.88e-01,6.00e-01,
20208,2.88e-01,2.00e-01,
20209,2.96e-01,2.00e-01,
20210,2.88e-01,6.00e-01,
20211,2.96e-01,6.00e-01,
20212,2.96e-01,2.00e-01,
20213,2.96e-01,2.00e-01,
20214,2.88e-01,2.00e-01,
20215,2.96e-01,6.00e-01,
20216,2.96e-01,2.00e-01,
20217,2.96e-01,2.00e-01,
20218,2.88e-01,6.00e-01,
20219,2.96e-01,6.00e-01,
20220,2.96e-01,2.00e-01,
20221,2.96e-01,2.00e-01,
20222,2.96e-01,6.00e-01,
20223,2.96e-01,6.00e-01,
20224,2.96e-01,2.00e-01,
20225,2.96e-01,2.00e-01,
20226,2.88e-01,2.00e-01,
20227,2.96e-01,6.00e-01,
20228,2.96e-01,2.00e-01,
20229,2.96e-01,2.00e-01,
20230,2.96e-01,6.00e-01,
20231,2.96e-01,6.00e-01,
20232,2.96e-01,2.00e-01,
20233,2.96e-01,6.00e-01,
20234,2.96e-01,2.00e-01,
20235,2.96e-01,6.00e-01,
20236,2.96e-01,2.00e-01,
20237,2.96e-01,2.00e-01,
20238,2.96e-01,6.00e-01,
20239,2.96e-01,6.00e-01,
20240,2.96e-01,2.00e-01,
20241,2.96e-01,6.00e-01,
20242,2.96e-01,6.00e-01,
20243,2.96e-01,6.00e-01,
20244,2.96e-01,2.00e-01,
20245,3.04e-01,2.00e-01,
20246,2.96e-01,6.00e-01,
20247,2.96e-01,6.00e-01,
20248,2.96e-01,2.00e-01,
20249,3.04e-01,2.00e-01,
20250,2.96e-01,6.00e-01,
20251,2.96e-01,6.00e-01,
20252,2.96e-01,2.00e-01,
20253,3.04e-01,2.00e-01,
20254,2.96e-01,2.00e-01,
20255,2.96e-01,6.00e-01,
20256,2.96e-01,2.00e-01,
20257,3.04e-01,2.00e-01,
20258,2.96e-01,6.00e-01,
20259,2.96e-01,6.00e-01,
20260,2.96e-01,2.00e-01,
20261,3.04e-01,2.00e-01,
20262,2.96e-01,2.00e-01,
20263,2.96e-01,6.00e-01,
20264,2.96e-01,2.00e-01,
20265,3.04e-01,6.00e-01,
20266,2.96e-01,2.00e-01,
20267,2.96e-01,6.00e-01,
20268,2.96e-01,6.00e-01,
20269,3.04e-01,2.00e-01,
20270,2.96e-01,2.00e-01,
20271,2.96e-01,6.00e-01,
20272,2.96e-01,2.00e-01,
20273,3.04e-01,6.00e-01,
20274,2.96e-01,2.00e-01,
20275,3.04e-01,6.00e-01,
20276,2.96e-01,6.00e-01,
20277,3.04e-01,2.00e-01,
20278,2.96e-01,6.00e-01,
20279,3.04e-01,6.00e-01,
20280,2.96e-01,2.00e-01,
20281,3.04e-01,6.00e-01,
20282,2.96e-01,2.00e-01,
20283,3.04e-01,6.00e-01,
20284,3.04e-01,2.00e-01,
20285,3.04e-01,2.00e-01,
20286,3.04e-01,2.00e-01,
20287,3.04e-01,6.00e-01,
20288,3.04e-01,6.00e-01,
20289,3.04e-01,2.00e-01,
20290,2.96e-01,6.00e-01,
20291,3.04e-01,2.00e-01,
20292,3.04e-01,2.00e-01,
20293,3.04e-01,2.00e-01,
20294,2.96e-01,6.00e-01,
20295,3.04e-01,6.00e-01,
20296,3.04e-01,6.00e-01,
20297,3.04e-01,6.00e-01,
20298,3.04e-01,6.00e-01,
20299,3.04e-01,6.00e-01,
20300,3.04e-01,2.00e-01,
20301,3.04e-01,2.00e-01,
20302,3.04e-01,6.00e-01,
20303,3.04e-01,6.00e-01,
20304,3.04e-01,2.00e-01,
20305,3.04e-01,2.00e-01,
20306,3.04e-01,2.00e-01,
20307,3.04e-01,6.00e-01,
20308,3.04e-01,6.00e-01,
20309,3.04e-01,2.00e-01,
20310,3.04e-01,2.00e-01,
20311,3.04e-01,6.00e-01,
20312,3.04e-01,2.00e-01,
20313,3.04e-01,2.00e-01,
20314,3.04e-01,6.00e-01,
20315,3.04e-01,6.00e-01,
20316,3.04e-01,6.00e-01,
20317,3.04e-01,2.00e-01,
20318,3.04e-01,6.00e-01,
20319,3.04e-01,6.00e-01,
20320,3.04e-01,2.00e-01,
20321,3.04e-01,6.00e-01,
20322,3.04e-01,2.00e-01,
20323,3.04e-01,6.00e-01,
20324,3.04e-01,2.00e-01,
20325,3.12e-01,2.00e-01,
20326,3.04e-01,2.00e-01,
20327,3.04e-01,6.00e-01,
20328,3.04e-01,2.00e-01,
20329,3.04e-01,6.00e-01,
20330,3.04e-01,2.00e-01,
20331,3.04e-01,6.00e-01,
20332,3.04e-01,2.00e-01,
20333,3.12e-01,2.00e-01,
20334,3.04e-01,6.00e-01,
20335,3.12e-01,6.00e-01,
20336,3.04e-01,2.00e-01,
20337,3.12e-01,2.00e-01,
20338,3.04e-01,6.00e-01,
20339,3.04e-01,6.00e-01,
20340,3.04e-01,2.00e-01,
20341,3.12e-01,2.00e-01,
20342,3.04e-01,6.00e-01,
20343,3.04e-01,6.00e-01,
20344,3.04e-01,2.00e-01,
20345,3.12e-01,2.00e-01,
20346,3.04e-01,6.00e-01,
20347,3.12e-01,2.00e-01,
20348,3.04e-01,6.00e-01,
20349,3.12e-01,2.00e-01,
20350,3.04e-01,6.00e-01,
20351,3.12e-01,6.00e-01,
20352,3.12e-01,2.00e-01,
20353,3.12e-01,6.00e-01,
20354,3.04e-01,6.00e-01,
20355,3.12e-01,6.00e-01,
20356,3.04e-01,6.00e-01,
20357,3.12e-01,2.00e-01,
20358,3.04e-01,6.00e-01,
20359,3.12e-01,6.00e-01,
20360,3.12e-01,2.00e-01,
20361,3.12e-01,6.00e-01,
20362,3.04e-01,6.00e-01,
20363,3.12e-01,6.00e-01,
20364,3.12e-01,2.00e-01,
20365,3.12e-01,2.00e-01,
20366,3.12e-01,6.00e-01,
20367,3.12e-01,6.00e-01,
20368,3.12e-01,2.00e-01,
20369,3.12e-01,2.00e-01,
20370,3.04e-01,6.00e-01,
20371,3.12e-01,6.00e-01,
20372,3.12e-01,2.00e-01,
20373,3.12e-01,2.00e-01,
20374,3.12e-01,6.00e-01,
20375,3.12e-01,6.00e-01,
20376,3.12e-01,6.00e-01,
20377,3.12e-01,2.00e-01,
20378,3.12e-01,6.00e-01,
20379,3.12e-01,6.00e-01,
20380,3.12e-01,2.00e-01,
20381,3.12e-01,2.00e-01,
20382,3.12e-01,6.00e-01,
20383,3.12e-01,6.00e-01,
20384,3.12e-01,2.00e-01,
20385,3.12e-01,2.00e-01,
20386,3.12e-01,6.00e-01,
20387,3.12e-01,6.00e-01,
20388,3.12e-01,6.00e-01,
20389,3.20e-01,2.00e-01,
20390,3.12e-01,6.00e-01,
20391,3.12e-01,6.00e-01,
20392,3.12e-01,2.00e-01,
20393,3.20e-01,6.00e-01,
20394,3.12e-01,6.00e-01,
20395,3.12e-01,6.00e-01,
20396,3.12e-01,2.00e-01,
20397,3.20e-01,2.00e-01,
20398,3.12e-01,6.00e-01,
20399,3.12e-01,6.00e-01,
20400,3.12e-01,2.00e-01,
20401,3.20e-01,2.00e-01,
20402,3.12e-01,6.00e-01,
20403,3.12e-01,6.00e-01,
20404,3.12e-01,6.00e-01,
20405,3.20e-01,2.00e-01,
20406,3.12e-01,6.00e-01,
20407,3.12e-01,6.00e-01,
20408,3.12e-01,2.00e-01,
20409,3.20e-01,6.00e-01,
20410,3.12e-01,6.00e-01,
20411,3.12e-01,6.00e-01,
20412,3.12e-01,2.00e-01,
20413,3.20e-01,2.00e-01,
20414,3.12e-01,6.00e-01,
20415,3.20e-01,6.00e-01,
20416,3.12e-01,2.00e-01,
20417,3.20e-01,2.00e-01,
20418,3.12e-01,6.00e-01,
20419,3.20e-01,6.00e-01,
20420,3.12e-01,2.00e-01,
20421,3.20e-01,2.00e-01,
20422,3.12e-01,2.00e-01,
20423,3.20e-01,6.00e-01,
20424,3.12e-01,2.00e-01,
20425,3.20e-01,2.00e-01,
20426,3.12e-01,6.00e-01,
20427,3.20e-01,6.00e-01,
20428,3.12e-01,6.00e-01,
20429,3.20e-01,2.00e-01,
20430,3.12e-01,6.00e-01,
20431,3.20e-01,6.00e-01,
20432,3.12e-01,2.00e-01,
20433,3.20e-01,2.00e-01,
20434,3.12e-01,6.00e-01,
20435,3.20e-01,6.00e-01,
20436,3.20e-01,6.00e-01,
20437,3.20e-01,2.00e-01,
20438,3.20e-01,6.00e-01,
20439,3.20e-01,6.00e-01,
20440,3.20e-01,2.00e-01,
20441,3.20e-01,6.00e-01,
20442,3.20e-01,2.00e-01,
20443,3.20e-01,6.00e-01,
20444,3.20e-01,2.00e-01,
20445,3.20e-01,2.00e-01,
20446,3.20e-01,6.00e-01,
20447,3.20e-01,6.00e-01,
20448,3.20e-01,2.00e-01,
20449,3.20e-01,6.00e-01,
20450,3.20e-01,6.00e-01,
20451,3.20e-01,6.00e-01,
20452,3.20e-01,2.00e-01,
20453,3.20e-01,2.00e-01,
20454,3.20e-01,6.00e-01,
20455,3.20e-01,6.00e-01,
20456,3.20e-01,2.00e-01,
20457,3.28e-01,6.00e-01,
20458,3.20e-01,6.00e-01,
20459,3.20e-01,6.00e-01,
20460,3.20e-01,6.00e-01,
20461,3.20e-01,2.00e-01,
20462,3.20e-01,6.00e-01,
20463,3.20e-01,6.00e-01,
20464,3.20e-01,2.00e-01,
20465,3.28e-01,6.00e-01,
20466,3.20e-01,6.00e-01,
20467,3.20e-01,6.00e-01,
20468,3.20e-01,6.00e-01,
20469,3.28e-01,2.00e-01,
20470,3.20e-01,6.00e-01,
20471,3.20e-01,6.00e-01,
20472,3.20e-01,2.00e-01,
20473,3.28e-01,6.00e-01,
20474,3.20e-01,6.00e-01,
20475,3.20e-01,6.00e-01,
20476,3.20e-01,6.00e-01,
20477,3.28e-01,2.00e-01,
20478,3.20e-01,6.00e-01,
20479,3.20e-01,6.00e-01,
20480,3.20e-01,2.00e-01,
20481,3.28e-01,6.00e-01,
20482,3.20e-01,6.00e-01,
20483,3.20e-01,6.00e-01,
20484,3.20e-01,6.00e-01,
20485,3.28e-01,2.00e-01,
20486,3.20e-01,6.00e-01,
20487,3.20e-01,6.00e-01,
20488,3.20e-01,6.00e-01,
20489,3.28e-01,2.00e-01,
20490,3.20e-01,6.00e-01,
20491,3.28e-01,6.00e-01,
20492,3.20e-01,6.00e-01,
20493,3.28e-01,2.00e-01,
20494,3.20e-01,6.00e-01,
20495,3.28e-01,6.00e-01,
20496,3.20e-01,2.00e-01,
20497,3.28e-01,6.00e-01,
20498,3.20e-01,6.00e-01,
20499,3.28e-01,6.00e-01,
20500,3.20e-01,2.00e-01,
20501,3.28e-01,2.00e-01,
20502,3.20e-01,6.00e-01,
20503,3.28e-01,6.00e-01,
20504,3.20e-01,6.00e-01,
20505,3.28e-01,2.00e-01,
20506,3.20e-01,6.00e-01,
20507,3.28e-01,6.00e-01,
20508,3.20e-01,6.00e-01,
20509,3.28e-01,2.00e-01,
20510,3.28e-01,6.00e-01,
20511,3.28e-01,6.00e-01,
20512,3.28e-01,2.00e-01,
20513,3.28e-01,6.00e-01,
20514,3.20e-01,6.00e-01,
20515,3.28e-01,6.00e-01,
20516,3.28e-01,6.00e-01,
20517,3.28e-01,2.00e-01,
20518,3.28e-01,6.00e-01,
20519,3.28e-01,6.00e-01,
20520,3.28e-01,6.00e-01,
20521,3.28e-01,6.00e-01,
20522,3.28e-01,6.00e-01,
20523,3.28e-01,6.00e-01,
20524,3.28e-01,6.00e-01,
20525,3.28e-01,2.00e-01,
20526,3.28e-01,6.00e-01,
20527,3.28e-01,6.00e-01,
20528,3.28e-01,2.00e-01,
20529,3.28e-01,6.00e-01,
20530,3.28e-01,2.00e-01,
20531,3.28e-01,6.00e-01,
20532,3.28e-01,6.00e-01,
20533,3.36e-01,2.00e-01,
20534,3.28e-01,6.00e-01,
20535,3.28e-01,6.00e-01,
20536,3.28e-01,6.00e-01,
20537,3.28e-01,6.00e-01,
20538,3.28e-01,6.00e-01,
20539,3.28e-01,6.00e-01,
20540,3.28e-01,6.00e-01,
20541,3.36e-01,2.00e-01,
20542,3.28e-01,6.00e-01,
20543,3.28e-01,6.00e-01,
20544,3.28e-01,2.00e-01,
20545,3.36e-01,6.00e-01,
20546,3.28e-01,6.00e-01,
20547,3.28e-01,6.00e-01,
20548,3.28e-01,6.00e-01,
20549,3.36e-01,2.00e-01,
20550,3.28e-01,6.00e-01,
20551,3.28e-01,6.00e-01,
20552,3.28e-01,6.00e-01,
20553,3.36e-01,6.00e-01,
20554,3.28e-01,6.00e-01,
20555,3.28e-01,6.00e-01,
20556,3.28e-01,2.00e-01,
20557,3.36e-01,6.00e-01,
20558,3.28e-01,6.00e-01,
20559,3.28e-01,6.00e-01,
20560,3.28e-01,2.00e-01,
20561,3.36e-01,6.00e-01,
20562,3.28e-01,6.00e-01,
20563,3.36e-01,6.00e-01,
20564,3.28e-01,6.00e-01,
20565,3.36e-01,2.00e-01,
20566,3.28e-01,6.00e-01,
20567,3.36e-01,6.00e-01,
20568,3.28e-01,6.00e-01,
20569,3.36e-01,6.00e-01,
20570,3.28e-01,6.00e-01,
20571,3.36e-01,6.00e-01,
20572,3.28e-01,2.00e-01,
20573,3.36e-01,2.00e-01,
20574,3.28e-01,6.00e-01,
20575,3.36e-01,6.00e-01,
20576,3.28e-01,6.00e-01,
20577,3.36e-01,2.00e-01,
20578,3.28e-01,6.00e-01,
20579,3.36e-01,6.00e-01,
20580,3.28e-01,6.00e-01,
20581,3.36e-01,6.00e-01,
20582,3.28e-01,2.00e-01,
20583,3.36e-01,6.00e-01,
20584,3.36e-01,6.00e-01,
20585,3.36e-01,6.00e-01,
20586,3.28e-01,6.00e-01,
20587,3.36e-01,6.00e-01,
20588,3.36e-01,6.00e-01,
20589,3.36e-01,2.00e-01,
20590,3.36e-01,6.00e-01,
20591,3.36e-01,6.00e-01,
20592,3.36e-01,2.00e-01,
20593,3.36e-01,6.00e-01,
20594,3.36e-01,6.00e-01,
20595,3.36e-01,6.00e-01,
20596,3.36e-01,6.00e-01,
20597,3.44e-01,2.00e-01,
20598,3.36e-01,6.00e-01,
20599,3.36e-01,6.00e-01,
20600,3.36e-01,6.00e-01,
20601,3.36e-01,6.00e-01,
20602,3.36e-01,6.00e-01,
20603,3.36e-01,6.00e-01,
20604,3.36e-01,2.00e-01,
20605,3.44e-01,2.00e-01,
20606,3.36e-01,6.00e-01,
20607,3.36e-01,6.00e-01,
20608,3.36e-01,6.00e-01,
20609,3.44e-01,6.00e-01,
20610,3.36e-01,6.00e-01,
20611,3.36e-01,6.00e-01,
20612,3.36e-01,2.00e-01,
20613,3.44e-01,2.00e-01,
20614,3.36e-01,6.00e-01,
20615,3.36e-01,6.00e-01,
20616,3.36e-01,6.00e-01,
20617,3.44e-01,6.00e-01,
20618,3.36e-01,6.00e-01,
20619,3.36e-01,6.00e-01,
20620,3.36e-01,2.00e-01,
20621,3.44e-01,6.00e-01,
20622,3.36e-01,6.00e-01,
20623,3.36e-01,6.00e-01,
20624,3.36e-01,2.00e-01,
20625,3.44e-01,2.00e-01,
20626,3.36e-01,6.00e-01,
20627,3.36e-01,6.00e-01,
20628,3.36e-01,6.00e-01,
20629,3.44e-01,2.00e-01,
20630,3.36e-01,6.00e-01,
20631,3.36e-01,6.00e-01,
20632,3.36e-01,6.00e-01,
20633,3.44e-01,6.00e-01,
20634,3.36e-01,6.00e-01,
20635,3.44e-01,6.00e-01,
20636,3.36e-01,6.00e-01,
20637,3.44e-01,6.00e-01,
20638,3.36e-01,6.00e-01,
20639,3.44e-01,6.00e-01,
20640,3.36e-01,2.00e-01,
20641,3.44e-01,6.00e-01,
20642,3.36e-01,6.00e-01,
20643,3.36e-01,6.00e-01,
20644,3.36e-01,6.00e-01,
20645,3.44e-01,2.00e-01,
20646,3.36e-01,6.00e-01,
20647,3.44e-01,6.00e-01,
20648,3.36e-01,6.00e-01,
20649,3.44e-01,2.00e-01,
20650,3.36e-01,6.00e-01,
20651,3.44e-01,6.00e-01,
20652,3.44e-01,6.00e-01,
20653,3.44e-01,6.00e-01,
20654,3.44e-01,6.00e-01,
20655,3.44e-01,6.00e-01,
20656,3.36e-01,6.00e-01,
20657,3.44e-01,2.00e-01,
20658,3.36e-01,6.00e-01,
20659,3.44e-01,6.00e-01,
20660,3.44e-01,6.00e-01,
20661,3.44e-01,2.00e-01,
20662,3.44e-01,6.00e-01,
20663,3.44e-01,6.00e-01,
20664,3.44e-01,6.00e-01,
20665,3.44e-01,6.00e-01,
20666,3.44e-01,6.00e-01,
20667,3.44e-01,2.00e-01,
20668,3.44e-01,6.00e-01,
20669,3.44e-01,2.00e-01,
20670,3.36e-01,6.00e-01,
20671,3.44e-01,6.00e-01,
20672,3.44e-01,6.00e-01,
20673,3.44e-01,2.00e-01,
20674,3.44e-01,6.00e-01,
20675,3.44e-01,6.00e-01,
20676,3.44e-01,6.00e-01,
20677,3.44e-01,2.00e-01,
20678,3.44e-01,6.00e-01,
20679,3.44e-01,6.00e-01,
20680,3.44e-01,2.00e-01,
20681,3.52e-01,6.00e-01,
20682,3.44e-01,6.00e-01,
20683,3.44e-01,6.00e-01,
20684,3.44e-01,2.00e-01,
20685,3.44e-01,6.00e-01,
20686,3.44e-01,6.00e-01,
20687,3.44e-01,6.00e-01,
20688,3.44e-01,6.00e-01,
20689,3.52e-01,6.00e-01,
20690,3.44e-01,6.00e-01,
20691,3.44e-01,6.00e-01,
20692,3.44e-01,6.00e-01,
20693,3.52e-01,6.00e-01,
20694,3.44e-01,6.00e-01,
20695,3.44e-01,6.00e-01,
20696,3.44e-01,6.00e-01,
20697,3.52e-01,2.00e-01,
20698,3.44e-01,6.00e-01,
20699,3.44e-01,6.00e-01,
20700,3.44e-01,6.00e-01,
20701,3.52e-01,6.00e-01,
20702,3.44e-01,6.00e-01,
20703,3.44e-01,6.00e-01,
20704,3.44e-01,2.00e-01,
20705,3.52e-01,6.00e-01,
20706,3.44e-01,6.00e-01,
20707,3.52e-01,6.00e-01,
20708,3.44e-01,6.00e-01,
20709,3.52e-01,2.00e-01,
20710,3.44e-01,6.00e-01,
20711,3.44e-01,6.00e-01,
20712,3.44e-01,2.00e-01,
20713,3.52e-01,2.00e-01,
20714,3.44e-01,6.00e-01,
20715,3.52e-01,6.00e-01,
20716,3.44e-01,6.00e-01,
20717,3.52e-01,2.00e-01,
20718,3.44e-01,6.00e-01,
20719,3.52e-01,6.00e-01,
20720,3.44e-01,2.00e-01,
20721,3.52e-01,6.00e-01,
20722,3.44e-01,2.00e-01,
20723,3.52e-01,6.00e-01,
20724,3.44e-01,6.00e-01,
20725,3.52e-01,2.00e-01,
20726,3.44e-01,6.00e-01,
20727,3.52e-01,6.00e-01,
20728,3.52e-01,2.00e-01,
20729,3.52e-01,6.00e-01,
20730,3.52e-01,2.00e-01,
20731,3.44e-01,6.00e-01,
20732,3.44e-01,6.00e-01,
20733,3.60e-01,2.00e-01,
20734,3.44e-01,6.00e-01,
20735,3.52e-01,6.00e-01,
20736,3.44e-01,6.00e-01,
20737,3.52e-01,6.00e-01,
20738,3.44e-01,6.00e-01,
20739,3.52e-01,6.00e-01,
20740,3.52e-01,6.00e-01,
20741,3.52e-01,6.00e-01,
20742,3.52e-01,6.00e-01,
20743,3.52e-01,6.00e-01,
20744,3.52e-01,2.00e-01,
20745,3.52e-01,6.00e-01,
20746,3.52e-01,6.00e-01,
20747,3.52e-01,6.00e-01,
20748,3.52e-01,6.00e-01,
20749,3.52e-01,2.00e-01,
20750,3.52e-01,6.00e-01,
20751,3.52e-01,6.00e-01,
20752,3.52e-01,2.00e-01,
20753,3.60e-01,6.00e-01,
20754,3.52e-01,6.00e-01,
20755,3.52e-01,6.00e-01,
20756,3.52e-01,6.00e-01,
20757,3.60e-01,2.00e-01,
20758,3.52e-01,6.00e-01,
20759,3.52e-01,6.00e-01,
20760,3.52e-01,2.00e-01,
20761,3.60e-01,6.00e-01,
20762,3.52e-01,6.00e-01,
20763,3.52e-01,6.00e-01,
20764,3.52e-01,6.00e-01,
20765,3.60e-01,2.00e-01,
20766,3.52e-01,6.00e-01,
20767,3.52e-01,6.00e-01,
20768,3.52e-01,2.00e-01,
20769,3.60e-01,6.00e-01,
20770,3.52e-01,6.00e-01,
20771,3.52e-01,6.00e-01,
20772,3.52e-01,6.00e-01,
20773,3.60e-01,6.00e-01,
20774,3.52e-01,6.00e-01,
20775,3.52e-01,6.00e-01,
20776,3.52e-01,6.00e-01,
20777,3.60e-01,6.00e-01,
20778,3.52e-01,6.00e-01,
20779,3.60e-01,6.00e-01,
20780,3.52e-01,6.00e-01,
20781,3.60e-01,6.00e-01,
20782,3.52e-01,6.00e-01,
20783,3.60e-01,6.00e-01,
20784,3.52e-01,2.00e-01,
20785,3.60e-01,6.00e-01,
20786,3.52e-01,6.00e-01,
20787,3.60e-01,6.00e-01,
20788,3.52e-01,6.00e-01,
20789,3.60e-01,6.00e-01,
20790,3.52e-01,6.00e-01,
20791,3.52e-01,6.00e-01,
20792,3.52e-01,6.00e-01,
20793,3.60e-01,6.00e-01,
20794,3.52e-01,6.00e-01,
20795,3.60e-01,6.00e-01,
20796,3.52e-01,6.00e-01,
20797,3.60e-01,6.00e-01,
20798,3.52e-01,6.00e-01,
20799,3.60e-01,6.00e-01,
20800,3.60e-01,6.00e-01,
20801,3.60e-01,6.00e-01,
20802,3.52e-01,6.00e-01,
20803,3.60e-01,6.00e-01,
20804,3.60e-01,6.00e-01,
20805,3.60e-01,6.00e-01,
20806,3.52e-01,6.00e-01,
20807,3.60e-01,6.00e-01,
20808,3.60e-01,6.00e-01,
20809,3.60e-01,6.00e-01,
20810,3.52e-01,6.00e-01,
20811,3.60e-01,6.00e-01,
20812,3.60e-01,6.00e-01,
20813,3.60e-01,6.00e-01,
20814,3.60e-01,6.00e-01,
20815,3.60e-01,6.00e-01,
20816,3.60e-01,6.00e-01,
20817,3.60e-01,6.00e-01,
20818,3.60e-01,6.00e-01,
20819,3.60e-01,6.00e-01,
20820,3.60e-01,6.00e-01,
20821,3.60e-01,2.00e-01,
20822,3.60e-01,6.00e-01,
20823,3.60e-01,6.00e-01,
20824,3.60e-01,6.00e-01,
20825,3.60e-01,6.00e-01,
20826,3.60e-01,6.00e-01,
20827,3.60e-01,6.00e-01,
20828,3.60e-01,6.00e-01,
20829,3.68e-01,2.00e-01,
20830,3.60e-01,6.00e-01,
20831,3.60e-01,6.00e-01,
20832,3.60e-01,2.00e-01,
20833,3.60e-01,6.00e-01,
20834,3.60e-01,6.00e-01,
20835,3.60e-01,6.00e-01,
20836,3.60e-01,6.00e-01,
20837,3.68e-01,2.00e-01,
20838,3.60e-01,6.00e-01,
20839,3.60e-01,6.00e-01,
20840,3.60e-01,2.00e-01,
20841,3.68e-01,6.00e-01,
20842,3.60e-01,6.00e-01,
20843,3.60e-01,6.00e-01,
20844,3.52e-01,6.00e-01,
20845,3.52e-01,2.00e-01,
20846,3.28e-01,6.00e-01,
20847,3.20e-01,2.00e-01,
20848,3.04e-01,2.00e-01,
20849,3.04e-01,2.00e-01,
20850,2.96e-01,2.00e-01,
20851,2.96e-01,6.00e-01,
20852,3.04e-01,2.00e-01,
20853,3.12e-01,2.00e-01,
20854,3.12e-01,6.00e-01,
20855,3.20e-01,6.00e-01,
20856,3.28e-01,6.00e-01,
20857,3.36e-01,2.00e-01,
20858,3.28e-01,6.00e-01,
20859,3.36e-01,6.00e-01,
20860,3.36e-01,6.00e-01,
20861,3.36e-01,6.00e-01,
20862,3.36e-01,6.00e-01,
20863,3.36e-01,6.00e-01,
20864,3.36e-01,6.00e-01,
20865,3.44e-01,6.00e-01,
20866,3.44e-01,6.00e-01,
20867,3.44e-01,6.00e-01,
20868,3.44e-01,6.00e-01,
20869,3.52e-01,6.00e-01,
20870,3.44e-01,6.00e-01,
20871,3.44e-01,6.00e-01,
20872,3.44e-01,2.00e-01,
20873,3.52e-01,6.00e-01,
20874,3.44e-01,6.00e-01,
20875,3.52e-01,6.00e-01,
20876,3.52e-01,6.00e-01,
20877,3.52e-01,6.00e-01,
20878,3.52e-01,6.00e-01,
20879,3.52e-01,6.00e-01,
20880,3.52e-01,2.00e-01,
20881,3.52e-01,6.00e-01,
20882,3.52e-01,6.00e-01,
20883,3.52e-01,6.00e-01,
20884,3.52e-01,6.00e-01,
20885,3.60e-01,6.00e-01,
20886,3.52e-01,6.00e-01,
20887,3.52e-01,6.00e-01,
20888,3.52e-01,6.00e-01,
20889,3.60e-01,6.00e-01,
20890,3.52e-01,6.00e-01,
20891,3.52e-01,6.00e-01,
20892,3.52e-01,6.00e-01,
20893,3.60e-01,2.00e-01,
20894,3.52e-01,6.00e-01,
20895,3.60e-01,6.00e-01,
20896,3.52e-01,6.00e-01,
20897,3.60e-01,6.00e-01,
20898,3.52e-01,6.00e-01,
20899,3.60e-01,6.00e-01,
20900,3.52e-01,6.00e-01,
20901,3.60e-01,6.00e-01,
20902,3.52e-01,6.00e-01,
20903,3.60e-01,6.00e-01,
20904,3.60e-01,6.00e-01,
20905,3.60e-01,6.00e-01,
20906,3.52e-01,6.00e-01,
20907,3.60e-01,6.00e-01,
20908,3.60e-01,6.00e-01,
20909,3.60e-01,6.00e-01,
20910,3.60e-01,6.00e-01,
20911,3.60e-01,6.00e-01,
20912,3.60e-01,6.00e-01,
20913,3.60e-01,6.00e-01,
20914,3.60e-01,6.00e-01,
20915,3.60e-01,6.00e-01,
20916,3.60e-01,6.00e-01,
20917,3.68e-01,6.00e-01,
20918,3.60e-01,6.00e-01,
20919,3.60e-01,6.00e-01,
20920,3.60e-01,6.00e-01,
20921,3.60e-01,6.00e-01,
20922,3.60e-01,6.00e-01,
20923,3.60e-01,6.00e-01,
20924,3.60e-01,6.00e-01,
20925,3.68e-01,6.00e-01,
20926,3.60e-01,6.00e-01,
20927,3.68e-01,6.00e-01,
20928,3.60e-01,6.00e-01,
20929,3.60e-01,6.00e-01,
20930,3.68e-01,2.00e-01,
20931,3.60e-01,6.00e-01,
20932,3.60e-01,6.00e-01,
20933,3.68e-01,2.00e-01,
20934,3.60e-01,6.00e-01,
20935,3.68e-01,6.00e-01,
20936,3.60e-01,6.00e-01,
20937,3.68e-01,6.00e-01,
20938,3.60e-01,6.00e-01,
20939,3.68e-01,6.00e-01,
20940,3.68e-01,6.00e-01,
20941,3.68e-01,6.00e-01,
20942,3.60e-01,6.00e-01,
20943,3.68e-01,6.00e-01,
20944,3.68e-01,6.00e-01,
20945,3.68e-01,6.00e-01,
20946,3.60e-01,6.00e-01,
20947,3.68e-01,6.00e-01,
20948,3.68e-01,6.00e-01,
20949,3.68e-01,6.00e-01,
20950,3.68e-01,6.00e-01,
20951,3.68e-01,6.00e-01,
20952,3.68e-01,6.00e-01,
20953,3.68e-01,6.00e-01,
20954,3.68e-01,6.00e-01,
20955,3.68e-01,6.00e-01,
20956,3.68e-01,6.00e-01,
20957,3.76e-01,6.00e-01,
20958,3.68e-01,1.00e+00,
20959,3.68e-01,1.00e+00,
20960,3.68e-01,6.00e-01,
20961,3.68e-01,1.00e+00,
20962,3.68e-01,1.00e+00,
20963,3.68e-01,1.00e+00,
20964,3.68e-01,1.00e+00,
20965,3.68e-01,1.00e+00,
20966,3.68e-01,1.40e+00,
20967,3.68e-01,1.40e+00,
20968,3.68e-01,1.40e+00,
20969,3.68e-01,1.40e+00,
20970,3.68e-01,1.80e+00,
20971,3.68e-01,1.80e+00,
20972,3.68e-01,1.80e+00,
20973,3.68e-01,1.80e+00,
20974,3.68e-01,2.20e+00,
20975,3.68e-01,2.20e+00,
20976,3.68e-01,2.20e+00,
20977,3.76e-01,3.00e+00,
20978,3.68e-01,3.00e+00,
20979,3.68e-01,3.00e+00,
20980,3.68e-01,3.00e+00,
20981,3.68e-01,3.40e+00,
20982,3.68e-01,3.40e+00,
20983,3.68e-01,3.80e+00,
20984,3.68e-01,3.40e+00,
20985,3.68e-01,3.80e+00,
20986,3.68e-01,3.80e+00,
20987,3.68e-01,4.20e+00,
20988,3.68e-01,4.20e+00,
20989,3.76e-01,4.20e+00,
20990,3.68e-01,4.60e+00,
20991,3.68e-01,4.60e+00,
20992,3.68e-01,4.60e+00,
20993,3.76e-01,5.00e+00,
20994,3.68e-01,5.00e+00,
20995,3.68e-01,5.00e+00,
20996,3.68e-01,5.40e+00,
20997,3.76e-01,5.40e+00,
20998,3.68e-01,5.80e+00,
20999,3.68e-01,5.80e+00,
21000,3.68e-01,5.80e+00,
21001,3.76e-01,6.20e+00,
21002,3.68e-01,6.20e+00,
21003,3.68e-01,6.60e+00,
21004,3.68e-01,6.60e+00,
21005,3.68e-01,6.60e+00,
21006,3.68e-01,7.00e+00,
21007,3.68e-01,7.40e+00,
21008,3.60e-01,8.20e+00,
21009,3.68e-01,8.60e+00,
21010,3.60e-01,9.40e+00,
21011,3.60e-01,9.80e+00,
21012,3.60e-01,1.06e+01,
21013,3.60e-01,1.14e+01,
21014,3.52e-01,1.22e+01,
21015,3.52e-01,1.38e+01,
21016,3.52e-01,1.46e+01,
21017,3.52e-01,1.62e+01,
21018,3.44e-01,1.78e+01,
21019,3.44e-01,2.02e+01,
21020,3.36e-01,2.26e+01,
21021,3.36e-01,2.54e+01,
21022,3.20e-01,2.82e+01,
21023,3.20e-01,3.18e+01,
21024,3.12e-01,3.58e+01,
21025,3.04e-01,3.94e+01,
21026,2.88e-01,4.38e+01,
21027,2.64e-01,4.82e+01,
21028,2.32e-01,5.22e+01,
21029,1.92e-01,5.70e+01,
21030,1.36e-01,6.06e+01,
21031,8.80e-02,6.46e+01,
21032,4.00e-02,6.86e+01,
21033,-8.00e-03,7.30e+01,
21034,-5.60e-02,7.58e+01,
21035,-1.12e-01,-2.30e+01,
21036,-1.76e-01,-2.02e+01,
21037,-2.24e-01,-1.70e+01,
21038,-2.72e-01,-1.66e+01,
21039,-3.28e-01,-1.66e+01,
21040,-3.76e-01,-1.66e+01,
21041,-4.24e-01,-1.66e+01,
21042,-4.64e-01,-1.66e+01,
21043,-5.12e-01,-1.66e+01,
21044,-5.44e-01,-1.66e+01,
21045,-5.84e-01,-1.66e+01,
21046,-6.00e-01,-1.66e+01,
21047,-6.32e-01,-1.66e+01,
21048,-6.32e-01,-1.66e+01,
21049,-6.48e-01,-1.66e+01,
21050,-6.32e-01,-1.66e+01,
21051,-6.24e-01,-2.06e+01,
21052,-6.00e-01,7.58e+01,
21053,-5.68e-01,6.90e+01,
21054,-5.20e-01,6.10e+01,
21055,-4.80e-01,5.34e+01,
21056,-4.08e-01,4.54e+01,
21057,-3.52e-01,3.86e+01,
21058,-2.88e-01,3.22e+01,
21059,-2.32e-01,2.66e+01,
21060,-1.68e-01,2.22e+01,
21061,-9.60e-02,1.90e+01,
21062,-4.00e-02,1.62e+01,
21063,8.00e-03,1.42e+01,
21064,6.40e-02,1.22e+01,
21065,1.04e-01,1.14e+01,
21066,1.36e-01,1.06e+01,
21067,1.84e-01,1.02e+01,
21068,2.08e-01,9.80e+00,
21069,2.40e-01,9.80e+00,
21070,2.56e-01,1.02e+01,
21071,2.72e-01,1.06e+01,
21072,2.80e-01,1.14e+01,
21073,2.88e-01,1.26e+01,
21074,2.88e-01,1.42e+01,
21075,2.88e-01,1.62e+01,
21076,2.72e-01,1.82e+01,
21077,2.64e-01,2.14e+01,
21078,2.40e-01,2.54e+01,
21079,2.08e-01,2.98e+01,
21080,1.76e-01,3.46e+01,
21081,1.28e-01,4.06e+01,
21082,8.00e-02,4.62e+01,
21083,2.40e-02,5.26e+01,
21084,-3.20e-02,5.86e+01,
21085,-8.80e-02,6.42e+01,
21086,-1.44e-01,6.90e+01,
21087,-2.08e-01,7.30e+01,
21088,-2.56e-01,7.58e+01,
21089,-3.04e-01,7.70e+01,
21090,-3.28e-01,7.66e+01,
21091,-3.60e-01,7.54e+01,
21092,-3.76e-01,7.22e+01,
21093,-3.84e-01,6.86e+01,
21094,-3.76e-01,6.34e+01,
21095,-3.68e-01,5.82e+01,
21096,-3.44e-01,5.22e+01,
21097,-3.12e-01,4.66e+01,
21098,-2.72e-01,4.10e+01,
21099,-2.40e-01,3.58e+01,
21100,-1.92e-01,3.10e+01,
21101,-1.36e-01,2.66e+01,
21102,-8.80e-02,2.34e+01,
21103,-4.80e-02,2.06e+01,
21104,-8.00e-03,1.82e+01,
21105,4.00e-02,1.66e+01,
21106,7.20e-02,1.54e+01,
21107,1.12e-01,1.46e+01,
21108,1.36e-01,1.38e+01,
21109,1.76e-01,1.30e+01,
21110,1.92e-01,1.30e+01,
21111,2.08e-01,1.38e+01,
21112,2.24e-01,1.42e+01,
21113,2.40e-01,1.50e+01,
21114,2.40e-01,1.58e+01,
21115,2.40e-01,1.74e+01,
21116,2.32e-01,1.94e+01,
21117,2.32e-01,2.14e+01,
21118,2.16e-01,2.46e+01,
21119,2.00e-01,2.74e+01,
21120,1.68e-01,3.14e+01,
21121,1.36e-01,3.54e+01,
21122,1.04e-01,3.98e+01,
21123,6.40e-02,4.42e+01,
21124,1.60e-02,4.94e+01,
21125,-2.40e-02,5.38e+01,
21126,-6.40e-02,5.78e+01,
21127,-1.12e-01,6.14e+01,
21128,-1.60e-01,6.46e+01,
21129,-2.00e-01,6.62e+01,
21130,-2.40e-01,6.82e+01,
21131,-2.64e-01,6.70e+01,
21132,-2.80e-01,6.62e+01,
21133,-3.04e-01,6.46e+01,
21134,-2.96e-01,6.10e+01,
21135,-3.04e-01,5.82e+01,
21136,-2.88e-01,5.38e+01,
21137,-2.72e-01,4.94e+01,
21138,-2.48e-01,4.50e+01,
21139,-2.24e-01,4.06e+01,
21140,-1.92e-01,3.66e+01,
21141,-1.60e-01,3.26e+01,
21142,-1.12e-01,2.90e+01,
21143,-8.00e-02,2.62e+01,
21144,-4.00e-02,2.34e+01,
21145,-8.00e-03,2.18e+01,
21146,2.40e-02,2.02e+01,
21147,5.60e-02,1.90e+01,
21148,8.80e-02,1.78e+01,
21149,1.12e-01,1.70e+01,
21150,1.28e-01,1.70e+01,
21151,1.60e-01,1.70e+01,
21152,1.68e-01,1.70e+01,
21153,1.84e-01,1.78e+01,
21154,1.92e-01,1.90e+01,
21155,2.00e-01,1.98e+01,
21156,1.92e-01,2.10e+01,
21157,1.92e-01,2.26e+01,
21158,1.84e-01,2.54e+01,
21159,1.68e-01,2.78e+01,
21160,1.52e-01,3.06e+01,
21161,1.28e-01,3.34e+01,
21162,9.60e-02,3.70e+01,
21163,6.40e-02,4.10e+01,
21164,3.20e-02,4.42e+01,
21165,0.00e+00,4.78e+01,
21166,-3.20e-02,5.14e+01,
21167,-7.20e-02,5.42e+01,
21168,-1.04e-01,5.70e+01,
21169,-1.36e-01,5.90e+01,
21170,-1.68e-01,5.98e+01,
21171,-2.00e-01,6.06e+01,
21172,-2.16e-01,6.02e+01,
21173,-2.32e-01,5.90e+01,
21174,-2.40e-01,5.78e+01,
21175,-2.48e-01,5.50e+01,
21176,-2.40e-01,5.26e+01,
21177,-2.32e-01,4.94e+01,
21178,-2.16e-01,4.62e+01,
21179,-2.00e-01,4.26e+01,
21180,-1.76e-01,3.90e+01,
21181,-1.44e-01,3.62e+01,
21182,-1.12e-01,3.30e+01,
21183,-8.80e-02,3.02e+01,
21184,-5.60e-02,2.78e+01,
21185,-2.40e-02,2.58e+01,
21186,0.00e+00,2.38e+01,
21187,2.40e-02,2.26e+01,
21188,4.80e-02,2.14e+01,
21189,7.20e-02,2.10e+01,
21190,9.60e-02,2.06e+01,
21191,1.12e-01,2.02e+01,
21192,1.28e-01,2.02e+01,
21193,1.36e-01,2.06e+01,
21194,1.52e-01,2.14e+01,
21195,1.60e-01,2.22e+01,
21196,1.60e-01,2.34e+01,
21197,1.60e-01,2.50e+01,
21198,1.52e-01,2.66e+01,
21199,1.36e-01,2.86e+01,
21200,1.20e-01,3.10e+01,
21201,1.04e-01,3.30e+01,
21202,8.00e-02,3.62e+01,
21203,6.40e-02,3.86e+01,
21204,4.00e-02,4.18e+01,
21205,1.60e-02,4.42e+01,
21206,-1.60e-02,4.74e+01,
21207,-4.80e-02,4.94e+01,
21208,-7.20e-02,5.18e+01,
21209,-9.60e-02,5.34e+01,
21210,-1.20e-01,5.42e+01,
21211,-1.44e-01,5.50e+01,
21212,-1.68e-01,5.50e+01,
21213,-1.76e-01,5.46e+01,
21214,-1.84e-01,5.34e+01,
21215,-2.00e-01,5.22e+01,
21216,-1.92e-01,4.98e+01,
21217,-1.92e-01,4.78e+01,
21218,-1.76e-01,4.50e+01,
21219,-1.68e-01,4.26e+01,
21220,-1.44e-01,3.98e+01,
21221,-1.28e-01,3.74e+01,
21222,-1.04e-01,3.46e+01,
21223,-8.00e-02,3.26e+01,
21224,-6.40e-02,3.06e+01,
21225,-3.20e-02,2.86e+01,
21226,-1.60e-02,2.70e+01,
21227,8.00e-03,2.58e+01,
21228,3.20e-02,2.50e+01,
21229,4.80e-02,2.38e+01,
21230,6.40e-02,2.34e+01,
21231,8.00e-02,2.30e+01,
21232,9.60e-02,2.30e+01,
21233,1.04e-01,2.34e+01,
21234,1.12e-01,2.38e+01,
21235,1.20e-01,2.46e+01,
21236,1.20e-01,2.54e+01,
21237,1.20e-01,2.66e+01,
21238,1.12e-01,2.78e+01,
21239,1.04e-01,2.98e+01,
21240,9.60e-02,3.14e+01,
21241,8.80e-02,3.34e+01,
21242,7.20e-02,3.58e+01,
21243,4.80e-02,3.78e+01,
21244,3.20e-02,3.98e+01,
21245,1.60e-02,4.22e+01,
21246,-8.00e-03,4.42e+01,
21247,-3.20e-02,4.62e+01,
21248,-4.80e-02,4.78e+01,
21249,-7.20e-02,4.94e+01,
21250,-8.80e-02,5.02e+01,
21251,-1.12e-01,5.06e+01,
21252,-1.28e-01,5.14e+01,
21253,-1.36e-01,5.06e+01,
21254,-1.44e-01,4.98e+01,
21255,-1.60e-01,4.90e+01,
21256,-1.60e-01,4.78e+01,
21257,-1.60e-01,4.62e+01,
21258,-1.44e-01,4.42e+01,
21259,-1.36e-01,4.22e+01,
21260,-1.20e-01,4.06e+01,
21261,-1.04e-01,3.82e+01,
21262,-8.80e-02,3.62e+01,
21263,-7.20e-02,3.42e+01,
21264,-5.60e-02,3.22e+01,
21265,-4.00e-02,3.10e+01,
21266,-1.60e-02,2.98e+01,
21267,0.00e+00,2.82e+01,
21268,1.60e-02,2.74e+01,
21269,3.20e-02,2.66e+01,
21270,4.80e-02,2.62e+01,
21271,5.60e-02,2.58e+01,
21272,7.20e-02,2.58e+01,
21273,8.00e-02,2.58e+01,
21274,8.00e-02,2.62e+01,
21275,8.80e-02,2.66e+01,
21276,9.60e-02,2.74e+01,
21277,9.60e-02,2.82e+01,
21278,8.80e-02,2.98e+01,
21279,8.00e-02,3.10e+01,
21280,8.00e-02,3.22e+01,
21281,7.20e-02,3.38e+01,
21282,5.60e-02,3.54e+01,
21283,4.00e-02,3.70e+01,
21284,2.40e-02,3.90e+01,
21285,8.00e-03,4.10e+01,
21286,-8.00e-03,4.22e+01,
21287,-2.40e-02,4.38e+01,
21288,-4.00e-02,4.50e+01,
21289,-5.60e-02,4.66e+01,
21290,-7.20e-02,4.70e+01,
21291,-8.80e-02,4.74e+01,
21292,-9.60e-02,4.78e+01,
21293,-1.12e-01,4.78e+01,
21294,-1.12e-01,4.74e+01,
21295,-1.20e-01,4.66e+01,
21296,-1.20e-01,4.54e+01,
21297,-1.20e-01,4.42e+01,
21298,-1.12e-01,4.30e+01,
21299,-1.12e-01,4.14e+01,
21300,-1.04e-01,3.94e+01,
21301,-8.80e-02,3.82e+01,
21302,-8.00e-02,3.66e+01,
21303,-6.40e-02,3.54e+01,
21304,-4.80e-02,3.34e+01,
21305,-3.20e-02,3.22e+01,
21306,-2.40e-02,3.14e+01,
21307,-8.00e-03,3.02e+01,
21308,8.00e-03,2.90e+01,
21309,2.40e-02,2.82e+01,
21310,3.20e-02,2.82e+01,
21311,4.00e-02,2.78e+01,
21312,4.80e-02,2.74e+01,
21313,5.60e-02,2.78e+01,
21314,6.40e-02,2.78e+01,
21315,6.40e-02,2.82e+01,
21316,7.20e-02,2.90e+01,
21317,7.20e-02,2.98e+01,
21318,7.20e-02,3.06e+01,
21319,6.40e-02,3.18e+01,
21320,5.60e-02,3.26e+01,
21321,5.60e-02,3.38e+01,
21322,4.00e-02,3.54e+01,
21323,3.20e-02,3.70e+01,
21324,1.60e-02,3.82e+01,
21325,8.00e-03,3.94e+01,
21326,-8.00e-03,4.10e+01,
21327,-2.40e-02,4.22e+01,
21328,-3.20e-02,4.30e+01,
21329,-4.80e-02,4.38e+01,
21330,-5.60e-02,4.46e+01,
21331,-7.20e-02,4.50e+01,
21332,-8.00e-02,4.50e+01,
21333,-8.80e-02,4.50e+01,
21334,-8.80e-02,4.46e+01,
21335,-9.60e-02,4.42e+01,
21336,-9.60e-02,4.34e+01,
21337,-9.60e-02,4.30e+01,
21338,-9.60e-02,4.18e+01,
21339,-9.60e-02,4.06e+01,
21340,-8.80e-02,3.94e+01,
21341,-8.00e-02,3.82e+01,
21342,-6.40e-02,3.70e+01,
21343,-5.60e-02,3.58e+01,
21344,-4.80e-02,3.42e+01,
21345,-3.20e-02,3.34e+01,
21346,-2.40e-02,3.22e+01,
21347,-1.60e-02,3.18e+01,
21348,0.00e+00,3.10e+01,
21349,1.60e-02,3.02e+01,
21350,2.40e-02,2.98e+01,
21351,3.20e-02,2.98e+01,
21352,4.00e-02,2.90e+01,
21353,4.80e-02,2.90e+01,
21354,4.80e-02,2.98e+01,
21355,4.80e-02,3.02e+01,
21356,5.60e-02,3.06e+01,
21357,5.60e-02,3.10e+01,
21358,5.60e-02,3.18e+01,
21359,4.80e-02,3.26e+01,
21360,4.80e-02,3.34e+01,
21361,4.00e-02,3.42e+01,
21362,3.20e-02,3.58e+01,
21363,2.40e-02,3.66e+01,
21364,1.60e-02,3.78e+01,
21365,8.00e-03,3.86e+01,
21366,-8.00e-03,3.98e+01,
21367,-1.60e-02,4.10e+01,
21368,-2.40e-02,4.18e+01,
21369,-4.00e-02,4.22e+01,
21370,-4.80e-02,4.26e+01,
21371,-5.60e-02,4.30e+01,
21372,-6.40e-02,4.34e+01,
21373,-7.20e-02,4.34e+01,
21374,-7.20e-02,4.30e+01,
21375,-8.00e-02,4.30e+01,
21376,-8.00e-02,4.22e+01,
21377,-8.00e-02,4.18e+01,
21378,-8.00e-02,4.10e+01,
21379,-8.00e-02,3.98e+01,
21380,-7.20e-02,3.90e+01,
21381,-6.40e-02,3.78e+01,
21382,-5.60e-02,3.70e+01,
21383,-4.80e-02,3.62e+01,
21384,-4.00e-02,3.46e+01,
21385,-3.20e-02,3.38e+01,
21386,-2.40e-02,3.30e+01,
21387,-1.60e-02,3.26e+01,
21388,-8.00e-03,3.22e+01,
21389,8.00e-03,3.14e+01,
21390,1.60e-02,3.14e+01,
21391,1.60e-02,3.10e+01,
21392,2.40e-02,3.06e+01,
21393,3.20e-02,3.10e+01,
21394,3.20e-02,3.10e+01,
21395,4.00e-02,3.14e+01,
21396,4.00e-02,3.14e+01,
21397,4.80e-02,3.18e+01,
21398,4.00e-02,3.26e+01,
21399,4.00e-02,3.30e+01,
21400,3.20e-02,3.38e+01,
21401,3.20e-02,3.46e+01,
21402,2.40e-02,3.58e+01,
21403,1.60e-02,3.66e+01,
21404,8.00e-03,3.74e+01,
21405,8.00e-03,3.82e+01,
21406,0.00e+00,3.90e+01,
21407,-1.60e-02,3.94e+01,
21408,-2.40e-02,4.06e+01,
21409,-3.20e-02,4.10e+01,
21410,-4.00e-02,4.14e+01,
21411,-4.80e-02,4.18e+01,
21412,-5.60e-02,4.18e+01,
21413,-5.60e-02,4.18e+01,
21414,-5.60e-02,4.18e+01,
21415,-6.40e-02,4.14e+01,
21416,-6.40e-02,4.10e+01,
21417,-6.40e-02,4.10e+01,
21418,-6.40e-02,3.98e+01,
21419,-6.40e-02,3.90e+01,
21420,-5.60e-02,3.86e+01,
21421,-5.60e-02,3.78e+01,
21422,-4.80e-02,3.70e+01,
21423,-4.80e-02,3.62e+01,
21424,-3.20e-02,3.54e+01,
21425,-2.40e-02,3.46e+01,
21426,-1.60e-02,3.38e+01,
21427,-1.60e-02,3.34e+01,
21428,-8.00e-03,3.30e+01,
21429,0.00e+00,3.26e+01,
21430,8.00e-03,3.22e+01,
21431,8.00e-03,3.18e+01,
21432,1.60e-02,3.18e+01,
21433,2.40e-02,3.18e+01,
21434,2.40e-02,3.18e+01,
21435,2.40e-02,3.22e+01,
21436,3.20e-02,3.22e+01,
21437,3.20e-02,3.26e+01,
21438,3.20e-02,3.30e+01,
21439,2.40e-02,3.38e+01,
21440,2.40e-02,3.42e+01,
21441,2.40e-02,3.46e+01,
21442,1.60e-02,3.58e+01,
21443,8.00e-03,3.66e+01,
21444,8.00e-03,3.70e+01,
21445,0.00e+00,3.78e+01,
21446,-8.00e-03,3.82e+01,
21447,-1.60e-02,3.90e+01,
21448,-1.60e-02,3.94e+01,
21449,-2.40e-02,3.98e+01,
21450,-3.20e-02,3.98e+01,
21451,-4.00e-02,4.06e+01,
21452,-4.00e-02,4.10e+01,
21453,-4.80e-02,4.06e+01,
21454,-4.80e-02,4.06e+01,
21455,-5.60e-02,4.06e+01,
21456,-5.60e-02,3.98e+01,
21457,-5.60e-02,3.98e+01,
21458,-5.60e-02,3.90e+01,
21459,-5.60e-02,3.86e+01,
21460,-4.80e-02,3.82e+01,
21461,-4.80e-02,3.74e+01,
21462,-4.00e-02,3.70e+01,
21463,-4.00e-02,3.66e+01,
21464,-3.20e-02,3.58e+01,
21465,-2.40e-02,3.54e+01,
21466,-1.60e-02,3.42e+01,
21467,-1.60e-02,3.38e+01,
21468,-8.00e-03,3.34e+01,
21469,0.00e+00,3.34e+01,
21470,0.00e+00,3.30e+01,
21471,8.00e-03,3.30e+01,
21472,1.60e-02,3.26e+01,
21473,1.60e-02,3.26e+01,
21474,1.60e-02,3.26e+01,
21475,1.60e-02,3.30e+01,
21476,2.40e-02,3.30e+01,
21477,2.40e-02,3.34e+01,
21478,2.40e-02,3.38e+01,
21479,1.60e-02,3.42e+01,
21480,1.60e-02,3.46e+01,
21481,1.60e-02,3.54e+01,
21482,8.00e-03,3.58e+01,
21483,8.00e-03,3.66e+01,
21484,0.00e+00,3.70e+01,
21485,0.00e+00,3.74e+01,
21486,-8.00e-03,3.78e+01,
21487,-1.60e-02,3.82e+01,
21488,-1.60e-02,3.86e+01,
21489,-2.40e-02,3.90e+01,
21490,-2.40e-02,3.90e+01,
21491,-3.20e-02,3.94e+01,
21492,-4.00e-02,3.94e+01,
21493,-4.00e-02,3.94e+01,
21494,-4.00e-02,3.94e+01,
21495,-4.80e-02,3.94e+01,
21496,-4.80e-02,3.90e+01,
21497,-4.80e-02,3.90e+01,
21498,-4.80e-02,3.86e+01,
21499,-4.80e-02,3.82e+01,
21500,-4.00e-02,3.78e+01,
21501,-4.00e-02,3.74e+01,
21502,-3.20e-02,3.70e+01,
21503,-3.20e-02,3.66e+01,
21504,-2.40e-02,3.58e+01,
21505,-2.40e-02,3.58e+01,
21506,-1.60e-02,3.46e+01,
21507,-1.60e-02,3.46e+01,
21508,-8.00e-03,3.42e+01,
21509,-8.00e-03,3.38e+01,
21510,0.00e+00,3.38e+01,
21511,0.00e+00,3.34e+01,
21512,8.00e-03,3.34e+01,
21513,8.00e-03,3.34e+01,
21514,8.00e-03,3.34e+01,
21515,8.00e-03,3.34e+01,
21516,1.60e-02,3.38e+01,
21517,1.60e-02,3.38e+01,
21518,1.60e-02,3.42e+01,
21519,1.60e-02,3.46e+01,
21520,8.00e-03,3.46e+01,
21521,8.00e-03,3.54e+01,
21522,8.00e-03,3.58e+01,
21523,0.00e+00,3.62e+01,
21524,0.00e+00,3.66e+01,
21525,0.00e+00,3.70e+01,
21526,-8.00e-03,3.74e+01,
21527,-8.00e-03,3.78e+01,
21528,-1.60e-02,3.82e+01,
21529,-1.60e-02,3.82e+01,
21530,-2.40e-02,3.86e+01,
21531,-3.20e-02,3.86e+01,
21532,-3.20e-02,3.90e+01,
21533,-3.20e-02,3.90e+01,
21534,-3.20e-02,3.86e+01,
21535,-4.00e-02,3.90e+01,
21536,-4.00e-02,3.86e+01,
21537,-4.00e-02,3.86e+01,
21538,-4.00e-02,3.82e+01,
21539,-4.00e-02,3.78e+01,
21540,-4.00e-02,3.78e+01,
21541,-3.20e-02,3.70e+01,
21542,-3.20e-02,3.70e+01,
21543,-3.20e-02,3.66e+01,
21544,-2.40e-02,3.62e+01,
21545,-2.40e-02,3.58e+01,
21546,-1.60e-02,3.54e+01,
21547,-1.60e-02,3.54e+01,
21548,-8.00e-03,3.46e+01,
21549,-8.00e-03,3.42e+01,
21550,0.00e+00,3.42e+01,
21551,0.00e+00,3.42e+01,
21552,0.00e+00,3.38e+01,
21553,8.00e-03,3.38e+01,
21554,8.00e-03,3.38e+01,
21555,8.00e-03,3.42e+01,
21556,8.00e-03,3.42e+01,
21557,8.00e-03,3.42e+01,
21558,8.00e-03,3.46e+01,
21559,8.00e-03,3.46e+01,
21560,8.00e-03,3.54e+01,
21561,8.00e-03,3.58e+01,
21562,0.00e+00,3.58e+01,
21563,0.00e+00,3.62e+01,
21564,0.00e+00,3.66e+01,
21565,0.00e+00,3.70e+01,
21566,-8.00e-03,3.70e+01,
21567,-8.00e-03,3.74e+01,
21568,-1.60e-02,3.78e+01,
21569,-1.60e-02,3.82e+01,
21570,-2.40e-02,3.82e+01,
21571,-2.40e-02,3.82e+01,
21572,-2.40e-02,3.82e+01,
21573,-3.20e-02,3.82e+01,
21574,-3.20e-02,3.82e+01,
21575,-3.20e-02,3.82e+01,
21576,-3.20e-02,3.82e+01,
21577,-3.20e-02,3.82e+01,
21578,-3.20e-02,3.78e+01,
21579,-3.20e-02,3.78e+01,
21580,-3.20e-02,3.74e+01,
21581,-3.20e-02,3.70e+01,
21582,-2.40e-02,3.70e+01,
21583,-2.40e-02,3.66e+01,
21584,-2.40e-02,3.62e+01,
21585,-2.40e-02,3.62e+01,
21586,-1.60e-02,3.58e+01,
21587,-1.60e-02,3.54e+01,
21588,-8.00e-03,3.54e+01,
21589,-8.00e-03,3.46e+01,
21590,-8.00e-03,3.46e+01,
21591,-8.00e-03,3.42e+01,
21592,0.00e+00,3.42e+01,
21593,0.00e+00,3.46e+01,
21594,0.00e+00,3.42e+01,
21595,0.00e+00,3.46e+01,
21596,8.00e-03,3.46e+01,
21597,8.00e-03,3.46e+01,
21598,8.00e-03,3.46e+01,
21599,0.00e+00,3.54e+01,
21600,0.00e+00,3.54e+01,
21601,8.00e-03,3.58e+01,
21602,0.00e+00,3.58e+01,
21603,0.00e+00,3.62e+01,
21604,0.00e+00,3.66e+01,
21605,-8.00e-03,3.70e+01,
21606,-8.00e-03,3.70e+01,
21607,-1.60e-02,3.74e+01,
21608,-1.60e-02,3.74e+01,
21609,-1.60e-02,3.78e+01,
21610,-1.60e-02,3.78e+01,
21611,-2.40e-02,3.78e+01,
21612,-2.40e-02,3.78e+01,
21613,-2.40e-02,3.78e+01,
21614,-2.40e-02,3.78e+01,
21615,-3.20e-02,3.78e+01,
21616,-2.40e-02,3.78e+01,
21617,-2.40e-02,3.78e+01,
21618,-2.40e-02,3.74e+01,
21619,-3.20e-02,3.74e+01,
21620,-2.40e-02,3.70e+01,
21621,-2.40e-02,3.70e+01,
21622,-2.40e-02,3.66e+01,
21623,-2.40e-02,3.66e+01,
21624,-2.40e-02,3.62e+01,
21625,-1.60e-02,3.62e+01,
21626,-1.60e-02,3.58e+01,
21627,-1.60e-02,3.58e+01,
21628,-1.60e-02,3.58e+01,
21629,-8.00e-03,3.54e+01,
21630,-8.00e-03,3.46e+01,
21631,-8.00e-03,3.54e+01,
21632,0.00e+00,3.46e+01,
21633,0.00e+00,3.46e+01,
21634,0.00e+00,3.46e+01,
21635,0.00e+00,3.46e+01,
21636,0.00e+00,3.46e+01,
21637,0.00e+00,3.54e+01,
21638,0.00e+00,3.54e+01,
21639,0.00e+00,3.54e+01,
21640,0.00e+00,3.58e+01,
21641,0.00e+00,3.58e+01,
21642,0.00e+00,3.62e+01,
21643,-8.00e-03,3.62e+01,
21644,0.00e+00,3.66e+01,
21645,-8.00e-03,3.66e+01,
21646,-8.00e-03,3.70e+01,
21647,-1.60e-02,3.70e+01,
21648,-1.60e-02,3.74e+01,
21649,-1.60e-02,3.74e+01,
21650,-1.60e-02,3.74e+01,
21651,-2.40e-02,3.74e+01,
21652,-2.40e-02,3.74e+01,
21653,-2.40e-02,3.78e+01,
21654,-2.40e-02,3.78e+01,
21655,-2.40e-02,3.74e+01,
21656,-2.40e-02,3.74e+01,
21657,-2.40e-02,3.74e+01,
21658,-2.40e-02,3.74e+01,
21659,-2.40e-02,3.70e+01,
21660,-2.40e-02,3.70e+01,
21661,-2.40e-02,3.70e+01,
21662,-2.40e-02,3.66e+01,
21663,-2.40e-02,3.66e+01,
21664,-1.60e-02,3.62e+01,
21665,-1.60e-02,3.62e+01,
21666,-1.60e-02,3.62e+01,
21667,-1.60e-02,3.58e+01,
21668,-1.60e-02,3.58e+01,
21669,-8.00e-03,3.58e+01,
21670,-8.00e-03,3.54e+01,
21671,-8.00e-03,3.54e+01,
21672,-8.00e-03,3.54e+01,
21673,0.00e+00,3.54e+01,
21674,-8.00e-03,3.54e+01,
21675,-8.00e-03,3.54e+01,
21676,0.00e+00,3.54e+01,
21677,0.00e+00,3.54e+01,
21678,0.00e+00,3.54e+01,
21679,0.00e+00,3.58e+01,
21680,0.00e+00,3.58e+01,
21681,0.00e+00,3.58e+01,
21682,0.00e+00,3.62e+01,
21683,-8.00e-03,3.62e+01,
21684,-8.00e-03,3.66e+01,
21685,-8.00e-03,3.66e+01,
21686,-8.00e-03,3.70e+01,
21687,-1.60e-02,3.70e+01,
21688,-8.00e-03,3.70e+01,
21689,-8.00e-03,3.74e+01,
21690,-1.60e-02,3.70e+01,
21691,-1.60e-02,3.74e+01,
21692,-1.60e-02,3.74e+01,
21693,-1.60e-02,3.74e+01,
21694,-1.60e-02,3.74e+01,
21695,-2.40e-02,3.74e+01,
21696,-1.60e-02,3.74e+01,
21697,-1.60e-02,3.74e+01,
21698,-2.40e-02,3.74e+01,
21699,-2.40e-02,3.70e+01,
21700,-2.40e-02,3.70e+01,
21701,-1.60e-02,3.66e+01,
21702,-1.60e-02,3.66e+01,
21703,-2.40e-02,3.66e+01,
21704,-1.60e-02,3.62e+01,
21705,-1.60e-02,3.62e+01,
21706,-1.60e-02,3.62e+01,
21707,-1.60e-02,3.62e+01,
21708,-1.60e-02,3.58e+01,
21709,-8.00e-03,3.58e+01,
21710,-8.00e-03,3.58e+01,
21711,-8.00e-03,3.58e+01,
21712,-8.00e-03,3.58e+01,
21713,-8.00e-03,3.58e+01,
21714,-8.00e-03,3.54e+01,
21715,-8.00e-03,3.58e+01,
21716,0.00e+00,3.58e+01,
21717,0.00e+00,3.58e+01,
21718,0.00e+00,3.58e+01,
21719,-8.00e-03,3.58e+01,
21720,-8.00e-03,3.58e+01,
21721,0.00e+00,3.62e+01,
21722,0.00e+00,3.62e+01,
21723,-8.00e-03,3.62e+01,
21724,-8.00e-03,3.66e+01,
21725,-8.00e-03,3.66e+01,
21726,-8.00e-03,3.66e+01,
21727,-8.00e-03,3.70e+01,
21728,-8.00e-03,3.70e+01,
21729,-8.00e-03,3.70e+01,
21730,-1.60e-02,3.70e+01,
21731,-1.60e-02,3.70e+01,
21732,-1.60e-02,3.74e+01,
21733,-1.60e-02,3.74e+01,
21734,-1.60e-02,3.70e+01,
21735,-2.40e-02,3.70e+01,
21736,-1.60e-02,3.70e+01,
21737,-1.60e-02,3.74e+01,
21738,-1.60e-02,3.70e+01,
21739,-2.40e-02,3.70e+01,
21740,-1.60e-02,3.70e+01,
21741,-1.60e-02,3.66e+01,
21742,-1.60e-02,3.66e+01,
21743,-1.60e-02,3.66e+01,
21744,-1.60e-02,3.62e+01,
21745,-1.60e-02,3.62e+01,
21746,-1.60e-02,3.62e+01,
21747,-1.60e-02,3.62e+01,
21748,-8.00e-03,3.62e+01,
21749,-8.00e-03,3.58e+01,
21750,-8.00e-03,3.58e+01,
21751,-8.00e-03,3.58e+01,
21752,-8.00e-03,3.58e+01,
21753,-8.00e-03,3.58e+01,
21754,-8.00e-03,3.58e+01,
21755,-8.00e-03,3.58e+01,
21756,-8.00e-03,3.58e+01,
21757,0.00e+00,3.58e+01,
21758,-8.00e-03,3.58e+01,
21759,-8.00e-03,3.58e+01,
21760,-8.00e-03,3.58e+01,
21761,-8.00e-03,3.62e+01,
21762,-8.00e-03,3.62e+01,
21763,-8.00e-03,3.62e+01,
21764,-8.00e-03,3.66e+01,
21765,-8.00e-03,3.66e+01,
21766,-8.00e-03,3.66e+01,
21767,-1.60e-02,3.66e+01,
21768,-8.00e-03,3.66e+01,
21769,-8.00e-03,3.70e+01,
21770,-1.60e-02,3.70e+01,
21771,-1.60e-02,3.70e+01,
21772,-1.60e-02,3.70e+01,
21773,-1.60e-02,3.70e+01,
21774,-1.60e-02,3.70e+01,
21775,-1.60e-02,3.70e+01,
21776,-1.60e-02,3.70e+01,
21777,-1.60e-02,3.70e+01,
21778,-1.60e-02,3.70e+01,
21779,-1.60e-02,3.70e+01,
21780,-1.60e-02,3.66e+01,
21781,-1.60e-02,3.66e+01,
21782,-1.60e-02,3.66e+01,
21783,-1.60e-02,3.66e+01,
21784,-1.60e-02,3.66e+01,
21785,-1.60e-02,3.62e+01,
21786,-1.60e-02,3.62e+01,
21787,-1.60e-02,3.62e+01,
21788,-8.00e-03,3.62e+01,
21789,-8.00e-03,3.62e+01,
21790,-8.00e-03,3.58e+01,
21791,-8.00e-03,3.58e+01,
21792,-8.00e-03,3.58e+01,
21793,-8.00e-03,3.58e+01,
21794,-8.00e-03,3.58e+01,
21795,-8.00e-03,3.58e+01,
21796,-8.00e-03,3.58e+01,
21797,-8.00e-03,3.58e+01,
21798,-8.00e-03,3.58e+01,
21799,-8.00e-03,3.62e+01,
21800,-8.00e-03,3.62e+01,
21801,-8.00e-03,3.62e+01,
21802,-8.00e-03,3.62e+01,
21803,-8.00e-03,3.62e+01,
21804,-8.00e-03,3.62e+01,
21805,-8.00e-03,3.66e+01,
21806,-8.00e-03,3.66e+01,
21807,-1.60e-02,3.66e+01,
21808,-8.00e-03,3.66e+01,
21809,-8.00e-03,3.66e+01,
21810,-8.00e-03,3.70e+01,
21811,-1.60e-02,3.70e+01,
21812,-1.60e-02,3.70e+01,
21813,-1.60e-02,3.70e+01,
21814,-1.60e-02,3.70e+01,
21815,-1.60e-02,3.70e+01,
21816,-1.60e-02,3.70e+01,
21817,-1.60e-02,3.70e+01,
21818,-1.60e-02,3.70e+01,
21819,-1.60e-02,3.66e+01,
21820,-1.60e-02,3.66e+01,
21821,-1.60e-02,3.66e+01,
21822,-1.60e-02,3.66e+01,
21823,-1.60e-02,3.66e+01,
21824,-1.60e-02,3.66e+01,
21825,-1.60e-02,3.62e+01,
21826,-1.60e-02,3.62e+01,
21827,-1.60e-02,3.62e+01,
21828,-1.60e-02,3.62e+01,
21829,-8.00e-03,3.62e+01,
21830,-8.00e-03,3.62e+01,
21831,-8.00e-03,3.62e+01,
21832,-8.00e-03,3.58e+01,
21833,-8.00e-03,3.62e+01,
21834,-8.00e-03,3.62e+01,
21835,-8.00e-03,3.58e+01,
21836,-8.00e-03,3.62e+01,
21837,-8.00e-03,3.62e+01,
21838,-8.00e-03,3.62e+01,
21839,-8.00e-03,3.62e+01,
21840,-8.00e-03,3.62e+01,
21841,-8.00e-03,3.62e+01,
21842,-8.00e-03,3.62e+01,
21843,-8.00e-03,3.62e+01,
21844,-8.00e-03,3.66e+01,
21845,-8.00e-03,3.66e+01,
21846,-8.00e-03,3.66e+01,
21847,-1.60e-02,3.66e+01,
21848,-8.00e-03,3.66e+01,
21849,-8.00e-03,3.66e+01,
21850,-1.60e-02,3.66e+01,
21851,-1.60e-02,3.66e+01,
21852,-1.60e-02,3.70e+01,
21853,-1.60e-02,3.70e+01,
21854,-1.60e-02,3.70e+01,
21855,-1.60e-02,3.70e+01,
21856,-1.60e-02,3.66e+01,
21857,-1.60e-02,3.66e+01,
21858,-1.60e-02,3.66e+01,
21859,-1.60e-02,3.66e+01,
21860,-1.60e-02,3.66e+01,
21861,-1.60e-02,3.66e+01,
21862,-1.60e-02,3.66e+01,
21863,-1.60e-02,3.66e+01,
21864,-1.60e-02,3.66e+01,
21865,-8.00e-03,3.62e+01,
21866,-8.00e-03,3.62e+01,
21867,-1.60e-02,3.62e+01,
21868,-1.60e-02,3.62e+01,
21869,-8.00e-03,3.62e+01,
21870,-8.00e-03,3.62e+01,
21871,-8.00e-03,3.62e+01,
21872,-8.00e-03,3.62e+01,
21873,-8.00e-03,3.62e+01,
21874,-8.00e-03,3.62e+01,
21875,-8.00e-03,3.62e+01,
21876,-8.00e-03,3.62e+01,
21877,-8.00e-03,3.62e+01,
21878,-8.00e-03,3.62e+01,
21879,-8.00e-03,3.62e+01,
21880,-8.00e-03,3.62e+01,
21881,-8.00e-03,3.62e+01,
21882,-8.00e-03,3.62e+01,
21883,-8.00e-03,3.62e+01,
21884,-8.00e-03,3.66e+01,
21885,-8.00e-03,3.62e+01,
21886,-8.00e-03,3.66e+01,
21887,-1.60e-02,3.66e+01,
21888,-8.00e-03,3.66e+01,
21889,-8.00e-03,3.66e+01,
21890,-1.60e-02,3.66e+01,
21891,-1.60e-02,3.66e+01,
21892,-8.00e-03,3.66e+01,
21893,-1.60e-02,3.66e+01,
21894,-1.60e-02,3.66e+01,
21895,-1.60e-02,3.66e+01,
21896,-1.60e-02,3.66e+01,
21897,-1.60e-02,3.66e+01,
21898,-1.60e-02,3.66e+01,
21899,-1.60e-02,3.66e+01,
21900,-1.60e-02,3.66e+01,
21901,-1.60e-02,3.66e+01,
21902,-1.60e-02,3.66e+01,
21903,-1.60e-02,3.66e+01,
21904,-1.60e-02,3.66e+01,
21905,-1.60e-02,3.66e+01,
21906,-1.60e-02,3.62e+01,
21907,-1.60e-02,3.62e+01,
21908,-8.00e-03,3.62e+01,
21909,-8.00e-03,3.62e+01,
21910,-8.00e-03,3.62e+01,
21911,-8.00e-03,3.62e+01,
21912,-8.00e-03,3.62e+01,
21913,-8.00e-03,3.62e+01,
21914,-8.00e-03,3.62e+01,
21915,-8.00e-03,3.62e+01,
21916,-8.00e-03,3.62e+01,
21917,-8.00e-03,3.62e+01,
21918,-8.00e-03,3.62e+01,
21919,-8.00e-03,3.62e+01,
21920,-8.00e-03,3.62e+01,
21921,-8.00e-03,3.62e+01,
21922,-8.00e-03,3.62e+01,
21923,-8.00e-03,3.62e+01,
21924,-8.00e-03,3.62e+01,
21925,-8.00e-03,3.62e+01,
21926,-8.00e-03,3.66e+01,
21927,-1.60e-02,3.66e+01,
21928,-8.00e-03,3.66e+01,
21929,-8.00e-03,3.66e+01,
21930,-8.00e-03,3.66e+01,
21931,-1.60e-02,3.66e+01,
21932,-8.00e-03,3.66e+01,
21933,-8.00e-03,3.66e+01,
21934,-8.00e-03,3.66e+01,
21935,-1.60e-02,3.66e+01,
21936,-1.60e-02,3.66e+01,
21937,-1.60e-02,3.66e+01,
21938,-1.60e-02,3.66e+01,
21939,-1.60e-02,3.66e+01,
21940,-1.60e-02,3.66e+01,
21941,-1.60e-02,3.66e+01,
21942,-1.60e-02,3.66e+01,
21943,-1.60e-02,3.66e+01,
21944,-1.60e-02,3.62e+01,
21945,-1.60e-02,3.62e+01,
21946,-1.60e-02,3.62e+01,
21947,-1.60e-02,3.62e+01,
21948,-8.00e-03,3.62e+01,
21949,-8.00e-03,3.62e+01,
21950,-8.00e-03,3.62e+01,
21951,-8.00e-03,3.62e+01,
21952,-8.00e-03,3.62e+01,
21953,-8.00e-03,3.62e+01,
21954,-8.00e-03,3.62e+01,
21955,-8.00e-03,3.62e+01,
21956,-8.00e-03,3.62e+01,
21957,-8.00e-03,3.62e+01,
21958,-8.00e-03,3.62e+01,
21959,-8.00e-03,3.62e+01,
21960,-8.00e-03,3.62e+01,
21961,-8.00e-03,3.62e+01,
21962,-8.00e-03,3.62e+01,
21963,-8.00e-03,3.62e+01,
21964,-8.00e-03,3.66e+01,
21965,-8.00e-03,3.66e+01,
21966,-8.00e-03,3.66e+01,
21967,-1.60e-02,3.66e+01,
21968,-8.00e-03,3.66e+01,
21969,-8.00e-03,3.66e+01,
21970,-8.00e-03,3.66e+01,
21971,-1.60e-02,3.66e+01,
21972,-1.60e-02,3.66e+01,
21973,-8.00e-03,3.66e+01,
21974,-1.60e-02,3.66e+01,
21975,-1.60e-02,3.66e+01,
21976,-1.60e-02,3.66e+01,
21977,-8.00e-03,3.66e+01,
21978,-1.60e-02,3.66e+01,
21979,-1.60e-02,3.66e+01,
21980,-1.60e-02,3.66e+01,
21981,-1.60e-02,3.66e+01,
21982,-1.60e-02,3.66e+01,
21983,-1.60e-02,3.66e+01,
21984,-8.00e-03,3.66e+01,
21985,-8.00e-03,3.66e+01,
21986,-8.00e-03,3.62e+01,
21987,-1.60e-02,3.66e+01,
21988,-8.00e-03,3.62e+01,
21989,-8.00e-03,3.62e+01,
21990,-8.00e-03,3.62e+01,
21991,-8.00e-03,3.62e+01,
21992,-8.00e-03,3.62e+01,
21993,-8.00e-03,3.62e+01,
21994,-8.00e-03,3.62e+01,
21995,-8.00e-03,3.62e+01,
21996,-8.00e-03,3.62e+01,
21997,-8.00e-03,3.62e+01,
21998,-8.00e-03,3.62e+01,
21999,-8.00e-03,3.62e+01,
22000,-8.00e-03,3.62e+01,
22001,-8.00e-03,3.62e+01,
22002,-8.00e-03,3.62e+01,
22003,-8.00e-03,3.62e+01,
22004,-8.00e-03,3.62e+01,
22005,-8.00e-03,3.66e+01,
22006,-8.00e-03,3.62e+01,
22007,-8.00e-03,3.66e+01,
22008,-8.00e-03,3.66e+01,
22009,-8.00e-03,3.66e+01,
22010,-8.00e-03,3.66e+01,
22011,-1.60e-02,3.66e+01,
22012,-8.00e-03,3.66e+01,
22013,-8.00e-03,3.66e+01,
22014,-1.60e-02,3.66e+01,
22015,-1.60e-02,3.66e+01,
22016,-8.00e-03,3.62e+01,
22017,-8.00e-03,3.66e+01,
22018,-1.60e-02,3.66e+01,
22019,-1.60e-02,3.66e+01,
22020,-8.00e-03,3.66e+01,
22021,-8.00e-03,3.66e+01,
22022,-1.60e-02,3.66e+01,
22023,-1.60e-02,3.66e+01,
22024,-1.60e-02,3.66e+01,
22025,-8.00e-03,3.66e+01,
22026,-8.00e-03,3.62e+01,
22027,-1.60e-02,3.62e+01,
22028,-8.00e-03,3.62e+01,
22029,-8.00e-03,3.62e+01,
22030,-8.00e-03,3.62e+01,
22031,-8.00e-03,3.62e+01,
22032,-8.00e-03,3.62e+01,
22033,-8.00e-03,3.62e+01,
22034,-8.00e-03,3.62e+01,
22035,-8.00e-03,3.62e+01,
22036,-8.00e-03,3.62e+01,
22037,-8.00e-03,3.62e+01,
22038,-8.00e-03,3.62e+01,
22039,-8.00e-03,3.62e+01,
22040,-8.00e-03,3.62e+01,
22041,-8.00e-03,3.62e+01,
22042,-8.00e-03,3.62e+01,
22043,-8.00e-03,3.62e+01,
22044,-8.00e-03,3.62e+01,
22045,-8.00e-03,3.66e+01,
22046,-8.00e-03,3.66e+01,
22047,-8.00e-03,3.66e+01,
22048,-8.00e-03,3.66e+01,
22049,-8.00e-03,3.66e+01,
22050,-8.00e-03,3.62e+01,
22051,-1.60e-02,3.66e+01,
22052,-8.00e-03,3.66e+01,
22053,-8.00e-03,3.66e+01,
22054,-8.00e-03,3.66e+01,
22055,-1.60e-02,3.66e+01,
22056,-8.00e-03,3.66e+01,
22057,-8.00e-03,3.66e+01,
22058,-1.60e-02,3.66e+01,
22059,-1.60e-02,3.62e+01,
22060,-8.00e-03,3.66e+01,
22061,-8.00e-03,3.66e+01,
22062,-8.00e-03,3.66e+01,
22063,-1.60e-02,3.66e+01,
22064,-8.00e-03,3.66e+01,
22065,-8.00e-03,3.66e+01,
22066,-8.00e-03,3.66e+01,
22067,-1.60e-02,3.62e+01,
22068,-8.00e-03,3.66e+01,
22069,-8.00e-03,3.62e+01,
22070,-8.00e-03,3.62e+01,
22071,-8.00e-03,3.62e+01,
22072,-8.00e-03,3.62e+01,
22073,-8.00e-03,3.62e+01,
22074,-8.00e-03,3.62e+01,
22075,-8.00e-03,3.62e+01,
22076,-8.00e-03,3.62e+01,
22077,-8.00e-03,3.62e+01,
22078,-8.00e-03,3.62e+01,
22079,-8.00e-03,3.62e+01,
22080,-8.00e-03,3.62e+01,
22081,-8.00e-03,3.62e+01,
22082,-8.00e-03,3.62e+01,
22083,-8.00e-03,3.62e+01,
22084,-8.00e-03,3.62e+01,
22085,-8.00e-03,3.62e+01,
22086,-8.00e-03,3.62e+01,
22087,-8.00e-03,3.66e+01,
22088,-8.00e-03,3.62e+01,
22089,-8.00e-03,3.66e+01,
22090,-8.00e-03,3.66e+01,
22091,-1.60e-02,3.66e+01,
22092,-8.00e-03,3.62e+01,
22093,-8.00e-03,3.66e+01,
22094,-8.00e-03,3.66e+01,
22095,-1.60e-02,3.66e+01,
22096,-8.00e-03,3.62e+01,
22097,-8.00e-03,3.66e+01,
22098,-8.00e-03,3.66e+01,
22099,-1.60e-02,3.62e+01,
22100,-8.00e-03,3.66e+01,
22101,-8.00e-03,3.66e+01,
22102,-8.00e-03,3.66e+01,
22103,-1.60e-02,3.66e+01,
22104,-8.00e-03,3.62e+01,
22105,-8.00e-03,3.66e+01,
22106,-8.00e-03,3.62e+01,
22107,-1.60e-02,3.66e+01,
22108,-8.00e-03,3.62e+01,
22109,-8.00e-03,3.62e+01,
22110,-8.00e-03,3.62e+01,
22111,-8.00e-03,3.66e+01,
22112,-8.00e-03,3.62e+01,
22113,-8.00e-03,3.62e+01,
22114,-8.00e-03,3.62e+01,
22115,-8.00e-03,3.62e+01,
22116,-8.00e-03,3.62e+01,
22117,-8.00e-03,3.62e+01,
22118,-8.00e-03,3.62e+01,
22119,-8.00e-03,3.62e+01,
22120,-8.00e-03,3.62e+01,
22121,-8.00e-03,3.62e+01,
22122,-8.00e-03,3.62e+01,
22123,-8.00e-03,3.62e+01,
22124,-8.00e-03,3.62e+01,
22125,-8.00e-03,3.62e+01,
22126,-8.00e-03,3.62e+01,
22127,-8.00e-03,3.66e+01,
22128,-8.00e-03,3.66e+01,
22129,-8.00e-03,3.62e+01,
22130,-8.00e-03,3.66e+01,
22131,-1.60e-02,3.66e+01,
22132,-8.00e-03,3.62e+01,
22133,-8.00e-03,3.66e+01,
22134,-8.00e-03,3.62e+01,
22135,-1.60e-02,3.66e+01,
22136,-8.00e-03,3.62e+01,
22137,-8.00e-03,3.66e+01,
22138,-8.00e-03,3.66e+01,
22139,-1.60e-02,3.66e+01,
22140,-8.00e-03,3.66e+01,
22141,-8.00e-03,3.62e+01,
22142,-8.00e-03,3.66e+01,
22143,-8.00e-03,3.62e+01,
22144,-8.00e-03,3.62e+01,
22145,-8.00e-03,3.62e+01,
22146,-8.00e-03,3.62e+01,
22147,-1.60e-02,3.62e+01,
22148,-8.00e-03,3.62e+01,
22149,-8.00e-03,3.62e+01,
22150,-8.00e-03,3.62e+01,
22151,-8.00e-03,3.62e+01,
22152,-8.00e-03,3.62e+01,
22153,-8.00e-03,3.62e+01,
22154,-8.00e-03,3.62e+01,
22155,-8.00e-03,3.66e+01,
22156,-8.00e-03,3.62e+01,
22157,-8.00e-03,3.62e+01,
22158,-8.00e-03,3.62e+01,
22159,-8.00e-03,3.62e+01,
22160,-8.00e-03,3.62e+01,
22161,-8.00e-03,3.62e+01,
22162,-8.00e-03,3.62e+01,
22163,-1.60e-02,3.62e+01,
22164,-8.00e-03,3.62e+01,
22165,-8.00e-03,3.62e+01,
22166,-8.00e-03,3.62e+01,
22167,-8.00e-03,3.66e+01,
22168,-8.00e-03,3.62e+01,
22169,-8.00e-03,3.62e+01,
22170,-8.00e-03,3.62e+01,
22171,-8.00e-03,3.62e+01,
22172,-8.00e-03,3.66e+01,
22173,-8.00e-03,3.66e+01,
22174,-8.00e-03,3.66e+01,
22175,-8.00e-03,3.66e+01,
22176,-8.00e-03,3.62e+01,
22177,-8.00e-03,3.66e+01,
22178,-8.00e-03,3.62e+01,
22179,-8.00e-03,3.62e+01,
22180,-8.00e-03,3.62e+01,
22181,-8.00e-03,3.62e+01,
22182,-8.00e-03,3.62e+01,
22183,-1.60e-02,3.62e+01,
22184,-8.00e-03,3.62e+01,
22185,-8.00e-03,3.62e+01,
22186,-8.00e-03,3.62e+01,
22187,-1.60e-02,3.62e+01,
22188,-8.00e-03,3.62e+01,
22189,-8.00e-03,3.62e+01,
22190,-8.00e-03,3.62e+01,
22191,-8.00e-03,3.62e+01,
22192,-8.00e-03,3.62e+01,
22193,-8.00e-03,3.62e+01,
22194,-8.00e-03,3.62e+01,
22195,-8.00e-03,3.62e+01,
22196,-8.00e-03,3.66e+01,
22197,-8.00e-03,3.62e+01,
22198,-8.00e-03,3.62e+01,
22199,-8.00e-03,3.66e+01,
22200,-8.00e-03,3.62e+01,
22201,-8.00e-03,3.62e+01,
22202,-8.00e-03,3.62e+01,
22203,-8.00e-03,3.62e+01,
22204,-8.00e-03,3.62e+01,
22205,-8.00e-03,3.62e+01,
22206,-8.00e-03,3.62e+01,
22207,-8.00e-03,3.62e+01,
22208,-8.00e-03,3.62e+01,
22209,-8.00e-03,3.66e+01,
22210,-8.00e-03,3.66e+01,
22211,-8.00e-03,3.66e+01,
22212,-8.00e-03,3.62e+01,
22213,-8.00e-03,3.62e+01,
22214,-8.00e-03,3.66e+01,
22215,-8.00e-03,3.66e+01,
22216,-8.00e-03,3.62e+01,
22217,-8.00e-03,3.66e+01,
22218,-8.00e-03,3.62e+01,
22219,-8.00e-03,3.62e+01,
22220,-8.00e-03,3.66e+01,
22221,-8.00e-03,3.62e+01,
22222,-8.00e-03,3.62e+01,
22223,-1.60e-02,3.66e+01,
22224,-8.00e-03,3.62e+01,
22225,-8.00e-03,3.66e+01,
22226,-8.00e-03,3.62e+01,
22227,-8.00e-03,3.66e+01,
22228,-8.00e-03,3.62e+01,
22229,-8.00e-03,3.66e+01,
22230,-8.00e-03,3.62e+01,
22231,-1.60e-02,3.62e+01,
22232,-8.00e-03,3.62e+01,
22233,-8.00e-03,3.62e+01,
22234,-8.00e-03,3.62e+01,
22235,-8.00e-03,3.62e+01,
22236,-8.00e-03,3.62e+01,
22237,-8.00e-03,3.62e+01,
22238,-8.00e-03,3.62e+01,
22239,-8.00e-03,3.62e+01,
22240,-8.00e-03,3.62e+01,
22241,-8.00e-03,3.62e+01,
22242,-8.00e-03,3.62e+01,
22243,-8.00e-03,3.62e+01,
22244,-8.00e-03,3.62e+01,
22245,-8.00e-03,3.62e+01,
22246,-8.00e-03,3.62e+01,
22247,-8.00e-03,3.66e+01,
22248,-8.00e-03,3.62e+01,
22249,-8.00e-03,3.66e+01,
22250,-8.00e-03,3.62e+01,
22251,-8.00e-03,3.62e+01,
22252,-8.00e-03,3.62e+01,
22253,-8.00e-03,3.62e+01,
22254,-8.00e-03,3.62e+01,
22255,-8.00e-03,3.62e+01,
22256,-8.00e-03,3.62e+01,
22257,-8.00e-03,3.66e+01,
22258,-8.00e-03,3.62e+01,
22259,-1.60e-02,3.66e+01,
22260,-8.00e-03,3.62e+01,
22261,-8.00e-03,3.62e+01,
22262,-8.00e-03,3.62e+01,
22263,-8.00e-03,3.62e+01,
22264,-8.00e-03,3.62e+01,
22265,-8.00e-03,3.62e+01,
22266,-8.00e-03,3.62e+01,
22267,-8.00e-03,3.62e+01,
22268,-8.00e-03,3.62e+01,
22269,-8.00e-03,3.62e+01,
22270,-8.00e-03,3.62e+01,
22271,-8.00e-03,3.62e+01,
22272,-8.00e-03,3.62e+01,
22273,-8.00e-03,3.62e+01,
22274,-8.00e-03,3.62e+01,
22275,-8.00e-03,3.62e+01,
22276,-8.00e-03,3.62e+01,
22277,-8.00e-03,3.62e+01,
22278,-8.00e-03,3.62e+01,
22279,-8.00e-03,3.62e+01,
22280,-8.00e-03,3.62e+01,
22281,-8.00e-03,3.66e+01,
22282,-8.00e-03,3.62e+01,
22283,-8.00e-03,3.62e+01,
22284,-8.00e-03,3.62e+01,
22285,-8.00e-03,3.62e+01,
22286,-8.00e-03,3.62e+01,
22287,-8.00e-03,3.66e+01,
22288,-8.00e-03,3.62e+01,
22289,-8.00e-03,3.66e+01,
22290,-8.00e-03,3.62e+01,
22291,-8.00e-03,3.62e+01,
22292,-8.00e-03,3.66e+01,
22293,-8.00e-03,3.62e+01,
22294,-8.00e-03,3.62e+01,
22295,-8.00e-03,3.62e+01,
22296,-8.00e-03,3.62e+01,
22297,-8.00e-03,3.66e+01,
22298,-8.00e-03,3.62e+01,
22299,-8.00e-03,3.62e+01,
22300,-8.00e-03,3.66e+01,
22301,-8.00e-03,3.62e+01,
22302,-8.00e-03,3.62e+01,
22303,-8.00e-03,3.62e+01,
22304,-8.00e-03,3.62e+01,
22305,-8.00e-03,3.66e+01,
22306,-8.00e-03,3.62e+01,
22307,-8.00e-03,3.62e+01,
22308,-8.00e-03,3.62e+01,
22309,-8.00e-03,3.62e+01,
22310,-8.00e-03,3.62e+01,
22311,-8.00e-03,3.62e+01,
22312,-8.00e-03,3.62e+01,
22313,-8.00e-03,3.66e+01,
22314,-8.00e-03,3.62e+01,
22315,-8.00e-03,3.62e+01,
22316,-8.00e-03,3.62e+01,
22317,-8.00e-03,3.62e+01,
22318,-8.00e-03,3.62e+01,
22319,-8.00e-03,3.62e+01,
22320,-8.00e-03,3.62e+01,
22321,-8.00e-03,3.62e+01,
22322,-8.00e-03,3.62e+01,
22323,-8.00e-03,3.62e+01,
22324,-8.00e-03,3.62e+01,
22325,-8.00e-03,3.62e+01,
22326,-8.00e-03,3.62e+01,
22327,-8.00e-03,3.62e+01,
22328,-8.00e-03,3.62e+01,
22329,-8.00e-03,3.62e+01,
22330,-8.00e-03,3.62e+01,
22331,-8.00e-03,3.62e+01,
22332,-8.00e-03,3.62e+01,
22333,-8.00e-03,3.62e+01,
22334,-8.00e-03,3.62e+01,
22335,-8.00e-03,3.66e+01,
22336,-8.00e-03,3.62e+01,
22337,-8.00e-03,3.66e+01,
22338,-8.00e-03,3.66e+01,
22339,-8.00e-03,3.62e+01,
22340,-8.00e-03,3.62e+01,
22341,-8.00e-03,3.62e+01,
22342,-8.00e-03,3.62e+01,
22343,-1.60e-02,3.62e+01,
22344,-8.00e-03,3.62e+01,
22345,-8.00e-03,3.62e+01,
22346,-8.00e-03,3.62e+01,
22347,-8.00e-03,3.62e+01,
22348,-8.00e-03,3.62e+01,
22349,-8.00e-03,3.62e+01,
22350,-8.00e-03,3.62e+01,
22351,-8.00e-03,3.62e+01,
22352,-8.00e-03,3.62e+01,
22353,-8.00e-03,3.66e+01,
22354,-8.00e-03,3.62e+01,
22355,-8.00e-03,3.62e+01,
22356,-8.00e-03,3.62e+01,
22357,-8.00e-03,3.62e+01,
22358,-8.00e-03,3.62e+01,
22359,-8.00e-03,3.66e+01,
22360,-8.00e-03,3.62e+01,
22361,-8.00e-03,3.62e+01,
22362,-8.00e-03,3.62e+01,
22363,-8.00e-03,3.62e+01,
22364,-8.00e-03,3.62e+01,
22365,-8.00e-03,3.62e+01,
22366,-8.00e-03,3.62e+01,
22367,-8.00e-03,3.62e+01,
22368,-8.00e-03,3.62e+01,
22369,-8.00e-03,3.66e+01,
22370,-8.00e-03,3.62e+01,
22371,-8.00e-03,3.62e+01,
22372,-8.00e-03,3.62e+01,
22373,-8.00e-03,3.62e+01,
22374,-8.00e-03,3.62e+01,
22375,-8.00e-03,3.62e+01,
22376,-8.00e-03,3.62e+01,
22377,-8.00e-03,3.62e+01,
22378,-8.00e-03,3.62e+01,
22379,-8.00e-03,3.66e+01,
22380,-8.00e-03,3.62e+01,
22381,-8.00e-03,3.62e+01,
22382,-8.00e-03,3.62e+01,
22383,-8.00e-03,3.62e+01,
22384,-8.00e-03,3.62e+01,
22385,-8.00e-03,3.66e+01,
22386,-8.00e-03,3.62e+01,
22387,-8.00e-03,3.62e+01,
22388,-8.00e-03,3.62e+01,
22389,-8.00e-03,3.62e+01,
22390,-8.00e-03,3.62e+01,
22391,-8.00e-03,3.62e+01,
22392,-8.00e-03,3.62e+01,
22393,-8.00e-03,3.66e+01,
22394,-8.00e-03,3.62e+01,
22395,-8.00e-03,3.62e+01,
22396,-8.00e-03,3.62e+01,
22397,-8.00e-03,3.62e+01,
22398,-8.00e-03,3.66e+01,
22399,-8.00e-03,3.62e+01,
22400,-8.00e-03,3.62e+01,
22401,-8.00e-03,3.62e+01,
22402,-8.00e-03,3.62e+01,
22403,-8.00e-03,3.62e+01,
22404,-8.00e-03,3.62e+01,
22405,-8.00e-03,3.62e+01,
22406,-8.00e-03,3.62e+01,
22407,-8.00e-03,3.62e+01,
22408,-8.00e-03,3.62e+01,
22409,-8.00e-03,3.66e+01,
22410,-8.00e-03,3.66e+01,
22411,-8.00e-03,3.62e+01,
22412,-8.00e-03,3.62e+01,
22413,-8.00e-03,3.62e+01,
22414,-8.00e-03,3.62e+01,
22415,-8.00e-03,3.62e+01,
22416,-8.00e-03,3.62e+01,
22417,-8.00e-03,3.66e+01,
22418,-8.00e-03,3.62e+01,
22419,-8.00e-03,3.62e+01,
22420,-8.00e-03,3.62e+01,
22421,-8.00e-03,3.62e+01,
22422,-8.00e-03,3.62e+01,
22423,-8.00e-03,3.62e+01,
22424,-8.00e-03,3.62e+01,
22425,-8.00e-03,3.62e+01,
22426,-8.00e-03,3.62e+01,
22427,-8.00e-03,3.62e+01,
22428,-8.00e-03,3.62e+01,
22429,-8.00e-03,3.62e+01,
22430,-8.00e-03,3.62e+01,
22431,-8.00e-03,3.62e+01,
22432,-8.00e-03,3.62e+01,
22433,-8.00e-03,3.62e+01,
22434,-8.00e-03,3.62e+01,
22435,-8.00e-03,3.62e+01,
22436,-8.00e-03,3.62e+01,
22437,-8.00e-03,3.62e+01,
22438,-8.00e-03,3.62e+01,
22439,-8.00e-03,3.62e+01,
22440,-8.00e-03,3.62e+01,
22441,-8.00e-03,3.62e+01,
22442,-8.00e-03,3.62e+01,
22443,-8.00e-03,3.62e+01,
22444,-8.00e-03,3.62e+01,
22445,-8.00e-03,3.62e+01,
22446,-8.00e-03,3.62e+01,
22447,-8.00e-03,3.66e+01,
22448,-8.00e-03,3.62e+01,
22449,-8.00e-03,3.62e+01,
22450,-8.00e-03,3.62e+01,
22451,-8.00e-03,3.62e+01,
22452,-8.00e-03,3.62e+01,
22453,-8.00e-03,3.62e+01,
22454,-8.00e-03,3.62e+01,
22455,-8.00e-03,3.62e+01,
22456,-8.00e-03,3.62e+01,
22457,-8.00e-03,3.62e+01,
22458,-8.00e-03,3.62e+01,
22459,-8.00e-03,3.62e+01,
22460,-8.00e-03,3.62e+01,
22461,-8.00e-03,3.62e+01,
22462,-8.00e-03,3.62e+01,
22463,-8.00e-03,3.62e+01,
22464,-8.00e-03,3.62e+01,
22465,-8.00e-03,3.62e+01,
22466,-8.00e-03,3.62e+01,
22467,-8.00e-03,3.62e+01,
22468,-8.00e-03,3.62e+01,
22469,-8.00e-03,3.62e+01,
22470,-8.00e-03,3.62e+01,
22471,-8.00e-03,3.62e+01,
22472,-8.00e-03,3.62e+01,
22473,-8.00e-03,3.62e+01,
22474,-8.00e-03,3.62e+01,
22475,-8.00e-03,3.62e+01,
22476,-8.00e-03,3.62e+01,
22477,-8.00e-03,3.62e+01,
22478,-8.00e-03,3.62e+01,
22479,-1.60e-02,3.66e+01,
22480,-8.00e-03,3.62e+01,
22481,-8.00e-03,3.62e+01,
22482,-8.00e-03,3.62e+01,
22483,-8.00e-03,3.62e+01,
22484,-8.00e-03,3.62e+01,
22485,-8.00e-03,3.62e+01,
22486,-8.00e-03,3.62e+01,
22487,-8.00e-03,3.62e+01,
22488,-8.00e-03,3.62e+01,
22489,-8.00e-03,3.62e+01,
22490,-8.00e-03,3.62e+01,
22491,-8.00e-03,3.62e+01,
22492,-8.00e-03,3.62e+01,
22493,-8.00e-03,3.62e+01,
22494,-8.00e-03,3.62e+01,
22495,-8.00e-03,3.62e+01,
22496,-8.00e-03,3.62e+01,
22497,-8.00e-03,3.62e+01,
22498,-8.00e-03,3.62e+01,
22499,-8.00e-03,3.62e+01,
22500,-8.00e-03,3.62e+01,
22501,-8.00e-03,3.62e+01,
22502,-8.00e-03,3.62e+01,
22503,-8.00e-03,3.62e+01,
22504,-8.00e-03,3.62e+01,
22505,-8.00e-03,3.66e+01,
22506,-8.00e-03,3.62e+01,
22507,-8.00e-03,3.62e+01,
22508,-8.00e-03,3.62e+01,
22509,-8.00e-03,3.62e+01,
22510,-8.00e-03,3.62e+01,
22511,-8.00e-03,3.62e+01,
22512,-8.00e-03,3.62e+01,
22513,-8.00e-03,3.62e+01,
22514,-8.00e-03,3.62e+01,
22515,-8.00e-03,3.62e+01,
22516,-8.00e-03,3.62e+01,
22517,-8.00e-03,3.62e+01,
22518,-8.00e-03,3.62e+01,
22519,-8.00e-03,3.62e+01,
22520,-8.00e-03,3.62e+01,
22521,-8.00e-03,3.62e+01,
22522,-8.00e-03,3.62e+01,
22523,-8.00e-03,3.62e+01,
22524,-8.00e-03,3.62e+01,
22525,-8.00e-03,3.62e+01,
22526,-8.00e-03,3.62e+01,
22527,-8.00e-03,3.62e+01,
22528,-8.00e-03,3.62e+01,
22529,-8.00e-03,3.62e+01,
22530,-8.00e-03,3.66e+01,
22531,-8.00e-03,3.62e+01,
22532,-8.00e-03,3.62e+01,
22533,-8.00e-03,3.62e+01,
22534,-8.00e-03,3.62e+01,
22535,-8.00e-03,3.62e+01,
22536,-8.00e-03,3.62e+01,
22537,-8.00e-03,3.66e+01,
22538,-8.00e-03,3.62e+01,
22539,-8.00e-03,3.62e+01,
22540,-8.00e-03,3.62e+01,
22541,-8.00e-03,3.62e+01,
22542,-8.00e-03,3.62e+01,
22543,-8.00e-03,3.62e+01,
22544,-8.00e-03,3.62e+01,
22545,-8.00e-03,3.62e+01,
22546,-8.00e-03,3.62e+01,
22547,-8.00e-03,3.62e+01,
22548,-8.00e-03,3.62e+01,
22549,-8.00e-03,3.62e+01,
22550,-8.00e-03,3.62e+01,
22551,-8.00e-03,3.62e+01,
22552,-8.00e-03,3.62e+01,
22553,-8.00e-03,3.62e+01,
22554,-8.00e-03,3.62e+01,
22555,-8.00e-03,3.62e+01,
22556,-8.00e-03,3.62e+01,
22557,-8.00e-03,3.62e+01,
22558,-8.00e-03,3.62e+01,
22559,-8.00e-03,3.62e+01,
22560,-8.00e-03,3.62e+01,
22561,-8.00e-03,3.62e+01,
22562,-8.00e-03,3.62e+01,
22563,-8.00e-03,3.62e+01,
22564,-8.00e-03,3.62e+01,
22565,-8.00e-03,3.62e+01,
22566,-8.00e-03,3.62e+01,
22567,-8.00e-03,3.62e+01,
22568,-8.00e-03,3.62e+01,
22569,-8.00e-03,3.62e+01,
22570,-8.00e-03,3.62e+01,
22571,-8.00e-03,3.62e+01,
22572,-8.00e-03,3.62e+01,
22573,-8.00e-03,3.62e+01,
22574,-8.00e-03,3.62e+01,
22575,-8.00e-03,3.62e+01,
22576,-8.00e-03,3.62e+01,
22577,-8.00e-03,3.62e+01,
22578,-8.00e-03,3.62e+01,
22579,-8.00e-03,3.62e+01,
22580,-8.00e-03,3.62e+01,
22581,-8.00e-03,3.62e+01,
22582,-8.00e-03,3.62e+01,
22583,-8.00e-03,3.62e+01,
22584,-8.00e-03,3.62e+01,
22585,-8.00e-03,3.62e+01,
22586,-8.00e-03,3.62e+01,
22587,-8.00e-03,3.62e+01,
22588,-8.00e-03,3.62e+01,
22589,-8.00e-03,3.62e+01,
22590,-8.00e-03,3.62e+01,
22591,-8.00e-03,3.62e+01,
22592,-8.00e-03,3.62e+01,
22593,-8.00e-03,3.62e+01,
22594,-8.00e-03,3.62e+01,
22595,-8.00e-03,3.62e+01,
22596,-8.00e-03,3.62e+01,
22597,-8.00e-03,3.62e+01,
22598,-8.00e-03,3.62e+01,
22599,-8.00e-03,3.62e+01,
22600,-8.00e-03,3.62e+01,
22601,-8.00e-03,3.62e+01,
22602,-8.00e-03,3.62e+01,
22603,-8.00e-03,3.62e+01,
22604,-8.00e-03,3.62e+01,
22605,-8.00e-03,3.62e+01,
22606,-8.00e-03,3.62e+01,
22607,-8.00e-03,3.62e+01,
22608,-8.00e-03,3.62e+01,
22609,-8.00e-03,3.62e+01,
22610,-8.00e-03,3.62e+01,
22611,-8.00e-03,3.62e+01,
22612,-8.00e-03,3.62e+01,
22613,-8.00e-03,3.62e+01,
22614,-8.00e-03,3.62e+01,
22615,-8.00e-03,3.62e+01,
22616,-8.00e-03,3.62e+01,
22617,-8.00e-03,3.62e+01,
22618,-8.00e-03,3.62e+01,
22619,-8.00e-03,3.62e+01,
22620,-8.00e-03,3.62e+01,
22621,-8.00e-03,3.62e+01,
22622,-8.00e-03,3.62e+01,
22623,-8.00e-03,3.62e+01,
22624,-8.00e-03,3.62e+01,
22625,-8.00e-03,3.62e+01,
22626,-8.00e-03,3.62e+01,
22627,-8.00e-03,3.62e+01,
22628,-8.00e-03,3.62e+01,
22629,-8.00e-03,3.62e+01,
22630,-8.00e-03,3.62e+01,
22631,-8.00e-03,3.62e+01,
22632,-8.00e-03,3.62e+01,
22633,-8.00e-03,3.62e+01,
22634,-8.00e-03,3.62e+01,
22635,-8.00e-03,3.62e+01,
22636,-8.00e-03,3.62e+01,
22637,-8.00e-03,3.62e+01,
22638,-8.00e-03,3.62e+01,
22639,-8.00e-03,3.62e+01,
22640,-8.00e-03,3.62e+01,
22641,-8.00e-03,3.62e+01,
22642,-8.00e-03,3.62e+01,
22643,-8.00e-03,3.62e+01,
22644,-8.00e-03,3.62e+01,
22645,-8.00e-03,3.62e+01,
22646,-8.00e-03,3.62e+01,
22647,-8.00e-03,3.62e+01,
22648,-8.00e-03,3.62e+01,
22649,-8.00e-03,3.62e+01,
22650,-8.00e-03,3.62e+01,
22651,-8.00e-03,3.62e+01,
22652,-8.00e-03,3.62e+01,
22653,-8.00e-03,3.62e+01,
22654,-8.00e-03,3.62e+01,
22655,-8.00e-03,3.62e+01,
22656,-8.00e-03,3.62e+01,
22657,-8.00e-03,3.62e+01,
22658,-8.00e-03,3.62e+01,
22659,-8.00e-03,3.62e+01,
22660,-8.00e-03,3.62e+01,
22661,-8.00e-03,3.62e+01,
22662,-8.00e-03,3.62e+01,
22663,-8.00e-03,3.62e+01,
22664,-8.00e-03,3.62e+01,
22665,-8.00e-03,3.62e+01,
22666,-8.00e-03,3.62e+01,
22667,-1.60e-02,3.62e+01,
22668,-8.00e-03,3.62e+01,
22669,-8.00e-03,3.62e+01,
22670,-8.00e-03,3.62e+01,
22671,-8.00e-03,3.62e+01,
22672,-8.00e-03,3.62e+01,
22673,-8.00e-03,3.62e+01,
22674,-8.00e-03,3.62e+01,
22675,-8.00e-03,3.62e+01,
22676,-8.00e-03,3.62e+01,
22677,-8.00e-03,3.62e+01,
22678,-8.00e-03,3.62e+01,
22679,-8.00e-03,3.62e+01,
22680,-8.00e-03,3.62e+01,
22681,-8.00e-03,3.62e+01,
22682,-8.00e-03,3.62e+01,
22683,-8.00e-03,3.62e+01,
22684,-8.00e-03,3.62e+01,
22685,-8.00e-03,3.62e+01,
22686,-8.00e-03,3.62e+01,
22687,-8.00e-03,3.62e+01,
22688,-8.00e-03,3.62e+01,
22689,-8.00e-03,3.62e+01,
22690,-8.00e-03,3.62e+01,
22691,-8.00e-03,3.62e+01,
22692,-8.00e-03,3.62e+01,
22693,-8.00e-03,3.62e+01,
22694,-8.00e-03,3.62e+01,
22695,-8.00e-03,3.62e+01,
22696,-8.00e-03,3.62e+01,
22697,-8.00e-03,3.62e+01,
22698,-8.00e-03,3.62e+01,
22699,-8.00e-03,3.62e+01,
22700,-8.00e-03,3.62e+01,
22701,-8.00e-03,3.62e+01,
22702,-8.00e-03,3.62e+01,
22703,-8.00e-03,3.62e+01,
22704,-8.00e-03,3.62e+01,
22705,-8.00e-03,3.62e+01,
22706,-8.00e-03,3.62e+01,
22707,-8.00e-03,3.62e+01,
22708,-8.00e-03,3.62e+01,
22709,-8.00e-03,3.62e+01,
22710,-8.00e-03,3.62e+01,
22711,-8.00e-03,3.62e+01,
22712,-8.00e-03,3.62e+01,
22713,-8.00e-03,3.62e+01,
22714,-8.00e-03,3.62e+01,
22715,-8.00e-03,3.62e+01,
22716,-8.00e-03,3.62e+01,
22717,-8.00e-03,3.62e+01,
22718,-8.00e-03,3.62e+01,
22719,-8.00e-03,3.62e+01,
22720,-8.00e-03,3.62e+01,
22721,-8.00e-03,3.62e+01,
22722,-8.00e-03,3.62e+01,
22723,-8.00e-03,3.62e+01,
22724,-8.00e-03,3.62e+01,
22725,-8.00e-03,3.62e+01,
22726,-8.00e-03,3.62e+01,
22727,-8.00e-03,3.62e+01,
22728,-8.00e-03,3.62e+01,
22729,-8.00e-03,3.62e+01,
22730,-8.00e-03,3.62e+01,
22731,-8.00e-03,3.62e+01,
22732,-8.00e-03,3.62e+01,
22733,-8.00e-03,3.62e+01,
22734,-8.00e-03,3.62e+01,
22735,-8.00e-03,3.62e+01,
22736,-8.00e-03,3.62e+01,
22737,-8.00e-03,3.62e+01,
22738,-8.00e-03,3.62e+01,
22739,-8.00e-03,3.62e+01,
22740,-8.00e-03,3.62e+01,
22741,-8.00e-03,3.62e+01,
22742,-8.00e-03,3.62e+01,
22743,-8.00e-03,3.62e+01,
22744,-8.00e-03,3.62e+01,
22745,-8.00e-03,3.62e+01,
22746,-8.00e-03,3.62e+01,
22747,-8.00e-03,3.62e+01,
22748,-8.00e-03,3.62e+01,
22749,-8.00e-03,3.62e+01,
22750,-8.00e-03,3.62e+01,
22751,-8.00e-03,3.62e+01,
22752,-8.00e-03,3.62e+01,
22753,-8.00e-03,3.62e+01,
22754,-8.00e-03,3.62e+01,
22755,-8.00e-03,3.62e+01,
22756,-8.00e-03,3.62e+01,
22757,-8.00e-03,3.62e+01,
22758,-8.00e-03,3.62e+01,
22759,-8.00e-03,3.62e+01,
22760,-8.00e-03,3.62e+01,
22761,-8.00e-03,3.62e+01,
22762,-8.00e-03,3.62e+01,
22763,-8.00e-03,3.62e+01,
22764,-8.00e-03,3.62e+01,
22765,-8.00e-03,3.62e+01,
22766,-8.00e-03,3.62e+01,
22767,-8.00e-03,3.62e+01,
22768,-8.00e-03,3.62e+01,
22769,-8.00e-03,3.62e+01,
22770,-8.00e-03,3.62e+01,
22771,-8.00e-03,3.62e+01,
22772,-8.00e-03,3.62e+01,
22773,-8.00e-03,3.62e+01,
22774,-8.00e-03,3.62e+01,
22775,-8.00e-03,3.62e+01,
22776,-8.00e-03,3.62e+01,
22777,-8.00e-03,3.62e+01,
22778,-8.00e-03,3.62e+01,
22779,-8.00e-03,3.62e+01,
22780,-8.00e-03,3.62e+01,
22781,-8.00e-03,3.62e+01,
22782,-8.00e-03,3.62e+01,
22783,-8.00e-03,3.62e+01,
22784,-8.00e-03,3.62e+01,
22785,-8.00e-03,3.62e+01,
22786,-8.00e-03,3.62e+01,
22787,-8.00e-03,3.62e+01,
22788,-8.00e-03,3.62e+01,
22789,-8.00e-03,3.62e+01,
22790,-8.00e-03,3.62e+01,
22791,-8.00e-03,3.62e+01,
22792,-8.00e-03,3.62e+01,
22793,-8.00e-03,3.62e+01,
22794,-8.00e-03,3.62e+01,
22795,-8.00e-03,3.62e+01,
22796,-8.00e-03,3.62e+01,
22797,-8.00e-03,3.62e+01,
22798,-8.00e-03,3.62e+01,
22799,-8.00e-03,3.62e+01,
22800,-8.00e-03,3.62e+01,
22801,-8.00e-03,3.62e+01,
22802,-8.00e-03,3.62e+01,
22803,-8.00e-03,3.62e+01,
22804,-8.00e-03,3.62e+01,
22805,-8.00e-03,3.62e+01,
22806,-8.00e-03,3.62e+01,
22807,-8.00e-03,3.62e+01,
22808,-8.00e-03,3.62e+01,
22809,-8.00e-03,3.62e+01,
22810,-8.00e-03,3.62e+01,
22811,-8.00e-03,3.62e+01,
22812,-8.00e-03,3.62e+01,
22813,-8.00e-03,3.62e+01,
22814,-8.00e-03,3.62e+01,
22815,-8.00e-03,3.62e+01,
22816,-8.00e-03,3.62e+01,
22817,-8.00e-03,3.62e+01,
22818,-8.00e-03,3.62e+01,
22819,-8.00e-03,3.62e+01,
22820,-8.00e-03,3.62e+01,
22821,-8.00e-03,3.62e+01,
22822,-8.00e-03,3.62e+01,
22823,-8.00e-03,3.62e+01,
22824,-8.00e-03,3.62e+01,
22825,-8.00e-03,3.62e+01,
22826,-8.00e-03,3.62e+01,
22827,-8.00e-03,3.62e+01,
22828,-8.00e-03,3.62e+01,
22829,-8.00e-03,3.62e+01,
22830,-8.00e-03,3.62e+01,
22831,-8.00e-03,3.62e+01,
22832,-8.00e-03,3.62e+01,
22833,-8.00e-03,3.62e+01,
22834,-8.00e-03,3.62e+01,
22835,-8.00e-03,3.62e+01,
22836,-8.00e-03,3.62e+01,
22837,-8.00e-03,3.62e+01,
22838,-8.00e-03,3.62e+01,
22839,-8.00e-03,3.62e+01,
22840,-8.00e-03,3.62e+01,
22841,-8.00e-03,3.62e+01,
22842,-8.00e-03,3.62e+01,
22843,-8.00e-03,3.62e+01,
22844,-8.00e-03,3.62e+01,
22845,-8.00e-03,3.62e+01,
22846,-8.00e-03,3.62e+01,
22847,-8.00e-03,3.62e+01,
22848,-8.00e-03,3.62e+01,
22849,-8.00e-03,3.62e+01,
22850,-8.00e-03,3.62e+01,
22851,-8.00e-03,3.62e+01,
22852,-8.00e-03,3.62e+01,
22853,-8.00e-03,3.62e+01,
22854,-8.00e-03,3.62e+01,
22855,-8.00e-03,3.62e+01,
22856,-8.00e-03,3.62e+01,
22857,-8.00e-03,3.62e+01,
22858,-8.00e-03,3.62e+01,
22859,-8.00e-03,3.62e+01,
22860,-8.00e-03,3.62e+01,
22861,-8.00e-03,3.62e+01,
22862,-8.00e-03,3.62e+01,
22863,-8.00e-03,3.62e+01,
22864,-8.00e-03,3.62e+01,
22865,-8.00e-03,3.62e+01,
22866,-8.00e-03,3.62e+01,
22867,-8.00e-03,3.62e+01,
22868,-8.00e-03,3.62e+01,
22869,-8.00e-03,3.62e+01,
22870,-8.00e-03,3.62e+01,
22871,-8.00e-03,3.62e+01,
22872,-8.00e-03,3.62e+01,
22873,-8.00e-03,3.62e+01,
22874,-8.00e-03,3.62e+01,
22875,-8.00e-03,3.62e+01,
22876,-8.00e-03,3.62e+01,
22877,-8.00e-03,3.62e+01,
22878,-8.00e-03,3.62e+01,
22879,-8.00e-03,3.62e+01,
22880,-8.00e-03,3.62e+01,
22881,-8.00e-03,3.62e+01,
22882,-8.00e-03,3.62e+01,
22883,-8.00e-03,3.62e+01,
22884,-8.00e-03,3.62e+01,
22885,-8.00e-03,3.62e+01,
22886,-8.00e-03,3.62e+01,
22887,-8.00e-03,3.62e+01,
22888,-8.00e-03,3.62e+01,
22889,-8.00e-03,3.62e+01,
22890,-8.00e-03,3.62e+01,
22891,-8.00e-03,3.62e+01,
22892,-8.00e-03,3.62e+01,
22893,-8.00e-03,3.62e+01,
22894,-8.00e-03,3.62e+01,
22895,-8.00e-03,3.62e+01,
22896,-8.00e-03,3.62e+01,
22897,-8.00e-03,3.62e+01,
22898,-8.00e-03,3.62e+01,
22899,-8.00e-03,3.62e+01,
22900,-8.00e-03,3.62e+01,
22901,-8.00e-03,3.62e+01,
22902,-8.00e-03,3.62e+01,
22903,-8.00e-03,3.62e+01,
22904,-8.00e-03,3.62e+01,
22905,-8.00e-03,3.62e+01,
22906,-8.00e-03,3.62e+01,
22907,-8.00e-03,3.62e+01,
22908,-8.00e-03,3.62e+01,
22909,-8.00e-03,3.62e+01,
22910,-8.00e-03,3.62e+01,
22911,-8.00e-03,3.62e+01,
22912,-8.00e-03,3.62e+01,
22913,-8.00e-03,3.62e+01,
22914,-8.00e-03,3.62e+01,
22915,-8.00e-03,3.62e+01,
22916,-8.00e-03,3.62e+01,
22917,-8.00e-03,3.62e+01,
22918,-8.00e-03,3.62e+01,
22919,-8.00e-03,3.62e+01,
22920,-8.00e-03,3.62e+01,
22921,-8.00e-03,3.62e+01,
22922,-8.00e-03,3.62e+01,
22923,-8.00e-03,3.62e+01,
22924,-8.00e-03,3.62e+01,
22925,-8.00e-03,3.62e+01,
22926,-8.00e-03,3.62e+01,
22927,-8.00e-03,3.62e+01,
22928,-8.00e-03,3.62e+01,
22929,-8.00e-03,3.62e+01,
22930,-8.00e-03,3.62e+01,
22931,-8.00e-03,3.62e+01,
22932,-8.00e-03,3.62e+01,
22933,-8.00e-03,3.62e+01,
22934,-8.00e-03,3.62e+01,
22935,-8.00e-03,3.62e+01,
22936,-8.00e-03,3.62e+01,
22937,-8.00e-03,3.62e+01,
22938,-8.00e-03,3.62e+01,
22939,-8.00e-03,3.62e+01,
22940,-8.00e-03,3.62e+01,
22941,-8.00e-03,3.62e+01,
22942,-8.00e-03,3.62e+01,
22943,-8.00e-03,3.62e+01,
22944,-8.00e-03,3.62e+01,
22945,-8.00e-03,3.62e+01,
22946,-8.00e-03,3.62e+01,
22947,-8.00e-03,3.62e+01,
22948,-8.00e-03,3.62e+01,
22949,-8.00e-03,3.62e+01,
22950,-8.00e-03,3.62e+01,
22951,-8.00e-03,3.62e+01,
22952,-8.00e-03,3.62e+01,
22953,-8.00e-03,3.62e+01,
22954,-8.00e-03,3.62e+01,
22955,-8.00e-03,3.62e+01,
22956,-8.00e-03,3.62e+01,
22957,-8.00e-03,3.62e+01,
22958,-8.00e-03,3.62e+01,
22959,-8.00e-03,3.62e+01,
22960,-8.00e-03,3.62e+01,
22961,-8.00e-03,3.62e+01,
22962,-8.00e-03,3.62e+01,
22963,-8.00e-03,3.62e+01,
22964,-8.00e-03,3.62e+01,
22965,-8.00e-03,3.62e+01,
22966,-8.00e-03,3.62e+01,
22967,-8.00e-03,3.62e+01,
22968,-8.00e-03,3.62e+01,
22969,-8.00e-03,3.62e+01,
22970,-8.00e-03,3.62e+01,
22971,-8.00e-03,3.62e+01,
22972,-8.00e-03,3.62e+01,
22973,-8.00e-03,3.62e+01,
22974,-8.00e-03,3.62e+01,
22975,-8.00e-03,3.62e+01,
22976,-8.00e-03,3.58e+01,
22977,-8.00e-03,3.62e+01,
22978,-8.00e-03,3.62e+01,
22979,-8.00e-03,3.62e+01,
22980,-8.00e-03,3.62e+01,
22981,-8.00e-03,3.62e+01,
22982,-8.00e-03,3.62e+01,
22983,-8.00e-03,3.62e+01,
22984,-8.00e-03,3.62e+01,
22985,-8.00e-03,3.62e+01,
22986,-8.00e-03,3.62e+01,
22987,-8.00e-03,3.62e+01,
22988,-8.00e-03,3.62e+01,
22989,-8.00e-03,3.62e+01,
22990,-8.00e-03,3.62e+01,
22991,-8.00e-03,3.62e+01,
22992,-8.00e-03,3.62e+01,
22993,-8.00e-03,3.62e+01,
22994,-8.00e-03,3.62e+01,
22995,-8.00e-03,3.62e+01,
22996,-8.00e-03,3.62e+01,
22997,-8.00e-03,3.62e+01,
22998,-8.00e-03,3.62e+01,
22999,-8.00e-03,3.62e+01,
23000,-8.00e-03,3.62e+01,
23001,-8.00e-03,3.62e+01,
23002,-8.00e-03,3.62e+01,
23003,-8.00e-03,3.62e+01,
23004,-8.00e-03,3.62e+01,
23005,-8.00e-03,3.62e+01,
23006,-8.00e-03,3.62e+01,
23007,-8.00e-03,3.62e+01,
23008,-8.00e-03,3.58e+01,
23009,-8.00e-03,3.62e+01,
23010,-8.00e-03,3.62e+01,
23011,-8.00e-03,3.62e+01,
23012,-8.00e-03,3.62e+01,
23013,-8.00e-03,3.62e+01,
23014,-8.00e-03,3.62e+01,
23015,-8.00e-03,3.62e+01,
23016,-8.00e-03,3.62e+01,
23017,-8.00e-03,3.62e+01,
23018,-8.00e-03,3.62e+01,
23019,-8.00e-03,3.62e+01,
23020,-8.00e-03,3.62e+01,
23021,-8.00e-03,3.62e+01,
23022,-8.00e-03,3.62e+01,
23023,-8.00e-03,3.62e+01,
23024,-8.00e-03,3.62e+01,
23025,-8.00e-03,3.62e+01,
23026,-8.00e-03,3.58e+01,
23027,-8.00e-03,3.62e+01,
23028,-8.00e-03,3.62e+01,
23029,-8.00e-03,3.62e+01,
23030,-8.00e-03,3.62e+01,
23031,-8.00e-03,3.62e+01,
23032,-8.00e-03,3.62e+01,
23033,-8.00e-03,3.62e+01,
23034,-8.00e-03,3.62e+01,
23035,-8.00e-03,3.62e+01,
23036,-8.00e-03,3.62e+01,
23037,-8.00e-03,3.62e+01,
23038,-8.00e-03,3.58e+01,
23039,-8.00e-03,3.62e+01,
23040,-8.00e-03,3.62e+01,
23041,-8.00e-03,3.62e+01,
23042,-8.00e-03,3.62e+01,
23043,-8.00e-03,3.58e+01,
23044,-8.00e-03,3.62e+01,
23045,-8.00e-03,3.62e+01,
23046,-8.00e-03,3.62e+01,
23047,-8.00e-03,3.62e+01,
23048,-8.00e-03,3.62e+01,
23049,-8.00e-03,3.62e+01,
23050,-8.00e-03,3.62e+01,
23051,-8.00e-03,3.62e+01,
23052,-8.00e-03,3.62e+01,
23053,-8.00e-03,3.62e+01,
23054,-8.00e-03,3.62e+01,
23055,-8.00e-03,3.62e+01,
23056,-8.00e-03,3.62e+01,
23057,-8.00e-03,3.62e+01,
23058,-8.00e-03,3.62e+01,
23059,-8.00e-03,3.62e+01,
23060,-8.00e-03,3.62e+01,
23061,-8.00e-03,3.62e+01,
23062,-8.00e-03,3.62e+01,
23063,-8.00e-03,3.62e+01,
23064,-8.00e-03,3.62e+01,
23065,-8.00e-03,3.62e+01,
23066,-8.00e-03,3.62e+01,
23067,-8.00e-03,3.62e+01,
23068,-8.00e-03,3.62e+01,
23069,-8.00e-03,3.62e+01,
23070,-8.00e-03,3.62e+01,
23071,-8.00e-03,3.62e+01,
23072,-8.00e-03,3.62e+01,
23073,-8.00e-03,3.62e+01,
23074,-8.00e-03,3.62e+01,
23075,-8.00e-03,3.62e+01,
23076,-8.00e-03,3.62e+01,
23077,-8.00e-03,3.62e+01,
23078,-8.00e-03,3.62e+01,
23079,-8.00e-03,3.62e+01,
23080,-8.00e-03,3.62e+01,
23081,-8.00e-03,3.62e+01,
23082,-8.00e-03,3.62e+01,
23083,-8.00e-03,3.62e+01,
23084,-8.00e-03,3.62e+01,
23085,-8.00e-03,3.58e+01,
23086,-8.00e-03,3.62e+01,
23087,-8.00e-03,3.62e+01,
23088,-8.00e-03,3.58e+01,
23089,-8.00e-03,3.62e+01,
23090,-8.00e-03,3.62e+01,
23091,-8.00e-03,3.62e+01,
23092,-8.00e-03,3.62e+01,
23093,-8.00e-03,3.58e+01,
23094,-8.00e-03,3.62e+01,
23095,-8.00e-03,3.62e+01,
23096,-8.00e-03,3.62e+01,
23097,-8.00e-03,3.62e+01,
23098,-8.00e-03,3.62e+01,
23099,-8.00e-03,3.62e+01,
23100,-8.00e-03,3.62e+01,
23101,-8.00e-03,3.62e+01,
23102,-8.00e-03,3.62e+01,
23103,-8.00e-03,3.62e+01,
23104,-8.00e-03,3.58e+01,
23105,-8.00e-03,3.62e+01,
23106,-8.00e-03,3.58e+01,
23107,-8.00e-03,3.62e+01,
23108,-8.00e-03,3.62e+01,
23109,-8.00e-03,3.62e+01,
23110,-8.00e-03,3.62e+01,
23111,-8.00e-03,3.62e+01,
23112,-8.00e-03,3.58e+01,
23113,-8.00e-03,3.62e+01,
23114,-8.00e-03,3.58e+01,
23115,-8.00e-03,3.62e+01,
23116,-8.00e-03,3.58e+01,
23117,-8.00e-03,3.62e+01,
23118,-8.00e-03,3.62e+01,
23119,-8.00e-03,3.62e+01,
23120,-8.00e-03,3.58e+01,
23121,-8.00e-03,3.62e+01,
23122,-8.00e-03,3.58e+01,
23123,-8.00e-03,3.62e+01,
23124,-8.00e-03,3.62e+01,
23125,-8.00e-03,3.62e+01,
23126,-8.00e-03,3.62e+01,
23127,-8.00e-03,3.62e+01,
23128,-8.00e-03,3.62e+01,
23129,-8.00e-03,3.62e+01,
23130,-8.00e-03,3.62e+01,
23131,-8.00e-03,3.58e+01,
23132,-8.00e-03,3.62e+01,
23133,-8.00e-03,3.62e+01,
23134,-8.00e-03,3.62e+01,
23135,-8.00e-03,3.62e+01,
23136,-8.00e-03,3.58e+01,
23137,-8.00e-03,3.62e+01,
23138,-8.00e-03,3.58e+01,
23139,-8.00e-03,3.62e+01,
23140,-8.00e-03,3.62e+01,
23141,-8.00e-03,3.62e+01,
23142,-8.00e-03,3.62e+01,
23143,-8.00e-03,3.62e+01,
23144,-8.00e-03,3.62e+01,
23145,-8.00e-03,3.62e+01,
23146,-8.00e-03,3.58e+01,
23147,-8.00e-03,3.58e+01,
23148,-8.00e-03,3.58e+01,
23149,-8.00e-03,3.62e+01,
23150,-8.00e-03,3.62e+01,
23151,-8.00e-03,3.58e+01,
23152,-8.00e-03,3.62e+01,
23153,-8.00e-03,3.62e+01,
23154,-8.00e-03,3.58e+01,
23155,-8.00e-03,3.58e+01,
23156,-8.00e-03,3.62e+01,
23157,-8.00e-03,3.62e+01,
23158,-8.00e-03,3.58e+01,
23159,-8.00e-03,3.62e+01,
23160,-8.00e-03,3.62e+01,
23161,-8.00e-03,3.62e+01,
23162,-8.00e-03,3.62e+01,
23163,-8.00e-03,3.62e+01,
23164,-8.00e-03,3.62e+01,
23165,-8.00e-03,3.62e+01,
23166,-8.00e-03,3.62e+01,
23167,-8.00e-03,3.62e+01,
23168,-8.00e-03,3.58e+01,
23169,-8.00e-03,3.62e+01,
23170,-8.00e-03,3.58e+01,
23171,-8.00e-03,3.62e+01,
23172,-8.00e-03,3.62e+01,
23173,-8.00e-03,3.58e+01,
23174,-8.00e-03,3.62e+01,
23175,-8.00e-03,3.62e+01,
23176,-8.00e-03,3.62e+01,
23177,-8.00e-03,3.62e+01,
23178,-8.00e-03,3.58e+01,
23179,-8.00e-03,3.62e+01,
23180,-8.00e-03,3.62e+01,
23181,-8.00e-03,3.58e+01,
23182,-8.00e-03,3.58e+01,
23183,-8.00e-03,3.58e+01,
23184,-8.00e-03,3.58e+01,
23185,-8.00e-03,3.58e+01,
23186,-8.00e-03,3.58e+01,
23187,-8.00e-03,3.62e+01,
23188,-8.00e-03,3.62e+01,
23189,-8.00e-03,3.58e+01,
23190,-8.00e-03,3.58e+01,
23191,-8.00e-03,3.58e+01,
23192,-8.00e-03,3.58e+01,
23193,-8.00e-03,3.62e+01,
23194,-8.00e-03,3.58e+01,
23195,-8.00e-03,3.62e+01,
23196,-8.00e-03,3.58e+01,
23197,-8.00e-03,3.58e+01,
23198,-8.00e-03,3.58e+01,
23199,-8.00e-03,3.62e+01,
23200,-8.00e-03,3.58e+01,
23201,-8.00e-03,3.62e+01,
23202,-8.00e-03,3.58e+01,
23203,-8.00e-03,3.58e+01,
23204,-8.00e-03,3.62e+01,
23205,-8.00e-03,3.62e+01,
23206,-8.00e-03,3.58e+01,
23207,-8.00e-03,3.62e+01,
23208,-8.00e-03,3.58e+01,
23209,-8.00e-03,3.58e+01,
23210,-8.00e-03,3.58e+01,
23211,-8.00e-03,3.62e+01,
23212,-8.00e-03,3.62e+01,
23213,-8.00e-03,3.58e+01,
23214,-8.00e-03,3.58e+01,
23215,-8.00e-03,3.62e+01,
23216,-8.00e-03,3.58e+01,
23217,-8.00e-03,3.62e+01,
23218,-8.00e-03,3.58e+01,
23219,-8.00e-03,3.62e+01,
23220,-8.00e-03,3.58e+01,
23221,-8.00e-03,3.58e+01,
23222,-8.00e-03,3.58e+01,
23223,-8.00e-03,3.58e+01,
23224,-8.00e-03,3.58e+01,
23225,-8.00e-03,3.62e+01,
23226,-8.00e-03,3.58e+01,
23227,-8.00e-03,3.58e+01,
23228,-8.00e-03,3.58e+01,
23229,-8.00e-03,3.58e+01,
23230,-8.00e-03,3.58e+01,
23231,-8.00e-03,3.58e+01,
23232,-8.00e-03,3.58e+01,
23233,-8.00e-03,3.58e+01,
23234,-8.00e-03,3.58e+01,
23235,-8.00e-03,3.58e+01,
23236,-8.00e-03,3.58e+01,
23237,-8.00e-03,3.58e+01,
23238,-8.00e-03,3.58e+01,
23239,-8.00e-03,3.58e+01,
23240,-8.00e-03,3.58e+01,
23241,-8.00e-03,3.58e+01,
23242,-8.00e-03,3.58e+01,
23243,-8.00e-03,3.58e+01,
23244,-8.00e-03,3.58e+01,
23245,-8.00e-03,3.58e+01,
23246,-8.00e-03,3.58e+01,
23247,-8.00e-03,3.62e+01,
23248,-8.00e-03,3.58e+01,
23249,-8.00e-03,3.58e+01,
23250,-8.00e-03,3.58e+01,
23251,-8.00e-03,3.58e+01,
23252,-8.00e-03,3.58e+01,
23253,-8.00e-03,3.58e+01,
23254,-8.00e-03,3.58e+01,
23255,-8.00e-03,3.58e+01,
23256,-8.00e-03,3.58e+01,
23257,-8.00e-03,3.58e+01,
23258,-8.00e-03,3.58e+01,
23259,-8.00e-03,3.58e+01,
23260,-8.00e-03,3.58e+01,
23261,-8.00e-03,3.58e+01,
23262,-8.00e-03,3.58e+01,
23263,-8.00e-03,3.58e+01,
23264,-8.00e-03,3.58e+01,
23265,-8.00e-03,3.58e+01,
23266,-8.00e-03,3.58e+01,
23267,-8.00e-03,3.58e+01,
23268,-8.00e-03,3.58e+01,
23269,-8.00e-03,3.58e+01,
23270,-8.00e-03,3.58e+01,
23271,-8.00e-03,3.58e+01,
23272,-8.00e-03,3.58e+01,
23273,-8.00e-03,3.58e+01,
23274,-8.00e-03,3.58e+01,
23275,-8.00e-03,3.58e+01,
23276,-8.00e-03,3.58e+01,
23277,-8.00e-03,3.58e+01,
23278,-8.00e-03,3.58e+01,
23279,-8.00e-03,3.62e+01,
23280,-8.00e-03,3.58e+01,
23281,-8.00e-03,3.58e+01,
23282,-8.00e-03,3.58e+01,
23283,-8.00e-03,3.58e+01,
23284,-8.00e-03,3.58e+01,
23285,-8.00e-03,3.58e+01,
23286,-8.00e-03,3.58e+01,
23287,-8.00e-03,3.58e+01,
23288,-8.00e-03,3.58e+01,
23289,-8.00e-03,3.58e+01,
23290,-8.00e-03,3.58e+01,
23291,-8.00e-03,3.58e+01,
23292,-8.00e-03,3.58e+01,
23293,-8.00e-03,3.58e+01,
23294,-8.00e-03,3.58e+01,
23295,-8.00e-03,3.58e+01,
23296,-8.00e-03,3.58e+01,
23297,-8.00e-03,3.58e+01,
23298,-8.00e-03,3.58e+01,
23299,-8.00e-03,3.58e+01,
23300,-8.00e-03,3.58e+01,
23301,-8.00e-03,3.58e+01,
23302,-8.00e-03,3.58e+01,
23303,-8.00e-03,3.58e+01,
23304,-8.00e-03,3.58e+01,
23305,-8.00e-03,3.58e+01,
23306,-8.00e-03,3.58e+01,
23307,-8.00e-03,3.58e+01,
23308,-8.00e-03,3.58e+01,
23309,-8.00e-03,3.58e+01,
23310,-8.00e-03,3.58e+01,
23311,-8.00e-03,3.58e+01,
23312,-8.00e-03,3.58e+01,
23313,-8.00e-03,3.58e+01,
23314,-8.00e-03,3.58e+01,
23315,-8.00e-03,3.58e+01,
23316,-8.00e-03,3.58e+01,
23317,-8.00e-03,3.58e+01,
23318,-8.00e-03,3.58e+01,
23319,-8.00e-03,3.58e+01,
23320,-8.00e-03,3.58e+01,
23321,-8.00e-03,3.58e+01,
23322,-8.00e-03,3.58e+01,
23323,-8.00e-03,3.58e+01,
23324,-8.00e-03,3.58e+01,
23325,-8.00e-03,3.58e+01,
23326,-8.00e-03,3.58e+01,
23327,-8.00e-03,3.58e+01,
23328,-8.00e-03,3.58e+01,
23329,-8.00e-03,3.58e+01,
23330,-8.00e-03,3.58e+01,
23331,-8.00e-03,3.58e+01,
23332,-8.00e-03,3.58e+01,
23333,-8.00e-03,3.58e+01,
23334,-8.00e-03,3.58e+01,
23335,-8.00e-03,3.58e+01,
23336,-8.00e-03,3.58e+01,
23337,-8.00e-03,3.58e+01,
23338,-8.00e-03,3.58e+01,
23339,-8.00e-03,3.58e+01,
23340,-8.00e-03,3.58e+01,
23341,-8.00e-03,3.58e+01,
23342,-8.00e-03,3.58e+01,
23343,-8.00e-03,3.58e+01,
23344,-8.00e-03,3.58e+01,
23345,-8.00e-03,3.58e+01,
23346,-8.00e-03,3.58e+01,
23347,-8.00e-03,3.58e+01,
23348,-8.00e-03,3.58e+01,
23349,-8.00e-03,3.58e+01,
23350,-8.00e-03,3.58e+01,
23351,-8.00e-03,3.58e+01,
23352,-8.00e-03,3.58e+01,
23353,-8.00e-03,3.58e+01,
23354,-8.00e-03,3.58e+01,
23355,-8.00e-03,3.58e+01,
23356,-8.00e-03,3.58e+01,
23357,-8.00e-03,3.58e+01,
23358,-8.00e-03,3.58e+01,
23359,-8.00e-03,3.58e+01,
23360,-8.00e-03,3.58e+01,
23361,-8.00e-03,3.58e+01,
23362,-8.00e-03,3.58e+01,
23363,-8.00e-03,3.58e+01,
23364,-8.00e-03,3.58e+01,
23365,-8.00e-03,3.58e+01,
23366,-8.00e-03,3.58e+01,
23367,-8.00e-03,3.58e+01,
23368,-8.00e-03,3.58e+01,
23369,-8.00e-03,3.58e+01,
23370,-8.00e-03,3.58e+01,
23371,-8.00e-03,3.58e+01,
23372,-8.00e-03,3.58e+01,
23373,-8.00e-03,3.58e+01,
23374,-8.00e-03,3.58e+01,
23375,-8.00e-03,3.58e+01,
23376,-8.00e-03,3.58e+01,
23377,-8.00e-03,3.58e+01,
23378,-8.00e-03,3.58e+01,
23379,-8.00e-03,3.58e+01,
23380,-8.00e-03,3.58e+01,
23381,-8.00e-03,3.58e+01,
23382,-8.00e-03,3.58e+01,
23383,-8.00e-03,3.58e+01,
23384,-8.00e-03,3.58e+01,
23385,-8.00e-03,3.58e+01,
23386,-8.00e-03,3.58e+01,
23387,-8.00e-03,3.58e+01,
23388,-8.00e-03,3.58e+01,
23389,-8.00e-03,3.58e+01,
23390,-8.00e-03,3.58e+01,
23391,-8.00e-03,3.58e+01,
23392,-8.00e-03,3.58e+01,
23393,-8.00e-03,3.58e+01,
23394,-8.00e-03,3.58e+01,
23395,-8.00e-03,3.58e+01,
23396,-8.00e-03,3.58e+01,
23397,-8.00e-03,3.58e+01,
23398,-8.00e-03,3.58e+01,
23399,-8.00e-03,3.58e+01,
23400,-8.00e-03,3.58e+01,
23401,-8.00e-03,3.58e+01,
23402,-8.00e-03,3.58e+01,
23403,-8.00e-03,3.58e+01,
23404,-8.00e-03,3.58e+01,
23405,-8.00e-03,3.58e+01,
23406,-8.00e-03,3.58e+01,
23407,-8.00e-03,3.58e+01,
23408,-8.00e-03,3.58e+01,
23409,-8.00e-03,3.58e+01,
23410,-8.00e-03,3.58e+01,
23411,-8.00e-03,3.58e+01,
23412,-8.00e-03,3.58e+01,
23413,-8.00e-03,3.58e+01,
23414,-8.00e-03,3.58e+01,
23415,-8.00e-03,3.58e+01,
23416,-8.00e-03,3.58e+01,
23417,-8.00e-03,3.58e+01,
23418,-8.00e-03,3.58e+01,
23419,-8.00e-03,3.58e+01,
23420,-8.00e-03,3.58e+01,
23421,-8.00e-03,3.58e+01,
23422,-8.00e-03,3.58e+01,
23423,-8.00e-03,3.58e+01,
23424,-8.00e-03,3.58e+01,
23425,-8.00e-03,3.58e+01,
23426,-8.00e-03,3.58e+01,
23427,-8.00e-03,3.58e+01,
23428,-8.00e-03,3.58e+01,
23429,-8.00e-03,3.58e+01,
23430,-8.00e-03,3.58e+01,
23431,-8.00e-03,3.58e+01,
23432,-8.00e-03,3.58e+01,
23433,-8.00e-03,3.58e+01,
23434,-8.00e-03,3.58e+01,
23435,-8.00e-03,3.58e+01,
23436,-8.00e-03,3.58e+01,
23437,-8.00e-03,3.58e+01,
23438,-8.00e-03,3.58e+01,
23439,-8.00e-03,3.58e+01,
23440,-8.00e-03,3.58e+01,
23441,-8.00e-03,3.58e+01,
23442,-8.00e-03,3.58e+01,
23443,-8.00e-03,3.58e+01,
23444,-8.00e-03,3.58e+01,
23445,-8.00e-03,3.58e+01,
23446,-8.00e-03,3.58e+01,
23447,-8.00e-03,3.58e+01,
23448,-8.00e-03,3.58e+01,
23449,-8.00e-03,3.58e+01,
23450,-8.00e-03,3.58e+01,
23451,-8.00e-03,3.58e+01,
23452,-8.00e-03,3.58e+01,
23453,-8.00e-03,3.58e+01,
23454,-8.00e-03,3.58e+01,
23455,-8.00e-03,3.58e+01,
23456,-8.00e-03,3.58e+01,
23457,-8.00e-03,3.58e+01,
23458,-8.00e-03,3.58e+01,
23459,-8.00e-03,3.58e+01,
23460,-8.00e-03,3.58e+01,
23461,-8.00e-03,3.58e+01,
23462,-8.00e-03,3.58e+01,
23463,-8.00e-03,3.58e+01,
23464,-8.00e-03,3.58e+01,
23465,-8.00e-03,3.58e+01,
23466,-8.00e-03,3.58e+01,
23467,-8.00e-03,3.58e+01,
23468,-8.00e-03,3.58e+01,
23469,-8.00e-03,3.58e+01,
23470,-8.00e-03,3.58e+01,
23471,-8.00e-03,3.58e+01,
23472,-8.00e-03,3.58e+01,
23473,-8.00e-03,3.58e+01,
23474,-8.00e-03,3.58e+01,
23475,-8.00e-03,3.58e+01,
23476,-8.00e-03,3.58e+01,
23477,-8.00e-03,3.58e+01,
23478,-8.00e-03,3.58e+01,
23479,-8.00e-03,3.58e+01,
23480,-8.00e-03,3.58e+01,
23481,-8.00e-03,3.58e+01,
23482,-8.00e-03,3.58e+01,
23483,-8.00e-03,3.58e+01,
23484,-8.00e-03,3.58e+01,
23485,-8.00e-03,3.58e+01,
23486,-8.00e-03,3.58e+01,
23487,-8.00e-03,3.58e+01,
23488,-8.00e-03,3.58e+01,
23489,-8.00e-03,3.58e+01,
23490,-8.00e-03,3.58e+01,
23491,-8.00e-03,3.58e+01,
23492,-8.00e-03,3.58e+01,
23493,-8.00e-03,3.58e+01,
23494,-8.00e-03,3.58e+01,
23495,-8.00e-03,3.58e+01,
23496,-8.00e-03,3.58e+01,
23497,-8.00e-03,3.58e+01,
23498,-8.00e-03,3.58e+01,
23499,-8.00e-03,3.58e+01,
23500,-8.00e-03,3.58e+01,
23501,-8.00e-03,3.58e+01,
23502,-8.00e-03,3.58e+01,
23503,-8.00e-03,3.58e+01,
23504,-8.00e-03,3.58e+01,
23505,-8.00e-03,3.58e+01,
23506,-8.00e-03,3.58e+01,
23507,-8.00e-03,3.58e+01,
23508,-8.00e-03,3.58e+01,
23509,-8.00e-03,3.58e+01,
23510,-8.00e-03,3.58e+01,
23511,-8.00e-03,3.58e+01,
23512,-8.00e-03,3.58e+01,
23513,-8.00e-03,3.58e+01,
23514,-8.00e-03,3.58e+01,
23515,-8.00e-03,3.58e+01,
23516,-8.00e-03,3.58e+01,
23517,-8.00e-03,3.58e+01,
23518,-8.00e-03,3.58e+01,
23519,-8.00e-03,3.58e+01,
23520,-8.00e-03,3.58e+01,
23521,-8.00e-03,3.58e+01,
23522,-8.00e-03,3.58e+01,
23523,-8.00e-03,3.58e+01,
23524,-8.00e-03,3.58e+01,
23525,-8.00e-03,3.58e+01,
23526,-8.00e-03,3.58e+01,
23527,-8.00e-03,3.58e+01,
23528,-8.00e-03,3.54e+01,
23529,-8.00e-03,3.58e+01,
23530,-8.00e-03,3.58e+01,
23531,-8.00e-03,3.58e+01,
23532,-8.00e-03,3.58e+01,
23533,-8.00e-03,3.58e+01,
23534,-8.00e-03,3.58e+01,
23535,-8.00e-03,3.58e+01,
23536,-8.00e-03,3.54e+01,
23537,-8.00e-03,3.58e+01,
23538,-8.00e-03,3.54e+01,
23539,-8.00e-03,3.58e+01,
23540,-8.00e-03,3.58e+01,
23541,-8.00e-03,3.58e+01,
23542,-8.00e-03,3.58e+01,
23543,-8.00e-03,3.58e+01,
23544,-8.00e-03,3.58e+01,
23545,-8.00e-03,3.58e+01,
23546,-8.00e-03,3.58e+01,
23547,-8.00e-03,3.58e+01,
23548,-8.00e-03,3.58e+01,
23549,-8.00e-03,3.58e+01,
23550,-8.00e-03,3.54e+01,
23551,-8.00e-03,3.58e+01,
23552,-8.00e-03,3.58e+01,
23553,-8.00e-03,3.58e+01,
23554,-8.00e-03,3.58e+01,
23555,-8.00e-03,3.58e+01,
23556,-8.00e-03,3.58e+01,
23557,-8.00e-03,3.58e+01,
23558,-8.00e-03,3.58e+01,
23559,-8.00e-03,3.58e+01,
23560,-8.00e-03,3.58e+01,
23561,-8.00e-03,3.58e+01,
23562,-8.00e-03,3.58e+01,
23563,-8.00e-03,3.58e+01,
23564,-8.00e-03,3.58e+01,
23565,-8.00e-03,3.58e+01,
23566,-8.00e-03,3.58e+01,
23567,-8.00e-03,3.58e+01,
23568,-8.00e-03,3.58e+01,
23569,-8.00e-03,3.58e+01,
23570,-8.00e-03,3.58e+01,
23571,-8.00e-03,3.54e+01,
23572,-8.00e-03,3.58e+01,
23573,-8.00e-03,3.58e+01,
23574,-8.00e-03,3.58e+01,
23575,-8.00e-03,3.58e+01,
23576,-8.00e-03,3.54e+01,
23577,-8.00e-03,3.58e+01,
23578,-8.00e-03,3.58e+01,
23579,-8.00e-03,3.58e+01,
23580,-8.00e-03,3.58e+01,
23581,-8.00e-03,3.54e+01,
23582,-8.00e-03,3.54e+01,
23583,-8.00e-03,3.58e+01,
23584,-8.00e-03,3.54e+01,
23585,-8.00e-03,3.58e+01,
23586,-8.00e-03,3.54e+01,
23587,-8.00e-03,3.58e+01,
23588,-8.00e-03,3.54e+01,
23589,-8.00e-03,3.58e+01,
23590,-8.00e-03,3.54e+01,
23591,-8.00e-03,3.58e+01,
23592,-8.00e-03,3.54e+01,
23593,-8.00e-03,3.54e+01,
23594,-8.00e-03,3.58e+01,
23595,-8.00e-03,3.54e+01,
23596,-8.00e-03,3.54e+01,
23597,-8.00e-03,3.58e+01,
23598,-8.00e-03,3.58e+01,
23599,-8.00e-03,3.58e+01,
23600,-8.00e-03,3.58e+01,
23601,-8.00e-03,3.58e+01,
23602,-8.00e-03,3.54e+01,
23603,-8.00e-03,3.58e+01,
23604,-8.00e-03,3.54e+01,
23605,-8.00e-03,3.58e+01,
23606,-8.00e-03,3.54e+01,
23607,-8.00e-03,3.58e+01,
23608,-8.00e-03,3.54e+01,
23609,-8.00e-03,3.58e+01,
23610,-8.00e-03,3.54e+01,
23611,-8.00e-03,3.58e+01,
23612,-8.00e-03,3.54e+01,
23613,-8.00e-03,3.58e+01,
23614,-8.00e-03,3.54e+01,
23615,-8.00e-03,3.58e+01,
23616,-8.00e-03,3.54e+01,
23617,-8.00e-03,3.58e+01,
23618,-8.00e-03,3.54e+01,
23619,-8.00e-03,3.58e+01,
23620,-8.00e-03,3.58e+01,
23621,-8.00e-03,3.58e+01,
23622,-8.00e-03,3.54e+01,
23623,-8.00e-03,3.58e+01,
23624,-8.00e-03,3.58e+01,
23625,-8.00e-03,3.58e+01,
23626,-8.00e-03,3.54e+01,
23627,-8.00e-03,3.58e+01,
23628,-8.00e-03,3.54e+01,
23629,-8.00e-03,3.58e+01,
23630,-8.00e-03,3.54e+01,
23631,-8.00e-03,3.58e+01,
23632,-8.00e-03,3.54e+01,
23633,-8.00e-03,3.58e+01,
23634,-8.00e-03,3.54e+01,
23635,-8.00e-03,3.54e+01,
23636,-8.00e-03,3.54e+01,
23637,-8.00e-03,3.54e+01,
23638,-8.00e-03,3.54e+01,
23639,-8.00e-03,3.58e+01,
23640,-8.00e-03,3.54e+01,
23641,-8.00e-03,3.54e+01,
23642,-8.00e-03,3.58e+01,
23643,-8.00e-03,3.54e+01,
23644,-8.00e-03,3.54e+01,
23645,-8.00e-03,3.54e+01,
23646,-8.00e-03,3.54e+01,
23647,-8.00e-03,3.54e+01,
23648,-8.00e-03,3.54e+01,
23649,-8.00e-03,3.54e+01,
23650,-8.00e-03,3.54e+01,
23651,-8.00e-03,3.54e+01,
23652,-8.00e-03,3.54e+01,
23653,-8.00e-03,3.54e+01,
23654,-8.00e-03,3.54e+01,
23655,-8.00e-03,3.54e+01,
23656,-8.00e-03,3.54e+01,
23657,-8.00e-03,3.54e+01,
23658,-8.00e-03,3.54e+01,
23659,-8.00e-03,3.58e+01,
23660,-8.00e-03,3.54e+01,
23661,-8.00e-03,3.54e+01,
23662,-8.00e-03,3.54e+01,
23663,-8.00e-03,3.54e+01,
23664,-8.00e-03,3.54e+01,
23665,-8.00e-03,3.54e+01,
23666,-8.00e-03,3.54e+01,
23667,-8.00e-03,3.54e+01,
23668,-8.00e-03,3.54e+01,
23669,-8.00e-03,3.54e+01,
23670,-8.00e-03,3.54e+01,
23671,-8.00e-03,3.54e+01,
23672,-8.00e-03,3.54e+01,
23673,-8.00e-03,3.58e+01,
23674,-8.00e-03,3.54e+01,
23675,-8.00e-03,3.54e+01,
23676,-8.00e-03,3.54e+01,
23677,-8.00e-03,3.54e+01,
23678,-8.00e-03,3.54e+01,
23679,-8.00e-03,3.54e+01,
23680,-8.00e-03,3.54e+01,
23681,-8.00e-03,3.54e+01,
23682,-8.00e-03,3.54e+01,
23683,-8.00e-03,3.54e+01,
23684,-8.00e-03,3.54e+01,
23685,-8.00e-03,3.54e+01,
23686,-8.00e-03,3.54e+01,
23687,-8.00e-03,3.54e+01,
23688,-8.00e-03,3.54e+01,
23689,-8.00e-03,3.54e+01,
23690,-8.00e-03,3.54e+01,
23691,-8.00e-03,3.54e+01,
23692,-8.00e-03,3.54e+01,
23693,-8.00e-03,3.54e+01,
23694,-8.00e-03,3.54e+01,
23695,-8.00e-03,3.54e+01,
23696,-8.00e-03,3.54e+01,
23697,-8.00e-03,3.54e+01,
23698,-8.00e-03,3.54e+01,
23699,-8.00e-03,3.54e+01,
23700,-8.00e-03,3.54e+01,
23701,-8.00e-03,3.54e+01,
23702,-8.00e-03,3.54e+01,
23703,-8.00e-03,3.54e+01,
23704,-8.00e-03,3.54e+01,
23705,-8.00e-03,3.54e+01,
23706,-8.00e-03,3.54e+01,
23707,-8.00e-03,3.54e+01,
23708,-8.00e-03,3.54e+01,
23709,-8.00e-03,3.54e+01,
23710,-8.00e-03,3.54e+01,
23711,-8.00e-03,3.54e+01,
23712,-8.00e-03,3.54e+01,
23713,-8.00e-03,3.54e+01,
23714,-8.00e-03,3.54e+01,
23715,-8.00e-03,3.54e+01,
23716,-8.00e-03,3.54e+01,
23717,-8.00e-03,3.54e+01,
23718,-8.00e-03,3.54e+01,
23719,-8.00e-03,3.54e+01,
23720,-8.00e-03,3.54e+01,
23721,-8.00e-03,3.54e+01,
23722,-8.00e-03,3.54e+01,
23723,-8.00e-03,3.54e+01,
23724,-8.00e-03,3.54e+01,
23725,-8.00e-03,3.54e+01,
23726,-8.00e-03,3.54e+01,
23727,-8.00e-03,3.54e+01,
23728,-8.00e-03,3.54e+01,
23729,-8.00e-03,3.54e+01,
23730,-8.00e-03,3.54e+01,
23731,-8.00e-03,3.54e+01,
23732,-8.00e-03,3.54e+01,
23733,-8.00e-03,3.54e+01,
23734,-8.00e-03,3.54e+01,
23735,-8.00e-03,3.54e+01,
23736,-8.00e-03,3.54e+01,
23737,-8.00e-03,3.54e+01,
23738,-8.00e-03,3.54e+01,
23739,-8.00e-03,3.54e+01,
23740,-8.00e-03,3.54e+01,
23741,-8.00e-03,3.54e+01,
23742,-8.00e-03,3.54e+01,
23743,-8.00e-03,3.54e+01,
23744,-8.00e-03,3.54e+01,
23745,-8.00e-03,3.54e+01,
23746,-8.00e-03,3.54e+01,
23747,-8.00e-03,3.54e+01,
23748,-8.00e-03,3.54e+01,
23749,-8.00e-03,3.54e+01,
23750,-8.00e-03,3.54e+01,
23751,-8.00e-03,3.54e+01,
23752,-8.00e-03,3.54e+01,
23753,-8.00e-03,3.54e+01,
23754,-8.00e-03,3.54e+01,
23755,-8.00e-03,3.54e+01,
23756,-8.00e-03,3.54e+01,
23757,-8.00e-03,3.54e+01,
23758,-8.00e-03,3.54e+01,
23759,-8.00e-03,3.54e+01,
23760,-8.00e-03,3.54e+01,
23761,-8.00e-03,3.54e+01,
23762,-8.00e-03,3.54e+01,
23763,-8.00e-03,3.54e+01,
23764,-8.00e-03,3.54e+01,
23765,-8.00e-03,3.54e+01,
23766,-8.00e-03,3.54e+01,
23767,-8.00e-03,3.54e+01,
23768,-8.00e-03,3.54e+01,
23769,-8.00e-03,3.54e+01,
23770,-8.00e-03,3.54e+01,
23771,-8.00e-03,3.54e+01,
23772,-8.00e-03,3.54e+01,
23773,-8.00e-03,3.54e+01,
23774,-8.00e-03,3.54e+01,
23775,-8.00e-03,3.54e+01,
23776,-8.00e-03,3.54e+01,
23777,-8.00e-03,3.54e+01,
23778,-8.00e-03,3.54e+01,
23779,-8.00e-03,3.54e+01,
23780,-8.00e-03,3.54e+01,
23781,-8.00e-03,3.54e+01,
23782,-8.00e-03,3.54e+01,
23783,-8.00e-03,3.54e+01,
23784,-8.00e-03,3.54e+01,
23785,-8.00e-03,3.54e+01,
23786,-8.00e-03,3.54e+01,
23787,-8.00e-03,3.54e+01,
23788,-8.00e-03,3.54e+01,
23789,-8.00e-03,3.54e+01,
23790,-8.00e-03,3.54e+01,
23791,-8.00e-03,3.54e+01,
23792,-8.00e-03,3.54e+01,
23793,-8.00e-03,3.54e+01,
23794,-8.00e-03,3.54e+01,
23795,-8.00e-03,3.54e+01,
23796,-8.00e-03,3.54e+01,
23797,-8.00e-03,3.54e+01,
23798,-8.00e-03,3.54e+01,
23799,-8.00e-03,3.54e+01,
23800,-8.00e-03,3.54e+01,
23801,-8.00e-03,3.54e+01,
23802,-8.00e-03,3.54e+01,
23803,-8.00e-03,3.54e+01,
23804,-8.00e-03,3.54e+01,
23805,-8.00e-03,3.54e+01,
23806,-8.00e-03,3.54e+01,
23807,-8.00e-03,3.54e+01,
23808,-8.00e-03,3.54e+01,
23809,-8.00e-03,3.54e+01,
23810,-8.00e-03,3.54e+01,
23811,-8.00e-03,3.54e+01,
23812,-8.00e-03,3.54e+01,
23813,-8.00e-03,3.54e+01,
23814,-8.00e-03,3.54e+01,
23815,-8.00e-03,3.54e+01,
23816,-8.00e-03,3.54e+01,
23817,-8.00e-03,3.54e+01,
23818,-8.00e-03,3.54e+01,
23819,-8.00e-03,3.54e+01,
23820,-8.00e-03,3.54e+01,
23821,-8.00e-03,3.54e+01,
23822,-8.00e-03,3.54e+01,
23823,-8.00e-03,3.54e+01,
23824,-8.00e-03,3.54e+01,
23825,-8.00e-03,3.54e+01,
23826,-8.00e-03,3.54e+01,
23827,-8.00e-03,3.54e+01,
23828,-8.00e-03,3.54e+01,
23829,-8.00e-03,3.54e+01,
23830,-8.00e-03,3.54e+01,
23831,-8.00e-03,3.54e+01,
23832,-8.00e-03,3.54e+01,
23833,-8.00e-03,3.54e+01,
23834,-8.00e-03,3.54e+01,
23835,-8.00e-03,3.54e+01,
23836,-8.00e-03,3.54e+01,
23837,-8.00e-03,3.54e+01,
23838,-8.00e-03,3.54e+01,
23839,-8.00e-03,3.54e+01,
23840,-8.00e-03,3.54e+01,
23841,-8.00e-03,3.54e+01,
23842,-8.00e-03,3.54e+01,
23843,-8.00e-03,3.54e+01,
23844,-8.00e-03,3.54e+01,
23845,-8.00e-03,3.54e+01,
23846,-8.00e-03,3.54e+01,
23847,-8.00e-03,3.54e+01,
23848,-8.00e-03,3.54e+01,
23849,-8.00e-03,3.54e+01,
23850,-8.00e-03,3.54e+01,
23851,-8.00e-03,3.54e+01,
23852,-8.00e-03,3.54e+01,
23853,-8.00e-03,3.54e+01,
23854,-8.00e-03,3.54e+01,
23855,-8.00e-03,3.54e+01,
23856,-8.00e-03,3.54e+01,
23857,-8.00e-03,3.54e+01,
23858,-8.00e-03,3.54e+01,
23859,-8.00e-03,3.54e+01,
23860,-8.00e-03,3.54e+01,
23861,-8.00e-03,3.54e+01,
23862,-8.00e-03,3.54e+01,
23863,-8.00e-03,3.54e+01,
23864,-8.00e-03,3.54e+01,
23865,-8.00e-03,3.54e+01,
23866,-8.00e-03,3.54e+01,
23867,-8.00e-03,3.54e+01,
23868,-8.00e-03,3.54e+01,
23869,-8.00e-03,3.54e+01,
23870,-8.00e-03,3.54e+01,
23871,-8.00e-03,3.54e+01,
23872,-8.00e-03,3.54e+01,
23873,-8.00e-03,3.54e+01,
23874,-8.00e-03,3.54e+01,
23875,-8.00e-03,3.54e+01,
23876,-8.00e-03,3.54e+01,
23877,-8.00e-03,3.54e+01,
23878,-8.00e-03,3.54e+01,
23879,-8.00e-03,3.54e+01,
23880,-8.00e-03,3.46e+01,
23881,-8.00e-03,3.54e+01,
23882,-8.00e-03,3.54e+01,
23883,-8.00e-03,3.54e+01,
23884,-8.00e-03,3.54e+01,
23885,-8.00e-03,3.54e+01,
23886,-8.00e-03,3.54e+01,
23887,-8.00e-03,3.54e+01,
23888,-8.00e-03,3.54e+01,
23889,-8.00e-03,3.54e+01,
23890,-8.00e-03,3.46e+01,
23891,-8.00e-03,3.54e+01,
23892,-8.00e-03,3.54e+01,
23893,-8.00e-03,3.54e+01,
23894,-8.00e-03,3.54e+01,
23895,-8.00e-03,3.54e+01,
23896,-8.00e-03,3.54e+01,
23897,-8.00e-03,3.54e+01,
23898,-8.00e-03,3.54e+01,
23899,-8.00e-03,3.54e+01,
23900,-8.00e-03,3.54e+01,
23901,-8.00e-03,3.46e+01,
23902,-8.00e-03,3.54e+01,
23903,-8.00e-03,3.54e+01,
23904,-8.00e-03,3.46e+01,
23905,-8.00e-03,3.54e+01,
23906,-8.00e-03,3.46e+01,
23907,-8.00e-03,3.54e+01,
23908,-8.00e-03,3.46e+01,
23909,-8.00e-03,3.46e+01,
23910,-8.00e-03,3.46e+01,
23911,-8.00e-03,3.46e+01,
23912,-8.00e-03,3.46e+01,
23913,-8.00e-03,3.54e+01,
23914,-8.00e-03,3.46e+01,
23915,-8.00e-03,3.46e+01,
23916,-8.00e-03,3.46e+01,
23917,-8.00e-03,3.46e+01,
23918,-8.00e-03,3.46e+01,
23919,-8.00e-03,3.46e+01,
23920,-8.00e-03,3.46e+01,
23921,-8.00e-03,3.46e+01,
23922,-8.00e-03,3.46e+01,
23923,-8.00e-03,3.46e+01,
23924,-8.00e-03,3.46e+01,
23925,-8.00e-03,3.46e+01,
23926,-8.00e-03,3.46e+01,
23927,-8.00e-03,3.46e+01,
23928,-8.00e-03,3.46e+01,
23929,-8.00e-03,3.46e+01,
23930,-8.00e-03,3.46e+01,
23931,-8.00e-03,3.46e+01,
23932,-8.00e-03,3.46e+01,
23933,-8.00e-03,3.46e+01,
23934,-8.00e-03,3.46e+01,
23935,-8.00e-03,3.46e+01,
23936,-8.00e-03,3.46e+01,
23937,-8.00e-03,3.46e+01,
23938,-8.00e-03,3.46e+01,
23939,-8.00e-03,3.46e+01,
23940,-8.00e-03,3.46e+01,
23941,-8.00e-03,3.46e+01,
23942,-8.00e-03,3.46e+01,
23943,-8.00e-03,3.46e+01,
23944,-8.00e-03,3.46e+01,
23945,-8.00e-03,3.46e+01,
23946,-8.00e-03,3.46e+01,
23947,-8.00e-03,3.46e+01,
23948,-8.00e-03,3.46e+01,
23949,-8.00e-03,3.46e+01,
23950,-8.00e-03,3.46e+01,
23951,-8.00e-03,3.46e+01,
23952,-8.00e-03,3.42e+01,
23953,-8.00e-03,3.46e+01,
23954,-8.00e-03,3.42e+01,
23955,-1.60e-02,3.42e+01,
23956,-8.00e-03,3.42e+01,
23957,-8.00e-03,3.42e+01,
23958,-8.00e-03,3.42e+01,
23959,-1.60e-02,3.38e+01,
23960,-8.00e-03,3.38e+01,
23961,-8.00e-03,3.38e+01,
23962,-8.00e-03,3.34e+01,
23963,-8.00e-03,3.34e+01,
23964,-8.00e-03,3.34e+01,
23965,-8.00e-03,3.30e+01,
23966,-8.00e-03,3.30e+01,
23967,-8.00e-03,3.30e+01,
23968,-8.00e-03,3.30e+01,
23969,-8.00e-03,3.26e+01,
23970,-1.60e-02,3.26e+01,
23971,-1.60e-02,3.26e+01,
23972,-1.60e-02,3.22e+01,
23973,-8.00e-03,3.22e+01,
23974,-1.60e-02,3.18e+01,
23975,-1.60e-02,3.18e+01,
23976,-1.60e-02,3.18e+01,
23977,-8.00e-03,3.14e+01,
23978,-1.60e-02,3.14e+01,
23979,-1.60e-02,3.10e+01,
23980,-8.00e-03,3.10e+01,
23981,-8.00e-03,3.06e+01,
23982,-8.00e-03,3.06e+01,
23983,-8.00e-03,3.06e+01,
23984,-8.00e-03,3.02e+01,
23985,-8.00e-03,2.98e+01,
23986,-1.60e-02,2.98e+01,
23987,-1.60e-02,2.90e+01,
23988,-1.60e-02,2.90e+01,
23989,-8.00e-03,2.86e+01,
23990,-1.60e-02,2.86e+01,
23991,-1.60e-02,2.82e+01,
23992,-1.60e-02,2.82e+01,
23993,-8.00e-03,2.78e+01,
23994,-8.00e-03,2.78e+01,
23995,-1.60e-02,2.74e+01,
23996,-8.00e-03,2.70e+01,
23997,-8.00e-03,2.70e+01,
23998,-8.00e-03,2.66e+01,
23999,-1.60e-02,2.66e+01,
24000,-1.60e-02,2.62e+01,
24001,-8.00e-03,2.62e+01,
24002,-1.60e-02,2.58e+01,
24003,-1.60e-02,2.54e+01,
24004,-1.60e-02,2.54e+01,
24005,-8.00e-03,2.50e+01,
24006,-8.00e-03,2.50e+01,
24007,-1.60e-02,2.46e+01,
24008,-8.00e-03,2.38e+01,
24009,-8.00e-03,2.38e+01,
24010,-1.60e-02,2.34e+01,
24011,-1.60e-02,2.30e+01,
24012,-1.60e-02,2.30e+01,
24013,-8.00e-03,2.26e+01,
24014,-1.60e-02,2.26e+01,
24015,-1.60e-02,2.22e+01,
24016,-1.60e-02,2.18e+01,
24017,-8.00e-03,2.18e+01,
24018,-8.00e-03,2.18e+01,
24019,-1.60e-02,2.14e+01,
24020,-1.60e-02,2.10e+01,
24021,-8.00e-03,2.10e+01,
24022,-8.00e-03,2.06e+01,
24023,-1.60e-02,2.06e+01,
24024,-8.00e-03,2.02e+01,
24025,-8.00e-03,2.02e+01,
24026,-1.60e-02,1.98e+01,
24027,-1.60e-02,1.94e+01,
24028,-1.60e-02,1.94e+01,
24029,-8.00e-03,1.90e+01,
24030,-8.00e-03,1.90e+01,
24031,-1.60e-02,1.82e+01,
24032,-8.00e-03,1.78e+01,
24033,-8.00e-03,1.78e+01,
24034,-1.60e-02,1.78e+01,
24035,-1.60e-02,1.74e+01,
24036,-1.60e-02,1.74e+01,
24037,-8.00e-03,1.70e+01,
24038,-8.00e-03,1.70e+01,
24039,-1.60e-02,1.66e+01,
24040,-8.00e-03,1.62e+01,
24041,-8.00e-03,1.62e+01,
24042,-8.00e-03,1.62e+01,
24043,-1.60e-02,1.58e+01,
24044,-8.00e-03,1.58e+01,
24045,-8.00e-03,1.54e+01,
24046,-8.00e-03,1.54e+01,
24047,-8.00e-03,1.54e+01,
24048,-8.00e-03,1.50e+01,
24049,-8.00e-03,1.46e+01,
24050,-8.00e-03,1.46e+01,
24051,-8.00e-03,1.46e+01,
24052,-8.00e-03,1.42e+01,
24053,-8.00e-03,1.42e+01,
24054,-8.00e-03,1.42e+01,
24055,-8.00e-03,1.42e+01,
24056,-8.00e-03,1.30e+01,
24057,-8.00e-03,1.30e+01,
24058,-8.00e-03,1.30e+01,
24059,-8.00e-03,1.26e+01,
24060,-8.00e-03,1.26e+01,
24061,-8.00e-03,1.26e+01,
24062,-8.00e-03,1.26e+01,
24063,-8.00e-03,1.26e+01,
24064,-8.00e-03,1.22e+01,
24065,-8.00e-03,1.22e+01,
24066,-8.00e-03,1.18e+01,
24067,-8.00e-03,1.18e+01,
24068,-8.00e-03,1.18e+01,
24069,-8.00e-03,1.14e+01,
24070,-8.00e-03,1.14e+01,
24071,-8.00e-03,1.14e+01,
24072,-8.00e-03,1.10e+01,
24073,-8.00e-03,1.10e+01,
24074,-8.00e-03,1.10e+01,
24075,-8.00e-03,1.10e+01,
24076,-8.00e-03,1.10e+01,
24077,-8.00e-03,1.06e+01,
24078,-8.00e-03,1.06e+01,
24079,-8.00e-03,1.06e+01,
24080,-8.00e-03,1.02e+01,
24081,-8.00e-03,1.02e+01,
24082,-8.00e-03,1.02e+01,
24083,-8.00e-03,1.02e+01,
24084,-8.00e-03,1.02e+01,
24085,-8.00e-03,9.80e+00,
24086,-8.00e-03,9.80e+00,
24087,-8.00e-03,9.80e+00,
24088,-8.00e-03,9.80e+00,
24089,-8.00e-03,9.40e+00,
24090,-8.00e-03,9.40e+00,
24091,-8.00e-03,9.40e+00,
24092,-8.00e-03,9.40e+00,
24093,-8.00e-03,9.40e+00,
24094,-8.00e-03,9.40e+00,
24095,-8.00e-03,9.40e+00,
24096,-8.00e-03,9.00e+00,
24097,-8.00e-03,9.00e+00,
24098,-8.00e-03,9.00e+00,
24099,-8.00e-03,9.00e+00,
24100,-8.00e-03,9.00e+00,
24101,-8.00e-03,9.00e+00,
24102,-8.00e-03,9.00e+00,
24103,-8.00e-03,8.60e+00,
24104,-8.00e-03,8.60e+00,
24105,-8.00e-03,8.60e+00,
24106,-8.00e-03,8.60e+00,
24107,-8.00e-03,8.60e+00,
24108,-8.00e-03,8.60e+00,
24109,-8.00e-03,8.60e+00,
24110,-8.00e-03,8.60e+00,
24111,-8.00e-03,8.60e+00,
24112,-8.00e-03,8.20e+00,
24113,0.00e+00,8.20e+00,
24114,-8.00e-03,8.60e+00,
24115,-8.00e-03,8.60e+00,
24116,-8.00e-03,8.20e+00,
24117,0.00e+00,8.20e+00,
24118,-8.00e-03,8.60e+00,
24119,-8.00e-03,8.20e+00,
24120,-8.00e-03,8.20e+00,
24121,0.00e+00,8.20e+00,
24122,-8.00e-03,8.20e+00,
24123,-8.00e-03,8.20e+00,
24124,-8.00e-03,8.20e+00,
24125,0.00e+00,8.20e+00,
24126,-8.00e-03,8.20e+00,
24127,-8.00e-03,8.20e+00,
24128,-8.00e-03,8.20e+00,
24129,0.00e+00,8.20e+00,
24130,0.00e+00,8.20e+00,
24131,-8.00e-03,8.60e+00,
24132,-8.00e-03,8.20e+00,
24133,0.00e+00,8.20e+00,
24134,0.00e+00,8.20e+00,
24135,-8.00e-03,8.20e+00,
24136,0.00e+00,8.20e+00,
24137,0.00e+00,8.20e+00,
24138,0.00e+00,8.20e+00,
24139,-8.00e-03,8.60e+00,
24140,0.00e+00,8.20e+00,
24141,0.00e+00,8.20e+00,
24142,0.00e+00,8.60e+00,
24143,0.00e+00,8.60e+00,
24144,0.00e+00,8.60e+00,
24145,0.00e+00,8.60e+00,
24146,0.00e+00,8.60e+00,
24147,-8.00e-03,8.60e+00,
24148,0.00e+00,8.60e+00,
24149,0.00e+00,8.60e+00,
24150,0.00e+00,8.60e+00,
24151,0.00e+00,9.00e+00,
24152,0.00e+00,8.60e+00,
24153,0.00e+00,9.00e+00,
24154,0.00e+00,9.00e+00,
24155,0.00e+00,9.00e+00,
24156,0.00e+00,9.00e+00,
24157,0.00e+00,9.00e+00,
24158,0.00e+00,9.00e+00,
24159,0.00e+00,9.00e+00,
24160,0.00e+00,9.00e+00,
24161,0.00e+00,9.40e+00,
24162,0.00e+00,9.40e+00,
24163,0.00e+00,9.40e+00,
24164,0.00e+00,9.40e+00,
24165,0.00e+00,9.40e+00,
24166,0.00e+00,9.80e+00,
24167,0.00e+00,9.80e+00,
24168,0.00e+00,9.80e+00,
24169,0.00e+00,9.80e+00,
24170,0.00e+00,9.80e+00,
24171,0.00e+00,1.02e+01,
24172,0.00e+00,1.02e+01,
24173,0.00e+00,1.02e+01,
24174,0.00e+00,1.02e+01,
24175,0.00e+00,1.06e+01,
24176,0.00e+00,1.02e+01,
24177,0.00e+00,1.06e+01,
24178,0.00e+00,1.06e+01,
24179,0.00e+00,1.10e+01,
24180,0.00e+00,1.10e+01,
24181,0.00e+00,1.10e+01,
24182,0.00e+00,1.10e+01,
24183,0.00e+00,1.14e+01,
24184,0.00e+00,1.10e+01,
24185,0.00e+00,1.14e+01,
24186,0.00e+00,1.14e+01,
24187,0.00e+00,1.18e+01,
24188,0.00e+00,1.18e+01,
24189,0.00e+00,1.18e+01,
24190,0.00e+00,1.18e+01,
24191,0.00e+00,1.22e+01,
24192,0.00e+00,1.22e+01,
24193,0.00e+00,1.22e+01,
24194,0.00e+00,1.26e+01,
24195,0.00e+00,1.26e+01,
24196,0.00e+00,1.26e+01,
24197,0.00e+00,1.30e+01,
24198,0.00e+00,1.30e+01,
24199,0.00e+00,1.38e+01,
24200,0.00e+00,1.38e+01,
24201,0.00e+00,1.38e+01,
24202,0.00e+00,1.38e+01,
24203,0.00e+00,1.42e+01,
24204,0.00e+00,1.42e+01,
24205,0.00e+00,1.42e+01,
24206,0.00e+00,1.46e+01,
24207,0.00e+00,1.46e+01,
24208,0.00e+00,1.50e+01,
24209,0.00e+00,1.50e+01,
24210,0.00e+00,1.54e+01,
24211,0.00e+00,1.54e+01,
24212,0.00e+00,1.54e+01,
24213,0.00e+00,1.58e+01,
24214,0.00e+00,1.58e+01,
24215,0.00e+00,1.62e+01,
24216,0.00e+00,1.62e+01,
24217,0.00e+00,1.66e+01,
24218,0.00e+00,1.66e+01,
24219,-8.00e-03,1.70e+01,
24220,0.00e+00,1.70e+01,
24221,0.00e+00,1.74e+01,
24222,0.00e+00,1.74e+01,
24223,0.00e+00,1.78e+01,
24224,0.00e+00,1.78e+01,
24225,0.00e+00,1.82e+01,
24226,0.00e+00,1.82e+01,
24227,-8.00e-03,1.90e+01,
24228,0.00e+00,1.90e+01,
24229,0.00e+00,1.90e+01,
24230,0.00e+00,1.94e+01,
24231,-8.00e-03,1.98e+01,
24232,0.00e+00,1.98e+01,
24233,0.00e+00,2.02e+01,
24234,0.00e+00,2.02e+01,
24235,-8.00e-03,2.02e+01,
24236,-8.00e-03,2.06e+01,
24237,0.00e+00,2.06e+01,
24238,0.00e+00,2.10e+01,
24239,0.00e+00,2.14e+01,
24240,0.00e+00,2.14e+01,
24241,0.00e+00,2.18e+01,
24242,0.00e+00,2.18e+01,
24243,-8.00e-03,2.22e+01,
24244,-8.00e-03,2.22e+01,
24245,0.00e+00,2.26e+01,
24246,0.00e+00,2.26e+01,
24247,-8.00e-03,2.30e+01,
24248,-8.00e-03,2.30e+01,
24249,0.00e+00,2.34e+01,
24250,0.00e+00,2.34e+01,
24251,-8.00e-03,2.38e+01,
24252,0.00e+00,2.38e+01,
24253,0.00e+00,2.46e+01,
24254,-8.00e-03,2.46e+01,
24255,-8.00e-03,2.50e+01,
24256,-8.00e-03,2.54e+01,
24257,0.00e+00,2.54e+01,
24258,-8.00e-03,2.58e+01,
24259,-8.00e-03,2.58e+01,
24260,-8.00e-03,2.62e+01,
24261,0.00e+00,2.62e+01,
24262,-8.00e-03,2.62e+01,
24263,-8.00e-03,2.66e+01,
24264,0.00e+00,2.70e+01,
24265,0.00e+00,2.70e+01,
24266,-8.00e-03,2.70e+01,
24267,-8.00e-03,2.74e+01,
24268,-8.00e-03,2.74e+01,
24269,0.00e+00,2.78e+01,
24270,-8.00e-03,2.78e+01,
24271,-8.00e-03,2.82e+01,
24272,-8.00e-03,2.82e+01,
24273,-8.00e-03,2.86e+01,
24274,-8.00e-03,2.86e+01,
24275,-8.00e-03,2.86e+01,
24276,-8.00e-03,2.90e+01,
24277,0.00e+00,2.90e+01,
24278,-8.00e-03,2.98e+01,
24279,-8.00e-03,2.98e+01,
24280,-8.00e-03,2.98e+01,
24281,-8.00e-03,3.02e+01,
24282,-8.00e-03,3.02e+01,
24283,-8.00e-03,3.02e+01,
24284,-8.00e-03,3.06e+01,
24285,-8.00e-03,3.06e+01,
24286,-8.00e-03,3.06e+01,
24287,-8.00e-03,3.10e+01,
24288,-8.00e-03,3.10e+01,
24289,-8.00e-03,3.10e+01,
24290,-8.00e-03,3.10e+01,
24291,-8.00e-03,3.14e+01,
24292,-8.00e-03,3.14e+01,
24293,-8.00e-03,3.14e+01,
24294,-8.00e-03,3.18e+01,
24295,-8.00e-03,3.18e+01,
24296,-8.00e-03,3.18e+01,
24297,-8.00e-03,3.18e+01,
24298,-8.00e-03,3.18e+01,
24299,-8.00e-03,3.18e+01,
24300,-8.00e-03,3.22e+01,
24301,-8.00e-03,3.22e+01,
24302,-8.00e-03,3.22e+01,
24303,-8.00e-03,3.22e+01,
24304,-8.00e-03,3.22e+01,
24305,-8.00e-03,3.22e+01,
24306,-8.00e-03,3.22e+01,
24307,-8.00e-03,3.22e+01,
24308,-8.00e-03,3.22e+01,
24309,-8.00e-03,3.26e+01,
24310,-8.00e-03,3.26e+01,
24311,-8.00e-03,3.26e+01,
24312,-8.00e-03,3.26e+01,
24313,-8.00e-03,3.26e+01,
24314,-8.00e-03,3.26e+01,
24315,-8.00e-03,3.26e+01,
24316,-8.00e-03,3.26e+01,
24317,-8.00e-03,3.22e+01,
24318,-8.00e-03,3.26e+01,
24319,-8.00e-03,3.26e+01,
24320,-8.00e-03,3.22e+01,
24321,-8.00e-03,3.22e+01,
24322,-8.00e-03,3.22e+01,
24323,-8.00e-03,3.22e+01,
24324,-8.00e-03,3.22e+01,
24325,-8.00e-03,3.22e+01,
24326,-8.00e-03,3.22e+01,
24327,-8.00e-03,3.22e+01,
24328,-8.00e-03,3.18e+01,
24329,-8.00e-03,3.18e+01,
24330,-8.00e-03,3.18e+01,
24331,-8.00e-03,3.18e+01,
24332,-8.00e-03,3.18e+01,
24333,-8.00e-03,3.14e+01,
24334,-8.00e-03,3.14e+01,
24335,-8.00e-03,3.14e+01,
24336,-8.00e-03,3.14e+01,
24337,-8.00e-03,3.10e+01,
24338,-8.00e-03,3.10e+01,
24339,-1.60e-02,3.10e+01,
24340,-8.00e-03,3.06e+01,
24341,-8.00e-03,3.06e+01,
24342,-8.00e-03,3.06e+01,
24343,-1.60e-02,3.06e+01,
24344,-8.00e-03,3.02e+01,
24345,-8.00e-03,3.02e+01,
24346,-8.00e-03,3.02e+01,
24347,-1.60e-02,2.98e+01,
24348,-8.00e-03,2.98e+01,
24349,-8.00e-03,2.90e+01,
24350,-8.00e-03,2.90e+01,
24351,-8.00e-03,2.90e+01,
24352,-8.00e-03,2.86e+01,
24353,-8.00e-03,2.86e+01,
24354,-8.00e-03,2.82e+01,
24355,-1.60e-02,2.82e+01,
24356,-1.60e-02,2.82e+01,
24357,-8.00e-03,2.78e+01,
24358,-8.00e-03,2.78e+01,
24359,-1.60e-02,2.78e+01,
24360,-8.00e-03,2.74e+01,
24361,-8.00e-03,2.70e+01,
24362,-8.00e-03,2.70e+01,
24363,-8.00e-03,2.70e+01,
24364,-8.00e-03,2.66e+01,
24365,-8.00e-03,2.62e+01,
24366,-8.00e-03,2.62e+01,
24367,-8.00e-03,2.62e+01,
24368,-1.60e-02,2.58e+01,
24369,-8.00e-03,2.58e+01,
24370,-8.00e-03,2.54e+01,
24371,-1.60e-02,2.54e+01,
24372,-8.00e-03,2.50e+01,
24373,-8.00e-03,2.46e+01,
24374,-8.00e-03,2.46e+01,
24375,-1.60e-02,2.46e+01,
24376,-8.00e-03,2.38e+01,
24377,-8.00e-03,2.38e+01,
24378,-1.60e-02,2.34e+01,
24379,-1.60e-02,2.30e+01,
24380,-8.00e-03,2.30e+01,
24381,-8.00e-03,2.26e+01,
24382,-8.00e-03,2.26e+01,
24383,-1.60e-02,2.26e+01,
24384,-1.60e-02,2.22e+01,
24385,-8.00e-03,2.22e+01,
24386,-8.00e-03,2.18e+01,
24387,-1.60e-02,2.18e+01,
24388,-8.00e-03,2.14e+01,
24389,-8.00e-03,2.10e+01,
24390,-8.00e-03,2.10e+01,
24391,-8.00e-03,2.10e+01,
24392,-8.00e-03,2.06e+01,
24393,-8.00e-03,2.06e+01,
24394,-8.00e-03,2.02e+01,
24395,-1.60e-02,2.02e+01,
24396,-8.00e-03,1.98e+01,
24397,-8.00e-03,1.94e+01,
24398,-8.00e-03,1.94e+01,
24399,-8.00e-03,1.94e+01,
24400,-8.00e-03,1.90e+01,
24401,-8.00e-03,1.90e+01,
24402,-8.00e-03,1.82e+01,
24403,-8.00e-03,1.82e+01,
24404,-8.00e-03,1.78e+01,
24405,-8.00e-03,1.78e+01,
24406,-8.00e-03,1.74e+01,
24407,-8.00e-03,1.74e+01,
24408,-8.00e-03,1.74e+01,
24409,-8.00e-03,1.70e+01,
24410,-8.00e-03,1.70e+01,
24411,-8.00e-03,1.66e+01,
24412,-8.00e-03,1.66e+01,
24413,-8.00e-03,1.62e+01,
24414,-8.00e-03,1.62e+01,
24415,-8.00e-03,1.62e+01,
24416,-8.00e-03,1.58e+01,
24417,-8.00e-03,1.58e+01,
24418,-8.00e-03,1.58e+01,
24419,-8.00e-03,1.54e+01,
24420,-8.00e-03,1.54e+01,
24421,-8.00e-03,1.50e+01,
24422,-8.00e-03,1.50e+01,
24423,-8.00e-03,1.50e+01,
24424,-8.00e-03,1.46e+01,
24425,-8.00e-03,1.46e+01,
24426,-8.00e-03,1.46e+01,
24427,-8.00e-03,1.42e+01,
24428,-8.00e-03,1.42e+01,
24429,-8.00e-03,1.38e+01,
24430,-8.00e-03,1.38e+01,
24431,-8.00e-03,1.38e+01,
24432,-8.00e-03,1.30e+01,
24433,-8.00e-03,1.30e+01,
24434,-8.00e-03,1.30e+01,
24435,-8.00e-03,1.30e+01,
24436,-8.00e-03,1.26e+01,
24437,-8.00e-03,1.26e+01,
24438,-8.00e-03,1.26e+01,
24439,-8.00e-03,1.26e+01,
24440,-8.00e-03,1.22e+01,
24441,-8.00e-03,1.22e+01,
24442,-8.00e-03,1.22e+01,
24443,-8.00e-03,1.18e+01,
24444,-8.00e-03,1.18e+01,
24445,-8.00e-03,1.18e+01,
24446,-8.00e-03,1.18e+01,
24447,-8.00e-03,1.18e+01,
24448,-8.00e-03,1.14e+01,
24449,-8.00e-03,1.14e+01,
24450,-8.00e-03,1.14e+01,
24451,-8.00e-03,1.14e+01,
24452,-8.00e-03,1.10e+01,
24453,-8.00e-03,1.10e+01,
24454,-8.00e-03,1.10e+01,
24455,-8.00e-03,1.10e+01,
24456,-8.00e-03,1.06e+01,
24457,-8.00e-03,1.06e+01,
24458,-8.00e-03,1.06e+01,
24459,-8.00e-03,1.06e+01,
24460,-8.00e-03,1.06e+01,
24461,-8.00e-03,1.02e+01,
24462,-8.00e-03,1.02e+01,
24463,-8.00e-03,1.02e+01,
24464,-8.00e-03,1.02e+01,
24465,-8.00e-03,1.02e+01,
24466,-8.00e-03,1.02e+01,
24467,-8.00e-03,9.80e+00,
24468,-8.00e-03,1.02e+01,
24469,0.00e+00,9.80e+00,
24470,-8.00e-03,9.80e+00,
24471,-8.00e-03,9.80e+00,
24472,-8.00e-03,9.80e+00,
24473,-8.00e-03,9.80e+00,
24474,-8.00e-03,9.80e+00,
24475,-8.00e-03,9.80e+00,
24476,-8.00e-03,9.40e+00,
24477,0.00e+00,9.40e+00,
24478,0.00e+00,9.40e+00,
24479,-8.00e-03,9.40e+00,
24480,-8.00e-03,9.40e+00,
24481,0.00e+00,9.40e+00,
24482,-8.00e-03,9.40e+00,
24483,-8.00e-03,9.40e+00,
24484,-8.00e-03,9.40e+00,
24485,0.00e+00,9.40e+00,
24486,-8.00e-03,9.40e+00,
24487,-8.00e-03,9.40e+00,
24488,-8.00e-03,9.40e+00,
24489,0.00e+00,9.00e+00,
24490,-8.00e-03,9.40e+00,
24491,-8.00e-03,9.40e+00,
24492,0.00e+00,9.00e+00,
24493,0.00e+00,9.00e+00,
24494,0.00e+00,9.00e+00,
24495,-8.00e-03,9.40e+00,
24496,-8.00e-03,9.00e+00,
24497,0.00e+00,9.00e+00,
24498,-8.00e-03,9.00e+00,
24499,-8.00e-03,9.00e+00,
24500,-8.00e-03,9.00e+00,
24501,0.00e+00,9.00e+00,
24502,0.00e+00,9.40e+00,
24503,0.00e+00,9.40e+00,
24504,0.00e+00,9.00e+00,
24505,0.00e+00,9.00e+00,
24506,0.00e+00,9.40e+00,
24507,-8.00e-03,9.00e+00,
24508,0.00e+00,9.40e+00,
24509,0.00e+00,9.00e+00,
24510,0.00e+00,9.40e+00,
24511,-8.00e-03,9.40e+00,
24512,0.00e+00,9.00e+00,
24513,0.00e+00,9.40e+00,
24514,-8.00e-03,9.40e+00,
24515,-8.00e-03,9.40e+00,
24516,0.00e+00,9.40e+00,
24517,0.00e+00,9.40e+00,
24518,0.00e+00,9.40e+00,
24519,0.00e+00,9.40e+00,
24520,-8.00e-03,9.40e+00,
24521,0.00e+00,9.80e+00,
24522,0.00e+00,9.80e+00,
24523,-8.00e-03,9.80e+00,
24524,0.00e+00,9.80e+00,
24525,0.00e+00,9.80e+00,
24526,0.00e+00,9.80e+00,
24527,-8.00e-03,9.80e+00,
24528,0.00e+00,9.80e+00,
24529,0.00e+00,1.02e+01,
24530,0.00e+00,9.80e+00,
24531,0.00e+00,1.02e+01,
24532,0.00e+00,1.02e+01,
24533,0.00e+00,1.02e+01,
24534,0.00e+00,1.02e+01,
24535,0.00e+00,1.02e+01,
24536,0.00e+00,1.02e+01,
24537,0.00e+00,1.06e+01,
24538,0.00e+00,1.06e+01,
24539,0.00e+00,1.06e+01,
24540,0.00e+00,1.06e+01,
24541,0.00e+00,1.06e+01,
24542,0.00e+00,1.06e+01,
24543,0.00e+00,1.10e+01,
24544,0.00e+00,1.06e+01,
24545,0.00e+00,1.10e+01,
24546,0.00e+00,1.10e+01,
24547,-8.00e-03,1.10e+01,
24548,0.00e+00,1.14e+01,
24549,0.00e+00,1.14e+01,
24550,0.00e+00,1.14e+01,
24551,0.00e+00,1.18e+01,
24552,0.00e+00,1.18e+01,
24553,0.00e+00,1.18e+01,
24554,0.00e+00,1.18e+01,
24555,0.00e+00,1.18e+01,
24556,0.00e+00,1.18e+01,
24557,0.00e+00,1.22e+01,
24558,0.00e+00,1.22e+01,
24559,0.00e+00,1.22e+01,
24560,0.00e+00,1.26e+01,
24561,0.00e+00,1.26e+01,
24562,0.00e+00,1.26e+01,
24563,-8.00e-03,1.30e+01,
24564,0.00e+00,1.30e+01,
24565,0.00e+00,1.30e+01,
24566,0.00e+00,1.30e+01,
24567,0.00e+00,1.38e+01,
24568,0.00e+00,1.38e+01,
24569,0.00e+00,1.38e+01,
24570,0.00e+00,1.42e+01,
24571,0.00e+00,1.42e+01,
24572,0.00e+00,1.42e+01,
24573,0.00e+00,1.46e+01,
24574,0.00e+00,1.46e+01,
24575,0.00e+00,1.46e+01,
24576,0.00e+00,1.50e+01,
24577,0.00e+00,1.50e+01,
24578,0.00e+00,1.50e+01,
24579,0.00e+00,1.54e+01,
24580,0.00e+00,1.54e+01,
24581,0.00e+00,1.54e+01,
24582,0.00e+00,1.58e+01,
24583,0.00e+00,1.58e+01,
24584,0.00e+00,1.58e+01,
24585,0.00e+00,1.62e+01,
24586,0.00e+00,1.62e+01,
24587,0.00e+00,1.66e+01,
24588,0.00e+00,1.66e+01,
24589,0.00e+00,1.70e+01,
24590,0.00e+00,1.70e+01,
24591,0.00e+00,1.74e+01,
24592,0.00e+00,1.74e+01,
24593,0.00e+00,1.74e+01,
24594,0.00e+00,1.78e+01,
24595,-8.00e-03,1.78e+01,
24596,0.00e+00,1.82e+01,
24597,0.00e+00,1.82e+01,
24598,0.00e+00,1.82e+01,
24599,-8.00e-03,1.90e+01,
24600,0.00e+00,1.90e+01,
24601,0.00e+00,1.90e+01,
24602,0.00e+00,1.94e+01,
24603,0.00e+00,1.98e+01,
24604,0.00e+00,1.98e+01,
24605,0.00e+00,1.98e+01,
24606,0.00e+00,2.02e+01,
24607,0.00e+00,2.02e+01,
24608,0.00e+00,2.06e+01,
24609,0.00e+00,2.06e+01,
24610,0.00e+00,2.10e+01,
24611,0.00e+00,2.10e+01,
24612,0.00e+00,2.10e+01,
24613,0.00e+00,2.14e+01,
24614,0.00e+00,2.14e+01,
24615,-8.00e-03,2.18e+01,
24616,-8.00e-03,2.18e+01,
24617,0.00e+00,2.22e+01,
24618,0.00e+00,2.22e+01,
24619,-8.00e-03,2.26e+01,
24620,-8.00e-03,2.26e+01,
24621,0.00e+00,2.26e+01,
24622,0.00e+00,2.30e+01,
24623,-8.00e-03,2.34e+01,
24624,-8.00e-03,2.34e+01,
24625,0.00e+00,2.34e+01,
24626,-8.00e-03,2.38e+01,
24627,-8.00e-03,2.38e+01,
24628,-8.00e-03,2.46e+01,
24629,0.00e+00,2.46e+01,
24630,0.00e+00,2.46e+01,
24631,-8.00e-03,2.50e+01,
24632,-8.00e-03,2.50e+01,
24633,0.00e+00,2.54e+01,
24634,-8.00e-03,2.54e+01,
24635,-8.00e-03,2.58e+01,
24636,-8.00e-03,2.58e+01,
24637,0.00e+00,2.58e+01,
24638,-8.00e-03,2.62e+01,
24639,-8.00e-03,2.62e+01,
24640,-8.00e-03,2.62e+01,
24641,0.00e+00,2.66e+01,
24642,-8.00e-03,2.70e+01,
24643,-8.00e-03,2.70e+01,
24644,-8.00e-03,2.70e+01,
24645,0.00e+00,2.70e+01,
24646,-8.00e-03,2.74e+01,
24647,-8.00e-03,2.74e+01,
24648,-8.00e-03,2.74e+01,
24649,-8.00e-03,2.78e+01,
24650,-8.00e-03,2.78e+01,
24651,-8.00e-03,2.82e+01,
24652,-8.00e-03,2.82e+01,
24653,-8.00e-03,2.82e+01,
24654,-8.00e-03,2.82e+01,
24655,-8.00e-03,2.86e+01,
24656,-8.00e-03,2.86e+01,
24657,-8.00e-03,2.86e+01,
24658,-8.00e-03,2.86e+01,
24659,-8.00e-03,2.90e+01,
24660,-8.00e-03,2.90e+01,
24661,-8.00e-03,2.90e+01,
24662,-8.00e-03,2.90e+01,
24663,-8.00e-03,2.98e+01,
24664,-8.00e-03,2.98e+01,
24665,-8.00e-03,2.98e+01,
24666,-8.00e-03,2.98e+01,
24667,-8.00e-03,3.02e+01,
24668,-8.00e-03,2.98e+01,
24669,-8.00e-03,3.02e+01,
24670,-8.00e-03,3.02e+01,
24671,-8.00e-03,3.02e+01,
24672,-8.00e-03,3.02e+01,
24673,-8.00e-03,3.02e+01,
24674,-8.00e-03,3.02e+01,
24675,-8.00e-03,3.02e+01,
24676,-8.00e-03,3.06e+01,
24677,-8.00e-03,3.06e+01,
24678,-8.00e-03,3.06e+01,
24679,-8.00e-03,3.06e+01,
24680,-8.00e-03,3.06e+01,
24681,-8.00e-03,3.06e+01,
24682,-8.00e-03,3.06e+01,
24683,-8.00e-03,3.06e+01,
24684,-8.00e-03,3.06e+01,
24685,-8.00e-03,3.06e+01,
24686,-8.00e-03,3.06e+01,
24687,-8.00e-03,3.06e+01,
24688,-8.00e-03,3.06e+01,
24689,-8.00e-03,3.06e+01,
24690,-8.00e-03,3.06e+01,
24691,-8.00e-03,3.06e+01,
24692,-8.00e-03,3.06e+01,
24693,-8.00e-03,3.06e+01,
24694,-8.00e-03,3.06e+01,
24695,-8.00e-03,3.06e+01,
24696,-8.00e-03,3.02e+01,
24697,-8.00e-03,3.02e+01,
24698,-8.00e-03,3.02e+01,
24699,-8.00e-03,3.02e+01,
24700,-8.00e-03,3.02e+01,
24701,-8.00e-03,3.02e+01,
24702,-8.00e-03,2.98e+01,
24703,-8.00e-03,2.98e+01,
24704,-8.00e-03,2.98e+01,
24705,-8.00e-03,2.98e+01,
24706,-8.00e-03,2.98e+01,
24707,-1.60e-02,2.90e+01,
24708,-8.00e-03,2.90e+01,
24709,-8.00e-03,2.90e+01,
24710,-8.00e-03,2.90e+01,
24711,-8.00e-03,2.90e+01,
24712,-8.00e-03,2.86e+01,
24713,-8.00e-03,2.86e+01,
24714,-8.00e-03,2.86e+01,
24715,-8.00e-03,2.82e+01,
24716,-8.00e-03,2.82e+01,
24717,-8.00e-03,2.82e+01,
24718,-8.00e-03,2.82e+01,
24719,-1.60e-02,2.78e+01,
24720,-8.00e-03,2.78e+01,
24721,-8.00e-03,2.78e+01,
24722,-8.00e-03,2.74e+01,
24723,-8.00e-03,2.74e+01,
24724,-8.00e-03,2.74e+01,
24725,-8.00e-03,2.70e+01,
24726,-8.00e-03,2.70e+01,
24727,-8.00e-03,2.70e+01,
24728,-8.00e-03,2.66e+01,
24729,-8.00e-03,2.66e+01,
24730,-8.00e-03,2.62e+01,
24731,-1.60e-02,2.62e+01,
24732,-8.00e-03,2.62e+01,
24733,-8.00e-03,2.58e+01,
24734,-8.00e-03,2.58e+01,
24735,-8.00e-03,2.58e+01,
24736,-8.00e-03,2.54e+01,
24737,-8.00e-03,2.54e+01,
24738,-8.00e-03,2.50e+01,
24739,-1.60e-02,2.50e+01,
24740,-8.00e-03,2.46e+01,
24741,-8.00e-03,2.46e+01,
24742,-8.00e-03,2.46e+01,
24743,-8.00e-03,2.38e+01,
24744,-8.00e-03,2.38e+01,
24745,-8.00e-03,2.34e+01,
24746,-8.00e-03,2.34e+01,
24747,-1.60e-02,2.30e+01,
24748,-8.00e-03,2.30e+01,
24749,-8.00e-03,2.30e+01,
24750,-8.00e-03,2.26e+01,
24751,-8.00e-03,2.26e+01,
24752,-8.00e-03,2.22e+01,
24753,-8.00e-03,2.22e+01,
24754,-8.00e-03,2.22e+01,
24755,-1.60e-02,2.18e+01,
24756,-8.00e-03,2.18e+01,
24757,-8.00e-03,2.14e+01,
24758,-8.00e-03,2.14e+01,
24759,-8.00e-03,2.10e+01,
24760,-8.00e-03,2.10e+01,
24761,-8.00e-03,2.06e+01,
24762,-8.00e-03,2.06e+01,
24763,-8.00e-03,2.06e+01,
24764,-8.00e-03,2.02e+01,
24765,-8.00e-03,2.02e+01,
24766,-8.00e-03,1.98e+01,
24767,-8.00e-03,1.98e+01,
24768,-8.00e-03,1.94e+01,
24769,-8.00e-03,1.94e+01,
24770,-8.00e-03,1.94e+01,
24771,-1.60e-02,1.90e+01,
24772,-8.00e-03,1.90e+01,
24773,-8.00e-03,1.82e+01,
24774,-8.00e-03,1.82e+01,
24775,-8.00e-03,1.82e+01,
24776,-8.00e-03,1.78e+01,
24777,-8.00e-03,1.78e+01,
24778,-8.00e-03,1.74e+01,
24779,-8.00e-03,1.74e+01,
24780,-8.00e-03,1.70e+01,
24781,-8.00e-03,1.70e+01,
24782,-8.00e-03,1.70e+01,
24783,-8.00e-03,1.70e+01,
24784,-8.00e-03,1.66e+01,
24785,-8.00e-03,1.66e+01,
24786,-8.00e-03,1.62e+01,
24787,-8.00e-03,1.62e+01,
24788,-8.00e-03,1.62e+01,
24789,-8.00e-03,1.58e+01,
24790,-8.00e-03,1.58e+01,
24791,-8.00e-03,1.58e+01,
24792,-8.00e-03,1.54e+01,
24793,-8.00e-03,1.54e+01,
24794,-8.00e-03,1.54e+01,
24795,-8.00e-03,1.50e+01,
24796,-8.00e-03,1.50e+01,
24797,-8.00e-03,1.50e+01,
24798,-8.00e-03,1.50e+01,
24799,-8.00e-03,1.46e+01,
24800,-8.00e-03,1.42e+01,
24801,-8.00e-03,1.46e+01,
24802,-8.00e-03,1.42e+01,
24803,-8.00e-03,1.42e+01,
24804,-8.00e-03,1.42e+01,
24805,-8.00e-03,1.38e+01,
24806,-8.00e-03,1.38e+01,
24807,-8.00e-03,1.38e+01,
24808,-8.00e-03,1.38e+01,
24809,-8.00e-03,1.30e+01,
24810,-8.00e-03,1.30e+01,
24811,-8.00e-03,1.30e+01,
24812,-8.00e-03,1.26e+01,
24813,-8.00e-03,1.26e+01,
24814,-8.00e-03,1.26e+01,
24815,-8.00e-03,1.26e+01,
24816,-8.00e-03,1.22e+01,
24817,-8.00e-03,1.22e+01,
24818,-8.00e-03,1.22e+01,
24819,-8.00e-03,1.22e+01,
24820,-8.00e-03,1.18e+01,
24821,-8.00e-03,1.18e+01,
24822,-8.00e-03,1.18e+01,
24823,-8.00e-03,1.18e+01,
24824,-8.00e-03,1.18e+01,
24825,-8.00e-03,1.18e+01,
24826,-8.00e-03,1.18e+01,
24827,-8.00e-03,1.14e+01,
24828,-8.00e-03,1.14e+01,
24829,-8.00e-03,1.14e+01,
24830,-8.00e-03,1.14e+01,
24831,-8.00e-03,1.14e+01,
24832,-8.00e-03,1.10e+01,
24833,-8.00e-03,1.10e+01,
24834,-8.00e-03,1.10e+01,
24835,-8.00e-03,1.10e+01,
24836,-8.00e-03,1.10e+01,
24837,-8.00e-03,1.10e+01,
24838,-8.00e-03,1.10e+01,
24839,-8.00e-03,1.10e+01,
24840,-8.00e-03,1.06e+01,
24841,-8.00e-03,1.06e+01,
24842,-8.00e-03,1.06e+01,
24843,-8.00e-03,1.06e+01,
24844,-8.00e-03,1.06e+01,
24845,-8.00e-03,1.06e+01,
24846,-8.00e-03,1.06e+01,
24847,-8.00e-03,1.06e+01,
24848,-8.00e-03,1.02e+01,
24849,-8.00e-03,1.02e+01,
24850,-8.00e-03,1.02e+01,
24851,-8.00e-03,1.02e+01,
24852,-8.00e-03,1.02e+01,
24853,-8.00e-03,1.02e+01,
24854,-8.00e-03,1.02e+01,
24855,-8.00e-03,1.02e+01,
24856,-8.00e-03,1.02e+01,
24857,0.00e+00,1.02e+01,
24858,-8.00e-03,1.02e+01,
24859,-8.00e-03,1.02e+01,
24860,-8.00e-03,9.80e+00,
24861,0.00e+00,9.80e+00,
24862,-8.00e-03,1.02e+01,
24863,-8.00e-03,1.02e+01,
24864,-8.00e-03,9.80e+00,
24865,-8.00e-03,1.02e+01,
24866,-8.00e-03,1.02e+01,
24867,-8.00e-03,1.02e+01,
24868,-8.00e-03,9.80e+00,
24869,-8.00e-03,9.80e+00,
24870,0.00e+00,1.02e+01,
24871,-8.00e-03,1.02e+01,
24872,-8.00e-03,9.80e+00,
24873,0.00e+00,9.80e+00,
24874,-8.00e-03,9.80e+00,
24875,-8.00e-03,9.80e+00,
24876,-8.00e-03,9.80e+00,
24877,0.00e+00,9.80e+00,
24878,0.00e+00,1.02e+01,
24879,0.00e+00,1.02e+01,
24880,-8.00e-03,9.80e+00,
24881,0.00e+00,1.02e+01,
24882,0.00e+00,1.02e+01,
24883,-8.00e-03,1.02e+01,
24884,0.00e+00,1.02e+01,
24885,0.00e+00,1.02e+01,
24886,0.00e+00,1.02e+01,
24887,0.00e+00,1.02e+01,
24888,0.00e+00,1.02e+01,
24889,0.00e+00,1.02e+01,
24890,0.00e+00,1.02e+01,
24891,-8.00e-03,1.06e+01,
24892,0.00e+00,1.02e+01,
24893,0.00e+00,1.02e+01,
24894,0.00e+00,1.06e+01,
24895,0.00e+00,1.06e+01,
24896,0.00e+00,1.06e+01,
24897,0.00e+00,1.06e+01,
24898,0.00e+00,1.06e+01,
24899,-8.00e-03,1.06e+01,
24900,0.00e+00,1.06e+01,
24901,0.00e+00,1.06e+01,
24902,0.00e+00,1.06e+01,
24903,0.00e+00,1.10e+01,
24904,0.00e+00,1.06e+01,
24905,0.00e+00,1.10e+01,
24906,0.00e+00,1.10e+01,
24907,0.00e+00,1.10e+01,
24908,0.00e+00,1.10e+01,
24909,0.00e+00,1.10e+01,
24910,0.00e+00,1.14e+01,
24911,0.00e+00,1.14e+01,
24912,0.00e+00,1.14e+01,
24913,0.00e+00,1.14e+01,
24914,0.00e+00,1.14e+01,
24915,-8.00e-03,1.14e+01,
24916,0.00e+00,1.18e+01,
24917,0.00e+00,1.18e+01,
24918,0.00e+00,1.18e+01,
24919,0.00e+00,1.18e+01,
24920,0.00e+00,1.18e+01,
24921,0.00e+00,1.22e+01,
24922,0.00e+00,1.22e+01,
24923,0.00e+00,1.22e+01,
24924,0.00e+00,1.22e+01,
24925,0.00e+00,1.22e+01,
24926,0.00e+00,1.26e+01,
24927,0.00e+00,1.26e+01,
24928,0.00e+00,1.26e+01,
24929,0.00e+00,1.30e+01,
24930,0.00e+00,1.26e+01,
24931,0.00e+00,1.30e+01,
24932,0.00e+00,1.30e+01,
24933,0.00e+00,1.30e+01,
24934,0.00e+00,1.38e+01,
24935,0.00e+00,1.38e+01,
24936,0.00e+00,1.38e+01,
24937,0.00e+00,1.38e+01,
24938,0.00e+00,1.42e+01,
24939,0.00e+00,1.42e+01,
24940,0.00e+00,1.42e+01,
24941,0.00e+00,1.42e+01,
24942,0.00e+00,1.46e+01,
24943,-8.00e-03,1.46e+01,
24944,0.00e+00,1.46e+01,
24945,0.00e+00,1.50e+01,
24946,0.00e+00,1.50e+01,
24947,0.00e+00,1.50e+01,
24948,0.00e+00,1.54e+01,
24949,0.00e+00,1.54e+01,
24950,0.00e+00,1.54e+01,
24951,0.00e+00,1.58e+01,
24952,0.00e+00,1.58e+01,
24953,0.00e+00,1.58e+01,
24954,0.00e+00,1.62e+01,
24955,0.00e+00,1.62e+01,
24956,0.00e+00,1.62e+01,
24957,0.00e+00,1.66e+01,
24958,0.00e+00,1.66e+01,
24959,-8.00e-03,1.70e+01,
24960,0.00e+00,1.70e+01,
24961,0.00e+00,1.70e+01,
24962,0.00e+00,1.70e+01,
24963,-8.00e-03,1.74e+01,
24964,0.00e+00,1.74e+01,
24965,0.00e+00,1.78e+01,
24966,0.00e+00,1.78e+01,
24967,0.00e+00,1.82e+01,
24968,0.00e+00,1.82e+01,
24969,0.00e+00,1.82e+01,
24970,0.00e+00,1.90e+01,
24971,-8.00e-03,1.90e+01,
24972,0.00e+00,1.90e+01,
24973,0.00e+00,1.90e+01,
24974,0.00e+00,1.94e+01,
24975,0.00e+00,1.98e+01,
24976,0.00e+00,1.98e+01,
24977,0.00e+00,1.98e+01,
24978,0.00e+00,2.02e+01,
24979,-8.00e-03,2.02e+01,
24980,-8.00e-03,2.02e+01,
24981,0.00e+00,2.06e+01,
24982,0.00e+00,2.06e+01,
24983,-8.00e-03,2.10e+01,
24984,0.00e+00,2.10e+01,
24985,0.00e+00,2.10e+01,
24986,-8.00e-03,2.14e+01,
24987,-8.00e-03,2.14e+01,
24988,-8.00e-03,2.14e+01,
24989,0.00e+00,2.18e+01,
24990,0.00e+00,2.18e+01,
24991,-8.00e-03,2.22e+01,
24992,-8.00e-03,2.22e+01,
24993,0.00e+00,2.22e+01,
24994,-8.00e-03,2.26e+01,
24995,-8.00e-03,2.26e+01,
24996,-8.00e-03,2.26e+01,
24997,0.00e+00,2.30e+01,
24998,0.00e+00,2.30e+01,
24999,-8.00e-03,2.34e+01,
25000,0.00e+00,2.34e+01,
25001,-8.00e-03,2.34e+01,
25002,-8.00e-03,2.38e+01,
25003,-8.00e-03,2.38e+01,
25004,-8.00e-03,2.38e+01,
25005,0.00e+00,2.46e+01,
25006,0.00e+00,2.46e+01,
25007,-8.00e-03,2.50e+01,
25008,-8.00e-03,2.50e+01,
25009,0.00e+00,2.50e+01,
25010,-8.00e-03,2.54e+01,
25011,-8.00e-03,2.54e+01,
25012,-8.00e-03,2.54e+01,
25013,0.00e+00,2.54e+01,
25014,-8.00e-03,2.58e+01,
25015,-8.00e-03,2.58e+01,
25016,-8.00e-03,2.58e+01,
25017,0.00e+00,2.62e+01,
25018,-8.00e-03,2.62e+01,
25019,-8.00e-03,2.66e+01,
25020,-8.00e-03,2.66e+01,
25021,0.00e+00,2.66e+01,
25022,-8.00e-03,2.66e+01,
25023,-8.00e-03,2.70e+01,
25024,-8.00e-03,2.70e+01,
25025,0.00e+00,2.70e+01,
25026,-8.00e-03,2.70e+01,
25027,-8.00e-03,2.70e+01,
25028,-8.00e-03,2.74e+01,
25029,-8.00e-03,2.74e+01,
25030,-8.00e-03,2.74e+01,
25031,-8.00e-03,2.78e+01,
25032,-8.00e-03,2.74e+01,
25033,0.00e+00,2.78e+01,
25034,-8.00e-03,2.78e+01,
25035,-8.00e-03,2.78e+01,
25036,-8.00e-03,2.78e+01,
25037,-8.00e-03,2.78e+01,
25038,-8.00e-03,2.78e+01,
25039,-8.00e-03,2.82e+01,
25040,-8.00e-03,2.82e+01,
25041,-8.00e-03,2.82e+01,
25042,-8.00e-03,2.82e+01,
25043,-8.00e-03,2.82e+01,
25044,-8.00e-03,2.82e+01,
25045,-8.00e-03,2.82e+01,
25046,-8.00e-03,2.86e+01,
25047,-8.00e-03,2.86e+01,
25048,-8.00e-03,2.86e+01,
25049,-8.00e-03,2.86e+01,
25050,-8.00e-03,2.86e+01,
25051,-8.00e-03,2.86e+01,
25052,-8.00e-03,2.86e+01,
25053,-8.00e-03,2.86e+01,
25054,-8.00e-03,2.86e+01,
25055,-8.00e-03,2.86e+01,
25056,-8.00e-03,2.86e+01,
25057,-8.00e-03,2.86e+01,
25058,-8.00e-03,2.86e+01,
25059,-8.00e-03,2.86e+01,
25060,-8.00e-03,2.86e+01,
25061,-8.00e-03,2.86e+01,
25062,-8.00e-03,2.86e+01,
25063,-8.00e-03,2.86e+01,
25064,-8.00e-03,2.86e+01,
25065,-8.00e-03,2.86e+01,
25066,-8.00e-03,2.86e+01,
25067,-8.00e-03,2.86e+01,
25068,-8.00e-03,2.82e+01,
25069,-8.00e-03,2.82e+01,
25070,-8.00e-03,2.82e+01,
25071,-8.00e-03,2.82e+01,
25072,-8.00e-03,2.82e+01,
25073,-8.00e-03,2.82e+01,
25074,-8.00e-03,2.82e+01,
25075,-8.00e-03,2.78e+01,
25076,-8.00e-03,2.78e+01,
25077,-8.00e-03,2.78e+01,
25078,-8.00e-03,2.78e+01,
25079,-8.00e-03,2.78e+01,
25080,-8.00e-03,2.74e+01,
25081,-8.00e-03,2.74e+01,
25082,-8.00e-03,2.74e+01,
25083,-8.00e-03,2.74e+01,
25084,-8.00e-03,2.74e+01,
25085,-8.00e-03,2.70e+01,
25086,-8.00e-03,2.70e+01,
25087,-8.00e-03,2.70e+01,
25088,-8.00e-03,2.70e+01,
25089,-8.00e-03,2.70e+01,
25090,-8.00e-03,2.66e+01,
25091,-8.00e-03,2.66e+01,
25092,-8.00e-03,2.66e+01,
25093,-8.00e-03,2.62e+01,
25094,-8.00e-03,2.62e+01,
25095,-8.00e-03,2.62e+01,
25096,-8.00e-03,2.62e+01,
25097,-8.00e-03,2.62e+01,
25098,-8.00e-03,2.58e+01,
25099,-8.00e-03,2.58e+01,
25100,-8.00e-03,2.54e+01,
25101,-8.00e-03,2.54e+01,
25102,-8.00e-03,2.54e+01,
25103,-8.00e-03,2.50e+01,
25104,-8.00e-03,2.50e+01,
25105,-8.00e-03,2.50e+01,
25106,-8.00e-03,2.46e+01,
25107,-8.00e-03,2.46e+01,
25108,-8.00e-03,2.46e+01,
25109,-8.00e-03,2.38e+01,
25110,-8.00e-03,2.38e+01,
25111,-8.00e-03,2.38e+01,
25112,-8.00e-03,2.34e+01,
25113,-8.00e-03,2.34e+01,
25114,-8.00e-03,2.34e+01,
25115,-8.00e-03,2.30e+01,
25116,-8.00e-03,2.30e+01,
25117,-8.00e-03,2.30e+01,
25118,-8.00e-03,2.26e+01,
25119,-8.00e-03,2.26e+01,
25120,-8.00e-03,2.22e+01,
25121,-8.00e-03,2.22e+01,
25122,-8.00e-03,2.22e+01,
25123,-8.00e-03,2.18e+01,
25124,-8.00e-03,2.18e+01,
25125,-8.00e-03,2.18e+01,
25126,-8.00e-03,2.14e+01,
25127,-8.00e-03,2.14e+01,
25128,-8.00e-03,2.10e+01,
25129,-8.00e-03,2.10e+01,
25130,-8.00e-03,2.10e+01,
25131,-8.00e-03,2.10e+01,
25132,-8.00e-03,2.06e+01,
25133,-8.00e-03,2.02e+01,
25134,-8.00e-03,2.02e+01,
25135,-8.00e-03,2.02e+01,
25136,-8.00e-03,1.98e+01,
25137,-8.00e-03,1.98e+01,
25138,-8.00e-03,1.98e+01,
25139,-8.00e-03,1.94e+01,
25140,-8.00e-03,1.94e+01,
25141,-8.00e-03,1.94e+01,
25142,-8.00e-03,1.90e+01,
25143,-8.00e-03,1.90e+01,
25144,-8.00e-03,1.82e+01,
25145,-8.00e-03,1.82e+01,
25146,-8.00e-03,1.82e+01,
25147,-8.00e-03,1.78e+01,
25148,-8.00e-03,1.78e+01,
25149,-8.00e-03,1.78e+01,
25150,-8.00e-03,1.74e+01,
25151,-8.00e-03,1.74e+01,
25152,-8.00e-03,1.70e+01,
25153,-8.00e-03,1.74e+01,
25154,-8.00e-03,1.70e+01,
25155,-8.00e-03,1.70e+01,
25156,-8.00e-03,1.66e+01,
25157,-8.00e-03,1.66e+01,
25158,-8.00e-03,1.66e+01,
25159,-8.00e-03,1.66e+01,
25160,-8.00e-03,1.62e+01,
25161,-8.00e-03,1.62e+01,
25162,-8.00e-03,1.58e+01,
25163,-8.00e-03,1.58e+01,
25164,-8.00e-03,1.58e+01,
25165,-8.00e-03,1.54e+01,
25166,-8.00e-03,1.54e+01,
25167,-8.00e-03,1.54e+01,
25168,-8.00e-03,1.54e+01,
25169,-8.00e-03,1.50e+01,
25170,-8.00e-03,1.50e+01,
25171,-8.00e-03,1.50e+01,
25172,-8.00e-03,1.50e+01,
25173,-8.00e-03,1.46e+01,
25174,-8.00e-03,1.46e+01,
25175,-8.00e-03,1.46e+01,
25176,-8.00e-03,1.46e+01,
25177,-8.00e-03,1.42e+01,
25178,-8.00e-03,1.42e+01,
25179,-8.00e-03,1.42e+01,
25180,-8.00e-03,1.42e+01,
25181,-8.00e-03,1.38e+01,
25182,-8.00e-03,1.38e+01,
25183,-8.00e-03,1.38e+01,
25184,-8.00e-03,1.38e+01,
25185,-8.00e-03,1.38e+01,
25186,-8.00e-03,1.30e+01,
25187,-8.00e-03,1.30e+01,
25188,-8.00e-03,1.30e+01,
25189,-8.00e-03,1.26e+01,
25190,-8.00e-03,1.30e+01,
25191,-8.00e-03,1.26e+01,
25192,-8.00e-03,1.26e+01,
25193,-8.00e-03,1.26e+01,
25194,-8.00e-03,1.26e+01,
25195,-8.00e-03,1.26e+01,
25196,-8.00e-03,1.22e+01,
25197,-8.00e-03,1.22e+01,
25198,-8.00e-03,1.22e+01,
25199,-8.00e-03,1.22e+01,
25200,-8.00e-03,1.18e+01,
25201,-8.00e-03,1.18e+01,
25202,-8.00e-03,1.18e+01,
25203,-8.00e-03,1.18e+01,
25204,-8.00e-03,1.18e+01,
25205,-8.00e-03,1.18e+01,
25206,-8.00e-03,1.18e+01,
25207,-8.00e-03,1.18e+01,
25208,-8.00e-03,1.18e+01,
25209,-8.00e-03,1.14e+01,
25210,-8.00e-03,1.14e+01,
25211,-8.00e-03,1.14e+01,
25212,-8.00e-03,1.14e+01,
25213,-8.00e-03,1.14e+01,
25214,-8.00e-03,1.14e+01,
25215,-8.00e-03,1.14e+01,
25216,-8.00e-03,1.14e+01,
25217,0.00e+00,1.14e+01,
25218,-8.00e-03,1.10e+01,
25219,-8.00e-03,1.10e+01,
25220,-8.00e-03,1.10e+01,
25221,-8.00e-03,1.10e+01,
25222,-8.00e-03,1.10e+01,
25223,-8.00e-03,1.10e+01,
25224,-8.00e-03,1.10e+01,
25225,0.00e+00,1.10e+01,
25226,-8.00e-03,1.10e+01,
25227,-8.00e-03,1.10e+01,
25228,-8.00e-03,1.10e+01,
25229,0.00e+00,1.10e+01,
25230,-8.00e-03,1.10e+01,
25231,-8.00e-03,1.10e+01,
25232,-8.00e-03,1.06e+01,
25233,0.00e+00,1.10e+01,
25234,-8.00e-03,1.10e+01,
25235,-8.00e-03,1.10e+01,
25236,-8.00e-03,1.06e+01,
25237,0.00e+00,1.06e+01,
25238,-8.00e-03,1.06e+01,
25239,-8.00e-03,1.10e+01,
25240,-8.00e-03,1.06e+01,
25241,0.00e+00,1.06e+01,
25242,-8.00e-03,1.06e+01,
25243,-8.00e-03,1.06e+01,
25244,0.00e+00,1.06e+01,
25245,0.00e+00,1.06e+01,
25246,-8.00e-03,1.06e+01,
25247,-8.00e-03,1.10e+01,
25248,-8.00e-03,1.06e+01,
25249,0.00e+00,1.06e+01,
25250,-8.00e-03,1.06e+01,
25251,-8.00e-03,1.10e+01,
25252,-8.00e-03,1.10e+01,
25253,0.00e+00,1.06e+01,
25254,0.00e+00,1.10e+01,
25255,-8.00e-03,1.10e+01,
25256,0.00e+00,1.10e+01,
25257,0.00e+00,1.10e+01,
25258,-8.00e-03,1.10e+01,
25259,-8.00e-03,1.10e+01,
25260,0.00e+00,1.10e+01,
25261,0.00e+00,1.10e+01,
25262,0.00e+00,1.10e+01,
25263,-8.00e-03,1.14e+01,
25264,0.00e+00,1.10e+01,
25265,0.00e+00,1.10e+01,
25266,0.00e+00,1.14e+01,
25267,-8.00e-03,1.14e+01,
25268,-8.00e-03,1.14e+01,
25269,0.00e+00,1.14e+01,
25270,-8.00e-03,1.14e+01,
25271,0.00e+00,1.14e+01,
25272,0.00e+00,1.14e+01,
25273,0.00e+00,1.14e+01,
25274,0.00e+00,1.14e+01,
25275,-8.00e-03,1.18e+01,
25276,0.00e+00,1.18e+01,
25277,0.00e+00,1.14e+01,
25278,-8.00e-03,1.18e+01,
25279,0.00e+00,1.18e+01,
25280,0.00e+00,1.18e+01,
25281,0.00e+00,1.18e+01,
25282,-8.00e-03,1.18e+01,
25283,-8.00e-03,1.22e+01,
25284,0.00e+00,1.22e+01,
25285,0.00e+00,1.22e+01,
25286,0.00e+00,1.22e+01,
25287,-8.00e-03,1.22e+01,
25288,0.00e+00,1.22e+01,
25289,0.00e+00,1.22e+01,
25290,0.00e+00,1.26e+01,
25291,-8.00e-03,1.26e+01,
25292,-8.00e-03,1.26e+01,
25293,0.00e+00,1.26e+01,
25294,0.00e+00,1.26e+01,
25295,0.00e+00,1.30e+01,
25296,0.00e+00,1.30e+01,
25297,0.00e+00,1.30e+01,
25298,0.00e+00,1.30e+01,
25299,-8.00e-03,1.38e+01,
25300,0.00e+00,1.38e+01,
25301,0.00e+00,1.38e+01,
25302,0.00e+00,1.38e+01,
25303,0.00e+00,1.42e+01,
25304,0.00e+00,1.42e+01,
25305,0.00e+00,1.42e+01,
25306,0.00e+00,1.42e+01,
25307,-8.00e-03,1.42e+01,
25308,0.00e+00,1.46e+01,
25309,0.00e+00,1.46e+01,
25310,0.00e+00,1.46e+01,
25311,0.00e+00,1.50e+01,
25312,0.00e+00,1.46e+01,
25313,0.00e+00,1.50e+01,
25314,0.00e+00,1.50e+01,
25315,0.00e+00,1.50e+01,
25316,0.00e+00,1.54e+01,
25317,0.00e+00,1.54e+01,
25318,0.00e+00,1.54e+01,
25319,0.00e+00,1.58e+01,
25320,0.00e+00,1.58e+01,
25321,0.00e+00,1.58e+01,
25322,0.00e+00,1.58e+01,
25323,0.00e+00,1.62e+01,
25324,0.00e+00,1.62e+01,
25325,0.00e+00,1.62e+01,
25326,0.00e+00,1.66e+01,
25327,0.00e+00,1.66e+01,
25328,0.00e+00,1.66e+01,
25329,0.00e+00,1.70e+01,
25330,0.00e+00,1.66e+01,
25331,-8.00e-03,1.70e+01,
25332,0.00e+00,1.70e+01,
25333,0.00e+00,1.74e+01,
25334,0.00e+00,1.74e+01,
25335,0.00e+00,1.74e+01,
25336,0.00e+00,1.74e+01,
25337,0.00e+00,1.78e+01,
25338,0.00e+00,1.78e+01,
25339,-8.00e-03,1.82e+01,
25340,0.00e+00,1.82e+01,
25341,0.00e+00,1.82e+01,
25342,0.00e+00,1.90e+01,
25343,-8.00e-03,1.90e+01,
25344,0.00e+00,1.90e+01,
25345,0.00e+00,1.94e+01,
25346,0.00e+00,1.94e+01,
25347,-8.00e-03,1.94e+01,
25348,-8.00e-03,1.98e+01,
25349,0.00e+00,1.94e+01,
25350,-8.00e-03,1.98e+01,
25351,-8.00e-03,2.02e+01,
25352,0.00e+00,2.02e+01,
25353,0.00e+00,2.02e+01,
25354,0.00e+00,2.02e+01,
25355,-8.00e-03,2.06e+01,
25356,-8.00e-03,2.06e+01,
25357,0.00e+00,2.10e+01,
25358,0.00e+00,2.10e+01,
25359,-8.00e-03,2.10e+01,
25360,-8.00e-03,2.14e+01,
25361,0.00e+00,2.14e+01,
25362,0.00e+00,2.14e+01,
25363,-8.00e-03,2.18e+01,
25364,0.00e+00,2.18e+01,
25365,0.00e+00,2.18e+01,
25366,-8.00e-03,2.22e+01,
25367,0.00e+00,2.22e+01,
25368,0.00e+00,2.22e+01,
25369,0.00e+00,2.26e+01,
25370,-8.00e-03,2.26e+01,
25371,-8.00e-03,2.26e+01,
25372,0.00e+00,2.30e+01,
25373,0.00e+00,2.30e+01,
25374,-8.00e-03,2.30e+01,
25375,-8.00e-03,2.34e+01,
25376,-8.00e-03,2.34e+01,
25377,0.00e+00,2.34e+01,
25378,-8.00e-03,2.34e+01,
25379,-8.00e-03,2.38e+01,
25380,-8.00e-03,2.38e+01,
25381,0.00e+00,2.38e+01,
25382,-8.00e-03,2.46e+01,
25383,-8.00e-03,2.46e+01,
25384,-8.00e-03,2.46e+01,
25385,0.00e+00,2.50e+01,
25386,-8.00e-03,2.50e+01,
25387,-8.00e-03,2.50e+01,
25388,-8.00e-03,2.50e+01,
25389,-8.00e-03,2.50e+01,
25390,-8.00e-03,2.54e+01,
25391,-8.00e-03,2.54e+01,
25392,-8.00e-03,2.54e+01,
25393,0.00e+00,2.54e+01,
25394,-8.00e-03,2.58e+01,
25395,-8.00e-03,2.58e+01,
25396,-8.00e-03,2.58e+01,
25397,-8.00e-03,2.58e+01,
25398,-8.00e-03,2.62e+01,
25399,-8.00e-03,2.62e+01,
25400,-8.00e-03,2.62e+01,
25401,-8.00e-03,2.62e+01,
25402,-8.00e-03,2.62e+01,
25403,-8.00e-03,2.66e+01,
25404,-8.00e-03,2.62e+01,
25405,-8.00e-03,2.66e+01,
25406,-8.00e-03,2.66e+01,
25407,-8.00e-03,2.66e+01,
25408,-8.00e-03,2.66e+01,
25409,-8.00e-03,2.66e+01,
25410,-8.00e-03,2.70e+01,
25411,-8.00e-03,2.70e+01,
25412,-8.00e-03,2.70e+01,
25413,-8.00e-03,2.70e+01,
25414,-8.00e-03,2.70e+01,
25415,-8.00e-03,2.70e+01,
25416,-8.00e-03,2.70e+01,
25417,-8.00e-03,2.70e+01,
25418,-8.00e-03,2.70e+01,
25419,-8.00e-03,2.70e+01,
25420,-8.00e-03,2.70e+01,
25421,-8.00e-03,2.70e+01,
25422,-8.00e-03,2.74e+01,
25423,-8.00e-03,2.74e+01,
25424,-8.00e-03,2.70e+01,
25425,-8.00e-03,2.74e+01,
25426,-8.00e-03,2.74e+01,
25427,-8.00e-03,2.74e+01,
25428,-8.00e-03,2.74e+01,
25429,-8.00e-03,2.74e+01,
25430,-8.00e-03,2.74e+01,
25431,-8.00e-03,2.74e+01,
25432,-8.00e-03,2.70e+01,
25433,-8.00e-03,2.70e+01,
25434,-8.00e-03,2.70e+01,
25435,-8.00e-03,2.70e+01,
25436,-8.00e-03,2.70e+01,
25437,-8.00e-03,2.70e+01,
25438,-8.00e-03,2.70e+01,
25439,-8.00e-03,2.70e+01,
25440,-8.00e-03,2.70e+01,
25441,-8.00e-03,2.70e+01,
25442,-8.00e-03,2.70e+01,
25443,-8.00e-03,2.70e+01,
25444,-8.00e-03,2.70e+01,
25445,-8.00e-03,2.66e+01,
25446,-8.00e-03,2.66e+01,
25447,-8.00e-03,2.66e+01,
25448,-8.00e-03,2.66e+01,
25449,-8.00e-03,2.66e+01,
25450,-8.00e-03,2.66e+01,
25451,-8.00e-03,2.66e+01,
25452,-8.00e-03,2.62e+01,
25453,-8.00e-03,2.62e+01,
25454,-8.00e-03,2.62e+01,
25455,-8.00e-03,2.62e+01,
25456,-8.00e-03,2.62e+01,
25457,-8.00e-03,2.62e+01,
25458,-8.00e-03,2.58e+01,
25459,-8.00e-03,2.58e+01,
25460,-8.00e-03,2.58e+01,
25461,-8.00e-03,2.58e+01,
25462,-8.00e-03,2.54e+01,
25463,-8.00e-03,2.54e+01,
25464,-8.00e-03,2.54e+01,
25465,-8.00e-03,2.54e+01,
25466,-8.00e-03,2.50e+01,
25467,-8.00e-03,2.50e+01,
25468,-8.00e-03,2.50e+01,
25469,-8.00e-03,2.50e+01,
25470,-8.00e-03,2.50e+01,
25471,-8.00e-03,2.46e+01,
25472,-8.00e-03,2.46e+01,
25473,-8.00e-03,2.46e+01,
25474,-8.00e-03,2.38e+01,
25475,-8.00e-03,2.38e+01,
25476,-8.00e-03,2.38e+01,
25477,-8.00e-03,2.34e+01,
25478,-8.00e-03,2.34e+01,
25479,-8.00e-03,2.34e+01,
25480,-8.00e-03,2.34e+01,
25481,-8.00e-03,2.30e+01,
25482,-8.00e-03,2.30e+01,
25483,-8.00e-03,2.30e+01,
25484,-8.00e-03,2.30e+01,
25485,-8.00e-03,2.26e+01,
25486,-8.00e-03,2.26e+01,
25487,-8.00e-03,2.26e+01,
25488,-8.00e-03,2.22e+01,
25489,-8.00e-03,2.22e+01,
25490,-8.00e-03,2.22e+01,
25491,-8.00e-03,2.18e+01,
25492,-8.00e-03,2.18e+01,
25493,-8.00e-03,2.18e+01,
25494,-8.00e-03,2.14e+01,
25495,-8.00e-03,2.14e+01,
25496,-8.00e-03,2.14e+01,
25497,-8.00e-03,2.10e+01,
25498,-8.00e-03,2.10e+01,
25499,-8.00e-03,2.10e+01,
25500,-8.00e-03,2.06e+01,
25501,-8.00e-03,2.06e+01,
25502,-8.00e-03,2.06e+01,
25503,-8.00e-03,2.06e+01,
25504,-8.00e-03,2.02e+01,
25505,-8.00e-03,2.02e+01,
25506,-8.00e-03,1.98e+01,
25507,-8.00e-03,1.98e+01,
25508,-8.00e-03,1.98e+01,
25509,-8.00e-03,1.94e+01,
25510,-8.00e-03,1.94e+01,
25511,-8.00e-03,1.94e+01,
25512,-8.00e-03,1.90e+01,
25513,-8.00e-03,1.94e+01,
25514,-8.00e-03,1.90e+01,
25515,-8.00e-03,1.90e+01,
25516,-8.00e-03,1.82e+01,
25517,-8.00e-03,1.82e+01,
25518,-8.00e-03,1.82e+01,
25519,-8.00e-03,1.78e+01,
25520,-8.00e-03,1.78e+01,
25521,-8.00e-03,1.78e+01,
25522,-8.00e-03,1.74e+01,
25523,-8.00e-03,1.78e+01,
25524,-8.00e-03,1.74e+01,
25525,-8.00e-03,1.74e+01,
25526,-8.00e-03,1.70e+01,
25527,-8.00e-03,1.70e+01,
25528,-8.00e-03,1.66e+01,
25529,-8.00e-03,1.70e+01,
25530,-8.00e-03,1.66e+01,
25531,-8.00e-03,1.66e+01,
25532,-8.00e-03,1.66e+01,
25533,-8.00e-03,1.62e+01,
25534,-8.00e-03,1.62e+01,
25535,-8.00e-03,1.62e+01,
25536,-8.00e-03,1.58e+01,
25537,-8.00e-03,1.58e+01,
25538,-8.00e-03,1.58e+01,
25539,-8.00e-03,1.58e+01,
25540,-8.00e-03,1.54e+01,
25541,-8.00e-03,1.54e+01,
25542,-8.00e-03,1.54e+01,
25543,-8.00e-03,1.54e+01,
25544,-8.00e-03,1.50e+01,
25545,-8.00e-03,1.50e+01,
25546,-8.00e-03,1.50e+01,
25547,-8.00e-03,1.50e+01,
25548,-8.00e-03,1.50e+01,
25549,-8.00e-03,1.46e+01,
25550,-8.00e-03,1.46e+01,
25551,-8.00e-03,1.46e+01,
25552,-8.00e-03,1.42e+01,
25553,-8.00e-03,1.46e+01,
25554,-8.00e-03,1.42e+01,
25555,-8.00e-03,1.42e+01,
25556,-8.00e-03,1.42e+01,
25557,-8.00e-03,1.42e+01,
25558,-8.00e-03,1.38e+01,
25559,-8.00e-03,1.42e+01,
25560,-8.00e-03,1.38e+01,
25561,-8.00e-03,1.38e+01,
25562,-8.00e-03,1.38e+01,
25563,-8.00e-03,1.30e+01,
25564,-8.00e-03,1.30e+01,
25565,-8.00e-03,1.30e+01,
25566,-8.00e-03,1.30e+01,
25567,-8.00e-03,1.30e+01,
25568,-8.00e-03,1.30e+01,
25569,-8.00e-03,1.26e+01,
25570,-8.00e-03,1.26e+01,
25571,-8.00e-03,1.26e+01,
25572,-8.00e-03,1.26e+01,
25573,-8.00e-03,1.26e+01,
25574,-8.00e-03,1.26e+01,
25575,-8.00e-03,1.26e+01,
25576,-8.00e-03,1.26e+01,
25577,-8.00e-03,1.22e+01,
25578,-8.00e-03,1.22e+01,
25579,-8.00e-03,1.22e+01,
25580,-8.00e-03,1.22e+01,
25581,-8.00e-03,1.22e+01,
25582,-8.00e-03,1.22e+01,
25583,-8.00e-03,1.22e+01,
25584,-8.00e-03,1.22e+01,
25585,0.00e+00,1.22e+01,
25586,-8.00e-03,1.22e+01,
25587,-8.00e-03,1.18e+01,
25588,-8.00e-03,1.18e+01,
25589,-8.00e-03,1.18e+01,
25590,-8.00e-03,1.18e+01,
25591,-8.00e-03,1.18e+01,
25592,-8.00e-03,1.18e+01,
25593,-8.00e-03,1.18e+01,
25594,-8.00e-03,1.18e+01,
25595,-8.00e-03,1.18e+01,
25596,-8.00e-03,1.18e+01,
25597,-8.00e-03,1.14e+01,
25598,-8.00e-03,1.18e+01,
25599,-8.00e-03,1.18e+01,
25600,-8.00e-03,1.14e+01,
25601,0.00e+00,1.14e+01,
25602,-8.00e-03,1.14e+01,
25603,-8.00e-03,1.18e+01,
25604,-8.00e-03,1.14e+01,
25605,0.00e+00,1.14e+01,
25606,-8.00e-03,1.14e+01,
25607,-8.00e-03,1.14e+01,
25608,-8.00e-03,1.14e+01,
25609,0.00e+00,1.14e+01,
25610,-8.00e-03,1.14e+01,
25611,-8.00e-03,1.14e+01,
25612,-8.00e-03,1.14e+01,
25613,0.00e+00,1.14e+01,
25614,-8.00e-03,1.14e+01,
25615,-8.00e-03,1.14e+01,
25616,-8.00e-03,1.14e+01,
25617,0.00e+00,1.14e+01,
25618,0.00e+00,1.14e+01,
25619,-8.00e-03,1.14e+01,
25620,-8.00e-03,1.14e+01,
25621,0.00e+00,1.14e+01,
25622,-8.00e-03,1.14e+01,
25623,-8.00e-03,1.14e+01,
25624,-8.00e-03,1.14e+01,
25625,0.00e+00,1.14e+01,
25626,-8.00e-03,1.18e+01,
25627,-8.00e-03,1.14e+01,
25628,0.00e+00,1.18e+01,
25629,0.00e+00,1.14e+01,
25630,0.00e+00,1.18e+01,
25631,-8.00e-03,1.18e+01,
25632,-8.00e-03,1.14e+01,
25633,0.00e+00,1.18e+01,
25634,-8.00e-03,1.18e+01,
25635,-8.00e-03,1.18e+01,
25636,0.00e+00,1.18e+01,
25637,0.00e+00,1.18e+01,
25638,0.00e+00,1.18e+01,
25639,-8.00e-03,1.22e+01,
25640,0.00e+00,1.18e+01,
25641,0.00e+00,1.18e+01,
25642,-8.00e-03,1.22e+01,
25643,-8.00e-03,1.22e+01,
25644,0.00e+00,1.22e+01,
25645,0.00e+00,1.22e+01,
25646,0.00e+00,1.22e+01,
25647,0.00e+00,1.22e+01,
25648,0.00e+00,1.22e+01,
25649,0.00e+00,1.26e+01,
25650,-8.00e-03,1.26e+01,
25651,-8.00e-03,1.26e+01,
25652,0.00e+00,1.26e+01,
25653,0.00e+00,1.26e+01,
25654,0.00e+00,1.26e+01,
25655,-8.00e-03,1.26e+01,
25656,0.00e+00,1.26e+01,
25657,0.00e+00,1.26e+01,
25658,0.00e+00,1.30e+01,
25659,-8.00e-03,1.30e+01,
25660,0.00e+00,1.30e+01,
25661,0.00e+00,1.30e+01,
25662,0.00e+00,1.30e+01,
25663,-8.00e-03,1.38e+01,
25664,0.00e+00,1.30e+01,
25665,0.00e+00,1.38e+01,
25666,0.00e+00,1.38e+01,
25667,0.00e+00,1.38e+01,
25668,0.00e+00,1.38e+01,
25669,0.00e+00,1.38e+01,
25670,0.00e+00,1.42e+01,
25671,0.00e+00,1.42e+01,
25672,0.00e+00,1.42e+01,
25673,0.00e+00,1.42e+01,
25674,0.00e+00,1.42e+01,
25675,-8.00e-03,1.46e+01,
25676,0.00e+00,1.46e+01,
25677,0.00e+00,1.46e+01,
25678,0.00e+00,1.46e+01,
25679,-8.00e-03,1.50e+01,
25680,0.00e+00,1.50e+01,
25681,0.00e+00,1.50e+01,
25682,-8.00e-03,1.50e+01,
25683,-8.00e-03,1.50e+01,
25684,0.00e+00,1.54e+01,
25685,0.00e+00,1.54e+01,
25686,0.00e+00,1.54e+01,
25687,-8.00e-03,1.54e+01,
25688,0.00e+00,1.58e+01,
25689,0.00e+00,1.58e+01,
25690,0.00e+00,1.58e+01,
25691,0.00e+00,1.62e+01,
25692,0.00e+00,1.58e+01,
25693,0.00e+00,1.62e+01,
25694,0.00e+00,1.62e+01,
25695,-8.00e-03,1.62e+01,
25696,0.00e+00,1.66e+01,
25697,0.00e+00,1.66e+01,
25698,0.00e+00,1.66e+01,
25699,-8.00e-03,1.66e+01,
25700,0.00e+00,1.70e+01,
25701,0.00e+00,1.70e+01,
25702,0.00e+00,1.70e+01,
25703,-8.00e-03,1.74e+01,
25704,0.00e+00,1.74e+01,
25705,0.00e+00,1.74e+01,
25706,0.00e+00,1.78e+01,
25707,-8.00e-03,1.78e+01,
25708,0.00e+00,1.78e+01,
25709,0.00e+00,1.78e+01,
25710,0.00e+00,1.78e+01,
25711,0.00e+00,1.82e+01,
25712,0.00e+00,1.82e+01,
25713,0.00e+00,1.82e+01,
25714,0.00e+00,1.90e+01,
25715,-8.00e-03,1.90e+01,
25716,-8.00e-03,1.90e+01,
25717,0.00e+00,1.90e+01,
25718,0.00e+00,1.94e+01,
25719,-8.00e-03,1.94e+01,
25720,0.00e+00,1.94e+01,
25721,0.00e+00,1.98e+01,
25722,-8.00e-03,1.98e+01,
25723,-8.00e-03,2.02e+01,
25724,-8.00e-03,2.02e+01,
25725,0.00e+00,2.02e+01,
25726,-8.00e-03,2.02e+01,
25727,-8.00e-03,2.06e+01,
25728,-8.00e-03,2.06e+01,
25729,0.00e+00,2.06e+01,
25730,-8.00e-03,2.06e+01,
25731,-8.00e-03,2.10e+01,
25732,-8.00e-03,2.10e+01,
25733,-8.00e-03,2.10e+01,
25734,-8.00e-03,2.14e+01,
25735,-8.00e-03,2.14e+01,
25736,0.00e+00,2.14e+01,
25737,0.00e+00,2.14e+01,
25738,-8.00e-03,2.18e+01,
25739,-8.00e-03,2.18e+01,
25740,-8.00e-03,2.18e+01,
25741,-8.00e-03,2.18e+01,
25742,-8.00e-03,2.22e+01,
25743,-8.00e-03,2.22e+01,
25744,-8.00e-03,2.22e+01,
25745,-8.00e-03,2.26e+01,
25746,-8.00e-03,2.26e+01,
25747,-8.00e-03,2.26e+01,
25748,-8.00e-03,2.26e+01,
25749,0.00e+00,2.30e+01,
25750,-8.00e-03,2.30e+01,
25751,-8.00e-03,2.30e+01,
25752,-8.00e-03,2.30e+01,
25753,0.00e+00,2.34e+01,
25754,-8.00e-03,2.34e+01,
25755,-8.00e-03,2.34e+01,
25756,-8.00e-03,2.38e+01,
25757,0.00e+00,2.38e+01,
25758,-8.00e-03,2.38e+01,
25759,-8.00e-03,2.38e+01,
25760,-8.00e-03,2.38e+01,
25761,-8.00e-03,2.46e+01,
25762,-8.00e-03,2.46e+01,
25763,-8.00e-03,2.46e+01,
25764,-8.00e-03,2.46e+01,
25765,-8.00e-03,2.46e+01,
25766,-8.00e-03,2.46e+01,
25767,-8.00e-03,2.50e+01,
25768,-8.00e-03,2.50e+01,
25769,-8.00e-03,2.50e+01,
25770,-8.00e-03,2.50e+01,
25771,-8.00e-03,2.50e+01,
25772,-8.00e-03,2.54e+01,
25773,-8.00e-03,2.54e+01,
25774,-8.00e-03,2.54e+01,
25775,-8.00e-03,2.54e+01,
25776,-8.00e-03,2.54e+01,
25777,-8.00e-03,2.54e+01,
25778,-8.00e-03,2.54e+01,
25779,-8.00e-03,2.58e+01,
25780,-8.00e-03,2.58e+01,
25781,-8.00e-03,2.58e+01,
25782,-8.00e-03,2.58e+01,
25783,-8.00e-03,2.58e+01,
25784,-8.00e-03,2.58e+01,
25785,-8.00e-03,2.58e+01,
25786,-8.00e-03,2.58e+01,
25787,-8.00e-03,2.58e+01,
25788,-8.00e-03,2.58e+01,
25789,-8.00e-03,2.58e+01,
25790,-8.00e-03,2.58e+01,
25791,-8.00e-03,2.58e+01,
25792,-8.00e-03,2.58e+01,
25793,-8.00e-03,2.62e+01,
25794,-8.00e-03,2.62e+01,
25795,-8.00e-03,2.62e+01,
25796,-8.00e-03,2.62e+01,
25797,-8.00e-03,2.62e+01,
25798,-8.00e-03,2.62e+01,
25799,-8.00e-03,2.62e+01,
25800,-8.00e-03,2.62e+01,
25801,-8.00e-03,2.62e+01,
25802,-8.00e-03,2.62e+01,
25803,-8.00e-03,2.62e+01,
25804,-8.00e-03,2.62e+01,
25805,-8.00e-03,2.62e+01,
25806,-8.00e-03,2.62e+01,
25807,-8.00e-03,2.62e+01,
25808,-8.00e-03,2.58e+01,
25809,-8.00e-03,2.58e+01,
25810,-8.00e-03,2.58e+01,
25811,-8.00e-03,2.58e+01,
25812,-8.00e-03,2.58e+01,
25813,-8.00e-03,2.58e+01,
25814,-8.00e-03,2.58e+01,
25815,-8.00e-03,2.58e+01,
25816,-8.00e-03,2.58e+01,
25817,-8.00e-03,2.58e+01,
25818,-8.00e-03,2.58e+01,
25819,-8.00e-03,2.58e+01,
25820,-8.00e-03,2.54e+01,
25821,-8.00e-03,2.54e+01,
25822,-8.00e-03,2.54e+01,
25823,-8.00e-03,2.54e+01,
25824,-8.00e-03,2.54e+01,
25825,-8.00e-03,2.54e+01,
25826,-8.00e-03,2.54e+01,
25827,-8.00e-03,2.50e+01,
25828,-8.00e-03,2.50e+01,
25829,-8.00e-03,2.50e+01,
25830,-8.00e-03,2.50e+01,
25831,-8.00e-03,2.50e+01,
25832,-8.00e-03,2.46e+01,
25833,-8.00e-03,2.46e+01,
25834,-8.00e-03,2.46e+01,
25835,-8.00e-03,2.46e+01,
25836,-8.00e-03,2.46e+01,
25837,-8.00e-03,2.38e+01,
25838,-8.00e-03,2.38e+01,
25839,-8.00e-03,2.38e+01,
25840,-8.00e-03,2.38e+01,
25841,-8.00e-03,2.38e+01,
25842,-8.00e-03,2.38e+01,
25843,-8.00e-03,2.34e+01,
25844,-8.00e-03,2.34e+01,
25845,-8.00e-03,2.34e+01,
25846,-8.00e-03,2.34e+01,
25847,-8.00e-03,2.34e+01,
25848,-8.00e-03,2.30e+01,
25849,-8.00e-03,2.30e+01,
25850,-8.00e-03,2.26e+01,
25851,-8.00e-03,2.26e+01,
25852,-8.00e-03,2.26e+01,
25853,-8.00e-03,2.26e+01,
25854,-8.00e-03,2.26e+01,
25855,-8.00e-03,2.26e+01,
25856,-8.00e-03,2.22e+01,
25857,-8.00e-03,2.22e+01,
25858,-8.00e-03,2.18e+01,
25859,-8.00e-03,2.18e+01,
25860,-8.00e-03,2.18e+01,
25861,-8.00e-03,2.18e+01,
25862,-8.00e-03,2.14e+01,
25863,-8.00e-03,2.14e+01,
25864,-8.00e-03,2.14e+01,
25865,-8.00e-03,2.14e+01,
25866,-8.00e-03,2.10e+01,
25867,-8.00e-03,2.10e+01,
25868,-8.00e-03,2.10e+01,
25869,-8.00e-03,2.06e+01,
25870,-8.00e-03,2.06e+01,
25871,-8.00e-03,2.06e+01,
25872,-8.00e-03,2.02e+01,
25873,-8.00e-03,2.02e+01,
25874,-8.00e-03,2.02e+01,
25875,-8.00e-03,2.02e+01,
25876,-8.00e-03,1.98e+01,
25877,-8.00e-03,1.98e+01,
25878,-8.00e-03,1.98e+01,
25879,-8.00e-03,1.98e+01,
25880,-8.00e-03,1.94e+01,
25881,-8.00e-03,1.94e+01,
25882,-8.00e-03,1.94e+01,
25883,-8.00e-03,1.94e+01,
25884,-8.00e-03,1.90e+01,
25885,-8.00e-03,1.90e+01,
25886,-8.00e-03,1.90e+01,
25887,-8.00e-03,1.90e+01,
25888,-8.00e-03,1.82e+01,
25889,-8.00e-03,1.82e+01,
25890,-8.00e-03,1.82e+01,
25891,-8.00e-03,1.78e+01,
25892,-8.00e-03,1.78e+01,
25893,-8.00e-03,1.78e+01,
25894,-8.00e-03,1.78e+01,
25895,-8.00e-03,1.74e+01,
25896,-8.00e-03,1.74e+01,
25897,-8.00e-03,1.74e+01,
25898,-8.00e-03,1.74e+01,
25899,-8.00e-03,1.70e+01,
25900,-8.00e-03,1.70e+01,
25901,-8.00e-03,1.70e+01,
25902,-8.00e-03,1.66e+01,
25903,-8.00e-03,1.66e+01,
25904,-8.00e-03,1.66e+01,
25905,-8.00e-03,1.62e+01,
25906,-8.00e-03,1.66e+01,
25907,-8.00e-03,1.62e+01,
25908,-8.00e-03,1.62e+01,
25909,-8.00e-03,1.62e+01,
25910,-8.00e-03,1.58e+01,
25911,-8.00e-03,1.58e+01,
25912,-8.00e-03,1.58e+01,
25913,-8.00e-03,1.58e+01,
25914,-8.00e-03,1.58e+01,
25915,-8.00e-03,1.54e+01,
25916,-8.00e-03,1.54e+01,
25917,-8.00e-03,1.54e+01,
25918,-8.00e-03,1.54e+01,
25919,-8.00e-03,1.54e+01,
25920,-8.00e-03,1.50e+01,
25921,-8.00e-03,1.50e+01,
25922,-8.00e-03,1.50e+01,
25923,-8.00e-03,1.50e+01,
25924,-8.00e-03,1.46e+01,
25925,-8.00e-03,1.46e+01,
25926,-8.00e-03,1.46e+01,
25927,-8.00e-03,1.46e+01,
25928,-8.00e-03,1.46e+01,
25929,-8.00e-03,1.46e+01,
25930,-8.00e-03,1.42e+01,
25931,-8.00e-03,1.42e+01,
25932,-8.00e-03,1.42e+01,
25933,-8.00e-03,1.42e+01,
25934,-8.00e-03,1.42e+01,
25935,-8.00e-03,1.42e+01,
25936,-8.00e-03,1.38e+01,
25937,-8.00e-03,1.38e+01,
25938,-8.00e-03,1.38e+01,
25939,-8.00e-03,1.38e+01,
25940,-8.00e-03,1.38e+01,
25941,-8.00e-03,1.38e+01,
25942,-8.00e-03,1.38e+01,
25943,-8.00e-03,1.38e+01,
25944,-8.00e-03,1.30e+01,
25945,-8.00e-03,1.30e+01,
25946,-8.00e-03,1.30e+01,
25947,-8.00e-03,1.30e+01,
25948,-8.00e-03,1.30e+01,
25949,-8.00e-03,1.26e+01,
25950,-8.00e-03,1.30e+01,
25951,-8.00e-03,1.30e+01,
25952,-8.00e-03,1.26e+01,
25953,-8.00e-03,1.26e+01,
25954,-8.00e-03,1.26e+01,
25955,-8.00e-03,1.26e+01,
25956,-8.00e-03,1.26e+01,
25957,-8.00e-03,1.26e+01,
25958,-8.00e-03,1.26e+01,
25959,-8.00e-03,1.26e+01,
25960,-8.00e-03,1.26e+01,
25961,-8.00e-03,1.26e+01,
25962,-8.00e-03,1.26e+01,
25963,-8.00e-03,1.26e+01,
25964,-8.00e-03,1.22e+01,
25965,-8.00e-03,1.22e+01,
25966,-8.00e-03,1.22e+01,
25967,-8.00e-03,1.26e+01,
25968,-8.00e-03,1.22e+01,
25969,-8.00e-03,1.22e+01,
25970,-8.00e-03,1.22e+01,
25971,-8.00e-03,1.22e+01,
25972,-8.00e-03,1.22e+01,
25973,0.00e+00,1.22e+01,
25974,-8.00e-03,1.22e+01,
25975,-8.00e-03,1.22e+01,
25976,-8.00e-03,1.22e+01,
25977,0.00e+00,1.22e+01,
25978,-8.00e-03,1.22e+01,
25979,-8.00e-03,1.22e+01,
25980,-8.00e-03,1.22e+01,
25981,0.00e+00,1.22e+01,
25982,-8.00e-03,1.22e+01,
25983,-8.00e-03,1.22e+01,
25984,-8.00e-03,1.22e+01,
25985,0.00e+00,1.22e+01,
25986,-8.00e-03,1.22e+01,
25987,-8.00e-03,1.22e+01,
25988,-8.00e-03,1.22e+01,
25989,0.00e+00,1.22e+01,
25990,-8.00e-03,1.22e+01,
25991,-8.00e-03,1.22e+01,
25992,-8.00e-03,1.22e+01,
25993,0.00e+00,1.22e+01,
25994,-8.00e-03,1.22e+01,
25995,-8.00e-03,1.22e+01,
25996,-8.00e-03,1.22e+01,
25997,0.00e+00,1.22e+01,
25998,-8.00e-03,1.22e+01,
25999,-8.00e-03,1.22e+01,
26000,-8.00e-03,1.22e+01,
26001,0.00e+00,1.22e+01,
26002,-8.00e-03,1.22e+01,
26003,-8.00e-03,1.22e+01,
26004,-8.00e-03,1.22e+01,
26005,0.00e+00,1.22e+01,
26006,-8.00e-03,1.22e+01,
26007,-8.00e-03,1.26e+01,
26008,-8.00e-03,1.22e+01,
26009,0.00e+00,1.26e+01,
26010,0.00e+00,1.26e+01,
26011,-8.00e-03,1.26e+01,
26012,0.00e+00,1.26e+01,
26013,0.00e+00,1.26e+01,
26014,0.00e+00,1.26e+01,
26015,-8.00e-03,1.26e+01,
26016,-8.00e-03,1.26e+01,
26017,0.00e+00,1.30e+01,
26018,0.00e+00,1.30e+01,
26019,-8.00e-03,1.30e+01,
26020,0.00e+00,1.30e+01,
26021,0.00e+00,1.30e+01,
26022,0.00e+00,1.30e+01,
26023,-8.00e-03,1.30e+01,
26024,0.00e+00,1.30e+01,
26025,0.00e+00,1.30e+01,
26026,0.00e+00,1.38e+01,
26027,-8.00e-03,1.38e+01,
26028,0.00e+00,1.38e+01,
26029,-8.00e-03,1.38e+01,
26030,0.00e+00,1.38e+01,
26031,-8.00e-03,1.38e+01,
26032,0.00e+00,1.38e+01,
26033,0.00e+00,1.42e+01,
26034,0.00e+00,1.42e+01,
26035,-8.00e-03,1.42e+01,
26036,-8.00e-03,1.42e+01,
26037,0.00e+00,1.42e+01,
26038,0.00e+00,1.42e+01,
26039,0.00e+00,1.46e+01,
26040,0.00e+00,1.42e+01,
26041,0.00e+00,1.46e+01,
26042,-8.00e-03,1.46e+01,
26043,-8.00e-03,1.46e+01,
26044,0.00e+00,1.46e+01,
26045,0.00e+00,1.46e+01,
26046,0.00e+00,1.50e+01,
26047,-8.00e-03,1.50e+01,
26048,0.00e+00,1.50e+01,
26049,0.00e+00,1.50e+01,
26050,0.00e+00,1.50e+01,
26051,-8.00e-03,1.54e+01,
26052,0.00e+00,1.54e+01,
26053,0.00e+00,1.54e+01,
26054,-8.00e-03,1.54e+01,
26055,0.00e+00,1.58e+01,
26056,0.00e+00,1.58e+01,
26057,0.00e+00,1.58e+01,
26058,-8.00e-03,1.58e+01,
26059,-8.00e-03,1.58e+01,
26060,0.00e+00,1.58e+01,
26061,0.00e+00,1.58e+01,
26062,0.00e+00,1.62e+01,
26063,-8.00e-03,1.62e+01,
26064,0.00e+00,1.62e+01,
26065,0.00e+00,1.66e+01,
26066,0.00e+00,1.66e+01,
26067,-8.00e-03,1.66e+01,
26068,-8.00e-03,1.66e+01,
26069,0.00e+00,1.66e+01,
26070,-8.00e-03,1.70e+01,
26071,-8.00e-03,1.70e+01,
26072,0.00e+00,1.70e+01,
26073,0.00e+00,1.74e+01,
26074,0.00e+00,1.74e+01,
26075,-8.00e-03,1.74e+01,
26076,0.00e+00,1.74e+01,
26077,0.00e+00,1.74e+01,
26078,0.00e+00,1.78e+01,
26079,-8.00e-03,1.78e+01,
26080,0.00e+00,1.78e+01,
26081,0.00e+00,1.82e+01,
26082,-8.00e-03,1.82e+01,
26083,-8.00e-03,1.82e+01,
26084,0.00e+00,1.82e+01,
26085,0.00e+00,1.82e+01,
26086,0.00e+00,1.90e+01,
26087,-8.00e-03,1.90e+01,
26088,-8.00e-03,1.90e+01,
26089,0.00e+00,1.94e+01,
26090,-8.00e-03,1.94e+01,
26091,-8.00e-03,1.94e+01,
26092,-8.00e-03,1.94e+01,
26093,0.00e+00,1.98e+01,
26094,-8.00e-03,1.98e+01,
26095,-8.00e-03,1.98e+01,
26096,-8.00e-03,1.98e+01,
26097,0.00e+00,2.02e+01,
26098,-8.00e-03,2.02e+01,
26099,-8.00e-03,2.02e+01,
26100,-8.00e-03,2.02e+01,
26101,-8.00e-03,2.06e+01,
26102,-8.00e-03,2.06e+01,
26103,-8.00e-03,2.06e+01,
26104,-8.00e-03,2.06e+01,
26105,0.00e+00,2.10e+01,
26106,-8.00e-03,2.10e+01,
26107,-8.00e-03,2.10e+01,
26108,-8.00e-03,2.10e+01,
26109,-8.00e-03,2.10e+01,
26110,-8.00e-03,2.14e+01,
26111,-8.00e-03,2.14e+01,
26112,-8.00e-03,2.14e+01,
26113,0.00e+00,2.18e+01,
26114,-8.00e-03,2.18e+01,
26115,-8.00e-03,2.18e+01,
26116,-8.00e-03,2.18e+01,
26117,-8.00e-03,2.18e+01,
26118,-8.00e-03,2.22e+01,
26119,-8.00e-03,2.22e+01,
26120,-8.00e-03,2.22e+01,
26121,0.00e+00,2.26e+01,
26122,-8.00e-03,2.26e+01,
26123,-8.00e-03,2.26e+01,
26124,-8.00e-03,2.26e+01,
26125,0.00e+00,2.26e+01,
26126,-8.00e-03,2.26e+01,
26127,-8.00e-03,2.30e+01,
26128,-8.00e-03,2.30e+01,
26129,0.00e+00,2.30e+01,
26130,-8.00e-03,2.30e+01,
26131,-8.00e-03,2.34e+01,
26132,-8.00e-03,2.30e+01,
26133,-8.00e-03,2.34e+01,
26134,-8.00e-03,2.34e+01,
26135,-8.00e-03,2.34e+01,
26136,-8.00e-03,2.34e+01,
26137,-8.00e-03,2.38e+01,
26138,-8.00e-03,2.38e+01,
26139,-8.00e-03,2.38e+01,
26140,-8.00e-03,2.38e+01,
26141,-8.00e-03,2.38e+01,
26142,-8.00e-03,2.38e+01,
26143,-8.00e-03,2.38e+01,
26144,-8.00e-03,2.38e+01,
26145,0.00e+00,2.46e+01,
26146,-8.00e-03,2.46e+01,
26147,-8.00e-03,2.46e+01,
26148,-8.00e-03,2.46e+01,
26149,-8.00e-03,2.46e+01,
26150,-8.00e-03,2.46e+01,
26151,-8.00e-03,2.50e+01,
26152,-8.00e-03,2.46e+01,
26153,-8.00e-03,2.50e+01,
26154,-8.00e-03,2.50e+01,
26155,-8.00e-03,2.50e+01,
26156,-8.00e-03,2.50e+01,
26157,-8.00e-03,2.50e+01,
26158,-8.00e-03,2.50e+01,
26159,-8.00e-03,2.50e+01,
26160,-8.00e-03,2.50e+01,
26161,-8.00e-03,2.50e+01,
26162,-8.00e-03,2.50e+01,
26163,-8.00e-03,2.50e+01,
26164,-8.00e-03,2.50e+01,
26165,-8.00e-03,2.50e+01,
26166,-8.00e-03,2.50e+01,
26167,-8.00e-03,2.50e+01,
26168,-8.00e-03,2.50e+01,
26169,-8.00e-03,2.50e+01,
26170,-8.00e-03,2.50e+01,
26171,-8.00e-03,2.50e+01,
26172,-8.00e-03,2.50e+01,
26173,-8.00e-03,2.50e+01,
26174,-8.00e-03,2.50e+01,
26175,-8.00e-03,2.50e+01,
26176,-8.00e-03,2.50e+01,
26177,-8.00e-03,2.50e+01,
26178,-8.00e-03,2.50e+01,
26179,-8.00e-03,2.50e+01,
26180,-8.00e-03,2.50e+01,
26181,-8.00e-03,2.50e+01,
26182,-8.00e-03,2.50e+01,
26183,-8.00e-03,2.50e+01,
26184,-8.00e-03,2.50e+01,
26185,-8.00e-03,2.50e+01,
26186,-8.00e-03,2.50e+01,
26187,-8.00e-03,2.50e+01,
26188,-8.00e-03,2.46e+01,
26189,-8.00e-03,2.46e+01,
26190,-8.00e-03,2.46e+01,
26191,-8.00e-03,2.46e+01,
26192,-8.00e-03,2.46e+01,
26193,-8.00e-03,2.46e+01,
26194,-8.00e-03,2.46e+01,
26195,-8.00e-03,2.46e+01,
26196,-8.00e-03,2.46e+01,
26197,-8.00e-03,2.38e+01,
26198,-8.00e-03,2.38e+01,
26199,-8.00e-03,2.38e+01,
26200,-8.00e-03,2.38e+01,
26201,-8.00e-03,2.38e+01,
26202,-8.00e-03,2.38e+01,
26203,-8.00e-03,2.38e+01,
26204,-8.00e-03,2.34e+01,
26205,-8.00e-03,2.34e+01,
26206,-8.00e-03,2.34e+01,
26207,-8.00e-03,2.34e+01,
26208,-8.00e-03,2.34e+01,
26209,-8.00e-03,2.34e+01,
26210,-8.00e-03,2.30e+01,
26211,-8.00e-03,2.30e+01,
26212,-8.00e-03,2.30e+01,
26213,-8.00e-03,2.30e+01,
26214,-8.00e-03,2.30e+01,
26215,-8.00e-03,2.30e+01,
26216,-8.00e-03,2.26e+01,
26217,-8.00e-03,2.26e+01,
26218,-8.00e-03,2.26e+01,
26219,-8.00e-03,2.26e+01,
26220,-8.00e-03,2.22e+01,
26221,-8.00e-03,2.22e+01,
26222,-8.00e-03,2.22e+01,
26223,-8.00e-03,2.22e+01,
26224,-8.00e-03,2.18e+01,
26225,-8.00e-03,2.18e+01,
26226,-8.00e-03,2.18e+01,
26227,-8.00e-03,2.18e+01,
26228,-8.00e-03,2.14e+01,
26229,-8.00e-03,2.14e+01,
26230,-8.00e-03,2.14e+01,
26231,-8.00e-03,2.14e+01,
26232,-8.00e-03,2.14e+01,
26233,-8.00e-03,2.14e+01,
26234,-8.00e-03,2.10e+01,
26235,-8.00e-03,2.10e+01,
26236,-8.00e-03,2.10e+01,
26237,-8.00e-03,2.06e+01,
26238,-8.00e-03,2.06e+01,
26239,-8.00e-03,2.06e+01,
26240,-8.00e-03,2.06e+01,
26241,-8.00e-03,2.06e+01,
26242,-8.00e-03,2.02e+01,
26243,-8.00e-03,2.02e+01,
26244,-8.00e-03,2.02e+01,
26245,-8.00e-03,1.98e+01,
26246,-8.00e-03,1.98e+01,
26247,-8.00e-03,1.98e+01,
26248,-8.00e-03,1.98e+01,
26249,-8.00e-03,1.98e+01,
26250,-8.00e-03,1.94e+01,
26251,-8.00e-03,1.94e+01,
26252,-8.00e-03,1.94e+01,
26253,-8.00e-03,1.90e+01,
26254,-8.00e-03,1.90e+01,
26255,-8.00e-03,1.90e+01,
26256,-8.00e-03,1.90e+01,
26257,-8.00e-03,1.90e+01,
26258,-8.00e-03,1.82e+01,
26259,-8.00e-03,1.82e+01,
26260,-8.00e-03,1.82e+01,
26261,-8.00e-03,1.82e+01,
26262,-8.00e-03,1.82e+01,
26263,-8.00e-03,1.82e+01,
26264,-8.00e-03,1.78e+01,
26265,-8.00e-03,1.78e+01,
26266,-8.00e-03,1.74e+01,
26267,-8.00e-03,1.74e+01,
26268,-8.00e-03,1.74e+01,
26269,-8.00e-03,1.74e+01,
26270,-8.00e-03,1.74e+01,
26271,-8.00e-03,1.74e+01,
26272,-8.00e-03,1.70e+01,
26273,-8.00e-03,1.70e+01,
26274,-8.00e-03,1.70e+01,
26275,-8.00e-03,1.70e+01,
26276,-8.00e-03,1.66e+01,
26277,-8.00e-03,1.66e+01,
26278,-8.00e-03,1.66e+01,
26279,-8.00e-03,1.66e+01,
26280,-8.00e-03,1.62e+01,
26281,-8.00e-03,1.62e+01,
26282,-8.00e-03,1.62e+01,
26283,-8.00e-03,1.62e+01,
26284,-8.00e-03,1.62e+01,
26285,-8.00e-03,1.58e+01,
26286,-8.00e-03,1.58e+01,
26287,-8.00e-03,1.58e+01,
26288,-8.00e-03,1.58e+01,
26289,-8.00e-03,1.58e+01,
26290,-8.00e-03,1.54e+01,
26291,-8.00e-03,1.54e+01,
26292,-8.00e-03,1.54e+01,
26293,-8.00e-03,1.54e+01,
26294,-8.00e-03,1.50e+01,
26295,-8.00e-03,1.54e+01,
26296,-8.00e-03,1.50e+01,
26297,-8.00e-03,1.50e+01,
26298,-8.00e-03,1.50e+01,
26299,-8.00e-03,1.50e+01,
26300,-8.00e-03,1.50e+01,
26301,-8.00e-03,1.50e+01,
26302,-8.00e-03,1.46e+01,
26303,-8.00e-03,1.46e+01,
26304,-8.00e-03,1.46e+01,
26305,-8.00e-03,1.46e+01,
26306,-8.00e-03,1.46e+01,
26307,-8.00e-03,1.46e+01,
26308,-8.00e-03,1.46e+01,
26309,-8.00e-03,1.42e+01,
26310,-8.00e-03,1.42e+01,
26311,-8.00e-03,1.42e+01,
26312,-8.00e-03,1.42e+01,
26313,-8.00e-03,1.42e+01,
26314,-8.00e-03,1.42e+01,
26315,-8.00e-03,1.42e+01,
26316,-8.00e-03,1.42e+01,
26317,-8.00e-03,1.38e+01,
26318,-8.00e-03,1.38e+01,
26319,-8.00e-03,1.38e+01,
26320,-8.00e-03,1.38e+01,
26321,-8.00e-03,1.38e+01,
26322,-8.00e-03,1.38e+01,
26323,-8.00e-03,1.38e+01,
26324,-8.00e-03,1.38e+01,
26325,-8.00e-03,1.30e+01,
26326,-8.00e-03,1.38e+01,
26327,-8.00e-03,1.30e+01,
26328,-8.00e-03,1.30e+01,
26329,-8.00e-03,1.38e+01,
26330,-8.00e-03,1.30e+01,
26331,-8.00e-03,1.30e+01,
26332,-8.00e-03,1.30e+01,
26333,-8.00e-03,1.30e+01,
26334,-8.00e-03,1.30e+01,
26335,-8.00e-03,1.30e+01,
26336,-8.00e-03,1.30e+01,
26337,0.00e+00,1.30e+01,
26338,-8.00e-03,1.30e+01,
26339,-8.00e-03,1.30e+01,
26340,-8.00e-03,1.26e+01,
26341,-8.00e-03,1.30e+01,
26342,-8.00e-03,1.26e+01,
26343,-8.00e-03,1.30e+01,
26344,-8.00e-03,1.26e+01,
26345,-8.00e-03,1.26e+01,
26346,-8.00e-03,1.30e+01,
26347,-8.00e-03,1.26e+01,
26348,-8.00e-03,1.26e+01,
26349,0.00e+00,1.26e+01,
26350,-8.00e-03,1.26e+01,
26351,-8.00e-03,1.26e+01,
26352,-8.00e-03,1.26e+01,
26353,-8.00e-03,1.26e+01,
26354,-8.00e-03,1.26e+01,
26355,-8.00e-03,1.26e+01,
26356,-8.00e-03,1.26e+01,
26357,0.00e+00,1.26e+01,
26358,-8.00e-03,1.26e+01,
26359,-8.00e-03,1.26e+01,
26360,-8.00e-03,1.26e+01,
26361,-8.00e-03,1.26e+01,
26362,-8.00e-03,1.26e+01,
26363,-8.00e-03,1.26e+01,
26364,-8.00e-03,1.26e+01,
26365,-8.00e-03,1.26e+01,
26366,-8.00e-03,1.26e+01,
26367,-8.00e-03,1.30e+01,
26368,-8.00e-03,1.26e+01,
26369,0.00e+00,1.30e+01,
26370,-8.00e-03,1.30e+01,
26371,-8.00e-03,1.30e+01,
26372,-8.00e-03,1.30e+01,
26373,0.00e+00,1.26e+01,
26374,-8.00e-03,1.30e+01,
26375,-8.00e-03,1.30e+01,
26376,-8.00e-03,1.30e+01,
26377,0.00e+00,1.30e+01,
26378,-8.00e-03,1.30e+01,
26379,-8.00e-03,1.30e+01,
26380,-8.00e-03,1.30e+01,
26381,0.00e+00,1.30e+01,
26382,-8.00e-03,1.30e+01,
26383,-8.00e-03,1.30e+01,
26384,0.00e+00,1.30e+01,
26385,0.00e+00,1.38e+01,
26386,0.00e+00,1.38e+01,
26387,-8.00e-03,1.38e+01,
26388,-8.00e-03,1.38e+01,
26389,0.00e+00,1.38e+01,
26390,-8.00e-03,1.38e+01,
26391,-8.00e-03,1.38e+01,
26392,-8.00e-03,1.38e+01,
26393,0.00e+00,1.42e+01,
26394,-8.00e-03,1.38e+01,
26395,-8.00e-03,1.38e+01,
26396,-8.00e-03,1.42e+01,
26397,0.00e+00,1.42e+01,
26398,0.00e+00,1.42e+01,
26399,-8.00e-03,1.42e+01,
26400,-8.00e-03,1.42e+01,
26401,0.00e+00,1.42e+01,
26402,0.00e+00,1.42e+01,
26403,-8.00e-03,1.46e+01,
26404,-8.00e-03,1.46e+01,
26405,0.00e+00,1.46e+01,
26406,0.00e+00,1.46e+01,
26407,-8.00e-03,1.46e+01,
26408,-8.00e-03,1.46e+01,
26409,0.00e+00,1.46e+01,
26410,-8.00e-03,1.46e+01,
26411,-8.00e-03,1.50e+01,
26412,0.00e+00,1.50e+01,
26413,0.00e+00,1.50e+01,
26414,-8.00e-03,1.50e+01,
26415,-8.00e-03,1.54e+01,
26416,-8.00e-03,1.50e+01,
26417,0.00e+00,1.54e+01,
26418,0.00e+00,1.54e+01,
26419,-8.00e-03,1.54e+01,
26420,-8.00e-03,1.54e+01,
26421,0.00e+00,1.54e+01,
26422,-8.00e-03,1.54e+01,
26423,-8.00e-03,1.58e+01,
26424,0.00e+00,1.58e+01,
26425,0.00e+00,1.58e+01,
26426,0.00e+00,1.58e+01,
26427,-8.00e-03,1.58e+01,
26428,-8.00e-03,1.62e+01,
26429,0.00e+00,1.58e+01,
26430,-8.00e-03,1.62e+01,
26431,0.00e+00,1.62e+01,
26432,0.00e+00,1.62e+01,
26433,0.00e+00,1.66e+01,
26434,-8.00e-03,1.66e+01,
26435,-8.00e-03,1.66e+01,
26436,0.00e+00,1.66e+01,
26437,0.00e+00,1.66e+01,
26438,0.00e+00,1.66e+01,
26439,-8.00e-03,1.70e+01,
26440,0.00e+00,1.70e+01,
26441,0.00e+00,1.70e+01,
26442,-8.00e-03,1.70e+01,
26443,-8.00e-03,1.74e+01,
26444,-8.00e-03,1.74e+01,
26445,0.00e+00,1.74e+01,
26446,-8.00e-03,1.74e+01,
26447,-8.00e-03,1.78e+01,
26448,-8.00e-03,1.74e+01,
26449,0.00e+00,1.78e+01,
26450,-8.00e-03,1.78e+01,
26451,-8.00e-03,1.78e+01,
26452,-8.00e-03,1.78e+01,
26453,0.00e+00,1.82e+01,
26454,-8.00e-03,1.82e+01,
26455,-8.00e-03,1.82e+01,
26456,-8.00e-03,1.82e+01,
26457,0.00e+00,1.82e+01,
26458,-8.00e-03,1.90e+01,
26459,-8.00e-03,1.90e+01,
26460,-8.00e-03,1.90e+01,
26461,0.00e+00,1.90e+01,
26462,-8.00e-03,1.94e+01,
26463,-8.00e-03,1.94e+01,
26464,-8.00e-03,1.94e+01,
26465,0.00e+00,1.94e+01,
26466,-8.00e-03,1.98e+01,
26467,-8.00e-03,1.98e+01,
26468,-8.00e-03,1.98e+01,
26469,-8.00e-03,1.98e+01,
26470,0.00e+00,2.02e+01,
26471,-8.00e-03,2.02e+01,
26472,0.00e+00,2.02e+01,
26473,0.00e+00,2.02e+01,
26474,-8.00e-03,2.02e+01,
26475,-8.00e-03,2.06e+01,
26476,-8.00e-03,2.06e+01,
26477,0.00e+00,2.06e+01,
26478,-8.00e-03,2.06e+01,
26479,-8.00e-03,2.10e+01,
26480,0.00e+00,2.06e+01,
26481,0.00e+00,2.10e+01,
26482,-8.00e-03,2.10e+01,
26483,-8.00e-03,2.10e+01,
26484,-8.00e-03,2.10e+01,
26485,0.00e+00,2.14e+01,
26486,0.00e+00,2.14e+01,
26487,-8.00e-03,2.14e+01,
26488,-8.00e-03,2.14e+01,
26489,0.00e+00,2.18e+01,
26490,-8.00e-03,2.18e+01,
26491,-8.00e-03,2.18e+01,
26492,-8.00e-03,2.18e+01,
26493,0.00e+00,2.18e+01,
26494,-8.00e-03,2.18e+01,
26495,-8.00e-03,2.22e+01,
26496,-8.00e-03,2.22e+01,
26497,-8.00e-03,2.22e+01,
26498,-8.00e-03,2.22e+01,
26499,-8.00e-03,2.22e+01,
26500,-8.00e-03,2.22e+01,
26501,-8.00e-03,2.26e+01,
26502,-8.00e-03,2.26e+01,
26503,-8.00e-03,2.26e+01,
26504,-8.00e-03,2.26e+01,
26505,-8.00e-03,2.26e+01,
26506,-8.00e-03,2.26e+01,
26507,-8.00e-03,2.30e+01,
26508,-8.00e-03,2.30e+01,
26509,-8.00e-03,2.30e+01,
26510,-8.00e-03,2.30e+01,
26511,-8.00e-03,2.30e+01,
26512,-8.00e-03,2.30e+01,
26513,-8.00e-03,2.30e+01,
26514,-8.00e-03,2.30e+01,
26515,-8.00e-03,2.34e+01,
26516,-8.00e-03,2.34e+01,
26517,-8.00e-03,2.34e+01,
26518,-8.00e-03,2.34e+01,
26519,-8.00e-03,2.34e+01,
26520,-8.00e-03,2.34e+01,
26521,-8.00e-03,2.38e+01,
26522,-8.00e-03,2.34e+01,
26523,-8.00e-03,2.34e+01,
26524,-8.00e-03,2.38e+01,
26525,-8.00e-03,2.34e+01,
26526,-8.00e-03,2.38e+01,
26527,-8.00e-03,2.38e+01,
26528,-8.00e-03,2.38e+01,
26529,-8.00e-03,2.38e+01,
26530,-8.00e-03,2.38e+01,
26531,-8.00e-03,2.38e+01,
26532,-8.00e-03,2.38e+01,
26533,-8.00e-03,2.38e+01,
26534,-8.00e-03,2.38e+01,
26535,-8.00e-03,2.38e+01,
26536,-8.00e-03,2.38e+01,
26537,-8.00e-03,2.38e+01,
26538,-8.00e-03,2.38e+01,
26539,-8.00e-03,2.38e+01,
26540,-8.00e-03,2.38e+01,
26541,-8.00e-03,2.38e+01,
26542,-8.00e-03,2.38e+01,
26543,-8.00e-03,2.38e+01,
26544,-8.00e-03,2.38e+01,
26545,-8.00e-03,2.38e+01,
26546,-8.00e-03,2.38e+01,
26547,-8.00e-03,2.38e+01,
26548,-8.00e-03,2.38e+01,
26549,-8.00e-03,2.38e+01,
26550,-8.00e-03,2.38e+01,
26551,-8.00e-03,2.38e+01,
26552,-8.00e-03,2.38e+01,
26553,-8.00e-03,2.38e+01,
26554,-8.00e-03,2.38e+01,
26555,-8.00e-03,2.38e+01,
26556,-8.00e-03,2.38e+01,
26557,-8.00e-03,2.38e+01,
26558,-8.00e-03,2.38e+01,
26559,-8.00e-03,2.34e+01,
26560,-8.00e-03,2.34e+01,
26561,-8.00e-03,2.34e+01,
26562,-8.00e-03,2.34e+01,
26563,-8.00e-03,2.34e+01,
26564,-8.00e-03,2.34e+01,
26565,-8.00e-03,2.34e+01,
26566,-8.00e-03,2.34e+01,
26567,-8.00e-03,2.34e+01,
26568,-8.00e-03,2.30e+01,
26569,-8.00e-03,2.34e+01,
26570,-8.00e-03,2.30e+01,
26571,-8.00e-03,2.30e+01,
26572,-8.00e-03,2.30e+01,
26573,-8.00e-03,2.30e+01,
26574,-8.00e-03,2.30e+01,
26575,-8.00e-03,2.30e+01,
26576,-8.00e-03,2.30e+01,
26577,-8.00e-03,2.30e+01,
26578,-8.00e-03,2.26e+01,
26579,-8.00e-03,2.26e+01,
26580,-8.00e-03,2.26e+01,
26581,-8.00e-03,2.26e+01,
26582,-8.00e-03,2.26e+01,
26583,-8.00e-03,2.26e+01,
26584,-8.00e-03,2.22e+01,
26585,-8.00e-03,2.22e+01,
26586,-8.00e-03,2.22e+01,
26587,-8.00e-03,2.22e+01,
26588,-8.00e-03,2.22e+01,
26589,-8.00e-03,2.18e+01,
26590,-8.00e-03,2.18e+01,
26591,-8.00e-03,2.18e+01,
26592,-8.00e-03,2.18e+01,
26593,-8.00e-03,2.18e+01,
26594,-8.00e-03,2.14e+01,
26595,-8.00e-03,2.14e+01,
26596,-8.00e-03,2.14e+01,
26597,-8.00e-03,2.14e+01,
26598,-8.00e-03,2.14e+01,
26599,-8.00e-03,2.14e+01,
26600,-8.00e-03,2.10e+01,
26601,-8.00e-03,2.10e+01,
26602,-8.00e-03,2.10e+01,
26603,-8.00e-03,2.10e+01,
26604,-8.00e-03,2.10e+01,
26605,-8.00e-03,2.06e+01,
26606,-8.00e-03,2.06e+01,
26607,-8.00e-03,2.06e+01,
26608,-8.00e-03,2.06e+01,
26609,-8.00e-03,2.06e+01,
26610,-8.00e-03,2.02e+01,
26611,-8.00e-03,2.02e+01,
26612,-8.00e-03,2.02e+01,
26613,-8.00e-03,2.02e+01,
26614,-8.00e-03,1.98e+01,
26615,-8.00e-03,2.02e+01,
26616,-8.00e-03,1.98e+01,
26617,-8.00e-03,1.98e+01,
26618,-8.00e-03,1.98e+01,
26619,-8.00e-03,1.98e+01,
26620,-8.00e-03,1.94e+01,
26621,-8.00e-03,1.94e+01,
26622,-8.00e-03,1.94e+01,
26623,-8.00e-03,1.94e+01,
26624,-8.00e-03,1.90e+01,
26625,-8.00e-03,1.90e+01,
26626,-8.00e-03,1.90e+01,
26627,-8.00e-03,1.90e+01,
26628,-8.00e-03,1.90e+01,
26629,-8.00e-03,1.82e+01,
26630,-8.00e-03,1.82e+01,
26631,-8.00e-03,1.82e+01,
26632,-8.00e-03,1.82e+01,
26633,-8.00e-03,1.82e+01,
26634,-8.00e-03,1.78e+01,
26635,-8.00e-03,1.78e+01,
26636,-8.00e-03,1.78e+01,
26637,-8.00e-03,1.74e+01,
26638,-8.00e-03,1.74e+01,
26639,-8.00e-03,1.74e+01,
26640,-8.00e-03,1.74e+01,
26641,-8.00e-03,1.74e+01,
26642,-8.00e-03,1.74e+01,
26643,-8.00e-03,1.74e+01,
26644,-8.00e-03,1.70e+01,
26645,-8.00e-03,1.70e+01,
26646,-8.00e-03,1.70e+01,
26647,-8.00e-03,1.70e+01,
26648,-8.00e-03,1.66e+01,
26649,-8.00e-03,1.66e+01,
26650,-8.00e-03,1.66e+01,
26651,-8.00e-03,1.66e+01,
26652,-8.00e-03,1.66e+01,
26653,-8.00e-03,1.62e+01,
26654,-8.00e-03,1.62e+01,
26655,-8.00e-03,1.62e+01,
26656,-8.00e-03,1.62e+01,
26657,-8.00e-03,1.62e+01,
26658,-8.00e-03,1.62e+01,
26659,-8.00e-03,1.62e+01,
26660,-8.00e-03,1.58e+01,
26661,-8.00e-03,1.58e+01,
26662,-8.00e-03,1.58e+01,
26663,-8.00e-03,1.58e+01,
26664,-8.00e-03,1.58e+01,
26665,-8.00e-03,1.58e+01,
26666,-8.00e-03,1.58e+01,
26667,-8.00e-03,1.54e+01,
26668,-8.00e-03,1.54e+01,
26669,-8.00e-03,1.54e+01,
26670,-8.00e-03,1.54e+01,
26671,-8.00e-03,1.54e+01,
26672,-8.00e-03,1.50e+01,
26673,-8.00e-03,1.50e+01,
26674,-8.00e-03,1.50e+01,
26675,-8.00e-03,1.50e+01,
26676,-8.00e-03,1.50e+01,
26677,-8.00e-03,1.46e+01,
26678,-8.00e-03,1.50e+01,
26679,-8.00e-03,1.50e+01,
26680,-8.00e-03,1.46e+01,
26681,-8.00e-03,1.46e+01,
26682,-8.00e-03,1.46e+01,
26683,-8.00e-03,1.46e+01,
26684,-8.00e-03,1.46e+01,
26685,-8.00e-03,1.46e+01,
26686,-8.00e-03,1.46e+01,
26687,-8.00e-03,1.46e+01,
26688,-8.00e-03,1.42e+01,
26689,-8.00e-03,1.42e+01,
26690,-8.00e-03,1.42e+01,
26691,-8.00e-03,1.42e+01,
26692,-8.00e-03,1.42e+01,
26693,-8.00e-03,1.42e+01,
26694,-8.00e-03,1.42e+01,
26695,-8.00e-03,1.42e+01,
26696,-8.00e-03,1.42e+01,
26697,-8.00e-03,1.42e+01,
26698,-8.00e-03,1.42e+01,
26699,-8.00e-03,1.42e+01,
26700,-8.00e-03,1.38e+01,
26701,-8.00e-03,1.38e+01,
26702,-8.00e-03,1.38e+01,
26703,-8.00e-03,1.42e+01,
26704,-8.00e-03,1.38e+01,
26705,-8.00e-03,1.38e+01,
26706,-8.00e-03,1.38e+01,
26707,-8.00e-03,1.38e+01,
26708,-8.00e-03,1.38e+01,
26709,0.00e+00,1.38e+01,
26710,-8.00e-03,1.38e+01,
26711,-8.00e-03,1.38e+01,
26712,-8.00e-03,1.38e+01,
26713,0.00e+00,1.38e+01,
26714,-8.00e-03,1.38e+01,
26715,-8.00e-03,1.38e+01,
26716,-8.00e-03,1.38e+01,
26717,-8.00e-03,1.38e+01,
26718,-8.00e-03,1.38e+01,
26719,-8.00e-03,1.38e+01,
26720,-8.00e-03,1.30e+01,
26721,0.00e+00,1.38e+01,
26722,-8.00e-03,1.38e+01,
26723,-8.00e-03,1.38e+01,
26724,-8.00e-03,1.30e+01,
26725,0.00e+00,1.38e+01,
26726,-8.00e-03,1.38e+01,
26727,-8.00e-03,1.38e+01,
26728,-8.00e-03,1.38e+01,
26729,-8.00e-03,1.38e+01,
26730,-8.00e-03,1.30e+01,
26731,-8.00e-03,1.38e+01,
26732,-8.00e-03,1.38e+01,
26733,0.00e+00,1.30e+01,
26734,0.00e+00,1.38e+01,
26735,-8.00e-03,1.38e+01,
26736,-8.00e-03,1.38e+01,
26737,0.00e+00,1.38e+01,
26738,-8.00e-03,1.38e+01,
26739,-8.00e-03,1.38e+01,
26740,-8.00e-03,1.38e+01,
26741,-8.00e-03,1.38e+01,
26742,-8.00e-03,1.38e+01,
26743,-8.00e-03,1.38e+01,
26744,-8.00e-03,1.38e+01,
26745,0.00e+00,1.38e+01,
26746,0.00e+00,1.38e+01,
26747,-8.00e-03,1.38e+01,
26748,-8.00e-03,1.38e+01,
26749,-8.00e-03,1.38e+01,
26750,-8.00e-03,1.38e+01,
26751,-8.00e-03,1.42e+01,
26752,-8.00e-03,1.38e+01,
26753,-8.00e-03,1.42e+01,
26754,-8.00e-03,1.38e+01,
26755,-8.00e-03,1.42e+01,
26756,-8.00e-03,1.42e+01,
26757,0.00e+00,1.42e+01,
26758,-8.00e-03,1.42e+01,
26759,-8.00e-03,1.42e+01,
26760,-8.00e-03,1.42e+01,
26761,0.00e+00,1.42e+01,
26762,-8.00e-03,1.42e+01,
26763,-8.00e-03,1.42e+01,
26764,-8.00e-03,1.42e+01,
26765,-8.00e-03,1.42e+01,
26766,-8.00e-03,1.42e+01,
26767,-8.00e-03,1.46e+01,
26768,-8.00e-03,1.46e+01,
26769,-8.00e-03,1.46e+01,
26770,-8.00e-03,1.46e+01,
26771,-8.00e-03,1.46e+01,
26772,-8.00e-03,1.46e+01,
26773,0.00e+00,1.46e+01,
26774,-8.00e-03,1.46e+01,
26775,-8.00e-03,1.50e+01,
26776,-8.00e-03,1.46e+01,
26777,-8.00e-03,1.50e+01,
26778,-8.00e-03,1.50e+01,
26779,-8.00e-03,1.50e+01,
26780,0.00e+00,1.50e+01,
26781,0.00e+00,1.50e+01,
26782,0.00e+00,1.50e+01,
26783,-8.00e-03,1.54e+01,
26784,-8.00e-03,1.54e+01,
26785,0.00e+00,1.54e+01,
26786,-8.00e-03,1.54e+01,
26787,-8.00e-03,1.54e+01,
26788,-8.00e-03,1.54e+01,
26789,0.00e+00,1.54e+01,
26790,0.00e+00,1.54e+01,
26791,-8.00e-03,1.58e+01,
26792,-8.00e-03,1.58e+01,
26793,0.00e+00,1.58e+01,
26794,-8.00e-03,1.58e+01,
26795,-8.00e-03,1.58e+01,
26796,-8.00e-03,1.58e+01,
26797,0.00e+00,1.62e+01,
26798,0.00e+00,1.62e+01,
26799,-8.00e-03,1.62e+01,
26800,0.00e+00,1.62e+01,
26801,0.00e+00,1.62e+01,
26802,-8.00e-03,1.62e+01,
26803,-8.00e-03,1.66e+01,
26804,-8.00e-03,1.66e+01,
26805,0.00e+00,1.66e+01,
26806,0.00e+00,1.66e+01,
26807,-8.00e-03,1.70e+01,
26808,-8.00e-03,1.66e+01,
26809,0.00e+00,1.70e+01,
26810,-8.00e-03,1.70e+01,
26811,-8.00e-03,1.70e+01,
26812,0.00e+00,1.70e+01,
26813,0.00e+00,1.70e+01,
26814,-8.00e-03,1.74e+01,
26815,-8.00e-03,1.74e+01,
26816,-8.00e-03,1.74e+01,
26817,0.00e+00,1.74e+01,
26818,-8.00e-03,1.74e+01,
26819,-8.00e-03,1.78e+01,
26820,-8.00e-03,1.78e+01,
26821,0.00e+00,1.78e+01,
26822,-8.00e-03,1.78e+01,
26823,-8.00e-03,1.78e+01,
26824,-8.00e-03,1.78e+01,
26825,0.00e+00,1.82e+01,
26826,0.00e+00,1.82e+01,
26827,-8.00e-03,1.82e+01,
26828,-8.00e-03,1.82e+01,
26829,0.00e+00,1.82e+01,
26830,-8.00e-03,1.90e+01,
26831,-8.00e-03,1.90e+01,
26832,-8.00e-03,1.90e+01,
26833,0.00e+00,1.90e+01,
26834,-8.00e-03,1.94e+01,
26835,-8.00e-03,1.94e+01,
26836,-8.00e-03,1.94e+01,
26837,0.00e+00,1.94e+01,
26838,0.00e+00,1.94e+01,
26839,-8.00e-03,1.98e+01,
26840,0.00e+00,1.98e+01,
26841,0.00e+00,1.98e+01,
26842,-8.00e-03,1.98e+01,
26843,-8.00e-03,1.98e+01,
26844,-8.00e-03,2.02e+01,
26845,-8.00e-03,1.98e+01,
26846,-8.00e-03,2.02e+01,
26847,-8.00e-03,2.02e+01,
26848,-8.00e-03,2.02e+01,
26849,0.00e+00,2.02e+01,
26850,-8.00e-03,2.06e+01,
26851,-8.00e-03,2.06e+01,
26852,-8.00e-03,2.06e+01,
26853,-8.00e-03,2.06e+01,
26854,-8.00e-03,2.06e+01,
26855,-8.00e-03,2.10e+01,
26856,-8.00e-03,2.06e+01,
26857,-8.00e-03,2.10e+01,
26858,-8.00e-03,2.10e+01,
26859,-8.00e-03,2.10e+01,
26860,-8.00e-03,2.10e+01,
26861,0.00e+00,2.10e+01,
26862,-8.00e-03,2.14e+01,
26863,-8.00e-03,2.14e+01,
26864,-8.00e-03,2.14e+01,
26865,-8.00e-03,2.14e+01,
26866,-8.00e-03,2.14e+01,
26867,-8.00e-03,2.18e+01,
26868,-8.00e-03,2.18e+01,
26869,-8.00e-03,2.18e+01,
26870,-8.00e-03,2.18e+01,
26871,-8.00e-03,2.18e+01,
26872,-8.00e-03,2.18e+01,
26873,-8.00e-03,2.18e+01,
26874,-8.00e-03,2.22e+01,
26875,-8.00e-03,2.22e+01,
26876,-8.00e-03,2.22e+01,
26877,-8.00e-03,2.22e+01,
26878,-8.00e-03,2.22e+01,
26879,-8.00e-03,2.22e+01,
26880,-8.00e-03,2.22e+01,
26881,-8.00e-03,2.26e+01,
26882,-8.00e-03,2.26e+01,
26883,-8.00e-03,2.26e+01,
26884,-8.00e-03,2.26e+01,
26885,-8.00e-03,2.26e+01,
26886,-8.00e-03,2.26e+01,
26887,-8.00e-03,2.26e+01,
26888,-8.00e-03,2.26e+01,
26889,-8.00e-03,2.26e+01,
26890,-8.00e-03,2.26e+01,
26891,-8.00e-03,2.26e+01,
26892,-8.00e-03,2.30e+01,
26893,-8.00e-03,2.30e+01,
26894,-8.00e-03,2.30e+01,
26895,-8.00e-03,2.30e+01,
26896,-8.00e-03,2.30e+01,
26897,-8.00e-03,2.30e+01,
26898,-8.00e-03,2.30e+01,
26899,-8.00e-03,2.30e+01,
26900,-8.00e-03,2.30e+01,
26901,-8.00e-03,2.30e+01,
26902,-8.00e-03,2.30e+01,
26903,-8.00e-03,2.30e+01,
26904,-8.00e-03,2.30e+01,
26905,-8.00e-03,2.30e+01,
26906,-8.00e-03,2.30e+01,
26907,-8.00e-03,2.30e+01,
26908,-8.00e-03,2.30e+01,
26909,-8.00e-03,2.30e+01,
26910,-8.00e-03,2.30e+01,
26911,-8.00e-03,2.30e+01,
26912,-8.00e-03,2.30e+01,
26913,-8.00e-03,2.30e+01,
26914,-8.00e-03,2.30e+01,
26915,-8.00e-03,2.30e+01,
26916,-8.00e-03,2.30e+01,
26917,-8.00e-03,2.30e+01,
26918,-8.00e-03,2.30e+01,
26919,-8.00e-03,2.30e+01,
26920,-8.00e-03,2.30e+01,
26921,-8.00e-03,2.30e+01,
26922,-8.00e-03,2.30e+01,
26923,-8.00e-03,2.30e+01,
26924,-8.00e-03,2.30e+01,
26925,-8.00e-03,2.30e+01,
26926,-8.00e-03,2.30e+01,
26927,-8.00e-03,2.30e+01,
26928,-8.00e-03,2.30e+01,
26929,-8.00e-03,2.30e+01,
26930,-8.00e-03,2.30e+01,
26931,-8.00e-03,2.30e+01,
26932,-8.00e-03,2.26e+01,
26933,-8.00e-03,2.26e+01,
26934,-8.00e-03,2.26e+01,
26935,-8.00e-03,2.26e+01,
26936,-8.00e-03,2.26e+01,
26937,-8.00e-03,2.26e+01,
26938,-8.00e-03,2.26e+01,
26939,-8.00e-03,2.26e+01,
26940,-8.00e-03,2.26e+01,
26941,-8.00e-03,2.26e+01,
26942,-8.00e-03,2.26e+01,
26943,-8.00e-03,2.26e+01,
26944,-8.00e-03,2.22e+01,
26945,-8.00e-03,2.22e+01,
26946,-8.00e-03,2.22e+01,
26947,-8.00e-03,2.22e+01,
26948,-8.00e-03,2.22e+01,
26949,-8.00e-03,2.22e+01,
26950,-8.00e-03,2.22e+01,
26951,-8.00e-03,2.22e+01,
26952,-8.00e-03,2.18e+01,
26953,-8.00e-03,2.18e+01,
26954,-8.00e-03,2.18e+01,
26955,-8.00e-03,2.18e+01,
26956,-8.00e-03,2.18e+01,
26957,-8.00e-03,2.18e+01,
26958,-8.00e-03,2.18e+01,
26959,-8.00e-03,2.18e+01,
26960,-8.00e-03,2.18e+01,
26961,-8.00e-03,2.14e+01,
26962,-8.00e-03,2.14e+01,
26963,-8.00e-03,2.14e+01,
26964,-8.00e-03,2.14e+01,
26965,-8.00e-03,2.10e+01,
26966,-8.00e-03,2.14e+01,
26967,-8.00e-03,2.10e+01,
26968,-8.00e-03,2.10e+01,
26969,-8.00e-03,2.10e+01,
26970,-8.00e-03,2.10e+01,
26971,-8.00e-03,2.10e+01,
26972,-8.00e-03,2.06e+01,
26973,-8.00e-03,2.06e+01,
26974,-8.00e-03,2.06e+01,
26975,-8.00e-03,2.06e+01,
26976,-8.00e-03,2.06e+01,
26977,-8.00e-03,2.02e+01,
26978,-8.00e-03,2.02e+01,
26979,-8.00e-03,2.02e+01,
26980,-8.00e-03,2.02e+01,
26981,-8.00e-03,2.02e+01,
26982,-8.00e-03,2.02e+01,
26983,-8.00e-03,2.02e+01,
26984,-8.00e-03,1.98e+01,
26985,-8.00e-03,1.98e+01,
26986,-8.00e-03,1.98e+01,
26987,-8.00e-03,1.98e+01,
26988,-8.00e-03,1.94e+01,
26989,-8.00e-03,1.94e+01,
26990,-8.00e-03,1.94e+01,
26991,-8.00e-03,1.94e+01,
26992,-8.00e-03,1.94e+01,
26993,-8.00e-03,1.94e+01,
26994,-8.00e-03,1.90e+01,
26995,-8.00e-03,1.90e+01,
26996,-8.00e-03,1.90e+01,
26997,-8.00e-03,1.90e+01,
26998,-8.00e-03,1.90e+01,
26999,-8.00e-03,1.90e+01,
27000,-8.00e-03,1.82e+01,
27001,-8.00e-03,1.82e+01,
27002,-8.00e-03,1.82e+01,
27003,-8.00e-03,1.82e+01,
27004,-8.00e-03,1.82e+01,
27005,-8.00e-03,1.78e+01,
27006,-8.00e-03,1.78e+01,
27007,-8.00e-03,1.78e+01,
27008,-8.00e-03,1.78e+01,
27009,-8.00e-03,1.78e+01,
27010,-8.00e-03,1.78e+01,
27011,-8.00e-03,1.78e+01,
27012,-8.00e-03,1.74e+01,
27013,-8.00e-03,1.74e+01,
27014,-8.00e-03,1.74e+01,
27015,-8.00e-03,1.74e+01,
27016,-8.00e-03,1.70e+01,
27017,-8.00e-03,1.70e+01,
27018,-8.00e-03,1.70e+01,
27019,-8.00e-03,1.70e+01,
27020,-8.00e-03,1.70e+01,
27021,-8.00e-03,1.70e+01,
27022,-8.00e-03,1.66e+01,
27023,-8.00e-03,1.66e+01,
27024,-8.00e-03,1.66e+01,
27025,-8.00e-03,1.66e+01,
27026,-8.00e-03,1.66e+01,
27027,-8.00e-03,1.66e+01,
27028,-8.00e-03,1.66e+01,
27029,-8.00e-03,1.62e+01,
27030,-8.00e-03,1.62e+01,
27031,-8.00e-03,1.62e+01,
27032,-8.00e-03,1.62e+01,
27033,-8.00e-03,1.62e+01,
27034,-8.00e-03,1.62e+01,
27035,-8.00e-03,1.62e+01,
27036,-8.00e-03,1.58e+01,
27037,-8.00e-03,1.58e+01,
27038,-8.00e-03,1.58e+01,
27039,-8.00e-03,1.58e+01,
27040,-8.00e-03,1.58e+01,
27041,-8.00e-03,1.58e+01,
27042,-8.00e-03,1.54e+01,
27043,-8.00e-03,1.54e+01,
27044,-8.00e-03,1.54e+01,
27045,-8.00e-03,1.54e+01,
27046,-8.00e-03,1.54e+01,
27047,-8.00e-03,1.54e+01,
27048,-8.00e-03,1.54e+01,
27049,-8.00e-03,1.54e+01,
27050,-8.00e-03,1.50e+01,
27051,-8.00e-03,1.54e+01,
27052,-8.00e-03,1.50e+01,
27053,-8.00e-03,1.50e+01,
27054,-8.00e-03,1.50e+01,
27055,-8.00e-03,1.50e+01,
27056,-8.00e-03,1.50e+01,
27057,-8.00e-03,1.50e+01,
27058,-8.00e-03,1.50e+01,
27059,-8.00e-03,1.50e+01,
27060,-8.00e-03,1.46e+01,
27061,0.00e+00,1.46e+01,
27062,-8.00e-03,1.46e+01,
27063,-8.00e-03,1.50e+01,
27064,-8.00e-03,1.46e+01,
27065,-8.00e-03,1.46e+01,
27066,-8.00e-03,1.46e+01,
27067,-8.00e-03,1.46e+01,
27068,-8.00e-03,1.46e+01,
27069,-8.00e-03,1.46e+01,
27070,-8.00e-03,1.46e+01,
27071,-8.00e-03,1.46e+01,
27072,-8.00e-03,1.42e+01,
27073,-8.00e-03,1.42e+01,
27074,-8.00e-03,1.42e+01,
27075,-8.00e-03,1.46e+01,
27076,-8.00e-03,1.42e+01,
27077,-8.00e-03,1.42e+01,
27078,-8.00e-03,1.42e+01,
27079,-8.00e-03,1.42e+01,
27080,-8.00e-03,1.42e+01,
27081,-8.00e-03,1.42e+01,
27082,-8.00e-03,1.42e+01,
27083,-8.00e-03,1.42e+01,
27084,-8.00e-03,1.42e+01,
27085,-8.00e-03,1.42e+01,
27086,-8.00e-03,1.42e+01,
27087,-8.00e-03,1.42e+01,
27088,-8.00e-03,1.42e+01,
27089,-8.00e-03,1.42e+01,
27090,-8.00e-03,1.42e+01,
27091,-8.00e-03,1.42e+01,
27092,-8.00e-03,1.42e+01,
27093,-8.00e-03,1.42e+01,
27094,-8.00e-03,1.42e+01,
27095,-8.00e-03,1.42e+01,
27096,-8.00e-03,1.42e+01,
27097,0.00e+00,1.42e+01,
27098,-8.00e-03,1.42e+01,
27099,-8.00e-03,1.42e+01,
27100,-8.00e-03,1.42e+01,
27101,-8.00e-03,1.42e+01,
27102,-8.00e-03,1.42e+01,
27103,-8.00e-03,1.42e+01,
27104,-8.00e-03,1.42e+01,
27105,0.00e+00,1.42e+01,
27106,-8.00e-03,1.42e+01,
27107,-8.00e-03,1.42e+01,
27108,-8.00e-03,1.42e+01,
27109,-8.00e-03,1.42e+01,
27110,-8.00e-03,1.42e+01,
27111,-8.00e-03,1.42e+01,
27112,-8.00e-03,1.42e+01,
27113,-8.00e-03,1.42e+01,
27114,-8.00e-03,1.42e+01,
27115,-8.00e-03,1.42e+01,
27116,-8.00e-03,1.42e+01,
27117,0.00e+00,1.42e+01,
27118,-8.00e-03,1.42e+01,
27119,-8.00e-03,1.46e+01,
27120,-8.00e-03,1.42e+01,
27121,0.00e+00,1.42e+01,
27122,-8.00e-03,1.42e+01,
27123,-8.00e-03,1.46e+01,
27124,-8.00e-03,1.46e+01,
27125,0.00e+00,1.42e+01,
27126,-8.00e-03,1.46e+01,
27127,-8.00e-03,1.46e+01,
27128,-8.00e-03,1.46e+01,
27129,-8.00e-03,1.46e+01,
27130,-8.00e-03,1.46e+01,
27131,-8.00e-03,1.46e+01,
27132,-8.00e-03,1.46e+01,
27133,-8.00e-03,1.46e+01,
27134,0.00e+00,1.50e+01,
27135,-8.00e-03,1.46e+01,
27136,0.00e+00,1.46e+01,
27137,0.00e+00,1.46e+01,
27138,-8.00e-03,1.46e+01,
27139,-8.00e-03,1.50e+01,
27140,-8.00e-03,1.50e+01,
27141,0.00e+00,1.50e+01,
27142,-8.00e-03,1.50e+01,
27143,-8.00e-03,1.50e+01,
27144,-8.00e-03,1.50e+01,
27145,0.00e+00,1.50e+01,
27146,-8.00e-03,1.50e+01,
27147,-8.00e-03,1.50e+01,
27148,-8.00e-03,1.54e+01,
27149,0.00e+00,1.54e+01,
27150,0.00e+00,1.54e+01,
27151,-8.00e-03,1.54e+01,
27152,0.00e+00,1.54e+01,
27153,0.00e+00,1.54e+01,
27154,-8.00e-03,1.54e+01,
27155,-8.00e-03,1.58e+01,
27156,-8.00e-03,1.54e+01,
27157,0.00e+00,1.58e+01,
27158,-8.00e-03,1.58e+01,
27159,-8.00e-03,1.58e+01,
27160,-8.00e-03,1.58e+01,
27161,-8.00e-03,1.58e+01,
27162,-8.00e-03,1.58e+01,
27163,-8.00e-03,1.62e+01,
27164,0.00e+00,1.58e+01,
27165,0.00e+00,1.62e+01,
27166,-8.00e-03,1.62e+01,
27167,-8.00e-03,1.62e+01,
27168,-8.00e-03,1.62e+01,
27169,0.00e+00,1.62e+01,
27170,-8.00e-03,1.66e+01,
27171,-8.00e-03,1.66e+01,
27172,-8.00e-03,1.62e+01,
27173,0.00e+00,1.66e+01,
27174,0.00e+00,1.66e+01,
27175,-8.00e-03,1.66e+01,
27176,-8.00e-03,1.66e+01,
27177,-8.00e-03,1.66e+01,
27178,-8.00e-03,1.70e+01,
27179,-8.00e-03,1.70e+01,
27180,-8.00e-03,1.70e+01,
27181,0.00e+00,1.70e+01,
27182,-8.00e-03,1.70e+01,
27183,-8.00e-03,1.74e+01,
27184,-8.00e-03,1.74e+01,
27185,0.00e+00,1.74e+01,
27186,-8.00e-03,1.74e+01,
27187,-8.00e-03,1.74e+01,
27188,-8.00e-03,1.74e+01,
27189,-8.00e-03,1.74e+01,
27190,-8.00e-03,1.78e+01,
27191,-8.00e-03,1.78e+01,
27192,-8.00e-03,1.78e+01,
27193,0.00e+00,1.78e+01,
27194,-8.00e-03,1.78e+01,
27195,-8.00e-03,1.82e+01,
27196,-8.00e-03,1.82e+01,
27197,0.00e+00,1.82e+01,
27198,-8.00e-03,1.82e+01,
27199,-8.00e-03,1.82e+01,
27200,-8.00e-03,1.82e+01,
27201,-8.00e-03,1.90e+01,
27202,-8.00e-03,1.90e+01,
27203,-8.00e-03,1.90e+01,
27204,-8.00e-03,1.90e+01,
27205,0.00e+00,1.90e+01,
27206,-8.00e-03,1.90e+01,
27207,-8.00e-03,1.94e+01,
27208,-8.00e-03,1.90e+01,
27209,-8.00e-03,1.94e+01,
27210,-8.00e-03,1.94e+01,
27211,-8.00e-03,1.94e+01,
27212,-8.00e-03,1.94e+01,
27213,-8.00e-03,1.94e+01,
27214,-8.00e-03,1.98e+01,
27215,-8.00e-03,1.98e+01,
27216,-8.00e-03,1.98e+01,
27217,-8.00e-03,1.98e+01,
27218,-8.00e-03,1.98e+01,
27219,-8.00e-03,2.02e+01,
27220,-8.00e-03,2.02e+01,
27221,-8.00e-03,2.02e+01,
27222,-8.00e-03,2.02e+01,
27223,-8.00e-03,2.02e+01,
27224,-8.00e-03,2.02e+01,
27225,-8.00e-03,2.06e+01,
27226,-8.00e-03,2.06e+01,
27227,-8.00e-03,2.06e+01,
27228,-8.00e-03,2.06e+01,
27229,0.00e+00,2.06e+01,
27230,-8.00e-03,2.06e+01,
27231,-8.00e-03,2.10e+01,
27232,-8.00e-03,2.06e+01,
27233,-8.00e-03,2.10e+01,
27234,-8.00e-03,2.10e+01,
27235,-8.00e-03,2.10e+01,
27236,-8.00e-03,2.10e+01,
27237,-8.00e-03,2.10e+01,
27238,-8.00e-03,2.10e+01,
27239,-8.00e-03,2.14e+01,
27240,-8.00e-03,2.14e+01,
27241,-8.00e-03,2.14e+01,
27242,-8.00e-03,2.14e+01,
27243,-8.00e-03,2.14e+01,
27244,-8.00e-03,2.14e+01,
27245,-8.00e-03,2.14e+01,
27246,-8.00e-03,2.14e+01,
27247,-8.00e-03,2.18e+01,
27248,-8.00e-03,2.18e+01,
27249,-8.00e-03,2.18e+01,
27250,-8.00e-03,2.18e+01,
27251,-8.00e-03,2.18e+01,
27252,-8.00e-03,2.18e+01,
27253,-8.00e-03,2.18e+01,
27254,-8.00e-03,2.18e+01,
27255,-8.00e-03,2.18e+01,
27256,-8.00e-03,2.22e+01,
27257,-8.00e-03,2.18e+01,
27258,-8.00e-03,2.22e+01,
27259,-8.00e-03,2.22e+01,
27260,-8.00e-03,2.22e+01,
27261,-8.00e-03,2.22e+01,
27262,-8.00e-03,2.22e+01,
27263,-8.00e-03,2.22e+01,
27264,-8.00e-03,2.22e+01,
27265,-8.00e-03,2.22e+01,
27266,-8.00e-03,2.22e+01,
27267,-8.00e-03,2.22e+01,
27268,-8.00e-03,2.22e+01,
27269,-8.00e-03,2.22e+01,
27270,-8.00e-03,2.22e+01,
27271,-8.00e-03,2.26e+01,
27272,-8.00e-03,2.26e+01,
27273,-8.00e-03,2.26e+01,
27274,-8.00e-03,2.22e+01,
27275,-8.00e-03,2.26e+01,
27276,-8.00e-03,2.26e+01,
27277,-8.00e-03,2.26e+01,
27278,-8.00e-03,2.26e+01,
27279,-8.00e-03,2.26e+01,
27280,-8.00e-03,2.26e+01,
27281,-8.00e-03,2.26e+01,
27282,-8.00e-03,2.26e+01,
27283,-8.00e-03,2.26e+01,
27284,-8.00e-03,2.26e+01,
27285,-8.00e-03,2.26e+01,
27286,-8.00e-03,2.26e+01,
27287,-8.00e-03,2.26e+01,
27288,-8.00e-03,2.26e+01,
27289,-8.00e-03,2.26e+01,
27290,-8.00e-03,2.26e+01,
27291,-8.00e-03,2.26e+01,
27292,-8.00e-03,2.26e+01,
27293,-8.00e-03,2.26e+01,
27294,-8.00e-03,2.26e+01,
27295,-8.00e-03,2.26e+01,
27296,-8.00e-03,2.22e+01,
27297,-8.00e-03,2.22e+01,
27298,-8.00e-03,2.26e+01,
27299,-8.00e-03,2.22e+01,
27300,-8.00e-03,2.22e+01,
27301,-8.00e-03,2.22e+01,
27302,-8.00e-03,2.22e+01,
27303,-8.00e-03,2.22e+01,
27304,-8.00e-03,2.22e+01,
27305,-8.00e-03,2.22e+01,
27306,-8.00e-03,2.22e+01,
27307,-8.00e-03,2.22e+01,
27308,-8.00e-03,2.22e+01,
27309,-8.00e-03,2.22e+01,
27310,-8.00e-03,2.22e+01,
27311,-8.00e-03,2.22e+01,
27312,-8.00e-03,2.18e+01,
27313,-8.00e-03,2.22e+01,
27314,-8.00e-03,2.18e+01,
27315,-8.00e-03,2.18e+01,
27316,-8.00e-03,2.18e+01,
27317,-8.00e-03,2.18e+01,
27318,-8.00e-03,2.18e+01,
27319,-8.00e-03,2.18e+01,
27320,-8.00e-03,2.18e+01,
27321,-8.00e-03,2.18e+01,
27322,-8.00e-03,2.18e+01,
27323,-8.00e-03,2.18e+01,
27324,-8.00e-03,2.14e+01,
27325,-8.00e-03,2.14e+01,
27326,-8.00e-03,2.14e+01,
27327,-8.00e-03,2.14e+01,
27328,-8.00e-03,2.14e+01,
27329,-8.00e-03,2.14e+01,
27330,-8.00e-03,2.10e+01,
27331,-8.00e-03,2.14e+01,
27332,-8.00e-03,2.10e+01,
27333,-8.00e-03,2.10e+01,
27334,-8.00e-03,2.10e+01,
27335,-8.00e-03,2.10e+01,
27336,-8.00e-03,2.10e+01,
27337,-8.00e-03,2.10e+01,
27338,-8.00e-03,2.10e+01,
27339,-8.00e-03,2.06e+01,
27340,-8.00e-03,2.06e+01,
27341,-8.00e-03,2.06e+01,
27342,-8.00e-03,2.06e+01,
27343,-8.00e-03,2.06e+01,
27344,-8.00e-03,2.06e+01,
27345,-8.00e-03,2.06e+01,
27346,-8.00e-03,2.02e+01,
27347,-8.00e-03,2.02e+01,
27348,-8.00e-03,2.02e+01,
27349,-8.00e-03,2.02e+01,
27350,-8.00e-03,2.02e+01,
27351,-8.00e-03,2.02e+01,
27352,-8.00e-03,1.98e+01,
27353,-8.00e-03,1.98e+01,
27354,-8.00e-03,1.98e+01,
27355,-8.00e-03,1.98e+01,
27356,-8.00e-03,1.98e+01,
27357,-8.00e-03,1.94e+01,
27358,-8.00e-03,1.94e+01,
27359,-8.00e-03,1.94e+01,
27360,-8.00e-03,1.94e+01,
27361,-8.00e-03,1.94e+01,
27362,-8.00e-03,1.94e+01,
27363,-8.00e-03,1.94e+01,
27364,-8.00e-03,1.90e+01,
27365,-8.00e-03,1.90e+01,
27366,-8.00e-03,1.90e+01,
27367,-8.00e-03,1.90e+01,
27368,-8.00e-03,1.90e+01,
27369,-8.00e-03,1.90e+01,
27370,-8.00e-03,1.82e+01,
27371,-8.00e-03,1.82e+01,
27372,-8.00e-03,1.82e+01,
27373,-8.00e-03,1.82e+01,
27374,-8.00e-03,1.82e+01,
27375,-8.00e-03,1.82e+01,
27376,-8.00e-03,1.78e+01,
27377,-8.00e-03,1.78e+01,
27378,-8.00e-03,1.78e+01,
27379,-8.00e-03,1.78e+01,
27380,-8.00e-03,1.78e+01,
27381,-8.00e-03,1.78e+01,
27382,-8.00e-03,1.78e+01,
27383,-8.00e-03,1.78e+01,
27384,-8.00e-03,1.74e+01,
27385,-8.00e-03,1.74e+01,
27386,-8.00e-03,1.74e+01,
27387,-8.00e-03,1.74e+01,
27388,-8.00e-03,1.74e+01,
27389,-8.00e-03,1.70e+01,
27390,-8.00e-03,1.70e+01,
27391,-8.00e-03,1.70e+01,
27392,-8.00e-03,1.70e+01,
27393,-8.00e-03,1.70e+01,
27394,-8.00e-03,1.70e+01,
27395,-8.00e-03,1.70e+01,
27396,-8.00e-03,1.66e+01,
27397,-8.00e-03,1.66e+01,
27398,-8.00e-03,1.66e+01,
27399,-8.00e-03,1.66e+01,
27400,-8.00e-03,1.66e+01,
27401,-8.00e-03,1.66e+01,
27402,-8.00e-03,1.66e+01,
27403,-8.00e-03,1.66e+01,
27404,-8.00e-03,1.62e+01,
27405,-8.00e-03,1.62e+01,
27406,-8.00e-03,1.62e+01,
27407,-8.00e-03,1.62e+01,
27408,-8.00e-03,1.62e+01,
27409,-8.00e-03,1.62e+01,
27410,-8.00e-03,1.62e+01,
27411,-8.00e-03,1.62e+01,
27412,-8.00e-03,1.58e+01,
27413,-8.00e-03,1.58e+01,
27414,-8.00e-03,1.58e+01,
27415,-8.00e-03,1.58e+01,
27416,-8.00e-03,1.58e+01,
27417,-8.00e-03,1.58e+01,
27418,-8.00e-03,1.58e+01,
27419,-8.00e-03,1.58e+01,
27420,-8.00e-03,1.54e+01,
27421,-8.00e-03,1.54e+01,
27422,-8.00e-03,1.54e+01,
27423,-8.00e-03,1.54e+01,
27424,-8.00e-03,1.54e+01,
27425,-8.00e-03,1.54e+01,
27426,-8.00e-03,1.54e+01,
27427,-8.00e-03,1.54e+01,
27428,-8.00e-03,1.54e+01,
27429,-8.00e-03,1.54e+01,
27430,-8.00e-03,1.50e+01,
27431,-8.00e-03,1.54e+01,
27432,-8.00e-03,1.50e+01,
27433,-8.00e-03,1.50e+01,
27434,-8.00e-03,1.50e+01,
27435,-8.00e-03,1.50e+01,
27436,-8.00e-03,1.50e+01,
27437,-8.00e-03,1.50e+01,
27438,-8.00e-03,1.50e+01,
27439,-8.00e-03,1.50e+01,
27440,-8.00e-03,1.50e+01,
27441,-8.00e-03,1.50e+01,
27442,-8.00e-03,1.46e+01,
27443,-8.00e-03,1.50e+01,
27444,-8.00e-03,1.46e+01,
27445,-8.00e-03,1.46e+01,
27446,-8.00e-03,1.46e+01,
27447,-8.00e-03,1.50e+01,
27448,-8.00e-03,1.46e+01,
27449,-8.00e-03,1.46e+01,
27450,-8.00e-03,1.46e+01,
27451,-8.00e-03,1.46e+01,
27452,-8.00e-03,1.46e+01,
27453,-8.00e-03,1.46e+01,
27454,-8.00e-03,1.46e+01,
27455,-8.00e-03,1.46e+01,
27456,-8.00e-03,1.46e+01,
27457,-8.00e-03,1.46e+01,
27458,-8.00e-03,1.46e+01,
27459,-8.00e-03,1.46e+01,
27460,-8.00e-03,1.46e+01,
27461,-8.00e-03,1.46e+01,
27462,-8.00e-03,1.46e+01,
27463,-8.00e-03,1.46e+01,
27464,-8.00e-03,1.46e+01,
27465,-8.00e-03,1.46e+01,
27466,-8.00e-03,1.46e+01,
27467,-8.00e-03,1.46e+01,
27468,-8.00e-03,1.46e+01,
27469,-8.00e-03,1.46e+01,
27470,-8.00e-03,1.46e+01,
27471,-8.00e-03,1.46e+01,
27472,-8.00e-03,1.42e+01,
27473,-8.00e-03,1.46e+01,
27474,-8.00e-03,1.46e+01,
27475,-8.00e-03,1.46e+01,
27476,-8.00e-03,1.46e+01,
27477,-8.00e-03,1.46e+01,
27478,-8.00e-03,1.46e+01,
27479,-8.00e-03,1.46e+01,
27480,-8.00e-03,1.46e+01,
27481,-8.00e-03,1.46e+01,
27482,-8.00e-03,1.46e+01,
27483,-8.00e-03,1.46e+01,
27484,-8.00e-03,1.46e+01,
27485,-8.00e-03,1.46e+01,
27486,-8.00e-03,1.46e+01,
27487,-8.00e-03,1.46e+01,
27488,-8.00e-03,1.46e+01,
27489,-8.00e-03,1.46e+01,
27490,-8.00e-03,1.46e+01,
27491,-8.00e-03,1.46e+01,
27492,-8.00e-03,1.46e+01,
27493,0.00e+00,1.46e+01,
27494,-8.00e-03,1.50e+01,
27495,-8.00e-03,1.50e+01,
27496,-8.00e-03,1.46e+01,
27497,-8.00e-03,1.50e+01,
27498,-8.00e-03,1.46e+01,
27499,-8.00e-03,1.50e+01,
27500,-8.00e-03,1.50e+01,
27501,-8.00e-03,1.50e+01,
27502,-8.00e-03,1.50e+01,
27503,-8.00e-03,1.50e+01,
27504,-8.00e-03,1.50e+01,
27505,0.00e+00,1.50e+01,
27506,-8.00e-03,1.50e+01,
27507,-8.00e-03,1.50e+01,
27508,-8.00e-03,1.54e+01,
27509,0.00e+00,1.50e+01,
27510,0.00e+00,1.50e+01,
27511,-8.00e-03,1.54e+01,
27512,-8.00e-03,1.50e+01,
27513,-8.00e-03,1.54e+01,
27514,-8.00e-03,1.54e+01,
27515,-8.00e-03,1.54e+01,
27516,-8.00e-03,1.54e+01,
27517,-8.00e-03,1.54e+01,
27518,-8.00e-03,1.54e+01,
27519,-8.00e-03,1.58e+01,
27520,-8.00e-03,1.54e+01,
27521,0.00e+00,1.58e+01,
27522,-8.00e-03,1.58e+01,
27523,-8.00e-03,1.58e+01,
27524,-8.00e-03,1.58e+01,
27525,0.00e+00,1.58e+01,
27526,-8.00e-03,1.58e+01,
27527,-8.00e-03,1.58e+01,
27528,-8.00e-03,1.58e+01,
27529,0.00e+00,1.62e+01,
27530,-8.00e-03,1.58e+01,
27531,-8.00e-03,1.62e+01,
27532,-8.00e-03,1.62e+01,
27533,0.00e+00,1.62e+01,
27534,-8.00e-03,1.62e+01,
27535,-8.00e-03,1.62e+01,
27536,-8.00e-03,1.62e+01,
27537,0.00e+00,1.66e+01,
27538,-8.00e-03,1.62e+01,
27539,-8.00e-03,1.66e+01,
27540,-8.00e-03,1.62e+01,
27541,0.00e+00,1.66e+01,
27542,-8.00e-03,1.66e+01,
27543,-8.00e-03,1.66e+01,
27544,0.00e+00,1.66e+01,
27545,-8.00e-03,1.70e+01,
27546,-8.00e-03,1.66e+01,
27547,-8.00e-03,1.70e+01,
27548,-8.00e-03,1.70e+01,
27549,0.00e+00,1.70e+01,
27550,-8.00e-03,1.70e+01,
27551,-8.00e-03,1.70e+01,
27552,-8.00e-03,1.70e+01,
27553,0.00e+00,1.70e+01,
27554,-8.00e-03,1.74e+01,
27555,-8.00e-03,1.74e+01,
27556,-8.00e-03,1.74e+01,
27557,-8.00e-03,1.74e+01,
27558,-8.00e-03,1.74e+01,
27559,-8.00e-03,1.74e+01,
27560,-8.00e-03,1.74e+01,
27561,-8.00e-03,1.78e+01,
27562,-8.00e-03,1.78e+01,
27563,-8.00e-03,1.78e+01,
27564,-8.00e-03,1.78e+01,
27565,-8.00e-03,1.78e+01,
27566,-8.00e-03,1.78e+01,
27567,-8.00e-03,1.82e+01,
27568,-8.00e-03,1.82e+01,
27569,-8.00e-03,1.82e+01,
27570,-8.00e-03,1.82e+01,
27571,-8.00e-03,1.82e+01,
27572,-8.00e-03,1.82e+01,
27573,0.00e+00,1.82e+01,
27574,-8.00e-03,1.90e+01,
27575,-8.00e-03,1.90e+01,
27576,-8.00e-03,1.90e+01,
27577,0.00e+00,1.90e+01,
27578,-8.00e-03,1.90e+01,
27579,-8.00e-03,1.94e+01,
27580,-8.00e-03,1.94e+01,
27581,-8.00e-03,1.94e+01,
27582,-8.00e-03,1.94e+01,
27583,0.00e+00,1.94e+01,
27584,0.00e+00,1.94e+01,
27585,8.00e-03,1.94e+01,
27586,8.00e-03,1.98e+01,
27587,1.60e-02,1.98e+01,
27588,2.40e-02,1.98e+01,
27589,3.20e-02,1.98e+01,
27590,3.20e-02,1.98e+01,
27591,2.40e-02,2.02e+01,
27592,2.40e-02,1.98e+01,
27593,2.40e-02,2.02e+01,
27594,2.40e-02,2.02e+01,
27595,2.40e-02,2.02e+01,
27596,2.40e-02,2.02e+01,
27597,2.40e-02,2.02e+01,
27598,2.40e-02,2.06e+01,
27599,2.40e-02,2.06e+01,
27600,2.40e-02,2.06e+01,
27601,3.20e-02,2.06e+01,
27602,2.40e-02,2.06e+01,
27603,2.40e-02,2.10e+01,
27604,3.20e-02,2.10e+01,
27605,3.20e-02,2.10e+01,
27606,3.20e-02,2.10e+01,
27607,3.20e-02,2.14e+01,
27608,2.40e-02,2.10e+01,
27609,2.40e-02,2.14e+01,
27610,1.60e-02,2.10e+01,
27611,2.40e-02,2.10e+01,
27612,3.20e-02,2.02e+01,
27613,5.60e-02,1.74e+01,
27614,6.40e-02,1.46e+01,
27615,6.40e-02,1.14e+01,
27616,6.40e-02,9.00e+00,
27617,4.80e-02,6.60e+00,
27618,2.40e-02,5.40e+00,
27619,-1.60e-02,4.60e+00,
27620,-4.00e-02,3.80e+00,
27621,-4.80e-02,3.80e+00,
27622,-3.20e-02,3.80e+00,
27623,-8.00e-03,3.80e+00,
27624,2.40e-02,3.80e+00,
27625,4.80e-02,3.40e+00,
27626,6.40e-02,3.40e+00,
27627,5.60e-02,2.20e+00,
27628,3.20e-02,1.80e+00,
27629,8.00e-03,1.40e+00,
27630,-1.60e-02,1.00e+00,
27631,-2.40e-02,1.00e+00,
27632,-1.60e-02,1.00e+00,
27633,8.00e-03,1.00e+00,
27634,3.20e-02,6.00e-01,
27635,4.80e-02,6.00e-01,
27636,5.60e-02,2.00e-01,
27637,4.80e-02,-2.00e-01,
27638,3.20e-02,-2.00e-01,
27639,0.00e+00,-6.00e-01,
27640,-1.60e-02,-6.00e-01,
27641,-1.60e-02,-6.00e-01,
27642,-1.60e-02,-2.00e-01,
27643,0.00e+00,2.00e-01,
27644,2.40e-02,-2.00e-01,
27645,4.00e-02,-2.00e-01,
27646,4.00e-02,-2.00e-01,
27647,3.20e-02,-2.00e-01,
27648,2.40e-02,-2.00e-01,
27649,8.00e-03,-6.00e-01,
27650,-8.00e-03,-2.00e-01,
27651,-1.60e-02,-2.00e-01,
27652,-8.00e-03,-2.00e-01,
27653,8.00e-03,-2.00e-01,
27654,2.40e-02,2.00e-01,
27655,3.20e-02,2.00e-01,
27656,4.00e-02,-2.00e-01,
27657,3.20e-02,-2.00e-01,
27658,1.60e-02,-2.00e-01,
27659,0.00e+00,-2.00e-01,
27660,-8.00e-03,-6.00e-01,
27661,0.00e+00,-2.00e-01,
27662,0.00e+00,-2.00e-01,
27663,8.00e-03,2.00e-01,
27664,2.40e-02,-2.00e-01,
27665,3.20e-02,-2.00e-01,
27666,3.20e-02,-2.00e-01,
27667,2.40e-02,-2.00e-01,
27668,1.60e-02,-2.00e-01,
27669,8.00e-03,-6.00e-01,
27670,0.00e+00,-2.00e-01,
27671,0.00e+00,-2.00e-01,
27672,8.00e-03,-2.00e-01,
27673,1.60e-02,-2.00e-01,
27674,2.40e-02,-2.00e-01,
27675,2.40e-02,-2.00e-01,
27676,2.40e-02,-2.00e-01,
27677,2.40e-02,-2.00e-01,
27678,1.60e-02,-2.00e-01,
27679,8.00e-03,-2.00e-01,
27680,0.00e+00,-2.00e-01,
27681,0.00e+00,-2.00e-01,
27682,8.00e-03,-2.00e-01,
27683,1.60e-02,2.00e-01,
27684,2.40e-02,-2.00e-01,
27685,2.40e-02,-2.00e-01,
27686,2.40e-02,-2.00e-01,
27687,1.60e-02,-2.00e-01,
27688,1.60e-02,-2.00e-01,
27689,8.00e-03,-2.00e-01,
27690,8.00e-03,-2.00e-01,
27691,8.00e-03,-2.00e-01,
27692,8.00e-03,-2.00e-01,
27693,1.60e-02,-2.00e-01,
27694,2.40e-02,-2.00e-01,
27695,2.40e-02,-2.00e-01,
27696,2.40e-02,-2.00e-01,
27697,2.40e-02,-2.00e-01,
27698,1.60e-02,-2.00e-01,
27699,8.00e-03,-2.00e-01,
27700,8.00e-03,-2.00e-01,
27701,8.00e-03,-2.00e-01,
27702,1.60e-02,-2.00e-01,
27703,1.60e-02,-2.00e-01,
27704,2.40e-02,-2.00e-01,
27705,2.40e-02,-2.00e-01,
27706,2.40e-02,-2.00e-01,
27707,1.60e-02,-2.00e-01,
27708,1.60e-02,-2.00e-01,
27709,8.00e-03,-2.00e-01,
27710,8.00e-03,-2.00e-01,
27711,8.00e-03,-2.00e-01,
27712,1.60e-02,-2.00e-01,
27713,1.60e-02,-2.00e-01,
27714,2.40e-02,-2.00e-01,
27715,2.40e-02,-2.00e-01,
27716,2.40e-02,-2.00e-01,
27717,1.60e-02,-2.00e-01,
27718,1.60e-02,-2.00e-01,
27719,8.00e-03,-2.00e-01,
27720,1.60e-02,-2.00e-01,
27721,1.60e-02,-2.00e-01,
27722,1.60e-02,-2.00e-01,
27723,1.60e-02,-2.00e-01,
27724,2.40e-02,-2.00e-01,
27725,2.40e-02,-2.00e-01,
27726,1.60e-02,-2.00e-01,
27727,1.60e-02,-2.00e-01,
27728,1.60e-02,-2.00e-01,
27729,1.60e-02,2.00e-01,
27730,1.60e-02,-6.00e-01,
27731,1.60e-02,-2.00e-01,
27732,1.60e-02,-2.00e-01,
27733,2.40e-02,-2.00e-01,
27734,2.40e-02,-2.00e-01,
27735,2.40e-02,-2.00e-01,
27736,1.60e-02,-2.00e-01,
27737,1.60e-02,-2.00e-01,
27738,1.60e-02,-2.00e-01,
27739,1.60e-02,-2.00e-01,
27740,1.60e-02,-2.00e-01,
27741,1.60e-02,-2.00e-01,
27742,1.60e-02,-2.00e-01,
27743,1.60e-02,-2.00e-01,
27744,2.40e-02,-2.00e-01,
27745,2.40e-02,-2.00e-01,
27746,2.40e-02,-2.00e-01,
27747,1.60e-02,-2.00e-01,
27748,1.60e-02,-2.00e-01,
27749,1.60e-02,-2.00e-01,
27750,1.60e-02,-2.00e-01,
27751,1.60e-02,-2.00e-01,
27752,2.40e-02,-2.00e-01,
27753,2.40e-02,-2.00e-01,
27754,2.40e-02,-2.00e-01,
27755,2.40e-02,-2.00e-01,
27756,2.40e-02,-2.00e-01,
27757,2.40e-02,-2.00e-01,
27758,1.60e-02,-2.00e-01,
27759,1.60e-02,-2.00e-01,
27760,1.60e-02,-2.00e-01,
27761,2.40e-02,-2.00e-01,
27762,2.40e-02,-2.00e-01,
27763,2.40e-02,-2.00e-01,
27764,2.40e-02,-2.00e-01,
27765,2.40e-02,-2.00e-01,
27766,2.40e-02,-2.00e-01,
27767,2.40e-02,-2.00e-01,
27768,2.40e-02,-2.00e-01,
27769,2.40e-02,-2.00e-01,
27770,2.40e-02,-2.00e-01,
27771,2.40e-02,-2.00e-01,
27772,2.40e-02,-2.00e-01,
27773,2.40e-02,-2.00e-01,
27774,2.40e-02,-2.00e-01,
27775,2.40e-02,-2.00e-01,
27776,2.40e-02,-2.00e-01,
27777,2.40e-02,-2.00e-01,
27778,2.40e-02,-2.00e-01,
27779,2.40e-02,-2.00e-01,
27780,2.40e-02,-2.00e-01,
27781,2.40e-02,-2.00e-01,
27782,2.40e-02,-2.00e-01,
27783,2.40e-02,-2.00e-01,
27784,2.40e-02,-2.00e-01,
27785,2.40e-02,-2.00e-01,
27786,2.40e-02,-2.00e-01,
27787,2.40e-02,-2.00e-01,
27788,2.40e-02,-2.00e-01,
27789,2.40e-02,-2.00e-01,
27790,2.40e-02,-2.00e-01,
27791,2.40e-02,-2.00e-01,
27792,2.40e-02,-2.00e-01,
27793,2.40e-02,-2.00e-01,
27794,2.40e-02,-2.00e-01,
27795,2.40e-02,-2.00e-01,
27796,2.40e-02,-2.00e-01,
27797,2.40e-02,-2.00e-01,
27798,2.40e-02,-2.00e-01,
27799,2.40e-02,-2.00e-01,
27800,2.40e-02,-2.00e-01,
27801,2.40e-02,-2.00e-01,
27802,2.40e-02,-2.00e-01,
27803,2.40e-02,-2.00e-01,
27804,2.40e-02,-2.00e-01,
27805,2.40e-02,-2.00e-01,
27806,2.40e-02,-2.00e-01,
27807,2.40e-02,-2.00e-01,
27808,2.40e-02,-2.00e-01,
27809,2.40e-02,-2.00e-01,
27810,2.40e-02,-2.00e-01,
27811,2.40e-02,-2.00e-01,
27812,2.40e-02,-2.00e-01,
27813,2.40e-02,-2.00e-01,
27814,2.40e-02,-2.00e-01,
27815,2.40e-02,-2.00e-01,
27816,2.40e-02,-2.00e-01,
27817,3.20e-02,-2.00e-01,
27818,2.40e-02,-2.00e-01,
27819,2.40e-02,-2.00e-01,
27820,2.40e-02,-2.00e-01,
27821,3.20e-02,-2.00e-01,
27822,2.40e-02,-2.00e-01,
27823,2.40e-02,-2.00e-01,
27824,2.40e-02,-2.00e-01,
27825,3.20e-02,-2.00e-01,
27826,2.40e-02,-2.00e-01,
27827,2.40e-02,-2.00e-01,
27828,2.40e-02,-2.00e-01,
27829,2.40e-02,-2.00e-01,
27830,3.20e-02,-2.00e-01,
27831,2.40e-02,-2.00e-01,
27832,3.20e-02,-2.00e-01,
27833,3.20e-02,-2.00e-01,
27834,2.40e-02,-2.00e-01,
27835,2.40e-02,-2.00e-01,
27836,3.20e-02,-2.00e-01,
27837,3.20e-02,-2.00e-01,
27838,3.20e-02,-2.00e-01,
27839,2.40e-02,-2.00e-01,
27840,3.20e-02,-2.00e-01,
27841,3.20e-02,-2.00e-01,
27842,3.20e-02,-2.00e-01,
27843,3.20e-02,-2.00e-01,
27844,3.20e-02,-2.00e-01,
27845,3.20e-02,-2.00e-01,
27846,3.20e-02,-2.00e-01,
27847,3.20e-02,-2.00e-01,
27848,3.20e-02,-2.00e-01,
27849,3.20e-02,-2.00e-01,
27850,3.20e-02,-2.00e-01,
27851,3.20e-02,-2.00e-01,
27852,3.20e-02,-2.00e-01,
27853,3.20e-02,-2.00e-01,
27854,3.20e-02,-2.00e-01,
27855,3.20e-02,2.00e-01,
27856,3.20e-02,-2.00e-01,
27857,3.20e-02,-2.00e-01,
27858,3.20e-02,-2.00e-01,
27859,3.20e-02,-2.00e-01,
27860,3.20e-02,-2.00e-01,
27861,3.20e-02,-2.00e-01,
27862,3.20e-02,-2.00e-01,
27863,3.20e-02,-2.00e-01,
27864,3.20e-02,-2.00e-01,
27865,3.20e-02,-2.00e-01,
27866,3.20e-02,-2.00e-01,
27867,3.20e-02,-2.00e-01,
27868,3.20e-02,-2.00e-01,
27869,3.20e-02,-2.00e-01,
27870,3.20e-02,-2.00e-01,
27871,3.20e-02,-2.00e-01,
27872,3.20e-02,-2.00e-01,
27873,3.20e-02,-2.00e-01,
27874,3.20e-02,-2.00e-01,
27875,3.20e-02,-2.00e-01,
27876,3.20e-02,-2.00e-01,
27877,3.20e-02,-2.00e-01,
27878,3.20e-02,-2.00e-01,
27879,3.20e-02,-2.00e-01,
27880,3.20e-02,-2.00e-01,
27881,3.20e-02,-2.00e-01,
27882,3.20e-02,-2.00e-01,
27883,3.20e-02,-2.00e-01,
27884,3.20e-02,-2.00e-01,
27885,3.20e-02,-2.00e-01,
27886,3.20e-02,-2.00e-01,
27887,3.20e-02,-2.00e-01,
27888,3.20e-02,-2.00e-01,
27889,3.20e-02,-2.00e-01,
27890,3.20e-02,-2.00e-01,
27891,3.20e-02,-2.00e-01,
27892,3.20e-02,-2.00e-01,
27893,3.20e-02,-2.00e-01,
27894,4.00e-02,-2.00e-01,
27895,3.20e-02,-2.00e-01,
27896,4.00e-02,-2.00e-01,
27897,4.00e-02,-2.00e-01,
27898,3.20e-02,-2.00e-01,
27899,3.20e-02,-2.00e-01,
27900,4.00e-02,-2.00e-01,
27901,4.00e-02,-2.00e-01,
27902,3.20e-02,-2.00e-01,
27903,3.20e-02,2.00e-01,
27904,4.00e-02,-2.00e-01,
27905,4.00e-02,-2.00e-01,
27906,3.20e-02,-2.00e-01,
27907,3.20e-02,-2.00e-01,
27908,4.00e-02,-2.00e-01,
27909,4.00e-02,-2.00e-01,
27910,4.00e-02,-2.00e-01,
27911,4.00e-02,-2.00e-01,
27912,4.00e-02,-2.00e-01,
27913,4.00e-02,-2.00e-01,
27914,4.00e-02,-2.00e-01,
27915,4.00e-02,-2.00e-01,
27916,4.00e-02,-2.00e-01,
27917,4.00e-02,-2.00e-01,
27918,4.00e-02,-2.00e-01,
27919,4.00e-02,2.00e-01,
27920,4.00e-02,-2.00e-01,
27921,4.00e-02,-2.00e-01,
27922,4.00e-02,-2.00e-01,
27923,4.00e-02,2.00e-01,
27924,4.00e-02,-2.00e-01,
27925,4.00e-02,-2.00e-01,
27926,4.00e-02,2.00e-01,
27927,4.00e-02,-2.00e-01,
27928,4.00e-02,-2.00e-01,
27929,4.00e-02,2.00e-01,
27930,4.00e-02,-6.00e-01,
27931,4.00e-02,2.00e-01,
27932,4.00e-02,-2.00e-01,
27933,4.00e-02,-2.00e-01,
27934,4.00e-02,2.00e-01,
27935,4.00e-02,-2.00e-01,
27936,4.00e-02,-2.00e-01,
27937,4.00e-02,-2.00e-01,
27938,4.00e-02,-2.00e-01,
27939,4.00e-02,-2.00e-01,
27940,4.00e-02,-2.00e-01,
27941,4.00e-02,-2.00e-01,
27942,4.00e-02,-2.00e-01,
27943,4.00e-02,-2.00e-01,
27944,4.00e-02,-2.00e-01,
27945,4.00e-02,-2.00e-01,
27946,4.00e-02,-2.00e-01,
27947,4.00e-02,-2.00e-01,
27948,4.00e-02,-2.00e-01,
27949,4.00e-02,-2.00e-01,
27950,4.00e-02,-2.00e-01,
27951,4.00e-02,2.00e-01,
27952,4.00e-02,-2.00e-01,
27953,4.80e-02,-2.00e-01,
27954,4.00e-02,-2.00e-01,
27955,4.00e-02,-2.00e-01,
27956,4.00e-02,-2.00e-01,
27957,4.80e-02,-2.00e-01,
27958,4.00e-02,-2.00e-01,
27959,4.00e-02,-2.00e-01,
27960,4.00e-02,-2.00e-01,
27961,4.80e-02,-2.00e-01,
27962,4.00e-02,-2.00e-01,
27963,4.00e-02,-2.00e-01,
27964,4.00e-02,-2.00e-01,
27965,4.80e-02,-2.00e-01,
27966,4.00e-02,-2.00e-01,
27967,4.00e-02,2.00e-01,
27968,4.80e-02,-2.00e-01,
27969,4.80e-02,-2.00e-01,
27970,4.00e-02,-2.00e-01,
27971,4.00e-02,2.00e-01,
27972,4.80e-02,-2.00e-01,
27973,4.80e-02,-2.00e-01,
27974,4.80e-02,-2.00e-01,
27975,4.80e-02,-2.00e-01,
27976,4.80e-02,-2.00e-01,
27977,4.80e-02,-2.00e-01,
27978,4.80e-02,-2.00e-01,
27979,4.80e-02,-2.00e-01,
27980,4.80e-02,-2.00e-01,
27981,4.80e-02,-2.00e-01,
27982,4.80e-02,-2.00e-01,
27983,4.80e-02,-2.00e-01,
27984,4.80e-02,-2.00e-01,
27985,4.80e-02,-2.00e-01,
27986,4.80e-02,-2.00e-01,
27987,4.80e-02,-2.00e-01,
27988,4.80e-02,-2.00e-01,
27989,4.80e-02,-2.00e-01,
27990,4.80e-02,-2.00e-01,
27991,4.80e-02,-2.00e-01,
27992,4.80e-02,-2.00e-01,
27993,4.80e-02,-2.00e-01,
27994,4.80e-02,2.00e-01,
27995,4.80e-02,-2.00e-01,
27996,4.80e-02,-2.00e-01,
27997,4.80e-02,-2.00e-01,
27998,4.80e-02,-2.00e-01,
27999,4.80e-02,-2.00e-01,
28000,4.80e-02,-2.00e-01,
28001,4.80e-02,-2.00e-01,
28002,4.80e-02,-2.00e-01,
28003,4.80e-02,-2.00e-01,
28004,4.80e-02,-2.00e-01,
28005,4.80e-02,-2.00e-01,
28006,4.80e-02,2.00e-01,
28007,4.80e-02,2.00e-01,
28008,4.80e-02,-2.00e-01,
28009,4.80e-02,-2.00e-01,
28010,4.80e-02,-2.00e-01,
28011,4.80e-02,2.00e-01,
28012,4.80e-02,-2.00e-01,
28013,4.80e-02,-2.00e-01,
28014,4.80e-02,-2.00e-01,
28015,4.80e-02,-2.00e-01,
28016,4.80e-02,-2.00e-01,
28017,5.60e-02,-2.00e-01,
28018,4.80e-02,-2.00e-01,
28019,4.80e-02,-2.00e-01,
28020,4.80e-02,-2.00e-01,
28021,5.60e-02,-2.00e-01,
28022,4.80e-02,-2.00e-01,
28023,4.80e-02,2.00e-01,
28024,4.80e-02,-2.00e-01,
28025,5.60e-02,-2.00e-01,
28026,4.80e-02,-2.00e-01,
28027,4.80e-02,-2.00e-01,
28028,4.80e-02,-2.00e-01,
28029,5.60e-02,-2.00e-01,
28030,5.60e-02,2.00e-01,
28031,4.80e-02,2.00e-01,
28032,4.80e-02,-2.00e-01,
28033,5.60e-02,-2.00e-01,
28034,5.60e-02,-2.00e-01,
28035,5.60e-02,-2.00e-01,
28036,5.60e-02,-2.00e-01,
28037,5.60e-02,-2.00e-01,
28038,5.60e-02,2.00e-01,
28039,5.60e-02,-2.00e-01,
28040,5.60e-02,-2.00e-01,
28041,5.60e-02,-2.00e-01,
28042,5.60e-02,-2.00e-01,
28043,5.60e-02,2.00e-01,
28044,5.60e-02,-2.00e-01,
28045,5.60e-02,-2.00e-01,
28046,5.60e-02,-2.00e-01,
28047,5.60e-02,-2.00e-01,
28048,5.60e-02,-2.00e-01,
28049,5.60e-02,-2.00e-01,
28050,5.60e-02,-2.00e-01,
28051,5.60e-02,2.00e-01,
28052,5.60e-02,-2.00e-01,
28053,5.60e-02,-2.00e-01,
28054,5.60e-02,-2.00e-01,
28055,5.60e-02,2.00e-01,
28056,5.60e-02,-2.00e-01,
28057,5.60e-02,-2.00e-01,
28058,5.60e-02,2.00e-01,
28059,5.60e-02,-2.00e-01,
28060,5.60e-02,-2.00e-01,
28061,5.60e-02,-2.00e-01,
28062,5.60e-02,-2.00e-01,
28063,5.60e-02,2.00e-01,
28064,5.60e-02,-2.00e-01,
28065,5.60e-02,-2.00e-01,
28066,5.60e-02,-2.00e-01,
28067,5.60e-02,-2.00e-01,
28068,5.60e-02,-2.00e-01,
28069,5.60e-02,-2.00e-01,
28070,5.60e-02,-2.00e-01,
28071,5.60e-02,2.00e-01,
28072,5.60e-02,-2.00e-01,
28073,6.40e-02,2.00e-01,
28074,5.60e-02,-2.00e-01,
28075,5.60e-02,2.00e-01,
28076,5.60e-02,-2.00e-01,
28077,6.40e-02,-2.00e-01,
28078,5.60e-02,2.00e-01,
28079,5.60e-02,2.00e-01,
28080,5.60e-02,-2.00e-01,
28081,5.60e-02,-2.00e-01,
28082,5.60e-02,-2.00e-01,
28083,5.60e-02,2.00e-01,
28084,5.60e-02,-2.00e-01,
28085,6.40e-02,-2.00e-01,
28086,5.60e-02,-2.00e-01,
28087,5.60e-02,-2.00e-01,
28088,5.60e-02,-2.00e-01,
28089,6.40e-02,-2.00e-01,
28090,5.60e-02,-2.00e-01,
28091,5.60e-02,2.00e-01,
28092,6.40e-02,-2.00e-01,
28093,6.40e-02,-2.00e-01,
28094,6.40e-02,-2.00e-01,
28095,5.60e-02,2.00e-01,
28096,6.40e-02,-2.00e-01,
28097,6.40e-02,-2.00e-01,
28098,6.40e-02,2.00e-01,
28099,6.40e-02,-2.00e-01,
28100,5.60e-02,-2.00e-01,
28101,6.40e-02,-2.00e-01,
28102,6.40e-02,-2.00e-01,
28103,6.40e-02,2.00e-01,
28104,6.40e-02,-2.00e-01,
28105,6.40e-02,-2.00e-01,
28106,6.40e-02,2.00e-01,
28107,6.40e-02,-2.00e-01,
28108,6.40e-02,2.00e-01,
28109,6.40e-02,-2.00e-01,
28110,6.40e-02,-2.00e-01,
28111,6.40e-02,2.00e-01,
28112,6.40e-02,-2.00e-01,
28113,6.40e-02,-2.00e-01,
28114,6.40e-02,-2.00e-01,
28115,6.40e-02,2.00e-01,
28116,6.40e-02,-2.00e-01,
28117,6.40e-02,-2.00e-01,
28118,6.40e-02,-2.00e-01,
28119,6.40e-02,2.00e-01,
28120,6.40e-02,-2.00e-01,
28121,6.40e-02,-2.00e-01,
28122,6.40e-02,-2.00e-01,
28123,6.40e-02,2.00e-01,
28124,6.40e-02,-2.00e-01,
28125,6.40e-02,-2.00e-01,
28126,6.40e-02,2.00e-01,
28127,6.40e-02,2.00e-01,
28128,6.40e-02,-2.00e-01,
28129,6.40e-02,2.00e-01,
28130,6.40e-02,-2.00e-01,
28131,6.40e-02,2.00e-01,
28132,6.40e-02,-2.00e-01,
28133,6.40e-02,-2.00e-01,
28134,6.40e-02,2.00e-01,
28135,6.40e-02,-2.00e-01,
28136,6.40e-02,2.00e-01,
28137,6.40e-02,-2.00e-01,
28138,6.40e-02,-2.00e-01,
28139,6.40e-02,2.00e-01,
28140,6.40e-02,-2.00e-01,
28141,6.40e-02,-2.00e-01,
28142,6.40e-02,-2.00e-01,
28143,6.40e-02,2.00e-01,
28144,6.40e-02,-2.00e-01,
28145,7.20e-02,-2.00e-01,
28146,6.40e-02,2.00e-01,
28147,6.40e-02,-2.00e-01,
28148,6.40e-02,-2.00e-01,
28149,7.20e-02,-2.00e-01,
28150,6.40e-02,-2.00e-01,
28151,6.40e-02,2.00e-01,
28152,6.40e-02,-2.00e-01,
28153,7.20e-02,-2.00e-01,
28154,6.40e-02,2.00e-01,
28155,6.40e-02,-2.00e-01,
28156,6.40e-02,-2.00e-01,
28157,7.20e-02,-2.00e-01,
28158,6.40e-02,2.00e-01,
28159,6.40e-02,2.00e-01,
28160,7.20e-02,-2.00e-01,
28161,7.20e-02,-2.00e-01,
28162,6.40e-02,-2.00e-01,
28163,6.40e-02,2.00e-01,
28164,7.20e-02,-2.00e-01,
28165,7.20e-02,-2.00e-01,
28166,7.20e-02,2.00e-01,
28167,6.40e-02,2.00e-01,
28168,7.20e-02,-2.00e-01,
28169,7.20e-02,-2.00e-01,
28170,7.20e-02,-2.00e-01,
28171,7.20e-02,2.00e-01,
28172,7.20e-02,-2.00e-01,
28173,7.20e-02,-2.00e-01,
28174,7.20e-02,-2.00e-01,
28175,7.20e-02,2.00e-01,
28176,7.20e-02,-2.00e-01,
28177,7.20e-02,-2.00e-01,
28178,7.20e-02,2.00e-01,
28179,7.20e-02,2.00e-01,
28180,7.20e-02,-2.00e-01,
28181,7.20e-02,-2.00e-01,
28182,7.20e-02,-2.00e-01,
28183,7.20e-02,2.00e-01,
28184,7.20e-02,-2.00e-01,
28185,7.20e-02,-2.00e-01,
28186,7.20e-02,2.00e-01,
28187,7.20e-02,2.00e-01,
28188,7.20e-02,-2.00e-01,
28189,7.20e-02,-2.00e-01,
28190,7.20e-02,-2.00e-01,
28191,7.20e-02,2.00e-01,
28192,7.20e-02,-2.00e-01,
28193,7.20e-02,-2.00e-01,
28194,7.20e-02,2.00e-01,
28195,7.20e-02,2.00e-01,
28196,7.20e-02,-2.00e-01,
28197,7.20e-02,-2.00e-01,
28198,7.20e-02,2.00e-01,
28199,7.20e-02,2.00e-01,
28200,7.20e-02,-2.00e-01,
28201,7.20e-02,-2.00e-01,
28202,7.20e-02,-2.00e-01,
28203,7.20e-02,2.00e-01,
28204,7.20e-02,-2.00e-01,
28205,7.20e-02,-2.00e-01,
28206,7.20e-02,-2.00e-01,
28207,7.20e-02,2.00e-01,
28208,7.20e-02,-2.00e-01,
28209,8.00e-02,-2.00e-01,
28210,7.20e-02,2.00e-01,
28211,7.20e-02,2.00e-01,
28212,7.20e-02,-2.00e-01,
28213,8.00e-02,-2.00e-01,
28214,7.20e-02,2.00e-01,
28215,7.20e-02,2.00e-01,
28216,7.20e-02,-2.00e-01,
28217,8.00e-02,-2.00e-01,
28218,7.20e-02,2.00e-01,
28219,7.20e-02,-2.00e-01,
28220,7.20e-02,-2.00e-01,
28221,8.00e-02,-2.00e-01,
28222,7.20e-02,2.00e-01,
28223,7.20e-02,2.00e-01,
28224,7.20e-02,-2.00e-01,
28225,8.00e-02,-2.00e-01,
28226,8.00e-02,2.00e-01,
28227,8.00e-02,2.00e-01,
28228,8.00e-02,-2.00e-01,
28229,8.00e-02,-2.00e-01,
28230,8.00e-02,-2.00e-01,
28231,8.00e-02,2.00e-01,
28232,8.00e-02,-2.00e-01,
28233,8.00e-02,2.00e-01,
28234,8.00e-02,2.00e-01,
28235,7.20e-02,2.00e-01,
28236,8.00e-02,2.00e-01,
28237,8.00e-02,-2.00e-01,
28238,8.00e-02,2.00e-01,
28239,8.00e-02,2.00e-01,
28240,8.00e-02,-2.00e-01,
28241,8.00e-02,2.00e-01,
28242,8.00e-02,2.00e-01,
28243,8.00e-02,2.00e-01,
28244,8.00e-02,-2.00e-01,
28245,8.00e-02,-2.00e-01,
28246,8.00e-02,2.00e-01,
28247,8.00e-02,2.00e-01,
28248,8.00e-02,-2.00e-01,
28249,8.00e-02,-2.00e-01,
28250,8.00e-02,2.00e-01,
28251,8.00e-02,2.00e-01,
28252,8.00e-02,-2.00e-01,
28253,8.00e-02,-2.00e-01,
28254,8.00e-02,2.00e-01,
28255,8.00e-02,2.00e-01,
28256,8.00e-02,-2.00e-01,
28257,8.00e-02,-2.00e-01,
28258,8.00e-02,2.00e-01,
28259,8.00e-02,-2.00e-01,
28260,8.00e-02,-2.00e-01,
28261,8.00e-02,-2.00e-01,
28262,8.00e-02,-2.00e-01,
28263,8.00e-02,2.00e-01,
28264,8.00e-02,-2.00e-01,
28265,8.00e-02,-2.00e-01,
28266,8.00e-02,2.00e-01,
28267,8.00e-02,2.00e-01,
28268,8.00e-02,2.00e-01,
28269,8.80e-02,-2.00e-01,
28270,8.00e-02,-2.00e-01,
28271,8.00e-02,2.00e-01,
28272,8.00e-02,-2.00e-01,
28273,8.80e-02,-2.00e-01,
28274,8.00e-02,-2.00e-01,
28275,8.00e-02,-2.00e-01,
28276,8.00e-02,-2.00e-01,
28277,8.80e-02,-2.00e-01,
28278,8.00e-02,-2.00e-01,
28279,8.00e-02,2.00e-01,
28280,8.00e-02,-2.00e-01,
28281,8.80e-02,-2.00e-01,
28282,8.00e-02,2.00e-01,
28283,8.00e-02,2.00e-01,
28284,8.00e-02,-2.00e-01,
28285,8.80e-02,-2.00e-01,
28286,8.80e-02,-2.00e-01,
28287,8.00e-02,2.00e-01,
28288,8.00e-02,-2.00e-01,
28289,8.80e-02,-2.00e-01,
28290,8.80e-02,2.00e-01,
28291,8.00e-02,2.00e-01,
28292,8.00e-02,-2.00e-01,
28293,8.80e-02,-2.00e-01,
28294,8.80e-02,2.00e-01,
28295,8.80e-02,2.00e-01,
28296,8.80e-02,-2.00e-01,
28297,8.80e-02,-2.00e-01,
28298,8.80e-02,2.00e-01,
28299,8.80e-02,2.00e-01,
28300,8.80e-02,-2.00e-01,
28301,8.80e-02,-2.00e-01,
28302,8.80e-02,2.00e-01,
28303,8.80e-02,2.00e-01,
28304,8.80e-02,-2.00e-01,
28305,8.80e-02,-2.00e-01,
28306,8.80e-02,2.00e-01,
28307,8.80e-02,-2.00e-01,
28308,8.80e-02,2.00e-01,
28309,8.80e-02,-2.00e-01,
28310,8.80e-02,-2.00e-01,
28311,8.80e-02,2.00e-01,
28312,8.80e-02,-2.00e-01,
28313,8.80e-02,2.00e-01,
28314,8.80e-02,2.00e-01,
28315,8.80e-02,2.00e-01,
28316,8.80e-02,-2.00e-01,
28317,8.80e-02,-2.00e-01,
28318,8.80e-02,2.00e-01,
28319,8.80e-02,2.00e-01,
28320,8.80e-02,-2.00e-01,
28321,8.80e-02,2.00e-01,
28322,8.80e-02,-2.00e-01,
28323,8.80e-02,2.00e-01,
28324,8.80e-02,-2.00e-01,
28325,8.80e-02,-2.00e-01,
28326,8.80e-02,-2.00e-01,
28327,8.80e-02,2.00e-01,
28328,8.80e-02,-2.00e-01,
28329,8.80e-02,2.00e-01,
28330,8.80e-02,-2.00e-01,
28331,8.80e-02,2.00e-01,
28332,8.80e-02,2.00e-01,
28333,9.60e-02,-2.00e-01,
28334,8.80e-02,2.00e-01,
28335,8.80e-02,-2.00e-01,
28336,8.80e-02,-2.00e-01,
28337,8.80e-02,-2.00e-01,
28338,8.80e-02,2.00e-01,
28339,8.80e-02,2.00e-01,
28340,8.80e-02,-2.00e-01,
28341,9.60e-02,-2.00e-01,
28342,8.80e-02,2.00e-01,
28343,8.80e-02,2.00e-01,
28344,8.80e-02,-2.00e-01,
28345,9.60e-02,-2.00e-01,
28346,8.80e-02,2.00e-01,
28347,8.80e-02,-2.00e-01,
28348,8.80e-02,2.00e-01,
28349,9.60e-02,-2.00e-01,
28350,8.80e-02,2.00e-01,
28351,8.80e-02,2.00e-01,
28352,8.80e-02,-2.00e-01,
28353,9.60e-02,-2.00e-01,
28354,8.80e-02,2.00e-01,
28355,8.80e-02,2.00e-01,
28356,8.80e-02,2.00e-01,
28357,9.60e-02,-2.00e-01,
28358,9.60e-02,2.00e-01,
28359,9.60e-02,2.00e-01,
28360,9.60e-02,2.00e-01,
28361,9.60e-02,2.00e-01,
28362,9.60e-02,2.00e-01,
28363,9.60e-02,2.00e-01,
28364,9.60e-02,-2.00e-01,
28365,9.60e-02,-2.00e-01,
28366,9.60e-02,2.00e-01,
28367,9.60e-02,2.00e-01,
28368,9.60e-02,2.00e-01,
28369,9.60e-02,2.00e-01,
28370,9.60e-02,2.00e-01,
28371,9.60e-02,-2.00e-01,
28372,9.60e-02,-2.00e-01,
28373,9.60e-02,2.00e-01,
28374,9.60e-02,-2.00e-01,
28375,9.60e-02,2.00e-01,
28376,9.60e-02,-2.00e-01,
28377,9.60e-02,2.00e-01,
28378,9.60e-02,2.00e-01,
28379,9.60e-02,2.00e-01,
28380,9.60e-02,-2.00e-01,
28381,9.60e-02,-2.00e-01,
28382,9.60e-02,-2.00e-01,
28383,9.60e-02,2.00e-01,
28384,9.60e-02,-2.00e-01,
28385,9.60e-02,2.00e-01,
28386,9.60e-02,2.00e-01,
28387,9.60e-02,2.00e-01,
28388,9.60e-02,2.00e-01,
28389,9.60e-02,-2.00e-01,
28390,9.60e-02,-2.00e-01,
28391,9.60e-02,2.00e-01,
28392,9.60e-02,-2.00e-01,
28393,9.60e-02,-2.00e-01,
28394,9.60e-02,-2.00e-01,
28395,9.60e-02,2.00e-01,
28396,9.60e-02,2.00e-01,
28397,9.60e-02,-2.00e-01,
28398,9.60e-02,2.00e-01,
28399,9.60e-02,2.00e-01,
28400,9.60e-02,-2.00e-01,
28401,9.60e-02,-2.00e-01,
28402,9.60e-02,2.00e-01,
28403,9.60e-02,2.00e-01,
28404,9.60e-02,2.00e-01,
28405,9.60e-02,-2.00e-01,
28406,9.60e-02,-2.00e-01,
28407,9.60e-02,2.00e-01,
28408,9.60e-02,-2.00e-01,
28409,9.60e-02,-2.00e-01,
28410,9.60e-02,2.00e-01,
28411,9.60e-02,2.00e-01,
28412,9.60e-02,2.00e-01,
28413,9.60e-02,-2.00e-01,
28414,9.60e-02,2.00e-01,
28415,9.60e-02,2.00e-01,
28416,9.60e-02,2.00e-01,
28417,1.04e-01,-2.00e-01,
28418,9.60e-02,2.00e-01,
28419,9.60e-02,2.00e-01,
28420,9.60e-02,-2.00e-01,
28421,1.04e-01,-2.00e-01,
28422,1.04e-01,2.00e-01,
28423,9.60e-02,2.00e-01,
28424,9.60e-02,-2.00e-01,
28425,1.04e-01,2.00e-01,
28426,1.04e-01,2.00e-01,
28427,9.60e-02,2.00e-01,
28428,1.04e-01,2.00e-01,
28429,1.04e-01,-2.00e-01,
28430,1.04e-01,2.00e-01,
28431,9.60e-02,2.00e-01,
28432,1.04e-01,-2.00e-01,
28433,1.04e-01,2.00e-01,
28434,9.60e-02,2.00e-01,
28435,1.04e-01,2.00e-01,
28436,1.04e-01,2.00e-01,
28437,1.04e-01,-2.00e-01,
28438,1.04e-01,2.00e-01,
28439,1.04e-01,2.00e-01,
28440,1.04e-01,-2.00e-01,
28441,1.04e-01,-2.00e-01,
28442,1.04e-01,2.00e-01,
28443,1.04e-01,2.00e-01,
28444,1.04e-01,-2.00e-01,
28445,1.04e-01,-2.00e-01,
28446,1.04e-01,2.00e-01,
28447,1.04e-01,-2.00e-01,
28448,1.04e-01,2.00e-01,
28449,1.04e-01,-2.00e-01,
28450,1.04e-01,2.00e-01,
28451,1.04e-01,2.00e-01,
28452,1.04e-01,-2.00e-01,
28453,1.04e-01,-2.00e-01,
28454,1.04e-01,-2.00e-01,
28455,1.04e-01,2.00e-01,
28456,1.04e-01,2.00e-01,
28457,1.04e-01,2.00e-01,
28458,1.04e-01,2.00e-01,
28459,1.04e-01,2.00e-01,
28460,1.04e-01,-2.00e-01,
28461,1.04e-01,-2.00e-01,
28462,1.04e-01,2.00e-01,
28463,1.04e-01,2.00e-01,
28464,1.04e-01,-2.00e-01,
28465,1.04e-01,-2.00e-01,
28466,1.04e-01,2.00e-01,
28467,1.04e-01,2.00e-01,
28468,1.04e-01,-2.00e-01,
28469,1.04e-01,-2.00e-01,
28470,1.04e-01,2.00e-01,
28471,1.04e-01,2.00e-01,
28472,1.04e-01,-2.00e-01,
28473,1.12e-01,-2.00e-01,
28474,1.04e-01,2.00e-01,
28475,1.04e-01,2.00e-01,
28476,1.04e-01,2.00e-01,
28477,1.12e-01,-2.00e-01,
28478,1.04e-01,2.00e-01,
28479,1.04e-01,2.00e-01,
28480,1.04e-01,-2.00e-01,
28481,1.12e-01,2.00e-01,
28482,1.04e-01,-2.00e-01,
28483,1.04e-01,2.00e-01,
28484,1.04e-01,-2.00e-01,
28485,1.12e-01,-2.00e-01,
28486,1.12e-01,2.00e-01,
28487,1.04e-01,2.00e-01,
28488,1.04e-01,2.00e-01,
28489,1.12e-01,-2.00e-01,
28490,1.04e-01,2.00e-01,
28491,1.12e-01,2.00e-01,
28492,1.12e-01,2.00e-01,
28493,1.12e-01,2.00e-01,
28494,1.12e-01,2.00e-01,
28495,1.12e-01,2.00e-01,
28496,1.12e-01,-2.00e-01,
28497,1.12e-01,2.00e-01,
28498,1.04e-01,2.00e-01,
28499,1.12e-01,2.00e-01,
28500,1.12e-01,-2.00e-01,
28501,1.12e-01,-2.00e-01,
28502,1.12e-01,-2.00e-01,
28503,1.12e-01,2.00e-01,
28504,1.12e-01,-2.00e-01,
28505,1.12e-01,-2.00e-01,
28506,1.04e-01,2.00e-01,
28507,1.12e-01,2.00e-01,
28508,1.12e-01,2.00e-01,
28509,1.12e-01,-2.00e-01,
28510,1.12e-01,2.00e-01,
28511,1.12e-01,2.00e-01,
28512,1.12e-01,-2.00e-01,
28513,1.12e-01,2.00e-01,
28514,1.12e-01,2.00e-01,
28515,1.12e-01,2.00e-01,
28516,1.12e-01,2.00e-01,
28517,1.12e-01,-2.00e-01,
28518,1.12e-01,2.00e-01,
28519,1.12e-01,2.00e-01,
28520,1.12e-01,-2.00e-01,
28521,1.12e-01,2.00e-01,
28522,1.12e-01,-2.00e-01,
28523,1.12e-01,2.00e-01,
28524,1.12e-01,-2.00e-01,
28525,1.12e-01,-2.00e-01,
28526,1.12e-01,2.00e-01,
28527,1.12e-01,2.00e-01,
28528,1.12e-01,-2.00e-01,
28529,1.12e-01,2.00e-01,
28530,1.12e-01,-2.00e-01,
28531,1.12e-01,2.00e-01,
28532,1.12e-01,2.00e-01,
28533,1.20e-01,-2.00e-01,
28534,1.12e-01,2.00e-01,
28535,1.12e-01,2.00e-01,
28536,1.12e-01,2.00e-01,
28537,1.20e-01,2.00e-01,
28538,1.12e-01,2.00e-01,
28539,1.12e-01,2.00e-01,
28540,1.12e-01,-2.00e-01,
28541,1.20e-01,-2.00e-01,
28542,1.12e-01,2.00e-01,
28543,1.12e-01,2.00e-01,
28544,1.12e-01,2.00e-01,
28545,1.20e-01,2.00e-01,
28546,1.12e-01,2.00e-01,
28547,1.12e-01,2.00e-01,
28548,1.12e-01,2.00e-01,
28549,1.20e-01,-2.00e-01,
28550,1.12e-01,2.00e-01,
28551,1.12e-01,2.00e-01,
28552,1.20e-01,-2.00e-01,
28553,1.20e-01,2.00e-01,
28554,1.12e-01,2.00e-01,
28555,1.12e-01,2.00e-01,
28556,1.20e-01,2.00e-01,
28557,1.20e-01,-2.00e-01,
28558,1.12e-01,2.00e-01,
28559,1.12e-01,2.00e-01,
28560,1.20e-01,2.00e-01,
28561,1.20e-01,2.00e-01,
28562,1.20e-01,2.00e-01,
28563,1.20e-01,2.00e-01,
28564,1.20e-01,-2.00e-01,
28565,1.20e-01,-2.00e-01,
28566,1.20e-01,2.00e-01,
28567,1.20e-01,2.00e-01,
28568,1.20e-01,2.00e-01,
28569,1.20e-01,-2.00e-01,
28570,1.12e-01,2.00e-01,
28571,1.20e-01,2.00e-01,
28572,1.20e-01,-2.00e-01,
28573,1.20e-01,-2.00e-01,
28574,1.20e-01,2.00e-01,
28575,1.20e-01,2.00e-01,
28576,1.20e-01,-2.00e-01,
28577,1.20e-01,-2.00e-01,
28578,1.20e-01,2.00e-01,
28579,1.20e-01,2.00e-01,
28580,1.20e-01,2.00e-01,
28581,1.20e-01,2.00e-01,
28582,1.20e-01,2.00e-01,
28583,1.20e-01,2.00e-01,
28584,1.20e-01,-2.00e-01,
28585,1.20e-01,2.00e-01,
28586,1.20e-01,2.00e-01,
28587,1.20e-01,2.00e-01,
28588,1.20e-01,2.00e-01,
28589,1.20e-01,2.00e-01,
28590,1.20e-01,2.00e-01,
28591,1.20e-01,2.00e-01,
28592,1.20e-01,-2.00e-01,
28593,1.20e-01,2.00e-01,
28594,1.20e-01,2.00e-01,
28595,1.20e-01,2.00e-01,
28596,1.20e-01,2.00e-01,
28597,1.20e-01,-2.00e-01,
28598,1.20e-01,2.00e-01,
28599,1.20e-01,2.00e-01,
28600,1.20e-01,2.00e-01,
28601,1.20e-01,2.00e-01,
28602,1.20e-01,2.00e-01,
28603,1.20e-01,2.00e-01,
28604,1.20e-01,-2.00e-01,
28605,1.28e-01,-2.00e-01,
28606,1.20e-01,2.00e-01,
28607,1.20e-01,2.00e-01,
28608,1.20e-01,2.00e-01,
28609,1.20e-01,-2.00e-01,
28610,1.20e-01,2.00e-01,
28611,1.20e-01,2.00e-01,
28612,1.20e-01,2.00e-01,
28613,1.28e-01,2.00e-01,
28614,1.20e-01,2.00e-01,
28615,1.20e-01,2.00e-01,
28616,1.20e-01,2.00e-01,
28617,1.28e-01,-2.00e-01,
28618,1.20e-01,2.00e-01,
28619,1.20e-01,2.00e-01,
28620,1.20e-01,2.00e-01,
28621,1.28e-01,-2.00e-01,
28622,1.20e-01,2.00e-01,
28623,1.20e-01,2.00e-01,
28624,1.20e-01,2.00e-01,
28625,1.28e-01,2.00e-01,
28626,1.20e-01,2.00e-01,
28627,1.28e-01,2.00e-01,
28628,1.20e-01,2.00e-01,
28629,1.28e-01,-2.00e-01,
28630,1.28e-01,2.00e-01,
28631,1.28e-01,2.00e-01,
28632,1.28e-01,-2.00e-01,
28633,1.28e-01,2.00e-01,
28634,1.28e-01,2.00e-01,
28635,1.28e-01,2.00e-01,
28636,1.28e-01,2.00e-01,
28637,1.28e-01,-2.00e-01,
28638,1.28e-01,2.00e-01,
28639,1.28e-01,2.00e-01,
28640,1.28e-01,-2.00e-01,
28641,1.28e-01,2.00e-01,
28642,1.28e-01,2.00e-01,
28643,1.28e-01,2.00e-01,
28644,1.28e-01,2.00e-01,
28645,1.28e-01,-2.00e-01,
28646,1.28e-01,2.00e-01,
28647,1.28e-01,2.00e-01,
28648,1.28e-01,-2.00e-01,
28649,1.28e-01,2.00e-01,
28650,1.28e-01,2.00e-01,
28651,1.28e-01,2.00e-01,
28652,1.28e-01,2.00e-01,
28653,1.28e-01,2.00e-01,
28654,1.28e-01,2.00e-01,
28655,1.28e-01,2.00e-01,
28656,1.28e-01,2.00e-01,
28657,1.28e-01,2.00e-01,
28658,1.28e-01,2.00e-01,
28659,1.28e-01,2.00e-01,
28660,1.28e-01,2.00e-01,
28661,1.28e-01,2.00e-01,
28662,1.28e-01,2.00e-01,
28663,1.28e-01,2.00e-01,
28664,1.28e-01,2.00e-01,
28665,1.28e-01,-2.00e-01,
28666,1.28e-01,2.00e-01,
28667,1.28e-01,2.00e-01,
28668,1.28e-01,2.00e-01,
28669,1.28e-01,-2.00e-01,
28670,1.28e-01,2.00e-01,
28671,1.28e-01,2.00e-01,
28672,1.28e-01,-2.00e-01,
28673,1.36e-01,2.00e-01,
28674,1.28e-01,2.00e-01,
28675,1.28e-01,2.00e-01,
28676,1.28e-01,2.00e-01,
28677,1.36e-01,-2.00e-01,
28678,1.28e-01,2.00e-01,
28679,1.28e-01,2.00e-01,
28680,1.28e-01,-2.00e-01,
28681,1.36e-01,2.00e-01,
28682,1.28e-01,2.00e-01,
28683,1.28e-01,2.00e-01,
28684,1.36e-01,2.00e-01,
28685,1.36e-01,2.00e-01,
28686,1.28e-01,2.00e-01,
28687,1.28e-01,2.00e-01,
28688,1.28e-01,2.00e-01,
28689,1.36e-01,-2.00e-01,
28690,1.28e-01,2.00e-01,
28691,1.36e-01,2.00e-01,
28692,1.28e-01,2.00e-01,
28693,1.36e-01,2.00e-01,
28694,1.36e-01,2.00e-01,
28695,1.36e-01,2.00e-01,
28696,1.28e-01,2.00e-01,
28697,1.36e-01,2.00e-01,
28698,1.36e-01,2.00e-01,
28699,1.36e-01,2.00e-01,
28700,1.36e-01,2.00e-01,
28701,1.36e-01,-2.00e-01,
28702,1.36e-01,2.00e-01,
28703,1.36e-01,2.00e-01,
28704,1.36e-01,2.00e-01,
28705,1.36e-01,2.00e-01,
28706,1.36e-01,2.00e-01,
28707,1.36e-01,2.00e-01,
28708,1.36e-01,2.00e-01,
28709,1.36e-01,-2.00e-01,
28710,1.36e-01,2.00e-01,
28711,1.36e-01,2.00e-01,
28712,1.36e-01,2.00e-01,
28713,1.36e-01,2.00e-01,
28714,1.36e-01,2.00e-01,
28715,1.36e-01,2.00e-01,
28716,1.36e-01,2.00e-01,
28717,1.36e-01,2.00e-01,
28718,1.36e-01,2.00e-01,
28719,1.36e-01,2.00e-01,
28720,1.36e-01,-2.00e-01,
28721,1.36e-01,2.00e-01,
28722,1.36e-01,2.00e-01,
28723,1.36e-01,2.00e-01,
28724,1.36e-01,2.00e-01,
28725,1.36e-01,-2.00e-01,
28726,1.36e-01,2.00e-01,
28727,1.36e-01,2.00e-01,
28728,1.36e-01,-2.00e-01,
28729,1.36e-01,2.00e-01,
28730,1.36e-01,-2.00e-01,
28731,1.36e-01,2.00e-01,
28732,1.36e-01,2.00e-01,
28733,1.52e-01,-2.00e-01,
28734,1.36e-01,2.00e-01,
28735,1.36e-01,2.00e-01,
28736,1.36e-01,2.00e-01,
28737,1.36e-01,2.00e-01,
28738,1.36e-01,2.00e-01,
28739,1.36e-01,2.00e-01,
28740,1.36e-01,2.00e-01,
28741,1.52e-01,-2.00e-01,
28742,1.36e-01,2.00e-01,
28743,1.36e-01,2.00e-01,
28744,1.36e-01,-2.00e-01,
28745,1.52e-01,2.00e-01,
28746,1.36e-01,2.00e-01,
28747,1.36e-01,2.00e-01,
28748,1.36e-01,2.00e-01,
28749,1.52e-01,-2.00e-01,
28750,1.36e-01,2.00e-01,
28751,1.36e-01,2.00e-01,
28752,1.36e-01,-2.00e-01,
28753,1.52e-01,2.00e-01,
28754,1.36e-01,2.00e-01,
28755,1.52e-01,2.00e-01,
28756,1.52e-01,2.00e-01,
28757,1.52e-01,2.00e-01,
28758,1.36e-01,2.00e-01,
28759,1.52e-01,2.00e-01,
28760,1.52e-01,-2.00e-01,
28761,1.52e-01,2.00e-01,
28762,1.52e-01,2.00e-01,
28763,1.52e-01,2.00e-01,
28764,1.52e-01,2.00e-01,
28765,1.52e-01,-2.00e-01,
28766,1.52e-01,2.00e-01,
28767,1.36e-01,2.00e-01,
28768,1.52e-01,2.00e-01,
28769,1.52e-01,-2.00e-01,
28770,1.52e-01,2.00e-01,
28771,1.36e-01,2.00e-01,
28772,1.52e-01,2.00e-01,
28773,1.52e-01,2.00e-01,
28774,1.52e-01,2.00e-01,
28775,1.52e-01,2.00e-01,
28776,1.52e-01,2.00e-01,
28777,1.52e-01,2.00e-01,
28778,1.52e-01,2.00e-01,
28779,1.52e-01,2.00e-01,
28780,1.52e-01,2.00e-01,
28781,1.52e-01,2.00e-01,
28782,1.52e-01,2.00e-01,
28783,1.52e-01,2.00e-01,
28784,1.52e-01,2.00e-01,
28785,1.52e-01,2.00e-01,
28786,1.52e-01,2.00e-01,
28787,1.52e-01,2.00e-01,
28788,1.52e-01,2.00e-01,
28789,1.52e-01,-2.00e-01,
28790,1.52e-01,2.00e-01,
28791,1.52e-01,2.00e-01,
28792,1.52e-01,2.00e-01,
28793,1.52e-01,2.00e-01,
28794,1.52e-01,2.00e-01,
28795,1.52e-01,2.00e-01,
28796,1.52e-01,2.00e-01,
28797,1.52e-01,-2.00e-01,
28798,1.52e-01,2.00e-01,
28799,1.52e-01,2.00e-01,
28800,1.52e-01,-2.00e-01,
28801,1.52e-01,2.00e-01,
28802,1.52e-01,2.00e-01,
28803,1.52e-01,2.00e-01,
28804,1.52e-01,2.00e-01,
28805,1.60e-01,2.00e-01,
28806,1.52e-01,2.00e-01,
28807,1.52e-01,2.00e-01,
28808,1.52e-01,-2.00e-01,
28809,1.60e-01,-2.00e-01,
28810,1.52e-01,2.00e-01,
28811,1.52e-01,2.00e-01,
28812,1.52e-01,2.00e-01,
28813,1.60e-01,2.00e-01,
28814,1.52e-01,2.00e-01,
28815,1.52e-01,2.00e-01,
28816,1.52e-01,-2.00e-01,
28817,1.60e-01,2.00e-01,
28818,1.52e-01,2.00e-01,
28819,1.52e-01,2.00e-01,
28820,1.52e-01,2.00e-01,
28821,1.60e-01,2.00e-01,
28822,1.60e-01,2.00e-01,
28823,1.52e-01,2.00e-01,
28824,1.52e-01,-2.00e-01,
28825,1.60e-01,2.00e-01,
28826,1.52e-01,2.00e-01,
28827,1.60e-01,2.00e-01,
28828,1.52e-01,2.00e-01,
28829,1.60e-01,-2.00e-01,
28830,1.52e-01,2.00e-01,
28831,1.52e-01,2.00e-01,
28832,1.60e-01,2.00e-01,
28833,1.60e-01,2.00e-01,
28834,1.60e-01,2.00e-01,
28835,1.60e-01,2.00e-01,
28836,1.60e-01,2.00e-01,
28837,1.60e-01,2.00e-01,
28838,1.60e-01,2.00e-01,
28839,1.60e-01,2.00e-01,
28840,1.60e-01,2.00e-01,
28841,1.60e-01,2.00e-01,
28842,1.60e-01,2.00e-01,
28843,1.60e-01,2.00e-01,
28844,1.60e-01,2.00e-01,
28845,1.60e-01,-2.00e-01,
28846,1.60e-01,2.00e-01,
28847,1.60e-01,2.00e-01,
28848,1.60e-01,2.00e-01,
28849,1.60e-01,2.00e-01,
28850,1.60e-01,2.00e-01,
28851,1.60e-01,2.00e-01,
28852,1.60e-01,2.00e-01,
28853,1.60e-01,2.00e-01,
28854,1.60e-01,2.00e-01,
28855,1.60e-01,2.00e-01,
28856,1.60e-01,2.00e-01,
28857,1.60e-01,2.00e-01,
28858,1.60e-01,2.00e-01,
28859,1.60e-01,2.00e-01,
28860,1.60e-01,2.00e-01,
28861,1.60e-01,2.00e-01,
28862,1.60e-01,2.00e-01,
28863,1.60e-01,2.00e-01,
28864,1.60e-01,-2.00e-01,
28865,1.60e-01,2.00e-01,
28866,1.60e-01,2.00e-01,
28867,1.60e-01,2.00e-01,
28868,1.60e-01,2.00e-01,
28869,1.60e-01,2.00e-01,
28870,1.60e-01,2.00e-01,
28871,1.60e-01,2.00e-01,
28872,1.60e-01,2.00e-01,
28873,1.60e-01,2.00e-01,
28874,1.60e-01,2.00e-01,
28875,1.60e-01,2.00e-01,
28876,1.60e-01,2.00e-01,
28877,1.68e-01,2.00e-01,
28878,1.60e-01,2.00e-01,
28879,1.60e-01,2.00e-01,
28880,1.60e-01,2.00e-01,
28881,1.68e-01,2.00e-01,
28882,1.60e-01,2.00e-01,
28883,1.60e-01,2.00e-01,
28884,1.60e-01,2.00e-01,
28885,1.68e-01,2.00e-01,
28886,1.60e-01,2.00e-01,
28887,1.60e-01,2.00e-01,
28888,1.60e-01,2.00e-01,
28889,1.68e-01,2.00e-01,
28890,1.60e-01,2.00e-01,
28891,1.60e-01,2.00e-01,
28892,1.60e-01,2.00e-01,
28893,1.68e-01,2.00e-01,
28894,1.60e-01,2.00e-01,
28895,1.60e-01,2.00e-01,
28896,1.60e-01,2.00e-01,
28897,1.68e-01,2.00e-01,
28898,1.60e-01,2.00e-01,
28899,1.68e-01,2.00e-01,
28900,1.68e-01,2.00e-01,
28901,1.68e-01,2.00e-01,
28902,1.68e-01,2.00e-01,
28903,1.60e-01,2.00e-01,
28904,1.68e-01,2.00e-01,
28905,1.68e-01,2.00e-01,
28906,1.60e-01,2.00e-01,
28907,1.68e-01,2.00e-01,
28908,1.60e-01,2.00e-01,
28909,1.68e-01,-2.00e-01,
28910,1.68e-01,2.00e-01,
28911,1.68e-01,2.00e-01,
28912,1.68e-01,-2.00e-01,
28913,1.68e-01,2.00e-01,
28914,1.68e-01,2.00e-01,
28915,1.68e-01,2.00e-01,
28916,1.68e-01,2.00e-01,
28917,1.68e-01,-2.00e-01,
28918,1.68e-01,2.00e-01,
28919,1.68e-01,2.00e-01,
28920,1.68e-01,2.00e-01,
28921,1.68e-01,2.00e-01,
28922,1.68e-01,2.00e-01,
28923,1.68e-01,2.00e-01,
28924,1.68e-01,2.00e-01,
28925,1.68e-01,2.00e-01,
28926,1.68e-01,2.00e-01,
28927,1.68e-01,2.00e-01,
28928,1.68e-01,2.00e-01,
28929,1.68e-01,2.00e-01,
28930,1.68e-01,-2.00e-01,
28931,1.68e-01,2.00e-01,
28932,1.68e-01,2.00e-01,
28933,1.68e-01,-2.00e-01,
28934,1.68e-01,2.00e-01,
28935,1.68e-01,2.00e-01,
28936,1.68e-01,2.00e-01,
28937,1.68e-01,2.00e-01,
28938,1.68e-01,2.00e-01,
28939,1.68e-01,2.00e-01,
28940,1.68e-01,2.00e-01,
28941,1.68e-01,2.00e-01,
28942,1.68e-01,2.00e-01,
28943,1.68e-01,2.00e-01,
28944,1.68e-01,2.00e-01,
28945,1.68e-01,2.00e-01,
28946,1.68e-01,2.00e-01,
28947,1.68e-01,2.00e-01,
28948,1.68e-01,2.00e-01,
28949,1.76e-01,-2.00e-01,
28950,1.68e-01,2.00e-01,
28951,1.68e-01,2.00e-01,
28952,1.68e-01,-2.00e-01,
28953,1.76e-01,2.00e-01,
28954,1.68e-01,2.00e-01,
28955,1.68e-01,2.00e-01,
28956,1.68e-01,2.00e-01,
28957,1.76e-01,2.00e-01,
28958,1.68e-01,2.00e-01,
28959,1.68e-01,2.00e-01,
28960,1.76e-01,-2.00e-01,
28961,1.76e-01,2.00e-01,
28962,1.68e-01,2.00e-01,
28963,1.76e-01,2.00e-01,
28964,1.68e-01,2.00e-01,
28965,1.76e-01,2.00e-01,
28966,1.68e-01,2.00e-01,
28967,1.76e-01,2.00e-01,
28968,1.76e-01,2.00e-01,
28969,1.76e-01,2.00e-01,
28970,1.68e-01,2.00e-01,
28971,1.76e-01,2.00e-01,
28972,1.68e-01,2.00e-01,
28973,1.76e-01,2.00e-01,
28974,1.76e-01,2.00e-01,
28975,1.76e-01,2.00e-01,
28976,1.76e-01,2.00e-01,
28977,1.76e-01,2.00e-01,
28978,1.76e-01,2.00e-01,
28979,1.76e-01,2.00e-01,
28980,1.76e-01,2.00e-01,
28981,1.76e-01,2.00e-01,
28982,1.76e-01,2.00e-01,
28983,1.76e-01,2.00e-01,
28984,1.76e-01,2.00e-01,
28985,1.76e-01,2.00e-01,
28986,1.76e-01,2.00e-01,
28987,1.76e-01,2.00e-01,
28988,1.76e-01,2.00e-01,
28989,1.76e-01,2.00e-01,
28990,1.76e-01,2.00e-01,
28991,1.76e-01,2.00e-01,
28992,1.76e-01,2.00e-01,
28993,1.76e-01,2.00e-01,
28994,1.76e-01,2.00e-01,
28995,1.76e-01,2.00e-01,
28996,1.76e-01,2.00e-01,
28997,1.76e-01,2.00e-01,
28998,1.76e-01,2.00e-01,
28999,1.76e-01,2.00e-01,
29000,1.76e-01,2.00e-01,
29001,1.76e-01,2.00e-01,
29002,1.76e-01,2.00e-01,
29003,1.76e-01,2.00e-01,
29004,1.76e-01,2.00e-01,
29005,1.76e-01,2.00e-01,
29006,1.76e-01,2.00e-01,
29007,1.76e-01,2.00e-01,
29008,1.76e-01,2.00e-01,
29009,1.76e-01,2.00e-01,
29010,1.76e-01,2.00e-01,
29011,1.76e-01,2.00e-01,
29012,1.76e-01,2.00e-01,
29013,1.84e-01,2.00e-01,
29014,1.76e-01,2.00e-01,
29015,1.76e-01,2.00e-01,
29016,1.76e-01,2.00e-01,
29017,1.84e-01,2.00e-01,
29018,1.76e-01,2.00e-01,
29019,1.76e-01,2.00e-01,
29020,1.76e-01,2.00e-01,
29021,1.84e-01,2.00e-01,
29022,1.76e-01,2.00e-01,
29023,1.76e-01,2.00e-01,
29024,1.76e-01,2.00e-01,
29025,1.84e-01,2.00e-01,
29026,1.76e-01,2.00e-01,
29027,1.76e-01,2.00e-01,
29028,1.76e-01,2.00e-01,
29029,1.84e-01,-2.00e-01,
29030,1.76e-01,2.00e-01,
29031,1.76e-01,2.00e-01,
29032,1.84e-01,2.00e-01,
29033,1.84e-01,2.00e-01,
29034,1.76e-01,2.00e-01,
29035,1.84e-01,2.00e-01,
29036,1.76e-01,2.00e-01,
29037,1.84e-01,-2.00e-01,
29038,1.76e-01,2.00e-01,
29039,1.84e-01,2.00e-01,
29040,1.84e-01,2.00e-01,
29041,1.84e-01,2.00e-01,
29042,1.84e-01,2.00e-01,
29043,1.84e-01,2.00e-01,
29044,1.76e-01,2.00e-01,
29045,1.84e-01,2.00e-01,
29046,1.84e-01,2.00e-01,
29047,1.84e-01,2.00e-01,
29048,1.84e-01,2.00e-01,
29049,1.84e-01,2.00e-01,
29050,1.84e-01,2.00e-01,
29051,1.84e-01,2.00e-01,
29052,1.84e-01,2.00e-01,
29053,1.84e-01,2.00e-01,
29054,1.84e-01,2.00e-01,
29055,1.84e-01,2.00e-01,
29056,1.84e-01,2.00e-01,
29057,1.84e-01,2.00e-01,
29058,1.84e-01,2.00e-01,
29059,1.84e-01,2.00e-01,
29060,1.84e-01,-2.00e-01,
29061,1.84e-01,2.00e-01,
29062,1.84e-01,2.00e-01,
29063,1.84e-01,2.00e-01,
29064,1.84e-01,2.00e-01,
29065,1.84e-01,2.00e-01,
29066,1.84e-01,2.00e-01,
29067,1.84e-01,2.00e-01,
29068,1.84e-01,2.00e-01,
29069,1.84e-01,2.00e-01,
29070,1.84e-01,2.00e-01,
29071,1.84e-01,2.00e-01,
29072,1.84e-01,2.00e-01,
29073,1.84e-01,2.00e-01,
29074,1.84e-01,2.00e-01,
29075,1.84e-01,2.00e-01,
29076,1.84e-01,2.00e-01,
29077,1.84e-01,2.00e-01,
29078,1.84e-01,2.00e-01,
29079,1.84e-01,2.00e-01,
29080,1.84e-01,2.00e-01,
29081,1.92e-01,2.00e-01,
29082,1.84e-01,2.00e-01,
29083,1.84e-01,2.00e-01,
29084,1.84e-01,2.00e-01,
29085,1.92e-01,2.00e-01,
29086,1.84e-01,2.00e-01,
29087,1.84e-01,2.00e-01,
29088,1.84e-01,2.00e-01,
29089,1.92e-01,2.00e-01,
29090,1.84e-01,2.00e-01,
29091,1.84e-01,2.00e-01,
29092,1.84e-01,2.00e-01,
29093,1.92e-01,2.00e-01,
29094,1.84e-01,2.00e-01,
29095,1.84e-01,2.00e-01,
29096,1.84e-01,2.00e-01,
29097,1.92e-01,-2.00e-01,
29098,1.84e-01,2.00e-01,
29099,1.92e-01,2.00e-01,
29100,1.84e-01,2.00e-01,
29101,1.92e-01,2.00e-01,
29102,1.84e-01,2.00e-01,
29103,1.92e-01,2.00e-01,
29104,1.84e-01,2.00e-01,
29105,1.92e-01,2.00e-01,
29106,1.92e-01,2.00e-01,
29107,1.92e-01,2.00e-01,
29108,1.84e-01,2.00e-01,
29109,1.92e-01,2.00e-01,
29110,1.92e-01,2.00e-01,
29111,1.92e-01,2.00e-01,
29112,1.92e-01,2.00e-01,
29113,1.92e-01,2.00e-01,
29114,1.84e-01,2.00e-01,
29115,1.92e-01,2.00e-01,
29116,1.92e-01,2.00e-01,
29117,1.92e-01,2.00e-01,
29118,1.92e-01,2.00e-01,
29119,1.92e-01,2.00e-01,
29120,1.92e-01,2.00e-01,
29121,1.92e-01,2.00e-01,
29122,1.92e-01,2.00e-01,
29123,1.92e-01,2.00e-01,
29124,1.92e-01,2.00e-01,
29125,1.92e-01,2.00e-01,
29126,1.92e-01,2.00e-01,
29127,1.92e-01,2.00e-01,
29128,1.92e-01,2.00e-01,
29129,1.92e-01,6.00e-01,
29130,1.92e-01,2.00e-01,
29131,1.92e-01,2.00e-01,
29132,1.92e-01,2.00e-01,
29133,1.92e-01,-2.00e-01,
29134,1.92e-01,2.00e-01,
29135,1.92e-01,2.00e-01,
29136,1.92e-01,2.00e-01,
29137,1.92e-01,2.00e-01,
29138,1.92e-01,2.00e-01,
29139,1.92e-01,2.00e-01,
29140,1.92e-01,2.00e-01,
29141,1.92e-01,2.00e-01,
29142,1.92e-01,2.00e-01,
29143,1.92e-01,2.00e-01,
29144,1.92e-01,2.00e-01,
29145,1.92e-01,2.00e-01,
29146,1.92e-01,2.00e-01,
29147,1.92e-01,2.00e-01,
29148,1.92e-01,2.00e-01,
29149,2.00e-01,2.00e-01,
29150,1.92e-01,2.00e-01,
29151,1.92e-01,2.00e-01,
29152,1.92e-01,2.00e-01,
29153,2.00e-01,2.00e-01,
29154,1.92e-01,2.00e-01,
29155,1.92e-01,2.00e-01,
29156,1.92e-01,2.00e-01,
29157,2.00e-01,2.00e-01,
29158,1.92e-01,2.00e-01,
29159,1.92e-01,2.00e-01,
29160,1.92e-01,2.00e-01,
29161,2.00e-01,2.00e-01,
29162,1.92e-01,2.00e-01,
29163,1.92e-01,2.00e-01,
29164,1.92e-01,2.00e-01,
29165,2.00e-01,2.00e-01,
29166,1.92e-01,2.00e-01,
29167,1.92e-01,2.00e-01,
29168,2.00e-01,2.00e-01,
29169,2.00e-01,2.00e-01,
29170,1.92e-01,2.00e-01,
29171,1.92e-01,2.00e-01,
29172,1.92e-01,2.00e-01,
29173,2.00e-01,2.00e-01,
29174,1.92e-01,2.00e-01,
29175,2.00e-01,2.00e-01,
29176,1.92e-01,2.00e-01,
29177,2.00e-01,2.00e-01,
29178,1.92e-01,2.00e-01,
29179,2.00e-01,2.00e-01,
29180,1.92e-01,2.00e-01,
29181,2.00e-01,2.00e-01,
29182,2.00e-01,2.00e-01,
29183,2.00e-01,2.00e-01,
29184,2.00e-01,2.00e-01,
29185,2.00e-01,2.00e-01,
29186,1.92e-01,2.00e-01,
29187,2.00e-01,2.00e-01,
29188,2.00e-01,2.00e-01,
29189,2.00e-01,2.00e-01,
29190,2.00e-01,2.00e-01,
29191,2.00e-01,2.00e-01,
29192,2.00e-01,2.00e-01,
29193,2.00e-01,2.00e-01,
29194,2.00e-01,2.00e-01,
29195,2.00e-01,2.00e-01,
29196,2.00e-01,2.00e-01,
29197,2.00e-01,2.00e-01,
29198,2.00e-01,2.00e-01,
29199,2.00e-01,2.00e-01,
29200,2.00e-01,2.00e-01,
29201,2.00e-01,2.00e-01,
29202,2.00e-01,2.00e-01,
29203,2.00e-01,2.00e-01,
29204,2.00e-01,2.00e-01,
29205,2.00e-01,2.00e-01,
29206,2.00e-01,2.00e-01,
29207,2.00e-01,2.00e-01,
29208,2.00e-01,2.00e-01,
29209,2.00e-01,2.00e-01,
29210,2.00e-01,2.00e-01,
29211,2.00e-01,2.00e-01,
29212,2.00e-01,2.00e-01,
29213,2.00e-01,2.00e-01,
29214,2.00e-01,2.00e-01,
29215,2.00e-01,2.00e-01,
29216,2.00e-01,2.00e-01,
29217,2.00e-01,2.00e-01,
29218,2.00e-01,2.00e-01,
29219,2.00e-01,2.00e-01,
29220,2.00e-01,2.00e-01,
29221,2.00e-01,2.00e-01,
29222,2.00e-01,2.00e-01,
29223,2.00e-01,2.00e-01,
29224,2.00e-01,2.00e-01,
29225,2.08e-01,2.00e-01,
29226,2.00e-01,2.00e-01,
29227,2.00e-01,2.00e-01,
29228,2.00e-01,2.00e-01,
29229,2.08e-01,2.00e-01,
29230,2.00e-01,2.00e-01,
29231,2.00e-01,2.00e-01,
29232,2.00e-01,2.00e-01,
29233,2.08e-01,2.00e-01,
29234,2.00e-01,2.00e-01,
29235,2.00e-01,2.00e-01,
29236,2.00e-01,2.00e-01,
29237,2.08e-01,2.00e-01,
29238,2.00e-01,2.00e-01,
29239,2.08e-01,2.00e-01,
29240,2.00e-01,2.00e-01,
29241,2.08e-01,2.00e-01,
29242,2.00e-01,2.00e-01,
29243,2.08e-01,2.00e-01,
29244,2.00e-01,2.00e-01,
29245,2.08e-01,2.00e-01,
29246,2.00e-01,2.00e-01,
29247,2.08e-01,2.00e-01,
29248,2.08e-01,2.00e-01,
29249,2.08e-01,2.00e-01,
29250,2.08e-01,2.00e-01,
29251,2.00e-01,2.00e-01,
29252,2.08e-01,2.00e-01,
29253,2.08e-01,2.00e-01,
29254,2.08e-01,2.00e-01,
29255,2.08e-01,2.00e-01,
29256,2.08e-01,2.00e-01,
29257,2.08e-01,2.00e-01,
29258,2.08e-01,2.00e-01,
29259,2.08e-01,2.00e-01,
29260,2.08e-01,2.00e-01,
29261,2.08e-01,2.00e-01,
29262,2.08e-01,2.00e-01,
29263,2.08e-01,2.00e-01,
29264,2.08e-01,2.00e-01,
29265,2.08e-01,2.00e-01,
29266,2.08e-01,2.00e-01,
29267,2.08e-01,2.00e-01,
29268,2.08e-01,2.00e-01,
29269,2.08e-01,2.00e-01,
29270,2.08e-01,2.00e-01,
29271,2.08e-01,2.00e-01,
29272,2.08e-01,2.00e-01,
29273,2.08e-01,2.00e-01,
29274,2.08e-01,2.00e-01,
29275,2.08e-01,2.00e-01,
29276,2.08e-01,2.00e-01,
29277,2.16e-01,2.00e-01,
29278,2.08e-01,2.00e-01,
29279,2.08e-01,2.00e-01,
29280,2.08e-01,2.00e-01,
29281,2.08e-01,2.00e-01,
29282,2.08e-01,2.00e-01,
29283,2.08e-01,2.00e-01,
29284,2.08e-01,2.00e-01,
29285,2.08e-01,2.00e-01,
29286,2.08e-01,2.00e-01,
29287,2.08e-01,2.00e-01,
29288,2.08e-01,2.00e-01,
29289,2.16e-01,2.00e-01,
29290,2.08e-01,2.00e-01,
29291,2.08e-01,2.00e-01,
29292,2.08e-01,2.00e-01,
29293,2.16e-01,2.00e-01,
29294,2.08e-01,2.00e-01,
29295,2.08e-01,2.00e-01,
29296,2.08e-01,2.00e-01,
29297,2.16e-01,2.00e-01,
29298,2.08e-01,2.00e-01,
29299,2.08e-01,2.00e-01,
29300,2.08e-01,2.00e-01,
29301,2.08e-01,2.00e-01,
29302,2.08e-01,2.00e-01,
29303,2.08e-01,6.00e-01,
29304,2.08e-01,2.00e-01,
29305,2.16e-01,2.00e-01,
29306,2.08e-01,2.00e-01,
29307,2.08e-01,2.00e-01,
29308,2.08e-01,2.00e-01,
29309,2.16e-01,2.00e-01,
29310,2.08e-01,2.00e-01,
29311,2.16e-01,2.00e-01,
29312,2.08e-01,2.00e-01,
29313,2.16e-01,2.00e-01,
29314,2.08e-01,2.00e-01,
29315,2.08e-01,2.00e-01,
29316,2.16e-01,2.00e-01,
29317,2.16e-01,2.00e-01,
29318,2.16e-01,2.00e-01,
29319,2.16e-01,2.00e-01,
29320,2.16e-01,2.00e-01,
29321,2.16e-01,2.00e-01,
29322,2.08e-01,2.00e-01,
29323,2.16e-01,2.00e-01,
29324,2.08e-01,2.00e-01,
29325,2.16e-01,2.00e-01,
29326,2.16e-01,2.00e-01,
29327,2.16e-01,2.00e-01,
29328,2.16e-01,2.00e-01,
29329,2.16e-01,6.00e-01,
29330,2.16e-01,-2.00e-01,
29331,2.16e-01,6.00e-01,
29332,2.16e-01,2.00e-01,
29333,2.16e-01,2.00e-01,
29334,2.08e-01,2.00e-01,
29335,2.16e-01,2.00e-01,
29336,2.16e-01,2.00e-01,
29337,2.16e-01,2.00e-01,
29338,2.16e-01,2.00e-01,
29339,2.16e-01,2.00e-01,
29340,2.16e-01,2.00e-01,
29341,2.16e-01,2.00e-01,
29342,2.16e-01,2.00e-01,
29343,2.16e-01,2.00e-01,
29344,2.16e-01,2.00e-01,
29345,2.16e-01,2.00e-01,
29346,2.16e-01,2.00e-01,
29347,2.16e-01,2.00e-01,
29348,2.16e-01,2.00e-01,
29349,2.16e-01,2.00e-01,
29350,2.16e-01,2.00e-01,
29351,2.16e-01,6.00e-01,
29352,2.16e-01,2.00e-01,
29353,2.24e-01,2.00e-01,
29354,2.16e-01,2.00e-01,
29355,2.16e-01,2.00e-01,
29356,2.16e-01,2.00e-01,
29357,2.24e-01,2.00e-01,
29358,2.16e-01,2.00e-01,
29359,2.16e-01,2.00e-01,
29360,2.16e-01,2.00e-01,
29361,2.24e-01,2.00e-01,
29362,2.16e-01,2.00e-01,
29363,2.16e-01,2.00e-01,
29364,2.16e-01,2.00e-01,
29365,2.24e-01,2.00e-01,
29366,2.16e-01,2.00e-01,
29367,2.16e-01,2.00e-01,
29368,2.16e-01,2.00e-01,
29369,2.24e-01,2.00e-01,
29370,2.16e-01,2.00e-01,
29371,2.16e-01,2.00e-01,
29372,2.16e-01,2.00e-01,
29373,2.24e-01,2.00e-01,
29374,2.16e-01,2.00e-01,
29375,2.24e-01,2.00e-01,
29376,2.16e-01,2.00e-01,
29377,2.24e-01,2.00e-01,
29378,2.16e-01,2.00e-01,
29379,2.16e-01,2.00e-01,
29380,2.16e-01,2.00e-01,
29381,2.24e-01,2.00e-01,
29382,2.16e-01,2.00e-01,
29383,2.16e-01,2.00e-01,
29384,2.16e-01,2.00e-01,
29385,2.24e-01,2.00e-01,
29386,2.16e-01,2.00e-01,
29387,2.24e-01,2.00e-01,
29388,2.16e-01,2.00e-01,
29389,2.24e-01,2.00e-01,
29390,2.24e-01,2.00e-01,
29391,2.24e-01,2.00e-01,
29392,2.24e-01,2.00e-01,
29393,2.24e-01,2.00e-01,
29394,2.16e-01,2.00e-01,
29395,2.24e-01,2.00e-01,
29396,2.24e-01,2.00e-01,
29397,2.24e-01,2.00e-01,
29398,2.24e-01,2.00e-01,
29399,2.24e-01,2.00e-01,
29400,2.24e-01,2.00e-01,
29401,2.24e-01,2.00e-01,
29402,2.24e-01,2.00e-01,
29403,2.24e-01,2.00e-01,
29404,2.24e-01,2.00e-01,
29405,2.24e-01,2.00e-01,
29406,2.24e-01,2.00e-01,
29407,2.24e-01,2.00e-01,
29408,2.24e-01,2.00e-01,
29409,2.24e-01,2.00e-01,
29410,2.24e-01,2.00e-01,
29411,2.24e-01,2.00e-01,
29412,2.24e-01,2.00e-01,
29413,2.24e-01,2.00e-01,
29414,2.24e-01,2.00e-01,
29415,2.24e-01,2.00e-01,
29416,2.24e-01,2.00e-01,
29417,2.24e-01,2.00e-01,
29418,2.24e-01,2.00e-01,
29419,2.24e-01,2.00e-01,
29420,2.24e-01,2.00e-01,
29421,2.24e-01,2.00e-01,
29422,2.24e-01,2.00e-01,
29423,2.24e-01,2.00e-01,
29424,2.24e-01,2.00e-01,
29425,2.24e-01,2.00e-01,
29426,2.24e-01,2.00e-01,
29427,2.24e-01,2.00e-01,
29428,2.24e-01,2.00e-01,
29429,2.32e-01,2.00e-01,
29430,2.24e-01,2.00e-01,
29431,2.24e-01,2.00e-01,
29432,2.24e-01,2.00e-01,
29433,2.32e-01,2.00e-01,
29434,2.24e-01,2.00e-01,
29435,2.24e-01,2.00e-01,
29436,2.24e-01,2.00e-01,
29437,2.32e-01,2.00e-01,
29438,2.24e-01,2.00e-01,
29439,2.24e-01,6.00e-01,
29440,2.24e-01,2.00e-01,
29441,2.32e-01,2.00e-01,
29442,2.24e-01,2.00e-01,
29443,2.24e-01,2.00e-01,
29444,2.24e-01,2.00e-01,
29445,2.32e-01,2.00e-01,
29446,2.24e-01,2.00e-01,
29447,2.32e-01,2.00e-01,
29448,2.24e-01,2.00e-01,
29449,2.32e-01,2.00e-01,
29450,2.24e-01,2.00e-01,
29451,2.32e-01,2.00e-01,
29452,2.24e-01,2.00e-01,
29453,2.32e-01,2.00e-01,
29454,2.24e-01,2.00e-01,
29455,2.32e-01,2.00e-01,
29456,2.32e-01,2.00e-01,
29457,2.32e-01,2.00e-01,
29458,2.24e-01,2.00e-01,
29459,2.24e-01,2.00e-01,
29460,2.24e-01,2.00e-01,
29461,2.32e-01,2.00e-01,
29462,2.32e-01,2.00e-01,
29463,2.32e-01,2.00e-01,
29464,2.32e-01,2.00e-01,
29465,2.32e-01,2.00e-01,
29466,2.32e-01,2.00e-01,
29467,2.32e-01,2.00e-01,
29468,2.32e-01,2.00e-01,
29469,2.32e-01,2.00e-01,
29470,2.32e-01,2.00e-01,
29471,2.32e-01,6.00e-01,
29472,2.32e-01,2.00e-01,
29473,2.32e-01,2.00e-01,
29474,2.32e-01,2.00e-01,
29475,2.32e-01,2.00e-01,
29476,2.32e-01,2.00e-01,
29477,2.32e-01,2.00e-01,
29478,2.32e-01,2.00e-01,
29479,2.32e-01,2.00e-01,
29480,2.32e-01,2.00e-01,
29481,2.32e-01,2.00e-01,
29482,2.32e-01,2.00e-01,
29483,2.32e-01,2.00e-01,
29484,2.32e-01,2.00e-01,
29485,2.32e-01,2.00e-01,
29486,2.32e-01,2.00e-01,
29487,2.32e-01,2.00e-01,
29488,2.32e-01,2.00e-01,
29489,2.40e-01,2.00e-01,
29490,2.32e-01,2.00e-01,
29491,2.32e-01,2.00e-01,
29492,2.32e-01,2.00e-01,
29493,2.32e-01,2.00e-01,
29494,2.32e-01,2.00e-01,
29495,2.32e-01,2.00e-01,
29496,2.32e-01,2.00e-01,
29497,2.32e-01,2.00e-01,
29498,2.32e-01,2.00e-01,
29499,2.32e-01,2.00e-01,
29500,2.32e-01,2.00e-01,
29501,2.32e-01,2.00e-01,
29502,2.32e-01,2.00e-01,
29503,2.32e-01,2.00e-01,
29504,2.32e-01,2.00e-01,
29505,2.40e-01,2.00e-01,
29506,2.32e-01,2.00e-01,
29507,2.32e-01,2.00e-01,
29508,2.32e-01,2.00e-01,
29509,2.40e-01,2.00e-01,
29510,2.32e-01,2.00e-01,
29511,2.32e-01,6.00e-01,
29512,2.32e-01,2.00e-01,
29513,2.40e-01,2.00e-01,
29514,2.32e-01,2.00e-01,
29515,2.32e-01,2.00e-01,
29516,2.32e-01,2.00e-01,
29517,2.40e-01,2.00e-01,
29518,2.32e-01,2.00e-01,
29519,2.40e-01,2.00e-01,
29520,2.32e-01,2.00e-01,
29521,2.40e-01,2.00e-01,
29522,2.32e-01,2.00e-01,
29523,2.32e-01,2.00e-01,
29524,2.40e-01,2.00e-01,
29525,2.40e-01,2.00e-01,
29526,2.32e-01,2.00e-01,
29527,2.40e-01,2.00e-01,
29528,2.40e-01,2.00e-01,
29529,2.40e-01,6.00e-01,
29530,2.40e-01,-2.00e-01,
29531,2.32e-01,6.00e-01,
29532,2.32e-01,2.00e-01,
29533,2.40e-01,2.00e-01,
29534,2.32e-01,6.00e-01,
29535,2.40e-01,2.00e-01,
29536,2.40e-01,2.00e-01,
29537,2.40e-01,2.00e-01,
29538,2.40e-01,2.00e-01,
29539,2.40e-01,2.00e-01,
29540,2.40e-01,2.00e-01,
29541,2.40e-01,2.00e-01,
29542,2.40e-01,2.00e-01,
29543,2.40e-01,6.00e-01,
29544,2.40e-01,2.00e-01,
29545,2.40e-01,2.00e-01,
29546,2.40e-01,2.00e-01,
29547,2.40e-01,2.00e-01,
29548,2.40e-01,6.00e-01,
29549,2.40e-01,2.00e-01,
29550,2.40e-01,2.00e-01,
29551,2.40e-01,6.00e-01,
29552,2.40e-01,2.00e-01,
29553,2.40e-01,2.00e-01,
29554,2.40e-01,2.00e-01,
29555,2.40e-01,2.00e-01,
29556,2.40e-01,2.00e-01,
29557,2.40e-01,2.00e-01,
29558,2.40e-01,2.00e-01,
29559,2.40e-01,2.00e-01,
29560,2.40e-01,2.00e-01,
29561,2.40e-01,2.00e-01,
29562,2.40e-01,2.00e-01,
29563,2.40e-01,2.00e-01,
29564,2.40e-01,2.00e-01,
29565,2.40e-01,2.00e-01,
29566,2.40e-01,2.00e-01,
29567,2.40e-01,6.00e-01,
29568,2.40e-01,2.00e-01,
29569,2.40e-01,2.00e-01,
29570,2.40e-01,2.00e-01,
29571,2.40e-01,2.00e-01,
29572,2.40e-01,2.00e-01,
29573,2.40e-01,2.00e-01,
29574,2.40e-01,2.00e-01,
29575,2.40e-01,2.00e-01,
29576,2.40e-01,2.00e-01,
29577,2.40e-01,2.00e-01,
29578,2.40e-01,2.00e-01,
29579,2.40e-01,2.00e-01,
29580,2.40e-01,2.00e-01,
29581,2.48e-01,2.00e-01,
29582,2.40e-01,2.00e-01,
29583,2.40e-01,6.00e-01,
29584,2.40e-01,2.00e-01,
29585,2.48e-01,2.00e-01,
29586,2.40e-01,2.00e-01,
29587,2.40e-01,2.00e-01,
29588,2.40e-01,2.00e-01,
29589,2.48e-01,2.00e-01,
29590,2.40e-01,2.00e-01,
29591,2.40e-01,2.00e-01,
29592,2.40e-01,2.00e-01,
29593,2.48e-01,2.00e-01,
29594,2.40e-01,2.00e-01,
29595,2.48e-01,2.00e-01,
29596,2.48e-01,2.00e-01,
29597,2.48e-01,2.00e-01,
29598,2.40e-01,2.00e-01,
29599,2.48e-01,6.00e-01,
29600,2.48e-01,2.00e-01,
29601,2.48e-01,2.00e-01,
29602,2.48e-01,2.00e-01,
29603,2.48e-01,2.00e-01,
29604,2.48e-01,2.00e-01,
29605,2.48e-01,2.00e-01,
29606,2.48e-01,2.00e-01,
29607,2.48e-01,2.00e-01,
29608,2.48e-01,2.00e-01,
29609,2.48e-01,2.00e-01,
29610,2.48e-01,2.00e-01,
29611,2.48e-01,2.00e-01,
29612,2.48e-01,2.00e-01,
29613,2.48e-01,2.00e-01,
29614,2.48e-01,2.00e-01,
29615,2.48e-01,2.00e-01,
29616,2.48e-01,2.00e-01,
29617,2.48e-01,2.00e-01,
29618,2.48e-01,2.00e-01,
29619,2.48e-01,2.00e-01,
29620,2.48e-01,2.00e-01,
29621,2.48e-01,2.00e-01,
29622,2.48e-01,2.00e-01,
29623,2.48e-01,6.00e-01,
29624,2.48e-01,2.00e-01,
29625,2.48e-01,2.00e-01,
29626,2.48e-01,2.00e-01,
29627,2.48e-01,2.00e-01,
29628,2.48e-01,2.00e-01,
29629,2.48e-01,2.00e-01,
29630,2.48e-01,2.00e-01,
29631,2.48e-01,6.00e-01,
29632,2.48e-01,2.00e-01,
29633,2.48e-01,2.00e-01,
29634,2.48e-01,2.00e-01,
29635,2.48e-01,6.00e-01,
29636,2.48e-01,2.00e-01,
29637,2.56e-01,2.00e-01,
29638,2.48e-01,2.00e-01,
29639,2.48e-01,6.00e-01,
29640,2.48e-01,2.00e-01,
29641,2.56e-01,2.00e-01,
29642,2.48e-01,2.00e-01,
29643,2.48e-01,2.00e-01,
29644,2.48e-01,2.00e-01,
29645,2.56e-01,2.00e-01,
29646,2.48e-01,2.00e-01,
29647,2.48e-01,6.00e-01,
29648,2.48e-01,2.00e-01,
29649,2.56e-01,2.00e-01,
29650,2.48e-01,2.00e-01,
29651,2.48e-01,2.00e-01,
29652,2.48e-01,2.00e-01,
29653,2.56e-01,2.00e-01,
29654,2.48e-01,2.00e-01,
29655,2.48e-01,6.00e-01,
29656,2.48e-01,2.00e-01,
29657,2.56e-01,2.00e-01,
29658,2.48e-01,6.00e-01,
29659,2.48e-01,2.00e-01,
29660,2.48e-01,2.00e-01,
29661,2.56e-01,2.00e-01,
29662,2.48e-01,2.00e-01,
29663,2.56e-01,2.00e-01,
29664,2.56e-01,2.00e-01,
29665,2.56e-01,2.00e-01,
29666,2.48e-01,2.00e-01,
29667,2.48e-01,2.00e-01,
29668,2.48e-01,2.00e-01,
29669,2.56e-01,2.00e-01,
29670,2.48e-01,2.00e-01,
29671,2.56e-01,6.00e-01,
29672,2.56e-01,2.00e-01,
29673,2.56e-01,2.00e-01,
29674,2.48e-01,2.00e-01,
29675,2.56e-01,6.00e-01,
29676,2.56e-01,2.00e-01,
29677,2.56e-01,2.00e-01,
29678,2.56e-01,2.00e-01,
29679,2.56e-01,6.00e-01,
29680,2.56e-01,2.00e-01,
29681,2.56e-01,2.00e-01,
29682,2.56e-01,2.00e-01,
29683,2.56e-01,6.00e-01,
29684,2.56e-01,2.00e-01,
29685,2.56e-01,2.00e-01,
29686,2.56e-01,2.00e-01,
29687,2.56e-01,2.00e-01,
29688,2.56e-01,2.00e-01,
29689,2.56e-01,2.00e-01,
29690,2.56e-01,2.00e-01,
29691,2.56e-01,6.00e-01,
29692,2.56e-01,2.00e-01,
29693,2.56e-01,2.00e-01,
29694,2.56e-01,2.00e-01,
29695,2.56e-01,6.00e-01,
29696,2.56e-01,2.00e-01,
29697,2.64e-01,2.00e-01,
29698,2.56e-01,6.00e-01,
29699,2.56e-01,2.00e-01,
29700,2.56e-01,2.00e-01,
29701,2.56e-01,2.00e-01,
29702,2.56e-01,2.00e-01,
29703,2.56e-01,2.00e-01,
29704,2.56e-01,2.00e-01,
29705,2.64e-01,2.00e-01,
29706,2.56e-01,2.00e-01,
29707,2.56e-01,2.00e-01,
29708,2.56e-01,2.00e-01,
29709,2.64e-01,2.00e-01,
29710,2.56e-01,2.00e-01,
29711,2.56e-01,6.00e-01,
29712,2.56e-01,2.00e-01,
29713,2.64e-01,2.00e-01,
29714,2.56e-01,2.00e-01,
29715,2.56e-01,2.00e-01,
29716,2.56e-01,2.00e-01,
29717,2.64e-01,2.00e-01,
29718,2.56e-01,2.00e-01,
29719,2.56e-01,6.00e-01,
29720,2.56e-01,2.00e-01,
29721,2.64e-01,2.00e-01,
29722,2.56e-01,2.00e-01,
29723,2.56e-01,6.00e-01,
29724,2.56e-01,2.00e-01,
29725,2.64e-01,2.00e-01,
29726,2.56e-01,6.00e-01,
29727,2.56e-01,2.00e-01,
29728,2.56e-01,2.00e-01,
29729,2.56e-01,6.00e-01,
29730,2.56e-01,2.00e-01,
29731,2.56e-01,6.00e-01,
29732,2.56e-01,2.00e-01,
29733,2.64e-01,2.00e-01,
29734,2.56e-01,6.00e-01,
29735,2.64e-01,2.00e-01,
29736,2.56e-01,2.00e-01,
29737,2.64e-01,2.00e-01,
29738,2.56e-01,6.00e-01,
29739,2.56e-01,2.00e-01,
29740,2.64e-01,2.00e-01,
29741,2.64e-01,2.00e-01,
29742,2.56e-01,2.00e-01,
29743,2.64e-01,6.00e-01,
29744,2.64e-01,2.00e-01,
29745,2.64e-01,2.00e-01,
29746,2.56e-01,6.00e-01,
29747,2.64e-01,2.00e-01,
29748,2.56e-01,2.00e-01,
29749,2.64e-01,2.00e-01,
29750,2.64e-01,2.00e-01,
29751,2.64e-01,6.00e-01,
29752,2.64e-01,2.00e-01,
29753,2.64e-01,2.00e-01,
29754,2.64e-01,2.00e-01,
29755,2.64e-01,6.00e-01,
29756,2.64e-01,2.00e-01,
29757,2.64e-01,2.00e-01,
29758,2.64e-01,2.00e-01,
29759,2.64e-01,6.00e-01,
29760,2.64e-01,2.00e-01,
29761,2.64e-01,2.00e-01,
29762,2.64e-01,2.00e-01,
29763,2.64e-01,2.00e-01,
29764,2.64e-01,2.00e-01,
29765,2.64e-01,2.00e-01,
29766,2.64e-01,2.00e-01,
29767,2.64e-01,2.00e-01,
29768,2.64e-01,2.00e-01,
29769,2.64e-01,2.00e-01,
29770,2.64e-01,2.00e-01,
29771,2.64e-01,6.00e-01,
29772,2.64e-01,2.00e-01,
29773,2.64e-01,2.00e-01,
29774,2.64e-01,2.00e-01,
29775,2.64e-01,6.00e-01,
29776,2.64e-01,2.00e-01,
29777,2.64e-01,2.00e-01,
29778,2.64e-01,2.00e-01,
29779,2.64e-01,2.00e-01,
29780,2.64e-01,2.00e-01,
29781,2.64e-01,2.00e-01,
29782,2.64e-01,2.00e-01,
29783,2.64e-01,2.00e-01,
29784,2.64e-01,2.00e-01,
29785,2.72e-01,2.00e-01,
29786,2.64e-01,2.00e-01,
29787,2.64e-01,2.00e-01,
29788,2.64e-01,2.00e-01,
29789,2.72e-01,2.00e-01,
29790,2.64e-01,2.00e-01,
29791,2.64e-01,6.00e-01,
29792,2.64e-01,2.00e-01,
29793,2.72e-01,2.00e-01,
29794,2.64e-01,6.00e-01,
29795,2.64e-01,6.00e-01,
29796,2.64e-01,2.00e-01,
29797,2.72e-01,2.00e-01,
29798,2.64e-01,6.00e-01,
29799,2.64e-01,6.00e-01,
29800,2.64e-01,2.00e-01,
29801,2.72e-01,2.00e-01,
29802,2.64e-01,6.00e-01,
29803,2.64e-01,2.00e-01,
29804,2.64e-01,2.00e-01,
29805,2.72e-01,2.00e-01,
29806,2.64e-01,6.00e-01,
29807,2.64e-01,6.00e-01,
29808,2.64e-01,2.00e-01,
29809,2.72e-01,2.00e-01,
29810,2.64e-01,6.00e-01,
29811,2.72e-01,2.00e-01,
29812,2.64e-01,2.00e-01,
29813,2.72e-01,2.00e-01,
29814,2.64e-01,2.00e-01,
29815,2.72e-01,6.00e-01,
29816,2.64e-01,2.00e-01,
29817,2.72e-01,2.00e-01,
29818,2.64e-01,2.00e-01,
29819,2.72e-01,6.00e-01,
29820,2.72e-01,2.00e-01,
29821,2.72e-01,2.00e-01,
29822,2.72e-01,2.00e-01,
29823,2.72e-01,6.00e-01,
29824,2.72e-01,2.00e-01,
29825,2.72e-01,2.00e-01,
29826,2.64e-01,2.00e-01,
29827,2.72e-01,2.00e-01,
29828,2.72e-01,2.00e-01,
29829,2.72e-01,2.00e-01,
29830,2.72e-01,2.00e-01,
29831,2.72e-01,6.00e-01,
29832,2.72e-01,2.00e-01,
29833,2.80e-01,2.00e-01,
29834,2.72e-01,2.00e-01,
29835,2.72e-01,6.00e-01,
29836,2.72e-01,2.00e-01,
29837,2.72e-01,2.00e-01,
29838,2.72e-01,6.00e-01,
29839,2.72e-01,6.00e-01,
29840,2.72e-01,2.00e-01,
29841,2.72e-01,2.00e-01,
29842,2.72e-01,2.00e-01,
29843,2.72e-01,6.00e-01,
29844,2.72e-01,2.00e-01,
29845,2.72e-01,2.00e-01,
29846,2.72e-01,2.00e-01,
29847,2.72e-01,6.00e-01,
29848,2.72e-01,2.00e-01,
29849,2.72e-01,2.00e-01,
29850,2.72e-01,2.00e-01,
29851,2.72e-01,2.00e-01,
29852,2.72e-01,2.00e-01,
29853,2.80e-01,2.00e-01,
29854,2.72e-01,2.00e-01,
29855,2.72e-01,6.00e-01,
29856,2.72e-01,2.00e-01,
29857,2.80e-01,2.00e-01,
29858,2.72e-01,2.00e-01,
29859,2.72e-01,2.00e-01,
29860,2.72e-01,2.00e-01,
29861,2.80e-01,2.00e-01,
29862,2.72e-01,2.00e-01,
29863,2.72e-01,6.00e-01,
29864,2.72e-01,2.00e-01,
29865,2.80e-01,2.00e-01,
29866,2.72e-01,6.00e-01,
29867,2.72e-01,6.00e-01,
29868,2.72e-01,6.00e-01,
29869,2.80e-01,2.00e-01,
29870,2.72e-01,6.00e-01,
29871,2.72e-01,6.00e-01,
29872,2.72e-01,2.00e-01,
29873,2.80e-01,2.00e-01,
29874,2.72e-01,2.00e-01,
29875,2.80e-01,6.00e-01,
29876,2.72e-01,2.00e-01,
29877,2.80e-01,2.00e-01,
29878,2.72e-01,2.00e-01,
29879,2.80e-01,2.00e-01,
29880,2.72e-01,2.00e-01,
29881,2.80e-01,2.00e-01,
29882,2.72e-01,6.00e-01,
29883,2.80e-01,6.00e-01,
29884,2.72e-01,2.00e-01,
29885,2.80e-01,2.00e-01,
29886,2.72e-01,2.00e-01,
29887,2.80e-01,6.00e-01,
29888,2.80e-01,2.00e-01,
29889,2.80e-01,2.00e-01,
29890,2.72e-01,6.00e-01,
29891,2.80e-01,6.00e-01,
29892,2.80e-01,2.00e-01,
29893,2.80e-01,2.00e-01,
29894,2.72e-01,6.00e-01,
29895,2.80e-01,6.00e-01,
29896,2.80e-01,2.00e-01,
29897,2.80e-01,2.00e-01,
29898,2.72e-01,6.00e-01,
29899,2.80e-01,2.00e-01,
29900,2.80e-01,2.00e-01,
29901,2.80e-01,2.00e-01,
29902,2.80e-01,2.00e-01,
29903,2.80e-01,6.00e-01,
29904,2.80e-01,2.00e-01,
29905,2.80e-01,2.00e-01,
29906,2.80e-01,6.00e-01,
29907,2.80e-01,2.00e-01,
29908,2.80e-01,6.00e-01,
29909,2.80e-01,2.00e-01,
29910,2.80e-01,6.00e-01,
29911,2.80e-01,6.00e-01,
29912,2.80e-01,2.00e-01,
29913,2.80e-01,2.00e-01,
29914,2.80e-01,6.00e-01,
29915,2.80e-01,2.00e-01,
29916,2.80e-01,2.00e-01,
29917,2.80e-01,2.00e-01,
29918,2.80e-01,6.00e-01,
29919,2.80e-01,6.00e-01,
29920,2.80e-01,2.00e-01,
29921,2.80e-01,6.00e-01,
29922,2.80e-01,2.00e-01,
29923,2.80e-01,6.00e-01,
29924,2.80e-01,2.00e-01,
29925,2.88e-01,2.00e-01,
29926,2.80e-01,6.00e-01,
29927,2.80e-01,6.00e-01,
29928,2.80e-01,2.00e-01,
29929,2.80e-01,6.00e-01,
29930,2.80e-01,2.00e-01,
29931,2.80e-01,6.00e-01,
29932,2.80e-01,6.00e-01,
29933,2.88e-01,2.00e-01,
29934,2.80e-01,6.00e-01,
29935,2.80e-01,6.00e-01,
29936,2.80e-01,2.00e-01,
29937,2.88e-01,2.00e-01,
29938,2.80e-01,6.00e-01,
29939,2.80e-01,6.00e-01,
29940,2.80e-01,2.00e-01,
29941,2.88e-01,2.00e-01,
29942,2.80e-01,2.00e-01,
29943,2.80e-01,6.00e-01,
29944,2.80e-01,2.00e-01,
29945,2.88e-01,2.00e-01,
29946,2.80e-01,6.00e-01,
29947,2.88e-01,2.00e-01,
29948,2.80e-01,2.00e-01,
29949,2.88e-01,2.00e-01,
29950,2.80e-01,2.00e-01,
29951,2.88e-01,6.00e-01,
29952,2.80e-01,2.00e-01,
29953,2.88e-01,2.00e-01,
29954,2.80e-01,6.00e-01,
29955,2.88e-01,6.00e-01,
29956,2.80e-01,2.00e-01,
29957,2.88e-01,2.00e-01,
29958,2.80e-01,2.00e-01,
29959,2.88e-01,6.00e-01,
29960,2.88e-01,2.00e-01,
29961,2.88e-01,6.00e-01,
29962,2.80e-01,6.00e-01,
29963,2.88e-01,6.00e-01,
29964,2.88e-01,2.00e-01,
29965,2.88e-01,2.00e-01,
29966,2.80e-01,2.00e-01,
29967,2.88e-01,6.00e-01,
29968,2.80e-01,2.00e-01,
29969,2.88e-01,2.00e-01,
29970,2.80e-01,6.00e-01,
29971,2.88e-01,6.00e-01,
29972,2.88e-01,2.00e-01,
29973,2.88e-01,2.00e-01,
29974,2.88e-01,2.00e-01,
29975,2.88e-01,6.00e-01,
29976,2.88e-01,2.00e-01,
29977,2.88e-01,2.00e-01,
29978,2.88e-01,6.00e-01,
29979,2.88e-01,2.00e-01,
29980,2.88e-01,2.00e-01,
29981,2.88e-01,2.00e-01,
29982,2.88e-01,2.00e-01,
29983,2.88e-01,6.00e-01,
29984,2.88e-01,2.00e-01,
29985,2.96e-01,2.00e-01,
29986,2.88e-01,6.00e-01,
29987,2.88e-01,2.00e-01,
29988,2.88e-01,2.00e-01,
29989,2.88e-01,2.00e-01,
29990,2.88e-01,6.00e-01,
29991,2.88e-01,6.00e-01,
29992,2.88e-01,2.00e-01,
29993,2.96e-01,2.00e-01,
29994,2.88e-01,6.00e-01,
29995,2.88e-01,2.00e-01,
29996,2.88e-01,2.00e-01,
29997,2.96e-01,2.00e-01,
29998,2.88e-01,6.00e-01,
29999,2.88e-01,6.00e-01,
