X,CH1,CH2,Start,Increment,
Sequence,Volt,Volt,-2.250000e-05,2.000000e-09
0,-4.08e-01,8.40e+00,
1,-4.16e-01,8.40e+00,
2,-4.08e-01,8.40e+00,
3,-4.16e-01,8.40e+00,
4,-4.16e-01,8.40e+00,
5,-4.16e-01,8.40e+00,
6,-4.16e-01,8.40e+00,
7,-4.16e-01,8.40e+00,
8,-4.08e-01,8.40e+00,
9,-4.16e-01,8.40e+00,
10,-4.16e-01,8.40e+00,
11,-4.16e-01,8.40e+00,
12,-4.16e-01,8.40e+00,
13,-4.16e-01,8.40e+00,
14,-4.16e-01,8.20e+00,
15,-4.16e-01,8.40e+00,
16,-4.16e-01,8.40e+00,
17,-4.16e-01,8.40e+00,
18,-4.16e-01,8.20e+00,
19,-4.24e-01,8.40e+00,
20,-4.16e-01,8.40e+00,
21,-4.24e-01,8.40e+00,
22,-4.16e-01,8.40e+00,
23,-4.16e-01,8.40e+00,
24,-4.16e-01,8.40e+00,
25,-4.16e-01,8.40e+00,
26,-4.16e-01,8.40e+00,
27,-4.16e-01,8.40e+00,
28,-4.16e-01,8.40e+00,
29,-4.24e-01,8.40e+00,
30,-4.16e-01,8.40e+00,
31,-4.24e-01,8.40e+00,
32,-4.16e-01,8.40e+00,
33,-4.24e-01,8.40e+00,
34,-4.16e-01,8.40e+00,
35,-4.24e-01,8.40e+00,
36,-4.16e-01,8.40e+00,
37,-4.24e-01,8.60e+00,
38,-4.16e-01,8.40e+00,
39,-4.24e-01,8.40e+00,
40,-4.16e-01,8.40e+00,
41,-4.24e-01,8.40e+00,
42,-4.16e-01,8.40e+00,
43,-4.24e-01,8.40e+00,
44,-4.16e-01,8.40e+00,
45,-4.24e-01,8.40e+00,
46,-4.16e-01,8.20e+00,
47,-4.24e-01,8.40e+00,
48,-4.16e-01,8.60e+00,
49,-4.24e-01,8.40e+00,
50,-4.16e-01,8.40e+00,
51,-4.24e-01,8.40e+00,
52,-4.16e-01,8.40e+00,
53,-4.24e-01,8.40e+00,
54,-4.16e-01,8.40e+00,
55,-4.24e-01,8.40e+00,
56,-4.16e-01,8.40e+00,
57,-4.24e-01,8.40e+00,
58,-4.16e-01,8.40e+00,
59,-4.24e-01,8.40e+00,
60,-4.16e-01,8.40e+00,
61,-4.24e-01,8.40e+00,
62,-4.24e-01,8.40e+00,
63,-4.24e-01,8.40e+00,
64,-4.16e-01,8.40e+00,
65,-4.24e-01,8.40e+00,
66,-4.16e-01,8.40e+00,
67,-4.24e-01,8.40e+00,
68,-4.16e-01,8.40e+00,
69,-4.24e-01,8.40e+00,
70,-4.16e-01,8.40e+00,
71,-4.24e-01,8.40e+00,
72,-4.16e-01,8.40e+00,
73,-4.24e-01,8.40e+00,
74,-4.16e-01,8.40e+00,
75,-4.24e-01,8.60e+00,
76,-4.16e-01,8.40e+00,
77,-4.24e-01,8.40e+00,
78,-4.24e-01,8.40e+00,
79,-4.24e-01,8.40e+00,
80,-4.16e-01,8.40e+00,
81,-4.24e-01,8.40e+00,
82,-4.24e-01,8.40e+00,
83,-4.24e-01,8.40e+00,
84,-4.16e-01,8.20e+00,
85,-4.24e-01,8.40e+00,
86,-4.24e-01,8.40e+00,
87,-4.24e-01,8.40e+00,
88,-4.16e-01,8.40e+00,
89,-4.24e-01,8.40e+00,
90,-4.24e-01,8.40e+00,
91,-4.24e-01,8.40e+00,
92,-4.24e-01,8.40e+00,
93,-4.24e-01,8.40e+00,
94,-4.24e-01,8.40e+00,
95,-4.24e-01,8.40e+00,
96,-4.24e-01,8.40e+00,
97,-4.32e-01,8.40e+00,
98,-4.24e-01,8.40e+00,
99,-4.32e-01,8.40e+00,
100,-4.24e-01,8.40e+00,
101,-4.32e-01,8.40e+00,
102,-4.24e-01,8.40e+00,
103,-4.24e-01,8.40e+00,
104,-4.24e-01,8.40e+00,
105,-4.32e-01,8.40e+00,
106,-4.24e-01,8.40e+00,
107,-4.32e-01,8.40e+00,
108,-4.24e-01,8.40e+00,
109,-4.32e-01,8.40e+00,
110,-4.24e-01,8.40e+00,
111,-4.32e-01,8.40e+00,
112,-4.24e-01,8.40e+00,
113,-4.32e-01,8.40e+00,
114,-4.24e-01,8.40e+00,
115,-4.32e-01,8.40e+00,
116,-4.24e-01,8.40e+00,
117,-4.32e-01,8.40e+00,
118,-4.24e-01,8.40e+00,
119,-4.32e-01,8.40e+00,
120,-4.24e-01,8.40e+00,
121,-4.32e-01,8.40e+00,
122,-4.24e-01,8.20e+00,
123,-4.32e-01,8.40e+00,
124,-4.24e-01,8.40e+00,
125,-4.32e-01,8.40e+00,
126,-4.24e-01,8.40e+00,
127,-4.32e-01,8.40e+00,
128,-4.24e-01,8.40e+00,
129,-4.32e-01,8.40e+00,
130,-4.24e-01,8.40e+00,
131,-4.32e-01,8.40e+00,
132,-4.24e-01,8.40e+00,
133,-4.32e-01,8.40e+00,
134,-4.24e-01,8.40e+00,
135,-4.32e-01,8.40e+00,
136,-4.24e-01,8.20e+00,
137,-4.32e-01,8.40e+00,
138,-4.24e-01,8.40e+00,
139,-4.32e-01,8.60e+00,
140,-4.24e-01,8.20e+00,
141,-4.32e-01,8.40e+00,
142,-4.24e-01,8.40e+00,
143,-4.32e-01,8.60e+00,
144,-4.24e-01,8.40e+00,
145,-4.32e-01,8.40e+00,
146,-4.24e-01,8.40e+00,
147,-4.32e-01,8.40e+00,
148,-4.24e-01,8.40e+00,
149,-4.32e-01,8.40e+00,
150,-4.24e-01,8.40e+00,
151,-4.32e-01,8.40e+00,
152,-4.24e-01,8.40e+00,
153,-4.32e-01,8.40e+00,
154,-4.32e-01,8.40e+00,
155,-4.32e-01,8.40e+00,
156,-4.24e-01,8.40e+00,
157,-4.32e-01,8.40e+00,
158,-4.32e-01,8.40e+00,
159,-4.32e-01,8.40e+00,
160,-4.24e-01,8.40e+00,
161,-4.32e-01,8.40e+00,
162,-4.32e-01,8.40e+00,
163,-4.32e-01,8.40e+00,
164,-4.24e-01,8.40e+00,
165,-4.32e-01,8.40e+00,
166,-4.24e-01,8.40e+00,
167,-4.48e-01,8.40e+00,
168,-4.24e-01,8.40e+00,
169,-4.32e-01,8.40e+00,
170,-4.32e-01,8.40e+00,
171,-4.32e-01,8.40e+00,
172,-4.32e-01,8.40e+00,
173,-4.32e-01,8.40e+00,
174,-4.32e-01,8.40e+00,
175,-4.32e-01,8.40e+00,
176,-4.24e-01,8.40e+00,
177,-4.32e-01,8.40e+00,
178,-4.32e-01,8.40e+00,
179,-4.32e-01,8.40e+00,
180,-4.32e-01,8.40e+00,
181,-4.32e-01,8.40e+00,
182,-4.32e-01,8.40e+00,
183,-4.32e-01,8.40e+00,
184,-4.32e-01,8.40e+00,
185,-4.32e-01,8.40e+00,
186,-4.32e-01,8.40e+00,
187,-4.48e-01,8.40e+00,
188,-4.32e-01,8.40e+00,
189,-4.32e-01,8.40e+00,
190,-4.32e-01,8.40e+00,
191,-4.32e-01,8.40e+00,
192,-4.32e-01,8.40e+00,
193,-4.48e-01,8.40e+00,
194,-4.32e-01,8.40e+00,
195,-4.48e-01,8.40e+00,
196,-4.32e-01,8.40e+00,
197,-4.48e-01,8.40e+00,
198,-4.32e-01,8.40e+00,
199,-4.48e-01,8.40e+00,
200,-4.32e-01,8.40e+00,
201,-4.48e-01,8.60e+00,
202,-4.32e-01,8.40e+00,
203,-4.48e-01,8.40e+00,
204,-4.32e-01,8.40e+00,
205,-4.48e-01,8.40e+00,
206,-4.32e-01,8.40e+00,
207,-4.48e-01,8.40e+00,
208,-4.32e-01,8.40e+00,
209,-4.48e-01,8.40e+00,
210,-4.32e-01,8.40e+00,
211,-4.48e-01,8.40e+00,
212,-4.32e-01,8.40e+00,
213,-4.48e-01,8.40e+00,
214,-4.32e-01,8.40e+00,
215,-4.48e-01,8.40e+00,
216,-4.32e-01,8.40e+00,
217,-4.48e-01,8.40e+00,
218,-4.32e-01,8.40e+00,
219,-4.48e-01,8.40e+00,
220,-4.32e-01,8.40e+00,
221,-4.48e-01,8.40e+00,
222,-4.32e-01,8.40e+00,
223,-4.48e-01,8.40e+00,
224,-4.32e-01,8.40e+00,
225,-4.48e-01,8.40e+00,
226,-4.32e-01,8.40e+00,
227,-4.48e-01,8.40e+00,
228,-4.32e-01,8.20e+00,
229,-4.48e-01,8.40e+00,
230,-4.32e-01,8.40e+00,
231,-4.48e-01,8.40e+00,
232,-4.32e-01,8.40e+00,
233,-4.48e-01,8.40e+00,
234,-4.32e-01,8.40e+00,
235,-4.48e-01,8.40e+00,
236,-4.32e-01,8.40e+00,
237,-4.48e-01,8.40e+00,
238,-4.32e-01,8.40e+00,
239,-4.48e-01,8.40e+00,
240,-4.32e-01,8.40e+00,
241,-4.48e-01,8.40e+00,
242,-4.48e-01,8.40e+00,
243,-4.48e-01,8.40e+00,
244,-4.48e-01,8.40e+00,
245,-4.48e-01,8.40e+00,
246,-4.48e-01,8.20e+00,
247,-4.48e-01,8.40e+00,
248,-4.48e-01,8.40e+00,
249,-4.48e-01,8.40e+00,
250,-4.48e-01,8.40e+00,
251,-4.48e-01,8.40e+00,
252,-4.48e-01,8.40e+00,
253,-4.48e-01,8.40e+00,
254,-4.48e-01,8.40e+00,
255,-4.48e-01,8.40e+00,
256,-4.48e-01,8.40e+00,
257,-4.56e-01,8.40e+00,
258,-4.48e-01,8.40e+00,
259,-4.48e-01,8.40e+00,
260,-4.32e-01,8.40e+00,
261,-4.48e-01,8.40e+00,
262,-4.48e-01,8.40e+00,
263,-4.48e-01,8.40e+00,
264,-4.48e-01,8.40e+00,
265,-4.48e-01,8.40e+00,
266,-4.48e-01,8.40e+00,
267,-4.48e-01,8.40e+00,
268,-4.48e-01,8.20e+00,
269,-4.48e-01,8.40e+00,
270,-4.48e-01,8.40e+00,
271,-4.48e-01,8.40e+00,
272,-4.48e-01,8.40e+00,
273,-4.56e-01,8.40e+00,
274,-4.48e-01,8.40e+00,
275,-4.48e-01,8.40e+00,
276,-4.48e-01,8.40e+00,
277,-4.56e-01,8.40e+00,
278,-4.48e-01,8.40e+00,
279,-4.56e-01,8.40e+00,
280,-4.48e-01,8.40e+00,
281,-4.56e-01,8.40e+00,
282,-4.48e-01,8.20e+00,
283,-4.56e-01,8.40e+00,
284,-4.48e-01,8.40e+00,
285,-4.56e-01,8.40e+00,
286,-4.48e-01,8.40e+00,
287,-4.56e-01,8.40e+00,
288,-4.48e-01,8.40e+00,
289,-4.56e-01,8.40e+00,
290,-4.48e-01,8.40e+00,
291,-4.56e-01,8.40e+00,
292,-4.48e-01,8.40e+00,
293,-4.56e-01,8.40e+00,
294,-4.48e-01,8.40e+00,
295,-4.56e-01,8.40e+00,
296,-4.48e-01,8.40e+00,
297,-4.56e-01,8.40e+00,
298,-4.48e-01,8.40e+00,
299,-4.56e-01,8.40e+00,
300,-4.48e-01,8.40e+00,
301,-4.56e-01,8.40e+00,
302,-4.48e-01,8.40e+00,
303,-4.56e-01,8.40e+00,
304,-4.48e-01,8.40e+00,
305,-4.56e-01,8.40e+00,
306,-4.48e-01,8.40e+00,
307,-4.56e-01,8.40e+00,
308,-4.48e-01,8.40e+00,
309,-4.56e-01,8.40e+00,
310,-4.48e-01,8.40e+00,
311,-4.56e-01,8.40e+00,
312,-4.48e-01,8.40e+00,
313,-4.56e-01,8.40e+00,
314,-4.48e-01,8.20e+00,
315,-4.56e-01,8.40e+00,
316,-4.56e-01,8.40e+00,
317,-4.56e-01,8.40e+00,
318,-4.56e-01,8.40e+00,
319,-4.56e-01,8.40e+00,
320,-4.48e-01,8.40e+00,
321,-4.56e-01,8.20e+00,
322,-4.56e-01,8.40e+00,
323,-4.56e-01,8.40e+00,
324,-4.56e-01,8.40e+00,
325,-4.56e-01,8.40e+00,
326,-4.56e-01,8.40e+00,
327,-4.56e-01,8.40e+00,
328,-4.48e-01,8.40e+00,
329,-4.64e-01,8.40e+00,
330,-4.56e-01,8.40e+00,
331,-4.56e-01,8.40e+00,
332,-4.56e-01,8.40e+00,
333,-4.64e-01,8.40e+00,
334,-4.56e-01,8.20e+00,
335,-4.56e-01,8.40e+00,
336,-4.56e-01,8.40e+00,
337,-4.56e-01,8.40e+00,
338,-4.56e-01,8.40e+00,
339,-4.64e-01,8.40e+00,
340,-4.56e-01,8.40e+00,
341,-4.64e-01,8.40e+00,
342,-4.56e-01,8.40e+00,
343,-4.56e-01,8.40e+00,
344,-4.56e-01,8.40e+00,
345,-4.64e-01,8.40e+00,
346,-4.56e-01,8.40e+00,
347,-4.56e-01,8.40e+00,
348,-4.56e-01,8.40e+00,
349,-4.64e-01,8.40e+00,
350,-4.56e-01,8.40e+00,
351,-4.64e-01,8.40e+00,
352,-4.56e-01,8.40e+00,
353,-4.64e-01,8.40e+00,
354,-4.56e-01,8.20e+00,
355,-4.64e-01,8.40e+00,
356,-4.56e-01,8.40e+00,
357,-4.64e-01,8.40e+00,
358,-4.56e-01,8.40e+00,
359,-4.64e-01,8.40e+00,
360,-4.56e-01,8.40e+00,
361,-4.56e-01,8.40e+00,
362,-4.64e-01,8.40e+00,
363,-4.64e-01,8.40e+00,
364,-4.56e-01,8.40e+00,
365,-4.64e-01,8.40e+00,
366,-4.56e-01,8.40e+00,
367,-4.64e-01,8.40e+00,
368,-4.56e-01,8.40e+00,
369,-4.64e-01,8.40e+00,
370,-4.56e-01,8.40e+00,
371,-4.64e-01,8.40e+00,
372,-4.56e-01,8.40e+00,
373,-4.64e-01,8.40e+00,
374,-4.64e-01,8.40e+00,
375,-4.64e-01,8.40e+00,
376,-4.56e-01,8.40e+00,
377,-4.64e-01,8.40e+00,
378,-4.56e-01,8.40e+00,
379,-4.64e-01,8.40e+00,
380,-4.56e-01,8.40e+00,
381,-4.64e-01,8.40e+00,
382,-4.64e-01,8.40e+00,
383,-4.64e-01,8.40e+00,
384,-4.56e-01,8.40e+00,
385,-4.64e-01,8.40e+00,
386,-4.64e-01,8.20e+00,
387,-4.64e-01,8.40e+00,
388,-4.64e-01,8.20e+00,
389,-4.64e-01,8.40e+00,
390,-4.64e-01,8.40e+00,
391,-4.64e-01,8.20e+00,
392,-4.64e-01,8.40e+00,
393,-4.64e-01,8.40e+00,
394,-4.64e-01,8.40e+00,
395,-4.64e-01,8.40e+00,
396,-4.64e-01,8.40e+00,
397,-4.72e-01,8.40e+00,
398,-4.64e-01,8.40e+00,
399,-4.72e-01,8.40e+00,
400,-4.56e-01,8.40e+00,
401,-4.72e-01,8.40e+00,
402,-4.64e-01,8.40e+00,
403,-4.64e-01,8.40e+00,
404,-4.64e-01,8.40e+00,
405,-4.72e-01,8.40e+00,
406,-4.64e-01,8.40e+00,
407,-4.72e-01,8.40e+00,
408,-4.64e-01,8.40e+00,
409,-4.72e-01,8.40e+00,
410,-4.64e-01,8.40e+00,
411,-4.72e-01,8.40e+00,
412,-4.64e-01,8.40e+00,
413,-4.72e-01,8.40e+00,
414,-4.64e-01,8.40e+00,
415,-4.72e-01,8.20e+00,
416,-4.64e-01,8.40e+00,
417,-4.72e-01,8.40e+00,
418,-4.64e-01,8.20e+00,
419,-4.72e-01,8.40e+00,
420,-4.64e-01,8.40e+00,
421,-4.72e-01,8.40e+00,
422,-4.64e-01,8.40e+00,
423,-4.72e-01,8.40e+00,
424,-4.64e-01,8.40e+00,
425,-4.72e-01,8.40e+00,
426,-4.64e-01,8.40e+00,
427,-4.72e-01,8.40e+00,
428,-4.64e-01,8.40e+00,
429,-4.72e-01,8.40e+00,
430,-4.64e-01,8.40e+00,
431,-4.72e-01,8.40e+00,
432,-4.64e-01,8.40e+00,
433,-4.72e-01,8.40e+00,
434,-4.64e-01,8.40e+00,
435,-4.72e-01,8.40e+00,
436,-4.64e-01,8.40e+00,
437,-4.72e-01,8.40e+00,
438,-4.72e-01,8.40e+00,
439,-4.72e-01,8.40e+00,
440,-4.64e-01,8.40e+00,
441,-4.72e-01,8.40e+00,
442,-4.72e-01,8.40e+00,
443,-4.72e-01,8.40e+00,
444,-4.72e-01,8.40e+00,
445,-4.72e-01,8.40e+00,
446,-4.72e-01,8.20e+00,
447,-4.72e-01,8.40e+00,
448,-4.72e-01,8.40e+00,
449,-4.72e-01,8.40e+00,
450,-4.72e-01,8.40e+00,
451,-4.80e-01,8.40e+00,
452,-4.72e-01,8.40e+00,
453,-4.72e-01,8.20e+00,
454,-4.72e-01,8.40e+00,
455,-4.72e-01,8.40e+00,
456,-4.72e-01,8.40e+00,
457,-4.80e-01,8.40e+00,
458,-4.72e-01,8.40e+00,
459,-4.80e-01,8.40e+00,
460,-4.72e-01,8.40e+00,
461,-4.80e-01,8.40e+00,
462,-4.72e-01,8.40e+00,
463,-4.80e-01,8.40e+00,
464,-4.72e-01,8.40e+00,
465,-4.80e-01,8.40e+00,
466,-4.72e-01,8.20e+00,
467,-4.80e-01,8.40e+00,
468,-4.72e-01,8.40e+00,
469,-4.80e-01,8.20e+00,
470,-4.72e-01,8.40e+00,
471,-4.80e-01,8.40e+00,
472,-4.72e-01,8.40e+00,
473,-4.80e-01,8.40e+00,
474,-4.72e-01,8.20e+00,
475,-4.80e-01,8.40e+00,
476,-4.72e-01,8.40e+00,
477,-4.80e-01,8.40e+00,
478,-4.72e-01,8.40e+00,
479,-4.80e-01,8.40e+00,
480,-4.72e-01,8.40e+00,
481,-4.80e-01,8.40e+00,
482,-4.72e-01,8.40e+00,
483,-4.80e-01,8.40e+00,
484,-4.72e-01,8.40e+00,
485,-4.80e-01,8.20e+00,
486,-4.80e-01,8.40e+00,
487,-4.80e-01,8.40e+00,
488,-4.72e-01,8.40e+00,
489,-4.80e-01,8.40e+00,
490,-4.72e-01,8.20e+00,
491,-4.80e-01,8.40e+00,
492,-4.72e-01,8.40e+00,
493,-4.80e-01,8.40e+00,
494,-4.80e-01,8.40e+00,
495,-4.80e-01,8.40e+00,
496,-4.72e-01,8.40e+00,
497,-4.88e-01,8.40e+00,
498,-4.80e-01,8.40e+00,
499,-4.80e-01,8.40e+00,
500,-4.80e-01,8.20e+00,
501,-4.80e-01,8.40e+00,
502,-4.80e-01,8.40e+00,
503,-4.80e-01,8.40e+00,
504,-4.72e-01,8.40e+00,
505,-4.80e-01,8.40e+00,
506,-4.80e-01,8.40e+00,
507,-4.88e-01,8.40e+00,
508,-4.80e-01,8.40e+00,
509,-4.88e-01,8.40e+00,
510,-4.80e-01,8.40e+00,
511,-4.88e-01,8.40e+00,
512,-4.80e-01,8.40e+00,
513,-4.88e-01,8.40e+00,
514,-4.80e-01,8.40e+00,
515,-4.88e-01,8.40e+00,
516,-4.80e-01,8.40e+00,
517,-4.88e-01,8.40e+00,
518,-4.80e-01,8.40e+00,
519,-4.88e-01,8.40e+00,
520,-4.80e-01,8.40e+00,
521,-4.88e-01,8.40e+00,
522,-4.80e-01,8.40e+00,
523,-4.88e-01,8.40e+00,
524,-4.80e-01,8.40e+00,
525,-4.88e-01,8.40e+00,
526,-4.80e-01,8.40e+00,
527,-4.88e-01,8.40e+00,
528,-4.80e-01,8.40e+00,
529,-4.88e-01,8.40e+00,
530,-4.80e-01,8.20e+00,
531,-4.88e-01,8.40e+00,
532,-4.80e-01,8.40e+00,
533,-4.88e-01,8.40e+00,
534,-4.88e-01,8.40e+00,
535,-4.88e-01,8.40e+00,
536,-4.80e-01,8.40e+00,
537,-4.88e-01,8.40e+00,
538,-4.80e-01,8.40e+00,
539,-4.88e-01,8.40e+00,
540,-4.80e-01,8.20e+00,
541,-4.88e-01,8.40e+00,
542,-4.88e-01,8.20e+00,
543,-4.88e-01,8.40e+00,
544,-4.80e-01,8.40e+00,
545,-4.88e-01,8.40e+00,
546,-4.80e-01,8.20e+00,
547,-4.88e-01,8.40e+00,
548,-4.80e-01,8.20e+00,
549,-4.88e-01,8.20e+00,
550,-4.80e-01,8.40e+00,
551,-4.88e-01,8.40e+00,
552,-4.80e-01,8.40e+00,
553,-4.88e-01,8.40e+00,
554,-4.88e-01,8.40e+00,
555,-4.88e-01,8.40e+00,
556,-4.88e-01,8.40e+00,
557,-4.88e-01,8.40e+00,
558,-4.88e-01,8.40e+00,
559,-4.88e-01,8.40e+00,
560,-4.88e-01,8.40e+00,
561,-4.88e-01,8.20e+00,
562,-4.96e-01,8.40e+00,
563,-4.88e-01,8.40e+00,
564,-4.88e-01,8.40e+00,
565,-4.96e-01,8.40e+00,
566,-4.88e-01,8.40e+00,
567,-4.96e-01,8.40e+00,
568,-4.80e-01,8.40e+00,
569,-4.96e-01,8.40e+00,
570,-4.88e-01,8.20e+00,
571,-4.96e-01,8.40e+00,
572,-4.88e-01,8.40e+00,
573,-4.96e-01,8.40e+00,
574,-4.88e-01,8.40e+00,
575,-4.96e-01,8.40e+00,
576,-4.88e-01,8.40e+00,
577,-4.96e-01,8.40e+00,
578,-4.88e-01,8.20e+00,
579,-4.96e-01,8.40e+00,
580,-4.88e-01,8.40e+00,
581,-4.96e-01,8.40e+00,
582,-4.96e-01,8.40e+00,
583,-4.96e-01,8.20e+00,
584,-4.88e-01,8.40e+00,
585,-4.96e-01,8.40e+00,
586,-4.88e-01,8.20e+00,
587,-4.96e-01,8.40e+00,
588,-4.88e-01,8.40e+00,
589,-4.96e-01,8.40e+00,
590,-4.96e-01,8.40e+00,
591,-4.96e-01,8.20e+00,
592,-4.88e-01,8.40e+00,
593,-4.96e-01,8.40e+00,
594,-4.88e-01,8.20e+00,
595,-4.96e-01,8.40e+00,
596,-4.88e-01,8.20e+00,
597,-4.96e-01,8.40e+00,
598,-4.96e-01,8.20e+00,
599,-4.96e-01,8.40e+00,
600,-4.88e-01,8.40e+00,
601,-4.96e-01,8.40e+00,
602,-4.88e-01,8.40e+00,
603,-4.96e-01,8.40e+00,
604,-4.88e-01,8.20e+00,
605,-4.96e-01,8.40e+00,
606,-4.96e-01,8.40e+00,
607,-4.96e-01,8.40e+00,
608,-4.88e-01,8.40e+00,
609,-4.96e-01,8.40e+00,
610,-4.88e-01,8.20e+00,
611,-4.96e-01,8.40e+00,
612,-4.96e-01,8.20e+00,
613,-4.96e-01,8.40e+00,
614,-4.96e-01,8.40e+00,
615,-4.96e-01,8.40e+00,
616,-4.88e-01,8.20e+00,
617,-5.04e-01,8.40e+00,
618,-4.96e-01,8.20e+00,
619,-4.96e-01,8.40e+00,
620,-4.88e-01,8.40e+00,
621,-5.04e-01,8.40e+00,
622,-4.96e-01,8.40e+00,
623,-4.96e-01,8.20e+00,
624,-4.96e-01,8.40e+00,
625,-5.04e-01,8.40e+00,
626,-4.96e-01,8.20e+00,
627,-5.04e-01,8.40e+00,
628,-4.96e-01,8.40e+00,
629,-5.04e-01,8.40e+00,
630,-4.96e-01,8.40e+00,
631,-5.04e-01,8.40e+00,
632,-4.96e-01,8.40e+00,
633,-5.04e-01,8.40e+00,
634,-4.96e-01,8.40e+00,
635,-5.04e-01,8.40e+00,
636,-4.96e-01,8.20e+00,
637,-5.04e-01,8.40e+00,
638,-4.96e-01,8.40e+00,
639,-5.04e-01,8.40e+00,
640,-4.96e-01,8.40e+00,
641,-5.04e-01,8.40e+00,
642,-4.96e-01,8.40e+00,
643,-5.04e-01,8.40e+00,
644,-4.96e-01,8.20e+00,
645,-5.04e-01,8.40e+00,
646,-4.96e-01,8.20e+00,
647,-5.04e-01,8.40e+00,
648,-4.96e-01,8.40e+00,
649,-5.04e-01,8.40e+00,
650,-4.96e-01,8.20e+00,
651,-5.04e-01,8.40e+00,
652,-4.96e-01,8.40e+00,
653,-5.04e-01,8.40e+00,
654,-4.96e-01,8.40e+00,
655,-5.04e-01,8.40e+00,
656,-4.96e-01,8.40e+00,
657,-5.04e-01,8.40e+00,
658,-4.96e-01,8.20e+00,
659,-5.04e-01,8.40e+00,
660,-4.96e-01,8.20e+00,
661,-5.04e-01,8.40e+00,
662,-5.04e-01,8.40e+00,
663,-5.04e-01,8.40e+00,
664,-4.96e-01,8.40e+00,
665,-5.04e-01,8.40e+00,
666,-4.96e-01,8.40e+00,
667,-5.04e-01,8.40e+00,
668,-4.96e-01,8.40e+00,
669,-5.04e-01,8.40e+00,
670,-4.96e-01,8.40e+00,
671,-5.04e-01,8.40e+00,
672,-4.96e-01,8.40e+00,
673,-5.04e-01,8.40e+00,
674,-4.96e-01,8.40e+00,
675,-5.04e-01,8.40e+00,
676,-4.96e-01,8.40e+00,
677,-5.04e-01,8.40e+00,
678,-5.04e-01,8.40e+00,
679,-5.04e-01,8.40e+00,
680,-4.96e-01,8.40e+00,
681,-5.12e-01,8.40e+00,
682,-5.04e-01,8.20e+00,
683,-5.04e-01,8.40e+00,
684,-4.96e-01,8.40e+00,
685,-5.04e-01,8.40e+00,
686,-5.04e-01,8.20e+00,
687,-5.04e-01,8.40e+00,
688,-4.96e-01,8.20e+00,
689,-5.12e-01,8.40e+00,
690,-5.04e-01,8.20e+00,
691,-5.12e-01,8.40e+00,
692,-5.04e-01,8.20e+00,
693,-5.04e-01,8.40e+00,
694,-5.04e-01,8.40e+00,
695,-5.04e-01,8.40e+00,
696,-5.04e-01,8.40e+00,
697,-5.12e-01,8.40e+00,
698,-4.96e-01,8.40e+00,
699,-5.04e-01,8.40e+00,
700,-4.96e-01,8.40e+00,
701,-5.12e-01,8.40e+00,
702,-5.04e-01,8.40e+00,
703,-5.04e-01,8.40e+00,
704,-4.96e-01,8.40e+00,
705,-5.04e-01,8.40e+00,
706,-4.96e-01,8.20e+00,
707,-5.04e-01,8.40e+00,
708,-4.88e-01,8.40e+00,
709,-4.96e-01,8.40e+00,
710,-4.88e-01,8.40e+00,
711,-4.96e-01,8.40e+00,
712,-4.88e-01,8.40e+00,
713,-4.88e-01,8.40e+00,
714,-4.80e-01,8.40e+00,
715,-4.88e-01,8.40e+00,
716,-4.80e-01,8.40e+00,
717,-4.96e-01,8.40e+00,
718,-5.04e-01,8.20e+00,
719,-5.04e-01,8.40e+00,
720,-4.80e-01,8.40e+00,
721,-4.96e-01,8.40e+00,
722,-4.88e-01,8.40e+00,
723,-4.88e-01,8.40e+00,
724,-4.72e-01,8.40e+00,
725,-4.80e-01,8.40e+00,
726,-4.72e-01,8.40e+00,
727,-4.72e-01,8.40e+00,
728,-4.56e-01,8.40e+00,
729,-4.64e-01,8.40e+00,
730,-4.48e-01,8.20e+00,
731,-4.48e-01,8.40e+00,
732,-4.32e-01,8.20e+00,
733,-4.32e-01,8.40e+00,
734,-4.24e-01,8.40e+00,
735,-4.24e-01,8.40e+00,
736,-4.16e-01,8.40e+00,
737,-4.24e-01,8.40e+00,
738,-4.16e-01,8.40e+00,
739,-4.32e-01,8.40e+00,
740,-4.24e-01,8.40e+00,
741,-4.32e-01,8.40e+00,
742,-4.48e-01,8.40e+00,
743,-4.48e-01,8.40e+00,
744,-4.32e-01,8.40e+00,
745,-4.32e-01,8.40e+00,
746,-4.24e-01,8.40e+00,
747,-4.24e-01,8.40e+00,
748,-4.08e-01,8.40e+00,
749,-4.08e-01,8.40e+00,
750,-4.08e-01,8.40e+00,
751,-4.16e-01,8.60e+00,
752,-4.08e-01,8.40e+00,
753,-4.24e-01,8.40e+00,
754,-4.24e-01,8.40e+00,
755,-4.32e-01,8.40e+00,
756,-4.32e-01,8.40e+00,
757,-4.56e-01,8.40e+00,
758,-4.56e-01,8.20e+00,
759,-4.64e-01,8.40e+00,
760,-4.56e-01,8.40e+00,
761,-4.56e-01,8.20e+00,
762,-4.64e-01,8.40e+00,
763,-4.64e-01,8.40e+00,
764,-4.56e-01,8.40e+00,
765,-4.64e-01,8.40e+00,
766,-4.56e-01,8.40e+00,
767,-4.56e-01,8.40e+00,
768,-4.48e-01,8.40e+00,
769,-4.48e-01,8.40e+00,
770,-4.32e-01,8.40e+00,
771,-4.32e-01,8.60e+00,
772,-4.24e-01,8.40e+00,
773,-4.32e-01,8.40e+00,
774,-4.24e-01,8.40e+00,
775,-4.32e-01,8.40e+00,
776,-4.24e-01,8.40e+00,
777,-4.32e-01,8.40e+00,
778,-4.32e-01,8.40e+00,
779,-4.48e-01,8.40e+00,
780,-4.48e-01,8.40e+00,
781,-4.56e-01,8.40e+00,
782,-4.48e-01,8.40e+00,
783,-4.48e-01,8.40e+00,
784,-4.24e-01,8.40e+00,
785,-4.32e-01,8.40e+00,
786,-4.16e-01,8.40e+00,
787,-4.16e-01,8.40e+00,
788,-4.00e-01,8.40e+00,
789,-4.00e-01,8.40e+00,
790,-3.92e-01,8.40e+00,
791,-3.92e-01,8.40e+00,
792,-3.92e-01,8.40e+00,
793,-4.00e-01,8.40e+00,
794,-3.92e-01,8.40e+00,
795,-4.00e-01,8.40e+00,
796,-4.00e-01,8.40e+00,
797,-4.16e-01,8.40e+00,
798,-4.08e-01,8.40e+00,
799,-4.16e-01,8.40e+00,
800,-4.16e-01,8.40e+00,
801,-4.24e-01,8.40e+00,
802,-4.16e-01,8.40e+00,
803,-4.24e-01,8.40e+00,
804,-4.16e-01,8.40e+00,
805,-4.24e-01,8.40e+00,
806,-4.16e-01,8.40e+00,
807,-4.16e-01,8.40e+00,
808,-4.08e-01,8.60e+00,
809,-4.08e-01,8.40e+00,
810,-4.00e-01,8.40e+00,
811,-4.00e-01,8.40e+00,
812,-3.92e-01,8.40e+00,
813,-4.00e-01,8.40e+00,
814,-3.92e-01,8.40e+00,
815,-4.00e-01,8.40e+00,
816,-3.92e-01,8.40e+00,
817,-4.00e-01,8.40e+00,
818,-4.00e-01,8.40e+00,
819,-4.08e-01,8.40e+00,
820,-4.00e-01,8.40e+00,
821,-4.08e-01,8.40e+00,
822,-4.00e-01,8.40e+00,
823,-4.00e-01,8.40e+00,
824,-3.92e-01,8.40e+00,
825,-3.92e-01,8.40e+00,
826,-3.84e-01,8.40e+00,
827,-3.84e-01,8.40e+00,
828,-3.76e-01,8.40e+00,
829,-3.76e-01,8.60e+00,
830,-3.68e-01,8.40e+00,
831,-3.68e-01,8.40e+00,
832,-3.60e-01,8.40e+00,
833,-3.68e-01,8.40e+00,
834,-3.60e-01,8.60e+00,
835,-3.68e-01,8.40e+00,
836,-3.68e-01,8.40e+00,
837,-3.76e-01,8.40e+00,
838,-3.76e-01,8.40e+00,
839,-3.76e-01,8.40e+00,
840,-3.76e-01,8.40e+00,
841,-3.84e-01,8.40e+00,
842,-3.76e-01,8.40e+00,
843,-3.84e-01,8.40e+00,
844,-3.76e-01,8.40e+00,
845,-3.84e-01,8.60e+00,
846,-3.76e-01,8.60e+00,
847,-3.76e-01,8.60e+00,
848,-3.68e-01,8.40e+00,
849,-3.76e-01,8.40e+00,
850,-3.68e-01,8.40e+00,
851,-3.68e-01,8.40e+00,
852,-3.60e-01,8.40e+00,
853,-3.68e-01,8.40e+00,
854,-3.60e-01,8.40e+00,
855,-3.68e-01,8.40e+00,
856,-3.60e-01,8.40e+00,
857,-3.68e-01,8.40e+00,
858,-3.60e-01,8.40e+00,
859,-3.68e-01,8.40e+00,
860,-3.60e-01,8.40e+00,
861,-3.68e-01,8.40e+00,
862,-3.68e-01,8.40e+00,
863,-3.68e-01,8.40e+00,
864,-3.60e-01,8.40e+00,
865,-3.60e-01,8.40e+00,
866,-3.52e-01,8.60e+00,
867,-3.52e-01,8.60e+00,
868,-3.44e-01,8.40e+00,
869,-3.52e-01,8.60e+00,
870,-3.44e-01,8.60e+00,
871,-3.44e-01,8.60e+00,
872,-3.36e-01,8.40e+00,
873,-3.44e-01,8.40e+00,
874,-3.36e-01,8.60e+00,
875,-3.44e-01,8.60e+00,
876,-3.36e-01,8.40e+00,
877,-3.44e-01,8.40e+00,
878,-3.44e-01,8.60e+00,
879,-3.52e-01,8.60e+00,
880,-3.44e-01,8.40e+00,
881,-3.52e-01,8.40e+00,
882,-3.44e-01,8.40e+00,
883,-3.52e-01,8.40e+00,
884,-3.52e-01,8.40e+00,
885,-3.52e-01,8.40e+00,
886,-3.44e-01,8.40e+00,
887,-3.52e-01,8.60e+00,
888,-3.44e-01,8.40e+00,
889,-3.44e-01,8.60e+00,
890,-3.36e-01,8.40e+00,
891,-3.44e-01,8.60e+00,
892,-3.36e-01,8.60e+00,
893,-3.36e-01,8.60e+00,
894,-3.36e-01,8.40e+00,
895,-3.36e-01,8.40e+00,
896,-3.36e-01,8.40e+00,
897,-3.36e-01,8.40e+00,
898,-3.36e-01,8.40e+00,
899,-3.44e-01,8.40e+00,
900,-3.36e-01,8.40e+00,
901,-3.44e-01,8.40e+00,
902,-3.36e-01,8.40e+00,
903,-3.36e-01,8.40e+00,
904,-3.28e-01,8.40e+00,
905,-3.36e-01,8.40e+00,
906,-3.28e-01,8.40e+00,
907,-3.28e-01,8.60e+00,
908,-3.20e-01,8.40e+00,
909,-3.20e-01,8.60e+00,
910,-3.20e-01,8.40e+00,
911,-3.20e-01,8.60e+00,
912,-3.12e-01,8.60e+00,
913,-3.20e-01,8.60e+00,
914,-3.12e-01,8.40e+00,
915,-3.20e-01,8.60e+00,
916,-3.12e-01,8.40e+00,
917,-3.20e-01,8.60e+00,
918,-3.12e-01,8.40e+00,
919,-3.20e-01,8.60e+00,
920,-3.20e-01,8.40e+00,
921,-3.20e-01,8.60e+00,
922,-3.20e-01,8.60e+00,
923,-3.20e-01,8.60e+00,
924,-3.20e-01,8.60e+00,
925,-3.28e-01,8.60e+00,
926,-3.20e-01,8.40e+00,
927,-3.20e-01,8.60e+00,
928,-3.12e-01,8.60e+00,
929,-3.20e-01,8.60e+00,
930,-3.12e-01,8.40e+00,
931,-3.20e-01,8.60e+00,
932,-3.12e-01,8.60e+00,
933,-3.12e-01,8.40e+00,
934,-3.12e-01,8.40e+00,
935,-3.12e-01,8.60e+00,
936,-3.04e-01,8.40e+00,
937,-3.12e-01,8.60e+00,
938,-3.04e-01,8.40e+00,
939,-3.12e-01,8.60e+00,
940,-3.04e-01,8.40e+00,
941,-3.12e-01,8.60e+00,
942,-3.04e-01,8.40e+00,
943,-3.12e-01,8.60e+00,
944,-3.04e-01,8.40e+00,
945,-3.04e-01,8.40e+00,
946,-3.04e-01,8.60e+00,
947,-3.04e-01,8.60e+00,
948,-2.96e-01,8.40e+00,
949,-3.04e-01,8.60e+00,
950,-2.96e-01,8.60e+00,
951,-2.96e-01,8.60e+00,
952,-2.88e-01,8.60e+00,
953,-2.96e-01,8.40e+00,
954,-2.88e-01,8.40e+00,
955,-2.96e-01,8.60e+00,
956,-2.88e-01,8.40e+00,
957,-2.96e-01,8.60e+00,
958,-2.96e-01,8.40e+00,
959,-2.96e-01,8.60e+00,
960,-2.96e-01,8.40e+00,
961,-2.96e-01,8.40e+00,
962,-2.96e-01,8.40e+00,
963,-2.96e-01,8.60e+00,
964,-2.88e-01,8.60e+00,
965,-2.96e-01,8.60e+00,
966,-2.88e-01,8.40e+00,
967,-2.96e-01,8.60e+00,
968,-2.88e-01,8.60e+00,
969,-2.96e-01,8.60e+00,
970,-2.88e-01,8.60e+00,
971,-2.88e-01,8.60e+00,
972,-2.88e-01,8.60e+00,
973,-2.88e-01,8.60e+00,
974,-2.88e-01,8.40e+00,
975,-2.88e-01,8.60e+00,
976,-2.88e-01,8.60e+00,
977,-2.88e-01,8.60e+00,
978,-2.80e-01,8.40e+00,
979,-2.88e-01,8.60e+00,
980,-2.80e-01,8.60e+00,
981,-2.88e-01,8.60e+00,
982,-2.80e-01,8.60e+00,
983,-2.88e-01,8.60e+00,
984,-2.80e-01,8.60e+00,
985,-2.80e-01,8.40e+00,
986,-2.80e-01,8.40e+00,
987,-2.80e-01,8.60e+00,
988,-2.72e-01,8.60e+00,
989,-2.80e-01,8.60e+00,
990,-2.72e-01,8.60e+00,
991,-2.72e-01,8.60e+00,
992,-2.72e-01,8.60e+00,
993,-2.72e-01,8.60e+00,
994,-2.64e-01,8.40e+00,
995,-2.72e-01,8.60e+00,
996,-2.72e-01,8.40e+00,
997,-2.72e-01,8.60e+00,
998,-2.72e-01,8.60e+00,
999,-2.72e-01,8.60e+00,
1000,-2.64e-01,8.60e+00,
1001,-2.72e-01,8.40e+00,
1002,-2.72e-01,8.40e+00,
1003,-2.72e-01,8.60e+00,
1004,-2.72e-01,8.40e+00,
1005,-2.72e-01,8.60e+00,
1006,-2.72e-01,8.60e+00,
1007,-2.72e-01,8.40e+00,
1008,-2.64e-01,8.60e+00,
1009,-2.72e-01,8.60e+00,
1010,-2.64e-01,8.60e+00,
1011,-2.64e-01,8.60e+00,
1012,-2.64e-01,8.60e+00,
1013,-2.64e-01,8.40e+00,
1014,-2.64e-01,8.60e+00,
1015,-2.64e-01,8.60e+00,
1016,-2.64e-01,8.60e+00,
1017,-2.64e-01,8.60e+00,
1018,-2.56e-01,8.60e+00,
1019,-2.64e-01,8.60e+00,
1020,-2.56e-01,8.60e+00,
1021,-2.64e-01,8.60e+00,
1022,-2.56e-01,8.40e+00,
1023,-2.64e-01,8.40e+00,
1024,-2.56e-01,8.60e+00,
1025,-2.56e-01,8.60e+00,
1026,-2.56e-01,8.60e+00,
1027,-2.56e-01,8.60e+00,
1028,-2.48e-01,8.60e+00,
1029,-2.56e-01,8.60e+00,
1030,-2.48e-01,8.60e+00,
1031,-2.48e-01,8.60e+00,
1032,-2.48e-01,8.60e+00,
1033,-2.48e-01,8.60e+00,
1034,-2.48e-01,8.60e+00,
1035,-2.48e-01,8.60e+00,
1036,-2.48e-01,8.40e+00,
1037,-2.48e-01,8.60e+00,
1038,-2.48e-01,8.60e+00,
1039,-2.48e-01,8.60e+00,
1040,-2.48e-01,8.60e+00,
1041,-2.48e-01,8.60e+00,
1042,-2.48e-01,8.60e+00,
1043,-2.48e-01,8.60e+00,
1044,-2.48e-01,8.60e+00,
1045,-2.48e-01,8.60e+00,
1046,-2.48e-01,8.60e+00,
1047,-2.48e-01,8.60e+00,
1048,-2.48e-01,8.60e+00,
1049,-2.48e-01,8.60e+00,
1050,-2.40e-01,8.60e+00,
1051,-2.48e-01,8.60e+00,
1052,-2.40e-01,8.60e+00,
1053,-2.48e-01,8.60e+00,
1054,-2.40e-01,8.60e+00,
1055,-2.40e-01,8.40e+00,
1056,-2.40e-01,8.40e+00,
1057,-2.40e-01,8.60e+00,
1058,-2.40e-01,8.60e+00,
1059,-2.40e-01,8.60e+00,
1060,-2.40e-01,8.60e+00,
1061,-2.40e-01,8.60e+00,
1062,-2.40e-01,8.60e+00,
1063,-2.40e-01,8.60e+00,
1064,-2.32e-01,8.60e+00,
1065,-2.40e-01,8.60e+00,
1066,-2.32e-01,8.60e+00,
1067,-2.32e-01,8.60e+00,
1068,-2.32e-01,8.60e+00,
1069,-2.32e-01,8.60e+00,
1070,-2.32e-01,8.60e+00,
1071,-2.32e-01,8.60e+00,
1072,-2.24e-01,8.60e+00,
1073,-2.32e-01,8.60e+00,
1074,-2.24e-01,8.60e+00,
1075,-2.32e-01,8.60e+00,
1076,-2.24e-01,8.60e+00,
1077,-2.32e-01,8.60e+00,
1078,-2.24e-01,8.60e+00,
1079,-2.32e-01,8.60e+00,
1080,-2.24e-01,8.60e+00,
1081,-2.32e-01,8.60e+00,
1082,-2.24e-01,8.60e+00,
1083,-2.32e-01,8.60e+00,
1084,-2.24e-01,8.60e+00,
1085,-2.32e-01,8.60e+00,
1086,-2.24e-01,8.60e+00,
1087,-2.24e-01,8.60e+00,
1088,-2.24e-01,8.60e+00,
1089,-2.24e-01,8.60e+00,
1090,-2.24e-01,8.60e+00,
1091,-2.24e-01,8.60e+00,
1092,-2.24e-01,8.60e+00,
1093,-2.24e-01,8.60e+00,
1094,-2.24e-01,8.60e+00,
1095,-2.24e-01,8.60e+00,
1096,-2.16e-01,8.60e+00,
1097,-2.24e-01,8.60e+00,
1098,-2.16e-01,8.60e+00,
1099,-2.24e-01,8.60e+00,
1100,-2.16e-01,8.60e+00,
1101,-2.24e-01,8.60e+00,
1102,-2.16e-01,8.60e+00,
1103,-2.16e-01,8.60e+00,
1104,-2.16e-01,8.40e+00,
1105,-2.16e-01,8.60e+00,
1106,-2.08e-01,8.60e+00,
1107,-2.16e-01,8.60e+00,
1108,-2.08e-01,8.60e+00,
1109,-2.16e-01,8.60e+00,
1110,-2.08e-01,8.60e+00,
1111,-2.08e-01,8.60e+00,
1112,-2.08e-01,8.60e+00,
1113,-2.08e-01,8.60e+00,
1114,-2.08e-01,8.60e+00,
1115,-2.08e-01,8.60e+00,
1116,-2.08e-01,8.60e+00,
1117,-2.08e-01,8.60e+00,
1118,-2.08e-01,8.60e+00,
1119,-2.08e-01,8.60e+00,
1120,-2.08e-01,8.60e+00,
1121,-2.08e-01,8.60e+00,
1122,-2.08e-01,8.60e+00,
1123,-2.08e-01,8.60e+00,
1124,-2.08e-01,8.60e+00,
1125,-2.08e-01,8.60e+00,
1126,-2.08e-01,8.60e+00,
1127,-2.08e-01,8.60e+00,
1128,-2.00e-01,8.60e+00,
1129,-2.08e-01,8.60e+00,
1130,-2.00e-01,8.60e+00,
1131,-2.08e-01,8.60e+00,
1132,-2.00e-01,8.60e+00,
1133,-2.08e-01,8.60e+00,
1134,-2.00e-01,8.60e+00,
1135,-2.00e-01,8.60e+00,
1136,-2.00e-01,8.60e+00,
1137,-2.00e-01,8.60e+00,
1138,-2.00e-01,8.60e+00,
1139,-2.00e-01,8.60e+00,
1140,-2.00e-01,8.60e+00,
1141,-2.00e-01,8.80e+00,
1142,-2.00e-01,8.60e+00,
1143,-2.00e-01,8.60e+00,
1144,-1.92e-01,8.60e+00,
1145,-2.00e-01,8.60e+00,
1146,-1.92e-01,8.60e+00,
1147,-1.92e-01,8.60e+00,
1148,-1.92e-01,8.60e+00,
1149,-1.92e-01,8.80e+00,
1150,-1.92e-01,8.60e+00,
1151,-1.92e-01,8.60e+00,
1152,-1.92e-01,8.60e+00,
1153,-1.92e-01,8.60e+00,
1154,-1.92e-01,8.60e+00,
1155,-1.92e-01,8.60e+00,
1156,-1.84e-01,8.60e+00,
1157,-1.92e-01,8.60e+00,
1158,-1.84e-01,8.60e+00,
1159,-1.92e-01,8.80e+00,
1160,-1.84e-01,8.60e+00,
1161,-1.92e-01,8.60e+00,
1162,-1.92e-01,8.60e+00,
1163,-1.84e-01,8.60e+00,
1164,-1.84e-01,8.60e+00,
1165,-1.92e-01,8.80e+00,
1166,-1.84e-01,8.60e+00,
1167,-1.84e-01,8.60e+00,
1168,-1.84e-01,8.60e+00,
1169,-1.84e-01,8.60e+00,
1170,-1.84e-01,8.60e+00,
1171,-1.84e-01,8.60e+00,
1172,-1.84e-01,8.60e+00,
1173,-1.84e-01,8.60e+00,
1174,-1.84e-01,8.60e+00,
1175,-1.84e-01,8.80e+00,
1176,-1.76e-01,8.60e+00,
1177,-1.84e-01,8.60e+00,
1178,-1.76e-01,8.60e+00,
1179,-1.84e-01,8.60e+00,
1180,-1.76e-01,8.60e+00,
1181,-1.84e-01,8.60e+00,
1182,-1.76e-01,8.60e+00,
1183,-1.76e-01,8.60e+00,
1184,-1.76e-01,8.60e+00,
1185,-1.76e-01,8.60e+00,
1186,-1.76e-01,8.60e+00,
1187,-1.76e-01,8.80e+00,
1188,-1.76e-01,8.60e+00,
1189,-1.76e-01,8.60e+00,
1190,-1.76e-01,8.60e+00,
1191,-1.76e-01,8.60e+00,
1192,-1.68e-01,8.60e+00,
1193,-1.76e-01,8.80e+00,
1194,-1.68e-01,8.60e+00,
1195,-1.68e-01,8.60e+00,
1196,-1.68e-01,8.60e+00,
1197,-1.68e-01,8.60e+00,
1198,-1.68e-01,8.60e+00,
1199,-1.68e-01,8.80e+00,
1200,-1.68e-01,8.60e+00,
1201,-1.68e-01,8.60e+00,
1202,-1.68e-01,8.60e+00,
1203,-1.68e-01,8.80e+00,
1204,-1.68e-01,8.60e+00,
1205,-1.68e-01,8.60e+00,
1206,-1.68e-01,8.60e+00,
1207,-1.68e-01,8.60e+00,
1208,-1.68e-01,8.60e+00,
1209,-1.68e-01,8.80e+00,
1210,-1.60e-01,8.60e+00,
1211,-1.68e-01,8.60e+00,
1212,-1.60e-01,8.60e+00,
1213,-1.68e-01,8.60e+00,
1214,-1.60e-01,8.60e+00,
1215,-1.60e-01,8.80e+00,
1216,-1.60e-01,8.60e+00,
1217,-1.60e-01,8.60e+00,
1218,-1.60e-01,8.60e+00,
1219,-1.60e-01,8.60e+00,
1220,-1.60e-01,8.60e+00,
1221,-1.60e-01,8.60e+00,
1222,-1.60e-01,8.60e+00,
1223,-1.60e-01,8.60e+00,
1224,-1.44e-01,8.60e+00,
1225,-1.60e-01,8.60e+00,
1226,-1.44e-01,8.60e+00,
1227,-1.44e-01,8.80e+00,
1228,-1.44e-01,8.60e+00,
1229,-1.44e-01,8.80e+00,
1230,-1.44e-01,8.60e+00,
1231,-1.44e-01,8.60e+00,
1232,-1.44e-01,8.60e+00,
1233,-1.44e-01,8.60e+00,
1234,-1.44e-01,8.60e+00,
1235,-1.44e-01,8.80e+00,
1236,-1.44e-01,8.60e+00,
1237,-1.44e-01,8.80e+00,
1238,-1.36e-01,8.60e+00,
1239,-1.44e-01,8.80e+00,
1240,-1.36e-01,8.60e+00,
1241,-1.44e-01,8.60e+00,
1242,-1.36e-01,8.80e+00,
1243,-1.36e-01,8.60e+00,
1244,-1.36e-01,8.60e+00,
1245,-1.36e-01,8.80e+00,
1246,-1.36e-01,8.60e+00,
1247,-1.36e-01,8.80e+00,
1248,-1.36e-01,8.80e+00,
1249,-1.36e-01,8.80e+00,
1250,-1.28e-01,8.60e+00,
1251,-1.36e-01,8.80e+00,
1252,-1.36e-01,8.60e+00,
1253,-1.36e-01,8.80e+00,
1254,-1.36e-01,8.60e+00,
1255,-1.36e-01,8.60e+00,
1256,-1.28e-01,8.60e+00,
1257,-1.36e-01,8.60e+00,
1258,-1.28e-01,8.60e+00,
1259,-1.28e-01,8.80e+00,
1260,-1.28e-01,8.60e+00,
1261,-1.28e-01,8.80e+00,
1262,-1.28e-01,8.60e+00,
1263,-1.28e-01,8.60e+00,
1264,-1.28e-01,8.80e+00,
1265,-1.28e-01,8.80e+00,
1266,-1.28e-01,8.60e+00,
1267,-1.28e-01,8.80e+00,
1268,-1.20e-01,8.60e+00,
1269,-1.28e-01,8.80e+00,
1270,-1.20e-01,8.80e+00,
1271,-1.20e-01,8.80e+00,
1272,-1.20e-01,8.60e+00,
1273,-1.20e-01,8.80e+00,
1274,-1.20e-01,8.60e+00,
1275,-1.20e-01,8.60e+00,
1276,-1.20e-01,8.60e+00,
1277,-1.20e-01,8.60e+00,
1278,-1.20e-01,8.60e+00,
1279,-1.20e-01,8.80e+00,
1280,-1.12e-01,8.60e+00,
1281,-1.20e-01,8.60e+00,
1282,-1.12e-01,8.60e+00,
1283,-1.20e-01,8.80e+00,
1284,-1.12e-01,8.60e+00,
1285,-1.20e-01,8.80e+00,
1286,-1.12e-01,8.60e+00,
1287,-1.12e-01,8.80e+00,
1288,-1.12e-01,8.60e+00,
1289,-1.12e-01,8.80e+00,
1290,-1.12e-01,8.60e+00,
1291,-1.12e-01,8.60e+00,
1292,-1.12e-01,8.60e+00,
1293,-1.12e-01,8.80e+00,
1294,-1.12e-01,8.60e+00,
1295,-1.12e-01,8.80e+00,
1296,-1.04e-01,8.80e+00,
1297,-1.12e-01,8.60e+00,
1298,-1.04e-01,8.60e+00,
1299,-1.04e-01,8.80e+00,
1300,-1.04e-01,8.60e+00,
1301,-1.04e-01,8.80e+00,
1302,-1.04e-01,8.80e+00,
1303,-1.04e-01,8.60e+00,
1304,-1.04e-01,8.80e+00,
1305,-1.04e-01,8.80e+00,
1306,-9.60e-02,8.80e+00,
1307,-1.04e-01,8.80e+00,
1308,-9.60e-02,8.60e+00,
1309,-1.04e-01,8.80e+00,
1310,-9.60e-02,8.60e+00,
1311,-9.60e-02,8.80e+00,
1312,-9.60e-02,8.60e+00,
1313,-9.60e-02,8.80e+00,
1314,-9.60e-02,8.80e+00,
1315,-9.60e-02,8.80e+00,
1316,-9.60e-02,8.60e+00,
1317,-9.60e-02,8.80e+00,
1318,-9.60e-02,8.60e+00,
1319,-9.60e-02,8.80e+00,
1320,-9.60e-02,8.80e+00,
1321,-9.60e-02,8.80e+00,
1322,-8.80e-02,8.60e+00,
1323,-9.60e-02,8.80e+00,
1324,-8.80e-02,8.60e+00,
1325,-9.60e-02,8.80e+00,
1326,-8.80e-02,8.80e+00,
1327,-8.80e-02,8.80e+00,
1328,-8.80e-02,8.60e+00,
1329,-8.80e-02,8.80e+00,
1330,-8.80e-02,8.60e+00,
1331,-8.80e-02,8.80e+00,
1332,-8.80e-02,8.80e+00,
1333,-8.80e-02,8.80e+00,
1334,-8.80e-02,8.80e+00,
1335,-8.80e-02,8.80e+00,
1336,-8.80e-02,8.80e+00,
1337,-8.80e-02,8.60e+00,
1338,-8.00e-02,8.60e+00,
1339,-8.80e-02,8.80e+00,
1340,-8.00e-02,8.60e+00,
1341,-8.00e-02,8.80e+00,
1342,-8.00e-02,8.60e+00,
1343,-8.00e-02,8.60e+00,
1344,-8.00e-02,8.60e+00,
1345,-8.00e-02,8.80e+00,
1346,-8.00e-02,8.80e+00,
1347,-8.00e-02,8.80e+00,
1348,-8.00e-02,8.60e+00,
1349,-8.00e-02,8.80e+00,
1350,-8.00e-02,8.80e+00,
1351,-8.00e-02,8.80e+00,
1352,-7.20e-02,8.80e+00,
1353,-8.00e-02,8.60e+00,
1354,-7.20e-02,8.80e+00,
1355,-7.20e-02,8.80e+00,
1356,-7.20e-02,8.60e+00,
1357,-7.20e-02,8.80e+00,
1358,-7.20e-02,8.80e+00,
1359,-7.20e-02,8.80e+00,
1360,-7.20e-02,8.80e+00,
1361,-7.20e-02,8.60e+00,
1362,-7.20e-02,8.80e+00,
1363,-7.20e-02,8.80e+00,
1364,-6.40e-02,8.80e+00,
1365,-7.20e-02,8.80e+00,
1366,-6.40e-02,8.60e+00,
1367,-6.40e-02,8.80e+00,
1368,-6.40e-02,8.80e+00,
1369,-6.40e-02,8.80e+00,
1370,-6.40e-02,8.60e+00,
1371,-6.40e-02,8.80e+00,
1372,-6.40e-02,8.80e+00,
1373,-6.40e-02,8.80e+00,
1374,-6.40e-02,8.60e+00,
1375,-6.40e-02,8.80e+00,
1376,-5.60e-02,8.60e+00,
1377,-6.40e-02,8.80e+00,
1378,-5.60e-02,8.80e+00,
1379,-5.60e-02,8.80e+00,
1380,-5.60e-02,8.60e+00,
1381,-5.60e-02,8.80e+00,
1382,-5.60e-02,8.80e+00,
1383,-5.60e-02,8.80e+00,
1384,-5.60e-02,8.80e+00,
1385,-5.60e-02,8.80e+00,
1386,-5.60e-02,8.60e+00,
1387,-5.60e-02,8.80e+00,
1388,-5.60e-02,8.80e+00,
1389,-5.60e-02,8.80e+00,
1390,-4.80e-02,8.80e+00,
1391,-4.80e-02,8.80e+00,
1392,-4.80e-02,8.80e+00,
1393,-5.60e-02,8.80e+00,
1394,-4.80e-02,8.80e+00,
1395,-4.80e-02,8.80e+00,
1396,-4.80e-02,8.80e+00,
1397,-4.80e-02,8.80e+00,
1398,-4.80e-02,8.80e+00,
1399,-4.80e-02,8.80e+00,
1400,-4.80e-02,8.80e+00,
1401,-4.80e-02,8.80e+00,
1402,-4.80e-02,8.80e+00,
1403,-4.80e-02,8.80e+00,
1404,-4.80e-02,8.80e+00,
1405,-4.80e-02,8.80e+00,
1406,-4.00e-02,8.80e+00,
1407,-4.00e-02,8.80e+00,
1408,-4.00e-02,8.80e+00,
1409,-4.00e-02,8.80e+00,
1410,-4.00e-02,8.80e+00,
1411,-4.00e-02,8.80e+00,
1412,-4.00e-02,8.80e+00,
1413,-4.00e-02,8.60e+00,
1414,-4.00e-02,8.80e+00,
1415,-4.00e-02,8.80e+00,
1416,-4.00e-02,8.80e+00,
1417,-4.00e-02,8.80e+00,
1418,-3.20e-02,8.60e+00,
1419,-3.20e-02,8.80e+00,
1420,-3.20e-02,8.80e+00,
1421,-3.20e-02,8.80e+00,
1422,-3.20e-02,8.80e+00,
1423,-3.20e-02,8.80e+00,
1424,-3.20e-02,8.80e+00,
1425,-3.20e-02,8.80e+00,
1426,-3.20e-02,8.80e+00,
1427,-3.20e-02,8.80e+00,
1428,-3.20e-02,8.60e+00,
1429,-3.20e-02,8.80e+00,
1430,-2.40e-02,8.80e+00,
1431,-2.40e-02,8.80e+00,
1432,-2.40e-02,8.80e+00,
1433,-3.20e-02,8.60e+00,
1434,-2.40e-02,8.80e+00,
1435,-2.40e-02,8.80e+00,
1436,-2.40e-02,8.80e+00,
1437,-2.40e-02,8.80e+00,
1438,-2.40e-02,8.80e+00,
1439,-2.40e-02,8.80e+00,
1440,-2.40e-02,8.80e+00,
1441,-2.40e-02,8.80e+00,
1442,-1.60e-02,8.80e+00,
1443,-2.40e-02,8.80e+00,
1444,-1.60e-02,8.80e+00,
1445,-2.40e-02,8.80e+00,
1446,-1.60e-02,8.80e+00,
1447,-1.60e-02,8.80e+00,
1448,-1.60e-02,8.80e+00,
1449,-1.60e-02,8.80e+00,
1450,-1.60e-02,8.80e+00,
1451,-1.60e-02,8.80e+00,
1452,-1.60e-02,8.80e+00,
1453,-1.60e-02,8.80e+00,
1454,-1.60e-02,8.80e+00,
1455,-8.00e-03,8.80e+00,
1456,-8.00e-03,8.80e+00,
1457,-1.60e-02,8.80e+00,
1458,-8.00e-03,8.60e+00,
1459,-8.00e-03,8.80e+00,
1460,-8.00e-03,8.80e+00,
1461,-8.00e-03,9.00e+00,
1462,-8.00e-03,8.80e+00,
1463,-8.00e-03,8.80e+00,
1464,-8.00e-03,8.80e+00,
1465,-8.00e-03,8.80e+00,
1466,-8.00e-03,8.80e+00,
1467,0.00e+00,8.80e+00,
1468,-8.00e-03,8.80e+00,
1469,-8.00e-03,8.80e+00,
1470,-8.00e-03,8.80e+00,
1471,0.00e+00,8.80e+00,
1472,0.00e+00,8.80e+00,
1473,0.00e+00,8.80e+00,
1474,0.00e+00,8.80e+00,
1475,0.00e+00,8.80e+00,
1476,0.00e+00,8.80e+00,
1477,0.00e+00,8.80e+00,
1478,0.00e+00,8.80e+00,
1479,0.00e+00,8.80e+00,
1480,0.00e+00,8.80e+00,
1481,0.00e+00,8.80e+00,
1482,0.00e+00,8.80e+00,
1483,8.00e-03,8.80e+00,
1484,8.00e-03,8.80e+00,
1485,0.00e+00,8.80e+00,
1486,8.00e-03,8.80e+00,
1487,8.00e-03,8.80e+00,
1488,8.00e-03,8.80e+00,
1489,8.00e-03,8.80e+00,
1490,8.00e-03,8.80e+00,
1491,8.00e-03,8.80e+00,
1492,8.00e-03,8.80e+00,
1493,8.00e-03,8.80e+00,
1494,8.00e-03,8.80e+00,
1495,8.00e-03,8.80e+00,
1496,8.00e-03,8.80e+00,
1497,8.00e-03,8.80e+00,
1498,1.60e-02,8.80e+00,
1499,1.60e-02,8.80e+00,
1500,1.60e-02,8.80e+00,
1501,1.60e-02,8.80e+00,
1502,1.60e-02,8.80e+00,
1503,1.60e-02,8.80e+00,
1504,1.60e-02,8.80e+00,
1505,1.60e-02,8.80e+00,
1506,1.60e-02,8.80e+00,
1507,1.60e-02,8.80e+00,
1508,1.60e-02,8.80e+00,
1509,1.60e-02,8.80e+00,
1510,1.60e-02,8.80e+00,
1511,2.40e-02,8.80e+00,
1512,2.40e-02,8.80e+00,
1513,2.40e-02,8.80e+00,
1514,2.40e-02,8.80e+00,
1515,2.40e-02,8.80e+00,
1516,2.40e-02,8.80e+00,
1517,2.40e-02,8.80e+00,
1518,2.40e-02,8.80e+00,
1519,2.40e-02,8.80e+00,
1520,2.40e-02,8.80e+00,
1521,2.40e-02,8.80e+00,
1522,2.40e-02,8.80e+00,
1523,2.40e-02,9.00e+00,
1524,2.40e-02,8.80e+00,
1525,2.40e-02,8.80e+00,
1526,2.40e-02,8.80e+00,
1527,3.20e-02,8.80e+00,
1528,3.20e-02,8.80e+00,
1529,3.20e-02,8.80e+00,
1530,3.20e-02,8.80e+00,
1531,3.20e-02,9.00e+00,
1532,3.20e-02,8.80e+00,
1533,3.20e-02,8.80e+00,
1534,3.20e-02,8.80e+00,
1535,3.20e-02,8.80e+00,
1536,3.20e-02,8.80e+00,
1537,3.20e-02,8.80e+00,
1538,3.20e-02,8.80e+00,
1539,3.20e-02,9.00e+00,
1540,4.00e-02,8.80e+00,
1541,3.20e-02,8.80e+00,
1542,4.00e-02,8.80e+00,
1543,4.00e-02,8.80e+00,
1544,4.00e-02,8.80e+00,
1545,4.00e-02,8.80e+00,
1546,4.00e-02,8.80e+00,
1547,4.00e-02,8.80e+00,
1548,4.00e-02,8.80e+00,
1549,4.00e-02,9.00e+00,
1550,4.00e-02,8.80e+00,
1551,4.00e-02,8.80e+00,
1552,4.00e-02,8.80e+00,
1553,4.00e-02,8.80e+00,
1554,4.80e-02,8.80e+00,
1555,4.80e-02,8.80e+00,
1556,4.80e-02,8.80e+00,
1557,4.80e-02,9.00e+00,
1558,4.80e-02,9.00e+00,
1559,4.80e-02,8.80e+00,
1560,4.80e-02,8.80e+00,
1561,4.80e-02,8.80e+00,
1562,4.80e-02,8.80e+00,
1563,4.80e-02,8.80e+00,
1564,4.80e-02,8.80e+00,
1565,4.80e-02,8.80e+00,
1566,4.80e-02,8.80e+00,
1567,4.80e-02,8.80e+00,
1568,4.80e-02,8.80e+00,
1569,4.80e-02,8.80e+00,
1570,5.60e-02,8.80e+00,
1571,5.60e-02,8.80e+00,
1572,5.60e-02,8.80e+00,
1573,4.80e-02,8.80e+00,
1574,5.60e-02,8.80e+00,
1575,5.60e-02,8.80e+00,
1576,5.60e-02,8.80e+00,
1577,5.60e-02,8.80e+00,
1578,5.60e-02,8.80e+00,
1579,5.60e-02,8.80e+00,
1580,5.60e-02,8.80e+00,
1581,5.60e-02,8.80e+00,
1582,5.60e-02,8.80e+00,
1583,5.60e-02,8.80e+00,
1584,5.60e-02,8.80e+00,
1585,5.60e-02,8.80e+00,
1586,6.40e-02,8.80e+00,
1587,6.40e-02,8.80e+00,
1588,6.40e-02,8.80e+00,
1589,6.40e-02,8.80e+00,
1590,6.40e-02,8.80e+00,
1591,6.40e-02,8.80e+00,
1592,6.40e-02,8.80e+00,
1593,6.40e-02,8.80e+00,
1594,6.40e-02,8.80e+00,
1595,6.40e-02,8.80e+00,
1596,6.40e-02,8.80e+00,
1597,6.40e-02,8.80e+00,
1598,6.40e-02,8.80e+00,
1599,6.40e-02,8.80e+00,
1600,6.40e-02,8.80e+00,
1601,6.40e-02,9.00e+00,
1602,7.20e-02,8.80e+00,
1603,7.20e-02,9.00e+00,
1604,7.20e-02,8.80e+00,
1605,6.40e-02,8.80e+00,
1606,7.20e-02,9.00e+00,
1607,7.20e-02,9.00e+00,
1608,7.20e-02,8.80e+00,
1609,7.20e-02,9.00e+00,
1610,7.20e-02,8.80e+00,
1611,7.20e-02,9.00e+00,
1612,7.20e-02,8.80e+00,
1613,7.20e-02,8.80e+00,
1614,7.20e-02,8.80e+00,
1615,7.20e-02,8.80e+00,
1616,7.20e-02,8.80e+00,
1617,7.20e-02,8.80e+00,
1618,7.20e-02,8.80e+00,
1619,8.00e-02,9.00e+00,
1620,7.20e-02,8.80e+00,
1621,7.20e-02,9.00e+00,
1622,8.00e-02,9.00e+00,
1623,8.00e-02,9.00e+00,
1624,8.00e-02,8.80e+00,
1625,8.00e-02,8.80e+00,
1626,8.00e-02,8.80e+00,
1627,8.00e-02,8.80e+00,
1628,8.00e-02,8.80e+00,
1629,8.00e-02,9.00e+00,
1630,8.00e-02,8.80e+00,
1631,8.00e-02,9.00e+00,
1632,8.00e-02,8.80e+00,
1633,8.00e-02,8.80e+00,
1634,8.00e-02,9.00e+00,
1635,8.00e-02,8.80e+00,
1636,8.00e-02,8.80e+00,
1637,8.00e-02,9.00e+00,
1638,8.00e-02,9.00e+00,
1639,8.80e-02,9.00e+00,
1640,8.80e-02,8.80e+00,
1641,8.80e-02,9.00e+00,
1642,8.80e-02,8.80e+00,
1643,8.80e-02,9.00e+00,
1644,8.80e-02,8.80e+00,
1645,8.80e-02,8.80e+00,
1646,8.80e-02,8.80e+00,
1647,8.80e-02,9.00e+00,
1648,8.80e-02,8.80e+00,
1649,8.80e-02,8.80e+00,
1650,8.80e-02,8.80e+00,
1651,8.80e-02,9.00e+00,
1652,8.80e-02,8.80e+00,
1653,8.80e-02,8.80e+00,
1654,8.80e-02,9.00e+00,
1655,9.60e-02,8.80e+00,
1656,9.60e-02,9.00e+00,
1657,9.60e-02,8.80e+00,
1658,9.60e-02,8.80e+00,
1659,9.60e-02,9.00e+00,
1660,9.60e-02,8.80e+00,
1661,9.60e-02,9.00e+00,
1662,9.60e-02,8.80e+00,
1663,9.60e-02,8.80e+00,
1664,9.60e-02,9.00e+00,
1665,9.60e-02,8.80e+00,
1666,9.60e-02,9.00e+00,
1667,9.60e-02,9.00e+00,
1668,9.60e-02,8.80e+00,
1669,9.60e-02,9.00e+00,
1670,9.60e-02,8.80e+00,
1671,9.60e-02,9.00e+00,
1672,9.60e-02,8.80e+00,
1673,9.60e-02,9.00e+00,
1674,1.04e-01,8.80e+00,
1675,9.60e-02,8.80e+00,
1676,9.60e-02,8.80e+00,
1677,1.04e-01,9.00e+00,
1678,1.04e-01,9.00e+00,
1679,1.04e-01,8.80e+00,
1680,1.04e-01,9.00e+00,
1681,1.04e-01,9.00e+00,
1682,1.04e-01,8.80e+00,
1683,1.04e-01,9.00e+00,
1684,1.04e-01,8.80e+00,
1685,1.04e-01,9.00e+00,
1686,1.04e-01,8.80e+00,
1687,1.04e-01,8.80e+00,
1688,1.04e-01,8.80e+00,
1689,1.04e-01,9.00e+00,
1690,1.04e-01,8.80e+00,
1691,1.04e-01,8.80e+00,
1692,1.04e-01,9.00e+00,
1693,1.04e-01,9.00e+00,
1694,1.04e-01,9.00e+00,
1695,1.12e-01,8.80e+00,
1696,1.04e-01,9.00e+00,
1697,1.12e-01,8.80e+00,
1698,1.12e-01,9.00e+00,
1699,1.12e-01,8.80e+00,
1700,1.12e-01,9.00e+00,
1701,1.12e-01,9.00e+00,
1702,1.12e-01,8.80e+00,
1703,1.12e-01,9.00e+00,
1704,1.12e-01,8.80e+00,
1705,1.12e-01,9.00e+00,
1706,1.12e-01,8.80e+00,
1707,1.12e-01,9.00e+00,
1708,1.12e-01,8.80e+00,
1709,1.12e-01,8.80e+00,
1710,1.12e-01,9.00e+00,
1711,1.12e-01,9.00e+00,
1712,1.12e-01,8.80e+00,
1713,1.12e-01,9.00e+00,
1714,1.20e-01,8.80e+00,
1715,1.12e-01,9.00e+00,
1716,1.12e-01,9.00e+00,
1717,1.12e-01,9.00e+00,
1718,1.12e-01,8.80e+00,
1719,1.20e-01,8.80e+00,
1720,1.12e-01,9.00e+00,
1721,1.20e-01,9.00e+00,
1722,1.20e-01,8.80e+00,
1723,1.20e-01,9.00e+00,
1724,1.20e-01,8.80e+00,
1725,1.20e-01,9.00e+00,
1726,1.20e-01,9.00e+00,
1727,1.20e-01,8.80e+00,
1728,1.20e-01,9.00e+00,
1729,1.20e-01,9.00e+00,
1730,1.20e-01,9.00e+00,
1731,1.20e-01,9.00e+00,
1732,1.20e-01,8.80e+00,
1733,1.20e-01,9.00e+00,
1734,1.20e-01,9.00e+00,
1735,1.20e-01,8.80e+00,
1736,1.20e-01,9.00e+00,
1737,1.20e-01,9.00e+00,
1738,1.20e-01,8.80e+00,
1739,1.28e-01,9.00e+00,
1740,1.28e-01,8.80e+00,
1741,1.20e-01,9.00e+00,
1742,1.20e-01,8.80e+00,
1743,1.28e-01,9.00e+00,
1744,1.28e-01,9.00e+00,
1745,1.28e-01,9.00e+00,
1746,1.28e-01,8.80e+00,
1747,1.28e-01,9.00e+00,
1748,1.28e-01,8.80e+00,
1749,1.28e-01,9.00e+00,
1750,1.28e-01,8.80e+00,
1751,1.28e-01,9.00e+00,
1752,1.28e-01,9.00e+00,
1753,1.28e-01,8.80e+00,
1754,1.28e-01,9.00e+00,
1755,1.28e-01,9.00e+00,
1756,1.28e-01,8.80e+00,
1757,1.28e-01,9.00e+00,
1758,1.28e-01,9.00e+00,
1759,1.28e-01,9.00e+00,
1760,1.28e-01,9.00e+00,
1761,1.28e-01,9.00e+00,
1762,1.36e-01,9.00e+00,
1763,1.28e-01,8.80e+00,
1764,1.28e-01,9.00e+00,
1765,1.28e-01,9.00e+00,
1766,1.28e-01,8.80e+00,
1767,1.36e-01,9.00e+00,
1768,1.28e-01,9.00e+00,
1769,1.36e-01,9.00e+00,
1770,1.36e-01,9.00e+00,
1771,1.36e-01,8.80e+00,
1772,1.36e-01,8.80e+00,
1773,1.36e-01,8.80e+00,
1774,1.36e-01,8.80e+00,
1775,1.36e-01,9.00e+00,
1776,1.36e-01,8.80e+00,
1777,1.36e-01,9.00e+00,
1778,1.36e-01,9.00e+00,
1779,1.36e-01,9.00e+00,
1780,1.36e-01,8.80e+00,
1781,1.36e-01,9.00e+00,
1782,1.36e-01,9.00e+00,
1783,1.36e-01,9.00e+00,
1784,1.36e-01,9.00e+00,
1785,1.36e-01,8.80e+00,
1786,1.52e-01,8.80e+00,
1787,1.52e-01,9.00e+00,
1788,1.52e-01,8.80e+00,
1789,1.52e-01,9.00e+00,
1790,1.36e-01,8.80e+00,
1791,1.52e-01,9.00e+00,
1792,1.52e-01,9.00e+00,
1793,1.52e-01,9.00e+00,
1794,1.52e-01,9.00e+00,
1795,1.52e-01,8.80e+00,
1796,1.52e-01,8.80e+00,
1797,1.52e-01,9.00e+00,
1798,1.52e-01,8.80e+00,
1799,1.52e-01,8.80e+00,
1800,1.52e-01,9.00e+00,
1801,1.52e-01,8.80e+00,
1802,1.52e-01,8.80e+00,
1803,1.52e-01,9.00e+00,
1804,1.52e-01,8.80e+00,
1805,1.52e-01,9.00e+00,
1806,1.52e-01,9.00e+00,
1807,1.52e-01,8.80e+00,
1808,1.52e-01,9.00e+00,
1809,1.52e-01,9.00e+00,
1810,1.52e-01,9.00e+00,
1811,1.60e-01,9.00e+00,
1812,1.52e-01,9.00e+00,
1813,1.52e-01,9.00e+00,
1814,1.52e-01,9.00e+00,
1815,1.60e-01,9.00e+00,
1816,1.52e-01,9.00e+00,
1817,1.60e-01,9.00e+00,
1818,1.60e-01,9.00e+00,
1819,1.60e-01,9.00e+00,
1820,1.60e-01,8.80e+00,
1821,1.60e-01,9.00e+00,
1822,1.60e-01,8.80e+00,
1823,1.60e-01,8.80e+00,
1824,1.60e-01,9.00e+00,
1825,1.60e-01,9.00e+00,
1826,1.60e-01,9.00e+00,
1827,1.60e-01,9.00e+00,
1828,1.60e-01,8.80e+00,
1829,1.60e-01,9.00e+00,
1830,1.60e-01,9.00e+00,
1831,1.60e-01,9.00e+00,
1832,1.60e-01,8.80e+00,
1833,1.60e-01,9.00e+00,
1834,1.60e-01,8.80e+00,
1835,1.68e-01,9.00e+00,
1836,1.60e-01,9.00e+00,
1837,1.60e-01,9.00e+00,
1838,1.68e-01,8.80e+00,
1839,1.68e-01,9.00e+00,
1840,1.60e-01,9.00e+00,
1841,1.68e-01,9.00e+00,
1842,1.68e-01,8.80e+00,
1843,1.68e-01,8.80e+00,
1844,1.68e-01,9.00e+00,
1845,1.68e-01,9.00e+00,
1846,1.68e-01,9.00e+00,
1847,1.68e-01,9.00e+00,
1848,1.68e-01,9.00e+00,
1849,1.68e-01,9.00e+00,
1850,1.68e-01,9.00e+00,
1851,1.68e-01,9.00e+00,
1852,1.68e-01,9.00e+00,
1853,1.68e-01,9.00e+00,
1854,1.68e-01,9.00e+00,
1855,1.68e-01,9.00e+00,
1856,1.68e-01,9.00e+00,
1857,1.68e-01,9.00e+00,
1858,1.76e-01,8.80e+00,
1859,1.68e-01,8.80e+00,
1860,1.68e-01,9.00e+00,
1861,1.68e-01,9.20e+00,
1862,1.68e-01,9.00e+00,
1863,1.76e-01,9.00e+00,
1864,1.76e-01,9.00e+00,
1865,1.68e-01,9.00e+00,
1866,1.76e-01,9.00e+00,
1867,1.76e-01,9.00e+00,
1868,1.68e-01,9.00e+00,
1869,1.76e-01,9.00e+00,
1870,1.76e-01,9.00e+00,
1871,1.76e-01,9.00e+00,
1872,1.76e-01,9.00e+00,
1873,1.76e-01,9.00e+00,
1874,1.76e-01,9.00e+00,
1875,1.76e-01,9.00e+00,
1876,1.76e-01,9.00e+00,
1877,1.76e-01,9.00e+00,
1878,1.76e-01,9.00e+00,
1879,1.76e-01,9.00e+00,
1880,1.76e-01,9.00e+00,
1881,1.76e-01,9.00e+00,
1882,1.76e-01,8.80e+00,
1883,1.84e-01,9.00e+00,
1884,1.76e-01,8.80e+00,
1885,1.76e-01,9.00e+00,
1886,1.76e-01,9.00e+00,
1887,1.84e-01,9.00e+00,
1888,1.76e-01,8.80e+00,
1889,1.76e-01,9.00e+00,
1890,1.84e-01,9.00e+00,
1891,1.84e-01,9.00e+00,
1892,1.76e-01,9.00e+00,
1893,1.84e-01,8.80e+00,
1894,1.84e-01,9.00e+00,
1895,1.84e-01,9.00e+00,
1896,1.84e-01,9.00e+00,
1897,1.84e-01,9.00e+00,
1898,1.84e-01,9.00e+00,
1899,1.84e-01,9.00e+00,
1900,1.84e-01,8.80e+00,
1901,1.84e-01,9.00e+00,
1902,1.84e-01,9.00e+00,
1903,1.84e-01,9.00e+00,
1904,1.84e-01,9.00e+00,
1905,1.84e-01,9.00e+00,
1906,1.84e-01,9.00e+00,
1907,1.84e-01,9.00e+00,
1908,1.84e-01,8.80e+00,
1909,1.84e-01,9.00e+00,
1910,1.84e-01,9.00e+00,
1911,1.92e-01,9.00e+00,
1912,1.84e-01,9.00e+00,
1913,1.84e-01,9.00e+00,
1914,1.92e-01,8.80e+00,
1915,1.92e-01,9.00e+00,
1916,1.84e-01,8.80e+00,
1917,1.92e-01,9.00e+00,
1918,1.92e-01,9.00e+00,
1919,1.92e-01,9.00e+00,
1920,1.92e-01,9.00e+00,
1921,1.92e-01,9.00e+00,
1922,1.92e-01,9.00e+00,
1923,1.92e-01,9.00e+00,
1924,1.92e-01,9.00e+00,
1925,1.92e-01,9.00e+00,
1926,1.92e-01,9.00e+00,
1927,1.92e-01,9.00e+00,
1928,1.92e-01,9.00e+00,
1929,1.92e-01,9.00e+00,
1930,1.92e-01,9.00e+00,
1931,1.92e-01,9.00e+00,
1932,1.92e-01,9.00e+00,
1933,1.92e-01,9.00e+00,
1934,1.92e-01,9.00e+00,
1935,2.00e-01,9.00e+00,
1936,1.92e-01,9.00e+00,
1937,1.92e-01,9.00e+00,
1938,2.00e-01,8.80e+00,
1939,2.00e-01,9.00e+00,
1940,1.92e-01,9.00e+00,
1941,1.92e-01,9.00e+00,
1942,2.00e-01,9.00e+00,
1943,2.00e-01,9.00e+00,
1944,2.00e-01,9.00e+00,
1945,2.00e-01,9.00e+00,
1946,2.00e-01,9.00e+00,
1947,2.00e-01,9.00e+00,
1948,2.00e-01,9.00e+00,
1949,2.00e-01,9.00e+00,
1950,2.00e-01,9.00e+00,
1951,2.00e-01,9.00e+00,
1952,2.00e-01,9.00e+00,
1953,2.00e-01,9.00e+00,
1954,2.00e-01,9.00e+00,
1955,2.00e-01,9.00e+00,
1956,2.00e-01,9.00e+00,
1957,2.00e-01,9.00e+00,
1958,2.00e-01,9.00e+00,
1959,2.08e-01,9.00e+00,
1960,2.00e-01,9.00e+00,
1961,2.00e-01,9.00e+00,
1962,2.08e-01,9.20e+00,
1963,2.08e-01,9.00e+00,
1964,2.00e-01,9.00e+00,
1965,2.08e-01,9.00e+00,
1966,2.00e-01,9.00e+00,
1967,2.08e-01,9.00e+00,
1968,2.08e-01,9.00e+00,
1969,2.08e-01,9.00e+00,
1970,2.08e-01,9.00e+00,
1971,2.08e-01,9.00e+00,
1972,2.08e-01,9.00e+00,
1973,2.08e-01,9.00e+00,
1974,2.08e-01,9.00e+00,
1975,2.08e-01,9.00e+00,
1976,2.08e-01,9.00e+00,
1977,2.08e-01,9.00e+00,
1978,2.08e-01,9.00e+00,
1979,2.08e-01,9.00e+00,
1980,2.08e-01,9.00e+00,
1981,2.08e-01,9.00e+00,
1982,2.08e-01,9.00e+00,
1983,2.16e-01,9.00e+00,
1984,2.08e-01,9.00e+00,
1985,2.08e-01,9.00e+00,
1986,2.16e-01,9.00e+00,
1987,2.16e-01,9.00e+00,
1988,2.08e-01,9.00e+00,
1989,2.16e-01,9.00e+00,
1990,2.16e-01,9.00e+00,
1991,2.16e-01,9.00e+00,
1992,2.16e-01,9.00e+00,
1993,2.16e-01,9.00e+00,
1994,2.16e-01,9.00e+00,
1995,2.16e-01,9.00e+00,
1996,2.16e-01,9.00e+00,
1997,2.16e-01,9.00e+00,
1998,2.16e-01,9.00e+00,
1999,2.16e-01,9.00e+00,
2000,2.16e-01,9.00e+00,
2001,2.16e-01,9.00e+00,
2002,2.16e-01,9.00e+00,
2003,2.16e-01,9.00e+00,
2004,2.16e-01,9.00e+00,
2005,2.16e-01,9.00e+00,
2006,2.16e-01,9.00e+00,
2007,2.24e-01,9.00e+00,
2008,2.24e-01,9.00e+00,
2009,2.16e-01,9.00e+00,
2010,2.24e-01,8.80e+00,
2011,2.24e-01,9.00e+00,
2012,2.24e-01,9.00e+00,
2013,2.24e-01,9.00e+00,
2014,2.24e-01,9.00e+00,
2015,2.24e-01,9.00e+00,
2016,2.24e-01,9.00e+00,
2017,2.24e-01,9.00e+00,
2018,2.24e-01,9.00e+00,
2019,2.24e-01,9.00e+00,
2020,2.24e-01,9.00e+00,
2021,2.24e-01,9.00e+00,
2022,2.24e-01,9.00e+00,
2023,2.24e-01,9.00e+00,
2024,2.24e-01,9.00e+00,
2025,2.24e-01,9.00e+00,
2026,2.24e-01,9.00e+00,
2027,2.32e-01,9.00e+00,
2028,2.24e-01,9.00e+00,
2029,2.24e-01,9.00e+00,
2030,2.24e-01,9.00e+00,
2031,2.32e-01,9.00e+00,
2032,2.32e-01,9.00e+00,
2033,2.32e-01,9.00e+00,
2034,2.32e-01,9.00e+00,
2035,2.32e-01,9.00e+00,
2036,2.32e-01,9.00e+00,
2037,2.32e-01,9.00e+00,
2038,2.32e-01,9.00e+00,
2039,2.32e-01,9.00e+00,
2040,2.32e-01,9.00e+00,
2041,2.32e-01,9.00e+00,
2042,2.32e-01,9.00e+00,
2043,2.32e-01,9.00e+00,
2044,2.32e-01,9.00e+00,
2045,2.32e-01,9.00e+00,
2046,2.32e-01,9.00e+00,
2047,2.40e-01,9.00e+00,
2048,2.32e-01,9.00e+00,
2049,2.32e-01,9.20e+00,
2050,2.32e-01,9.00e+00,
2051,2.40e-01,9.00e+00,
2052,2.32e-01,9.00e+00,
2053,2.40e-01,9.00e+00,
2054,2.40e-01,9.00e+00,
2055,2.40e-01,9.00e+00,
2056,2.32e-01,9.00e+00,
2057,2.40e-01,9.00e+00,
2058,2.40e-01,9.00e+00,
2059,2.40e-01,9.20e+00,
2060,2.40e-01,9.00e+00,
2061,2.40e-01,9.00e+00,
2062,2.40e-01,9.00e+00,
2063,2.40e-01,9.00e+00,
2064,2.40e-01,9.00e+00,
2065,2.40e-01,9.00e+00,
2066,2.40e-01,9.00e+00,
2067,2.40e-01,9.00e+00,
2068,2.40e-01,9.00e+00,
2069,2.40e-01,9.00e+00,
2070,2.40e-01,9.00e+00,
2071,2.40e-01,9.00e+00,
2072,2.40e-01,9.00e+00,
2073,2.40e-01,9.00e+00,
2074,2.48e-01,9.00e+00,
2075,2.48e-01,9.00e+00,
2076,2.40e-01,9.00e+00,
2077,2.48e-01,9.00e+00,
2078,2.48e-01,9.00e+00,
2079,2.48e-01,9.00e+00,
2080,2.48e-01,9.00e+00,
2081,2.48e-01,9.20e+00,
2082,2.48e-01,9.00e+00,
2083,2.48e-01,9.00e+00,
2084,2.48e-01,9.00e+00,
2085,2.48e-01,9.00e+00,
2086,2.48e-01,9.00e+00,
2087,2.48e-01,9.00e+00,
2088,2.48e-01,9.00e+00,
2089,2.48e-01,9.00e+00,
2090,2.48e-01,9.00e+00,
2091,2.56e-01,9.00e+00,
2092,2.48e-01,9.00e+00,
2093,2.48e-01,9.20e+00,
2094,2.48e-01,9.00e+00,
2095,2.56e-01,9.00e+00,
2096,2.48e-01,9.00e+00,
2097,2.48e-01,9.00e+00,
2098,2.56e-01,9.00e+00,
2099,2.56e-01,9.00e+00,
2100,2.48e-01,9.00e+00,
2101,2.56e-01,9.00e+00,
2102,2.56e-01,9.00e+00,
2103,2.56e-01,9.20e+00,
2104,2.56e-01,9.00e+00,
2105,2.56e-01,9.00e+00,
2106,2.56e-01,9.00e+00,
2107,2.56e-01,9.00e+00,
2108,2.56e-01,9.00e+00,
2109,2.56e-01,9.00e+00,
2110,2.56e-01,9.00e+00,
2111,2.56e-01,9.00e+00,
2112,2.56e-01,9.00e+00,
2113,2.56e-01,9.00e+00,
2114,2.56e-01,9.00e+00,
2115,2.56e-01,9.00e+00,
2116,2.56e-01,9.00e+00,
2117,2.56e-01,9.20e+00,
2118,2.56e-01,9.00e+00,
2119,2.64e-01,9.20e+00,
2120,2.56e-01,9.00e+00,
2121,2.64e-01,9.20e+00,
2122,2.64e-01,9.00e+00,
2123,2.64e-01,9.00e+00,
2124,2.56e-01,9.00e+00,
2125,2.64e-01,9.00e+00,
2126,2.64e-01,9.00e+00,
2127,2.64e-01,9.20e+00,
2128,2.64e-01,9.00e+00,
2129,2.64e-01,9.00e+00,
2130,2.64e-01,9.00e+00,
2131,2.64e-01,9.00e+00,
2132,2.64e-01,9.00e+00,
2133,2.64e-01,9.00e+00,
2134,2.64e-01,9.00e+00,
2135,2.72e-01,9.00e+00,
2136,2.64e-01,9.00e+00,
2137,2.64e-01,9.00e+00,
2138,2.64e-01,9.00e+00,
2139,2.72e-01,9.00e+00,
2140,2.64e-01,9.00e+00,
2141,2.72e-01,9.20e+00,
2142,2.72e-01,9.00e+00,
2143,2.72e-01,9.00e+00,
2144,2.64e-01,9.00e+00,
2145,2.72e-01,9.00e+00,
2146,2.72e-01,9.00e+00,
2147,2.72e-01,9.20e+00,
2148,2.64e-01,9.00e+00,
2149,2.72e-01,9.00e+00,
2150,2.72e-01,9.00e+00,
2151,2.72e-01,9.20e+00,
2152,2.72e-01,9.00e+00,
2153,2.72e-01,9.00e+00,
2154,2.72e-01,9.00e+00,
2155,2.72e-01,9.00e+00,
2156,2.72e-01,9.00e+00,
2157,2.72e-01,9.20e+00,
2158,2.72e-01,9.00e+00,
2159,2.80e-01,9.00e+00,
2160,2.72e-01,9.20e+00,
2161,2.72e-01,9.00e+00,
2162,2.80e-01,9.00e+00,
2163,2.72e-01,9.00e+00,
2164,2.72e-01,9.00e+00,
2165,2.72e-01,9.20e+00,
2166,2.72e-01,9.00e+00,
2167,2.80e-01,9.00e+00,
2168,2.72e-01,9.00e+00,
2169,2.80e-01,9.00e+00,
2170,2.80e-01,9.00e+00,
2171,2.80e-01,9.00e+00,
2172,2.80e-01,9.00e+00,
2173,2.80e-01,9.00e+00,
2174,2.80e-01,9.00e+00,
2175,2.80e-01,9.00e+00,
2176,2.80e-01,9.00e+00,
2177,2.80e-01,9.00e+00,
2178,2.80e-01,9.00e+00,
2179,2.80e-01,9.00e+00,
2180,2.80e-01,9.00e+00,
2181,2.80e-01,9.20e+00,
2182,2.80e-01,9.00e+00,
2183,2.80e-01,9.20e+00,
2184,2.80e-01,9.00e+00,
2185,2.80e-01,9.00e+00,
2186,2.80e-01,9.00e+00,
2187,2.88e-01,9.20e+00,
2188,2.80e-01,9.00e+00,
2189,2.80e-01,9.00e+00,
2190,2.80e-01,9.00e+00,
2191,2.88e-01,9.00e+00,
2192,2.80e-01,9.20e+00,
2193,2.88e-01,9.20e+00,
2194,2.88e-01,9.00e+00,
2195,2.88e-01,9.00e+00,
2196,2.88e-01,9.00e+00,
2197,2.88e-01,9.20e+00,
2198,2.88e-01,9.00e+00,
2199,2.88e-01,9.20e+00,
2200,2.88e-01,9.00e+00,
2201,2.88e-01,9.20e+00,
2202,2.88e-01,9.00e+00,
2203,2.88e-01,9.20e+00,
2204,2.88e-01,9.00e+00,
2205,2.88e-01,9.20e+00,
2206,2.88e-01,9.00e+00,
2207,2.88e-01,9.20e+00,
2208,2.88e-01,9.00e+00,
2209,2.88e-01,9.00e+00,
2210,2.88e-01,9.00e+00,
2211,2.88e-01,9.20e+00,
2212,2.88e-01,9.00e+00,
2213,2.88e-01,9.20e+00,
2214,2.88e-01,9.00e+00,
2215,2.96e-01,9.00e+00,
2216,2.88e-01,9.20e+00,
2217,2.88e-01,9.00e+00,
2218,2.96e-01,9.00e+00,
2219,2.96e-01,9.00e+00,
2220,2.88e-01,9.00e+00,
2221,2.96e-01,9.20e+00,
2222,2.96e-01,9.00e+00,
2223,2.96e-01,9.00e+00,
2224,2.88e-01,9.00e+00,
2225,2.96e-01,9.00e+00,
2226,2.96e-01,9.00e+00,
2227,2.96e-01,9.00e+00,
2228,2.96e-01,9.00e+00,
2229,2.96e-01,9.00e+00,
2230,2.96e-01,9.00e+00,
2231,2.96e-01,9.20e+00,
2232,2.96e-01,9.00e+00,
2233,2.96e-01,9.00e+00,
2234,2.96e-01,9.00e+00,
2235,2.96e-01,9.00e+00,
2236,2.96e-01,9.00e+00,
2237,2.96e-01,9.20e+00,
2238,2.96e-01,9.00e+00,
2239,3.04e-01,9.00e+00,
2240,2.96e-01,9.00e+00,
2241,2.96e-01,9.00e+00,
2242,2.96e-01,9.00e+00,
2243,3.04e-01,9.00e+00,
2244,2.96e-01,9.00e+00,
2245,2.96e-01,9.00e+00,
2246,2.96e-01,9.00e+00,
2247,3.04e-01,9.00e+00,
2248,2.96e-01,9.00e+00,
2249,2.96e-01,9.00e+00,
2250,3.04e-01,9.00e+00,
2251,3.04e-01,9.00e+00,
2252,3.04e-01,9.20e+00,
2253,3.04e-01,9.00e+00,
2254,3.04e-01,9.00e+00,
2255,3.04e-01,9.00e+00,
2256,3.04e-01,9.00e+00,
2257,3.04e-01,9.00e+00,
2258,3.04e-01,9.00e+00,
2259,3.04e-01,9.20e+00,
2260,3.04e-01,9.00e+00,
2261,3.04e-01,9.20e+00,
2262,3.04e-01,9.20e+00,
2263,3.04e-01,9.20e+00,
2264,3.04e-01,9.00e+00,
2265,3.04e-01,9.00e+00,
2266,3.04e-01,9.20e+00,
2267,3.04e-01,9.00e+00,
2268,3.04e-01,9.00e+00,
2269,3.04e-01,9.20e+00,
2270,3.04e-01,9.20e+00,
2271,3.12e-01,9.20e+00,
2272,3.04e-01,9.00e+00,
2273,3.04e-01,9.20e+00,
2274,3.04e-01,9.00e+00,
2275,3.12e-01,9.20e+00,
2276,3.04e-01,9.00e+00,
2277,3.04e-01,9.20e+00,
2278,3.04e-01,9.00e+00,
2279,3.12e-01,9.20e+00,
2280,3.04e-01,9.00e+00,
2281,3.12e-01,9.20e+00,
2282,3.12e-01,9.00e+00,
2283,3.12e-01,9.20e+00,
2284,3.04e-01,9.20e+00,
2285,3.12e-01,9.20e+00,
2286,3.04e-01,9.00e+00,
2287,3.12e-01,9.20e+00,
2288,3.12e-01,9.00e+00,
2289,3.12e-01,9.20e+00,
2290,3.12e-01,9.00e+00,
2291,3.12e-01,9.20e+00,
2292,3.12e-01,9.00e+00,
2293,3.12e-01,9.00e+00,
2294,3.12e-01,9.20e+00,
2295,3.12e-01,9.00e+00,
2296,3.12e-01,9.00e+00,
2297,3.12e-01,9.20e+00,
2298,3.12e-01,9.20e+00,
2299,3.12e-01,9.20e+00,
2300,3.12e-01,9.00e+00,
2301,3.12e-01,9.00e+00,
2302,3.12e-01,9.00e+00,
2303,3.12e-01,9.00e+00,
2304,3.12e-01,9.20e+00,
2305,3.12e-01,9.20e+00,
2306,3.12e-01,9.00e+00,
2307,3.20e-01,9.20e+00,
2308,3.12e-01,9.00e+00,
2309,3.12e-01,9.00e+00,
2310,3.12e-01,9.00e+00,
2311,3.20e-01,9.20e+00,
2312,3.12e-01,9.00e+00,
2313,3.12e-01,9.20e+00,
2314,3.12e-01,9.00e+00,
2315,3.20e-01,9.00e+00,
2316,3.12e-01,9.20e+00,
2317,3.12e-01,9.00e+00,
2318,3.12e-01,9.00e+00,
2319,3.20e-01,9.00e+00,
2320,3.12e-01,9.00e+00,
2321,3.20e-01,9.20e+00,
2322,3.20e-01,9.00e+00,
2323,3.20e-01,9.00e+00,
2324,3.20e-01,9.20e+00,
2325,3.20e-01,9.00e+00,
2326,3.20e-01,9.00e+00,
2327,3.20e-01,9.20e+00,
2328,3.20e-01,9.20e+00,
2329,3.20e-01,9.00e+00,
2330,3.20e-01,9.00e+00,
2331,3.20e-01,9.20e+00,
2332,3.20e-01,9.00e+00,
2333,3.20e-01,9.20e+00,
2334,3.20e-01,9.20e+00,
2335,3.20e-01,9.20e+00,
2336,3.20e-01,9.20e+00,
2337,3.20e-01,9.20e+00,
2338,3.20e-01,9.00e+00,
2339,3.28e-01,9.20e+00,
2340,3.20e-01,9.00e+00,
2341,3.20e-01,9.20e+00,
2342,3.20e-01,9.00e+00,
2343,3.20e-01,9.20e+00,
2344,3.20e-01,9.00e+00,
2345,3.20e-01,9.00e+00,
2346,3.20e-01,9.00e+00,
2347,3.28e-01,9.20e+00,
2348,3.20e-01,9.00e+00,
2349,3.20e-01,9.00e+00,
2350,3.20e-01,9.20e+00,
2351,3.28e-01,9.20e+00,
2352,3.20e-01,9.20e+00,
2353,3.20e-01,9.00e+00,
2354,3.28e-01,9.20e+00,
2355,3.28e-01,9.20e+00,
2356,3.20e-01,9.00e+00,
2357,3.20e-01,9.20e+00,
2358,3.20e-01,9.00e+00,
2359,3.28e-01,9.20e+00,
2360,3.20e-01,9.20e+00,
2361,3.20e-01,9.00e+00,
2362,3.28e-01,9.20e+00,
2363,3.28e-01,9.00e+00,
2364,3.20e-01,9.00e+00,
2365,3.28e-01,9.20e+00,
2366,3.20e-01,9.00e+00,
2367,3.28e-01,9.20e+00,
2368,3.28e-01,9.00e+00,
2369,3.28e-01,9.20e+00,
2370,3.28e-01,9.00e+00,
2371,3.28e-01,9.20e+00,
2372,3.28e-01,9.00e+00,
2373,3.28e-01,9.00e+00,
2374,3.28e-01,9.00e+00,
2375,3.28e-01,9.00e+00,
2376,3.28e-01,9.20e+00,
2377,3.28e-01,9.00e+00,
2378,3.28e-01,9.20e+00,
2379,3.28e-01,9.20e+00,
2380,3.28e-01,9.00e+00,
2381,3.28e-01,9.20e+00,
2382,3.28e-01,9.20e+00,
2383,3.28e-01,9.20e+00,
2384,3.28e-01,9.20e+00,
2385,3.28e-01,9.20e+00,
2386,3.28e-01,9.00e+00,
2387,3.36e-01,9.20e+00,
2388,3.28e-01,9.00e+00,
2389,3.28e-01,9.20e+00,
2390,3.28e-01,9.00e+00,
2391,3.36e-01,9.20e+00,
2392,3.28e-01,9.20e+00,
2393,3.28e-01,9.20e+00,
2394,3.28e-01,9.00e+00,
2395,3.36e-01,9.20e+00,
2396,3.28e-01,9.00e+00,
2397,3.28e-01,9.00e+00,
2398,3.28e-01,9.00e+00,
2399,3.36e-01,9.00e+00,
2400,3.28e-01,9.20e+00,
2401,3.28e-01,9.20e+00,
2402,3.36e-01,9.00e+00,
2403,3.36e-01,9.00e+00,
2404,3.28e-01,9.20e+00,
2405,3.28e-01,9.20e+00,
2406,3.28e-01,9.00e+00,
2407,3.36e-01,9.00e+00,
2408,3.28e-01,9.20e+00,
2409,3.36e-01,9.20e+00,
2410,3.36e-01,9.00e+00,
2411,3.36e-01,9.00e+00,
2412,3.36e-01,9.20e+00,
2413,3.36e-01,9.20e+00,
2414,3.36e-01,9.20e+00,
2415,3.36e-01,9.00e+00,
2416,3.36e-01,9.00e+00,
2417,3.36e-01,9.00e+00,
2418,3.36e-01,9.00e+00,
2419,3.36e-01,9.20e+00,
2420,3.36e-01,9.00e+00,
2421,3.36e-01,9.20e+00,
2422,3.36e-01,9.00e+00,
2423,3.36e-01,9.20e+00,
2424,3.36e-01,9.20e+00,
2425,3.36e-01,9.00e+00,
2426,3.36e-01,9.00e+00,
2427,3.36e-01,9.20e+00,
2428,3.36e-01,9.00e+00,
2429,3.36e-01,9.20e+00,
2430,3.36e-01,9.00e+00,
2431,3.44e-01,9.20e+00,
2432,3.36e-01,9.00e+00,
2433,3.36e-01,9.20e+00,
2434,3.36e-01,9.00e+00,
2435,3.36e-01,9.20e+00,
2436,3.36e-01,9.00e+00,
2437,3.36e-01,9.20e+00,
2438,3.36e-01,9.20e+00,
2439,3.44e-01,9.20e+00,
2440,3.36e-01,9.20e+00,
2441,3.36e-01,9.20e+00,
2442,3.44e-01,9.20e+00,
2443,3.44e-01,9.20e+00,
2444,3.36e-01,9.00e+00,
2445,3.36e-01,9.20e+00,
2446,3.36e-01,9.00e+00,
2447,3.44e-01,9.20e+00,
2448,3.36e-01,9.00e+00,
2449,3.44e-01,9.20e+00,
2450,3.36e-01,9.00e+00,
2451,3.44e-01,9.20e+00,
2452,3.36e-01,9.00e+00,
2453,3.44e-01,9.20e+00,
2454,3.44e-01,9.00e+00,
2455,3.44e-01,9.20e+00,
2456,3.36e-01,9.20e+00,
2457,3.44e-01,9.20e+00,
2458,3.44e-01,9.00e+00,
2459,3.44e-01,9.20e+00,
2460,3.36e-01,9.00e+00,
2461,3.44e-01,9.20e+00,
2462,3.44e-01,9.00e+00,
2463,3.44e-01,9.20e+00,
2464,3.44e-01,9.20e+00,
2465,3.44e-01,9.20e+00,
2466,3.44e-01,9.00e+00,
2467,3.44e-01,9.20e+00,
2468,3.44e-01,9.00e+00,
2469,3.44e-01,9.20e+00,
2470,3.44e-01,9.20e+00,
2471,3.44e-01,9.20e+00,
2472,3.44e-01,9.20e+00,
2473,3.44e-01,9.00e+00,
2474,3.44e-01,9.20e+00,
2475,3.44e-01,9.20e+00,
2476,3.44e-01,9.20e+00,
2477,3.44e-01,9.20e+00,
2478,3.44e-01,9.20e+00,
2479,3.52e-01,9.20e+00,
2480,3.44e-01,9.20e+00,
2481,3.44e-01,9.00e+00,
2482,3.44e-01,9.00e+00,
2483,3.44e-01,9.20e+00,
2484,3.44e-01,9.00e+00,
2485,3.44e-01,9.20e+00,
2486,3.44e-01,9.20e+00,
2487,3.52e-01,9.20e+00,
2488,3.44e-01,9.20e+00,
2489,3.44e-01,9.20e+00,
2490,3.44e-01,9.00e+00,
2491,3.52e-01,9.20e+00,
2492,3.44e-01,9.00e+00,
2493,3.44e-01,9.20e+00,
2494,3.44e-01,9.20e+00,
2495,3.52e-01,9.20e+00,
2496,3.44e-01,9.20e+00,
2497,3.52e-01,9.00e+00,
2498,3.44e-01,9.00e+00,
2499,3.52e-01,9.20e+00,
2500,3.44e-01,9.20e+00,
2501,3.44e-01,9.20e+00,
2502,3.52e-01,9.20e+00,
2503,3.52e-01,9.20e+00,
2504,3.44e-01,9.20e+00,
2505,3.52e-01,9.00e+00,
2506,3.52e-01,9.00e+00,
2507,3.52e-01,9.20e+00,
2508,3.44e-01,9.00e+00,
2509,3.52e-01,9.20e+00,
2510,3.44e-01,9.20e+00,
2511,3.52e-01,9.20e+00,
2512,3.52e-01,9.20e+00,
2513,3.52e-01,9.00e+00,
2514,3.52e-01,9.20e+00,
2515,3.52e-01,9.20e+00,
2516,3.52e-01,9.00e+00,
2517,3.52e-01,9.00e+00,
2518,3.52e-01,9.00e+00,
2519,3.52e-01,9.20e+00,
2520,3.52e-01,9.20e+00,
2521,3.52e-01,9.20e+00,
2522,3.52e-01,9.20e+00,
2523,3.52e-01,9.20e+00,
2524,3.52e-01,9.00e+00,
2525,3.52e-01,9.20e+00,
2526,3.52e-01,9.20e+00,
2527,3.60e-01,9.20e+00,
2528,3.52e-01,9.20e+00,
2529,3.52e-01,9.20e+00,
2530,3.52e-01,9.00e+00,
2531,3.60e-01,9.20e+00,
2532,3.52e-01,9.00e+00,
2533,3.52e-01,9.20e+00,
2534,3.52e-01,9.20e+00,
2535,3.60e-01,9.20e+00,
2536,3.52e-01,9.20e+00,
2537,3.52e-01,9.20e+00,
2538,3.52e-01,9.00e+00,
2539,3.60e-01,9.20e+00,
2540,3.52e-01,9.00e+00,
2541,3.52e-01,9.20e+00,
2542,3.52e-01,9.20e+00,
2543,3.60e-01,9.20e+00,
2544,3.52e-01,9.20e+00,
2545,3.60e-01,9.00e+00,
2546,3.60e-01,9.00e+00,
2547,3.60e-01,9.20e+00,
2548,3.52e-01,9.00e+00,
2549,3.60e-01,9.00e+00,
2550,3.52e-01,9.20e+00,
2551,3.60e-01,9.20e+00,
2552,3.60e-01,9.20e+00,
2553,3.52e-01,9.00e+00,
2554,3.60e-01,9.20e+00,
2555,3.60e-01,9.20e+00,
2556,3.52e-01,9.20e+00,
2557,3.60e-01,9.20e+00,
2558,3.60e-01,9.00e+00,
2559,3.60e-01,9.20e+00,
2560,3.60e-01,9.20e+00,
2561,3.52e-01,9.00e+00,
2562,3.60e-01,9.20e+00,
2563,3.60e-01,9.20e+00,
2564,3.60e-01,9.00e+00,
2565,3.60e-01,9.20e+00,
2566,3.60e-01,9.00e+00,
2567,3.68e-01,9.20e+00,
2568,3.60e-01,9.20e+00,
2569,3.60e-01,9.20e+00,
2570,3.60e-01,9.20e+00,
2571,3.60e-01,9.00e+00,
2572,3.60e-01,9.20e+00,
2573,3.60e-01,9.20e+00,
2574,3.60e-01,9.20e+00,
2575,3.60e-01,9.20e+00,
2576,3.60e-01,9.00e+00,
2577,3.60e-01,9.20e+00,
2578,3.60e-01,9.20e+00,
2579,3.68e-01,9.20e+00,
2580,3.60e-01,9.20e+00,
2581,3.60e-01,9.20e+00,
2582,3.60e-01,9.00e+00,
2583,3.68e-01,9.20e+00,
2584,3.60e-01,9.00e+00,
2585,3.60e-01,9.20e+00,
2586,3.60e-01,9.00e+00,
2587,3.68e-01,9.20e+00,
2588,3.60e-01,9.00e+00,
2589,3.68e-01,9.20e+00,
2590,3.60e-01,9.00e+00,
2591,3.68e-01,9.20e+00,
2592,3.60e-01,9.20e+00,
2593,3.68e-01,9.20e+00,
2594,3.68e-01,9.20e+00,
2595,3.68e-01,9.20e+00,
2596,3.60e-01,9.00e+00,
2597,3.68e-01,9.00e+00,
2598,3.60e-01,9.00e+00,
2599,3.68e-01,9.20e+00,
2600,3.60e-01,9.00e+00,
2601,3.68e-01,9.00e+00,
2602,3.68e-01,9.20e+00,
2603,3.68e-01,9.20e+00,
2604,3.68e-01,9.20e+00,
2605,3.68e-01,9.20e+00,
2606,3.68e-01,9.20e+00,
2607,3.68e-01,9.20e+00,
2608,3.60e-01,9.20e+00,
2609,3.68e-01,9.20e+00,
2610,3.68e-01,9.20e+00,
2611,3.68e-01,9.20e+00,
2612,3.68e-01,9.20e+00,
2613,3.68e-01,9.20e+00,
2614,3.68e-01,9.20e+00,
2615,3.68e-01,9.20e+00,
2616,3.68e-01,9.20e+00,
2617,3.68e-01,9.20e+00,
2618,3.68e-01,9.20e+00,
2619,3.68e-01,9.20e+00,
2620,3.68e-01,9.20e+00,
2621,3.68e-01,9.20e+00,
2622,3.68e-01,9.20e+00,
2623,3.68e-01,9.20e+00,
2624,3.68e-01,9.20e+00,
2625,3.68e-01,9.20e+00,
2626,3.68e-01,9.20e+00,
2627,3.76e-01,9.20e+00,
2628,3.68e-01,9.00e+00,
2629,3.68e-01,9.20e+00,
2630,3.68e-01,9.00e+00,
2631,3.76e-01,9.20e+00,
2632,3.68e-01,9.00e+00,
2633,3.68e-01,9.20e+00,
2634,3.68e-01,9.00e+00,
2635,3.76e-01,9.20e+00,
2636,3.68e-01,9.20e+00,
2637,3.76e-01,9.20e+00,
2638,3.68e-01,9.20e+00,
2639,3.76e-01,9.20e+00,
2640,3.68e-01,9.00e+00,
2641,3.76e-01,9.20e+00,
2642,3.76e-01,9.20e+00,
2643,3.76e-01,9.20e+00,
2644,3.68e-01,9.00e+00,
2645,3.76e-01,9.20e+00,
2646,3.68e-01,9.20e+00,
2647,3.76e-01,9.20e+00,
2648,3.68e-01,9.20e+00,
2649,3.76e-01,9.20e+00,
2650,3.76e-01,9.00e+00,
2651,3.76e-01,9.20e+00,
2652,3.68e-01,9.20e+00,
2653,3.76e-01,9.20e+00,
2654,3.76e-01,9.20e+00,
2655,3.76e-01,9.20e+00,
2656,3.76e-01,9.20e+00,
2657,3.76e-01,9.20e+00,
2658,3.76e-01,9.20e+00,
2659,3.76e-01,9.20e+00,
2660,3.76e-01,9.20e+00,
2661,3.76e-01,9.20e+00,
2662,3.76e-01,9.20e+00,
2663,3.76e-01,9.20e+00,
2664,3.76e-01,9.20e+00,
2665,3.76e-01,9.20e+00,
2666,3.76e-01,9.20e+00,
2667,3.84e-01,9.20e+00,
2668,3.76e-01,9.00e+00,
2669,3.76e-01,9.20e+00,
2670,3.76e-01,9.00e+00,
2671,3.84e-01,9.20e+00,
2672,3.76e-01,9.20e+00,
2673,3.76e-01,9.20e+00,
2674,3.76e-01,9.20e+00,
2675,3.84e-01,9.20e+00,
2676,3.76e-01,9.00e+00,
2677,3.76e-01,9.20e+00,
2678,3.76e-01,9.20e+00,
2679,3.84e-01,9.00e+00,
2680,3.76e-01,9.20e+00,
2681,3.84e-01,9.20e+00,
2682,3.76e-01,9.20e+00,
2683,3.84e-01,9.20e+00,
2684,3.76e-01,9.00e+00,
2685,3.84e-01,9.20e+00,
2686,3.84e-01,9.20e+00,
2687,3.84e-01,9.20e+00,
2688,3.76e-01,9.20e+00,
2689,3.84e-01,9.20e+00,
2690,3.84e-01,9.20e+00,
2691,3.84e-01,9.20e+00,
2692,3.76e-01,9.20e+00,
2693,3.84e-01,9.20e+00,
2694,3.84e-01,9.20e+00,
2695,3.84e-01,9.20e+00,
2696,3.76e-01,9.20e+00,
2697,3.84e-01,9.20e+00,
2698,3.84e-01,9.20e+00,
2699,3.84e-01,9.20e+00,
2700,3.76e-01,9.00e+00,
2701,3.84e-01,9.20e+00,
2702,3.76e-01,9.20e+00,
2703,3.84e-01,9.20e+00,
2704,3.84e-01,9.20e+00,
2705,3.84e-01,9.20e+00,
2706,3.84e-01,9.20e+00,
2707,3.84e-01,9.20e+00,
2708,3.84e-01,9.00e+00,
2709,3.84e-01,9.20e+00,
2710,3.84e-01,9.00e+00,
2711,3.84e-01,9.20e+00,
2712,3.84e-01,9.20e+00,
2713,3.84e-01,9.20e+00,
2714,3.84e-01,9.20e+00,
2715,3.84e-01,9.20e+00,
2716,3.84e-01,9.00e+00,
2717,3.84e-01,9.40e+00,
2718,3.84e-01,9.00e+00,
2719,3.84e-01,9.20e+00,
2720,3.84e-01,9.20e+00,
2721,3.84e-01,9.20e+00,
2722,3.84e-01,9.00e+00,
2723,3.84e-01,9.20e+00,
2724,3.84e-01,9.00e+00,
2725,3.84e-01,9.20e+00,
2726,3.84e-01,9.20e+00,
2727,3.92e-01,9.20e+00,
2728,3.84e-01,9.20e+00,
2729,3.92e-01,9.20e+00,
2730,3.84e-01,9.20e+00,
2731,3.92e-01,9.20e+00,
2732,3.84e-01,9.20e+00,
2733,3.84e-01,9.20e+00,
2734,3.84e-01,9.20e+00,
2735,3.92e-01,9.20e+00,
2736,3.84e-01,9.20e+00,
2737,3.84e-01,9.20e+00,
2738,3.84e-01,9.20e+00,
2739,3.92e-01,9.20e+00,
2740,3.84e-01,9.20e+00,
2741,3.92e-01,9.20e+00,
2742,3.92e-01,9.20e+00,
2743,3.92e-01,9.20e+00,
2744,3.84e-01,9.20e+00,
2745,3.84e-01,9.00e+00,
2746,3.92e-01,9.20e+00,
2747,3.92e-01,9.20e+00,
2748,3.84e-01,9.20e+00,
2749,3.92e-01,9.20e+00,
2750,3.84e-01,9.00e+00,
2751,3.92e-01,9.20e+00,
2752,3.84e-01,9.20e+00,
2753,3.92e-01,9.20e+00,
2754,3.92e-01,9.20e+00,
2755,3.92e-01,9.20e+00,
2756,3.84e-01,9.20e+00,
2757,3.92e-01,9.20e+00,
2758,3.84e-01,9.20e+00,
2759,3.92e-01,9.20e+00,
2760,3.92e-01,9.20e+00,
2761,3.84e-01,9.00e+00,
2762,3.92e-01,9.20e+00,
2763,3.92e-01,9.20e+00,
2764,3.84e-01,9.00e+00,
2765,3.92e-01,9.20e+00,
2766,3.92e-01,9.20e+00,
2767,3.92e-01,9.40e+00,
2768,3.92e-01,9.20e+00,
2769,3.92e-01,9.20e+00,
2770,3.92e-01,9.00e+00,
2771,3.92e-01,9.20e+00,
2772,3.92e-01,9.20e+00,
2773,3.92e-01,9.20e+00,
2774,3.92e-01,9.20e+00,
2775,4.00e-01,9.20e+00,
2776,3.92e-01,9.20e+00,
2777,3.92e-01,9.20e+00,
2778,3.92e-01,9.20e+00,
2779,4.00e-01,9.40e+00,
2780,3.92e-01,9.00e+00,
2781,3.92e-01,9.20e+00,
2782,3.92e-01,9.20e+00,
2783,3.92e-01,9.20e+00,
2784,3.92e-01,9.20e+00,
2785,3.92e-01,9.20e+00,
2786,3.92e-01,9.00e+00,
2787,4.00e-01,9.20e+00,
2788,3.92e-01,9.20e+00,
2789,3.92e-01,9.20e+00,
2790,3.92e-01,9.20e+00,
2791,4.00e-01,9.20e+00,
2792,3.92e-01,9.20e+00,
2793,3.92e-01,9.20e+00,
2794,3.92e-01,9.20e+00,
2795,4.00e-01,9.20e+00,
2796,3.92e-01,9.20e+00,
2797,3.92e-01,9.20e+00,
2798,3.92e-01,9.20e+00,
2799,4.00e-01,9.20e+00,
2800,3.92e-01,9.20e+00,
2801,4.00e-01,9.20e+00,
2802,3.92e-01,9.20e+00,
2803,4.00e-01,9.20e+00,
2804,3.92e-01,9.20e+00,
2805,3.92e-01,9.20e+00,
2806,3.92e-01,9.20e+00,
2807,4.00e-01,9.20e+00,
2808,3.92e-01,9.20e+00,
2809,4.00e-01,9.20e+00,
2810,3.92e-01,9.20e+00,
2811,4.00e-01,9.20e+00,
2812,3.92e-01,9.20e+00,
2813,4.00e-01,9.20e+00,
2814,3.92e-01,9.20e+00,
2815,4.00e-01,9.20e+00,
2816,3.92e-01,9.20e+00,
2817,4.00e-01,9.20e+00,
2818,4.00e-01,9.20e+00,
2819,4.00e-01,9.20e+00,
2820,3.92e-01,9.20e+00,
2821,4.00e-01,9.20e+00,
2822,4.00e-01,9.20e+00,
2823,4.00e-01,9.20e+00,
2824,3.92e-01,9.20e+00,
2825,4.00e-01,9.20e+00,
2826,4.00e-01,9.20e+00,
2827,4.00e-01,9.20e+00,
2828,3.92e-01,9.20e+00,
2829,4.00e-01,9.20e+00,
2830,4.00e-01,9.20e+00,
2831,4.00e-01,9.20e+00,
2832,4.00e-01,9.20e+00,
2833,4.00e-01,9.20e+00,
2834,4.00e-01,9.00e+00,
2835,4.00e-01,9.20e+00,
2836,4.00e-01,9.20e+00,
2837,4.00e-01,9.20e+00,
2838,4.00e-01,9.00e+00,
2839,4.00e-01,9.20e+00,
2840,3.92e-01,9.20e+00,
2841,4.00e-01,9.20e+00,
2842,4.00e-01,9.00e+00,
2843,4.00e-01,9.20e+00,
2844,4.00e-01,9.20e+00,
2845,4.00e-01,9.20e+00,
2846,4.00e-01,9.20e+00,
2847,4.00e-01,9.20e+00,
2848,3.92e-01,9.20e+00,
2849,4.00e-01,9.20e+00,
2850,4.00e-01,9.20e+00,
2851,4.00e-01,9.20e+00,
2852,4.00e-01,9.20e+00,
2853,4.00e-01,9.20e+00,
2854,4.00e-01,9.20e+00,
2855,4.00e-01,9.20e+00,
2856,4.00e-01,9.20e+00,
2857,4.00e-01,9.20e+00,
2858,4.00e-01,9.20e+00,
2859,4.08e-01,9.20e+00,
2860,4.00e-01,9.20e+00,
2861,4.00e-01,9.20e+00,
2862,4.00e-01,9.20e+00,
2863,4.00e-01,9.20e+00,
2864,4.00e-01,9.00e+00,
2865,4.00e-01,9.20e+00,
2866,4.00e-01,9.20e+00,
2867,4.00e-01,9.20e+00,
2868,4.00e-01,9.20e+00,
2869,4.00e-01,9.20e+00,
2870,4.00e-01,9.20e+00,
2871,4.00e-01,9.20e+00,
2872,4.00e-01,9.20e+00,
2873,4.00e-01,9.20e+00,
2874,4.00e-01,9.20e+00,
2875,4.00e-01,9.20e+00,
2876,4.00e-01,9.20e+00,
2877,4.00e-01,9.20e+00,
2878,4.00e-01,9.20e+00,
2879,4.08e-01,9.20e+00,
2880,4.00e-01,9.20e+00,
2881,4.00e-01,9.20e+00,
2882,4.00e-01,9.20e+00,
2883,4.00e-01,9.20e+00,
2884,4.00e-01,9.00e+00,
2885,4.00e-01,9.20e+00,
2886,4.00e-01,9.20e+00,
2887,4.08e-01,9.20e+00,
2888,4.00e-01,9.20e+00,
2889,4.00e-01,9.20e+00,
2890,4.00e-01,9.20e+00,
2891,4.08e-01,9.20e+00,
2892,4.00e-01,9.20e+00,
2893,4.00e-01,9.20e+00,
2894,4.00e-01,9.20e+00,
2895,4.08e-01,9.20e+00,
2896,4.00e-01,9.20e+00,
2897,4.00e-01,9.20e+00,
2898,4.00e-01,9.20e+00,
2899,4.08e-01,9.20e+00,
2900,4.00e-01,9.20e+00,
2901,4.00e-01,9.20e+00,
2902,4.00e-01,9.20e+00,
2903,4.08e-01,9.20e+00,
2904,4.00e-01,9.20e+00,
2905,4.00e-01,9.20e+00,
2906,4.00e-01,9.20e+00,
2907,4.08e-01,9.20e+00,
2908,4.00e-01,9.20e+00,
2909,4.00e-01,9.20e+00,
2910,4.00e-01,9.20e+00,
2911,4.08e-01,9.20e+00,
2912,4.00e-01,9.00e+00,
2913,4.00e-01,9.20e+00,
2914,4.00e-01,9.20e+00,
2915,4.08e-01,9.20e+00,
2916,4.00e-01,9.20e+00,
2917,4.00e-01,9.20e+00,
2918,4.00e-01,9.20e+00,
2919,4.08e-01,9.20e+00,
2920,4.00e-01,9.20e+00,
2921,4.00e-01,9.20e+00,
2922,4.00e-01,9.20e+00,
2923,4.08e-01,9.20e+00,
2924,4.00e-01,9.20e+00,
2925,4.00e-01,9.20e+00,
2926,4.00e-01,9.20e+00,
2927,4.08e-01,9.20e+00,
2928,4.00e-01,9.20e+00,
2929,4.00e-01,9.20e+00,
2930,4.00e-01,9.20e+00,
2931,4.08e-01,9.20e+00,
2932,4.00e-01,9.20e+00,
2933,4.00e-01,9.20e+00,
2934,4.00e-01,9.20e+00,
2935,4.08e-01,9.20e+00,
2936,4.00e-01,9.20e+00,
2937,4.08e-01,9.20e+00,
2938,4.00e-01,9.20e+00,
2939,4.08e-01,9.20e+00,
2940,4.00e-01,9.20e+00,
2941,4.00e-01,9.20e+00,
2942,4.00e-01,9.20e+00,
2943,4.08e-01,9.20e+00,
2944,4.00e-01,9.20e+00,
2945,4.00e-01,9.20e+00,
2946,4.00e-01,9.00e+00,
2947,4.08e-01,9.20e+00,
2948,4.00e-01,9.20e+00,
2949,4.00e-01,9.20e+00,
2950,4.00e-01,9.20e+00,
2951,4.08e-01,9.20e+00,
2952,4.00e-01,9.20e+00,
2953,4.00e-01,9.20e+00,
2954,4.00e-01,9.20e+00,
2955,4.08e-01,9.20e+00,
2956,4.00e-01,9.20e+00,
2957,4.00e-01,9.20e+00,
2958,4.00e-01,9.20e+00,
2959,4.08e-01,9.20e+00,
2960,4.00e-01,9.20e+00,
2961,4.00e-01,9.20e+00,
2962,4.08e-01,9.20e+00,
2963,4.00e-01,9.20e+00,
2964,4.00e-01,9.20e+00,
2965,4.00e-01,9.20e+00,
2966,4.00e-01,9.00e+00,
2967,4.08e-01,9.20e+00,
2968,4.00e-01,9.20e+00,
2969,4.00e-01,9.00e+00,
2970,4.00e-01,9.20e+00,
2971,4.08e-01,9.20e+00,
2972,4.00e-01,9.20e+00,
2973,4.00e-01,9.20e+00,
2974,4.00e-01,9.20e+00,
2975,4.08e-01,9.20e+00,
2976,4.00e-01,9.20e+00,
2977,4.00e-01,9.20e+00,
2978,4.00e-01,9.20e+00,
2979,4.08e-01,9.20e+00,
2980,4.00e-01,9.00e+00,
2981,4.00e-01,9.20e+00,
2982,4.00e-01,9.20e+00,
2983,4.08e-01,9.20e+00,
2984,4.00e-01,9.20e+00,
2985,4.00e-01,9.20e+00,
2986,4.00e-01,9.20e+00,
2987,4.08e-01,9.20e+00,
2988,4.00e-01,9.20e+00,
2989,4.00e-01,9.20e+00,
2990,4.00e-01,9.20e+00,
2991,4.08e-01,9.20e+00,
2992,4.00e-01,9.20e+00,
2993,4.00e-01,9.20e+00,
2994,4.00e-01,9.20e+00,
2995,4.08e-01,9.20e+00,
2996,4.00e-01,9.20e+00,
2997,4.00e-01,9.20e+00,
2998,4.00e-01,9.00e+00,
2999,4.08e-01,9.20e+00,
3000,4.00e-01,9.20e+00,
3001,4.00e-01,9.20e+00,
3002,4.00e-01,9.20e+00,
3003,4.08e-01,9.20e+00,
3004,4.00e-01,9.20e+00,
3005,4.00e-01,9.20e+00,
3006,4.00e-01,9.20e+00,
3007,4.08e-01,9.20e+00,
3008,4.00e-01,9.00e+00,
3009,4.00e-01,9.20e+00,
3010,4.00e-01,9.20e+00,
3011,4.00e-01,9.20e+00,
3012,4.00e-01,9.00e+00,
3013,4.00e-01,9.20e+00,
3014,4.00e-01,9.20e+00,
3015,4.00e-01,9.20e+00,
3016,4.00e-01,9.20e+00,
3017,4.00e-01,9.20e+00,
3018,4.00e-01,9.00e+00,
3019,4.08e-01,9.20e+00,
3020,4.00e-01,9.00e+00,
3021,4.00e-01,9.20e+00,
3022,4.00e-01,9.20e+00,
3023,4.08e-01,9.20e+00,
3024,4.00e-01,9.20e+00,
3025,4.00e-01,9.20e+00,
3026,4.00e-01,9.20e+00,
3027,4.00e-01,9.20e+00,
3028,4.00e-01,9.20e+00,
3029,4.00e-01,9.20e+00,
3030,4.00e-01,9.20e+00,
3031,4.08e-01,9.20e+00,
3032,4.00e-01,9.20e+00,
3033,4.00e-01,9.20e+00,
3034,4.00e-01,9.20e+00,
3035,4.08e-01,9.20e+00,
3036,4.00e-01,9.00e+00,
3037,4.00e-01,9.20e+00,
3038,4.00e-01,9.20e+00,
3039,4.08e-01,9.20e+00,
3040,4.00e-01,9.20e+00,
3041,4.00e-01,9.20e+00,
3042,4.00e-01,9.20e+00,
3043,4.00e-01,9.20e+00,
3044,4.00e-01,9.00e+00,
3045,4.00e-01,9.20e+00,
3046,4.00e-01,9.20e+00,
3047,4.00e-01,9.20e+00,
3048,4.00e-01,9.20e+00,
3049,4.00e-01,9.20e+00,
3050,4.00e-01,9.00e+00,
3051,4.00e-01,9.20e+00,
3052,4.00e-01,9.20e+00,
3053,4.00e-01,9.20e+00,
3054,4.00e-01,9.20e+00,
3055,4.00e-01,9.20e+00,
3056,4.00e-01,9.00e+00,
3057,4.00e-01,9.20e+00,
3058,4.00e-01,9.00e+00,
3059,4.00e-01,9.20e+00,
3060,4.00e-01,9.20e+00,
3061,4.00e-01,9.20e+00,
3062,4.00e-01,9.20e+00,
3063,4.00e-01,9.20e+00,
3064,4.00e-01,9.20e+00,
3065,4.00e-01,9.20e+00,
3066,4.00e-01,9.20e+00,
3067,4.00e-01,9.20e+00,
3068,4.00e-01,9.20e+00,
3069,4.00e-01,9.20e+00,
3070,4.00e-01,9.20e+00,
3071,4.00e-01,9.20e+00,
3072,4.00e-01,9.20e+00,
3073,4.00e-01,9.20e+00,
3074,4.00e-01,9.20e+00,
3075,4.00e-01,9.20e+00,
3076,4.00e-01,9.20e+00,
3077,4.00e-01,9.20e+00,
3078,4.00e-01,9.00e+00,
3079,4.00e-01,9.20e+00,
3080,3.92e-01,9.20e+00,
3081,4.00e-01,9.20e+00,
3082,4.00e-01,9.20e+00,
3083,4.00e-01,9.20e+00,
3084,4.00e-01,9.20e+00,
3085,4.00e-01,9.20e+00,
3086,4.00e-01,9.20e+00,
3087,4.00e-01,9.20e+00,
3088,3.92e-01,9.20e+00,
3089,4.00e-01,9.20e+00,
3090,4.00e-01,9.00e+00,
3091,4.00e-01,9.20e+00,
3092,4.00e-01,9.20e+00,
3093,4.00e-01,9.20e+00,
3094,4.00e-01,9.20e+00,
3095,4.00e-01,9.20e+00,
3096,4.00e-01,9.20e+00,
3097,4.00e-01,9.20e+00,
3098,4.00e-01,9.20e+00,
3099,4.00e-01,9.20e+00,
3100,3.92e-01,9.20e+00,
3101,4.00e-01,9.20e+00,
3102,4.00e-01,9.40e+00,
3103,4.00e-01,9.20e+00,
3104,3.92e-01,9.20e+00,
3105,4.00e-01,9.20e+00,
3106,4.00e-01,9.20e+00,
3107,4.00e-01,9.20e+00,
3108,3.92e-01,9.20e+00,
3109,4.00e-01,9.20e+00,
3110,4.00e-01,9.20e+00,
3111,4.00e-01,9.20e+00,
3112,3.92e-01,9.20e+00,
3113,4.00e-01,9.20e+00,
3114,4.00e-01,9.20e+00,
3115,4.00e-01,9.20e+00,
3116,3.92e-01,9.20e+00,
3117,4.00e-01,9.20e+00,
3118,4.00e-01,9.20e+00,
3119,4.00e-01,9.20e+00,
3120,3.92e-01,9.20e+00,
3121,4.00e-01,9.20e+00,
3122,4.00e-01,9.20e+00,
3123,4.00e-01,9.20e+00,
3124,4.00e-01,9.20e+00,
3125,4.00e-01,9.20e+00,
3126,4.00e-01,9.20e+00,
3127,4.00e-01,9.20e+00,
3128,3.92e-01,9.20e+00,
3129,4.00e-01,9.20e+00,
3130,4.00e-01,9.00e+00,
3131,4.00e-01,9.20e+00,
3132,3.92e-01,9.20e+00,
3133,4.00e-01,9.20e+00,
3134,3.92e-01,9.20e+00,
3135,4.00e-01,9.20e+00,
3136,3.92e-01,9.20e+00,
3137,4.00e-01,9.20e+00,
3138,4.00e-01,9.20e+00,
3139,4.00e-01,9.20e+00,
3140,3.92e-01,9.20e+00,
3141,4.00e-01,9.20e+00,
3142,3.92e-01,9.20e+00,
3143,4.00e-01,9.20e+00,
3144,3.92e-01,9.20e+00,
3145,4.00e-01,9.20e+00,
3146,4.00e-01,9.20e+00,
3147,4.00e-01,9.20e+00,
3148,3.92e-01,9.20e+00,
3149,4.00e-01,9.20e+00,
3150,3.92e-01,9.20e+00,
3151,4.00e-01,9.20e+00,
3152,3.92e-01,9.20e+00,
3153,4.00e-01,9.20e+00,
3154,4.00e-01,9.20e+00,
3155,4.00e-01,9.20e+00,
3156,3.92e-01,9.20e+00,
3157,4.00e-01,9.20e+00,
3158,4.00e-01,9.20e+00,
3159,4.00e-01,9.20e+00,
3160,3.92e-01,9.20e+00,
3161,3.92e-01,9.20e+00,
3162,4.00e-01,9.20e+00,
3163,4.00e-01,9.20e+00,
3164,3.92e-01,9.00e+00,
3165,4.00e-01,9.20e+00,
3166,3.92e-01,9.20e+00,
3167,4.00e-01,9.20e+00,
3168,3.92e-01,9.20e+00,
3169,4.00e-01,9.20e+00,
3170,4.00e-01,9.20e+00,
3171,4.00e-01,9.20e+00,
3172,3.92e-01,9.00e+00,
3173,3.92e-01,9.20e+00,
3174,3.92e-01,9.00e+00,
3175,4.00e-01,9.20e+00,
3176,3.92e-01,9.20e+00,
3177,4.00e-01,9.20e+00,
3178,4.00e-01,9.00e+00,
3179,4.00e-01,9.20e+00,
3180,3.92e-01,9.00e+00,
3181,3.92e-01,9.20e+00,
3182,4.00e-01,9.20e+00,
3183,4.00e-01,9.20e+00,
3184,3.92e-01,9.20e+00,
3185,4.00e-01,9.20e+00,
3186,4.00e-01,9.20e+00,
3187,4.00e-01,9.20e+00,
3188,3.92e-01,9.00e+00,
3189,4.00e-01,9.20e+00,
3190,3.92e-01,9.20e+00,
3191,4.00e-01,9.20e+00,
3192,3.92e-01,9.20e+00,
3193,3.92e-01,9.20e+00,
3194,3.92e-01,9.20e+00,
3195,4.00e-01,9.20e+00,
3196,3.92e-01,9.20e+00,
3197,4.00e-01,9.20e+00,
3198,3.92e-01,9.20e+00,
3199,4.00e-01,9.20e+00,
3200,3.92e-01,9.20e+00,
3201,4.00e-01,9.20e+00,
3202,3.92e-01,9.20e+00,
3203,4.00e-01,9.20e+00,
3204,3.92e-01,9.20e+00,
3205,3.92e-01,9.20e+00,
3206,3.92e-01,9.20e+00,
3207,4.00e-01,9.20e+00,
3208,3.92e-01,9.20e+00,
3209,3.92e-01,9.20e+00,
3210,3.92e-01,9.20e+00,
3211,4.00e-01,9.20e+00,
3212,3.92e-01,9.00e+00,
3213,3.92e-01,9.20e+00,
3214,3.92e-01,9.20e+00,
3215,4.00e-01,9.20e+00,
3216,3.92e-01,9.20e+00,
3217,3.92e-01,9.20e+00,
3218,3.92e-01,9.20e+00,
3219,4.00e-01,9.20e+00,
3220,3.92e-01,9.00e+00,
3221,3.92e-01,9.20e+00,
3222,3.92e-01,9.20e+00,
3223,4.00e-01,9.20e+00,
3224,3.92e-01,9.20e+00,
3225,3.92e-01,9.20e+00,
3226,3.92e-01,9.00e+00,
3227,4.00e-01,9.20e+00,
3228,3.92e-01,9.00e+00,
3229,3.92e-01,9.20e+00,
3230,3.92e-01,9.20e+00,
3231,4.00e-01,9.20e+00,
3232,3.92e-01,9.20e+00,
3233,3.92e-01,9.20e+00,
3234,3.92e-01,9.20e+00,
3235,4.00e-01,9.20e+00,
3236,3.92e-01,9.20e+00,
3237,3.92e-01,9.20e+00,
3238,3.92e-01,9.20e+00,
3239,4.00e-01,9.20e+00,
3240,3.92e-01,9.20e+00,
3241,3.92e-01,9.20e+00,
3242,3.92e-01,9.20e+00,
3243,4.00e-01,9.20e+00,
3244,3.92e-01,9.20e+00,
3245,3.92e-01,9.20e+00,
3246,3.92e-01,9.20e+00,
3247,4.00e-01,9.20e+00,
3248,3.92e-01,9.20e+00,
3249,3.92e-01,9.20e+00,
3250,3.92e-01,9.20e+00,
3251,4.00e-01,9.20e+00,
3252,3.92e-01,9.20e+00,
3253,3.92e-01,9.20e+00,
3254,3.92e-01,9.20e+00,
3255,4.00e-01,9.00e+00,
3256,3.92e-01,9.00e+00,
3257,4.00e-01,9.20e+00,
3258,3.92e-01,9.20e+00,
3259,4.00e-01,9.20e+00,
3260,3.92e-01,9.20e+00,
3261,4.00e-01,9.20e+00,
3262,3.92e-01,9.20e+00,
3263,4.00e-01,9.20e+00,
3264,3.92e-01,9.20e+00,
3265,4.00e-01,9.20e+00,
3266,3.92e-01,9.00e+00,
3267,4.00e-01,9.20e+00,
3268,3.92e-01,9.00e+00,
3269,3.92e-01,9.20e+00,
3270,3.92e-01,9.20e+00,
3271,4.00e-01,9.20e+00,
3272,3.92e-01,9.20e+00,
3273,3.92e-01,9.20e+00,
3274,4.00e-01,9.00e+00,
3275,4.00e-01,9.00e+00,
3276,3.92e-01,9.20e+00,
3277,3.92e-01,9.20e+00,
3278,3.92e-01,9.20e+00,
3279,4.00e-01,9.20e+00,
3280,3.92e-01,9.20e+00,
3281,4.00e-01,9.20e+00,
3282,3.92e-01,9.00e+00,
3283,4.00e-01,9.20e+00,
3284,3.92e-01,9.20e+00,
3285,3.92e-01,9.20e+00,
3286,3.92e-01,9.20e+00,
3287,4.00e-01,9.20e+00,
3288,3.92e-01,9.20e+00,
3289,4.00e-01,9.20e+00,
3290,3.92e-01,9.00e+00,
3291,4.00e-01,9.20e+00,
3292,3.92e-01,9.20e+00,
3293,3.92e-01,9.20e+00,
3294,3.92e-01,9.20e+00,
3295,4.00e-01,9.20e+00,
3296,3.92e-01,9.20e+00,
3297,3.92e-01,9.20e+00,
3298,3.92e-01,9.00e+00,
3299,4.00e-01,9.20e+00,
3300,3.92e-01,9.00e+00,
3301,4.00e-01,9.20e+00,
3302,3.92e-01,9.20e+00,
3303,4.00e-01,9.20e+00,
3304,3.92e-01,9.20e+00,
3305,4.00e-01,9.20e+00,
3306,3.92e-01,9.00e+00,
3307,4.00e-01,9.20e+00,
3308,3.92e-01,9.00e+00,
3309,3.92e-01,9.20e+00,
3310,3.92e-01,9.20e+00,
3311,4.00e-01,9.20e+00,
3312,3.92e-01,9.20e+00,
3313,4.00e-01,9.20e+00,
3314,3.92e-01,9.00e+00,
3315,4.00e-01,9.20e+00,
3316,3.92e-01,9.00e+00,
3317,3.92e-01,9.20e+00,
3318,3.92e-01,9.20e+00,
3319,4.00e-01,9.20e+00,
3320,3.92e-01,9.20e+00,
3321,4.00e-01,9.20e+00,
3322,3.92e-01,9.00e+00,
3323,4.00e-01,9.20e+00,
3324,3.92e-01,9.20e+00,
3325,3.92e-01,9.20e+00,
3326,3.92e-01,9.20e+00,
3327,4.00e-01,9.20e+00,
3328,3.92e-01,9.20e+00,
3329,3.92e-01,9.20e+00,
3330,3.92e-01,9.20e+00,
3331,4.00e-01,9.20e+00,
3332,3.92e-01,9.20e+00,
3333,3.92e-01,9.20e+00,
3334,3.92e-01,9.20e+00,
3335,4.00e-01,9.20e+00,
3336,3.92e-01,9.20e+00,
3337,3.92e-01,9.20e+00,
3338,3.92e-01,9.20e+00,
3339,4.00e-01,9.20e+00,
3340,3.92e-01,9.20e+00,
3341,3.92e-01,9.20e+00,
3342,3.92e-01,9.20e+00,
3343,4.00e-01,9.20e+00,
3344,3.92e-01,9.20e+00,
3345,3.92e-01,9.20e+00,
3346,3.92e-01,9.20e+00,
3347,4.00e-01,9.20e+00,
3348,3.92e-01,9.20e+00,
3349,4.00e-01,9.20e+00,
3350,3.92e-01,9.20e+00,
3351,4.00e-01,9.20e+00,
3352,3.92e-01,9.20e+00,
3353,3.92e-01,9.20e+00,
3354,4.00e-01,9.20e+00,
3355,4.00e-01,9.20e+00,
3356,3.92e-01,9.20e+00,
3357,4.00e-01,9.40e+00,
3358,3.92e-01,9.20e+00,
3359,4.00e-01,9.20e+00,
3360,3.92e-01,9.20e+00,
3361,3.92e-01,9.00e+00,
3362,4.00e-01,9.20e+00,
3363,4.00e-01,9.20e+00,
3364,3.92e-01,9.00e+00,
3365,4.00e-01,9.40e+00,
3366,3.92e-01,9.20e+00,
3367,4.00e-01,9.20e+00,
3368,3.92e-01,9.20e+00,
3369,4.00e-01,9.20e+00,
3370,4.00e-01,9.20e+00,
3371,4.00e-01,9.20e+00,
3372,3.92e-01,9.20e+00,
3373,3.92e-01,9.20e+00,
3374,3.92e-01,9.20e+00,
3375,4.00e-01,9.20e+00,
3376,3.92e-01,9.20e+00,
3377,3.92e-01,9.20e+00,
3378,3.92e-01,9.00e+00,
3379,4.00e-01,9.20e+00,
3380,3.92e-01,9.00e+00,
3381,3.92e-01,9.20e+00,
3382,3.92e-01,9.20e+00,
3383,4.00e-01,9.20e+00,
3384,3.92e-01,9.20e+00,
3385,3.92e-01,9.20e+00,
3386,3.92e-01,9.20e+00,
3387,4.00e-01,9.20e+00,
3388,3.92e-01,9.20e+00,
3389,3.92e-01,9.20e+00,
3390,3.92e-01,9.20e+00,
3391,4.00e-01,9.20e+00,
3392,3.92e-01,9.20e+00,
3393,3.92e-01,9.20e+00,
3394,3.92e-01,9.20e+00,
3395,4.00e-01,9.20e+00,
3396,3.92e-01,9.20e+00,
3397,3.92e-01,9.20e+00,
3398,3.92e-01,9.00e+00,
3399,4.00e-01,9.20e+00,
3400,3.92e-01,9.00e+00,
3401,4.00e-01,9.20e+00,
3402,3.92e-01,9.20e+00,
3403,4.00e-01,9.20e+00,
3404,3.92e-01,9.20e+00,
3405,3.92e-01,9.20e+00,
3406,3.92e-01,9.00e+00,
3407,4.00e-01,9.20e+00,
3408,3.92e-01,9.20e+00,
3409,4.00e-01,9.20e+00,
3410,3.92e-01,9.20e+00,
3411,4.00e-01,9.20e+00,
3412,3.92e-01,9.00e+00,
3413,3.92e-01,9.20e+00,
3414,3.92e-01,9.20e+00,
3415,4.00e-01,9.20e+00,
3416,3.92e-01,9.20e+00,
3417,3.92e-01,9.20e+00,
3418,3.92e-01,9.20e+00,
3419,4.00e-01,9.20e+00,
3420,3.92e-01,9.00e+00,
3421,3.92e-01,9.20e+00,
3422,3.92e-01,9.20e+00,
3423,4.00e-01,9.20e+00,
3424,3.92e-01,9.20e+00,
3425,3.92e-01,9.20e+00,
3426,3.92e-01,9.00e+00,
3427,4.00e-01,9.20e+00,
3428,3.92e-01,9.20e+00,
3429,3.92e-01,9.20e+00,
3430,3.92e-01,9.20e+00,
3431,4.00e-01,9.20e+00,
3432,3.92e-01,9.00e+00,
3433,3.92e-01,9.20e+00,
3434,3.92e-01,9.00e+00,
3435,4.00e-01,9.20e+00,
3436,3.92e-01,9.20e+00,
3437,3.92e-01,9.20e+00,
3438,3.92e-01,9.20e+00,
3439,4.00e-01,9.20e+00,
3440,3.92e-01,9.20e+00,
3441,4.00e-01,9.20e+00,
3442,3.92e-01,9.20e+00,
3443,4.00e-01,9.20e+00,
3444,3.92e-01,9.20e+00,
3445,3.92e-01,9.20e+00,
3446,3.92e-01,9.20e+00,
3447,4.00e-01,9.20e+00,
3448,3.92e-01,9.20e+00,
3449,3.92e-01,9.20e+00,
3450,3.92e-01,9.20e+00,
3451,3.92e-01,9.20e+00,
3452,3.92e-01,9.20e+00,
3453,3.92e-01,9.20e+00,
3454,3.92e-01,9.00e+00,
3455,4.00e-01,9.20e+00,
3456,3.92e-01,9.20e+00,
3457,3.92e-01,9.00e+00,
3458,3.92e-01,9.20e+00,
3459,4.00e-01,9.20e+00,
3460,3.92e-01,9.20e+00,
3461,3.92e-01,9.20e+00,
3462,3.92e-01,9.20e+00,
3463,4.00e-01,9.20e+00,
3464,3.92e-01,9.20e+00,
3465,3.92e-01,9.20e+00,
3466,3.92e-01,9.20e+00,
3467,3.92e-01,9.20e+00,
3468,3.92e-01,9.20e+00,
3469,3.92e-01,9.20e+00,
3470,3.92e-01,9.00e+00,
3471,3.92e-01,9.20e+00,
3472,3.92e-01,9.20e+00,
3473,3.92e-01,9.20e+00,
3474,3.92e-01,9.20e+00,
3475,3.92e-01,9.20e+00,
3476,3.92e-01,9.20e+00,
3477,3.92e-01,9.20e+00,
3478,3.92e-01,9.00e+00,
3479,3.92e-01,9.20e+00,
3480,3.92e-01,9.20e+00,
3481,3.92e-01,9.20e+00,
3482,3.92e-01,9.20e+00,
3483,3.92e-01,9.20e+00,
3484,3.92e-01,9.20e+00,
3485,3.92e-01,9.20e+00,
3486,3.92e-01,9.20e+00,
3487,4.00e-01,9.20e+00,
3488,3.92e-01,9.20e+00,
3489,3.92e-01,9.20e+00,
3490,3.92e-01,9.00e+00,
3491,3.92e-01,9.20e+00,
3492,3.92e-01,9.00e+00,
3493,3.92e-01,9.20e+00,
3494,3.92e-01,9.20e+00,
3495,3.92e-01,9.20e+00,
3496,3.92e-01,9.20e+00,
3497,3.92e-01,9.20e+00,
3498,3.92e-01,9.00e+00,
3499,3.92e-01,9.20e+00,
3500,3.92e-01,9.20e+00,
3501,3.92e-01,9.20e+00,
3502,3.92e-01,9.00e+00,
3503,3.92e-01,9.20e+00,
3504,3.92e-01,9.00e+00,
3505,3.92e-01,9.20e+00,
3506,3.92e-01,9.20e+00,
3507,3.92e-01,9.20e+00,
3508,3.84e-01,9.20e+00,
3509,3.92e-01,9.20e+00,
3510,3.92e-01,9.20e+00,
3511,3.92e-01,9.20e+00,
3512,3.84e-01,9.20e+00,
3513,3.92e-01,9.20e+00,
3514,3.92e-01,9.20e+00,
3515,3.92e-01,9.20e+00,
3516,3.84e-01,9.00e+00,
3517,3.92e-01,9.20e+00,
3518,3.84e-01,9.20e+00,
3519,3.92e-01,9.20e+00,
3520,3.84e-01,9.20e+00,
3521,3.92e-01,9.20e+00,
3522,3.92e-01,9.20e+00,
3523,3.92e-01,9.20e+00,
3524,3.84e-01,9.20e+00,
3525,3.84e-01,9.20e+00,
3526,3.84e-01,9.20e+00,
3527,3.92e-01,9.20e+00,
3528,3.84e-01,9.20e+00,
3529,3.92e-01,9.20e+00,
3530,3.84e-01,9.20e+00,
3531,3.92e-01,9.20e+00,
3532,3.84e-01,9.20e+00,
3533,3.84e-01,9.20e+00,
3534,3.84e-01,9.00e+00,
3535,3.92e-01,9.20e+00,
3536,3.84e-01,9.20e+00,
3537,3.84e-01,9.00e+00,
3538,3.84e-01,9.20e+00,
3539,3.92e-01,9.20e+00,
3540,3.84e-01,9.20e+00,
3541,3.84e-01,9.20e+00,
3542,3.84e-01,9.00e+00,
3543,3.92e-01,9.20e+00,
3544,3.84e-01,9.20e+00,
3545,3.84e-01,9.20e+00,
3546,3.84e-01,9.20e+00,
3547,3.84e-01,9.20e+00,
3548,3.84e-01,9.00e+00,
3549,3.84e-01,9.20e+00,
3550,3.84e-01,9.20e+00,
3551,3.92e-01,9.20e+00,
3552,3.84e-01,9.20e+00,
3553,3.84e-01,9.00e+00,
3554,3.84e-01,9.00e+00,
3555,3.84e-01,9.20e+00,
3556,3.84e-01,9.00e+00,
3557,3.84e-01,9.00e+00,
3558,3.84e-01,9.00e+00,
3559,3.84e-01,9.20e+00,
3560,3.84e-01,9.20e+00,
3561,3.76e-01,9.00e+00,
3562,3.84e-01,9.20e+00,
3563,3.84e-01,9.20e+00,
3564,3.84e-01,9.00e+00,
3565,3.84e-01,9.20e+00,
3566,3.76e-01,9.00e+00,
3567,3.84e-01,9.40e+00,
3568,3.76e-01,9.00e+00,
3569,3.84e-01,9.20e+00,
3570,3.84e-01,9.00e+00,
3571,3.84e-01,9.20e+00,
3572,3.76e-01,9.20e+00,
3573,3.84e-01,9.20e+00,
3574,3.84e-01,9.20e+00,
3575,3.84e-01,9.20e+00,
3576,3.76e-01,9.20e+00,
3577,3.76e-01,9.20e+00,
3578,3.84e-01,9.00e+00,
3579,3.84e-01,9.20e+00,
3580,3.76e-01,9.00e+00,
3581,3.76e-01,9.20e+00,
3582,3.84e-01,9.20e+00,
3583,3.84e-01,9.20e+00,
3584,3.76e-01,9.20e+00,
3585,3.76e-01,9.20e+00,
3586,3.76e-01,9.20e+00,
3587,3.84e-01,9.20e+00,
3588,3.76e-01,9.00e+00,
3589,3.76e-01,9.20e+00,
3590,3.76e-01,9.20e+00,
3591,3.84e-01,9.20e+00,
3592,3.76e-01,9.20e+00,
3593,3.76e-01,9.20e+00,
3594,3.76e-01,9.20e+00,
3595,3.84e-01,9.20e+00,
3596,3.76e-01,9.00e+00,
3597,3.76e-01,9.20e+00,
3598,3.76e-01,9.20e+00,
3599,3.84e-01,9.20e+00,
3600,3.76e-01,9.20e+00,
3601,3.76e-01,9.20e+00,
3602,3.76e-01,9.20e+00,
3603,3.76e-01,9.20e+00,
3604,3.76e-01,9.20e+00,
3605,3.76e-01,9.20e+00,
3606,3.76e-01,9.20e+00,
3607,3.76e-01,9.20e+00,
3608,3.76e-01,9.00e+00,
3609,3.76e-01,9.20e+00,
3610,3.76e-01,9.20e+00,
3611,3.76e-01,9.20e+00,
3612,3.76e-01,9.20e+00,
3613,3.76e-01,9.20e+00,
3614,3.76e-01,9.00e+00,
3615,3.76e-01,9.20e+00,
3616,3.68e-01,9.20e+00,
3617,3.76e-01,9.20e+00,
3618,3.76e-01,9.00e+00,
3619,3.76e-01,9.20e+00,
3620,3.68e-01,9.00e+00,
3621,3.76e-01,9.20e+00,
3622,3.68e-01,9.20e+00,
3623,3.76e-01,9.20e+00,
3624,3.68e-01,9.20e+00,
3625,3.68e-01,9.20e+00,
3626,3.76e-01,9.20e+00,
3627,3.76e-01,9.20e+00,
3628,3.68e-01,9.20e+00,
3629,3.68e-01,9.20e+00,
3630,3.68e-01,9.00e+00,
3631,3.76e-01,9.00e+00,
3632,3.68e-01,9.20e+00,
3633,3.68e-01,9.20e+00,
3634,3.68e-01,9.00e+00,
3635,3.68e-01,9.20e+00,
3636,3.68e-01,9.20e+00,
3637,3.68e-01,9.20e+00,
3638,3.68e-01,9.00e+00,
3639,3.68e-01,9.20e+00,
3640,3.68e-01,9.00e+00,
3641,3.68e-01,9.20e+00,
3642,3.68e-01,9.00e+00,
3643,3.68e-01,9.20e+00,
3644,3.68e-01,9.20e+00,
3645,3.68e-01,9.20e+00,
3646,3.68e-01,9.00e+00,
3647,3.68e-01,9.00e+00,
3648,3.60e-01,9.00e+00,
3649,3.68e-01,9.20e+00,
3650,3.68e-01,9.20e+00,
3651,3.68e-01,9.20e+00,
3652,3.68e-01,9.20e+00,
3653,3.68e-01,9.20e+00,
3654,3.68e-01,9.20e+00,
3655,3.68e-01,9.00e+00,
3656,3.60e-01,9.00e+00,
3657,3.68e-01,9.20e+00,
3658,3.60e-01,9.00e+00,
3659,3.68e-01,9.20e+00,
3660,3.60e-01,9.00e+00,
3661,3.60e-01,9.20e+00,
3662,3.60e-01,9.00e+00,
3663,3.68e-01,9.20e+00,
3664,3.60e-01,9.20e+00,
3665,3.60e-01,9.20e+00,
3666,3.60e-01,9.00e+00,
3667,3.68e-01,9.20e+00,
3668,3.60e-01,9.00e+00,
3669,3.60e-01,9.20e+00,
3670,3.60e-01,9.00e+00,
3671,3.68e-01,9.20e+00,
3672,3.60e-01,9.20e+00,
3673,3.60e-01,9.20e+00,
3674,3.60e-01,9.20e+00,
3675,3.60e-01,9.20e+00,
3676,3.60e-01,9.00e+00,
3677,3.60e-01,9.20e+00,
3678,3.60e-01,9.00e+00,
3679,3.60e-01,9.20e+00,
3680,3.60e-01,9.00e+00,
3681,3.60e-01,9.20e+00,
3682,3.60e-01,9.00e+00,
3683,3.60e-01,9.20e+00,
3684,3.60e-01,9.00e+00,
3685,3.60e-01,9.20e+00,
3686,3.60e-01,9.00e+00,
3687,3.60e-01,9.20e+00,
3688,3.52e-01,9.20e+00,
3689,3.60e-01,9.20e+00,
3690,3.60e-01,9.00e+00,
3691,3.60e-01,9.20e+00,
3692,3.52e-01,9.00e+00,
3693,3.60e-01,9.20e+00,
3694,3.60e-01,9.20e+00,
3695,3.60e-01,9.20e+00,
3696,3.52e-01,9.00e+00,
3697,3.52e-01,9.20e+00,
3698,3.52e-01,9.00e+00,
3699,3.60e-01,9.20e+00,
3700,3.52e-01,9.00e+00,
3701,3.52e-01,9.20e+00,
3702,3.52e-01,9.20e+00,
3703,3.60e-01,9.20e+00,
3704,3.52e-01,9.00e+00,
3705,3.52e-01,9.20e+00,
3706,3.52e-01,9.20e+00,
3707,3.60e-01,9.20e+00,
3708,3.52e-01,9.00e+00,
3709,3.52e-01,9.20e+00,
3710,3.52e-01,9.20e+00,
3711,3.52e-01,9.00e+00,
3712,3.52e-01,9.20e+00,
3713,3.52e-01,9.20e+00,
3714,3.52e-01,9.00e+00,
3715,3.52e-01,9.20e+00,
3716,3.52e-01,9.00e+00,
3717,3.52e-01,9.20e+00,
3718,3.52e-01,9.00e+00,
3719,3.52e-01,9.20e+00,
3720,3.44e-01,9.20e+00,
3721,3.52e-01,9.20e+00,
3722,3.52e-01,9.00e+00,
3723,3.52e-01,9.20e+00,
3724,3.52e-01,9.00e+00,
3725,3.52e-01,9.20e+00,
3726,3.52e-01,9.00e+00,
3727,3.52e-01,9.00e+00,
3728,3.52e-01,9.00e+00,
3729,3.52e-01,9.20e+00,
3730,3.52e-01,9.00e+00,
3731,3.52e-01,9.20e+00,
3732,3.44e-01,9.00e+00,
3733,3.44e-01,9.20e+00,
3734,3.44e-01,9.20e+00,
3735,3.52e-01,9.00e+00,
3736,3.44e-01,9.00e+00,
3737,3.44e-01,9.20e+00,
3738,3.44e-01,9.00e+00,
3739,3.52e-01,9.20e+00,
3740,3.44e-01,9.00e+00,
3741,3.44e-01,9.20e+00,
3742,3.44e-01,9.00e+00,
3743,3.52e-01,9.20e+00,
3744,3.44e-01,9.00e+00,
3745,3.44e-01,9.00e+00,
3746,3.44e-01,9.20e+00,
3747,3.44e-01,9.20e+00,
3748,3.44e-01,9.00e+00,
3749,3.44e-01,9.20e+00,
3750,3.44e-01,9.20e+00,
3751,3.52e-01,9.20e+00,
3752,3.44e-01,9.00e+00,
3753,3.44e-01,9.20e+00,
3754,3.44e-01,9.20e+00,
3755,3.44e-01,9.20e+00,
3756,3.44e-01,9.00e+00,
3757,3.44e-01,9.20e+00,
3758,3.44e-01,9.20e+00,
3759,3.44e-01,9.20e+00,
3760,3.44e-01,9.20e+00,
3761,3.36e-01,9.00e+00,
3762,3.44e-01,9.20e+00,
3763,3.44e-01,9.00e+00,
3764,3.36e-01,9.00e+00,
3765,3.44e-01,9.20e+00,
3766,3.36e-01,9.00e+00,
3767,3.44e-01,9.20e+00,
3768,3.36e-01,9.20e+00,
3769,3.44e-01,9.20e+00,
3770,3.44e-01,9.00e+00,
3771,3.44e-01,9.20e+00,
3772,3.36e-01,9.00e+00,
3773,3.36e-01,9.00e+00,
3774,3.36e-01,9.20e+00,
3775,3.44e-01,9.20e+00,
3776,3.36e-01,9.20e+00,
3777,3.36e-01,9.20e+00,
3778,3.36e-01,9.00e+00,
3779,3.44e-01,9.20e+00,
3780,3.36e-01,9.00e+00,
3781,3.36e-01,9.20e+00,
3782,3.36e-01,9.20e+00,
3783,3.44e-01,9.20e+00,
3784,3.36e-01,9.20e+00,
3785,3.36e-01,9.00e+00,
3786,3.36e-01,9.00e+00,
3787,3.36e-01,9.20e+00,
3788,3.36e-01,9.00e+00,
3789,3.36e-01,9.20e+00,
3790,3.36e-01,9.00e+00,
3791,3.36e-01,9.00e+00,
3792,3.36e-01,9.00e+00,
3793,3.36e-01,9.20e+00,
3794,3.36e-01,9.00e+00,
3795,3.36e-01,9.00e+00,
3796,3.36e-01,9.00e+00,
3797,3.36e-01,9.20e+00,
3798,3.36e-01,9.00e+00,
3799,3.36e-01,9.20e+00,
3800,3.36e-01,9.00e+00,
3801,3.36e-01,9.20e+00,
3802,3.36e-01,9.00e+00,
3803,3.36e-01,9.20e+00,
3804,3.28e-01,9.00e+00,
3805,3.36e-01,9.00e+00,
3806,3.36e-01,9.20e+00,
3807,3.36e-01,9.20e+00,
3808,3.28e-01,9.00e+00,
3809,3.36e-01,9.00e+00,
3810,3.36e-01,9.00e+00,
3811,3.36e-01,9.20e+00,
3812,3.28e-01,9.00e+00,
3813,3.36e-01,9.20e+00,
3814,3.36e-01,9.20e+00,
3815,3.36e-01,9.20e+00,
3816,3.28e-01,9.00e+00,
3817,3.36e-01,9.20e+00,
3818,3.36e-01,9.00e+00,
3819,3.36e-01,9.20e+00,
3820,3.28e-01,9.00e+00,
3821,3.28e-01,9.00e+00,
3822,3.28e-01,9.00e+00,
3823,3.36e-01,9.00e+00,
3824,3.28e-01,9.20e+00,
3825,3.28e-01,9.20e+00,
3826,3.28e-01,9.00e+00,
3827,3.36e-01,9.20e+00,
3828,3.28e-01,9.00e+00,
3829,3.28e-01,9.20e+00,
3830,3.28e-01,9.00e+00,
3831,3.36e-01,9.20e+00,
3832,3.28e-01,9.20e+00,
3833,3.28e-01,9.20e+00,
3834,3.28e-01,9.20e+00,
3835,3.28e-01,9.00e+00,
3836,3.28e-01,9.00e+00,
3837,3.28e-01,9.20e+00,
3838,3.28e-01,9.00e+00,
3839,3.28e-01,9.20e+00,
3840,3.28e-01,9.20e+00,
3841,3.28e-01,9.20e+00,
3842,3.28e-01,9.00e+00,
3843,3.36e-01,9.20e+00,
3844,3.28e-01,9.00e+00,
3845,3.28e-01,9.00e+00,
3846,3.28e-01,9.20e+00,
3847,3.28e-01,9.20e+00,
3848,3.28e-01,9.00e+00,
3849,3.28e-01,9.00e+00,
3850,3.28e-01,9.20e+00,
3851,3.28e-01,9.20e+00,
3852,3.28e-01,9.00e+00,
3853,3.28e-01,9.20e+00,
3854,3.28e-01,9.00e+00,
3855,3.28e-01,9.20e+00,
3856,3.28e-01,9.00e+00,
3857,3.28e-01,9.00e+00,
3858,3.20e-01,9.00e+00,
3859,3.28e-01,9.00e+00,
3860,3.20e-01,9.00e+00,
3861,3.28e-01,9.20e+00,
3862,3.20e-01,9.20e+00,
3863,3.28e-01,9.00e+00,
3864,3.20e-01,9.20e+00,
3865,3.28e-01,9.20e+00,
3866,3.28e-01,9.00e+00,
3867,3.28e-01,9.20e+00,
3868,3.20e-01,9.00e+00,
3869,3.28e-01,9.20e+00,
3870,3.20e-01,9.00e+00,
3871,3.28e-01,9.20e+00,
3872,3.20e-01,9.20e+00,
3873,3.20e-01,9.00e+00,
3874,3.28e-01,9.00e+00,
3875,3.28e-01,9.00e+00,
3876,3.20e-01,9.00e+00,
3877,3.20e-01,9.00e+00,
3878,3.20e-01,9.00e+00,
3879,3.28e-01,9.00e+00,
3880,3.20e-01,9.00e+00,
3881,3.20e-01,9.20e+00,
3882,3.20e-01,9.00e+00,
3883,3.28e-01,9.00e+00,
3884,3.20e-01,9.00e+00,
3885,3.20e-01,9.20e+00,
3886,3.20e-01,9.00e+00,
3887,3.20e-01,9.00e+00,
3888,3.20e-01,9.20e+00,
3889,3.20e-01,9.00e+00,
3890,3.20e-01,9.20e+00,
3891,3.20e-01,9.20e+00,
3892,3.20e-01,9.00e+00,
3893,3.20e-01,9.20e+00,
3894,3.20e-01,9.00e+00,
3895,3.28e-01,9.00e+00,
3896,3.20e-01,9.00e+00,
3897,3.20e-01,9.20e+00,
3898,3.20e-01,9.00e+00,
3899,3.20e-01,9.20e+00,
3900,3.20e-01,9.00e+00,
3901,3.20e-01,9.20e+00,
3902,3.20e-01,9.00e+00,
3903,3.28e-01,9.20e+00,
3904,3.20e-01,9.00e+00,
3905,3.20e-01,9.00e+00,
3906,3.20e-01,9.00e+00,
3907,3.20e-01,9.20e+00,
3908,3.20e-01,9.00e+00,
3909,3.20e-01,9.20e+00,
3910,3.20e-01,9.00e+00,
3911,3.20e-01,9.00e+00,
3912,3.20e-01,9.00e+00,
3913,3.20e-01,9.00e+00,
3914,3.20e-01,9.00e+00,
3915,3.20e-01,9.20e+00,
3916,3.20e-01,9.00e+00,
3917,3.20e-01,9.20e+00,
3918,3.20e-01,9.00e+00,
3919,3.20e-01,9.20e+00,
3920,3.20e-01,9.00e+00,
3921,3.20e-01,9.00e+00,
3922,3.20e-01,9.00e+00,
3923,3.20e-01,9.20e+00,
3924,3.12e-01,9.00e+00,
3925,3.20e-01,9.00e+00,
3926,3.20e-01,9.00e+00,
3927,3.20e-01,9.20e+00,
3928,3.20e-01,9.00e+00,
3929,3.20e-01,9.20e+00,
3930,3.20e-01,9.00e+00,
3931,3.20e-01,9.00e+00,
3932,3.12e-01,9.00e+00,
3933,3.20e-01,9.00e+00,
3934,3.20e-01,9.20e+00,
3935,3.20e-01,9.00e+00,
3936,3.12e-01,9.00e+00,
3937,3.20e-01,9.00e+00,
3938,3.20e-01,9.00e+00,
3939,3.20e-01,9.20e+00,
3940,3.12e-01,9.00e+00,
3941,3.12e-01,9.20e+00,
3942,3.20e-01,9.00e+00,
3943,3.20e-01,9.00e+00,
3944,3.12e-01,9.00e+00,
3945,3.12e-01,9.00e+00,
3946,3.20e-01,9.00e+00,
3947,3.20e-01,9.00e+00,
3948,3.12e-01,9.00e+00,
3949,3.12e-01,9.20e+00,
3950,3.12e-01,9.00e+00,
3951,3.20e-01,9.20e+00,
3952,3.12e-01,9.20e+00,
3953,3.12e-01,9.00e+00,
3954,3.20e-01,9.00e+00,
3955,3.20e-01,9.00e+00,
3956,3.12e-01,9.00e+00,
3957,3.12e-01,9.00e+00,
3958,3.12e-01,9.00e+00,
3959,3.20e-01,9.20e+00,
3960,3.12e-01,9.20e+00,
3961,3.12e-01,9.00e+00,
3962,3.20e-01,9.20e+00,
3963,3.12e-01,9.20e+00,
3964,3.12e-01,9.00e+00,
3965,3.20e-01,9.20e+00,
3966,3.12e-01,9.00e+00,
3967,3.20e-01,9.20e+00,
3968,3.12e-01,9.00e+00,
3969,3.12e-01,9.00e+00,
3970,3.12e-01,9.00e+00,
3971,3.20e-01,9.00e+00,
3972,3.12e-01,9.00e+00,
3973,3.12e-01,9.20e+00,
3974,3.12e-01,9.00e+00,
3975,3.20e-01,9.20e+00,
3976,3.12e-01,9.00e+00,
3977,3.12e-01,9.00e+00,
3978,3.12e-01,9.00e+00,
3979,3.20e-01,9.00e+00,
3980,3.12e-01,9.00e+00,
3981,3.12e-01,9.20e+00,
3982,3.12e-01,9.00e+00,
3983,3.12e-01,9.00e+00,
3984,3.12e-01,9.00e+00,
3985,3.12e-01,9.00e+00,
3986,3.12e-01,9.00e+00,
3987,3.12e-01,9.20e+00,
3988,3.12e-01,9.00e+00,
3989,3.12e-01,9.20e+00,
3990,3.12e-01,9.00e+00,
3991,3.20e-01,9.20e+00,
3992,3.12e-01,9.00e+00,
3993,3.12e-01,9.20e+00,
3994,3.12e-01,9.00e+00,
3995,3.12e-01,9.20e+00,
3996,3.12e-01,9.20e+00,
3997,3.12e-01,9.00e+00,
3998,3.12e-01,9.00e+00,
3999,3.12e-01,9.00e+00,
4000,3.12e-01,9.00e+00,
4001,3.12e-01,9.00e+00,
4002,3.12e-01,9.00e+00,
4003,3.12e-01,9.20e+00,
4004,3.12e-01,9.00e+00,
4005,3.12e-01,9.00e+00,
4006,3.12e-01,9.00e+00,
4007,3.12e-01,9.20e+00,
4008,3.12e-01,9.00e+00,
4009,3.12e-01,9.00e+00,
4010,3.12e-01,9.00e+00,
4011,3.12e-01,9.20e+00,
4012,3.12e-01,9.00e+00,
4013,3.12e-01,9.00e+00,
4014,3.12e-01,9.00e+00,
4015,3.12e-01,9.00e+00,
4016,3.12e-01,9.00e+00,
4017,3.12e-01,9.20e+00,
4018,3.12e-01,9.00e+00,
4019,3.12e-01,9.20e+00,
4020,3.12e-01,9.00e+00,
4021,3.12e-01,9.20e+00,
4022,3.12e-01,9.20e+00,
4023,3.12e-01,9.20e+00,
4024,3.04e-01,9.20e+00,
4025,3.12e-01,9.00e+00,
4026,3.12e-01,9.00e+00,
4027,3.12e-01,9.20e+00,
4028,3.04e-01,9.00e+00,
4029,3.12e-01,9.00e+00,
4030,3.12e-01,9.00e+00,
4031,3.12e-01,9.20e+00,
4032,3.04e-01,9.20e+00,
4033,3.12e-01,9.00e+00,
4034,3.12e-01,9.00e+00,
4035,3.12e-01,9.20e+00,
4036,3.12e-01,9.00e+00,
4037,3.12e-01,9.00e+00,
4038,3.12e-01,9.00e+00,
4039,3.12e-01,9.00e+00,
4040,3.04e-01,9.00e+00,
4041,3.12e-01,9.00e+00,
4042,3.12e-01,9.00e+00,
4043,3.12e-01,9.20e+00,
4044,3.04e-01,9.00e+00,
4045,3.12e-01,9.00e+00,
4046,3.12e-01,9.20e+00,
4047,3.12e-01,9.00e+00,
4048,3.04e-01,9.00e+00,
4049,3.12e-01,9.00e+00,
4050,3.12e-01,9.00e+00,
4051,3.12e-01,9.20e+00,
4052,3.04e-01,9.00e+00,
4053,3.12e-01,9.00e+00,
4054,3.04e-01,9.00e+00,
4055,3.12e-01,9.20e+00,
4056,3.04e-01,9.00e+00,
4057,3.12e-01,9.00e+00,
4058,3.12e-01,9.00e+00,
4059,3.12e-01,9.00e+00,
4060,3.04e-01,9.00e+00,
4061,3.12e-01,9.00e+00,
4062,3.04e-01,9.20e+00,
4063,3.12e-01,9.00e+00,
4064,3.04e-01,9.00e+00,
4065,3.12e-01,9.00e+00,
4066,3.12e-01,9.00e+00,
4067,3.12e-01,9.20e+00,
4068,3.04e-01,9.00e+00,
4069,3.12e-01,9.00e+00,
4070,3.04e-01,9.00e+00,
4071,3.12e-01,9.00e+00,
4072,3.04e-01,9.20e+00,
4073,3.04e-01,9.00e+00,
4074,3.12e-01,9.00e+00,
4075,3.12e-01,9.00e+00,
4076,3.04e-01,9.00e+00,
4077,3.12e-01,9.20e+00,
4078,3.04e-01,9.00e+00,
4079,3.12e-01,9.20e+00,
4080,3.04e-01,9.20e+00,
4081,3.12e-01,9.20e+00,
4082,3.12e-01,9.00e+00,
4083,3.12e-01,9.20e+00,
4084,3.04e-01,9.00e+00,
4085,3.04e-01,9.20e+00,
4086,3.04e-01,9.00e+00,
4087,3.12e-01,9.00e+00,
4088,3.04e-01,9.20e+00,
4089,3.12e-01,9.20e+00,
4090,3.12e-01,9.00e+00,
4091,3.12e-01,9.00e+00,
4092,3.04e-01,9.00e+00,
4093,3.04e-01,9.00e+00,
4094,3.04e-01,9.00e+00,
4095,3.12e-01,9.00e+00,
4096,3.04e-01,9.00e+00,
4097,3.04e-01,9.00e+00,
4098,3.12e-01,9.00e+00,
4099,3.12e-01,9.00e+00,
4100,3.04e-01,9.00e+00,
4101,3.04e-01,9.20e+00,
4102,3.04e-01,9.00e+00,
4103,3.12e-01,9.00e+00,
4104,3.04e-01,9.20e+00,
4105,3.04e-01,9.00e+00,
4106,3.04e-01,9.00e+00,
4107,3.12e-01,9.20e+00,
4108,3.04e-01,9.00e+00,
4109,3.04e-01,9.20e+00,
4110,3.04e-01,9.00e+00,
4111,3.12e-01,9.00e+00,
4112,3.04e-01,9.00e+00,
4113,3.04e-01,9.00e+00,
4114,3.04e-01,9.00e+00,
4115,3.12e-01,9.20e+00,
4116,3.04e-01,9.00e+00,
4117,3.04e-01,9.20e+00,
4118,3.04e-01,9.00e+00,
4119,3.12e-01,9.20e+00,
4120,3.04e-01,9.20e+00,
4121,3.04e-01,9.00e+00,
4122,3.04e-01,9.00e+00,
4123,3.04e-01,9.20e+00,
4124,3.04e-01,9.00e+00,
4125,3.04e-01,9.00e+00,
4126,3.04e-01,9.00e+00,
4127,3.12e-01,9.00e+00,
4128,3.04e-01,9.20e+00,
4129,3.04e-01,9.20e+00,
4130,3.04e-01,9.00e+00,
4131,3.04e-01,9.00e+00,
4132,3.04e-01,9.20e+00,
4133,3.04e-01,9.00e+00,
4134,3.04e-01,9.00e+00,
4135,3.12e-01,9.00e+00,
4136,3.04e-01,9.20e+00,
4137,3.04e-01,9.00e+00,
4138,3.04e-01,9.00e+00,
4139,3.04e-01,9.00e+00,
4140,3.04e-01,9.00e+00,
4141,3.04e-01,9.00e+00,
4142,3.04e-01,9.00e+00,
4143,3.04e-01,9.00e+00,
4144,3.04e-01,9.00e+00,
4145,3.04e-01,9.00e+00,
4146,3.04e-01,9.00e+00,
4147,3.04e-01,9.00e+00,
4148,3.04e-01,9.00e+00,
4149,3.04e-01,9.20e+00,
4150,3.04e-01,9.00e+00,
4151,3.04e-01,9.20e+00,
4152,3.04e-01,9.00e+00,
4153,3.04e-01,9.00e+00,
4154,3.04e-01,9.00e+00,
4155,3.04e-01,9.20e+00,
4156,3.04e-01,9.00e+00,
4157,3.04e-01,9.20e+00,
4158,3.04e-01,9.00e+00,
4159,3.04e-01,9.20e+00,
4160,3.04e-01,9.00e+00,
4161,3.04e-01,9.00e+00,
4162,3.04e-01,9.00e+00,
4163,3.04e-01,9.00e+00,
4164,3.04e-01,9.00e+00,
4165,3.04e-01,9.20e+00,
4166,3.04e-01,9.00e+00,
4167,3.04e-01,9.20e+00,
4168,3.04e-01,9.00e+00,
4169,3.04e-01,9.00e+00,
4170,3.04e-01,9.00e+00,
4171,3.04e-01,9.00e+00,
4172,3.04e-01,9.00e+00,
4173,3.04e-01,9.20e+00,
4174,3.04e-01,9.00e+00,
4175,3.04e-01,9.00e+00,
4176,3.04e-01,9.00e+00,
4177,3.04e-01,9.20e+00,
4178,3.04e-01,9.00e+00,
4179,3.04e-01,9.00e+00,
4180,2.96e-01,9.00e+00,
4181,3.04e-01,9.20e+00,
4182,3.04e-01,9.00e+00,
4183,3.04e-01,9.00e+00,
4184,3.04e-01,9.20e+00,
4185,3.04e-01,9.00e+00,
4186,3.04e-01,9.00e+00,
4187,3.04e-01,9.00e+00,
4188,2.96e-01,9.00e+00,
4189,3.04e-01,9.00e+00,
4190,3.04e-01,9.00e+00,
4191,3.04e-01,9.00e+00,
4192,3.04e-01,9.00e+00,
4193,3.04e-01,9.00e+00,
4194,3.04e-01,9.00e+00,
4195,3.04e-01,9.00e+00,
4196,2.96e-01,9.00e+00,
4197,3.04e-01,9.00e+00,
4198,3.04e-01,9.00e+00,
4199,3.04e-01,9.00e+00,
4200,2.96e-01,9.00e+00,
4201,3.04e-01,9.00e+00,
4202,3.04e-01,9.00e+00,
4203,3.04e-01,9.20e+00,
4204,2.96e-01,9.00e+00,
4205,2.96e-01,9.00e+00,
4206,2.96e-01,9.00e+00,
4207,3.04e-01,9.00e+00,
4208,2.96e-01,9.00e+00,
4209,3.04e-01,9.00e+00,
4210,2.96e-01,9.00e+00,
4211,3.04e-01,9.20e+00,
4212,2.96e-01,9.00e+00,
4213,2.96e-01,9.00e+00,
4214,2.96e-01,9.00e+00,
4215,3.04e-01,9.00e+00,
4216,2.96e-01,9.00e+00,
4217,2.96e-01,9.00e+00,
4218,2.96e-01,9.00e+00,
4219,3.04e-01,9.20e+00,
4220,2.96e-01,9.00e+00,
4221,2.96e-01,9.20e+00,
4222,2.96e-01,9.00e+00,
4223,3.04e-01,9.00e+00,
4224,2.96e-01,9.00e+00,
4225,2.96e-01,9.00e+00,
4226,2.96e-01,9.00e+00,
4227,3.04e-01,9.20e+00,
4228,2.96e-01,9.00e+00,
4229,2.96e-01,9.20e+00,
4230,2.96e-01,9.00e+00,
4231,3.04e-01,9.20e+00,
4232,2.96e-01,9.20e+00,
4233,2.96e-01,9.00e+00,
4234,2.96e-01,9.00e+00,
4235,2.96e-01,9.00e+00,
4236,2.96e-01,9.00e+00,
4237,2.96e-01,9.20e+00,
4238,2.96e-01,9.00e+00,
4239,2.96e-01,9.00e+00,
4240,2.96e-01,9.00e+00,
4241,2.96e-01,9.00e+00,
4242,2.96e-01,9.00e+00,
4243,2.96e-01,9.00e+00,
4244,2.96e-01,9.00e+00,
4245,2.96e-01,9.00e+00,
4246,2.96e-01,9.00e+00,
4247,2.96e-01,9.20e+00,
4248,2.96e-01,9.00e+00,
4249,2.96e-01,9.20e+00,
4250,2.96e-01,9.00e+00,
4251,2.96e-01,9.00e+00,
4252,2.96e-01,9.00e+00,
4253,2.96e-01,9.20e+00,
4254,2.96e-01,9.00e+00,
4255,2.96e-01,9.20e+00,
4256,2.96e-01,9.00e+00,
4257,2.96e-01,9.00e+00,
4258,2.96e-01,9.00e+00,
4259,2.96e-01,9.20e+00,
4260,2.96e-01,9.00e+00,
4261,2.96e-01,9.00e+00,
4262,2.96e-01,9.00e+00,
4263,2.96e-01,9.00e+00,
4264,2.96e-01,9.20e+00,
4265,2.96e-01,9.00e+00,
4266,2.96e-01,9.00e+00,
4267,2.96e-01,9.00e+00,
4268,2.88e-01,9.00e+00,
4269,2.96e-01,9.00e+00,
4270,2.96e-01,9.00e+00,
4271,2.96e-01,9.20e+00,
4272,2.88e-01,9.20e+00,
4273,2.96e-01,9.00e+00,
4274,2.96e-01,9.00e+00,
4275,2.96e-01,9.00e+00,
4276,2.88e-01,9.00e+00,
4277,2.88e-01,9.20e+00,
4278,2.88e-01,9.00e+00,
4279,2.96e-01,9.00e+00,
4280,2.88e-01,9.00e+00,
4281,2.88e-01,9.20e+00,
4282,2.88e-01,9.00e+00,
4283,2.96e-01,9.00e+00,
4284,2.88e-01,9.00e+00,
4285,2.88e-01,9.00e+00,
4286,2.88e-01,9.00e+00,
4287,2.96e-01,9.00e+00,
4288,2.88e-01,9.00e+00,
4289,2.88e-01,9.00e+00,
4290,2.88e-01,9.00e+00,
4291,2.88e-01,9.00e+00,
4292,2.88e-01,9.00e+00,
4293,2.88e-01,9.00e+00,
4294,2.88e-01,9.00e+00,
4295,2.88e-01,9.00e+00,
4296,2.88e-01,9.00e+00,
4297,2.88e-01,9.00e+00,
4298,2.88e-01,9.00e+00,
4299,2.88e-01,9.20e+00,
4300,2.88e-01,9.00e+00,
4301,2.88e-01,9.00e+00,
4302,2.88e-01,9.00e+00,
4303,2.88e-01,9.20e+00,
4304,2.88e-01,9.20e+00,
4305,2.88e-01,9.00e+00,
4306,2.88e-01,9.00e+00,
4307,2.88e-01,9.00e+00,
4308,2.80e-01,9.00e+00,
4309,2.88e-01,9.00e+00,
4310,2.88e-01,9.00e+00,
4311,2.88e-01,9.20e+00,
4312,2.88e-01,9.20e+00,
4313,2.88e-01,9.00e+00,
4314,2.88e-01,9.00e+00,
4315,2.88e-01,9.20e+00,
4316,2.88e-01,9.00e+00,
4317,2.80e-01,9.20e+00,
4318,2.80e-01,9.00e+00,
4319,2.88e-01,9.20e+00,
4320,2.80e-01,9.00e+00,
4321,2.88e-01,9.00e+00,
4322,2.88e-01,9.00e+00,
4323,2.88e-01,9.20e+00,
4324,2.80e-01,9.00e+00,
4325,2.80e-01,9.00e+00,
4326,2.80e-01,9.00e+00,
4327,2.88e-01,9.20e+00,
4328,2.80e-01,9.00e+00,
4329,2.80e-01,9.20e+00,
4330,2.80e-01,9.00e+00,
4331,2.80e-01,9.20e+00,
4332,2.80e-01,9.00e+00,
4333,2.80e-01,9.00e+00,
4334,2.80e-01,9.00e+00,
4335,2.80e-01,9.00e+00,
4336,2.80e-01,9.00e+00,
4337,2.80e-01,9.00e+00,
4338,2.80e-01,9.00e+00,
4339,2.80e-01,9.20e+00,
4340,2.80e-01,9.00e+00,
4341,2.80e-01,9.00e+00,
4342,2.80e-01,9.00e+00,
4343,2.80e-01,9.00e+00,
4344,2.80e-01,9.20e+00,
4345,2.80e-01,9.00e+00,
4346,2.80e-01,9.00e+00,
4347,2.80e-01,9.20e+00,
4348,2.80e-01,9.00e+00,
4349,2.80e-01,9.00e+00,
4350,2.80e-01,9.00e+00,
4351,2.80e-01,9.00e+00,
4352,2.80e-01,9.00e+00,
4353,2.72e-01,9.00e+00,
4354,2.80e-01,9.00e+00,
4355,2.80e-01,9.00e+00,
4356,2.72e-01,9.00e+00,
4357,2.80e-01,9.00e+00,
4358,2.72e-01,9.00e+00,
4359,2.80e-01,9.00e+00,
4360,2.72e-01,9.00e+00,
4361,2.72e-01,9.00e+00,
4362,2.80e-01,9.20e+00,
4363,2.72e-01,9.00e+00,
4364,2.72e-01,9.00e+00,
4365,2.72e-01,9.00e+00,
4366,2.72e-01,9.00e+00,
4367,2.80e-01,9.00e+00,
4368,2.72e-01,9.00e+00,
4369,2.72e-01,9.00e+00,
4370,2.72e-01,9.00e+00,
4371,2.72e-01,9.00e+00,
4372,2.72e-01,9.00e+00,
4373,2.72e-01,9.00e+00,
4374,2.72e-01,9.00e+00,
4375,2.72e-01,9.00e+00,
4376,2.72e-01,9.00e+00,
4377,2.72e-01,9.00e+00,
4378,2.72e-01,9.00e+00,
4379,2.72e-01,9.20e+00,
4380,2.72e-01,9.00e+00,
4381,2.72e-01,9.00e+00,
4382,2.72e-01,9.00e+00,
4383,2.72e-01,9.00e+00,
4384,2.72e-01,9.20e+00,
4385,2.72e-01,9.00e+00,
4386,2.72e-01,9.00e+00,
4387,2.72e-01,9.00e+00,
4388,2.72e-01,9.00e+00,
4389,2.72e-01,9.20e+00,
4390,2.72e-01,9.00e+00,
4391,2.72e-01,9.00e+00,
4392,2.72e-01,9.00e+00,
4393,2.72e-01,9.00e+00,
4394,2.72e-01,9.00e+00,
4395,2.72e-01,9.00e+00,
4396,2.64e-01,9.00e+00,
4397,2.64e-01,9.00e+00,
4398,2.72e-01,9.00e+00,
4399,2.72e-01,9.00e+00,
4400,2.64e-01,9.00e+00,
4401,2.72e-01,9.00e+00,
4402,2.64e-01,9.00e+00,
4403,2.72e-01,9.00e+00,
4404,2.64e-01,9.00e+00,
4405,2.64e-01,9.00e+00,
4406,2.64e-01,9.00e+00,
4407,2.64e-01,9.00e+00,
4408,2.64e-01,9.00e+00,
4409,2.64e-01,9.00e+00,
4410,2.64e-01,9.00e+00,
4411,2.64e-01,9.00e+00,
4412,2.64e-01,9.00e+00,
4413,2.64e-01,9.20e+00,
4414,2.64e-01,9.00e+00,
4415,2.64e-01,9.00e+00,
4416,2.64e-01,9.00e+00,
4417,2.64e-01,9.00e+00,
4418,2.64e-01,9.00e+00,
4419,2.64e-01,9.00e+00,
4420,2.64e-01,9.00e+00,
4421,2.64e-01,9.00e+00,
4422,2.64e-01,9.00e+00,
4423,2.64e-01,9.00e+00,
4424,2.64e-01,9.00e+00,
4425,2.64e-01,9.00e+00,
4426,2.64e-01,9.00e+00,
4427,2.64e-01,9.00e+00,
4428,2.56e-01,9.00e+00,
4429,2.56e-01,9.00e+00,
4430,2.56e-01,9.00e+00,
4431,2.64e-01,9.00e+00,
4432,2.56e-01,9.00e+00,
4433,2.56e-01,9.00e+00,
4434,2.64e-01,9.00e+00,
4435,2.64e-01,9.00e+00,
4436,2.56e-01,9.00e+00,
4437,2.56e-01,9.00e+00,
4438,2.56e-01,9.00e+00,
4439,2.64e-01,9.00e+00,
4440,2.56e-01,9.00e+00,
4441,2.56e-01,9.00e+00,
4442,2.56e-01,9.00e+00,
4443,2.56e-01,9.00e+00,
4444,2.56e-01,9.00e+00,
4445,2.56e-01,9.00e+00,
4446,2.56e-01,9.00e+00,
4447,2.64e-01,9.00e+00,
4448,2.56e-01,9.00e+00,
4449,2.56e-01,9.00e+00,
4450,2.56e-01,9.00e+00,
4451,2.56e-01,9.00e+00,
4452,2.56e-01,9.00e+00,
4453,2.56e-01,9.00e+00,
4454,2.56e-01,9.00e+00,
4455,2.56e-01,9.00e+00,
4456,2.56e-01,9.00e+00,
4457,2.56e-01,9.00e+00,
4458,2.56e-01,9.00e+00,
4459,2.56e-01,9.00e+00,
4460,2.56e-01,8.80e+00,
4461,2.56e-01,9.00e+00,
4462,2.56e-01,9.00e+00,
4463,2.56e-01,9.00e+00,
4464,2.56e-01,9.00e+00,
4465,2.56e-01,9.00e+00,
4466,2.56e-01,9.00e+00,
4467,2.56e-01,9.00e+00,
4468,2.48e-01,9.00e+00,
4469,2.56e-01,9.00e+00,
4470,2.56e-01,9.00e+00,
4471,2.56e-01,9.00e+00,
4472,2.48e-01,9.00e+00,
4473,2.48e-01,9.00e+00,
4474,2.48e-01,9.00e+00,
4475,2.56e-01,9.00e+00,
4476,2.48e-01,9.00e+00,
4477,2.48e-01,9.00e+00,
4478,2.48e-01,9.00e+00,
4479,2.56e-01,9.00e+00,
4480,2.48e-01,9.00e+00,
4481,2.48e-01,9.00e+00,
4482,2.48e-01,9.00e+00,
4483,2.48e-01,9.00e+00,
4484,2.48e-01,9.00e+00,
4485,2.48e-01,9.00e+00,
4486,2.48e-01,9.00e+00,
4487,2.48e-01,9.00e+00,
4488,2.48e-01,9.00e+00,
4489,2.48e-01,9.00e+00,
4490,2.48e-01,9.00e+00,
4491,2.48e-01,9.00e+00,
4492,2.48e-01,9.00e+00,
4493,2.48e-01,9.00e+00,
4494,2.48e-01,9.00e+00,
4495,2.48e-01,9.00e+00,
4496,2.48e-01,9.00e+00,
4497,2.48e-01,9.00e+00,
4498,2.48e-01,9.00e+00,
4499,2.48e-01,9.00e+00,
4500,2.48e-01,9.00e+00,
4501,2.48e-01,9.00e+00,
4502,2.48e-01,9.00e+00,
4503,2.48e-01,9.00e+00,
4504,2.48e-01,9.00e+00,
4505,2.48e-01,9.00e+00,
4506,2.48e-01,9.00e+00,
4507,2.48e-01,9.00e+00,
4508,2.48e-01,9.00e+00,
4509,2.48e-01,9.00e+00,
4510,2.48e-01,9.00e+00,
4511,2.48e-01,9.00e+00,
4512,2.40e-01,9.00e+00,
4513,2.40e-01,9.00e+00,
4514,2.48e-01,9.00e+00,
4515,2.48e-01,9.00e+00,
4516,2.40e-01,9.00e+00,
4517,2.40e-01,9.00e+00,
4518,2.40e-01,9.00e+00,
4519,2.48e-01,9.00e+00,
4520,2.40e-01,9.00e+00,
4521,2.40e-01,9.00e+00,
4522,2.40e-01,9.00e+00,
4523,2.40e-01,9.00e+00,
4524,2.40e-01,9.00e+00,
4525,2.40e-01,9.00e+00,
4526,2.40e-01,9.00e+00,
4527,2.40e-01,9.00e+00,
4528,2.40e-01,9.00e+00,
4529,2.40e-01,9.00e+00,
4530,2.40e-01,9.00e+00,
4531,2.40e-01,9.00e+00,
4532,2.40e-01,8.80e+00,
4533,2.40e-01,9.00e+00,
4534,2.40e-01,9.00e+00,
4535,2.40e-01,9.20e+00,
4536,2.40e-01,9.00e+00,
4537,2.40e-01,9.00e+00,
4538,2.40e-01,9.00e+00,
4539,2.40e-01,9.20e+00,
4540,2.40e-01,9.00e+00,
4541,2.40e-01,9.00e+00,
4542,2.40e-01,9.00e+00,
4543,2.40e-01,9.00e+00,
4544,2.40e-01,9.00e+00,
4545,2.40e-01,9.00e+00,
4546,2.40e-01,9.00e+00,
4547,2.40e-01,9.00e+00,
4548,2.40e-01,9.00e+00,
4549,2.40e-01,9.00e+00,
4550,2.40e-01,9.00e+00,
4551,2.40e-01,9.00e+00,
4552,2.40e-01,9.00e+00,
4553,2.40e-01,9.00e+00,
4554,2.40e-01,9.00e+00,
4555,2.40e-01,9.00e+00,
4556,2.32e-01,9.00e+00,
4557,2.32e-01,9.00e+00,
4558,2.32e-01,9.00e+00,
4559,2.40e-01,9.00e+00,
4560,2.40e-01,9.00e+00,
4561,2.32e-01,9.00e+00,
4562,2.40e-01,9.00e+00,
4563,2.32e-01,9.00e+00,
4564,2.32e-01,8.80e+00,
4565,2.32e-01,9.00e+00,
4566,2.32e-01,9.00e+00,
4567,2.40e-01,9.00e+00,
4568,2.32e-01,9.00e+00,
4569,2.32e-01,9.00e+00,
4570,2.32e-01,9.00e+00,
4571,2.40e-01,9.00e+00,
4572,2.32e-01,9.00e+00,
4573,2.32e-01,9.00e+00,
4574,2.32e-01,9.00e+00,
4575,2.32e-01,9.20e+00,
4576,2.32e-01,9.00e+00,
4577,2.32e-01,9.00e+00,
4578,2.32e-01,8.80e+00,
4579,2.32e-01,9.00e+00,
4580,2.32e-01,9.00e+00,
4581,2.32e-01,9.00e+00,
4582,2.32e-01,9.00e+00,
4583,2.32e-01,9.00e+00,
4584,2.32e-01,9.00e+00,
4585,2.32e-01,9.00e+00,
4586,2.32e-01,9.00e+00,
4587,2.32e-01,9.00e+00,
4588,2.32e-01,9.00e+00,
4589,2.32e-01,9.00e+00,
4590,2.32e-01,9.00e+00,
4591,2.32e-01,9.00e+00,
4592,2.32e-01,9.00e+00,
4593,2.32e-01,9.00e+00,
4594,2.32e-01,9.00e+00,
4595,2.32e-01,9.00e+00,
4596,2.32e-01,9.00e+00,
4597,2.32e-01,9.20e+00,
4598,2.32e-01,9.00e+00,
4599,2.32e-01,9.00e+00,
4600,2.32e-01,9.00e+00,
4601,2.32e-01,9.00e+00,
4602,2.32e-01,9.00e+00,
4603,2.32e-01,9.20e+00,
4604,2.32e-01,9.00e+00,
4605,2.32e-01,9.00e+00,
4606,2.32e-01,9.00e+00,
4607,2.32e-01,9.00e+00,
4608,2.32e-01,9.00e+00,
4609,2.32e-01,9.00e+00,
4610,2.32e-01,9.00e+00,
4611,2.32e-01,9.00e+00,
4612,2.32e-01,9.00e+00,
4613,2.24e-01,9.00e+00,
4614,2.32e-01,9.00e+00,
4615,2.32e-01,9.00e+00,
4616,2.24e-01,9.00e+00,
4617,2.24e-01,9.00e+00,
4618,2.32e-01,9.00e+00,
4619,2.32e-01,9.00e+00,
4620,2.24e-01,9.00e+00,
4621,2.24e-01,9.00e+00,
4622,2.24e-01,9.00e+00,
4623,2.32e-01,9.20e+00,
4624,2.24e-01,9.00e+00,
4625,2.24e-01,9.00e+00,
4626,2.32e-01,9.00e+00,
4627,2.32e-01,9.00e+00,
4628,2.24e-01,9.00e+00,
4629,2.32e-01,9.00e+00,
4630,2.24e-01,9.00e+00,
4631,2.32e-01,9.00e+00,
4632,2.24e-01,9.00e+00,
4633,2.24e-01,9.00e+00,
4634,2.24e-01,9.00e+00,
4635,2.24e-01,9.00e+00,
4636,2.24e-01,9.00e+00,
4637,2.24e-01,9.00e+00,
4638,2.24e-01,9.00e+00,
4639,2.24e-01,9.00e+00,
4640,2.24e-01,9.00e+00,
4641,2.24e-01,9.00e+00,
4642,2.24e-01,9.00e+00,
4643,2.24e-01,9.00e+00,
4644,2.24e-01,9.00e+00,
4645,2.24e-01,9.00e+00,
4646,2.24e-01,9.00e+00,
4647,2.24e-01,9.00e+00,
4648,2.24e-01,9.00e+00,
4649,2.24e-01,9.00e+00,
4650,2.24e-01,9.00e+00,
4651,2.24e-01,9.00e+00,
4652,2.24e-01,9.00e+00,
4653,2.24e-01,9.00e+00,
4654,2.24e-01,9.00e+00,
4655,2.24e-01,9.00e+00,
4656,2.24e-01,9.00e+00,
4657,2.24e-01,9.00e+00,
4658,2.24e-01,9.00e+00,
4659,2.24e-01,9.00e+00,
4660,2.24e-01,9.00e+00,
4661,2.24e-01,9.00e+00,
4662,2.24e-01,9.00e+00,
4663,2.24e-01,9.00e+00,
4664,2.24e-01,9.00e+00,
4665,2.24e-01,9.00e+00,
4666,2.24e-01,9.00e+00,
4667,2.24e-01,9.00e+00,
4668,2.24e-01,9.00e+00,
4669,2.24e-01,9.00e+00,
4670,2.24e-01,9.00e+00,
4671,2.24e-01,9.00e+00,
4672,2.24e-01,9.00e+00,
4673,2.24e-01,9.00e+00,
4674,2.24e-01,9.00e+00,
4675,2.24e-01,9.00e+00,
4676,2.24e-01,8.80e+00,
4677,2.24e-01,9.00e+00,
4678,2.24e-01,9.00e+00,
4679,2.24e-01,9.00e+00,
4680,2.24e-01,9.00e+00,
4681,2.24e-01,9.00e+00,
4682,2.24e-01,9.00e+00,
4683,2.24e-01,9.00e+00,
4684,2.24e-01,9.00e+00,
4685,2.24e-01,9.00e+00,
4686,2.24e-01,9.00e+00,
4687,2.24e-01,9.00e+00,
4688,2.24e-01,9.00e+00,
4689,2.24e-01,9.00e+00,
4690,2.24e-01,9.00e+00,
4691,2.24e-01,9.00e+00,
4692,2.24e-01,9.00e+00,
4693,2.16e-01,9.00e+00,
4694,2.24e-01,9.00e+00,
4695,2.24e-01,9.00e+00,
4696,2.16e-01,9.00e+00,
4697,2.24e-01,9.00e+00,
4698,2.24e-01,9.00e+00,
4699,2.24e-01,9.00e+00,
4700,2.16e-01,8.80e+00,
4701,2.24e-01,9.00e+00,
4702,2.16e-01,9.00e+00,
4703,2.24e-01,9.00e+00,
4704,2.24e-01,9.00e+00,
4705,2.24e-01,9.00e+00,
4706,2.24e-01,9.00e+00,
4707,2.24e-01,9.00e+00,
4708,2.16e-01,9.00e+00,
4709,2.16e-01,9.00e+00,
4710,2.16e-01,9.00e+00,
4711,2.24e-01,9.00e+00,
4712,2.16e-01,9.00e+00,
4713,2.16e-01,9.00e+00,
4714,2.24e-01,9.00e+00,
4715,2.24e-01,9.00e+00,
4716,2.16e-01,9.00e+00,
4717,2.16e-01,9.00e+00,
4718,2.16e-01,9.00e+00,
4719,2.24e-01,9.00e+00,
4720,2.16e-01,9.00e+00,
4721,2.16e-01,9.00e+00,
4722,2.16e-01,9.00e+00,
4723,2.24e-01,9.00e+00,
4724,2.16e-01,9.00e+00,
4725,2.16e-01,9.00e+00,
4726,2.16e-01,9.00e+00,
4727,2.24e-01,8.80e+00,
4728,2.16e-01,9.00e+00,
4729,2.16e-01,9.00e+00,
4730,2.16e-01,8.80e+00,
4731,2.16e-01,9.00e+00,
4732,2.16e-01,9.00e+00,
4733,2.16e-01,9.00e+00,
4734,2.16e-01,9.00e+00,
4735,2.16e-01,9.00e+00,
4736,2.16e-01,9.00e+00,
4737,2.16e-01,9.00e+00,
4738,2.16e-01,8.80e+00,
4739,2.16e-01,9.00e+00,
4740,2.16e-01,9.00e+00,
4741,2.16e-01,9.00e+00,
4742,2.16e-01,9.00e+00,
4743,2.16e-01,9.00e+00,
4744,2.16e-01,9.00e+00,
4745,2.16e-01,9.00e+00,
4746,2.16e-01,9.00e+00,
4747,2.16e-01,9.00e+00,
4748,2.16e-01,8.80e+00,
4749,2.16e-01,9.00e+00,
4750,2.16e-01,9.00e+00,
4751,2.16e-01,9.00e+00,
4752,2.16e-01,9.00e+00,
4753,2.16e-01,9.00e+00,
4754,2.16e-01,9.00e+00,
4755,2.16e-01,9.00e+00,
4756,2.16e-01,9.00e+00,
4757,2.16e-01,9.00e+00,
4758,2.16e-01,9.00e+00,
4759,2.16e-01,9.00e+00,
4760,2.16e-01,9.00e+00,
4761,2.16e-01,8.80e+00,
4762,2.16e-01,9.00e+00,
4763,2.16e-01,9.00e+00,
4764,2.16e-01,9.00e+00,
4765,2.16e-01,9.00e+00,
4766,2.16e-01,9.00e+00,
4767,2.16e-01,9.00e+00,
4768,2.16e-01,9.00e+00,
4769,2.16e-01,9.00e+00,
4770,2.16e-01,9.00e+00,
4771,2.16e-01,9.00e+00,
4772,2.16e-01,9.00e+00,
4773,2.16e-01,9.00e+00,
4774,2.16e-01,9.00e+00,
4775,2.16e-01,9.00e+00,
4776,2.16e-01,9.00e+00,
4777,2.16e-01,9.00e+00,
4778,2.16e-01,9.00e+00,
4779,2.16e-01,9.00e+00,
4780,2.16e-01,9.00e+00,
4781,2.16e-01,9.00e+00,
4782,2.16e-01,9.00e+00,
4783,2.16e-01,9.00e+00,
4784,2.16e-01,9.00e+00,
4785,2.16e-01,9.00e+00,
4786,2.16e-01,9.00e+00,
4787,2.16e-01,9.00e+00,
4788,2.16e-01,8.80e+00,
4789,2.16e-01,9.00e+00,
4790,2.16e-01,9.00e+00,
4791,2.16e-01,9.00e+00,
4792,2.16e-01,9.00e+00,
4793,2.16e-01,9.00e+00,
4794,2.16e-01,9.00e+00,
4795,2.16e-01,9.00e+00,
4796,2.16e-01,9.00e+00,
4797,2.16e-01,9.00e+00,
4798,2.16e-01,9.00e+00,
4799,2.16e-01,9.20e+00,
4800,2.16e-01,9.00e+00,
4801,2.16e-01,9.00e+00,
4802,2.16e-01,9.00e+00,
4803,2.16e-01,9.00e+00,
4804,2.08e-01,9.00e+00,
4805,2.16e-01,9.00e+00,
4806,2.16e-01,9.00e+00,
4807,2.16e-01,9.00e+00,
4808,2.16e-01,9.00e+00,
4809,2.16e-01,9.00e+00,
4810,2.16e-01,8.80e+00,
4811,2.16e-01,9.00e+00,
4812,2.08e-01,9.00e+00,
4813,2.08e-01,9.00e+00,
4814,2.16e-01,9.00e+00,
4815,2.16e-01,9.00e+00,
4816,2.16e-01,9.00e+00,
4817,2.16e-01,9.00e+00,
4818,2.16e-01,9.00e+00,
4819,2.16e-01,9.00e+00,
4820,2.08e-01,8.80e+00,
4821,2.16e-01,9.00e+00,
4822,2.08e-01,9.00e+00,
4823,2.16e-01,9.00e+00,
4824,2.08e-01,9.00e+00,
4825,2.16e-01,9.00e+00,
4826,2.16e-01,9.00e+00,
4827,2.16e-01,9.00e+00,
4828,2.08e-01,9.00e+00,
4829,2.08e-01,9.00e+00,
4830,2.08e-01,9.00e+00,
4831,2.16e-01,9.00e+00,
4832,2.08e-01,9.00e+00,
4833,2.16e-01,9.00e+00,
4834,2.16e-01,9.00e+00,
4835,2.16e-01,9.00e+00,
4836,2.08e-01,9.00e+00,
4837,2.08e-01,9.00e+00,
4838,2.08e-01,9.00e+00,
4839,2.16e-01,9.00e+00,
4840,2.08e-01,9.00e+00,
4841,2.16e-01,9.00e+00,
4842,2.08e-01,9.00e+00,
4843,2.16e-01,9.00e+00,
4844,2.08e-01,9.00e+00,
4845,2.08e-01,9.00e+00,
4846,2.08e-01,9.00e+00,
4847,2.16e-01,9.00e+00,
4848,2.08e-01,8.80e+00,
4849,2.08e-01,9.00e+00,
4850,2.16e-01,9.00e+00,
4851,2.16e-01,9.00e+00,
4852,2.08e-01,9.00e+00,
4853,2.08e-01,9.00e+00,
4854,2.08e-01,9.00e+00,
4855,2.16e-01,9.00e+00,
4856,2.08e-01,9.00e+00,
4857,2.08e-01,9.00e+00,
4858,2.08e-01,9.00e+00,
4859,2.16e-01,9.00e+00,
4860,2.08e-01,8.80e+00,
4861,2.08e-01,9.00e+00,
4862,2.08e-01,9.00e+00,
4863,2.16e-01,9.00e+00,
4864,2.08e-01,9.00e+00,
4865,2.08e-01,9.00e+00,
4866,2.08e-01,9.00e+00,
4867,2.16e-01,9.00e+00,
4868,2.08e-01,9.00e+00,
4869,2.08e-01,9.00e+00,
4870,2.08e-01,9.00e+00,
4871,2.08e-01,9.00e+00,
4872,2.08e-01,9.00e+00,
4873,2.08e-01,9.00e+00,
4874,2.08e-01,9.00e+00,
4875,2.16e-01,9.00e+00,
4876,2.08e-01,8.80e+00,
4877,2.08e-01,9.00e+00,
4878,2.08e-01,9.00e+00,
4879,2.08e-01,9.00e+00,
4880,2.08e-01,9.00e+00,
4881,2.08e-01,9.00e+00,
4882,2.08e-01,9.00e+00,
4883,2.08e-01,9.00e+00,
4884,2.08e-01,9.00e+00,
4885,2.08e-01,9.00e+00,
4886,2.08e-01,9.00e+00,
4887,2.08e-01,9.00e+00,
4888,2.08e-01,9.00e+00,
4889,2.08e-01,9.00e+00,
4890,2.08e-01,9.00e+00,
4891,2.08e-01,9.00e+00,
4892,2.08e-01,8.80e+00,
4893,2.08e-01,9.00e+00,
4894,2.08e-01,9.00e+00,
4895,2.08e-01,9.00e+00,
4896,2.08e-01,9.00e+00,
4897,2.08e-01,9.00e+00,
4898,2.08e-01,9.00e+00,
4899,2.08e-01,9.00e+00,
4900,2.08e-01,8.80e+00,
4901,2.08e-01,9.00e+00,
4902,2.08e-01,9.00e+00,
4903,2.08e-01,9.00e+00,
4904,2.08e-01,9.00e+00,
4905,2.08e-01,9.00e+00,
4906,2.08e-01,9.00e+00,
4907,2.08e-01,9.00e+00,
4908,2.08e-01,9.00e+00,
4909,2.08e-01,9.00e+00,
4910,2.08e-01,9.00e+00,
4911,2.08e-01,9.00e+00,
4912,2.08e-01,9.00e+00,
4913,2.08e-01,9.00e+00,
4914,2.08e-01,9.00e+00,
4915,2.08e-01,9.00e+00,
4916,2.08e-01,8.80e+00,
4917,2.00e-01,9.00e+00,
4918,2.08e-01,9.00e+00,
4919,2.08e-01,9.00e+00,
4920,2.08e-01,9.00e+00,
4921,2.08e-01,9.00e+00,
4922,2.08e-01,9.00e+00,
4923,2.08e-01,9.00e+00,
4924,2.00e-01,8.80e+00,
4925,2.08e-01,9.00e+00,
4926,2.00e-01,9.00e+00,
4927,2.08e-01,9.00e+00,
4928,2.00e-01,9.00e+00,
4929,2.08e-01,9.00e+00,
4930,2.08e-01,8.80e+00,
4931,2.08e-01,9.00e+00,
4932,2.00e-01,8.80e+00,
4933,2.00e-01,9.00e+00,
4934,2.00e-01,8.80e+00,
4935,2.08e-01,9.00e+00,
4936,2.00e-01,8.80e+00,
4937,2.00e-01,9.00e+00,
4938,2.00e-01,9.00e+00,
4939,2.08e-01,9.20e+00,
4940,2.00e-01,8.80e+00,
4941,2.00e-01,9.00e+00,
4942,2.00e-01,9.00e+00,
4943,2.00e-01,9.00e+00,
4944,2.00e-01,9.00e+00,
4945,2.00e-01,9.00e+00,
4946,2.00e-01,9.00e+00,
4947,2.00e-01,9.00e+00,
4948,2.00e-01,9.00e+00,
4949,2.00e-01,9.00e+00,
4950,2.00e-01,9.00e+00,
4951,2.08e-01,9.00e+00,
4952,2.00e-01,8.80e+00,
4953,2.00e-01,9.00e+00,
4954,2.00e-01,9.00e+00,
4955,2.00e-01,9.00e+00,
4956,2.00e-01,9.00e+00,
4957,2.00e-01,9.00e+00,
4958,2.00e-01,9.00e+00,
4959,2.00e-01,9.00e+00,
4960,2.00e-01,9.00e+00,
4961,2.00e-01,9.00e+00,
4962,2.00e-01,9.00e+00,
4963,2.00e-01,9.00e+00,
4964,2.00e-01,9.00e+00,
4965,2.00e-01,9.00e+00,
4966,2.00e-01,8.80e+00,
4967,2.00e-01,9.00e+00,
4968,2.00e-01,9.00e+00,
4969,2.00e-01,9.00e+00,
4970,2.00e-01,9.00e+00,
4971,2.00e-01,9.00e+00,
4972,2.00e-01,9.00e+00,
4973,2.00e-01,9.00e+00,
4974,2.00e-01,9.00e+00,
4975,2.00e-01,9.00e+00,
4976,2.00e-01,9.00e+00,
4977,2.00e-01,9.00e+00,
4978,2.00e-01,8.80e+00,
4979,2.00e-01,9.00e+00,
4980,2.00e-01,9.00e+00,
4981,2.00e-01,9.00e+00,
4982,2.00e-01,9.00e+00,
4983,2.00e-01,9.00e+00,
4984,2.00e-01,9.00e+00,
4985,2.00e-01,9.00e+00,
4986,2.00e-01,9.00e+00,
4987,2.00e-01,9.00e+00,
4988,1.92e-01,9.00e+00,
4989,2.00e-01,9.00e+00,
4990,2.00e-01,9.00e+00,
4991,2.00e-01,8.80e+00,
4992,1.92e-01,9.00e+00,
4993,2.00e-01,9.00e+00,
4994,2.00e-01,9.00e+00,
4995,2.00e-01,9.00e+00,
4996,1.92e-01,8.80e+00,
4997,1.92e-01,9.00e+00,
4998,2.00e-01,9.00e+00,
4999,2.00e-01,9.00e+00,
5000,1.92e-01,9.00e+00,
5001,2.00e-01,9.00e+00,
5002,2.00e-01,9.00e+00,
5003,2.00e-01,9.00e+00,
5004,1.92e-01,9.00e+00,
5005,1.92e-01,9.00e+00,
5006,1.92e-01,9.00e+00,
5007,2.00e-01,9.00e+00,
5008,1.92e-01,9.00e+00,
5009,1.92e-01,9.00e+00,
5010,1.92e-01,9.00e+00,
5011,1.92e-01,9.00e+00,
5012,1.92e-01,9.00e+00,
5013,1.92e-01,9.00e+00,
5014,1.92e-01,9.00e+00,
5015,1.92e-01,9.00e+00,
5016,1.92e-01,9.00e+00,
5017,1.92e-01,9.00e+00,
5018,1.92e-01,9.00e+00,
5019,2.00e-01,9.00e+00,
5020,1.92e-01,8.80e+00,
5021,1.92e-01,9.00e+00,
5022,1.92e-01,9.00e+00,
5023,1.92e-01,9.00e+00,
5024,1.92e-01,9.00e+00,
5025,1.92e-01,9.00e+00,
5026,1.92e-01,9.00e+00,
5027,1.92e-01,9.00e+00,
5028,1.92e-01,8.80e+00,
5029,1.92e-01,9.00e+00,
5030,1.92e-01,9.00e+00,
5031,1.92e-01,9.00e+00,
5032,1.92e-01,9.00e+00,
5033,1.92e-01,9.00e+00,
5034,1.92e-01,9.00e+00,
5035,1.92e-01,9.00e+00,
5036,1.92e-01,9.00e+00,
5037,1.92e-01,9.00e+00,
5038,1.92e-01,9.00e+00,
5039,1.92e-01,9.00e+00,
5040,1.92e-01,8.80e+00,
5041,1.92e-01,9.00e+00,
5042,1.92e-01,8.80e+00,
5043,1.92e-01,9.00e+00,
5044,1.84e-01,9.00e+00,
5045,1.92e-01,9.00e+00,
5046,1.92e-01,9.00e+00,
5047,1.92e-01,9.00e+00,
5048,1.84e-01,9.00e+00,
5049,1.92e-01,9.20e+00,
5050,1.92e-01,9.00e+00,
5051,1.92e-01,9.00e+00,
5052,1.84e-01,8.80e+00,
5053,1.84e-01,9.00e+00,
5054,1.84e-01,9.00e+00,
5055,1.92e-01,9.00e+00,
5056,1.84e-01,9.00e+00,
5057,1.84e-01,9.00e+00,
5058,1.84e-01,8.80e+00,
5059,1.92e-01,9.00e+00,
5060,1.84e-01,9.00e+00,
5061,1.84e-01,9.00e+00,
5062,1.84e-01,8.80e+00,
5063,1.84e-01,8.80e+00,
5064,1.84e-01,9.00e+00,
5065,1.84e-01,9.00e+00,
5066,1.84e-01,9.00e+00,
5067,1.84e-01,9.00e+00,
5068,1.84e-01,9.00e+00,
5069,1.84e-01,9.00e+00,
5070,1.84e-01,8.80e+00,
5071,1.84e-01,9.00e+00,
5072,1.84e-01,9.00e+00,
5073,1.84e-01,9.00e+00,
5074,1.84e-01,9.00e+00,
5075,1.84e-01,9.00e+00,
5076,1.84e-01,9.00e+00,
5077,1.84e-01,9.00e+00,
5078,1.84e-01,9.00e+00,
5079,1.84e-01,9.00e+00,
5080,1.84e-01,9.00e+00,
5081,1.84e-01,9.00e+00,
5082,1.84e-01,9.00e+00,
5083,1.84e-01,9.00e+00,
5084,1.84e-01,8.80e+00,
5085,1.84e-01,9.00e+00,
5086,1.84e-01,8.80e+00,
5087,1.84e-01,9.00e+00,
5088,1.84e-01,9.00e+00,
5089,1.84e-01,9.00e+00,
5090,1.84e-01,9.00e+00,
5091,1.84e-01,9.00e+00,
5092,1.76e-01,8.80e+00,
5093,1.76e-01,9.00e+00,
5094,1.76e-01,9.00e+00,
5095,1.84e-01,9.00e+00,
5096,1.76e-01,9.00e+00,
5097,1.76e-01,9.00e+00,
5098,1.84e-01,9.00e+00,
5099,1.84e-01,9.00e+00,
5100,1.76e-01,8.80e+00,
5101,1.76e-01,9.00e+00,
5102,1.76e-01,8.80e+00,
5103,1.76e-01,9.00e+00,
5104,1.76e-01,8.80e+00,
5105,1.76e-01,9.00e+00,
5106,1.76e-01,9.00e+00,
5107,1.76e-01,9.00e+00,
5108,1.76e-01,8.80e+00,
5109,1.76e-01,9.00e+00,
5110,1.76e-01,9.00e+00,
5111,1.76e-01,9.00e+00,
5112,1.76e-01,9.00e+00,
5113,1.76e-01,9.00e+00,
5114,1.76e-01,8.80e+00,
5115,1.76e-01,9.00e+00,
5116,1.76e-01,8.80e+00,
5117,1.76e-01,9.00e+00,
5118,1.76e-01,9.00e+00,
5119,1.76e-01,9.00e+00,
5120,1.76e-01,9.00e+00,
5121,1.76e-01,9.00e+00,
5122,1.76e-01,9.00e+00,
5123,1.76e-01,9.00e+00,
5124,1.76e-01,9.00e+00,
5125,1.76e-01,9.00e+00,
5126,1.76e-01,8.80e+00,
5127,1.76e-01,9.00e+00,
5128,1.76e-01,9.00e+00,
5129,1.76e-01,9.00e+00,
5130,1.76e-01,8.80e+00,
5131,1.76e-01,9.00e+00,
5132,1.68e-01,8.80e+00,
5133,1.68e-01,9.00e+00,
5134,1.68e-01,9.00e+00,
5135,1.76e-01,9.00e+00,
5136,1.68e-01,9.00e+00,
5137,1.68e-01,9.00e+00,
5138,1.76e-01,9.00e+00,
5139,1.76e-01,9.00e+00,
5140,1.68e-01,8.80e+00,
5141,1.68e-01,9.00e+00,
5142,1.68e-01,9.00e+00,
5143,1.68e-01,9.00e+00,
5144,1.68e-01,9.00e+00,
5145,1.68e-01,8.80e+00,
5146,1.68e-01,9.00e+00,
5147,1.68e-01,9.00e+00,
5148,1.68e-01,9.00e+00,
5149,1.68e-01,9.00e+00,
5150,1.68e-01,8.80e+00,
5151,1.68e-01,9.00e+00,
5152,1.68e-01,9.00e+00,
5153,1.68e-01,9.00e+00,
5154,1.68e-01,8.80e+00,
5155,1.68e-01,9.00e+00,
5156,1.68e-01,8.80e+00,
5157,1.68e-01,8.80e+00,
5158,1.68e-01,9.00e+00,
5159,1.68e-01,9.00e+00,
5160,1.68e-01,8.80e+00,
5161,1.60e-01,9.00e+00,
5162,1.68e-01,9.00e+00,
5163,1.68e-01,9.00e+00,
5164,1.68e-01,8.80e+00,
5165,1.68e-01,9.00e+00,
5166,1.68e-01,8.80e+00,
5167,1.68e-01,9.00e+00,
5168,1.68e-01,8.80e+00,
5169,1.68e-01,9.00e+00,
5170,1.68e-01,9.00e+00,
5171,1.68e-01,9.00e+00,
5172,1.68e-01,9.00e+00,
5173,1.60e-01,9.00e+00,
5174,1.68e-01,9.00e+00,
5175,1.68e-01,9.00e+00,
5176,1.60e-01,9.00e+00,
5177,1.60e-01,9.00e+00,
5178,1.68e-01,8.80e+00,
5179,1.68e-01,9.00e+00,
5180,1.60e-01,8.80e+00,
5181,1.60e-01,9.00e+00,
5182,1.60e-01,9.00e+00,
5183,1.60e-01,9.00e+00,
5184,1.60e-01,8.80e+00,
5185,1.60e-01,9.00e+00,
5186,1.60e-01,8.80e+00,
5187,1.60e-01,8.80e+00,
5188,1.60e-01,8.80e+00,
5189,1.60e-01,9.00e+00,
5190,1.60e-01,9.00e+00,
5191,1.68e-01,9.00e+00,
5192,1.60e-01,9.00e+00,
5193,1.60e-01,8.80e+00,
5194,1.60e-01,9.00e+00,
5195,1.60e-01,9.00e+00,
5196,1.60e-01,8.80e+00,
5197,1.60e-01,9.00e+00,
5198,1.60e-01,9.00e+00,
5199,1.60e-01,9.00e+00,
5200,1.60e-01,8.80e+00,
5201,1.60e-01,9.00e+00,
5202,1.60e-01,8.80e+00,
5203,1.60e-01,9.00e+00,
5204,1.60e-01,8.80e+00,
5205,1.60e-01,9.00e+00,
5206,1.60e-01,9.00e+00,
5207,1.60e-01,9.00e+00,
5208,1.60e-01,8.80e+00,
5209,1.60e-01,9.00e+00,
5210,1.60e-01,8.80e+00,
5211,1.60e-01,9.00e+00,
5212,1.60e-01,8.80e+00,
5213,1.60e-01,9.00e+00,
5214,1.60e-01,9.00e+00,
5215,1.60e-01,8.80e+00,
5216,1.60e-01,9.00e+00,
5217,1.60e-01,9.00e+00,
5218,1.60e-01,8.80e+00,
5219,1.60e-01,9.00e+00,
5220,1.52e-01,9.00e+00,
5221,1.52e-01,9.00e+00,
5222,1.52e-01,9.00e+00,
5223,1.60e-01,9.00e+00,
5224,1.52e-01,9.00e+00,
5225,1.52e-01,9.00e+00,
5226,1.60e-01,8.80e+00,
5227,1.60e-01,9.00e+00,
5228,1.52e-01,8.80e+00,
5229,1.52e-01,9.00e+00,
5230,1.52e-01,9.00e+00,
5231,1.60e-01,9.00e+00,
5232,1.52e-01,9.00e+00,
5233,1.52e-01,8.80e+00,
5234,1.52e-01,8.80e+00,
5235,1.52e-01,9.00e+00,
5236,1.52e-01,9.00e+00,
5237,1.52e-01,9.00e+00,
5238,1.52e-01,9.00e+00,
5239,1.52e-01,8.80e+00,
5240,1.52e-01,8.80e+00,
5241,1.52e-01,8.80e+00,
5242,1.52e-01,9.00e+00,
5243,1.52e-01,8.80e+00,
5244,1.52e-01,8.80e+00,
5245,1.52e-01,9.00e+00,
5246,1.52e-01,9.00e+00,
5247,1.52e-01,8.80e+00,
5248,1.52e-01,9.00e+00,
5249,1.52e-01,9.00e+00,
5250,1.52e-01,8.80e+00,
5251,1.52e-01,9.00e+00,
5252,1.52e-01,9.00e+00,
5253,1.52e-01,8.80e+00,
5254,1.52e-01,9.00e+00,
5255,1.52e-01,9.00e+00,
5256,1.52e-01,8.80e+00,
5257,1.52e-01,9.00e+00,
5258,1.52e-01,8.80e+00,
5259,1.52e-01,9.00e+00,
5260,1.36e-01,8.80e+00,
5261,1.52e-01,9.00e+00,
5262,1.52e-01,9.00e+00,
5263,1.52e-01,9.00e+00,
5264,1.52e-01,9.00e+00,
5265,1.52e-01,9.00e+00,
5266,1.52e-01,9.00e+00,
5267,1.52e-01,9.00e+00,
5268,1.36e-01,9.00e+00,
5269,1.36e-01,9.00e+00,
5270,1.52e-01,9.00e+00,
5271,1.52e-01,9.00e+00,
5272,1.36e-01,9.00e+00,
5273,1.36e-01,9.00e+00,
5274,1.52e-01,8.80e+00,
5275,1.52e-01,9.00e+00,
5276,1.36e-01,8.80e+00,
5277,1.36e-01,9.00e+00,
5278,1.36e-01,8.80e+00,
5279,1.52e-01,9.00e+00,
5280,1.36e-01,8.80e+00,
5281,1.36e-01,9.00e+00,
5282,1.52e-01,8.80e+00,
5283,1.52e-01,9.00e+00,
5284,1.36e-01,8.80e+00,
5285,1.36e-01,9.00e+00,
5286,1.36e-01,9.00e+00,
5287,1.52e-01,9.00e+00,
5288,1.36e-01,8.80e+00,
5289,1.36e-01,9.00e+00,
5290,1.36e-01,8.80e+00,
5291,1.36e-01,8.80e+00,
5292,1.36e-01,8.80e+00,
5293,1.36e-01,9.00e+00,
5294,1.36e-01,8.80e+00,
5295,1.36e-01,8.80e+00,
5296,1.36e-01,8.80e+00,
5297,1.36e-01,8.80e+00,
5298,1.36e-01,8.80e+00,
5299,1.36e-01,9.00e+00,
5300,1.36e-01,8.80e+00,
5301,1.36e-01,9.00e+00,
5302,1.36e-01,8.80e+00,
5303,1.36e-01,9.00e+00,
5304,1.36e-01,9.00e+00,
5305,1.36e-01,9.00e+00,
5306,1.36e-01,8.80e+00,
5307,1.36e-01,9.00e+00,
5308,1.36e-01,8.80e+00,
5309,1.36e-01,9.00e+00,
5310,1.36e-01,9.00e+00,
5311,1.36e-01,8.80e+00,
5312,1.36e-01,8.80e+00,
5313,1.36e-01,9.00e+00,
5314,1.36e-01,9.00e+00,
5315,1.36e-01,9.00e+00,
5316,1.36e-01,8.80e+00,
5317,1.36e-01,9.00e+00,
5318,1.36e-01,9.00e+00,
5319,1.36e-01,8.80e+00,
5320,1.28e-01,8.80e+00,
5321,1.36e-01,9.00e+00,
5322,1.36e-01,9.00e+00,
5323,1.36e-01,9.00e+00,
5324,1.36e-01,8.80e+00,
5325,1.28e-01,9.00e+00,
5326,1.36e-01,9.00e+00,
5327,1.36e-01,8.80e+00,
5328,1.36e-01,8.80e+00,
5329,1.28e-01,8.80e+00,
5330,1.36e-01,9.00e+00,
5331,1.36e-01,9.00e+00,
5332,1.36e-01,8.80e+00,
5333,1.28e-01,9.00e+00,
5334,1.28e-01,9.00e+00,
5335,1.36e-01,9.00e+00,
5336,1.28e-01,8.80e+00,
5337,1.28e-01,8.80e+00,
5338,1.36e-01,9.00e+00,
5339,1.36e-01,9.00e+00,
5340,1.28e-01,8.80e+00,
5341,1.28e-01,9.00e+00,
5342,1.28e-01,8.80e+00,
5343,1.28e-01,9.00e+00,
5344,1.28e-01,8.80e+00,
5345,1.28e-01,8.80e+00,
5346,1.36e-01,8.80e+00,
5347,1.28e-01,9.00e+00,
5348,1.28e-01,9.00e+00,
5349,1.28e-01,9.00e+00,
5350,1.28e-01,8.80e+00,
5351,1.28e-01,8.80e+00,
5352,1.28e-01,9.00e+00,
5353,1.28e-01,9.00e+00,
5354,1.28e-01,9.00e+00,
5355,1.28e-01,9.00e+00,
5356,1.28e-01,9.00e+00,
5357,1.28e-01,9.00e+00,
5358,1.28e-01,9.00e+00,
5359,1.28e-01,9.00e+00,
5360,1.28e-01,9.00e+00,
5361,1.28e-01,8.80e+00,
5362,1.28e-01,8.80e+00,
5363,1.28e-01,8.80e+00,
5364,1.28e-01,9.00e+00,
5365,1.28e-01,9.00e+00,
5366,1.28e-01,8.80e+00,
5367,1.28e-01,9.00e+00,
5368,1.28e-01,8.80e+00,
5369,1.28e-01,9.00e+00,
5370,1.28e-01,9.00e+00,
5371,1.28e-01,9.00e+00,
5372,1.28e-01,9.00e+00,
5373,1.28e-01,9.00e+00,
5374,1.28e-01,9.00e+00,
5375,1.28e-01,9.00e+00,
5376,1.28e-01,8.80e+00,
5377,1.28e-01,9.00e+00,
5378,1.28e-01,9.00e+00,
5379,1.28e-01,9.00e+00,
5380,1.28e-01,8.80e+00,
5381,1.28e-01,9.00e+00,
5382,1.28e-01,8.80e+00,
5383,1.28e-01,9.00e+00,
5384,1.28e-01,9.00e+00,
5385,1.28e-01,9.00e+00,
5386,1.28e-01,8.80e+00,
5387,1.28e-01,9.00e+00,
5388,1.28e-01,8.80e+00,
5389,1.28e-01,9.00e+00,
5390,1.28e-01,8.80e+00,
5391,1.28e-01,8.80e+00,
5392,1.28e-01,8.80e+00,
5393,1.28e-01,9.00e+00,
5394,1.28e-01,8.80e+00,
5395,1.28e-01,8.80e+00,
5396,1.28e-01,8.80e+00,
5397,1.28e-01,9.00e+00,
5398,1.28e-01,8.80e+00,
5399,1.28e-01,8.80e+00,
5400,1.28e-01,8.80e+00,
5401,1.20e-01,9.00e+00,
5402,1.28e-01,9.00e+00,
5403,1.28e-01,9.00e+00,
5404,1.20e-01,8.80e+00,
5405,1.20e-01,9.00e+00,
5406,1.20e-01,9.00e+00,
5407,1.28e-01,8.80e+00,
5408,1.20e-01,8.80e+00,
5409,1.28e-01,8.80e+00,
5410,1.28e-01,8.80e+00,
5411,1.28e-01,9.00e+00,
5412,1.28e-01,8.80e+00,
5413,1.20e-01,9.00e+00,
5414,1.20e-01,8.80e+00,
5415,1.28e-01,9.00e+00,
5416,1.20e-01,9.00e+00,
5417,1.20e-01,8.80e+00,
5418,1.28e-01,8.80e+00,
5419,1.28e-01,9.00e+00,
5420,1.20e-01,8.80e+00,
5421,1.20e-01,9.00e+00,
5422,1.20e-01,8.80e+00,
5423,1.20e-01,8.80e+00,
5424,1.20e-01,8.80e+00,
5425,1.20e-01,9.00e+00,
5426,1.20e-01,8.80e+00,
5427,1.20e-01,9.00e+00,
5428,1.20e-01,8.80e+00,
5429,1.20e-01,8.80e+00,
5430,1.20e-01,8.80e+00,
5431,1.28e-01,8.80e+00,
5432,1.20e-01,8.80e+00,
5433,1.20e-01,9.00e+00,
5434,1.20e-01,8.80e+00,
5435,1.20e-01,9.00e+00,
5436,1.20e-01,8.80e+00,
5437,1.20e-01,9.00e+00,
5438,1.20e-01,8.80e+00,
5439,1.20e-01,9.00e+00,
5440,1.20e-01,9.00e+00,
5441,1.20e-01,9.00e+00,
5442,1.20e-01,8.80e+00,
5443,1.20e-01,9.00e+00,
5444,1.20e-01,8.80e+00,
5445,1.20e-01,8.80e+00,
5446,1.20e-01,8.80e+00,
5447,1.20e-01,9.00e+00,
5448,1.20e-01,9.00e+00,
5449,1.20e-01,9.00e+00,
5450,1.20e-01,8.80e+00,
5451,1.20e-01,9.00e+00,
5452,1.20e-01,8.80e+00,
5453,1.20e-01,8.80e+00,
5454,1.20e-01,9.00e+00,
5455,1.20e-01,9.00e+00,
5456,1.20e-01,8.80e+00,
5457,1.20e-01,9.00e+00,
5458,1.20e-01,8.80e+00,
5459,1.20e-01,9.00e+00,
5460,1.20e-01,8.80e+00,
5461,1.20e-01,9.00e+00,
5462,1.20e-01,8.80e+00,
5463,1.20e-01,8.80e+00,
5464,1.20e-01,9.00e+00,
5465,1.20e-01,9.00e+00,
5466,1.20e-01,9.00e+00,
5467,1.20e-01,9.00e+00,
5468,1.20e-01,8.80e+00,
5469,1.20e-01,9.00e+00,
5470,1.20e-01,8.80e+00,
5471,1.20e-01,8.80e+00,
5472,1.20e-01,8.80e+00,
5473,1.20e-01,9.00e+00,
5474,1.20e-01,8.80e+00,
5475,1.20e-01,8.80e+00,
5476,1.20e-01,8.80e+00,
5477,1.20e-01,9.00e+00,
5478,1.20e-01,8.80e+00,
5479,1.20e-01,9.00e+00,
5480,1.20e-01,8.80e+00,
5481,1.20e-01,9.00e+00,
5482,1.20e-01,8.80e+00,
5483,1.20e-01,9.00e+00,
5484,1.20e-01,8.80e+00,
5485,1.12e-01,8.80e+00,
5486,1.20e-01,8.80e+00,
5487,1.20e-01,9.00e+00,
5488,1.12e-01,8.80e+00,
5489,1.12e-01,9.00e+00,
5490,1.20e-01,8.80e+00,
5491,1.20e-01,8.80e+00,
5492,1.12e-01,8.80e+00,
5493,1.12e-01,8.80e+00,
5494,1.12e-01,8.80e+00,
5495,1.20e-01,8.80e+00,
5496,1.12e-01,8.80e+00,
5497,1.20e-01,8.80e+00,
5498,1.20e-01,8.80e+00,
5499,1.12e-01,9.00e+00,
5500,1.12e-01,8.80e+00,
5501,1.12e-01,9.00e+00,
5502,1.12e-01,8.80e+00,
5503,1.20e-01,9.00e+00,
5504,1.12e-01,9.00e+00,
5505,1.12e-01,9.00e+00,
5506,1.20e-01,8.80e+00,
5507,1.12e-01,9.00e+00,
5508,1.12e-01,8.80e+00,
5509,1.12e-01,9.00e+00,
5510,1.12e-01,8.80e+00,
5511,1.12e-01,8.80e+00,
5512,1.12e-01,9.00e+00,
5513,1.12e-01,9.00e+00,
5514,1.20e-01,9.00e+00,
5515,1.12e-01,9.00e+00,
5516,1.12e-01,8.80e+00,
5517,1.12e-01,8.80e+00,
5518,1.12e-01,8.80e+00,
5519,1.12e-01,9.00e+00,
5520,1.12e-01,8.80e+00,
5521,1.12e-01,8.80e+00,
5522,1.12e-01,9.00e+00,
5523,1.12e-01,9.00e+00,
5524,1.12e-01,8.80e+00,
5525,1.12e-01,9.00e+00,
5526,1.12e-01,8.80e+00,
5527,1.12e-01,9.00e+00,
5528,1.12e-01,8.80e+00,
5529,1.12e-01,9.00e+00,
5530,1.12e-01,8.80e+00,
5531,1.12e-01,8.80e+00,
5532,1.12e-01,8.80e+00,
5533,1.12e-01,8.80e+00,
5534,1.12e-01,8.80e+00,
5535,1.12e-01,9.00e+00,
5536,1.12e-01,8.80e+00,
5537,1.12e-01,9.00e+00,
5538,1.12e-01,8.80e+00,
5539,1.12e-01,9.00e+00,
5540,1.12e-01,8.80e+00,
5541,1.12e-01,9.00e+00,
5542,1.12e-01,8.80e+00,
5543,1.12e-01,8.80e+00,
5544,1.12e-01,8.80e+00,
5545,1.12e-01,9.00e+00,
5546,1.12e-01,8.80e+00,
5547,1.12e-01,9.00e+00,
5548,1.12e-01,8.80e+00,
5549,1.12e-01,9.00e+00,
5550,1.12e-01,8.80e+00,
5551,1.12e-01,8.80e+00,
5552,1.12e-01,8.80e+00,
5553,1.12e-01,9.00e+00,
5554,1.12e-01,8.80e+00,
5555,1.12e-01,9.00e+00,
5556,1.12e-01,8.80e+00,
5557,1.12e-01,9.00e+00,
5558,1.12e-01,9.00e+00,
5559,1.12e-01,9.00e+00,
5560,1.12e-01,8.80e+00,
5561,1.04e-01,8.80e+00,
5562,1.12e-01,9.00e+00,
5563,1.12e-01,8.80e+00,
5564,1.12e-01,9.00e+00,
5565,1.12e-01,9.00e+00,
5566,1.12e-01,8.80e+00,
5567,1.12e-01,8.80e+00,
5568,1.12e-01,8.80e+00,
5569,1.12e-01,8.80e+00,
5570,1.12e-01,8.80e+00,
5571,1.12e-01,8.80e+00,
5572,1.12e-01,8.80e+00,
5573,1.04e-01,9.00e+00,
5574,1.04e-01,8.80e+00,
5575,1.12e-01,9.00e+00,
5576,1.04e-01,9.00e+00,
5577,1.04e-01,9.00e+00,
5578,1.12e-01,8.80e+00,
5579,1.12e-01,9.00e+00,
5580,1.04e-01,8.80e+00,
5581,1.04e-01,9.00e+00,
5582,1.04e-01,8.80e+00,
5583,1.12e-01,9.00e+00,
5584,1.04e-01,9.00e+00,
5585,1.04e-01,8.80e+00,
5586,1.04e-01,8.80e+00,
5587,1.04e-01,8.80e+00,
5588,1.04e-01,8.80e+00,
5589,1.04e-01,9.00e+00,
5590,1.04e-01,8.80e+00,
5591,1.04e-01,9.00e+00,
5592,1.04e-01,8.80e+00,
5593,1.04e-01,8.80e+00,
5594,1.04e-01,8.80e+00,
5595,1.04e-01,9.00e+00,
5596,1.04e-01,8.80e+00,
5597,1.04e-01,9.00e+00,
5598,1.04e-01,9.00e+00,
5599,1.04e-01,9.00e+00,
5600,1.04e-01,8.80e+00,
5601,1.04e-01,9.00e+00,
5602,1.04e-01,8.80e+00,
5603,1.04e-01,8.80e+00,
5604,1.04e-01,8.80e+00,
5605,1.04e-01,8.80e+00,
5606,1.04e-01,8.80e+00,
5607,1.04e-01,9.00e+00,
5608,1.04e-01,8.80e+00,
5609,1.04e-01,9.00e+00,
5610,1.04e-01,8.80e+00,
5611,1.04e-01,9.00e+00,
5612,1.04e-01,8.80e+00,
5613,1.04e-01,9.00e+00,
5614,1.04e-01,9.00e+00,
5615,1.04e-01,8.80e+00,
5616,1.04e-01,8.80e+00,
5617,1.04e-01,8.80e+00,
5618,1.04e-01,8.80e+00,
5619,1.04e-01,9.00e+00,
5620,1.04e-01,8.80e+00,
5621,1.04e-01,9.00e+00,
5622,1.04e-01,9.00e+00,
5623,1.04e-01,8.80e+00,
5624,1.04e-01,9.00e+00,
5625,1.04e-01,8.80e+00,
5626,1.04e-01,8.80e+00,
5627,1.04e-01,8.80e+00,
5628,1.04e-01,8.80e+00,
5629,1.04e-01,8.80e+00,
5630,1.04e-01,8.80e+00,
5631,1.04e-01,8.80e+00,
5632,1.04e-01,8.80e+00,
5633,1.04e-01,8.80e+00,
5634,1.04e-01,9.00e+00,
5635,1.04e-01,8.80e+00,
5636,1.04e-01,8.80e+00,
5637,9.60e-02,8.80e+00,
5638,9.60e-02,8.80e+00,
5639,1.04e-01,9.00e+00,
5640,1.04e-01,8.80e+00,
5641,9.60e-02,8.80e+00,
5642,1.04e-01,8.80e+00,
5643,1.04e-01,8.80e+00,
5644,1.04e-01,8.80e+00,
5645,9.60e-02,9.00e+00,
5646,9.60e-02,8.80e+00,
5647,1.04e-01,8.80e+00,
5648,9.60e-02,9.00e+00,
5649,9.60e-02,8.80e+00,
5650,1.04e-01,8.80e+00,
5651,9.60e-02,8.80e+00,
5652,9.60e-02,8.80e+00,
5653,9.60e-02,9.00e+00,
5654,9.60e-02,9.00e+00,
5655,1.04e-01,9.00e+00,
5656,9.60e-02,8.80e+00,
5657,9.60e-02,8.80e+00,
5658,1.04e-01,8.80e+00,
5659,9.60e-02,9.00e+00,
5660,9.60e-02,8.80e+00,
5661,9.60e-02,9.00e+00,
5662,9.60e-02,8.80e+00,
5663,9.60e-02,9.00e+00,
5664,9.60e-02,8.80e+00,
5665,9.60e-02,9.00e+00,
5666,9.60e-02,8.80e+00,
5667,9.60e-02,8.80e+00,
5668,9.60e-02,8.80e+00,
5669,9.60e-02,8.80e+00,
5670,9.60e-02,8.80e+00,
5671,9.60e-02,8.80e+00,
5672,9.60e-02,9.00e+00,
5673,9.60e-02,9.00e+00,
5674,9.60e-02,8.80e+00,
5675,9.60e-02,8.80e+00,
5676,9.60e-02,8.80e+00,
5677,9.60e-02,8.80e+00,
5678,9.60e-02,8.80e+00,
5679,9.60e-02,8.80e+00,
5680,9.60e-02,8.80e+00,
5681,9.60e-02,9.00e+00,
5682,9.60e-02,8.80e+00,
5683,9.60e-02,8.80e+00,
5684,9.60e-02,8.80e+00,
5685,9.60e-02,8.80e+00,
5686,9.60e-02,8.80e+00,
5687,9.60e-02,9.00e+00,
5688,9.60e-02,8.80e+00,
5689,9.60e-02,9.00e+00,
5690,9.60e-02,8.80e+00,
5691,9.60e-02,8.80e+00,
5692,9.60e-02,8.80e+00,
5693,9.60e-02,8.80e+00,
5694,9.60e-02,8.80e+00,
5695,9.60e-02,9.00e+00,
5696,9.60e-02,8.80e+00,
5697,9.60e-02,8.80e+00,
5698,9.60e-02,8.80e+00,
5699,9.60e-02,8.80e+00,
5700,9.60e-02,8.80e+00,
5701,9.60e-02,9.00e+00,
5702,9.60e-02,8.80e+00,
5703,9.60e-02,9.00e+00,
5704,9.60e-02,8.80e+00,
5705,8.80e-02,8.80e+00,
5706,9.60e-02,8.80e+00,
5707,9.60e-02,9.00e+00,
5708,8.80e-02,8.80e+00,
5709,8.80e-02,9.00e+00,
5710,8.80e-02,8.80e+00,
5711,9.60e-02,8.80e+00,
5712,8.80e-02,8.80e+00,
5713,8.80e-02,8.80e+00,
5714,9.60e-02,8.80e+00,
5715,9.60e-02,8.80e+00,
5716,8.80e-02,8.80e+00,
5717,8.80e-02,8.80e+00,
5718,8.80e-02,8.80e+00,
5719,8.80e-02,8.80e+00,
5720,8.80e-02,8.80e+00,
5721,8.80e-02,8.80e+00,
5722,8.80e-02,8.80e+00,
5723,8.80e-02,9.00e+00,
5724,8.80e-02,8.80e+00,
5725,8.80e-02,8.80e+00,
5726,8.80e-02,8.80e+00,
5727,8.80e-02,8.80e+00,
5728,8.80e-02,8.80e+00,
5729,8.80e-02,9.00e+00,
5730,8.80e-02,8.80e+00,
5731,8.80e-02,8.80e+00,
5732,8.80e-02,8.80e+00,
5733,8.80e-02,8.80e+00,
5734,8.80e-02,8.80e+00,
5735,8.80e-02,8.80e+00,
5736,8.80e-02,8.80e+00,
5737,8.80e-02,8.80e+00,
5738,8.80e-02,8.80e+00,
5739,8.80e-02,9.00e+00,
5740,8.80e-02,8.80e+00,
5741,8.80e-02,8.80e+00,
5742,8.80e-02,8.80e+00,
5743,8.80e-02,9.00e+00,
5744,8.80e-02,9.00e+00,
5745,8.00e-02,9.00e+00,
5746,8.80e-02,8.80e+00,
5747,8.80e-02,8.80e+00,
5748,8.80e-02,8.80e+00,
5749,8.80e-02,8.80e+00,
5750,8.80e-02,8.80e+00,
5751,8.80e-02,9.00e+00,
5752,8.80e-02,8.80e+00,
5753,8.00e-02,8.80e+00,
5754,8.80e-02,8.80e+00,
5755,8.80e-02,8.80e+00,
5756,8.80e-02,8.80e+00,
5757,8.00e-02,8.80e+00,
5758,8.80e-02,8.80e+00,
5759,8.80e-02,8.80e+00,
5760,8.80e-02,9.00e+00,
5761,8.00e-02,8.80e+00,
5762,8.80e-02,9.00e+00,
5763,8.80e-02,8.80e+00,
5764,8.00e-02,8.80e+00,
5765,8.00e-02,9.00e+00,
5766,8.00e-02,8.80e+00,
5767,8.80e-02,8.80e+00,
5768,8.00e-02,9.00e+00,
5769,8.00e-02,8.80e+00,
5770,8.80e-02,8.80e+00,
5771,8.00e-02,8.80e+00,
5772,8.00e-02,8.80e+00,
5773,8.00e-02,9.00e+00,
5774,8.00e-02,8.80e+00,
5775,8.00e-02,8.80e+00,
5776,8.00e-02,9.00e+00,
5777,8.00e-02,9.00e+00,
5778,8.00e-02,8.80e+00,
5779,8.00e-02,8.80e+00,
5780,8.00e-02,8.80e+00,
5781,8.00e-02,8.80e+00,
5782,8.00e-02,8.80e+00,
5783,8.00e-02,8.80e+00,
5784,8.00e-02,8.80e+00,
5785,8.00e-02,8.80e+00,
5786,8.00e-02,8.80e+00,
5787,8.00e-02,9.00e+00,
5788,8.00e-02,8.80e+00,
5789,8.00e-02,9.00e+00,
5790,8.00e-02,8.80e+00,
5791,8.00e-02,8.80e+00,
5792,8.00e-02,8.80e+00,
5793,8.00e-02,9.00e+00,
5794,8.00e-02,8.80e+00,
5795,8.00e-02,9.00e+00,
5796,8.00e-02,8.80e+00,
5797,8.00e-02,8.80e+00,
5798,8.00e-02,8.80e+00,
5799,8.00e-02,9.00e+00,
5800,8.00e-02,9.00e+00,
5801,8.00e-02,8.80e+00,
5802,8.00e-02,8.80e+00,
5803,8.00e-02,8.80e+00,
5804,8.00e-02,8.80e+00,
5805,8.00e-02,8.80e+00,
5806,8.00e-02,8.80e+00,
5807,8.00e-02,9.00e+00,
5808,8.00e-02,8.80e+00,
5809,7.20e-02,8.80e+00,
5810,8.00e-02,8.80e+00,
5811,8.00e-02,9.00e+00,
5812,8.00e-02,8.80e+00,
5813,7.20e-02,8.80e+00,
5814,7.20e-02,8.80e+00,
5815,8.00e-02,9.00e+00,
5816,8.00e-02,8.80e+00,
5817,7.20e-02,9.00e+00,
5818,8.00e-02,8.80e+00,
5819,8.00e-02,9.00e+00,
5820,7.20e-02,8.80e+00,
5821,7.20e-02,8.80e+00,
5822,7.20e-02,8.80e+00,
5823,8.00e-02,8.80e+00,
5824,7.20e-02,8.80e+00,
5825,7.20e-02,9.00e+00,
5826,8.00e-02,9.00e+00,
5827,7.20e-02,8.80e+00,
5828,7.20e-02,8.80e+00,
5829,7.20e-02,9.00e+00,
5830,7.20e-02,8.80e+00,
5831,7.20e-02,8.80e+00,
5832,7.20e-02,8.80e+00,
5833,7.20e-02,8.80e+00,
5834,7.20e-02,8.80e+00,
5835,7.20e-02,8.80e+00,
5836,7.20e-02,8.80e+00,
5837,7.20e-02,8.80e+00,
5838,7.20e-02,8.80e+00,
5839,7.20e-02,8.80e+00,
5840,7.20e-02,8.80e+00,
5841,7.20e-02,8.80e+00,
5842,7.20e-02,8.80e+00,
5843,7.20e-02,9.00e+00,
5844,7.20e-02,8.80e+00,
5845,7.20e-02,8.80e+00,
5846,7.20e-02,8.80e+00,
5847,7.20e-02,8.80e+00,
5848,7.20e-02,8.80e+00,
5849,7.20e-02,9.00e+00,
5850,7.20e-02,8.80e+00,
5851,7.20e-02,8.80e+00,
5852,7.20e-02,8.80e+00,
5853,7.20e-02,8.80e+00,
5854,7.20e-02,8.80e+00,
5855,7.20e-02,8.80e+00,
5856,7.20e-02,8.80e+00,
5857,7.20e-02,8.80e+00,
5858,7.20e-02,8.80e+00,
5859,7.20e-02,9.00e+00,
5860,7.20e-02,8.80e+00,
5861,7.20e-02,8.80e+00,
5862,7.20e-02,8.80e+00,
5863,7.20e-02,9.00e+00,
5864,7.20e-02,8.80e+00,
5865,7.20e-02,8.80e+00,
5866,7.20e-02,8.80e+00,
5867,7.20e-02,8.80e+00,
5868,7.20e-02,8.80e+00,
5869,6.40e-02,8.80e+00,
5870,7.20e-02,8.80e+00,
5871,7.20e-02,8.80e+00,
5872,6.40e-02,8.80e+00,
5873,6.40e-02,8.80e+00,
5874,7.20e-02,8.80e+00,
5875,7.20e-02,8.80e+00,
5876,7.20e-02,8.80e+00,
5877,6.40e-02,8.80e+00,
5878,6.40e-02,8.80e+00,
5879,6.40e-02,8.80e+00,
5880,6.40e-02,8.80e+00,
5881,6.40e-02,8.80e+00,
5882,6.40e-02,8.80e+00,
5883,6.40e-02,8.80e+00,
5884,6.40e-02,8.80e+00,
5885,6.40e-02,9.00e+00,
5886,6.40e-02,8.80e+00,
5887,6.40e-02,8.80e+00,
5888,6.40e-02,8.80e+00,
5889,6.40e-02,9.00e+00,
5890,6.40e-02,8.80e+00,
5891,6.40e-02,8.80e+00,
5892,6.40e-02,8.80e+00,
5893,6.40e-02,8.80e+00,
5894,6.40e-02,8.80e+00,
5895,6.40e-02,8.80e+00,
5896,6.40e-02,8.80e+00,
5897,6.40e-02,9.00e+00,
5898,6.40e-02,8.80e+00,
5899,6.40e-02,8.80e+00,
5900,6.40e-02,8.80e+00,
5901,6.40e-02,8.80e+00,
5902,6.40e-02,8.80e+00,
5903,6.40e-02,8.80e+00,
5904,6.40e-02,8.80e+00,
5905,6.40e-02,8.80e+00,
5906,6.40e-02,8.80e+00,
5907,6.40e-02,8.80e+00,
5908,6.40e-02,8.80e+00,
5909,6.40e-02,8.80e+00,
5910,6.40e-02,8.80e+00,
5911,6.40e-02,8.80e+00,
5912,6.40e-02,8.80e+00,
5913,6.40e-02,8.80e+00,
5914,6.40e-02,8.80e+00,
5915,6.40e-02,8.80e+00,
5916,6.40e-02,8.80e+00,
5917,6.40e-02,9.00e+00,
5918,6.40e-02,8.80e+00,
5919,6.40e-02,8.80e+00,
5920,6.40e-02,8.80e+00,
5921,5.60e-02,8.80e+00,
5922,6.40e-02,8.80e+00,
5923,6.40e-02,9.00e+00,
5924,6.40e-02,8.80e+00,
5925,5.60e-02,8.80e+00,
5926,6.40e-02,8.80e+00,
5927,6.40e-02,8.80e+00,
5928,6.40e-02,8.80e+00,
5929,5.60e-02,8.80e+00,
5930,6.40e-02,8.80e+00,
5931,6.40e-02,8.80e+00,
5932,5.60e-02,8.80e+00,
5933,5.60e-02,8.80e+00,
5934,5.60e-02,8.80e+00,
5935,6.40e-02,8.80e+00,
5936,5.60e-02,8.80e+00,
5937,5.60e-02,9.00e+00,
5938,6.40e-02,8.80e+00,
5939,5.60e-02,9.00e+00,
5940,5.60e-02,8.80e+00,
5941,5.60e-02,8.80e+00,
5942,5.60e-02,8.80e+00,
5943,6.40e-02,8.80e+00,
5944,5.60e-02,8.80e+00,
5945,5.60e-02,8.80e+00,
5946,5.60e-02,8.80e+00,
5947,5.60e-02,8.80e+00,
5948,5.60e-02,8.80e+00,
5949,5.60e-02,8.80e+00,
5950,5.60e-02,8.80e+00,
5951,5.60e-02,8.80e+00,
5952,5.60e-02,9.00e+00,
5953,5.60e-02,9.00e+00,
5954,5.60e-02,8.80e+00,
5955,5.60e-02,8.80e+00,
5956,5.60e-02,8.80e+00,
5957,5.60e-02,8.80e+00,
5958,5.60e-02,8.80e+00,
5959,5.60e-02,8.80e+00,
5960,5.60e-02,8.80e+00,
5961,5.60e-02,8.80e+00,
5962,5.60e-02,8.80e+00,
5963,5.60e-02,8.80e+00,
5964,5.60e-02,8.80e+00,
5965,5.60e-02,8.80e+00,
5966,5.60e-02,8.80e+00,
5967,5.60e-02,8.80e+00,
5968,5.60e-02,8.80e+00,
5969,5.60e-02,8.80e+00,
5970,5.60e-02,8.80e+00,
5971,5.60e-02,8.80e+00,
5972,5.60e-02,8.80e+00,
5973,5.60e-02,8.80e+00,
5974,5.60e-02,8.80e+00,
5975,5.60e-02,8.80e+00,
5976,5.60e-02,8.80e+00,
5977,5.60e-02,8.80e+00,
5978,5.60e-02,8.80e+00,
5979,5.60e-02,8.80e+00,
5980,5.60e-02,8.80e+00,
5981,4.80e-02,8.80e+00,
5982,5.60e-02,8.80e+00,
5983,5.60e-02,8.80e+00,
5984,5.60e-02,8.80e+00,
5985,5.60e-02,8.80e+00,
5986,5.60e-02,8.80e+00,
5987,5.60e-02,8.80e+00,
5988,5.60e-02,8.80e+00,
5989,4.80e-02,9.00e+00,
5990,5.60e-02,8.80e+00,
5991,5.60e-02,8.80e+00,
5992,5.60e-02,8.80e+00,
5993,4.80e-02,8.80e+00,
5994,5.60e-02,8.80e+00,
5995,5.60e-02,8.80e+00,
5996,5.60e-02,8.80e+00,
5997,4.80e-02,8.80e+00,
5998,4.80e-02,8.80e+00,
5999,5.60e-02,8.80e+00,
6000,4.80e-02,8.80e+00,
6001,4.80e-02,8.80e+00,
6002,4.80e-02,8.80e+00,
6003,4.80e-02,8.80e+00,
6004,4.80e-02,8.80e+00,
6005,4.80e-02,8.80e+00,
6006,4.80e-02,8.80e+00,
6007,4.80e-02,8.80e+00,
6008,4.80e-02,8.80e+00,
6009,4.80e-02,8.80e+00,
6010,4.80e-02,8.80e+00,
6011,4.80e-02,8.80e+00,
6012,4.80e-02,8.80e+00,
6013,4.80e-02,8.80e+00,
6014,4.80e-02,8.80e+00,
6015,4.80e-02,8.80e+00,
6016,4.80e-02,8.80e+00,
6017,4.80e-02,8.80e+00,
6018,4.80e-02,8.80e+00,
6019,4.80e-02,8.80e+00,
6020,4.80e-02,8.80e+00,
6021,4.80e-02,8.80e+00,
6022,4.80e-02,8.80e+00,
6023,4.80e-02,8.80e+00,
6024,4.80e-02,8.80e+00,
6025,4.80e-02,8.80e+00,
6026,4.80e-02,8.80e+00,
6027,4.80e-02,8.80e+00,
6028,4.80e-02,8.80e+00,
6029,4.80e-02,9.00e+00,
6030,4.80e-02,8.80e+00,
6031,4.80e-02,8.80e+00,
6032,4.80e-02,8.80e+00,
6033,4.80e-02,8.80e+00,
6034,4.80e-02,8.80e+00,
6035,4.80e-02,8.80e+00,
6036,4.80e-02,8.80e+00,
6037,4.80e-02,8.80e+00,
6038,4.80e-02,8.80e+00,
6039,4.80e-02,8.80e+00,
6040,4.80e-02,8.80e+00,
6041,4.80e-02,8.80e+00,
6042,4.80e-02,8.80e+00,
6043,4.80e-02,8.80e+00,
6044,4.80e-02,8.80e+00,
6045,4.80e-02,8.80e+00,
6046,4.80e-02,8.80e+00,
6047,4.80e-02,8.80e+00,
6048,4.80e-02,8.80e+00,
6049,4.80e-02,8.80e+00,
6050,4.80e-02,8.80e+00,
6051,4.80e-02,8.80e+00,
6052,4.80e-02,8.80e+00,
6053,4.80e-02,8.80e+00,
6054,4.80e-02,8.80e+00,
6055,4.80e-02,8.80e+00,
6056,4.80e-02,8.80e+00,
6057,4.80e-02,8.80e+00,
6058,4.80e-02,8.80e+00,
6059,4.80e-02,8.80e+00,
6060,4.80e-02,8.80e+00,
6061,4.00e-02,8.80e+00,
6062,4.80e-02,8.80e+00,
6063,4.80e-02,8.80e+00,
6064,4.80e-02,8.80e+00,
6065,4.00e-02,8.80e+00,
6066,4.80e-02,8.80e+00,
6067,4.80e-02,9.00e+00,
6068,4.80e-02,8.80e+00,
6069,4.00e-02,8.80e+00,
6070,4.80e-02,8.80e+00,
6071,4.80e-02,8.80e+00,
6072,4.80e-02,8.80e+00,
6073,4.00e-02,8.80e+00,
6074,4.00e-02,8.80e+00,
6075,4.00e-02,8.80e+00,
6076,4.00e-02,8.80e+00,
6077,4.00e-02,8.80e+00,
6078,4.00e-02,8.80e+00,
6079,4.80e-02,8.80e+00,
6080,4.00e-02,8.80e+00,
6081,4.00e-02,8.80e+00,
6082,4.80e-02,8.80e+00,
6083,4.00e-02,8.80e+00,
6084,4.00e-02,8.80e+00,
6085,4.00e-02,8.80e+00,
6086,4.00e-02,8.80e+00,
6087,4.00e-02,8.80e+00,
6088,4.00e-02,8.80e+00,
6089,4.00e-02,8.80e+00,
6090,4.00e-02,8.80e+00,
6091,4.00e-02,8.80e+00,
6092,4.00e-02,8.80e+00,
6093,4.00e-02,8.80e+00,
6094,4.00e-02,8.80e+00,
6095,4.00e-02,8.80e+00,
6096,4.00e-02,9.00e+00,
6097,4.00e-02,8.80e+00,
6098,4.00e-02,8.80e+00,
6099,4.00e-02,8.80e+00,
6100,4.00e-02,8.80e+00,
6101,4.00e-02,8.80e+00,
6102,4.00e-02,8.80e+00,
6103,4.00e-02,8.80e+00,
6104,4.00e-02,8.80e+00,
6105,4.00e-02,8.80e+00,
6106,4.00e-02,8.80e+00,
6107,4.00e-02,8.80e+00,
6108,4.00e-02,8.80e+00,
6109,4.00e-02,8.80e+00,
6110,4.00e-02,8.80e+00,
6111,4.00e-02,8.80e+00,
6112,4.00e-02,8.80e+00,
6113,4.00e-02,8.80e+00,
6114,4.00e-02,8.80e+00,
6115,4.00e-02,8.80e+00,
6116,4.00e-02,8.80e+00,
6117,3.20e-02,8.80e+00,
6118,4.00e-02,8.80e+00,
6119,4.00e-02,8.80e+00,
6120,4.00e-02,8.80e+00,
6121,4.00e-02,8.80e+00,
6122,4.00e-02,8.80e+00,
6123,4.00e-02,8.80e+00,
6124,4.00e-02,8.80e+00,
6125,4.00e-02,8.80e+00,
6126,4.00e-02,8.80e+00,
6127,4.00e-02,8.80e+00,
6128,4.00e-02,8.80e+00,
6129,4.00e-02,8.80e+00,
6130,4.00e-02,8.80e+00,
6131,4.00e-02,8.80e+00,
6132,4.00e-02,8.80e+00,
6133,3.20e-02,8.80e+00,
6134,4.00e-02,8.80e+00,
6135,4.00e-02,8.80e+00,
6136,4.00e-02,8.80e+00,
6137,3.20e-02,8.80e+00,
6138,4.00e-02,8.80e+00,
6139,4.00e-02,8.80e+00,
6140,3.20e-02,8.80e+00,
6141,3.20e-02,8.80e+00,
6142,3.20e-02,8.80e+00,
6143,3.20e-02,8.80e+00,
6144,4.00e-02,8.80e+00,
6145,3.20e-02,8.80e+00,
6146,4.00e-02,8.80e+00,
6147,3.20e-02,8.80e+00,
6148,3.20e-02,8.80e+00,
6149,3.20e-02,9.00e+00,
6150,3.20e-02,8.80e+00,
6151,3.20e-02,8.80e+00,
6152,3.20e-02,8.80e+00,
6153,3.20e-02,8.80e+00,
6154,3.20e-02,8.80e+00,
6155,3.20e-02,8.80e+00,
6156,3.20e-02,8.80e+00,
6157,3.20e-02,8.80e+00,
6158,3.20e-02,8.80e+00,
6159,3.20e-02,8.80e+00,
6160,3.20e-02,8.80e+00,
6161,3.20e-02,8.80e+00,
6162,3.20e-02,8.80e+00,
6163,3.20e-02,8.80e+00,
6164,3.20e-02,8.80e+00,
6165,3.20e-02,8.80e+00,
6166,3.20e-02,8.60e+00,
6167,3.20e-02,8.80e+00,
6168,3.20e-02,8.80e+00,
6169,3.20e-02,8.80e+00,
6170,3.20e-02,8.80e+00,
6171,3.20e-02,8.80e+00,
6172,3.20e-02,8.80e+00,
6173,3.20e-02,8.80e+00,
6174,3.20e-02,8.80e+00,
6175,3.20e-02,9.00e+00,
6176,3.20e-02,8.80e+00,
6177,3.20e-02,8.80e+00,
6178,3.20e-02,8.80e+00,
6179,3.20e-02,8.80e+00,
6180,3.20e-02,8.80e+00,
6181,3.20e-02,8.80e+00,
6182,3.20e-02,8.80e+00,
6183,3.20e-02,8.80e+00,
6184,3.20e-02,8.80e+00,
6185,3.20e-02,8.80e+00,
6186,3.20e-02,8.80e+00,
6187,3.20e-02,8.60e+00,
6188,3.20e-02,8.80e+00,
6189,2.40e-02,8.80e+00,
6190,3.20e-02,8.80e+00,
6191,3.20e-02,8.80e+00,
6192,3.20e-02,8.80e+00,
6193,3.20e-02,8.80e+00,
6194,3.20e-02,8.80e+00,
6195,3.20e-02,8.80e+00,
6196,3.20e-02,8.80e+00,
6197,2.40e-02,8.80e+00,
6198,3.20e-02,8.80e+00,
6199,3.20e-02,8.80e+00,
6200,2.40e-02,8.80e+00,
6201,2.40e-02,8.80e+00,
6202,3.20e-02,8.80e+00,
6203,3.20e-02,8.80e+00,
6204,2.40e-02,8.80e+00,
6205,2.40e-02,8.80e+00,
6206,3.20e-02,8.80e+00,
6207,2.40e-02,8.80e+00,
6208,2.40e-02,8.80e+00,
6209,2.40e-02,8.80e+00,
6210,2.40e-02,8.80e+00,
6211,2.40e-02,8.80e+00,
6212,2.40e-02,8.80e+00,
6213,2.40e-02,8.80e+00,
6214,2.40e-02,8.80e+00,
6215,2.40e-02,8.80e+00,
6216,2.40e-02,8.80e+00,
6217,2.40e-02,8.80e+00,
6218,2.40e-02,8.80e+00,
6219,2.40e-02,8.80e+00,
6220,2.40e-02,8.80e+00,
6221,2.40e-02,8.80e+00,
6222,2.40e-02,8.80e+00,
6223,2.40e-02,8.60e+00,
6224,2.40e-02,8.80e+00,
6225,2.40e-02,8.80e+00,
6226,2.40e-02,8.80e+00,
6227,2.40e-02,8.80e+00,
6228,2.40e-02,8.80e+00,
6229,2.40e-02,8.80e+00,
6230,2.40e-02,8.60e+00,
6231,2.40e-02,8.80e+00,
6232,2.40e-02,8.80e+00,
6233,2.40e-02,8.80e+00,
6234,2.40e-02,8.80e+00,
6235,2.40e-02,8.80e+00,
6236,2.40e-02,8.80e+00,
6237,2.40e-02,8.80e+00,
6238,2.40e-02,8.80e+00,
6239,2.40e-02,8.80e+00,
6240,2.40e-02,8.80e+00,
6241,2.40e-02,8.80e+00,
6242,2.40e-02,8.80e+00,
6243,2.40e-02,8.80e+00,
6244,2.40e-02,8.80e+00,
6245,1.60e-02,8.80e+00,
6246,2.40e-02,8.80e+00,
6247,2.40e-02,8.80e+00,
6248,2.40e-02,8.80e+00,
6249,2.40e-02,8.80e+00,
6250,2.40e-02,8.80e+00,
6251,2.40e-02,8.80e+00,
6252,2.40e-02,8.80e+00,
6253,2.40e-02,8.80e+00,
6254,2.40e-02,8.80e+00,
6255,2.40e-02,8.80e+00,
6256,2.40e-02,8.80e+00,
6257,2.40e-02,8.80e+00,
6258,2.40e-02,8.80e+00,
6259,1.60e-02,8.80e+00,
6260,1.60e-02,8.80e+00,
6261,1.60e-02,8.80e+00,
6262,2.40e-02,8.80e+00,
6263,1.60e-02,8.80e+00,
6264,1.60e-02,8.80e+00,
6265,1.60e-02,8.80e+00,
6266,1.60e-02,8.80e+00,
6267,1.60e-02,8.80e+00,
6268,1.60e-02,8.60e+00,
6269,1.60e-02,8.80e+00,
6270,1.60e-02,8.80e+00,
6271,1.60e-02,8.80e+00,
6272,1.60e-02,8.80e+00,
6273,1.60e-02,8.80e+00,
6274,1.60e-02,8.80e+00,
6275,1.60e-02,8.80e+00,
6276,1.60e-02,8.80e+00,
6277,1.60e-02,8.80e+00,
6278,1.60e-02,8.80e+00,
6279,1.60e-02,8.80e+00,
6280,1.60e-02,8.80e+00,
6281,1.60e-02,8.80e+00,
6282,1.60e-02,8.80e+00,
6283,1.60e-02,8.80e+00,
6284,1.60e-02,8.80e+00,
6285,1.60e-02,8.80e+00,
6286,1.60e-02,8.80e+00,
6287,1.60e-02,8.80e+00,
6288,1.60e-02,8.80e+00,
6289,1.60e-02,8.80e+00,
6290,1.60e-02,8.60e+00,
6291,1.60e-02,8.80e+00,
6292,1.60e-02,8.80e+00,
6293,1.60e-02,8.80e+00,
6294,1.60e-02,8.80e+00,
6295,1.60e-02,8.80e+00,
6296,1.60e-02,8.80e+00,
6297,1.60e-02,8.80e+00,
6298,1.60e-02,8.60e+00,
6299,1.60e-02,8.80e+00,
6300,1.60e-02,8.80e+00,
6301,8.00e-03,8.80e+00,
6302,1.60e-02,8.80e+00,
6303,1.60e-02,8.80e+00,
6304,1.60e-02,8.80e+00,
6305,8.00e-03,8.80e+00,
6306,1.60e-02,8.80e+00,
6307,1.60e-02,8.80e+00,
6308,1.60e-02,8.80e+00,
6309,8.00e-03,8.80e+00,
6310,1.60e-02,8.80e+00,
6311,1.60e-02,8.80e+00,
6312,8.00e-03,8.80e+00,
6313,8.00e-03,8.80e+00,
6314,1.60e-02,8.80e+00,
6315,8.00e-03,8.80e+00,
6316,8.00e-03,8.80e+00,
6317,8.00e-03,8.80e+00,
6318,8.00e-03,8.80e+00,
6319,8.00e-03,8.80e+00,
6320,8.00e-03,8.80e+00,
6321,8.00e-03,8.80e+00,
6322,8.00e-03,8.80e+00,
6323,8.00e-03,8.80e+00,
6324,8.00e-03,8.80e+00,
6325,8.00e-03,8.80e+00,
6326,8.00e-03,8.80e+00,
6327,8.00e-03,8.80e+00,
6328,8.00e-03,8.80e+00,
6329,8.00e-03,8.80e+00,
6330,8.00e-03,8.60e+00,
6331,8.00e-03,8.80e+00,
6332,8.00e-03,8.60e+00,
6333,8.00e-03,8.80e+00,
6334,8.00e-03,8.80e+00,
6335,8.00e-03,8.80e+00,
6336,8.00e-03,8.80e+00,
6337,8.00e-03,8.80e+00,
6338,8.00e-03,8.80e+00,
6339,8.00e-03,8.80e+00,
6340,8.00e-03,8.60e+00,
6341,8.00e-03,8.80e+00,
6342,8.00e-03,8.80e+00,
6343,8.00e-03,8.80e+00,
6344,8.00e-03,8.80e+00,
6345,8.00e-03,8.80e+00,
6346,8.00e-03,8.80e+00,
6347,8.00e-03,8.80e+00,
6348,8.00e-03,8.80e+00,
6349,8.00e-03,8.80e+00,
6350,8.00e-03,8.80e+00,
6351,8.00e-03,8.80e+00,
6352,8.00e-03,8.80e+00,
6353,8.00e-03,8.80e+00,
6354,8.00e-03,8.80e+00,
6355,8.00e-03,8.80e+00,
6356,8.00e-03,8.60e+00,
6357,8.00e-03,8.80e+00,
6358,8.00e-03,8.80e+00,
6359,8.00e-03,8.80e+00,
6360,8.00e-03,8.80e+00,
6361,8.00e-03,8.60e+00,
6362,8.00e-03,9.00e+00,
6363,8.00e-03,8.80e+00,
6364,8.00e-03,8.80e+00,
6365,0.00e+00,8.80e+00,
6366,0.00e+00,8.80e+00,
6367,8.00e-03,8.80e+00,
6368,8.00e-03,8.80e+00,
6369,0.00e+00,8.80e+00,
6370,8.00e-03,8.80e+00,
6371,8.00e-03,8.80e+00,
6372,8.00e-03,8.80e+00,
6373,0.00e+00,8.80e+00,
6374,0.00e+00,8.80e+00,
6375,0.00e+00,8.80e+00,
6376,0.00e+00,8.80e+00,
6377,0.00e+00,8.80e+00,
6378,0.00e+00,8.80e+00,
6379,0.00e+00,8.80e+00,
6380,0.00e+00,8.80e+00,
6381,0.00e+00,8.80e+00,
6382,0.00e+00,8.80e+00,
6383,0.00e+00,8.80e+00,
6384,0.00e+00,8.80e+00,
6385,0.00e+00,8.80e+00,
6386,0.00e+00,8.80e+00,
6387,0.00e+00,8.80e+00,
6388,0.00e+00,8.80e+00,
6389,0.00e+00,8.80e+00,
6390,0.00e+00,8.80e+00,
6391,0.00e+00,8.80e+00,
6392,0.00e+00,8.80e+00,
6393,0.00e+00,8.80e+00,
6394,0.00e+00,8.80e+00,
6395,0.00e+00,8.80e+00,
6396,0.00e+00,8.80e+00,
6397,0.00e+00,8.80e+00,
6398,0.00e+00,8.80e+00,
6399,0.00e+00,8.80e+00,
6400,0.00e+00,8.80e+00,
6401,0.00e+00,8.80e+00,
6402,0.00e+00,8.80e+00,
6403,0.00e+00,8.80e+00,
6404,0.00e+00,8.80e+00,
6405,-8.00e-03,8.80e+00,
6406,0.00e+00,8.80e+00,
6407,0.00e+00,8.80e+00,
6408,0.00e+00,8.80e+00,
6409,0.00e+00,8.80e+00,
6410,0.00e+00,8.80e+00,
6411,0.00e+00,8.80e+00,
6412,0.00e+00,8.80e+00,
6413,-8.00e-03,8.80e+00,
6414,0.00e+00,8.60e+00,
6415,0.00e+00,8.80e+00,
6416,0.00e+00,8.80e+00,
6417,0.00e+00,8.80e+00,
6418,0.00e+00,8.80e+00,
6419,0.00e+00,8.80e+00,
6420,-8.00e-03,8.60e+00,
6421,0.00e+00,8.80e+00,
6422,0.00e+00,8.80e+00,
6423,0.00e+00,8.80e+00,
6424,-8.00e-03,8.80e+00,
6425,-8.00e-03,8.80e+00,
6426,0.00e+00,8.80e+00,
6427,-8.00e-03,8.80e+00,
6428,-8.00e-03,8.80e+00,
6429,-8.00e-03,8.80e+00,
6430,-8.00e-03,8.80e+00,
6431,-8.00e-03,8.80e+00,
6432,-8.00e-03,8.80e+00,
6433,-8.00e-03,8.80e+00,
6434,-8.00e-03,8.80e+00,
6435,-8.00e-03,8.80e+00,
6436,-8.00e-03,8.80e+00,
6437,-8.00e-03,8.80e+00,
6438,-8.00e-03,8.80e+00,
6439,-8.00e-03,8.80e+00,
6440,-8.00e-03,8.80e+00,
6441,-8.00e-03,8.80e+00,
6442,-8.00e-03,8.80e+00,
6443,-8.00e-03,8.80e+00,
6444,-8.00e-03,8.80e+00,
6445,-8.00e-03,8.80e+00,
6446,-8.00e-03,8.80e+00,
6447,-8.00e-03,8.80e+00,
6448,-8.00e-03,8.80e+00,
6449,-8.00e-03,8.80e+00,
6450,-8.00e-03,8.80e+00,
6451,-8.00e-03,8.80e+00,
6452,-8.00e-03,8.60e+00,
6453,-8.00e-03,8.80e+00,
6454,-8.00e-03,8.80e+00,
6455,-8.00e-03,8.80e+00,
6456,-8.00e-03,8.80e+00,
6457,-8.00e-03,8.80e+00,
6458,-8.00e-03,8.80e+00,
6459,-8.00e-03,8.80e+00,
6460,-8.00e-03,8.80e+00,
6461,-8.00e-03,8.80e+00,
6462,-8.00e-03,8.80e+00,
6463,-8.00e-03,8.80e+00,
6464,-8.00e-03,8.80e+00,
6465,-8.00e-03,8.80e+00,
6466,-8.00e-03,8.80e+00,
6467,-8.00e-03,8.80e+00,
6468,-8.00e-03,8.80e+00,
6469,-1.60e-02,8.80e+00,
6470,-8.00e-03,8.80e+00,
6471,-8.00e-03,8.80e+00,
6472,-8.00e-03,8.80e+00,
6473,-1.60e-02,8.80e+00,
6474,-8.00e-03,8.80e+00,
6475,-8.00e-03,8.80e+00,
6476,-8.00e-03,8.80e+00,
6477,-1.60e-02,8.80e+00,
6478,-8.00e-03,8.80e+00,
6479,-1.60e-02,8.80e+00,
6480,-8.00e-03,8.80e+00,
6481,-1.60e-02,9.00e+00,
6482,-8.00e-03,8.80e+00,
6483,-1.60e-02,8.80e+00,
6484,-8.00e-03,8.80e+00,
6485,-1.60e-02,8.80e+00,
6486,-1.60e-02,8.80e+00,
6487,-1.60e-02,8.80e+00,
6488,-1.60e-02,8.80e+00,
6489,-1.60e-02,8.80e+00,
6490,-1.60e-02,8.60e+00,
6491,-1.60e-02,8.80e+00,
6492,-1.60e-02,8.80e+00,
6493,-1.60e-02,8.80e+00,
6494,-1.60e-02,8.80e+00,
6495,-1.60e-02,8.80e+00,
6496,-1.60e-02,8.80e+00,
6497,-1.60e-02,8.80e+00,
6498,-1.60e-02,8.80e+00,
6499,-1.60e-02,9.00e+00,
6500,-1.60e-02,8.60e+00,
6501,-1.60e-02,8.80e+00,
6502,-1.60e-02,8.80e+00,
6503,-1.60e-02,8.80e+00,
6504,-1.60e-02,8.80e+00,
6505,-1.60e-02,8.80e+00,
6506,-1.60e-02,8.80e+00,
6507,-1.60e-02,8.80e+00,
6508,-1.60e-02,8.80e+00,
6509,-1.60e-02,8.80e+00,
6510,-1.60e-02,8.80e+00,
6511,-1.60e-02,8.80e+00,
6512,-1.60e-02,8.80e+00,
6513,-1.60e-02,8.80e+00,
6514,-1.60e-02,8.80e+00,
6515,-1.60e-02,8.80e+00,
6516,-1.60e-02,8.80e+00,
6517,-1.60e-02,8.80e+00,
6518,-1.60e-02,8.80e+00,
6519,-1.60e-02,8.80e+00,
6520,-1.60e-02,8.80e+00,
6521,-1.60e-02,8.80e+00,
6522,-1.60e-02,8.80e+00,
6523,-1.60e-02,8.80e+00,
6524,-1.60e-02,8.80e+00,
6525,-1.60e-02,8.80e+00,
6526,-1.60e-02,8.60e+00,
6527,-1.60e-02,8.80e+00,
6528,-1.60e-02,8.80e+00,
6529,-1.60e-02,8.80e+00,
6530,-1.60e-02,8.80e+00,
6531,-1.60e-02,8.80e+00,
6532,-1.60e-02,8.80e+00,
6533,-2.40e-02,8.80e+00,
6534,-1.60e-02,8.80e+00,
6535,-1.60e-02,8.80e+00,
6536,-1.60e-02,8.80e+00,
6537,-1.60e-02,8.80e+00,
6538,-1.60e-02,8.80e+00,
6539,-1.60e-02,8.80e+00,
6540,-1.60e-02,8.80e+00,
6541,-2.40e-02,8.80e+00,
6542,-1.60e-02,8.80e+00,
6543,-1.60e-02,8.80e+00,
6544,-1.60e-02,8.80e+00,
6545,-2.40e-02,8.80e+00,
6546,-1.60e-02,8.80e+00,
6547,-1.60e-02,8.80e+00,
6548,-2.40e-02,8.80e+00,
6549,-2.40e-02,8.80e+00,
6550,-2.40e-02,8.80e+00,
6551,-2.40e-02,8.80e+00,
6552,-2.40e-02,8.80e+00,
6553,-2.40e-02,8.60e+00,
6554,-1.60e-02,8.80e+00,
6555,-2.40e-02,8.80e+00,
6556,-2.40e-02,8.80e+00,
6557,-2.40e-02,8.80e+00,
6558,-2.40e-02,8.80e+00,
6559,-2.40e-02,8.80e+00,
6560,-1.60e-02,8.80e+00,
6561,-2.40e-02,8.80e+00,
6562,-2.40e-02,8.80e+00,
6563,-2.40e-02,8.80e+00,
6564,-2.40e-02,8.80e+00,
6565,-2.40e-02,8.80e+00,
6566,-2.40e-02,8.60e+00,
6567,-2.40e-02,9.00e+00,
6568,-2.40e-02,8.80e+00,
6569,-2.40e-02,8.80e+00,
6570,-1.60e-02,8.80e+00,
6571,-2.40e-02,8.80e+00,
6572,-2.40e-02,8.80e+00,
6573,-2.40e-02,8.80e+00,
6574,-2.40e-02,8.80e+00,
6575,-2.40e-02,8.80e+00,
6576,-2.40e-02,8.60e+00,
6577,-2.40e-02,8.80e+00,
6578,-2.40e-02,8.60e+00,
6579,-2.40e-02,8.80e+00,
6580,-2.40e-02,8.80e+00,
6581,-2.40e-02,8.80e+00,
6582,-2.40e-02,8.80e+00,
6583,-2.40e-02,8.80e+00,
6584,-2.40e-02,8.80e+00,
6585,-2.40e-02,8.80e+00,
6586,-2.40e-02,8.80e+00,
6587,-2.40e-02,8.80e+00,
6588,-2.40e-02,8.80e+00,
6589,-2.40e-02,8.80e+00,
6590,-2.40e-02,8.60e+00,
6591,-2.40e-02,8.80e+00,
6592,-2.40e-02,8.80e+00,
6593,-2.40e-02,8.80e+00,
6594,-2.40e-02,8.80e+00,
6595,-2.40e-02,8.80e+00,
6596,-2.40e-02,8.80e+00,
6597,-2.40e-02,8.80e+00,
6598,-2.40e-02,8.60e+00,
6599,-2.40e-02,8.80e+00,
6600,-2.40e-02,8.80e+00,
6601,-2.40e-02,8.80e+00,
6602,-2.40e-02,8.60e+00,
6603,-2.40e-02,8.80e+00,
6604,-2.40e-02,8.60e+00,
6605,-2.40e-02,8.80e+00,
6606,-2.40e-02,8.80e+00,
6607,-2.40e-02,8.80e+00,
6608,-2.40e-02,8.80e+00,
6609,-3.20e-02,8.80e+00,
6610,-2.40e-02,8.80e+00,
6611,-2.40e-02,8.80e+00,
6612,-2.40e-02,8.80e+00,
6613,-3.20e-02,8.80e+00,
6614,-2.40e-02,8.80e+00,
6615,-2.40e-02,8.80e+00,
6616,-2.40e-02,8.80e+00,
6617,-2.40e-02,8.80e+00,
6618,-2.40e-02,8.80e+00,
6619,-2.40e-02,8.80e+00,
6620,-2.40e-02,8.80e+00,
6621,-3.20e-02,9.00e+00,
6622,-2.40e-02,8.80e+00,
6623,-2.40e-02,8.80e+00,
6624,-3.20e-02,8.80e+00,
6625,-3.20e-02,8.80e+00,
6626,-2.40e-02,8.80e+00,
6627,-2.40e-02,8.80e+00,
6628,-2.40e-02,8.80e+00,
6629,-3.20e-02,8.80e+00,
6630,-3.20e-02,8.80e+00,
6631,-3.20e-02,8.80e+00,
6632,-2.40e-02,8.80e+00,
6633,-3.20e-02,8.80e+00,
6634,-2.40e-02,8.80e+00,
6635,-3.20e-02,8.80e+00,
6636,-3.20e-02,8.80e+00,
6637,-3.20e-02,8.80e+00,
6638,-3.20e-02,8.80e+00,
6639,-3.20e-02,8.80e+00,
6640,-3.20e-02,8.80e+00,
6641,-3.20e-02,8.80e+00,
6642,-2.40e-02,8.60e+00,
6643,-3.20e-02,8.80e+00,
6644,-3.20e-02,8.80e+00,
6645,-3.20e-02,8.80e+00,
6646,-3.20e-02,8.80e+00,
6647,-3.20e-02,8.80e+00,
6648,-3.20e-02,8.80e+00,
6649,-3.20e-02,8.80e+00,
6650,-3.20e-02,8.80e+00,
6651,-3.20e-02,8.80e+00,
6652,-3.20e-02,8.60e+00,
6653,-3.20e-02,8.60e+00,
6654,-3.20e-02,8.60e+00,
6655,-3.20e-02,8.80e+00,
6656,-3.20e-02,8.80e+00,
6657,-3.20e-02,8.80e+00,
6658,-3.20e-02,8.80e+00,
6659,-3.20e-02,8.80e+00,
6660,-3.20e-02,8.60e+00,
6661,-3.20e-02,8.80e+00,
6662,-3.20e-02,8.80e+00,
6663,-3.20e-02,8.80e+00,
6664,-3.20e-02,8.80e+00,
6665,-3.20e-02,8.80e+00,
6666,-3.20e-02,8.80e+00,
6667,-3.20e-02,8.80e+00,
6668,-3.20e-02,8.80e+00,
6669,-3.20e-02,8.80e+00,
6670,-3.20e-02,8.60e+00,
6671,-3.20e-02,8.80e+00,
6672,-3.20e-02,8.80e+00,
6673,-3.20e-02,8.80e+00,
6674,-3.20e-02,8.60e+00,
6675,-3.20e-02,8.80e+00,
6676,-3.20e-02,8.60e+00,
6677,-3.20e-02,8.80e+00,
6678,-3.20e-02,8.80e+00,
6679,-3.20e-02,8.80e+00,
6680,-3.20e-02,8.80e+00,
6681,-3.20e-02,8.80e+00,
6682,-3.20e-02,8.80e+00,
6683,-3.20e-02,8.80e+00,
6684,-3.20e-02,8.80e+00,
6685,-3.20e-02,8.80e+00,
6686,-3.20e-02,8.80e+00,
6687,-3.20e-02,8.80e+00,
6688,-3.20e-02,8.80e+00,
6689,-3.20e-02,8.80e+00,
6690,-3.20e-02,8.80e+00,
6691,-3.20e-02,8.80e+00,
6692,-3.20e-02,8.80e+00,
6693,-4.00e-02,8.80e+00,
6694,-3.20e-02,8.80e+00,
6695,-3.20e-02,8.80e+00,
6696,-3.20e-02,8.80e+00,
6697,-4.00e-02,8.80e+00,
6698,-3.20e-02,8.80e+00,
6699,-3.20e-02,8.80e+00,
6700,-3.20e-02,8.60e+00,
6701,-4.00e-02,8.80e+00,
6702,-3.20e-02,8.80e+00,
6703,-3.20e-02,8.80e+00,
6704,-3.20e-02,8.80e+00,
6705,-4.00e-02,8.80e+00,
6706,-3.20e-02,8.80e+00,
6707,-3.20e-02,8.80e+00,
6708,-3.20e-02,8.60e+00,
6709,-4.00e-02,8.80e+00,
6710,-3.20e-02,8.80e+00,
6711,-3.20e-02,8.80e+00,
6712,-3.20e-02,8.80e+00,
6713,-4.00e-02,8.80e+00,
6714,-3.20e-02,8.60e+00,
6715,-3.20e-02,8.80e+00,
6716,-3.20e-02,8.80e+00,
6717,-4.00e-02,8.80e+00,
6718,-4.00e-02,8.60e+00,
6719,-3.20e-02,8.80e+00,
6720,-3.20e-02,8.80e+00,
6721,-4.00e-02,8.80e+00,
6722,-3.20e-02,8.80e+00,
6723,-3.20e-02,8.80e+00,
6724,-4.00e-02,8.80e+00,
6725,-4.00e-02,8.80e+00,
6726,-3.20e-02,8.80e+00,
6727,-3.20e-02,8.80e+00,
6728,-4.00e-02,8.80e+00,
6729,-4.00e-02,8.80e+00,
6730,-3.20e-02,8.80e+00,
6731,-4.00e-02,8.80e+00,
6732,-3.20e-02,8.60e+00,
6733,-4.00e-02,8.80e+00,
6734,-4.00e-02,8.60e+00,
6735,-4.00e-02,8.80e+00,
6736,-4.00e-02,8.80e+00,
6737,-4.00e-02,8.80e+00,
6738,-4.00e-02,8.60e+00,
6739,-4.00e-02,8.80e+00,
6740,-4.00e-02,8.80e+00,
6741,-4.00e-02,8.80e+00,
6742,-4.00e-02,8.80e+00,
6743,-4.00e-02,8.80e+00,
6744,-4.00e-02,8.80e+00,
6745,-4.00e-02,8.80e+00,
6746,-4.00e-02,8.60e+00,
6747,-4.00e-02,8.80e+00,
6748,-4.00e-02,8.60e+00,
6749,-4.00e-02,8.80e+00,
6750,-4.00e-02,8.80e+00,
6751,-4.00e-02,8.80e+00,
6752,-4.00e-02,8.60e+00,
6753,-4.00e-02,8.80e+00,
6754,-4.00e-02,8.80e+00,
6755,-4.00e-02,8.80e+00,
6756,-4.00e-02,8.80e+00,
6757,-4.00e-02,8.80e+00,
6758,-4.00e-02,8.60e+00,
6759,-4.00e-02,8.80e+00,
6760,-4.00e-02,8.80e+00,
6761,-4.00e-02,8.80e+00,
6762,-4.00e-02,8.80e+00,
6763,-4.00e-02,8.80e+00,
6764,-4.00e-02,8.60e+00,
6765,-4.00e-02,8.80e+00,
6766,-4.00e-02,8.80e+00,
6767,-4.00e-02,8.80e+00,
6768,-4.00e-02,8.80e+00,
6769,-4.00e-02,8.80e+00,
6770,-4.00e-02,8.80e+00,
6771,-4.00e-02,8.80e+00,
6772,-4.00e-02,8.60e+00,
6773,-4.00e-02,8.80e+00,
6774,-4.00e-02,8.60e+00,
6775,-4.00e-02,8.80e+00,
6776,-4.00e-02,8.80e+00,
6777,-4.00e-02,8.80e+00,
6778,-4.00e-02,8.80e+00,
6779,-4.00e-02,8.80e+00,
6780,-4.00e-02,8.60e+00,
6781,-4.00e-02,8.80e+00,
6782,-4.00e-02,8.80e+00,
6783,-4.00e-02,8.60e+00,
6784,-4.00e-02,8.60e+00,
6785,-4.00e-02,8.80e+00,
6786,-4.00e-02,8.80e+00,
6787,-4.00e-02,8.80e+00,
6788,-4.00e-02,8.60e+00,
6789,-4.80e-02,8.80e+00,
6790,-4.00e-02,8.80e+00,
6791,-4.00e-02,8.80e+00,
6792,-4.00e-02,8.80e+00,
6793,-4.80e-02,8.80e+00,
6794,-4.00e-02,8.80e+00,
6795,-4.00e-02,8.80e+00,
6796,-4.00e-02,8.80e+00,
6797,-4.80e-02,8.80e+00,
6798,-4.00e-02,8.80e+00,
6799,-4.80e-02,8.80e+00,
6800,-4.00e-02,8.60e+00,
6801,-4.80e-02,8.80e+00,
6802,-4.00e-02,8.60e+00,
6803,-4.80e-02,8.60e+00,
6804,-4.00e-02,8.60e+00,
6805,-4.80e-02,8.80e+00,
6806,-4.80e-02,8.80e+00,
6807,-4.80e-02,8.80e+00,
6808,-4.00e-02,8.80e+00,
6809,-4.80e-02,8.80e+00,
6810,-4.00e-02,8.80e+00,
6811,-4.80e-02,8.80e+00,
6812,-4.80e-02,8.80e+00,
6813,-4.80e-02,8.60e+00,
6814,-4.80e-02,8.80e+00,
6815,-4.80e-02,8.80e+00,
6816,-4.80e-02,8.80e+00,
6817,-4.80e-02,8.80e+00,
6818,-4.00e-02,8.60e+00,
6819,-4.80e-02,8.80e+00,
6820,-4.80e-02,8.80e+00,
6821,-4.80e-02,8.60e+00,
6822,-4.80e-02,8.80e+00,
6823,-4.80e-02,8.80e+00,
6824,-4.80e-02,8.80e+00,
6825,-4.80e-02,8.60e+00,
6826,-4.80e-02,8.80e+00,
6827,-4.80e-02,8.80e+00,
6828,-4.80e-02,8.80e+00,
6829,-4.80e-02,8.80e+00,
6830,-4.80e-02,8.80e+00,
6831,-4.80e-02,8.80e+00,
6832,-4.80e-02,8.60e+00,
6833,-4.80e-02,8.60e+00,
6834,-4.80e-02,8.80e+00,
6835,-4.80e-02,8.80e+00,
6836,-4.80e-02,8.60e+00,
6837,-4.80e-02,8.80e+00,
6838,-4.80e-02,8.80e+00,
6839,-4.80e-02,8.80e+00,
6840,-4.80e-02,8.60e+00,
6841,-4.80e-02,8.80e+00,
6842,-4.80e-02,8.60e+00,
6843,-4.80e-02,8.80e+00,
6844,-4.80e-02,8.60e+00,
6845,-4.80e-02,8.80e+00,
6846,-4.80e-02,8.80e+00,
6847,-4.80e-02,8.80e+00,
6848,-4.80e-02,8.80e+00,
6849,-4.80e-02,8.80e+00,
6850,-4.80e-02,8.60e+00,
6851,-4.80e-02,8.80e+00,
6852,-4.80e-02,8.60e+00,
6853,-4.80e-02,8.80e+00,
6854,-4.80e-02,8.80e+00,
6855,-4.80e-02,8.80e+00,
6856,-4.80e-02,8.60e+00,
6857,-4.80e-02,8.80e+00,
6858,-4.80e-02,8.80e+00,
6859,-4.80e-02,8.80e+00,
6860,-4.80e-02,8.60e+00,
6861,-5.60e-02,8.80e+00,
6862,-4.80e-02,8.80e+00,
6863,-4.80e-02,8.80e+00,
6864,-4.80e-02,8.80e+00,
6865,-5.60e-02,8.80e+00,
6866,-4.80e-02,8.60e+00,
6867,-4.80e-02,8.80e+00,
6868,-4.80e-02,8.80e+00,
6869,-5.60e-02,8.80e+00,
6870,-4.80e-02,8.80e+00,
6871,-5.60e-02,8.80e+00,
6872,-4.80e-02,8.60e+00,
6873,-5.60e-02,8.80e+00,
6874,-4.80e-02,8.60e+00,
6875,-5.60e-02,8.80e+00,
6876,-5.60e-02,8.60e+00,
6877,-5.60e-02,8.80e+00,
6878,-5.60e-02,8.80e+00,
6879,-5.60e-02,8.80e+00,
6880,-5.60e-02,8.60e+00,
6881,-5.60e-02,8.60e+00,
6882,-4.80e-02,8.80e+00,
6883,-5.60e-02,8.80e+00,
6884,-5.60e-02,8.60e+00,
6885,-5.60e-02,8.80e+00,
6886,-5.60e-02,8.80e+00,
6887,-5.60e-02,8.60e+00,
6888,-5.60e-02,8.80e+00,
6889,-5.60e-02,8.80e+00,
6890,-5.60e-02,8.80e+00,
6891,-5.60e-02,8.80e+00,
6892,-5.60e-02,8.60e+00,
6893,-5.60e-02,8.80e+00,
6894,-5.60e-02,8.80e+00,
6895,-5.60e-02,8.80e+00,
6896,-5.60e-02,8.80e+00,
6897,-5.60e-02,8.80e+00,
6898,-5.60e-02,8.80e+00,
6899,-5.60e-02,8.80e+00,
6900,-5.60e-02,8.60e+00,
6901,-5.60e-02,8.80e+00,
6902,-5.60e-02,8.60e+00,
6903,-5.60e-02,8.80e+00,
6904,-5.60e-02,8.80e+00,
6905,-5.60e-02,8.60e+00,
6906,-5.60e-02,8.80e+00,
6907,-5.60e-02,8.80e+00,
6908,-5.60e-02,8.60e+00,
6909,-5.60e-02,8.60e+00,
6910,-5.60e-02,8.60e+00,
6911,-5.60e-02,8.80e+00,
6912,-5.60e-02,8.80e+00,
6913,-5.60e-02,8.60e+00,
6914,-5.60e-02,8.60e+00,
6915,-5.60e-02,8.80e+00,
6916,-5.60e-02,8.80e+00,
6917,-6.40e-02,8.80e+00,
6918,-5.60e-02,8.60e+00,
6919,-5.60e-02,8.80e+00,
6920,-5.60e-02,8.60e+00,
6921,-6.40e-02,8.60e+00,
6922,-5.60e-02,8.80e+00,
6923,-6.40e-02,8.60e+00,
6924,-6.40e-02,8.60e+00,
6925,-6.40e-02,8.60e+00,
6926,-6.40e-02,8.80e+00,
6927,-6.40e-02,8.80e+00,
6928,-6.40e-02,8.60e+00,
6929,-6.40e-02,8.80e+00,
6930,-5.60e-02,8.60e+00,
6931,-6.40e-02,8.80e+00,
6932,-6.40e-02,8.60e+00,
6933,-6.40e-02,8.80e+00,
6934,-6.40e-02,8.80e+00,
6935,-6.40e-02,8.80e+00,
6936,-6.40e-02,8.60e+00,
6937,-6.40e-02,8.80e+00,
6938,-6.40e-02,8.80e+00,
6939,-6.40e-02,8.60e+00,
6940,-6.40e-02,8.80e+00,
6941,-6.40e-02,8.80e+00,
6942,-6.40e-02,8.60e+00,
6943,-6.40e-02,8.80e+00,
6944,-6.40e-02,8.80e+00,
6945,-6.40e-02,8.80e+00,
6946,-6.40e-02,8.60e+00,
6947,-6.40e-02,8.80e+00,
6948,-6.40e-02,8.60e+00,
6949,-6.40e-02,8.80e+00,
6950,-6.40e-02,8.80e+00,
6951,-6.40e-02,8.80e+00,
6952,-6.40e-02,8.80e+00,
6953,-6.40e-02,8.80e+00,
6954,-6.40e-02,8.60e+00,
6955,-6.40e-02,8.80e+00,
6956,-6.40e-02,8.60e+00,
6957,-6.40e-02,8.60e+00,
6958,-6.40e-02,8.60e+00,
6959,-6.40e-02,8.60e+00,
6960,-6.40e-02,8.80e+00,
6961,-6.40e-02,8.60e+00,
6962,-6.40e-02,8.80e+00,
6963,-6.40e-02,8.60e+00,
6964,-6.40e-02,8.80e+00,
6965,-7.20e-02,8.80e+00,
6966,-6.40e-02,8.60e+00,
6967,-6.40e-02,8.80e+00,
6968,-6.40e-02,8.80e+00,
6969,-7.20e-02,8.80e+00,
6970,-6.40e-02,8.80e+00,
6971,-7.20e-02,8.80e+00,
6972,-7.20e-02,8.60e+00,
6973,-7.20e-02,8.80e+00,
6974,-7.20e-02,8.60e+00,
6975,-7.20e-02,8.80e+00,
6976,-7.20e-02,8.80e+00,
6977,-7.20e-02,8.80e+00,
6978,-6.40e-02,8.80e+00,
6979,-7.20e-02,8.80e+00,
6980,-7.20e-02,8.80e+00,
6981,-7.20e-02,8.80e+00,
6982,-7.20e-02,8.80e+00,
6983,-7.20e-02,8.80e+00,
6984,-7.20e-02,8.60e+00,
6985,-7.20e-02,8.80e+00,
6986,-7.20e-02,8.60e+00,
6987,-7.20e-02,8.80e+00,
6988,-7.20e-02,8.60e+00,
6989,-7.20e-02,8.80e+00,
6990,-7.20e-02,8.60e+00,
6991,-7.20e-02,8.80e+00,
6992,-7.20e-02,8.80e+00,
6993,-7.20e-02,8.60e+00,
6994,-7.20e-02,8.60e+00,
6995,-7.20e-02,8.80e+00,
6996,-7.20e-02,8.60e+00,
6997,-7.20e-02,8.80e+00,
6998,-7.20e-02,8.80e+00,
6999,-7.20e-02,8.80e+00,
7000,-7.20e-02,8.60e+00,
7001,-7.20e-02,8.80e+00,
7002,-7.20e-02,8.80e+00,
7003,-7.20e-02,8.80e+00,
7004,-7.20e-02,8.60e+00,
7005,-7.20e-02,8.80e+00,
7006,-7.20e-02,8.80e+00,
7007,-7.20e-02,8.80e+00,
7008,-7.20e-02,8.80e+00,
7009,-8.00e-02,8.80e+00,
7010,-7.20e-02,8.60e+00,
7011,-7.20e-02,8.80e+00,
7012,-7.20e-02,8.60e+00,
7013,-8.00e-02,8.80e+00,
7014,-7.20e-02,8.60e+00,
7015,-8.00e-02,8.80e+00,
7016,-7.20e-02,8.80e+00,
7017,-8.00e-02,8.60e+00,
7018,-7.20e-02,8.80e+00,
7019,-8.00e-02,8.80e+00,
7020,-8.00e-02,8.60e+00,
7021,-8.00e-02,8.60e+00,
7022,-8.00e-02,8.60e+00,
7023,-8.00e-02,8.80e+00,
7024,-8.00e-02,8.80e+00,
7025,-8.00e-02,8.80e+00,
7026,-8.00e-02,8.80e+00,
7027,-8.00e-02,8.80e+00,
7028,-8.00e-02,8.80e+00,
7029,-8.00e-02,8.80e+00,
7030,-8.00e-02,8.60e+00,
7031,-8.00e-02,8.60e+00,
7032,-8.00e-02,8.60e+00,
7033,-8.00e-02,8.60e+00,
7034,-8.00e-02,8.60e+00,
7035,-8.00e-02,8.80e+00,
7036,-8.00e-02,8.60e+00,
7037,-8.00e-02,8.60e+00,
7038,-8.00e-02,8.60e+00,
7039,-8.00e-02,8.80e+00,
7040,-8.00e-02,8.60e+00,
7041,-8.00e-02,8.80e+00,
7042,-8.00e-02,8.60e+00,
7043,-8.00e-02,8.60e+00,
7044,-8.00e-02,8.80e+00,
7045,-8.00e-02,8.80e+00,
7046,-8.00e-02,8.60e+00,
7047,-8.00e-02,8.80e+00,
7048,-8.00e-02,8.60e+00,
7049,-8.00e-02,8.80e+00,
7050,-8.00e-02,8.60e+00,
7051,-8.00e-02,8.80e+00,
7052,-8.00e-02,8.80e+00,
7053,-8.80e-02,8.80e+00,
7054,-8.00e-02,8.60e+00,
7055,-8.00e-02,8.80e+00,
7056,-8.00e-02,8.60e+00,
7057,-8.80e-02,8.80e+00,
7058,-8.00e-02,8.60e+00,
7059,-8.00e-02,8.80e+00,
7060,-8.00e-02,8.60e+00,
7061,-8.80e-02,8.80e+00,
7062,-8.00e-02,8.80e+00,
7063,-8.80e-02,8.60e+00,
7064,-8.80e-02,8.60e+00,
7065,-8.80e-02,8.60e+00,
7066,-8.00e-02,8.60e+00,
7067,-8.80e-02,8.80e+00,
7068,-8.00e-02,8.60e+00,
7069,-8.80e-02,8.80e+00,
7070,-8.80e-02,8.60e+00,
7071,-8.80e-02,8.80e+00,
7072,-8.80e-02,8.80e+00,
7073,-8.80e-02,8.60e+00,
7074,-8.80e-02,8.60e+00,
7075,-8.80e-02,8.60e+00,
7076,-8.80e-02,8.60e+00,
7077,-8.80e-02,8.80e+00,
7078,-8.80e-02,8.80e+00,
7079,-8.80e-02,8.60e+00,
7080,-8.80e-02,8.60e+00,
7081,-8.80e-02,8.60e+00,
7082,-8.80e-02,8.60e+00,
7083,-8.80e-02,8.80e+00,
7084,-8.80e-02,8.60e+00,
7085,-8.80e-02,8.60e+00,
7086,-8.80e-02,8.60e+00,
7087,-8.80e-02,8.60e+00,
7088,-8.80e-02,8.60e+00,
7089,-8.80e-02,8.60e+00,
7090,-8.80e-02,8.60e+00,
7091,-8.80e-02,8.80e+00,
7092,-8.80e-02,8.60e+00,
7093,-9.60e-02,8.80e+00,
7094,-8.80e-02,8.60e+00,
7095,-8.80e-02,8.80e+00,
7096,-8.80e-02,8.60e+00,
7097,-9.60e-02,8.60e+00,
7098,-8.80e-02,8.60e+00,
7099,-8.80e-02,8.60e+00,
7100,-8.80e-02,8.60e+00,
7101,-9.60e-02,8.80e+00,
7102,-8.80e-02,8.80e+00,
7103,-8.80e-02,8.60e+00,
7104,-8.80e-02,8.60e+00,
7105,-9.60e-02,8.80e+00,
7106,-8.80e-02,8.60e+00,
7107,-9.60e-02,8.80e+00,
7108,-8.80e-02,8.80e+00,
7109,-9.60e-02,8.60e+00,
7110,-9.60e-02,8.60e+00,
7111,-9.60e-02,8.80e+00,
7112,-9.60e-02,8.60e+00,
7113,-9.60e-02,8.60e+00,
7114,-8.80e-02,8.60e+00,
7115,-9.60e-02,8.80e+00,
7116,-9.60e-02,8.60e+00,
7117,-9.60e-02,8.80e+00,
7118,-9.60e-02,8.60e+00,
7119,-9.60e-02,8.80e+00,
7120,-9.60e-02,8.60e+00,
7121,-9.60e-02,8.60e+00,
7122,-9.60e-02,8.60e+00,
7123,-9.60e-02,8.80e+00,
7124,-9.60e-02,8.60e+00,
7125,-9.60e-02,8.60e+00,
7126,-9.60e-02,8.60e+00,
7127,-9.60e-02,8.60e+00,
7128,-9.60e-02,8.80e+00,
7129,-9.60e-02,8.60e+00,
7130,-9.60e-02,8.60e+00,
7131,-9.60e-02,8.80e+00,
7132,-9.60e-02,8.60e+00,
7133,-9.60e-02,8.80e+00,
7134,-9.60e-02,8.60e+00,
7135,-9.60e-02,8.60e+00,
7136,-9.60e-02,8.80e+00,
7137,-9.60e-02,8.60e+00,
7138,-9.60e-02,8.60e+00,
7139,-9.60e-02,8.80e+00,
7140,-9.60e-02,8.60e+00,
7141,-9.60e-02,8.80e+00,
7142,-9.60e-02,8.60e+00,
7143,-9.60e-02,8.60e+00,
7144,-9.60e-02,8.60e+00,
7145,-9.60e-02,8.80e+00,
7146,-9.60e-02,8.60e+00,
7147,-9.60e-02,8.80e+00,
7148,-9.60e-02,8.60e+00,
7149,-9.60e-02,8.60e+00,
7150,-9.60e-02,8.60e+00,
7151,-9.60e-02,8.60e+00,
7152,-9.60e-02,8.80e+00,
7153,-1.04e-01,8.60e+00,
7154,-9.60e-02,8.60e+00,
7155,-9.60e-02,8.60e+00,
7156,-9.60e-02,8.80e+00,
7157,-1.04e-01,8.80e+00,
7158,-9.60e-02,8.60e+00,
7159,-9.60e-02,8.80e+00,
7160,-9.60e-02,8.60e+00,
7161,-1.04e-01,8.60e+00,
7162,-9.60e-02,8.80e+00,
7163,-9.60e-02,8.60e+00,
7164,-9.60e-02,8.60e+00,
7165,-1.04e-01,8.80e+00,
7166,-9.60e-02,8.60e+00,
7167,-1.04e-01,8.80e+00,
7168,-9.60e-02,8.80e+00,
7169,-1.04e-01,8.60e+00,
7170,-9.60e-02,8.60e+00,
7171,-1.04e-01,8.60e+00,
7172,-1.04e-01,8.60e+00,
7173,-1.04e-01,8.80e+00,
7174,-1.04e-01,8.60e+00,
7175,-1.04e-01,8.60e+00,
7176,-1.04e-01,8.80e+00,
7177,-1.04e-01,8.80e+00,
7178,-1.04e-01,8.80e+00,
7179,-1.04e-01,8.80e+00,
7180,-1.04e-01,8.60e+00,
7181,-1.04e-01,8.60e+00,
7182,-1.04e-01,8.60e+00,
7183,-1.04e-01,8.60e+00,
7184,-1.04e-01,8.60e+00,
7185,-1.04e-01,8.60e+00,
7186,-1.04e-01,8.60e+00,
7187,-1.04e-01,8.80e+00,
7188,-1.04e-01,8.80e+00,
7189,-1.04e-01,8.80e+00,
7190,-1.04e-01,8.60e+00,
7191,-1.04e-01,8.60e+00,
7192,-1.04e-01,8.80e+00,
7193,-1.04e-01,8.80e+00,
7194,-1.04e-01,8.60e+00,
7195,-1.04e-01,8.60e+00,
7196,-1.04e-01,8.60e+00,
7197,-1.04e-01,8.60e+00,
7198,-1.04e-01,8.80e+00,
7199,-1.04e-01,8.80e+00,
7200,-1.04e-01,8.60e+00,
7201,-1.04e-01,8.60e+00,
7202,-1.04e-01,8.60e+00,
7203,-1.04e-01,8.60e+00,
7204,-1.04e-01,8.60e+00,
7205,-1.04e-01,8.60e+00,
7206,-1.04e-01,8.60e+00,
7207,-1.04e-01,8.60e+00,
7208,-1.04e-01,8.60e+00,
7209,-1.04e-01,8.60e+00,
7210,-1.04e-01,8.60e+00,
7211,-1.04e-01,8.60e+00,
7212,-1.04e-01,8.60e+00,
7213,-1.04e-01,8.80e+00,
7214,-1.04e-01,8.60e+00,
7215,-1.04e-01,8.80e+00,
7216,-1.04e-01,8.60e+00,
7217,-1.12e-01,8.60e+00,
7218,-1.04e-01,8.60e+00,
7219,-1.04e-01,8.80e+00,
7220,-1.04e-01,8.60e+00,
7221,-1.12e-01,8.60e+00,
7222,-1.04e-01,8.60e+00,
7223,-1.12e-01,8.60e+00,
7224,-1.04e-01,8.60e+00,
7225,-1.12e-01,8.80e+00,
7226,-1.04e-01,8.60e+00,
7227,-1.12e-01,8.60e+00,
7228,-1.04e-01,8.60e+00,
7229,-1.12e-01,8.60e+00,
7230,-1.04e-01,8.60e+00,
7231,-1.12e-01,8.60e+00,
7232,-1.12e-01,8.80e+00,
7233,-1.12e-01,8.60e+00,
7234,-1.04e-01,8.60e+00,
7235,-1.12e-01,8.60e+00,
7236,-1.12e-01,8.60e+00,
7237,-1.12e-01,8.80e+00,
7238,-1.12e-01,8.60e+00,
7239,-1.12e-01,8.80e+00,
7240,-1.04e-01,8.60e+00,
7241,-1.12e-01,8.80e+00,
7242,-1.12e-01,8.60e+00,
7243,-1.12e-01,8.60e+00,
7244,-1.12e-01,8.60e+00,
7245,-1.12e-01,8.80e+00,
7246,-1.12e-01,8.60e+00,
7247,-1.12e-01,8.60e+00,
7248,-1.12e-01,8.80e+00,
7249,-1.12e-01,8.80e+00,
7250,-1.12e-01,8.60e+00,
7251,-1.12e-01,8.80e+00,
7252,-1.12e-01,8.60e+00,
7253,-1.12e-01,8.60e+00,
7254,-1.12e-01,8.60e+00,
7255,-1.12e-01,8.80e+00,
7256,-1.12e-01,8.60e+00,
7257,-1.12e-01,8.80e+00,
7258,-1.12e-01,8.60e+00,
7259,-1.12e-01,8.60e+00,
7260,-1.12e-01,8.60e+00,
7261,-1.12e-01,8.60e+00,
7262,-1.12e-01,8.60e+00,
7263,-1.12e-01,8.80e+00,
7264,-1.12e-01,8.60e+00,
7265,-1.12e-01,8.60e+00,
7266,-1.12e-01,8.60e+00,
7267,-1.12e-01,8.80e+00,
7268,-1.12e-01,8.60e+00,
7269,-1.12e-01,8.80e+00,
7270,-1.12e-01,8.60e+00,
7271,-1.12e-01,8.60e+00,
7272,-1.12e-01,8.80e+00,
7273,-1.20e-01,8.60e+00,
7274,-1.12e-01,8.80e+00,
7275,-1.12e-01,8.80e+00,
7276,-1.12e-01,8.60e+00,
7277,-1.20e-01,8.60e+00,
7278,-1.12e-01,8.60e+00,
7279,-1.12e-01,8.60e+00,
7280,-1.12e-01,8.60e+00,
7281,-1.20e-01,8.60e+00,
7282,-1.12e-01,8.60e+00,
7283,-1.12e-01,8.80e+00,
7284,-1.12e-01,8.60e+00,
7285,-1.12e-01,8.60e+00,
7286,-1.12e-01,8.60e+00,
7287,-1.12e-01,8.60e+00,
7288,-1.12e-01,8.60e+00,
7289,-1.20e-01,8.60e+00,
7290,-1.12e-01,8.60e+00,
7291,-1.20e-01,8.80e+00,
7292,-1.12e-01,8.60e+00,
7293,-1.20e-01,8.60e+00,
7294,-1.12e-01,8.60e+00,
7295,-1.12e-01,8.60e+00,
7296,-1.12e-01,8.60e+00,
7297,-1.20e-01,8.60e+00,
7298,-1.12e-01,8.60e+00,
7299,-1.20e-01,8.60e+00,
7300,-1.20e-01,8.60e+00,
7301,-1.44e-01,8.60e+00,
7302,-1.60e-01,8.60e+00,
7303,-1.60e-01,8.60e+00,
7304,-1.36e-01,8.80e+00,
7305,-1.44e-01,8.60e+00,
7306,-1.36e-01,8.60e+00,
7307,-1.12e-01,8.80e+00,
7308,-8.00e-02,8.60e+00,
7309,-6.40e-02,8.80e+00,
7310,-6.40e-02,8.60e+00,
7311,-8.00e-02,8.60e+00,
7312,-1.04e-01,8.60e+00,
7313,-1.28e-01,8.60e+00,
7314,-1.44e-01,8.60e+00,
7315,-1.60e-01,8.60e+00,
7316,-1.44e-01,8.60e+00,
7317,-1.28e-01,8.80e+00,
7318,-9.60e-02,8.60e+00,
7319,-8.00e-02,8.80e+00,
7320,-8.00e-02,8.80e+00,
7321,-9.60e-02,8.60e+00,
7322,-1.12e-01,8.60e+00,
7323,-1.28e-01,8.60e+00,
7324,-1.44e-01,8.40e+00,
7325,-1.60e-01,8.60e+00,
7326,-1.36e-01,8.80e+00,
7327,-1.20e-01,8.80e+00,
7328,-9.60e-02,8.80e+00,
7329,-8.80e-02,8.80e+00,
7330,-8.80e-02,8.60e+00,
7331,-1.04e-01,8.60e+00,
7332,-1.12e-01,8.60e+00,
7333,-1.28e-01,8.60e+00,
7334,-1.36e-01,8.60e+00,
7335,-1.44e-01,8.60e+00,
7336,-1.36e-01,8.60e+00,
7337,-1.20e-01,8.80e+00,
7338,-1.04e-01,8.80e+00,
7339,-9.60e-02,8.80e+00,
7340,-9.60e-02,8.60e+00,
7341,-1.12e-01,8.80e+00,
7342,-1.20e-01,8.60e+00,
7343,-1.28e-01,8.60e+00,
7344,-1.36e-01,8.60e+00,
7345,-1.36e-01,8.80e+00,
7346,-1.28e-01,8.60e+00,
7347,-1.20e-01,8.80e+00,
7348,-1.04e-01,8.60e+00,
7349,-1.04e-01,8.80e+00,
7350,-1.04e-01,8.60e+00,
7351,-1.12e-01,8.80e+00,
7352,-1.20e-01,8.60e+00,
7353,-1.28e-01,8.60e+00,
7354,-1.36e-01,8.60e+00,
7355,-1.36e-01,8.60e+00,
7356,-1.28e-01,8.60e+00,
7357,-1.20e-01,8.60e+00,
7358,-1.04e-01,8.60e+00,
7359,-1.04e-01,8.80e+00,
7360,-1.12e-01,8.60e+00,
7361,-1.20e-01,8.60e+00,
7362,-1.20e-01,8.80e+00,
7363,-1.28e-01,8.60e+00,
7364,-1.28e-01,8.60e+00,
7365,-1.28e-01,8.60e+00,
7366,-1.20e-01,8.60e+00,
7367,-1.20e-01,8.60e+00,
7368,-1.12e-01,8.60e+00,
7369,-1.12e-01,8.60e+00,
7370,-1.12e-01,8.60e+00,
7371,-1.20e-01,8.60e+00,
7372,-1.20e-01,8.60e+00,
7373,-1.28e-01,8.60e+00,
7374,-1.28e-01,8.60e+00,
7375,-1.28e-01,8.60e+00,
7376,-1.20e-01,8.60e+00,
7377,-1.20e-01,8.60e+00,
7378,-1.12e-01,8.60e+00,
7379,-1.12e-01,8.80e+00,
7380,-1.12e-01,8.60e+00,
7381,-1.20e-01,8.60e+00,
7382,-1.28e-01,8.60e+00,
7383,-1.28e-01,8.60e+00,
7384,-1.28e-01,8.60e+00,
7385,-1.28e-01,8.60e+00,
7386,-1.20e-01,8.60e+00,
7387,-1.20e-01,8.60e+00,
7388,-1.12e-01,8.60e+00,
7389,-1.20e-01,8.60e+00,
7390,-1.20e-01,8.60e+00,
7391,-1.20e-01,8.60e+00,
7392,-1.28e-01,8.60e+00,
7393,-1.28e-01,8.80e+00,
7394,-1.28e-01,8.60e+00,
7395,-1.28e-01,8.60e+00,
7396,-1.20e-01,8.60e+00,
7397,-1.20e-01,8.80e+00,
7398,-1.12e-01,8.60e+00,
7399,-1.20e-01,8.60e+00,
7400,-1.20e-01,8.60e+00,
7401,-1.28e-01,8.80e+00,
7402,-1.20e-01,8.60e+00,
7403,-1.28e-01,8.80e+00,
7404,-1.28e-01,8.60e+00,
7405,-1.28e-01,8.80e+00,
7406,-1.20e-01,8.60e+00,
7407,-1.20e-01,8.60e+00,
7408,-1.12e-01,8.60e+00,
7409,-1.20e-01,8.60e+00,
7410,-1.20e-01,8.60e+00,
7411,-1.28e-01,8.80e+00,
7412,-1.28e-01,8.60e+00,
7413,-1.28e-01,8.60e+00,
7414,-1.28e-01,8.60e+00,
7415,-1.20e-01,8.80e+00,
7416,-1.20e-01,8.80e+00,
7417,-1.20e-01,8.60e+00,
7418,-1.20e-01,8.60e+00,
7419,-1.20e-01,8.60e+00,
7420,-1.20e-01,8.60e+00,
7421,-1.28e-01,8.60e+00,
7422,-1.28e-01,8.60e+00,
7423,-1.28e-01,8.80e+00,
7424,-1.20e-01,8.60e+00,
7425,-1.28e-01,8.60e+00,
7426,-1.20e-01,8.80e+00,
7427,-1.20e-01,8.80e+00,
7428,-1.20e-01,8.60e+00,
7429,-1.28e-01,8.80e+00,
7430,-1.20e-01,8.60e+00,
7431,-1.28e-01,8.60e+00,
7432,-1.28e-01,8.80e+00,
7433,-1.28e-01,8.60e+00,
7434,-1.20e-01,8.60e+00,
7435,-1.28e-01,8.60e+00,
7436,-1.20e-01,8.80e+00,
7437,-1.20e-01,8.60e+00,
7438,-1.20e-01,8.60e+00,
7439,-1.20e-01,8.80e+00,
7440,-1.20e-01,8.60e+00,
7441,-1.28e-01,8.60e+00,
7442,-1.28e-01,8.60e+00,
7443,-1.28e-01,8.60e+00,
7444,-1.28e-01,8.60e+00,
7445,-1.28e-01,8.60e+00,
7446,-1.20e-01,8.60e+00,
7447,-1.20e-01,8.60e+00,
7448,-1.20e-01,8.80e+00,
7449,-1.28e-01,8.80e+00,
7450,-1.20e-01,8.60e+00,
7451,-1.28e-01,8.80e+00,
7452,-1.28e-01,8.60e+00,
7453,-1.28e-01,8.80e+00,
7454,-1.28e-01,8.80e+00,
7455,-1.28e-01,8.60e+00,
7456,-1.20e-01,8.60e+00,
7457,-1.28e-01,8.80e+00,
7458,-1.20e-01,8.60e+00,
7459,-1.28e-01,8.80e+00,
7460,-1.28e-01,8.60e+00,
7461,-1.28e-01,8.60e+00,
7462,-1.28e-01,8.60e+00,
7463,-1.28e-01,8.60e+00,
7464,-1.28e-01,8.60e+00,
7465,-1.28e-01,8.60e+00,
7466,-1.28e-01,8.60e+00,
7467,-1.28e-01,8.60e+00,
7468,-1.28e-01,8.60e+00,
7469,-1.28e-01,8.60e+00,
7470,-1.28e-01,8.80e+00,
7471,-1.28e-01,8.60e+00,
7472,-1.28e-01,8.60e+00,
7473,-1.28e-01,8.60e+00,
7474,-1.28e-01,8.60e+00,
7475,-1.28e-01,8.60e+00,
7476,-1.28e-01,8.60e+00,
7477,-1.28e-01,8.80e+00,
7478,-1.28e-01,8.60e+00,
7479,-1.28e-01,8.60e+00,
7480,-1.28e-01,8.80e+00,
7481,-1.28e-01,8.60e+00,
7482,-1.28e-01,8.60e+00,
7483,-1.28e-01,8.60e+00,
7484,-1.28e-01,8.80e+00,
7485,-1.28e-01,8.60e+00,
7486,-1.28e-01,8.60e+00,
7487,-1.28e-01,8.60e+00,
7488,-1.28e-01,8.60e+00,
7489,-1.28e-01,8.80e+00,
7490,-1.28e-01,8.60e+00,
7491,-1.28e-01,8.60e+00,
7492,-1.28e-01,8.60e+00,
7493,-1.28e-01,8.60e+00,
7494,-1.28e-01,8.60e+00,
7495,-1.28e-01,8.60e+00,
7496,-1.28e-01,8.60e+00,
7497,-1.28e-01,8.80e+00,
7498,-1.28e-01,8.60e+00,
7499,-1.28e-01,8.60e+00,
7500,-1.28e-01,8.60e+00,
7501,-1.28e-01,8.80e+00,
7502,-1.28e-01,8.80e+00,
7503,-1.28e-01,8.80e+00,
7504,-1.28e-01,8.60e+00,
7505,-1.28e-01,8.60e+00,
7506,-1.28e-01,8.60e+00,
7507,-1.28e-01,8.60e+00,
7508,-1.28e-01,8.60e+00,
7509,-1.28e-01,8.80e+00,
7510,-1.28e-01,8.60e+00,
7511,-1.28e-01,8.80e+00,
7512,-1.28e-01,8.60e+00,
7513,-1.28e-01,8.60e+00,
7514,-1.28e-01,8.60e+00,
7515,-1.28e-01,8.60e+00,
7516,-1.28e-01,8.60e+00,
7517,-1.28e-01,8.80e+00,
7518,-1.28e-01,8.60e+00,
7519,-1.28e-01,8.60e+00,
7520,-1.28e-01,8.60e+00,
7521,-1.36e-01,8.60e+00,
7522,-1.28e-01,8.60e+00,
7523,-1.28e-01,8.60e+00,
7524,-1.28e-01,8.60e+00,
7525,-1.36e-01,8.60e+00,
7526,-1.28e-01,8.60e+00,
7527,-1.28e-01,8.60e+00,
7528,-1.28e-01,8.60e+00,
7529,-1.36e-01,8.60e+00,
7530,-1.28e-01,8.60e+00,
7531,-1.36e-01,8.60e+00,
7532,-1.28e-01,8.60e+00,
7533,-1.36e-01,8.60e+00,
7534,-1.28e-01,8.60e+00,
7535,-1.28e-01,8.80e+00,
7536,-1.28e-01,8.60e+00,
7537,-1.36e-01,8.60e+00,
7538,-1.28e-01,8.60e+00,
7539,-1.36e-01,8.60e+00,
7540,-1.28e-01,8.60e+00,
7541,-1.36e-01,8.60e+00,
7542,-1.36e-01,8.60e+00,
7543,-1.36e-01,8.60e+00,
7544,-1.28e-01,8.60e+00,
7545,-1.36e-01,8.60e+00,
7546,-1.28e-01,8.60e+00,
7547,-1.36e-01,8.60e+00,
7548,-1.28e-01,8.60e+00,
7549,-1.36e-01,8.80e+00,
7550,-1.36e-01,8.60e+00,
7551,-1.36e-01,8.60e+00,
7552,-1.28e-01,8.60e+00,
7553,-1.36e-01,8.60e+00,
7554,-1.36e-01,8.60e+00,
7555,-1.36e-01,8.60e+00,
7556,-1.36e-01,8.60e+00,
7557,-1.36e-01,8.80e+00,
7558,-1.36e-01,8.60e+00,
7559,-1.36e-01,8.60e+00,
7560,-1.36e-01,8.60e+00,
7561,-1.36e-01,8.60e+00,
7562,-1.36e-01,8.60e+00,
7563,-1.36e-01,8.60e+00,
7564,-1.36e-01,8.60e+00,
7565,-1.36e-01,8.80e+00,
7566,-1.36e-01,8.40e+00,
7567,-1.36e-01,8.60e+00,
7568,-1.36e-01,8.60e+00,
7569,-1.36e-01,8.60e+00,
7570,-1.36e-01,8.60e+00,
7571,-1.36e-01,8.60e+00,
7572,-1.36e-01,8.60e+00,
7573,-1.36e-01,8.80e+00,
7574,-1.36e-01,8.60e+00,
7575,-1.36e-01,8.60e+00,
7576,-1.36e-01,8.60e+00,
7577,-1.36e-01,8.60e+00,
7578,-1.36e-01,8.60e+00,
7579,-1.36e-01,8.80e+00,
7580,-1.36e-01,8.60e+00,
7581,-1.36e-01,8.60e+00,
7582,-1.36e-01,8.60e+00,
7583,-1.36e-01,8.60e+00,
7584,-1.36e-01,8.60e+00,
7585,-1.36e-01,8.80e+00,
7586,-1.36e-01,8.60e+00,
7587,-1.36e-01,8.60e+00,
7588,-1.36e-01,8.60e+00,
7589,-1.36e-01,8.60e+00,
7590,-1.36e-01,8.60e+00,
7591,-1.36e-01,8.60e+00,
7592,-1.36e-01,8.60e+00,
7593,-1.36e-01,8.60e+00,
7594,-1.36e-01,8.60e+00,
7595,-1.44e-01,8.60e+00,
7596,-1.36e-01,8.60e+00,
7597,-1.44e-01,8.80e+00,
7598,-1.36e-01,8.60e+00,
7599,-1.36e-01,8.60e+00,
7600,-1.36e-01,8.60e+00,
7601,-1.44e-01,8.60e+00,
7602,-1.36e-01,8.60e+00,
7603,-1.44e-01,8.60e+00,
7604,-1.36e-01,8.60e+00,
7605,-1.44e-01,8.60e+00,
7606,-1.44e-01,8.60e+00,
7607,-1.44e-01,8.60e+00,
7608,-1.36e-01,8.60e+00,
7609,-1.44e-01,8.60e+00,
7610,-1.36e-01,8.60e+00,
7611,-1.44e-01,8.60e+00,
7612,-1.44e-01,8.60e+00,
7613,-1.44e-01,8.60e+00,
7614,-1.44e-01,8.60e+00,
7615,-1.44e-01,8.60e+00,
7616,-1.44e-01,8.60e+00,
7617,-1.44e-01,8.60e+00,
7618,-1.44e-01,8.60e+00,
7619,-1.44e-01,8.60e+00,
7620,-1.44e-01,8.60e+00,
7621,-1.44e-01,8.80e+00,
7622,-1.44e-01,8.60e+00,
7623,-1.44e-01,8.60e+00,
7624,-1.44e-01,8.60e+00,
7625,-1.44e-01,8.60e+00,
7626,-1.44e-01,8.60e+00,
7627,-1.44e-01,8.60e+00,
7628,-1.44e-01,8.60e+00,
7629,-1.44e-01,8.60e+00,
7630,-1.44e-01,8.60e+00,
7631,-1.44e-01,8.60e+00,
7632,-1.44e-01,8.60e+00,
7633,-1.44e-01,8.60e+00,
7634,-1.44e-01,8.60e+00,
7635,-1.44e-01,8.60e+00,
7636,-1.44e-01,8.60e+00,
7637,-1.44e-01,8.60e+00,
7638,-1.44e-01,8.80e+00,
7639,-1.44e-01,8.60e+00,
7640,-1.44e-01,8.60e+00,
7641,-1.44e-01,8.80e+00,
7642,-1.44e-01,8.60e+00,
7643,-1.44e-01,8.60e+00,
7644,-1.44e-01,8.60e+00,
7645,-1.44e-01,8.60e+00,
7646,-1.44e-01,8.60e+00,
7647,-1.44e-01,8.60e+00,
7648,-1.44e-01,8.60e+00,
7649,-1.60e-01,8.60e+00,
7650,-1.44e-01,8.60e+00,
7651,-1.60e-01,8.60e+00,
7652,-1.44e-01,8.60e+00,
7653,-1.60e-01,8.80e+00,
7654,-1.44e-01,8.60e+00,
7655,-1.44e-01,8.60e+00,
7656,-1.44e-01,8.60e+00,
7657,-1.60e-01,8.60e+00,
7658,-1.44e-01,8.60e+00,
7659,-1.60e-01,8.60e+00,
7660,-1.44e-01,8.60e+00,
7661,-1.60e-01,8.60e+00,
7662,-1.60e-01,8.60e+00,
7663,-1.60e-01,8.60e+00,
7664,-1.60e-01,8.60e+00,
7665,-1.60e-01,8.60e+00,
7666,-1.60e-01,8.60e+00,
7667,-1.60e-01,8.60e+00,
7668,-1.44e-01,8.60e+00,
7669,-1.60e-01,8.60e+00,
7670,-1.60e-01,8.60e+00,
7671,-1.60e-01,8.60e+00,
7672,-1.60e-01,8.60e+00,
7673,-1.60e-01,8.60e+00,
7674,-1.60e-01,8.60e+00,
7675,-1.60e-01,8.60e+00,
7676,-1.60e-01,8.60e+00,
7677,-1.60e-01,8.60e+00,
7678,-1.60e-01,8.60e+00,
7679,-1.60e-01,8.60e+00,
7680,-1.60e-01,8.60e+00,
7681,-1.60e-01,8.60e+00,
7682,-1.60e-01,8.60e+00,
7683,-1.60e-01,8.60e+00,
7684,-1.60e-01,8.60e+00,
7685,-1.60e-01,8.60e+00,
7686,-1.60e-01,8.60e+00,
7687,-1.60e-01,8.60e+00,
7688,-1.60e-01,8.60e+00,
7689,-1.60e-01,8.60e+00,
7690,-1.60e-01,8.60e+00,
7691,-1.60e-01,8.60e+00,
7692,-1.60e-01,8.60e+00,
7693,-1.68e-01,8.60e+00,
7694,-1.60e-01,8.60e+00,
7695,-1.60e-01,8.60e+00,
7696,-1.60e-01,8.60e+00,
7697,-1.68e-01,8.60e+00,
7698,-1.60e-01,8.60e+00,
7699,-1.60e-01,8.60e+00,
7700,-1.60e-01,8.60e+00,
7701,-1.68e-01,8.60e+00,
7702,-1.60e-01,8.60e+00,
7703,-1.68e-01,8.60e+00,
7704,-1.60e-01,8.60e+00,
7705,-1.68e-01,8.60e+00,
7706,-1.60e-01,8.60e+00,
7707,-1.68e-01,8.60e+00,
7708,-1.60e-01,8.60e+00,
7709,-1.68e-01,8.60e+00,
7710,-1.60e-01,8.60e+00,
7711,-1.68e-01,8.60e+00,
7712,-1.68e-01,8.60e+00,
7713,-1.68e-01,8.60e+00,
7714,-1.68e-01,8.60e+00,
7715,-1.68e-01,8.60e+00,
7716,-1.68e-01,8.60e+00,
7717,-1.68e-01,8.60e+00,
7718,-1.68e-01,8.60e+00,
7719,-1.68e-01,8.60e+00,
7720,-1.68e-01,8.60e+00,
7721,-1.68e-01,8.60e+00,
7722,-1.68e-01,8.60e+00,
7723,-1.68e-01,8.60e+00,
7724,-1.68e-01,8.60e+00,
7725,-1.68e-01,8.60e+00,
7726,-1.68e-01,8.60e+00,
7727,-1.68e-01,8.60e+00,
7728,-1.68e-01,8.60e+00,
7729,-1.68e-01,8.60e+00,
7730,-1.68e-01,8.60e+00,
7731,-1.68e-01,8.60e+00,
7732,-1.68e-01,8.60e+00,
7733,-1.68e-01,8.60e+00,
7734,-1.68e-01,8.60e+00,
7735,-1.68e-01,8.60e+00,
7736,-1.68e-01,8.60e+00,
7737,-1.68e-01,8.60e+00,
7738,-1.68e-01,8.60e+00,
7739,-1.68e-01,8.60e+00,
7740,-1.68e-01,8.60e+00,
7741,-1.76e-01,8.60e+00,
7742,-1.68e-01,8.60e+00,
7743,-1.68e-01,8.60e+00,
7744,-1.68e-01,8.60e+00,
7745,-1.76e-01,8.60e+00,
7746,-1.68e-01,8.60e+00,
7747,-1.76e-01,8.60e+00,
7748,-1.68e-01,8.60e+00,
7749,-1.76e-01,8.60e+00,
7750,-1.68e-01,8.60e+00,
7751,-1.68e-01,8.60e+00,
7752,-1.68e-01,8.60e+00,
7753,-1.76e-01,8.60e+00,
7754,-1.68e-01,8.60e+00,
7755,-1.76e-01,8.60e+00,
7756,-1.68e-01,8.60e+00,
7757,-1.76e-01,8.60e+00,
7758,-1.76e-01,8.60e+00,
7759,-1.76e-01,8.60e+00,
7760,-1.76e-01,8.60e+00,
7761,-1.76e-01,8.40e+00,
7762,-1.76e-01,8.60e+00,
7763,-1.76e-01,8.60e+00,
7764,-1.76e-01,8.60e+00,
7765,-1.76e-01,8.80e+00,
7766,-1.76e-01,8.40e+00,
7767,-1.76e-01,8.60e+00,
7768,-1.76e-01,8.60e+00,
7769,-1.76e-01,8.60e+00,
7770,-1.76e-01,8.60e+00,
7771,-1.76e-01,8.60e+00,
7772,-1.76e-01,8.60e+00,
7773,-1.76e-01,8.60e+00,
7774,-1.76e-01,8.60e+00,
7775,-1.76e-01,8.60e+00,
7776,-1.76e-01,8.60e+00,
7777,-1.76e-01,8.60e+00,
7778,-1.76e-01,8.60e+00,
7779,-1.76e-01,8.60e+00,
7780,-1.76e-01,8.60e+00,
7781,-1.76e-01,8.60e+00,
7782,-1.76e-01,8.60e+00,
7783,-1.76e-01,8.60e+00,
7784,-1.76e-01,8.60e+00,
7785,-1.84e-01,8.60e+00,
7786,-1.76e-01,8.60e+00,
7787,-1.76e-01,8.60e+00,
7788,-1.76e-01,8.60e+00,
7789,-1.84e-01,8.60e+00,
7790,-1.76e-01,8.60e+00,
7791,-1.84e-01,8.60e+00,
7792,-1.76e-01,8.60e+00,
7793,-1.84e-01,8.60e+00,
7794,-1.76e-01,8.60e+00,
7795,-1.84e-01,8.60e+00,
7796,-1.76e-01,8.60e+00,
7797,-1.84e-01,8.60e+00,
7798,-1.76e-01,8.60e+00,
7799,-1.84e-01,8.60e+00,
7800,-1.76e-01,8.60e+00,
7801,-1.84e-01,8.60e+00,
7802,-1.76e-01,8.60e+00,
7803,-1.84e-01,8.60e+00,
7804,-1.84e-01,8.60e+00,
7805,-1.84e-01,8.60e+00,
7806,-1.84e-01,8.60e+00,
7807,-1.84e-01,8.60e+00,
7808,-1.76e-01,8.60e+00,
7809,-1.84e-01,8.60e+00,
7810,-1.84e-01,8.60e+00,
7811,-1.84e-01,8.60e+00,
7812,-1.76e-01,8.60e+00,
7813,-1.84e-01,8.60e+00,
7814,-1.84e-01,8.60e+00,
7815,-1.84e-01,8.60e+00,
7816,-1.84e-01,8.60e+00,
7817,-1.84e-01,8.60e+00,
7818,-1.84e-01,8.60e+00,
7819,-1.84e-01,8.60e+00,
7820,-1.84e-01,8.60e+00,
7821,-1.84e-01,8.60e+00,
7822,-1.84e-01,8.60e+00,
7823,-1.84e-01,8.60e+00,
7824,-1.84e-01,8.60e+00,
7825,-1.84e-01,8.60e+00,
7826,-1.84e-01,8.60e+00,
7827,-1.84e-01,8.60e+00,
7828,-1.84e-01,8.40e+00,
7829,-1.84e-01,8.80e+00,
7830,-1.84e-01,8.60e+00,
7831,-1.84e-01,8.80e+00,
7832,-1.84e-01,8.60e+00,
7833,-1.84e-01,8.60e+00,
7834,-1.84e-01,8.60e+00,
7835,-1.92e-01,8.60e+00,
7836,-1.84e-01,8.60e+00,
7837,-1.92e-01,8.60e+00,
7838,-1.84e-01,8.60e+00,
7839,-1.84e-01,8.60e+00,
7840,-1.84e-01,8.60e+00,
7841,-1.92e-01,8.60e+00,
7842,-1.84e-01,8.60e+00,
7843,-1.84e-01,8.60e+00,
7844,-1.84e-01,8.60e+00,
7845,-1.92e-01,8.60e+00,
7846,-1.84e-01,8.60e+00,
7847,-1.92e-01,8.60e+00,
7848,-1.84e-01,8.60e+00,
7849,-1.92e-01,8.60e+00,
7850,-1.84e-01,8.40e+00,
7851,-1.92e-01,8.80e+00,
7852,-1.84e-01,8.60e+00,
7853,-1.92e-01,8.60e+00,
7854,-1.92e-01,8.40e+00,
7855,-1.92e-01,8.60e+00,
7856,-1.92e-01,8.60e+00,
7857,-1.92e-01,8.60e+00,
7858,-1.84e-01,8.60e+00,
7859,-1.92e-01,8.60e+00,
7860,-1.92e-01,8.60e+00,
7861,-1.92e-01,8.60e+00,
7862,-1.92e-01,8.60e+00,
7863,-1.92e-01,8.60e+00,
7864,-1.92e-01,8.60e+00,
7865,-1.92e-01,8.60e+00,
7866,-1.92e-01,8.60e+00,
7867,-1.92e-01,8.60e+00,
7868,-1.92e-01,8.60e+00,
7869,-1.92e-01,8.60e+00,
7870,-1.92e-01,8.60e+00,
7871,-1.92e-01,8.60e+00,
7872,-1.92e-01,8.60e+00,
7873,-1.92e-01,8.60e+00,
7874,-1.92e-01,8.60e+00,
7875,-1.92e-01,8.60e+00,
7876,-1.92e-01,8.60e+00,
7877,-1.92e-01,8.60e+00,
7878,-1.92e-01,8.60e+00,
7879,-1.92e-01,8.60e+00,
7880,-1.92e-01,8.60e+00,
7881,-1.92e-01,8.60e+00,
7882,-1.92e-01,8.60e+00,
7883,-1.92e-01,8.60e+00,
7884,-1.92e-01,8.60e+00,
7885,-2.00e-01,8.60e+00,
7886,-1.92e-01,8.60e+00,
7887,-1.92e-01,8.60e+00,
7888,-1.92e-01,8.60e+00,
7889,-2.00e-01,8.60e+00,
7890,-1.92e-01,8.60e+00,
7891,-1.92e-01,8.60e+00,
7892,-1.92e-01,8.60e+00,
7893,-1.92e-01,8.60e+00,
7894,-1.92e-01,8.60e+00,
7895,-1.92e-01,8.60e+00,
7896,-1.92e-01,8.60e+00,
7897,-2.00e-01,8.60e+00,
7898,-1.92e-01,8.60e+00,
7899,-2.00e-01,8.60e+00,
7900,-1.92e-01,8.40e+00,
7901,-2.00e-01,8.60e+00,
7902,-1.92e-01,8.60e+00,
7903,-1.92e-01,8.60e+00,
7904,-1.92e-01,8.60e+00,
7905,-2.00e-01,8.60e+00,
7906,-1.92e-01,8.60e+00,
7907,-2.00e-01,8.60e+00,
7908,-1.92e-01,8.60e+00,
7909,-2.00e-01,8.60e+00,
7910,-1.92e-01,8.60e+00,
7911,-2.00e-01,8.60e+00,
7912,-1.92e-01,8.60e+00,
7913,-2.00e-01,8.60e+00,
7914,-1.92e-01,8.60e+00,
7915,-2.00e-01,8.60e+00,
7916,-1.92e-01,8.60e+00,
7917,-2.00e-01,8.60e+00,
7918,-2.00e-01,8.60e+00,
7919,-2.00e-01,8.60e+00,
7920,-1.92e-01,8.60e+00,
7921,-2.00e-01,8.60e+00,
7922,-2.00e-01,8.60e+00,
7923,-2.00e-01,8.60e+00,
7924,-2.00e-01,8.60e+00,
7925,-2.00e-01,8.60e+00,
7926,-2.00e-01,8.40e+00,
7927,-2.00e-01,8.60e+00,
7928,-2.00e-01,8.60e+00,
7929,-2.00e-01,8.60e+00,
7930,-2.00e-01,8.60e+00,
7931,-2.00e-01,8.60e+00,
7932,-2.00e-01,8.60e+00,
7933,-2.00e-01,8.60e+00,
7934,-2.00e-01,8.60e+00,
7935,-2.00e-01,8.60e+00,
7936,-2.00e-01,8.60e+00,
7937,-2.00e-01,8.60e+00,
7938,-2.00e-01,8.60e+00,
7939,-2.00e-01,8.60e+00,
7940,-2.00e-01,8.40e+00,
7941,-2.00e-01,8.60e+00,
7942,-2.00e-01,8.60e+00,
7943,-2.00e-01,8.60e+00,
7944,-2.00e-01,8.60e+00,
7945,-2.00e-01,8.60e+00,
7946,-2.00e-01,8.60e+00,
7947,-2.00e-01,8.60e+00,
7948,-2.00e-01,8.60e+00,
7949,-2.00e-01,8.60e+00,
7950,-2.00e-01,8.60e+00,
7951,-2.00e-01,8.60e+00,
7952,-2.00e-01,8.60e+00,
7953,-2.00e-01,8.60e+00,
7954,-2.00e-01,8.60e+00,
7955,-2.00e-01,8.60e+00,
7956,-2.00e-01,8.60e+00,
7957,-2.08e-01,8.60e+00,
7958,-2.00e-01,8.60e+00,
7959,-2.00e-01,8.60e+00,
7960,-2.00e-01,8.60e+00,
7961,-2.00e-01,8.60e+00,
7962,-2.00e-01,8.80e+00,
7963,-2.00e-01,8.60e+00,
7964,-2.00e-01,8.60e+00,
7965,-2.08e-01,8.60e+00,
7966,-2.00e-01,8.60e+00,
7967,-2.00e-01,8.60e+00,
7968,-2.00e-01,8.60e+00,
7969,-2.08e-01,8.60e+00,
7970,-2.00e-01,8.60e+00,
7971,-2.00e-01,8.60e+00,
7972,-2.00e-01,8.60e+00,
7973,-2.08e-01,8.60e+00,
7974,-2.00e-01,8.60e+00,
7975,-2.00e-01,8.60e+00,
7976,-2.00e-01,8.60e+00,
7977,-2.08e-01,8.60e+00,
7978,-2.00e-01,8.60e+00,
7979,-2.08e-01,8.60e+00,
7980,-2.00e-01,8.60e+00,
7981,-2.08e-01,8.60e+00,
7982,-2.00e-01,8.60e+00,
7983,-2.00e-01,8.60e+00,
7984,-2.00e-01,8.60e+00,
7985,-2.08e-01,8.60e+00,
7986,-2.00e-01,8.60e+00,
7987,-2.08e-01,8.60e+00,
7988,-2.00e-01,8.60e+00,
7989,-2.08e-01,8.60e+00,
7990,-2.08e-01,8.40e+00,
7991,-2.08e-01,8.60e+00,
7992,-2.00e-01,8.40e+00,
7993,-2.08e-01,8.60e+00,
7994,-2.00e-01,8.60e+00,
7995,-2.08e-01,8.60e+00,
7996,-2.00e-01,8.60e+00,
7997,-2.08e-01,8.60e+00,
7998,-2.08e-01,8.60e+00,
7999,-2.08e-01,8.60e+00,
8000,-2.00e-01,8.60e+00,
8001,-2.08e-01,8.60e+00,
8002,-2.00e-01,8.60e+00,
8003,-2.08e-01,8.60e+00,
8004,-2.08e-01,8.60e+00,
8005,-2.08e-01,8.60e+00,
8006,-2.08e-01,8.60e+00,
8007,-2.08e-01,8.60e+00,
8008,-2.08e-01,8.60e+00,
8009,-2.08e-01,8.60e+00,
8010,-2.08e-01,8.60e+00,
8011,-2.08e-01,8.60e+00,
8012,-2.08e-01,8.60e+00,
8013,-2.08e-01,8.60e+00,
8014,-2.08e-01,8.60e+00,
8015,-2.08e-01,8.60e+00,
8016,-2.00e-01,8.60e+00,
8017,-2.08e-01,8.60e+00,
8018,-2.00e-01,8.60e+00,
8019,-2.08e-01,8.60e+00,
8020,-2.08e-01,8.60e+00,
8021,-2.08e-01,8.60e+00,
8022,-2.08e-01,8.60e+00,
8023,-2.08e-01,8.80e+00,
8024,-2.08e-01,8.60e+00,
8025,-2.08e-01,8.60e+00,
8026,-2.08e-01,8.60e+00,
8027,-2.08e-01,8.60e+00,
8028,-2.08e-01,8.40e+00,
8029,-2.08e-01,8.60e+00,
8030,-2.08e-01,8.60e+00,
8031,-2.08e-01,8.60e+00,
8032,-2.08e-01,8.60e+00,
8033,-2.08e-01,8.60e+00,
8034,-2.08e-01,8.60e+00,
8035,-2.08e-01,8.60e+00,
8036,-2.08e-01,8.60e+00,
8037,-2.08e-01,8.60e+00,
8038,-2.08e-01,8.60e+00,
8039,-2.08e-01,8.60e+00,
8040,-2.08e-01,8.60e+00,
8041,-2.08e-01,8.60e+00,
8042,-2.08e-01,8.60e+00,
8043,-2.08e-01,8.60e+00,
8044,-2.08e-01,8.40e+00,
8045,-2.08e-01,8.60e+00,
8046,-2.08e-01,8.60e+00,
8047,-2.08e-01,8.60e+00,
8048,-2.08e-01,8.60e+00,
8049,-2.08e-01,8.60e+00,
8050,-2.08e-01,8.60e+00,
8051,-2.08e-01,8.60e+00,
8052,-2.08e-01,8.40e+00,
8053,-2.08e-01,8.60e+00,
8054,-2.08e-01,8.60e+00,
8055,-2.08e-01,8.40e+00,
8056,-2.08e-01,8.40e+00,
8057,-2.16e-01,8.60e+00,
8058,-2.08e-01,8.60e+00,
8059,-2.08e-01,8.60e+00,
8060,-2.08e-01,8.40e+00,
8061,-2.08e-01,8.60e+00,
8062,-2.08e-01,8.60e+00,
8063,-2.08e-01,8.60e+00,
8064,-2.08e-01,8.60e+00,
8065,-2.16e-01,8.60e+00,
8066,-2.08e-01,8.60e+00,
8067,-2.08e-01,8.80e+00,
8068,-2.08e-01,8.60e+00,
8069,-2.16e-01,8.60e+00,
8070,-2.08e-01,8.60e+00,
8071,-2.08e-01,8.60e+00,
8072,-2.08e-01,8.60e+00,
8073,-2.16e-01,8.60e+00,
8074,-2.08e-01,8.60e+00,
8075,-2.08e-01,8.60e+00,
8076,-2.08e-01,8.60e+00,
8077,-2.16e-01,8.60e+00,
8078,-2.08e-01,8.60e+00,
8079,-2.16e-01,8.60e+00,
8080,-2.08e-01,8.60e+00,
8081,-2.16e-01,8.60e+00,
8082,-2.08e-01,8.60e+00,
8083,-2.16e-01,8.60e+00,
8084,-2.08e-01,8.60e+00,
8085,-2.16e-01,8.60e+00,
8086,-2.08e-01,8.60e+00,
8087,-2.16e-01,8.60e+00,
8088,-2.08e-01,8.60e+00,
8089,-2.16e-01,8.60e+00,
8090,-2.08e-01,8.60e+00,
8091,-2.16e-01,8.60e+00,
8092,-2.08e-01,8.60e+00,
8093,-2.16e-01,8.60e+00,
8094,-2.08e-01,8.60e+00,
8095,-2.16e-01,8.60e+00,
8096,-2.08e-01,8.60e+00,
8097,-2.16e-01,8.60e+00,
8098,-2.08e-01,8.60e+00,
8099,-2.16e-01,8.80e+00,
8100,-2.08e-01,8.60e+00,
8101,-2.16e-01,8.60e+00,
8102,-2.08e-01,8.60e+00,
8103,-2.16e-01,8.60e+00,
8104,-2.08e-01,8.60e+00,
8105,-2.16e-01,8.60e+00,
8106,-2.08e-01,8.40e+00,
8107,-2.16e-01,8.60e+00,
8108,-2.08e-01,8.60e+00,
8109,-2.16e-01,8.60e+00,
8110,-2.08e-01,8.60e+00,
8111,-2.08e-01,8.60e+00,
8112,-2.08e-01,8.60e+00,
8113,-2.16e-01,8.60e+00,
8114,-2.08e-01,8.40e+00,
8115,-2.16e-01,8.60e+00,
8116,-2.08e-01,8.60e+00,
8117,-2.16e-01,8.60e+00,
8118,-2.16e-01,8.60e+00,
8119,-2.16e-01,8.60e+00,
8120,-2.08e-01,8.60e+00,
8121,-2.16e-01,8.60e+00,
8122,-2.08e-01,8.60e+00,
8123,-2.16e-01,8.60e+00,
8124,-2.16e-01,8.60e+00,
8125,-2.16e-01,8.60e+00,
8126,-2.16e-01,8.60e+00,
8127,-2.16e-01,8.60e+00,
8128,-2.08e-01,8.60e+00,
8129,-2.16e-01,8.60e+00,
8130,-2.16e-01,8.60e+00,
8131,-2.16e-01,8.60e+00,
8132,-2.16e-01,8.60e+00,
8133,-2.16e-01,8.60e+00,
8134,-2.16e-01,8.60e+00,
8135,-2.16e-01,8.60e+00,
8136,-2.08e-01,8.60e+00,
8137,-2.16e-01,8.60e+00,
8138,-2.08e-01,8.60e+00,
8139,-2.16e-01,8.60e+00,
8140,-2.16e-01,8.60e+00,
8141,-2.16e-01,8.60e+00,
8142,-2.16e-01,8.60e+00,
8143,-2.16e-01,8.60e+00,
8144,-2.16e-01,8.60e+00,
8145,-2.16e-01,8.60e+00,
8146,-2.16e-01,8.60e+00,
8147,-2.16e-01,8.60e+00,
8148,-2.16e-01,8.60e+00,
8149,-2.16e-01,8.60e+00,
8150,-2.16e-01,8.40e+00,
8151,-2.16e-01,8.60e+00,
8152,-2.16e-01,8.60e+00,
8153,-2.16e-01,8.60e+00,
8154,-2.16e-01,8.60e+00,
8155,-2.16e-01,8.60e+00,
8156,-2.16e-01,8.60e+00,
8157,-2.16e-01,8.60e+00,
8158,-2.16e-01,8.60e+00,
8159,-2.16e-01,8.60e+00,
8160,-2.16e-01,8.60e+00,
8161,-2.16e-01,8.60e+00,
8162,-2.16e-01,8.60e+00,
8163,-2.16e-01,8.60e+00,
8164,-2.16e-01,8.60e+00,
8165,-2.24e-01,8.60e+00,
8166,-2.16e-01,8.60e+00,
8167,-2.16e-01,8.60e+00,
8168,-2.16e-01,8.60e+00,
8169,-2.16e-01,8.60e+00,
8170,-2.16e-01,8.60e+00,
8171,-2.16e-01,8.60e+00,
8172,-2.16e-01,8.60e+00,
8173,-2.16e-01,8.60e+00,
8174,-2.16e-01,8.60e+00,
8175,-2.16e-01,8.60e+00,
8176,-2.16e-01,8.60e+00,
8177,-2.16e-01,8.60e+00,
8178,-2.16e-01,8.60e+00,
8179,-2.16e-01,8.60e+00,
8180,-2.16e-01,8.40e+00,
8181,-2.24e-01,8.60e+00,
8182,-2.16e-01,8.60e+00,
8183,-2.16e-01,8.60e+00,
8184,-2.16e-01,8.60e+00,
8185,-2.16e-01,8.60e+00,
8186,-2.16e-01,8.60e+00,
8187,-2.24e-01,8.60e+00,
8188,-2.16e-01,8.60e+00,
8189,-2.24e-01,8.60e+00,
8190,-2.16e-01,8.60e+00,
8191,-2.24e-01,8.60e+00,
8192,-2.16e-01,8.40e+00,
8193,-2.24e-01,8.60e+00,
8194,-2.16e-01,8.40e+00,
8195,-2.24e-01,8.60e+00,
8196,-2.16e-01,8.60e+00,
8197,-2.24e-01,8.60e+00,
8198,-2.16e-01,8.60e+00,
8199,-2.16e-01,8.60e+00,
8200,-2.16e-01,8.60e+00,
8201,-2.24e-01,8.60e+00,
8202,-2.16e-01,8.60e+00,
8203,-2.24e-01,8.60e+00,
8204,-2.16e-01,8.60e+00,
8205,-2.24e-01,8.60e+00,
8206,-2.16e-01,8.60e+00,
8207,-2.24e-01,8.60e+00,
8208,-2.16e-01,8.60e+00,
8209,-2.24e-01,8.60e+00,
8210,-2.16e-01,8.60e+00,
8211,-2.24e-01,8.60e+00,
8212,-2.16e-01,8.60e+00,
8213,-2.24e-01,8.60e+00,
8214,-2.16e-01,8.60e+00,
8215,-2.24e-01,8.40e+00,
8216,-2.16e-01,8.40e+00,
8217,-2.24e-01,8.40e+00,
8218,-2.16e-01,8.60e+00,
8219,-2.24e-01,8.60e+00,
8220,-2.16e-01,8.60e+00,
8221,-2.24e-01,8.60e+00,
8222,-2.24e-01,8.60e+00,
8223,-2.24e-01,8.60e+00,
8224,-2.16e-01,8.60e+00,
8225,-2.24e-01,8.60e+00,
8226,-2.24e-01,8.60e+00,
8227,-2.24e-01,8.60e+00,
8228,-2.16e-01,8.60e+00,
8229,-2.24e-01,8.60e+00,
8230,-2.24e-01,8.40e+00,
8231,-2.24e-01,8.60e+00,
8232,-2.16e-01,8.60e+00,
8233,-2.24e-01,8.60e+00,
8234,-2.24e-01,8.60e+00,
8235,-2.24e-01,8.60e+00,
8236,-2.24e-01,8.40e+00,
8237,-2.24e-01,8.60e+00,
8238,-2.24e-01,8.60e+00,
8239,-2.24e-01,8.60e+00,
8240,-2.16e-01,8.60e+00,
8241,-2.24e-01,8.60e+00,
8242,-2.24e-01,8.40e+00,
8243,-2.24e-01,8.60e+00,
8244,-2.24e-01,8.60e+00,
8245,-2.24e-01,8.60e+00,
8246,-2.24e-01,8.40e+00,
8247,-2.24e-01,8.60e+00,
8248,-2.24e-01,8.60e+00,
8249,-2.24e-01,8.60e+00,
8250,-2.24e-01,8.60e+00,
8251,-2.24e-01,8.60e+00,
8252,-2.24e-01,8.60e+00,
8253,-2.24e-01,8.60e+00,
8254,-2.24e-01,8.60e+00,
8255,-2.24e-01,8.60e+00,
8256,-2.24e-01,8.60e+00,
8257,-2.24e-01,8.60e+00,
8258,-2.24e-01,8.60e+00,
8259,-2.24e-01,8.60e+00,
8260,-2.24e-01,8.60e+00,
8261,-2.32e-01,8.60e+00,
8262,-2.24e-01,8.60e+00,
8263,-2.24e-01,8.60e+00,
8264,-2.24e-01,8.60e+00,
8265,-2.24e-01,8.60e+00,
8266,-2.24e-01,8.60e+00,
8267,-2.24e-01,8.60e+00,
8268,-2.24e-01,8.60e+00,
8269,-2.32e-01,8.60e+00,
8270,-2.24e-01,8.40e+00,
8271,-2.24e-01,8.60e+00,
8272,-2.24e-01,8.60e+00,
8273,-2.32e-01,8.60e+00,
8274,-2.24e-01,8.60e+00,
8275,-2.32e-01,8.60e+00,
8276,-2.24e-01,8.60e+00,
8277,-2.32e-01,8.60e+00,
8278,-2.24e-01,8.60e+00,
8279,-2.32e-01,8.60e+00,
8280,-2.24e-01,8.60e+00,
8281,-2.32e-01,8.60e+00,
8282,-2.24e-01,8.60e+00,
8283,-2.32e-01,8.60e+00,
8284,-2.24e-01,8.60e+00,
8285,-2.32e-01,8.60e+00,
8286,-2.24e-01,8.60e+00,
8287,-2.32e-01,8.60e+00,
8288,-2.24e-01,8.60e+00,
8289,-2.32e-01,8.60e+00,
8290,-2.24e-01,8.60e+00,
8291,-2.32e-01,8.60e+00,
8292,-2.24e-01,8.60e+00,
8293,-2.32e-01,8.60e+00,
8294,-2.32e-01,8.40e+00,
8295,-2.32e-01,8.60e+00,
8296,-2.24e-01,8.60e+00,
8297,-2.32e-01,8.60e+00,
8298,-2.24e-01,8.40e+00,
8299,-2.32e-01,8.60e+00,
8300,-2.24e-01,8.60e+00,
8301,-2.32e-01,8.60e+00,
8302,-2.32e-01,8.60e+00,
8303,-2.32e-01,8.60e+00,
8304,-2.24e-01,8.60e+00,
8305,-2.32e-01,8.60e+00,
8306,-2.24e-01,8.60e+00,
8307,-2.32e-01,8.60e+00,
8308,-2.32e-01,8.60e+00,
8309,-2.32e-01,8.60e+00,
8310,-2.32e-01,8.60e+00,
8311,-2.32e-01,8.60e+00,
8312,-2.32e-01,8.60e+00,
8313,-2.32e-01,8.60e+00,
8314,-2.32e-01,8.60e+00,
8315,-2.32e-01,8.60e+00,
8316,-2.32e-01,8.60e+00,
8317,-2.32e-01,8.60e+00,
8318,-2.32e-01,8.40e+00,
8319,-2.32e-01,8.60e+00,
8320,-2.32e-01,8.60e+00,
8321,-2.32e-01,8.60e+00,
8322,-2.32e-01,8.60e+00,
8323,-2.32e-01,8.60e+00,
8324,-2.32e-01,8.40e+00,
8325,-2.32e-01,8.40e+00,
8326,-2.32e-01,8.60e+00,
8327,-2.32e-01,8.60e+00,
8328,-2.32e-01,8.60e+00,
8329,-2.32e-01,8.60e+00,
8330,-2.32e-01,8.60e+00,
8331,-2.32e-01,8.60e+00,
8332,-2.32e-01,8.60e+00,
8333,-2.32e-01,8.60e+00,
8334,-2.32e-01,8.60e+00,
8335,-2.32e-01,8.60e+00,
8336,-2.32e-01,8.60e+00,
8337,-2.40e-01,8.60e+00,
8338,-2.32e-01,8.60e+00,
8339,-2.40e-01,8.60e+00,
8340,-2.32e-01,8.60e+00,
8341,-2.40e-01,8.60e+00,
8342,-2.32e-01,8.60e+00,
8343,-2.40e-01,8.60e+00,
8344,-2.32e-01,8.60e+00,
8345,-2.40e-01,8.60e+00,
8346,-2.32e-01,8.60e+00,
8347,-2.40e-01,8.60e+00,
8348,-2.32e-01,8.60e+00,
8349,-2.40e-01,8.60e+00,
8350,-2.32e-01,8.60e+00,
8351,-2.40e-01,8.60e+00,
8352,-2.32e-01,8.40e+00,
8353,-2.40e-01,8.60e+00,
8354,-2.32e-01,8.40e+00,
8355,-2.40e-01,8.60e+00,
8356,-2.32e-01,8.60e+00,
8357,-2.40e-01,8.60e+00,
8358,-2.40e-01,8.60e+00,
8359,-2.40e-01,8.60e+00,
8360,-2.32e-01,8.60e+00,
8361,-2.40e-01,8.40e+00,
8362,-2.40e-01,8.60e+00,
8363,-2.40e-01,8.60e+00,
8364,-2.40e-01,8.60e+00,
8365,-2.40e-01,8.60e+00,
8366,-2.32e-01,8.40e+00,
8367,-2.40e-01,8.60e+00,
8368,-2.40e-01,8.60e+00,
8369,-2.40e-01,8.60e+00,
8370,-2.40e-01,8.60e+00,
8371,-2.40e-01,8.60e+00,
8372,-2.40e-01,8.60e+00,
8373,-2.40e-01,8.60e+00,
8374,-2.40e-01,8.40e+00,
8375,-2.40e-01,8.60e+00,
8376,-2.40e-01,8.40e+00,
8377,-2.40e-01,8.60e+00,
8378,-2.40e-01,8.40e+00,
8379,-2.40e-01,8.60e+00,
8380,-2.40e-01,8.60e+00,
8381,-2.40e-01,8.60e+00,
8382,-2.40e-01,8.60e+00,
8383,-2.40e-01,8.60e+00,
8384,-2.40e-01,8.40e+00,
8385,-2.40e-01,8.60e+00,
8386,-2.40e-01,8.60e+00,
8387,-2.40e-01,8.60e+00,
8388,-2.40e-01,8.60e+00,
8389,-2.40e-01,8.60e+00,
8390,-2.40e-01,8.60e+00,
8391,-2.48e-01,8.60e+00,
8392,-2.40e-01,8.60e+00,
8393,-2.48e-01,8.60e+00,
8394,-2.40e-01,8.60e+00,
8395,-2.40e-01,8.60e+00,
8396,-2.40e-01,8.40e+00,
8397,-2.48e-01,8.60e+00,
8398,-2.40e-01,8.60e+00,
8399,-2.48e-01,8.60e+00,
8400,-2.40e-01,8.60e+00,
8401,-2.48e-01,8.60e+00,
8402,-2.40e-01,8.60e+00,
8403,-2.48e-01,8.60e+00,
8404,-2.40e-01,8.60e+00,
8405,-2.48e-01,8.60e+00,
8406,-2.48e-01,8.40e+00,
8407,-2.48e-01,8.60e+00,
8408,-2.40e-01,8.60e+00,
8409,-2.48e-01,8.60e+00,
8410,-2.40e-01,8.40e+00,
8411,-2.48e-01,8.60e+00,
8412,-2.40e-01,8.60e+00,
8413,-2.48e-01,8.40e+00,
8414,-2.48e-01,8.60e+00,
8415,-2.48e-01,8.40e+00,
8416,-2.40e-01,8.40e+00,
8417,-2.48e-01,8.60e+00,
8418,-2.48e-01,8.40e+00,
8419,-2.48e-01,8.60e+00,
8420,-2.48e-01,8.60e+00,
8421,-2.48e-01,8.60e+00,
8422,-2.48e-01,8.40e+00,
8423,-2.48e-01,8.60e+00,
8424,-2.48e-01,8.40e+00,
8425,-2.48e-01,8.60e+00,
8426,-2.48e-01,8.60e+00,
8427,-2.48e-01,8.60e+00,
8428,-2.48e-01,8.60e+00,
8429,-2.48e-01,8.60e+00,
8430,-2.48e-01,8.60e+00,
8431,-2.48e-01,8.60e+00,
8432,-2.48e-01,8.60e+00,
8433,-2.48e-01,8.60e+00,
8434,-2.48e-01,8.40e+00,
8435,-2.48e-01,8.60e+00,
8436,-2.48e-01,8.40e+00,
8437,-2.48e-01,8.60e+00,
8438,-2.48e-01,8.40e+00,
8439,-2.48e-01,8.60e+00,
8440,-2.48e-01,8.60e+00,
8441,-2.56e-01,8.60e+00,
8442,-2.48e-01,8.40e+00,
8443,-2.48e-01,8.60e+00,
8444,-2.48e-01,8.40e+00,
8445,-2.56e-01,8.60e+00,
8446,-2.48e-01,8.60e+00,
8447,-2.56e-01,8.60e+00,
8448,-2.48e-01,8.40e+00,
8449,-2.56e-01,8.60e+00,
8450,-2.48e-01,8.40e+00,
8451,-2.56e-01,8.40e+00,
8452,-2.48e-01,8.60e+00,
8453,-2.56e-01,8.60e+00,
8454,-2.48e-01,8.40e+00,
8455,-2.56e-01,8.60e+00,
8456,-2.48e-01,8.40e+00,
8457,-2.56e-01,8.60e+00,
8458,-2.48e-01,8.60e+00,
8459,-2.56e-01,8.60e+00,
8460,-2.48e-01,8.40e+00,
8461,-2.56e-01,8.60e+00,
8462,-2.56e-01,8.60e+00,
8463,-2.56e-01,8.40e+00,
8464,-2.48e-01,8.60e+00,
8465,-2.56e-01,8.60e+00,
8466,-2.48e-01,8.40e+00,
8467,-2.56e-01,8.60e+00,
8468,-2.56e-01,8.60e+00,
8469,-2.56e-01,8.60e+00,
8470,-2.56e-01,8.40e+00,
8471,-2.56e-01,8.60e+00,
8472,-2.56e-01,8.40e+00,
8473,-2.56e-01,8.60e+00,
8474,-2.48e-01,8.40e+00,
8475,-2.56e-01,8.60e+00,
8476,-2.56e-01,8.60e+00,
8477,-2.56e-01,8.40e+00,
8478,-2.56e-01,8.40e+00,
8479,-2.56e-01,8.60e+00,
8480,-2.56e-01,8.60e+00,
8481,-2.56e-01,8.60e+00,
8482,-2.56e-01,8.60e+00,
8483,-2.56e-01,8.60e+00,
8484,-2.56e-01,8.40e+00,
8485,-2.56e-01,8.60e+00,
8486,-2.56e-01,8.60e+00,
8487,-2.56e-01,8.60e+00,
8488,-2.56e-01,8.60e+00,
8489,-2.64e-01,8.60e+00,
8490,-2.56e-01,8.40e+00,
8491,-2.56e-01,8.60e+00,
8492,-2.56e-01,8.60e+00,
8493,-2.64e-01,8.40e+00,
8494,-2.56e-01,8.40e+00,
8495,-2.56e-01,8.60e+00,
8496,-2.56e-01,8.60e+00,
8497,-2.64e-01,8.60e+00,
8498,-2.56e-01,8.60e+00,
8499,-2.64e-01,8.60e+00,
8500,-2.56e-01,8.40e+00,
8501,-2.64e-01,8.60e+00,
8502,-2.56e-01,8.60e+00,
8503,-2.64e-01,8.60e+00,
8504,-2.56e-01,8.60e+00,
8505,-2.64e-01,8.60e+00,
8506,-2.56e-01,8.40e+00,
8507,-2.64e-01,8.60e+00,
8508,-2.56e-01,8.40e+00,
8509,-2.64e-01,8.60e+00,
8510,-2.56e-01,8.40e+00,
8511,-2.64e-01,8.60e+00,
8512,-2.56e-01,8.60e+00,
8513,-2.64e-01,8.60e+00,
8514,-2.56e-01,8.60e+00,
8515,-2.64e-01,8.60e+00,
8516,-2.56e-01,8.40e+00,
8517,-2.64e-01,8.60e+00,
8518,-2.64e-01,8.40e+00,
8519,-2.64e-01,8.60e+00,
8520,-2.56e-01,8.40e+00,
8521,-2.64e-01,8.60e+00,
8522,-2.64e-01,8.40e+00,
8523,-2.64e-01,8.60e+00,
8524,-2.64e-01,8.60e+00,
8525,-2.64e-01,8.40e+00,
8526,-2.64e-01,8.60e+00,
8527,-2.64e-01,8.60e+00,
8528,-2.64e-01,8.60e+00,
8529,-2.64e-01,8.60e+00,
8530,-2.64e-01,8.40e+00,
8531,-2.64e-01,8.60e+00,
8532,-2.64e-01,8.60e+00,
8533,-2.64e-01,8.60e+00,
8534,-2.64e-01,8.60e+00,
8535,-2.64e-01,8.60e+00,
8536,-2.64e-01,8.60e+00,
8537,-2.64e-01,8.60e+00,
8538,-2.64e-01,8.60e+00,
8539,-2.64e-01,8.60e+00,
8540,-2.64e-01,8.40e+00,
8541,-2.64e-01,8.60e+00,
8542,-2.64e-01,8.40e+00,
8543,-2.64e-01,8.60e+00,
8544,-2.64e-01,8.60e+00,
8545,-2.64e-01,8.60e+00,
8546,-2.64e-01,8.60e+00,
8547,-2.72e-01,8.60e+00,
8548,-2.64e-01,8.40e+00,
8549,-2.64e-01,8.60e+00,
8550,-2.64e-01,8.40e+00,
8551,-2.64e-01,8.60e+00,
8552,-2.64e-01,8.40e+00,
8553,-2.72e-01,8.40e+00,
8554,-2.64e-01,8.60e+00,
8555,-2.64e-01,8.40e+00,
8556,-2.64e-01,8.40e+00,
8557,-2.72e-01,8.60e+00,
8558,-2.64e-01,8.40e+00,
8559,-2.72e-01,8.60e+00,
8560,-2.64e-01,8.60e+00,
8561,-2.72e-01,8.40e+00,
8562,-2.72e-01,8.60e+00,
8563,-2.72e-01,8.40e+00,
8564,-2.64e-01,8.40e+00,
8565,-2.72e-01,8.60e+00,
8566,-2.64e-01,8.40e+00,
8567,-2.72e-01,8.60e+00,
8568,-2.64e-01,8.60e+00,
8569,-2.72e-01,8.60e+00,
8570,-2.64e-01,8.60e+00,
8571,-2.72e-01,8.60e+00,
8572,-2.72e-01,8.40e+00,
8573,-2.72e-01,8.40e+00,
8574,-2.72e-01,8.40e+00,
8575,-2.72e-01,8.60e+00,
8576,-2.72e-01,8.60e+00,
8577,-2.72e-01,8.60e+00,
8578,-2.64e-01,8.60e+00,
8579,-2.72e-01,8.60e+00,
8580,-2.64e-01,8.40e+00,
8581,-2.72e-01,8.60e+00,
8582,-2.72e-01,8.60e+00,
8583,-2.72e-01,8.60e+00,
8584,-2.64e-01,8.60e+00,
8585,-2.72e-01,8.60e+00,
8586,-2.72e-01,8.40e+00,
8587,-2.72e-01,8.60e+00,
8588,-2.72e-01,8.60e+00,
8589,-2.72e-01,8.60e+00,
8590,-2.72e-01,8.40e+00,
8591,-2.72e-01,8.60e+00,
8592,-2.72e-01,8.60e+00,
8593,-2.72e-01,8.60e+00,
8594,-2.72e-01,8.60e+00,
8595,-2.72e-01,8.40e+00,
8596,-2.72e-01,8.40e+00,
8597,-2.72e-01,8.60e+00,
8598,-2.72e-01,8.40e+00,
8599,-2.72e-01,8.60e+00,
8600,-2.72e-01,8.40e+00,
8601,-2.80e-01,8.40e+00,
8602,-2.72e-01,8.60e+00,
8603,-2.80e-01,8.40e+00,
8604,-2.72e-01,8.40e+00,
8605,-2.80e-01,8.40e+00,
8606,-2.72e-01,8.40e+00,
8607,-2.80e-01,8.60e+00,
8608,-2.72e-01,8.60e+00,
8609,-2.80e-01,8.60e+00,
8610,-2.72e-01,8.40e+00,
8611,-2.80e-01,8.60e+00,
8612,-2.72e-01,8.40e+00,
8613,-2.80e-01,8.40e+00,
8614,-2.72e-01,8.40e+00,
8615,-2.80e-01,8.60e+00,
8616,-2.72e-01,8.40e+00,
8617,-2.80e-01,8.60e+00,
8618,-2.72e-01,8.40e+00,
8619,-2.80e-01,8.60e+00,
8620,-2.72e-01,8.40e+00,
8621,-2.80e-01,8.60e+00,
8622,-2.72e-01,8.40e+00,
8623,-2.80e-01,8.60e+00,
8624,-2.72e-01,8.60e+00,
8625,-2.80e-01,8.60e+00,
8626,-2.72e-01,8.40e+00,
8627,-2.80e-01,8.60e+00,
8628,-2.72e-01,8.40e+00,
8629,-2.80e-01,8.60e+00,
8630,-2.72e-01,8.60e+00,
8631,-2.80e-01,8.60e+00,
8632,-2.72e-01,8.60e+00,
8633,-2.80e-01,8.60e+00,
8634,-2.72e-01,8.60e+00,
8635,-2.80e-01,8.60e+00,
8636,-2.80e-01,8.60e+00,
8637,-2.80e-01,8.40e+00,
8638,-2.80e-01,8.40e+00,
8639,-2.80e-01,8.60e+00,
8640,-2.72e-01,8.40e+00,
8641,-2.80e-01,8.60e+00,
8642,-2.80e-01,8.40e+00,
8643,-2.80e-01,8.40e+00,
8644,-2.80e-01,8.40e+00,
8645,-2.80e-01,8.40e+00,
8646,-2.80e-01,8.40e+00,
8647,-2.80e-01,8.60e+00,
8648,-2.80e-01,8.40e+00,
8649,-2.80e-01,8.60e+00,
8650,-2.80e-01,8.60e+00,
8651,-2.80e-01,8.60e+00,
8652,-2.80e-01,8.40e+00,
8653,-2.80e-01,8.60e+00,
8654,-2.80e-01,8.40e+00,
8655,-2.80e-01,8.60e+00,
8656,-2.80e-01,8.40e+00,
8657,-2.80e-01,8.60e+00,
8658,-2.80e-01,8.60e+00,
8659,-2.80e-01,8.60e+00,
8660,-2.80e-01,8.40e+00,
8661,-2.88e-01,8.60e+00,
8662,-2.80e-01,8.40e+00,
8663,-2.80e-01,8.60e+00,
8664,-2.80e-01,8.40e+00,
8665,-2.80e-01,8.40e+00,
8666,-2.80e-01,8.40e+00,
8667,-2.80e-01,8.60e+00,
8668,-2.80e-01,8.40e+00,
8669,-2.88e-01,8.60e+00,
8670,-2.80e-01,8.40e+00,
8671,-2.80e-01,8.60e+00,
8672,-2.80e-01,8.60e+00,
8673,-2.88e-01,8.60e+00,
8674,-2.80e-01,8.40e+00,
8675,-2.88e-01,8.60e+00,
8676,-2.80e-01,8.40e+00,
8677,-2.88e-01,8.40e+00,
8678,-2.80e-01,8.40e+00,
8679,-2.88e-01,8.60e+00,
8680,-2.80e-01,8.60e+00,
8681,-2.88e-01,8.60e+00,
8682,-2.80e-01,8.60e+00,
8683,-2.88e-01,8.60e+00,
8684,-2.80e-01,8.40e+00,
8685,-2.88e-01,8.60e+00,
8686,-2.80e-01,8.40e+00,
8687,-2.88e-01,8.60e+00,
8688,-2.80e-01,8.60e+00,
8689,-2.88e-01,8.40e+00,
8690,-2.80e-01,8.40e+00,
8691,-2.88e-01,8.60e+00,
8692,-2.80e-01,8.40e+00,
8693,-2.88e-01,8.60e+00,
8694,-2.80e-01,8.40e+00,
8695,-2.88e-01,8.60e+00,
8696,-2.80e-01,8.60e+00,
8697,-2.88e-01,8.60e+00,
8698,-2.80e-01,8.40e+00,
8699,-2.88e-01,8.60e+00,
8700,-2.80e-01,8.40e+00,
8701,-2.88e-01,8.60e+00,
8702,-2.80e-01,8.40e+00,
8703,-2.88e-01,8.60e+00,
8704,-2.80e-01,8.40e+00,
8705,-2.88e-01,8.60e+00,
8706,-2.80e-01,8.40e+00,
8707,-2.88e-01,8.60e+00,
8708,-2.88e-01,8.40e+00,
8709,-2.88e-01,8.60e+00,
8710,-2.80e-01,8.40e+00,
8711,-2.88e-01,8.60e+00,
8712,-2.80e-01,8.40e+00,
8713,-2.88e-01,8.60e+00,
8714,-2.88e-01,8.40e+00,
8715,-2.88e-01,8.60e+00,
8716,-2.88e-01,8.60e+00,
8717,-2.88e-01,8.40e+00,
8718,-2.88e-01,8.60e+00,
8719,-2.88e-01,8.60e+00,
8720,-2.80e-01,8.60e+00,
8721,-2.88e-01,8.60e+00,
8722,-2.88e-01,8.40e+00,
8723,-2.88e-01,8.60e+00,
8724,-2.80e-01,8.60e+00,
8725,-2.88e-01,8.60e+00,
8726,-2.88e-01,8.40e+00,
8727,-2.88e-01,8.60e+00,
8728,-2.88e-01,8.40e+00,
8729,-2.88e-01,8.60e+00,
8730,-2.88e-01,8.40e+00,
8731,-2.88e-01,8.60e+00,
8732,-2.88e-01,8.60e+00,
8733,-2.88e-01,8.60e+00,
8734,-2.88e-01,8.60e+00,
8735,-2.88e-01,8.40e+00,
8736,-2.88e-01,8.40e+00,
8737,-2.96e-01,8.60e+00,
8738,-2.88e-01,8.60e+00,
8739,-2.88e-01,8.40e+00,
8740,-2.88e-01,8.40e+00,
8741,-2.96e-01,8.60e+00,
8742,-2.88e-01,8.40e+00,
8743,-2.88e-01,8.40e+00,
8744,-2.88e-01,8.40e+00,
8745,-2.88e-01,8.60e+00,
8746,-2.88e-01,8.40e+00,
8747,-2.88e-01,8.60e+00,
8748,-2.88e-01,8.60e+00,
8749,-2.96e-01,8.60e+00,
8750,-2.88e-01,8.60e+00,
8751,-2.88e-01,8.60e+00,
8752,-2.88e-01,8.60e+00,
8753,-2.88e-01,8.60e+00,
8754,-2.88e-01,8.60e+00,
8755,-2.96e-01,8.60e+00,
8756,-2.88e-01,8.40e+00,
8757,-2.96e-01,8.60e+00,
8758,-2.88e-01,8.40e+00,
8759,-2.96e-01,8.60e+00,
8760,-2.88e-01,8.60e+00,
8761,-2.88e-01,8.60e+00,
8762,-2.96e-01,8.60e+00,
8763,-2.88e-01,8.40e+00,
8764,-2.88e-01,8.40e+00,
8765,-2.96e-01,8.40e+00,
8766,-2.88e-01,8.40e+00,
8767,-2.96e-01,8.60e+00,
8768,-2.88e-01,8.60e+00,
8769,-2.96e-01,8.60e+00,
8770,-2.88e-01,8.60e+00,
8771,-2.96e-01,8.60e+00,
8772,-2.88e-01,8.60e+00,
8773,-2.96e-01,8.60e+00,
8774,-2.88e-01,8.40e+00,
8775,-2.96e-01,8.60e+00,
8776,-2.88e-01,8.60e+00,
8777,-2.96e-01,8.60e+00,
8778,-2.88e-01,8.40e+00,
8779,-2.96e-01,8.60e+00,
8780,-2.88e-01,8.40e+00,
8781,-2.96e-01,8.60e+00,
8782,-2.96e-01,8.40e+00,
8783,-2.96e-01,8.40e+00,
8784,-2.88e-01,8.60e+00,
8785,-2.96e-01,8.60e+00,
8786,-2.88e-01,8.60e+00,
8787,-2.96e-01,8.60e+00,
8788,-2.88e-01,8.60e+00,
8789,-2.96e-01,8.60e+00,
8790,-2.88e-01,8.40e+00,
8791,-2.96e-01,8.60e+00,
8792,-2.88e-01,8.60e+00,
8793,-2.96e-01,8.60e+00,
8794,-2.88e-01,8.60e+00,
8795,-2.96e-01,8.60e+00,
8796,-2.88e-01,8.40e+00,
8797,-2.96e-01,8.60e+00,
8798,-2.96e-01,8.40e+00,
8799,-2.96e-01,8.60e+00,
8800,-2.88e-01,8.40e+00,
8801,-2.96e-01,8.40e+00,
8802,-2.96e-01,8.40e+00,
8803,-2.96e-01,8.60e+00,
8804,-2.96e-01,8.60e+00,
8805,-2.96e-01,8.60e+00,
8806,-2.96e-01,8.40e+00,
8807,-2.96e-01,8.40e+00,
8808,-2.88e-01,8.40e+00,
8809,-2.96e-01,8.60e+00,
8810,-2.96e-01,8.40e+00,
8811,-2.96e-01,8.60e+00,
8812,-2.96e-01,8.40e+00,
8813,-2.96e-01,8.60e+00,
8814,-2.96e-01,8.40e+00,
8815,-2.96e-01,8.40e+00,
8816,-2.96e-01,8.40e+00,
8817,-2.96e-01,8.60e+00,
8818,-2.96e-01,8.60e+00,
8819,-2.96e-01,8.60e+00,
8820,-2.96e-01,8.40e+00,
8821,-2.96e-01,8.60e+00,
8822,-2.96e-01,8.40e+00,
8823,-2.96e-01,8.60e+00,
8824,-2.96e-01,8.40e+00,
8825,-2.96e-01,8.40e+00,
8826,-2.96e-01,8.40e+00,
8827,-2.96e-01,8.60e+00,
8828,-2.96e-01,8.60e+00,
8829,-3.04e-01,8.40e+00,
8830,-2.96e-01,8.40e+00,
8831,-2.96e-01,8.40e+00,
8832,-2.96e-01,8.60e+00,
8833,-3.04e-01,8.60e+00,
8834,-2.96e-01,8.40e+00,
8835,-2.96e-01,8.40e+00,
8836,-2.96e-01,8.40e+00,
8837,-3.04e-01,8.40e+00,
8838,-2.96e-01,8.40e+00,
8839,-2.96e-01,8.60e+00,
8840,-2.96e-01,8.60e+00,
8841,-3.04e-01,8.40e+00,
8842,-2.96e-01,8.40e+00,
8843,-3.04e-01,8.60e+00,
8844,-2.96e-01,8.60e+00,
8845,-3.04e-01,8.40e+00,
8846,-2.96e-01,8.40e+00,
8847,-3.04e-01,8.40e+00,
8848,-2.96e-01,8.40e+00,
8849,-3.04e-01,8.40e+00,
8850,-2.96e-01,8.40e+00,
8851,-3.04e-01,8.60e+00,
8852,-2.96e-01,8.40e+00,
8853,-3.04e-01,8.40e+00,
8854,-2.96e-01,8.40e+00,
8855,-3.04e-01,8.60e+00,
8856,-2.96e-01,8.60e+00,
8857,-3.04e-01,8.40e+00,
8858,-2.96e-01,8.40e+00,
8859,-3.04e-01,8.40e+00,
8860,-2.96e-01,8.40e+00,
8861,-3.04e-01,8.60e+00,
8862,-2.96e-01,8.40e+00,
8863,-3.04e-01,8.40e+00,
8864,-2.96e-01,8.60e+00,
8865,-3.04e-01,8.40e+00,
8866,-2.96e-01,8.40e+00,
8867,-3.04e-01,8.60e+00,
8868,-2.96e-01,8.40e+00,
8869,-3.04e-01,8.60e+00,
8870,-2.96e-01,8.40e+00,
8871,-3.04e-01,8.60e+00,
8872,-2.96e-01,8.40e+00,
8873,-3.04e-01,8.40e+00,
8874,-2.96e-01,8.40e+00,
8875,-3.04e-01,8.60e+00,
8876,-2.96e-01,8.40e+00,
8877,-3.04e-01,8.40e+00,
8878,-2.96e-01,8.40e+00,
8879,-3.04e-01,8.60e+00,
8880,-2.96e-01,8.40e+00,
8881,-3.04e-01,8.60e+00,
8882,-2.96e-01,8.40e+00,
8883,-3.04e-01,8.40e+00,
8884,-3.04e-01,8.40e+00,
8885,-3.04e-01,8.40e+00,
8886,-3.04e-01,8.60e+00,
8887,-3.04e-01,8.60e+00,
8888,-3.04e-01,8.60e+00,
8889,-3.04e-01,8.60e+00,
8890,-2.96e-01,8.40e+00,
8891,-3.04e-01,8.60e+00,
8892,-2.96e-01,8.40e+00,
8893,-3.04e-01,8.60e+00,
8894,-3.04e-01,8.40e+00,
8895,-3.04e-01,8.60e+00,
8896,-3.04e-01,8.40e+00,
8897,-3.04e-01,8.60e+00,
8898,-3.04e-01,8.40e+00,
8899,-3.04e-01,8.60e+00,
8900,-3.04e-01,8.40e+00,
8901,-3.04e-01,8.40e+00,
8902,-3.04e-01,8.40e+00,
8903,-3.04e-01,8.60e+00,
8904,-3.04e-01,8.40e+00,
8905,-3.04e-01,8.60e+00,
8906,-3.04e-01,8.60e+00,
8907,-3.04e-01,8.60e+00,
8908,-3.04e-01,8.40e+00,
8909,-3.12e-01,8.40e+00,
8910,-3.04e-01,8.40e+00,
8911,-3.04e-01,8.40e+00,
8912,-3.04e-01,8.40e+00,
8913,-3.04e-01,8.60e+00,
8914,-3.04e-01,8.40e+00,
8915,-3.04e-01,8.60e+00,
8916,-3.04e-01,8.60e+00,
8917,-3.12e-01,8.40e+00,
8918,-3.04e-01,8.40e+00,
8919,-3.04e-01,8.60e+00,
8920,-3.04e-01,8.60e+00,
8921,-3.04e-01,8.60e+00,
8922,-3.04e-01,8.40e+00,
8923,-3.12e-01,8.60e+00,
8924,-3.04e-01,8.60e+00,
8925,-3.12e-01,8.60e+00,
8926,-3.04e-01,8.40e+00,
8927,-3.04e-01,8.40e+00,
8928,-3.04e-01,8.40e+00,
8929,-3.12e-01,8.40e+00,
8930,-3.04e-01,8.60e+00,
8931,-3.12e-01,8.60e+00,
8932,-3.04e-01,8.40e+00,
8933,-3.12e-01,8.60e+00,
8934,-3.04e-01,8.40e+00,
8935,-3.12e-01,8.60e+00,
8936,-3.04e-01,8.40e+00,
8937,-3.12e-01,8.60e+00,
8938,-3.04e-01,8.60e+00,
8939,-3.12e-01,8.60e+00,
8940,-3.04e-01,8.40e+00,
8941,-3.12e-01,8.60e+00,
8942,-3.04e-01,8.40e+00,
8943,-3.12e-01,8.40e+00,
8944,-3.04e-01,8.40e+00,
8945,-3.12e-01,8.60e+00,
8946,-3.04e-01,8.40e+00,
8947,-3.12e-01,8.60e+00,
8948,-3.04e-01,8.40e+00,
8949,-3.12e-01,8.40e+00,
8950,-3.04e-01,8.40e+00,
8951,-3.12e-01,8.40e+00,
8952,-3.04e-01,8.60e+00,
8953,-3.12e-01,8.60e+00,
8954,-3.04e-01,8.40e+00,
8955,-3.12e-01,8.60e+00,
8956,-3.12e-01,8.60e+00,
8957,-3.12e-01,8.60e+00,
8958,-3.04e-01,8.40e+00,
8959,-3.12e-01,8.60e+00,
8960,-3.12e-01,8.40e+00,
8961,-3.12e-01,8.40e+00,
8962,-3.12e-01,8.60e+00,
8963,-3.12e-01,8.40e+00,
8964,-3.04e-01,8.40e+00,
8965,-3.12e-01,8.40e+00,
8966,-3.04e-01,8.40e+00,
8967,-3.12e-01,8.40e+00,
8968,-3.04e-01,8.60e+00,
8969,-3.12e-01,8.40e+00,
8970,-3.12e-01,8.40e+00,
8971,-3.12e-01,8.40e+00,
8972,-3.12e-01,8.40e+00,
8973,-3.12e-01,8.40e+00,
8974,-3.12e-01,8.40e+00,
8975,-3.12e-01,8.40e+00,
8976,-3.12e-01,8.40e+00,
8977,-3.12e-01,8.60e+00,
8978,-3.12e-01,8.40e+00,
8979,-3.12e-01,8.60e+00,
8980,-3.12e-01,8.40e+00,
8981,-3.12e-01,8.60e+00,
8982,-3.12e-01,8.40e+00,
8983,-3.12e-01,8.40e+00,
8984,-3.12e-01,8.40e+00,
8985,-3.12e-01,8.60e+00,
8986,-3.12e-01,8.60e+00,
8987,-3.12e-01,8.60e+00,
8988,-3.12e-01,8.40e+00,
8989,-3.12e-01,8.60e+00,
8990,-3.12e-01,8.40e+00,
8991,-3.12e-01,8.60e+00,
8992,-3.12e-01,8.40e+00,
8993,-3.20e-01,8.40e+00,
8994,-3.12e-01,8.40e+00,
8995,-3.12e-01,8.60e+00,
8996,-3.12e-01,8.40e+00,
8997,-3.20e-01,8.40e+00,
8998,-3.12e-01,8.40e+00,
8999,-3.12e-01,8.40e+00,
9000,-3.12e-01,8.60e+00,
9001,-3.20e-01,8.60e+00,
9002,-3.12e-01,8.40e+00,
9003,-3.12e-01,8.60e+00,
9004,-3.12e-01,8.40e+00,
9005,-3.20e-01,8.60e+00,
9006,-3.12e-01,8.60e+00,
9007,-3.20e-01,8.40e+00,
9008,-3.12e-01,8.40e+00,
9009,-3.20e-01,8.60e+00,
9010,-3.12e-01,8.40e+00,
9011,-3.20e-01,8.60e+00,
9012,-3.12e-01,8.40e+00,
9013,-3.20e-01,8.60e+00,
9014,-3.12e-01,8.40e+00,
9015,-3.20e-01,8.60e+00,
9016,-3.12e-01,8.40e+00,
9017,-3.20e-01,8.60e+00,
9018,-3.12e-01,8.60e+00,
9019,-3.20e-01,8.60e+00,
9020,-3.12e-01,8.40e+00,
9021,-3.20e-01,8.60e+00,
9022,-3.20e-01,8.40e+00,
9023,-3.20e-01,8.60e+00,
9024,-3.12e-01,8.40e+00,
9025,-3.20e-01,8.60e+00,
9026,-3.12e-01,8.40e+00,
9027,-3.20e-01,8.40e+00,
9028,-3.12e-01,8.40e+00,
9029,-3.20e-01,8.60e+00,
9030,-3.20e-01,8.40e+00,
9031,-3.20e-01,8.40e+00,
9032,-3.12e-01,8.40e+00,
9033,-3.20e-01,8.60e+00,
9034,-3.12e-01,8.40e+00,
9035,-3.20e-01,8.60e+00,
9036,-3.20e-01,8.40e+00,
9037,-3.20e-01,8.40e+00,
9038,-3.20e-01,8.40e+00,
9039,-3.20e-01,8.40e+00,
9040,-3.20e-01,8.40e+00,
9041,-3.20e-01,8.40e+00,
9042,-3.20e-01,8.40e+00,
9043,-3.20e-01,8.60e+00,
9044,-3.20e-01,8.40e+00,
9045,-3.20e-01,8.40e+00,
9046,-3.20e-01,8.40e+00,
9047,-3.20e-01,8.40e+00,
9048,-3.20e-01,8.40e+00,
9049,-3.20e-01,8.60e+00,
9050,-3.20e-01,8.40e+00,
9051,-3.20e-01,8.60e+00,
9052,-3.20e-01,8.60e+00,
9053,-3.20e-01,8.40e+00,
9054,-3.20e-01,8.60e+00,
9055,-3.20e-01,8.60e+00,
9056,-3.20e-01,8.40e+00,
9057,-3.20e-01,8.40e+00,
9058,-3.20e-01,8.40e+00,
9059,-3.20e-01,8.60e+00,
9060,-3.20e-01,8.40e+00,
9061,-3.28e-01,8.40e+00,
9062,-3.20e-01,8.60e+00,
9063,-3.20e-01,8.60e+00,
9064,-3.20e-01,8.60e+00,
9065,-3.28e-01,8.60e+00,
9066,-3.20e-01,8.40e+00,
9067,-3.28e-01,8.40e+00,
9068,-3.20e-01,8.40e+00,
9069,-3.28e-01,8.40e+00,
9070,-3.20e-01,8.40e+00,
9071,-3.20e-01,8.60e+00,
9072,-3.20e-01,8.60e+00,
9073,-3.28e-01,8.40e+00,
9074,-3.20e-01,8.40e+00,
9075,-3.28e-01,8.60e+00,
9076,-3.20e-01,8.40e+00,
9077,-3.28e-01,8.60e+00,
9078,-3.20e-01,8.40e+00,
9079,-3.28e-01,8.40e+00,
9080,-3.20e-01,8.40e+00,
9081,-3.28e-01,8.40e+00,
9082,-3.20e-01,8.40e+00,
9083,-3.28e-01,8.40e+00,
9084,-3.20e-01,8.40e+00,
9085,-3.28e-01,8.40e+00,
9086,-3.20e-01,8.40e+00,
9087,-3.28e-01,8.40e+00,
9088,-3.20e-01,8.60e+00,
9089,-3.28e-01,8.40e+00,
9090,-3.20e-01,8.40e+00,
9091,-3.28e-01,8.60e+00,
9092,-3.20e-01,8.40e+00,
9093,-3.28e-01,8.40e+00,
9094,-3.28e-01,8.60e+00,
9095,-3.28e-01,8.40e+00,
9096,-3.20e-01,8.40e+00,
9097,-3.28e-01,8.40e+00,
9098,-3.20e-01,8.40e+00,
9099,-3.28e-01,8.40e+00,
9100,-3.20e-01,8.60e+00,
9101,-3.28e-01,8.60e+00,
9102,-3.28e-01,8.40e+00,
9103,-3.28e-01,8.60e+00,
9104,-3.28e-01,8.40e+00,
9105,-3.28e-01,8.60e+00,
9106,-3.28e-01,8.40e+00,
9107,-3.28e-01,8.60e+00,
9108,-3.28e-01,8.40e+00,
9109,-3.28e-01,8.60e+00,
9110,-3.28e-01,8.40e+00,
9111,-3.28e-01,8.40e+00,
9112,-3.28e-01,8.40e+00,
9113,-3.28e-01,8.40e+00,
9114,-3.28e-01,8.40e+00,
9115,-3.28e-01,8.60e+00,
9116,-3.28e-01,8.40e+00,
9117,-3.28e-01,8.60e+00,
9118,-3.28e-01,8.40e+00,
9119,-3.28e-01,8.40e+00,
9120,-3.28e-01,8.40e+00,
9121,-3.36e-01,8.40e+00,
9122,-3.28e-01,8.40e+00,
9123,-3.36e-01,8.40e+00,
9124,-3.28e-01,8.40e+00,
9125,-3.28e-01,8.40e+00,
9126,-3.28e-01,8.40e+00,
9127,-3.28e-01,8.60e+00,
9128,-3.28e-01,8.40e+00,
9129,-3.28e-01,8.60e+00,
9130,-3.28e-01,8.40e+00,
9131,-3.28e-01,8.60e+00,
9132,-3.28e-01,8.40e+00,
9133,-3.36e-01,8.60e+00,
9134,-3.28e-01,8.40e+00,
9135,-3.36e-01,8.40e+00,
9136,-3.28e-01,8.40e+00,
9137,-3.36e-01,8.40e+00,
9138,-3.28e-01,8.40e+00,
9139,-3.36e-01,8.40e+00,
9140,-3.28e-01,8.40e+00,
9141,-3.36e-01,8.60e+00,
9142,-3.28e-01,8.40e+00,
9143,-3.36e-01,8.40e+00,
9144,-3.28e-01,8.40e+00,
9145,-3.36e-01,8.40e+00,
9146,-3.28e-01,8.40e+00,
9147,-3.36e-01,8.60e+00,
9148,-3.28e-01,8.40e+00,
9149,-3.36e-01,8.40e+00,
9150,-3.28e-01,8.40e+00,
9151,-3.36e-01,8.40e+00,
9152,-3.28e-01,8.40e+00,
9153,-3.36e-01,8.40e+00,
9154,-3.28e-01,8.40e+00,
9155,-3.36e-01,8.40e+00,
9156,-3.28e-01,8.40e+00,
9157,-3.36e-01,8.40e+00,
9158,-3.28e-01,8.40e+00,
9159,-3.36e-01,8.40e+00,
9160,-3.28e-01,8.40e+00,
9161,-3.36e-01,8.40e+00,
9162,-3.36e-01,8.60e+00,
9163,-3.36e-01,8.40e+00,
9164,-3.28e-01,8.40e+00,
9165,-3.36e-01,8.60e+00,
9166,-3.28e-01,8.40e+00,
9167,-3.36e-01,8.60e+00,
9168,-3.28e-01,8.40e+00,
9169,-3.36e-01,8.60e+00,
9170,-3.36e-01,8.40e+00,
9171,-3.36e-01,8.40e+00,
9172,-3.36e-01,8.40e+00,
9173,-3.36e-01,8.40e+00,
9174,-3.36e-01,8.40e+00,
9175,-3.36e-01,8.40e+00,
9176,-3.36e-01,8.60e+00,
9177,-3.36e-01,8.40e+00,
9178,-3.36e-01,8.40e+00,
9179,-3.36e-01,8.60e+00,
9180,-3.36e-01,8.40e+00,
9181,-3.36e-01,8.40e+00,
9182,-3.36e-01,8.40e+00,
9183,-3.36e-01,8.40e+00,
9184,-3.36e-01,8.40e+00,
9185,-3.44e-01,8.40e+00,
9186,-3.36e-01,8.40e+00,
9187,-3.44e-01,8.60e+00,
9188,-3.36e-01,8.40e+00,
9189,-3.44e-01,8.40e+00,
9190,-3.36e-01,8.60e+00,
9191,-3.44e-01,8.40e+00,
9192,-3.36e-01,8.40e+00,
9193,-3.44e-01,8.40e+00,
9194,-3.36e-01,8.40e+00,
9195,-3.44e-01,8.40e+00,
9196,-3.36e-01,8.40e+00,
9197,-3.44e-01,8.40e+00,
9198,-3.36e-01,8.40e+00,
9199,-3.44e-01,8.40e+00,
9200,-3.36e-01,8.40e+00,
9201,-3.44e-01,8.40e+00,
9202,-3.36e-01,8.40e+00,
9203,-3.44e-01,8.60e+00,
9204,-3.36e-01,8.40e+00,
9205,-3.44e-01,8.40e+00,
9206,-3.36e-01,8.40e+00,
9207,-3.44e-01,8.40e+00,
9208,-3.36e-01,8.40e+00,
9209,-3.44e-01,8.40e+00,
9210,-3.36e-01,8.40e+00,
9211,-3.44e-01,8.60e+00,
9212,-3.36e-01,8.40e+00,
9213,-3.44e-01,8.40e+00,
9214,-3.44e-01,8.40e+00,
9215,-3.44e-01,8.40e+00,
9216,-3.36e-01,8.40e+00,
9217,-3.44e-01,8.40e+00,
9218,-3.36e-01,8.40e+00,
9219,-3.44e-01,8.40e+00,
9220,-3.36e-01,8.40e+00,
9221,-3.44e-01,8.60e+00,
9222,-3.44e-01,8.40e+00,
9223,-3.44e-01,8.60e+00,
9224,-3.36e-01,8.40e+00,
9225,-3.44e-01,8.60e+00,
9226,-3.36e-01,8.40e+00,
9227,-3.44e-01,8.40e+00,
9228,-3.36e-01,8.40e+00,
9229,-3.44e-01,8.60e+00,
9230,-3.44e-01,8.40e+00,
9231,-3.44e-01,8.40e+00,
9232,-3.44e-01,8.40e+00,
9233,-3.44e-01,8.40e+00,
9234,-3.44e-01,8.40e+00,
9235,-3.44e-01,8.40e+00,
9236,-3.44e-01,8.40e+00,
9237,-3.44e-01,8.40e+00,
9238,-3.44e-01,8.40e+00,
9239,-3.44e-01,8.60e+00,
9240,-3.44e-01,8.60e+00,
9241,-3.44e-01,8.40e+00,
9242,-3.44e-01,8.40e+00,
9243,-3.44e-01,8.60e+00,
9244,-3.44e-01,8.40e+00,
9245,-3.44e-01,8.40e+00,
9246,-3.44e-01,8.40e+00,
9247,-3.44e-01,8.40e+00,
9248,-3.44e-01,8.40e+00,
9249,-3.44e-01,8.60e+00,
9250,-3.44e-01,8.40e+00,
9251,-3.52e-01,8.60e+00,
9252,-3.44e-01,8.40e+00,
9253,-3.52e-01,8.40e+00,
9254,-3.44e-01,8.40e+00,
9255,-3.44e-01,8.40e+00,
9256,-3.44e-01,8.40e+00,
9257,-3.52e-01,8.40e+00,
9258,-3.44e-01,8.40e+00,
9259,-3.52e-01,8.60e+00,
9260,-3.44e-01,8.40e+00,
9261,-3.52e-01,8.60e+00,
9262,-3.44e-01,8.40e+00,
9263,-3.52e-01,8.40e+00,
9264,-3.44e-01,8.40e+00,
9265,-3.52e-01,8.40e+00,
9266,-3.44e-01,8.40e+00,
9267,-3.52e-01,8.40e+00,
9268,-3.44e-01,8.40e+00,
9269,-3.52e-01,8.40e+00,
9270,-3.44e-01,8.40e+00,
9271,-3.52e-01,8.40e+00,
9272,-3.44e-01,8.60e+00,
9273,-3.52e-01,8.40e+00,
9274,-3.44e-01,8.40e+00,
9275,-3.52e-01,8.60e+00,
9276,-3.44e-01,8.40e+00,
9277,-3.52e-01,8.40e+00,
9278,-3.44e-01,8.40e+00,
9279,-3.52e-01,8.40e+00,
9280,-3.44e-01,8.40e+00,
9281,-3.52e-01,8.40e+00,
9282,-3.44e-01,8.40e+00,
9283,-3.52e-01,8.60e+00,
9284,-3.44e-01,8.40e+00,
9285,-3.52e-01,8.40e+00,
9286,-3.44e-01,8.40e+00,
9287,-3.52e-01,8.40e+00,
9288,-3.44e-01,8.40e+00,
9289,-3.52e-01,8.60e+00,
9290,-3.44e-01,8.40e+00,
9291,-3.52e-01,8.40e+00,
9292,-3.52e-01,8.40e+00,
9293,-3.52e-01,8.60e+00,
9294,-3.52e-01,8.40e+00,
9295,-3.52e-01,8.40e+00,
9296,-3.52e-01,8.40e+00,
9297,-3.52e-01,8.40e+00,
9298,-3.52e-01,8.40e+00,
9299,-3.52e-01,8.60e+00,
9300,-3.52e-01,8.40e+00,
9301,-3.52e-01,8.40e+00,
9302,-3.52e-01,8.60e+00,
9303,-3.52e-01,8.40e+00,
9304,-3.52e-01,8.40e+00,
9305,-3.52e-01,8.40e+00,
9306,-3.52e-01,8.40e+00,
9307,-3.52e-01,8.40e+00,
9308,-3.52e-01,8.40e+00,
9309,-3.52e-01,8.60e+00,
9310,-3.52e-01,8.40e+00,
9311,-3.60e-01,8.40e+00,
9312,-3.52e-01,8.40e+00,
9313,-3.52e-01,8.40e+00,
9314,-3.52e-01,8.40e+00,
9315,-3.52e-01,8.40e+00,
9316,-3.52e-01,8.40e+00,
9317,-3.60e-01,8.40e+00,
9318,-3.52e-01,8.40e+00,
9319,-3.60e-01,8.60e+00,
9320,-3.52e-01,8.40e+00,
9321,-3.60e-01,8.40e+00,
9322,-3.52e-01,8.40e+00,
9323,-3.60e-01,8.40e+00,
9324,-3.52e-01,8.40e+00,
9325,-3.60e-01,8.60e+00,
9326,-3.52e-01,8.40e+00,
9327,-3.60e-01,8.40e+00,
9328,-3.52e-01,8.40e+00,
9329,-3.60e-01,8.60e+00,
9330,-3.52e-01,8.40e+00,
9331,-3.60e-01,8.60e+00,
9332,-3.52e-01,8.40e+00,
9333,-3.60e-01,8.40e+00,
9334,-3.52e-01,8.40e+00,
9335,-3.60e-01,8.40e+00,
9336,-3.52e-01,8.40e+00,
9337,-3.60e-01,8.40e+00,
9338,-3.52e-01,8.40e+00,
9339,-3.60e-01,8.40e+00,
9340,-3.52e-01,8.40e+00,
9341,-3.60e-01,8.40e+00,
9342,-3.52e-01,8.40e+00,
9343,-3.60e-01,8.40e+00,
9344,-3.52e-01,8.40e+00,
9345,-3.60e-01,8.40e+00,
9346,-3.52e-01,8.40e+00,
9347,-3.60e-01,8.40e+00,
9348,-3.52e-01,8.40e+00,
9349,-3.60e-01,8.40e+00,
9350,-3.52e-01,8.40e+00,
9351,-3.60e-01,8.40e+00,
9352,-3.52e-01,8.40e+00,
9353,-3.60e-01,8.40e+00,
9354,-3.60e-01,8.60e+00,
9355,-3.60e-01,8.40e+00,
9356,-3.52e-01,8.40e+00,
9357,-3.60e-01,8.40e+00,
9358,-3.52e-01,8.40e+00,
9359,-3.60e-01,8.40e+00,
9360,-3.52e-01,8.40e+00,
9361,-3.60e-01,8.40e+00,
9362,-3.60e-01,8.60e+00,
9363,-3.60e-01,8.40e+00,
9364,-3.52e-01,8.40e+00,
9365,-3.60e-01,8.60e+00,
9366,-3.60e-01,8.40e+00,
9367,-3.60e-01,8.40e+00,
9368,-3.52e-01,8.40e+00,
9369,-3.60e-01,8.60e+00,
9370,-3.60e-01,8.40e+00,
9371,-3.60e-01,8.60e+00,
9372,-3.60e-01,8.40e+00,
9373,-3.60e-01,8.60e+00,
9374,-3.60e-01,8.40e+00,
9375,-3.60e-01,8.40e+00,
9376,-3.60e-01,8.40e+00,
9377,-3.60e-01,8.40e+00,
9378,-3.60e-01,8.40e+00,
9379,-3.60e-01,8.40e+00,
9380,-3.60e-01,8.40e+00,
9381,-3.60e-01,8.40e+00,
9382,-3.60e-01,8.40e+00,
9383,-3.60e-01,8.40e+00,
9384,-3.60e-01,8.40e+00,
9385,-3.68e-01,8.40e+00,
9386,-3.60e-01,8.40e+00,
9387,-3.68e-01,8.60e+00,
9388,-3.60e-01,8.40e+00,
9389,-3.68e-01,8.40e+00,
9390,-3.60e-01,8.40e+00,
9391,-3.68e-01,8.40e+00,
9392,-3.60e-01,8.40e+00,
9393,-3.68e-01,8.40e+00,
9394,-3.60e-01,8.40e+00,
9395,-3.68e-01,8.40e+00,
9396,-3.60e-01,8.40e+00,
9397,-3.68e-01,8.40e+00,
9398,-3.60e-01,8.40e+00,
9399,-3.68e-01,8.40e+00,
9400,-3.60e-01,8.40e+00,
9401,-3.68e-01,8.40e+00,
9402,-3.60e-01,8.40e+00,
9403,-3.68e-01,8.40e+00,
9404,-3.60e-01,8.40e+00,
9405,-3.68e-01,8.40e+00,
9406,-3.60e-01,8.40e+00,
9407,-3.68e-01,8.40e+00,
9408,-3.60e-01,8.40e+00,
9409,-3.68e-01,8.40e+00,
9410,-3.60e-01,8.40e+00,
9411,-3.68e-01,8.60e+00,
9412,-3.60e-01,8.40e+00,
9413,-3.68e-01,8.40e+00,
9414,-3.60e-01,8.40e+00,
9415,-3.68e-01,8.40e+00,
9416,-3.60e-01,8.40e+00,
9417,-3.68e-01,8.40e+00,
9418,-3.60e-01,8.40e+00,
9419,-3.68e-01,8.60e+00,
9420,-3.60e-01,8.40e+00,
9421,-3.68e-01,8.40e+00,
9422,-3.60e-01,8.40e+00,
9423,-3.68e-01,8.40e+00,
9424,-3.60e-01,8.40e+00,
9425,-3.68e-01,8.40e+00,
9426,-3.60e-01,8.40e+00,
9427,-3.68e-01,8.40e+00,
9428,-3.60e-01,8.40e+00,
9429,-3.68e-01,8.40e+00,
9430,-3.68e-01,8.40e+00,
9431,-3.68e-01,8.40e+00,
9432,-3.60e-01,8.40e+00,
9433,-3.68e-01,8.40e+00,
9434,-3.68e-01,8.40e+00,
9435,-3.68e-01,8.40e+00,
9436,-3.68e-01,8.40e+00,
9437,-3.68e-01,8.60e+00,
9438,-3.68e-01,8.40e+00,
9439,-3.68e-01,8.40e+00,
9440,-3.60e-01,8.40e+00,
9441,-3.68e-01,8.40e+00,
9442,-3.68e-01,8.40e+00,
9443,-3.68e-01,8.40e+00,
9444,-3.68e-01,8.40e+00,
9445,-3.68e-01,8.40e+00,
9446,-3.68e-01,8.40e+00,
9447,-3.68e-01,8.40e+00,
9448,-3.60e-01,8.40e+00,
9449,-3.68e-01,8.40e+00,
9450,-3.68e-01,8.40e+00,
9451,-3.68e-01,8.40e+00,
9452,-3.68e-01,8.40e+00,
9453,-3.76e-01,8.40e+00,
9454,-3.68e-01,8.40e+00,
9455,-3.68e-01,8.40e+00,
9456,-3.68e-01,8.40e+00,
9457,-3.76e-01,8.40e+00,
9458,-3.68e-01,8.40e+00,
9459,-3.68e-01,8.60e+00,
9460,-3.68e-01,8.40e+00,
9461,-3.76e-01,8.60e+00,
9462,-3.68e-01,8.40e+00,
9463,-3.68e-01,8.40e+00,
9464,-3.68e-01,8.40e+00,
9465,-3.76e-01,8.40e+00,
9466,-3.68e-01,8.40e+00,
9467,-3.76e-01,8.40e+00,
9468,-3.68e-01,8.40e+00,
9469,-3.76e-01,8.40e+00,
9470,-3.68e-01,8.40e+00,
9471,-3.76e-01,8.40e+00,
9472,-3.68e-01,8.40e+00,
9473,-3.76e-01,8.40e+00,
9474,-3.68e-01,8.40e+00,
9475,-3.76e-01,8.40e+00,
9476,-3.68e-01,8.40e+00,
9477,-3.76e-01,8.40e+00,
9478,-3.68e-01,8.40e+00,
9479,-3.76e-01,8.40e+00,
9480,-3.68e-01,8.40e+00,
9481,-3.76e-01,8.40e+00,
9482,-3.68e-01,8.40e+00,
9483,-3.76e-01,8.40e+00,
9484,-3.68e-01,8.40e+00,
9485,-3.76e-01,8.40e+00,
9486,-3.68e-01,8.40e+00,
9487,-3.76e-01,8.40e+00,
9488,-3.68e-01,8.40e+00,
9489,-3.76e-01,8.40e+00,
9490,-3.68e-01,8.40e+00,
9491,-3.76e-01,8.40e+00,
9492,-3.68e-01,8.40e+00,
9493,-3.76e-01,8.40e+00,
9494,-3.76e-01,8.40e+00,
9495,-3.76e-01,8.40e+00,
9496,-3.68e-01,8.40e+00,
9497,-3.76e-01,8.40e+00,
9498,-3.68e-01,8.40e+00,
9499,-3.76e-01,8.40e+00,
9500,-3.68e-01,8.40e+00,
9501,-3.76e-01,8.40e+00,
9502,-3.76e-01,8.40e+00,
9503,-3.76e-01,8.60e+00,
9504,-3.68e-01,8.40e+00,
9505,-3.76e-01,8.40e+00,
9506,-3.76e-01,8.40e+00,
9507,-3.76e-01,8.40e+00,
9508,-3.76e-01,8.40e+00,
9509,-3.76e-01,8.40e+00,
9510,-3.76e-01,8.40e+00,
9511,-3.76e-01,8.40e+00,
9512,-3.76e-01,8.40e+00,
9513,-3.76e-01,8.40e+00,
9514,-3.76e-01,8.40e+00,
9515,-3.76e-01,8.40e+00,
9516,-3.76e-01,8.40e+00,
9517,-3.76e-01,8.40e+00,
9518,-3.76e-01,8.40e+00,
9519,-3.76e-01,8.40e+00,
9520,-3.76e-01,8.40e+00,
9521,-3.84e-01,8.40e+00,
9522,-3.76e-01,8.40e+00,
9523,-3.76e-01,8.40e+00,
9524,-3.76e-01,8.40e+00,
9525,-3.84e-01,8.40e+00,
9526,-3.76e-01,8.40e+00,
9527,-3.84e-01,8.40e+00,
9528,-3.76e-01,8.40e+00,
9529,-3.84e-01,8.60e+00,
9530,-3.76e-01,8.40e+00,
9531,-3.84e-01,8.40e+00,
9532,-3.76e-01,8.40e+00,
9533,-3.84e-01,8.40e+00,
9534,-3.76e-01,8.40e+00,
9535,-3.84e-01,8.40e+00,
9536,-3.76e-01,8.40e+00,
9537,-3.84e-01,8.60e+00,
9538,-3.76e-01,8.40e+00,
9539,-3.84e-01,8.40e+00,
9540,-3.76e-01,8.40e+00,
9541,-3.84e-01,8.40e+00,
9542,-3.76e-01,8.40e+00,
9543,-3.76e-01,8.40e+00,
9544,-3.76e-01,8.40e+00,
9545,-3.84e-01,8.40e+00,
9546,-3.76e-01,8.40e+00,
9547,-3.84e-01,8.40e+00,
9548,-3.76e-01,8.40e+00,
9549,-3.84e-01,8.40e+00,
9550,-3.76e-01,8.40e+00,
9551,-3.84e-01,8.40e+00,
9552,-3.76e-01,8.40e+00,
9553,-3.84e-01,8.40e+00,
9554,-3.76e-01,8.40e+00,
9555,-3.84e-01,8.40e+00,
9556,-3.76e-01,8.40e+00,
9557,-3.84e-01,8.40e+00,
9558,-3.76e-01,8.40e+00,
9559,-3.84e-01,8.60e+00,
9560,-3.76e-01,8.40e+00,
9561,-3.84e-01,8.40e+00,
9562,-3.84e-01,8.40e+00,
9563,-3.84e-01,8.40e+00,
9564,-3.76e-01,8.40e+00,
9565,-3.84e-01,8.40e+00,
9566,-3.76e-01,8.40e+00,
9567,-3.84e-01,8.60e+00,
9568,-3.76e-01,8.40e+00,
9569,-3.84e-01,8.40e+00,
9570,-3.84e-01,8.40e+00,
9571,-3.84e-01,8.40e+00,
9572,-3.84e-01,8.40e+00,
9573,-3.84e-01,8.40e+00,
9574,-3.84e-01,8.40e+00,
9575,-3.84e-01,8.40e+00,
9576,-3.84e-01,8.40e+00,
9577,-3.84e-01,8.40e+00,
9578,-3.84e-01,8.40e+00,
9579,-3.92e-01,8.40e+00,
9580,-3.76e-01,8.40e+00,
9581,-3.84e-01,8.40e+00,
9582,-3.84e-01,8.40e+00,
9583,-3.84e-01,8.40e+00,
9584,-3.84e-01,8.40e+00,
9585,-3.84e-01,8.40e+00,
9586,-3.84e-01,8.40e+00,
9587,-3.84e-01,8.40e+00,
9588,-3.84e-01,8.40e+00,
9589,-3.92e-01,8.40e+00,
9590,-3.84e-01,8.40e+00,
9591,-3.84e-01,8.40e+00,
9592,-3.84e-01,8.40e+00,
9593,-3.84e-01,8.40e+00,
9594,-3.84e-01,8.40e+00,
9595,-3.92e-01,8.40e+00,
9596,-3.84e-01,8.40e+00,
9597,-3.92e-01,8.40e+00,
9598,-3.84e-01,8.40e+00,
9599,-3.92e-01,8.40e+00,
9600,-3.84e-01,8.40e+00,
9601,-3.92e-01,8.40e+00,
9602,-3.84e-01,8.40e+00,
9603,-3.92e-01,8.40e+00,
9604,-3.84e-01,8.40e+00,
9605,-3.92e-01,8.40e+00,
9606,-3.84e-01,8.40e+00,
9607,-3.92e-01,8.40e+00,
9608,-3.84e-01,8.40e+00,
9609,-3.92e-01,8.40e+00,
9610,-3.84e-01,8.40e+00,
9611,-3.92e-01,8.40e+00,
9612,-3.84e-01,8.40e+00,
9613,-3.92e-01,8.40e+00,
9614,-3.84e-01,8.40e+00,
9615,-3.92e-01,8.40e+00,
9616,-3.84e-01,8.40e+00,
9617,-3.92e-01,8.40e+00,
9618,-3.84e-01,8.40e+00,
9619,-3.92e-01,8.40e+00,
9620,-3.84e-01,8.40e+00,
9621,-3.92e-01,8.40e+00,
9622,-3.84e-01,8.40e+00,
9623,-3.92e-01,8.40e+00,
9624,-3.84e-01,8.40e+00,
9625,-3.92e-01,8.40e+00,
9626,-3.84e-01,8.40e+00,
9627,-3.92e-01,8.40e+00,
9628,-3.84e-01,8.40e+00,
9629,-3.92e-01,8.40e+00,
9630,-3.92e-01,8.20e+00,
9631,-3.92e-01,8.40e+00,
9632,-3.84e-01,8.40e+00,
9633,-3.92e-01,8.40e+00,
9634,-3.84e-01,8.40e+00,
9635,-3.92e-01,8.40e+00,
9636,-3.84e-01,8.40e+00,
9637,-3.92e-01,8.40e+00,
9638,-3.92e-01,8.40e+00,
9639,-3.92e-01,8.40e+00,
9640,-3.92e-01,8.40e+00,
9641,-3.92e-01,8.40e+00,
9642,-3.92e-01,8.40e+00,
9643,-3.92e-01,8.40e+00,
9644,-3.92e-01,8.40e+00,
9645,-3.92e-01,8.40e+00,
9646,-3.92e-01,8.40e+00,
9647,-3.92e-01,8.40e+00,
9648,-3.92e-01,8.40e+00,
9649,-3.92e-01,8.40e+00,
9650,-3.92e-01,8.40e+00,
9651,-4.00e-01,8.40e+00,
9652,-3.92e-01,8.40e+00,
9653,-4.00e-01,8.60e+00,
9654,-3.92e-01,8.40e+00,
9655,-3.92e-01,8.40e+00,
9656,-3.92e-01,8.40e+00,
9657,-4.00e-01,8.40e+00,
9658,-3.92e-01,8.40e+00,
9659,-4.00e-01,8.60e+00,
9660,-3.92e-01,8.40e+00,
9661,-4.00e-01,8.40e+00,
9662,-3.92e-01,8.40e+00,
9663,-3.92e-01,8.40e+00,
9664,-3.92e-01,8.40e+00,
9665,-4.00e-01,8.40e+00,
9666,-3.92e-01,8.40e+00,
9667,-4.00e-01,8.40e+00,
9668,-3.92e-01,8.40e+00,
9669,-4.00e-01,8.40e+00,
9670,-3.92e-01,8.40e+00,
9671,-4.00e-01,8.40e+00,
9672,-3.92e-01,8.40e+00,
9673,-4.00e-01,8.40e+00,
9674,-3.92e-01,8.40e+00,
9675,-4.00e-01,8.40e+00,
9676,-3.92e-01,8.40e+00,
9677,-4.00e-01,8.40e+00,
9678,-3.92e-01,8.20e+00,
9679,-4.00e-01,8.40e+00,
9680,-3.92e-01,8.40e+00,
9681,-4.00e-01,8.40e+00,
9682,-3.92e-01,8.40e+00,
9683,-4.00e-01,8.60e+00,
9684,-3.92e-01,8.40e+00,
9685,-4.00e-01,8.40e+00,
9686,-3.92e-01,8.40e+00,
9687,-4.00e-01,8.40e+00,
9688,-3.92e-01,8.40e+00,
9689,-4.00e-01,8.40e+00,
9690,-3.92e-01,8.40e+00,
9691,-4.00e-01,8.40e+00,
9692,-4.00e-01,8.40e+00,
9693,-4.00e-01,8.40e+00,
9694,-4.00e-01,8.40e+00,
9695,-4.00e-01,8.40e+00,
9696,-3.92e-01,8.40e+00,
9697,-4.00e-01,8.40e+00,
9698,-3.92e-01,8.40e+00,
9699,-4.00e-01,8.40e+00,
9700,-4.00e-01,8.20e+00,
9701,-4.00e-01,8.40e+00,
9702,-4.00e-01,8.40e+00,
9703,-4.00e-01,8.40e+00,
9704,-3.92e-01,8.40e+00,
9705,-4.00e-01,8.40e+00,
9706,-4.00e-01,8.40e+00,
9707,-4.00e-01,8.40e+00,
9708,-4.00e-01,8.40e+00,
9709,-4.00e-01,8.40e+00,
9710,-4.00e-01,8.40e+00,
9711,-4.08e-01,8.40e+00,
9712,-4.00e-01,8.40e+00,
9713,-4.00e-01,8.40e+00,
9714,-4.00e-01,8.40e+00,
9715,-4.00e-01,8.40e+00,
9716,-4.00e-01,8.40e+00,
9717,-4.00e-01,8.40e+00,
9718,-4.00e-01,8.40e+00,
9719,-4.00e-01,8.60e+00,
9720,-4.00e-01,8.40e+00,
9721,-4.08e-01,8.40e+00,
9722,-4.00e-01,8.40e+00,
9723,-4.08e-01,8.40e+00,
9724,-4.00e-01,8.40e+00,
9725,-4.08e-01,8.40e+00,
9726,-4.00e-01,8.40e+00,
9727,-4.00e-01,8.40e+00,
9728,-4.00e-01,8.40e+00,
9729,-4.08e-01,8.40e+00,
9730,-4.00e-01,8.40e+00,
9731,-4.08e-01,8.40e+00,
9732,-4.00e-01,8.40e+00,
9733,-4.08e-01,8.40e+00,
9734,-4.00e-01,8.40e+00,
9735,-4.08e-01,8.40e+00,
9736,-4.00e-01,8.40e+00,
9737,-4.08e-01,8.40e+00,
9738,-4.00e-01,8.40e+00,
9739,-4.08e-01,8.40e+00,
9740,-4.00e-01,8.40e+00,
9741,-4.08e-01,8.40e+00,
9742,-4.00e-01,8.40e+00,
9743,-4.08e-01,8.40e+00,
9744,-4.00e-01,8.40e+00,
9745,-4.08e-01,8.40e+00,
9746,-4.00e-01,8.40e+00,
9747,-4.08e-01,8.40e+00,
9748,-4.00e-01,8.40e+00,
9749,-4.08e-01,8.40e+00,
9750,-4.00e-01,8.40e+00,
9751,-4.08e-01,8.40e+00,
9752,-4.00e-01,8.40e+00,
9753,-4.08e-01,8.40e+00,
9754,-4.08e-01,8.40e+00,
9755,-4.08e-01,8.40e+00,
9756,-4.00e-01,8.40e+00,
9757,-4.08e-01,8.40e+00,
9758,-4.00e-01,8.40e+00,
9759,-4.08e-01,8.40e+00,
9760,-4.00e-01,8.40e+00,
9761,-4.08e-01,8.40e+00,
9762,-4.08e-01,8.40e+00,
9763,-4.08e-01,8.40e+00,
9764,-4.00e-01,8.40e+00,
9765,-4.08e-01,8.40e+00,
9766,-4.00e-01,8.40e+00,
9767,-4.08e-01,8.40e+00,
9768,-4.00e-01,8.40e+00,
9769,-4.08e-01,8.40e+00,
9770,-4.08e-01,8.40e+00,
9771,-4.08e-01,8.40e+00,
9772,-4.08e-01,8.40e+00,
9773,-4.08e-01,8.40e+00,
9774,-4.08e-01,8.40e+00,
9775,-4.08e-01,8.40e+00,
9776,-4.00e-01,8.40e+00,
9777,-4.08e-01,8.40e+00,
9778,-4.08e-01,8.40e+00,
9779,-4.08e-01,8.40e+00,
9780,-4.08e-01,8.40e+00,
9781,-4.08e-01,8.40e+00,
9782,-4.08e-01,8.40e+00,
9783,-4.08e-01,8.40e+00,
9784,-4.08e-01,8.40e+00,
9785,-4.16e-01,8.40e+00,
9786,-4.08e-01,8.40e+00,
9787,-4.16e-01,8.40e+00,
9788,-4.08e-01,8.40e+00,
9789,-4.16e-01,8.40e+00,
9790,-4.08e-01,8.40e+00,
9791,-4.16e-01,8.40e+00,
9792,-4.08e-01,8.40e+00,
9793,-4.16e-01,8.40e+00,
9794,-4.08e-01,8.40e+00,
9795,-4.08e-01,8.60e+00,
9796,-4.08e-01,8.40e+00,
9797,-4.16e-01,8.40e+00,
9798,-4.08e-01,8.40e+00,
9799,-4.16e-01,8.40e+00,
9800,-4.08e-01,8.40e+00,
9801,-4.16e-01,8.60e+00,
9802,-4.08e-01,8.40e+00,
9803,-4.16e-01,8.40e+00,
9804,-4.08e-01,8.40e+00,
9805,-4.16e-01,8.40e+00,
9806,-4.08e-01,8.40e+00,
9807,-4.16e-01,8.40e+00,
9808,-4.08e-01,8.40e+00,
9809,-4.16e-01,8.40e+00,
9810,-4.08e-01,8.40e+00,
9811,-4.16e-01,8.40e+00,
9812,-4.08e-01,8.20e+00,
9813,-4.16e-01,8.40e+00,
9814,-4.08e-01,8.40e+00,
9815,-4.16e-01,8.40e+00,
9816,-4.08e-01,8.40e+00,
9817,-4.16e-01,8.40e+00,
9818,-4.08e-01,8.40e+00,
9819,-4.16e-01,8.40e+00,
9820,-4.08e-01,8.40e+00,
9821,-4.16e-01,8.40e+00,
9822,-4.08e-01,8.40e+00,
9823,-4.16e-01,8.40e+00,
9824,-4.08e-01,8.40e+00,
9825,-4.16e-01,8.40e+00,
9826,-4.08e-01,8.40e+00,
9827,-4.16e-01,8.40e+00,
9828,-4.08e-01,8.40e+00,
9829,-4.16e-01,8.40e+00,
9830,-4.16e-01,8.40e+00,
9831,-4.16e-01,8.40e+00,
9832,-4.08e-01,8.40e+00,
9833,-4.16e-01,8.40e+00,
9834,-4.08e-01,8.40e+00,
9835,-4.16e-01,8.40e+00,
9836,-4.16e-01,8.40e+00,
9837,-4.16e-01,8.40e+00,
9838,-4.16e-01,8.40e+00,
9839,-4.16e-01,8.40e+00,
9840,-4.08e-01,8.40e+00,
9841,-4.16e-01,8.40e+00,
9842,-4.16e-01,8.40e+00,
9843,-4.16e-01,8.40e+00,
9844,-4.16e-01,8.40e+00,
9845,-4.16e-01,8.40e+00,
9846,-4.16e-01,8.40e+00,
9847,-4.16e-01,8.40e+00,
9848,-4.16e-01,8.40e+00,
9849,-4.16e-01,8.40e+00,
9850,-4.16e-01,8.20e+00,
9851,-4.16e-01,8.40e+00,
9852,-4.16e-01,8.40e+00,
9853,-4.16e-01,8.40e+00,
9854,-4.16e-01,8.40e+00,
9855,-4.16e-01,8.40e+00,
9856,-4.16e-01,8.40e+00,
9857,-4.16e-01,8.40e+00,
9858,-4.16e-01,8.40e+00,
9859,-4.24e-01,8.40e+00,
9860,-4.16e-01,8.40e+00,
9861,-4.24e-01,8.40e+00,
9862,-4.16e-01,8.40e+00,
9863,-4.16e-01,8.40e+00,
9864,-4.16e-01,8.40e+00,
9865,-4.24e-01,8.20e+00,
9866,-4.16e-01,8.40e+00,
9867,-4.16e-01,8.40e+00,
9868,-4.16e-01,8.40e+00,
9869,-4.24e-01,8.40e+00,
9870,-4.16e-01,8.40e+00,
9871,-4.16e-01,8.40e+00,
9872,-4.16e-01,8.40e+00,
9873,-4.24e-01,8.40e+00,
9874,-4.16e-01,8.40e+00,
9875,-4.24e-01,8.40e+00,
9876,-4.16e-01,8.40e+00,
9877,-4.24e-01,8.40e+00,
9878,-4.16e-01,8.40e+00,
9879,-4.24e-01,8.40e+00,
9880,-4.16e-01,8.40e+00,
9881,-4.24e-01,8.40e+00,
9882,-4.16e-01,8.40e+00,
9883,-4.24e-01,8.40e+00,
9884,-4.16e-01,8.40e+00,
9885,-4.24e-01,8.40e+00,
9886,-4.16e-01,8.40e+00,
9887,-4.24e-01,8.40e+00,
9888,-4.16e-01,8.40e+00,
9889,-4.24e-01,8.40e+00,
9890,-4.16e-01,8.20e+00,
9891,-4.24e-01,8.40e+00,
9892,-4.16e-01,8.40e+00,
9893,-4.24e-01,8.40e+00,
9894,-4.16e-01,8.40e+00,
9895,-4.24e-01,8.40e+00,
9896,-4.16e-01,8.40e+00,
9897,-4.24e-01,8.40e+00,
9898,-4.16e-01,8.40e+00,
9899,-4.24e-01,8.40e+00,
9900,-4.16e-01,8.20e+00,
9901,-4.24e-01,8.40e+00,
9902,-4.16e-01,8.40e+00,
9903,-4.24e-01,8.20e+00,
9904,-4.16e-01,8.40e+00,
9905,-4.24e-01,8.40e+00,
9906,-4.16e-01,8.40e+00,
9907,-4.24e-01,8.40e+00,
9908,-4.16e-01,8.40e+00,
9909,-4.24e-01,8.40e+00,
9910,-4.16e-01,8.20e+00,
9911,-4.24e-01,8.40e+00,
9912,-4.16e-01,8.40e+00,
9913,-4.24e-01,8.40e+00,
9914,-4.24e-01,8.40e+00,
9915,-4.24e-01,8.40e+00,
9916,-4.24e-01,8.40e+00,
9917,-4.24e-01,8.40e+00,
9918,-4.24e-01,8.40e+00,
9919,-4.24e-01,8.40e+00,
9920,-4.16e-01,8.40e+00,
9921,-4.24e-01,8.40e+00,
9922,-4.24e-01,8.40e+00,
9923,-4.24e-01,8.40e+00,
9924,-4.24e-01,8.40e+00,
9925,-4.24e-01,8.40e+00,
9926,-4.24e-01,8.40e+00,
9927,-4.24e-01,8.40e+00,
9928,-4.16e-01,8.40e+00,
9929,-4.32e-01,8.40e+00,
9930,-4.24e-01,8.40e+00,
9931,-4.24e-01,8.40e+00,
9932,-4.24e-01,8.40e+00,
9933,-4.24e-01,8.40e+00,
9934,-4.24e-01,8.40e+00,
9935,-4.24e-01,8.40e+00,
9936,-4.24e-01,8.40e+00,
9937,-4.24e-01,8.40e+00,
9938,-4.24e-01,8.40e+00,
9939,-4.32e-01,8.40e+00,
9940,-4.24e-01,8.40e+00,
9941,-4.32e-01,8.40e+00,
9942,-4.24e-01,8.40e+00,
9943,-4.24e-01,8.40e+00,
9944,-4.24e-01,8.40e+00,
9945,-4.24e-01,8.40e+00,
9946,-4.24e-01,8.40e+00,
9947,-4.32e-01,8.40e+00,
9948,-4.24e-01,8.40e+00,
9949,-4.32e-01,8.40e+00,
9950,-4.24e-01,8.40e+00,
9951,-4.32e-01,8.40e+00,
9952,-4.24e-01,8.40e+00,
9953,-4.32e-01,8.40e+00,
9954,-4.24e-01,8.40e+00,
9955,-4.32e-01,8.40e+00,
9956,-4.24e-01,8.40e+00,
9957,-4.32e-01,8.40e+00,
9958,-4.24e-01,8.40e+00,
9959,-4.32e-01,8.40e+00,
9960,-4.24e-01,8.40e+00,
9961,-4.24e-01,8.40e+00,
9962,-4.32e-01,8.40e+00,
9963,-4.32e-01,8.40e+00,
9964,-4.24e-01,8.40e+00,
9965,-4.32e-01,8.40e+00,
9966,-4.24e-01,8.40e+00,
9967,-4.32e-01,8.60e+00,
9968,-4.24e-01,8.40e+00,
9969,-4.32e-01,8.40e+00,
9970,-4.24e-01,8.40e+00,
9971,-4.32e-01,8.40e+00,
9972,-4.24e-01,8.40e+00,
9973,-4.32e-01,8.40e+00,
9974,-4.24e-01,8.40e+00,
9975,-4.32e-01,8.40e+00,
9976,-4.24e-01,8.40e+00,
9977,-4.32e-01,8.40e+00,
9978,-4.24e-01,8.40e+00,
9979,-4.32e-01,8.40e+00,
9980,-4.24e-01,8.40e+00,
9981,-4.32e-01,8.40e+00,
9982,-4.32e-01,8.40e+00,
9983,-4.32e-01,8.40e+00,
9984,-4.24e-01,8.40e+00,
9985,-4.32e-01,8.40e+00,
9986,-4.24e-01,8.40e+00,
9987,-4.32e-01,8.40e+00,
9988,-4.24e-01,8.40e+00,
9989,-4.32e-01,8.40e+00,
9990,-4.32e-01,8.40e+00,
9991,-4.32e-01,8.40e+00,
9992,-4.24e-01,8.40e+00,
9993,-4.32e-01,8.40e+00,
9994,-4.24e-01,8.40e+00,
9995,-4.32e-01,8.40e+00,
9996,-4.32e-01,8.40e+00,
9997,-4.32e-01,8.40e+00,
9998,-4.32e-01,8.40e+00,
9999,-4.32e-01,8.40e+00,
10000,-4.24e-01,8.40e+00,
10001,-4.32e-01,8.40e+00,
10002,-4.32e-01,8.40e+00,
10003,-4.32e-01,8.40e+00,
10004,-4.32e-01,8.40e+00,
10005,-4.32e-01,8.40e+00,
10006,-4.32e-01,8.40e+00,
10007,-4.32e-01,8.40e+00,
10008,-4.24e-01,8.40e+00,
10009,-4.32e-01,8.40e+00,
10010,-4.32e-01,8.40e+00,
10011,-4.32e-01,8.40e+00,
10012,-4.32e-01,8.40e+00,
10013,-4.32e-01,8.40e+00,
10014,-4.32e-01,8.40e+00,
10015,-4.32e-01,8.40e+00,
10016,-4.32e-01,8.40e+00,
10017,-4.32e-01,8.40e+00,
10018,-4.32e-01,8.40e+00,
10019,-4.32e-01,8.40e+00,
10020,-4.32e-01,8.40e+00,
10021,-4.32e-01,8.40e+00,
10022,-4.32e-01,8.40e+00,
10023,-4.32e-01,8.40e+00,
10024,-4.32e-01,8.40e+00,
10025,-4.48e-01,8.40e+00,
10026,-4.32e-01,8.20e+00,
10027,-4.32e-01,8.40e+00,
10028,-4.32e-01,8.40e+00,
10029,-4.48e-01,8.40e+00,
10030,-4.32e-01,8.40e+00,
10031,-4.48e-01,8.40e+00,
10032,-4.32e-01,8.20e+00,
10033,-4.48e-01,8.40e+00,
10034,-4.32e-01,8.40e+00,
10035,-4.48e-01,8.40e+00,
10036,-4.32e-01,8.40e+00,
10037,-4.48e-01,8.40e+00,
10038,-4.32e-01,8.20e+00,
10039,-4.48e-01,8.40e+00,
10040,-4.32e-01,8.40e+00,
10041,-4.48e-01,8.40e+00,
10042,-4.32e-01,8.20e+00,
10043,-4.48e-01,8.40e+00,
10044,-4.32e-01,8.40e+00,
10045,-4.48e-01,8.40e+00,
10046,-4.32e-01,8.40e+00,
10047,-4.48e-01,8.40e+00,
10048,-4.32e-01,8.40e+00,
10049,-4.48e-01,8.40e+00,
10050,-4.32e-01,8.40e+00,
10051,-4.48e-01,8.40e+00,
10052,-4.32e-01,8.40e+00,
10053,-4.48e-01,8.40e+00,
10054,-4.32e-01,8.40e+00,
10055,-4.48e-01,8.40e+00,
10056,-4.32e-01,8.40e+00,
10057,-4.48e-01,8.40e+00,
10058,-4.32e-01,8.40e+00,
10059,-4.48e-01,8.40e+00,
10060,-4.32e-01,8.20e+00,
10061,-4.48e-01,8.40e+00,
10062,-4.32e-01,8.40e+00,
10063,-4.48e-01,8.40e+00,
10064,-4.32e-01,8.40e+00,
10065,-4.48e-01,8.20e+00,
10066,-4.32e-01,8.40e+00,
10067,-4.48e-01,8.40e+00,
10068,-4.32e-01,8.20e+00,
10069,-4.48e-01,8.40e+00,
10070,-4.32e-01,8.40e+00,
10071,-4.48e-01,8.40e+00,
10072,-4.32e-01,8.40e+00,
10073,-4.48e-01,8.40e+00,
10074,-4.48e-01,8.40e+00,
10075,-4.48e-01,8.40e+00,
10076,-4.48e-01,8.40e+00,
10077,-4.48e-01,8.40e+00,
10078,-4.48e-01,8.40e+00,
10079,-4.48e-01,8.40e+00,
10080,-4.32e-01,8.20e+00,
10081,-4.56e-01,8.40e+00,
10082,-4.48e-01,8.40e+00,
10083,-4.48e-01,8.40e+00,
10084,-4.48e-01,8.40e+00,
10085,-4.48e-01,8.40e+00,
10086,-4.48e-01,8.40e+00,
10087,-4.48e-01,8.40e+00,
10088,-4.32e-01,8.40e+00,
10089,-4.48e-01,8.40e+00,
10090,-4.48e-01,8.20e+00,
10091,-4.48e-01,8.40e+00,
10092,-4.48e-01,8.40e+00,
10093,-4.48e-01,8.40e+00,
10094,-4.48e-01,8.40e+00,
10095,-4.48e-01,8.40e+00,
10096,-4.48e-01,8.40e+00,
10097,-4.48e-01,8.40e+00,
10098,-4.48e-01,8.40e+00,
10099,-4.56e-01,8.40e+00,
10100,-4.48e-01,8.40e+00,
10101,-4.56e-01,8.40e+00,
10102,-4.48e-01,8.40e+00,
10103,-4.48e-01,8.40e+00,
10104,-4.48e-01,8.40e+00,
10105,-4.48e-01,8.40e+00,
10106,-4.48e-01,8.40e+00,
10107,-4.56e-01,8.40e+00,
10108,-4.48e-01,8.40e+00,
10109,-4.56e-01,8.40e+00,
10110,-4.48e-01,8.20e+00,
10111,-4.56e-01,8.40e+00,
10112,-4.48e-01,8.40e+00,
10113,-4.56e-01,8.40e+00,
10114,-4.48e-01,8.20e+00,
10115,-4.56e-01,8.40e+00,
10116,-4.48e-01,8.40e+00,
10117,-4.56e-01,8.40e+00,
10118,-4.48e-01,8.40e+00,
10119,-4.56e-01,8.40e+00,
10120,-4.48e-01,8.40e+00,
10121,-4.56e-01,8.40e+00,
10122,-4.48e-01,8.40e+00,
10123,-4.56e-01,8.40e+00,
10124,-4.48e-01,8.40e+00,
10125,-4.56e-01,8.40e+00,
10126,-4.48e-01,8.40e+00,
10127,-4.56e-01,8.40e+00,
10128,-4.48e-01,8.40e+00,
10129,-4.56e-01,8.40e+00,
10130,-4.48e-01,8.40e+00,
10131,-4.56e-01,8.40e+00,
10132,-4.48e-01,8.40e+00,
10133,-4.56e-01,8.40e+00,
10134,-4.56e-01,8.40e+00,
10135,-4.56e-01,8.40e+00,
10136,-4.48e-01,8.40e+00,
10137,-4.56e-01,8.40e+00,
10138,-4.48e-01,8.40e+00,
10139,-4.56e-01,8.40e+00,
10140,-4.48e-01,8.40e+00,
10141,-4.56e-01,8.40e+00,
10142,-4.48e-01,8.40e+00,
10143,-4.56e-01,8.40e+00,
10144,-4.48e-01,8.40e+00,
10145,-4.56e-01,8.40e+00,
10146,-4.48e-01,8.40e+00,
10147,-4.56e-01,8.40e+00,
10148,-4.48e-01,8.40e+00,
10149,-4.56e-01,8.40e+00,
10150,-4.48e-01,8.40e+00,
10151,-4.56e-01,8.40e+00,
10152,-4.48e-01,8.40e+00,
10153,-4.56e-01,8.20e+00,
10154,-4.56e-01,8.40e+00,
10155,-4.56e-01,8.40e+00,
10156,-4.48e-01,8.40e+00,
10157,-4.56e-01,8.40e+00,
10158,-4.56e-01,8.20e+00,
10159,-4.56e-01,8.40e+00,
10160,-4.56e-01,8.40e+00,
10161,-4.56e-01,8.40e+00,
10162,-4.56e-01,8.40e+00,
10163,-4.56e-01,8.40e+00,
10164,-4.48e-01,8.40e+00,
10165,-4.64e-01,8.40e+00,
10166,-4.56e-01,8.20e+00,
10167,-4.64e-01,8.40e+00,
10168,-4.56e-01,8.40e+00,
10169,-4.64e-01,8.40e+00,
10170,-4.56e-01,8.40e+00,
10171,-4.56e-01,8.40e+00,
10172,-4.56e-01,8.40e+00,
10173,-4.64e-01,8.40e+00,
10174,-4.56e-01,8.20e+00,
10175,-4.56e-01,8.20e+00,
10176,-4.56e-01,8.40e+00,
10177,-4.64e-01,8.40e+00,
10178,-4.56e-01,8.40e+00,
10179,-4.64e-01,8.40e+00,
10180,-4.56e-01,8.20e+00,
10181,-4.64e-01,8.40e+00,
10182,-4.56e-01,8.40e+00,
10183,-4.64e-01,8.40e+00,
10184,-4.56e-01,8.40e+00,
10185,-4.64e-01,8.40e+00,
10186,-4.56e-01,8.40e+00,
10187,-4.64e-01,8.40e+00,
10188,-4.56e-01,8.40e+00,
10189,-4.64e-01,8.40e+00,
10190,-4.56e-01,8.40e+00,
10191,-4.64e-01,8.40e+00,
10192,-4.56e-01,8.40e+00,
10193,-4.64e-01,8.40e+00,
10194,-4.56e-01,8.40e+00,
10195,-4.64e-01,8.40e+00,
10196,-4.56e-01,8.20e+00,
10197,-4.64e-01,8.40e+00,
10198,-4.56e-01,8.20e+00,
10199,-4.64e-01,8.40e+00,
10200,-4.56e-01,8.40e+00,
10201,-4.64e-01,8.40e+00,
10202,-4.56e-01,8.40e+00,
10203,-4.64e-01,8.40e+00,
10204,-4.56e-01,8.20e+00,
10205,-4.64e-01,8.40e+00,
10206,-4.64e-01,8.40e+00,
10207,-4.64e-01,8.40e+00,
10208,-4.56e-01,8.40e+00,
10209,-4.64e-01,8.20e+00,
10210,-4.56e-01,8.20e+00,
10211,-4.64e-01,8.40e+00,
10212,-4.56e-01,8.40e+00,
10213,-4.64e-01,8.40e+00,
10214,-4.64e-01,8.40e+00,
10215,-4.64e-01,8.40e+00,
10216,-4.56e-01,8.40e+00,
10217,-4.64e-01,8.20e+00,
10218,-4.56e-01,8.40e+00,
10219,-4.64e-01,8.40e+00,
10220,-4.56e-01,8.40e+00,
10221,-4.64e-01,8.40e+00,
10222,-4.64e-01,8.40e+00,
10223,-4.64e-01,8.40e+00,
10224,-4.64e-01,8.20e+00,
10225,-4.64e-01,8.40e+00,
10226,-4.64e-01,8.40e+00,
10227,-4.64e-01,8.40e+00,
10228,-4.64e-01,8.40e+00,
10229,-4.72e-01,8.40e+00,
10230,-4.64e-01,8.20e+00,
10231,-4.64e-01,8.40e+00,
10232,-4.64e-01,8.40e+00,
10233,-4.64e-01,8.40e+00,
10234,-4.64e-01,8.40e+00,
10235,-4.72e-01,8.40e+00,
10236,-4.64e-01,8.40e+00,
10237,-4.72e-01,8.20e+00,
10238,-4.64e-01,8.40e+00,
10239,-4.72e-01,8.40e+00,
10240,-4.64e-01,8.20e+00,
10241,-4.72e-01,8.40e+00,
10242,-4.64e-01,8.40e+00,
10243,-4.72e-01,8.40e+00,
10244,-4.64e-01,8.40e+00,
10245,-4.72e-01,8.40e+00,
10246,-4.64e-01,8.40e+00,
10247,-4.72e-01,8.40e+00,
10248,-4.64e-01,8.40e+00,
10249,-4.72e-01,8.40e+00,
10250,-4.64e-01,8.20e+00,
10251,-4.72e-01,8.40e+00,
10252,-4.64e-01,8.40e+00,
10253,-4.72e-01,8.40e+00,
10254,-4.64e-01,8.20e+00,
10255,-4.72e-01,8.40e+00,
10256,-4.64e-01,8.20e+00,
10257,-4.72e-01,8.40e+00,
10258,-4.64e-01,8.40e+00,
10259,-4.72e-01,8.40e+00,
10260,-4.64e-01,8.20e+00,
10261,-4.72e-01,8.40e+00,
10262,-4.64e-01,8.20e+00,
10263,-4.72e-01,8.40e+00,
10264,-4.64e-01,8.40e+00,
10265,-4.72e-01,8.40e+00,
10266,-4.64e-01,8.40e+00,
10267,-4.72e-01,8.40e+00,
10268,-4.64e-01,8.40e+00,
10269,-4.72e-01,8.40e+00,
10270,-4.64e-01,8.20e+00,
10271,-4.72e-01,8.40e+00,
10272,-4.64e-01,8.40e+00,
10273,-4.72e-01,8.40e+00,
10274,-4.72e-01,8.20e+00,
10275,-4.72e-01,8.40e+00,
10276,-4.72e-01,8.40e+00,
10277,-4.72e-01,8.20e+00,
10278,-4.72e-01,8.40e+00,
10279,-4.72e-01,8.20e+00,
10280,-4.64e-01,8.40e+00,
10281,-4.80e-01,8.40e+00,
10282,-4.72e-01,8.40e+00,
10283,-4.72e-01,8.40e+00,
10284,-4.72e-01,8.40e+00,
10285,-4.72e-01,8.20e+00,
10286,-4.72e-01,8.40e+00,
10287,-4.72e-01,8.40e+00,
10288,-4.72e-01,8.20e+00,
10289,-4.80e-01,8.20e+00,
10290,-4.72e-01,8.40e+00,
10291,-4.80e-01,8.40e+00,
10292,-4.72e-01,8.40e+00,
10293,-4.72e-01,8.40e+00,
10294,-4.72e-01,8.20e+00,
10295,-4.80e-01,8.40e+00,
10296,-4.72e-01,8.40e+00,
10297,-4.80e-01,8.40e+00,
10298,-4.72e-01,8.40e+00,
10299,-4.80e-01,8.40e+00,
10300,-4.72e-01,8.40e+00,
10301,-4.80e-01,8.40e+00,
10302,-4.72e-01,8.20e+00,
10303,-4.80e-01,8.40e+00,
10304,-4.72e-01,8.40e+00,
10305,-4.80e-01,8.40e+00,
10306,-4.72e-01,8.40e+00,
10307,-4.80e-01,8.40e+00,
10308,-4.72e-01,8.20e+00,
10309,-4.80e-01,8.40e+00,
10310,-4.72e-01,8.20e+00,
10311,-4.80e-01,8.40e+00,
10312,-4.72e-01,8.40e+00,
10313,-4.80e-01,8.40e+00,
10314,-4.72e-01,8.40e+00,
10315,-4.80e-01,8.40e+00,
10316,-4.72e-01,8.40e+00,
10317,-4.80e-01,8.40e+00,
10318,-4.72e-01,8.40e+00,
10319,-4.80e-01,8.40e+00,
10320,-4.72e-01,8.20e+00,
10321,-4.80e-01,8.40e+00,
10322,-4.72e-01,8.20e+00,
10323,-4.80e-01,8.40e+00,
10324,-4.72e-01,8.40e+00,
10325,-4.80e-01,8.40e+00,
10326,-4.80e-01,8.40e+00,
10327,-4.80e-01,8.40e+00,
10328,-4.72e-01,8.40e+00,
10329,-4.80e-01,8.40e+00,
10330,-4.72e-01,8.20e+00,
10331,-4.80e-01,8.40e+00,
10332,-4.80e-01,8.40e+00,
10333,-4.80e-01,8.40e+00,
10334,-4.80e-01,8.20e+00,
10335,-4.80e-01,8.40e+00,
10336,-4.80e-01,8.40e+00,
10337,-4.80e-01,8.40e+00,
10338,-4.80e-01,8.40e+00,
10339,-4.88e-01,8.40e+00,
10340,-4.80e-01,8.40e+00,
10341,-4.88e-01,8.40e+00,
10342,-4.80e-01,8.40e+00,
10343,-4.80e-01,8.40e+00,
10344,-4.80e-01,8.40e+00,
10345,-4.88e-01,8.20e+00,
10346,-4.80e-01,8.20e+00,
10347,-4.88e-01,8.40e+00,
10348,-4.80e-01,8.40e+00,
10349,-4.88e-01,8.40e+00,
10350,-4.80e-01,8.20e+00,
10351,-4.88e-01,8.20e+00,
10352,-4.80e-01,8.40e+00,
10353,-4.88e-01,8.40e+00,
10354,-4.80e-01,8.20e+00,
10355,-4.80e-01,8.40e+00,
10356,-4.80e-01,8.20e+00,
10357,-4.88e-01,8.40e+00,
10358,-4.80e-01,8.40e+00,
10359,-4.88e-01,8.40e+00,
10360,-4.80e-01,8.40e+00,
10361,-4.80e-01,8.20e+00,
10362,-4.88e-01,8.40e+00,
10363,-4.80e-01,8.40e+00,
10364,-4.80e-01,8.20e+00,
10365,-4.88e-01,8.40e+00,
10366,-4.80e-01,8.40e+00,
10367,-4.88e-01,8.40e+00,
10368,-4.80e-01,8.40e+00,
10369,-4.88e-01,8.40e+00,
10370,-4.80e-01,8.40e+00,
10371,-4.88e-01,8.40e+00,
10372,-4.80e-01,8.40e+00,
10373,-4.88e-01,8.40e+00,
10374,-4.88e-01,8.20e+00,
10375,-4.88e-01,8.20e+00,
10376,-4.80e-01,8.40e+00,
10377,-4.88e-01,8.40e+00,
10378,-4.80e-01,8.20e+00,
10379,-4.88e-01,8.40e+00,
10380,-4.80e-01,8.20e+00,
10381,-4.88e-01,8.40e+00,
10382,-4.80e-01,8.40e+00,
10383,-4.88e-01,8.40e+00,
10384,-4.80e-01,8.20e+00,
10385,-4.88e-01,8.40e+00,
10386,-4.80e-01,8.40e+00,
10387,-4.88e-01,8.20e+00,
10388,-4.80e-01,8.40e+00,
10389,-4.88e-01,8.40e+00,
10390,-4.88e-01,8.40e+00,
10391,-4.88e-01,8.40e+00,
10392,-4.80e-01,8.40e+00,
10393,-4.88e-01,8.40e+00,
10394,-4.88e-01,8.20e+00,
10395,-4.96e-01,8.40e+00,
10396,-4.88e-01,8.20e+00,
10397,-4.96e-01,8.20e+00,
10398,-4.88e-01,8.40e+00,
10399,-4.88e-01,8.40e+00,
10400,-4.80e-01,8.20e+00,
10401,-4.96e-01,8.40e+00,
10402,-4.88e-01,8.20e+00,
10403,-4.96e-01,8.40e+00,
10404,-4.88e-01,8.40e+00,
10405,-4.96e-01,8.40e+00,
10406,-4.88e-01,8.40e+00,
10407,-4.96e-01,8.40e+00,
10408,-4.88e-01,8.40e+00,
10409,-4.96e-01,8.40e+00,
10410,-4.88e-01,8.40e+00,
10411,-4.96e-01,8.40e+00,
10412,-4.88e-01,8.40e+00,
10413,-4.96e-01,8.40e+00,
10414,-4.88e-01,8.40e+00,
10415,-4.96e-01,8.40e+00,
10416,-4.88e-01,8.40e+00,
10417,-4.96e-01,8.40e+00,
10418,-4.88e-01,8.40e+00,
10419,-4.96e-01,8.40e+00,
10420,-4.88e-01,8.20e+00,
10421,-4.96e-01,8.40e+00,
10422,-4.88e-01,8.40e+00,
10423,-4.96e-01,8.40e+00,
10424,-4.88e-01,8.40e+00,
10425,-4.96e-01,8.40e+00,
10426,-4.88e-01,8.20e+00,
10427,-4.96e-01,8.40e+00,
10428,-4.88e-01,8.20e+00,
10429,-4.96e-01,8.40e+00,
10430,-4.88e-01,8.40e+00,
10431,-4.96e-01,8.40e+00,
10432,-4.88e-01,8.40e+00,
10433,-4.96e-01,8.20e+00,
10434,-4.88e-01,8.40e+00,
10435,-4.96e-01,8.20e+00,
10436,-4.88e-01,8.40e+00,
10437,-4.96e-01,8.40e+00,
10438,-4.96e-01,8.20e+00,
10439,-4.96e-01,8.40e+00,
10440,-4.88e-01,8.20e+00,
10441,-4.96e-01,8.40e+00,
10442,-4.88e-01,8.20e+00,
10443,-4.96e-01,8.40e+00,
10444,-4.88e-01,8.20e+00,
10445,-4.96e-01,8.40e+00,
10446,-4.96e-01,8.40e+00,
10447,-4.96e-01,8.40e+00,
10448,-4.88e-01,8.40e+00,
10449,-4.96e-01,8.40e+00,
10450,-4.88e-01,8.20e+00,
10451,-4.96e-01,8.40e+00,
10452,-4.96e-01,8.40e+00,
10453,-4.96e-01,8.20e+00,
10454,-4.96e-01,8.40e+00,
10455,-4.96e-01,8.20e+00,
10456,-4.96e-01,8.40e+00,
10457,-5.04e-01,8.40e+00,
10458,-4.96e-01,8.40e+00,
10459,-5.04e-01,8.20e+00,
10460,-4.96e-01,8.20e+00,
10461,-5.04e-01,8.20e+00,
10462,-4.96e-01,8.40e+00,
10463,-4.96e-01,8.40e+00,
10464,-4.96e-01,8.40e+00,
10465,-5.04e-01,8.40e+00,
10466,-4.96e-01,8.40e+00,
10467,-5.04e-01,8.40e+00,
10468,-4.96e-01,8.40e+00,
10469,-5.04e-01,8.40e+00,
10470,-4.96e-01,8.40e+00,
10471,-5.04e-01,8.40e+00,
10472,-4.96e-01,8.40e+00,
10473,-5.04e-01,8.20e+00,
10474,-4.96e-01,8.20e+00,
10475,-5.04e-01,8.40e+00,
10476,-4.96e-01,8.20e+00,
10477,-5.04e-01,8.40e+00,
10478,-4.96e-01,8.40e+00,
10479,-5.04e-01,8.40e+00,
10480,-4.96e-01,8.20e+00,
10481,-5.04e-01,8.40e+00,
10482,-4.96e-01,8.20e+00,
10483,-5.04e-01,8.40e+00,
10484,-4.96e-01,8.40e+00,
10485,-5.04e-01,8.40e+00,
10486,-4.96e-01,8.40e+00,
10487,-5.04e-01,8.40e+00,
10488,-4.96e-01,8.20e+00,
10489,-5.04e-01,8.40e+00,
10490,-4.96e-01,8.40e+00,
10491,-5.04e-01,8.40e+00,
10492,-4.96e-01,8.40e+00,
10493,-5.04e-01,8.40e+00,
10494,-4.96e-01,8.20e+00,
10495,-5.04e-01,8.40e+00,
10496,-4.96e-01,8.40e+00,
10497,-5.04e-01,8.40e+00,
10498,-4.96e-01,8.20e+00,
10499,-5.04e-01,8.40e+00,
10500,-4.96e-01,8.20e+00,
10501,-5.04e-01,8.40e+00,
10502,-5.04e-01,8.20e+00,
10503,-5.04e-01,8.20e+00,
10504,-4.96e-01,8.20e+00,
10505,-5.04e-01,8.40e+00,
10506,-4.96e-01,8.40e+00,
10507,-5.04e-01,8.40e+00,
10508,-4.96e-01,8.20e+00,
10509,-5.04e-01,8.40e+00,
10510,-5.04e-01,8.20e+00,
10511,-5.04e-01,8.40e+00,
10512,-4.96e-01,8.40e+00,
10513,-5.04e-01,8.40e+00,
10514,-5.04e-01,8.40e+00,
10515,-5.04e-01,8.40e+00,
10516,-5.04e-01,8.20e+00,
10517,-5.04e-01,8.40e+00,
10518,-5.04e-01,8.20e+00,
10519,-5.04e-01,8.40e+00,
10520,-4.96e-01,8.40e+00,
10521,-5.12e-01,8.40e+00,
10522,-5.04e-01,8.20e+00,
10523,-5.04e-01,8.20e+00,
10524,-5.04e-01,8.40e+00,
10525,-5.04e-01,8.20e+00,
10526,-5.04e-01,8.40e+00,
10527,-5.04e-01,8.40e+00,
10528,-4.96e-01,8.20e+00,
10529,-5.12e-01,8.20e+00,
10530,-5.04e-01,8.20e+00,
10531,-5.04e-01,8.40e+00,
10532,-4.96e-01,8.40e+00,
10533,-5.04e-01,8.40e+00,
10534,-5.04e-01,8.40e+00,
10535,-5.04e-01,8.40e+00,
10536,-4.96e-01,8.40e+00,
10537,-5.04e-01,8.40e+00,
10538,-4.96e-01,8.40e+00,
10539,-5.04e-01,8.40e+00,
10540,-4.96e-01,8.20e+00,
10541,-5.04e-01,8.40e+00,
10542,-4.96e-01,8.40e+00,
10543,-4.96e-01,8.40e+00,
10544,-4.88e-01,8.40e+00,
10545,-4.96e-01,8.40e+00,
10546,-4.88e-01,8.20e+00,
10547,-4.88e-01,8.40e+00,
10548,-4.80e-01,8.20e+00,
10549,-4.88e-01,8.40e+00,
10550,-4.88e-01,8.20e+00,
10551,-5.04e-01,8.20e+00,
10552,-5.04e-01,8.20e+00,
10553,-4.96e-01,8.40e+00,
10554,-4.88e-01,8.40e+00,
10555,-4.96e-01,8.40e+00,
10556,-4.80e-01,8.40e+00,
10557,-4.80e-01,8.40e+00,
10558,-4.72e-01,8.40e+00,
10559,-4.80e-01,8.40e+00,
10560,-4.64e-01,8.40e+00,
10561,-4.64e-01,8.40e+00,
10562,-4.64e-01,8.40e+00,
10563,-4.56e-01,8.20e+00,
10564,-4.48e-01,8.40e+00,
10565,-4.48e-01,8.40e+00,
10566,-4.32e-01,8.40e+00,
10567,-4.32e-01,8.40e+00,
10568,-4.24e-01,8.20e+00,
10569,-4.24e-01,8.40e+00,
10570,-4.24e-01,8.40e+00,
10571,-4.24e-01,8.40e+00,
10572,-4.16e-01,8.40e+00,
10573,-4.24e-01,8.40e+00,
10574,-4.24e-01,8.20e+00,
10575,-4.32e-01,8.40e+00,
10576,-4.32e-01,8.40e+00,
10577,-4.48e-01,8.40e+00,
10578,-4.32e-01,8.40e+00,
10579,-4.32e-01,8.40e+00,
10580,-4.16e-01,8.40e+00,
10581,-4.16e-01,8.40e+00,
10582,-4.08e-01,8.40e+00,
10583,-4.08e-01,8.40e+00,
10584,-4.08e-01,8.40e+00,
10585,-4.16e-01,8.40e+00,
10586,-4.16e-01,8.40e+00,
10587,-4.24e-01,8.40e+00,
10588,-4.24e-01,8.40e+00,
10589,-4.32e-01,8.40e+00,
10590,-4.48e-01,8.40e+00,
10591,-4.56e-01,8.40e+00,
10592,-4.48e-01,8.40e+00,
10593,-4.64e-01,8.40e+00,
10594,-4.56e-01,8.20e+00,
10595,-4.64e-01,8.20e+00,
10596,-4.56e-01,8.20e+00,
10597,-4.64e-01,8.40e+00,
10598,-4.64e-01,8.40e+00,
10599,-4.64e-01,8.40e+00,
10600,-4.48e-01,8.40e+00,
10601,-4.56e-01,8.40e+00,
10602,-4.48e-01,8.40e+00,
10603,-4.48e-01,8.40e+00,
10604,-4.24e-01,8.40e+00,
10605,-4.32e-01,8.40e+00,
10606,-4.24e-01,8.40e+00,
10607,-4.24e-01,8.40e+00,
10608,-4.24e-01,8.40e+00,
10609,-4.32e-01,8.40e+00,
10610,-4.24e-01,8.20e+00,
10611,-4.48e-01,8.40e+00,
10612,-4.32e-01,8.20e+00,
10613,-4.48e-01,8.40e+00,
10614,-4.48e-01,8.40e+00,
10615,-4.48e-01,8.40e+00,
10616,-4.48e-01,8.40e+00,
10617,-4.48e-01,8.40e+00,
10618,-4.24e-01,8.40e+00,
10619,-4.24e-01,8.40e+00,
10620,-4.16e-01,8.40e+00,
10621,-4.16e-01,8.40e+00,
10622,-4.00e-01,8.40e+00,
10623,-4.00e-01,8.40e+00,
10624,-3.92e-01,8.40e+00,
10625,-3.92e-01,8.40e+00,
10626,-3.92e-01,8.40e+00,
10627,-4.00e-01,8.40e+00,
10628,-3.92e-01,8.40e+00,
10629,-4.08e-01,8.40e+00,
10630,-4.00e-01,8.40e+00,
10631,-4.16e-01,8.40e+00,
10632,-4.08e-01,8.40e+00,
10633,-4.16e-01,8.40e+00,
10634,-4.16e-01,8.40e+00,
10635,-4.24e-01,8.40e+00,
10636,-4.16e-01,8.40e+00,
10637,-4.24e-01,8.60e+00,
10638,-4.16e-01,8.40e+00,
10639,-4.24e-01,8.40e+00,
10640,-4.08e-01,8.40e+00,
10641,-4.16e-01,8.40e+00,
10642,-4.08e-01,8.40e+00,
10643,-4.08e-01,8.40e+00,
10644,-4.00e-01,8.40e+00,
10645,-4.00e-01,8.40e+00,
10646,-4.00e-01,8.40e+00,
10647,-4.00e-01,8.40e+00,
10648,-3.92e-01,8.40e+00,
10649,-4.00e-01,8.40e+00,
10650,-3.92e-01,8.40e+00,
10651,-4.00e-01,8.40e+00,
10652,-4.00e-01,8.40e+00,
10653,-4.08e-01,8.40e+00,
10654,-4.00e-01,8.40e+00,
10655,-4.08e-01,8.40e+00,
10656,-4.00e-01,8.40e+00,
10657,-4.00e-01,8.40e+00,
10658,-3.92e-01,8.40e+00,
10659,-3.92e-01,8.40e+00,
10660,-3.84e-01,8.40e+00,
10661,-3.84e-01,8.40e+00,
10662,-3.76e-01,8.40e+00,
10663,-3.76e-01,8.40e+00,
10664,-3.68e-01,8.40e+00,
10665,-3.68e-01,8.60e+00,
10666,-3.60e-01,8.40e+00,
10667,-3.68e-01,8.40e+00,
10668,-3.60e-01,8.40e+00,
10669,-3.68e-01,8.60e+00,
10670,-3.68e-01,8.40e+00,
10671,-3.76e-01,8.60e+00,
10672,-3.76e-01,8.40e+00,
10673,-3.84e-01,8.40e+00,
10674,-3.76e-01,8.40e+00,
10675,-3.84e-01,8.40e+00,
10676,-3.76e-01,8.40e+00,
10677,-3.84e-01,8.40e+00,
10678,-3.84e-01,8.40e+00,
10679,-3.84e-01,8.40e+00,
10680,-3.76e-01,8.40e+00,
10681,-3.84e-01,8.40e+00,
10682,-3.68e-01,8.40e+00,
10683,-3.76e-01,8.40e+00,
10684,-3.68e-01,8.40e+00,
10685,-3.68e-01,8.40e+00,
10686,-3.60e-01,8.40e+00,
10687,-3.68e-01,8.40e+00,
10688,-3.60e-01,8.40e+00,
10689,-3.68e-01,8.40e+00,
10690,-3.60e-01,8.40e+00,
10691,-3.68e-01,8.40e+00,
10692,-3.68e-01,8.40e+00,
10693,-3.68e-01,8.40e+00,
10694,-3.68e-01,8.40e+00,
10695,-3.68e-01,8.40e+00,
10696,-3.60e-01,8.40e+00,
10697,-3.68e-01,8.40e+00,
10698,-3.60e-01,8.40e+00,
10699,-3.60e-01,8.60e+00,
10700,-3.52e-01,8.40e+00,
10701,-3.52e-01,8.40e+00,
10702,-3.44e-01,8.40e+00,
10703,-3.44e-01,8.60e+00,
10704,-3.36e-01,8.40e+00,
10705,-3.44e-01,8.40e+00,
10706,-3.36e-01,8.40e+00,
10707,-3.44e-01,8.60e+00,
10708,-3.36e-01,8.40e+00,
10709,-3.44e-01,8.60e+00,
10710,-3.36e-01,8.40e+00,
10711,-3.44e-01,8.60e+00,
10712,-3.44e-01,8.40e+00,
10713,-3.52e-01,8.40e+00,
10714,-3.44e-01,8.40e+00,
10715,-3.52e-01,8.60e+00,
10716,-3.44e-01,8.40e+00,
10717,-3.52e-01,8.40e+00,
10718,-3.44e-01,8.40e+00,
10719,-3.52e-01,8.60e+00,
10720,-3.44e-01,8.60e+00,
10721,-3.52e-01,8.40e+00,
10722,-3.44e-01,8.40e+00,
10723,-3.44e-01,8.40e+00,
10724,-3.36e-01,8.40e+00,
10725,-3.44e-01,8.60e+00,
10726,-3.36e-01,8.40e+00,
10727,-3.36e-01,8.40e+00,
10728,-3.36e-01,8.40e+00,
10729,-3.36e-01,8.40e+00,
10730,-3.36e-01,8.60e+00,
10731,-3.36e-01,8.40e+00,
10732,-3.36e-01,8.40e+00,
10733,-3.44e-01,8.60e+00,
10734,-3.36e-01,8.40e+00,
10735,-3.36e-01,8.40e+00,
10736,-3.36e-01,8.40e+00,
10737,-3.36e-01,8.40e+00,
10738,-3.28e-01,8.40e+00,
10739,-3.36e-01,8.60e+00,
10740,-3.28e-01,8.40e+00,
10741,-3.28e-01,8.60e+00,
10742,-3.20e-01,8.40e+00,
10743,-3.20e-01,8.40e+00,
10744,-3.12e-01,8.40e+00,
10745,-3.20e-01,8.60e+00,
10746,-3.12e-01,8.40e+00,
10747,-3.20e-01,8.60e+00,
10748,-3.12e-01,8.40e+00,
10749,-3.20e-01,8.60e+00,
10750,-3.12e-01,8.40e+00,
10751,-3.20e-01,8.60e+00,
10752,-3.12e-01,8.40e+00,
10753,-3.20e-01,8.60e+00,
10754,-3.20e-01,8.40e+00,
10755,-3.20e-01,8.40e+00,
10756,-3.20e-01,8.40e+00,
10757,-3.28e-01,8.40e+00,
10758,-3.20e-01,8.40e+00,
10759,-3.20e-01,8.40e+00,
10760,-3.20e-01,8.40e+00,
10761,-3.20e-01,8.40e+00,
10762,-3.20e-01,8.60e+00,
10763,-3.20e-01,8.60e+00,
10764,-3.12e-01,8.40e+00,
10765,-3.20e-01,8.60e+00,
10766,-3.12e-01,8.40e+00,
10767,-3.12e-01,8.60e+00,
10768,-3.04e-01,8.40e+00,
10769,-3.12e-01,8.60e+00,
10770,-3.04e-01,8.40e+00,
10771,-3.12e-01,8.60e+00,
10772,-3.04e-01,8.40e+00,
10773,-3.12e-01,8.40e+00,
10774,-3.04e-01,8.40e+00,
10775,-3.12e-01,8.40e+00,
10776,-3.04e-01,8.40e+00,
10777,-3.12e-01,8.40e+00,
10778,-3.04e-01,8.60e+00,
10779,-3.04e-01,8.60e+00,
10780,-2.96e-01,8.40e+00,
10781,-3.04e-01,8.60e+00,
10782,-2.96e-01,8.40e+00,
10783,-2.96e-01,8.60e+00,
10784,-2.88e-01,8.60e+00,
10785,-2.96e-01,8.60e+00,
10786,-2.88e-01,8.60e+00,
10787,-2.96e-01,8.60e+00,
10788,-2.88e-01,8.40e+00,
10789,-2.96e-01,8.60e+00,
10790,-2.88e-01,8.40e+00,
10791,-2.96e-01,8.60e+00,
10792,-2.88e-01,8.60e+00,
10793,-2.96e-01,8.60e+00,
10794,-2.96e-01,8.40e+00,
10795,-2.96e-01,8.60e+00,
10796,-2.96e-01,8.60e+00,
10797,-2.96e-01,8.40e+00,
10798,-2.96e-01,8.40e+00,
10799,-2.96e-01,8.60e+00,
10800,-2.88e-01,8.40e+00,
10801,-2.96e-01,8.60e+00,
10802,-2.88e-01,8.40e+00,
10803,-2.96e-01,8.60e+00,
10804,-2.88e-01,8.60e+00,
10805,-2.88e-01,8.60e+00,
10806,-2.88e-01,8.40e+00,
10807,-2.88e-01,8.40e+00,
10808,-2.80e-01,8.60e+00,
10809,-2.88e-01,8.60e+00,
10810,-2.80e-01,8.40e+00,
10811,-2.88e-01,8.60e+00,
10812,-2.80e-01,8.40e+00,
10813,-2.88e-01,8.60e+00,
10814,-2.88e-01,8.40e+00,
10815,-2.88e-01,8.60e+00,
10816,-2.80e-01,8.40e+00,
10817,-2.88e-01,8.40e+00,
10818,-2.80e-01,8.60e+00,
10819,-2.80e-01,8.60e+00,
10820,-2.72e-01,8.60e+00,
10821,-2.80e-01,8.60e+00,
10822,-2.72e-01,8.60e+00,
10823,-2.72e-01,8.60e+00,
10824,-2.72e-01,8.60e+00,
10825,-2.72e-01,8.60e+00,
10826,-2.72e-01,8.60e+00,
10827,-2.72e-01,8.60e+00,
10828,-2.64e-01,8.40e+00,
10829,-2.72e-01,8.60e+00,
10830,-2.72e-01,8.60e+00,
10831,-2.72e-01,8.60e+00,
10832,-2.72e-01,8.40e+00,
10833,-2.72e-01,8.60e+00,
10834,-2.72e-01,8.60e+00,
10835,-2.72e-01,8.60e+00,
10836,-2.72e-01,8.60e+00,
10837,-2.72e-01,8.60e+00,
10838,-2.72e-01,8.60e+00,
10839,-2.72e-01,8.40e+00,
10840,-2.64e-01,8.60e+00,
10841,-2.72e-01,8.60e+00,
10842,-2.64e-01,8.40e+00,
10843,-2.72e-01,8.60e+00,
10844,-2.64e-01,8.60e+00,
10845,-2.72e-01,8.60e+00,
10846,-2.64e-01,8.40e+00,
10847,-2.64e-01,8.40e+00,
10848,-2.64e-01,8.40e+00,
10849,-2.64e-01,8.60e+00,
10850,-2.56e-01,8.40e+00,
10851,-2.64e-01,8.60e+00,
10852,-2.64e-01,8.60e+00,
10853,-2.64e-01,8.60e+00,
10854,-2.64e-01,8.40e+00,
10855,-2.64e-01,8.60e+00,
10856,-2.56e-01,8.60e+00,
10857,-2.64e-01,8.60e+00,
10858,-2.56e-01,8.60e+00,
10859,-2.56e-01,8.60e+00,
10860,-2.56e-01,8.40e+00,
10861,-2.56e-01,8.60e+00,
10862,-2.48e-01,8.60e+00,
10863,-2.56e-01,8.60e+00,
10864,-2.48e-01,8.60e+00,
10865,-2.56e-01,8.40e+00,
10866,-2.48e-01,8.60e+00,
10867,-2.48e-01,8.60e+00,
10868,-2.48e-01,8.60e+00,
10869,-2.48e-01,8.60e+00,
10870,-2.48e-01,8.60e+00,
10871,-2.48e-01,8.60e+00,
10872,-2.48e-01,8.60e+00,
10873,-2.48e-01,8.60e+00,
10874,-2.48e-01,8.60e+00,
10875,-2.48e-01,8.60e+00,
10876,-2.48e-01,8.60e+00,
10877,-2.48e-01,8.60e+00,
10878,-2.48e-01,8.60e+00,
10879,-2.48e-01,8.60e+00,
10880,-2.48e-01,8.60e+00,
10881,-2.48e-01,8.60e+00,
10882,-2.40e-01,8.60e+00,
10883,-2.48e-01,8.60e+00,
10884,-2.40e-01,8.60e+00,
10885,-2.48e-01,8.60e+00,
10886,-2.40e-01,8.60e+00,
10887,-2.48e-01,8.60e+00,
10888,-2.40e-01,8.60e+00,
10889,-2.48e-01,8.60e+00,
10890,-2.40e-01,8.60e+00,
10891,-2.40e-01,8.60e+00,
10892,-2.40e-01,8.60e+00,
10893,-2.40e-01,8.60e+00,
10894,-2.40e-01,8.60e+00,
10895,-2.40e-01,8.60e+00,
10896,-2.32e-01,8.60e+00,
10897,-2.40e-01,8.60e+00,
10898,-2.32e-01,8.60e+00,
10899,-2.32e-01,8.60e+00,
10900,-2.32e-01,8.60e+00,
10901,-2.32e-01,8.60e+00,
10902,-2.32e-01,8.60e+00,
10903,-2.32e-01,8.60e+00,
10904,-2.24e-01,8.60e+00,
10905,-2.32e-01,8.60e+00,
10906,-2.24e-01,8.60e+00,
10907,-2.32e-01,8.60e+00,
10908,-2.24e-01,8.60e+00,
10909,-2.32e-01,8.60e+00,
10910,-2.24e-01,8.60e+00,
10911,-2.32e-01,8.60e+00,
10912,-2.24e-01,8.60e+00,
10913,-2.32e-01,8.60e+00,
10914,-2.24e-01,8.60e+00,
10915,-2.24e-01,8.60e+00,
10916,-2.24e-01,8.60e+00,
10917,-2.32e-01,8.60e+00,
10918,-2.24e-01,8.60e+00,
10919,-2.24e-01,8.60e+00,
10920,-2.24e-01,8.60e+00,
10921,-2.32e-01,8.60e+00,
10922,-2.24e-01,8.60e+00,
10923,-2.24e-01,8.60e+00,
10924,-2.24e-01,8.60e+00,
10925,-2.24e-01,8.60e+00,
10926,-2.24e-01,8.60e+00,
10927,-2.24e-01,8.60e+00,
10928,-2.16e-01,8.60e+00,
10929,-2.24e-01,8.60e+00,
10930,-2.16e-01,8.60e+00,
10931,-2.24e-01,8.60e+00,
10932,-2.16e-01,8.60e+00,
10933,-2.24e-01,8.60e+00,
10934,-2.16e-01,8.60e+00,
10935,-2.16e-01,8.60e+00,
10936,-2.16e-01,8.60e+00,
10937,-2.16e-01,8.60e+00,
10938,-2.16e-01,8.60e+00,
10939,-2.16e-01,8.60e+00,
10940,-2.08e-01,8.60e+00,
10941,-2.16e-01,8.60e+00,
10942,-2.08e-01,8.40e+00,
10943,-2.16e-01,8.60e+00,
10944,-2.08e-01,8.60e+00,
10945,-2.16e-01,8.60e+00,
10946,-2.08e-01,8.60e+00,
10947,-2.08e-01,8.60e+00,
10948,-2.08e-01,8.60e+00,
10949,-2.08e-01,8.60e+00,
10950,-2.08e-01,8.60e+00,
10951,-2.08e-01,8.60e+00,
10952,-2.08e-01,8.60e+00,
10953,-2.08e-01,8.60e+00,
10954,-2.08e-01,8.60e+00,
10955,-2.08e-01,8.60e+00,
10956,-2.08e-01,8.60e+00,
10957,-2.08e-01,8.60e+00,
10958,-2.08e-01,8.60e+00,
10959,-2.08e-01,8.60e+00,
10960,-2.08e-01,8.60e+00,
10961,-2.08e-01,8.60e+00,
10962,-2.08e-01,8.60e+00,
10963,-2.08e-01,8.60e+00,
10964,-2.00e-01,8.60e+00,
10965,-2.08e-01,8.60e+00,
10966,-2.00e-01,8.60e+00,
10967,-2.00e-01,8.60e+00,
10968,-2.00e-01,8.60e+00,
10969,-2.00e-01,8.60e+00,
10970,-2.00e-01,8.60e+00,
10971,-2.00e-01,8.60e+00,
10972,-2.00e-01,8.60e+00,
10973,-2.00e-01,8.60e+00,
10974,-2.00e-01,8.60e+00,
10975,-2.00e-01,8.60e+00,
10976,-1.92e-01,8.60e+00,
10977,-2.00e-01,8.60e+00,
10978,-1.92e-01,8.60e+00,
10979,-2.00e-01,8.60e+00,
10980,-1.92e-01,8.60e+00,
10981,-1.92e-01,8.60e+00,
10982,-1.92e-01,8.40e+00,
10983,-1.92e-01,8.60e+00,
10984,-1.92e-01,8.60e+00,
10985,-1.92e-01,8.60e+00,
10986,-1.92e-01,8.60e+00,
10987,-1.92e-01,8.60e+00,
10988,-1.92e-01,8.60e+00,
10989,-1.92e-01,8.60e+00,
10990,-1.92e-01,8.60e+00,
10991,-1.92e-01,8.60e+00,
10992,-1.84e-01,8.60e+00,
10993,-1.92e-01,8.60e+00,
10994,-1.84e-01,8.60e+00,
10995,-1.92e-01,8.60e+00,
10996,-1.84e-01,8.60e+00,
10997,-1.92e-01,8.60e+00,
10998,-1.84e-01,8.60e+00,
10999,-1.92e-01,8.60e+00,
11000,-1.84e-01,8.60e+00,
11001,-1.84e-01,8.60e+00,
11002,-1.84e-01,8.60e+00,
11003,-1.84e-01,8.60e+00,
11004,-1.84e-01,8.60e+00,
11005,-1.84e-01,8.60e+00,
11006,-1.84e-01,8.60e+00,
11007,-1.84e-01,8.60e+00,
11008,-1.84e-01,8.60e+00,
11009,-1.84e-01,8.60e+00,
11010,-1.76e-01,8.60e+00,
11011,-1.84e-01,8.60e+00,
11012,-1.76e-01,8.60e+00,
11013,-1.84e-01,8.60e+00,
11014,-1.76e-01,8.60e+00,
11015,-1.76e-01,8.60e+00,
11016,-1.76e-01,8.60e+00,
11017,-1.76e-01,8.60e+00,
11018,-1.76e-01,8.60e+00,
11019,-1.76e-01,8.60e+00,
11020,-1.76e-01,8.60e+00,
11021,-1.76e-01,8.60e+00,
11022,-1.76e-01,8.60e+00,
11023,-1.76e-01,8.60e+00,
11024,-1.68e-01,8.60e+00,
11025,-1.76e-01,8.60e+00,
11026,-1.68e-01,8.60e+00,
11027,-1.76e-01,8.60e+00,
11028,-1.68e-01,8.60e+00,
11029,-1.76e-01,8.60e+00,
11030,-1.68e-01,8.60e+00,
11031,-1.68e-01,8.60e+00,
11032,-1.68e-01,8.60e+00,
11033,-1.68e-01,8.60e+00,
11034,-1.68e-01,8.60e+00,
11035,-1.68e-01,8.60e+00,
11036,-1.68e-01,8.60e+00,
11037,-1.68e-01,8.60e+00,
11038,-1.68e-01,8.60e+00,
11039,-1.68e-01,8.60e+00,
11040,-1.60e-01,8.60e+00,
11041,-1.68e-01,8.60e+00,
11042,-1.60e-01,8.60e+00,
11043,-1.68e-01,8.60e+00,
11044,-1.60e-01,8.60e+00,
11045,-1.68e-01,8.80e+00,
11046,-1.60e-01,8.60e+00,
11047,-1.60e-01,8.60e+00,
11048,-1.60e-01,8.60e+00,
11049,-1.60e-01,8.80e+00,
11050,-1.60e-01,8.60e+00,
11051,-1.60e-01,8.80e+00,
11052,-1.60e-01,8.60e+00,
11053,-1.60e-01,8.80e+00,
11054,-1.60e-01,8.60e+00,
11055,-1.60e-01,8.60e+00,
11056,-1.44e-01,8.60e+00,
11057,-1.60e-01,8.60e+00,
11058,-1.44e-01,8.60e+00,
11059,-1.44e-01,8.80e+00,
11060,-1.44e-01,8.60e+00,
11061,-1.60e-01,8.60e+00,
11062,-1.44e-01,8.60e+00,
11063,-1.44e-01,8.60e+00,
11064,-1.44e-01,8.80e+00,
11065,-1.44e-01,8.60e+00,
11066,-1.44e-01,8.60e+00,
11067,-1.44e-01,8.60e+00,
11068,-1.44e-01,8.60e+00,
11069,-1.44e-01,8.80e+00,
11070,-1.36e-01,8.60e+00,
11071,-1.44e-01,8.60e+00,
11072,-1.36e-01,8.60e+00,
11073,-1.44e-01,8.60e+00,
11074,-1.36e-01,8.60e+00,
11075,-1.36e-01,8.60e+00,
11076,-1.36e-01,8.60e+00,
11077,-1.36e-01,8.60e+00,
11078,-1.36e-01,8.60e+00,
11079,-1.36e-01,8.60e+00,
11080,-1.36e-01,8.60e+00,
11081,-1.36e-01,8.60e+00,
11082,-1.36e-01,8.60e+00,
11083,-1.36e-01,8.60e+00,
11084,-1.36e-01,8.60e+00,
11085,-1.36e-01,8.80e+00,
11086,-1.28e-01,8.60e+00,
11087,-1.28e-01,8.60e+00,
11088,-1.28e-01,8.60e+00,
11089,-1.36e-01,8.80e+00,
11090,-1.28e-01,8.60e+00,
11091,-1.28e-01,8.60e+00,
11092,-1.28e-01,8.60e+00,
11093,-1.28e-01,8.60e+00,
11094,-1.28e-01,8.60e+00,
11095,-1.28e-01,8.80e+00,
11096,-1.28e-01,8.60e+00,
11097,-1.28e-01,8.60e+00,
11098,-1.20e-01,8.60e+00,
11099,-1.28e-01,8.80e+00,
11100,-1.20e-01,8.60e+00,
11101,-1.28e-01,8.80e+00,
11102,-1.20e-01,8.60e+00,
11103,-1.20e-01,8.80e+00,
11104,-1.20e-01,8.60e+00,
11105,-1.20e-01,8.60e+00,
11106,-1.20e-01,8.60e+00,
11107,-1.20e-01,8.60e+00,
11108,-1.20e-01,8.60e+00,
11109,-1.20e-01,8.60e+00,
11110,-1.20e-01,8.60e+00,
11111,-1.20e-01,8.80e+00,
11112,-1.20e-01,8.60e+00,
11113,-1.20e-01,8.60e+00,
11114,-1.12e-01,8.60e+00,
11115,-1.20e-01,8.80e+00,
11116,-1.20e-01,8.60e+00,
11117,-1.20e-01,8.60e+00,
11118,-1.12e-01,8.60e+00,
11119,-1.12e-01,8.80e+00,
11120,-1.12e-01,8.60e+00,
11121,-1.12e-01,8.60e+00,
11122,-1.12e-01,8.60e+00,
11123,-1.12e-01,8.80e+00,
11124,-1.12e-01,8.60e+00,
11125,-1.12e-01,8.60e+00,
11126,-1.12e-01,8.80e+00,
11127,-1.12e-01,8.80e+00,
11128,-1.04e-01,8.60e+00,
11129,-1.12e-01,8.80e+00,
11130,-1.04e-01,8.60e+00,
11131,-1.04e-01,8.80e+00,
11132,-1.04e-01,8.60e+00,
11133,-1.12e-01,8.60e+00,
11134,-1.04e-01,8.60e+00,
11135,-1.04e-01,8.60e+00,
11136,-1.04e-01,8.60e+00,
11137,-1.04e-01,8.60e+00,
11138,-1.04e-01,8.80e+00,
11139,-1.04e-01,8.80e+00,
11140,-1.04e-01,8.60e+00,
11141,-1.04e-01,8.80e+00,
11142,-9.60e-02,8.60e+00,
11143,-9.60e-02,8.80e+00,
11144,-9.60e-02,8.60e+00,
11145,-1.04e-01,8.60e+00,
11146,-9.60e-02,8.60e+00,
11147,-9.60e-02,8.80e+00,
11148,-9.60e-02,8.60e+00,
11149,-9.60e-02,8.80e+00,
11150,-9.60e-02,8.60e+00,
11151,-9.60e-02,8.80e+00,
11152,-9.60e-02,8.60e+00,
11153,-9.60e-02,8.60e+00,
11154,-9.60e-02,8.80e+00,
11155,-9.60e-02,8.60e+00,
11156,-8.80e-02,8.60e+00,
11157,-9.60e-02,8.80e+00,
11158,-8.80e-02,8.80e+00,
11159,-8.80e-02,8.80e+00,
11160,-8.80e-02,8.60e+00,
11161,-8.80e-02,8.60e+00,
11162,-8.80e-02,8.80e+00,
11163,-8.80e-02,8.60e+00,
11164,-8.80e-02,8.60e+00,
11165,-8.80e-02,8.80e+00,
11166,-8.80e-02,8.60e+00,
11167,-8.80e-02,8.80e+00,
11168,-8.00e-02,8.60e+00,
11169,-8.80e-02,8.60e+00,
11170,-8.00e-02,8.60e+00,
11171,-8.80e-02,8.80e+00,
11172,-8.00e-02,8.80e+00,
11173,-8.80e-02,8.80e+00,
11174,-8.00e-02,8.60e+00,
11175,-8.00e-02,8.80e+00,
11176,-8.00e-02,8.80e+00,
11177,-8.00e-02,8.60e+00,
11178,-8.00e-02,8.60e+00,
11179,-8.00e-02,8.60e+00,
11180,-8.00e-02,8.60e+00,
11181,-8.00e-02,8.80e+00,
11182,-8.00e-02,8.60e+00,
11183,-8.00e-02,8.80e+00,
11184,-7.20e-02,8.60e+00,
11185,-8.00e-02,8.80e+00,
11186,-7.20e-02,8.60e+00,
11187,-7.20e-02,8.80e+00,
11188,-7.20e-02,8.60e+00,
11189,-7.20e-02,8.80e+00,
11190,-7.20e-02,8.60e+00,
11191,-7.20e-02,8.80e+00,
11192,-7.20e-02,8.80e+00,
11193,-7.20e-02,8.80e+00,
11194,-7.20e-02,8.60e+00,
11195,-7.20e-02,8.80e+00,
11196,-7.20e-02,8.60e+00,
11197,-7.20e-02,8.80e+00,
11198,-7.20e-02,8.60e+00,
11199,-6.40e-02,8.80e+00,
11200,-6.40e-02,8.60e+00,
11201,-7.20e-02,8.80e+00,
11202,-6.40e-02,8.60e+00,
11203,-6.40e-02,8.80e+00,
11204,-6.40e-02,8.80e+00,
11205,-6.40e-02,8.80e+00,
11206,-6.40e-02,8.80e+00,
11207,-6.40e-02,8.80e+00,
11208,-5.60e-02,8.80e+00,
11209,-6.40e-02,8.80e+00,
11210,-5.60e-02,8.80e+00,
11211,-6.40e-02,8.80e+00,
11212,-5.60e-02,8.60e+00,
11213,-6.40e-02,8.60e+00,
11214,-5.60e-02,8.80e+00,
11215,-5.60e-02,8.80e+00,
11216,-5.60e-02,8.80e+00,
11217,-5.60e-02,8.80e+00,
11218,-5.60e-02,8.80e+00,
11219,-5.60e-02,8.80e+00,
11220,-5.60e-02,8.60e+00,
11221,-5.60e-02,8.80e+00,
11222,-5.60e-02,8.80e+00,
11223,-4.80e-02,8.80e+00,
11224,-4.80e-02,8.80e+00,
11225,-4.80e-02,8.80e+00,
11226,-4.80e-02,8.80e+00,
11227,-4.80e-02,8.80e+00,
11228,-4.80e-02,8.80e+00,
11229,-4.80e-02,8.80e+00,
11230,-4.80e-02,8.80e+00,
11231,-4.80e-02,8.80e+00,
11232,-4.80e-02,8.80e+00,
11233,-4.80e-02,8.80e+00,
11234,-4.00e-02,8.80e+00,
11235,-4.80e-02,8.80e+00,
11236,-4.80e-02,8.60e+00,
11237,-4.80e-02,8.80e+00,
11238,-4.00e-02,8.80e+00,
11239,-4.80e-02,8.80e+00,
11240,-4.00e-02,8.80e+00,
11241,-4.00e-02,8.80e+00,
11242,-4.00e-02,8.80e+00,
11243,-4.00e-02,8.80e+00,
11244,-4.00e-02,8.80e+00,
11245,-4.00e-02,8.80e+00,
11246,-4.00e-02,8.80e+00,
11247,-4.00e-02,8.80e+00,
11248,-4.00e-02,8.80e+00,
11249,-4.00e-02,8.80e+00,
11250,-3.20e-02,8.80e+00,
11251,-3.20e-02,8.80e+00,
11252,-3.20e-02,8.60e+00,
11253,-4.00e-02,8.80e+00,
11254,-3.20e-02,8.80e+00,
11255,-3.20e-02,8.80e+00,
11256,-3.20e-02,8.80e+00,
11257,-3.20e-02,8.80e+00,
11258,-3.20e-02,8.80e+00,
11259,-3.20e-02,8.80e+00,
11260,-3.20e-02,8.80e+00,
11261,-3.20e-02,8.80e+00,
11262,-3.20e-02,8.80e+00,
11263,-3.20e-02,8.80e+00,
11264,-2.40e-02,8.80e+00,
11265,-3.20e-02,8.80e+00,
11266,-2.40e-02,8.80e+00,
11267,-2.40e-02,8.80e+00,
11268,-2.40e-02,8.80e+00,
11269,-2.40e-02,8.80e+00,
11270,-2.40e-02,8.80e+00,
11271,-2.40e-02,8.80e+00,
11272,-2.40e-02,8.80e+00,
11273,-2.40e-02,8.80e+00,
11274,-1.60e-02,8.80e+00,
11275,-2.40e-02,8.80e+00,
11276,-1.60e-02,8.60e+00,
11277,-2.40e-02,8.80e+00,
11278,-1.60e-02,8.80e+00,
11279,-1.60e-02,8.80e+00,
11280,-1.60e-02,8.80e+00,
11281,-1.60e-02,8.80e+00,
11282,-1.60e-02,8.80e+00,
11283,-1.60e-02,8.80e+00,
11284,-1.60e-02,8.80e+00,
11285,-1.60e-02,8.80e+00,
11286,-1.60e-02,8.80e+00,
11287,-1.60e-02,8.80e+00,
11288,-1.60e-02,8.80e+00,
11289,-1.60e-02,8.80e+00,
11290,-8.00e-03,8.60e+00,
11291,-1.60e-02,8.80e+00,
11292,-8.00e-03,8.80e+00,
11293,-1.60e-02,8.80e+00,
11294,-8.00e-03,8.80e+00,
11295,-8.00e-03,8.80e+00,
11296,-8.00e-03,8.80e+00,
11297,-8.00e-03,8.80e+00,
11298,-8.00e-03,8.60e+00,
11299,-8.00e-03,8.80e+00,
11300,-8.00e-03,8.80e+00,
11301,-8.00e-03,8.80e+00,
11302,0.00e+00,8.60e+00,
11303,-8.00e-03,8.80e+00,
11304,0.00e+00,8.80e+00,
11305,-8.00e-03,8.80e+00,
11306,0.00e+00,8.80e+00,
11307,0.00e+00,8.80e+00,
11308,0.00e+00,8.80e+00,
11309,0.00e+00,8.80e+00,
11310,0.00e+00,8.80e+00,
11311,0.00e+00,8.80e+00,
11312,0.00e+00,8.80e+00,
11313,0.00e+00,8.80e+00,
11314,0.00e+00,8.80e+00,
11315,0.00e+00,8.80e+00,
11316,0.00e+00,8.80e+00,
11317,0.00e+00,8.80e+00,
11318,0.00e+00,8.80e+00,
11319,8.00e-03,8.80e+00,
11320,8.00e-03,8.80e+00,
11321,0.00e+00,9.00e+00,
11322,8.00e-03,8.80e+00,
11323,8.00e-03,8.80e+00,
11324,8.00e-03,8.80e+00,
11325,8.00e-03,8.80e+00,
11326,8.00e-03,8.80e+00,
11327,8.00e-03,9.00e+00,
11328,8.00e-03,8.80e+00,
11329,8.00e-03,8.80e+00,
11330,1.60e-02,8.80e+00,
11331,1.60e-02,8.80e+00,
11332,1.60e-02,8.80e+00,
11333,8.00e-03,8.80e+00,
11334,1.60e-02,8.80e+00,
11335,1.60e-02,8.80e+00,
11336,1.60e-02,8.80e+00,
11337,1.60e-02,8.80e+00,
11338,1.60e-02,8.80e+00,
11339,1.60e-02,8.80e+00,
11340,1.60e-02,8.80e+00,
11341,1.60e-02,8.80e+00,
11342,1.60e-02,8.80e+00,
11343,1.60e-02,8.80e+00,
11344,1.60e-02,8.80e+00,
11345,1.60e-02,8.80e+00,
11346,2.40e-02,8.80e+00,
11347,2.40e-02,8.80e+00,
11348,2.40e-02,8.80e+00,
11349,2.40e-02,8.80e+00,
11350,2.40e-02,8.80e+00,
11351,2.40e-02,8.80e+00,
11352,2.40e-02,8.80e+00,
11353,2.40e-02,8.80e+00,
11354,2.40e-02,8.80e+00,
11355,2.40e-02,8.80e+00,
11356,2.40e-02,8.80e+00,
11357,2.40e-02,8.80e+00,
11358,3.20e-02,8.60e+00,
11359,3.20e-02,8.80e+00,
11360,3.20e-02,9.00e+00,
11361,3.20e-02,8.80e+00,
11362,3.20e-02,8.80e+00,
11363,3.20e-02,8.80e+00,
11364,3.20e-02,8.80e+00,
11365,3.20e-02,9.00e+00,
11366,3.20e-02,8.60e+00,
11367,3.20e-02,8.80e+00,
11368,3.20e-02,8.80e+00,
11369,3.20e-02,8.80e+00,
11370,3.20e-02,8.80e+00,
11371,3.20e-02,8.80e+00,
11372,4.00e-02,8.80e+00,
11373,3.20e-02,8.80e+00,
11374,4.00e-02,8.80e+00,
11375,4.00e-02,8.80e+00,
11376,4.00e-02,8.80e+00,
11377,4.00e-02,8.80e+00,
11378,4.00e-02,8.80e+00,
11379,4.00e-02,9.00e+00,
11380,4.00e-02,8.80e+00,
11381,4.00e-02,8.80e+00,
11382,4.00e-02,8.80e+00,
11383,4.00e-02,8.80e+00,
11384,4.00e-02,8.80e+00,
11385,4.00e-02,8.80e+00,
11386,4.00e-02,8.80e+00,
11387,4.80e-02,8.80e+00,
11388,4.00e-02,8.80e+00,
11389,4.00e-02,9.00e+00,
11390,4.80e-02,8.80e+00,
11391,4.80e-02,9.00e+00,
11392,4.80e-02,8.80e+00,
11393,4.80e-02,8.80e+00,
11394,4.80e-02,8.80e+00,
11395,4.80e-02,8.80e+00,
11396,4.80e-02,8.80e+00,
11397,4.80e-02,8.80e+00,
11398,4.80e-02,8.80e+00,
11399,4.80e-02,9.00e+00,
11400,4.80e-02,8.80e+00,
11401,4.80e-02,8.80e+00,
11402,5.60e-02,8.80e+00,
11403,5.60e-02,8.80e+00,
11404,5.60e-02,8.80e+00,
11405,4.80e-02,8.80e+00,
11406,5.60e-02,8.80e+00,
11407,5.60e-02,9.00e+00,
11408,5.60e-02,8.80e+00,
11409,5.60e-02,9.00e+00,
11410,5.60e-02,8.80e+00,
11411,5.60e-02,9.00e+00,
11412,5.60e-02,8.80e+00,
11413,5.60e-02,8.80e+00,
11414,5.60e-02,8.80e+00,
11415,5.60e-02,8.80e+00,
11416,5.60e-02,8.80e+00,
11417,5.60e-02,8.80e+00,
11418,6.40e-02,9.00e+00,
11419,6.40e-02,9.00e+00,
11420,5.60e-02,8.80e+00,
11421,5.60e-02,9.00e+00,
11422,6.40e-02,8.80e+00,
11423,6.40e-02,8.80e+00,
11424,6.40e-02,8.80e+00,
11425,6.40e-02,8.80e+00,
11426,6.40e-02,8.80e+00,
11427,6.40e-02,8.80e+00,
11428,6.40e-02,8.80e+00,
11429,6.40e-02,9.00e+00,
11430,6.40e-02,8.80e+00,
11431,6.40e-02,9.00e+00,
11432,6.40e-02,8.80e+00,
11433,6.40e-02,8.80e+00,
11434,7.20e-02,8.80e+00,
11435,7.20e-02,9.00e+00,
11436,6.40e-02,8.80e+00,
11437,7.20e-02,9.00e+00,
11438,7.20e-02,8.80e+00,
11439,7.20e-02,9.00e+00,
11440,7.20e-02,8.80e+00,
11441,7.20e-02,8.80e+00,
11442,7.20e-02,8.80e+00,
11443,7.20e-02,9.00e+00,
11444,7.20e-02,8.80e+00,
11445,7.20e-02,8.80e+00,
11446,7.20e-02,8.80e+00,
11447,7.20e-02,8.80e+00,
11448,7.20e-02,8.80e+00,
11449,7.20e-02,9.00e+00,
11450,7.20e-02,8.80e+00,
11451,7.20e-02,9.00e+00,
11452,7.20e-02,8.80e+00,
11453,7.20e-02,8.80e+00,
11454,7.20e-02,8.80e+00,
11455,8.00e-02,8.80e+00,
11456,8.00e-02,8.80e+00,
11457,8.00e-02,8.80e+00,
11458,8.00e-02,8.80e+00,
11459,8.00e-02,9.00e+00,
11460,8.00e-02,8.80e+00,
11461,8.00e-02,8.80e+00,
11462,8.00e-02,8.80e+00,
11463,8.00e-02,8.80e+00,
11464,8.00e-02,8.80e+00,
11465,8.00e-02,9.00e+00,
11466,8.00e-02,8.80e+00,
11467,8.00e-02,8.80e+00,
11468,8.00e-02,8.80e+00,
11469,8.00e-02,8.80e+00,
11470,8.00e-02,8.80e+00,
11471,8.80e-02,8.80e+00,
11472,8.00e-02,8.80e+00,
11473,8.00e-02,8.80e+00,
11474,8.80e-02,8.80e+00,
11475,8.80e-02,8.80e+00,
11476,8.80e-02,8.80e+00,
11477,8.80e-02,8.80e+00,
11478,8.80e-02,8.80e+00,
11479,8.80e-02,8.80e+00,
11480,8.80e-02,8.80e+00,
11481,8.80e-02,9.00e+00,
11482,8.80e-02,8.80e+00,
11483,8.80e-02,8.80e+00,
11484,8.80e-02,8.80e+00,
11485,8.80e-02,9.00e+00,
11486,8.80e-02,8.80e+00,
11487,8.80e-02,9.00e+00,
11488,8.80e-02,8.80e+00,
11489,8.80e-02,9.00e+00,
11490,9.60e-02,8.80e+00,
11491,9.60e-02,9.00e+00,
11492,9.60e-02,8.80e+00,
11493,9.60e-02,8.80e+00,
11494,9.60e-02,8.80e+00,
11495,9.60e-02,8.80e+00,
11496,9.60e-02,8.80e+00,
11497,9.60e-02,8.80e+00,
11498,9.60e-02,8.80e+00,
11499,9.60e-02,9.00e+00,
11500,9.60e-02,8.80e+00,
11501,9.60e-02,9.00e+00,
11502,9.60e-02,8.80e+00,
11503,9.60e-02,8.80e+00,
11504,9.60e-02,9.00e+00,
11505,9.60e-02,8.80e+00,
11506,9.60e-02,8.80e+00,
11507,9.60e-02,8.80e+00,
11508,9.60e-02,8.80e+00,
11509,9.60e-02,8.80e+00,
11510,9.60e-02,8.80e+00,
11511,1.04e-01,9.00e+00,
11512,1.04e-01,8.80e+00,
11513,9.60e-02,8.80e+00,
11514,1.04e-01,9.00e+00,
11515,1.04e-01,9.00e+00,
11516,1.04e-01,8.80e+00,
11517,1.04e-01,9.00e+00,
11518,1.04e-01,9.00e+00,
11519,1.04e-01,8.80e+00,
11520,1.04e-01,8.80e+00,
11521,1.04e-01,9.00e+00,
11522,1.04e-01,8.80e+00,
11523,1.04e-01,8.80e+00,
11524,1.04e-01,8.80e+00,
11525,1.04e-01,8.80e+00,
11526,1.04e-01,8.80e+00,
11527,1.12e-01,9.00e+00,
11528,1.04e-01,8.80e+00,
11529,1.04e-01,9.00e+00,
11530,1.12e-01,9.00e+00,
11531,1.12e-01,9.00e+00,
11532,1.12e-01,9.00e+00,
11533,1.12e-01,9.00e+00,
11534,1.12e-01,8.80e+00,
11535,1.12e-01,9.00e+00,
11536,1.12e-01,8.80e+00,
11537,1.12e-01,9.00e+00,
11538,1.12e-01,9.00e+00,
11539,1.12e-01,8.80e+00,
11540,1.12e-01,8.80e+00,
11541,1.12e-01,9.00e+00,
11542,1.12e-01,8.80e+00,
11543,1.12e-01,8.80e+00,
11544,1.12e-01,9.00e+00,
11545,1.12e-01,8.80e+00,
11546,1.12e-01,8.80e+00,
11547,1.20e-01,9.00e+00,
11548,1.12e-01,8.80e+00,
11549,1.12e-01,8.80e+00,
11550,1.12e-01,8.80e+00,
11551,1.20e-01,9.00e+00,
11552,1.12e-01,8.80e+00,
11553,1.12e-01,8.80e+00,
11554,1.20e-01,8.80e+00,
11555,1.20e-01,9.00e+00,
11556,1.20e-01,8.80e+00,
11557,1.20e-01,8.80e+00,
11558,1.20e-01,8.80e+00,
11559,1.20e-01,8.80e+00,
11560,1.20e-01,8.80e+00,
11561,1.20e-01,8.80e+00,
11562,1.20e-01,9.00e+00,
11563,1.20e-01,8.80e+00,
11564,1.20e-01,8.80e+00,
11565,1.20e-01,9.00e+00,
11566,1.20e-01,8.80e+00,
11567,1.28e-01,9.00e+00,
11568,1.20e-01,8.80e+00,
11569,1.20e-01,9.00e+00,
11570,1.20e-01,8.80e+00,
11571,1.28e-01,8.80e+00,
11572,1.20e-01,8.80e+00,
11573,1.20e-01,9.00e+00,
11574,1.20e-01,8.80e+00,
11575,1.28e-01,8.80e+00,
11576,1.28e-01,9.00e+00,
11577,1.28e-01,8.80e+00,
11578,1.28e-01,8.80e+00,
11579,1.28e-01,9.00e+00,
11580,1.28e-01,8.80e+00,
11581,1.28e-01,9.00e+00,
11582,1.28e-01,8.80e+00,
11583,1.28e-01,8.80e+00,
11584,1.28e-01,9.00e+00,
11585,1.28e-01,9.00e+00,
11586,1.28e-01,8.80e+00,
11587,1.28e-01,9.00e+00,
11588,1.28e-01,9.00e+00,
11589,1.28e-01,9.00e+00,
11590,1.28e-01,8.80e+00,
11591,1.28e-01,9.00e+00,
11592,1.28e-01,8.80e+00,
11593,1.28e-01,8.80e+00,
11594,1.36e-01,8.80e+00,
11595,1.36e-01,9.00e+00,
11596,1.36e-01,9.00e+00,
11597,1.28e-01,9.00e+00,
11598,1.36e-01,8.80e+00,
11599,1.36e-01,9.00e+00,
11600,1.28e-01,8.80e+00,
11601,1.36e-01,9.00e+00,
11602,1.36e-01,8.80e+00,
11603,1.36e-01,9.00e+00,
11604,1.36e-01,8.80e+00,
11605,1.36e-01,8.80e+00,
11606,1.36e-01,8.80e+00,
11607,1.36e-01,9.00e+00,
11608,1.36e-01,8.80e+00,
11609,1.36e-01,8.80e+00,
11610,1.36e-01,9.00e+00,
11611,1.36e-01,9.00e+00,
11612,1.36e-01,8.80e+00,
11613,1.36e-01,9.00e+00,
11614,1.36e-01,9.00e+00,
11615,1.36e-01,9.00e+00,
11616,1.36e-01,9.00e+00,
11617,1.36e-01,9.00e+00,
11618,1.52e-01,9.00e+00,
11619,1.52e-01,9.00e+00,
11620,1.36e-01,9.00e+00,
11621,1.36e-01,9.00e+00,
11622,1.36e-01,8.80e+00,
11623,1.52e-01,9.00e+00,
11624,1.36e-01,9.00e+00,
11625,1.52e-01,8.80e+00,
11626,1.52e-01,9.00e+00,
11627,1.52e-01,9.00e+00,
11628,1.52e-01,8.80e+00,
11629,1.52e-01,9.00e+00,
11630,1.52e-01,8.80e+00,
11631,1.52e-01,9.00e+00,
11632,1.52e-01,9.00e+00,
11633,1.52e-01,9.00e+00,
11634,1.52e-01,8.80e+00,
11635,1.52e-01,9.00e+00,
11636,1.52e-01,8.80e+00,
11637,1.52e-01,9.00e+00,
11638,1.52e-01,8.80e+00,
11639,1.52e-01,8.80e+00,
11640,1.52e-01,9.00e+00,
11641,1.52e-01,8.80e+00,
11642,1.60e-01,8.80e+00,
11643,1.52e-01,9.00e+00,
11644,1.52e-01,8.80e+00,
11645,1.52e-01,9.00e+00,
11646,1.52e-01,8.80e+00,
11647,1.60e-01,9.00e+00,
11648,1.52e-01,9.00e+00,
11649,1.60e-01,9.00e+00,
11650,1.60e-01,9.00e+00,
11651,1.60e-01,9.00e+00,
11652,1.52e-01,8.80e+00,
11653,1.60e-01,9.00e+00,
11654,1.60e-01,9.00e+00,
11655,1.60e-01,9.00e+00,
11656,1.60e-01,9.00e+00,
11657,1.60e-01,9.00e+00,
11658,1.60e-01,9.00e+00,
11659,1.60e-01,9.00e+00,
11660,1.60e-01,9.00e+00,
11661,1.60e-01,8.80e+00,
11662,1.60e-01,8.80e+00,
11663,1.60e-01,8.80e+00,
11664,1.60e-01,8.80e+00,
11665,1.60e-01,8.80e+00,
11666,1.60e-01,9.00e+00,
11667,1.60e-01,9.00e+00,
11668,1.60e-01,9.00e+00,
11669,1.60e-01,9.00e+00,
11670,1.60e-01,8.80e+00,
11671,1.68e-01,9.00e+00,
11672,1.60e-01,9.00e+00,
11673,1.60e-01,9.00e+00,
11674,1.68e-01,9.00e+00,
11675,1.68e-01,9.00e+00,
11676,1.68e-01,8.80e+00,
11677,1.68e-01,8.80e+00,
11678,1.68e-01,8.80e+00,
11679,1.68e-01,9.00e+00,
11680,1.68e-01,8.80e+00,
11681,1.68e-01,9.00e+00,
11682,1.68e-01,8.80e+00,
11683,1.68e-01,9.00e+00,
11684,1.68e-01,9.00e+00,
11685,1.68e-01,9.00e+00,
11686,1.68e-01,8.80e+00,
11687,1.68e-01,9.00e+00,
11688,1.68e-01,8.80e+00,
11689,1.68e-01,9.00e+00,
11690,1.68e-01,8.80e+00,
11691,1.68e-01,9.00e+00,
11692,1.68e-01,9.00e+00,
11693,1.68e-01,9.00e+00,
11694,1.68e-01,9.00e+00,
11695,1.76e-01,9.00e+00,
11696,1.68e-01,9.00e+00,
11697,1.68e-01,9.00e+00,
11698,1.68e-01,9.00e+00,
11699,1.76e-01,9.00e+00,
11700,1.68e-01,8.80e+00,
11701,1.76e-01,9.00e+00,
11702,1.76e-01,9.00e+00,
11703,1.76e-01,9.00e+00,
11704,1.76e-01,9.00e+00,
11705,1.76e-01,9.00e+00,
11706,1.76e-01,9.00e+00,
11707,1.76e-01,9.00e+00,
11708,1.76e-01,8.80e+00,
11709,1.76e-01,9.00e+00,
11710,1.76e-01,9.00e+00,
11711,1.76e-01,9.00e+00,
11712,1.76e-01,9.00e+00,
11713,1.76e-01,9.00e+00,
11714,1.76e-01,9.00e+00,
11715,1.76e-01,9.00e+00,
11716,1.76e-01,8.80e+00,
11717,1.76e-01,9.00e+00,
11718,1.76e-01,8.80e+00,
11719,1.84e-01,9.00e+00,
11720,1.76e-01,9.00e+00,
11721,1.76e-01,9.00e+00,
11722,1.76e-01,9.00e+00,
11723,1.76e-01,9.00e+00,
11724,1.76e-01,9.00e+00,
11725,1.76e-01,9.00e+00,
11726,1.84e-01,9.00e+00,
11727,1.84e-01,9.00e+00,
11728,1.84e-01,9.00e+00,
11729,1.84e-01,9.00e+00,
11730,1.84e-01,8.80e+00,
11731,1.84e-01,9.00e+00,
11732,1.84e-01,8.80e+00,
11733,1.84e-01,9.00e+00,
11734,1.84e-01,9.00e+00,
11735,1.84e-01,9.00e+00,
11736,1.84e-01,9.00e+00,
11737,1.84e-01,9.00e+00,
11738,1.84e-01,9.00e+00,
11739,1.84e-01,9.00e+00,
11740,1.84e-01,8.80e+00,
11741,1.84e-01,9.00e+00,
11742,1.84e-01,9.00e+00,
11743,1.84e-01,9.00e+00,
11744,1.84e-01,9.00e+00,
11745,1.84e-01,9.00e+00,
11746,1.92e-01,9.00e+00,
11747,1.92e-01,9.00e+00,
11748,1.84e-01,8.80e+00,
11749,1.92e-01,9.00e+00,
11750,1.92e-01,9.00e+00,
11751,1.92e-01,9.00e+00,
11752,1.92e-01,9.00e+00,
11753,1.92e-01,9.00e+00,
11754,1.92e-01,8.80e+00,
11755,1.92e-01,9.00e+00,
11756,1.92e-01,9.00e+00,
11757,1.92e-01,9.00e+00,
11758,1.92e-01,9.00e+00,
11759,1.92e-01,9.00e+00,
11760,1.92e-01,9.00e+00,
11761,1.92e-01,9.00e+00,
11762,1.92e-01,9.00e+00,
11763,1.92e-01,9.00e+00,
11764,1.92e-01,8.80e+00,
11765,1.92e-01,9.00e+00,
11766,1.92e-01,8.80e+00,
11767,2.00e-01,9.00e+00,
11768,1.92e-01,9.00e+00,
11769,1.92e-01,9.00e+00,
11770,1.92e-01,9.00e+00,
11771,2.00e-01,9.00e+00,
11772,1.92e-01,8.80e+00,
11773,1.92e-01,9.00e+00,
11774,1.92e-01,9.00e+00,
11775,2.00e-01,9.00e+00,
11776,2.00e-01,9.00e+00,
11777,2.00e-01,9.00e+00,
11778,2.00e-01,9.00e+00,
11779,2.00e-01,9.00e+00,
11780,1.92e-01,9.00e+00,
11781,2.00e-01,9.00e+00,
11782,2.00e-01,8.80e+00,
11783,2.00e-01,9.00e+00,
11784,2.00e-01,9.00e+00,
11785,2.00e-01,9.00e+00,
11786,2.00e-01,9.00e+00,
11787,2.00e-01,9.00e+00,
11788,2.00e-01,8.80e+00,
11789,2.00e-01,9.00e+00,
11790,2.00e-01,9.00e+00,
11791,2.08e-01,9.00e+00,
11792,2.00e-01,9.00e+00,
11793,2.00e-01,8.80e+00,
11794,2.08e-01,9.00e+00,
11795,2.08e-01,9.00e+00,
11796,2.00e-01,9.00e+00,
11797,2.00e-01,9.00e+00,
11798,2.08e-01,9.00e+00,
11799,2.08e-01,9.00e+00,
11800,2.08e-01,9.00e+00,
11801,2.08e-01,9.00e+00,
11802,2.08e-01,8.80e+00,
11803,2.08e-01,9.00e+00,
11804,2.08e-01,9.00e+00,
11805,2.08e-01,9.00e+00,
11806,2.08e-01,9.00e+00,
11807,2.08e-01,9.00e+00,
11808,2.08e-01,9.00e+00,
11809,2.08e-01,9.00e+00,
11810,2.08e-01,9.00e+00,
11811,2.08e-01,9.00e+00,
11812,2.08e-01,8.80e+00,
11813,2.08e-01,9.00e+00,
11814,2.08e-01,9.00e+00,
11815,2.16e-01,9.00e+00,
11816,2.08e-01,9.00e+00,
11817,2.08e-01,9.00e+00,
11818,2.16e-01,9.00e+00,
11819,2.16e-01,9.00e+00,
11820,2.08e-01,9.00e+00,
11821,2.08e-01,9.00e+00,
11822,2.16e-01,9.00e+00,
11823,2.16e-01,9.00e+00,
11824,2.16e-01,8.80e+00,
11825,2.16e-01,9.00e+00,
11826,2.16e-01,8.80e+00,
11827,2.16e-01,9.00e+00,
11828,2.16e-01,9.00e+00,
11829,2.16e-01,9.00e+00,
11830,2.16e-01,9.00e+00,
11831,2.16e-01,9.00e+00,
11832,2.16e-01,9.00e+00,
11833,2.16e-01,9.00e+00,
11834,2.16e-01,9.00e+00,
11835,2.16e-01,9.00e+00,
11836,2.16e-01,9.00e+00,
11837,2.16e-01,9.00e+00,
11838,2.16e-01,9.00e+00,
11839,2.24e-01,9.00e+00,
11840,2.16e-01,9.00e+00,
11841,2.24e-01,9.00e+00,
11842,2.24e-01,9.00e+00,
11843,2.24e-01,9.00e+00,
11844,2.16e-01,9.00e+00,
11845,2.24e-01,9.00e+00,
11846,2.24e-01,8.80e+00,
11847,2.24e-01,9.00e+00,
11848,2.24e-01,9.00e+00,
11849,2.24e-01,9.00e+00,
11850,2.24e-01,9.00e+00,
11851,2.24e-01,9.00e+00,
11852,2.24e-01,9.00e+00,
11853,2.24e-01,9.00e+00,
11854,2.24e-01,9.00e+00,
11855,2.24e-01,9.00e+00,
11856,2.24e-01,9.00e+00,
11857,2.24e-01,8.80e+00,
11858,2.24e-01,9.00e+00,
11859,2.24e-01,9.00e+00,
11860,2.24e-01,9.00e+00,
11861,2.24e-01,9.00e+00,
11862,2.24e-01,9.00e+00,
11863,2.32e-01,9.00e+00,
11864,2.24e-01,9.00e+00,
11865,2.32e-01,9.00e+00,
11866,2.32e-01,9.00e+00,
11867,2.32e-01,9.00e+00,
11868,2.24e-01,8.80e+00,
11869,2.32e-01,9.00e+00,
11870,2.32e-01,9.00e+00,
11871,2.32e-01,9.00e+00,
11872,2.32e-01,9.00e+00,
11873,2.32e-01,9.00e+00,
11874,2.32e-01,9.00e+00,
11875,2.32e-01,9.00e+00,
11876,2.32e-01,9.00e+00,
11877,2.32e-01,9.00e+00,
11878,2.32e-01,9.00e+00,
11879,2.32e-01,9.00e+00,
11880,2.32e-01,9.00e+00,
11881,2.32e-01,9.00e+00,
11882,2.32e-01,9.00e+00,
11883,2.40e-01,9.00e+00,
11884,2.32e-01,9.00e+00,
11885,2.32e-01,9.00e+00,
11886,2.32e-01,9.00e+00,
11887,2.40e-01,9.00e+00,
11888,2.32e-01,9.00e+00,
11889,2.40e-01,9.00e+00,
11890,2.40e-01,9.00e+00,
11891,2.40e-01,9.20e+00,
11892,2.40e-01,9.00e+00,
11893,2.40e-01,9.00e+00,
11894,2.40e-01,9.00e+00,
11895,2.40e-01,9.00e+00,
11896,2.40e-01,9.00e+00,
11897,2.40e-01,9.00e+00,
11898,2.40e-01,9.00e+00,
11899,2.48e-01,9.20e+00,
11900,2.40e-01,8.80e+00,
11901,2.40e-01,9.00e+00,
11902,2.40e-01,9.00e+00,
11903,2.40e-01,9.00e+00,
11904,2.40e-01,9.00e+00,
11905,2.40e-01,9.00e+00,
11906,2.40e-01,9.00e+00,
11907,2.48e-01,9.00e+00,
11908,2.40e-01,8.80e+00,
11909,2.40e-01,9.00e+00,
11910,2.40e-01,9.00e+00,
11911,2.48e-01,9.00e+00,
11912,2.48e-01,9.00e+00,
11913,2.48e-01,9.00e+00,
11914,2.48e-01,9.00e+00,
11915,2.48e-01,9.00e+00,
11916,2.48e-01,9.00e+00,
11917,2.48e-01,9.00e+00,
11918,2.48e-01,9.00e+00,
11919,2.48e-01,9.00e+00,
11920,2.48e-01,9.00e+00,
11921,2.48e-01,9.00e+00,
11922,2.48e-01,9.00e+00,
11923,2.48e-01,9.00e+00,
11924,2.48e-01,9.00e+00,
11925,2.48e-01,9.00e+00,
11926,2.48e-01,9.00e+00,
11927,2.56e-01,9.00e+00,
11928,2.48e-01,9.00e+00,
11929,2.48e-01,9.00e+00,
11930,2.48e-01,9.00e+00,
11931,2.56e-01,9.00e+00,
11932,2.48e-01,9.00e+00,
11933,2.48e-01,9.00e+00,
11934,2.56e-01,9.00e+00,
11935,2.56e-01,9.00e+00,
11936,2.56e-01,9.00e+00,
11937,2.56e-01,9.00e+00,
11938,2.56e-01,9.00e+00,
11939,2.56e-01,9.00e+00,
11940,2.56e-01,9.00e+00,
11941,2.56e-01,9.00e+00,
11942,2.56e-01,9.00e+00,
11943,2.56e-01,9.20e+00,
11944,2.56e-01,9.00e+00,
11945,2.56e-01,9.00e+00,
11946,2.56e-01,9.00e+00,
11947,2.64e-01,9.20e+00,
11948,2.56e-01,9.00e+00,
11949,2.56e-01,9.00e+00,
11950,2.56e-01,9.00e+00,
11951,2.64e-01,9.00e+00,
11952,2.56e-01,9.00e+00,
11953,2.56e-01,9.00e+00,
11954,2.64e-01,9.00e+00,
11955,2.64e-01,9.00e+00,
11956,2.56e-01,9.00e+00,
11957,2.64e-01,9.00e+00,
11958,2.64e-01,9.00e+00,
11959,2.64e-01,9.00e+00,
11960,2.64e-01,9.00e+00,
11961,2.64e-01,9.00e+00,
11962,2.64e-01,9.20e+00,
11963,2.64e-01,9.00e+00,
11964,2.64e-01,9.00e+00,
11965,2.64e-01,9.00e+00,
11966,2.64e-01,9.00e+00,
11967,2.64e-01,9.00e+00,
11968,2.64e-01,9.00e+00,
11969,2.64e-01,9.00e+00,
11970,2.64e-01,9.00e+00,
11971,2.64e-01,9.20e+00,
11972,2.64e-01,9.00e+00,
11973,2.64e-01,9.00e+00,
11974,2.64e-01,9.00e+00,
11975,2.72e-01,9.00e+00,
11976,2.64e-01,9.00e+00,
11977,2.72e-01,9.00e+00,
11978,2.72e-01,9.00e+00,
11979,2.72e-01,9.00e+00,
11980,2.64e-01,9.00e+00,
11981,2.64e-01,9.00e+00,
11982,2.72e-01,9.00e+00,
11983,2.72e-01,9.00e+00,
11984,2.72e-01,9.00e+00,
11985,2.72e-01,9.20e+00,
11986,2.72e-01,9.00e+00,
11987,2.72e-01,9.00e+00,
11988,2.72e-01,9.00e+00,
11989,2.72e-01,9.00e+00,
11990,2.72e-01,9.00e+00,
11991,2.72e-01,9.00e+00,
11992,2.72e-01,9.00e+00,
11993,2.72e-01,9.00e+00,
11994,2.72e-01,9.00e+00,
11995,2.72e-01,9.20e+00,
11996,2.72e-01,9.00e+00,
11997,2.72e-01,9.00e+00,
11998,2.72e-01,9.00e+00,
11999,2.80e-01,9.00e+00,
12000,2.72e-01,9.00e+00,
12001,2.80e-01,9.00e+00,
12002,2.80e-01,9.00e+00,
12003,2.80e-01,9.00e+00,
12004,2.80e-01,9.00e+00,
12005,2.80e-01,9.00e+00,
12006,2.80e-01,9.00e+00,
12007,2.80e-01,9.20e+00,
12008,2.72e-01,9.00e+00,
12009,2.80e-01,9.00e+00,
12010,2.80e-01,9.00e+00,
12011,2.80e-01,9.00e+00,
12012,2.80e-01,9.00e+00,
12013,2.80e-01,9.00e+00,
12014,2.80e-01,9.00e+00,
12015,2.80e-01,9.00e+00,
12016,2.80e-01,9.00e+00,
12017,2.80e-01,9.20e+00,
12018,2.80e-01,9.00e+00,
12019,2.88e-01,9.20e+00,
12020,2.80e-01,9.00e+00,
12021,2.80e-01,9.00e+00,
12022,2.80e-01,9.00e+00,
12023,2.88e-01,9.00e+00,
12024,2.80e-01,9.00e+00,
12025,2.80e-01,9.20e+00,
12026,2.88e-01,9.00e+00,
12027,2.88e-01,9.00e+00,
12028,2.80e-01,9.00e+00,
12029,2.88e-01,9.20e+00,
12030,2.88e-01,9.00e+00,
12031,2.88e-01,9.00e+00,
12032,2.88e-01,9.00e+00,
12033,2.88e-01,9.00e+00,
12034,2.88e-01,9.00e+00,
12035,2.88e-01,9.00e+00,
12036,2.88e-01,9.00e+00,
12037,2.88e-01,9.00e+00,
12038,2.88e-01,9.00e+00,
12039,2.88e-01,9.00e+00,
12040,2.88e-01,9.00e+00,
12041,2.88e-01,9.00e+00,
12042,2.88e-01,9.00e+00,
12043,2.88e-01,9.20e+00,
12044,2.88e-01,9.00e+00,
12045,2.88e-01,9.20e+00,
12046,2.88e-01,9.00e+00,
12047,2.96e-01,9.00e+00,
12048,2.88e-01,9.00e+00,
12049,2.88e-01,9.20e+00,
12050,2.88e-01,9.00e+00,
12051,2.96e-01,9.00e+00,
12052,2.88e-01,9.00e+00,
12053,2.88e-01,9.00e+00,
12054,2.88e-01,9.00e+00,
12055,2.96e-01,9.00e+00,
12056,2.88e-01,9.00e+00,
12057,2.96e-01,9.00e+00,
12058,2.96e-01,9.00e+00,
12059,2.96e-01,9.00e+00,
12060,2.88e-01,9.00e+00,
12061,2.96e-01,9.20e+00,
12062,2.96e-01,9.00e+00,
12063,2.96e-01,9.00e+00,
12064,2.96e-01,9.00e+00,
12065,2.96e-01,9.00e+00,
12066,2.96e-01,9.00e+00,
12067,2.96e-01,9.00e+00,
12068,2.96e-01,9.00e+00,
12069,2.96e-01,9.00e+00,
12070,2.96e-01,9.00e+00,
12071,3.04e-01,9.00e+00,
12072,2.96e-01,9.00e+00,
12073,2.96e-01,9.00e+00,
12074,2.96e-01,9.00e+00,
12075,3.04e-01,9.20e+00,
12076,2.96e-01,9.00e+00,
12077,2.96e-01,9.20e+00,
12078,2.96e-01,9.00e+00,
12079,3.04e-01,9.00e+00,
12080,2.96e-01,9.00e+00,
12081,2.96e-01,9.20e+00,
12082,3.04e-01,9.00e+00,
12083,3.04e-01,9.20e+00,
12084,2.96e-01,9.00e+00,
12085,3.04e-01,9.00e+00,
12086,3.04e-01,9.00e+00,
12087,3.04e-01,9.00e+00,
12088,3.04e-01,9.00e+00,
12089,3.04e-01,9.00e+00,
12090,3.04e-01,9.00e+00,
12091,3.04e-01,9.00e+00,
12092,3.04e-01,9.00e+00,
12093,3.04e-01,9.00e+00,
12094,3.04e-01,9.00e+00,
12095,3.04e-01,9.00e+00,
12096,3.04e-01,9.00e+00,
12097,3.04e-01,9.00e+00,
12098,3.04e-01,9.00e+00,
12099,3.04e-01,9.00e+00,
12100,3.04e-01,9.00e+00,
12101,3.04e-01,9.20e+00,
12102,3.04e-01,9.00e+00,
12103,3.04e-01,9.00e+00,
12104,3.04e-01,9.00e+00,
12105,3.04e-01,9.20e+00,
12106,3.04e-01,9.20e+00,
12107,3.04e-01,9.00e+00,
12108,3.04e-01,9.00e+00,
12109,3.04e-01,9.00e+00,
12110,3.04e-01,9.00e+00,
12111,3.12e-01,9.20e+00,
12112,3.04e-01,9.00e+00,
12113,3.04e-01,9.00e+00,
12114,3.04e-01,9.00e+00,
12115,3.12e-01,9.00e+00,
12116,3.04e-01,9.00e+00,
12117,3.04e-01,9.20e+00,
12118,3.04e-01,9.00e+00,
12119,3.12e-01,9.00e+00,
12120,3.04e-01,9.00e+00,
12121,3.12e-01,9.00e+00,
12122,3.12e-01,9.00e+00,
12123,3.12e-01,9.20e+00,
12124,3.12e-01,9.00e+00,
12125,3.12e-01,9.20e+00,
12126,3.12e-01,9.20e+00,
12127,3.12e-01,9.00e+00,
12128,3.12e-01,9.00e+00,
12129,3.12e-01,9.20e+00,
12130,3.12e-01,9.00e+00,
12131,3.12e-01,9.00e+00,
12132,3.12e-01,9.00e+00,
12133,3.12e-01,9.00e+00,
12134,3.12e-01,9.00e+00,
12135,3.12e-01,9.00e+00,
12136,3.12e-01,9.00e+00,
12137,3.12e-01,9.20e+00,
12138,3.12e-01,9.00e+00,
12139,3.20e-01,9.00e+00,
12140,3.12e-01,9.00e+00,
12141,3.12e-01,9.20e+00,
12142,3.12e-01,9.00e+00,
12143,3.12e-01,9.00e+00,
12144,3.12e-01,9.00e+00,
12145,3.12e-01,9.20e+00,
12146,3.12e-01,9.00e+00,
12147,3.20e-01,9.00e+00,
12148,3.12e-01,9.00e+00,
12149,3.12e-01,9.20e+00,
12150,3.12e-01,9.00e+00,
12151,3.20e-01,9.20e+00,
12152,3.12e-01,9.00e+00,
12153,3.12e-01,9.00e+00,
12154,3.20e-01,9.00e+00,
12155,3.20e-01,9.20e+00,
12156,3.12e-01,9.00e+00,
12157,3.20e-01,9.00e+00,
12158,3.12e-01,9.00e+00,
12159,3.20e-01,9.20e+00,
12160,3.20e-01,9.00e+00,
12161,3.12e-01,9.00e+00,
12162,3.20e-01,9.00e+00,
12163,3.20e-01,9.00e+00,
12164,3.20e-01,9.00e+00,
12165,3.20e-01,9.20e+00,
12166,3.12e-01,9.00e+00,
12167,3.20e-01,9.20e+00,
12168,3.12e-01,9.00e+00,
12169,3.20e-01,9.00e+00,
12170,3.20e-01,9.00e+00,
12171,3.20e-01,9.20e+00,
12172,3.20e-01,9.00e+00,
12173,3.20e-01,9.20e+00,
12174,3.20e-01,9.00e+00,
12175,3.20e-01,9.00e+00,
12176,3.20e-01,9.00e+00,
12177,3.20e-01,9.00e+00,
12178,3.20e-01,9.00e+00,
12179,3.28e-01,9.20e+00,
12180,3.20e-01,9.00e+00,
12181,3.20e-01,9.20e+00,
12182,3.20e-01,9.20e+00,
12183,3.28e-01,9.00e+00,
12184,3.20e-01,9.00e+00,
12185,3.20e-01,9.20e+00,
12186,3.28e-01,9.20e+00,
12187,3.28e-01,9.00e+00,
12188,3.20e-01,9.00e+00,
12189,3.20e-01,9.20e+00,
12190,3.20e-01,9.00e+00,
12191,3.28e-01,9.00e+00,
12192,3.20e-01,9.00e+00,
12193,3.20e-01,9.00e+00,
12194,3.28e-01,9.00e+00,
12195,3.28e-01,9.00e+00,
12196,3.20e-01,9.00e+00,
12197,3.28e-01,9.00e+00,
12198,3.20e-01,9.00e+00,
12199,3.28e-01,9.20e+00,
12200,3.20e-01,9.20e+00,
12201,3.28e-01,9.20e+00,
12202,3.28e-01,9.00e+00,
12203,3.28e-01,9.20e+00,
12204,3.20e-01,9.00e+00,
12205,3.28e-01,9.20e+00,
12206,3.28e-01,9.00e+00,
12207,3.28e-01,9.00e+00,
12208,3.20e-01,9.00e+00,
12209,3.28e-01,9.00e+00,
12210,3.28e-01,9.00e+00,
12211,3.28e-01,9.00e+00,
12212,3.28e-01,9.00e+00,
12213,3.28e-01,9.20e+00,
12214,3.28e-01,9.00e+00,
12215,3.28e-01,9.20e+00,
12216,3.28e-01,9.00e+00,
12217,3.28e-01,9.00e+00,
12218,3.28e-01,9.00e+00,
12219,3.28e-01,9.00e+00,
12220,3.28e-01,9.00e+00,
12221,3.28e-01,9.00e+00,
12222,3.28e-01,9.00e+00,
12223,3.36e-01,9.00e+00,
12224,3.28e-01,9.00e+00,
12225,3.28e-01,9.20e+00,
12226,3.28e-01,9.00e+00,
12227,3.36e-01,9.20e+00,
12228,3.28e-01,9.00e+00,
12229,3.28e-01,9.00e+00,
12230,3.28e-01,9.00e+00,
12231,3.36e-01,9.20e+00,
12232,3.28e-01,9.20e+00,
12233,3.28e-01,9.20e+00,
12234,3.28e-01,9.00e+00,
12235,3.36e-01,9.20e+00,
12236,3.28e-01,9.00e+00,
12237,3.28e-01,9.00e+00,
12238,3.28e-01,9.00e+00,
12239,3.36e-01,9.20e+00,
12240,3.28e-01,9.00e+00,
12241,3.36e-01,9.20e+00,
12242,3.36e-01,9.00e+00,
12243,3.36e-01,9.20e+00,
12244,3.28e-01,9.20e+00,
12245,3.36e-01,9.00e+00,
12246,3.36e-01,9.00e+00,
12247,3.36e-01,9.00e+00,
12248,3.36e-01,9.20e+00,
12249,3.36e-01,9.20e+00,
12250,3.36e-01,9.00e+00,
12251,3.36e-01,9.00e+00,
12252,3.36e-01,9.00e+00,
12253,3.36e-01,9.20e+00,
12254,3.36e-01,9.00e+00,
12255,3.36e-01,9.20e+00,
12256,3.36e-01,9.00e+00,
12257,3.36e-01,9.20e+00,
12258,3.36e-01,9.20e+00,
12259,3.36e-01,9.00e+00,
12260,3.36e-01,9.00e+00,
12261,3.36e-01,9.00e+00,
12262,3.36e-01,9.00e+00,
12263,3.36e-01,9.00e+00,
12264,3.36e-01,9.00e+00,
12265,3.36e-01,9.00e+00,
12266,3.36e-01,9.00e+00,
12267,3.36e-01,9.20e+00,
12268,3.36e-01,9.00e+00,
12269,3.36e-01,9.20e+00,
12270,3.36e-01,9.00e+00,
12271,3.36e-01,9.00e+00,
12272,3.36e-01,9.20e+00,
12273,3.36e-01,9.20e+00,
12274,3.36e-01,9.00e+00,
12275,3.44e-01,9.00e+00,
12276,3.36e-01,9.20e+00,
12277,3.36e-01,9.20e+00,
12278,3.36e-01,9.00e+00,
12279,3.44e-01,9.20e+00,
12280,3.36e-01,9.00e+00,
12281,3.36e-01,9.00e+00,
12282,3.36e-01,9.20e+00,
12283,3.44e-01,9.20e+00,
12284,3.36e-01,9.00e+00,
12285,3.36e-01,9.20e+00,
12286,3.36e-01,9.20e+00,
12287,3.44e-01,9.00e+00,
12288,3.36e-01,9.00e+00,
12289,3.44e-01,9.00e+00,
12290,3.44e-01,9.00e+00,
12291,3.44e-01,9.20e+00,
12292,3.36e-01,9.00e+00,
12293,3.44e-01,9.00e+00,
12294,3.36e-01,9.00e+00,
12295,3.44e-01,9.00e+00,
12296,3.44e-01,9.00e+00,
12297,3.44e-01,9.00e+00,
12298,3.44e-01,9.20e+00,
12299,3.44e-01,9.20e+00,
12300,3.36e-01,9.00e+00,
12301,3.44e-01,9.00e+00,
12302,3.44e-01,9.00e+00,
12303,3.44e-01,9.00e+00,
12304,3.44e-01,9.00e+00,
12305,3.44e-01,9.20e+00,
12306,3.44e-01,9.00e+00,
12307,3.44e-01,9.20e+00,
12308,3.44e-01,9.00e+00,
12309,3.44e-01,9.20e+00,
12310,3.44e-01,9.00e+00,
12311,3.52e-01,9.20e+00,
12312,3.44e-01,9.00e+00,
12313,3.44e-01,9.00e+00,
12314,3.44e-01,9.00e+00,
12315,3.52e-01,9.20e+00,
12316,3.44e-01,9.00e+00,
12317,3.44e-01,9.20e+00,
12318,3.44e-01,9.00e+00,
12319,3.52e-01,9.00e+00,
12320,3.44e-01,9.00e+00,
12321,3.44e-01,9.20e+00,
12322,3.44e-01,9.20e+00,
12323,3.52e-01,9.20e+00,
12324,3.44e-01,9.00e+00,
12325,3.44e-01,9.20e+00,
12326,3.44e-01,9.00e+00,
12327,3.52e-01,9.20e+00,
12328,3.44e-01,9.00e+00,
12329,3.44e-01,9.00e+00,
12330,3.44e-01,9.20e+00,
12331,3.52e-01,9.00e+00,
12332,3.44e-01,9.00e+00,
12333,3.44e-01,9.20e+00,
12334,3.44e-01,9.00e+00,
12335,3.52e-01,9.00e+00,
12336,3.44e-01,9.00e+00,
12337,3.52e-01,9.20e+00,
12338,3.52e-01,9.00e+00,
12339,3.52e-01,9.20e+00,
12340,3.44e-01,9.00e+00,
12341,3.52e-01,9.20e+00,
12342,3.52e-01,9.20e+00,
12343,3.52e-01,9.00e+00,
12344,3.44e-01,9.20e+00,
12345,3.52e-01,9.20e+00,
12346,3.52e-01,9.00e+00,
12347,3.52e-01,9.20e+00,
12348,3.52e-01,9.00e+00,
12349,3.52e-01,9.20e+00,
12350,3.52e-01,9.00e+00,
12351,3.52e-01,9.00e+00,
12352,3.52e-01,9.00e+00,
12353,3.52e-01,9.00e+00,
12354,3.52e-01,9.00e+00,
12355,3.52e-01,9.20e+00,
12356,3.52e-01,9.00e+00,
12357,3.52e-01,9.00e+00,
12358,3.52e-01,9.20e+00,
12359,3.60e-01,9.20e+00,
12360,3.52e-01,9.00e+00,
12361,3.52e-01,9.00e+00,
12362,3.60e-01,9.20e+00,
12363,3.52e-01,9.00e+00,
12364,3.52e-01,9.00e+00,
12365,3.52e-01,9.20e+00,
12366,3.52e-01,9.00e+00,
12367,3.60e-01,9.20e+00,
12368,3.52e-01,9.20e+00,
12369,3.52e-01,9.00e+00,
12370,3.52e-01,9.20e+00,
12371,3.60e-01,9.20e+00,
12372,3.52e-01,9.00e+00,
12373,3.52e-01,9.00e+00,
12374,3.52e-01,9.00e+00,
12375,3.60e-01,9.20e+00,
12376,3.52e-01,9.00e+00,
12377,3.52e-01,9.00e+00,
12378,3.52e-01,9.00e+00,
12379,3.60e-01,9.20e+00,
12380,3.52e-01,9.00e+00,
12381,3.52e-01,9.20e+00,
12382,3.52e-01,9.20e+00,
12383,3.60e-01,9.20e+00,
12384,3.52e-01,9.20e+00,
12385,3.60e-01,9.20e+00,
12386,3.60e-01,9.20e+00,
12387,3.60e-01,9.20e+00,
12388,3.60e-01,9.00e+00,
12389,3.60e-01,9.20e+00,
12390,3.60e-01,9.00e+00,
12391,3.60e-01,9.20e+00,
12392,3.60e-01,9.20e+00,
12393,3.60e-01,9.00e+00,
12394,3.60e-01,9.20e+00,
12395,3.60e-01,9.20e+00,
12396,3.60e-01,9.00e+00,
12397,3.60e-01,9.20e+00,
12398,3.60e-01,9.00e+00,
12399,3.60e-01,9.20e+00,
12400,3.60e-01,9.20e+00,
12401,3.60e-01,9.00e+00,
12402,3.60e-01,9.00e+00,
12403,3.60e-01,9.20e+00,
12404,3.60e-01,9.00e+00,
12405,3.60e-01,9.20e+00,
12406,3.60e-01,9.00e+00,
12407,3.60e-01,9.20e+00,
12408,3.60e-01,9.20e+00,
12409,3.60e-01,9.20e+00,
12410,3.60e-01,9.00e+00,
12411,3.60e-01,9.00e+00,
12412,3.60e-01,9.00e+00,
12413,3.60e-01,9.00e+00,
12414,3.60e-01,9.00e+00,
12415,3.68e-01,9.20e+00,
12416,3.60e-01,9.00e+00,
12417,3.60e-01,9.20e+00,
12418,3.60e-01,9.00e+00,
12419,3.68e-01,9.20e+00,
12420,3.60e-01,9.00e+00,
12421,3.60e-01,9.20e+00,
12422,3.60e-01,9.00e+00,
12423,3.68e-01,9.20e+00,
12424,3.60e-01,9.20e+00,
12425,3.60e-01,9.00e+00,
12426,3.60e-01,9.00e+00,
12427,3.68e-01,9.20e+00,
12428,3.60e-01,9.00e+00,
12429,3.68e-01,9.20e+00,
12430,3.68e-01,9.20e+00,
12431,3.68e-01,9.20e+00,
12432,3.60e-01,9.20e+00,
12433,3.68e-01,9.00e+00,
12434,3.68e-01,9.00e+00,
12435,3.68e-01,9.20e+00,
12436,3.68e-01,9.20e+00,
12437,3.68e-01,9.20e+00,
12438,3.68e-01,9.00e+00,
12439,3.68e-01,9.20e+00,
12440,3.60e-01,9.00e+00,
12441,3.68e-01,9.00e+00,
12442,3.68e-01,9.00e+00,
12443,3.68e-01,9.20e+00,
12444,3.60e-01,9.00e+00,
12445,3.68e-01,9.20e+00,
12446,3.68e-01,9.20e+00,
12447,3.68e-01,9.20e+00,
12448,3.68e-01,9.00e+00,
12449,3.68e-01,9.20e+00,
12450,3.68e-01,9.00e+00,
12451,3.68e-01,9.20e+00,
12452,3.68e-01,9.00e+00,
12453,3.68e-01,9.20e+00,
12454,3.68e-01,9.00e+00,
12455,3.76e-01,9.20e+00,
12456,3.68e-01,9.00e+00,
12457,3.68e-01,9.20e+00,
12458,3.68e-01,9.00e+00,
12459,3.76e-01,9.20e+00,
12460,3.68e-01,9.20e+00,
12461,3.68e-01,9.20e+00,
12462,3.68e-01,9.00e+00,
12463,3.76e-01,9.20e+00,
12464,3.68e-01,9.20e+00,
12465,3.68e-01,9.20e+00,
12466,3.68e-01,9.00e+00,
12467,3.76e-01,9.20e+00,
12468,3.68e-01,9.00e+00,
12469,3.68e-01,9.20e+00,
12470,3.68e-01,9.20e+00,
12471,3.76e-01,9.20e+00,
12472,3.68e-01,9.20e+00,
12473,3.68e-01,9.00e+00,
12474,3.76e-01,9.00e+00,
12475,3.76e-01,9.00e+00,
12476,3.68e-01,9.00e+00,
12477,3.76e-01,9.20e+00,
12478,3.76e-01,9.20e+00,
12479,3.76e-01,9.20e+00,
12480,3.68e-01,9.00e+00,
12481,3.76e-01,9.20e+00,
12482,3.76e-01,9.00e+00,
12483,3.76e-01,9.20e+00,
12484,3.76e-01,9.20e+00,
12485,3.76e-01,9.20e+00,
12486,3.76e-01,9.20e+00,
12487,3.76e-01,9.20e+00,
12488,3.76e-01,9.20e+00,
12489,3.76e-01,9.20e+00,
12490,3.76e-01,9.20e+00,
12491,3.76e-01,9.20e+00,
12492,3.76e-01,9.00e+00,
12493,3.76e-01,9.00e+00,
12494,3.76e-01,9.00e+00,
12495,3.76e-01,9.20e+00,
12496,3.76e-01,9.00e+00,
12497,3.76e-01,9.20e+00,
12498,3.76e-01,9.00e+00,
12499,3.84e-01,9.20e+00,
12500,3.76e-01,9.20e+00,
12501,3.76e-01,9.20e+00,
12502,3.76e-01,9.20e+00,
12503,3.76e-01,9.20e+00,
12504,3.76e-01,9.20e+00,
12505,3.76e-01,9.20e+00,
12506,3.76e-01,9.20e+00,
12507,3.84e-01,9.00e+00,
12508,3.76e-01,9.20e+00,
12509,3.76e-01,9.20e+00,
12510,3.76e-01,9.20e+00,
12511,3.84e-01,9.00e+00,
12512,3.76e-01,9.00e+00,
12513,3.76e-01,9.20e+00,
12514,3.76e-01,9.20e+00,
12515,3.76e-01,9.20e+00,
12516,3.76e-01,9.00e+00,
12517,3.76e-01,9.20e+00,
12518,3.76e-01,9.00e+00,
12519,3.84e-01,9.20e+00,
12520,3.76e-01,9.00e+00,
12521,3.76e-01,9.20e+00,
12522,3.84e-01,9.20e+00,
12523,3.84e-01,9.20e+00,
12524,3.76e-01,9.00e+00,
12525,3.84e-01,9.20e+00,
12526,3.84e-01,9.20e+00,
12527,3.84e-01,9.20e+00,
12528,3.76e-01,9.00e+00,
12529,3.84e-01,9.20e+00,
12530,3.84e-01,9.00e+00,
12531,3.84e-01,9.20e+00,
12532,3.76e-01,9.20e+00,
12533,3.84e-01,9.00e+00,
12534,3.84e-01,9.00e+00,
12535,3.84e-01,9.20e+00,
12536,3.84e-01,9.20e+00,
12537,3.84e-01,9.20e+00,
12538,3.84e-01,9.20e+00,
12539,3.84e-01,9.20e+00,
12540,3.76e-01,9.00e+00,
12541,3.84e-01,9.20e+00,
12542,3.84e-01,9.20e+00,
12543,3.84e-01,9.20e+00,
12544,3.84e-01,9.20e+00,
12545,3.84e-01,9.20e+00,
12546,3.84e-01,9.20e+00,
12547,3.84e-01,9.20e+00,
12548,3.84e-01,9.00e+00,
12549,3.84e-01,9.20e+00,
12550,3.84e-01,9.00e+00,
12551,3.84e-01,9.20e+00,
12552,3.84e-01,9.20e+00,
12553,3.84e-01,9.00e+00,
12554,3.84e-01,9.20e+00,
12555,3.92e-01,9.20e+00,
12556,3.84e-01,9.20e+00,
12557,3.84e-01,9.00e+00,
12558,3.84e-01,9.00e+00,
12559,3.92e-01,9.20e+00,
12560,3.84e-01,9.20e+00,
12561,3.84e-01,9.00e+00,
12562,3.92e-01,9.20e+00,
12563,3.84e-01,9.20e+00,
12564,3.84e-01,9.00e+00,
12565,3.84e-01,9.20e+00,
12566,3.84e-01,9.00e+00,
12567,3.92e-01,9.20e+00,
12568,3.84e-01,9.20e+00,
12569,3.84e-01,9.20e+00,
12570,3.84e-01,9.00e+00,
12571,3.92e-01,9.20e+00,
12572,3.84e-01,9.00e+00,
12573,3.84e-01,9.20e+00,
12574,3.84e-01,9.20e+00,
12575,3.92e-01,9.20e+00,
12576,3.84e-01,9.20e+00,
12577,3.84e-01,9.20e+00,
12578,3.92e-01,9.20e+00,
12579,3.92e-01,9.20e+00,
12580,3.84e-01,9.00e+00,
12581,3.92e-01,9.20e+00,
12582,3.92e-01,9.20e+00,
12583,3.92e-01,9.20e+00,
12584,3.84e-01,9.20e+00,
12585,3.92e-01,9.20e+00,
12586,3.92e-01,9.20e+00,
12587,3.92e-01,9.20e+00,
12588,3.84e-01,9.00e+00,
12589,3.92e-01,9.20e+00,
12590,3.92e-01,9.20e+00,
12591,3.92e-01,9.20e+00,
12592,3.84e-01,9.00e+00,
12593,3.92e-01,9.20e+00,
12594,3.92e-01,9.20e+00,
12595,3.92e-01,9.20e+00,
12596,3.92e-01,9.00e+00,
12597,3.92e-01,9.20e+00,
12598,3.92e-01,9.00e+00,
12599,3.92e-01,9.20e+00,
12600,3.92e-01,9.20e+00,
12601,3.92e-01,9.20e+00,
12602,3.92e-01,9.20e+00,
12603,3.92e-01,9.20e+00,
12604,3.92e-01,9.20e+00,
12605,3.92e-01,9.20e+00,
12606,3.92e-01,9.00e+00,
12607,3.92e-01,9.20e+00,
12608,3.92e-01,9.00e+00,
12609,3.92e-01,9.20e+00,
12610,3.92e-01,9.20e+00,
12611,3.92e-01,9.20e+00,
12612,3.92e-01,9.00e+00,
12613,3.92e-01,9.20e+00,
12614,3.92e-01,9.20e+00,
12615,4.00e-01,9.20e+00,
12616,3.92e-01,9.20e+00,
12617,3.92e-01,9.20e+00,
12618,3.92e-01,9.20e+00,
12619,4.00e-01,9.20e+00,
12620,3.92e-01,9.00e+00,
12621,3.92e-01,9.20e+00,
12622,3.92e-01,9.20e+00,
12623,4.00e-01,9.20e+00,
12624,3.92e-01,9.00e+00,
12625,3.92e-01,9.20e+00,
12626,3.92e-01,9.20e+00,
12627,4.00e-01,9.20e+00,
12628,3.92e-01,9.20e+00,
12629,3.92e-01,9.20e+00,
12630,3.92e-01,9.20e+00,
12631,4.00e-01,9.00e+00,
12632,3.92e-01,9.20e+00,
12633,3.92e-01,9.20e+00,
12634,3.92e-01,9.20e+00,
12635,4.00e-01,9.20e+00,
12636,3.92e-01,9.20e+00,
12637,3.92e-01,9.20e+00,
12638,3.92e-01,9.20e+00,
12639,4.00e-01,9.20e+00,
12640,3.92e-01,9.20e+00,
12641,4.00e-01,9.20e+00,
12642,3.92e-01,9.00e+00,
12643,4.00e-01,9.20e+00,
12644,3.92e-01,9.20e+00,
12645,4.00e-01,9.20e+00,
12646,3.92e-01,9.20e+00,
12647,4.00e-01,9.20e+00,
12648,3.92e-01,9.20e+00,
12649,4.00e-01,9.20e+00,
12650,4.00e-01,9.20e+00,
12651,4.00e-01,9.20e+00,
12652,3.92e-01,9.20e+00,
12653,4.00e-01,9.20e+00,
12654,4.00e-01,9.20e+00,
12655,4.00e-01,9.20e+00,
12656,3.92e-01,9.20e+00,
12657,4.00e-01,9.20e+00,
12658,4.00e-01,9.20e+00,
12659,4.00e-01,9.20e+00,
12660,3.92e-01,9.00e+00,
12661,4.00e-01,9.20e+00,
12662,4.00e-01,9.00e+00,
12663,4.00e-01,9.20e+00,
12664,4.00e-01,9.20e+00,
12665,4.00e-01,9.20e+00,
12666,4.00e-01,9.20e+00,
12667,4.00e-01,9.20e+00,
12668,3.92e-01,9.20e+00,
12669,4.00e-01,9.20e+00,
12670,4.00e-01,9.20e+00,
12671,4.00e-01,9.20e+00,
12672,3.92e-01,9.20e+00,
12673,4.00e-01,9.20e+00,
12674,4.00e-01,9.20e+00,
12675,4.00e-01,9.20e+00,
12676,4.00e-01,9.20e+00,
12677,4.00e-01,9.20e+00,
12678,4.00e-01,9.20e+00,
12679,4.00e-01,9.20e+00,
12680,4.00e-01,9.20e+00,
12681,4.00e-01,9.20e+00,
12682,4.00e-01,9.20e+00,
12683,4.00e-01,9.20e+00,
12684,4.00e-01,9.20e+00,
12685,4.00e-01,9.20e+00,
12686,4.00e-01,9.20e+00,
12687,4.00e-01,9.20e+00,
12688,4.00e-01,9.20e+00,
12689,4.00e-01,9.00e+00,
12690,4.00e-01,9.00e+00,
12691,4.00e-01,9.20e+00,
12692,4.00e-01,9.20e+00,
12693,4.00e-01,9.20e+00,
12694,4.00e-01,9.00e+00,
12695,4.00e-01,9.20e+00,
12696,4.00e-01,9.20e+00,
12697,4.00e-01,9.20e+00,
12698,4.00e-01,9.20e+00,
12699,4.00e-01,9.20e+00,
12700,4.00e-01,9.00e+00,
12701,4.00e-01,9.20e+00,
12702,4.00e-01,9.00e+00,
12703,4.00e-01,9.20e+00,
12704,4.00e-01,9.00e+00,
12705,4.00e-01,9.20e+00,
12706,4.00e-01,9.00e+00,
12707,4.08e-01,9.20e+00,
12708,4.00e-01,9.00e+00,
12709,4.00e-01,9.20e+00,
12710,4.00e-01,9.00e+00,
12711,4.08e-01,9.20e+00,
12712,4.00e-01,9.00e+00,
12713,4.00e-01,9.20e+00,
12714,4.00e-01,9.20e+00,
12715,4.00e-01,9.20e+00,
12716,4.00e-01,9.00e+00,
12717,4.00e-01,9.20e+00,
12718,4.00e-01,9.20e+00,
12719,4.08e-01,9.20e+00,
12720,4.00e-01,9.20e+00,
12721,4.00e-01,9.20e+00,
12722,4.00e-01,9.00e+00,
12723,4.08e-01,9.20e+00,
12724,4.00e-01,9.20e+00,
12725,4.00e-01,9.20e+00,
12726,4.00e-01,9.20e+00,
12727,4.00e-01,9.20e+00,
12728,4.00e-01,9.20e+00,
12729,4.00e-01,9.20e+00,
12730,4.00e-01,9.00e+00,
12731,4.08e-01,9.20e+00,
12732,4.00e-01,9.20e+00,
12733,4.00e-01,9.20e+00,
12734,4.00e-01,9.20e+00,
12735,4.08e-01,9.20e+00,
12736,4.00e-01,9.20e+00,
12737,4.00e-01,9.20e+00,
12738,4.00e-01,9.00e+00,
12739,4.08e-01,9.20e+00,
12740,4.00e-01,9.00e+00,
12741,4.00e-01,9.20e+00,
12742,4.00e-01,9.20e+00,
12743,4.00e-01,9.20e+00,
12744,4.00e-01,9.00e+00,
12745,4.00e-01,9.00e+00,
12746,4.00e-01,9.20e+00,
12747,4.08e-01,9.20e+00,
12748,4.00e-01,9.20e+00,
12749,4.00e-01,9.20e+00,
12750,4.00e-01,9.20e+00,
12751,4.08e-01,9.20e+00,
12752,4.00e-01,9.20e+00,
12753,4.00e-01,9.20e+00,
12754,4.00e-01,9.20e+00,
12755,4.08e-01,9.00e+00,
12756,4.00e-01,9.00e+00,
12757,4.00e-01,9.20e+00,
12758,4.00e-01,9.00e+00,
12759,4.08e-01,9.20e+00,
12760,4.00e-01,9.20e+00,
12761,4.00e-01,9.20e+00,
12762,4.08e-01,9.20e+00,
12763,4.00e-01,9.20e+00,
12764,4.00e-01,9.00e+00,
12765,4.08e-01,9.20e+00,
12766,4.00e-01,9.00e+00,
12767,4.08e-01,9.20e+00,
12768,4.00e-01,9.20e+00,
12769,4.00e-01,9.20e+00,
12770,4.00e-01,9.20e+00,
12771,4.08e-01,9.20e+00,
12772,4.00e-01,9.20e+00,
12773,4.00e-01,9.20e+00,
12774,4.00e-01,9.20e+00,
12775,4.08e-01,9.20e+00,
12776,4.00e-01,9.20e+00,
12777,4.00e-01,9.20e+00,
12778,4.00e-01,9.00e+00,
12779,4.08e-01,9.20e+00,
12780,4.00e-01,9.00e+00,
12781,4.00e-01,9.20e+00,
12782,4.00e-01,9.20e+00,
12783,4.08e-01,9.20e+00,
12784,4.00e-01,9.20e+00,
12785,4.00e-01,9.20e+00,
12786,4.00e-01,9.20e+00,
12787,4.08e-01,9.20e+00,
12788,4.00e-01,9.20e+00,
12789,4.00e-01,9.20e+00,
12790,4.00e-01,9.00e+00,
12791,4.08e-01,9.00e+00,
12792,4.00e-01,9.20e+00,
12793,4.00e-01,9.20e+00,
12794,4.00e-01,9.20e+00,
12795,4.08e-01,9.00e+00,
12796,4.00e-01,9.20e+00,
12797,4.00e-01,9.20e+00,
12798,4.00e-01,9.00e+00,
12799,4.08e-01,9.20e+00,
12800,4.00e-01,9.20e+00,
12801,4.00e-01,9.20e+00,
12802,4.00e-01,9.00e+00,
12803,4.08e-01,9.20e+00,
12804,4.00e-01,9.20e+00,
12805,4.00e-01,9.20e+00,
12806,4.00e-01,9.20e+00,
12807,4.08e-01,9.20e+00,
12808,4.00e-01,9.20e+00,
12809,4.00e-01,9.20e+00,
12810,4.00e-01,9.20e+00,
12811,4.08e-01,9.20e+00,
12812,4.00e-01,9.00e+00,
12813,4.00e-01,9.20e+00,
12814,4.00e-01,9.20e+00,
12815,4.08e-01,9.20e+00,
12816,4.00e-01,9.20e+00,
12817,4.00e-01,9.20e+00,
12818,4.00e-01,9.20e+00,
12819,4.08e-01,9.20e+00,
12820,4.00e-01,9.20e+00,
12821,4.00e-01,9.20e+00,
12822,4.00e-01,9.20e+00,
12823,4.08e-01,9.20e+00,
12824,4.00e-01,9.20e+00,
12825,4.00e-01,9.00e+00,
12826,4.00e-01,9.20e+00,
12827,4.08e-01,9.00e+00,
12828,4.00e-01,9.20e+00,
12829,4.00e-01,9.20e+00,
12830,4.00e-01,9.20e+00,
12831,4.08e-01,9.20e+00,
12832,4.00e-01,9.20e+00,
12833,4.00e-01,9.00e+00,
12834,4.00e-01,9.20e+00,
12835,4.08e-01,9.20e+00,
12836,4.00e-01,9.20e+00,
12837,4.00e-01,9.20e+00,
12838,4.00e-01,9.20e+00,
12839,4.08e-01,9.20e+00,
12840,4.00e-01,9.20e+00,
12841,4.00e-01,9.20e+00,
12842,4.00e-01,9.20e+00,
12843,4.08e-01,9.20e+00,
12844,4.00e-01,9.00e+00,
12845,4.00e-01,9.20e+00,
12846,4.00e-01,9.20e+00,
12847,4.08e-01,9.20e+00,
12848,4.00e-01,9.20e+00,
12849,4.00e-01,9.20e+00,
12850,4.00e-01,9.20e+00,
12851,4.08e-01,9.20e+00,
12852,4.00e-01,9.00e+00,
12853,4.00e-01,9.20e+00,
12854,4.00e-01,9.00e+00,
12855,4.00e-01,9.20e+00,
12856,4.00e-01,9.00e+00,
12857,4.00e-01,9.20e+00,
12858,4.00e-01,9.20e+00,
12859,4.00e-01,9.20e+00,
12860,4.00e-01,9.00e+00,
12861,4.00e-01,9.20e+00,
12862,4.00e-01,9.00e+00,
12863,4.08e-01,9.20e+00,
12864,4.00e-01,9.20e+00,
12865,4.00e-01,9.20e+00,
12866,4.00e-01,9.00e+00,
12867,4.00e-01,9.00e+00,
12868,4.00e-01,9.00e+00,
12869,4.00e-01,9.20e+00,
12870,4.00e-01,9.20e+00,
12871,4.00e-01,9.20e+00,
12872,4.00e-01,9.20e+00,
12873,4.00e-01,9.20e+00,
12874,4.00e-01,9.20e+00,
12875,4.08e-01,9.20e+00,
12876,4.00e-01,9.00e+00,
12877,4.00e-01,9.20e+00,
12878,4.00e-01,9.20e+00,
12879,4.00e-01,9.20e+00,
12880,4.00e-01,9.00e+00,
12881,4.00e-01,9.20e+00,
12882,4.00e-01,9.00e+00,
12883,4.00e-01,9.20e+00,
12884,4.00e-01,9.00e+00,
12885,4.00e-01,9.20e+00,
12886,4.00e-01,9.20e+00,
12887,4.00e-01,9.20e+00,
12888,4.00e-01,9.00e+00,
12889,4.00e-01,9.20e+00,
12890,4.00e-01,9.00e+00,
12891,4.00e-01,9.20e+00,
12892,4.00e-01,9.00e+00,
12893,4.00e-01,9.20e+00,
12894,4.00e-01,9.00e+00,
12895,4.00e-01,9.20e+00,
12896,4.00e-01,9.20e+00,
12897,4.00e-01,9.20e+00,
12898,4.00e-01,9.20e+00,
12899,4.00e-01,9.20e+00,
12900,3.92e-01,9.20e+00,
12901,4.00e-01,9.20e+00,
12902,4.00e-01,9.00e+00,
12903,4.00e-01,9.20e+00,
12904,4.00e-01,9.20e+00,
12905,4.00e-01,9.20e+00,
12906,4.00e-01,9.20e+00,
12907,4.00e-01,9.20e+00,
12908,4.00e-01,9.20e+00,
12909,4.00e-01,9.20e+00,
12910,4.00e-01,9.20e+00,
12911,4.00e-01,9.20e+00,
12912,4.00e-01,9.20e+00,
12913,4.00e-01,9.00e+00,
12914,4.00e-01,9.20e+00,
12915,4.00e-01,9.20e+00,
12916,3.92e-01,9.00e+00,
12917,4.00e-01,9.20e+00,
12918,4.00e-01,9.20e+00,
12919,4.00e-01,9.20e+00,
12920,3.92e-01,9.20e+00,
12921,4.00e-01,9.20e+00,
12922,4.00e-01,9.20e+00,
12923,4.00e-01,9.20e+00,
12924,4.00e-01,9.20e+00,
12925,4.00e-01,9.20e+00,
12926,4.00e-01,9.20e+00,
12927,4.00e-01,9.20e+00,
12928,3.92e-01,9.00e+00,
12929,4.00e-01,9.20e+00,
12930,4.00e-01,9.20e+00,
12931,4.00e-01,9.20e+00,
12932,3.92e-01,9.20e+00,
12933,4.00e-01,9.20e+00,
12934,4.00e-01,9.00e+00,
12935,4.00e-01,9.20e+00,
12936,3.92e-01,9.20e+00,
12937,4.00e-01,9.20e+00,
12938,4.00e-01,9.20e+00,
12939,4.00e-01,9.20e+00,
12940,3.92e-01,9.20e+00,
12941,4.00e-01,9.20e+00,
12942,4.00e-01,9.20e+00,
12943,4.00e-01,9.20e+00,
12944,3.92e-01,9.20e+00,
12945,4.00e-01,9.20e+00,
12946,4.00e-01,9.20e+00,
12947,4.00e-01,9.20e+00,
12948,4.00e-01,9.20e+00,
12949,4.00e-01,9.20e+00,
12950,3.92e-01,9.20e+00,
12951,4.00e-01,9.20e+00,
12952,3.92e-01,9.20e+00,
12953,4.00e-01,9.00e+00,
12954,4.00e-01,9.20e+00,
12955,4.00e-01,9.20e+00,
12956,3.92e-01,9.20e+00,
12957,4.00e-01,9.20e+00,
12958,4.00e-01,9.00e+00,
12959,4.00e-01,9.20e+00,
12960,4.00e-01,9.20e+00,
12961,3.92e-01,9.20e+00,
12962,4.00e-01,9.20e+00,
12963,4.00e-01,9.20e+00,
12964,3.92e-01,9.20e+00,
12965,4.00e-01,9.20e+00,
12966,3.92e-01,9.20e+00,
12967,4.00e-01,9.20e+00,
12968,3.92e-01,9.20e+00,
12969,4.00e-01,9.20e+00,
12970,4.00e-01,9.20e+00,
12971,4.00e-01,9.20e+00,
12972,3.92e-01,9.00e+00,
12973,4.00e-01,9.20e+00,
12974,4.00e-01,9.20e+00,
12975,4.00e-01,9.20e+00,
12976,3.92e-01,9.20e+00,
12977,4.00e-01,9.20e+00,
12978,4.00e-01,9.00e+00,
12979,4.00e-01,9.20e+00,
12980,3.92e-01,9.20e+00,
12981,4.00e-01,9.20e+00,
12982,3.92e-01,9.20e+00,
12983,4.00e-01,9.20e+00,
12984,3.92e-01,9.20e+00,
12985,4.00e-01,9.20e+00,
12986,4.00e-01,9.20e+00,
12987,4.00e-01,9.20e+00,
12988,3.92e-01,9.00e+00,
12989,4.00e-01,9.20e+00,
12990,3.92e-01,9.00e+00,
12991,4.00e-01,9.20e+00,
12992,3.92e-01,9.20e+00,
12993,4.00e-01,9.00e+00,
12994,4.00e-01,9.20e+00,
12995,4.00e-01,9.20e+00,
12996,3.92e-01,9.20e+00,
12997,4.00e-01,9.20e+00,
12998,3.92e-01,9.20e+00,
12999,4.00e-01,9.20e+00,
13000,3.92e-01,9.20e+00,
13001,4.00e-01,9.00e+00,
13002,4.00e-01,9.20e+00,
13003,4.00e-01,9.20e+00,
13004,3.92e-01,9.20e+00,
13005,3.92e-01,9.20e+00,
13006,3.92e-01,9.20e+00,
13007,4.00e-01,9.20e+00,
13008,3.92e-01,9.00e+00,
13009,4.00e-01,9.20e+00,
13010,3.92e-01,9.00e+00,
13011,4.00e-01,9.20e+00,
13012,3.92e-01,9.20e+00,
13013,4.00e-01,9.20e+00,
13014,3.92e-01,9.20e+00,
13015,4.00e-01,9.20e+00,
13016,3.92e-01,9.00e+00,
13017,4.00e-01,9.20e+00,
13018,3.92e-01,9.00e+00,
13019,4.00e-01,9.20e+00,
13020,3.92e-01,9.20e+00,
13021,3.92e-01,9.20e+00,
13022,3.92e-01,9.20e+00,
13023,4.00e-01,9.20e+00,
13024,3.92e-01,9.20e+00,
13025,4.00e-01,9.20e+00,
13026,4.00e-01,9.00e+00,
13027,4.00e-01,9.20e+00,
13028,3.92e-01,9.20e+00,
13029,3.92e-01,9.20e+00,
13030,3.92e-01,9.00e+00,
13031,4.00e-01,9.20e+00,
13032,3.92e-01,9.20e+00,
13033,3.92e-01,9.00e+00,
13034,4.00e-01,9.00e+00,
13035,4.00e-01,9.00e+00,
13036,3.92e-01,9.00e+00,
13037,3.92e-01,9.20e+00,
13038,3.92e-01,9.20e+00,
13039,4.00e-01,9.20e+00,
13040,3.92e-01,9.20e+00,
13041,3.92e-01,9.20e+00,
13042,3.92e-01,9.00e+00,
13043,4.00e-01,9.20e+00,
13044,3.92e-01,9.00e+00,
13045,3.92e-01,9.20e+00,
13046,3.92e-01,9.20e+00,
13047,4.00e-01,9.20e+00,
13048,3.92e-01,9.20e+00,
13049,3.92e-01,9.20e+00,
13050,3.92e-01,9.00e+00,
13051,4.00e-01,9.20e+00,
13052,3.92e-01,9.20e+00,
13053,3.92e-01,9.20e+00,
13054,3.92e-01,9.20e+00,
13055,4.00e-01,9.20e+00,
13056,3.92e-01,9.20e+00,
13057,3.92e-01,9.20e+00,
13058,3.92e-01,9.20e+00,
13059,4.00e-01,9.20e+00,
13060,3.92e-01,9.20e+00,
13061,3.92e-01,9.20e+00,
13062,3.92e-01,9.00e+00,
13063,4.00e-01,9.00e+00,
13064,3.92e-01,9.20e+00,
13065,3.92e-01,9.20e+00,
13066,3.92e-01,9.20e+00,
13067,4.00e-01,9.00e+00,
13068,3.92e-01,9.00e+00,
13069,3.92e-01,9.20e+00,
13070,3.92e-01,9.00e+00,
13071,4.00e-01,9.20e+00,
13072,3.92e-01,9.00e+00,
13073,3.92e-01,9.20e+00,
13074,3.92e-01,9.00e+00,
13075,4.00e-01,9.20e+00,
13076,3.92e-01,9.20e+00,
13077,3.92e-01,9.20e+00,
13078,3.92e-01,9.20e+00,
13079,4.00e-01,9.20e+00,
13080,3.92e-01,9.20e+00,
13081,3.92e-01,9.20e+00,
13082,3.92e-01,9.00e+00,
13083,4.00e-01,9.20e+00,
13084,3.92e-01,9.00e+00,
13085,3.92e-01,9.20e+00,
13086,3.92e-01,9.20e+00,
13087,4.00e-01,9.20e+00,
13088,3.92e-01,9.20e+00,
13089,3.92e-01,9.20e+00,
13090,3.92e-01,9.00e+00,
13091,4.00e-01,9.20e+00,
13092,3.92e-01,9.20e+00,
13093,3.92e-01,9.20e+00,
13094,3.92e-01,9.20e+00,
13095,4.00e-01,9.20e+00,
13096,3.92e-01,9.20e+00,
13097,3.92e-01,9.00e+00,
13098,4.00e-01,9.20e+00,
13099,4.00e-01,9.20e+00,
13100,3.92e-01,9.00e+00,
13101,3.92e-01,9.20e+00,
13102,3.92e-01,9.00e+00,
13103,4.00e-01,9.20e+00,
13104,3.92e-01,9.20e+00,
13105,3.92e-01,9.20e+00,
13106,3.92e-01,9.20e+00,
13107,4.00e-01,9.20e+00,
13108,3.92e-01,9.00e+00,
13109,3.92e-01,9.20e+00,
13110,3.92e-01,9.00e+00,
13111,4.00e-01,9.20e+00,
13112,3.92e-01,9.20e+00,
13113,3.92e-01,9.20e+00,
13114,3.92e-01,9.00e+00,
13115,4.00e-01,9.20e+00,
13116,3.92e-01,9.20e+00,
13117,3.92e-01,9.20e+00,
13118,3.92e-01,9.20e+00,
13119,4.00e-01,9.20e+00,
13120,3.92e-01,9.20e+00,
13121,3.92e-01,9.00e+00,
13122,3.92e-01,9.00e+00,
13123,4.00e-01,9.00e+00,
13124,3.92e-01,9.00e+00,
13125,3.92e-01,9.20e+00,
13126,3.92e-01,9.20e+00,
13127,4.00e-01,9.20e+00,
13128,3.92e-01,9.20e+00,
13129,3.92e-01,9.20e+00,
13130,3.92e-01,9.00e+00,
13131,4.00e-01,9.20e+00,
13132,3.92e-01,9.00e+00,
13133,3.92e-01,9.20e+00,
13134,3.92e-01,9.20e+00,
13135,4.00e-01,9.20e+00,
13136,3.92e-01,9.00e+00,
13137,3.92e-01,9.20e+00,
13138,3.92e-01,9.20e+00,
13139,4.00e-01,9.20e+00,
13140,3.92e-01,9.00e+00,
13141,3.92e-01,9.20e+00,
13142,3.92e-01,9.20e+00,
13143,4.00e-01,9.20e+00,
13144,3.92e-01,9.20e+00,
13145,3.92e-01,9.20e+00,
13146,3.92e-01,9.00e+00,
13147,4.00e-01,9.20e+00,
13148,3.92e-01,9.20e+00,
13149,3.92e-01,9.20e+00,
13150,3.92e-01,9.00e+00,
13151,4.00e-01,9.20e+00,
13152,3.92e-01,9.20e+00,
13153,3.92e-01,9.20e+00,
13154,4.00e-01,9.20e+00,
13155,4.00e-01,9.20e+00,
13156,3.92e-01,9.00e+00,
13157,3.92e-01,9.20e+00,
13158,3.92e-01,9.20e+00,
13159,4.00e-01,9.20e+00,
13160,3.92e-01,9.20e+00,
13161,3.92e-01,9.20e+00,
13162,4.00e-01,9.20e+00,
13163,3.92e-01,9.20e+00,
13164,3.92e-01,9.00e+00,
13165,4.00e-01,9.20e+00,
13166,3.92e-01,9.00e+00,
13167,4.00e-01,9.20e+00,
13168,3.92e-01,9.20e+00,
13169,3.92e-01,9.20e+00,
13170,3.92e-01,9.00e+00,
13171,4.00e-01,9.20e+00,
13172,3.92e-01,9.20e+00,
13173,3.92e-01,9.20e+00,
13174,3.92e-01,9.20e+00,
13175,4.00e-01,9.20e+00,
13176,3.92e-01,9.20e+00,
13177,4.00e-01,9.20e+00,
13178,3.92e-01,9.00e+00,
13179,4.00e-01,9.20e+00,
13180,3.92e-01,9.00e+00,
13181,4.00e-01,9.20e+00,
13182,3.92e-01,9.20e+00,
13183,4.00e-01,9.20e+00,
13184,3.92e-01,9.00e+00,
13185,3.92e-01,9.20e+00,
13186,3.92e-01,9.20e+00,
13187,4.00e-01,9.20e+00,
13188,3.92e-01,9.00e+00,
13189,3.92e-01,9.20e+00,
13190,3.92e-01,9.20e+00,
13191,4.00e-01,9.20e+00,
13192,3.92e-01,9.20e+00,
13193,4.00e-01,9.20e+00,
13194,3.92e-01,9.20e+00,
13195,4.00e-01,9.20e+00,
13196,3.92e-01,9.00e+00,
13197,3.92e-01,9.20e+00,
13198,3.92e-01,9.20e+00,
13199,4.00e-01,9.20e+00,
13200,3.92e-01,9.20e+00,
13201,4.00e-01,9.20e+00,
13202,4.00e-01,9.20e+00,
13203,4.00e-01,9.20e+00,
13204,3.92e-01,9.20e+00,
13205,3.92e-01,9.20e+00,
13206,3.92e-01,9.20e+00,
13207,4.00e-01,9.20e+00,
13208,3.92e-01,9.20e+00,
13209,4.00e-01,9.20e+00,
13210,3.92e-01,9.00e+00,
13211,4.00e-01,9.20e+00,
13212,3.92e-01,9.20e+00,
13213,3.92e-01,9.20e+00,
13214,3.92e-01,9.20e+00,
13215,4.00e-01,9.00e+00,
13216,3.92e-01,9.20e+00,
13217,3.92e-01,9.20e+00,
13218,3.92e-01,9.20e+00,
13219,4.00e-01,9.20e+00,
13220,3.92e-01,9.00e+00,
13221,4.00e-01,9.20e+00,
13222,3.92e-01,9.00e+00,
13223,4.00e-01,9.20e+00,
13224,3.92e-01,9.00e+00,
13225,3.92e-01,9.20e+00,
13226,3.92e-01,9.00e+00,
13227,4.00e-01,9.20e+00,
13228,3.92e-01,9.20e+00,
13229,3.92e-01,9.20e+00,
13230,3.92e-01,9.20e+00,
13231,4.00e-01,9.20e+00,
13232,3.92e-01,9.20e+00,
13233,3.92e-01,9.20e+00,
13234,3.92e-01,9.00e+00,
13235,4.00e-01,9.20e+00,
13236,3.92e-01,9.00e+00,
13237,3.92e-01,9.20e+00,
13238,3.92e-01,9.20e+00,
13239,4.00e-01,9.20e+00,
13240,3.92e-01,9.00e+00,
13241,4.00e-01,9.00e+00,
13242,3.92e-01,9.00e+00,
13243,4.00e-01,9.20e+00,
13244,3.92e-01,9.20e+00,
13245,3.92e-01,9.00e+00,
13246,3.92e-01,9.20e+00,
13247,4.00e-01,9.20e+00,
13248,3.92e-01,9.20e+00,
13249,3.92e-01,9.20e+00,
13250,3.92e-01,9.00e+00,
13251,4.00e-01,9.20e+00,
13252,3.92e-01,9.20e+00,
13253,3.92e-01,9.00e+00,
13254,3.92e-01,9.20e+00,
13255,4.00e-01,9.20e+00,
13256,3.92e-01,9.00e+00,
13257,3.92e-01,9.20e+00,
13258,3.92e-01,9.20e+00,
13259,4.00e-01,9.00e+00,
13260,3.92e-01,9.00e+00,
13261,3.92e-01,9.20e+00,
13262,3.92e-01,9.20e+00,
13263,4.00e-01,9.20e+00,
13264,3.92e-01,9.20e+00,
13265,3.92e-01,9.20e+00,
13266,3.92e-01,9.20e+00,
13267,3.92e-01,9.20e+00,
13268,3.92e-01,9.20e+00,
13269,3.92e-01,9.20e+00,
13270,3.92e-01,9.20e+00,
13271,4.00e-01,9.00e+00,
13272,3.92e-01,9.20e+00,
13273,3.92e-01,9.20e+00,
13274,3.92e-01,9.00e+00,
13275,3.92e-01,9.20e+00,
13276,3.92e-01,9.00e+00,
13277,3.92e-01,9.20e+00,
13278,3.92e-01,9.00e+00,
13279,4.00e-01,9.20e+00,
13280,3.92e-01,9.20e+00,
13281,3.92e-01,9.20e+00,
13282,3.92e-01,9.00e+00,
13283,4.00e-01,9.20e+00,
13284,3.92e-01,9.00e+00,
13285,3.92e-01,9.20e+00,
13286,3.92e-01,9.20e+00,
13287,4.00e-01,9.20e+00,
13288,3.92e-01,9.00e+00,
13289,3.92e-01,9.20e+00,
13290,3.92e-01,9.20e+00,
13291,3.92e-01,9.20e+00,
13292,3.92e-01,9.00e+00,
13293,3.92e-01,9.20e+00,
13294,3.92e-01,9.20e+00,
13295,3.92e-01,9.20e+00,
13296,3.92e-01,9.00e+00,
13297,3.92e-01,9.20e+00,
13298,3.92e-01,9.20e+00,
13299,3.92e-01,9.00e+00,
13300,3.92e-01,9.00e+00,
13301,3.92e-01,9.20e+00,
13302,3.92e-01,9.20e+00,
13303,3.92e-01,9.20e+00,
13304,3.92e-01,9.20e+00,
13305,3.92e-01,9.20e+00,
13306,3.92e-01,9.00e+00,
13307,3.92e-01,9.20e+00,
13308,3.92e-01,9.20e+00,
13309,3.92e-01,9.20e+00,
13310,3.92e-01,9.00e+00,
13311,3.92e-01,9.00e+00,
13312,3.92e-01,9.20e+00,
13313,3.92e-01,9.00e+00,
13314,3.92e-01,9.20e+00,
13315,3.92e-01,9.20e+00,
13316,3.92e-01,9.00e+00,
13317,3.92e-01,9.20e+00,
13318,3.92e-01,9.20e+00,
13319,3.92e-01,9.20e+00,
13320,3.84e-01,9.00e+00,
13321,3.92e-01,9.20e+00,
13322,3.92e-01,9.20e+00,
13323,3.92e-01,9.20e+00,
13324,3.92e-01,9.20e+00,
13325,3.92e-01,9.20e+00,
13326,3.92e-01,9.20e+00,
13327,3.92e-01,9.20e+00,
13328,3.84e-01,9.00e+00,
13329,3.92e-01,9.00e+00,
13330,3.92e-01,9.20e+00,
13331,3.92e-01,9.20e+00,
13332,3.92e-01,9.00e+00,
13333,3.92e-01,9.20e+00,
13334,3.92e-01,9.00e+00,
13335,3.92e-01,9.20e+00,
13336,3.92e-01,9.20e+00,
13337,3.92e-01,9.20e+00,
13338,3.92e-01,9.20e+00,
13339,3.92e-01,9.20e+00,
13340,3.84e-01,9.00e+00,
13341,3.92e-01,9.20e+00,
13342,3.84e-01,9.00e+00,
13343,3.92e-01,9.20e+00,
13344,3.84e-01,9.20e+00,
13345,3.92e-01,9.20e+00,
13346,3.92e-01,9.20e+00,
13347,3.92e-01,9.20e+00,
13348,3.84e-01,9.20e+00,
13349,3.84e-01,9.20e+00,
13350,3.92e-01,9.20e+00,
13351,3.92e-01,9.20e+00,
13352,3.84e-01,9.20e+00,
13353,3.84e-01,9.20e+00,
13354,3.92e-01,9.20e+00,
13355,3.92e-01,9.20e+00,
13356,3.84e-01,9.00e+00,
13357,3.92e-01,9.20e+00,
13358,3.84e-01,9.00e+00,
13359,3.92e-01,9.20e+00,
13360,3.84e-01,9.00e+00,
13361,3.84e-01,9.00e+00,
13362,3.92e-01,9.20e+00,
13363,3.84e-01,9.20e+00,
13364,3.84e-01,9.20e+00,
13365,3.92e-01,9.20e+00,
13366,3.84e-01,9.00e+00,
13367,3.92e-01,9.00e+00,
13368,3.84e-01,9.20e+00,
13369,3.84e-01,9.20e+00,
13370,3.84e-01,9.00e+00,
13371,3.92e-01,9.20e+00,
13372,3.84e-01,9.20e+00,
13373,3.84e-01,9.20e+00,
13374,3.84e-01,9.00e+00,
13375,3.92e-01,9.20e+00,
13376,3.84e-01,9.20e+00,
13377,3.84e-01,9.00e+00,
13378,3.84e-01,9.00e+00,
13379,3.92e-01,9.20e+00,
13380,3.84e-01,9.00e+00,
13381,3.84e-01,9.20e+00,
13382,3.84e-01,9.00e+00,
13383,3.84e-01,9.20e+00,
13384,3.84e-01,9.20e+00,
13385,3.84e-01,9.20e+00,
13386,3.84e-01,9.00e+00,
13387,3.84e-01,9.20e+00,
13388,3.76e-01,9.00e+00,
13389,3.84e-01,9.20e+00,
13390,3.84e-01,9.00e+00,
13391,3.84e-01,9.20e+00,
13392,3.76e-01,9.20e+00,
13393,3.84e-01,9.20e+00,
13394,3.84e-01,9.00e+00,
13395,3.84e-01,9.20e+00,
13396,3.84e-01,9.00e+00,
13397,3.84e-01,9.20e+00,
13398,3.84e-01,9.20e+00,
13399,3.84e-01,9.20e+00,
13400,3.76e-01,9.20e+00,
13401,3.84e-01,9.20e+00,
13402,3.84e-01,9.00e+00,
13403,3.84e-01,9.20e+00,
13404,3.76e-01,9.00e+00,
13405,3.84e-01,9.20e+00,
13406,3.84e-01,9.00e+00,
13407,3.84e-01,9.20e+00,
13408,3.76e-01,9.20e+00,
13409,3.84e-01,9.20e+00,
13410,3.84e-01,9.00e+00,
13411,3.84e-01,9.20e+00,
13412,3.76e-01,9.00e+00,
13413,3.76e-01,9.20e+00,
13414,3.76e-01,9.20e+00,
13415,3.84e-01,9.20e+00,
13416,3.76e-01,9.00e+00,
13417,3.76e-01,9.00e+00,
13418,3.76e-01,9.00e+00,
13419,3.84e-01,9.20e+00,
13420,3.76e-01,9.00e+00,
13421,3.76e-01,9.20e+00,
13422,3.76e-01,9.20e+00,
13423,3.84e-01,9.20e+00,
13424,3.76e-01,9.00e+00,
13425,3.76e-01,9.00e+00,
13426,3.76e-01,9.00e+00,
13427,3.84e-01,9.00e+00,
13428,3.76e-01,9.00e+00,
13429,3.76e-01,9.20e+00,
13430,3.76e-01,9.00e+00,
13431,3.76e-01,9.00e+00,
13432,3.76e-01,9.00e+00,
13433,3.76e-01,9.00e+00,
13434,3.76e-01,9.20e+00,
13435,3.76e-01,9.20e+00,
13436,3.76e-01,9.00e+00,
13437,3.76e-01,9.20e+00,
13438,3.76e-01,9.00e+00,
13439,3.76e-01,9.20e+00,
13440,3.76e-01,9.20e+00,
13441,3.76e-01,9.00e+00,
13442,3.76e-01,9.00e+00,
13443,3.76e-01,9.20e+00,
13444,3.68e-01,9.20e+00,
13445,3.76e-01,9.00e+00,
13446,3.76e-01,9.00e+00,
13447,3.76e-01,9.20e+00,
13448,3.68e-01,9.20e+00,
13449,3.76e-01,9.20e+00,
13450,3.76e-01,9.00e+00,
13451,3.76e-01,9.00e+00,
13452,3.68e-01,9.00e+00,
13453,3.76e-01,9.20e+00,
13454,3.68e-01,9.00e+00,
13455,3.76e-01,9.20e+00,
13456,3.68e-01,9.20e+00,
13457,3.68e-01,9.00e+00,
13458,3.68e-01,9.00e+00,
13459,3.76e-01,9.20e+00,
13460,3.68e-01,9.00e+00,
13461,3.68e-01,9.20e+00,
13462,3.68e-01,9.20e+00,
13463,3.76e-01,9.20e+00,
13464,3.68e-01,9.00e+00,
13465,3.68e-01,9.00e+00,
13466,3.68e-01,9.20e+00,
13467,3.68e-01,9.00e+00,
13468,3.68e-01,9.00e+00,
13469,3.68e-01,9.20e+00,
13470,3.68e-01,9.20e+00,
13471,3.68e-01,9.20e+00,
13472,3.68e-01,9.20e+00,
13473,3.68e-01,9.00e+00,
13474,3.68e-01,9.00e+00,
13475,3.68e-01,9.20e+00,
13476,3.68e-01,9.20e+00,
13477,3.68e-01,9.20e+00,
13478,3.68e-01,9.00e+00,
13479,3.68e-01,9.00e+00,
13480,3.60e-01,9.00e+00,
13481,3.68e-01,9.20e+00,
13482,3.68e-01,9.00e+00,
13483,3.68e-01,9.20e+00,
13484,3.60e-01,9.20e+00,
13485,3.68e-01,9.20e+00,
13486,3.68e-01,9.00e+00,
13487,3.68e-01,9.20e+00,
13488,3.60e-01,9.00e+00,
13489,3.68e-01,9.20e+00,
13490,3.68e-01,9.20e+00,
13491,3.68e-01,9.20e+00,
13492,3.60e-01,9.00e+00,
13493,3.60e-01,9.20e+00,
13494,3.60e-01,9.00e+00,
13495,3.68e-01,9.20e+00,
13496,3.60e-01,9.20e+00,
13497,3.60e-01,9.00e+00,
13498,3.60e-01,9.00e+00,
13499,3.68e-01,9.20e+00,
13500,3.60e-01,9.00e+00,
13501,3.60e-01,9.20e+00,
13502,3.60e-01,9.00e+00,
13503,3.60e-01,9.00e+00,
13504,3.60e-01,9.20e+00,
13505,3.60e-01,9.00e+00,
13506,3.60e-01,9.20e+00,
13507,3.60e-01,9.20e+00,
13508,3.60e-01,9.00e+00,
13509,3.60e-01,9.20e+00,
13510,3.60e-01,9.00e+00,
13511,3.60e-01,9.00e+00,
13512,3.60e-01,9.20e+00,
13513,3.60e-01,9.00e+00,
13514,3.60e-01,9.00e+00,
13515,3.60e-01,9.20e+00,
13516,3.60e-01,9.00e+00,
13517,3.60e-01,9.20e+00,
13518,3.60e-01,9.20e+00,
13519,3.60e-01,9.20e+00,
13520,3.52e-01,9.00e+00,
13521,3.60e-01,9.20e+00,
13522,3.60e-01,9.00e+00,
13523,3.60e-01,9.00e+00,
13524,3.52e-01,9.00e+00,
13525,3.60e-01,9.00e+00,
13526,3.60e-01,9.20e+00,
13527,3.60e-01,9.00e+00,
13528,3.52e-01,9.20e+00,
13529,3.52e-01,9.20e+00,
13530,3.52e-01,9.00e+00,
13531,3.60e-01,9.20e+00,
13532,3.52e-01,9.20e+00,
13533,3.52e-01,9.20e+00,
13534,3.52e-01,9.00e+00,
13535,3.60e-01,9.20e+00,
13536,3.52e-01,9.00e+00,
13537,3.52e-01,9.00e+00,
13538,3.52e-01,9.00e+00,
13539,3.60e-01,9.20e+00,
13540,3.52e-01,9.00e+00,
13541,3.52e-01,9.20e+00,
13542,3.52e-01,9.00e+00,
13543,3.52e-01,9.20e+00,
13544,3.52e-01,9.00e+00,
13545,3.52e-01,9.00e+00,
13546,3.52e-01,9.00e+00,
13547,3.52e-01,9.20e+00,
13548,3.52e-01,9.20e+00,
13549,3.52e-01,9.20e+00,
13550,3.52e-01,9.00e+00,
13551,3.52e-01,9.00e+00,
13552,3.52e-01,9.00e+00,
13553,3.52e-01,9.20e+00,
13554,3.52e-01,9.00e+00,
13555,3.52e-01,9.20e+00,
13556,3.44e-01,9.00e+00,
13557,3.52e-01,9.00e+00,
13558,3.44e-01,9.00e+00,
13559,3.52e-01,9.20e+00,
13560,3.44e-01,9.00e+00,
13561,3.44e-01,9.00e+00,
13562,3.52e-01,9.20e+00,
13563,3.52e-01,9.00e+00,
13564,3.44e-01,9.00e+00,
13565,3.52e-01,9.20e+00,
13566,3.44e-01,9.00e+00,
13567,3.52e-01,9.20e+00,
13568,3.44e-01,9.20e+00,
13569,3.44e-01,9.00e+00,
13570,3.44e-01,9.20e+00,
13571,3.52e-01,9.20e+00,
13572,3.44e-01,9.20e+00,
13573,3.44e-01,9.00e+00,
13574,3.44e-01,9.00e+00,
13575,3.52e-01,9.20e+00,
13576,3.44e-01,9.00e+00,
13577,3.44e-01,9.00e+00,
13578,3.44e-01,9.00e+00,
13579,3.52e-01,9.20e+00,
13580,3.44e-01,9.00e+00,
13581,3.44e-01,9.20e+00,
13582,3.44e-01,9.00e+00,
13583,3.44e-01,9.00e+00,
13584,3.44e-01,9.20e+00,
13585,3.44e-01,9.00e+00,
13586,3.44e-01,9.20e+00,
13587,3.44e-01,9.20e+00,
13588,3.44e-01,9.00e+00,
13589,3.44e-01,9.20e+00,
13590,3.44e-01,9.00e+00,
13591,3.44e-01,9.00e+00,
13592,3.44e-01,9.00e+00,
13593,3.44e-01,9.00e+00,
13594,3.44e-01,9.20e+00,
13595,3.44e-01,9.20e+00,
13596,3.36e-01,9.00e+00,
13597,3.36e-01,9.00e+00,
13598,3.44e-01,9.20e+00,
13599,3.44e-01,9.20e+00,
13600,3.36e-01,9.00e+00,
13601,3.44e-01,9.20e+00,
13602,3.36e-01,9.00e+00,
13603,3.44e-01,9.20e+00,
13604,3.36e-01,9.00e+00,
13605,3.36e-01,9.00e+00,
13606,3.36e-01,9.00e+00,
13607,3.44e-01,9.20e+00,
13608,3.36e-01,9.20e+00,
13609,3.36e-01,9.20e+00,
13610,3.36e-01,9.00e+00,
13611,3.44e-01,9.20e+00,
13612,3.36e-01,9.00e+00,
13613,3.36e-01,9.00e+00,
13614,3.36e-01,9.20e+00,
13615,3.44e-01,9.20e+00,
13616,3.36e-01,9.00e+00,
13617,3.36e-01,9.00e+00,
13618,3.36e-01,9.00e+00,
13619,3.36e-01,9.00e+00,
13620,3.36e-01,9.00e+00,
13621,3.36e-01,9.20e+00,
13622,3.36e-01,9.20e+00,
13623,3.36e-01,9.20e+00,
13624,3.36e-01,9.00e+00,
13625,3.36e-01,9.00e+00,
13626,3.36e-01,9.00e+00,
13627,3.36e-01,9.20e+00,
13628,3.36e-01,9.00e+00,
13629,3.36e-01,9.20e+00,
13630,3.36e-01,9.00e+00,
13631,3.36e-01,9.20e+00,
13632,3.36e-01,9.20e+00,
13633,3.36e-01,9.00e+00,
13634,3.36e-01,9.00e+00,
13635,3.36e-01,9.20e+00,
13636,3.36e-01,9.00e+00,
13637,3.36e-01,9.00e+00,
13638,3.36e-01,9.00e+00,
13639,3.36e-01,9.00e+00,
13640,3.28e-01,9.00e+00,
13641,3.36e-01,9.00e+00,
13642,3.36e-01,9.00e+00,
13643,3.36e-01,9.20e+00,
13644,3.28e-01,9.00e+00,
13645,3.36e-01,9.20e+00,
13646,3.28e-01,9.00e+00,
13647,3.36e-01,9.00e+00,
13648,3.28e-01,9.00e+00,
13649,3.36e-01,9.00e+00,
13650,3.28e-01,9.00e+00,
13651,3.36e-01,9.00e+00,
13652,3.28e-01,9.00e+00,
13653,3.28e-01,9.00e+00,
13654,3.28e-01,9.00e+00,
13655,3.36e-01,9.20e+00,
13656,3.28e-01,9.00e+00,
13657,3.28e-01,9.00e+00,
13658,3.28e-01,9.00e+00,
13659,3.36e-01,9.20e+00,
13660,3.28e-01,9.00e+00,
13661,3.28e-01,9.20e+00,
13662,3.28e-01,9.00e+00,
13663,3.36e-01,9.00e+00,
13664,3.28e-01,9.00e+00,
13665,3.28e-01,9.00e+00,
13666,3.28e-01,9.00e+00,
13667,3.28e-01,9.00e+00,
13668,3.28e-01,9.00e+00,
13669,3.28e-01,9.20e+00,
13670,3.28e-01,9.00e+00,
13671,3.28e-01,9.00e+00,
13672,3.28e-01,9.00e+00,
13673,3.28e-01,9.20e+00,
13674,3.28e-01,9.00e+00,
13675,3.28e-01,9.20e+00,
13676,3.28e-01,9.00e+00,
13677,3.28e-01,9.20e+00,
13678,3.28e-01,9.00e+00,
13679,3.28e-01,9.20e+00,
13680,3.20e-01,9.00e+00,
13681,3.28e-01,9.20e+00,
13682,3.28e-01,9.00e+00,
13683,3.28e-01,9.20e+00,
13684,3.20e-01,9.00e+00,
13685,3.28e-01,9.20e+00,
13686,3.28e-01,9.00e+00,
13687,3.28e-01,9.20e+00,
13688,3.20e-01,9.00e+00,
13689,3.28e-01,9.20e+00,
13690,3.20e-01,9.00e+00,
13691,3.28e-01,9.20e+00,
13692,3.20e-01,9.00e+00,
13693,3.20e-01,9.00e+00,
13694,3.28e-01,9.00e+00,
13695,3.28e-01,9.20e+00,
13696,3.20e-01,9.00e+00,
13697,3.28e-01,9.00e+00,
13698,3.28e-01,9.00e+00,
13699,3.28e-01,9.00e+00,
13700,3.20e-01,9.00e+00,
13701,3.20e-01,9.00e+00,
13702,3.20e-01,9.00e+00,
13703,3.28e-01,9.20e+00,
13704,3.20e-01,9.20e+00,
13705,3.20e-01,9.00e+00,
13706,3.20e-01,9.00e+00,
13707,3.28e-01,9.00e+00,
13708,3.20e-01,9.00e+00,
13709,3.20e-01,9.20e+00,
13710,3.20e-01,9.00e+00,
13711,3.28e-01,9.20e+00,
13712,3.20e-01,9.20e+00,
13713,3.20e-01,9.00e+00,
13714,3.20e-01,9.00e+00,
13715,3.20e-01,9.00e+00,
13716,3.20e-01,9.00e+00,
13717,3.20e-01,9.20e+00,
13718,3.20e-01,9.00e+00,
13719,3.20e-01,9.20e+00,
13720,3.20e-01,9.00e+00,
13721,3.20e-01,9.00e+00,
13722,3.20e-01,9.00e+00,
13723,3.28e-01,9.20e+00,
13724,3.20e-01,9.00e+00,
13725,3.20e-01,9.20e+00,
13726,3.20e-01,9.00e+00,
13727,3.20e-01,9.20e+00,
13728,3.20e-01,9.00e+00,
13729,3.20e-01,9.20e+00,
13730,3.20e-01,9.00e+00,
13731,3.20e-01,9.00e+00,
13732,3.20e-01,9.00e+00,
13733,3.20e-01,9.00e+00,
13734,3.20e-01,9.00e+00,
13735,3.20e-01,9.00e+00,
13736,3.20e-01,9.00e+00,
13737,3.20e-01,9.00e+00,
13738,3.20e-01,9.00e+00,
13739,3.20e-01,9.20e+00,
13740,3.20e-01,9.00e+00,
13741,3.20e-01,9.20e+00,
13742,3.20e-01,9.00e+00,
13743,3.20e-01,9.20e+00,
13744,3.20e-01,9.00e+00,
13745,3.20e-01,9.00e+00,
13746,3.20e-01,9.00e+00,
13747,3.20e-01,9.00e+00,
13748,3.12e-01,9.00e+00,
13749,3.20e-01,9.20e+00,
13750,3.20e-01,9.00e+00,
13751,3.20e-01,9.00e+00,
13752,3.20e-01,9.00e+00,
13753,3.20e-01,9.00e+00,
13754,3.20e-01,9.00e+00,
13755,3.20e-01,9.00e+00,
13756,3.20e-01,9.00e+00,
13757,3.20e-01,9.00e+00,
13758,3.20e-01,9.00e+00,
13759,3.20e-01,9.00e+00,
13760,3.12e-01,9.00e+00,
13761,3.12e-01,9.00e+00,
13762,3.20e-01,9.20e+00,
13763,3.20e-01,9.00e+00,
13764,3.12e-01,9.00e+00,
13765,3.20e-01,9.20e+00,
13766,3.12e-01,9.00e+00,
13767,3.20e-01,9.00e+00,
13768,3.12e-01,9.00e+00,
13769,3.20e-01,9.20e+00,
13770,3.20e-01,9.00e+00,
13771,3.20e-01,9.00e+00,
13772,3.12e-01,9.00e+00,
13773,3.12e-01,9.00e+00,
13774,3.12e-01,9.00e+00,
13775,3.20e-01,9.00e+00,
13776,3.12e-01,9.20e+00,
13777,3.12e-01,9.00e+00,
13778,3.12e-01,9.00e+00,
13779,3.20e-01,9.20e+00,
13780,3.12e-01,9.00e+00,
13781,3.12e-01,9.00e+00,
13782,3.12e-01,9.00e+00,
13783,3.20e-01,9.00e+00,
13784,3.12e-01,9.00e+00,
13785,3.12e-01,9.20e+00,
13786,3.20e-01,9.00e+00,
13787,3.20e-01,9.00e+00,
13788,3.12e-01,9.00e+00,
13789,3.12e-01,9.00e+00,
13790,3.12e-01,9.00e+00,
13791,3.20e-01,9.00e+00,
13792,3.12e-01,9.00e+00,
13793,3.12e-01,9.00e+00,
13794,3.12e-01,9.00e+00,
13795,3.20e-01,9.20e+00,
13796,3.12e-01,9.00e+00,
13797,3.12e-01,9.00e+00,
13798,3.12e-01,9.00e+00,
13799,3.20e-01,9.20e+00,
13800,3.12e-01,9.00e+00,
13801,3.12e-01,9.00e+00,
13802,3.12e-01,9.00e+00,
13803,3.20e-01,9.00e+00,
13804,3.12e-01,9.00e+00,
13805,3.12e-01,9.00e+00,
13806,3.12e-01,9.00e+00,
13807,3.12e-01,9.00e+00,
13808,3.12e-01,9.20e+00,
13809,3.12e-01,9.00e+00,
13810,3.12e-01,9.00e+00,
13811,3.20e-01,9.00e+00,
13812,3.12e-01,9.00e+00,
13813,3.12e-01,9.00e+00,
13814,3.12e-01,9.00e+00,
13815,3.12e-01,9.00e+00,
13816,3.12e-01,9.00e+00,
13817,3.12e-01,9.00e+00,
13818,3.12e-01,9.00e+00,
13819,3.12e-01,9.00e+00,
13820,3.12e-01,9.00e+00,
13821,3.12e-01,9.00e+00,
13822,3.12e-01,9.00e+00,
13823,3.12e-01,9.00e+00,
13824,3.12e-01,9.20e+00,
13825,3.12e-01,9.00e+00,
13826,3.12e-01,9.00e+00,
13827,3.12e-01,9.20e+00,
13828,3.12e-01,9.00e+00,
13829,3.12e-01,9.20e+00,
13830,3.12e-01,9.00e+00,
13831,3.12e-01,9.20e+00,
13832,3.12e-01,9.00e+00,
13833,3.12e-01,9.00e+00,
13834,3.12e-01,9.00e+00,
13835,3.12e-01,9.20e+00,
13836,3.12e-01,9.00e+00,
13837,3.12e-01,9.00e+00,
13838,3.12e-01,9.20e+00,
13839,3.12e-01,9.20e+00,
13840,3.12e-01,9.00e+00,
13841,3.12e-01,9.20e+00,
13842,3.12e-01,9.00e+00,
13843,3.12e-01,9.00e+00,
13844,3.12e-01,9.00e+00,
13845,3.12e-01,9.00e+00,
13846,3.12e-01,9.00e+00,
13847,3.12e-01,9.00e+00,
13848,3.12e-01,9.00e+00,
13849,3.12e-01,9.00e+00,
13850,3.12e-01,9.00e+00,
13851,3.12e-01,9.00e+00,
13852,3.12e-01,9.00e+00,
13853,3.12e-01,9.00e+00,
13854,3.12e-01,9.00e+00,
13855,3.12e-01,9.20e+00,
13856,3.04e-01,9.00e+00,
13857,3.12e-01,9.00e+00,
13858,3.12e-01,9.00e+00,
13859,3.12e-01,9.20e+00,
13860,3.12e-01,9.00e+00,
13861,3.12e-01,9.20e+00,
13862,3.12e-01,9.00e+00,
13863,3.12e-01,9.20e+00,
13864,3.12e-01,9.00e+00,
13865,3.12e-01,9.00e+00,
13866,3.12e-01,9.00e+00,
13867,3.12e-01,9.00e+00,
13868,3.04e-01,9.00e+00,
13869,3.12e-01,9.20e+00,
13870,3.04e-01,9.00e+00,
13871,3.12e-01,9.00e+00,
13872,3.04e-01,9.00e+00,
13873,3.12e-01,9.00e+00,
13874,3.04e-01,9.00e+00,
13875,3.12e-01,9.20e+00,
13876,3.12e-01,9.00e+00,
13877,3.04e-01,9.20e+00,
13878,3.12e-01,9.00e+00,
13879,3.12e-01,9.00e+00,
13880,3.04e-01,9.00e+00,
13881,3.12e-01,9.00e+00,
13882,3.12e-01,9.00e+00,
13883,3.12e-01,9.00e+00,
13884,3.04e-01,9.00e+00,
13885,3.12e-01,9.00e+00,
13886,3.04e-01,9.00e+00,
13887,3.12e-01,9.20e+00,
13888,3.04e-01,9.00e+00,
13889,3.12e-01,9.00e+00,
13890,3.12e-01,9.00e+00,
13891,3.12e-01,9.00e+00,
13892,3.04e-01,9.00e+00,
13893,3.04e-01,9.00e+00,
13894,3.04e-01,9.00e+00,
13895,3.12e-01,9.00e+00,
13896,3.04e-01,9.00e+00,
13897,3.04e-01,9.00e+00,
13898,3.12e-01,9.00e+00,
13899,3.12e-01,9.20e+00,
13900,3.04e-01,9.00e+00,
13901,3.04e-01,9.20e+00,
13902,3.04e-01,9.00e+00,
13903,3.12e-01,9.00e+00,
13904,3.04e-01,9.20e+00,
13905,3.12e-01,9.00e+00,
13906,3.12e-01,9.20e+00,
13907,3.12e-01,9.20e+00,
13908,3.04e-01,9.00e+00,
13909,3.04e-01,9.20e+00,
13910,3.04e-01,9.00e+00,
13911,3.12e-01,9.00e+00,
13912,3.04e-01,9.00e+00,
13913,3.12e-01,9.00e+00,
13914,3.04e-01,9.00e+00,
13915,3.12e-01,9.20e+00,
13916,3.04e-01,9.00e+00,
13917,3.04e-01,9.00e+00,
13918,3.04e-01,9.00e+00,
13919,3.12e-01,9.00e+00,
13920,3.04e-01,9.00e+00,
13921,3.04e-01,9.00e+00,
13922,3.04e-01,9.00e+00,
13923,3.12e-01,9.00e+00,
13924,3.04e-01,9.00e+00,
13925,3.04e-01,9.00e+00,
13926,3.04e-01,9.00e+00,
13927,3.12e-01,9.20e+00,
13928,3.04e-01,9.00e+00,
13929,3.12e-01,9.00e+00,
13930,3.04e-01,9.00e+00,
13931,3.12e-01,9.20e+00,
13932,3.04e-01,9.00e+00,
13933,3.04e-01,9.20e+00,
13934,3.04e-01,9.00e+00,
13935,3.12e-01,9.00e+00,
13936,3.04e-01,9.00e+00,
13937,3.04e-01,9.00e+00,
13938,3.04e-01,9.00e+00,
13939,3.12e-01,9.20e+00,
13940,3.04e-01,9.00e+00,
13941,3.04e-01,9.20e+00,
13942,3.04e-01,9.00e+00,
13943,3.12e-01,9.00e+00,
13944,3.04e-01,9.00e+00,
13945,3.04e-01,9.00e+00,
13946,3.04e-01,9.00e+00,
13947,3.12e-01,9.20e+00,
13948,3.04e-01,9.00e+00,
13949,3.04e-01,9.00e+00,
13950,3.04e-01,9.00e+00,
13951,3.12e-01,9.00e+00,
13952,3.04e-01,9.00e+00,
13953,3.04e-01,9.00e+00,
13954,3.04e-01,9.00e+00,
13955,3.04e-01,9.20e+00,
13956,3.04e-01,9.00e+00,
13957,3.04e-01,9.00e+00,
13958,3.04e-01,9.00e+00,
13959,3.04e-01,9.00e+00,
13960,3.04e-01,9.00e+00,
13961,3.04e-01,9.00e+00,
13962,3.12e-01,9.20e+00,
13963,3.04e-01,9.00e+00,
13964,3.04e-01,9.00e+00,
13965,3.04e-01,9.00e+00,
13966,3.04e-01,9.00e+00,
13967,3.12e-01,9.00e+00,
13968,3.04e-01,9.00e+00,
13969,3.04e-01,9.00e+00,
13970,3.04e-01,9.00e+00,
13971,3.04e-01,9.00e+00,
13972,3.04e-01,9.00e+00,
13973,3.04e-01,9.00e+00,
13974,3.04e-01,9.00e+00,
13975,3.04e-01,9.20e+00,
13976,3.04e-01,9.00e+00,
13977,3.04e-01,9.00e+00,
13978,3.04e-01,9.00e+00,
13979,3.04e-01,9.00e+00,
13980,3.04e-01,9.00e+00,
13981,3.04e-01,9.00e+00,
13982,3.04e-01,9.00e+00,
13983,3.04e-01,9.00e+00,
13984,3.04e-01,9.00e+00,
13985,3.04e-01,9.00e+00,
13986,3.04e-01,9.00e+00,
13987,3.04e-01,9.00e+00,
13988,3.04e-01,9.00e+00,
13989,3.04e-01,9.00e+00,
13990,3.04e-01,9.00e+00,
13991,3.04e-01,9.00e+00,
13992,3.04e-01,9.00e+00,
13993,3.04e-01,9.20e+00,
13994,3.04e-01,8.80e+00,
13995,3.04e-01,9.00e+00,
13996,3.04e-01,9.00e+00,
13997,3.04e-01,9.20e+00,
13998,3.04e-01,9.20e+00,
13999,3.04e-01,9.00e+00,
14000,3.04e-01,9.00e+00,
14001,3.04e-01,9.00e+00,
14002,3.04e-01,9.00e+00,
14003,3.04e-01,9.00e+00,
14004,3.04e-01,9.00e+00,
14005,3.04e-01,9.00e+00,
14006,3.04e-01,9.00e+00,
14007,3.04e-01,9.00e+00,
14008,2.96e-01,9.00e+00,
14009,3.04e-01,9.20e+00,
14010,3.04e-01,9.00e+00,
14011,3.04e-01,9.00e+00,
14012,2.96e-01,9.00e+00,
14013,3.04e-01,9.00e+00,
14014,3.04e-01,9.00e+00,
14015,3.04e-01,9.00e+00,
14016,2.96e-01,9.00e+00,
14017,3.04e-01,9.00e+00,
14018,3.04e-01,9.00e+00,
14019,3.04e-01,9.00e+00,
14020,3.04e-01,9.00e+00,
14021,3.04e-01,9.00e+00,
14022,3.04e-01,9.00e+00,
14023,3.04e-01,9.00e+00,
14024,2.96e-01,9.00e+00,
14025,3.04e-01,9.00e+00,
14026,3.04e-01,9.00e+00,
14027,3.04e-01,9.20e+00,
14028,2.96e-01,9.00e+00,
14029,2.96e-01,9.00e+00,
14030,2.96e-01,9.00e+00,
14031,3.04e-01,9.00e+00,
14032,2.96e-01,9.00e+00,
14033,3.04e-01,9.00e+00,
14034,3.04e-01,9.00e+00,
14035,3.04e-01,9.00e+00,
14036,2.96e-01,9.00e+00,
14037,2.96e-01,9.00e+00,
14038,2.96e-01,9.00e+00,
14039,3.04e-01,9.00e+00,
14040,2.96e-01,9.00e+00,
14041,2.96e-01,9.00e+00,
14042,2.96e-01,9.00e+00,
14043,3.04e-01,9.00e+00,
14044,2.96e-01,9.00e+00,
14045,2.96e-01,9.00e+00,
14046,2.96e-01,9.00e+00,
14047,3.04e-01,9.20e+00,
14048,2.96e-01,9.00e+00,
14049,2.96e-01,9.20e+00,
14050,2.96e-01,9.00e+00,
14051,3.04e-01,9.00e+00,
14052,2.96e-01,9.00e+00,
14053,2.96e-01,9.00e+00,
14054,2.96e-01,9.00e+00,
14055,2.96e-01,9.20e+00,
14056,2.96e-01,9.00e+00,
14057,2.96e-01,9.00e+00,
14058,2.96e-01,9.00e+00,
14059,2.96e-01,9.00e+00,
14060,2.96e-01,9.00e+00,
14061,2.96e-01,9.00e+00,
14062,2.96e-01,9.00e+00,
14063,2.96e-01,9.00e+00,
14064,2.96e-01,9.00e+00,
14065,2.96e-01,9.00e+00,
14066,2.96e-01,9.00e+00,
14067,2.96e-01,9.20e+00,
14068,2.96e-01,9.00e+00,
14069,2.96e-01,9.00e+00,
14070,2.96e-01,9.00e+00,
14071,2.96e-01,9.00e+00,
14072,2.96e-01,9.00e+00,
14073,2.96e-01,9.00e+00,
14074,2.96e-01,9.00e+00,
14075,2.96e-01,9.00e+00,
14076,2.96e-01,9.00e+00,
14077,2.96e-01,9.00e+00,
14078,2.96e-01,9.00e+00,
14079,2.96e-01,9.00e+00,
14080,2.96e-01,9.00e+00,
14081,2.96e-01,9.00e+00,
14082,2.96e-01,9.00e+00,
14083,2.96e-01,9.20e+00,
14084,2.96e-01,9.00e+00,
14085,2.96e-01,9.00e+00,
14086,2.96e-01,9.00e+00,
14087,2.96e-01,9.00e+00,
14088,2.96e-01,9.00e+00,
14089,2.96e-01,9.00e+00,
14090,2.96e-01,9.00e+00,
14091,2.96e-01,9.00e+00,
14092,2.96e-01,9.00e+00,
14093,2.88e-01,9.00e+00,
14094,2.96e-01,9.00e+00,
14095,2.96e-01,9.00e+00,
14096,2.96e-01,9.00e+00,
14097,2.96e-01,9.00e+00,
14098,2.96e-01,9.00e+00,
14099,2.96e-01,9.00e+00,
14100,2.88e-01,9.00e+00,
14101,2.96e-01,9.20e+00,
14102,2.96e-01,9.00e+00,
14103,2.96e-01,9.20e+00,
14104,2.88e-01,9.00e+00,
14105,2.88e-01,9.00e+00,
14106,2.96e-01,9.00e+00,
14107,2.96e-01,9.00e+00,
14108,2.88e-01,9.00e+00,
14109,2.88e-01,9.00e+00,
14110,2.88e-01,9.00e+00,
14111,2.96e-01,9.20e+00,
14112,2.88e-01,9.00e+00,
14113,2.88e-01,9.00e+00,
14114,2.88e-01,9.00e+00,
14115,2.96e-01,9.00e+00,
14116,2.88e-01,9.00e+00,
14117,2.88e-01,9.00e+00,
14118,2.88e-01,9.00e+00,
14119,2.96e-01,9.20e+00,
14120,2.88e-01,9.00e+00,
14121,2.88e-01,9.00e+00,
14122,2.88e-01,9.00e+00,
14123,2.96e-01,9.00e+00,
14124,2.88e-01,9.00e+00,
14125,2.88e-01,9.20e+00,
14126,2.88e-01,9.00e+00,
14127,2.88e-01,9.20e+00,
14128,2.88e-01,9.00e+00,
14129,2.88e-01,9.00e+00,
14130,2.88e-01,9.00e+00,
14131,2.88e-01,9.00e+00,
14132,2.88e-01,9.00e+00,
14133,2.88e-01,9.00e+00,
14134,2.88e-01,9.00e+00,
14135,2.88e-01,9.00e+00,
14136,2.88e-01,9.00e+00,
14137,2.88e-01,9.00e+00,
14138,2.88e-01,9.00e+00,
14139,2.88e-01,9.00e+00,
14140,2.80e-01,9.00e+00,
14141,2.88e-01,9.00e+00,
14142,2.88e-01,9.00e+00,
14143,2.88e-01,9.00e+00,
14144,2.80e-01,9.00e+00,
14145,2.88e-01,9.00e+00,
14146,2.88e-01,9.00e+00,
14147,2.88e-01,9.00e+00,
14148,2.88e-01,9.00e+00,
14149,2.88e-01,9.00e+00,
14150,2.80e-01,9.00e+00,
14151,2.88e-01,9.20e+00,
14152,2.80e-01,9.00e+00,
14153,2.80e-01,9.00e+00,
14154,2.88e-01,9.00e+00,
14155,2.88e-01,9.00e+00,
14156,2.80e-01,9.00e+00,
14157,2.80e-01,9.00e+00,
14158,2.80e-01,9.00e+00,
14159,2.88e-01,9.00e+00,
14160,2.80e-01,9.00e+00,
14161,2.80e-01,9.00e+00,
14162,2.88e-01,9.00e+00,
14163,2.80e-01,9.00e+00,
14164,2.80e-01,9.00e+00,
14165,2.80e-01,9.00e+00,
14166,2.80e-01,9.00e+00,
14167,2.88e-01,9.00e+00,
14168,2.80e-01,9.20e+00,
14169,2.80e-01,9.00e+00,
14170,2.80e-01,9.00e+00,
14171,2.80e-01,9.00e+00,
14172,2.80e-01,9.00e+00,
14173,2.80e-01,9.00e+00,
14174,2.80e-01,9.00e+00,
14175,2.80e-01,9.00e+00,
14176,2.80e-01,9.00e+00,
14177,2.80e-01,9.00e+00,
14178,2.80e-01,9.00e+00,
14179,2.80e-01,9.00e+00,
14180,2.72e-01,9.00e+00,
14181,2.80e-01,9.00e+00,
14182,2.80e-01,9.00e+00,
14183,2.80e-01,9.00e+00,
14184,2.80e-01,9.00e+00,
14185,2.80e-01,9.00e+00,
14186,2.80e-01,9.00e+00,
14187,2.80e-01,9.00e+00,
14188,2.72e-01,9.00e+00,
14189,2.80e-01,9.00e+00,
14190,2.72e-01,9.00e+00,
14191,2.80e-01,9.00e+00,
14192,2.72e-01,9.00e+00,
14193,2.72e-01,9.00e+00,
14194,2.80e-01,9.00e+00,
14195,2.80e-01,9.00e+00,
14196,2.72e-01,8.80e+00,
14197,2.72e-01,9.00e+00,
14198,2.72e-01,9.00e+00,
14199,2.80e-01,9.00e+00,
14200,2.72e-01,9.00e+00,
14201,2.72e-01,9.00e+00,
14202,2.72e-01,9.00e+00,
14203,2.72e-01,9.20e+00,
14204,2.72e-01,9.00e+00,
14205,2.72e-01,9.00e+00,
14206,2.72e-01,9.00e+00,
14207,2.72e-01,9.00e+00,
14208,2.72e-01,9.00e+00,
14209,2.72e-01,9.00e+00,
14210,2.72e-01,9.00e+00,
14211,2.72e-01,9.00e+00,
14212,2.72e-01,9.00e+00,
14213,2.72e-01,9.00e+00,
14214,2.72e-01,9.00e+00,
14215,2.72e-01,9.00e+00,
14216,2.72e-01,9.00e+00,
14217,2.72e-01,9.00e+00,
14218,2.72e-01,9.00e+00,
14219,2.72e-01,9.20e+00,
14220,2.72e-01,9.00e+00,
14221,2.72e-01,9.20e+00,
14222,2.72e-01,9.00e+00,
14223,2.72e-01,9.00e+00,
14224,2.72e-01,9.00e+00,
14225,2.64e-01,9.00e+00,
14226,2.72e-01,9.00e+00,
14227,2.72e-01,9.00e+00,
14228,2.64e-01,9.00e+00,
14229,2.64e-01,9.00e+00,
14230,2.72e-01,9.00e+00,
14231,2.72e-01,9.00e+00,
14232,2.64e-01,9.00e+00,
14233,2.64e-01,9.00e+00,
14234,2.64e-01,9.00e+00,
14235,2.72e-01,9.00e+00,
14236,2.64e-01,9.00e+00,
14237,2.64e-01,9.00e+00,
14238,2.64e-01,9.00e+00,
14239,2.64e-01,9.00e+00,
14240,2.64e-01,9.00e+00,
14241,2.64e-01,9.00e+00,
14242,2.64e-01,9.00e+00,
14243,2.64e-01,9.00e+00,
14244,2.64e-01,9.00e+00,
14245,2.64e-01,9.00e+00,
14246,2.64e-01,9.00e+00,
14247,2.64e-01,9.00e+00,
14248,2.64e-01,9.00e+00,
14249,2.64e-01,9.00e+00,
14250,2.64e-01,9.00e+00,
14251,2.64e-01,9.00e+00,
14252,2.64e-01,9.00e+00,
14253,2.64e-01,9.00e+00,
14254,2.64e-01,9.00e+00,
14255,2.64e-01,9.00e+00,
14256,2.56e-01,9.00e+00,
14257,2.64e-01,9.00e+00,
14258,2.64e-01,9.00e+00,
14259,2.64e-01,9.00e+00,
14260,2.56e-01,9.00e+00,
14261,2.64e-01,9.00e+00,
14262,2.64e-01,9.00e+00,
14263,2.64e-01,9.00e+00,
14264,2.56e-01,9.00e+00,
14265,2.56e-01,9.00e+00,
14266,2.64e-01,9.00e+00,
14267,2.64e-01,9.00e+00,
14268,2.56e-01,9.00e+00,
14269,2.56e-01,9.00e+00,
14270,2.56e-01,9.00e+00,
14271,2.64e-01,9.00e+00,
14272,2.56e-01,9.00e+00,
14273,2.56e-01,9.00e+00,
14274,2.56e-01,9.00e+00,
14275,2.56e-01,9.00e+00,
14276,2.56e-01,9.00e+00,
14277,2.56e-01,9.00e+00,
14278,2.56e-01,9.00e+00,
14279,2.56e-01,9.00e+00,
14280,2.56e-01,9.00e+00,
14281,2.56e-01,9.00e+00,
14282,2.56e-01,9.00e+00,
14283,2.56e-01,9.00e+00,
14284,2.56e-01,9.00e+00,
14285,2.56e-01,9.00e+00,
14286,2.56e-01,8.80e+00,
14287,2.56e-01,9.00e+00,
14288,2.56e-01,9.00e+00,
14289,2.56e-01,9.00e+00,
14290,2.56e-01,9.00e+00,
14291,2.56e-01,9.20e+00,
14292,2.56e-01,9.00e+00,
14293,2.56e-01,9.00e+00,
14294,2.56e-01,9.00e+00,
14295,2.56e-01,9.00e+00,
14296,2.56e-01,9.00e+00,
14297,2.56e-01,9.00e+00,
14298,2.56e-01,9.00e+00,
14299,2.56e-01,9.00e+00,
14300,2.48e-01,9.00e+00,
14301,2.56e-01,9.00e+00,
14302,2.56e-01,9.00e+00,
14303,2.56e-01,9.00e+00,
14304,2.48e-01,9.00e+00,
14305,2.48e-01,9.00e+00,
14306,2.56e-01,9.00e+00,
14307,2.56e-01,9.00e+00,
14308,2.48e-01,9.00e+00,
14309,2.48e-01,9.00e+00,
14310,2.48e-01,9.00e+00,
14311,2.56e-01,9.00e+00,
14312,2.48e-01,9.00e+00,
14313,2.48e-01,8.80e+00,
14314,2.48e-01,9.00e+00,
14315,2.48e-01,9.00e+00,
14316,2.48e-01,9.00e+00,
14317,2.48e-01,9.00e+00,
14318,2.48e-01,9.00e+00,
14319,2.48e-01,9.00e+00,
14320,2.48e-01,9.00e+00,
14321,2.48e-01,9.00e+00,
14322,2.48e-01,9.00e+00,
14323,2.48e-01,9.00e+00,
14324,2.48e-01,9.00e+00,
14325,2.48e-01,9.00e+00,
14326,2.48e-01,9.00e+00,
14327,2.48e-01,9.00e+00,
14328,2.48e-01,9.00e+00,
14329,2.48e-01,9.00e+00,
14330,2.48e-01,9.00e+00,
14331,2.48e-01,9.00e+00,
14332,2.48e-01,9.00e+00,
14333,2.48e-01,9.00e+00,
14334,2.48e-01,9.00e+00,
14335,2.48e-01,9.00e+00,
14336,2.48e-01,9.00e+00,
14337,2.48e-01,9.00e+00,
14338,2.48e-01,9.00e+00,
14339,2.48e-01,9.00e+00,
14340,2.40e-01,9.00e+00,
14341,2.40e-01,9.00e+00,
14342,2.48e-01,9.00e+00,
14343,2.48e-01,9.00e+00,
14344,2.40e-01,9.00e+00,
14345,2.40e-01,9.00e+00,
14346,2.40e-01,9.00e+00,
14347,2.48e-01,9.00e+00,
14348,2.40e-01,9.00e+00,
14349,2.40e-01,9.00e+00,
14350,2.40e-01,9.00e+00,
14351,2.48e-01,9.00e+00,
14352,2.40e-01,9.00e+00,
14353,2.40e-01,9.00e+00,
14354,2.40e-01,9.00e+00,
14355,2.40e-01,9.00e+00,
14356,2.40e-01,9.00e+00,
14357,2.40e-01,9.00e+00,
14358,2.40e-01,9.00e+00,
14359,2.40e-01,9.00e+00,
14360,2.40e-01,9.00e+00,
14361,2.40e-01,8.80e+00,
14362,2.48e-01,9.00e+00,
14363,2.40e-01,9.00e+00,
14364,2.40e-01,9.00e+00,
14365,2.40e-01,9.00e+00,
14366,2.40e-01,9.00e+00,
14367,2.40e-01,9.00e+00,
14368,2.40e-01,9.00e+00,
14369,2.40e-01,9.00e+00,
14370,2.40e-01,9.00e+00,
14371,2.40e-01,9.20e+00,
14372,2.40e-01,9.00e+00,
14373,2.40e-01,9.00e+00,
14374,2.40e-01,9.00e+00,
14375,2.40e-01,9.00e+00,
14376,2.40e-01,9.00e+00,
14377,2.40e-01,9.00e+00,
14378,2.40e-01,9.00e+00,
14379,2.40e-01,9.00e+00,
14380,2.40e-01,8.80e+00,
14381,2.40e-01,9.00e+00,
14382,2.40e-01,8.80e+00,
14383,2.40e-01,9.00e+00,
14384,2.32e-01,9.00e+00,
14385,2.40e-01,9.00e+00,
14386,2.40e-01,9.00e+00,
14387,2.40e-01,9.00e+00,
14388,2.32e-01,9.00e+00,
14389,2.32e-01,9.00e+00,
14390,2.32e-01,9.00e+00,
14391,2.40e-01,9.00e+00,
14392,2.32e-01,9.00e+00,
14393,2.32e-01,9.00e+00,
14394,2.32e-01,9.00e+00,
14395,2.40e-01,9.00e+00,
14396,2.32e-01,9.00e+00,
14397,2.32e-01,9.00e+00,
14398,2.32e-01,9.00e+00,
14399,2.40e-01,9.00e+00,
14400,2.32e-01,9.00e+00,
14401,2.32e-01,9.00e+00,
14402,2.32e-01,9.00e+00,
14403,2.32e-01,9.00e+00,
14404,2.32e-01,9.00e+00,
14405,2.32e-01,9.00e+00,
14406,2.32e-01,9.00e+00,
14407,2.32e-01,9.00e+00,
14408,2.32e-01,9.00e+00,
14409,2.32e-01,8.80e+00,
14410,2.32e-01,8.80e+00,
14411,2.32e-01,9.00e+00,
14412,2.32e-01,9.00e+00,
14413,2.32e-01,9.00e+00,
14414,2.32e-01,9.00e+00,
14415,2.32e-01,9.00e+00,
14416,2.32e-01,9.00e+00,
14417,2.32e-01,9.00e+00,
14418,2.32e-01,9.00e+00,
14419,2.32e-01,9.00e+00,
14420,2.32e-01,9.00e+00,
14421,2.32e-01,9.00e+00,
14422,2.32e-01,9.00e+00,
14423,2.32e-01,9.00e+00,
14424,2.32e-01,9.00e+00,
14425,2.32e-01,9.00e+00,
14426,2.32e-01,9.00e+00,
14427,2.32e-01,9.00e+00,
14428,2.32e-01,8.80e+00,
14429,2.32e-01,9.00e+00,
14430,2.32e-01,8.80e+00,
14431,2.32e-01,9.00e+00,
14432,2.32e-01,9.00e+00,
14433,2.32e-01,9.00e+00,
14434,2.32e-01,9.00e+00,
14435,2.32e-01,9.00e+00,
14436,2.32e-01,9.00e+00,
14437,2.32e-01,9.00e+00,
14438,2.32e-01,9.00e+00,
14439,2.32e-01,9.00e+00,
14440,2.24e-01,9.00e+00,
14441,2.32e-01,9.00e+00,
14442,2.32e-01,8.80e+00,
14443,2.32e-01,9.00e+00,
14444,2.32e-01,9.00e+00,
14445,2.32e-01,9.00e+00,
14446,2.32e-01,8.80e+00,
14447,2.32e-01,9.00e+00,
14448,2.24e-01,8.80e+00,
14449,2.32e-01,9.00e+00,
14450,2.32e-01,9.00e+00,
14451,2.32e-01,9.00e+00,
14452,2.24e-01,9.00e+00,
14453,2.24e-01,9.00e+00,
14454,2.24e-01,8.80e+00,
14455,2.32e-01,9.00e+00,
14456,2.24e-01,9.00e+00,
14457,2.24e-01,9.00e+00,
14458,2.24e-01,9.00e+00,
14459,2.32e-01,9.00e+00,
14460,2.24e-01,8.80e+00,
14461,2.24e-01,9.00e+00,
14462,2.24e-01,9.00e+00,
14463,2.32e-01,9.00e+00,
14464,2.24e-01,9.00e+00,
14465,2.24e-01,9.00e+00,
14466,2.24e-01,9.00e+00,
14467,2.24e-01,9.00e+00,
14468,2.24e-01,9.00e+00,
14469,2.24e-01,9.00e+00,
14470,2.24e-01,9.00e+00,
14471,2.24e-01,9.00e+00,
14472,2.24e-01,9.00e+00,
14473,2.24e-01,9.00e+00,
14474,2.24e-01,9.00e+00,
14475,2.24e-01,9.00e+00,
14476,2.24e-01,8.80e+00,
14477,2.24e-01,9.00e+00,
14478,2.24e-01,9.00e+00,
14479,2.24e-01,9.00e+00,
14480,2.24e-01,9.00e+00,
14481,2.24e-01,9.00e+00,
14482,2.24e-01,8.80e+00,
14483,2.24e-01,9.00e+00,
14484,2.24e-01,9.00e+00,
14485,2.24e-01,9.00e+00,
14486,2.24e-01,9.00e+00,
14487,2.24e-01,9.00e+00,
14488,2.24e-01,9.00e+00,
14489,2.24e-01,9.00e+00,
14490,2.24e-01,9.00e+00,
14491,2.24e-01,9.00e+00,
14492,2.24e-01,9.00e+00,
14493,2.24e-01,9.00e+00,
14494,2.24e-01,9.00e+00,
14495,2.24e-01,9.00e+00,
14496,2.24e-01,9.00e+00,
14497,2.24e-01,9.00e+00,
14498,2.24e-01,9.00e+00,
14499,2.24e-01,9.00e+00,
14500,2.24e-01,8.80e+00,
14501,2.24e-01,9.00e+00,
14502,2.24e-01,9.00e+00,
14503,2.24e-01,9.00e+00,
14504,2.24e-01,9.00e+00,
14505,2.24e-01,9.00e+00,
14506,2.24e-01,9.00e+00,
14507,2.24e-01,9.00e+00,
14508,2.24e-01,9.00e+00,
14509,2.24e-01,9.00e+00,
14510,2.24e-01,9.00e+00,
14511,2.24e-01,9.00e+00,
14512,2.24e-01,9.00e+00,
14513,2.24e-01,9.00e+00,
14514,2.24e-01,9.00e+00,
14515,2.24e-01,9.00e+00,
14516,2.24e-01,9.00e+00,
14517,2.24e-01,9.00e+00,
14518,2.24e-01,9.00e+00,
14519,2.24e-01,9.00e+00,
14520,2.24e-01,9.00e+00,
14521,2.24e-01,9.00e+00,
14522,2.24e-01,9.00e+00,
14523,2.24e-01,9.00e+00,
14524,2.16e-01,9.00e+00,
14525,2.24e-01,9.00e+00,
14526,2.24e-01,9.00e+00,
14527,2.24e-01,9.00e+00,
14528,2.24e-01,8.80e+00,
14529,2.24e-01,9.00e+00,
14530,2.24e-01,9.00e+00,
14531,2.24e-01,9.00e+00,
14532,2.16e-01,8.80e+00,
14533,2.16e-01,9.00e+00,
14534,2.24e-01,8.80e+00,
14535,2.24e-01,9.00e+00,
14536,2.24e-01,9.00e+00,
14537,2.24e-01,9.00e+00,
14538,2.24e-01,9.00e+00,
14539,2.24e-01,9.00e+00,
14540,2.16e-01,8.80e+00,
14541,2.16e-01,9.00e+00,
14542,2.24e-01,9.00e+00,
14543,2.24e-01,9.00e+00,
14544,2.16e-01,9.00e+00,
14545,2.16e-01,9.00e+00,
14546,2.24e-01,9.00e+00,
14547,2.24e-01,9.00e+00,
14548,2.16e-01,9.00e+00,
14549,2.16e-01,9.00e+00,
14550,2.16e-01,9.00e+00,
14551,2.24e-01,9.00e+00,
14552,2.16e-01,9.00e+00,
14553,2.16e-01,9.00e+00,
14554,2.24e-01,9.00e+00,
14555,2.16e-01,9.00e+00,
14556,2.16e-01,9.00e+00,
14557,2.16e-01,9.00e+00,
14558,2.16e-01,9.00e+00,
14559,2.24e-01,9.00e+00,
14560,2.16e-01,9.00e+00,
14561,2.16e-01,9.00e+00,
14562,2.24e-01,9.00e+00,
14563,2.16e-01,9.00e+00,
14564,2.16e-01,8.80e+00,
14565,2.16e-01,9.00e+00,
14566,2.16e-01,9.00e+00,
14567,2.24e-01,9.00e+00,
14568,2.16e-01,9.00e+00,
14569,2.16e-01,9.00e+00,
14570,2.24e-01,9.00e+00,
14571,2.16e-01,9.00e+00,
14572,2.16e-01,9.00e+00,
14573,2.16e-01,9.00e+00,
14574,2.16e-01,9.00e+00,
14575,2.16e-01,9.00e+00,
14576,2.16e-01,9.00e+00,
14577,2.16e-01,9.00e+00,
14578,2.16e-01,9.00e+00,
14579,2.16e-01,9.00e+00,
14580,2.16e-01,9.00e+00,
14581,2.16e-01,9.00e+00,
14582,2.16e-01,9.00e+00,
14583,2.16e-01,9.00e+00,
14584,2.16e-01,9.00e+00,
14585,2.16e-01,9.00e+00,
14586,2.16e-01,9.00e+00,
14587,2.16e-01,9.00e+00,
14588,2.16e-01,8.80e+00,
14589,2.16e-01,8.80e+00,
14590,2.16e-01,9.00e+00,
14591,2.16e-01,9.00e+00,
14592,2.16e-01,9.00e+00,
14593,2.16e-01,9.00e+00,
14594,2.16e-01,9.00e+00,
14595,2.16e-01,9.00e+00,
14596,2.16e-01,9.00e+00,
14597,2.16e-01,9.00e+00,
14598,2.16e-01,8.80e+00,
14599,2.16e-01,9.00e+00,
14600,2.16e-01,9.00e+00,
14601,2.16e-01,9.00e+00,
14602,2.16e-01,9.00e+00,
14603,2.16e-01,9.00e+00,
14604,2.16e-01,9.00e+00,
14605,2.16e-01,9.00e+00,
14606,2.16e-01,9.00e+00,
14607,2.16e-01,9.00e+00,
14608,2.16e-01,9.00e+00,
14609,2.16e-01,9.00e+00,
14610,2.16e-01,9.00e+00,
14611,2.16e-01,9.00e+00,
14612,2.16e-01,9.00e+00,
14613,2.16e-01,9.00e+00,
14614,2.16e-01,8.80e+00,
14615,2.16e-01,9.00e+00,
14616,2.16e-01,9.00e+00,
14617,2.16e-01,9.00e+00,
14618,2.16e-01,9.00e+00,
14619,2.16e-01,9.00e+00,
14620,2.16e-01,8.80e+00,
14621,2.16e-01,9.00e+00,
14622,2.16e-01,9.00e+00,
14623,2.16e-01,9.00e+00,
14624,2.16e-01,9.00e+00,
14625,2.16e-01,9.00e+00,
14626,2.16e-01,8.80e+00,
14627,2.16e-01,9.00e+00,
14628,2.16e-01,8.80e+00,
14629,2.16e-01,9.00e+00,
14630,2.16e-01,8.80e+00,
14631,2.16e-01,9.00e+00,
14632,2.16e-01,9.00e+00,
14633,2.16e-01,8.80e+00,
14634,2.16e-01,9.00e+00,
14635,2.16e-01,9.00e+00,
14636,2.16e-01,9.00e+00,
14637,2.16e-01,9.00e+00,
14638,2.16e-01,9.00e+00,
14639,2.16e-01,9.00e+00,
14640,2.16e-01,9.00e+00,
14641,2.16e-01,9.00e+00,
14642,2.16e-01,9.00e+00,
14643,2.16e-01,9.00e+00,
14644,2.08e-01,8.80e+00,
14645,2.16e-01,9.00e+00,
14646,2.16e-01,9.00e+00,
14647,2.16e-01,9.00e+00,
14648,2.08e-01,9.00e+00,
14649,2.16e-01,9.00e+00,
14650,2.08e-01,8.80e+00,
14651,2.16e-01,9.00e+00,
14652,2.08e-01,9.00e+00,
14653,2.08e-01,9.00e+00,
14654,2.16e-01,9.00e+00,
14655,2.16e-01,9.00e+00,
14656,2.08e-01,9.00e+00,
14657,2.16e-01,9.00e+00,
14658,2.16e-01,8.80e+00,
14659,2.16e-01,9.00e+00,
14660,2.08e-01,9.00e+00,
14661,2.08e-01,9.00e+00,
14662,2.08e-01,8.80e+00,
14663,2.16e-01,9.00e+00,
14664,2.16e-01,9.00e+00,
14665,2.08e-01,9.00e+00,
14666,2.16e-01,8.80e+00,
14667,2.16e-01,9.00e+00,
14668,2.08e-01,8.80e+00,
14669,2.08e-01,9.00e+00,
14670,2.08e-01,9.00e+00,
14671,2.16e-01,9.00e+00,
14672,2.08e-01,9.00e+00,
14673,2.08e-01,9.00e+00,
14674,2.08e-01,8.80e+00,
14675,2.16e-01,9.00e+00,
14676,2.08e-01,9.00e+00,
14677,2.08e-01,9.00e+00,
14678,2.08e-01,9.00e+00,
14679,2.16e-01,9.00e+00,
14680,2.08e-01,9.00e+00,
14681,2.08e-01,9.00e+00,
14682,2.08e-01,8.80e+00,
14683,2.16e-01,9.00e+00,
14684,2.08e-01,9.00e+00,
14685,2.08e-01,9.00e+00,
14686,2.08e-01,9.00e+00,
14687,2.16e-01,9.00e+00,
14688,2.08e-01,9.00e+00,
14689,2.08e-01,9.00e+00,
14690,2.08e-01,9.00e+00,
14691,2.08e-01,9.00e+00,
14692,2.08e-01,9.00e+00,
14693,2.08e-01,9.00e+00,
14694,2.08e-01,9.00e+00,
14695,2.08e-01,9.00e+00,
14696,2.08e-01,9.00e+00,
14697,2.08e-01,9.00e+00,
14698,2.08e-01,9.00e+00,
14699,2.08e-01,9.00e+00,
14700,2.08e-01,9.00e+00,
14701,2.08e-01,9.00e+00,
14702,2.08e-01,9.00e+00,
14703,2.08e-01,9.00e+00,
14704,2.08e-01,9.00e+00,
14705,2.08e-01,9.00e+00,
14706,2.08e-01,9.00e+00,
14707,2.08e-01,9.00e+00,
14708,2.08e-01,9.00e+00,
14709,2.08e-01,9.00e+00,
14710,2.08e-01,8.80e+00,
14711,2.08e-01,9.00e+00,
14712,2.08e-01,8.80e+00,
14713,2.08e-01,9.00e+00,
14714,2.08e-01,9.00e+00,
14715,2.08e-01,9.00e+00,
14716,2.08e-01,9.00e+00,
14717,2.08e-01,9.00e+00,
14718,2.08e-01,9.00e+00,
14719,2.08e-01,9.00e+00,
14720,2.08e-01,9.00e+00,
14721,2.08e-01,9.00e+00,
14722,2.08e-01,9.00e+00,
14723,2.08e-01,9.00e+00,
14724,2.08e-01,8.80e+00,
14725,2.08e-01,9.00e+00,
14726,2.08e-01,9.00e+00,
14727,2.08e-01,9.00e+00,
14728,2.08e-01,9.00e+00,
14729,2.08e-01,9.00e+00,
14730,2.08e-01,9.00e+00,
14731,2.08e-01,9.00e+00,
14732,2.08e-01,8.80e+00,
14733,2.08e-01,9.00e+00,
14734,2.08e-01,9.00e+00,
14735,2.08e-01,9.00e+00,
14736,2.08e-01,9.00e+00,
14737,2.08e-01,9.00e+00,
14738,2.08e-01,8.80e+00,
14739,2.08e-01,9.00e+00,
14740,2.00e-01,9.00e+00,
14741,2.08e-01,9.00e+00,
14742,2.08e-01,8.80e+00,
14743,2.08e-01,9.00e+00,
14744,2.08e-01,9.00e+00,
14745,2.08e-01,9.00e+00,
14746,2.08e-01,9.00e+00,
14747,2.08e-01,9.00e+00,
14748,2.08e-01,9.00e+00,
14749,2.08e-01,9.00e+00,
14750,2.08e-01,9.00e+00,
14751,2.08e-01,9.00e+00,
14752,2.00e-01,9.00e+00,
14753,2.08e-01,9.00e+00,
14754,2.08e-01,9.00e+00,
14755,2.08e-01,9.00e+00,
14756,2.08e-01,8.80e+00,
14757,2.00e-01,9.00e+00,
14758,2.08e-01,9.00e+00,
14759,2.08e-01,9.20e+00,
14760,2.00e-01,9.00e+00,
14761,2.00e-01,8.80e+00,
14762,2.08e-01,9.00e+00,
14763,2.00e-01,9.00e+00,
14764,2.00e-01,8.80e+00,
14765,2.00e-01,9.00e+00,
14766,2.00e-01,8.80e+00,
14767,2.08e-01,9.00e+00,
14768,2.00e-01,8.80e+00,
14769,2.00e-01,9.00e+00,
14770,2.00e-01,9.00e+00,
14771,2.00e-01,9.00e+00,
14772,2.00e-01,9.00e+00,
14773,2.00e-01,9.00e+00,
14774,2.00e-01,9.00e+00,
14775,2.00e-01,9.00e+00,
14776,2.00e-01,9.00e+00,
14777,2.00e-01,9.00e+00,
14778,2.00e-01,9.00e+00,
14779,2.00e-01,9.00e+00,
14780,2.00e-01,8.80e+00,
14781,2.00e-01,9.00e+00,
14782,2.00e-01,8.80e+00,
14783,2.00e-01,9.00e+00,
14784,2.00e-01,9.00e+00,
14785,2.00e-01,9.00e+00,
14786,2.00e-01,9.00e+00,
14787,2.00e-01,9.00e+00,
14788,2.00e-01,9.00e+00,
14789,2.00e-01,9.00e+00,
14790,2.00e-01,8.80e+00,
14791,2.00e-01,9.00e+00,
14792,2.00e-01,8.80e+00,
14793,2.00e-01,9.00e+00,
14794,2.00e-01,9.00e+00,
14795,2.00e-01,9.00e+00,
14796,2.00e-01,9.00e+00,
14797,2.00e-01,9.00e+00,
14798,2.00e-01,9.00e+00,
14799,2.00e-01,9.00e+00,
14800,2.00e-01,9.00e+00,
14801,2.00e-01,9.00e+00,
14802,2.00e-01,8.80e+00,
14803,2.00e-01,9.00e+00,
14804,2.00e-01,8.80e+00,
14805,2.00e-01,9.00e+00,
14806,2.00e-01,9.00e+00,
14807,2.00e-01,9.00e+00,
14808,2.00e-01,9.00e+00,
14809,2.00e-01,9.00e+00,
14810,2.00e-01,9.00e+00,
14811,2.00e-01,9.00e+00,
14812,2.00e-01,8.80e+00,
14813,2.00e-01,9.00e+00,
14814,2.00e-01,8.80e+00,
14815,2.00e-01,9.00e+00,
14816,2.00e-01,9.00e+00,
14817,2.00e-01,9.00e+00,
14818,2.00e-01,8.80e+00,
14819,2.00e-01,9.00e+00,
14820,2.00e-01,8.80e+00,
14821,1.92e-01,9.00e+00,
14822,2.00e-01,9.00e+00,
14823,2.00e-01,9.00e+00,
14824,1.92e-01,9.00e+00,
14825,2.00e-01,9.00e+00,
14826,2.00e-01,9.00e+00,
14827,2.00e-01,9.00e+00,
14828,1.92e-01,8.80e+00,
14829,1.92e-01,9.00e+00,
14830,1.92e-01,8.80e+00,
14831,2.00e-01,9.00e+00,
14832,2.00e-01,9.00e+00,
14833,1.92e-01,9.00e+00,
14834,1.92e-01,9.00e+00,
14835,2.00e-01,8.80e+00,
14836,1.92e-01,8.80e+00,
14837,1.92e-01,9.00e+00,
14838,1.92e-01,8.80e+00,
14839,1.92e-01,9.00e+00,
14840,1.92e-01,9.00e+00,
14841,1.92e-01,9.00e+00,
14842,1.92e-01,9.00e+00,
14843,1.92e-01,9.00e+00,
14844,1.92e-01,8.80e+00,
14845,1.92e-01,9.00e+00,
14846,1.92e-01,9.00e+00,
14847,1.92e-01,9.00e+00,
14848,1.92e-01,9.00e+00,
14849,1.92e-01,9.00e+00,
14850,1.92e-01,8.80e+00,
14851,1.92e-01,9.00e+00,
14852,1.92e-01,8.80e+00,
14853,1.92e-01,9.00e+00,
14854,1.92e-01,9.00e+00,
14855,1.92e-01,9.00e+00,
14856,1.92e-01,9.00e+00,
14857,1.92e-01,8.80e+00,
14858,1.92e-01,9.00e+00,
14859,1.92e-01,9.00e+00,
14860,1.92e-01,8.80e+00,
14861,1.92e-01,9.00e+00,
14862,1.92e-01,9.00e+00,
14863,1.92e-01,9.00e+00,
14864,1.92e-01,9.00e+00,
14865,1.92e-01,8.80e+00,
14866,1.92e-01,9.00e+00,
14867,1.92e-01,8.80e+00,
14868,1.92e-01,8.80e+00,
14869,1.92e-01,9.00e+00,
14870,1.92e-01,8.80e+00,
14871,1.92e-01,9.00e+00,
14872,1.92e-01,8.80e+00,
14873,1.92e-01,9.00e+00,
14874,1.92e-01,9.00e+00,
14875,1.92e-01,9.00e+00,
14876,1.92e-01,8.80e+00,
14877,1.92e-01,9.00e+00,
14878,1.92e-01,9.00e+00,
14879,1.92e-01,9.00e+00,
14880,1.84e-01,9.00e+00,
14881,1.92e-01,9.00e+00,
14882,1.84e-01,8.80e+00,
14883,1.92e-01,9.00e+00,
14884,1.84e-01,9.00e+00,
14885,1.84e-01,9.00e+00,
14886,1.84e-01,8.80e+00,
14887,1.84e-01,9.00e+00,
14888,1.84e-01,8.80e+00,
14889,1.84e-01,9.00e+00,
14890,1.84e-01,8.80e+00,
14891,1.84e-01,9.00e+00,
14892,1.84e-01,9.00e+00,
14893,1.84e-01,8.80e+00,
14894,1.84e-01,9.00e+00,
14895,1.84e-01,9.00e+00,
14896,1.84e-01,9.00e+00,
14897,1.84e-01,9.00e+00,
14898,1.84e-01,8.80e+00,
14899,1.84e-01,9.00e+00,
14900,1.84e-01,9.00e+00,
14901,1.84e-01,9.00e+00,
14902,1.84e-01,8.80e+00,
14903,1.84e-01,9.00e+00,
14904,1.84e-01,9.00e+00,
14905,1.84e-01,9.00e+00,
14906,1.84e-01,9.00e+00,
14907,1.84e-01,9.00e+00,
14908,1.84e-01,8.80e+00,
14909,1.84e-01,8.80e+00,
14910,1.84e-01,9.00e+00,
14911,1.84e-01,9.00e+00,
14912,1.84e-01,9.00e+00,
14913,1.84e-01,9.00e+00,
14914,1.84e-01,8.80e+00,
14915,1.84e-01,9.00e+00,
14916,1.84e-01,9.00e+00,
14917,1.84e-01,9.00e+00,
14918,1.84e-01,9.00e+00,
14919,1.84e-01,8.80e+00,
14920,1.76e-01,9.00e+00,
14921,1.84e-01,9.00e+00,
14922,1.84e-01,9.00e+00,
14923,1.84e-01,9.00e+00,
14924,1.76e-01,8.80e+00,
14925,1.76e-01,9.00e+00,
14926,1.84e-01,9.00e+00,
14927,1.84e-01,9.00e+00,
14928,1.76e-01,9.00e+00,
14929,1.76e-01,9.00e+00,
14930,1.76e-01,9.00e+00,
14931,1.84e-01,8.80e+00,
14932,1.76e-01,8.80e+00,
14933,1.76e-01,9.00e+00,
14934,1.76e-01,9.00e+00,
14935,1.84e-01,9.00e+00,
14936,1.76e-01,8.80e+00,
14937,1.76e-01,9.00e+00,
14938,1.76e-01,9.00e+00,
14939,1.76e-01,9.00e+00,
14940,1.76e-01,8.80e+00,
14941,1.76e-01,9.00e+00,
14942,1.76e-01,9.00e+00,
14943,1.76e-01,9.00e+00,
14944,1.76e-01,9.00e+00,
14945,1.76e-01,9.00e+00,
14946,1.76e-01,8.80e+00,
14947,1.76e-01,9.00e+00,
14948,1.76e-01,8.80e+00,
14949,1.76e-01,9.00e+00,
14950,1.76e-01,9.00e+00,
14951,1.76e-01,8.80e+00,
14952,1.76e-01,8.80e+00,
14953,1.76e-01,8.80e+00,
14954,1.76e-01,8.80e+00,
14955,1.76e-01,9.00e+00,
14956,1.76e-01,8.80e+00,
14957,1.76e-01,9.00e+00,
14958,1.76e-01,9.00e+00,
14959,1.76e-01,9.00e+00,
14960,1.76e-01,9.00e+00,
14961,1.68e-01,8.80e+00,
14962,1.76e-01,9.00e+00,
14963,1.76e-01,8.80e+00,
14964,1.68e-01,8.80e+00,
14965,1.68e-01,9.00e+00,
14966,1.68e-01,9.00e+00,
14967,1.76e-01,8.80e+00,
14968,1.68e-01,9.00e+00,
14969,1.68e-01,9.00e+00,
14970,1.76e-01,8.80e+00,
14971,1.76e-01,9.00e+00,
14972,1.68e-01,9.00e+00,
14973,1.68e-01,9.00e+00,
14974,1.68e-01,8.80e+00,
14975,1.68e-01,9.00e+00,
14976,1.68e-01,9.00e+00,
14977,1.68e-01,9.00e+00,
14978,1.68e-01,9.00e+00,
14979,1.68e-01,9.00e+00,
14980,1.68e-01,9.00e+00,
14981,1.68e-01,9.00e+00,
14982,1.68e-01,9.00e+00,
14983,1.68e-01,8.80e+00,
14984,1.68e-01,9.00e+00,
14985,1.68e-01,8.80e+00,
14986,1.68e-01,8.80e+00,
14987,1.68e-01,8.80e+00,
14988,1.68e-01,9.00e+00,
14989,1.68e-01,9.00e+00,
14990,1.68e-01,8.80e+00,
14991,1.68e-01,9.00e+00,
14992,1.68e-01,9.00e+00,
14993,1.68e-01,8.80e+00,
14994,1.68e-01,8.80e+00,
14995,1.68e-01,8.80e+00,
14996,1.68e-01,9.00e+00,
14997,1.68e-01,9.00e+00,
14998,1.68e-01,8.80e+00,
14999,1.68e-01,9.00e+00,
15000,1.68e-01,9.00e+00,
15001,1.68e-01,8.80e+00,
15002,1.68e-01,8.80e+00,
15003,1.68e-01,8.80e+00,
15004,1.60e-01,8.80e+00,
15005,1.60e-01,8.80e+00,
15006,1.60e-01,8.80e+00,
15007,1.68e-01,9.00e+00,
15008,1.60e-01,8.80e+00,
15009,1.68e-01,9.00e+00,
15010,1.60e-01,8.80e+00,
15011,1.68e-01,9.00e+00,
15012,1.60e-01,8.80e+00,
15013,1.60e-01,9.00e+00,
15014,1.60e-01,9.00e+00,
15015,1.68e-01,8.80e+00,
15016,1.60e-01,9.00e+00,
15017,1.60e-01,8.80e+00,
15018,1.60e-01,8.80e+00,
15019,1.68e-01,9.00e+00,
15020,1.60e-01,8.80e+00,
15021,1.60e-01,9.00e+00,
15022,1.60e-01,9.00e+00,
15023,1.60e-01,8.80e+00,
15024,1.60e-01,9.00e+00,
15025,1.60e-01,9.00e+00,
15026,1.60e-01,8.80e+00,
15027,1.60e-01,9.00e+00,
15028,1.60e-01,9.00e+00,
15029,1.60e-01,8.80e+00,
15030,1.60e-01,8.80e+00,
15031,1.60e-01,9.00e+00,
15032,1.60e-01,8.80e+00,
15033,1.60e-01,9.00e+00,
15034,1.60e-01,9.00e+00,
15035,1.60e-01,9.00e+00,
15036,1.60e-01,8.80e+00,
15037,1.60e-01,9.00e+00,
15038,1.60e-01,8.80e+00,
15039,1.60e-01,9.00e+00,
15040,1.60e-01,9.00e+00,
15041,1.60e-01,9.00e+00,
15042,1.60e-01,9.00e+00,
15043,1.60e-01,9.00e+00,
15044,1.60e-01,9.00e+00,
15045,1.60e-01,9.00e+00,
15046,1.60e-01,8.80e+00,
15047,1.60e-01,9.00e+00,
15048,1.60e-01,9.00e+00,
15049,1.52e-01,9.00e+00,
15050,1.60e-01,8.80e+00,
15051,1.60e-01,9.00e+00,
15052,1.52e-01,8.80e+00,
15053,1.52e-01,8.80e+00,
15054,1.60e-01,8.80e+00,
15055,1.60e-01,9.00e+00,
15056,1.52e-01,9.00e+00,
15057,1.52e-01,9.00e+00,
15058,1.60e-01,8.80e+00,
15059,1.60e-01,9.00e+00,
15060,1.52e-01,8.80e+00,
15061,1.52e-01,8.80e+00,
15062,1.52e-01,8.80e+00,
15063,1.52e-01,9.00e+00,
15064,1.52e-01,9.00e+00,
15065,1.52e-01,8.80e+00,
15066,1.52e-01,8.80e+00,
15067,1.52e-01,8.80e+00,
15068,1.52e-01,8.80e+00,
15069,1.52e-01,9.00e+00,
15070,1.52e-01,8.80e+00,
15071,1.52e-01,9.00e+00,
15072,1.52e-01,9.00e+00,
15073,1.52e-01,8.80e+00,
15074,1.52e-01,8.80e+00,
15075,1.52e-01,9.00e+00,
15076,1.52e-01,8.80e+00,
15077,1.52e-01,9.00e+00,
15078,1.52e-01,8.80e+00,
15079,1.52e-01,8.80e+00,
15080,1.52e-01,8.80e+00,
15081,1.52e-01,9.00e+00,
15082,1.52e-01,8.80e+00,
15083,1.52e-01,8.80e+00,
15084,1.52e-01,8.80e+00,
15085,1.52e-01,9.00e+00,
15086,1.52e-01,9.00e+00,
15087,1.52e-01,9.00e+00,
15088,1.52e-01,9.00e+00,
15089,1.52e-01,8.80e+00,
15090,1.52e-01,8.80e+00,
15091,1.52e-01,9.00e+00,
15092,1.52e-01,8.80e+00,
15093,1.52e-01,9.00e+00,
15094,1.52e-01,8.80e+00,
15095,1.52e-01,9.00e+00,
15096,1.52e-01,9.00e+00,
15097,1.52e-01,9.00e+00,
15098,1.52e-01,8.80e+00,
15099,1.52e-01,9.00e+00,
15100,1.36e-01,8.80e+00,
15101,1.36e-01,9.00e+00,
15102,1.52e-01,9.00e+00,
15103,1.52e-01,8.80e+00,
15104,1.52e-01,9.00e+00,
15105,1.36e-01,8.80e+00,
15106,1.52e-01,9.00e+00,
15107,1.52e-01,9.00e+00,
15108,1.36e-01,8.80e+00,
15109,1.36e-01,9.00e+00,
15110,1.36e-01,8.80e+00,
15111,1.52e-01,9.00e+00,
15112,1.36e-01,8.80e+00,
15113,1.36e-01,9.00e+00,
15114,1.36e-01,8.80e+00,
15115,1.36e-01,9.00e+00,
15116,1.36e-01,9.00e+00,
15117,1.36e-01,9.00e+00,
15118,1.36e-01,8.80e+00,
15119,1.36e-01,9.00e+00,
15120,1.36e-01,9.00e+00,
15121,1.36e-01,9.00e+00,
15122,1.36e-01,8.80e+00,
15123,1.36e-01,9.00e+00,
15124,1.36e-01,8.80e+00,
15125,1.36e-01,9.00e+00,
15126,1.36e-01,8.80e+00,
15127,1.36e-01,9.00e+00,
15128,1.36e-01,8.80e+00,
15129,1.36e-01,8.80e+00,
15130,1.36e-01,8.80e+00,
15131,1.36e-01,9.00e+00,
15132,1.36e-01,8.80e+00,
15133,1.36e-01,9.00e+00,
15134,1.36e-01,8.80e+00,
15135,1.36e-01,9.00e+00,
15136,1.36e-01,8.80e+00,
15137,1.36e-01,9.00e+00,
15138,1.36e-01,8.80e+00,
15139,1.36e-01,9.00e+00,
15140,1.36e-01,8.80e+00,
15141,1.36e-01,9.00e+00,
15142,1.36e-01,8.80e+00,
15143,1.36e-01,8.80e+00,
15144,1.36e-01,9.00e+00,
15145,1.36e-01,9.00e+00,
15146,1.36e-01,8.80e+00,
15147,1.36e-01,8.80e+00,
15148,1.36e-01,8.80e+00,
15149,1.36e-01,9.00e+00,
15150,1.36e-01,9.00e+00,
15151,1.36e-01,9.00e+00,
15152,1.36e-01,8.80e+00,
15153,1.36e-01,8.80e+00,
15154,1.36e-01,8.80e+00,
15155,1.36e-01,8.80e+00,
15156,1.36e-01,8.80e+00,
15157,1.36e-01,9.00e+00,
15158,1.36e-01,8.80e+00,
15159,1.36e-01,9.00e+00,
15160,1.36e-01,9.00e+00,
15161,1.28e-01,8.80e+00,
15162,1.36e-01,9.00e+00,
15163,1.36e-01,8.80e+00,
15164,1.28e-01,9.00e+00,
15165,1.28e-01,9.00e+00,
15166,1.28e-01,9.00e+00,
15167,1.36e-01,9.00e+00,
15168,1.28e-01,8.80e+00,
15169,1.28e-01,9.00e+00,
15170,1.36e-01,8.80e+00,
15171,1.36e-01,9.00e+00,
15172,1.28e-01,8.80e+00,
15173,1.28e-01,8.80e+00,
15174,1.28e-01,8.80e+00,
15175,1.36e-01,9.00e+00,
15176,1.36e-01,8.80e+00,
15177,1.28e-01,8.80e+00,
15178,1.36e-01,8.80e+00,
15179,1.28e-01,9.00e+00,
15180,1.28e-01,8.80e+00,
15181,1.28e-01,9.00e+00,
15182,1.28e-01,8.80e+00,
15183,1.28e-01,9.00e+00,
15184,1.28e-01,8.80e+00,
15185,1.28e-01,8.80e+00,
15186,1.28e-01,8.80e+00,
15187,1.28e-01,8.80e+00,
15188,1.28e-01,9.00e+00,
15189,1.28e-01,9.00e+00,
15190,1.28e-01,8.80e+00,
15191,1.28e-01,9.00e+00,
15192,1.28e-01,9.00e+00,
15193,1.28e-01,8.80e+00,
15194,1.28e-01,8.80e+00,
15195,1.28e-01,9.00e+00,
15196,1.28e-01,9.00e+00,
15197,1.28e-01,9.00e+00,
15198,1.28e-01,8.80e+00,
15199,1.28e-01,8.80e+00,
15200,1.28e-01,8.80e+00,
15201,1.28e-01,9.00e+00,
15202,1.28e-01,8.80e+00,
15203,1.28e-01,8.80e+00,
15204,1.28e-01,8.80e+00,
15205,1.28e-01,8.80e+00,
15206,1.28e-01,9.00e+00,
15207,1.28e-01,8.80e+00,
15208,1.28e-01,9.00e+00,
15209,1.28e-01,9.00e+00,
15210,1.28e-01,8.80e+00,
15211,1.28e-01,8.80e+00,
15212,1.28e-01,8.80e+00,
15213,1.28e-01,9.00e+00,
15214,1.28e-01,9.00e+00,
15215,1.28e-01,8.80e+00,
15216,1.28e-01,8.80e+00,
15217,1.28e-01,9.00e+00,
15218,1.28e-01,8.80e+00,
15219,1.28e-01,8.80e+00,
15220,1.28e-01,8.80e+00,
15221,1.28e-01,8.80e+00,
15222,1.28e-01,8.80e+00,
15223,1.28e-01,9.00e+00,
15224,1.28e-01,8.80e+00,
15225,1.28e-01,9.00e+00,
15226,1.28e-01,8.80e+00,
15227,1.28e-01,9.00e+00,
15228,1.28e-01,8.80e+00,
15229,1.28e-01,9.00e+00,
15230,1.28e-01,8.80e+00,
15231,1.28e-01,8.80e+00,
15232,1.28e-01,8.80e+00,
15233,1.20e-01,9.00e+00,
15234,1.28e-01,8.80e+00,
15235,1.28e-01,8.80e+00,
15236,1.28e-01,8.80e+00,
15237,1.20e-01,9.00e+00,
15238,1.28e-01,8.80e+00,
15239,1.28e-01,8.80e+00,
15240,1.20e-01,8.80e+00,
15241,1.28e-01,9.00e+00,
15242,1.20e-01,8.80e+00,
15243,1.28e-01,9.00e+00,
15244,1.28e-01,8.80e+00,
15245,1.20e-01,9.00e+00,
15246,1.20e-01,9.00e+00,
15247,1.28e-01,9.00e+00,
15248,1.28e-01,8.80e+00,
15249,1.20e-01,9.00e+00,
15250,1.28e-01,8.80e+00,
15251,1.20e-01,9.00e+00,
15252,1.20e-01,8.80e+00,
15253,1.20e-01,8.80e+00,
15254,1.20e-01,8.80e+00,
15255,1.28e-01,8.80e+00,
15256,1.20e-01,9.00e+00,
15257,1.20e-01,9.00e+00,
15258,1.20e-01,8.80e+00,
15259,1.20e-01,9.00e+00,
15260,1.20e-01,8.80e+00,
15261,1.20e-01,9.00e+00,
15262,1.20e-01,8.80e+00,
15263,1.20e-01,9.00e+00,
15264,1.20e-01,8.80e+00,
15265,1.20e-01,9.00e+00,
15266,1.20e-01,8.80e+00,
15267,1.20e-01,9.00e+00,
15268,1.20e-01,8.80e+00,
15269,1.20e-01,8.80e+00,
15270,1.20e-01,8.80e+00,
15271,1.20e-01,8.80e+00,
15272,1.20e-01,8.80e+00,
15273,1.20e-01,8.80e+00,
15274,1.20e-01,8.80e+00,
15275,1.20e-01,9.00e+00,
15276,1.20e-01,8.80e+00,
15277,1.20e-01,8.80e+00,
15278,1.20e-01,8.80e+00,
15279,1.20e-01,8.80e+00,
15280,1.20e-01,8.80e+00,
15281,1.20e-01,9.00e+00,
15282,1.20e-01,8.80e+00,
15283,1.20e-01,9.00e+00,
15284,1.20e-01,8.80e+00,
15285,1.20e-01,8.80e+00,
15286,1.20e-01,8.80e+00,
15287,1.20e-01,9.00e+00,
15288,1.20e-01,8.80e+00,
15289,1.20e-01,8.80e+00,
15290,1.20e-01,8.80e+00,
15291,1.20e-01,9.00e+00,
15292,1.20e-01,9.00e+00,
15293,1.20e-01,8.80e+00,
15294,1.20e-01,8.80e+00,
15295,1.20e-01,8.80e+00,
15296,1.20e-01,8.80e+00,
15297,1.20e-01,8.80e+00,
15298,1.20e-01,9.00e+00,
15299,1.20e-01,9.00e+00,
15300,1.20e-01,8.80e+00,
15301,1.20e-01,8.80e+00,
15302,1.20e-01,8.80e+00,
15303,1.20e-01,8.80e+00,
15304,1.20e-01,9.00e+00,
15305,1.20e-01,8.80e+00,
15306,1.20e-01,9.00e+00,
15307,1.20e-01,8.80e+00,
15308,1.20e-01,8.80e+00,
15309,1.20e-01,8.80e+00,
15310,1.20e-01,8.80e+00,
15311,1.20e-01,9.00e+00,
15312,1.20e-01,8.80e+00,
15313,1.20e-01,8.80e+00,
15314,1.20e-01,8.80e+00,
15315,1.20e-01,9.00e+00,
15316,1.20e-01,8.80e+00,
15317,1.20e-01,9.00e+00,
15318,1.20e-01,8.80e+00,
15319,1.20e-01,8.80e+00,
15320,1.20e-01,8.80e+00,
15321,1.12e-01,9.00e+00,
15322,1.20e-01,8.80e+00,
15323,1.20e-01,8.80e+00,
15324,1.12e-01,8.80e+00,
15325,1.12e-01,9.00e+00,
15326,1.20e-01,8.80e+00,
15327,1.20e-01,9.00e+00,
15328,1.12e-01,8.80e+00,
15329,1.12e-01,8.80e+00,
15330,1.20e-01,8.80e+00,
15331,1.20e-01,8.80e+00,
15332,1.12e-01,8.80e+00,
15333,1.12e-01,9.00e+00,
15334,1.12e-01,9.00e+00,
15335,1.20e-01,8.80e+00,
15336,1.12e-01,8.80e+00,
15337,1.12e-01,8.80e+00,
15338,1.12e-01,8.80e+00,
15339,1.20e-01,9.00e+00,
15340,1.12e-01,8.80e+00,
15341,1.12e-01,9.00e+00,
15342,1.12e-01,8.80e+00,
15343,1.12e-01,8.80e+00,
15344,1.12e-01,8.80e+00,
15345,1.12e-01,8.80e+00,
15346,1.12e-01,8.80e+00,
15347,1.12e-01,8.80e+00,
15348,1.12e-01,8.80e+00,
15349,1.12e-01,9.00e+00,
15350,1.12e-01,8.80e+00,
15351,1.12e-01,9.00e+00,
15352,1.12e-01,8.80e+00,
15353,1.12e-01,8.80e+00,
15354,1.12e-01,8.80e+00,
15355,1.12e-01,9.00e+00,
15356,1.12e-01,8.80e+00,
15357,1.12e-01,9.00e+00,
15358,1.12e-01,8.80e+00,
15359,1.12e-01,8.80e+00,
15360,1.12e-01,8.80e+00,
15361,1.12e-01,8.80e+00,
15362,1.12e-01,9.00e+00,
15363,1.12e-01,8.80e+00,
15364,1.12e-01,8.80e+00,
15365,1.12e-01,8.80e+00,
15366,1.12e-01,8.80e+00,
15367,1.12e-01,9.00e+00,
15368,1.12e-01,8.80e+00,
15369,1.12e-01,8.80e+00,
15370,1.12e-01,8.80e+00,
15371,1.12e-01,8.80e+00,
15372,1.12e-01,8.80e+00,
15373,1.12e-01,8.80e+00,
15374,1.12e-01,8.80e+00,
15375,1.12e-01,9.00e+00,
15376,1.12e-01,8.80e+00,
15377,1.12e-01,8.80e+00,
15378,1.12e-01,8.80e+00,
15379,1.12e-01,8.80e+00,
15380,1.12e-01,8.80e+00,
15381,1.12e-01,9.00e+00,
15382,1.12e-01,8.80e+00,
15383,1.12e-01,9.00e+00,
15384,1.12e-01,9.00e+00,
15385,1.12e-01,8.80e+00,
15386,1.12e-01,8.80e+00,
15387,1.12e-01,9.00e+00,
15388,1.12e-01,8.80e+00,
15389,1.12e-01,8.80e+00,
15390,1.12e-01,8.80e+00,
15391,1.12e-01,9.00e+00,
15392,1.12e-01,8.80e+00,
15393,1.12e-01,8.80e+00,
15394,1.12e-01,8.80e+00,
15395,1.12e-01,8.80e+00,
15396,1.12e-01,8.80e+00,
15397,1.04e-01,8.80e+00,
15398,1.04e-01,8.80e+00,
15399,1.12e-01,9.00e+00,
15400,1.12e-01,8.80e+00,
15401,1.12e-01,8.80e+00,
15402,1.12e-01,8.80e+00,
15403,1.12e-01,9.00e+00,
15404,1.12e-01,8.80e+00,
15405,1.04e-01,8.80e+00,
15406,1.12e-01,8.80e+00,
15407,1.12e-01,9.00e+00,
15408,1.04e-01,8.80e+00,
15409,1.04e-01,8.80e+00,
15410,1.04e-01,8.80e+00,
15411,1.12e-01,8.80e+00,
15412,1.04e-01,8.80e+00,
15413,1.04e-01,9.00e+00,
15414,1.04e-01,8.80e+00,
15415,1.12e-01,8.80e+00,
15416,1.04e-01,8.80e+00,
15417,1.04e-01,9.00e+00,
15418,1.12e-01,8.80e+00,
15419,1.04e-01,9.00e+00,
15420,1.04e-01,8.80e+00,
15421,1.04e-01,9.00e+00,
15422,1.04e-01,8.80e+00,
15423,1.12e-01,8.80e+00,
15424,1.04e-01,8.80e+00,
15425,1.04e-01,8.80e+00,
15426,1.04e-01,8.80e+00,
15427,1.04e-01,9.00e+00,
15428,1.04e-01,8.80e+00,
15429,1.04e-01,9.00e+00,
15430,1.04e-01,8.80e+00,
15431,1.04e-01,8.80e+00,
15432,1.04e-01,8.80e+00,
15433,1.04e-01,9.00e+00,
15434,1.04e-01,8.80e+00,
15435,1.04e-01,8.80e+00,
15436,1.04e-01,8.80e+00,
15437,1.04e-01,9.00e+00,
15438,1.04e-01,8.80e+00,
15439,1.04e-01,8.80e+00,
15440,1.04e-01,9.00e+00,
15441,1.04e-01,8.80e+00,
15442,1.04e-01,8.80e+00,
15443,1.04e-01,8.80e+00,
15444,1.04e-01,8.80e+00,
15445,1.04e-01,8.80e+00,
15446,1.04e-01,8.80e+00,
15447,1.04e-01,8.80e+00,
15448,1.04e-01,8.80e+00,
15449,1.04e-01,8.80e+00,
15450,1.04e-01,8.80e+00,
15451,1.04e-01,8.80e+00,
15452,1.04e-01,8.80e+00,
15453,1.04e-01,8.80e+00,
15454,1.04e-01,8.80e+00,
15455,1.04e-01,8.80e+00,
15456,1.04e-01,8.80e+00,
15457,1.04e-01,9.00e+00,
15458,1.04e-01,8.80e+00,
15459,1.04e-01,9.00e+00,
15460,1.04e-01,8.80e+00,
15461,9.60e-02,8.80e+00,
15462,1.04e-01,8.80e+00,
15463,1.04e-01,8.80e+00,
15464,1.04e-01,8.80e+00,
15465,1.04e-01,8.80e+00,
15466,1.04e-01,8.80e+00,
15467,1.04e-01,8.80e+00,
15468,9.60e-02,8.80e+00,
15469,9.60e-02,9.00e+00,
15470,9.60e-02,8.80e+00,
15471,1.04e-01,8.80e+00,
15472,1.04e-01,9.00e+00,
15473,9.60e-02,8.80e+00,
15474,1.04e-01,8.80e+00,
15475,9.60e-02,8.80e+00,
15476,9.60e-02,8.80e+00,
15477,9.60e-02,9.00e+00,
15478,9.60e-02,8.80e+00,
15479,1.04e-01,9.00e+00,
15480,9.60e-02,8.80e+00,
15481,9.60e-02,9.00e+00,
15482,1.04e-01,8.80e+00,
15483,1.04e-01,9.00e+00,
15484,9.60e-02,8.80e+00,
15485,9.60e-02,8.80e+00,
15486,9.60e-02,8.80e+00,
15487,9.60e-02,9.00e+00,
15488,9.60e-02,8.80e+00,
15489,9.60e-02,8.80e+00,
15490,9.60e-02,8.80e+00,
15491,9.60e-02,9.00e+00,
15492,9.60e-02,8.80e+00,
15493,9.60e-02,8.80e+00,
15494,9.60e-02,8.80e+00,
15495,9.60e-02,8.80e+00,
15496,9.60e-02,9.00e+00,
15497,9.60e-02,9.00e+00,
15498,9.60e-02,8.80e+00,
15499,9.60e-02,9.00e+00,
15500,9.60e-02,8.80e+00,
15501,9.60e-02,9.00e+00,
15502,9.60e-02,8.80e+00,
15503,9.60e-02,9.00e+00,
15504,9.60e-02,8.80e+00,
15505,9.60e-02,8.80e+00,
15506,9.60e-02,8.80e+00,
15507,9.60e-02,9.00e+00,
15508,9.60e-02,8.80e+00,
15509,9.60e-02,9.00e+00,
15510,9.60e-02,9.00e+00,
15511,9.60e-02,9.00e+00,
15512,9.60e-02,8.80e+00,
15513,9.60e-02,9.00e+00,
15514,9.60e-02,8.80e+00,
15515,9.60e-02,8.80e+00,
15516,9.60e-02,8.80e+00,
15517,9.60e-02,9.00e+00,
15518,9.60e-02,8.80e+00,
15519,9.60e-02,8.80e+00,
15520,9.60e-02,8.80e+00,
15521,9.60e-02,8.80e+00,
15522,9.60e-02,8.80e+00,
15523,9.60e-02,9.00e+00,
15524,9.60e-02,8.80e+00,
15525,9.60e-02,8.80e+00,
15526,9.60e-02,8.80e+00,
15527,9.60e-02,8.80e+00,
15528,9.60e-02,8.80e+00,
15529,9.60e-02,9.00e+00,
15530,9.60e-02,8.80e+00,
15531,9.60e-02,9.00e+00,
15532,9.60e-02,8.80e+00,
15533,9.60e-02,8.80e+00,
15534,9.60e-02,8.80e+00,
15535,9.60e-02,9.00e+00,
15536,9.60e-02,8.80e+00,
15537,8.80e-02,8.80e+00,
15538,9.60e-02,8.80e+00,
15539,9.60e-02,9.00e+00,
15540,8.80e-02,8.80e+00,
15541,8.80e-02,8.80e+00,
15542,8.80e-02,8.80e+00,
15543,9.60e-02,9.00e+00,
15544,8.80e-02,8.80e+00,
15545,8.80e-02,8.80e+00,
15546,8.80e-02,8.80e+00,
15547,8.80e-02,8.80e+00,
15548,8.80e-02,8.80e+00,
15549,8.80e-02,9.00e+00,
15550,8.80e-02,8.80e+00,
15551,9.60e-02,9.00e+00,
15552,8.80e-02,8.80e+00,
15553,8.80e-02,8.80e+00,
15554,8.80e-02,8.80e+00,
15555,8.80e-02,8.80e+00,
15556,8.80e-02,8.80e+00,
15557,8.80e-02,8.80e+00,
15558,8.80e-02,8.80e+00,
15559,8.80e-02,9.00e+00,
15560,8.80e-02,8.80e+00,
15561,8.80e-02,8.80e+00,
15562,8.80e-02,8.80e+00,
15563,8.80e-02,8.80e+00,
15564,8.80e-02,8.80e+00,
15565,8.80e-02,9.00e+00,
15566,8.80e-02,8.80e+00,
15567,8.80e-02,8.80e+00,
15568,8.80e-02,8.80e+00,
15569,8.80e-02,8.80e+00,
15570,8.80e-02,8.80e+00,
15571,8.80e-02,9.00e+00,
15572,8.80e-02,8.80e+00,
15573,8.80e-02,9.00e+00,
15574,8.80e-02,8.80e+00,
15575,8.80e-02,8.80e+00,
15576,8.80e-02,8.80e+00,
15577,8.80e-02,8.80e+00,
15578,8.80e-02,8.80e+00,
15579,8.80e-02,8.80e+00,
15580,8.80e-02,8.80e+00,
15581,8.80e-02,9.00e+00,
15582,8.80e-02,8.80e+00,
15583,8.80e-02,8.80e+00,
15584,8.80e-02,8.80e+00,
15585,8.80e-02,8.80e+00,
15586,8.80e-02,8.80e+00,
15587,8.80e-02,8.80e+00,
15588,8.80e-02,8.80e+00,
15589,8.00e-02,8.80e+00,
15590,8.00e-02,8.80e+00,
15591,8.80e-02,9.00e+00,
15592,8.80e-02,8.80e+00,
15593,8.00e-02,8.80e+00,
15594,8.80e-02,8.80e+00,
15595,8.80e-02,9.00e+00,
15596,8.00e-02,8.80e+00,
15597,8.00e-02,9.00e+00,
15598,8.80e-02,8.80e+00,
15599,8.00e-02,8.80e+00,
15600,8.00e-02,8.80e+00,
15601,8.00e-02,8.80e+00,
15602,8.00e-02,8.80e+00,
15603,8.00e-02,8.80e+00,
15604,8.00e-02,8.80e+00,
15605,8.00e-02,9.00e+00,
15606,8.00e-02,8.80e+00,
15607,8.00e-02,8.80e+00,
15608,8.00e-02,8.80e+00,
15609,8.00e-02,8.80e+00,
15610,8.00e-02,8.80e+00,
15611,8.00e-02,8.80e+00,
15612,8.00e-02,8.80e+00,
15613,8.00e-02,8.80e+00,
15614,8.00e-02,8.80e+00,
15615,8.00e-02,9.00e+00,
15616,8.00e-02,8.80e+00,
15617,8.00e-02,8.80e+00,
15618,8.00e-02,8.80e+00,
15619,8.00e-02,8.80e+00,
15620,8.00e-02,8.80e+00,
15621,8.00e-02,9.00e+00,
15622,8.00e-02,8.80e+00,
15623,8.00e-02,8.80e+00,
15624,8.00e-02,8.80e+00,
15625,8.00e-02,8.80e+00,
15626,8.00e-02,8.80e+00,
15627,8.00e-02,9.00e+00,
15628,8.00e-02,8.80e+00,
15629,8.00e-02,8.80e+00,
15630,8.00e-02,8.80e+00,
15631,8.00e-02,8.80e+00,
15632,8.00e-02,8.80e+00,
15633,8.00e-02,8.80e+00,
15634,8.00e-02,8.80e+00,
15635,8.00e-02,8.80e+00,
15636,8.00e-02,8.80e+00,
15637,7.20e-02,9.00e+00,
15638,8.00e-02,8.80e+00,
15639,8.00e-02,8.80e+00,
15640,8.00e-02,8.80e+00,
15641,7.20e-02,9.00e+00,
15642,8.00e-02,8.80e+00,
15643,8.00e-02,8.80e+00,
15644,8.00e-02,8.80e+00,
15645,7.20e-02,8.80e+00,
15646,8.00e-02,8.80e+00,
15647,8.00e-02,9.00e+00,
15648,8.00e-02,9.00e+00,
15649,7.20e-02,9.00e+00,
15650,8.00e-02,8.80e+00,
15651,7.20e-02,8.80e+00,
15652,7.20e-02,8.80e+00,
15653,7.20e-02,8.80e+00,
15654,7.20e-02,8.80e+00,
15655,7.20e-02,8.80e+00,
15656,7.20e-02,8.80e+00,
15657,7.20e-02,9.00e+00,
15658,7.20e-02,8.80e+00,
15659,7.20e-02,9.00e+00,
15660,7.20e-02,8.80e+00,
15661,7.20e-02,8.80e+00,
15662,7.20e-02,8.80e+00,
15663,7.20e-02,8.80e+00,
15664,7.20e-02,8.80e+00,
15665,7.20e-02,8.80e+00,
15666,7.20e-02,8.80e+00,
15667,7.20e-02,8.80e+00,
15668,7.20e-02,8.80e+00,
15669,7.20e-02,8.80e+00,
15670,7.20e-02,8.80e+00,
15671,7.20e-02,8.80e+00,
15672,7.20e-02,8.80e+00,
15673,7.20e-02,8.80e+00,
15674,7.20e-02,8.80e+00,
15675,7.20e-02,9.00e+00,
15676,7.20e-02,8.80e+00,
15677,7.20e-02,8.80e+00,
15678,7.20e-02,8.80e+00,
15679,7.20e-02,8.80e+00,
15680,7.20e-02,8.80e+00,
15681,7.20e-02,8.80e+00,
15682,7.20e-02,8.80e+00,
15683,7.20e-02,8.80e+00,
15684,7.20e-02,8.80e+00,
15685,7.20e-02,8.80e+00,
15686,7.20e-02,8.80e+00,
15687,7.20e-02,8.80e+00,
15688,7.20e-02,8.80e+00,
15689,7.20e-02,8.80e+00,
15690,7.20e-02,8.80e+00,
15691,7.20e-02,8.80e+00,
15692,7.20e-02,8.80e+00,
15693,7.20e-02,8.80e+00,
15694,7.20e-02,8.80e+00,
15695,7.20e-02,8.80e+00,
15696,7.20e-02,8.80e+00,
15697,7.20e-02,8.80e+00,
15698,7.20e-02,8.80e+00,
15699,7.20e-02,8.80e+00,
15700,7.20e-02,8.80e+00,
15701,6.40e-02,9.00e+00,
15702,7.20e-02,8.80e+00,
15703,6.40e-02,8.80e+00,
15704,6.40e-02,8.80e+00,
15705,6.40e-02,8.80e+00,
15706,7.20e-02,8.80e+00,
15707,6.40e-02,8.80e+00,
15708,6.40e-02,8.80e+00,
15709,6.40e-02,8.80e+00,
15710,6.40e-02,8.80e+00,
15711,7.20e-02,9.00e+00,
15712,6.40e-02,8.80e+00,
15713,6.40e-02,8.80e+00,
15714,6.40e-02,8.80e+00,
15715,6.40e-02,8.80e+00,
15716,6.40e-02,8.80e+00,
15717,6.40e-02,8.80e+00,
15718,6.40e-02,8.80e+00,
15719,6.40e-02,8.80e+00,
15720,6.40e-02,8.80e+00,
15721,6.40e-02,8.80e+00,
15722,6.40e-02,8.80e+00,
15723,6.40e-02,9.00e+00,
15724,6.40e-02,8.80e+00,
15725,6.40e-02,8.80e+00,
15726,6.40e-02,8.80e+00,
15727,6.40e-02,8.80e+00,
15728,6.40e-02,8.80e+00,
15729,6.40e-02,8.80e+00,
15730,6.40e-02,8.80e+00,
15731,6.40e-02,8.80e+00,
15732,6.40e-02,8.80e+00,
15733,6.40e-02,8.80e+00,
15734,6.40e-02,8.80e+00,
15735,6.40e-02,8.80e+00,
15736,6.40e-02,8.80e+00,
15737,6.40e-02,8.80e+00,
15738,6.40e-02,8.80e+00,
15739,6.40e-02,8.80e+00,
15740,6.40e-02,8.80e+00,
15741,6.40e-02,8.80e+00,
15742,6.40e-02,8.80e+00,
15743,6.40e-02,8.80e+00,
15744,6.40e-02,8.80e+00,
15745,5.60e-02,8.80e+00,
15746,6.40e-02,8.80e+00,
15747,6.40e-02,8.80e+00,
15748,6.40e-02,8.80e+00,
15749,6.40e-02,8.80e+00,
15750,6.40e-02,8.80e+00,
15751,6.40e-02,8.80e+00,
15752,6.40e-02,8.80e+00,
15753,6.40e-02,8.80e+00,
15754,6.40e-02,8.80e+00,
15755,6.40e-02,8.80e+00,
15756,6.40e-02,8.80e+00,
15757,5.60e-02,8.80e+00,
15758,5.60e-02,8.80e+00,
15759,6.40e-02,9.00e+00,
15760,6.40e-02,8.80e+00,
15761,5.60e-02,8.80e+00,
15762,6.40e-02,8.80e+00,
15763,5.60e-02,8.80e+00,
15764,5.60e-02,8.80e+00,
15765,5.60e-02,8.80e+00,
15766,5.60e-02,8.80e+00,
15767,6.40e-02,8.80e+00,
15768,5.60e-02,8.80e+00,
15769,5.60e-02,8.80e+00,
15770,6.40e-02,8.80e+00,
15771,5.60e-02,8.80e+00,
15772,5.60e-02,8.80e+00,
15773,5.60e-02,8.80e+00,
15774,5.60e-02,8.80e+00,
15775,5.60e-02,8.80e+00,
15776,5.60e-02,8.80e+00,
15777,5.60e-02,8.80e+00,
15778,5.60e-02,8.80e+00,
15779,5.60e-02,8.80e+00,
15780,5.60e-02,8.80e+00,
15781,5.60e-02,9.00e+00,
15782,5.60e-02,8.80e+00,
15783,5.60e-02,8.80e+00,
15784,5.60e-02,8.80e+00,
15785,5.60e-02,8.80e+00,
15786,5.60e-02,8.80e+00,
15787,5.60e-02,8.80e+00,
15788,5.60e-02,8.80e+00,
15789,5.60e-02,9.00e+00,
15790,5.60e-02,8.80e+00,
15791,5.60e-02,8.80e+00,
15792,5.60e-02,8.80e+00,
15793,5.60e-02,8.80e+00,
15794,5.60e-02,8.80e+00,
15795,5.60e-02,8.80e+00,
15796,5.60e-02,8.80e+00,
15797,5.60e-02,9.00e+00,
15798,5.60e-02,8.80e+00,
15799,5.60e-02,8.80e+00,
15800,5.60e-02,8.80e+00,
15801,5.60e-02,8.80e+00,
15802,5.60e-02,8.80e+00,
15803,5.60e-02,8.80e+00,
15804,5.60e-02,8.80e+00,
15805,5.60e-02,8.80e+00,
15806,5.60e-02,8.80e+00,
15807,5.60e-02,8.80e+00,
15808,5.60e-02,8.80e+00,
15809,5.60e-02,8.80e+00,
15810,5.60e-02,8.80e+00,
15811,5.60e-02,8.80e+00,
15812,5.60e-02,8.80e+00,
15813,5.60e-02,8.80e+00,
15814,5.60e-02,8.80e+00,
15815,5.60e-02,8.80e+00,
15816,5.60e-02,8.80e+00,
15817,5.60e-02,8.80e+00,
15818,5.60e-02,8.80e+00,
15819,5.60e-02,8.80e+00,
15820,5.60e-02,8.80e+00,
15821,4.80e-02,8.80e+00,
15822,5.60e-02,8.80e+00,
15823,5.60e-02,8.80e+00,
15824,5.60e-02,8.80e+00,
15825,4.80e-02,8.80e+00,
15826,5.60e-02,8.80e+00,
15827,5.60e-02,8.80e+00,
15828,4.80e-02,8.80e+00,
15829,4.80e-02,9.00e+00,
15830,4.80e-02,8.80e+00,
15831,5.60e-02,8.80e+00,
15832,4.80e-02,8.80e+00,
15833,4.80e-02,8.80e+00,
15834,5.60e-02,8.80e+00,
15835,5.60e-02,8.80e+00,
15836,4.80e-02,8.80e+00,
15837,4.80e-02,8.80e+00,
15838,4.80e-02,8.80e+00,
15839,4.80e-02,8.80e+00,
15840,4.80e-02,8.80e+00,
15841,4.80e-02,8.80e+00,
15842,4.80e-02,8.80e+00,
15843,4.80e-02,8.80e+00,
15844,4.80e-02,8.80e+00,
15845,4.80e-02,9.00e+00,
15846,4.80e-02,8.80e+00,
15847,4.80e-02,8.80e+00,
15848,4.80e-02,8.80e+00,
15849,4.80e-02,8.80e+00,
15850,4.80e-02,8.80e+00,
15851,4.80e-02,8.80e+00,
15852,4.80e-02,8.80e+00,
15853,4.80e-02,9.00e+00,
15854,4.80e-02,8.80e+00,
15855,4.80e-02,8.80e+00,
15856,4.80e-02,8.80e+00,
15857,4.80e-02,8.80e+00,
15858,4.80e-02,8.80e+00,
15859,4.80e-02,8.80e+00,
15860,4.80e-02,8.80e+00,
15861,4.80e-02,8.80e+00,
15862,4.80e-02,8.80e+00,
15863,4.80e-02,8.80e+00,
15864,4.80e-02,8.80e+00,
15865,4.80e-02,8.80e+00,
15866,4.80e-02,8.80e+00,
15867,4.80e-02,8.80e+00,
15868,4.80e-02,8.80e+00,
15869,4.80e-02,8.80e+00,
15870,4.80e-02,8.80e+00,
15871,4.80e-02,8.80e+00,
15872,4.80e-02,8.80e+00,
15873,4.80e-02,8.80e+00,
15874,4.80e-02,8.80e+00,
15875,4.80e-02,8.80e+00,
15876,4.80e-02,8.80e+00,
15877,4.80e-02,8.80e+00,
15878,4.80e-02,8.80e+00,
15879,4.80e-02,8.80e+00,
15880,4.80e-02,8.80e+00,
15881,4.80e-02,8.80e+00,
15882,4.80e-02,8.80e+00,
15883,4.80e-02,8.80e+00,
15884,4.80e-02,8.80e+00,
15885,4.80e-02,8.80e+00,
15886,4.80e-02,8.80e+00,
15887,4.80e-02,8.80e+00,
15888,4.80e-02,8.80e+00,
15889,4.00e-02,8.80e+00,
15890,4.80e-02,8.80e+00,
15891,4.80e-02,8.80e+00,
15892,4.00e-02,8.80e+00,
15893,4.00e-02,8.80e+00,
15894,4.80e-02,8.80e+00,
15895,4.00e-02,8.80e+00,
15896,4.80e-02,8.80e+00,
15897,4.00e-02,8.80e+00,
15898,4.80e-02,8.80e+00,
15899,4.80e-02,8.80e+00,
15900,4.80e-02,8.80e+00,
15901,4.00e-02,8.80e+00,
15902,4.00e-02,8.80e+00,
15903,4.00e-02,8.80e+00,
15904,4.80e-02,8.80e+00,
15905,4.00e-02,8.80e+00,
15906,4.80e-02,8.80e+00,
15907,4.80e-02,8.80e+00,
15908,4.00e-02,8.80e+00,
15909,4.00e-02,8.80e+00,
15910,4.80e-02,8.80e+00,
15911,4.00e-02,8.80e+00,
15912,4.00e-02,8.80e+00,
15913,4.00e-02,8.80e+00,
15914,4.00e-02,8.80e+00,
15915,4.00e-02,8.80e+00,
15916,4.00e-02,8.80e+00,
15917,4.00e-02,8.80e+00,
15918,4.00e-02,8.80e+00,
15919,4.00e-02,8.80e+00,
15920,4.00e-02,8.80e+00,
15921,4.00e-02,8.80e+00,
15922,4.00e-02,8.80e+00,
15923,4.00e-02,8.80e+00,
15924,4.00e-02,8.80e+00,
15925,4.00e-02,8.80e+00,
15926,4.00e-02,8.80e+00,
15927,4.00e-02,8.80e+00,
15928,4.00e-02,8.80e+00,
15929,4.00e-02,8.80e+00,
15930,4.00e-02,8.80e+00,
15931,4.00e-02,9.00e+00,
15932,4.00e-02,8.80e+00,
15933,4.00e-02,8.80e+00,
15934,4.00e-02,8.80e+00,
15935,4.00e-02,8.80e+00,
15936,4.00e-02,8.80e+00,
15937,4.00e-02,8.80e+00,
15938,4.00e-02,8.80e+00,
15939,4.00e-02,8.80e+00,
15940,4.00e-02,8.80e+00,
15941,4.00e-02,8.80e+00,
15942,4.00e-02,8.80e+00,
15943,4.00e-02,8.80e+00,
15944,4.00e-02,8.80e+00,
15945,4.00e-02,8.80e+00,
15946,4.00e-02,8.80e+00,
15947,4.00e-02,8.80e+00,
15948,4.00e-02,8.80e+00,
15949,4.00e-02,8.80e+00,
15950,4.00e-02,8.80e+00,
15951,4.00e-02,8.80e+00,
15952,4.00e-02,8.80e+00,
15953,4.00e-02,8.80e+00,
15954,4.00e-02,8.80e+00,
15955,4.00e-02,8.80e+00,
15956,4.00e-02,8.80e+00,
15957,3.20e-02,8.80e+00,
15958,4.00e-02,8.80e+00,
15959,4.00e-02,8.80e+00,
15960,4.00e-02,8.80e+00,
15961,4.00e-02,8.80e+00,
15962,4.00e-02,8.80e+00,
15963,4.00e-02,8.80e+00,
15964,4.00e-02,8.80e+00,
15965,4.00e-02,8.80e+00,
15966,4.00e-02,8.80e+00,
15967,4.00e-02,8.80e+00,
15968,4.00e-02,8.80e+00,
15969,3.20e-02,8.80e+00,
15970,4.00e-02,8.80e+00,
15971,4.00e-02,8.80e+00,
15972,3.20e-02,8.80e+00,
15973,3.20e-02,8.80e+00,
15974,4.00e-02,8.80e+00,
15975,3.20e-02,8.80e+00,
15976,3.20e-02,8.80e+00,
15977,3.20e-02,8.80e+00,
15978,4.00e-02,8.80e+00,
15979,4.00e-02,8.80e+00,
15980,3.20e-02,8.80e+00,
15981,3.20e-02,8.80e+00,
15982,3.20e-02,8.80e+00,
15983,4.00e-02,8.80e+00,
15984,3.20e-02,8.80e+00,
15985,3.20e-02,8.80e+00,
15986,4.00e-02,8.80e+00,
15987,3.20e-02,8.80e+00,
15988,3.20e-02,8.80e+00,
15989,3.20e-02,8.80e+00,
15990,3.20e-02,8.80e+00,
15991,3.20e-02,8.80e+00,
15992,3.20e-02,8.80e+00,
15993,3.20e-02,8.80e+00,
15994,3.20e-02,8.80e+00,
15995,3.20e-02,8.80e+00,
15996,3.20e-02,8.80e+00,
15997,3.20e-02,8.80e+00,
15998,3.20e-02,8.80e+00,
15999,3.20e-02,8.80e+00,
16000,3.20e-02,8.80e+00,
16001,3.20e-02,8.80e+00,
16002,3.20e-02,8.80e+00,
16003,3.20e-02,8.80e+00,
16004,3.20e-02,8.80e+00,
16005,3.20e-02,8.80e+00,
16006,3.20e-02,8.80e+00,
16007,3.20e-02,8.80e+00,
16008,3.20e-02,8.80e+00,
16009,3.20e-02,8.80e+00,
16010,3.20e-02,8.80e+00,
16011,3.20e-02,8.80e+00,
16012,3.20e-02,8.80e+00,
16013,3.20e-02,8.80e+00,
16014,3.20e-02,8.80e+00,
16015,3.20e-02,8.80e+00,
16016,3.20e-02,8.80e+00,
16017,3.20e-02,8.80e+00,
16018,3.20e-02,8.80e+00,
16019,3.20e-02,8.80e+00,
16020,3.20e-02,8.80e+00,
16021,3.20e-02,8.80e+00,
16022,3.20e-02,8.80e+00,
16023,3.20e-02,8.80e+00,
16024,3.20e-02,8.80e+00,
16025,3.20e-02,8.80e+00,
16026,3.20e-02,8.80e+00,
16027,3.20e-02,8.80e+00,
16028,3.20e-02,8.80e+00,
16029,2.40e-02,8.80e+00,
16030,3.20e-02,8.80e+00,
16031,3.20e-02,8.80e+00,
16032,2.40e-02,8.80e+00,
16033,2.40e-02,8.80e+00,
16034,3.20e-02,8.80e+00,
16035,3.20e-02,8.80e+00,
16036,3.20e-02,8.80e+00,
16037,2.40e-02,8.80e+00,
16038,3.20e-02,8.80e+00,
16039,3.20e-02,8.80e+00,
16040,2.40e-02,8.80e+00,
16041,2.40e-02,8.80e+00,
16042,3.20e-02,8.80e+00,
16043,2.40e-02,8.80e+00,
16044,2.40e-02,8.80e+00,
16045,2.40e-02,8.80e+00,
16046,2.40e-02,8.80e+00,
16047,2.40e-02,8.80e+00,
16048,2.40e-02,8.80e+00,
16049,2.40e-02,8.80e+00,
16050,2.40e-02,8.80e+00,
16051,2.40e-02,9.00e+00,
16052,2.40e-02,8.80e+00,
16053,2.40e-02,8.80e+00,
16054,2.40e-02,8.80e+00,
16055,2.40e-02,8.80e+00,
16056,2.40e-02,8.80e+00,
16057,2.40e-02,8.80e+00,
16058,2.40e-02,8.80e+00,
16059,2.40e-02,8.80e+00,
16060,2.40e-02,8.80e+00,
16061,2.40e-02,8.80e+00,
16062,2.40e-02,8.80e+00,
16063,2.40e-02,8.80e+00,
16064,2.40e-02,8.80e+00,
16065,2.40e-02,8.80e+00,
16066,2.40e-02,8.80e+00,
16067,2.40e-02,8.80e+00,
16068,2.40e-02,8.80e+00,
16069,2.40e-02,8.80e+00,
16070,2.40e-02,8.80e+00,
16071,2.40e-02,8.80e+00,
16072,2.40e-02,8.80e+00,
16073,2.40e-02,8.80e+00,
16074,2.40e-02,8.80e+00,
16075,2.40e-02,8.80e+00,
16076,2.40e-02,8.80e+00,
16077,2.40e-02,8.80e+00,
16078,2.40e-02,8.80e+00,
16079,2.40e-02,8.80e+00,
16080,2.40e-02,8.80e+00,
16081,1.60e-02,8.80e+00,
16082,2.40e-02,8.80e+00,
16083,2.40e-02,8.80e+00,
16084,2.40e-02,8.80e+00,
16085,1.60e-02,8.80e+00,
16086,2.40e-02,8.80e+00,
16087,2.40e-02,8.80e+00,
16088,2.40e-02,8.80e+00,
16089,2.40e-02,8.80e+00,
16090,2.40e-02,8.80e+00,
16091,2.40e-02,8.80e+00,
16092,2.40e-02,8.80e+00,
16093,1.60e-02,8.80e+00,
16094,2.40e-02,8.80e+00,
16095,2.40e-02,8.80e+00,
16096,1.60e-02,8.80e+00,
16097,1.60e-02,8.80e+00,
16098,2.40e-02,8.60e+00,
16099,1.60e-02,9.00e+00,
16100,1.60e-02,8.80e+00,
16101,1.60e-02,8.80e+00,
16102,1.60e-02,8.80e+00,
16103,1.60e-02,8.80e+00,
16104,1.60e-02,8.80e+00,
16105,1.60e-02,8.80e+00,
16106,1.60e-02,8.60e+00,
16107,1.60e-02,8.80e+00,
16108,1.60e-02,8.60e+00,
16109,1.60e-02,8.80e+00,
16110,1.60e-02,8.80e+00,
16111,1.60e-02,8.80e+00,
16112,1.60e-02,8.80e+00,
16113,1.60e-02,8.80e+00,
16114,1.60e-02,8.80e+00,
16115,1.60e-02,8.80e+00,
16116,1.60e-02,8.80e+00,
16117,1.60e-02,8.80e+00,
16118,1.60e-02,8.80e+00,
16119,1.60e-02,8.80e+00,
16120,1.60e-02,8.80e+00,
16121,1.60e-02,8.80e+00,
16122,1.60e-02,8.80e+00,
16123,1.60e-02,8.80e+00,
16124,1.60e-02,8.80e+00,
16125,1.60e-02,8.80e+00,
16126,1.60e-02,8.80e+00,
16127,1.60e-02,8.80e+00,
16128,1.60e-02,8.80e+00,
16129,8.00e-03,8.80e+00,
16130,1.60e-02,8.80e+00,
16131,1.60e-02,8.80e+00,
16132,1.60e-02,8.80e+00,
16133,8.00e-03,8.80e+00,
16134,1.60e-02,8.80e+00,
16135,1.60e-02,8.80e+00,
16136,1.60e-02,8.80e+00,
16137,8.00e-03,8.80e+00,
16138,1.60e-02,8.80e+00,
16139,1.60e-02,8.80e+00,
16140,1.60e-02,8.60e+00,
16141,8.00e-03,8.80e+00,
16142,1.60e-02,8.80e+00,
16143,1.60e-02,8.80e+00,
16144,1.60e-02,8.80e+00,
16145,8.00e-03,8.80e+00,
16146,1.60e-02,8.60e+00,
16147,8.00e-03,8.80e+00,
16148,8.00e-03,8.80e+00,
16149,8.00e-03,8.80e+00,
16150,8.00e-03,8.80e+00,
16151,8.00e-03,8.80e+00,
16152,8.00e-03,8.80e+00,
16153,8.00e-03,8.80e+00,
16154,8.00e-03,8.80e+00,
16155,8.00e-03,8.80e+00,
16156,8.00e-03,8.80e+00,
16157,8.00e-03,8.80e+00,
16158,8.00e-03,8.80e+00,
16159,8.00e-03,8.80e+00,
16160,8.00e-03,8.80e+00,
16161,8.00e-03,8.80e+00,
16162,8.00e-03,8.80e+00,
16163,8.00e-03,8.80e+00,
16164,8.00e-03,8.80e+00,
16165,8.00e-03,8.80e+00,
16166,8.00e-03,8.60e+00,
16167,8.00e-03,8.80e+00,
16168,8.00e-03,8.80e+00,
16169,8.00e-03,8.80e+00,
16170,8.00e-03,8.80e+00,
16171,8.00e-03,8.80e+00,
16172,8.00e-03,8.80e+00,
16173,8.00e-03,8.80e+00,
16174,8.00e-03,8.80e+00,
16175,8.00e-03,8.80e+00,
16176,8.00e-03,8.80e+00,
16177,8.00e-03,8.80e+00,
16178,8.00e-03,8.80e+00,
16179,8.00e-03,8.80e+00,
16180,8.00e-03,8.80e+00,
16181,8.00e-03,8.80e+00,
16182,8.00e-03,8.80e+00,
16183,8.00e-03,8.80e+00,
16184,8.00e-03,8.80e+00,
16185,8.00e-03,8.80e+00,
16186,8.00e-03,8.60e+00,
16187,8.00e-03,8.80e+00,
16188,8.00e-03,8.80e+00,
16189,0.00e+00,8.80e+00,
16190,8.00e-03,8.80e+00,
16191,8.00e-03,8.80e+00,
16192,8.00e-03,8.80e+00,
16193,0.00e+00,8.80e+00,
16194,8.00e-03,8.80e+00,
16195,8.00e-03,8.80e+00,
16196,8.00e-03,8.80e+00,
16197,0.00e+00,8.80e+00,
16198,0.00e+00,8.80e+00,
16199,0.00e+00,8.80e+00,
16200,8.00e-03,8.80e+00,
16201,0.00e+00,8.80e+00,
16202,8.00e-03,8.80e+00,
16203,0.00e+00,8.80e+00,
16204,0.00e+00,8.80e+00,
16205,0.00e+00,8.80e+00,
16206,0.00e+00,8.80e+00,
16207,0.00e+00,8.80e+00,
16208,8.00e-03,8.80e+00,
16209,0.00e+00,8.80e+00,
16210,0.00e+00,8.80e+00,
16211,0.00e+00,9.00e+00,
16212,0.00e+00,8.80e+00,
16213,0.00e+00,8.80e+00,
16214,0.00e+00,8.80e+00,
16215,0.00e+00,8.80e+00,
16216,0.00e+00,8.80e+00,
16217,0.00e+00,8.80e+00,
16218,0.00e+00,8.60e+00,
16219,0.00e+00,8.80e+00,
16220,0.00e+00,8.80e+00,
16221,0.00e+00,8.80e+00,
16222,0.00e+00,8.80e+00,
16223,0.00e+00,8.80e+00,
16224,0.00e+00,8.80e+00,
16225,0.00e+00,8.60e+00,
16226,0.00e+00,8.60e+00,
16227,0.00e+00,8.80e+00,
16228,0.00e+00,8.80e+00,
16229,0.00e+00,8.80e+00,
16230,0.00e+00,8.80e+00,
16231,0.00e+00,8.80e+00,
16232,0.00e+00,8.80e+00,
16233,0.00e+00,8.80e+00,
16234,0.00e+00,8.60e+00,
16235,0.00e+00,8.80e+00,
16236,0.00e+00,8.80e+00,
16237,0.00e+00,8.80e+00,
16238,0.00e+00,8.60e+00,
16239,0.00e+00,8.80e+00,
16240,0.00e+00,8.80e+00,
16241,0.00e+00,8.80e+00,
16242,0.00e+00,8.60e+00,
16243,0.00e+00,8.80e+00,
16244,0.00e+00,8.80e+00,
16245,-8.00e-03,8.80e+00,
16246,0.00e+00,8.80e+00,
16247,0.00e+00,8.80e+00,
16248,0.00e+00,8.80e+00,
16249,-8.00e-03,8.80e+00,
16250,0.00e+00,8.60e+00,
16251,0.00e+00,8.80e+00,
16252,-8.00e-03,8.80e+00,
16253,-8.00e-03,8.80e+00,
16254,-8.00e-03,8.80e+00,
16255,-8.00e-03,8.80e+00,
16256,0.00e+00,8.80e+00,
16257,-8.00e-03,8.80e+00,
16258,0.00e+00,8.80e+00,
16259,-8.00e-03,8.80e+00,
16260,-8.00e-03,8.80e+00,
16261,-8.00e-03,8.80e+00,
16262,-8.00e-03,8.80e+00,
16263,-8.00e-03,8.80e+00,
16264,-8.00e-03,8.80e+00,
16265,-8.00e-03,8.80e+00,
16266,-8.00e-03,8.80e+00,
16267,-8.00e-03,8.80e+00,
16268,-8.00e-03,8.80e+00,
16269,-8.00e-03,8.80e+00,
16270,-8.00e-03,8.80e+00,
16271,-8.00e-03,8.80e+00,
16272,-8.00e-03,8.80e+00,
16273,-8.00e-03,8.80e+00,
16274,-8.00e-03,8.80e+00,
16275,-8.00e-03,8.80e+00,
16276,-8.00e-03,8.80e+00,
16277,-8.00e-03,8.80e+00,
16278,-8.00e-03,8.80e+00,
16279,-8.00e-03,8.80e+00,
16280,-8.00e-03,8.80e+00,
16281,-8.00e-03,8.80e+00,
16282,-8.00e-03,8.80e+00,
16283,-8.00e-03,8.80e+00,
16284,-8.00e-03,8.80e+00,
16285,-8.00e-03,8.80e+00,
16286,-8.00e-03,8.80e+00,
16287,-8.00e-03,8.80e+00,
16288,-8.00e-03,8.80e+00,
16289,-8.00e-03,8.80e+00,
16290,-8.00e-03,8.60e+00,
16291,-8.00e-03,8.80e+00,
16292,-8.00e-03,8.80e+00,
16293,-8.00e-03,8.80e+00,
16294,-8.00e-03,8.80e+00,
16295,-8.00e-03,8.80e+00,
16296,-8.00e-03,8.80e+00,
16297,-8.00e-03,8.80e+00,
16298,-8.00e-03,8.60e+00,
16299,-8.00e-03,8.80e+00,
16300,-8.00e-03,8.60e+00,
16301,-1.60e-02,8.80e+00,
16302,-8.00e-03,8.80e+00,
16303,-8.00e-03,8.80e+00,
16304,-8.00e-03,8.80e+00,
16305,-1.60e-02,8.80e+00,
16306,-8.00e-03,8.80e+00,
16307,-8.00e-03,8.80e+00,
16308,-8.00e-03,8.80e+00,
16309,-1.60e-02,8.80e+00,
16310,-1.60e-02,8.60e+00,
16311,-8.00e-03,8.80e+00,
16312,-1.60e-02,8.80e+00,
16313,-1.60e-02,8.80e+00,
16314,-8.00e-03,8.80e+00,
16315,-1.60e-02,8.80e+00,
16316,-1.60e-02,8.60e+00,
16317,-1.60e-02,8.80e+00,
16318,-1.60e-02,8.80e+00,
16319,-1.60e-02,8.80e+00,
16320,-8.00e-03,8.80e+00,
16321,-1.60e-02,8.80e+00,
16322,-8.00e-03,8.80e+00,
16323,-1.60e-02,8.80e+00,
16324,-1.60e-02,8.60e+00,
16325,-1.60e-02,8.80e+00,
16326,-1.60e-02,8.80e+00,
16327,-1.60e-02,8.80e+00,
16328,-1.60e-02,8.80e+00,
16329,-1.60e-02,8.80e+00,
16330,-1.60e-02,8.80e+00,
16331,-1.60e-02,8.80e+00,
16332,-1.60e-02,8.80e+00,
16333,-1.60e-02,8.80e+00,
16334,-1.60e-02,8.80e+00,
16335,-1.60e-02,8.80e+00,
16336,-1.60e-02,8.80e+00,
16337,-1.60e-02,8.80e+00,
16338,-1.60e-02,8.60e+00,
16339,-1.60e-02,8.80e+00,
16340,-1.60e-02,8.60e+00,
16341,-1.60e-02,8.80e+00,
16342,-1.60e-02,8.80e+00,
16343,-1.60e-02,8.80e+00,
16344,-1.60e-02,8.80e+00,
16345,-1.60e-02,8.80e+00,
16346,-1.60e-02,8.80e+00,
16347,-1.60e-02,8.80e+00,
16348,-1.60e-02,8.80e+00,
16349,-1.60e-02,8.80e+00,
16350,-1.60e-02,8.80e+00,
16351,-1.60e-02,8.80e+00,
16352,-1.60e-02,8.80e+00,
16353,-1.60e-02,8.80e+00,
16354,-1.60e-02,8.80e+00,
16355,-1.60e-02,8.80e+00,
16356,-1.60e-02,8.80e+00,
16357,-1.60e-02,8.80e+00,
16358,-1.60e-02,8.80e+00,
16359,-1.60e-02,8.80e+00,
16360,-1.60e-02,8.80e+00,
16361,-1.60e-02,8.60e+00,
16362,-1.60e-02,8.80e+00,
16363,-1.60e-02,8.80e+00,
16364,-1.60e-02,8.60e+00,
16365,-2.40e-02,8.80e+00,
16366,-1.60e-02,8.60e+00,
16367,-1.60e-02,8.80e+00,
16368,-1.60e-02,8.80e+00,
16369,-1.60e-02,8.80e+00,
16370,-1.60e-02,8.80e+00,
16371,-1.60e-02,8.80e+00,
16372,-1.60e-02,8.60e+00,
16373,-2.40e-02,8.80e+00,
16374,-1.60e-02,8.80e+00,
16375,-1.60e-02,8.80e+00,
16376,-1.60e-02,8.80e+00,
16377,-1.60e-02,8.80e+00,
16378,-1.60e-02,8.80e+00,
16379,-2.40e-02,8.80e+00,
16380,-1.60e-02,8.80e+00,
16381,-2.40e-02,8.80e+00,
16382,-2.40e-02,8.80e+00,
16383,-2.40e-02,8.80e+00,
16384,-1.60e-02,8.80e+00,
16385,-2.40e-02,8.80e+00,
16386,-1.60e-02,8.60e+00,
16387,-2.40e-02,8.80e+00,
16388,-2.40e-02,8.80e+00,
16389,-2.40e-02,8.80e+00,
16390,-2.40e-02,8.80e+00,
16391,-2.40e-02,8.80e+00,
16392,-2.40e-02,8.80e+00,
16393,-2.40e-02,8.80e+00,
16394,-2.40e-02,8.60e+00,
16395,-2.40e-02,8.80e+00,
16396,-2.40e-02,8.80e+00,
16397,-2.40e-02,8.80e+00,
16398,-2.40e-02,8.80e+00,
16399,-2.40e-02,8.80e+00,
16400,-2.40e-02,8.80e+00,
16401,-2.40e-02,8.80e+00,
16402,-2.40e-02,8.60e+00,
16403,-2.40e-02,8.80e+00,
16404,-2.40e-02,8.80e+00,
16405,-2.40e-02,8.80e+00,
16406,-2.40e-02,8.60e+00,
16407,-2.40e-02,8.80e+00,
16408,-2.40e-02,8.80e+00,
16409,-2.40e-02,8.80e+00,
16410,-2.40e-02,8.80e+00,
16411,-2.40e-02,8.80e+00,
16412,-2.40e-02,8.60e+00,
16413,-2.40e-02,8.80e+00,
16414,-2.40e-02,8.80e+00,
16415,-2.40e-02,8.80e+00,
16416,-2.40e-02,8.80e+00,
16417,-2.40e-02,8.80e+00,
16418,-2.40e-02,8.80e+00,
16419,-2.40e-02,8.80e+00,
16420,-2.40e-02,8.80e+00,
16421,-2.40e-02,8.80e+00,
16422,-2.40e-02,8.60e+00,
16423,-2.40e-02,8.80e+00,
16424,-2.40e-02,8.80e+00,
16425,-2.40e-02,8.80e+00,
16426,-2.40e-02,8.80e+00,
16427,-2.40e-02,8.80e+00,
16428,-2.40e-02,8.60e+00,
16429,-2.40e-02,8.80e+00,
16430,-2.40e-02,8.80e+00,
16431,-2.40e-02,8.80e+00,
16432,-2.40e-02,8.80e+00,
16433,-3.20e-02,8.80e+00,
16434,-2.40e-02,8.80e+00,
16435,-2.40e-02,8.80e+00,
16436,-2.40e-02,8.80e+00,
16437,-2.40e-02,8.80e+00,
16438,-2.40e-02,8.80e+00,
16439,-2.40e-02,8.80e+00,
16440,-2.40e-02,8.80e+00,
16441,-2.40e-02,8.80e+00,
16442,-2.40e-02,8.60e+00,
16443,-2.40e-02,8.80e+00,
16444,-2.40e-02,8.80e+00,
16445,-3.20e-02,8.80e+00,
16446,-2.40e-02,8.80e+00,
16447,-2.40e-02,8.80e+00,
16448,-2.40e-02,8.80e+00,
16449,-3.20e-02,8.80e+00,
16450,-2.40e-02,8.60e+00,
16451,-2.40e-02,8.80e+00,
16452,-2.40e-02,8.80e+00,
16453,-3.20e-02,8.80e+00,
16454,-2.40e-02,8.80e+00,
16455,-3.20e-02,8.80e+00,
16456,-3.20e-02,8.60e+00,
16457,-3.20e-02,8.80e+00,
16458,-2.40e-02,8.80e+00,
16459,-3.20e-02,8.80e+00,
16460,-2.40e-02,8.80e+00,
16461,-3.20e-02,8.80e+00,
16462,-2.40e-02,8.80e+00,
16463,-3.20e-02,8.80e+00,
16464,-2.40e-02,8.80e+00,
16465,-3.20e-02,8.80e+00,
16466,-2.40e-02,8.60e+00,
16467,-3.20e-02,8.80e+00,
16468,-3.20e-02,8.60e+00,
16469,-3.20e-02,8.80e+00,
16470,-3.20e-02,8.80e+00,
16471,-3.20e-02,8.80e+00,
16472,-3.20e-02,8.80e+00,
16473,-3.20e-02,8.80e+00,
16474,-2.40e-02,8.80e+00,
16475,-3.20e-02,8.80e+00,
16476,-3.20e-02,8.80e+00,
16477,-3.20e-02,8.80e+00,
16478,-3.20e-02,8.80e+00,
16479,-3.20e-02,8.80e+00,
16480,-3.20e-02,8.60e+00,
16481,-3.20e-02,8.80e+00,
16482,-3.20e-02,8.60e+00,
16483,-3.20e-02,8.80e+00,
16484,-3.20e-02,8.80e+00,
16485,-3.20e-02,8.80e+00,
16486,-3.20e-02,8.80e+00,
16487,-3.20e-02,8.80e+00,
16488,-3.20e-02,8.80e+00,
16489,-3.20e-02,8.60e+00,
16490,-3.20e-02,8.80e+00,
16491,-3.20e-02,8.80e+00,
16492,-3.20e-02,8.60e+00,
16493,-3.20e-02,8.80e+00,
16494,-3.20e-02,8.80e+00,
16495,-3.20e-02,8.80e+00,
16496,-3.20e-02,8.80e+00,
16497,-3.20e-02,8.80e+00,
16498,-3.20e-02,8.80e+00,
16499,-3.20e-02,8.80e+00,
16500,-3.20e-02,8.60e+00,
16501,-3.20e-02,8.80e+00,
16502,-3.20e-02,8.80e+00,
16503,-3.20e-02,8.80e+00,
16504,-3.20e-02,8.80e+00,
16505,-3.20e-02,8.80e+00,
16506,-3.20e-02,8.80e+00,
16507,-3.20e-02,8.80e+00,
16508,-3.20e-02,8.60e+00,
16509,-3.20e-02,8.80e+00,
16510,-3.20e-02,8.80e+00,
16511,-3.20e-02,8.80e+00,
16512,-3.20e-02,8.80e+00,
16513,-3.20e-02,8.80e+00,
16514,-3.20e-02,8.80e+00,
16515,-3.20e-02,8.80e+00,
16516,-3.20e-02,8.60e+00,
16517,-3.20e-02,8.80e+00,
16518,-3.20e-02,8.80e+00,
16519,-3.20e-02,8.60e+00,
16520,-3.20e-02,8.80e+00,
16521,-3.20e-02,8.80e+00,
16522,-3.20e-02,8.60e+00,
16523,-3.20e-02,8.80e+00,
16524,-3.20e-02,8.60e+00,
16525,-3.20e-02,8.80e+00,
16526,-3.20e-02,8.80e+00,
16527,-3.20e-02,8.80e+00,
16528,-3.20e-02,8.80e+00,
16529,-4.00e-02,8.80e+00,
16530,-3.20e-02,8.60e+00,
16531,-3.20e-02,8.80e+00,
16532,-3.20e-02,8.60e+00,
16533,-3.20e-02,8.80e+00,
16534,-3.20e-02,8.80e+00,
16535,-3.20e-02,8.80e+00,
16536,-3.20e-02,8.80e+00,
16537,-4.00e-02,8.80e+00,
16538,-3.20e-02,8.80e+00,
16539,-3.20e-02,8.80e+00,
16540,-3.20e-02,8.60e+00,
16541,-4.00e-02,8.80e+00,
16542,-3.20e-02,8.60e+00,
16543,-3.20e-02,8.80e+00,
16544,-3.20e-02,8.80e+00,
16545,-4.00e-02,8.80e+00,
16546,-3.20e-02,8.60e+00,
16547,-3.20e-02,8.80e+00,
16548,-3.20e-02,8.60e+00,
16549,-4.00e-02,8.80e+00,
16550,-4.00e-02,8.80e+00,
16551,-3.20e-02,8.80e+00,
16552,-3.20e-02,8.80e+00,
16553,-4.00e-02,8.80e+00,
16554,-4.00e-02,8.80e+00,
16555,-4.00e-02,8.80e+00,
16556,-4.00e-02,8.60e+00,
16557,-4.00e-02,8.80e+00,
16558,-4.00e-02,8.80e+00,
16559,-4.00e-02,8.80e+00,
16560,-3.20e-02,8.80e+00,
16561,-4.00e-02,8.60e+00,
16562,-4.00e-02,8.60e+00,
16563,-4.00e-02,8.80e+00,
16564,-4.00e-02,8.80e+00,
16565,-4.00e-02,8.80e+00,
16566,-4.00e-02,8.80e+00,
16567,-4.00e-02,8.80e+00,
16568,-3.20e-02,8.60e+00,
16569,-4.00e-02,8.60e+00,
16570,-3.20e-02,8.80e+00,
16571,-4.00e-02,8.80e+00,
16572,-4.00e-02,8.80e+00,
16573,-4.00e-02,8.80e+00,
16574,-4.00e-02,8.80e+00,
16575,-4.00e-02,8.80e+00,
16576,-4.00e-02,8.60e+00,
16577,-4.00e-02,8.60e+00,
16578,-4.00e-02,8.60e+00,
16579,-4.00e-02,8.80e+00,
16580,-4.00e-02,8.60e+00,
16581,-4.00e-02,8.80e+00,
16582,-4.00e-02,8.60e+00,
16583,-4.00e-02,8.60e+00,
16584,-4.00e-02,8.80e+00,
16585,-4.00e-02,8.60e+00,
16586,-4.00e-02,8.80e+00,
16587,-4.00e-02,8.80e+00,
16588,-4.00e-02,8.80e+00,
16589,-4.00e-02,8.80e+00,
16590,-4.00e-02,8.80e+00,
16591,-4.00e-02,8.80e+00,
16592,-4.00e-02,8.80e+00,
16593,-4.00e-02,8.80e+00,
16594,-4.00e-02,8.80e+00,
16595,-4.00e-02,8.80e+00,
16596,-4.00e-02,8.80e+00,
16597,-4.00e-02,8.80e+00,
16598,-4.00e-02,8.80e+00,
16599,-4.00e-02,8.80e+00,
16600,-4.00e-02,8.80e+00,
16601,-4.00e-02,8.80e+00,
16602,-4.00e-02,8.60e+00,
16603,-4.00e-02,8.80e+00,
16604,-4.00e-02,8.80e+00,
16605,-4.80e-02,8.80e+00,
16606,-4.00e-02,8.80e+00,
16607,-4.00e-02,8.80e+00,
16608,-4.00e-02,8.80e+00,
16609,-4.00e-02,8.80e+00,
16610,-4.00e-02,8.60e+00,
16611,-4.00e-02,8.60e+00,
16612,-4.00e-02,8.60e+00,
16613,-4.00e-02,8.80e+00,
16614,-4.00e-02,8.80e+00,
16615,-4.00e-02,8.80e+00,
16616,-4.00e-02,8.80e+00,
16617,-4.00e-02,8.80e+00,
16618,-4.00e-02,8.80e+00,
16619,-4.00e-02,8.80e+00,
16620,-4.00e-02,8.60e+00,
16621,-4.80e-02,8.80e+00,
16622,-4.00e-02,8.60e+00,
16623,-4.00e-02,8.80e+00,
16624,-4.00e-02,8.80e+00,
16625,-4.00e-02,8.80e+00,
16626,-4.00e-02,8.80e+00,
16627,-4.00e-02,8.80e+00,
16628,-4.00e-02,8.80e+00,
16629,-4.80e-02,8.80e+00,
16630,-4.00e-02,8.80e+00,
16631,-4.00e-02,8.80e+00,
16632,-4.00e-02,8.80e+00,
16633,-4.80e-02,8.80e+00,
16634,-4.00e-02,8.80e+00,
16635,-4.00e-02,8.80e+00,
16636,-4.00e-02,8.80e+00,
16637,-4.80e-02,8.60e+00,
16638,-4.00e-02,8.80e+00,
16639,-4.80e-02,8.80e+00,
16640,-4.00e-02,8.60e+00,
16641,-4.80e-02,8.80e+00,
16642,-4.00e-02,8.60e+00,
16643,-4.80e-02,8.80e+00,
16644,-4.80e-02,8.60e+00,
16645,-4.80e-02,8.60e+00,
16646,-4.80e-02,8.80e+00,
16647,-4.80e-02,8.80e+00,
16648,-4.80e-02,8.80e+00,
16649,-4.80e-02,8.80e+00,
16650,-4.80e-02,8.60e+00,
16651,-4.80e-02,8.80e+00,
16652,-4.80e-02,8.60e+00,
16653,-4.80e-02,8.80e+00,
16654,-4.80e-02,8.80e+00,
16655,-4.80e-02,8.80e+00,
16656,-4.80e-02,8.80e+00,
16657,-4.80e-02,8.80e+00,
16658,-4.80e-02,8.80e+00,
16659,-4.80e-02,8.80e+00,
16660,-4.80e-02,8.80e+00,
16661,-4.80e-02,8.80e+00,
16662,-4.80e-02,8.60e+00,
16663,-4.80e-02,8.80e+00,
16664,-4.80e-02,8.80e+00,
16665,-4.80e-02,8.80e+00,
16666,-4.80e-02,8.80e+00,
16667,-4.80e-02,8.80e+00,
16668,-4.80e-02,8.80e+00,
16669,-4.80e-02,8.80e+00,
16670,-4.80e-02,8.60e+00,
16671,-4.80e-02,8.80e+00,
16672,-4.80e-02,8.80e+00,
16673,-4.80e-02,8.80e+00,
16674,-4.80e-02,8.60e+00,
16675,-4.80e-02,8.80e+00,
16676,-4.80e-02,8.60e+00,
16677,-4.80e-02,8.80e+00,
16678,-4.80e-02,8.80e+00,
16679,-4.80e-02,8.80e+00,
16680,-4.80e-02,8.60e+00,
16681,-4.80e-02,8.80e+00,
16682,-4.80e-02,8.60e+00,
16683,-4.80e-02,8.80e+00,
16684,-4.80e-02,8.80e+00,
16685,-4.80e-02,8.60e+00,
16686,-4.80e-02,8.80e+00,
16687,-4.80e-02,8.80e+00,
16688,-4.80e-02,8.60e+00,
16689,-5.60e-02,8.80e+00,
16690,-4.80e-02,8.60e+00,
16691,-4.80e-02,8.80e+00,
16692,-4.80e-02,8.60e+00,
16693,-5.60e-02,8.60e+00,
16694,-4.80e-02,8.80e+00,
16695,-4.80e-02,8.80e+00,
16696,-4.80e-02,8.60e+00,
16697,-5.60e-02,8.80e+00,
16698,-4.80e-02,8.80e+00,
16699,-5.60e-02,8.80e+00,
16700,-4.80e-02,8.60e+00,
16701,-5.60e-02,8.80e+00,
16702,-5.60e-02,8.60e+00,
16703,-5.60e-02,8.80e+00,
16704,-4.80e-02,8.80e+00,
16705,-5.60e-02,8.80e+00,
16706,-4.80e-02,8.60e+00,
16707,-5.60e-02,8.80e+00,
16708,-4.80e-02,8.80e+00,
16709,-5.60e-02,8.80e+00,
16710,-5.60e-02,8.60e+00,
16711,-5.60e-02,8.80e+00,
16712,-5.60e-02,8.80e+00,
16713,-5.60e-02,8.80e+00,
16714,-5.60e-02,8.80e+00,
16715,-5.60e-02,8.80e+00,
16716,-5.60e-02,8.60e+00,
16717,-5.60e-02,8.60e+00,
16718,-5.60e-02,8.80e+00,
16719,-5.60e-02,8.80e+00,
16720,-5.60e-02,8.60e+00,
16721,-5.60e-02,8.80e+00,
16722,-5.60e-02,8.60e+00,
16723,-5.60e-02,8.80e+00,
16724,-5.60e-02,8.80e+00,
16725,-5.60e-02,8.80e+00,
16726,-5.60e-02,8.60e+00,
16727,-5.60e-02,8.80e+00,
16728,-5.60e-02,8.80e+00,
16729,-5.60e-02,8.80e+00,
16730,-5.60e-02,8.60e+00,
16731,-5.60e-02,8.80e+00,
16732,-5.60e-02,8.80e+00,
16733,-5.60e-02,8.80e+00,
16734,-5.60e-02,8.60e+00,
16735,-5.60e-02,8.80e+00,
16736,-5.60e-02,8.80e+00,
16737,-5.60e-02,8.80e+00,
16738,-5.60e-02,8.60e+00,
16739,-5.60e-02,8.80e+00,
16740,-5.60e-02,8.60e+00,
16741,-5.60e-02,8.80e+00,
16742,-5.60e-02,8.80e+00,
16743,-5.60e-02,8.80e+00,
16744,-5.60e-02,8.80e+00,
16745,-6.40e-02,8.60e+00,
16746,-5.60e-02,8.80e+00,
16747,-5.60e-02,8.80e+00,
16748,-5.60e-02,8.80e+00,
16749,-6.40e-02,8.80e+00,
16750,-5.60e-02,8.80e+00,
16751,-5.60e-02,8.80e+00,
16752,-5.60e-02,8.80e+00,
16753,-6.40e-02,8.80e+00,
16754,-5.60e-02,8.80e+00,
16755,-5.60e-02,8.60e+00,
16756,-5.60e-02,8.60e+00,
16757,-6.40e-02,8.80e+00,
16758,-5.60e-02,8.60e+00,
16759,-5.60e-02,8.60e+00,
16760,-6.40e-02,8.80e+00,
16761,-6.40e-02,8.60e+00,
16762,-6.40e-02,8.80e+00,
16763,-6.40e-02,8.60e+00,
16764,-6.40e-02,8.80e+00,
16765,-6.40e-02,8.80e+00,
16766,-6.40e-02,8.60e+00,
16767,-6.40e-02,8.80e+00,
16768,-6.40e-02,8.80e+00,
16769,-6.40e-02,8.60e+00,
16770,-6.40e-02,8.80e+00,
16771,-6.40e-02,8.80e+00,
16772,-6.40e-02,8.60e+00,
16773,-6.40e-02,8.80e+00,
16774,-6.40e-02,8.80e+00,
16775,-6.40e-02,8.80e+00,
16776,-6.40e-02,8.80e+00,
16777,-6.40e-02,8.80e+00,
16778,-6.40e-02,8.80e+00,
16779,-6.40e-02,8.80e+00,
16780,-6.40e-02,8.60e+00,
16781,-6.40e-02,8.80e+00,
16782,-6.40e-02,8.80e+00,
16783,-6.40e-02,8.80e+00,
16784,-6.40e-02,8.60e+00,
16785,-6.40e-02,8.60e+00,
16786,-6.40e-02,8.60e+00,
16787,-6.40e-02,8.80e+00,
16788,-6.40e-02,8.80e+00,
16789,-6.40e-02,8.60e+00,
16790,-6.40e-02,8.60e+00,
16791,-6.40e-02,8.60e+00,
16792,-6.40e-02,8.80e+00,
16793,-7.20e-02,8.80e+00,
16794,-6.40e-02,8.80e+00,
16795,-6.40e-02,8.80e+00,
16796,-6.40e-02,8.60e+00,
16797,-7.20e-02,8.80e+00,
16798,-6.40e-02,8.60e+00,
16799,-6.40e-02,8.60e+00,
16800,-6.40e-02,8.80e+00,
16801,-7.20e-02,8.80e+00,
16802,-6.40e-02,8.60e+00,
16803,-7.20e-02,8.80e+00,
16804,-6.40e-02,8.60e+00,
16805,-7.20e-02,8.80e+00,
16806,-6.40e-02,8.60e+00,
16807,-7.20e-02,8.80e+00,
16808,-7.20e-02,8.60e+00,
16809,-7.20e-02,8.60e+00,
16810,-7.20e-02,8.60e+00,
16811,-7.20e-02,8.80e+00,
16812,-7.20e-02,8.80e+00,
16813,-7.20e-02,8.80e+00,
16814,-7.20e-02,8.60e+00,
16815,-7.20e-02,8.80e+00,
16816,-7.20e-02,8.60e+00,
16817,-7.20e-02,8.80e+00,
16818,-7.20e-02,8.60e+00,
16819,-7.20e-02,8.80e+00,
16820,-7.20e-02,8.60e+00,
16821,-7.20e-02,8.80e+00,
16822,-7.20e-02,8.80e+00,
16823,-7.20e-02,8.60e+00,
16824,-7.20e-02,8.60e+00,
16825,-7.20e-02,8.60e+00,
16826,-7.20e-02,8.60e+00,
16827,-7.20e-02,8.60e+00,
16828,-7.20e-02,8.60e+00,
16829,-7.20e-02,8.80e+00,
16830,-7.20e-02,8.80e+00,
16831,-7.20e-02,8.60e+00,
16832,-7.20e-02,8.80e+00,
16833,-7.20e-02,8.80e+00,
16834,-7.20e-02,8.60e+00,
16835,-7.20e-02,8.60e+00,
16836,-7.20e-02,8.60e+00,
16837,-7.20e-02,8.80e+00,
16838,-7.20e-02,8.60e+00,
16839,-7.20e-02,8.80e+00,
16840,-7.20e-02,8.60e+00,
16841,-8.00e-02,8.80e+00,
16842,-7.20e-02,8.60e+00,
16843,-7.20e-02,8.80e+00,
16844,-7.20e-02,8.60e+00,
16845,-8.00e-02,8.80e+00,
16846,-8.00e-02,8.60e+00,
16847,-7.20e-02,8.80e+00,
16848,-7.20e-02,8.60e+00,
16849,-8.00e-02,8.80e+00,
16850,-7.20e-02,8.60e+00,
16851,-8.00e-02,8.80e+00,
16852,-8.00e-02,8.60e+00,
16853,-8.00e-02,8.80e+00,
16854,-8.00e-02,8.60e+00,
16855,-8.00e-02,8.80e+00,
16856,-7.20e-02,8.80e+00,
16857,-8.00e-02,8.60e+00,
16858,-8.00e-02,8.60e+00,
16859,-8.00e-02,8.60e+00,
16860,-8.00e-02,8.60e+00,
16861,-8.00e-02,8.60e+00,
16862,-8.00e-02,8.60e+00,
16863,-8.00e-02,8.80e+00,
16864,-8.00e-02,8.80e+00,
16865,-8.00e-02,8.60e+00,
16866,-8.00e-02,8.60e+00,
16867,-8.00e-02,8.60e+00,
16868,-8.00e-02,8.80e+00,
16869,-8.00e-02,8.60e+00,
16870,-8.00e-02,8.60e+00,
16871,-8.00e-02,8.80e+00,
16872,-8.00e-02,8.80e+00,
16873,-8.00e-02,8.80e+00,
16874,-8.00e-02,8.80e+00,
16875,-8.00e-02,8.60e+00,
16876,-8.00e-02,8.80e+00,
16877,-8.00e-02,8.80e+00,
16878,-8.00e-02,8.60e+00,
16879,-8.00e-02,8.80e+00,
16880,-8.00e-02,8.60e+00,
16881,-8.00e-02,8.80e+00,
16882,-8.00e-02,8.60e+00,
16883,-8.00e-02,8.80e+00,
16884,-8.00e-02,8.60e+00,
16885,-8.80e-02,8.80e+00,
16886,-8.00e-02,8.80e+00,
16887,-8.00e-02,8.80e+00,
16888,-8.00e-02,8.80e+00,
16889,-8.80e-02,8.60e+00,
16890,-8.00e-02,8.60e+00,
16891,-8.80e-02,8.80e+00,
16892,-8.00e-02,8.60e+00,
16893,-8.80e-02,8.80e+00,
16894,-8.00e-02,8.60e+00,
16895,-8.80e-02,8.80e+00,
16896,-8.00e-02,8.60e+00,
16897,-8.80e-02,8.80e+00,
16898,-8.00e-02,8.60e+00,
16899,-8.80e-02,8.80e+00,
16900,-8.80e-02,8.60e+00,
16901,-8.80e-02,8.60e+00,
16902,-8.00e-02,8.60e+00,
16903,-8.80e-02,8.60e+00,
16904,-8.80e-02,8.60e+00,
16905,-8.80e-02,8.60e+00,
16906,-8.80e-02,8.60e+00,
16907,-8.80e-02,8.80e+00,
16908,-8.80e-02,8.60e+00,
16909,-8.80e-02,8.60e+00,
16910,-8.80e-02,8.60e+00,
16911,-8.80e-02,8.60e+00,
16912,-8.80e-02,8.60e+00,
16913,-8.80e-02,8.60e+00,
16914,-8.80e-02,8.60e+00,
16915,-8.80e-02,8.80e+00,
16916,-8.80e-02,8.80e+00,
16917,-8.80e-02,8.80e+00,
16918,-8.80e-02,8.60e+00,
16919,-8.80e-02,8.80e+00,
16920,-8.80e-02,8.60e+00,
16921,-8.80e-02,8.60e+00,
16922,-8.80e-02,8.60e+00,
16923,-8.80e-02,8.80e+00,
16924,-8.80e-02,8.60e+00,
16925,-8.80e-02,8.60e+00,
16926,-8.80e-02,8.60e+00,
16927,-8.80e-02,8.80e+00,
16928,-8.80e-02,8.60e+00,
16929,-8.80e-02,8.60e+00,
16930,-8.80e-02,8.60e+00,
16931,-8.80e-02,8.60e+00,
16932,-8.80e-02,8.60e+00,
16933,-9.60e-02,8.60e+00,
16934,-8.80e-02,8.60e+00,
16935,-8.80e-02,8.80e+00,
16936,-8.80e-02,8.60e+00,
16937,-9.60e-02,8.80e+00,
16938,-8.80e-02,8.80e+00,
16939,-9.60e-02,8.80e+00,
16940,-8.80e-02,8.60e+00,
16941,-9.60e-02,8.80e+00,
16942,-8.80e-02,8.60e+00,
16943,-9.60e-02,8.60e+00,
16944,-9.60e-02,8.80e+00,
16945,-9.60e-02,8.80e+00,
16946,-8.80e-02,8.60e+00,
16947,-9.60e-02,8.80e+00,
16948,-8.80e-02,8.60e+00,
16949,-9.60e-02,8.60e+00,
16950,-9.60e-02,8.80e+00,
16951,-9.60e-02,8.80e+00,
16952,-9.60e-02,8.60e+00,
16953,-9.60e-02,8.80e+00,
16954,-9.60e-02,8.80e+00,
16955,-9.60e-02,8.60e+00,
16956,-9.60e-02,8.60e+00,
16957,-9.60e-02,8.60e+00,
16958,-9.60e-02,8.60e+00,
16959,-9.60e-02,8.80e+00,
16960,-9.60e-02,8.60e+00,
16961,-9.60e-02,8.60e+00,
16962,-9.60e-02,8.60e+00,
16963,-9.60e-02,8.60e+00,
16964,-9.60e-02,8.60e+00,
16965,-9.60e-02,8.80e+00,
16966,-9.60e-02,8.60e+00,
16967,-9.60e-02,8.60e+00,
16968,-9.60e-02,8.60e+00,
16969,-9.60e-02,8.80e+00,
16970,-9.60e-02,8.60e+00,
16971,-9.60e-02,8.80e+00,
16972,-9.60e-02,8.60e+00,
16973,-9.60e-02,8.60e+00,
16974,-9.60e-02,8.60e+00,
16975,-9.60e-02,8.80e+00,
16976,-9.60e-02,8.60e+00,
16977,-9.60e-02,8.60e+00,
16978,-9.60e-02,8.60e+00,
16979,-9.60e-02,8.80e+00,
16980,-9.60e-02,8.60e+00,
16981,-1.04e-01,8.60e+00,
16982,-9.60e-02,8.60e+00,
16983,-9.60e-02,8.80e+00,
16984,-9.60e-02,8.80e+00,
16985,-9.60e-02,8.60e+00,
16986,-9.60e-02,8.60e+00,
16987,-1.04e-01,8.60e+00,
16988,-9.60e-02,8.60e+00,
16989,-1.04e-01,8.60e+00,
16990,-9.60e-02,8.80e+00,
16991,-9.60e-02,8.80e+00,
16992,-9.60e-02,8.60e+00,
16993,-1.04e-01,8.80e+00,
16994,-9.60e-02,8.60e+00,
16995,-1.04e-01,8.60e+00,
16996,-9.60e-02,8.60e+00,
16997,-1.04e-01,8.60e+00,
16998,-1.04e-01,8.60e+00,
16999,-1.04e-01,8.60e+00,
17000,-9.60e-02,8.60e+00,
17001,-1.04e-01,8.60e+00,
17002,-1.04e-01,8.60e+00,
17003,-1.04e-01,8.60e+00,
17004,-1.04e-01,8.60e+00,
17005,-1.04e-01,8.60e+00,
17006,-1.04e-01,8.60e+00,
17007,-1.04e-01,8.60e+00,
17008,-1.04e-01,8.60e+00,
17009,-1.04e-01,8.80e+00,
17010,-1.04e-01,8.60e+00,
17011,-1.04e-01,8.60e+00,
17012,-1.04e-01,8.80e+00,
17013,-1.04e-01,8.60e+00,
17014,-1.04e-01,8.60e+00,
17015,-1.04e-01,8.80e+00,
17016,-1.04e-01,8.80e+00,
17017,-1.04e-01,8.60e+00,
17018,-1.04e-01,8.60e+00,
17019,-1.04e-01,8.80e+00,
17020,-1.04e-01,8.60e+00,
17021,-1.04e-01,8.60e+00,
17022,-1.04e-01,8.60e+00,
17023,-1.04e-01,8.60e+00,
17024,-1.04e-01,8.60e+00,
17025,-1.04e-01,8.60e+00,
17026,-1.04e-01,8.60e+00,
17027,-1.04e-01,8.60e+00,
17028,-1.04e-01,8.80e+00,
17029,-1.04e-01,8.80e+00,
17030,-1.04e-01,8.60e+00,
17031,-1.04e-01,8.60e+00,
17032,-1.04e-01,8.80e+00,
17033,-1.04e-01,8.60e+00,
17034,-1.04e-01,8.60e+00,
17035,-1.04e-01,8.80e+00,
17036,-1.04e-01,8.60e+00,
17037,-1.12e-01,8.80e+00,
17038,-1.04e-01,8.60e+00,
17039,-1.04e-01,8.60e+00,
17040,-1.04e-01,8.60e+00,
17041,-1.12e-01,8.80e+00,
17042,-1.04e-01,8.60e+00,
17043,-1.04e-01,8.80e+00,
17044,-1.04e-01,8.60e+00,
17045,-1.12e-01,8.60e+00,
17046,-1.04e-01,8.60e+00,
17047,-1.04e-01,8.60e+00,
17048,-1.04e-01,8.60e+00,
17049,-1.12e-01,8.80e+00,
17050,-1.04e-01,8.60e+00,
17051,-1.04e-01,8.80e+00,
17052,-1.04e-01,8.60e+00,
17053,-1.12e-01,8.60e+00,
17054,-1.04e-01,8.60e+00,
17055,-1.04e-01,8.60e+00,
17056,-1.04e-01,8.60e+00,
17057,-1.12e-01,8.60e+00,
17058,-1.04e-01,8.60e+00,
17059,-1.12e-01,8.60e+00,
17060,-1.04e-01,8.60e+00,
17061,-1.12e-01,8.80e+00,
17062,-1.12e-01,8.80e+00,
17063,-1.12e-01,8.60e+00,
17064,-1.04e-01,8.60e+00,
17065,-1.12e-01,8.60e+00,
17066,-1.04e-01,8.60e+00,
17067,-1.12e-01,8.80e+00,
17068,-1.12e-01,8.60e+00,
17069,-1.12e-01,8.60e+00,
17070,-1.12e-01,8.60e+00,
17071,-1.12e-01,8.60e+00,
17072,-1.12e-01,8.60e+00,
17073,-1.12e-01,8.60e+00,
17074,-1.12e-01,8.60e+00,
17075,-1.12e-01,8.60e+00,
17076,-1.12e-01,8.60e+00,
17077,-1.12e-01,8.60e+00,
17078,-1.12e-01,8.60e+00,
17079,-1.12e-01,8.80e+00,
17080,-1.12e-01,8.60e+00,
17081,-1.12e-01,8.60e+00,
17082,-1.12e-01,8.60e+00,
17083,-1.12e-01,8.60e+00,
17084,-1.12e-01,8.80e+00,
17085,-1.12e-01,8.80e+00,
17086,-1.12e-01,8.60e+00,
17087,-1.12e-01,8.60e+00,
17088,-1.12e-01,8.60e+00,
17089,-1.12e-01,8.60e+00,
17090,-1.12e-01,8.60e+00,
17091,-1.12e-01,8.80e+00,
17092,-1.12e-01,8.60e+00,
17093,-1.12e-01,8.60e+00,
17094,-1.12e-01,8.60e+00,
17095,-1.12e-01,8.60e+00,
17096,-1.12e-01,8.60e+00,
17097,-1.12e-01,8.60e+00,
17098,-1.12e-01,8.60e+00,
17099,-1.12e-01,8.80e+00,
17100,-1.12e-01,8.60e+00,
17101,-1.12e-01,8.80e+00,
17102,-1.12e-01,8.60e+00,
17103,-1.12e-01,8.60e+00,
17104,-1.12e-01,8.80e+00,
17105,-1.12e-01,8.60e+00,
17106,-1.12e-01,8.60e+00,
17107,-1.20e-01,8.80e+00,
17108,-1.12e-01,8.60e+00,
17109,-1.12e-01,8.80e+00,
17110,-1.12e-01,8.60e+00,
17111,-1.20e-01,8.60e+00,
17112,-1.12e-01,8.80e+00,
17113,-1.12e-01,8.60e+00,
17114,-1.12e-01,8.60e+00,
17115,-1.12e-01,8.60e+00,
17116,-1.12e-01,8.60e+00,
17117,-1.20e-01,8.60e+00,
17118,-1.12e-01,8.60e+00,
17119,-1.12e-01,8.60e+00,
17120,-1.12e-01,8.80e+00,
17121,-1.20e-01,8.60e+00,
17122,-1.12e-01,8.60e+00,
17123,-1.12e-01,8.80e+00,
17124,-1.12e-01,8.60e+00,
17125,-1.20e-01,8.60e+00,
17126,-1.12e-01,8.60e+00,
17127,-1.20e-01,8.80e+00,
17128,-1.12e-01,8.60e+00,
17129,-1.20e-01,8.60e+00,
17130,-1.12e-01,8.60e+00,
17131,-1.12e-01,8.80e+00,
17132,-1.12e-01,8.60e+00,
17133,-1.20e-01,8.80e+00,
17134,-1.28e-01,8.60e+00,
17135,-1.44e-01,8.60e+00,
17136,-1.60e-01,8.60e+00,
17137,-1.44e-01,8.60e+00,
17138,-1.36e-01,8.60e+00,
17139,-1.44e-01,8.60e+00,
17140,-1.28e-01,8.60e+00,
17141,-1.04e-01,8.80e+00,
17142,-7.20e-02,8.80e+00,
17143,-6.40e-02,8.80e+00,
17144,-7.20e-02,8.60e+00,
17145,-9.60e-02,8.60e+00,
17146,-1.12e-01,8.60e+00,
17147,-1.36e-01,8.60e+00,
17148,-1.44e-01,8.60e+00,
17149,-1.60e-01,8.60e+00,
17150,-1.36e-01,8.60e+00,
17151,-1.12e-01,8.80e+00,
17152,-8.80e-02,8.80e+00,
17153,-8.00e-02,8.60e+00,
17154,-8.80e-02,8.60e+00,
17155,-1.04e-01,8.60e+00,
17156,-1.20e-01,8.60e+00,
17157,-1.36e-01,8.60e+00,
17158,-1.44e-01,8.60e+00,
17159,-1.44e-01,8.60e+00,
17160,-1.36e-01,8.60e+00,
17161,-1.12e-01,8.60e+00,
17162,-9.60e-02,8.80e+00,
17163,-8.80e-02,8.60e+00,
17164,-8.80e-02,8.60e+00,
17165,-1.12e-01,8.60e+00,
17166,-1.20e-01,8.60e+00,
17167,-1.36e-01,8.60e+00,
17168,-1.36e-01,8.60e+00,
17169,-1.44e-01,8.60e+00,
17170,-1.28e-01,8.60e+00,
17171,-1.12e-01,8.80e+00,
17172,-9.60e-02,8.80e+00,
17173,-9.60e-02,8.60e+00,
17174,-1.04e-01,8.60e+00,
17175,-1.12e-01,8.60e+00,
17176,-1.28e-01,8.60e+00,
17177,-1.36e-01,8.60e+00,
17178,-1.36e-01,8.60e+00,
17179,-1.36e-01,8.60e+00,
17180,-1.20e-01,8.60e+00,
17181,-1.12e-01,8.80e+00,
17182,-1.04e-01,8.60e+00,
17183,-1.04e-01,8.80e+00,
17184,-1.04e-01,8.80e+00,
17185,-1.20e-01,8.60e+00,
17186,-1.28e-01,8.60e+00,
17187,-1.36e-01,8.60e+00,
17188,-1.36e-01,8.60e+00,
17189,-1.28e-01,8.80e+00,
17190,-1.20e-01,8.60e+00,
17191,-1.12e-01,8.80e+00,
17192,-1.04e-01,8.80e+00,
17193,-1.04e-01,8.60e+00,
17194,-1.12e-01,8.80e+00,
17195,-1.20e-01,8.80e+00,
17196,-1.28e-01,8.60e+00,
17197,-1.36e-01,8.60e+00,
17198,-1.28e-01,8.60e+00,
17199,-1.28e-01,8.80e+00,
17200,-1.20e-01,8.60e+00,
17201,-1.12e-01,8.80e+00,
17202,-1.12e-01,8.60e+00,
17203,-1.12e-01,8.60e+00,
17204,-1.12e-01,8.60e+00,
17205,-1.20e-01,8.60e+00,
17206,-1.28e-01,8.60e+00,
17207,-1.28e-01,8.60e+00,
17208,-1.28e-01,8.80e+00,
17209,-1.28e-01,8.60e+00,
17210,-1.20e-01,8.60e+00,
17211,-1.12e-01,8.80e+00,
17212,-1.12e-01,8.60e+00,
17213,-1.12e-01,8.60e+00,
17214,-1.20e-01,8.60e+00,
17215,-1.20e-01,8.60e+00,
17216,-1.28e-01,8.60e+00,
17217,-1.28e-01,8.60e+00,
17218,-1.28e-01,8.60e+00,
17219,-1.28e-01,8.60e+00,
17220,-1.20e-01,8.60e+00,
17221,-1.20e-01,8.60e+00,
17222,-1.12e-01,8.60e+00,
17223,-1.12e-01,8.60e+00,
17224,-1.20e-01,8.60e+00,
17225,-1.28e-01,8.60e+00,
17226,-1.28e-01,8.60e+00,
17227,-1.28e-01,8.60e+00,
17228,-1.28e-01,8.60e+00,
17229,-1.28e-01,8.60e+00,
17230,-1.20e-01,8.60e+00,
17231,-1.20e-01,8.60e+00,
17232,-1.12e-01,8.60e+00,
17233,-1.20e-01,8.60e+00,
17234,-1.20e-01,8.60e+00,
17235,-1.28e-01,8.60e+00,
17236,-1.28e-01,8.60e+00,
17237,-1.28e-01,8.60e+00,
17238,-1.28e-01,8.60e+00,
17239,-1.20e-01,8.60e+00,
17240,-1.20e-01,8.60e+00,
17241,-1.20e-01,8.60e+00,
17242,-1.20e-01,8.60e+00,
17243,-1.20e-01,8.80e+00,
17244,-1.20e-01,8.60e+00,
17245,-1.28e-01,8.60e+00,
17246,-1.28e-01,8.60e+00,
17247,-1.28e-01,8.60e+00,
17248,-1.20e-01,8.60e+00,
17249,-1.28e-01,8.80e+00,
17250,-1.20e-01,8.60e+00,
17251,-1.20e-01,8.60e+00,
17252,-1.20e-01,8.60e+00,
17253,-1.20e-01,8.60e+00,
17254,-1.20e-01,8.60e+00,
17255,-1.28e-01,8.60e+00,
17256,-1.28e-01,8.60e+00,
17257,-1.28e-01,8.60e+00,
17258,-1.20e-01,8.60e+00,
17259,-1.20e-01,8.60e+00,
17260,-1.20e-01,8.60e+00,
17261,-1.20e-01,8.80e+00,
17262,-1.20e-01,8.60e+00,
17263,-1.20e-01,8.60e+00,
17264,-1.20e-01,8.60e+00,
17265,-1.28e-01,8.60e+00,
17266,-1.28e-01,8.60e+00,
17267,-1.28e-01,8.60e+00,
17268,-1.20e-01,8.60e+00,
17269,-1.28e-01,8.60e+00,
17270,-1.20e-01,8.60e+00,
17271,-1.20e-01,8.60e+00,
17272,-1.20e-01,8.60e+00,
17273,-1.28e-01,8.60e+00,
17274,-1.20e-01,8.60e+00,
17275,-1.28e-01,8.80e+00,
17276,-1.28e-01,8.60e+00,
17277,-1.28e-01,8.60e+00,
17278,-1.20e-01,8.60e+00,
17279,-1.28e-01,8.80e+00,
17280,-1.20e-01,8.60e+00,
17281,-1.28e-01,8.60e+00,
17282,-1.20e-01,8.60e+00,
17283,-1.28e-01,8.80e+00,
17284,-1.28e-01,8.60e+00,
17285,-1.28e-01,8.60e+00,
17286,-1.28e-01,8.80e+00,
17287,-1.28e-01,8.60e+00,
17288,-1.20e-01,8.80e+00,
17289,-1.28e-01,8.60e+00,
17290,-1.20e-01,8.60e+00,
17291,-1.28e-01,8.80e+00,
17292,-1.20e-01,8.60e+00,
17293,-1.28e-01,8.80e+00,
17294,-1.28e-01,8.60e+00,
17295,-1.28e-01,8.60e+00,
17296,-1.28e-01,8.60e+00,
17297,-1.28e-01,8.60e+00,
17298,-1.20e-01,8.60e+00,
17299,-1.28e-01,8.80e+00,
17300,-1.20e-01,8.60e+00,
17301,-1.28e-01,8.80e+00,
17302,-1.28e-01,8.60e+00,
17303,-1.28e-01,8.60e+00,
17304,-1.28e-01,8.80e+00,
17305,-1.28e-01,8.60e+00,
17306,-1.28e-01,8.60e+00,
17307,-1.28e-01,8.80e+00,
17308,-1.28e-01,8.60e+00,
17309,-1.28e-01,8.80e+00,
17310,-1.28e-01,8.60e+00,
17311,-1.28e-01,8.60e+00,
17312,-1.28e-01,8.60e+00,
17313,-1.28e-01,8.60e+00,
17314,-1.28e-01,8.60e+00,
17315,-1.28e-01,8.60e+00,
17316,-1.28e-01,8.60e+00,
17317,-1.28e-01,8.60e+00,
17318,-1.28e-01,8.60e+00,
17319,-1.28e-01,8.60e+00,
17320,-1.28e-01,8.60e+00,
17321,-1.28e-01,8.60e+00,
17322,-1.28e-01,8.60e+00,
17323,-1.28e-01,8.60e+00,
17324,-1.28e-01,8.60e+00,
17325,-1.28e-01,8.80e+00,
17326,-1.28e-01,8.60e+00,
17327,-1.28e-01,8.60e+00,
17328,-1.28e-01,8.60e+00,
17329,-1.28e-01,8.60e+00,
17330,-1.28e-01,8.60e+00,
17331,-1.28e-01,8.80e+00,
17332,-1.28e-01,8.60e+00,
17333,-1.28e-01,8.60e+00,
17334,-1.28e-01,8.80e+00,
17335,-1.28e-01,8.60e+00,
17336,-1.28e-01,8.60e+00,
17337,-1.28e-01,8.80e+00,
17338,-1.28e-01,8.60e+00,
17339,-1.28e-01,8.80e+00,
17340,-1.28e-01,8.60e+00,
17341,-1.28e-01,8.60e+00,
17342,-1.28e-01,8.60e+00,
17343,-1.28e-01,8.60e+00,
17344,-1.28e-01,8.60e+00,
17345,-1.28e-01,8.60e+00,
17346,-1.28e-01,8.60e+00,
17347,-1.28e-01,8.80e+00,
17348,-1.28e-01,8.60e+00,
17349,-1.36e-01,8.80e+00,
17350,-1.28e-01,8.60e+00,
17351,-1.28e-01,8.60e+00,
17352,-1.28e-01,8.60e+00,
17353,-1.36e-01,8.60e+00,
17354,-1.28e-01,8.60e+00,
17355,-1.36e-01,8.60e+00,
17356,-1.28e-01,8.60e+00,
17357,-1.36e-01,8.60e+00,
17358,-1.28e-01,8.60e+00,
17359,-1.36e-01,8.60e+00,
17360,-1.28e-01,8.60e+00,
17361,-1.28e-01,8.60e+00,
17362,-1.36e-01,8.60e+00,
17363,-1.36e-01,8.60e+00,
17364,-1.28e-01,8.60e+00,
17365,-1.36e-01,8.60e+00,
17366,-1.36e-01,8.60e+00,
17367,-1.36e-01,8.60e+00,
17368,-1.28e-01,8.60e+00,
17369,-1.36e-01,8.60e+00,
17370,-1.28e-01,8.40e+00,
17371,-1.36e-01,8.60e+00,
17372,-1.28e-01,8.60e+00,
17373,-1.36e-01,8.60e+00,
17374,-1.36e-01,8.60e+00,
17375,-1.36e-01,8.60e+00,
17376,-1.28e-01,8.60e+00,
17377,-1.36e-01,8.60e+00,
17378,-1.28e-01,8.80e+00,
17379,-1.36e-01,8.80e+00,
17380,-1.28e-01,8.60e+00,
17381,-1.36e-01,8.60e+00,
17382,-1.36e-01,8.60e+00,
17383,-1.36e-01,8.60e+00,
17384,-1.36e-01,8.60e+00,
17385,-1.36e-01,8.60e+00,
17386,-1.36e-01,8.60e+00,
17387,-1.36e-01,8.60e+00,
17388,-1.36e-01,8.60e+00,
17389,-1.36e-01,8.60e+00,
17390,-1.36e-01,8.60e+00,
17391,-1.36e-01,8.60e+00,
17392,-1.36e-01,8.60e+00,
17393,-1.36e-01,8.60e+00,
17394,-1.36e-01,8.60e+00,
17395,-1.36e-01,8.80e+00,
17396,-1.36e-01,8.60e+00,
17397,-1.36e-01,8.60e+00,
17398,-1.36e-01,8.60e+00,
17399,-1.36e-01,8.60e+00,
17400,-1.36e-01,8.80e+00,
17401,-1.36e-01,8.80e+00,
17402,-1.36e-01,8.60e+00,
17403,-1.36e-01,8.60e+00,
17404,-1.36e-01,8.60e+00,
17405,-1.36e-01,8.60e+00,
17406,-1.36e-01,8.60e+00,
17407,-1.36e-01,8.60e+00,
17408,-1.36e-01,8.60e+00,
17409,-1.36e-01,8.60e+00,
17410,-1.36e-01,8.60e+00,
17411,-1.36e-01,8.60e+00,
17412,-1.36e-01,8.60e+00,
17413,-1.36e-01,8.60e+00,
17414,-1.36e-01,8.60e+00,
17415,-1.36e-01,8.60e+00,
17416,-1.36e-01,8.60e+00,
17417,-1.36e-01,8.60e+00,
17418,-1.36e-01,8.60e+00,
17419,-1.36e-01,8.60e+00,
17420,-1.36e-01,8.60e+00,
17421,-1.44e-01,8.60e+00,
17422,-1.36e-01,8.60e+00,
17423,-1.36e-01,8.60e+00,
17424,-1.36e-01,8.60e+00,
17425,-1.44e-01,8.60e+00,
17426,-1.36e-01,8.60e+00,
17427,-1.36e-01,8.60e+00,
17428,-1.36e-01,8.60e+00,
17429,-1.44e-01,8.60e+00,
17430,-1.36e-01,8.60e+00,
17431,-1.44e-01,8.60e+00,
17432,-1.36e-01,8.60e+00,
17433,-1.44e-01,8.60e+00,
17434,-1.36e-01,8.60e+00,
17435,-1.36e-01,8.60e+00,
17436,-1.36e-01,8.60e+00,
17437,-1.44e-01,8.80e+00,
17438,-1.44e-01,8.60e+00,
17439,-1.44e-01,8.60e+00,
17440,-1.36e-01,8.60e+00,
17441,-1.44e-01,8.60e+00,
17442,-1.36e-01,8.60e+00,
17443,-1.44e-01,8.60e+00,
17444,-1.44e-01,8.60e+00,
17445,-1.44e-01,8.60e+00,
17446,-1.44e-01,8.60e+00,
17447,-1.44e-01,8.80e+00,
17448,-1.44e-01,8.60e+00,
17449,-1.44e-01,8.60e+00,
17450,-1.44e-01,8.60e+00,
17451,-1.44e-01,8.60e+00,
17452,-1.44e-01,8.60e+00,
17453,-1.44e-01,8.60e+00,
17454,-1.44e-01,8.60e+00,
17455,-1.44e-01,8.60e+00,
17456,-1.44e-01,8.60e+00,
17457,-1.44e-01,8.60e+00,
17458,-1.44e-01,8.60e+00,
17459,-1.44e-01,8.60e+00,
17460,-1.44e-01,8.60e+00,
17461,-1.44e-01,8.60e+00,
17462,-1.44e-01,8.60e+00,
17463,-1.44e-01,8.60e+00,
17464,-1.44e-01,8.60e+00,
17465,-1.44e-01,8.60e+00,
17466,-1.44e-01,8.60e+00,
17467,-1.44e-01,8.60e+00,
17468,-1.44e-01,8.60e+00,
17469,-1.44e-01,8.60e+00,
17470,-1.44e-01,8.60e+00,
17471,-1.44e-01,8.60e+00,
17472,-1.44e-01,8.60e+00,
17473,-1.44e-01,8.60e+00,
17474,-1.44e-01,8.60e+00,
17475,-1.44e-01,8.60e+00,
17476,-1.44e-01,8.60e+00,
17477,-1.60e-01,8.60e+00,
17478,-1.44e-01,8.60e+00,
17479,-1.44e-01,8.60e+00,
17480,-1.44e-01,8.60e+00,
17481,-1.60e-01,8.60e+00,
17482,-1.44e-01,8.60e+00,
17483,-1.60e-01,8.60e+00,
17484,-1.44e-01,8.60e+00,
17485,-1.60e-01,8.60e+00,
17486,-1.44e-01,8.60e+00,
17487,-1.44e-01,8.60e+00,
17488,-1.44e-01,8.60e+00,
17489,-1.60e-01,8.60e+00,
17490,-1.44e-01,8.60e+00,
17491,-1.60e-01,8.60e+00,
17492,-1.44e-01,8.60e+00,
17493,-1.60e-01,8.60e+00,
17494,-1.44e-01,8.60e+00,
17495,-1.60e-01,8.60e+00,
17496,-1.44e-01,8.80e+00,
17497,-1.60e-01,8.60e+00,
17498,-1.44e-01,8.60e+00,
17499,-1.60e-01,8.80e+00,
17500,-1.60e-01,8.60e+00,
17501,-1.60e-01,8.60e+00,
17502,-1.60e-01,8.60e+00,
17503,-1.60e-01,8.60e+00,
17504,-1.60e-01,8.60e+00,
17505,-1.60e-01,8.60e+00,
17506,-1.60e-01,8.60e+00,
17507,-1.60e-01,8.60e+00,
17508,-1.60e-01,8.60e+00,
17509,-1.60e-01,8.60e+00,
17510,-1.60e-01,8.60e+00,
17511,-1.60e-01,8.60e+00,
17512,-1.60e-01,8.60e+00,
17513,-1.60e-01,8.60e+00,
17514,-1.60e-01,8.60e+00,
17515,-1.60e-01,8.60e+00,
17516,-1.60e-01,8.60e+00,
17517,-1.60e-01,8.60e+00,
17518,-1.60e-01,8.60e+00,
17519,-1.60e-01,8.60e+00,
17520,-1.60e-01,8.60e+00,
17521,-1.60e-01,8.60e+00,
17522,-1.60e-01,8.60e+00,
17523,-1.60e-01,8.60e+00,
17524,-1.60e-01,8.60e+00,
17525,-1.68e-01,8.60e+00,
17526,-1.60e-01,8.60e+00,
17527,-1.60e-01,8.60e+00,
17528,-1.60e-01,8.60e+00,
17529,-1.68e-01,8.60e+00,
17530,-1.60e-01,8.60e+00,
17531,-1.60e-01,8.60e+00,
17532,-1.60e-01,8.60e+00,
17533,-1.68e-01,8.60e+00,
17534,-1.60e-01,8.60e+00,
17535,-1.68e-01,8.60e+00,
17536,-1.60e-01,8.60e+00,
17537,-1.68e-01,8.60e+00,
17538,-1.60e-01,8.60e+00,
17539,-1.68e-01,8.60e+00,
17540,-1.60e-01,8.60e+00,
17541,-1.68e-01,8.60e+00,
17542,-1.60e-01,8.60e+00,
17543,-1.68e-01,8.60e+00,
17544,-1.68e-01,8.60e+00,
17545,-1.68e-01,8.60e+00,
17546,-1.60e-01,8.60e+00,
17547,-1.68e-01,8.60e+00,
17548,-1.60e-01,8.60e+00,
17549,-1.68e-01,8.60e+00,
17550,-1.68e-01,8.60e+00,
17551,-1.68e-01,8.60e+00,
17552,-1.68e-01,8.60e+00,
17553,-1.68e-01,8.60e+00,
17554,-1.68e-01,8.60e+00,
17555,-1.68e-01,8.60e+00,
17556,-1.68e-01,8.60e+00,
17557,-1.68e-01,8.60e+00,
17558,-1.68e-01,8.40e+00,
17559,-1.68e-01,8.60e+00,
17560,-1.68e-01,8.60e+00,
17561,-1.68e-01,8.60e+00,
17562,-1.68e-01,8.60e+00,
17563,-1.68e-01,8.60e+00,
17564,-1.68e-01,8.60e+00,
17565,-1.68e-01,8.60e+00,
17566,-1.68e-01,8.60e+00,
17567,-1.68e-01,8.60e+00,
17568,-1.68e-01,8.60e+00,
17569,-1.76e-01,8.60e+00,
17570,-1.68e-01,8.60e+00,
17571,-1.68e-01,8.80e+00,
17572,-1.68e-01,8.60e+00,
17573,-1.68e-01,8.60e+00,
17574,-1.68e-01,8.60e+00,
17575,-1.68e-01,8.60e+00,
17576,-1.68e-01,8.60e+00,
17577,-1.76e-01,8.60e+00,
17578,-1.68e-01,8.60e+00,
17579,-1.76e-01,8.60e+00,
17580,-1.68e-01,8.60e+00,
17581,-1.76e-01,8.60e+00,
17582,-1.68e-01,8.60e+00,
17583,-1.68e-01,8.60e+00,
17584,-1.68e-01,8.60e+00,
17585,-1.76e-01,8.60e+00,
17586,-1.68e-01,8.60e+00,
17587,-1.76e-01,8.60e+00,
17588,-1.68e-01,8.60e+00,
17589,-1.76e-01,8.60e+00,
17590,-1.68e-01,8.60e+00,
17591,-1.76e-01,8.60e+00,
17592,-1.68e-01,8.60e+00,
17593,-1.76e-01,8.60e+00,
17594,-1.76e-01,8.60e+00,
17595,-1.76e-01,8.60e+00,
17596,-1.76e-01,8.60e+00,
17597,-1.76e-01,8.60e+00,
17598,-1.76e-01,8.60e+00,
17599,-1.76e-01,8.80e+00,
17600,-1.68e-01,8.60e+00,
17601,-1.76e-01,8.60e+00,
17602,-1.76e-01,8.60e+00,
17603,-1.76e-01,8.60e+00,
17604,-1.76e-01,8.60e+00,
17605,-1.76e-01,8.60e+00,
17606,-1.76e-01,8.60e+00,
17607,-1.76e-01,8.60e+00,
17608,-1.76e-01,8.60e+00,
17609,-1.76e-01,8.60e+00,
17610,-1.76e-01,8.60e+00,
17611,-1.76e-01,8.60e+00,
17612,-1.76e-01,8.60e+00,
17613,-1.76e-01,8.60e+00,
17614,-1.76e-01,8.60e+00,
17615,-1.76e-01,8.60e+00,
17616,-1.76e-01,8.60e+00,
17617,-1.76e-01,8.60e+00,
17618,-1.76e-01,8.60e+00,
17619,-1.76e-01,8.60e+00,
17620,-1.76e-01,8.60e+00,
17621,-1.84e-01,8.60e+00,
17622,-1.76e-01,8.60e+00,
17623,-1.76e-01,8.60e+00,
17624,-1.76e-01,8.60e+00,
17625,-1.84e-01,8.60e+00,
17626,-1.76e-01,8.60e+00,
17627,-1.84e-01,8.60e+00,
17628,-1.76e-01,8.60e+00,
17629,-1.84e-01,8.60e+00,
17630,-1.76e-01,8.60e+00,
17631,-1.84e-01,8.60e+00,
17632,-1.76e-01,8.60e+00,
17633,-1.84e-01,8.60e+00,
17634,-1.76e-01,8.60e+00,
17635,-1.84e-01,8.60e+00,
17636,-1.76e-01,8.60e+00,
17637,-1.84e-01,8.60e+00,
17638,-1.84e-01,8.60e+00,
17639,-1.84e-01,8.60e+00,
17640,-1.76e-01,8.60e+00,
17641,-1.84e-01,8.60e+00,
17642,-1.84e-01,8.60e+00,
17643,-1.84e-01,8.60e+00,
17644,-1.84e-01,8.40e+00,
17645,-1.84e-01,8.60e+00,
17646,-1.84e-01,8.60e+00,
17647,-1.84e-01,8.60e+00,
17648,-1.84e-01,8.60e+00,
17649,-1.84e-01,8.60e+00,
17650,-1.84e-01,8.60e+00,
17651,-1.84e-01,8.60e+00,
17652,-1.84e-01,8.60e+00,
17653,-1.84e-01,8.60e+00,
17654,-1.84e-01,8.60e+00,
17655,-1.84e-01,8.60e+00,
17656,-1.84e-01,8.60e+00,
17657,-1.84e-01,8.60e+00,
17658,-1.84e-01,8.60e+00,
17659,-1.84e-01,8.60e+00,
17660,-1.84e-01,8.60e+00,
17661,-1.84e-01,8.80e+00,
17662,-1.84e-01,8.60e+00,
17663,-1.84e-01,8.60e+00,
17664,-1.84e-01,8.60e+00,
17665,-1.84e-01,8.60e+00,
17666,-1.84e-01,8.60e+00,
17667,-1.84e-01,8.60e+00,
17668,-1.84e-01,8.60e+00,
17669,-1.92e-01,8.60e+00,
17670,-1.84e-01,8.60e+00,
17671,-1.84e-01,8.60e+00,
17672,-1.84e-01,8.60e+00,
17673,-1.92e-01,8.60e+00,
17674,-1.84e-01,8.60e+00,
17675,-1.84e-01,8.60e+00,
17676,-1.84e-01,8.60e+00,
17677,-1.92e-01,8.60e+00,
17678,-1.84e-01,8.60e+00,
17679,-1.92e-01,8.60e+00,
17680,-1.84e-01,8.60e+00,
17681,-1.92e-01,8.60e+00,
17682,-1.84e-01,8.60e+00,
17683,-1.92e-01,8.60e+00,
17684,-1.84e-01,8.60e+00,
17685,-1.92e-01,8.60e+00,
17686,-1.92e-01,8.60e+00,
17687,-1.92e-01,8.60e+00,
17688,-1.84e-01,8.60e+00,
17689,-1.92e-01,8.60e+00,
17690,-1.84e-01,8.60e+00,
17691,-1.92e-01,8.60e+00,
17692,-1.84e-01,8.60e+00,
17693,-1.92e-01,8.60e+00,
17694,-1.92e-01,8.60e+00,
17695,-1.92e-01,8.60e+00,
17696,-1.92e-01,8.60e+00,
17697,-1.92e-01,8.60e+00,
17698,-1.92e-01,8.60e+00,
17699,-1.92e-01,8.60e+00,
17700,-1.92e-01,8.40e+00,
17701,-1.92e-01,8.60e+00,
17702,-1.92e-01,8.60e+00,
17703,-1.92e-01,8.60e+00,
17704,-1.92e-01,8.60e+00,
17705,-1.92e-01,8.60e+00,
17706,-1.92e-01,8.60e+00,
17707,-1.92e-01,8.60e+00,
17708,-1.92e-01,8.60e+00,
17709,-1.92e-01,8.60e+00,
17710,-1.92e-01,8.60e+00,
17711,-1.92e-01,8.60e+00,
17712,-1.92e-01,8.60e+00,
17713,-1.92e-01,8.60e+00,
17714,-1.92e-01,8.60e+00,
17715,-1.92e-01,8.60e+00,
17716,-1.92e-01,8.60e+00,
17717,-2.00e-01,8.60e+00,
17718,-1.92e-01,8.60e+00,
17719,-1.92e-01,8.60e+00,
17720,-1.92e-01,8.60e+00,
17721,-2.00e-01,8.60e+00,
17722,-1.92e-01,8.60e+00,
17723,-1.92e-01,8.60e+00,
17724,-1.92e-01,8.60e+00,
17725,-2.00e-01,8.60e+00,
17726,-1.92e-01,8.60e+00,
17727,-1.92e-01,8.60e+00,
17728,-1.92e-01,8.60e+00,
17729,-2.00e-01,8.60e+00,
17730,-1.92e-01,8.60e+00,
17731,-2.00e-01,8.60e+00,
17732,-1.92e-01,8.60e+00,
17733,-2.00e-01,8.60e+00,
17734,-1.92e-01,8.60e+00,
17735,-2.00e-01,8.60e+00,
17736,-1.92e-01,8.60e+00,
17737,-2.00e-01,8.60e+00,
17738,-1.92e-01,8.60e+00,
17739,-2.00e-01,8.60e+00,
17740,-1.92e-01,8.60e+00,
17741,-2.00e-01,8.60e+00,
17742,-2.00e-01,8.60e+00,
17743,-2.00e-01,8.60e+00,
17744,-1.92e-01,8.60e+00,
17745,-2.00e-01,8.60e+00,
17746,-1.92e-01,8.60e+00,
17747,-2.00e-01,8.60e+00,
17748,-1.92e-01,8.60e+00,
17749,-2.00e-01,8.60e+00,
17750,-2.00e-01,8.60e+00,
17751,-2.00e-01,8.80e+00,
17752,-1.92e-01,8.60e+00,
17753,-2.00e-01,8.60e+00,
17754,-2.00e-01,8.60e+00,
17755,-2.00e-01,8.80e+00,
17756,-2.00e-01,8.60e+00,
17757,-2.00e-01,8.60e+00,
17758,-2.00e-01,8.60e+00,
17759,-2.00e-01,8.60e+00,
17760,-2.00e-01,8.60e+00,
17761,-2.00e-01,8.40e+00,
17762,-2.00e-01,8.60e+00,
17763,-2.00e-01,8.60e+00,
17764,-2.00e-01,8.60e+00,
17765,-2.00e-01,8.60e+00,
17766,-2.00e-01,8.60e+00,
17767,-2.00e-01,8.60e+00,
17768,-2.00e-01,8.60e+00,
17769,-2.00e-01,8.60e+00,
17770,-2.00e-01,8.60e+00,
17771,-2.00e-01,8.60e+00,
17772,-2.00e-01,8.60e+00,
17773,-2.00e-01,8.60e+00,
17774,-2.00e-01,8.60e+00,
17775,-2.00e-01,8.60e+00,
17776,-2.00e-01,8.60e+00,
17777,-2.00e-01,8.60e+00,
17778,-2.00e-01,8.60e+00,
17779,-2.00e-01,8.60e+00,
17780,-2.00e-01,8.60e+00,
17781,-2.00e-01,8.60e+00,
17782,-2.00e-01,8.60e+00,
17783,-2.00e-01,8.60e+00,
17784,-2.00e-01,8.60e+00,
17785,-2.00e-01,8.60e+00,
17786,-2.00e-01,8.60e+00,
17787,-2.00e-01,8.60e+00,
17788,-2.00e-01,8.60e+00,
17789,-2.00e-01,8.60e+00,
17790,-2.00e-01,8.60e+00,
17791,-2.00e-01,8.60e+00,
17792,-2.00e-01,8.60e+00,
17793,-2.00e-01,8.60e+00,
17794,-2.00e-01,8.60e+00,
17795,-2.00e-01,8.60e+00,
17796,-2.00e-01,8.60e+00,
17797,-2.08e-01,8.60e+00,
17798,-2.00e-01,8.60e+00,
17799,-2.00e-01,8.60e+00,
17800,-2.00e-01,8.40e+00,
17801,-2.08e-01,8.60e+00,
17802,-2.00e-01,8.60e+00,
17803,-2.08e-01,8.60e+00,
17804,-2.00e-01,8.60e+00,
17805,-2.08e-01,8.60e+00,
17806,-2.00e-01,8.60e+00,
17807,-2.08e-01,8.60e+00,
17808,-2.00e-01,8.60e+00,
17809,-2.08e-01,8.60e+00,
17810,-2.00e-01,8.60e+00,
17811,-2.08e-01,8.60e+00,
17812,-2.00e-01,8.60e+00,
17813,-2.08e-01,8.60e+00,
17814,-2.00e-01,8.60e+00,
17815,-2.08e-01,8.60e+00,
17816,-2.00e-01,8.60e+00,
17817,-2.08e-01,8.60e+00,
17818,-2.00e-01,8.60e+00,
17819,-2.08e-01,8.60e+00,
17820,-2.00e-01,8.60e+00,
17821,-2.08e-01,8.60e+00,
17822,-2.08e-01,8.60e+00,
17823,-2.08e-01,8.60e+00,
17824,-2.00e-01,8.60e+00,
17825,-2.08e-01,8.60e+00,
17826,-2.00e-01,8.60e+00,
17827,-2.08e-01,8.60e+00,
17828,-2.00e-01,8.60e+00,
17829,-2.08e-01,8.60e+00,
17830,-2.00e-01,8.60e+00,
17831,-2.08e-01,8.40e+00,
17832,-2.00e-01,8.60e+00,
17833,-2.08e-01,8.60e+00,
17834,-2.00e-01,8.60e+00,
17835,-2.08e-01,8.60e+00,
17836,-2.00e-01,8.60e+00,
17837,-2.08e-01,8.60e+00,
17838,-2.08e-01,8.60e+00,
17839,-2.08e-01,8.60e+00,
17840,-2.08e-01,8.60e+00,
17841,-2.08e-01,8.60e+00,
17842,-2.08e-01,8.60e+00,
17843,-2.08e-01,8.60e+00,
17844,-2.08e-01,8.60e+00,
17845,-2.08e-01,8.60e+00,
17846,-2.08e-01,8.40e+00,
17847,-2.08e-01,8.60e+00,
17848,-2.08e-01,8.60e+00,
17849,-2.08e-01,8.60e+00,
17850,-2.08e-01,8.60e+00,
17851,-2.08e-01,8.60e+00,
17852,-2.08e-01,8.60e+00,
17853,-2.08e-01,8.60e+00,
17854,-2.08e-01,8.60e+00,
17855,-2.08e-01,8.60e+00,
17856,-2.08e-01,8.60e+00,
17857,-2.08e-01,8.60e+00,
17858,-2.08e-01,8.60e+00,
17859,-2.08e-01,8.60e+00,
17860,-2.08e-01,8.60e+00,
17861,-2.08e-01,8.60e+00,
17862,-2.08e-01,8.60e+00,
17863,-2.08e-01,8.60e+00,
17864,-2.08e-01,8.60e+00,
17865,-2.08e-01,8.60e+00,
17866,-2.08e-01,8.60e+00,
17867,-2.08e-01,8.60e+00,
17868,-2.08e-01,8.60e+00,
17869,-2.08e-01,8.80e+00,
17870,-2.08e-01,8.40e+00,
17871,-2.08e-01,8.60e+00,
17872,-2.08e-01,8.60e+00,
17873,-2.08e-01,8.60e+00,
17874,-2.08e-01,8.60e+00,
17875,-2.08e-01,8.60e+00,
17876,-2.08e-01,8.60e+00,
17877,-2.08e-01,8.60e+00,
17878,-2.08e-01,8.60e+00,
17879,-2.08e-01,8.60e+00,
17880,-2.08e-01,8.60e+00,
17881,-2.08e-01,8.60e+00,
17882,-2.08e-01,8.60e+00,
17883,-2.08e-01,8.60e+00,
17884,-2.08e-01,8.40e+00,
17885,-2.08e-01,8.60e+00,
17886,-2.08e-01,8.60e+00,
17887,-2.08e-01,8.60e+00,
17888,-2.08e-01,8.60e+00,
17889,-2.16e-01,8.60e+00,
17890,-2.08e-01,8.60e+00,
17891,-2.16e-01,8.60e+00,
17892,-2.08e-01,8.60e+00,
17893,-2.16e-01,8.60e+00,
17894,-2.08e-01,8.60e+00,
17895,-2.08e-01,8.60e+00,
17896,-2.08e-01,8.60e+00,
17897,-2.16e-01,8.60e+00,
17898,-2.08e-01,8.60e+00,
17899,-2.16e-01,8.60e+00,
17900,-2.08e-01,8.60e+00,
17901,-2.16e-01,8.60e+00,
17902,-2.08e-01,8.60e+00,
17903,-2.08e-01,8.60e+00,
17904,-2.08e-01,8.60e+00,
17905,-2.16e-01,8.60e+00,
17906,-2.08e-01,8.60e+00,
17907,-2.08e-01,8.80e+00,
17908,-2.08e-01,8.60e+00,
17909,-2.16e-01,8.60e+00,
17910,-2.08e-01,8.60e+00,
17911,-2.08e-01,8.60e+00,
17912,-2.08e-01,8.60e+00,
17913,-2.16e-01,8.60e+00,
17914,-2.08e-01,8.60e+00,
17915,-2.16e-01,8.60e+00,
17916,-2.08e-01,8.60e+00,
17917,-2.16e-01,8.60e+00,
17918,-2.08e-01,8.60e+00,
17919,-2.08e-01,8.60e+00,
17920,-2.08e-01,8.60e+00,
17921,-2.16e-01,8.60e+00,
17922,-2.08e-01,8.60e+00,
17923,-2.16e-01,8.60e+00,
17924,-2.08e-01,8.60e+00,
17925,-2.16e-01,8.60e+00,
17926,-2.08e-01,8.40e+00,
17927,-2.16e-01,8.60e+00,
17928,-2.08e-01,8.60e+00,
17929,-2.16e-01,8.60e+00,
17930,-2.08e-01,8.40e+00,
17931,-2.16e-01,8.60e+00,
17932,-2.08e-01,8.60e+00,
17933,-2.16e-01,8.60e+00,
17934,-2.08e-01,8.40e+00,
17935,-2.16e-01,8.60e+00,
17936,-2.08e-01,8.60e+00,
17937,-2.16e-01,8.60e+00,
17938,-2.08e-01,8.60e+00,
17939,-2.16e-01,8.60e+00,
17940,-2.08e-01,8.40e+00,
17941,-2.16e-01,8.60e+00,
17942,-2.16e-01,8.60e+00,
17943,-2.16e-01,8.60e+00,
17944,-2.08e-01,8.60e+00,
17945,-2.16e-01,8.60e+00,
17946,-2.08e-01,8.60e+00,
17947,-2.16e-01,8.60e+00,
17948,-2.08e-01,8.60e+00,
17949,-2.16e-01,8.60e+00,
17950,-2.16e-01,8.60e+00,
17951,-2.16e-01,8.60e+00,
17952,-2.08e-01,8.60e+00,
17953,-2.16e-01,8.60e+00,
17954,-2.16e-01,8.60e+00,
17955,-2.16e-01,8.60e+00,
17956,-2.08e-01,8.60e+00,
17957,-2.16e-01,8.60e+00,
17958,-2.16e-01,8.60e+00,
17959,-2.16e-01,8.60e+00,
17960,-2.08e-01,8.60e+00,
17961,-2.16e-01,8.60e+00,
17962,-2.16e-01,8.60e+00,
17963,-2.16e-01,8.60e+00,
17964,-2.08e-01,8.60e+00,
17965,-2.16e-01,8.60e+00,
17966,-2.16e-01,8.40e+00,
17967,-2.16e-01,8.60e+00,
17968,-2.08e-01,8.60e+00,
17969,-2.16e-01,8.60e+00,
17970,-2.16e-01,8.60e+00,
17971,-2.16e-01,8.60e+00,
17972,-2.16e-01,8.60e+00,
17973,-2.16e-01,8.60e+00,
17974,-2.16e-01,8.60e+00,
17975,-2.16e-01,8.60e+00,
17976,-2.16e-01,8.60e+00,
17977,-2.16e-01,8.60e+00,
17978,-2.16e-01,8.60e+00,
17979,-2.16e-01,8.60e+00,
17980,-2.08e-01,8.60e+00,
17981,-2.16e-01,8.60e+00,
17982,-2.16e-01,8.60e+00,
17983,-2.16e-01,8.60e+00,
17984,-2.16e-01,8.60e+00,
17985,-2.16e-01,8.60e+00,
17986,-2.16e-01,8.60e+00,
17987,-2.16e-01,8.60e+00,
17988,-2.16e-01,8.60e+00,
17989,-2.16e-01,8.60e+00,
17990,-2.16e-01,8.60e+00,
17991,-2.16e-01,8.60e+00,
17992,-2.16e-01,8.60e+00,
17993,-2.16e-01,8.60e+00,
17994,-2.16e-01,8.60e+00,
17995,-2.16e-01,8.60e+00,
17996,-2.16e-01,8.60e+00,
17997,-2.16e-01,8.60e+00,
17998,-2.16e-01,8.60e+00,
17999,-2.16e-01,8.60e+00,
18000,-2.16e-01,8.60e+00,
18001,-2.16e-01,8.60e+00,
18002,-2.16e-01,8.60e+00,
18003,-2.16e-01,8.60e+00,
18004,-2.16e-01,8.60e+00,
18005,-2.16e-01,8.60e+00,
18006,-2.16e-01,8.60e+00,
18007,-2.16e-01,8.60e+00,
18008,-2.16e-01,8.60e+00,
18009,-2.16e-01,8.60e+00,
18010,-2.16e-01,8.60e+00,
18011,-2.16e-01,8.60e+00,
18012,-2.16e-01,8.60e+00,
18013,-2.16e-01,8.60e+00,
18014,-2.16e-01,8.60e+00,
18015,-2.16e-01,8.60e+00,
18016,-2.16e-01,8.60e+00,
18017,-2.24e-01,8.60e+00,
18018,-2.16e-01,8.40e+00,
18019,-2.16e-01,8.60e+00,
18020,-2.16e-01,8.40e+00,
18021,-2.24e-01,8.60e+00,
18022,-2.16e-01,8.60e+00,
18023,-2.16e-01,8.60e+00,
18024,-2.16e-01,8.60e+00,
18025,-2.24e-01,8.60e+00,
18026,-2.16e-01,8.60e+00,
18027,-2.16e-01,8.60e+00,
18028,-2.16e-01,8.60e+00,
18029,-2.24e-01,8.60e+00,
18030,-2.16e-01,8.60e+00,
18031,-2.24e-01,8.60e+00,
18032,-2.16e-01,8.60e+00,
18033,-2.24e-01,8.60e+00,
18034,-2.16e-01,8.60e+00,
18035,-2.24e-01,8.60e+00,
18036,-2.16e-01,8.60e+00,
18037,-2.24e-01,8.40e+00,
18038,-2.16e-01,8.60e+00,
18039,-2.24e-01,8.60e+00,
18040,-2.16e-01,8.60e+00,
18041,-2.24e-01,8.60e+00,
18042,-2.16e-01,8.60e+00,
18043,-2.24e-01,8.60e+00,
18044,-2.16e-01,8.60e+00,
18045,-2.24e-01,8.60e+00,
18046,-2.24e-01,8.60e+00,
18047,-2.24e-01,8.60e+00,
18048,-2.16e-01,8.60e+00,
18049,-2.24e-01,8.60e+00,
18050,-2.16e-01,8.60e+00,
18051,-2.24e-01,8.60e+00,
18052,-2.24e-01,8.60e+00,
18053,-2.24e-01,8.60e+00,
18054,-2.24e-01,8.60e+00,
18055,-2.24e-01,8.60e+00,
18056,-2.16e-01,8.60e+00,
18057,-2.24e-01,8.60e+00,
18058,-2.24e-01,8.60e+00,
18059,-2.24e-01,8.60e+00,
18060,-2.24e-01,8.40e+00,
18061,-2.24e-01,8.60e+00,
18062,-2.24e-01,8.60e+00,
18063,-2.24e-01,8.60e+00,
18064,-2.24e-01,8.60e+00,
18065,-2.24e-01,8.60e+00,
18066,-2.24e-01,8.60e+00,
18067,-2.24e-01,8.60e+00,
18068,-2.24e-01,8.60e+00,
18069,-2.24e-01,8.60e+00,
18070,-2.24e-01,8.60e+00,
18071,-2.24e-01,8.60e+00,
18072,-2.24e-01,8.60e+00,
18073,-2.24e-01,8.60e+00,
18074,-2.24e-01,8.60e+00,
18075,-2.24e-01,8.60e+00,
18076,-2.24e-01,8.60e+00,
18077,-2.24e-01,8.60e+00,
18078,-2.24e-01,8.60e+00,
18079,-2.24e-01,8.60e+00,
18080,-2.24e-01,8.60e+00,
18081,-2.24e-01,8.60e+00,
18082,-2.24e-01,8.60e+00,
18083,-2.24e-01,8.60e+00,
18084,-2.24e-01,8.60e+00,
18085,-2.24e-01,8.60e+00,
18086,-2.24e-01,8.60e+00,
18087,-2.24e-01,8.60e+00,
18088,-2.24e-01,8.60e+00,
18089,-2.24e-01,8.60e+00,
18090,-2.24e-01,8.60e+00,
18091,-2.24e-01,8.60e+00,
18092,-2.24e-01,8.60e+00,
18093,-2.24e-01,8.60e+00,
18094,-2.24e-01,8.60e+00,
18095,-2.24e-01,8.60e+00,
18096,-2.24e-01,8.60e+00,
18097,-2.24e-01,8.60e+00,
18098,-2.24e-01,8.60e+00,
18099,-2.24e-01,8.60e+00,
18100,-2.24e-01,8.60e+00,
18101,-2.32e-01,8.60e+00,
18102,-2.24e-01,8.40e+00,
18103,-2.24e-01,8.60e+00,
18104,-2.24e-01,8.60e+00,
18105,-2.24e-01,8.60e+00,
18106,-2.24e-01,8.60e+00,
18107,-2.24e-01,8.60e+00,
18108,-2.24e-01,8.60e+00,
18109,-2.32e-01,8.60e+00,
18110,-2.24e-01,8.60e+00,
18111,-2.32e-01,8.60e+00,
18112,-2.24e-01,8.60e+00,
18113,-2.32e-01,8.60e+00,
18114,-2.24e-01,8.60e+00,
18115,-2.32e-01,8.60e+00,
18116,-2.24e-01,8.60e+00,
18117,-2.32e-01,8.60e+00,
18118,-2.24e-01,8.60e+00,
18119,-2.32e-01,8.60e+00,
18120,-2.24e-01,8.60e+00,
18121,-2.32e-01,8.60e+00,
18122,-2.24e-01,8.60e+00,
18123,-2.32e-01,8.60e+00,
18124,-2.24e-01,8.60e+00,
18125,-2.32e-01,8.60e+00,
18126,-2.32e-01,8.40e+00,
18127,-2.32e-01,8.60e+00,
18128,-2.24e-01,8.60e+00,
18129,-2.32e-01,8.60e+00,
18130,-2.24e-01,8.60e+00,
18131,-2.32e-01,8.60e+00,
18132,-2.32e-01,8.60e+00,
18133,-2.32e-01,8.60e+00,
18134,-2.32e-01,8.60e+00,
18135,-2.32e-01,8.60e+00,
18136,-2.24e-01,8.60e+00,
18137,-2.32e-01,8.60e+00,
18138,-2.32e-01,8.40e+00,
18139,-2.32e-01,8.60e+00,
18140,-2.24e-01,8.60e+00,
18141,-2.32e-01,8.60e+00,
18142,-2.32e-01,8.60e+00,
18143,-2.32e-01,8.60e+00,
18144,-2.32e-01,8.60e+00,
18145,-2.32e-01,8.60e+00,
18146,-2.32e-01,8.60e+00,
18147,-2.32e-01,8.60e+00,
18148,-2.32e-01,8.60e+00,
18149,-2.32e-01,8.60e+00,
18150,-2.32e-01,8.40e+00,
18151,-2.32e-01,8.60e+00,
18152,-2.32e-01,8.60e+00,
18153,-2.32e-01,8.60e+00,
18154,-2.32e-01,8.60e+00,
18155,-2.32e-01,8.60e+00,
18156,-2.32e-01,8.60e+00,
18157,-2.32e-01,8.60e+00,
18158,-2.32e-01,8.60e+00,
18159,-2.32e-01,8.60e+00,
18160,-2.32e-01,8.60e+00,
18161,-2.32e-01,8.60e+00,
18162,-2.32e-01,8.60e+00,
18163,-2.32e-01,8.40e+00,
18164,-2.32e-01,8.60e+00,
18165,-2.40e-01,8.60e+00,
18166,-2.32e-01,8.60e+00,
18167,-2.32e-01,8.60e+00,
18168,-2.32e-01,8.60e+00,
18169,-2.40e-01,8.60e+00,
18170,-2.32e-01,8.60e+00,
18171,-2.32e-01,8.60e+00,
18172,-2.32e-01,8.60e+00,
18173,-2.40e-01,8.60e+00,
18174,-2.32e-01,8.60e+00,
18175,-2.32e-01,8.60e+00,
18176,-2.32e-01,8.60e+00,
18177,-2.40e-01,8.60e+00,
18178,-2.32e-01,8.60e+00,
18179,-2.40e-01,8.60e+00,
18180,-2.32e-01,8.40e+00,
18181,-2.40e-01,8.60e+00,
18182,-2.40e-01,8.60e+00,
18183,-2.40e-01,8.60e+00,
18184,-2.32e-01,8.60e+00,
18185,-2.40e-01,8.60e+00,
18186,-2.32e-01,8.40e+00,
18187,-2.40e-01,8.60e+00,
18188,-2.32e-01,8.40e+00,
18189,-2.40e-01,8.60e+00,
18190,-2.32e-01,8.60e+00,
18191,-2.40e-01,8.40e+00,
18192,-2.32e-01,8.60e+00,
18193,-2.40e-01,8.60e+00,
18194,-2.32e-01,8.60e+00,
18195,-2.40e-01,8.60e+00,
18196,-2.32e-01,8.60e+00,
18197,-2.40e-01,8.60e+00,
18198,-2.40e-01,8.60e+00,
18199,-2.40e-01,8.60e+00,
18200,-2.32e-01,8.60e+00,
18201,-2.40e-01,8.60e+00,
18202,-2.40e-01,8.60e+00,
18203,-2.40e-01,8.60e+00,
18204,-2.40e-01,8.40e+00,
18205,-2.40e-01,8.60e+00,
18206,-2.40e-01,8.60e+00,
18207,-2.40e-01,8.40e+00,
18208,-2.40e-01,8.60e+00,
18209,-2.40e-01,8.60e+00,
18210,-2.40e-01,8.40e+00,
18211,-2.40e-01,8.60e+00,
18212,-2.40e-01,8.60e+00,
18213,-2.40e-01,8.60e+00,
18214,-2.40e-01,8.40e+00,
18215,-2.40e-01,8.60e+00,
18216,-2.40e-01,8.40e+00,
18217,-2.40e-01,8.60e+00,
18218,-2.40e-01,8.60e+00,
18219,-2.40e-01,8.60e+00,
18220,-2.40e-01,8.40e+00,
18221,-2.40e-01,8.60e+00,
18222,-2.40e-01,8.60e+00,
18223,-2.40e-01,8.60e+00,
18224,-2.40e-01,8.60e+00,
18225,-2.40e-01,8.60e+00,
18226,-2.40e-01,8.60e+00,
18227,-2.40e-01,8.60e+00,
18228,-2.40e-01,8.60e+00,
18229,-2.48e-01,8.60e+00,
18230,-2.40e-01,8.60e+00,
18231,-2.40e-01,8.60e+00,
18232,-2.40e-01,8.60e+00,
18233,-2.48e-01,8.60e+00,
18234,-2.40e-01,8.60e+00,
18235,-2.48e-01,8.60e+00,
18236,-2.40e-01,8.60e+00,
18237,-2.48e-01,8.60e+00,
18238,-2.40e-01,8.60e+00,
18239,-2.48e-01,8.60e+00,
18240,-2.40e-01,8.60e+00,
18241,-2.48e-01,8.40e+00,
18242,-2.40e-01,8.60e+00,
18243,-2.48e-01,8.60e+00,
18244,-2.40e-01,8.60e+00,
18245,-2.48e-01,8.60e+00,
18246,-2.40e-01,8.40e+00,
18247,-2.48e-01,8.60e+00,
18248,-2.40e-01,8.60e+00,
18249,-2.48e-01,8.60e+00,
18250,-2.48e-01,8.40e+00,
18251,-2.48e-01,8.60e+00,
18252,-2.48e-01,8.60e+00,
18253,-2.48e-01,8.60e+00,
18254,-2.48e-01,8.40e+00,
18255,-2.48e-01,8.60e+00,
18256,-2.48e-01,8.60e+00,
18257,-2.48e-01,8.60e+00,
18258,-2.48e-01,8.40e+00,
18259,-2.48e-01,8.60e+00,
18260,-2.48e-01,8.60e+00,
18261,-2.48e-01,8.60e+00,
18262,-2.48e-01,8.60e+00,
18263,-2.48e-01,8.60e+00,
18264,-2.48e-01,8.60e+00,
18265,-2.48e-01,8.40e+00,
18266,-2.48e-01,8.40e+00,
18267,-2.48e-01,8.60e+00,
18268,-2.48e-01,8.40e+00,
18269,-2.48e-01,8.60e+00,
18270,-2.48e-01,8.60e+00,
18271,-2.48e-01,8.60e+00,
18272,-2.48e-01,8.60e+00,
18273,-2.56e-01,8.60e+00,
18274,-2.48e-01,8.40e+00,
18275,-2.48e-01,8.60e+00,
18276,-2.48e-01,8.40e+00,
18277,-2.56e-01,8.60e+00,
18278,-2.48e-01,8.40e+00,
18279,-2.48e-01,8.60e+00,
18280,-2.48e-01,8.60e+00,
18281,-2.56e-01,8.60e+00,
18282,-2.48e-01,8.40e+00,
18283,-2.56e-01,8.60e+00,
18284,-2.48e-01,8.40e+00,
18285,-2.56e-01,8.60e+00,
18286,-2.56e-01,8.60e+00,
18287,-2.56e-01,8.60e+00,
18288,-2.48e-01,8.60e+00,
18289,-2.56e-01,8.60e+00,
18290,-2.48e-01,8.60e+00,
18291,-2.56e-01,8.60e+00,
18292,-2.48e-01,8.60e+00,
18293,-2.56e-01,8.60e+00,
18294,-2.56e-01,8.60e+00,
18295,-2.56e-01,8.60e+00,
18296,-2.48e-01,8.60e+00,
18297,-2.56e-01,8.60e+00,
18298,-2.48e-01,8.40e+00,
18299,-2.56e-01,8.60e+00,
18300,-2.48e-01,8.60e+00,
18301,-2.56e-01,8.60e+00,
18302,-2.56e-01,8.40e+00,
18303,-2.56e-01,8.60e+00,
18304,-2.56e-01,8.60e+00,
18305,-2.56e-01,8.60e+00,
18306,-2.56e-01,8.60e+00,
18307,-2.56e-01,8.60e+00,
18308,-2.56e-01,8.60e+00,
18309,-2.56e-01,8.60e+00,
18310,-2.56e-01,8.40e+00,
18311,-2.56e-01,8.60e+00,
18312,-2.56e-01,8.60e+00,
18313,-2.56e-01,8.60e+00,
18314,-2.56e-01,8.60e+00,
18315,-2.56e-01,8.60e+00,
18316,-2.56e-01,8.60e+00,
18317,-2.56e-01,8.60e+00,
18318,-2.56e-01,8.60e+00,
18319,-2.56e-01,8.60e+00,
18320,-2.56e-01,8.60e+00,
18321,-2.56e-01,8.60e+00,
18322,-2.56e-01,8.60e+00,
18323,-2.56e-01,8.60e+00,
18324,-2.56e-01,8.60e+00,
18325,-2.56e-01,8.60e+00,
18326,-2.56e-01,8.60e+00,
18327,-2.56e-01,8.60e+00,
18328,-2.56e-01,8.60e+00,
18329,-2.64e-01,8.60e+00,
18330,-2.56e-01,8.40e+00,
18331,-2.64e-01,8.60e+00,
18332,-2.56e-01,8.40e+00,
18333,-2.64e-01,8.60e+00,
18334,-2.56e-01,8.60e+00,
18335,-2.64e-01,8.60e+00,
18336,-2.56e-01,8.60e+00,
18337,-2.64e-01,8.60e+00,
18338,-2.56e-01,8.60e+00,
18339,-2.64e-01,8.60e+00,
18340,-2.56e-01,8.60e+00,
18341,-2.64e-01,8.60e+00,
18342,-2.64e-01,8.60e+00,
18343,-2.64e-01,8.60e+00,
18344,-2.56e-01,8.60e+00,
18345,-2.64e-01,8.60e+00,
18346,-2.56e-01,8.40e+00,
18347,-2.64e-01,8.60e+00,
18348,-2.56e-01,8.40e+00,
18349,-2.64e-01,8.60e+00,
18350,-2.56e-01,8.40e+00,
18351,-2.64e-01,8.60e+00,
18352,-2.56e-01,8.60e+00,
18353,-2.64e-01,8.60e+00,
18354,-2.64e-01,8.60e+00,
18355,-2.64e-01,8.40e+00,
18356,-2.64e-01,8.40e+00,
18357,-2.64e-01,8.60e+00,
18358,-2.64e-01,8.60e+00,
18359,-2.64e-01,8.60e+00,
18360,-2.64e-01,8.60e+00,
18361,-2.64e-01,8.60e+00,
18362,-2.64e-01,8.60e+00,
18363,-2.64e-01,8.60e+00,
18364,-2.64e-01,8.40e+00,
18365,-2.64e-01,8.60e+00,
18366,-2.64e-01,8.40e+00,
18367,-2.64e-01,8.60e+00,
18368,-2.64e-01,8.60e+00,
18369,-2.64e-01,8.60e+00,
18370,-2.64e-01,8.40e+00,
18371,-2.64e-01,8.60e+00,
18372,-2.64e-01,8.40e+00,
18373,-2.72e-01,8.60e+00,
18374,-2.64e-01,8.40e+00,
18375,-2.64e-01,8.60e+00,
18376,-2.64e-01,8.60e+00,
18377,-2.64e-01,8.60e+00,
18378,-2.64e-01,8.60e+00,
18379,-2.72e-01,8.60e+00,
18380,-2.64e-01,8.60e+00,
18381,-2.72e-01,8.40e+00,
18382,-2.64e-01,8.40e+00,
18383,-2.72e-01,8.60e+00,
18384,-2.64e-01,8.60e+00,
18385,-2.72e-01,8.60e+00,
18386,-2.64e-01,8.60e+00,
18387,-2.64e-01,8.60e+00,
18388,-2.64e-01,8.60e+00,
18389,-2.72e-01,8.60e+00,
18390,-2.64e-01,8.40e+00,
18391,-2.72e-01,8.60e+00,
18392,-2.64e-01,8.60e+00,
18393,-2.72e-01,8.40e+00,
18394,-2.64e-01,8.40e+00,
18395,-2.72e-01,8.60e+00,
18396,-2.64e-01,8.60e+00,
18397,-2.72e-01,8.40e+00,
18398,-2.64e-01,8.40e+00,
18399,-2.72e-01,8.60e+00,
18400,-2.64e-01,8.60e+00,
18401,-2.72e-01,8.40e+00,
18402,-2.64e-01,8.60e+00,
18403,-2.72e-01,8.60e+00,
18404,-2.72e-01,8.40e+00,
18405,-2.72e-01,8.60e+00,
18406,-2.72e-01,8.60e+00,
18407,-2.72e-01,8.60e+00,
18408,-2.64e-01,8.60e+00,
18409,-2.72e-01,8.60e+00,
18410,-2.72e-01,8.40e+00,
18411,-2.72e-01,8.60e+00,
18412,-2.72e-01,8.60e+00,
18413,-2.72e-01,8.60e+00,
18414,-2.72e-01,8.40e+00,
18415,-2.72e-01,8.40e+00,
18416,-2.72e-01,8.60e+00,
18417,-2.72e-01,8.60e+00,
18418,-2.72e-01,8.60e+00,
18419,-2.72e-01,8.60e+00,
18420,-2.72e-01,8.40e+00,
18421,-2.72e-01,8.60e+00,
18422,-2.72e-01,8.40e+00,
18423,-2.72e-01,8.60e+00,
18424,-2.72e-01,8.60e+00,
18425,-2.72e-01,8.60e+00,
18426,-2.72e-01,8.60e+00,
18427,-2.72e-01,8.60e+00,
18428,-2.72e-01,8.40e+00,
18429,-2.80e-01,8.60e+00,
18430,-2.72e-01,8.60e+00,
18431,-2.72e-01,8.60e+00,
18432,-2.72e-01,8.60e+00,
18433,-2.72e-01,8.60e+00,
18434,-2.72e-01,8.40e+00,
18435,-2.72e-01,8.60e+00,
18436,-2.72e-01,8.60e+00,
18437,-2.72e-01,8.60e+00,
18438,-2.72e-01,8.40e+00,
18439,-2.72e-01,8.60e+00,
18440,-2.72e-01,8.40e+00,
18441,-2.80e-01,8.60e+00,
18442,-2.72e-01,8.40e+00,
18443,-2.80e-01,8.60e+00,
18444,-2.72e-01,8.60e+00,
18445,-2.80e-01,8.60e+00,
18446,-2.72e-01,8.60e+00,
18447,-2.72e-01,8.60e+00,
18448,-2.72e-01,8.60e+00,
18449,-2.80e-01,8.60e+00,
18450,-2.72e-01,8.60e+00,
18451,-2.80e-01,8.60e+00,
18452,-2.72e-01,8.60e+00,
18453,-2.80e-01,8.40e+00,
18454,-2.72e-01,8.60e+00,
18455,-2.80e-01,8.60e+00,
18456,-2.72e-01,8.60e+00,
18457,-2.80e-01,8.60e+00,
18458,-2.72e-01,8.40e+00,
18459,-2.80e-01,8.60e+00,
18460,-2.72e-01,8.60e+00,
18461,-2.80e-01,8.60e+00,
18462,-2.72e-01,8.40e+00,
18463,-2.80e-01,8.60e+00,
18464,-2.72e-01,8.60e+00,
18465,-2.80e-01,8.60e+00,
18466,-2.72e-01,8.60e+00,
18467,-2.80e-01,8.60e+00,
18468,-2.72e-01,8.40e+00,
18469,-2.80e-01,8.40e+00,
18470,-2.80e-01,8.40e+00,
18471,-2.80e-01,8.40e+00,
18472,-2.80e-01,8.60e+00,
18473,-2.80e-01,8.60e+00,
18474,-2.80e-01,8.60e+00,
18475,-2.80e-01,8.60e+00,
18476,-2.72e-01,8.40e+00,
18477,-2.80e-01,8.60e+00,
18478,-2.80e-01,8.60e+00,
18479,-2.80e-01,8.60e+00,
18480,-2.80e-01,8.60e+00,
18481,-2.80e-01,8.60e+00,
18482,-2.80e-01,8.40e+00,
18483,-2.80e-01,8.60e+00,
18484,-2.80e-01,8.40e+00,
18485,-2.80e-01,8.40e+00,
18486,-2.80e-01,8.60e+00,
18487,-2.80e-01,8.40e+00,
18488,-2.80e-01,8.60e+00,
18489,-2.80e-01,8.60e+00,
18490,-2.80e-01,8.40e+00,
18491,-2.80e-01,8.60e+00,
18492,-2.80e-01,8.60e+00,
18493,-2.80e-01,8.40e+00,
18494,-2.80e-01,8.60e+00,
18495,-2.80e-01,8.40e+00,
18496,-2.80e-01,8.60e+00,
18497,-2.80e-01,8.60e+00,
18498,-2.80e-01,8.40e+00,
18499,-2.80e-01,8.60e+00,
18500,-2.80e-01,8.60e+00,
18501,-2.88e-01,8.60e+00,
18502,-2.80e-01,8.40e+00,
18503,-2.80e-01,8.40e+00,
18504,-2.80e-01,8.60e+00,
18505,-2.80e-01,8.40e+00,
18506,-2.80e-01,8.60e+00,
18507,-2.88e-01,8.60e+00,
18508,-2.80e-01,8.40e+00,
18509,-2.88e-01,8.60e+00,
18510,-2.80e-01,8.40e+00,
18511,-2.80e-01,8.60e+00,
18512,-2.80e-01,8.40e+00,
18513,-2.80e-01,8.60e+00,
18514,-2.80e-01,8.40e+00,
18515,-2.80e-01,8.60e+00,
18516,-2.80e-01,8.40e+00,
18517,-2.88e-01,8.60e+00,
18518,-2.80e-01,8.40e+00,
18519,-2.88e-01,8.60e+00,
18520,-2.80e-01,8.60e+00,
18521,-2.88e-01,8.60e+00,
18522,-2.80e-01,8.40e+00,
18523,-2.88e-01,8.60e+00,
18524,-2.80e-01,8.40e+00,
18525,-2.88e-01,8.40e+00,
18526,-2.80e-01,8.40e+00,
18527,-2.88e-01,8.60e+00,
18528,-2.80e-01,8.60e+00,
18529,-2.88e-01,8.60e+00,
18530,-2.80e-01,8.40e+00,
18531,-2.88e-01,8.60e+00,
18532,-2.80e-01,8.40e+00,
18533,-2.88e-01,8.60e+00,
18534,-2.88e-01,8.40e+00,
18535,-2.88e-01,8.40e+00,
18536,-2.80e-01,8.60e+00,
18537,-2.88e-01,8.60e+00,
18538,-2.80e-01,8.40e+00,
18539,-2.88e-01,8.60e+00,
18540,-2.80e-01,8.40e+00,
18541,-2.88e-01,8.40e+00,
18542,-2.88e-01,8.60e+00,
18543,-2.88e-01,8.40e+00,
18544,-2.80e-01,8.60e+00,
18545,-2.88e-01,8.40e+00,
18546,-2.88e-01,8.40e+00,
18547,-2.88e-01,8.60e+00,
18548,-2.80e-01,8.40e+00,
18549,-2.88e-01,8.60e+00,
18550,-2.80e-01,8.60e+00,
18551,-2.88e-01,8.60e+00,
18552,-2.88e-01,8.40e+00,
18553,-2.88e-01,8.40e+00,
18554,-2.88e-01,8.40e+00,
18555,-2.88e-01,8.60e+00,
18556,-2.88e-01,8.40e+00,
18557,-2.88e-01,8.60e+00,
18558,-2.88e-01,8.40e+00,
18559,-2.88e-01,8.60e+00,
18560,-2.88e-01,8.60e+00,
18561,-2.88e-01,8.60e+00,
18562,-2.88e-01,8.60e+00,
18563,-2.88e-01,8.60e+00,
18564,-2.80e-01,8.40e+00,
18565,-2.88e-01,8.60e+00,
18566,-2.88e-01,8.60e+00,
18567,-2.88e-01,8.40e+00,
18568,-2.88e-01,8.40e+00,
18569,-2.88e-01,8.60e+00,
18570,-2.88e-01,8.40e+00,
18571,-2.88e-01,8.40e+00,
18572,-2.88e-01,8.40e+00,
18573,-2.88e-01,8.60e+00,
18574,-2.88e-01,8.60e+00,
18575,-2.88e-01,8.40e+00,
18576,-2.88e-01,8.40e+00,
18577,-2.96e-01,8.40e+00,
18578,-2.88e-01,8.40e+00,
18579,-2.88e-01,8.60e+00,
18580,-2.88e-01,8.40e+00,
18581,-2.96e-01,8.60e+00,
18582,-2.88e-01,8.40e+00,
18583,-2.88e-01,8.40e+00,
18584,-2.88e-01,8.60e+00,
18585,-2.96e-01,8.60e+00,
18586,-2.88e-01,8.60e+00,
18587,-2.96e-01,8.60e+00,
18588,-2.88e-01,8.60e+00,
18589,-2.96e-01,8.60e+00,
18590,-2.88e-01,8.40e+00,
18591,-2.96e-01,8.40e+00,
18592,-2.88e-01,8.60e+00,
18593,-2.96e-01,8.60e+00,
18594,-2.88e-01,8.40e+00,
18595,-2.88e-01,8.40e+00,
18596,-2.88e-01,8.40e+00,
18597,-2.96e-01,8.60e+00,
18598,-2.88e-01,8.60e+00,
18599,-2.96e-01,8.40e+00,
18600,-2.88e-01,8.60e+00,
18601,-2.96e-01,8.60e+00,
18602,-2.88e-01,8.40e+00,
18603,-2.96e-01,8.60e+00,
18604,-2.88e-01,8.60e+00,
18605,-2.96e-01,8.60e+00,
18606,-2.88e-01,8.40e+00,
18607,-2.96e-01,8.60e+00,
18608,-2.88e-01,8.60e+00,
18609,-2.96e-01,8.60e+00,
18610,-2.88e-01,8.40e+00,
18611,-2.96e-01,8.60e+00,
18612,-2.88e-01,8.60e+00,
18613,-2.96e-01,8.60e+00,
18614,-2.88e-01,8.60e+00,
18615,-2.96e-01,8.40e+00,
18616,-2.88e-01,8.60e+00,
18617,-2.96e-01,8.60e+00,
18618,-2.88e-01,8.40e+00,
18619,-2.96e-01,8.60e+00,
18620,-2.88e-01,8.40e+00,
18621,-2.96e-01,8.60e+00,
18622,-2.96e-01,8.60e+00,
18623,-2.96e-01,8.60e+00,
18624,-2.88e-01,8.60e+00,
18625,-2.96e-01,8.60e+00,
18626,-2.88e-01,8.40e+00,
18627,-2.96e-01,8.60e+00,
18628,-2.88e-01,8.40e+00,
18629,-2.96e-01,8.60e+00,
18630,-2.96e-01,8.40e+00,
18631,-2.96e-01,8.60e+00,
18632,-2.88e-01,8.60e+00,
18633,-2.96e-01,8.40e+00,
18634,-2.88e-01,8.60e+00,
18635,-2.96e-01,8.60e+00,
18636,-2.96e-01,8.60e+00,
18637,-2.96e-01,8.60e+00,
18638,-2.96e-01,8.60e+00,
18639,-2.96e-01,8.60e+00,
18640,-2.96e-01,8.60e+00,
18641,-2.96e-01,8.40e+00,
18642,-2.96e-01,8.40e+00,
18643,-2.96e-01,8.60e+00,
18644,-2.96e-01,8.40e+00,
18645,-2.96e-01,8.40e+00,
18646,-2.96e-01,8.40e+00,
18647,-2.96e-01,8.60e+00,
18648,-2.96e-01,8.60e+00,
18649,-2.96e-01,8.60e+00,
18650,-2.96e-01,8.40e+00,
18651,-2.96e-01,8.60e+00,
18652,-2.96e-01,8.40e+00,
18653,-2.96e-01,8.60e+00,
18654,-2.96e-01,8.60e+00,
18655,-2.96e-01,8.60e+00,
18656,-2.96e-01,8.60e+00,
18657,-2.96e-01,8.60e+00,
18658,-2.96e-01,8.40e+00,
18659,-2.96e-01,8.40e+00,
18660,-2.96e-01,8.40e+00,
18661,-2.96e-01,8.60e+00,
18662,-2.96e-01,8.40e+00,
18663,-2.96e-01,8.40e+00,
18664,-2.96e-01,8.60e+00,
18665,-2.96e-01,8.60e+00,
18666,-2.96e-01,8.60e+00,
18667,-2.96e-01,8.60e+00,
18668,-2.96e-01,8.40e+00,
18669,-2.96e-01,8.40e+00,
18670,-2.96e-01,8.40e+00,
18671,-2.96e-01,8.60e+00,
18672,-2.96e-01,8.60e+00,
18673,-3.04e-01,8.60e+00,
18674,-2.96e-01,8.60e+00,
18675,-2.96e-01,8.60e+00,
18676,-2.96e-01,8.40e+00,
18677,-3.04e-01,8.60e+00,
18678,-2.96e-01,8.40e+00,
18679,-2.96e-01,8.40e+00,
18680,-2.96e-01,8.40e+00,
18681,-3.04e-01,8.60e+00,
18682,-2.96e-01,8.40e+00,
18683,-3.04e-01,8.40e+00,
18684,-2.96e-01,8.40e+00,
18685,-3.04e-01,8.60e+00,
18686,-2.96e-01,8.60e+00,
18687,-3.04e-01,8.60e+00,
18688,-2.96e-01,8.40e+00,
18689,-3.04e-01,8.60e+00,
18690,-2.96e-01,8.40e+00,
18691,-3.04e-01,8.60e+00,
18692,-2.96e-01,8.40e+00,
18693,-3.04e-01,8.40e+00,
18694,-2.96e-01,8.60e+00,
18695,-3.04e-01,8.60e+00,
18696,-2.96e-01,8.60e+00,
18697,-3.04e-01,8.60e+00,
18698,-2.96e-01,8.40e+00,
18699,-3.04e-01,8.60e+00,
18700,-2.96e-01,8.60e+00,
18701,-3.04e-01,8.40e+00,
18702,-2.96e-01,8.40e+00,
18703,-3.04e-01,8.40e+00,
18704,-2.96e-01,8.60e+00,
18705,-3.04e-01,8.60e+00,
18706,-2.96e-01,8.40e+00,
18707,-3.04e-01,8.60e+00,
18708,-2.96e-01,8.40e+00,
18709,-3.04e-01,8.60e+00,
18710,-2.96e-01,8.40e+00,
18711,-3.04e-01,8.60e+00,
18712,-2.96e-01,8.40e+00,
18713,-3.04e-01,8.60e+00,
18714,-3.04e-01,8.60e+00,
18715,-3.04e-01,8.60e+00,
18716,-2.96e-01,8.40e+00,
18717,-3.04e-01,8.40e+00,
18718,-3.04e-01,8.40e+00,
18719,-3.04e-01,8.60e+00,
18720,-2.96e-01,8.40e+00,
18721,-3.04e-01,8.40e+00,
18722,-3.04e-01,8.40e+00,
18723,-3.04e-01,8.60e+00,
18724,-3.04e-01,8.60e+00,
18725,-3.04e-01,8.40e+00,
18726,-3.04e-01,8.40e+00,
18727,-3.04e-01,8.40e+00,
18728,-3.04e-01,8.60e+00,
18729,-3.04e-01,8.60e+00,
18730,-3.04e-01,8.40e+00,
18731,-3.04e-01,8.60e+00,
18732,-3.04e-01,8.40e+00,
18733,-3.04e-01,8.60e+00,
18734,-3.04e-01,8.40e+00,
18735,-3.04e-01,8.60e+00,
18736,-3.04e-01,8.60e+00,
18737,-3.04e-01,8.60e+00,
18738,-3.04e-01,8.40e+00,
18739,-3.04e-01,8.60e+00,
18740,-3.04e-01,8.40e+00,
18741,-3.04e-01,8.60e+00,
18742,-3.04e-01,8.40e+00,
18743,-3.04e-01,8.40e+00,
18744,-3.04e-01,8.60e+00,
18745,-3.04e-01,8.40e+00,
18746,-3.04e-01,8.40e+00,
18747,-3.04e-01,8.60e+00,
18748,-3.04e-01,8.40e+00,
18749,-3.12e-01,8.60e+00,
18750,-3.04e-01,8.60e+00,
18751,-3.04e-01,8.40e+00,
18752,-3.04e-01,8.40e+00,
18753,-3.04e-01,8.60e+00,
18754,-3.04e-01,8.40e+00,
18755,-3.04e-01,8.60e+00,
18756,-3.04e-01,8.40e+00,
18757,-3.12e-01,8.40e+00,
18758,-3.04e-01,8.40e+00,
18759,-3.12e-01,8.40e+00,
18760,-3.04e-01,8.40e+00,
18761,-3.04e-01,8.40e+00,
18762,-3.04e-01,8.60e+00,
18763,-3.12e-01,8.60e+00,
18764,-3.04e-01,8.60e+00,
18765,-3.12e-01,8.60e+00,
18766,-3.04e-01,8.40e+00,
18767,-3.12e-01,8.40e+00,
18768,-3.04e-01,8.60e+00,
18769,-3.12e-01,8.60e+00,
18770,-3.04e-01,8.60e+00,
18771,-3.12e-01,8.60e+00,
18772,-3.04e-01,8.60e+00,
18773,-3.12e-01,8.60e+00,
18774,-3.04e-01,8.40e+00,
18775,-3.12e-01,8.60e+00,
18776,-3.04e-01,8.60e+00,
18777,-3.12e-01,8.60e+00,
18778,-3.04e-01,8.40e+00,
18779,-3.12e-01,8.60e+00,
18780,-3.04e-01,8.40e+00,
18781,-3.12e-01,8.40e+00,
18782,-3.04e-01,8.40e+00,
18783,-3.12e-01,8.60e+00,
18784,-3.04e-01,8.40e+00,
18785,-3.12e-01,8.40e+00,
18786,-3.04e-01,8.40e+00,
18787,-3.12e-01,8.60e+00,
18788,-3.04e-01,8.40e+00,
18789,-3.12e-01,8.60e+00,
18790,-3.04e-01,8.40e+00,
18791,-3.12e-01,8.60e+00,
18792,-3.04e-01,8.60e+00,
18793,-3.12e-01,8.60e+00,
18794,-3.12e-01,8.40e+00,
18795,-3.12e-01,8.60e+00,
18796,-3.04e-01,8.40e+00,
18797,-3.12e-01,8.40e+00,
18798,-3.04e-01,8.40e+00,
18799,-3.12e-01,8.60e+00,
18800,-3.04e-01,8.60e+00,
18801,-3.12e-01,8.40e+00,
18802,-3.12e-01,8.40e+00,
18803,-3.12e-01,8.60e+00,
18804,-3.12e-01,8.40e+00,
18805,-3.12e-01,8.60e+00,
18806,-3.12e-01,8.40e+00,
18807,-3.12e-01,8.40e+00,
18808,-3.12e-01,8.40e+00,
18809,-3.12e-01,8.60e+00,
18810,-3.12e-01,8.40e+00,
18811,-3.12e-01,8.40e+00,
18812,-3.12e-01,8.40e+00,
18813,-3.12e-01,8.60e+00,
18814,-3.12e-01,8.40e+00,
18815,-3.12e-01,8.40e+00,
18816,-3.12e-01,8.60e+00,
18817,-3.12e-01,8.60e+00,
18818,-3.12e-01,8.40e+00,
18819,-3.12e-01,8.60e+00,
18820,-3.12e-01,8.40e+00,
18821,-3.12e-01,8.60e+00,
18822,-3.12e-01,8.40e+00,
18823,-3.12e-01,8.40e+00,
18824,-3.12e-01,8.60e+00,
18825,-3.20e-01,8.40e+00,
18826,-3.12e-01,8.40e+00,
18827,-3.12e-01,8.60e+00,
18828,-3.12e-01,8.40e+00,
18829,-3.20e-01,8.60e+00,
18830,-3.12e-01,8.40e+00,
18831,-3.12e-01,8.60e+00,
18832,-3.12e-01,8.40e+00,
18833,-3.20e-01,8.60e+00,
18834,-3.12e-01,8.40e+00,
18835,-3.20e-01,8.60e+00,
18836,-3.12e-01,8.40e+00,
18837,-3.20e-01,8.60e+00,
18838,-3.12e-01,8.40e+00,
18839,-3.20e-01,8.40e+00,
18840,-3.12e-01,8.40e+00,
18841,-3.20e-01,8.40e+00,
18842,-3.12e-01,8.60e+00,
18843,-3.20e-01,8.60e+00,
18844,-3.12e-01,8.40e+00,
18845,-3.20e-01,8.40e+00,
18846,-3.12e-01,8.40e+00,
18847,-3.20e-01,8.60e+00,
18848,-3.12e-01,8.40e+00,
18849,-3.20e-01,8.40e+00,
18850,-3.12e-01,8.40e+00,
18851,-3.20e-01,8.40e+00,
18852,-3.12e-01,8.40e+00,
18853,-3.20e-01,8.40e+00,
18854,-3.12e-01,8.40e+00,
18855,-3.20e-01,8.60e+00,
18856,-3.12e-01,8.60e+00,
18857,-3.20e-01,8.60e+00,
18858,-3.12e-01,8.40e+00,
18859,-3.20e-01,8.60e+00,
18860,-3.12e-01,8.40e+00,
18861,-3.20e-01,8.40e+00,
18862,-3.12e-01,8.40e+00,
18863,-3.20e-01,8.40e+00,
18864,-3.12e-01,8.60e+00,
18865,-3.20e-01,8.60e+00,
18866,-3.12e-01,8.40e+00,
18867,-3.20e-01,8.60e+00,
18868,-3.20e-01,8.40e+00,
18869,-3.20e-01,8.60e+00,
18870,-3.20e-01,8.40e+00,
18871,-3.20e-01,8.60e+00,
18872,-3.12e-01,8.60e+00,
18873,-3.20e-01,8.60e+00,
18874,-3.20e-01,8.40e+00,
18875,-3.20e-01,8.60e+00,
18876,-3.20e-01,8.60e+00,
18877,-3.20e-01,8.40e+00,
18878,-3.20e-01,8.40e+00,
18879,-3.20e-01,8.40e+00,
18880,-3.12e-01,8.60e+00,
18881,-3.20e-01,8.40e+00,
18882,-3.20e-01,8.40e+00,
18883,-3.20e-01,8.60e+00,
18884,-3.20e-01,8.40e+00,
18885,-3.20e-01,8.40e+00,
18886,-3.20e-01,8.40e+00,
18887,-3.20e-01,8.40e+00,
18888,-3.20e-01,8.60e+00,
18889,-3.28e-01,8.40e+00,
18890,-3.20e-01,8.40e+00,
18891,-3.28e-01,8.40e+00,
18892,-3.20e-01,8.40e+00,
18893,-3.20e-01,8.60e+00,
18894,-3.20e-01,8.40e+00,
18895,-3.20e-01,8.60e+00,
18896,-3.20e-01,8.60e+00,
18897,-3.28e-01,8.40e+00,
18898,-3.20e-01,8.40e+00,
18899,-3.28e-01,8.60e+00,
18900,-3.20e-01,8.40e+00,
18901,-3.28e-01,8.60e+00,
18902,-3.20e-01,8.40e+00,
18903,-3.28e-01,8.40e+00,
18904,-3.20e-01,8.40e+00,
18905,-3.28e-01,8.60e+00,
18906,-3.20e-01,8.40e+00,
18907,-3.28e-01,8.60e+00,
18908,-3.20e-01,8.40e+00,
18909,-3.28e-01,8.40e+00,
18910,-3.20e-01,8.40e+00,
18911,-3.28e-01,8.40e+00,
18912,-3.20e-01,8.40e+00,
18913,-3.28e-01,8.60e+00,
18914,-3.20e-01,8.40e+00,
18915,-3.28e-01,8.60e+00,
18916,-3.20e-01,8.40e+00,
18917,-3.28e-01,8.60e+00,
18918,-3.20e-01,8.40e+00,
18919,-3.28e-01,8.60e+00,
18920,-3.20e-01,8.40e+00,
18921,-3.28e-01,8.40e+00,
18922,-3.20e-01,8.40e+00,
18923,-3.28e-01,8.40e+00,
18924,-3.20e-01,8.40e+00,
18925,-3.28e-01,8.40e+00,
18926,-3.20e-01,8.40e+00,
18927,-3.28e-01,8.40e+00,
18928,-3.20e-01,8.40e+00,
18929,-3.28e-01,8.60e+00,
18930,-3.20e-01,8.40e+00,
18931,-3.28e-01,8.60e+00,
18932,-3.20e-01,8.40e+00,
18933,-3.28e-01,8.40e+00,
18934,-3.28e-01,8.40e+00,
18935,-3.28e-01,8.40e+00,
18936,-3.20e-01,8.40e+00,
18937,-3.28e-01,8.40e+00,
18938,-3.28e-01,8.40e+00,
18939,-3.28e-01,8.60e+00,
18940,-3.28e-01,8.40e+00,
18941,-3.28e-01,8.60e+00,
18942,-3.28e-01,8.40e+00,
18943,-3.28e-01,8.40e+00,
18944,-3.28e-01,8.60e+00,
18945,-3.28e-01,8.40e+00,
18946,-3.28e-01,8.40e+00,
18947,-3.28e-01,8.60e+00,
18948,-3.28e-01,8.40e+00,
18949,-3.28e-01,8.40e+00,
18950,-3.28e-01,8.40e+00,
18951,-3.28e-01,8.40e+00,
18952,-3.28e-01,8.60e+00,
18953,-3.28e-01,8.40e+00,
18954,-3.28e-01,8.40e+00,
18955,-3.28e-01,8.40e+00,
18956,-3.28e-01,8.40e+00,
18957,-3.36e-01,8.40e+00,
18958,-3.28e-01,8.60e+00,
18959,-3.28e-01,8.60e+00,
18960,-3.28e-01,8.60e+00,
18961,-3.28e-01,8.40e+00,
18962,-3.28e-01,8.60e+00,
18963,-3.28e-01,8.40e+00,
18964,-3.28e-01,8.40e+00,
18965,-3.36e-01,8.60e+00,
18966,-3.28e-01,8.40e+00,
18967,-3.36e-01,8.60e+00,
18968,-3.28e-01,8.60e+00,
18969,-3.36e-01,8.60e+00,
18970,-3.28e-01,8.40e+00,
18971,-3.36e-01,8.60e+00,
18972,-3.28e-01,8.40e+00,
18973,-3.36e-01,8.40e+00,
18974,-3.28e-01,8.40e+00,
18975,-3.36e-01,8.40e+00,
18976,-3.28e-01,8.60e+00,
18977,-3.36e-01,8.40e+00,
18978,-3.28e-01,8.60e+00,
18979,-3.36e-01,8.40e+00,
18980,-3.28e-01,8.40e+00,
18981,-3.36e-01,8.40e+00,
18982,-3.28e-01,8.40e+00,
18983,-3.36e-01,8.60e+00,
18984,-3.28e-01,8.40e+00,
18985,-3.36e-01,8.40e+00,
18986,-3.28e-01,8.40e+00,
18987,-3.36e-01,8.60e+00,
18988,-3.28e-01,8.40e+00,
18989,-3.36e-01,8.40e+00,
18990,-3.36e-01,8.60e+00,
18991,-3.36e-01,8.60e+00,
18992,-3.28e-01,8.40e+00,
18993,-3.36e-01,8.60e+00,
18994,-3.28e-01,8.40e+00,
18995,-3.36e-01,8.40e+00,
18996,-3.28e-01,8.40e+00,
18997,-3.36e-01,8.40e+00,
18998,-3.36e-01,8.40e+00,
18999,-3.36e-01,8.40e+00,
19000,-3.28e-01,8.60e+00,
19001,-3.44e-01,8.60e+00,
19002,-3.36e-01,8.40e+00,
19003,-3.36e-01,8.40e+00,
19004,-3.36e-01,8.40e+00,
19005,-3.36e-01,8.40e+00,
19006,-3.36e-01,8.40e+00,
19007,-3.36e-01,8.40e+00,
19008,-3.36e-01,8.60e+00,
19009,-3.36e-01,8.60e+00,
19010,-3.36e-01,8.40e+00,
19011,-3.36e-01,8.40e+00,
19012,-3.36e-01,8.40e+00,
19013,-3.36e-01,8.60e+00,
19014,-3.36e-01,8.40e+00,
19015,-3.36e-01,8.40e+00,
19016,-3.36e-01,8.60e+00,
19017,-3.36e-01,8.60e+00,
19018,-3.36e-01,8.40e+00,
19019,-3.44e-01,8.40e+00,
19020,-3.36e-01,8.40e+00,
19021,-3.44e-01,8.40e+00,
19022,-3.36e-01,8.40e+00,
19023,-3.44e-01,8.40e+00,
19024,-3.36e-01,8.40e+00,
19025,-3.44e-01,8.60e+00,
19026,-3.36e-01,8.40e+00,
19027,-3.44e-01,8.60e+00,
19028,-3.36e-01,8.40e+00,
19029,-3.44e-01,8.60e+00,
19030,-3.36e-01,8.40e+00,
19031,-3.44e-01,8.40e+00,
19032,-3.36e-01,8.60e+00,
19033,-3.44e-01,8.40e+00,
19034,-3.36e-01,8.40e+00,
19035,-3.44e-01,8.60e+00,
19036,-3.36e-01,8.40e+00,
19037,-3.44e-01,8.40e+00,
19038,-3.36e-01,8.40e+00,
19039,-3.44e-01,8.40e+00,
19040,-3.36e-01,8.40e+00,
19041,-3.44e-01,8.40e+00,
19042,-3.36e-01,8.40e+00,
19043,-3.44e-01,8.40e+00,
19044,-3.36e-01,8.40e+00,
19045,-3.44e-01,8.40e+00,
19046,-3.36e-01,8.40e+00,
19047,-3.44e-01,8.40e+00,
19048,-3.36e-01,8.40e+00,
19049,-3.44e-01,8.40e+00,
19050,-3.36e-01,8.40e+00,
19051,-3.44e-01,8.40e+00,
19052,-3.36e-01,8.40e+00,
19053,-3.44e-01,8.40e+00,
19054,-3.44e-01,8.40e+00,
19055,-3.44e-01,8.40e+00,
19056,-3.36e-01,8.40e+00,
19057,-3.44e-01,8.40e+00,
19058,-3.44e-01,8.40e+00,
19059,-3.44e-01,8.40e+00,
19060,-3.36e-01,8.40e+00,
19061,-3.44e-01,8.40e+00,
19062,-3.44e-01,8.40e+00,
19063,-3.44e-01,8.60e+00,
19064,-3.36e-01,8.60e+00,
19065,-3.44e-01,8.40e+00,
19066,-3.44e-01,8.40e+00,
19067,-3.44e-01,8.40e+00,
19068,-3.44e-01,8.40e+00,
19069,-3.44e-01,8.40e+00,
19070,-3.44e-01,8.40e+00,
19071,-3.44e-01,8.40e+00,
19072,-3.44e-01,8.60e+00,
19073,-3.44e-01,8.40e+00,
19074,-3.44e-01,8.40e+00,
19075,-3.44e-01,8.40e+00,
19076,-3.44e-01,8.40e+00,
19077,-3.44e-01,8.60e+00,
19078,-3.44e-01,8.40e+00,
19079,-3.44e-01,8.40e+00,
19080,-3.44e-01,8.40e+00,
19081,-3.52e-01,8.40e+00,
19082,-3.44e-01,8.40e+00,
19083,-3.52e-01,8.40e+00,
19084,-3.44e-01,8.40e+00,
19085,-3.52e-01,8.60e+00,
19086,-3.44e-01,8.40e+00,
19087,-3.44e-01,8.40e+00,
19088,-3.44e-01,8.40e+00,
19089,-3.52e-01,8.40e+00,
19090,-3.44e-01,8.40e+00,
19091,-3.52e-01,8.40e+00,
19092,-3.44e-01,8.40e+00,
19093,-3.52e-01,8.60e+00,
19094,-3.44e-01,8.40e+00,
19095,-3.52e-01,8.40e+00,
19096,-3.44e-01,8.60e+00,
19097,-3.52e-01,8.60e+00,
19098,-3.44e-01,8.40e+00,
19099,-3.52e-01,8.40e+00,
19100,-3.44e-01,8.40e+00,
19101,-3.52e-01,8.40e+00,
19102,-3.44e-01,8.40e+00,
19103,-3.52e-01,8.60e+00,
19104,-3.44e-01,8.40e+00,
19105,-3.52e-01,8.40e+00,
19106,-3.44e-01,8.40e+00,
19107,-3.52e-01,8.40e+00,
19108,-3.44e-01,8.40e+00,
19109,-3.52e-01,8.40e+00,
19110,-3.44e-01,8.40e+00,
19111,-3.52e-01,8.60e+00,
19112,-3.44e-01,8.40e+00,
19113,-3.52e-01,8.40e+00,
19114,-3.44e-01,8.40e+00,
19115,-3.52e-01,8.40e+00,
19116,-3.44e-01,8.40e+00,
19117,-3.52e-01,8.60e+00,
19118,-3.52e-01,8.40e+00,
19119,-3.52e-01,8.40e+00,
19120,-3.44e-01,8.40e+00,
19121,-3.52e-01,8.40e+00,
19122,-3.44e-01,8.40e+00,
19123,-3.52e-01,8.60e+00,
19124,-3.44e-01,8.40e+00,
19125,-3.52e-01,8.40e+00,
19126,-3.52e-01,8.40e+00,
19127,-3.52e-01,8.40e+00,
19128,-3.52e-01,8.40e+00,
19129,-3.52e-01,8.40e+00,
19130,-3.52e-01,8.40e+00,
19131,-3.52e-01,8.60e+00,
19132,-3.52e-01,8.40e+00,
19133,-3.52e-01,8.40e+00,
19134,-3.52e-01,8.40e+00,
19135,-3.52e-01,8.40e+00,
19136,-3.52e-01,8.60e+00,
19137,-3.52e-01,8.40e+00,
19138,-3.52e-01,8.40e+00,
19139,-3.60e-01,8.40e+00,
19140,-3.52e-01,8.40e+00,
19141,-3.60e-01,8.40e+00,
19142,-3.52e-01,8.40e+00,
19143,-3.52e-01,8.40e+00,
19144,-3.52e-01,8.60e+00,
19145,-3.52e-01,8.40e+00,
19146,-3.52e-01,8.40e+00,
19147,-3.60e-01,8.60e+00,
19148,-3.52e-01,8.40e+00,
19149,-3.60e-01,8.60e+00,
19150,-3.52e-01,8.40e+00,
19151,-3.52e-01,8.40e+00,
19152,-3.52e-01,8.40e+00,
19153,-3.60e-01,8.40e+00,
19154,-3.52e-01,8.40e+00,
19155,-3.52e-01,8.40e+00,
19156,-3.52e-01,8.60e+00,
19157,-3.52e-01,8.40e+00,
19158,-3.52e-01,8.40e+00,
19159,-3.60e-01,8.60e+00,
19160,-3.52e-01,8.40e+00,
19161,-3.52e-01,8.40e+00,
19162,-3.60e-01,8.40e+00,
19163,-3.52e-01,8.40e+00,
19164,-3.52e-01,8.40e+00,
19165,-3.60e-01,8.60e+00,
19166,-3.52e-01,8.40e+00,
19167,-3.60e-01,8.40e+00,
19168,-3.52e-01,8.60e+00,
19169,-3.60e-01,8.40e+00,
19170,-3.52e-01,8.40e+00,
19171,-3.60e-01,8.40e+00,
19172,-3.52e-01,8.40e+00,
19173,-3.60e-01,8.40e+00,
19174,-3.52e-01,8.40e+00,
19175,-3.60e-01,8.40e+00,
19176,-3.52e-01,8.60e+00,
19177,-3.60e-01,8.60e+00,
19178,-3.52e-01,8.40e+00,
19179,-3.60e-01,8.60e+00,
19180,-3.52e-01,8.40e+00,
19181,-3.60e-01,8.40e+00,
19182,-3.52e-01,8.40e+00,
19183,-3.60e-01,8.40e+00,
19184,-3.52e-01,8.40e+00,
19185,-3.60e-01,8.40e+00,
19186,-3.52e-01,8.40e+00,
19187,-3.60e-01,8.60e+00,
19188,-3.52e-01,8.40e+00,
19189,-3.60e-01,8.60e+00,
19190,-3.52e-01,8.40e+00,
19191,-3.60e-01,8.40e+00,
19192,-3.52e-01,8.40e+00,
19193,-3.60e-01,8.60e+00,
19194,-3.52e-01,8.40e+00,
19195,-3.60e-01,8.40e+00,
19196,-3.60e-01,8.40e+00,
19197,-3.60e-01,8.40e+00,
19198,-3.60e-01,8.40e+00,
19199,-3.60e-01,8.40e+00,
19200,-3.52e-01,8.40e+00,
19201,-3.60e-01,8.60e+00,
19202,-3.52e-01,8.40e+00,
19203,-3.60e-01,8.60e+00,
19204,-3.60e-01,8.40e+00,
19205,-3.60e-01,8.40e+00,
19206,-3.60e-01,8.40e+00,
19207,-3.60e-01,8.40e+00,
19208,-3.60e-01,8.40e+00,
19209,-3.60e-01,8.40e+00,
19210,-3.60e-01,8.40e+00,
19211,-3.60e-01,8.40e+00,
19212,-3.60e-01,8.40e+00,
19213,-3.60e-01,8.60e+00,
19214,-3.60e-01,8.40e+00,
19215,-3.60e-01,8.40e+00,
19216,-3.60e-01,8.40e+00,
19217,-3.60e-01,8.40e+00,
19218,-3.60e-01,8.40e+00,
19219,-3.60e-01,8.40e+00,
19220,-3.60e-01,8.40e+00,
19221,-3.60e-01,8.40e+00,
19222,-3.60e-01,8.40e+00,
19223,-3.60e-01,8.40e+00,
19224,-3.60e-01,8.40e+00,
19225,-3.60e-01,8.40e+00,
19226,-3.60e-01,8.40e+00,
19227,-3.68e-01,8.60e+00,
19228,-3.60e-01,8.40e+00,
19229,-3.68e-01,8.40e+00,
19230,-3.60e-01,8.40e+00,
19231,-3.68e-01,8.40e+00,
19232,-3.60e-01,8.40e+00,
19233,-3.68e-01,8.40e+00,
19234,-3.60e-01,8.40e+00,
19235,-3.68e-01,8.40e+00,
19236,-3.60e-01,8.40e+00,
19237,-3.68e-01,8.40e+00,
19238,-3.60e-01,8.40e+00,
19239,-3.68e-01,8.40e+00,
19240,-3.60e-01,8.40e+00,
19241,-3.68e-01,8.40e+00,
19242,-3.60e-01,8.40e+00,
19243,-3.68e-01,8.40e+00,
19244,-3.60e-01,8.40e+00,
19245,-3.68e-01,8.40e+00,
19246,-3.60e-01,8.40e+00,
19247,-3.68e-01,8.40e+00,
19248,-3.60e-01,8.40e+00,
19249,-3.68e-01,8.40e+00,
19250,-3.60e-01,8.40e+00,
19251,-3.68e-01,8.60e+00,
19252,-3.60e-01,8.40e+00,
19253,-3.68e-01,8.40e+00,
19254,-3.60e-01,8.40e+00,
19255,-3.68e-01,8.40e+00,
19256,-3.60e-01,8.40e+00,
19257,-3.68e-01,8.40e+00,
19258,-3.68e-01,8.40e+00,
19259,-3.68e-01,8.40e+00,
19260,-3.60e-01,8.40e+00,
19261,-3.68e-01,8.60e+00,
19262,-3.60e-01,8.40e+00,
19263,-3.68e-01,8.60e+00,
19264,-3.60e-01,8.40e+00,
19265,-3.68e-01,8.40e+00,
19266,-3.68e-01,8.40e+00,
19267,-3.68e-01,8.40e+00,
19268,-3.60e-01,8.40e+00,
19269,-3.68e-01,8.40e+00,
19270,-3.68e-01,8.40e+00,
19271,-3.68e-01,8.40e+00,
19272,-3.60e-01,8.40e+00,
19273,-3.68e-01,8.40e+00,
19274,-3.68e-01,8.40e+00,
19275,-3.68e-01,8.40e+00,
19276,-3.68e-01,8.40e+00,
19277,-3.68e-01,8.40e+00,
19278,-3.68e-01,8.40e+00,
19279,-3.68e-01,8.40e+00,
19280,-3.68e-01,8.60e+00,
19281,-3.76e-01,8.40e+00,
19282,-3.68e-01,8.40e+00,
19283,-3.68e-01,8.40e+00,
19284,-3.68e-01,8.40e+00,
19285,-3.68e-01,8.40e+00,
19286,-3.68e-01,8.40e+00,
19287,-3.68e-01,8.40e+00,
19288,-3.68e-01,8.40e+00,
19289,-3.68e-01,8.40e+00,
19290,-3.68e-01,8.40e+00,
19291,-3.76e-01,8.60e+00,
19292,-3.68e-01,8.40e+00,
19293,-3.76e-01,8.40e+00,
19294,-3.68e-01,8.40e+00,
19295,-3.68e-01,8.40e+00,
19296,-3.68e-01,8.40e+00,
19297,-3.76e-01,8.60e+00,
19298,-3.68e-01,8.40e+00,
19299,-3.76e-01,8.40e+00,
19300,-3.68e-01,8.40e+00,
19301,-3.76e-01,8.40e+00,
19302,-3.68e-01,8.40e+00,
19303,-3.76e-01,8.40e+00,
19304,-3.68e-01,8.40e+00,
19305,-3.76e-01,8.60e+00,
19306,-3.68e-01,8.40e+00,
19307,-3.76e-01,8.40e+00,
19308,-3.68e-01,8.40e+00,
19309,-3.76e-01,8.40e+00,
19310,-3.68e-01,8.40e+00,
19311,-3.76e-01,8.40e+00,
19312,-3.68e-01,8.40e+00,
19313,-3.76e-01,8.40e+00,
19314,-3.68e-01,8.40e+00,
19315,-3.76e-01,8.60e+00,
19316,-3.68e-01,8.40e+00,
19317,-3.76e-01,8.40e+00,
19318,-3.68e-01,8.40e+00,
19319,-3.76e-01,8.40e+00,
19320,-3.68e-01,8.40e+00,
19321,-3.76e-01,8.40e+00,
19322,-3.68e-01,8.40e+00,
19323,-3.76e-01,8.40e+00,
19324,-3.68e-01,8.40e+00,
19325,-3.76e-01,8.40e+00,
19326,-3.76e-01,8.40e+00,
19327,-3.76e-01,8.40e+00,
19328,-3.68e-01,8.40e+00,
19329,-3.76e-01,8.40e+00,
19330,-3.68e-01,8.40e+00,
19331,-3.76e-01,8.40e+00,
19332,-3.68e-01,8.40e+00,
19333,-3.76e-01,8.40e+00,
19334,-3.76e-01,8.40e+00,
19335,-3.76e-01,8.40e+00,
19336,-3.68e-01,8.40e+00,
19337,-3.76e-01,8.40e+00,
19338,-3.76e-01,8.40e+00,
19339,-3.76e-01,8.60e+00,
19340,-3.68e-01,8.40e+00,
19341,-3.76e-01,8.60e+00,
19342,-3.76e-01,8.40e+00,
19343,-3.76e-01,8.40e+00,
19344,-3.76e-01,8.40e+00,
19345,-3.76e-01,8.40e+00,
19346,-3.76e-01,8.40e+00,
19347,-3.76e-01,8.40e+00,
19348,-3.76e-01,8.40e+00,
19349,-3.76e-01,8.60e+00,
19350,-3.76e-01,8.40e+00,
19351,-3.76e-01,8.40e+00,
19352,-3.76e-01,8.40e+00,
19353,-3.76e-01,8.40e+00,
19354,-3.76e-01,8.40e+00,
19355,-3.76e-01,8.40e+00,
19356,-3.76e-01,8.40e+00,
19357,-3.76e-01,8.40e+00,
19358,-3.76e-01,8.40e+00,
19359,-3.76e-01,8.40e+00,
19360,-3.76e-01,8.60e+00,
19361,-3.76e-01,8.60e+00,
19362,-3.76e-01,8.40e+00,
19363,-3.76e-01,8.40e+00,
19364,-3.76e-01,8.40e+00,
19365,-3.84e-01,8.60e+00,
19366,-3.76e-01,8.40e+00,
19367,-3.84e-01,8.40e+00,
19368,-3.76e-01,8.40e+00,
19369,-3.84e-01,8.40e+00,
19370,-3.76e-01,8.40e+00,
19371,-3.76e-01,8.40e+00,
19372,-3.76e-01,8.40e+00,
19373,-3.84e-01,8.40e+00,
19374,-3.76e-01,8.40e+00,
19375,-3.84e-01,8.40e+00,
19376,-3.76e-01,8.60e+00,
19377,-3.84e-01,8.40e+00,
19378,-3.76e-01,8.40e+00,
19379,-3.84e-01,8.40e+00,
19380,-3.76e-01,8.40e+00,
19381,-3.84e-01,8.60e+00,
19382,-3.76e-01,8.40e+00,
19383,-3.84e-01,8.40e+00,
19384,-3.76e-01,8.60e+00,
19385,-3.84e-01,8.40e+00,
19386,-3.76e-01,8.40e+00,
19387,-3.84e-01,8.40e+00,
19388,-3.76e-01,8.40e+00,
19389,-3.84e-01,8.40e+00,
19390,-3.76e-01,8.40e+00,
19391,-3.84e-01,8.40e+00,
19392,-3.76e-01,8.40e+00,
19393,-3.84e-01,8.40e+00,
19394,-3.76e-01,8.40e+00,
19395,-3.84e-01,8.60e+00,
19396,-3.76e-01,8.40e+00,
19397,-3.84e-01,8.40e+00,
19398,-3.84e-01,8.40e+00,
19399,-3.84e-01,8.40e+00,
19400,-3.76e-01,8.40e+00,
19401,-3.84e-01,8.40e+00,
19402,-3.76e-01,8.40e+00,
19403,-3.84e-01,8.60e+00,
19404,-3.76e-01,8.40e+00,
19405,-3.84e-01,8.40e+00,
19406,-3.84e-01,8.40e+00,
19407,-3.84e-01,8.40e+00,
19408,-3.76e-01,8.40e+00,
19409,-3.84e-01,8.40e+00,
19410,-3.76e-01,8.40e+00,
19411,-3.84e-01,8.60e+00,
19412,-3.84e-01,8.40e+00,
19413,-3.84e-01,8.40e+00,
19414,-3.84e-01,8.40e+00,
19415,-3.84e-01,8.40e+00,
19416,-3.84e-01,8.40e+00,
19417,-3.84e-01,8.40e+00,
19418,-3.84e-01,8.40e+00,
19419,-3.84e-01,8.40e+00,
19420,-3.84e-01,8.40e+00,
19421,-3.92e-01,8.40e+00,
19422,-3.84e-01,8.40e+00,
19423,-3.84e-01,8.40e+00,
19424,-3.84e-01,8.40e+00,
19425,-3.92e-01,8.40e+00,
19426,-3.84e-01,8.40e+00,
19427,-3.92e-01,8.40e+00,
19428,-3.84e-01,8.40e+00,
19429,-3.92e-01,8.40e+00,
19430,-3.84e-01,8.40e+00,
19431,-3.92e-01,8.40e+00,
19432,-3.84e-01,8.40e+00,
19433,-3.92e-01,8.40e+00,
19434,-3.84e-01,8.40e+00,
19435,-3.92e-01,8.40e+00,
19436,-3.84e-01,8.40e+00,
19437,-3.92e-01,8.40e+00,
19438,-3.84e-01,8.40e+00,
19439,-3.92e-01,8.40e+00,
19440,-3.84e-01,8.40e+00,
19441,-3.92e-01,8.40e+00,
19442,-3.84e-01,8.40e+00,
19443,-3.92e-01,8.40e+00,
19444,-3.84e-01,8.20e+00,
19445,-3.92e-01,8.40e+00,
19446,-3.84e-01,8.40e+00,
19447,-3.92e-01,8.40e+00,
19448,-3.84e-01,8.40e+00,
19449,-3.92e-01,8.40e+00,
19450,-3.84e-01,8.40e+00,
19451,-3.92e-01,8.40e+00,
19452,-3.84e-01,8.40e+00,
19453,-3.92e-01,8.60e+00,
19454,-3.84e-01,8.40e+00,
19455,-3.92e-01,8.40e+00,
19456,-3.84e-01,8.40e+00,
19457,-3.92e-01,8.40e+00,
19458,-3.84e-01,8.40e+00,
19459,-3.92e-01,8.40e+00,
19460,-3.84e-01,8.40e+00,
19461,-3.92e-01,8.40e+00,
19462,-3.92e-01,8.60e+00,
19463,-3.92e-01,8.40e+00,
19464,-3.84e-01,8.40e+00,
19465,-3.92e-01,8.40e+00,
19466,-3.84e-01,8.40e+00,
19467,-3.92e-01,8.40e+00,
19468,-3.92e-01,8.40e+00,
19469,-3.92e-01,8.40e+00,
19470,-3.92e-01,8.40e+00,
19471,-3.92e-01,8.40e+00,
19472,-3.84e-01,8.40e+00,
19473,-3.92e-01,8.40e+00,
19474,-3.92e-01,8.40e+00,
19475,-3.92e-01,8.60e+00,
19476,-3.92e-01,8.40e+00,
19477,-3.92e-01,8.40e+00,
19478,-3.92e-01,8.40e+00,
19479,-3.92e-01,8.40e+00,
19480,-3.92e-01,8.40e+00,
19481,-3.92e-01,8.40e+00,
19482,-3.92e-01,8.40e+00,
19483,-4.00e-01,8.40e+00,
19484,-3.92e-01,8.40e+00,
19485,-3.92e-01,8.40e+00,
19486,-3.92e-01,8.40e+00,
19487,-3.92e-01,8.40e+00,
19488,-3.92e-01,8.40e+00,
19489,-4.00e-01,8.40e+00,
19490,-3.92e-01,8.40e+00,
19491,-4.00e-01,8.40e+00,
19492,-3.92e-01,8.40e+00,
19493,-3.92e-01,8.60e+00,
19494,-3.92e-01,8.40e+00,
19495,-3.92e-01,8.40e+00,
19496,-3.92e-01,8.40e+00,
19497,-3.92e-01,8.40e+00,
19498,-3.92e-01,8.40e+00,
19499,-4.00e-01,8.40e+00,
19500,-3.92e-01,8.40e+00,
19501,-4.00e-01,8.40e+00,
19502,-3.92e-01,8.40e+00,
19503,-4.00e-01,8.40e+00,
19504,-3.92e-01,8.40e+00,
19505,-4.00e-01,8.40e+00,
19506,-3.92e-01,8.40e+00,
19507,-4.00e-01,8.60e+00,
19508,-3.92e-01,8.40e+00,
19509,-4.00e-01,8.60e+00,
19510,-3.92e-01,8.40e+00,
19511,-4.00e-01,8.40e+00,
19512,-3.92e-01,8.40e+00,
19513,-4.00e-01,8.40e+00,
19514,-3.92e-01,8.40e+00,
19515,-4.00e-01,8.40e+00,
19516,-3.92e-01,8.40e+00,
19517,-4.00e-01,8.40e+00,
19518,-3.92e-01,8.40e+00,
19519,-4.00e-01,8.40e+00,
19520,-3.92e-01,8.40e+00,
19521,-4.00e-01,8.40e+00,
19522,-3.92e-01,8.40e+00,
19523,-4.00e-01,8.40e+00,
19524,-3.92e-01,8.40e+00,
19525,-4.00e-01,8.40e+00,
19526,-4.00e-01,8.40e+00,
19527,-4.00e-01,8.40e+00,
19528,-3.92e-01,8.40e+00,
19529,-4.00e-01,8.40e+00,
19530,-3.92e-01,8.40e+00,
19531,-4.00e-01,8.40e+00,
19532,-4.00e-01,8.40e+00,
19533,-4.00e-01,8.40e+00,
19534,-4.00e-01,8.40e+00,
19535,-4.00e-01,8.40e+00,
19536,-4.00e-01,8.40e+00,
19537,-4.00e-01,8.40e+00,
19538,-4.00e-01,8.40e+00,
19539,-4.08e-01,8.60e+00,
19540,-3.92e-01,8.40e+00,
19541,-4.00e-01,8.40e+00,
19542,-4.00e-01,8.40e+00,
19543,-4.00e-01,8.40e+00,
19544,-4.00e-01,8.40e+00,
19545,-4.00e-01,8.40e+00,
19546,-4.00e-01,8.40e+00,
19547,-4.00e-01,8.40e+00,
19548,-4.00e-01,8.40e+00,
19549,-4.08e-01,8.40e+00,
19550,-4.00e-01,8.40e+00,
19551,-4.00e-01,8.40e+00,
19552,-4.00e-01,8.40e+00,
19553,-4.00e-01,8.40e+00,
19554,-4.00e-01,8.40e+00,
19555,-4.00e-01,8.40e+00,
19556,-4.00e-01,8.40e+00,
19557,-4.08e-01,8.40e+00,
19558,-4.00e-01,8.40e+00,
19559,-4.08e-01,8.40e+00,
19560,-4.00e-01,8.40e+00,
19561,-4.00e-01,8.40e+00,
19562,-4.00e-01,8.40e+00,
19563,-4.08e-01,8.40e+00,
19564,-4.00e-01,8.40e+00,
19565,-4.08e-01,8.40e+00,
19566,-4.00e-01,8.40e+00,
19567,-4.08e-01,8.60e+00,
19568,-4.00e-01,8.40e+00,
19569,-4.08e-01,8.40e+00,
19570,-4.00e-01,8.40e+00,
19571,-4.08e-01,8.40e+00,
19572,-4.00e-01,8.40e+00,
19573,-4.08e-01,8.40e+00,
19574,-4.00e-01,8.40e+00,
19575,-4.08e-01,8.40e+00,
19576,-4.00e-01,8.40e+00,
19577,-4.08e-01,8.40e+00,
19578,-4.00e-01,8.40e+00,
19579,-4.08e-01,8.40e+00,
19580,-4.00e-01,8.40e+00,
19581,-4.08e-01,8.40e+00,
19582,-4.00e-01,8.40e+00,
19583,-4.08e-01,8.40e+00,
19584,-4.00e-01,8.40e+00,
19585,-4.08e-01,8.40e+00,
19586,-4.00e-01,8.40e+00,
19587,-4.08e-01,8.40e+00,
19588,-4.00e-01,8.40e+00,
19589,-4.08e-01,8.40e+00,
19590,-4.08e-01,8.40e+00,
19591,-4.08e-01,8.40e+00,
19592,-4.00e-01,8.40e+00,
19593,-4.08e-01,8.40e+00,
19594,-4.08e-01,8.40e+00,
19595,-4.08e-01,8.40e+00,
19596,-4.00e-01,8.40e+00,
19597,-4.08e-01,8.40e+00,
19598,-4.08e-01,8.40e+00,
19599,-4.08e-01,8.40e+00,
19600,-4.00e-01,8.40e+00,
19601,-4.08e-01,8.40e+00,
19602,-4.08e-01,8.40e+00,
19603,-4.08e-01,8.40e+00,
19604,-4.08e-01,8.40e+00,
19605,-4.08e-01,8.40e+00,
19606,-4.08e-01,8.40e+00,
19607,-4.08e-01,8.40e+00,
19608,-4.08e-01,8.40e+00,
19609,-4.08e-01,8.40e+00,
19610,-4.08e-01,8.40e+00,
19611,-4.08e-01,8.40e+00,
19612,-4.08e-01,8.40e+00,
19613,-4.08e-01,8.40e+00,
19614,-4.08e-01,8.40e+00,
19615,-4.08e-01,8.40e+00,
19616,-4.08e-01,8.40e+00,
19617,-4.08e-01,8.40e+00,
19618,-4.08e-01,8.40e+00,
19619,-4.16e-01,8.40e+00,
19620,-4.08e-01,8.40e+00,
19621,-4.08e-01,8.40e+00,
19622,-4.08e-01,8.40e+00,
19623,-4.08e-01,8.40e+00,
19624,-4.08e-01,8.40e+00,
19625,-4.16e-01,8.40e+00,
19626,-4.08e-01,8.40e+00,
19627,-4.16e-01,8.40e+00,
19628,-4.08e-01,8.40e+00,
19629,-4.16e-01,8.40e+00,
19630,-4.08e-01,8.40e+00,
19631,-4.16e-01,8.40e+00,
19632,-4.08e-01,8.40e+00,
19633,-4.16e-01,8.40e+00,
19634,-4.08e-01,8.40e+00,
19635,-4.16e-01,8.40e+00,
19636,-4.08e-01,8.40e+00,
19637,-4.16e-01,8.40e+00,
19638,-4.08e-01,8.40e+00,
19639,-4.16e-01,8.40e+00,
19640,-4.08e-01,8.40e+00,
19641,-4.16e-01,8.40e+00,
19642,-4.08e-01,8.40e+00,
19643,-4.16e-01,8.40e+00,
19644,-4.08e-01,8.40e+00,
19645,-4.16e-01,8.40e+00,
19646,-4.08e-01,8.40e+00,
19647,-4.16e-01,8.40e+00,
19648,-4.08e-01,8.40e+00,
19649,-4.16e-01,8.40e+00,
19650,-4.08e-01,8.40e+00,
19651,-4.16e-01,8.40e+00,
19652,-4.08e-01,8.20e+00,
19653,-4.16e-01,8.40e+00,
19654,-4.16e-01,8.40e+00,
19655,-4.16e-01,8.40e+00,
19656,-4.08e-01,8.40e+00,
19657,-4.16e-01,8.40e+00,
19658,-4.08e-01,8.40e+00,
19659,-4.16e-01,8.40e+00,
19660,-4.08e-01,8.40e+00,
19661,-4.16e-01,8.40e+00,
19662,-4.16e-01,8.40e+00,
19663,-4.16e-01,8.40e+00,
19664,-4.08e-01,8.40e+00,
19665,-4.16e-01,8.40e+00,
19666,-4.16e-01,8.40e+00,
19667,-4.16e-01,8.40e+00,
19668,-4.08e-01,8.40e+00,
19669,-4.16e-01,8.40e+00,
19670,-4.16e-01,8.20e+00,
19671,-4.16e-01,8.40e+00,
19672,-4.08e-01,8.40e+00,
19673,-4.16e-01,8.40e+00,
19674,-4.16e-01,8.40e+00,
19675,-4.16e-01,8.40e+00,
19676,-4.16e-01,8.40e+00,
19677,-4.16e-01,8.40e+00,
19678,-4.16e-01,8.40e+00,
19679,-4.16e-01,8.40e+00,
19680,-4.08e-01,8.40e+00,
19681,-4.24e-01,8.40e+00,
19682,-4.16e-01,8.40e+00,
19683,-4.16e-01,8.20e+00,
19684,-4.16e-01,8.40e+00,
19685,-4.16e-01,8.40e+00,
19686,-4.16e-01,8.40e+00,
19687,-4.16e-01,8.40e+00,
19688,-4.16e-01,8.40e+00,
19689,-4.16e-01,8.40e+00,
19690,-4.16e-01,8.40e+00,
19691,-4.24e-01,8.40e+00,
19692,-4.16e-01,8.40e+00,
19693,-4.16e-01,8.40e+00,
19694,-4.16e-01,8.40e+00,
19695,-4.24e-01,8.40e+00,
19696,-4.16e-01,8.40e+00,
19697,-4.24e-01,8.40e+00,
19698,-4.16e-01,8.40e+00,
19699,-4.24e-01,8.40e+00,
19700,-4.16e-01,8.40e+00,
19701,-4.24e-01,8.40e+00,
19702,-4.16e-01,8.40e+00,
19703,-4.16e-01,8.40e+00,
19704,-4.16e-01,8.40e+00,
19705,-4.24e-01,8.40e+00,
19706,-4.16e-01,8.40e+00,
19707,-4.24e-01,8.40e+00,
19708,-4.16e-01,8.40e+00,
19709,-4.24e-01,8.40e+00,
19710,-4.16e-01,8.40e+00,
19711,-4.24e-01,8.40e+00,
19712,-4.16e-01,8.40e+00,
19713,-4.24e-01,8.40e+00,
19714,-4.16e-01,8.40e+00,
19715,-4.24e-01,8.40e+00,
19716,-4.16e-01,8.40e+00,
19717,-4.24e-01,8.40e+00,
19718,-4.16e-01,8.40e+00,
19719,-4.24e-01,8.40e+00,
19720,-4.16e-01,8.40e+00,
19721,-4.24e-01,8.40e+00,
19722,-4.16e-01,8.20e+00,
19723,-4.24e-01,8.40e+00,
19724,-4.16e-01,8.40e+00,
19725,-4.24e-01,8.40e+00,
19726,-4.16e-01,8.40e+00,
19727,-4.24e-01,8.40e+00,
19728,-4.16e-01,8.40e+00,
19729,-4.24e-01,8.40e+00,
19730,-4.16e-01,8.40e+00,
19731,-4.24e-01,8.60e+00,
19732,-4.16e-01,8.40e+00,
19733,-4.24e-01,8.40e+00,
19734,-4.16e-01,8.40e+00,
19735,-4.24e-01,8.40e+00,
19736,-4.16e-01,8.40e+00,
19737,-4.24e-01,8.40e+00,
19738,-4.16e-01,8.40e+00,
19739,-4.24e-01,8.40e+00,
19740,-4.16e-01,8.20e+00,
19741,-4.24e-01,8.40e+00,
19742,-4.24e-01,8.40e+00,
19743,-4.24e-01,8.40e+00,
19744,-4.16e-01,8.40e+00,
19745,-4.24e-01,8.40e+00,
19746,-4.24e-01,8.40e+00,
19747,-4.24e-01,8.40e+00,
19748,-4.16e-01,8.40e+00,
19749,-4.24e-01,8.40e+00,
19750,-4.24e-01,8.40e+00,
19751,-4.24e-01,8.40e+00,
19752,-4.24e-01,8.40e+00,
19753,-4.24e-01,8.40e+00,
19754,-4.24e-01,8.40e+00,
19755,-4.24e-01,8.40e+00,
19756,-4.16e-01,8.40e+00,
19757,-4.24e-01,8.40e+00,
19758,-4.24e-01,8.40e+00,
19759,-4.24e-01,8.40e+00,
19760,-4.24e-01,8.40e+00,
19761,-4.24e-01,8.40e+00,
19762,-4.24e-01,8.40e+00,
19763,-4.24e-01,8.40e+00,
19764,-4.24e-01,8.40e+00,
19765,-4.32e-01,8.40e+00,
19766,-4.24e-01,8.40e+00,
19767,-4.32e-01,8.40e+00,
19768,-4.24e-01,8.40e+00,
19769,-4.24e-01,8.40e+00,
19770,-4.24e-01,8.40e+00,
19771,-4.24e-01,8.40e+00,
19772,-4.24e-01,8.40e+00,
19773,-4.24e-01,8.40e+00,
19774,-4.24e-01,8.40e+00,
19775,-4.32e-01,8.40e+00,
19776,-4.24e-01,8.40e+00,
19777,-4.32e-01,8.40e+00,
19778,-4.24e-01,8.40e+00,
19779,-4.32e-01,8.40e+00,
19780,-4.24e-01,8.40e+00,
19781,-4.32e-01,8.40e+00,
19782,-4.24e-01,8.40e+00,
19783,-4.32e-01,8.40e+00,
19784,-4.24e-01,8.40e+00,
19785,-4.32e-01,8.40e+00,
19786,-4.24e-01,8.40e+00,
19787,-4.32e-01,8.40e+00,
19788,-4.24e-01,8.40e+00,
19789,-4.32e-01,8.40e+00,
19790,-4.24e-01,8.40e+00,
19791,-4.32e-01,8.40e+00,
19792,-4.24e-01,8.40e+00,
19793,-4.32e-01,8.40e+00,
19794,-4.24e-01,8.40e+00,
19795,-4.32e-01,8.40e+00,
19796,-4.24e-01,8.20e+00,
19797,-4.32e-01,8.40e+00,
19798,-4.24e-01,8.40e+00,
19799,-4.32e-01,8.40e+00,
19800,-4.24e-01,8.40e+00,
19801,-4.32e-01,8.40e+00,
19802,-4.24e-01,8.40e+00,
19803,-4.32e-01,8.40e+00,
19804,-4.24e-01,8.40e+00,
19805,-4.32e-01,8.40e+00,
19806,-4.24e-01,8.40e+00,
19807,-4.32e-01,8.40e+00,
19808,-4.24e-01,8.40e+00,
19809,-4.32e-01,8.40e+00,
19810,-4.24e-01,8.20e+00,
19811,-4.32e-01,8.40e+00,
19812,-4.24e-01,8.20e+00,
19813,-4.32e-01,8.40e+00,
19814,-4.24e-01,8.40e+00,
19815,-4.32e-01,8.40e+00,
19816,-4.24e-01,8.40e+00,
19817,-4.32e-01,8.40e+00,
19818,-4.24e-01,8.20e+00,
19819,-4.32e-01,8.40e+00,
19820,-4.24e-01,8.40e+00,
19821,-4.32e-01,8.40e+00,
19822,-4.32e-01,8.40e+00,
19823,-4.32e-01,8.40e+00,
19824,-4.24e-01,8.40e+00,
19825,-4.32e-01,8.40e+00,
19826,-4.32e-01,8.20e+00,
19827,-4.32e-01,8.40e+00,
19828,-4.24e-01,8.40e+00,
19829,-4.32e-01,8.40e+00,
19830,-4.32e-01,8.40e+00,
19831,-4.32e-01,8.40e+00,
19832,-4.24e-01,8.40e+00,
19833,-4.32e-01,8.40e+00,
19834,-4.32e-01,8.40e+00,
19835,-4.32e-01,8.40e+00,
19836,-4.32e-01,8.40e+00,
19837,-4.32e-01,8.40e+00,
19838,-4.32e-01,8.40e+00,
19839,-4.32e-01,8.40e+00,
19840,-4.24e-01,8.40e+00,
19841,-4.32e-01,8.40e+00,
19842,-4.32e-01,8.40e+00,
19843,-4.32e-01,8.40e+00,
19844,-4.24e-01,8.40e+00,
19845,-4.32e-01,8.40e+00,
19846,-4.32e-01,8.40e+00,
19847,-4.32e-01,8.40e+00,
19848,-4.32e-01,8.40e+00,
19849,-4.48e-01,8.40e+00,
19850,-4.32e-01,8.20e+00,
19851,-4.32e-01,8.40e+00,
19852,-4.32e-01,8.40e+00,
19853,-4.32e-01,8.40e+00,
19854,-4.32e-01,8.40e+00,
19855,-4.32e-01,8.40e+00,
19856,-4.32e-01,8.40e+00,
19857,-4.48e-01,8.40e+00,
19858,-4.32e-01,8.40e+00,
19859,-4.48e-01,8.40e+00,
19860,-4.32e-01,8.40e+00,
19861,-4.32e-01,8.40e+00,
19862,-4.32e-01,8.40e+00,
19863,-4.48e-01,8.40e+00,
19864,-4.32e-01,8.40e+00,
19865,-4.48e-01,8.40e+00,
19866,-4.32e-01,8.40e+00,
19867,-4.48e-01,8.40e+00,
19868,-4.32e-01,8.40e+00,
19869,-4.48e-01,8.20e+00,
19870,-4.32e-01,8.40e+00,
19871,-4.48e-01,8.40e+00,
19872,-4.32e-01,8.40e+00,
19873,-4.48e-01,8.40e+00,
19874,-4.32e-01,8.40e+00,
19875,-4.48e-01,8.40e+00,
19876,-4.32e-01,8.40e+00,
19877,-4.48e-01,8.40e+00,
19878,-4.32e-01,8.40e+00,
19879,-4.48e-01,8.40e+00,
19880,-4.32e-01,8.40e+00,
19881,-4.48e-01,8.40e+00,
19882,-4.32e-01,8.40e+00,
19883,-4.48e-01,8.40e+00,
19884,-4.32e-01,8.20e+00,
19885,-4.48e-01,8.40e+00,
19886,-4.32e-01,8.40e+00,
19887,-4.48e-01,8.40e+00,
19888,-4.32e-01,8.40e+00,
19889,-4.48e-01,8.40e+00,
19890,-4.32e-01,8.20e+00,
19891,-4.48e-01,8.40e+00,
19892,-4.32e-01,8.40e+00,
19893,-4.48e-01,8.40e+00,
19894,-4.32e-01,8.40e+00,
19895,-4.48e-01,8.40e+00,
19896,-4.32e-01,8.40e+00,
19897,-4.48e-01,8.40e+00,
19898,-4.32e-01,8.40e+00,
19899,-4.48e-01,8.40e+00,
19900,-4.32e-01,8.40e+00,
19901,-4.48e-01,8.40e+00,
19902,-4.48e-01,8.40e+00,
19903,-4.48e-01,8.40e+00,
19904,-4.32e-01,8.40e+00,
19905,-4.48e-01,8.40e+00,
19906,-4.48e-01,8.40e+00,
19907,-4.48e-01,8.40e+00,
19908,-4.32e-01,8.40e+00,
19909,-4.48e-01,8.40e+00,
19910,-4.32e-01,8.40e+00,
19911,-4.48e-01,8.40e+00,
19912,-4.32e-01,8.40e+00,
19913,-4.48e-01,8.20e+00,
19914,-4.48e-01,8.40e+00,
19915,-4.48e-01,8.40e+00,
19916,-4.32e-01,8.40e+00,
19917,-4.48e-01,8.40e+00,
19918,-4.48e-01,8.40e+00,
19919,-4.48e-01,8.40e+00,
19920,-4.32e-01,8.40e+00,
19921,-4.48e-01,8.40e+00,
19922,-4.48e-01,8.20e+00,
19923,-4.48e-01,8.40e+00,
19924,-4.48e-01,8.40e+00,
19925,-4.48e-01,8.40e+00,
19926,-4.48e-01,8.40e+00,
19927,-4.48e-01,8.40e+00,
19928,-4.48e-01,8.40e+00,
19929,-4.56e-01,8.40e+00,
19930,-4.48e-01,8.40e+00,
19931,-4.48e-01,8.40e+00,
19932,-4.48e-01,8.40e+00,
19933,-4.48e-01,8.40e+00,
19934,-4.48e-01,8.40e+00,
19935,-4.48e-01,8.40e+00,
19936,-4.48e-01,8.40e+00,
19937,-4.48e-01,8.40e+00,
19938,-4.48e-01,8.20e+00,
19939,-4.56e-01,8.40e+00,
19940,-4.48e-01,8.40e+00,
19941,-4.48e-01,8.40e+00,
19942,-4.48e-01,8.40e+00,
19943,-4.56e-01,8.40e+00,
19944,-4.48e-01,8.40e+00,
19945,-4.56e-01,8.40e+00,
19946,-4.48e-01,8.20e+00,
19947,-4.56e-01,8.40e+00,
19948,-4.48e-01,8.40e+00,
19949,-4.56e-01,8.40e+00,
19950,-4.48e-01,8.40e+00,
19951,-4.56e-01,8.40e+00,
19952,-4.48e-01,8.40e+00,
19953,-4.56e-01,8.40e+00,
19954,-4.48e-01,8.40e+00,
19955,-4.56e-01,8.40e+00,
19956,-4.48e-01,8.40e+00,
19957,-4.56e-01,8.40e+00,
19958,-4.48e-01,8.20e+00,
19959,-4.56e-01,8.40e+00,
19960,-4.48e-01,8.40e+00,
19961,-4.48e-01,8.40e+00,
19962,-4.56e-01,8.40e+00,
19963,-4.56e-01,8.40e+00,
19964,-4.48e-01,8.20e+00,
19965,-4.56e-01,8.40e+00,
19966,-4.48e-01,8.40e+00,
19967,-4.56e-01,8.40e+00,
19968,-4.48e-01,8.40e+00,
19969,-4.56e-01,8.40e+00,
19970,-4.48e-01,8.40e+00,
19971,-4.56e-01,8.40e+00,
19972,-4.48e-01,8.40e+00,
19973,-4.56e-01,8.40e+00,
19974,-4.48e-01,8.20e+00,
19975,-4.56e-01,8.40e+00,
19976,-4.48e-01,8.40e+00,
19977,-4.56e-01,8.40e+00,
19978,-4.48e-01,8.40e+00,
19979,-4.56e-01,8.40e+00,
19980,-4.48e-01,8.40e+00,
19981,-4.56e-01,8.40e+00,
19982,-4.48e-01,8.40e+00,
19983,-4.56e-01,8.40e+00,
19984,-4.48e-01,8.40e+00,
19985,-4.56e-01,8.20e+00,
19986,-4.56e-01,8.20e+00,
19987,-4.56e-01,8.40e+00,
19988,-4.48e-01,8.40e+00,
19989,-4.56e-01,8.40e+00,
19990,-4.56e-01,8.40e+00,
19991,-4.56e-01,8.40e+00,
19992,-4.48e-01,8.40e+00,
19993,-4.56e-01,8.40e+00,
19994,-4.56e-01,8.40e+00,
19995,-4.56e-01,8.40e+00,
19996,-4.56e-01,8.40e+00,
19997,-4.56e-01,8.40e+00,
19998,-4.56e-01,8.20e+00,
19999,-4.56e-01,8.40e+00,
20000,-4.56e-01,8.40e+00,
20001,-4.64e-01,8.40e+00,
20002,-4.56e-01,8.40e+00,
20003,-4.64e-01,8.40e+00,
20004,-4.56e-01,8.40e+00,
20005,-4.56e-01,8.40e+00,
20006,-4.56e-01,8.40e+00,
20007,-4.64e-01,8.40e+00,
20008,-4.56e-01,8.40e+00,
20009,-4.64e-01,8.40e+00,
20010,-4.56e-01,8.40e+00,
20011,-4.64e-01,8.40e+00,
20012,-4.56e-01,8.40e+00,
20013,-4.56e-01,8.40e+00,
20014,-4.56e-01,8.40e+00,
20015,-4.64e-01,8.40e+00,
20016,-4.56e-01,8.40e+00,
20017,-4.64e-01,8.40e+00,
20018,-4.56e-01,8.20e+00,
20019,-4.64e-01,8.40e+00,
20020,-4.56e-01,8.40e+00,
20021,-4.64e-01,8.40e+00,
20022,-4.56e-01,8.40e+00,
20023,-4.64e-01,8.40e+00,
20024,-4.56e-01,8.40e+00,
20025,-4.64e-01,8.40e+00,
20026,-4.56e-01,8.40e+00,
20027,-4.64e-01,8.40e+00,
20028,-4.56e-01,8.20e+00,
20029,-4.64e-01,8.40e+00,
20030,-4.56e-01,8.20e+00,
20031,-4.64e-01,8.40e+00,
20032,-4.56e-01,8.40e+00,
20033,-4.64e-01,8.20e+00,
20034,-4.56e-01,8.40e+00,
20035,-4.64e-01,8.40e+00,
20036,-4.56e-01,8.20e+00,
20037,-4.64e-01,8.40e+00,
20038,-4.56e-01,8.20e+00,
20039,-4.64e-01,8.40e+00,
20040,-4.56e-01,8.40e+00,
20041,-4.64e-01,8.40e+00,
20042,-4.56e-01,8.20e+00,
20043,-4.64e-01,8.40e+00,
20044,-4.56e-01,8.40e+00,
20045,-4.64e-01,8.40e+00,
20046,-4.64e-01,8.40e+00,
20047,-4.64e-01,8.40e+00,
20048,-4.56e-01,8.40e+00,
20049,-4.64e-01,8.40e+00,
20050,-4.64e-01,8.40e+00,
20051,-4.64e-01,8.40e+00,
20052,-4.64e-01,8.40e+00,
20053,-4.64e-01,8.40e+00,
20054,-4.64e-01,8.40e+00,
20055,-4.64e-01,8.40e+00,
20056,-4.56e-01,8.40e+00,
20057,-4.64e-01,8.40e+00,
20058,-4.64e-01,8.40e+00,
20059,-4.72e-01,8.40e+00,
20060,-4.64e-01,8.20e+00,
20061,-4.64e-01,8.40e+00,
20062,-4.64e-01,8.40e+00,
20063,-4.64e-01,8.20e+00,
20064,-4.64e-01,8.20e+00,
20065,-4.72e-01,8.40e+00,
20066,-4.64e-01,8.40e+00,
20067,-4.72e-01,8.40e+00,
20068,-4.64e-01,8.40e+00,
20069,-4.72e-01,8.40e+00,
20070,-4.64e-01,8.20e+00,
20071,-4.72e-01,8.40e+00,
20072,-4.64e-01,8.40e+00,
20073,-4.64e-01,8.40e+00,
20074,-4.64e-01,8.20e+00,
20075,-4.72e-01,8.40e+00,
20076,-4.64e-01,8.20e+00,
20077,-4.72e-01,8.40e+00,
20078,-4.64e-01,8.40e+00,
20079,-4.72e-01,8.40e+00,
20080,-4.64e-01,8.40e+00,
20081,-4.72e-01,8.40e+00,
20082,-4.64e-01,8.20e+00,
20083,-4.72e-01,8.40e+00,
20084,-4.64e-01,8.20e+00,
20085,-4.72e-01,8.40e+00,
20086,-4.64e-01,8.40e+00,
20087,-4.72e-01,8.40e+00,
20088,-4.64e-01,8.40e+00,
20089,-4.72e-01,8.40e+00,
20090,-4.64e-01,8.40e+00,
20091,-4.72e-01,8.40e+00,
20092,-4.64e-01,8.20e+00,
20093,-4.72e-01,8.40e+00,
20094,-4.64e-01,8.40e+00,
20095,-4.72e-01,8.40e+00,
20096,-4.64e-01,8.40e+00,
20097,-4.72e-01,8.40e+00,
20098,-4.64e-01,8.20e+00,
20099,-4.72e-01,8.40e+00,
20100,-4.64e-01,8.20e+00,
20101,-4.72e-01,8.40e+00,
20102,-4.72e-01,8.40e+00,
20103,-4.72e-01,8.40e+00,
20104,-4.64e-01,8.40e+00,
20105,-4.72e-01,8.40e+00,
20106,-4.72e-01,8.20e+00,
20107,-4.72e-01,8.40e+00,
20108,-4.64e-01,8.40e+00,
20109,-4.72e-01,8.40e+00,
20110,-4.72e-01,8.40e+00,
20111,-4.72e-01,8.40e+00,
20112,-4.64e-01,8.40e+00,
20113,-4.72e-01,8.40e+00,
20114,-4.72e-01,8.20e+00,
20115,-4.72e-01,8.40e+00,
20116,-4.72e-01,8.40e+00,
20117,-4.72e-01,8.20e+00,
20118,-4.72e-01,8.40e+00,
20119,-4.72e-01,8.40e+00,
20120,-4.64e-01,8.40e+00,
20121,-4.80e-01,8.40e+00,
20122,-4.72e-01,8.20e+00,
20123,-4.72e-01,8.40e+00,
20124,-4.72e-01,8.40e+00,
20125,-4.72e-01,8.40e+00,
20126,-4.72e-01,8.40e+00,
20127,-4.72e-01,8.40e+00,
20128,-4.72e-01,8.40e+00,
20129,-4.80e-01,8.40e+00,
20130,-4.72e-01,8.20e+00,
20131,-4.80e-01,8.40e+00,
20132,-4.72e-01,8.40e+00,
20133,-4.80e-01,8.40e+00,
20134,-4.72e-01,8.40e+00,
20135,-4.80e-01,8.40e+00,
20136,-4.72e-01,8.40e+00,
20137,-4.80e-01,8.40e+00,
20138,-4.72e-01,8.40e+00,
20139,-4.80e-01,8.40e+00,
20140,-4.72e-01,8.20e+00,
20141,-4.80e-01,8.40e+00,
20142,-4.72e-01,8.40e+00,
20143,-4.80e-01,8.40e+00,
20144,-4.72e-01,8.40e+00,
20145,-4.80e-01,8.40e+00,
20146,-4.72e-01,8.40e+00,
20147,-4.80e-01,8.40e+00,
20148,-4.72e-01,8.40e+00,
20149,-4.80e-01,8.40e+00,
20150,-4.72e-01,8.40e+00,
20151,-4.80e-01,8.40e+00,
20152,-4.72e-01,8.40e+00,
20153,-4.80e-01,8.40e+00,
20154,-4.72e-01,8.20e+00,
20155,-4.80e-01,8.40e+00,
20156,-4.72e-01,8.20e+00,
20157,-4.80e-01,8.40e+00,
20158,-4.72e-01,8.20e+00,
20159,-4.80e-01,8.40e+00,
20160,-4.72e-01,8.40e+00,
20161,-4.80e-01,8.40e+00,
20162,-4.80e-01,8.40e+00,
20163,-4.80e-01,8.40e+00,
20164,-4.72e-01,8.40e+00,
20165,-4.88e-01,8.40e+00,
20166,-4.80e-01,8.20e+00,
20167,-4.80e-01,8.40e+00,
20168,-4.80e-01,8.20e+00,
20169,-4.80e-01,8.40e+00,
20170,-4.80e-01,8.40e+00,
20171,-4.80e-01,8.40e+00,
20172,-4.80e-01,8.20e+00,
20173,-4.80e-01,8.40e+00,
20174,-4.80e-01,8.40e+00,
20175,-4.80e-01,8.40e+00,
20176,-4.80e-01,8.40e+00,
20177,-4.80e-01,8.40e+00,
20178,-4.80e-01,8.40e+00,
20179,-4.88e-01,8.40e+00,
20180,-4.80e-01,8.40e+00,
20181,-4.88e-01,8.40e+00,
20182,-4.80e-01,8.40e+00,
20183,-4.80e-01,8.40e+00,
20184,-4.80e-01,8.40e+00,
20185,-4.88e-01,8.40e+00,
20186,-4.80e-01,8.40e+00,
20187,-4.88e-01,8.40e+00,
20188,-4.80e-01,8.40e+00,
20189,-4.88e-01,8.40e+00,
20190,-4.80e-01,8.40e+00,
20191,-4.88e-01,8.40e+00,
20192,-4.80e-01,8.40e+00,
20193,-4.88e-01,8.40e+00,
20194,-4.80e-01,8.40e+00,
20195,-4.88e-01,8.40e+00,
20196,-4.80e-01,8.40e+00,
20197,-4.88e-01,8.40e+00,
20198,-4.80e-01,8.40e+00,
20199,-4.88e-01,8.40e+00,
20200,-4.80e-01,8.40e+00,
20201,-4.88e-01,8.40e+00,
20202,-4.80e-01,8.20e+00,
20203,-4.88e-01,8.40e+00,
20204,-4.80e-01,8.40e+00,
20205,-4.88e-01,8.40e+00,
20206,-4.88e-01,8.40e+00,
20207,-4.88e-01,8.40e+00,
20208,-4.80e-01,8.40e+00,
20209,-4.88e-01,8.40e+00,
20210,-4.80e-01,8.40e+00,
20211,-4.88e-01,8.40e+00,
20212,-4.80e-01,8.40e+00,
20213,-4.88e-01,8.40e+00,
20214,-4.80e-01,8.20e+00,
20215,-4.88e-01,8.40e+00,
20216,-4.80e-01,8.40e+00,
20217,-4.88e-01,8.40e+00,
20218,-4.80e-01,8.40e+00,
20219,-4.88e-01,8.40e+00,
20220,-4.80e-01,8.20e+00,
20221,-4.88e-01,8.40e+00,
20222,-4.88e-01,8.20e+00,
20223,-4.88e-01,8.40e+00,
20224,-4.80e-01,8.40e+00,
20225,-4.88e-01,8.40e+00,
20226,-4.80e-01,8.20e+00,
20227,-4.88e-01,8.40e+00,
20228,-4.80e-01,8.40e+00,
20229,-4.96e-01,8.40e+00,
20230,-4.88e-01,8.20e+00,
20231,-4.96e-01,8.40e+00,
20232,-4.88e-01,8.40e+00,
20233,-4.96e-01,8.40e+00,
20234,-4.88e-01,8.40e+00,
20235,-4.96e-01,8.40e+00,
20236,-4.88e-01,8.40e+00,
20237,-4.96e-01,8.40e+00,
20238,-4.88e-01,8.20e+00,
20239,-4.96e-01,8.40e+00,
20240,-4.88e-01,8.20e+00,
20241,-4.96e-01,8.40e+00,
20242,-4.88e-01,8.40e+00,
20243,-4.96e-01,8.40e+00,
20244,-4.88e-01,8.40e+00,
20245,-4.96e-01,8.40e+00,
20246,-4.88e-01,8.40e+00,
20247,-4.96e-01,8.40e+00,
20248,-4.88e-01,8.20e+00,
20249,-4.96e-01,8.40e+00,
20250,-4.88e-01,8.20e+00,
20251,-4.96e-01,8.40e+00,
20252,-4.88e-01,8.20e+00,
20253,-4.96e-01,8.40e+00,
20254,-4.88e-01,8.20e+00,
20255,-4.96e-01,8.40e+00,
20256,-4.88e-01,8.40e+00,
20257,-4.96e-01,8.20e+00,
20258,-4.88e-01,8.40e+00,
20259,-4.96e-01,8.40e+00,
20260,-4.88e-01,8.40e+00,
20261,-4.96e-01,8.40e+00,
20262,-4.96e-01,8.40e+00,
20263,-4.96e-01,8.20e+00,
20264,-4.88e-01,8.20e+00,
20265,-4.96e-01,8.40e+00,
20266,-4.88e-01,8.20e+00,
20267,-4.96e-01,8.40e+00,
20268,-4.88e-01,8.40e+00,
20269,-4.96e-01,8.40e+00,
20270,-4.88e-01,8.20e+00,
20271,-4.96e-01,8.40e+00,
20272,-4.88e-01,8.40e+00,
20273,-4.96e-01,8.40e+00,
20274,-4.96e-01,8.20e+00,
20275,-4.96e-01,8.40e+00,
20276,-4.88e-01,8.20e+00,
20277,-4.96e-01,8.40e+00,
20278,-4.96e-01,8.40e+00,
20279,-5.04e-01,8.40e+00,
20280,-4.88e-01,8.40e+00,
20281,-5.04e-01,8.40e+00,
20282,-4.96e-01,8.40e+00,
20283,-5.04e-01,8.40e+00,
20284,-4.96e-01,8.40e+00,
20285,-4.96e-01,8.40e+00,
20286,-4.96e-01,8.20e+00,
20287,-4.96e-01,8.40e+00,
20288,-4.88e-01,8.40e+00,
20289,-5.04e-01,8.40e+00,
20290,-4.96e-01,8.20e+00,
20291,-5.04e-01,8.40e+00,
20292,-4.96e-01,8.40e+00,
20293,-5.04e-01,8.40e+00,
20294,-4.96e-01,8.20e+00,
20295,-5.04e-01,8.40e+00,
20296,-4.96e-01,8.40e+00,
20297,-5.04e-01,8.40e+00,
20298,-4.96e-01,8.20e+00,
20299,-5.04e-01,8.40e+00,
20300,-4.96e-01,8.20e+00,
20301,-5.04e-01,8.40e+00,
20302,-4.96e-01,8.20e+00,
20303,-5.04e-01,8.40e+00,
20304,-4.96e-01,8.40e+00,
20305,-5.04e-01,8.40e+00,
20306,-4.96e-01,8.20e+00,
20307,-5.04e-01,8.40e+00,
20308,-4.96e-01,8.40e+00,
20309,-5.04e-01,8.40e+00,
20310,-4.96e-01,8.20e+00,
20311,-5.04e-01,8.40e+00,
20312,-4.96e-01,8.20e+00,
20313,-5.04e-01,8.40e+00,
20314,-4.96e-01,8.20e+00,
20315,-5.04e-01,8.20e+00,
20316,-4.96e-01,8.40e+00,
20317,-5.04e-01,8.20e+00,
20318,-4.96e-01,8.20e+00,
20319,-5.04e-01,8.40e+00,
20320,-4.96e-01,8.40e+00,
20321,-5.04e-01,8.40e+00,
20322,-4.96e-01,8.40e+00,
20323,-5.04e-01,8.40e+00,
20324,-4.96e-01,8.40e+00,
20325,-5.04e-01,8.40e+00,
20326,-5.04e-01,8.20e+00,
20327,-5.04e-01,8.40e+00,
20328,-4.96e-01,8.40e+00,
20329,-5.04e-01,8.40e+00,
20330,-4.96e-01,8.40e+00,
20331,-5.04e-01,8.40e+00,
20332,-4.96e-01,8.20e+00,
20333,-5.04e-01,8.20e+00,
20334,-5.04e-01,8.40e+00,
20335,-5.04e-01,8.40e+00,
20336,-4.96e-01,8.40e+00,
20337,-5.04e-01,8.40e+00,
20338,-5.04e-01,8.20e+00,
20339,-5.04e-01,8.40e+00,
20340,-4.96e-01,8.20e+00,
20341,-5.04e-01,8.40e+00,
20342,-5.04e-01,8.20e+00,
20343,-5.04e-01,8.40e+00,
20344,-4.96e-01,8.40e+00,
20345,-5.04e-01,8.40e+00,
20346,-5.04e-01,8.20e+00,
20347,-5.04e-01,8.40e+00,
20348,-4.96e-01,8.40e+00,
20349,-5.12e-01,8.40e+00,
20350,-5.04e-01,8.20e+00,
20351,-5.04e-01,8.40e+00,
20352,-5.04e-01,8.40e+00,
20353,-5.04e-01,8.40e+00,
20354,-5.04e-01,8.40e+00,
20355,-5.04e-01,8.40e+00,
20356,-4.96e-01,8.40e+00,
20357,-5.12e-01,8.40e+00,
20358,-5.04e-01,8.20e+00,
20359,-5.12e-01,8.40e+00,
20360,-5.04e-01,8.40e+00,
20361,-5.04e-01,8.20e+00,
20362,-5.04e-01,8.20e+00,
20363,-5.04e-01,8.40e+00,
20364,-4.96e-01,8.20e+00,
20365,-5.12e-01,8.40e+00,
20366,-5.04e-01,8.40e+00,
20367,-5.04e-01,8.40e+00,
20368,-4.96e-01,8.40e+00,
20369,-5.04e-01,8.20e+00,
20370,-4.96e-01,8.40e+00,
20371,-5.04e-01,8.40e+00,
20372,-4.96e-01,8.40e+00,
20373,-5.04e-01,8.40e+00,
20374,-4.96e-01,8.20e+00,
20375,-4.96e-01,8.40e+00,
20376,-4.96e-01,8.40e+00,
20377,-4.96e-01,8.40e+00,
20378,-4.88e-01,8.40e+00,
20379,-4.96e-01,8.40e+00,
20380,-4.80e-01,8.40e+00,
20381,-4.88e-01,8.40e+00,
20382,-4.88e-01,8.40e+00,
20383,-4.88e-01,8.20e+00,
20384,-4.80e-01,8.40e+00,
20385,-5.04e-01,8.40e+00,
20386,-5.04e-01,8.20e+00,
20387,-4.96e-01,8.40e+00,
20388,-4.80e-01,8.40e+00,
20389,-4.96e-01,8.20e+00,
20390,-4.88e-01,8.20e+00,
20391,-4.88e-01,8.40e+00,
20392,-4.72e-01,8.40e+00,
20393,-4.80e-01,8.40e+00,
20394,-4.72e-01,8.40e+00,
20395,-4.64e-01,8.40e+00,
20396,-4.56e-01,8.40e+00,
20397,-4.56e-01,8.40e+00,
20398,-4.48e-01,8.40e+00,
20399,-4.48e-01,8.40e+00,
20400,-4.32e-01,8.40e+00,
20401,-4.32e-01,8.40e+00,
20402,-4.24e-01,8.40e+00,
20403,-4.32e-01,8.40e+00,
20404,-4.16e-01,8.40e+00,
20405,-4.24e-01,8.40e+00,
20406,-4.24e-01,8.20e+00,
20407,-4.24e-01,8.20e+00,
20408,-4.24e-01,8.40e+00,
20409,-4.32e-01,8.40e+00,
20410,-4.32e-01,8.40e+00,
20411,-4.48e-01,8.40e+00,
20412,-4.32e-01,8.40e+00,
20413,-4.32e-01,8.40e+00,
20414,-4.24e-01,8.40e+00,
20415,-4.16e-01,8.40e+00,
20416,-4.08e-01,8.40e+00,
20417,-4.08e-01,8.40e+00,
20418,-4.08e-01,8.40e+00,
20419,-4.16e-01,8.40e+00,
20420,-4.08e-01,8.40e+00,
20421,-4.24e-01,8.40e+00,
20422,-4.24e-01,8.40e+00,
20423,-4.32e-01,8.40e+00,
20424,-4.32e-01,8.40e+00,
20425,-4.56e-01,8.40e+00,
20426,-4.56e-01,8.40e+00,
20427,-4.64e-01,8.40e+00,
20428,-4.56e-01,8.20e+00,
20429,-4.64e-01,8.40e+00,
20430,-4.64e-01,8.40e+00,
20431,-4.64e-01,8.40e+00,
20432,-4.56e-01,8.40e+00,
20433,-4.64e-01,8.40e+00,
20434,-4.56e-01,8.40e+00,
20435,-4.56e-01,8.40e+00,
20436,-4.48e-01,8.40e+00,
20437,-4.48e-01,8.40e+00,
20438,-4.32e-01,8.40e+00,
20439,-4.32e-01,8.40e+00,
20440,-4.24e-01,8.40e+00,
20441,-4.24e-01,8.40e+00,
20442,-4.24e-01,8.40e+00,
20443,-4.32e-01,8.40e+00,
20444,-4.24e-01,8.40e+00,
20445,-4.48e-01,8.40e+00,
20446,-4.48e-01,8.40e+00,
20447,-4.48e-01,8.40e+00,
20448,-4.48e-01,8.40e+00,
20449,-4.56e-01,8.40e+00,
20450,-4.48e-01,8.20e+00,
20451,-4.48e-01,8.40e+00,
20452,-4.24e-01,8.40e+00,
20453,-4.24e-01,8.40e+00,
20454,-4.16e-01,8.40e+00,
20455,-4.08e-01,8.40e+00,
20456,-4.00e-01,8.40e+00,
20457,-4.00e-01,8.40e+00,
20458,-3.92e-01,8.40e+00,
20459,-4.00e-01,8.40e+00,
20460,-3.92e-01,8.40e+00,
20461,-4.00e-01,8.40e+00,
20462,-4.00e-01,8.40e+00,
20463,-4.00e-01,8.40e+00,
20464,-4.00e-01,8.40e+00,
20465,-4.16e-01,8.40e+00,
20466,-4.08e-01,8.40e+00,
20467,-4.16e-01,8.40e+00,
20468,-4.16e-01,8.40e+00,
20469,-4.24e-01,8.40e+00,
20470,-4.16e-01,8.40e+00,
20471,-4.24e-01,8.40e+00,
20472,-4.16e-01,8.40e+00,
20473,-4.24e-01,8.40e+00,
20474,-4.16e-01,8.40e+00,
20475,-4.16e-01,8.40e+00,
20476,-4.08e-01,8.40e+00,
20477,-4.08e-01,8.40e+00,
20478,-4.00e-01,8.40e+00,
20479,-4.00e-01,8.40e+00,
20480,-3.92e-01,8.40e+00,
20481,-4.00e-01,8.40e+00,
20482,-3.92e-01,8.40e+00,
20483,-4.00e-01,8.40e+00,
20484,-3.92e-01,8.40e+00,
20485,-4.00e-01,8.40e+00,
20486,-4.00e-01,8.40e+00,
20487,-4.08e-01,8.40e+00,
20488,-4.00e-01,8.40e+00,
20489,-4.08e-01,8.40e+00,
20490,-4.00e-01,8.40e+00,
20491,-4.00e-01,8.60e+00,
20492,-3.92e-01,8.40e+00,
20493,-3.92e-01,8.40e+00,
20494,-3.84e-01,8.40e+00,
20495,-3.84e-01,8.40e+00,
20496,-3.76e-01,8.40e+00,
20497,-3.76e-01,8.40e+00,
20498,-3.68e-01,8.40e+00,
20499,-3.68e-01,8.40e+00,
20500,-3.60e-01,8.40e+00,
20501,-3.68e-01,8.40e+00,
20502,-3.68e-01,8.40e+00,
20503,-3.68e-01,8.40e+00,
20504,-3.68e-01,8.40e+00,
20505,-3.76e-01,8.40e+00,
20506,-3.76e-01,8.40e+00,
20507,-3.84e-01,8.40e+00,
20508,-3.76e-01,8.60e+00,
20509,-3.84e-01,8.40e+00,
20510,-3.84e-01,8.60e+00,
20511,-3.84e-01,8.40e+00,
20512,-3.76e-01,8.40e+00,
20513,-3.84e-01,8.40e+00,
20514,-3.76e-01,8.40e+00,
20515,-3.76e-01,8.60e+00,
20516,-3.68e-01,8.40e+00,
20517,-3.76e-01,8.40e+00,
20518,-3.68e-01,8.40e+00,
20519,-3.68e-01,8.40e+00,
20520,-3.60e-01,8.40e+00,
20521,-3.68e-01,8.40e+00,
20522,-3.60e-01,8.40e+00,
20523,-3.68e-01,8.40e+00,
20524,-3.60e-01,8.40e+00,
20525,-3.68e-01,8.40e+00,
20526,-3.68e-01,8.40e+00,
20527,-3.68e-01,8.40e+00,
20528,-3.60e-01,8.40e+00,
20529,-3.68e-01,8.40e+00,
20530,-3.68e-01,8.40e+00,
20531,-3.68e-01,8.60e+00,
20532,-3.60e-01,8.40e+00,
20533,-3.60e-01,8.40e+00,
20534,-3.52e-01,8.40e+00,
20535,-3.52e-01,8.40e+00,
20536,-3.44e-01,8.40e+00,
20537,-3.52e-01,8.40e+00,
20538,-3.36e-01,8.40e+00,
20539,-3.44e-01,8.60e+00,
20540,-3.36e-01,8.40e+00,
20541,-3.44e-01,8.40e+00,
20542,-3.36e-01,8.40e+00,
20543,-3.44e-01,8.60e+00,
20544,-3.36e-01,8.60e+00,
20545,-3.44e-01,8.60e+00,
20546,-3.44e-01,8.40e+00,
20547,-3.52e-01,8.40e+00,
20548,-3.44e-01,8.40e+00,
20549,-3.52e-01,8.60e+00,
20550,-3.44e-01,8.40e+00,
20551,-3.52e-01,8.40e+00,
20552,-3.44e-01,8.40e+00,
20553,-3.52e-01,8.40e+00,
20554,-3.44e-01,8.40e+00,
20555,-3.52e-01,8.40e+00,
20556,-3.44e-01,8.40e+00,
20557,-3.44e-01,8.60e+00,
20558,-3.36e-01,8.60e+00,
20559,-3.44e-01,8.40e+00,
20560,-3.36e-01,8.40e+00,
20561,-3.36e-01,8.40e+00,
20562,-3.36e-01,8.60e+00,
20563,-3.36e-01,8.60e+00,
20564,-3.36e-01,8.40e+00,
20565,-3.44e-01,8.40e+00,
20566,-3.36e-01,8.40e+00,
20567,-3.44e-01,8.40e+00,
20568,-3.36e-01,8.40e+00,
20569,-3.44e-01,8.60e+00,
20570,-3.36e-01,8.40e+00,
20571,-3.36e-01,8.40e+00,
20572,-3.28e-01,8.40e+00,
20573,-3.36e-01,8.60e+00,
20574,-3.28e-01,8.40e+00,
20575,-3.28e-01,8.40e+00,
20576,-3.20e-01,8.60e+00,
20577,-3.28e-01,8.40e+00,
20578,-3.12e-01,8.60e+00,
20579,-3.20e-01,8.60e+00,
20580,-3.12e-01,8.40e+00,
20581,-3.20e-01,8.60e+00,
20582,-3.12e-01,8.40e+00,
20583,-3.20e-01,8.40e+00,
20584,-3.12e-01,8.60e+00,
20585,-3.20e-01,8.60e+00,
20586,-3.12e-01,8.40e+00,
20587,-3.20e-01,8.60e+00,
20588,-3.20e-01,8.40e+00,
20589,-3.20e-01,8.40e+00,
20590,-3.20e-01,8.40e+00,
20591,-3.20e-01,8.60e+00,
20592,-3.20e-01,8.60e+00,
20593,-3.20e-01,8.60e+00,
20594,-3.20e-01,8.40e+00,
20595,-3.20e-01,8.60e+00,
20596,-3.12e-01,8.60e+00,
20597,-3.20e-01,8.60e+00,
20598,-3.12e-01,8.40e+00,
20599,-3.12e-01,8.40e+00,
20600,-3.12e-01,8.60e+00,
20601,-3.12e-01,8.60e+00,
20602,-3.12e-01,8.40e+00,
20603,-3.12e-01,8.60e+00,
20604,-3.04e-01,8.40e+00,
20605,-3.12e-01,8.40e+00,
20606,-3.12e-01,8.60e+00,
20607,-3.12e-01,8.40e+00,
20608,-3.04e-01,8.40e+00,
20609,-3.12e-01,8.40e+00,
20610,-3.04e-01,8.40e+00,
20611,-3.12e-01,8.40e+00,
20612,-3.04e-01,8.40e+00,
20613,-3.04e-01,8.60e+00,
20614,-3.04e-01,8.60e+00,
20615,-3.04e-01,8.40e+00,
20616,-2.96e-01,8.60e+00,
20617,-2.96e-01,8.60e+00,
20618,-2.88e-01,8.60e+00,
20619,-2.96e-01,8.60e+00,
20620,-2.88e-01,8.40e+00,
20621,-2.96e-01,8.60e+00,
20622,-2.88e-01,8.60e+00,
20623,-2.96e-01,8.60e+00,
20624,-2.88e-01,8.60e+00,
20625,-2.96e-01,8.60e+00,
20626,-2.88e-01,8.40e+00,
20627,-2.96e-01,8.60e+00,
20628,-2.88e-01,8.40e+00,
20629,-2.96e-01,8.60e+00,
20630,-2.96e-01,8.40e+00,
20631,-2.96e-01,8.60e+00,
20632,-2.96e-01,8.40e+00,
20633,-2.96e-01,8.40e+00,
20634,-2.96e-01,8.60e+00,
20635,-2.96e-01,8.60e+00,
20636,-2.88e-01,8.60e+00,
20637,-2.96e-01,8.60e+00,
20638,-2.88e-01,8.40e+00,
20639,-2.96e-01,8.40e+00,
20640,-2.88e-01,8.60e+00,
20641,-2.88e-01,8.40e+00,
20642,-2.88e-01,8.40e+00,
20643,-2.88e-01,8.60e+00,
20644,-2.88e-01,8.60e+00,
20645,-2.88e-01,8.60e+00,
20646,-2.88e-01,8.40e+00,
20647,-2.88e-01,8.40e+00,
20648,-2.80e-01,8.60e+00,
20649,-2.88e-01,8.40e+00,
20650,-2.80e-01,8.40e+00,
20651,-2.88e-01,8.60e+00,
20652,-2.80e-01,8.40e+00,
20653,-2.80e-01,8.60e+00,
20654,-2.80e-01,8.60e+00,
20655,-2.80e-01,8.60e+00,
20656,-2.72e-01,8.40e+00,
20657,-2.80e-01,8.40e+00,
20658,-2.72e-01,8.60e+00,
20659,-2.72e-01,8.60e+00,
20660,-2.72e-01,8.40e+00,
20661,-2.72e-01,8.60e+00,
20662,-2.72e-01,8.40e+00,
20663,-2.72e-01,8.60e+00,
20664,-2.64e-01,8.60e+00,
20665,-2.72e-01,8.60e+00,
20666,-2.72e-01,8.60e+00,
20667,-2.72e-01,8.60e+00,
20668,-2.64e-01,8.60e+00,
20669,-2.72e-01,8.60e+00,
20670,-2.72e-01,8.60e+00,
20671,-2.72e-01,8.60e+00,
20672,-2.72e-01,8.40e+00,
20673,-2.72e-01,8.60e+00,
20674,-2.72e-01,8.60e+00,
20675,-2.72e-01,8.60e+00,
20676,-2.64e-01,8.60e+00,
20677,-2.72e-01,8.40e+00,
20678,-2.64e-01,8.40e+00,
20679,-2.64e-01,8.60e+00,
20680,-2.64e-01,8.60e+00,
20681,-2.64e-01,8.60e+00,
20682,-2.64e-01,8.40e+00,
20683,-2.64e-01,8.60e+00,
20684,-2.64e-01,8.40e+00,
20685,-2.64e-01,8.60e+00,
20686,-2.64e-01,8.40e+00,
20687,-2.64e-01,8.60e+00,
20688,-2.56e-01,8.40e+00,
20689,-2.64e-01,8.60e+00,
20690,-2.56e-01,8.60e+00,
20691,-2.56e-01,8.60e+00,
20692,-2.56e-01,8.60e+00,
20693,-2.56e-01,8.60e+00,
20694,-2.56e-01,8.60e+00,
20695,-2.56e-01,8.60e+00,
20696,-2.48e-01,8.40e+00,
20697,-2.56e-01,8.60e+00,
20698,-2.48e-01,8.60e+00,
20699,-2.56e-01,8.60e+00,
20700,-2.48e-01,8.40e+00,
20701,-2.48e-01,8.60e+00,
20702,-2.48e-01,8.60e+00,
20703,-2.48e-01,8.60e+00,
20704,-2.48e-01,8.60e+00,
20705,-2.48e-01,8.60e+00,
20706,-2.48e-01,8.60e+00,
20707,-2.48e-01,8.60e+00,
20708,-2.48e-01,8.60e+00,
20709,-2.48e-01,8.60e+00,
20710,-2.48e-01,8.60e+00,
20711,-2.48e-01,8.60e+00,
20712,-2.48e-01,8.60e+00,
20713,-2.48e-01,8.60e+00,
20714,-2.48e-01,8.60e+00,
20715,-2.48e-01,8.60e+00,
20716,-2.40e-01,8.60e+00,
20717,-2.48e-01,8.60e+00,
20718,-2.40e-01,8.60e+00,
20719,-2.48e-01,8.60e+00,
20720,-2.40e-01,8.60e+00,
20721,-2.48e-01,8.60e+00,
20722,-2.40e-01,8.60e+00,
20723,-2.48e-01,8.60e+00,
20724,-2.40e-01,8.60e+00,
20725,-2.40e-01,8.60e+00,
20726,-2.40e-01,8.60e+00,
20727,-2.40e-01,8.60e+00,
20728,-2.32e-01,8.60e+00,
20729,-2.40e-01,8.60e+00,
20730,-2.32e-01,8.60e+00,
20731,-2.40e-01,8.60e+00,
20732,-2.32e-01,8.60e+00,
20733,-2.40e-01,8.60e+00,
20734,-2.32e-01,8.60e+00,
20735,-2.32e-01,8.60e+00,
20736,-2.32e-01,8.60e+00,
20737,-2.32e-01,8.60e+00,
20738,-2.32e-01,8.60e+00,
20739,-2.32e-01,8.60e+00,
20740,-2.24e-01,8.60e+00,
20741,-2.32e-01,8.60e+00,
20742,-2.24e-01,8.60e+00,
20743,-2.32e-01,8.60e+00,
20744,-2.24e-01,8.60e+00,
20745,-2.32e-01,8.60e+00,
20746,-2.24e-01,8.60e+00,
20747,-2.32e-01,8.60e+00,
20748,-2.24e-01,8.60e+00,
20749,-2.32e-01,8.60e+00,
20750,-2.24e-01,8.40e+00,
20751,-2.32e-01,8.60e+00,
20752,-2.24e-01,8.60e+00,
20753,-2.32e-01,8.60e+00,
20754,-2.24e-01,8.60e+00,
20755,-2.24e-01,8.60e+00,
20756,-2.24e-01,8.60e+00,
20757,-2.24e-01,8.60e+00,
20758,-2.24e-01,8.60e+00,
20759,-2.24e-01,8.60e+00,
20760,-2.16e-01,8.60e+00,
20761,-2.24e-01,8.60e+00,
20762,-2.24e-01,8.60e+00,
20763,-2.24e-01,8.60e+00,
20764,-2.16e-01,8.60e+00,
20765,-2.24e-01,8.60e+00,
20766,-2.16e-01,8.60e+00,
20767,-2.24e-01,8.60e+00,
20768,-2.16e-01,8.60e+00,
20769,-2.24e-01,8.60e+00,
20770,-2.16e-01,8.60e+00,
20771,-2.16e-01,8.60e+00,
20772,-2.16e-01,8.60e+00,
20773,-2.16e-01,8.60e+00,
20774,-2.08e-01,8.60e+00,
20775,-2.16e-01,8.60e+00,
20776,-2.08e-01,8.60e+00,
20777,-2.16e-01,8.60e+00,
20778,-2.08e-01,8.60e+00,
20779,-2.16e-01,8.60e+00,
20780,-2.08e-01,8.60e+00,
20781,-2.16e-01,8.60e+00,
20782,-2.08e-01,8.60e+00,
20783,-2.08e-01,8.60e+00,
20784,-2.08e-01,8.60e+00,
20785,-2.08e-01,8.60e+00,
20786,-2.08e-01,8.60e+00,
20787,-2.08e-01,8.80e+00,
20788,-2.08e-01,8.60e+00,
20789,-2.08e-01,8.60e+00,
20790,-2.08e-01,8.60e+00,
20791,-2.08e-01,8.60e+00,
20792,-2.08e-01,8.60e+00,
20793,-2.08e-01,8.60e+00,
20794,-2.08e-01,8.60e+00,
20795,-2.08e-01,8.60e+00,
20796,-2.00e-01,8.60e+00,
20797,-2.08e-01,8.60e+00,
20798,-2.00e-01,8.60e+00,
20799,-2.08e-01,8.60e+00,
20800,-2.00e-01,8.60e+00,
20801,-2.08e-01,8.60e+00,
20802,-2.00e-01,8.60e+00,
20803,-2.00e-01,8.60e+00,
20804,-2.00e-01,8.60e+00,
20805,-2.00e-01,8.60e+00,
20806,-2.00e-01,8.60e+00,
20807,-2.00e-01,8.60e+00,
20808,-1.92e-01,8.60e+00,
20809,-2.00e-01,8.60e+00,
20810,-2.00e-01,8.60e+00,
20811,-2.00e-01,8.60e+00,
20812,-1.92e-01,8.60e+00,
20813,-2.00e-01,8.60e+00,
20814,-1.92e-01,8.60e+00,
20815,-1.92e-01,8.60e+00,
20816,-1.92e-01,8.60e+00,
20817,-1.92e-01,8.60e+00,
20818,-1.92e-01,8.60e+00,
20819,-1.92e-01,8.60e+00,
20820,-1.92e-01,8.60e+00,
20821,-1.92e-01,8.80e+00,
20822,-1.92e-01,8.60e+00,
20823,-1.92e-01,8.60e+00,
20824,-1.84e-01,8.60e+00,
20825,-1.92e-01,8.60e+00,
20826,-1.84e-01,8.60e+00,
20827,-1.92e-01,8.80e+00,
20828,-1.84e-01,8.60e+00,
20829,-1.92e-01,8.60e+00,
20830,-1.84e-01,8.60e+00,
20831,-1.84e-01,8.60e+00,
20832,-1.84e-01,8.60e+00,
20833,-1.92e-01,8.60e+00,
20834,-1.84e-01,8.60e+00,
20835,-1.84e-01,8.60e+00,
20836,-1.84e-01,8.60e+00,
20837,-1.84e-01,8.60e+00,
20838,-1.84e-01,8.60e+00,
20839,-1.84e-01,8.60e+00,
20840,-1.84e-01,8.60e+00,
20841,-1.84e-01,8.60e+00,
20842,-1.84e-01,8.60e+00,
20843,-1.84e-01,8.60e+00,
20844,-1.76e-01,8.60e+00,
20845,-1.84e-01,8.60e+00,
20846,-1.76e-01,8.60e+00,
20847,-1.84e-01,8.60e+00,
20848,-1.76e-01,8.60e+00,
20849,-1.84e-01,8.60e+00,
20850,-1.76e-01,8.60e+00,
20851,-1.76e-01,8.80e+00,
20852,-1.76e-01,8.60e+00,
20853,-1.76e-01,8.60e+00,
20854,-1.76e-01,8.60e+00,
20855,-1.76e-01,8.60e+00,
20856,-1.68e-01,8.60e+00,
20857,-1.76e-01,8.60e+00,
20858,-1.68e-01,8.60e+00,
20859,-1.76e-01,8.80e+00,
20860,-1.68e-01,8.60e+00,
20861,-1.76e-01,8.60e+00,
20862,-1.68e-01,8.60e+00,
20863,-1.68e-01,8.80e+00,
20864,-1.68e-01,8.60e+00,
20865,-1.68e-01,8.60e+00,
20866,-1.68e-01,8.60e+00,
20867,-1.68e-01,8.60e+00,
20868,-1.68e-01,8.60e+00,
20869,-1.68e-01,8.60e+00,
20870,-1.68e-01,8.60e+00,
20871,-1.68e-01,8.60e+00,
20872,-1.68e-01,8.60e+00,
20873,-1.68e-01,8.60e+00,
20874,-1.60e-01,8.60e+00,
20875,-1.68e-01,8.60e+00,
20876,-1.60e-01,8.60e+00,
20877,-1.68e-01,8.60e+00,
20878,-1.60e-01,8.60e+00,
20879,-1.60e-01,8.60e+00,
20880,-1.60e-01,8.60e+00,
20881,-1.68e-01,8.60e+00,
20882,-1.60e-01,8.60e+00,
20883,-1.60e-01,8.60e+00,
20884,-1.60e-01,8.60e+00,
20885,-1.60e-01,8.80e+00,
20886,-1.60e-01,8.60e+00,
20887,-1.60e-01,8.60e+00,
20888,-1.44e-01,8.60e+00,
20889,-1.60e-01,8.80e+00,
20890,-1.44e-01,8.60e+00,
20891,-1.60e-01,8.80e+00,
20892,-1.44e-01,8.60e+00,
20893,-1.60e-01,8.60e+00,
20894,-1.44e-01,8.60e+00,
20895,-1.44e-01,8.60e+00,
20896,-1.44e-01,8.60e+00,
20897,-1.44e-01,8.60e+00,
20898,-1.44e-01,8.60e+00,
20899,-1.44e-01,8.60e+00,
20900,-1.44e-01,8.60e+00,
20901,-1.44e-01,8.80e+00,
20902,-1.44e-01,8.60e+00,
20903,-1.44e-01,8.60e+00,
20904,-1.36e-01,8.60e+00,
20905,-1.44e-01,8.60e+00,
20906,-1.36e-01,8.60e+00,
20907,-1.44e-01,8.80e+00,
20908,-1.36e-01,8.60e+00,
20909,-1.44e-01,8.60e+00,
20910,-1.36e-01,8.60e+00,
20911,-1.36e-01,8.60e+00,
20912,-1.36e-01,8.60e+00,
20913,-1.36e-01,8.60e+00,
20914,-1.36e-01,8.60e+00,
20915,-1.36e-01,8.60e+00,
20916,-1.36e-01,8.60e+00,
20917,-1.36e-01,8.60e+00,
20918,-1.36e-01,8.60e+00,
20919,-1.36e-01,8.60e+00,
20920,-1.28e-01,8.60e+00,
20921,-1.36e-01,8.60e+00,
20922,-1.28e-01,8.60e+00,
20923,-1.36e-01,8.80e+00,
20924,-1.28e-01,8.60e+00,
20925,-1.36e-01,8.60e+00,
20926,-1.28e-01,8.60e+00,
20927,-1.28e-01,8.80e+00,
20928,-1.28e-01,8.60e+00,
20929,-1.28e-01,8.80e+00,
20930,-1.28e-01,8.60e+00,
20931,-1.28e-01,8.60e+00,
20932,-1.28e-01,8.60e+00,
20933,-1.28e-01,8.80e+00,
20934,-1.28e-01,8.60e+00,
20935,-1.20e-01,8.60e+00,
20936,-1.20e-01,8.80e+00,
20937,-1.28e-01,8.60e+00,
20938,-1.20e-01,8.60e+00,
20939,-1.20e-01,8.80e+00,
20940,-1.20e-01,8.60e+00,
20941,-1.20e-01,8.60e+00,
20942,-1.20e-01,8.60e+00,
20943,-1.20e-01,8.60e+00,
20944,-1.20e-01,8.60e+00,
20945,-1.20e-01,8.60e+00,
20946,-1.20e-01,8.60e+00,
20947,-1.20e-01,8.80e+00,
20948,-1.12e-01,8.60e+00,
20949,-1.20e-01,8.60e+00,
20950,-1.12e-01,8.60e+00,
20951,-1.20e-01,8.60e+00,
20952,-1.12e-01,8.60e+00,
20953,-1.20e-01,8.60e+00,
20954,-1.12e-01,8.60e+00,
20955,-1.12e-01,8.60e+00,
20956,-1.12e-01,8.60e+00,
20957,-1.12e-01,8.60e+00,
20958,-1.12e-01,8.60e+00,
20959,-1.12e-01,8.60e+00,
20960,-1.12e-01,8.80e+00,
20961,-1.12e-01,8.60e+00,
20962,-1.12e-01,8.80e+00,
20963,-1.12e-01,8.60e+00,
20964,-1.04e-01,8.60e+00,
20965,-1.12e-01,8.80e+00,
20966,-1.04e-01,8.60e+00,
20967,-1.04e-01,8.80e+00,
20968,-1.04e-01,8.60e+00,
20969,-1.04e-01,8.80e+00,
20970,-1.04e-01,8.60e+00,
20971,-1.04e-01,8.80e+00,
20972,-1.04e-01,8.60e+00,
20973,-1.04e-01,8.80e+00,
20974,-1.04e-01,8.60e+00,
20975,-1.04e-01,8.60e+00,
20976,-9.60e-02,8.60e+00,
20977,-1.04e-01,8.60e+00,
20978,-9.60e-02,8.60e+00,
20979,-9.60e-02,8.80e+00,
20980,-9.60e-02,8.60e+00,
20981,-9.60e-02,8.60e+00,
20982,-9.60e-02,8.60e+00,
20983,-9.60e-02,8.80e+00,
20984,-9.60e-02,8.80e+00,
20985,-9.60e-02,8.60e+00,
20986,-9.60e-02,8.60e+00,
20987,-9.60e-02,8.60e+00,
20988,-9.60e-02,8.60e+00,
20989,-9.60e-02,8.80e+00,
20990,-8.80e-02,8.60e+00,
20991,-9.60e-02,8.80e+00,
20992,-8.80e-02,8.80e+00,
20993,-9.60e-02,8.60e+00,
20994,-8.80e-02,8.60e+00,
20995,-8.80e-02,8.80e+00,
20996,-8.80e-02,8.60e+00,
20997,-8.80e-02,8.80e+00,
20998,-8.80e-02,8.60e+00,
20999,-8.80e-02,8.80e+00,
21000,-8.80e-02,8.80e+00,
21001,-8.80e-02,8.80e+00,
21002,-8.80e-02,8.60e+00,
21003,-8.80e-02,8.80e+00,
21004,-8.00e-02,8.60e+00,
21005,-8.80e-02,8.80e+00,
21006,-8.00e-02,8.60e+00,
21007,-8.00e-02,8.60e+00,
21008,-8.00e-02,8.80e+00,
21009,-8.00e-02,8.60e+00,
21010,-8.00e-02,8.80e+00,
21011,-8.00e-02,8.80e+00,
21012,-8.00e-02,8.80e+00,
21013,-8.00e-02,8.80e+00,
21014,-8.00e-02,8.60e+00,
21015,-8.00e-02,8.80e+00,
21016,-8.00e-02,8.60e+00,
21017,-8.00e-02,8.60e+00,
21018,-7.20e-02,8.80e+00,
21019,-7.20e-02,8.80e+00,
21020,-7.20e-02,8.60e+00,
21021,-8.00e-02,8.60e+00,
21022,-7.20e-02,8.80e+00,
21023,-7.20e-02,8.60e+00,
21024,-7.20e-02,8.80e+00,
21025,-7.20e-02,8.80e+00,
21026,-7.20e-02,8.80e+00,
21027,-7.20e-02,8.80e+00,
21028,-7.20e-02,8.80e+00,
21029,-7.20e-02,8.80e+00,
21030,-7.20e-02,8.60e+00,
21031,-7.20e-02,8.80e+00,
21032,-6.40e-02,8.80e+00,
21033,-7.20e-02,8.60e+00,
21034,-6.40e-02,8.60e+00,
21035,-6.40e-02,8.80e+00,
21036,-6.40e-02,8.60e+00,
21037,-6.40e-02,8.80e+00,
21038,-6.40e-02,8.80e+00,
21039,-6.40e-02,8.80e+00,
21040,-6.40e-02,8.80e+00,
21041,-6.40e-02,8.60e+00,
21042,-6.40e-02,8.80e+00,
21043,-6.40e-02,8.80e+00,
21044,-6.40e-02,8.80e+00,
21045,-6.40e-02,8.60e+00,
21046,-6.40e-02,8.80e+00,
21047,-5.60e-02,8.80e+00,
21048,-5.60e-02,8.80e+00,
21049,-5.60e-02,8.80e+00,
21050,-5.60e-02,8.80e+00,
21051,-5.60e-02,8.80e+00,
21052,-5.60e-02,8.80e+00,
21053,-5.60e-02,8.80e+00,
21054,-5.60e-02,8.80e+00,
21055,-5.60e-02,8.80e+00,
21056,-5.60e-02,8.60e+00,
21057,-5.60e-02,8.80e+00,
21058,-4.80e-02,8.60e+00,
21059,-4.80e-02,8.80e+00,
21060,-4.80e-02,8.80e+00,
21061,-5.60e-02,8.80e+00,
21062,-4.80e-02,8.80e+00,
21063,-4.80e-02,8.80e+00,
21064,-4.80e-02,8.80e+00,
21065,-4.80e-02,8.80e+00,
21066,-4.80e-02,8.80e+00,
21067,-4.80e-02,8.80e+00,
21068,-4.80e-02,8.60e+00,
21069,-4.80e-02,8.80e+00,
21070,-4.80e-02,8.80e+00,
21071,-4.80e-02,8.80e+00,
21072,-4.80e-02,8.80e+00,
21073,-4.80e-02,8.80e+00,
21074,-4.00e-02,8.60e+00,
21075,-4.00e-02,8.80e+00,
21076,-4.00e-02,8.80e+00,
21077,-4.00e-02,8.80e+00,
21078,-4.00e-02,8.80e+00,
21079,-4.00e-02,8.80e+00,
21080,-4.00e-02,8.80e+00,
21081,-4.00e-02,8.80e+00,
21082,-4.00e-02,8.80e+00,
21083,-4.00e-02,8.80e+00,
21084,-4.00e-02,8.80e+00,
21085,-4.00e-02,8.80e+00,
21086,-3.20e-02,8.80e+00,
21087,-3.20e-02,8.80e+00,
21088,-3.20e-02,8.80e+00,
21089,-3.20e-02,8.80e+00,
21090,-3.20e-02,8.80e+00,
21091,-3.20e-02,8.80e+00,
21092,-3.20e-02,8.60e+00,
21093,-3.20e-02,8.80e+00,
21094,-3.20e-02,8.80e+00,
21095,-3.20e-02,8.80e+00,
21096,-3.20e-02,8.80e+00,
21097,-3.20e-02,8.80e+00,
21098,-2.40e-02,8.60e+00,
21099,-3.20e-02,8.80e+00,
21100,-2.40e-02,8.80e+00,
21101,-3.20e-02,8.80e+00,
21102,-2.40e-02,8.60e+00,
21103,-2.40e-02,8.80e+00,
21104,-2.40e-02,8.80e+00,
21105,-2.40e-02,8.80e+00,
21106,-2.40e-02,8.80e+00,
21107,-2.40e-02,8.80e+00,
21108,-2.40e-02,8.80e+00,
21109,-2.40e-02,8.80e+00,
21110,-2.40e-02,8.80e+00,
21111,-2.40e-02,8.80e+00,
21112,-1.60e-02,8.80e+00,
21113,-2.40e-02,8.80e+00,
21114,-1.60e-02,8.80e+00,
21115,-1.60e-02,9.00e+00,
21116,-1.60e-02,8.80e+00,
21117,-1.60e-02,8.80e+00,
21118,-1.60e-02,8.80e+00,
21119,-1.60e-02,8.80e+00,
21120,-1.60e-02,8.80e+00,
21121,-1.60e-02,8.80e+00,
21122,-1.60e-02,8.80e+00,
21123,-1.60e-02,8.80e+00,
21124,-8.00e-03,8.80e+00,
21125,-1.60e-02,8.80e+00,
21126,-8.00e-03,8.80e+00,
21127,-8.00e-03,8.60e+00,
21128,-8.00e-03,8.80e+00,
21129,-8.00e-03,8.80e+00,
21130,-8.00e-03,8.80e+00,
21131,-8.00e-03,8.80e+00,
21132,-8.00e-03,8.80e+00,
21133,-8.00e-03,8.80e+00,
21134,-8.00e-03,8.80e+00,
21135,-8.00e-03,8.80e+00,
21136,-8.00e-03,8.80e+00,
21137,-8.00e-03,8.80e+00,
21138,0.00e+00,8.80e+00,
21139,0.00e+00,8.80e+00,
21140,0.00e+00,8.80e+00,
21141,-8.00e-03,8.80e+00,
21142,0.00e+00,8.80e+00,
21143,0.00e+00,8.80e+00,
21144,0.00e+00,8.80e+00,
21145,0.00e+00,8.80e+00,
21146,0.00e+00,8.80e+00,
21147,0.00e+00,8.80e+00,
21148,0.00e+00,8.80e+00,
21149,0.00e+00,8.80e+00,
21150,0.00e+00,8.80e+00,
21151,0.00e+00,8.80e+00,
21152,8.00e-03,8.80e+00,
21153,0.00e+00,8.80e+00,
21154,8.00e-03,8.80e+00,
21155,8.00e-03,8.80e+00,
21156,8.00e-03,8.80e+00,
21157,8.00e-03,8.80e+00,
21158,8.00e-03,8.80e+00,
21159,8.00e-03,8.80e+00,
21160,8.00e-03,8.80e+00,
21161,8.00e-03,8.80e+00,
21162,8.00e-03,8.80e+00,
21163,8.00e-03,8.80e+00,
21164,8.00e-03,8.80e+00,
21165,8.00e-03,8.80e+00,
21166,1.60e-02,8.80e+00,
21167,1.60e-02,8.80e+00,
21168,1.60e-02,9.00e+00,
21169,1.60e-02,8.80e+00,
21170,1.60e-02,8.80e+00,
21171,1.60e-02,8.80e+00,
21172,1.60e-02,8.80e+00,
21173,1.60e-02,8.80e+00,
21174,1.60e-02,8.80e+00,
21175,1.60e-02,8.80e+00,
21176,1.60e-02,8.80e+00,
21177,1.60e-02,8.80e+00,
21178,2.40e-02,8.80e+00,
21179,2.40e-02,9.00e+00,
21180,2.40e-02,8.80e+00,
21181,1.60e-02,8.80e+00,
21182,2.40e-02,8.80e+00,
21183,2.40e-02,8.80e+00,
21184,2.40e-02,8.80e+00,
21185,2.40e-02,8.80e+00,
21186,2.40e-02,8.80e+00,
21187,2.40e-02,8.80e+00,
21188,2.40e-02,8.80e+00,
21189,2.40e-02,9.00e+00,
21190,2.40e-02,8.80e+00,
21191,2.40e-02,8.80e+00,
21192,3.20e-02,8.80e+00,
21193,2.40e-02,8.80e+00,
21194,3.20e-02,8.80e+00,
21195,3.20e-02,8.80e+00,
21196,3.20e-02,8.80e+00,
21197,3.20e-02,8.80e+00,
21198,3.20e-02,8.80e+00,
21199,3.20e-02,8.80e+00,
21200,3.20e-02,8.80e+00,
21201,3.20e-02,8.80e+00,
21202,3.20e-02,8.80e+00,
21203,3.20e-02,8.80e+00,
21204,3.20e-02,8.80e+00,
21205,3.20e-02,8.80e+00,
21206,3.20e-02,8.80e+00,
21207,3.20e-02,8.80e+00,
21208,4.00e-02,8.80e+00,
21209,4.00e-02,8.80e+00,
21210,4.00e-02,8.80e+00,
21211,4.00e-02,8.80e+00,
21212,4.00e-02,8.80e+00,
21213,4.00e-02,8.80e+00,
21214,4.00e-02,8.80e+00,
21215,4.00e-02,8.80e+00,
21216,4.00e-02,8.80e+00,
21217,4.00e-02,8.80e+00,
21218,4.00e-02,8.80e+00,
21219,4.00e-02,8.80e+00,
21220,4.00e-02,8.80e+00,
21221,4.00e-02,8.80e+00,
21222,4.00e-02,8.80e+00,
21223,4.80e-02,8.80e+00,
21224,4.80e-02,9.00e+00,
21225,4.00e-02,8.80e+00,
21226,4.80e-02,8.80e+00,
21227,4.80e-02,8.80e+00,
21228,4.80e-02,8.80e+00,
21229,4.80e-02,8.80e+00,
21230,4.80e-02,8.80e+00,
21231,4.80e-02,8.80e+00,
21232,4.80e-02,8.80e+00,
21233,4.80e-02,8.80e+00,
21234,4.80e-02,8.80e+00,
21235,4.80e-02,8.80e+00,
21236,4.80e-02,8.80e+00,
21237,4.80e-02,8.80e+00,
21238,5.60e-02,8.80e+00,
21239,5.60e-02,9.00e+00,
21240,5.60e-02,8.80e+00,
21241,5.60e-02,8.80e+00,
21242,5.60e-02,8.80e+00,
21243,5.60e-02,8.80e+00,
21244,5.60e-02,8.80e+00,
21245,5.60e-02,9.00e+00,
21246,5.60e-02,8.80e+00,
21247,5.60e-02,8.80e+00,
21248,5.60e-02,8.80e+00,
21249,5.60e-02,8.80e+00,
21250,5.60e-02,8.80e+00,
21251,5.60e-02,9.00e+00,
21252,6.40e-02,8.80e+00,
21253,5.60e-02,8.80e+00,
21254,5.60e-02,8.80e+00,
21255,6.40e-02,9.00e+00,
21256,6.40e-02,8.80e+00,
21257,6.40e-02,9.00e+00,
21258,6.40e-02,8.80e+00,
21259,6.40e-02,8.80e+00,
21260,6.40e-02,8.80e+00,
21261,6.40e-02,8.80e+00,
21262,6.40e-02,8.80e+00,
21263,6.40e-02,8.80e+00,
21264,6.40e-02,8.80e+00,
21265,6.40e-02,8.80e+00,
21266,6.40e-02,8.80e+00,
21267,6.40e-02,9.00e+00,
21268,6.40e-02,8.80e+00,
21269,6.40e-02,9.00e+00,
21270,6.40e-02,8.80e+00,
21271,7.20e-02,8.80e+00,
21272,7.20e-02,8.80e+00,
21273,7.20e-02,8.80e+00,
21274,7.20e-02,8.80e+00,
21275,7.20e-02,9.00e+00,
21276,7.20e-02,8.80e+00,
21277,7.20e-02,9.00e+00,
21278,7.20e-02,8.80e+00,
21279,7.20e-02,9.00e+00,
21280,7.20e-02,9.00e+00,
21281,7.20e-02,8.80e+00,
21282,7.20e-02,8.80e+00,
21283,7.20e-02,8.80e+00,
21284,7.20e-02,8.80e+00,
21285,7.20e-02,9.00e+00,
21286,7.20e-02,8.80e+00,
21287,8.00e-02,9.00e+00,
21288,7.20e-02,8.80e+00,
21289,8.00e-02,9.00e+00,
21290,8.00e-02,8.80e+00,
21291,8.00e-02,8.80e+00,
21292,8.00e-02,8.80e+00,
21293,8.00e-02,8.80e+00,
21294,8.00e-02,9.00e+00,
21295,8.00e-02,8.80e+00,
21296,8.00e-02,8.80e+00,
21297,8.00e-02,9.00e+00,
21298,8.00e-02,8.80e+00,
21299,8.00e-02,9.00e+00,
21300,8.00e-02,8.80e+00,
21301,8.00e-02,8.80e+00,
21302,8.00e-02,8.80e+00,
21303,8.00e-02,8.80e+00,
21304,8.80e-02,8.80e+00,
21305,8.00e-02,8.80e+00,
21306,8.80e-02,9.00e+00,
21307,8.80e-02,9.00e+00,
21308,8.80e-02,8.80e+00,
21309,8.00e-02,8.80e+00,
21310,8.80e-02,8.80e+00,
21311,8.80e-02,9.00e+00,
21312,8.80e-02,8.80e+00,
21313,8.80e-02,9.00e+00,
21314,8.80e-02,8.80e+00,
21315,8.80e-02,8.80e+00,
21316,8.80e-02,8.80e+00,
21317,8.80e-02,8.80e+00,
21318,8.80e-02,8.80e+00,
21319,8.80e-02,8.80e+00,
21320,8.80e-02,8.80e+00,
21321,8.80e-02,9.00e+00,
21322,8.80e-02,8.80e+00,
21323,8.80e-02,9.00e+00,
21324,8.80e-02,8.80e+00,
21325,8.80e-02,9.00e+00,
21326,9.60e-02,9.00e+00,
21327,9.60e-02,8.80e+00,
21328,9.60e-02,9.00e+00,
21329,9.60e-02,9.00e+00,
21330,9.60e-02,8.80e+00,
21331,9.60e-02,8.80e+00,
21332,9.60e-02,8.80e+00,
21333,9.60e-02,8.80e+00,
21334,9.60e-02,8.80e+00,
21335,9.60e-02,9.00e+00,
21336,9.60e-02,8.80e+00,
21337,9.60e-02,8.80e+00,
21338,9.60e-02,8.80e+00,
21339,9.60e-02,8.80e+00,
21340,9.60e-02,8.80e+00,
21341,9.60e-02,9.00e+00,
21342,9.60e-02,8.80e+00,
21343,1.04e-01,8.80e+00,
21344,1.04e-01,8.80e+00,
21345,1.04e-01,8.80e+00,
21346,1.04e-01,8.80e+00,
21347,1.04e-01,9.00e+00,
21348,1.04e-01,8.80e+00,
21349,1.04e-01,8.80e+00,
21350,1.04e-01,8.80e+00,
21351,1.04e-01,8.80e+00,
21352,1.04e-01,8.80e+00,
21353,1.04e-01,8.80e+00,
21354,1.04e-01,8.80e+00,
21355,1.04e-01,8.80e+00,
21356,1.04e-01,8.80e+00,
21357,1.04e-01,9.00e+00,
21358,1.04e-01,8.80e+00,
21359,1.12e-01,8.80e+00,
21360,1.04e-01,9.00e+00,
21361,1.04e-01,8.80e+00,
21362,1.04e-01,9.00e+00,
21363,1.04e-01,8.80e+00,
21364,1.04e-01,8.80e+00,
21365,1.04e-01,8.80e+00,
21366,1.12e-01,8.80e+00,
21367,1.12e-01,9.00e+00,
21368,1.12e-01,8.80e+00,
21369,1.12e-01,9.00e+00,
21370,1.12e-01,8.80e+00,
21371,1.12e-01,9.00e+00,
21372,1.12e-01,8.80e+00,
21373,1.12e-01,9.00e+00,
21374,1.12e-01,8.80e+00,
21375,1.12e-01,8.80e+00,
21376,1.12e-01,9.00e+00,
21377,1.12e-01,8.80e+00,
21378,1.12e-01,8.80e+00,
21379,1.12e-01,9.00e+00,
21380,1.12e-01,8.80e+00,
21381,1.12e-01,9.00e+00,
21382,1.12e-01,8.80e+00,
21383,1.12e-01,9.00e+00,
21384,1.12e-01,8.80e+00,
21385,1.12e-01,9.00e+00,
21386,1.20e-01,8.80e+00,
21387,1.20e-01,9.00e+00,
21388,1.20e-01,9.00e+00,
21389,1.20e-01,9.00e+00,
21390,1.20e-01,8.80e+00,
21391,1.20e-01,8.80e+00,
21392,1.20e-01,8.80e+00,
21393,1.20e-01,8.80e+00,
21394,1.20e-01,8.80e+00,
21395,1.20e-01,9.00e+00,
21396,1.20e-01,8.80e+00,
21397,1.20e-01,9.00e+00,
21398,1.20e-01,8.80e+00,
21399,1.20e-01,9.00e+00,
21400,1.20e-01,9.00e+00,
21401,1.20e-01,8.80e+00,
21402,1.20e-01,8.80e+00,
21403,1.20e-01,9.00e+00,
21404,1.20e-01,8.80e+00,
21405,1.20e-01,8.80e+00,
21406,1.20e-01,8.80e+00,
21407,1.28e-01,8.80e+00,
21408,1.20e-01,9.00e+00,
21409,1.28e-01,9.00e+00,
21410,1.28e-01,8.80e+00,
21411,1.28e-01,9.00e+00,
21412,1.28e-01,9.00e+00,
21413,1.28e-01,9.00e+00,
21414,1.28e-01,8.80e+00,
21415,1.28e-01,9.00e+00,
21416,1.28e-01,8.80e+00,
21417,1.28e-01,8.80e+00,
21418,1.28e-01,8.80e+00,
21419,1.28e-01,9.00e+00,
21420,1.28e-01,9.00e+00,
21421,1.28e-01,9.00e+00,
21422,1.28e-01,8.80e+00,
21423,1.28e-01,9.00e+00,
21424,1.28e-01,9.00e+00,
21425,1.28e-01,9.00e+00,
21426,1.28e-01,9.00e+00,
21427,1.28e-01,9.00e+00,
21428,1.28e-01,8.80e+00,
21429,1.28e-01,9.00e+00,
21430,1.28e-01,8.80e+00,
21431,1.36e-01,9.00e+00,
21432,1.36e-01,9.00e+00,
21433,1.28e-01,9.00e+00,
21434,1.36e-01,8.80e+00,
21435,1.36e-01,9.00e+00,
21436,1.36e-01,8.80e+00,
21437,1.36e-01,9.00e+00,
21438,1.36e-01,8.80e+00,
21439,1.36e-01,8.80e+00,
21440,1.36e-01,9.00e+00,
21441,1.36e-01,9.00e+00,
21442,1.36e-01,8.80e+00,
21443,1.36e-01,9.00e+00,
21444,1.36e-01,9.00e+00,
21445,1.36e-01,9.00e+00,
21446,1.36e-01,8.80e+00,
21447,1.36e-01,9.00e+00,
21448,1.36e-01,9.00e+00,
21449,1.36e-01,9.00e+00,
21450,1.36e-01,8.80e+00,
21451,1.36e-01,9.00e+00,
21452,1.36e-01,8.80e+00,
21453,1.36e-01,9.00e+00,
21454,1.36e-01,9.00e+00,
21455,1.52e-01,9.00e+00,
21456,1.36e-01,8.80e+00,
21457,1.36e-01,9.00e+00,
21458,1.52e-01,8.80e+00,
21459,1.52e-01,9.00e+00,
21460,1.52e-01,9.00e+00,
21461,1.52e-01,9.00e+00,
21462,1.52e-01,9.00e+00,
21463,1.52e-01,8.80e+00,
21464,1.52e-01,9.00e+00,
21465,1.52e-01,9.00e+00,
21466,1.52e-01,9.00e+00,
21467,1.52e-01,9.00e+00,
21468,1.52e-01,8.80e+00,
21469,1.52e-01,9.00e+00,
21470,1.52e-01,8.80e+00,
21471,1.52e-01,9.00e+00,
21472,1.52e-01,8.80e+00,
21473,1.52e-01,9.00e+00,
21474,1.52e-01,9.00e+00,
21475,1.52e-01,9.00e+00,
21476,1.52e-01,8.80e+00,
21477,1.52e-01,9.00e+00,
21478,1.52e-01,8.80e+00,
21479,1.60e-01,9.00e+00,
21480,1.52e-01,8.80e+00,
21481,1.60e-01,9.00e+00,
21482,1.60e-01,8.80e+00,
21483,1.60e-01,9.00e+00,
21484,1.60e-01,9.00e+00,
21485,1.60e-01,9.00e+00,
21486,1.60e-01,8.80e+00,
21487,1.60e-01,9.00e+00,
21488,1.60e-01,8.80e+00,
21489,1.60e-01,9.00e+00,
21490,1.60e-01,9.00e+00,
21491,1.60e-01,9.00e+00,
21492,1.60e-01,8.80e+00,
21493,1.60e-01,9.00e+00,
21494,1.60e-01,9.00e+00,
21495,1.60e-01,9.00e+00,
21496,1.60e-01,9.00e+00,
21497,1.60e-01,9.00e+00,
21498,1.60e-01,9.00e+00,
21499,1.60e-01,9.00e+00,
21500,1.60e-01,8.80e+00,
21501,1.60e-01,9.00e+00,
21502,1.60e-01,8.80e+00,
21503,1.60e-01,9.00e+00,
21504,1.60e-01,9.00e+00,
21505,1.60e-01,9.00e+00,
21506,1.68e-01,9.00e+00,
21507,1.68e-01,9.00e+00,
21508,1.60e-01,8.80e+00,
21509,1.60e-01,9.00e+00,
21510,1.68e-01,9.00e+00,
21511,1.68e-01,9.00e+00,
21512,1.68e-01,9.00e+00,
21513,1.68e-01,9.00e+00,
21514,1.68e-01,9.00e+00,
21515,1.68e-01,9.00e+00,
21516,1.68e-01,9.00e+00,
21517,1.68e-01,9.00e+00,
21518,1.68e-01,9.00e+00,
21519,1.68e-01,9.00e+00,
21520,1.68e-01,8.80e+00,
21521,1.68e-01,9.00e+00,
21522,1.68e-01,8.80e+00,
21523,1.68e-01,8.80e+00,
21524,1.68e-01,9.00e+00,
21525,1.68e-01,9.00e+00,
21526,1.68e-01,9.00e+00,
21527,1.68e-01,9.00e+00,
21528,1.68e-01,9.00e+00,
21529,1.68e-01,9.00e+00,
21530,1.76e-01,9.00e+00,
21531,1.76e-01,8.80e+00,
21532,1.68e-01,8.80e+00,
21533,1.68e-01,9.00e+00,
21534,1.68e-01,8.80e+00,
21535,1.76e-01,9.00e+00,
21536,1.76e-01,9.00e+00,
21537,1.76e-01,9.00e+00,
21538,1.76e-01,9.00e+00,
21539,1.76e-01,9.00e+00,
21540,1.76e-01,8.80e+00,
21541,1.76e-01,9.00e+00,
21542,1.76e-01,9.00e+00,
21543,1.76e-01,8.80e+00,
21544,1.76e-01,9.00e+00,
21545,1.76e-01,9.00e+00,
21546,1.76e-01,9.00e+00,
21547,1.76e-01,9.00e+00,
21548,1.76e-01,8.80e+00,
21549,1.76e-01,9.00e+00,
21550,1.76e-01,9.00e+00,
21551,1.76e-01,9.00e+00,
21552,1.76e-01,9.00e+00,
21553,1.76e-01,8.80e+00,
21554,1.76e-01,8.80e+00,
21555,1.84e-01,8.80e+00,
21556,1.76e-01,9.00e+00,
21557,1.76e-01,9.00e+00,
21558,1.76e-01,8.80e+00,
21559,1.84e-01,9.00e+00,
21560,1.84e-01,8.80e+00,
21561,1.84e-01,8.80e+00,
21562,1.84e-01,9.00e+00,
21563,1.84e-01,9.00e+00,
21564,1.84e-01,9.00e+00,
21565,1.84e-01,9.00e+00,
21566,1.84e-01,8.80e+00,
21567,1.84e-01,9.00e+00,
21568,1.84e-01,9.00e+00,
21569,1.84e-01,9.00e+00,
21570,1.84e-01,9.00e+00,
21571,1.84e-01,9.00e+00,
21572,1.84e-01,9.00e+00,
21573,1.84e-01,9.00e+00,
21574,1.84e-01,9.00e+00,
21575,1.84e-01,9.00e+00,
21576,1.84e-01,9.00e+00,
21577,1.84e-01,9.00e+00,
21578,1.84e-01,9.00e+00,
21579,1.92e-01,9.00e+00,
21580,1.84e-01,8.80e+00,
21581,1.84e-01,9.00e+00,
21582,1.84e-01,9.00e+00,
21583,1.92e-01,9.00e+00,
21584,1.84e-01,9.00e+00,
21585,1.92e-01,9.00e+00,
21586,1.92e-01,9.00e+00,
21587,1.92e-01,9.00e+00,
21588,1.92e-01,9.00e+00,
21589,1.92e-01,9.00e+00,
21590,1.92e-01,8.80e+00,
21591,1.92e-01,9.00e+00,
21592,1.92e-01,9.00e+00,
21593,1.92e-01,9.00e+00,
21594,1.92e-01,8.80e+00,
21595,1.92e-01,9.00e+00,
21596,1.92e-01,9.00e+00,
21597,1.92e-01,9.00e+00,
21598,1.92e-01,8.80e+00,
21599,1.92e-01,9.00e+00,
21600,1.92e-01,9.00e+00,
21601,1.92e-01,9.00e+00,
21602,1.92e-01,9.00e+00,
21603,1.92e-01,9.00e+00,
21604,1.92e-01,9.00e+00,
21605,1.92e-01,9.00e+00,
21606,1.92e-01,9.00e+00,
21607,2.00e-01,9.00e+00,
21608,2.00e-01,9.00e+00,
21609,2.00e-01,8.80e+00,
21610,2.00e-01,9.00e+00,
21611,2.00e-01,9.00e+00,
21612,2.00e-01,9.00e+00,
21613,2.00e-01,9.00e+00,
21614,2.00e-01,9.00e+00,
21615,2.00e-01,9.00e+00,
21616,2.00e-01,8.80e+00,
21617,2.00e-01,9.00e+00,
21618,2.00e-01,9.00e+00,
21619,2.00e-01,9.00e+00,
21620,2.00e-01,9.00e+00,
21621,2.00e-01,9.00e+00,
21622,2.00e-01,9.00e+00,
21623,2.00e-01,9.00e+00,
21624,2.00e-01,9.00e+00,
21625,2.00e-01,9.00e+00,
21626,2.00e-01,9.00e+00,
21627,2.08e-01,9.00e+00,
21628,2.00e-01,9.00e+00,
21629,2.00e-01,9.00e+00,
21630,2.00e-01,9.00e+00,
21631,2.08e-01,9.00e+00,
21632,2.00e-01,9.00e+00,
21633,2.08e-01,9.00e+00,
21634,2.08e-01,9.00e+00,
21635,2.08e-01,9.00e+00,
21636,2.08e-01,9.00e+00,
21637,2.08e-01,9.00e+00,
21638,2.08e-01,9.00e+00,
21639,2.08e-01,9.00e+00,
21640,2.08e-01,9.00e+00,
21641,2.08e-01,9.00e+00,
21642,2.08e-01,9.00e+00,
21643,2.08e-01,9.00e+00,
21644,2.08e-01,9.00e+00,
21645,2.08e-01,9.00e+00,
21646,2.08e-01,9.00e+00,
21647,2.08e-01,9.00e+00,
21648,2.08e-01,9.00e+00,
21649,2.08e-01,9.00e+00,
21650,2.08e-01,9.00e+00,
21651,2.16e-01,9.00e+00,
21652,2.08e-01,9.00e+00,
21653,2.08e-01,9.00e+00,
21654,2.16e-01,9.00e+00,
21655,2.16e-01,9.00e+00,
21656,2.16e-01,9.00e+00,
21657,2.16e-01,9.00e+00,
21658,2.16e-01,9.00e+00,
21659,2.16e-01,9.00e+00,
21660,2.16e-01,9.00e+00,
21661,2.16e-01,9.00e+00,
21662,2.16e-01,9.00e+00,
21663,2.16e-01,9.00e+00,
21664,2.16e-01,9.00e+00,
21665,2.16e-01,9.00e+00,
21666,2.16e-01,8.80e+00,
21667,2.16e-01,9.00e+00,
21668,2.16e-01,9.00e+00,
21669,2.16e-01,9.00e+00,
21670,2.16e-01,8.80e+00,
21671,2.16e-01,9.00e+00,
21672,2.16e-01,9.00e+00,
21673,2.16e-01,9.00e+00,
21674,2.24e-01,9.00e+00,
21675,2.24e-01,9.00e+00,
21676,2.16e-01,9.00e+00,
21677,2.16e-01,9.00e+00,
21678,2.24e-01,9.00e+00,
21679,2.24e-01,9.00e+00,
21680,2.24e-01,9.00e+00,
21681,2.24e-01,9.20e+00,
21682,2.24e-01,9.00e+00,
21683,2.24e-01,9.00e+00,
21684,2.24e-01,9.00e+00,
21685,2.24e-01,9.00e+00,
21686,2.24e-01,9.00e+00,
21687,2.24e-01,9.00e+00,
21688,2.24e-01,9.00e+00,
21689,2.24e-01,8.80e+00,
21690,2.24e-01,9.00e+00,
21691,2.24e-01,9.00e+00,
21692,2.24e-01,9.00e+00,
21693,2.24e-01,9.00e+00,
21694,2.24e-01,9.00e+00,
21695,2.24e-01,9.00e+00,
21696,2.24e-01,9.00e+00,
21697,2.24e-01,9.00e+00,
21698,2.32e-01,9.00e+00,
21699,2.32e-01,9.00e+00,
21700,2.24e-01,9.00e+00,
21701,2.32e-01,9.00e+00,
21702,2.32e-01,9.00e+00,
21703,2.32e-01,9.00e+00,
21704,2.32e-01,9.00e+00,
21705,2.32e-01,9.00e+00,
21706,2.32e-01,9.00e+00,
21707,2.32e-01,9.00e+00,
21708,2.32e-01,9.00e+00,
21709,2.32e-01,9.00e+00,
21710,2.32e-01,9.00e+00,
21711,2.32e-01,9.00e+00,
21712,2.32e-01,9.00e+00,
21713,2.32e-01,9.00e+00,
21714,2.32e-01,9.00e+00,
21715,2.32e-01,9.00e+00,
21716,2.32e-01,9.00e+00,
21717,2.32e-01,9.20e+00,
21718,2.32e-01,9.00e+00,
21719,2.40e-01,9.00e+00,
21720,2.32e-01,9.00e+00,
21721,2.32e-01,9.00e+00,
21722,2.40e-01,9.00e+00,
21723,2.40e-01,9.00e+00,
21724,2.32e-01,9.00e+00,
21725,2.40e-01,9.00e+00,
21726,2.40e-01,9.00e+00,
21727,2.40e-01,9.00e+00,
21728,2.40e-01,9.00e+00,
21729,2.40e-01,9.00e+00,
21730,2.40e-01,9.00e+00,
21731,2.40e-01,9.00e+00,
21732,2.40e-01,9.00e+00,
21733,2.40e-01,9.00e+00,
21734,2.40e-01,9.00e+00,
21735,2.40e-01,9.00e+00,
21736,2.40e-01,9.00e+00,
21737,2.40e-01,9.00e+00,
21738,2.40e-01,9.00e+00,
21739,2.48e-01,9.00e+00,
21740,2.40e-01,9.00e+00,
21741,2.40e-01,9.00e+00,
21742,2.40e-01,9.00e+00,
21743,2.48e-01,9.00e+00,
21744,2.40e-01,9.00e+00,
21745,2.48e-01,9.00e+00,
21746,2.48e-01,9.00e+00,
21747,2.48e-01,9.00e+00,
21748,2.40e-01,9.00e+00,
21749,2.48e-01,9.20e+00,
21750,2.48e-01,9.00e+00,
21751,2.48e-01,9.00e+00,
21752,2.48e-01,9.00e+00,
21753,2.48e-01,9.00e+00,
21754,2.48e-01,9.00e+00,
21755,2.48e-01,9.00e+00,
21756,2.48e-01,9.00e+00,
21757,2.48e-01,9.00e+00,
21758,2.48e-01,9.00e+00,
21759,2.56e-01,9.20e+00,
21760,2.48e-01,9.00e+00,
21761,2.48e-01,9.00e+00,
21762,2.56e-01,9.20e+00,
21763,2.48e-01,9.00e+00,
21764,2.48e-01,9.00e+00,
21765,2.56e-01,9.00e+00,
21766,2.48e-01,9.00e+00,
21767,2.56e-01,9.00e+00,
21768,2.48e-01,9.00e+00,
21769,2.56e-01,9.00e+00,
21770,2.56e-01,9.00e+00,
21771,2.56e-01,9.00e+00,
21772,2.56e-01,9.00e+00,
21773,2.56e-01,9.00e+00,
21774,2.56e-01,9.00e+00,
21775,2.56e-01,9.00e+00,
21776,2.56e-01,9.00e+00,
21777,2.56e-01,9.00e+00,
21778,2.56e-01,9.00e+00,
21779,2.56e-01,9.00e+00,
21780,2.56e-01,9.00e+00,
21781,2.56e-01,9.00e+00,
21782,2.56e-01,9.00e+00,
21783,2.56e-01,9.00e+00,
21784,2.56e-01,9.00e+00,
21785,2.56e-01,9.00e+00,
21786,2.64e-01,9.00e+00,
21787,2.64e-01,9.00e+00,
21788,2.56e-01,9.00e+00,
21789,2.64e-01,9.00e+00,
21790,2.56e-01,9.00e+00,
21791,2.64e-01,9.00e+00,
21792,2.64e-01,9.00e+00,
21793,2.64e-01,9.00e+00,
21794,2.64e-01,9.00e+00,
21795,2.64e-01,9.00e+00,
21796,2.64e-01,9.00e+00,
21797,2.64e-01,9.00e+00,
21798,2.64e-01,9.00e+00,
21799,2.64e-01,9.00e+00,
21800,2.64e-01,9.00e+00,
21801,2.64e-01,9.00e+00,
21802,2.64e-01,9.00e+00,
21803,2.64e-01,9.00e+00,
21804,2.64e-01,9.00e+00,
21805,2.64e-01,9.00e+00,
21806,2.64e-01,9.00e+00,
21807,2.72e-01,9.00e+00,
21808,2.64e-01,9.00e+00,
21809,2.72e-01,9.00e+00,
21810,2.64e-01,9.00e+00,
21811,2.72e-01,9.20e+00,
21812,2.64e-01,9.00e+00,
21813,2.64e-01,9.00e+00,
21814,2.72e-01,9.00e+00,
21815,2.72e-01,9.00e+00,
21816,2.72e-01,9.00e+00,
21817,2.72e-01,9.20e+00,
21818,2.72e-01,9.00e+00,
21819,2.72e-01,9.20e+00,
21820,2.72e-01,9.00e+00,
21821,2.72e-01,9.20e+00,
21822,2.72e-01,9.00e+00,
21823,2.72e-01,9.00e+00,
21824,2.72e-01,9.20e+00,
21825,2.72e-01,9.00e+00,
21826,2.72e-01,9.00e+00,
21827,2.72e-01,9.00e+00,
21828,2.72e-01,9.00e+00,
21829,2.72e-01,9.00e+00,
21830,2.72e-01,9.00e+00,
21831,2.80e-01,9.00e+00,
21832,2.72e-01,9.00e+00,
21833,2.72e-01,9.00e+00,
21834,2.80e-01,9.00e+00,
21835,2.80e-01,9.20e+00,
21836,2.72e-01,9.00e+00,
21837,2.72e-01,9.00e+00,
21838,2.72e-01,9.00e+00,
21839,2.80e-01,9.00e+00,
21840,2.72e-01,9.00e+00,
21841,2.80e-01,9.00e+00,
21842,2.80e-01,9.20e+00,
21843,2.80e-01,9.00e+00,
21844,2.80e-01,9.00e+00,
21845,2.80e-01,9.00e+00,
21846,2.80e-01,9.00e+00,
21847,2.80e-01,9.00e+00,
21848,2.80e-01,9.00e+00,
21849,2.80e-01,9.00e+00,
21850,2.80e-01,9.00e+00,
21851,2.80e-01,9.20e+00,
21852,2.80e-01,9.00e+00,
21853,2.80e-01,9.00e+00,
21854,2.80e-01,9.00e+00,
21855,2.88e-01,9.00e+00,
21856,2.80e-01,9.00e+00,
21857,2.88e-01,9.00e+00,
21858,2.80e-01,9.20e+00,
21859,2.88e-01,9.00e+00,
21860,2.80e-01,9.00e+00,
21861,2.80e-01,9.00e+00,
21862,2.88e-01,9.00e+00,
21863,2.88e-01,9.00e+00,
21864,2.88e-01,9.00e+00,
21865,2.88e-01,9.00e+00,
21866,2.88e-01,9.00e+00,
21867,2.88e-01,9.00e+00,
21868,2.88e-01,9.00e+00,
21869,2.88e-01,9.00e+00,
21870,2.88e-01,9.00e+00,
21871,2.88e-01,9.00e+00,
21872,2.88e-01,9.00e+00,
21873,2.88e-01,9.00e+00,
21874,2.88e-01,9.00e+00,
21875,2.88e-01,9.00e+00,
21876,2.88e-01,9.00e+00,
21877,2.88e-01,9.00e+00,
21878,2.88e-01,9.00e+00,
21879,2.96e-01,9.00e+00,
21880,2.88e-01,9.00e+00,
21881,2.88e-01,9.00e+00,
21882,2.88e-01,9.00e+00,
21883,2.96e-01,9.00e+00,
21884,2.88e-01,9.00e+00,
21885,2.88e-01,9.20e+00,
21886,2.88e-01,9.00e+00,
21887,2.96e-01,9.00e+00,
21888,2.88e-01,9.00e+00,
21889,2.96e-01,9.00e+00,
21890,2.96e-01,9.00e+00,
21891,2.96e-01,9.20e+00,
21892,2.96e-01,9.00e+00,
21893,2.88e-01,9.00e+00,
21894,2.96e-01,9.00e+00,
21895,2.96e-01,9.00e+00,
21896,2.96e-01,9.00e+00,
21897,2.96e-01,9.00e+00,
21898,2.96e-01,9.00e+00,
21899,2.96e-01,9.20e+00,
21900,2.96e-01,9.00e+00,
21901,2.96e-01,9.20e+00,
21902,2.96e-01,9.00e+00,
21903,2.96e-01,9.00e+00,
21904,2.96e-01,9.20e+00,
21905,2.96e-01,9.00e+00,
21906,2.96e-01,9.00e+00,
21907,3.04e-01,9.00e+00,
21908,2.96e-01,9.00e+00,
21909,2.96e-01,9.20e+00,
21910,2.96e-01,9.00e+00,
21911,3.04e-01,9.20e+00,
21912,2.96e-01,9.00e+00,
21913,2.96e-01,9.00e+00,
21914,2.96e-01,9.20e+00,
21915,3.04e-01,9.00e+00,
21916,2.96e-01,9.00e+00,
21917,2.96e-01,9.00e+00,
21918,3.04e-01,9.00e+00,
21919,3.04e-01,9.20e+00,
21920,2.96e-01,9.00e+00,
21921,3.04e-01,9.00e+00,
21922,3.04e-01,9.00e+00,
21923,3.04e-01,9.20e+00,
21924,3.04e-01,9.00e+00,
21925,3.04e-01,9.00e+00,
21926,3.04e-01,9.00e+00,
21927,3.04e-01,9.20e+00,
21928,3.04e-01,9.00e+00,
21929,3.04e-01,9.20e+00,
21930,3.04e-01,9.00e+00,
21931,3.04e-01,9.20e+00,
21932,3.04e-01,9.00e+00,
21933,3.04e-01,9.00e+00,
21934,3.04e-01,9.00e+00,
21935,3.04e-01,9.20e+00,
21936,3.04e-01,9.00e+00,
21937,3.04e-01,9.00e+00,
21938,3.04e-01,9.00e+00,
21939,3.04e-01,9.20e+00,
21940,3.04e-01,9.00e+00,
21941,3.04e-01,9.20e+00,
21942,3.04e-01,9.00e+00,
21943,3.12e-01,9.00e+00,
21944,3.04e-01,9.00e+00,
21945,3.04e-01,9.00e+00,
21946,3.12e-01,9.00e+00,
21947,3.12e-01,9.20e+00,
21948,3.04e-01,9.00e+00,
21949,3.12e-01,9.00e+00,
21950,3.04e-01,9.00e+00,
21951,3.12e-01,9.00e+00,
21952,3.12e-01,9.00e+00,
21953,3.04e-01,9.00e+00,
21954,3.12e-01,9.20e+00,
21955,3.12e-01,9.00e+00,
21956,3.12e-01,9.20e+00,
21957,3.12e-01,9.00e+00,
21958,3.12e-01,9.00e+00,
21959,3.12e-01,9.20e+00,
21960,3.12e-01,9.00e+00,
21961,3.04e-01,9.00e+00,
21962,3.12e-01,9.00e+00,
21963,3.12e-01,9.00e+00,
21964,3.12e-01,9.20e+00,
21965,3.12e-01,9.00e+00,
21966,3.12e-01,9.00e+00,
21967,3.12e-01,9.20e+00,
21968,3.12e-01,9.00e+00,
21969,3.12e-01,9.20e+00,
21970,3.12e-01,9.00e+00,
21971,3.12e-01,9.20e+00,
21972,3.12e-01,9.00e+00,
21973,3.12e-01,9.20e+00,
21974,3.12e-01,9.00e+00,
21975,3.20e-01,9.00e+00,
21976,3.12e-01,9.00e+00,
21977,3.12e-01,9.00e+00,
21978,3.12e-01,9.00e+00,
21979,3.20e-01,9.00e+00,
21980,3.12e-01,9.00e+00,
21981,3.12e-01,9.00e+00,
21982,3.12e-01,9.00e+00,
21983,3.20e-01,9.00e+00,
21984,3.12e-01,9.20e+00,
21985,3.20e-01,9.00e+00,
21986,3.20e-01,9.00e+00,
21987,3.20e-01,9.00e+00,
21988,3.12e-01,9.00e+00,
21989,3.12e-01,9.00e+00,
21990,3.20e-01,9.00e+00,
21991,3.20e-01,9.20e+00,
21992,3.12e-01,9.00e+00,
21993,3.20e-01,9.00e+00,
21994,3.20e-01,9.00e+00,
21995,3.20e-01,9.20e+00,
21996,3.20e-01,9.00e+00,
21997,3.20e-01,9.00e+00,
21998,3.20e-01,9.00e+00,
21999,3.20e-01,9.00e+00,
22000,3.12e-01,9.20e+00,
22001,3.20e-01,9.00e+00,
22002,3.20e-01,9.00e+00,
22003,3.20e-01,9.00e+00,
22004,3.20e-01,9.00e+00,
22005,3.20e-01,9.20e+00,
22006,3.20e-01,9.00e+00,
22007,3.20e-01,9.00e+00,
22008,3.20e-01,9.20e+00,
22009,3.20e-01,9.00e+00,
22010,3.20e-01,9.00e+00,
22011,3.20e-01,9.20e+00,
22012,3.20e-01,9.20e+00,
22013,3.20e-01,9.20e+00,
22014,3.20e-01,9.00e+00,
22015,3.28e-01,9.00e+00,
22016,3.20e-01,9.20e+00,
22017,3.20e-01,9.20e+00,
22018,3.20e-01,9.00e+00,
22019,3.28e-01,9.20e+00,
22020,3.20e-01,9.00e+00,
22021,3.20e-01,9.00e+00,
22022,3.20e-01,9.00e+00,
22023,3.28e-01,9.00e+00,
22024,3.20e-01,9.20e+00,
22025,3.20e-01,9.00e+00,
22026,3.28e-01,9.00e+00,
22027,3.28e-01,9.00e+00,
22028,3.20e-01,9.00e+00,
22029,3.28e-01,9.00e+00,
22030,3.20e-01,9.00e+00,
22031,3.28e-01,9.20e+00,
22032,3.20e-01,9.00e+00,
22033,3.28e-01,9.20e+00,
22034,3.28e-01,9.00e+00,
22035,3.28e-01,9.20e+00,
22036,3.20e-01,9.00e+00,
22037,3.28e-01,9.00e+00,
22038,3.28e-01,9.00e+00,
22039,3.28e-01,9.20e+00,
22040,3.20e-01,9.00e+00,
22041,3.28e-01,9.00e+00,
22042,3.28e-01,9.20e+00,
22043,3.28e-01,9.20e+00,
22044,3.28e-01,9.00e+00,
22045,3.28e-01,9.20e+00,
22046,3.28e-01,9.20e+00,
22047,3.28e-01,9.00e+00,
22048,3.28e-01,9.20e+00,
22049,3.28e-01,9.00e+00,
22050,3.28e-01,9.00e+00,
22051,3.28e-01,9.00e+00,
22052,3.28e-01,9.00e+00,
22053,3.28e-01,9.00e+00,
22054,3.28e-01,9.00e+00,
22055,3.36e-01,9.20e+00,
22056,3.28e-01,9.20e+00,
22057,3.28e-01,9.00e+00,
22058,3.28e-01,9.00e+00,
22059,3.36e-01,9.00e+00,
22060,3.28e-01,9.00e+00,
22061,3.28e-01,9.00e+00,
22062,3.28e-01,9.00e+00,
22063,3.36e-01,9.00e+00,
22064,3.28e-01,9.20e+00,
22065,3.28e-01,9.20e+00,
22066,3.36e-01,9.00e+00,
22067,3.36e-01,9.00e+00,
22068,3.28e-01,9.00e+00,
22069,3.28e-01,9.20e+00,
22070,3.28e-01,9.00e+00,
22071,3.36e-01,9.20e+00,
22072,3.28e-01,9.00e+00,
22073,3.36e-01,9.20e+00,
22074,3.36e-01,9.00e+00,
22075,3.36e-01,9.20e+00,
22076,3.28e-01,9.20e+00,
22077,3.36e-01,9.20e+00,
22078,3.28e-01,9.00e+00,
22079,3.36e-01,9.20e+00,
22080,3.28e-01,9.00e+00,
22081,3.36e-01,9.20e+00,
22082,3.36e-01,9.00e+00,
22083,3.36e-01,9.20e+00,
22084,3.36e-01,9.00e+00,
22085,3.36e-01,9.20e+00,
22086,3.36e-01,9.00e+00,
22087,3.36e-01,9.20e+00,
22088,3.36e-01,9.20e+00,
22089,3.36e-01,9.20e+00,
22090,3.36e-01,9.00e+00,
22091,3.36e-01,9.20e+00,
22092,3.36e-01,9.00e+00,
22093,3.36e-01,9.00e+00,
22094,3.36e-01,9.00e+00,
22095,3.36e-01,9.00e+00,
22096,3.36e-01,9.20e+00,
22097,3.36e-01,9.00e+00,
22098,3.36e-01,9.00e+00,
22099,3.36e-01,9.20e+00,
22100,3.36e-01,9.00e+00,
22101,3.36e-01,9.20e+00,
22102,3.36e-01,9.00e+00,
22103,3.44e-01,9.20e+00,
22104,3.36e-01,9.20e+00,
22105,3.36e-01,9.00e+00,
22106,3.36e-01,9.20e+00,
22107,3.44e-01,9.20e+00,
22108,3.36e-01,9.00e+00,
22109,3.36e-01,9.20e+00,
22110,3.36e-01,9.00e+00,
22111,3.36e-01,9.20e+00,
22112,3.36e-01,9.00e+00,
22113,3.36e-01,9.20e+00,
22114,3.36e-01,9.00e+00,
22115,3.44e-01,9.20e+00,
22116,3.36e-01,9.00e+00,
22117,3.36e-01,9.00e+00,
22118,3.36e-01,9.20e+00,
22119,3.44e-01,9.20e+00,
22120,3.36e-01,9.00e+00,
22121,3.44e-01,9.20e+00,
22122,3.36e-01,9.20e+00,
22123,3.44e-01,9.20e+00,
22124,3.36e-01,9.00e+00,
22125,3.44e-01,9.20e+00,
22126,3.44e-01,9.00e+00,
22127,3.44e-01,9.00e+00,
22128,3.44e-01,9.00e+00,
22129,3.44e-01,9.20e+00,
22130,3.44e-01,9.00e+00,
22131,3.44e-01,9.00e+00,
22132,3.44e-01,9.20e+00,
22133,3.44e-01,9.00e+00,
22134,3.44e-01,9.00e+00,
22135,3.44e-01,9.20e+00,
22136,3.44e-01,9.20e+00,
22137,3.44e-01,9.00e+00,
22138,3.44e-01,9.00e+00,
22139,3.44e-01,9.20e+00,
22140,3.44e-01,9.00e+00,
22141,3.44e-01,9.20e+00,
22142,3.44e-01,9.00e+00,
22143,3.44e-01,9.20e+00,
22144,3.44e-01,9.20e+00,
22145,3.44e-01,9.00e+00,
22146,3.44e-01,9.00e+00,
22147,3.44e-01,9.20e+00,
22148,3.44e-01,9.20e+00,
22149,3.44e-01,9.00e+00,
22150,3.44e-01,9.20e+00,
22151,3.52e-01,9.00e+00,
22152,3.44e-01,9.20e+00,
22153,3.44e-01,9.00e+00,
22154,3.44e-01,9.00e+00,
22155,3.52e-01,9.20e+00,
22156,3.44e-01,9.20e+00,
22157,3.44e-01,9.20e+00,
22158,3.44e-01,9.00e+00,
22159,3.52e-01,9.00e+00,
22160,3.44e-01,9.20e+00,
22161,3.44e-01,9.00e+00,
22162,3.52e-01,9.20e+00,
22163,3.52e-01,9.00e+00,
22164,3.44e-01,9.00e+00,
22165,3.52e-01,9.20e+00,
22166,3.44e-01,9.00e+00,
22167,3.52e-01,9.00e+00,
22168,3.44e-01,9.20e+00,
22169,3.52e-01,9.20e+00,
22170,3.52e-01,9.00e+00,
22171,3.52e-01,9.20e+00,
22172,3.44e-01,9.00e+00,
22173,3.52e-01,9.20e+00,
22174,3.52e-01,9.00e+00,
22175,3.52e-01,9.20e+00,
22176,3.52e-01,9.00e+00,
22177,3.52e-01,9.20e+00,
22178,3.52e-01,9.00e+00,
22179,3.52e-01,9.00e+00,
22180,3.44e-01,9.20e+00,
22181,3.52e-01,9.00e+00,
22182,3.52e-01,9.00e+00,
22183,3.52e-01,9.20e+00,
22184,3.52e-01,9.20e+00,
22185,3.52e-01,9.00e+00,
22186,3.52e-01,9.20e+00,
22187,3.52e-01,9.20e+00,
22188,3.52e-01,9.00e+00,
22189,3.52e-01,9.20e+00,
22190,3.52e-01,9.20e+00,
22191,3.52e-01,9.20e+00,
22192,3.52e-01,9.20e+00,
22193,3.52e-01,9.20e+00,
22194,3.52e-01,9.20e+00,
22195,3.60e-01,9.20e+00,
22196,3.52e-01,9.00e+00,
22197,3.52e-01,9.20e+00,
22198,3.52e-01,9.00e+00,
22199,3.60e-01,9.20e+00,
22200,3.52e-01,9.00e+00,
22201,3.52e-01,9.20e+00,
22202,3.52e-01,9.00e+00,
22203,3.60e-01,9.20e+00,
22204,3.52e-01,9.00e+00,
22205,3.52e-01,9.20e+00,
22206,3.52e-01,9.20e+00,
22207,3.60e-01,9.20e+00,
22208,3.52e-01,9.20e+00,
22209,3.60e-01,9.20e+00,
22210,3.52e-01,9.20e+00,
22211,3.60e-01,9.20e+00,
22212,3.52e-01,9.20e+00,
22213,3.52e-01,9.20e+00,
22214,3.52e-01,9.20e+00,
22215,3.60e-01,9.20e+00,
22216,3.52e-01,9.00e+00,
22217,3.60e-01,9.20e+00,
22218,3.60e-01,9.20e+00,
22219,3.60e-01,9.20e+00,
22220,3.52e-01,9.00e+00,
22221,3.60e-01,9.20e+00,
22222,3.60e-01,9.00e+00,
22223,3.60e-01,9.00e+00,
22224,3.60e-01,9.20e+00,
22225,3.60e-01,9.20e+00,
22226,3.60e-01,9.20e+00,
22227,3.60e-01,9.20e+00,
22228,3.52e-01,9.00e+00,
22229,3.60e-01,9.20e+00,
22230,3.60e-01,9.00e+00,
22231,3.60e-01,9.20e+00,
22232,3.60e-01,9.00e+00,
22233,3.60e-01,9.20e+00,
22234,3.60e-01,9.20e+00,
22235,3.60e-01,9.20e+00,
22236,3.60e-01,9.00e+00,
22237,3.60e-01,9.20e+00,
22238,3.60e-01,9.00e+00,
22239,3.60e-01,9.20e+00,
22240,3.60e-01,9.20e+00,
22241,3.60e-01,9.20e+00,
22242,3.60e-01,9.00e+00,
22243,3.60e-01,9.20e+00,
22244,3.60e-01,9.00e+00,
22245,3.60e-01,9.20e+00,
22246,3.60e-01,9.20e+00,
22247,3.60e-01,9.00e+00,
22248,3.60e-01,9.20e+00,
22249,3.60e-01,9.20e+00,
22250,3.60e-01,9.00e+00,
22251,3.68e-01,9.20e+00,
22252,3.60e-01,9.20e+00,
22253,3.60e-01,9.20e+00,
22254,3.60e-01,9.00e+00,
22255,3.68e-01,9.20e+00,
22256,3.60e-01,9.20e+00,
22257,3.68e-01,9.20e+00,
22258,3.60e-01,9.20e+00,
22259,3.68e-01,9.20e+00,
22260,3.60e-01,9.00e+00,
22261,3.60e-01,9.20e+00,
22262,3.60e-01,9.20e+00,
22263,3.68e-01,9.20e+00,
22264,3.60e-01,9.00e+00,
22265,3.68e-01,9.20e+00,
22266,3.68e-01,9.20e+00,
22267,3.68e-01,9.20e+00,
22268,3.60e-01,9.00e+00,
22269,3.68e-01,9.20e+00,
22270,3.68e-01,9.00e+00,
22271,3.68e-01,9.20e+00,
22272,3.68e-01,9.20e+00,
22273,3.68e-01,9.20e+00,
22274,3.68e-01,9.00e+00,
22275,3.68e-01,9.20e+00,
22276,3.68e-01,9.00e+00,
22277,3.68e-01,9.00e+00,
22278,3.68e-01,9.00e+00,
22279,3.68e-01,9.20e+00,
22280,3.68e-01,9.20e+00,
22281,3.68e-01,9.20e+00,
22282,3.68e-01,9.00e+00,
22283,3.68e-01,9.20e+00,
22284,3.68e-01,9.00e+00,
22285,3.68e-01,9.20e+00,
22286,3.68e-01,9.00e+00,
22287,3.68e-01,9.20e+00,
22288,3.68e-01,9.00e+00,
22289,3.68e-01,9.20e+00,
22290,3.68e-01,9.00e+00,
22291,3.76e-01,9.20e+00,
22292,3.68e-01,9.20e+00,
22293,3.68e-01,9.20e+00,
22294,3.68e-01,9.20e+00,
22295,3.76e-01,9.20e+00,
22296,3.68e-01,9.20e+00,
22297,3.68e-01,9.20e+00,
22298,3.68e-01,9.00e+00,
22299,3.76e-01,9.20e+00,
22300,3.68e-01,9.20e+00,
22301,3.68e-01,9.20e+00,
22302,3.68e-01,9.00e+00,
22303,3.76e-01,9.20e+00,
22304,3.68e-01,9.20e+00,
22305,3.68e-01,9.20e+00,
22306,3.76e-01,9.00e+00,
22307,3.76e-01,9.20e+00,
22308,3.68e-01,9.20e+00,
22309,3.76e-01,9.20e+00,
22310,3.68e-01,9.20e+00,
22311,3.76e-01,9.20e+00,
22312,3.68e-01,9.00e+00,
22313,3.76e-01,9.20e+00,
22314,3.76e-01,9.00e+00,
22315,3.76e-01,9.20e+00,
22316,3.68e-01,9.20e+00,
22317,3.76e-01,9.20e+00,
22318,3.68e-01,9.20e+00,
22319,3.76e-01,9.20e+00,
22320,3.68e-01,9.20e+00,
22321,3.76e-01,9.20e+00,
22322,3.76e-01,9.00e+00,
22323,3.76e-01,9.20e+00,
22324,3.76e-01,9.20e+00,
22325,3.76e-01,9.20e+00,
22326,3.76e-01,9.00e+00,
22327,3.76e-01,9.20e+00,
22328,3.76e-01,9.20e+00,
22329,3.76e-01,9.20e+00,
22330,3.76e-01,9.20e+00,
22331,3.76e-01,9.20e+00,
22332,3.76e-01,9.00e+00,
22333,3.76e-01,9.20e+00,
22334,3.76e-01,9.00e+00,
22335,3.76e-01,9.20e+00,
22336,3.76e-01,9.00e+00,
22337,3.76e-01,9.20e+00,
22338,3.76e-01,9.20e+00,
22339,3.84e-01,9.20e+00,
22340,3.76e-01,9.00e+00,
22341,3.76e-01,9.20e+00,
22342,3.76e-01,9.20e+00,
22343,3.76e-01,9.20e+00,
22344,3.76e-01,9.20e+00,
22345,3.76e-01,9.20e+00,
22346,3.76e-01,9.00e+00,
22347,3.84e-01,9.20e+00,
22348,3.76e-01,9.00e+00,
22349,3.76e-01,9.20e+00,
22350,3.76e-01,9.00e+00,
22351,3.84e-01,9.20e+00,
22352,3.76e-01,9.20e+00,
22353,3.76e-01,9.20e+00,
22354,3.76e-01,9.00e+00,
22355,3.84e-01,9.20e+00,
22356,3.76e-01,9.00e+00,
22357,3.84e-01,9.20e+00,
22358,3.76e-01,9.00e+00,
22359,3.84e-01,9.20e+00,
22360,3.84e-01,9.20e+00,
22361,3.76e-01,9.20e+00,
22362,3.84e-01,9.20e+00,
22363,3.84e-01,9.20e+00,
22364,3.76e-01,9.20e+00,
22365,3.84e-01,9.20e+00,
22366,3.76e-01,9.00e+00,
22367,3.84e-01,9.20e+00,
22368,3.76e-01,9.20e+00,
22369,3.84e-01,9.20e+00,
22370,3.84e-01,9.20e+00,
22371,3.84e-01,9.20e+00,
22372,3.84e-01,9.00e+00,
22373,3.84e-01,9.20e+00,
22374,3.84e-01,9.20e+00,
22375,3.84e-01,9.20e+00,
22376,3.84e-01,9.00e+00,
22377,3.84e-01,9.20e+00,
22378,3.84e-01,9.20e+00,
22379,3.84e-01,9.20e+00,
22380,3.84e-01,9.00e+00,
22381,3.84e-01,9.20e+00,
22382,3.84e-01,9.20e+00,
22383,3.84e-01,9.20e+00,
22384,3.84e-01,9.20e+00,
22385,3.84e-01,9.20e+00,
22386,3.84e-01,9.20e+00,
22387,3.92e-01,9.20e+00,
22388,3.84e-01,9.20e+00,
22389,3.84e-01,9.20e+00,
22390,3.84e-01,9.20e+00,
22391,3.92e-01,9.20e+00,
22392,3.84e-01,9.20e+00,
22393,3.84e-01,9.00e+00,
22394,3.84e-01,9.00e+00,
22395,3.92e-01,9.20e+00,
22396,3.84e-01,9.20e+00,
22397,3.84e-01,9.20e+00,
22398,3.84e-01,9.20e+00,
22399,3.92e-01,9.20e+00,
22400,3.84e-01,9.20e+00,
22401,3.84e-01,9.20e+00,
22402,3.84e-01,9.00e+00,
22403,3.92e-01,9.20e+00,
22404,3.84e-01,9.20e+00,
22405,3.84e-01,9.20e+00,
22406,3.84e-01,9.20e+00,
22407,3.92e-01,9.20e+00,
22408,3.84e-01,9.20e+00,
22409,3.92e-01,9.20e+00,
22410,3.84e-01,9.20e+00,
22411,3.92e-01,9.20e+00,
22412,3.84e-01,9.00e+00,
22413,3.84e-01,9.20e+00,
22414,3.92e-01,9.00e+00,
22415,3.92e-01,9.20e+00,
22416,3.84e-01,9.20e+00,
22417,3.92e-01,9.20e+00,
22418,3.92e-01,9.20e+00,
22419,3.92e-01,9.20e+00,
22420,3.84e-01,9.00e+00,
22421,3.92e-01,9.20e+00,
22422,3.84e-01,9.20e+00,
22423,3.92e-01,9.20e+00,
22424,3.84e-01,9.20e+00,
22425,3.92e-01,9.20e+00,
22426,3.92e-01,9.00e+00,
22427,3.92e-01,9.20e+00,
22428,3.84e-01,9.00e+00,
22429,3.92e-01,9.20e+00,
22430,3.92e-01,9.20e+00,
22431,3.92e-01,9.20e+00,
22432,3.92e-01,9.20e+00,
22433,3.92e-01,9.20e+00,
22434,3.92e-01,9.20e+00,
22435,3.92e-01,9.20e+00,
22436,3.92e-01,9.20e+00,
22437,3.92e-01,9.20e+00,
22438,3.92e-01,9.20e+00,
22439,3.92e-01,9.20e+00,
22440,3.92e-01,9.20e+00,
22441,3.92e-01,9.20e+00,
22442,3.92e-01,9.20e+00,
22443,4.00e-01,9.20e+00,
22444,3.92e-01,9.00e+00,
22445,3.92e-01,9.20e+00,
22446,3.92e-01,9.00e+00,
22447,4.00e-01,9.20e+00,
22448,3.92e-01,9.20e+00,
22449,3.92e-01,9.20e+00,
22450,3.92e-01,9.20e+00,
22451,4.00e-01,9.20e+00,
22452,3.92e-01,9.20e+00,
22453,3.92e-01,9.20e+00,
22454,3.92e-01,9.00e+00,
22455,4.00e-01,9.20e+00,
22456,3.92e-01,9.20e+00,
22457,3.92e-01,9.20e+00,
22458,3.92e-01,9.20e+00,
22459,4.00e-01,9.20e+00,
22460,3.92e-01,9.20e+00,
22461,3.92e-01,9.20e+00,
22462,3.92e-01,9.20e+00,
22463,4.00e-01,9.20e+00,
22464,3.92e-01,9.00e+00,
22465,3.92e-01,9.20e+00,
22466,4.00e-01,9.00e+00,
22467,4.00e-01,9.20e+00,
22468,3.92e-01,9.20e+00,
22469,3.92e-01,9.20e+00,
22470,3.92e-01,9.20e+00,
22471,4.00e-01,9.20e+00,
22472,3.92e-01,9.20e+00,
22473,4.00e-01,9.20e+00,
22474,4.00e-01,9.20e+00,
22475,4.00e-01,9.20e+00,
22476,3.92e-01,9.00e+00,
22477,4.00e-01,9.20e+00,
22478,3.92e-01,9.20e+00,
22479,4.00e-01,9.20e+00,
22480,3.92e-01,9.20e+00,
22481,4.00e-01,9.20e+00,
22482,4.00e-01,9.00e+00,
22483,4.00e-01,9.20e+00,
22484,3.92e-01,9.00e+00,
22485,3.92e-01,9.20e+00,
22486,4.00e-01,9.20e+00,
22487,4.00e-01,9.20e+00,
22488,3.92e-01,9.20e+00,
22489,4.00e-01,9.20e+00,
22490,3.92e-01,9.00e+00,
22491,4.00e-01,9.20e+00,
22492,3.92e-01,9.20e+00,
22493,4.00e-01,9.00e+00,
22494,4.00e-01,9.20e+00,
22495,4.00e-01,9.20e+00,
22496,3.92e-01,9.20e+00,
22497,4.00e-01,9.20e+00,
22498,4.00e-01,9.20e+00,
22499,4.00e-01,9.20e+00,
22500,3.92e-01,9.00e+00,
22501,4.00e-01,9.20e+00,
22502,4.00e-01,9.20e+00,
22503,4.00e-01,9.20e+00,
22504,3.92e-01,9.20e+00,
22505,4.00e-01,9.20e+00,
22506,4.00e-01,9.20e+00,
22507,4.00e-01,9.20e+00,
22508,4.00e-01,9.00e+00,
22509,4.00e-01,9.20e+00,
22510,4.00e-01,9.20e+00,
22511,4.00e-01,9.20e+00,
22512,4.00e-01,9.20e+00,
22513,4.00e-01,9.20e+00,
22514,4.00e-01,9.20e+00,
22515,4.00e-01,9.20e+00,
22516,4.00e-01,9.20e+00,
22517,4.00e-01,9.20e+00,
22518,4.00e-01,9.00e+00,
22519,4.00e-01,9.20e+00,
22520,3.92e-01,9.20e+00,
22521,4.00e-01,9.20e+00,
22522,4.00e-01,9.20e+00,
22523,4.00e-01,9.20e+00,
22524,4.00e-01,9.20e+00,
22525,4.00e-01,9.20e+00,
22526,4.00e-01,9.20e+00,
22527,4.08e-01,9.20e+00,
22528,4.00e-01,9.20e+00,
22529,4.00e-01,9.20e+00,
22530,4.00e-01,9.20e+00,
22531,4.08e-01,9.20e+00,
22532,4.00e-01,9.00e+00,
22533,4.00e-01,9.20e+00,
22534,4.00e-01,9.20e+00,
22535,4.00e-01,9.20e+00,
22536,4.00e-01,9.20e+00,
22537,4.00e-01,9.20e+00,
22538,4.00e-01,9.20e+00,
22539,4.08e-01,9.20e+00,
22540,3.92e-01,9.00e+00,
22541,4.00e-01,9.20e+00,
22542,4.00e-01,9.20e+00,
22543,4.00e-01,9.20e+00,
22544,4.00e-01,9.20e+00,
22545,4.00e-01,9.20e+00,
22546,4.00e-01,9.20e+00,
22547,4.08e-01,9.20e+00,
22548,4.00e-01,9.20e+00,
22549,4.00e-01,9.20e+00,
22550,4.00e-01,9.00e+00,
22551,4.08e-01,9.20e+00,
22552,4.00e-01,9.20e+00,
22553,4.00e-01,9.20e+00,
22554,4.00e-01,9.20e+00,
22555,4.08e-01,9.20e+00,
22556,4.00e-01,9.20e+00,
22557,4.00e-01,9.20e+00,
22558,4.00e-01,9.20e+00,
22559,4.08e-01,9.40e+00,
22560,4.00e-01,9.20e+00,
22561,4.00e-01,9.20e+00,
22562,4.08e-01,9.20e+00,
22563,4.00e-01,9.20e+00,
22564,4.00e-01,9.20e+00,
22565,4.00e-01,9.20e+00,
22566,4.00e-01,9.00e+00,
22567,4.08e-01,9.20e+00,
22568,4.00e-01,9.20e+00,
22569,4.00e-01,9.20e+00,
22570,4.00e-01,9.20e+00,
22571,4.08e-01,9.20e+00,
22572,4.00e-01,9.20e+00,
22573,4.00e-01,9.20e+00,
22574,4.00e-01,9.00e+00,
22575,4.08e-01,9.20e+00,
22576,4.00e-01,9.20e+00,
22577,4.00e-01,9.20e+00,
22578,4.00e-01,9.20e+00,
22579,4.08e-01,9.20e+00,
22580,4.00e-01,9.20e+00,
22581,4.00e-01,9.20e+00,
22582,4.00e-01,9.20e+00,
22583,4.08e-01,9.20e+00,
22584,4.00e-01,9.20e+00,
22585,4.00e-01,9.20e+00,
22586,4.00e-01,9.20e+00,
22587,4.08e-01,9.20e+00,
22588,4.00e-01,9.20e+00,
22589,4.00e-01,9.20e+00,
22590,4.00e-01,9.00e+00,
22591,4.08e-01,9.20e+00,
22592,4.00e-01,9.20e+00,
22593,4.00e-01,9.20e+00,
22594,4.00e-01,9.20e+00,
22595,4.08e-01,9.20e+00,
22596,4.00e-01,9.00e+00,
22597,4.00e-01,9.20e+00,
22598,4.00e-01,9.20e+00,
22599,4.08e-01,9.20e+00,
22600,4.00e-01,9.20e+00,
22601,4.00e-01,9.20e+00,
22602,4.00e-01,9.20e+00,
22603,4.08e-01,9.20e+00,
22604,4.00e-01,9.20e+00,
22605,4.00e-01,9.20e+00,
22606,4.00e-01,9.20e+00,
22607,4.08e-01,9.20e+00,
22608,4.00e-01,9.20e+00,
22609,4.00e-01,9.20e+00,
22610,4.00e-01,9.00e+00,
22611,4.08e-01,9.20e+00,
22612,4.00e-01,9.20e+00,
22613,4.00e-01,9.20e+00,
22614,4.00e-01,9.20e+00,
22615,4.08e-01,9.20e+00,
22616,4.00e-01,9.20e+00,
22617,4.00e-01,9.20e+00,
22618,4.00e-01,9.20e+00,
22619,4.08e-01,9.20e+00,
22620,4.00e-01,9.20e+00,
22621,4.00e-01,9.20e+00,
22622,4.00e-01,9.20e+00,
22623,4.08e-01,9.20e+00,
22624,4.00e-01,9.20e+00,
22625,4.00e-01,9.20e+00,
22626,4.00e-01,9.20e+00,
22627,4.08e-01,9.20e+00,
22628,4.00e-01,9.20e+00,
22629,4.00e-01,9.20e+00,
22630,4.00e-01,9.20e+00,
22631,4.08e-01,9.20e+00,
22632,4.00e-01,9.20e+00,
22633,4.00e-01,9.20e+00,
22634,4.00e-01,9.20e+00,
22635,4.08e-01,9.20e+00,
22636,4.00e-01,9.20e+00,
22637,4.00e-01,9.20e+00,
22638,4.00e-01,9.20e+00,
22639,4.08e-01,9.20e+00,
22640,4.00e-01,9.20e+00,
22641,4.00e-01,9.20e+00,
22642,4.00e-01,9.00e+00,
22643,4.08e-01,9.20e+00,
22644,4.00e-01,9.20e+00,
22645,4.00e-01,9.20e+00,
22646,4.00e-01,9.20e+00,
22647,4.08e-01,9.20e+00,
22648,4.00e-01,9.20e+00,
22649,4.00e-01,9.20e+00,
22650,4.00e-01,9.20e+00,
22651,4.08e-01,9.20e+00,
22652,4.00e-01,9.20e+00,
22653,4.00e-01,9.20e+00,
22654,4.00e-01,9.20e+00,
22655,4.08e-01,9.20e+00,
22656,4.00e-01,9.20e+00,
22657,4.00e-01,9.20e+00,
22658,4.00e-01,9.20e+00,
22659,4.08e-01,9.20e+00,
22660,4.00e-01,9.00e+00,
22661,4.00e-01,9.20e+00,
22662,4.00e-01,9.00e+00,
22663,4.08e-01,9.20e+00,
22664,4.00e-01,9.20e+00,
22665,4.00e-01,9.20e+00,
22666,4.00e-01,9.00e+00,
22667,4.08e-01,9.20e+00,
22668,4.00e-01,9.20e+00,
22669,4.00e-01,9.20e+00,
22670,4.00e-01,9.20e+00,
22671,4.08e-01,9.20e+00,
22672,4.00e-01,9.20e+00,
22673,4.00e-01,9.20e+00,
22674,4.00e-01,9.20e+00,
22675,4.08e-01,9.20e+00,
22676,4.00e-01,9.20e+00,
22677,4.00e-01,9.20e+00,
22678,4.00e-01,9.20e+00,
22679,4.08e-01,9.20e+00,
22680,4.00e-01,9.20e+00,
22681,4.00e-01,9.20e+00,
22682,4.00e-01,9.20e+00,
22683,4.08e-01,9.20e+00,
22684,4.00e-01,9.20e+00,
22685,4.00e-01,9.20e+00,
22686,4.00e-01,9.00e+00,
22687,4.08e-01,9.20e+00,
22688,4.00e-01,9.20e+00,
22689,4.00e-01,9.20e+00,
22690,4.00e-01,9.00e+00,
22691,4.08e-01,9.20e+00,
22692,4.00e-01,9.20e+00,
22693,4.00e-01,9.20e+00,
22694,4.00e-01,9.20e+00,
22695,4.00e-01,9.20e+00,
22696,4.00e-01,9.20e+00,
22697,4.00e-01,9.20e+00,
22698,4.00e-01,9.20e+00,
22699,4.08e-01,9.20e+00,
22700,4.00e-01,9.00e+00,
22701,4.00e-01,9.20e+00,
22702,4.00e-01,9.00e+00,
22703,4.08e-01,9.20e+00,
22704,4.00e-01,9.20e+00,
22705,4.00e-01,9.20e+00,
22706,4.00e-01,9.20e+00,
22707,4.08e-01,9.20e+00,
22708,4.00e-01,9.20e+00,
22709,4.00e-01,9.20e+00,
22710,4.00e-01,9.00e+00,
22711,4.00e-01,9.20e+00,
22712,4.00e-01,9.20e+00,
22713,4.00e-01,9.20e+00,
22714,4.00e-01,9.20e+00,
22715,4.00e-01,9.20e+00,
22716,4.00e-01,9.20e+00,
22717,4.00e-01,9.20e+00,
22718,4.00e-01,9.00e+00,
22719,4.08e-01,9.20e+00,
22720,4.00e-01,9.20e+00,
22721,4.00e-01,9.20e+00,
22722,4.00e-01,9.20e+00,
22723,4.00e-01,9.00e+00,
22724,4.00e-01,9.00e+00,
22725,4.00e-01,9.20e+00,
22726,4.00e-01,9.20e+00,
22727,4.00e-01,9.20e+00,
22728,4.00e-01,9.20e+00,
22729,4.00e-01,9.20e+00,
22730,4.00e-01,9.00e+00,
22731,4.00e-01,9.20e+00,
22732,4.00e-01,9.00e+00,
22733,4.00e-01,9.20e+00,
22734,4.00e-01,9.20e+00,
22735,4.00e-01,9.20e+00,
22736,4.00e-01,9.20e+00,
22737,4.00e-01,9.20e+00,
22738,4.00e-01,9.00e+00,
22739,4.08e-01,9.20e+00,
22740,3.92e-01,9.20e+00,
22741,4.00e-01,9.20e+00,
22742,4.00e-01,9.20e+00,
22743,4.00e-01,9.20e+00,
22744,4.00e-01,9.20e+00,
22745,4.00e-01,9.20e+00,
22746,4.00e-01,9.20e+00,
22747,4.00e-01,9.20e+00,
22748,3.92e-01,9.00e+00,
22749,4.00e-01,9.20e+00,
22750,4.00e-01,9.00e+00,
22751,4.00e-01,9.20e+00,
22752,4.00e-01,9.20e+00,
22753,4.00e-01,9.20e+00,
22754,4.00e-01,9.20e+00,
22755,4.00e-01,9.20e+00,
22756,4.00e-01,9.20e+00,
22757,4.00e-01,9.00e+00,
22758,4.00e-01,9.20e+00,
22759,4.00e-01,9.20e+00,
22760,4.00e-01,9.20e+00,
22761,3.92e-01,9.20e+00,
22762,4.08e-01,9.20e+00,
22763,4.00e-01,9.20e+00,
22764,4.00e-01,9.00e+00,
22765,4.00e-01,9.20e+00,
22766,3.92e-01,9.20e+00,
22767,4.00e-01,9.20e+00,
22768,3.92e-01,9.20e+00,
22769,4.00e-01,9.20e+00,
22770,4.00e-01,9.00e+00,
22771,4.00e-01,9.20e+00,
22772,4.00e-01,9.20e+00,
22773,4.00e-01,9.20e+00,
22774,4.00e-01,9.20e+00,
22775,4.00e-01,9.20e+00,
22776,3.92e-01,9.20e+00,
22777,4.00e-01,9.20e+00,
22778,4.00e-01,9.20e+00,
22779,4.00e-01,9.20e+00,
22780,4.00e-01,9.00e+00,
22781,4.00e-01,9.20e+00,
22782,4.00e-01,9.00e+00,
22783,4.00e-01,9.20e+00,
22784,4.00e-01,9.20e+00,
22785,4.00e-01,9.20e+00,
22786,4.00e-01,9.20e+00,
22787,4.00e-01,9.20e+00,
22788,3.92e-01,9.20e+00,
22789,4.00e-01,9.20e+00,
22790,4.00e-01,9.20e+00,
22791,4.00e-01,9.20e+00,
22792,3.92e-01,9.20e+00,
22793,4.00e-01,9.20e+00,
22794,4.00e-01,9.20e+00,
22795,4.00e-01,9.20e+00,
22796,3.92e-01,9.20e+00,
22797,4.00e-01,9.20e+00,
22798,3.92e-01,9.00e+00,
22799,4.00e-01,9.20e+00,
22800,3.92e-01,9.00e+00,
22801,4.00e-01,9.20e+00,
22802,4.00e-01,9.00e+00,
22803,4.00e-01,9.20e+00,
22804,3.92e-01,9.00e+00,
22805,4.00e-01,9.20e+00,
22806,4.00e-01,9.20e+00,
22807,4.00e-01,9.20e+00,
22808,3.92e-01,9.20e+00,
22809,4.00e-01,9.20e+00,
22810,4.00e-01,9.00e+00,
22811,4.00e-01,9.20e+00,
22812,3.92e-01,9.20e+00,
22813,4.00e-01,9.20e+00,
22814,3.92e-01,9.00e+00,
22815,4.00e-01,9.20e+00,
22816,3.92e-01,9.20e+00,
22817,4.00e-01,9.20e+00,
22818,4.00e-01,9.00e+00,
22819,4.00e-01,9.20e+00,
22820,3.92e-01,9.20e+00,
22821,4.00e-01,9.20e+00,
22822,3.92e-01,9.00e+00,
22823,4.00e-01,9.20e+00,
22824,3.92e-01,9.20e+00,
22825,4.00e-01,9.20e+00,
22826,4.00e-01,9.20e+00,
22827,4.00e-01,9.20e+00,
22828,3.92e-01,9.00e+00,
22829,4.00e-01,9.20e+00,
22830,3.92e-01,9.20e+00,
22831,4.00e-01,9.20e+00,
22832,3.92e-01,9.20e+00,
22833,4.00e-01,9.20e+00,
22834,4.00e-01,9.20e+00,
22835,4.00e-01,9.20e+00,
22836,3.92e-01,9.20e+00,
22837,3.92e-01,9.20e+00,
22838,3.92e-01,9.20e+00,
22839,4.00e-01,9.20e+00,
22840,3.92e-01,9.20e+00,
22841,4.00e-01,9.20e+00,
22842,4.00e-01,9.20e+00,
22843,4.00e-01,9.20e+00,
22844,3.92e-01,9.20e+00,
22845,3.92e-01,9.20e+00,
22846,3.92e-01,9.20e+00,
22847,4.00e-01,9.20e+00,
22848,3.92e-01,9.20e+00,
22849,4.00e-01,9.20e+00,
22850,3.92e-01,9.00e+00,
22851,4.00e-01,9.20e+00,
22852,3.92e-01,9.20e+00,
22853,3.92e-01,9.20e+00,
22854,3.92e-01,9.00e+00,
22855,4.00e-01,9.20e+00,
22856,3.92e-01,9.20e+00,
22857,4.00e-01,9.20e+00,
22858,4.00e-01,9.00e+00,
22859,4.00e-01,9.20e+00,
22860,3.92e-01,9.20e+00,
22861,3.92e-01,9.20e+00,
22862,3.92e-01,9.20e+00,
22863,4.00e-01,9.20e+00,
22864,3.92e-01,9.20e+00,
22865,3.92e-01,9.20e+00,
22866,4.00e-01,9.20e+00,
22867,4.00e-01,9.20e+00,
22868,3.92e-01,9.00e+00,
22869,3.92e-01,9.20e+00,
22870,3.92e-01,9.20e+00,
22871,4.00e-01,9.20e+00,
22872,3.92e-01,9.20e+00,
22873,3.92e-01,9.20e+00,
22874,3.92e-01,9.00e+00,
22875,4.00e-01,9.20e+00,
22876,3.92e-01,9.20e+00,
22877,3.92e-01,9.20e+00,
22878,3.92e-01,9.20e+00,
22879,4.00e-01,9.20e+00,
22880,3.92e-01,9.20e+00,
22881,4.00e-01,9.20e+00,
22882,3.92e-01,9.00e+00,
22883,4.00e-01,9.20e+00,
22884,3.92e-01,9.20e+00,
22885,3.92e-01,9.20e+00,
22886,3.92e-01,9.20e+00,
22887,4.00e-01,9.00e+00,
22888,3.92e-01,9.20e+00,
22889,3.92e-01,9.20e+00,
22890,3.92e-01,9.20e+00,
22891,4.00e-01,9.20e+00,
22892,3.92e-01,9.20e+00,
22893,3.92e-01,9.20e+00,
22894,3.92e-01,9.20e+00,
22895,4.00e-01,9.20e+00,
22896,3.92e-01,9.20e+00,
22897,3.92e-01,9.20e+00,
22898,3.92e-01,9.20e+00,
22899,4.00e-01,9.20e+00,
22900,3.92e-01,9.20e+00,
22901,3.92e-01,9.20e+00,
22902,3.92e-01,9.00e+00,
22903,4.00e-01,9.20e+00,
22904,3.92e-01,9.20e+00,
22905,3.92e-01,9.20e+00,
22906,3.92e-01,9.20e+00,
22907,4.00e-01,9.20e+00,
22908,3.92e-01,9.20e+00,
22909,4.00e-01,9.20e+00,
22910,3.92e-01,9.00e+00,
22911,4.00e-01,9.20e+00,
22912,3.92e-01,9.20e+00,
22913,3.92e-01,9.20e+00,
22914,4.00e-01,9.20e+00,
22915,4.00e-01,9.20e+00,
22916,3.92e-01,9.20e+00,
22917,3.92e-01,9.00e+00,
22918,3.92e-01,9.20e+00,
22919,4.00e-01,9.20e+00,
22920,3.92e-01,9.20e+00,
22921,3.92e-01,9.20e+00,
22922,3.92e-01,9.20e+00,
22923,4.00e-01,9.20e+00,
22924,3.92e-01,9.20e+00,
22925,3.92e-01,9.20e+00,
22926,3.92e-01,9.00e+00,
22927,4.00e-01,9.20e+00,
22928,3.92e-01,9.20e+00,
22929,4.00e-01,9.20e+00,
22930,4.00e-01,9.20e+00,
22931,4.00e-01,9.20e+00,
22932,3.92e-01,9.00e+00,
22933,3.92e-01,9.20e+00,
22934,3.92e-01,9.00e+00,
22935,4.00e-01,9.20e+00,
22936,3.92e-01,9.20e+00,
22937,4.00e-01,9.20e+00,
22938,3.92e-01,9.00e+00,
22939,4.00e-01,9.20e+00,
22940,3.92e-01,9.20e+00,
22941,3.92e-01,9.20e+00,
22942,3.92e-01,9.20e+00,
22943,4.00e-01,9.20e+00,
22944,3.92e-01,9.20e+00,
22945,3.92e-01,9.20e+00,
22946,3.92e-01,9.20e+00,
22947,4.00e-01,9.20e+00,
22948,3.92e-01,9.20e+00,
22949,3.92e-01,9.20e+00,
22950,3.92e-01,9.20e+00,
22951,4.00e-01,9.20e+00,
22952,3.92e-01,9.20e+00,
22953,3.92e-01,9.20e+00,
22954,4.00e-01,9.20e+00,
22955,4.00e-01,9.20e+00,
22956,3.92e-01,9.20e+00,
22957,4.00e-01,9.20e+00,
22958,3.92e-01,9.20e+00,
22959,4.00e-01,9.20e+00,
22960,3.92e-01,9.20e+00,
22961,3.92e-01,9.20e+00,
22962,4.00e-01,9.20e+00,
22963,4.00e-01,9.20e+00,
22964,3.92e-01,9.20e+00,
22965,4.00e-01,9.20e+00,
22966,3.92e-01,9.00e+00,
22967,4.00e-01,9.20e+00,
22968,3.92e-01,9.20e+00,
22969,3.92e-01,9.20e+00,
22970,3.92e-01,9.00e+00,
22971,4.00e-01,9.20e+00,
22972,3.92e-01,9.20e+00,
22973,3.92e-01,9.20e+00,
22974,3.92e-01,9.20e+00,
22975,4.00e-01,9.20e+00,
22976,3.92e-01,9.20e+00,
22977,3.92e-01,9.20e+00,
22978,3.92e-01,9.00e+00,
22979,4.00e-01,9.20e+00,
22980,3.92e-01,9.00e+00,
22981,3.92e-01,9.20e+00,
22982,3.92e-01,9.20e+00,
22983,4.00e-01,9.20e+00,
22984,3.92e-01,9.20e+00,
22985,4.00e-01,9.20e+00,
22986,4.00e-01,9.00e+00,
22987,4.00e-01,9.20e+00,
22988,3.92e-01,9.20e+00,
22989,3.92e-01,9.20e+00,
22990,3.92e-01,9.20e+00,
22991,4.00e-01,9.20e+00,
22992,3.92e-01,9.20e+00,
22993,3.92e-01,9.20e+00,
22994,3.92e-01,9.20e+00,
22995,4.00e-01,9.20e+00,
22996,3.92e-01,9.20e+00,
22997,3.92e-01,9.20e+00,
22998,3.92e-01,9.20e+00,
22999,4.00e-01,9.20e+00,
23000,3.92e-01,9.20e+00,
23001,4.00e-01,9.20e+00,
23002,3.92e-01,9.20e+00,
23003,4.00e-01,9.20e+00,
23004,3.92e-01,9.20e+00,
23005,3.92e-01,9.20e+00,
23006,3.92e-01,9.20e+00,
23007,4.00e-01,9.20e+00,
23008,3.92e-01,9.20e+00,
23009,4.00e-01,9.20e+00,
23010,4.00e-01,9.20e+00,
23011,4.00e-01,9.20e+00,
23012,3.92e-01,9.00e+00,
23013,3.92e-01,9.20e+00,
23014,3.92e-01,9.20e+00,
23015,4.00e-01,9.20e+00,
23016,3.92e-01,9.20e+00,
23017,4.00e-01,9.20e+00,
23018,3.92e-01,9.00e+00,
23019,4.00e-01,9.20e+00,
23020,3.92e-01,9.20e+00,
23021,4.00e-01,9.20e+00,
23022,3.92e-01,9.20e+00,
23023,4.00e-01,9.20e+00,
23024,3.92e-01,9.20e+00,
23025,3.92e-01,9.20e+00,
23026,4.00e-01,9.20e+00,
23027,4.00e-01,9.20e+00,
23028,3.92e-01,9.20e+00,
23029,4.00e-01,9.20e+00,
23030,3.92e-01,9.00e+00,
23031,4.00e-01,9.20e+00,
23032,3.92e-01,9.20e+00,
23033,3.92e-01,9.20e+00,
23034,4.00e-01,9.00e+00,
23035,4.00e-01,9.20e+00,
23036,3.92e-01,9.20e+00,
23037,4.00e-01,9.20e+00,
23038,3.92e-01,9.00e+00,
23039,4.00e-01,9.20e+00,
23040,3.92e-01,9.20e+00,
23041,3.92e-01,9.20e+00,
23042,3.92e-01,9.00e+00,
23043,4.00e-01,9.20e+00,
23044,3.92e-01,9.20e+00,
23045,3.92e-01,9.20e+00,
23046,3.92e-01,9.20e+00,
23047,4.00e-01,9.20e+00,
23048,3.92e-01,9.20e+00,
23049,4.00e-01,9.20e+00,
23050,3.92e-01,9.00e+00,
23051,4.00e-01,9.20e+00,
23052,3.92e-01,9.00e+00,
23053,3.92e-01,9.20e+00,
23054,3.92e-01,9.20e+00,
23055,4.00e-01,9.20e+00,
23056,3.92e-01,9.20e+00,
23057,3.92e-01,9.20e+00,
23058,3.92e-01,9.00e+00,
23059,4.00e-01,9.20e+00,
23060,3.92e-01,9.20e+00,
23061,4.00e-01,9.20e+00,
23062,3.92e-01,9.20e+00,
23063,4.00e-01,9.20e+00,
23064,3.92e-01,9.20e+00,
23065,4.00e-01,9.20e+00,
23066,3.92e-01,9.20e+00,
23067,4.00e-01,9.20e+00,
23068,3.92e-01,9.20e+00,
23069,3.92e-01,9.20e+00,
23070,3.92e-01,9.20e+00,
23071,4.00e-01,9.20e+00,
23072,3.92e-01,9.20e+00,
23073,3.92e-01,9.20e+00,
23074,3.92e-01,9.20e+00,
23075,4.00e-01,9.20e+00,
23076,3.92e-01,9.00e+00,
23077,3.92e-01,9.20e+00,
23078,3.92e-01,9.00e+00,
23079,4.00e-01,9.20e+00,
23080,3.92e-01,9.20e+00,
23081,4.00e-01,9.20e+00,
23082,3.92e-01,9.20e+00,
23083,4.00e-01,9.20e+00,
23084,3.92e-01,9.00e+00,
23085,3.92e-01,9.00e+00,
23086,3.92e-01,9.20e+00,
23087,4.00e-01,9.20e+00,
23088,3.92e-01,9.20e+00,
23089,3.92e-01,9.20e+00,
23090,3.92e-01,9.20e+00,
23091,4.00e-01,9.20e+00,
23092,3.92e-01,9.20e+00,
23093,3.92e-01,9.20e+00,
23094,3.92e-01,9.20e+00,
23095,4.00e-01,9.20e+00,
23096,3.92e-01,9.20e+00,
23097,3.92e-01,9.20e+00,
23098,3.92e-01,9.20e+00,
23099,4.00e-01,9.20e+00,
23100,3.92e-01,9.00e+00,
23101,3.92e-01,9.20e+00,
23102,3.92e-01,9.20e+00,
23103,4.00e-01,9.20e+00,
23104,3.92e-01,9.20e+00,
23105,3.92e-01,9.20e+00,
23106,3.92e-01,9.20e+00,
23107,4.00e-01,9.20e+00,
23108,3.92e-01,9.20e+00,
23109,3.92e-01,9.20e+00,
23110,3.92e-01,9.00e+00,
23111,4.00e-01,9.20e+00,
23112,3.92e-01,9.20e+00,
23113,3.92e-01,9.20e+00,
23114,3.92e-01,9.20e+00,
23115,3.92e-01,9.20e+00,
23116,3.92e-01,9.20e+00,
23117,3.92e-01,9.20e+00,
23118,3.92e-01,9.00e+00,
23119,4.00e-01,9.20e+00,
23120,3.92e-01,9.20e+00,
23121,3.92e-01,9.20e+00,
23122,3.92e-01,9.00e+00,
23123,3.92e-01,9.20e+00,
23124,3.92e-01,9.20e+00,
23125,3.92e-01,9.20e+00,
23126,3.92e-01,9.00e+00,
23127,3.92e-01,9.20e+00,
23128,3.92e-01,9.20e+00,
23129,3.92e-01,9.20e+00,
23130,3.92e-01,9.20e+00,
23131,3.92e-01,9.20e+00,
23132,3.92e-01,9.20e+00,
23133,3.92e-01,9.20e+00,
23134,3.92e-01,9.20e+00,
23135,4.00e-01,9.20e+00,
23136,3.92e-01,9.20e+00,
23137,3.92e-01,9.00e+00,
23138,3.92e-01,9.00e+00,
23139,4.00e-01,9.20e+00,
23140,3.92e-01,9.00e+00,
23141,3.92e-01,9.20e+00,
23142,3.92e-01,9.00e+00,
23143,3.92e-01,9.20e+00,
23144,3.92e-01,9.20e+00,
23145,3.92e-01,9.20e+00,
23146,3.92e-01,9.20e+00,
23147,3.92e-01,9.20e+00,
23148,3.92e-01,9.20e+00,
23149,3.92e-01,9.20e+00,
23150,3.92e-01,9.20e+00,
23151,3.92e-01,9.20e+00,
23152,3.92e-01,9.20e+00,
23153,3.92e-01,9.20e+00,
23154,3.92e-01,9.20e+00,
23155,3.92e-01,9.20e+00,
23156,3.92e-01,9.20e+00,
23157,3.92e-01,9.20e+00,
23158,3.92e-01,9.20e+00,
23159,4.00e-01,9.20e+00,
23160,3.92e-01,9.20e+00,
23161,3.84e-01,9.00e+00,
23162,3.92e-01,9.20e+00,
23163,3.92e-01,9.00e+00,
23164,3.84e-01,9.00e+00,
23165,3.92e-01,9.20e+00,
23166,3.92e-01,9.20e+00,
23167,3.92e-01,9.20e+00,
23168,3.84e-01,9.20e+00,
23169,3.92e-01,9.20e+00,
23170,3.92e-01,9.20e+00,
23171,3.92e-01,9.20e+00,
23172,3.92e-01,9.20e+00,
23173,3.92e-01,9.20e+00,
23174,3.92e-01,9.00e+00,
23175,3.92e-01,9.20e+00,
23176,3.92e-01,9.20e+00,
23177,3.92e-01,9.20e+00,
23178,3.92e-01,9.00e+00,
23179,3.92e-01,9.20e+00,
23180,3.84e-01,9.00e+00,
23181,3.92e-01,9.20e+00,
23182,3.92e-01,9.00e+00,
23183,3.92e-01,9.20e+00,
23184,3.84e-01,9.20e+00,
23185,3.92e-01,9.20e+00,
23186,3.92e-01,9.00e+00,
23187,3.92e-01,9.20e+00,
23188,3.84e-01,9.20e+00,
23189,3.92e-01,9.20e+00,
23190,3.84e-01,9.20e+00,
23191,3.92e-01,9.20e+00,
23192,3.84e-01,9.20e+00,
23193,3.92e-01,9.20e+00,
23194,3.92e-01,9.00e+00,
23195,3.92e-01,9.20e+00,
23196,3.84e-01,9.00e+00,
23197,3.84e-01,9.20e+00,
23198,3.84e-01,9.00e+00,
23199,3.92e-01,9.20e+00,
23200,3.84e-01,9.20e+00,
23201,3.92e-01,9.20e+00,
23202,3.84e-01,9.20e+00,
23203,3.92e-01,9.20e+00,
23204,3.84e-01,9.20e+00,
23205,3.84e-01,9.20e+00,
23206,3.84e-01,9.20e+00,
23207,3.92e-01,9.20e+00,
23208,3.84e-01,9.20e+00,
23209,3.84e-01,9.20e+00,
23210,3.84e-01,9.00e+00,
23211,3.92e-01,9.20e+00,
23212,3.84e-01,9.20e+00,
23213,3.84e-01,9.20e+00,
23214,3.84e-01,9.20e+00,
23215,3.84e-01,9.20e+00,
23216,3.84e-01,9.20e+00,
23217,3.84e-01,9.20e+00,
23218,3.84e-01,9.00e+00,
23219,3.84e-01,9.20e+00,
23220,3.84e-01,9.00e+00,
23221,3.84e-01,9.20e+00,
23222,3.84e-01,9.20e+00,
23223,3.84e-01,9.20e+00,
23224,3.84e-01,9.20e+00,
23225,3.84e-01,9.00e+00,
23226,3.84e-01,9.00e+00,
23227,3.84e-01,9.20e+00,
23228,3.84e-01,9.00e+00,
23229,3.84e-01,9.20e+00,
23230,3.84e-01,9.00e+00,
23231,3.84e-01,9.20e+00,
23232,3.84e-01,9.20e+00,
23233,3.84e-01,9.00e+00,
23234,3.84e-01,9.00e+00,
23235,3.84e-01,9.20e+00,
23236,3.84e-01,9.20e+00,
23237,3.84e-01,9.20e+00,
23238,3.84e-01,9.00e+00,
23239,3.84e-01,9.20e+00,
23240,3.76e-01,9.20e+00,
23241,3.84e-01,9.20e+00,
23242,3.84e-01,9.20e+00,
23243,3.84e-01,9.20e+00,
23244,3.76e-01,9.20e+00,
23245,3.76e-01,9.20e+00,
23246,3.76e-01,9.20e+00,
23247,3.84e-01,9.20e+00,
23248,3.76e-01,9.20e+00,
23249,3.84e-01,9.20e+00,
23250,3.76e-01,9.20e+00,
23251,3.84e-01,9.20e+00,
23252,3.76e-01,9.00e+00,
23253,3.76e-01,9.20e+00,
23254,3.76e-01,9.20e+00,
23255,3.84e-01,9.20e+00,
23256,3.76e-01,9.20e+00,
23257,3.76e-01,9.20e+00,
23258,3.76e-01,9.00e+00,
23259,3.84e-01,9.20e+00,
23260,3.76e-01,9.00e+00,
23261,3.76e-01,9.20e+00,
23262,3.76e-01,9.20e+00,
23263,3.84e-01,9.20e+00,
23264,3.76e-01,9.20e+00,
23265,3.76e-01,9.00e+00,
23266,3.76e-01,9.20e+00,
23267,3.84e-01,9.20e+00,
23268,3.76e-01,9.00e+00,
23269,3.76e-01,9.20e+00,
23270,3.76e-01,9.00e+00,
23271,3.84e-01,9.20e+00,
23272,3.76e-01,9.20e+00,
23273,3.76e-01,9.20e+00,
23274,3.76e-01,9.00e+00,
23275,3.76e-01,9.20e+00,
23276,3.76e-01,9.00e+00,
23277,3.76e-01,9.20e+00,
23278,3.76e-01,9.20e+00,
23279,3.76e-01,9.20e+00,
23280,3.68e-01,9.20e+00,
23281,3.76e-01,9.20e+00,
23282,3.76e-01,9.00e+00,
23283,3.76e-01,9.20e+00,
23284,3.68e-01,9.20e+00,
23285,3.68e-01,9.20e+00,
23286,3.76e-01,9.20e+00,
23287,3.76e-01,9.20e+00,
23288,3.68e-01,9.20e+00,
23289,3.76e-01,9.20e+00,
23290,3.68e-01,9.20e+00,
23291,3.76e-01,9.00e+00,
23292,3.68e-01,9.00e+00,
23293,3.68e-01,9.20e+00,
23294,3.68e-01,9.20e+00,
23295,3.76e-01,9.20e+00,
23296,3.68e-01,9.20e+00,
23297,3.68e-01,9.20e+00,
23298,3.68e-01,9.20e+00,
23299,3.76e-01,9.20e+00,
23300,3.68e-01,9.00e+00,
23301,3.68e-01,9.20e+00,
23302,3.68e-01,9.20e+00,
23303,3.76e-01,9.20e+00,
23304,3.68e-01,9.20e+00,
23305,3.68e-01,9.20e+00,
23306,3.68e-01,9.20e+00,
23307,3.68e-01,9.20e+00,
23308,3.68e-01,9.20e+00,
23309,3.68e-01,9.00e+00,
23310,3.68e-01,9.00e+00,
23311,3.68e-01,9.20e+00,
23312,3.68e-01,9.20e+00,
23313,3.68e-01,9.20e+00,
23314,3.68e-01,9.20e+00,
23315,3.68e-01,9.20e+00,
23316,3.68e-01,9.20e+00,
23317,3.68e-01,9.20e+00,
23318,3.68e-01,9.20e+00,
23319,3.68e-01,9.20e+00,
23320,3.60e-01,9.20e+00,
23321,3.68e-01,9.20e+00,
23322,3.68e-01,9.20e+00,
23323,3.68e-01,9.20e+00,
23324,3.60e-01,9.00e+00,
23325,3.68e-01,9.20e+00,
23326,3.60e-01,9.00e+00,
23327,3.68e-01,9.20e+00,
23328,3.60e-01,9.20e+00,
23329,3.68e-01,9.00e+00,
23330,3.60e-01,9.00e+00,
23331,3.68e-01,9.20e+00,
23332,3.60e-01,9.20e+00,
23333,3.60e-01,9.20e+00,
23334,3.60e-01,9.20e+00,
23335,3.68e-01,9.20e+00,
23336,3.60e-01,9.20e+00,
23337,3.60e-01,9.20e+00,
23338,3.60e-01,9.00e+00,
23339,3.68e-01,9.20e+00,
23340,3.60e-01,9.00e+00,
23341,3.60e-01,9.20e+00,
23342,3.60e-01,9.00e+00,
23343,3.60e-01,9.20e+00,
23344,3.60e-01,9.20e+00,
23345,3.60e-01,9.20e+00,
23346,3.60e-01,9.20e+00,
23347,3.60e-01,9.20e+00,
23348,3.60e-01,9.20e+00,
23349,3.60e-01,9.20e+00,
23350,3.60e-01,9.00e+00,
23351,3.60e-01,9.20e+00,
23352,3.60e-01,9.20e+00,
23353,3.60e-01,9.00e+00,
23354,3.60e-01,9.00e+00,
23355,3.60e-01,9.20e+00,
23356,3.52e-01,9.20e+00,
23357,3.60e-01,9.20e+00,
23358,3.52e-01,9.00e+00,
23359,3.60e-01,9.20e+00,
23360,3.52e-01,9.00e+00,
23361,3.52e-01,9.20e+00,
23362,3.60e-01,9.20e+00,
23363,3.60e-01,9.00e+00,
23364,3.52e-01,9.00e+00,
23365,3.60e-01,9.20e+00,
23366,3.52e-01,9.00e+00,
23367,3.60e-01,9.20e+00,
23368,3.52e-01,9.20e+00,
23369,3.52e-01,9.20e+00,
23370,3.52e-01,9.00e+00,
23371,3.52e-01,9.20e+00,
23372,3.52e-01,9.00e+00,
23373,3.52e-01,9.00e+00,
23374,3.52e-01,9.20e+00,
23375,3.60e-01,9.20e+00,
23376,3.52e-01,9.20e+00,
23377,3.52e-01,9.20e+00,
23378,3.52e-01,9.00e+00,
23379,3.52e-01,9.20e+00,
23380,3.52e-01,9.00e+00,
23381,3.52e-01,9.20e+00,
23382,3.52e-01,9.00e+00,
23383,3.52e-01,9.20e+00,
23384,3.52e-01,9.20e+00,
23385,3.52e-01,9.00e+00,
23386,3.52e-01,9.00e+00,
23387,3.52e-01,9.20e+00,
23388,3.44e-01,9.20e+00,
23389,3.52e-01,9.20e+00,
23390,3.52e-01,9.00e+00,
23391,3.52e-01,9.20e+00,
23392,3.44e-01,9.20e+00,
23393,3.52e-01,9.20e+00,
23394,3.52e-01,9.00e+00,
23395,3.52e-01,9.00e+00,
23396,3.44e-01,9.20e+00,
23397,3.52e-01,9.20e+00,
23398,3.44e-01,9.00e+00,
23399,3.52e-01,9.20e+00,
23400,3.44e-01,9.00e+00,
23401,3.52e-01,9.20e+00,
23402,3.44e-01,9.00e+00,
23403,3.52e-01,9.20e+00,
23404,3.44e-01,9.00e+00,
23405,3.44e-01,9.20e+00,
23406,3.44e-01,9.00e+00,
23407,3.52e-01,9.20e+00,
23408,3.44e-01,9.20e+00,
23409,3.44e-01,9.20e+00,
23410,3.44e-01,9.00e+00,
23411,3.52e-01,9.20e+00,
23412,3.44e-01,9.00e+00,
23413,3.44e-01,9.00e+00,
23414,3.44e-01,9.00e+00,
23415,3.52e-01,9.20e+00,
23416,3.44e-01,9.00e+00,
23417,3.44e-01,9.20e+00,
23418,3.44e-01,9.20e+00,
23419,3.44e-01,9.20e+00,
23420,3.44e-01,9.00e+00,
23421,3.44e-01,9.00e+00,
23422,3.44e-01,9.20e+00,
23423,3.44e-01,9.00e+00,
23424,3.44e-01,9.00e+00,
23425,3.44e-01,9.00e+00,
23426,3.44e-01,9.00e+00,
23427,3.44e-01,9.20e+00,
23428,3.44e-01,9.00e+00,
23429,3.44e-01,9.00e+00,
23430,3.44e-01,9.00e+00,
23431,3.44e-01,9.00e+00,
23432,3.36e-01,9.00e+00,
23433,3.44e-01,9.20e+00,
23434,3.44e-01,9.00e+00,
23435,3.44e-01,9.20e+00,
23436,3.36e-01,9.00e+00,
23437,3.44e-01,9.20e+00,
23438,3.36e-01,9.00e+00,
23439,3.44e-01,9.20e+00,
23440,3.36e-01,9.00e+00,
23441,3.36e-01,9.00e+00,
23442,3.36e-01,9.20e+00,
23443,3.44e-01,9.00e+00,
23444,3.36e-01,9.00e+00,
23445,3.36e-01,9.00e+00,
23446,3.36e-01,9.00e+00,
23447,3.44e-01,9.20e+00,
23448,3.36e-01,9.20e+00,
23449,3.36e-01,9.20e+00,
23450,3.36e-01,9.00e+00,
23451,3.44e-01,9.00e+00,
23452,3.36e-01,9.00e+00,
23453,3.36e-01,9.20e+00,
23454,3.36e-01,9.00e+00,
23455,3.36e-01,9.20e+00,
23456,3.36e-01,9.20e+00,
23457,3.36e-01,9.00e+00,
23458,3.36e-01,9.00e+00,
23459,3.44e-01,9.20e+00,
23460,3.36e-01,9.00e+00,
23461,3.36e-01,9.20e+00,
23462,3.36e-01,9.00e+00,
23463,3.36e-01,9.00e+00,
23464,3.36e-01,9.00e+00,
23465,3.36e-01,9.20e+00,
23466,3.36e-01,9.00e+00,
23467,3.36e-01,9.20e+00,
23468,3.36e-01,9.20e+00,
23469,3.36e-01,9.00e+00,
23470,3.36e-01,9.00e+00,
23471,3.36e-01,9.20e+00,
23472,3.36e-01,9.00e+00,
23473,3.36e-01,9.20e+00,
23474,3.36e-01,9.20e+00,
23475,3.36e-01,9.20e+00,
23476,3.36e-01,9.00e+00,
23477,3.36e-01,9.20e+00,
23478,3.28e-01,9.20e+00,
23479,3.36e-01,9.20e+00,
23480,3.28e-01,9.00e+00,
23481,3.36e-01,9.00e+00,
23482,3.36e-01,9.20e+00,
23483,3.36e-01,9.20e+00,
23484,3.28e-01,9.00e+00,
23485,3.28e-01,9.00e+00,
23486,3.28e-01,9.00e+00,
23487,3.36e-01,9.00e+00,
23488,3.28e-01,9.20e+00,
23489,3.36e-01,9.00e+00,
23490,3.28e-01,9.00e+00,
23491,3.36e-01,9.00e+00,
23492,3.28e-01,9.20e+00,
23493,3.28e-01,9.20e+00,
23494,3.28e-01,9.20e+00,
23495,3.36e-01,9.00e+00,
23496,3.28e-01,9.20e+00,
23497,3.28e-01,9.00e+00,
23498,3.28e-01,9.00e+00,
23499,3.36e-01,9.20e+00,
23500,3.28e-01,9.00e+00,
23501,3.28e-01,9.00e+00,
23502,3.28e-01,9.20e+00,
23503,3.28e-01,9.20e+00,
23504,3.28e-01,9.20e+00,
23505,3.28e-01,9.00e+00,
23506,3.28e-01,9.00e+00,
23507,3.36e-01,9.20e+00,
23508,3.28e-01,9.00e+00,
23509,3.28e-01,9.20e+00,
23510,3.28e-01,9.00e+00,
23511,3.28e-01,9.20e+00,
23512,3.28e-01,9.00e+00,
23513,3.28e-01,9.00e+00,
23514,3.28e-01,9.00e+00,
23515,3.28e-01,9.00e+00,
23516,3.28e-01,9.00e+00,
23517,3.28e-01,9.00e+00,
23518,3.28e-01,9.00e+00,
23519,3.28e-01,9.20e+00,
23520,3.28e-01,9.20e+00,
23521,3.28e-01,9.00e+00,
23522,3.28e-01,9.00e+00,
23523,3.28e-01,9.00e+00,
23524,3.28e-01,9.20e+00,
23525,3.28e-01,9.20e+00,
23526,3.28e-01,9.00e+00,
23527,3.28e-01,9.00e+00,
23528,3.20e-01,9.00e+00,
23529,3.28e-01,9.20e+00,
23530,3.28e-01,9.00e+00,
23531,3.28e-01,9.20e+00,
23532,3.20e-01,9.00e+00,
23533,3.20e-01,9.00e+00,
23534,3.20e-01,9.00e+00,
23535,3.28e-01,9.20e+00,
23536,3.20e-01,9.00e+00,
23537,3.20e-01,9.20e+00,
23538,3.20e-01,9.00e+00,
23539,3.28e-01,9.20e+00,
23540,3.20e-01,9.00e+00,
23541,3.20e-01,9.20e+00,
23542,3.20e-01,9.00e+00,
23543,3.28e-01,9.00e+00,
23544,3.20e-01,9.20e+00,
23545,3.20e-01,9.00e+00,
23546,3.20e-01,9.00e+00,
23547,3.20e-01,9.20e+00,
23548,3.20e-01,9.00e+00,
23549,3.20e-01,9.20e+00,
23550,3.20e-01,9.00e+00,
23551,3.20e-01,9.00e+00,
23552,3.20e-01,9.00e+00,
23553,3.20e-01,9.00e+00,
23554,3.20e-01,9.00e+00,
23555,3.20e-01,9.20e+00,
23556,3.20e-01,9.00e+00,
23557,3.20e-01,9.20e+00,
23558,3.20e-01,9.00e+00,
23559,3.28e-01,9.00e+00,
23560,3.20e-01,9.00e+00,
23561,3.20e-01,9.00e+00,
23562,3.20e-01,9.20e+00,
23563,3.20e-01,9.20e+00,
23564,3.20e-01,9.00e+00,
23565,3.20e-01,9.20e+00,
23566,3.20e-01,9.00e+00,
23567,3.28e-01,9.20e+00,
23568,3.20e-01,9.00e+00,
23569,3.20e-01,9.00e+00,
23570,3.20e-01,9.00e+00,
23571,3.20e-01,9.20e+00,
23572,3.20e-01,9.20e+00,
23573,3.20e-01,9.00e+00,
23574,3.20e-01,9.20e+00,
23575,3.20e-01,9.20e+00,
23576,3.20e-01,9.00e+00,
23577,3.20e-01,9.00e+00,
23578,3.20e-01,9.20e+00,
23579,3.20e-01,9.20e+00,
23580,3.20e-01,9.00e+00,
23581,3.20e-01,9.20e+00,
23582,3.20e-01,9.00e+00,
23583,3.20e-01,9.00e+00,
23584,3.20e-01,9.00e+00,
23585,3.20e-01,9.20e+00,
23586,3.20e-01,9.20e+00,
23587,3.20e-01,9.20e+00,
23588,3.20e-01,9.00e+00,
23589,3.20e-01,9.20e+00,
23590,3.20e-01,9.00e+00,
23591,3.20e-01,9.00e+00,
23592,3.12e-01,9.00e+00,
23593,3.20e-01,9.00e+00,
23594,3.20e-01,9.00e+00,
23595,3.20e-01,9.00e+00,
23596,3.12e-01,9.00e+00,
23597,3.20e-01,9.00e+00,
23598,3.20e-01,9.00e+00,
23599,3.20e-01,9.00e+00,
23600,3.12e-01,9.00e+00,
23601,3.20e-01,9.00e+00,
23602,3.20e-01,9.00e+00,
23603,3.20e-01,9.00e+00,
23604,3.12e-01,9.00e+00,
23605,3.12e-01,9.00e+00,
23606,3.20e-01,9.00e+00,
23607,3.20e-01,9.20e+00,
23608,3.12e-01,9.00e+00,
23609,3.20e-01,9.00e+00,
23610,3.20e-01,9.00e+00,
23611,3.20e-01,9.20e+00,
23612,3.12e-01,9.00e+00,
23613,3.12e-01,9.00e+00,
23614,3.12e-01,9.00e+00,
23615,3.20e-01,9.20e+00,
23616,3.12e-01,9.00e+00,
23617,3.12e-01,9.00e+00,
23618,3.12e-01,9.00e+00,
23619,3.20e-01,9.20e+00,
23620,3.12e-01,9.00e+00,
23621,3.12e-01,9.00e+00,
23622,3.12e-01,9.00e+00,
23623,3.20e-01,9.20e+00,
23624,3.12e-01,9.20e+00,
23625,3.12e-01,9.00e+00,
23626,3.12e-01,9.00e+00,
23627,3.20e-01,9.20e+00,
23628,3.12e-01,9.00e+00,
23629,3.12e-01,9.20e+00,
23630,3.12e-01,9.00e+00,
23631,3.20e-01,9.20e+00,
23632,3.12e-01,9.20e+00,
23633,3.12e-01,9.00e+00,
23634,3.12e-01,9.00e+00,
23635,3.12e-01,9.20e+00,
23636,3.12e-01,9.00e+00,
23637,3.12e-01,9.00e+00,
23638,3.12e-01,9.00e+00,
23639,3.20e-01,9.20e+00,
23640,3.12e-01,9.00e+00,
23641,3.12e-01,9.20e+00,
23642,3.12e-01,9.00e+00,
23643,3.12e-01,9.20e+00,
23644,3.12e-01,9.00e+00,
23645,3.12e-01,9.20e+00,
23646,3.12e-01,9.00e+00,
23647,3.20e-01,9.20e+00,
23648,3.12e-01,9.20e+00,
23649,3.12e-01,9.20e+00,
23650,3.12e-01,9.00e+00,
23651,3.20e-01,9.00e+00,
23652,3.12e-01,9.00e+00,
23653,3.12e-01,9.00e+00,
23654,3.12e-01,9.20e+00,
23655,3.12e-01,9.20e+00,
23656,3.12e-01,9.20e+00,
23657,3.12e-01,9.20e+00,
23658,3.12e-01,9.00e+00,
23659,3.12e-01,9.20e+00,
23660,3.12e-01,9.00e+00,
23661,3.12e-01,9.20e+00,
23662,3.12e-01,9.00e+00,
23663,3.12e-01,9.00e+00,
23664,3.12e-01,9.00e+00,
23665,3.12e-01,9.00e+00,
23666,3.12e-01,9.00e+00,
23667,3.12e-01,9.00e+00,
23668,3.12e-01,9.00e+00,
23669,3.12e-01,9.00e+00,
23670,3.12e-01,9.00e+00,
23671,3.12e-01,9.20e+00,
23672,3.12e-01,9.20e+00,
23673,3.12e-01,9.20e+00,
23674,3.12e-01,9.00e+00,
23675,3.12e-01,9.00e+00,
23676,3.12e-01,9.00e+00,
23677,3.12e-01,9.20e+00,
23678,3.12e-01,9.20e+00,
23679,3.12e-01,9.20e+00,
23680,3.12e-01,9.20e+00,
23681,3.12e-01,9.20e+00,
23682,3.12e-01,9.00e+00,
23683,3.12e-01,9.20e+00,
23684,3.12e-01,9.20e+00,
23685,3.12e-01,9.00e+00,
23686,3.12e-01,9.00e+00,
23687,3.12e-01,9.00e+00,
23688,3.12e-01,9.00e+00,
23689,3.12e-01,9.20e+00,
23690,3.12e-01,9.00e+00,
23691,3.12e-01,9.20e+00,
23692,3.12e-01,9.00e+00,
23693,3.12e-01,9.20e+00,
23694,3.12e-01,9.00e+00,
23695,3.12e-01,9.20e+00,
23696,3.04e-01,9.00e+00,
23697,3.12e-01,9.00e+00,
23698,3.12e-01,9.00e+00,
23699,3.12e-01,9.20e+00,
23700,3.12e-01,9.00e+00,
23701,3.12e-01,9.00e+00,
23702,3.12e-01,9.00e+00,
23703,3.12e-01,9.20e+00,
23704,3.12e-01,9.00e+00,
23705,3.12e-01,9.00e+00,
23706,3.12e-01,9.00e+00,
23707,3.12e-01,9.20e+00,
23708,3.04e-01,9.00e+00,
23709,3.12e-01,9.20e+00,
23710,3.12e-01,9.00e+00,
23711,3.12e-01,9.00e+00,
23712,3.04e-01,9.20e+00,
23713,3.12e-01,9.20e+00,
23714,3.12e-01,9.00e+00,
23715,3.12e-01,9.20e+00,
23716,3.12e-01,9.00e+00,
23717,3.12e-01,9.00e+00,
23718,3.12e-01,9.00e+00,
23719,3.12e-01,9.20e+00,
23720,3.04e-01,9.00e+00,
23721,3.12e-01,9.00e+00,
23722,3.12e-01,9.00e+00,
23723,3.12e-01,9.20e+00,
23724,3.04e-01,9.00e+00,
23725,3.12e-01,9.20e+00,
23726,3.04e-01,9.00e+00,
23727,3.12e-01,9.00e+00,
23728,3.04e-01,9.00e+00,
23729,3.04e-01,9.00e+00,
23730,3.12e-01,9.00e+00,
23731,3.12e-01,9.20e+00,
23732,3.04e-01,9.20e+00,
23733,3.04e-01,9.20e+00,
23734,3.04e-01,9.00e+00,
23735,3.12e-01,9.20e+00,
23736,3.04e-01,9.00e+00,
23737,3.12e-01,9.20e+00,
23738,3.12e-01,9.00e+00,
23739,3.12e-01,9.20e+00,
23740,3.04e-01,9.00e+00,
23741,3.04e-01,9.20e+00,
23742,3.04e-01,9.00e+00,
23743,3.12e-01,9.20e+00,
23744,3.12e-01,9.20e+00,
23745,3.12e-01,9.00e+00,
23746,3.12e-01,9.00e+00,
23747,3.12e-01,9.20e+00,
23748,3.04e-01,9.00e+00,
23749,3.04e-01,9.20e+00,
23750,3.04e-01,9.00e+00,
23751,3.12e-01,9.20e+00,
23752,3.04e-01,9.20e+00,
23753,3.04e-01,9.00e+00,
23754,3.12e-01,9.00e+00,
23755,3.12e-01,9.20e+00,
23756,3.04e-01,9.00e+00,
23757,3.04e-01,9.20e+00,
23758,3.04e-01,9.00e+00,
23759,3.12e-01,9.20e+00,
23760,3.04e-01,9.00e+00,
23761,3.04e-01,9.00e+00,
23762,3.12e-01,9.20e+00,
23763,3.04e-01,9.00e+00,
23764,3.04e-01,9.00e+00,
23765,3.12e-01,9.00e+00,
23766,3.04e-01,9.00e+00,
23767,3.12e-01,9.20e+00,
23768,3.04e-01,9.00e+00,
23769,3.04e-01,9.20e+00,
23770,3.04e-01,9.00e+00,
23771,3.12e-01,9.20e+00,
23772,3.04e-01,9.00e+00,
23773,3.04e-01,9.00e+00,
23774,3.04e-01,9.00e+00,
23775,3.12e-01,9.20e+00,
23776,3.04e-01,9.20e+00,
23777,3.04e-01,9.20e+00,
23778,3.04e-01,9.00e+00,
23779,3.12e-01,9.20e+00,
23780,3.04e-01,9.00e+00,
23781,3.04e-01,9.20e+00,
23782,3.04e-01,9.00e+00,
23783,3.04e-01,9.00e+00,
23784,3.04e-01,9.20e+00,
23785,3.04e-01,9.00e+00,
23786,3.04e-01,9.00e+00,
23787,3.04e-01,9.20e+00,
23788,3.04e-01,9.00e+00,
23789,3.04e-01,9.00e+00,
23790,3.04e-01,9.00e+00,
23791,3.04e-01,9.00e+00,
23792,3.04e-01,9.00e+00,
23793,3.04e-01,9.00e+00,
23794,3.04e-01,9.00e+00,
23795,3.12e-01,9.20e+00,
23796,3.04e-01,9.00e+00,
23797,3.04e-01,9.20e+00,
23798,3.04e-01,9.00e+00,
23799,3.04e-01,9.20e+00,
23800,3.04e-01,9.00e+00,
23801,3.04e-01,9.20e+00,
23802,3.04e-01,9.00e+00,
23803,3.04e-01,9.00e+00,
23804,3.04e-01,9.00e+00,
23805,3.04e-01,9.20e+00,
23806,3.04e-01,9.00e+00,
23807,3.04e-01,9.20e+00,
23808,3.04e-01,9.00e+00,
23809,3.04e-01,9.20e+00,
23810,3.04e-01,9.00e+00,
23811,3.04e-01,9.20e+00,
23812,3.04e-01,9.00e+00,
23813,3.04e-01,9.00e+00,
23814,3.04e-01,9.00e+00,
23815,3.04e-01,9.00e+00,
23816,3.04e-01,9.00e+00,
23817,3.04e-01,9.00e+00,
23818,3.04e-01,9.00e+00,
23819,3.04e-01,9.20e+00,
23820,3.04e-01,9.00e+00,
23821,3.04e-01,9.00e+00,
23822,3.04e-01,9.00e+00,
23823,3.04e-01,9.20e+00,
23824,3.04e-01,9.00e+00,
23825,3.04e-01,9.00e+00,
23826,3.04e-01,9.00e+00,
23827,3.04e-01,9.00e+00,
23828,3.04e-01,9.00e+00,
23829,3.04e-01,9.00e+00,
23830,3.04e-01,9.00e+00,
23831,3.04e-01,9.00e+00,
23832,3.04e-01,9.20e+00,
23833,3.04e-01,9.20e+00,
23834,3.04e-01,9.00e+00,
23835,3.04e-01,9.00e+00,
23836,3.04e-01,9.00e+00,
23837,3.04e-01,9.00e+00,
23838,3.04e-01,9.00e+00,
23839,3.04e-01,9.00e+00,
23840,3.04e-01,9.00e+00,
23841,3.04e-01,9.00e+00,
23842,3.04e-01,9.00e+00,
23843,3.04e-01,9.00e+00,
23844,3.04e-01,9.00e+00,
23845,3.04e-01,9.20e+00,
23846,3.04e-01,9.00e+00,
23847,3.04e-01,9.00e+00,
23848,3.04e-01,9.00e+00,
23849,3.04e-01,9.20e+00,
23850,3.04e-01,9.00e+00,
23851,3.04e-01,9.20e+00,
23852,3.04e-01,9.00e+00,
23853,3.04e-01,9.00e+00,
23854,3.04e-01,9.00e+00,
23855,3.04e-01,9.20e+00,
23856,3.04e-01,9.00e+00,
23857,3.04e-01,9.20e+00,
23858,3.04e-01,9.00e+00,
23859,3.04e-01,9.20e+00,
23860,2.96e-01,9.00e+00,
23861,3.04e-01,9.00e+00,
23862,3.04e-01,9.00e+00,
23863,3.04e-01,9.00e+00,
23864,2.96e-01,9.00e+00,
23865,3.04e-01,9.00e+00,
23866,3.04e-01,9.00e+00,
23867,3.04e-01,9.00e+00,
23868,2.96e-01,9.00e+00,
23869,3.04e-01,9.20e+00,
23870,2.96e-01,9.00e+00,
23871,3.04e-01,9.20e+00,
23872,2.96e-01,9.00e+00,
23873,2.96e-01,9.00e+00,
23874,3.04e-01,9.00e+00,
23875,3.04e-01,9.20e+00,
23876,2.96e-01,9.00e+00,
23877,2.96e-01,9.20e+00,
23878,2.96e-01,9.00e+00,
23879,3.04e-01,9.00e+00,
23880,2.96e-01,9.00e+00,
23881,3.04e-01,9.20e+00,
23882,2.96e-01,9.00e+00,
23883,3.04e-01,9.00e+00,
23884,2.96e-01,9.00e+00,
23885,2.96e-01,9.20e+00,
23886,2.96e-01,9.00e+00,
23887,3.04e-01,9.00e+00,
23888,2.96e-01,9.20e+00,
23889,2.96e-01,9.00e+00,
23890,2.96e-01,9.00e+00,
23891,3.04e-01,9.20e+00,
23892,2.96e-01,9.00e+00,
23893,2.96e-01,9.00e+00,
23894,2.96e-01,9.00e+00,
23895,3.04e-01,9.00e+00,
23896,2.96e-01,9.00e+00,
23897,2.96e-01,9.00e+00,
23898,2.96e-01,9.00e+00,
23899,3.04e-01,9.20e+00,
23900,2.96e-01,9.00e+00,
23901,2.96e-01,9.00e+00,
23902,2.96e-01,9.00e+00,
23903,2.96e-01,9.00e+00,
23904,2.96e-01,9.00e+00,
23905,2.96e-01,9.00e+00,
23906,2.96e-01,9.00e+00,
23907,2.96e-01,9.20e+00,
23908,2.96e-01,9.00e+00,
23909,2.96e-01,9.00e+00,
23910,2.96e-01,9.00e+00,
23911,2.96e-01,9.20e+00,
23912,2.96e-01,9.00e+00,
23913,2.96e-01,9.00e+00,
23914,2.96e-01,9.00e+00,
23915,2.96e-01,9.00e+00,
23916,2.96e-01,9.00e+00,
23917,2.96e-01,9.00e+00,
23918,2.96e-01,9.00e+00,
23919,2.96e-01,9.20e+00,
23920,2.96e-01,9.20e+00,
23921,2.96e-01,9.20e+00,
23922,2.96e-01,9.20e+00,
23923,2.96e-01,9.20e+00,
23924,2.96e-01,9.00e+00,
23925,2.96e-01,9.00e+00,
23926,2.96e-01,9.00e+00,
23927,2.96e-01,9.20e+00,
23928,2.88e-01,9.00e+00,
23929,2.96e-01,9.00e+00,
23930,2.96e-01,9.00e+00,
23931,2.96e-01,9.20e+00,
23932,2.96e-01,9.00e+00,
23933,2.88e-01,9.00e+00,
23934,2.96e-01,9.20e+00,
23935,2.96e-01,9.00e+00,
23936,2.88e-01,9.00e+00,
23937,2.96e-01,9.00e+00,
23938,2.88e-01,9.00e+00,
23939,2.96e-01,9.20e+00,
23940,2.88e-01,9.00e+00,
23941,2.88e-01,9.00e+00,
23942,2.88e-01,9.00e+00,
23943,2.96e-01,9.00e+00,
23944,2.88e-01,9.00e+00,
23945,2.96e-01,9.00e+00,
23946,2.96e-01,9.00e+00,
23947,2.96e-01,9.20e+00,
23948,2.88e-01,9.00e+00,
23949,2.88e-01,9.00e+00,
23950,2.88e-01,9.00e+00,
23951,2.96e-01,9.20e+00,
23952,2.88e-01,9.00e+00,
23953,2.88e-01,9.00e+00,
23954,2.88e-01,9.00e+00,
23955,2.88e-01,9.00e+00,
23956,2.88e-01,9.00e+00,
23957,2.88e-01,9.00e+00,
23958,2.88e-01,9.00e+00,
23959,2.96e-01,9.00e+00,
23960,2.88e-01,9.00e+00,
23961,2.88e-01,9.00e+00,
23962,2.88e-01,9.00e+00,
23963,2.88e-01,9.00e+00,
23964,2.88e-01,9.00e+00,
23965,2.88e-01,9.00e+00,
23966,2.88e-01,9.00e+00,
23967,2.88e-01,9.20e+00,
23968,2.88e-01,9.00e+00,
23969,2.88e-01,9.20e+00,
23970,2.88e-01,9.00e+00,
23971,2.88e-01,9.00e+00,
23972,2.88e-01,9.00e+00,
23973,2.88e-01,9.00e+00,
23974,2.88e-01,9.00e+00,
23975,2.88e-01,9.20e+00,
23976,2.88e-01,9.00e+00,
23977,2.88e-01,9.00e+00,
23978,2.88e-01,9.00e+00,
23979,2.88e-01,9.00e+00,
23980,2.80e-01,9.00e+00,
23981,2.88e-01,9.00e+00,
23982,2.88e-01,9.00e+00,
23983,2.88e-01,9.00e+00,
23984,2.88e-01,9.00e+00,
23985,2.88e-01,9.00e+00,
23986,2.88e-01,9.00e+00,
23987,2.88e-01,9.00e+00,
23988,2.80e-01,9.00e+00,
23989,2.80e-01,9.00e+00,
23990,2.80e-01,9.00e+00,
23991,2.88e-01,9.00e+00,
23992,2.80e-01,9.20e+00,
23993,2.80e-01,9.00e+00,
23994,2.80e-01,9.00e+00,
23995,2.88e-01,9.00e+00,
23996,2.80e-01,9.00e+00,
23997,2.80e-01,9.00e+00,
23998,2.80e-01,9.00e+00,
23999,2.80e-01,9.00e+00,
24000,2.80e-01,9.00e+00,
24001,2.80e-01,9.20e+00,
24002,2.80e-01,9.00e+00,
24003,2.80e-01,9.00e+00,
24004,2.80e-01,9.00e+00,
24005,2.80e-01,9.00e+00,
24006,2.80e-01,9.00e+00,
24007,2.80e-01,9.00e+00,
24008,2.80e-01,9.00e+00,
24009,2.80e-01,9.00e+00,
24010,2.80e-01,9.00e+00,
24011,2.80e-01,9.20e+00,
24012,2.80e-01,9.00e+00,
24013,2.80e-01,9.00e+00,
24014,2.80e-01,9.00e+00,
24015,2.80e-01,9.20e+00,
24016,2.80e-01,9.20e+00,
24017,2.80e-01,9.00e+00,
24018,2.80e-01,9.00e+00,
24019,2.80e-01,9.00e+00,
24020,2.72e-01,9.00e+00,
24021,2.80e-01,9.00e+00,
24022,2.80e-01,9.00e+00,
24023,2.80e-01,9.00e+00,
24024,2.80e-01,9.00e+00,
24025,2.80e-01,9.20e+00,
24026,2.80e-01,9.00e+00,
24027,2.80e-01,9.20e+00,
24028,2.72e-01,9.00e+00,
24029,2.72e-01,9.00e+00,
24030,2.72e-01,9.00e+00,
24031,2.80e-01,9.00e+00,
24032,2.72e-01,9.00e+00,
24033,2.72e-01,9.00e+00,
24034,2.72e-01,9.00e+00,
24035,2.72e-01,9.00e+00,
24036,2.72e-01,9.00e+00,
24037,2.72e-01,9.00e+00,
24038,2.72e-01,9.00e+00,
24039,2.80e-01,9.00e+00,
24040,2.72e-01,9.00e+00,
24041,2.72e-01,9.00e+00,
24042,2.72e-01,9.00e+00,
24043,2.72e-01,9.00e+00,
24044,2.72e-01,9.00e+00,
24045,2.72e-01,9.00e+00,
24046,2.72e-01,9.00e+00,
24047,2.72e-01,9.00e+00,
24048,2.72e-01,9.00e+00,
24049,2.72e-01,9.00e+00,
24050,2.72e-01,9.00e+00,
24051,2.72e-01,9.20e+00,
24052,2.72e-01,9.00e+00,
24053,2.72e-01,9.00e+00,
24054,2.72e-01,9.00e+00,
24055,2.72e-01,9.00e+00,
24056,2.72e-01,9.00e+00,
24057,2.72e-01,9.00e+00,
24058,2.72e-01,9.00e+00,
24059,2.72e-01,9.20e+00,
24060,2.64e-01,9.00e+00,
24061,2.72e-01,9.00e+00,
24062,2.64e-01,9.00e+00,
24063,2.72e-01,9.00e+00,
24064,2.64e-01,9.00e+00,
24065,2.64e-01,9.20e+00,
24066,2.72e-01,9.00e+00,
24067,2.72e-01,9.20e+00,
24068,2.64e-01,9.00e+00,
24069,2.64e-01,9.20e+00,
24070,2.64e-01,9.00e+00,
24071,2.72e-01,9.00e+00,
24072,2.64e-01,9.00e+00,
24073,2.64e-01,9.00e+00,
24074,2.64e-01,9.00e+00,
24075,2.72e-01,9.00e+00,
24076,2.64e-01,9.00e+00,
24077,2.64e-01,9.20e+00,
24078,2.64e-01,9.00e+00,
24079,2.64e-01,9.00e+00,
24080,2.64e-01,9.00e+00,
24081,2.64e-01,9.00e+00,
24082,2.64e-01,9.00e+00,
24083,2.64e-01,9.20e+00,
24084,2.64e-01,9.00e+00,
24085,2.64e-01,9.20e+00,
24086,2.64e-01,9.00e+00,
24087,2.64e-01,9.00e+00,
24088,2.64e-01,9.00e+00,
24089,2.64e-01,9.00e+00,
24090,2.64e-01,9.00e+00,
24091,2.64e-01,9.20e+00,
24092,2.64e-01,9.00e+00,
24093,2.64e-01,9.00e+00,
24094,2.64e-01,9.00e+00,
24095,2.64e-01,9.00e+00,
24096,2.64e-01,9.00e+00,
24097,2.64e-01,9.00e+00,
24098,2.64e-01,9.00e+00,
24099,2.64e-01,9.00e+00,
24100,2.56e-01,9.00e+00,
24101,2.64e-01,9.00e+00,
24102,2.56e-01,9.00e+00,
24103,2.64e-01,9.00e+00,
24104,2.56e-01,9.00e+00,
24105,2.56e-01,9.20e+00,
24106,2.56e-01,9.00e+00,
24107,2.64e-01,9.00e+00,
24108,2.56e-01,9.00e+00,
24109,2.56e-01,9.00e+00,
24110,2.56e-01,9.00e+00,
24111,2.64e-01,9.00e+00,
24112,2.56e-01,9.00e+00,
24113,2.56e-01,9.00e+00,
24114,2.56e-01,9.00e+00,
24115,2.56e-01,9.00e+00,
24116,2.56e-01,9.00e+00,
24117,2.56e-01,9.20e+00,
24118,2.56e-01,9.00e+00,
24119,2.56e-01,9.00e+00,
24120,2.56e-01,9.00e+00,
24121,2.56e-01,9.00e+00,
24122,2.56e-01,9.00e+00,
24123,2.56e-01,9.00e+00,
24124,2.56e-01,9.00e+00,
24125,2.56e-01,9.00e+00,
24126,2.56e-01,9.00e+00,
24127,2.56e-01,9.00e+00,
24128,2.56e-01,9.00e+00,
24129,2.56e-01,9.00e+00,
24130,2.56e-01,9.00e+00,
24131,2.56e-01,9.00e+00,
24132,2.56e-01,9.00e+00,
24133,2.56e-01,9.00e+00,
24134,2.56e-01,9.00e+00,
24135,2.56e-01,9.00e+00,
24136,2.48e-01,9.00e+00,
24137,2.56e-01,9.00e+00,
24138,2.48e-01,9.00e+00,
24139,2.56e-01,9.00e+00,
24140,2.48e-01,9.00e+00,
24141,2.48e-01,9.00e+00,
24142,2.48e-01,9.00e+00,
24143,2.56e-01,9.00e+00,
24144,2.48e-01,9.00e+00,
24145,2.48e-01,9.00e+00,
24146,2.56e-01,9.00e+00,
24147,2.56e-01,9.00e+00,
24148,2.48e-01,9.00e+00,
24149,2.48e-01,9.00e+00,
24150,2.48e-01,9.00e+00,
24151,2.56e-01,9.00e+00,
24152,2.48e-01,9.00e+00,
24153,2.48e-01,9.00e+00,
24154,2.48e-01,9.00e+00,
24155,2.48e-01,9.00e+00,
24156,2.48e-01,9.00e+00,
24157,2.48e-01,9.00e+00,
24158,2.48e-01,9.00e+00,
24159,2.48e-01,9.00e+00,
24160,2.48e-01,9.00e+00,
24161,2.48e-01,9.00e+00,
24162,2.48e-01,9.00e+00,
24163,2.48e-01,9.00e+00,
24164,2.48e-01,9.00e+00,
24165,2.48e-01,9.00e+00,
24166,2.48e-01,9.00e+00,
24167,2.48e-01,9.00e+00,
24168,2.48e-01,9.00e+00,
24169,2.48e-01,9.00e+00,
24170,2.48e-01,9.00e+00,
24171,2.48e-01,9.00e+00,
24172,2.48e-01,9.00e+00,
24173,2.40e-01,9.00e+00,
24174,2.48e-01,9.00e+00,
24175,2.48e-01,9.00e+00,
24176,2.48e-01,9.00e+00,
24177,2.48e-01,9.00e+00,
24178,2.48e-01,9.00e+00,
24179,2.48e-01,9.00e+00,
24180,2.40e-01,9.00e+00,
24181,2.40e-01,9.00e+00,
24182,2.40e-01,9.00e+00,
24183,2.48e-01,9.00e+00,
24184,2.40e-01,9.00e+00,
24185,2.40e-01,9.00e+00,
24186,2.48e-01,9.00e+00,
24187,2.48e-01,9.00e+00,
24188,2.40e-01,9.00e+00,
24189,2.40e-01,9.00e+00,
24190,2.40e-01,9.00e+00,
24191,2.48e-01,9.00e+00,
24192,2.40e-01,9.00e+00,
24193,2.40e-01,9.00e+00,
24194,2.40e-01,9.00e+00,
24195,2.40e-01,9.00e+00,
24196,2.40e-01,9.00e+00,
24197,2.40e-01,9.00e+00,
24198,2.40e-01,9.00e+00,
24199,2.40e-01,9.00e+00,
24200,2.40e-01,9.00e+00,
24201,2.40e-01,9.00e+00,
24202,2.40e-01,9.00e+00,
24203,2.40e-01,9.00e+00,
24204,2.40e-01,9.00e+00,
24205,2.40e-01,9.00e+00,
24206,2.40e-01,9.00e+00,
24207,2.40e-01,9.00e+00,
24208,2.40e-01,9.00e+00,
24209,2.40e-01,9.00e+00,
24210,2.40e-01,9.00e+00,
24211,2.40e-01,9.00e+00,
24212,2.40e-01,9.00e+00,
24213,2.40e-01,9.00e+00,
24214,2.40e-01,9.00e+00,
24215,2.40e-01,9.00e+00,
24216,2.40e-01,9.00e+00,
24217,2.40e-01,9.00e+00,
24218,2.40e-01,9.00e+00,
24219,2.40e-01,9.00e+00,
24220,2.32e-01,8.80e+00,
24221,2.40e-01,9.00e+00,
24222,2.40e-01,9.00e+00,
24223,2.40e-01,9.20e+00,
24224,2.32e-01,9.00e+00,
24225,2.40e-01,9.00e+00,
24226,2.40e-01,9.00e+00,
24227,2.40e-01,9.00e+00,
24228,2.32e-01,9.00e+00,
24229,2.32e-01,9.00e+00,
24230,2.32e-01,9.00e+00,
24231,2.40e-01,9.00e+00,
24232,2.32e-01,9.00e+00,
24233,2.32e-01,9.00e+00,
24234,2.32e-01,9.00e+00,
24235,2.40e-01,9.00e+00,
24236,2.32e-01,9.00e+00,
24237,2.32e-01,9.00e+00,
24238,2.32e-01,9.00e+00,
24239,2.40e-01,9.00e+00,
24240,2.32e-01,9.00e+00,
24241,2.32e-01,9.00e+00,
24242,2.32e-01,9.00e+00,
24243,2.32e-01,9.00e+00,
24244,2.32e-01,9.00e+00,
24245,2.32e-01,9.00e+00,
24246,2.32e-01,8.80e+00,
24247,2.32e-01,9.20e+00,
24248,2.32e-01,9.00e+00,
24249,2.32e-01,9.00e+00,
24250,2.32e-01,9.00e+00,
24251,2.32e-01,9.00e+00,
24252,2.32e-01,9.00e+00,
24253,2.32e-01,9.00e+00,
24254,2.32e-01,9.00e+00,
24255,2.32e-01,9.00e+00,
24256,2.32e-01,9.00e+00,
24257,2.32e-01,9.00e+00,
24258,2.32e-01,9.00e+00,
24259,2.32e-01,9.00e+00,
24260,2.32e-01,9.00e+00,
24261,2.32e-01,9.00e+00,
24262,2.32e-01,9.00e+00,
24263,2.32e-01,9.00e+00,
24264,2.32e-01,9.00e+00,
24265,2.32e-01,9.00e+00,
24266,2.32e-01,9.00e+00,
24267,2.32e-01,9.00e+00,
24268,2.32e-01,8.80e+00,
24269,2.32e-01,9.00e+00,
24270,2.32e-01,9.00e+00,
24271,2.32e-01,9.00e+00,
24272,2.32e-01,9.00e+00,
24273,2.32e-01,9.00e+00,
24274,2.32e-01,9.00e+00,
24275,2.32e-01,9.00e+00,
24276,2.32e-01,9.00e+00,
24277,2.32e-01,9.00e+00,
24278,2.32e-01,9.00e+00,
24279,2.32e-01,9.00e+00,
24280,2.24e-01,9.00e+00,
24281,2.32e-01,9.00e+00,
24282,2.32e-01,9.00e+00,
24283,2.32e-01,9.00e+00,
24284,2.24e-01,9.00e+00,
24285,2.24e-01,9.00e+00,
24286,2.32e-01,9.00e+00,
24287,2.32e-01,9.00e+00,
24288,2.24e-01,9.00e+00,
24289,2.24e-01,9.00e+00,
24290,2.24e-01,9.00e+00,
24291,2.32e-01,9.00e+00,
24292,2.24e-01,9.00e+00,
24293,2.24e-01,9.00e+00,
24294,2.24e-01,9.00e+00,
24295,2.32e-01,9.00e+00,
24296,2.24e-01,9.00e+00,
24297,2.24e-01,9.20e+00,
24298,2.24e-01,9.00e+00,
24299,2.32e-01,9.00e+00,
24300,2.24e-01,9.00e+00,
24301,2.24e-01,9.00e+00,
24302,2.24e-01,9.00e+00,
24303,2.32e-01,9.00e+00,
24304,2.24e-01,9.00e+00,
24305,2.24e-01,9.00e+00,
24306,2.24e-01,9.00e+00,
24307,2.32e-01,9.00e+00,
24308,2.24e-01,9.00e+00,
24309,2.24e-01,9.00e+00,
24310,2.24e-01,9.00e+00,
24311,2.32e-01,9.00e+00,
24312,2.24e-01,9.00e+00,
24313,2.24e-01,9.00e+00,
24314,2.24e-01,8.80e+00,
24315,2.32e-01,9.00e+00,
24316,2.24e-01,9.00e+00,
24317,2.24e-01,9.00e+00,
24318,2.24e-01,9.00e+00,
24319,2.24e-01,9.00e+00,
24320,2.24e-01,9.00e+00,
24321,2.24e-01,9.00e+00,
24322,2.24e-01,9.00e+00,
24323,2.24e-01,9.00e+00,
24324,2.24e-01,9.00e+00,
24325,2.24e-01,9.00e+00,
24326,2.24e-01,8.80e+00,
24327,2.24e-01,9.00e+00,
24328,2.24e-01,8.80e+00,
24329,2.24e-01,9.00e+00,
24330,2.24e-01,9.00e+00,
24331,2.24e-01,9.00e+00,
24332,2.24e-01,9.00e+00,
24333,2.24e-01,9.00e+00,
24334,2.24e-01,9.00e+00,
24335,2.24e-01,9.00e+00,
24336,2.24e-01,9.00e+00,
24337,2.24e-01,9.00e+00,
24338,2.24e-01,9.00e+00,
24339,2.24e-01,9.00e+00,
24340,2.16e-01,9.00e+00,
24341,2.24e-01,9.00e+00,
24342,2.24e-01,9.00e+00,
24343,2.24e-01,9.00e+00,
24344,2.24e-01,9.00e+00,
24345,2.24e-01,9.00e+00,
24346,2.24e-01,9.00e+00,
24347,2.24e-01,9.00e+00,
24348,2.24e-01,9.00e+00,
24349,2.24e-01,9.00e+00,
24350,2.24e-01,9.00e+00,
24351,2.24e-01,9.00e+00,
24352,2.24e-01,9.00e+00,
24353,2.24e-01,9.00e+00,
24354,2.24e-01,9.00e+00,
24355,2.24e-01,9.00e+00,
24356,2.16e-01,9.00e+00,
24357,2.24e-01,9.00e+00,
24358,2.16e-01,9.00e+00,
24359,2.24e-01,9.00e+00,
24360,2.24e-01,9.00e+00,
24361,2.16e-01,9.00e+00,
24362,2.24e-01,9.00e+00,
24363,2.24e-01,9.00e+00,
24364,2.16e-01,9.00e+00,
24365,2.24e-01,9.00e+00,
24366,2.16e-01,8.80e+00,
24367,2.24e-01,9.00e+00,
24368,2.16e-01,9.00e+00,
24369,2.24e-01,9.00e+00,
24370,2.24e-01,9.00e+00,
24371,2.24e-01,9.00e+00,
24372,2.16e-01,9.00e+00,
24373,2.16e-01,9.00e+00,
24374,2.24e-01,9.00e+00,
24375,2.24e-01,9.00e+00,
24376,2.24e-01,9.00e+00,
24377,2.24e-01,9.00e+00,
24378,2.16e-01,9.00e+00,
24379,2.24e-01,9.00e+00,
24380,2.16e-01,9.00e+00,
24381,2.16e-01,9.00e+00,
24382,2.16e-01,9.00e+00,
24383,2.24e-01,9.00e+00,
24384,2.16e-01,9.00e+00,
24385,2.16e-01,9.00e+00,
24386,2.16e-01,9.00e+00,
24387,2.24e-01,9.00e+00,
24388,2.16e-01,9.00e+00,
24389,2.16e-01,9.00e+00,
24390,2.16e-01,9.00e+00,
24391,2.24e-01,9.00e+00,
24392,2.16e-01,9.00e+00,
24393,2.16e-01,9.00e+00,
24394,2.16e-01,9.00e+00,
24395,2.16e-01,9.00e+00,
24396,2.16e-01,9.00e+00,
24397,2.16e-01,9.00e+00,
24398,2.16e-01,9.00e+00,
24399,2.24e-01,9.00e+00,
24400,2.16e-01,9.00e+00,
24401,2.16e-01,9.00e+00,
24402,2.16e-01,9.00e+00,
24403,2.24e-01,9.00e+00,
24404,2.16e-01,9.00e+00,
24405,2.16e-01,9.00e+00,
24406,2.16e-01,9.00e+00,
24407,2.24e-01,9.00e+00,
24408,2.16e-01,9.00e+00,
24409,2.16e-01,9.00e+00,
24410,2.16e-01,9.00e+00,
24411,2.16e-01,9.00e+00,
24412,2.16e-01,9.00e+00,
24413,2.16e-01,9.00e+00,
24414,2.16e-01,9.00e+00,
24415,2.16e-01,9.00e+00,
24416,2.16e-01,9.00e+00,
24417,2.16e-01,9.00e+00,
24418,2.16e-01,9.00e+00,
24419,2.16e-01,9.00e+00,
24420,2.16e-01,9.00e+00,
24421,2.16e-01,9.00e+00,
24422,2.16e-01,9.00e+00,
24423,2.16e-01,9.00e+00,
24424,2.16e-01,9.00e+00,
24425,2.16e-01,9.00e+00,
24426,2.16e-01,9.00e+00,
24427,2.16e-01,9.00e+00,
24428,2.16e-01,9.00e+00,
24429,2.16e-01,9.00e+00,
24430,2.16e-01,9.00e+00,
24431,2.16e-01,9.00e+00,
24432,2.16e-01,9.00e+00,
24433,2.16e-01,9.00e+00,
24434,2.16e-01,9.00e+00,
24435,2.16e-01,9.00e+00,
24436,2.16e-01,9.00e+00,
24437,2.16e-01,9.00e+00,
24438,2.16e-01,9.00e+00,
24439,2.16e-01,9.00e+00,
24440,2.16e-01,9.00e+00,
24441,2.16e-01,9.00e+00,
24442,2.16e-01,9.00e+00,
24443,2.16e-01,9.00e+00,
24444,2.16e-01,9.00e+00,
24445,2.16e-01,9.00e+00,
24446,2.16e-01,9.00e+00,
24447,2.16e-01,9.00e+00,
24448,2.16e-01,9.00e+00,
24449,2.16e-01,9.00e+00,
24450,2.16e-01,9.00e+00,
24451,2.16e-01,9.00e+00,
24452,2.16e-01,9.00e+00,
24453,2.16e-01,9.00e+00,
24454,2.16e-01,9.00e+00,
24455,2.16e-01,9.00e+00,
24456,2.16e-01,9.00e+00,
24457,2.16e-01,9.00e+00,
24458,2.16e-01,9.00e+00,
24459,2.16e-01,9.00e+00,
24460,2.16e-01,9.00e+00,
24461,2.16e-01,9.00e+00,
24462,2.16e-01,9.00e+00,
24463,2.16e-01,9.00e+00,
24464,2.16e-01,9.00e+00,
24465,2.16e-01,9.00e+00,
24466,2.16e-01,8.80e+00,
24467,2.16e-01,9.00e+00,
24468,2.16e-01,9.00e+00,
24469,2.16e-01,9.00e+00,
24470,2.16e-01,9.00e+00,
24471,2.16e-01,9.00e+00,
24472,2.16e-01,9.00e+00,
24473,2.16e-01,9.00e+00,
24474,2.16e-01,9.00e+00,
24475,2.16e-01,9.00e+00,
24476,2.16e-01,9.00e+00,
24477,2.16e-01,9.00e+00,
24478,2.16e-01,9.00e+00,
24479,2.16e-01,9.00e+00,
24480,2.08e-01,9.00e+00,
24481,2.16e-01,9.00e+00,
24482,2.16e-01,9.00e+00,
24483,2.16e-01,9.00e+00,
24484,2.16e-01,9.00e+00,
24485,2.16e-01,9.00e+00,
24486,2.16e-01,8.80e+00,
24487,2.16e-01,9.00e+00,
24488,2.08e-01,9.00e+00,
24489,2.16e-01,8.80e+00,
24490,2.16e-01,9.00e+00,
24491,2.16e-01,9.00e+00,
24492,2.08e-01,9.00e+00,
24493,2.08e-01,9.00e+00,
24494,2.16e-01,9.00e+00,
24495,2.16e-01,9.00e+00,
24496,2.08e-01,9.00e+00,
24497,2.08e-01,9.00e+00,
24498,2.08e-01,9.00e+00,
24499,2.16e-01,9.00e+00,
24500,2.08e-01,9.00e+00,
24501,2.08e-01,9.00e+00,
24502,2.08e-01,9.00e+00,
24503,2.16e-01,9.00e+00,
24504,2.08e-01,9.00e+00,
24505,2.08e-01,9.00e+00,
24506,2.16e-01,9.00e+00,
24507,2.16e-01,9.00e+00,
24508,2.08e-01,9.00e+00,
24509,2.08e-01,9.00e+00,
24510,2.08e-01,9.00e+00,
24511,2.16e-01,9.00e+00,
24512,2.08e-01,9.00e+00,
24513,2.08e-01,9.00e+00,
24514,2.08e-01,9.00e+00,
24515,2.16e-01,9.00e+00,
24516,2.08e-01,9.00e+00,
24517,2.08e-01,9.00e+00,
24518,2.08e-01,9.00e+00,
24519,2.16e-01,9.00e+00,
24520,2.08e-01,9.00e+00,
24521,2.08e-01,9.00e+00,
24522,2.16e-01,8.80e+00,
24523,2.16e-01,9.00e+00,
24524,2.08e-01,9.00e+00,
24525,2.08e-01,9.00e+00,
24526,2.08e-01,9.00e+00,
24527,2.16e-01,9.00e+00,
24528,2.08e-01,9.00e+00,
24529,2.16e-01,9.00e+00,
24530,2.08e-01,9.00e+00,
24531,2.16e-01,9.00e+00,
24532,2.08e-01,9.00e+00,
24533,2.08e-01,9.00e+00,
24534,2.08e-01,9.00e+00,
24535,2.16e-01,9.00e+00,
24536,2.08e-01,9.00e+00,
24537,2.08e-01,9.00e+00,
24538,2.08e-01,9.00e+00,
24539,2.08e-01,9.20e+00,
24540,2.08e-01,9.00e+00,
24541,2.08e-01,9.00e+00,
24542,2.08e-01,8.80e+00,
24543,2.08e-01,9.00e+00,
24544,2.08e-01,9.00e+00,
24545,2.08e-01,9.00e+00,
24546,2.08e-01,9.00e+00,
24547,2.08e-01,9.20e+00,
24548,2.08e-01,9.00e+00,
24549,2.08e-01,9.00e+00,
24550,2.08e-01,9.00e+00,
24551,2.08e-01,9.00e+00,
24552,2.08e-01,9.00e+00,
24553,2.08e-01,9.00e+00,
24554,2.08e-01,8.80e+00,
24555,2.08e-01,9.00e+00,
24556,2.08e-01,9.00e+00,
24557,2.08e-01,9.00e+00,
24558,2.08e-01,9.00e+00,
24559,2.08e-01,9.00e+00,
24560,2.08e-01,9.00e+00,
24561,2.08e-01,9.00e+00,
24562,2.08e-01,9.00e+00,
24563,2.08e-01,9.00e+00,
24564,2.08e-01,9.00e+00,
24565,2.08e-01,9.00e+00,
24566,2.08e-01,9.00e+00,
24567,2.08e-01,9.00e+00,
24568,2.08e-01,9.00e+00,
24569,2.08e-01,9.00e+00,
24570,2.08e-01,9.00e+00,
24571,2.08e-01,9.00e+00,
24572,2.08e-01,9.00e+00,
24573,2.08e-01,9.00e+00,
24574,2.08e-01,9.00e+00,
24575,2.08e-01,9.00e+00,
24576,2.08e-01,9.00e+00,
24577,2.08e-01,9.00e+00,
24578,2.08e-01,9.00e+00,
24579,2.08e-01,9.20e+00,
24580,2.08e-01,9.00e+00,
24581,2.08e-01,9.00e+00,
24582,2.08e-01,9.00e+00,
24583,2.08e-01,9.00e+00,
24584,2.08e-01,9.00e+00,
24585,2.08e-01,9.00e+00,
24586,2.08e-01,9.00e+00,
24587,2.08e-01,9.00e+00,
24588,2.08e-01,9.00e+00,
24589,2.08e-01,9.00e+00,
24590,2.00e-01,9.00e+00,
24591,2.08e-01,9.00e+00,
24592,2.08e-01,9.00e+00,
24593,2.08e-01,9.00e+00,
24594,2.08e-01,9.00e+00,
24595,2.08e-01,9.00e+00,
24596,2.00e-01,9.00e+00,
24597,2.00e-01,9.00e+00,
24598,2.08e-01,9.00e+00,
24599,2.08e-01,9.00e+00,
24600,2.00e-01,9.00e+00,
24601,2.08e-01,9.00e+00,
24602,2.08e-01,9.00e+00,
24603,2.08e-01,9.00e+00,
24604,2.00e-01,8.80e+00,
24605,2.00e-01,9.00e+00,
24606,2.08e-01,9.00e+00,
24607,2.08e-01,9.00e+00,
24608,2.00e-01,9.00e+00,
24609,2.00e-01,9.00e+00,
24610,2.00e-01,9.00e+00,
24611,2.08e-01,9.00e+00,
24612,2.00e-01,9.00e+00,
24613,2.00e-01,9.00e+00,
24614,2.00e-01,9.00e+00,
24615,2.08e-01,9.00e+00,
24616,2.00e-01,8.80e+00,
24617,2.00e-01,9.00e+00,
24618,2.00e-01,9.00e+00,
24619,2.08e-01,9.00e+00,
24620,2.00e-01,9.00e+00,
24621,2.00e-01,9.00e+00,
24622,2.00e-01,9.00e+00,
24623,2.08e-01,9.00e+00,
24624,2.00e-01,9.00e+00,
24625,2.00e-01,9.00e+00,
24626,2.00e-01,9.00e+00,
24627,2.00e-01,9.00e+00,
24628,2.00e-01,9.00e+00,
24629,2.00e-01,9.00e+00,
24630,2.00e-01,9.00e+00,
24631,2.00e-01,9.00e+00,
24632,2.00e-01,9.00e+00,
24633,2.00e-01,8.80e+00,
24634,2.00e-01,9.00e+00,
24635,2.00e-01,9.00e+00,
24636,2.00e-01,9.00e+00,
24637,2.00e-01,9.00e+00,
24638,2.00e-01,8.80e+00,
24639,2.00e-01,9.00e+00,
24640,2.00e-01,9.00e+00,
24641,2.00e-01,9.00e+00,
24642,2.00e-01,9.00e+00,
24643,2.00e-01,9.00e+00,
24644,2.00e-01,9.00e+00,
24645,2.00e-01,9.00e+00,
24646,2.00e-01,9.00e+00,
24647,2.00e-01,9.00e+00,
24648,2.00e-01,9.00e+00,
24649,2.00e-01,9.00e+00,
24650,2.00e-01,8.80e+00,
24651,2.00e-01,9.00e+00,
24652,2.00e-01,9.00e+00,
24653,2.00e-01,9.00e+00,
24654,2.00e-01,9.00e+00,
24655,2.00e-01,9.00e+00,
24656,2.00e-01,9.00e+00,
24657,2.00e-01,9.00e+00,
24658,2.00e-01,8.80e+00,
24659,2.00e-01,9.00e+00,
24660,1.92e-01,8.80e+00,
24661,2.00e-01,9.00e+00,
24662,2.00e-01,9.00e+00,
24663,2.00e-01,9.00e+00,
24664,2.00e-01,9.00e+00,
24665,2.00e-01,9.00e+00,
24666,2.00e-01,9.00e+00,
24667,2.00e-01,9.00e+00,
24668,1.92e-01,9.00e+00,
24669,1.92e-01,9.00e+00,
24670,1.92e-01,9.00e+00,
24671,2.00e-01,9.00e+00,
24672,1.92e-01,9.00e+00,
24673,1.92e-01,9.00e+00,
24674,2.00e-01,9.00e+00,
24675,1.92e-01,9.00e+00,
24676,1.92e-01,9.00e+00,
24677,1.92e-01,9.00e+00,
24678,1.92e-01,9.00e+00,
24679,2.00e-01,9.00e+00,
24680,1.92e-01,9.00e+00,
24681,1.92e-01,9.00e+00,
24682,1.92e-01,9.00e+00,
24683,1.92e-01,9.00e+00,
24684,1.92e-01,9.00e+00,
24685,1.92e-01,9.00e+00,
24686,1.92e-01,9.00e+00,
24687,1.92e-01,9.00e+00,
24688,1.92e-01,9.00e+00,
24689,1.92e-01,9.00e+00,
24690,1.92e-01,9.00e+00,
24691,1.92e-01,9.00e+00,
24692,1.92e-01,9.00e+00,
24693,1.92e-01,8.80e+00,
24694,1.92e-01,9.00e+00,
24695,1.92e-01,9.00e+00,
24696,1.92e-01,9.00e+00,
24697,1.92e-01,9.00e+00,
24698,1.92e-01,8.80e+00,
24699,1.92e-01,9.00e+00,
24700,1.92e-01,9.00e+00,
24701,1.92e-01,9.00e+00,
24702,1.92e-01,9.00e+00,
24703,1.92e-01,9.00e+00,
24704,1.92e-01,9.00e+00,
24705,1.92e-01,9.00e+00,
24706,1.92e-01,9.00e+00,
24707,1.92e-01,9.00e+00,
24708,1.92e-01,8.80e+00,
24709,1.92e-01,9.00e+00,
24710,1.92e-01,9.00e+00,
24711,1.92e-01,9.00e+00,
24712,1.84e-01,9.00e+00,
24713,1.92e-01,9.00e+00,
24714,1.92e-01,9.00e+00,
24715,1.92e-01,9.00e+00,
24716,1.92e-01,9.00e+00,
24717,1.84e-01,9.00e+00,
24718,1.92e-01,8.80e+00,
24719,1.92e-01,9.00e+00,
24720,1.84e-01,9.00e+00,
24721,1.84e-01,9.00e+00,
24722,1.84e-01,9.00e+00,
24723,1.84e-01,9.00e+00,
24724,1.84e-01,9.00e+00,
24725,1.84e-01,9.00e+00,
24726,1.84e-01,8.80e+00,
24727,1.84e-01,9.00e+00,
24728,1.84e-01,9.00e+00,
24729,1.84e-01,8.80e+00,
24730,1.84e-01,8.80e+00,
24731,1.92e-01,9.00e+00,
24732,1.84e-01,9.00e+00,
24733,1.84e-01,9.00e+00,
24734,1.84e-01,9.00e+00,
24735,1.84e-01,9.00e+00,
24736,1.84e-01,9.00e+00,
24737,1.84e-01,9.00e+00,
24738,1.84e-01,9.00e+00,
24739,1.84e-01,9.00e+00,
24740,1.84e-01,9.00e+00,
24741,1.84e-01,9.00e+00,
24742,1.84e-01,9.00e+00,
24743,1.84e-01,8.80e+00,
24744,1.84e-01,9.00e+00,
24745,1.84e-01,9.00e+00,
24746,1.84e-01,8.80e+00,
24747,1.84e-01,9.00e+00,
24748,1.84e-01,8.80e+00,
24749,1.84e-01,9.00e+00,
24750,1.84e-01,9.00e+00,
24751,1.84e-01,9.00e+00,
24752,1.84e-01,8.80e+00,
24753,1.84e-01,9.00e+00,
24754,1.84e-01,9.00e+00,
24755,1.84e-01,9.00e+00,
24756,1.84e-01,9.00e+00,
24757,1.84e-01,9.00e+00,
24758,1.84e-01,8.80e+00,
24759,1.84e-01,9.00e+00,
24760,1.84e-01,9.00e+00,
24761,1.76e-01,9.00e+00,
24762,1.84e-01,9.00e+00,
24763,1.84e-01,9.00e+00,
24764,1.76e-01,9.00e+00,
24765,1.76e-01,9.00e+00,
24766,1.76e-01,8.80e+00,
24767,1.84e-01,9.00e+00,
24768,1.76e-01,9.00e+00,
24769,1.76e-01,9.00e+00,
24770,1.76e-01,9.00e+00,
24771,1.76e-01,9.00e+00,
24772,1.76e-01,9.00e+00,
24773,1.76e-01,9.00e+00,
24774,1.76e-01,8.80e+00,
24775,1.76e-01,9.00e+00,
24776,1.76e-01,9.00e+00,
24777,1.76e-01,9.00e+00,
24778,1.76e-01,8.80e+00,
24779,1.76e-01,9.00e+00,
24780,1.76e-01,9.00e+00,
24781,1.76e-01,9.00e+00,
24782,1.76e-01,9.00e+00,
24783,1.76e-01,9.00e+00,
24784,1.76e-01,9.00e+00,
24785,1.76e-01,8.80e+00,
24786,1.76e-01,8.80e+00,
24787,1.76e-01,9.00e+00,
24788,1.76e-01,8.80e+00,
24789,1.76e-01,9.00e+00,
24790,1.76e-01,8.80e+00,
24791,1.76e-01,9.00e+00,
24792,1.76e-01,9.00e+00,
24793,1.76e-01,9.00e+00,
24794,1.76e-01,8.80e+00,
24795,1.76e-01,9.00e+00,
24796,1.76e-01,9.00e+00,
24797,1.76e-01,9.00e+00,
24798,1.76e-01,8.80e+00,
24799,1.76e-01,9.00e+00,
24800,1.76e-01,8.80e+00,
24801,1.76e-01,9.00e+00,
24802,1.76e-01,8.80e+00,
24803,1.76e-01,9.00e+00,
24804,1.68e-01,9.00e+00,
24805,1.68e-01,9.00e+00,
24806,1.68e-01,9.00e+00,
24807,1.76e-01,9.00e+00,
24808,1.68e-01,9.00e+00,
24809,1.68e-01,9.00e+00,
24810,1.68e-01,9.00e+00,
24811,1.68e-01,9.00e+00,
24812,1.68e-01,9.00e+00,
24813,1.68e-01,9.00e+00,
24814,1.68e-01,9.00e+00,
24815,1.76e-01,9.00e+00,
24816,1.68e-01,9.00e+00,
24817,1.68e-01,9.00e+00,
24818,1.68e-01,9.00e+00,
24819,1.68e-01,9.00e+00,
24820,1.68e-01,9.00e+00,
24821,1.68e-01,9.00e+00,
24822,1.68e-01,9.00e+00,
24823,1.68e-01,9.00e+00,
24824,1.68e-01,9.00e+00,
24825,1.68e-01,8.80e+00,
24826,1.68e-01,8.80e+00,
24827,1.68e-01,9.00e+00,
24828,1.68e-01,9.00e+00,
24829,1.68e-01,9.00e+00,
24830,1.68e-01,9.00e+00,
24831,1.68e-01,9.00e+00,
24832,1.68e-01,9.00e+00,
24833,1.68e-01,8.80e+00,
24834,1.68e-01,9.00e+00,
24835,1.68e-01,9.00e+00,
24836,1.68e-01,8.80e+00,
24837,1.68e-01,9.00e+00,
24838,1.68e-01,9.00e+00,
24839,1.68e-01,9.00e+00,
24840,1.60e-01,9.00e+00,
24841,1.68e-01,9.00e+00,
24842,1.68e-01,9.00e+00,
24843,1.68e-01,9.00e+00,
24844,1.68e-01,8.80e+00,
24845,1.60e-01,9.00e+00,
24846,1.60e-01,8.80e+00,
24847,1.68e-01,9.00e+00,
24848,1.60e-01,9.00e+00,
24849,1.60e-01,9.00e+00,
24850,1.60e-01,8.80e+00,
24851,1.60e-01,8.80e+00,
24852,1.60e-01,9.00e+00,
24853,1.60e-01,9.00e+00,
24854,1.60e-01,8.80e+00,
24855,1.60e-01,9.00e+00,
24856,1.60e-01,9.00e+00,
24857,1.60e-01,8.80e+00,
24858,1.60e-01,8.80e+00,
24859,1.60e-01,9.00e+00,
24860,1.60e-01,9.00e+00,
24861,1.60e-01,9.00e+00,
24862,1.60e-01,8.80e+00,
24863,1.60e-01,9.00e+00,
24864,1.60e-01,9.00e+00,
24865,1.60e-01,9.00e+00,
24866,1.60e-01,9.00e+00,
24867,1.60e-01,9.00e+00,
24868,1.60e-01,8.80e+00,
24869,1.60e-01,9.00e+00,
24870,1.60e-01,8.80e+00,
24871,1.60e-01,9.00e+00,
24872,1.60e-01,9.00e+00,
24873,1.60e-01,9.00e+00,
24874,1.60e-01,9.00e+00,
24875,1.60e-01,9.00e+00,
24876,1.60e-01,8.80e+00,
24877,1.60e-01,8.80e+00,
24878,1.60e-01,9.00e+00,
24879,1.60e-01,9.00e+00,
24880,1.60e-01,9.00e+00,
24881,1.60e-01,9.00e+00,
24882,1.60e-01,8.80e+00,
24883,1.60e-01,9.00e+00,
24884,1.60e-01,9.00e+00,
24885,1.60e-01,9.00e+00,
24886,1.60e-01,9.00e+00,
24887,1.60e-01,9.00e+00,
24888,1.52e-01,9.00e+00,
24889,1.52e-01,9.00e+00,
24890,1.52e-01,8.80e+00,
24891,1.60e-01,9.00e+00,
24892,1.52e-01,9.00e+00,
24893,1.52e-01,8.80e+00,
24894,1.52e-01,8.80e+00,
24895,1.60e-01,9.00e+00,
24896,1.52e-01,9.00e+00,
24897,1.52e-01,8.80e+00,
24898,1.60e-01,9.00e+00,
24899,1.52e-01,9.00e+00,
24900,1.52e-01,9.00e+00,
24901,1.52e-01,9.00e+00,
24902,1.52e-01,8.80e+00,
24903,1.52e-01,9.00e+00,
24904,1.52e-01,9.00e+00,
24905,1.52e-01,9.00e+00,
24906,1.52e-01,8.80e+00,
24907,1.52e-01,9.00e+00,
24908,1.52e-01,9.00e+00,
24909,1.52e-01,9.00e+00,
24910,1.52e-01,9.00e+00,
24911,1.52e-01,9.00e+00,
24912,1.52e-01,9.00e+00,
24913,1.52e-01,8.80e+00,
24914,1.52e-01,9.00e+00,
24915,1.52e-01,9.00e+00,
24916,1.52e-01,9.00e+00,
24917,1.52e-01,9.00e+00,
24918,1.52e-01,8.80e+00,
24919,1.52e-01,9.00e+00,
24920,1.52e-01,9.00e+00,
24921,1.52e-01,9.00e+00,
24922,1.52e-01,9.00e+00,
24923,1.52e-01,9.00e+00,
24924,1.52e-01,9.00e+00,
24925,1.52e-01,9.00e+00,
24926,1.52e-01,8.80e+00,
24927,1.52e-01,8.80e+00,
24928,1.52e-01,9.00e+00,
24929,1.52e-01,9.00e+00,
24930,1.52e-01,8.80e+00,
24931,1.52e-01,9.00e+00,
24932,1.52e-01,8.80e+00,
24933,1.52e-01,9.00e+00,
24934,1.52e-01,9.00e+00,
24935,1.52e-01,9.00e+00,
24936,1.52e-01,9.00e+00,
24937,1.36e-01,9.00e+00,
24938,1.52e-01,9.00e+00,
24939,1.52e-01,9.00e+00,
24940,1.36e-01,8.80e+00,
24941,1.36e-01,9.00e+00,
24942,1.36e-01,9.00e+00,
24943,1.52e-01,9.00e+00,
24944,1.52e-01,8.80e+00,
24945,1.36e-01,9.00e+00,
24946,1.52e-01,9.00e+00,
24947,1.52e-01,9.00e+00,
24948,1.36e-01,8.80e+00,
24949,1.36e-01,9.00e+00,
24950,1.36e-01,8.80e+00,
24951,1.52e-01,9.00e+00,
24952,1.52e-01,9.00e+00,
24953,1.36e-01,8.80e+00,
24954,1.36e-01,9.00e+00,
24955,1.36e-01,9.00e+00,
24956,1.36e-01,8.80e+00,
24957,1.36e-01,9.00e+00,
24958,1.36e-01,8.80e+00,
24959,1.36e-01,9.00e+00,
24960,1.36e-01,9.00e+00,
24961,1.36e-01,8.80e+00,
24962,1.36e-01,9.00e+00,
24963,1.36e-01,8.80e+00,
24964,1.36e-01,8.80e+00,
24965,1.36e-01,9.00e+00,
24966,1.36e-01,8.80e+00,
24967,1.36e-01,9.00e+00,
24968,1.36e-01,9.00e+00,
24969,1.36e-01,9.00e+00,
24970,1.36e-01,8.80e+00,
24971,1.36e-01,9.00e+00,
24972,1.36e-01,9.00e+00,
24973,1.36e-01,9.00e+00,
24974,1.36e-01,8.80e+00,
24975,1.36e-01,9.00e+00,
24976,1.36e-01,9.00e+00,
24977,1.36e-01,8.80e+00,
24978,1.36e-01,8.80e+00,
24979,1.36e-01,9.00e+00,
24980,1.36e-01,8.80e+00,
24981,1.36e-01,9.00e+00,
24982,1.36e-01,8.80e+00,
24983,1.36e-01,9.00e+00,
24984,1.36e-01,9.00e+00,
24985,1.36e-01,9.00e+00,
24986,1.36e-01,8.80e+00,
24987,1.36e-01,9.00e+00,
24988,1.36e-01,8.80e+00,
24989,1.36e-01,9.00e+00,
24990,1.36e-01,8.80e+00,
24991,1.36e-01,9.00e+00,
24992,1.36e-01,8.80e+00,
24993,1.36e-01,9.00e+00,
24994,1.36e-01,8.80e+00,
24995,1.36e-01,9.00e+00,
24996,1.36e-01,8.80e+00,
24997,1.28e-01,9.00e+00,
24998,1.36e-01,9.00e+00,
24999,1.36e-01,9.00e+00,
25000,1.28e-01,8.80e+00,
25001,1.36e-01,9.00e+00,
25002,1.36e-01,8.80e+00,
25003,1.36e-01,8.80e+00,
25004,1.28e-01,8.80e+00,
25005,1.28e-01,9.00e+00,
25006,1.36e-01,9.00e+00,
25007,1.36e-01,9.00e+00,
25008,1.28e-01,9.00e+00,
25009,1.36e-01,9.00e+00,
25010,1.28e-01,9.00e+00,
25011,1.28e-01,9.00e+00,
25012,1.28e-01,9.00e+00,
25013,1.28e-01,8.80e+00,
25014,1.28e-01,8.80e+00,
25015,1.36e-01,9.00e+00,
25016,1.28e-01,9.00e+00,
25017,1.28e-01,9.00e+00,
25018,1.28e-01,8.80e+00,
25019,1.28e-01,9.00e+00,
25020,1.28e-01,9.00e+00,
25021,1.28e-01,9.00e+00,
25022,1.28e-01,8.80e+00,
25023,1.28e-01,9.00e+00,
25024,1.28e-01,9.00e+00,
25025,1.28e-01,8.80e+00,
25026,1.28e-01,8.80e+00,
25027,1.28e-01,9.00e+00,
25028,1.28e-01,8.80e+00,
25029,1.28e-01,9.00e+00,
25030,1.28e-01,8.80e+00,
25031,1.28e-01,9.00e+00,
25032,1.28e-01,9.00e+00,
25033,1.28e-01,9.00e+00,
25034,1.28e-01,8.80e+00,
25035,1.28e-01,9.00e+00,
25036,1.28e-01,8.80e+00,
25037,1.28e-01,9.00e+00,
25038,1.28e-01,8.80e+00,
25039,1.28e-01,9.00e+00,
25040,1.28e-01,8.80e+00,
25041,1.28e-01,8.80e+00,
25042,1.28e-01,9.00e+00,
25043,1.28e-01,9.00e+00,
25044,1.28e-01,9.00e+00,
25045,1.28e-01,9.00e+00,
25046,1.28e-01,9.00e+00,
25047,1.28e-01,9.00e+00,
25048,1.28e-01,9.00e+00,
25049,1.28e-01,9.00e+00,
25050,1.28e-01,8.80e+00,
25051,1.28e-01,9.00e+00,
25052,1.28e-01,8.80e+00,
25053,1.28e-01,8.80e+00,
25054,1.28e-01,8.80e+00,
25055,1.28e-01,9.00e+00,
25056,1.28e-01,9.00e+00,
25057,1.28e-01,8.80e+00,
25058,1.28e-01,8.80e+00,
25059,1.28e-01,9.00e+00,
25060,1.28e-01,8.80e+00,
25061,1.28e-01,9.00e+00,
25062,1.28e-01,8.80e+00,
25063,1.28e-01,9.00e+00,
25064,1.28e-01,9.00e+00,
25065,1.28e-01,9.00e+00,
25066,1.28e-01,8.80e+00,
25067,1.28e-01,9.00e+00,
25068,1.28e-01,8.80e+00,
25069,1.28e-01,9.00e+00,
25070,1.28e-01,8.80e+00,
25071,1.28e-01,8.80e+00,
25072,1.28e-01,8.80e+00,
25073,1.20e-01,9.00e+00,
25074,1.28e-01,9.00e+00,
25075,1.28e-01,8.80e+00,
25076,1.28e-01,9.00e+00,
25077,1.20e-01,9.00e+00,
25078,1.28e-01,8.80e+00,
25079,1.28e-01,8.80e+00,
25080,1.28e-01,8.80e+00,
25081,1.20e-01,9.00e+00,
25082,1.28e-01,9.00e+00,
25083,1.28e-01,9.00e+00,
25084,1.28e-01,9.00e+00,
25085,1.20e-01,9.00e+00,
25086,1.20e-01,9.00e+00,
25087,1.28e-01,9.00e+00,
25088,1.20e-01,8.80e+00,
25089,1.20e-01,9.00e+00,
25090,1.20e-01,8.80e+00,
25091,1.28e-01,9.00e+00,
25092,1.20e-01,8.80e+00,
25093,1.20e-01,9.00e+00,
25094,1.20e-01,8.80e+00,
25095,1.28e-01,9.00e+00,
25096,1.20e-01,9.00e+00,
25097,1.20e-01,9.00e+00,
25098,1.20e-01,8.80e+00,
25099,1.28e-01,9.00e+00,
25100,1.20e-01,8.80e+00,
25101,1.20e-01,9.00e+00,
25102,1.20e-01,9.00e+00,
25103,1.20e-01,8.80e+00,
25104,1.20e-01,9.00e+00,
25105,1.20e-01,8.80e+00,
25106,1.20e-01,8.80e+00,
25107,1.20e-01,9.00e+00,
25108,1.20e-01,8.80e+00,
25109,1.20e-01,9.00e+00,
25110,1.20e-01,8.80e+00,
25111,1.20e-01,9.00e+00,
25112,1.20e-01,9.00e+00,
25113,1.20e-01,9.00e+00,
25114,1.20e-01,8.80e+00,
25115,1.20e-01,8.80e+00,
25116,1.20e-01,9.00e+00,
25117,1.20e-01,9.00e+00,
25118,1.20e-01,8.80e+00,
25119,1.20e-01,8.80e+00,
25120,1.20e-01,8.80e+00,
25121,1.20e-01,8.80e+00,
25122,1.20e-01,8.80e+00,
25123,1.20e-01,9.00e+00,
25124,1.20e-01,8.80e+00,
25125,1.20e-01,9.00e+00,
25126,1.20e-01,8.80e+00,
25127,1.20e-01,8.80e+00,
25128,1.20e-01,9.00e+00,
25129,1.20e-01,9.00e+00,
25130,1.20e-01,8.80e+00,
25131,1.20e-01,8.80e+00,
25132,1.20e-01,8.80e+00,
25133,1.20e-01,8.80e+00,
25134,1.20e-01,8.80e+00,
25135,1.20e-01,9.00e+00,
25136,1.20e-01,9.00e+00,
25137,1.20e-01,9.00e+00,
25138,1.20e-01,8.80e+00,
25139,1.20e-01,9.00e+00,
25140,1.20e-01,8.80e+00,
25141,1.20e-01,9.00e+00,
25142,1.20e-01,8.80e+00,
25143,1.20e-01,8.80e+00,
25144,1.20e-01,9.00e+00,
25145,1.20e-01,8.80e+00,
25146,1.20e-01,8.80e+00,
25147,1.20e-01,9.00e+00,
25148,1.20e-01,8.80e+00,
25149,1.20e-01,9.00e+00,
25150,1.20e-01,8.80e+00,
25151,1.20e-01,9.00e+00,
25152,1.20e-01,9.00e+00,
25153,1.12e-01,9.00e+00,
25154,1.20e-01,8.80e+00,
25155,1.20e-01,9.00e+00,
25156,1.20e-01,9.00e+00,
25157,1.20e-01,9.00e+00,
25158,1.12e-01,8.80e+00,
25159,1.20e-01,8.80e+00,
25160,1.20e-01,9.00e+00,
25161,1.12e-01,8.80e+00,
25162,1.20e-01,9.00e+00,
25163,1.12e-01,9.00e+00,
25164,1.12e-01,9.00e+00,
25165,1.12e-01,9.00e+00,
25166,1.12e-01,8.80e+00,
25167,1.20e-01,9.00e+00,
25168,1.12e-01,8.80e+00,
25169,1.12e-01,8.80e+00,
25170,1.12e-01,9.00e+00,
25171,1.20e-01,8.80e+00,
25172,1.12e-01,8.80e+00,
25173,1.12e-01,8.80e+00,
25174,1.12e-01,8.80e+00,
25175,1.20e-01,9.00e+00,
25176,1.12e-01,9.00e+00,
25177,1.12e-01,8.80e+00,
25178,1.20e-01,9.00e+00,
25179,1.20e-01,9.00e+00,
25180,1.12e-01,8.80e+00,
25181,1.12e-01,9.00e+00,
25182,1.12e-01,8.80e+00,
25183,1.12e-01,8.80e+00,
25184,1.12e-01,9.00e+00,
25185,1.12e-01,8.80e+00,
25186,1.12e-01,8.80e+00,
25187,1.12e-01,9.00e+00,
25188,1.12e-01,8.80e+00,
25189,1.12e-01,9.00e+00,
25190,1.12e-01,9.00e+00,
25191,1.12e-01,9.00e+00,
25192,1.12e-01,8.80e+00,
25193,1.12e-01,9.00e+00,
25194,1.12e-01,9.00e+00,
25195,1.12e-01,8.80e+00,
25196,1.12e-01,8.80e+00,
25197,1.12e-01,9.00e+00,
25198,1.12e-01,9.00e+00,
25199,1.12e-01,9.00e+00,
25200,1.12e-01,9.00e+00,
25201,1.12e-01,8.80e+00,
25202,1.12e-01,8.80e+00,
25203,1.12e-01,9.00e+00,
25204,1.12e-01,8.80e+00,
25205,1.12e-01,8.80e+00,
25206,1.12e-01,8.80e+00,
25207,1.12e-01,9.00e+00,
25208,1.12e-01,9.00e+00,
25209,1.12e-01,8.80e+00,
25210,1.12e-01,9.00e+00,
25211,1.12e-01,9.00e+00,
25212,1.12e-01,8.80e+00,
25213,1.12e-01,8.80e+00,
25214,1.12e-01,9.00e+00,
25215,1.12e-01,9.00e+00,
25216,1.12e-01,9.00e+00,
25217,1.12e-01,8.80e+00,
25218,1.12e-01,8.80e+00,
25219,1.12e-01,8.80e+00,
25220,1.12e-01,8.80e+00,
25221,1.12e-01,9.00e+00,
25222,1.12e-01,8.80e+00,
25223,1.12e-01,9.00e+00,
25224,1.12e-01,9.00e+00,
25225,1.12e-01,9.00e+00,
25226,1.12e-01,9.00e+00,
25227,1.12e-01,9.00e+00,
25228,1.12e-01,8.80e+00,
25229,1.12e-01,8.80e+00,
25230,1.12e-01,9.00e+00,
25231,1.12e-01,9.00e+00,
25232,1.12e-01,8.80e+00,
25233,1.12e-01,9.00e+00,
25234,1.12e-01,8.80e+00,
25235,1.12e-01,8.80e+00,
25236,1.12e-01,8.80e+00,
25237,1.12e-01,9.00e+00,
25238,1.04e-01,8.80e+00,
25239,1.12e-01,9.00e+00,
25240,1.04e-01,8.80e+00,
25241,1.12e-01,8.80e+00,
25242,1.12e-01,8.80e+00,
25243,1.12e-01,9.00e+00,
25244,1.04e-01,8.80e+00,
25245,1.04e-01,9.00e+00,
25246,1.12e-01,8.80e+00,
25247,1.12e-01,8.80e+00,
25248,1.04e-01,8.80e+00,
25249,1.04e-01,8.80e+00,
25250,1.04e-01,8.80e+00,
25251,1.04e-01,9.00e+00,
25252,1.04e-01,8.80e+00,
25253,1.04e-01,8.80e+00,
25254,1.04e-01,8.80e+00,
25255,1.04e-01,8.80e+00,
25256,1.04e-01,8.80e+00,
25257,1.04e-01,8.80e+00,
25258,1.04e-01,8.80e+00,
25259,1.12e-01,9.00e+00,
25260,1.04e-01,8.80e+00,
25261,1.04e-01,9.00e+00,
25262,1.04e-01,8.80e+00,
25263,1.04e-01,8.80e+00,
25264,1.04e-01,9.00e+00,
25265,1.04e-01,9.00e+00,
25266,1.04e-01,9.00e+00,
25267,1.04e-01,8.80e+00,
25268,1.04e-01,8.80e+00,
25269,1.04e-01,9.00e+00,
25270,1.04e-01,8.80e+00,
25271,1.04e-01,8.80e+00,
25272,1.04e-01,9.00e+00,
25273,1.04e-01,8.80e+00,
25274,1.04e-01,8.80e+00,
25275,1.04e-01,9.00e+00,
25276,1.04e-01,9.00e+00,
25277,1.04e-01,8.80e+00,
25278,1.04e-01,9.00e+00,
25279,1.04e-01,9.00e+00,
25280,1.04e-01,8.80e+00,
25281,1.04e-01,8.80e+00,
25282,1.04e-01,8.80e+00,
25283,1.04e-01,9.00e+00,
25284,1.04e-01,8.80e+00,
25285,1.04e-01,8.80e+00,
25286,1.04e-01,9.00e+00,
25287,1.04e-01,9.00e+00,
25288,1.04e-01,8.80e+00,
25289,1.04e-01,9.00e+00,
25290,1.04e-01,8.80e+00,
25291,1.04e-01,8.80e+00,
25292,1.04e-01,8.80e+00,
25293,1.04e-01,9.00e+00,
25294,1.04e-01,8.80e+00,
25295,1.04e-01,8.80e+00,
25296,1.04e-01,9.00e+00,
25297,1.04e-01,9.00e+00,
25298,1.04e-01,8.80e+00,
25299,1.04e-01,8.80e+00,
25300,9.60e-02,8.80e+00,
25301,9.60e-02,8.80e+00,
25302,1.04e-01,8.80e+00,
25303,1.04e-01,9.00e+00,
25304,1.04e-01,8.80e+00,
25305,1.04e-01,8.80e+00,
25306,1.04e-01,8.80e+00,
25307,1.04e-01,9.00e+00,
25308,1.04e-01,8.80e+00,
25309,9.60e-02,9.00e+00,
25310,9.60e-02,8.80e+00,
25311,1.04e-01,9.00e+00,
25312,9.60e-02,9.00e+00,
25313,1.04e-01,9.00e+00,
25314,1.04e-01,8.80e+00,
25315,1.04e-01,9.00e+00,
25316,9.60e-02,8.80e+00,
25317,9.60e-02,9.00e+00,
25318,9.60e-02,8.80e+00,
25319,1.04e-01,9.00e+00,
25320,9.60e-02,9.00e+00,
25321,9.60e-02,9.00e+00,
25322,9.60e-02,8.80e+00,
25323,9.60e-02,9.00e+00,
25324,9.60e-02,8.80e+00,
25325,9.60e-02,8.80e+00,
25326,9.60e-02,8.80e+00,
25327,9.60e-02,9.00e+00,
25328,9.60e-02,8.80e+00,
25329,9.60e-02,8.80e+00,
25330,9.60e-02,8.80e+00,
25331,9.60e-02,8.80e+00,
25332,9.60e-02,8.80e+00,
25333,9.60e-02,9.00e+00,
25334,9.60e-02,8.80e+00,
25335,9.60e-02,8.80e+00,
25336,9.60e-02,9.00e+00,
25337,9.60e-02,8.80e+00,
25338,9.60e-02,8.80e+00,
25339,9.60e-02,9.00e+00,
25340,9.60e-02,8.80e+00,
25341,9.60e-02,8.80e+00,
25342,9.60e-02,9.00e+00,
25343,9.60e-02,8.80e+00,
25344,9.60e-02,9.00e+00,
25345,9.60e-02,9.00e+00,
25346,9.60e-02,9.00e+00,
25347,9.60e-02,9.00e+00,
25348,9.60e-02,8.80e+00,
25349,9.60e-02,9.00e+00,
25350,9.60e-02,8.80e+00,
25351,9.60e-02,9.00e+00,
25352,9.60e-02,9.00e+00,
25353,9.60e-02,8.80e+00,
25354,9.60e-02,8.80e+00,
25355,9.60e-02,9.00e+00,
25356,9.60e-02,8.80e+00,
25357,9.60e-02,8.80e+00,
25358,9.60e-02,8.80e+00,
25359,9.60e-02,8.80e+00,
25360,9.60e-02,8.80e+00,
25361,9.60e-02,8.80e+00,
25362,9.60e-02,8.80e+00,
25363,9.60e-02,8.80e+00,
25364,9.60e-02,8.80e+00,
25365,9.60e-02,9.00e+00,
25366,9.60e-02,8.80e+00,
25367,9.60e-02,9.00e+00,
25368,9.60e-02,8.80e+00,
25369,9.60e-02,8.80e+00,
25370,9.60e-02,8.80e+00,
25371,9.60e-02,9.00e+00,
25372,9.60e-02,8.80e+00,
25373,8.80e-02,8.80e+00,
25374,8.80e-02,8.80e+00,
25375,9.60e-02,8.80e+00,
25376,8.80e-02,8.80e+00,
25377,8.80e-02,8.80e+00,
25378,8.80e-02,8.80e+00,
25379,9.60e-02,9.00e+00,
25380,8.80e-02,8.80e+00,
25381,8.80e-02,8.80e+00,
25382,8.80e-02,8.80e+00,
25383,9.60e-02,8.80e+00,
25384,8.80e-02,8.80e+00,
25385,8.80e-02,8.80e+00,
25386,8.80e-02,8.80e+00,
25387,8.80e-02,8.80e+00,
25388,8.80e-02,8.80e+00,
25389,8.80e-02,9.00e+00,
25390,8.80e-02,8.80e+00,
25391,8.80e-02,8.80e+00,
25392,8.80e-02,8.80e+00,
25393,8.80e-02,8.80e+00,
25394,8.80e-02,8.80e+00,
25395,8.80e-02,9.00e+00,
25396,8.80e-02,8.80e+00,
25397,8.80e-02,8.80e+00,
25398,8.80e-02,8.80e+00,
25399,8.80e-02,9.00e+00,
25400,8.80e-02,9.00e+00,
25401,8.80e-02,8.80e+00,
25402,8.80e-02,8.80e+00,
25403,8.80e-02,8.80e+00,
25404,8.80e-02,8.80e+00,
25405,8.80e-02,8.80e+00,
25406,8.80e-02,8.80e+00,
25407,8.80e-02,9.00e+00,
25408,8.80e-02,9.00e+00,
25409,8.80e-02,9.00e+00,
25410,8.80e-02,8.80e+00,
25411,8.80e-02,8.80e+00,
25412,8.80e-02,8.80e+00,
25413,8.80e-02,8.80e+00,
25414,8.80e-02,8.80e+00,
25415,8.80e-02,9.00e+00,
25416,8.80e-02,9.00e+00,
25417,8.80e-02,8.80e+00,
25418,8.80e-02,9.00e+00,
25419,8.80e-02,9.00e+00,
25420,8.80e-02,8.80e+00,
25421,8.80e-02,9.00e+00,
25422,8.80e-02,8.80e+00,
25423,8.80e-02,9.00e+00,
25424,8.80e-02,9.00e+00,
25425,8.80e-02,8.80e+00,
25426,8.80e-02,8.80e+00,
25427,8.80e-02,8.80e+00,
25428,8.80e-02,8.80e+00,
25429,8.00e-02,9.00e+00,
25430,8.00e-02,8.80e+00,
25431,8.80e-02,9.00e+00,
25432,8.00e-02,9.00e+00,
25433,8.00e-02,8.80e+00,
25434,8.00e-02,8.80e+00,
25435,8.80e-02,8.80e+00,
25436,8.00e-02,8.80e+00,
25437,8.00e-02,8.80e+00,
25438,8.00e-02,8.80e+00,
25439,8.00e-02,9.00e+00,
25440,8.00e-02,8.80e+00,
25441,8.00e-02,9.00e+00,
25442,8.00e-02,8.80e+00,
25443,8.00e-02,8.80e+00,
25444,8.00e-02,8.80e+00,
25445,8.00e-02,9.00e+00,
25446,8.00e-02,8.80e+00,
25447,8.00e-02,8.80e+00,
25448,8.00e-02,8.80e+00,
25449,8.00e-02,8.80e+00,
25450,8.00e-02,8.80e+00,
25451,8.00e-02,9.00e+00,
25452,8.00e-02,8.80e+00,
25453,8.00e-02,8.80e+00,
25454,8.00e-02,8.80e+00,
25455,8.00e-02,9.00e+00,
25456,8.00e-02,8.80e+00,
25457,8.00e-02,8.80e+00,
25458,8.00e-02,8.80e+00,
25459,8.00e-02,8.80e+00,
25460,8.00e-02,8.80e+00,
25461,8.00e-02,8.80e+00,
25462,8.00e-02,9.00e+00,
25463,8.00e-02,9.00e+00,
25464,8.00e-02,9.00e+00,
25465,8.00e-02,9.00e+00,
25466,8.00e-02,8.80e+00,
25467,8.00e-02,8.80e+00,
25468,8.00e-02,8.80e+00,
25469,8.00e-02,9.00e+00,
25470,8.00e-02,8.80e+00,
25471,8.00e-02,8.80e+00,
25472,8.00e-02,8.80e+00,
25473,8.00e-02,9.00e+00,
25474,8.00e-02,8.80e+00,
25475,8.00e-02,8.80e+00,
25476,8.00e-02,8.80e+00,
25477,8.00e-02,8.80e+00,
25478,8.00e-02,8.80e+00,
25479,8.00e-02,8.80e+00,
25480,8.00e-02,8.80e+00,
25481,8.00e-02,9.00e+00,
25482,8.00e-02,8.80e+00,
25483,8.00e-02,8.80e+00,
25484,7.20e-02,8.80e+00,
25485,7.20e-02,8.80e+00,
25486,8.00e-02,8.80e+00,
25487,8.00e-02,8.80e+00,
25488,7.20e-02,8.80e+00,
25489,7.20e-02,9.00e+00,
25490,8.00e-02,8.80e+00,
25491,7.20e-02,9.00e+00,
25492,7.20e-02,8.80e+00,
25493,7.20e-02,8.80e+00,
25494,7.20e-02,8.80e+00,
25495,7.20e-02,8.80e+00,
25496,7.20e-02,9.00e+00,
25497,7.20e-02,8.80e+00,
25498,7.20e-02,8.80e+00,
25499,7.20e-02,8.80e+00,
25500,7.20e-02,8.80e+00,
25501,7.20e-02,8.80e+00,
25502,7.20e-02,8.80e+00,
25503,7.20e-02,8.80e+00,
25504,7.20e-02,8.80e+00,
25505,7.20e-02,8.80e+00,
25506,7.20e-02,8.80e+00,
25507,7.20e-02,8.80e+00,
25508,7.20e-02,8.80e+00,
25509,7.20e-02,9.00e+00,
25510,7.20e-02,8.80e+00,
25511,7.20e-02,9.00e+00,
25512,7.20e-02,8.80e+00,
25513,7.20e-02,9.00e+00,
25514,7.20e-02,8.80e+00,
25515,7.20e-02,8.80e+00,
25516,7.20e-02,8.80e+00,
25517,7.20e-02,8.80e+00,
25518,7.20e-02,8.80e+00,
25519,7.20e-02,8.80e+00,
25520,7.20e-02,8.80e+00,
25521,7.20e-02,9.00e+00,
25522,7.20e-02,8.80e+00,
25523,7.20e-02,8.80e+00,
25524,7.20e-02,8.80e+00,
25525,7.20e-02,8.80e+00,
25526,7.20e-02,8.80e+00,
25527,7.20e-02,8.80e+00,
25528,7.20e-02,8.80e+00,
25529,7.20e-02,9.00e+00,
25530,7.20e-02,8.80e+00,
25531,7.20e-02,8.80e+00,
25532,7.20e-02,8.80e+00,
25533,6.40e-02,8.80e+00,
25534,7.20e-02,8.80e+00,
25535,7.20e-02,8.80e+00,
25536,7.20e-02,8.80e+00,
25537,6.40e-02,8.80e+00,
25538,7.20e-02,8.80e+00,
25539,7.20e-02,9.00e+00,
25540,6.40e-02,8.80e+00,
25541,6.40e-02,8.80e+00,
25542,7.20e-02,8.80e+00,
25543,7.20e-02,8.80e+00,
25544,6.40e-02,8.80e+00,
25545,6.40e-02,8.80e+00,
25546,7.20e-02,8.80e+00,
25547,6.40e-02,8.80e+00,
25548,6.40e-02,8.80e+00,
25549,6.40e-02,9.00e+00,
25550,6.40e-02,8.80e+00,
25551,7.20e-02,9.00e+00,
25552,6.40e-02,8.80e+00,
25553,6.40e-02,8.80e+00,
25554,6.40e-02,8.80e+00,
25555,6.40e-02,8.80e+00,
25556,6.40e-02,8.80e+00,
25557,6.40e-02,8.80e+00,
25558,6.40e-02,8.80e+00,
25559,6.40e-02,8.80e+00,
25560,6.40e-02,8.80e+00,
25561,6.40e-02,8.80e+00,
25562,6.40e-02,9.00e+00,
25563,6.40e-02,8.80e+00,
25564,6.40e-02,8.80e+00,
25565,6.40e-02,9.00e+00,
25566,6.40e-02,8.80e+00,
25567,6.40e-02,9.00e+00,
25568,6.40e-02,8.80e+00,
25569,6.40e-02,8.80e+00,
25570,6.40e-02,8.80e+00,
25571,6.40e-02,8.80e+00,
25572,6.40e-02,8.80e+00,
25573,6.40e-02,8.80e+00,
25574,6.40e-02,8.80e+00,
25575,6.40e-02,8.80e+00,
25576,6.40e-02,8.80e+00,
25577,6.40e-02,8.80e+00,
25578,6.40e-02,8.80e+00,
25579,6.40e-02,8.80e+00,
25580,6.40e-02,8.80e+00,
25581,6.40e-02,8.80e+00,
25582,6.40e-02,8.80e+00,
25583,6.40e-02,8.80e+00,
25584,6.40e-02,8.80e+00,
25585,6.40e-02,8.80e+00,
25586,6.40e-02,8.80e+00,
25587,6.40e-02,8.80e+00,
25588,6.40e-02,8.80e+00,
25589,6.40e-02,8.80e+00,
25590,6.40e-02,8.80e+00,
25591,6.40e-02,8.80e+00,
25592,6.40e-02,8.80e+00,
25593,6.40e-02,8.80e+00,
25594,6.40e-02,8.80e+00,
25595,6.40e-02,9.00e+00,
25596,6.40e-02,8.80e+00,
25597,5.60e-02,8.80e+00,
25598,5.60e-02,8.80e+00,
25599,6.40e-02,9.00e+00,
25600,5.60e-02,8.80e+00,
25601,5.60e-02,8.80e+00,
25602,6.40e-02,8.80e+00,
25603,6.40e-02,8.80e+00,
25604,5.60e-02,8.80e+00,
25605,5.60e-02,8.80e+00,
25606,5.60e-02,8.80e+00,
25607,6.40e-02,8.80e+00,
25608,5.60e-02,8.80e+00,
25609,5.60e-02,8.80e+00,
25610,5.60e-02,8.80e+00,
25611,5.60e-02,8.80e+00,
25612,5.60e-02,8.80e+00,
25613,5.60e-02,8.80e+00,
25614,5.60e-02,8.80e+00,
25615,6.40e-02,8.80e+00,
25616,5.60e-02,8.80e+00,
25617,5.60e-02,8.80e+00,
25618,5.60e-02,8.80e+00,
25619,5.60e-02,8.80e+00,
25620,5.60e-02,9.00e+00,
25621,5.60e-02,8.80e+00,
25622,5.60e-02,8.80e+00,
25623,5.60e-02,8.80e+00,
25624,5.60e-02,8.80e+00,
25625,5.60e-02,8.80e+00,
25626,5.60e-02,8.80e+00,
25627,5.60e-02,8.80e+00,
25628,5.60e-02,8.80e+00,
25629,5.60e-02,8.80e+00,
25630,5.60e-02,8.80e+00,
25631,5.60e-02,8.80e+00,
25632,5.60e-02,9.00e+00,
25633,5.60e-02,8.80e+00,
25634,5.60e-02,8.80e+00,
25635,5.60e-02,9.00e+00,
25636,5.60e-02,8.80e+00,
25637,5.60e-02,8.80e+00,
25638,5.60e-02,8.80e+00,
25639,5.60e-02,8.80e+00,
25640,5.60e-02,8.80e+00,
25641,5.60e-02,9.00e+00,
25642,5.60e-02,8.80e+00,
25643,5.60e-02,9.00e+00,
25644,5.60e-02,8.80e+00,
25645,5.60e-02,8.80e+00,
25646,5.60e-02,8.80e+00,
25647,5.60e-02,8.80e+00,
25648,5.60e-02,8.80e+00,
25649,5.60e-02,8.80e+00,
25650,5.60e-02,8.80e+00,
25651,5.60e-02,8.80e+00,
25652,5.60e-02,8.80e+00,
25653,5.60e-02,8.80e+00,
25654,5.60e-02,8.80e+00,
25655,5.60e-02,9.00e+00,
25656,5.60e-02,8.80e+00,
25657,5.60e-02,8.80e+00,
25658,5.60e-02,8.80e+00,
25659,5.60e-02,8.80e+00,
25660,4.80e-02,8.80e+00,
25661,4.80e-02,9.00e+00,
25662,5.60e-02,8.80e+00,
25663,5.60e-02,8.80e+00,
25664,5.60e-02,8.80e+00,
25665,4.80e-02,8.80e+00,
25666,5.60e-02,8.80e+00,
25667,5.60e-02,8.80e+00,
25668,5.60e-02,8.80e+00,
25669,4.80e-02,8.80e+00,
25670,4.80e-02,8.80e+00,
25671,5.60e-02,9.00e+00,
25672,4.80e-02,8.80e+00,
25673,4.80e-02,9.00e+00,
25674,5.60e-02,8.80e+00,
25675,4.80e-02,8.80e+00,
25676,4.80e-02,8.80e+00,
25677,4.80e-02,8.80e+00,
25678,4.80e-02,8.80e+00,
25679,5.60e-02,8.80e+00,
25680,4.80e-02,8.80e+00,
25681,4.80e-02,8.80e+00,
25682,4.80e-02,8.80e+00,
25683,4.80e-02,8.80e+00,
25684,4.80e-02,8.80e+00,
25685,4.80e-02,9.00e+00,
25686,4.80e-02,8.80e+00,
25687,4.80e-02,8.80e+00,
25688,4.80e-02,8.80e+00,
25689,4.80e-02,9.00e+00,
25690,4.80e-02,8.80e+00,
25691,4.80e-02,8.80e+00,
25692,4.80e-02,8.80e+00,
25693,4.80e-02,8.80e+00,
25694,4.80e-02,8.80e+00,
25695,4.80e-02,8.80e+00,
25696,4.80e-02,8.80e+00,
25697,4.80e-02,8.80e+00,
25698,4.80e-02,8.80e+00,
25699,4.80e-02,8.80e+00,
25700,4.80e-02,8.80e+00,
25701,4.80e-02,9.00e+00,
25702,4.80e-02,8.80e+00,
25703,4.80e-02,8.80e+00,
25704,4.80e-02,8.80e+00,
25705,4.80e-02,8.80e+00,
25706,4.80e-02,8.80e+00,
25707,4.80e-02,9.00e+00,
25708,4.80e-02,8.80e+00,
25709,4.80e-02,8.80e+00,
25710,4.80e-02,8.80e+00,
25711,4.80e-02,8.80e+00,
25712,4.80e-02,8.80e+00,
25713,4.80e-02,8.80e+00,
25714,4.80e-02,8.80e+00,
25715,4.80e-02,8.80e+00,
25716,4.80e-02,8.80e+00,
25717,4.80e-02,8.80e+00,
25718,4.80e-02,8.80e+00,
25719,4.80e-02,9.00e+00,
25720,4.80e-02,8.80e+00,
25721,4.80e-02,8.80e+00,
25722,4.80e-02,8.80e+00,
25723,4.80e-02,8.80e+00,
25724,4.80e-02,8.80e+00,
25725,4.80e-02,8.80e+00,
25726,4.80e-02,8.80e+00,
25727,4.80e-02,9.00e+00,
25728,4.80e-02,8.80e+00,
25729,4.80e-02,8.80e+00,
25730,4.80e-02,8.80e+00,
25731,4.80e-02,8.80e+00,
25732,4.80e-02,8.80e+00,
25733,4.00e-02,9.00e+00,
25734,4.80e-02,8.80e+00,
25735,4.80e-02,8.80e+00,
25736,4.00e-02,8.80e+00,
25737,4.00e-02,8.80e+00,
25738,4.80e-02,8.80e+00,
25739,4.80e-02,8.80e+00,
25740,4.00e-02,8.80e+00,
25741,4.00e-02,8.80e+00,
25742,4.00e-02,8.80e+00,
25743,4.80e-02,8.80e+00,
25744,4.80e-02,9.00e+00,
25745,4.00e-02,8.80e+00,
25746,4.80e-02,8.80e+00,
25747,4.00e-02,9.00e+00,
25748,4.00e-02,8.80e+00,
25749,4.00e-02,8.80e+00,
25750,4.00e-02,8.80e+00,
25751,4.00e-02,8.80e+00,
25752,4.00e-02,8.80e+00,
25753,4.00e-02,8.80e+00,
25754,4.00e-02,8.80e+00,
25755,4.00e-02,8.80e+00,
25756,4.00e-02,8.80e+00,
25757,4.00e-02,9.00e+00,
25758,4.00e-02,8.80e+00,
25759,4.00e-02,8.80e+00,
25760,4.00e-02,8.80e+00,
25761,4.00e-02,8.80e+00,
25762,4.00e-02,8.80e+00,
25763,4.00e-02,8.80e+00,
25764,4.00e-02,8.80e+00,
25765,4.00e-02,8.80e+00,
25766,4.00e-02,8.80e+00,
25767,4.00e-02,8.80e+00,
25768,4.00e-02,8.80e+00,
25769,4.00e-02,8.80e+00,
25770,4.00e-02,8.80e+00,
25771,4.00e-02,8.80e+00,
25772,4.00e-02,8.80e+00,
25773,4.00e-02,8.80e+00,
25774,4.00e-02,8.80e+00,
25775,4.00e-02,8.80e+00,
25776,4.00e-02,8.80e+00,
25777,4.00e-02,8.80e+00,
25778,4.00e-02,8.80e+00,
25779,4.00e-02,9.00e+00,
25780,4.00e-02,8.80e+00,
25781,4.00e-02,8.80e+00,
25782,4.00e-02,8.80e+00,
25783,4.00e-02,8.60e+00,
25784,4.00e-02,8.80e+00,
25785,4.00e-02,8.80e+00,
25786,4.00e-02,8.80e+00,
25787,4.00e-02,8.80e+00,
25788,4.00e-02,8.80e+00,
25789,4.00e-02,8.80e+00,
25790,4.00e-02,8.80e+00,
25791,4.00e-02,8.80e+00,
25792,4.00e-02,8.80e+00,
25793,4.00e-02,8.80e+00,
25794,4.00e-02,8.80e+00,
25795,4.00e-02,8.80e+00,
25796,4.00e-02,8.80e+00,
25797,4.00e-02,8.80e+00,
25798,4.00e-02,8.80e+00,
25799,4.00e-02,8.80e+00,
25800,4.00e-02,8.80e+00,
25801,4.00e-02,8.80e+00,
25802,4.00e-02,8.80e+00,
25803,4.00e-02,8.80e+00,
25804,4.00e-02,8.80e+00,
25805,4.00e-02,8.80e+00,
25806,3.20e-02,8.80e+00,
25807,4.00e-02,8.80e+00,
25808,4.00e-02,8.80e+00,
25809,3.20e-02,8.80e+00,
25810,4.00e-02,8.80e+00,
25811,4.00e-02,8.80e+00,
25812,3.20e-02,8.80e+00,
25813,3.20e-02,8.80e+00,
25814,3.20e-02,8.80e+00,
25815,3.20e-02,8.80e+00,
25816,3.20e-02,8.80e+00,
25817,3.20e-02,8.80e+00,
25818,3.20e-02,8.80e+00,
25819,3.20e-02,8.80e+00,
25820,3.20e-02,8.80e+00,
25821,3.20e-02,8.80e+00,
25822,3.20e-02,8.80e+00,
25823,3.20e-02,8.80e+00,
25824,3.20e-02,8.80e+00,
25825,3.20e-02,8.80e+00,
25826,3.20e-02,8.80e+00,
25827,3.20e-02,8.80e+00,
25828,3.20e-02,8.80e+00,
25829,3.20e-02,8.80e+00,
25830,3.20e-02,8.80e+00,
25831,3.20e-02,8.80e+00,
25832,3.20e-02,8.80e+00,
25833,3.20e-02,8.80e+00,
25834,3.20e-02,8.80e+00,
25835,3.20e-02,8.80e+00,
25836,3.20e-02,8.80e+00,
25837,3.20e-02,8.80e+00,
25838,3.20e-02,8.80e+00,
25839,3.20e-02,8.80e+00,
25840,3.20e-02,8.80e+00,
25841,3.20e-02,8.80e+00,
25842,3.20e-02,8.80e+00,
25843,3.20e-02,8.80e+00,
25844,3.20e-02,8.80e+00,
25845,3.20e-02,8.80e+00,
25846,3.20e-02,8.80e+00,
25847,3.20e-02,8.80e+00,
25848,3.20e-02,8.80e+00,
25849,3.20e-02,8.80e+00,
25850,3.20e-02,8.80e+00,
25851,3.20e-02,9.00e+00,
25852,3.20e-02,8.80e+00,
25853,3.20e-02,8.80e+00,
25854,3.20e-02,8.80e+00,
25855,3.20e-02,8.80e+00,
25856,3.20e-02,8.80e+00,
25857,3.20e-02,8.80e+00,
25858,3.20e-02,8.80e+00,
25859,3.20e-02,8.80e+00,
25860,3.20e-02,8.80e+00,
25861,2.40e-02,8.80e+00,
25862,3.20e-02,8.80e+00,
25863,3.20e-02,8.80e+00,
25864,3.20e-02,8.80e+00,
25865,2.40e-02,8.80e+00,
25866,3.20e-02,8.80e+00,
25867,3.20e-02,8.80e+00,
25868,2.40e-02,8.80e+00,
25869,2.40e-02,8.80e+00,
25870,3.20e-02,8.80e+00,
25871,3.20e-02,8.80e+00,
25872,3.20e-02,8.80e+00,
25873,2.40e-02,8.80e+00,
25874,3.20e-02,8.80e+00,
25875,3.20e-02,8.80e+00,
25876,3.20e-02,8.80e+00,
25877,2.40e-02,8.80e+00,
25878,2.40e-02,8.80e+00,
25879,2.40e-02,8.80e+00,
25880,2.40e-02,8.80e+00,
25881,2.40e-02,8.80e+00,
25882,2.40e-02,8.80e+00,
25883,2.40e-02,8.80e+00,
25884,2.40e-02,8.80e+00,
25885,2.40e-02,8.80e+00,
25886,2.40e-02,8.80e+00,
25887,2.40e-02,8.80e+00,
25888,2.40e-02,8.80e+00,
25889,2.40e-02,8.80e+00,
25890,2.40e-02,8.80e+00,
25891,2.40e-02,8.80e+00,
25892,2.40e-02,8.80e+00,
25893,2.40e-02,8.80e+00,
25894,2.40e-02,8.80e+00,
25895,2.40e-02,8.80e+00,
25896,2.40e-02,8.80e+00,
25897,2.40e-02,8.80e+00,
25898,2.40e-02,8.80e+00,
25899,2.40e-02,8.80e+00,
25900,2.40e-02,8.80e+00,
25901,2.40e-02,8.80e+00,
25902,2.40e-02,8.80e+00,
25903,2.40e-02,8.80e+00,
25904,2.40e-02,8.80e+00,
25905,2.40e-02,8.80e+00,
25906,2.40e-02,8.80e+00,
25907,2.40e-02,8.80e+00,
25908,2.40e-02,8.80e+00,
25909,2.40e-02,8.80e+00,
25910,2.40e-02,8.80e+00,
25911,2.40e-02,8.80e+00,
25912,2.40e-02,8.80e+00,
25913,2.40e-02,8.80e+00,
25914,2.40e-02,8.80e+00,
25915,2.40e-02,9.00e+00,
25916,2.40e-02,8.80e+00,
25917,1.60e-02,8.80e+00,
25918,2.40e-02,8.80e+00,
25919,2.40e-02,8.80e+00,
25920,2.40e-02,8.80e+00,
25921,1.60e-02,8.80e+00,
25922,2.40e-02,8.80e+00,
25923,2.40e-02,8.80e+00,
25924,2.40e-02,8.80e+00,
25925,1.60e-02,8.80e+00,
25926,2.40e-02,8.80e+00,
25927,2.40e-02,8.80e+00,
25928,2.40e-02,8.80e+00,
25929,2.40e-02,8.80e+00,
25930,2.40e-02,8.80e+00,
25931,2.40e-02,8.80e+00,
25932,1.60e-02,8.80e+00,
25933,1.60e-02,8.80e+00,
25934,2.40e-02,8.80e+00,
25935,1.60e-02,8.80e+00,
25936,1.60e-02,8.80e+00,
25937,1.60e-02,8.80e+00,
25938,1.60e-02,8.80e+00,
25939,1.60e-02,8.80e+00,
25940,1.60e-02,8.80e+00,
25941,1.60e-02,8.80e+00,
25942,1.60e-02,8.80e+00,
25943,1.60e-02,8.80e+00,
25944,1.60e-02,8.80e+00,
25945,1.60e-02,8.80e+00,
25946,1.60e-02,8.80e+00,
25947,1.60e-02,8.80e+00,
25948,1.60e-02,8.80e+00,
25949,1.60e-02,8.80e+00,
25950,1.60e-02,8.80e+00,
25951,1.60e-02,8.80e+00,
25952,1.60e-02,8.80e+00,
25953,1.60e-02,8.80e+00,
25954,1.60e-02,8.80e+00,
25955,1.60e-02,9.00e+00,
25956,1.60e-02,8.80e+00,
25957,1.60e-02,9.00e+00,
25958,1.60e-02,8.80e+00,
25959,1.60e-02,8.80e+00,
25960,1.60e-02,8.80e+00,
25961,1.60e-02,8.80e+00,
25962,1.60e-02,9.00e+00,
25963,1.60e-02,8.80e+00,
25964,1.60e-02,8.80e+00,
25965,1.60e-02,8.80e+00,
25966,1.60e-02,8.60e+00,
25967,1.60e-02,8.80e+00,
25968,1.60e-02,8.80e+00,
25969,8.00e-03,8.80e+00,
25970,1.60e-02,8.80e+00,
25971,1.60e-02,8.80e+00,
25972,1.60e-02,8.80e+00,
25973,1.60e-02,8.80e+00,
25974,1.60e-02,8.80e+00,
25975,1.60e-02,8.80e+00,
25976,1.60e-02,8.80e+00,
25977,1.60e-02,8.80e+00,
25978,1.60e-02,8.60e+00,
25979,1.60e-02,8.80e+00,
25980,1.60e-02,8.80e+00,
25981,8.00e-03,8.80e+00,
25982,8.00e-03,8.80e+00,
25983,1.60e-02,8.80e+00,
25984,1.60e-02,8.80e+00,
25985,8.00e-03,8.80e+00,
25986,1.60e-02,8.80e+00,
25987,8.00e-03,8.80e+00,
25988,8.00e-03,8.80e+00,
25989,8.00e-03,8.80e+00,
25990,8.00e-03,8.80e+00,
25991,8.00e-03,8.80e+00,
25992,8.00e-03,8.80e+00,
25993,8.00e-03,8.80e+00,
25994,1.60e-02,8.80e+00,
25995,8.00e-03,8.80e+00,
25996,8.00e-03,8.80e+00,
25997,8.00e-03,8.80e+00,
25998,8.00e-03,8.80e+00,
25999,8.00e-03,8.80e+00,
26000,8.00e-03,8.80e+00,
26001,8.00e-03,8.80e+00,
26002,8.00e-03,8.80e+00,
26003,8.00e-03,8.80e+00,
26004,8.00e-03,8.80e+00,
26005,8.00e-03,8.80e+00,
26006,8.00e-03,8.80e+00,
26007,8.00e-03,8.80e+00,
26008,8.00e-03,8.80e+00,
26009,8.00e-03,9.00e+00,
26010,8.00e-03,8.80e+00,
26011,8.00e-03,8.80e+00,
26012,8.00e-03,8.60e+00,
26013,8.00e-03,8.80e+00,
26014,8.00e-03,8.80e+00,
26015,8.00e-03,8.80e+00,
26016,8.00e-03,8.80e+00,
26017,8.00e-03,8.80e+00,
26018,8.00e-03,8.80e+00,
26019,8.00e-03,8.80e+00,
26020,8.00e-03,8.80e+00,
26021,8.00e-03,8.80e+00,
26022,8.00e-03,8.80e+00,
26023,8.00e-03,8.80e+00,
26024,8.00e-03,8.80e+00,
26025,8.00e-03,8.80e+00,
26026,8.00e-03,8.80e+00,
26027,8.00e-03,8.80e+00,
26028,8.00e-03,8.80e+00,
26029,0.00e+00,8.80e+00,
26030,8.00e-03,8.80e+00,
26031,8.00e-03,8.80e+00,
26032,8.00e-03,8.80e+00,
26033,0.00e+00,8.80e+00,
26034,8.00e-03,8.80e+00,
26035,8.00e-03,8.80e+00,
26036,8.00e-03,8.80e+00,
26037,0.00e+00,8.80e+00,
26038,0.00e+00,8.80e+00,
26039,8.00e-03,8.80e+00,
26040,0.00e+00,8.80e+00,
26041,0.00e+00,8.80e+00,
26042,0.00e+00,8.80e+00,
26043,0.00e+00,8.80e+00,
26044,0.00e+00,8.80e+00,
26045,0.00e+00,8.80e+00,
26046,0.00e+00,8.80e+00,
26047,0.00e+00,8.80e+00,
26048,0.00e+00,8.80e+00,
26049,0.00e+00,8.80e+00,
26050,0.00e+00,8.80e+00,
26051,0.00e+00,8.80e+00,
26052,0.00e+00,8.80e+00,
26053,0.00e+00,8.80e+00,
26054,0.00e+00,8.80e+00,
26055,0.00e+00,8.80e+00,
26056,0.00e+00,8.80e+00,
26057,0.00e+00,8.80e+00,
26058,0.00e+00,8.80e+00,
26059,0.00e+00,8.80e+00,
26060,0.00e+00,8.80e+00,
26061,0.00e+00,8.80e+00,
26062,0.00e+00,8.80e+00,
26063,0.00e+00,8.80e+00,
26064,0.00e+00,8.80e+00,
26065,0.00e+00,8.80e+00,
26066,0.00e+00,8.80e+00,
26067,0.00e+00,8.80e+00,
26068,0.00e+00,8.80e+00,
26069,0.00e+00,8.80e+00,
26070,0.00e+00,8.80e+00,
26071,0.00e+00,8.80e+00,
26072,0.00e+00,8.80e+00,
26073,0.00e+00,8.80e+00,
26074,0.00e+00,8.80e+00,
26075,0.00e+00,8.80e+00,
26076,0.00e+00,8.80e+00,
26077,0.00e+00,8.80e+00,
26078,0.00e+00,8.80e+00,
26079,0.00e+00,8.80e+00,
26080,0.00e+00,8.80e+00,
26081,0.00e+00,8.80e+00,
26082,0.00e+00,8.80e+00,
26083,0.00e+00,8.80e+00,
26084,0.00e+00,8.80e+00,
26085,-8.00e-03,8.80e+00,
26086,0.00e+00,8.80e+00,
26087,0.00e+00,8.80e+00,
26088,0.00e+00,8.80e+00,
26089,-8.00e-03,8.80e+00,
26090,0.00e+00,8.80e+00,
26091,0.00e+00,8.80e+00,
26092,0.00e+00,8.80e+00,
26093,-8.00e-03,8.80e+00,
26094,-8.00e-03,8.80e+00,
26095,-8.00e-03,8.80e+00,
26096,-8.00e-03,8.80e+00,
26097,-8.00e-03,8.80e+00,
26098,-8.00e-03,8.80e+00,
26099,-8.00e-03,8.80e+00,
26100,-8.00e-03,8.80e+00,
26101,-8.00e-03,8.80e+00,
26102,-8.00e-03,8.60e+00,
26103,-8.00e-03,8.80e+00,
26104,-8.00e-03,8.80e+00,
26105,-8.00e-03,8.80e+00,
26106,-8.00e-03,8.60e+00,
26107,-8.00e-03,8.80e+00,
26108,-8.00e-03,8.80e+00,
26109,-8.00e-03,8.80e+00,
26110,-8.00e-03,8.80e+00,
26111,-8.00e-03,8.80e+00,
26112,-8.00e-03,8.80e+00,
26113,-8.00e-03,8.60e+00,
26114,-8.00e-03,8.80e+00,
26115,-8.00e-03,8.80e+00,
26116,-8.00e-03,8.80e+00,
26117,-8.00e-03,8.80e+00,
26118,-8.00e-03,8.80e+00,
26119,-8.00e-03,8.80e+00,
26120,-8.00e-03,8.80e+00,
26121,-8.00e-03,9.00e+00,
26122,-8.00e-03,8.60e+00,
26123,-8.00e-03,9.00e+00,
26124,-8.00e-03,8.80e+00,
26125,-8.00e-03,8.80e+00,
26126,-8.00e-03,8.80e+00,
26127,-8.00e-03,8.80e+00,
26128,-8.00e-03,8.80e+00,
26129,-8.00e-03,8.80e+00,
26130,-8.00e-03,8.60e+00,
26131,-8.00e-03,8.80e+00,
26132,-8.00e-03,8.80e+00,
26133,-8.00e-03,8.80e+00,
26134,-8.00e-03,8.80e+00,
26135,-8.00e-03,8.80e+00,
26136,-8.00e-03,8.80e+00,
26137,-8.00e-03,8.80e+00,
26138,-8.00e-03,8.80e+00,
26139,-8.00e-03,8.80e+00,
26140,-8.00e-03,8.80e+00,
26141,-1.60e-02,8.80e+00,
26142,-8.00e-03,8.80e+00,
26143,-8.00e-03,8.80e+00,
26144,-8.00e-03,8.80e+00,
26145,-1.60e-02,8.80e+00,
26146,-8.00e-03,8.80e+00,
26147,-1.60e-02,8.80e+00,
26148,-1.60e-02,8.80e+00,
26149,-1.60e-02,8.80e+00,
26150,-8.00e-03,8.60e+00,
26151,-8.00e-03,8.80e+00,
26152,-8.00e-03,8.80e+00,
26153,-1.60e-02,8.80e+00,
26154,-8.00e-03,8.80e+00,
26155,-1.60e-02,8.80e+00,
26156,-8.00e-03,8.80e+00,
26157,-1.60e-02,8.80e+00,
26158,-1.60e-02,8.80e+00,
26159,-1.60e-02,8.80e+00,
26160,-8.00e-03,8.80e+00,
26161,-1.60e-02,8.80e+00,
26162,-1.60e-02,8.80e+00,
26163,-1.60e-02,8.80e+00,
26164,-1.60e-02,8.80e+00,
26165,-1.60e-02,8.80e+00,
26166,-1.60e-02,8.60e+00,
26167,-1.60e-02,8.80e+00,
26168,-1.60e-02,8.80e+00,
26169,-1.60e-02,8.80e+00,
26170,-1.60e-02,8.80e+00,
26171,-1.60e-02,8.80e+00,
26172,-1.60e-02,8.80e+00,
26173,-1.60e-02,8.80e+00,
26174,-1.60e-02,8.80e+00,
26175,-1.60e-02,8.80e+00,
26176,-1.60e-02,8.80e+00,
26177,-1.60e-02,8.80e+00,
26178,-1.60e-02,8.80e+00,
26179,-1.60e-02,8.80e+00,
26180,-1.60e-02,8.80e+00,
26181,-1.60e-02,8.80e+00,
26182,-1.60e-02,8.80e+00,
26183,-1.60e-02,8.80e+00,
26184,-1.60e-02,8.80e+00,
26185,-1.60e-02,8.80e+00,
26186,-1.60e-02,8.80e+00,
26187,-1.60e-02,8.80e+00,
26188,-1.60e-02,8.60e+00,
26189,-1.60e-02,8.80e+00,
26190,-1.60e-02,8.80e+00,
26191,-1.60e-02,8.80e+00,
26192,-1.60e-02,8.80e+00,
26193,-1.60e-02,8.80e+00,
26194,-1.60e-02,8.80e+00,
26195,-1.60e-02,8.80e+00,
26196,-1.60e-02,8.80e+00,
26197,-2.40e-02,8.80e+00,
26198,-1.60e-02,8.80e+00,
26199,-1.60e-02,8.80e+00,
26200,-1.60e-02,8.80e+00,
26201,-1.60e-02,8.80e+00,
26202,-1.60e-02,8.80e+00,
26203,-1.60e-02,8.80e+00,
26204,-1.60e-02,8.80e+00,
26205,-2.40e-02,8.80e+00,
26206,-1.60e-02,8.80e+00,
26207,-1.60e-02,8.80e+00,
26208,-1.60e-02,8.80e+00,
26209,-2.40e-02,8.80e+00,
26210,-1.60e-02,8.60e+00,
26211,-1.60e-02,8.80e+00,
26212,-1.60e-02,8.80e+00,
26213,-2.40e-02,8.80e+00,
26214,-1.60e-02,8.80e+00,
26215,-1.60e-02,8.80e+00,
26216,-1.60e-02,8.80e+00,
26217,-2.40e-02,8.80e+00,
26218,-1.60e-02,8.80e+00,
26219,-2.40e-02,8.80e+00,
26220,-1.60e-02,8.80e+00,
26221,-2.40e-02,8.80e+00,
26222,-2.40e-02,8.80e+00,
26223,-2.40e-02,8.80e+00,
26224,-1.60e-02,8.80e+00,
26225,-2.40e-02,8.60e+00,
26226,-1.60e-02,8.80e+00,
26227,-2.40e-02,8.80e+00,
26228,-2.40e-02,8.80e+00,
26229,-2.40e-02,8.80e+00,
26230,-2.40e-02,8.60e+00,
26231,-2.40e-02,8.80e+00,
26232,-2.40e-02,8.80e+00,
26233,-2.40e-02,8.80e+00,
26234,-2.40e-02,8.80e+00,
26235,-2.40e-02,8.80e+00,
26236,-2.40e-02,8.80e+00,
26237,-2.40e-02,8.80e+00,
26238,-2.40e-02,8.80e+00,
26239,-2.40e-02,8.80e+00,
26240,-2.40e-02,8.80e+00,
26241,-2.40e-02,8.80e+00,
26242,-2.40e-02,8.80e+00,
26243,-2.40e-02,8.80e+00,
26244,-2.40e-02,8.80e+00,
26245,-2.40e-02,8.80e+00,
26246,-2.40e-02,8.80e+00,
26247,-2.40e-02,8.80e+00,
26248,-2.40e-02,8.80e+00,
26249,-2.40e-02,8.80e+00,
26250,-2.40e-02,8.60e+00,
26251,-2.40e-02,8.80e+00,
26252,-2.40e-02,8.80e+00,
26253,-2.40e-02,8.80e+00,
26254,-2.40e-02,8.80e+00,
26255,-2.40e-02,8.80e+00,
26256,-2.40e-02,8.80e+00,
26257,-2.40e-02,8.80e+00,
26258,-2.40e-02,8.80e+00,
26259,-2.40e-02,8.80e+00,
26260,-2.40e-02,8.80e+00,
26261,-2.40e-02,8.80e+00,
26262,-2.40e-02,8.60e+00,
26263,-2.40e-02,8.80e+00,
26264,-2.40e-02,8.80e+00,
26265,-2.40e-02,8.80e+00,
26266,-2.40e-02,8.80e+00,
26267,-2.40e-02,8.80e+00,
26268,-2.40e-02,8.80e+00,
26269,-2.40e-02,8.80e+00,
26270,-2.40e-02,8.60e+00,
26271,-2.40e-02,8.80e+00,
26272,-2.40e-02,8.80e+00,
26273,-3.20e-02,8.80e+00,
26274,-2.40e-02,8.80e+00,
26275,-2.40e-02,8.80e+00,
26276,-2.40e-02,8.80e+00,
26277,-3.20e-02,8.80e+00,
26278,-2.40e-02,8.80e+00,
26279,-2.40e-02,8.80e+00,
26280,-2.40e-02,8.80e+00,
26281,-3.20e-02,8.80e+00,
26282,-2.40e-02,8.80e+00,
26283,-2.40e-02,8.80e+00,
26284,-2.40e-02,8.60e+00,
26285,-3.20e-02,8.80e+00,
26286,-2.40e-02,8.80e+00,
26287,-2.40e-02,8.80e+00,
26288,-2.40e-02,8.80e+00,
26289,-3.20e-02,8.80e+00,
26290,-2.40e-02,8.80e+00,
26291,-2.40e-02,8.80e+00,
26292,-2.40e-02,8.80e+00,
26293,-3.20e-02,8.80e+00,
26294,-3.20e-02,8.60e+00,
26295,-2.40e-02,8.80e+00,
26296,-2.40e-02,8.80e+00,
26297,-3.20e-02,8.80e+00,
26298,-2.40e-02,8.80e+00,
26299,-3.20e-02,8.80e+00,
26300,-2.40e-02,8.60e+00,
26301,-3.20e-02,8.80e+00,
26302,-3.20e-02,8.60e+00,
26303,-2.40e-02,8.80e+00,
26304,-3.20e-02,8.80e+00,
26305,-3.20e-02,8.80e+00,
26306,-2.40e-02,8.80e+00,
26307,-3.20e-02,8.80e+00,
26308,-3.20e-02,8.80e+00,
26309,-3.20e-02,8.80e+00,
26310,-3.20e-02,8.60e+00,
26311,-3.20e-02,8.80e+00,
26312,-3.20e-02,8.80e+00,
26313,-3.20e-02,8.80e+00,
26314,-3.20e-02,8.80e+00,
26315,-3.20e-02,8.80e+00,
26316,-3.20e-02,8.60e+00,
26317,-3.20e-02,8.80e+00,
26318,-3.20e-02,8.80e+00,
26319,-3.20e-02,9.00e+00,
26320,-3.20e-02,8.80e+00,
26321,-3.20e-02,8.80e+00,
26322,-3.20e-02,8.60e+00,
26323,-3.20e-02,8.80e+00,
26324,-3.20e-02,8.80e+00,
26325,-3.20e-02,8.80e+00,
26326,-3.20e-02,8.80e+00,
26327,-3.20e-02,8.80e+00,
26328,-3.20e-02,8.80e+00,
26329,-3.20e-02,8.80e+00,
26330,-3.20e-02,8.60e+00,
26331,-3.20e-02,8.60e+00,
26332,-3.20e-02,8.80e+00,
26333,-3.20e-02,8.80e+00,
26334,-3.20e-02,8.80e+00,
26335,-3.20e-02,8.80e+00,
26336,-3.20e-02,8.80e+00,
26337,-3.20e-02,8.80e+00,
26338,-3.20e-02,8.80e+00,
26339,-3.20e-02,8.80e+00,
26340,-3.20e-02,8.60e+00,
26341,-3.20e-02,8.80e+00,
26342,-3.20e-02,8.80e+00,
26343,-3.20e-02,8.80e+00,
26344,-3.20e-02,8.80e+00,
26345,-3.20e-02,8.80e+00,
26346,-3.20e-02,8.80e+00,
26347,-3.20e-02,8.80e+00,
26348,-3.20e-02,8.80e+00,
26349,-3.20e-02,8.80e+00,
26350,-3.20e-02,8.60e+00,
26351,-3.20e-02,8.80e+00,
26352,-3.20e-02,8.80e+00,
26353,-3.20e-02,8.80e+00,
26354,-3.20e-02,8.80e+00,
26355,-3.20e-02,8.80e+00,
26356,-3.20e-02,8.80e+00,
26357,-3.20e-02,8.80e+00,
26358,-3.20e-02,8.60e+00,
26359,-3.20e-02,8.80e+00,
26360,-3.20e-02,8.80e+00,
26361,-3.20e-02,8.60e+00,
26362,-3.20e-02,8.80e+00,
26363,-3.20e-02,8.80e+00,
26364,-3.20e-02,8.80e+00,
26365,-3.20e-02,8.80e+00,
26366,-3.20e-02,8.60e+00,
26367,-3.20e-02,8.80e+00,
26368,-3.20e-02,8.80e+00,
26369,-4.00e-02,8.80e+00,
26370,-3.20e-02,8.80e+00,
26371,-3.20e-02,8.80e+00,
26372,-3.20e-02,8.80e+00,
26373,-4.00e-02,8.80e+00,
26374,-3.20e-02,8.80e+00,
26375,-3.20e-02,8.80e+00,
26376,-3.20e-02,8.80e+00,
26377,-4.00e-02,8.80e+00,
26378,-3.20e-02,8.80e+00,
26379,-3.20e-02,8.80e+00,
26380,-3.20e-02,8.60e+00,
26381,-4.00e-02,8.80e+00,
26382,-4.00e-02,8.60e+00,
26383,-3.20e-02,8.80e+00,
26384,-3.20e-02,8.80e+00,
26385,-4.00e-02,8.80e+00,
26386,-3.20e-02,8.80e+00,
26387,-4.00e-02,8.80e+00,
26388,-3.20e-02,8.80e+00,
26389,-4.00e-02,8.80e+00,
26390,-4.00e-02,8.80e+00,
26391,-4.00e-02,8.80e+00,
26392,-3.20e-02,8.80e+00,
26393,-4.00e-02,8.80e+00,
26394,-4.00e-02,8.80e+00,
26395,-4.00e-02,8.80e+00,
26396,-4.00e-02,8.60e+00,
26397,-4.00e-02,8.80e+00,
26398,-4.00e-02,8.80e+00,
26399,-4.00e-02,8.80e+00,
26400,-4.00e-02,8.80e+00,
26401,-4.00e-02,8.80e+00,
26402,-4.00e-02,8.80e+00,
26403,-4.00e-02,8.80e+00,
26404,-4.00e-02,8.60e+00,
26405,-4.00e-02,8.80e+00,
26406,-4.00e-02,8.80e+00,
26407,-4.00e-02,8.80e+00,
26408,-4.00e-02,8.80e+00,
26409,-4.00e-02,8.80e+00,
26410,-4.00e-02,8.60e+00,
26411,-4.00e-02,8.80e+00,
26412,-4.00e-02,8.80e+00,
26413,-4.00e-02,8.80e+00,
26414,-4.00e-02,8.80e+00,
26415,-4.00e-02,8.80e+00,
26416,-4.00e-02,8.80e+00,
26417,-4.00e-02,8.80e+00,
26418,-4.00e-02,8.60e+00,
26419,-4.00e-02,8.80e+00,
26420,-4.00e-02,8.80e+00,
26421,-4.00e-02,8.80e+00,
26422,-4.00e-02,8.60e+00,
26423,-4.00e-02,8.80e+00,
26424,-4.00e-02,8.80e+00,
26425,-4.00e-02,8.60e+00,
26426,-4.00e-02,8.80e+00,
26427,-4.00e-02,8.80e+00,
26428,-4.00e-02,8.80e+00,
26429,-4.00e-02,8.80e+00,
26430,-4.00e-02,8.80e+00,
26431,-4.00e-02,8.80e+00,
26432,-4.00e-02,8.80e+00,
26433,-4.00e-02,8.80e+00,
26434,-4.00e-02,8.80e+00,
26435,-4.00e-02,8.80e+00,
26436,-4.00e-02,8.80e+00,
26437,-4.00e-02,8.80e+00,
26438,-4.00e-02,8.80e+00,
26439,-4.00e-02,8.80e+00,
26440,-4.00e-02,8.80e+00,
26441,-4.00e-02,8.80e+00,
26442,-4.00e-02,8.80e+00,
26443,-4.00e-02,8.80e+00,
26444,-4.00e-02,8.80e+00,
26445,-4.00e-02,8.80e+00,
26446,-4.00e-02,8.80e+00,
26447,-4.00e-02,8.80e+00,
26448,-4.00e-02,8.80e+00,
26449,-4.00e-02,8.80e+00,
26450,-4.00e-02,8.60e+00,
26451,-4.00e-02,8.80e+00,
26452,-4.00e-02,8.80e+00,
26453,-4.80e-02,8.80e+00,
26454,-4.00e-02,8.60e+00,
26455,-4.00e-02,8.80e+00,
26456,-4.00e-02,8.80e+00,
26457,-4.00e-02,8.80e+00,
26458,-4.00e-02,8.60e+00,
26459,-4.00e-02,8.80e+00,
26460,-4.00e-02,8.80e+00,
26461,-4.00e-02,8.80e+00,
26462,-4.00e-02,8.60e+00,
26463,-4.00e-02,8.80e+00,
26464,-4.00e-02,8.80e+00,
26465,-4.80e-02,8.80e+00,
26466,-4.00e-02,8.80e+00,
26467,-4.80e-02,8.80e+00,
26468,-4.00e-02,8.80e+00,
26469,-4.00e-02,8.80e+00,
26470,-4.00e-02,8.60e+00,
26471,-4.80e-02,8.80e+00,
26472,-4.80e-02,8.80e+00,
26473,-4.80e-02,8.80e+00,
26474,-4.00e-02,8.60e+00,
26475,-4.80e-02,8.80e+00,
26476,-4.00e-02,8.60e+00,
26477,-4.80e-02,8.80e+00,
26478,-4.80e-02,8.80e+00,
26479,-4.80e-02,8.80e+00,
26480,-4.00e-02,8.80e+00,
26481,-4.80e-02,8.80e+00,
26482,-4.80e-02,8.80e+00,
26483,-4.80e-02,8.80e+00,
26484,-4.80e-02,8.80e+00,
26485,-4.80e-02,8.80e+00,
26486,-4.80e-02,8.80e+00,
26487,-4.80e-02,8.80e+00,
26488,-4.80e-02,8.80e+00,
26489,-4.80e-02,8.80e+00,
26490,-4.80e-02,8.80e+00,
26491,-4.80e-02,8.80e+00,
26492,-4.80e-02,8.80e+00,
26493,-4.80e-02,8.60e+00,
26494,-4.80e-02,8.80e+00,
26495,-4.80e-02,8.80e+00,
26496,-4.80e-02,8.80e+00,
26497,-4.80e-02,8.80e+00,
26498,-4.80e-02,8.60e+00,
26499,-4.80e-02,8.80e+00,
26500,-4.80e-02,8.80e+00,
26501,-4.80e-02,8.80e+00,
26502,-4.80e-02,8.60e+00,
26503,-4.80e-02,8.80e+00,
26504,-4.80e-02,8.80e+00,
26505,-4.80e-02,8.60e+00,
26506,-4.80e-02,8.80e+00,
26507,-4.80e-02,8.80e+00,
26508,-4.80e-02,8.80e+00,
26509,-4.80e-02,8.60e+00,
26510,-4.80e-02,8.80e+00,
26511,-4.80e-02,8.80e+00,
26512,-4.80e-02,8.60e+00,
26513,-4.80e-02,8.80e+00,
26514,-4.80e-02,8.60e+00,
26515,-4.80e-02,8.80e+00,
26516,-4.80e-02,8.60e+00,
26517,-4.80e-02,8.80e+00,
26518,-4.80e-02,8.80e+00,
26519,-4.80e-02,8.80e+00,
26520,-4.80e-02,8.80e+00,
26521,-4.80e-02,8.80e+00,
26522,-4.80e-02,8.80e+00,
26523,-4.80e-02,8.80e+00,
26524,-4.80e-02,8.80e+00,
26525,-4.80e-02,8.80e+00,
26526,-4.80e-02,8.60e+00,
26527,-4.80e-02,8.80e+00,
26528,-4.80e-02,8.80e+00,
26529,-5.60e-02,8.80e+00,
26530,-4.80e-02,8.60e+00,
26531,-4.80e-02,8.80e+00,
26532,-4.80e-02,8.80e+00,
26533,-5.60e-02,8.80e+00,
26534,-5.60e-02,8.60e+00,
26535,-5.60e-02,8.80e+00,
26536,-4.80e-02,8.80e+00,
26537,-5.60e-02,8.80e+00,
26538,-4.80e-02,8.60e+00,
26539,-5.60e-02,8.80e+00,
26540,-4.80e-02,8.60e+00,
26541,-5.60e-02,8.80e+00,
26542,-5.60e-02,8.80e+00,
26543,-5.60e-02,8.80e+00,
26544,-4.80e-02,8.80e+00,
26545,-5.60e-02,8.80e+00,
26546,-5.60e-02,8.60e+00,
26547,-5.60e-02,8.80e+00,
26548,-5.60e-02,8.80e+00,
26549,-5.60e-02,8.60e+00,
26550,-5.60e-02,8.60e+00,
26551,-5.60e-02,8.80e+00,
26552,-5.60e-02,8.80e+00,
26553,-5.60e-02,8.80e+00,
26554,-5.60e-02,8.80e+00,
26555,-5.60e-02,8.80e+00,
26556,-5.60e-02,8.80e+00,
26557,-5.60e-02,8.80e+00,
26558,-5.60e-02,8.80e+00,
26559,-5.60e-02,8.80e+00,
26560,-5.60e-02,8.60e+00,
26561,-5.60e-02,8.60e+00,
26562,-5.60e-02,8.80e+00,
26563,-5.60e-02,8.60e+00,
26564,-5.60e-02,8.80e+00,
26565,-5.60e-02,8.60e+00,
26566,-5.60e-02,8.60e+00,
26567,-5.60e-02,8.80e+00,
26568,-5.60e-02,8.60e+00,
26569,-5.60e-02,8.80e+00,
26570,-5.60e-02,8.80e+00,
26571,-5.60e-02,8.80e+00,
26572,-5.60e-02,8.80e+00,
26573,-5.60e-02,8.60e+00,
26574,-5.60e-02,8.60e+00,
26575,-5.60e-02,8.80e+00,
26576,-5.60e-02,8.80e+00,
26577,-5.60e-02,8.80e+00,
26578,-5.60e-02,8.60e+00,
26579,-5.60e-02,8.80e+00,
26580,-5.60e-02,8.80e+00,
26581,-6.40e-02,8.80e+00,
26582,-5.60e-02,8.80e+00,
26583,-5.60e-02,8.80e+00,
26584,-5.60e-02,8.80e+00,
26585,-5.60e-02,8.80e+00,
26586,-5.60e-02,8.60e+00,
26587,-5.60e-02,8.80e+00,
26588,-5.60e-02,8.80e+00,
26589,-6.40e-02,8.80e+00,
26590,-5.60e-02,8.60e+00,
26591,-5.60e-02,8.80e+00,
26592,-5.60e-02,8.60e+00,
26593,-6.40e-02,8.80e+00,
26594,-5.60e-02,8.80e+00,
26595,-6.40e-02,8.80e+00,
26596,-5.60e-02,8.80e+00,
26597,-6.40e-02,8.80e+00,
26598,-5.60e-02,8.80e+00,
26599,-6.40e-02,8.80e+00,
26600,-5.60e-02,8.60e+00,
26601,-6.40e-02,8.80e+00,
26602,-6.40e-02,8.60e+00,
26603,-6.40e-02,8.80e+00,
26604,-6.40e-02,8.60e+00,
26605,-6.40e-02,8.80e+00,
26606,-6.40e-02,8.60e+00,
26607,-6.40e-02,8.80e+00,
26608,-6.40e-02,8.80e+00,
26609,-6.40e-02,8.60e+00,
26610,-6.40e-02,8.60e+00,
26611,-6.40e-02,8.80e+00,
26612,-6.40e-02,8.60e+00,
26613,-6.40e-02,8.60e+00,
26614,-6.40e-02,8.60e+00,
26615,-6.40e-02,8.80e+00,
26616,-6.40e-02,8.80e+00,
26617,-6.40e-02,8.60e+00,
26618,-6.40e-02,8.60e+00,
26619,-6.40e-02,8.80e+00,
26620,-6.40e-02,8.60e+00,
26621,-6.40e-02,8.80e+00,
26622,-6.40e-02,8.60e+00,
26623,-6.40e-02,8.80e+00,
26624,-6.40e-02,8.80e+00,
26625,-6.40e-02,8.80e+00,
26626,-6.40e-02,8.60e+00,
26627,-6.40e-02,8.60e+00,
26628,-6.40e-02,8.60e+00,
26629,-7.20e-02,8.60e+00,
26630,-6.40e-02,8.60e+00,
26631,-6.40e-02,8.80e+00,
26632,-6.40e-02,8.80e+00,
26633,-7.20e-02,8.60e+00,
26634,-6.40e-02,8.60e+00,
26635,-6.40e-02,8.80e+00,
26636,-6.40e-02,8.80e+00,
26637,-7.20e-02,8.80e+00,
26638,-7.20e-02,8.80e+00,
26639,-7.20e-02,8.80e+00,
26640,-6.40e-02,8.60e+00,
26641,-7.20e-02,8.80e+00,
26642,-6.40e-02,8.80e+00,
26643,-7.20e-02,8.80e+00,
26644,-7.20e-02,8.60e+00,
26645,-7.20e-02,8.60e+00,
26646,-7.20e-02,8.80e+00,
26647,-7.20e-02,8.60e+00,
26648,-7.20e-02,8.80e+00,
26649,-7.20e-02,8.80e+00,
26650,-7.20e-02,8.60e+00,
26651,-7.20e-02,8.80e+00,
26652,-7.20e-02,8.80e+00,
26653,-7.20e-02,8.80e+00,
26654,-7.20e-02,8.80e+00,
26655,-7.20e-02,8.60e+00,
26656,-7.20e-02,8.80e+00,
26657,-7.20e-02,8.80e+00,
26658,-7.20e-02,8.60e+00,
26659,-7.20e-02,8.80e+00,
26660,-7.20e-02,8.60e+00,
26661,-7.20e-02,8.80e+00,
26662,-7.20e-02,8.80e+00,
26663,-7.20e-02,8.80e+00,
26664,-7.20e-02,8.80e+00,
26665,-7.20e-02,8.60e+00,
26666,-7.20e-02,8.60e+00,
26667,-7.20e-02,8.80e+00,
26668,-7.20e-02,8.60e+00,
26669,-8.00e-02,8.60e+00,
26670,-7.20e-02,8.60e+00,
26671,-7.20e-02,8.80e+00,
26672,-7.20e-02,8.60e+00,
26673,-7.20e-02,8.60e+00,
26674,-7.20e-02,8.60e+00,
26675,-7.20e-02,8.60e+00,
26676,-7.20e-02,8.60e+00,
26677,-7.20e-02,8.80e+00,
26678,-7.20e-02,8.80e+00,
26679,-7.20e-02,8.80e+00,
26680,-7.20e-02,8.80e+00,
26681,-8.00e-02,8.60e+00,
26682,-7.20e-02,8.60e+00,
26683,-8.00e-02,8.80e+00,
26684,-7.20e-02,8.60e+00,
26685,-8.00e-02,8.60e+00,
26686,-8.00e-02,8.60e+00,
26687,-8.00e-02,8.80e+00,
26688,-8.00e-02,8.80e+00,
26689,-8.00e-02,8.80e+00,
26690,-8.00e-02,8.80e+00,
26691,-8.00e-02,8.80e+00,
26692,-8.00e-02,8.80e+00,
26693,-8.00e-02,8.60e+00,
26694,-8.00e-02,8.80e+00,
26695,-8.00e-02,8.80e+00,
26696,-8.00e-02,8.80e+00,
26697,-8.00e-02,8.80e+00,
26698,-8.00e-02,8.60e+00,
26699,-8.00e-02,8.80e+00,
26700,-8.00e-02,8.60e+00,
26701,-8.00e-02,8.80e+00,
26702,-8.00e-02,8.80e+00,
26703,-8.00e-02,8.60e+00,
26704,-8.00e-02,8.80e+00,
26705,-8.00e-02,8.60e+00,
26706,-8.00e-02,8.60e+00,
26707,-8.00e-02,8.80e+00,
26708,-8.00e-02,8.60e+00,
26709,-8.00e-02,8.80e+00,
26710,-8.00e-02,8.60e+00,
26711,-8.00e-02,8.80e+00,
26712,-8.00e-02,8.80e+00,
26713,-8.00e-02,8.60e+00,
26714,-8.00e-02,8.80e+00,
26715,-8.00e-02,8.80e+00,
26716,-8.00e-02,8.80e+00,
26717,-8.00e-02,8.80e+00,
26718,-8.00e-02,8.60e+00,
26719,-8.00e-02,8.80e+00,
26720,-8.00e-02,8.80e+00,
26721,-8.80e-02,8.80e+00,
26722,-8.00e-02,8.60e+00,
26723,-8.00e-02,8.80e+00,
26724,-8.00e-02,8.80e+00,
26725,-8.80e-02,8.60e+00,
26726,-8.00e-02,8.60e+00,
26727,-8.00e-02,8.80e+00,
26728,-8.00e-02,8.80e+00,
26729,-8.80e-02,8.80e+00,
26730,-8.00e-02,8.80e+00,
26731,-8.80e-02,8.80e+00,
26732,-8.80e-02,8.80e+00,
26733,-8.80e-02,8.80e+00,
26734,-8.80e-02,8.80e+00,
26735,-8.80e-02,8.80e+00,
26736,-8.00e-02,8.80e+00,
26737,-8.80e-02,8.80e+00,
26738,-8.80e-02,8.60e+00,
26739,-8.80e-02,8.80e+00,
26740,-8.80e-02,8.80e+00,
26741,-8.80e-02,8.80e+00,
26742,-8.80e-02,8.80e+00,
26743,-8.80e-02,8.80e+00,
26744,-8.80e-02,8.80e+00,
26745,-8.80e-02,8.60e+00,
26746,-8.80e-02,8.60e+00,
26747,-8.80e-02,8.80e+00,
26748,-8.80e-02,8.60e+00,
26749,-8.80e-02,8.60e+00,
26750,-8.80e-02,8.60e+00,
26751,-8.80e-02,8.80e+00,
26752,-8.80e-02,8.80e+00,
26753,-8.80e-02,8.80e+00,
26754,-8.80e-02,8.80e+00,
26755,-8.80e-02,8.60e+00,
26756,-8.80e-02,8.80e+00,
26757,-8.80e-02,8.80e+00,
26758,-8.80e-02,8.60e+00,
26759,-8.80e-02,8.60e+00,
26760,-8.80e-02,8.80e+00,
26761,-8.80e-02,8.60e+00,
26762,-8.80e-02,8.80e+00,
26763,-8.80e-02,8.60e+00,
26764,-8.80e-02,8.80e+00,
26765,-9.60e-02,8.80e+00,
26766,-8.80e-02,8.60e+00,
26767,-8.80e-02,8.60e+00,
26768,-8.80e-02,8.80e+00,
26769,-9.60e-02,8.80e+00,
26770,-8.80e-02,8.80e+00,
26771,-9.60e-02,8.80e+00,
26772,-8.80e-02,8.60e+00,
26773,-9.60e-02,8.60e+00,
26774,-8.80e-02,8.60e+00,
26775,-8.80e-02,8.80e+00,
26776,-8.80e-02,8.60e+00,
26777,-9.60e-02,8.80e+00,
26778,-8.80e-02,8.60e+00,
26779,-9.60e-02,8.80e+00,
26780,-9.60e-02,8.80e+00,
26781,-9.60e-02,8.80e+00,
26782,-9.60e-02,8.60e+00,
26783,-9.60e-02,8.80e+00,
26784,-9.60e-02,8.60e+00,
26785,-9.60e-02,8.60e+00,
26786,-9.60e-02,8.60e+00,
26787,-9.60e-02,8.80e+00,
26788,-9.60e-02,8.80e+00,
26789,-9.60e-02,8.80e+00,
26790,-9.60e-02,8.60e+00,
26791,-9.60e-02,8.80e+00,
26792,-9.60e-02,8.80e+00,
26793,-9.60e-02,8.60e+00,
26794,-9.60e-02,8.60e+00,
26795,-9.60e-02,8.80e+00,
26796,-9.60e-02,8.60e+00,
26797,-9.60e-02,8.60e+00,
26798,-9.60e-02,8.60e+00,
26799,-9.60e-02,8.80e+00,
26800,-9.60e-02,8.60e+00,
26801,-9.60e-02,8.80e+00,
26802,-9.60e-02,8.60e+00,
26803,-9.60e-02,8.80e+00,
26804,-9.60e-02,8.60e+00,
26805,-9.60e-02,8.60e+00,
26806,-9.60e-02,8.80e+00,
26807,-9.60e-02,8.80e+00,
26808,-9.60e-02,8.80e+00,
26809,-9.60e-02,8.80e+00,
26810,-9.60e-02,8.60e+00,
26811,-9.60e-02,8.60e+00,
26812,-9.60e-02,8.60e+00,
26813,-9.60e-02,8.60e+00,
26814,-9.60e-02,8.60e+00,
26815,-9.60e-02,8.60e+00,
26816,-9.60e-02,8.60e+00,
26817,-9.60e-02,8.60e+00,
26818,-9.60e-02,8.60e+00,
26819,-9.60e-02,8.80e+00,
26820,-9.60e-02,8.60e+00,
26821,-9.60e-02,8.80e+00,
26822,-9.60e-02,8.60e+00,
26823,-1.04e-01,8.80e+00,
26824,-9.60e-02,8.80e+00,
26825,-1.04e-01,8.60e+00,
26826,-9.60e-02,8.60e+00,
26827,-9.60e-02,8.60e+00,
26828,-9.60e-02,8.80e+00,
26829,-1.04e-01,8.80e+00,
26830,-9.60e-02,8.60e+00,
26831,-1.04e-01,8.80e+00,
26832,-9.60e-02,8.60e+00,
26833,-1.04e-01,8.80e+00,
26834,-9.60e-02,8.60e+00,
26835,-1.04e-01,8.80e+00,
26836,-9.60e-02,8.60e+00,
26837,-1.04e-01,8.80e+00,
26838,-1.04e-01,8.60e+00,
26839,-1.04e-01,8.80e+00,
26840,-9.60e-02,8.80e+00,
26841,-1.04e-01,8.80e+00,
26842,-9.60e-02,8.60e+00,
26843,-1.04e-01,8.60e+00,
26844,-1.04e-01,8.80e+00,
26845,-1.04e-01,8.60e+00,
26846,-1.04e-01,8.80e+00,
26847,-1.04e-01,8.80e+00,
26848,-1.04e-01,8.60e+00,
26849,-1.04e-01,8.80e+00,
26850,-1.04e-01,8.60e+00,
26851,-1.04e-01,8.80e+00,
26852,-1.04e-01,8.60e+00,
26853,-1.04e-01,8.60e+00,
26854,-1.04e-01,8.60e+00,
26855,-1.04e-01,8.60e+00,
26856,-1.04e-01,8.60e+00,
26857,-1.04e-01,8.60e+00,
26858,-1.04e-01,8.60e+00,
26859,-1.04e-01,8.60e+00,
26860,-1.04e-01,8.60e+00,
26861,-1.04e-01,8.60e+00,
26862,-1.04e-01,8.60e+00,
26863,-1.04e-01,8.80e+00,
26864,-1.04e-01,8.60e+00,
26865,-1.04e-01,8.60e+00,
26866,-1.04e-01,8.80e+00,
26867,-1.04e-01,8.80e+00,
26868,-1.04e-01,8.60e+00,
26869,-1.04e-01,8.60e+00,
26870,-1.04e-01,8.60e+00,
26871,-1.04e-01,8.80e+00,
26872,-1.04e-01,8.60e+00,
26873,-1.04e-01,8.60e+00,
26874,-1.04e-01,8.60e+00,
26875,-1.04e-01,8.60e+00,
26876,-1.04e-01,8.60e+00,
26877,-1.12e-01,8.60e+00,
26878,-1.04e-01,8.60e+00,
26879,-1.04e-01,8.80e+00,
26880,-1.04e-01,8.80e+00,
26881,-1.12e-01,8.60e+00,
26882,-1.04e-01,8.60e+00,
26883,-1.04e-01,8.60e+00,
26884,-1.04e-01,8.60e+00,
26885,-1.04e-01,8.60e+00,
26886,-1.04e-01,8.60e+00,
26887,-1.04e-01,8.60e+00,
26888,-1.04e-01,8.80e+00,
26889,-1.12e-01,8.80e+00,
26890,-1.04e-01,8.60e+00,
26891,-1.04e-01,8.80e+00,
26892,-1.04e-01,8.60e+00,
26893,-1.12e-01,8.80e+00,
26894,-1.04e-01,8.60e+00,
26895,-1.12e-01,8.60e+00,
26896,-1.04e-01,8.80e+00,
26897,-1.12e-01,8.60e+00,
26898,-1.04e-01,8.60e+00,
26899,-1.04e-01,8.80e+00,
26900,-1.04e-01,8.60e+00,
26901,-1.12e-01,8.60e+00,
26902,-1.12e-01,8.60e+00,
26903,-1.12e-01,8.80e+00,
26904,-1.04e-01,8.60e+00,
26905,-1.12e-01,8.80e+00,
26906,-1.04e-01,8.60e+00,
26907,-1.12e-01,8.60e+00,
26908,-1.04e-01,8.60e+00,
26909,-1.12e-01,8.80e+00,
26910,-1.04e-01,8.60e+00,
26911,-1.12e-01,8.80e+00,
26912,-1.12e-01,8.60e+00,
26913,-1.12e-01,8.60e+00,
26914,-1.12e-01,8.60e+00,
26915,-1.12e-01,8.80e+00,
26916,-1.12e-01,8.60e+00,
26917,-1.12e-01,8.60e+00,
26918,-1.12e-01,8.60e+00,
26919,-1.12e-01,8.80e+00,
26920,-1.12e-01,8.60e+00,
26921,-1.12e-01,8.60e+00,
26922,-1.12e-01,8.60e+00,
26923,-1.12e-01,8.60e+00,
26924,-1.12e-01,8.80e+00,
26925,-1.12e-01,8.60e+00,
26926,-1.12e-01,8.60e+00,
26927,-1.12e-01,8.60e+00,
26928,-1.12e-01,8.60e+00,
26929,-1.12e-01,8.80e+00,
26930,-1.12e-01,8.60e+00,
26931,-1.12e-01,8.80e+00,
26932,-1.12e-01,8.80e+00,
26933,-1.12e-01,8.80e+00,
26934,-1.12e-01,8.60e+00,
26935,-1.12e-01,8.60e+00,
26936,-1.12e-01,8.60e+00,
26937,-1.12e-01,8.60e+00,
26938,-1.12e-01,8.60e+00,
26939,-1.12e-01,8.80e+00,
26940,-1.12e-01,8.60e+00,
26941,-1.12e-01,8.80e+00,
26942,-1.12e-01,8.60e+00,
26943,-1.12e-01,8.60e+00,
26944,-1.12e-01,8.60e+00,
26945,-1.20e-01,8.60e+00,
26946,-1.12e-01,8.60e+00,
26947,-1.12e-01,8.80e+00,
26948,-1.12e-01,8.60e+00,
26949,-1.20e-01,8.60e+00,
26950,-1.12e-01,8.60e+00,
26951,-1.12e-01,8.80e+00,
26952,-1.12e-01,8.80e+00,
26953,-1.20e-01,8.60e+00,
26954,-1.12e-01,8.60e+00,
26955,-1.12e-01,8.60e+00,
26956,-1.12e-01,8.60e+00,
26957,-1.20e-01,8.80e+00,
26958,-1.12e-01,8.60e+00,
26959,-1.12e-01,8.80e+00,
26960,-1.12e-01,8.60e+00,
26961,-1.20e-01,8.60e+00,
26962,-1.12e-01,8.80e+00,
26963,-1.12e-01,8.80e+00,
26964,-1.12e-01,8.60e+00,
26965,-1.20e-01,8.60e+00,
26966,-1.12e-01,8.60e+00,
26967,-1.20e-01,8.80e+00,
26968,-1.12e-01,8.60e+00,
26969,-1.20e-01,8.80e+00,
26970,-1.12e-01,8.80e+00,
26971,-1.20e-01,8.80e+00,
26972,-1.28e-01,8.60e+00,
26973,-1.60e-01,8.60e+00,
26974,-1.60e-01,8.60e+00,
26975,-1.44e-01,8.60e+00,
26976,-1.36e-01,8.80e+00,
26977,-1.44e-01,8.60e+00,
26978,-1.28e-01,8.60e+00,
26979,-9.60e-02,8.80e+00,
26980,-6.40e-02,8.80e+00,
26981,-6.40e-02,8.80e+00,
26982,-8.00e-02,8.60e+00,
26983,-9.60e-02,8.60e+00,
26984,-1.20e-01,8.60e+00,
26985,-1.36e-01,8.60e+00,
26986,-1.44e-01,8.60e+00,
26987,-1.60e-01,8.80e+00,
26988,-1.36e-01,8.60e+00,
26989,-1.12e-01,8.80e+00,
26990,-8.80e-02,8.80e+00,
26991,-8.00e-02,8.80e+00,
26992,-8.80e-02,8.60e+00,
26993,-1.04e-01,8.60e+00,
26994,-1.20e-01,8.60e+00,
26995,-1.36e-01,8.60e+00,
26996,-1.44e-01,8.60e+00,
26997,-1.44e-01,8.60e+00,
26998,-1.28e-01,8.80e+00,
26999,-1.12e-01,8.80e+00,
27000,-8.80e-02,8.80e+00,
27001,-8.80e-02,8.80e+00,
27002,-9.60e-02,8.60e+00,
27003,-1.12e-01,8.80e+00,
27004,-1.20e-01,8.60e+00,
27005,-1.36e-01,8.60e+00,
27006,-1.44e-01,8.60e+00,
27007,-1.36e-01,8.80e+00,
27008,-1.20e-01,8.80e+00,
27009,-1.12e-01,8.80e+00,
27010,-9.60e-02,8.60e+00,
27011,-9.60e-02,8.60e+00,
27012,-1.04e-01,8.60e+00,
27013,-1.20e-01,8.60e+00,
27014,-1.28e-01,8.60e+00,
27015,-1.36e-01,8.60e+00,
27016,-1.36e-01,8.60e+00,
27017,-1.36e-01,8.60e+00,
27018,-1.20e-01,8.60e+00,
27019,-1.12e-01,8.80e+00,
27020,-1.04e-01,8.60e+00,
27021,-1.04e-01,8.60e+00,
27022,-1.12e-01,8.60e+00,
27023,-1.20e-01,8.60e+00,
27024,-1.28e-01,8.60e+00,
27025,-1.36e-01,8.60e+00,
27026,-1.36e-01,8.60e+00,
27027,-1.28e-01,8.80e+00,
27028,-1.20e-01,8.80e+00,
27029,-1.12e-01,8.80e+00,
27030,-1.04e-01,8.60e+00,
27031,-1.04e-01,8.80e+00,
27032,-1.12e-01,8.60e+00,
27033,-1.20e-01,8.80e+00,
27034,-1.28e-01,8.60e+00,
27035,-1.28e-01,8.60e+00,
27036,-1.28e-01,8.80e+00,
27037,-1.28e-01,8.60e+00,
27038,-1.20e-01,8.60e+00,
27039,-1.12e-01,8.80e+00,
27040,-1.04e-01,8.60e+00,
27041,-1.12e-01,8.60e+00,
27042,-1.12e-01,8.60e+00,
27043,-1.20e-01,8.80e+00,
27044,-1.28e-01,8.60e+00,
27045,-1.36e-01,8.60e+00,
27046,-1.28e-01,8.60e+00,
27047,-1.28e-01,8.80e+00,
27048,-1.20e-01,8.60e+00,
27049,-1.12e-01,8.60e+00,
27050,-1.12e-01,8.60e+00,
27051,-1.12e-01,8.60e+00,
27052,-1.12e-01,8.60e+00,
27053,-1.28e-01,8.60e+00,
27054,-1.28e-01,8.60e+00,
27055,-1.28e-01,8.60e+00,
27056,-1.28e-01,8.60e+00,
27057,-1.28e-01,8.60e+00,
27058,-1.20e-01,8.60e+00,
27059,-1.12e-01,8.80e+00,
27060,-1.12e-01,8.60e+00,
27061,-1.20e-01,8.60e+00,
27062,-1.20e-01,8.80e+00,
27063,-1.28e-01,8.80e+00,
27064,-1.28e-01,8.60e+00,
27065,-1.28e-01,8.60e+00,
27066,-1.28e-01,8.60e+00,
27067,-1.20e-01,8.80e+00,
27068,-1.20e-01,8.60e+00,
27069,-1.20e-01,8.80e+00,
27070,-1.12e-01,8.80e+00,
27071,-1.20e-01,8.80e+00,
27072,-1.20e-01,8.60e+00,
27073,-1.28e-01,8.60e+00,
27074,-1.28e-01,8.60e+00,
27075,-1.28e-01,8.60e+00,
27076,-1.20e-01,8.60e+00,
27077,-1.20e-01,8.60e+00,
27078,-1.20e-01,8.80e+00,
27079,-1.20e-01,8.80e+00,
27080,-1.12e-01,8.60e+00,
27081,-1.20e-01,8.60e+00,
27082,-1.20e-01,8.60e+00,
27083,-1.28e-01,8.80e+00,
27084,-1.28e-01,8.60e+00,
27085,-1.28e-01,8.60e+00,
27086,-1.20e-01,8.60e+00,
27087,-1.20e-01,8.60e+00,
27088,-1.20e-01,8.60e+00,
27089,-1.20e-01,8.60e+00,
27090,-1.20e-01,8.60e+00,
27091,-1.20e-01,8.80e+00,
27092,-1.20e-01,8.60e+00,
27093,-1.28e-01,8.80e+00,
27094,-1.28e-01,8.60e+00,
27095,-1.28e-01,8.60e+00,
27096,-1.20e-01,8.60e+00,
27097,-1.28e-01,8.60e+00,
27098,-1.20e-01,8.60e+00,
27099,-1.20e-01,8.60e+00,
27100,-1.20e-01,8.60e+00,
27101,-1.28e-01,8.60e+00,
27102,-1.20e-01,8.60e+00,
27103,-1.28e-01,8.60e+00,
27104,-1.28e-01,8.60e+00,
27105,-1.28e-01,8.60e+00,
27106,-1.20e-01,8.60e+00,
27107,-1.20e-01,8.80e+00,
27108,-1.20e-01,8.60e+00,
27109,-1.20e-01,8.80e+00,
27110,-1.20e-01,8.60e+00,
27111,-1.28e-01,8.60e+00,
27112,-1.28e-01,8.80e+00,
27113,-1.28e-01,8.60e+00,
27114,-1.28e-01,8.60e+00,
27115,-1.28e-01,8.60e+00,
27116,-1.20e-01,8.60e+00,
27117,-1.28e-01,8.60e+00,
27118,-1.20e-01,8.60e+00,
27119,-1.20e-01,8.80e+00,
27120,-1.20e-01,8.80e+00,
27121,-1.28e-01,8.60e+00,
27122,-1.20e-01,8.60e+00,
27123,-1.28e-01,8.80e+00,
27124,-1.28e-01,8.60e+00,
27125,-1.28e-01,8.60e+00,
27126,-1.28e-01,8.60e+00,
27127,-1.28e-01,8.60e+00,
27128,-1.20e-01,8.60e+00,
27129,-1.28e-01,8.60e+00,
27130,-1.20e-01,8.60e+00,
27131,-1.28e-01,8.80e+00,
27132,-1.28e-01,8.60e+00,
27133,-1.28e-01,8.80e+00,
27134,-1.28e-01,8.60e+00,
27135,-1.28e-01,8.80e+00,
27136,-1.28e-01,8.80e+00,
27137,-1.28e-01,8.60e+00,
27138,-1.20e-01,8.60e+00,
27139,-1.28e-01,8.80e+00,
27140,-1.28e-01,8.60e+00,
27141,-1.28e-01,8.60e+00,
27142,-1.28e-01,8.60e+00,
27143,-1.28e-01,8.60e+00,
27144,-1.28e-01,8.60e+00,
27145,-1.28e-01,8.60e+00,
27146,-1.20e-01,8.60e+00,
27147,-1.28e-01,8.60e+00,
27148,-1.28e-01,8.60e+00,
27149,-1.28e-01,8.80e+00,
27150,-1.28e-01,8.60e+00,
27151,-1.28e-01,8.60e+00,
27152,-1.28e-01,8.60e+00,
27153,-1.28e-01,8.60e+00,
27154,-1.28e-01,8.60e+00,
27155,-1.28e-01,8.60e+00,
27156,-1.28e-01,8.80e+00,
27157,-1.28e-01,8.60e+00,
27158,-1.28e-01,8.60e+00,
27159,-1.28e-01,8.60e+00,
27160,-1.28e-01,8.60e+00,
27161,-1.28e-01,8.80e+00,
27162,-1.28e-01,8.80e+00,
27163,-1.28e-01,8.60e+00,
27164,-1.28e-01,8.60e+00,
27165,-1.28e-01,8.60e+00,
27166,-1.28e-01,8.60e+00,
27167,-1.28e-01,8.80e+00,
27168,-1.28e-01,8.60e+00,
27169,-1.28e-01,8.80e+00,
27170,-1.28e-01,8.60e+00,
27171,-1.28e-01,8.60e+00,
27172,-1.28e-01,8.60e+00,
27173,-1.28e-01,8.60e+00,
27174,-1.28e-01,8.60e+00,
27175,-1.28e-01,8.60e+00,
27176,-1.28e-01,8.80e+00,
27177,-1.28e-01,8.60e+00,
27178,-1.28e-01,8.60e+00,
27179,-1.28e-01,8.80e+00,
27180,-1.28e-01,8.60e+00,
27181,-1.28e-01,8.60e+00,
27182,-1.28e-01,8.60e+00,
27183,-1.28e-01,8.80e+00,
27184,-1.28e-01,8.60e+00,
27185,-1.36e-01,8.60e+00,
27186,-1.28e-01,8.60e+00,
27187,-1.28e-01,8.80e+00,
27188,-1.28e-01,8.60e+00,
27189,-1.28e-01,8.80e+00,
27190,-1.28e-01,8.60e+00,
27191,-1.28e-01,8.80e+00,
27192,-1.28e-01,8.80e+00,
27193,-1.36e-01,8.80e+00,
27194,-1.28e-01,8.80e+00,
27195,-1.28e-01,8.60e+00,
27196,-1.28e-01,8.60e+00,
27197,-1.28e-01,8.60e+00,
27198,-1.28e-01,8.60e+00,
27199,-1.28e-01,8.60e+00,
27200,-1.28e-01,8.60e+00,
27201,-1.36e-01,8.80e+00,
27202,-1.28e-01,8.60e+00,
27203,-1.28e-01,8.60e+00,
27204,-1.28e-01,8.60e+00,
27205,-1.36e-01,8.60e+00,
27206,-1.28e-01,8.60e+00,
27207,-1.28e-01,8.60e+00,
27208,-1.28e-01,8.60e+00,
27209,-1.36e-01,8.60e+00,
27210,-1.28e-01,8.60e+00,
27211,-1.36e-01,8.60e+00,
27212,-1.36e-01,8.80e+00,
27213,-1.36e-01,8.60e+00,
27214,-1.28e-01,8.60e+00,
27215,-1.36e-01,8.60e+00,
27216,-1.28e-01,8.80e+00,
27217,-1.36e-01,8.60e+00,
27218,-1.28e-01,8.60e+00,
27219,-1.36e-01,8.80e+00,
27220,-1.36e-01,8.60e+00,
27221,-1.36e-01,8.60e+00,
27222,-1.36e-01,8.60e+00,
27223,-1.36e-01,8.80e+00,
27224,-1.28e-01,8.60e+00,
27225,-1.36e-01,8.80e+00,
27226,-1.28e-01,8.60e+00,
27227,-1.36e-01,8.60e+00,
27228,-1.36e-01,8.60e+00,
27229,-1.36e-01,8.60e+00,
27230,-1.36e-01,8.60e+00,
27231,-1.36e-01,8.80e+00,
27232,-1.36e-01,8.60e+00,
27233,-1.36e-01,8.60e+00,
27234,-1.36e-01,8.60e+00,
27235,-1.36e-01,8.60e+00,
27236,-1.36e-01,8.60e+00,
27237,-1.36e-01,8.60e+00,
27238,-1.36e-01,8.60e+00,
27239,-1.36e-01,8.60e+00,
27240,-1.36e-01,8.80e+00,
27241,-1.36e-01,8.60e+00,
27242,-1.36e-01,8.60e+00,
27243,-1.36e-01,8.80e+00,
27244,-1.36e-01,8.60e+00,
27245,-1.36e-01,8.60e+00,
27246,-1.36e-01,8.60e+00,
27247,-1.36e-01,8.60e+00,
27248,-1.36e-01,8.60e+00,
27249,-1.36e-01,8.60e+00,
27250,-1.36e-01,8.60e+00,
27251,-1.36e-01,8.60e+00,
27252,-1.36e-01,8.60e+00,
27253,-1.36e-01,8.60e+00,
27254,-1.36e-01,8.80e+00,
27255,-1.36e-01,8.60e+00,
27256,-1.36e-01,8.80e+00,
27257,-1.36e-01,8.60e+00,
27258,-1.36e-01,8.60e+00,
27259,-1.36e-01,8.60e+00,
27260,-1.36e-01,8.60e+00,
27261,-1.44e-01,8.60e+00,
27262,-1.36e-01,8.60e+00,
27263,-1.36e-01,8.60e+00,
27264,-1.36e-01,8.60e+00,
27265,-1.44e-01,8.60e+00,
27266,-1.36e-01,8.60e+00,
27267,-1.44e-01,8.60e+00,
27268,-1.36e-01,8.60e+00,
27269,-1.44e-01,8.60e+00,
27270,-1.36e-01,8.60e+00,
27271,-1.44e-01,8.60e+00,
27272,-1.36e-01,8.80e+00,
27273,-1.44e-01,8.60e+00,
27274,-1.36e-01,8.60e+00,
27275,-1.44e-01,8.60e+00,
27276,-1.36e-01,8.60e+00,
27277,-1.44e-01,8.60e+00,
27278,-1.44e-01,8.60e+00,
27279,-1.44e-01,8.80e+00,
27280,-1.36e-01,8.60e+00,
27281,-1.44e-01,8.60e+00,
27282,-1.44e-01,8.60e+00,
27283,-1.44e-01,8.60e+00,
27284,-1.44e-01,8.60e+00,
27285,-1.44e-01,8.60e+00,
27286,-1.44e-01,8.80e+00,
27287,-1.44e-01,8.60e+00,
27288,-1.44e-01,8.60e+00,
27289,-1.44e-01,8.60e+00,
27290,-1.44e-01,8.60e+00,
27291,-1.44e-01,8.80e+00,
27292,-1.44e-01,8.60e+00,
27293,-1.44e-01,8.60e+00,
27294,-1.44e-01,8.60e+00,
27295,-1.44e-01,8.60e+00,
27296,-1.44e-01,8.80e+00,
27297,-1.44e-01,8.60e+00,
27298,-1.44e-01,8.60e+00,
27299,-1.44e-01,8.60e+00,
27300,-1.44e-01,8.60e+00,
27301,-1.44e-01,8.60e+00,
27302,-1.44e-01,8.60e+00,
27303,-1.44e-01,8.60e+00,
27304,-1.44e-01,8.60e+00,
27305,-1.44e-01,8.60e+00,
27306,-1.44e-01,8.60e+00,
27307,-1.44e-01,8.60e+00,
27308,-1.44e-01,8.60e+00,
27309,-1.44e-01,8.60e+00,
27310,-1.44e-01,8.60e+00,
27311,-1.44e-01,8.60e+00,
27312,-1.44e-01,8.60e+00,
27313,-1.60e-01,8.60e+00,
27314,-1.44e-01,8.60e+00,
27315,-1.60e-01,8.80e+00,
27316,-1.44e-01,8.60e+00,
27317,-1.60e-01,8.60e+00,
27318,-1.44e-01,8.60e+00,
27319,-1.44e-01,8.80e+00,
27320,-1.44e-01,8.60e+00,
27321,-1.60e-01,8.60e+00,
27322,-1.44e-01,8.60e+00,
27323,-1.60e-01,8.60e+00,
27324,-1.44e-01,8.60e+00,
27325,-1.60e-01,8.60e+00,
27326,-1.60e-01,8.60e+00,
27327,-1.60e-01,8.60e+00,
27328,-1.44e-01,8.60e+00,
27329,-1.60e-01,8.60e+00,
27330,-1.60e-01,8.60e+00,
27331,-1.60e-01,8.60e+00,
27332,-1.44e-01,8.60e+00,
27333,-1.60e-01,8.60e+00,
27334,-1.60e-01,8.60e+00,
27335,-1.60e-01,8.60e+00,
27336,-1.60e-01,8.60e+00,
27337,-1.60e-01,8.60e+00,
27338,-1.60e-01,8.60e+00,
27339,-1.60e-01,8.80e+00,
27340,-1.44e-01,8.60e+00,
27341,-1.60e-01,8.60e+00,
27342,-1.60e-01,8.60e+00,
27343,-1.60e-01,8.60e+00,
27344,-1.60e-01,8.60e+00,
27345,-1.60e-01,8.60e+00,
27346,-1.60e-01,8.60e+00,
27347,-1.60e-01,8.60e+00,
27348,-1.60e-01,8.60e+00,
27349,-1.60e-01,8.60e+00,
27350,-1.60e-01,8.60e+00,
27351,-1.60e-01,8.60e+00,
27352,-1.60e-01,8.80e+00,
27353,-1.60e-01,8.80e+00,
27354,-1.60e-01,8.60e+00,
27355,-1.60e-01,8.60e+00,
27356,-1.60e-01,8.60e+00,
27357,-1.60e-01,8.60e+00,
27358,-1.60e-01,8.60e+00,
27359,-1.60e-01,8.60e+00,
27360,-1.60e-01,8.60e+00,
27361,-1.60e-01,8.60e+00,
27362,-1.60e-01,8.80e+00,
27363,-1.60e-01,8.60e+00,
27364,-1.60e-01,8.80e+00,
27365,-1.68e-01,8.60e+00,
27366,-1.60e-01,8.60e+00,
27367,-1.60e-01,8.80e+00,
27368,-1.60e-01,8.60e+00,
27369,-1.68e-01,8.60e+00,
27370,-1.60e-01,8.60e+00,
27371,-1.68e-01,8.80e+00,
27372,-1.60e-01,8.60e+00,
27373,-1.68e-01,8.60e+00,
27374,-1.68e-01,8.60e+00,
27375,-1.68e-01,8.60e+00,
27376,-1.60e-01,8.60e+00,
27377,-1.68e-01,8.60e+00,
27378,-1.60e-01,8.60e+00,
27379,-1.68e-01,8.60e+00,
27380,-1.60e-01,8.60e+00,
27381,-1.68e-01,8.80e+00,
27382,-1.68e-01,8.60e+00,
27383,-1.68e-01,8.60e+00,
27384,-1.68e-01,8.60e+00,
27385,-1.68e-01,8.60e+00,
27386,-1.68e-01,8.60e+00,
27387,-1.68e-01,8.60e+00,
27388,-1.68e-01,8.60e+00,
27389,-1.68e-01,8.60e+00,
27390,-1.68e-01,8.60e+00,
27391,-1.68e-01,8.60e+00,
27392,-1.68e-01,8.60e+00,
27393,-1.68e-01,8.60e+00,
27394,-1.68e-01,8.60e+00,
27395,-1.68e-01,8.60e+00,
27396,-1.68e-01,8.60e+00,
27397,-1.68e-01,8.60e+00,
27398,-1.68e-01,8.60e+00,
27399,-1.68e-01,8.60e+00,
27400,-1.68e-01,8.60e+00,
27401,-1.68e-01,8.60e+00,
27402,-1.68e-01,8.60e+00,
27403,-1.68e-01,8.60e+00,
27404,-1.68e-01,8.60e+00,
27405,-1.68e-01,8.60e+00,
27406,-1.68e-01,8.60e+00,
27407,-1.68e-01,8.80e+00,
27408,-1.68e-01,8.60e+00,
27409,-1.76e-01,8.60e+00,
27410,-1.68e-01,8.60e+00,
27411,-1.68e-01,8.60e+00,
27412,-1.68e-01,8.60e+00,
27413,-1.76e-01,8.60e+00,
27414,-1.68e-01,8.60e+00,
27415,-1.76e-01,8.60e+00,
27416,-1.68e-01,8.60e+00,
27417,-1.76e-01,8.60e+00,
27418,-1.68e-01,8.60e+00,
27419,-1.76e-01,8.60e+00,
27420,-1.68e-01,8.60e+00,
27421,-1.76e-01,8.80e+00,
27422,-1.68e-01,8.60e+00,
27423,-1.76e-01,8.60e+00,
27424,-1.68e-01,8.60e+00,
27425,-1.76e-01,8.60e+00,
27426,-1.76e-01,8.60e+00,
27427,-1.76e-01,8.60e+00,
27428,-1.68e-01,8.60e+00,
27429,-1.76e-01,8.60e+00,
27430,-1.76e-01,8.60e+00,
27431,-1.76e-01,8.60e+00,
27432,-1.76e-01,8.60e+00,
27433,-1.76e-01,8.60e+00,
27434,-1.76e-01,8.60e+00,
27435,-1.76e-01,8.60e+00,
27436,-1.76e-01,8.60e+00,
27437,-1.76e-01,8.60e+00,
27438,-1.76e-01,8.60e+00,
27439,-1.76e-01,8.60e+00,
27440,-1.76e-01,8.60e+00,
27441,-1.76e-01,8.60e+00,
27442,-1.76e-01,8.60e+00,
27443,-1.76e-01,8.60e+00,
27444,-1.76e-01,8.60e+00,
27445,-1.76e-01,8.60e+00,
27446,-1.76e-01,8.60e+00,
27447,-1.76e-01,8.60e+00,
27448,-1.76e-01,8.60e+00,
27449,-1.76e-01,8.60e+00,
27450,-1.76e-01,8.60e+00,
27451,-1.76e-01,8.60e+00,
27452,-1.76e-01,8.60e+00,
27453,-1.76e-01,8.60e+00,
27454,-1.76e-01,8.60e+00,
27455,-1.76e-01,8.60e+00,
27456,-1.76e-01,8.60e+00,
27457,-1.76e-01,8.60e+00,
27458,-1.76e-01,8.60e+00,
27459,-1.84e-01,8.60e+00,
27460,-1.76e-01,8.60e+00,
27461,-1.84e-01,8.60e+00,
27462,-1.76e-01,8.60e+00,
27463,-1.84e-01,8.60e+00,
27464,-1.76e-01,8.60e+00,
27465,-1.84e-01,8.60e+00,
27466,-1.76e-01,8.60e+00,
27467,-1.84e-01,8.60e+00,
27468,-1.76e-01,8.60e+00,
27469,-1.84e-01,8.60e+00,
27470,-1.76e-01,8.40e+00,
27471,-1.84e-01,8.60e+00,
27472,-1.76e-01,8.60e+00,
27473,-1.84e-01,8.60e+00,
27474,-1.84e-01,8.60e+00,
27475,-1.84e-01,8.60e+00,
27476,-1.76e-01,8.60e+00,
27477,-1.84e-01,8.60e+00,
27478,-1.84e-01,8.60e+00,
27479,-1.84e-01,8.80e+00,
27480,-1.76e-01,8.60e+00,
27481,-1.84e-01,8.60e+00,
27482,-1.84e-01,8.60e+00,
27483,-1.84e-01,8.60e+00,
27484,-1.84e-01,8.60e+00,
27485,-1.84e-01,8.60e+00,
27486,-1.84e-01,8.60e+00,
27487,-1.84e-01,8.60e+00,
27488,-1.84e-01,8.60e+00,
27489,-1.84e-01,8.60e+00,
27490,-1.84e-01,8.60e+00,
27491,-1.84e-01,8.60e+00,
27492,-1.84e-01,8.60e+00,
27493,-1.84e-01,8.60e+00,
27494,-1.84e-01,8.60e+00,
27495,-1.84e-01,8.60e+00,
27496,-1.84e-01,8.60e+00,
27497,-1.84e-01,8.60e+00,
27498,-1.84e-01,8.60e+00,
27499,-1.84e-01,8.60e+00,
27500,-1.84e-01,8.60e+00,
27501,-1.84e-01,8.60e+00,
27502,-1.84e-01,8.60e+00,
27503,-1.84e-01,8.60e+00,
27504,-1.84e-01,8.60e+00,
27505,-1.84e-01,8.60e+00,
27506,-1.84e-01,8.60e+00,
27507,-1.92e-01,8.60e+00,
27508,-1.84e-01,8.60e+00,
27509,-1.92e-01,8.60e+00,
27510,-1.84e-01,8.60e+00,
27511,-1.84e-01,8.60e+00,
27512,-1.84e-01,8.60e+00,
27513,-1.92e-01,8.60e+00,
27514,-1.84e-01,8.60e+00,
27515,-1.84e-01,8.60e+00,
27516,-1.84e-01,8.60e+00,
27517,-1.92e-01,8.60e+00,
27518,-1.84e-01,8.60e+00,
27519,-1.92e-01,8.60e+00,
27520,-1.84e-01,8.60e+00,
27521,-1.92e-01,8.60e+00,
27522,-1.84e-01,8.60e+00,
27523,-1.92e-01,8.60e+00,
27524,-1.84e-01,8.60e+00,
27525,-1.92e-01,8.60e+00,
27526,-1.92e-01,8.60e+00,
27527,-1.92e-01,8.60e+00,
27528,-1.84e-01,8.60e+00,
27529,-1.92e-01,8.60e+00,
27530,-1.92e-01,8.60e+00,
27531,-1.92e-01,8.80e+00,
27532,-1.92e-01,8.60e+00,
27533,-1.92e-01,8.80e+00,
27534,-1.92e-01,8.60e+00,
27535,-1.92e-01,8.60e+00,
27536,-1.92e-01,8.60e+00,
27537,-1.92e-01,8.60e+00,
27538,-1.92e-01,8.60e+00,
27539,-1.92e-01,8.60e+00,
27540,-1.92e-01,8.60e+00,
27541,-1.92e-01,8.60e+00,
27542,-1.92e-01,8.60e+00,
27543,-1.92e-01,8.60e+00,
27544,-1.92e-01,8.60e+00,
27545,-1.92e-01,8.60e+00,
27546,-1.92e-01,8.60e+00,
27547,-1.92e-01,8.60e+00,
27548,-1.92e-01,8.60e+00,
27549,-1.92e-01,8.60e+00,
27550,-1.92e-01,8.60e+00,
27551,-1.92e-01,8.60e+00,
27552,-1.92e-01,8.60e+00,
27553,-1.92e-01,8.60e+00,
27554,-1.92e-01,8.60e+00,
27555,-1.92e-01,8.60e+00,
27556,-1.92e-01,8.60e+00,
27557,-1.92e-01,8.60e+00,
27558,-1.92e-01,8.60e+00,
27559,-1.92e-01,8.60e+00,
27560,-1.92e-01,8.60e+00,
27561,-1.92e-01,8.60e+00,
27562,-1.92e-01,8.60e+00,
27563,-1.92e-01,8.60e+00,
27564,-1.92e-01,8.60e+00,
27565,-2.00e-01,8.60e+00,
27566,-1.92e-01,8.60e+00,
27567,-2.00e-01,8.60e+00,
27568,-1.92e-01,8.60e+00,
27569,-2.00e-01,8.60e+00,
27570,-1.92e-01,8.60e+00,
27571,-2.00e-01,8.80e+00,
27572,-1.92e-01,8.60e+00,
27573,-2.00e-01,8.60e+00,
27574,-1.92e-01,8.60e+00,
27575,-2.00e-01,8.60e+00,
27576,-1.92e-01,8.60e+00,
27577,-2.00e-01,8.60e+00,
27578,-1.92e-01,8.60e+00,
27579,-2.00e-01,8.60e+00,
27580,-1.92e-01,8.60e+00,
27581,-2.00e-01,8.60e+00,
27582,-1.92e-01,8.60e+00,
27583,-2.00e-01,8.60e+00,
27584,-1.92e-01,8.60e+00,
27585,-2.00e-01,8.60e+00,
27586,-1.92e-01,8.60e+00,
27587,-2.00e-01,8.60e+00,
27588,-2.00e-01,8.60e+00,
27589,-2.00e-01,8.60e+00,
27590,-2.00e-01,8.60e+00,
27591,-2.00e-01,8.60e+00,
27592,-1.92e-01,8.60e+00,
27593,-2.00e-01,8.60e+00,
27594,-1.92e-01,8.60e+00,
27595,-2.00e-01,8.60e+00,
27596,-2.00e-01,8.60e+00,
27597,-2.00e-01,8.60e+00,
27598,-2.00e-01,8.60e+00,
27599,-2.00e-01,8.60e+00,
27600,-2.00e-01,8.60e+00,
27601,-2.00e-01,8.60e+00,
27602,-2.00e-01,8.60e+00,
27603,-2.00e-01,8.60e+00,
27604,-2.00e-01,8.60e+00,
27605,-2.00e-01,8.60e+00,
27606,-2.00e-01,8.60e+00,
27607,-2.00e-01,8.60e+00,
27608,-2.00e-01,8.60e+00,
27609,-2.00e-01,8.60e+00,
27610,-2.00e-01,8.60e+00,
27611,-2.00e-01,8.60e+00,
27612,-2.00e-01,8.60e+00,
27613,-2.00e-01,8.60e+00,
27614,-2.00e-01,8.60e+00,
27615,-2.00e-01,8.60e+00,
27616,-2.00e-01,8.60e+00,
27617,-2.00e-01,8.60e+00,
27618,-2.00e-01,8.60e+00,
27619,-2.00e-01,8.60e+00,
27620,-2.00e-01,8.60e+00,
27621,-2.00e-01,8.60e+00,
27622,-2.00e-01,8.60e+00,
27623,-2.00e-01,8.60e+00,
27624,-2.00e-01,8.60e+00,
27625,-2.00e-01,8.60e+00,
27626,-2.00e-01,8.60e+00,
27627,-2.00e-01,8.60e+00,
27628,-2.00e-01,8.60e+00,
27629,-2.08e-01,8.60e+00,
27630,-2.00e-01,8.60e+00,
27631,-2.00e-01,8.60e+00,
27632,-2.00e-01,8.60e+00,
27633,-2.08e-01,8.60e+00,
27634,-2.00e-01,8.60e+00,
27635,-2.08e-01,8.80e+00,
27636,-2.00e-01,8.60e+00,
27637,-2.08e-01,8.60e+00,
27638,-2.00e-01,8.60e+00,
27639,-2.00e-01,8.60e+00,
27640,-2.00e-01,8.60e+00,
27641,-2.08e-01,8.60e+00,
27642,-2.00e-01,8.60e+00,
27643,-2.00e-01,8.60e+00,
27644,-2.00e-01,8.60e+00,
27645,-2.08e-01,8.60e+00,
27646,-2.00e-01,8.60e+00,
27647,-2.00e-01,8.60e+00,
27648,-2.00e-01,8.60e+00,
27649,-2.08e-01,8.60e+00,
27650,-2.00e-01,8.60e+00,
27651,-2.08e-01,8.60e+00,
27652,-2.00e-01,8.60e+00,
27653,-2.08e-01,8.60e+00,
27654,-2.00e-01,8.60e+00,
27655,-2.08e-01,8.60e+00,
27656,-2.00e-01,8.60e+00,
27657,-2.08e-01,8.60e+00,
27658,-2.00e-01,8.40e+00,
27659,-2.08e-01,8.60e+00,
27660,-2.00e-01,8.60e+00,
27661,-2.08e-01,8.60e+00,
27662,-2.00e-01,8.60e+00,
27663,-2.08e-01,8.60e+00,
27664,-2.00e-01,8.60e+00,
27665,-2.08e-01,8.60e+00,
27666,-2.00e-01,8.60e+00,
27667,-2.08e-01,8.60e+00,
27668,-2.00e-01,8.60e+00,
27669,-2.08e-01,8.60e+00,
27670,-2.00e-01,8.60e+00,
27671,-2.08e-01,8.60e+00,
27672,-2.00e-01,8.60e+00,
27673,-2.08e-01,8.60e+00,
27674,-2.08e-01,8.60e+00,
27675,-2.08e-01,8.60e+00,
27676,-2.00e-01,8.60e+00,
27677,-2.08e-01,8.60e+00,
27678,-2.08e-01,8.60e+00,
27679,-2.08e-01,8.60e+00,
27680,-2.00e-01,8.60e+00,
27681,-2.08e-01,8.60e+00,
27682,-2.08e-01,8.60e+00,
27683,-2.08e-01,8.60e+00,
27684,-2.08e-01,8.60e+00,
27685,-2.08e-01,8.60e+00,
27686,-2.08e-01,8.60e+00,
27687,-2.08e-01,8.60e+00,
27688,-2.08e-01,8.60e+00,
27689,-2.08e-01,8.60e+00,
27690,-2.08e-01,8.60e+00,
27691,-2.08e-01,8.60e+00,
27692,-2.08e-01,8.60e+00,
27693,-2.08e-01,8.60e+00,
27694,-2.08e-01,8.60e+00,
27695,-2.08e-01,8.60e+00,
27696,-2.08e-01,8.60e+00,
27697,-2.08e-01,8.60e+00,
27698,-2.08e-01,8.60e+00,
27699,-2.08e-01,8.60e+00,
27700,-2.08e-01,8.60e+00,
27701,-2.08e-01,8.80e+00,
27702,-2.08e-01,8.40e+00,
27703,-2.08e-01,8.60e+00,
27704,-2.08e-01,8.60e+00,
27705,-2.08e-01,8.60e+00,
27706,-2.08e-01,8.60e+00,
27707,-2.08e-01,8.60e+00,
27708,-2.08e-01,8.60e+00,
27709,-2.08e-01,8.60e+00,
27710,-2.08e-01,8.60e+00,
27711,-2.08e-01,8.60e+00,
27712,-2.08e-01,8.60e+00,
27713,-2.16e-01,8.60e+00,
27714,-2.08e-01,8.60e+00,
27715,-2.08e-01,8.60e+00,
27716,-2.08e-01,8.60e+00,
27717,-2.16e-01,8.60e+00,
27718,-2.08e-01,8.60e+00,
27719,-2.08e-01,8.60e+00,
27720,-2.08e-01,8.60e+00,
27721,-2.16e-01,8.60e+00,
27722,-2.08e-01,8.60e+00,
27723,-2.08e-01,8.60e+00,
27724,-2.08e-01,8.40e+00,
27725,-2.16e-01,8.60e+00,
27726,-2.08e-01,8.60e+00,
27727,-2.08e-01,8.60e+00,
27728,-2.08e-01,8.60e+00,
27729,-2.16e-01,8.60e+00,
27730,-2.08e-01,8.60e+00,
27731,-2.08e-01,8.60e+00,
27732,-2.08e-01,8.60e+00,
27733,-2.16e-01,8.60e+00,
27734,-2.08e-01,8.60e+00,
27735,-2.08e-01,8.60e+00,
27736,-2.08e-01,8.60e+00,
27737,-2.16e-01,8.60e+00,
27738,-2.08e-01,8.60e+00,
27739,-2.16e-01,8.60e+00,
27740,-2.08e-01,8.60e+00,
27741,-2.16e-01,8.60e+00,
27742,-2.08e-01,8.60e+00,
27743,-2.08e-01,8.60e+00,
27744,-2.08e-01,8.60e+00,
27745,-2.16e-01,8.60e+00,
27746,-2.08e-01,8.60e+00,
27747,-2.16e-01,8.60e+00,
27748,-2.08e-01,8.60e+00,
27749,-2.16e-01,8.60e+00,
27750,-2.08e-01,8.60e+00,
27751,-2.08e-01,8.60e+00,
27752,-2.08e-01,8.60e+00,
27753,-2.16e-01,8.60e+00,
27754,-2.08e-01,8.60e+00,
27755,-2.16e-01,8.60e+00,
27756,-2.08e-01,8.60e+00,
27757,-2.16e-01,8.60e+00,
27758,-2.08e-01,8.60e+00,
27759,-2.16e-01,8.60e+00,
27760,-2.08e-01,8.60e+00,
27761,-2.16e-01,8.60e+00,
27762,-2.08e-01,8.60e+00,
27763,-2.16e-01,8.60e+00,
27764,-2.08e-01,8.60e+00,
27765,-2.16e-01,8.60e+00,
27766,-2.08e-01,8.60e+00,
27767,-2.16e-01,8.60e+00,
27768,-2.08e-01,8.60e+00,
27769,-2.16e-01,8.60e+00,
27770,-2.08e-01,8.60e+00,
27771,-2.16e-01,8.60e+00,
27772,-2.08e-01,8.60e+00,
27773,-2.16e-01,8.60e+00,
27774,-2.08e-01,8.60e+00,
27775,-2.16e-01,8.60e+00,
27776,-2.08e-01,8.60e+00,
27777,-2.16e-01,8.60e+00,
27778,-2.08e-01,8.60e+00,
27779,-2.16e-01,8.60e+00,
27780,-2.08e-01,8.60e+00,
27781,-2.16e-01,8.60e+00,
27782,-2.16e-01,8.60e+00,
27783,-2.16e-01,8.60e+00,
27784,-2.08e-01,8.60e+00,
27785,-2.16e-01,8.60e+00,
27786,-2.08e-01,8.60e+00,
27787,-2.16e-01,8.60e+00,
27788,-2.08e-01,8.60e+00,
27789,-2.16e-01,8.60e+00,
27790,-2.16e-01,8.60e+00,
27791,-2.16e-01,8.60e+00,
27792,-2.08e-01,8.60e+00,
27793,-2.16e-01,8.60e+00,
27794,-2.08e-01,8.60e+00,
27795,-2.16e-01,8.80e+00,
27796,-2.08e-01,8.60e+00,
27797,-2.16e-01,8.60e+00,
27798,-2.16e-01,8.60e+00,
27799,-2.16e-01,8.60e+00,
27800,-2.08e-01,8.60e+00,
27801,-2.16e-01,8.60e+00,
27802,-2.08e-01,8.60e+00,
27803,-2.16e-01,8.80e+00,
27804,-2.08e-01,8.60e+00,
27805,-2.16e-01,8.60e+00,
27806,-2.16e-01,8.60e+00,
27807,-2.16e-01,8.60e+00,
27808,-2.16e-01,8.60e+00,
27809,-2.16e-01,8.60e+00,
27810,-2.16e-01,8.60e+00,
27811,-2.16e-01,8.60e+00,
27812,-2.16e-01,8.60e+00,
27813,-2.16e-01,8.60e+00,
27814,-2.16e-01,8.60e+00,
27815,-2.16e-01,8.60e+00,
27816,-2.16e-01,8.60e+00,
27817,-2.16e-01,8.60e+00,
27818,-2.16e-01,8.60e+00,
27819,-2.16e-01,8.60e+00,
27820,-2.16e-01,8.60e+00,
27821,-2.16e-01,8.60e+00,
27822,-2.16e-01,8.60e+00,
27823,-2.16e-01,8.60e+00,
27824,-2.16e-01,8.60e+00,
27825,-2.16e-01,8.60e+00,
27826,-2.16e-01,8.60e+00,
27827,-2.16e-01,8.60e+00,
27828,-2.16e-01,8.60e+00,
27829,-2.24e-01,8.60e+00,
27830,-2.16e-01,8.60e+00,
27831,-2.16e-01,8.60e+00,
27832,-2.16e-01,8.60e+00,
27833,-2.16e-01,8.60e+00,
27834,-2.16e-01,8.60e+00,
27835,-2.16e-01,8.60e+00,
27836,-2.16e-01,8.60e+00,
27837,-2.16e-01,8.60e+00,
27838,-2.16e-01,8.60e+00,
27839,-2.16e-01,8.60e+00,
27840,-2.16e-01,8.60e+00,
27841,-2.24e-01,8.60e+00,
27842,-2.16e-01,8.60e+00,
27843,-2.16e-01,8.60e+00,
27844,-2.16e-01,8.60e+00,
27845,-2.24e-01,8.60e+00,
27846,-2.16e-01,8.60e+00,
27847,-2.16e-01,8.60e+00,
27848,-2.16e-01,8.60e+00,
27849,-2.24e-01,8.60e+00,
27850,-2.16e-01,8.60e+00,
27851,-2.16e-01,8.60e+00,
27852,-2.16e-01,8.60e+00,
27853,-2.24e-01,8.60e+00,
27854,-2.16e-01,8.60e+00,
27855,-2.16e-01,8.60e+00,
27856,-2.16e-01,8.60e+00,
27857,-2.24e-01,8.60e+00,
27858,-2.16e-01,8.60e+00,
27859,-2.16e-01,8.60e+00,
27860,-2.16e-01,8.60e+00,
27861,-2.24e-01,8.60e+00,
27862,-2.16e-01,8.60e+00,
27863,-2.16e-01,8.60e+00,
27864,-2.16e-01,8.60e+00,
27865,-2.24e-01,8.60e+00,
27866,-2.16e-01,8.60e+00,
27867,-2.16e-01,8.60e+00,
27868,-2.16e-01,8.60e+00,
27869,-2.24e-01,8.60e+00,
27870,-2.16e-01,8.60e+00,
27871,-2.16e-01,8.60e+00,
27872,-2.16e-01,8.60e+00,
27873,-2.24e-01,8.60e+00,
27874,-2.16e-01,8.40e+00,
27875,-2.24e-01,8.60e+00,
27876,-2.16e-01,8.60e+00,
27877,-2.24e-01,8.60e+00,
27878,-2.16e-01,8.60e+00,
27879,-2.24e-01,8.60e+00,
27880,-2.16e-01,8.60e+00,
27881,-2.24e-01,8.60e+00,
27882,-2.16e-01,8.60e+00,
27883,-2.24e-01,8.60e+00,
27884,-2.16e-01,8.60e+00,
27885,-2.24e-01,8.60e+00,
27886,-2.16e-01,8.60e+00,
27887,-2.24e-01,8.60e+00,
27888,-2.16e-01,8.60e+00,
27889,-2.24e-01,8.60e+00,
27890,-2.16e-01,8.60e+00,
27891,-2.24e-01,8.80e+00,
27892,-2.16e-01,8.60e+00,
27893,-2.24e-01,8.60e+00,
27894,-2.24e-01,8.60e+00,
27895,-2.24e-01,8.60e+00,
27896,-2.16e-01,8.60e+00,
27897,-2.24e-01,8.60e+00,
27898,-2.24e-01,8.60e+00,
27899,-2.24e-01,8.60e+00,
27900,-2.24e-01,8.60e+00,
27901,-2.24e-01,8.60e+00,
27902,-2.24e-01,8.60e+00,
27903,-2.24e-01,8.60e+00,
27904,-2.24e-01,8.60e+00,
27905,-2.24e-01,8.60e+00,
27906,-2.24e-01,8.60e+00,
27907,-2.24e-01,8.60e+00,
27908,-2.24e-01,8.60e+00,
27909,-2.24e-01,8.60e+00,
27910,-2.24e-01,8.60e+00,
27911,-2.24e-01,8.60e+00,
27912,-2.24e-01,8.60e+00,
27913,-2.24e-01,8.60e+00,
27914,-2.24e-01,8.60e+00,
27915,-2.24e-01,8.60e+00,
27916,-2.24e-01,8.60e+00,
27917,-2.24e-01,8.60e+00,
27918,-2.24e-01,8.60e+00,
27919,-2.24e-01,8.60e+00,
27920,-2.24e-01,8.60e+00,
27921,-2.24e-01,8.60e+00,
27922,-2.24e-01,8.60e+00,
27923,-2.24e-01,8.60e+00,
27924,-2.24e-01,8.60e+00,
27925,-2.24e-01,8.60e+00,
27926,-2.24e-01,8.60e+00,
27927,-2.24e-01,8.60e+00,
27928,-2.24e-01,8.60e+00,
27929,-2.24e-01,8.60e+00,
27930,-2.24e-01,8.40e+00,
27931,-2.24e-01,8.60e+00,
27932,-2.24e-01,8.60e+00,
27933,-2.32e-01,8.60e+00,
27934,-2.24e-01,8.60e+00,
27935,-2.24e-01,8.60e+00,
27936,-2.24e-01,8.60e+00,
27937,-2.32e-01,8.60e+00,
27938,-2.24e-01,8.60e+00,
27939,-2.32e-01,8.60e+00,
27940,-2.24e-01,8.60e+00,
27941,-2.32e-01,8.60e+00,
27942,-2.24e-01,8.60e+00,
27943,-2.24e-01,8.60e+00,
27944,-2.24e-01,8.60e+00,
27945,-2.32e-01,8.60e+00,
27946,-2.24e-01,8.60e+00,
27947,-2.24e-01,8.60e+00,
27948,-2.24e-01,8.60e+00,
27949,-2.32e-01,8.60e+00,
27950,-2.24e-01,8.40e+00,
27951,-2.32e-01,8.60e+00,
27952,-2.24e-01,8.60e+00,
27953,-2.32e-01,8.40e+00,
27954,-2.24e-01,8.60e+00,
27955,-2.32e-01,8.60e+00,
27956,-2.24e-01,8.60e+00,
27957,-2.32e-01,8.60e+00,
27958,-2.24e-01,8.60e+00,
27959,-2.32e-01,8.60e+00,
27960,-2.24e-01,8.60e+00,
27961,-2.32e-01,8.40e+00,
27962,-2.32e-01,8.60e+00,
27963,-2.32e-01,8.40e+00,
27964,-2.24e-01,8.60e+00,
27965,-2.32e-01,8.60e+00,
27966,-2.24e-01,8.40e+00,
27967,-2.32e-01,8.60e+00,
27968,-2.24e-01,8.60e+00,
27969,-2.32e-01,8.60e+00,
27970,-2.24e-01,8.60e+00,
27971,-2.32e-01,8.60e+00,
27972,-2.32e-01,8.60e+00,
27973,-2.32e-01,8.60e+00,
27974,-2.32e-01,8.60e+00,
27975,-2.32e-01,8.60e+00,
27976,-2.32e-01,8.60e+00,
27977,-2.32e-01,8.60e+00,
27978,-2.24e-01,8.60e+00,
27979,-2.32e-01,8.60e+00,
27980,-2.32e-01,8.60e+00,
27981,-2.32e-01,8.60e+00,
27982,-2.32e-01,8.60e+00,
27983,-2.32e-01,8.60e+00,
27984,-2.32e-01,8.60e+00,
27985,-2.32e-01,8.40e+00,
27986,-2.32e-01,8.60e+00,
27987,-2.32e-01,8.60e+00,
27988,-2.32e-01,8.40e+00,
27989,-2.32e-01,8.60e+00,
27990,-2.32e-01,8.40e+00,
27991,-2.32e-01,8.60e+00,
27992,-2.32e-01,8.60e+00,
27993,-2.32e-01,8.60e+00,
27994,-2.32e-01,8.60e+00,
27995,-2.32e-01,8.60e+00,
27996,-2.32e-01,8.60e+00,
27997,-2.40e-01,8.60e+00,
27998,-2.32e-01,8.40e+00,
27999,-2.32e-01,8.60e+00,
28000,-2.32e-01,8.60e+00,
28001,-2.32e-01,8.60e+00,
28002,-2.32e-01,8.60e+00,
28003,-2.32e-01,8.60e+00,
28004,-2.32e-01,8.40e+00,
28005,-2.40e-01,8.60e+00,
28006,-2.32e-01,8.60e+00,
28007,-2.40e-01,8.60e+00,
28008,-2.32e-01,8.60e+00,
28009,-2.40e-01,8.60e+00,
28010,-2.32e-01,8.60e+00,
28011,-2.40e-01,8.60e+00,
28012,-2.32e-01,8.60e+00,
28013,-2.40e-01,8.60e+00,
28014,-2.32e-01,8.60e+00,
28015,-2.40e-01,8.60e+00,
28016,-2.32e-01,8.60e+00,
28017,-2.40e-01,8.60e+00,
28018,-2.32e-01,8.60e+00,
28019,-2.40e-01,8.60e+00,
28020,-2.32e-01,8.60e+00,
28021,-2.40e-01,8.60e+00,
28022,-2.32e-01,8.60e+00,
28023,-2.40e-01,8.60e+00,
28024,-2.32e-01,8.60e+00,
28025,-2.40e-01,8.60e+00,
28026,-2.32e-01,8.40e+00,
28027,-2.40e-01,8.60e+00,
28028,-2.32e-01,8.60e+00,
28029,-2.40e-01,8.60e+00,
28030,-2.40e-01,8.40e+00,
28031,-2.40e-01,8.60e+00,
28032,-2.40e-01,8.60e+00,
28033,-2.40e-01,8.60e+00,
28034,-2.32e-01,8.40e+00,
28035,-2.40e-01,8.60e+00,
28036,-2.40e-01,8.60e+00,
28037,-2.40e-01,8.60e+00,
28038,-2.40e-01,8.60e+00,
28039,-2.40e-01,8.60e+00,
28040,-2.32e-01,8.60e+00,
28041,-2.40e-01,8.60e+00,
28042,-2.40e-01,8.60e+00,
28043,-2.40e-01,8.60e+00,
28044,-2.40e-01,8.40e+00,
28045,-2.40e-01,8.60e+00,
28046,-2.40e-01,8.60e+00,
28047,-2.40e-01,8.60e+00,
28048,-2.40e-01,8.60e+00,
28049,-2.40e-01,8.60e+00,
28050,-2.40e-01,8.60e+00,
28051,-2.40e-01,8.60e+00,
28052,-2.40e-01,8.40e+00,
28053,-2.48e-01,8.60e+00,
28054,-2.40e-01,8.60e+00,
28055,-2.40e-01,8.60e+00,
28056,-2.40e-01,8.60e+00,
28057,-2.48e-01,8.60e+00,
28058,-2.40e-01,8.60e+00,
28059,-2.48e-01,8.60e+00,
28060,-2.40e-01,8.40e+00,
28061,-2.48e-01,8.60e+00,
28062,-2.40e-01,8.40e+00,
28063,-2.48e-01,8.60e+00,
28064,-2.40e-01,8.60e+00,
28065,-2.48e-01,8.60e+00,
28066,-2.40e-01,8.60e+00,
28067,-2.48e-01,8.60e+00,
28068,-2.40e-01,8.60e+00,
28069,-2.48e-01,8.60e+00,
28070,-2.40e-01,8.60e+00,
28071,-2.48e-01,8.60e+00,
28072,-2.40e-01,8.60e+00,
28073,-2.48e-01,8.60e+00,
28074,-2.40e-01,8.60e+00,
28075,-2.48e-01,8.60e+00,
28076,-2.40e-01,8.60e+00,
28077,-2.48e-01,8.60e+00,
28078,-2.48e-01,8.40e+00,
28079,-2.48e-01,8.60e+00,
28080,-2.40e-01,8.60e+00,
28081,-2.48e-01,8.60e+00,
28082,-2.40e-01,8.40e+00,
28083,-2.48e-01,8.60e+00,
28084,-2.48e-01,8.60e+00,
28085,-2.48e-01,8.60e+00,
28086,-2.48e-01,8.40e+00,
28087,-2.48e-01,8.60e+00,
28088,-2.40e-01,8.60e+00,
28089,-2.48e-01,8.60e+00,
28090,-2.40e-01,8.40e+00,
28091,-2.48e-01,8.60e+00,
28092,-2.48e-01,8.60e+00,
28093,-2.48e-01,8.60e+00,
28094,-2.48e-01,8.60e+00,
28095,-2.48e-01,8.60e+00,
28096,-2.48e-01,8.60e+00,
28097,-2.48e-01,8.60e+00,
28098,-2.48e-01,8.40e+00,
28099,-2.48e-01,8.60e+00,
28100,-2.48e-01,8.60e+00,
28101,-2.48e-01,8.60e+00,
28102,-2.48e-01,8.40e+00,
28103,-2.48e-01,8.60e+00,
28104,-2.48e-01,8.60e+00,
28105,-2.48e-01,8.60e+00,
28106,-2.48e-01,8.40e+00,
28107,-2.56e-01,8.60e+00,
28108,-2.48e-01,8.40e+00,
28109,-2.56e-01,8.60e+00,
28110,-2.48e-01,8.40e+00,
28111,-2.56e-01,8.60e+00,
28112,-2.48e-01,8.60e+00,
28113,-2.56e-01,8.60e+00,
28114,-2.48e-01,8.60e+00,
28115,-2.56e-01,8.60e+00,
28116,-2.48e-01,8.60e+00,
28117,-2.56e-01,8.60e+00,
28118,-2.48e-01,8.40e+00,
28119,-2.56e-01,8.60e+00,
28120,-2.48e-01,8.40e+00,
28121,-2.56e-01,8.60e+00,
28122,-2.48e-01,8.60e+00,
28123,-2.56e-01,8.60e+00,
28124,-2.48e-01,8.60e+00,
28125,-2.56e-01,8.40e+00,
28126,-2.48e-01,8.40e+00,
28127,-2.56e-01,8.60e+00,
28128,-2.48e-01,8.60e+00,
28129,-2.56e-01,8.60e+00,
28130,-2.48e-01,8.40e+00,
28131,-2.56e-01,8.60e+00,
28132,-2.48e-01,8.60e+00,
28133,-2.56e-01,8.60e+00,
28134,-2.56e-01,8.60e+00,
28135,-2.56e-01,8.60e+00,
28136,-2.56e-01,8.60e+00,
28137,-2.56e-01,8.60e+00,
28138,-2.56e-01,8.40e+00,
28139,-2.56e-01,8.60e+00,
28140,-2.56e-01,8.40e+00,
28141,-2.56e-01,8.60e+00,
28142,-2.56e-01,8.60e+00,
28143,-2.56e-01,8.60e+00,
28144,-2.56e-01,8.60e+00,
28145,-2.56e-01,8.60e+00,
28146,-2.56e-01,8.60e+00,
28147,-2.56e-01,8.60e+00,
28148,-2.56e-01,8.60e+00,
28149,-2.56e-01,8.60e+00,
28150,-2.56e-01,8.60e+00,
28151,-2.56e-01,8.60e+00,
28152,-2.56e-01,8.60e+00,
28153,-2.56e-01,8.60e+00,
28154,-2.56e-01,8.60e+00,
28155,-2.56e-01,8.60e+00,
28156,-2.56e-01,8.60e+00,
28157,-2.64e-01,8.60e+00,
28158,-2.56e-01,8.40e+00,
28159,-2.56e-01,8.60e+00,
28160,-2.56e-01,8.60e+00,
28161,-2.56e-01,8.40e+00,
28162,-2.56e-01,8.60e+00,
28163,-2.56e-01,8.60e+00,
28164,-2.56e-01,8.60e+00,
28165,-2.64e-01,8.60e+00,
28166,-2.56e-01,8.40e+00,
28167,-2.64e-01,8.60e+00,
28168,-2.56e-01,8.40e+00,
28169,-2.64e-01,8.60e+00,
28170,-2.56e-01,8.40e+00,
28171,-2.64e-01,8.60e+00,
28172,-2.56e-01,8.60e+00,
28173,-2.64e-01,8.60e+00,
28174,-2.64e-01,8.40e+00,
28175,-2.64e-01,8.60e+00,
28176,-2.56e-01,8.60e+00,
28177,-2.64e-01,8.40e+00,
28178,-2.56e-01,8.40e+00,
28179,-2.64e-01,8.60e+00,
28180,-2.56e-01,8.40e+00,
28181,-2.64e-01,8.60e+00,
28182,-2.56e-01,8.60e+00,
28183,-2.64e-01,8.60e+00,
28184,-2.56e-01,8.60e+00,
28185,-2.64e-01,8.60e+00,
28186,-2.64e-01,8.40e+00,
28187,-2.64e-01,8.60e+00,
28188,-2.56e-01,8.40e+00,
28189,-2.64e-01,8.60e+00,
28190,-2.64e-01,8.60e+00,
28191,-2.64e-01,8.60e+00,
28192,-2.56e-01,8.60e+00,
28193,-2.64e-01,8.60e+00,
28194,-2.64e-01,8.60e+00,
28195,-2.64e-01,8.60e+00,
28196,-2.64e-01,8.60e+00,
28197,-2.64e-01,8.60e+00,
28198,-2.64e-01,8.40e+00,
28199,-2.64e-01,8.60e+00,
28200,-2.64e-01,8.60e+00,
28201,-2.64e-01,8.60e+00,
28202,-2.64e-01,8.60e+00,
28203,-2.64e-01,8.60e+00,
28204,-2.64e-01,8.60e+00,
28205,-2.64e-01,8.60e+00,
28206,-2.64e-01,8.60e+00,
28207,-2.64e-01,8.60e+00,
28208,-2.64e-01,8.60e+00,
28209,-2.64e-01,8.60e+00,
28210,-2.64e-01,8.60e+00,
28211,-2.64e-01,8.60e+00,
28212,-2.64e-01,8.60e+00,
28213,-2.72e-01,8.40e+00,
28214,-2.64e-01,8.60e+00,
28215,-2.64e-01,8.60e+00,
28216,-2.64e-01,8.60e+00,
28217,-2.72e-01,8.60e+00,
28218,-2.64e-01,8.60e+00,
28219,-2.72e-01,8.60e+00,
28220,-2.64e-01,8.60e+00,
28221,-2.72e-01,8.60e+00,
28222,-2.64e-01,8.60e+00,
28223,-2.64e-01,8.60e+00,
28224,-2.64e-01,8.40e+00,
28225,-2.72e-01,8.60e+00,
28226,-2.64e-01,8.60e+00,
28227,-2.72e-01,8.60e+00,
28228,-2.64e-01,8.60e+00,
28229,-2.72e-01,8.60e+00,
28230,-2.64e-01,8.60e+00,
28231,-2.72e-01,8.60e+00,
28232,-2.64e-01,8.60e+00,
28233,-2.72e-01,8.60e+00,
28234,-2.64e-01,8.60e+00,
28235,-2.72e-01,8.60e+00,
28236,-2.64e-01,8.60e+00,
28237,-2.72e-01,8.60e+00,
28238,-2.64e-01,8.60e+00,
28239,-2.72e-01,8.60e+00,
28240,-2.64e-01,8.60e+00,
28241,-2.72e-01,8.60e+00,
28242,-2.72e-01,8.60e+00,
28243,-2.72e-01,8.60e+00,
28244,-2.64e-01,8.60e+00,
28245,-2.72e-01,8.60e+00,
28246,-2.72e-01,8.60e+00,
28247,-2.72e-01,8.60e+00,
28248,-2.64e-01,8.60e+00,
28249,-2.72e-01,8.60e+00,
28250,-2.72e-01,8.40e+00,
28251,-2.72e-01,8.60e+00,
28252,-2.72e-01,8.60e+00,
28253,-2.72e-01,8.60e+00,
28254,-2.72e-01,8.40e+00,
28255,-2.72e-01,8.60e+00,
28256,-2.72e-01,8.60e+00,
28257,-2.72e-01,8.40e+00,
28258,-2.72e-01,8.60e+00,
28259,-2.72e-01,8.60e+00,
28260,-2.72e-01,8.40e+00,
28261,-2.72e-01,8.60e+00,
28262,-2.72e-01,8.40e+00,
28263,-2.72e-01,8.60e+00,
28264,-2.72e-01,8.40e+00,
28265,-2.72e-01,8.60e+00,
28266,-2.72e-01,8.40e+00,
28267,-2.72e-01,8.60e+00,
28268,-2.72e-01,8.60e+00,
28269,-2.80e-01,8.60e+00,
28270,-2.72e-01,8.40e+00,
28271,-2.72e-01,8.60e+00,
28272,-2.72e-01,8.60e+00,
28273,-2.72e-01,8.60e+00,
28274,-2.72e-01,8.60e+00,
28275,-2.72e-01,8.60e+00,
28276,-2.72e-01,8.60e+00,
28277,-2.80e-01,8.60e+00,
28278,-2.72e-01,8.40e+00,
28279,-2.80e-01,8.60e+00,
28280,-2.72e-01,8.60e+00,
28281,-2.80e-01,8.40e+00,
28282,-2.72e-01,8.60e+00,
28283,-2.80e-01,8.60e+00,
28284,-2.72e-01,8.40e+00,
28285,-2.80e-01,8.60e+00,
28286,-2.72e-01,8.40e+00,
28287,-2.80e-01,8.60e+00,
28288,-2.72e-01,8.60e+00,
28289,-2.80e-01,8.60e+00,
28290,-2.72e-01,8.40e+00,
28291,-2.80e-01,8.60e+00,
28292,-2.72e-01,8.60e+00,
28293,-2.80e-01,8.40e+00,
28294,-2.72e-01,8.40e+00,
28295,-2.80e-01,8.60e+00,
28296,-2.72e-01,8.60e+00,
28297,-2.80e-01,8.60e+00,
28298,-2.72e-01,8.40e+00,
28299,-2.80e-01,8.60e+00,
28300,-2.72e-01,8.60e+00,
28301,-2.80e-01,8.60e+00,
28302,-2.80e-01,8.40e+00,
28303,-2.80e-01,8.60e+00,
28304,-2.72e-01,8.60e+00,
28305,-2.80e-01,8.40e+00,
28306,-2.72e-01,8.60e+00,
28307,-2.80e-01,8.60e+00,
28308,-2.72e-01,8.60e+00,
28309,-2.80e-01,8.60e+00,
28310,-2.72e-01,8.60e+00,
28311,-2.80e-01,8.60e+00,
28312,-2.72e-01,8.60e+00,
28313,-2.80e-01,8.60e+00,
28314,-2.80e-01,8.60e+00,
28315,-2.80e-01,8.60e+00,
28316,-2.80e-01,8.40e+00,
28317,-2.80e-01,8.40e+00,
28318,-2.80e-01,8.40e+00,
28319,-2.80e-01,8.60e+00,
28320,-2.80e-01,8.60e+00,
28321,-2.80e-01,8.60e+00,
28322,-2.80e-01,8.40e+00,
28323,-2.80e-01,8.60e+00,
28324,-2.80e-01,8.40e+00,
28325,-2.88e-01,8.40e+00,
28326,-2.80e-01,8.40e+00,
28327,-2.80e-01,8.60e+00,
28328,-2.80e-01,8.40e+00,
28329,-2.80e-01,8.60e+00,
28330,-2.80e-01,8.40e+00,
28331,-2.80e-01,8.60e+00,
28332,-2.80e-01,8.60e+00,
28333,-2.80e-01,8.60e+00,
28334,-2.80e-01,8.40e+00,
28335,-2.80e-01,8.60e+00,
28336,-2.80e-01,8.60e+00,
28337,-2.88e-01,8.60e+00,
28338,-2.80e-01,8.60e+00,
28339,-2.88e-01,8.60e+00,
28340,-2.80e-01,8.60e+00,
28341,-2.88e-01,8.60e+00,
28342,-2.80e-01,8.60e+00,
28343,-2.80e-01,8.40e+00,
28344,-2.80e-01,8.40e+00,
28345,-2.88e-01,8.60e+00,
28346,-2.80e-01,8.60e+00,
28347,-2.88e-01,8.60e+00,
28348,-2.80e-01,8.60e+00,
28349,-2.88e-01,8.60e+00,
28350,-2.80e-01,8.40e+00,
28351,-2.88e-01,8.60e+00,
28352,-2.80e-01,8.60e+00,
28353,-2.88e-01,8.60e+00,
28354,-2.80e-01,8.60e+00,
28355,-2.88e-01,8.60e+00,
28356,-2.80e-01,8.60e+00,
28357,-2.88e-01,8.60e+00,
28358,-2.80e-01,8.60e+00,
28359,-2.88e-01,8.60e+00,
28360,-2.80e-01,8.60e+00,
28361,-2.80e-01,8.40e+00,
28362,-2.88e-01,8.60e+00,
28363,-2.88e-01,8.40e+00,
28364,-2.80e-01,8.60e+00,
28365,-2.88e-01,8.60e+00,
28366,-2.80e-01,8.40e+00,
28367,-2.88e-01,8.60e+00,
28368,-2.80e-01,8.40e+00,
28369,-2.88e-01,8.60e+00,
28370,-2.80e-01,8.60e+00,
28371,-2.88e-01,8.60e+00,
28372,-2.80e-01,8.40e+00,
28373,-2.88e-01,8.60e+00,
28374,-2.88e-01,8.40e+00,
28375,-2.88e-01,8.60e+00,
28376,-2.80e-01,8.60e+00,
28377,-2.88e-01,8.40e+00,
28378,-2.80e-01,8.40e+00,
28379,-2.88e-01,8.60e+00,
28380,-2.80e-01,8.60e+00,
28381,-2.88e-01,8.60e+00,
28382,-2.88e-01,8.60e+00,
28383,-2.88e-01,8.60e+00,
28384,-2.80e-01,8.60e+00,
28385,-2.88e-01,8.40e+00,
28386,-2.88e-01,8.60e+00,
28387,-2.88e-01,8.60e+00,
28388,-2.88e-01,8.40e+00,
28389,-2.88e-01,8.40e+00,
28390,-2.88e-01,8.40e+00,
28391,-2.88e-01,8.60e+00,
28392,-2.88e-01,8.60e+00,
28393,-2.88e-01,8.60e+00,
28394,-2.88e-01,8.40e+00,
28395,-2.88e-01,8.60e+00,
28396,-2.88e-01,8.40e+00,
28397,-2.88e-01,8.40e+00,
28398,-2.88e-01,8.40e+00,
28399,-2.88e-01,8.60e+00,
28400,-2.88e-01,8.60e+00,
28401,-2.88e-01,8.60e+00,
28402,-2.88e-01,8.40e+00,
28403,-2.88e-01,8.60e+00,
28404,-2.88e-01,8.40e+00,
28405,-2.96e-01,8.60e+00,
28406,-2.88e-01,8.40e+00,
28407,-2.88e-01,8.60e+00,
28408,-2.88e-01,8.60e+00,
28409,-2.88e-01,8.60e+00,
28410,-2.88e-01,8.40e+00,
28411,-2.88e-01,8.60e+00,
28412,-2.88e-01,8.60e+00,
28413,-2.96e-01,8.60e+00,
28414,-2.88e-01,8.40e+00,
28415,-2.88e-01,8.60e+00,
28416,-2.88e-01,8.60e+00,
28417,-2.96e-01,8.40e+00,
28418,-2.88e-01,8.40e+00,
28419,-2.96e-01,8.60e+00,
28420,-2.88e-01,8.40e+00,
28421,-2.96e-01,8.40e+00,
28422,-2.88e-01,8.40e+00,
28423,-2.88e-01,8.40e+00,
28424,-2.88e-01,8.60e+00,
28425,-2.96e-01,8.40e+00,
28426,-2.88e-01,8.40e+00,
28427,-2.96e-01,8.60e+00,
28428,-2.88e-01,8.60e+00,
28429,-2.96e-01,8.40e+00,
28430,-2.88e-01,8.40e+00,
28431,-2.96e-01,8.60e+00,
28432,-2.88e-01,8.60e+00,
28433,-2.96e-01,8.60e+00,
28434,-2.88e-01,8.60e+00,
28435,-2.96e-01,8.60e+00,
28436,-2.88e-01,8.40e+00,
28437,-2.96e-01,8.40e+00,
28438,-2.88e-01,8.40e+00,
28439,-2.96e-01,8.60e+00,
28440,-2.88e-01,8.60e+00,
28441,-2.96e-01,8.60e+00,
28442,-2.88e-01,8.60e+00,
28443,-2.96e-01,8.60e+00,
28444,-2.88e-01,8.60e+00,
28445,-2.96e-01,8.60e+00,
28446,-2.88e-01,8.40e+00,
28447,-2.96e-01,8.60e+00,
28448,-2.88e-01,8.40e+00,
28449,-2.96e-01,8.60e+00,
28450,-2.88e-01,8.40e+00,
28451,-2.96e-01,8.60e+00,
28452,-2.88e-01,8.40e+00,
28453,-2.96e-01,8.60e+00,
28454,-2.96e-01,8.60e+00,
28455,-2.96e-01,8.60e+00,
28456,-2.88e-01,8.60e+00,
28457,-2.96e-01,8.40e+00,
28458,-2.96e-01,8.40e+00,
28459,-2.96e-01,8.60e+00,
28460,-2.88e-01,8.40e+00,
28461,-2.96e-01,8.60e+00,
28462,-2.88e-01,8.40e+00,
28463,-2.96e-01,8.60e+00,
28464,-2.88e-01,8.60e+00,
28465,-2.96e-01,8.60e+00,
28466,-2.96e-01,8.40e+00,
28467,-2.96e-01,8.60e+00,
28468,-2.96e-01,8.60e+00,
28469,-2.96e-01,8.60e+00,
28470,-2.96e-01,8.40e+00,
28471,-2.96e-01,8.60e+00,
28472,-2.96e-01,8.60e+00,
28473,-2.96e-01,8.40e+00,
28474,-2.96e-01,8.60e+00,
28475,-2.96e-01,8.60e+00,
28476,-2.96e-01,8.40e+00,
28477,-2.96e-01,8.60e+00,
28478,-2.96e-01,8.40e+00,
28479,-2.96e-01,8.60e+00,
28480,-2.88e-01,8.40e+00,
28481,-2.96e-01,8.60e+00,
28482,-2.96e-01,8.40e+00,
28483,-2.96e-01,8.60e+00,
28484,-2.96e-01,8.40e+00,
28485,-2.96e-01,8.60e+00,
28486,-2.96e-01,8.40e+00,
28487,-2.96e-01,8.60e+00,
28488,-2.96e-01,8.40e+00,
28489,-2.96e-01,8.40e+00,
28490,-2.96e-01,8.40e+00,
28491,-2.96e-01,8.60e+00,
28492,-2.96e-01,8.60e+00,
28493,-2.96e-01,8.60e+00,
28494,-2.96e-01,8.60e+00,
28495,-2.96e-01,8.60e+00,
28496,-2.96e-01,8.60e+00,
28497,-3.04e-01,8.40e+00,
28498,-2.96e-01,8.60e+00,
28499,-2.96e-01,8.60e+00,
28500,-2.96e-01,8.60e+00,
28501,-3.04e-01,8.40e+00,
28502,-2.96e-01,8.40e+00,
28503,-2.96e-01,8.40e+00,
28504,-2.96e-01,8.40e+00,
28505,-2.96e-01,8.40e+00,
28506,-2.96e-01,8.60e+00,
28507,-3.04e-01,8.60e+00,
28508,-2.96e-01,8.60e+00,
28509,-3.04e-01,8.40e+00,
28510,-2.96e-01,8.40e+00,
28511,-2.96e-01,8.60e+00,
28512,-2.96e-01,8.40e+00,
28513,-3.04e-01,8.40e+00,
28514,-2.96e-01,8.60e+00,
28515,-3.04e-01,8.40e+00,
28516,-2.96e-01,8.60e+00,
28517,-3.04e-01,8.60e+00,
28518,-2.96e-01,8.40e+00,
28519,-3.04e-01,8.60e+00,
28520,-2.96e-01,8.60e+00,
28521,-3.04e-01,8.40e+00,
28522,-2.96e-01,8.60e+00,
28523,-3.04e-01,8.60e+00,
28524,-2.96e-01,8.40e+00,
28525,-3.04e-01,8.60e+00,
28526,-2.96e-01,8.40e+00,
28527,-3.04e-01,8.60e+00,
28528,-2.96e-01,8.60e+00,
28529,-3.04e-01,8.60e+00,
28530,-2.96e-01,8.40e+00,
28531,-3.04e-01,8.60e+00,
28532,-2.96e-01,8.60e+00,
28533,-3.04e-01,8.40e+00,
28534,-2.96e-01,8.40e+00,
28535,-3.04e-01,8.60e+00,
28536,-2.96e-01,8.60e+00,
28537,-3.04e-01,8.40e+00,
28538,-2.96e-01,8.40e+00,
28539,-3.04e-01,8.60e+00,
28540,-2.96e-01,8.40e+00,
28541,-3.04e-01,8.60e+00,
28542,-2.96e-01,8.40e+00,
28543,-3.04e-01,8.40e+00,
28544,-2.96e-01,8.60e+00,
28545,-3.04e-01,8.40e+00,
28546,-2.96e-01,8.40e+00,
28547,-3.04e-01,8.60e+00,
28548,-2.96e-01,8.40e+00,
28549,-3.04e-01,8.60e+00,
28550,-3.04e-01,8.40e+00,
28551,-3.04e-01,8.40e+00,
28552,-2.96e-01,8.60e+00,
28553,-3.04e-01,8.60e+00,
28554,-3.04e-01,8.40e+00,
28555,-3.04e-01,8.60e+00,
28556,-2.96e-01,8.40e+00,
28557,-3.04e-01,8.60e+00,
28558,-3.04e-01,8.40e+00,
28559,-3.04e-01,8.60e+00,
28560,-3.04e-01,8.60e+00,
28561,-3.04e-01,8.40e+00,
28562,-3.04e-01,8.60e+00,
28563,-3.04e-01,8.40e+00,
28564,-3.04e-01,8.40e+00,
28565,-3.12e-01,8.40e+00,
28566,-3.04e-01,8.40e+00,
28567,-3.04e-01,8.60e+00,
28568,-2.96e-01,8.60e+00,
28569,-3.04e-01,8.40e+00,
28570,-3.04e-01,8.60e+00,
28571,-3.04e-01,8.60e+00,
28572,-3.04e-01,8.40e+00,
28573,-3.04e-01,8.60e+00,
28574,-3.04e-01,8.40e+00,
28575,-3.04e-01,8.40e+00,
28576,-3.04e-01,8.60e+00,
28577,-3.04e-01,8.40e+00,
28578,-3.04e-01,8.40e+00,
28579,-3.04e-01,8.60e+00,
28580,-3.04e-01,8.40e+00,
28581,-3.04e-01,8.60e+00,
28582,-3.04e-01,8.40e+00,
28583,-3.04e-01,8.40e+00,
28584,-3.04e-01,8.40e+00,
28585,-3.04e-01,8.40e+00,
28586,-3.04e-01,8.40e+00,
28587,-3.04e-01,8.60e+00,
28588,-3.04e-01,8.40e+00,
28589,-3.12e-01,8.60e+00,
28590,-3.04e-01,8.40e+00,
28591,-3.04e-01,8.60e+00,
28592,-3.04e-01,8.60e+00,
28593,-3.12e-01,8.40e+00,
28594,-3.04e-01,8.60e+00,
28595,-3.04e-01,8.60e+00,
28596,-3.04e-01,8.60e+00,
28597,-3.12e-01,8.60e+00,
28598,-3.04e-01,8.40e+00,
28599,-3.12e-01,8.60e+00,
28600,-3.04e-01,8.40e+00,
28601,-3.12e-01,8.60e+00,
28602,-3.04e-01,8.40e+00,
28603,-3.12e-01,8.40e+00,
28604,-3.04e-01,8.60e+00,
28605,-3.12e-01,8.40e+00,
28606,-3.04e-01,8.60e+00,
28607,-3.12e-01,8.60e+00,
28608,-3.04e-01,8.40e+00,
28609,-3.12e-01,8.60e+00,
28610,-3.04e-01,8.40e+00,
28611,-3.12e-01,8.60e+00,
28612,-3.04e-01,8.40e+00,
28613,-3.12e-01,8.40e+00,
28614,-3.04e-01,8.40e+00,
28615,-3.12e-01,8.40e+00,
28616,-3.04e-01,8.60e+00,
28617,-3.12e-01,8.40e+00,
28618,-3.04e-01,8.40e+00,
28619,-3.12e-01,8.60e+00,
28620,-3.04e-01,8.60e+00,
28621,-3.12e-01,8.60e+00,
28622,-3.04e-01,8.40e+00,
28623,-3.12e-01,8.40e+00,
28624,-3.04e-01,8.60e+00,
28625,-3.12e-01,8.60e+00,
28626,-3.12e-01,8.60e+00,
28627,-3.12e-01,8.60e+00,
28628,-3.04e-01,8.40e+00,
28629,-3.12e-01,8.60e+00,
28630,-3.12e-01,8.60e+00,
28631,-3.12e-01,8.60e+00,
28632,-3.04e-01,8.40e+00,
28633,-3.12e-01,8.60e+00,
28634,-3.04e-01,8.40e+00,
28635,-3.12e-01,8.60e+00,
28636,-3.12e-01,8.60e+00,
28637,-3.12e-01,8.40e+00,
28638,-3.12e-01,8.40e+00,
28639,-3.12e-01,8.40e+00,
28640,-3.04e-01,8.40e+00,
28641,-3.12e-01,8.60e+00,
28642,-3.12e-01,8.40e+00,
28643,-3.12e-01,8.60e+00,
28644,-3.12e-01,8.40e+00,
28645,-3.12e-01,8.60e+00,
28646,-3.12e-01,8.40e+00,
28647,-3.12e-01,8.40e+00,
28648,-3.12e-01,8.60e+00,
28649,-3.12e-01,8.40e+00,
28650,-3.12e-01,8.40e+00,
28651,-3.12e-01,8.40e+00,
28652,-3.12e-01,8.40e+00,
28653,-3.12e-01,8.60e+00,
28654,-3.12e-01,8.60e+00,
28655,-3.12e-01,8.40e+00,
28656,-3.12e-01,8.60e+00,
28657,-3.20e-01,8.40e+00,
28658,-3.12e-01,8.40e+00,
28659,-3.12e-01,8.60e+00,
28660,-3.12e-01,8.40e+00,
28661,-3.20e-01,8.40e+00,
28662,-3.12e-01,8.60e+00,
28663,-3.12e-01,8.40e+00,
28664,-3.12e-01,8.40e+00,
28665,-3.20e-01,8.60e+00,
28666,-3.12e-01,8.60e+00,
28667,-3.12e-01,8.60e+00,
28668,-3.12e-01,8.40e+00,
28669,-3.20e-01,8.60e+00,
28670,-3.12e-01,8.40e+00,
28671,-3.12e-01,8.60e+00,
28672,-3.12e-01,8.60e+00,
28673,-3.20e-01,8.60e+00,
28674,-3.12e-01,8.60e+00,
28675,-3.20e-01,8.60e+00,
28676,-3.12e-01,8.40e+00,
28677,-3.20e-01,8.40e+00,
28678,-3.12e-01,8.40e+00,
28679,-3.20e-01,8.40e+00,
28680,-3.12e-01,8.40e+00,
28681,-3.20e-01,8.40e+00,
28682,-3.12e-01,8.60e+00,
28683,-3.20e-01,8.60e+00,
28684,-3.12e-01,8.40e+00,
28685,-3.20e-01,8.40e+00,
28686,-3.20e-01,8.40e+00,
28687,-3.20e-01,8.60e+00,
28688,-3.12e-01,8.60e+00,
28689,-3.20e-01,8.60e+00,
28690,-3.12e-01,8.40e+00,
28691,-3.20e-01,8.60e+00,
28692,-3.12e-01,8.40e+00,
28693,-3.20e-01,8.40e+00,
28694,-3.20e-01,8.40e+00,
28695,-3.20e-01,8.40e+00,
28696,-3.12e-01,8.60e+00,
28697,-3.20e-01,8.40e+00,
28698,-3.20e-01,8.40e+00,
28699,-3.20e-01,8.60e+00,
28700,-3.12e-01,8.40e+00,
28701,-3.20e-01,8.60e+00,
28702,-3.20e-01,8.40e+00,
28703,-3.20e-01,8.40e+00,
28704,-3.12e-01,8.60e+00,
28705,-3.20e-01,8.60e+00,
28706,-3.20e-01,8.40e+00,
28707,-3.20e-01,8.60e+00,
28708,-3.20e-01,8.60e+00,
28709,-3.20e-01,8.40e+00,
28710,-3.20e-01,8.40e+00,
28711,-3.20e-01,8.60e+00,
28712,-3.20e-01,8.40e+00,
28713,-3.20e-01,8.60e+00,
28714,-3.20e-01,8.40e+00,
28715,-3.20e-01,8.40e+00,
28716,-3.20e-01,8.60e+00,
28717,-3.20e-01,8.60e+00,
28718,-3.20e-01,8.60e+00,
28719,-3.20e-01,8.40e+00,
28720,-3.20e-01,8.40e+00,
28721,-3.20e-01,8.40e+00,
28722,-3.20e-01,8.40e+00,
28723,-3.20e-01,8.60e+00,
28724,-3.20e-01,8.40e+00,
28725,-3.20e-01,8.60e+00,
28726,-3.20e-01,8.60e+00,
28727,-3.20e-01,8.60e+00,
28728,-3.20e-01,8.60e+00,
28729,-3.28e-01,8.60e+00,
28730,-3.20e-01,8.40e+00,
28731,-3.20e-01,8.60e+00,
28732,-3.20e-01,8.40e+00,
28733,-3.28e-01,8.60e+00,
28734,-3.20e-01,8.40e+00,
28735,-3.20e-01,8.40e+00,
28736,-3.20e-01,8.60e+00,
28737,-3.28e-01,8.40e+00,
28738,-3.20e-01,8.40e+00,
28739,-3.28e-01,8.60e+00,
28740,-3.20e-01,8.40e+00,
28741,-3.28e-01,8.60e+00,
28742,-3.20e-01,8.40e+00,
28743,-3.28e-01,8.40e+00,
28744,-3.20e-01,8.40e+00,
28745,-3.28e-01,8.60e+00,
28746,-3.20e-01,8.40e+00,
28747,-3.28e-01,8.40e+00,
28748,-3.20e-01,8.40e+00,
28749,-3.28e-01,8.40e+00,
28750,-3.20e-01,8.40e+00,
28751,-3.28e-01,8.40e+00,
28752,-3.20e-01,8.60e+00,
28753,-3.28e-01,8.40e+00,
28754,-3.28e-01,8.60e+00,
28755,-3.28e-01,8.60e+00,
28756,-3.20e-01,8.40e+00,
28757,-3.28e-01,8.60e+00,
28758,-3.20e-01,8.40e+00,
28759,-3.28e-01,8.40e+00,
28760,-3.20e-01,8.60e+00,
28761,-3.28e-01,8.40e+00,
28762,-3.28e-01,8.60e+00,
28763,-3.28e-01,8.60e+00,
28764,-3.20e-01,8.40e+00,
28765,-3.28e-01,8.60e+00,
28766,-3.20e-01,8.40e+00,
28767,-3.28e-01,8.60e+00,
28768,-3.20e-01,8.60e+00,
28769,-3.28e-01,8.40e+00,
28770,-3.20e-01,8.40e+00,
28771,-3.28e-01,8.60e+00,
28772,-3.28e-01,8.40e+00,
28773,-3.28e-01,8.40e+00,
28774,-3.28e-01,8.40e+00,
28775,-3.28e-01,8.40e+00,
28776,-3.28e-01,8.60e+00,
28777,-3.28e-01,8.40e+00,
28778,-3.28e-01,8.40e+00,
28779,-3.28e-01,8.60e+00,
28780,-3.28e-01,8.60e+00,
28781,-3.28e-01,8.60e+00,
28782,-3.28e-01,8.40e+00,
28783,-3.28e-01,8.60e+00,
28784,-3.28e-01,8.40e+00,
28785,-3.28e-01,8.40e+00,
28786,-3.28e-01,8.40e+00,
28787,-3.28e-01,8.60e+00,
28788,-3.28e-01,8.40e+00,
28789,-3.28e-01,8.40e+00,
28790,-3.28e-01,8.40e+00,
28791,-3.28e-01,8.40e+00,
28792,-3.28e-01,8.40e+00,
28793,-3.36e-01,8.40e+00,
28794,-3.28e-01,8.40e+00,
28795,-3.28e-01,8.40e+00,
28796,-3.28e-01,8.40e+00,
28797,-3.36e-01,8.60e+00,
28798,-3.28e-01,8.40e+00,
28799,-3.36e-01,8.60e+00,
28800,-3.28e-01,8.60e+00,
28801,-3.36e-01,8.40e+00,
28802,-3.28e-01,8.40e+00,
28803,-3.36e-01,8.60e+00,
28804,-3.28e-01,8.60e+00,
28805,-3.36e-01,8.40e+00,
28806,-3.28e-01,8.60e+00,
28807,-3.36e-01,8.40e+00,
28808,-3.28e-01,8.60e+00,
28809,-3.36e-01,8.40e+00,
28810,-3.28e-01,8.40e+00,
28811,-3.36e-01,8.60e+00,
28812,-3.28e-01,8.40e+00,
28813,-3.36e-01,8.40e+00,
28814,-3.28e-01,8.60e+00,
28815,-3.36e-01,8.40e+00,
28816,-3.28e-01,8.40e+00,
28817,-3.36e-01,8.40e+00,
28818,-3.28e-01,8.40e+00,
28819,-3.36e-01,8.40e+00,
28820,-3.28e-01,8.40e+00,
28821,-3.36e-01,8.40e+00,
28822,-3.36e-01,8.40e+00,
28823,-3.36e-01,8.40e+00,
28824,-3.28e-01,8.40e+00,
28825,-3.36e-01,8.40e+00,
28826,-3.28e-01,8.40e+00,
28827,-3.36e-01,8.60e+00,
28828,-3.28e-01,8.40e+00,
28829,-3.36e-01,8.60e+00,
28830,-3.36e-01,8.40e+00,
28831,-3.36e-01,8.40e+00,
28832,-3.28e-01,8.40e+00,
28833,-3.36e-01,8.40e+00,
28834,-3.36e-01,8.60e+00,
28835,-3.36e-01,8.40e+00,
28836,-3.36e-01,8.40e+00,
28837,-3.36e-01,8.40e+00,
28838,-3.36e-01,8.60e+00,
28839,-3.36e-01,8.60e+00,
28840,-3.28e-01,8.60e+00,
28841,-3.36e-01,8.60e+00,
28842,-3.36e-01,8.40e+00,
28843,-3.36e-01,8.60e+00,
28844,-3.36e-01,8.40e+00,
28845,-3.36e-01,8.40e+00,
28846,-3.36e-01,8.40e+00,
28847,-3.36e-01,8.60e+00,
28848,-3.28e-01,8.40e+00,
28849,-3.44e-01,8.40e+00,
28850,-3.36e-01,8.40e+00,
28851,-3.36e-01,8.40e+00,
28852,-3.36e-01,8.40e+00,
28853,-3.36e-01,8.40e+00,
28854,-3.36e-01,8.40e+00,
28855,-3.36e-01,8.60e+00,
28856,-3.36e-01,8.60e+00,
28857,-3.44e-01,8.40e+00,
28858,-3.36e-01,8.40e+00,
28859,-3.44e-01,8.60e+00,
28860,-3.36e-01,8.40e+00,
28861,-3.44e-01,8.40e+00,
28862,-3.36e-01,8.40e+00,
28863,-3.36e-01,8.40e+00,
28864,-3.36e-01,8.60e+00,
28865,-3.44e-01,8.40e+00,
28866,-3.36e-01,8.40e+00,
28867,-3.44e-01,8.60e+00,
28868,-3.36e-01,8.40e+00,
28869,-3.44e-01,8.40e+00,
28870,-3.36e-01,8.40e+00,
28871,-3.44e-01,8.40e+00,
28872,-3.36e-01,8.40e+00,
28873,-3.44e-01,8.40e+00,
28874,-3.36e-01,8.40e+00,
28875,-3.44e-01,8.60e+00,
28876,-3.36e-01,8.40e+00,
28877,-3.44e-01,8.40e+00,
28878,-3.36e-01,8.60e+00,
28879,-3.44e-01,8.40e+00,
28880,-3.36e-01,8.40e+00,
28881,-3.44e-01,8.40e+00,
28882,-3.36e-01,8.40e+00,
28883,-3.44e-01,8.60e+00,
28884,-3.36e-01,8.60e+00,
28885,-3.44e-01,8.40e+00,
28886,-3.36e-01,8.40e+00,
28887,-3.44e-01,8.40e+00,
28888,-3.36e-01,8.60e+00,
28889,-3.44e-01,8.40e+00,
28890,-3.36e-01,8.40e+00,
28891,-3.44e-01,8.60e+00,
28892,-3.44e-01,8.40e+00,
28893,-3.44e-01,8.60e+00,
28894,-3.44e-01,8.40e+00,
28895,-3.44e-01,8.40e+00,
28896,-3.44e-01,8.60e+00,
28897,-3.44e-01,8.40e+00,
28898,-3.44e-01,8.40e+00,
28899,-3.44e-01,8.60e+00,
28900,-3.36e-01,8.40e+00,
28901,-3.44e-01,8.40e+00,
28902,-3.44e-01,8.40e+00,
28903,-3.44e-01,8.40e+00,
28904,-3.36e-01,8.40e+00,
28905,-3.44e-01,8.40e+00,
28906,-3.44e-01,8.40e+00,
28907,-3.44e-01,8.60e+00,
28908,-3.44e-01,8.40e+00,
28909,-3.44e-01,8.40e+00,
28910,-3.44e-01,8.40e+00,
28911,-3.44e-01,8.40e+00,
28912,-3.44e-01,8.40e+00,
28913,-3.44e-01,8.40e+00,
28914,-3.44e-01,8.40e+00,
28915,-3.44e-01,8.60e+00,
28916,-3.44e-01,8.40e+00,
28917,-3.52e-01,8.40e+00,
28918,-3.44e-01,8.40e+00,
28919,-3.44e-01,8.40e+00,
28920,-3.44e-01,8.60e+00,
28921,-3.52e-01,8.40e+00,
28922,-3.44e-01,8.40e+00,
28923,-3.52e-01,8.60e+00,
28924,-3.44e-01,8.40e+00,
28925,-3.52e-01,8.40e+00,
28926,-3.44e-01,8.40e+00,
28927,-3.52e-01,8.60e+00,
28928,-3.44e-01,8.40e+00,
28929,-3.52e-01,8.40e+00,
28930,-3.44e-01,8.40e+00,
28931,-3.52e-01,8.40e+00,
28932,-3.44e-01,8.40e+00,
28933,-3.52e-01,8.40e+00,
28934,-3.44e-01,8.40e+00,
28935,-3.52e-01,8.40e+00,
28936,-3.44e-01,8.40e+00,
28937,-3.52e-01,8.40e+00,
28938,-3.44e-01,8.40e+00,
28939,-3.52e-01,8.60e+00,
28940,-3.44e-01,8.40e+00,
28941,-3.52e-01,8.60e+00,
28942,-3.44e-01,8.40e+00,
28943,-3.52e-01,8.40e+00,
28944,-3.44e-01,8.40e+00,
28945,-3.52e-01,8.40e+00,
28946,-3.44e-01,8.60e+00,
28947,-3.52e-01,8.60e+00,
28948,-3.44e-01,8.40e+00,
28949,-3.52e-01,8.40e+00,
28950,-3.44e-01,8.40e+00,
28951,-3.52e-01,8.40e+00,
28952,-3.44e-01,8.60e+00,
28953,-3.52e-01,8.40e+00,
28954,-3.44e-01,8.40e+00,
28955,-3.52e-01,8.40e+00,
28956,-3.44e-01,8.40e+00,
28957,-3.52e-01,8.60e+00,
28958,-3.52e-01,8.40e+00,
28959,-3.52e-01,8.60e+00,
28960,-3.52e-01,8.40e+00,
28961,-3.52e-01,8.40e+00,
28962,-3.52e-01,8.60e+00,
28963,-3.52e-01,8.40e+00,
28964,-3.44e-01,8.40e+00,
28965,-3.52e-01,8.60e+00,
28966,-3.44e-01,8.40e+00,
28967,-3.52e-01,8.60e+00,
28968,-3.44e-01,8.40e+00,
28969,-3.52e-01,8.40e+00,
28970,-3.52e-01,8.40e+00,
28971,-3.52e-01,8.60e+00,
28972,-3.52e-01,8.40e+00,
28973,-3.52e-01,8.60e+00,
28974,-3.52e-01,8.40e+00,
28975,-3.52e-01,8.40e+00,
28976,-3.52e-01,8.40e+00,
28977,-3.52e-01,8.40e+00,
28978,-3.52e-01,8.40e+00,
28979,-3.52e-01,8.60e+00,
28980,-3.44e-01,8.40e+00,
28981,-3.60e-01,8.60e+00,
28982,-3.52e-01,8.40e+00,
28983,-3.52e-01,8.40e+00,
28984,-3.52e-01,8.60e+00,
28985,-3.52e-01,8.40e+00,
28986,-3.52e-01,8.40e+00,
28987,-3.60e-01,8.60e+00,
28988,-3.52e-01,8.40e+00,
28989,-3.60e-01,8.40e+00,
28990,-3.52e-01,8.40e+00,
28991,-3.52e-01,8.40e+00,
28992,-3.52e-01,8.40e+00,
28993,-3.60e-01,8.40e+00,
28994,-3.52e-01,8.40e+00,
28995,-3.60e-01,8.40e+00,
28996,-3.52e-01,8.40e+00,
28997,-3.60e-01,8.40e+00,
28998,-3.52e-01,8.40e+00,
28999,-3.60e-01,8.60e+00,
29000,-3.52e-01,8.40e+00,
29001,-3.60e-01,8.40e+00,
29002,-3.52e-01,8.40e+00,
29003,-3.60e-01,8.40e+00,
29004,-3.52e-01,8.40e+00,
29005,-3.60e-01,8.40e+00,
29006,-3.52e-01,8.40e+00,
29007,-3.60e-01,8.40e+00,
29008,-3.52e-01,8.40e+00,
29009,-3.60e-01,8.40e+00,
29010,-3.52e-01,8.40e+00,
29011,-3.60e-01,8.40e+00,
29012,-3.52e-01,8.40e+00,
29013,-3.60e-01,8.40e+00,
29014,-3.60e-01,8.40e+00,
29015,-3.60e-01,8.40e+00,
29016,-3.52e-01,8.60e+00,
29017,-3.60e-01,8.40e+00,
29018,-3.52e-01,8.40e+00,
29019,-3.60e-01,8.60e+00,
29020,-3.52e-01,8.40e+00,
29021,-3.60e-01,8.40e+00,
29022,-3.52e-01,8.40e+00,
29023,-3.60e-01,8.60e+00,
29024,-3.52e-01,8.60e+00,
29025,-3.60e-01,8.60e+00,
29026,-3.60e-01,8.40e+00,
29027,-3.60e-01,8.60e+00,
29028,-3.52e-01,8.40e+00,
29029,-3.60e-01,8.40e+00,
29030,-3.60e-01,8.40e+00,
29031,-3.60e-01,8.40e+00,
29032,-3.52e-01,8.40e+00,
29033,-3.60e-01,8.60e+00,
29034,-3.60e-01,8.40e+00,
29035,-3.60e-01,8.40e+00,
29036,-3.60e-01,8.40e+00,
29037,-3.60e-01,8.40e+00,
29038,-3.60e-01,8.40e+00,
29039,-3.60e-01,8.40e+00,
29040,-3.52e-01,8.40e+00,
29041,-3.60e-01,8.40e+00,
29042,-3.60e-01,8.40e+00,
29043,-3.60e-01,8.40e+00,
29044,-3.60e-01,8.40e+00,
29045,-3.60e-01,8.40e+00,
29046,-3.60e-01,8.40e+00,
29047,-3.60e-01,8.40e+00,
29048,-3.60e-01,8.40e+00,
29049,-3.60e-01,8.40e+00,
29050,-3.60e-01,8.40e+00,
29051,-3.60e-01,8.60e+00,
29052,-3.60e-01,8.40e+00,
29053,-3.68e-01,8.40e+00,
29054,-3.60e-01,8.40e+00,
29055,-3.60e-01,8.40e+00,
29056,-3.60e-01,8.60e+00,
29057,-3.68e-01,8.40e+00,
29058,-3.60e-01,8.60e+00,
29059,-3.60e-01,8.40e+00,
29060,-3.60e-01,8.40e+00,
29061,-3.68e-01,8.40e+00,
29062,-3.60e-01,8.40e+00,
29063,-3.68e-01,8.40e+00,
29064,-3.60e-01,8.40e+00,
29065,-3.68e-01,8.40e+00,
29066,-3.60e-01,8.40e+00,
29067,-3.68e-01,8.40e+00,
29068,-3.60e-01,8.40e+00,
29069,-3.68e-01,8.40e+00,
29070,-3.60e-01,8.40e+00,
29071,-3.68e-01,8.40e+00,
29072,-3.60e-01,8.60e+00,
29073,-3.68e-01,8.40e+00,
29074,-3.60e-01,8.40e+00,
29075,-3.68e-01,8.60e+00,
29076,-3.60e-01,8.40e+00,
29077,-3.68e-01,8.40e+00,
29078,-3.60e-01,8.40e+00,
29079,-3.68e-01,8.40e+00,
29080,-3.60e-01,8.40e+00,
29081,-3.68e-01,8.40e+00,
29082,-3.60e-01,8.40e+00,
29083,-3.68e-01,8.60e+00,
29084,-3.60e-01,8.40e+00,
29085,-3.68e-01,8.40e+00,
29086,-3.60e-01,8.40e+00,
29087,-3.68e-01,8.40e+00,
29088,-3.60e-01,8.40e+00,
29089,-3.68e-01,8.40e+00,
29090,-3.60e-01,8.40e+00,
29091,-3.68e-01,8.40e+00,
29092,-3.60e-01,8.40e+00,
29093,-3.68e-01,8.40e+00,
29094,-3.68e-01,8.40e+00,
29095,-3.68e-01,8.40e+00,
29096,-3.60e-01,8.40e+00,
29097,-3.68e-01,8.40e+00,
29098,-3.60e-01,8.40e+00,
29099,-3.68e-01,8.60e+00,
29100,-3.60e-01,8.40e+00,
29101,-3.68e-01,8.40e+00,
29102,-3.68e-01,8.40e+00,
29103,-3.68e-01,8.60e+00,
29104,-3.68e-01,8.40e+00,
29105,-3.68e-01,8.60e+00,
29106,-3.68e-01,8.40e+00,
29107,-3.68e-01,8.40e+00,
29108,-3.68e-01,8.40e+00,
29109,-3.68e-01,8.40e+00,
29110,-3.68e-01,8.40e+00,
29111,-3.68e-01,8.60e+00,
29112,-3.68e-01,8.40e+00,
29113,-3.68e-01,8.40e+00,
29114,-3.68e-01,8.40e+00,
29115,-3.68e-01,8.40e+00,
29116,-3.68e-01,8.40e+00,
29117,-3.68e-01,8.40e+00,
29118,-3.68e-01,8.40e+00,
29119,-3.68e-01,8.40e+00,
29120,-3.68e-01,8.40e+00,
29121,-3.68e-01,8.40e+00,
29122,-3.68e-01,8.40e+00,
29123,-3.68e-01,8.40e+00,
29124,-3.68e-01,8.40e+00,
29125,-3.76e-01,8.40e+00,
29126,-3.68e-01,8.40e+00,
29127,-3.68e-01,8.40e+00,
29128,-3.68e-01,8.40e+00,
29129,-3.68e-01,8.40e+00,
29130,-3.68e-01,8.40e+00,
29131,-3.76e-01,8.60e+00,
29132,-3.68e-01,8.40e+00,
29133,-3.76e-01,8.40e+00,
29134,-3.68e-01,8.40e+00,
29135,-3.68e-01,8.40e+00,
29136,-3.68e-01,8.40e+00,
29137,-3.76e-01,8.40e+00,
29138,-3.68e-01,8.40e+00,
29139,-3.76e-01,8.60e+00,
29140,-3.68e-01,8.40e+00,
29141,-3.76e-01,8.40e+00,
29142,-3.68e-01,8.60e+00,
29143,-3.68e-01,8.40e+00,
29144,-3.68e-01,8.40e+00,
29145,-3.76e-01,8.40e+00,
29146,-3.68e-01,8.40e+00,
29147,-3.76e-01,8.60e+00,
29148,-3.68e-01,8.40e+00,
29149,-3.76e-01,8.40e+00,
29150,-3.68e-01,8.40e+00,
29151,-3.76e-01,8.40e+00,
29152,-3.68e-01,8.40e+00,
29153,-3.76e-01,8.40e+00,
29154,-3.68e-01,8.40e+00,
29155,-3.76e-01,8.40e+00,
29156,-3.68e-01,8.40e+00,
29157,-3.76e-01,8.40e+00,
29158,-3.68e-01,8.40e+00,
29159,-3.76e-01,8.40e+00,
29160,-3.68e-01,8.40e+00,
29161,-3.68e-01,8.40e+00,
29162,-3.76e-01,8.40e+00,
29163,-3.76e-01,8.40e+00,
29164,-3.68e-01,8.40e+00,
29165,-3.76e-01,8.40e+00,
29166,-3.68e-01,8.40e+00,
29167,-3.76e-01,8.40e+00,
29168,-3.68e-01,8.40e+00,
29169,-3.76e-01,8.40e+00,
29170,-3.76e-01,8.40e+00,
29171,-3.76e-01,8.40e+00,
29172,-3.76e-01,8.40e+00,
29173,-3.76e-01,8.40e+00,
29174,-3.76e-01,8.40e+00,
29175,-3.76e-01,8.40e+00,
29176,-3.68e-01,8.40e+00,
29177,-3.76e-01,8.40e+00,
29178,-3.68e-01,8.40e+00,
29179,-3.76e-01,8.40e+00,
29180,-3.68e-01,8.40e+00,
29181,-3.76e-01,8.40e+00,
29182,-3.76e-01,8.40e+00,
29183,-3.76e-01,8.40e+00,
29184,-3.76e-01,8.60e+00,
29185,-3.76e-01,8.40e+00,
29186,-3.76e-01,8.40e+00,
29187,-3.76e-01,8.60e+00,
29188,-3.76e-01,8.40e+00,
29189,-3.76e-01,8.60e+00,
29190,-3.76e-01,8.40e+00,
29191,-3.76e-01,8.40e+00,
29192,-3.76e-01,8.40e+00,
29193,-3.84e-01,8.40e+00,
29194,-3.76e-01,8.40e+00,
29195,-3.76e-01,8.40e+00,
29196,-3.76e-01,8.40e+00,
29197,-3.76e-01,8.60e+00,
29198,-3.76e-01,8.40e+00,
29199,-3.84e-01,8.40e+00,
29200,-3.76e-01,8.40e+00,
29201,-3.84e-01,8.40e+00,
29202,-3.76e-01,8.40e+00,
29203,-3.76e-01,8.40e+00,
29204,-3.76e-01,8.40e+00,
29205,-3.84e-01,8.40e+00,
29206,-3.76e-01,8.40e+00,
29207,-3.84e-01,8.40e+00,
29208,-3.76e-01,8.40e+00,
29209,-3.84e-01,8.40e+00,
29210,-3.76e-01,8.40e+00,
29211,-3.84e-01,8.40e+00,
29212,-3.76e-01,8.40e+00,
29213,-3.84e-01,8.40e+00,
29214,-3.76e-01,8.40e+00,
29215,-3.84e-01,8.40e+00,
29216,-3.76e-01,8.40e+00,
29217,-3.84e-01,8.60e+00,
29218,-3.76e-01,8.40e+00,
29219,-3.84e-01,8.60e+00,
29220,-3.76e-01,8.40e+00,
29221,-3.84e-01,8.40e+00,
29222,-3.76e-01,8.40e+00,
29223,-3.84e-01,8.40e+00,
29224,-3.76e-01,8.40e+00,
29225,-3.84e-01,8.40e+00,
29226,-3.76e-01,8.40e+00,
29227,-3.84e-01,8.60e+00,
29228,-3.76e-01,8.40e+00,
29229,-3.84e-01,8.40e+00,
29230,-3.76e-01,8.40e+00,
29231,-3.84e-01,8.40e+00,
29232,-3.76e-01,8.40e+00,
29233,-3.84e-01,8.60e+00,
29234,-3.76e-01,8.40e+00,
29235,-3.84e-01,8.40e+00,
29236,-3.84e-01,8.40e+00,
29237,-3.84e-01,8.40e+00,
29238,-3.84e-01,8.40e+00,
29239,-3.84e-01,8.40e+00,
29240,-3.76e-01,8.40e+00,
29241,-3.84e-01,8.40e+00,
29242,-3.76e-01,8.40e+00,
29243,-3.84e-01,8.40e+00,
29244,-3.84e-01,8.40e+00,
29245,-3.84e-01,8.40e+00,
29246,-3.84e-01,8.40e+00,
29247,-3.84e-01,8.40e+00,
29248,-3.84e-01,8.40e+00,
29249,-3.84e-01,8.40e+00,
29250,-3.84e-01,8.40e+00,
29251,-3.84e-01,8.40e+00,
29252,-3.84e-01,8.40e+00,
29253,-3.84e-01,8.60e+00,
29254,-3.84e-01,8.40e+00,
29255,-3.84e-01,8.40e+00,
29256,-3.84e-01,8.40e+00,
29257,-3.84e-01,8.40e+00,
29258,-3.84e-01,8.40e+00,
29259,-3.84e-01,8.40e+00,
29260,-3.84e-01,8.40e+00,
29261,-3.92e-01,8.40e+00,
29262,-3.84e-01,8.40e+00,
29263,-3.84e-01,8.40e+00,
29264,-3.84e-01,8.40e+00,
29265,-3.84e-01,8.40e+00,
29266,-3.84e-01,8.40e+00,
29267,-3.84e-01,8.40e+00,
29268,-3.84e-01,8.40e+00,
29269,-3.92e-01,8.40e+00,
29270,-3.84e-01,8.40e+00,
29271,-3.92e-01,8.40e+00,
29272,-3.84e-01,8.40e+00,
29273,-3.92e-01,8.40e+00,
29274,-3.84e-01,8.40e+00,
29275,-3.92e-01,8.40e+00,
29276,-3.84e-01,8.40e+00,
29277,-3.92e-01,8.40e+00,
29278,-3.84e-01,8.40e+00,
29279,-3.92e-01,8.40e+00,
29280,-3.84e-01,8.40e+00,
29281,-3.92e-01,8.40e+00,
29282,-3.84e-01,8.40e+00,
29283,-3.92e-01,8.40e+00,
29284,-3.84e-01,8.40e+00,
29285,-3.92e-01,8.40e+00,
29286,-3.84e-01,8.40e+00,
29287,-3.92e-01,8.40e+00,
29288,-3.84e-01,8.40e+00,
29289,-3.92e-01,8.40e+00,
29290,-3.84e-01,8.40e+00,
29291,-3.92e-01,8.40e+00,
29292,-3.84e-01,8.40e+00,
29293,-3.92e-01,8.40e+00,
29294,-3.84e-01,8.40e+00,
29295,-3.92e-01,8.40e+00,
29296,-3.84e-01,8.40e+00,
29297,-3.92e-01,8.40e+00,
29298,-3.84e-01,8.40e+00,
29299,-3.92e-01,8.60e+00,
29300,-3.84e-01,8.40e+00,
29301,-3.92e-01,8.40e+00,
29302,-3.84e-01,8.40e+00,
29303,-3.92e-01,8.40e+00,
29304,-3.84e-01,8.40e+00,
29305,-3.92e-01,8.40e+00,
29306,-3.92e-01,8.40e+00,
29307,-3.92e-01,8.40e+00,
29308,-3.84e-01,8.40e+00,
29309,-3.92e-01,8.40e+00,
29310,-3.92e-01,8.40e+00,
29311,-3.92e-01,8.60e+00,
29312,-3.92e-01,8.60e+00,
29313,-3.92e-01,8.40e+00,
29314,-3.92e-01,8.40e+00,
29315,-3.92e-01,8.40e+00,
29316,-3.92e-01,8.40e+00,
29317,-4.00e-01,8.40e+00,
29318,-3.92e-01,8.40e+00,
29319,-3.92e-01,8.40e+00,
29320,-3.92e-01,8.40e+00,
29321,-4.00e-01,8.40e+00,
29322,-3.92e-01,8.40e+00,
29323,-3.92e-01,8.40e+00,
29324,-3.92e-01,8.40e+00,
29325,-4.00e-01,8.40e+00,
29326,-3.92e-01,8.40e+00,
29327,-4.00e-01,8.40e+00,
29328,-3.92e-01,8.40e+00,
29329,-4.00e-01,8.60e+00,
29330,-3.92e-01,8.40e+00,
29331,-4.00e-01,8.60e+00,
29332,-3.92e-01,8.40e+00,
29333,-4.00e-01,8.40e+00,
29334,-3.92e-01,8.40e+00,
29335,-4.00e-01,8.40e+00,
29336,-3.92e-01,8.40e+00,
29337,-4.00e-01,8.40e+00,
29338,-3.92e-01,8.20e+00,
29339,-4.00e-01,8.40e+00,
29340,-3.92e-01,8.40e+00,
29341,-4.00e-01,8.40e+00,
29342,-3.92e-01,8.40e+00,
29343,-4.00e-01,8.40e+00,
29344,-3.92e-01,8.40e+00,
29345,-4.00e-01,8.40e+00,
29346,-3.92e-01,8.40e+00,
29347,-4.00e-01,8.40e+00,
29348,-3.92e-01,8.40e+00,
29349,-4.00e-01,8.40e+00,
29350,-3.92e-01,8.40e+00,
29351,-4.00e-01,8.40e+00,
29352,-3.92e-01,8.40e+00,
29353,-4.00e-01,8.40e+00,
29354,-4.00e-01,8.40e+00,
29355,-4.00e-01,8.40e+00,
29356,-3.92e-01,8.40e+00,
29357,-4.00e-01,8.60e+00,
29358,-3.92e-01,8.40e+00,
29359,-4.00e-01,8.40e+00,
29360,-3.92e-01,8.40e+00,
29361,-4.00e-01,8.40e+00,
29362,-4.00e-01,8.40e+00,
29363,-4.00e-01,8.40e+00,
29364,-3.92e-01,8.40e+00,
29365,-4.00e-01,8.40e+00,
29366,-3.92e-01,8.40e+00,
29367,-4.00e-01,8.40e+00,
29368,-3.92e-01,8.40e+00,
29369,-4.00e-01,8.40e+00,
29370,-4.00e-01,8.40e+00,
29371,-4.00e-01,8.40e+00,
29372,-4.00e-01,8.40e+00,
29373,-4.00e-01,8.40e+00,
29374,-4.00e-01,8.40e+00,
29375,-4.00e-01,8.40e+00,
29376,-3.92e-01,8.40e+00,
29377,-4.00e-01,8.40e+00,
29378,-4.00e-01,8.40e+00,
29379,-4.00e-01,8.40e+00,
29380,-3.92e-01,8.40e+00,
29381,-4.00e-01,8.40e+00,
29382,-4.00e-01,8.40e+00,
29383,-4.00e-01,8.40e+00,
29384,-4.00e-01,8.40e+00,
29385,-4.00e-01,8.40e+00,
29386,-4.00e-01,8.40e+00,
29387,-4.00e-01,8.60e+00,
29388,-4.00e-01,8.40e+00,
29389,-4.08e-01,8.40e+00,
29390,-4.00e-01,8.40e+00,
29391,-4.00e-01,8.40e+00,
29392,-4.00e-01,8.40e+00,
29393,-4.08e-01,8.40e+00,
29394,-4.00e-01,8.40e+00,
29395,-4.08e-01,8.60e+00,
29396,-4.00e-01,8.40e+00,
29397,-4.08e-01,8.40e+00,
29398,-4.00e-01,8.40e+00,
29399,-4.08e-01,8.40e+00,
29400,-4.00e-01,8.40e+00,
29401,-4.08e-01,8.40e+00,
29402,-4.00e-01,8.40e+00,
29403,-4.08e-01,8.40e+00,
29404,-4.00e-01,8.40e+00,
29405,-4.08e-01,8.40e+00,
29406,-4.00e-01,8.40e+00,
29407,-4.08e-01,8.40e+00,
29408,-4.00e-01,8.40e+00,
29409,-4.08e-01,8.40e+00,
29410,-4.00e-01,8.40e+00,
29411,-4.08e-01,8.40e+00,
29412,-4.00e-01,8.40e+00,
29413,-4.08e-01,8.60e+00,
29414,-4.00e-01,8.40e+00,
29415,-4.08e-01,8.40e+00,
29416,-4.00e-01,8.40e+00,
29417,-4.08e-01,8.40e+00,
29418,-4.00e-01,8.40e+00,
29419,-4.08e-01,8.60e+00,
29420,-4.00e-01,8.40e+00,
29421,-4.08e-01,8.40e+00,
29422,-4.08e-01,8.40e+00,
29423,-4.08e-01,8.40e+00,
29424,-4.00e-01,8.40e+00,
29425,-4.08e-01,8.40e+00,
29426,-4.00e-01,8.40e+00,
29427,-4.08e-01,8.40e+00,
29428,-4.00e-01,8.40e+00,
29429,-4.08e-01,8.40e+00,
29430,-4.08e-01,8.40e+00,
29431,-4.08e-01,8.60e+00,
29432,-4.00e-01,8.40e+00,
29433,-4.08e-01,8.40e+00,
29434,-4.08e-01,8.40e+00,
29435,-4.08e-01,8.40e+00,
29436,-4.00e-01,8.40e+00,
29437,-4.08e-01,8.40e+00,
29438,-4.08e-01,8.40e+00,
29439,-4.08e-01,8.40e+00,
29440,-4.00e-01,8.40e+00,
29441,-4.16e-01,8.40e+00,
29442,-4.08e-01,8.40e+00,
29443,-4.08e-01,8.40e+00,
29444,-4.08e-01,8.40e+00,
29445,-4.08e-01,8.40e+00,
29446,-4.08e-01,8.40e+00,
29447,-4.08e-01,8.40e+00,
29448,-4.08e-01,8.40e+00,
29449,-4.08e-01,8.40e+00,
29450,-4.08e-01,8.40e+00,
29451,-4.16e-01,8.40e+00,
29452,-4.08e-01,8.40e+00,
29453,-4.08e-01,8.40e+00,
29454,-4.08e-01,8.40e+00,
29455,-4.08e-01,8.40e+00,
29456,-4.08e-01,8.40e+00,
29457,-4.16e-01,8.40e+00,
29458,-4.08e-01,8.40e+00,
29459,-4.16e-01,8.40e+00,
29460,-4.08e-01,8.40e+00,
29461,-4.16e-01,8.40e+00,
29462,-4.08e-01,8.40e+00,
29463,-4.16e-01,8.40e+00,
29464,-4.08e-01,8.40e+00,
29465,-4.08e-01,8.60e+00,
29466,-4.08e-01,8.40e+00,
29467,-4.16e-01,8.40e+00,
29468,-4.08e-01,8.40e+00,
29469,-4.16e-01,8.40e+00,
29470,-4.08e-01,8.40e+00,
29471,-4.16e-01,8.40e+00,
29472,-4.08e-01,8.40e+00,
29473,-4.16e-01,8.40e+00,
29474,-4.08e-01,8.40e+00,
29475,-4.16e-01,8.40e+00,
29476,-4.08e-01,8.40e+00,
29477,-4.16e-01,8.40e+00,
29478,-4.08e-01,8.40e+00,
29479,-4.16e-01,8.40e+00,
29480,-4.08e-01,8.40e+00,
29481,-4.16e-01,8.40e+00,
29482,-4.08e-01,8.40e+00,
29483,-4.16e-01,8.60e+00,
29484,-4.08e-01,8.40e+00,
29485,-4.16e-01,8.40e+00,
29486,-4.16e-01,8.40e+00,
29487,-4.16e-01,8.40e+00,
29488,-4.08e-01,8.40e+00,
29489,-4.16e-01,8.40e+00,
29490,-4.08e-01,8.40e+00,
29491,-4.16e-01,8.40e+00,
29492,-4.08e-01,8.40e+00,
29493,-4.16e-01,8.40e+00,
29494,-4.16e-01,8.40e+00,
29495,-4.16e-01,8.40e+00,
29496,-4.08e-01,8.40e+00,
29497,-4.16e-01,8.40e+00,
29498,-4.08e-01,8.40e+00,
29499,-4.16e-01,8.60e+00,
29500,-4.08e-01,8.40e+00,
29501,-4.16e-01,8.40e+00,
29502,-4.16e-01,8.40e+00,
29503,-4.16e-01,8.60e+00,
29504,-4.08e-01,8.40e+00,
29505,-4.16e-01,8.40e+00,
29506,-4.08e-01,8.40e+00,
29507,-4.16e-01,8.40e+00,
29508,-4.08e-01,8.40e+00,
29509,-4.16e-01,8.40e+00,
29510,-4.16e-01,8.40e+00,
29511,-4.16e-01,8.40e+00,
29512,-4.08e-01,8.40e+00,
29513,-4.16e-01,8.40e+00,
29514,-4.16e-01,8.40e+00,
29515,-4.16e-01,8.40e+00,
29516,-4.08e-01,8.40e+00,
29517,-4.16e-01,8.40e+00,
29518,-4.16e-01,8.40e+00,
29519,-4.16e-01,8.40e+00,
29520,-4.08e-01,8.40e+00,
29521,-4.24e-01,8.40e+00,
29522,-4.16e-01,8.40e+00,
29523,-4.16e-01,8.40e+00,
29524,-4.16e-01,8.40e+00,
29525,-4.16e-01,8.40e+00,
29526,-4.16e-01,8.40e+00,
29527,-4.16e-01,8.40e+00,
29528,-4.16e-01,8.40e+00,
29529,-4.24e-01,8.40e+00,
29530,-4.16e-01,8.40e+00,
29531,-4.24e-01,8.60e+00,
29532,-4.16e-01,8.40e+00,
29533,-4.16e-01,8.40e+00,
29534,-4.16e-01,8.40e+00,
29535,-4.16e-01,8.40e+00,
29536,-4.16e-01,8.40e+00,
29537,-4.24e-01,8.40e+00,
29538,-4.16e-01,8.40e+00,
29539,-4.24e-01,8.60e+00,
29540,-4.16e-01,8.40e+00,
29541,-4.24e-01,8.40e+00,
29542,-4.16e-01,8.40e+00,
29543,-4.16e-01,8.40e+00,
29544,-4.16e-01,8.40e+00,
29545,-4.24e-01,8.40e+00,
29546,-4.16e-01,8.40e+00,
29547,-4.24e-01,8.40e+00,
29548,-4.16e-01,8.40e+00,
29549,-4.24e-01,8.40e+00,
29550,-4.16e-01,8.40e+00,
29551,-4.24e-01,8.40e+00,
29552,-4.16e-01,8.40e+00,
29553,-4.24e-01,8.40e+00,
29554,-4.16e-01,8.40e+00,
29555,-4.24e-01,8.40e+00,
29556,-4.16e-01,8.40e+00,
29557,-4.24e-01,8.40e+00,
29558,-4.16e-01,8.40e+00,
29559,-4.24e-01,8.40e+00,
29560,-4.16e-01,8.40e+00,
29561,-4.16e-01,8.40e+00,
29562,-4.24e-01,8.40e+00,
29563,-4.24e-01,8.40e+00,
29564,-4.16e-01,8.40e+00,
29565,-4.24e-01,8.40e+00,
29566,-4.16e-01,8.40e+00,
29567,-4.24e-01,8.40e+00,
29568,-4.16e-01,8.40e+00,
29569,-4.24e-01,8.40e+00,
29570,-4.16e-01,8.40e+00,
29571,-4.24e-01,8.40e+00,
29572,-4.16e-01,8.40e+00,
29573,-4.24e-01,8.40e+00,
29574,-4.24e-01,8.40e+00,
29575,-4.24e-01,8.60e+00,
29576,-4.16e-01,8.40e+00,
29577,-4.24e-01,8.40e+00,
29578,-4.16e-01,8.40e+00,
29579,-4.24e-01,8.40e+00,
29580,-4.16e-01,8.40e+00,
29581,-4.24e-01,8.40e+00,
29582,-4.24e-01,8.40e+00,
29583,-4.24e-01,8.40e+00,
29584,-4.16e-01,8.40e+00,
29585,-4.24e-01,8.40e+00,
29586,-4.24e-01,8.40e+00,
29587,-4.24e-01,8.40e+00,
29588,-4.16e-01,8.40e+00,
29589,-4.24e-01,8.40e+00,
29590,-4.24e-01,8.40e+00,
29591,-4.24e-01,8.40e+00,
29592,-4.16e-01,8.40e+00,
29593,-4.24e-01,8.40e+00,
29594,-4.24e-01,8.40e+00,
29595,-4.24e-01,8.40e+00,
29596,-4.24e-01,8.40e+00,
29597,-4.24e-01,8.40e+00,
29598,-4.24e-01,8.40e+00,
29599,-4.24e-01,8.40e+00,
29600,-4.16e-01,8.40e+00,
29601,-4.32e-01,8.40e+00,
29602,-4.24e-01,8.40e+00,
29603,-4.24e-01,8.40e+00,
29604,-4.24e-01,8.40e+00,
29605,-4.24e-01,8.40e+00,
29606,-4.24e-01,8.40e+00,
29607,-4.24e-01,8.40e+00,
29608,-4.24e-01,8.40e+00,
29609,-4.32e-01,8.40e+00,
29610,-4.24e-01,8.40e+00,
29611,-4.24e-01,8.40e+00,
29612,-4.24e-01,8.40e+00,
29613,-4.24e-01,8.40e+00,
29614,-4.24e-01,8.40e+00,
29615,-4.24e-01,8.40e+00,
29616,-4.24e-01,8.40e+00,
29617,-4.32e-01,8.40e+00,
29618,-4.24e-01,8.40e+00,
29619,-4.32e-01,8.40e+00,
29620,-4.24e-01,8.40e+00,
29621,-4.32e-01,8.40e+00,
29622,-4.24e-01,8.40e+00,
29623,-4.32e-01,8.40e+00,
29624,-4.24e-01,8.40e+00,
29625,-4.32e-01,8.40e+00,
29626,-4.24e-01,8.40e+00,
29627,-4.32e-01,8.40e+00,
29628,-4.24e-01,8.40e+00,
29629,-4.32e-01,8.40e+00,
29630,-4.24e-01,8.40e+00,
29631,-4.32e-01,8.40e+00,
29632,-4.24e-01,8.40e+00,
29633,-4.32e-01,8.40e+00,
29634,-4.24e-01,8.40e+00,
29635,-4.32e-01,8.40e+00,
29636,-4.24e-01,8.40e+00,
29637,-4.32e-01,8.40e+00,
29638,-4.24e-01,8.40e+00,
29639,-4.32e-01,8.60e+00,
29640,-4.24e-01,8.40e+00,
29641,-4.32e-01,8.40e+00,
29642,-4.24e-01,8.40e+00,
29643,-4.32e-01,8.40e+00,
29644,-4.24e-01,8.40e+00,
29645,-4.32e-01,8.40e+00,
29646,-4.24e-01,8.40e+00,
29647,-4.32e-01,8.40e+00,
29648,-4.24e-01,8.40e+00,
29649,-4.32e-01,8.40e+00,
29650,-4.24e-01,8.40e+00,
29651,-4.32e-01,8.40e+00,
29652,-4.24e-01,8.40e+00,
29653,-4.32e-01,8.40e+00,
29654,-4.32e-01,8.40e+00,
29655,-4.32e-01,8.40e+00,
29656,-4.24e-01,8.40e+00,
29657,-4.32e-01,8.40e+00,
29658,-4.24e-01,8.40e+00,
29659,-4.32e-01,8.40e+00,
29660,-4.24e-01,8.40e+00,
29661,-4.32e-01,8.40e+00,
29662,-4.32e-01,8.40e+00,
29663,-4.32e-01,8.40e+00,
29664,-4.24e-01,8.40e+00,
29665,-4.32e-01,8.40e+00,
29666,-4.32e-01,8.40e+00,
29667,-4.32e-01,8.40e+00,
29668,-4.24e-01,8.40e+00,
29669,-4.32e-01,8.40e+00,
29670,-4.32e-01,8.40e+00,
29671,-4.32e-01,8.40e+00,
29672,-4.24e-01,8.40e+00,
29673,-4.32e-01,8.40e+00,
29674,-4.32e-01,8.40e+00,
29675,-4.32e-01,8.40e+00,
29676,-4.32e-01,8.40e+00,
29677,-4.32e-01,8.40e+00,
29678,-4.32e-01,8.40e+00,
29679,-4.32e-01,8.40e+00,
29680,-4.32e-01,8.20e+00,
29681,-4.32e-01,8.40e+00,
29682,-4.32e-01,8.40e+00,
29683,-4.32e-01,8.40e+00,
29684,-4.32e-01,8.40e+00,
29685,-4.32e-01,8.40e+00,
29686,-4.32e-01,8.40e+00,
29687,-4.32e-01,8.40e+00,
29688,-4.32e-01,8.40e+00,
29689,-4.32e-01,8.40e+00,
29690,-4.32e-01,8.40e+00,
29691,-4.32e-01,8.60e+00,
29692,-4.32e-01,8.40e+00,
29693,-4.32e-01,8.40e+00,
29694,-4.32e-01,8.40e+00,
29695,-4.32e-01,8.60e+00,
29696,-4.32e-01,8.40e+00,
29697,-4.32e-01,8.40e+00,
29698,-4.32e-01,8.40e+00,
29699,-4.48e-01,8.40e+00,
29700,-4.32e-01,8.40e+00,
29701,-4.48e-01,8.40e+00,
29702,-4.32e-01,8.40e+00,
29703,-4.32e-01,8.40e+00,
29704,-4.32e-01,8.40e+00,
29705,-4.32e-01,8.40e+00,
29706,-4.32e-01,8.40e+00,
29707,-4.48e-01,8.40e+00,
29708,-4.32e-01,8.40e+00,
29709,-4.48e-01,8.40e+00,
29710,-4.32e-01,8.40e+00,
29711,-4.48e-01,8.40e+00,
29712,-4.32e-01,8.40e+00,
29713,-4.48e-01,8.40e+00,
29714,-4.32e-01,8.40e+00,
29715,-4.48e-01,8.40e+00,
29716,-4.32e-01,8.40e+00,
29717,-4.48e-01,8.40e+00,
29718,-4.32e-01,8.20e+00,
29719,-4.48e-01,8.40e+00,
29720,-4.32e-01,8.40e+00,
29721,-4.48e-01,8.40e+00,
29722,-4.32e-01,8.40e+00,
29723,-4.48e-01,8.40e+00,
29724,-4.32e-01,8.40e+00,
29725,-4.48e-01,8.40e+00,
29726,-4.32e-01,8.40e+00,
29727,-4.48e-01,8.40e+00,
29728,-4.32e-01,8.40e+00,
29729,-4.48e-01,8.40e+00,
29730,-4.32e-01,8.40e+00,
29731,-4.48e-01,8.60e+00,
29732,-4.32e-01,8.40e+00,
29733,-4.48e-01,8.40e+00,
29734,-4.32e-01,8.40e+00,
29735,-4.48e-01,8.40e+00,
29736,-4.32e-01,8.40e+00,
29737,-4.48e-01,8.40e+00,
29738,-4.32e-01,8.40e+00,
29739,-4.48e-01,8.40e+00,
29740,-4.32e-01,8.40e+00,
29741,-4.48e-01,8.40e+00,
29742,-4.48e-01,8.40e+00,
29743,-4.48e-01,8.40e+00,
29744,-4.32e-01,8.40e+00,
29745,-4.48e-01,8.40e+00,
29746,-4.32e-01,8.40e+00,
29747,-4.48e-01,8.40e+00,
29748,-4.32e-01,8.40e+00,
29749,-4.48e-01,8.40e+00,
29750,-4.32e-01,8.20e+00,
29751,-4.48e-01,8.40e+00,
29752,-4.32e-01,8.40e+00,
29753,-4.48e-01,8.40e+00,
29754,-4.48e-01,8.40e+00,
29755,-4.48e-01,8.40e+00,
29756,-4.48e-01,8.40e+00,
29757,-4.48e-01,8.40e+00,
29758,-4.48e-01,8.20e+00,
29759,-4.48e-01,8.40e+00,
29760,-4.48e-01,8.40e+00,
29761,-4.48e-01,8.40e+00,
29762,-4.48e-01,8.40e+00,
29763,-4.48e-01,8.40e+00,
29764,-4.48e-01,8.40e+00,
29765,-4.56e-01,8.40e+00,
29766,-4.48e-01,8.20e+00,
29767,-4.56e-01,8.40e+00,
29768,-4.32e-01,8.20e+00,
29769,-4.56e-01,8.40e+00,
29770,-4.48e-01,8.40e+00,
29771,-4.48e-01,8.40e+00,
29772,-4.48e-01,8.40e+00,
29773,-4.56e-01,8.40e+00,
29774,-4.48e-01,8.40e+00,
29775,-4.48e-01,8.40e+00,
29776,-4.48e-01,8.40e+00,
29777,-4.48e-01,8.20e+00,
29778,-4.48e-01,8.40e+00,
29779,-4.56e-01,8.40e+00,
29780,-4.48e-01,8.40e+00,
29781,-4.56e-01,8.40e+00,
29782,-4.48e-01,8.40e+00,
29783,-4.56e-01,8.40e+00,
29784,-4.48e-01,8.40e+00,
29785,-4.56e-01,8.40e+00,
29786,-4.48e-01,8.40e+00,
29787,-4.56e-01,8.40e+00,
29788,-4.48e-01,8.40e+00,
29789,-4.56e-01,8.40e+00,
29790,-4.48e-01,8.40e+00,
29791,-4.56e-01,8.40e+00,
29792,-4.48e-01,8.40e+00,
29793,-4.56e-01,8.40e+00,
29794,-4.48e-01,8.40e+00,
29795,-4.56e-01,8.60e+00,
29796,-4.48e-01,8.40e+00,
29797,-4.56e-01,8.40e+00,
29798,-4.48e-01,8.40e+00,
29799,-4.56e-01,8.40e+00,
29800,-4.48e-01,8.40e+00,
29801,-4.56e-01,8.40e+00,
29802,-4.48e-01,8.20e+00,
29803,-4.56e-01,8.40e+00,
29804,-4.48e-01,8.40e+00,
29805,-4.56e-01,8.40e+00,
29806,-4.48e-01,8.40e+00,
29807,-4.56e-01,8.40e+00,
29808,-4.48e-01,8.20e+00,
29809,-4.56e-01,8.40e+00,
29810,-4.48e-01,8.40e+00,
29811,-4.56e-01,8.40e+00,
29812,-4.48e-01,8.40e+00,
29813,-4.56e-01,8.40e+00,
29814,-4.56e-01,8.40e+00,
29815,-4.56e-01,8.40e+00,
29816,-4.48e-01,8.40e+00,
29817,-4.56e-01,8.40e+00,
29818,-4.48e-01,8.40e+00,
29819,-4.56e-01,8.40e+00,
29820,-4.48e-01,8.40e+00,
29821,-4.56e-01,8.40e+00,
29822,-4.56e-01,8.20e+00,
29823,-4.56e-01,8.40e+00,
29824,-4.48e-01,8.40e+00,
29825,-4.56e-01,8.40e+00,
29826,-4.48e-01,8.40e+00,
29827,-4.56e-01,8.40e+00,
29828,-4.48e-01,8.20e+00,
29829,-4.56e-01,8.40e+00,
29830,-4.56e-01,8.40e+00,
29831,-4.56e-01,8.40e+00,
29832,-4.48e-01,8.40e+00,
29833,-4.56e-01,8.40e+00,
29834,-4.56e-01,8.40e+00,
29835,-4.56e-01,8.40e+00,
29836,-4.56e-01,8.40e+00,
29837,-4.56e-01,8.40e+00,
29838,-4.56e-01,8.40e+00,
29839,-4.56e-01,8.40e+00,
29840,-4.48e-01,8.40e+00,
29841,-4.64e-01,8.40e+00,
29842,-4.56e-01,8.40e+00,
29843,-4.64e-01,8.60e+00,
29844,-4.56e-01,8.40e+00,
29845,-4.64e-01,8.40e+00,
29846,-4.56e-01,8.40e+00,
29847,-4.64e-01,8.40e+00,
29848,-4.56e-01,8.40e+00,
29849,-4.64e-01,8.40e+00,
29850,-4.56e-01,8.20e+00,
29851,-4.64e-01,8.40e+00,
29852,-4.56e-01,8.40e+00,
29853,-4.64e-01,8.40e+00,
29854,-4.56e-01,8.40e+00,
29855,-4.64e-01,8.40e+00,
29856,-4.56e-01,8.40e+00,
29857,-4.64e-01,8.40e+00,
29858,-4.56e-01,8.20e+00,
29859,-4.64e-01,8.40e+00,
29860,-4.56e-01,8.40e+00,
29861,-4.64e-01,8.40e+00,
29862,-4.56e-01,8.40e+00,
29863,-4.64e-01,8.40e+00,
29864,-4.56e-01,8.40e+00,
29865,-4.64e-01,8.40e+00,
29866,-4.56e-01,8.40e+00,
29867,-4.64e-01,8.40e+00,
29868,-4.56e-01,8.40e+00,
29869,-4.64e-01,8.40e+00,
29870,-4.56e-01,8.40e+00,
29871,-4.64e-01,8.40e+00,
29872,-4.56e-01,8.40e+00,
29873,-4.64e-01,8.40e+00,
29874,-4.56e-01,8.40e+00,
29875,-4.64e-01,8.40e+00,
29876,-4.56e-01,8.40e+00,
29877,-4.64e-01,8.40e+00,
29878,-4.56e-01,8.40e+00,
29879,-4.64e-01,8.40e+00,
29880,-4.56e-01,8.40e+00,
29881,-4.64e-01,8.40e+00,
29882,-4.56e-01,8.40e+00,
29883,-4.64e-01,8.40e+00,
29884,-4.56e-01,8.20e+00,
29885,-4.64e-01,8.40e+00,
29886,-4.64e-01,8.40e+00,
29887,-4.64e-01,8.40e+00,
29888,-4.56e-01,8.40e+00,
29889,-4.64e-01,8.40e+00,
29890,-4.64e-01,8.40e+00,
29891,-4.64e-01,8.60e+00,
29892,-4.64e-01,8.40e+00,
29893,-4.64e-01,8.20e+00,
29894,-4.64e-01,8.40e+00,
29895,-4.64e-01,8.40e+00,
29896,-4.56e-01,8.40e+00,
29897,-4.64e-01,8.40e+00,
29898,-4.64e-01,8.40e+00,
29899,-4.72e-01,8.40e+00,
29900,-4.64e-01,8.40e+00,
29901,-4.72e-01,8.40e+00,
29902,-4.64e-01,8.20e+00,
29903,-4.64e-01,8.40e+00,
29904,-4.64e-01,8.40e+00,
29905,-4.64e-01,8.40e+00,
29906,-4.64e-01,8.40e+00,
29907,-4.72e-01,8.40e+00,
29908,-4.64e-01,8.40e+00,
29909,-4.72e-01,8.40e+00,
29910,-4.64e-01,8.20e+00,
29911,-4.72e-01,8.40e+00,
29912,-4.64e-01,8.40e+00,
29913,-4.72e-01,8.40e+00,
29914,-4.64e-01,8.40e+00,
29915,-4.72e-01,8.40e+00,
29916,-4.64e-01,8.20e+00,
29917,-4.72e-01,8.40e+00,
29918,-4.64e-01,8.40e+00,
29919,-4.72e-01,8.40e+00,
29920,-4.64e-01,8.40e+00,
29921,-4.72e-01,8.40e+00,
29922,-4.64e-01,8.40e+00,
29923,-4.72e-01,8.40e+00,
29924,-4.64e-01,8.40e+00,
29925,-4.72e-01,8.40e+00,
29926,-4.64e-01,8.40e+00,
29927,-4.72e-01,8.40e+00,
29928,-4.64e-01,8.40e+00,
29929,-4.72e-01,8.40e+00,
29930,-4.64e-01,8.40e+00,
29931,-4.72e-01,8.40e+00,
29932,-4.64e-01,8.20e+00,
29933,-4.72e-01,8.20e+00,
29934,-4.64e-01,8.40e+00,
29935,-4.72e-01,8.40e+00,
29936,-4.64e-01,8.40e+00,
29937,-4.72e-01,8.40e+00,
29938,-4.64e-01,8.40e+00,
29939,-4.72e-01,8.40e+00,
29940,-4.64e-01,8.40e+00,
29941,-4.72e-01,8.40e+00,
29942,-4.72e-01,8.40e+00,
29943,-4.72e-01,8.40e+00,
29944,-4.64e-01,8.40e+00,
29945,-4.72e-01,8.40e+00,
29946,-4.72e-01,8.20e+00,
29947,-4.72e-01,8.40e+00,
29948,-4.72e-01,8.40e+00,
29949,-4.72e-01,8.40e+00,
29950,-4.72e-01,8.40e+00,
29951,-4.72e-01,8.40e+00,
29952,-4.64e-01,8.40e+00,
29953,-4.72e-01,8.40e+00,
29954,-4.72e-01,8.20e+00,
29955,-4.72e-01,8.40e+00,
29956,-4.72e-01,8.40e+00,
29957,-4.72e-01,8.40e+00,
29958,-4.72e-01,8.40e+00,
29959,-4.80e-01,8.40e+00,
29960,-4.72e-01,8.40e+00,
29961,-4.72e-01,8.40e+00,
29962,-4.80e-01,8.40e+00,
29963,-4.72e-01,8.40e+00,
29964,-4.72e-01,8.40e+00,
29965,-4.80e-01,8.40e+00,
29966,-4.72e-01,8.40e+00,
29967,-4.80e-01,8.20e+00,
29968,-4.72e-01,8.40e+00,
29969,-4.80e-01,8.20e+00,
29970,-4.72e-01,8.40e+00,
29971,-4.80e-01,8.40e+00,
29972,-4.72e-01,8.40e+00,
29973,-4.80e-01,8.40e+00,
29974,-4.72e-01,8.40e+00,
29975,-4.80e-01,8.40e+00,
29976,-4.72e-01,8.40e+00,
29977,-4.80e-01,8.40e+00,
29978,-4.72e-01,8.40e+00,
29979,-4.80e-01,8.40e+00,
29980,-4.72e-01,8.20e+00,
29981,-4.80e-01,8.40e+00,
29982,-4.72e-01,8.40e+00,
29983,-4.80e-01,8.40e+00,
29984,-4.72e-01,8.40e+00,
29985,-4.80e-01,8.40e+00,
29986,-4.72e-01,8.40e+00,
29987,-4.80e-01,8.40e+00,
29988,-4.72e-01,8.20e+00,
29989,-4.80e-01,8.40e+00,
29990,-4.72e-01,8.20e+00,
29991,-4.80e-01,8.40e+00,
29992,-4.72e-01,8.40e+00,
29993,-4.80e-01,8.20e+00,
29994,-4.72e-01,8.20e+00,
29995,-4.80e-01,8.40e+00,
29996,-4.72e-01,8.20e+00,
29997,-4.80e-01,8.40e+00,
29998,-4.80e-01,8.20e+00,
29999,-4.80e-01,8.40e+00,
