X,CH1,CH2,Start,Increment,
Sequence,Volt,Volt,5.672000e-05,2.000000e-09
0,1.36e-01,-8.00e-01,
1,1.36e-01,-8.00e-01,
2,1.36e-01,-8.00e-01,
3,1.36e-01,-8.00e-01,
4,1.36e-01,-8.00e-01,
5,1.36e-01,-8.00e-01,
6,1.36e-01,-8.00e-01,
7,1.36e-01,-8.00e-01,
8,1.36e-01,-8.00e-01,
9,1.36e-01,-8.00e-01,
10,1.36e-01,-8.00e-01,
11,1.36e-01,-8.00e-01,
12,1.36e-01,-8.00e-01,
13,1.44e-01,-8.00e-01,
14,1.36e-01,-8.00e-01,
15,1.36e-01,-8.00e-01,
16,1.36e-01,-8.00e-01,
17,1.44e-01,-1.60e+00,
18,1.36e-01,-8.00e-01,
19,1.36e-01,-1.60e+00,
20,1.36e-01,-1.06e-04,
21,1.44e-01,-8.00e-01,
22,1.36e-01,-8.00e-01,
23,1.36e-01,-1.06e-04,
24,1.36e-01,-8.00e-01,
25,1.44e-01,-8.00e-01,
26,1.36e-01,-8.00e-01,
27,1.36e-01,-8.00e-01,
28,1.36e-01,-8.00e-01,
29,1.44e-01,-8.00e-01,
30,1.36e-01,-8.00e-01,
31,1.36e-01,-8.00e-01,
32,1.36e-01,-8.00e-01,
33,1.44e-01,-8.00e-01,
34,1.36e-01,-8.00e-01,
35,1.44e-01,-8.00e-01,
36,1.36e-01,-8.00e-01,
37,1.44e-01,-8.00e-01,
38,1.44e-01,-8.00e-01,
39,1.36e-01,-8.00e-01,
40,1.36e-01,-8.00e-01,
41,1.44e-01,-8.00e-01,
42,1.36e-01,-8.00e-01,
43,1.44e-01,-8.00e-01,
44,1.36e-01,-8.00e-01,
45,1.44e-01,-8.00e-01,
46,1.36e-01,-8.00e-01,
47,1.44e-01,-8.00e-01,
48,1.36e-01,-8.00e-01,
49,1.44e-01,-8.00e-01,
50,1.36e-01,-8.00e-01,
51,1.44e-01,-8.00e-01,
52,1.36e-01,-8.00e-01,
53,1.44e-01,-8.00e-01,
54,1.36e-01,-8.00e-01,
55,1.44e-01,-8.00e-01,
56,1.36e-01,-8.00e-01,
57,1.44e-01,-8.00e-01,
58,1.36e-01,-8.00e-01,
59,1.44e-01,-8.00e-01,
60,1.36e-01,-8.00e-01,
61,1.44e-01,-8.00e-01,
62,1.44e-01,-8.00e-01,
63,1.44e-01,-8.00e-01,
64,1.44e-01,-8.00e-01,
65,1.44e-01,-8.00e-01,
66,1.44e-01,-8.00e-01,
67,1.44e-01,-8.00e-01,
68,1.36e-01,-8.00e-01,
69,1.44e-01,-8.00e-01,
70,1.44e-01,-8.00e-01,
71,1.44e-01,-8.00e-01,
72,1.36e-01,-1.06e-04,
73,1.44e-01,-8.00e-01,
74,1.44e-01,-8.00e-01,
75,1.44e-01,-8.00e-01,
76,1.36e-01,-8.00e-01,
77,1.44e-01,-8.00e-01,
78,1.44e-01,-8.00e-01,
79,1.44e-01,-8.00e-01,
80,1.44e-01,-8.00e-01,
81,1.44e-01,-8.00e-01,
82,1.44e-01,-8.00e-01,
83,1.44e-01,-8.00e-01,
84,1.44e-01,-8.00e-01,
85,1.44e-01,-8.00e-01,
86,1.44e-01,-8.00e-01,
87,1.44e-01,-8.00e-01,
88,1.44e-01,-8.00e-01,
89,1.44e-01,-8.00e-01,
90,1.44e-01,-8.00e-01,
91,1.52e-01,-8.00e-01,
92,1.44e-01,-8.00e-01,
93,1.44e-01,-8.00e-01,
94,1.44e-01,-8.00e-01,
95,1.44e-01,-8.00e-01,
96,1.44e-01,-8.00e-01,
97,1.44e-01,-8.00e-01,
98,1.44e-01,-8.00e-01,
99,1.44e-01,-8.00e-01,
100,1.44e-01,-8.00e-01,
101,1.52e-01,-8.00e-01,
102,1.44e-01,-8.00e-01,
103,1.44e-01,-8.00e-01,
104,1.44e-01,-8.00e-01,
105,1.52e-01,-8.00e-01,
106,1.44e-01,-8.00e-01,
107,1.44e-01,-8.00e-01,
108,1.44e-01,-8.00e-01,
109,1.52e-01,-8.00e-01,
110,1.44e-01,-8.00e-01,
111,1.44e-01,-8.00e-01,
112,1.44e-01,-8.00e-01,
113,1.52e-01,-8.00e-01,
114,1.44e-01,-8.00e-01,
115,1.44e-01,-8.00e-01,
116,1.44e-01,-8.00e-01,
117,1.52e-01,-8.00e-01,
118,1.44e-01,-8.00e-01,
119,1.44e-01,-8.00e-01,
120,1.44e-01,-8.00e-01,
121,1.52e-01,-8.00e-01,
122,1.44e-01,-8.00e-01,
123,1.52e-01,-8.00e-01,
124,1.44e-01,-8.00e-01,
125,1.52e-01,-8.00e-01,
126,1.52e-01,-8.00e-01,
127,1.52e-01,-8.00e-01,
128,1.44e-01,-8.00e-01,
129,1.52e-01,-8.00e-01,
130,1.44e-01,-8.00e-01,
131,1.52e-01,-8.00e-01,
132,1.44e-01,-8.00e-01,
133,1.52e-01,-8.00e-01,
134,1.44e-01,-8.00e-01,
135,1.52e-01,-8.00e-01,
136,1.44e-01,-8.00e-01,
137,1.52e-01,-8.00e-01,
138,1.44e-01,-8.00e-01,
139,1.52e-01,-8.00e-01,
140,1.44e-01,-8.00e-01,
141,1.52e-01,-8.00e-01,
142,1.52e-01,-8.00e-01,
143,1.52e-01,-8.00e-01,
144,1.44e-01,-8.00e-01,
145,1.52e-01,-8.00e-01,
146,1.52e-01,-8.00e-01,
147,1.52e-01,-8.00e-01,
148,1.44e-01,-8.00e-01,
149,1.52e-01,-8.00e-01,
150,1.52e-01,-8.00e-01,
151,1.52e-01,-8.00e-01,
152,1.44e-01,-8.00e-01,
153,1.52e-01,-8.00e-01,
154,1.52e-01,-8.00e-01,
155,1.52e-01,-8.00e-01,
156,1.52e-01,-8.00e-01,
157,1.52e-01,-8.00e-01,
158,1.52e-01,-8.00e-01,
159,1.52e-01,-8.00e-01,
160,1.44e-01,-8.00e-01,
161,1.52e-01,-8.00e-01,
162,1.52e-01,-8.00e-01,
163,1.52e-01,-8.00e-01,
164,1.44e-01,-8.00e-01,
165,1.52e-01,-8.00e-01,
166,1.52e-01,-8.00e-01,
167,1.52e-01,-8.00e-01,
168,1.52e-01,-8.00e-01,
169,1.52e-01,-8.00e-01,
170,1.52e-01,-8.00e-01,
171,1.52e-01,-8.00e-01,
172,1.44e-01,-8.00e-01,
173,1.52e-01,-8.00e-01,
174,1.52e-01,-8.00e-01,
175,1.52e-01,-8.00e-01,
176,1.52e-01,-8.00e-01,
177,1.52e-01,-8.00e-01,
178,1.52e-01,-8.00e-01,
179,1.52e-01,-8.00e-01,
180,1.52e-01,-8.00e-01,
181,1.52e-01,-8.00e-01,
182,1.52e-01,-8.00e-01,
183,1.52e-01,-8.00e-01,
184,1.52e-01,-8.00e-01,
185,1.52e-01,-8.00e-01,
186,1.52e-01,-8.00e-01,
187,1.52e-01,-8.00e-01,
188,1.52e-01,-8.00e-01,
189,1.60e-01,-8.00e-01,
190,1.52e-01,-8.00e-01,
191,1.52e-01,-8.00e-01,
192,1.52e-01,-8.00e-01,
193,1.60e-01,-8.00e-01,
194,1.52e-01,-8.00e-01,
195,1.52e-01,-8.00e-01,
196,1.52e-01,-8.00e-01,
197,1.52e-01,-8.00e-01,
198,1.52e-01,-8.00e-01,
199,1.52e-01,-8.00e-01,
200,1.52e-01,-1.06e-04,
201,1.52e-01,-8.00e-01,
202,1.52e-01,-8.00e-01,
203,1.60e-01,-8.00e-01,
204,1.52e-01,-8.00e-01,
205,1.60e-01,-8.00e-01,
206,1.52e-01,-8.00e-01,
207,1.52e-01,-8.00e-01,
208,1.52e-01,-8.00e-01,
209,1.60e-01,-8.00e-01,
210,1.52e-01,-8.00e-01,
211,1.60e-01,-8.00e-01,
212,1.52e-01,-8.00e-01,
213,1.60e-01,-8.00e-01,
214,1.52e-01,-8.00e-01,
215,1.52e-01,-8.00e-01,
216,1.52e-01,-8.00e-01,
217,1.60e-01,-8.00e-01,
218,1.52e-01,-1.06e-04,
219,1.60e-01,-1.60e+00,
220,1.52e-01,-1.06e-04,
221,1.60e-01,-8.00e-01,
222,1.52e-01,-1.60e+00,
223,1.52e-01,-1.06e-04,
224,1.52e-01,-8.00e-01,
225,1.60e-01,-8.00e-01,
226,1.52e-01,-8.00e-01,
227,1.60e-01,-8.00e-01,
228,1.52e-01,-8.00e-01,
229,1.60e-01,-8.00e-01,
230,1.52e-01,-8.00e-01,
231,1.60e-01,-8.00e-01,
232,1.52e-01,-8.00e-01,
233,1.60e-01,-8.00e-01,
234,1.60e-01,-8.00e-01,
235,1.60e-01,-8.00e-01,
236,1.52e-01,-8.00e-01,
237,1.60e-01,-8.00e-01,
238,1.60e-01,-8.00e-01,
239,1.60e-01,-8.00e-01,
240,1.52e-01,-1.06e-04,
241,1.60e-01,-8.00e-01,
242,1.52e-01,-8.00e-01,
243,1.60e-01,-8.00e-01,
244,1.52e-01,-8.00e-01,
245,1.60e-01,-8.00e-01,
246,1.60e-01,-8.00e-01,
247,1.60e-01,-1.06e-04,
248,1.52e-01,-8.00e-01,
249,1.60e-01,-8.00e-01,
250,1.60e-01,-8.00e-01,
251,1.60e-01,-8.00e-01,
252,1.60e-01,-8.00e-01,
253,1.60e-01,-8.00e-01,
254,1.60e-01,-8.00e-01,
255,1.60e-01,-8.00e-01,
256,1.52e-01,-1.06e-04,
257,1.60e-01,-8.00e-01,
258,1.60e-01,-1.60e+00,
259,1.60e-01,-8.00e-01,
260,1.60e-01,-8.00e-01,
261,1.60e-01,-8.00e-01,
262,1.60e-01,-8.00e-01,
263,1.60e-01,-8.00e-01,
264,1.60e-01,-8.00e-01,
265,1.60e-01,-8.00e-01,
266,1.60e-01,-8.00e-01,
267,1.60e-01,-8.00e-01,
268,1.60e-01,-8.00e-01,
269,1.60e-01,-8.00e-01,
270,1.60e-01,-8.00e-01,
271,1.60e-01,-8.00e-01,
272,1.60e-01,-8.00e-01,
273,1.60e-01,-8.00e-01,
274,1.60e-01,-8.00e-01,
275,1.60e-01,-8.00e-01,
276,1.60e-01,-8.00e-01,
277,1.68e-01,-8.00e-01,
278,1.60e-01,-8.00e-01,
279,1.60e-01,-8.00e-01,
280,1.60e-01,-8.00e-01,
281,1.68e-01,-8.00e-01,
282,1.60e-01,-8.00e-01,
283,1.60e-01,-8.00e-01,
284,1.60e-01,-8.00e-01,
285,1.68e-01,-8.00e-01,
286,1.60e-01,-8.00e-01,
287,1.60e-01,-8.00e-01,
288,1.60e-01,-8.00e-01,
289,1.68e-01,-8.00e-01,
290,1.60e-01,-8.00e-01,
291,1.60e-01,-8.00e-01,
292,1.60e-01,-8.00e-01,
293,1.68e-01,-8.00e-01,
294,1.60e-01,-8.00e-01,
295,1.60e-01,-8.00e-01,
296,1.60e-01,-8.00e-01,
297,1.68e-01,-8.00e-01,
298,1.60e-01,-8.00e-01,
299,1.60e-01,-8.00e-01,
300,1.60e-01,-8.00e-01,
301,1.68e-01,-8.00e-01,
302,1.60e-01,-8.00e-01,
303,1.60e-01,-8.00e-01,
304,1.60e-01,-8.00e-01,
305,1.68e-01,-8.00e-01,
306,1.60e-01,-8.00e-01,
307,1.68e-01,-8.00e-01,
308,1.60e-01,-8.00e-01,
309,1.68e-01,-8.00e-01,
310,1.60e-01,-8.00e-01,
311,1.68e-01,-8.00e-01,
312,1.60e-01,-8.00e-01,
313,1.68e-01,-8.00e-01,
314,1.60e-01,-8.00e-01,
315,1.68e-01,-8.00e-01,
316,1.60e-01,-8.00e-01,
317,1.68e-01,-8.00e-01,
318,1.68e-01,-8.00e-01,
319,1.60e-01,-8.00e-01,
320,1.60e-01,-1.06e-04,
321,1.68e-01,-8.00e-01,
322,1.60e-01,-8.00e-01,
323,1.68e-01,-8.00e-01,
324,1.60e-01,-8.00e-01,
325,1.68e-01,-8.00e-01,
326,1.68e-01,-8.00e-01,
327,1.68e-01,-8.00e-01,
328,1.60e-01,-8.00e-01,
329,1.68e-01,-8.00e-01,
330,1.60e-01,-8.00e-01,
331,1.68e-01,-8.00e-01,
332,1.60e-01,-1.06e-04,
333,1.68e-01,-8.00e-01,
334,1.68e-01,-8.00e-01,
335,1.68e-01,-8.00e-01,
336,1.60e-01,-8.00e-01,
337,1.68e-01,-8.00e-01,
338,1.68e-01,-8.00e-01,
339,1.68e-01,-8.00e-01,
340,1.60e-01,-8.00e-01,
341,1.68e-01,-8.00e-01,
342,1.68e-01,-8.00e-01,
343,1.68e-01,-8.00e-01,
344,1.60e-01,-8.00e-01,
345,1.68e-01,-8.00e-01,
346,1.68e-01,-8.00e-01,
347,1.68e-01,-8.00e-01,
348,1.60e-01,-8.00e-01,
349,1.68e-01,-8.00e-01,
350,1.68e-01,-8.00e-01,
351,1.68e-01,-8.00e-01,
352,1.68e-01,-1.06e-04,
353,1.68e-01,-8.00e-01,
354,1.68e-01,-8.00e-01,
355,1.68e-01,-8.00e-01,
356,1.60e-01,-8.00e-01,
357,1.68e-01,-8.00e-01,
358,1.68e-01,-8.00e-01,
359,1.68e-01,-8.00e-01,
360,1.68e-01,-8.00e-01,
361,1.68e-01,-8.00e-01,
362,1.68e-01,-8.00e-01,
363,1.68e-01,-8.00e-01,
364,1.68e-01,-8.00e-01,
365,1.68e-01,-8.00e-01,
366,1.68e-01,-8.00e-01,
367,1.68e-01,-8.00e-01,
368,1.68e-01,-8.00e-01,
369,1.68e-01,-8.00e-01,
370,1.68e-01,-8.00e-01,
371,1.68e-01,-8.00e-01,
372,1.68e-01,-8.00e-01,
373,1.76e-01,-8.00e-01,
374,1.68e-01,-8.00e-01,
375,1.76e-01,-8.00e-01,
376,1.68e-01,-1.06e-04,
377,1.68e-01,-8.00e-01,
378,1.68e-01,-8.00e-01,
379,1.68e-01,-8.00e-01,
380,1.68e-01,-8.00e-01,
381,1.76e-01,-8.00e-01,
382,1.68e-01,-8.00e-01,
383,1.68e-01,-8.00e-01,
384,1.68e-01,-1.06e-04,
385,1.76e-01,-8.00e-01,
386,1.68e-01,-8.00e-01,
387,1.68e-01,-8.00e-01,
388,1.68e-01,-1.06e-04,
389,1.76e-01,-8.00e-01,
390,1.68e-01,-8.00e-01,
391,1.76e-01,-8.00e-01,
392,1.68e-01,-1.06e-04,
393,1.76e-01,-8.00e-01,
394,1.68e-01,-8.00e-01,
395,1.76e-01,-8.00e-01,
396,1.68e-01,-8.00e-01,
397,1.76e-01,-8.00e-01,
398,1.68e-01,-8.00e-01,
399,1.68e-01,-8.00e-01,
400,1.68e-01,-1.06e-04,
401,1.76e-01,-8.00e-01,
402,1.68e-01,-8.00e-01,
403,1.76e-01,-8.00e-01,
404,1.68e-01,-8.00e-01,
405,1.76e-01,-8.00e-01,
406,1.68e-01,-8.00e-01,
407,1.76e-01,-1.06e-04,
408,1.68e-01,-8.00e-01,
409,1.76e-01,-8.00e-01,
410,1.68e-01,-8.00e-01,
411,1.76e-01,-8.00e-01,
412,1.68e-01,-1.06e-04,
413,1.76e-01,-8.00e-01,
414,1.76e-01,-8.00e-01,
415,1.76e-01,-8.00e-01,
416,1.68e-01,-8.00e-01,
417,1.76e-01,-8.00e-01,
418,1.68e-01,-1.06e-04,
419,1.76e-01,-1.60e+00,
420,1.68e-01,-1.06e-04,
421,1.76e-01,-8.00e-01,
422,1.76e-01,-1.60e+00,
423,1.76e-01,-1.06e-04,
424,1.76e-01,-8.00e-01,
425,1.76e-01,-8.00e-01,
426,1.76e-01,-8.00e-01,
427,1.76e-01,-8.00e-01,
428,1.68e-01,-1.06e-04,
429,1.76e-01,-8.00e-01,
430,1.76e-01,-8.00e-01,
431,1.76e-01,-8.00e-01,
432,1.68e-01,-1.06e-04,
433,1.76e-01,-8.00e-01,
434,1.76e-01,-8.00e-01,
435,1.76e-01,-8.00e-01,
436,1.68e-01,-8.00e-01,
437,1.76e-01,-8.00e-01,
438,1.76e-01,-8.00e-01,
439,1.76e-01,-8.00e-01,
440,1.76e-01,-1.06e-04,
441,1.76e-01,-8.00e-01,
442,1.76e-01,-8.00e-01,
443,1.76e-01,-8.00e-01,
444,1.68e-01,-8.00e-01,
445,1.76e-01,-8.00e-01,
446,1.76e-01,-8.00e-01,
447,1.76e-01,-8.00e-01,
448,1.76e-01,-8.00e-01,
449,1.76e-01,-8.00e-01,
450,1.76e-01,-8.00e-01,
451,1.76e-01,-8.00e-01,
452,1.76e-01,-1.06e-04,
453,1.84e-01,-8.00e-01,
454,1.76e-01,-8.00e-01,
455,1.76e-01,-8.00e-01,
456,1.76e-01,-8.00e-01,
457,1.84e-01,-8.00e-01,
458,1.76e-01,-8.00e-01,
459,1.76e-01,-8.00e-01,
460,1.76e-01,-8.00e-01,
461,1.76e-01,-8.00e-01,
462,1.76e-01,-8.00e-01,
463,1.76e-01,-8.00e-01,
464,1.76e-01,-8.00e-01,
465,1.84e-01,-8.00e-01,
466,1.76e-01,-8.00e-01,
467,1.76e-01,-8.00e-01,
468,1.76e-01,-8.00e-01,
469,1.84e-01,-8.00e-01,
470,1.76e-01,-8.00e-01,
471,1.76e-01,-8.00e-01,
472,1.76e-01,-1.06e-04,
473,1.84e-01,-8.00e-01,
474,1.76e-01,-8.00e-01,
475,1.84e-01,-8.00e-01,
476,1.76e-01,-8.00e-01,
477,1.84e-01,-8.00e-01,
478,1.76e-01,-8.00e-01,
479,1.76e-01,-8.00e-01,
480,1.76e-01,-1.06e-04,
481,1.84e-01,-8.00e-01,
482,1.76e-01,-8.00e-01,
483,1.84e-01,-8.00e-01,
484,1.76e-01,-1.06e-04,
485,1.84e-01,-8.00e-01,
486,1.76e-01,-8.00e-01,
487,1.84e-01,-8.00e-01,
488,1.76e-01,-8.00e-01,
489,1.84e-01,-8.00e-01,
490,1.76e-01,-8.00e-01,
491,1.84e-01,-8.00e-01,
492,1.76e-01,-8.00e-01,
493,1.84e-01,-8.00e-01,
494,1.76e-01,-8.00e-01,
495,1.76e-01,-8.00e-01,
496,1.76e-01,-8.00e-01,
497,1.84e-01,-8.00e-01,
498,1.76e-01,-8.00e-01,
499,1.84e-01,-8.00e-01,
500,1.76e-01,-8.00e-01,
501,1.84e-01,-8.00e-01,
502,1.84e-01,-8.00e-01,
503,1.84e-01,-8.00e-01,
504,1.76e-01,-8.00e-01,
505,1.84e-01,-8.00e-01,
506,1.76e-01,-8.00e-01,
507,1.84e-01,-8.00e-01,
508,1.76e-01,-8.00e-01,
509,1.84e-01,-8.00e-01,
510,1.84e-01,-8.00e-01,
511,1.84e-01,-8.00e-01,
512,1.76e-01,-1.06e-04,
513,1.84e-01,-8.00e-01,
514,1.76e-01,-8.00e-01,
515,1.84e-01,-8.00e-01,
516,1.76e-01,-8.00e-01,
517,1.84e-01,-8.00e-01,
518,1.84e-01,-8.00e-01,
519,1.84e-01,-8.00e-01,
520,1.76e-01,-8.00e-01,
521,1.84e-01,-8.00e-01,
522,1.76e-01,-8.00e-01,
523,1.84e-01,-8.00e-01,
524,1.76e-01,-8.00e-01,
525,1.84e-01,-8.00e-01,
526,1.84e-01,-8.00e-01,
527,1.84e-01,-8.00e-01,
528,1.84e-01,-1.06e-04,
529,1.84e-01,-8.00e-01,
530,1.84e-01,-8.00e-01,
531,1.84e-01,-8.00e-01,
532,1.76e-01,-8.00e-01,
533,1.84e-01,-8.00e-01,
534,1.84e-01,-8.00e-01,
535,1.84e-01,-8.00e-01,
536,1.84e-01,-1.06e-04,
537,1.84e-01,-8.00e-01,
538,1.84e-01,-8.00e-01,
539,1.84e-01,-8.00e-01,
540,1.84e-01,-8.00e-01,
541,1.84e-01,-8.00e-01,
542,1.84e-01,-8.00e-01,
543,1.84e-01,-8.00e-01,
544,1.84e-01,-8.00e-01,
545,1.92e-01,-8.00e-01,
546,1.84e-01,-8.00e-01,
547,1.84e-01,-8.00e-01,
548,1.84e-01,-8.00e-01,
549,1.84e-01,-8.00e-01,
550,1.84e-01,-8.00e-01,
551,1.84e-01,-8.00e-01,
552,1.84e-01,-8.00e-01,
553,1.92e-01,-8.00e-01,
554,1.84e-01,-8.00e-01,
555,1.84e-01,-8.00e-01,
556,1.84e-01,-1.06e-04,
557,1.92e-01,-8.00e-01,
558,1.84e-01,-8.00e-01,
559,1.84e-01,-8.00e-01,
560,1.84e-01,-8.00e-01,
561,1.92e-01,-8.00e-01,
562,1.84e-01,-8.00e-01,
563,1.84e-01,-8.00e-01,
564,1.84e-01,-1.06e-04,
565,1.92e-01,-8.00e-01,
566,1.84e-01,-8.00e-01,
567,1.84e-01,-8.00e-01,
568,1.84e-01,-8.00e-01,
569,1.92e-01,-8.00e-01,
570,1.84e-01,-8.00e-01,
571,1.84e-01,-8.00e-01,
572,1.84e-01,-8.00e-01,
573,1.92e-01,-8.00e-01,
574,1.92e-01,-8.00e-01,
575,1.92e-01,-8.00e-01,
576,1.84e-01,-8.00e-01,
577,1.92e-01,-8.00e-01,
578,1.84e-01,-8.00e-01,
579,1.92e-01,-8.00e-01,
580,1.84e-01,-1.06e-04,
581,1.92e-01,-8.00e-01,
582,1.84e-01,-8.00e-01,
583,1.84e-01,-8.00e-01,
584,1.84e-01,-8.00e-01,
585,1.92e-01,-8.00e-01,
586,1.84e-01,-8.00e-01,
587,1.84e-01,-8.00e-01,
588,1.84e-01,-8.00e-01,
589,1.92e-01,-8.00e-01,
590,1.92e-01,-8.00e-01,
591,1.84e-01,-8.00e-01,
592,1.84e-01,-1.06e-04,
593,1.92e-01,-8.00e-01,
594,1.84e-01,-8.00e-01,
595,1.92e-01,-8.00e-01,
596,1.84e-01,-8.00e-01,
597,1.92e-01,-8.00e-01,
598,1.92e-01,-8.00e-01,
599,1.92e-01,-8.00e-01,
600,1.84e-01,-1.06e-04,
601,1.92e-01,-8.00e-01,
602,1.92e-01,-8.00e-01,
603,1.92e-01,-8.00e-01,
604,1.92e-01,-1.06e-04,
605,1.92e-01,-8.00e-01,
606,1.92e-01,-8.00e-01,
607,1.92e-01,-8.00e-01,
608,1.84e-01,-8.00e-01,
609,1.92e-01,-8.00e-01,
610,1.84e-01,-8.00e-01,
611,1.92e-01,-8.00e-01,
612,1.84e-01,-1.06e-04,
613,1.92e-01,-8.00e-01,
614,1.92e-01,-8.00e-01,
615,1.92e-01,-8.00e-01,
616,1.92e-01,-8.00e-01,
617,1.92e-01,-8.00e-01,
618,1.92e-01,-1.06e-04,
619,1.92e-01,-8.00e-01,
620,1.84e-01,-1.06e-04,
621,1.92e-01,-8.00e-01,
622,1.92e-01,-8.00e-01,
623,1.92e-01,-1.06e-04,
624,1.92e-01,-8.00e-01,
625,1.92e-01,-8.00e-01,
626,1.92e-01,-8.00e-01,
627,1.92e-01,-8.00e-01,
628,1.92e-01,-1.06e-04,
629,1.92e-01,-8.00e-01,
630,1.92e-01,-8.00e-01,
631,1.92e-01,-8.00e-01,
632,1.92e-01,-1.06e-04,
633,1.92e-01,-8.00e-01,
634,1.92e-01,-8.00e-01,
635,1.92e-01,-8.00e-01,
636,1.92e-01,-8.00e-01,
637,1.92e-01,-8.00e-01,
638,1.92e-01,-8.00e-01,
639,1.92e-01,-8.00e-01,
640,1.92e-01,-1.06e-04,
641,1.92e-01,-8.00e-01,
642,1.92e-01,-8.00e-01,
643,1.92e-01,-8.00e-01,
644,1.92e-01,-1.06e-04,
645,2.00e-01,-8.00e-01,
646,1.92e-01,-8.00e-01,
647,1.92e-01,-8.00e-01,
648,1.92e-01,-1.06e-04,
649,1.92e-01,-8.00e-01,
650,1.92e-01,-8.00e-01,
651,1.92e-01,-8.00e-01,
652,1.92e-01,-8.00e-01,
653,2.00e-01,-8.00e-01,
654,1.92e-01,-8.00e-01,
655,1.92e-01,-8.00e-01,
656,1.92e-01,-1.06e-04,
657,2.00e-01,-8.00e-01,
658,1.92e-01,-8.00e-01,
659,2.00e-01,-8.00e-01,
660,1.92e-01,-1.06e-04,
661,2.00e-01,-8.00e-01,
662,1.92e-01,-8.00e-01,
663,1.92e-01,-8.00e-01,
664,1.92e-01,-1.06e-04,
665,2.00e-01,-8.00e-01,
666,1.92e-01,-8.00e-01,
667,2.00e-01,-8.00e-01,
668,1.92e-01,-1.06e-04,
669,2.00e-01,-8.00e-01,
670,1.92e-01,-8.00e-01,
671,1.92e-01,-8.00e-01,
672,1.92e-01,-1.06e-04,
673,2.00e-01,-8.00e-01,
674,1.92e-01,-8.00e-01,
675,2.00e-01,-8.00e-01,
676,1.92e-01,-1.06e-04,
677,2.00e-01,-8.00e-01,
678,1.92e-01,-8.00e-01,
679,2.00e-01,-8.00e-01,
680,1.92e-01,-1.06e-04,
681,2.00e-01,-8.00e-01,
682,1.92e-01,-8.00e-01,
683,2.00e-01,-8.00e-01,
684,1.92e-01,-1.06e-04,
685,2.00e-01,-8.00e-01,
686,2.00e-01,-8.00e-01,
687,2.00e-01,-8.00e-01,
688,1.92e-01,-1.06e-04,
689,2.00e-01,-8.00e-01,
690,1.92e-01,-8.00e-01,
691,2.00e-01,-8.00e-01,
692,1.92e-01,-8.00e-01,
693,2.00e-01,-8.00e-01,
694,2.00e-01,-8.00e-01,
695,2.00e-01,-8.00e-01,
696,1.92e-01,-1.06e-04,
697,2.00e-01,-8.00e-01,
698,2.00e-01,-8.00e-01,
699,2.00e-01,-1.06e-04,
700,2.00e-01,-8.00e-01,
701,2.00e-01,-8.00e-01,
702,2.00e-01,-8.00e-01,
703,2.00e-01,-8.00e-01,
704,1.92e-01,-1.06e-04,
705,2.00e-01,-8.00e-01,
706,2.00e-01,-8.00e-01,
707,2.00e-01,-8.00e-01,
708,2.00e-01,-8.00e-01,
709,2.00e-01,-8.00e-01,
710,2.00e-01,-8.00e-01,
711,2.00e-01,-8.00e-01,
712,2.00e-01,-1.06e-04,
713,2.08e-01,-8.00e-01,
714,2.00e-01,-8.00e-01,
715,2.00e-01,-8.00e-01,
716,2.00e-01,-8.00e-01,
717,2.00e-01,-8.00e-01,
718,2.00e-01,-8.00e-01,
719,2.00e-01,-8.00e-01,
720,2.00e-01,-8.00e-01,
721,2.08e-01,-8.00e-01,
722,2.00e-01,-8.00e-01,
723,2.00e-01,-8.00e-01,
724,2.00e-01,-1.06e-04,
725,2.08e-01,-8.00e-01,
726,2.00e-01,-8.00e-01,
727,2.00e-01,-1.06e-04,
728,2.00e-01,-8.00e-01,
729,2.08e-01,-8.00e-01,
730,2.00e-01,-8.00e-01,
731,2.00e-01,-8.00e-01,
732,2.00e-01,-1.06e-04,
733,2.08e-01,-8.00e-01,
734,2.00e-01,-8.00e-01,
735,2.00e-01,-8.00e-01,
736,2.00e-01,-8.00e-01,
737,2.08e-01,-8.00e-01,
738,2.00e-01,-8.00e-01,
739,2.00e-01,-8.00e-01,
740,2.00e-01,-1.06e-04,
741,2.08e-01,-8.00e-01,
742,2.00e-01,-8.00e-01,
743,2.00e-01,-8.00e-01,
744,2.00e-01,-8.00e-01,
745,2.08e-01,-8.00e-01,
746,2.00e-01,-8.00e-01,
747,2.08e-01,-1.06e-04,
748,2.00e-01,-8.00e-01,
749,2.08e-01,-8.00e-01,
750,2.00e-01,-8.00e-01,
751,2.00e-01,-8.00e-01,
752,2.00e-01,-1.06e-04,
753,2.08e-01,-8.00e-01,
754,2.00e-01,-8.00e-01,
755,2.00e-01,-8.00e-01,
756,2.00e-01,-1.06e-04,
757,2.08e-01,-8.00e-01,
758,2.00e-01,-8.00e-01,
759,2.00e-01,-8.00e-01,
760,2.00e-01,-1.06e-04,
761,2.08e-01,-8.00e-01,
762,2.00e-01,-8.00e-01,
763,2.00e-01,-8.00e-01,
764,2.00e-01,-1.06e-04,
765,2.08e-01,-8.00e-01,
766,2.00e-01,-8.00e-01,
767,2.08e-01,-1.06e-04,
768,2.00e-01,-1.06e-04,
769,2.08e-01,-8.00e-01,
770,2.00e-01,-8.00e-01,
771,2.00e-01,-8.00e-01,
772,2.00e-01,-8.00e-01,
773,2.08e-01,-8.00e-01,
774,2.08e-01,-8.00e-01,
775,2.08e-01,-8.00e-01,
776,2.00e-01,-8.00e-01,
777,2.08e-01,-8.00e-01,
778,2.00e-01,-8.00e-01,
779,2.08e-01,-8.00e-01,
780,2.00e-01,-1.06e-04,
781,2.08e-01,-8.00e-01,
782,2.08e-01,-8.00e-01,
783,2.08e-01,-8.00e-01,
784,2.00e-01,-1.06e-04,
785,2.08e-01,-8.00e-01,
786,2.08e-01,-8.00e-01,
787,2.08e-01,-8.00e-01,
788,2.00e-01,-8.00e-01,
789,2.08e-01,-8.00e-01,
790,2.08e-01,-8.00e-01,
791,2.08e-01,-8.00e-01,
792,2.00e-01,-1.06e-04,
793,2.08e-01,-8.00e-01,
794,2.08e-01,-8.00e-01,
795,2.08e-01,-8.00e-01,
796,2.00e-01,-8.00e-01,
797,2.08e-01,-8.00e-01,
798,2.08e-01,-8.00e-01,
799,2.08e-01,-8.00e-01,
800,2.00e-01,-1.06e-04,
801,2.08e-01,-8.00e-01,
802,2.08e-01,-8.00e-01,
803,2.08e-01,-8.00e-01,
804,2.08e-01,-1.06e-04,
805,2.16e-01,-8.00e-01,
806,2.08e-01,-8.00e-01,
807,2.08e-01,-1.06e-04,
808,2.08e-01,-1.06e-04,
809,2.16e-01,-8.00e-01,
810,2.08e-01,-8.00e-01,
811,2.08e-01,-8.00e-01,
812,2.08e-01,-1.06e-04,
813,2.16e-01,-8.00e-01,
814,2.08e-01,-8.00e-01,
815,2.08e-01,-1.06e-04,
816,2.08e-01,-8.00e-01,
817,2.08e-01,-8.00e-01,
818,2.08e-01,-1.06e-04,
819,2.16e-01,-8.00e-01,
820,2.00e-01,-1.06e-04,
821,2.16e-01,-8.00e-01,
822,2.08e-01,-8.00e-01,
823,2.08e-01,-1.06e-04,
824,2.08e-01,-8.00e-01,
825,2.16e-01,-8.00e-01,
826,2.08e-01,-8.00e-01,
827,2.08e-01,-8.00e-01,
828,2.08e-01,-1.06e-04,
829,2.16e-01,-8.00e-01,
830,2.08e-01,-8.00e-01,
831,2.08e-01,-8.00e-01,
832,2.08e-01,-1.06e-04,
833,2.16e-01,-8.00e-01,
834,2.08e-01,-8.00e-01,
835,2.08e-01,-8.00e-01,
836,2.08e-01,-8.00e-01,
837,2.16e-01,-8.00e-01,
838,2.08e-01,-8.00e-01,
839,2.16e-01,-8.00e-01,
840,2.08e-01,-1.06e-04,
841,2.16e-01,-8.00e-01,
842,2.08e-01,-8.00e-01,
843,2.16e-01,-8.00e-01,
844,2.08e-01,-1.06e-04,
845,2.16e-01,-8.00e-01,
846,2.08e-01,-8.00e-01,
847,2.16e-01,-1.06e-04,
848,2.08e-01,-8.00e-01,
849,2.16e-01,-8.00e-01,
850,2.08e-01,-8.00e-01,
851,2.16e-01,-8.00e-01,
852,2.08e-01,-1.06e-04,
853,2.16e-01,-8.00e-01,
854,2.16e-01,-8.00e-01,
855,2.16e-01,-8.00e-01,
856,2.08e-01,-1.06e-04,
857,2.16e-01,-8.00e-01,
858,2.08e-01,-8.00e-01,
859,2.16e-01,-8.00e-01,
860,2.08e-01,-8.00e-01,
861,2.16e-01,-8.00e-01,
862,2.16e-01,-8.00e-01,
863,2.16e-01,-8.00e-01,
864,2.08e-01,-1.06e-04,
865,2.16e-01,-8.00e-01,
866,2.08e-01,-8.00e-01,
867,2.16e-01,-8.00e-01,
868,2.08e-01,-8.00e-01,
869,2.16e-01,-8.00e-01,
870,2.16e-01,-8.00e-01,
871,2.16e-01,-8.00e-01,
872,2.08e-01,-1.06e-04,
873,2.16e-01,-8.00e-01,
874,2.08e-01,-8.00e-01,
875,2.16e-01,-8.00e-01,
876,2.08e-01,-1.06e-04,
877,2.16e-01,-8.00e-01,
878,2.16e-01,-8.00e-01,
879,2.16e-01,-8.00e-01,
880,2.08e-01,-8.00e-01,
881,2.16e-01,-8.00e-01,
882,2.16e-01,-8.00e-01,
883,2.16e-01,-8.00e-01,
884,2.08e-01,-1.06e-04,
885,2.16e-01,-8.00e-01,
886,2.16e-01,-8.00e-01,
887,2.16e-01,-1.06e-04,
888,2.08e-01,-1.06e-04,
889,2.16e-01,-8.00e-01,
890,2.16e-01,-8.00e-01,
891,2.16e-01,-8.00e-01,
892,2.16e-01,-1.06e-04,
893,2.16e-01,-8.00e-01,
894,2.16e-01,-8.00e-01,
895,2.16e-01,-8.00e-01,
896,2.16e-01,-1.06e-04,
897,2.16e-01,-8.00e-01,
898,2.16e-01,-8.00e-01,
899,2.16e-01,-8.00e-01,
900,2.16e-01,-1.06e-04,
901,2.24e-01,-8.00e-01,
902,2.16e-01,-8.00e-01,
903,2.16e-01,-1.06e-04,
904,2.16e-01,-1.06e-04,
905,2.24e-01,-8.00e-01,
906,2.16e-01,-8.00e-01,
907,2.16e-01,-1.06e-04,
908,2.16e-01,-1.06e-04,
909,2.24e-01,-8.00e-01,
910,2.16e-01,-8.00e-01,
911,2.16e-01,-8.00e-01,
912,2.16e-01,-1.06e-04,
913,2.16e-01,-8.00e-01,
914,2.16e-01,-8.00e-01,
915,2.16e-01,-8.00e-01,
916,2.16e-01,-1.06e-04,
917,2.24e-01,-8.00e-01,
918,2.16e-01,-8.00e-01,
919,2.16e-01,-8.00e-01,
920,2.16e-01,-1.06e-04,
921,2.24e-01,-8.00e-01,
922,2.16e-01,-8.00e-01,
923,2.16e-01,-8.00e-01,
924,2.16e-01,-1.06e-04,
925,2.16e-01,-8.00e-01,
926,2.08e-01,-8.00e-01,
927,1.92e-01,-8.00e-01,
928,1.60e-01,-8.00e-01,
929,1.52e-01,-8.00e-01,
930,1.28e-01,-8.00e-01,
931,1.28e-01,-8.00e-01,
932,1.28e-01,-8.00e-01,
933,1.44e-01,-8.00e-01,
934,1.60e-01,-8.00e-01,
935,1.76e-01,-8.00e-01,
936,1.84e-01,-1.06e-04,
937,1.92e-01,-8.00e-01,
938,1.92e-01,-8.00e-01,
939,2.00e-01,-8.00e-01,
940,1.92e-01,-1.06e-04,
941,2.00e-01,-8.00e-01,
942,2.00e-01,-8.00e-01,
943,2.00e-01,-8.00e-01,
944,2.00e-01,-1.06e-04,
945,2.08e-01,-8.00e-01,
946,2.00e-01,-8.00e-01,
947,2.00e-01,-1.06e-04,
948,2.00e-01,-8.00e-01,
949,2.00e-01,-8.00e-01,
950,2.00e-01,-8.00e-01,
951,2.00e-01,-8.00e-01,
952,2.00e-01,-8.00e-01,
953,2.08e-01,-8.00e-01,
954,2.00e-01,-8.00e-01,
955,2.08e-01,-8.00e-01,
956,2.00e-01,-8.00e-01,
957,2.08e-01,-8.00e-01,
958,2.08e-01,-8.00e-01,
959,2.08e-01,-1.06e-04,
960,2.08e-01,-1.06e-04,
961,2.08e-01,-8.00e-01,
962,2.00e-01,-8.00e-01,
963,2.08e-01,-8.00e-01,
964,2.00e-01,-1.06e-04,
965,2.08e-01,-8.00e-01,
966,2.08e-01,-8.00e-01,
967,2.08e-01,-1.06e-04,
968,2.08e-01,-1.06e-04,
969,2.16e-01,-8.00e-01,
970,2.08e-01,-8.00e-01,
971,2.16e-01,-8.00e-01,
972,2.08e-01,-1.06e-04,
973,2.16e-01,-8.00e-01,
974,2.08e-01,-8.00e-01,
975,2.16e-01,-1.06e-04,
976,2.08e-01,-1.06e-04,
977,2.16e-01,-8.00e-01,
978,2.08e-01,-8.00e-01,
979,2.16e-01,-8.00e-01,
980,2.08e-01,-1.06e-04,
981,2.16e-01,-8.00e-01,
982,2.08e-01,-8.00e-01,
983,2.08e-01,-8.00e-01,
984,2.08e-01,-1.06e-04,
985,2.16e-01,-8.00e-01,
986,2.16e-01,-8.00e-01,
987,2.16e-01,-1.06e-04,
988,2.16e-01,-1.06e-04,
989,2.24e-01,-8.00e-01,
990,2.16e-01,-8.00e-01,
991,2.16e-01,-8.00e-01,
992,2.08e-01,-1.06e-04,
993,2.16e-01,-8.00e-01,
994,2.16e-01,-8.00e-01,
995,2.16e-01,-8.00e-01,
996,2.08e-01,-8.00e-01,
997,2.16e-01,-8.00e-01,
998,2.16e-01,-8.00e-01,
999,2.16e-01,-8.00e-01,
1000,2.16e-01,-1.06e-04,
1001,2.24e-01,-8.00e-01,
1002,2.16e-01,-8.00e-01,
1003,2.16e-01,-8.00e-01,
1004,2.16e-01,-1.06e-04,
1005,2.24e-01,-8.00e-01,
1006,2.16e-01,-8.00e-01,
1007,2.16e-01,-1.06e-04,
1008,2.16e-01,-1.06e-04,
1009,2.24e-01,-8.00e-01,
1010,2.16e-01,-8.00e-01,
1011,2.16e-01,-8.00e-01,
1012,2.16e-01,-1.06e-04,
1013,2.24e-01,-8.00e-01,
1014,2.16e-01,-8.00e-01,
1015,2.16e-01,-1.06e-04,
1016,2.16e-01,-1.06e-04,
1017,2.24e-01,-8.00e-01,
1018,2.16e-01,-1.06e-04,
1019,2.24e-01,-8.00e-01,
1020,2.16e-01,-1.06e-04,
1021,2.24e-01,-8.00e-01,
1022,2.16e-01,-8.00e-01,
1023,2.24e-01,-1.06e-04,
1024,2.16e-01,-8.00e-01,
1025,2.24e-01,-8.00e-01,
1026,2.16e-01,-8.00e-01,
1027,2.24e-01,-1.06e-04,
1028,2.16e-01,-1.06e-04,
1029,2.24e-01,-8.00e-01,
1030,2.24e-01,-8.00e-01,
1031,2.24e-01,-8.00e-01,
1032,2.16e-01,-1.06e-04,
1033,2.24e-01,-8.00e-01,
1034,2.24e-01,-8.00e-01,
1035,2.24e-01,-1.06e-04,
1036,2.16e-01,-8.00e-01,
1037,2.24e-01,-8.00e-01,
1038,2.24e-01,-8.00e-01,
1039,2.24e-01,-1.06e-04,
1040,2.16e-01,-1.06e-04,
1041,2.24e-01,-8.00e-01,
1042,2.16e-01,-8.00e-01,
1043,2.24e-01,-1.06e-04,
1044,2.16e-01,-1.06e-04,
1045,2.24e-01,-8.00e-01,
1046,2.24e-01,-1.06e-04,
1047,2.24e-01,-1.06e-04,
1048,2.16e-01,-1.06e-04,
1049,2.24e-01,-1.06e-04,
1050,2.16e-01,-1.06e-04,
1051,2.24e-01,8.00e-01,
1052,2.16e-01,8.00e-01,
1053,2.24e-01,-1.06e-04,
1054,2.16e-01,8.00e-01,
1055,2.24e-01,8.00e-01,
1056,2.16e-01,8.00e-01,
1057,2.24e-01,8.00e-01,
1058,2.24e-01,8.00e-01,
1059,2.24e-01,1.60e+00,
1060,2.16e-01,1.60e+00,
1061,2.24e-01,1.60e+00,
1062,2.24e-01,1.60e+00,
1063,2.24e-01,1.60e+00,
1064,2.16e-01,3.20e+00,
1065,2.24e-01,1.60e+00,
1066,2.24e-01,1.60e+00,
1067,2.24e-01,3.20e+00,
1068,2.16e-01,3.20e+00,
1069,2.24e-01,3.20e+00,
1070,2.24e-01,3.20e+00,
1071,2.24e-01,3.20e+00,
1072,2.16e-01,4.00e+00,
1073,2.24e-01,3.20e+00,
1074,2.16e-01,3.20e+00,
1075,2.24e-01,4.00e+00,
1076,2.16e-01,4.00e+00,
1077,2.24e-01,4.00e+00,
1078,2.24e-01,4.00e+00,
1079,2.24e-01,4.80e+00,
1080,2.16e-01,4.80e+00,
1081,2.32e-01,4.80e+00,
1082,2.24e-01,4.80e+00,
1083,2.24e-01,5.60e+00,
1084,2.16e-01,5.60e+00,
1085,2.24e-01,5.60e+00,
1086,2.16e-01,5.60e+00,
1087,2.24e-01,5.60e+00,
1088,2.16e-01,6.40e+00,
1089,2.24e-01,6.40e+00,
1090,2.16e-01,6.40e+00,
1091,2.24e-01,7.20e+00,
1092,2.16e-01,7.20e+00,
1093,2.24e-01,7.20e+00,
1094,2.16e-01,8.00e+00,
1095,2.16e-01,8.80e+00,
1096,2.08e-01,9.60e+00,
1097,2.16e-01,9.60e+00,
1098,2.08e-01,1.04e+01,
1099,2.08e-01,1.20e+01,
1100,2.00e-01,1.28e+01,
1101,2.00e-01,1.36e+01,
1102,1.92e-01,1.52e+01,
1103,1.92e-01,1.76e+01,
1104,1.84e-01,2.00e+01,
1105,1.76e-01,2.16e+01,
1106,1.68e-01,2.40e+01,
1107,1.68e-01,2.72e+01,
1108,1.52e-01,3.04e+01,
1109,1.44e-01,3.44e+01,
1110,1.20e-01,3.84e+01,
1111,1.04e-01,4.24e+01,
1112,5.60e-02,4.72e+01,
1113,2.40e-02,5.12e+01,
1114,-1.60e-02,5.52e+01,
1115,-4.80e-02,5.92e+01,
1116,-8.80e-02,6.40e+01,
1117,-1.28e-01,6.80e+01,
1118,-1.76e-01,7.20e+01,
1119,-2.16e-01,7.60e+01,
1120,-2.56e-01,8.00e+01,
1121,-2.96e-01,8.32e+01,
1122,-3.28e-01,8.64e+01,
1123,-3.60e-01,8.88e+01,
1124,-4.00e-01,9.28e+01,
1125,-4.32e-01,9.52e+01,
1126,-4.56e-01,9.68e+01,
1127,-4.88e-01,9.84e+01,
1128,-5.04e-01,9.92e+01,
1129,-5.20e-01,9.92e+01,
1130,-5.20e-01,9.84e+01,
1131,-5.20e-01,9.68e+01,
1132,-5.04e-01,9.44e+01,
1133,-4.88e-01,9.12e+01,
1134,-4.64e-01,8.48e+01,
1135,-4.32e-01,7.92e+01,
1136,-4.00e-01,7.12e+01,
1137,-3.60e-01,6.40e+01,
1138,-3.20e-01,5.52e+01,
1139,-2.80e-01,4.80e+01,
1140,-2.32e-01,4.00e+01,
1141,-1.92e-01,3.36e+01,
1142,-1.36e-01,2.72e+01,
1143,-1.04e-01,2.24e+01,
1144,-6.40e-02,1.84e+01,
1145,-2.40e-02,1.36e+01,
1146,8.00e-03,1.12e+01,
1147,4.00e-02,9.60e+00,
1148,6.40e-02,7.20e+00,
1149,9.60e-02,5.60e+00,
1150,1.12e-01,4.80e+00,
1151,1.28e-01,4.00e+00,
1152,1.44e-01,3.20e+00,
1153,1.60e-01,1.60e+00,
1154,1.68e-01,8.00e-01,
1155,1.76e-01,1.60e+00,
1156,1.84e-01,8.00e-01,
1157,2.00e-01,8.00e-01,
1158,2.00e-01,-1.06e-04,
1159,2.08e-01,8.00e-01,
1160,2.08e-01,8.00e-01,
1161,2.16e-01,8.00e-01,
1162,2.16e-01,8.00e-01,
1163,2.24e-01,1.60e+00,
1164,2.24e-01,3.20e+00,
1165,2.24e-01,3.20e+00,
1166,2.24e-01,3.20e+00,
1167,2.24e-01,4.80e+00,
1168,2.16e-01,5.60e+00,
1169,2.16e-01,6.40e+00,
1170,2.00e-01,8.00e+00,
1171,1.92e-01,9.60e+00,
1172,1.68e-01,1.20e+01,
1173,1.60e-01,1.44e+01,
1174,1.28e-01,1.84e+01,
1175,1.04e-01,2.24e+01,
1176,5.60e-02,2.64e+01,
1177,2.40e-02,3.20e+01,
1178,-1.60e-02,3.76e+01,
1179,-5.60e-02,4.32e+01,
1180,-9.60e-02,5.04e+01,
1181,-1.52e-01,5.60e+01,
1182,-1.92e-01,6.24e+01,
1183,-2.32e-01,6.72e+01,
1184,-2.64e-01,7.20e+01,
1185,-3.04e-01,7.68e+01,
1186,-3.28e-01,7.92e+01,
1187,-3.44e-01,8.08e+01,
1188,-3.60e-01,8.16e+01,
1189,-3.84e-01,8.08e+01,
1190,-3.76e-01,7.84e+01,
1191,-3.76e-01,7.60e+01,
1192,-3.52e-01,7.12e+01,
1193,-3.36e-01,6.64e+01,
1194,-3.12e-01,6.16e+01,
1195,-2.80e-01,5.52e+01,
1196,-2.48e-01,4.96e+01,
1197,-2.16e-01,4.32e+01,
1198,-1.84e-01,3.76e+01,
1199,-1.52e-01,3.28e+01,
1200,-1.12e-01,2.80e+01,
1201,-8.00e-02,2.32e+01,
1202,-4.80e-02,2.00e+01,
1203,-1.60e-02,1.60e+01,
1204,8.00e-03,1.36e+01,
1205,4.00e-02,1.12e+01,
1206,5.60e-02,9.60e+00,
1207,8.80e-02,8.80e+00,
1208,1.04e-01,8.00e+00,
1209,1.20e-01,6.40e+00,
1210,1.28e-01,5.60e+00,
1211,1.44e-01,4.80e+00,
1212,1.52e-01,4.80e+00,
1213,1.68e-01,4.00e+00,
1214,1.68e-01,4.00e+00,
1215,1.84e-01,4.00e+00,
1216,1.84e-01,4.00e+00,
1217,1.92e-01,4.00e+00,
1218,1.92e-01,4.80e+00,
1219,2.00e-01,4.00e+00,
1220,1.92e-01,5.60e+00,
1221,2.00e-01,5.60e+00,
1222,2.00e-01,5.60e+00,
1223,1.92e-01,7.20e+00,
1224,1.84e-01,8.00e+00,
1225,1.84e-01,8.80e+00,
1226,1.76e-01,1.04e+01,
1227,1.68e-01,1.20e+01,
1228,1.44e-01,1.44e+01,
1229,1.36e-01,1.60e+01,
1230,1.12e-01,1.92e+01,
1231,8.80e-02,2.24e+01,
1232,5.60e-02,2.64e+01,
1233,3.20e-02,2.96e+01,
1234,-8.00e-03,3.52e+01,
1235,-3.20e-02,4.00e+01,
1236,-7.20e-02,4.40e+01,
1237,-1.04e-01,4.96e+01,
1238,-1.36e-01,5.36e+01,
1239,-1.76e-01,5.76e+01,
1240,-2.00e-01,6.24e+01,
1241,-2.32e-01,6.56e+01,
1242,-2.56e-01,6.72e+01,
1243,-2.72e-01,6.88e+01,
1244,-2.88e-01,6.96e+01,
1245,-2.96e-01,6.96e+01,
1246,-2.96e-01,6.80e+01,
1247,-2.96e-01,6.64e+01,
1248,-2.88e-01,6.40e+01,
1249,-2.72e-01,6.00e+01,
1250,-2.56e-01,5.60e+01,
1251,-2.40e-01,5.20e+01,
1252,-2.16e-01,4.80e+01,
1253,-1.92e-01,4.32e+01,
1254,-1.68e-01,3.84e+01,
1255,-1.28e-01,3.44e+01,
1256,-1.04e-01,3.04e+01,
1257,-7.20e-02,2.64e+01,
1258,-4.80e-02,2.32e+01,
1259,-2.40e-02,2.08e+01,
1260,0.00e+00,1.84e+01,
1261,2.40e-02,1.52e+01,
1262,4.00e-02,1.36e+01,
1263,5.60e-02,1.20e+01,
1264,8.00e-02,1.12e+01,
1265,1.04e-01,9.60e+00,
1266,1.12e-01,8.80e+00,
1267,1.20e-01,8.00e+00,
1268,1.28e-01,8.00e+00,
1269,1.44e-01,7.20e+00,
1270,1.44e-01,6.40e+00,
1271,1.52e-01,7.20e+00,
1272,1.60e-01,7.20e+00,
1273,1.68e-01,6.40e+00,
1274,1.68e-01,7.20e+00,
1275,1.68e-01,7.20e+00,
1276,1.68e-01,8.00e+00,
1277,1.68e-01,8.80e+00,
1278,1.68e-01,8.80e+00,
1279,1.60e-01,1.04e+01,
1280,1.52e-01,1.12e+01,
1281,1.52e-01,1.20e+01,
1282,1.36e-01,1.36e+01,
1283,1.28e-01,1.60e+01,
1284,1.12e-01,1.84e+01,
1285,1.04e-01,2.08e+01,
1286,8.00e-02,2.32e+01,
1287,4.80e-02,2.64e+01,
1288,2.40e-02,2.96e+01,
1289,8.00e-03,3.36e+01,
1290,-2.40e-02,3.68e+01,
1291,-4.80e-02,4.08e+01,
1292,-8.00e-02,4.40e+01,
1293,-1.04e-01,4.80e+01,
1294,-1.28e-01,5.12e+01,
1295,-1.60e-01,5.44e+01,
1296,-1.84e-01,5.68e+01,
1297,-2.00e-01,5.84e+01,
1298,-2.16e-01,6.00e+01,
1299,-2.24e-01,6.00e+01,
1300,-2.32e-01,6.16e+01,
1301,-2.40e-01,6.00e+01,
1302,-2.40e-01,5.84e+01,
1303,-2.40e-01,5.68e+01,
1304,-2.32e-01,5.52e+01,
1305,-2.16e-01,5.20e+01,
1306,-2.08e-01,4.88e+01,
1307,-1.84e-01,4.56e+01,
1308,-1.68e-01,4.24e+01,
1309,-1.36e-01,3.84e+01,
1310,-1.20e-01,3.52e+01,
1311,-9.60e-02,3.20e+01,
1312,-7.20e-02,2.88e+01,
1313,-5.60e-02,2.56e+01,
1314,-3.20e-02,2.32e+01,
1315,-1.60e-02,2.08e+01,
1316,8.00e-03,1.92e+01,
1317,2.40e-02,1.76e+01,
1318,4.00e-02,1.52e+01,
1319,5.60e-02,1.36e+01,
1320,6.40e-02,1.28e+01,
1321,9.60e-02,1.20e+01,
1322,9.60e-02,1.12e+01,
1323,1.12e-01,1.04e+01,
1324,1.12e-01,1.04e+01,
1325,1.28e-01,9.60e+00,
1326,1.28e-01,9.60e+00,
1327,1.36e-01,9.60e+00,
1328,1.36e-01,1.04e+01,
1329,1.44e-01,9.60e+00,
1330,1.44e-01,1.04e+01,
1331,1.44e-01,1.12e+01,
1332,1.36e-01,1.20e+01,
1333,1.44e-01,1.20e+01,
1334,1.36e-01,1.28e+01,
1335,1.28e-01,1.44e+01,
1336,1.20e-01,1.60e+01,
1337,1.12e-01,1.76e+01,
1338,9.60e-02,1.92e+01,
1339,8.80e-02,2.16e+01,
1340,6.40e-02,2.32e+01,
1341,4.80e-02,2.56e+01,
1342,3.20e-02,2.80e+01,
1343,8.00e-03,3.04e+01,
1344,-8.00e-03,3.44e+01,
1345,-3.20e-02,3.68e+01,
1346,-5.60e-02,3.92e+01,
1347,-7.20e-02,4.24e+01,
1348,-9.60e-02,4.48e+01,
1349,-1.12e-01,4.80e+01,
1350,-1.28e-01,4.96e+01,
1351,-1.60e-01,5.20e+01,
1352,-1.68e-01,5.28e+01,
1353,-1.76e-01,5.36e+01,
1354,-1.92e-01,5.44e+01,
1355,-1.92e-01,5.44e+01,
1356,-1.92e-01,5.36e+01,
1357,-1.92e-01,5.28e+01,
1358,-1.92e-01,5.12e+01,
1359,-1.84e-01,4.96e+01,
1360,-1.76e-01,4.72e+01,
1361,-1.60e-01,4.40e+01,
1362,-1.52e-01,4.16e+01,
1363,-1.28e-01,3.92e+01,
1364,-1.12e-01,3.68e+01,
1365,-9.60e-02,3.36e+01,
1366,-8.00e-02,3.04e+01,
1367,-5.60e-02,2.80e+01,
1368,-4.00e-02,2.64e+01,
1369,-2.40e-02,2.40e+01,
1370,-8.00e-03,2.16e+01,
1371,8.00e-03,2.08e+01,
1372,2.40e-02,1.92e+01,
1373,4.00e-02,1.76e+01,
1374,4.80e-02,1.60e+01,
1375,5.60e-02,1.52e+01,
1376,6.40e-02,1.44e+01,
1377,8.80e-02,1.36e+01,
1378,9.60e-02,1.28e+01,
1379,1.04e-01,1.28e+01,
1380,1.04e-01,1.28e+01,
1381,1.12e-01,1.20e+01,
1382,1.12e-01,1.20e+01,
1383,1.20e-01,1.28e+01,
1384,1.12e-01,1.28e+01,
1385,1.20e-01,1.28e+01,
1386,1.12e-01,1.36e+01,
1387,1.20e-01,1.44e+01,
1388,1.12e-01,1.52e+01,
1389,1.12e-01,1.60e+01,
1390,9.60e-02,1.84e+01,
1391,8.80e-02,2.00e+01,
1392,8.00e-02,2.08e+01,
1393,6.40e-02,2.24e+01,
1394,4.80e-02,2.40e+01,
1395,4.00e-02,2.64e+01,
1396,2.40e-02,2.80e+01,
1397,8.00e-03,3.04e+01,
1398,-8.00e-03,3.28e+01,
1399,-2.40e-02,3.52e+01,
1400,-4.80e-02,3.76e+01,
1401,-5.60e-02,4.00e+01,
1402,-8.00e-02,4.16e+01,
1403,-9.60e-02,4.32e+01,
1404,-1.04e-01,4.48e+01,
1405,-1.20e-01,4.72e+01,
1406,-1.28e-01,4.80e+01,
1407,-1.36e-01,4.88e+01,
1408,-1.52e-01,4.96e+01,
1409,-1.60e-01,4.88e+01,
1410,-1.60e-01,4.88e+01,
1411,-1.60e-01,4.80e+01,
1412,-1.60e-01,4.72e+01,
1413,-1.52e-01,4.48e+01,
1414,-1.36e-01,4.32e+01,
1415,-1.28e-01,4.16e+01,
1416,-1.20e-01,4.00e+01,
1417,-1.04e-01,3.76e+01,
1418,-9.60e-02,3.60e+01,
1419,-8.00e-02,3.36e+01,
1420,-7.20e-02,3.20e+01,
1421,-4.80e-02,2.88e+01,
1422,-4.00e-02,2.64e+01,
1423,-2.40e-02,2.56e+01,
1424,-1.60e-02,2.40e+01,
1425,0.00e+00,2.24e+01,
1426,8.00e-03,2.08e+01,
1427,2.40e-02,2.00e+01,
1428,3.20e-02,1.92e+01,
1429,4.80e-02,1.76e+01,
1430,5.60e-02,1.60e+01,
1431,6.40e-02,1.60e+01,
1432,6.40e-02,1.60e+01,
1433,8.80e-02,1.52e+01,
1434,8.80e-02,1.44e+01,
1435,9.60e-02,1.52e+01,
1436,9.60e-02,1.52e+01,
1437,1.04e-01,1.52e+01,
1438,9.60e-02,1.52e+01,
1439,9.60e-02,1.60e+01,
1440,9.60e-02,1.76e+01,
1441,9.60e-02,1.76e+01,
1442,8.80e-02,1.84e+01,
1443,8.80e-02,1.92e+01,
1444,8.00e-02,2.08e+01,
1445,6.40e-02,2.16e+01,
1446,5.60e-02,2.24e+01,
1447,4.80e-02,2.40e+01,
1448,3.20e-02,2.56e+01,
1449,2.40e-02,2.72e+01,
1450,1.60e-02,2.88e+01,
1451,0.00e+00,3.04e+01,
1452,-1.60e-02,3.28e+01,
1453,-2.40e-02,3.44e+01,
1454,-4.00e-02,3.60e+01,
1455,-5.60e-02,3.84e+01,
1456,-6.40e-02,4.00e+01,
1457,-7.20e-02,4.08e+01,
1458,-8.80e-02,4.16e+01,
1459,-9.60e-02,4.32e+01,
1460,-1.12e-01,4.40e+01,
1461,-1.12e-01,4.40e+01,
1462,-1.20e-01,4.40e+01,
1463,-1.20e-01,4.40e+01,
1464,-1.20e-01,4.40e+01,
1465,-1.20e-01,4.32e+01,
1466,-1.20e-01,4.24e+01,
1467,-1.12e-01,4.16e+01,
1468,-1.12e-01,4.08e+01,
1469,-1.04e-01,3.92e+01,
1470,-9.60e-02,3.76e+01,
1471,-8.80e-02,3.60e+01,
1472,-8.00e-02,3.44e+01,
1473,-6.40e-02,3.28e+01,
1474,-5.60e-02,3.04e+01,
1475,-4.00e-02,2.88e+01,
1476,-3.20e-02,2.72e+01,
1477,-1.60e-02,2.56e+01,
1478,-8.00e-03,2.40e+01,
1479,0.00e+00,2.32e+01,
1480,8.00e-03,2.24e+01,
1481,2.40e-02,2.08e+01,
1482,3.20e-02,2.00e+01,
1483,4.00e-02,2.00e+01,
1484,4.00e-02,1.92e+01,
1485,5.60e-02,1.84e+01,
1486,5.60e-02,1.84e+01,
1487,6.40e-02,1.84e+01,
1488,6.40e-02,1.84e+01,
1489,8.00e-02,1.76e+01,
1490,8.00e-02,1.76e+01,
1491,8.00e-02,1.84e+01,
1492,8.00e-02,1.84e+01,
1493,8.00e-02,1.84e+01,
1494,8.00e-02,1.92e+01,
1495,8.00e-02,2.00e+01,
1496,6.40e-02,2.08e+01,
1497,6.40e-02,2.08e+01,
1498,5.60e-02,2.16e+01,
1499,4.80e-02,2.32e+01,
1500,4.00e-02,2.48e+01,
1501,3.20e-02,2.56e+01,
1502,2.40e-02,2.64e+01,
1503,1.60e-02,2.80e+01,
1504,0.00e+00,2.96e+01,
1505,-8.00e-03,3.20e+01,
1506,-1.60e-02,3.28e+01,
1507,-2.40e-02,3.44e+01,
1508,-4.00e-02,3.60e+01,
1509,-4.80e-02,3.68e+01,
1510,-6.40e-02,3.76e+01,
1511,-7.20e-02,3.92e+01,
1512,-8.00e-02,4.00e+01,
1513,-8.00e-02,4.08e+01,
1514,-8.80e-02,4.08e+01,
1515,-9.60e-02,4.16e+01,
1516,-9.60e-02,4.16e+01,
1517,-9.60e-02,4.16e+01,
1518,-1.04e-01,4.08e+01,
1519,-9.60e-02,4.00e+01,
1520,-9.60e-02,4.00e+01,
1521,-9.60e-02,3.84e+01,
1522,-8.80e-02,3.76e+01,
1523,-8.00e-02,3.68e+01,
1524,-8.00e-02,3.60e+01,
1525,-7.20e-02,3.44e+01,
1526,-6.40e-02,3.28e+01,
1527,-4.80e-02,3.20e+01,
1528,-4.80e-02,2.96e+01,
1529,-3.20e-02,2.80e+01,
1530,-2.40e-02,2.72e+01,
1531,-1.60e-02,2.64e+01,
1532,-8.00e-03,2.56e+01,
1533,8.00e-03,2.40e+01,
1534,8.00e-03,2.32e+01,
1535,1.60e-02,2.24e+01,
1536,2.40e-02,2.16e+01,
1537,3.20e-02,2.08e+01,
1538,4.00e-02,2.08e+01,
1539,4.80e-02,2.08e+01,
1540,4.80e-02,2.00e+01,
1541,5.60e-02,2.00e+01,
1542,5.60e-02,1.92e+01,
1543,5.60e-02,2.00e+01,
1544,5.60e-02,2.00e+01,
1545,5.60e-02,2.00e+01,
1546,5.60e-02,2.00e+01,
1547,5.60e-02,2.08e+01,
1548,5.60e-02,2.16e+01,
1549,5.60e-02,2.16e+01,
1550,4.80e-02,2.24e+01,
1551,4.80e-02,2.32e+01,
1552,4.00e-02,2.40e+01,
1553,4.00e-02,2.48e+01,
1554,2.40e-02,2.56e+01,
1555,2.40e-02,2.72e+01,
1556,8.00e-03,2.80e+01,
1557,8.00e-03,2.88e+01,
1558,-8.00e-03,2.96e+01,
1559,-8.00e-03,3.20e+01,
1560,-2.40e-02,3.36e+01,
1561,-2.40e-02,3.44e+01,
1562,-4.00e-02,3.52e+01,
1563,-4.80e-02,3.60e+01,
1564,-5.60e-02,3.68e+01,
1565,-5.60e-02,3.76e+01,
1566,-7.20e-02,3.76e+01,
1567,-7.20e-02,3.84e+01,
1568,-8.00e-02,3.92e+01,
1569,-8.00e-02,3.92e+01,
1570,-8.00e-02,3.84e+01,
1571,-8.00e-02,3.84e+01,
1572,-8.80e-02,3.84e+01,
1573,-8.00e-02,3.76e+01,
1574,-8.00e-02,3.68e+01,
1575,-8.00e-02,3.68e+01,
1576,-7.20e-02,3.60e+01,
1577,-6.40e-02,3.44e+01,
1578,-6.40e-02,3.36e+01,
1579,-5.60e-02,3.28e+01,
1580,-4.80e-02,3.20e+01,
1581,-4.00e-02,2.96e+01,
1582,-3.20e-02,2.88e+01,
1583,-2.40e-02,2.80e+01,
1584,-1.60e-02,2.72e+01,
1585,-8.00e-03,2.56e+01,
1586,-8.00e-03,2.48e+01,
1587,0.00e+00,2.48e+01,
1588,8.00e-03,2.40e+01,
1589,1.60e-02,2.32e+01,
1590,2.40e-02,2.24e+01,
1591,2.40e-02,2.24e+01,
1592,3.20e-02,2.24e+01,
1593,4.00e-02,2.16e+01,
1594,4.00e-02,2.16e+01,
1595,4.00e-02,2.16e+01,
1596,4.00e-02,2.16e+01,
1597,4.80e-02,2.16e+01,
1598,4.80e-02,2.08e+01,
1599,4.80e-02,2.16e+01,
1600,4.80e-02,2.24e+01,
1601,4.80e-02,2.24e+01,
1602,4.00e-02,2.24e+01,
1603,4.00e-02,2.32e+01,
1604,3.20e-02,2.40e+01,
1605,3.20e-02,2.48e+01,
1606,2.40e-02,2.48e+01,
1607,2.40e-02,2.64e+01,
1608,1.60e-02,2.72e+01,
1609,8.00e-03,2.72e+01,
1610,0.00e+00,2.88e+01,
1611,0.00e+00,2.96e+01,
1612,-1.60e-02,3.04e+01,
1613,-1.60e-02,3.20e+01,
1614,-2.40e-02,3.28e+01,
1615,-3.20e-02,3.36e+01,
1616,-4.00e-02,3.44e+01,
1617,-4.00e-02,3.52e+01,
1618,-4.80e-02,3.60e+01,
1619,-5.60e-02,3.60e+01,
1620,-6.40e-02,3.68e+01,
1621,-6.40e-02,3.68e+01,
1622,-6.40e-02,3.68e+01,
1623,-6.40e-02,3.68e+01,
1624,-7.20e-02,3.68e+01,
1625,-7.20e-02,3.68e+01,
1626,-7.20e-02,3.60e+01,
1627,-6.40e-02,3.60e+01,
1628,-6.40e-02,3.52e+01,
1629,-6.40e-02,3.44e+01,
1630,-5.60e-02,3.44e+01,
1631,-5.60e-02,3.36e+01,
1632,-4.80e-02,3.28e+01,
1633,-4.80e-02,3.20e+01,
1634,-4.00e-02,2.96e+01,
1635,-3.20e-02,2.96e+01,
1636,-3.20e-02,2.88e+01,
1637,-2.40e-02,2.80e+01,
1638,-1.60e-02,2.64e+01,
1639,-8.00e-03,2.64e+01,
1640,-8.00e-03,2.56e+01,
1641,8.00e-03,2.48e+01,
1642,8.00e-03,2.40e+01,
1643,1.60e-02,2.40e+01,
1644,1.60e-02,2.40e+01,
1645,2.40e-02,2.32e+01,
1646,2.40e-02,2.24e+01,
1647,3.20e-02,2.32e+01,
1648,3.20e-02,2.24e+01,
1649,3.20e-02,2.24e+01,
1650,3.20e-02,2.24e+01,
1651,4.00e-02,2.24e+01,
1652,3.20e-02,2.32e+01,
1653,4.00e-02,2.32e+01,
1654,3.20e-02,2.32e+01,
1655,3.20e-02,2.40e+01,
1656,3.20e-02,2.40e+01,
1657,3.20e-02,2.48e+01,
1658,2.40e-02,2.48e+01,
1659,2.40e-02,2.56e+01,
1660,1.60e-02,2.64e+01,
1661,1.60e-02,2.72e+01,
1662,8.00e-03,2.80e+01,
1663,0.00e+00,2.88e+01,
1664,-8.00e-03,2.96e+01,
1665,-8.00e-03,2.96e+01,
1666,-1.60e-02,3.04e+01,
1667,-1.60e-02,3.20e+01,
1668,-2.40e-02,3.28e+01,
1669,-3.20e-02,3.36e+01,
1670,-4.00e-02,3.36e+01,
1671,-4.00e-02,3.44e+01,
1672,-4.80e-02,3.52e+01,
1673,-4.80e-02,3.52e+01,
1674,-5.60e-02,3.52e+01,
1675,-5.60e-02,3.52e+01,
1676,-5.60e-02,3.52e+01,
1677,-5.60e-02,3.52e+01,
1678,-5.60e-02,3.52e+01,
1679,-5.60e-02,3.52e+01,
1680,-5.60e-02,3.52e+01,
1681,-5.60e-02,3.44e+01,
1682,-5.60e-02,3.36e+01,
1683,-4.80e-02,3.36e+01,
1684,-4.80e-02,3.28e+01,
1685,-4.00e-02,3.20e+01,
1686,-4.00e-02,3.04e+01,
1687,-3.20e-02,3.04e+01,
1688,-3.20e-02,2.96e+01,
1689,-2.40e-02,2.88e+01,
1690,-2.40e-02,2.80e+01,
1691,-1.60e-02,2.72e+01,
1692,-8.00e-03,2.72e+01,
1693,0.00e+00,2.64e+01,
1694,0.00e+00,2.56e+01,
1695,0.00e+00,2.56e+01,
1696,8.00e-03,2.48e+01,
1697,1.60e-02,2.48e+01,
1698,1.60e-02,2.40e+01,
1699,1.60e-02,2.40e+01,
1700,1.60e-02,2.40e+01,
1701,2.40e-02,2.40e+01,
1702,2.40e-02,2.32e+01,
1703,2.40e-02,2.40e+01,
1704,2.40e-02,2.40e+01,
1705,3.20e-02,2.40e+01,
1706,2.40e-02,2.40e+01,
1707,2.40e-02,2.40e+01,
1708,2.40e-02,2.48e+01,
1709,2.40e-02,2.48e+01,
1710,2.40e-02,2.56e+01,
1711,1.60e-02,2.56e+01,
1712,1.60e-02,2.64e+01,
1713,1.60e-02,2.64e+01,
1714,8.00e-03,2.72e+01,
1715,8.00e-03,2.80e+01,
1716,0.00e+00,2.88e+01,
1717,0.00e+00,2.88e+01,
1718,-8.00e-03,2.96e+01,
1719,-1.60e-02,3.04e+01,
1720,-1.60e-02,3.20e+01,
1721,-2.40e-02,3.20e+01,
1722,-2.40e-02,3.20e+01,
1723,-3.20e-02,3.28e+01,
1724,-3.20e-02,3.36e+01,
1725,-4.00e-02,3.36e+01,
1726,-4.00e-02,3.36e+01,
1727,-4.00e-02,3.44e+01,
1728,-4.80e-02,3.44e+01,
1729,-4.80e-02,3.44e+01,
1730,-4.80e-02,3.44e+01,
1731,-4.80e-02,3.44e+01,
1732,-4.80e-02,3.44e+01,
1733,-4.80e-02,3.36e+01,
1734,-4.80e-02,3.36e+01,
1735,-4.80e-02,3.28e+01,
1736,-4.00e-02,3.28e+01,
1737,-4.00e-02,3.20e+01,
1738,-4.00e-02,3.20e+01,
1739,-3.20e-02,3.04e+01,
1740,-3.20e-02,2.96e+01,
1741,-2.40e-02,2.96e+01,
1742,-2.40e-02,2.88e+01,
1743,-1.60e-02,2.80e+01,
1744,-1.60e-02,2.80e+01,
1745,-8.00e-03,2.72e+01,
1746,-8.00e-03,2.64e+01,
1747,0.00e+00,2.64e+01,
1748,0.00e+00,2.64e+01,
1749,8.00e-03,2.56e+01,
1750,8.00e-03,2.56e+01,
1751,8.00e-03,2.48e+01,
1752,8.00e-03,2.48e+01,
1753,1.60e-02,2.48e+01,
1754,1.60e-02,2.40e+01,
1755,2.40e-02,2.48e+01,
1756,1.60e-02,2.48e+01,
1757,2.40e-02,2.48e+01,
1758,2.40e-02,2.48e+01,
1759,2.40e-02,2.48e+01,
1760,1.60e-02,2.48e+01,
1761,2.40e-02,2.48e+01,
1762,1.60e-02,2.56e+01,
1763,1.60e-02,2.56e+01,
1764,1.60e-02,2.64e+01,
1765,1.60e-02,2.64e+01,
1766,8.00e-03,2.64e+01,
1767,8.00e-03,2.72e+01,
1768,0.00e+00,2.80e+01,
1769,0.00e+00,2.80e+01,
1770,-8.00e-03,2.88e+01,
1771,-8.00e-03,2.96e+01,
1772,-1.60e-02,2.96e+01,
1773,-1.60e-02,3.04e+01,
1774,-1.60e-02,3.04e+01,
1775,-2.40e-02,3.20e+01,
1776,-2.40e-02,3.20e+01,
1777,-2.40e-02,3.28e+01,
1778,-3.20e-02,3.28e+01,
1779,-3.20e-02,3.28e+01,
1780,-4.00e-02,3.36e+01,
1781,-4.00e-02,3.36e+01,
1782,-4.00e-02,3.36e+01,
1783,-4.00e-02,3.36e+01,
1784,-4.00e-02,3.36e+01,
1785,-4.00e-02,3.28e+01,
1786,-4.00e-02,3.28e+01,
1787,-4.00e-02,3.28e+01,
1788,-4.00e-02,3.28e+01,
1789,-3.20e-02,3.20e+01,
1790,-3.20e-02,3.20e+01,
1791,-3.20e-02,3.04e+01,
1792,-3.20e-02,3.04e+01,
1793,-2.40e-02,2.96e+01,
1794,-2.40e-02,2.96e+01,
1795,-2.40e-02,2.88e+01,
1796,-2.40e-02,2.88e+01,
1797,-1.60e-02,2.80e+01,
1798,-1.60e-02,2.72e+01,
1799,-8.00e-03,2.72e+01,
1800,-8.00e-03,2.72e+01,
1801,0.00e+00,2.64e+01,
1802,0.00e+00,2.64e+01,
1803,0.00e+00,2.64e+01,
1804,0.00e+00,2.56e+01,
1805,8.00e-03,2.56e+01,
1806,8.00e-03,2.56e+01,
1807,8.00e-03,2.56e+01,
1808,8.00e-03,2.56e+01,
1809,1.60e-02,2.48e+01,
1810,1.60e-02,2.56e+01,
1811,1.60e-02,2.56e+01,
1812,1.60e-02,2.56e+01,
1813,1.60e-02,2.56e+01,
1814,1.60e-02,2.56e+01,
1815,1.60e-02,2.64e+01,
1816,8.00e-03,2.64e+01,
1817,1.60e-02,2.64e+01,
1818,8.00e-03,2.72e+01,
1819,8.00e-03,2.72e+01,
1820,0.00e+00,2.80e+01,
1821,0.00e+00,2.80e+01,
1822,0.00e+00,2.80e+01,
1823,-8.00e-03,2.88e+01,
1824,-8.00e-03,2.88e+01,
1825,-8.00e-03,2.96e+01,
1826,-1.60e-02,2.96e+01,
1827,-1.60e-02,3.04e+01,
1828,-2.40e-02,3.04e+01,
1829,-2.40e-02,3.04e+01,
1830,-2.40e-02,3.20e+01,
1831,-3.20e-02,3.20e+01,
1832,-3.20e-02,3.20e+01,
1833,-3.20e-02,3.20e+01,
1834,-3.20e-02,3.28e+01,
1835,-3.20e-02,3.28e+01,
1836,-3.20e-02,3.28e+01,
1837,-3.20e-02,3.28e+01,
1838,-3.20e-02,3.20e+01,
1839,-4.00e-02,3.20e+01,
1840,-4.00e-02,3.20e+01,
1841,-3.20e-02,3.20e+01,
1842,-3.20e-02,3.04e+01,
1843,-3.20e-02,3.04e+01,
1844,-3.20e-02,3.04e+01,
1845,-2.40e-02,2.96e+01,
1846,-2.40e-02,2.96e+01,
1847,-2.40e-02,2.96e+01,
1848,-2.40e-02,2.88e+01,
1849,-1.60e-02,2.88e+01,
1850,-1.60e-02,2.80e+01,
1851,-8.00e-03,2.80e+01,
1852,-8.00e-03,2.80e+01,
1853,-8.00e-03,2.72e+01,
1854,-8.00e-03,2.72e+01,
1855,0.00e+00,2.72e+01,
1856,0.00e+00,2.64e+01,
1857,0.00e+00,2.64e+01,
1858,0.00e+00,2.64e+01,
1859,8.00e-03,2.64e+01,
1860,8.00e-03,2.64e+01,
1861,8.00e-03,2.56e+01,
1862,8.00e-03,2.56e+01,
1863,8.00e-03,2.56e+01,
1864,8.00e-03,2.64e+01,
1865,8.00e-03,2.56e+01,
1866,8.00e-03,2.56e+01,
1867,8.00e-03,2.64e+01,
1868,8.00e-03,2.64e+01,
1869,8.00e-03,2.64e+01,
1870,8.00e-03,2.72e+01,
1871,8.00e-03,2.72e+01,
1872,0.00e+00,2.80e+01,
1873,0.00e+00,2.80e+01,
1874,0.00e+00,2.80e+01,
1875,0.00e+00,2.88e+01,
1876,-8.00e-03,2.88e+01,
1877,-8.00e-03,2.88e+01,
1878,-8.00e-03,2.88e+01,
1879,-1.60e-02,2.96e+01,
1880,-1.60e-02,2.96e+01,
1881,-1.60e-02,2.96e+01,
1882,-2.40e-02,3.04e+01,
1883,-2.40e-02,3.04e+01,
1884,-2.40e-02,3.20e+01,
1885,-2.40e-02,3.20e+01,
1886,-2.40e-02,3.20e+01,
1887,-3.20e-02,3.20e+01,
1888,-3.20e-02,3.20e+01,
1889,-3.20e-02,3.20e+01,
1890,-3.20e-02,3.20e+01,
1891,-3.20e-02,3.20e+01,
1892,-3.20e-02,3.20e+01,
1893,-3.20e-02,3.20e+01,
1894,-3.20e-02,3.04e+01,
1895,-3.20e-02,3.04e+01,
1896,-3.20e-02,3.04e+01,
1897,-2.40e-02,3.04e+01,
1898,-2.40e-02,2.96e+01,
1899,-2.40e-02,2.96e+01,
1900,-2.40e-02,2.96e+01,
1901,-1.60e-02,2.88e+01,
1902,-1.60e-02,2.88e+01,
1903,-1.60e-02,2.80e+01,
1904,-1.60e-02,2.80e+01,
1905,-8.00e-03,2.80e+01,
1906,-8.00e-03,2.72e+01,
1907,-8.00e-03,2.72e+01,
1908,-8.00e-03,2.72e+01,
1909,0.00e+00,2.72e+01,
1910,0.00e+00,2.64e+01,
1911,0.00e+00,2.64e+01,
1912,0.00e+00,2.64e+01,
1913,8.00e-03,2.64e+01,
1914,0.00e+00,2.64e+01,
1915,8.00e-03,2.64e+01,
1916,0.00e+00,2.64e+01,
1917,8.00e-03,2.64e+01,
1918,8.00e-03,2.64e+01,
1919,8.00e-03,2.64e+01,
1920,0.00e+00,2.72e+01,
1921,8.00e-03,2.64e+01,
1922,0.00e+00,2.72e+01,
1923,0.00e+00,2.72e+01,
1924,0.00e+00,2.72e+01,
1925,0.00e+00,2.72e+01,
1926,0.00e+00,2.80e+01,
1927,0.00e+00,2.80e+01,
1928,-8.00e-03,2.88e+01,
1929,0.00e+00,2.88e+01,
1930,-8.00e-03,2.88e+01,
1931,-8.00e-03,2.88e+01,
1932,-1.60e-02,2.96e+01,
1933,-1.60e-02,2.96e+01,
1934,-1.60e-02,2.96e+01,
1935,-1.60e-02,2.96e+01,
1936,-2.40e-02,3.04e+01,
1937,-1.60e-02,3.04e+01,
1938,-2.40e-02,3.04e+01,
1939,-2.40e-02,3.04e+01,
1940,-2.40e-02,3.04e+01,
1941,-2.40e-02,3.04e+01,
1942,-2.40e-02,3.04e+01,
1943,-2.40e-02,3.04e+01,
1944,-2.40e-02,3.04e+01,
1945,-2.40e-02,3.04e+01,
1946,-2.40e-02,3.04e+01,
1947,-2.40e-02,3.04e+01,
1948,-2.40e-02,3.04e+01,
1949,-2.40e-02,3.04e+01,
1950,-2.40e-02,2.96e+01,
1951,-2.40e-02,2.96e+01,
1952,-2.40e-02,2.96e+01,
1953,-1.60e-02,2.88e+01,
1954,-1.60e-02,2.88e+01,
1955,-1.60e-02,2.88e+01,
1956,-1.60e-02,2.88e+01,
1957,-8.00e-03,2.80e+01,
1958,-8.00e-03,2.80e+01,
1959,-8.00e-03,2.80e+01,
1960,-8.00e-03,2.80e+01,
1961,0.00e+00,2.72e+01,
1962,-8.00e-03,2.72e+01,
1963,0.00e+00,2.72e+01,
1964,-8.00e-03,2.72e+01,
1965,0.00e+00,2.72e+01,
1966,0.00e+00,2.64e+01,
1967,0.00e+00,2.72e+01,
1968,0.00e+00,2.72e+01,
1969,8.00e-03,2.64e+01,
1970,0.00e+00,2.64e+01,
1971,0.00e+00,2.72e+01,
1972,0.00e+00,2.72e+01,
1973,8.00e-03,2.72e+01,
1974,0.00e+00,2.72e+01,
1975,0.00e+00,2.72e+01,
1976,0.00e+00,2.72e+01,
1977,0.00e+00,2.72e+01,
1978,0.00e+00,2.72e+01,
1979,0.00e+00,2.80e+01,
1980,-8.00e-03,2.80e+01,
1981,0.00e+00,2.80e+01,
1982,-8.00e-03,2.88e+01,
1983,-8.00e-03,2.88e+01,
1984,-8.00e-03,2.88e+01,
1985,-8.00e-03,2.88e+01,
1986,-1.60e-02,2.88e+01,
1987,-1.60e-02,2.96e+01,
1988,-1.60e-02,2.96e+01,
1989,-1.60e-02,2.96e+01,
1990,-1.60e-02,2.96e+01,
1991,-1.60e-02,3.04e+01,
1992,-2.40e-02,3.04e+01,
1993,-1.60e-02,3.04e+01,
1994,-2.40e-02,3.04e+01,
1995,-2.40e-02,3.04e+01,
1996,-2.40e-02,3.04e+01,
1997,-2.40e-02,3.04e+01,
1998,-2.40e-02,2.96e+01,
1999,-2.40e-02,3.04e+01,
2000,-2.40e-02,3.04e+01,
2001,-1.60e-02,2.96e+01,
2002,-2.40e-02,2.96e+01,
2003,-2.40e-02,2.96e+01,
2004,-2.40e-02,2.96e+01,
2005,-1.60e-02,2.96e+01,
2006,-1.60e-02,2.88e+01,
2007,-1.60e-02,2.88e+01,
2008,-1.60e-02,2.88e+01,
2009,-8.00e-03,2.88e+01,
2010,-1.60e-02,2.80e+01,
2011,-8.00e-03,2.80e+01,
2012,-8.00e-03,2.80e+01,
2013,-8.00e-03,2.80e+01,
2014,-8.00e-03,2.72e+01,
2015,-8.00e-03,2.80e+01,
2016,-8.00e-03,2.72e+01,
2017,0.00e+00,2.72e+01,
2018,0.00e+00,2.72e+01,
2019,0.00e+00,2.72e+01,
2020,0.00e+00,2.72e+01,
2021,0.00e+00,2.72e+01,
2022,0.00e+00,2.64e+01,
2023,0.00e+00,2.72e+01,
2024,0.00e+00,2.72e+01,
2025,0.00e+00,2.72e+01,
2026,0.00e+00,2.72e+01,
2027,0.00e+00,2.72e+01,
2028,0.00e+00,2.80e+01,
2029,0.00e+00,2.72e+01,
2030,0.00e+00,2.80e+01,
2031,0.00e+00,2.80e+01,
2032,-8.00e-03,2.80e+01,
2033,-8.00e-03,2.80e+01,
2034,-8.00e-03,2.80e+01,
2035,-8.00e-03,2.88e+01,
2036,-8.00e-03,2.88e+01,
2037,-8.00e-03,2.88e+01,
2038,-8.00e-03,2.88e+01,
2039,-8.00e-03,2.96e+01,
2040,-1.60e-02,2.96e+01,
2041,-1.60e-02,2.96e+01,
2042,-1.60e-02,2.96e+01,
2043,-1.60e-02,2.96e+01,
2044,-1.60e-02,2.96e+01,
2045,-1.60e-02,2.96e+01,
2046,-2.40e-02,2.96e+01,
2047,-2.40e-02,2.96e+01,
2048,-2.40e-02,3.04e+01,
2049,-1.60e-02,2.96e+01,
2050,-2.40e-02,2.96e+01,
2051,-1.60e-02,2.96e+01,
2052,-2.40e-02,2.96e+01,
2053,-1.60e-02,2.96e+01,
2054,-1.60e-02,2.96e+01,
2055,-1.60e-02,2.96e+01,
2056,-1.60e-02,2.96e+01,
2057,-1.60e-02,2.96e+01,
2058,-1.60e-02,2.88e+01,
2059,-1.60e-02,2.88e+01,
2060,-1.60e-02,2.88e+01,
2061,-1.60e-02,2.88e+01,
2062,-1.60e-02,2.80e+01,
2063,-8.00e-03,2.88e+01,
2064,-1.60e-02,2.88e+01,
2065,-8.00e-03,2.80e+01,
2066,-8.00e-03,2.80e+01,
2067,-8.00e-03,2.80e+01,
2068,-8.00e-03,2.80e+01,
2069,0.00e+00,2.80e+01,
2070,-8.00e-03,2.72e+01,
2071,0.00e+00,2.72e+01,
2072,0.00e+00,2.80e+01,
2073,0.00e+00,2.72e+01,
2074,0.00e+00,2.72e+01,
2075,0.00e+00,2.72e+01,
2076,0.00e+00,2.72e+01,
2077,0.00e+00,2.72e+01,
2078,0.00e+00,2.72e+01,
2079,0.00e+00,2.80e+01,
2080,0.00e+00,2.80e+01,
2081,0.00e+00,2.80e+01,
2082,0.00e+00,2.80e+01,
2083,0.00e+00,2.80e+01,
2084,-8.00e-03,2.80e+01,
2085,0.00e+00,2.80e+01,
2086,-8.00e-03,2.80e+01,
2087,-8.00e-03,2.88e+01,
2088,-8.00e-03,2.88e+01,
2089,-8.00e-03,2.88e+01,
2090,-8.00e-03,2.88e+01,
2091,-8.00e-03,2.88e+01,
2092,-1.60e-02,2.88e+01,
2093,-8.00e-03,2.88e+01,
2094,-1.60e-02,2.88e+01,
2095,-1.60e-02,2.96e+01,
2096,-1.60e-02,2.96e+01,
2097,-1.60e-02,2.96e+01,
2098,-1.60e-02,2.96e+01,
2099,-1.60e-02,2.96e+01,
2100,-2.40e-02,2.96e+01,
2101,-1.60e-02,2.96e+01,
2102,-1.60e-02,2.96e+01,
2103,-1.60e-02,2.96e+01,
2104,-2.40e-02,2.96e+01,
2105,-1.60e-02,2.96e+01,
2106,-2.40e-02,2.96e+01,
2107,-1.60e-02,2.96e+01,
2108,-1.60e-02,2.96e+01,
2109,-1.60e-02,2.88e+01,
2110,-1.60e-02,2.88e+01,
2111,-1.60e-02,2.88e+01,
2112,-1.60e-02,2.88e+01,
2113,-1.60e-02,2.88e+01,
2114,-1.60e-02,2.88e+01,
2115,-1.60e-02,2.88e+01,
2116,-1.60e-02,2.88e+01,
2117,-8.00e-03,2.80e+01,
2118,-8.00e-03,2.80e+01,
2119,-8.00e-03,2.80e+01,
2120,-8.00e-03,2.80e+01,
2121,-8.00e-03,2.80e+01,
2122,-8.00e-03,2.80e+01,
2123,-8.00e-03,2.80e+01,
2124,-8.00e-03,2.80e+01,
2125,0.00e+00,2.80e+01,
2126,-8.00e-03,2.72e+01,
2127,0.00e+00,2.80e+01,
2128,0.00e+00,2.80e+01,
2129,0.00e+00,2.72e+01,
2130,0.00e+00,2.72e+01,
2131,0.00e+00,2.80e+01,
2132,-8.00e-03,2.80e+01,
2133,0.00e+00,2.80e+01,
2134,0.00e+00,2.80e+01,
2135,-8.00e-03,2.80e+01,
2136,-8.00e-03,2.80e+01,
2137,0.00e+00,2.80e+01,
2138,-8.00e-03,2.80e+01,
2139,-8.00e-03,2.80e+01,
2140,-8.00e-03,2.88e+01,
2141,-8.00e-03,2.88e+01,
2142,-8.00e-03,2.88e+01,
2143,-8.00e-03,2.88e+01,
2144,-8.00e-03,2.88e+01,
2145,-8.00e-03,2.88e+01,
2146,-1.60e-02,2.88e+01,
2147,-1.60e-02,2.96e+01,
2148,-1.60e-02,2.96e+01,
2149,-1.60e-02,2.96e+01,
2150,-1.60e-02,2.96e+01,
2151,-1.60e-02,2.96e+01,
2152,-1.60e-02,2.96e+01,
2153,-1.60e-02,2.96e+01,
2154,-1.60e-02,2.96e+01,
2155,-1.60e-02,2.96e+01,
2156,-1.60e-02,2.96e+01,
2157,-1.60e-02,2.96e+01,
2158,-1.60e-02,2.88e+01,
2159,-1.60e-02,2.96e+01,
2160,-1.60e-02,2.96e+01,
2161,-1.60e-02,2.88e+01,
2162,-1.60e-02,2.88e+01,
2163,-1.60e-02,2.88e+01,
2164,-1.60e-02,2.88e+01,
2165,-1.60e-02,2.88e+01,
2166,-1.60e-02,2.88e+01,
2167,-1.60e-02,2.88e+01,
2168,-1.60e-02,2.88e+01,
2169,-8.00e-03,2.80e+01,
2170,-8.00e-03,2.80e+01,
2171,-8.00e-03,2.80e+01,
2172,-8.00e-03,2.88e+01,
2173,-8.00e-03,2.80e+01,
2174,-8.00e-03,2.80e+01,
2175,-8.00e-03,2.80e+01,
2176,-8.00e-03,2.80e+01,
2177,-8.00e-03,2.80e+01,
2178,-8.00e-03,2.80e+01,
2179,0.00e+00,2.80e+01,
2180,-8.00e-03,2.80e+01,
2181,0.00e+00,2.80e+01,
2182,0.00e+00,2.80e+01,
2183,-8.00e-03,2.80e+01,
2184,-8.00e-03,2.80e+01,
2185,0.00e+00,2.80e+01,
2186,-8.00e-03,2.80e+01,
2187,0.00e+00,2.80e+01,
2188,-8.00e-03,2.80e+01,
2189,0.00e+00,2.80e+01,
2190,0.00e+00,2.80e+01,
2191,-8.00e-03,2.80e+01,
2192,-8.00e-03,2.88e+01,
2193,-8.00e-03,2.80e+01,
2194,-8.00e-03,2.80e+01,
2195,-8.00e-03,2.88e+01,
2196,-1.60e-02,2.88e+01,
2197,-8.00e-03,2.88e+01,
2198,-1.60e-02,2.88e+01,
2199,-1.60e-02,2.88e+01,
2200,-1.60e-02,2.88e+01,
2201,-8.00e-03,2.88e+01,
2202,-1.60e-02,2.88e+01,
2203,-1.60e-02,2.88e+01,
2204,-1.60e-02,2.96e+01,
2205,-8.00e-03,2.88e+01,
2206,-1.60e-02,2.88e+01,
2207,-1.60e-02,2.96e+01,
2208,-1.60e-02,2.96e+01,
2209,-1.60e-02,2.88e+01,
2210,-1.60e-02,2.88e+01,
2211,-1.60e-02,2.96e+01,
2212,-1.60e-02,2.96e+01,
2213,-1.60e-02,2.88e+01,
2214,-1.60e-02,2.88e+01,
2215,-1.60e-02,2.88e+01,
2216,-1.60e-02,2.88e+01,
2217,-1.60e-02,2.88e+01,
2218,-1.60e-02,2.88e+01,
2219,-8.00e-03,2.88e+01,
2220,-1.60e-02,2.88e+01,
2221,-8.00e-03,2.88e+01,
2222,-1.60e-02,2.80e+01,
2223,-8.00e-03,2.88e+01,
2224,-8.00e-03,2.88e+01,
2225,-8.00e-03,2.80e+01,
2226,-1.60e-02,2.80e+01,
2227,-8.00e-03,2.80e+01,
2228,-8.00e-03,2.80e+01,
2229,0.00e+00,2.80e+01,
2230,-8.00e-03,2.80e+01,
2231,-8.00e-03,2.80e+01,
2232,-8.00e-03,2.80e+01,
2233,-8.00e-03,2.80e+01,
2234,-8.00e-03,2.80e+01,
2235,0.00e+00,2.80e+01,
2236,-8.00e-03,2.80e+01,
2237,0.00e+00,2.80e+01,
2238,-8.00e-03,2.80e+01,
2239,-8.00e-03,2.80e+01,
2240,-8.00e-03,2.80e+01,
2241,-8.00e-03,2.80e+01,
2242,-8.00e-03,2.80e+01,
2243,-8.00e-03,2.80e+01,
2244,-8.00e-03,2.80e+01,
2245,-8.00e-03,2.80e+01,
2246,-8.00e-03,2.80e+01,
2247,-8.00e-03,2.88e+01,
2248,-8.00e-03,2.88e+01,
2249,-8.00e-03,2.88e+01,
2250,-8.00e-03,2.88e+01,
2251,-8.00e-03,2.88e+01,
2252,-1.60e-02,2.88e+01,
2253,-8.00e-03,2.88e+01,
2254,-8.00e-03,2.88e+01,
2255,-1.60e-02,2.88e+01,
2256,-1.60e-02,2.88e+01,
2257,-8.00e-03,2.88e+01,
2258,-1.60e-02,2.88e+01,
2259,-1.60e-02,2.96e+01,
2260,-1.60e-02,2.96e+01,
2261,-1.60e-02,2.88e+01,
2262,-1.60e-02,2.88e+01,
2263,-1.60e-02,2.88e+01,
2264,-1.60e-02,2.96e+01,
2265,-1.60e-02,2.88e+01,
2266,-1.60e-02,2.88e+01,
2267,-1.60e-02,2.96e+01,
2268,-1.60e-02,2.88e+01,
2269,-1.60e-02,2.88e+01,
2270,-1.60e-02,2.88e+01,
2271,-1.60e-02,2.88e+01,
2272,-1.60e-02,2.88e+01,
2273,-8.00e-03,2.88e+01,
2274,-1.60e-02,2.88e+01,
2275,-8.00e-03,2.88e+01,
2276,-1.60e-02,2.88e+01,
2277,-8.00e-03,2.88e+01,
2278,-8.00e-03,2.80e+01,
2279,-8.00e-03,2.80e+01,
2280,-8.00e-03,2.88e+01,
2281,-8.00e-03,2.80e+01,
2282,-8.00e-03,2.80e+01,
2283,-8.00e-03,2.80e+01,
2284,-8.00e-03,2.80e+01,
2285,-8.00e-03,2.80e+01,
2286,-8.00e-03,2.80e+01,
2287,-8.00e-03,2.80e+01,
2288,-8.00e-03,2.80e+01,
2289,-8.00e-03,2.80e+01,
2290,-8.00e-03,2.80e+01,
2291,-8.00e-03,2.80e+01,
2292,-8.00e-03,2.80e+01,
2293,0.00e+00,2.80e+01,
2294,-8.00e-03,2.80e+01,
2295,-8.00e-03,2.80e+01,
2296,-8.00e-03,2.88e+01,
2297,-8.00e-03,2.80e+01,
2298,-8.00e-03,2.80e+01,
2299,-8.00e-03,2.88e+01,
2300,-8.00e-03,2.88e+01,
2301,-8.00e-03,2.88e+01,
2302,-8.00e-03,2.88e+01,
2303,-8.00e-03,2.88e+01,
2304,-8.00e-03,2.88e+01,
2305,-8.00e-03,2.88e+01,
2306,-1.60e-02,2.88e+01,
2307,-8.00e-03,2.88e+01,
2308,-1.60e-02,2.88e+01,
2309,-8.00e-03,2.88e+01,
2310,-1.60e-02,2.88e+01,
2311,-1.60e-02,2.88e+01,
2312,-1.60e-02,2.88e+01,
2313,-8.00e-03,2.88e+01,
2314,-1.60e-02,2.88e+01,
2315,-1.60e-02,2.88e+01,
2316,-1.60e-02,2.88e+01,
2317,-8.00e-03,2.88e+01,
2318,-1.60e-02,2.88e+01,
2319,-1.60e-02,2.88e+01,
2320,-1.60e-02,2.88e+01,
2321,-8.00e-03,2.88e+01,
2322,-1.60e-02,2.88e+01,
2323,-8.00e-03,2.88e+01,
2324,-1.60e-02,2.88e+01,
2325,-8.00e-03,2.88e+01,
2326,-8.00e-03,2.88e+01,
2327,-8.00e-03,2.88e+01,
2328,-8.00e-03,2.88e+01,
2329,-8.00e-03,2.88e+01,
2330,-8.00e-03,2.80e+01,
2331,-8.00e-03,2.88e+01,
2332,-1.60e-02,2.88e+01,
2333,-8.00e-03,2.80e+01,
2334,-8.00e-03,2.80e+01,
2335,-8.00e-03,2.80e+01,
2336,-8.00e-03,2.80e+01,
2337,-8.00e-03,2.80e+01,
2338,-8.00e-03,2.80e+01,
2339,-8.00e-03,2.80e+01,
2340,-8.00e-03,2.80e+01,
2341,-8.00e-03,2.80e+01,
2342,-8.00e-03,2.80e+01,
2343,-8.00e-03,2.80e+01,
2344,-8.00e-03,2.80e+01,
2345,0.00e+00,2.80e+01,
2346,-8.00e-03,2.80e+01,
2347,-8.00e-03,2.80e+01,
2348,-8.00e-03,2.88e+01,
2349,-8.00e-03,2.80e+01,
2350,-8.00e-03,2.80e+01,
2351,-8.00e-03,2.88e+01,
2352,-8.00e-03,2.88e+01,
2353,-8.00e-03,2.88e+01,
2354,-8.00e-03,2.80e+01,
2355,-8.00e-03,2.88e+01,
2356,-8.00e-03,2.88e+01,
2357,-8.00e-03,2.88e+01,
2358,-8.00e-03,2.88e+01,
2359,-8.00e-03,2.88e+01,
2360,-8.00e-03,2.88e+01,
2361,-8.00e-03,2.88e+01,
2362,-8.00e-03,2.88e+01,
2363,-8.00e-03,2.88e+01,
2364,-1.60e-02,2.88e+01,
2365,-8.00e-03,2.88e+01,
2366,-1.60e-02,2.88e+01,
2367,-1.60e-02,2.88e+01,
2368,-1.60e-02,2.88e+01,
2369,-1.60e-02,2.88e+01,
2370,-1.60e-02,2.88e+01,
2371,-8.00e-03,2.88e+01,
2372,-1.60e-02,2.88e+01,
2373,-8.00e-03,2.88e+01,
2374,-8.00e-03,2.88e+01,
2375,-1.60e-02,2.88e+01,
2376,-1.60e-02,2.88e+01,
2377,-8.00e-03,2.88e+01,
2378,-8.00e-03,2.88e+01,
2379,-8.00e-03,2.88e+01,
2380,-1.60e-02,2.88e+01,
2381,-8.00e-03,2.88e+01,
2382,-8.00e-03,2.80e+01,
2383,-8.00e-03,2.88e+01,
2384,-1.60e-02,2.88e+01,
2385,-8.00e-03,2.80e+01,
2386,-8.00e-03,2.80e+01,
2387,-8.00e-03,2.88e+01,
2388,-8.00e-03,2.88e+01,
2389,-8.00e-03,2.80e+01,
2390,-8.00e-03,2.80e+01,
2391,-8.00e-03,2.80e+01,
2392,-8.00e-03,2.80e+01,
2393,-8.00e-03,2.80e+01,
2394,-8.00e-03,2.80e+01,
2395,-8.00e-03,2.80e+01,
2396,-8.00e-03,2.80e+01,
2397,-8.00e-03,2.80e+01,
2398,-8.00e-03,2.80e+01,
2399,-8.00e-03,2.80e+01,
2400,-8.00e-03,2.88e+01,
2401,-8.00e-03,2.80e+01,
2402,-8.00e-03,2.80e+01,
2403,-8.00e-03,2.88e+01,
2404,-8.00e-03,2.88e+01,
2405,-8.00e-03,2.80e+01,
2406,-8.00e-03,2.80e+01,
2407,-8.00e-03,2.88e+01,
2408,-8.00e-03,2.88e+01,
2409,-8.00e-03,2.88e+01,
2410,-1.60e-02,2.88e+01,
2411,-8.00e-03,2.88e+01,
2412,-1.60e-02,2.88e+01,
2413,-8.00e-03,2.88e+01,
2414,-8.00e-03,2.88e+01,
2415,-8.00e-03,2.88e+01,
2416,-1.60e-02,2.88e+01,
2417,-8.00e-03,2.88e+01,
2418,-1.60e-02,2.88e+01,
2419,-8.00e-03,2.88e+01,
2420,-1.60e-02,2.88e+01,
2421,-8.00e-03,2.88e+01,
2422,-8.00e-03,2.88e+01,
2423,-1.60e-02,2.88e+01,
2424,-1.60e-02,2.88e+01,
2425,-8.00e-03,2.88e+01,
2426,-1.60e-02,2.88e+01,
2427,-8.00e-03,2.88e+01,
2428,-1.60e-02,2.88e+01,
2429,-8.00e-03,2.88e+01,
2430,-1.60e-02,2.88e+01,
2431,-8.00e-03,2.88e+01,
2432,-1.60e-02,2.88e+01,
2433,-8.00e-03,2.88e+01,
2434,-8.00e-03,2.80e+01,
2435,-8.00e-03,2.88e+01,
2436,-8.00e-03,2.88e+01,
2437,-8.00e-03,2.88e+01,
2438,-8.00e-03,2.80e+01,
2439,-8.00e-03,2.88e+01,
2440,-8.00e-03,2.88e+01,
2441,-8.00e-03,2.80e+01,
2442,-8.00e-03,2.80e+01,
2443,-8.00e-03,2.80e+01,
2444,-8.00e-03,2.88e+01,
2445,-8.00e-03,2.80e+01,
2446,-8.00e-03,2.80e+01,
2447,-8.00e-03,2.80e+01,
2448,-8.00e-03,2.80e+01,
2449,-8.00e-03,2.80e+01,
2450,-8.00e-03,2.80e+01,
2451,-8.00e-03,2.80e+01,
2452,-8.00e-03,2.88e+01,
2453,-8.00e-03,2.80e+01,
2454,-8.00e-03,2.80e+01,
2455,-8.00e-03,2.88e+01,
2456,-8.00e-03,2.88e+01,
2457,-8.00e-03,2.80e+01,
2458,-8.00e-03,2.80e+01,
2459,-8.00e-03,2.88e+01,
2460,-8.00e-03,2.88e+01,
2461,-8.00e-03,2.88e+01,
2462,-8.00e-03,2.88e+01,
2463,-8.00e-03,2.88e+01,
2464,-8.00e-03,2.88e+01,
2465,-8.00e-03,2.88e+01,
2466,-1.60e-02,2.88e+01,
2467,-8.00e-03,2.88e+01,
2468,-1.60e-02,2.88e+01,
2469,-8.00e-03,2.88e+01,
2470,-8.00e-03,2.88e+01,
2471,-8.00e-03,2.88e+01,
2472,-1.60e-02,2.88e+01,
2473,-8.00e-03,2.88e+01,
2474,-8.00e-03,2.88e+01,
2475,-8.00e-03,2.88e+01,
2476,-1.60e-02,2.88e+01,
2477,-8.00e-03,2.88e+01,
2478,-8.00e-03,2.88e+01,
2479,-8.00e-03,2.88e+01,
2480,-1.60e-02,2.88e+01,
2481,-8.00e-03,2.88e+01,
2482,-8.00e-03,2.88e+01,
2483,-8.00e-03,2.88e+01,
2484,-1.60e-02,2.88e+01,
2485,-8.00e-03,2.88e+01,
2486,-8.00e-03,2.88e+01,
2487,-8.00e-03,2.88e+01,
2488,-1.60e-02,2.88e+01,
2489,-8.00e-03,2.88e+01,
2490,-8.00e-03,2.80e+01,
2491,-8.00e-03,2.88e+01,
2492,-8.00e-03,2.88e+01,
2493,-8.00e-03,2.80e+01,
2494,-8.00e-03,2.80e+01,
2495,-8.00e-03,2.88e+01,
2496,-8.00e-03,2.88e+01,
2497,-8.00e-03,2.80e+01,
2498,-8.00e-03,2.80e+01,
2499,-8.00e-03,2.80e+01,
2500,-8.00e-03,2.88e+01,
2501,-8.00e-03,2.80e+01,
2502,-8.00e-03,2.80e+01,
2503,-8.00e-03,2.88e+01,
2504,-8.00e-03,2.88e+01,
2505,-8.00e-03,2.80e+01,
2506,-8.00e-03,2.80e+01,
2507,-8.00e-03,2.88e+01,
2508,-8.00e-03,2.88e+01,
2509,-8.00e-03,2.88e+01,
2510,-8.00e-03,2.80e+01,
2511,-8.00e-03,2.88e+01,
2512,-8.00e-03,2.88e+01,
2513,-8.00e-03,2.88e+01,
2514,-1.60e-02,2.80e+01,
2515,-8.00e-03,2.88e+01,
2516,-8.00e-03,2.88e+01,
2517,-8.00e-03,2.88e+01,
2518,-8.00e-03,2.88e+01,
2519,-8.00e-03,2.88e+01,
2520,-8.00e-03,2.88e+01,
2521,-8.00e-03,2.88e+01,
2522,-8.00e-03,2.88e+01,
2523,-8.00e-03,2.88e+01,
2524,-1.60e-02,2.88e+01,
2525,-8.00e-03,2.88e+01,
2526,-8.00e-03,2.88e+01,
2527,-8.00e-03,2.88e+01,
2528,-1.60e-02,2.88e+01,
2529,-8.00e-03,2.88e+01,
2530,-1.60e-02,2.88e+01,
2531,-8.00e-03,2.88e+01,
2532,-1.60e-02,2.88e+01,
2533,-8.00e-03,2.88e+01,
2534,-8.00e-03,2.88e+01,
2535,-8.00e-03,2.88e+01,
2536,-1.60e-02,2.88e+01,
2537,-8.00e-03,2.88e+01,
2538,-1.60e-02,2.80e+01,
2539,-8.00e-03,2.88e+01,
2540,-8.00e-03,2.88e+01,
2541,-8.00e-03,2.88e+01,
2542,-8.00e-03,2.80e+01,
2543,-8.00e-03,2.88e+01,
2544,-8.00e-03,2.88e+01,
2545,-8.00e-03,2.80e+01,
2546,-8.00e-03,2.80e+01,
2547,-8.00e-03,2.88e+01,
2548,-8.00e-03,2.88e+01,
2549,-8.00e-03,2.80e+01,
2550,-8.00e-03,2.80e+01,
2551,-8.00e-03,2.80e+01,
2552,-8.00e-03,2.88e+01,
2553,-8.00e-03,2.80e+01,
2554,-8.00e-03,2.80e+01,
2555,-8.00e-03,2.88e+01,
2556,-8.00e-03,2.88e+01,
2557,-8.00e-03,2.80e+01,
2558,-8.00e-03,2.80e+01,
2559,-8.00e-03,2.88e+01,
2560,-8.00e-03,2.88e+01,
2561,-8.00e-03,2.80e+01,
2562,-8.00e-03,2.80e+01,
2563,-8.00e-03,2.88e+01,
2564,-8.00e-03,2.88e+01,
2565,-8.00e-03,2.88e+01,
2566,-8.00e-03,2.80e+01,
2567,-8.00e-03,2.88e+01,
2568,-8.00e-03,2.88e+01,
2569,-8.00e-03,2.88e+01,
2570,-8.00e-03,2.88e+01,
2571,-8.00e-03,2.88e+01,
2572,-1.60e-02,2.88e+01,
2573,-8.00e-03,2.88e+01,
2574,-8.00e-03,2.88e+01,
2575,-8.00e-03,2.88e+01,
2576,-1.60e-02,2.88e+01,
2577,-8.00e-03,2.88e+01,
2578,-1.60e-02,2.88e+01,
2579,-8.00e-03,2.88e+01,
2580,-8.00e-03,2.88e+01,
2581,-8.00e-03,2.88e+01,
2582,-8.00e-03,2.88e+01,
2583,-8.00e-03,2.88e+01,
2584,-1.60e-02,2.88e+01,
2585,-8.00e-03,2.88e+01,
2586,-8.00e-03,2.88e+01,
2587,-8.00e-03,2.88e+01,
2588,-1.60e-02,2.88e+01,
2589,-8.00e-03,2.88e+01,
2590,-8.00e-03,2.88e+01,
2591,-8.00e-03,2.88e+01,
2592,-8.00e-03,2.88e+01,
2593,-8.00e-03,2.88e+01,
2594,-8.00e-03,2.80e+01,
2595,-8.00e-03,2.88e+01,
2596,-8.00e-03,2.88e+01,
2597,-8.00e-03,2.88e+01,
2598,-8.00e-03,2.80e+01,
2599,-8.00e-03,2.88e+01,
2600,-8.00e-03,2.88e+01,
2601,-8.00e-03,2.80e+01,
2602,-8.00e-03,2.80e+01,
2603,-8.00e-03,2.88e+01,
2604,-8.00e-03,2.88e+01,
2605,-8.00e-03,2.80e+01,
2606,-8.00e-03,2.80e+01,
2607,-8.00e-03,2.88e+01,
2608,-8.00e-03,2.88e+01,
2609,-8.00e-03,2.80e+01,
2610,-8.00e-03,2.88e+01,
2611,-8.00e-03,2.80e+01,
2612,-8.00e-03,2.88e+01,
2613,-8.00e-03,2.80e+01,
2614,-8.00e-03,2.80e+01,
2615,-8.00e-03,2.88e+01,
2616,-8.00e-03,2.88e+01,
2617,-8.00e-03,2.80e+01,
2618,-8.00e-03,2.88e+01,
2619,-8.00e-03,2.80e+01,
2620,-1.60e-02,2.88e+01,
2621,-8.00e-03,2.88e+01,
2622,-8.00e-03,2.80e+01,
2623,-8.00e-03,2.88e+01,
2624,-8.00e-03,2.88e+01,
2625,-8.00e-03,2.88e+01,
2626,-8.00e-03,2.88e+01,
2627,-8.00e-03,2.88e+01,
2628,-1.60e-02,2.88e+01,
2629,-8.00e-03,2.88e+01,
2630,-8.00e-03,2.88e+01,
2631,-8.00e-03,2.88e+01,
2632,-8.00e-03,2.88e+01,
2633,-8.00e-03,2.88e+01,
2634,-1.60e-02,2.88e+01,
2635,-8.00e-03,2.88e+01,
2636,-1.60e-02,2.88e+01,
2637,-8.00e-03,2.88e+01,
2638,-8.00e-03,2.88e+01,
2639,-8.00e-03,2.88e+01,
2640,-1.60e-02,2.88e+01,
2641,-8.00e-03,2.88e+01,
2642,-1.60e-02,2.88e+01,
2643,-8.00e-03,2.88e+01,
2644,-8.00e-03,2.88e+01,
2645,-8.00e-03,2.88e+01,
2646,-8.00e-03,2.80e+01,
2647,-8.00e-03,2.88e+01,
2648,-1.60e-02,2.88e+01,
2649,-8.00e-03,2.88e+01,
2650,-8.00e-03,2.80e+01,
2651,-8.00e-03,2.88e+01,
2652,-8.00e-03,2.88e+01,
2653,-8.00e-03,2.88e+01,
2654,-8.00e-03,2.80e+01,
2655,-8.00e-03,2.88e+01,
2656,-8.00e-03,2.88e+01,
2657,-8.00e-03,2.80e+01,
2658,-8.00e-03,2.80e+01,
2659,-8.00e-03,2.88e+01,
2660,-8.00e-03,2.88e+01,
2661,-8.00e-03,2.88e+01,
2662,-8.00e-03,2.80e+01,
2663,-8.00e-03,2.88e+01,
2664,-8.00e-03,2.88e+01,
2665,-8.00e-03,2.88e+01,
2666,-8.00e-03,2.80e+01,
2667,-8.00e-03,2.88e+01,
2668,-8.00e-03,2.88e+01,
2669,-8.00e-03,2.88e+01,
2670,-8.00e-03,2.80e+01,
2671,-8.00e-03,2.88e+01,
2672,-8.00e-03,2.88e+01,
2673,-8.00e-03,2.88e+01,
2674,-8.00e-03,2.80e+01,
2675,-8.00e-03,2.88e+01,
2676,-1.60e-02,2.88e+01,
2677,-8.00e-03,2.88e+01,
2678,-8.00e-03,2.88e+01,
2679,-8.00e-03,2.88e+01,
2680,-8.00e-03,2.88e+01,
2681,-8.00e-03,2.88e+01,
2682,-8.00e-03,2.88e+01,
2683,-8.00e-03,2.88e+01,
2684,-1.60e-02,2.88e+01,
2685,-8.00e-03,2.88e+01,
2686,-8.00e-03,2.88e+01,
2687,-8.00e-03,2.88e+01,
2688,-8.00e-03,2.88e+01,
2689,-8.00e-03,2.88e+01,
2690,-8.00e-03,2.88e+01,
2691,-8.00e-03,2.88e+01,
2692,-8.00e-03,2.88e+01,
2693,-8.00e-03,2.88e+01,
2694,-8.00e-03,2.88e+01,
2695,-8.00e-03,2.88e+01,
2696,-1.60e-02,2.88e+01,
2697,-8.00e-03,2.88e+01,
2698,-8.00e-03,2.80e+01,
2699,-8.00e-03,2.88e+01,
2700,-1.60e-02,2.88e+01,
2701,-8.00e-03,2.88e+01,
2702,-8.00e-03,2.88e+01,
2703,-8.00e-03,2.88e+01,
2704,-8.00e-03,2.88e+01,
2705,-8.00e-03,2.88e+01,
2706,-8.00e-03,2.80e+01,
2707,-8.00e-03,2.88e+01,
2708,-8.00e-03,2.88e+01,
2709,-8.00e-03,2.88e+01,
2710,-8.00e-03,2.80e+01,
2711,-8.00e-03,2.88e+01,
2712,-8.00e-03,2.88e+01,
2713,-8.00e-03,2.80e+01,
2714,-8.00e-03,2.80e+01,
2715,-8.00e-03,2.88e+01,
2716,-8.00e-03,2.88e+01,
2717,-8.00e-03,2.88e+01,
2718,-8.00e-03,2.80e+01,
2719,-8.00e-03,2.88e+01,
2720,-8.00e-03,2.88e+01,
2721,-8.00e-03,2.80e+01,
2722,-8.00e-03,2.80e+01,
2723,-8.00e-03,2.88e+01,
2724,-1.60e-02,2.88e+01,
2725,-8.00e-03,2.88e+01,
2726,-8.00e-03,2.88e+01,
2727,-8.00e-03,2.88e+01,
2728,-8.00e-03,2.88e+01,
2729,-8.00e-03,2.88e+01,
2730,-1.60e-02,2.88e+01,
2731,-8.00e-03,2.88e+01,
2732,-1.60e-02,2.88e+01,
2733,-8.00e-03,2.88e+01,
2734,-8.00e-03,2.88e+01,
2735,-8.00e-03,2.88e+01,
2736,-8.00e-03,2.88e+01,
2737,-8.00e-03,2.88e+01,
2738,-8.00e-03,2.80e+01,
2739,-8.00e-03,2.88e+01,
2740,-8.00e-03,2.88e+01,
2741,-8.00e-03,2.88e+01,
2742,-8.00e-03,2.88e+01,
2743,-8.00e-03,2.88e+01,
2744,-1.60e-02,2.88e+01,
2745,-8.00e-03,2.88e+01,
2746,-8.00e-03,2.88e+01,
2747,-8.00e-03,2.88e+01,
2748,-8.00e-03,2.88e+01,
2749,-8.00e-03,2.88e+01,
2750,-8.00e-03,2.88e+01,
2751,-8.00e-03,2.88e+01,
2752,-8.00e-03,2.88e+01,
2753,-8.00e-03,2.80e+01,
2754,-8.00e-03,2.80e+01,
2755,-8.00e-03,2.88e+01,
2756,-8.00e-03,2.88e+01,
2757,-8.00e-03,2.88e+01,
2758,-8.00e-03,2.80e+01,
2759,-8.00e-03,2.88e+01,
2760,-8.00e-03,2.88e+01,
2761,-8.00e-03,2.80e+01,
2762,-8.00e-03,2.80e+01,
2763,-8.00e-03,2.88e+01,
2764,-8.00e-03,2.88e+01,
2765,-8.00e-03,2.88e+01,
2766,-8.00e-03,2.80e+01,
2767,-8.00e-03,2.88e+01,
2768,-8.00e-03,2.88e+01,
2769,-8.00e-03,2.88e+01,
2770,-8.00e-03,2.80e+01,
2771,-8.00e-03,2.88e+01,
2772,-8.00e-03,2.88e+01,
2773,-8.00e-03,2.88e+01,
2774,-8.00e-03,2.80e+01,
2775,-8.00e-03,2.88e+01,
2776,-8.00e-03,2.88e+01,
2777,-8.00e-03,2.88e+01,
2778,-8.00e-03,2.80e+01,
2779,-8.00e-03,2.88e+01,
2780,-8.00e-03,2.88e+01,
2781,-8.00e-03,2.88e+01,
2782,-8.00e-03,2.80e+01,
2783,-8.00e-03,2.88e+01,
2784,-8.00e-03,2.88e+01,
2785,-8.00e-03,2.88e+01,
2786,-8.00e-03,2.80e+01,
2787,-8.00e-03,2.88e+01,
2788,-8.00e-03,2.88e+01,
2789,-8.00e-03,2.88e+01,
2790,-8.00e-03,2.88e+01,
2791,-8.00e-03,2.88e+01,
2792,-8.00e-03,2.88e+01,
2793,-8.00e-03,2.88e+01,
2794,-8.00e-03,2.80e+01,
2795,-8.00e-03,2.88e+01,
2796,-1.60e-02,2.88e+01,
2797,-8.00e-03,2.88e+01,
2798,-8.00e-03,2.88e+01,
2799,-8.00e-03,2.88e+01,
2800,-8.00e-03,2.88e+01,
2801,-8.00e-03,2.88e+01,
2802,-8.00e-03,2.88e+01,
2803,-8.00e-03,2.88e+01,
2804,-8.00e-03,2.88e+01,
2805,-8.00e-03,2.88e+01,
2806,-8.00e-03,2.80e+01,
2807,-8.00e-03,2.88e+01,
2808,-8.00e-03,2.88e+01,
2809,-8.00e-03,2.80e+01,
2810,-8.00e-03,2.88e+01,
2811,-8.00e-03,2.88e+01,
2812,-8.00e-03,2.88e+01,
2813,-8.00e-03,2.88e+01,
2814,-8.00e-03,2.80e+01,
2815,-8.00e-03,2.88e+01,
2816,-8.00e-03,2.88e+01,
2817,-8.00e-03,2.80e+01,
2818,-8.00e-03,2.88e+01,
2819,-8.00e-03,2.80e+01,
2820,-8.00e-03,2.88e+01,
2821,-8.00e-03,2.88e+01,
2822,-8.00e-03,2.80e+01,
2823,-8.00e-03,2.88e+01,
2824,-8.00e-03,2.80e+01,
2825,-8.00e-03,2.88e+01,
2826,-8.00e-03,2.88e+01,
2827,-8.00e-03,2.88e+01,
2828,-8.00e-03,2.88e+01,
2829,-8.00e-03,2.88e+01,
2830,-8.00e-03,2.80e+01,
2831,-8.00e-03,2.88e+01,
2832,-1.60e-02,2.88e+01,
2833,-8.00e-03,2.88e+01,
2834,-8.00e-03,2.80e+01,
2835,-8.00e-03,2.88e+01,
2836,-8.00e-03,2.88e+01,
2837,-8.00e-03,2.88e+01,
2838,-8.00e-03,2.80e+01,
2839,-8.00e-03,2.88e+01,
2840,-8.00e-03,2.88e+01,
2841,-8.00e-03,2.88e+01,
2842,-8.00e-03,2.88e+01,
2843,-8.00e-03,2.88e+01,
2844,-8.00e-03,2.88e+01,
2845,-8.00e-03,2.88e+01,
2846,-8.00e-03,2.80e+01,
2847,-8.00e-03,2.88e+01,
2848,-8.00e-03,2.88e+01,
2849,-8.00e-03,2.88e+01,
2850,-8.00e-03,2.80e+01,
2851,-8.00e-03,2.88e+01,
2852,-1.60e-02,2.88e+01,
2853,-8.00e-03,2.80e+01,
2854,-8.00e-03,2.88e+01,
2855,-8.00e-03,2.88e+01,
2856,-8.00e-03,2.88e+01,
2857,-8.00e-03,2.88e+01,
2858,-8.00e-03,2.80e+01,
2859,-8.00e-03,2.88e+01,
2860,-8.00e-03,2.88e+01,
2861,-8.00e-03,2.88e+01,
2862,-8.00e-03,2.80e+01,
2863,-8.00e-03,2.88e+01,
2864,-8.00e-03,2.88e+01,
2865,-8.00e-03,2.80e+01,
2866,-8.00e-03,2.80e+01,
2867,-8.00e-03,2.88e+01,
2868,-8.00e-03,2.88e+01,
2869,-8.00e-03,2.88e+01,
2870,-8.00e-03,2.80e+01,
2871,-8.00e-03,2.88e+01,
2872,-8.00e-03,2.88e+01,
2873,-8.00e-03,2.80e+01,
2874,-8.00e-03,2.80e+01,
2875,-8.00e-03,2.88e+01,
2876,-8.00e-03,2.88e+01,
2877,-8.00e-03,2.88e+01,
2878,-8.00e-03,2.80e+01,
2879,-8.00e-03,2.88e+01,
2880,-8.00e-03,2.88e+01,
2881,-8.00e-03,2.80e+01,
2882,-8.00e-03,2.80e+01,
2883,-8.00e-03,2.88e+01,
2884,-8.00e-03,2.88e+01,
2885,-8.00e-03,2.80e+01,
2886,-8.00e-03,2.80e+01,
2887,-8.00e-03,2.88e+01,
2888,-8.00e-03,2.88e+01,
2889,-8.00e-03,2.88e+01,
2890,-8.00e-03,2.88e+01,
2891,-8.00e-03,2.88e+01,
2892,-8.00e-03,2.88e+01,
2893,-8.00e-03,2.88e+01,
2894,-8.00e-03,2.80e+01,
2895,-8.00e-03,2.88e+01,
2896,-8.00e-03,2.88e+01,
2897,-8.00e-03,2.88e+01,
2898,-8.00e-03,2.80e+01,
2899,-8.00e-03,2.88e+01,
2900,-8.00e-03,2.88e+01,
2901,-8.00e-03,2.88e+01,
2902,-8.00e-03,2.80e+01,
2903,-8.00e-03,2.88e+01,
2904,-8.00e-03,2.88e+01,
2905,-8.00e-03,2.80e+01,
2906,-8.00e-03,2.80e+01,
2907,-8.00e-03,2.88e+01,
2908,-8.00e-03,2.88e+01,
2909,-8.00e-03,2.88e+01,
2910,-8.00e-03,2.80e+01,
2911,-8.00e-03,2.88e+01,
2912,-8.00e-03,2.88e+01,
2913,-8.00e-03,2.88e+01,
2914,-8.00e-03,2.80e+01,
2915,-8.00e-03,2.88e+01,
2916,-8.00e-03,2.88e+01,
2917,-8.00e-03,2.88e+01,
2918,-8.00e-03,2.80e+01,
2919,-8.00e-03,2.88e+01,
2920,-8.00e-03,2.88e+01,
2921,-8.00e-03,2.80e+01,
2922,-8.00e-03,2.80e+01,
2923,-8.00e-03,2.88e+01,
2924,-8.00e-03,2.88e+01,
2925,-8.00e-03,2.80e+01,
2926,-8.00e-03,2.80e+01,
2927,-8.00e-03,2.88e+01,
2928,-8.00e-03,2.88e+01,
2929,-8.00e-03,2.88e+01,
2930,-8.00e-03,2.80e+01,
2931,-8.00e-03,2.88e+01,
2932,-1.60e-02,2.88e+01,
2933,-8.00e-03,2.80e+01,
2934,-8.00e-03,2.80e+01,
2935,-8.00e-03,2.88e+01,
2936,-8.00e-03,2.88e+01,
2937,-8.00e-03,2.88e+01,
2938,-8.00e-03,2.80e+01,
2939,-8.00e-03,2.88e+01,
2940,-8.00e-03,2.88e+01,
2941,-8.00e-03,2.88e+01,
2942,-8.00e-03,2.80e+01,
2943,-8.00e-03,2.88e+01,
2944,-8.00e-03,2.88e+01,
2945,-8.00e-03,2.80e+01,
2946,-8.00e-03,2.80e+01,
2947,-8.00e-03,2.88e+01,
2948,-1.60e-02,2.88e+01,
2949,-8.00e-03,2.88e+01,
2950,-8.00e-03,2.88e+01,
2951,-8.00e-03,2.88e+01,
2952,-8.00e-03,2.88e+01,
2953,-8.00e-03,2.88e+01,
2954,-8.00e-03,2.80e+01,
2955,-8.00e-03,2.88e+01,
2956,-8.00e-03,2.88e+01,
2957,-8.00e-03,2.88e+01,
2958,-8.00e-03,2.80e+01,
2959,-8.00e-03,2.88e+01,
2960,-8.00e-03,2.88e+01,
2961,-8.00e-03,2.88e+01,
2962,-8.00e-03,2.80e+01,
2963,-8.00e-03,2.88e+01,
2964,-8.00e-03,2.88e+01,
2965,-8.00e-03,2.88e+01,
2966,-8.00e-03,2.80e+01,
2967,-8.00e-03,2.88e+01,
2968,-8.00e-03,2.88e+01,
2969,-8.00e-03,2.88e+01,
2970,-8.00e-03,2.80e+01,
2971,-8.00e-03,2.88e+01,
2972,-8.00e-03,2.88e+01,
2973,-8.00e-03,2.80e+01,
2974,-8.00e-03,2.80e+01,
2975,-8.00e-03,2.88e+01,
2976,-8.00e-03,2.88e+01,
2977,-8.00e-03,2.88e+01,
2978,-8.00e-03,2.80e+01,
2979,-8.00e-03,2.88e+01,
2980,-1.60e-02,2.88e+01,
2981,-8.00e-03,2.88e+01,
2982,-8.00e-03,2.80e+01,
2983,-8.00e-03,2.88e+01,
2984,-8.00e-03,2.88e+01,
2985,-8.00e-03,2.80e+01,
2986,-8.00e-03,2.80e+01,
2987,-8.00e-03,2.88e+01,
2988,-8.00e-03,2.88e+01,
2989,-8.00e-03,2.88e+01,
2990,-8.00e-03,2.80e+01,
2991,-8.00e-03,2.88e+01,
2992,-8.00e-03,2.88e+01,
2993,-8.00e-03,2.80e+01,
2994,-8.00e-03,2.80e+01,
2995,-8.00e-03,2.88e+01,
2996,-8.00e-03,2.88e+01,
2997,-8.00e-03,2.88e+01,
2998,-8.00e-03,2.80e+01,
2999,-8.00e-03,2.88e+01,
3000,-8.00e-03,2.88e+01,
3001,-8.00e-03,2.80e+01,
3002,-8.00e-03,2.80e+01,
3003,-8.00e-03,2.88e+01,
3004,-8.00e-03,2.88e+01,
3005,-8.00e-03,2.88e+01,
3006,-8.00e-03,2.80e+01,
3007,-8.00e-03,2.88e+01,
3008,-8.00e-03,2.88e+01,
3009,-8.00e-03,2.80e+01,
3010,-8.00e-03,2.88e+01,
3011,-8.00e-03,2.88e+01,
3012,-8.00e-03,2.88e+01,
3013,-8.00e-03,2.80e+01,
3014,-8.00e-03,2.80e+01,
3015,-8.00e-03,2.88e+01,
3016,-8.00e-03,2.88e+01,
3017,-8.00e-03,2.80e+01,
3018,-8.00e-03,2.88e+01,
3019,-8.00e-03,2.80e+01,
3020,-1.60e-02,2.88e+01,
3021,-8.00e-03,2.88e+01,
3022,-8.00e-03,2.80e+01,
3023,-8.00e-03,2.88e+01,
3024,-8.00e-03,2.88e+01,
3025,-8.00e-03,2.80e+01,
3026,-8.00e-03,2.80e+01,
3027,-8.00e-03,2.88e+01,
3028,-8.00e-03,2.88e+01,
3029,-8.00e-03,2.88e+01,
3030,-8.00e-03,2.80e+01,
3031,-8.00e-03,2.88e+01,
3032,-8.00e-03,2.88e+01,
3033,-8.00e-03,2.80e+01,
3034,-8.00e-03,2.80e+01,
3035,-8.00e-03,2.88e+01,
3036,-8.00e-03,2.80e+01,
3037,-8.00e-03,2.88e+01,
3038,-8.00e-03,2.80e+01,
3039,-8.00e-03,2.88e+01,
3040,-8.00e-03,2.88e+01,
3041,-8.00e-03,2.80e+01,
3042,-8.00e-03,2.88e+01,
3043,-8.00e-03,2.88e+01,
3044,-8.00e-03,2.88e+01,
3045,-8.00e-03,2.88e+01,
3046,-8.00e-03,2.80e+01,
3047,-8.00e-03,2.88e+01,
3048,-8.00e-03,2.88e+01,
3049,-8.00e-03,2.88e+01,
3050,-8.00e-03,2.80e+01,
3051,-8.00e-03,2.88e+01,
3052,-8.00e-03,2.88e+01,
3053,-8.00e-03,2.88e+01,
3054,-8.00e-03,2.80e+01,
3055,-8.00e-03,2.88e+01,
3056,-8.00e-03,2.88e+01,
3057,-8.00e-03,2.88e+01,
3058,-8.00e-03,2.80e+01,
3059,-8.00e-03,2.88e+01,
3060,-8.00e-03,2.88e+01,
3061,-8.00e-03,2.88e+01,
3062,-8.00e-03,2.80e+01,
3063,-8.00e-03,2.88e+01,
3064,-1.60e-02,2.88e+01,
3065,-8.00e-03,2.88e+01,
3066,-8.00e-03,2.80e+01,
3067,-8.00e-03,2.88e+01,
3068,-8.00e-03,2.88e+01,
3069,-8.00e-03,2.88e+01,
3070,-8.00e-03,2.80e+01,
3071,-8.00e-03,2.88e+01,
3072,-8.00e-03,2.88e+01,
3073,-8.00e-03,2.80e+01,
3074,-8.00e-03,2.80e+01,
3075,-8.00e-03,2.88e+01,
3076,-8.00e-03,2.88e+01,
3077,-8.00e-03,2.88e+01,
3078,-8.00e-03,2.80e+01,
3079,-8.00e-03,2.88e+01,
3080,-8.00e-03,2.88e+01,
3081,-8.00e-03,2.80e+01,
3082,-8.00e-03,2.80e+01,
3083,-8.00e-03,2.88e+01,
3084,-8.00e-03,2.88e+01,
3085,-8.00e-03,2.80e+01,
3086,-8.00e-03,2.80e+01,
3087,-8.00e-03,2.88e+01,
3088,-8.00e-03,2.88e+01,
3089,-8.00e-03,2.88e+01,
3090,-8.00e-03,2.80e+01,
3091,-8.00e-03,2.88e+01,
3092,-8.00e-03,2.88e+01,
3093,-8.00e-03,2.88e+01,
3094,-8.00e-03,2.80e+01,
3095,-8.00e-03,2.88e+01,
3096,-8.00e-03,2.88e+01,
3097,-8.00e-03,2.88e+01,
3098,-8.00e-03,2.80e+01,
3099,-8.00e-03,2.88e+01,
3100,-8.00e-03,2.88e+01,
3101,-8.00e-03,2.88e+01,
3102,-8.00e-03,2.80e+01,
3103,-8.00e-03,2.88e+01,
3104,-8.00e-03,2.88e+01,
3105,-8.00e-03,2.88e+01,
3106,-8.00e-03,2.80e+01,
3107,-8.00e-03,2.88e+01,
3108,-8.00e-03,2.88e+01,
3109,-8.00e-03,2.88e+01,
3110,-8.00e-03,2.80e+01,
3111,-8.00e-03,2.88e+01,
3112,-1.60e-02,2.88e+01,
3113,-8.00e-03,2.80e+01,
3114,-8.00e-03,2.80e+01,
3115,-8.00e-03,2.88e+01,
3116,-8.00e-03,2.88e+01,
3117,-8.00e-03,2.88e+01,
3118,-8.00e-03,2.80e+01,
3119,-8.00e-03,2.88e+01,
3120,-8.00e-03,2.88e+01,
3121,-8.00e-03,2.80e+01,
3122,-8.00e-03,2.80e+01,
3123,-8.00e-03,2.88e+01,
3124,-8.00e-03,2.88e+01,
3125,-8.00e-03,2.80e+01,
3126,-8.00e-03,2.80e+01,
3127,-8.00e-03,2.88e+01,
3128,-8.00e-03,2.88e+01,
3129,-8.00e-03,2.88e+01,
3130,-8.00e-03,2.80e+01,
3131,-8.00e-03,2.88e+01,
3132,-8.00e-03,2.88e+01,
3133,-8.00e-03,2.80e+01,
3134,-8.00e-03,2.80e+01,
3135,-8.00e-03,2.88e+01,
3136,-8.00e-03,2.88e+01,
3137,-8.00e-03,2.88e+01,
3138,-8.00e-03,2.80e+01,
3139,-8.00e-03,2.88e+01,
3140,-8.00e-03,2.88e+01,
3141,-8.00e-03,2.80e+01,
3142,-8.00e-03,2.80e+01,
3143,-8.00e-03,2.88e+01,
3144,-8.00e-03,2.88e+01,
3145,-8.00e-03,2.80e+01,
3146,-8.00e-03,2.80e+01,
3147,-8.00e-03,2.88e+01,
3148,-8.00e-03,2.88e+01,
3149,-8.00e-03,2.88e+01,
3150,-8.00e-03,2.80e+01,
3151,-8.00e-03,2.88e+01,
3152,-8.00e-03,2.88e+01,
3153,-8.00e-03,2.80e+01,
3154,-8.00e-03,2.80e+01,
3155,-8.00e-03,2.88e+01,
3156,-8.00e-03,2.88e+01,
3157,-8.00e-03,2.88e+01,
3158,-8.00e-03,2.80e+01,
3159,-8.00e-03,2.88e+01,
3160,-8.00e-03,2.88e+01,
3161,-8.00e-03,2.80e+01,
3162,-8.00e-03,2.80e+01,
3163,-8.00e-03,2.88e+01,
3164,-1.60e-02,2.88e+01,
3165,-8.00e-03,2.88e+01,
3166,-8.00e-03,2.80e+01,
3167,-8.00e-03,2.88e+01,
3168,-8.00e-03,2.88e+01,
3169,-8.00e-03,2.80e+01,
3170,-8.00e-03,2.80e+01,
3171,-8.00e-03,2.88e+01,
3172,-8.00e-03,2.88e+01,
3173,-8.00e-03,2.80e+01,
3174,-8.00e-03,2.80e+01,
3175,-8.00e-03,2.88e+01,
3176,-8.00e-03,2.88e+01,
3177,-8.00e-03,2.88e+01,
3178,-8.00e-03,2.80e+01,
3179,-8.00e-03,2.88e+01,
3180,-8.00e-03,2.88e+01,
3181,-8.00e-03,2.80e+01,
3182,-8.00e-03,2.80e+01,
3183,-8.00e-03,2.88e+01,
3184,-8.00e-03,2.88e+01,
3185,-8.00e-03,2.80e+01,
3186,-8.00e-03,2.80e+01,
3187,-8.00e-03,2.88e+01,
3188,-8.00e-03,2.88e+01,
3189,-8.00e-03,2.88e+01,
3190,-8.00e-03,2.80e+01,
3191,-8.00e-03,2.88e+01,
3192,-1.60e-02,2.88e+01,
3193,-8.00e-03,2.80e+01,
3194,-8.00e-03,2.88e+01,
3195,-8.00e-03,2.88e+01,
3196,-8.00e-03,2.88e+01,
3197,-8.00e-03,2.88e+01,
3198,-8.00e-03,2.80e+01,
3199,-8.00e-03,2.88e+01,
3200,-8.00e-03,2.88e+01,
3201,-8.00e-03,2.80e+01,
3202,-8.00e-03,2.80e+01,
3203,-8.00e-03,2.88e+01,
3204,-8.00e-03,2.88e+01,
3205,-8.00e-03,2.80e+01,
3206,-8.00e-03,2.80e+01,
3207,-8.00e-03,2.88e+01,
3208,-8.00e-03,2.88e+01,
3209,-8.00e-03,2.88e+01,
3210,-8.00e-03,2.80e+01,
3211,-8.00e-03,2.88e+01,
3212,-8.00e-03,2.88e+01,
3213,-8.00e-03,2.80e+01,
3214,-8.00e-03,2.80e+01,
3215,-8.00e-03,2.88e+01,
3216,-8.00e-03,2.88e+01,
3217,-8.00e-03,2.80e+01,
3218,-8.00e-03,2.88e+01,
3219,-8.00e-03,2.80e+01,
3220,-8.00e-03,2.88e+01,
3221,-8.00e-03,2.88e+01,
3222,-8.00e-03,2.80e+01,
3223,-8.00e-03,2.88e+01,
3224,-8.00e-03,2.88e+01,
3225,-8.00e-03,2.80e+01,
3226,-8.00e-03,2.80e+01,
3227,-8.00e-03,2.88e+01,
3228,-8.00e-03,2.88e+01,
3229,-8.00e-03,2.88e+01,
3230,-8.00e-03,2.80e+01,
3231,-8.00e-03,2.88e+01,
3232,-8.00e-03,2.88e+01,
3233,-8.00e-03,2.80e+01,
3234,-8.00e-03,2.80e+01,
3235,-8.00e-03,2.88e+01,
3236,-8.00e-03,2.88e+01,
3237,-8.00e-03,2.88e+01,
3238,-8.00e-03,2.80e+01,
3239,-8.00e-03,2.88e+01,
3240,-8.00e-03,2.88e+01,
3241,-8.00e-03,2.80e+01,
3242,-8.00e-03,2.80e+01,
3243,-8.00e-03,2.88e+01,
3244,-8.00e-03,2.88e+01,
3245,-8.00e-03,2.80e+01,
3246,-8.00e-03,2.80e+01,
3247,-8.00e-03,2.88e+01,
3248,-8.00e-03,2.88e+01,
3249,-8.00e-03,2.80e+01,
3250,-8.00e-03,2.80e+01,
3251,-8.00e-03,2.88e+01,
3252,-8.00e-03,2.88e+01,
3253,-8.00e-03,2.80e+01,
3254,-8.00e-03,2.80e+01,
3255,-8.00e-03,2.88e+01,
3256,-8.00e-03,2.88e+01,
3257,-8.00e-03,2.80e+01,
3258,-8.00e-03,2.80e+01,
3259,-8.00e-03,2.88e+01,
3260,-8.00e-03,2.88e+01,
3261,-8.00e-03,2.80e+01,
3262,-8.00e-03,2.80e+01,
3263,-8.00e-03,2.88e+01,
3264,-8.00e-03,2.88e+01,
3265,-8.00e-03,2.88e+01,
3266,-8.00e-03,2.80e+01,
3267,-8.00e-03,2.88e+01,
3268,-1.60e-02,2.88e+01,
3269,-8.00e-03,2.88e+01,
3270,-8.00e-03,2.80e+01,
3271,-8.00e-03,2.88e+01,
3272,-8.00e-03,2.88e+01,
3273,-8.00e-03,2.88e+01,
3274,-8.00e-03,2.80e+01,
3275,-8.00e-03,2.88e+01,
3276,-1.60e-02,2.88e+01,
3277,-8.00e-03,2.88e+01,
3278,-8.00e-03,2.80e+01,
3279,-8.00e-03,2.88e+01,
3280,-8.00e-03,2.88e+01,
3281,-8.00e-03,2.80e+01,
3282,-8.00e-03,2.80e+01,
3283,-8.00e-03,2.88e+01,
3284,-8.00e-03,2.88e+01,
3285,-8.00e-03,2.80e+01,
3286,-8.00e-03,2.80e+01,
3287,-8.00e-03,2.88e+01,
3288,-8.00e-03,2.88e+01,
3289,-8.00e-03,2.80e+01,
3290,-8.00e-03,2.80e+01,
3291,-8.00e-03,2.88e+01,
3292,-8.00e-03,2.88e+01,
3293,-8.00e-03,2.80e+01,
3294,-8.00e-03,2.80e+01,
3295,-8.00e-03,2.88e+01,
3296,-8.00e-03,2.88e+01,
3297,-8.00e-03,2.88e+01,
3298,-8.00e-03,2.80e+01,
3299,-8.00e-03,2.88e+01,
3300,-8.00e-03,2.88e+01,
3301,-8.00e-03,2.88e+01,
3302,-8.00e-03,2.80e+01,
3303,-8.00e-03,2.88e+01,
3304,-8.00e-03,2.88e+01,
3305,-8.00e-03,2.80e+01,
3306,-8.00e-03,2.80e+01,
3307,-8.00e-03,2.88e+01,
3308,-8.00e-03,2.88e+01,
3309,-8.00e-03,2.80e+01,
3310,-8.00e-03,2.80e+01,
3311,-8.00e-03,2.88e+01,
3312,-8.00e-03,2.88e+01,
3313,-8.00e-03,2.80e+01,
3314,-8.00e-03,2.80e+01,
3315,-8.00e-03,2.88e+01,
3316,-8.00e-03,2.88e+01,
3317,-8.00e-03,2.88e+01,
3318,-8.00e-03,2.80e+01,
3319,-8.00e-03,2.88e+01,
3320,-8.00e-03,2.88e+01,
3321,-8.00e-03,2.80e+01,
3322,-8.00e-03,2.80e+01,
3323,-8.00e-03,2.88e+01,
3324,-1.60e-02,2.88e+01,
3325,-8.00e-03,2.88e+01,
3326,-8.00e-03,2.80e+01,
3327,-8.00e-03,2.88e+01,
3328,-8.00e-03,2.88e+01,
3329,-8.00e-03,2.88e+01,
3330,-8.00e-03,2.80e+01,
3331,-8.00e-03,2.88e+01,
3332,-8.00e-03,2.88e+01,
3333,-8.00e-03,2.88e+01,
3334,-8.00e-03,2.80e+01,
3335,-8.00e-03,2.88e+01,
3336,-8.00e-03,2.88e+01,
3337,-8.00e-03,2.88e+01,
3338,-8.00e-03,2.80e+01,
3339,-8.00e-03,2.88e+01,
3340,-8.00e-03,2.88e+01,
3341,-8.00e-03,2.80e+01,
3342,-8.00e-03,2.80e+01,
3343,-8.00e-03,2.88e+01,
3344,-8.00e-03,2.88e+01,
3345,-8.00e-03,2.80e+01,
3346,-8.00e-03,2.80e+01,
3347,-8.00e-03,2.88e+01,
3348,-8.00e-03,2.88e+01,
3349,-8.00e-03,2.80e+01,
3350,-8.00e-03,2.80e+01,
3351,-8.00e-03,2.88e+01,
3352,-8.00e-03,2.88e+01,
3353,-8.00e-03,2.80e+01,
3354,-8.00e-03,2.80e+01,
3355,-8.00e-03,2.88e+01,
3356,-8.00e-03,2.88e+01,
3357,-8.00e-03,2.88e+01,
3358,-8.00e-03,2.80e+01,
3359,-8.00e-03,2.88e+01,
3360,-8.00e-03,2.88e+01,
3361,-8.00e-03,2.80e+01,
3362,-8.00e-03,2.80e+01,
3363,-8.00e-03,2.88e+01,
3364,-8.00e-03,2.88e+01,
3365,-8.00e-03,2.88e+01,
3366,-8.00e-03,2.80e+01,
3367,-8.00e-03,2.88e+01,
3368,-8.00e-03,2.88e+01,
3369,-8.00e-03,2.80e+01,
3370,-8.00e-03,2.80e+01,
3371,-8.00e-03,2.88e+01,
3372,-8.00e-03,2.88e+01,
3373,-8.00e-03,2.80e+01,
3374,-8.00e-03,2.80e+01,
3375,-8.00e-03,2.88e+01,
3376,-8.00e-03,2.88e+01,
3377,-8.00e-03,2.88e+01,
3378,-8.00e-03,2.80e+01,
3379,-8.00e-03,2.88e+01,
3380,-8.00e-03,2.88e+01,
3381,-8.00e-03,2.80e+01,
3382,-8.00e-03,2.80e+01,
3383,-8.00e-03,2.88e+01,
3384,-8.00e-03,2.88e+01,
3385,-8.00e-03,2.80e+01,
3386,-8.00e-03,2.80e+01,
3387,-8.00e-03,2.88e+01,
3388,-8.00e-03,2.88e+01,
3389,-8.00e-03,2.88e+01,
3390,-8.00e-03,2.80e+01,
3391,-8.00e-03,2.88e+01,
3392,-8.00e-03,2.88e+01,
3393,-8.00e-03,2.80e+01,
3394,-8.00e-03,2.80e+01,
3395,-8.00e-03,2.88e+01,
3396,-8.00e-03,2.88e+01,
3397,-8.00e-03,2.88e+01,
3398,-8.00e-03,2.80e+01,
3399,-8.00e-03,2.88e+01,
3400,-8.00e-03,2.88e+01,
3401,-8.00e-03,2.80e+01,
3402,-8.00e-03,2.80e+01,
3403,-8.00e-03,2.88e+01,
3404,-8.00e-03,2.88e+01,
3405,-8.00e-03,2.80e+01,
3406,-8.00e-03,2.80e+01,
3407,-8.00e-03,2.88e+01,
3408,-8.00e-03,2.88e+01,
3409,-8.00e-03,2.80e+01,
3410,-8.00e-03,2.80e+01,
3411,-8.00e-03,2.80e+01,
3412,-8.00e-03,2.88e+01,
3413,-8.00e-03,2.88e+01,
3414,-8.00e-03,2.80e+01,
3415,-8.00e-03,2.88e+01,
3416,-8.00e-03,2.88e+01,
3417,-8.00e-03,2.80e+01,
3418,-8.00e-03,2.88e+01,
3419,-8.00e-03,2.80e+01,
3420,-8.00e-03,2.88e+01,
3421,-8.00e-03,2.88e+01,
3422,-8.00e-03,2.80e+01,
3423,-8.00e-03,2.88e+01,
3424,-8.00e-03,2.88e+01,
3425,-8.00e-03,2.80e+01,
3426,-8.00e-03,2.80e+01,
3427,-8.00e-03,2.88e+01,
3428,-8.00e-03,2.88e+01,
3429,-8.00e-03,2.88e+01,
3430,-8.00e-03,2.80e+01,
3431,-8.00e-03,2.88e+01,
3432,-8.00e-03,2.88e+01,
3433,-8.00e-03,2.80e+01,
3434,-8.00e-03,2.80e+01,
3435,-8.00e-03,2.88e+01,
3436,-8.00e-03,2.88e+01,
3437,-8.00e-03,2.88e+01,
3438,-8.00e-03,2.80e+01,
3439,-8.00e-03,2.88e+01,
3440,-8.00e-03,2.88e+01,
3441,-8.00e-03,2.80e+01,
3442,-8.00e-03,2.80e+01,
3443,-8.00e-03,2.88e+01,
3444,-8.00e-03,2.88e+01,
3445,-8.00e-03,2.80e+01,
3446,-8.00e-03,2.80e+01,
3447,-8.00e-03,2.88e+01,
3448,-8.00e-03,2.88e+01,
3449,-8.00e-03,2.80e+01,
3450,-8.00e-03,2.80e+01,
3451,-8.00e-03,2.80e+01,
3452,-8.00e-03,2.88e+01,
3453,-8.00e-03,2.80e+01,
3454,-8.00e-03,2.80e+01,
3455,-8.00e-03,2.88e+01,
3456,-8.00e-03,2.88e+01,
3457,-8.00e-03,2.88e+01,
3458,-8.00e-03,2.80e+01,
3459,-8.00e-03,2.88e+01,
3460,-8.00e-03,2.88e+01,
3461,-8.00e-03,2.80e+01,
3462,-8.00e-03,2.80e+01,
3463,-8.00e-03,2.88e+01,
3464,-8.00e-03,2.88e+01,
3465,-8.00e-03,2.80e+01,
3466,-8.00e-03,2.80e+01,
3467,-8.00e-03,2.88e+01,
3468,-8.00e-03,2.88e+01,
3469,-8.00e-03,2.80e+01,
3470,-8.00e-03,2.80e+01,
3471,-8.00e-03,2.80e+01,
3472,-8.00e-03,2.88e+01,
3473,-8.00e-03,2.80e+01,
3474,-8.00e-03,2.80e+01,
3475,-8.00e-03,2.88e+01,
3476,-8.00e-03,2.88e+01,
3477,-8.00e-03,2.88e+01,
3478,-8.00e-03,2.80e+01,
3479,-8.00e-03,2.88e+01,
3480,-8.00e-03,2.88e+01,
3481,-8.00e-03,2.80e+01,
3482,-8.00e-03,2.80e+01,
3483,-8.00e-03,2.88e+01,
3484,-8.00e-03,2.88e+01,
3485,-8.00e-03,2.88e+01,
3486,-8.00e-03,2.80e+01,
3487,-8.00e-03,2.88e+01,
3488,-8.00e-03,2.88e+01,
3489,-8.00e-03,2.80e+01,
3490,-8.00e-03,2.80e+01,
3491,-8.00e-03,2.88e+01,
3492,-8.00e-03,2.88e+01,
3493,-8.00e-03,2.80e+01,
3494,-8.00e-03,2.80e+01,
3495,-8.00e-03,2.88e+01,
3496,-8.00e-03,2.88e+01,
3497,-8.00e-03,2.80e+01,
3498,-8.00e-03,2.80e+01,
3499,-8.00e-03,2.88e+01,
3500,-8.00e-03,2.88e+01,
3501,-8.00e-03,2.80e+01,
3502,-8.00e-03,2.80e+01,
3503,-8.00e-03,2.88e+01,
3504,-8.00e-03,2.88e+01,
3505,-8.00e-03,2.80e+01,
3506,-8.00e-03,2.80e+01,
3507,-8.00e-03,2.88e+01,
3508,-8.00e-03,2.88e+01,
3509,-8.00e-03,2.80e+01,
3510,-8.00e-03,2.80e+01,
3511,-8.00e-03,2.80e+01,
3512,-8.00e-03,2.88e+01,
3513,-8.00e-03,2.80e+01,
3514,-8.00e-03,2.80e+01,
3515,-8.00e-03,2.88e+01,
3516,-8.00e-03,2.80e+01,
3517,-8.00e-03,2.88e+01,
3518,-8.00e-03,2.80e+01,
3519,-8.00e-03,2.88e+01,
3520,-8.00e-03,2.88e+01,
3521,-8.00e-03,2.80e+01,
3522,-8.00e-03,2.80e+01,
3523,-8.00e-03,2.88e+01,
3524,-8.00e-03,2.88e+01,
3525,-8.00e-03,2.80e+01,
3526,-8.00e-03,2.80e+01,
3527,-8.00e-03,2.88e+01,
3528,-8.00e-03,2.88e+01,
3529,-8.00e-03,2.80e+01,
3530,-8.00e-03,2.80e+01,
3531,-8.00e-03,2.88e+01,
3532,-8.00e-03,2.88e+01,
3533,-8.00e-03,2.80e+01,
3534,-8.00e-03,2.80e+01,
3535,-8.00e-03,2.80e+01,
3536,-8.00e-03,2.88e+01,
3537,-8.00e-03,2.88e+01,
3538,-8.00e-03,2.80e+01,
3539,-8.00e-03,2.88e+01,
3540,-8.00e-03,2.88e+01,
3541,-8.00e-03,2.80e+01,
3542,-8.00e-03,2.80e+01,
3543,-8.00e-03,2.88e+01,
3544,-8.00e-03,2.88e+01,
3545,-8.00e-03,2.80e+01,
3546,-8.00e-03,2.80e+01,
3547,-8.00e-03,2.88e+01,
3548,-8.00e-03,2.88e+01,
3549,-8.00e-03,2.80e+01,
3550,-8.00e-03,2.80e+01,
3551,-8.00e-03,2.88e+01,
3552,-8.00e-03,2.88e+01,
3553,-8.00e-03,2.80e+01,
3554,-8.00e-03,2.80e+01,
3555,-8.00e-03,2.88e+01,
3556,-8.00e-03,2.88e+01,
3557,-8.00e-03,2.88e+01,
3558,-8.00e-03,2.80e+01,
3559,-8.00e-03,2.88e+01,
3560,-8.00e-03,2.88e+01,
3561,-8.00e-03,2.80e+01,
3562,-8.00e-03,2.80e+01,
3563,-8.00e-03,2.88e+01,
3564,-1.60e-02,2.88e+01,
3565,-8.00e-03,2.80e+01,
3566,-8.00e-03,2.80e+01,
3567,-8.00e-03,2.88e+01,
3568,-8.00e-03,2.88e+01,
3569,-8.00e-03,2.80e+01,
3570,-8.00e-03,2.80e+01,
3571,-8.00e-03,2.88e+01,
3572,-1.60e-02,2.88e+01,
3573,-8.00e-03,2.80e+01,
3574,-8.00e-03,2.80e+01,
3575,-8.00e-03,2.80e+01,
3576,-8.00e-03,2.88e+01,
3577,-8.00e-03,2.80e+01,
3578,-8.00e-03,2.80e+01,
3579,-8.00e-03,2.88e+01,
3580,-8.00e-03,2.88e+01,
3581,-8.00e-03,2.80e+01,
3582,-8.00e-03,2.80e+01,
3583,-8.00e-03,2.80e+01,
3584,-8.00e-03,2.88e+01,
3585,-8.00e-03,2.80e+01,
3586,-8.00e-03,2.80e+01,
3587,-8.00e-03,2.88e+01,
3588,-8.00e-03,2.80e+01,
3589,-8.00e-03,2.80e+01,
3590,-8.00e-03,2.80e+01,
3591,-8.00e-03,2.80e+01,
3592,-1.60e-02,2.88e+01,
3593,-8.00e-03,2.80e+01,
3594,-8.00e-03,2.80e+01,
3595,-8.00e-03,2.88e+01,
3596,-8.00e-03,2.80e+01,
3597,-8.00e-03,2.88e+01,
3598,-8.00e-03,2.80e+01,
3599,-8.00e-03,2.88e+01,
3600,-8.00e-03,2.88e+01,
3601,-8.00e-03,2.80e+01,
3602,-8.00e-03,2.80e+01,
3603,-8.00e-03,2.80e+01,
3604,-8.00e-03,2.88e+01,
3605,-8.00e-03,2.80e+01,
3606,-8.00e-03,2.80e+01,
3607,-8.00e-03,2.88e+01,
3608,-8.00e-03,2.88e+01,
3609,-8.00e-03,2.80e+01,
3610,-8.00e-03,2.80e+01,
3611,-8.00e-03,2.80e+01,
3612,-1.60e-02,2.88e+01,
3613,-8.00e-03,2.80e+01,
3614,-8.00e-03,2.80e+01,
3615,-8.00e-03,2.88e+01,
3616,-8.00e-03,2.88e+01,
3617,-8.00e-03,2.80e+01,
3618,-8.00e-03,2.88e+01,
3619,-8.00e-03,2.80e+01,
3620,-8.00e-03,2.88e+01,
3621,-8.00e-03,2.80e+01,
3622,-8.00e-03,2.80e+01,
3623,-8.00e-03,2.88e+01,
3624,-8.00e-03,2.80e+01,
3625,-8.00e-03,2.80e+01,
3626,-8.00e-03,2.80e+01,
3627,-8.00e-03,2.88e+01,
3628,-8.00e-03,2.88e+01,
3629,-8.00e-03,2.80e+01,
3630,-8.00e-03,2.80e+01,
3631,-8.00e-03,2.80e+01,
3632,-8.00e-03,2.88e+01,
3633,-8.00e-03,2.80e+01,
3634,-8.00e-03,2.80e+01,
3635,-8.00e-03,2.80e+01,
3636,-8.00e-03,2.80e+01,
3637,-8.00e-03,2.88e+01,
3638,-8.00e-03,2.80e+01,
3639,-8.00e-03,2.80e+01,
3640,-8.00e-03,2.88e+01,
3641,-8.00e-03,2.80e+01,
3642,-8.00e-03,2.80e+01,
3643,-8.00e-03,2.80e+01,
3644,-8.00e-03,2.88e+01,
3645,-8.00e-03,2.80e+01,
3646,-8.00e-03,2.80e+01,
3647,-8.00e-03,2.88e+01,
3648,-8.00e-03,2.88e+01,
3649,-8.00e-03,2.80e+01,
3650,-8.00e-03,2.80e+01,
3651,-8.00e-03,2.80e+01,
3652,-8.00e-03,2.88e+01,
3653,-8.00e-03,2.80e+01,
3654,-8.00e-03,2.80e+01,
3655,-8.00e-03,2.80e+01,
3656,-8.00e-03,2.88e+01,
3657,-8.00e-03,2.80e+01,
3658,-8.00e-03,2.80e+01,
3659,-8.00e-03,2.88e+01,
3660,-8.00e-03,2.88e+01,
3661,-8.00e-03,2.80e+01,
3662,-8.00e-03,2.80e+01,
3663,-8.00e-03,2.88e+01,
3664,-1.60e-02,2.88e+01,
3665,-8.00e-03,2.80e+01,
3666,-8.00e-03,2.80e+01,
3667,-8.00e-03,2.80e+01,
3668,-8.00e-03,2.80e+01,
3669,-8.00e-03,2.80e+01,
3670,-8.00e-03,2.80e+01,
3671,-8.00e-03,2.88e+01,
3672,-8.00e-03,2.88e+01,
3673,-8.00e-03,2.80e+01,
3674,-8.00e-03,2.80e+01,
3675,-8.00e-03,2.80e+01,
3676,-8.00e-03,2.88e+01,
3677,-8.00e-03,2.80e+01,
3678,-8.00e-03,2.80e+01,
3679,-8.00e-03,2.80e+01,
3680,-1.60e-02,2.88e+01,
3681,-8.00e-03,2.80e+01,
3682,-8.00e-03,2.80e+01,
3683,-8.00e-03,2.80e+01,
3684,-8.00e-03,2.88e+01,
3685,-8.00e-03,2.80e+01,
3686,-8.00e-03,2.80e+01,
3687,-8.00e-03,2.88e+01,
3688,-8.00e-03,2.88e+01,
3689,-8.00e-03,2.80e+01,
3690,-8.00e-03,2.80e+01,
3691,-8.00e-03,2.80e+01,
3692,-8.00e-03,2.88e+01,
3693,-8.00e-03,2.80e+01,
3694,-8.00e-03,2.80e+01,
3695,-8.00e-03,2.80e+01,
3696,-8.00e-03,2.88e+01,
3697,-8.00e-03,2.80e+01,
3698,-8.00e-03,2.80e+01,
3699,-8.00e-03,2.88e+01,
3700,-8.00e-03,2.88e+01,
3701,-8.00e-03,2.80e+01,
3702,-8.00e-03,2.80e+01,
3703,-8.00e-03,2.80e+01,
3704,-8.00e-03,2.88e+01,
3705,-8.00e-03,2.80e+01,
3706,-8.00e-03,2.80e+01,
3707,-8.00e-03,2.88e+01,
3708,-8.00e-03,2.80e+01,
3709,-8.00e-03,2.80e+01,
3710,-8.00e-03,2.80e+01,
3711,-8.00e-03,2.88e+01,
3712,-8.00e-03,2.88e+01,
3713,-8.00e-03,2.80e+01,
3714,-8.00e-03,2.80e+01,
3715,-8.00e-03,2.80e+01,
3716,-8.00e-03,2.88e+01,
3717,-8.00e-03,2.88e+01,
3718,-8.00e-03,2.80e+01,
3719,-8.00e-03,2.80e+01,
3720,-8.00e-03,2.88e+01,
3721,-8.00e-03,2.80e+01,
3722,-8.00e-03,2.80e+01,
3723,-8.00e-03,2.80e+01,
3724,-8.00e-03,2.88e+01,
3725,-8.00e-03,2.80e+01,
3726,-8.00e-03,2.80e+01,
3727,-8.00e-03,2.80e+01,
3728,-8.00e-03,2.88e+01,
3729,-8.00e-03,2.80e+01,
3730,-8.00e-03,2.80e+01,
3731,-8.00e-03,2.80e+01,
3732,-8.00e-03,2.88e+01,
3733,-8.00e-03,2.80e+01,
3734,-8.00e-03,2.80e+01,
3735,-8.00e-03,2.80e+01,
3736,-8.00e-03,2.88e+01,
3737,-8.00e-03,2.80e+01,
3738,-8.00e-03,2.80e+01,
3739,-8.00e-03,2.80e+01,
3740,-8.00e-03,2.88e+01,
3741,-8.00e-03,2.80e+01,
3742,-8.00e-03,2.80e+01,
3743,-8.00e-03,2.80e+01,
3744,-8.00e-03,2.88e+01,
3745,-8.00e-03,2.80e+01,
3746,-8.00e-03,2.80e+01,
3747,-8.00e-03,2.88e+01,
3748,-8.00e-03,2.88e+01,
3749,-8.00e-03,2.80e+01,
3750,-8.00e-03,2.80e+01,
3751,-8.00e-03,2.80e+01,
3752,-8.00e-03,2.88e+01,
3753,-8.00e-03,2.80e+01,
3754,-8.00e-03,2.80e+01,
3755,-8.00e-03,2.88e+01,
3756,-8.00e-03,2.88e+01,
3757,-8.00e-03,2.80e+01,
3758,-8.00e-03,2.80e+01,
3759,-8.00e-03,2.88e+01,
3760,-8.00e-03,2.88e+01,
3761,-8.00e-03,2.80e+01,
3762,-8.00e-03,2.80e+01,
3763,-8.00e-03,2.80e+01,
3764,-8.00e-03,2.88e+01,
3765,-8.00e-03,2.80e+01,
3766,-8.00e-03,2.80e+01,
3767,-8.00e-03,2.80e+01,
3768,-8.00e-03,2.88e+01,
3769,-8.00e-03,2.80e+01,
3770,-8.00e-03,2.80e+01,
3771,-8.00e-03,2.88e+01,
3772,-8.00e-03,2.88e+01,
3773,-8.00e-03,2.80e+01,
3774,-8.00e-03,2.80e+01,
3775,-8.00e-03,2.80e+01,
3776,-8.00e-03,2.88e+01,
3777,-8.00e-03,2.80e+01,
3778,-8.00e-03,2.80e+01,
3779,-8.00e-03,2.88e+01,
3780,-8.00e-03,2.88e+01,
3781,-8.00e-03,2.80e+01,
3782,-8.00e-03,2.80e+01,
3783,-8.00e-03,2.80e+01,
3784,-1.60e-02,2.88e+01,
3785,-8.00e-03,2.80e+01,
3786,-8.00e-03,2.80e+01,
3787,-8.00e-03,2.88e+01,
3788,-8.00e-03,2.80e+01,
3789,-8.00e-03,2.80e+01,
3790,-8.00e-03,2.80e+01,
3791,-8.00e-03,2.80e+01,
3792,-8.00e-03,2.88e+01,
3793,-8.00e-03,2.80e+01,
3794,-8.00e-03,2.80e+01,
3795,-8.00e-03,2.80e+01,
3796,-8.00e-03,2.80e+01,
3797,-8.00e-03,2.88e+01,
3798,-8.00e-03,2.80e+01,
3799,-8.00e-03,2.80e+01,
3800,-8.00e-03,2.88e+01,
3801,-8.00e-03,2.80e+01,
3802,-8.00e-03,2.80e+01,
3803,-8.00e-03,2.88e+01,
3804,-8.00e-03,2.80e+01,
3805,-8.00e-03,2.80e+01,
3806,-8.00e-03,2.80e+01,
3807,-8.00e-03,2.88e+01,
3808,-8.00e-03,2.88e+01,
3809,-8.00e-03,2.80e+01,
3810,-8.00e-03,2.80e+01,
3811,-8.00e-03,2.88e+01,
3812,-8.00e-03,2.88e+01,
3813,-8.00e-03,2.80e+01,
3814,-8.00e-03,2.80e+01,
3815,-8.00e-03,2.88e+01,
3816,-8.00e-03,2.88e+01,
3817,-8.00e-03,2.80e+01,
3818,-8.00e-03,2.88e+01,
3819,-8.00e-03,2.80e+01,
3820,-8.00e-03,2.88e+01,
3821,-8.00e-03,2.80e+01,
3822,-8.00e-03,2.80e+01,
3823,-8.00e-03,2.88e+01,
3824,-8.00e-03,2.80e+01,
3825,-8.00e-03,2.80e+01,
3826,-8.00e-03,2.80e+01,
3827,-8.00e-03,2.80e+01,
3828,-8.00e-03,2.88e+01,
3829,-8.00e-03,2.80e+01,
3830,-8.00e-03,2.80e+01,
3831,-8.00e-03,2.80e+01,
3832,-8.00e-03,2.88e+01,
3833,-8.00e-03,2.80e+01,
3834,-8.00e-03,2.80e+01,
3835,-8.00e-03,2.80e+01,
3836,-8.00e-03,2.80e+01,
3837,-8.00e-03,2.88e+01,
3838,-8.00e-03,2.80e+01,
3839,-8.00e-03,2.88e+01,
3840,-8.00e-03,2.88e+01,
3841,-8.00e-03,2.80e+01,
3842,-1.60e-02,2.80e+01,
3843,-8.00e-03,2.80e+01,
3844,-8.00e-03,2.80e+01,
3845,-8.00e-03,2.80e+01,
3846,-8.00e-03,2.80e+01,
3847,-8.00e-03,2.88e+01,
3848,-8.00e-03,2.80e+01,
3849,-8.00e-03,2.80e+01,
3850,-8.00e-03,2.80e+01,
3851,-8.00e-03,2.80e+01,
3852,-8.00e-03,2.88e+01,
3853,-8.00e-03,2.80e+01,
3854,-8.00e-03,2.80e+01,
3855,-8.00e-03,2.88e+01,
3856,-8.00e-03,2.88e+01,
3857,-8.00e-03,2.80e+01,
3858,-8.00e-03,2.80e+01,
3859,-8.00e-03,2.88e+01,
3860,-8.00e-03,2.88e+01,
3861,-8.00e-03,2.80e+01,
3862,-8.00e-03,2.80e+01,
3863,-8.00e-03,2.80e+01,
3864,-8.00e-03,2.88e+01,
3865,-8.00e-03,2.80e+01,
3866,-8.00e-03,2.80e+01,
3867,-8.00e-03,2.88e+01,
3868,-8.00e-03,2.88e+01,
3869,-8.00e-03,2.80e+01,
3870,-8.00e-03,2.80e+01,
3871,-8.00e-03,2.80e+01,
3872,-8.00e-03,2.80e+01,
3873,-8.00e-03,2.80e+01,
3874,-8.00e-03,2.80e+01,
3875,-8.00e-03,2.88e+01,
3876,-8.00e-03,2.88e+01,
3877,-8.00e-03,2.80e+01,
3878,-8.00e-03,2.80e+01,
3879,-8.00e-03,2.80e+01,
3880,-8.00e-03,2.80e+01,
3881,-8.00e-03,2.80e+01,
3882,-8.00e-03,2.80e+01,
3883,-8.00e-03,2.80e+01,
3884,-8.00e-03,2.88e+01,
3885,-8.00e-03,2.80e+01,
3886,-8.00e-03,2.80e+01,
3887,-8.00e-03,2.88e+01,
3888,-8.00e-03,2.80e+01,
3889,-8.00e-03,2.80e+01,
3890,-8.00e-03,2.80e+01,
3891,-8.00e-03,2.80e+01,
3892,-8.00e-03,2.88e+01,
3893,-8.00e-03,2.80e+01,
3894,-8.00e-03,2.80e+01,
3895,-8.00e-03,2.80e+01,
3896,-8.00e-03,2.88e+01,
3897,-8.00e-03,2.80e+01,
3898,-8.00e-03,2.80e+01,
3899,-8.00e-03,2.80e+01,
3900,-8.00e-03,2.88e+01,
3901,-8.00e-03,2.80e+01,
3902,-8.00e-03,2.80e+01,
3903,-8.00e-03,2.80e+01,
3904,-8.00e-03,2.88e+01,
3905,-8.00e-03,2.80e+01,
3906,-8.00e-03,2.80e+01,
3907,-8.00e-03,2.80e+01,
3908,-8.00e-03,2.88e+01,
3909,-8.00e-03,2.80e+01,
3910,-8.00e-03,2.80e+01,
3911,-8.00e-03,2.80e+01,
3912,-8.00e-03,2.88e+01,
3913,-8.00e-03,2.80e+01,
3914,-8.00e-03,2.80e+01,
3915,-8.00e-03,2.80e+01,
3916,-8.00e-03,2.80e+01,
3917,-8.00e-03,2.80e+01,
3918,-8.00e-03,2.80e+01,
3919,-8.00e-03,2.80e+01,
3920,-8.00e-03,2.88e+01,
3921,-8.00e-03,2.80e+01,
3922,-8.00e-03,2.80e+01,
3923,-8.00e-03,2.88e+01,
3924,-8.00e-03,2.88e+01,
3925,-8.00e-03,2.80e+01,
3926,-8.00e-03,2.80e+01,
3927,-8.00e-03,2.80e+01,
3928,-8.00e-03,2.80e+01,
3929,-8.00e-03,2.80e+01,
3930,-8.00e-03,2.80e+01,
3931,-8.00e-03,2.80e+01,
3932,-8.00e-03,2.88e+01,
3933,-8.00e-03,2.80e+01,
3934,-8.00e-03,2.80e+01,
3935,-8.00e-03,2.80e+01,
3936,-8.00e-03,2.88e+01,
3937,-8.00e-03,2.80e+01,
3938,-8.00e-03,2.80e+01,
3939,-8.00e-03,2.88e+01,
3940,-8.00e-03,2.88e+01,
3941,-8.00e-03,2.80e+01,
3942,-8.00e-03,2.80e+01,
3943,-8.00e-03,2.80e+01,
3944,-8.00e-03,2.88e+01,
3945,-8.00e-03,2.80e+01,
3946,-8.00e-03,2.80e+01,
3947,-8.00e-03,2.80e+01,
3948,-8.00e-03,2.88e+01,
3949,-8.00e-03,2.80e+01,
3950,-8.00e-03,2.80e+01,
3951,-8.00e-03,2.80e+01,
3952,-8.00e-03,2.88e+01,
3953,-8.00e-03,2.80e+01,
3954,-8.00e-03,2.80e+01,
3955,-8.00e-03,2.80e+01,
3956,-8.00e-03,2.80e+01,
3957,-8.00e-03,2.80e+01,
3958,-8.00e-03,2.80e+01,
3959,-8.00e-03,2.80e+01,
3960,-8.00e-03,2.88e+01,
3961,-8.00e-03,2.80e+01,
3962,-8.00e-03,2.80e+01,
3963,-8.00e-03,2.80e+01,
3964,-8.00e-03,2.80e+01,
3965,-8.00e-03,2.80e+01,
3966,-8.00e-03,2.80e+01,
3967,-8.00e-03,2.80e+01,
3968,-8.00e-03,2.80e+01,
3969,-8.00e-03,2.80e+01,
3970,-8.00e-03,2.80e+01,
3971,-8.00e-03,2.80e+01,
3972,-8.00e-03,2.88e+01,
3973,-8.00e-03,2.80e+01,
3974,-8.00e-03,2.80e+01,
3975,-8.00e-03,2.80e+01,
3976,-8.00e-03,2.88e+01,
3977,-8.00e-03,2.80e+01,
3978,-8.00e-03,2.80e+01,
3979,-8.00e-03,2.80e+01,
3980,-8.00e-03,2.80e+01,
3981,-8.00e-03,2.80e+01,
3982,-8.00e-03,2.80e+01,
3983,-8.00e-03,2.80e+01,
3984,-8.00e-03,2.88e+01,
3985,-8.00e-03,2.80e+01,
3986,-8.00e-03,2.80e+01,
3987,-8.00e-03,2.88e+01,
3988,-8.00e-03,2.80e+01,
3989,-8.00e-03,2.80e+01,
3990,-8.00e-03,2.80e+01,
3991,-8.00e-03,2.80e+01,
3992,-8.00e-03,2.88e+01,
3993,-8.00e-03,2.80e+01,
3994,-8.00e-03,2.80e+01,
3995,-8.00e-03,2.80e+01,
3996,-8.00e-03,2.80e+01,
3997,-8.00e-03,2.80e+01,
3998,-8.00e-03,2.80e+01,
3999,-8.00e-03,2.80e+01,
4000,-8.00e-03,2.80e+01,
4001,-8.00e-03,2.80e+01,
4002,-8.00e-03,2.80e+01,
4003,-8.00e-03,2.88e+01,
4004,-8.00e-03,2.80e+01,
4005,-8.00e-03,2.80e+01,
4006,-8.00e-03,2.80e+01,
4007,-8.00e-03,2.80e+01,
4008,-8.00e-03,2.80e+01,
4009,-8.00e-03,2.80e+01,
4010,-8.00e-03,2.80e+01,
4011,-8.00e-03,2.80e+01,
4012,-8.00e-03,2.80e+01,
4013,-8.00e-03,2.80e+01,
4014,-8.00e-03,2.80e+01,
4015,-8.00e-03,2.80e+01,
4016,-8.00e-03,2.88e+01,
4017,-8.00e-03,2.80e+01,
4018,-8.00e-03,2.88e+01,
4019,-8.00e-03,2.80e+01,
4020,-8.00e-03,2.88e+01,
4021,-8.00e-03,2.80e+01,
4022,-8.00e-03,2.80e+01,
4023,-8.00e-03,2.88e+01,
4024,-8.00e-03,2.80e+01,
4025,-8.00e-03,2.80e+01,
4026,-8.00e-03,2.80e+01,
4027,-8.00e-03,2.80e+01,
4028,-8.00e-03,2.88e+01,
4029,-8.00e-03,2.80e+01,
4030,-8.00e-03,2.80e+01,
4031,-8.00e-03,2.80e+01,
4032,-8.00e-03,2.88e+01,
4033,-8.00e-03,2.80e+01,
4034,-8.00e-03,2.80e+01,
4035,-8.00e-03,2.80e+01,
4036,-8.00e-03,2.80e+01,
4037,-8.00e-03,2.80e+01,
4038,-8.00e-03,2.80e+01,
4039,-8.00e-03,2.80e+01,
4040,-8.00e-03,2.88e+01,
4041,-8.00e-03,2.80e+01,
4042,-8.00e-03,2.80e+01,
4043,-8.00e-03,2.80e+01,
4044,-8.00e-03,2.80e+01,
4045,-8.00e-03,2.80e+01,
4046,-8.00e-03,2.80e+01,
4047,-8.00e-03,2.80e+01,
4048,-8.00e-03,2.88e+01,
4049,-8.00e-03,2.80e+01,
4050,-8.00e-03,2.80e+01,
4051,-8.00e-03,2.80e+01,
4052,-8.00e-03,2.80e+01,
4053,-8.00e-03,2.80e+01,
4054,-8.00e-03,2.80e+01,
4055,-8.00e-03,2.80e+01,
4056,-8.00e-03,2.88e+01,
4057,-8.00e-03,2.80e+01,
4058,-8.00e-03,2.80e+01,
4059,-8.00e-03,2.80e+01,
4060,-8.00e-03,2.80e+01,
4061,-8.00e-03,2.80e+01,
4062,-8.00e-03,2.80e+01,
4063,-8.00e-03,2.80e+01,
4064,-8.00e-03,2.88e+01,
4065,-8.00e-03,2.80e+01,
4066,-8.00e-03,2.80e+01,
4067,-8.00e-03,2.80e+01,
4068,-8.00e-03,2.80e+01,
4069,-8.00e-03,2.80e+01,
4070,-8.00e-03,2.80e+01,
4071,-8.00e-03,2.80e+01,
4072,-8.00e-03,2.88e+01,
4073,-8.00e-03,2.80e+01,
4074,-8.00e-03,2.80e+01,
4075,-8.00e-03,2.80e+01,
4076,-8.00e-03,2.88e+01,
4077,-8.00e-03,2.80e+01,
4078,-8.00e-03,2.80e+01,
4079,-8.00e-03,2.80e+01,
4080,-8.00e-03,2.80e+01,
4081,-8.00e-03,2.80e+01,
4082,-8.00e-03,2.80e+01,
4083,-8.00e-03,2.80e+01,
4084,-8.00e-03,2.88e+01,
4085,-8.00e-03,2.80e+01,
4086,-8.00e-03,2.80e+01,
4087,-8.00e-03,2.80e+01,
4088,-8.00e-03,2.80e+01,
4089,-8.00e-03,2.80e+01,
4090,-8.00e-03,2.80e+01,
4091,-8.00e-03,2.80e+01,
4092,-8.00e-03,2.88e+01,
4093,-8.00e-03,2.80e+01,
4094,-8.00e-03,2.80e+01,
4095,-8.00e-03,2.80e+01,
4096,-8.00e-03,2.80e+01,
4097,-8.00e-03,2.80e+01,
4098,-8.00e-03,2.80e+01,
4099,-8.00e-03,2.88e+01,
4100,-8.00e-03,2.80e+01,
4101,-8.00e-03,2.80e+01,
4102,-8.00e-03,2.80e+01,
4103,-8.00e-03,2.80e+01,
4104,-8.00e-03,2.80e+01,
4105,-8.00e-03,2.80e+01,
4106,-8.00e-03,2.80e+01,
4107,-8.00e-03,2.80e+01,
4108,-8.00e-03,2.80e+01,
4109,-8.00e-03,2.80e+01,
4110,-8.00e-03,2.80e+01,
4111,-8.00e-03,2.80e+01,
4112,-8.00e-03,2.88e+01,
4113,-8.00e-03,2.80e+01,
4114,-8.00e-03,2.80e+01,
4115,-8.00e-03,2.80e+01,
4116,-8.00e-03,2.88e+01,
4117,-8.00e-03,2.80e+01,
4118,-8.00e-03,2.80e+01,
4119,-8.00e-03,2.88e+01,
4120,-8.00e-03,2.88e+01,
4121,-8.00e-03,2.80e+01,
4122,-8.00e-03,2.80e+01,
4123,-8.00e-03,2.80e+01,
4124,-8.00e-03,2.80e+01,
4125,-8.00e-03,2.80e+01,
4126,-8.00e-03,2.80e+01,
4127,-8.00e-03,2.80e+01,
4128,-8.00e-03,2.80e+01,
4129,-8.00e-03,2.80e+01,
4130,-8.00e-03,2.80e+01,
4131,-8.00e-03,2.80e+01,
4132,-8.00e-03,2.80e+01,
4133,-8.00e-03,2.80e+01,
4134,-8.00e-03,2.80e+01,
4135,-8.00e-03,2.80e+01,
4136,-8.00e-03,2.88e+01,
4137,-8.00e-03,2.80e+01,
4138,-8.00e-03,2.80e+01,
4139,-8.00e-03,2.80e+01,
4140,-8.00e-03,2.80e+01,
4141,-8.00e-03,2.80e+01,
4142,-8.00e-03,2.80e+01,
4143,-8.00e-03,2.80e+01,
4144,-8.00e-03,2.80e+01,
4145,-8.00e-03,2.80e+01,
4146,-8.00e-03,2.80e+01,
4147,-8.00e-03,2.80e+01,
4148,-8.00e-03,2.80e+01,
4149,-8.00e-03,2.80e+01,
4150,-8.00e-03,2.80e+01,
4151,-8.00e-03,2.80e+01,
4152,-8.00e-03,2.80e+01,
4153,-8.00e-03,2.80e+01,
4154,-8.00e-03,2.80e+01,
4155,-8.00e-03,2.80e+01,
4156,-8.00e-03,2.80e+01,
4157,-8.00e-03,2.80e+01,
4158,-8.00e-03,2.80e+01,
4159,-8.00e-03,2.80e+01,
4160,-8.00e-03,2.88e+01,
4161,-8.00e-03,2.80e+01,
4162,-8.00e-03,2.80e+01,
4163,-8.00e-03,2.80e+01,
4164,-8.00e-03,2.80e+01,
4165,-8.00e-03,2.80e+01,
4166,-8.00e-03,2.80e+01,
4167,-8.00e-03,2.80e+01,
4168,-8.00e-03,2.80e+01,
4169,-8.00e-03,2.80e+01,
4170,-8.00e-03,2.80e+01,
4171,-8.00e-03,2.80e+01,
4172,-8.00e-03,2.80e+01,
4173,-8.00e-03,2.80e+01,
4174,-8.00e-03,2.80e+01,
4175,-8.00e-03,2.80e+01,
4176,-8.00e-03,2.80e+01,
4177,-8.00e-03,2.80e+01,
4178,-8.00e-03,2.80e+01,
4179,-8.00e-03,2.80e+01,
4180,-8.00e-03,2.80e+01,
4181,-8.00e-03,2.80e+01,
4182,-8.00e-03,2.80e+01,
4183,-8.00e-03,2.80e+01,
4184,-8.00e-03,2.88e+01,
4185,-8.00e-03,2.80e+01,
4186,-8.00e-03,2.80e+01,
4187,-8.00e-03,2.80e+01,
4188,-8.00e-03,2.80e+01,
4189,-8.00e-03,2.80e+01,
4190,-8.00e-03,2.80e+01,
4191,-8.00e-03,2.80e+01,
4192,-8.00e-03,2.80e+01,
4193,-8.00e-03,2.80e+01,
4194,-8.00e-03,2.80e+01,
4195,-8.00e-03,2.80e+01,
4196,-8.00e-03,2.80e+01,
4197,-8.00e-03,2.80e+01,
4198,-8.00e-03,2.80e+01,
4199,-8.00e-03,2.80e+01,
4200,-8.00e-03,2.88e+01,
4201,-8.00e-03,2.80e+01,
4202,-8.00e-03,2.80e+01,
4203,-8.00e-03,2.80e+01,
4204,-1.60e-02,2.80e+01,
4205,-8.00e-03,2.80e+01,
4206,-8.00e-03,2.80e+01,
4207,-8.00e-03,2.80e+01,
4208,-8.00e-03,2.80e+01,
4209,-8.00e-03,2.80e+01,
4210,-8.00e-03,2.80e+01,
4211,-8.00e-03,2.80e+01,
4212,-1.60e-02,2.80e+01,
4213,-8.00e-03,2.80e+01,
4214,-8.00e-03,2.80e+01,
4215,-8.00e-03,2.80e+01,
4216,-8.00e-03,2.80e+01,
4217,-8.00e-03,2.80e+01,
4218,-8.00e-03,2.88e+01,
4219,-8.00e-03,2.80e+01,
4220,-8.00e-03,2.88e+01,
4221,-8.00e-03,2.80e+01,
4222,-8.00e-03,2.80e+01,
4223,-8.00e-03,2.88e+01,
4224,-8.00e-03,2.80e+01,
4225,-8.00e-03,2.80e+01,
4226,-8.00e-03,2.80e+01,
4227,-8.00e-03,2.80e+01,
4228,-8.00e-03,2.80e+01,
4229,-8.00e-03,2.80e+01,
4230,-8.00e-03,2.80e+01,
4231,-8.00e-03,2.80e+01,
4232,-8.00e-03,2.80e+01,
4233,-8.00e-03,2.80e+01,
4234,-8.00e-03,2.80e+01,
4235,-8.00e-03,2.80e+01,
4236,-8.00e-03,2.80e+01,
4237,-8.00e-03,2.80e+01,
4238,-8.00e-03,2.80e+01,
4239,-8.00e-03,2.80e+01,
4240,-8.00e-03,2.88e+01,
4241,-8.00e-03,2.80e+01,
4242,-8.00e-03,2.80e+01,
4243,-8.00e-03,2.80e+01,
4244,-8.00e-03,2.80e+01,
4245,-8.00e-03,2.80e+01,
4246,-8.00e-03,2.80e+01,
4247,-8.00e-03,2.88e+01,
4248,-8.00e-03,2.80e+01,
4249,-8.00e-03,2.80e+01,
4250,-8.00e-03,2.80e+01,
4251,-8.00e-03,2.80e+01,
4252,-8.00e-03,2.80e+01,
4253,-8.00e-03,2.80e+01,
4254,-8.00e-03,2.80e+01,
4255,-8.00e-03,2.80e+01,
4256,-8.00e-03,2.80e+01,
4257,-8.00e-03,2.80e+01,
4258,-8.00e-03,2.80e+01,
4259,-8.00e-03,2.80e+01,
4260,-8.00e-03,2.80e+01,
4261,-8.00e-03,2.80e+01,
4262,-8.00e-03,2.80e+01,
4263,-8.00e-03,2.80e+01,
4264,-8.00e-03,2.80e+01,
4265,-8.00e-03,2.80e+01,
4266,-8.00e-03,2.80e+01,
4267,-8.00e-03,2.80e+01,
4268,-8.00e-03,2.80e+01,
4269,-8.00e-03,2.80e+01,
4270,-8.00e-03,2.80e+01,
4271,-8.00e-03,2.80e+01,
4272,-8.00e-03,2.80e+01,
4273,-8.00e-03,2.80e+01,
4274,-8.00e-03,2.80e+01,
4275,-8.00e-03,2.80e+01,
4276,-8.00e-03,2.80e+01,
4277,-8.00e-03,2.80e+01,
4278,-8.00e-03,2.80e+01,
4279,-8.00e-03,2.80e+01,
4280,-8.00e-03,2.80e+01,
4281,-8.00e-03,2.80e+01,
4282,-8.00e-03,2.80e+01,
4283,-8.00e-03,2.80e+01,
4284,-8.00e-03,2.80e+01,
4285,-8.00e-03,2.80e+01,
4286,-8.00e-03,2.80e+01,
4287,-8.00e-03,2.80e+01,
4288,-8.00e-03,2.80e+01,
4289,-8.00e-03,2.80e+01,
4290,-8.00e-03,2.80e+01,
4291,-8.00e-03,2.80e+01,
4292,-8.00e-03,2.80e+01,
4293,-8.00e-03,2.80e+01,
4294,-8.00e-03,2.80e+01,
4295,-8.00e-03,2.80e+01,
4296,-1.60e-02,2.80e+01,
4297,-8.00e-03,2.80e+01,
4298,-8.00e-03,2.80e+01,
4299,-8.00e-03,2.80e+01,
4300,-8.00e-03,2.80e+01,
4301,-8.00e-03,2.80e+01,
4302,-8.00e-03,2.80e+01,
4303,-8.00e-03,2.80e+01,
4304,-8.00e-03,2.88e+01,
4305,-8.00e-03,2.80e+01,
4306,-8.00e-03,2.80e+01,
4307,-8.00e-03,2.80e+01,
4308,-8.00e-03,2.80e+01,
4309,-8.00e-03,2.80e+01,
4310,-8.00e-03,2.80e+01,
4311,-8.00e-03,2.80e+01,
4312,-8.00e-03,2.80e+01,
4313,-8.00e-03,2.80e+01,
4314,-8.00e-03,2.80e+01,
4315,-8.00e-03,2.80e+01,
4316,-8.00e-03,2.80e+01,
4317,-8.00e-03,2.80e+01,
4318,-8.00e-03,2.80e+01,
4319,-8.00e-03,2.80e+01,
4320,-8.00e-03,2.80e+01,
4321,-8.00e-03,2.80e+01,
4322,-8.00e-03,2.80e+01,
4323,-8.00e-03,2.80e+01,
4324,-8.00e-03,2.80e+01,
4325,-8.00e-03,2.80e+01,
4326,-8.00e-03,2.80e+01,
4327,-8.00e-03,2.80e+01,
4328,-8.00e-03,2.80e+01,
4329,-8.00e-03,2.80e+01,
4330,-8.00e-03,2.80e+01,
4331,-8.00e-03,2.80e+01,
4332,-8.00e-03,2.80e+01,
4333,-8.00e-03,2.80e+01,
4334,-8.00e-03,2.80e+01,
4335,-8.00e-03,2.80e+01,
4336,-8.00e-03,2.88e+01,
4337,-8.00e-03,2.80e+01,
4338,-8.00e-03,2.80e+01,
4339,-8.00e-03,2.80e+01,
4340,-8.00e-03,2.80e+01,
4341,-8.00e-03,2.80e+01,
4342,-8.00e-03,2.80e+01,
4343,-8.00e-03,2.80e+01,
4344,-8.00e-03,2.80e+01,
4345,-8.00e-03,2.80e+01,
4346,-8.00e-03,2.80e+01,
4347,-8.00e-03,2.80e+01,
4348,-8.00e-03,2.80e+01,
4349,-8.00e-03,2.80e+01,
4350,-8.00e-03,2.80e+01,
4351,-8.00e-03,2.80e+01,
4352,-8.00e-03,2.80e+01,
4353,-8.00e-03,2.80e+01,
4354,-8.00e-03,2.80e+01,
4355,-8.00e-03,2.80e+01,
4356,-8.00e-03,2.80e+01,
4357,-8.00e-03,2.80e+01,
4358,-8.00e-03,2.80e+01,
4359,-8.00e-03,2.80e+01,
4360,-8.00e-03,2.80e+01,
4361,-8.00e-03,2.80e+01,
4362,-8.00e-03,2.80e+01,
4363,-8.00e-03,2.80e+01,
4364,-8.00e-03,2.80e+01,
4365,-8.00e-03,2.80e+01,
4366,-8.00e-03,2.80e+01,
4367,-8.00e-03,2.80e+01,
4368,-8.00e-03,2.80e+01,
4369,-8.00e-03,2.80e+01,
4370,-8.00e-03,2.80e+01,
4371,-8.00e-03,2.80e+01,
4372,-8.00e-03,2.80e+01,
4373,-8.00e-03,2.80e+01,
4374,-8.00e-03,2.80e+01,
4375,-8.00e-03,2.80e+01,
4376,-8.00e-03,2.80e+01,
4377,-8.00e-03,2.80e+01,
4378,-8.00e-03,2.80e+01,
4379,-8.00e-03,2.80e+01,
4380,-8.00e-03,2.80e+01,
4381,-8.00e-03,2.80e+01,
4382,-8.00e-03,2.80e+01,
4383,-8.00e-03,2.80e+01,
4384,-8.00e-03,2.80e+01,
4385,-8.00e-03,2.80e+01,
4386,-8.00e-03,2.80e+01,
4387,-8.00e-03,2.80e+01,
4388,-1.60e-02,2.80e+01,
4389,-8.00e-03,2.80e+01,
4390,-8.00e-03,2.80e+01,
4391,-8.00e-03,2.80e+01,
4392,-8.00e-03,2.80e+01,
4393,-8.00e-03,2.80e+01,
4394,-8.00e-03,2.80e+01,
4395,-8.00e-03,2.80e+01,
4396,-8.00e-03,2.80e+01,
4397,-8.00e-03,2.80e+01,
4398,-8.00e-03,2.80e+01,
4399,-8.00e-03,2.80e+01,
4400,-8.00e-03,2.80e+01,
4401,-8.00e-03,2.80e+01,
4402,-8.00e-03,2.80e+01,
4403,-8.00e-03,2.80e+01,
4404,-8.00e-03,2.80e+01,
4405,-8.00e-03,2.80e+01,
4406,-8.00e-03,2.80e+01,
4407,-8.00e-03,2.80e+01,
4408,-8.00e-03,2.80e+01,
4409,-8.00e-03,2.80e+01,
4410,-8.00e-03,2.80e+01,
4411,-8.00e-03,2.80e+01,
4412,-8.00e-03,2.80e+01,
4413,-8.00e-03,2.80e+01,
4414,-8.00e-03,2.80e+01,
4415,-8.00e-03,2.80e+01,
4416,-8.00e-03,2.80e+01,
4417,-8.00e-03,2.80e+01,
4418,-8.00e-03,2.80e+01,
4419,-8.00e-03,2.80e+01,
4420,-8.00e-03,2.80e+01,
4421,-8.00e-03,2.80e+01,
4422,-8.00e-03,2.80e+01,
4423,-8.00e-03,2.80e+01,
4424,-8.00e-03,2.80e+01,
4425,-8.00e-03,2.80e+01,
4426,-8.00e-03,2.80e+01,
4427,-8.00e-03,2.80e+01,
4428,-8.00e-03,2.80e+01,
4429,-8.00e-03,2.80e+01,
4430,-8.00e-03,2.80e+01,
4431,-8.00e-03,2.80e+01,
4432,-8.00e-03,2.80e+01,
4433,-8.00e-03,2.80e+01,
4434,-8.00e-03,2.80e+01,
4435,-8.00e-03,2.80e+01,
4436,-8.00e-03,2.80e+01,
4437,-8.00e-03,2.80e+01,
4438,-8.00e-03,2.80e+01,
4439,-8.00e-03,2.80e+01,
4440,-8.00e-03,2.80e+01,
4441,-8.00e-03,2.80e+01,
4442,-8.00e-03,2.80e+01,
4443,-8.00e-03,2.80e+01,
4444,-8.00e-03,2.80e+01,
4445,-8.00e-03,2.80e+01,
4446,-8.00e-03,2.80e+01,
4447,-8.00e-03,2.80e+01,
4448,-8.00e-03,2.80e+01,
4449,-8.00e-03,2.80e+01,
4450,-8.00e-03,2.80e+01,
4451,-8.00e-03,2.80e+01,
4452,-8.00e-03,2.80e+01,
4453,-8.00e-03,2.80e+01,
4454,-8.00e-03,2.80e+01,
4455,-8.00e-03,2.80e+01,
4456,-1.60e-02,2.80e+01,
4457,-8.00e-03,2.80e+01,
4458,-8.00e-03,2.80e+01,
4459,-8.00e-03,2.80e+01,
4460,-8.00e-03,2.80e+01,
4461,-8.00e-03,2.80e+01,
4462,-8.00e-03,2.80e+01,
4463,-8.00e-03,2.80e+01,
4464,-8.00e-03,2.80e+01,
4465,-8.00e-03,2.80e+01,
4466,-8.00e-03,2.80e+01,
4467,-8.00e-03,2.80e+01,
4468,-8.00e-03,2.80e+01,
4469,-8.00e-03,2.80e+01,
4470,-8.00e-03,2.80e+01,
4471,-8.00e-03,2.80e+01,
4472,-8.00e-03,2.80e+01,
4473,-8.00e-03,2.80e+01,
4474,-8.00e-03,2.80e+01,
4475,-8.00e-03,2.80e+01,
4476,-8.00e-03,2.80e+01,
4477,-8.00e-03,2.80e+01,
4478,-8.00e-03,2.80e+01,
4479,-8.00e-03,2.80e+01,
4480,-8.00e-03,2.80e+01,
4481,-8.00e-03,2.80e+01,
4482,-8.00e-03,2.80e+01,
4483,-8.00e-03,2.80e+01,
4484,-8.00e-03,2.80e+01,
4485,-8.00e-03,2.80e+01,
4486,-8.00e-03,2.80e+01,
4487,-8.00e-03,2.80e+01,
4488,-8.00e-03,2.80e+01,
4489,-8.00e-03,2.80e+01,
4490,-8.00e-03,2.80e+01,
4491,-8.00e-03,2.80e+01,
4492,-8.00e-03,2.80e+01,
4493,-8.00e-03,2.80e+01,
4494,-8.00e-03,2.80e+01,
4495,-8.00e-03,2.80e+01,
4496,-8.00e-03,2.80e+01,
4497,-8.00e-03,2.80e+01,
4498,-8.00e-03,2.80e+01,
4499,-8.00e-03,2.80e+01,
4500,-8.00e-03,2.80e+01,
4501,-8.00e-03,2.80e+01,
4502,-8.00e-03,2.80e+01,
4503,-8.00e-03,2.80e+01,
4504,-8.00e-03,2.80e+01,
4505,-8.00e-03,2.80e+01,
4506,-8.00e-03,2.80e+01,
4507,-8.00e-03,2.80e+01,
4508,-8.00e-03,2.80e+01,
4509,-8.00e-03,2.80e+01,
4510,-8.00e-03,2.80e+01,
4511,-8.00e-03,2.80e+01,
4512,-8.00e-03,2.80e+01,
4513,-8.00e-03,2.80e+01,
4514,-8.00e-03,2.80e+01,
4515,-8.00e-03,2.80e+01,
4516,-8.00e-03,2.80e+01,
4517,-8.00e-03,2.80e+01,
4518,-8.00e-03,2.80e+01,
4519,-8.00e-03,2.80e+01,
4520,-8.00e-03,2.80e+01,
4521,-8.00e-03,2.80e+01,
4522,-8.00e-03,2.80e+01,
4523,-8.00e-03,2.80e+01,
4524,-8.00e-03,2.80e+01,
4525,-8.00e-03,2.80e+01,
4526,-8.00e-03,2.80e+01,
4527,-8.00e-03,2.80e+01,
4528,-8.00e-03,2.80e+01,
4529,-8.00e-03,2.80e+01,
4530,-8.00e-03,2.80e+01,
4531,-8.00e-03,2.80e+01,
4532,-8.00e-03,2.80e+01,
4533,-8.00e-03,2.80e+01,
4534,-8.00e-03,2.80e+01,
4535,-8.00e-03,2.80e+01,
4536,-8.00e-03,2.80e+01,
4537,-8.00e-03,2.80e+01,
4538,-8.00e-03,2.80e+01,
4539,-8.00e-03,2.80e+01,
4540,-8.00e-03,2.80e+01,
4541,-8.00e-03,2.80e+01,
4542,-8.00e-03,2.80e+01,
4543,-8.00e-03,2.80e+01,
4544,-8.00e-03,2.80e+01,
4545,-8.00e-03,2.80e+01,
4546,-8.00e-03,2.80e+01,
4547,-8.00e-03,2.80e+01,
4548,-8.00e-03,2.80e+01,
4549,-8.00e-03,2.80e+01,
4550,-8.00e-03,2.80e+01,
4551,-8.00e-03,2.80e+01,
4552,-8.00e-03,2.80e+01,
4553,-8.00e-03,2.80e+01,
4554,-8.00e-03,2.80e+01,
4555,-8.00e-03,2.80e+01,
4556,-8.00e-03,2.80e+01,
4557,-8.00e-03,2.80e+01,
4558,-8.00e-03,2.80e+01,
4559,-8.00e-03,2.80e+01,
4560,-8.00e-03,2.80e+01,
4561,-8.00e-03,2.80e+01,
4562,-8.00e-03,2.80e+01,
4563,-8.00e-03,2.80e+01,
4564,-8.00e-03,2.80e+01,
4565,-8.00e-03,2.80e+01,
4566,-8.00e-03,2.80e+01,
4567,-8.00e-03,2.80e+01,
4568,-8.00e-03,2.80e+01,
4569,-8.00e-03,2.80e+01,
4570,-8.00e-03,2.80e+01,
4571,-8.00e-03,2.80e+01,
4572,-8.00e-03,2.80e+01,
4573,-8.00e-03,2.80e+01,
4574,-8.00e-03,2.80e+01,
4575,-8.00e-03,2.80e+01,
4576,-8.00e-03,2.80e+01,
4577,-8.00e-03,2.80e+01,
4578,-8.00e-03,2.80e+01,
4579,-8.00e-03,2.80e+01,
4580,-8.00e-03,2.80e+01,
4581,-8.00e-03,2.80e+01,
4582,-8.00e-03,2.80e+01,
4583,-8.00e-03,2.80e+01,
4584,-8.00e-03,2.80e+01,
4585,-8.00e-03,2.80e+01,
4586,-8.00e-03,2.80e+01,
4587,-8.00e-03,2.80e+01,
4588,-8.00e-03,2.80e+01,
4589,-8.00e-03,2.80e+01,
4590,-8.00e-03,2.80e+01,
4591,-8.00e-03,2.80e+01,
4592,-8.00e-03,2.80e+01,
4593,-8.00e-03,2.80e+01,
4594,-8.00e-03,2.80e+01,
4595,-8.00e-03,2.80e+01,
4596,-8.00e-03,2.80e+01,
4597,-8.00e-03,2.80e+01,
4598,-8.00e-03,2.80e+01,
4599,-8.00e-03,2.80e+01,
4600,-8.00e-03,2.80e+01,
4601,-8.00e-03,2.80e+01,
4602,-8.00e-03,2.80e+01,
4603,-8.00e-03,2.80e+01,
4604,-8.00e-03,2.80e+01,
4605,-8.00e-03,2.80e+01,
4606,-8.00e-03,2.80e+01,
4607,-8.00e-03,2.80e+01,
4608,-8.00e-03,2.80e+01,
4609,-8.00e-03,2.80e+01,
4610,-8.00e-03,2.80e+01,
4611,-8.00e-03,2.80e+01,
4612,-8.00e-03,2.80e+01,
4613,-8.00e-03,2.80e+01,
4614,-8.00e-03,2.80e+01,
4615,-8.00e-03,2.80e+01,
4616,-8.00e-03,2.80e+01,
4617,-8.00e-03,2.80e+01,
4618,-8.00e-03,2.80e+01,
4619,-8.00e-03,2.80e+01,
4620,-8.00e-03,2.88e+01,
4621,-8.00e-03,2.80e+01,
4622,-8.00e-03,2.80e+01,
4623,-8.00e-03,2.80e+01,
4624,-8.00e-03,2.80e+01,
4625,-8.00e-03,2.80e+01,
4626,-8.00e-03,2.80e+01,
4627,-8.00e-03,2.80e+01,
4628,-8.00e-03,2.80e+01,
4629,-8.00e-03,2.80e+01,
4630,-8.00e-03,2.80e+01,
4631,-8.00e-03,2.80e+01,
4632,-8.00e-03,2.80e+01,
4633,-8.00e-03,2.80e+01,
4634,-8.00e-03,2.80e+01,
4635,-8.00e-03,2.80e+01,
4636,-8.00e-03,2.80e+01,
4637,-8.00e-03,2.80e+01,
4638,-8.00e-03,2.80e+01,
4639,-8.00e-03,2.80e+01,
4640,-8.00e-03,2.80e+01,
4641,-8.00e-03,2.80e+01,
4642,-8.00e-03,2.80e+01,
4643,-8.00e-03,2.80e+01,
4644,-8.00e-03,2.80e+01,
4645,-8.00e-03,2.80e+01,
4646,-8.00e-03,2.80e+01,
4647,-8.00e-03,2.80e+01,
4648,-8.00e-03,2.80e+01,
4649,-8.00e-03,2.80e+01,
4650,-8.00e-03,2.80e+01,
4651,-8.00e-03,2.80e+01,
4652,-8.00e-03,2.80e+01,
4653,-8.00e-03,2.80e+01,
4654,-8.00e-03,2.80e+01,
4655,-8.00e-03,2.80e+01,
4656,-8.00e-03,2.80e+01,
4657,-8.00e-03,2.80e+01,
4658,-8.00e-03,2.80e+01,
4659,-8.00e-03,2.80e+01,
4660,-8.00e-03,2.80e+01,
4661,-8.00e-03,2.80e+01,
4662,-8.00e-03,2.80e+01,
4663,-8.00e-03,2.80e+01,
4664,-8.00e-03,2.80e+01,
4665,-8.00e-03,2.80e+01,
4666,-8.00e-03,2.80e+01,
4667,-8.00e-03,2.80e+01,
4668,-8.00e-03,2.80e+01,
4669,-8.00e-03,2.80e+01,
4670,-8.00e-03,2.80e+01,
4671,-8.00e-03,2.80e+01,
4672,-8.00e-03,2.80e+01,
4673,-8.00e-03,2.80e+01,
4674,-8.00e-03,2.80e+01,
4675,-8.00e-03,2.80e+01,
4676,-8.00e-03,2.80e+01,
4677,-8.00e-03,2.80e+01,
4678,-8.00e-03,2.80e+01,
4679,-8.00e-03,2.80e+01,
4680,-8.00e-03,2.80e+01,
4681,-8.00e-03,2.80e+01,
4682,-8.00e-03,2.80e+01,
4683,-8.00e-03,2.80e+01,
4684,-8.00e-03,2.80e+01,
4685,-8.00e-03,2.80e+01,
4686,-8.00e-03,2.80e+01,
4687,-8.00e-03,2.80e+01,
4688,-8.00e-03,2.80e+01,
4689,-8.00e-03,2.80e+01,
4690,-8.00e-03,2.80e+01,
4691,-8.00e-03,2.80e+01,
4692,-8.00e-03,2.80e+01,
4693,-8.00e-03,2.80e+01,
4694,-8.00e-03,2.80e+01,
4695,-8.00e-03,2.80e+01,
4696,-8.00e-03,2.80e+01,
4697,-8.00e-03,2.80e+01,
4698,-8.00e-03,2.80e+01,
4699,-8.00e-03,2.80e+01,
4700,-8.00e-03,2.80e+01,
4701,-8.00e-03,2.80e+01,
4702,-8.00e-03,2.80e+01,
4703,-8.00e-03,2.80e+01,
4704,-8.00e-03,2.80e+01,
4705,-8.00e-03,2.80e+01,
4706,-8.00e-03,2.80e+01,
4707,-8.00e-03,2.80e+01,
4708,-8.00e-03,2.80e+01,
4709,-8.00e-03,2.80e+01,
4710,-8.00e-03,2.80e+01,
4711,-8.00e-03,2.80e+01,
4712,-8.00e-03,2.80e+01,
4713,-8.00e-03,2.80e+01,
4714,-8.00e-03,2.80e+01,
4715,-8.00e-03,2.80e+01,
4716,-8.00e-03,2.80e+01,
4717,-8.00e-03,2.80e+01,
4718,-8.00e-03,2.80e+01,
4719,-8.00e-03,2.80e+01,
4720,-8.00e-03,2.80e+01,
4721,-8.00e-03,2.80e+01,
4722,-8.00e-03,2.80e+01,
4723,-8.00e-03,2.80e+01,
4724,-8.00e-03,2.80e+01,
4725,-8.00e-03,2.80e+01,
4726,-8.00e-03,2.80e+01,
4727,-8.00e-03,2.80e+01,
4728,-8.00e-03,2.80e+01,
4729,-8.00e-03,2.80e+01,
4730,-8.00e-03,2.80e+01,
4731,-8.00e-03,2.80e+01,
4732,-8.00e-03,2.80e+01,
4733,-8.00e-03,2.80e+01,
4734,-8.00e-03,2.80e+01,
4735,-8.00e-03,2.80e+01,
4736,-8.00e-03,2.80e+01,
4737,-8.00e-03,2.80e+01,
4738,-8.00e-03,2.80e+01,
4739,-8.00e-03,2.80e+01,
4740,-8.00e-03,2.80e+01,
4741,-8.00e-03,2.80e+01,
4742,-8.00e-03,2.80e+01,
4743,-8.00e-03,2.80e+01,
4744,-8.00e-03,2.80e+01,
4745,-8.00e-03,2.80e+01,
4746,-8.00e-03,2.80e+01,
4747,-8.00e-03,2.80e+01,
4748,-8.00e-03,2.80e+01,
4749,-8.00e-03,2.80e+01,
4750,-8.00e-03,2.80e+01,
4751,-8.00e-03,2.80e+01,
4752,-8.00e-03,2.80e+01,
4753,-8.00e-03,2.80e+01,
4754,-8.00e-03,2.80e+01,
4755,-8.00e-03,2.80e+01,
4756,-8.00e-03,2.80e+01,
4757,-8.00e-03,2.80e+01,
4758,-8.00e-03,2.80e+01,
4759,-8.00e-03,2.80e+01,
4760,-8.00e-03,2.80e+01,
4761,-8.00e-03,2.80e+01,
4762,-8.00e-03,2.80e+01,
4763,-8.00e-03,2.80e+01,
4764,-8.00e-03,2.80e+01,
4765,-8.00e-03,2.80e+01,
4766,-8.00e-03,2.80e+01,
4767,-8.00e-03,2.80e+01,
4768,-8.00e-03,2.80e+01,
4769,-8.00e-03,2.80e+01,
4770,-8.00e-03,2.80e+01,
4771,-8.00e-03,2.80e+01,
4772,-8.00e-03,2.80e+01,
4773,-8.00e-03,2.80e+01,
4774,-8.00e-03,2.80e+01,
4775,-8.00e-03,2.80e+01,
4776,-8.00e-03,2.80e+01,
4777,-8.00e-03,2.80e+01,
4778,-8.00e-03,2.80e+01,
4779,-8.00e-03,2.80e+01,
4780,-8.00e-03,2.80e+01,
4781,-8.00e-03,2.80e+01,
4782,-8.00e-03,2.80e+01,
4783,-8.00e-03,2.80e+01,
4784,-8.00e-03,2.80e+01,
4785,-8.00e-03,2.80e+01,
4786,-8.00e-03,2.80e+01,
4787,-8.00e-03,2.80e+01,
4788,-8.00e-03,2.80e+01,
4789,-8.00e-03,2.80e+01,
4790,-8.00e-03,2.80e+01,
4791,-8.00e-03,2.80e+01,
4792,-8.00e-03,2.80e+01,
4793,-8.00e-03,2.80e+01,
4794,-8.00e-03,2.80e+01,
4795,-8.00e-03,2.80e+01,
4796,-8.00e-03,2.80e+01,
4797,-8.00e-03,2.80e+01,
4798,-8.00e-03,2.80e+01,
4799,-8.00e-03,2.80e+01,
4800,-8.00e-03,2.80e+01,
4801,-8.00e-03,2.80e+01,
4802,-8.00e-03,2.80e+01,
4803,-8.00e-03,2.80e+01,
4804,-8.00e-03,2.80e+01,
4805,-8.00e-03,2.80e+01,
4806,-8.00e-03,2.80e+01,
4807,-8.00e-03,2.80e+01,
4808,-8.00e-03,2.80e+01,
4809,-8.00e-03,2.80e+01,
4810,-8.00e-03,2.80e+01,
4811,-8.00e-03,2.80e+01,
4812,-8.00e-03,2.80e+01,
4813,-8.00e-03,2.80e+01,
4814,-8.00e-03,2.80e+01,
4815,-8.00e-03,2.80e+01,
4816,-8.00e-03,2.80e+01,
4817,-8.00e-03,2.80e+01,
4818,-8.00e-03,2.80e+01,
4819,-8.00e-03,2.80e+01,
4820,-8.00e-03,2.80e+01,
4821,-8.00e-03,2.80e+01,
4822,-8.00e-03,2.80e+01,
4823,-8.00e-03,2.80e+01,
4824,-8.00e-03,2.80e+01,
4825,-8.00e-03,2.80e+01,
4826,-8.00e-03,2.80e+01,
4827,-8.00e-03,2.80e+01,
4828,-8.00e-03,2.80e+01,
4829,-8.00e-03,2.80e+01,
4830,-8.00e-03,2.80e+01,
4831,-8.00e-03,2.80e+01,
4832,-8.00e-03,2.80e+01,
4833,-8.00e-03,2.80e+01,
4834,-8.00e-03,2.80e+01,
4835,-8.00e-03,2.80e+01,
4836,-8.00e-03,2.80e+01,
4837,-8.00e-03,2.80e+01,
4838,-8.00e-03,2.80e+01,
4839,-8.00e-03,2.80e+01,
4840,-8.00e-03,2.80e+01,
4841,-8.00e-03,2.80e+01,
4842,-8.00e-03,2.80e+01,
4843,-8.00e-03,2.80e+01,
4844,-8.00e-03,2.80e+01,
4845,-8.00e-03,2.80e+01,
4846,-8.00e-03,2.80e+01,
4847,-8.00e-03,2.80e+01,
4848,-8.00e-03,2.80e+01,
4849,-8.00e-03,2.80e+01,
4850,-8.00e-03,2.80e+01,
4851,-8.00e-03,2.80e+01,
4852,-8.00e-03,2.80e+01,
4853,-8.00e-03,2.80e+01,
4854,-8.00e-03,2.80e+01,
4855,-8.00e-03,2.80e+01,
4856,-8.00e-03,2.80e+01,
4857,-8.00e-03,2.80e+01,
4858,-8.00e-03,2.80e+01,
4859,-8.00e-03,2.80e+01,
4860,-8.00e-03,2.80e+01,
4861,-8.00e-03,2.80e+01,
4862,-8.00e-03,2.80e+01,
4863,-8.00e-03,2.80e+01,
4864,-8.00e-03,2.80e+01,
4865,-8.00e-03,2.80e+01,
4866,-8.00e-03,2.80e+01,
4867,-8.00e-03,2.80e+01,
4868,-8.00e-03,2.80e+01,
4869,-8.00e-03,2.80e+01,
4870,-8.00e-03,2.80e+01,
4871,-8.00e-03,2.80e+01,
4872,-8.00e-03,2.80e+01,
4873,-8.00e-03,2.80e+01,
4874,-8.00e-03,2.80e+01,
4875,-8.00e-03,2.80e+01,
4876,-8.00e-03,2.80e+01,
4877,-8.00e-03,2.80e+01,
4878,-8.00e-03,2.80e+01,
4879,-8.00e-03,2.80e+01,
4880,-8.00e-03,2.80e+01,
4881,-8.00e-03,2.80e+01,
4882,-8.00e-03,2.80e+01,
4883,-8.00e-03,2.80e+01,
4884,-8.00e-03,2.80e+01,
4885,-8.00e-03,2.80e+01,
4886,-8.00e-03,2.80e+01,
4887,-8.00e-03,2.80e+01,
4888,-8.00e-03,2.80e+01,
4889,-8.00e-03,2.80e+01,
4890,-8.00e-03,2.80e+01,
4891,-8.00e-03,2.80e+01,
4892,-8.00e-03,2.80e+01,
4893,-8.00e-03,2.80e+01,
4894,-8.00e-03,2.80e+01,
4895,-8.00e-03,2.80e+01,
4896,-8.00e-03,2.80e+01,
4897,-8.00e-03,2.80e+01,
4898,-8.00e-03,2.80e+01,
4899,-8.00e-03,2.80e+01,
4900,-8.00e-03,2.80e+01,
4901,-8.00e-03,2.80e+01,
4902,-8.00e-03,2.80e+01,
4903,-8.00e-03,2.80e+01,
4904,-8.00e-03,2.80e+01,
4905,-8.00e-03,2.80e+01,
4906,-8.00e-03,2.80e+01,
4907,-8.00e-03,2.80e+01,
4908,-8.00e-03,2.80e+01,
4909,-8.00e-03,2.80e+01,
4910,-8.00e-03,2.80e+01,
4911,-8.00e-03,2.80e+01,
4912,-8.00e-03,2.80e+01,
4913,-8.00e-03,2.80e+01,
4914,-8.00e-03,2.80e+01,
4915,-8.00e-03,2.80e+01,
4916,-8.00e-03,2.80e+01,
4917,-8.00e-03,2.80e+01,
4918,-8.00e-03,2.80e+01,
4919,-8.00e-03,2.80e+01,
4920,-8.00e-03,2.80e+01,
4921,-8.00e-03,2.80e+01,
4922,-8.00e-03,2.80e+01,
4923,-8.00e-03,2.80e+01,
4924,-8.00e-03,2.80e+01,
4925,-8.00e-03,2.80e+01,
4926,-8.00e-03,2.80e+01,
4927,-8.00e-03,2.80e+01,
4928,-8.00e-03,2.80e+01,
4929,-8.00e-03,2.80e+01,
4930,-8.00e-03,2.80e+01,
4931,-8.00e-03,2.80e+01,
4932,-8.00e-03,2.80e+01,
4933,-8.00e-03,2.80e+01,
4934,-8.00e-03,2.80e+01,
4935,-8.00e-03,2.80e+01,
4936,-8.00e-03,2.80e+01,
4937,-8.00e-03,2.80e+01,
4938,-8.00e-03,2.80e+01,
4939,-8.00e-03,2.80e+01,
4940,-8.00e-03,2.80e+01,
4941,-8.00e-03,2.80e+01,
4942,-8.00e-03,2.80e+01,
4943,-8.00e-03,2.80e+01,
4944,-8.00e-03,2.80e+01,
4945,-8.00e-03,2.80e+01,
4946,-8.00e-03,2.80e+01,
4947,-8.00e-03,2.80e+01,
4948,-8.00e-03,2.80e+01,
4949,-8.00e-03,2.80e+01,
4950,-8.00e-03,2.80e+01,
4951,-8.00e-03,2.80e+01,
4952,-8.00e-03,2.80e+01,
4953,-8.00e-03,2.80e+01,
4954,-8.00e-03,2.80e+01,
4955,-8.00e-03,2.80e+01,
4956,-8.00e-03,2.80e+01,
4957,-8.00e-03,2.80e+01,
4958,-8.00e-03,2.80e+01,
4959,-8.00e-03,2.80e+01,
4960,-8.00e-03,2.80e+01,
4961,-8.00e-03,2.80e+01,
4962,-8.00e-03,2.80e+01,
4963,-8.00e-03,2.80e+01,
4964,-8.00e-03,2.80e+01,
4965,-8.00e-03,2.80e+01,
4966,-8.00e-03,2.80e+01,
4967,-8.00e-03,2.80e+01,
4968,-8.00e-03,2.80e+01,
4969,-8.00e-03,2.80e+01,
4970,-8.00e-03,2.80e+01,
4971,-8.00e-03,2.80e+01,
4972,-8.00e-03,2.80e+01,
4973,-8.00e-03,2.80e+01,
4974,-8.00e-03,2.80e+01,
4975,-8.00e-03,2.80e+01,
4976,-8.00e-03,2.80e+01,
4977,-8.00e-03,2.80e+01,
4978,-8.00e-03,2.80e+01,
4979,-8.00e-03,2.80e+01,
4980,-8.00e-03,2.80e+01,
4981,-8.00e-03,2.80e+01,
4982,-8.00e-03,2.80e+01,
4983,-8.00e-03,2.80e+01,
4984,-8.00e-03,2.80e+01,
4985,-8.00e-03,2.80e+01,
4986,-8.00e-03,2.80e+01,
4987,-8.00e-03,2.80e+01,
4988,-8.00e-03,2.80e+01,
4989,-8.00e-03,2.80e+01,
4990,-8.00e-03,2.80e+01,
4991,-8.00e-03,2.80e+01,
4992,-8.00e-03,2.80e+01,
4993,-8.00e-03,2.80e+01,
4994,-8.00e-03,2.80e+01,
4995,-8.00e-03,2.80e+01,
4996,-8.00e-03,2.80e+01,
4997,-8.00e-03,2.80e+01,
4998,-8.00e-03,2.80e+01,
4999,-8.00e-03,2.80e+01,
5000,-8.00e-03,2.80e+01,
5001,-8.00e-03,2.80e+01,
5002,-8.00e-03,2.80e+01,
5003,-8.00e-03,2.80e+01,
5004,-8.00e-03,2.80e+01,
5005,-8.00e-03,2.80e+01,
5006,-8.00e-03,2.80e+01,
5007,-8.00e-03,2.80e+01,
5008,-8.00e-03,2.80e+01,
5009,-8.00e-03,2.80e+01,
5010,-8.00e-03,2.80e+01,
5011,-8.00e-03,2.80e+01,
5012,-8.00e-03,2.80e+01,
5013,-8.00e-03,2.80e+01,
5014,-8.00e-03,2.80e+01,
5015,-8.00e-03,2.80e+01,
5016,-8.00e-03,2.80e+01,
5017,-8.00e-03,2.80e+01,
5018,-8.00e-03,2.80e+01,
5019,-8.00e-03,2.72e+01,
5020,-8.00e-03,2.80e+01,
5021,-8.00e-03,2.80e+01,
5022,-8.00e-03,2.72e+01,
5023,-8.00e-03,2.80e+01,
5024,-8.00e-03,2.80e+01,
5025,-8.00e-03,2.80e+01,
5026,-8.00e-03,2.80e+01,
5027,-8.00e-03,2.80e+01,
5028,-8.00e-03,2.80e+01,
5029,-8.00e-03,2.80e+01,
5030,-8.00e-03,2.80e+01,
5031,-8.00e-03,2.80e+01,
5032,-8.00e-03,2.80e+01,
5033,-8.00e-03,2.80e+01,
5034,-8.00e-03,2.80e+01,
5035,-8.00e-03,2.80e+01,
5036,-8.00e-03,2.80e+01,
5037,-8.00e-03,2.80e+01,
5038,-8.00e-03,2.80e+01,
5039,-8.00e-03,2.80e+01,
5040,-8.00e-03,2.80e+01,
5041,-8.00e-03,2.80e+01,
5042,-8.00e-03,2.80e+01,
5043,-8.00e-03,2.80e+01,
5044,-8.00e-03,2.80e+01,
5045,-8.00e-03,2.80e+01,
5046,-8.00e-03,2.80e+01,
5047,-8.00e-03,2.80e+01,
5048,-8.00e-03,2.80e+01,
5049,-8.00e-03,2.80e+01,
5050,-8.00e-03,2.80e+01,
5051,-8.00e-03,2.80e+01,
5052,-8.00e-03,2.80e+01,
5053,-8.00e-03,2.80e+01,
5054,-8.00e-03,2.80e+01,
5055,-8.00e-03,2.80e+01,
5056,-8.00e-03,2.80e+01,
5057,-8.00e-03,2.80e+01,
5058,-8.00e-03,2.80e+01,
5059,-8.00e-03,2.80e+01,
5060,-8.00e-03,2.80e+01,
5061,-8.00e-03,2.80e+01,
5062,-8.00e-03,2.80e+01,
5063,-8.00e-03,2.80e+01,
5064,-8.00e-03,2.80e+01,
5065,-8.00e-03,2.80e+01,
5066,-8.00e-03,2.80e+01,
5067,-8.00e-03,2.80e+01,
5068,-8.00e-03,2.80e+01,
5069,-8.00e-03,2.80e+01,
5070,-8.00e-03,2.80e+01,
5071,-8.00e-03,2.80e+01,
5072,-8.00e-03,2.80e+01,
5073,-8.00e-03,2.80e+01,
5074,-8.00e-03,2.80e+01,
5075,-8.00e-03,2.80e+01,
5076,-8.00e-03,2.80e+01,
5077,-8.00e-03,2.80e+01,
5078,-8.00e-03,2.80e+01,
5079,-8.00e-03,2.80e+01,
5080,-8.00e-03,2.80e+01,
5081,-8.00e-03,2.80e+01,
5082,-8.00e-03,2.80e+01,
5083,-8.00e-03,2.80e+01,
5084,-8.00e-03,2.80e+01,
5085,-8.00e-03,2.80e+01,
5086,-8.00e-03,2.80e+01,
5087,-8.00e-03,2.80e+01,
5088,-8.00e-03,2.80e+01,
5089,-8.00e-03,2.80e+01,
5090,-8.00e-03,2.80e+01,
5091,-8.00e-03,2.80e+01,
5092,-8.00e-03,2.80e+01,
5093,-8.00e-03,2.80e+01,
5094,-8.00e-03,2.80e+01,
5095,-8.00e-03,2.80e+01,
5096,-8.00e-03,2.80e+01,
5097,-8.00e-03,2.80e+01,
5098,-8.00e-03,2.80e+01,
5099,-8.00e-03,2.80e+01,
5100,-8.00e-03,2.80e+01,
5101,-8.00e-03,2.80e+01,
5102,-8.00e-03,2.80e+01,
5103,-8.00e-03,2.80e+01,
5104,-8.00e-03,2.80e+01,
5105,-8.00e-03,2.80e+01,
5106,-8.00e-03,2.80e+01,
5107,-8.00e-03,2.80e+01,
5108,-8.00e-03,2.80e+01,
5109,-8.00e-03,2.80e+01,
5110,-8.00e-03,2.80e+01,
5111,-8.00e-03,2.80e+01,
5112,-8.00e-03,2.80e+01,
5113,-8.00e-03,2.80e+01,
5114,-8.00e-03,2.80e+01,
5115,-8.00e-03,2.80e+01,
5116,-8.00e-03,2.80e+01,
5117,-8.00e-03,2.80e+01,
5118,-8.00e-03,2.72e+01,
5119,-8.00e-03,2.80e+01,
5120,-8.00e-03,2.80e+01,
5121,-8.00e-03,2.80e+01,
5122,-8.00e-03,2.80e+01,
5123,-8.00e-03,2.80e+01,
5124,-8.00e-03,2.80e+01,
5125,-8.00e-03,2.80e+01,
5126,-8.00e-03,2.72e+01,
5127,-8.00e-03,2.80e+01,
5128,-8.00e-03,2.80e+01,
5129,-8.00e-03,2.80e+01,
5130,-8.00e-03,2.80e+01,
5131,-8.00e-03,2.80e+01,
5132,-8.00e-03,2.80e+01,
5133,-8.00e-03,2.80e+01,
5134,-8.00e-03,2.80e+01,
5135,-8.00e-03,2.80e+01,
5136,-8.00e-03,2.80e+01,
5137,-8.00e-03,2.80e+01,
5138,-8.00e-03,2.72e+01,
5139,-8.00e-03,2.80e+01,
5140,-8.00e-03,2.80e+01,
5141,-8.00e-03,2.80e+01,
5142,-8.00e-03,2.80e+01,
5143,-8.00e-03,2.80e+01,
5144,-8.00e-03,2.80e+01,
5145,-8.00e-03,2.80e+01,
5146,-8.00e-03,2.80e+01,
5147,-8.00e-03,2.80e+01,
5148,-1.60e-02,2.80e+01,
5149,-8.00e-03,2.80e+01,
5150,-8.00e-03,2.80e+01,
5151,-8.00e-03,2.80e+01,
5152,-8.00e-03,2.80e+01,
5153,-8.00e-03,2.80e+01,
5154,-8.00e-03,2.80e+01,
5155,-8.00e-03,2.80e+01,
5156,-8.00e-03,2.80e+01,
5157,-8.00e-03,2.80e+01,
5158,-8.00e-03,2.72e+01,
5159,-8.00e-03,2.80e+01,
5160,-8.00e-03,2.80e+01,
5161,-8.00e-03,2.80e+01,
5162,-8.00e-03,2.80e+01,
5163,-8.00e-03,2.80e+01,
5164,-8.00e-03,2.80e+01,
5165,-8.00e-03,2.80e+01,
5166,-8.00e-03,2.80e+01,
5167,-8.00e-03,2.80e+01,
5168,-8.00e-03,2.80e+01,
5169,-8.00e-03,2.80e+01,
5170,-8.00e-03,2.80e+01,
5171,-8.00e-03,2.80e+01,
5172,-8.00e-03,2.80e+01,
5173,-8.00e-03,2.80e+01,
5174,-8.00e-03,2.80e+01,
5175,-8.00e-03,2.80e+01,
5176,-8.00e-03,2.80e+01,
5177,-8.00e-03,2.80e+01,
5178,-8.00e-03,2.72e+01,
5179,-8.00e-03,2.80e+01,
5180,-8.00e-03,2.80e+01,
5181,-8.00e-03,2.80e+01,
5182,-8.00e-03,2.80e+01,
5183,-8.00e-03,2.80e+01,
5184,-8.00e-03,2.80e+01,
5185,-8.00e-03,2.80e+01,
5186,-8.00e-03,2.72e+01,
5187,-8.00e-03,2.80e+01,
5188,-8.00e-03,2.80e+01,
5189,-8.00e-03,2.80e+01,
5190,-8.00e-03,2.80e+01,
5191,-8.00e-03,2.80e+01,
5192,-8.00e-03,2.80e+01,
5193,-8.00e-03,2.80e+01,
5194,-8.00e-03,2.80e+01,
5195,-8.00e-03,2.80e+01,
5196,-1.60e-02,2.80e+01,
5197,-8.00e-03,2.80e+01,
5198,-8.00e-03,2.72e+01,
5199,-8.00e-03,2.80e+01,
5200,-8.00e-03,2.80e+01,
5201,-8.00e-03,2.72e+01,
5202,-8.00e-03,2.72e+01,
5203,-8.00e-03,2.80e+01,
5204,-8.00e-03,2.80e+01,
5205,-8.00e-03,2.80e+01,
5206,-8.00e-03,2.80e+01,
5207,-8.00e-03,2.80e+01,
5208,-8.00e-03,2.80e+01,
5209,-8.00e-03,2.72e+01,
5210,-8.00e-03,2.80e+01,
5211,-8.00e-03,2.80e+01,
5212,-8.00e-03,2.80e+01,
5213,-8.00e-03,2.80e+01,
5214,-8.00e-03,2.72e+01,
5215,-8.00e-03,2.80e+01,
5216,-8.00e-03,2.80e+01,
5217,-8.00e-03,2.72e+01,
5218,-8.00e-03,2.80e+01,
5219,-8.00e-03,2.72e+01,
5220,-8.00e-03,2.80e+01,
5221,-8.00e-03,2.80e+01,
5222,-8.00e-03,2.72e+01,
5223,-8.00e-03,2.80e+01,
5224,-8.00e-03,2.80e+01,
5225,-8.00e-03,2.80e+01,
5226,-8.00e-03,2.80e+01,
5227,-8.00e-03,2.80e+01,
5228,-8.00e-03,2.80e+01,
5229,-8.00e-03,2.80e+01,
5230,-8.00e-03,2.72e+01,
5231,-8.00e-03,2.80e+01,
5232,-8.00e-03,2.80e+01,
5233,-8.00e-03,2.72e+01,
5234,-8.00e-03,2.72e+01,
5235,-8.00e-03,2.80e+01,
5236,-1.60e-02,2.80e+01,
5237,-8.00e-03,2.80e+01,
5238,-8.00e-03,2.72e+01,
5239,-8.00e-03,2.80e+01,
5240,-8.00e-03,2.80e+01,
5241,-8.00e-03,2.72e+01,
5242,-8.00e-03,2.72e+01,
5243,-8.00e-03,2.72e+01,
5244,-8.00e-03,2.72e+01,
5245,-8.00e-03,2.72e+01,
5246,-8.00e-03,2.72e+01,
5247,-8.00e-03,2.80e+01,
5248,-8.00e-03,2.80e+01,
5249,-8.00e-03,2.72e+01,
5250,-8.00e-03,2.72e+01,
5251,-8.00e-03,2.72e+01,
5252,-1.60e-02,2.72e+01,
5253,-8.00e-03,2.72e+01,
5254,-8.00e-03,2.72e+01,
5255,-8.00e-03,2.72e+01,
5256,-8.00e-03,2.72e+01,
5257,-8.00e-03,2.72e+01,
5258,-8.00e-03,2.64e+01,
5259,-8.00e-03,2.72e+01,
5260,-8.00e-03,2.72e+01,
5261,-8.00e-03,2.64e+01,
5262,-8.00e-03,2.64e+01,
5263,-8.00e-03,2.64e+01,
5264,-8.00e-03,2.64e+01,
5265,-8.00e-03,2.64e+01,
5266,-8.00e-03,2.64e+01,
5267,-8.00e-03,2.64e+01,
5268,-8.00e-03,2.64e+01,
5269,-8.00e-03,2.64e+01,
5270,-8.00e-03,2.56e+01,
5271,-8.00e-03,2.64e+01,
5272,-1.60e-02,2.64e+01,
5273,-8.00e-03,2.56e+01,
5274,-8.00e-03,2.56e+01,
5275,-8.00e-03,2.56e+01,
5276,-1.60e-02,2.56e+01,
5277,-8.00e-03,2.56e+01,
5278,-1.60e-02,2.56e+01,
5279,-1.60e-02,2.56e+01,
5280,-1.60e-02,2.56e+01,
5281,-8.00e-03,2.48e+01,
5282,-8.00e-03,2.48e+01,
5283,-8.00e-03,2.48e+01,
5284,-1.60e-02,2.48e+01,
5285,-8.00e-03,2.48e+01,
5286,-8.00e-03,2.40e+01,
5287,-8.00e-03,2.48e+01,
5288,-1.60e-02,2.48e+01,
5289,-8.00e-03,2.40e+01,
5290,-1.60e-02,2.40e+01,
5291,-8.00e-03,2.40e+01,
5292,-1.60e-02,2.40e+01,
5293,-8.00e-03,2.40e+01,
5294,-8.00e-03,2.32e+01,
5295,-1.60e-02,2.40e+01,
5296,-1.60e-02,2.32e+01,
5297,-8.00e-03,2.32e+01,
5298,-1.60e-02,2.32e+01,
5299,-1.60e-02,2.32e+01,
5300,-1.60e-02,2.32e+01,
5301,-8.00e-03,2.24e+01,
5302,-1.60e-02,2.24e+01,
5303,-8.00e-03,2.24e+01,
5304,-8.00e-03,2.24e+01,
5305,-8.00e-03,2.24e+01,
5306,-8.00e-03,2.16e+01,
5307,-8.00e-03,2.24e+01,
5308,-1.60e-02,2.16e+01,
5309,-8.00e-03,2.16e+01,
5310,-8.00e-03,2.16e+01,
5311,-8.00e-03,2.16e+01,
5312,-1.60e-02,2.16e+01,
5313,-8.00e-03,2.08e+01,
5314,-1.60e-02,2.08e+01,
5315,-8.00e-03,2.08e+01,
5316,-1.60e-02,2.08e+01,
5317,-8.00e-03,2.08e+01,
5318,-1.60e-02,2.08e+01,
5319,-1.60e-02,2.08e+01,
5320,-1.60e-02,2.08e+01,
5321,-8.00e-03,2.00e+01,
5322,-1.60e-02,2.00e+01,
5323,-8.00e-03,2.00e+01,
5324,-1.60e-02,2.00e+01,
5325,-8.00e-03,1.92e+01,
5326,-8.00e-03,1.92e+01,
5327,-8.00e-03,1.92e+01,
5328,-1.60e-02,1.92e+01,
5329,-8.00e-03,1.92e+01,
5330,-1.60e-02,1.92e+01,
5331,-8.00e-03,1.92e+01,
5332,-1.60e-02,1.92e+01,
5333,-8.00e-03,1.84e+01,
5334,-8.00e-03,1.84e+01,
5335,-1.60e-02,1.84e+01,
5336,-1.60e-02,1.84e+01,
5337,-8.00e-03,1.76e+01,
5338,-1.60e-02,1.76e+01,
5339,-8.00e-03,1.76e+01,
5340,-1.60e-02,1.76e+01,
5341,-8.00e-03,1.76e+01,
5342,-8.00e-03,1.60e+01,
5343,-8.00e-03,1.76e+01,
5344,-8.00e-03,1.76e+01,
5345,-8.00e-03,1.60e+01,
5346,-8.00e-03,1.60e+01,
5347,-8.00e-03,1.60e+01,
5348,-1.60e-02,1.60e+01,
5349,-8.00e-03,1.52e+01,
5350,-8.00e-03,1.52e+01,
5351,-8.00e-03,1.60e+01,
5352,-1.60e-02,1.60e+01,
5353,-8.00e-03,1.52e+01,
5354,-1.60e-02,1.52e+01,
5355,-8.00e-03,1.52e+01,
5356,-1.60e-02,1.52e+01,
5357,-8.00e-03,1.52e+01,
5358,-8.00e-03,1.44e+01,
5359,-8.00e-03,1.44e+01,
5360,-8.00e-03,1.44e+01,
5361,-8.00e-03,1.44e+01,
5362,-8.00e-03,1.44e+01,
5363,-8.00e-03,1.44e+01,
5364,-1.60e-02,1.44e+01,
5365,-8.00e-03,1.36e+01,
5366,-8.00e-03,1.36e+01,
5367,-8.00e-03,1.36e+01,
5368,-1.60e-02,1.36e+01,
5369,-8.00e-03,1.36e+01,
5370,-8.00e-03,1.36e+01,
5371,-8.00e-03,1.36e+01,
5372,-1.60e-02,1.36e+01,
5373,-8.00e-03,1.28e+01,
5374,-8.00e-03,1.28e+01,
5375,-8.00e-03,1.28e+01,
5376,-8.00e-03,1.28e+01,
5377,-8.00e-03,1.28e+01,
5378,-8.00e-03,1.28e+01,
5379,-8.00e-03,1.28e+01,
5380,-8.00e-03,1.28e+01,
5381,-8.00e-03,1.20e+01,
5382,-8.00e-03,1.20e+01,
5383,-8.00e-03,1.28e+01,
5384,-8.00e-03,1.28e+01,
5385,-8.00e-03,1.20e+01,
5386,-8.00e-03,1.20e+01,
5387,-8.00e-03,1.20e+01,
5388,-1.60e-02,1.20e+01,
5389,-8.00e-03,1.20e+01,
5390,-8.00e-03,1.12e+01,
5391,-8.00e-03,1.20e+01,
5392,-8.00e-03,1.20e+01,
5393,-8.00e-03,1.12e+01,
5394,-8.00e-03,1.12e+01,
5395,-8.00e-03,1.12e+01,
5396,-8.00e-03,1.12e+01,
5397,-8.00e-03,1.12e+01,
5398,-8.00e-03,1.12e+01,
5399,-8.00e-03,1.12e+01,
5400,-8.00e-03,1.12e+01,
5401,-8.00e-03,1.04e+01,
5402,-8.00e-03,1.12e+01,
5403,-8.00e-03,1.12e+01,
5404,-8.00e-03,1.12e+01,
5405,-8.00e-03,1.04e+01,
5406,-8.00e-03,1.04e+01,
5407,-8.00e-03,1.12e+01,
5408,-8.00e-03,1.12e+01,
5409,-8.00e-03,1.04e+01,
5410,-8.00e-03,1.04e+01,
5411,-8.00e-03,1.04e+01,
5412,-8.00e-03,1.12e+01,
5413,-8.00e-03,1.04e+01,
5414,-8.00e-03,1.04e+01,
5415,-8.00e-03,1.04e+01,
5416,-8.00e-03,1.04e+01,
5417,-8.00e-03,9.60e+00,
5418,-8.00e-03,1.04e+01,
5419,-8.00e-03,9.60e+00,
5420,-8.00e-03,1.04e+01,
5421,-8.00e-03,1.04e+01,
5422,-8.00e-03,9.60e+00,
5423,-8.00e-03,1.04e+01,
5424,-8.00e-03,1.04e+01,
5425,-8.00e-03,9.60e+00,
5426,-8.00e-03,9.60e+00,
5427,-8.00e-03,1.04e+01,
5428,-8.00e-03,1.04e+01,
5429,-8.00e-03,9.60e+00,
5430,-8.00e-03,9.60e+00,
5431,-8.00e-03,9.60e+00,
5432,-8.00e-03,9.60e+00,
5433,-8.00e-03,9.60e+00,
5434,-8.00e-03,9.60e+00,
5435,-8.00e-03,9.60e+00,
5436,-8.00e-03,9.60e+00,
5437,-8.00e-03,9.60e+00,
5438,-8.00e-03,9.60e+00,
5439,-8.00e-03,9.60e+00,
5440,-8.00e-03,9.60e+00,
5441,-8.00e-03,9.60e+00,
5442,-8.00e-03,9.60e+00,
5443,-8.00e-03,9.60e+00,
5444,-8.00e-03,9.60e+00,
5445,-8.00e-03,9.60e+00,
5446,-8.00e-03,9.60e+00,
5447,-8.00e-03,9.60e+00,
5448,-8.00e-03,9.60e+00,
5449,-8.00e-03,9.60e+00,
5450,-8.00e-03,9.60e+00,
5451,-8.00e-03,9.60e+00,
5452,-8.00e-03,9.60e+00,
5453,-8.00e-03,9.60e+00,
5454,-8.00e-03,9.60e+00,
5455,-8.00e-03,9.60e+00,
5456,-8.00e-03,9.60e+00,
5457,-8.00e-03,9.60e+00,
5458,-8.00e-03,9.60e+00,
5459,-8.00e-03,9.60e+00,
5460,-8.00e-03,9.60e+00,
5461,-8.00e-03,9.60e+00,
5462,-8.00e-03,9.60e+00,
5463,-8.00e-03,9.60e+00,
5464,-8.00e-03,9.60e+00,
5465,-8.00e-03,9.60e+00,
5466,-8.00e-03,9.60e+00,
5467,-8.00e-03,9.60e+00,
5468,-8.00e-03,9.60e+00,
5469,-8.00e-03,9.60e+00,
5470,-8.00e-03,9.60e+00,
5471,-8.00e-03,9.60e+00,
5472,-8.00e-03,1.04e+01,
5473,-8.00e-03,9.60e+00,
5474,-8.00e-03,9.60e+00,
5475,-8.00e-03,1.04e+01,
5476,-8.00e-03,1.04e+01,
5477,-8.00e-03,9.60e+00,
5478,-8.00e-03,9.60e+00,
5479,-8.00e-03,1.04e+01,
5480,-8.00e-03,1.04e+01,
5481,-8.00e-03,9.60e+00,
5482,-8.00e-03,9.60e+00,
5483,-8.00e-03,1.04e+01,
5484,-8.00e-03,1.04e+01,
5485,-8.00e-03,1.04e+01,
5486,-8.00e-03,1.04e+01,
5487,-8.00e-03,1.04e+01,
5488,-8.00e-03,1.04e+01,
5489,-8.00e-03,1.04e+01,
5490,-8.00e-03,1.04e+01,
5491,-8.00e-03,1.04e+01,
5492,-8.00e-03,1.04e+01,
5493,0.00e+00,1.04e+01,
5494,-8.00e-03,1.04e+01,
5495,-8.00e-03,1.12e+01,
5496,-8.00e-03,1.12e+01,
5497,-8.00e-03,1.04e+01,
5498,-8.00e-03,1.04e+01,
5499,-8.00e-03,1.12e+01,
5500,-8.00e-03,1.12e+01,
5501,-8.00e-03,1.12e+01,
5502,-8.00e-03,1.12e+01,
5503,-8.00e-03,1.12e+01,
5504,-8.00e-03,1.12e+01,
5505,-8.00e-03,1.12e+01,
5506,-8.00e-03,1.12e+01,
5507,-8.00e-03,1.12e+01,
5508,-8.00e-03,1.12e+01,
5509,-8.00e-03,1.12e+01,
5510,-8.00e-03,1.12e+01,
5511,-8.00e-03,1.20e+01,
5512,-8.00e-03,1.20e+01,
5513,-8.00e-03,1.12e+01,
5514,-8.00e-03,1.20e+01,
5515,-8.00e-03,1.20e+01,
5516,-8.00e-03,1.20e+01,
5517,-8.00e-03,1.20e+01,
5518,-8.00e-03,1.20e+01,
5519,-8.00e-03,1.20e+01,
5520,-8.00e-03,1.28e+01,
5521,-8.00e-03,1.20e+01,
5522,-8.00e-03,1.20e+01,
5523,-8.00e-03,1.28e+01,
5524,-8.00e-03,1.28e+01,
5525,-8.00e-03,1.28e+01,
5526,-8.00e-03,1.28e+01,
5527,-8.00e-03,1.28e+01,
5528,-8.00e-03,1.28e+01,
5529,-8.00e-03,1.28e+01,
5530,-8.00e-03,1.28e+01,
5531,-8.00e-03,1.36e+01,
5532,-8.00e-03,1.36e+01,
5533,-8.00e-03,1.36e+01,
5534,-8.00e-03,1.36e+01,
5535,-8.00e-03,1.36e+01,
5536,-8.00e-03,1.36e+01,
5537,-8.00e-03,1.36e+01,
5538,-8.00e-03,1.36e+01,
5539,-8.00e-03,1.44e+01,
5540,-8.00e-03,1.44e+01,
5541,0.00e+00,1.44e+01,
5542,-8.00e-03,1.44e+01,
5543,-8.00e-03,1.44e+01,
5544,-8.00e-03,1.44e+01,
5545,-8.00e-03,1.44e+01,
5546,-8.00e-03,1.44e+01,
5547,-8.00e-03,1.52e+01,
5548,-8.00e-03,1.52e+01,
5549,-8.00e-03,1.52e+01,
5550,-8.00e-03,1.52e+01,
5551,-8.00e-03,1.52e+01,
5552,-8.00e-03,1.52e+01,
5553,0.00e+00,1.52e+01,
5554,-8.00e-03,1.52e+01,
5555,-8.00e-03,1.60e+01,
5556,-8.00e-03,1.60e+01,
5557,-8.00e-03,1.60e+01,
5558,-8.00e-03,1.60e+01,
5559,-8.00e-03,1.60e+01,
5560,-8.00e-03,1.76e+01,
5561,-8.00e-03,1.60e+01,
5562,-8.00e-03,1.76e+01,
5563,-8.00e-03,1.76e+01,
5564,-8.00e-03,1.76e+01,
5565,-8.00e-03,1.76e+01,
5566,-8.00e-03,1.76e+01,
5567,-8.00e-03,1.76e+01,
5568,-8.00e-03,1.84e+01,
5569,-8.00e-03,1.84e+01,
5570,-8.00e-03,1.84e+01,
5571,-8.00e-03,1.84e+01,
5572,-8.00e-03,1.84e+01,
5573,-8.00e-03,1.84e+01,
5574,-8.00e-03,1.84e+01,
5575,-8.00e-03,1.92e+01,
5576,-8.00e-03,1.92e+01,
5577,-8.00e-03,1.92e+01,
5578,-8.00e-03,1.92e+01,
5579,-8.00e-03,1.92e+01,
5580,-8.00e-03,2.00e+01,
5581,-8.00e-03,2.00e+01,
5582,-8.00e-03,2.00e+01,
5583,-8.00e-03,2.00e+01,
5584,-8.00e-03,2.00e+01,
5585,-8.00e-03,2.00e+01,
5586,-8.00e-03,2.00e+01,
5587,-8.00e-03,2.08e+01,
5588,-8.00e-03,2.08e+01,
5589,-8.00e-03,2.08e+01,
5590,-8.00e-03,2.08e+01,
5591,-8.00e-03,2.08e+01,
5592,-8.00e-03,2.16e+01,
5593,-8.00e-03,2.08e+01,
5594,-8.00e-03,2.08e+01,
5595,-8.00e-03,2.16e+01,
5596,-8.00e-03,2.16e+01,
5597,-8.00e-03,2.16e+01,
5598,-8.00e-03,2.16e+01,
5599,-8.00e-03,2.16e+01,
5600,-8.00e-03,2.24e+01,
5601,-8.00e-03,2.24e+01,
5602,-8.00e-03,2.24e+01,
5603,-8.00e-03,2.24e+01,
5604,-8.00e-03,2.24e+01,
5605,-8.00e-03,2.24e+01,
5606,-8.00e-03,2.24e+01,
5607,-8.00e-03,2.32e+01,
5608,-8.00e-03,2.32e+01,
5609,-8.00e-03,2.32e+01,
5610,-8.00e-03,2.32e+01,
5611,-8.00e-03,2.32e+01,
5612,-8.00e-03,2.32e+01,
5613,-8.00e-03,2.32e+01,
5614,-8.00e-03,2.32e+01,
5615,-8.00e-03,2.40e+01,
5616,-8.00e-03,2.40e+01,
5617,-8.00e-03,2.40e+01,
5618,-8.00e-03,2.40e+01,
5619,-8.00e-03,2.40e+01,
5620,-8.00e-03,2.48e+01,
5621,-8.00e-03,2.40e+01,
5622,-8.00e-03,2.40e+01,
5623,-8.00e-03,2.48e+01,
5624,-8.00e-03,2.48e+01,
5625,-8.00e-03,2.48e+01,
5626,-8.00e-03,2.48e+01,
5627,-8.00e-03,2.48e+01,
5628,-8.00e-03,2.48e+01,
5629,-8.00e-03,2.48e+01,
5630,-8.00e-03,2.48e+01,
5631,-8.00e-03,2.56e+01,
5632,-8.00e-03,2.56e+01,
5633,-8.00e-03,2.56e+01,
5634,-8.00e-03,2.56e+01,
5635,-8.00e-03,2.56e+01,
5636,-8.00e-03,2.56e+01,
5637,-8.00e-03,2.56e+01,
5638,-8.00e-03,2.56e+01,
5639,-8.00e-03,2.56e+01,
5640,-8.00e-03,2.64e+01,
5641,-8.00e-03,2.56e+01,
5642,-8.00e-03,2.56e+01,
5643,-8.00e-03,2.56e+01,
5644,-8.00e-03,2.64e+01,
5645,-8.00e-03,2.64e+01,
5646,-8.00e-03,2.56e+01,
5647,-8.00e-03,2.64e+01,
5648,-8.00e-03,2.64e+01,
5649,-8.00e-03,2.64e+01,
5650,-8.00e-03,2.64e+01,
5651,-8.00e-03,2.64e+01,
5652,-8.00e-03,2.64e+01,
5653,-8.00e-03,2.64e+01,
5654,-8.00e-03,2.64e+01,
5655,-8.00e-03,2.64e+01,
5656,-8.00e-03,2.64e+01,
5657,-8.00e-03,2.64e+01,
5658,-8.00e-03,2.64e+01,
5659,-8.00e-03,2.72e+01,
5660,-8.00e-03,2.72e+01,
5661,-8.00e-03,2.64e+01,
5662,-8.00e-03,2.64e+01,
5663,-8.00e-03,2.72e+01,
5664,-8.00e-03,2.72e+01,
5665,-8.00e-03,2.64e+01,
5666,-8.00e-03,2.64e+01,
5667,-8.00e-03,2.72e+01,
5668,-8.00e-03,2.72e+01,
5669,-8.00e-03,2.72e+01,
5670,-8.00e-03,2.72e+01,
5671,-8.00e-03,2.72e+01,
5672,-1.60e-02,2.72e+01,
5673,-8.00e-03,2.72e+01,
5674,-8.00e-03,2.72e+01,
5675,-8.00e-03,2.72e+01,
5676,-1.60e-02,2.72e+01,
5677,-8.00e-03,2.72e+01,
5678,-8.00e-03,2.64e+01,
5679,-8.00e-03,2.72e+01,
5680,-8.00e-03,2.72e+01,
5681,-8.00e-03,2.64e+01,
5682,-8.00e-03,2.64e+01,
5683,-8.00e-03,2.72e+01,
5684,-8.00e-03,2.72e+01,
5685,-8.00e-03,2.64e+01,
5686,-1.60e-02,2.64e+01,
5687,-8.00e-03,2.72e+01,
5688,-1.60e-02,2.72e+01,
5689,-8.00e-03,2.64e+01,
5690,-8.00e-03,2.64e+01,
5691,-8.00e-03,2.64e+01,
5692,-1.60e-02,2.64e+01,
5693,-8.00e-03,2.64e+01,
5694,-8.00e-03,2.64e+01,
5695,-8.00e-03,2.64e+01,
5696,-1.60e-02,2.64e+01,
5697,-8.00e-03,2.64e+01,
5698,-8.00e-03,2.64e+01,
5699,-8.00e-03,2.64e+01,
5700,-1.60e-02,2.64e+01,
5701,-8.00e-03,2.64e+01,
5702,-8.00e-03,2.56e+01,
5703,-8.00e-03,2.64e+01,
5704,-1.60e-02,2.64e+01,
5705,-8.00e-03,2.56e+01,
5706,-8.00e-03,2.56e+01,
5707,-8.00e-03,2.56e+01,
5708,-1.60e-02,2.56e+01,
5709,-8.00e-03,2.56e+01,
5710,-1.60e-02,2.56e+01,
5711,-8.00e-03,2.56e+01,
5712,-1.60e-02,2.56e+01,
5713,-8.00e-03,2.56e+01,
5714,-1.60e-02,2.48e+01,
5715,-8.00e-03,2.48e+01,
5716,-1.60e-02,2.48e+01,
5717,-8.00e-03,2.48e+01,
5718,-8.00e-03,2.48e+01,
5719,-8.00e-03,2.48e+01,
5720,-1.60e-02,2.48e+01,
5721,-8.00e-03,2.48e+01,
5722,-8.00e-03,2.40e+01,
5723,-8.00e-03,2.48e+01,
5724,-1.60e-02,2.48e+01,
5725,-8.00e-03,2.40e+01,
5726,-8.00e-03,2.40e+01,
5727,-8.00e-03,2.40e+01,
5728,-1.60e-02,2.40e+01,
5729,-8.00e-03,2.40e+01,
5730,-1.60e-02,2.32e+01,
5731,-8.00e-03,2.40e+01,
5732,-1.60e-02,2.32e+01,
5733,-8.00e-03,2.32e+01,
5734,-8.00e-03,2.32e+01,
5735,-8.00e-03,2.32e+01,
5736,-1.60e-02,2.32e+01,
5737,-8.00e-03,2.32e+01,
5738,-1.60e-02,2.24e+01,
5739,-8.00e-03,2.32e+01,
5740,-1.60e-02,2.24e+01,
5741,-8.00e-03,2.24e+01,
5742,-8.00e-03,2.24e+01,
5743,-1.60e-02,2.24e+01,
5744,-1.60e-02,2.24e+01,
5745,-8.00e-03,2.16e+01,
5746,-1.60e-02,2.16e+01,
5747,-8.00e-03,2.16e+01,
5748,-1.60e-02,2.16e+01,
5749,-8.00e-03,2.16e+01,
5750,-8.00e-03,2.16e+01,
5751,-8.00e-03,2.16e+01,
5752,-1.60e-02,2.16e+01,
5753,-8.00e-03,2.08e+01,
5754,-1.60e-02,2.08e+01,
5755,-8.00e-03,2.08e+01,
5756,-1.60e-02,2.08e+01,
5757,-8.00e-03,2.08e+01,
5758,-1.60e-02,2.00e+01,
5759,-8.00e-03,2.08e+01,
5760,-8.00e-03,2.08e+01,
5761,-8.00e-03,2.00e+01,
5762,-1.60e-02,2.00e+01,
5763,-8.00e-03,2.00e+01,
5764,-1.60e-02,2.00e+01,
5765,-8.00e-03,1.92e+01,
5766,-1.60e-02,1.92e+01,
5767,-8.00e-03,1.92e+01,
5768,-1.60e-02,1.92e+01,
5769,-8.00e-03,1.92e+01,
5770,-8.00e-03,1.92e+01,
5771,-8.00e-03,1.92e+01,
5772,-8.00e-03,1.92e+01,
5773,-8.00e-03,1.84e+01,
5774,-1.60e-02,1.84e+01,
5775,-8.00e-03,1.84e+01,
5776,-1.60e-02,1.84e+01,
5777,-8.00e-03,1.84e+01,
5778,-1.60e-02,1.76e+01,
5779,-8.00e-03,1.84e+01,
5780,-8.00e-03,1.84e+01,
5781,-8.00e-03,1.76e+01,
5782,-8.00e-03,1.76e+01,
5783,-8.00e-03,1.76e+01,
5784,-1.60e-02,1.76e+01,
5785,-8.00e-03,1.60e+01,
5786,-1.60e-02,1.60e+01,
5787,-8.00e-03,1.60e+01,
5788,-8.00e-03,1.60e+01,
5789,-8.00e-03,1.60e+01,
5790,-1.60e-02,1.60e+01,
5791,-8.00e-03,1.60e+01,
5792,-1.60e-02,1.60e+01,
5793,-8.00e-03,1.52e+01,
5794,-8.00e-03,1.52e+01,
5795,-8.00e-03,1.52e+01,
5796,-1.60e-02,1.52e+01,
5797,-8.00e-03,1.52e+01,
5798,-8.00e-03,1.44e+01,
5799,-8.00e-03,1.52e+01,
5800,-8.00e-03,1.52e+01,
5801,-8.00e-03,1.44e+01,
5802,-1.60e-02,1.44e+01,
5803,-8.00e-03,1.44e+01,
5804,-1.60e-02,1.44e+01,
5805,-8.00e-03,1.44e+01,
5806,-8.00e-03,1.44e+01,
5807,-8.00e-03,1.44e+01,
5808,-8.00e-03,1.44e+01,
5809,-8.00e-03,1.36e+01,
5810,-1.60e-02,1.36e+01,
5811,-8.00e-03,1.36e+01,
5812,-8.00e-03,1.36e+01,
5813,-8.00e-03,1.36e+01,
5814,-8.00e-03,1.36e+01,
5815,-8.00e-03,1.36e+01,
5816,-8.00e-03,1.36e+01,
5817,-8.00e-03,1.28e+01,
5818,-1.60e-02,1.36e+01,
5819,-8.00e-03,1.28e+01,
5820,-1.60e-02,1.36e+01,
5821,-8.00e-03,1.28e+01,
5822,-8.00e-03,1.20e+01,
5823,-8.00e-03,1.28e+01,
5824,-8.00e-03,1.28e+01,
5825,-8.00e-03,1.28e+01,
5826,-8.00e-03,1.28e+01,
5827,-8.00e-03,1.28e+01,
5828,-8.00e-03,1.28e+01,
5829,-8.00e-03,1.20e+01,
5830,-8.00e-03,1.20e+01,
5831,-8.00e-03,1.20e+01,
5832,-1.60e-02,1.20e+01,
5833,-8.00e-03,1.20e+01,
5834,-1.60e-02,1.20e+01,
5835,-8.00e-03,1.20e+01,
5836,-8.00e-03,1.20e+01,
5837,-8.00e-03,1.20e+01,
5838,-8.00e-03,1.12e+01,
5839,-8.00e-03,1.20e+01,
5840,-8.00e-03,1.20e+01,
5841,-8.00e-03,1.12e+01,
5842,-8.00e-03,1.12e+01,
5843,-8.00e-03,1.12e+01,
5844,-8.00e-03,1.12e+01,
5845,-8.00e-03,1.12e+01,
5846,-8.00e-03,1.12e+01,
5847,-8.00e-03,1.12e+01,
5848,-8.00e-03,1.12e+01,
5849,-8.00e-03,1.12e+01,
5850,-8.00e-03,1.12e+01,
5851,-8.00e-03,1.12e+01,
5852,-8.00e-03,1.12e+01,
5853,-8.00e-03,1.12e+01,
5854,-8.00e-03,1.04e+01,
5855,-8.00e-03,1.12e+01,
5856,-8.00e-03,1.12e+01,
5857,-8.00e-03,1.04e+01,
5858,-8.00e-03,1.04e+01,
5859,-8.00e-03,1.12e+01,
5860,-8.00e-03,1.12e+01,
5861,-8.00e-03,1.04e+01,
5862,-8.00e-03,1.04e+01,
5863,-8.00e-03,1.04e+01,
5864,-8.00e-03,1.12e+01,
5865,-8.00e-03,1.04e+01,
5866,-8.00e-03,1.04e+01,
5867,-8.00e-03,1.04e+01,
5868,-8.00e-03,1.04e+01,
5869,-8.00e-03,1.04e+01,
5870,-8.00e-03,1.04e+01,
5871,-8.00e-03,1.04e+01,
5872,-8.00e-03,1.04e+01,
5873,-8.00e-03,1.04e+01,
5874,-8.00e-03,1.04e+01,
5875,-8.00e-03,1.04e+01,
5876,-8.00e-03,1.04e+01,
5877,-8.00e-03,1.04e+01,
5878,-8.00e-03,9.60e+00,
5879,-8.00e-03,1.04e+01,
5880,-8.00e-03,1.04e+01,
5881,-8.00e-03,9.60e+00,
5882,-8.00e-03,9.60e+00,
5883,-8.00e-03,1.04e+01,
5884,-8.00e-03,1.04e+01,
5885,-8.00e-03,1.04e+01,
5886,-8.00e-03,9.60e+00,
5887,-8.00e-03,1.04e+01,
5888,-8.00e-03,1.04e+01,
5889,-8.00e-03,9.60e+00,
5890,-8.00e-03,9.60e+00,
5891,-8.00e-03,1.04e+01,
5892,-8.00e-03,1.04e+01,
5893,-8.00e-03,1.04e+01,
5894,-8.00e-03,9.60e+00,
5895,-8.00e-03,1.04e+01,
5896,-8.00e-03,1.04e+01,
5897,-8.00e-03,1.04e+01,
5898,-8.00e-03,9.60e+00,
5899,-8.00e-03,1.04e+01,
5900,-8.00e-03,1.04e+01,
5901,-8.00e-03,1.04e+01,
5902,-8.00e-03,1.04e+01,
5903,-8.00e-03,1.04e+01,
5904,-8.00e-03,1.04e+01,
5905,-8.00e-03,9.60e+00,
5906,-8.00e-03,1.04e+01,
5907,-8.00e-03,1.04e+01,
5908,-8.00e-03,1.04e+01,
5909,-8.00e-03,1.04e+01,
5910,-8.00e-03,1.04e+01,
5911,-8.00e-03,1.04e+01,
5912,-8.00e-03,1.04e+01,
5913,-8.00e-03,1.04e+01,
5914,-8.00e-03,1.04e+01,
5915,-8.00e-03,1.04e+01,
5916,-8.00e-03,1.04e+01,
5917,-8.00e-03,1.04e+01,
5918,-8.00e-03,1.04e+01,
5919,-8.00e-03,1.04e+01,
5920,-8.00e-03,1.04e+01,
5921,-8.00e-03,1.04e+01,
5922,-8.00e-03,1.04e+01,
5923,-8.00e-03,1.12e+01,
5924,-8.00e-03,1.12e+01,
5925,0.00e+00,1.04e+01,
5926,-8.00e-03,1.04e+01,
5927,-8.00e-03,1.12e+01,
5928,-8.00e-03,1.12e+01,
5929,-8.00e-03,1.04e+01,
5930,-8.00e-03,1.12e+01,
5931,-8.00e-03,1.12e+01,
5932,-8.00e-03,1.12e+01,
5933,-8.00e-03,1.12e+01,
5934,-8.00e-03,1.12e+01,
5935,-8.00e-03,1.12e+01,
5936,-8.00e-03,1.12e+01,
5937,-8.00e-03,1.12e+01,
5938,-8.00e-03,1.12e+01,
5939,-8.00e-03,1.12e+01,
5940,-8.00e-03,1.20e+01,
5941,-8.00e-03,1.12e+01,
5942,-8.00e-03,1.12e+01,
5943,-8.00e-03,1.12e+01,
5944,-8.00e-03,1.20e+01,
5945,-8.00e-03,1.12e+01,
5946,-8.00e-03,1.12e+01,
5947,-8.00e-03,1.20e+01,
5948,-8.00e-03,1.20e+01,
5949,-8.00e-03,1.20e+01,
5950,0.00e+00,1.20e+01,
5951,-8.00e-03,1.20e+01,
5952,-8.00e-03,1.20e+01,
5953,-8.00e-03,1.20e+01,
5954,-8.00e-03,1.20e+01,
5955,-8.00e-03,1.28e+01,
5956,-8.00e-03,1.28e+01,
5957,0.00e+00,1.28e+01,
5958,-8.00e-03,1.20e+01,
5959,-8.00e-03,1.28e+01,
5960,-8.00e-03,1.28e+01,
5961,-8.00e-03,1.28e+01,
5962,-8.00e-03,1.28e+01,
5963,-8.00e-03,1.28e+01,
5964,-8.00e-03,1.28e+01,
5965,-8.00e-03,1.28e+01,
5966,-8.00e-03,1.28e+01,
5967,-8.00e-03,1.36e+01,
5968,-8.00e-03,1.36e+01,
5969,-8.00e-03,1.36e+01,
5970,-8.00e-03,1.36e+01,
5971,-8.00e-03,1.36e+01,
5972,-8.00e-03,1.36e+01,
5973,-8.00e-03,1.36e+01,
5974,-8.00e-03,1.36e+01,
5975,-8.00e-03,1.36e+01,
5976,-8.00e-03,1.44e+01,
5977,-8.00e-03,1.36e+01,
5978,-8.00e-03,1.36e+01,
5979,-8.00e-03,1.44e+01,
5980,-8.00e-03,1.44e+01,
5981,-8.00e-03,1.44e+01,
5982,-8.00e-03,1.44e+01,
5983,-8.00e-03,1.44e+01,
5984,-8.00e-03,1.52e+01,
5985,-8.00e-03,1.44e+01,
5986,-8.00e-03,1.44e+01,
5987,-8.00e-03,1.52e+01,
5988,-8.00e-03,1.52e+01,
5989,-8.00e-03,1.52e+01,
5990,-8.00e-03,1.52e+01,
5991,-8.00e-03,1.52e+01,
5992,-8.00e-03,1.60e+01,
5993,-8.00e-03,1.52e+01,
5994,-8.00e-03,1.60e+01,
5995,-8.00e-03,1.60e+01,
5996,-8.00e-03,1.60e+01,
5997,-8.00e-03,1.60e+01,
5998,-8.00e-03,1.60e+01,
5999,-8.00e-03,1.60e+01,
6000,-8.00e-03,1.76e+01,
6001,-8.00e-03,1.60e+01,
6002,-8.00e-03,1.60e+01,
6003,-8.00e-03,1.76e+01,
6004,-8.00e-03,1.76e+01,
6005,-8.00e-03,1.76e+01,
6006,-8.00e-03,1.76e+01,
6007,-8.00e-03,1.76e+01,
6008,-8.00e-03,1.84e+01,
6009,-8.00e-03,1.76e+01,
6010,-8.00e-03,1.84e+01,
6011,-8.00e-03,1.84e+01,
6012,-8.00e-03,1.84e+01,
6013,-8.00e-03,1.84e+01,
6014,-8.00e-03,1.84e+01,
6015,-8.00e-03,1.92e+01,
6016,-8.00e-03,1.92e+01,
6017,-8.00e-03,1.92e+01,
6018,-8.00e-03,1.92e+01,
6019,-8.00e-03,1.92e+01,
6020,-8.00e-03,2.00e+01,
6021,-8.00e-03,1.92e+01,
6022,-8.00e-03,1.92e+01,
6023,-8.00e-03,2.00e+01,
6024,-8.00e-03,2.00e+01,
6025,-8.00e-03,2.00e+01,
6026,-8.00e-03,2.00e+01,
6027,-8.00e-03,2.00e+01,
6028,-8.00e-03,2.08e+01,
6029,-8.00e-03,2.00e+01,
6030,-8.00e-03,2.00e+01,
6031,-8.00e-03,2.08e+01,
6032,-8.00e-03,2.08e+01,
6033,-8.00e-03,2.08e+01,
6034,-8.00e-03,2.08e+01,
6035,-8.00e-03,2.08e+01,
6036,-8.00e-03,2.16e+01,
6037,-8.00e-03,2.16e+01,
6038,-8.00e-03,2.08e+01,
6039,-8.00e-03,2.16e+01,
6040,-8.00e-03,2.16e+01,
6041,-8.00e-03,2.16e+01,
6042,-8.00e-03,2.16e+01,
6043,-8.00e-03,2.24e+01,
6044,-8.00e-03,2.24e+01,
6045,-8.00e-03,2.24e+01,
6046,-8.00e-03,2.24e+01,
6047,-8.00e-03,2.24e+01,
6048,-8.00e-03,2.24e+01,
6049,-8.00e-03,2.24e+01,
6050,-8.00e-03,2.24e+01,
6051,-8.00e-03,2.32e+01,
6052,-8.00e-03,2.32e+01,
6053,-8.00e-03,2.32e+01,
6054,-8.00e-03,2.32e+01,
6055,-8.00e-03,2.32e+01,
6056,-8.00e-03,2.32e+01,
6057,-8.00e-03,2.32e+01,
6058,-8.00e-03,2.32e+01,
6059,-8.00e-03,2.40e+01,
6060,-8.00e-03,2.40e+01,
6061,-8.00e-03,2.40e+01,
6062,-8.00e-03,2.40e+01,
6063,-8.00e-03,2.40e+01,
6064,-8.00e-03,2.40e+01,
6065,-8.00e-03,2.40e+01,
6066,-8.00e-03,2.40e+01,
6067,-8.00e-03,2.48e+01,
6068,-8.00e-03,2.48e+01,
6069,-8.00e-03,2.48e+01,
6070,-8.00e-03,2.48e+01,
6071,-8.00e-03,2.48e+01,
6072,-8.00e-03,2.48e+01,
6073,-8.00e-03,2.48e+01,
6074,-8.00e-03,2.48e+01,
6075,-8.00e-03,2.48e+01,
6076,-8.00e-03,2.48e+01,
6077,-8.00e-03,2.48e+01,
6078,-8.00e-03,2.48e+01,
6079,-8.00e-03,2.56e+01,
6080,-8.00e-03,2.56e+01,
6081,-8.00e-03,2.48e+01,
6082,-8.00e-03,2.48e+01,
6083,-8.00e-03,2.56e+01,
6084,-8.00e-03,2.56e+01,
6085,-8.00e-03,2.56e+01,
6086,-8.00e-03,2.56e+01,
6087,-8.00e-03,2.56e+01,
6088,-8.00e-03,2.56e+01,
6089,-8.00e-03,2.56e+01,
6090,-8.00e-03,2.56e+01,
6091,-8.00e-03,2.56e+01,
6092,-8.00e-03,2.56e+01,
6093,-8.00e-03,2.56e+01,
6094,-8.00e-03,2.56e+01,
6095,-8.00e-03,2.56e+01,
6096,-8.00e-03,2.64e+01,
6097,-8.00e-03,2.56e+01,
6098,-8.00e-03,2.56e+01,
6099,-8.00e-03,2.64e+01,
6100,-8.00e-03,2.64e+01,
6101,-8.00e-03,2.64e+01,
6102,-8.00e-03,2.64e+01,
6103,-8.00e-03,2.64e+01,
6104,-1.60e-02,2.64e+01,
6105,-8.00e-03,2.64e+01,
6106,-8.00e-03,2.64e+01,
6107,-8.00e-03,2.64e+01,
6108,-1.60e-02,2.64e+01,
6109,-8.00e-03,2.64e+01,
6110,-8.00e-03,2.64e+01,
6111,-8.00e-03,2.64e+01,
6112,-8.00e-03,2.64e+01,
6113,-8.00e-03,2.64e+01,
6114,-8.00e-03,2.64e+01,
6115,-8.00e-03,2.64e+01,
6116,-1.60e-02,2.64e+01,
6117,-8.00e-03,2.64e+01,
6118,-8.00e-03,2.56e+01,
6119,-8.00e-03,2.64e+01,
6120,-1.60e-02,2.64e+01,
6121,-8.00e-03,2.64e+01,
6122,-8.00e-03,2.56e+01,
6123,-8.00e-03,2.64e+01,
6124,-1.60e-02,2.64e+01,
6125,-8.00e-03,2.64e+01,
6126,-8.00e-03,2.56e+01,
6127,-8.00e-03,2.64e+01,
6128,-1.60e-02,2.64e+01,
6129,-8.00e-03,2.56e+01,
6130,-1.60e-02,2.56e+01,
6131,-8.00e-03,2.56e+01,
6132,-8.00e-03,2.56e+01,
6133,-8.00e-03,2.56e+01,
6134,-8.00e-03,2.56e+01,
6135,-8.00e-03,2.56e+01,
6136,-8.00e-03,2.56e+01,
6137,-8.00e-03,2.56e+01,
6138,-1.60e-02,2.56e+01,
6139,-8.00e-03,2.56e+01,
6140,-1.60e-02,2.56e+01,
6141,-8.00e-03,2.56e+01,
6142,-8.00e-03,2.56e+01,
6143,-1.60e-02,2.56e+01,
6144,-1.60e-02,2.56e+01,
6145,-8.00e-03,2.48e+01,
6146,-1.60e-02,2.48e+01,
6147,-8.00e-03,2.56e+01,
6148,-1.60e-02,2.48e+01,
6149,-8.00e-03,2.48e+01,
6150,-8.00e-03,2.48e+01,
6151,-1.60e-02,2.48e+01,
6152,-1.60e-02,2.48e+01,
6153,-8.00e-03,2.48e+01,
6154,-8.00e-03,2.40e+01,
6155,-8.00e-03,2.48e+01,
6156,-1.60e-02,2.48e+01,
6157,-8.00e-03,2.48e+01,
6158,-8.00e-03,2.40e+01,
6159,-8.00e-03,2.40e+01,
6160,-1.60e-02,2.40e+01,
6161,-8.00e-03,2.40e+01,
6162,-1.60e-02,2.40e+01,
6163,-8.00e-03,2.40e+01,
6164,-1.60e-02,2.40e+01,
6165,-8.00e-03,2.40e+01,
6166,-8.00e-03,2.32e+01,
6167,-8.00e-03,2.40e+01,
6168,-1.60e-02,2.32e+01,
6169,-8.00e-03,2.32e+01,
6170,-1.60e-02,2.32e+01,
6171,-8.00e-03,2.32e+01,
6172,-1.60e-02,2.32e+01,
6173,-8.00e-03,2.32e+01,
6174,-8.00e-03,2.24e+01,
6175,-1.60e-02,2.32e+01,
6176,-1.60e-02,2.24e+01,
6177,-8.00e-03,2.24e+01,
6178,-1.60e-02,2.24e+01,
6179,-8.00e-03,2.24e+01,
6180,-1.60e-02,2.24e+01,
6181,-8.00e-03,2.24e+01,
6182,-8.00e-03,2.16e+01,
6183,-8.00e-03,2.16e+01,
6184,-1.60e-02,2.24e+01,
6185,-8.00e-03,2.16e+01,
6186,-8.00e-03,2.16e+01,
6187,-8.00e-03,2.16e+01,
6188,-1.60e-02,2.16e+01,
6189,-8.00e-03,2.16e+01,
6190,-8.00e-03,2.08e+01,
6191,-8.00e-03,2.08e+01,
6192,-1.60e-02,2.08e+01,
6193,-8.00e-03,2.08e+01,
6194,-1.60e-02,2.08e+01,
6195,-8.00e-03,2.08e+01,
6196,-8.00e-03,2.08e+01,
6197,-8.00e-03,2.08e+01,
6198,-8.00e-03,2.00e+01,
6199,-1.60e-02,2.00e+01,
6200,-1.60e-02,2.00e+01,
6201,-8.00e-03,2.00e+01,
6202,-1.60e-02,2.00e+01,
6203,-8.00e-03,2.00e+01,
6204,-1.60e-02,2.00e+01,
6205,-8.00e-03,1.92e+01,
6206,-8.00e-03,1.92e+01,
6207,-1.60e-02,1.92e+01,
6208,-1.60e-02,1.92e+01,
6209,-8.00e-03,1.84e+01,
6210,-8.00e-03,1.92e+01,
6211,-8.00e-03,1.84e+01,
6212,-1.60e-02,1.92e+01,
6213,-8.00e-03,1.84e+01,
6214,-8.00e-03,1.84e+01,
6215,-8.00e-03,1.84e+01,
6216,-1.60e-02,1.84e+01,
6217,-8.00e-03,1.76e+01,
6218,-8.00e-03,1.84e+01,
6219,-8.00e-03,1.76e+01,
6220,-1.60e-02,1.84e+01,
6221,-8.00e-03,1.76e+01,
6222,-1.60e-02,1.76e+01,
6223,-1.60e-02,1.76e+01,
6224,-1.60e-02,1.76e+01,
6225,-8.00e-03,1.76e+01,
6226,-8.00e-03,1.60e+01,
6227,-8.00e-03,1.76e+01,
6228,-8.00e-03,1.76e+01,
6229,-8.00e-03,1.60e+01,
6230,-8.00e-03,1.60e+01,
6231,-8.00e-03,1.60e+01,
6232,-1.60e-02,1.60e+01,
6233,-8.00e-03,1.52e+01,
6234,-8.00e-03,1.52e+01,
6235,-8.00e-03,1.60e+01,
6236,-1.60e-02,1.60e+01,
6237,-8.00e-03,1.52e+01,
6238,-8.00e-03,1.52e+01,
6239,-8.00e-03,1.52e+01,
6240,-1.60e-02,1.52e+01,
6241,-8.00e-03,1.44e+01,
6242,-1.60e-02,1.44e+01,
6243,-8.00e-03,1.52e+01,
6244,-1.60e-02,1.52e+01,
6245,-8.00e-03,1.44e+01,
6246,-8.00e-03,1.44e+01,
6247,-8.00e-03,1.44e+01,
6248,-1.60e-02,1.44e+01,
6249,-8.00e-03,1.44e+01,
6250,-8.00e-03,1.44e+01,
6251,-8.00e-03,1.44e+01,
6252,-1.60e-02,1.44e+01,
6253,-8.00e-03,1.36e+01,
6254,-8.00e-03,1.36e+01,
6255,-8.00e-03,1.36e+01,
6256,-1.60e-02,1.36e+01,
6257,-8.00e-03,1.36e+01,
6258,-8.00e-03,1.36e+01,
6259,-8.00e-03,1.36e+01,
6260,-8.00e-03,1.36e+01,
6261,-8.00e-03,1.28e+01,
6262,-8.00e-03,1.28e+01,
6263,-8.00e-03,1.36e+01,
6264,-1.60e-02,1.36e+01,
6265,-8.00e-03,1.28e+01,
6266,-1.60e-02,1.28e+01,
6267,-8.00e-03,1.28e+01,
6268,-8.00e-03,1.28e+01,
6269,-8.00e-03,1.28e+01,
6270,-8.00e-03,1.20e+01,
6271,-8.00e-03,1.28e+01,
6272,-8.00e-03,1.28e+01,
6273,-8.00e-03,1.20e+01,
6274,-8.00e-03,1.20e+01,
6275,-8.00e-03,1.28e+01,
6276,-8.00e-03,1.28e+01,
6277,-8.00e-03,1.20e+01,
6278,-8.00e-03,1.20e+01,
6279,-8.00e-03,1.20e+01,
6280,-8.00e-03,1.20e+01,
6281,-8.00e-03,1.20e+01,
6282,-8.00e-03,1.20e+01,
6283,-8.00e-03,1.20e+01,
6284,-1.60e-02,1.20e+01,
6285,-8.00e-03,1.20e+01,
6286,-8.00e-03,1.12e+01,
6287,-8.00e-03,1.20e+01,
6288,-8.00e-03,1.20e+01,
6289,-8.00e-03,1.12e+01,
6290,-8.00e-03,1.12e+01,
6291,-8.00e-03,1.12e+01,
6292,-8.00e-03,1.20e+01,
6293,-8.00e-03,1.12e+01,
6294,-8.00e-03,1.12e+01,
6295,-8.00e-03,1.12e+01,
6296,-8.00e-03,1.12e+01,
6297,-8.00e-03,1.12e+01,
6298,-8.00e-03,1.12e+01,
6299,-8.00e-03,1.12e+01,
6300,-8.00e-03,1.12e+01,
6301,-8.00e-03,1.12e+01,
6302,-8.00e-03,1.12e+01,
6303,-8.00e-03,1.12e+01,
6304,-8.00e-03,1.12e+01,
6305,-8.00e-03,1.12e+01,
6306,-8.00e-03,1.04e+01,
6307,-8.00e-03,1.12e+01,
6308,-8.00e-03,1.12e+01,
6309,-8.00e-03,1.12e+01,
6310,-8.00e-03,1.04e+01,
6311,-8.00e-03,1.12e+01,
6312,-8.00e-03,1.12e+01,
6313,-8.00e-03,1.04e+01,
6314,-8.00e-03,1.04e+01,
6315,-8.00e-03,1.12e+01,
6316,-8.00e-03,1.12e+01,
6317,-8.00e-03,1.12e+01,
6318,-8.00e-03,1.04e+01,
6319,-8.00e-03,1.12e+01,
6320,-8.00e-03,1.12e+01,
6321,-8.00e-03,1.04e+01,
6322,-8.00e-03,1.04e+01,
6323,-8.00e-03,1.04e+01,
6324,-8.00e-03,1.12e+01,
6325,-8.00e-03,1.04e+01,
6326,-8.00e-03,1.04e+01,
6327,-8.00e-03,1.12e+01,
6328,-8.00e-03,1.04e+01,
6329,-8.00e-03,1.04e+01,
6330,-8.00e-03,1.04e+01,
6331,-8.00e-03,1.04e+01,
6332,-8.00e-03,1.12e+01,
6333,-8.00e-03,1.04e+01,
6334,-8.00e-03,1.04e+01,
6335,-8.00e-03,1.04e+01,
6336,-8.00e-03,1.12e+01,
6337,-8.00e-03,1.04e+01,
6338,-8.00e-03,1.04e+01,
6339,-8.00e-03,1.04e+01,
6340,-8.00e-03,1.12e+01,
6341,-8.00e-03,1.04e+01,
6342,-8.00e-03,1.04e+01,
6343,-8.00e-03,1.12e+01,
6344,-8.00e-03,1.12e+01,
6345,-8.00e-03,1.04e+01,
6346,-8.00e-03,1.04e+01,
6347,-8.00e-03,1.12e+01,
6348,-8.00e-03,1.12e+01,
6349,-8.00e-03,1.04e+01,
6350,-8.00e-03,1.04e+01,
6351,-8.00e-03,1.12e+01,
6352,-8.00e-03,1.12e+01,
6353,-8.00e-03,1.04e+01,
6354,-8.00e-03,1.04e+01,
6355,-8.00e-03,1.12e+01,
6356,-8.00e-03,1.12e+01,
6357,-8.00e-03,1.12e+01,
6358,-8.00e-03,1.04e+01,
6359,-8.00e-03,1.12e+01,
6360,-8.00e-03,1.12e+01,
6361,-8.00e-03,1.12e+01,
6362,-8.00e-03,1.12e+01,
6363,-8.00e-03,1.12e+01,
6364,-8.00e-03,1.12e+01,
6365,-8.00e-03,1.12e+01,
6366,-8.00e-03,1.12e+01,
6367,-8.00e-03,1.12e+01,
6368,-8.00e-03,1.12e+01,
6369,-8.00e-03,1.12e+01,
6370,-8.00e-03,1.12e+01,
6371,-8.00e-03,1.12e+01,
6372,-8.00e-03,1.20e+01,
6373,-8.00e-03,1.12e+01,
6374,-8.00e-03,1.12e+01,
6375,-8.00e-03,1.20e+01,
6376,-8.00e-03,1.20e+01,
6377,-8.00e-03,1.20e+01,
6378,-8.00e-03,1.12e+01,
6379,-8.00e-03,1.20e+01,
6380,-8.00e-03,1.20e+01,
6381,-8.00e-03,1.20e+01,
6382,-8.00e-03,1.20e+01,
6383,-8.00e-03,1.20e+01,
6384,-8.00e-03,1.20e+01,
6385,-8.00e-03,1.20e+01,
6386,-8.00e-03,1.20e+01,
6387,-8.00e-03,1.20e+01,
6388,-8.00e-03,1.28e+01,
6389,-8.00e-03,1.20e+01,
6390,-8.00e-03,1.20e+01,
6391,-8.00e-03,1.28e+01,
6392,-8.00e-03,1.28e+01,
6393,-8.00e-03,1.20e+01,
6394,-8.00e-03,1.28e+01,
6395,-8.00e-03,1.28e+01,
6396,-8.00e-03,1.28e+01,
6397,-8.00e-03,1.28e+01,
6398,-8.00e-03,1.28e+01,
6399,-8.00e-03,1.28e+01,
6400,-8.00e-03,1.36e+01,
6401,-8.00e-03,1.28e+01,
6402,-8.00e-03,1.28e+01,
6403,-8.00e-03,1.36e+01,
6404,-8.00e-03,1.36e+01,
6405,-8.00e-03,1.36e+01,
6406,-8.00e-03,1.28e+01,
6407,-8.00e-03,1.36e+01,
6408,-8.00e-03,1.36e+01,
6409,-8.00e-03,1.36e+01,
6410,-8.00e-03,1.36e+01,
6411,-8.00e-03,1.36e+01,
6412,-8.00e-03,1.44e+01,
6413,-8.00e-03,1.36e+01,
6414,-8.00e-03,1.36e+01,
6415,-8.00e-03,1.44e+01,
6416,-8.00e-03,1.44e+01,
6417,-8.00e-03,1.44e+01,
6418,-8.00e-03,1.44e+01,
6419,-8.00e-03,1.36e+01,
6420,-8.00e-03,1.52e+01,
6421,-8.00e-03,1.44e+01,
6422,-8.00e-03,1.44e+01,
6423,-8.00e-03,1.52e+01,
6424,-8.00e-03,1.52e+01,
6425,-8.00e-03,1.52e+01,
6426,-8.00e-03,1.52e+01,
6427,-8.00e-03,1.52e+01,
6428,-8.00e-03,1.52e+01,
6429,-8.00e-03,1.52e+01,
6430,-8.00e-03,1.52e+01,
6431,-8.00e-03,1.60e+01,
6432,-8.00e-03,1.60e+01,
6433,-8.00e-03,1.60e+01,
6434,-8.00e-03,1.60e+01,
6435,-8.00e-03,1.60e+01,
6436,-8.00e-03,1.60e+01,
6437,-8.00e-03,1.60e+01,
6438,-8.00e-03,1.60e+01,
6439,-8.00e-03,1.76e+01,
6440,-8.00e-03,1.76e+01,
6441,-8.00e-03,1.76e+01,
6442,-8.00e-03,1.76e+01,
6443,-8.00e-03,1.76e+01,
6444,-8.00e-03,1.76e+01,
6445,-8.00e-03,1.76e+01,
6446,-8.00e-03,1.76e+01,
6447,-8.00e-03,1.84e+01,
6448,-8.00e-03,1.84e+01,
6449,-8.00e-03,1.84e+01,
6450,-8.00e-03,1.84e+01,
6451,-8.00e-03,1.84e+01,
6452,-8.00e-03,1.84e+01,
6453,-8.00e-03,1.84e+01,
6454,-8.00e-03,1.84e+01,
6455,-8.00e-03,1.92e+01,
6456,-8.00e-03,1.92e+01,
6457,-8.00e-03,1.92e+01,
6458,-8.00e-03,1.92e+01,
6459,-8.00e-03,1.92e+01,
6460,-8.00e-03,1.92e+01,
6461,-8.00e-03,1.92e+01,
6462,-8.00e-03,1.92e+01,
6463,-8.00e-03,2.00e+01,
6464,-8.00e-03,2.00e+01,
6465,-8.00e-03,2.00e+01,
6466,-8.00e-03,2.00e+01,
6467,-8.00e-03,2.00e+01,
6468,-8.00e-03,2.00e+01,
6469,-8.00e-03,2.00e+01,
6470,-8.00e-03,2.00e+01,
6471,-8.00e-03,2.08e+01,
6472,-8.00e-03,2.08e+01,
6473,-8.00e-03,2.08e+01,
6474,-8.00e-03,2.08e+01,
6475,-8.00e-03,2.08e+01,
6476,-8.00e-03,2.08e+01,
6477,-8.00e-03,2.08e+01,
6478,-8.00e-03,2.08e+01,
6479,-8.00e-03,2.16e+01,
6480,-8.00e-03,2.16e+01,
6481,-8.00e-03,2.16e+01,
6482,-8.00e-03,2.16e+01,
6483,-8.00e-03,2.16e+01,
6484,-8.00e-03,2.16e+01,
6485,-8.00e-03,2.16e+01,
6486,-8.00e-03,2.16e+01,
6487,-8.00e-03,2.24e+01,
6488,-8.00e-03,2.24e+01,
6489,-8.00e-03,2.24e+01,
6490,-8.00e-03,2.24e+01,
6491,-8.00e-03,2.24e+01,
6492,-8.00e-03,2.24e+01,
6493,-8.00e-03,2.24e+01,
6494,-8.00e-03,2.24e+01,
6495,-8.00e-03,2.24e+01,
6496,-8.00e-03,2.32e+01,
6497,-8.00e-03,2.32e+01,
6498,-8.00e-03,2.32e+01,
6499,-8.00e-03,2.32e+01,
6500,-8.00e-03,2.32e+01,
6501,-8.00e-03,2.32e+01,
6502,-8.00e-03,2.32e+01,
6503,-8.00e-03,2.32e+01,
6504,-8.00e-03,2.40e+01,
6505,-8.00e-03,2.32e+01,
6506,-8.00e-03,2.32e+01,
6507,-8.00e-03,2.40e+01,
6508,-8.00e-03,2.40e+01,
6509,-8.00e-03,2.40e+01,
6510,-8.00e-03,2.40e+01,
6511,-8.00e-03,2.40e+01,
6512,-8.00e-03,2.40e+01,
6513,-8.00e-03,2.40e+01,
6514,-8.00e-03,2.40e+01,
6515,-8.00e-03,2.48e+01,
6516,-8.00e-03,2.48e+01,
6517,-8.00e-03,2.48e+01,
6518,-8.00e-03,2.40e+01,
6519,-8.00e-03,2.48e+01,
6520,-8.00e-03,2.48e+01,
6521,-8.00e-03,2.48e+01,
6522,-8.00e-03,2.48e+01,
6523,-8.00e-03,2.48e+01,
6524,-8.00e-03,2.48e+01,
6525,-8.00e-03,2.48e+01,
6526,-8.00e-03,2.48e+01,
6527,-8.00e-03,2.48e+01,
6528,-8.00e-03,2.48e+01,
6529,-8.00e-03,2.48e+01,
6530,-8.00e-03,2.48e+01,
6531,-8.00e-03,2.56e+01,
6532,-1.60e-02,2.56e+01,
6533,-8.00e-03,2.48e+01,
6534,-8.00e-03,2.48e+01,
6535,-8.00e-03,2.56e+01,
6536,-1.60e-02,2.56e+01,
6537,-8.00e-03,2.56e+01,
6538,-8.00e-03,2.48e+01,
6539,-8.00e-03,2.56e+01,
6540,-8.00e-03,2.56e+01,
6541,-8.00e-03,2.56e+01,
6542,-8.00e-03,2.56e+01,
6543,-8.00e-03,2.56e+01,
6544,-8.00e-03,2.56e+01,
6545,-8.00e-03,2.56e+01,
6546,-8.00e-03,2.56e+01,
6547,-8.00e-03,2.56e+01,
6548,-8.00e-03,2.56e+01,
6549,-8.00e-03,2.56e+01,
6550,-8.00e-03,2.56e+01,
6551,-8.00e-03,2.56e+01,
6552,-1.60e-02,2.56e+01,
6553,-8.00e-03,2.56e+01,
6554,-8.00e-03,2.56e+01,
6555,-8.00e-03,2.56e+01,
6556,-8.00e-03,2.56e+01,
6557,-8.00e-03,2.56e+01,
6558,-8.00e-03,2.56e+01,
6559,-8.00e-03,2.56e+01,
6560,-1.60e-02,2.56e+01,
6561,-8.00e-03,2.56e+01,
6562,-1.60e-02,2.56e+01,
6563,-8.00e-03,2.56e+01,
6564,-8.00e-03,2.56e+01,
6565,-8.00e-03,2.56e+01,
6566,-8.00e-03,2.48e+01,
6567,-8.00e-03,2.56e+01,
6568,-8.00e-03,2.56e+01,
6569,-8.00e-03,2.48e+01,
6570,-8.00e-03,2.48e+01,
6571,-8.00e-03,2.56e+01,
6572,-1.60e-02,2.56e+01,
6573,-8.00e-03,2.48e+01,
6574,-8.00e-03,2.48e+01,
6575,-8.00e-03,2.48e+01,
6576,-1.60e-02,2.48e+01,
6577,-8.00e-03,2.48e+01,
6578,-8.00e-03,2.48e+01,
6579,-8.00e-03,2.48e+01,
6580,-1.60e-02,2.48e+01,
6581,-8.00e-03,2.48e+01,
6582,-1.60e-02,2.48e+01,
6583,-1.60e-02,2.48e+01,
6584,-1.60e-02,2.48e+01,
6585,-8.00e-03,2.48e+01,
6586,-1.60e-02,2.48e+01,
6587,-8.00e-03,2.48e+01,
6588,-1.60e-02,2.48e+01,
6589,-8.00e-03,2.40e+01,
6590,-8.00e-03,2.40e+01,
6591,-1.60e-02,2.40e+01,
6592,-1.60e-02,2.40e+01,
6593,-8.00e-03,2.40e+01,
6594,-8.00e-03,2.40e+01,
6595,-8.00e-03,2.40e+01,
6596,-1.60e-02,2.40e+01,
6597,-8.00e-03,2.40e+01,
6598,-8.00e-03,2.32e+01,
6599,-8.00e-03,2.40e+01,
6600,-8.00e-03,2.40e+01,
6601,-8.00e-03,2.32e+01,
6602,-1.60e-02,2.32e+01,
6603,-8.00e-03,2.32e+01,
6604,-1.60e-02,2.32e+01,
6605,-8.00e-03,2.32e+01,
6606,-8.00e-03,2.32e+01,
6607,-1.60e-02,2.32e+01,
6608,-1.60e-02,2.32e+01,
6609,-8.00e-03,2.24e+01,
6610,-1.60e-02,2.24e+01,
6611,-8.00e-03,2.24e+01,
6612,-1.60e-02,2.24e+01,
6613,-8.00e-03,2.24e+01,
6614,-8.00e-03,2.24e+01,
6615,-8.00e-03,2.24e+01,
6616,-8.00e-03,2.24e+01,
6617,-8.00e-03,2.24e+01,
6618,-1.60e-02,2.24e+01,
6619,-1.60e-02,2.16e+01,
6620,-1.60e-02,2.24e+01,
6621,-8.00e-03,2.16e+01,
6622,-1.60e-02,2.16e+01,
6623,-8.00e-03,2.16e+01,
6624,-1.60e-02,2.16e+01,
6625,-8.00e-03,2.16e+01,
6626,-8.00e-03,2.08e+01,
6627,-8.00e-03,2.16e+01,
6628,-1.60e-02,2.16e+01,
6629,-8.00e-03,2.08e+01,
6630,-8.00e-03,2.08e+01,
6631,-8.00e-03,2.08e+01,
6632,-1.60e-02,2.08e+01,
6633,-8.00e-03,2.08e+01,
6634,-8.00e-03,2.08e+01,
6635,-8.00e-03,2.08e+01,
6636,-1.60e-02,2.00e+01,
6637,-8.00e-03,2.00e+01,
6638,-1.60e-02,2.00e+01,
6639,-8.00e-03,2.00e+01,
6640,-1.60e-02,2.00e+01,
6641,-8.00e-03,2.00e+01,
6642,-8.00e-03,1.92e+01,
6643,-8.00e-03,2.00e+01,
6644,-1.60e-02,2.00e+01,
6645,-8.00e-03,1.92e+01,
6646,-8.00e-03,1.92e+01,
6647,-1.60e-02,1.92e+01,
6648,-1.60e-02,1.92e+01,
6649,-8.00e-03,1.92e+01,
6650,-1.60e-02,1.84e+01,
6651,-8.00e-03,1.92e+01,
6652,-1.60e-02,1.92e+01,
6653,-8.00e-03,1.84e+01,
6654,-8.00e-03,1.84e+01,
6655,-1.60e-02,1.84e+01,
6656,-1.60e-02,1.84e+01,
6657,-8.00e-03,1.84e+01,
6658,-8.00e-03,1.76e+01,
6659,-8.00e-03,1.84e+01,
6660,-1.60e-02,1.76e+01,
6661,-8.00e-03,1.76e+01,
6662,-1.60e-02,1.76e+01,
6663,-1.60e-02,1.76e+01,
6664,-1.60e-02,1.76e+01,
6665,-8.00e-03,1.76e+01,
6666,-1.60e-02,1.60e+01,
6667,-8.00e-03,1.76e+01,
6668,-8.00e-03,1.76e+01,
6669,-8.00e-03,1.60e+01,
6670,-8.00e-03,1.60e+01,
6671,-1.60e-02,1.60e+01,
6672,-1.60e-02,1.60e+01,
6673,-8.00e-03,1.60e+01,
6674,-8.00e-03,1.60e+01,
6675,-8.00e-03,1.60e+01,
6676,-1.60e-02,1.60e+01,
6677,-8.00e-03,1.52e+01,
6678,-8.00e-03,1.52e+01,
6679,-8.00e-03,1.52e+01,
6680,-1.60e-02,1.52e+01,
6681,-8.00e-03,1.52e+01,
6682,-1.60e-02,1.52e+01,
6683,-8.00e-03,1.52e+01,
6684,-1.60e-02,1.52e+01,
6685,-8.00e-03,1.44e+01,
6686,-8.00e-03,1.44e+01,
6687,-8.00e-03,1.52e+01,
6688,-1.60e-02,1.44e+01,
6689,-8.00e-03,1.44e+01,
6690,-8.00e-03,1.44e+01,
6691,-8.00e-03,1.44e+01,
6692,-1.60e-02,1.44e+01,
6693,-8.00e-03,1.44e+01,
6694,-8.00e-03,1.36e+01,
6695,-8.00e-03,1.44e+01,
6696,-8.00e-03,1.44e+01,
6697,-8.00e-03,1.36e+01,
6698,-1.60e-02,1.36e+01,
6699,-8.00e-03,1.36e+01,
6700,-1.60e-02,1.36e+01,
6701,-8.00e-03,1.36e+01,
6702,-8.00e-03,1.36e+01,
6703,-8.00e-03,1.36e+01,
6704,-1.60e-02,1.36e+01,
6705,-8.00e-03,1.28e+01,
6706,-8.00e-03,1.28e+01,
6707,-8.00e-03,1.36e+01,
6708,-8.00e-03,1.36e+01,
6709,-8.00e-03,1.28e+01,
6710,-8.00e-03,1.28e+01,
6711,-8.00e-03,1.28e+01,
6712,-1.60e-02,1.28e+01,
6713,-8.00e-03,1.28e+01,
6714,-1.60e-02,1.28e+01,
6715,-8.00e-03,1.28e+01,
6716,-1.60e-02,1.28e+01,
6717,-8.00e-03,1.28e+01,
6718,-8.00e-03,1.20e+01,
6719,-8.00e-03,1.28e+01,
6720,-1.60e-02,1.28e+01,
6721,-8.00e-03,1.20e+01,
6722,-8.00e-03,1.20e+01,
6723,-8.00e-03,1.20e+01,
6724,-8.00e-03,1.28e+01,
6725,-8.00e-03,1.20e+01,
6726,-8.00e-03,1.20e+01,
6727,-8.00e-03,1.20e+01,
6728,-8.00e-03,1.20e+01,
6729,-8.00e-03,1.20e+01,
6730,-8.00e-03,1.20e+01,
6731,-8.00e-03,1.20e+01,
6732,-8.00e-03,1.20e+01,
6733,-8.00e-03,1.20e+01,
6734,-8.00e-03,1.12e+01,
6735,-8.00e-03,1.20e+01,
6736,-8.00e-03,1.20e+01,
6737,-8.00e-03,1.12e+01,
6738,-8.00e-03,1.12e+01,
6739,-8.00e-03,1.20e+01,
6740,-8.00e-03,1.20e+01,
6741,-8.00e-03,1.12e+01,
6742,-8.00e-03,1.12e+01,
6743,-8.00e-03,1.20e+01,
6744,-8.00e-03,1.20e+01,
6745,-8.00e-03,1.12e+01,
6746,-8.00e-03,1.12e+01,
6747,-8.00e-03,1.20e+01,
6748,-8.00e-03,1.12e+01,
6749,-8.00e-03,1.12e+01,
6750,-8.00e-03,1.12e+01,
6751,-8.00e-03,1.12e+01,
6752,-8.00e-03,1.12e+01,
6753,-8.00e-03,1.12e+01,
6754,-8.00e-03,1.12e+01,
6755,-8.00e-03,1.12e+01,
6756,-8.00e-03,1.12e+01,
6757,-8.00e-03,1.12e+01,
6758,-8.00e-03,1.12e+01,
6759,-8.00e-03,1.12e+01,
6760,-8.00e-03,1.12e+01,
6761,-8.00e-03,1.12e+01,
6762,-8.00e-03,1.12e+01,
6763,-8.00e-03,1.12e+01,
6764,-8.00e-03,1.12e+01,
6765,-8.00e-03,1.12e+01,
6766,-8.00e-03,1.12e+01,
6767,-8.00e-03,1.12e+01,
6768,-8.00e-03,1.12e+01,
6769,-8.00e-03,1.12e+01,
6770,-8.00e-03,1.12e+01,
6771,-8.00e-03,1.12e+01,
6772,-8.00e-03,1.12e+01,
6773,-8.00e-03,1.12e+01,
6774,-8.00e-03,1.12e+01,
6775,-8.00e-03,1.12e+01,
6776,-8.00e-03,1.12e+01,
6777,-8.00e-03,1.12e+01,
6778,-8.00e-03,1.12e+01,
6779,-8.00e-03,1.12e+01,
6780,-8.00e-03,1.12e+01,
6781,-8.00e-03,1.12e+01,
6782,-8.00e-03,1.12e+01,
6783,-8.00e-03,1.12e+01,
6784,-8.00e-03,1.12e+01,
6785,-8.00e-03,1.12e+01,
6786,-8.00e-03,1.12e+01,
6787,-8.00e-03,1.12e+01,
6788,-8.00e-03,1.12e+01,
6789,-8.00e-03,1.12e+01,
6790,-8.00e-03,1.12e+01,
6791,-8.00e-03,1.12e+01,
6792,-8.00e-03,1.12e+01,
6793,-8.00e-03,1.12e+01,
6794,-8.00e-03,1.12e+01,
6795,-8.00e-03,1.12e+01,
6796,-8.00e-03,1.12e+01,
6797,-8.00e-03,1.12e+01,
6798,-8.00e-03,1.12e+01,
6799,-8.00e-03,1.12e+01,
6800,-8.00e-03,1.20e+01,
6801,-8.00e-03,1.12e+01,
6802,-8.00e-03,1.12e+01,
6803,-8.00e-03,1.20e+01,
6804,-8.00e-03,1.20e+01,
6805,-8.00e-03,1.12e+01,
6806,-8.00e-03,1.12e+01,
6807,-8.00e-03,1.20e+01,
6808,-8.00e-03,1.20e+01,
6809,-8.00e-03,1.20e+01,
6810,-8.00e-03,1.20e+01,
6811,-8.00e-03,1.20e+01,
6812,-8.00e-03,1.20e+01,
6813,-8.00e-03,1.20e+01,
6814,-8.00e-03,1.20e+01,
6815,-8.00e-03,1.20e+01,
6816,-8.00e-03,1.20e+01,
6817,-8.00e-03,1.20e+01,
6818,-8.00e-03,1.28e+01,
6819,-8.00e-03,1.20e+01,
6820,-8.00e-03,1.28e+01,
6821,-8.00e-03,1.20e+01,
6822,-8.00e-03,1.20e+01,
6823,-8.00e-03,1.28e+01,
6824,-8.00e-03,1.28e+01,
6825,-8.00e-03,1.20e+01,
6826,-8.00e-03,1.28e+01,
6827,-8.00e-03,1.28e+01,
6828,-8.00e-03,1.28e+01,
6829,-8.00e-03,1.28e+01,
6830,-8.00e-03,1.28e+01,
6831,-8.00e-03,1.28e+01,
6832,-8.00e-03,1.28e+01,
6833,-8.00e-03,1.28e+01,
6834,-8.00e-03,1.28e+01,
6835,-8.00e-03,1.28e+01,
6836,-8.00e-03,1.36e+01,
6837,-8.00e-03,1.36e+01,
6838,-8.00e-03,1.28e+01,
6839,-8.00e-03,1.36e+01,
6840,-8.00e-03,1.36e+01,
6841,-8.00e-03,1.36e+01,
6842,-8.00e-03,1.36e+01,
6843,-8.00e-03,1.36e+01,
6844,-8.00e-03,1.36e+01,
6845,-8.00e-03,1.36e+01,
6846,-8.00e-03,1.36e+01,
6847,-8.00e-03,1.36e+01,
6848,-8.00e-03,1.44e+01,
6849,-8.00e-03,1.36e+01,
6850,-8.00e-03,1.36e+01,
6851,-8.00e-03,1.44e+01,
6852,-8.00e-03,1.44e+01,
6853,-8.00e-03,1.44e+01,
6854,-8.00e-03,1.44e+01,
6855,-8.00e-03,1.44e+01,
6856,-8.00e-03,1.44e+01,
6857,-8.00e-03,1.44e+01,
6858,-8.00e-03,1.44e+01,
6859,-8.00e-03,1.52e+01,
6860,-8.00e-03,1.52e+01,
6861,-8.00e-03,1.44e+01,
6862,-8.00e-03,1.52e+01,
6863,-8.00e-03,1.52e+01,
6864,-8.00e-03,1.52e+01,
6865,-8.00e-03,1.52e+01,
6866,-8.00e-03,1.52e+01,
6867,-8.00e-03,1.60e+01,
6868,-8.00e-03,1.60e+01,
6869,-8.00e-03,1.52e+01,
6870,-8.00e-03,1.52e+01,
6871,-8.00e-03,1.60e+01,
6872,-8.00e-03,1.60e+01,
6873,-8.00e-03,1.60e+01,
6874,-8.00e-03,1.60e+01,
6875,-8.00e-03,1.60e+01,
6876,-8.00e-03,1.60e+01,
6877,-8.00e-03,1.76e+01,
6878,-8.00e-03,1.60e+01,
6879,-8.00e-03,1.76e+01,
6880,-8.00e-03,1.76e+01,
6881,-8.00e-03,1.76e+01,
6882,-8.00e-03,1.76e+01,
6883,-8.00e-03,1.76e+01,
6884,-8.00e-03,1.76e+01,
6885,-8.00e-03,1.76e+01,
6886,-8.00e-03,1.76e+01,
6887,-8.00e-03,1.84e+01,
6888,-8.00e-03,1.84e+01,
6889,-8.00e-03,1.84e+01,
6890,-8.00e-03,1.84e+01,
6891,-8.00e-03,1.84e+01,
6892,-8.00e-03,1.84e+01,
6893,-8.00e-03,1.84e+01,
6894,-8.00e-03,1.84e+01,
6895,-8.00e-03,1.92e+01,
6896,-8.00e-03,1.92e+01,
6897,-8.00e-03,1.92e+01,
6898,-8.00e-03,1.92e+01,
6899,-8.00e-03,1.92e+01,
6900,-8.00e-03,1.92e+01,
6901,-8.00e-03,1.92e+01,
6902,-8.00e-03,1.92e+01,
6903,-8.00e-03,2.00e+01,
6904,-8.00e-03,2.00e+01,
6905,-8.00e-03,2.00e+01,
6906,-8.00e-03,2.00e+01,
6907,-8.00e-03,2.00e+01,
6908,-8.00e-03,2.00e+01,
6909,-8.00e-03,2.00e+01,
6910,-8.00e-03,2.00e+01,
6911,-8.00e-03,2.08e+01,
6912,-8.00e-03,2.08e+01,
6913,-8.00e-03,2.08e+01,
6914,-8.00e-03,2.08e+01,
6915,-8.00e-03,2.08e+01,
6916,-8.00e-03,2.08e+01,
6917,-8.00e-03,2.08e+01,
6918,-8.00e-03,2.08e+01,
6919,-8.00e-03,2.16e+01,
6920,-8.00e-03,2.16e+01,
6921,-8.00e-03,2.08e+01,
6922,-8.00e-03,2.16e+01,
6923,-8.00e-03,2.16e+01,
6924,-8.00e-03,2.16e+01,
6925,-8.00e-03,2.16e+01,
6926,-8.00e-03,2.16e+01,
6927,-8.00e-03,2.16e+01,
6928,-8.00e-03,2.24e+01,
6929,-8.00e-03,2.16e+01,
6930,-8.00e-03,2.16e+01,
6931,-8.00e-03,2.24e+01,
6932,-8.00e-03,2.24e+01,
6933,-8.00e-03,2.24e+01,
6934,-8.00e-03,2.24e+01,
6935,-8.00e-03,2.24e+01,
6936,-8.00e-03,2.24e+01,
6937,-8.00e-03,2.24e+01,
6938,-8.00e-03,2.24e+01,
6939,-8.00e-03,2.32e+01,
6940,-8.00e-03,2.32e+01,
6941,-8.00e-03,2.32e+01,
6942,-8.00e-03,2.32e+01,
6943,-8.00e-03,2.32e+01,
6944,-8.00e-03,2.32e+01,
6945,-8.00e-03,2.32e+01,
6946,-8.00e-03,2.32e+01,
6947,-8.00e-03,2.32e+01,
6948,-8.00e-03,2.32e+01,
6949,-8.00e-03,2.32e+01,
6950,-8.00e-03,2.32e+01,
6951,-8.00e-03,2.40e+01,
6952,-8.00e-03,2.40e+01,
6953,-8.00e-03,2.40e+01,
6954,-8.00e-03,2.40e+01,
6955,-8.00e-03,2.40e+01,
6956,-8.00e-03,2.40e+01,
6957,-8.00e-03,2.40e+01,
6958,-8.00e-03,2.40e+01,
6959,-8.00e-03,2.40e+01,
6960,-8.00e-03,2.40e+01,
6961,-8.00e-03,2.40e+01,
6962,-8.00e-03,2.40e+01,
6963,-8.00e-03,2.40e+01,
6964,-1.60e-02,2.48e+01,
6965,-8.00e-03,2.40e+01,
6966,-8.00e-03,2.40e+01,
6967,-8.00e-03,2.48e+01,
6968,-1.60e-02,2.48e+01,
6969,-8.00e-03,2.48e+01,
6970,-8.00e-03,2.40e+01,
6971,-8.00e-03,2.48e+01,
6972,-1.60e-02,2.48e+01,
6973,-8.00e-03,2.48e+01,
6974,-8.00e-03,2.48e+01,
6975,-8.00e-03,2.48e+01,
6976,-8.00e-03,2.48e+01,
6977,-8.00e-03,2.48e+01,
6978,-1.60e-02,2.48e+01,
6979,-8.00e-03,2.48e+01,
6980,-1.60e-02,2.48e+01,
6981,-8.00e-03,2.48e+01,
6982,-8.00e-03,2.48e+01,
6983,-8.00e-03,2.48e+01,
6984,-8.00e-03,2.48e+01,
6985,-8.00e-03,2.48e+01,
6986,-8.00e-03,2.48e+01,
6987,-8.00e-03,2.48e+01,
6988,-8.00e-03,2.48e+01,
6989,-8.00e-03,2.48e+01,
6990,-8.00e-03,2.48e+01,
6991,-8.00e-03,2.48e+01,
6992,-8.00e-03,2.48e+01,
6993,-8.00e-03,2.48e+01,
6994,-1.60e-02,2.48e+01,
6995,-8.00e-03,2.48e+01,
6996,-1.60e-02,2.48e+01,
6997,-8.00e-03,2.48e+01,
6998,-8.00e-03,2.48e+01,
6999,-1.60e-02,2.48e+01,
7000,-8.00e-03,2.48e+01,
7001,-8.00e-03,2.48e+01,
7002,-8.00e-03,2.48e+01,
7003,-8.00e-03,2.48e+01,
7004,-1.60e-02,2.48e+01,
7005,-8.00e-03,2.48e+01,
7006,-8.00e-03,2.48e+01,
7007,-1.60e-02,2.48e+01,
7008,-8.00e-03,2.48e+01,
7009,-8.00e-03,2.48e+01,
7010,-1.60e-02,2.48e+01,
7011,-8.00e-03,2.48e+01,
7012,-1.60e-02,2.48e+01,
7013,-8.00e-03,2.48e+01,
7014,-8.00e-03,2.40e+01,
7015,-8.00e-03,2.48e+01,
7016,-1.60e-02,2.48e+01,
7017,-8.00e-03,2.40e+01,
7018,-1.60e-02,2.48e+01,
7019,-8.00e-03,2.40e+01,
7020,-1.60e-02,2.48e+01,
7021,-8.00e-03,2.40e+01,
7022,-8.00e-03,2.40e+01,
7023,-8.00e-03,2.40e+01,
7024,-8.00e-03,2.40e+01,
7025,-8.00e-03,2.40e+01,
7026,-8.00e-03,2.40e+01,
7027,-8.00e-03,2.40e+01,
7028,-1.60e-02,2.40e+01,
7029,-8.00e-03,2.40e+01,
7030,-8.00e-03,2.40e+01,
7031,-8.00e-03,2.40e+01,
7032,-1.60e-02,2.40e+01,
7033,-8.00e-03,2.32e+01,
7034,-1.60e-02,2.32e+01,
7035,-8.00e-03,2.32e+01,
7036,-1.60e-02,2.32e+01,
7037,-8.00e-03,2.32e+01,
7038,-8.00e-03,2.32e+01,
7039,-8.00e-03,2.32e+01,
7040,-1.60e-02,2.32e+01,
7041,-8.00e-03,2.32e+01,
7042,-1.60e-02,2.32e+01,
7043,-8.00e-03,2.32e+01,
7044,-1.60e-02,2.32e+01,
7045,-8.00e-03,2.24e+01,
7046,-1.60e-02,2.24e+01,
7047,-8.00e-03,2.24e+01,
7048,-1.60e-02,2.24e+01,
7049,-8.00e-03,2.24e+01,
7050,-1.60e-02,2.24e+01,
7051,-8.00e-03,2.24e+01,
7052,-1.60e-02,2.24e+01,
7053,-8.00e-03,2.24e+01,
7054,-8.00e-03,2.16e+01,
7055,-1.60e-02,2.24e+01,
7056,-1.60e-02,2.24e+01,
7057,-8.00e-03,2.16e+01,
7058,-1.60e-02,2.16e+01,
7059,-1.60e-02,2.16e+01,
7060,-1.60e-02,2.16e+01,
7061,-8.00e-03,2.16e+01,
7062,-8.00e-03,2.16e+01,
7063,-8.00e-03,2.16e+01,
7064,-1.60e-02,2.16e+01,
7065,-8.00e-03,2.08e+01,
7066,-1.60e-02,2.08e+01,
7067,-8.00e-03,2.08e+01,
7068,-1.60e-02,2.08e+01,
7069,-8.00e-03,2.08e+01,
7070,-8.00e-03,2.08e+01,
7071,-8.00e-03,2.08e+01,
7072,-1.60e-02,2.08e+01,
7073,-8.00e-03,2.00e+01,
7074,-1.60e-02,2.00e+01,
7075,-8.00e-03,2.00e+01,
7076,-1.60e-02,2.00e+01,
7077,-8.00e-03,2.00e+01,
7078,-1.60e-02,2.00e+01,
7079,-1.60e-02,2.00e+01,
7080,-8.00e-03,2.00e+01,
7081,-8.00e-03,1.92e+01,
7082,-1.60e-02,1.92e+01,
7083,-8.00e-03,1.92e+01,
7084,-1.60e-02,1.92e+01,
7085,-8.00e-03,1.92e+01,
7086,-8.00e-03,1.92e+01,
7087,-8.00e-03,1.92e+01,
7088,-1.60e-02,1.92e+01,
7089,-8.00e-03,1.92e+01,
7090,-1.60e-02,1.84e+01,
7091,-8.00e-03,1.84e+01,
7092,-1.60e-02,1.84e+01,
7093,-8.00e-03,1.84e+01,
7094,-8.00e-03,1.84e+01,
7095,-8.00e-03,1.84e+01,
7096,-1.60e-02,1.84e+01,
7097,-8.00e-03,1.84e+01,
7098,-1.60e-02,1.76e+01,
7099,-8.00e-03,1.84e+01,
7100,-1.60e-02,1.84e+01,
7101,-8.00e-03,1.76e+01,
7102,-8.00e-03,1.76e+01,
7103,-8.00e-03,1.76e+01,
7104,-1.60e-02,1.76e+01,
7105,-8.00e-03,1.76e+01,
7106,-1.60e-02,1.60e+01,
7107,-8.00e-03,1.76e+01,
7108,-8.00e-03,1.76e+01,
7109,-8.00e-03,1.60e+01,
7110,-8.00e-03,1.60e+01,
7111,-8.00e-03,1.60e+01,
7112,-1.60e-02,1.60e+01,
7113,-8.00e-03,1.60e+01,
7114,-1.60e-02,1.60e+01,
7115,-8.00e-03,1.60e+01,
7116,-1.60e-02,1.60e+01,
7117,-8.00e-03,1.52e+01,
7118,-8.00e-03,1.52e+01,
7119,-8.00e-03,1.60e+01,
7120,-8.00e-03,1.52e+01,
7121,-8.00e-03,1.52e+01,
7122,-1.60e-02,1.52e+01,
7123,-8.00e-03,1.52e+01,
7124,-1.60e-02,1.52e+01,
7125,-8.00e-03,1.52e+01,
7126,-8.00e-03,1.44e+01,
7127,-8.00e-03,1.52e+01,
7128,-8.00e-03,1.52e+01,
7129,-8.00e-03,1.44e+01,
7130,-8.00e-03,1.44e+01,
7131,-8.00e-03,1.44e+01,
7132,-1.60e-02,1.44e+01,
7133,-8.00e-03,1.44e+01,
7134,-8.00e-03,1.44e+01,
7135,-8.00e-03,1.44e+01,
7136,-1.60e-02,1.44e+01,
7137,-8.00e-03,1.36e+01,
7138,-1.60e-02,1.36e+01,
7139,-8.00e-03,1.44e+01,
7140,-8.00e-03,1.44e+01,
7141,-8.00e-03,1.36e+01,
7142,-8.00e-03,1.36e+01,
7143,-8.00e-03,1.36e+01,
7144,-8.00e-03,1.36e+01,
7145,-8.00e-03,1.36e+01,
7146,-8.00e-03,1.36e+01,
7147,-8.00e-03,1.36e+01,
7148,-1.60e-02,1.36e+01,
7149,-8.00e-03,1.36e+01,
7150,-8.00e-03,1.28e+01,
7151,-8.00e-03,1.36e+01,
7152,-8.00e-03,1.36e+01,
7153,-8.00e-03,1.28e+01,
7154,-1.60e-02,1.28e+01,
7155,-8.00e-03,1.28e+01,
7156,-8.00e-03,1.28e+01,
7157,-8.00e-03,1.28e+01,
7158,-8.00e-03,1.28e+01,
7159,-8.00e-03,1.28e+01,
7160,-8.00e-03,1.28e+01,
7161,-8.00e-03,1.28e+01,
7162,-8.00e-03,1.28e+01,
7163,-8.00e-03,1.28e+01,
7164,-8.00e-03,1.28e+01,
7165,-8.00e-03,1.28e+01,
7166,-8.00e-03,1.20e+01,
7167,-8.00e-03,1.28e+01,
7168,-8.00e-03,1.28e+01,
7169,-8.00e-03,1.20e+01,
7170,-8.00e-03,1.20e+01,
7171,-8.00e-03,1.20e+01,
7172,-1.60e-02,1.28e+01,
7173,-8.00e-03,1.20e+01,
7174,-8.00e-03,1.20e+01,
7175,-8.00e-03,1.20e+01,
7176,-8.00e-03,1.20e+01,
7177,-8.00e-03,1.20e+01,
7178,-8.00e-03,1.20e+01,
7179,-8.00e-03,1.20e+01,
7180,-8.00e-03,1.20e+01,
7181,-8.00e-03,1.20e+01,
7182,-8.00e-03,1.20e+01,
7183,-8.00e-03,1.20e+01,
7184,-8.00e-03,1.20e+01,
7185,-8.00e-03,1.20e+01,
7186,-8.00e-03,1.20e+01,
7187,-8.00e-03,1.20e+01,
7188,-8.00e-03,1.20e+01,
7189,-8.00e-03,1.20e+01,
7190,-8.00e-03,1.20e+01,
7191,-8.00e-03,1.20e+01,
7192,-8.00e-03,1.20e+01,
7193,-8.00e-03,1.12e+01,
7194,-8.00e-03,1.12e+01,
7195,-8.00e-03,1.20e+01,
7196,-8.00e-03,1.20e+01,
7197,-8.00e-03,1.20e+01,
7198,-8.00e-03,1.12e+01,
7199,-8.00e-03,1.20e+01,
7200,-8.00e-03,1.20e+01,
7201,-8.00e-03,1.12e+01,
7202,-8.00e-03,1.12e+01,
7203,-8.00e-03,1.20e+01,
7204,-8.00e-03,1.20e+01,
7205,-8.00e-03,1.12e+01,
7206,-8.00e-03,1.12e+01,
7207,-8.00e-03,1.20e+01,
7208,-8.00e-03,1.20e+01,
7209,-8.00e-03,1.12e+01,
7210,-8.00e-03,1.12e+01,
7211,-8.00e-03,1.12e+01,
7212,-8.00e-03,1.20e+01,
7213,-8.00e-03,1.12e+01,
7214,-8.00e-03,1.12e+01,
7215,-8.00e-03,1.20e+01,
7216,-8.00e-03,1.20e+01,
7217,-8.00e-03,1.12e+01,
7218,-8.00e-03,1.20e+01,
7219,-8.00e-03,1.12e+01,
7220,-8.00e-03,1.20e+01,
7221,-8.00e-03,1.12e+01,
7222,-8.00e-03,1.12e+01,
7223,-8.00e-03,1.20e+01,
7224,-8.00e-03,1.20e+01,
7225,-8.00e-03,1.12e+01,
7226,-8.00e-03,1.12e+01,
7227,-8.00e-03,1.20e+01,
7228,-8.00e-03,1.20e+01,
7229,-8.00e-03,1.20e+01,
7230,-8.00e-03,1.12e+01,
7231,-8.00e-03,1.20e+01,
7232,-8.00e-03,1.20e+01,
7233,-8.00e-03,1.12e+01,
7234,-8.00e-03,1.20e+01,
7235,-8.00e-03,1.20e+01,
7236,-8.00e-03,1.20e+01,
7237,-8.00e-03,1.20e+01,
7238,-8.00e-03,1.12e+01,
7239,-8.00e-03,1.20e+01,
7240,-8.00e-03,1.20e+01,
7241,-8.00e-03,1.20e+01,
7242,-8.00e-03,1.20e+01,
7243,-8.00e-03,1.20e+01,
7244,-8.00e-03,1.20e+01,
7245,-8.00e-03,1.20e+01,
7246,-8.00e-03,1.20e+01,
7247,-8.00e-03,1.20e+01,
7248,-8.00e-03,1.20e+01,
7249,-8.00e-03,1.20e+01,
7250,-8.00e-03,1.20e+01,
7251,-8.00e-03,1.28e+01,
7252,-8.00e-03,1.28e+01,
7253,-8.00e-03,1.20e+01,
7254,-8.00e-03,1.20e+01,
7255,-8.00e-03,1.28e+01,
7256,-8.00e-03,1.28e+01,
7257,-8.00e-03,1.28e+01,
7258,-8.00e-03,1.20e+01,
7259,-8.00e-03,1.28e+01,
7260,-8.00e-03,1.28e+01,
7261,-8.00e-03,1.28e+01,
7262,-8.00e-03,1.28e+01,
7263,-8.00e-03,1.28e+01,
7264,-8.00e-03,1.28e+01,
7265,-8.00e-03,1.28e+01,
7266,-8.00e-03,1.28e+01,
7267,-8.00e-03,1.28e+01,
7268,-8.00e-03,1.28e+01,
7269,-8.00e-03,1.28e+01,
7270,-8.00e-03,1.28e+01,
7271,-8.00e-03,1.36e+01,
7272,-8.00e-03,1.36e+01,
7273,-8.00e-03,1.28e+01,
7274,-8.00e-03,1.36e+01,
7275,-8.00e-03,1.36e+01,
7276,-8.00e-03,1.36e+01,
7277,-8.00e-03,1.36e+01,
7278,-8.00e-03,1.36e+01,
7279,-8.00e-03,1.36e+01,
7280,-8.00e-03,1.36e+01,
7281,-8.00e-03,1.36e+01,
7282,-8.00e-03,1.36e+01,
7283,-8.00e-03,1.36e+01,
7284,-8.00e-03,1.44e+01,
7285,-8.00e-03,1.44e+01,
7286,-8.00e-03,1.36e+01,
7287,-8.00e-03,1.44e+01,
7288,-8.00e-03,1.44e+01,
7289,-8.00e-03,1.44e+01,
7290,-8.00e-03,1.44e+01,
7291,-8.00e-03,1.44e+01,
7292,-8.00e-03,1.52e+01,
7293,-8.00e-03,1.44e+01,
7294,-8.00e-03,1.44e+01,
7295,-8.00e-03,1.44e+01,
7296,-8.00e-03,1.52e+01,
7297,-8.00e-03,1.44e+01,
7298,-8.00e-03,1.52e+01,
7299,-8.00e-03,1.52e+01,
7300,-8.00e-03,1.52e+01,
7301,-8.00e-03,1.52e+01,
7302,-8.00e-03,1.52e+01,
7303,-8.00e-03,1.52e+01,
7304,-8.00e-03,1.60e+01,
7305,-8.00e-03,1.52e+01,
7306,-8.00e-03,1.52e+01,
7307,-8.00e-03,1.60e+01,
7308,-8.00e-03,1.60e+01,
7309,-8.00e-03,1.60e+01,
7310,-8.00e-03,1.60e+01,
7311,-8.00e-03,1.60e+01,
7312,-8.00e-03,1.60e+01,
7313,-8.00e-03,1.60e+01,
7314,-8.00e-03,1.60e+01,
7315,-8.00e-03,1.76e+01,
7316,-8.00e-03,1.76e+01,
7317,-8.00e-03,1.76e+01,
7318,-8.00e-03,1.60e+01,
7319,-8.00e-03,1.76e+01,
7320,-8.00e-03,1.76e+01,
7321,-8.00e-03,1.76e+01,
7322,-8.00e-03,1.76e+01,
7323,-8.00e-03,1.76e+01,
7324,-8.00e-03,1.84e+01,
7325,-8.00e-03,1.76e+01,
7326,-8.00e-03,1.76e+01,
7327,-8.00e-03,1.84e+01,
7328,-8.00e-03,1.84e+01,
7329,-8.00e-03,1.84e+01,
7330,-8.00e-03,1.84e+01,
7331,-8.00e-03,1.84e+01,
7332,-8.00e-03,1.84e+01,
7333,-8.00e-03,1.84e+01,
7334,-8.00e-03,1.84e+01,
7335,-8.00e-03,1.92e+01,
7336,-8.00e-03,1.92e+01,
7337,-8.00e-03,1.92e+01,
7338,-8.00e-03,1.92e+01,
7339,-8.00e-03,1.92e+01,
7340,-8.00e-03,1.92e+01,
7341,-8.00e-03,1.92e+01,
7342,-8.00e-03,1.92e+01,
7343,-8.00e-03,2.00e+01,
7344,-8.00e-03,2.00e+01,
7345,-8.00e-03,2.00e+01,
7346,-8.00e-03,2.00e+01,
7347,-8.00e-03,2.00e+01,
7348,-8.00e-03,2.00e+01,
7349,-8.00e-03,2.00e+01,
7350,-8.00e-03,2.00e+01,
7351,-8.00e-03,2.00e+01,
7352,-8.00e-03,2.08e+01,
7353,-8.00e-03,2.00e+01,
7354,-8.00e-03,2.00e+01,
7355,-8.00e-03,2.08e+01,
7356,-8.00e-03,2.08e+01,
7357,-8.00e-03,2.08e+01,
7358,-8.00e-03,2.08e+01,
7359,-8.00e-03,2.08e+01,
7360,-8.00e-03,2.16e+01,
7361,-8.00e-03,2.08e+01,
7362,-8.00e-03,2.08e+01,
7363,-8.00e-03,2.16e+01,
7364,-1.60e-02,2.16e+01,
7365,-8.00e-03,2.16e+01,
7366,-8.00e-03,2.16e+01,
7367,-8.00e-03,2.16e+01,
7368,-8.00e-03,2.16e+01,
7369,-8.00e-03,2.16e+01,
7370,-8.00e-03,2.16e+01,
7371,-8.00e-03,2.24e+01,
7372,-1.60e-02,2.24e+01,
7373,-8.00e-03,2.24e+01,
7374,-8.00e-03,2.24e+01,
7375,-8.00e-03,2.24e+01,
7376,-8.00e-03,2.24e+01,
7377,-8.00e-03,2.24e+01,
7378,-8.00e-03,2.24e+01,
7379,-8.00e-03,2.24e+01,
7380,-1.60e-02,2.24e+01,
7381,-8.00e-03,2.24e+01,
7382,-8.00e-03,2.24e+01,
7383,-8.00e-03,2.32e+01,
7384,-8.00e-03,2.32e+01,
7385,-8.00e-03,2.24e+01,
7386,-8.00e-03,2.24e+01,
7387,-8.00e-03,2.32e+01,
7388,-8.00e-03,2.32e+01,
7389,-8.00e-03,2.32e+01,
7390,-8.00e-03,2.32e+01,
7391,-8.00e-03,2.32e+01,
7392,-8.00e-03,2.32e+01,
7393,-8.00e-03,2.32e+01,
7394,-8.00e-03,2.32e+01,
7395,-8.00e-03,2.32e+01,
7396,-8.00e-03,2.32e+01,
7397,-8.00e-03,2.32e+01,
7398,-8.00e-03,2.32e+01,
7399,-8.00e-03,2.40e+01,
7400,-8.00e-03,2.40e+01,
7401,-8.00e-03,2.32e+01,
7402,-8.00e-03,2.40e+01,
7403,-8.00e-03,2.40e+01,
7404,-8.00e-03,2.40e+01,
7405,-8.00e-03,2.40e+01,
7406,-8.00e-03,2.40e+01,
7407,-8.00e-03,2.40e+01,
7408,-8.00e-03,2.40e+01,
7409,-8.00e-03,2.40e+01,
7410,-8.00e-03,2.40e+01,
7411,-8.00e-03,2.40e+01,
7412,-1.60e-02,2.40e+01,
7413,-8.00e-03,2.40e+01,
7414,-8.00e-03,2.40e+01,
7415,-8.00e-03,2.40e+01,
7416,-1.60e-02,2.40e+01,
7417,-8.00e-03,2.40e+01,
7418,-8.00e-03,2.40e+01,
7419,-8.00e-03,2.40e+01,
7420,-8.00e-03,2.48e+01,
7421,-8.00e-03,2.40e+01,
7422,-8.00e-03,2.40e+01,
7423,-8.00e-03,2.48e+01,
7424,-1.60e-02,2.40e+01,
7425,-8.00e-03,2.40e+01,
7426,-1.60e-02,2.40e+01,
7427,-8.00e-03,2.40e+01,
7428,-1.60e-02,2.48e+01,
7429,-8.00e-03,2.40e+01,
7430,-1.60e-02,2.40e+01,
7431,-8.00e-03,2.48e+01,
7432,-1.60e-02,2.48e+01,
7433,-8.00e-03,2.40e+01,
7434,-8.00e-03,2.40e+01,
7435,-8.00e-03,2.40e+01,
7436,-1.60e-02,2.40e+01,
7437,-8.00e-03,2.48e+01,
7438,-1.60e-02,2.40e+01,
7439,-8.00e-03,2.40e+01,
7440,-1.60e-02,2.48e+01,
7441,-8.00e-03,2.40e+01,
7442,-8.00e-03,2.40e+01,
7443,-8.00e-03,2.40e+01,
7444,-8.00e-03,2.40e+01,
7445,-8.00e-03,2.40e+01,
7446,-8.00e-03,2.40e+01,
7447,-8.00e-03,2.40e+01,
7448,-8.00e-03,2.40e+01,
7449,-8.00e-03,2.40e+01,
7450,-1.60e-02,2.40e+01,
7451,-8.00e-03,2.40e+01,
7452,-1.60e-02,2.40e+01,
7453,-8.00e-03,2.40e+01,
7454,-8.00e-03,2.40e+01,
7455,-1.60e-02,2.40e+01,
7456,-1.60e-02,2.40e+01,
7457,-8.00e-03,2.40e+01,
7458,-8.00e-03,2.32e+01,
7459,-8.00e-03,2.40e+01,
7460,-1.60e-02,2.40e+01,
7461,-8.00e-03,2.40e+01,
7462,-8.00e-03,2.32e+01,
7463,-1.60e-02,2.40e+01,
7464,-1.60e-02,2.40e+01,
7465,-8.00e-03,2.32e+01,
7466,-8.00e-03,2.32e+01,
7467,-8.00e-03,2.32e+01,
7468,-8.00e-03,2.32e+01,
7469,-8.00e-03,2.32e+01,
7470,-8.00e-03,2.32e+01,
7471,-8.00e-03,2.32e+01,
7472,-1.60e-02,2.32e+01,
7473,-8.00e-03,2.32e+01,
7474,-1.60e-02,2.24e+01,
7475,-8.00e-03,2.32e+01,
7476,-1.60e-02,2.32e+01,
7477,-8.00e-03,2.32e+01,
7478,-8.00e-03,2.24e+01,
7479,-1.60e-02,2.24e+01,
7480,-1.60e-02,2.24e+01,
7481,-8.00e-03,2.24e+01,
7482,-8.00e-03,2.24e+01,
7483,-8.00e-03,2.24e+01,
7484,-1.60e-02,2.24e+01,
7485,-8.00e-03,2.24e+01,
7486,-8.00e-03,2.16e+01,
7487,-8.00e-03,2.24e+01,
7488,-1.60e-02,2.24e+01,
7489,-8.00e-03,2.16e+01,
7490,-1.60e-02,2.16e+01,
7491,-8.00e-03,2.24e+01,
7492,-1.60e-02,2.16e+01,
7493,-8.00e-03,2.16e+01,
7494,-8.00e-03,2.16e+01,
7495,-8.00e-03,2.16e+01,
7496,-1.60e-02,2.16e+01,
7497,-8.00e-03,2.16e+01,
7498,-1.60e-02,2.08e+01,
7499,-8.00e-03,2.16e+01,
7500,-1.60e-02,2.16e+01,
7501,-8.00e-03,2.08e+01,
7502,-8.00e-03,2.08e+01,
7503,-8.00e-03,2.08e+01,
7504,-1.60e-02,2.08e+01,
7505,-8.00e-03,2.08e+01,
7506,-1.60e-02,2.08e+01,
7507,-8.00e-03,2.08e+01,
7508,-1.60e-02,2.08e+01,
7509,-8.00e-03,2.00e+01,
7510,-8.00e-03,2.00e+01,
7511,-1.60e-02,2.00e+01,
7512,-1.60e-02,2.00e+01,
7513,-8.00e-03,2.00e+01,
7514,-8.00e-03,2.00e+01,
7515,-8.00e-03,2.00e+01,
7516,-1.60e-02,2.00e+01,
7517,-8.00e-03,2.00e+01,
7518,-8.00e-03,1.92e+01,
7519,-1.60e-02,2.00e+01,
7520,-1.60e-02,2.00e+01,
7521,-8.00e-03,1.92e+01,
7522,-8.00e-03,1.92e+01,
7523,-8.00e-03,1.92e+01,
7524,-1.60e-02,1.92e+01,
7525,-8.00e-03,1.92e+01,
7526,-8.00e-03,1.84e+01,
7527,-8.00e-03,1.92e+01,
7528,-1.60e-02,1.92e+01,
7529,-8.00e-03,1.84e+01,
7530,-1.60e-02,1.84e+01,
7531,-8.00e-03,1.84e+01,
7532,-1.60e-02,1.84e+01,
7533,-8.00e-03,1.84e+01,
7534,-8.00e-03,1.84e+01,
7535,-8.00e-03,1.84e+01,
7536,-1.60e-02,1.84e+01,
7537,-8.00e-03,1.84e+01,
7538,-1.60e-02,1.76e+01,
7539,-8.00e-03,1.84e+01,
7540,-8.00e-03,1.84e+01,
7541,-8.00e-03,1.76e+01,
7542,-8.00e-03,1.76e+01,
7543,-8.00e-03,1.76e+01,
7544,-1.60e-02,1.76e+01,
7545,-8.00e-03,1.76e+01,
7546,-1.60e-02,1.60e+01,
7547,-8.00e-03,1.76e+01,
7548,-1.60e-02,1.76e+01,
7549,-8.00e-03,1.60e+01,
7550,-8.00e-03,1.60e+01,
7551,-8.00e-03,1.60e+01,
7552,-1.60e-02,1.60e+01,
7553,-8.00e-03,1.60e+01,
7554,-8.00e-03,1.60e+01,
7555,-8.00e-03,1.60e+01,
7556,-8.00e-03,1.60e+01,
7557,-8.00e-03,1.60e+01,
7558,-8.00e-03,1.52e+01,
7559,-1.60e-02,1.52e+01,
7560,-8.00e-03,1.60e+01,
7561,-8.00e-03,1.52e+01,
7562,-8.00e-03,1.52e+01,
7563,-8.00e-03,1.52e+01,
7564,-1.60e-02,1.52e+01,
7565,-8.00e-03,1.52e+01,
7566,-8.00e-03,1.44e+01,
7567,-8.00e-03,1.52e+01,
7568,-1.60e-02,1.52e+01,
7569,-8.00e-03,1.44e+01,
7570,-8.00e-03,1.44e+01,
7571,-8.00e-03,1.44e+01,
7572,-1.60e-02,1.44e+01,
7573,-8.00e-03,1.44e+01,
7574,-8.00e-03,1.44e+01,
7575,-8.00e-03,1.44e+01,
7576,-1.60e-02,1.44e+01,
7577,-8.00e-03,1.44e+01,
7578,-8.00e-03,1.36e+01,
7579,-8.00e-03,1.44e+01,
7580,-8.00e-03,1.44e+01,
7581,-8.00e-03,1.36e+01,
7582,-8.00e-03,1.36e+01,
7583,-8.00e-03,1.44e+01,
7584,-8.00e-03,1.44e+01,
7585,-8.00e-03,1.36e+01,
7586,-8.00e-03,1.36e+01,
7587,-8.00e-03,1.36e+01,
7588,-1.60e-02,1.36e+01,
7589,-8.00e-03,1.36e+01,
7590,-8.00e-03,1.36e+01,
7591,-8.00e-03,1.36e+01,
7592,-1.60e-02,1.36e+01,
7593,-8.00e-03,1.36e+01,
7594,-8.00e-03,1.28e+01,
7595,-8.00e-03,1.36e+01,
7596,-1.60e-02,1.36e+01,
7597,-8.00e-03,1.36e+01,
7598,-8.00e-03,1.28e+01,
7599,-8.00e-03,1.36e+01,
7600,-8.00e-03,1.36e+01,
7601,-8.00e-03,1.28e+01,
7602,-1.60e-02,1.28e+01,
7603,-8.00e-03,1.28e+01,
7604,-1.60e-02,1.28e+01,
7605,-8.00e-03,1.28e+01,
7606,-8.00e-03,1.28e+01,
7607,-8.00e-03,1.28e+01,
7608,-1.60e-02,1.28e+01,
7609,-8.00e-03,1.28e+01,
7610,-8.00e-03,1.28e+01,
7611,-8.00e-03,1.28e+01,
7612,-8.00e-03,1.28e+01,
7613,-8.00e-03,1.28e+01,
7614,-8.00e-03,1.20e+01,
7615,-8.00e-03,1.28e+01,
7616,-8.00e-03,1.28e+01,
7617,-8.00e-03,1.20e+01,
7618,-8.00e-03,1.28e+01,
7619,-8.00e-03,1.20e+01,
7620,-8.00e-03,1.28e+01,
7621,-8.00e-03,1.20e+01,
7622,-8.00e-03,1.20e+01,
7623,-8.00e-03,1.28e+01,
7624,-8.00e-03,1.20e+01,
7625,-8.00e-03,1.20e+01,
7626,-8.00e-03,1.20e+01,
7627,-8.00e-03,1.20e+01,
7628,-8.00e-03,1.28e+01,
7629,-8.00e-03,1.20e+01,
7630,-8.00e-03,1.20e+01,
7631,-8.00e-03,1.20e+01,
7632,-8.00e-03,1.20e+01,
7633,-8.00e-03,1.20e+01,
7634,-8.00e-03,1.20e+01,
7635,-8.00e-03,1.20e+01,
7636,-8.00e-03,1.20e+01,
7637,-8.00e-03,1.20e+01,
7638,-8.00e-03,1.20e+01,
7639,-8.00e-03,1.20e+01,
7640,-8.00e-03,1.20e+01,
7641,-8.00e-03,1.20e+01,
7642,-8.00e-03,1.20e+01,
7643,-8.00e-03,1.20e+01,
7644,-8.00e-03,1.20e+01,
7645,-8.00e-03,1.20e+01,
7646,-8.00e-03,1.20e+01,
7647,-8.00e-03,1.20e+01,
7648,-8.00e-03,1.20e+01,
7649,-8.00e-03,1.20e+01,
7650,-8.00e-03,1.20e+01,
7651,-8.00e-03,1.20e+01,
7652,-1.60e-02,1.20e+01,
7653,-8.00e-03,1.20e+01,
7654,-8.00e-03,1.20e+01,
7655,-8.00e-03,1.20e+01,
7656,-8.00e-03,1.20e+01,
7657,-8.00e-03,1.20e+01,
7658,-8.00e-03,1.20e+01,
7659,-8.00e-03,1.20e+01,
7660,-8.00e-03,1.20e+01,
7661,-8.00e-03,1.20e+01,
7662,-8.00e-03,1.20e+01,
7663,-8.00e-03,1.20e+01,
7664,-8.00e-03,1.20e+01,
7665,-8.00e-03,1.20e+01,
7666,-8.00e-03,1.20e+01,
7667,-8.00e-03,1.20e+01,
7668,-8.00e-03,1.20e+01,
7669,-8.00e-03,1.20e+01,
7670,-8.00e-03,1.20e+01,
7671,-8.00e-03,1.20e+01,
7672,-8.00e-03,1.28e+01,
7673,-8.00e-03,1.20e+01,
7674,-8.00e-03,1.20e+01,
7675,-8.00e-03,1.20e+01,
7676,-8.00e-03,1.28e+01,
7677,-8.00e-03,1.28e+01,
7678,-8.00e-03,1.20e+01,
7679,-8.00e-03,1.28e+01,
7680,-8.00e-03,1.28e+01,
7681,-8.00e-03,1.20e+01,
7682,-8.00e-03,1.20e+01,
7683,-8.00e-03,1.28e+01,
7684,-8.00e-03,1.28e+01,
7685,-8.00e-03,1.28e+01,
7686,-8.00e-03,1.20e+01,
7687,-8.00e-03,1.28e+01,
7688,-8.00e-03,1.28e+01,
7689,-8.00e-03,1.28e+01,
7690,-8.00e-03,1.28e+01,
7691,-8.00e-03,1.28e+01,
7692,-8.00e-03,1.28e+01,
7693,-8.00e-03,1.28e+01,
7694,-8.00e-03,1.28e+01,
7695,-8.00e-03,1.28e+01,
7696,-8.00e-03,1.28e+01,
7697,-8.00e-03,1.28e+01,
7698,-8.00e-03,1.28e+01,
7699,-8.00e-03,1.36e+01,
7700,-8.00e-03,1.36e+01,
7701,-8.00e-03,1.28e+01,
7702,-8.00e-03,1.28e+01,
7703,-8.00e-03,1.36e+01,
7704,-8.00e-03,1.36e+01,
7705,0.00e+00,1.28e+01,
7706,-8.00e-03,1.28e+01,
7707,-8.00e-03,1.36e+01,
7708,-8.00e-03,1.36e+01,
7709,-8.00e-03,1.36e+01,
7710,-8.00e-03,1.36e+01,
7711,-8.00e-03,1.36e+01,
7712,-8.00e-03,1.36e+01,
7713,-8.00e-03,1.36e+01,
7714,-8.00e-03,1.36e+01,
7715,-8.00e-03,1.36e+01,
7716,-8.00e-03,1.36e+01,
7717,-8.00e-03,1.36e+01,
7718,-8.00e-03,1.36e+01,
7719,-8.00e-03,1.44e+01,
7720,-8.00e-03,1.44e+01,
7721,-8.00e-03,1.36e+01,
7722,-8.00e-03,1.44e+01,
7723,-8.00e-03,1.44e+01,
7724,-8.00e-03,1.44e+01,
7725,-8.00e-03,1.44e+01,
7726,-8.00e-03,1.44e+01,
7727,-8.00e-03,1.44e+01,
7728,-8.00e-03,1.44e+01,
7729,-8.00e-03,1.44e+01,
7730,-8.00e-03,1.44e+01,
7731,-8.00e-03,1.52e+01,
7732,-8.00e-03,1.52e+01,
7733,-8.00e-03,1.52e+01,
7734,-8.00e-03,1.44e+01,
7735,-8.00e-03,1.52e+01,
7736,-8.00e-03,1.52e+01,
7737,-8.00e-03,1.52e+01,
7738,-8.00e-03,1.52e+01,
7739,-8.00e-03,1.52e+01,
7740,-8.00e-03,1.60e+01,
7741,-8.00e-03,1.52e+01,
7742,-8.00e-03,1.52e+01,
7743,-8.00e-03,1.60e+01,
7744,-8.00e-03,1.60e+01,
7745,-8.00e-03,1.60e+01,
7746,-8.00e-03,1.60e+01,
7747,-8.00e-03,1.60e+01,
7748,-8.00e-03,1.60e+01,
7749,-8.00e-03,1.60e+01,
7750,-8.00e-03,1.60e+01,
7751,-8.00e-03,1.60e+01,
7752,-8.00e-03,1.76e+01,
7753,-8.00e-03,1.60e+01,
7754,-8.00e-03,1.60e+01,
7755,-8.00e-03,1.76e+01,
7756,-8.00e-03,1.76e+01,
7757,-8.00e-03,1.76e+01,
7758,-8.00e-03,1.76e+01,
7759,-8.00e-03,1.76e+01,
7760,-8.00e-03,1.76e+01,
7761,-8.00e-03,1.76e+01,
7762,-8.00e-03,1.76e+01,
7763,-8.00e-03,1.84e+01,
7764,-8.00e-03,1.84e+01,
7765,-8.00e-03,1.84e+01,
7766,-8.00e-03,1.76e+01,
7767,-8.00e-03,1.84e+01,
7768,-8.00e-03,1.84e+01,
7769,-8.00e-03,1.84e+01,
7770,-8.00e-03,1.84e+01,
7771,-8.00e-03,1.84e+01,
7772,-8.00e-03,1.92e+01,
7773,-8.00e-03,1.84e+01,
7774,-8.00e-03,1.84e+01,
7775,-8.00e-03,1.92e+01,
7776,-8.00e-03,1.92e+01,
7777,-8.00e-03,1.92e+01,
7778,-8.00e-03,1.92e+01,
7779,-8.00e-03,1.92e+01,
7780,-8.00e-03,2.00e+01,
7781,-8.00e-03,1.92e+01,
7782,-8.00e-03,1.92e+01,
7783,-8.00e-03,2.00e+01,
7784,-8.00e-03,2.00e+01,
7785,-8.00e-03,2.00e+01,
7786,-8.00e-03,2.00e+01,
7787,-8.00e-03,2.00e+01,
7788,-8.00e-03,2.00e+01,
7789,-8.00e-03,2.00e+01,
7790,-8.00e-03,2.00e+01,
7791,-8.00e-03,2.00e+01,
7792,-8.00e-03,2.08e+01,
7793,-8.00e-03,2.00e+01,
7794,-8.00e-03,2.00e+01,
7795,-8.00e-03,2.08e+01,
7796,-8.00e-03,2.08e+01,
7797,-8.00e-03,2.08e+01,
7798,-8.00e-03,2.08e+01,
7799,-8.00e-03,2.08e+01,
7800,-8.00e-03,2.16e+01,
7801,-8.00e-03,2.08e+01,
7802,-8.00e-03,2.08e+01,
7803,-8.00e-03,2.16e+01,
7804,-8.00e-03,2.16e+01,
7805,-8.00e-03,2.16e+01,
7806,-8.00e-03,2.08e+01,
7807,-8.00e-03,2.16e+01,
7808,-8.00e-03,2.16e+01,
7809,-8.00e-03,2.16e+01,
7810,-8.00e-03,2.16e+01,
7811,-8.00e-03,2.16e+01,
7812,-8.00e-03,2.24e+01,
7813,-8.00e-03,2.16e+01,
7814,-8.00e-03,2.16e+01,
7815,-8.00e-03,2.24e+01,
7816,-8.00e-03,2.24e+01,
7817,-8.00e-03,2.16e+01,
7818,-8.00e-03,2.24e+01,
7819,-8.00e-03,2.16e+01,
7820,-8.00e-03,2.24e+01,
7821,-8.00e-03,2.24e+01,
7822,-8.00e-03,2.24e+01,
7823,-8.00e-03,2.32e+01,
7824,-8.00e-03,2.24e+01,
7825,-8.00e-03,2.24e+01,
7826,-8.00e-03,2.24e+01,
7827,-8.00e-03,2.24e+01,
7828,-8.00e-03,2.32e+01,
7829,-8.00e-03,2.24e+01,
7830,-8.00e-03,2.24e+01,
7831,-8.00e-03,2.32e+01,
7832,-8.00e-03,2.32e+01,
7833,-8.00e-03,2.32e+01,
7834,-8.00e-03,2.32e+01,
7835,-8.00e-03,2.32e+01,
7836,-8.00e-03,2.32e+01,
7837,-8.00e-03,2.32e+01,
7838,-8.00e-03,2.32e+01,
7839,-8.00e-03,2.32e+01,
7840,-8.00e-03,2.32e+01,
7841,-8.00e-03,2.32e+01,
7842,-8.00e-03,2.32e+01,
7843,-8.00e-03,2.32e+01,
7844,-8.00e-03,2.32e+01,
7845,-8.00e-03,2.32e+01,
7846,-8.00e-03,2.32e+01,
7847,-8.00e-03,2.40e+01,
7848,-8.00e-03,2.40e+01,
7849,-8.00e-03,2.32e+01,
7850,-8.00e-03,2.32e+01,
7851,-8.00e-03,2.40e+01,
7852,-1.60e-02,2.40e+01,
7853,-8.00e-03,2.32e+01,
7854,-8.00e-03,2.40e+01,
7855,-8.00e-03,2.40e+01,
7856,-8.00e-03,2.40e+01,
7857,-8.00e-03,2.40e+01,
7858,-8.00e-03,2.32e+01,
7859,-8.00e-03,2.40e+01,
7860,-1.60e-02,2.40e+01,
7861,-8.00e-03,2.40e+01,
7862,-8.00e-03,2.32e+01,
7863,-8.00e-03,2.40e+01,
7864,-1.60e-02,2.40e+01,
7865,-8.00e-03,2.40e+01,
7866,-8.00e-03,2.40e+01,
7867,-8.00e-03,2.40e+01,
7868,-8.00e-03,2.40e+01,
7869,-8.00e-03,2.40e+01,
7870,-8.00e-03,2.40e+01,
7871,-8.00e-03,2.40e+01,
7872,-1.60e-02,2.40e+01,
7873,-8.00e-03,2.40e+01,
7874,-8.00e-03,2.40e+01,
7875,-8.00e-03,2.40e+01,
7876,-1.60e-02,2.40e+01,
7877,-8.00e-03,2.40e+01,
7878,-8.00e-03,2.32e+01,
7879,-8.00e-03,2.40e+01,
7880,-1.60e-02,2.40e+01,
7881,-8.00e-03,2.32e+01,
7882,-1.60e-02,2.32e+01,
7883,-8.00e-03,2.40e+01,
7884,-8.00e-03,2.40e+01,
7885,-8.00e-03,2.40e+01,
7886,-8.00e-03,2.32e+01,
7887,-1.60e-02,2.40e+01,
7888,-1.60e-02,2.40e+01,
7889,-8.00e-03,2.32e+01,
7890,-1.60e-02,2.32e+01,
7891,-8.00e-03,2.40e+01,
7892,-1.60e-02,2.32e+01,
7893,-8.00e-03,2.32e+01,
7894,-8.00e-03,2.32e+01,
7895,-1.60e-02,2.32e+01,
7896,-1.60e-02,2.32e+01,
7897,-8.00e-03,2.32e+01,
7898,-1.60e-02,2.32e+01,
7899,-8.00e-03,2.32e+01,
7900,-1.60e-02,2.32e+01,
7901,-8.00e-03,2.32e+01,
7902,-1.60e-02,2.32e+01,
7903,-8.00e-03,2.32e+01,
7904,-1.60e-02,2.32e+01,
7905,-8.00e-03,2.32e+01,
7906,-1.60e-02,2.24e+01,
7907,-8.00e-03,2.32e+01,
7908,-1.60e-02,2.32e+01,
7909,-8.00e-03,2.24e+01,
7910,-8.00e-03,2.24e+01,
7911,-8.00e-03,2.24e+01,
7912,-1.60e-02,2.24e+01,
7913,-8.00e-03,2.24e+01,
7914,-8.00e-03,2.24e+01,
7915,-8.00e-03,2.24e+01,
7916,-1.60e-02,2.24e+01,
7917,-8.00e-03,2.24e+01,
7918,-1.60e-02,2.24e+01,
7919,-8.00e-03,2.24e+01,
7920,-1.60e-02,2.24e+01,
7921,-8.00e-03,2.16e+01,
7922,-1.60e-02,2.16e+01,
7923,-8.00e-03,2.24e+01,
7924,-1.60e-02,2.24e+01,
7925,-8.00e-03,2.16e+01,
7926,-8.00e-03,2.16e+01,
7927,-8.00e-03,2.16e+01,
7928,-1.60e-02,2.16e+01,
7929,-8.00e-03,2.16e+01,
7930,-1.60e-02,2.16e+01,
7931,-8.00e-03,2.16e+01,
7932,-1.60e-02,2.16e+01,
7933,-8.00e-03,2.16e+01,
7934,-8.00e-03,2.08e+01,
7935,-8.00e-03,2.16e+01,
7936,-1.60e-02,2.16e+01,
7937,-8.00e-03,2.08e+01,
7938,-1.60e-02,2.08e+01,
7939,-8.00e-03,2.08e+01,
7940,-1.60e-02,2.08e+01,
7941,-8.00e-03,2.08e+01,
7942,-8.00e-03,2.08e+01,
7943,-1.60e-02,2.08e+01,
7944,-1.60e-02,2.08e+01,
7945,-8.00e-03,2.00e+01,
7946,-8.00e-03,2.00e+01,
7947,-8.00e-03,2.00e+01,
7948,-1.60e-02,2.00e+01,
7949,-8.00e-03,2.00e+01,
7950,-8.00e-03,2.00e+01,
7951,-8.00e-03,2.00e+01,
7952,-1.60e-02,2.00e+01,
7953,-8.00e-03,2.00e+01,
7954,-1.60e-02,1.92e+01,
7955,-8.00e-03,2.00e+01,
7956,-1.60e-02,2.00e+01,
7957,-8.00e-03,1.92e+01,
7958,-8.00e-03,1.92e+01,
7959,-8.00e-03,1.92e+01,
7960,-1.60e-02,1.92e+01,
7961,-8.00e-03,1.92e+01,
7962,-1.60e-02,1.92e+01,
7963,-8.00e-03,1.92e+01,
7964,-8.00e-03,1.92e+01,
7965,-8.00e-03,1.92e+01,
7966,-8.00e-03,1.84e+01,
7967,-1.60e-02,1.92e+01,
7968,-1.60e-02,1.84e+01,
7969,-8.00e-03,1.84e+01,
7970,-8.00e-03,1.84e+01,
7971,-8.00e-03,1.84e+01,
7972,-1.60e-02,1.84e+01,
7973,-8.00e-03,1.84e+01,
7974,-8.00e-03,1.76e+01,
7975,-8.00e-03,1.84e+01,
7976,-8.00e-03,1.84e+01,
7977,-8.00e-03,1.76e+01,
7978,-1.60e-02,1.76e+01,
7979,-8.00e-03,1.76e+01,
7980,-1.60e-02,1.76e+01,
7981,-8.00e-03,1.76e+01,
7982,-8.00e-03,1.76e+01,
7983,-8.00e-03,1.76e+01,
7984,-1.60e-02,1.76e+01,
7985,-8.00e-03,1.60e+01,
7986,-1.60e-02,1.60e+01,
7987,-8.00e-03,1.76e+01,
7988,-1.60e-02,1.76e+01,
7989,-8.00e-03,1.60e+01,
7990,-8.00e-03,1.60e+01,
7991,-8.00e-03,1.60e+01,
7992,-1.60e-02,1.60e+01,
7993,-8.00e-03,1.60e+01,
7994,-8.00e-03,1.60e+01,
7995,-8.00e-03,1.60e+01,
7996,-1.60e-02,1.60e+01,
7997,-8.00e-03,1.60e+01,
7998,-1.60e-02,1.52e+01,
7999,-8.00e-03,1.60e+01,
8000,-8.00e-03,1.60e+01,
8001,-8.00e-03,1.52e+01,
8002,-1.60e-02,1.52e+01,
8003,-8.00e-03,1.52e+01,
8004,-1.60e-02,1.52e+01,
8005,-8.00e-03,1.52e+01,
8006,-8.00e-03,1.44e+01,
8007,-8.00e-03,1.52e+01,
8008,-1.60e-02,1.52e+01,
8009,-8.00e-03,1.44e+01,
8010,-8.00e-03,1.44e+01,
8011,-8.00e-03,1.44e+01,
8012,-1.60e-02,1.52e+01,
8013,-8.00e-03,1.44e+01,
8014,-8.00e-03,1.44e+01,
8015,-8.00e-03,1.44e+01,
8016,-8.00e-03,1.44e+01,
8017,-8.00e-03,1.44e+01,
8018,-1.60e-02,1.44e+01,
8019,-8.00e-03,1.36e+01,
8020,-1.60e-02,1.44e+01,
8021,-8.00e-03,1.44e+01,
8022,-8.00e-03,1.36e+01,
8023,-8.00e-03,1.44e+01,
8024,-8.00e-03,1.44e+01,
8025,-8.00e-03,1.36e+01,
8026,-8.00e-03,1.36e+01,
8027,-8.00e-03,1.44e+01,
8028,-1.60e-02,1.44e+01,
8029,-8.00e-03,1.36e+01,
8030,-8.00e-03,1.36e+01,
8031,-8.00e-03,1.36e+01,
8032,-1.60e-02,1.36e+01,
8033,-8.00e-03,1.36e+01,
8034,-8.00e-03,1.36e+01,
8035,-8.00e-03,1.36e+01,
8036,-8.00e-03,1.36e+01,
8037,-8.00e-03,1.36e+01,
8038,-8.00e-03,1.28e+01,
8039,-8.00e-03,1.36e+01,
8040,-8.00e-03,1.36e+01,
8041,-8.00e-03,1.28e+01,
8042,-1.60e-02,1.28e+01,
8043,-8.00e-03,1.28e+01,
8044,-8.00e-03,1.36e+01,
8045,-8.00e-03,1.28e+01,
8046,-8.00e-03,1.28e+01,
8047,-8.00e-03,1.28e+01,
8048,-8.00e-03,1.36e+01,
8049,-8.00e-03,1.28e+01,
8050,-8.00e-03,1.28e+01,
8051,-8.00e-03,1.28e+01,
8052,-8.00e-03,1.28e+01,
8053,-8.00e-03,1.28e+01,
8054,-8.00e-03,1.28e+01,
8055,-8.00e-03,1.28e+01,
8056,-8.00e-03,1.28e+01,
8057,-8.00e-03,1.28e+01,
8058,-8.00e-03,1.28e+01,
8059,-8.00e-03,1.28e+01,
8060,-8.00e-03,1.28e+01,
8061,-8.00e-03,1.28e+01,
8062,-8.00e-03,1.28e+01,
8063,-8.00e-03,1.28e+01,
8064,-8.00e-03,1.28e+01,
8065,-8.00e-03,1.20e+01,
8066,-8.00e-03,1.28e+01,
8067,-8.00e-03,1.28e+01,
8068,-8.00e-03,1.28e+01,
8069,-8.00e-03,1.28e+01,
8070,-8.00e-03,1.20e+01,
8071,-8.00e-03,1.28e+01,
8072,-8.00e-03,1.28e+01,
8073,-8.00e-03,1.20e+01,
8074,-8.00e-03,1.20e+01,
8075,-8.00e-03,1.28e+01,
8076,-8.00e-03,1.28e+01,
8077,-8.00e-03,1.20e+01,
8078,-8.00e-03,1.20e+01,
8079,-8.00e-03,1.28e+01,
8080,-8.00e-03,1.28e+01,
8081,-8.00e-03,1.20e+01,
8082,-8.00e-03,1.20e+01,
8083,-8.00e-03,1.28e+01,
8084,-8.00e-03,1.28e+01,
8085,-8.00e-03,1.20e+01,
8086,-8.00e-03,1.20e+01,
8087,-8.00e-03,1.28e+01,
8088,-8.00e-03,1.28e+01,
8089,-8.00e-03,1.20e+01,
8090,-8.00e-03,1.20e+01,
8091,-8.00e-03,1.28e+01,
8092,-8.00e-03,1.28e+01,
8093,-8.00e-03,1.20e+01,
8094,-8.00e-03,1.20e+01,
8095,-8.00e-03,1.28e+01,
8096,-8.00e-03,1.28e+01,
8097,-8.00e-03,1.20e+01,
8098,-8.00e-03,1.20e+01,
8099,-8.00e-03,1.28e+01,
8100,-8.00e-03,1.28e+01,
8101,-8.00e-03,1.20e+01,
8102,-8.00e-03,1.20e+01,
8103,-8.00e-03,1.28e+01,
8104,-8.00e-03,1.28e+01,
8105,-8.00e-03,1.20e+01,
8106,-8.00e-03,1.20e+01,
8107,-8.00e-03,1.28e+01,
8108,-8.00e-03,1.28e+01,
8109,-8.00e-03,1.28e+01,
8110,-8.00e-03,1.20e+01,
8111,-8.00e-03,1.28e+01,
8112,-8.00e-03,1.28e+01,
8113,-8.00e-03,1.28e+01,
8114,-8.00e-03,1.28e+01,
8115,-8.00e-03,1.28e+01,
8116,-8.00e-03,1.28e+01,
8117,-8.00e-03,1.28e+01,
8118,-8.00e-03,1.28e+01,
8119,-8.00e-03,1.28e+01,
8120,-8.00e-03,1.28e+01,
8121,-8.00e-03,1.28e+01,
8122,-8.00e-03,1.28e+01,
8123,-8.00e-03,1.28e+01,
8124,-8.00e-03,1.28e+01,
8125,-8.00e-03,1.28e+01,
8126,-8.00e-03,1.28e+01,
8127,-8.00e-03,1.28e+01,
8128,-8.00e-03,1.36e+01,
8129,-8.00e-03,1.28e+01,
8130,-8.00e-03,1.28e+01,
8131,-8.00e-03,1.36e+01,
8132,-8.00e-03,1.36e+01,
8133,-8.00e-03,1.28e+01,
8134,-8.00e-03,1.28e+01,
8135,-8.00e-03,1.36e+01,
8136,-8.00e-03,1.36e+01,
8137,-8.00e-03,1.36e+01,
8138,-8.00e-03,1.28e+01,
8139,-8.00e-03,1.36e+01,
8140,-8.00e-03,1.36e+01,
8141,-8.00e-03,1.36e+01,
8142,-8.00e-03,1.36e+01,
8143,-8.00e-03,1.36e+01,
8144,-8.00e-03,1.36e+01,
8145,-8.00e-03,1.36e+01,
8146,-8.00e-03,1.36e+01,
8147,-8.00e-03,1.36e+01,
8148,-8.00e-03,1.44e+01,
8149,-8.00e-03,1.36e+01,
8150,-8.00e-03,1.36e+01,
8151,-8.00e-03,1.44e+01,
8152,-8.00e-03,1.44e+01,
8153,-8.00e-03,1.44e+01,
8154,-8.00e-03,1.36e+01,
8155,-8.00e-03,1.44e+01,
8156,-8.00e-03,1.44e+01,
8157,0.00e+00,1.44e+01,
8158,-8.00e-03,1.44e+01,
8159,-8.00e-03,1.44e+01,
8160,-8.00e-03,1.44e+01,
8161,-8.00e-03,1.44e+01,
8162,-8.00e-03,1.44e+01,
8163,-8.00e-03,1.44e+01,
8164,-8.00e-03,1.52e+01,
8165,-8.00e-03,1.44e+01,
8166,-8.00e-03,1.44e+01,
8167,-8.00e-03,1.52e+01,
8168,-8.00e-03,1.52e+01,
8169,-8.00e-03,1.52e+01,
8170,-8.00e-03,1.52e+01,
8171,-8.00e-03,1.52e+01,
8172,-8.00e-03,1.52e+01,
8173,-8.00e-03,1.52e+01,
8174,-8.00e-03,1.52e+01,
8175,-8.00e-03,1.52e+01,
8176,-8.00e-03,1.60e+01,
8177,-8.00e-03,1.52e+01,
8178,-8.00e-03,1.52e+01,
8179,-8.00e-03,1.60e+01,
8180,-8.00e-03,1.60e+01,
8181,-8.00e-03,1.60e+01,
8182,-8.00e-03,1.60e+01,
8183,-8.00e-03,1.60e+01,
8184,-8.00e-03,1.60e+01,
8185,-8.00e-03,1.60e+01,
8186,-8.00e-03,1.60e+01,
8187,-8.00e-03,1.60e+01,
8188,-8.00e-03,1.76e+01,
8189,-8.00e-03,1.60e+01,
8190,-8.00e-03,1.60e+01,
8191,-8.00e-03,1.76e+01,
8192,-8.00e-03,1.76e+01,
8193,-8.00e-03,1.76e+01,
8194,-8.00e-03,1.76e+01,
8195,-8.00e-03,1.76e+01,
8196,-8.00e-03,1.76e+01,
8197,-8.00e-03,1.76e+01,
8198,-8.00e-03,1.76e+01,
8199,-8.00e-03,1.76e+01,
8200,-8.00e-03,1.84e+01,
8201,-8.00e-03,1.76e+01,
8202,-8.00e-03,1.76e+01,
8203,-8.00e-03,1.84e+01,
8204,-8.00e-03,1.84e+01,
8205,-8.00e-03,1.84e+01,
8206,-8.00e-03,1.84e+01,
8207,-8.00e-03,1.84e+01,
8208,-8.00e-03,1.84e+01,
8209,-8.00e-03,1.84e+01,
8210,-8.00e-03,1.84e+01,
8211,-8.00e-03,1.84e+01,
8212,-8.00e-03,1.92e+01,
8213,-8.00e-03,1.92e+01,
8214,-8.00e-03,1.92e+01,
8215,-8.00e-03,1.92e+01,
8216,-8.00e-03,1.92e+01,
8217,-8.00e-03,1.92e+01,
8218,-8.00e-03,1.92e+01,
8219,-8.00e-03,1.92e+01,
8220,-8.00e-03,2.00e+01,
8221,-8.00e-03,1.92e+01,
8222,-8.00e-03,1.92e+01,
8223,-8.00e-03,2.00e+01,
8224,-8.00e-03,2.00e+01,
8225,-8.00e-03,2.00e+01,
8226,-8.00e-03,2.00e+01,
8227,-8.00e-03,2.00e+01,
8228,-8.00e-03,2.00e+01,
8229,-8.00e-03,2.00e+01,
8230,-8.00e-03,2.00e+01,
8231,-8.00e-03,2.00e+01,
8232,-8.00e-03,2.08e+01,
8233,-8.00e-03,2.00e+01,
8234,-8.00e-03,2.00e+01,
8235,-8.00e-03,2.08e+01,
8236,-8.00e-03,2.08e+01,
8237,-8.00e-03,2.08e+01,
8238,-8.00e-03,2.08e+01,
8239,-8.00e-03,2.08e+01,
8240,-8.00e-03,2.08e+01,
8241,-8.00e-03,2.08e+01,
8242,-8.00e-03,2.08e+01,
8243,-8.00e-03,2.08e+01,
8244,-8.00e-03,2.16e+01,
8245,-8.00e-03,2.08e+01,
8246,-8.00e-03,2.08e+01,
8247,-8.00e-03,2.16e+01,
8248,-8.00e-03,2.16e+01,
8249,-8.00e-03,2.16e+01,
8250,-8.00e-03,2.16e+01,
8251,-8.00e-03,2.16e+01,
8252,-8.00e-03,2.16e+01,
8253,-8.00e-03,2.16e+01,
8254,-8.00e-03,2.16e+01,
8255,-8.00e-03,2.16e+01,
8256,-8.00e-03,2.16e+01,
8257,-8.00e-03,2.16e+01,
8258,-8.00e-03,2.16e+01,
8259,-8.00e-03,2.24e+01,
8260,-8.00e-03,2.24e+01,
8261,-8.00e-03,2.24e+01,
8262,-8.00e-03,2.24e+01,
8263,-8.00e-03,2.24e+01,
8264,-8.00e-03,2.24e+01,
8265,-8.00e-03,2.24e+01,
8266,-8.00e-03,2.24e+01,
8267,-8.00e-03,2.24e+01,
8268,-8.00e-03,2.24e+01,
8269,-8.00e-03,2.24e+01,
8270,-8.00e-03,2.24e+01,
8271,-8.00e-03,2.24e+01,
8272,-8.00e-03,2.24e+01,
8273,-8.00e-03,2.24e+01,
8274,-8.00e-03,2.24e+01,
8275,-8.00e-03,2.32e+01,
8276,-8.00e-03,2.32e+01,
8277,-8.00e-03,2.32e+01,
8278,-8.00e-03,2.24e+01,
8279,-8.00e-03,2.32e+01,
8280,-8.00e-03,2.32e+01,
8281,-8.00e-03,2.32e+01,
8282,-8.00e-03,2.32e+01,
8283,-8.00e-03,2.32e+01,
8284,-1.60e-02,2.32e+01,
8285,-8.00e-03,2.32e+01,
8286,-8.00e-03,2.32e+01,
8287,-8.00e-03,2.32e+01,
8288,-1.60e-02,2.32e+01,
8289,-8.00e-03,2.32e+01,
8290,-1.60e-02,2.32e+01,
8291,-8.00e-03,2.32e+01,
8292,-1.60e-02,2.32e+01,
8293,-8.00e-03,2.32e+01,
8294,-8.00e-03,2.32e+01,
8295,-8.00e-03,2.32e+01,
8296,-1.60e-02,2.32e+01,
8297,-8.00e-03,2.32e+01,
8298,-8.00e-03,2.32e+01,
8299,-8.00e-03,2.32e+01,
8300,-1.60e-02,2.32e+01,
8301,-8.00e-03,2.32e+01,
8302,-8.00e-03,2.32e+01,
8303,-8.00e-03,2.32e+01,
8304,-1.60e-02,2.32e+01,
8305,-8.00e-03,2.32e+01,
8306,-1.60e-02,2.32e+01,
8307,-8.00e-03,2.32e+01,
8308,-8.00e-03,2.32e+01,
8309,8.00e-03,2.32e+01,
8310,1.60e-02,2.32e+01,
8311,1.60e-02,2.32e+01,
8312,2.40e-02,2.32e+01,
8313,4.00e-02,2.32e+01,
8314,4.00e-02,2.32e+01,
8315,3.20e-02,2.32e+01,
8316,1.60e-02,2.40e+01,
8317,2.40e-02,2.32e+01,
8318,1.60e-02,2.32e+01,
8319,2.40e-02,2.32e+01,
8320,1.60e-02,2.32e+01,
8321,2.40e-02,2.32e+01,
8322,2.40e-02,2.32e+01,
8323,2.40e-02,2.32e+01,
8324,2.40e-02,2.32e+01,
8325,2.40e-02,2.32e+01,
8326,2.40e-02,2.32e+01,
8327,2.40e-02,2.32e+01,
8328,2.40e-02,2.32e+01,
8329,3.20e-02,2.32e+01,
8330,2.40e-02,2.32e+01,
8331,2.40e-02,2.32e+01,
8332,2.40e-02,2.32e+01,
8333,8.00e-03,2.32e+01,
8334,-8.00e-03,2.32e+01,
8335,0.00e+00,2.32e+01,
8336,0.00e+00,2.32e+01,
8337,1.60e-02,2.32e+01,
8338,5.60e-02,2.16e+01,
8339,1.04e-01,1.92e+01,
8340,9.60e-02,1.52e+01,
8341,6.40e-02,1.12e+01,
8342,4.80e-02,8.80e+00,
8343,5.60e-02,7.20e+00,
8344,5.60e-02,6.40e+00,
8345,2.40e-02,4.80e+00,
8346,-3.20e-02,4.00e+00,
8347,-8.00e-02,4.00e+00,
8348,-1.12e-01,3.20e+00,
8349,-1.28e-01,3.20e+00,
8350,-1.20e-01,1.60e+00,
8351,-8.80e-02,1.60e+00,
8352,-3.20e-02,3.20e+00,
8353,2.40e-02,1.60e+00,
8354,6.40e-02,1.60e+00,
8355,1.04e-01,1.60e+00,
8356,1.20e-01,1.60e+00,
8357,1.28e-01,8.00e-01,
8358,1.20e-01,8.00e-01,
8359,9.60e-02,8.00e-01,
8360,4.80e-02,-1.06e-04,
8361,8.00e-03,-8.00e-01,
8362,-4.00e-02,-8.00e-01,
8363,-8.00e-02,-8.00e-01,
8364,-1.04e-01,-8.00e-01,
8365,-1.04e-01,-1.60e+00,
8366,-8.00e-02,-1.60e+00,
8367,-4.80e-02,-8.00e-01,
8368,0.00e+00,-8.00e-01,
8369,4.00e-02,-8.00e-01,
8370,6.40e-02,-8.00e-01,
8371,9.60e-02,-8.00e-01,
8372,1.04e-01,-8.00e-01,
8373,1.04e-01,-8.00e-01,
8374,8.00e-02,-1.60e+00,
8375,4.00e-02,-8.00e-01,
8376,8.00e-03,-8.00e-01,
8377,-3.20e-02,-1.60e+00,
8378,-6.40e-02,-1.60e+00,
8379,-8.00e-02,-1.60e+00,
8380,-8.80e-02,-1.60e+00,
8381,-6.40e-02,-1.60e+00,
8382,-4.00e-02,-1.60e+00,
8383,0.00e+00,-8.00e-01,
8384,2.40e-02,-8.00e-01,
8385,5.60e-02,-8.00e-01,
8386,8.00e-02,-8.00e-01,
8387,8.80e-02,-8.00e-01,
8388,8.00e-02,-8.00e-01,
8389,6.40e-02,-8.00e-01,
8390,3.20e-02,-1.60e+00,
8391,8.00e-03,-8.00e-01,
8392,-2.40e-02,-8.00e-01,
8393,-4.80e-02,-1.60e+00,
8394,-6.40e-02,-1.60e+00,
8395,-6.40e-02,-1.60e+00,
8396,-5.60e-02,-1.60e+00,
8397,-3.20e-02,-8.00e-01,
8398,0.00e+00,-1.60e+00,
8399,2.40e-02,-8.00e-01,
8400,4.80e-02,-8.00e-01,
8401,6.40e-02,-1.60e+00,
8402,6.40e-02,-8.00e-01,
8403,6.40e-02,-8.00e-01,
8404,4.80e-02,-8.00e-01,
8405,3.20e-02,-1.60e+00,
8406,8.00e-03,-1.60e+00,
8407,-1.60e-02,-8.00e-01,
8408,-4.00e-02,-8.00e-01,
8409,-4.80e-02,-1.60e+00,
8410,-5.60e-02,-1.60e+00,
8411,-4.00e-02,-1.60e+00,
8412,-2.40e-02,-8.00e-01,
8413,0.00e+00,-1.60e+00,
8414,1.60e-02,-1.60e+00,
8415,4.00e-02,-8.00e-01,
8416,4.80e-02,-8.00e-01,
8417,5.60e-02,-1.60e+00,
8418,4.80e-02,-8.00e-01,
8419,4.00e-02,-1.60e+00,
8420,2.40e-02,-8.00e-01,
8421,8.00e-03,-1.60e+00,
8422,-1.60e-02,-1.60e+00,
8423,-3.20e-02,-8.00e-01,
8424,-4.00e-02,-1.60e+00,
8425,-4.00e-02,-1.60e+00,
8426,-3.20e-02,-1.60e+00,
8427,-1.60e-02,-8.00e-01,
8428,0.00e+00,-8.00e-01,
8429,1.60e-02,-1.60e+00,
8430,3.20e-02,-1.60e+00,
8431,4.00e-02,-8.00e-01,
8432,4.80e-02,-8.00e-01,
8433,4.80e-02,-1.60e+00,
8434,3.20e-02,-1.60e+00,
8435,2.40e-02,-8.00e-01,
8436,8.00e-03,-8.00e-01,
8437,-8.00e-03,-1.60e+00,
8438,-2.40e-02,-1.60e+00,
8439,-3.20e-02,-8.00e-01,
8440,-3.20e-02,-8.00e-01,
8441,-2.40e-02,-1.60e+00,
8442,-1.60e-02,-1.60e+00,
8443,0.00e+00,-8.00e-01,
8444,1.60e-02,-8.00e-01,
8445,3.20e-02,-8.00e-01,
8446,4.00e-02,-1.60e+00,
8447,4.00e-02,-8.00e-01,
8448,4.00e-02,-8.00e-01,
8449,3.20e-02,-1.60e+00,
8450,1.60e-02,-1.60e+00,
8451,8.00e-03,-8.00e-01,
8452,-8.00e-03,-8.00e-01,
8453,-1.60e-02,-1.60e+00,
8454,-2.40e-02,-1.60e+00,
8455,-2.40e-02,-8.00e-01,
8456,-2.40e-02,-8.00e-01,
8457,-8.00e-03,-1.60e+00,
8458,0.00e+00,-1.60e+00,
8459,1.60e-02,-8.00e-01,
8460,2.40e-02,-8.00e-01,
8461,3.20e-02,-1.60e+00,
8462,3.20e-02,-1.60e+00,
8463,3.20e-02,-8.00e-01,
8464,2.40e-02,-8.00e-01,
8465,2.40e-02,-1.60e+00,
8466,8.00e-03,-1.60e+00,
8467,0.00e+00,-8.00e-01,
8468,-1.60e-02,-8.00e-01,
8469,-1.60e-02,-1.60e+00,
8470,-1.60e-02,-1.60e+00,
8471,-1.60e-02,-8.00e-01,
8472,-8.00e-03,-8.00e-01,
8473,8.00e-03,-1.60e+00,
8474,8.00e-03,-1.60e+00,
8475,2.40e-02,-8.00e-01,
8476,2.40e-02,-8.00e-01,
8477,3.20e-02,-8.00e-01,
8478,3.20e-02,-1.60e+00,
8479,2.40e-02,-8.00e-01,
8480,1.60e-02,-8.00e-01,
8481,8.00e-03,-1.60e+00,
8482,0.00e+00,-1.60e+00,
8483,-8.00e-03,-8.00e-01,
8484,-1.60e-02,-8.00e-01,
8485,-8.00e-03,-1.60e+00,
8486,-8.00e-03,-1.60e+00,
8487,0.00e+00,-8.00e-01,
8488,8.00e-03,-8.00e-01,
8489,1.60e-02,-1.60e+00,
8490,1.60e-02,-1.60e+00,
8491,2.40e-02,-8.00e-01,
8492,2.40e-02,-8.00e-01,
8493,3.20e-02,-1.60e+00,
8494,2.40e-02,-1.60e+00,
8495,1.60e-02,-8.00e-01,
8496,8.00e-03,-8.00e-01,
8497,8.00e-03,-1.60e+00,
8498,0.00e+00,-1.60e+00,
8499,-8.00e-03,-8.00e-01,
8500,-8.00e-03,-8.00e-01,
8501,0.00e+00,-1.60e+00,
8502,0.00e+00,-1.60e+00,
8503,8.00e-03,-8.00e-01,
8504,8.00e-03,-8.00e-01,
8505,1.60e-02,-1.60e+00,
8506,2.40e-02,-1.60e+00,
8507,2.40e-02,-8.00e-01,
8508,2.40e-02,-8.00e-01,
8509,2.40e-02,-1.60e+00,
8510,1.60e-02,-1.60e+00,
8511,1.60e-02,-8.00e-01,
8512,8.00e-03,-8.00e-01,
8513,0.00e+00,-1.60e+00,
8514,-8.00e-03,-1.60e+00,
8515,0.00e+00,-8.00e-01,
8516,0.00e+00,-8.00e-01,
8517,0.00e+00,-1.60e+00,
8518,8.00e-03,-1.60e+00,
8519,1.60e-02,-8.00e-01,
8520,1.60e-02,-8.00e-01,
8521,2.40e-02,-1.60e+00,
8522,2.40e-02,-1.60e+00,
8523,2.40e-02,-8.00e-01,
8524,1.60e-02,-8.00e-01,
8525,1.60e-02,-1.60e+00,
8526,1.60e-02,-1.60e+00,
8527,8.00e-03,-8.00e-01,
8528,0.00e+00,-8.00e-01,
8529,0.00e+00,-1.60e+00,
8530,0.00e+00,-1.60e+00,
8531,0.00e+00,-8.00e-01,
8532,0.00e+00,-8.00e-01,
8533,8.00e-03,-1.60e+00,
8534,1.60e-02,-1.60e+00,
8535,1.60e-02,-8.00e-01,
8536,2.40e-02,-8.00e-01,
8537,2.40e-02,-1.60e+00,
8538,2.40e-02,-1.60e+00,
8539,2.40e-02,-8.00e-01,
8540,1.60e-02,-8.00e-01,
8541,1.60e-02,-1.60e+00,
8542,8.00e-03,-1.60e+00,
8543,8.00e-03,-8.00e-01,
8544,0.00e+00,-8.00e-01,
8545,8.00e-03,-1.60e+00,
8546,8.00e-03,-1.60e+00,
8547,8.00e-03,-8.00e-01,
8548,8.00e-03,-8.00e-01,
8549,1.60e-02,-1.60e+00,
8550,1.60e-02,-1.60e+00,
8551,1.60e-02,-8.00e-01,
8552,2.40e-02,-8.00e-01,
8553,2.40e-02,-1.60e+00,
8554,1.60e-02,-1.60e+00,
8555,1.60e-02,-8.00e-01,
8556,1.60e-02,-8.00e-01,
8557,1.60e-02,-1.60e+00,
8558,8.00e-03,-1.60e+00,
8559,8.00e-03,-8.00e-01,
8560,8.00e-03,-8.00e-01,
8561,8.00e-03,-1.60e+00,
8562,8.00e-03,-1.60e+00,
8563,1.60e-02,-8.00e-01,
8564,1.60e-02,-8.00e-01,
8565,1.60e-02,-1.60e+00,
8566,2.40e-02,-1.60e+00,
8567,2.40e-02,-8.00e-01,
8568,2.40e-02,-8.00e-01,
8569,2.40e-02,-1.60e+00,
8570,1.60e-02,-1.60e+00,
8571,1.60e-02,-8.00e-01,
8572,8.00e-03,-8.00e-01,
8573,1.60e-02,-1.60e+00,
8574,8.00e-03,-1.60e+00,
8575,8.00e-03,-8.00e-01,
8576,8.00e-03,-8.00e-01,
8577,1.60e-02,-1.60e+00,
8578,8.00e-03,-1.60e+00,
8579,1.60e-02,-8.00e-01,
8580,1.60e-02,-8.00e-01,
8581,2.40e-02,-1.60e+00,
8582,2.40e-02,-1.60e+00,
8583,1.60e-02,-8.00e-01,
8584,1.60e-02,-8.00e-01,
8585,2.40e-02,-1.60e+00,
8586,1.60e-02,-1.60e+00,
8587,1.60e-02,-8.00e-01,
8588,8.00e-03,-8.00e-01,
8589,1.60e-02,-1.60e+00,
8590,8.00e-03,-1.60e+00,
8591,8.00e-03,-8.00e-01,
8592,1.60e-02,-8.00e-01,
8593,1.60e-02,-1.60e+00,
8594,1.60e-02,-1.60e+00,
8595,1.60e-02,-8.00e-01,
8596,1.60e-02,-8.00e-01,
8597,2.40e-02,-8.00e-01,
8598,2.40e-02,-1.60e+00,
8599,1.60e-02,-8.00e-01,
8600,1.60e-02,-8.00e-01,
8601,1.60e-02,-1.60e+00,
8602,1.60e-02,-1.60e+00,
8603,1.60e-02,-8.00e-01,
8604,1.60e-02,-8.00e-01,
8605,1.60e-02,-1.60e+00,
8606,1.60e-02,-1.60e+00,
8607,1.60e-02,-8.00e-01,
8608,1.60e-02,-8.00e-01,
8609,2.40e-02,-1.60e+00,
8610,1.60e-02,-8.00e-01,
8611,2.40e-02,-8.00e-01,
8612,1.60e-02,-8.00e-01,
8613,2.40e-02,-1.60e+00,
8614,2.40e-02,-1.60e+00,
8615,1.60e-02,-8.00e-01,
8616,1.60e-02,-8.00e-01,
8617,1.60e-02,-1.60e+00,
8618,1.60e-02,-8.00e-01,
8619,1.60e-02,-1.60e+00,
8620,1.60e-02,-8.00e-01,
8621,1.60e-02,-8.00e-01,
8622,1.60e-02,-1.60e+00,
8623,1.60e-02,-8.00e-01,
8624,1.60e-02,-8.00e-01,
8625,2.40e-02,-1.60e+00,
8626,2.40e-02,-1.60e+00,
8627,2.40e-02,-8.00e-01,
8628,2.40e-02,-8.00e-01,
8629,2.40e-02,-1.60e+00,
8630,2.40e-02,-1.60e+00,
8631,1.60e-02,-8.00e-01,
8632,1.60e-02,-8.00e-01,
8633,2.40e-02,-1.60e+00,
8634,1.60e-02,-1.60e+00,
8635,1.60e-02,-8.00e-01,
8636,1.60e-02,-8.00e-01,
8637,1.60e-02,-8.00e-01,
8638,2.40e-02,-1.60e+00,
8639,1.60e-02,-8.00e-01,
8640,2.40e-02,-8.00e-01,
8641,2.40e-02,-1.60e+00,
8642,2.40e-02,-1.60e+00,
8643,2.40e-02,-8.00e-01,
8644,2.40e-02,-8.00e-01,
8645,2.40e-02,-1.60e+00,
8646,2.40e-02,-1.60e+00,
8647,2.40e-02,-8.00e-01,
8648,1.60e-02,-8.00e-01,
8649,2.40e-02,-1.60e+00,
8650,1.60e-02,-1.60e+00,
8651,2.40e-02,-8.00e-01,
8652,1.60e-02,-8.00e-01,
8653,2.40e-02,-1.60e+00,
8654,2.40e-02,-1.60e+00,
8655,2.40e-02,-8.00e-01,
8656,2.40e-02,-8.00e-01,
8657,2.40e-02,-8.00e-01,
8658,2.40e-02,-1.60e+00,
8659,2.40e-02,-8.00e-01,
8660,2.40e-02,-8.00e-01,
8661,2.40e-02,-1.60e+00,
8662,2.40e-02,-1.60e+00,
8663,2.40e-02,-8.00e-01,
8664,1.60e-02,-8.00e-01,
8665,2.40e-02,-1.60e+00,
8666,2.40e-02,-1.60e+00,
8667,2.40e-02,-8.00e-01,
8668,2.40e-02,-8.00e-01,
8669,2.40e-02,-1.60e+00,
8670,2.40e-02,-1.60e+00,
8671,2.40e-02,-8.00e-01,
8672,2.40e-02,-8.00e-01,
8673,2.40e-02,-1.60e+00,
8674,2.40e-02,-1.60e+00,
8675,2.40e-02,-8.00e-01,
8676,2.40e-02,-8.00e-01,
8677,2.40e-02,-8.00e-01,
8678,2.40e-02,-1.60e+00,
8679,2.40e-02,-8.00e-01,
8680,2.40e-02,-8.00e-01,
8681,2.40e-02,-1.60e+00,
8682,2.40e-02,-1.60e+00,
8683,2.40e-02,-8.00e-01,
8684,2.40e-02,-8.00e-01,
8685,2.40e-02,-1.60e+00,
8686,2.40e-02,-1.60e+00,
8687,2.40e-02,-8.00e-01,
8688,2.40e-02,-8.00e-01,
8689,3.20e-02,-1.60e+00,
8690,2.40e-02,-1.60e+00,
8691,2.40e-02,-8.00e-01,
8692,2.40e-02,-8.00e-01,
8693,2.40e-02,-1.60e+00,
8694,2.40e-02,-1.60e+00,
8695,2.40e-02,-8.00e-01,
8696,2.40e-02,-8.00e-01,
8697,2.40e-02,-8.00e-01,
8698,2.40e-02,-1.60e+00,
8699,2.40e-02,-8.00e-01,
8700,2.40e-02,-8.00e-01,
8701,3.20e-02,-1.60e+00,
8702,3.20e-02,-1.60e+00,
8703,2.40e-02,-8.00e-01,
8704,2.40e-02,-8.00e-01,
8705,3.20e-02,-1.60e+00,
8706,2.40e-02,-1.60e+00,
8707,2.40e-02,-8.00e-01,
8708,2.40e-02,-8.00e-01,
8709,3.20e-02,-8.00e-01,
8710,2.40e-02,-1.60e+00,
8711,2.40e-02,-8.00e-01,
8712,2.40e-02,-8.00e-01,
8713,3.20e-02,-1.60e+00,
8714,2.40e-02,-1.60e+00,
8715,3.20e-02,-8.00e-01,
8716,2.40e-02,-8.00e-01,
8717,3.20e-02,-8.00e-01,
8718,3.20e-02,-1.60e+00,
8719,3.20e-02,-8.00e-01,
8720,2.40e-02,-8.00e-01,
8721,3.20e-02,-1.60e+00,
8722,2.40e-02,-1.60e+00,
8723,3.20e-02,-8.00e-01,
8724,2.40e-02,-8.00e-01,
8725,3.20e-02,-1.60e+00,
8726,2.40e-02,-1.60e+00,
8727,3.20e-02,-8.00e-01,
8728,2.40e-02,-8.00e-01,
8729,3.20e-02,-1.60e+00,
8730,3.20e-02,-1.60e+00,
8731,3.20e-02,-8.00e-01,
8732,2.40e-02,-8.00e-01,
8733,3.20e-02,-1.60e+00,
8734,3.20e-02,-1.60e+00,
8735,3.20e-02,-8.00e-01,
8736,2.40e-02,-8.00e-01,
8737,3.20e-02,-1.60e+00,
8738,2.40e-02,-1.60e+00,
8739,3.20e-02,-8.00e-01,
8740,2.40e-02,-8.00e-01,
8741,3.20e-02,-1.60e+00,
8742,3.20e-02,-1.60e+00,
8743,3.20e-02,-8.00e-01,
8744,2.40e-02,-8.00e-01,
8745,3.20e-02,-1.60e+00,
8746,3.20e-02,-1.60e+00,
8747,3.20e-02,-8.00e-01,
8748,3.20e-02,-8.00e-01,
8749,3.20e-02,-1.60e+00,
8750,3.20e-02,-8.00e-01,
8751,3.20e-02,-8.00e-01,
8752,3.20e-02,-8.00e-01,
8753,3.20e-02,-8.00e-01,
8754,2.40e-02,-1.60e+00,
8755,3.20e-02,-8.00e-01,
8756,3.20e-02,-8.00e-01,
8757,3.20e-02,-8.00e-01,
8758,3.20e-02,-1.60e+00,
8759,3.20e-02,-8.00e-01,
8760,3.20e-02,-8.00e-01,
8761,3.20e-02,-1.60e+00,
8762,3.20e-02,-1.60e+00,
8763,3.20e-02,-8.00e-01,
8764,3.20e-02,-8.00e-01,
8765,3.20e-02,-1.60e+00,
8766,3.20e-02,-1.60e+00,
8767,3.20e-02,-8.00e-01,
8768,3.20e-02,-8.00e-01,
8769,3.20e-02,-1.60e+00,
8770,3.20e-02,-1.60e+00,
8771,3.20e-02,-8.00e-01,
8772,3.20e-02,-8.00e-01,
8773,3.20e-02,-1.60e+00,
8774,3.20e-02,-1.60e+00,
8775,3.20e-02,-8.00e-01,
8776,3.20e-02,-8.00e-01,
8777,3.20e-02,-8.00e-01,
8778,3.20e-02,-1.60e+00,
8779,3.20e-02,-8.00e-01,
8780,3.20e-02,-8.00e-01,
8781,3.20e-02,-8.00e-01,
8782,3.20e-02,-1.60e+00,
8783,3.20e-02,-8.00e-01,
8784,3.20e-02,-8.00e-01,
8785,3.20e-02,-1.60e+00,
8786,3.20e-02,-1.60e+00,
8787,3.20e-02,-8.00e-01,
8788,3.20e-02,-8.00e-01,
8789,4.00e-02,-8.00e-01,
8790,3.20e-02,-1.60e+00,
8791,3.20e-02,-8.00e-01,
8792,3.20e-02,-8.00e-01,
8793,3.20e-02,-1.60e+00,
8794,3.20e-02,-1.60e+00,
8795,3.20e-02,-8.00e-01,
8796,3.20e-02,-8.00e-01,
8797,4.00e-02,-8.00e-01,
8798,3.20e-02,-1.60e+00,
8799,3.20e-02,-8.00e-01,
8800,3.20e-02,-8.00e-01,
8801,4.00e-02,-1.60e+00,
8802,3.20e-02,-8.00e-01,
8803,4.00e-02,-8.00e-01,
8804,3.20e-02,-8.00e-01,
8805,4.00e-02,-8.00e-01,
8806,4.00e-02,-1.60e+00,
8807,3.20e-02,-8.00e-01,
8808,3.20e-02,-8.00e-01,
8809,4.00e-02,-1.60e+00,
8810,3.20e-02,-8.00e-01,
8811,4.00e-02,-8.00e-01,
8812,3.20e-02,-8.00e-01,
8813,4.00e-02,-8.00e-01,
8814,4.00e-02,-1.60e+00,
8815,3.20e-02,-8.00e-01,
8816,3.20e-02,-8.00e-01,
8817,4.00e-02,-1.60e+00,
8818,3.20e-02,-8.00e-01,
8819,4.00e-02,-1.60e+00,
8820,3.20e-02,-8.00e-01,
8821,4.00e-02,-8.00e-01,
8822,4.00e-02,-1.60e+00,
8823,4.00e-02,-8.00e-01,
8824,4.00e-02,-8.00e-01,
8825,4.00e-02,-8.00e-01,
8826,4.00e-02,-1.60e+00,
8827,4.00e-02,-8.00e-01,
8828,4.00e-02,-8.00e-01,
8829,4.00e-02,-1.60e+00,
8830,4.00e-02,-1.60e+00,
8831,4.00e-02,-8.00e-01,
8832,3.20e-02,-8.00e-01,
8833,4.00e-02,-8.00e-01,
8834,4.00e-02,-1.60e+00,
8835,4.00e-02,-8.00e-01,
8836,3.20e-02,-8.00e-01,
8837,4.00e-02,-8.00e-01,
8838,4.00e-02,-1.60e+00,
8839,4.00e-02,-8.00e-01,
8840,4.00e-02,-8.00e-01,
8841,4.00e-02,-1.60e+00,
8842,4.00e-02,-1.60e+00,
8843,4.00e-02,-8.00e-01,
8844,4.00e-02,-8.00e-01,
8845,4.00e-02,-8.00e-01,
8846,4.00e-02,-1.60e+00,
8847,4.00e-02,-8.00e-01,
8848,4.00e-02,-8.00e-01,
8849,4.00e-02,-1.60e+00,
8850,4.00e-02,-1.60e+00,
8851,4.00e-02,-8.00e-01,
8852,4.00e-02,-8.00e-01,
8853,4.80e-02,-8.00e-01,
8854,4.00e-02,-8.00e-01,
8855,4.00e-02,-8.00e-01,
8856,4.00e-02,-8.00e-01,
8857,4.00e-02,-8.00e-01,
8858,4.00e-02,-1.60e+00,
8859,4.00e-02,-8.00e-01,
8860,4.00e-02,-8.00e-01,
8861,4.00e-02,-1.60e+00,
8862,4.00e-02,-1.60e+00,
8863,4.00e-02,-8.00e-01,
8864,4.00e-02,-8.00e-01,
8865,4.00e-02,-1.60e+00,
8866,4.00e-02,-1.60e+00,
8867,4.00e-02,-8.00e-01,
8868,4.00e-02,-8.00e-01,
8869,4.00e-02,-8.00e-01,
8870,4.00e-02,-8.00e-01,
8871,4.00e-02,-8.00e-01,
8872,4.00e-02,-8.00e-01,
8873,4.80e-02,-8.00e-01,
8874,4.00e-02,-8.00e-01,
8875,4.00e-02,-8.00e-01,
8876,4.00e-02,-8.00e-01,
8877,4.80e-02,-8.00e-01,
8878,4.00e-02,-1.60e+00,
8879,4.00e-02,-8.00e-01,
8880,4.00e-02,-8.00e-01,
8881,4.80e-02,-1.60e+00,
8882,4.00e-02,-1.60e+00,
8883,4.00e-02,-8.00e-01,
8884,4.00e-02,-8.00e-01,
8885,4.80e-02,-1.60e+00,
8886,4.00e-02,-8.00e-01,
8887,4.00e-02,-8.00e-01,
8888,4.00e-02,-8.00e-01,
8889,4.80e-02,-8.00e-01,
8890,4.00e-02,-8.00e-01,
8891,4.80e-02,-8.00e-01,
8892,4.00e-02,-8.00e-01,
8893,4.80e-02,-1.60e+00,
8894,4.80e-02,-8.00e-01,
8895,4.00e-02,-8.00e-01,
8896,4.00e-02,-8.00e-01,
8897,4.80e-02,-8.00e-01,
8898,4.00e-02,-1.60e+00,
8899,4.80e-02,-8.00e-01,
8900,4.00e-02,-8.00e-01,
8901,4.80e-02,-1.60e+00,
8902,4.00e-02,-8.00e-01,
8903,4.80e-02,-8.00e-01,
8904,4.00e-02,-8.00e-01,
8905,4.80e-02,-8.00e-01,
8906,4.80e-02,-1.60e+00,
8907,4.80e-02,-8.00e-01,
8908,4.00e-02,-8.00e-01,
8909,4.80e-02,-8.00e-01,
8910,4.80e-02,-8.00e-01,
8911,4.80e-02,-8.00e-01,
8912,4.00e-02,-8.00e-01,
8913,4.80e-02,-1.60e+00,
8914,4.00e-02,-1.60e+00,
8915,4.80e-02,-8.00e-01,
8916,4.00e-02,-8.00e-01,
8917,4.80e-02,-8.00e-01,
8918,4.80e-02,-1.60e+00,
8919,4.80e-02,-8.00e-01,
8920,4.00e-02,-8.00e-01,
8921,4.80e-02,-1.60e+00,
8922,4.80e-02,-1.60e+00,
8923,4.80e-02,-8.00e-01,
8924,4.80e-02,-8.00e-01,
8925,4.80e-02,-8.00e-01,
8926,4.80e-02,-8.00e-01,
8927,4.80e-02,-8.00e-01,
8928,4.80e-02,-8.00e-01,
8929,4.80e-02,-8.00e-01,
8930,4.80e-02,-1.60e+00,
8931,4.80e-02,-8.00e-01,
8932,4.80e-02,-8.00e-01,
8933,4.80e-02,-8.00e-01,
8934,4.80e-02,-8.00e-01,
8935,4.80e-02,-8.00e-01,
8936,4.80e-02,-8.00e-01,
8937,4.80e-02,-1.60e+00,
8938,4.80e-02,-1.60e+00,
8939,4.80e-02,-8.00e-01,
8940,4.00e-02,-8.00e-01,
8941,4.80e-02,-8.00e-01,
8942,4.80e-02,-1.60e+00,
8943,4.80e-02,-8.00e-01,
8944,4.80e-02,-8.00e-01,
8945,4.80e-02,-1.60e+00,
8946,4.80e-02,-8.00e-01,
8947,4.80e-02,-8.00e-01,
8948,4.80e-02,-8.00e-01,
8949,4.80e-02,-8.00e-01,
8950,4.80e-02,-8.00e-01,
8951,4.80e-02,-8.00e-01,
8952,4.80e-02,-8.00e-01,
8953,4.80e-02,-1.60e+00,
8954,4.80e-02,-8.00e-01,
8955,4.80e-02,-8.00e-01,
8956,4.80e-02,-8.00e-01,
8957,4.80e-02,-8.00e-01,
8958,4.80e-02,-8.00e-01,
8959,4.80e-02,-8.00e-01,
8960,4.80e-02,-8.00e-01,
8961,5.60e-02,-1.60e+00,
8962,4.80e-02,-8.00e-01,
8963,4.80e-02,-8.00e-01,
8964,4.80e-02,-8.00e-01,
8965,4.80e-02,-8.00e-01,
8966,4.80e-02,-1.60e+00,
8967,4.80e-02,-8.00e-01,
8968,4.80e-02,-8.00e-01,
8969,4.80e-02,-1.60e+00,
8970,4.80e-02,-8.00e-01,
8971,5.60e-02,-8.00e-01,
8972,4.80e-02,-8.00e-01,
8973,5.60e-02,-1.60e+00,
8974,4.80e-02,-8.00e-01,
8975,4.80e-02,-8.00e-01,
8976,4.80e-02,-8.00e-01,
8977,5.60e-02,-8.00e-01,
8978,4.80e-02,-1.60e+00,
8979,4.80e-02,-8.00e-01,
8980,4.80e-02,-8.00e-01,
8981,5.60e-02,-8.00e-01,
8982,4.80e-02,-8.00e-01,
8983,4.80e-02,-8.00e-01,
8984,4.80e-02,-8.00e-01,
8985,5.60e-02,-1.60e+00,
8986,4.80e-02,-1.60e+00,
8987,5.60e-02,-8.00e-01,
8988,4.80e-02,-8.00e-01,
8989,5.60e-02,-8.00e-01,
8990,5.60e-02,-8.00e-01,
8991,4.80e-02,-8.00e-01,
8992,4.80e-02,-8.00e-01,
8993,5.60e-02,-1.60e+00,
8994,4.80e-02,-1.60e+00,
8995,4.80e-02,-8.00e-01,
8996,4.80e-02,-8.00e-01,
8997,5.60e-02,-8.00e-01,
8998,5.60e-02,-1.60e+00,
8999,5.60e-02,-8.00e-01,
9000,5.60e-02,-8.00e-01,
9001,5.60e-02,-1.60e+00,
9002,4.80e-02,-8.00e-01,
9003,5.60e-02,-8.00e-01,
9004,4.80e-02,-8.00e-01,
9005,5.60e-02,-8.00e-01,
9006,5.60e-02,-1.60e+00,
9007,5.60e-02,-8.00e-01,
9008,5.60e-02,-8.00e-01,
9009,5.60e-02,-1.60e+00,
9010,5.60e-02,-8.00e-01,
9011,5.60e-02,-8.00e-01,
9012,5.60e-02,-8.00e-01,
9013,5.60e-02,-8.00e-01,
9014,5.60e-02,-1.60e+00,
9015,5.60e-02,-8.00e-01,
9016,5.60e-02,-8.00e-01,
9017,5.60e-02,-1.60e+00,
9018,5.60e-02,-8.00e-01,
9019,5.60e-02,-1.60e+00,
9020,4.80e-02,-1.06e-04,
9021,5.60e-02,-8.00e-01,
9022,5.60e-02,-1.60e+00,
9023,5.60e-02,-8.00e-01,
9024,5.60e-02,-8.00e-01,
9025,5.60e-02,-8.00e-01,
9026,5.60e-02,-8.00e-01,
9027,5.60e-02,-8.00e-01,
9028,5.60e-02,-8.00e-01,
9029,5.60e-02,-8.00e-01,
9030,5.60e-02,-1.60e+00,
9031,5.60e-02,-8.00e-01,
9032,5.60e-02,-8.00e-01,
9033,5.60e-02,-1.60e+00,
9034,5.60e-02,-8.00e-01,
9035,5.60e-02,-8.00e-01,
9036,5.60e-02,-8.00e-01,
9037,5.60e-02,-8.00e-01,
9038,5.60e-02,-1.60e+00,
9039,5.60e-02,-8.00e-01,
9040,5.60e-02,-8.00e-01,
9041,5.60e-02,-1.60e+00,
9042,5.60e-02,-1.60e+00,
9043,5.60e-02,-8.00e-01,
9044,5.60e-02,-8.00e-01,
9045,5.60e-02,-8.00e-01,
9046,5.60e-02,-8.00e-01,
9047,5.60e-02,-8.00e-01,
9048,5.60e-02,-8.00e-01,
9049,5.60e-02,-1.60e+00,
9050,5.60e-02,-1.60e+00,
9051,5.60e-02,-8.00e-01,
9052,5.60e-02,-8.00e-01,
9053,6.40e-02,-8.00e-01,
9054,5.60e-02,-8.00e-01,
9055,5.60e-02,-8.00e-01,
9056,5.60e-02,-8.00e-01,
9057,5.60e-02,-8.00e-01,
9058,5.60e-02,-1.60e+00,
9059,5.60e-02,-8.00e-01,
9060,5.60e-02,-8.00e-01,
9061,5.60e-02,-8.00e-01,
9062,5.60e-02,-8.00e-01,
9063,5.60e-02,-8.00e-01,
9064,5.60e-02,-8.00e-01,
9065,6.40e-02,-8.00e-01,
9066,5.60e-02,-8.00e-01,
9067,5.60e-02,-8.00e-01,
9068,5.60e-02,-8.00e-01,
9069,6.40e-02,-8.00e-01,
9070,5.60e-02,-8.00e-01,
9071,6.40e-02,-8.00e-01,
9072,5.60e-02,-8.00e-01,
9073,6.40e-02,-1.60e+00,
9074,5.60e-02,-8.00e-01,
9075,6.40e-02,-8.00e-01,
9076,5.60e-02,-8.00e-01,
9077,6.40e-02,-8.00e-01,
9078,6.40e-02,-1.60e+00,
9079,6.40e-02,-8.00e-01,
9080,5.60e-02,-8.00e-01,
9081,6.40e-02,-8.00e-01,
9082,5.60e-02,-1.60e+00,
9083,6.40e-02,-8.00e-01,
9084,5.60e-02,-8.00e-01,
9085,6.40e-02,-8.00e-01,
9086,6.40e-02,-8.00e-01,
9087,6.40e-02,-8.00e-01,
9088,6.40e-02,-8.00e-01,
9089,6.40e-02,-8.00e-01,
9090,6.40e-02,-8.00e-01,
9091,6.40e-02,-8.00e-01,
9092,6.40e-02,-8.00e-01,
9093,6.40e-02,-8.00e-01,
9094,6.40e-02,-8.00e-01,
9095,6.40e-02,-8.00e-01,
9096,6.40e-02,-8.00e-01,
9097,6.40e-02,-8.00e-01,
9098,6.40e-02,-1.60e+00,
9099,6.40e-02,-8.00e-01,
9100,6.40e-02,-8.00e-01,
9101,6.40e-02,-8.00e-01,
9102,6.40e-02,-8.00e-01,
9103,6.40e-02,-8.00e-01,
9104,5.60e-02,-8.00e-01,
9105,6.40e-02,-8.00e-01,
9106,6.40e-02,-1.60e+00,
9107,6.40e-02,-8.00e-01,
9108,6.40e-02,-8.00e-01,
9109,6.40e-02,-8.00e-01,
9110,6.40e-02,-8.00e-01,
9111,6.40e-02,-8.00e-01,
9112,5.60e-02,-8.00e-01,
9113,6.40e-02,-1.60e+00,
9114,6.40e-02,-8.00e-01,
9115,6.40e-02,-8.00e-01,
9116,6.40e-02,-8.00e-01,
9117,6.40e-02,-8.00e-01,
9118,6.40e-02,-1.60e+00,
9119,6.40e-02,-8.00e-01,
9120,6.40e-02,-8.00e-01,
9121,6.40e-02,-1.60e+00,
9122,6.40e-02,-8.00e-01,
9123,6.40e-02,-8.00e-01,
9124,6.40e-02,-8.00e-01,
9125,6.40e-02,-8.00e-01,
9126,6.40e-02,-1.60e+00,
9127,6.40e-02,-8.00e-01,
9128,6.40e-02,-8.00e-01,
9129,6.40e-02,-1.60e+00,
9130,6.40e-02,-8.00e-01,
9131,6.40e-02,-8.00e-01,
9132,6.40e-02,-8.00e-01,
9133,6.40e-02,-8.00e-01,
9134,6.40e-02,-8.00e-01,
9135,6.40e-02,-8.00e-01,
9136,6.40e-02,-8.00e-01,
9137,6.40e-02,-8.00e-01,
9138,6.40e-02,-1.60e+00,
9139,6.40e-02,-8.00e-01,
9140,6.40e-02,-8.00e-01,
9141,8.00e-02,-8.00e-01,
9142,6.40e-02,-8.00e-01,
9143,6.40e-02,-8.00e-01,
9144,6.40e-02,-8.00e-01,
9145,6.40e-02,-8.00e-01,
9146,6.40e-02,-1.60e+00,
9147,6.40e-02,-8.00e-01,
9148,6.40e-02,-8.00e-01,
9149,8.00e-02,-8.00e-01,
9150,6.40e-02,-8.00e-01,
9151,6.40e-02,-8.00e-01,
9152,6.40e-02,-8.00e-01,
9153,8.00e-02,-8.00e-01,
9154,6.40e-02,-1.60e+00,
9155,8.00e-02,-8.00e-01,
9156,6.40e-02,-8.00e-01,
9157,8.00e-02,-8.00e-01,
9158,6.40e-02,-1.60e+00,
9159,6.40e-02,-8.00e-01,
9160,6.40e-02,-8.00e-01,
9161,8.00e-02,-8.00e-01,
9162,6.40e-02,-8.00e-01,
9163,8.00e-02,-8.00e-01,
9164,6.40e-02,-8.00e-01,
9165,8.00e-02,-8.00e-01,
9166,8.00e-02,-8.00e-01,
9167,6.40e-02,-8.00e-01,
9168,6.40e-02,-8.00e-01,
9169,8.00e-02,-8.00e-01,
9170,8.00e-02,-8.00e-01,
9171,8.00e-02,-8.00e-01,
9172,8.00e-02,-8.00e-01,
9173,8.00e-02,-8.00e-01,
9174,8.00e-02,-8.00e-01,
9175,8.00e-02,-8.00e-01,
9176,6.40e-02,-8.00e-01,
9177,8.00e-02,-8.00e-01,
9178,8.00e-02,-1.60e+00,
9179,8.00e-02,-8.00e-01,
9180,6.40e-02,-8.00e-01,
9181,8.00e-02,-8.00e-01,
9182,8.00e-02,-8.00e-01,
9183,8.00e-02,-8.00e-01,
9184,6.40e-02,-8.00e-01,
9185,8.00e-02,-8.00e-01,
9186,6.40e-02,-8.00e-01,
9187,8.00e-02,-8.00e-01,
9188,6.40e-02,-8.00e-01,
9189,8.00e-02,-8.00e-01,
9190,8.00e-02,-8.00e-01,
9191,8.00e-02,-8.00e-01,
9192,8.00e-02,-8.00e-01,
9193,8.00e-02,-1.60e+00,
9194,8.00e-02,-8.00e-01,
9195,8.00e-02,-8.00e-01,
9196,8.00e-02,-8.00e-01,
9197,8.00e-02,-8.00e-01,
9198,8.00e-02,-8.00e-01,
9199,8.00e-02,-8.00e-01,
9200,8.00e-02,-8.00e-01,
9201,8.00e-02,-8.00e-01,
9202,8.00e-02,-8.00e-01,
9203,8.00e-02,-8.00e-01,
9204,8.00e-02,-8.00e-01,
9205,8.00e-02,-8.00e-01,
9206,8.00e-02,-1.60e+00,
9207,8.00e-02,-8.00e-01,
9208,8.00e-02,-8.00e-01,
9209,8.00e-02,-1.60e+00,
9210,8.00e-02,-8.00e-01,
9211,8.00e-02,-8.00e-01,
9212,8.00e-02,-8.00e-01,
9213,8.00e-02,-8.00e-01,
9214,8.00e-02,-8.00e-01,
9215,8.00e-02,-8.00e-01,
9216,8.00e-02,-8.00e-01,
9217,8.00e-02,-1.60e+00,
9218,8.00e-02,-8.00e-01,
9219,8.00e-02,-1.60e+00,
9220,8.00e-02,-1.06e-04,
9221,8.80e-02,-8.00e-01,
9222,8.00e-02,-1.60e+00,
9223,8.00e-02,-8.00e-01,
9224,8.00e-02,-8.00e-01,
9225,8.80e-02,-8.00e-01,
9226,8.00e-02,-8.00e-01,
9227,8.00e-02,-8.00e-01,
9228,8.00e-02,-8.00e-01,
9229,8.80e-02,-8.00e-01,
9230,8.00e-02,-8.00e-01,
9231,8.00e-02,-8.00e-01,
9232,8.00e-02,-8.00e-01,
9233,8.00e-02,-1.60e+00,
9234,8.00e-02,-8.00e-01,
9235,8.00e-02,-8.00e-01,
9236,8.00e-02,-8.00e-01,
9237,8.80e-02,-8.00e-01,
9238,8.00e-02,-1.60e+00,
9239,8.00e-02,-8.00e-01,
9240,8.00e-02,-8.00e-01,
9241,8.80e-02,-8.00e-01,
9242,8.00e-02,-8.00e-01,
9243,8.00e-02,-8.00e-01,
9244,8.00e-02,-8.00e-01,
9245,8.80e-02,-8.00e-01,
9246,8.00e-02,-8.00e-01,
9247,8.00e-02,-8.00e-01,
9248,8.00e-02,-8.00e-01,
9249,8.80e-02,-8.00e-01,
9250,8.00e-02,-8.00e-01,
9251,8.00e-02,-8.00e-01,
9252,8.00e-02,-8.00e-01,
9253,8.80e-02,-8.00e-01,
9254,8.80e-02,-8.00e-01,
9255,8.80e-02,-8.00e-01,
9256,8.00e-02,-8.00e-01,
9257,8.80e-02,-8.00e-01,
9258,8.00e-02,-1.60e+00,
9259,8.80e-02,-8.00e-01,
9260,8.00e-02,-8.00e-01,
9261,8.80e-02,-8.00e-01,
9262,8.00e-02,-8.00e-01,
9263,8.80e-02,-8.00e-01,
9264,8.80e-02,-8.00e-01,
9265,8.80e-02,-8.00e-01,
9266,8.00e-02,-8.00e-01,
9267,8.80e-02,-8.00e-01,
9268,8.00e-02,-8.00e-01,
9269,8.80e-02,-8.00e-01,
9270,8.80e-02,-8.00e-01,
9271,8.00e-02,-8.00e-01,
9272,8.00e-02,-8.00e-01,
9273,8.80e-02,-8.00e-01,
9274,8.80e-02,-8.00e-01,
9275,8.80e-02,-8.00e-01,
9276,8.00e-02,-8.00e-01,
9277,8.80e-02,-8.00e-01,
9278,8.80e-02,-1.60e+00,
9279,8.80e-02,-8.00e-01,
9280,8.80e-02,-8.00e-01,
9281,8.80e-02,-8.00e-01,
9282,8.80e-02,-8.00e-01,
9283,8.80e-02,-8.00e-01,
9284,8.00e-02,-8.00e-01,
9285,8.80e-02,-8.00e-01,
9286,8.80e-02,-8.00e-01,
9287,8.80e-02,-8.00e-01,
9288,8.00e-02,-8.00e-01,
9289,8.80e-02,-8.00e-01,
9290,8.80e-02,-8.00e-01,
9291,8.80e-02,-8.00e-01,
9292,8.00e-02,-8.00e-01,
9293,8.80e-02,-8.00e-01,
9294,8.80e-02,-8.00e-01,
9295,8.80e-02,-8.00e-01,
9296,8.80e-02,-8.00e-01,
9297,8.80e-02,-8.00e-01,
9298,8.80e-02,-8.00e-01,
9299,8.80e-02,-8.00e-01,
9300,8.80e-02,-8.00e-01,
9301,8.80e-02,-8.00e-01,
9302,8.80e-02,-8.00e-01,
9303,8.80e-02,-8.00e-01,
9304,8.80e-02,-8.00e-01,
9305,8.80e-02,-8.00e-01,
9306,8.80e-02,-1.60e+00,
9307,8.80e-02,-8.00e-01,
9308,8.80e-02,-8.00e-01,
9309,9.60e-02,-8.00e-01,
9310,8.80e-02,-8.00e-01,
9311,8.80e-02,-8.00e-01,
9312,8.80e-02,-8.00e-01,
9313,9.60e-02,-8.00e-01,
9314,8.80e-02,-1.60e+00,
9315,8.80e-02,-8.00e-01,
9316,8.80e-02,-8.00e-01,
9317,9.60e-02,-8.00e-01,
9318,8.80e-02,-8.00e-01,
9319,8.80e-02,-8.00e-01,
9320,8.80e-02,-8.00e-01,
9321,9.60e-02,-8.00e-01,
9322,8.80e-02,-1.60e+00,
9323,8.80e-02,-8.00e-01,
9324,8.80e-02,-8.00e-01,
9325,9.60e-02,-8.00e-01,
9326,8.80e-02,-1.60e+00,
9327,8.80e-02,-8.00e-01,
9328,8.80e-02,-8.00e-01,
9329,9.60e-02,-8.00e-01,
9330,8.80e-02,-8.00e-01,
9331,8.80e-02,-8.00e-01,
9332,8.80e-02,-8.00e-01,
9333,9.60e-02,-8.00e-01,
9334,8.80e-02,-8.00e-01,
9335,8.80e-02,-8.00e-01,
9336,8.80e-02,-8.00e-01,
9337,9.60e-02,-8.00e-01,
9338,8.80e-02,-1.60e+00,
9339,9.60e-02,-8.00e-01,
9340,8.80e-02,-8.00e-01,
9341,9.60e-02,-8.00e-01,
9342,8.80e-02,-8.00e-01,
9343,9.60e-02,-8.00e-01,
9344,8.80e-02,-8.00e-01,
9345,9.60e-02,-8.00e-01,
9346,9.60e-02,-8.00e-01,
9347,9.60e-02,-8.00e-01,
9348,8.80e-02,-8.00e-01,
9349,9.60e-02,-8.00e-01,
9350,9.60e-02,-8.00e-01,
9351,9.60e-02,-8.00e-01,
9352,8.80e-02,-8.00e-01,
9353,9.60e-02,-8.00e-01,
9354,8.80e-02,-8.00e-01,
9355,9.60e-02,-8.00e-01,
9356,8.80e-02,-8.00e-01,
9357,9.60e-02,-8.00e-01,
9358,9.60e-02,-8.00e-01,
9359,9.60e-02,-8.00e-01,
9360,8.80e-02,-8.00e-01,
9361,9.60e-02,-8.00e-01,
9362,9.60e-02,-8.00e-01,
9363,9.60e-02,-8.00e-01,
9364,8.80e-02,-8.00e-01,
9365,9.60e-02,-8.00e-01,
9366,9.60e-02,-8.00e-01,
9367,9.60e-02,-8.00e-01,
9368,9.60e-02,-8.00e-01,
9369,9.60e-02,-8.00e-01,
9370,9.60e-02,-8.00e-01,
9371,9.60e-02,-8.00e-01,
9372,8.80e-02,-8.00e-01,
9373,9.60e-02,-8.00e-01,
9374,9.60e-02,-8.00e-01,
9375,9.60e-02,-8.00e-01,
9376,9.60e-02,-8.00e-01,
9377,9.60e-02,-8.00e-01,
9378,9.60e-02,-1.60e+00,
9379,9.60e-02,-8.00e-01,
9380,8.80e-02,-8.00e-01,
9381,9.60e-02,-8.00e-01,
9382,9.60e-02,-8.00e-01,
9383,9.60e-02,-8.00e-01,
9384,9.60e-02,-8.00e-01,
9385,9.60e-02,-8.00e-01,
9386,9.60e-02,-1.60e+00,
9387,9.60e-02,-8.00e-01,
9388,8.80e-02,-8.00e-01,
9389,9.60e-02,-8.00e-01,
9390,9.60e-02,-8.00e-01,
9391,9.60e-02,-8.00e-01,
9392,9.60e-02,-8.00e-01,
9393,9.60e-02,-8.00e-01,
9394,9.60e-02,-8.00e-01,
9395,9.60e-02,-8.00e-01,
9396,9.60e-02,-8.00e-01,
9397,9.60e-02,-8.00e-01,
9398,9.60e-02,-1.60e+00,
9399,9.60e-02,-8.00e-01,
9400,9.60e-02,-8.00e-01,
9401,1.04e-01,-8.00e-01,
9402,9.60e-02,-8.00e-01,
9403,9.60e-02,-8.00e-01,
9404,9.60e-02,-8.00e-01,
9405,1.04e-01,-8.00e-01,
9406,9.60e-02,-8.00e-01,
9407,9.60e-02,-8.00e-01,
9408,9.60e-02,-8.00e-01,
9409,9.60e-02,-8.00e-01,
9410,9.60e-02,-8.00e-01,
9411,9.60e-02,-8.00e-01,
9412,9.60e-02,-8.00e-01,
9413,1.04e-01,-8.00e-01,
9414,9.60e-02,-8.00e-01,
9415,9.60e-02,-8.00e-01,
9416,9.60e-02,-8.00e-01,
9417,1.04e-01,-1.60e+00,
9418,9.60e-02,-8.00e-01,
9419,1.04e-01,-1.60e+00,
9420,9.60e-02,-1.06e-04,
9421,1.04e-01,-8.00e-01,
9422,9.60e-02,-1.60e+00,
9423,9.60e-02,-1.06e-04,
9424,9.60e-02,-8.00e-01,
9425,1.04e-01,-8.00e-01,
9426,9.60e-02,-8.00e-01,
9427,1.04e-01,-8.00e-01,
9428,9.60e-02,-8.00e-01,
9429,1.04e-01,-8.00e-01,
9430,9.60e-02,-8.00e-01,
9431,9.60e-02,-8.00e-01,
9432,9.60e-02,-8.00e-01,
9433,1.04e-01,-8.00e-01,
9434,1.04e-01,-8.00e-01,
9435,1.04e-01,-8.00e-01,
9436,9.60e-02,-8.00e-01,
9437,1.04e-01,-8.00e-01,
9438,1.04e-01,-1.60e+00,
9439,1.04e-01,-8.00e-01,
9440,9.60e-02,-8.00e-01,
9441,1.04e-01,-8.00e-01,
9442,9.60e-02,-8.00e-01,
9443,1.04e-01,-8.00e-01,
9444,9.60e-02,-8.00e-01,
9445,1.04e-01,-8.00e-01,
9446,1.04e-01,-8.00e-01,
9447,1.04e-01,-8.00e-01,
9448,9.60e-02,-8.00e-01,
9449,1.04e-01,-8.00e-01,
9450,1.04e-01,-8.00e-01,
9451,1.04e-01,-8.00e-01,
9452,9.60e-02,-8.00e-01,
9453,1.04e-01,-8.00e-01,
9454,1.04e-01,-8.00e-01,
9455,1.04e-01,-8.00e-01,
9456,1.04e-01,-8.00e-01,
9457,1.04e-01,-8.00e-01,
9458,1.04e-01,-1.60e+00,
9459,1.04e-01,-8.00e-01,
9460,1.04e-01,-8.00e-01,
9461,1.04e-01,-8.00e-01,
9462,1.04e-01,-8.00e-01,
9463,1.04e-01,-8.00e-01,
9464,1.04e-01,-8.00e-01,
9465,1.04e-01,-1.60e+00,
9466,1.04e-01,-8.00e-01,
9467,1.04e-01,-8.00e-01,
9468,1.04e-01,-8.00e-01,
9469,1.04e-01,-8.00e-01,
9470,1.04e-01,-8.00e-01,
9471,1.04e-01,-8.00e-01,
9472,1.04e-01,-8.00e-01,
9473,1.04e-01,-8.00e-01,
9474,1.04e-01,-8.00e-01,
9475,1.04e-01,-8.00e-01,
9476,1.04e-01,-8.00e-01,
9477,1.04e-01,-8.00e-01,
9478,1.04e-01,-1.60e+00,
9479,1.04e-01,-8.00e-01,
9480,1.04e-01,-8.00e-01,
9481,1.04e-01,-8.00e-01,
9482,1.04e-01,-8.00e-01,
9483,1.04e-01,-8.00e-01,
9484,1.04e-01,-8.00e-01,
9485,1.12e-01,-8.00e-01,
9486,1.04e-01,-8.00e-01,
9487,1.04e-01,-8.00e-01,
9488,1.04e-01,-8.00e-01,
9489,1.12e-01,-8.00e-01,
9490,1.04e-01,-8.00e-01,
9491,1.04e-01,-8.00e-01,
9492,1.04e-01,-8.00e-01,
9493,1.12e-01,-8.00e-01,
9494,1.04e-01,-8.00e-01,
9495,1.04e-01,-8.00e-01,
9496,1.04e-01,-8.00e-01,
9497,1.12e-01,-8.00e-01,
9498,1.04e-01,-1.60e+00,
9499,1.04e-01,-8.00e-01,
9500,1.04e-01,-8.00e-01,
9501,1.12e-01,-8.00e-01,
9502,1.04e-01,-8.00e-01,
9503,1.04e-01,-8.00e-01,
9504,1.04e-01,-8.00e-01,
9505,1.12e-01,-8.00e-01,
9506,1.04e-01,-8.00e-01,
9507,1.12e-01,-8.00e-01,
9508,1.04e-01,-8.00e-01,
9509,1.12e-01,-8.00e-01,
9510,1.04e-01,-8.00e-01,
9511,1.04e-01,-8.00e-01,
9512,1.04e-01,-8.00e-01,
9513,1.12e-01,-8.00e-01,
9514,1.04e-01,-8.00e-01,
9515,1.04e-01,-8.00e-01,
9516,1.04e-01,-8.00e-01,
9517,1.12e-01,-8.00e-01,
9518,1.04e-01,-8.00e-01,
9519,1.04e-01,-8.00e-01,
9520,1.04e-01,-8.00e-01,
9521,1.12e-01,-8.00e-01,
9522,1.04e-01,-8.00e-01,
9523,1.12e-01,-8.00e-01,
9524,1.04e-01,-8.00e-01,
9525,1.12e-01,-8.00e-01,
9526,1.12e-01,-8.00e-01,
9527,1.12e-01,-8.00e-01,
9528,1.04e-01,-8.00e-01,
9529,1.12e-01,-8.00e-01,
9530,1.12e-01,-8.00e-01,
9531,1.12e-01,-8.00e-01,
9532,1.04e-01,-8.00e-01,
9533,1.12e-01,-8.00e-01,
9534,1.12e-01,-8.00e-01,
9535,1.12e-01,-8.00e-01,
9536,1.04e-01,-8.00e-01,
9537,1.12e-01,-8.00e-01,
9538,1.12e-01,-1.60e+00,
9539,1.12e-01,-8.00e-01,
9540,1.04e-01,-8.00e-01,
9541,1.12e-01,-8.00e-01,
9542,1.12e-01,-8.00e-01,
9543,1.12e-01,-8.00e-01,
9544,1.12e-01,-8.00e-01,
9545,1.12e-01,-8.00e-01,
9546,1.12e-01,-8.00e-01,
9547,1.12e-01,-8.00e-01,
9548,1.12e-01,-8.00e-01,
9549,1.12e-01,-8.00e-01,
9550,1.12e-01,-8.00e-01,
9551,1.12e-01,-8.00e-01,
9552,1.12e-01,-8.00e-01,
9553,1.12e-01,-8.00e-01,
9554,1.12e-01,-8.00e-01,
9555,1.12e-01,-8.00e-01,
9556,1.12e-01,-8.00e-01,
9557,1.12e-01,-8.00e-01,
9558,1.12e-01,-8.00e-01,
9559,1.12e-01,-8.00e-01,
9560,1.12e-01,-8.00e-01,
9561,1.12e-01,-8.00e-01,
9562,1.12e-01,-8.00e-01,
9563,1.12e-01,-8.00e-01,
9564,1.12e-01,-8.00e-01,
9565,1.12e-01,-8.00e-01,
9566,1.12e-01,-8.00e-01,
9567,1.12e-01,-8.00e-01,
9568,1.12e-01,-8.00e-01,
9569,1.20e-01,-8.00e-01,
9570,1.12e-01,-8.00e-01,
9571,1.12e-01,-8.00e-01,
9572,1.12e-01,-8.00e-01,
9573,1.20e-01,-8.00e-01,
9574,1.12e-01,-8.00e-01,
9575,1.12e-01,-8.00e-01,
9576,1.12e-01,-8.00e-01,
9577,1.20e-01,-8.00e-01,
9578,1.12e-01,-8.00e-01,
9579,1.12e-01,-8.00e-01,
9580,1.12e-01,-8.00e-01,
9581,1.20e-01,-8.00e-01,
9582,1.12e-01,-8.00e-01,
9583,1.12e-01,-8.00e-01,
9584,1.12e-01,-8.00e-01,
9585,1.20e-01,-8.00e-01,
9586,1.12e-01,-8.00e-01,
9587,1.12e-01,-8.00e-01,
9588,1.12e-01,-8.00e-01,
9589,1.20e-01,-8.00e-01,
9590,1.12e-01,-8.00e-01,
9591,1.20e-01,-8.00e-01,
9592,1.12e-01,-8.00e-01,
9593,1.20e-01,-8.00e-01,
9594,1.12e-01,-8.00e-01,
9595,1.12e-01,-8.00e-01,
9596,1.12e-01,-8.00e-01,
9597,1.20e-01,-8.00e-01,
9598,1.12e-01,-8.00e-01,
9599,1.12e-01,-8.00e-01,
9600,1.12e-01,-8.00e-01,
9601,1.20e-01,-8.00e-01,
9602,1.12e-01,-8.00e-01,
9603,1.20e-01,-8.00e-01,
9604,1.12e-01,-8.00e-01,
9605,1.20e-01,-8.00e-01,
9606,1.12e-01,-8.00e-01,
9607,1.20e-01,-8.00e-01,
9608,1.12e-01,-8.00e-01,
9609,1.20e-01,-8.00e-01,
9610,1.20e-01,-8.00e-01,
9611,1.20e-01,-8.00e-01,
9612,1.12e-01,-1.06e-04,
9613,1.20e-01,-8.00e-01,
9614,1.20e-01,-8.00e-01,
9615,1.20e-01,-8.00e-01,
9616,1.12e-01,-8.00e-01,
9617,1.20e-01,-1.60e+00,
9618,1.12e-01,-8.00e-01,
9619,1.20e-01,-1.60e+00,
9620,1.12e-01,-1.06e-04,
9621,1.20e-01,-8.00e-01,
9622,1.20e-01,-1.60e+00,
9623,1.20e-01,-1.06e-04,
9624,1.12e-01,-8.00e-01,
9625,1.20e-01,-8.00e-01,
9626,1.20e-01,-8.00e-01,
9627,1.20e-01,-8.00e-01,
9628,1.12e-01,-8.00e-01,
9629,1.20e-01,-8.00e-01,
9630,1.20e-01,-8.00e-01,
9631,1.20e-01,-8.00e-01,
9632,1.12e-01,-8.00e-01,
9633,1.20e-01,-8.00e-01,
9634,1.20e-01,-8.00e-01,
9635,1.20e-01,-8.00e-01,
9636,1.20e-01,-8.00e-01,
9637,1.20e-01,-8.00e-01,
9638,1.20e-01,-8.00e-01,
9639,1.20e-01,-8.00e-01,
9640,1.12e-01,-8.00e-01,
9641,1.20e-01,-8.00e-01,
9642,1.20e-01,-8.00e-01,
9643,1.20e-01,-8.00e-01,
9644,1.20e-01,-8.00e-01,
9645,1.20e-01,-8.00e-01,
9646,1.20e-01,-8.00e-01,
9647,1.20e-01,-8.00e-01,
9648,1.20e-01,-8.00e-01,
9649,1.28e-01,-8.00e-01,
9650,1.20e-01,-8.00e-01,
9651,1.20e-01,-8.00e-01,
9652,1.20e-01,-8.00e-01,
9653,1.20e-01,-8.00e-01,
9654,1.20e-01,-8.00e-01,
9655,1.20e-01,-8.00e-01,
9656,1.20e-01,-8.00e-01,
9657,1.20e-01,-8.00e-01,
9658,1.20e-01,-1.60e+00,
9659,1.20e-01,-8.00e-01,
9660,1.20e-01,-8.00e-01,
9661,1.28e-01,-8.00e-01,
9662,1.20e-01,-8.00e-01,
9663,1.20e-01,-8.00e-01,
9664,1.20e-01,-8.00e-01,
9665,1.28e-01,-8.00e-01,
9666,1.20e-01,-8.00e-01,
9667,1.20e-01,-8.00e-01,
9668,1.20e-01,-8.00e-01,
9669,1.28e-01,-8.00e-01,
9670,1.20e-01,-8.00e-01,
9671,1.28e-01,-8.00e-01,
9672,1.20e-01,-8.00e-01,
9673,1.28e-01,-8.00e-01,
9674,1.20e-01,-8.00e-01,
9675,1.20e-01,-8.00e-01,
9676,1.20e-01,-8.00e-01,
9677,1.28e-01,-8.00e-01,
9678,1.20e-01,-8.00e-01,
9679,1.20e-01,-8.00e-01,
9680,1.20e-01,-8.00e-01,
9681,1.28e-01,-8.00e-01,
9682,1.20e-01,-8.00e-01,
9683,1.28e-01,-8.00e-01,
9684,1.20e-01,-8.00e-01,
9685,1.28e-01,-8.00e-01,
9686,1.20e-01,-8.00e-01,
9687,1.20e-01,-8.00e-01,
9688,1.20e-01,-8.00e-01,
9689,1.28e-01,-8.00e-01,
9690,1.20e-01,-8.00e-01,
9691,1.28e-01,-8.00e-01,
9692,1.20e-01,-8.00e-01,
9693,1.28e-01,-8.00e-01,
9694,1.28e-01,-8.00e-01,
9695,1.20e-01,-8.00e-01,
9696,1.20e-01,-8.00e-01,
9697,1.28e-01,-8.00e-01,
9698,1.20e-01,-8.00e-01,
9699,1.28e-01,-8.00e-01,
9700,1.20e-01,-8.00e-01,
9701,1.28e-01,-8.00e-01,
9702,1.20e-01,-8.00e-01,
9703,1.28e-01,-8.00e-01,
9704,1.20e-01,-8.00e-01,
9705,1.28e-01,-8.00e-01,
9706,1.28e-01,-8.00e-01,
9707,1.28e-01,-8.00e-01,
9708,1.20e-01,-8.00e-01,
9709,1.28e-01,-8.00e-01,
9710,1.28e-01,-8.00e-01,
9711,1.28e-01,-8.00e-01,
9712,1.20e-01,-8.00e-01,
9713,1.28e-01,-8.00e-01,
9714,1.28e-01,-8.00e-01,
9715,1.28e-01,-8.00e-01,
9716,1.20e-01,-8.00e-01,
9717,1.28e-01,-8.00e-01,
9718,1.28e-01,-8.00e-01,
9719,1.28e-01,-8.00e-01,
9720,1.28e-01,-8.00e-01,
9721,1.28e-01,-8.00e-01,
9722,1.20e-01,-8.00e-01,
9723,1.28e-01,-8.00e-01,
9724,1.20e-01,-8.00e-01,
9725,1.28e-01,-8.00e-01,
9726,1.28e-01,-8.00e-01,
9727,1.28e-01,-8.00e-01,
9728,1.20e-01,-8.00e-01,
9729,1.28e-01,-8.00e-01,
9730,1.20e-01,-8.00e-01,
9731,1.28e-01,-8.00e-01,
9732,1.28e-01,-8.00e-01,
9733,1.28e-01,-8.00e-01,
9734,1.28e-01,-8.00e-01,
9735,1.28e-01,-8.00e-01,
9736,1.28e-01,-8.00e-01,
9737,1.28e-01,-8.00e-01,
9738,1.28e-01,-8.00e-01,
9739,1.28e-01,-8.00e-01,
9740,1.20e-01,-8.00e-01,
9741,1.28e-01,-8.00e-01,
9742,1.28e-01,-8.00e-01,
9743,1.28e-01,-8.00e-01,
9744,1.28e-01,-8.00e-01,
9745,1.28e-01,-8.00e-01,
9746,1.28e-01,-8.00e-01,
9747,1.28e-01,-8.00e-01,
9748,1.28e-01,-8.00e-01,
9749,1.28e-01,-8.00e-01,
9750,1.28e-01,-8.00e-01,
9751,1.28e-01,-8.00e-01,
9752,1.28e-01,-8.00e-01,
9753,1.36e-01,-8.00e-01,
9754,1.28e-01,-8.00e-01,
9755,1.28e-01,-8.00e-01,
9756,1.28e-01,-8.00e-01,
9757,1.36e-01,-8.00e-01,
9758,1.28e-01,-8.00e-01,
9759,1.28e-01,-8.00e-01,
9760,1.28e-01,-8.00e-01,
9761,1.36e-01,-8.00e-01,
9762,1.28e-01,-8.00e-01,
9763,1.28e-01,-8.00e-01,
9764,1.28e-01,-8.00e-01,
9765,1.36e-01,-8.00e-01,
9766,1.28e-01,-8.00e-01,
9767,1.28e-01,-8.00e-01,
9768,1.28e-01,-8.00e-01,
9769,1.36e-01,-8.00e-01,
9770,1.28e-01,-8.00e-01,
9771,1.28e-01,-8.00e-01,
9772,1.28e-01,-8.00e-01,
9773,1.36e-01,-8.00e-01,
9774,1.28e-01,-8.00e-01,
9775,1.28e-01,-8.00e-01,
9776,1.28e-01,-8.00e-01,
9777,1.36e-01,-8.00e-01,
9778,1.28e-01,-8.00e-01,
9779,1.28e-01,-8.00e-01,
9780,1.28e-01,-8.00e-01,
9781,1.36e-01,-8.00e-01,
9782,1.36e-01,-8.00e-01,
9783,1.28e-01,-8.00e-01,
9784,1.28e-01,-8.00e-01,
9785,1.36e-01,-8.00e-01,
9786,1.28e-01,-8.00e-01,
9787,1.36e-01,-8.00e-01,
9788,1.28e-01,-8.00e-01,
9789,1.36e-01,-8.00e-01,
9790,1.36e-01,-8.00e-01,
9791,1.36e-01,-8.00e-01,
9792,1.28e-01,-8.00e-01,
9793,1.36e-01,-8.00e-01,
9794,1.28e-01,-8.00e-01,
9795,1.36e-01,-8.00e-01,
9796,1.28e-01,-8.00e-01,
9797,1.36e-01,-8.00e-01,
9798,1.36e-01,-8.00e-01,
9799,1.36e-01,-8.00e-01,
9800,1.28e-01,-8.00e-01,
9801,1.36e-01,-8.00e-01,
9802,1.36e-01,-8.00e-01,
9803,1.36e-01,-8.00e-01,
9804,1.28e-01,-8.00e-01,
9805,1.36e-01,-8.00e-01,
9806,1.36e-01,-8.00e-01,
9807,1.36e-01,-8.00e-01,
9808,1.28e-01,-8.00e-01,
9809,1.36e-01,-8.00e-01,
9810,1.36e-01,-8.00e-01,
9811,1.36e-01,-8.00e-01,
9812,1.28e-01,-8.00e-01,
9813,1.36e-01,-8.00e-01,
9814,1.36e-01,-8.00e-01,
9815,1.36e-01,-8.00e-01,
9816,1.28e-01,-8.00e-01,
9817,1.44e-01,-1.60e+00,
9818,1.36e-01,-1.06e-04,
9819,1.36e-01,-1.60e+00,
9820,1.28e-01,-1.06e-04,
9821,1.36e-01,-8.00e-01,
9822,1.36e-01,-1.60e+00,
9823,1.36e-01,-1.06e-04,
9824,1.36e-01,-8.00e-01,
9825,1.36e-01,-8.00e-01,
9826,1.36e-01,-8.00e-01,
9827,1.36e-01,-8.00e-01,
9828,1.28e-01,-8.00e-01,
9829,1.36e-01,-8.00e-01,
9830,1.36e-01,-8.00e-01,
9831,1.36e-01,-8.00e-01,
9832,1.36e-01,-8.00e-01,
9833,1.36e-01,-8.00e-01,
9834,1.36e-01,-8.00e-01,
9835,1.36e-01,-8.00e-01,
9836,1.36e-01,-8.00e-01,
9837,1.36e-01,-8.00e-01,
9838,1.36e-01,-8.00e-01,
9839,1.36e-01,-8.00e-01,
9840,1.36e-01,-8.00e-01,
9841,1.36e-01,-8.00e-01,
9842,1.36e-01,-8.00e-01,
9843,1.36e-01,-8.00e-01,
9844,1.36e-01,-8.00e-01,
9845,1.44e-01,-8.00e-01,
9846,1.36e-01,-8.00e-01,
9847,1.36e-01,-8.00e-01,
9848,1.36e-01,-8.00e-01,
9849,1.44e-01,-8.00e-01,
9850,1.36e-01,-8.00e-01,
9851,1.36e-01,-8.00e-01,
9852,1.36e-01,-8.00e-01,
9853,1.44e-01,-8.00e-01,
9854,1.36e-01,-8.00e-01,
9855,1.36e-01,-8.00e-01,
9856,1.36e-01,-8.00e-01,
9857,1.44e-01,-8.00e-01,
9858,1.36e-01,-1.60e+00,
9859,1.36e-01,-8.00e-01,
9860,1.36e-01,-8.00e-01,
9861,1.44e-01,-8.00e-01,
9862,1.36e-01,-8.00e-01,
9863,1.36e-01,-8.00e-01,
9864,1.36e-01,-8.00e-01,
9865,1.44e-01,-8.00e-01,
9866,1.36e-01,-8.00e-01,
9867,1.36e-01,-8.00e-01,
9868,1.36e-01,-8.00e-01,
9869,1.44e-01,-8.00e-01,
9870,1.44e-01,-8.00e-01,
9871,1.36e-01,-8.00e-01,
9872,1.36e-01,-8.00e-01,
9873,1.44e-01,-8.00e-01,
9874,1.36e-01,-8.00e-01,
9875,1.44e-01,-8.00e-01,
9876,1.36e-01,-8.00e-01,
9877,1.44e-01,-8.00e-01,
9878,1.44e-01,-8.00e-01,
9879,1.44e-01,-8.00e-01,
9880,1.36e-01,-1.06e-04,
9881,1.44e-01,-8.00e-01,
9882,1.36e-01,-8.00e-01,
9883,1.44e-01,-8.00e-01,
9884,1.36e-01,-8.00e-01,
9885,1.44e-01,-8.00e-01,
9886,1.36e-01,-8.00e-01,
9887,1.44e-01,-8.00e-01,
9888,1.36e-01,-8.00e-01,
9889,1.44e-01,-8.00e-01,
9890,1.44e-01,-8.00e-01,
9891,1.44e-01,-8.00e-01,
9892,1.36e-01,-8.00e-01,
9893,1.44e-01,-8.00e-01,
9894,1.44e-01,-8.00e-01,
9895,1.44e-01,-8.00e-01,
9896,1.36e-01,-8.00e-01,
9897,1.44e-01,-8.00e-01,
9898,1.44e-01,-8.00e-01,
9899,1.44e-01,-8.00e-01,
9900,1.36e-01,-8.00e-01,
9901,1.44e-01,-8.00e-01,
9902,1.44e-01,-8.00e-01,
9903,1.44e-01,-8.00e-01,
9904,1.44e-01,-8.00e-01,
9905,1.44e-01,-8.00e-01,
9906,1.44e-01,-8.00e-01,
9907,1.44e-01,-8.00e-01,
9908,1.44e-01,-8.00e-01,
9909,1.44e-01,-8.00e-01,
9910,1.44e-01,-8.00e-01,
9911,1.44e-01,-8.00e-01,
9912,1.36e-01,-8.00e-01,
9913,1.44e-01,-8.00e-01,
9914,1.44e-01,-8.00e-01,
9915,1.44e-01,-8.00e-01,
9916,1.44e-01,-8.00e-01,
9917,1.44e-01,-8.00e-01,
9918,1.44e-01,-8.00e-01,
9919,1.44e-01,-8.00e-01,
9920,1.44e-01,-8.00e-01,
9921,1.44e-01,-8.00e-01,
9922,1.44e-01,-8.00e-01,
9923,1.44e-01,-8.00e-01,
9924,1.44e-01,-8.00e-01,
9925,1.44e-01,-8.00e-01,
9926,1.44e-01,-8.00e-01,
9927,1.44e-01,-8.00e-01,
9928,1.44e-01,-8.00e-01,
9929,1.44e-01,-8.00e-01,
9930,1.44e-01,-8.00e-01,
9931,1.44e-01,-8.00e-01,
9932,1.44e-01,-8.00e-01,
9933,1.44e-01,-8.00e-01,
9934,1.44e-01,-8.00e-01,
9935,1.44e-01,-8.00e-01,
9936,1.44e-01,-8.00e-01,
9937,1.44e-01,-8.00e-01,
9938,1.44e-01,-8.00e-01,
9939,1.44e-01,-8.00e-01,
9940,1.44e-01,-8.00e-01,
9941,1.52e-01,-8.00e-01,
9942,1.44e-01,-8.00e-01,
9943,1.44e-01,-8.00e-01,
9944,1.44e-01,-8.00e-01,
9945,1.52e-01,-8.00e-01,
9946,1.44e-01,-8.00e-01,
9947,1.44e-01,-8.00e-01,
9948,1.44e-01,-8.00e-01,
9949,1.52e-01,-8.00e-01,
9950,1.44e-01,-8.00e-01,
9951,1.44e-01,-8.00e-01,
9952,1.44e-01,-8.00e-01,
9953,1.52e-01,-8.00e-01,
9954,1.44e-01,-8.00e-01,
9955,1.44e-01,-8.00e-01,
9956,1.44e-01,-8.00e-01,
9957,1.52e-01,-8.00e-01,
9958,1.44e-01,-8.00e-01,
9959,1.44e-01,-8.00e-01,
9960,1.44e-01,-8.00e-01,
9961,1.52e-01,-8.00e-01,
9962,1.44e-01,-8.00e-01,
9963,1.52e-01,-8.00e-01,
9964,1.44e-01,-8.00e-01,
9965,1.52e-01,-8.00e-01,
9966,1.52e-01,-8.00e-01,
9967,1.52e-01,-8.00e-01,
9968,1.44e-01,-8.00e-01,
9969,1.52e-01,-8.00e-01,
9970,1.44e-01,-8.00e-01,
9971,1.52e-01,-8.00e-01,
9972,1.44e-01,-8.00e-01,
9973,1.52e-01,-8.00e-01,
9974,1.52e-01,-8.00e-01,
9975,1.52e-01,-8.00e-01,
9976,1.44e-01,-8.00e-01,
9977,1.52e-01,-8.00e-01,
9978,1.44e-01,-8.00e-01,
9979,1.52e-01,-8.00e-01,
9980,1.44e-01,-8.00e-01,
9981,1.52e-01,-8.00e-01,
9982,1.52e-01,-8.00e-01,
9983,1.52e-01,-8.00e-01,
9984,1.44e-01,-8.00e-01,
9985,1.52e-01,-8.00e-01,
9986,1.52e-01,-8.00e-01,
9987,1.52e-01,-8.00e-01,
9988,1.44e-01,-8.00e-01,
9989,1.52e-01,-8.00e-01,
9990,1.52e-01,-8.00e-01,
9991,1.52e-01,-8.00e-01,
9992,1.44e-01,-1.06e-04,
9993,1.52e-01,-8.00e-01,
9994,1.52e-01,-8.00e-01,
9995,1.52e-01,-8.00e-01,
9996,1.52e-01,-8.00e-01,
9997,1.52e-01,-8.00e-01,
9998,1.52e-01,-8.00e-01,
9999,1.52e-01,-8.00e-01,
10000,1.44e-01,-8.00e-01,
10001,1.52e-01,-8.00e-01,
10002,1.52e-01,-8.00e-01,
10003,1.52e-01,-8.00e-01,
10004,1.52e-01,-8.00e-01,
10005,1.52e-01,-8.00e-01,
10006,1.52e-01,-8.00e-01,
10007,1.52e-01,-8.00e-01,
10008,1.52e-01,-8.00e-01,
10009,1.52e-01,-8.00e-01,
10010,1.52e-01,-8.00e-01,
10011,1.52e-01,-8.00e-01,
10012,1.44e-01,-8.00e-01,
10013,1.60e-01,-8.00e-01,
10014,1.52e-01,-8.00e-01,
10015,1.52e-01,-8.00e-01,
10016,1.52e-01,-8.00e-01,
10017,1.60e-01,-8.00e-01,
10018,1.44e-01,-8.00e-01,
10019,1.60e-01,-1.60e+00,
10020,1.52e-01,-1.06e-04,
10021,1.60e-01,-8.00e-01,
10022,1.52e-01,-1.60e+00,
10023,1.52e-01,-1.06e-04,
10024,1.52e-01,-8.00e-01,
10025,1.60e-01,-8.00e-01,
10026,1.52e-01,-8.00e-01,
10027,1.52e-01,-8.00e-01,
10028,1.52e-01,-1.06e-04,
10029,1.60e-01,-8.00e-01,
10030,1.52e-01,-8.00e-01,
10031,1.52e-01,-8.00e-01,
10032,1.52e-01,-1.06e-04,
10033,1.60e-01,-8.00e-01,
10034,1.52e-01,-8.00e-01,
10035,1.52e-01,-8.00e-01,
10036,1.52e-01,-8.00e-01,
10037,1.60e-01,-8.00e-01,
10038,1.52e-01,-8.00e-01,
10039,1.52e-01,-8.00e-01,
10040,1.52e-01,-8.00e-01,
10041,1.60e-01,-8.00e-01,
10042,1.52e-01,-8.00e-01,
10043,1.60e-01,-8.00e-01,
10044,1.52e-01,-1.06e-04,
10045,1.60e-01,-8.00e-01,
10046,1.52e-01,-8.00e-01,
10047,1.52e-01,-8.00e-01,
10048,1.52e-01,-8.00e-01,
10049,1.60e-01,-8.00e-01,
10050,1.52e-01,-8.00e-01,
10051,1.60e-01,-8.00e-01,
10052,1.52e-01,-8.00e-01,
10053,1.60e-01,-8.00e-01,
10054,1.52e-01,-8.00e-01,
10055,1.52e-01,-8.00e-01,
10056,1.52e-01,-1.06e-04,
10057,1.60e-01,-8.00e-01,
10058,1.52e-01,-8.00e-01,
10059,1.60e-01,-8.00e-01,
10060,1.52e-01,-8.00e-01,
10061,1.60e-01,-8.00e-01,
10062,1.60e-01,-8.00e-01,
10063,1.60e-01,-8.00e-01,
10064,1.52e-01,-1.06e-04,
10065,1.60e-01,-8.00e-01,
10066,1.52e-01,-8.00e-01,
10067,1.60e-01,-8.00e-01,
10068,1.52e-01,-8.00e-01,
10069,1.60e-01,-8.00e-01,
10070,1.60e-01,-8.00e-01,
10071,1.60e-01,-8.00e-01,
10072,1.52e-01,-8.00e-01,
10073,1.60e-01,-8.00e-01,
10074,1.52e-01,-8.00e-01,
10075,1.60e-01,-8.00e-01,
10076,1.52e-01,-8.00e-01,
10077,1.60e-01,-8.00e-01,
10078,1.60e-01,-8.00e-01,
10079,1.60e-01,-8.00e-01,
10080,1.52e-01,-8.00e-01,
10081,1.60e-01,-8.00e-01,
10082,1.52e-01,-8.00e-01,
10083,1.60e-01,-8.00e-01,
10084,1.52e-01,-8.00e-01,
10085,1.60e-01,-8.00e-01,
10086,1.60e-01,-8.00e-01,
10087,1.60e-01,-8.00e-01,
10088,1.60e-01,-8.00e-01,
10089,1.60e-01,-8.00e-01,
10090,1.60e-01,-8.00e-01,
10091,1.60e-01,-8.00e-01,
10092,1.52e-01,-8.00e-01,
10093,1.60e-01,-8.00e-01,
10094,1.60e-01,-8.00e-01,
10095,1.60e-01,-8.00e-01,
10096,1.52e-01,-8.00e-01,
10097,1.60e-01,-8.00e-01,
10098,1.60e-01,-8.00e-01,
10099,1.60e-01,-8.00e-01,
10100,1.60e-01,-1.06e-04,
10101,1.60e-01,-8.00e-01,
10102,1.60e-01,-8.00e-01,
10103,1.60e-01,-8.00e-01,
10104,1.60e-01,-8.00e-01,
10105,1.60e-01,-8.00e-01,
10106,1.60e-01,-8.00e-01,
10107,1.60e-01,-8.00e-01,
10108,1.60e-01,-8.00e-01,
10109,1.68e-01,-8.00e-01,
10110,1.60e-01,-8.00e-01,
10111,1.60e-01,-8.00e-01,
10112,1.60e-01,-8.00e-01,
10113,1.60e-01,-8.00e-01,
10114,1.60e-01,-8.00e-01,
10115,1.60e-01,-8.00e-01,
10116,1.60e-01,-8.00e-01,
10117,1.68e-01,-8.00e-01,
10118,1.60e-01,-8.00e-01,
10119,1.60e-01,-8.00e-01,
10120,1.60e-01,-1.06e-04,
10121,1.68e-01,-8.00e-01,
10122,1.60e-01,-8.00e-01,
10123,1.60e-01,-8.00e-01,
10124,1.60e-01,-8.00e-01,
10125,1.68e-01,-8.00e-01,
10126,1.60e-01,-8.00e-01,
10127,1.60e-01,-8.00e-01,
10128,1.60e-01,-8.00e-01,
10129,1.68e-01,-8.00e-01,
10130,1.60e-01,-8.00e-01,
10131,1.68e-01,-8.00e-01,
10132,1.60e-01,-8.00e-01,
10133,1.68e-01,-8.00e-01,
10134,1.68e-01,-8.00e-01,
10135,1.68e-01,-8.00e-01,
10136,1.60e-01,-8.00e-01,
10137,1.68e-01,-8.00e-01,
10138,1.60e-01,-8.00e-01,
10139,1.68e-01,-8.00e-01,
10140,1.60e-01,-8.00e-01,
10141,1.68e-01,-8.00e-01,
10142,1.60e-01,-8.00e-01,
10143,1.68e-01,-8.00e-01,
10144,1.60e-01,-8.00e-01,
10145,1.68e-01,-8.00e-01,
10146,1.60e-01,-8.00e-01,
10147,1.68e-01,-8.00e-01,
10148,1.60e-01,-8.00e-01,
10149,1.68e-01,-8.00e-01,
10150,1.68e-01,-8.00e-01,
10151,1.68e-01,-8.00e-01,
10152,1.60e-01,-8.00e-01,
10153,1.68e-01,-8.00e-01,
10154,1.60e-01,-8.00e-01,
10155,1.68e-01,-8.00e-01,
10156,1.60e-01,-8.00e-01,
10157,1.68e-01,-8.00e-01,
10158,1.68e-01,-8.00e-01,
10159,1.68e-01,-8.00e-01,
10160,1.60e-01,-8.00e-01,
10161,1.68e-01,-8.00e-01,
10162,1.68e-01,-8.00e-01,
10163,1.68e-01,-8.00e-01,
10164,1.60e-01,-1.06e-04,
10165,1.68e-01,-8.00e-01,
10166,1.68e-01,-8.00e-01,
10167,1.68e-01,-1.06e-04,
10168,1.68e-01,-8.00e-01,
10169,1.68e-01,-8.00e-01,
10170,1.60e-01,-8.00e-01,
10171,1.68e-01,-8.00e-01,
10172,1.60e-01,-8.00e-01,
10173,1.68e-01,-8.00e-01,
10174,1.68e-01,-8.00e-01,
10175,1.68e-01,-8.00e-01,
10176,1.60e-01,-8.00e-01,
10177,1.68e-01,-8.00e-01,
10178,1.68e-01,-8.00e-01,
10179,1.68e-01,-8.00e-01,
10180,1.60e-01,-8.00e-01,
10181,1.68e-01,-8.00e-01,
10182,1.68e-01,-8.00e-01,
10183,1.68e-01,-8.00e-01,
10184,1.68e-01,-8.00e-01,
10185,1.68e-01,-8.00e-01,
10186,1.68e-01,-8.00e-01,
10187,1.68e-01,-8.00e-01,
10188,1.68e-01,-8.00e-01,
10189,1.68e-01,-8.00e-01,
10190,1.68e-01,-8.00e-01,
10191,1.68e-01,-8.00e-01,
10192,1.68e-01,-1.06e-04,
10193,1.68e-01,-8.00e-01,
10194,1.68e-01,-8.00e-01,
10195,1.68e-01,-8.00e-01,
10196,1.68e-01,-8.00e-01,
10197,1.68e-01,-8.00e-01,
10198,1.68e-01,-8.00e-01,
10199,1.68e-01,-8.00e-01,
10200,1.68e-01,-1.06e-04,
10201,1.76e-01,-8.00e-01,
10202,1.68e-01,-8.00e-01,
10203,1.68e-01,-8.00e-01,
10204,1.68e-01,-8.00e-01,
10205,1.76e-01,-8.00e-01,
10206,1.68e-01,-8.00e-01,
10207,1.68e-01,-8.00e-01,
10208,1.68e-01,-8.00e-01,
10209,1.76e-01,-8.00e-01,
10210,1.68e-01,-8.00e-01,
10211,1.68e-01,-8.00e-01,
10212,1.68e-01,-8.00e-01,
10213,1.76e-01,-8.00e-01,
10214,1.68e-01,-8.00e-01,
10215,1.68e-01,-8.00e-01,
10216,1.68e-01,-8.00e-01,
10217,1.76e-01,-8.00e-01,
10218,1.68e-01,-1.06e-04,
10219,1.76e-01,-8.00e-01,
10220,1.68e-01,-1.06e-04,
10221,1.76e-01,-8.00e-01,
10222,1.68e-01,-1.60e+00,
10223,1.68e-01,-1.06e-04,
10224,1.68e-01,-8.00e-01,
10225,1.76e-01,-8.00e-01,
10226,1.68e-01,-8.00e-01,
10227,1.76e-01,-8.00e-01,
10228,1.68e-01,-1.06e-04,
10229,1.76e-01,-8.00e-01,
10230,1.76e-01,-8.00e-01,
10231,1.68e-01,-8.00e-01,
10232,1.68e-01,-1.06e-04,
10233,1.76e-01,-8.00e-01,
10234,1.68e-01,-8.00e-01,
10235,1.76e-01,-8.00e-01,
10236,1.68e-01,-8.00e-01,
10237,1.76e-01,-8.00e-01,
10238,1.76e-01,-8.00e-01,
10239,1.76e-01,-8.00e-01,
10240,1.68e-01,-1.06e-04,
10241,1.76e-01,-8.00e-01,
10242,1.68e-01,-8.00e-01,
10243,1.76e-01,-8.00e-01,
10244,1.68e-01,-8.00e-01,
10245,1.76e-01,-8.00e-01,
10246,1.76e-01,-8.00e-01,
10247,1.76e-01,-1.06e-04,
10248,1.68e-01,-8.00e-01,
10249,1.76e-01,-8.00e-01,
10250,1.68e-01,-8.00e-01,
10251,1.76e-01,-8.00e-01,
10252,1.68e-01,-1.06e-04,
10253,1.76e-01,-8.00e-01,
10254,1.76e-01,-8.00e-01,
10255,1.76e-01,-8.00e-01,
10256,1.68e-01,-8.00e-01,
10257,1.76e-01,-8.00e-01,
10258,1.76e-01,-8.00e-01,
10259,1.76e-01,-8.00e-01,
10260,1.76e-01,-8.00e-01,
10261,1.76e-01,-8.00e-01,
10262,1.76e-01,-8.00e-01,
10263,1.76e-01,-8.00e-01,
10264,1.68e-01,-1.06e-04,
10265,1.84e-01,-8.00e-01,
10266,1.68e-01,-8.00e-01,
10267,1.76e-01,-8.00e-01,
10268,1.76e-01,-8.00e-01,
10269,1.76e-01,-8.00e-01,
10270,1.76e-01,-8.00e-01,
10271,1.76e-01,-8.00e-01,
10272,1.68e-01,-8.00e-01,
10273,1.76e-01,-8.00e-01,
10274,1.76e-01,-8.00e-01,
10275,1.76e-01,-8.00e-01,
10276,1.76e-01,-8.00e-01,
10277,1.76e-01,-8.00e-01,
10278,1.76e-01,-8.00e-01,
10279,1.76e-01,-8.00e-01,
10280,1.76e-01,-8.00e-01,
10281,1.76e-01,-8.00e-01,
10282,1.76e-01,-8.00e-01,
10283,1.76e-01,-8.00e-01,
10284,1.76e-01,-1.06e-04,
10285,1.76e-01,-8.00e-01,
10286,1.76e-01,-8.00e-01,
10287,1.76e-01,-8.00e-01,
10288,1.76e-01,-8.00e-01,
10289,1.76e-01,-8.00e-01,
10290,1.76e-01,-8.00e-01,
10291,1.76e-01,-8.00e-01,
10292,1.76e-01,-8.00e-01,
10293,1.84e-01,-8.00e-01,
10294,1.76e-01,-8.00e-01,
10295,1.76e-01,-8.00e-01,
10296,1.76e-01,-1.06e-04,
10297,1.84e-01,-8.00e-01,
10298,1.76e-01,-8.00e-01,
10299,1.76e-01,-8.00e-01,
10300,1.76e-01,-8.00e-01,
10301,1.84e-01,-8.00e-01,
10302,1.76e-01,-8.00e-01,
10303,1.76e-01,-8.00e-01,
10304,1.76e-01,-1.06e-04,
10305,1.84e-01,-8.00e-01,
10306,1.76e-01,-8.00e-01,
10307,1.76e-01,-1.06e-04,
10308,1.76e-01,-8.00e-01,
10309,1.84e-01,-8.00e-01,
10310,1.76e-01,-8.00e-01,
10311,1.76e-01,-8.00e-01,
10312,1.76e-01,-1.06e-04,
10313,1.84e-01,-8.00e-01,
10314,1.76e-01,-8.00e-01,
10315,1.84e-01,-8.00e-01,
10316,1.76e-01,-8.00e-01,
10317,1.84e-01,-8.00e-01,
10318,1.76e-01,-8.00e-01,
10319,1.84e-01,-1.06e-04,
10320,1.76e-01,-8.00e-01,
10321,1.84e-01,-8.00e-01,
10322,1.76e-01,-8.00e-01,
10323,1.76e-01,-8.00e-01,
10324,1.76e-01,-1.06e-04,
10325,1.84e-01,-8.00e-01,
10326,1.76e-01,-8.00e-01,
10327,1.84e-01,-1.06e-04,
10328,1.76e-01,-8.00e-01,
10329,1.84e-01,-8.00e-01,
10330,1.76e-01,-8.00e-01,
10331,1.84e-01,-8.00e-01,
10332,1.76e-01,-1.06e-04,
10333,1.84e-01,-8.00e-01,
10334,1.84e-01,-8.00e-01,
10335,1.84e-01,-8.00e-01,
10336,1.76e-01,-8.00e-01,
10337,1.84e-01,-8.00e-01,
10338,1.84e-01,-8.00e-01,
10339,1.84e-01,-8.00e-01,
10340,1.76e-01,-8.00e-01,
10341,1.84e-01,-8.00e-01,
10342,1.84e-01,-8.00e-01,
10343,1.84e-01,-8.00e-01,
10344,1.76e-01,-8.00e-01,
10345,1.84e-01,-8.00e-01,
10346,1.84e-01,-8.00e-01,
10347,1.84e-01,-8.00e-01,
10348,1.76e-01,-8.00e-01,
10349,1.84e-01,-8.00e-01,
10350,1.76e-01,-8.00e-01,
10351,1.84e-01,-8.00e-01,
10352,1.76e-01,-1.06e-04,
10353,1.84e-01,-8.00e-01,
10354,1.84e-01,-8.00e-01,
10355,1.84e-01,-8.00e-01,
10356,1.76e-01,-8.00e-01,
10357,1.84e-01,-8.00e-01,
10358,1.84e-01,-8.00e-01,
10359,1.84e-01,-8.00e-01,
10360,1.76e-01,-1.06e-04,
10361,1.84e-01,-8.00e-01,
10362,1.84e-01,-8.00e-01,
10363,1.84e-01,-8.00e-01,
10364,1.76e-01,-1.06e-04,
10365,1.84e-01,-8.00e-01,
10366,1.84e-01,-8.00e-01,
10367,1.84e-01,-8.00e-01,
10368,1.84e-01,-8.00e-01,
10369,1.84e-01,-8.00e-01,
10370,1.84e-01,-8.00e-01,
10371,1.84e-01,-8.00e-01,
10372,1.84e-01,-8.00e-01,
10373,1.92e-01,-8.00e-01,
10374,1.84e-01,-8.00e-01,
10375,1.84e-01,-8.00e-01,
10376,1.84e-01,-8.00e-01,
10377,1.84e-01,-8.00e-01,
10378,1.84e-01,-8.00e-01,
10379,1.84e-01,-8.00e-01,
10380,1.84e-01,-8.00e-01,
10381,1.92e-01,-8.00e-01,
10382,1.84e-01,-8.00e-01,
10383,1.84e-01,-8.00e-01,
10384,1.84e-01,-8.00e-01,
10385,1.92e-01,-8.00e-01,
10386,1.84e-01,-8.00e-01,
10387,1.84e-01,-8.00e-01,
10388,1.84e-01,-8.00e-01,
10389,1.92e-01,-8.00e-01,
10390,1.84e-01,-8.00e-01,
10391,1.84e-01,-8.00e-01,
10392,1.84e-01,-1.06e-04,
10393,1.92e-01,-8.00e-01,
10394,1.84e-01,-8.00e-01,
10395,1.84e-01,-1.06e-04,
10396,1.84e-01,-8.00e-01,
10397,1.92e-01,-8.00e-01,
10398,1.84e-01,-8.00e-01,
10399,1.84e-01,-8.00e-01,
10400,1.84e-01,-1.06e-04,
10401,1.92e-01,-8.00e-01,
10402,1.84e-01,-8.00e-01,
10403,1.84e-01,-8.00e-01,
10404,1.84e-01,-8.00e-01,
10405,1.92e-01,-8.00e-01,
10406,1.84e-01,-8.00e-01,
10407,1.84e-01,-1.06e-04,
10408,1.84e-01,-8.00e-01,
10409,1.92e-01,-8.00e-01,
10410,1.84e-01,-8.00e-01,
10411,1.92e-01,-8.00e-01,
10412,1.84e-01,-1.06e-04,
10413,1.92e-01,-8.00e-01,
10414,1.84e-01,-8.00e-01,
10415,1.92e-01,-8.00e-01,
10416,1.84e-01,-8.00e-01,
10417,1.92e-01,-8.00e-01,
10418,1.84e-01,-1.06e-04,
10419,1.92e-01,-1.60e+00,
10420,1.84e-01,-1.06e-04,
10421,1.92e-01,-8.00e-01,
10422,1.92e-01,-8.00e-01,
10423,1.92e-01,-1.06e-04,
10424,1.84e-01,-8.00e-01,
10425,1.92e-01,-8.00e-01,
10426,1.84e-01,-8.00e-01,
10427,1.92e-01,-8.00e-01,
10428,1.84e-01,-1.06e-04,
10429,1.92e-01,-8.00e-01,
10430,1.92e-01,-8.00e-01,
10431,1.92e-01,-8.00e-01,
10432,1.84e-01,-1.06e-04,
10433,1.92e-01,-8.00e-01,
10434,1.84e-01,-8.00e-01,
10435,1.92e-01,-8.00e-01,
10436,1.84e-01,-8.00e-01,
10437,1.92e-01,-8.00e-01,
10438,1.84e-01,-8.00e-01,
10439,1.92e-01,-8.00e-01,
10440,1.84e-01,-1.06e-04,
10441,1.92e-01,-8.00e-01,
10442,1.92e-01,-8.00e-01,
10443,1.92e-01,-8.00e-01,
10444,1.84e-01,-8.00e-01,
10445,1.92e-01,-8.00e-01,
10446,1.92e-01,-8.00e-01,
10447,1.92e-01,-1.06e-04,
10448,1.84e-01,-8.00e-01,
10449,1.92e-01,-8.00e-01,
10450,1.92e-01,-8.00e-01,
10451,1.92e-01,-8.00e-01,
10452,1.84e-01,-8.00e-01,
10453,1.92e-01,-8.00e-01,
10454,1.92e-01,-8.00e-01,
10455,1.92e-01,-8.00e-01,
10456,1.92e-01,-1.06e-04,
10457,1.92e-01,-8.00e-01,
10458,1.92e-01,-8.00e-01,
10459,1.92e-01,-8.00e-01,
10460,1.92e-01,-1.06e-04,
10461,1.92e-01,-8.00e-01,
10462,1.92e-01,-8.00e-01,
10463,1.92e-01,-8.00e-01,
10464,1.92e-01,-1.06e-04,
10465,1.92e-01,-8.00e-01,
10466,1.92e-01,-8.00e-01,
10467,1.92e-01,-8.00e-01,
10468,1.92e-01,-1.06e-04,
10469,2.00e-01,-8.00e-01,
10470,1.92e-01,-8.00e-01,
10471,1.92e-01,-8.00e-01,
10472,1.92e-01,-1.06e-04,
10473,1.92e-01,-8.00e-01,
10474,1.92e-01,-8.00e-01,
10475,1.92e-01,-8.00e-01,
10476,1.92e-01,-8.00e-01,
10477,2.00e-01,-8.00e-01,
10478,1.92e-01,-8.00e-01,
10479,1.92e-01,-8.00e-01,
10480,1.92e-01,-1.06e-04,
10481,1.92e-01,-8.00e-01,
10482,1.92e-01,-8.00e-01,
10483,1.92e-01,-8.00e-01,
10484,1.92e-01,-1.06e-04,
10485,2.00e-01,-8.00e-01,
10486,1.92e-01,-8.00e-01,
10487,1.92e-01,-8.00e-01,
10488,1.92e-01,-8.00e-01,
10489,2.00e-01,-8.00e-01,
10490,1.92e-01,-8.00e-01,
10491,1.92e-01,-8.00e-01,
10492,1.92e-01,-1.06e-04,
10493,2.00e-01,-8.00e-01,
10494,1.92e-01,-8.00e-01,
10495,1.92e-01,-8.00e-01,
10496,1.92e-01,-1.06e-04,
10497,2.00e-01,-8.00e-01,
10498,1.92e-01,-8.00e-01,
10499,2.00e-01,-8.00e-01,
10500,1.92e-01,-8.00e-01,
10501,2.00e-01,-8.00e-01,
10502,1.92e-01,-8.00e-01,
10503,2.00e-01,-8.00e-01,
10504,1.92e-01,-1.06e-04,
10505,2.00e-01,-8.00e-01,
10506,1.92e-01,-8.00e-01,
10507,2.00e-01,-1.06e-04,
10508,1.92e-01,-1.06e-04,
10509,2.00e-01,-8.00e-01,
10510,1.92e-01,-8.00e-01,
10511,2.00e-01,-8.00e-01,
10512,1.92e-01,-1.06e-04,
10513,2.00e-01,-8.00e-01,
10514,1.92e-01,-8.00e-01,
10515,2.00e-01,-8.00e-01,
10516,1.92e-01,-8.00e-01,
10517,2.00e-01,-8.00e-01,
10518,2.00e-01,-8.00e-01,
10519,2.00e-01,-8.00e-01,
10520,1.92e-01,-1.06e-04,
10521,2.00e-01,-8.00e-01,
10522,2.00e-01,-8.00e-01,
10523,2.00e-01,-8.00e-01,
10524,1.92e-01,-1.06e-04,
10525,2.00e-01,-8.00e-01,
10526,2.00e-01,-8.00e-01,
10527,2.00e-01,-8.00e-01,
10528,1.92e-01,-8.00e-01,
10529,2.00e-01,-8.00e-01,
10530,1.92e-01,-8.00e-01,
10531,2.00e-01,-8.00e-01,
10532,2.00e-01,-1.06e-04,
10533,2.00e-01,-8.00e-01,
10534,2.00e-01,-8.00e-01,
10535,2.00e-01,-8.00e-01,
10536,2.00e-01,-8.00e-01,
10537,2.00e-01,-8.00e-01,
10538,2.00e-01,-8.00e-01,
10539,2.00e-01,-8.00e-01,
10540,1.92e-01,-8.00e-01,
10541,2.00e-01,-8.00e-01,
10542,2.00e-01,-8.00e-01,
10543,2.00e-01,-8.00e-01,
10544,1.92e-01,-1.06e-04,
10545,2.00e-01,-8.00e-01,
10546,2.00e-01,-8.00e-01,
10547,2.00e-01,-8.00e-01,
10548,2.00e-01,-8.00e-01,
10549,2.00e-01,-8.00e-01,
10550,2.00e-01,-8.00e-01,
10551,2.00e-01,-8.00e-01,
10552,1.92e-01,-8.00e-01,
10553,2.00e-01,-8.00e-01,
10554,2.00e-01,-8.00e-01,
10555,2.00e-01,-8.00e-01,
10556,2.00e-01,-1.06e-04,
10557,2.08e-01,-8.00e-01,
10558,2.00e-01,-8.00e-01,
10559,2.00e-01,-8.00e-01,
10560,2.00e-01,-1.06e-04,
10561,2.08e-01,-8.00e-01,
10562,2.00e-01,-8.00e-01,
10563,2.00e-01,-8.00e-01,
10564,2.00e-01,-1.06e-04,
10565,2.08e-01,-8.00e-01,
10566,2.00e-01,-8.00e-01,
10567,2.00e-01,-1.06e-04,
10568,2.00e-01,-8.00e-01,
10569,2.08e-01,-8.00e-01,
10570,2.00e-01,-8.00e-01,
10571,2.08e-01,-8.00e-01,
10572,2.00e-01,-8.00e-01,
10573,2.08e-01,-8.00e-01,
10574,2.00e-01,-8.00e-01,
10575,2.00e-01,-8.00e-01,
10576,2.00e-01,-1.06e-04,
10577,2.08e-01,-8.00e-01,
10578,2.00e-01,-8.00e-01,
10579,2.08e-01,-8.00e-01,
10580,2.00e-01,-1.06e-04,
10581,2.08e-01,-8.00e-01,
10582,2.00e-01,-8.00e-01,
10583,2.00e-01,-1.06e-04,
10584,2.00e-01,-1.06e-04,
10585,2.08e-01,-8.00e-01,
10586,2.00e-01,-8.00e-01,
10587,2.00e-01,-1.06e-04,
10588,2.00e-01,-1.06e-04,
10589,2.08e-01,-8.00e-01,
10590,2.00e-01,-8.00e-01,
10591,2.08e-01,-8.00e-01,
10592,2.00e-01,-1.06e-04,
10593,2.08e-01,-8.00e-01,
10594,2.00e-01,-8.00e-01,
10595,2.08e-01,-8.00e-01,
10596,2.00e-01,-8.00e-01,
10597,2.08e-01,-8.00e-01,
10598,2.00e-01,-8.00e-01,
10599,2.08e-01,-8.00e-01,
10600,2.00e-01,-1.06e-04,
10601,2.08e-01,-8.00e-01,
10602,2.00e-01,-8.00e-01,
10603,2.08e-01,-8.00e-01,
10604,2.00e-01,-1.06e-04,
10605,2.08e-01,-8.00e-01,
10606,2.08e-01,-8.00e-01,
10607,2.08e-01,-8.00e-01,
10608,2.00e-01,-8.00e-01,
10609,2.08e-01,-8.00e-01,
10610,2.08e-01,-8.00e-01,
10611,2.08e-01,-8.00e-01,
10612,2.00e-01,-1.06e-04,
10613,2.08e-01,-8.00e-01,
10614,2.08e-01,-8.00e-01,
10615,2.08e-01,-8.00e-01,
10616,2.00e-01,-8.00e-01,
10617,2.08e-01,-8.00e-01,
10618,2.00e-01,-1.06e-04,
10619,2.08e-01,-8.00e-01,
10620,2.00e-01,-1.06e-04,
10621,2.08e-01,-8.00e-01,
10622,2.08e-01,-8.00e-01,
10623,2.08e-01,-1.06e-04,
10624,2.00e-01,-8.00e-01,
10625,2.08e-01,-8.00e-01,
10626,2.08e-01,-8.00e-01,
10627,2.08e-01,-8.00e-01,
10628,2.00e-01,-1.06e-04,
10629,2.08e-01,-8.00e-01,
10630,2.08e-01,-8.00e-01,
10631,2.08e-01,-8.00e-01,
10632,2.00e-01,-8.00e-01,
10633,2.08e-01,-8.00e-01,
10634,2.08e-01,-8.00e-01,
10635,2.08e-01,-8.00e-01,
10636,2.00e-01,-8.00e-01,
10637,2.08e-01,-8.00e-01,
10638,2.08e-01,-8.00e-01,
10639,2.08e-01,-1.06e-04,
10640,2.08e-01,-1.06e-04,
10641,2.08e-01,-8.00e-01,
10642,2.08e-01,-8.00e-01,
10643,2.08e-01,-8.00e-01,
10644,2.08e-01,-1.06e-04,
10645,2.16e-01,-8.00e-01,
10646,2.08e-01,-8.00e-01,
10647,2.08e-01,-1.06e-04,
10648,2.08e-01,-8.00e-01,
10649,2.08e-01,-8.00e-01,
10650,2.08e-01,-8.00e-01,
10651,2.08e-01,-8.00e-01,
10652,2.08e-01,-1.06e-04,
10653,2.16e-01,-8.00e-01,
10654,2.08e-01,-8.00e-01,
10655,2.08e-01,-8.00e-01,
10656,2.08e-01,-1.06e-04,
10657,2.16e-01,-8.00e-01,
10658,2.08e-01,-8.00e-01,
10659,2.08e-01,-1.06e-04,
10660,2.08e-01,-1.06e-04,
10661,2.16e-01,-8.00e-01,
10662,2.08e-01,-8.00e-01,
10663,2.08e-01,-8.00e-01,
10664,2.08e-01,-1.06e-04,
10665,2.16e-01,-8.00e-01,
10666,2.08e-01,-8.00e-01,
10667,2.08e-01,-8.00e-01,
10668,2.08e-01,-1.06e-04,
10669,2.16e-01,-8.00e-01,
10670,2.08e-01,-8.00e-01,
10671,2.16e-01,-8.00e-01,
10672,2.08e-01,-1.06e-04,
10673,2.16e-01,-8.00e-01,
10674,2.08e-01,-8.00e-01,
10675,2.08e-01,-8.00e-01,
10676,2.08e-01,-1.06e-04,
10677,2.16e-01,-8.00e-01,
10678,2.08e-01,-8.00e-01,
10679,2.08e-01,-8.00e-01,
10680,2.08e-01,-1.06e-04,
10681,2.16e-01,-8.00e-01,
10682,2.08e-01,-8.00e-01,
10683,2.16e-01,-8.00e-01,
10684,2.08e-01,-1.06e-04,
10685,2.16e-01,-8.00e-01,
10686,2.08e-01,-8.00e-01,
10687,2.16e-01,-1.06e-04,
10688,2.08e-01,-1.06e-04,
10689,2.16e-01,-8.00e-01,
10690,2.08e-01,-8.00e-01,
10691,2.16e-01,-8.00e-01,
10692,2.08e-01,-1.06e-04,
10693,2.16e-01,-8.00e-01,
10694,2.16e-01,-8.00e-01,
10695,2.16e-01,-8.00e-01,
10696,2.08e-01,-1.06e-04,
10697,2.16e-01,-8.00e-01,
10698,2.16e-01,-8.00e-01,
10699,2.16e-01,-8.00e-01,
10700,2.08e-01,-1.06e-04,
10701,2.16e-01,-8.00e-01,
10702,2.16e-01,-8.00e-01,
10703,2.16e-01,-1.06e-04,
10704,2.08e-01,-1.06e-04,
10705,2.16e-01,-8.00e-01,
10706,2.08e-01,-8.00e-01,
10707,2.16e-01,-8.00e-01,
10708,2.08e-01,-1.06e-04,
10709,2.16e-01,-8.00e-01,
10710,2.16e-01,-8.00e-01,
10711,2.16e-01,-8.00e-01,
10712,2.16e-01,-1.06e-04,
10713,2.16e-01,-8.00e-01,
10714,2.16e-01,-8.00e-01,
10715,2.16e-01,-8.00e-01,
10716,2.08e-01,-1.06e-04,
10717,2.16e-01,-8.00e-01,
10718,2.16e-01,-8.00e-01,
10719,2.16e-01,-8.00e-01,
10720,2.16e-01,-8.00e-01,
10721,2.24e-01,-8.00e-01,
10722,2.16e-01,-8.00e-01,
10723,2.16e-01,-8.00e-01,
10724,2.08e-01,-8.00e-01,
10725,2.16e-01,-8.00e-01,
10726,2.16e-01,-8.00e-01,
10727,2.16e-01,-1.06e-04,
10728,2.16e-01,-1.06e-04,
10729,2.24e-01,-8.00e-01,
10730,2.16e-01,-8.00e-01,
10731,2.16e-01,-8.00e-01,
10732,2.08e-01,-1.06e-04,
10733,2.16e-01,-8.00e-01,
10734,2.16e-01,-8.00e-01,
10735,2.16e-01,-8.00e-01,
10736,2.16e-01,-1.06e-04,
10737,2.16e-01,-8.00e-01,
10738,2.16e-01,-8.00e-01,
10739,2.16e-01,-8.00e-01,
10740,2.16e-01,-1.06e-04,
10741,2.16e-01,-8.00e-01,
10742,2.16e-01,-8.00e-01,
10743,2.16e-01,-8.00e-01,
10744,2.16e-01,-1.06e-04,
10745,2.16e-01,-8.00e-01,
10746,2.16e-01,-8.00e-01,
10747,2.16e-01,-1.06e-04,
10748,2.16e-01,-8.00e-01,
10749,2.24e-01,-8.00e-01,
10750,2.16e-01,-8.00e-01,
10751,2.16e-01,-8.00e-01,
10752,2.16e-01,-1.06e-04,
10753,2.24e-01,-8.00e-01,
10754,2.16e-01,-8.00e-01,
10755,2.16e-01,-8.00e-01,
10756,2.16e-01,-1.06e-04,
10757,2.08e-01,-8.00e-01,
10758,2.00e-01,-8.00e-01,
10759,1.76e-01,-8.00e-01,
10760,1.52e-01,-8.00e-01,
10761,1.44e-01,-8.00e-01,
10762,1.28e-01,-8.00e-01,
10763,1.28e-01,-8.00e-01,
10764,1.36e-01,-8.00e-01,
10765,1.52e-01,-8.00e-01,
10766,1.68e-01,-8.00e-01,
10767,1.84e-01,-8.00e-01,
10768,1.84e-01,-1.06e-04,
10769,1.92e-01,-8.00e-01,
10770,1.92e-01,-8.00e-01,
10771,2.00e-01,-8.00e-01,
10772,1.92e-01,-1.06e-04,
10773,2.00e-01,-8.00e-01,
10774,2.00e-01,-8.00e-01,
10775,2.00e-01,-8.00e-01,
10776,2.00e-01,-1.06e-04,
10777,2.00e-01,-8.00e-01,
10778,2.00e-01,-8.00e-01,
10779,2.00e-01,-8.00e-01,
10780,2.00e-01,-1.06e-04,
10781,2.08e-01,-8.00e-01,
10782,2.00e-01,-8.00e-01,
10783,2.00e-01,-8.00e-01,
10784,2.00e-01,-1.06e-04,
10785,2.08e-01,-8.00e-01,
10786,2.08e-01,-8.00e-01,
10787,2.08e-01,-8.00e-01,
10788,2.08e-01,-1.06e-04,
10789,2.08e-01,-8.00e-01,
10790,2.08e-01,-8.00e-01,
10791,2.08e-01,-8.00e-01,
10792,2.08e-01,-1.06e-04,
10793,2.08e-01,-8.00e-01,
10794,2.08e-01,-8.00e-01,
10795,2.08e-01,-1.06e-04,
10796,2.00e-01,-8.00e-01,
10797,2.08e-01,-8.00e-01,
10798,2.08e-01,-8.00e-01,
10799,2.08e-01,-8.00e-01,
10800,2.08e-01,-1.06e-04,
10801,2.16e-01,-8.00e-01,
10802,2.08e-01,-8.00e-01,
10803,2.16e-01,-1.06e-04,
10804,2.08e-01,-1.06e-04,
10805,2.16e-01,-8.00e-01,
10806,2.16e-01,-8.00e-01,
10807,2.16e-01,-1.06e-04,
10808,2.08e-01,-1.06e-04,
10809,2.16e-01,-8.00e-01,
10810,2.08e-01,-8.00e-01,
10811,2.16e-01,-8.00e-01,
10812,2.08e-01,-1.06e-04,
10813,2.16e-01,-8.00e-01,
10814,2.08e-01,-8.00e-01,
10815,2.16e-01,-8.00e-01,
10816,2.16e-01,-1.06e-04,
10817,2.16e-01,-8.00e-01,
10818,2.08e-01,-1.06e-04,
10819,2.16e-01,-8.00e-01,
10820,2.08e-01,-1.06e-04,
10821,2.24e-01,-8.00e-01,
10822,2.16e-01,-8.00e-01,
10823,2.16e-01,-1.06e-04,
10824,2.16e-01,-8.00e-01,
10825,2.16e-01,-8.00e-01,
10826,2.08e-01,-8.00e-01,
10827,2.16e-01,-8.00e-01,
10828,2.08e-01,-1.06e-04,
10829,2.16e-01,-8.00e-01,
10830,2.16e-01,-8.00e-01,
10831,2.16e-01,-8.00e-01,
10832,2.16e-01,-1.06e-04,
10833,2.24e-01,-8.00e-01,
10834,2.16e-01,-8.00e-01,
10835,2.16e-01,-8.00e-01,
10836,2.16e-01,-8.00e-01,
10837,2.24e-01,-8.00e-01,
10838,2.16e-01,-8.00e-01,
10839,2.16e-01,-8.00e-01,
10840,2.16e-01,-1.06e-04,
10841,2.24e-01,-8.00e-01,
10842,2.16e-01,-8.00e-01,
10843,2.16e-01,-8.00e-01,
10844,2.16e-01,-1.06e-04,
10845,2.24e-01,-8.00e-01,
10846,2.16e-01,-8.00e-01,
10847,2.16e-01,-1.06e-04,
10848,2.16e-01,-1.06e-04,
10849,2.24e-01,-8.00e-01,
10850,2.16e-01,-8.00e-01,
10851,2.24e-01,-8.00e-01,
10852,2.16e-01,-1.06e-04,
10853,2.24e-01,-8.00e-01,
10854,2.24e-01,-8.00e-01,
10855,2.24e-01,-8.00e-01,
10856,2.16e-01,-1.06e-04,
10857,2.24e-01,-8.00e-01,
10858,2.16e-01,-8.00e-01,
10859,2.24e-01,-1.06e-04,
10860,2.16e-01,-1.06e-04,
10861,2.24e-01,-8.00e-01,
10862,2.24e-01,-8.00e-01,
10863,2.24e-01,-1.06e-04,
10864,2.16e-01,-1.06e-04,
10865,2.24e-01,-8.00e-01,
10866,2.16e-01,-8.00e-01,
10867,2.24e-01,-1.06e-04,
10868,2.16e-01,-1.06e-04,
10869,2.24e-01,-8.00e-01,
10870,2.24e-01,-8.00e-01,
10871,2.24e-01,-1.06e-04,
10872,2.16e-01,-1.06e-04,
10873,2.24e-01,-8.00e-01,
10874,2.16e-01,-8.00e-01,
10875,2.24e-01,-1.06e-04,
10876,2.16e-01,-1.06e-04,
10877,2.24e-01,-1.06e-04,
10878,2.24e-01,-1.06e-04,
10879,2.24e-01,-1.06e-04,
10880,2.16e-01,-1.06e-04,
10881,2.24e-01,-1.06e-04,
10882,2.16e-01,-1.06e-04,
10883,2.24e-01,8.00e-01,
10884,2.16e-01,8.00e-01,
10885,2.24e-01,8.00e-01,
10886,2.24e-01,8.00e-01,
10887,2.24e-01,8.00e-01,
10888,2.16e-01,8.00e-01,
10889,2.24e-01,8.00e-01,
10890,2.16e-01,8.00e-01,
10891,2.24e-01,1.60e+00,
10892,2.16e-01,1.60e+00,
10893,2.24e-01,1.60e+00,
10894,2.24e-01,1.60e+00,
10895,2.24e-01,1.60e+00,
10896,2.16e-01,3.20e+00,
10897,2.24e-01,1.60e+00,
10898,2.24e-01,1.60e+00,
10899,2.24e-01,3.20e+00,
10900,2.16e-01,3.20e+00,
10901,2.24e-01,3.20e+00,
10902,2.24e-01,3.20e+00,
10903,2.24e-01,3.20e+00,
10904,2.16e-01,4.00e+00,
10905,2.24e-01,3.20e+00,
10906,2.16e-01,4.00e+00,
10907,2.24e-01,4.00e+00,
10908,2.16e-01,4.00e+00,
10909,2.24e-01,4.00e+00,
10910,2.24e-01,4.00e+00,
10911,2.24e-01,4.80e+00,
10912,2.24e-01,4.80e+00,
10913,2.24e-01,4.80e+00,
10914,2.24e-01,4.80e+00,
10915,2.24e-01,5.60e+00,
10916,2.16e-01,5.60e+00,
10917,2.24e-01,5.60e+00,
10918,2.24e-01,5.60e+00,
10919,2.24e-01,6.40e+00,
10920,2.16e-01,6.40e+00,
10921,2.24e-01,6.40e+00,
10922,2.16e-01,6.40e+00,
10923,2.16e-01,7.20e+00,
10924,2.16e-01,7.20e+00,
10925,2.16e-01,8.00e+00,
10926,2.16e-01,8.00e+00,
10927,2.16e-01,8.80e+00,
10928,2.08e-01,9.60e+00,
10929,2.16e-01,1.04e+01,
10930,2.08e-01,1.12e+01,
10931,2.08e-01,1.20e+01,
10932,2.00e-01,1.36e+01,
10933,2.00e-01,1.44e+01,
10934,1.92e-01,1.60e+01,
10935,1.92e-01,1.84e+01,
10936,1.84e-01,2.08e+01,
10937,1.76e-01,2.32e+01,
10938,1.68e-01,2.56e+01,
10939,1.60e-01,2.88e+01,
10940,1.44e-01,3.28e+01,
10941,1.36e-01,3.68e+01,
10942,1.12e-01,4.00e+01,
10943,8.80e-02,4.40e+01,
10944,4.00e-02,4.88e+01,
10945,8.00e-03,5.28e+01,
10946,-3.20e-02,5.68e+01,
10947,-6.40e-02,6.24e+01,
10948,-1.12e-01,6.64e+01,
10949,-1.60e-01,7.04e+01,
10950,-1.92e-01,7.36e+01,
10951,-2.32e-01,7.84e+01,
10952,-2.72e-01,8.16e+01,
10953,-3.12e-01,8.48e+01,
10954,-3.44e-01,8.80e+01,
10955,-3.84e-01,9.12e+01,
10956,-4.16e-01,9.36e+01,
10957,-4.48e-01,9.60e+01,
10958,-4.72e-01,9.76e+01,
10959,-4.96e-01,9.84e+01,
10960,-5.12e-01,9.92e+01,
10961,-5.20e-01,9.92e+01,
10962,-5.20e-01,9.84e+01,
10963,-5.12e-01,9.60e+01,
10964,-4.96e-01,9.28e+01,
10965,-4.80e-01,8.80e+01,
10966,-4.48e-01,8.24e+01,
10967,-4.16e-01,7.44e+01,
10968,-3.84e-01,6.72e+01,
10969,-3.44e-01,5.92e+01,
10970,-2.96e-01,5.20e+01,
10971,-2.56e-01,4.40e+01,
10972,-2.08e-01,3.68e+01,
10973,-1.68e-01,2.96e+01,
10974,-1.20e-01,2.48e+01,
10975,-8.00e-02,2.00e+01,
10976,-4.80e-02,1.60e+01,
10977,-8.00e-03,1.20e+01,
10978,2.40e-02,9.60e+00,
10979,5.60e-02,8.00e+00,
10980,8.00e-02,7.20e+00,
10981,1.12e-01,4.80e+00,
10982,1.20e-01,4.00e+00,
10983,1.36e-01,4.00e+00,
10984,1.44e-01,3.20e+00,
10985,1.68e-01,1.60e+00,
10986,1.68e-01,8.00e-01,
10987,1.84e-01,8.00e-01,
10988,1.84e-01,8.00e-01,
10989,2.00e-01,8.00e-01,
10990,2.00e-01,8.00e-01,
10991,2.08e-01,8.00e-01,
10992,2.08e-01,8.00e-01,
10993,2.24e-01,8.00e-01,
10994,2.16e-01,8.00e-01,
10995,2.24e-01,1.60e+00,
10996,2.24e-01,3.20e+00,
10997,2.24e-01,3.20e+00,
10998,2.24e-01,4.00e+00,
10999,2.16e-01,4.80e+00,
11000,2.08e-01,6.40e+00,
11001,2.08e-01,7.20e+00,
11002,1.92e-01,8.80e+00,
11003,1.84e-01,1.12e+01,
11004,1.60e-01,1.36e+01,
11005,1.44e-01,1.60e+01,
11006,1.12e-01,2.00e+01,
11007,8.80e-02,2.40e+01,
11008,4.00e-02,2.88e+01,
11009,8.00e-03,3.44e+01,
11010,-3.20e-02,4.00e+01,
11011,-7.20e-02,4.72e+01,
11012,-1.20e-01,5.28e+01,
11013,-1.68e-01,5.92e+01,
11014,-2.08e-01,6.48e+01,
11015,-2.48e-01,6.96e+01,
11016,-2.80e-01,7.36e+01,
11017,-3.12e-01,7.84e+01,
11018,-3.36e-01,8.00e+01,
11019,-3.60e-01,8.16e+01,
11020,-3.60e-01,8.08e+01,
11021,-3.76e-01,8.00e+01,
11022,-3.76e-01,7.76e+01,
11023,-3.60e-01,7.28e+01,
11024,-3.44e-01,6.88e+01,
11025,-3.20e-01,6.40e+01,
11026,-2.96e-01,5.76e+01,
11027,-2.64e-01,5.20e+01,
11028,-2.32e-01,4.72e+01,
11029,-2.08e-01,4.08e+01,
11030,-1.68e-01,3.52e+01,
11031,-1.28e-01,2.96e+01,
11032,-9.60e-02,2.56e+01,
11033,-6.40e-02,2.16e+01,
11034,-3.20e-02,1.84e+01,
11035,0.00e+00,1.52e+01,
11036,2.40e-02,1.28e+01,
11037,4.80e-02,1.04e+01,
11038,8.00e-02,8.80e+00,
11039,9.60e-02,8.00e+00,
11040,1.12e-01,7.20e+00,
11041,1.28e-01,5.60e+00,
11042,1.36e-01,5.60e+00,
11043,1.52e-01,4.80e+00,
11044,1.52e-01,4.80e+00,
11045,1.68e-01,4.00e+00,
11046,1.76e-01,4.00e+00,
11047,1.76e-01,4.00e+00,
11048,1.84e-01,4.00e+00,
11049,1.92e-01,4.00e+00,
11050,1.92e-01,4.00e+00,
11051,2.00e-01,4.80e+00,
11052,1.92e-01,5.60e+00,
11053,2.00e-01,5.60e+00,
11054,1.92e-01,6.40e+00,
11055,1.92e-01,7.20e+00,
11056,1.84e-01,8.80e+00,
11057,1.84e-01,9.60e+00,
11058,1.68e-01,1.12e+01,
11059,1.60e-01,1.28e+01,
11060,1.36e-01,1.52e+01,
11061,1.28e-01,1.84e+01,
11062,1.04e-01,2.08e+01,
11063,8.00e-02,2.48e+01,
11064,4.00e-02,2.80e+01,
11065,1.60e-02,3.28e+01,
11066,-1.60e-02,3.68e+01,
11067,-4.80e-02,4.16e+01,
11068,-8.80e-02,4.72e+01,
11069,-1.20e-01,5.20e+01,
11070,-1.60e-01,5.60e+01,
11071,-1.92e-01,5.92e+01,
11072,-2.16e-01,6.40e+01,
11073,-2.48e-01,6.64e+01,
11074,-2.64e-01,6.80e+01,
11075,-2.80e-01,6.96e+01,
11076,-2.88e-01,6.96e+01,
11077,-2.96e-01,6.88e+01,
11078,-2.96e-01,6.72e+01,
11079,-2.96e-01,6.56e+01,
11080,-2.80e-01,6.24e+01,
11081,-2.72e-01,5.84e+01,
11082,-2.48e-01,5.44e+01,
11083,-2.32e-01,5.04e+01,
11084,-2.08e-01,4.56e+01,
11085,-1.76e-01,4.08e+01,
11086,-1.52e-01,3.68e+01,
11087,-1.12e-01,3.28e+01,
11088,-8.80e-02,2.80e+01,
11089,-6.40e-02,2.48e+01,
11090,-4.00e-02,2.16e+01,
11091,-1.60e-02,1.92e+01,
11092,8.00e-03,1.60e+01,
11093,3.20e-02,1.44e+01,
11094,4.80e-02,1.20e+01,
11095,6.40e-02,1.12e+01,
11096,8.80e-02,1.04e+01,
11097,1.04e-01,8.80e+00,
11098,1.12e-01,8.00e+00,
11099,1.28e-01,8.00e+00,
11100,1.36e-01,8.00e+00,
11101,1.52e-01,7.20e+00,
11102,1.52e-01,6.40e+00,
11103,1.60e-01,7.20e+00,
11104,1.60e-01,7.20e+00,
11105,1.68e-01,6.40e+00,
11106,1.68e-01,7.20e+00,
11107,1.68e-01,8.00e+00,
11108,1.68e-01,8.00e+00,
11109,1.68e-01,8.80e+00,
11110,1.60e-01,9.60e+00,
11111,1.60e-01,1.04e+01,
11112,1.52e-01,1.20e+01,
11113,1.52e-01,1.28e+01,
11114,1.36e-01,1.44e+01,
11115,1.20e-01,1.76e+01,
11116,1.04e-01,2.00e+01,
11117,8.80e-02,2.24e+01,
11118,5.60e-02,2.48e+01,
11119,4.00e-02,2.80e+01,
11120,1.60e-02,3.20e+01,
11121,-8.00e-03,3.52e+01,
11122,-4.00e-02,3.84e+01,
11123,-6.40e-02,4.24e+01,
11124,-8.80e-02,4.56e+01,
11125,-1.12e-01,4.96e+01,
11126,-1.52e-01,5.28e+01,
11127,-1.68e-01,5.52e+01,
11128,-1.92e-01,5.76e+01,
11129,-2.08e-01,5.92e+01,
11130,-2.24e-01,6.00e+01,
11131,-2.32e-01,6.16e+01,
11132,-2.40e-01,6.00e+01,
11133,-2.40e-01,5.92e+01,
11134,-2.40e-01,5.76e+01,
11135,-2.32e-01,5.60e+01,
11136,-2.24e-01,5.36e+01,
11137,-2.08e-01,5.12e+01,
11138,-1.92e-01,4.80e+01,
11139,-1.76e-01,4.40e+01,
11140,-1.60e-01,4.08e+01,
11141,-1.28e-01,3.68e+01,
11142,-1.04e-01,3.36e+01,
11143,-8.80e-02,3.04e+01,
11144,-6.40e-02,2.72e+01,
11145,-4.00e-02,2.40e+01,
11146,-2.40e-02,2.16e+01,
11147,0.00e+00,2.00e+01,
11148,1.60e-02,1.84e+01,
11149,3.20e-02,1.52e+01,
11150,4.80e-02,1.44e+01,
11151,6.40e-02,1.36e+01,
11152,8.80e-02,1.28e+01,
11153,9.60e-02,1.12e+01,
11154,1.04e-01,1.04e+01,
11155,1.12e-01,1.04e+01,
11156,1.20e-01,1.04e+01,
11157,1.28e-01,9.60e+00,
11158,1.36e-01,9.60e+00,
11159,1.36e-01,9.60e+00,
11160,1.36e-01,1.04e+01,
11161,1.44e-01,9.60e+00,
11162,1.44e-01,1.04e+01,
11163,1.44e-01,1.12e+01,
11164,1.36e-01,1.20e+01,
11165,1.44e-01,1.28e+01,
11166,1.28e-01,1.36e+01,
11167,1.28e-01,1.52e+01,
11168,1.12e-01,1.76e+01,
11169,1.12e-01,1.84e+01,
11170,9.60e-02,2.00e+01,
11171,8.00e-02,2.24e+01,
11172,5.60e-02,2.48e+01,
11173,4.00e-02,2.64e+01,
11174,1.60e-02,2.96e+01,
11175,0.00e+00,3.28e+01,
11176,-2.40e-02,3.60e+01,
11177,-4.00e-02,3.84e+01,
11178,-6.40e-02,4.08e+01,
11179,-8.00e-02,4.40e+01,
11180,-1.04e-01,4.72e+01,
11181,-1.20e-01,4.88e+01,
11182,-1.52e-01,5.12e+01,
11183,-1.60e-01,5.20e+01,
11184,-1.76e-01,5.36e+01,
11185,-1.84e-01,5.44e+01,
11186,-1.92e-01,5.44e+01,
11187,-1.92e-01,5.36e+01,
11188,-1.92e-01,5.28e+01,
11189,-1.92e-01,5.20e+01,
11190,-1.92e-01,5.04e+01,
11191,-1.84e-01,4.80e+01,
11192,-1.68e-01,4.56e+01,
11193,-1.60e-01,4.24e+01,
11194,-1.36e-01,4.00e+01,
11195,-1.20e-01,3.76e+01,
11196,-1.04e-01,3.52e+01,
11197,-8.00e-02,3.28e+01,
11198,-7.20e-02,2.88e+01,
11199,-4.80e-02,2.72e+01,
11200,-3.20e-02,2.48e+01,
11201,-1.60e-02,2.24e+01,
11202,0.00e+00,2.08e+01,
11203,1.60e-02,2.00e+01,
11204,3.20e-02,1.84e+01,
11205,4.80e-02,1.60e+01,
11206,5.60e-02,1.52e+01,
11207,6.40e-02,1.44e+01,
11208,8.00e-02,1.36e+01,
11209,9.60e-02,1.28e+01,
11210,9.60e-02,1.28e+01,
11211,1.04e-01,1.28e+01,
11212,1.04e-01,1.28e+01,
11213,1.20e-01,1.20e+01,
11214,1.20e-01,1.20e+01,
11215,1.20e-01,1.28e+01,
11216,1.20e-01,1.36e+01,
11217,1.20e-01,1.36e+01,
11218,1.12e-01,1.44e+01,
11219,1.12e-01,1.44e+01,
11220,1.04e-01,1.60e+01,
11221,1.04e-01,1.76e+01,
11222,9.60e-02,1.84e+01,
11223,8.80e-02,2.08e+01,
11224,6.40e-02,2.16e+01,
11225,6.40e-02,2.32e+01,
11226,4.00e-02,2.48e+01,
11227,3.20e-02,2.72e+01,
11228,1.60e-02,2.96e+01,
11229,0.00e+00,3.20e+01,
11230,-1.60e-02,3.44e+01,
11231,-4.00e-02,3.68e+01,
11232,-5.60e-02,3.84e+01,
11233,-7.20e-02,4.08e+01,
11234,-8.00e-02,4.24e+01,
11235,-9.60e-02,4.40e+01,
11236,-1.12e-01,4.56e+01,
11237,-1.28e-01,4.80e+01,
11238,-1.36e-01,4.80e+01,
11239,-1.52e-01,4.88e+01,
11240,-1.60e-01,4.88e+01,
11241,-1.60e-01,4.88e+01,
11242,-1.60e-01,4.80e+01,
11243,-1.60e-01,4.72e+01,
11244,-1.52e-01,4.56e+01,
11245,-1.52e-01,4.40e+01,
11246,-1.36e-01,4.24e+01,
11247,-1.28e-01,4.08e+01,
11248,-1.12e-01,3.84e+01,
11249,-9.60e-02,3.68e+01,
11250,-8.80e-02,3.44e+01,
11251,-7.20e-02,3.28e+01,
11252,-6.40e-02,2.96e+01,
11253,-4.80e-02,2.80e+01,
11254,-3.20e-02,2.56e+01,
11255,-1.60e-02,2.40e+01,
11256,-8.00e-03,2.32e+01,
11257,8.00e-03,2.16e+01,
11258,1.60e-02,2.00e+01,
11259,3.20e-02,1.92e+01,
11260,4.00e-02,1.84e+01,
11261,5.60e-02,1.76e+01,
11262,5.60e-02,1.60e+01,
11263,6.40e-02,1.60e+01,
11264,8.00e-02,1.52e+01,
11265,8.80e-02,1.44e+01,
11266,8.80e-02,1.44e+01,
11267,9.60e-02,1.52e+01,
11268,9.60e-02,1.52e+01,
11269,1.04e-01,1.52e+01,
11270,9.60e-02,1.52e+01,
11271,9.60e-02,1.60e+01,
11272,9.60e-02,1.76e+01,
11273,9.60e-02,1.76e+01,
11274,8.80e-02,1.84e+01,
11275,8.80e-02,2.00e+01,
11276,6.40e-02,2.08e+01,
11277,6.40e-02,2.24e+01,
11278,5.60e-02,2.32e+01,
11279,4.00e-02,2.48e+01,
11280,3.20e-02,2.64e+01,
11281,2.40e-02,2.80e+01,
11282,8.00e-03,2.96e+01,
11283,-8.00e-03,3.20e+01,
11284,-2.40e-02,3.44e+01,
11285,-3.20e-02,3.60e+01,
11286,-4.80e-02,3.68e+01,
11287,-5.60e-02,3.92e+01,
11288,-7.20e-02,4.00e+01,
11289,-8.00e-02,4.16e+01,
11290,-9.60e-02,4.24e+01,
11291,-1.04e-01,4.32e+01,
11292,-1.12e-01,4.40e+01,
11293,-1.20e-01,4.48e+01,
11294,-1.20e-01,4.40e+01,
11295,-1.20e-01,4.40e+01,
11296,-1.20e-01,4.40e+01,
11297,-1.20e-01,4.32e+01,
11298,-1.20e-01,4.16e+01,
11299,-1.12e-01,4.08e+01,
11300,-1.12e-01,4.00e+01,
11301,-9.60e-02,3.84e+01,
11302,-8.80e-02,3.68e+01,
11303,-8.00e-02,3.52e+01,
11304,-7.20e-02,3.36e+01,
11305,-5.60e-02,3.20e+01,
11306,-4.80e-02,2.96e+01,
11307,-4.00e-02,2.80e+01,
11308,-3.20e-02,2.64e+01,
11309,-1.60e-02,2.48e+01,
11310,-8.00e-03,2.40e+01,
11311,8.00e-03,2.24e+01,
11312,1.60e-02,2.16e+01,
11313,2.40e-02,2.08e+01,
11314,3.20e-02,2.00e+01,
11315,4.00e-02,1.92e+01,
11316,4.80e-02,1.92e+01,
11317,5.60e-02,1.84e+01,
11318,5.60e-02,1.76e+01,
11319,6.40e-02,1.84e+01,
11320,6.40e-02,1.76e+01,
11321,8.00e-02,1.76e+01,
11322,8.00e-02,1.76e+01,
11323,8.00e-02,1.84e+01,
11324,8.00e-02,1.84e+01,
11325,8.00e-02,1.84e+01,
11326,8.00e-02,1.92e+01,
11327,8.00e-02,2.00e+01,
11328,6.40e-02,2.08e+01,
11329,5.60e-02,2.16e+01,
11330,4.80e-02,2.24e+01,
11331,4.80e-02,2.40e+01,
11332,3.20e-02,2.48e+01,
11333,3.20e-02,2.64e+01,
11334,1.60e-02,2.72e+01,
11335,8.00e-03,2.88e+01,
11336,0.00e+00,3.04e+01,
11337,-8.00e-03,3.20e+01,
11338,-2.40e-02,3.36e+01,
11339,-3.20e-02,3.52e+01,
11340,-4.80e-02,3.68e+01,
11341,-4.80e-02,3.76e+01,
11342,-6.40e-02,3.84e+01,
11343,-7.20e-02,3.92e+01,
11344,-8.00e-02,4.00e+01,
11345,-8.80e-02,4.08e+01,
11346,-9.60e-02,4.08e+01,
11347,-9.60e-02,4.16e+01,
11348,-1.04e-01,4.16e+01,
11349,-9.60e-02,4.08e+01,
11350,-1.04e-01,4.08e+01,
11351,-9.60e-02,4.00e+01,
11352,-9.60e-02,3.92e+01,
11353,-8.80e-02,3.84e+01,
11354,-8.80e-02,3.68e+01,
11355,-8.00e-02,3.60e+01,
11356,-7.20e-02,3.52e+01,
11357,-6.40e-02,3.36e+01,
11358,-5.60e-02,3.20e+01,
11359,-4.80e-02,3.04e+01,
11360,-4.00e-02,2.88e+01,
11361,-3.20e-02,2.80e+01,
11362,-2.40e-02,2.64e+01,
11363,-8.00e-03,2.56e+01,
11364,-8.00e-03,2.48e+01,
11365,8.00e-03,2.32e+01,
11366,1.60e-02,2.24e+01,
11367,2.40e-02,2.24e+01,
11368,2.40e-02,2.16e+01,
11369,3.20e-02,2.08e+01,
11370,4.00e-02,2.00e+01,
11371,4.80e-02,2.00e+01,
11372,4.80e-02,2.00e+01,
11373,5.60e-02,2.00e+01,
11374,5.60e-02,1.92e+01,
11375,5.60e-02,2.00e+01,
11376,5.60e-02,2.00e+01,
11377,6.40e-02,2.00e+01,
11378,5.60e-02,2.00e+01,
11379,5.60e-02,2.08e+01,
11380,5.60e-02,2.16e+01,
11381,5.60e-02,2.16e+01,
11382,4.80e-02,2.24e+01,
11383,4.00e-02,2.32e+01,
11384,3.20e-02,2.48e+01,
11385,3.20e-02,2.48e+01,
11386,2.40e-02,2.64e+01,
11387,1.60e-02,2.72e+01,
11388,8.00e-03,2.88e+01,
11389,0.00e+00,2.96e+01,
11390,-8.00e-03,3.04e+01,
11391,-1.60e-02,3.28e+01,
11392,-3.20e-02,3.36e+01,
11393,-3.20e-02,3.44e+01,
11394,-4.80e-02,3.52e+01,
11395,-4.80e-02,3.68e+01,
11396,-5.60e-02,3.76e+01,
11397,-6.40e-02,3.76e+01,
11398,-7.20e-02,3.84e+01,
11399,-8.00e-02,3.84e+01,
11400,-8.00e-02,3.92e+01,
11401,-8.00e-02,3.92e+01,
11402,-8.00e-02,3.84e+01,
11403,-8.00e-02,3.84e+01,
11404,-8.80e-02,3.84e+01,
11405,-8.00e-02,3.76e+01,
11406,-8.00e-02,3.68e+01,
11407,-7.20e-02,3.60e+01,
11408,-7.20e-02,3.52e+01,
11409,-6.40e-02,3.44e+01,
11410,-6.40e-02,3.28e+01,
11411,-4.80e-02,3.20e+01,
11412,-4.80e-02,3.04e+01,
11413,-4.00e-02,2.96e+01,
11414,-3.20e-02,2.80e+01,
11415,-2.40e-02,2.72e+01,
11416,-1.60e-02,2.64e+01,
11417,-8.00e-03,2.56e+01,
11418,0.00e+00,2.48e+01,
11419,8.00e-03,2.40e+01,
11420,8.00e-03,2.40e+01,
11421,2.40e-02,2.32e+01,
11422,2.40e-02,2.24e+01,
11423,3.20e-02,2.24e+01,
11424,3.20e-02,2.16e+01,
11425,4.00e-02,2.16e+01,
11426,4.00e-02,2.08e+01,
11427,4.00e-02,2.16e+01,
11428,4.00e-02,2.16e+01,
11429,4.80e-02,2.08e+01,
11430,4.80e-02,2.16e+01,
11431,4.80e-02,2.16e+01,
11432,4.00e-02,2.24e+01,
11433,4.80e-02,2.24e+01,
11434,4.00e-02,2.32e+01,
11435,4.00e-02,2.40e+01,
11436,3.20e-02,2.40e+01,
11437,3.20e-02,2.48e+01,
11438,2.40e-02,2.56e+01,
11439,1.60e-02,2.64e+01,
11440,8.00e-03,2.72e+01,
11441,8.00e-03,2.80e+01,
11442,0.00e+00,2.88e+01,
11443,-8.00e-03,3.04e+01,
11444,-1.60e-02,3.20e+01,
11445,-2.40e-02,3.28e+01,
11446,-2.40e-02,3.28e+01,
11447,-3.20e-02,3.44e+01,
11448,-4.00e-02,3.52e+01,
11449,-4.80e-02,3.52e+01,
11450,-5.60e-02,3.60e+01,
11451,-5.60e-02,3.68e+01,
11452,-6.40e-02,3.68e+01,
11453,-6.40e-02,3.68e+01,
11454,-6.40e-02,3.68e+01,
11455,-7.20e-02,3.68e+01,
11456,-7.20e-02,3.68e+01,
11457,-7.20e-02,3.68e+01,
11458,-7.20e-02,3.60e+01,
11459,-6.40e-02,3.60e+01,
11460,-6.40e-02,3.52e+01,
11461,-5.60e-02,3.44e+01,
11462,-5.60e-02,3.36e+01,
11463,-5.60e-02,3.28e+01,
11464,-4.80e-02,3.20e+01,
11465,-4.00e-02,3.04e+01,
11466,-4.00e-02,2.96e+01,
11467,-2.40e-02,2.88e+01,
11468,-2.40e-02,2.80e+01,
11469,-1.60e-02,2.72e+01,
11470,-1.60e-02,2.64e+01,
11471,-8.00e-03,2.56e+01,
11472,0.00e+00,2.56e+01,
11473,8.00e-03,2.48e+01,
11474,8.00e-03,2.40e+01,
11475,1.60e-02,2.40e+01,
11476,1.60e-02,2.32e+01,
11477,2.40e-02,2.32e+01,
11478,2.40e-02,2.24e+01,
11479,3.20e-02,2.24e+01,
11480,3.20e-02,2.24e+01,
11481,3.20e-02,2.24e+01,
11482,3.20e-02,2.24e+01,
11483,3.20e-02,2.24e+01,
11484,3.20e-02,2.32e+01,
11485,4.00e-02,2.32e+01,
11486,3.20e-02,2.32e+01,
11487,3.20e-02,2.40e+01,
11488,3.20e-02,2.48e+01,
11489,3.20e-02,2.48e+01,
11490,2.40e-02,2.56e+01,
11491,1.60e-02,2.64e+01,
11492,1.60e-02,2.72e+01,
11493,8.00e-03,2.72e+01,
11494,0.00e+00,2.80e+01,
11495,0.00e+00,2.88e+01,
11496,-8.00e-03,2.96e+01,
11497,-8.00e-03,3.04e+01,
11498,-1.60e-02,3.04e+01,
11499,-2.40e-02,3.28e+01,
11500,-3.20e-02,3.36e+01,
11501,-3.20e-02,3.36e+01,
11502,-4.00e-02,3.44e+01,
11503,-4.00e-02,3.44e+01,
11504,-4.80e-02,3.52e+01,
11505,-4.80e-02,3.52e+01,
11506,-5.60e-02,3.52e+01,
11507,-5.60e-02,3.52e+01,
11508,-5.60e-02,3.60e+01,
11509,-5.60e-02,3.52e+01,
11510,-5.60e-02,3.52e+01,
11511,-5.60e-02,3.52e+01,
11512,-5.60e-02,3.44e+01,
11513,-5.60e-02,3.44e+01,
11514,-4.80e-02,3.36e+01,
11515,-4.80e-02,3.28e+01,
11516,-4.80e-02,3.28e+01,
11517,-4.00e-02,3.20e+01,
11518,-3.20e-02,3.04e+01,
11519,-3.20e-02,2.96e+01,
11520,-3.20e-02,2.88e+01,
11521,-2.40e-02,2.80e+01,
11522,-2.40e-02,2.72e+01,
11523,-1.60e-02,2.72e+01,
11524,-8.00e-03,2.72e+01,
11525,0.00e+00,2.56e+01,
11526,0.00e+00,2.56e+01,
11527,8.00e-03,2.48e+01,
11528,8.00e-03,2.48e+01,
11529,1.60e-02,2.40e+01,
11530,1.60e-02,2.40e+01,
11531,1.60e-02,2.40e+01,
11532,1.60e-02,2.40e+01,
11533,2.40e-02,2.32e+01,
11534,2.40e-02,2.32e+01,
11535,2.40e-02,2.40e+01,
11536,2.40e-02,2.40e+01,
11537,3.20e-02,2.40e+01,
11538,2.40e-02,2.40e+01,
11539,2.40e-02,2.48e+01,
11540,2.40e-02,2.48e+01,
11541,2.40e-02,2.48e+01,
11542,1.60e-02,2.56e+01,
11543,1.60e-02,2.56e+01,
11544,1.60e-02,2.64e+01,
11545,1.60e-02,2.64e+01,
11546,8.00e-03,2.72e+01,
11547,0.00e+00,2.80e+01,
11548,-8.00e-03,2.88e+01,
11549,-8.00e-03,2.96e+01,
11550,-8.00e-03,2.96e+01,
11551,-1.60e-02,3.04e+01,
11552,-2.40e-02,3.20e+01,
11553,-2.40e-02,3.20e+01,
11554,-3.20e-02,3.28e+01,
11555,-3.20e-02,3.28e+01,
11556,-4.00e-02,3.36e+01,
11557,-4.00e-02,3.36e+01,
11558,-4.00e-02,3.36e+01,
11559,-4.80e-02,3.44e+01,
11560,-4.80e-02,3.44e+01,
11561,-4.80e-02,3.44e+01,
11562,-4.80e-02,3.44e+01,
11563,-4.80e-02,3.44e+01,
11564,-4.80e-02,3.44e+01,
11565,-4.80e-02,3.36e+01,
11566,-4.80e-02,3.28e+01,
11567,-4.80e-02,3.28e+01,
11568,-4.00e-02,3.28e+01,
11569,-4.00e-02,3.20e+01,
11570,-4.00e-02,3.04e+01,
11571,-3.20e-02,3.04e+01,
11572,-3.20e-02,2.96e+01,
11573,-2.40e-02,2.88e+01,
11574,-2.40e-02,2.88e+01,
11575,-1.60e-02,2.80e+01,
11576,-1.60e-02,2.80e+01,
11577,-8.00e-03,2.72e+01,
11578,-8.00e-03,2.64e+01,
11579,0.00e+00,2.64e+01,
11580,0.00e+00,2.56e+01,
11581,8.00e-03,2.56e+01,
11582,8.00e-03,2.48e+01,
11583,8.00e-03,2.48e+01,
11584,8.00e-03,2.48e+01,
11585,1.60e-02,2.48e+01,
11586,1.60e-02,2.48e+01,
11587,2.40e-02,2.48e+01,
11588,1.60e-02,2.48e+01,
11589,2.40e-02,2.48e+01,
11590,2.40e-02,2.48e+01,
11591,2.40e-02,2.48e+01,
11592,1.60e-02,2.56e+01,
11593,1.60e-02,2.48e+01,
11594,1.60e-02,2.56e+01,
11595,1.60e-02,2.56e+01,
11596,8.00e-03,2.64e+01,
11597,8.00e-03,2.72e+01,
11598,8.00e-03,2.72e+01,
11599,0.00e+00,2.80e+01,
11600,0.00e+00,2.80e+01,
11601,0.00e+00,2.88e+01,
11602,-8.00e-03,2.88e+01,
11603,-8.00e-03,2.96e+01,
11604,-1.60e-02,3.04e+01,
11605,-1.60e-02,3.04e+01,
11606,-2.40e-02,3.04e+01,
11607,-2.40e-02,3.20e+01,
11608,-3.20e-02,3.20e+01,
11609,-3.20e-02,3.28e+01,
11610,-3.20e-02,3.28e+01,
11611,-3.20e-02,3.28e+01,
11612,-4.00e-02,3.36e+01,
11613,-4.00e-02,3.36e+01,
11614,-4.00e-02,3.36e+01,
11615,-4.00e-02,3.36e+01,
11616,-4.00e-02,3.36e+01,
11617,-4.00e-02,3.28e+01,
11618,-4.00e-02,3.28e+01,
11619,-4.00e-02,3.20e+01,
11620,-4.00e-02,3.28e+01,
11621,-3.20e-02,3.20e+01,
11622,-4.00e-02,3.04e+01,
11623,-3.20e-02,3.04e+01,
11624,-3.20e-02,2.96e+01,
11625,-2.40e-02,2.96e+01,
11626,-2.40e-02,2.88e+01,
11627,-2.40e-02,2.88e+01,
11628,-1.60e-02,2.88e+01,
11629,-8.00e-03,2.80e+01,
11630,-8.00e-03,2.72e+01,
11631,-8.00e-03,2.72e+01,
11632,-8.00e-03,2.72e+01,
11633,0.00e+00,2.64e+01,
11634,0.00e+00,2.56e+01,
11635,8.00e-03,2.56e+01,
11636,8.00e-03,2.56e+01,
11637,8.00e-03,2.56e+01,
11638,8.00e-03,2.56e+01,
11639,8.00e-03,2.56e+01,
11640,8.00e-03,2.56e+01,
11641,1.60e-02,2.48e+01,
11642,1.60e-02,2.56e+01,
11643,1.60e-02,2.56e+01,
11644,8.00e-03,2.56e+01,
11645,1.60e-02,2.56e+01,
11646,8.00e-03,2.56e+01,
11647,1.60e-02,2.64e+01,
11648,8.00e-03,2.64e+01,
11649,8.00e-03,2.64e+01,
11650,8.00e-03,2.72e+01,
11651,8.00e-03,2.72e+01,
11652,0.00e+00,2.80e+01,
11653,0.00e+00,2.80e+01,
11654,0.00e+00,2.80e+01,
11655,-8.00e-03,2.88e+01,
11656,-8.00e-03,2.96e+01,
11657,-8.00e-03,2.96e+01,
11658,-1.60e-02,2.96e+01,
11659,-1.60e-02,3.04e+01,
11660,-2.40e-02,3.04e+01,
11661,-2.40e-02,3.20e+01,
11662,-2.40e-02,3.20e+01,
11663,-2.40e-02,3.20e+01,
11664,-3.20e-02,3.28e+01,
11665,-3.20e-02,3.20e+01,
11666,-3.20e-02,3.28e+01,
11667,-3.20e-02,3.28e+01,
11668,-4.00e-02,3.28e+01,
11669,-3.20e-02,3.28e+01,
11670,-3.20e-02,3.20e+01,
11671,-4.00e-02,3.20e+01,
11672,-4.00e-02,3.20e+01,
11673,-3.20e-02,3.20e+01,
11674,-3.20e-02,3.04e+01,
11675,-3.20e-02,3.04e+01,
11676,-3.20e-02,3.04e+01,
11677,-2.40e-02,2.96e+01,
11678,-2.40e-02,2.96e+01,
11679,-2.40e-02,2.88e+01,
11680,-1.60e-02,2.88e+01,
11681,-1.60e-02,2.80e+01,
11682,-1.60e-02,2.80e+01,
11683,-8.00e-03,2.80e+01,
11684,-8.00e-03,2.80e+01,
11685,0.00e+00,2.72e+01,
11686,-8.00e-03,2.64e+01,
11687,0.00e+00,2.64e+01,
11688,0.00e+00,2.64e+01,
11689,0.00e+00,2.64e+01,
11690,0.00e+00,2.64e+01,
11691,8.00e-03,2.64e+01,
11692,8.00e-03,2.64e+01,
11693,8.00e-03,2.56e+01,
11694,8.00e-03,2.56e+01,
11695,8.00e-03,2.56e+01,
11696,8.00e-03,2.64e+01,
11697,8.00e-03,2.64e+01,
11698,8.00e-03,2.64e+01,
11699,8.00e-03,2.64e+01,
11700,8.00e-03,2.64e+01,
11701,8.00e-03,2.64e+01,
11702,8.00e-03,2.72e+01,
11703,0.00e+00,2.72e+01,
11704,0.00e+00,2.80e+01,
11705,0.00e+00,2.80e+01,
11706,-8.00e-03,2.80e+01,
11707,-8.00e-03,2.88e+01,
11708,-8.00e-03,2.88e+01,
11709,-8.00e-03,2.88e+01,
11710,-1.60e-02,2.96e+01,
11711,-1.60e-02,2.96e+01,
11712,-1.60e-02,3.04e+01,
11713,-1.60e-02,3.04e+01,
11714,-2.40e-02,3.04e+01,
11715,-2.40e-02,3.04e+01,
11716,-2.40e-02,3.20e+01,
11717,-2.40e-02,3.20e+01,
11718,-2.40e-02,3.20e+01,
11719,-3.20e-02,3.20e+01,
11720,-3.20e-02,3.20e+01,
11721,-3.20e-02,3.20e+01,
11722,-3.20e-02,3.20e+01,
11723,-3.20e-02,3.20e+01,
11724,-3.20e-02,3.20e+01,
11725,-3.20e-02,3.04e+01,
11726,-3.20e-02,3.04e+01,
11727,-3.20e-02,3.04e+01,
11728,-3.20e-02,3.04e+01,
11729,-2.40e-02,2.96e+01,
11730,-2.40e-02,2.96e+01,
11731,-2.40e-02,2.96e+01,
11732,-2.40e-02,2.88e+01,
11733,-1.60e-02,2.88e+01,
11734,-1.60e-02,2.80e+01,
11735,-1.60e-02,2.80e+01,
11736,-1.60e-02,2.80e+01,
11737,-8.00e-03,2.80e+01,
11738,-8.00e-03,2.72e+01,
11739,-8.00e-03,2.72e+01,
11740,-8.00e-03,2.72e+01,
11741,0.00e+00,2.64e+01,
11742,0.00e+00,2.64e+01,
11743,0.00e+00,2.64e+01,
11744,0.00e+00,2.64e+01,
11745,8.00e-03,2.64e+01,
11746,8.00e-03,2.64e+01,
11747,8.00e-03,2.64e+01,
11748,0.00e+00,2.64e+01,
11749,8.00e-03,2.64e+01,
11750,8.00e-03,2.64e+01,
11751,8.00e-03,2.64e+01,
11752,0.00e+00,2.72e+01,
11753,8.00e-03,2.72e+01,
11754,0.00e+00,2.72e+01,
11755,0.00e+00,2.72e+01,
11756,0.00e+00,2.80e+01,
11757,0.00e+00,2.80e+01,
11758,0.00e+00,2.80e+01,
11759,-8.00e-03,2.80e+01,
11760,-8.00e-03,2.88e+01,
11761,-8.00e-03,2.88e+01,
11762,-8.00e-03,2.88e+01,
11763,-1.60e-02,2.96e+01,
11764,-1.60e-02,2.96e+01,
11765,-1.60e-02,2.96e+01,
11766,-1.60e-02,2.96e+01,
11767,-1.60e-02,3.04e+01,
11768,-2.40e-02,3.04e+01,
11769,-2.40e-02,3.04e+01,
11770,-2.40e-02,3.04e+01,
11771,-2.40e-02,3.04e+01,
11772,-2.40e-02,3.04e+01,
11773,-2.40e-02,3.04e+01,
11774,-3.20e-02,3.04e+01,
11775,-2.40e-02,3.04e+01,
11776,-3.20e-02,3.04e+01,
11777,-2.40e-02,3.04e+01,
11778,-2.40e-02,3.04e+01,
11779,-2.40e-02,3.04e+01,
11780,-2.40e-02,3.04e+01,
11781,-2.40e-02,2.96e+01,
11782,-2.40e-02,2.96e+01,
11783,-2.40e-02,2.96e+01,
11784,-2.40e-02,2.96e+01,
11785,-1.60e-02,2.88e+01,
11786,-1.60e-02,2.88e+01,
11787,-1.60e-02,2.88e+01,
11788,-1.60e-02,2.88e+01,
11789,-8.00e-03,2.80e+01,
11790,-8.00e-03,2.80e+01,
11791,-8.00e-03,2.80e+01,
11792,-8.00e-03,2.80e+01,
11793,0.00e+00,2.72e+01,
11794,-8.00e-03,2.72e+01,
11795,0.00e+00,2.72e+01,
11796,0.00e+00,2.72e+01,
11797,0.00e+00,2.72e+01,
11798,0.00e+00,2.64e+01,
11799,0.00e+00,2.64e+01,
11800,0.00e+00,2.72e+01,
11801,8.00e-03,2.64e+01,
11802,0.00e+00,2.64e+01,
11803,8.00e-03,2.72e+01,
11804,0.00e+00,2.72e+01,
11805,0.00e+00,2.72e+01,
11806,0.00e+00,2.72e+01,
11807,0.00e+00,2.72e+01,
11808,0.00e+00,2.80e+01,
11809,0.00e+00,2.80e+01,
11810,0.00e+00,2.80e+01,
11811,0.00e+00,2.80e+01,
11812,-8.00e-03,2.88e+01,
11813,-8.00e-03,2.80e+01,
11814,-8.00e-03,2.88e+01,
11815,-8.00e-03,2.88e+01,
11816,-1.60e-02,2.88e+01,
11817,-8.00e-03,2.88e+01,
11818,-1.60e-02,2.96e+01,
11819,-1.60e-02,2.96e+01,
11820,-1.60e-02,2.96e+01,
11821,-1.60e-02,2.96e+01,
11822,-2.40e-02,2.96e+01,
11823,-2.40e-02,3.04e+01,
11824,-2.40e-02,3.04e+01,
11825,-1.60e-02,3.04e+01,
11826,-2.40e-02,3.04e+01,
11827,-2.40e-02,3.04e+01,
11828,-2.40e-02,3.04e+01,
11829,-2.40e-02,3.04e+01,
11830,-2.40e-02,2.96e+01,
11831,-2.40e-02,3.04e+01,
11832,-2.40e-02,3.04e+01,
11833,-1.60e-02,2.96e+01,
11834,-2.40e-02,2.96e+01,
11835,-1.60e-02,2.96e+01,
11836,-2.40e-02,2.96e+01,
11837,-1.60e-02,2.88e+01,
11838,-1.60e-02,2.88e+01,
11839,-1.60e-02,2.88e+01,
11840,-1.60e-02,2.88e+01,
11841,-1.60e-02,2.80e+01,
11842,-1.60e-02,2.80e+01,
11843,-8.00e-03,2.80e+01,
11844,-8.00e-03,2.80e+01,
11845,-8.00e-03,2.80e+01,
11846,-8.00e-03,2.72e+01,
11847,0.00e+00,2.80e+01,
11848,-8.00e-03,2.72e+01,
11849,0.00e+00,2.72e+01,
11850,0.00e+00,2.72e+01,
11851,0.00e+00,2.72e+01,
11852,0.00e+00,2.72e+01,
11853,0.00e+00,2.72e+01,
11854,0.00e+00,2.72e+01,
11855,0.00e+00,2.72e+01,
11856,0.00e+00,2.72e+01,
11857,0.00e+00,2.72e+01,
11858,0.00e+00,2.72e+01,
11859,0.00e+00,2.72e+01,
11860,0.00e+00,2.80e+01,
11861,0.00e+00,2.80e+01,
11862,0.00e+00,2.72e+01,
11863,0.00e+00,2.80e+01,
11864,-8.00e-03,2.80e+01,
11865,0.00e+00,2.80e+01,
11866,-8.00e-03,2.80e+01,
11867,-8.00e-03,2.88e+01,
11868,-8.00e-03,2.88e+01,
11869,-8.00e-03,2.88e+01,
11870,-1.60e-02,2.88e+01,
11871,-1.60e-02,2.96e+01,
11872,-1.60e-02,2.96e+01,
11873,-1.60e-02,2.96e+01,
11874,-1.60e-02,2.96e+01,
11875,-1.60e-02,2.96e+01,
11876,-2.40e-02,2.96e+01,
11877,-1.60e-02,2.96e+01,
11878,-1.60e-02,2.96e+01,
11879,-1.60e-02,2.96e+01,
11880,-2.40e-02,3.04e+01,
11881,-2.40e-02,2.96e+01,
11882,-2.40e-02,2.96e+01,
11883,-2.40e-02,2.96e+01,
11884,-2.40e-02,2.96e+01,
11885,-1.60e-02,2.96e+01,
11886,-1.60e-02,2.96e+01,
11887,-1.60e-02,2.96e+01,
11888,-1.60e-02,2.96e+01,
11889,-1.60e-02,2.88e+01,
11890,-1.60e-02,2.88e+01,
11891,-1.60e-02,2.88e+01,
11892,-1.60e-02,2.88e+01,
11893,-1.60e-02,2.88e+01,
11894,-8.00e-03,2.80e+01,
11895,-8.00e-03,2.80e+01,
11896,-1.60e-02,2.80e+01,
11897,-8.00e-03,2.80e+01,
11898,-8.00e-03,2.80e+01,
11899,-8.00e-03,2.80e+01,
11900,-8.00e-03,2.80e+01,
11901,0.00e+00,2.80e+01,
11902,-8.00e-03,2.72e+01,
11903,0.00e+00,2.72e+01,
11904,0.00e+00,2.80e+01,
11905,0.00e+00,2.72e+01,
11906,0.00e+00,2.72e+01,
11907,0.00e+00,2.72e+01,
11908,0.00e+00,2.72e+01,
11909,0.00e+00,2.72e+01,
11910,0.00e+00,2.72e+01,
11911,0.00e+00,2.80e+01,
11912,0.00e+00,2.80e+01,
11913,0.00e+00,2.80e+01,
11914,-8.00e-03,2.80e+01,
11915,0.00e+00,2.80e+01,
11916,-8.00e-03,2.80e+01,
11917,-8.00e-03,2.80e+01,
11918,-8.00e-03,2.80e+01,
11919,-8.00e-03,2.88e+01,
11920,-8.00e-03,2.88e+01,
11921,-8.00e-03,2.88e+01,
11922,-8.00e-03,2.88e+01,
11923,-8.00e-03,2.88e+01,
11924,-1.60e-02,2.96e+01,
11925,-8.00e-03,2.88e+01,
11926,-1.60e-02,2.88e+01,
11927,-1.60e-02,2.96e+01,
11928,-1.60e-02,2.96e+01,
11929,-1.60e-02,2.96e+01,
11930,-1.60e-02,2.96e+01,
11931,-1.60e-02,2.96e+01,
11932,-2.40e-02,2.96e+01,
11933,-1.60e-02,2.96e+01,
11934,-1.60e-02,2.96e+01,
11935,-1.60e-02,2.96e+01,
11936,-1.60e-02,2.96e+01,
11937,-1.60e-02,2.96e+01,
11938,-1.60e-02,2.88e+01,
11939,-1.60e-02,2.96e+01,
11940,-2.40e-02,2.96e+01,
11941,-1.60e-02,2.96e+01,
11942,-1.60e-02,2.88e+01,
11943,-1.60e-02,2.88e+01,
11944,-1.60e-02,2.88e+01,
11945,-1.60e-02,2.88e+01,
11946,-1.60e-02,2.80e+01,
11947,-8.00e-03,2.88e+01,
11948,-1.60e-02,2.88e+01,
11949,-8.00e-03,2.80e+01,
11950,-8.00e-03,2.80e+01,
11951,-8.00e-03,2.80e+01,
11952,-8.00e-03,2.80e+01,
11953,-8.00e-03,2.80e+01,
11954,-8.00e-03,2.80e+01,
11955,-8.00e-03,2.80e+01,
11956,-8.00e-03,2.80e+01,
11957,0.00e+00,2.80e+01,
11958,0.00e+00,2.72e+01,
11959,0.00e+00,2.80e+01,
11960,0.00e+00,2.80e+01,
11961,0.00e+00,2.72e+01,
11962,-8.00e-03,2.72e+01,
11963,0.00e+00,2.80e+01,
11964,-8.00e-03,2.80e+01,
11965,0.00e+00,2.80e+01,
11966,-8.00e-03,2.80e+01,
11967,-8.00e-03,2.80e+01,
11968,-8.00e-03,2.80e+01,
11969,0.00e+00,2.80e+01,
11970,-8.00e-03,2.80e+01,
11971,-8.00e-03,2.80e+01,
11972,-8.00e-03,2.88e+01,
11973,-8.00e-03,2.88e+01,
11974,-8.00e-03,2.88e+01,
11975,-8.00e-03,2.88e+01,
11976,-1.60e-02,2.88e+01,
11977,-8.00e-03,2.88e+01,
11978,-1.60e-02,2.88e+01,
11979,-1.60e-02,2.96e+01,
11980,-1.60e-02,2.96e+01,
11981,-1.60e-02,2.96e+01,
11982,-1.60e-02,2.96e+01,
11983,-1.60e-02,2.96e+01,
11984,-1.60e-02,2.96e+01,
11985,-1.60e-02,2.96e+01,
11986,-1.60e-02,2.96e+01,
11987,-1.60e-02,2.96e+01,
11988,-1.60e-02,2.96e+01,
11989,-1.60e-02,2.96e+01,
11990,-1.60e-02,2.96e+01,
11991,-1.60e-02,2.96e+01,
11992,-1.60e-02,2.96e+01,
11993,-1.60e-02,2.88e+01,
11994,-1.60e-02,2.88e+01,
11995,-1.60e-02,2.88e+01,
11996,-1.60e-02,2.88e+01,
11997,-1.60e-02,2.88e+01,
11998,-1.60e-02,2.88e+01,
11999,-1.60e-02,2.88e+01,
