X,CH1,CH2,Start,Increment,
Sequence,Volt,Volt,5.672000e-05,2.000000e-09
0,2.56e-01,-1.06e-04,
1,2.64e-01,-8.00e-01,
2,2.56e-01,-8.00e-01,
3,2.64e-01,-1.06e-04,
4,2.56e-01,-1.06e-04,
5,2.64e-01,-1.06e-04,
6,2.56e-01,-8.00e-01,
7,2.64e-01,-1.06e-04,
8,2.56e-01,-1.06e-04,
9,2.64e-01,-8.00e-01,
10,2.56e-01,-1.06e-04,
11,2.64e-01,-1.06e-04,
12,2.56e-01,-1.06e-04,
13,2.64e-01,-8.00e-01,
14,2.56e-01,-8.00e-01,
15,2.64e-01,-1.06e-04,
16,2.56e-01,-1.06e-04,
17,2.64e-01,-8.00e-01,
18,2.64e-01,-8.00e-01,
19,2.64e-01,-1.06e-04,
20,2.56e-01,-1.06e-04,
21,2.64e-01,-1.06e-04,
22,2.64e-01,-8.00e-01,
23,2.64e-01,-1.06e-04,
24,2.64e-01,-1.06e-04,
25,2.64e-01,-1.06e-04,
26,2.64e-01,-8.00e-01,
27,2.64e-01,-1.06e-04,
28,2.56e-01,-1.06e-04,
29,2.64e-01,-1.06e-04,
30,2.64e-01,-8.00e-01,
31,2.64e-01,-1.06e-04,
32,2.56e-01,-1.06e-04,
33,2.64e-01,-8.00e-01,
34,2.64e-01,-8.00e-01,
35,2.64e-01,-1.06e-04,
36,2.56e-01,-1.06e-04,
37,2.64e-01,-1.06e-04,
38,2.64e-01,-1.06e-04,
39,2.64e-01,-1.06e-04,
40,2.64e-01,-1.06e-04,
41,2.72e-01,-1.06e-04,
42,2.64e-01,-8.00e-01,
43,2.64e-01,-1.06e-04,
44,2.64e-01,-1.06e-04,
45,2.64e-01,-1.06e-04,
46,2.64e-01,-8.00e-01,
47,2.64e-01,-1.06e-04,
48,2.64e-01,-1.06e-04,
49,2.72e-01,-8.00e-01,
50,2.64e-01,-1.06e-04,
51,2.64e-01,-1.06e-04,
52,2.64e-01,-1.06e-04,
53,2.72e-01,-1.06e-04,
54,2.64e-01,-8.00e-01,
55,2.64e-01,-1.06e-04,
56,2.64e-01,-1.06e-04,
57,2.72e-01,-8.00e-01,
58,2.64e-01,-1.06e-04,
59,2.72e-01,-1.06e-04,
60,2.64e-01,-1.06e-04,
61,2.72e-01,-1.06e-04,
62,2.64e-01,-1.06e-04,
63,2.64e-01,-1.06e-04,
64,2.64e-01,-1.06e-04,
65,2.72e-01,-8.00e-01,
66,2.64e-01,-1.06e-04,
67,2.72e-01,-8.00e-01,
68,2.56e-01,-1.06e-04,
69,2.72e-01,-1.06e-04,
70,2.64e-01,-8.00e-01,
71,2.64e-01,-1.06e-04,
72,2.64e-01,-1.06e-04,
73,2.72e-01,-1.06e-04,
74,2.64e-01,-1.06e-04,
75,2.72e-01,-1.06e-04,
76,2.64e-01,-1.06e-04,
77,2.72e-01,-8.00e-01,
78,2.64e-01,-8.00e-01,
79,2.64e-01,-1.06e-04,
80,2.64e-01,-1.06e-04,
81,2.72e-01,-8.00e-01,
82,2.64e-01,-1.06e-04,
83,2.72e-01,-1.06e-04,
84,2.64e-01,-1.06e-04,
85,2.72e-01,-1.06e-04,
86,2.64e-01,-8.00e-01,
87,2.64e-01,-1.06e-04,
88,2.64e-01,-1.06e-04,
89,2.72e-01,-8.00e-01,
90,2.64e-01,-1.06e-04,
91,2.72e-01,-1.06e-04,
92,2.64e-01,-1.06e-04,
93,2.72e-01,-1.06e-04,
94,2.64e-01,-8.00e-01,
95,2.72e-01,-1.06e-04,
96,2.64e-01,-1.06e-04,
97,2.72e-01,-8.00e-01,
98,2.64e-01,-1.06e-04,
99,2.72e-01,-1.06e-04,
100,2.64e-01,-1.06e-04,
101,2.72e-01,-1.06e-04,
102,2.72e-01,-8.00e-01,
103,2.72e-01,-1.06e-04,
104,2.64e-01,-1.06e-04,
105,2.72e-01,-1.06e-04,
106,2.72e-01,-8.00e-01,
107,2.72e-01,-1.06e-04,
108,2.64e-01,-1.06e-04,
109,2.72e-01,-1.06e-04,
110,2.72e-01,-1.06e-04,
111,2.72e-01,-1.06e-04,
112,2.64e-01,-1.06e-04,
113,2.72e-01,-8.00e-01,
114,2.64e-01,-8.00e-01,
115,2.72e-01,-1.06e-04,
116,2.64e-01,-1.06e-04,
117,2.80e-01,-1.06e-04,
118,2.72e-01,-8.00e-01,
119,2.72e-01,-1.06e-04,
120,2.72e-01,-1.06e-04,
121,2.80e-01,-8.00e-01,
122,2.72e-01,-1.06e-04,
123,2.72e-01,-1.06e-04,
124,2.64e-01,-1.06e-04,
125,2.80e-01,-1.06e-04,
126,2.72e-01,-8.00e-01,
127,2.72e-01,-1.06e-04,
128,2.64e-01,-1.06e-04,
129,2.72e-01,-8.00e-01,
130,2.72e-01,-1.06e-04,
131,2.72e-01,-1.06e-04,
132,2.72e-01,-1.06e-04,
133,2.80e-01,-1.06e-04,
134,2.72e-01,-1.06e-04,
135,2.72e-01,-1.06e-04,
136,2.72e-01,-1.06e-04,
137,2.80e-01,-1.06e-04,
138,2.72e-01,-1.06e-04,
139,2.72e-01,-1.06e-04,
140,2.72e-01,-1.06e-04,
141,2.80e-01,-1.06e-04,
142,2.72e-01,-1.06e-04,
143,2.72e-01,-1.06e-04,
144,2.72e-01,-1.06e-04,
145,2.80e-01,-1.06e-04,
146,2.72e-01,-8.00e-01,
147,2.72e-01,-1.06e-04,
148,2.72e-01,-1.06e-04,
149,2.80e-01,-1.06e-04,
150,2.72e-01,-1.06e-04,
151,2.72e-01,-1.06e-04,
152,2.72e-01,-1.06e-04,
153,2.80e-01,-8.00e-01,
154,2.72e-01,-1.06e-04,
155,2.72e-01,-1.06e-04,
156,2.72e-01,-1.06e-04,
157,2.80e-01,-1.06e-04,
158,2.72e-01,-1.06e-04,
159,2.72e-01,-1.06e-04,
160,2.72e-01,-1.06e-04,
161,2.80e-01,-8.00e-01,
162,2.72e-01,-1.06e-04,
163,2.72e-01,-1.06e-04,
164,2.72e-01,-1.06e-04,
165,2.80e-01,-1.06e-04,
166,2.72e-01,-8.00e-01,
167,2.72e-01,-1.06e-04,
168,2.72e-01,-1.06e-04,
169,2.80e-01,-1.06e-04,
170,2.72e-01,-8.00e-01,
171,2.80e-01,-1.06e-04,
172,2.72e-01,-1.06e-04,
173,2.80e-01,-1.06e-04,
174,2.72e-01,-8.00e-01,
175,2.72e-01,-1.06e-04,
176,2.72e-01,-1.06e-04,
177,2.80e-01,-1.06e-04,
178,2.72e-01,-1.06e-04,
179,2.80e-01,-1.06e-04,
180,2.72e-01,-1.06e-04,
181,2.80e-01,-1.06e-04,
182,2.72e-01,-1.06e-04,
183,2.80e-01,-1.06e-04,
184,2.72e-01,-1.06e-04,
185,2.80e-01,-1.06e-04,
186,2.72e-01,-8.00e-01,
187,2.80e-01,-1.06e-04,
188,2.72e-01,-1.06e-04,
189,2.80e-01,-1.06e-04,
190,2.72e-01,-1.06e-04,
191,2.80e-01,-1.06e-04,
192,2.72e-01,-1.06e-04,
193,2.80e-01,-1.06e-04,
194,2.72e-01,-8.00e-01,
195,2.80e-01,-1.06e-04,
196,2.72e-01,-1.06e-04,
197,2.80e-01,-1.06e-04,
198,2.80e-01,-1.06e-04,
199,2.80e-01,-1.06e-04,
200,2.72e-01,-1.06e-04,
201,2.80e-01,-1.06e-04,
202,2.80e-01,-8.00e-01,
203,2.80e-01,-1.06e-04,
204,2.80e-01,-1.06e-04,
205,2.80e-01,-1.06e-04,
206,2.80e-01,-8.00e-01,
207,2.80e-01,-1.06e-04,
208,2.80e-01,-1.06e-04,
209,2.80e-01,-1.06e-04,
210,2.72e-01,-1.06e-04,
211,2.80e-01,-1.06e-04,
212,2.80e-01,-1.06e-04,
213,2.80e-01,-1.06e-04,
214,2.80e-01,-8.00e-01,
215,2.80e-01,-1.06e-04,
216,2.80e-01,-1.06e-04,
217,2.80e-01,-1.06e-04,
218,2.80e-01,-1.06e-04,
219,2.80e-01,-1.06e-04,
220,2.72e-01,-1.06e-04,
221,2.80e-01,-1.06e-04,
222,2.80e-01,-1.06e-04,
223,2.80e-01,-1.06e-04,
224,2.80e-01,-1.06e-04,
225,2.96e-01,-1.06e-04,
226,2.80e-01,-8.00e-01,
227,2.80e-01,-1.06e-04,
228,2.80e-01,-1.06e-04,
229,2.96e-01,-1.06e-04,
230,2.80e-01,-1.06e-04,
231,2.80e-01,-1.06e-04,
232,2.80e-01,-1.06e-04,
233,2.96e-01,-1.06e-04,
234,2.80e-01,-8.00e-01,
235,2.80e-01,-1.06e-04,
236,2.80e-01,-1.06e-04,
237,2.96e-01,-1.06e-04,
238,2.80e-01,-1.06e-04,
239,2.80e-01,-1.06e-04,
240,2.80e-01,-1.06e-04,
241,2.96e-01,-1.06e-04,
242,2.80e-01,-1.06e-04,
243,2.80e-01,-1.06e-04,
244,2.80e-01,-1.06e-04,
245,2.96e-01,-1.06e-04,
246,2.80e-01,-8.00e-01,
247,2.80e-01,-1.06e-04,
248,2.80e-01,-1.06e-04,
249,2.96e-01,-1.06e-04,
250,2.80e-01,-8.00e-01,
251,2.80e-01,-1.06e-04,
252,2.80e-01,-1.06e-04,
253,2.96e-01,-1.06e-04,
254,2.80e-01,-8.00e-01,
255,2.80e-01,-1.06e-04,
256,2.80e-01,-1.06e-04,
257,2.96e-01,-1.06e-04,
258,2.80e-01,-1.06e-04,
259,2.96e-01,-1.06e-04,
260,2.80e-01,-1.06e-04,
261,2.96e-01,-1.06e-04,
262,2.80e-01,-1.06e-04,
263,2.80e-01,-1.06e-04,
264,2.80e-01,-1.06e-04,
265,2.96e-01,-8.00e-01,
266,2.80e-01,-1.06e-04,
267,2.96e-01,-8.00e-01,
268,2.80e-01,8.00e-01,
269,2.96e-01,-1.06e-04,
270,2.80e-01,-8.00e-01,
271,2.96e-01,-1.06e-04,
272,2.80e-01,-1.06e-04,
273,2.96e-01,-1.06e-04,
274,2.96e-01,-1.06e-04,
275,2.96e-01,-1.06e-04,
276,2.80e-01,-1.06e-04,
277,2.96e-01,-8.00e-01,
278,2.80e-01,-1.06e-04,
279,2.96e-01,-1.06e-04,
280,2.80e-01,-1.06e-04,
281,2.96e-01,-1.06e-04,
282,2.80e-01,-8.00e-01,
283,2.96e-01,-1.06e-04,
284,2.80e-01,-1.06e-04,
285,2.96e-01,-1.06e-04,
286,2.96e-01,-8.00e-01,
287,2.96e-01,-1.06e-04,
288,2.80e-01,-1.06e-04,
289,2.96e-01,-8.00e-01,
290,2.80e-01,-1.06e-04,
291,2.96e-01,-1.06e-04,
292,2.80e-01,-1.06e-04,
293,2.96e-01,-1.06e-04,
294,2.80e-01,-1.06e-04,
295,2.96e-01,-1.06e-04,
296,2.80e-01,-1.06e-04,
297,2.96e-01,-1.06e-04,
298,2.96e-01,-1.06e-04,
299,2.96e-01,-1.06e-04,
300,2.80e-01,-1.06e-04,
301,2.96e-01,-1.06e-04,
302,2.96e-01,-8.00e-01,
303,2.96e-01,-1.06e-04,
304,2.80e-01,-1.06e-04,
305,2.96e-01,-1.06e-04,
306,2.96e-01,-1.06e-04,
307,2.96e-01,-1.06e-04,
308,2.80e-01,-1.06e-04,
309,2.96e-01,-1.06e-04,
310,2.96e-01,-1.06e-04,
311,2.96e-01,-1.06e-04,
312,2.80e-01,-1.06e-04,
313,3.04e-01,-1.06e-04,
314,2.96e-01,-1.06e-04,
315,2.96e-01,-1.06e-04,
316,2.96e-01,-1.06e-04,
317,2.96e-01,-1.06e-04,
318,2.96e-01,-1.06e-04,
319,2.96e-01,-1.06e-04,
320,2.96e-01,-1.06e-04,
321,3.04e-01,-8.00e-01,
322,2.96e-01,-1.06e-04,
323,2.96e-01,-1.06e-04,
324,2.80e-01,-1.06e-04,
325,3.04e-01,-1.06e-04,
326,2.96e-01,-8.00e-01,
327,2.96e-01,-1.06e-04,
328,2.96e-01,-1.06e-04,
329,3.04e-01,-1.06e-04,
330,2.96e-01,-1.06e-04,
331,2.96e-01,-1.06e-04,
332,2.96e-01,-1.06e-04,
333,3.04e-01,-1.06e-04,
334,2.96e-01,-1.06e-04,
335,2.96e-01,-1.06e-04,
336,2.96e-01,-1.06e-04,
337,3.04e-01,-1.06e-04,
338,2.96e-01,-1.06e-04,
339,2.96e-01,-1.06e-04,
340,2.96e-01,-1.06e-04,
341,3.04e-01,-1.06e-04,
342,2.96e-01,-1.06e-04,
343,2.96e-01,-1.06e-04,
344,2.96e-01,-1.06e-04,
345,3.04e-01,-1.06e-04,
346,2.96e-01,-1.06e-04,
347,3.04e-01,-1.06e-04,
348,2.96e-01,-1.06e-04,
349,3.04e-01,-1.06e-04,
350,2.96e-01,-1.06e-04,
351,2.96e-01,-1.06e-04,
352,2.96e-01,-1.06e-04,
353,3.04e-01,-1.06e-04,
354,2.96e-01,-1.06e-04,
355,3.04e-01,-1.06e-04,
356,2.96e-01,-1.06e-04,
357,3.04e-01,-1.06e-04,
358,2.96e-01,-1.06e-04,
359,2.96e-01,-1.06e-04,
360,2.96e-01,-1.06e-04,
361,3.04e-01,-1.06e-04,
362,2.96e-01,-8.00e-01,
363,3.04e-01,-1.06e-04,
364,2.96e-01,-1.06e-04,
365,3.04e-01,-1.06e-04,
366,2.96e-01,-8.00e-01,
367,3.04e-01,-1.06e-04,
368,2.96e-01,-1.06e-04,
369,3.04e-01,-1.06e-04,
370,2.96e-01,-1.06e-04,
371,3.04e-01,-1.06e-04,
372,2.96e-01,-1.06e-04,
373,3.04e-01,-1.06e-04,
374,3.04e-01,-1.06e-04,
375,3.04e-01,-1.06e-04,
376,2.96e-01,-1.06e-04,
377,3.04e-01,-1.06e-04,
378,2.96e-01,-1.06e-04,
379,3.04e-01,-1.06e-04,
380,2.96e-01,-1.06e-04,
381,3.04e-01,-1.06e-04,
382,3.04e-01,-1.06e-04,
383,3.04e-01,-1.06e-04,
384,2.96e-01,-1.06e-04,
385,3.04e-01,-1.06e-04,
386,2.96e-01,-8.00e-01,
387,3.04e-01,-1.06e-04,
388,2.96e-01,-1.06e-04,
389,3.04e-01,-1.06e-04,
390,3.04e-01,-1.06e-04,
391,3.04e-01,-1.06e-04,
392,2.96e-01,-1.06e-04,
393,3.04e-01,-1.06e-04,
394,3.04e-01,-1.06e-04,
395,3.04e-01,-1.06e-04,
396,2.96e-01,-1.06e-04,
397,3.04e-01,-1.06e-04,
398,3.04e-01,-1.06e-04,
399,3.04e-01,-1.06e-04,
400,3.04e-01,-1.06e-04,
401,3.12e-01,-1.06e-04,
402,3.04e-01,-1.06e-04,
403,3.04e-01,-1.06e-04,
404,2.96e-01,-1.06e-04,
405,3.04e-01,-1.06e-04,
406,3.04e-01,-1.06e-04,
407,3.04e-01,-1.06e-04,
408,2.96e-01,-1.06e-04,
409,3.04e-01,-1.06e-04,
410,3.04e-01,-1.06e-04,
411,3.04e-01,-1.06e-04,
412,3.04e-01,-1.06e-04,
413,3.12e-01,-1.06e-04,
414,3.04e-01,-1.06e-04,
415,3.04e-01,-1.06e-04,
416,2.96e-01,-1.06e-04,
417,3.12e-01,-1.06e-04,
418,3.04e-01,-1.06e-04,
419,3.04e-01,-1.06e-04,
420,3.04e-01,-1.06e-04,
421,3.12e-01,-1.06e-04,
422,3.04e-01,-1.06e-04,
423,3.04e-01,-1.06e-04,
424,3.04e-01,-1.06e-04,
425,3.12e-01,-1.06e-04,
426,3.04e-01,-1.06e-04,
427,3.04e-01,-1.06e-04,
428,3.04e-01,-1.06e-04,
429,3.12e-01,-1.06e-04,
430,3.04e-01,-1.06e-04,
431,3.04e-01,-1.06e-04,
432,3.04e-01,-1.06e-04,
433,3.12e-01,-1.06e-04,
434,3.04e-01,-8.00e-01,
435,3.04e-01,-1.06e-04,
436,3.04e-01,-1.06e-04,
437,3.12e-01,-1.06e-04,
438,3.04e-01,-1.06e-04,
439,3.04e-01,-1.06e-04,
440,3.04e-01,-1.06e-04,
441,3.12e-01,-1.06e-04,
442,3.04e-01,-1.06e-04,
443,3.04e-01,-1.06e-04,
444,3.04e-01,-1.06e-04,
445,3.12e-01,-1.06e-04,
446,3.04e-01,-8.00e-01,
447,3.12e-01,-1.06e-04,
448,3.04e-01,-1.06e-04,
449,3.12e-01,-1.06e-04,
450,3.04e-01,-1.06e-04,
451,3.12e-01,-1.06e-04,
452,3.04e-01,-1.06e-04,
453,3.12e-01,-1.06e-04,
454,3.12e-01,-1.06e-04,
455,3.12e-01,-1.06e-04,
456,3.04e-01,-1.06e-04,
457,3.12e-01,-1.06e-04,
458,3.04e-01,-1.06e-04,
459,3.12e-01,-1.06e-04,
460,3.04e-01,-1.06e-04,
461,3.12e-01,-1.06e-04,
462,3.04e-01,-8.00e-01,
463,3.12e-01,-1.06e-04,
464,3.04e-01,-1.06e-04,
465,3.12e-01,-8.00e-01,
466,3.04e-01,-1.06e-04,
467,3.12e-01,-8.00e-01,
468,3.04e-01,8.00e-01,
469,3.12e-01,-1.06e-04,
470,3.12e-01,-8.00e-01,
471,3.04e-01,8.00e-01,
472,3.04e-01,-1.06e-04,
473,3.12e-01,-1.06e-04,
474,3.04e-01,-1.06e-04,
475,3.12e-01,-1.06e-04,
476,3.04e-01,-1.06e-04,
477,3.12e-01,-1.06e-04,
478,3.12e-01,-1.06e-04,
479,3.12e-01,-1.06e-04,
480,3.04e-01,-1.06e-04,
481,3.12e-01,-1.06e-04,
482,3.12e-01,-1.06e-04,
483,3.12e-01,-1.06e-04,
484,3.04e-01,-1.06e-04,
485,3.12e-01,-1.06e-04,
486,3.12e-01,-8.00e-01,
487,3.12e-01,-1.06e-04,
488,3.04e-01,-1.06e-04,
489,3.12e-01,-1.06e-04,
490,3.12e-01,-1.06e-04,
491,3.12e-01,-1.06e-04,
492,3.04e-01,-1.06e-04,
493,3.12e-01,-1.06e-04,
494,3.12e-01,-1.06e-04,
495,3.12e-01,-1.06e-04,
496,3.12e-01,-1.06e-04,
497,3.20e-01,-1.06e-04,
498,3.12e-01,-1.06e-04,
499,3.12e-01,-1.06e-04,
500,3.04e-01,-1.06e-04,
501,3.20e-01,-1.06e-04,
502,3.12e-01,-1.06e-04,
503,3.12e-01,-1.06e-04,
504,3.12e-01,-1.06e-04,
505,3.12e-01,-1.06e-04,
506,3.12e-01,-8.00e-01,
507,3.12e-01,-1.06e-04,
508,3.04e-01,-1.06e-04,
509,3.20e-01,-1.06e-04,
510,3.12e-01,-1.06e-04,
511,3.12e-01,-1.06e-04,
512,3.12e-01,-1.06e-04,
513,3.20e-01,-1.06e-04,
514,3.12e-01,-8.00e-01,
515,3.12e-01,-1.06e-04,
516,3.04e-01,-1.06e-04,
517,3.20e-01,-1.06e-04,
518,3.12e-01,-1.06e-04,
519,3.12e-01,-1.06e-04,
520,3.12e-01,-1.06e-04,
521,3.20e-01,-1.06e-04,
522,3.12e-01,-1.06e-04,
523,3.12e-01,-1.06e-04,
524,3.12e-01,-1.06e-04,
525,3.20e-01,-1.06e-04,
526,3.12e-01,-1.06e-04,
527,3.12e-01,-1.06e-04,
528,3.12e-01,-1.06e-04,
529,3.20e-01,-1.06e-04,
530,3.12e-01,-1.06e-04,
531,3.20e-01,-1.06e-04,
532,3.12e-01,-1.06e-04,
533,3.20e-01,-1.06e-04,
534,3.12e-01,-8.00e-01,
535,3.20e-01,-1.06e-04,
536,3.12e-01,-1.06e-04,
537,3.20e-01,-1.06e-04,
538,3.12e-01,-1.06e-04,
539,3.20e-01,-1.06e-04,
540,3.12e-01,-1.06e-04,
541,3.20e-01,-1.06e-04,
542,3.12e-01,-1.06e-04,
543,3.20e-01,-1.06e-04,
544,3.12e-01,-1.06e-04,
545,3.20e-01,-1.06e-04,
546,3.12e-01,-1.06e-04,
547,3.20e-01,-1.06e-04,
548,3.12e-01,-1.06e-04,
549,3.20e-01,-1.06e-04,
550,3.20e-01,-1.06e-04,
551,3.20e-01,-1.06e-04,
552,3.12e-01,-1.06e-04,
553,3.20e-01,-1.06e-04,
554,3.12e-01,-1.06e-04,
555,3.20e-01,-1.06e-04,
556,3.12e-01,-1.06e-04,
557,3.20e-01,-1.06e-04,
558,3.12e-01,-1.06e-04,
559,3.20e-01,-1.06e-04,
560,3.12e-01,-1.06e-04,
561,3.20e-01,-1.06e-04,
562,3.12e-01,-1.06e-04,
563,3.20e-01,-1.06e-04,
564,3.12e-01,-1.06e-04,
565,3.20e-01,-1.06e-04,
566,3.20e-01,-1.06e-04,
567,3.20e-01,-1.06e-04,
568,3.12e-01,-1.06e-04,
569,3.20e-01,-1.06e-04,
570,3.20e-01,-1.06e-04,
571,3.20e-01,-1.06e-04,
572,3.12e-01,-1.06e-04,
573,3.20e-01,-1.06e-04,
574,3.20e-01,-1.06e-04,
575,3.20e-01,-1.06e-04,
576,3.12e-01,-1.06e-04,
577,3.20e-01,-8.00e-01,
578,3.20e-01,-1.06e-04,
579,3.20e-01,-1.06e-04,
580,3.12e-01,-1.06e-04,
581,3.20e-01,-1.06e-04,
582,3.20e-01,-8.00e-01,
583,3.20e-01,-1.06e-04,
584,3.20e-01,-1.06e-04,
585,3.20e-01,-1.06e-04,
586,3.20e-01,-8.00e-01,
587,3.20e-01,-1.06e-04,
588,3.12e-01,-1.06e-04,
589,3.28e-01,-1.06e-04,
590,3.20e-01,-1.06e-04,
591,3.20e-01,-1.06e-04,
592,3.20e-01,-1.06e-04,
593,3.28e-01,-1.06e-04,
594,3.20e-01,-1.06e-04,
595,3.20e-01,-1.06e-04,
596,3.12e-01,-1.06e-04,
597,3.28e-01,-1.06e-04,
598,3.20e-01,-1.06e-04,
599,3.20e-01,-1.06e-04,
600,3.12e-01,-1.06e-04,
601,3.20e-01,-1.06e-04,
602,3.20e-01,-1.06e-04,
603,3.20e-01,-1.06e-04,
604,3.20e-01,-1.06e-04,
605,3.28e-01,-1.06e-04,
606,3.20e-01,-1.06e-04,
607,3.20e-01,-1.06e-04,
608,3.20e-01,-1.06e-04,
609,3.28e-01,-1.06e-04,
610,3.20e-01,-1.06e-04,
611,3.20e-01,-1.06e-04,
612,3.20e-01,-1.06e-04,
613,3.28e-01,-1.06e-04,
614,3.20e-01,-1.06e-04,
615,3.20e-01,-1.06e-04,
616,3.20e-01,-1.06e-04,
617,3.28e-01,-1.06e-04,
618,3.20e-01,-1.06e-04,
619,3.28e-01,-1.06e-04,
620,3.20e-01,-1.06e-04,
621,3.28e-01,-1.06e-04,
622,3.20e-01,-1.06e-04,
623,3.28e-01,-1.06e-04,
624,3.20e-01,-1.06e-04,
625,3.28e-01,-1.06e-04,
626,3.20e-01,-8.00e-01,
627,3.20e-01,-1.06e-04,
628,3.20e-01,-1.06e-04,
629,3.28e-01,-1.06e-04,
630,3.20e-01,-1.06e-04,
631,3.20e-01,-1.06e-04,
632,3.20e-01,-1.06e-04,
633,3.28e-01,-1.06e-04,
634,3.20e-01,-1.06e-04,
635,3.20e-01,-1.06e-04,
636,3.20e-01,-1.06e-04,
637,3.28e-01,-1.06e-04,
638,3.20e-01,-1.06e-04,
639,3.20e-01,-1.06e-04,
640,3.20e-01,-1.06e-04,
641,3.28e-01,-1.06e-04,
642,3.20e-01,-1.06e-04,
643,3.28e-01,-1.06e-04,
644,3.20e-01,-1.06e-04,
645,3.28e-01,-1.06e-04,
646,3.20e-01,-8.00e-01,
647,3.28e-01,-1.06e-04,
648,3.20e-01,-1.06e-04,
649,3.28e-01,-8.00e-01,
650,3.20e-01,-1.06e-04,
651,3.28e-01,-1.06e-04,
652,3.20e-01,-1.06e-04,
653,3.28e-01,-1.06e-04,
654,3.28e-01,-1.06e-04,
655,3.20e-01,-1.06e-04,
656,3.28e-01,-1.06e-04,
657,3.28e-01,-1.06e-04,
658,3.20e-01,-1.06e-04,
659,3.28e-01,-1.06e-04,
660,3.20e-01,-1.06e-04,
661,3.28e-01,-1.06e-04,
662,3.28e-01,-1.06e-04,
663,3.28e-01,-1.06e-04,
664,3.20e-01,-1.06e-04,
665,3.28e-01,-8.00e-01,
666,3.20e-01,-1.06e-04,
667,3.28e-01,-8.00e-01,
668,3.20e-01,8.00e-01,
669,3.28e-01,-1.06e-04,
670,3.28e-01,-8.00e-01,
671,3.28e-01,8.00e-01,
672,3.28e-01,-1.06e-04,
673,3.28e-01,-1.06e-04,
674,3.20e-01,-1.06e-04,
675,3.28e-01,-1.06e-04,
676,3.20e-01,-1.06e-04,
677,3.28e-01,-1.06e-04,
678,3.28e-01,-1.06e-04,
679,3.28e-01,-1.06e-04,
680,3.28e-01,-1.06e-04,
681,3.36e-01,-1.06e-04,
682,3.28e-01,-1.06e-04,
683,3.28e-01,-1.06e-04,
684,3.28e-01,-1.06e-04,
685,3.28e-01,-1.06e-04,
686,3.28e-01,-1.06e-04,
687,3.28e-01,-1.06e-04,
688,3.20e-01,-1.06e-04,
689,3.36e-01,-1.06e-04,
690,3.28e-01,-1.06e-04,
691,3.28e-01,-1.06e-04,
692,3.28e-01,-1.06e-04,
693,3.36e-01,-1.06e-04,
694,3.28e-01,-1.06e-04,
695,3.28e-01,-1.06e-04,
696,3.28e-01,-1.06e-04,
697,3.36e-01,-1.06e-04,
698,3.28e-01,-1.06e-04,
699,3.28e-01,-1.06e-04,
700,3.28e-01,-1.06e-04,
701,3.36e-01,-1.06e-04,
702,3.28e-01,-1.06e-04,
703,3.28e-01,-1.06e-04,
704,3.28e-01,-1.06e-04,
705,3.36e-01,-1.06e-04,
706,3.28e-01,-8.00e-01,
707,3.28e-01,-1.06e-04,
708,3.28e-01,-1.06e-04,
709,3.36e-01,-1.06e-04,
710,3.28e-01,-1.06e-04,
711,3.28e-01,-1.06e-04,
712,3.28e-01,-1.06e-04,
713,3.36e-01,-1.06e-04,
714,3.28e-01,-1.06e-04,
715,3.28e-01,-1.06e-04,
716,3.28e-01,-1.06e-04,
717,3.36e-01,-1.06e-04,
718,3.28e-01,-1.06e-04,
719,3.28e-01,-1.06e-04,
720,3.28e-01,-1.06e-04,
721,3.36e-01,-1.06e-04,
722,3.28e-01,-1.06e-04,
723,3.36e-01,-1.06e-04,
724,3.28e-01,-1.06e-04,
725,3.36e-01,-1.06e-04,
726,3.28e-01,-1.06e-04,
727,3.28e-01,-1.06e-04,
728,3.28e-01,-1.06e-04,
729,3.36e-01,-1.06e-04,
730,3.28e-01,-1.06e-04,
731,3.36e-01,-1.06e-04,
732,3.28e-01,-1.06e-04,
733,3.36e-01,-1.06e-04,
734,3.28e-01,-1.06e-04,
735,3.36e-01,-1.06e-04,
736,3.28e-01,-1.06e-04,
737,3.36e-01,-1.06e-04,
738,3.28e-01,-1.06e-04,
739,3.36e-01,-1.06e-04,
740,3.28e-01,-1.06e-04,
741,3.36e-01,-1.06e-04,
742,3.36e-01,-1.06e-04,
743,3.36e-01,-1.06e-04,
744,3.28e-01,-1.06e-04,
745,3.36e-01,-1.06e-04,
746,3.28e-01,-1.06e-04,
747,3.36e-01,-1.06e-04,
748,3.28e-01,-1.06e-04,
749,3.36e-01,-1.06e-04,
750,3.28e-01,-1.06e-04,
751,3.36e-01,-1.06e-04,
752,3.28e-01,-1.06e-04,
753,3.36e-01,-1.06e-04,
754,3.28e-01,-1.06e-04,
755,3.36e-01,-1.06e-04,
756,3.28e-01,-1.06e-04,
757,3.36e-01,-1.06e-04,
758,3.36e-01,-1.06e-04,
759,3.36e-01,-1.06e-04,
760,3.28e-01,-1.06e-04,
761,3.36e-01,-1.06e-04,
762,3.28e-01,-1.06e-04,
763,3.36e-01,-1.06e-04,
764,3.28e-01,-1.06e-04,
765,3.36e-01,-1.06e-04,
766,3.36e-01,-1.06e-04,
767,3.36e-01,-1.06e-04,
768,3.28e-01,-1.06e-04,
769,3.44e-01,-1.06e-04,
770,3.36e-01,-1.06e-04,
771,3.36e-01,-1.06e-04,
772,3.36e-01,-1.06e-04,
773,3.44e-01,-1.06e-04,
774,3.36e-01,-1.06e-04,
775,3.36e-01,-1.06e-04,
776,3.28e-01,-1.06e-04,
777,3.44e-01,-1.06e-04,
778,3.36e-01,-1.06e-04,
779,3.36e-01,-1.06e-04,
780,3.28e-01,-1.06e-04,
781,3.44e-01,-1.06e-04,
782,3.36e-01,-1.06e-04,
783,3.36e-01,-1.06e-04,
784,3.36e-01,-1.06e-04,
785,3.36e-01,-1.06e-04,
786,3.36e-01,-1.06e-04,
787,3.36e-01,-1.06e-04,
788,3.36e-01,-1.06e-04,
789,3.44e-01,-1.06e-04,
790,3.36e-01,-1.06e-04,
791,3.36e-01,-1.06e-04,
792,3.36e-01,-1.06e-04,
793,3.44e-01,-1.06e-04,
794,3.36e-01,-1.06e-04,
795,3.36e-01,-1.06e-04,
796,3.36e-01,-1.06e-04,
797,3.44e-01,-1.06e-04,
798,3.36e-01,-1.06e-04,
799,3.36e-01,-1.06e-04,
800,3.36e-01,-1.06e-04,
801,3.44e-01,-1.06e-04,
802,3.36e-01,-1.06e-04,
803,3.36e-01,-1.06e-04,
804,3.36e-01,-1.06e-04,
805,3.44e-01,-1.06e-04,
806,3.36e-01,-8.00e-01,
807,3.36e-01,-1.06e-04,
808,3.36e-01,-1.06e-04,
809,3.44e-01,-1.06e-04,
810,3.36e-01,-1.06e-04,
811,3.36e-01,-1.06e-04,
812,3.36e-01,-1.06e-04,
813,3.44e-01,-1.06e-04,
814,3.36e-01,-1.06e-04,
815,3.36e-01,-1.06e-04,
816,3.36e-01,-1.06e-04,
817,3.44e-01,-1.06e-04,
818,3.36e-01,-1.06e-04,
819,3.44e-01,-1.06e-04,
820,3.36e-01,-1.06e-04,
821,3.44e-01,-1.06e-04,
822,3.36e-01,-1.06e-04,
823,3.44e-01,-1.06e-04,
824,3.36e-01,-1.06e-04,
825,3.44e-01,-1.06e-04,
826,3.36e-01,-1.06e-04,
827,3.44e-01,-1.06e-04,
828,3.36e-01,-1.06e-04,
829,3.44e-01,-1.06e-04,
830,3.44e-01,-1.06e-04,
831,3.36e-01,-1.06e-04,
832,3.36e-01,-1.06e-04,
833,3.44e-01,-1.06e-04,
834,3.28e-01,-1.06e-04,
835,3.28e-01,-1.06e-04,
836,3.12e-01,-1.06e-04,
837,2.96e-01,-1.06e-04,
838,2.72e-01,-1.06e-04,
839,2.56e-01,-1.06e-04,
840,2.40e-01,-1.06e-04,
841,2.48e-01,-8.00e-01,
842,2.48e-01,-8.00e-01,
843,2.56e-01,-1.06e-04,
844,2.64e-01,-1.06e-04,
845,2.80e-01,-1.06e-04,
846,3.04e-01,-1.06e-04,
847,3.20e-01,-1.06e-04,
848,3.28e-01,-1.06e-04,
849,3.44e-01,-1.06e-04,
850,3.44e-01,-1.06e-04,
851,3.52e-01,-1.06e-04,
852,3.36e-01,-1.06e-04,
853,3.36e-01,-1.06e-04,
854,3.20e-01,-1.06e-04,
855,3.20e-01,-1.06e-04,
856,3.04e-01,-1.06e-04,
857,3.12e-01,-1.06e-04,
858,3.04e-01,-1.06e-04,
859,3.12e-01,-1.06e-04,
860,3.12e-01,-1.06e-04,
861,3.28e-01,-1.06e-04,
862,3.28e-01,-1.06e-04,
863,3.36e-01,-1.06e-04,
864,3.36e-01,-1.06e-04,
865,3.52e-01,-1.06e-04,
866,3.36e-01,8.00e-01,
867,3.44e-01,-8.00e-01,
868,3.28e-01,8.00e-01,
869,3.36e-01,-1.06e-04,
870,3.20e-01,-8.00e-01,
871,3.20e-01,8.00e-01,
872,3.20e-01,-1.06e-04,
873,3.28e-01,-1.06e-04,
874,3.20e-01,-1.06e-04,
875,3.28e-01,-1.06e-04,
876,3.28e-01,-1.06e-04,
877,3.36e-01,-1.06e-04,
878,3.36e-01,-1.06e-04,
879,3.36e-01,-1.06e-04,
880,3.36e-01,-1.06e-04,
881,3.44e-01,-1.06e-04,
882,3.36e-01,-1.06e-04,
883,3.36e-01,-1.06e-04,
884,3.28e-01,-1.06e-04,
885,3.36e-01,-1.06e-04,
886,3.36e-01,-1.06e-04,
887,3.36e-01,-1.06e-04,
888,3.28e-01,-1.06e-04,
889,3.36e-01,-1.06e-04,
890,3.28e-01,-1.06e-04,
891,3.36e-01,-1.06e-04,
892,3.28e-01,-1.06e-04,
893,3.36e-01,-1.06e-04,
894,3.36e-01,-1.06e-04,
895,3.36e-01,-1.06e-04,
896,3.36e-01,-1.06e-04,
897,3.44e-01,-1.06e-04,
898,3.36e-01,-1.06e-04,
899,3.44e-01,-1.06e-04,
900,3.36e-01,-1.06e-04,
901,3.44e-01,-1.06e-04,
902,3.36e-01,-1.06e-04,
903,3.44e-01,-1.06e-04,
904,3.36e-01,-1.06e-04,
905,3.36e-01,-1.06e-04,
906,3.28e-01,-8.00e-01,
907,3.28e-01,-1.06e-04,
908,3.28e-01,-1.06e-04,
909,3.36e-01,-1.06e-04,
910,3.36e-01,-1.06e-04,
911,3.44e-01,-1.06e-04,
912,3.44e-01,-1.06e-04,
913,3.52e-01,-1.06e-04,
914,3.44e-01,-1.06e-04,
915,3.52e-01,-1.06e-04,
916,3.44e-01,-1.06e-04,
917,3.52e-01,-1.06e-04,
918,3.36e-01,-1.06e-04,
919,3.36e-01,-1.06e-04,
920,3.28e-01,-1.06e-04,
921,3.36e-01,-1.06e-04,
922,3.28e-01,-1.06e-04,
923,3.36e-01,-1.06e-04,
924,3.36e-01,-1.06e-04,
925,3.44e-01,-1.06e-04,
926,3.44e-01,-1.06e-04,
927,3.44e-01,-1.06e-04,
928,3.44e-01,8.00e-01,
929,3.60e-01,-1.06e-04,
930,3.44e-01,-1.06e-04,
931,3.52e-01,-1.06e-04,
932,3.44e-01,-1.06e-04,
933,3.44e-01,-1.06e-04,
934,3.36e-01,-1.06e-04,
935,3.36e-01,-1.06e-04,
936,3.36e-01,-1.06e-04,
937,3.44e-01,-1.06e-04,
938,3.36e-01,-1.06e-04,
939,3.44e-01,-1.06e-04,
940,3.44e-01,-1.06e-04,
941,3.52e-01,-1.06e-04,
942,3.52e-01,-1.06e-04,
943,3.52e-01,-1.06e-04,
944,3.44e-01,8.00e-01,
945,3.52e-01,-1.06e-04,
946,3.44e-01,-1.06e-04,
947,3.44e-01,-1.06e-04,
948,3.36e-01,-1.06e-04,
949,3.44e-01,-1.06e-04,
950,3.36e-01,-1.06e-04,
951,3.36e-01,-1.06e-04,
952,3.28e-01,8.00e-01,
953,3.36e-01,-1.06e-04,
954,3.28e-01,-1.06e-04,
955,3.36e-01,8.00e-01,
956,3.28e-01,8.00e-01,
957,3.44e-01,8.00e-01,
958,3.36e-01,8.00e-01,
959,3.44e-01,8.00e-01,
960,3.44e-01,1.60e+00,
961,3.52e-01,8.00e-01,
962,3.44e-01,8.00e-01,
963,3.44e-01,1.60e+00,
964,3.44e-01,1.60e+00,
965,3.44e-01,1.60e+00,
966,3.36e-01,1.60e+00,
967,3.36e-01,1.60e+00,
968,3.36e-01,2.40e+00,
969,3.44e-01,1.60e+00,
970,3.36e-01,1.60e+00,
971,3.36e-01,2.40e+00,
972,3.36e-01,2.40e+00,
973,3.44e-01,2.40e+00,
974,3.36e-01,2.40e+00,
975,3.44e-01,4.00e+00,
976,3.36e-01,4.00e+00,
977,3.44e-01,4.00e+00,
978,3.44e-01,4.00e+00,
979,3.44e-01,4.00e+00,
980,3.36e-01,4.80e+00,
981,3.44e-01,4.00e+00,
982,3.36e-01,4.00e+00,
983,3.44e-01,4.80e+00,
984,3.36e-01,4.80e+00,
985,3.44e-01,4.80e+00,
986,3.36e-01,4.80e+00,
987,3.36e-01,5.60e+00,
988,3.36e-01,5.60e+00,
989,3.44e-01,5.60e+00,
990,3.36e-01,5.60e+00,
991,3.44e-01,5.60e+00,
992,3.36e-01,6.40e+00,
993,3.44e-01,5.60e+00,
994,3.36e-01,5.60e+00,
995,3.36e-01,6.40e+00,
996,3.28e-01,7.20e+00,
997,3.36e-01,6.40e+00,
998,3.28e-01,7.20e+00,
999,3.20e-01,7.20e+00,
1000,3.04e-01,8.00e+00,
1001,3.04e-01,8.00e+00,
1002,2.80e-01,8.80e+00,
1003,2.72e-01,9.60e+00,
1004,2.64e-01,9.60e+00,
1005,2.64e-01,1.04e+01,
1006,2.48e-01,1.12e+01,
1007,2.48e-01,1.20e+01,
1008,2.32e-01,1.36e+01,
1009,2.24e-01,1.44e+01,
1010,2.08e-01,1.60e+01,
1011,1.84e-01,1.84e+01,
1012,1.60e-01,2.00e+01,
1013,1.44e-01,2.16e+01,
1014,1.12e-01,2.40e+01,
1015,9.60e-02,2.64e+01,
1016,8.00e-02,2.88e+01,
1017,6.40e-02,3.28e+01,
1018,6.40e-02,3.60e+01,
1019,6.40e-02,3.92e+01,
1020,5.60e-02,4.32e+01,
1021,5.60e-02,4.64e+01,
1022,4.00e-02,5.12e+01,
1023,2.40e-02,5.52e+01,
1024,0.00e+00,5.92e+01,
1025,-2.40e-02,6.40e+01,
1026,-5.60e-02,6.80e+01,
1027,-8.00e-02,7.20e+01,
1028,-1.12e-01,7.68e+01,
1029,-1.36e-01,8.08e+01,
1030,-1.76e-01,8.40e+01,
1031,-2.00e-01,8.80e+01,
1032,-2.32e-01,9.20e+01,
1033,-2.56e-01,9.60e+01,
1034,-2.88e-01,9.92e+01,
1035,-3.12e-01,1.02e+02,
1036,-3.36e-01,1.06e+02,
1037,-3.60e-01,1.10e+02,
1038,-3.84e-01,1.11e+02,
1039,-4.00e-01,1.14e+02,
1040,-4.08e-01,1.15e+02,
1041,-4.32e-01,1.18e+02,
1042,-4.32e-01,1.18e+02,
1043,-4.32e-01,1.19e+02,
1044,-4.16e-01,1.21e+02,
1045,-4.00e-01,1.21e+02,
1046,-3.60e-01,1.21e+02,
1047,-3.20e-01,1.18e+02,
1048,-2.88e-01,1.17e+02,
1049,-2.64e-01,1.15e+02,
1050,-2.40e-01,1.12e+02,
1051,-2.32e-01,1.08e+02,
1052,-2.40e-01,1.03e+02,
1053,-2.48e-01,9.92e+01,
1054,-2.48e-01,9.36e+01,
1055,-2.48e-01,8.72e+01,
1056,-2.48e-01,8.16e+01,
1057,-2.40e-01,7.52e+01,
1058,-2.32e-01,6.88e+01,
1059,-2.32e-01,6.24e+01,
1060,-2.32e-01,5.52e+01,
1061,-2.40e-01,4.88e+01,
1062,-2.48e-01,4.16e+01,
1063,-2.56e-01,3.60e+01,
1064,-2.56e-01,2.96e+01,
1065,-2.64e-01,2.40e+01,
1066,-2.72e-01,2.00e+01,
1067,-2.88e-01,1.36e+01,
1068,-3.04e-01,1.12e+01,
1069,-3.12e-01,7.20e+00,
1070,-3.04e-01,4.00e+00,
1071,-2.72e-01,2.40e+00,
1072,-2.16e-01,-1.06e-04,
1073,-1.52e-01,-8.00e-01,
1074,-8.00e-02,-1.60e+00,
1075,-4.00e-02,-1.60e+00,
1076,-2.40e-02,-8.00e-01,
1077,1.60e-02,-8.00e-01,
1078,8.00e-02,-8.00e-01,
1079,1.52e-01,-1.06e-04,
1080,2.32e-01,-1.06e-04,
1081,3.28e-01,-1.06e-04,
1082,3.68e-01,-1.06e-04,
1083,3.84e-01,8.00e-01,
1084,3.60e-01,8.00e-01,
1085,3.28e-01,-1.06e-04,
1086,2.56e-01,-8.00e-01,
1087,1.92e-01,-1.06e-04,
1088,1.44e-01,-1.06e-04,
1089,1.12e-01,-8.00e-01,
1090,1.12e-01,-8.00e-01,
1091,1.44e-01,-1.06e-04,
1092,2.00e-01,-1.06e-04,
1093,2.72e-01,-1.06e-04,
1094,3.36e-01,-1.06e-04,
1095,3.92e-01,8.00e-01,
1096,4.24e-01,8.00e-01,
1097,4.40e-01,8.00e-01,
1098,4.00e-01,8.00e-01,
1099,3.44e-01,1.60e+00,
1100,2.32e-01,1.60e+00,
1101,1.36e-01,1.60e+00,
1102,2.40e-02,2.40e+00,
1103,-3.20e-02,4.80e+00,
1104,-4.00e-02,6.40e+00,
1105,0.00e+00,8.00e+00,
1106,8.00e-02,9.60e+00,
1107,1.52e-01,1.20e+01,
1108,2.00e-01,1.52e+01,
1109,2.16e-01,1.84e+01,
1110,1.52e-01,2.16e+01,
1111,3.20e-02,2.48e+01,
1112,-1.12e-01,2.88e+01,
1113,-2.40e-01,3.28e+01,
1114,-2.96e-01,3.68e+01,
1115,-2.56e-01,4.16e+01,
1116,-1.36e-01,4.56e+01,
1117,0.00e+00,5.04e+01,
1118,9.60e-02,5.44e+01,
1119,1.04e-01,5.84e+01,
1120,0.00e+00,6.40e+01,
1121,-1.52e-01,6.80e+01,
1122,-2.80e-01,7.12e+01,
1123,-3.36e-01,7.52e+01,
1124,-2.80e-01,7.84e+01,
1125,-1.60e-01,8.16e+01,
1126,-3.20e-02,8.32e+01,
1127,1.60e-02,8.56e+01,
1128,-3.20e-02,8.72e+01,
1129,-1.60e-01,8.88e+01,
1130,-2.72e-01,8.96e+01,
1131,-3.28e-01,9.04e+01,
1132,-2.88e-01,8.96e+01,
1133,-1.84e-01,8.88e+01,
1134,-7.20e-02,8.80e+01,
1135,-3.20e-02,8.64e+01,
1136,-7.20e-02,8.48e+01,
1137,-1.68e-01,8.32e+01,
1138,-2.64e-01,8.00e+01,
1139,-2.96e-01,7.76e+01,
1140,-2.64e-01,7.28e+01,
1141,-1.84e-01,6.96e+01,
1142,-9.60e-02,6.56e+01,
1143,-5.60e-02,6.08e+01,
1144,-8.00e-02,5.68e+01,
1145,-1.28e-01,5.36e+01,
1146,-2.08e-01,4.88e+01,
1147,-2.40e-01,4.40e+01,
1148,-2.32e-01,4.00e+01,
1149,-1.92e-01,3.60e+01,
1150,-1.28e-01,3.12e+01,
1151,-8.00e-02,2.72e+01,
1152,-6.40e-02,2.40e+01,
1153,-7.20e-02,2.08e+01,
1154,-1.04e-01,1.68e+01,
1155,-1.36e-01,1.44e+01,
1156,-1.60e-01,1.20e+01,
1157,-1.52e-01,1.04e+01,
1158,-1.12e-01,8.00e+00,
1159,-6.40e-02,7.20e+00,
1160,0.00e+00,6.40e+00,
1161,8.00e-02,4.00e+00,
1162,1.20e-01,4.00e+00,
1163,1.52e-01,2.40e+00,
1164,1.68e-01,2.40e+00,
1165,1.76e-01,1.60e+00,
1166,1.68e-01,8.00e-01,
1167,1.60e-01,8.00e-01,
1168,1.52e-01,8.00e-01,
1169,1.60e-01,-1.06e-04,
1170,1.68e-01,-1.06e-04,
1171,1.84e-01,8.00e-01,
1172,2.08e-01,8.00e-01,
1173,2.40e-01,8.00e-01,
1174,2.48e-01,8.00e-01,
1175,2.64e-01,1.60e+00,
1176,2.56e-01,2.40e+00,
1177,2.48e-01,2.40e+00,
1178,2.16e-01,4.00e+00,
1179,1.84e-01,4.80e+00,
1180,1.36e-01,5.60e+00,
1181,1.04e-01,6.40e+00,
1182,6.40e-02,8.00e+00,
1183,4.80e-02,9.60e+00,
1184,4.80e-02,1.20e+01,
1185,5.60e-02,1.36e+01,
1186,5.60e-02,1.52e+01,
1187,5.60e-02,1.92e+01,
1188,3.20e-02,2.16e+01,
1189,0.00e+00,2.48e+01,
1190,-4.80e-02,2.80e+01,
1191,-8.00e-02,3.12e+01,
1192,-9.60e-02,3.60e+01,
1193,-8.80e-02,3.92e+01,
1194,-6.40e-02,4.24e+01,
1195,-2.40e-02,4.56e+01,
1196,-8.00e-03,5.04e+01,
1197,-8.00e-03,5.36e+01,
1198,-4.80e-02,5.68e+01,
1199,-9.60e-02,6.00e+01,
1200,-1.36e-01,6.40e+01,
1201,-1.60e-01,6.64e+01,
1202,-1.36e-01,6.88e+01,
1203,-1.04e-01,7.04e+01,
1204,-7.20e-02,7.28e+01,
1205,-6.40e-02,7.44e+01,
1206,-8.00e-02,7.52e+01,
1207,-1.20e-01,7.68e+01,
1208,-1.68e-01,7.76e+01,
1209,-1.84e-01,7.84e+01,
1210,-1.76e-01,7.76e+01,
1211,-1.36e-01,7.68e+01,
1212,-1.04e-01,7.52e+01,
1213,-9.60e-02,7.44e+01,
1214,-1.04e-01,7.28e+01,
1215,-1.28e-01,7.12e+01,
1216,-1.68e-01,6.88e+01,
1217,-1.84e-01,6.64e+01,
1218,-1.68e-01,6.40e+01,
1219,-1.52e-01,6.00e+01,
1220,-1.12e-01,5.76e+01,
1221,-9.60e-02,5.44e+01,
1222,-9.60e-02,5.12e+01,
1223,-1.04e-01,4.80e+01,
1224,-1.28e-01,4.40e+01,
1225,-1.36e-01,4.08e+01,
1226,-1.36e-01,3.76e+01,
1227,-1.20e-01,3.44e+01,
1228,-1.04e-01,3.12e+01,
1229,-8.00e-02,2.80e+01,
1230,-6.40e-02,2.48e+01,
1231,-6.40e-02,2.24e+01,
1232,-6.40e-02,2.08e+01,
1233,-6.40e-02,1.68e+01,
1234,-6.40e-02,1.52e+01,
1235,-5.60e-02,1.36e+01,
1236,-4.00e-02,1.20e+01,
1237,-8.00e-03,1.04e+01,
1238,1.60e-02,9.60e+00,
1239,5.60e-02,8.80e+00,
1240,8.80e-02,8.00e+00,
1241,1.12e-01,6.40e+00,
1242,1.28e-01,6.40e+00,
1243,1.36e-01,6.40e+00,
1244,1.36e-01,5.60e+00,
1245,1.44e-01,5.60e+00,
1246,1.36e-01,4.80e+00,
1247,1.44e-01,5.60e+00,
1248,1.44e-01,5.60e+00,
1249,1.60e-01,5.60e+00,
1250,1.60e-01,5.60e+00,
1251,1.76e-01,6.40e+00,
1252,1.68e-01,7.20e+00,
1253,1.76e-01,7.20e+00,
1254,1.60e-01,8.00e+00,
1255,1.52e-01,8.80e+00,
1256,1.28e-01,1.04e+01,
1257,1.12e-01,1.04e+01,
1258,8.00e-02,1.20e+01,
1259,5.60e-02,1.36e+01,
1260,4.00e-02,1.60e+01,
1261,4.00e-02,1.84e+01,
1262,3.20e-02,2.00e+01,
1263,2.40e-02,2.24e+01,
1264,1.60e-02,2.48e+01,
1265,8.00e-03,2.64e+01,
1266,-8.00e-03,2.96e+01,
1267,-2.40e-02,3.28e+01,
1268,-3.20e-02,3.60e+01,
1269,-4.00e-02,3.84e+01,
1270,-4.80e-02,4.08e+01,
1271,-4.00e-02,4.40e+01,
1272,-4.00e-02,4.64e+01,
1273,-4.80e-02,5.04e+01,
1274,-5.60e-02,5.28e+01,
1275,-6.40e-02,5.52e+01,
1276,-8.00e-02,5.68e+01,
1277,-8.80e-02,5.92e+01,
1278,-8.80e-02,6.08e+01,
1279,-8.80e-02,6.32e+01,
1280,-8.80e-02,6.48e+01,
1281,-8.80e-02,6.64e+01,
1282,-8.80e-02,6.72e+01,
1283,-9.60e-02,6.72e+01,
1284,-1.04e-01,6.80e+01,
1285,-1.12e-01,6.80e+01,
1286,-1.20e-01,6.80e+01,
1287,-1.20e-01,6.72e+01,
1288,-1.12e-01,6.64e+01,
1289,-1.04e-01,6.56e+01,
1290,-1.04e-01,6.48e+01,
1291,-1.04e-01,6.32e+01,
1292,-1.12e-01,6.08e+01,
1293,-1.12e-01,5.92e+01,
1294,-1.20e-01,5.68e+01,
1295,-1.12e-01,5.52e+01,
1296,-1.04e-01,5.28e+01,
1297,-1.04e-01,5.04e+01,
1298,-9.60e-02,4.80e+01,
1299,-8.80e-02,4.48e+01,
1300,-8.80e-02,4.24e+01,
1301,-8.80e-02,4.00e+01,
1302,-8.80e-02,3.68e+01,
1303,-8.80e-02,3.44e+01,
1304,-8.00e-02,3.12e+01,
1305,-6.40e-02,2.88e+01,
1306,-6.40e-02,2.72e+01,
1307,-4.80e-02,2.48e+01,
1308,-4.00e-02,2.32e+01,
1309,-3.20e-02,2.08e+01,
1310,-2.40e-02,1.92e+01,
1311,-1.60e-02,1.84e+01,
1312,-8.00e-03,1.60e+01,
1313,8.00e-03,1.44e+01,
1314,1.60e-02,1.36e+01,
1315,4.00e-02,1.28e+01,
1316,4.80e-02,1.20e+01,
1317,8.00e-02,1.12e+01,
1318,8.80e-02,1.04e+01,
1319,9.60e-02,1.04e+01,
1320,1.04e-01,1.04e+01,
1321,1.12e-01,9.60e+00,
1322,1.12e-01,9.60e+00,
1323,1.20e-01,9.60e+00,
1324,1.12e-01,1.04e+01,
1325,1.28e-01,1.04e+01,
1326,1.20e-01,1.04e+01,
1327,1.20e-01,1.12e+01,
1328,1.12e-01,1.20e+01,
1329,1.20e-01,1.20e+01,
1330,1.04e-01,1.28e+01,
1331,9.60e-02,1.36e+01,
1332,8.80e-02,1.52e+01,
1333,8.00e-02,1.60e+01,
1334,5.60e-02,1.84e+01,
1335,4.80e-02,2.00e+01,
1336,3.20e-02,2.16e+01,
1337,2.40e-02,2.32e+01,
1338,1.60e-02,2.48e+01,
1339,1.60e-02,2.64e+01,
1340,8.00e-03,2.88e+01,
1341,0.00e+00,3.04e+01,
1342,-8.00e-03,3.36e+01,
1343,-1.60e-02,3.60e+01,
1344,-2.40e-02,3.84e+01,
1345,-2.40e-02,4.00e+01,
1346,-4.00e-02,4.24e+01,
1347,-4.00e-02,4.40e+01,
1348,-4.80e-02,4.64e+01,
1349,-4.80e-02,4.88e+01,
1350,-5.60e-02,5.04e+01,
1351,-5.60e-02,5.28e+01,
1352,-6.40e-02,5.44e+01,
1353,-7.20e-02,5.60e+01,
1354,-7.20e-02,5.68e+01,
1355,-7.20e-02,5.76e+01,
1356,-8.00e-02,5.84e+01,
1357,-8.00e-02,5.92e+01,
1358,-8.00e-02,6.00e+01,
1359,-8.00e-02,6.00e+01,
1360,-8.80e-02,6.00e+01,
1361,-8.80e-02,6.00e+01,
1362,-9.60e-02,6.00e+01,
1363,-9.60e-02,5.92e+01,
1364,-9.60e-02,5.84e+01,
1365,-8.80e-02,5.76e+01,
1366,-8.80e-02,5.60e+01,
1367,-8.80e-02,5.52e+01,
1368,-8.80e-02,5.36e+01,
1369,-8.80e-02,5.20e+01,
1370,-8.80e-02,5.04e+01,
1371,-8.80e-02,4.88e+01,
1372,-8.80e-02,4.64e+01,
1373,-8.00e-02,4.40e+01,
1374,-8.00e-02,4.24e+01,
1375,-7.20e-02,4.08e+01,
1376,-7.20e-02,3.84e+01,
1377,-6.40e-02,3.68e+01,
1378,-6.40e-02,3.44e+01,
1379,-5.60e-02,3.28e+01,
1380,-4.80e-02,3.04e+01,
1381,-4.00e-02,2.80e+01,
1382,-4.00e-02,2.64e+01,
1383,-3.20e-02,2.48e+01,
1384,-2.40e-02,2.40e+01,
1385,-1.60e-02,2.24e+01,
1386,-8.00e-03,2.08e+01,
1387,0.00e+00,2.00e+01,
1388,8.00e-03,1.92e+01,
1389,2.40e-02,1.68e+01,
1390,3.20e-02,1.60e+01,
1391,4.00e-02,1.52e+01,
1392,4.80e-02,1.52e+01,
1393,6.40e-02,1.44e+01,
1394,6.40e-02,1.44e+01,
1395,8.00e-02,1.44e+01,
1396,8.00e-02,1.44e+01,
1397,8.80e-02,1.36e+01,
1398,8.80e-02,1.36e+01,
1399,9.60e-02,1.44e+01,
1400,8.80e-02,1.44e+01,
1401,9.60e-02,1.44e+01,
1402,8.80e-02,1.52e+01,
1403,8.80e-02,1.60e+01,
1404,8.00e-02,1.68e+01,
1405,8.00e-02,1.68e+01,
1406,6.40e-02,1.84e+01,
1407,5.60e-02,2.00e+01,
1408,4.80e-02,2.08e+01,
1409,4.00e-02,2.16e+01,
1410,3.20e-02,2.32e+01,
1411,2.40e-02,2.48e+01,
1412,1.60e-02,2.64e+01,
1413,1.60e-02,2.72e+01,
1414,8.00e-03,2.88e+01,
1415,8.00e-03,3.12e+01,
1416,0.00e+00,3.36e+01,
1417,-8.00e-03,3.52e+01,
1418,-1.60e-02,3.68e+01,
1419,-1.60e-02,3.84e+01,
1420,-2.40e-02,4.00e+01,
1421,-3.20e-02,4.16e+01,
1422,-4.00e-02,4.32e+01,
1423,-4.00e-02,4.48e+01,
1424,-4.00e-02,4.64e+01,
1425,-4.80e-02,4.88e+01,
1426,-4.80e-02,4.96e+01,
1427,-4.80e-02,5.04e+01,
1428,-5.60e-02,5.20e+01,
1429,-6.40e-02,5.28e+01,
1430,-6.40e-02,5.36e+01,
1431,-6.40e-02,5.44e+01,
1432,-7.20e-02,5.44e+01,
1433,-7.20e-02,5.44e+01,
1434,-7.20e-02,5.44e+01,
1435,-7.20e-02,5.44e+01,
1436,-7.20e-02,5.44e+01,
1437,-8.00e-02,5.44e+01,
1438,-8.00e-02,5.36e+01,
1439,-8.00e-02,5.28e+01,
1440,-8.00e-02,5.20e+01,
1441,-7.20e-02,5.12e+01,
1442,-7.20e-02,5.04e+01,
1443,-7.20e-02,4.88e+01,
1444,-7.20e-02,4.80e+01,
1445,-7.20e-02,4.56e+01,
1446,-7.20e-02,4.40e+01,
1447,-6.40e-02,4.32e+01,
1448,-6.40e-02,4.16e+01,
1449,-5.60e-02,4.00e+01,
1450,-5.60e-02,3.84e+01,
1451,-4.80e-02,3.68e+01,
1452,-4.80e-02,3.52e+01,
1453,-4.00e-02,3.36e+01,
1454,-4.00e-02,3.12e+01,
1455,-3.20e-02,3.04e+01,
1456,-3.20e-02,2.88e+01,
1457,-2.40e-02,2.72e+01,
1458,-1.60e-02,2.64e+01,
1459,-8.00e-03,2.48e+01,
1460,-8.00e-03,2.40e+01,
1461,8.00e-03,2.24e+01,
1462,8.00e-03,2.16e+01,
1463,1.60e-02,2.16e+01,
1464,2.40e-02,2.08e+01,
1465,3.20e-02,1.92e+01,
1466,3.20e-02,2.00e+01,
1467,4.00e-02,1.84e+01,
1468,4.80e-02,1.92e+01,
1469,5.60e-02,1.84e+01,
1470,5.60e-02,1.68e+01,
1471,5.60e-02,1.84e+01,
1472,5.60e-02,1.84e+01,
1473,6.40e-02,1.84e+01,
1474,5.60e-02,1.84e+01,
1475,6.40e-02,1.92e+01,
1476,5.60e-02,1.92e+01,
1477,6.40e-02,2.00e+01,
1478,5.60e-02,2.00e+01,
1479,4.80e-02,2.08e+01,
1480,4.80e-02,2.16e+01,
1481,4.80e-02,2.24e+01,
1482,4.00e-02,2.32e+01,
1483,3.20e-02,2.48e+01,
1484,2.40e-02,2.56e+01,
1485,2.40e-02,2.64e+01,
1486,1.60e-02,2.80e+01,
1487,1.60e-02,2.88e+01,
1488,8.00e-03,3.04e+01,
1489,0.00e+00,3.12e+01,
1490,-8.00e-03,3.36e+01,
1491,-8.00e-03,3.52e+01,
1492,-1.60e-02,3.68e+01,
1493,-1.60e-02,3.76e+01,
1494,-2.40e-02,3.92e+01,
1495,-2.40e-02,4.00e+01,
1496,-3.20e-02,4.16e+01,
1497,-3.20e-02,4.24e+01,
1498,-4.00e-02,4.40e+01,
1499,-4.00e-02,4.48e+01,
1500,-4.80e-02,4.56e+01,
1501,-4.00e-02,4.80e+01,
1502,-4.80e-02,4.80e+01,
1503,-4.80e-02,4.88e+01,
1504,-5.60e-02,4.96e+01,
1505,-5.60e-02,5.04e+01,
1506,-5.60e-02,5.04e+01,
1507,-5.60e-02,5.04e+01,
1508,-6.40e-02,5.04e+01,
1509,-6.40e-02,5.04e+01,
1510,-6.40e-02,5.04e+01,
1511,-6.40e-02,5.04e+01,
1512,-6.40e-02,4.96e+01,
1513,-6.40e-02,4.96e+01,
1514,-6.40e-02,4.88e+01,
1515,-6.40e-02,4.80e+01,
1516,-6.40e-02,4.64e+01,
1517,-6.40e-02,4.56e+01,
1518,-6.40e-02,4.40e+01,
1519,-5.60e-02,4.32e+01,
1520,-5.60e-02,4.24e+01,
1521,-5.60e-02,4.08e+01,
1522,-5.60e-02,4.00e+01,
1523,-4.80e-02,3.92e+01,
1524,-4.80e-02,3.76e+01,
1525,-4.00e-02,3.60e+01,
1526,-4.00e-02,3.52e+01,
1527,-3.20e-02,3.36e+01,
1528,-3.20e-02,3.28e+01,
1529,-2.40e-02,3.04e+01,
1530,-2.40e-02,2.96e+01,
1531,-1.60e-02,2.88e+01,
1532,-1.60e-02,2.80e+01,
1533,-8.00e-03,2.64e+01,
1534,-8.00e-03,2.56e+01,
1535,0.00e+00,2.48e+01,
1536,8.00e-03,2.48e+01,
1537,8.00e-03,2.40e+01,
1538,1.60e-02,2.32e+01,
1539,2.40e-02,2.24e+01,
1540,2.40e-02,2.24e+01,
1541,3.20e-02,2.16e+01,
1542,3.20e-02,2.16e+01,
1543,4.00e-02,2.16e+01,
1544,4.00e-02,2.16e+01,
1545,4.00e-02,2.08e+01,
1546,4.00e-02,2.08e+01,
1547,4.00e-02,2.16e+01,
1548,4.00e-02,2.16e+01,
1549,4.00e-02,2.16e+01,
1550,4.00e-02,2.16e+01,
1551,4.00e-02,2.24e+01,
1552,4.00e-02,2.32e+01,
1553,4.00e-02,2.32e+01,
1554,3.20e-02,2.40e+01,
1555,3.20e-02,2.48e+01,
1556,2.40e-02,2.56e+01,
1557,2.40e-02,2.64e+01,
1558,1.60e-02,2.72e+01,
1559,1.60e-02,2.80e+01,
1560,8.00e-03,2.96e+01,
1561,8.00e-03,3.04e+01,
1562,0.00e+00,3.12e+01,
1563,0.00e+00,3.28e+01,
1564,0.00e+00,3.44e+01,
1565,-8.00e-03,3.52e+01,
1566,-8.00e-03,3.60e+01,
1567,-1.60e-02,3.76e+01,
1568,-2.40e-02,3.84e+01,
1569,-1.60e-02,3.92e+01,
1570,-2.40e-02,4.00e+01,
1571,-2.40e-02,4.08e+01,
1572,-3.20e-02,4.24e+01,
1573,-3.20e-02,4.32e+01,
1574,-4.00e-02,4.32e+01,
1575,-4.00e-02,4.40e+01,
1576,-4.00e-02,4.48e+01,
1577,-4.00e-02,4.56e+01,
1578,-4.80e-02,4.56e+01,
1579,-4.80e-02,4.64e+01,
1580,-4.80e-02,4.64e+01,
1581,-4.80e-02,4.64e+01,
1582,-5.60e-02,4.64e+01,
1583,-5.60e-02,4.64e+01,
1584,-5.60e-02,4.64e+01,
1585,-4.80e-02,4.64e+01,
1586,-5.60e-02,4.56e+01,
1587,-4.80e-02,4.56e+01,
1588,-5.60e-02,4.48e+01,
1589,-4.80e-02,4.40e+01,
1590,-5.60e-02,4.32e+01,
1591,-4.80e-02,4.32e+01,
1592,-4.80e-02,4.24e+01,
1593,-4.80e-02,4.16e+01,
1594,-4.80e-02,4.00e+01,
1595,-4.00e-02,4.00e+01,
1596,-4.80e-02,3.84e+01,
1597,-4.00e-02,3.76e+01,
1598,-4.00e-02,3.68e+01,
1599,-3.20e-02,3.60e+01,
1600,-3.20e-02,3.52e+01,
1601,-2.40e-02,3.36e+01,
1602,-2.40e-02,3.28e+01,
1603,-2.40e-02,3.12e+01,
1604,-1.60e-02,3.04e+01,
1605,-1.60e-02,2.96e+01,
1606,-8.00e-03,2.88e+01,
1607,-8.00e-03,2.80e+01,
1608,0.00e+00,2.72e+01,
1609,0.00e+00,2.64e+01,
1610,0.00e+00,2.64e+01,
1611,8.00e-03,2.56e+01,
1612,8.00e-03,2.56e+01,
1613,1.60e-02,2.48e+01,
1614,1.60e-02,2.40e+01,
1615,2.40e-02,2.40e+01,
1616,2.40e-02,2.40e+01,
1617,3.20e-02,2.40e+01,
1618,2.40e-02,2.32e+01,
1619,3.20e-02,2.40e+01,
1620,3.20e-02,2.40e+01,
1621,3.20e-02,2.40e+01,
1622,3.20e-02,2.40e+01,
1623,3.20e-02,2.40e+01,
1624,3.20e-02,2.48e+01,
1625,3.20e-02,2.48e+01,
1626,2.40e-02,2.48e+01,
1627,2.40e-02,2.56e+01,
1628,2.40e-02,2.64e+01,
1629,2.40e-02,2.64e+01,
1630,1.60e-02,2.72e+01,
1631,1.60e-02,2.80e+01,
1632,8.00e-03,2.88e+01,
1633,1.60e-02,2.96e+01,
1634,8.00e-03,3.04e+01,
1635,8.00e-03,3.12e+01,
1636,0.00e+00,3.28e+01,
1637,0.00e+00,3.36e+01,
1638,0.00e+00,3.44e+01,
1639,-8.00e-03,3.52e+01,
1640,-8.00e-03,3.60e+01,
1641,-1.60e-02,3.68e+01,
1642,-1.60e-02,3.76e+01,
1643,-1.60e-02,3.84e+01,
1644,-2.40e-02,3.92e+01,
1645,-2.40e-02,4.00e+01,
1646,-2.40e-02,4.08e+01,
1647,-3.20e-02,4.16e+01,
1648,-3.20e-02,4.16e+01,
1649,-3.20e-02,4.24e+01,
1650,-4.00e-02,4.24e+01,
1651,-4.00e-02,4.32e+01,
1652,-4.00e-02,4.40e+01,
1653,-4.00e-02,4.40e+01,
1654,-4.00e-02,4.40e+01,
1655,-4.00e-02,4.40e+01,
1656,-4.00e-02,4.40e+01,
1657,-4.00e-02,4.40e+01,
1658,-4.00e-02,4.40e+01,
1659,-4.80e-02,4.32e+01,
1660,-4.80e-02,4.32e+01,
1661,-4.00e-02,4.32e+01,
1662,-4.80e-02,4.24e+01,
1663,-4.00e-02,4.24e+01,
1664,-4.80e-02,4.16e+01,
1665,-4.00e-02,4.08e+01,
1666,-4.00e-02,4.00e+01,
1667,-4.00e-02,3.92e+01,
1668,-4.00e-02,3.92e+01,
1669,-3.20e-02,3.84e+01,
1670,-3.20e-02,3.76e+01,
1671,-3.20e-02,3.68e+01,
1672,-3.20e-02,3.60e+01,
1673,-3.20e-02,3.52e+01,
1674,-2.40e-02,3.44e+01,
1675,-2.40e-02,3.36e+01,
1676,-2.40e-02,3.28e+01,
1677,-1.60e-02,3.12e+01,
1678,-1.60e-02,3.04e+01,
1679,-8.00e-03,3.04e+01,
1680,-8.00e-03,2.96e+01,
1681,0.00e+00,2.88e+01,
1682,0.00e+00,2.80e+01,
1683,0.00e+00,2.80e+01,
1684,0.00e+00,2.72e+01,
1685,8.00e-03,2.72e+01,
1686,8.00e-03,2.64e+01,
1687,1.60e-02,2.64e+01,
1688,1.60e-02,2.64e+01,
1689,1.60e-02,2.56e+01,
1690,1.60e-02,2.56e+01,
1691,2.40e-02,2.56e+01,
1692,1.60e-02,2.56e+01,
1693,2.40e-02,2.56e+01,
1694,1.60e-02,2.56e+01,
1695,2.40e-02,2.56e+01,
1696,2.40e-02,2.64e+01,
1697,2.40e-02,2.64e+01,
1698,1.60e-02,2.64e+01,
1699,2.40e-02,2.72e+01,
1700,1.60e-02,2.72e+01,
1701,2.40e-02,2.72e+01,
1702,1.60e-02,2.80e+01,
1703,1.60e-02,2.88e+01,
1704,8.00e-03,2.96e+01,
1705,1.60e-02,2.96e+01,
1706,8.00e-03,3.04e+01,
1707,8.00e-03,3.12e+01,
1708,0.00e+00,3.12e+01,
1709,0.00e+00,3.28e+01,
1710,0.00e+00,3.36e+01,
1711,0.00e+00,3.44e+01,
1712,-8.00e-03,3.52e+01,
1713,-8.00e-03,3.52e+01,
1714,-1.60e-02,3.60e+01,
1715,-8.00e-03,3.68e+01,
1716,-1.60e-02,3.76e+01,
1717,-1.60e-02,3.84e+01,
1718,-2.40e-02,3.84e+01,
1719,-2.40e-02,3.92e+01,
1720,-2.40e-02,4.00e+01,
1721,-2.40e-02,4.00e+01,
1722,-3.20e-02,4.00e+01,
1723,-3.20e-02,4.08e+01,
1724,-3.20e-02,4.16e+01,
1725,-3.20e-02,4.16e+01,
1726,-3.20e-02,4.16e+01,
1727,-3.20e-02,4.16e+01,
1728,-4.00e-02,4.16e+01,
1729,-3.20e-02,4.16e+01,
1730,-4.00e-02,4.16e+01,
1731,-4.00e-02,4.16e+01,
1732,-4.00e-02,4.16e+01,
1733,-4.00e-02,4.16e+01,
1734,-4.00e-02,4.08e+01,
1735,-4.00e-02,4.08e+01,
1736,-4.00e-02,4.08e+01,
1737,-3.20e-02,4.00e+01,
1738,-4.00e-02,4.00e+01,
1739,-3.20e-02,3.92e+01,
1740,-3.20e-02,3.92e+01,
1741,-3.20e-02,3.84e+01,
1742,-3.20e-02,3.76e+01,
1743,-3.20e-02,3.76e+01,
1744,-3.20e-02,3.68e+01,
1745,-2.40e-02,3.60e+01,
1746,-2.40e-02,3.52e+01,
1747,-2.40e-02,3.52e+01,
1748,-2.40e-02,3.44e+01,
1749,-1.60e-02,3.36e+01,
1750,-1.60e-02,3.28e+01,
1751,-1.60e-02,3.28e+01,
1752,-1.60e-02,3.12e+01,
1753,-8.00e-03,3.04e+01,
1754,-8.00e-03,2.96e+01,
1755,0.00e+00,2.96e+01,
1756,0.00e+00,2.96e+01,
1757,0.00e+00,2.88e+01,
1758,0.00e+00,2.88e+01,
1759,0.00e+00,2.80e+01,
1760,8.00e-03,2.80e+01,
1761,8.00e-03,2.80e+01,
1762,8.00e-03,2.72e+01,
1763,8.00e-03,2.72e+01,
1764,8.00e-03,2.72e+01,
1765,1.60e-02,2.72e+01,
1766,1.60e-02,2.72e+01,
1767,1.60e-02,2.72e+01,
1768,1.60e-02,2.72e+01,
1769,1.60e-02,2.72e+01,
1770,1.60e-02,2.72e+01,
1771,1.60e-02,2.80e+01,
1772,8.00e-03,2.80e+01,
1773,1.60e-02,2.80e+01,
1774,8.00e-03,2.88e+01,
1775,8.00e-03,2.88e+01,
1776,8.00e-03,2.96e+01,
1777,8.00e-03,2.96e+01,
1778,8.00e-03,3.04e+01,
1779,8.00e-03,3.04e+01,
1780,0.00e+00,3.12e+01,
1781,0.00e+00,3.28e+01,
1782,0.00e+00,3.28e+01,
1783,0.00e+00,3.36e+01,
1784,-8.00e-03,3.44e+01,
1785,-8.00e-03,3.44e+01,
1786,-8.00e-03,3.52e+01,
1787,-8.00e-03,3.60e+01,
1788,-1.60e-02,3.60e+01,
1789,-1.60e-02,3.68e+01,
1790,-1.60e-02,3.68e+01,
1791,-1.60e-02,3.76e+01,
1792,-2.40e-02,3.84e+01,
1793,-2.40e-02,3.84e+01,
1794,-2.40e-02,3.84e+01,
1795,-2.40e-02,3.92e+01,
1796,-2.40e-02,3.92e+01,
1797,-2.40e-02,3.92e+01,
1798,-2.40e-02,4.00e+01,
1799,-2.40e-02,4.00e+01,
1800,-3.20e-02,4.00e+01,
1801,-3.20e-02,4.00e+01,
1802,-3.20e-02,4.00e+01,
1803,-3.20e-02,4.00e+01,
1804,-3.20e-02,4.00e+01,
1805,-3.20e-02,4.00e+01,
1806,-3.20e-02,4.00e+01,
1807,-3.20e-02,4.00e+01,
1808,-3.20e-02,4.00e+01,
1809,-3.20e-02,3.92e+01,
1810,-3.20e-02,3.92e+01,
1811,-3.20e-02,3.92e+01,
1812,-3.20e-02,3.84e+01,
1813,-3.20e-02,3.84e+01,
1814,-3.20e-02,3.76e+01,
1815,-3.20e-02,3.76e+01,
1816,-2.40e-02,3.68e+01,
1817,-2.40e-02,3.68e+01,
1818,-2.40e-02,3.60e+01,
1819,-2.40e-02,3.52e+01,
1820,-2.40e-02,3.52e+01,
1821,-1.60e-02,3.44e+01,
1822,-1.60e-02,3.36e+01,
1823,-1.60e-02,3.36e+01,
1824,-1.60e-02,3.36e+01,
1825,-8.00e-03,3.28e+01,
1826,-1.60e-02,3.12e+01,
1827,-8.00e-03,3.12e+01,
1828,-8.00e-03,3.04e+01,
1829,-8.00e-03,3.04e+01,
1830,0.00e+00,2.96e+01,
1831,0.00e+00,2.96e+01,
1832,0.00e+00,2.96e+01,
1833,0.00e+00,2.96e+01,
1834,0.00e+00,2.88e+01,
1835,8.00e-03,2.88e+01,
1836,0.00e+00,2.88e+01,
1837,8.00e-03,2.88e+01,
1838,8.00e-03,2.88e+01,
1839,8.00e-03,2.88e+01,
1840,8.00e-03,2.88e+01,
1841,8.00e-03,2.88e+01,
1842,8.00e-03,2.88e+01,
1843,8.00e-03,2.88e+01,
1844,8.00e-03,2.88e+01,
1845,8.00e-03,2.96e+01,
1846,8.00e-03,2.88e+01,
1847,8.00e-03,2.96e+01,
1848,8.00e-03,3.04e+01,
1849,8.00e-03,3.04e+01,
1850,0.00e+00,3.04e+01,
1851,8.00e-03,3.12e+01,
1852,0.00e+00,3.12e+01,
1853,0.00e+00,3.12e+01,
1854,0.00e+00,3.28e+01,
1855,0.00e+00,3.28e+01,
1856,-8.00e-03,3.36e+01,
1857,0.00e+00,3.36e+01,
1858,-8.00e-03,3.44e+01,
1859,-8.00e-03,3.44e+01,
1860,-8.00e-03,3.52e+01,
1861,-8.00e-03,3.52e+01,
1862,-8.00e-03,3.60e+01,
1863,-1.60e-02,3.68e+01,
1864,-1.60e-02,3.68e+01,
1865,-1.60e-02,3.68e+01,
1866,-1.60e-02,3.76e+01,
1867,-1.60e-02,3.76e+01,
1868,-2.40e-02,3.84e+01,
1869,-2.40e-02,3.84e+01,
1870,-2.40e-02,3.84e+01,
1871,-2.40e-02,3.84e+01,
1872,-2.40e-02,3.84e+01,
1873,-2.40e-02,3.92e+01,
1874,-2.40e-02,3.92e+01,
1875,-2.40e-02,3.92e+01,
1876,-3.20e-02,3.92e+01,
1877,-2.40e-02,3.92e+01,
1878,-3.20e-02,3.92e+01,
1879,-2.40e-02,3.92e+01,
1880,-3.20e-02,3.92e+01,
1881,-2.40e-02,3.84e+01,
1882,-3.20e-02,3.84e+01,
1883,-2.40e-02,3.84e+01,
1884,-3.20e-02,3.84e+01,
1885,-2.40e-02,3.76e+01,
1886,-2.40e-02,3.76e+01,
1887,-2.40e-02,3.68e+01,
1888,-2.40e-02,3.68e+01,
1889,-2.40e-02,3.68e+01,
1890,-2.40e-02,3.60e+01,
1891,-2.40e-02,3.60e+01,
1892,-2.40e-02,3.52e+01,
1893,-1.60e-02,3.52e+01,
1894,-1.60e-02,3.44e+01,
1895,-1.60e-02,3.44e+01,
1896,-1.60e-02,3.44e+01,
1897,-1.60e-02,3.36e+01,
1898,-1.60e-02,3.28e+01,
1899,-8.00e-03,3.28e+01,
1900,-8.00e-03,3.28e+01,
1901,-8.00e-03,3.12e+01,
1902,-8.00e-03,3.12e+01,
1903,-8.00e-03,3.12e+01,
1904,-8.00e-03,3.12e+01,
1905,0.00e+00,3.04e+01,
1906,0.00e+00,3.04e+01,
1907,0.00e+00,3.04e+01,
1908,0.00e+00,3.04e+01,
1909,0.00e+00,2.96e+01,
1910,0.00e+00,2.96e+01,
1911,0.00e+00,2.96e+01,
1912,0.00e+00,2.96e+01,
1913,8.00e-03,2.96e+01,
1914,0.00e+00,2.96e+01,
1915,8.00e-03,2.96e+01,
1916,0.00e+00,2.96e+01,
1917,8.00e-03,2.96e+01,
1918,8.00e-03,2.96e+01,
1919,8.00e-03,3.04e+01,
1920,8.00e-03,3.04e+01,
1921,8.00e-03,3.04e+01,
1922,0.00e+00,3.04e+01,
1923,0.00e+00,3.12e+01,
1924,0.00e+00,3.12e+01,
1925,0.00e+00,3.28e+01,
1926,0.00e+00,3.28e+01,
1927,0.00e+00,3.28e+01,
1928,0.00e+00,3.36e+01,
1929,0.00e+00,3.36e+01,
1930,-8.00e-03,3.36e+01,
1931,-8.00e-03,3.44e+01,
1932,-8.00e-03,3.44e+01,
1933,-8.00e-03,3.52e+01,
1934,-8.00e-03,3.52e+01,
1935,-8.00e-03,3.52e+01,
1936,-1.60e-02,3.60e+01,
1937,-1.60e-02,3.60e+01,
1938,-1.60e-02,3.60e+01,
1939,-1.60e-02,3.68e+01,
1940,-1.60e-02,3.68e+01,
1941,-1.60e-02,3.76e+01,
1942,-1.60e-02,3.76e+01,
1943,-1.60e-02,3.76e+01,
1944,-2.40e-02,3.76e+01,
1945,-1.60e-02,3.76e+01,
1946,-2.40e-02,3.76e+01,
1947,-2.40e-02,3.84e+01,
1948,-2.40e-02,3.84e+01,
1949,-2.40e-02,3.84e+01,
1950,-2.40e-02,3.76e+01,
1951,-2.40e-02,3.84e+01,
1952,-2.40e-02,3.84e+01,
1953,-2.40e-02,3.76e+01,
1954,-2.40e-02,3.76e+01,
1955,-2.40e-02,3.76e+01,
1956,-2.40e-02,3.76e+01,
1957,-2.40e-02,3.76e+01,
1958,-2.40e-02,3.68e+01,
1959,-2.40e-02,3.68e+01,
1960,-2.40e-02,3.68e+01,
1961,-2.40e-02,3.60e+01,
1962,-2.40e-02,3.60e+01,
1963,-1.60e-02,3.60e+01,
1964,-2.40e-02,3.60e+01,
1965,-1.60e-02,3.52e+01,
1966,-1.60e-02,3.52e+01,
1967,-1.60e-02,3.52e+01,
1968,-1.60e-02,3.44e+01,
1969,-8.00e-03,3.44e+01,
1970,-1.60e-02,3.36e+01,
1971,-8.00e-03,3.36e+01,
1972,-1.60e-02,3.36e+01,
1973,-8.00e-03,3.28e+01,
1974,-8.00e-03,3.28e+01,
1975,-8.00e-03,3.28e+01,
1976,-8.00e-03,3.28e+01,
1977,0.00e+00,3.12e+01,
1978,-8.00e-03,3.12e+01,
1979,0.00e+00,3.12e+01,
1980,-8.00e-03,3.12e+01,
1981,0.00e+00,3.04e+01,
1982,0.00e+00,3.04e+01,
1983,0.00e+00,3.04e+01,
1984,0.00e+00,3.04e+01,
1985,8.00e-03,3.04e+01,
1986,0.00e+00,3.04e+01,
1987,0.00e+00,3.04e+01,
1988,0.00e+00,3.04e+01,
1989,8.00e-03,3.04e+01,
1990,0.00e+00,3.04e+01,
1991,0.00e+00,3.04e+01,
1992,0.00e+00,3.12e+01,
1993,0.00e+00,3.12e+01,
1994,0.00e+00,3.12e+01,
1995,0.00e+00,3.12e+01,
1996,0.00e+00,3.28e+01,
1997,0.00e+00,3.28e+01,
1998,0.00e+00,3.28e+01,
1999,0.00e+00,3.28e+01,
2000,0.00e+00,3.36e+01,
2001,0.00e+00,3.36e+01,
2002,-8.00e-03,3.36e+01,
2003,-8.00e-03,3.36e+01,
2004,-8.00e-03,3.44e+01,
2005,-8.00e-03,3.44e+01,
2006,-8.00e-03,3.44e+01,
2007,-8.00e-03,3.52e+01,
2008,-8.00e-03,3.52e+01,
2009,-8.00e-03,3.52e+01,
2010,-1.60e-02,3.52e+01,
2011,-8.00e-03,3.60e+01,
2012,-1.60e-02,3.60e+01,
2013,-1.60e-02,3.60e+01,
2014,-1.60e-02,3.60e+01,
2015,-1.60e-02,3.68e+01,
2016,-1.60e-02,3.68e+01,
2017,-1.60e-02,3.68e+01,
2018,-1.60e-02,3.68e+01,
2019,-1.60e-02,3.76e+01,
2020,-2.40e-02,3.76e+01,
2021,-1.60e-02,3.76e+01,
2022,-2.40e-02,3.76e+01,
2023,-1.60e-02,3.76e+01,
2024,-2.40e-02,3.76e+01,
2025,-2.40e-02,3.76e+01,
2026,-2.40e-02,3.68e+01,
2027,-2.40e-02,3.68e+01,
2028,-2.40e-02,3.68e+01,
2029,-1.60e-02,3.68e+01,
2030,-2.40e-02,3.68e+01,
2031,-2.40e-02,3.68e+01,
2032,-2.40e-02,3.68e+01,
2033,-1.60e-02,3.60e+01,
2034,-2.40e-02,3.60e+01,
2035,-1.60e-02,3.60e+01,
2036,-1.60e-02,3.60e+01,
2037,-1.60e-02,3.52e+01,
2038,-1.60e-02,3.52e+01,
2039,-1.60e-02,3.52e+01,
2040,-1.60e-02,3.52e+01,
2041,-1.60e-02,3.44e+01,
2042,-1.60e-02,3.44e+01,
2043,-1.60e-02,3.44e+01,
2044,-1.60e-02,3.36e+01,
2045,-8.00e-03,3.36e+01,
2046,-8.00e-03,3.36e+01,
2047,-8.00e-03,3.36e+01,
2048,-8.00e-03,3.36e+01,
2049,-8.00e-03,3.28e+01,
2050,-8.00e-03,3.28e+01,
2051,-8.00e-03,3.28e+01,
2052,-8.00e-03,3.28e+01,
2053,0.00e+00,3.12e+01,
2054,-8.00e-03,3.12e+01,
2055,0.00e+00,3.12e+01,
2056,0.00e+00,3.12e+01,
2057,0.00e+00,3.12e+01,
2058,0.00e+00,3.12e+01,
2059,0.00e+00,3.12e+01,
2060,0.00e+00,3.12e+01,
2061,0.00e+00,3.12e+01,
2062,0.00e+00,3.12e+01,
2063,0.00e+00,3.12e+01,
2064,0.00e+00,3.12e+01,
2065,0.00e+00,3.12e+01,
2066,0.00e+00,3.12e+01,
2067,0.00e+00,3.12e+01,
2068,-8.00e-03,3.28e+01,
2069,0.00e+00,3.28e+01,
2070,0.00e+00,3.28e+01,
2071,0.00e+00,3.28e+01,
2072,0.00e+00,3.28e+01,
2073,0.00e+00,3.36e+01,
2074,-8.00e-03,3.36e+01,
2075,-8.00e-03,3.36e+01,
2076,-8.00e-03,3.44e+01,
2077,0.00e+00,3.44e+01,
2078,-8.00e-03,3.44e+01,
2079,-8.00e-03,3.44e+01,
2080,-8.00e-03,3.52e+01,
2081,-8.00e-03,3.52e+01,
2082,-1.60e-02,3.52e+01,
2083,-8.00e-03,3.52e+01,
2084,-1.60e-02,3.52e+01,
2085,-8.00e-03,3.60e+01,
2086,-1.60e-02,3.60e+01,
2087,-1.60e-02,3.60e+01,
2088,-1.60e-02,3.60e+01,
2089,-1.60e-02,3.60e+01,
2090,-1.60e-02,3.60e+01,
2091,-1.60e-02,3.68e+01,
2092,-1.60e-02,3.68e+01,
2093,-1.60e-02,3.68e+01,
2094,-1.60e-02,3.68e+01,
2095,-1.60e-02,3.68e+01,
2096,-1.60e-02,3.68e+01,
2097,-1.60e-02,3.68e+01,
2098,-2.40e-02,3.68e+01,
2099,-1.60e-02,3.68e+01,
2100,-2.40e-02,3.68e+01,
2101,-1.60e-02,3.68e+01,
2102,-1.60e-02,3.60e+01,
2103,-1.60e-02,3.60e+01,
2104,-1.60e-02,3.60e+01,
2105,-1.60e-02,3.60e+01,
2106,-1.60e-02,3.60e+01,
2107,-1.60e-02,3.60e+01,
2108,-1.60e-02,3.60e+01,
2109,-1.60e-02,3.52e+01,
2110,-1.60e-02,3.52e+01,
2111,-1.60e-02,3.52e+01,
2112,-1.60e-02,3.52e+01,
2113,-1.60e-02,3.52e+01,
2114,-1.60e-02,3.44e+01,
2115,-8.00e-03,3.44e+01,
2116,-1.60e-02,3.44e+01,
2117,-8.00e-03,3.44e+01,
2118,-8.00e-03,3.36e+01,
2119,-8.00e-03,3.36e+01,
2120,-8.00e-03,3.36e+01,
2121,-8.00e-03,3.36e+01,
2122,-8.00e-03,3.28e+01,
2123,-8.00e-03,3.28e+01,
2124,-8.00e-03,3.28e+01,
2125,-8.00e-03,3.28e+01,
2126,-8.00e-03,3.28e+01,
2127,0.00e+00,3.28e+01,
2128,-8.00e-03,3.28e+01,
2129,0.00e+00,3.28e+01,
2130,0.00e+00,3.28e+01,
2131,0.00e+00,3.12e+01,
2132,0.00e+00,3.28e+01,
2133,0.00e+00,3.28e+01,
2134,0.00e+00,3.12e+01,
2135,0.00e+00,3.28e+01,
2136,0.00e+00,3.28e+01,
2137,0.00e+00,3.28e+01,
2138,0.00e+00,3.28e+01,
2139,0.00e+00,3.28e+01,
2140,-8.00e-03,3.28e+01,
2141,0.00e+00,3.28e+01,
2142,0.00e+00,3.28e+01,
2143,-8.00e-03,3.28e+01,
2144,-8.00e-03,3.36e+01,
2145,0.00e+00,3.36e+01,
2146,-8.00e-03,3.36e+01,
2147,0.00e+00,3.36e+01,
2148,-8.00e-03,3.36e+01,
2149,-8.00e-03,3.36e+01,
2150,-8.00e-03,3.36e+01,
2151,-8.00e-03,3.44e+01,
2152,-8.00e-03,3.44e+01,
2153,-8.00e-03,3.44e+01,
2154,-8.00e-03,3.44e+01,
2155,-8.00e-03,3.52e+01,
2156,-8.00e-03,3.52e+01,
2157,-8.00e-03,3.52e+01,
2158,-8.00e-03,3.52e+01,
2159,-1.60e-02,3.52e+01,
2160,-1.60e-02,3.60e+01,
2161,-8.00e-03,3.60e+01,
2162,-1.60e-02,3.60e+01,
2163,-8.00e-03,3.60e+01,
2164,-1.60e-02,3.60e+01,
2165,-1.60e-02,3.60e+01,
2166,-1.60e-02,3.60e+01,
2167,-1.60e-02,3.60e+01,
2168,-1.60e-02,3.60e+01,
2169,-1.60e-02,3.60e+01,
2170,-1.60e-02,3.60e+01,
2171,-1.60e-02,3.60e+01,
2172,-1.60e-02,3.60e+01,
2173,-1.60e-02,3.60e+01,
2174,-1.60e-02,3.60e+01,
2175,-1.60e-02,3.60e+01,
2176,-1.60e-02,3.60e+01,
2177,-1.60e-02,3.60e+01,
2178,-1.60e-02,3.60e+01,
2179,-1.60e-02,3.60e+01,
2180,-1.60e-02,3.60e+01,
2181,-1.60e-02,3.52e+01,
2182,-1.60e-02,3.52e+01,
2183,-1.60e-02,3.52e+01,
2184,-1.60e-02,3.52e+01,
2185,-1.60e-02,3.52e+01,
2186,-1.60e-02,3.44e+01,
2187,-1.60e-02,3.44e+01,
2188,-1.60e-02,3.44e+01,
2189,-8.00e-03,3.44e+01,
2190,-8.00e-03,3.44e+01,
2191,-8.00e-03,3.44e+01,
2192,-8.00e-03,3.36e+01,
2193,-8.00e-03,3.36e+01,
2194,-8.00e-03,3.36e+01,
2195,-8.00e-03,3.36e+01,
2196,-8.00e-03,3.36e+01,
2197,-8.00e-03,3.36e+01,
2198,-8.00e-03,3.28e+01,
2199,-8.00e-03,3.28e+01,
2200,-8.00e-03,3.28e+01,
2201,-8.00e-03,3.28e+01,
2202,-8.00e-03,3.28e+01,
2203,0.00e+00,3.28e+01,
2204,-8.00e-03,3.28e+01,
2205,0.00e+00,3.28e+01,
2206,-8.00e-03,3.28e+01,
2207,-8.00e-03,3.28e+01,
2208,0.00e+00,3.28e+01,
2209,0.00e+00,3.28e+01,
2210,-8.00e-03,3.28e+01,
2211,0.00e+00,3.28e+01,
2212,-8.00e-03,3.28e+01,
2213,0.00e+00,3.28e+01,
2214,0.00e+00,3.28e+01,
2215,0.00e+00,3.36e+01,
2216,-8.00e-03,3.36e+01,
2217,0.00e+00,3.36e+01,
2218,-8.00e-03,3.36e+01,
2219,0.00e+00,3.36e+01,
2220,-8.00e-03,3.36e+01,
2221,-8.00e-03,3.36e+01,
2222,-8.00e-03,3.36e+01,
2223,-8.00e-03,3.44e+01,
2224,-8.00e-03,3.44e+01,
2225,-8.00e-03,3.44e+01,
2226,-8.00e-03,3.44e+01,
2227,-8.00e-03,3.44e+01,
2228,-8.00e-03,3.52e+01,
2229,-8.00e-03,3.52e+01,
2230,-8.00e-03,3.52e+01,
2231,-8.00e-03,3.52e+01,
2232,-1.60e-02,3.52e+01,
2233,-8.00e-03,3.52e+01,
2234,-1.60e-02,3.52e+01,
2235,-1.60e-02,3.52e+01,
2236,-1.60e-02,3.60e+01,
2237,-8.00e-03,3.60e+01,
2238,-1.60e-02,3.52e+01,
2239,-1.60e-02,3.60e+01,
2240,-1.60e-02,3.60e+01,
2241,-1.60e-02,3.60e+01,
2242,-1.60e-02,3.60e+01,
2243,-1.60e-02,3.60e+01,
2244,-1.60e-02,3.60e+01,
2245,-1.60e-02,3.60e+01,
2246,-1.60e-02,3.52e+01,
2247,-1.60e-02,3.60e+01,
2248,-1.60e-02,3.60e+01,
2249,-1.60e-02,3.52e+01,
2250,-1.60e-02,3.52e+01,
2251,-1.60e-02,3.60e+01,
2252,-1.60e-02,3.52e+01,
2253,-1.60e-02,3.52e+01,
2254,-1.60e-02,3.52e+01,
2255,-1.60e-02,3.52e+01,
2256,-1.60e-02,3.52e+01,
2257,-1.60e-02,3.52e+01,
2258,-1.60e-02,3.52e+01,
2259,-8.00e-03,3.44e+01,
2260,-1.60e-02,3.44e+01,
2261,-8.00e-03,3.44e+01,
2262,-8.00e-03,3.44e+01,
2263,-8.00e-03,3.44e+01,
2264,-8.00e-03,3.44e+01,
2265,-8.00e-03,3.36e+01,
2266,-8.00e-03,3.44e+01,
2267,-8.00e-03,3.36e+01,
2268,-8.00e-03,3.36e+01,
2269,-8.00e-03,3.36e+01,
2270,-8.00e-03,3.36e+01,
2271,-8.00e-03,3.36e+01,
2272,-8.00e-03,3.36e+01,
2273,-8.00e-03,3.36e+01,
2274,-8.00e-03,3.28e+01,
2275,-8.00e-03,3.36e+01,
2276,-8.00e-03,3.36e+01,
2277,-8.00e-03,3.28e+01,
2278,0.00e+00,3.28e+01,
2279,-8.00e-03,3.28e+01,
2280,-8.00e-03,3.36e+01,
2281,0.00e+00,3.28e+01,
2282,-8.00e-03,3.28e+01,
2283,0.00e+00,3.36e+01,
2284,-8.00e-03,3.36e+01,
2285,0.00e+00,3.36e+01,
2286,-8.00e-03,3.28e+01,
2287,-8.00e-03,3.36e+01,
2288,-8.00e-03,3.36e+01,
2289,0.00e+00,3.36e+01,
2290,-8.00e-03,3.36e+01,
2291,0.00e+00,3.36e+01,
2292,-8.00e-03,3.36e+01,
2293,-8.00e-03,3.36e+01,
2294,-8.00e-03,3.36e+01,
2295,-8.00e-03,3.44e+01,
2296,-8.00e-03,3.44e+01,
2297,-8.00e-03,3.44e+01,
2298,-8.00e-03,3.44e+01,
2299,-8.00e-03,3.44e+01,
2300,-8.00e-03,3.44e+01,
2301,-8.00e-03,3.44e+01,
2302,-8.00e-03,3.44e+01,
2303,-8.00e-03,3.44e+01,
2304,-8.00e-03,3.52e+01,
2305,-8.00e-03,3.52e+01,
2306,-1.60e-02,3.52e+01,
2307,-1.60e-02,3.52e+01,
2308,-1.60e-02,3.52e+01,
2309,-8.00e-03,3.52e+01,
2310,-8.00e-03,3.52e+01,
2311,-1.60e-02,3.52e+01,
2312,-1.60e-02,3.52e+01,
2313,-1.60e-02,3.52e+01,
2314,-1.60e-02,3.52e+01,
2315,-1.60e-02,3.52e+01,
2316,-1.60e-02,3.60e+01,
2317,-8.00e-03,3.52e+01,
2318,-1.60e-02,3.52e+01,
2319,-1.60e-02,3.52e+01,
2320,-1.60e-02,3.52e+01,
2321,-8.00e-03,3.52e+01,
2322,-1.60e-02,3.52e+01,
2323,-1.60e-02,3.52e+01,
2324,-1.60e-02,3.52e+01,
2325,-1.60e-02,3.52e+01,
2326,-1.60e-02,3.52e+01,
2327,-1.60e-02,3.52e+01,
2328,-1.60e-02,3.52e+01,
2329,-1.60e-02,3.52e+01,
2330,-1.60e-02,3.52e+01,
2331,-8.00e-03,3.52e+01,
2332,-1.60e-02,3.44e+01,
2333,-8.00e-03,3.44e+01,
2334,-8.00e-03,3.44e+01,
2335,-8.00e-03,3.44e+01,
2336,-1.60e-02,3.44e+01,
2337,-8.00e-03,3.44e+01,
2338,-8.00e-03,3.44e+01,
2339,-8.00e-03,3.44e+01,
2340,-8.00e-03,3.44e+01,
2341,-8.00e-03,3.44e+01,
2342,-8.00e-03,3.36e+01,
2343,-8.00e-03,3.36e+01,
2344,-8.00e-03,3.36e+01,
2345,-8.00e-03,3.36e+01,
2346,-8.00e-03,3.36e+01,
2347,-8.00e-03,3.36e+01,
2348,-8.00e-03,3.36e+01,
2349,-8.00e-03,3.36e+01,
2350,-8.00e-03,3.36e+01,
2351,-8.00e-03,3.36e+01,
2352,-8.00e-03,3.36e+01,
2353,-8.00e-03,3.36e+01,
2354,-8.00e-03,3.36e+01,
2355,-8.00e-03,3.36e+01,
2356,-8.00e-03,3.36e+01,
2357,-8.00e-03,3.36e+01,
2358,-8.00e-03,3.36e+01,
2359,-8.00e-03,3.36e+01,
2360,-8.00e-03,3.36e+01,
2361,0.00e+00,3.36e+01,
2362,-8.00e-03,3.36e+01,
2363,-8.00e-03,3.36e+01,
2364,-8.00e-03,3.36e+01,
2365,0.00e+00,3.44e+01,
2366,-8.00e-03,3.36e+01,
2367,-8.00e-03,3.44e+01,
2368,-8.00e-03,3.44e+01,
2369,-8.00e-03,3.44e+01,
2370,-8.00e-03,3.44e+01,
2371,-8.00e-03,3.44e+01,
2372,-8.00e-03,3.44e+01,
2373,-8.00e-03,3.44e+01,
2374,-8.00e-03,3.44e+01,
2375,-8.00e-03,3.44e+01,
2376,-8.00e-03,3.52e+01,
2377,-8.00e-03,3.52e+01,
2378,-8.00e-03,3.44e+01,
2379,-8.00e-03,3.52e+01,
2380,-1.60e-02,3.52e+01,
2381,-8.00e-03,3.52e+01,
2382,-8.00e-03,3.52e+01,
2383,-8.00e-03,3.52e+01,
2384,-8.00e-03,3.52e+01,
2385,-8.00e-03,3.52e+01,
2386,-1.60e-02,3.52e+01,
2387,-8.00e-03,3.52e+01,
2388,-1.60e-02,3.52e+01,
2389,-8.00e-03,3.52e+01,
2390,-8.00e-03,3.52e+01,
2391,-8.00e-03,3.52e+01,
2392,-1.60e-02,3.52e+01,
2393,-1.60e-02,3.52e+01,
2394,-1.60e-02,3.52e+01,
2395,-1.60e-02,3.52e+01,
2396,-1.60e-02,3.52e+01,
2397,-8.00e-03,3.52e+01,
2398,-1.60e-02,3.52e+01,
2399,-1.60e-02,3.52e+01,
2400,-8.00e-03,3.52e+01,
2401,-8.00e-03,3.52e+01,
2402,-1.60e-02,3.44e+01,
2403,-8.00e-03,3.52e+01,
2404,-1.60e-02,3.44e+01,
2405,-8.00e-03,3.52e+01,
2406,-8.00e-03,3.44e+01,
2407,-8.00e-03,3.44e+01,
2408,-1.60e-02,3.44e+01,
2409,-8.00e-03,3.44e+01,
2410,-8.00e-03,3.44e+01,
2411,-8.00e-03,3.44e+01,
2412,-8.00e-03,3.44e+01,
2413,-8.00e-03,3.44e+01,
2414,-8.00e-03,3.36e+01,
2415,-8.00e-03,3.44e+01,
2416,-8.00e-03,3.44e+01,
2417,-8.00e-03,3.36e+01,
2418,-8.00e-03,3.36e+01,
2419,-8.00e-03,3.36e+01,
2420,-8.00e-03,3.36e+01,
2421,-8.00e-03,3.36e+01,
2422,-8.00e-03,3.36e+01,
2423,-8.00e-03,3.36e+01,
2424,-8.00e-03,3.36e+01,
2425,-8.00e-03,3.36e+01,
2426,-8.00e-03,3.36e+01,
2427,-8.00e-03,3.36e+01,
2428,-8.00e-03,3.36e+01,
2429,-8.00e-03,3.36e+01,
2430,-8.00e-03,3.36e+01,
2431,-8.00e-03,3.36e+01,
2432,-8.00e-03,3.36e+01,
2433,-8.00e-03,3.36e+01,
2434,-8.00e-03,3.36e+01,
2435,-8.00e-03,3.36e+01,
2436,-8.00e-03,3.36e+01,
2437,0.00e+00,3.36e+01,
2438,-8.00e-03,3.36e+01,
2439,-8.00e-03,3.44e+01,
2440,-8.00e-03,3.44e+01,
2441,-8.00e-03,3.44e+01,
2442,-8.00e-03,3.44e+01,
2443,-8.00e-03,3.44e+01,
2444,-8.00e-03,3.44e+01,
2445,-8.00e-03,3.44e+01,
2446,-8.00e-03,3.44e+01,
2447,-8.00e-03,3.44e+01,
2448,-8.00e-03,3.44e+01,
2449,-8.00e-03,3.44e+01,
2450,-8.00e-03,3.44e+01,
2451,-8.00e-03,3.52e+01,
2452,-8.00e-03,3.52e+01,
2453,-8.00e-03,3.52e+01,
2454,-8.00e-03,3.44e+01,
2455,-8.00e-03,3.52e+01,
2456,-8.00e-03,3.52e+01,
2457,-8.00e-03,3.52e+01,
2458,-1.60e-02,3.52e+01,
2459,-8.00e-03,3.52e+01,
2460,-1.60e-02,3.52e+01,
2461,-8.00e-03,3.52e+01,
2462,-8.00e-03,3.52e+01,
2463,-1.60e-02,3.52e+01,
2464,-1.60e-02,3.52e+01,
2465,-8.00e-03,3.52e+01,
2466,-1.60e-02,3.52e+01,
2467,-8.00e-03,3.52e+01,
2468,-1.60e-02,3.52e+01,
2469,-8.00e-03,3.52e+01,
2470,-1.60e-02,3.44e+01,
2471,-8.00e-03,3.52e+01,
2472,-8.00e-03,3.52e+01,
2473,-8.00e-03,3.52e+01,
2474,-1.60e-02,3.52e+01,
2475,-8.00e-03,3.52e+01,
2476,-8.00e-03,3.52e+01,
2477,-8.00e-03,3.44e+01,
2478,-8.00e-03,3.44e+01,
2479,-1.60e-02,3.44e+01,
2480,-1.60e-02,3.44e+01,
2481,-8.00e-03,3.44e+01,
2482,-8.00e-03,3.44e+01,
2483,-8.00e-03,3.44e+01,
2484,-1.60e-02,3.44e+01,
2485,-8.00e-03,3.44e+01,
2486,-8.00e-03,3.44e+01,
2487,-8.00e-03,3.44e+01,
2488,-8.00e-03,3.44e+01,
2489,-8.00e-03,3.44e+01,
2490,-8.00e-03,3.36e+01,
2491,-8.00e-03,3.44e+01,
2492,-8.00e-03,3.44e+01,
2493,-8.00e-03,3.44e+01,
2494,-8.00e-03,3.36e+01,
2495,-8.00e-03,3.36e+01,
2496,-8.00e-03,3.36e+01,
2497,-8.00e-03,3.36e+01,
2498,-8.00e-03,3.36e+01,
2499,-8.00e-03,3.36e+01,
2500,-8.00e-03,3.36e+01,
2501,-8.00e-03,3.36e+01,
2502,-8.00e-03,3.36e+01,
2503,-8.00e-03,3.36e+01,
2504,-8.00e-03,3.36e+01,
2505,-8.00e-03,3.36e+01,
2506,-8.00e-03,3.36e+01,
2507,-8.00e-03,3.44e+01,
2508,-8.00e-03,3.44e+01,
2509,-8.00e-03,3.36e+01,
2510,-8.00e-03,3.36e+01,
2511,-8.00e-03,3.44e+01,
2512,-8.00e-03,3.44e+01,
2513,-8.00e-03,3.44e+01,
2514,-8.00e-03,3.44e+01,
2515,-8.00e-03,3.44e+01,
2516,-8.00e-03,3.44e+01,
2517,-8.00e-03,3.44e+01,
2518,-8.00e-03,3.44e+01,
2519,-8.00e-03,3.44e+01,
2520,-8.00e-03,3.44e+01,
2521,-8.00e-03,3.44e+01,
2522,-8.00e-03,3.44e+01,
2523,-8.00e-03,3.44e+01,
2524,-8.00e-03,3.44e+01,
2525,-8.00e-03,3.52e+01,
2526,-8.00e-03,3.44e+01,
2527,-8.00e-03,3.52e+01,
2528,-1.60e-02,3.52e+01,
2529,-8.00e-03,3.44e+01,
2530,-8.00e-03,3.52e+01,
2531,-8.00e-03,3.52e+01,
2532,-8.00e-03,3.52e+01,
2533,-8.00e-03,3.52e+01,
2534,-8.00e-03,3.52e+01,
2535,-8.00e-03,3.52e+01,
2536,-1.60e-02,3.52e+01,
2537,-8.00e-03,3.52e+01,
2538,-8.00e-03,3.52e+01,
2539,-8.00e-03,3.52e+01,
2540,-8.00e-03,3.52e+01,
2541,-8.00e-03,3.52e+01,
2542,-1.60e-02,3.52e+01,
2543,-1.60e-02,3.52e+01,
2544,-1.60e-02,3.52e+01,
2545,-8.00e-03,3.52e+01,
2546,-1.60e-02,3.44e+01,
2547,-8.00e-03,3.52e+01,
2548,-1.60e-02,3.44e+01,
2549,-8.00e-03,3.44e+01,
2550,-8.00e-03,3.44e+01,
2551,-8.00e-03,3.44e+01,
2552,-8.00e-03,3.44e+01,
2553,-8.00e-03,3.44e+01,
2554,-1.60e-02,3.44e+01,
2555,-8.00e-03,3.44e+01,
2556,-1.60e-02,3.44e+01,
2557,-8.00e-03,3.44e+01,
2558,-8.00e-03,3.44e+01,
2559,-8.00e-03,3.44e+01,
2560,-8.00e-03,3.44e+01,
2561,-8.00e-03,3.44e+01,
2562,-8.00e-03,3.44e+01,
2563,-8.00e-03,3.44e+01,
2564,-8.00e-03,3.44e+01,
2565,0.00e+00,3.44e+01,
2566,-8.00e-03,3.36e+01,
2567,-8.00e-03,3.44e+01,
2568,-8.00e-03,3.44e+01,
2569,-8.00e-03,3.36e+01,
2570,-8.00e-03,3.36e+01,
2571,-8.00e-03,3.36e+01,
2572,-8.00e-03,3.44e+01,
2573,-8.00e-03,3.36e+01,
2574,-8.00e-03,3.36e+01,
2575,-8.00e-03,3.44e+01,
2576,-8.00e-03,3.36e+01,
2577,-8.00e-03,3.36e+01,
2578,-8.00e-03,3.36e+01,
2579,-8.00e-03,3.44e+01,
2580,-8.00e-03,3.44e+01,
2581,-8.00e-03,3.44e+01,
2582,-8.00e-03,3.36e+01,
2583,-8.00e-03,3.44e+01,
2584,-8.00e-03,3.44e+01,
2585,-8.00e-03,3.44e+01,
2586,-8.00e-03,3.44e+01,
2587,-8.00e-03,3.44e+01,
2588,-8.00e-03,3.44e+01,
2589,-8.00e-03,3.44e+01,
2590,-8.00e-03,3.44e+01,
2591,-8.00e-03,3.44e+01,
2592,-8.00e-03,3.44e+01,
2593,-8.00e-03,3.44e+01,
2594,-8.00e-03,3.44e+01,
2595,-8.00e-03,3.44e+01,
2596,-8.00e-03,3.44e+01,
2597,-8.00e-03,3.44e+01,
2598,-8.00e-03,3.44e+01,
2599,-8.00e-03,3.44e+01,
2600,-8.00e-03,3.52e+01,
2601,-8.00e-03,3.44e+01,
2602,-8.00e-03,3.44e+01,
2603,-8.00e-03,3.52e+01,
2604,-1.60e-02,3.52e+01,
2605,-8.00e-03,3.52e+01,
2606,-8.00e-03,3.44e+01,
2607,-8.00e-03,3.52e+01,
2608,-1.60e-02,3.52e+01,
2609,-8.00e-03,3.44e+01,
2610,-1.60e-02,3.44e+01,
2611,-8.00e-03,3.52e+01,
2612,-8.00e-03,3.52e+01,
2613,-8.00e-03,3.52e+01,
2614,-8.00e-03,3.44e+01,
2615,-8.00e-03,3.52e+01,
2616,-1.60e-02,3.52e+01,
2617,-8.00e-03,3.52e+01,
2618,-8.00e-03,3.44e+01,
2619,-8.00e-03,3.52e+01,
2620,-1.60e-02,3.52e+01,
2621,-8.00e-03,3.44e+01,
2622,-8.00e-03,3.44e+01,
2623,-8.00e-03,3.44e+01,
2624,-1.60e-02,3.44e+01,
2625,-8.00e-03,3.44e+01,
2626,-8.00e-03,3.44e+01,
2627,-8.00e-03,3.44e+01,
2628,-8.00e-03,3.44e+01,
2629,-8.00e-03,3.44e+01,
2630,-8.00e-03,3.44e+01,
2631,-8.00e-03,3.44e+01,
2632,-8.00e-03,3.44e+01,
2633,-8.00e-03,3.44e+01,
2634,-8.00e-03,3.44e+01,
2635,-8.00e-03,3.44e+01,
2636,-8.00e-03,3.44e+01,
2637,-8.00e-03,3.44e+01,
2638,-8.00e-03,3.44e+01,
2639,-8.00e-03,3.44e+01,
2640,-8.00e-03,3.44e+01,
2641,-8.00e-03,3.44e+01,
2642,-8.00e-03,3.36e+01,
2643,-8.00e-03,3.44e+01,
2644,-8.00e-03,3.44e+01,
2645,-8.00e-03,3.44e+01,
2646,-8.00e-03,3.36e+01,
2647,-8.00e-03,3.44e+01,
2648,-8.00e-03,3.44e+01,
2649,-8.00e-03,3.44e+01,
2650,-8.00e-03,3.44e+01,
2651,-8.00e-03,3.44e+01,
2652,-8.00e-03,3.44e+01,
2653,-8.00e-03,3.44e+01,
2654,-8.00e-03,3.36e+01,
2655,-8.00e-03,3.44e+01,
2656,-8.00e-03,3.44e+01,
2657,-8.00e-03,3.44e+01,
2658,-8.00e-03,3.44e+01,
2659,-8.00e-03,3.44e+01,
2660,-8.00e-03,3.44e+01,
2661,-8.00e-03,3.44e+01,
2662,-8.00e-03,3.44e+01,
2663,-8.00e-03,3.44e+01,
2664,-8.00e-03,3.44e+01,
2665,-8.00e-03,3.44e+01,
2666,-8.00e-03,3.44e+01,
2667,-8.00e-03,3.44e+01,
2668,-8.00e-03,3.44e+01,
2669,-8.00e-03,3.44e+01,
2670,-8.00e-03,3.44e+01,
2671,-8.00e-03,3.52e+01,
2672,-8.00e-03,3.44e+01,
2673,-8.00e-03,3.44e+01,
2674,-8.00e-03,3.44e+01,
2675,-8.00e-03,3.44e+01,
2676,-8.00e-03,3.44e+01,
2677,-8.00e-03,3.44e+01,
2678,-8.00e-03,3.44e+01,
2679,-8.00e-03,3.44e+01,
2680,-8.00e-03,3.52e+01,
2681,-8.00e-03,3.44e+01,
2682,-8.00e-03,3.44e+01,
2683,-8.00e-03,3.52e+01,
2684,-1.60e-02,3.44e+01,
2685,-8.00e-03,3.52e+01,
2686,-8.00e-03,3.44e+01,
2687,-8.00e-03,3.52e+01,
2688,-8.00e-03,3.52e+01,
2689,-8.00e-03,3.44e+01,
2690,-8.00e-03,3.44e+01,
2691,-8.00e-03,3.44e+01,
2692,-1.60e-02,3.44e+01,
2693,-8.00e-03,3.44e+01,
2694,-8.00e-03,3.44e+01,
2695,-8.00e-03,3.44e+01,
2696,-8.00e-03,3.44e+01,
2697,-8.00e-03,3.44e+01,
2698,-8.00e-03,3.44e+01,
2699,-8.00e-03,3.44e+01,
2700,-8.00e-03,3.44e+01,
2701,-8.00e-03,3.44e+01,
2702,-8.00e-03,3.44e+01,
2703,-8.00e-03,3.44e+01,
2704,-8.00e-03,3.44e+01,
2705,-8.00e-03,3.44e+01,
2706,-8.00e-03,3.44e+01,
2707,-8.00e-03,3.44e+01,
2708,-8.00e-03,3.44e+01,
2709,-8.00e-03,3.44e+01,
2710,-8.00e-03,3.44e+01,
2711,-8.00e-03,3.44e+01,
2712,-8.00e-03,3.44e+01,
2713,-8.00e-03,3.44e+01,
2714,-8.00e-03,3.44e+01,
2715,-8.00e-03,3.44e+01,
2716,-8.00e-03,3.44e+01,
2717,-8.00e-03,3.44e+01,
2718,-8.00e-03,3.36e+01,
2719,-8.00e-03,3.44e+01,
2720,-8.00e-03,3.44e+01,
2721,-8.00e-03,3.44e+01,
2722,-8.00e-03,3.44e+01,
2723,-8.00e-03,3.44e+01,
2724,-8.00e-03,3.44e+01,
2725,-8.00e-03,3.44e+01,
2726,-8.00e-03,3.36e+01,
2727,-8.00e-03,3.44e+01,
2728,-8.00e-03,3.44e+01,
2729,-8.00e-03,3.44e+01,
2730,-8.00e-03,3.44e+01,
2731,-8.00e-03,3.44e+01,
2732,-8.00e-03,3.44e+01,
2733,-8.00e-03,3.44e+01,
2734,-8.00e-03,3.44e+01,
2735,-8.00e-03,3.44e+01,
2736,-8.00e-03,3.44e+01,
2737,-8.00e-03,3.44e+01,
2738,-8.00e-03,3.44e+01,
2739,-8.00e-03,3.44e+01,
2740,-8.00e-03,3.44e+01,
2741,-8.00e-03,3.44e+01,
2742,-8.00e-03,3.44e+01,
2743,-8.00e-03,3.44e+01,
2744,-8.00e-03,3.44e+01,
2745,-8.00e-03,3.44e+01,
2746,-8.00e-03,3.44e+01,
2747,-8.00e-03,3.44e+01,
2748,-8.00e-03,3.44e+01,
2749,-8.00e-03,3.44e+01,
2750,-8.00e-03,3.44e+01,
2751,-8.00e-03,3.44e+01,
2752,-8.00e-03,3.44e+01,
2753,-8.00e-03,3.44e+01,
2754,-8.00e-03,3.44e+01,
2755,-8.00e-03,3.44e+01,
2756,-8.00e-03,3.44e+01,
2757,-8.00e-03,3.44e+01,
2758,-8.00e-03,3.44e+01,
2759,-8.00e-03,3.44e+01,
2760,-8.00e-03,3.52e+01,
2761,-8.00e-03,3.44e+01,
2762,-8.00e-03,3.44e+01,
2763,-8.00e-03,3.44e+01,
2764,-8.00e-03,3.44e+01,
2765,-8.00e-03,3.44e+01,
2766,-8.00e-03,3.44e+01,
2767,-8.00e-03,3.44e+01,
2768,-8.00e-03,3.44e+01,
2769,-8.00e-03,3.44e+01,
2770,-8.00e-03,3.44e+01,
2771,-8.00e-03,3.44e+01,
2772,-8.00e-03,3.44e+01,
2773,-8.00e-03,3.44e+01,
2774,-8.00e-03,3.44e+01,
2775,-8.00e-03,3.44e+01,
2776,-8.00e-03,3.44e+01,
2777,-8.00e-03,3.44e+01,
2778,-8.00e-03,3.44e+01,
2779,-8.00e-03,3.44e+01,
2780,-8.00e-03,3.44e+01,
2781,-8.00e-03,3.44e+01,
2782,-8.00e-03,3.44e+01,
2783,-8.00e-03,3.44e+01,
2784,-8.00e-03,3.44e+01,
2785,-8.00e-03,3.44e+01,
2786,-8.00e-03,3.44e+01,
2787,-8.00e-03,3.44e+01,
2788,-8.00e-03,3.44e+01,
2789,-8.00e-03,3.44e+01,
2790,-8.00e-03,3.44e+01,
2791,-8.00e-03,3.44e+01,
2792,-8.00e-03,3.44e+01,
2793,-8.00e-03,3.44e+01,
2794,-8.00e-03,3.36e+01,
2795,-8.00e-03,3.44e+01,
2796,-8.00e-03,3.44e+01,
2797,-8.00e-03,3.44e+01,
2798,-8.00e-03,3.44e+01,
2799,-8.00e-03,3.44e+01,
2800,-8.00e-03,3.44e+01,
2801,-8.00e-03,3.44e+01,
2802,-8.00e-03,3.44e+01,
2803,-8.00e-03,3.44e+01,
2804,-8.00e-03,3.44e+01,
2805,-8.00e-03,3.44e+01,
2806,-8.00e-03,3.44e+01,
2807,-8.00e-03,3.44e+01,
2808,-8.00e-03,3.44e+01,
2809,-8.00e-03,3.44e+01,
2810,-8.00e-03,3.44e+01,
2811,-8.00e-03,3.44e+01,
2812,-8.00e-03,3.44e+01,
2813,-8.00e-03,3.44e+01,
2814,-8.00e-03,3.44e+01,
2815,-8.00e-03,3.44e+01,
2816,-8.00e-03,3.44e+01,
2817,-8.00e-03,3.44e+01,
2818,-8.00e-03,3.44e+01,
2819,-8.00e-03,3.44e+01,
2820,-8.00e-03,3.44e+01,
2821,-8.00e-03,3.44e+01,
2822,-8.00e-03,3.44e+01,
2823,-8.00e-03,3.44e+01,
2824,-8.00e-03,3.44e+01,
2825,-8.00e-03,3.44e+01,
2826,-8.00e-03,3.44e+01,
2827,-8.00e-03,3.44e+01,
2828,-8.00e-03,3.44e+01,
2829,-8.00e-03,3.44e+01,
2830,-8.00e-03,3.44e+01,
2831,-8.00e-03,3.44e+01,
2832,-8.00e-03,3.44e+01,
2833,-8.00e-03,3.44e+01,
2834,-1.60e-02,3.44e+01,
2835,-8.00e-03,3.44e+01,
2836,-8.00e-03,3.44e+01,
2837,-8.00e-03,3.44e+01,
2838,-8.00e-03,3.44e+01,
2839,-8.00e-03,3.44e+01,
2840,-8.00e-03,3.44e+01,
2841,-8.00e-03,3.44e+01,
2842,-8.00e-03,3.44e+01,
2843,-8.00e-03,3.44e+01,
2844,-8.00e-03,3.44e+01,
2845,-8.00e-03,3.44e+01,
2846,-8.00e-03,3.44e+01,
2847,-8.00e-03,3.44e+01,
2848,-8.00e-03,3.44e+01,
2849,-8.00e-03,3.44e+01,
2850,-8.00e-03,3.44e+01,
2851,-8.00e-03,3.44e+01,
2852,-8.00e-03,3.44e+01,
2853,-8.00e-03,3.44e+01,
2854,-8.00e-03,3.44e+01,
2855,-8.00e-03,3.44e+01,
2856,-8.00e-03,3.44e+01,
2857,-8.00e-03,3.44e+01,
2858,-8.00e-03,3.44e+01,
2859,-8.00e-03,3.44e+01,
2860,-8.00e-03,3.44e+01,
2861,-8.00e-03,3.44e+01,
2862,-8.00e-03,3.44e+01,
2863,-8.00e-03,3.44e+01,
2864,-8.00e-03,3.44e+01,
2865,-8.00e-03,3.44e+01,
2866,-8.00e-03,3.44e+01,
2867,-8.00e-03,3.36e+01,
2868,-8.00e-03,3.44e+01,
2869,-8.00e-03,3.44e+01,
2870,-8.00e-03,3.36e+01,
2871,-8.00e-03,3.44e+01,
2872,-8.00e-03,3.44e+01,
2873,-8.00e-03,3.44e+01,
2874,-8.00e-03,3.44e+01,
2875,-8.00e-03,3.44e+01,
2876,-8.00e-03,3.44e+01,
2877,-8.00e-03,3.44e+01,
2878,-8.00e-03,3.44e+01,
2879,-8.00e-03,3.44e+01,
2880,-8.00e-03,3.44e+01,
2881,-8.00e-03,3.44e+01,
2882,-8.00e-03,3.44e+01,
2883,-8.00e-03,3.44e+01,
2884,-8.00e-03,3.44e+01,
2885,-8.00e-03,3.44e+01,
2886,-8.00e-03,3.44e+01,
2887,-8.00e-03,3.44e+01,
2888,-8.00e-03,3.44e+01,
2889,-8.00e-03,3.44e+01,
2890,-8.00e-03,3.44e+01,
2891,-8.00e-03,3.44e+01,
2892,-8.00e-03,3.44e+01,
2893,-8.00e-03,3.44e+01,
2894,-8.00e-03,3.44e+01,
2895,-8.00e-03,3.44e+01,
2896,-8.00e-03,3.44e+01,
2897,-8.00e-03,3.44e+01,
2898,-8.00e-03,3.44e+01,
2899,-8.00e-03,3.44e+01,
2900,-8.00e-03,3.44e+01,
2901,-8.00e-03,3.44e+01,
2902,-8.00e-03,3.44e+01,
2903,-8.00e-03,3.44e+01,
2904,-8.00e-03,3.44e+01,
2905,-8.00e-03,3.44e+01,
2906,-8.00e-03,3.44e+01,
2907,-8.00e-03,3.44e+01,
2908,-8.00e-03,3.44e+01,
2909,-8.00e-03,3.44e+01,
2910,-8.00e-03,3.44e+01,
2911,-8.00e-03,3.44e+01,
2912,-8.00e-03,3.44e+01,
2913,-8.00e-03,3.44e+01,
2914,-8.00e-03,3.44e+01,
2915,-8.00e-03,3.44e+01,
2916,-8.00e-03,3.44e+01,
2917,-8.00e-03,3.44e+01,
2918,-8.00e-03,3.44e+01,
2919,-8.00e-03,3.44e+01,
2920,-8.00e-03,3.44e+01,
2921,-8.00e-03,3.44e+01,
2922,-8.00e-03,3.44e+01,
2923,-8.00e-03,3.44e+01,
2924,-8.00e-03,3.44e+01,
2925,-8.00e-03,3.44e+01,
2926,-8.00e-03,3.44e+01,
2927,-8.00e-03,3.44e+01,
2928,-8.00e-03,3.44e+01,
2929,-8.00e-03,3.44e+01,
2930,-8.00e-03,3.44e+01,
2931,-8.00e-03,3.44e+01,
2932,-8.00e-03,3.44e+01,
2933,-8.00e-03,3.44e+01,
2934,-8.00e-03,3.44e+01,
2935,-8.00e-03,3.44e+01,
2936,-8.00e-03,3.44e+01,
2937,-8.00e-03,3.44e+01,
2938,-8.00e-03,3.44e+01,
2939,-8.00e-03,3.44e+01,
2940,-8.00e-03,3.44e+01,
2941,-8.00e-03,3.44e+01,
2942,-8.00e-03,3.44e+01,
2943,-8.00e-03,3.44e+01,
2944,-8.00e-03,3.44e+01,
2945,-8.00e-03,3.44e+01,
2946,-8.00e-03,3.44e+01,
2947,-8.00e-03,3.44e+01,
2948,-1.60e-02,3.44e+01,
2949,-8.00e-03,3.44e+01,
2950,-8.00e-03,3.44e+01,
2951,-8.00e-03,3.44e+01,
2952,-8.00e-03,3.44e+01,
2953,-8.00e-03,3.44e+01,
2954,-8.00e-03,3.44e+01,
2955,-8.00e-03,3.44e+01,
2956,-8.00e-03,3.44e+01,
2957,-8.00e-03,3.44e+01,
2958,-8.00e-03,3.44e+01,
2959,-8.00e-03,3.44e+01,
2960,-8.00e-03,3.44e+01,
2961,-8.00e-03,3.44e+01,
2962,-8.00e-03,3.44e+01,
2963,-8.00e-03,3.44e+01,
2964,-8.00e-03,3.44e+01,
2965,-8.00e-03,3.44e+01,
2966,-8.00e-03,3.44e+01,
2967,-8.00e-03,3.44e+01,
2968,-8.00e-03,3.44e+01,
2969,-8.00e-03,3.44e+01,
2970,-8.00e-03,3.44e+01,
2971,-8.00e-03,3.44e+01,
2972,-8.00e-03,3.44e+01,
2973,-8.00e-03,3.44e+01,
2974,-8.00e-03,3.44e+01,
2975,-8.00e-03,3.44e+01,
2976,-8.00e-03,3.44e+01,
2977,-8.00e-03,3.44e+01,
2978,-8.00e-03,3.44e+01,
2979,-8.00e-03,3.44e+01,
2980,-8.00e-03,3.44e+01,
2981,-8.00e-03,3.44e+01,
2982,-8.00e-03,3.44e+01,
2983,-8.00e-03,3.44e+01,
2984,-8.00e-03,3.44e+01,
2985,-8.00e-03,3.44e+01,
2986,-8.00e-03,3.44e+01,
2987,-8.00e-03,3.44e+01,
2988,-8.00e-03,3.44e+01,
2989,-8.00e-03,3.44e+01,
2990,-8.00e-03,3.44e+01,
2991,-8.00e-03,3.44e+01,
2992,-8.00e-03,3.44e+01,
2993,-8.00e-03,3.44e+01,
2994,-8.00e-03,3.44e+01,
2995,-8.00e-03,3.44e+01,
2996,-8.00e-03,3.44e+01,
2997,-8.00e-03,3.44e+01,
2998,-8.00e-03,3.44e+01,
2999,-8.00e-03,3.44e+01,
3000,-8.00e-03,3.44e+01,
3001,-8.00e-03,3.44e+01,
3002,-8.00e-03,3.44e+01,
3003,-8.00e-03,3.44e+01,
3004,-8.00e-03,3.44e+01,
3005,-8.00e-03,3.44e+01,
3006,-8.00e-03,3.44e+01,
3007,-8.00e-03,3.44e+01,
3008,-8.00e-03,3.44e+01,
3009,-8.00e-03,3.44e+01,
3010,-8.00e-03,3.44e+01,
3011,-8.00e-03,3.44e+01,
3012,-8.00e-03,3.44e+01,
3013,-8.00e-03,3.44e+01,
3014,-8.00e-03,3.44e+01,
3015,-8.00e-03,3.44e+01,
3016,-8.00e-03,3.44e+01,
3017,-8.00e-03,3.44e+01,
3018,-8.00e-03,3.44e+01,
3019,-8.00e-03,3.44e+01,
3020,-8.00e-03,3.44e+01,
3021,-8.00e-03,3.44e+01,
3022,-8.00e-03,3.44e+01,
3023,-8.00e-03,3.44e+01,
3024,-8.00e-03,3.44e+01,
3025,-8.00e-03,3.44e+01,
3026,-8.00e-03,3.44e+01,
3027,-8.00e-03,3.44e+01,
3028,-8.00e-03,3.44e+01,
3029,-8.00e-03,3.44e+01,
3030,-8.00e-03,3.44e+01,
3031,-8.00e-03,3.44e+01,
3032,-8.00e-03,3.44e+01,
3033,-8.00e-03,3.44e+01,
3034,-8.00e-03,3.44e+01,
3035,-8.00e-03,3.44e+01,
3036,-8.00e-03,3.44e+01,
3037,-8.00e-03,3.44e+01,
3038,-8.00e-03,3.44e+01,
3039,-8.00e-03,3.44e+01,
3040,-8.00e-03,3.44e+01,
3041,-8.00e-03,3.44e+01,
3042,-8.00e-03,3.44e+01,
3043,-8.00e-03,3.44e+01,
3044,-8.00e-03,3.44e+01,
3045,-8.00e-03,3.44e+01,
3046,-8.00e-03,3.44e+01,
3047,-8.00e-03,3.44e+01,
3048,-8.00e-03,3.44e+01,
3049,-8.00e-03,3.44e+01,
3050,-8.00e-03,3.44e+01,
3051,-8.00e-03,3.44e+01,
3052,-8.00e-03,3.44e+01,
3053,-8.00e-03,3.44e+01,
3054,-8.00e-03,3.44e+01,
3055,-8.00e-03,3.44e+01,
3056,-8.00e-03,3.44e+01,
3057,-8.00e-03,3.44e+01,
3058,-8.00e-03,3.44e+01,
3059,-8.00e-03,3.44e+01,
3060,-8.00e-03,3.44e+01,
3061,-8.00e-03,3.44e+01,
3062,-8.00e-03,3.44e+01,
3063,-8.00e-03,3.44e+01,
3064,-8.00e-03,3.44e+01,
3065,-8.00e-03,3.44e+01,
3066,-8.00e-03,3.44e+01,
3067,-8.00e-03,3.44e+01,
3068,-8.00e-03,3.44e+01,
3069,-8.00e-03,3.44e+01,
3070,-8.00e-03,3.44e+01,
3071,-8.00e-03,3.44e+01,
3072,-8.00e-03,3.44e+01,
3073,-8.00e-03,3.44e+01,
3074,-8.00e-03,3.44e+01,
3075,-8.00e-03,3.44e+01,
3076,-8.00e-03,3.44e+01,
3077,-8.00e-03,3.44e+01,
3078,-8.00e-03,3.44e+01,
3079,-8.00e-03,3.44e+01,
3080,-8.00e-03,3.44e+01,
3081,-8.00e-03,3.44e+01,
3082,-8.00e-03,3.44e+01,
3083,-8.00e-03,3.44e+01,
3084,-8.00e-03,3.44e+01,
3085,-8.00e-03,3.44e+01,
3086,-8.00e-03,3.44e+01,
3087,-8.00e-03,3.44e+01,
3088,-8.00e-03,3.44e+01,
3089,-8.00e-03,3.44e+01,
3090,-8.00e-03,3.44e+01,
3091,-8.00e-03,3.44e+01,
3092,-8.00e-03,3.44e+01,
3093,-8.00e-03,3.44e+01,
3094,-8.00e-03,3.44e+01,
3095,-8.00e-03,3.44e+01,
3096,-8.00e-03,3.44e+01,
3097,-8.00e-03,3.44e+01,
3098,-8.00e-03,3.44e+01,
3099,-8.00e-03,3.44e+01,
3100,-8.00e-03,3.44e+01,
3101,-8.00e-03,3.44e+01,
3102,-8.00e-03,3.44e+01,
3103,-8.00e-03,3.44e+01,
3104,-8.00e-03,3.44e+01,
3105,-8.00e-03,3.44e+01,
3106,-8.00e-03,3.44e+01,
3107,-8.00e-03,3.44e+01,
3108,-8.00e-03,3.44e+01,
3109,-8.00e-03,3.44e+01,
3110,-8.00e-03,3.44e+01,
3111,-8.00e-03,3.44e+01,
3112,-8.00e-03,3.44e+01,
3113,-8.00e-03,3.44e+01,
3114,-8.00e-03,3.44e+01,
3115,-8.00e-03,3.44e+01,
3116,-8.00e-03,3.44e+01,
3117,-8.00e-03,3.44e+01,
3118,-8.00e-03,3.44e+01,
3119,-8.00e-03,3.44e+01,
3120,-8.00e-03,3.44e+01,
3121,-8.00e-03,3.44e+01,
3122,-8.00e-03,3.44e+01,
3123,-8.00e-03,3.44e+01,
3124,-8.00e-03,3.44e+01,
3125,-8.00e-03,3.44e+01,
3126,-8.00e-03,3.44e+01,
3127,-8.00e-03,3.44e+01,
3128,-8.00e-03,3.44e+01,
3129,-8.00e-03,3.44e+01,
3130,-8.00e-03,3.44e+01,
3131,-8.00e-03,3.44e+01,
3132,-8.00e-03,3.44e+01,
3133,-8.00e-03,3.44e+01,
3134,-8.00e-03,3.44e+01,
3135,-8.00e-03,3.44e+01,
3136,-8.00e-03,3.44e+01,
3137,-8.00e-03,3.44e+01,
3138,-8.00e-03,3.44e+01,
3139,-8.00e-03,3.44e+01,
3140,-8.00e-03,3.44e+01,
3141,-8.00e-03,3.44e+01,
3142,-8.00e-03,3.44e+01,
3143,-8.00e-03,3.44e+01,
3144,-8.00e-03,3.44e+01,
3145,-8.00e-03,3.44e+01,
3146,-8.00e-03,3.44e+01,
3147,-8.00e-03,3.44e+01,
3148,-8.00e-03,3.44e+01,
3149,-8.00e-03,3.44e+01,
3150,-8.00e-03,3.44e+01,
3151,-8.00e-03,3.44e+01,
3152,-8.00e-03,3.44e+01,
3153,-8.00e-03,3.44e+01,
3154,-8.00e-03,3.44e+01,
3155,-8.00e-03,3.44e+01,
3156,-8.00e-03,3.44e+01,
3157,-8.00e-03,3.44e+01,
3158,-8.00e-03,3.44e+01,
3159,-8.00e-03,3.44e+01,
3160,-8.00e-03,3.44e+01,
3161,-8.00e-03,3.44e+01,
3162,-8.00e-03,3.44e+01,
3163,-8.00e-03,3.44e+01,
3164,-8.00e-03,3.44e+01,
3165,-8.00e-03,3.44e+01,
3166,-8.00e-03,3.44e+01,
3167,-8.00e-03,3.44e+01,
3168,-8.00e-03,3.44e+01,
3169,-8.00e-03,3.44e+01,
3170,-8.00e-03,3.44e+01,
3171,-8.00e-03,3.44e+01,
3172,-8.00e-03,3.44e+01,
3173,-8.00e-03,3.44e+01,
3174,-8.00e-03,3.44e+01,
3175,-8.00e-03,3.44e+01,
3176,-8.00e-03,3.44e+01,
3177,-8.00e-03,3.44e+01,
3178,-8.00e-03,3.44e+01,
3179,-8.00e-03,3.44e+01,
3180,-8.00e-03,3.44e+01,
3181,-8.00e-03,3.44e+01,
3182,-8.00e-03,3.44e+01,
3183,-8.00e-03,3.44e+01,
3184,-8.00e-03,3.44e+01,
3185,-8.00e-03,3.44e+01,
3186,-8.00e-03,3.44e+01,
3187,-8.00e-03,3.44e+01,
3188,-8.00e-03,3.44e+01,
3189,-8.00e-03,3.44e+01,
3190,-8.00e-03,3.44e+01,
3191,-8.00e-03,3.44e+01,
3192,-8.00e-03,3.44e+01,
3193,-8.00e-03,3.44e+01,
3194,-8.00e-03,3.44e+01,
3195,-8.00e-03,3.44e+01,
3196,-8.00e-03,3.44e+01,
3197,-8.00e-03,3.44e+01,
3198,-8.00e-03,3.44e+01,
3199,-8.00e-03,3.44e+01,
3200,-8.00e-03,3.44e+01,
3201,-8.00e-03,3.44e+01,
3202,-8.00e-03,3.44e+01,
3203,-8.00e-03,3.44e+01,
3204,-8.00e-03,3.44e+01,
3205,-8.00e-03,3.44e+01,
3206,-8.00e-03,3.44e+01,
3207,-8.00e-03,3.44e+01,
3208,-8.00e-03,3.44e+01,
3209,-8.00e-03,3.44e+01,
3210,-8.00e-03,3.44e+01,
3211,-8.00e-03,3.44e+01,
3212,-8.00e-03,3.44e+01,
3213,-8.00e-03,3.44e+01,
3214,-8.00e-03,3.44e+01,
3215,-8.00e-03,3.44e+01,
3216,-8.00e-03,3.44e+01,
3217,-8.00e-03,3.44e+01,
3218,-8.00e-03,3.44e+01,
3219,-8.00e-03,3.44e+01,
3220,-8.00e-03,3.44e+01,
3221,-8.00e-03,3.44e+01,
3222,-8.00e-03,3.44e+01,
3223,-8.00e-03,3.44e+01,
3224,-8.00e-03,3.44e+01,
3225,-8.00e-03,3.44e+01,
3226,-8.00e-03,3.44e+01,
3227,-8.00e-03,3.44e+01,
3228,-8.00e-03,3.44e+01,
3229,-8.00e-03,3.44e+01,
3230,-8.00e-03,3.44e+01,
3231,-8.00e-03,3.44e+01,
3232,-8.00e-03,3.44e+01,
3233,-8.00e-03,3.44e+01,
3234,-8.00e-03,3.44e+01,
3235,-8.00e-03,3.44e+01,
3236,-8.00e-03,3.44e+01,
3237,-8.00e-03,3.44e+01,
3238,-8.00e-03,3.44e+01,
3239,-8.00e-03,3.44e+01,
3240,-8.00e-03,3.44e+01,
3241,-8.00e-03,3.44e+01,
3242,-8.00e-03,3.44e+01,
3243,-8.00e-03,3.44e+01,
3244,-8.00e-03,3.44e+01,
3245,-8.00e-03,3.44e+01,
3246,-8.00e-03,3.44e+01,
3247,-8.00e-03,3.44e+01,
3248,-8.00e-03,3.44e+01,
3249,-8.00e-03,3.44e+01,
3250,-8.00e-03,3.44e+01,
3251,-8.00e-03,3.44e+01,
3252,-8.00e-03,3.44e+01,
3253,-8.00e-03,3.44e+01,
3254,-8.00e-03,3.44e+01,
3255,-8.00e-03,3.44e+01,
3256,-8.00e-03,3.44e+01,
3257,-8.00e-03,3.44e+01,
3258,-8.00e-03,3.44e+01,
3259,-8.00e-03,3.44e+01,
3260,-8.00e-03,3.44e+01,
3261,-8.00e-03,3.44e+01,
3262,-8.00e-03,3.44e+01,
3263,-8.00e-03,3.44e+01,
3264,-8.00e-03,3.44e+01,
3265,-8.00e-03,3.44e+01,
3266,-8.00e-03,3.44e+01,
3267,-8.00e-03,3.44e+01,
3268,-8.00e-03,3.44e+01,
3269,-8.00e-03,3.44e+01,
3270,-8.00e-03,3.44e+01,
3271,-8.00e-03,3.44e+01,
3272,-8.00e-03,3.44e+01,
3273,-8.00e-03,3.44e+01,
3274,-8.00e-03,3.44e+01,
3275,-8.00e-03,3.44e+01,
3276,-8.00e-03,3.44e+01,
3277,-8.00e-03,3.44e+01,
3278,-8.00e-03,3.44e+01,
3279,-8.00e-03,3.44e+01,
3280,-8.00e-03,3.44e+01,
3281,-8.00e-03,3.44e+01,
3282,-8.00e-03,3.44e+01,
3283,-8.00e-03,3.44e+01,
3284,-8.00e-03,3.44e+01,
3285,-8.00e-03,3.44e+01,
3286,-8.00e-03,3.44e+01,
3287,-8.00e-03,3.44e+01,
3288,-8.00e-03,3.44e+01,
3289,-8.00e-03,3.44e+01,
3290,-8.00e-03,3.44e+01,
3291,-8.00e-03,3.44e+01,
3292,-8.00e-03,3.44e+01,
3293,-8.00e-03,3.44e+01,
3294,-8.00e-03,3.44e+01,
3295,-8.00e-03,3.44e+01,
3296,-8.00e-03,3.44e+01,
3297,-8.00e-03,3.44e+01,
3298,-8.00e-03,3.44e+01,
3299,-8.00e-03,3.44e+01,
3300,-8.00e-03,3.44e+01,
3301,-8.00e-03,3.44e+01,
3302,-8.00e-03,3.44e+01,
3303,-8.00e-03,3.44e+01,
3304,-8.00e-03,3.44e+01,
3305,-8.00e-03,3.44e+01,
3306,-8.00e-03,3.44e+01,
3307,-8.00e-03,3.44e+01,
3308,-8.00e-03,3.44e+01,
3309,-8.00e-03,3.44e+01,
3310,-8.00e-03,3.44e+01,
3311,-8.00e-03,3.44e+01,
3312,-8.00e-03,3.44e+01,
3313,-8.00e-03,3.44e+01,
3314,-8.00e-03,3.44e+01,
3315,-8.00e-03,3.44e+01,
3316,-8.00e-03,3.44e+01,
3317,-8.00e-03,3.44e+01,
3318,-8.00e-03,3.44e+01,
3319,-8.00e-03,3.44e+01,
3320,-8.00e-03,3.44e+01,
3321,-8.00e-03,3.44e+01,
3322,-8.00e-03,3.44e+01,
3323,-8.00e-03,3.44e+01,
3324,-8.00e-03,3.44e+01,
3325,-8.00e-03,3.44e+01,
3326,-8.00e-03,3.44e+01,
3327,-8.00e-03,3.44e+01,
3328,-8.00e-03,3.44e+01,
3329,-8.00e-03,3.44e+01,
3330,-8.00e-03,3.44e+01,
3331,-8.00e-03,3.44e+01,
3332,-8.00e-03,3.44e+01,
3333,-8.00e-03,3.44e+01,
3334,-8.00e-03,3.44e+01,
3335,-8.00e-03,3.44e+01,
3336,-8.00e-03,3.44e+01,
3337,-8.00e-03,3.44e+01,
3338,-8.00e-03,3.44e+01,
3339,-8.00e-03,3.44e+01,
3340,-8.00e-03,3.44e+01,
3341,-8.00e-03,3.44e+01,
3342,-8.00e-03,3.44e+01,
3343,-8.00e-03,3.44e+01,
3344,-8.00e-03,3.44e+01,
3345,-8.00e-03,3.44e+01,
3346,-8.00e-03,3.44e+01,
3347,-8.00e-03,3.44e+01,
3348,-8.00e-03,3.44e+01,
3349,-8.00e-03,3.44e+01,
3350,-8.00e-03,3.44e+01,
3351,-8.00e-03,3.44e+01,
3352,-8.00e-03,3.44e+01,
3353,-8.00e-03,3.44e+01,
3354,-8.00e-03,3.44e+01,
3355,-8.00e-03,3.44e+01,
3356,-8.00e-03,3.44e+01,
3357,-8.00e-03,3.44e+01,
3358,-8.00e-03,3.44e+01,
3359,-8.00e-03,3.44e+01,
3360,-8.00e-03,3.44e+01,
3361,-8.00e-03,3.44e+01,
3362,-8.00e-03,3.44e+01,
3363,-8.00e-03,3.44e+01,
3364,-8.00e-03,3.44e+01,
3365,-8.00e-03,3.44e+01,
3366,-8.00e-03,3.44e+01,
3367,-8.00e-03,3.44e+01,
3368,-8.00e-03,3.44e+01,
3369,-8.00e-03,3.44e+01,
3370,-8.00e-03,3.44e+01,
3371,-8.00e-03,3.44e+01,
3372,-8.00e-03,3.44e+01,
3373,-8.00e-03,3.44e+01,
3374,-8.00e-03,3.44e+01,
3375,-8.00e-03,3.44e+01,
3376,-8.00e-03,3.44e+01,
3377,-8.00e-03,3.44e+01,
3378,-8.00e-03,3.44e+01,
3379,-8.00e-03,3.44e+01,
3380,-8.00e-03,3.44e+01,
3381,-8.00e-03,3.44e+01,
3382,-8.00e-03,3.44e+01,
3383,-8.00e-03,3.44e+01,
3384,-8.00e-03,3.44e+01,
3385,-8.00e-03,3.44e+01,
3386,-8.00e-03,3.44e+01,
3387,-8.00e-03,3.44e+01,
3388,-8.00e-03,3.44e+01,
3389,-8.00e-03,3.44e+01,
3390,-8.00e-03,3.44e+01,
3391,-8.00e-03,3.44e+01,
3392,-8.00e-03,3.44e+01,
3393,-8.00e-03,3.44e+01,
3394,-8.00e-03,3.44e+01,
3395,-8.00e-03,3.44e+01,
3396,-8.00e-03,3.44e+01,
3397,-8.00e-03,3.44e+01,
3398,-8.00e-03,3.44e+01,
3399,-8.00e-03,3.44e+01,
3400,-8.00e-03,3.44e+01,
3401,-8.00e-03,3.44e+01,
3402,-8.00e-03,3.44e+01,
3403,-8.00e-03,3.44e+01,
3404,-8.00e-03,3.44e+01,
3405,-8.00e-03,3.44e+01,
3406,-8.00e-03,3.44e+01,
3407,-8.00e-03,3.44e+01,
3408,-8.00e-03,3.44e+01,
3409,-8.00e-03,3.44e+01,
3410,-8.00e-03,3.44e+01,
3411,-8.00e-03,3.44e+01,
3412,-8.00e-03,3.44e+01,
3413,-8.00e-03,3.44e+01,
3414,-8.00e-03,3.44e+01,
3415,-8.00e-03,3.44e+01,
3416,-8.00e-03,3.44e+01,
3417,-8.00e-03,3.44e+01,
3418,-8.00e-03,3.44e+01,
3419,-8.00e-03,3.44e+01,
3420,-8.00e-03,3.44e+01,
3421,-8.00e-03,3.44e+01,
3422,-8.00e-03,3.44e+01,
3423,-8.00e-03,3.44e+01,
3424,-8.00e-03,3.44e+01,
3425,-8.00e-03,3.44e+01,
3426,-8.00e-03,3.44e+01,
3427,-8.00e-03,3.44e+01,
3428,-8.00e-03,3.44e+01,
3429,-8.00e-03,3.44e+01,
3430,-8.00e-03,3.44e+01,
3431,-8.00e-03,3.44e+01,
3432,-8.00e-03,3.44e+01,
3433,-8.00e-03,3.44e+01,
3434,-8.00e-03,3.44e+01,
3435,-8.00e-03,3.44e+01,
3436,-8.00e-03,3.44e+01,
3437,-8.00e-03,3.44e+01,
3438,-8.00e-03,3.44e+01,
3439,-8.00e-03,3.44e+01,
3440,-8.00e-03,3.44e+01,
3441,-8.00e-03,3.44e+01,
3442,-8.00e-03,3.44e+01,
3443,-8.00e-03,3.44e+01,
3444,-8.00e-03,3.44e+01,
3445,-8.00e-03,3.44e+01,
3446,-8.00e-03,3.44e+01,
3447,-8.00e-03,3.44e+01,
3448,-8.00e-03,3.44e+01,
3449,-8.00e-03,3.44e+01,
3450,-8.00e-03,3.44e+01,
3451,-8.00e-03,3.44e+01,
3452,-8.00e-03,3.44e+01,
3453,-8.00e-03,3.44e+01,
3454,-8.00e-03,3.44e+01,
3455,-8.00e-03,3.44e+01,
3456,-8.00e-03,3.44e+01,
3457,-8.00e-03,3.44e+01,
3458,-8.00e-03,3.44e+01,
3459,-8.00e-03,3.44e+01,
3460,-8.00e-03,3.44e+01,
3461,-8.00e-03,3.44e+01,
3462,-8.00e-03,3.44e+01,
3463,-8.00e-03,3.44e+01,
3464,-8.00e-03,3.44e+01,
3465,-8.00e-03,3.44e+01,
3466,-8.00e-03,3.44e+01,
3467,-8.00e-03,3.44e+01,
3468,-8.00e-03,3.44e+01,
3469,-8.00e-03,3.44e+01,
3470,-8.00e-03,3.44e+01,
3471,-8.00e-03,3.44e+01,
3472,-8.00e-03,3.44e+01,
3473,-8.00e-03,3.44e+01,
3474,-8.00e-03,3.44e+01,
3475,-8.00e-03,3.44e+01,
3476,-8.00e-03,3.44e+01,
3477,-8.00e-03,3.44e+01,
3478,-8.00e-03,3.44e+01,
3479,-8.00e-03,3.44e+01,
3480,-8.00e-03,3.44e+01,
3481,-8.00e-03,3.44e+01,
3482,-8.00e-03,3.44e+01,
3483,-8.00e-03,3.44e+01,
3484,-8.00e-03,3.44e+01,
3485,-8.00e-03,3.44e+01,
3486,-8.00e-03,3.44e+01,
3487,-8.00e-03,3.44e+01,
3488,-8.00e-03,3.44e+01,
3489,-8.00e-03,3.44e+01,
3490,-8.00e-03,3.44e+01,
3491,-8.00e-03,3.44e+01,
3492,-8.00e-03,3.44e+01,
3493,-8.00e-03,3.44e+01,
3494,-8.00e-03,3.44e+01,
3495,-8.00e-03,3.44e+01,
3496,-8.00e-03,3.44e+01,
3497,-8.00e-03,3.44e+01,
3498,-8.00e-03,3.44e+01,
3499,-8.00e-03,3.44e+01,
3500,-8.00e-03,3.44e+01,
3501,-8.00e-03,3.44e+01,
3502,-8.00e-03,3.44e+01,
3503,-8.00e-03,3.44e+01,
3504,-8.00e-03,3.44e+01,
3505,-8.00e-03,3.44e+01,
3506,-8.00e-03,3.44e+01,
3507,-8.00e-03,3.44e+01,
3508,-8.00e-03,3.44e+01,
3509,-8.00e-03,3.44e+01,
3510,-8.00e-03,3.44e+01,
3511,-8.00e-03,3.44e+01,
3512,-8.00e-03,3.44e+01,
3513,-8.00e-03,3.44e+01,
3514,-8.00e-03,3.44e+01,
3515,-8.00e-03,3.44e+01,
3516,-8.00e-03,3.44e+01,
3517,-8.00e-03,3.44e+01,
3518,-8.00e-03,3.44e+01,
3519,-8.00e-03,3.44e+01,
3520,-8.00e-03,3.44e+01,
3521,-8.00e-03,3.44e+01,
3522,-8.00e-03,3.44e+01,
3523,-8.00e-03,3.44e+01,
3524,-8.00e-03,3.44e+01,
3525,-8.00e-03,3.44e+01,
3526,-8.00e-03,3.44e+01,
3527,-8.00e-03,3.44e+01,
3528,-8.00e-03,3.44e+01,
3529,-8.00e-03,3.44e+01,
3530,-8.00e-03,3.44e+01,
3531,-8.00e-03,3.44e+01,
3532,-8.00e-03,3.44e+01,
3533,-8.00e-03,3.44e+01,
3534,-8.00e-03,3.44e+01,
3535,-8.00e-03,3.44e+01,
3536,-8.00e-03,3.44e+01,
3537,-8.00e-03,3.44e+01,
3538,-8.00e-03,3.44e+01,
3539,-8.00e-03,3.44e+01,
3540,-8.00e-03,3.44e+01,
3541,-8.00e-03,3.44e+01,
3542,-8.00e-03,3.44e+01,
3543,-8.00e-03,3.44e+01,
3544,-8.00e-03,3.44e+01,
3545,-8.00e-03,3.44e+01,
3546,-8.00e-03,3.44e+01,
3547,-8.00e-03,3.44e+01,
3548,-8.00e-03,3.44e+01,
3549,-8.00e-03,3.44e+01,
3550,-8.00e-03,3.44e+01,
3551,-8.00e-03,3.44e+01,
3552,-8.00e-03,3.44e+01,
3553,-8.00e-03,3.44e+01,
3554,-8.00e-03,3.44e+01,
3555,-8.00e-03,3.44e+01,
3556,-8.00e-03,3.44e+01,
3557,-8.00e-03,3.44e+01,
3558,-8.00e-03,3.44e+01,
3559,-8.00e-03,3.44e+01,
3560,-8.00e-03,3.44e+01,
3561,-8.00e-03,3.44e+01,
3562,-8.00e-03,3.44e+01,
3563,-8.00e-03,3.44e+01,
3564,-8.00e-03,3.44e+01,
3565,-8.00e-03,3.44e+01,
3566,-8.00e-03,3.44e+01,
3567,-8.00e-03,3.44e+01,
3568,-8.00e-03,3.44e+01,
3569,-8.00e-03,3.44e+01,
3570,-8.00e-03,3.44e+01,
3571,-8.00e-03,3.44e+01,
3572,-8.00e-03,3.44e+01,
3573,-8.00e-03,3.44e+01,
3574,-8.00e-03,3.44e+01,
3575,-8.00e-03,3.44e+01,
3576,-8.00e-03,3.44e+01,
3577,-8.00e-03,3.44e+01,
3578,-8.00e-03,3.44e+01,
3579,-8.00e-03,3.44e+01,
3580,-8.00e-03,3.44e+01,
3581,-8.00e-03,3.44e+01,
3582,-8.00e-03,3.44e+01,
3583,-8.00e-03,3.44e+01,
3584,-8.00e-03,3.44e+01,
3585,-8.00e-03,3.44e+01,
3586,-8.00e-03,3.44e+01,
3587,-8.00e-03,3.44e+01,
3588,-8.00e-03,3.44e+01,
3589,-8.00e-03,3.44e+01,
3590,-8.00e-03,3.44e+01,
3591,-8.00e-03,3.44e+01,
3592,-8.00e-03,3.44e+01,
3593,-8.00e-03,3.44e+01,
3594,-8.00e-03,3.44e+01,
3595,-8.00e-03,3.44e+01,
3596,-8.00e-03,3.44e+01,
3597,-8.00e-03,3.44e+01,
3598,-8.00e-03,3.44e+01,
3599,-8.00e-03,3.44e+01,
3600,-8.00e-03,3.44e+01,
3601,-8.00e-03,3.44e+01,
3602,-8.00e-03,3.44e+01,
3603,-8.00e-03,3.44e+01,
3604,-8.00e-03,3.44e+01,
3605,-8.00e-03,3.44e+01,
3606,-8.00e-03,3.44e+01,
3607,-8.00e-03,3.44e+01,
3608,-8.00e-03,3.44e+01,
3609,-8.00e-03,3.44e+01,
3610,-8.00e-03,3.44e+01,
3611,-8.00e-03,3.44e+01,
3612,-8.00e-03,3.44e+01,
3613,-8.00e-03,3.44e+01,
3614,-8.00e-03,3.44e+01,
3615,-8.00e-03,3.44e+01,
3616,-8.00e-03,3.44e+01,
3617,-8.00e-03,3.44e+01,
3618,-8.00e-03,3.44e+01,
3619,-8.00e-03,3.44e+01,
3620,-8.00e-03,3.44e+01,
3621,-8.00e-03,3.44e+01,
3622,-8.00e-03,3.44e+01,
3623,-8.00e-03,3.44e+01,
3624,-8.00e-03,3.44e+01,
3625,-8.00e-03,3.44e+01,
3626,-8.00e-03,3.44e+01,
3627,-8.00e-03,3.44e+01,
3628,-8.00e-03,3.44e+01,
3629,-8.00e-03,3.44e+01,
3630,-8.00e-03,3.44e+01,
3631,-8.00e-03,3.44e+01,
3632,-8.00e-03,3.44e+01,
3633,-8.00e-03,3.44e+01,
3634,-8.00e-03,3.44e+01,
3635,-8.00e-03,3.44e+01,
3636,-8.00e-03,3.44e+01,
3637,-8.00e-03,3.44e+01,
3638,-8.00e-03,3.44e+01,
3639,-8.00e-03,3.44e+01,
3640,-8.00e-03,3.44e+01,
3641,-8.00e-03,3.44e+01,
3642,-8.00e-03,3.44e+01,
3643,-8.00e-03,3.44e+01,
3644,-8.00e-03,3.44e+01,
3645,-8.00e-03,3.44e+01,
3646,-8.00e-03,3.44e+01,
3647,-8.00e-03,3.44e+01,
3648,-8.00e-03,3.44e+01,
3649,-8.00e-03,3.44e+01,
3650,-8.00e-03,3.44e+01,
3651,-8.00e-03,3.44e+01,
3652,-8.00e-03,3.44e+01,
3653,-8.00e-03,3.44e+01,
3654,-8.00e-03,3.44e+01,
3655,-8.00e-03,3.44e+01,
3656,-8.00e-03,3.44e+01,
3657,-8.00e-03,3.44e+01,
3658,-8.00e-03,3.44e+01,
3659,-8.00e-03,3.44e+01,
3660,-8.00e-03,3.44e+01,
3661,-8.00e-03,3.44e+01,
3662,-8.00e-03,3.44e+01,
3663,-8.00e-03,3.44e+01,
3664,-8.00e-03,3.44e+01,
3665,-8.00e-03,3.44e+01,
3666,-8.00e-03,3.44e+01,
3667,-8.00e-03,3.36e+01,
3668,-8.00e-03,3.44e+01,
3669,-8.00e-03,3.44e+01,
3670,-8.00e-03,3.36e+01,
3671,-8.00e-03,3.44e+01,
3672,-8.00e-03,3.44e+01,
3673,-8.00e-03,3.44e+01,
3674,-8.00e-03,3.44e+01,
3675,-8.00e-03,3.44e+01,
3676,-8.00e-03,3.44e+01,
3677,-8.00e-03,3.44e+01,
3678,-8.00e-03,3.44e+01,
3679,-8.00e-03,3.44e+01,
3680,-8.00e-03,3.44e+01,
3681,-8.00e-03,3.44e+01,
3682,-8.00e-03,3.44e+01,
3683,-8.00e-03,3.44e+01,
3684,-8.00e-03,3.44e+01,
3685,-8.00e-03,3.44e+01,
3686,-8.00e-03,3.44e+01,
3687,-8.00e-03,3.44e+01,
3688,-8.00e-03,3.44e+01,
3689,-8.00e-03,3.44e+01,
3690,-8.00e-03,3.44e+01,
3691,-8.00e-03,3.44e+01,
3692,-8.00e-03,3.44e+01,
3693,-8.00e-03,3.44e+01,
3694,-8.00e-03,3.44e+01,
3695,-8.00e-03,3.44e+01,
3696,-8.00e-03,3.44e+01,
3697,-8.00e-03,3.44e+01,
3698,-8.00e-03,3.44e+01,
3699,-8.00e-03,3.44e+01,
3700,-8.00e-03,3.44e+01,
3701,-8.00e-03,3.44e+01,
3702,-8.00e-03,3.44e+01,
3703,-8.00e-03,3.44e+01,
3704,-8.00e-03,3.44e+01,
3705,-8.00e-03,3.44e+01,
3706,-8.00e-03,3.44e+01,
3707,-8.00e-03,3.44e+01,
3708,-8.00e-03,3.44e+01,
3709,-8.00e-03,3.44e+01,
3710,-8.00e-03,3.44e+01,
3711,-8.00e-03,3.44e+01,
3712,-8.00e-03,3.44e+01,
3713,-8.00e-03,3.44e+01,
3714,-8.00e-03,3.44e+01,
3715,-8.00e-03,3.44e+01,
3716,-8.00e-03,3.44e+01,
3717,-8.00e-03,3.44e+01,
3718,-8.00e-03,3.44e+01,
3719,-8.00e-03,3.44e+01,
3720,-8.00e-03,3.44e+01,
3721,-8.00e-03,3.44e+01,
3722,-8.00e-03,3.44e+01,
3723,-8.00e-03,3.44e+01,
3724,-8.00e-03,3.44e+01,
3725,-8.00e-03,3.44e+01,
3726,-8.00e-03,3.44e+01,
3727,-8.00e-03,3.44e+01,
3728,-8.00e-03,3.44e+01,
3729,-8.00e-03,3.44e+01,
3730,-8.00e-03,3.44e+01,
3731,-8.00e-03,3.44e+01,
3732,-8.00e-03,3.44e+01,
3733,-8.00e-03,3.44e+01,
3734,-8.00e-03,3.44e+01,
3735,-8.00e-03,3.44e+01,
3736,-8.00e-03,3.44e+01,
3737,-8.00e-03,3.44e+01,
3738,-8.00e-03,3.44e+01,
3739,-8.00e-03,3.44e+01,
3740,-8.00e-03,3.44e+01,
3741,-8.00e-03,3.44e+01,
3742,-8.00e-03,3.44e+01,
3743,-8.00e-03,3.44e+01,
3744,-8.00e-03,3.44e+01,
3745,-8.00e-03,3.44e+01,
3746,-8.00e-03,3.44e+01,
3747,-8.00e-03,3.44e+01,
3748,-8.00e-03,3.44e+01,
3749,0.00e+00,3.44e+01,
3750,-8.00e-03,3.44e+01,
3751,-8.00e-03,3.44e+01,
3752,-8.00e-03,3.44e+01,
3753,-8.00e-03,3.44e+01,
3754,-8.00e-03,3.44e+01,
3755,-8.00e-03,3.44e+01,
3756,-8.00e-03,3.44e+01,
3757,-8.00e-03,3.44e+01,
3758,-8.00e-03,3.44e+01,
3759,-8.00e-03,3.44e+01,
3760,-8.00e-03,3.44e+01,
3761,-8.00e-03,3.44e+01,
3762,-8.00e-03,3.44e+01,
3763,-8.00e-03,3.44e+01,
3764,-8.00e-03,3.44e+01,
3765,-8.00e-03,3.44e+01,
3766,-8.00e-03,3.44e+01,
3767,-8.00e-03,3.44e+01,
3768,-8.00e-03,3.44e+01,
3769,-8.00e-03,3.44e+01,
3770,-8.00e-03,3.44e+01,
3771,-8.00e-03,3.44e+01,
3772,-8.00e-03,3.44e+01,
3773,-8.00e-03,3.44e+01,
3774,-8.00e-03,3.44e+01,
3775,-8.00e-03,3.44e+01,
3776,-8.00e-03,3.44e+01,
3777,-8.00e-03,3.44e+01,
3778,-8.00e-03,3.44e+01,
3779,-8.00e-03,3.44e+01,
3780,-8.00e-03,3.44e+01,
3781,-8.00e-03,3.44e+01,
3782,-8.00e-03,3.44e+01,
3783,-8.00e-03,3.44e+01,
3784,-8.00e-03,3.44e+01,
3785,-8.00e-03,3.44e+01,
3786,-8.00e-03,3.44e+01,
3787,-8.00e-03,3.44e+01,
3788,-8.00e-03,3.44e+01,
3789,-8.00e-03,3.44e+01,
3790,-8.00e-03,3.44e+01,
3791,-8.00e-03,3.44e+01,
3792,-8.00e-03,3.44e+01,
3793,-8.00e-03,3.44e+01,
3794,-8.00e-03,3.44e+01,
3795,-8.00e-03,3.44e+01,
3796,-8.00e-03,3.44e+01,
3797,-8.00e-03,3.44e+01,
3798,-8.00e-03,3.44e+01,
3799,-8.00e-03,3.44e+01,
3800,-8.00e-03,3.44e+01,
3801,-8.00e-03,3.44e+01,
3802,-8.00e-03,3.44e+01,
3803,-8.00e-03,3.44e+01,
3804,-8.00e-03,3.44e+01,
3805,-8.00e-03,3.44e+01,
3806,-8.00e-03,3.44e+01,
3807,-8.00e-03,3.44e+01,
3808,-8.00e-03,3.44e+01,
3809,-8.00e-03,3.44e+01,
3810,-8.00e-03,3.44e+01,
3811,-8.00e-03,3.44e+01,
3812,-8.00e-03,3.44e+01,
3813,-8.00e-03,3.44e+01,
3814,-8.00e-03,3.44e+01,
3815,-8.00e-03,3.44e+01,
3816,-8.00e-03,3.44e+01,
3817,-8.00e-03,3.44e+01,
3818,-8.00e-03,3.44e+01,
3819,-8.00e-03,3.44e+01,
3820,-8.00e-03,3.44e+01,
3821,-8.00e-03,3.44e+01,
3822,-8.00e-03,3.44e+01,
3823,-8.00e-03,3.44e+01,
3824,-8.00e-03,3.44e+01,
3825,-8.00e-03,3.44e+01,
3826,-8.00e-03,3.36e+01,
3827,-8.00e-03,3.44e+01,
3828,-8.00e-03,3.44e+01,
3829,-8.00e-03,3.44e+01,
3830,-8.00e-03,3.44e+01,
3831,-8.00e-03,3.44e+01,
3832,-8.00e-03,3.44e+01,
3833,-8.00e-03,3.44e+01,
3834,-8.00e-03,3.44e+01,
3835,-8.00e-03,3.44e+01,
3836,-8.00e-03,3.44e+01,
3837,-8.00e-03,3.44e+01,
3838,-8.00e-03,3.44e+01,
3839,-8.00e-03,3.44e+01,
3840,-8.00e-03,3.44e+01,
3841,-8.00e-03,3.44e+01,
3842,-8.00e-03,3.44e+01,
3843,-8.00e-03,3.44e+01,
3844,-8.00e-03,3.44e+01,
3845,-8.00e-03,3.44e+01,
3846,-8.00e-03,3.44e+01,
3847,-8.00e-03,3.44e+01,
3848,-8.00e-03,3.44e+01,
3849,-8.00e-03,3.44e+01,
3850,-8.00e-03,3.44e+01,
3851,-8.00e-03,3.44e+01,
3852,-8.00e-03,3.44e+01,
3853,-8.00e-03,3.44e+01,
3854,-8.00e-03,3.44e+01,
3855,-8.00e-03,3.44e+01,
3856,-8.00e-03,3.44e+01,
3857,-8.00e-03,3.44e+01,
3858,-8.00e-03,3.44e+01,
3859,-8.00e-03,3.44e+01,
3860,-8.00e-03,3.44e+01,
3861,-8.00e-03,3.44e+01,
3862,-8.00e-03,3.44e+01,
3863,-8.00e-03,3.44e+01,
3864,-8.00e-03,3.44e+01,
3865,-8.00e-03,3.44e+01,
3866,-8.00e-03,3.44e+01,
3867,-8.00e-03,3.36e+01,
3868,-8.00e-03,3.44e+01,
3869,-8.00e-03,3.44e+01,
3870,-8.00e-03,3.36e+01,
3871,-8.00e-03,3.44e+01,
3872,-8.00e-03,3.44e+01,
3873,-8.00e-03,3.44e+01,
3874,-8.00e-03,3.44e+01,
3875,-8.00e-03,3.44e+01,
3876,-8.00e-03,3.44e+01,
3877,-8.00e-03,3.44e+01,
3878,-8.00e-03,3.44e+01,
3879,-8.00e-03,3.44e+01,
3880,-8.00e-03,3.44e+01,
3881,-8.00e-03,3.44e+01,
3882,-8.00e-03,3.44e+01,
3883,-8.00e-03,3.44e+01,
3884,-8.00e-03,3.44e+01,
3885,-8.00e-03,3.44e+01,
3886,-8.00e-03,3.44e+01,
3887,-8.00e-03,3.44e+01,
3888,-8.00e-03,3.44e+01,
3889,-8.00e-03,3.44e+01,
3890,-8.00e-03,3.44e+01,
3891,-8.00e-03,3.44e+01,
3892,-8.00e-03,3.44e+01,
3893,-8.00e-03,3.44e+01,
3894,-8.00e-03,3.44e+01,
3895,-8.00e-03,3.44e+01,
3896,-8.00e-03,3.44e+01,
3897,-8.00e-03,3.44e+01,
3898,-8.00e-03,3.44e+01,
3899,-8.00e-03,3.44e+01,
3900,-8.00e-03,3.44e+01,
3901,-8.00e-03,3.44e+01,
3902,-8.00e-03,3.44e+01,
3903,-8.00e-03,3.44e+01,
3904,-8.00e-03,3.44e+01,
3905,-8.00e-03,3.44e+01,
3906,-8.00e-03,3.44e+01,
3907,-8.00e-03,3.44e+01,
3908,-8.00e-03,3.44e+01,
3909,-8.00e-03,3.44e+01,
3910,-8.00e-03,3.44e+01,
3911,-8.00e-03,3.44e+01,
3912,-8.00e-03,3.44e+01,
3913,-8.00e-03,3.44e+01,
3914,-8.00e-03,3.44e+01,
3915,-8.00e-03,3.44e+01,
3916,-8.00e-03,3.44e+01,
3917,-8.00e-03,3.44e+01,
3918,-8.00e-03,3.44e+01,
3919,-8.00e-03,3.44e+01,
3920,-8.00e-03,3.44e+01,
3921,-8.00e-03,3.44e+01,
3922,-8.00e-03,3.44e+01,
3923,-8.00e-03,3.44e+01,
3924,-8.00e-03,3.44e+01,
3925,-8.00e-03,3.44e+01,
3926,-8.00e-03,3.36e+01,
3927,-8.00e-03,3.44e+01,
3928,-8.00e-03,3.44e+01,
3929,-8.00e-03,3.44e+01,
3930,-8.00e-03,3.44e+01,
3931,-8.00e-03,3.44e+01,
3932,-8.00e-03,3.44e+01,
3933,-8.00e-03,3.44e+01,
3934,-8.00e-03,3.44e+01,
3935,-8.00e-03,3.44e+01,
3936,-8.00e-03,3.44e+01,
3937,-8.00e-03,3.44e+01,
3938,-8.00e-03,3.44e+01,
3939,-8.00e-03,3.44e+01,
3940,-8.00e-03,3.44e+01,
3941,-8.00e-03,3.44e+01,
3942,-8.00e-03,3.36e+01,
3943,-8.00e-03,3.44e+01,
3944,-8.00e-03,3.44e+01,
3945,-8.00e-03,3.44e+01,
3946,-8.00e-03,3.44e+01,
3947,-8.00e-03,3.44e+01,
3948,-8.00e-03,3.44e+01,
3949,-8.00e-03,3.44e+01,
3950,-8.00e-03,3.44e+01,
3951,-8.00e-03,3.44e+01,
3952,-8.00e-03,3.44e+01,
3953,-8.00e-03,3.44e+01,
3954,-8.00e-03,3.44e+01,
3955,-8.00e-03,3.44e+01,
3956,-8.00e-03,3.44e+01,
3957,-8.00e-03,3.44e+01,
3958,-8.00e-03,3.44e+01,
3959,-8.00e-03,3.44e+01,
3960,-8.00e-03,3.44e+01,
3961,-8.00e-03,3.44e+01,
3962,-8.00e-03,3.44e+01,
3963,-8.00e-03,3.44e+01,
3964,-8.00e-03,3.44e+01,
3965,-8.00e-03,3.44e+01,
3966,-8.00e-03,3.36e+01,
3967,-8.00e-03,3.44e+01,
3968,-8.00e-03,3.44e+01,
3969,-8.00e-03,3.44e+01,
3970,-8.00e-03,3.44e+01,
3971,-8.00e-03,3.44e+01,
3972,-8.00e-03,3.44e+01,
3973,-8.00e-03,3.44e+01,
3974,-8.00e-03,3.36e+01,
3975,-8.00e-03,3.44e+01,
3976,-8.00e-03,3.44e+01,
3977,-8.00e-03,3.44e+01,
3978,-8.00e-03,3.36e+01,
3979,-8.00e-03,3.44e+01,
3980,-8.00e-03,3.44e+01,
3981,-8.00e-03,3.44e+01,
3982,-8.00e-03,3.44e+01,
3983,-8.00e-03,3.44e+01,
3984,-8.00e-03,3.44e+01,
3985,-8.00e-03,3.44e+01,
3986,-8.00e-03,3.36e+01,
3987,-8.00e-03,3.44e+01,
3988,-8.00e-03,3.44e+01,
3989,-8.00e-03,3.44e+01,
3990,-8.00e-03,3.44e+01,
3991,-8.00e-03,3.44e+01,
3992,-8.00e-03,3.44e+01,
3993,-8.00e-03,3.44e+01,
3994,-8.00e-03,3.44e+01,
3995,-8.00e-03,3.44e+01,
3996,-8.00e-03,3.44e+01,
3997,-8.00e-03,3.44e+01,
3998,-8.00e-03,3.44e+01,
3999,-8.00e-03,3.44e+01,
4000,-8.00e-03,3.44e+01,
4001,-8.00e-03,3.44e+01,
4002,-8.00e-03,3.44e+01,
4003,-8.00e-03,3.44e+01,
4004,-8.00e-03,3.44e+01,
4005,-8.00e-03,3.44e+01,
4006,-8.00e-03,3.36e+01,
4007,-8.00e-03,3.44e+01,
4008,-8.00e-03,3.44e+01,
4009,-8.00e-03,3.44e+01,
4010,-8.00e-03,3.44e+01,
4011,-8.00e-03,3.44e+01,
4012,-8.00e-03,3.44e+01,
4013,-8.00e-03,3.44e+01,
4014,-8.00e-03,3.44e+01,
4015,-8.00e-03,3.44e+01,
4016,-8.00e-03,3.44e+01,
4017,-8.00e-03,3.44e+01,
4018,-8.00e-03,3.44e+01,
4019,-8.00e-03,3.44e+01,
4020,-8.00e-03,3.44e+01,
4021,-8.00e-03,3.44e+01,
4022,-8.00e-03,3.36e+01,
4023,-8.00e-03,3.44e+01,
4024,-8.00e-03,3.44e+01,
4025,-8.00e-03,3.44e+01,
4026,-8.00e-03,3.36e+01,
4027,-8.00e-03,3.44e+01,
4028,-8.00e-03,3.44e+01,
4029,-8.00e-03,3.44e+01,
4030,-8.00e-03,3.36e+01,
4031,-8.00e-03,3.44e+01,
4032,-8.00e-03,3.44e+01,
4033,-8.00e-03,3.44e+01,
4034,-8.00e-03,3.36e+01,
4035,-8.00e-03,3.44e+01,
4036,-8.00e-03,3.44e+01,
4037,-8.00e-03,3.44e+01,
4038,-8.00e-03,3.44e+01,
4039,-8.00e-03,3.44e+01,
4040,-8.00e-03,3.44e+01,
4041,-8.00e-03,3.44e+01,
4042,-8.00e-03,3.36e+01,
4043,-8.00e-03,3.44e+01,
4044,-8.00e-03,3.44e+01,
4045,-8.00e-03,3.44e+01,
4046,-8.00e-03,3.36e+01,
4047,-8.00e-03,3.44e+01,
4048,-8.00e-03,3.44e+01,
4049,-8.00e-03,3.44e+01,
4050,-8.00e-03,3.44e+01,
4051,-8.00e-03,3.44e+01,
4052,-8.00e-03,3.44e+01,
4053,-8.00e-03,3.44e+01,
4054,-8.00e-03,3.36e+01,
4055,-8.00e-03,3.44e+01,
4056,-8.00e-03,3.44e+01,
4057,-8.00e-03,3.44e+01,
4058,-8.00e-03,3.44e+01,
4059,-8.00e-03,3.44e+01,
4060,-8.00e-03,3.44e+01,
4061,-8.00e-03,3.44e+01,
4062,-8.00e-03,3.36e+01,
4063,-8.00e-03,3.44e+01,
4064,-8.00e-03,3.44e+01,
4065,-8.00e-03,3.44e+01,
4066,-8.00e-03,3.44e+01,
4067,-8.00e-03,3.36e+01,
4068,-8.00e-03,3.44e+01,
4069,-8.00e-03,3.44e+01,
4070,-8.00e-03,3.36e+01,
4071,-8.00e-03,3.44e+01,
4072,-8.00e-03,3.44e+01,
4073,-8.00e-03,3.44e+01,
4074,-8.00e-03,3.44e+01,
4075,-8.00e-03,3.44e+01,
4076,-8.00e-03,3.44e+01,
4077,-8.00e-03,3.44e+01,
4078,-8.00e-03,3.44e+01,
4079,-8.00e-03,3.44e+01,
4080,-8.00e-03,3.44e+01,
4081,-8.00e-03,3.44e+01,
4082,-8.00e-03,3.44e+01,
4083,-8.00e-03,3.44e+01,
4084,-8.00e-03,3.44e+01,
4085,-8.00e-03,3.44e+01,
4086,-8.00e-03,3.36e+01,
4087,-8.00e-03,3.44e+01,
4088,-8.00e-03,3.44e+01,
4089,-8.00e-03,3.44e+01,
4090,-8.00e-03,3.44e+01,
4091,-8.00e-03,3.44e+01,
4092,-8.00e-03,3.44e+01,
4093,-8.00e-03,3.44e+01,
4094,-8.00e-03,3.36e+01,
4095,-8.00e-03,3.44e+01,
4096,-8.00e-03,3.44e+01,
4097,-8.00e-03,3.44e+01,
4098,-8.00e-03,3.44e+01,
4099,-8.00e-03,3.44e+01,
4100,-8.00e-03,3.44e+01,
4101,-8.00e-03,3.44e+01,
4102,-8.00e-03,3.44e+01,
4103,-8.00e-03,3.44e+01,
4104,-8.00e-03,3.44e+01,
4105,-8.00e-03,3.44e+01,
4106,-8.00e-03,3.36e+01,
4107,-8.00e-03,3.44e+01,
4108,-8.00e-03,3.44e+01,
4109,-8.00e-03,3.44e+01,
4110,-8.00e-03,3.44e+01,
4111,-8.00e-03,3.44e+01,
4112,-8.00e-03,3.44e+01,
4113,-8.00e-03,3.44e+01,
4114,-8.00e-03,3.36e+01,
4115,-8.00e-03,3.44e+01,
4116,-8.00e-03,3.44e+01,
4117,-8.00e-03,3.44e+01,
4118,-8.00e-03,3.36e+01,
4119,-8.00e-03,3.44e+01,
4120,-8.00e-03,3.44e+01,
4121,-8.00e-03,3.44e+01,
4122,-8.00e-03,3.36e+01,
4123,-8.00e-03,3.44e+01,
4124,-8.00e-03,3.44e+01,
4125,-8.00e-03,3.44e+01,
4126,-8.00e-03,3.36e+01,
4127,-8.00e-03,3.44e+01,
4128,-8.00e-03,3.44e+01,
4129,-8.00e-03,3.44e+01,
4130,-8.00e-03,3.36e+01,
4131,-8.00e-03,3.44e+01,
4132,-8.00e-03,3.44e+01,
4133,-8.00e-03,3.44e+01,
4134,-8.00e-03,3.44e+01,
4135,-8.00e-03,3.44e+01,
4136,-8.00e-03,3.44e+01,
4137,-8.00e-03,3.44e+01,
4138,-8.00e-03,3.44e+01,
4139,-8.00e-03,3.44e+01,
4140,-8.00e-03,3.44e+01,
4141,-8.00e-03,3.44e+01,
4142,-8.00e-03,3.36e+01,
4143,-8.00e-03,3.44e+01,
4144,-8.00e-03,3.44e+01,
4145,-8.00e-03,3.44e+01,
4146,-8.00e-03,3.36e+01,
4147,-8.00e-03,3.44e+01,
4148,-8.00e-03,3.44e+01,
4149,-8.00e-03,3.44e+01,
4150,-8.00e-03,3.36e+01,
4151,-8.00e-03,3.44e+01,
4152,-8.00e-03,3.44e+01,
4153,-8.00e-03,3.44e+01,
4154,-8.00e-03,3.44e+01,
4155,-8.00e-03,3.44e+01,
4156,-8.00e-03,3.44e+01,
4157,-8.00e-03,3.44e+01,
4158,-8.00e-03,3.44e+01,
4159,-8.00e-03,3.44e+01,
4160,-8.00e-03,3.44e+01,
4161,-8.00e-03,3.44e+01,
4162,-8.00e-03,3.36e+01,
4163,-8.00e-03,3.44e+01,
4164,-8.00e-03,3.44e+01,
4165,-8.00e-03,3.44e+01,
4166,-8.00e-03,3.36e+01,
4167,-8.00e-03,3.44e+01,
4168,-8.00e-03,3.44e+01,
4169,-8.00e-03,3.44e+01,
4170,-8.00e-03,3.36e+01,
4171,-8.00e-03,3.44e+01,
4172,-8.00e-03,3.44e+01,
4173,-8.00e-03,3.44e+01,
4174,-8.00e-03,3.44e+01,
4175,-8.00e-03,3.44e+01,
4176,-8.00e-03,3.44e+01,
4177,-8.00e-03,3.44e+01,
4178,-8.00e-03,3.36e+01,
4179,-8.00e-03,3.44e+01,
4180,-8.00e-03,3.44e+01,
4181,-8.00e-03,3.44e+01,
4182,-8.00e-03,3.36e+01,
4183,-8.00e-03,3.44e+01,
4184,-8.00e-03,3.44e+01,
4185,-8.00e-03,3.44e+01,
4186,-8.00e-03,3.36e+01,
4187,-8.00e-03,3.44e+01,
4188,-8.00e-03,3.44e+01,
4189,-8.00e-03,3.44e+01,
4190,-8.00e-03,3.36e+01,
4191,-8.00e-03,3.44e+01,
4192,-8.00e-03,3.44e+01,
4193,-8.00e-03,3.44e+01,
4194,-8.00e-03,3.36e+01,
4195,-8.00e-03,3.44e+01,
4196,-8.00e-03,3.44e+01,
4197,-8.00e-03,3.44e+01,
4198,-8.00e-03,3.36e+01,
4199,-8.00e-03,3.44e+01,
4200,-8.00e-03,3.44e+01,
4201,-8.00e-03,3.44e+01,
4202,-8.00e-03,3.36e+01,
4203,-8.00e-03,3.44e+01,
4204,-8.00e-03,3.44e+01,
4205,-8.00e-03,3.44e+01,
4206,-8.00e-03,3.36e+01,
4207,-8.00e-03,3.44e+01,
4208,-8.00e-03,3.44e+01,
4209,-8.00e-03,3.44e+01,
4210,-8.00e-03,3.36e+01,
4211,-8.00e-03,3.44e+01,
4212,-8.00e-03,3.44e+01,
4213,-8.00e-03,3.44e+01,
4214,-8.00e-03,3.36e+01,
4215,-8.00e-03,3.44e+01,
4216,-8.00e-03,3.44e+01,
4217,-8.00e-03,3.44e+01,
4218,-8.00e-03,3.44e+01,
4219,-8.00e-03,3.44e+01,
4220,-8.00e-03,3.44e+01,
4221,-8.00e-03,3.44e+01,
4222,-8.00e-03,3.36e+01,
4223,-8.00e-03,3.44e+01,
4224,-8.00e-03,3.44e+01,
4225,-8.00e-03,3.44e+01,
4226,-8.00e-03,3.36e+01,
4227,-8.00e-03,3.44e+01,
4228,-8.00e-03,3.44e+01,
4229,-8.00e-03,3.44e+01,
4230,-8.00e-03,3.36e+01,
4231,-8.00e-03,3.44e+01,
4232,-8.00e-03,3.44e+01,
4233,-8.00e-03,3.44e+01,
4234,-8.00e-03,3.36e+01,
4235,-8.00e-03,3.44e+01,
4236,-8.00e-03,3.44e+01,
4237,-8.00e-03,3.44e+01,
4238,-8.00e-03,3.36e+01,
4239,-8.00e-03,3.44e+01,
4240,-8.00e-03,3.44e+01,
4241,-8.00e-03,3.44e+01,
4242,-8.00e-03,3.36e+01,
4243,-8.00e-03,3.44e+01,
4244,-8.00e-03,3.44e+01,
4245,-8.00e-03,3.44e+01,
4246,-8.00e-03,3.36e+01,
4247,-8.00e-03,3.44e+01,
4248,-8.00e-03,3.44e+01,
4249,-8.00e-03,3.36e+01,
4250,-8.00e-03,3.44e+01,
4251,-8.00e-03,3.44e+01,
4252,-8.00e-03,3.44e+01,
4253,-8.00e-03,3.44e+01,
4254,-8.00e-03,3.36e+01,
4255,-8.00e-03,3.44e+01,
4256,-8.00e-03,3.44e+01,
4257,-8.00e-03,3.44e+01,
4258,-8.00e-03,3.44e+01,
4259,-8.00e-03,3.44e+01,
4260,-8.00e-03,3.44e+01,
4261,-8.00e-03,3.44e+01,
4262,-8.00e-03,3.36e+01,
4263,-8.00e-03,3.44e+01,
4264,-8.00e-03,3.44e+01,
4265,-8.00e-03,3.36e+01,
4266,-8.00e-03,3.44e+01,
4267,-8.00e-03,3.36e+01,
4268,-8.00e-03,3.44e+01,
4269,-8.00e-03,3.44e+01,
4270,-8.00e-03,3.36e+01,
4271,-8.00e-03,3.44e+01,
4272,-8.00e-03,3.44e+01,
4273,-8.00e-03,3.44e+01,
4274,-8.00e-03,3.36e+01,
4275,-8.00e-03,3.44e+01,
4276,-8.00e-03,3.44e+01,
4277,-8.00e-03,3.44e+01,
4278,-8.00e-03,3.36e+01,
4279,-8.00e-03,3.36e+01,
4280,-8.00e-03,3.44e+01,
4281,-8.00e-03,3.36e+01,
4282,-8.00e-03,3.36e+01,
4283,-8.00e-03,3.44e+01,
4284,-8.00e-03,3.36e+01,
4285,-8.00e-03,3.44e+01,
4286,-8.00e-03,3.36e+01,
4287,-8.00e-03,3.44e+01,
4288,-8.00e-03,3.44e+01,
4289,-8.00e-03,3.36e+01,
4290,-8.00e-03,3.36e+01,
4291,-8.00e-03,3.44e+01,
4292,-8.00e-03,3.44e+01,
4293,-8.00e-03,3.44e+01,
4294,-8.00e-03,3.36e+01,
4295,-8.00e-03,3.44e+01,
4296,-8.00e-03,3.44e+01,
4297,-8.00e-03,3.44e+01,
4298,-8.00e-03,3.36e+01,
4299,-8.00e-03,3.44e+01,
4300,-8.00e-03,3.44e+01,
4301,-8.00e-03,3.44e+01,
4302,-8.00e-03,3.36e+01,
4303,-8.00e-03,3.44e+01,
4304,-8.00e-03,3.44e+01,
4305,-8.00e-03,3.44e+01,
4306,-8.00e-03,3.36e+01,
4307,-8.00e-03,3.44e+01,
4308,-8.00e-03,3.44e+01,
4309,-8.00e-03,3.44e+01,
4310,-8.00e-03,3.36e+01,
4311,-8.00e-03,3.44e+01,
4312,-8.00e-03,3.44e+01,
4313,-8.00e-03,3.36e+01,
4314,-8.00e-03,3.36e+01,
4315,-8.00e-03,3.44e+01,
4316,-8.00e-03,3.44e+01,
4317,-8.00e-03,3.36e+01,
4318,-8.00e-03,3.36e+01,
4319,-8.00e-03,3.44e+01,
4320,-8.00e-03,3.44e+01,
4321,-8.00e-03,3.44e+01,
4322,-8.00e-03,3.36e+01,
4323,-8.00e-03,3.44e+01,
4324,-8.00e-03,3.44e+01,
4325,-8.00e-03,3.44e+01,
4326,-8.00e-03,3.36e+01,
4327,-8.00e-03,3.44e+01,
4328,-8.00e-03,3.44e+01,
4329,-8.00e-03,3.36e+01,
4330,-8.00e-03,3.36e+01,
4331,-8.00e-03,3.44e+01,
4332,-8.00e-03,3.44e+01,
4333,-8.00e-03,3.44e+01,
4334,-8.00e-03,3.36e+01,
4335,-8.00e-03,3.44e+01,
4336,-8.00e-03,3.44e+01,
4337,-8.00e-03,3.36e+01,
4338,-8.00e-03,3.36e+01,
4339,-8.00e-03,3.44e+01,
4340,-8.00e-03,3.44e+01,
4341,-8.00e-03,3.44e+01,
4342,-8.00e-03,3.36e+01,
4343,-8.00e-03,3.44e+01,
4344,-8.00e-03,3.44e+01,
4345,-8.00e-03,3.44e+01,
4346,-8.00e-03,3.36e+01,
4347,-8.00e-03,3.44e+01,
4348,-8.00e-03,3.44e+01,
4349,-8.00e-03,3.44e+01,
4350,-8.00e-03,3.36e+01,
4351,-8.00e-03,3.44e+01,
4352,-8.00e-03,3.44e+01,
4353,-8.00e-03,3.44e+01,
4354,-8.00e-03,3.36e+01,
4355,-8.00e-03,3.44e+01,
4356,-8.00e-03,3.44e+01,
4357,-8.00e-03,3.44e+01,
4358,-8.00e-03,3.36e+01,
4359,-8.00e-03,3.44e+01,
4360,-8.00e-03,3.44e+01,
4361,-8.00e-03,3.44e+01,
4362,-8.00e-03,3.36e+01,
4363,-8.00e-03,3.44e+01,
4364,-8.00e-03,3.36e+01,
4365,-8.00e-03,3.44e+01,
4366,-8.00e-03,3.36e+01,
4367,-8.00e-03,3.44e+01,
4368,-8.00e-03,3.44e+01,
4369,-8.00e-03,3.44e+01,
4370,-8.00e-03,3.36e+01,
4371,-8.00e-03,3.44e+01,
4372,-8.00e-03,3.44e+01,
4373,-8.00e-03,3.44e+01,
4374,-8.00e-03,3.36e+01,
4375,-8.00e-03,3.44e+01,
4376,-8.00e-03,3.44e+01,
4377,-8.00e-03,3.36e+01,
4378,-8.00e-03,3.36e+01,
4379,-8.00e-03,3.44e+01,
4380,-8.00e-03,3.44e+01,
4381,-8.00e-03,3.44e+01,
4382,-8.00e-03,3.36e+01,
4383,-8.00e-03,3.44e+01,
4384,-8.00e-03,3.44e+01,
4385,-8.00e-03,3.44e+01,
4386,-8.00e-03,3.36e+01,
4387,-8.00e-03,3.44e+01,
4388,-8.00e-03,3.44e+01,
4389,-8.00e-03,3.44e+01,
4390,-8.00e-03,3.36e+01,
4391,-8.00e-03,3.44e+01,
4392,-8.00e-03,3.44e+01,
4393,-8.00e-03,3.44e+01,
4394,-8.00e-03,3.36e+01,
4395,-8.00e-03,3.44e+01,
4396,-8.00e-03,3.44e+01,
4397,-8.00e-03,3.44e+01,
4398,-8.00e-03,3.36e+01,
4399,-8.00e-03,3.44e+01,
4400,-8.00e-03,3.44e+01,
4401,-8.00e-03,3.44e+01,
4402,-8.00e-03,3.36e+01,
4403,-8.00e-03,3.44e+01,
4404,-8.00e-03,3.44e+01,
4405,-8.00e-03,3.44e+01,
4406,-8.00e-03,3.36e+01,
4407,-8.00e-03,3.44e+01,
4408,-8.00e-03,3.44e+01,
4409,-8.00e-03,3.36e+01,
4410,-8.00e-03,3.36e+01,
4411,-8.00e-03,3.44e+01,
4412,-8.00e-03,3.44e+01,
4413,-8.00e-03,3.36e+01,
4414,-8.00e-03,3.36e+01,
4415,-8.00e-03,3.44e+01,
4416,-8.00e-03,3.44e+01,
4417,-8.00e-03,3.44e+01,
4418,-8.00e-03,3.36e+01,
4419,-8.00e-03,3.44e+01,
4420,-8.00e-03,3.44e+01,
4421,-8.00e-03,3.44e+01,
4422,-8.00e-03,3.36e+01,
4423,-8.00e-03,3.44e+01,
4424,-8.00e-03,3.44e+01,
4425,-8.00e-03,3.44e+01,
4426,-8.00e-03,3.36e+01,
4427,-8.00e-03,3.44e+01,
4428,-8.00e-03,3.44e+01,
4429,-8.00e-03,3.44e+01,
4430,-8.00e-03,3.36e+01,
4431,-8.00e-03,3.44e+01,
4432,-8.00e-03,3.44e+01,
4433,-8.00e-03,3.44e+01,
4434,-8.00e-03,3.36e+01,
4435,-8.00e-03,3.44e+01,
4436,-8.00e-03,3.44e+01,
4437,-8.00e-03,3.36e+01,
4438,-8.00e-03,3.36e+01,
4439,-8.00e-03,3.44e+01,
4440,-8.00e-03,3.44e+01,
4441,-8.00e-03,3.36e+01,
4442,-8.00e-03,3.36e+01,
4443,-8.00e-03,3.44e+01,
4444,-8.00e-03,3.44e+01,
4445,-8.00e-03,3.44e+01,
4446,-8.00e-03,3.36e+01,
4447,-8.00e-03,3.44e+01,
4448,-8.00e-03,3.44e+01,
4449,-8.00e-03,3.36e+01,
4450,-8.00e-03,3.36e+01,
4451,-8.00e-03,3.44e+01,
4452,-8.00e-03,3.44e+01,
4453,-8.00e-03,3.44e+01,
4454,-8.00e-03,3.36e+01,
4455,-8.00e-03,3.44e+01,
4456,-8.00e-03,3.36e+01,
4457,-8.00e-03,3.44e+01,
4458,-8.00e-03,3.36e+01,
4459,-8.00e-03,3.36e+01,
4460,-8.00e-03,3.44e+01,
4461,-8.00e-03,3.44e+01,
4462,-8.00e-03,3.36e+01,
4463,-8.00e-03,3.44e+01,
4464,-8.00e-03,3.44e+01,
4465,-8.00e-03,3.36e+01,
4466,-8.00e-03,3.44e+01,
4467,-8.00e-03,3.36e+01,
4468,-8.00e-03,3.44e+01,
4469,-8.00e-03,3.36e+01,
4470,-8.00e-03,3.36e+01,
4471,-8.00e-03,3.44e+01,
4472,-8.00e-03,3.36e+01,
4473,-8.00e-03,3.44e+01,
4474,-8.00e-03,3.36e+01,
4475,-8.00e-03,3.44e+01,
4476,-8.00e-03,3.44e+01,
4477,-8.00e-03,3.36e+01,
4478,-8.00e-03,3.36e+01,
4479,-8.00e-03,3.44e+01,
4480,-8.00e-03,3.44e+01,
4481,-8.00e-03,3.36e+01,
4482,-8.00e-03,3.36e+01,
4483,-8.00e-03,3.44e+01,
4484,-8.00e-03,3.44e+01,
4485,-8.00e-03,3.44e+01,
4486,-8.00e-03,3.36e+01,
4487,-8.00e-03,3.44e+01,
4488,-8.00e-03,3.44e+01,
4489,-8.00e-03,3.36e+01,
4490,-8.00e-03,3.36e+01,
4491,-8.00e-03,3.44e+01,
4492,-8.00e-03,3.44e+01,
4493,-8.00e-03,3.44e+01,
4494,-8.00e-03,3.36e+01,
4495,-8.00e-03,3.44e+01,
4496,-8.00e-03,3.44e+01,
4497,-8.00e-03,3.36e+01,
4498,-8.00e-03,3.36e+01,
4499,-8.00e-03,3.36e+01,
4500,-8.00e-03,3.44e+01,
4501,-8.00e-03,3.44e+01,
4502,-8.00e-03,3.36e+01,
4503,-8.00e-03,3.36e+01,
4504,-8.00e-03,3.44e+01,
4505,-8.00e-03,3.44e+01,
4506,-8.00e-03,3.36e+01,
4507,-8.00e-03,3.44e+01,
4508,-8.00e-03,3.44e+01,
4509,-8.00e-03,3.44e+01,
4510,-8.00e-03,3.36e+01,
4511,-8.00e-03,3.36e+01,
4512,-8.00e-03,3.44e+01,
4513,-8.00e-03,3.36e+01,
4514,-8.00e-03,3.36e+01,
4515,-8.00e-03,3.44e+01,
4516,-8.00e-03,3.44e+01,
4517,-8.00e-03,3.36e+01,
4518,-8.00e-03,3.36e+01,
4519,-8.00e-03,3.36e+01,
4520,-8.00e-03,3.44e+01,
4521,-8.00e-03,3.36e+01,
4522,-8.00e-03,3.36e+01,
4523,-8.00e-03,3.36e+01,
4524,-8.00e-03,3.44e+01,
4525,-8.00e-03,3.44e+01,
4526,-8.00e-03,3.36e+01,
4527,-8.00e-03,3.36e+01,
4528,-8.00e-03,3.44e+01,
4529,-8.00e-03,3.36e+01,
4530,-8.00e-03,3.36e+01,
4531,-8.00e-03,3.44e+01,
4532,-8.00e-03,3.44e+01,
4533,-8.00e-03,3.36e+01,
4534,-8.00e-03,3.36e+01,
4535,-8.00e-03,3.36e+01,
4536,-8.00e-03,3.44e+01,
4537,-8.00e-03,3.36e+01,
4538,-8.00e-03,3.36e+01,
4539,-8.00e-03,3.44e+01,
4540,-8.00e-03,3.44e+01,
4541,-8.00e-03,3.36e+01,
4542,-8.00e-03,3.36e+01,
4543,-8.00e-03,3.36e+01,
4544,-8.00e-03,3.44e+01,
4545,-8.00e-03,3.36e+01,
4546,-8.00e-03,3.36e+01,
4547,-8.00e-03,3.36e+01,
4548,-8.00e-03,3.44e+01,
4549,-8.00e-03,3.36e+01,
4550,-8.00e-03,3.36e+01,
4551,-8.00e-03,3.36e+01,
4552,-8.00e-03,3.44e+01,
4553,-8.00e-03,3.36e+01,
4554,-8.00e-03,3.36e+01,
4555,-8.00e-03,3.36e+01,
4556,-8.00e-03,3.44e+01,
4557,-8.00e-03,3.44e+01,
4558,-8.00e-03,3.36e+01,
4559,-8.00e-03,3.36e+01,
4560,-8.00e-03,3.44e+01,
4561,-8.00e-03,3.36e+01,
4562,-8.00e-03,3.36e+01,
4563,-8.00e-03,3.36e+01,
4564,-8.00e-03,3.36e+01,
4565,-8.00e-03,3.44e+01,
4566,-8.00e-03,3.36e+01,
4567,-8.00e-03,3.36e+01,
4568,-8.00e-03,3.44e+01,
4569,-8.00e-03,3.36e+01,
4570,-8.00e-03,3.36e+01,
4571,-8.00e-03,3.44e+01,
4572,-8.00e-03,3.36e+01,
4573,-8.00e-03,3.36e+01,
4574,-8.00e-03,3.36e+01,
4575,-8.00e-03,3.44e+01,
4576,-8.00e-03,3.44e+01,
4577,-8.00e-03,3.36e+01,
4578,-8.00e-03,3.36e+01,
4579,-8.00e-03,3.36e+01,
4580,-8.00e-03,3.44e+01,
4581,-8.00e-03,3.36e+01,
4582,-8.00e-03,3.36e+01,
4583,-8.00e-03,3.36e+01,
4584,-8.00e-03,3.36e+01,
4585,-8.00e-03,3.36e+01,
4586,-8.00e-03,3.36e+01,
4587,-8.00e-03,3.44e+01,
4588,-8.00e-03,3.36e+01,
4589,-8.00e-03,3.36e+01,
4590,-8.00e-03,3.36e+01,
4591,-8.00e-03,3.36e+01,
4592,-8.00e-03,3.36e+01,
4593,-8.00e-03,3.36e+01,
4594,-8.00e-03,3.36e+01,
4595,-8.00e-03,3.36e+01,
4596,-8.00e-03,3.44e+01,
4597,-8.00e-03,3.36e+01,
4598,-8.00e-03,3.36e+01,
4599,-8.00e-03,3.36e+01,
4600,-8.00e-03,3.44e+01,
4601,-8.00e-03,3.36e+01,
4602,-8.00e-03,3.36e+01,
4603,-8.00e-03,3.36e+01,
4604,-8.00e-03,3.36e+01,
4605,-8.00e-03,3.36e+01,
4606,-8.00e-03,3.36e+01,
4607,-8.00e-03,3.36e+01,
4608,-8.00e-03,3.36e+01,
4609,-8.00e-03,3.36e+01,
4610,-8.00e-03,3.36e+01,
4611,-8.00e-03,3.44e+01,
4612,-8.00e-03,3.44e+01,
4613,-8.00e-03,3.36e+01,
4614,-8.00e-03,3.36e+01,
4615,-8.00e-03,3.36e+01,
4616,-8.00e-03,3.36e+01,
4617,-8.00e-03,3.36e+01,
4618,-8.00e-03,3.36e+01,
4619,-8.00e-03,3.36e+01,
4620,-8.00e-03,3.44e+01,
4621,-8.00e-03,3.36e+01,
4622,-8.00e-03,3.36e+01,
4623,-8.00e-03,3.36e+01,
4624,-8.00e-03,3.36e+01,
4625,-8.00e-03,3.44e+01,
4626,-8.00e-03,3.36e+01,
4627,-8.00e-03,3.36e+01,
4628,-8.00e-03,3.36e+01,
4629,-8.00e-03,3.36e+01,
4630,-8.00e-03,3.36e+01,
4631,-8.00e-03,3.36e+01,
4632,-8.00e-03,3.36e+01,
4633,-8.00e-03,3.36e+01,
4634,-8.00e-03,3.36e+01,
4635,-8.00e-03,3.36e+01,
4636,-8.00e-03,3.36e+01,
4637,-8.00e-03,3.36e+01,
4638,-8.00e-03,3.36e+01,
4639,-8.00e-03,3.36e+01,
4640,-8.00e-03,3.36e+01,
4641,-8.00e-03,3.36e+01,
4642,-8.00e-03,3.36e+01,
4643,-8.00e-03,3.36e+01,
4644,-8.00e-03,3.36e+01,
4645,-8.00e-03,3.44e+01,
4646,-8.00e-03,3.36e+01,
4647,-8.00e-03,3.36e+01,
4648,-8.00e-03,3.36e+01,
4649,-8.00e-03,3.36e+01,
4650,-8.00e-03,3.36e+01,
4651,-8.00e-03,3.36e+01,
4652,-8.00e-03,3.36e+01,
4653,-8.00e-03,3.36e+01,
4654,-8.00e-03,3.36e+01,
4655,-8.00e-03,3.36e+01,
4656,-8.00e-03,3.36e+01,
4657,-8.00e-03,3.36e+01,
4658,-8.00e-03,3.36e+01,
4659,-8.00e-03,3.36e+01,
4660,-8.00e-03,3.36e+01,
4661,-8.00e-03,3.36e+01,
4662,-8.00e-03,3.36e+01,
4663,-8.00e-03,3.36e+01,
4664,-8.00e-03,3.36e+01,
4665,-8.00e-03,3.36e+01,
4666,-8.00e-03,3.36e+01,
4667,-8.00e-03,3.36e+01,
4668,-8.00e-03,3.44e+01,
4669,-8.00e-03,3.36e+01,
4670,-8.00e-03,3.36e+01,
4671,-8.00e-03,3.44e+01,
4672,-8.00e-03,3.36e+01,
4673,-8.00e-03,3.36e+01,
4674,-8.00e-03,3.36e+01,
4675,-8.00e-03,3.36e+01,
4676,-8.00e-03,3.44e+01,
4677,-8.00e-03,3.36e+01,
4678,-8.00e-03,3.36e+01,
4679,-8.00e-03,3.36e+01,
4680,-8.00e-03,3.36e+01,
4681,-8.00e-03,3.36e+01,
4682,-8.00e-03,3.36e+01,
4683,-8.00e-03,3.36e+01,
4684,-8.00e-03,3.36e+01,
4685,-8.00e-03,3.36e+01,
4686,-8.00e-03,3.36e+01,
4687,-8.00e-03,3.36e+01,
4688,-8.00e-03,3.36e+01,
4689,-8.00e-03,3.36e+01,
4690,-8.00e-03,3.36e+01,
4691,-8.00e-03,3.36e+01,
4692,-8.00e-03,3.44e+01,
4693,-8.00e-03,3.36e+01,
4694,-8.00e-03,3.36e+01,
4695,-8.00e-03,3.36e+01,
4696,-8.00e-03,3.36e+01,
4697,-8.00e-03,3.36e+01,
4698,-8.00e-03,3.36e+01,
4699,-8.00e-03,3.36e+01,
4700,-8.00e-03,3.36e+01,
4701,-8.00e-03,3.36e+01,
4702,-8.00e-03,3.36e+01,
4703,-8.00e-03,3.36e+01,
4704,-8.00e-03,3.36e+01,
4705,-8.00e-03,3.36e+01,
4706,-8.00e-03,3.36e+01,
4707,-8.00e-03,3.36e+01,
4708,-8.00e-03,3.36e+01,
4709,-8.00e-03,3.36e+01,
4710,-8.00e-03,3.36e+01,
4711,-8.00e-03,3.36e+01,
4712,-8.00e-03,3.36e+01,
4713,-8.00e-03,3.36e+01,
4714,-8.00e-03,3.36e+01,
4715,-8.00e-03,3.36e+01,
4716,-8.00e-03,3.36e+01,
4717,-8.00e-03,3.36e+01,
4718,-8.00e-03,3.36e+01,
4719,-8.00e-03,3.36e+01,
4720,-8.00e-03,3.36e+01,
4721,-8.00e-03,3.36e+01,
4722,-8.00e-03,3.36e+01,
4723,-8.00e-03,3.36e+01,
4724,-8.00e-03,3.36e+01,
4725,-8.00e-03,3.36e+01,
4726,-8.00e-03,3.36e+01,
4727,-8.00e-03,3.36e+01,
4728,-8.00e-03,3.36e+01,
4729,-8.00e-03,3.36e+01,
4730,-8.00e-03,3.36e+01,
4731,-8.00e-03,3.36e+01,
4732,-8.00e-03,3.36e+01,
4733,-8.00e-03,3.36e+01,
4734,-8.00e-03,3.36e+01,
4735,-8.00e-03,3.36e+01,
4736,-8.00e-03,3.36e+01,
4737,-8.00e-03,3.36e+01,
4738,-8.00e-03,3.36e+01,
4739,-8.00e-03,3.36e+01,
4740,-8.00e-03,3.36e+01,
4741,-8.00e-03,3.36e+01,
4742,-8.00e-03,3.36e+01,
4743,-8.00e-03,3.36e+01,
4744,-8.00e-03,3.36e+01,
4745,-8.00e-03,3.36e+01,
4746,-8.00e-03,3.36e+01,
4747,-8.00e-03,3.36e+01,
4748,-8.00e-03,3.36e+01,
4749,-8.00e-03,3.36e+01,
4750,-8.00e-03,3.36e+01,
4751,-8.00e-03,3.36e+01,
4752,-8.00e-03,3.36e+01,
4753,-8.00e-03,3.36e+01,
4754,-8.00e-03,3.36e+01,
4755,-8.00e-03,3.36e+01,
4756,-8.00e-03,3.36e+01,
4757,-8.00e-03,3.36e+01,
4758,-8.00e-03,3.36e+01,
4759,-8.00e-03,3.36e+01,
4760,-8.00e-03,3.36e+01,
4761,-8.00e-03,3.36e+01,
4762,-8.00e-03,3.36e+01,
4763,-8.00e-03,3.36e+01,
4764,-8.00e-03,3.36e+01,
4765,-8.00e-03,3.36e+01,
4766,-8.00e-03,3.36e+01,
4767,-8.00e-03,3.36e+01,
4768,-8.00e-03,3.36e+01,
4769,-8.00e-03,3.36e+01,
4770,-8.00e-03,3.36e+01,
4771,-8.00e-03,3.36e+01,
4772,-8.00e-03,3.36e+01,
4773,-8.00e-03,3.36e+01,
4774,-8.00e-03,3.36e+01,
4775,-8.00e-03,3.36e+01,
4776,-8.00e-03,3.36e+01,
4777,-8.00e-03,3.36e+01,
4778,-8.00e-03,3.36e+01,
4779,-8.00e-03,3.36e+01,
4780,-8.00e-03,3.36e+01,
4781,-8.00e-03,3.36e+01,
4782,-8.00e-03,3.36e+01,
4783,-8.00e-03,3.36e+01,
4784,-8.00e-03,3.36e+01,
4785,-8.00e-03,3.36e+01,
4786,-8.00e-03,3.36e+01,
4787,-8.00e-03,3.36e+01,
4788,-8.00e-03,3.36e+01,
4789,-8.00e-03,3.36e+01,
4790,-8.00e-03,3.36e+01,
4791,-8.00e-03,3.36e+01,
4792,-8.00e-03,3.36e+01,
4793,-8.00e-03,3.36e+01,
4794,-8.00e-03,3.36e+01,
4795,-8.00e-03,3.36e+01,
4796,-8.00e-03,3.36e+01,
4797,-8.00e-03,3.36e+01,
4798,-8.00e-03,3.36e+01,
4799,-8.00e-03,3.36e+01,
4800,-8.00e-03,3.36e+01,
4801,-8.00e-03,3.36e+01,
4802,-8.00e-03,3.36e+01,
4803,-8.00e-03,3.36e+01,
4804,-8.00e-03,3.36e+01,
4805,-8.00e-03,3.36e+01,
4806,-8.00e-03,3.36e+01,
4807,-8.00e-03,3.36e+01,
4808,-8.00e-03,3.36e+01,
4809,-8.00e-03,3.36e+01,
4810,-8.00e-03,3.36e+01,
4811,-8.00e-03,3.36e+01,
4812,-8.00e-03,3.36e+01,
4813,-8.00e-03,3.36e+01,
4814,-8.00e-03,3.36e+01,
4815,-8.00e-03,3.36e+01,
4816,-8.00e-03,3.36e+01,
4817,-8.00e-03,3.36e+01,
4818,-8.00e-03,3.36e+01,
4819,-8.00e-03,3.36e+01,
4820,-8.00e-03,3.36e+01,
4821,-8.00e-03,3.36e+01,
4822,-8.00e-03,3.36e+01,
4823,-8.00e-03,3.36e+01,
4824,-8.00e-03,3.36e+01,
4825,-8.00e-03,3.36e+01,
4826,-8.00e-03,3.36e+01,
4827,-8.00e-03,3.36e+01,
4828,-8.00e-03,3.36e+01,
4829,-8.00e-03,3.36e+01,
4830,-8.00e-03,3.36e+01,
4831,-8.00e-03,3.36e+01,
4832,-8.00e-03,3.36e+01,
4833,-8.00e-03,3.36e+01,
4834,-8.00e-03,3.36e+01,
4835,-8.00e-03,3.36e+01,
4836,-8.00e-03,3.36e+01,
4837,-8.00e-03,3.36e+01,
4838,-8.00e-03,3.36e+01,
4839,-8.00e-03,3.36e+01,
4840,-8.00e-03,3.36e+01,
4841,-8.00e-03,3.36e+01,
4842,-8.00e-03,3.36e+01,
4843,-8.00e-03,3.36e+01,
4844,-8.00e-03,3.36e+01,
4845,-8.00e-03,3.36e+01,
4846,-8.00e-03,3.36e+01,
4847,-8.00e-03,3.36e+01,
4848,-8.00e-03,3.36e+01,
4849,-8.00e-03,3.36e+01,
4850,-8.00e-03,3.36e+01,
4851,-8.00e-03,3.36e+01,
4852,-8.00e-03,3.36e+01,
4853,-8.00e-03,3.36e+01,
4854,-8.00e-03,3.36e+01,
4855,-8.00e-03,3.36e+01,
4856,-8.00e-03,3.36e+01,
4857,-8.00e-03,3.36e+01,
4858,-8.00e-03,3.36e+01,
4859,-8.00e-03,3.36e+01,
4860,-8.00e-03,3.36e+01,
4861,-8.00e-03,3.36e+01,
4862,-8.00e-03,3.36e+01,
4863,-8.00e-03,3.36e+01,
4864,-8.00e-03,3.36e+01,
4865,-8.00e-03,3.36e+01,
4866,-8.00e-03,3.36e+01,
4867,-8.00e-03,3.36e+01,
4868,-8.00e-03,3.36e+01,
4869,-8.00e-03,3.36e+01,
4870,-8.00e-03,3.36e+01,
4871,-8.00e-03,3.36e+01,
4872,-8.00e-03,3.36e+01,
4873,-8.00e-03,3.36e+01,
4874,-8.00e-03,3.36e+01,
4875,-8.00e-03,3.36e+01,
4876,-8.00e-03,3.36e+01,
4877,-8.00e-03,3.36e+01,
4878,-8.00e-03,3.36e+01,
4879,-8.00e-03,3.36e+01,
4880,-8.00e-03,3.36e+01,
4881,-8.00e-03,3.36e+01,
4882,-8.00e-03,3.36e+01,
4883,-8.00e-03,3.36e+01,
4884,-8.00e-03,3.36e+01,
4885,-8.00e-03,3.36e+01,
4886,-8.00e-03,3.36e+01,
4887,-8.00e-03,3.36e+01,
4888,-8.00e-03,3.36e+01,
4889,-8.00e-03,3.36e+01,
4890,-8.00e-03,3.36e+01,
4891,-8.00e-03,3.36e+01,
4892,-8.00e-03,3.36e+01,
4893,-8.00e-03,3.36e+01,
4894,-8.00e-03,3.36e+01,
4895,-8.00e-03,3.36e+01,
4896,-8.00e-03,3.36e+01,
4897,-8.00e-03,3.36e+01,
4898,-8.00e-03,3.36e+01,
4899,-8.00e-03,3.36e+01,
4900,-8.00e-03,3.36e+01,
4901,-8.00e-03,3.36e+01,
4902,-8.00e-03,3.36e+01,
4903,-8.00e-03,3.36e+01,
4904,-8.00e-03,3.36e+01,
4905,-8.00e-03,3.36e+01,
4906,-8.00e-03,3.36e+01,
4907,-8.00e-03,3.36e+01,
4908,-8.00e-03,3.36e+01,
4909,-8.00e-03,3.36e+01,
4910,-8.00e-03,3.36e+01,
4911,-8.00e-03,3.36e+01,
4912,-8.00e-03,3.36e+01,
4913,-8.00e-03,3.36e+01,
4914,-8.00e-03,3.36e+01,
4915,-8.00e-03,3.36e+01,
4916,-8.00e-03,3.36e+01,
4917,-8.00e-03,3.36e+01,
4918,-8.00e-03,3.36e+01,
4919,-8.00e-03,3.36e+01,
4920,-8.00e-03,3.36e+01,
4921,-8.00e-03,3.36e+01,
4922,-8.00e-03,3.36e+01,
4923,-8.00e-03,3.36e+01,
4924,-8.00e-03,3.36e+01,
4925,-8.00e-03,3.36e+01,
4926,-8.00e-03,3.36e+01,
4927,-8.00e-03,3.36e+01,
4928,-8.00e-03,3.36e+01,
4929,-8.00e-03,3.36e+01,
4930,-8.00e-03,3.36e+01,
4931,-8.00e-03,3.36e+01,
4932,-8.00e-03,3.36e+01,
4933,-8.00e-03,3.36e+01,
4934,-8.00e-03,3.36e+01,
4935,-8.00e-03,3.36e+01,
4936,-8.00e-03,3.36e+01,
4937,-8.00e-03,3.36e+01,
4938,-8.00e-03,3.36e+01,
4939,-8.00e-03,3.36e+01,
4940,-8.00e-03,3.36e+01,
4941,-8.00e-03,3.36e+01,
4942,-8.00e-03,3.36e+01,
4943,-8.00e-03,3.36e+01,
4944,-8.00e-03,3.36e+01,
4945,-8.00e-03,3.36e+01,
4946,-8.00e-03,3.36e+01,
4947,-8.00e-03,3.36e+01,
4948,-8.00e-03,3.36e+01,
4949,-8.00e-03,3.36e+01,
4950,-8.00e-03,3.36e+01,
4951,-8.00e-03,3.36e+01,
4952,-8.00e-03,3.36e+01,
4953,-8.00e-03,3.36e+01,
4954,-8.00e-03,3.36e+01,
4955,-8.00e-03,3.36e+01,
4956,-8.00e-03,3.36e+01,
4957,-8.00e-03,3.36e+01,
4958,-8.00e-03,3.36e+01,
4959,-8.00e-03,3.36e+01,
4960,-8.00e-03,3.36e+01,
4961,-8.00e-03,3.36e+01,
4962,-8.00e-03,3.36e+01,
4963,-8.00e-03,3.36e+01,
4964,-8.00e-03,3.36e+01,
4965,-8.00e-03,3.36e+01,
4966,-8.00e-03,3.36e+01,
4967,-8.00e-03,3.36e+01,
4968,-8.00e-03,3.36e+01,
4969,-8.00e-03,3.36e+01,
4970,-8.00e-03,3.36e+01,
4971,-8.00e-03,3.36e+01,
4972,-8.00e-03,3.36e+01,
4973,-8.00e-03,3.36e+01,
4974,-8.00e-03,3.36e+01,
4975,-8.00e-03,3.36e+01,
4976,-8.00e-03,3.36e+01,
4977,-8.00e-03,3.36e+01,
4978,-8.00e-03,3.36e+01,
4979,-8.00e-03,3.36e+01,
4980,-8.00e-03,3.36e+01,
4981,-8.00e-03,3.36e+01,
4982,-8.00e-03,3.36e+01,
4983,-8.00e-03,3.36e+01,
4984,-8.00e-03,3.36e+01,
4985,-8.00e-03,3.36e+01,
4986,-8.00e-03,3.36e+01,
4987,-8.00e-03,3.36e+01,
4988,-8.00e-03,3.36e+01,
4989,-8.00e-03,3.36e+01,
4990,-8.00e-03,3.36e+01,
4991,-8.00e-03,3.36e+01,
4992,-8.00e-03,3.36e+01,
4993,-8.00e-03,3.36e+01,
4994,-8.00e-03,3.36e+01,
4995,-8.00e-03,3.36e+01,
4996,-8.00e-03,3.36e+01,
4997,-8.00e-03,3.36e+01,
4998,-8.00e-03,3.36e+01,
4999,-8.00e-03,3.36e+01,
5000,-8.00e-03,3.36e+01,
5001,-8.00e-03,3.36e+01,
5002,-8.00e-03,3.36e+01,
5003,-8.00e-03,3.36e+01,
5004,-8.00e-03,3.36e+01,
5005,-8.00e-03,3.36e+01,
5006,-8.00e-03,3.36e+01,
5007,-8.00e-03,3.36e+01,
5008,-8.00e-03,3.36e+01,
5009,-8.00e-03,3.36e+01,
5010,-8.00e-03,3.36e+01,
5011,-8.00e-03,3.36e+01,
5012,-8.00e-03,3.36e+01,
5013,-8.00e-03,3.36e+01,
5014,-8.00e-03,3.36e+01,
5015,-8.00e-03,3.36e+01,
5016,-8.00e-03,3.36e+01,
5017,-8.00e-03,3.36e+01,
5018,-8.00e-03,3.36e+01,
5019,-8.00e-03,3.36e+01,
5020,-8.00e-03,3.36e+01,
5021,-8.00e-03,3.36e+01,
5022,-8.00e-03,3.36e+01,
5023,-8.00e-03,3.36e+01,
5024,-8.00e-03,3.36e+01,
5025,-8.00e-03,3.36e+01,
5026,-8.00e-03,3.36e+01,
5027,-8.00e-03,3.36e+01,
5028,-8.00e-03,3.36e+01,
5029,-8.00e-03,3.36e+01,
5030,-8.00e-03,3.36e+01,
5031,-8.00e-03,3.36e+01,
5032,-8.00e-03,3.36e+01,
5033,-8.00e-03,3.36e+01,
5034,-8.00e-03,3.36e+01,
5035,-8.00e-03,3.36e+01,
5036,-8.00e-03,3.36e+01,
5037,-8.00e-03,3.36e+01,
5038,-8.00e-03,3.36e+01,
5039,-8.00e-03,3.36e+01,
5040,-8.00e-03,3.36e+01,
5041,-8.00e-03,3.36e+01,
5042,-8.00e-03,3.36e+01,
5043,-8.00e-03,3.36e+01,
5044,-8.00e-03,3.36e+01,
5045,-8.00e-03,3.36e+01,
5046,-8.00e-03,3.36e+01,
5047,-8.00e-03,3.36e+01,
5048,-8.00e-03,3.36e+01,
5049,-8.00e-03,3.36e+01,
5050,-8.00e-03,3.36e+01,
5051,-8.00e-03,3.36e+01,
5052,-8.00e-03,3.36e+01,
5053,-8.00e-03,3.36e+01,
5054,-8.00e-03,3.36e+01,
5055,-8.00e-03,3.36e+01,
5056,-8.00e-03,3.36e+01,
5057,-8.00e-03,3.36e+01,
5058,-8.00e-03,3.36e+01,
5059,-8.00e-03,3.36e+01,
5060,-8.00e-03,3.36e+01,
5061,-8.00e-03,3.36e+01,
5062,-8.00e-03,3.36e+01,
5063,-8.00e-03,3.36e+01,
5064,-8.00e-03,3.36e+01,
5065,-8.00e-03,3.36e+01,
5066,-8.00e-03,3.36e+01,
5067,-8.00e-03,3.36e+01,
5068,-8.00e-03,3.36e+01,
5069,-8.00e-03,3.36e+01,
5070,-8.00e-03,3.36e+01,
5071,-8.00e-03,3.36e+01,
5072,-8.00e-03,3.36e+01,
5073,-8.00e-03,3.36e+01,
5074,-8.00e-03,3.36e+01,
5075,-8.00e-03,3.36e+01,
5076,-8.00e-03,3.36e+01,
5077,-8.00e-03,3.36e+01,
5078,-8.00e-03,3.36e+01,
5079,-8.00e-03,3.36e+01,
5080,-8.00e-03,3.36e+01,
5081,-8.00e-03,3.36e+01,
5082,-8.00e-03,3.36e+01,
5083,-8.00e-03,3.36e+01,
5084,-8.00e-03,3.36e+01,
5085,-8.00e-03,3.36e+01,
5086,-8.00e-03,3.36e+01,
5087,-8.00e-03,3.36e+01,
5088,-8.00e-03,3.36e+01,
5089,-8.00e-03,3.36e+01,
5090,-8.00e-03,3.36e+01,
5091,-8.00e-03,3.36e+01,
5092,-8.00e-03,3.36e+01,
5093,-8.00e-03,3.36e+01,
5094,-8.00e-03,3.36e+01,
5095,-8.00e-03,3.36e+01,
5096,-8.00e-03,3.36e+01,
5097,-8.00e-03,3.36e+01,
5098,-8.00e-03,3.36e+01,
5099,-8.00e-03,3.36e+01,
5100,-8.00e-03,3.36e+01,
5101,-8.00e-03,3.36e+01,
5102,-8.00e-03,3.36e+01,
5103,-8.00e-03,3.36e+01,
5104,-8.00e-03,3.36e+01,
5105,-8.00e-03,3.36e+01,
5106,-8.00e-03,3.36e+01,
5107,-8.00e-03,3.36e+01,
5108,-8.00e-03,3.36e+01,
5109,-8.00e-03,3.36e+01,
5110,-8.00e-03,3.36e+01,
5111,-8.00e-03,3.36e+01,
5112,-8.00e-03,3.36e+01,
5113,-8.00e-03,3.36e+01,
5114,-8.00e-03,3.36e+01,
5115,-8.00e-03,3.36e+01,
5116,-8.00e-03,3.36e+01,
5117,-8.00e-03,3.36e+01,
5118,-8.00e-03,3.36e+01,
5119,-8.00e-03,3.36e+01,
5120,-8.00e-03,3.36e+01,
5121,-8.00e-03,3.36e+01,
5122,-8.00e-03,3.36e+01,
5123,-8.00e-03,3.36e+01,
5124,-8.00e-03,3.36e+01,
5125,-8.00e-03,3.36e+01,
5126,-8.00e-03,3.36e+01,
5127,-8.00e-03,3.36e+01,
5128,-8.00e-03,3.36e+01,
5129,-8.00e-03,3.36e+01,
5130,-8.00e-03,3.36e+01,
5131,-8.00e-03,3.36e+01,
5132,-8.00e-03,3.36e+01,
5133,-8.00e-03,3.36e+01,
5134,-8.00e-03,3.36e+01,
5135,-8.00e-03,3.36e+01,
5136,-8.00e-03,3.36e+01,
5137,-8.00e-03,3.36e+01,
5138,-8.00e-03,3.36e+01,
5139,-8.00e-03,3.36e+01,
5140,-8.00e-03,3.36e+01,
5141,-8.00e-03,3.36e+01,
5142,-8.00e-03,3.36e+01,
5143,-8.00e-03,3.36e+01,
5144,-8.00e-03,3.36e+01,
5145,-8.00e-03,3.36e+01,
5146,-8.00e-03,3.36e+01,
5147,-8.00e-03,3.36e+01,
5148,-8.00e-03,3.36e+01,
5149,-8.00e-03,3.36e+01,
5150,-8.00e-03,3.36e+01,
5151,-8.00e-03,3.36e+01,
5152,-8.00e-03,3.36e+01,
5153,-8.00e-03,3.36e+01,
5154,-8.00e-03,3.36e+01,
5155,-8.00e-03,3.36e+01,
5156,-8.00e-03,3.36e+01,
5157,-8.00e-03,3.36e+01,
5158,-8.00e-03,3.36e+01,
5159,-8.00e-03,3.36e+01,
5160,-8.00e-03,3.36e+01,
5161,-8.00e-03,3.36e+01,
5162,-8.00e-03,3.36e+01,
5163,-8.00e-03,3.36e+01,
5164,-8.00e-03,3.36e+01,
5165,-8.00e-03,3.36e+01,
5166,-8.00e-03,3.36e+01,
5167,-8.00e-03,3.36e+01,
5168,-8.00e-03,3.36e+01,
5169,-8.00e-03,3.36e+01,
5170,-8.00e-03,3.36e+01,
5171,-8.00e-03,3.36e+01,
5172,-8.00e-03,3.36e+01,
5173,-8.00e-03,3.36e+01,
5174,-8.00e-03,3.36e+01,
5175,-8.00e-03,3.36e+01,
5176,-8.00e-03,3.36e+01,
5177,-8.00e-03,3.36e+01,
5178,-8.00e-03,3.36e+01,
5179,-8.00e-03,3.36e+01,
5180,-8.00e-03,3.36e+01,
5181,-8.00e-03,3.36e+01,
5182,-8.00e-03,3.36e+01,
5183,-8.00e-03,3.36e+01,
5184,-8.00e-03,3.36e+01,
5185,-8.00e-03,3.36e+01,
5186,-8.00e-03,3.28e+01,
5187,-8.00e-03,3.36e+01,
5188,-8.00e-03,3.36e+01,
5189,-8.00e-03,3.36e+01,
5190,-8.00e-03,3.28e+01,
5191,-8.00e-03,3.36e+01,
5192,-8.00e-03,3.36e+01,
5193,-8.00e-03,3.36e+01,
5194,-8.00e-03,3.28e+01,
5195,-8.00e-03,3.36e+01,
5196,-8.00e-03,3.36e+01,
5197,-8.00e-03,3.36e+01,
5198,-8.00e-03,3.28e+01,
5199,-8.00e-03,3.36e+01,
5200,-8.00e-03,3.36e+01,
5201,-8.00e-03,3.28e+01,
5202,-8.00e-03,3.28e+01,
5203,-8.00e-03,3.28e+01,
5204,-8.00e-03,3.28e+01,
5205,-8.00e-03,3.28e+01,
5206,-8.00e-03,3.28e+01,
5207,-8.00e-03,3.28e+01,
5208,-8.00e-03,3.28e+01,
5209,-8.00e-03,3.28e+01,
5210,-8.00e-03,3.28e+01,
5211,-8.00e-03,3.28e+01,
5212,-8.00e-03,3.28e+01,
5213,-8.00e-03,3.28e+01,
5214,-8.00e-03,3.12e+01,
5215,-8.00e-03,3.28e+01,
5216,-8.00e-03,3.28e+01,
5217,-8.00e-03,3.12e+01,
5218,-8.00e-03,3.12e+01,
5219,-8.00e-03,3.12e+01,
5220,-8.00e-03,3.12e+01,
5221,-8.00e-03,3.12e+01,
5222,-8.00e-03,3.12e+01,
5223,-8.00e-03,3.12e+01,
5224,-8.00e-03,3.12e+01,
5225,-8.00e-03,3.12e+01,
5226,-1.60e-02,3.04e+01,
5227,-8.00e-03,3.12e+01,
5228,-8.00e-03,3.04e+01,
5229,-8.00e-03,3.04e+01,
5230,-8.00e-03,3.04e+01,
5231,-8.00e-03,3.04e+01,
5232,-8.00e-03,3.04e+01,
5233,-8.00e-03,3.04e+01,
5234,-8.00e-03,3.04e+01,
5235,-8.00e-03,3.04e+01,
5236,-1.60e-02,3.04e+01,
5237,-8.00e-03,2.96e+01,
5238,-8.00e-03,2.96e+01,
5239,-8.00e-03,2.96e+01,
5240,-8.00e-03,2.96e+01,
5241,-8.00e-03,2.96e+01,
5242,-8.00e-03,2.96e+01,
5243,-8.00e-03,2.96e+01,
5244,-8.00e-03,2.88e+01,
5245,-8.00e-03,2.88e+01,
5246,-8.00e-03,2.88e+01,
5247,-8.00e-03,2.88e+01,
5248,-1.60e-02,2.88e+01,
5249,-8.00e-03,2.88e+01,
5250,-1.60e-02,2.80e+01,
5251,-8.00e-03,2.80e+01,
5252,-8.00e-03,2.80e+01,
5253,-8.00e-03,2.80e+01,
5254,-8.00e-03,2.80e+01,
5255,-8.00e-03,2.80e+01,
5256,-1.60e-02,2.80e+01,
5257,-8.00e-03,2.72e+01,
5258,-8.00e-03,2.72e+01,
5259,-8.00e-03,2.72e+01,
5260,-8.00e-03,2.72e+01,
5261,-8.00e-03,2.72e+01,
5262,-8.00e-03,2.64e+01,
5263,-8.00e-03,2.72e+01,
5264,-8.00e-03,2.64e+01,
5265,-8.00e-03,2.64e+01,
5266,-1.60e-02,2.64e+01,
5267,-8.00e-03,2.56e+01,
5268,-8.00e-03,2.64e+01,
5269,-8.00e-03,2.56e+01,
5270,-8.00e-03,2.56e+01,
5271,-8.00e-03,2.56e+01,
5272,-1.60e-02,2.56e+01,
5273,-8.00e-03,2.56e+01,
5274,-8.00e-03,2.48e+01,
5275,-8.00e-03,2.48e+01,
5276,-1.60e-02,2.48e+01,
5277,-8.00e-03,2.48e+01,
5278,-8.00e-03,2.48e+01,
5279,-8.00e-03,2.48e+01,
5280,-8.00e-03,2.48e+01,
5281,-8.00e-03,2.40e+01,
5282,-8.00e-03,2.40e+01,
5283,-8.00e-03,2.40e+01,
5284,-1.60e-02,2.40e+01,
5285,-8.00e-03,2.40e+01,
5286,-1.60e-02,2.32e+01,
5287,-1.60e-02,2.32e+01,
5288,-1.60e-02,2.32e+01,
5289,-8.00e-03,2.32e+01,
5290,-8.00e-03,2.24e+01,
5291,-8.00e-03,2.24e+01,
5292,-1.60e-02,2.24e+01,
5293,-8.00e-03,2.24e+01,
5294,-8.00e-03,2.24e+01,
5295,-8.00e-03,2.24e+01,
5296,-8.00e-03,2.24e+01,
5297,-8.00e-03,2.16e+01,
5298,-8.00e-03,2.16e+01,
5299,-8.00e-03,2.16e+01,
5300,-8.00e-03,2.16e+01,
5301,-8.00e-03,2.08e+01,
5302,-1.60e-02,2.08e+01,
5303,-8.00e-03,2.08e+01,
5304,-8.00e-03,2.08e+01,
5305,-8.00e-03,2.08e+01,
5306,-1.60e-02,2.00e+01,
5307,-8.00e-03,2.00e+01,
5308,-1.60e-02,2.00e+01,
5309,-8.00e-03,2.00e+01,
5310,-8.00e-03,2.00e+01,
5311,-8.00e-03,2.00e+01,
5312,-1.60e-02,1.92e+01,
5313,-8.00e-03,1.92e+01,
5314,-8.00e-03,1.92e+01,
5315,-8.00e-03,1.92e+01,
5316,-1.60e-02,1.92e+01,
5317,-8.00e-03,1.84e+01,
5318,-8.00e-03,1.84e+01,
5319,-8.00e-03,1.84e+01,
5320,-8.00e-03,1.84e+01,
5321,-8.00e-03,1.84e+01,
5322,-1.60e-02,1.68e+01,
5323,-1.60e-02,1.68e+01,
5324,-1.60e-02,1.68e+01,
5325,-8.00e-03,1.68e+01,
5326,-8.00e-03,1.60e+01,
5327,-8.00e-03,1.68e+01,
5328,-8.00e-03,1.68e+01,
5329,-8.00e-03,1.60e+01,
5330,-8.00e-03,1.60e+01,
5331,-8.00e-03,1.60e+01,
5332,-8.00e-03,1.60e+01,
5333,-8.00e-03,1.52e+01,
5334,-8.00e-03,1.52e+01,
5335,-8.00e-03,1.52e+01,
5336,-8.00e-03,1.52e+01,
5337,-8.00e-03,1.52e+01,
5338,-1.60e-02,1.44e+01,
5339,-8.00e-03,1.52e+01,
5340,-1.60e-02,1.44e+01,
5341,-8.00e-03,1.44e+01,
5342,-8.00e-03,1.44e+01,
5343,-8.00e-03,1.44e+01,
5344,-8.00e-03,1.44e+01,
5345,-8.00e-03,1.36e+01,
5346,-8.00e-03,1.36e+01,
5347,-8.00e-03,1.36e+01,
5348,-8.00e-03,1.36e+01,
5349,-8.00e-03,1.36e+01,
5350,-8.00e-03,1.28e+01,
5351,-8.00e-03,1.36e+01,
5352,-8.00e-03,1.36e+01,
5353,-8.00e-03,1.28e+01,
5354,-1.60e-02,1.28e+01,
5355,-8.00e-03,1.28e+01,
5356,-1.60e-02,1.28e+01,
5357,-8.00e-03,1.28e+01,
5358,-8.00e-03,1.20e+01,
5359,-8.00e-03,1.20e+01,
5360,-8.00e-03,1.20e+01,
5361,-8.00e-03,1.20e+01,
5362,-8.00e-03,1.20e+01,
5363,-8.00e-03,1.20e+01,
5364,-1.60e-02,1.20e+01,
5365,-8.00e-03,1.12e+01,
5366,-8.00e-03,1.12e+01,
5367,-8.00e-03,1.12e+01,
5368,-8.00e-03,1.12e+01,
5369,-8.00e-03,1.12e+01,
5370,-8.00e-03,1.04e+01,
5371,-8.00e-03,1.12e+01,
5372,-1.60e-02,1.12e+01,
5373,-8.00e-03,1.04e+01,
5374,-8.00e-03,1.04e+01,
5375,-8.00e-03,1.04e+01,
5376,-8.00e-03,1.04e+01,
5377,-8.00e-03,1.04e+01,
5378,-8.00e-03,1.04e+01,
5379,-8.00e-03,1.04e+01,
5380,-8.00e-03,1.04e+01,
5381,-8.00e-03,9.60e+00,
5382,-8.00e-03,9.60e+00,
5383,-8.00e-03,9.60e+00,
5384,-8.00e-03,9.60e+00,
5385,-8.00e-03,9.60e+00,
5386,-1.60e-02,8.80e+00,
5387,-8.00e-03,9.60e+00,
5388,-8.00e-03,9.60e+00,
5389,-8.00e-03,8.80e+00,
5390,-8.00e-03,8.80e+00,
5391,-8.00e-03,9.60e+00,
5392,-8.00e-03,9.60e+00,
5393,-8.00e-03,8.80e+00,
5394,-8.00e-03,8.80e+00,
5395,-8.00e-03,8.80e+00,
5396,-8.00e-03,8.80e+00,
5397,-8.00e-03,8.80e+00,
5398,-8.00e-03,8.00e+00,
5399,-8.00e-03,8.80e+00,
5400,-8.00e-03,8.80e+00,
5401,-8.00e-03,8.00e+00,
5402,-8.00e-03,8.00e+00,
5403,-8.00e-03,8.00e+00,
5404,-8.00e-03,8.00e+00,
5405,-8.00e-03,8.00e+00,
5406,-8.00e-03,8.00e+00,
5407,-8.00e-03,8.00e+00,
5408,-8.00e-03,8.00e+00,
5409,-8.00e-03,7.20e+00,
5410,-8.00e-03,7.20e+00,
5411,-8.00e-03,8.00e+00,
5412,-8.00e-03,8.00e+00,
5413,-8.00e-03,7.20e+00,
5414,-8.00e-03,7.20e+00,
5415,-8.00e-03,8.00e+00,
5416,-8.00e-03,8.00e+00,
5417,-8.00e-03,7.20e+00,
5418,-8.00e-03,7.20e+00,
5419,-8.00e-03,7.20e+00,
5420,-8.00e-03,7.20e+00,
5421,-8.00e-03,7.20e+00,
5422,-8.00e-03,7.20e+00,
5423,-8.00e-03,7.20e+00,
5424,-8.00e-03,7.20e+00,
5425,-8.00e-03,7.20e+00,
5426,-8.00e-03,6.40e+00,
5427,-8.00e-03,7.20e+00,
5428,-8.00e-03,7.20e+00,
5429,-8.00e-03,6.40e+00,
5430,-8.00e-03,6.40e+00,
5431,-8.00e-03,7.20e+00,
5432,-8.00e-03,7.20e+00,
5433,-8.00e-03,6.40e+00,
5434,-8.00e-03,6.40e+00,
5435,-8.00e-03,7.20e+00,
5436,-8.00e-03,7.20e+00,
5437,-8.00e-03,6.40e+00,
5438,-8.00e-03,6.40e+00,
5439,-8.00e-03,6.40e+00,
5440,-8.00e-03,7.20e+00,
5441,-8.00e-03,6.40e+00,
5442,-8.00e-03,6.40e+00,
5443,-8.00e-03,6.40e+00,
5444,-8.00e-03,6.40e+00,
5445,-8.00e-03,6.40e+00,
5446,-8.00e-03,5.60e+00,
5447,-8.00e-03,6.40e+00,
5448,-8.00e-03,6.40e+00,
5449,-8.00e-03,6.40e+00,
5450,-8.00e-03,6.40e+00,
5451,-8.00e-03,6.40e+00,
5452,-8.00e-03,6.40e+00,
5453,-8.00e-03,6.40e+00,
5454,-8.00e-03,5.60e+00,
5455,-8.00e-03,6.40e+00,
5456,-8.00e-03,6.40e+00,
5457,-8.00e-03,5.60e+00,
5458,-8.00e-03,6.40e+00,
5459,-8.00e-03,6.40e+00,
5460,-8.00e-03,6.40e+00,
5461,-8.00e-03,6.40e+00,
5462,-8.00e-03,5.60e+00,
5463,-8.00e-03,6.40e+00,
5464,-8.00e-03,6.40e+00,
5465,0.00e+00,5.60e+00,
5466,-8.00e-03,6.40e+00,
5467,-8.00e-03,5.60e+00,
5468,-8.00e-03,6.40e+00,
5469,-8.00e-03,6.40e+00,
5470,-8.00e-03,5.60e+00,
5471,-8.00e-03,6.40e+00,
5472,-8.00e-03,6.40e+00,
5473,-8.00e-03,6.40e+00,
5474,-8.00e-03,5.60e+00,
5475,-8.00e-03,6.40e+00,
5476,-8.00e-03,6.40e+00,
5477,-8.00e-03,5.60e+00,
5478,-8.00e-03,5.60e+00,
5479,-8.00e-03,6.40e+00,
5480,-8.00e-03,6.40e+00,
5481,-8.00e-03,6.40e+00,
5482,-8.00e-03,6.40e+00,
5483,-8.00e-03,6.40e+00,
5484,-8.00e-03,6.40e+00,
5485,0.00e+00,6.40e+00,
5486,-8.00e-03,6.40e+00,
5487,-8.00e-03,6.40e+00,
5488,-8.00e-03,6.40e+00,
5489,-8.00e-03,6.40e+00,
5490,-8.00e-03,6.40e+00,
5491,0.00e+00,6.40e+00,
5492,-8.00e-03,6.40e+00,
5493,0.00e+00,6.40e+00,
5494,-8.00e-03,6.40e+00,
5495,-8.00e-03,6.40e+00,
5496,-8.00e-03,6.40e+00,
5497,0.00e+00,6.40e+00,
5498,-8.00e-03,6.40e+00,
5499,0.00e+00,6.40e+00,
5500,-8.00e-03,6.40e+00,
5501,0.00e+00,6.40e+00,
5502,-8.00e-03,6.40e+00,
5503,-8.00e-03,7.20e+00,
5504,-8.00e-03,7.20e+00,
5505,0.00e+00,6.40e+00,
5506,-8.00e-03,6.40e+00,
5507,-8.00e-03,7.20e+00,
5508,-8.00e-03,7.20e+00,
5509,0.00e+00,6.40e+00,
5510,-8.00e-03,6.40e+00,
5511,-8.00e-03,7.20e+00,
5512,-8.00e-03,7.20e+00,
5513,0.00e+00,7.20e+00,
5514,-8.00e-03,7.20e+00,
5515,-8.00e-03,7.20e+00,
5516,-8.00e-03,7.20e+00,
5517,0.00e+00,7.20e+00,
5518,-8.00e-03,7.20e+00,
5519,-8.00e-03,7.20e+00,
5520,-8.00e-03,8.00e+00,
5521,-8.00e-03,7.20e+00,
5522,-8.00e-03,7.20e+00,
5523,-8.00e-03,8.00e+00,
5524,-8.00e-03,8.00e+00,
5525,0.00e+00,8.00e+00,
5526,-8.00e-03,7.20e+00,
5527,0.00e+00,8.00e+00,
5528,-8.00e-03,8.00e+00,
5529,0.00e+00,8.00e+00,
5530,-8.00e-03,8.00e+00,
5531,-8.00e-03,8.00e+00,
5532,-8.00e-03,8.00e+00,
5533,0.00e+00,8.00e+00,
5534,-8.00e-03,8.00e+00,
5535,-8.00e-03,8.80e+00,
5536,-8.00e-03,8.80e+00,
5537,-8.00e-03,8.00e+00,
5538,-8.00e-03,8.80e+00,
5539,0.00e+00,8.80e+00,
5540,-8.00e-03,8.80e+00,
5541,0.00e+00,8.80e+00,
5542,-8.00e-03,8.80e+00,
5543,-8.00e-03,8.80e+00,
5544,-8.00e-03,8.80e+00,
5545,0.00e+00,8.80e+00,
5546,-8.00e-03,8.80e+00,
5547,-8.00e-03,9.60e+00,
5548,-8.00e-03,9.60e+00,
5549,-8.00e-03,9.60e+00,
5550,-8.00e-03,9.60e+00,
5551,-8.00e-03,9.60e+00,
5552,-8.00e-03,9.60e+00,
5553,0.00e+00,9.60e+00,
5554,-8.00e-03,9.60e+00,
5555,0.00e+00,1.04e+01,
5556,-8.00e-03,1.04e+01,
5557,0.00e+00,1.04e+01,
5558,0.00e+00,9.60e+00,
5559,0.00e+00,1.04e+01,
5560,-8.00e-03,1.04e+01,
5561,0.00e+00,1.04e+01,
5562,-8.00e-03,1.04e+01,
5563,-8.00e-03,1.04e+01,
5564,-8.00e-03,1.12e+01,
5565,0.00e+00,1.12e+01,
5566,-8.00e-03,1.04e+01,
5567,-8.00e-03,1.12e+01,
5568,-8.00e-03,1.12e+01,
5569,0.00e+00,1.12e+01,
5570,-8.00e-03,1.12e+01,
5571,0.00e+00,1.12e+01,
5572,-8.00e-03,1.20e+01,
5573,0.00e+00,1.12e+01,
5574,-8.00e-03,1.12e+01,
5575,-8.00e-03,1.20e+01,
5576,-8.00e-03,1.20e+01,
5577,0.00e+00,1.20e+01,
5578,-8.00e-03,1.20e+01,
5579,-8.00e-03,1.20e+01,
5580,-8.00e-03,1.28e+01,
5581,0.00e+00,1.20e+01,
5582,-8.00e-03,1.28e+01,
5583,0.00e+00,1.28e+01,
5584,-8.00e-03,1.28e+01,
5585,-8.00e-03,1.28e+01,
5586,-8.00e-03,1.28e+01,
5587,-8.00e-03,1.36e+01,
5588,-8.00e-03,1.36e+01,
5589,-8.00e-03,1.36e+01,
5590,0.00e+00,1.36e+01,
5591,-8.00e-03,1.36e+01,
5592,-8.00e-03,1.44e+01,
5593,-8.00e-03,1.36e+01,
5594,-8.00e-03,1.36e+01,
5595,-8.00e-03,1.44e+01,
5596,-8.00e-03,1.44e+01,
5597,0.00e+00,1.44e+01,
5598,0.00e+00,1.44e+01,
5599,-8.00e-03,1.52e+01,
5600,-8.00e-03,1.52e+01,
5601,0.00e+00,1.52e+01,
5602,-8.00e-03,1.52e+01,
5603,-8.00e-03,1.52e+01,
5604,-8.00e-03,1.60e+01,
5605,0.00e+00,1.52e+01,
5606,-8.00e-03,1.52e+01,
5607,-8.00e-03,1.60e+01,
5608,-8.00e-03,1.60e+01,
5609,-8.00e-03,1.60e+01,
5610,-8.00e-03,1.60e+01,
5611,-8.00e-03,1.68e+01,
5612,-8.00e-03,1.68e+01,
5613,-8.00e-03,1.68e+01,
5614,-8.00e-03,1.68e+01,
5615,-8.00e-03,1.68e+01,
5616,-8.00e-03,1.84e+01,
5617,-8.00e-03,1.68e+01,
5618,-8.00e-03,1.84e+01,
5619,-8.00e-03,1.84e+01,
5620,-8.00e-03,1.84e+01,
5621,0.00e+00,1.84e+01,
5622,-8.00e-03,1.84e+01,
5623,-8.00e-03,1.92e+01,
5624,-8.00e-03,1.92e+01,
5625,-8.00e-03,1.92e+01,
5626,-8.00e-03,1.92e+01,
5627,-8.00e-03,1.92e+01,
5628,-8.00e-03,2.00e+01,
5629,-8.00e-03,2.00e+01,
5630,-8.00e-03,2.00e+01,
5631,-8.00e-03,2.00e+01,
5632,-8.00e-03,2.00e+01,
5633,-8.00e-03,2.00e+01,
5634,-8.00e-03,2.00e+01,
5635,-8.00e-03,2.08e+01,
5636,-8.00e-03,2.08e+01,
5637,-8.00e-03,2.08e+01,
5638,-8.00e-03,2.08e+01,
5639,-8.00e-03,2.16e+01,
5640,-8.00e-03,2.16e+01,
5641,-8.00e-03,2.16e+01,
5642,-8.00e-03,2.16e+01,
5643,-8.00e-03,2.16e+01,
5644,-8.00e-03,2.16e+01,
5645,-8.00e-03,2.24e+01,
5646,-8.00e-03,2.16e+01,
5647,-8.00e-03,2.24e+01,
5648,-8.00e-03,2.24e+01,
5649,-8.00e-03,2.24e+01,
5650,-8.00e-03,2.24e+01,
5651,-8.00e-03,2.32e+01,
5652,-8.00e-03,2.32e+01,
5653,-8.00e-03,2.32e+01,
5654,-8.00e-03,2.32e+01,
5655,-8.00e-03,2.40e+01,
5656,-8.00e-03,2.40e+01,
5657,-8.00e-03,2.40e+01,
5658,-8.00e-03,2.40e+01,
5659,-8.00e-03,2.40e+01,
5660,-8.00e-03,2.40e+01,
5661,-8.00e-03,2.40e+01,
5662,-8.00e-03,2.40e+01,
5663,-8.00e-03,2.48e+01,
5664,-8.00e-03,2.48e+01,
5665,-8.00e-03,2.48e+01,
5666,-8.00e-03,2.56e+01,
5667,-8.00e-03,2.48e+01,
5668,-8.00e-03,2.56e+01,
5669,-8.00e-03,2.56e+01,
5670,-8.00e-03,2.56e+01,
5671,-8.00e-03,2.56e+01,
5672,-8.00e-03,2.56e+01,
5673,-8.00e-03,2.56e+01,
5674,-8.00e-03,2.56e+01,
5675,-8.00e-03,2.64e+01,
5676,-8.00e-03,2.64e+01,
5677,-8.00e-03,2.64e+01,
5678,-8.00e-03,2.64e+01,
5679,-8.00e-03,2.64e+01,
5680,-8.00e-03,2.72e+01,
5681,-8.00e-03,2.72e+01,
5682,-8.00e-03,2.72e+01,
5683,-8.00e-03,2.72e+01,
5684,-8.00e-03,2.72e+01,
5685,-8.00e-03,2.72e+01,
5686,-8.00e-03,2.72e+01,
5687,-8.00e-03,2.80e+01,
5688,-8.00e-03,2.80e+01,
5689,-8.00e-03,2.80e+01,
5690,-8.00e-03,2.80e+01,
5691,-8.00e-03,2.80e+01,
5692,-8.00e-03,2.80e+01,
5693,-8.00e-03,2.80e+01,
5694,-8.00e-03,2.80e+01,
5695,-8.00e-03,2.88e+01,
5696,-8.00e-03,2.88e+01,
5697,-8.00e-03,2.88e+01,
5698,-8.00e-03,2.88e+01,
5699,-8.00e-03,2.88e+01,
5700,-8.00e-03,2.88e+01,
5701,-8.00e-03,2.88e+01,
5702,-8.00e-03,2.88e+01,
5703,-8.00e-03,2.96e+01,
5704,-8.00e-03,2.96e+01,
5705,-8.00e-03,2.96e+01,
5706,-8.00e-03,2.96e+01,
5707,-8.00e-03,2.96e+01,
5708,-8.00e-03,2.96e+01,
5709,-8.00e-03,2.96e+01,
5710,-8.00e-03,2.96e+01,
5711,-8.00e-03,2.96e+01,
5712,-8.00e-03,3.04e+01,
5713,-8.00e-03,2.96e+01,
5714,-8.00e-03,2.96e+01,
5715,-8.00e-03,3.04e+01,
5716,-8.00e-03,3.04e+01,
5717,-8.00e-03,3.04e+01,
5718,-8.00e-03,3.04e+01,
5719,-8.00e-03,3.04e+01,
5720,-8.00e-03,3.04e+01,
5721,-8.00e-03,3.04e+01,
5722,-8.00e-03,3.04e+01,
5723,-8.00e-03,3.04e+01,
5724,-8.00e-03,3.12e+01,
5725,-8.00e-03,3.12e+01,
5726,-8.00e-03,3.04e+01,
5727,-8.00e-03,3.12e+01,
5728,-8.00e-03,3.12e+01,
5729,-8.00e-03,3.12e+01,
5730,-8.00e-03,3.12e+01,
5731,-8.00e-03,3.12e+01,
5732,-8.00e-03,3.12e+01,
5733,-8.00e-03,3.12e+01,
5734,-8.00e-03,3.12e+01,
5735,-8.00e-03,3.12e+01,
5736,-8.00e-03,3.12e+01,
5737,-8.00e-03,3.12e+01,
5738,-8.00e-03,3.12e+01,
5739,-8.00e-03,3.12e+01,
5740,-1.60e-02,3.12e+01,
5741,-8.00e-03,3.12e+01,
5742,-8.00e-03,3.12e+01,
5743,-8.00e-03,3.12e+01,
5744,-8.00e-03,3.28e+01,
5745,-8.00e-03,3.12e+01,
5746,-8.00e-03,3.12e+01,
5747,-8.00e-03,3.28e+01,
5748,-1.60e-02,3.12e+01,
5749,-8.00e-03,3.12e+01,
5750,-8.00e-03,3.12e+01,
5751,-8.00e-03,3.12e+01,
5752,-8.00e-03,3.28e+01,
5753,-8.00e-03,3.12e+01,
5754,-8.00e-03,3.12e+01,
5755,-8.00e-03,3.28e+01,
5756,-8.00e-03,3.28e+01,
5757,-8.00e-03,3.12e+01,
5758,-8.00e-03,3.12e+01,
5759,-8.00e-03,3.12e+01,
5760,-8.00e-03,3.28e+01,
5761,-8.00e-03,3.12e+01,
5762,-8.00e-03,3.12e+01,
5763,-8.00e-03,3.12e+01,
5764,-8.00e-03,3.12e+01,
5765,-8.00e-03,3.12e+01,
5766,-8.00e-03,3.12e+01,
5767,-8.00e-03,3.12e+01,
5768,-8.00e-03,3.12e+01,
5769,-8.00e-03,3.12e+01,
5770,-8.00e-03,3.12e+01,
5771,-8.00e-03,3.12e+01,
5772,-1.60e-02,3.12e+01,
5773,-8.00e-03,3.12e+01,
5774,-8.00e-03,3.12e+01,
5775,-8.00e-03,3.12e+01,
5776,-8.00e-03,3.12e+01,
5777,-8.00e-03,3.12e+01,
5778,-8.00e-03,3.12e+01,
5779,-8.00e-03,3.12e+01,
5780,-1.60e-02,3.12e+01,
5781,-8.00e-03,3.12e+01,
5782,-8.00e-03,3.04e+01,
5783,-8.00e-03,3.04e+01,
5784,-8.00e-03,3.12e+01,
5785,-8.00e-03,3.04e+01,
5786,-8.00e-03,3.04e+01,
5787,-8.00e-03,3.04e+01,
5788,-8.00e-03,3.04e+01,
5789,-8.00e-03,3.04e+01,
5790,-8.00e-03,3.04e+01,
5791,-8.00e-03,3.04e+01,
5792,-8.00e-03,3.04e+01,
5793,-8.00e-03,3.04e+01,
5794,-8.00e-03,2.96e+01,
5795,-8.00e-03,3.04e+01,
5796,-1.60e-02,2.96e+01,
5797,-8.00e-03,2.96e+01,
5798,-8.00e-03,2.96e+01,
5799,-8.00e-03,2.96e+01,
5800,-1.60e-02,2.96e+01,
5801,-8.00e-03,2.96e+01,
5802,-1.60e-02,2.96e+01,
5803,-8.00e-03,2.96e+01,
5804,-1.60e-02,2.96e+01,
5805,-8.00e-03,2.96e+01,
5806,-8.00e-03,2.88e+01,
5807,-8.00e-03,2.88e+01,
5808,-8.00e-03,2.88e+01,
5809,-8.00e-03,2.88e+01,
5810,-1.60e-02,2.88e+01,
5811,-8.00e-03,2.88e+01,
5812,-1.60e-02,2.88e+01,
5813,-8.00e-03,2.80e+01,
5814,-8.00e-03,2.80e+01,
5815,-8.00e-03,2.80e+01,
5816,-8.00e-03,2.80e+01,
5817,-8.00e-03,2.80e+01,
5818,-1.60e-02,2.80e+01,
5819,-8.00e-03,2.80e+01,
5820,-1.60e-02,2.80e+01,
5821,-1.60e-02,2.72e+01,
5822,-8.00e-03,2.72e+01,
5823,-8.00e-03,2.72e+01,
5824,-8.00e-03,2.72e+01,
5825,-8.00e-03,2.72e+01,
5826,-1.60e-02,2.64e+01,
5827,-8.00e-03,2.72e+01,
5828,-8.00e-03,2.64e+01,
5829,-8.00e-03,2.64e+01,
5830,-8.00e-03,2.64e+01,
5831,-1.60e-02,2.64e+01,
5832,-1.60e-02,2.64e+01,
5833,-8.00e-03,2.56e+01,
5834,-8.00e-03,2.56e+01,
5835,-8.00e-03,2.56e+01,
5836,-1.60e-02,2.56e+01,
5837,-8.00e-03,2.56e+01,
5838,-8.00e-03,2.56e+01,
5839,-8.00e-03,2.56e+01,
5840,-8.00e-03,2.56e+01,
5841,-8.00e-03,2.48e+01,
5842,-1.60e-02,2.48e+01,
5843,-8.00e-03,2.48e+01,
5844,-1.60e-02,2.48e+01,
5845,-8.00e-03,2.48e+01,
5846,-1.60e-02,2.40e+01,
5847,-1.60e-02,2.40e+01,
5848,-8.00e-03,2.40e+01,
5849,-8.00e-03,2.40e+01,
5850,-1.60e-02,2.40e+01,
5851,-8.00e-03,2.40e+01,
5852,-1.60e-02,2.40e+01,
5853,-8.00e-03,2.32e+01,
5854,-8.00e-03,2.32e+01,
5855,-8.00e-03,2.32e+01,
5856,-8.00e-03,2.32e+01,
5857,-8.00e-03,2.24e+01,
5858,-1.60e-02,2.24e+01,
5859,-8.00e-03,2.24e+01,
5860,-1.60e-02,2.24e+01,
5861,-1.60e-02,2.24e+01,
5862,-1.60e-02,2.24e+01,
5863,-1.60e-02,2.24e+01,
5864,-1.60e-02,2.16e+01,
5865,-8.00e-03,2.16e+01,
5866,-8.00e-03,2.16e+01,
5867,-1.60e-02,2.08e+01,
5868,-1.60e-02,2.16e+01,
5869,-8.00e-03,2.08e+01,
5870,-1.60e-02,2.08e+01,
5871,-8.00e-03,2.08e+01,
5872,-8.00e-03,2.08e+01,
5873,-8.00e-03,2.08e+01,
5874,-8.00e-03,2.08e+01,
5875,-8.00e-03,2.00e+01,
5876,-1.60e-02,2.08e+01,
5877,-8.00e-03,2.00e+01,
5878,-8.00e-03,2.00e+01,
5879,-8.00e-03,2.00e+01,
5880,-1.60e-02,2.00e+01,
5881,-8.00e-03,1.92e+01,
5882,-1.60e-02,1.92e+01,
5883,-8.00e-03,1.92e+01,
5884,-1.60e-02,1.92e+01,
5885,-8.00e-03,1.92e+01,
5886,-1.60e-02,1.84e+01,
5887,-8.00e-03,1.84e+01,
5888,-1.60e-02,1.84e+01,
5889,-8.00e-03,1.84e+01,
5890,-1.60e-02,1.84e+01,
5891,-8.00e-03,1.84e+01,
5892,-1.60e-02,1.84e+01,
5893,-8.00e-03,1.68e+01,
5894,-8.00e-03,1.68e+01,
5895,-8.00e-03,1.68e+01,
5896,-1.60e-02,1.68e+01,
5897,-8.00e-03,1.68e+01,
5898,-1.60e-02,1.60e+01,
5899,-8.00e-03,1.60e+01,
5900,-8.00e-03,1.60e+01,
5901,-8.00e-03,1.60e+01,
5902,-1.60e-02,1.60e+01,
5903,-8.00e-03,1.60e+01,
5904,-8.00e-03,1.60e+01,
5905,-8.00e-03,1.52e+01,
5906,-1.60e-02,1.52e+01,
5907,-8.00e-03,1.52e+01,
5908,-8.00e-03,1.52e+01,
5909,-8.00e-03,1.52e+01,
5910,-8.00e-03,1.44e+01,
5911,-8.00e-03,1.44e+01,
5912,-1.60e-02,1.52e+01,
5913,-8.00e-03,1.44e+01,
5914,-1.60e-02,1.44e+01,
5915,-8.00e-03,1.44e+01,
5916,-1.60e-02,1.44e+01,
5917,-8.00e-03,1.36e+01,
5918,-1.60e-02,1.36e+01,
5919,-8.00e-03,1.36e+01,
5920,-8.00e-03,1.36e+01,
5921,-8.00e-03,1.36e+01,
5922,-1.60e-02,1.36e+01,
5923,-8.00e-03,1.36e+01,
5924,-1.60e-02,1.36e+01,
5925,-8.00e-03,1.28e+01,
5926,-1.60e-02,1.28e+01,
5927,-8.00e-03,1.28e+01,
5928,-1.60e-02,1.28e+01,
5929,-8.00e-03,1.28e+01,
5930,-1.60e-02,1.20e+01,
5931,-8.00e-03,1.28e+01,
5932,-8.00e-03,1.28e+01,
5933,-8.00e-03,1.20e+01,
5934,-8.00e-03,1.20e+01,
5935,-8.00e-03,1.20e+01,
5936,-1.60e-02,1.20e+01,
5937,-8.00e-03,1.12e+01,
5938,-8.00e-03,1.12e+01,
5939,-8.00e-03,1.20e+01,
5940,-8.00e-03,1.20e+01,
5941,-8.00e-03,1.12e+01,
5942,-8.00e-03,1.12e+01,
5943,-8.00e-03,1.12e+01,
5944,-1.60e-02,1.12e+01,
5945,-8.00e-03,1.12e+01,
5946,-1.60e-02,1.04e+01,
5947,-8.00e-03,1.12e+01,
5948,-1.60e-02,1.12e+01,
5949,-8.00e-03,1.04e+01,
5950,-8.00e-03,1.04e+01,
5951,-8.00e-03,1.04e+01,
5952,-1.60e-02,1.04e+01,
5953,-8.00e-03,1.04e+01,
5954,-8.00e-03,9.60e+00,
5955,-8.00e-03,1.04e+01,
5956,-8.00e-03,1.04e+01,
5957,-8.00e-03,9.60e+00,
5958,-8.00e-03,9.60e+00,
5959,-8.00e-03,9.60e+00,
5960,-8.00e-03,9.60e+00,
5961,-8.00e-03,9.60e+00,
5962,-1.60e-02,9.60e+00,
5963,-8.00e-03,9.60e+00,
5964,-1.60e-02,9.60e+00,
5965,-8.00e-03,9.60e+00,
5966,-8.00e-03,8.80e+00,
5967,-8.00e-03,9.60e+00,
5968,-8.00e-03,9.60e+00,
5969,-8.00e-03,8.80e+00,
5970,-8.00e-03,8.80e+00,
5971,-8.00e-03,8.80e+00,
5972,-1.60e-02,8.80e+00,
5973,-8.00e-03,8.80e+00,
5974,-8.00e-03,8.80e+00,
5975,-8.00e-03,8.80e+00,
5976,-8.00e-03,8.80e+00,
5977,-8.00e-03,8.80e+00,
5978,-1.60e-02,8.00e+00,
5979,-8.00e-03,8.80e+00,
5980,-8.00e-03,8.80e+00,
5981,-8.00e-03,8.00e+00,
5982,-8.00e-03,8.00e+00,
5983,-8.00e-03,8.00e+00,
5984,-8.00e-03,8.00e+00,
5985,-8.00e-03,8.00e+00,
5986,-8.00e-03,8.00e+00,
5987,-8.00e-03,8.00e+00,
5988,-8.00e-03,8.00e+00,
5989,-8.00e-03,8.00e+00,
5990,-8.00e-03,8.00e+00,
5991,-8.00e-03,8.00e+00,
5992,-8.00e-03,8.00e+00,
5993,-8.00e-03,7.20e+00,
5994,-8.00e-03,7.20e+00,
5995,-8.00e-03,8.00e+00,
5996,-8.00e-03,8.00e+00,
5997,-8.00e-03,7.20e+00,
5998,-8.00e-03,7.20e+00,
5999,-8.00e-03,7.20e+00,
6000,-8.00e-03,8.00e+00,
6001,-8.00e-03,7.20e+00,
6002,-8.00e-03,7.20e+00,
6003,-8.00e-03,7.20e+00,
6004,-8.00e-03,7.20e+00,
6005,-8.00e-03,7.20e+00,
6006,-8.00e-03,7.20e+00,
6007,-8.00e-03,7.20e+00,
6008,-8.00e-03,7.20e+00,
6009,-8.00e-03,7.20e+00,
6010,-8.00e-03,7.20e+00,
6011,-8.00e-03,7.20e+00,
6012,-8.00e-03,7.20e+00,
6013,-8.00e-03,7.20e+00,
6014,-8.00e-03,6.40e+00,
6015,-8.00e-03,7.20e+00,
6016,-8.00e-03,7.20e+00,
6017,-8.00e-03,7.20e+00,
6018,-8.00e-03,6.40e+00,
6019,-8.00e-03,7.20e+00,
6020,-8.00e-03,7.20e+00,
6021,-8.00e-03,6.40e+00,
6022,-8.00e-03,6.40e+00,
6023,-8.00e-03,7.20e+00,
6024,-8.00e-03,7.20e+00,
6025,-8.00e-03,7.20e+00,
6026,-8.00e-03,6.40e+00,
6027,-8.00e-03,7.20e+00,
6028,-8.00e-03,7.20e+00,
6029,-8.00e-03,6.40e+00,
6030,-8.00e-03,6.40e+00,
6031,-8.00e-03,7.20e+00,
6032,-8.00e-03,7.20e+00,
6033,-8.00e-03,6.40e+00,
6034,-8.00e-03,6.40e+00,
6035,-8.00e-03,7.20e+00,
6036,-8.00e-03,7.20e+00,
6037,-8.00e-03,6.40e+00,
6038,-8.00e-03,6.40e+00,
6039,-8.00e-03,7.20e+00,
6040,-8.00e-03,7.20e+00,
6041,-8.00e-03,6.40e+00,
6042,-8.00e-03,6.40e+00,
6043,-8.00e-03,7.20e+00,
6044,-8.00e-03,6.40e+00,
6045,-8.00e-03,7.20e+00,
6046,-8.00e-03,6.40e+00,
6047,-8.00e-03,7.20e+00,
6048,-8.00e-03,7.20e+00,
6049,-8.00e-03,6.40e+00,
6050,-8.00e-03,6.40e+00,
6051,-8.00e-03,7.20e+00,
6052,-8.00e-03,7.20e+00,
6053,-8.00e-03,7.20e+00,
6054,-8.00e-03,6.40e+00,
6055,-8.00e-03,7.20e+00,
6056,-8.00e-03,7.20e+00,
6057,-8.00e-03,7.20e+00,
6058,-8.00e-03,7.20e+00,
6059,-8.00e-03,7.20e+00,
6060,-8.00e-03,7.20e+00,
6061,-8.00e-03,7.20e+00,
6062,-8.00e-03,6.40e+00,
6063,-8.00e-03,7.20e+00,
6064,-8.00e-03,7.20e+00,
6065,-8.00e-03,7.20e+00,
6066,-8.00e-03,7.20e+00,
6067,-8.00e-03,6.40e+00,
6068,-8.00e-03,8.00e+00,
6069,-8.00e-03,7.20e+00,
6070,-8.00e-03,6.40e+00,
6071,-8.00e-03,8.00e+00,
6072,-8.00e-03,7.20e+00,
6073,-8.00e-03,7.20e+00,
6074,-8.00e-03,7.20e+00,
6075,-8.00e-03,7.20e+00,
6076,-8.00e-03,8.00e+00,
6077,-8.00e-03,7.20e+00,
6078,-8.00e-03,7.20e+00,
6079,-8.00e-03,8.00e+00,
6080,-8.00e-03,8.00e+00,
6081,-8.00e-03,7.20e+00,
6082,-8.00e-03,7.20e+00,
6083,-8.00e-03,8.00e+00,
6084,-8.00e-03,8.00e+00,
6085,-8.00e-03,8.00e+00,
6086,-8.00e-03,7.20e+00,
6087,-8.00e-03,8.00e+00,
6088,-8.00e-03,8.00e+00,
6089,0.00e+00,8.00e+00,
6090,-8.00e-03,8.00e+00,
6091,0.00e+00,8.00e+00,
6092,-8.00e-03,8.00e+00,
6093,0.00e+00,8.00e+00,
6094,-8.00e-03,8.00e+00,
6095,-8.00e-03,8.80e+00,
6096,-8.00e-03,8.80e+00,
6097,-8.00e-03,8.00e+00,
6098,-8.00e-03,8.00e+00,
6099,-8.00e-03,8.80e+00,
6100,-8.00e-03,8.80e+00,
6101,0.00e+00,8.80e+00,
6102,-8.00e-03,8.80e+00,
6103,-8.00e-03,8.80e+00,
6104,-8.00e-03,8.80e+00,
6105,0.00e+00,8.80e+00,
6106,-8.00e-03,8.80e+00,
6107,-8.00e-03,9.60e+00,
6108,-8.00e-03,9.60e+00,
6109,-8.00e-03,8.80e+00,
6110,-8.00e-03,8.80e+00,
6111,-8.00e-03,9.60e+00,
6112,-8.00e-03,9.60e+00,
6113,0.00e+00,9.60e+00,
6114,-8.00e-03,9.60e+00,
6115,-8.00e-03,9.60e+00,
6116,-8.00e-03,9.60e+00,
6117,-8.00e-03,9.60e+00,
6118,-8.00e-03,9.60e+00,
6119,-8.00e-03,1.04e+01,
6120,-8.00e-03,1.04e+01,
6121,0.00e+00,1.04e+01,
6122,-8.00e-03,1.04e+01,
6123,-8.00e-03,1.04e+01,
6124,-8.00e-03,1.04e+01,
6125,-8.00e-03,1.04e+01,
6126,-8.00e-03,1.04e+01,
6127,-8.00e-03,1.04e+01,
6128,-8.00e-03,1.12e+01,
6129,0.00e+00,1.04e+01,
6130,-8.00e-03,1.04e+01,
6131,-8.00e-03,1.12e+01,
6132,-8.00e-03,1.12e+01,
6133,-8.00e-03,1.12e+01,
6134,-8.00e-03,1.12e+01,
6135,-8.00e-03,1.12e+01,
6136,-8.00e-03,1.12e+01,
6137,-8.00e-03,1.12e+01,
6138,-8.00e-03,1.12e+01,
6139,0.00e+00,1.20e+01,
6140,-8.00e-03,1.20e+01,
6141,-8.00e-03,1.20e+01,
6142,-8.00e-03,1.20e+01,
6143,-8.00e-03,1.20e+01,
6144,-8.00e-03,1.28e+01,
6145,0.00e+00,1.20e+01,
6146,-8.00e-03,1.20e+01,
6147,-8.00e-03,1.28e+01,
6148,-8.00e-03,1.28e+01,
6149,-8.00e-03,1.28e+01,
6150,-8.00e-03,1.28e+01,
6151,-8.00e-03,1.28e+01,
6152,-8.00e-03,1.36e+01,
6153,0.00e+00,1.28e+01,
6154,-8.00e-03,1.28e+01,
6155,-8.00e-03,1.36e+01,
6156,-8.00e-03,1.36e+01,
6157,-8.00e-03,1.36e+01,
6158,-8.00e-03,1.36e+01,
6159,-8.00e-03,1.36e+01,
6160,-8.00e-03,1.44e+01,
6161,-8.00e-03,1.36e+01,
6162,-8.00e-03,1.44e+01,
6163,-8.00e-03,1.44e+01,
6164,-8.00e-03,1.44e+01,
6165,-8.00e-03,1.44e+01,
6166,-8.00e-03,1.44e+01,
6167,-8.00e-03,1.52e+01,
6168,-8.00e-03,1.52e+01,
6169,-8.00e-03,1.52e+01,
6170,-8.00e-03,1.52e+01,
6171,-8.00e-03,1.52e+01,
6172,-8.00e-03,1.52e+01,
6173,0.00e+00,1.52e+01,
6174,-8.00e-03,1.52e+01,
6175,-8.00e-03,1.60e+01,
6176,-8.00e-03,1.60e+01,
6177,-8.00e-03,1.60e+01,
6178,-8.00e-03,1.60e+01,
6179,-8.00e-03,1.68e+01,
6180,-8.00e-03,1.68e+01,
6181,-8.00e-03,1.68e+01,
6182,-8.00e-03,1.68e+01,
6183,-8.00e-03,1.68e+01,
6184,-8.00e-03,1.68e+01,
6185,-8.00e-03,1.68e+01,
6186,-8.00e-03,1.68e+01,
6187,-8.00e-03,1.84e+01,
6188,-8.00e-03,1.84e+01,
6189,-8.00e-03,1.84e+01,
6190,-8.00e-03,1.84e+01,
6191,-8.00e-03,1.84e+01,
6192,-8.00e-03,1.92e+01,
6193,-8.00e-03,1.92e+01,
6194,-8.00e-03,1.92e+01,
6195,-8.00e-03,1.92e+01,
6196,-8.00e-03,2.00e+01,
6197,-8.00e-03,1.92e+01,
6198,-8.00e-03,1.92e+01,
6199,-8.00e-03,2.00e+01,
6200,-8.00e-03,2.00e+01,
6201,-8.00e-03,2.00e+01,
6202,-8.00e-03,2.00e+01,
6203,-8.00e-03,2.00e+01,
6204,-8.00e-03,2.08e+01,
6205,-8.00e-03,2.08e+01,
6206,-8.00e-03,2.08e+01,
6207,-8.00e-03,2.08e+01,
6208,-8.00e-03,2.08e+01,
6209,-8.00e-03,2.08e+01,
6210,-8.00e-03,2.08e+01,
6211,-8.00e-03,2.16e+01,
6212,-8.00e-03,2.16e+01,
6213,-8.00e-03,2.16e+01,
6214,-8.00e-03,2.16e+01,
6215,-8.00e-03,2.24e+01,
6216,-8.00e-03,2.24e+01,
6217,-8.00e-03,2.24e+01,
6218,-8.00e-03,2.24e+01,
6219,-8.00e-03,2.24e+01,
6220,-8.00e-03,2.24e+01,
6221,-8.00e-03,2.24e+01,
6222,-8.00e-03,2.24e+01,
6223,-8.00e-03,2.32e+01,
6224,-8.00e-03,2.32e+01,
6225,-8.00e-03,2.32e+01,
6226,-8.00e-03,2.32e+01,
6227,-8.00e-03,2.32e+01,
6228,-8.00e-03,2.40e+01,
6229,-8.00e-03,2.40e+01,
6230,-8.00e-03,2.40e+01,
6231,-8.00e-03,2.40e+01,
6232,-8.00e-03,2.40e+01,
6233,-8.00e-03,2.40e+01,
6234,-8.00e-03,2.40e+01,
6235,-8.00e-03,2.48e+01,
6236,-8.00e-03,2.48e+01,
6237,-8.00e-03,2.48e+01,
6238,-8.00e-03,2.48e+01,
6239,-8.00e-03,2.48e+01,
6240,-8.00e-03,2.56e+01,
6241,-8.00e-03,2.48e+01,
6242,-8.00e-03,2.56e+01,
6243,-8.00e-03,2.56e+01,
6244,-8.00e-03,2.56e+01,
6245,-8.00e-03,2.56e+01,
6246,-8.00e-03,2.56e+01,
6247,-8.00e-03,2.64e+01,
6248,-8.00e-03,2.64e+01,
6249,-8.00e-03,2.64e+01,
6250,-8.00e-03,2.64e+01,
6251,-8.00e-03,2.64e+01,
6252,-8.00e-03,2.64e+01,
6253,-8.00e-03,2.64e+01,
6254,-8.00e-03,2.64e+01,
6255,-8.00e-03,2.72e+01,
6256,-8.00e-03,2.72e+01,
6257,-8.00e-03,2.72e+01,
6258,-8.00e-03,2.72e+01,
6259,-8.00e-03,2.72e+01,
6260,-8.00e-03,2.72e+01,
6261,-8.00e-03,2.72e+01,
6262,-8.00e-03,2.72e+01,
6263,-8.00e-03,2.80e+01,
6264,-8.00e-03,2.80e+01,
6265,-8.00e-03,2.80e+01,
6266,-8.00e-03,2.80e+01,
6267,-8.00e-03,2.80e+01,
6268,-8.00e-03,2.80e+01,
6269,-8.00e-03,2.80e+01,
6270,-8.00e-03,2.80e+01,
6271,-8.00e-03,2.88e+01,
6272,-8.00e-03,2.88e+01,
6273,-8.00e-03,2.88e+01,
6274,-8.00e-03,2.88e+01,
6275,-8.00e-03,2.88e+01,
6276,-8.00e-03,2.88e+01,
6277,-8.00e-03,2.88e+01,
6278,-8.00e-03,2.88e+01,
6279,-8.00e-03,2.88e+01,
6280,-8.00e-03,2.88e+01,
6281,-8.00e-03,2.88e+01,
6282,-8.00e-03,2.88e+01,
6283,-8.00e-03,2.96e+01,
6284,-8.00e-03,2.96e+01,
6285,-8.00e-03,2.96e+01,
6286,-8.00e-03,2.96e+01,
6287,-8.00e-03,2.96e+01,
6288,-8.00e-03,2.96e+01,
6289,-8.00e-03,2.96e+01,
6290,-1.60e-02,2.96e+01,
6291,-8.00e-03,2.96e+01,
6292,-8.00e-03,2.96e+01,
6293,-8.00e-03,2.96e+01,
6294,-8.00e-03,2.96e+01,
6295,-8.00e-03,3.04e+01,
6296,-8.00e-03,2.96e+01,
6297,-8.00e-03,2.96e+01,
6298,-8.00e-03,2.96e+01,
6299,-8.00e-03,3.04e+01,
6300,-8.00e-03,3.04e+01,
6301,-8.00e-03,3.04e+01,
6302,-8.00e-03,3.04e+01,
6303,-8.00e-03,3.04e+01,
6304,-8.00e-03,3.04e+01,
6305,-8.00e-03,3.04e+01,
6306,-8.00e-03,3.04e+01,
6307,-8.00e-03,3.04e+01,
6308,-8.00e-03,3.04e+01,
6309,-8.00e-03,3.04e+01,
6310,-8.00e-03,3.04e+01,
6311,-8.00e-03,3.04e+01,
6312,-8.00e-03,3.04e+01,
6313,-8.00e-03,3.04e+01,
6314,-8.00e-03,3.04e+01,
6315,-8.00e-03,3.04e+01,
6316,-8.00e-03,3.04e+01,
6317,-8.00e-03,3.04e+01,
6318,-8.00e-03,3.04e+01,
6319,-8.00e-03,3.04e+01,
6320,-8.00e-03,3.04e+01,
6321,-8.00e-03,3.04e+01,
6322,-8.00e-03,3.04e+01,
6323,-8.00e-03,3.04e+01,
6324,-1.60e-02,3.04e+01,
6325,-8.00e-03,3.04e+01,
6326,-8.00e-03,3.04e+01,
6327,-8.00e-03,3.04e+01,
6328,-8.00e-03,3.04e+01,
6329,-8.00e-03,3.04e+01,
6330,-8.00e-03,3.04e+01,
6331,-8.00e-03,3.04e+01,
6332,-1.60e-02,3.04e+01,
6333,-8.00e-03,3.04e+01,
6334,-8.00e-03,3.04e+01,
6335,-8.00e-03,3.04e+01,
6336,-8.00e-03,3.04e+01,
6337,-8.00e-03,3.04e+01,
6338,-8.00e-03,3.04e+01,
6339,-8.00e-03,3.04e+01,
6340,-1.60e-02,3.04e+01,
6341,-8.00e-03,3.04e+01,
6342,-8.00e-03,3.04e+01,
6343,-8.00e-03,3.04e+01,
6344,-8.00e-03,3.04e+01,
6345,-8.00e-03,3.04e+01,
6346,-1.60e-02,2.96e+01,
6347,-8.00e-03,3.04e+01,
6348,-1.60e-02,3.04e+01,
6349,-8.00e-03,2.96e+01,
6350,-8.00e-03,2.96e+01,
6351,-8.00e-03,2.96e+01,
6352,-8.00e-03,2.96e+01,
6353,-8.00e-03,2.96e+01,
6354,-1.60e-02,2.96e+01,
6355,-8.00e-03,2.96e+01,
6356,-1.60e-02,2.96e+01,
6357,-8.00e-03,2.96e+01,
6358,-8.00e-03,2.96e+01,
6359,-8.00e-03,2.96e+01,
6360,-1.60e-02,2.96e+01,
6361,-8.00e-03,2.96e+01,
6362,-1.60e-02,2.88e+01,
6363,-8.00e-03,2.96e+01,
6364,-1.60e-02,2.88e+01,
6365,-8.00e-03,2.88e+01,
6366,-8.00e-03,2.88e+01,
6367,-8.00e-03,2.88e+01,
6368,-1.60e-02,2.88e+01,
6369,-8.00e-03,2.88e+01,
6370,-1.60e-02,2.88e+01,
6371,-8.00e-03,2.88e+01,
6372,-1.60e-02,2.88e+01,
6373,-8.00e-03,2.80e+01,
6374,-8.00e-03,2.80e+01,
6375,-8.00e-03,2.80e+01,
6376,-1.60e-02,2.80e+01,
6377,-8.00e-03,2.80e+01,
6378,-8.00e-03,2.80e+01,
6379,-8.00e-03,2.80e+01,
6380,-1.60e-02,2.80e+01,
6381,-8.00e-03,2.80e+01,
6382,-1.60e-02,2.72e+01,
6383,-8.00e-03,2.72e+01,
6384,-1.60e-02,2.72e+01,
6385,-8.00e-03,2.72e+01,
6386,-1.60e-02,2.72e+01,
6387,-8.00e-03,2.72e+01,
6388,-1.60e-02,2.72e+01,
6389,-8.00e-03,2.72e+01,
6390,-8.00e-03,2.64e+01,
6391,-8.00e-03,2.72e+01,
6392,-1.60e-02,2.64e+01,
6393,-8.00e-03,2.64e+01,
6394,-1.60e-02,2.64e+01,
6395,-8.00e-03,2.64e+01,
6396,-1.60e-02,2.64e+01,
6397,-8.00e-03,2.64e+01,
6398,-8.00e-03,2.56e+01,
6399,-1.60e-02,2.56e+01,
6400,-1.60e-02,2.56e+01,
6401,-8.00e-03,2.56e+01,
6402,-8.00e-03,2.56e+01,
6403,-8.00e-03,2.56e+01,
6404,-1.60e-02,2.56e+01,
6405,-8.00e-03,2.56e+01,
6406,-8.00e-03,2.48e+01,
6407,-8.00e-03,2.48e+01,
6408,-1.60e-02,2.48e+01,
6409,-8.00e-03,2.48e+01,
6410,-1.60e-02,2.40e+01,
6411,-8.00e-03,2.48e+01,
6412,-1.60e-02,2.48e+01,
6413,-8.00e-03,2.40e+01,
6414,-8.00e-03,2.40e+01,
6415,-1.60e-02,2.40e+01,
6416,-1.60e-02,2.40e+01,
6417,-8.00e-03,2.40e+01,
6418,-8.00e-03,2.32e+01,
6419,-1.60e-02,2.32e+01,
6420,-1.60e-02,2.32e+01,
6421,-8.00e-03,2.32e+01,
6422,-8.00e-03,2.32e+01,
6423,-8.00e-03,2.32e+01,
6424,-1.60e-02,2.32e+01,
6425,-1.60e-02,2.24e+01,
6426,-1.60e-02,2.24e+01,
6427,-8.00e-03,2.24e+01,
6428,-1.60e-02,2.24e+01,
6429,-8.00e-03,2.24e+01,
6430,-1.60e-02,2.16e+01,
6431,-1.60e-02,2.16e+01,
6432,-8.00e-03,2.24e+01,
6433,-8.00e-03,2.16e+01,
6434,-1.60e-02,2.16e+01,
6435,-8.00e-03,2.16e+01,
6436,-1.60e-02,2.16e+01,
6437,-8.00e-03,2.08e+01,
6438,-8.00e-03,2.08e+01,
6439,-8.00e-03,2.08e+01,
6440,-1.60e-02,2.08e+01,
6441,-8.00e-03,2.08e+01,
6442,-1.60e-02,2.00e+01,
6443,-8.00e-03,2.08e+01,
6444,-1.60e-02,2.00e+01,
6445,-8.00e-03,2.00e+01,
6446,-8.00e-03,2.00e+01,
6447,-8.00e-03,2.00e+01,
6448,-1.60e-02,2.00e+01,
6449,-8.00e-03,1.92e+01,
6450,-1.60e-02,1.92e+01,
6451,-8.00e-03,1.92e+01,
6452,-1.60e-02,1.92e+01,
6453,-8.00e-03,1.92e+01,
6454,-8.00e-03,1.84e+01,
6455,-8.00e-03,1.92e+01,
6456,-1.60e-02,1.92e+01,
6457,-8.00e-03,1.84e+01,
6458,-1.60e-02,1.84e+01,
6459,-8.00e-03,1.84e+01,
6460,-1.60e-02,1.84e+01,
6461,-8.00e-03,1.68e+01,
6462,-8.00e-03,1.68e+01,
6463,-8.00e-03,1.68e+01,
6464,-1.60e-02,1.68e+01,
6465,-8.00e-03,1.60e+01,
6466,-8.00e-03,1.68e+01,
6467,-8.00e-03,1.60e+01,
6468,-1.60e-02,1.68e+01,
6469,-8.00e-03,1.60e+01,
6470,-8.00e-03,1.60e+01,
6471,-8.00e-03,1.60e+01,
6472,-1.60e-02,1.60e+01,
6473,-8.00e-03,1.60e+01,
6474,-1.60e-02,1.52e+01,
6475,-8.00e-03,1.52e+01,
6476,-1.60e-02,1.60e+01,
6477,-8.00e-03,1.52e+01,
6478,-8.00e-03,1.52e+01,
6479,-8.00e-03,1.52e+01,
6480,-1.60e-02,1.52e+01,
6481,-8.00e-03,1.44e+01,
6482,-8.00e-03,1.44e+01,
6483,-8.00e-03,1.44e+01,
6484,-1.60e-02,1.44e+01,
6485,-8.00e-03,1.44e+01,
6486,-8.00e-03,1.36e+01,
6487,-8.00e-03,1.44e+01,
6488,-1.60e-02,1.44e+01,
6489,-8.00e-03,1.36e+01,
6490,-8.00e-03,1.36e+01,
6491,-8.00e-03,1.36e+01,
6492,-1.60e-02,1.36e+01,
6493,-8.00e-03,1.36e+01,
6494,-8.00e-03,1.28e+01,
6495,-8.00e-03,1.36e+01,
6496,-1.60e-02,1.36e+01,
6497,-8.00e-03,1.28e+01,
6498,-1.60e-02,1.28e+01,
6499,-1.60e-02,1.28e+01,
6500,-1.60e-02,1.28e+01,
6501,-8.00e-03,1.28e+01,
6502,-8.00e-03,1.20e+01,
6503,-8.00e-03,1.28e+01,
6504,-1.60e-02,1.28e+01,
6505,-8.00e-03,1.20e+01,
6506,-8.00e-03,1.20e+01,
6507,-8.00e-03,1.20e+01,
6508,-1.60e-02,1.20e+01,
6509,-8.00e-03,1.20e+01,
6510,-8.00e-03,1.20e+01,
6511,-8.00e-03,1.20e+01,
6512,-8.00e-03,1.20e+01,
6513,-8.00e-03,1.12e+01,
6514,-1.60e-02,1.12e+01,
6515,-8.00e-03,1.12e+01,
6516,-1.60e-02,1.12e+01,
6517,-8.00e-03,1.12e+01,
6518,-8.00e-03,1.12e+01,
6519,-8.00e-03,1.12e+01,
6520,-1.60e-02,1.12e+01,
6521,-8.00e-03,1.04e+01,
6522,-1.60e-02,1.04e+01,
6523,-8.00e-03,1.04e+01,
6524,-1.60e-02,1.04e+01,
6525,-8.00e-03,1.04e+01,
6526,-1.60e-02,1.04e+01,
6527,-8.00e-03,1.04e+01,
6528,-1.60e-02,1.04e+01,
6529,-8.00e-03,1.04e+01,
6530,-8.00e-03,9.60e+00,
6531,-8.00e-03,1.04e+01,
6532,-1.60e-02,1.04e+01,
6533,-8.00e-03,9.60e+00,
6534,-8.00e-03,9.60e+00,
6535,-8.00e-03,9.60e+00,
6536,-8.00e-03,9.60e+00,
6537,-8.00e-03,9.60e+00,
6538,-8.00e-03,9.60e+00,
6539,-8.00e-03,9.60e+00,
6540,-1.60e-02,9.60e+00,
6541,-8.00e-03,9.60e+00,
6542,-8.00e-03,8.80e+00,
6543,-8.00e-03,9.60e+00,
6544,-8.00e-03,9.60e+00,
6545,-8.00e-03,8.80e+00,
6546,-1.60e-02,8.80e+00,
6547,-8.00e-03,8.80e+00,
6548,-8.00e-03,8.80e+00,
6549,-8.00e-03,8.80e+00,
6550,-8.00e-03,8.80e+00,
6551,-8.00e-03,8.80e+00,
6552,-8.00e-03,8.80e+00,
6553,-8.00e-03,8.80e+00,
6554,-8.00e-03,8.80e+00,
6555,-8.00e-03,8.80e+00,
6556,-1.60e-02,8.80e+00,
6557,-8.00e-03,8.80e+00,
6558,-8.00e-03,8.00e+00,
6559,-8.00e-03,8.80e+00,
6560,-8.00e-03,8.80e+00,
6561,-8.00e-03,8.00e+00,
6562,-8.00e-03,8.00e+00,
6563,-8.00e-03,8.00e+00,
6564,-8.00e-03,8.80e+00,
6565,-8.00e-03,8.00e+00,
6566,-8.00e-03,8.00e+00,
6567,-8.00e-03,8.00e+00,
6568,-8.00e-03,8.00e+00,
6569,-8.00e-03,8.00e+00,
6570,-8.00e-03,8.00e+00,
6571,-8.00e-03,8.00e+00,
6572,-8.00e-03,8.00e+00,
6573,-8.00e-03,8.00e+00,
6574,-8.00e-03,8.00e+00,
6575,-8.00e-03,8.00e+00,
6576,-8.00e-03,8.00e+00,
6577,-8.00e-03,8.00e+00,
6578,-8.00e-03,7.20e+00,
6579,-8.00e-03,8.00e+00,
6580,-8.00e-03,8.00e+00,
6581,-8.00e-03,7.20e+00,
6582,-8.00e-03,7.20e+00,
6583,-8.00e-03,8.00e+00,
6584,-8.00e-03,8.00e+00,
6585,-8.00e-03,7.20e+00,
6586,-8.00e-03,7.20e+00,
6587,-8.00e-03,8.00e+00,
6588,-8.00e-03,8.00e+00,
6589,-8.00e-03,7.20e+00,
6590,-8.00e-03,7.20e+00,
6591,-8.00e-03,8.00e+00,
6592,-8.00e-03,8.00e+00,
6593,-8.00e-03,7.20e+00,
6594,-8.00e-03,7.20e+00,
6595,-8.00e-03,8.00e+00,
6596,-8.00e-03,8.00e+00,
6597,-8.00e-03,7.20e+00,
6598,-8.00e-03,7.20e+00,
6599,-8.00e-03,7.20e+00,
6600,-8.00e-03,8.00e+00,
6601,-8.00e-03,7.20e+00,
6602,-8.00e-03,7.20e+00,
6603,-8.00e-03,7.20e+00,
6604,-8.00e-03,8.00e+00,
6605,-8.00e-03,7.20e+00,
6606,-8.00e-03,7.20e+00,
6607,-8.00e-03,7.20e+00,
6608,-8.00e-03,7.20e+00,
6609,-8.00e-03,7.20e+00,
6610,-8.00e-03,7.20e+00,
6611,-8.00e-03,7.20e+00,
6612,-8.00e-03,8.00e+00,
6613,-8.00e-03,7.20e+00,
6614,-8.00e-03,7.20e+00,
6615,-8.00e-03,8.00e+00,
6616,-8.00e-03,8.00e+00,
6617,-8.00e-03,7.20e+00,
6618,-8.00e-03,7.20e+00,
6619,-8.00e-03,7.20e+00,
6620,-8.00e-03,8.00e+00,
6621,-8.00e-03,7.20e+00,
6622,-8.00e-03,7.20e+00,
6623,-8.00e-03,8.00e+00,
6624,-8.00e-03,8.00e+00,
6625,-8.00e-03,7.20e+00,
6626,-8.00e-03,7.20e+00,
6627,-8.00e-03,8.00e+00,
6628,-8.00e-03,8.00e+00,
6629,-8.00e-03,7.20e+00,
6630,-8.00e-03,7.20e+00,
6631,-8.00e-03,8.00e+00,
6632,-8.00e-03,8.00e+00,
6633,-8.00e-03,8.00e+00,
6634,-8.00e-03,7.20e+00,
6635,-8.00e-03,8.00e+00,
6636,-8.00e-03,8.00e+00,
6637,-8.00e-03,8.00e+00,
6638,-8.00e-03,8.00e+00,
6639,-8.00e-03,8.00e+00,
6640,-8.00e-03,8.00e+00,
6641,-8.00e-03,8.00e+00,
6642,-8.00e-03,8.00e+00,
6643,-8.00e-03,8.00e+00,
6644,-8.00e-03,8.00e+00,
6645,-8.00e-03,8.00e+00,
6646,-8.00e-03,8.00e+00,
6647,-8.00e-03,8.00e+00,
6648,-8.00e-03,8.00e+00,
6649,-8.00e-03,8.00e+00,
6650,-8.00e-03,8.00e+00,
6651,-8.00e-03,8.80e+00,
6652,-8.00e-03,8.80e+00,
6653,-8.00e-03,8.00e+00,
6654,-8.00e-03,8.00e+00,
6655,-8.00e-03,8.80e+00,
6656,-8.00e-03,8.80e+00,
6657,-8.00e-03,8.80e+00,
6658,-8.00e-03,8.80e+00,
6659,-8.00e-03,8.80e+00,
6660,-8.00e-03,8.80e+00,
6661,-8.00e-03,8.80e+00,
6662,-8.00e-03,8.80e+00,
6663,-8.00e-03,8.80e+00,
6664,-8.00e-03,8.80e+00,
6665,-8.00e-03,8.80e+00,
6666,-8.00e-03,9.60e+00,
6667,-8.00e-03,8.80e+00,
6668,-8.00e-03,9.60e+00,
6669,-8.00e-03,9.60e+00,
6670,-8.00e-03,8.80e+00,
6671,-8.00e-03,9.60e+00,
6672,-8.00e-03,9.60e+00,
6673,-8.00e-03,9.60e+00,
6674,-8.00e-03,9.60e+00,
6675,-8.00e-03,9.60e+00,
6676,-8.00e-03,9.60e+00,
6677,-8.00e-03,9.60e+00,
6678,-8.00e-03,9.60e+00,
6679,-8.00e-03,1.04e+01,
6680,-8.00e-03,1.04e+01,
6681,0.00e+00,9.60e+00,
6682,-8.00e-03,9.60e+00,
6683,-8.00e-03,1.04e+01,
6684,-8.00e-03,1.04e+01,
6685,-8.00e-03,1.04e+01,
6686,-8.00e-03,1.04e+01,
6687,-8.00e-03,1.04e+01,
6688,-8.00e-03,1.04e+01,
6689,-8.00e-03,1.04e+01,
6690,-8.00e-03,1.04e+01,
6691,-8.00e-03,1.12e+01,
6692,-8.00e-03,1.12e+01,
6693,-8.00e-03,1.04e+01,
6694,-8.00e-03,1.04e+01,
6695,-8.00e-03,1.12e+01,
6696,-8.00e-03,1.12e+01,
6697,-8.00e-03,1.12e+01,
6698,-8.00e-03,1.12e+01,
6699,-8.00e-03,1.12e+01,
6700,-8.00e-03,1.20e+01,
6701,-8.00e-03,1.12e+01,
6702,-8.00e-03,1.12e+01,
6703,-8.00e-03,1.20e+01,
6704,-8.00e-03,1.20e+01,
6705,-8.00e-03,1.20e+01,
6706,-8.00e-03,1.20e+01,
6707,-8.00e-03,1.20e+01,
6708,-8.00e-03,1.28e+01,
6709,-8.00e-03,1.20e+01,
6710,-8.00e-03,1.20e+01,
6711,-8.00e-03,1.28e+01,
6712,-8.00e-03,1.28e+01,
6713,-8.00e-03,1.28e+01,
6714,-8.00e-03,1.28e+01,
6715,-8.00e-03,1.28e+01,
6716,-8.00e-03,1.28e+01,
6717,-8.00e-03,1.28e+01,
6718,-8.00e-03,1.28e+01,
6719,-8.00e-03,1.36e+01,
6720,-8.00e-03,1.36e+01,
6721,-8.00e-03,1.36e+01,
6722,-8.00e-03,1.36e+01,
6723,-8.00e-03,1.36e+01,
6724,-8.00e-03,1.36e+01,
6725,-8.00e-03,1.36e+01,
6726,-8.00e-03,1.36e+01,
6727,-8.00e-03,1.44e+01,
6728,-8.00e-03,1.44e+01,
6729,-8.00e-03,1.44e+01,
6730,-8.00e-03,1.44e+01,
6731,-8.00e-03,1.44e+01,
6732,-8.00e-03,1.52e+01,
6733,-8.00e-03,1.44e+01,
6734,-8.00e-03,1.44e+01,
6735,-8.00e-03,1.52e+01,
6736,-8.00e-03,1.52e+01,
6737,-8.00e-03,1.52e+01,
6738,-8.00e-03,1.52e+01,
6739,0.00e+00,1.52e+01,
6740,-8.00e-03,1.60e+01,
6741,-8.00e-03,1.60e+01,
6742,-8.00e-03,1.60e+01,
6743,-8.00e-03,1.60e+01,
6744,-8.00e-03,1.60e+01,
6745,-8.00e-03,1.60e+01,
6746,-8.00e-03,1.60e+01,
6747,-8.00e-03,1.68e+01,
6748,-8.00e-03,1.68e+01,
6749,-8.00e-03,1.68e+01,
6750,-8.00e-03,1.68e+01,
6751,-8.00e-03,1.68e+01,
6752,-8.00e-03,1.68e+01,
6753,-8.00e-03,1.68e+01,
6754,-8.00e-03,1.68e+01,
6755,-8.00e-03,1.84e+01,
6756,-8.00e-03,1.84e+01,
6757,-8.00e-03,1.84e+01,
6758,-8.00e-03,1.84e+01,
6759,-8.00e-03,1.84e+01,
6760,-8.00e-03,1.92e+01,
6761,-8.00e-03,1.92e+01,
6762,-8.00e-03,1.92e+01,
6763,-8.00e-03,1.92e+01,
6764,-8.00e-03,1.92e+01,
6765,-8.00e-03,1.92e+01,
6766,-8.00e-03,1.92e+01,
6767,-8.00e-03,2.00e+01,
6768,-8.00e-03,2.00e+01,
6769,-8.00e-03,2.00e+01,
6770,-8.00e-03,2.00e+01,
6771,-8.00e-03,2.00e+01,
6772,-8.00e-03,2.08e+01,
6773,-8.00e-03,2.00e+01,
6774,-8.00e-03,2.00e+01,
6775,-8.00e-03,2.08e+01,
6776,-8.00e-03,2.08e+01,
6777,-8.00e-03,2.08e+01,
6778,-8.00e-03,2.08e+01,
6779,-8.00e-03,2.16e+01,
6780,-8.00e-03,2.16e+01,
6781,-8.00e-03,2.16e+01,
6782,-8.00e-03,2.16e+01,
6783,-8.00e-03,2.16e+01,
6784,-8.00e-03,2.16e+01,
6785,-8.00e-03,2.16e+01,
6786,-8.00e-03,2.16e+01,
6787,-8.00e-03,2.24e+01,
6788,-8.00e-03,2.24e+01,
6789,-8.00e-03,2.24e+01,
6790,-8.00e-03,2.24e+01,
6791,-8.00e-03,2.24e+01,
6792,-8.00e-03,2.32e+01,
6793,-8.00e-03,2.24e+01,
6794,-8.00e-03,2.32e+01,
6795,-8.00e-03,2.32e+01,
6796,-8.00e-03,2.32e+01,
6797,-8.00e-03,2.32e+01,
6798,-8.00e-03,2.32e+01,
6799,-8.00e-03,2.40e+01,
6800,-8.00e-03,2.40e+01,
6801,-8.00e-03,2.40e+01,
6802,-8.00e-03,2.40e+01,
6803,-8.00e-03,2.40e+01,
6804,-8.00e-03,2.40e+01,
6805,-8.00e-03,2.40e+01,
6806,-8.00e-03,2.40e+01,
6807,-8.00e-03,2.48e+01,
6808,-8.00e-03,2.48e+01,
6809,-8.00e-03,2.48e+01,
6810,-8.00e-03,2.48e+01,
6811,-8.00e-03,2.48e+01,
6812,-8.00e-03,2.48e+01,
6813,-8.00e-03,2.48e+01,
6814,-8.00e-03,2.48e+01,
6815,-8.00e-03,2.56e+01,
6816,-8.00e-03,2.56e+01,
6817,-8.00e-03,2.56e+01,
6818,-8.00e-03,2.56e+01,
6819,-8.00e-03,2.56e+01,
6820,-8.00e-03,2.64e+01,
6821,-8.00e-03,2.56e+01,
6822,-8.00e-03,2.56e+01,
6823,-8.00e-03,2.64e+01,
6824,-8.00e-03,2.64e+01,
6825,-8.00e-03,2.64e+01,
6826,-8.00e-03,2.64e+01,
6827,-8.00e-03,2.64e+01,
6828,-8.00e-03,2.64e+01,
6829,-8.00e-03,2.64e+01,
6830,-8.00e-03,2.64e+01,
6831,-8.00e-03,2.72e+01,
6832,-8.00e-03,2.72e+01,
6833,-8.00e-03,2.72e+01,
6834,-8.00e-03,2.72e+01,
6835,-8.00e-03,2.72e+01,
6836,-8.00e-03,2.72e+01,
6837,-8.00e-03,2.72e+01,
6838,-8.00e-03,2.72e+01,
6839,-8.00e-03,2.80e+01,
6840,-8.00e-03,2.80e+01,
6841,-8.00e-03,2.80e+01,
6842,-8.00e-03,2.80e+01,
6843,-8.00e-03,2.80e+01,
6844,-8.00e-03,2.80e+01,
6845,-8.00e-03,2.80e+01,
6846,-8.00e-03,2.80e+01,
6847,-8.00e-03,2.80e+01,
6848,-8.00e-03,2.80e+01,
6849,-8.00e-03,2.80e+01,
6850,-8.00e-03,2.80e+01,
6851,-8.00e-03,2.88e+01,
6852,-1.60e-02,2.88e+01,
6853,-8.00e-03,2.88e+01,
6854,-8.00e-03,2.88e+01,
6855,-8.00e-03,2.88e+01,
6856,-8.00e-03,2.88e+01,
6857,-8.00e-03,2.88e+01,
6858,-8.00e-03,2.88e+01,
6859,-8.00e-03,2.88e+01,
6860,-8.00e-03,2.88e+01,
6861,-8.00e-03,2.88e+01,
6862,-8.00e-03,2.88e+01,
6863,-8.00e-03,2.88e+01,
6864,-8.00e-03,2.88e+01,
6865,-8.00e-03,2.88e+01,
6866,-8.00e-03,2.96e+01,
6867,-8.00e-03,2.88e+01,
6868,-8.00e-03,2.96e+01,
6869,-8.00e-03,2.96e+01,
6870,-8.00e-03,2.88e+01,
6871,-8.00e-03,2.96e+01,
6872,-1.60e-02,2.96e+01,
6873,-8.00e-03,2.96e+01,
6874,-8.00e-03,2.96e+01,
6875,-8.00e-03,2.96e+01,
6876,-1.60e-02,2.96e+01,
6877,-8.00e-03,2.96e+01,
6878,-8.00e-03,2.96e+01,
6879,-8.00e-03,2.96e+01,
6880,-8.00e-03,2.96e+01,
6881,8.00e-03,2.96e+01,
6882,8.00e-03,2.96e+01,
6883,1.60e-02,2.96e+01,
6884,3.20e-02,2.96e+01,
6885,4.80e-02,2.96e+01,
6886,4.00e-02,2.96e+01,
6887,3.20e-02,2.96e+01,
6888,2.40e-02,2.96e+01,
6889,2.40e-02,2.96e+01,
6890,8.00e-03,2.96e+01,
6891,8.00e-03,2.96e+01,
6892,8.00e-03,2.96e+01,
6893,1.60e-02,2.96e+01,
6894,2.40e-02,2.96e+01,
6895,2.40e-02,2.96e+01,
6896,3.20e-02,2.96e+01,
6897,3.20e-02,2.96e+01,
6898,2.40e-02,2.96e+01,
6899,2.40e-02,2.96e+01,
6900,1.60e-02,2.96e+01,
6901,2.40e-02,2.96e+01,
6902,2.40e-02,2.96e+01,
6903,2.40e-02,2.96e+01,
6904,2.40e-02,2.96e+01,
6905,2.40e-02,2.96e+01,
6906,1.60e-02,2.96e+01,
6907,1.60e-02,2.96e+01,
6908,4.80e-02,2.96e+01,
6909,1.60e-01,2.80e+01,
6910,3.68e-01,2.64e+01,
6911,6.32e-01,2.40e+01,
6912,8.08e-01,2.08e+01,
6913,8.48e-01,1.68e+01,
6914,6.72e-01,1.36e+01,
6915,3.84e-01,1.04e+01,
6916,-8.00e-03,7.20e+00,
6917,-4.08e-01,4.00e+00,
6918,-7.20e-01,8.00e-01,
6919,-9.52e-01,-1.06e-04,
6920,-1.01e+00,-8.00e-01,
6921,-9.12e-01,-8.00e-01,
6922,-6.48e-01,-1.06e-04,
6923,-2.80e-01,1.60e+00,
6924,1.04e-01,2.40e+00,
6925,4.40e-01,4.00e+00,
6926,6.40e-01,4.00e+00,
6927,7.04e-01,4.00e+00,
6928,6.24e-01,4.00e+00,
6929,4.56e-01,1.60e+00,
6930,2.24e-01,8.00e-01,
6931,0.00e+00,-1.06e-04,
6932,-1.84e-01,-8.00e-01,
6933,-3.12e-01,-1.60e+00,
6934,-3.60e-01,-2.40e+00,
6935,-3.60e-01,-1.60e+00,
6936,-3.04e-01,-1.60e+00,
6937,-2.16e-01,-1.60e+00,
6938,-1.04e-01,-1.60e+00,
6939,0.00e+00,-8.00e-01,
6940,8.80e-02,-1.06e-04,
6941,1.44e-01,-8.00e-01,
6942,1.68e-01,-1.06e-04,
6943,1.84e-01,-1.06e-04,
6944,1.76e-01,-1.06e-04,
6945,1.68e-01,-8.00e-01,
6946,1.28e-01,-8.00e-01,
6947,9.60e-02,-8.00e-01,
6948,4.00e-02,-8.00e-01,
6949,-8.00e-03,-1.60e+00,
6950,-7.20e-02,-1.60e+00,
6951,-1.28e-01,-1.60e+00,
6952,-1.76e-01,-1.60e+00,
6953,-1.92e-01,-1.60e+00,
6954,-1.84e-01,-1.60e+00,
6955,-1.36e-01,-8.00e-01,
6956,-8.80e-02,-8.00e-01,
6957,-8.00e-03,-8.00e-01,
6958,8.00e-02,-8.00e-01,
6959,1.68e-01,-1.06e-04,
6960,2.24e-01,-1.06e-04,
6961,2.64e-01,-1.06e-04,
6962,2.48e-01,-1.06e-04,
6963,2.00e-01,-1.06e-04,
6964,1.04e-01,-8.00e-01,
6965,-1.60e-02,-1.60e+00,
6966,-1.28e-01,-2.40e+00,
6967,-2.32e-01,-1.60e+00,
6968,-2.80e-01,-1.60e+00,
6969,-2.88e-01,-2.40e+00,
6970,-2.40e-01,-1.60e+00,
6971,-1.52e-01,-8.00e-01,
6972,-3.20e-02,-1.06e-04,
6973,1.12e-01,-8.00e-01,
6974,2.24e-01,-1.06e-04,
6975,3.04e-01,8.00e-01,
6976,3.28e-01,8.00e-01,
6977,3.04e-01,-1.06e-04,
6978,2.00e-01,-8.00e-01,
6979,8.80e-02,-8.00e-01,
6980,-5.60e-02,-8.00e-01,
6981,-1.84e-01,-2.40e+00,
6982,-2.72e-01,-2.40e+00,
6983,-3.12e-01,-1.60e+00,
6984,-2.88e-01,-1.60e+00,
6985,-2.16e-01,-1.60e+00,
6986,-9.60e-02,-1.60e+00,
6987,3.20e-02,-1.06e-04,
6988,1.60e-01,-1.06e-04,
6989,2.64e-01,-1.06e-04,
6990,3.12e-01,-1.06e-04,
6991,3.04e-01,-1.06e-04,
6992,2.32e-01,-1.06e-04,
6993,1.44e-01,-8.00e-01,
6994,8.00e-03,-1.60e+00,
6995,-1.04e-01,-1.60e+00,
6996,-2.08e-01,-1.60e+00,
6997,-2.64e-01,-2.40e+00,
6998,-2.64e-01,-2.40e+00,
6999,-2.16e-01,-1.60e+00,
7000,-1.28e-01,-8.00e-01,
7001,-1.60e-02,-8.00e-01,
7002,8.80e-02,-8.00e-01,
7003,1.76e-01,-1.06e-04,
7004,2.24e-01,-1.06e-04,
7005,2.48e-01,-1.06e-04,
7006,2.08e-01,-8.00e-01,
7007,1.44e-01,-1.06e-04,
7008,4.80e-02,-8.00e-01,
7009,-3.20e-02,-1.60e+00,
7010,-1.12e-01,-1.60e+00,
7011,-1.68e-01,-1.60e+00,
7012,-1.84e-01,-1.60e+00,
7013,-1.68e-01,-1.60e+00,
7014,-1.12e-01,-1.60e+00,
7015,-4.80e-02,-8.00e-01,
7016,2.40e-02,-8.00e-01,
7017,9.60e-02,-8.00e-01,
7018,1.36e-01,-8.00e-01,
7019,1.60e-01,-1.06e-04,
7020,1.44e-01,-1.06e-04,
7021,1.20e-01,-8.00e-01,
7022,6.40e-02,-8.00e-01,
7023,1.60e-02,-8.00e-01,
7024,-3.20e-02,-8.00e-01,
7025,-7.20e-02,-1.60e+00,
7026,-8.80e-02,-1.60e+00,
7027,-8.80e-02,-8.00e-01,
7028,-7.20e-02,-8.00e-01,
7029,-4.00e-02,-8.00e-01,
7030,-1.60e-02,-8.00e-01,
7031,2.40e-02,-8.00e-01,
7032,4.80e-02,-1.06e-04,
7033,6.40e-02,-8.00e-01,
7034,6.40e-02,-8.00e-01,
7035,6.40e-02,-8.00e-01,
7036,4.80e-02,-8.00e-01,
7037,4.00e-02,-8.00e-01,
7038,1.60e-02,-8.00e-01,
7039,0.00e+00,-8.00e-01,
7040,-1.60e-02,-8.00e-01,
7041,-1.60e-02,-1.60e+00,
7042,-2.40e-02,-1.60e+00,
7043,-2.40e-02,-8.00e-01,
7044,-2.40e-02,-8.00e-01,
7045,-1.60e-02,-8.00e-01,
7046,-8.00e-03,-1.60e+00,
7047,0.00e+00,-8.00e-01,
7048,8.00e-03,-8.00e-01,
7049,1.60e-02,-8.00e-01,
7050,2.40e-02,-8.00e-01,
7051,4.00e-02,-8.00e-01,
7052,4.00e-02,-1.06e-04,
7053,4.80e-02,-8.00e-01,
7054,4.00e-02,-8.00e-01,
7055,3.20e-02,-8.00e-01,
7056,1.60e-02,-8.00e-01,
7057,8.00e-03,-1.60e+00,
7058,-1.60e-02,-8.00e-01,
7059,-2.40e-02,-8.00e-01,
7060,-4.00e-02,-8.00e-01,
7061,-3.20e-02,-1.60e+00,
7062,-3.20e-02,-1.60e+00,
7063,-1.60e-02,-8.00e-01,
7064,0.00e+00,-8.00e-01,
7065,3.20e-02,-1.60e+00,
7066,4.80e-02,-1.06e-04,
7067,6.40e-02,-1.60e+00,
7068,6.40e-02,-1.06e-04,
7069,6.40e-02,-8.00e-01,
7070,4.80e-02,-1.60e+00,
7071,2.40e-02,-8.00e-01,
7072,0.00e+00,-8.00e-01,
7073,-2.40e-02,-1.60e+00,
7074,-4.00e-02,-1.60e+00,
7075,-4.80e-02,-8.00e-01,
7076,-4.80e-02,-8.00e-01,
7077,-3.20e-02,-1.60e+00,
7078,-1.60e-02,-8.00e-01,
7079,8.00e-03,-8.00e-01,
7080,3.20e-02,-8.00e-01,
7081,6.40e-02,-8.00e-01,
7082,8.00e-02,-8.00e-01,
7083,8.00e-02,-8.00e-01,
7084,5.60e-02,-8.00e-01,
7085,4.00e-02,-8.00e-01,
7086,1.60e-02,-1.60e+00,
7087,-8.00e-03,-8.00e-01,
7088,-3.20e-02,-8.00e-01,
7089,-4.00e-02,-1.60e+00,
7090,-4.80e-02,-1.60e+00,
7091,-4.00e-02,-8.00e-01,
7092,-2.40e-02,-8.00e-01,
7093,0.00e+00,-8.00e-01,
7094,2.40e-02,-8.00e-01,
7095,4.80e-02,-1.06e-04,
7096,5.60e-02,-8.00e-01,
7097,6.40e-02,-8.00e-01,
7098,5.60e-02,-8.00e-01,
7099,4.80e-02,-8.00e-01,
7100,2.40e-02,-8.00e-01,
7101,8.00e-03,-8.00e-01,
7102,-1.60e-02,-1.60e+00,
7103,-3.20e-02,-8.00e-01,
7104,-3.20e-02,-8.00e-01,
7105,-2.40e-02,-8.00e-01,
7106,-1.60e-02,-1.60e+00,
7107,0.00e+00,-8.00e-01,
7108,1.60e-02,-8.00e-01,
7109,3.20e-02,-8.00e-01,
7110,4.00e-02,-8.00e-01,
7111,4.80e-02,-8.00e-01,
7112,4.80e-02,-8.00e-01,
7113,4.00e-02,-8.00e-01,
7114,2.40e-02,-8.00e-01,
7115,1.60e-02,-8.00e-01,
7116,0.00e+00,-8.00e-01,
7117,-8.00e-03,-1.60e+00,
7118,-1.60e-02,-1.60e+00,
7119,-1.60e-02,-8.00e-01,
7120,-8.00e-03,-8.00e-01,
7121,0.00e+00,-8.00e-01,
7122,8.00e-03,-8.00e-01,
7123,1.60e-02,-8.00e-01,
7124,2.40e-02,-8.00e-01,
7125,3.20e-02,-8.00e-01,
7126,3.20e-02,-8.00e-01,
7127,3.20e-02,-8.00e-01,
7128,2.40e-02,-8.00e-01,
7129,2.40e-02,-8.00e-01,
7130,8.00e-03,-8.00e-01,
7131,8.00e-03,-8.00e-01,
7132,0.00e+00,-8.00e-01,
7133,8.00e-03,-8.00e-01,
7134,0.00e+00,-8.00e-01,
7135,8.00e-03,-8.00e-01,
7136,8.00e-03,-8.00e-01,
7137,1.60e-02,-8.00e-01,
7138,1.60e-02,-8.00e-01,
7139,1.60e-02,-8.00e-01,
7140,1.60e-02,-8.00e-01,
7141,2.40e-02,-8.00e-01,
7142,1.60e-02,-8.00e-01,
7143,1.60e-02,-8.00e-01,
7144,1.60e-02,-8.00e-01,
7145,2.40e-02,-8.00e-01,
7146,1.60e-02,-8.00e-01,
7147,1.60e-02,-8.00e-01,
7148,1.60e-02,-8.00e-01,
7149,1.60e-02,-8.00e-01,
7150,8.00e-03,-8.00e-01,
7151,8.00e-03,-8.00e-01,
7152,8.00e-03,-8.00e-01,
7153,1.60e-02,-8.00e-01,
7154,8.00e-03,-8.00e-01,
7155,1.60e-02,-8.00e-01,
7156,1.60e-02,-8.00e-01,
7157,2.40e-02,-8.00e-01,
7158,2.40e-02,-8.00e-01,
7159,2.40e-02,-8.00e-01,
7160,2.40e-02,-8.00e-01,
7161,2.40e-02,-8.00e-01,
7162,2.40e-02,-8.00e-01,
7163,2.40e-02,-8.00e-01,
7164,1.60e-02,-8.00e-01,
7165,8.00e-03,-8.00e-01,
7166,8.00e-03,-1.60e+00,
7167,8.00e-03,-8.00e-01,
7168,8.00e-03,-8.00e-01,
7169,8.00e-03,-8.00e-01,
7170,8.00e-03,-8.00e-01,
7171,1.60e-02,-8.00e-01,
7172,2.40e-02,-8.00e-01,
7173,3.20e-02,-8.00e-01,
7174,2.40e-02,-8.00e-01,
7175,3.20e-02,-8.00e-01,
7176,2.40e-02,-8.00e-01,
7177,3.20e-02,-8.00e-01,
7178,1.60e-02,-8.00e-01,
7179,1.60e-02,-8.00e-01,
7180,8.00e-03,-8.00e-01,
7181,8.00e-03,-8.00e-01,
7182,8.00e-03,-8.00e-01,
7183,8.00e-03,-8.00e-01,
7184,8.00e-03,-8.00e-01,
7185,1.60e-02,-8.00e-01,
7186,1.60e-02,-8.00e-01,
7187,2.40e-02,-8.00e-01,
7188,2.40e-02,-8.00e-01,
7189,3.20e-02,-8.00e-01,
7190,2.40e-02,-8.00e-01,
7191,2.40e-02,-8.00e-01,
7192,2.40e-02,-8.00e-01,
7193,2.40e-02,-8.00e-01,
7194,1.60e-02,-8.00e-01,
7195,8.00e-03,-8.00e-01,
7196,8.00e-03,-8.00e-01,
7197,8.00e-03,-8.00e-01,
7198,8.00e-03,-8.00e-01,
7199,1.60e-02,-8.00e-01,
7200,1.60e-02,-8.00e-01,
7201,2.40e-02,-8.00e-01,
7202,2.40e-02,-8.00e-01,
7203,3.20e-02,-8.00e-01,
7204,2.40e-02,-8.00e-01,
7205,3.20e-02,-8.00e-01,
7206,2.40e-02,-8.00e-01,
7207,2.40e-02,-8.00e-01,
7208,1.60e-02,-8.00e-01,
7209,1.60e-02,-8.00e-01,
7210,8.00e-03,-8.00e-01,
7211,1.60e-02,-8.00e-01,
7212,1.60e-02,-8.00e-01,
7213,1.60e-02,-8.00e-01,
7214,2.40e-02,-8.00e-01,
7215,2.40e-02,-8.00e-01,
7216,2.40e-02,-8.00e-01,
7217,3.20e-02,-8.00e-01,
7218,2.40e-02,-8.00e-01,
7219,2.40e-02,-8.00e-01,
7220,2.40e-02,-8.00e-01,
7221,2.40e-02,-8.00e-01,
7222,2.40e-02,-8.00e-01,
7223,1.60e-02,-8.00e-01,
7224,1.60e-02,-8.00e-01,
7225,2.40e-02,-8.00e-01,
7226,1.60e-02,-8.00e-01,
7227,2.40e-02,-8.00e-01,
7228,1.60e-02,-8.00e-01,
7229,2.40e-02,-8.00e-01,
7230,2.40e-02,-8.00e-01,
7231,2.40e-02,-8.00e-01,
7232,2.40e-02,-8.00e-01,
7233,3.20e-02,-8.00e-01,
7234,2.40e-02,-1.60e+00,
7235,2.40e-02,-8.00e-01,
7236,2.40e-02,-8.00e-01,
7237,2.40e-02,-8.00e-01,
7238,2.40e-02,-8.00e-01,
7239,2.40e-02,-8.00e-01,
7240,2.40e-02,-8.00e-01,
7241,2.40e-02,-8.00e-01,
7242,2.40e-02,-8.00e-01,
7243,2.40e-02,-8.00e-01,
7244,2.40e-02,-8.00e-01,
7245,2.40e-02,-8.00e-01,
7246,2.40e-02,-8.00e-01,
7247,2.40e-02,-8.00e-01,
7248,2.40e-02,-8.00e-01,
7249,2.40e-02,-8.00e-01,
7250,2.40e-02,-8.00e-01,
7251,2.40e-02,-8.00e-01,
7252,2.40e-02,-8.00e-01,
7253,2.40e-02,-8.00e-01,
7254,2.40e-02,-8.00e-01,
7255,2.40e-02,-8.00e-01,
7256,2.40e-02,-8.00e-01,
7257,2.40e-02,-8.00e-01,
7258,2.40e-02,-8.00e-01,
7259,2.40e-02,-8.00e-01,
7260,2.40e-02,-8.00e-01,
7261,2.40e-02,-8.00e-01,
7262,2.40e-02,-8.00e-01,
7263,2.40e-02,-8.00e-01,
7264,2.40e-02,-8.00e-01,
7265,3.20e-02,-8.00e-01,
7266,2.40e-02,-8.00e-01,
7267,3.20e-02,-1.60e+00,
7268,2.40e-02,-1.06e-04,
7269,3.20e-02,-8.00e-01,
7270,2.40e-02,-1.60e+00,
7271,2.40e-02,-1.06e-04,
7272,2.40e-02,-8.00e-01,
7273,2.40e-02,-8.00e-01,
7274,2.40e-02,-8.00e-01,
7275,2.40e-02,-8.00e-01,
7276,2.40e-02,-8.00e-01,
7277,2.40e-02,-8.00e-01,
7278,2.40e-02,-8.00e-01,
7279,3.20e-02,-8.00e-01,
7280,3.20e-02,-8.00e-01,
7281,3.20e-02,-8.00e-01,
7282,2.40e-02,-8.00e-01,
7283,3.20e-02,-8.00e-01,
7284,2.40e-02,-8.00e-01,
7285,3.20e-02,-8.00e-01,
7286,2.40e-02,-8.00e-01,
7287,2.40e-02,-8.00e-01,
7288,2.40e-02,-8.00e-01,
7289,2.40e-02,-8.00e-01,
7290,2.40e-02,-8.00e-01,
7291,2.40e-02,-8.00e-01,
7292,2.40e-02,-8.00e-01,
7293,3.20e-02,-8.00e-01,
7294,3.20e-02,-8.00e-01,
7295,3.20e-02,-8.00e-01,
7296,3.20e-02,-8.00e-01,
7297,3.20e-02,-8.00e-01,
7298,3.20e-02,-8.00e-01,
7299,3.20e-02,-8.00e-01,
7300,2.40e-02,-8.00e-01,
7301,3.20e-02,-8.00e-01,
7302,2.40e-02,-8.00e-01,
7303,2.40e-02,-8.00e-01,
7304,2.40e-02,-8.00e-01,
7305,3.20e-02,-8.00e-01,
7306,2.40e-02,-8.00e-01,
7307,3.20e-02,-8.00e-01,
7308,3.20e-02,-8.00e-01,
7309,3.20e-02,-8.00e-01,
7310,3.20e-02,-8.00e-01,
7311,3.20e-02,-8.00e-01,
7312,3.20e-02,-8.00e-01,
7313,3.20e-02,-8.00e-01,
7314,3.20e-02,-8.00e-01,
7315,3.20e-02,-8.00e-01,
7316,2.40e-02,-8.00e-01,
7317,3.20e-02,-8.00e-01,
7318,3.20e-02,-8.00e-01,
7319,3.20e-02,-8.00e-01,
7320,3.20e-02,-8.00e-01,
7321,3.20e-02,-8.00e-01,
7322,3.20e-02,-8.00e-01,
7323,3.20e-02,-8.00e-01,
7324,3.20e-02,-8.00e-01,
7325,3.20e-02,-8.00e-01,
7326,3.20e-02,-8.00e-01,
7327,3.20e-02,-8.00e-01,
7328,3.20e-02,-8.00e-01,
7329,3.20e-02,-8.00e-01,
7330,3.20e-02,-8.00e-01,
7331,3.20e-02,-8.00e-01,
7332,3.20e-02,-8.00e-01,
7333,3.20e-02,-8.00e-01,
7334,3.20e-02,-8.00e-01,
7335,3.20e-02,-8.00e-01,
7336,3.20e-02,-8.00e-01,
7337,3.20e-02,-8.00e-01,
7338,3.20e-02,-8.00e-01,
7339,3.20e-02,-8.00e-01,
7340,3.20e-02,-8.00e-01,
7341,3.20e-02,-8.00e-01,
7342,3.20e-02,-8.00e-01,
7343,3.20e-02,-8.00e-01,
7344,3.20e-02,-8.00e-01,
7345,3.20e-02,-8.00e-01,
7346,3.20e-02,-8.00e-01,
7347,3.20e-02,-8.00e-01,
7348,3.20e-02,-8.00e-01,
7349,3.20e-02,-8.00e-01,
7350,3.20e-02,-8.00e-01,
7351,3.20e-02,-8.00e-01,
7352,3.20e-02,-8.00e-01,
7353,3.20e-02,-8.00e-01,
7354,3.20e-02,-8.00e-01,
7355,3.20e-02,-8.00e-01,
7356,3.20e-02,-8.00e-01,
7357,4.00e-02,-8.00e-01,
7358,3.20e-02,-8.00e-01,
7359,3.20e-02,-8.00e-01,
7360,3.20e-02,-8.00e-01,
7361,4.00e-02,-8.00e-01,
7362,3.20e-02,-8.00e-01,
7363,3.20e-02,-8.00e-01,
7364,3.20e-02,-8.00e-01,
7365,4.00e-02,-8.00e-01,
7366,3.20e-02,-8.00e-01,
7367,3.20e-02,-8.00e-01,
7368,3.20e-02,-8.00e-01,
7369,4.00e-02,-8.00e-01,
7370,3.20e-02,-8.00e-01,
7371,4.00e-02,-8.00e-01,
7372,3.20e-02,-8.00e-01,
7373,4.00e-02,-8.00e-01,
7374,3.20e-02,-8.00e-01,
7375,3.20e-02,-8.00e-01,
7376,4.00e-02,-8.00e-01,
7377,4.00e-02,-8.00e-01,
7378,4.00e-02,-8.00e-01,
7379,3.20e-02,-8.00e-01,
7380,3.20e-02,-8.00e-01,
7381,4.00e-02,-8.00e-01,
7382,4.00e-02,-8.00e-01,
7383,3.20e-02,-8.00e-01,
7384,4.00e-02,-8.00e-01,
7385,4.00e-02,-8.00e-01,
7386,3.20e-02,-8.00e-01,
7387,4.00e-02,-8.00e-01,
7388,3.20e-02,-8.00e-01,
7389,4.00e-02,-8.00e-01,
7390,4.00e-02,-8.00e-01,
7391,4.00e-02,-8.00e-01,
7392,4.00e-02,-8.00e-01,
7393,4.00e-02,-8.00e-01,
7394,4.00e-02,-8.00e-01,
7395,4.00e-02,-8.00e-01,
7396,3.20e-02,-8.00e-01,
7397,4.00e-02,-8.00e-01,
7398,4.00e-02,-8.00e-01,
7399,4.00e-02,-8.00e-01,
7400,4.00e-02,-8.00e-01,
7401,4.00e-02,-8.00e-01,
7402,4.00e-02,-8.00e-01,
7403,4.00e-02,-8.00e-01,
7404,3.20e-02,-8.00e-01,
7405,4.00e-02,-8.00e-01,
7406,4.00e-02,-8.00e-01,
7407,4.00e-02,-8.00e-01,
7408,4.00e-02,-1.06e-04,
7409,4.00e-02,-8.00e-01,
7410,4.00e-02,-8.00e-01,
7411,4.00e-02,-8.00e-01,
7412,4.00e-02,-8.00e-01,
7413,4.00e-02,-8.00e-01,
7414,4.00e-02,-8.00e-01,
7415,4.00e-02,-8.00e-01,
7416,4.00e-02,-8.00e-01,
7417,4.00e-02,-8.00e-01,
7418,4.00e-02,-8.00e-01,
7419,4.00e-02,-8.00e-01,
7420,4.00e-02,-8.00e-01,
7421,4.00e-02,-8.00e-01,
7422,4.00e-02,-8.00e-01,
7423,4.00e-02,-8.00e-01,
7424,4.00e-02,-8.00e-01,
7425,4.00e-02,-8.00e-01,
7426,4.00e-02,-8.00e-01,
7427,4.00e-02,-8.00e-01,
7428,4.00e-02,-8.00e-01,
7429,4.80e-02,-8.00e-01,
7430,4.00e-02,-8.00e-01,
7431,4.00e-02,-8.00e-01,
7432,4.00e-02,-8.00e-01,
7433,4.00e-02,-8.00e-01,
7434,4.00e-02,-8.00e-01,
7435,4.00e-02,-8.00e-01,
7436,4.00e-02,-8.00e-01,
7437,4.00e-02,-8.00e-01,
7438,4.00e-02,-8.00e-01,
7439,4.00e-02,-8.00e-01,
7440,4.00e-02,-8.00e-01,
7441,4.80e-02,-8.00e-01,
7442,4.00e-02,-8.00e-01,
7443,4.00e-02,-8.00e-01,
7444,4.00e-02,-8.00e-01,
7445,4.80e-02,-8.00e-01,
7446,4.00e-02,-8.00e-01,
7447,4.00e-02,-8.00e-01,
7448,4.00e-02,-1.06e-04,
7449,4.80e-02,-8.00e-01,
7450,4.00e-02,-8.00e-01,
7451,4.00e-02,-8.00e-01,
7452,4.00e-02,-8.00e-01,
7453,4.80e-02,-8.00e-01,
7454,4.00e-02,-8.00e-01,
7455,4.00e-02,-8.00e-01,
7456,4.00e-02,-8.00e-01,
7457,4.80e-02,-8.00e-01,
7458,4.00e-02,-8.00e-01,
7459,4.80e-02,-8.00e-01,
7460,4.00e-02,-8.00e-01,
7461,4.80e-02,-8.00e-01,
7462,4.00e-02,-8.00e-01,
7463,4.80e-02,-8.00e-01,
7464,4.00e-02,-8.00e-01,
7465,4.80e-02,-8.00e-01,
7466,4.00e-02,-1.06e-04,
7467,4.80e-02,-1.60e+00,
7468,4.00e-02,-1.06e-04,
7469,4.80e-02,-8.00e-01,
7470,4.80e-02,-1.60e+00,
7471,4.80e-02,-1.06e-04,
7472,4.00e-02,-8.00e-01,
7473,4.80e-02,-8.00e-01,
7474,4.80e-02,-8.00e-01,
7475,4.80e-02,-8.00e-01,
7476,4.00e-02,-8.00e-01,
7477,4.80e-02,-8.00e-01,
7478,4.80e-02,-8.00e-01,
7479,4.80e-02,-8.00e-01,
7480,4.00e-02,-8.00e-01,
7481,4.80e-02,-8.00e-01,
7482,4.00e-02,-8.00e-01,
7483,4.80e-02,-8.00e-01,
7484,4.80e-02,-8.00e-01,
7485,4.80e-02,-8.00e-01,
7486,4.80e-02,-8.00e-01,
7487,4.80e-02,-8.00e-01,
7488,4.80e-02,-8.00e-01,
7489,4.80e-02,-8.00e-01,
7490,4.80e-02,-8.00e-01,
7491,4.80e-02,-8.00e-01,
7492,4.00e-02,-8.00e-01,
7493,4.80e-02,-8.00e-01,
7494,4.80e-02,-8.00e-01,
7495,4.80e-02,-8.00e-01,
7496,4.80e-02,-8.00e-01,
7497,4.80e-02,-8.00e-01,
7498,4.80e-02,-8.00e-01,
7499,4.80e-02,-8.00e-01,
7500,4.00e-02,-8.00e-01,
7501,4.80e-02,-8.00e-01,
7502,4.80e-02,-8.00e-01,
7503,4.80e-02,-8.00e-01,
7504,4.80e-02,-8.00e-01,
7505,4.80e-02,-8.00e-01,
7506,4.00e-02,-8.00e-01,
7507,4.80e-02,-1.06e-04,
7508,4.80e-02,-8.00e-01,
7509,4.80e-02,-8.00e-01,
7510,4.80e-02,-8.00e-01,
7511,4.80e-02,-8.00e-01,
7512,4.80e-02,-8.00e-01,
7513,4.80e-02,-8.00e-01,
7514,4.80e-02,-8.00e-01,
7515,4.80e-02,-8.00e-01,
7516,4.80e-02,-8.00e-01,
7517,4.80e-02,-8.00e-01,
7518,4.80e-02,-8.00e-01,
7519,4.80e-02,-8.00e-01,
7520,4.80e-02,-8.00e-01,
7521,4.80e-02,-8.00e-01,
7522,4.80e-02,-8.00e-01,
7523,4.80e-02,-8.00e-01,
7524,4.80e-02,-8.00e-01,
7525,5.60e-02,-8.00e-01,
7526,4.80e-02,-8.00e-01,
7527,4.80e-02,-8.00e-01,
7528,4.80e-02,-8.00e-01,
7529,4.80e-02,-8.00e-01,
7530,4.80e-02,-8.00e-01,
7531,4.80e-02,-8.00e-01,
7532,4.80e-02,-8.00e-01,
7533,4.80e-02,-8.00e-01,
7534,4.80e-02,-8.00e-01,
7535,4.80e-02,-8.00e-01,
7536,4.80e-02,-8.00e-01,
7537,4.80e-02,-8.00e-01,
7538,4.80e-02,-8.00e-01,
7539,4.80e-02,-8.00e-01,
7540,4.80e-02,-8.00e-01,
7541,4.80e-02,-8.00e-01,
7542,4.80e-02,-8.00e-01,
7543,4.80e-02,-8.00e-01,
7544,4.80e-02,-8.00e-01,
7545,5.60e-02,-8.00e-01,
7546,4.80e-02,-8.00e-01,
7547,4.80e-02,-8.00e-01,
7548,4.80e-02,-8.00e-01,
7549,5.60e-02,-8.00e-01,
7550,5.60e-02,-8.00e-01,
7551,4.80e-02,-8.00e-01,
7552,4.80e-02,-8.00e-01,
7553,5.60e-02,-8.00e-01,
7554,4.80e-02,-8.00e-01,
7555,5.60e-02,-8.00e-01,
7556,4.80e-02,-8.00e-01,
7557,5.60e-02,-8.00e-01,
7558,4.80e-02,-8.00e-01,
7559,5.60e-02,-8.00e-01,
7560,4.80e-02,-8.00e-01,
7561,5.60e-02,-8.00e-01,
7562,4.80e-02,-8.00e-01,
7563,5.60e-02,-8.00e-01,
7564,4.80e-02,-1.06e-04,
7565,5.60e-02,-8.00e-01,
7566,5.60e-02,-8.00e-01,
7567,5.60e-02,-8.00e-01,
7568,4.80e-02,-8.00e-01,
7569,5.60e-02,-8.00e-01,
7570,4.80e-02,-8.00e-01,
7571,5.60e-02,-8.00e-01,
7572,4.80e-02,-8.00e-01,
7573,5.60e-02,-8.00e-01,
7574,5.60e-02,-8.00e-01,
7575,5.60e-02,-8.00e-01,
7576,4.80e-02,-8.00e-01,
7577,5.60e-02,-8.00e-01,
7578,5.60e-02,-8.00e-01,
7579,5.60e-02,-8.00e-01,
7580,5.60e-02,-1.06e-04,
7581,5.60e-02,-8.00e-01,
7582,5.60e-02,-8.00e-01,
7583,5.60e-02,-8.00e-01,
7584,5.60e-02,-8.00e-01,
7585,5.60e-02,-8.00e-01,
7586,5.60e-02,-8.00e-01,
7587,5.60e-02,-8.00e-01,
7588,5.60e-02,-1.06e-04,
7589,5.60e-02,-8.00e-01,
7590,5.60e-02,-8.00e-01,
7591,5.60e-02,-8.00e-01,
7592,4.80e-02,-8.00e-01,
7593,5.60e-02,-8.00e-01,
7594,5.60e-02,-8.00e-01,
7595,5.60e-02,-8.00e-01,
7596,5.60e-02,-8.00e-01,
7597,5.60e-02,-8.00e-01,
7598,5.60e-02,-8.00e-01,
7599,5.60e-02,-8.00e-01,
7600,5.60e-02,-8.00e-01,
7601,5.60e-02,-8.00e-01,
7602,5.60e-02,-8.00e-01,
7603,5.60e-02,-8.00e-01,
7604,5.60e-02,-8.00e-01,
7605,5.60e-02,-8.00e-01,
7606,5.60e-02,-8.00e-01,
7607,5.60e-02,-8.00e-01,
7608,5.60e-02,-8.00e-01,
7609,5.60e-02,-8.00e-01,
7610,5.60e-02,-8.00e-01,
7611,5.60e-02,-8.00e-01,
7612,5.60e-02,-8.00e-01,
7613,5.60e-02,-8.00e-01,
7614,5.60e-02,-8.00e-01,
7615,5.60e-02,-1.06e-04,
7616,5.60e-02,-8.00e-01,
7617,5.60e-02,-8.00e-01,
7618,5.60e-02,-8.00e-01,
7619,5.60e-02,-8.00e-01,
7620,5.60e-02,-8.00e-01,
7621,5.60e-02,-8.00e-01,
7622,5.60e-02,-8.00e-01,
7623,5.60e-02,-1.06e-04,
7624,5.60e-02,-8.00e-01,
7625,6.40e-02,-8.00e-01,
7626,5.60e-02,-8.00e-01,
7627,5.60e-02,-8.00e-01,
7628,5.60e-02,-1.06e-04,
7629,5.60e-02,-8.00e-01,
7630,5.60e-02,-8.00e-01,
7631,5.60e-02,-8.00e-01,
7632,5.60e-02,-8.00e-01,
7633,5.60e-02,-8.00e-01,
7634,5.60e-02,-8.00e-01,
7635,5.60e-02,-8.00e-01,
7636,5.60e-02,-8.00e-01,
7637,6.40e-02,-8.00e-01,
7638,5.60e-02,-8.00e-01,
7639,5.60e-02,-8.00e-01,
7640,5.60e-02,-1.06e-04,
7641,6.40e-02,-8.00e-01,
7642,5.60e-02,-8.00e-01,
7643,6.40e-02,-8.00e-01,
7644,5.60e-02,-8.00e-01,
7645,6.40e-02,-8.00e-01,
7646,5.60e-02,-8.00e-01,
7647,6.40e-02,-8.00e-01,
7648,5.60e-02,-8.00e-01,
7649,6.40e-02,-8.00e-01,
7650,5.60e-02,-8.00e-01,
7651,6.40e-02,-8.00e-01,
7652,5.60e-02,-1.06e-04,
7653,6.40e-02,-8.00e-01,
7654,6.40e-02,-8.00e-01,
7655,6.40e-02,-8.00e-01,
7656,5.60e-02,-8.00e-01,
7657,6.40e-02,-8.00e-01,
7658,5.60e-02,-8.00e-01,
7659,6.40e-02,-8.00e-01,
7660,5.60e-02,-1.06e-04,
7661,6.40e-02,-8.00e-01,
7662,6.40e-02,-8.00e-01,
7663,6.40e-02,-1.06e-04,
7664,5.60e-02,-8.00e-01,
7665,6.40e-02,-8.00e-01,
7666,6.40e-02,-1.06e-04,
7667,6.40e-02,-8.00e-01,
7668,5.60e-02,-1.06e-04,
7669,6.40e-02,-8.00e-01,
7670,6.40e-02,-1.60e+00,
7671,6.40e-02,-1.06e-04,
7672,6.40e-02,-8.00e-01,
7673,6.40e-02,-8.00e-01,
7674,6.40e-02,-8.00e-01,
7675,6.40e-02,-8.00e-01,
7676,6.40e-02,-1.06e-04,
7677,6.40e-02,-8.00e-01,
7678,6.40e-02,-8.00e-01,
7679,6.40e-02,-8.00e-01,
7680,6.40e-02,-1.06e-04,
7681,6.40e-02,-8.00e-01,
7682,6.40e-02,-8.00e-01,
7683,6.40e-02,-8.00e-01,
7684,6.40e-02,-8.00e-01,
7685,6.40e-02,-8.00e-01,
7686,6.40e-02,-1.60e+00,
7687,6.40e-02,-8.00e-01,
7688,6.40e-02,-1.06e-04,
7689,6.40e-02,-8.00e-01,
7690,6.40e-02,-8.00e-01,
7691,6.40e-02,-8.00e-01,
7692,6.40e-02,-1.06e-04,
7693,6.40e-02,-8.00e-01,
7694,6.40e-02,-8.00e-01,
7695,6.40e-02,-8.00e-01,
7696,6.40e-02,-1.06e-04,
7697,6.40e-02,-8.00e-01,
7698,6.40e-02,-8.00e-01,
7699,6.40e-02,-8.00e-01,
7700,6.40e-02,-1.06e-04,
7701,6.40e-02,-8.00e-01,
7702,6.40e-02,-8.00e-01,
7703,6.40e-02,-8.00e-01,
7704,6.40e-02,-8.00e-01,
7705,6.40e-02,-8.00e-01,
7706,6.40e-02,-8.00e-01,
7707,6.40e-02,-1.06e-04,
7708,6.40e-02,-8.00e-01,
7709,8.00e-02,-8.00e-01,
7710,6.40e-02,-8.00e-01,
7711,6.40e-02,-8.00e-01,
7712,6.40e-02,-1.06e-04,
7713,6.40e-02,-8.00e-01,
7714,6.40e-02,-8.00e-01,
7715,6.40e-02,-8.00e-01,
7716,6.40e-02,-8.00e-01,
7717,8.00e-02,-8.00e-01,
7718,6.40e-02,-8.00e-01,
7719,6.40e-02,-8.00e-01,
7720,6.40e-02,-1.06e-04,
7721,8.00e-02,-8.00e-01,
7722,6.40e-02,-8.00e-01,
7723,6.40e-02,-8.00e-01,
7724,6.40e-02,-1.06e-04,
7725,8.00e-02,-8.00e-01,
7726,6.40e-02,-8.00e-01,
7727,8.00e-02,-8.00e-01,
7728,6.40e-02,-8.00e-01,
7729,8.00e-02,-8.00e-01,
7730,6.40e-02,-8.00e-01,
7731,8.00e-02,-8.00e-01,
7732,6.40e-02,-1.06e-04,
7733,8.00e-02,-8.00e-01,
7734,8.00e-02,-8.00e-01,
7735,6.40e-02,-1.06e-04,
7736,6.40e-02,-8.00e-01,
7737,8.00e-02,-8.00e-01,
7738,6.40e-02,-8.00e-01,
7739,8.00e-02,-8.00e-01,
7740,6.40e-02,-1.06e-04,
7741,8.00e-02,-8.00e-01,
7742,8.00e-02,-8.00e-01,
7743,8.00e-02,-8.00e-01,
7744,6.40e-02,-1.06e-04,
7745,8.00e-02,-8.00e-01,
7746,6.40e-02,-8.00e-01,
7747,8.00e-02,-8.00e-01,
7748,6.40e-02,-1.06e-04,
7749,8.00e-02,-8.00e-01,
7750,8.00e-02,-8.00e-01,
7751,8.00e-02,-8.00e-01,
7752,6.40e-02,-8.00e-01,
7753,8.00e-02,-8.00e-01,
7754,8.00e-02,-8.00e-01,
7755,8.00e-02,-1.06e-04,
7756,6.40e-02,-8.00e-01,
7757,8.00e-02,-8.00e-01,
7758,8.00e-02,-8.00e-01,
7759,8.00e-02,-8.00e-01,
7760,8.00e-02,-8.00e-01,
7761,8.00e-02,-8.00e-01,
7762,8.00e-02,-8.00e-01,
7763,8.00e-02,-8.00e-01,
7764,8.00e-02,-8.00e-01,
7765,8.00e-02,-8.00e-01,
7766,8.00e-02,-8.00e-01,
7767,8.00e-02,-1.06e-04,
7768,8.00e-02,-1.06e-04,
7769,8.00e-02,-8.00e-01,
7770,8.00e-02,-8.00e-01,
7771,8.00e-02,-8.00e-01,
7772,8.00e-02,-1.06e-04,
7773,8.00e-02,-8.00e-01,
7774,8.00e-02,-8.00e-01,
7775,8.00e-02,-1.06e-04,
7776,8.00e-02,-8.00e-01,
7777,8.00e-02,-8.00e-01,
7778,8.00e-02,-8.00e-01,
7779,8.00e-02,-8.00e-01,
7780,8.00e-02,-1.06e-04,
7781,8.00e-02,-8.00e-01,
7782,8.00e-02,-8.00e-01,
7783,8.00e-02,-8.00e-01,
7784,8.00e-02,-8.00e-01,
7785,8.00e-02,-8.00e-01,
7786,8.00e-02,-8.00e-01,
7787,8.00e-02,-8.00e-01,
7788,8.00e-02,-1.06e-04,
7789,8.00e-02,-8.00e-01,
7790,8.00e-02,-8.00e-01,
7791,8.00e-02,-8.00e-01,
7792,8.00e-02,-1.06e-04,
7793,8.00e-02,-8.00e-01,
7794,8.00e-02,-8.00e-01,
7795,8.80e-02,-1.06e-04,
7796,8.00e-02,-8.00e-01,
7797,8.80e-02,-8.00e-01,
7798,8.00e-02,-8.00e-01,
7799,8.00e-02,-8.00e-01,
7800,8.00e-02,-1.06e-04,
7801,8.80e-02,-8.00e-01,
7802,8.00e-02,-8.00e-01,
7803,8.80e-02,-8.00e-01,
7804,8.00e-02,-8.00e-01,
7805,8.00e-02,-8.00e-01,
7806,8.00e-02,-8.00e-01,
7807,8.00e-02,-8.00e-01,
7808,8.00e-02,-8.00e-01,
7809,8.80e-02,-8.00e-01,
7810,8.00e-02,-8.00e-01,
7811,8.80e-02,-8.00e-01,
7812,8.00e-02,-1.06e-04,
7813,8.80e-02,-8.00e-01,
7814,8.00e-02,-8.00e-01,
7815,8.00e-02,-8.00e-01,
7816,8.00e-02,-1.06e-04,
7817,8.80e-02,-8.00e-01,
7818,8.00e-02,-8.00e-01,
7819,8.80e-02,-8.00e-01,
7820,8.00e-02,-8.00e-01,
7821,8.80e-02,-8.00e-01,
7822,8.00e-02,-8.00e-01,
7823,8.80e-02,-1.06e-04,
7824,8.00e-02,-8.00e-01,
7825,8.80e-02,-8.00e-01,
7826,8.80e-02,-8.00e-01,
7827,8.80e-02,-8.00e-01,
7828,8.00e-02,-1.06e-04,
7829,8.80e-02,-8.00e-01,
7830,8.80e-02,-8.00e-01,
7831,8.80e-02,-8.00e-01,
7832,8.00e-02,-8.00e-01,
7833,8.80e-02,-8.00e-01,
7834,8.00e-02,-8.00e-01,
7835,8.80e-02,-1.06e-04,
7836,8.80e-02,-1.06e-04,
7837,8.80e-02,-8.00e-01,
7838,8.80e-02,-8.00e-01,
7839,8.80e-02,-8.00e-01,
7840,8.00e-02,-1.06e-04,
7841,8.80e-02,-8.00e-01,
7842,8.80e-02,-8.00e-01,
7843,8.80e-02,-8.00e-01,
7844,8.80e-02,-8.00e-01,
7845,8.80e-02,-8.00e-01,
7846,8.80e-02,-8.00e-01,
7847,8.80e-02,-8.00e-01,
7848,8.80e-02,-1.06e-04,
7849,8.80e-02,-8.00e-01,
7850,8.80e-02,-8.00e-01,
7851,8.80e-02,-8.00e-01,
7852,8.00e-02,-1.06e-04,
7853,8.80e-02,-8.00e-01,
7854,8.80e-02,-8.00e-01,
7855,8.80e-02,-1.06e-04,
7856,8.80e-02,-8.00e-01,
7857,8.80e-02,-8.00e-01,
7858,8.80e-02,-8.00e-01,
7859,8.80e-02,-8.00e-01,
7860,8.80e-02,-1.06e-04,
7861,8.80e-02,-8.00e-01,
7862,8.80e-02,-8.00e-01,
7863,8.80e-02,-1.06e-04,
7864,8.80e-02,-8.00e-01,
7865,8.80e-02,-8.00e-01,
7866,8.80e-02,-1.06e-04,
7867,8.80e-02,-8.00e-01,
7868,8.80e-02,-1.06e-04,
7869,8.80e-02,-8.00e-01,
7870,8.80e-02,-1.60e+00,
7871,8.80e-02,-1.06e-04,
7872,8.80e-02,-8.00e-01,
7873,8.80e-02,-8.00e-01,
7874,8.80e-02,-8.00e-01,
7875,8.80e-02,-8.00e-01,
7876,8.80e-02,-1.06e-04,
7877,8.80e-02,-8.00e-01,
7878,8.80e-02,-8.00e-01,
7879,8.80e-02,-8.00e-01,
7880,8.80e-02,-1.06e-04,
7881,8.80e-02,-8.00e-01,
7882,8.80e-02,-8.00e-01,
7883,8.80e-02,-1.06e-04,
7884,8.80e-02,-8.00e-01,
7885,8.80e-02,-8.00e-01,
7886,8.80e-02,-8.00e-01,
7887,8.80e-02,-8.00e-01,
7888,8.80e-02,-1.06e-04,
7889,8.80e-02,-8.00e-01,
7890,8.80e-02,-8.00e-01,
7891,8.80e-02,-8.00e-01,
7892,8.80e-02,-8.00e-01,
7893,9.60e-02,-8.00e-01,
7894,8.80e-02,-8.00e-01,
7895,8.80e-02,-8.00e-01,
7896,8.80e-02,-8.00e-01,
7897,8.80e-02,-8.00e-01,
7898,8.80e-02,-8.00e-01,
7899,8.80e-02,-8.00e-01,
7900,8.80e-02,-1.06e-04,
7901,9.60e-02,-8.00e-01,
7902,8.80e-02,-8.00e-01,
7903,8.80e-02,-1.06e-04,
7904,8.80e-02,-8.00e-01,
7905,9.60e-02,-8.00e-01,
7906,8.80e-02,-8.00e-01,
7907,8.80e-02,-1.06e-04,
7908,8.80e-02,-8.00e-01,
7909,9.60e-02,-8.00e-01,
7910,8.80e-02,-8.00e-01,
7911,9.60e-02,-8.00e-01,
7912,8.80e-02,-1.06e-04,
7913,9.60e-02,-8.00e-01,
7914,8.80e-02,-8.00e-01,
7915,9.60e-02,-1.06e-04,
7916,8.80e-02,-1.06e-04,
7917,9.60e-02,-8.00e-01,
7918,9.60e-02,-8.00e-01,
7919,9.60e-02,-1.06e-04,
7920,8.80e-02,-1.06e-04,
7921,9.60e-02,-8.00e-01,
7922,8.80e-02,-8.00e-01,
7923,9.60e-02,-8.00e-01,
7924,8.80e-02,-1.06e-04,
7925,9.60e-02,-8.00e-01,
7926,9.60e-02,-8.00e-01,
7927,9.60e-02,-1.06e-04,
7928,8.80e-02,-1.06e-04,
7929,9.60e-02,-8.00e-01,
7930,9.60e-02,-8.00e-01,
7931,9.60e-02,-8.00e-01,
7932,8.80e-02,-1.06e-04,
7933,9.60e-02,-8.00e-01,
7934,9.60e-02,-8.00e-01,
7935,9.60e-02,-1.06e-04,
7936,9.60e-02,-1.06e-04,
7937,9.60e-02,-8.00e-01,
7938,9.60e-02,-8.00e-01,
7939,9.60e-02,-8.00e-01,
7940,9.60e-02,-8.00e-01,
7941,9.60e-02,-8.00e-01,
7942,9.60e-02,-8.00e-01,
7943,9.60e-02,-1.06e-04,
7944,9.60e-02,-1.06e-04,
7945,9.60e-02,-8.00e-01,
7946,9.60e-02,-8.00e-01,
7947,9.60e-02,-8.00e-01,
7948,9.60e-02,-1.06e-04,
7949,9.60e-02,-8.00e-01,
7950,9.60e-02,-8.00e-01,
7951,9.60e-02,-8.00e-01,
7952,9.60e-02,-1.06e-04,
7953,9.60e-02,-8.00e-01,
7954,9.60e-02,-8.00e-01,
7955,9.60e-02,-1.06e-04,
7956,9.60e-02,-1.06e-04,
7957,9.60e-02,-8.00e-01,
7958,9.60e-02,-8.00e-01,
7959,9.60e-02,-8.00e-01,
7960,9.60e-02,-1.06e-04,
7961,9.60e-02,-8.00e-01,
7962,9.60e-02,-8.00e-01,
7963,9.60e-02,-1.06e-04,
7964,9.60e-02,-1.06e-04,
7965,9.60e-02,-8.00e-01,
7966,9.60e-02,-8.00e-01,
7967,9.60e-02,-1.06e-04,
7968,9.60e-02,-8.00e-01,
7969,1.04e-01,-8.00e-01,
7970,9.60e-02,-8.00e-01,
7971,1.04e-01,-8.00e-01,
7972,9.60e-02,-1.06e-04,
7973,1.04e-01,-8.00e-01,
7974,9.60e-02,-8.00e-01,
7975,9.60e-02,-1.06e-04,
7976,9.60e-02,-1.06e-04,
7977,9.60e-02,-8.00e-01,
7978,9.60e-02,-8.00e-01,
7979,9.60e-02,-1.06e-04,
7980,9.60e-02,-8.00e-01,
7981,1.04e-01,-8.00e-01,
7982,9.60e-02,-8.00e-01,
7983,9.60e-02,-8.00e-01,
7984,9.60e-02,-1.06e-04,
7985,1.04e-01,-8.00e-01,
7986,9.60e-02,-8.00e-01,
7987,9.60e-02,-1.06e-04,
7988,9.60e-02,-1.06e-04,
7989,1.04e-01,-8.00e-01,
7990,9.60e-02,-8.00e-01,
7991,1.04e-01,-8.00e-01,
7992,9.60e-02,-1.06e-04,
7993,1.04e-01,-8.00e-01,
7994,9.60e-02,-8.00e-01,
7995,1.04e-01,-1.06e-04,
7996,9.60e-02,-1.06e-04,
7997,1.04e-01,-8.00e-01,
7998,1.04e-01,-8.00e-01,
7999,1.04e-01,-8.00e-01,
8000,9.60e-02,-1.06e-04,
8001,1.04e-01,-8.00e-01,
8002,9.60e-02,-8.00e-01,
8003,1.04e-01,-8.00e-01,
8004,9.60e-02,-1.06e-04,
8005,1.04e-01,-8.00e-01,
8006,9.60e-02,-8.00e-01,
8007,1.04e-01,-8.00e-01,
8008,1.04e-01,-1.06e-04,
8009,1.04e-01,-8.00e-01,
8010,9.60e-02,-8.00e-01,
8011,1.04e-01,-8.00e-01,
8012,9.60e-02,-1.06e-04,
8013,1.04e-01,-8.00e-01,
8014,1.04e-01,-8.00e-01,
8015,1.04e-01,-1.06e-04,
8016,9.60e-02,-8.00e-01,
8017,1.04e-01,-8.00e-01,
8018,9.60e-02,-8.00e-01,
8019,1.04e-01,-8.00e-01,
8020,1.04e-01,-1.06e-04,
8021,1.04e-01,-8.00e-01,
8022,1.04e-01,-8.00e-01,
8023,1.04e-01,-8.00e-01,
8024,9.60e-02,-1.06e-04,
8025,1.04e-01,-8.00e-01,
8026,1.04e-01,-8.00e-01,
8027,1.04e-01,-8.00e-01,
8028,9.60e-02,-8.00e-01,
8029,1.04e-01,-8.00e-01,
8030,1.04e-01,-8.00e-01,
8031,1.04e-01,-8.00e-01,
8032,1.04e-01,-1.06e-04,
8033,1.04e-01,-8.00e-01,
8034,1.04e-01,-8.00e-01,
8035,1.04e-01,-1.06e-04,
8036,9.60e-02,-8.00e-01,
8037,1.04e-01,-8.00e-01,
8038,1.04e-01,-8.00e-01,
8039,1.04e-01,-1.06e-04,
8040,1.04e-01,-1.06e-04,
8041,1.04e-01,-8.00e-01,
8042,1.04e-01,-8.00e-01,
8043,1.04e-01,-1.06e-04,
8044,1.04e-01,-8.00e-01,
8045,1.04e-01,-1.06e-04,
8046,1.04e-01,-8.00e-01,
8047,1.04e-01,-1.06e-04,
8048,1.04e-01,-1.06e-04,
8049,1.04e-01,-8.00e-01,
8050,1.04e-01,-8.00e-01,
8051,1.04e-01,-1.06e-04,
8052,1.04e-01,-1.06e-04,
8053,1.04e-01,-8.00e-01,
8054,1.04e-01,-8.00e-01,
8055,1.04e-01,-1.06e-04,
8056,1.04e-01,-8.00e-01,
8057,1.12e-01,-8.00e-01,
8058,1.04e-01,-8.00e-01,
8059,1.04e-01,-8.00e-01,
8060,1.04e-01,-1.06e-04,
8061,1.12e-01,-8.00e-01,
8062,1.04e-01,-8.00e-01,
8063,1.04e-01,-1.06e-04,
8064,1.04e-01,-8.00e-01,
8065,1.04e-01,-8.00e-01,
8066,1.04e-01,-1.06e-04,
8067,1.12e-01,-8.00e-01,
8068,1.04e-01,-1.06e-04,
8069,1.04e-01,-8.00e-01,
8070,1.04e-01,-1.60e+00,
8071,1.04e-01,-1.06e-04,
8072,1.04e-01,-8.00e-01,
8073,1.12e-01,-8.00e-01,
8074,1.04e-01,-8.00e-01,
8075,1.04e-01,-8.00e-01,
8076,1.04e-01,-1.06e-04,
8077,1.12e-01,-8.00e-01,
8078,1.04e-01,-8.00e-01,
8079,1.04e-01,-8.00e-01,
8080,1.04e-01,-1.06e-04,
8081,1.12e-01,-8.00e-01,
8082,1.04e-01,-8.00e-01,
8083,1.04e-01,-1.06e-04,
8084,1.04e-01,-8.00e-01,
8085,1.12e-01,-8.00e-01,
8086,1.04e-01,-8.00e-01,
8087,1.12e-01,-1.06e-04,
8088,1.04e-01,-1.06e-04,
8089,1.12e-01,-8.00e-01,
8090,1.04e-01,-8.00e-01,
8091,1.12e-01,-1.06e-04,
8092,1.04e-01,-1.06e-04,
8093,1.12e-01,-8.00e-01,
8094,1.12e-01,-8.00e-01,
8095,1.12e-01,-1.06e-04,
8096,1.04e-01,-1.06e-04,
8097,1.12e-01,-8.00e-01,
8098,1.12e-01,-8.00e-01,
8099,1.12e-01,-8.00e-01,
8100,1.04e-01,-1.06e-04,
8101,1.12e-01,-8.00e-01,
8102,1.12e-01,-8.00e-01,
8103,1.12e-01,-1.06e-04,
8104,1.04e-01,-8.00e-01,
8105,1.12e-01,-8.00e-01,
8106,1.12e-01,-8.00e-01,
8107,1.12e-01,-1.06e-04,
8108,1.04e-01,-1.06e-04,
8109,1.12e-01,-8.00e-01,
8110,1.12e-01,-8.00e-01,
8111,1.12e-01,-1.06e-04,
8112,1.12e-01,-1.06e-04,
8113,1.12e-01,-8.00e-01,
8114,1.12e-01,-8.00e-01,
8115,1.12e-01,-1.06e-04,
8116,1.12e-01,-8.00e-01,
8117,1.12e-01,-8.00e-01,
8118,1.12e-01,-8.00e-01,
8119,1.12e-01,-8.00e-01,
8120,1.12e-01,-1.06e-04,
8121,1.12e-01,-8.00e-01,
8122,1.12e-01,-8.00e-01,
8123,1.12e-01,-8.00e-01,
8124,1.04e-01,-1.06e-04,
8125,1.12e-01,-8.00e-01,
8126,1.12e-01,-8.00e-01,
8127,1.12e-01,-1.06e-04,
8128,1.12e-01,-1.06e-04,
8129,1.12e-01,-8.00e-01,
8130,1.12e-01,-8.00e-01,
8131,1.12e-01,-8.00e-01,
8132,1.04e-01,-1.06e-04,
8133,1.12e-01,-8.00e-01,
8134,1.12e-01,-8.00e-01,
8135,1.12e-01,-1.06e-04,
8136,1.12e-01,-1.06e-04,
8137,1.12e-01,-8.00e-01,
8138,1.12e-01,-8.00e-01,
8139,1.12e-01,-8.00e-01,
8140,1.12e-01,-1.06e-04,
8141,1.12e-01,-8.00e-01,
8142,1.12e-01,-8.00e-01,
8143,1.12e-01,-1.06e-04,
8144,1.12e-01,-1.06e-04,
8145,1.12e-01,-8.00e-01,
8146,1.12e-01,-8.00e-01,
8147,1.12e-01,-1.06e-04,
8148,1.12e-01,-1.06e-04,
8149,1.12e-01,-8.00e-01,
8150,1.12e-01,-8.00e-01,
8151,1.12e-01,-8.00e-01,
8152,1.12e-01,-1.06e-04,
8153,1.20e-01,-8.00e-01,
8154,1.12e-01,-8.00e-01,
8155,1.12e-01,-1.06e-04,
8156,1.12e-01,-1.06e-04,
8157,1.12e-01,-8.00e-01,
8158,1.12e-01,-8.00e-01,
8159,1.12e-01,-8.00e-01,
8160,1.12e-01,-1.06e-04,
8161,1.20e-01,-8.00e-01,
8162,1.12e-01,-8.00e-01,
8163,1.20e-01,-1.06e-04,
8164,1.12e-01,-1.06e-04,
8165,1.20e-01,-8.00e-01,
8166,1.12e-01,-8.00e-01,
8167,1.12e-01,-1.06e-04,
8168,1.12e-01,-8.00e-01,
8169,1.20e-01,-8.00e-01,
8170,1.12e-01,-8.00e-01,
8171,1.20e-01,-8.00e-01,
8172,1.12e-01,-1.06e-04,
8173,1.20e-01,-8.00e-01,
8174,1.12e-01,-8.00e-01,
8175,1.20e-01,-1.06e-04,
8176,1.12e-01,-1.06e-04,
8177,1.20e-01,-8.00e-01,
8178,1.12e-01,-8.00e-01,
8179,1.20e-01,-8.00e-01,
8180,1.12e-01,-1.06e-04,
8181,1.20e-01,-8.00e-01,
8182,1.12e-01,-8.00e-01,
8183,1.20e-01,-1.06e-04,
8184,1.12e-01,-1.06e-04,
8185,1.20e-01,-8.00e-01,
8186,1.12e-01,-8.00e-01,
8187,1.20e-01,-1.06e-04,
8188,1.12e-01,-1.06e-04,
8189,1.20e-01,-8.00e-01,
8190,1.12e-01,-8.00e-01,
8191,1.20e-01,-1.06e-04,
8192,1.12e-01,-1.06e-04,
8193,1.20e-01,-8.00e-01,
8194,1.20e-01,-8.00e-01,
8195,1.20e-01,-1.06e-04,
8196,1.12e-01,-1.06e-04,
8197,1.20e-01,-8.00e-01,
8198,1.20e-01,-8.00e-01,
8199,1.20e-01,-8.00e-01,
8200,1.12e-01,-1.06e-04,
8201,1.20e-01,-8.00e-01,
8202,1.20e-01,-8.00e-01,
8203,1.20e-01,-1.06e-04,
8204,1.12e-01,-1.06e-04,
8205,1.20e-01,-8.00e-01,
8206,1.20e-01,-8.00e-01,
8207,1.20e-01,-1.06e-04,
8208,1.20e-01,-1.06e-04,
8209,1.20e-01,-8.00e-01,
8210,1.20e-01,-8.00e-01,
8211,1.20e-01,-8.00e-01,
8212,1.12e-01,-1.06e-04,
8213,1.20e-01,-8.00e-01,
8214,1.20e-01,-8.00e-01,
8215,1.20e-01,-1.06e-04,
8216,1.20e-01,-1.06e-04,
8217,1.20e-01,-8.00e-01,
8218,1.20e-01,-8.00e-01,
8219,1.20e-01,-1.06e-04,
8220,1.20e-01,-1.06e-04,
8221,1.20e-01,-8.00e-01,
8222,1.20e-01,-8.00e-01,
8223,1.20e-01,-8.00e-01,
8224,1.20e-01,-1.06e-04,
8225,1.20e-01,-8.00e-01,
8226,1.20e-01,-8.00e-01,
8227,1.20e-01,-1.06e-04,
8228,1.20e-01,-1.06e-04,
8229,1.20e-01,-8.00e-01,
8230,1.20e-01,-8.00e-01,
8231,1.20e-01,-1.06e-04,
8232,1.20e-01,-1.06e-04,
8233,1.28e-01,-8.00e-01,
8234,1.20e-01,-8.00e-01,
8235,1.20e-01,-1.06e-04,
8236,1.20e-01,-1.06e-04,
8237,1.20e-01,-8.00e-01,
8238,1.20e-01,-8.00e-01,
8239,1.20e-01,-8.00e-01,
8240,1.20e-01,-1.06e-04,
8241,1.28e-01,-8.00e-01,
8242,1.20e-01,-8.00e-01,
8243,1.20e-01,-1.06e-04,
8244,1.20e-01,-8.00e-01,
8245,1.28e-01,-8.00e-01,
8246,1.20e-01,-8.00e-01,
8247,1.20e-01,-1.06e-04,
8248,1.20e-01,-1.06e-04,
8249,1.28e-01,-8.00e-01,
8250,1.20e-01,-8.00e-01,
8251,1.20e-01,-8.00e-01,
8252,1.20e-01,-1.06e-04,
8253,1.28e-01,-8.00e-01,
8254,1.20e-01,-8.00e-01,
8255,1.20e-01,-1.06e-04,
8256,1.20e-01,-1.06e-04,
8257,1.28e-01,-8.00e-01,
8258,1.20e-01,-8.00e-01,
8259,1.20e-01,-8.00e-01,
8260,1.20e-01,-1.06e-04,
8261,1.28e-01,-8.00e-01,
8262,1.28e-01,-8.00e-01,
8263,1.20e-01,-1.06e-04,
8264,1.20e-01,-1.06e-04,
8265,1.28e-01,-8.00e-01,
8266,1.20e-01,-1.06e-04,
8267,1.28e-01,-8.00e-01,
8268,1.20e-01,-1.06e-04,
8269,1.28e-01,-8.00e-01,
8270,1.28e-01,-8.00e-01,
8271,1.28e-01,-1.06e-04,
8272,1.20e-01,-8.00e-01,
8273,1.28e-01,-8.00e-01,
8274,1.20e-01,-8.00e-01,
8275,1.28e-01,-8.00e-01,
8276,1.20e-01,-1.06e-04,
8277,1.28e-01,-8.00e-01,
8278,1.28e-01,-8.00e-01,
8279,1.28e-01,-1.06e-04,
8280,1.20e-01,-1.06e-04,
8281,1.28e-01,-8.00e-01,
8282,1.20e-01,-8.00e-01,
8283,1.28e-01,-1.06e-04,
8284,1.20e-01,-8.00e-01,
8285,1.28e-01,-8.00e-01,
8286,1.28e-01,-8.00e-01,
8287,1.28e-01,-1.06e-04,
8288,1.28e-01,-1.06e-04,
8289,1.28e-01,-8.00e-01,
8290,1.20e-01,-8.00e-01,
8291,1.28e-01,-1.06e-04,
8292,1.20e-01,-1.06e-04,
8293,1.28e-01,-8.00e-01,
8294,1.28e-01,-8.00e-01,
8295,1.28e-01,-8.00e-01,
8296,1.20e-01,-1.06e-04,
8297,1.28e-01,-8.00e-01,
8298,1.20e-01,-8.00e-01,
8299,1.28e-01,-1.06e-04,
8300,1.28e-01,-1.06e-04,
8301,1.28e-01,-8.00e-01,
8302,1.28e-01,-8.00e-01,
8303,1.28e-01,-1.06e-04,
8304,1.28e-01,-1.06e-04,
8305,1.28e-01,-8.00e-01,
8306,1.28e-01,-8.00e-01,
8307,1.28e-01,-1.06e-04,
8308,1.28e-01,-1.06e-04,
8309,1.28e-01,-8.00e-01,
8310,1.28e-01,-8.00e-01,
8311,1.28e-01,-1.06e-04,
8312,1.28e-01,-1.06e-04,
8313,1.28e-01,-8.00e-01,
8314,1.28e-01,-8.00e-01,
8315,1.28e-01,-1.06e-04,
8316,1.28e-01,-1.06e-04,
8317,1.36e-01,-8.00e-01,
8318,1.28e-01,-8.00e-01,
8319,1.28e-01,-1.06e-04,
8320,1.28e-01,-1.06e-04,
8321,1.36e-01,-8.00e-01,
8322,1.28e-01,-8.00e-01,
8323,1.28e-01,-8.00e-01,
8324,1.28e-01,-1.06e-04,
8325,1.36e-01,-8.00e-01,
8326,1.28e-01,-8.00e-01,
8327,1.28e-01,-1.06e-04,
8328,1.28e-01,-1.06e-04,
8329,1.36e-01,-8.00e-01,
8330,1.28e-01,-8.00e-01,
8331,1.28e-01,-8.00e-01,
8332,1.28e-01,-1.06e-04,
8333,1.36e-01,-8.00e-01,
8334,1.28e-01,-8.00e-01,
8335,1.28e-01,-1.06e-04,
8336,1.28e-01,-1.06e-04,
8337,1.36e-01,-8.00e-01,
8338,1.28e-01,-8.00e-01,
8339,1.28e-01,-1.06e-04,
8340,1.28e-01,-1.06e-04,
8341,1.36e-01,-8.00e-01,
8342,1.28e-01,-8.00e-01,
8343,1.28e-01,-1.06e-04,
8344,1.28e-01,-1.06e-04,
8345,1.36e-01,-8.00e-01,
8346,1.28e-01,-8.00e-01,
8347,1.28e-01,-1.06e-04,
8348,1.28e-01,-1.06e-04,
8349,1.36e-01,-8.00e-01,
8350,1.28e-01,-8.00e-01,
8351,1.28e-01,-1.06e-04,
8352,1.28e-01,-1.06e-04,
8353,1.36e-01,-8.00e-01,
8354,1.28e-01,-8.00e-01,
8355,1.28e-01,-1.06e-04,
8356,1.28e-01,-1.06e-04,
8357,1.36e-01,-8.00e-01,
8358,1.36e-01,-8.00e-01,
8359,1.36e-01,-1.06e-04,
8360,1.28e-01,-1.06e-04,
8361,1.36e-01,-8.00e-01,
8362,1.28e-01,-8.00e-01,
8363,1.36e-01,-1.06e-04,
8364,1.28e-01,-1.06e-04,
8365,1.36e-01,-8.00e-01,
8366,1.28e-01,-8.00e-01,
8367,1.36e-01,-1.06e-04,
8368,1.36e-01,-1.06e-04,
8369,1.36e-01,-8.00e-01,
8370,1.28e-01,-8.00e-01,
8371,1.36e-01,-1.06e-04,
8372,1.28e-01,-1.06e-04,
8373,1.36e-01,-8.00e-01,
8374,1.36e-01,-8.00e-01,
8375,1.36e-01,-1.06e-04,
8376,1.28e-01,-1.06e-04,
8377,1.36e-01,-8.00e-01,
8378,1.36e-01,-8.00e-01,
8379,1.36e-01,-1.06e-04,
8380,1.28e-01,-1.06e-04,
8381,1.36e-01,-8.00e-01,
8382,1.36e-01,-8.00e-01,
8383,1.36e-01,-1.06e-04,
8384,1.36e-01,-1.06e-04,
8385,1.36e-01,-8.00e-01,
8386,1.36e-01,-8.00e-01,
8387,1.36e-01,-1.06e-04,
8388,1.28e-01,-1.06e-04,
8389,1.36e-01,-8.00e-01,
8390,1.36e-01,-8.00e-01,
8391,1.36e-01,-1.06e-04,
8392,1.36e-01,-1.06e-04,
8393,1.36e-01,-8.00e-01,
8394,1.36e-01,-8.00e-01,
8395,1.36e-01,-1.06e-04,
8396,1.36e-01,-1.06e-04,
8397,1.36e-01,-8.00e-01,
8398,1.36e-01,-8.00e-01,
8399,1.36e-01,-1.06e-04,
8400,1.36e-01,-1.06e-04,
8401,1.36e-01,-8.00e-01,
8402,1.36e-01,-8.00e-01,
8403,1.36e-01,-1.06e-04,
8404,1.36e-01,-1.06e-04,
8405,1.36e-01,-8.00e-01,
8406,1.36e-01,-8.00e-01,
8407,1.36e-01,-1.06e-04,
8408,1.36e-01,-1.06e-04,
8409,1.36e-01,-8.00e-01,
8410,1.36e-01,-8.00e-01,
8411,1.36e-01,-1.06e-04,
8412,1.36e-01,-1.06e-04,
8413,1.44e-01,-8.00e-01,
8414,1.36e-01,-8.00e-01,
8415,1.36e-01,-1.06e-04,
8416,1.36e-01,-1.06e-04,
8417,1.44e-01,-8.00e-01,
8418,1.36e-01,-8.00e-01,
8419,1.36e-01,-8.00e-01,
8420,1.36e-01,-1.06e-04,
8421,1.44e-01,-8.00e-01,
8422,1.36e-01,-8.00e-01,
8423,1.36e-01,-1.06e-04,
8424,1.36e-01,-1.06e-04,
8425,1.44e-01,-8.00e-01,
8426,1.36e-01,-8.00e-01,
8427,1.36e-01,-1.06e-04,
8428,1.36e-01,-1.06e-04,
8429,1.44e-01,-8.00e-01,
8430,1.36e-01,-8.00e-01,
8431,1.36e-01,-1.06e-04,
8432,1.36e-01,-1.06e-04,
8433,1.44e-01,-8.00e-01,
8434,1.36e-01,-8.00e-01,
8435,1.36e-01,-1.06e-04,
8436,1.36e-01,-1.06e-04,
8437,1.44e-01,-8.00e-01,
8438,1.36e-01,-8.00e-01,
8439,1.36e-01,-1.06e-04,
8440,1.36e-01,-1.06e-04,
8441,1.44e-01,-8.00e-01,
8442,1.36e-01,-8.00e-01,
8443,1.44e-01,-1.06e-04,
8444,1.36e-01,-1.06e-04,
8445,1.44e-01,-1.06e-04,
8446,1.44e-01,-8.00e-01,
8447,1.44e-01,-1.06e-04,
8448,1.36e-01,-1.06e-04,
8449,1.44e-01,-8.00e-01,
8450,1.36e-01,-8.00e-01,
8451,1.44e-01,-1.06e-04,
8452,1.36e-01,-1.06e-04,
8453,1.44e-01,-8.00e-01,
8454,1.44e-01,-8.00e-01,
8455,1.44e-01,-1.06e-04,
8456,1.36e-01,-1.06e-04,
8457,1.44e-01,-8.00e-01,
8458,1.36e-01,-8.00e-01,
8459,1.44e-01,-8.00e-01,
8460,1.36e-01,-1.06e-04,
8461,1.44e-01,-8.00e-01,
8462,1.44e-01,-8.00e-01,
8463,1.44e-01,-1.06e-04,
8464,1.44e-01,-1.06e-04,
8465,1.44e-01,-8.00e-01,
8466,1.36e-01,-1.06e-04,
8467,1.44e-01,-8.00e-01,
8468,1.36e-01,-1.06e-04,
8469,1.44e-01,-8.00e-01,
8470,1.44e-01,-8.00e-01,
8471,1.44e-01,-1.06e-04,
8472,1.44e-01,-8.00e-01,
8473,1.44e-01,-8.00e-01,
8474,1.44e-01,-8.00e-01,
8475,1.44e-01,-1.06e-04,
8476,1.44e-01,-1.06e-04,
8477,1.44e-01,-8.00e-01,
8478,1.44e-01,-8.00e-01,
8479,1.44e-01,-8.00e-01,
8480,1.44e-01,-1.06e-04,
8481,1.44e-01,-8.00e-01,
8482,1.44e-01,-8.00e-01,
8483,1.44e-01,-1.06e-04,
8484,1.44e-01,-1.06e-04,
8485,1.44e-01,-1.06e-04,
8486,1.44e-01,-8.00e-01,
8487,1.44e-01,-1.06e-04,
8488,1.44e-01,-1.06e-04,
8489,1.44e-01,-8.00e-01,
8490,1.44e-01,-8.00e-01,
8491,1.44e-01,-1.06e-04,
8492,1.44e-01,-1.06e-04,
8493,1.44e-01,-8.00e-01,
8494,1.44e-01,-8.00e-01,
8495,1.44e-01,-1.06e-04,
8496,1.44e-01,-8.00e-01,
8497,1.44e-01,-8.00e-01,
8498,1.44e-01,-8.00e-01,
8499,1.44e-01,-1.06e-04,
8500,1.44e-01,-1.06e-04,
8501,1.44e-01,-8.00e-01,
8502,1.44e-01,-8.00e-01,
8503,1.44e-01,-1.06e-04,
8504,1.44e-01,-1.06e-04,
8505,1.52e-01,-8.00e-01,
8506,1.44e-01,-8.00e-01,
8507,1.44e-01,-1.06e-04,
8508,1.44e-01,-1.06e-04,
8509,1.52e-01,-8.00e-01,
8510,1.44e-01,-8.00e-01,
8511,1.44e-01,-1.06e-04,
8512,1.44e-01,-1.06e-04,
8513,1.52e-01,-8.00e-01,
8514,1.44e-01,-8.00e-01,
8515,1.44e-01,-1.06e-04,
8516,1.44e-01,-1.06e-04,
8517,1.52e-01,-8.00e-01,
8518,1.44e-01,-8.00e-01,
8519,1.52e-01,-8.00e-01,
8520,1.44e-01,-1.06e-04,
8521,1.52e-01,-8.00e-01,
8522,1.44e-01,-8.00e-01,
8523,1.52e-01,-1.06e-04,
8524,1.44e-01,-1.06e-04,
8525,1.52e-01,-8.00e-01,
8526,1.44e-01,-8.00e-01,
8527,1.44e-01,-1.06e-04,
8528,1.44e-01,-1.06e-04,
8529,1.52e-01,-8.00e-01,
8530,1.44e-01,-8.00e-01,
8531,1.52e-01,-1.06e-04,
8532,1.44e-01,-1.06e-04,
8533,1.52e-01,-8.00e-01,
8534,1.52e-01,-8.00e-01,
8535,1.52e-01,-1.06e-04,
8536,1.44e-01,-1.06e-04,
8537,1.52e-01,-8.00e-01,
8538,1.44e-01,-8.00e-01,
8539,1.52e-01,-1.06e-04,
8540,1.44e-01,-1.06e-04,
8541,1.52e-01,-8.00e-01,
8542,1.52e-01,-8.00e-01,
8543,1.52e-01,-1.06e-04,
8544,1.44e-01,-1.06e-04,
8545,1.52e-01,-8.00e-01,
8546,1.44e-01,-8.00e-01,
8547,1.52e-01,-1.06e-04,
8548,1.44e-01,-1.06e-04,
8549,1.52e-01,-8.00e-01,
8550,1.52e-01,-8.00e-01,
8551,1.52e-01,-1.06e-04,
8552,1.44e-01,-1.06e-04,
8553,1.52e-01,-8.00e-01,
8554,1.52e-01,-8.00e-01,
8555,1.52e-01,-1.06e-04,
8556,1.44e-01,-1.06e-04,
8557,1.52e-01,-8.00e-01,
8558,1.52e-01,-8.00e-01,
8559,1.52e-01,-1.06e-04,
8560,1.52e-01,-1.06e-04,
8561,1.52e-01,-8.00e-01,
8562,1.44e-01,-8.00e-01,
8563,1.52e-01,-1.06e-04,
8564,1.52e-01,-1.06e-04,
8565,1.52e-01,-8.00e-01,
8566,1.52e-01,-8.00e-01,
8567,1.52e-01,-1.06e-04,
8568,1.44e-01,-1.06e-04,
8569,1.52e-01,-8.00e-01,
8570,1.52e-01,-8.00e-01,
8571,1.52e-01,-1.06e-04,
8572,1.44e-01,-1.06e-04,
8573,1.52e-01,-8.00e-01,
8574,1.52e-01,-8.00e-01,
8575,1.52e-01,-1.06e-04,
8576,1.52e-01,-1.06e-04,
8577,1.60e-01,-8.00e-01,
8578,1.52e-01,-8.00e-01,
8579,1.52e-01,-8.00e-01,
8580,1.52e-01,-1.06e-04,
8581,1.52e-01,-8.00e-01,
8582,1.52e-01,-8.00e-01,
8583,1.52e-01,-1.06e-04,
8584,1.52e-01,-1.06e-04,
8585,1.52e-01,-8.00e-01,
8586,1.52e-01,-8.00e-01,
8587,1.52e-01,-1.06e-04,
8588,1.44e-01,-1.06e-04,
8589,1.52e-01,-8.00e-01,
8590,1.52e-01,-8.00e-01,
8591,1.52e-01,-1.06e-04,
8592,1.52e-01,-1.06e-04,
8593,1.60e-01,-8.00e-01,
8594,1.52e-01,-8.00e-01,
8595,1.52e-01,-1.06e-04,
8596,1.52e-01,-1.06e-04,
8597,1.52e-01,-8.00e-01,
8598,1.52e-01,-8.00e-01,
8599,1.52e-01,-1.06e-04,
8600,1.52e-01,-1.06e-04,
8601,1.60e-01,-8.00e-01,
8602,1.52e-01,-8.00e-01,
8603,1.52e-01,-1.06e-04,
8604,1.52e-01,-1.06e-04,
8605,1.60e-01,-8.00e-01,
8606,1.52e-01,-8.00e-01,
8607,1.52e-01,-1.06e-04,
8608,1.52e-01,-1.06e-04,
8609,1.60e-01,-8.00e-01,
8610,1.52e-01,-8.00e-01,
8611,1.60e-01,-1.06e-04,
8612,1.52e-01,-1.06e-04,
8613,1.60e-01,-8.00e-01,
8614,1.52e-01,-8.00e-01,
8615,1.52e-01,-1.06e-04,
8616,1.52e-01,-1.06e-04,
8617,1.60e-01,-8.00e-01,
8618,1.52e-01,-8.00e-01,
8619,1.60e-01,-1.06e-04,
8620,1.52e-01,-1.06e-04,
8621,1.60e-01,-8.00e-01,
8622,1.52e-01,-8.00e-01,
8623,1.60e-01,-1.06e-04,
8624,1.52e-01,-1.06e-04,
8625,1.60e-01,-8.00e-01,
8626,1.52e-01,-8.00e-01,
8627,1.60e-01,-1.06e-04,
8628,1.52e-01,-1.06e-04,
8629,1.60e-01,-8.00e-01,
8630,1.52e-01,-8.00e-01,
8631,1.60e-01,-1.06e-04,
8632,1.52e-01,-1.06e-04,
8633,1.60e-01,-8.00e-01,
8634,1.52e-01,-8.00e-01,
8635,1.60e-01,-1.06e-04,
8636,1.52e-01,-1.06e-04,
8637,1.60e-01,-8.00e-01,
8638,1.52e-01,-8.00e-01,
8639,1.60e-01,-1.06e-04,
8640,1.52e-01,-1.06e-04,
8641,1.60e-01,-8.00e-01,
8642,1.60e-01,-8.00e-01,
8643,1.60e-01,-1.06e-04,
8644,1.52e-01,-1.06e-04,
8645,1.60e-01,-1.06e-04,
8646,1.60e-01,-8.00e-01,
8647,1.60e-01,-1.06e-04,
8648,1.52e-01,-1.06e-04,
8649,1.60e-01,-8.00e-01,
8650,1.52e-01,-8.00e-01,
8651,1.60e-01,-1.06e-04,
8652,1.52e-01,-1.06e-04,
8653,1.60e-01,-8.00e-01,
8654,1.60e-01,-8.00e-01,
8655,1.60e-01,-1.06e-04,
8656,1.52e-01,-1.06e-04,
8657,1.60e-01,-8.00e-01,
8658,1.60e-01,-8.00e-01,
8659,1.60e-01,-1.06e-04,
8660,1.52e-01,-1.06e-04,
8661,1.60e-01,-8.00e-01,
8662,1.60e-01,-8.00e-01,
8663,1.60e-01,-1.06e-04,
8664,1.60e-01,-1.06e-04,
8665,1.60e-01,-8.00e-01,
8666,1.60e-01,-1.06e-04,
8667,1.60e-01,-8.00e-01,
8668,1.52e-01,-1.06e-04,
8669,1.60e-01,-1.06e-04,
8670,1.60e-01,-8.00e-01,
8671,1.60e-01,-1.06e-04,
8672,1.60e-01,-8.00e-01,
8673,1.60e-01,-8.00e-01,
8674,1.60e-01,-8.00e-01,
8675,1.60e-01,-1.06e-04,
8676,1.60e-01,-1.06e-04,
8677,1.68e-01,-8.00e-01,
8678,1.60e-01,-8.00e-01,
8679,1.60e-01,-1.06e-04,
8680,1.60e-01,-1.06e-04,
8681,1.68e-01,-8.00e-01,
8682,1.60e-01,-8.00e-01,
8683,1.60e-01,-1.06e-04,
8684,1.60e-01,-1.06e-04,
8685,1.60e-01,-1.06e-04,
8686,1.60e-01,-8.00e-01,
8687,1.60e-01,-1.06e-04,
8688,1.60e-01,-1.06e-04,
8689,1.68e-01,-8.00e-01,
8690,1.60e-01,-8.00e-01,
8691,1.60e-01,-1.06e-04,
8692,1.60e-01,-1.06e-04,
8693,1.60e-01,-8.00e-01,
8694,1.60e-01,-8.00e-01,
8695,1.60e-01,-1.06e-04,
8696,1.60e-01,-1.06e-04,
8697,1.68e-01,-8.00e-01,
8698,1.60e-01,-8.00e-01,
8699,1.60e-01,-1.06e-04,
8700,1.60e-01,-1.06e-04,
8701,1.68e-01,-8.00e-01,
8702,1.60e-01,-8.00e-01,
8703,1.60e-01,-1.06e-04,
8704,1.60e-01,-1.06e-04,
8705,1.68e-01,-8.00e-01,
8706,1.60e-01,-8.00e-01,
8707,1.68e-01,-1.06e-04,
8708,1.60e-01,-1.06e-04,
8709,1.68e-01,-8.00e-01,
8710,1.60e-01,-8.00e-01,
8711,1.68e-01,-1.06e-04,
8712,1.60e-01,-1.06e-04,
8713,1.68e-01,-8.00e-01,
8714,1.60e-01,-8.00e-01,
8715,1.68e-01,-1.06e-04,
8716,1.60e-01,-1.06e-04,
8717,1.68e-01,-8.00e-01,
8718,1.60e-01,-8.00e-01,
8719,1.68e-01,-1.06e-04,
8720,1.60e-01,-1.06e-04,
8721,1.68e-01,-8.00e-01,
8722,1.60e-01,-8.00e-01,
8723,1.68e-01,-1.06e-04,
8724,1.60e-01,-1.06e-04,
8725,1.68e-01,-8.00e-01,
8726,1.68e-01,-8.00e-01,
8727,1.68e-01,-1.06e-04,
8728,1.60e-01,-1.06e-04,
8729,1.68e-01,-8.00e-01,
8730,1.68e-01,-8.00e-01,
8731,1.68e-01,-1.06e-04,
8732,1.60e-01,-1.06e-04,
8733,1.68e-01,-8.00e-01,
8734,1.68e-01,-8.00e-01,
8735,1.68e-01,-1.06e-04,
8736,1.60e-01,-1.06e-04,
8737,1.68e-01,-8.00e-01,
8738,1.68e-01,-8.00e-01,
8739,1.68e-01,-1.06e-04,
8740,1.60e-01,-1.06e-04,
8741,1.68e-01,-8.00e-01,
8742,1.68e-01,-8.00e-01,
8743,1.68e-01,-1.06e-04,
8744,1.60e-01,-1.06e-04,
8745,1.68e-01,-8.00e-01,
8746,1.68e-01,-8.00e-01,
8747,1.68e-01,-1.06e-04,
8748,1.60e-01,-1.06e-04,
8749,1.68e-01,-8.00e-01,
8750,1.68e-01,-8.00e-01,
8751,1.68e-01,-1.06e-04,
8752,1.60e-01,-1.06e-04,
8753,1.76e-01,-8.00e-01,
8754,1.68e-01,-8.00e-01,
8755,1.68e-01,-1.06e-04,
8756,1.60e-01,-1.06e-04,
8757,1.68e-01,-8.00e-01,
8758,1.68e-01,-8.00e-01,
8759,1.68e-01,-1.06e-04,
8760,1.68e-01,-1.06e-04,
8761,1.68e-01,-8.00e-01,
8762,1.68e-01,-8.00e-01,
8763,1.68e-01,-1.06e-04,
8764,1.68e-01,-1.06e-04,
8765,1.68e-01,-8.00e-01,
8766,1.68e-01,-8.00e-01,
8767,1.68e-01,-1.06e-04,
8768,1.68e-01,-1.06e-04,
8769,1.68e-01,-8.00e-01,
8770,1.68e-01,-8.00e-01,
8771,1.68e-01,-1.06e-04,
8772,1.68e-01,-1.06e-04,
8773,1.68e-01,-8.00e-01,
8774,1.68e-01,-8.00e-01,
8775,1.68e-01,-1.06e-04,
8776,1.68e-01,-1.06e-04,
8777,1.68e-01,-8.00e-01,
8778,1.68e-01,-8.00e-01,
8779,1.68e-01,-1.06e-04,
8780,1.68e-01,-1.06e-04,
8781,1.68e-01,-8.00e-01,
8782,1.68e-01,-8.00e-01,
8783,1.76e-01,-1.06e-04,
8784,1.68e-01,-1.06e-04,
8785,1.76e-01,-8.00e-01,
8786,1.68e-01,-8.00e-01,
8787,1.68e-01,-1.06e-04,
8788,1.68e-01,-1.06e-04,
8789,1.76e-01,-8.00e-01,
8790,1.68e-01,-8.00e-01,
8791,1.68e-01,-1.06e-04,
8792,1.68e-01,-1.06e-04,
8793,1.76e-01,-8.00e-01,
8794,1.68e-01,-8.00e-01,
8795,1.68e-01,-1.06e-04,
8796,1.68e-01,-1.06e-04,
8797,1.76e-01,-8.00e-01,
8798,1.68e-01,-8.00e-01,
8799,1.76e-01,-1.06e-04,
8800,1.68e-01,-1.06e-04,
8801,1.76e-01,-8.00e-01,
8802,1.68e-01,-8.00e-01,
8803,1.76e-01,-1.06e-04,
8804,1.68e-01,-1.06e-04,
8805,1.76e-01,-8.00e-01,
8806,1.68e-01,-8.00e-01,
8807,1.76e-01,-1.06e-04,
8808,1.68e-01,-1.06e-04,
8809,1.76e-01,-8.00e-01,
8810,1.68e-01,-8.00e-01,
8811,1.76e-01,-1.06e-04,
8812,1.68e-01,-1.06e-04,
8813,1.76e-01,-8.00e-01,
8814,1.68e-01,-8.00e-01,
8815,1.76e-01,-1.06e-04,
8816,1.68e-01,-1.06e-04,
8817,1.76e-01,-8.00e-01,
8818,1.76e-01,-8.00e-01,
8819,1.76e-01,-1.06e-04,
8820,1.68e-01,-1.06e-04,
8821,1.76e-01,-8.00e-01,
8822,1.76e-01,-8.00e-01,
8823,1.76e-01,-1.06e-04,
8824,1.68e-01,-1.06e-04,
8825,1.76e-01,-8.00e-01,
8826,1.68e-01,-8.00e-01,
8827,1.76e-01,-1.06e-04,
8828,1.76e-01,-1.06e-04,
8829,1.76e-01,-8.00e-01,
8830,1.76e-01,-8.00e-01,
8831,1.76e-01,-1.06e-04,
8832,1.68e-01,-1.06e-04,
8833,1.76e-01,-8.00e-01,
8834,1.68e-01,-8.00e-01,
8835,1.76e-01,-1.06e-04,
8836,1.68e-01,-1.06e-04,
8837,1.76e-01,-8.00e-01,
8838,1.76e-01,-8.00e-01,
8839,1.76e-01,-1.06e-04,
8840,1.76e-01,-1.06e-04,
8841,1.76e-01,-8.00e-01,
8842,1.76e-01,-8.00e-01,
8843,1.76e-01,-1.06e-04,
8844,1.76e-01,-1.06e-04,
8845,1.76e-01,-1.06e-04,
8846,1.76e-01,-8.00e-01,
8847,1.76e-01,-1.06e-04,
8848,1.76e-01,-1.06e-04,
8849,1.76e-01,-8.00e-01,
8850,1.76e-01,-8.00e-01,
8851,1.76e-01,-1.06e-04,
8852,1.76e-01,-1.06e-04,
8853,1.76e-01,-8.00e-01,
8854,1.76e-01,-8.00e-01,
8855,1.76e-01,-1.06e-04,
8856,1.76e-01,-1.06e-04,
8857,1.76e-01,-8.00e-01,
8858,1.76e-01,-8.00e-01,
8859,1.76e-01,-8.00e-01,
8860,1.76e-01,-1.06e-04,
8861,1.76e-01,-8.00e-01,
8862,1.76e-01,-8.00e-01,
8863,1.76e-01,-1.06e-04,
8864,1.76e-01,-1.06e-04,
8865,1.84e-01,-8.00e-01,
8866,1.76e-01,-1.06e-04,
8867,1.84e-01,-8.00e-01,
8868,1.76e-01,-1.06e-04,
8869,1.84e-01,-8.00e-01,
8870,1.76e-01,-8.00e-01,
8871,1.76e-01,-1.06e-04,
8872,1.76e-01,-8.00e-01,
8873,1.84e-01,-8.00e-01,
8874,1.76e-01,-8.00e-01,
8875,1.76e-01,-1.06e-04,
8876,1.76e-01,-1.06e-04,
8877,1.84e-01,-8.00e-01,
8878,1.76e-01,-8.00e-01,
8879,1.76e-01,-1.06e-04,
8880,1.76e-01,-1.06e-04,
8881,1.84e-01,-8.00e-01,
8882,1.76e-01,-8.00e-01,
8883,1.76e-01,-1.06e-04,
8884,1.76e-01,-1.06e-04,
8885,1.84e-01,-1.06e-04,
8886,1.84e-01,-8.00e-01,
8887,1.76e-01,-1.06e-04,
8888,1.76e-01,-1.06e-04,
8889,1.84e-01,-8.00e-01,
8890,1.76e-01,-8.00e-01,
8891,1.84e-01,-1.06e-04,
8892,1.76e-01,-1.06e-04,
8893,1.84e-01,-8.00e-01,
8894,1.76e-01,-8.00e-01,
8895,1.84e-01,-1.06e-04,
8896,1.76e-01,-1.06e-04,
8897,1.84e-01,-8.00e-01,
8898,1.76e-01,-8.00e-01,
8899,1.84e-01,-1.06e-04,
8900,1.76e-01,-1.06e-04,
8901,1.84e-01,-8.00e-01,
8902,1.84e-01,-8.00e-01,
8903,1.84e-01,-1.06e-04,
8904,1.76e-01,-1.06e-04,
8905,1.84e-01,-8.00e-01,
8906,1.76e-01,-8.00e-01,
8907,1.84e-01,-1.06e-04,
8908,1.76e-01,-1.06e-04,
8909,1.84e-01,-8.00e-01,
8910,1.84e-01,-8.00e-01,
8911,1.84e-01,-1.06e-04,
8912,1.76e-01,-1.06e-04,
8913,1.84e-01,-8.00e-01,
8914,1.84e-01,-8.00e-01,
8915,1.84e-01,-1.06e-04,
8916,1.76e-01,-1.06e-04,
8917,1.84e-01,-8.00e-01,
8918,1.84e-01,-8.00e-01,
8919,1.84e-01,-1.06e-04,
8920,1.84e-01,-1.06e-04,
8921,1.84e-01,-8.00e-01,
8922,1.76e-01,-8.00e-01,
8923,1.84e-01,-1.06e-04,
8924,1.76e-01,-1.06e-04,
8925,1.84e-01,-8.00e-01,
8926,1.84e-01,-8.00e-01,
8927,1.84e-01,-1.06e-04,
8928,1.76e-01,-1.06e-04,
8929,1.84e-01,-8.00e-01,
8930,1.84e-01,-8.00e-01,
8931,1.84e-01,-1.06e-04,
8932,1.84e-01,-1.06e-04,
8933,1.84e-01,-8.00e-01,
8934,1.84e-01,-8.00e-01,
8935,1.84e-01,-1.06e-04,
8936,1.84e-01,-1.06e-04,
8937,1.84e-01,-8.00e-01,
8938,1.84e-01,-8.00e-01,
8939,1.84e-01,-1.06e-04,
8940,1.84e-01,-1.06e-04,
8941,1.92e-01,-8.00e-01,
8942,1.84e-01,-8.00e-01,
8943,1.84e-01,-1.06e-04,
8944,1.84e-01,-1.06e-04,
8945,1.84e-01,-8.00e-01,
8946,1.84e-01,-8.00e-01,
8947,1.84e-01,-1.06e-04,
8948,1.84e-01,-1.06e-04,
8949,1.92e-01,-8.00e-01,
8950,1.84e-01,-8.00e-01,
8951,1.84e-01,-1.06e-04,
8952,1.84e-01,-1.06e-04,
8953,1.84e-01,-8.00e-01,
8954,1.84e-01,-8.00e-01,
8955,1.84e-01,-1.06e-04,
8956,1.84e-01,-1.06e-04,
8957,1.84e-01,-8.00e-01,
8958,1.84e-01,-8.00e-01,
8959,1.84e-01,-1.06e-04,
8960,1.84e-01,-1.06e-04,
8961,1.92e-01,-8.00e-01,
8962,1.84e-01,-8.00e-01,
8963,1.84e-01,-1.06e-04,
8964,1.84e-01,-1.06e-04,
8965,1.92e-01,-1.06e-04,
8966,1.84e-01,-8.00e-01,
8967,1.84e-01,-1.06e-04,
8968,1.84e-01,-1.06e-04,
8969,1.92e-01,-8.00e-01,
8970,1.84e-01,-8.00e-01,
8971,1.92e-01,-1.06e-04,
8972,1.84e-01,-1.06e-04,
8973,1.92e-01,-8.00e-01,
8974,1.84e-01,-8.00e-01,
8975,1.84e-01,-1.06e-04,
8976,1.84e-01,-1.06e-04,
8977,1.92e-01,-8.00e-01,
8978,1.84e-01,-8.00e-01,
8979,1.84e-01,-1.06e-04,
8980,1.84e-01,-1.06e-04,
8981,1.92e-01,-8.00e-01,
8982,1.84e-01,-8.00e-01,
8983,1.92e-01,-1.06e-04,
8984,1.84e-01,-1.06e-04,
8985,1.92e-01,-8.00e-01,
8986,1.84e-01,-8.00e-01,
8987,1.92e-01,-1.06e-04,
8988,1.84e-01,-1.06e-04,
8989,1.92e-01,-8.00e-01,
8990,1.92e-01,-8.00e-01,
8991,1.84e-01,-1.06e-04,
8992,1.84e-01,-1.06e-04,
8993,1.92e-01,-8.00e-01,
8994,1.84e-01,-8.00e-01,
8995,1.92e-01,-1.06e-04,
8996,1.84e-01,-1.06e-04,
8997,1.92e-01,-8.00e-01,
8998,1.92e-01,-8.00e-01,
8999,1.92e-01,-1.06e-04,
9000,1.84e-01,-1.06e-04,
9001,1.92e-01,-8.00e-01,
9002,1.92e-01,-8.00e-01,
9003,1.92e-01,-1.06e-04,
9004,1.84e-01,-1.06e-04,
9005,1.92e-01,-8.00e-01,
9006,1.92e-01,-8.00e-01,
9007,1.92e-01,-1.06e-04,
9008,1.92e-01,-1.06e-04,
9009,1.92e-01,-8.00e-01,
9010,1.92e-01,-8.00e-01,
9011,1.92e-01,-1.06e-04,
9012,1.84e-01,-1.06e-04,
9013,1.92e-01,-8.00e-01,
9014,1.92e-01,-8.00e-01,
9015,1.92e-01,-1.06e-04,
9016,1.84e-01,-1.06e-04,
9017,1.92e-01,-8.00e-01,
9018,1.92e-01,-8.00e-01,
9019,1.92e-01,-1.06e-04,
9020,1.84e-01,-1.06e-04,
9021,2.00e-01,-8.00e-01,
9022,1.92e-01,-8.00e-01,
9023,1.92e-01,-1.06e-04,
9024,1.92e-01,-1.06e-04,
9025,1.92e-01,-8.00e-01,
9026,1.92e-01,-8.00e-01,
9027,1.92e-01,-1.06e-04,
9028,1.84e-01,-1.06e-04,
9029,2.00e-01,-8.00e-01,
9030,1.92e-01,-8.00e-01,
9031,1.92e-01,-1.06e-04,
9032,1.92e-01,-1.06e-04,
9033,2.00e-01,-8.00e-01,
9034,1.92e-01,-8.00e-01,
9035,1.92e-01,-1.06e-04,
9036,1.84e-01,-1.06e-04,
9037,1.92e-01,-8.00e-01,
9038,1.92e-01,-8.00e-01,
9039,1.92e-01,-1.06e-04,
9040,1.92e-01,-1.06e-04,
9041,2.00e-01,-8.00e-01,
9042,1.92e-01,-8.00e-01,
9043,1.92e-01,-1.06e-04,
9044,1.92e-01,-1.06e-04,
9045,1.92e-01,-1.06e-04,
9046,1.92e-01,-8.00e-01,
9047,1.92e-01,-1.06e-04,
9048,1.92e-01,-1.06e-04,
9049,2.00e-01,-8.00e-01,
9050,1.92e-01,-8.00e-01,
9051,2.00e-01,-1.06e-04,
9052,1.92e-01,-1.06e-04,
9053,2.00e-01,-8.00e-01,
9054,1.92e-01,-8.00e-01,
9055,1.92e-01,-1.06e-04,
9056,1.92e-01,-1.06e-04,
9057,2.00e-01,-8.00e-01,
9058,1.92e-01,-1.06e-04,
9059,2.00e-01,-8.00e-01,
9060,1.92e-01,-1.06e-04,
9061,2.00e-01,-8.00e-01,
9062,1.92e-01,-8.00e-01,
9063,1.92e-01,-1.06e-04,
9064,1.92e-01,-1.06e-04,
9065,2.00e-01,-8.00e-01,
9066,1.92e-01,-1.06e-04,
9067,2.00e-01,-8.00e-01,
9068,1.92e-01,-1.06e-04,
9069,2.00e-01,-1.06e-04,
9070,1.92e-01,-8.00e-01,
9071,1.92e-01,-1.06e-04,
9072,1.92e-01,-1.06e-04,
9073,2.00e-01,-8.00e-01,
9074,1.92e-01,-8.00e-01,
9075,2.00e-01,-1.06e-04,
9076,1.92e-01,-1.06e-04,
9077,2.00e-01,-8.00e-01,
9078,1.92e-01,-8.00e-01,
9079,1.92e-01,-1.06e-04,
9080,1.92e-01,-1.06e-04,
9081,2.00e-01,-8.00e-01,
9082,1.92e-01,-8.00e-01,
9083,1.92e-01,-1.06e-04,
9084,1.92e-01,-1.06e-04,
9085,2.00e-01,-1.06e-04,
9086,2.00e-01,-8.00e-01,
9087,2.00e-01,-1.06e-04,
9088,1.92e-01,-1.06e-04,
9089,2.00e-01,-8.00e-01,
9090,1.92e-01,-8.00e-01,
9091,2.00e-01,-1.06e-04,
9092,1.92e-01,-1.06e-04,
9093,2.00e-01,-8.00e-01,
9094,2.00e-01,-8.00e-01,
9095,2.00e-01,-1.06e-04,
9096,1.92e-01,-1.06e-04,
9097,2.00e-01,-8.00e-01,
9098,2.00e-01,-8.00e-01,
9099,2.00e-01,-1.06e-04,
9100,1.92e-01,-1.06e-04,
9101,2.00e-01,-8.00e-01,
9102,2.00e-01,-8.00e-01,
9103,2.00e-01,-1.06e-04,
9104,2.00e-01,-1.06e-04,
9105,2.00e-01,-8.00e-01,
9106,2.00e-01,-8.00e-01,
9107,2.00e-01,-1.06e-04,
9108,2.00e-01,-1.06e-04,
9109,2.00e-01,-8.00e-01,
9110,2.00e-01,-8.00e-01,
9111,2.00e-01,-1.06e-04,
9112,2.00e-01,-1.06e-04,
9113,2.00e-01,-8.00e-01,
9114,2.00e-01,-8.00e-01,
9115,2.00e-01,-1.06e-04,
9116,2.00e-01,-1.06e-04,
9117,2.08e-01,-8.00e-01,
9118,2.00e-01,-8.00e-01,
9119,2.00e-01,-1.06e-04,
9120,1.92e-01,-1.06e-04,
9121,2.00e-01,-8.00e-01,
9122,2.00e-01,-8.00e-01,
9123,2.00e-01,-1.06e-04,
9124,2.00e-01,-1.06e-04,
9125,2.00e-01,-1.06e-04,
9126,2.00e-01,-8.00e-01,
9127,2.00e-01,-1.06e-04,
9128,2.00e-01,-1.06e-04,
9129,2.00e-01,-8.00e-01,
9130,2.00e-01,-8.00e-01,
9131,2.00e-01,-1.06e-04,
9132,2.00e-01,-1.06e-04,
9133,2.08e-01,-8.00e-01,
9134,2.00e-01,-8.00e-01,
9135,2.00e-01,-1.06e-04,
9136,2.00e-01,-1.06e-04,
9137,2.00e-01,-8.00e-01,
9138,2.00e-01,-8.00e-01,
9139,2.00e-01,-1.06e-04,
9140,2.00e-01,-1.06e-04,
9141,2.08e-01,-8.00e-01,
9142,2.00e-01,-8.00e-01,
9143,2.00e-01,-1.06e-04,
9144,2.00e-01,-1.06e-04,
9145,2.08e-01,-8.00e-01,
9146,2.00e-01,-8.00e-01,
9147,2.00e-01,-1.06e-04,
9148,2.00e-01,-1.06e-04,
9149,2.08e-01,-8.00e-01,
9150,2.00e-01,-8.00e-01,
9151,2.00e-01,-1.06e-04,
9152,2.00e-01,-1.06e-04,
9153,2.08e-01,-8.00e-01,
9154,2.00e-01,-8.00e-01,
9155,2.00e-01,-1.06e-04,
9156,2.00e-01,-1.06e-04,
9157,2.08e-01,-8.00e-01,
9158,2.00e-01,-8.00e-01,
9159,2.00e-01,-1.06e-04,
9160,2.00e-01,-1.06e-04,
9161,2.08e-01,-8.00e-01,
9162,2.00e-01,-8.00e-01,
9163,2.00e-01,-1.06e-04,
9164,2.00e-01,-1.06e-04,
9165,2.08e-01,-1.06e-04,
9166,2.00e-01,-8.00e-01,
9167,2.00e-01,-1.06e-04,
9168,2.00e-01,-1.06e-04,
9169,2.08e-01,-8.00e-01,
9170,2.00e-01,-8.00e-01,
9171,2.08e-01,-1.06e-04,
9172,2.00e-01,-1.06e-04,
9173,2.08e-01,-8.00e-01,
9174,2.00e-01,-8.00e-01,
9175,2.08e-01,-1.06e-04,
9176,2.00e-01,-1.06e-04,
9177,2.08e-01,-8.00e-01,
9178,2.08e-01,-8.00e-01,
9179,2.08e-01,-1.06e-04,
9180,2.00e-01,-1.06e-04,
9181,2.08e-01,-8.00e-01,
9182,2.08e-01,-8.00e-01,
9183,2.08e-01,-1.06e-04,
9184,2.00e-01,-1.06e-04,
9185,2.08e-01,-8.00e-01,
9186,2.00e-01,-8.00e-01,
9187,2.08e-01,-1.06e-04,
9188,2.00e-01,-1.06e-04,
9189,2.08e-01,-8.00e-01,
9190,2.08e-01,-8.00e-01,
9191,2.08e-01,-1.06e-04,
9192,2.00e-01,-1.06e-04,
9193,2.08e-01,-8.00e-01,
9194,2.08e-01,-8.00e-01,
9195,2.08e-01,-1.06e-04,
9196,2.00e-01,-1.06e-04,
9197,2.08e-01,-1.06e-04,
9198,2.08e-01,-8.00e-01,
9199,2.08e-01,-1.06e-04,
9200,2.00e-01,-1.06e-04,
9201,2.08e-01,-8.00e-01,
9202,2.08e-01,-8.00e-01,
9203,2.08e-01,-1.06e-04,
9204,2.08e-01,-1.06e-04,
9205,2.08e-01,-1.06e-04,
9206,2.08e-01,-8.00e-01,
9207,2.08e-01,-1.06e-04,
9208,2.08e-01,-1.06e-04,
9209,2.08e-01,-8.00e-01,
9210,2.08e-01,-8.00e-01,
9211,2.08e-01,-1.06e-04,
9212,2.08e-01,-1.06e-04,
9213,2.16e-01,-8.00e-01,
9214,2.08e-01,-8.00e-01,
9215,2.08e-01,-1.06e-04,
9216,2.08e-01,-1.06e-04,
9217,2.16e-01,-8.00e-01,
9218,2.08e-01,-8.00e-01,
9219,2.08e-01,-1.06e-04,
9220,2.08e-01,-1.06e-04,
9221,2.08e-01,-1.06e-04,
9222,2.08e-01,-8.00e-01,
9223,2.08e-01,-1.06e-04,
9224,2.08e-01,-1.06e-04,
9225,2.08e-01,-8.00e-01,
9226,2.08e-01,-8.00e-01,
9227,2.08e-01,-1.06e-04,
9228,2.08e-01,-1.06e-04,
9229,2.16e-01,-8.00e-01,
9230,2.08e-01,-8.00e-01,
9231,2.08e-01,-1.06e-04,
9232,2.08e-01,-1.06e-04,
9233,2.16e-01,-8.00e-01,
9234,2.08e-01,-8.00e-01,
9235,2.08e-01,-1.06e-04,
9236,2.08e-01,-1.06e-04,
9237,2.16e-01,-8.00e-01,
9238,2.08e-01,-8.00e-01,
9239,2.08e-01,-1.06e-04,
9240,2.08e-01,-1.06e-04,
9241,2.16e-01,-8.00e-01,
9242,2.08e-01,-8.00e-01,
9243,2.08e-01,-1.06e-04,
9244,2.08e-01,-1.06e-04,
9245,2.16e-01,-1.06e-04,
9246,2.16e-01,-8.00e-01,
9247,2.08e-01,-1.06e-04,
9248,2.08e-01,-1.06e-04,
9249,2.16e-01,-8.00e-01,
9250,2.08e-01,-8.00e-01,
9251,2.16e-01,-1.06e-04,
9252,2.08e-01,-1.06e-04,
9253,2.16e-01,-8.00e-01,
9254,2.08e-01,-8.00e-01,
9255,2.16e-01,-1.06e-04,
9256,2.08e-01,-1.06e-04,
9257,2.16e-01,-8.00e-01,
9258,2.08e-01,-8.00e-01,
9259,2.16e-01,-1.06e-04,
9260,2.08e-01,-1.06e-04,
9261,2.16e-01,-1.06e-04,
9262,2.08e-01,-8.00e-01,
9263,2.16e-01,-1.06e-04,
9264,2.08e-01,-1.06e-04,
9265,2.16e-01,-8.00e-01,
9266,2.08e-01,-1.06e-04,
9267,2.16e-01,-8.00e-01,
9268,2.08e-01,-1.06e-04,
9269,2.16e-01,-1.06e-04,
9270,2.16e-01,-8.00e-01,
9271,2.16e-01,-1.06e-04,
9272,2.08e-01,-1.06e-04,
9273,2.16e-01,-8.00e-01,
9274,2.08e-01,-8.00e-01,
9275,2.16e-01,-1.06e-04,
9276,2.08e-01,-1.06e-04,
9277,2.16e-01,-8.00e-01,
9278,2.16e-01,-8.00e-01,
9279,2.16e-01,-1.06e-04,
9280,2.08e-01,-1.06e-04,
9281,2.16e-01,-8.00e-01,
9282,2.16e-01,-8.00e-01,
9283,2.16e-01,-1.06e-04,
9284,2.16e-01,-1.06e-04,
9285,2.16e-01,-1.06e-04,
9286,2.16e-01,-8.00e-01,
9287,2.16e-01,-1.06e-04,
9288,2.08e-01,-1.06e-04,
9289,2.16e-01,-8.00e-01,
9290,2.16e-01,-8.00e-01,
9291,2.16e-01,-1.06e-04,
9292,2.16e-01,-1.06e-04,
9293,2.16e-01,-8.00e-01,
9294,2.16e-01,-8.00e-01,
9295,2.16e-01,-1.06e-04,
9296,2.16e-01,-1.06e-04,
9297,2.16e-01,-8.00e-01,
9298,2.16e-01,-8.00e-01,
9299,2.16e-01,-1.06e-04,
9300,2.16e-01,-1.06e-04,
9301,2.16e-01,-8.00e-01,
9302,2.16e-01,-8.00e-01,
9303,2.16e-01,-1.06e-04,
9304,2.16e-01,-1.06e-04,
9305,2.24e-01,-8.00e-01,
9306,2.16e-01,-8.00e-01,
9307,2.16e-01,-1.06e-04,
9308,2.16e-01,-1.06e-04,
9309,2.16e-01,-8.00e-01,
9310,2.16e-01,-8.00e-01,
9311,2.16e-01,-1.06e-04,
9312,2.16e-01,-1.06e-04,
9313,2.16e-01,-8.00e-01,
9314,2.16e-01,-8.00e-01,
9315,2.16e-01,-1.06e-04,
9316,2.16e-01,-1.06e-04,
9317,2.16e-01,-1.06e-04,
9318,2.16e-01,-8.00e-01,
9319,2.16e-01,-1.06e-04,
9320,2.16e-01,-1.06e-04,
9321,2.24e-01,-8.00e-01,
9322,2.16e-01,-8.00e-01,
9323,2.16e-01,-1.06e-04,
9324,2.16e-01,-1.06e-04,
9325,2.24e-01,-1.06e-04,
9326,2.16e-01,-8.00e-01,
9327,2.16e-01,-1.06e-04,
9328,2.16e-01,-1.06e-04,
9329,2.24e-01,-8.00e-01,
9330,2.16e-01,-8.00e-01,
9331,2.16e-01,-1.06e-04,
9332,2.16e-01,-1.06e-04,
9333,2.24e-01,-8.00e-01,
9334,2.16e-01,-8.00e-01,
9335,2.16e-01,-1.06e-04,
9336,2.16e-01,-1.06e-04,
9337,2.24e-01,-8.00e-01,
9338,2.16e-01,-8.00e-01,
9339,2.16e-01,-1.06e-04,
9340,2.16e-01,-1.06e-04,
9341,2.24e-01,-8.00e-01,
9342,2.16e-01,-8.00e-01,
9343,2.16e-01,-1.06e-04,
9344,2.16e-01,-1.06e-04,
9345,2.24e-01,-8.00e-01,
9346,2.16e-01,-8.00e-01,
9347,2.24e-01,-1.06e-04,
9348,2.16e-01,-1.06e-04,
9349,2.24e-01,-8.00e-01,
9350,2.16e-01,-8.00e-01,
9351,2.16e-01,-1.06e-04,
9352,2.16e-01,-1.06e-04,
9353,2.24e-01,-8.00e-01,
9354,2.16e-01,-8.00e-01,
9355,2.24e-01,-1.06e-04,
9356,2.16e-01,-1.06e-04,
9357,2.24e-01,-1.06e-04,
9358,2.16e-01,-8.00e-01,
9359,2.24e-01,-1.06e-04,
9360,2.16e-01,-1.06e-04,
9361,2.24e-01,-8.00e-01,
9362,2.16e-01,-8.00e-01,
9363,2.24e-01,-1.06e-04,
9364,2.16e-01,-1.06e-04,
9365,2.24e-01,-1.06e-04,
9366,2.24e-01,-8.00e-01,
9367,2.24e-01,-1.06e-04,
9368,2.16e-01,-1.06e-04,
9369,2.24e-01,-8.00e-01,
9370,2.16e-01,-8.00e-01,
9371,2.24e-01,-1.06e-04,
9372,2.16e-01,-1.06e-04,
9373,2.24e-01,-8.00e-01,
9374,2.24e-01,-8.00e-01,
9375,2.24e-01,-1.06e-04,
9376,2.16e-01,-1.06e-04,
9377,2.24e-01,-8.00e-01,
9378,2.24e-01,-1.06e-04,
9379,2.24e-01,-1.06e-04,
9380,2.16e-01,-1.06e-04,
9381,2.24e-01,-1.06e-04,
9382,2.24e-01,-8.00e-01,
9383,2.24e-01,-1.06e-04,
9384,2.24e-01,-1.06e-04,
9385,2.24e-01,-1.06e-04,
9386,2.24e-01,-8.00e-01,
9387,2.24e-01,-1.06e-04,
9388,2.24e-01,-1.06e-04,
9389,2.24e-01,-8.00e-01,
9390,2.24e-01,-8.00e-01,
9391,2.24e-01,-1.06e-04,
9392,2.24e-01,-1.06e-04,
9393,2.32e-01,-8.00e-01,
9394,2.24e-01,-8.00e-01,
9395,2.24e-01,-1.06e-04,
9396,2.16e-01,-1.06e-04,
9397,2.24e-01,-1.06e-04,
9398,2.24e-01,-8.00e-01,
9399,2.24e-01,-1.06e-04,
9400,2.24e-01,-1.06e-04,
9401,2.32e-01,-8.00e-01,
9402,2.24e-01,-8.00e-01,
9403,2.24e-01,-1.06e-04,
9404,2.24e-01,-1.06e-04,
9405,2.24e-01,-1.06e-04,
9406,2.24e-01,-8.00e-01,
9407,2.24e-01,-1.06e-04,
9408,2.24e-01,-1.06e-04,
9409,2.32e-01,-8.00e-01,
9410,2.24e-01,-8.00e-01,
9411,2.24e-01,-1.06e-04,
9412,2.24e-01,-1.06e-04,
9413,2.32e-01,-8.00e-01,
9414,2.24e-01,-8.00e-01,
9415,2.24e-01,-1.06e-04,
9416,2.24e-01,-1.06e-04,
9417,2.32e-01,-8.00e-01,
9418,2.24e-01,-8.00e-01,
9419,2.24e-01,-1.06e-04,
9420,2.24e-01,-1.06e-04,
9421,2.32e-01,-8.00e-01,
9422,2.24e-01,-8.00e-01,
9423,2.24e-01,-1.06e-04,
9424,2.24e-01,-1.06e-04,
9425,2.32e-01,-1.06e-04,
9426,2.24e-01,-8.00e-01,
9427,2.32e-01,-1.06e-04,
9428,2.24e-01,-1.06e-04,
9429,2.32e-01,-1.06e-04,
9430,2.24e-01,-8.00e-01,
9431,2.24e-01,-1.06e-04,
9432,2.24e-01,-1.06e-04,
9433,2.32e-01,-1.06e-04,
9434,2.24e-01,-8.00e-01,
9435,2.32e-01,-1.06e-04,
9436,2.24e-01,-1.06e-04,
9437,2.32e-01,-8.00e-01,
9438,2.24e-01,-8.00e-01,
9439,2.24e-01,-1.06e-04,
9440,2.24e-01,-1.06e-04,
9441,2.32e-01,-8.00e-01,
9442,2.32e-01,-8.00e-01,
9443,2.32e-01,-1.06e-04,
9444,2.24e-01,-1.06e-04,
9445,2.32e-01,-1.06e-04,
9446,2.32e-01,-8.00e-01,
9447,2.32e-01,-1.06e-04,
9448,2.24e-01,-1.06e-04,
9449,2.32e-01,-8.00e-01,
9450,2.24e-01,-8.00e-01,
9451,2.32e-01,-1.06e-04,
9452,2.24e-01,-1.06e-04,
9453,2.32e-01,-1.06e-04,
9454,2.32e-01,-8.00e-01,
9455,2.32e-01,-1.06e-04,
9456,2.24e-01,-1.06e-04,
9457,2.32e-01,-8.00e-01,
9458,2.24e-01,-1.06e-04,
9459,2.32e-01,-1.06e-04,
9460,2.24e-01,-1.06e-04,
9461,2.40e-01,-1.06e-04,
9462,2.32e-01,-8.00e-01,
9463,2.32e-01,-1.06e-04,
9464,2.24e-01,-1.06e-04,
9465,2.32e-01,-8.00e-01,
9466,2.24e-01,-1.06e-04,
9467,2.32e-01,-8.00e-01,
9468,2.24e-01,-1.06e-04,
9469,2.32e-01,-1.06e-04,
9470,2.32e-01,-8.00e-01,
9471,2.32e-01,-1.06e-04,
9472,2.24e-01,-1.06e-04,
9473,2.32e-01,-8.00e-01,
9474,2.24e-01,-8.00e-01,
9475,2.32e-01,-1.06e-04,
9476,2.24e-01,-1.06e-04,
9477,2.40e-01,-8.00e-01,
9478,2.32e-01,-8.00e-01,
9479,2.32e-01,-1.06e-04,
9480,2.32e-01,-1.06e-04,
9481,2.40e-01,-8.00e-01,
9482,2.32e-01,-8.00e-01,
9483,2.32e-01,-1.06e-04,
9484,2.32e-01,-1.06e-04,
9485,2.32e-01,-1.06e-04,
9486,2.32e-01,-8.00e-01,
9487,2.32e-01,-1.06e-04,
9488,2.32e-01,-1.06e-04,
9489,2.40e-01,-8.00e-01,
9490,2.32e-01,-8.00e-01,
9491,2.32e-01,-1.06e-04,
9492,2.32e-01,-1.06e-04,
9493,2.32e-01,-8.00e-01,
9494,2.32e-01,-8.00e-01,
9495,2.32e-01,-1.06e-04,
9496,2.32e-01,-1.06e-04,
9497,2.40e-01,-8.00e-01,
9498,2.32e-01,-8.00e-01,
9499,2.32e-01,-1.06e-04,
9500,2.32e-01,-1.06e-04,
9501,2.40e-01,-8.00e-01,
9502,2.32e-01,-8.00e-01,
9503,2.32e-01,-1.06e-04,
9504,2.32e-01,-1.06e-04,
9505,2.40e-01,-1.06e-04,
9506,2.32e-01,-8.00e-01,
9507,2.32e-01,-1.06e-04,
9508,2.32e-01,-1.06e-04,
9509,2.40e-01,-1.06e-04,
9510,2.32e-01,-8.00e-01,
9511,2.32e-01,-1.06e-04,
9512,2.32e-01,-1.06e-04,
9513,2.40e-01,-8.00e-01,
9514,2.32e-01,-8.00e-01,
9515,2.32e-01,-1.06e-04,
9516,2.32e-01,-1.06e-04,
9517,2.40e-01,-1.06e-04,
9518,2.32e-01,-8.00e-01,
9519,2.40e-01,-1.06e-04,
9520,2.32e-01,-1.06e-04,
9521,2.40e-01,-8.00e-01,
9522,2.32e-01,-8.00e-01,
9523,2.40e-01,-1.06e-04,
9524,2.32e-01,-1.06e-04,
9525,2.40e-01,-1.06e-04,
9526,2.32e-01,-8.00e-01,
9527,2.40e-01,-1.06e-04,
9528,2.32e-01,-1.06e-04,
9529,2.40e-01,-8.00e-01,
9530,2.32e-01,-8.00e-01,
9531,2.40e-01,-1.06e-04,
9532,2.32e-01,-1.06e-04,
9533,2.40e-01,-8.00e-01,
9534,2.40e-01,-8.00e-01,
9535,2.40e-01,-1.06e-04,
9536,2.32e-01,-1.06e-04,
9537,2.40e-01,-1.06e-04,
9538,2.32e-01,-8.00e-01,
9539,2.40e-01,-1.06e-04,
9540,2.32e-01,-1.06e-04,
9541,2.40e-01,-8.00e-01,
9542,2.40e-01,-8.00e-01,
9543,2.40e-01,-1.06e-04,
9544,2.32e-01,-1.06e-04,
9545,2.40e-01,-1.06e-04,
9546,2.32e-01,-8.00e-01,
9547,2.40e-01,-1.06e-04,
9548,2.32e-01,-1.06e-04,
9549,2.40e-01,-1.06e-04,
9550,2.40e-01,-8.00e-01,
9551,2.40e-01,-1.06e-04,
9552,2.32e-01,-1.06e-04,
9553,2.40e-01,-1.06e-04,
9554,2.32e-01,-8.00e-01,
9555,2.40e-01,-1.06e-04,
9556,2.32e-01,-1.06e-04,
9557,2.40e-01,-8.00e-01,
9558,2.40e-01,-8.00e-01,
9559,2.40e-01,-1.06e-04,
9560,2.32e-01,-1.06e-04,
9561,2.40e-01,-8.00e-01,
9562,2.32e-01,-8.00e-01,
9563,2.40e-01,-1.06e-04,
9564,2.32e-01,-1.06e-04,
9565,2.40e-01,-1.06e-04,
9566,2.40e-01,-8.00e-01,
9567,2.40e-01,-1.06e-04,
9568,2.40e-01,-1.06e-04,
9569,2.40e-01,-1.06e-04,
9570,2.40e-01,-8.00e-01,
9571,2.40e-01,-1.06e-04,
9572,2.32e-01,-1.06e-04,
9573,2.40e-01,-8.00e-01,
9574,2.40e-01,-8.00e-01,
9575,2.40e-01,-1.06e-04,
9576,2.40e-01,-1.06e-04,
9577,2.48e-01,-8.00e-01,
9578,2.40e-01,-8.00e-01,
9579,2.40e-01,-1.06e-04,
9580,2.32e-01,-1.06e-04,
9581,2.40e-01,-8.00e-01,
9582,2.40e-01,-8.00e-01,
9583,2.40e-01,-1.06e-04,
9584,2.40e-01,-1.06e-04,
9585,2.40e-01,-1.06e-04,
9586,2.40e-01,-8.00e-01,
9587,2.40e-01,-1.06e-04,
9588,2.40e-01,-1.06e-04,
9589,2.40e-01,-8.00e-01,
9590,2.40e-01,-8.00e-01,
9591,2.40e-01,-1.06e-04,
9592,2.40e-01,-1.06e-04,
9593,2.48e-01,-8.00e-01,
9594,2.40e-01,-8.00e-01,
9595,2.40e-01,-1.06e-04,
9596,2.40e-01,-1.06e-04,
9597,2.48e-01,-8.00e-01,
9598,2.40e-01,-8.00e-01,
9599,2.40e-01,-1.06e-04,
9600,2.40e-01,-1.06e-04,
9601,2.48e-01,-8.00e-01,
9602,2.40e-01,-8.00e-01,
9603,2.40e-01,-1.06e-04,
9604,2.40e-01,-1.06e-04,
9605,2.48e-01,-1.06e-04,
9606,2.40e-01,-8.00e-01,
9607,2.48e-01,-1.06e-04,
9608,2.40e-01,-1.06e-04,
9609,2.48e-01,-8.00e-01,
9610,2.40e-01,-8.00e-01,
9611,2.48e-01,-1.06e-04,
9612,2.40e-01,-1.06e-04,
9613,2.48e-01,-8.00e-01,
9614,2.40e-01,-8.00e-01,
9615,2.40e-01,-1.06e-04,
9616,2.40e-01,-1.06e-04,
9617,2.48e-01,-8.00e-01,
9618,2.40e-01,-8.00e-01,
9619,2.48e-01,-1.06e-04,
9620,2.40e-01,-1.06e-04,
9621,2.48e-01,-8.00e-01,
9622,2.40e-01,-8.00e-01,
9623,2.48e-01,-1.06e-04,
9624,2.40e-01,-1.06e-04,
9625,2.48e-01,-1.06e-04,
9626,2.40e-01,-8.00e-01,
9627,2.48e-01,-1.06e-04,
9628,2.40e-01,-1.06e-04,
9629,2.48e-01,-8.00e-01,
9630,2.48e-01,-1.06e-04,
9631,2.48e-01,-1.06e-04,
9632,2.40e-01,-1.06e-04,
9633,2.48e-01,-8.00e-01,
9634,2.40e-01,-8.00e-01,
9635,2.48e-01,-1.06e-04,
9636,2.40e-01,-1.06e-04,
9637,2.48e-01,-1.06e-04,
9638,2.40e-01,-8.00e-01,
9639,2.48e-01,-1.06e-04,
9640,2.40e-01,-1.06e-04,
9641,2.48e-01,-8.00e-01,
9642,2.48e-01,-8.00e-01,
9643,2.48e-01,-1.06e-04,
9644,2.40e-01,-1.06e-04,
9645,2.48e-01,-1.06e-04,
9646,2.48e-01,-8.00e-01,
9647,2.48e-01,-1.06e-04,
9648,2.40e-01,-1.06e-04,
9649,2.48e-01,-8.00e-01,
9650,2.48e-01,-1.06e-04,
9651,2.48e-01,-1.06e-04,
9652,2.40e-01,-1.06e-04,
9653,2.48e-01,-8.00e-01,
9654,2.48e-01,-8.00e-01,
9655,2.48e-01,-1.06e-04,
9656,2.40e-01,-1.06e-04,
9657,2.48e-01,-8.00e-01,
9658,2.40e-01,-1.06e-04,
9659,2.48e-01,-1.06e-04,
9660,2.40e-01,-1.06e-04,
9661,2.56e-01,-8.00e-01,
9662,2.48e-01,-8.00e-01,
9663,2.48e-01,-1.06e-04,
9664,2.48e-01,-1.06e-04,
9665,2.56e-01,-8.00e-01,
9666,2.40e-01,-1.06e-04,
9667,2.56e-01,-8.00e-01,
9668,2.40e-01,8.00e-01,
9669,2.56e-01,-1.06e-04,
9670,2.48e-01,-8.00e-01,
9671,2.48e-01,-1.06e-04,
9672,2.48e-01,-1.06e-04,
9673,2.48e-01,-1.06e-04,
9674,2.48e-01,-8.00e-01,
9675,2.48e-01,-1.06e-04,
9676,2.48e-01,-1.06e-04,
9677,2.48e-01,-8.00e-01,
9678,2.48e-01,-8.00e-01,
9679,2.48e-01,-1.06e-04,
9680,2.48e-01,-1.06e-04,
9681,2.56e-01,-8.00e-01,
9682,2.48e-01,-8.00e-01,
9683,2.48e-01,-1.06e-04,
9684,2.48e-01,-1.06e-04,
9685,2.56e-01,-1.06e-04,
9686,2.48e-01,-8.00e-01,
9687,2.48e-01,-1.06e-04,
9688,2.48e-01,-1.06e-04,
9689,2.56e-01,-8.00e-01,
9690,2.48e-01,-8.00e-01,
9691,2.48e-01,-1.06e-04,
9692,2.48e-01,-1.06e-04,
9693,2.56e-01,-1.06e-04,
9694,2.48e-01,-8.00e-01,
9695,2.48e-01,-1.06e-04,
9696,2.48e-01,-1.06e-04,
9697,2.56e-01,-8.00e-01,
9698,2.48e-01,-8.00e-01,
9699,2.56e-01,-1.06e-04,
9700,2.48e-01,-1.06e-04,
9701,2.56e-01,-1.06e-04,
9702,2.48e-01,-8.00e-01,
9703,2.48e-01,-1.06e-04,
9704,2.48e-01,-1.06e-04,
9705,2.56e-01,-1.06e-04,
9706,2.48e-01,-8.00e-01,
9707,2.56e-01,-1.06e-04,
9708,2.48e-01,-1.06e-04,
9709,2.56e-01,-1.06e-04,
9710,2.48e-01,-8.00e-01,
9711,2.56e-01,-1.06e-04,
9712,2.48e-01,-1.06e-04,
9713,2.56e-01,-8.00e-01,
9714,2.48e-01,-8.00e-01,
9715,2.56e-01,-1.06e-04,
9716,2.48e-01,-1.06e-04,
9717,2.56e-01,-8.00e-01,
9718,2.48e-01,-1.06e-04,
9719,2.56e-01,-1.06e-04,
9720,2.48e-01,-1.06e-04,
9721,2.56e-01,-8.00e-01,
9722,2.48e-01,-8.00e-01,
9723,2.56e-01,-1.06e-04,
9724,2.48e-01,-1.06e-04,
9725,2.56e-01,-1.06e-04,
9726,2.56e-01,-8.00e-01,
9727,2.56e-01,-1.06e-04,
9728,2.48e-01,-1.06e-04,
9729,2.56e-01,-8.00e-01,
9730,2.48e-01,-8.00e-01,
9731,2.56e-01,-1.06e-04,
9732,2.48e-01,-1.06e-04,
9733,2.56e-01,-1.06e-04,
9734,2.56e-01,-8.00e-01,
9735,2.56e-01,-1.06e-04,
9736,2.48e-01,-1.06e-04,
9737,2.56e-01,-8.00e-01,
9738,2.48e-01,-8.00e-01,
9739,2.56e-01,-1.06e-04,
9740,2.48e-01,-1.06e-04,
9741,2.56e-01,-1.06e-04,
9742,2.56e-01,-8.00e-01,
9743,2.56e-01,-1.06e-04,
9744,2.48e-01,-1.06e-04,
9745,2.56e-01,-1.06e-04,
9746,2.56e-01,-8.00e-01,
9747,2.56e-01,-1.06e-04,
9748,2.48e-01,-1.06e-04,
9749,2.56e-01,-1.06e-04,
9750,2.56e-01,-8.00e-01,
9751,2.56e-01,-1.06e-04,
9752,2.48e-01,-1.06e-04,
9753,2.64e-01,-8.00e-01,
9754,2.56e-01,-8.00e-01,
9755,2.56e-01,-1.06e-04,
9756,2.48e-01,-1.06e-04,
9757,2.56e-01,-1.06e-04,
9758,2.56e-01,-8.00e-01,
9759,2.56e-01,-1.06e-04,
9760,2.56e-01,-1.06e-04,
9761,2.56e-01,-8.00e-01,
9762,2.56e-01,-8.00e-01,
9763,2.56e-01,-1.06e-04,
9764,2.56e-01,-1.06e-04,
9765,2.56e-01,-1.06e-04,
9766,2.56e-01,-8.00e-01,
9767,2.56e-01,-1.06e-04,
9768,2.56e-01,-1.06e-04,
9769,2.64e-01,-8.00e-01,
9770,2.56e-01,-8.00e-01,
9771,2.56e-01,-1.06e-04,
9772,2.56e-01,-1.06e-04,
9773,2.64e-01,-8.00e-01,
9774,2.56e-01,-8.00e-01,
9775,2.56e-01,-1.06e-04,
9776,2.56e-01,-1.06e-04,
9777,2.64e-01,-1.06e-04,
9778,2.56e-01,-8.00e-01,
9779,2.56e-01,-1.06e-04,
9780,2.56e-01,-1.06e-04,
9781,2.64e-01,-1.06e-04,
9782,2.56e-01,-1.06e-04,
9783,2.56e-01,-1.06e-04,
9784,2.56e-01,-1.06e-04,
9785,2.56e-01,-1.06e-04,
9786,2.56e-01,-8.00e-01,
9787,2.56e-01,-1.06e-04,
9788,2.56e-01,-1.06e-04,
9789,2.64e-01,-8.00e-01,
9790,2.56e-01,-1.06e-04,
9791,2.56e-01,-1.06e-04,
9792,2.56e-01,-1.06e-04,
9793,2.64e-01,-1.06e-04,
9794,2.56e-01,-8.00e-01,
9795,2.56e-01,-1.06e-04,
9796,2.56e-01,-1.06e-04,
9797,2.64e-01,-8.00e-01,
9798,2.56e-01,-1.06e-04,
9799,2.56e-01,-1.06e-04,
9800,2.56e-01,-1.06e-04,
9801,2.64e-01,-8.00e-01,
9802,2.56e-01,-8.00e-01,
9803,2.64e-01,-1.06e-04,
9804,2.56e-01,-1.06e-04,
9805,2.64e-01,-1.06e-04,
9806,2.56e-01,-8.00e-01,
9807,2.64e-01,-1.06e-04,
9808,2.56e-01,-1.06e-04,
9809,2.64e-01,-8.00e-01,
9810,2.56e-01,-1.06e-04,
9811,2.64e-01,-1.06e-04,
9812,2.56e-01,-1.06e-04,
9813,2.64e-01,-1.06e-04,
9814,2.56e-01,-1.06e-04,
9815,2.64e-01,-1.06e-04,
9816,2.56e-01,-1.06e-04,
9817,2.64e-01,-1.06e-04,
9818,2.56e-01,-8.00e-01,
9819,2.64e-01,-1.06e-04,
9820,2.56e-01,-1.06e-04,
9821,2.64e-01,-8.00e-01,
9822,2.64e-01,-8.00e-01,
9823,2.64e-01,-1.06e-04,
9824,2.56e-01,-1.06e-04,
9825,2.64e-01,-1.06e-04,
9826,2.56e-01,-8.00e-01,
9827,2.64e-01,-1.06e-04,
9828,2.56e-01,-1.06e-04,
9829,2.64e-01,-1.06e-04,
9830,2.64e-01,-8.00e-01,
9831,2.64e-01,-1.06e-04,
9832,2.56e-01,-1.06e-04,
9833,2.64e-01,-1.06e-04,
9834,2.56e-01,-8.00e-01,
9835,2.64e-01,-1.06e-04,
9836,2.64e-01,-1.06e-04,
9837,2.64e-01,-8.00e-01,
9838,2.64e-01,-1.06e-04,
9839,2.64e-01,-1.06e-04,
9840,2.64e-01,-1.06e-04,
9841,2.64e-01,-1.06e-04,
9842,2.64e-01,-8.00e-01,
9843,2.64e-01,-1.06e-04,
9844,2.64e-01,-1.06e-04,
9845,2.64e-01,-1.06e-04,
9846,2.64e-01,-8.00e-01,
9847,2.64e-01,-1.06e-04,
9848,2.56e-01,-1.06e-04,
9849,2.72e-01,-8.00e-01,
9850,2.64e-01,-1.06e-04,
9851,2.64e-01,-1.06e-04,
9852,2.64e-01,-1.06e-04,
9853,2.64e-01,-1.06e-04,
9854,2.64e-01,-8.00e-01,
9855,2.64e-01,-1.06e-04,
9856,2.64e-01,-1.06e-04,
9857,2.72e-01,-8.00e-01,
9858,2.64e-01,-1.06e-04,
9859,2.64e-01,-1.06e-04,
9860,2.64e-01,-1.06e-04,
9861,2.72e-01,-1.06e-04,
9862,2.64e-01,-8.00e-01,
9863,2.64e-01,-1.06e-04,
9864,2.64e-01,-1.06e-04,
9865,2.72e-01,-8.00e-01,
9866,2.64e-01,-1.06e-04,
9867,2.72e-01,-8.00e-01,
9868,2.56e-01,-1.06e-04,
9869,2.72e-01,-1.06e-04,
9870,2.64e-01,-8.00e-01,
9871,2.64e-01,-1.06e-04,
9872,2.64e-01,-1.06e-04,
9873,2.72e-01,-1.06e-04,
9874,2.64e-01,-8.00e-01,
9875,2.64e-01,-1.06e-04,
9876,2.64e-01,-1.06e-04,
9877,2.72e-01,-8.00e-01,
9878,2.64e-01,-1.06e-04,
9879,2.64e-01,-1.06e-04,
9880,2.64e-01,-1.06e-04,
9881,2.72e-01,-1.06e-04,
9882,2.64e-01,-8.00e-01,
9883,2.64e-01,-1.06e-04,
9884,2.64e-01,-1.06e-04,
9885,2.72e-01,-1.06e-04,
9886,2.64e-01,-8.00e-01,
9887,2.64e-01,-1.06e-04,
9888,2.64e-01,-1.06e-04,
9889,2.72e-01,-8.00e-01,
9890,2.64e-01,-8.00e-01,
9891,2.72e-01,-1.06e-04,
9892,2.64e-01,-1.06e-04,
9893,2.72e-01,-1.06e-04,
9894,2.64e-01,-8.00e-01,
9895,2.64e-01,-1.06e-04,
9896,2.64e-01,-1.06e-04,
9897,2.72e-01,-8.00e-01,
9898,2.64e-01,-1.06e-04,
9899,2.72e-01,-1.06e-04,
9900,2.64e-01,-1.06e-04,
9901,2.72e-01,-1.06e-04,
9902,2.64e-01,-8.00e-01,
9903,2.72e-01,-1.06e-04,
9904,2.64e-01,-1.06e-04,
9905,2.72e-01,-1.06e-04,
9906,2.64e-01,-8.00e-01,
9907,2.72e-01,-1.06e-04,
9908,2.64e-01,-1.06e-04,
9909,2.72e-01,-1.06e-04,
9910,2.72e-01,-1.06e-04,
9911,2.72e-01,-1.06e-04,
9912,2.64e-01,-1.06e-04,
9913,2.72e-01,-1.06e-04,
9914,2.64e-01,-1.06e-04,
9915,2.72e-01,-1.06e-04,
9916,2.64e-01,-1.06e-04,
9917,2.72e-01,-1.06e-04,
9918,2.64e-01,-8.00e-01,
9919,2.72e-01,-1.06e-04,
9920,2.64e-01,-1.06e-04,
9921,2.72e-01,-8.00e-01,
9922,2.72e-01,-1.06e-04,
9923,2.72e-01,-1.06e-04,
9924,2.64e-01,-1.06e-04,
9925,2.72e-01,-1.06e-04,
9926,2.72e-01,-8.00e-01,
9927,2.72e-01,-1.06e-04,
9928,2.64e-01,-1.06e-04,
9929,2.72e-01,-8.00e-01,
9930,2.72e-01,-1.06e-04,
9931,2.72e-01,-1.06e-04,
9932,2.64e-01,-1.06e-04,
9933,2.72e-01,-1.06e-04,
9934,2.72e-01,-8.00e-01,
9935,2.72e-01,-1.06e-04,
9936,2.72e-01,-1.06e-04,
9937,2.80e-01,-8.00e-01,
9938,2.72e-01,-8.00e-01,
9939,2.72e-01,-1.06e-04,
9940,2.64e-01,-1.06e-04,
9941,2.72e-01,-1.06e-04,
9942,2.72e-01,-1.06e-04,
9943,2.72e-01,-1.06e-04,
9944,2.72e-01,-1.06e-04,
9945,2.80e-01,-1.06e-04,
9946,2.72e-01,-8.00e-01,
9947,2.72e-01,-1.06e-04,
9948,2.72e-01,-1.06e-04,
9949,2.80e-01,-1.06e-04,
9950,2.72e-01,-1.06e-04,
9951,2.72e-01,-1.06e-04,
9952,2.72e-01,-1.06e-04,
9953,2.80e-01,-8.00e-01,
9954,2.72e-01,-8.00e-01,
9955,2.72e-01,-1.06e-04,
9956,2.72e-01,-1.06e-04,
9957,2.72e-01,-1.06e-04,
9958,2.72e-01,-1.06e-04,
9959,2.72e-01,-1.06e-04,
9960,2.72e-01,-1.06e-04,
9961,2.80e-01,-1.06e-04,
9962,2.72e-01,-1.06e-04,
9963,2.72e-01,-1.06e-04,
9964,2.72e-01,-1.06e-04,
9965,2.80e-01,-1.06e-04,
9966,2.72e-01,-8.00e-01,
9967,2.72e-01,-1.06e-04,
9968,2.72e-01,-1.06e-04,
9969,2.80e-01,-8.00e-01,
9970,2.72e-01,-1.06e-04,
9971,2.72e-01,-1.06e-04,
9972,2.72e-01,-1.06e-04,
9973,2.80e-01,-1.06e-04,
9974,2.72e-01,-1.06e-04,
9975,2.72e-01,-1.06e-04,
9976,2.72e-01,-1.06e-04,
9977,2.80e-01,-1.06e-04,
9978,2.72e-01,-1.06e-04,
9979,2.80e-01,-1.06e-04,
9980,2.72e-01,-1.06e-04,
9981,2.80e-01,-1.06e-04,
9982,2.72e-01,-8.00e-01,
9983,2.72e-01,-1.06e-04,
9984,2.72e-01,-1.06e-04,
9985,2.80e-01,-1.06e-04,
9986,2.72e-01,-8.00e-01,
9987,2.72e-01,-1.06e-04,
9988,2.72e-01,-1.06e-04,
9989,2.80e-01,-1.06e-04,
9990,2.72e-01,-1.06e-04,
9991,2.80e-01,-1.06e-04,
9992,2.72e-01,-1.06e-04,
9993,2.80e-01,-1.06e-04,
9994,2.72e-01,-1.06e-04,
9995,2.80e-01,-1.06e-04,
9996,2.72e-01,-1.06e-04,
9997,2.80e-01,-1.06e-04,
9998,2.80e-01,-8.00e-01,
9999,2.80e-01,-1.06e-04,
10000,2.72e-01,-1.06e-04,
10001,2.80e-01,-8.00e-01,
10002,2.72e-01,-8.00e-01,
10003,2.80e-01,-1.06e-04,
10004,2.72e-01,-1.06e-04,
10005,2.80e-01,-1.06e-04,
10006,2.80e-01,-1.06e-04,
10007,2.80e-01,-1.06e-04,
10008,2.72e-01,-1.06e-04,
10009,2.80e-01,-8.00e-01,
10010,2.72e-01,-1.06e-04,
10011,2.80e-01,-1.06e-04,
10012,2.72e-01,-1.06e-04,
10013,2.80e-01,-1.06e-04,
10014,2.80e-01,-8.00e-01,
10015,2.80e-01,-1.06e-04,
10016,2.72e-01,-1.06e-04,
10017,2.96e-01,-1.06e-04,
10018,2.72e-01,-1.06e-04,
10019,2.80e-01,-1.06e-04,
10020,2.72e-01,-1.06e-04,
10021,2.80e-01,-1.06e-04,
10022,2.80e-01,-1.06e-04,
10023,2.80e-01,-1.06e-04,
10024,2.72e-01,-1.06e-04,
10025,2.80e-01,-1.06e-04,
10026,2.80e-01,-8.00e-01,
10027,2.80e-01,-1.06e-04,
10028,2.72e-01,-1.06e-04,
10029,2.80e-01,-1.06e-04,
10030,2.80e-01,-1.06e-04,
10031,2.80e-01,-1.06e-04,
10032,2.80e-01,-1.06e-04,
10033,2.96e-01,-1.06e-04,
10034,2.80e-01,-1.06e-04,
10035,2.80e-01,-1.06e-04,
10036,2.80e-01,-1.06e-04,
10037,2.80e-01,-1.06e-04,
10038,2.80e-01,-1.06e-04,
10039,2.80e-01,-1.06e-04,
10040,2.80e-01,-1.06e-04,
10041,2.96e-01,-1.06e-04,
10042,2.80e-01,-8.00e-01,
10043,2.80e-01,-1.06e-04,
10044,2.80e-01,-1.06e-04,
10045,2.80e-01,-1.06e-04,
10046,2.80e-01,-8.00e-01,
10047,2.80e-01,-1.06e-04,
10048,2.80e-01,-1.06e-04,
10049,2.96e-01,-1.06e-04,
10050,2.80e-01,-1.06e-04,
10051,2.80e-01,-1.06e-04,
10052,2.80e-01,-1.06e-04,
10053,2.96e-01,-1.06e-04,
10054,2.80e-01,-1.06e-04,
10055,2.80e-01,-1.06e-04,
10056,2.80e-01,-1.06e-04,
10057,2.96e-01,-8.00e-01,
10058,2.80e-01,-1.06e-04,
10059,2.80e-01,-1.06e-04,
10060,2.80e-01,-1.06e-04,
10061,2.96e-01,-1.06e-04,
10062,2.80e-01,-1.06e-04,
10063,2.80e-01,-1.06e-04,
10064,2.80e-01,-1.06e-04,
10065,2.96e-01,-8.00e-01,
10066,2.80e-01,-1.06e-04,
10067,2.96e-01,-8.00e-01,
10068,2.80e-01,8.00e-01,
10069,2.96e-01,-1.06e-04,
10070,2.96e-01,-8.00e-01,
10071,2.80e-01,-1.06e-04,
10072,2.80e-01,-1.06e-04,
10073,2.96e-01,-1.06e-04,
10074,2.80e-01,-1.06e-04,
10075,2.96e-01,-1.06e-04,
10076,2.80e-01,-1.06e-04,
10077,2.96e-01,-8.00e-01,
10078,2.80e-01,-1.06e-04,
10079,2.80e-01,-1.06e-04,
10080,2.80e-01,-1.06e-04,
10081,2.96e-01,-1.06e-04,
10082,2.80e-01,-1.06e-04,
10083,2.96e-01,-1.06e-04,
10084,2.80e-01,-1.06e-04,
10085,2.96e-01,-1.06e-04,
10086,2.96e-01,-8.00e-01,
10087,2.80e-01,-1.06e-04,
10088,2.80e-01,-1.06e-04,
10089,2.96e-01,-8.00e-01,
10090,2.80e-01,-8.00e-01,
10091,2.96e-01,-1.06e-04,
10092,2.80e-01,-1.06e-04,
10093,2.96e-01,-1.06e-04,
10094,2.80e-01,-8.00e-01,
10095,2.96e-01,-1.06e-04,
10096,2.80e-01,-1.06e-04,
10097,2.96e-01,-1.06e-04,
10098,2.80e-01,-8.00e-01,
10099,2.96e-01,-1.06e-04,
10100,2.80e-01,-1.06e-04,
10101,2.96e-01,-1.06e-04,
10102,2.96e-01,-8.00e-01,
10103,2.96e-01,-1.06e-04,
10104,2.80e-01,-1.06e-04,
10105,2.96e-01,-1.06e-04,
10106,2.96e-01,-8.00e-01,
10107,2.96e-01,-1.06e-04,
10108,2.80e-01,-1.06e-04,
10109,2.96e-01,-1.06e-04,
10110,2.96e-01,-1.06e-04,
10111,2.96e-01,-1.06e-04,
10112,2.80e-01,-1.06e-04,
10113,2.96e-01,-1.06e-04,
10114,2.96e-01,-1.06e-04,
10115,2.96e-01,-1.06e-04,
10116,2.80e-01,-1.06e-04,
10117,2.96e-01,-1.06e-04,
10118,2.96e-01,-1.06e-04,
10119,2.96e-01,-1.06e-04,
10120,2.80e-01,-1.06e-04,
10121,2.96e-01,-1.06e-04,
10122,2.96e-01,-8.00e-01,
10123,2.96e-01,-1.06e-04,
10124,2.96e-01,-1.06e-04,
10125,2.96e-01,-1.06e-04,
10126,2.96e-01,-1.06e-04,
10127,2.96e-01,-1.06e-04,
10128,2.96e-01,-1.06e-04,
10129,3.04e-01,-8.00e-01,
10130,2.96e-01,-1.06e-04,
10131,2.96e-01,-1.06e-04,
10132,2.80e-01,-1.06e-04,
10133,3.04e-01,-1.06e-04,
10134,2.96e-01,-1.06e-04,
10135,2.96e-01,-1.06e-04,
10136,2.96e-01,-1.06e-04,
10137,2.96e-01,-1.06e-04,
10138,2.96e-01,-1.06e-04,
10139,2.96e-01,-1.06e-04,
10140,2.96e-01,-1.06e-04,
10141,3.04e-01,-1.06e-04,
10142,2.96e-01,-1.06e-04,
10143,2.96e-01,-1.06e-04,
10144,2.96e-01,-1.06e-04,
10145,3.04e-01,-1.06e-04,
10146,2.96e-01,-8.00e-01,
10147,2.96e-01,-1.06e-04,
10148,2.96e-01,-1.06e-04,
10149,3.04e-01,-1.06e-04,
10150,2.96e-01,-1.06e-04,
10151,2.96e-01,-1.06e-04,
10152,2.96e-01,-1.06e-04,
10153,3.04e-01,-1.06e-04,
10154,2.96e-01,-8.00e-01,
10155,2.96e-01,-1.06e-04,
10156,2.96e-01,-1.06e-04,
10157,3.04e-01,-1.06e-04,
10158,2.96e-01,-1.06e-04,
10159,2.96e-01,-1.06e-04,
10160,2.96e-01,-1.06e-04,
10161,3.04e-01,-1.06e-04,
10162,2.96e-01,-1.06e-04,
10163,3.04e-01,-1.06e-04,
10164,2.96e-01,-1.06e-04,
10165,3.04e-01,-1.06e-04,
10166,2.96e-01,-8.00e-01,
10167,2.96e-01,-1.06e-04,
10168,2.96e-01,-1.06e-04,
10169,3.04e-01,-1.06e-04,
10170,2.96e-01,-1.06e-04,
10171,3.04e-01,-1.06e-04,
10172,2.96e-01,-1.06e-04,
10173,3.04e-01,-1.06e-04,
10174,2.96e-01,-1.06e-04,
10175,3.04e-01,-1.06e-04,
10176,2.96e-01,-1.06e-04,
10177,3.04e-01,-1.06e-04,
10178,2.96e-01,-1.06e-04,
10179,3.04e-01,-1.06e-04,
10180,2.96e-01,-1.06e-04,
10181,3.04e-01,-1.06e-04,
10182,2.96e-01,-1.06e-04,
10183,3.04e-01,-1.06e-04,
10184,2.96e-01,-1.06e-04,
10185,3.04e-01,-1.06e-04,
10186,2.96e-01,-1.06e-04,
10187,3.04e-01,-1.06e-04,
10188,2.96e-01,-1.06e-04,
10189,3.04e-01,-1.06e-04,
10190,2.96e-01,-1.06e-04,
10191,3.04e-01,-1.06e-04,
10192,2.96e-01,-1.06e-04,
10193,3.04e-01,-1.06e-04,
10194,3.04e-01,-1.06e-04,
10195,3.04e-01,-1.06e-04,
10196,2.96e-01,-1.06e-04,
10197,3.04e-01,-1.06e-04,
10198,3.04e-01,-1.06e-04,
10199,3.04e-01,-1.06e-04,
10200,2.96e-01,-1.06e-04,
10201,3.04e-01,-1.06e-04,
10202,3.04e-01,-1.06e-04,
10203,3.04e-01,-1.06e-04,
10204,2.96e-01,-1.06e-04,
10205,3.04e-01,-1.06e-04,
10206,3.04e-01,-1.06e-04,
10207,3.04e-01,-1.06e-04,
10208,2.96e-01,-1.06e-04,
10209,3.04e-01,-8.00e-01,
10210,2.96e-01,-1.06e-04,
10211,3.04e-01,-1.06e-04,
10212,2.96e-01,-1.06e-04,
10213,3.04e-01,-1.06e-04,
10214,3.04e-01,-1.06e-04,
10215,3.04e-01,-1.06e-04,
10216,3.04e-01,-1.06e-04,
10217,3.04e-01,-1.06e-04,
10218,2.96e-01,-1.06e-04,
10219,3.04e-01,-1.06e-04,
10220,2.96e-01,-1.06e-04,
10221,3.04e-01,-1.06e-04,
10222,3.04e-01,-1.06e-04,
10223,3.04e-01,-1.06e-04,
10224,3.04e-01,-1.06e-04,
10225,3.12e-01,-1.06e-04,
10226,3.04e-01,-8.00e-01,
10227,3.04e-01,-1.06e-04,
10228,3.04e-01,-1.06e-04,
10229,3.12e-01,-1.06e-04,
10230,3.04e-01,-1.06e-04,
10231,3.04e-01,-1.06e-04,
10232,3.04e-01,-1.06e-04,
10233,3.12e-01,-1.06e-04,
10234,3.04e-01,-8.00e-01,
10235,3.04e-01,-1.06e-04,
10236,3.04e-01,-1.06e-04,
10237,3.12e-01,-1.06e-04,
10238,3.04e-01,-1.06e-04,
10239,3.04e-01,-1.06e-04,
10240,3.04e-01,-1.06e-04,
10241,3.12e-01,-1.06e-04,
10242,3.04e-01,-1.06e-04,
10243,3.04e-01,-1.06e-04,
10244,3.04e-01,-1.06e-04,
10245,3.12e-01,-1.06e-04,
10246,3.04e-01,-1.06e-04,
10247,3.04e-01,-1.06e-04,
10248,3.04e-01,-1.06e-04,
10249,3.12e-01,-1.06e-04,
10250,3.04e-01,-1.06e-04,
10251,3.04e-01,-1.06e-04,
10252,3.04e-01,-1.06e-04,
10253,3.12e-01,-1.06e-04,
10254,3.04e-01,-8.00e-01,
10255,3.12e-01,-1.06e-04,
10256,3.04e-01,-1.06e-04,
10257,3.12e-01,-1.06e-04,
10258,3.04e-01,-1.06e-04,
10259,3.12e-01,-1.06e-04,
10260,3.04e-01,-1.06e-04,
10261,3.12e-01,-1.06e-04,
10262,3.04e-01,-1.06e-04,
10263,3.04e-01,-1.06e-04,
10264,3.04e-01,-1.06e-04,
10265,3.12e-01,-8.00e-01,
10266,3.04e-01,-1.06e-04,
10267,3.12e-01,-8.00e-01,
10268,3.04e-01,8.00e-01,
10269,3.12e-01,-1.06e-04,
10270,3.04e-01,-8.00e-01,
10271,3.04e-01,-1.06e-04,
10272,3.04e-01,-1.06e-04,
10273,3.12e-01,-1.06e-04,
10274,3.04e-01,-1.06e-04,
10275,3.12e-01,-1.06e-04,
10276,3.04e-01,-1.06e-04,
10277,3.12e-01,-1.06e-04,
10278,3.04e-01,-1.06e-04,
10279,3.12e-01,-1.06e-04,
10280,3.04e-01,-1.06e-04,
10281,3.12e-01,-1.06e-04,
10282,3.04e-01,-1.06e-04,
10283,3.12e-01,-1.06e-04,
10284,3.04e-01,-1.06e-04,
10285,3.12e-01,-1.06e-04,
10286,3.12e-01,-1.06e-04,
10287,3.12e-01,-1.06e-04,
10288,3.04e-01,-1.06e-04,
10289,3.12e-01,-8.00e-01,
10290,3.04e-01,-1.06e-04,
10291,3.12e-01,-1.06e-04,
10292,3.04e-01,-1.06e-04,
10293,3.12e-01,-1.06e-04,
10294,3.12e-01,-1.06e-04,
10295,3.12e-01,-1.06e-04,
10296,3.04e-01,-1.06e-04,
10297,3.12e-01,-1.06e-04,
10298,3.12e-01,-1.06e-04,
10299,3.12e-01,-1.06e-04,
10300,3.04e-01,-1.06e-04,
10301,3.12e-01,-1.06e-04,
10302,3.12e-01,-1.06e-04,
10303,3.12e-01,-1.06e-04,
10304,3.04e-01,-1.06e-04,
10305,3.12e-01,-1.06e-04,
10306,3.12e-01,-8.00e-01,
10307,3.12e-01,-1.06e-04,
10308,3.04e-01,-1.06e-04,
10309,3.12e-01,-1.06e-04,
10310,3.12e-01,-1.06e-04,
10311,3.12e-01,-1.06e-04,
10312,3.04e-01,-1.06e-04,
10313,3.20e-01,-1.06e-04,
10314,3.12e-01,-8.00e-01,
10315,3.12e-01,-1.06e-04,
10316,3.04e-01,-1.06e-04,
10317,3.20e-01,-1.06e-04,
10318,3.12e-01,-1.06e-04,
10319,3.12e-01,-1.06e-04,
10320,3.12e-01,-1.06e-04,
10321,3.20e-01,-1.06e-04,
10322,3.12e-01,-1.06e-04,
10323,3.12e-01,-1.06e-04,
10324,3.12e-01,-1.06e-04,
10325,3.12e-01,-1.06e-04,
10326,3.12e-01,-8.00e-01,
10327,3.12e-01,-1.06e-04,
10328,3.12e-01,-1.06e-04,
10329,3.20e-01,-1.06e-04,
10330,3.12e-01,-1.06e-04,
10331,3.12e-01,-1.06e-04,
10332,3.12e-01,-1.06e-04,
10333,3.20e-01,-1.06e-04,
10334,3.12e-01,-1.06e-04,
10335,3.12e-01,-1.06e-04,
10336,3.12e-01,-1.06e-04,
10337,3.20e-01,-1.06e-04,
10338,3.12e-01,-1.06e-04,
10339,3.12e-01,-1.06e-04,
10340,3.12e-01,-1.06e-04,
10341,3.20e-01,-1.06e-04,
10342,3.12e-01,-1.06e-04,
10343,3.12e-01,-1.06e-04,
10344,3.12e-01,-1.06e-04,
10345,3.20e-01,-1.06e-04,
10346,3.12e-01,-1.06e-04,
10347,3.12e-01,-1.06e-04,
10348,3.12e-01,-1.06e-04,
10349,3.20e-01,-1.06e-04,
10350,3.12e-01,-1.06e-04,
10351,3.12e-01,-1.06e-04,
10352,3.12e-01,-1.06e-04,
10353,3.20e-01,-1.06e-04,
10354,3.12e-01,-1.06e-04,
10355,3.20e-01,-1.06e-04,
10356,3.12e-01,-1.06e-04,
10357,3.20e-01,-1.06e-04,
10358,3.12e-01,-1.06e-04,
10359,3.20e-01,-1.06e-04,
10360,3.12e-01,-1.06e-04,
10361,3.20e-01,-1.06e-04,
10362,3.20e-01,-1.06e-04,
10363,3.20e-01,-1.06e-04,
10364,3.12e-01,-1.06e-04,
10365,3.20e-01,-1.06e-04,
10366,3.20e-01,-8.00e-01,
10367,3.12e-01,-1.06e-04,
10368,3.12e-01,-1.06e-04,
10369,3.20e-01,-1.06e-04,
10370,3.12e-01,-1.06e-04,
10371,3.20e-01,-1.06e-04,
10372,3.12e-01,-1.06e-04,
10373,3.20e-01,-1.06e-04,
10374,3.20e-01,-1.06e-04,
10375,3.20e-01,-1.06e-04,
10376,3.12e-01,-1.06e-04,
10377,3.20e-01,-1.06e-04,
10378,3.20e-01,-1.06e-04,
10379,3.20e-01,-1.06e-04,
10380,3.12e-01,-1.06e-04,
10381,3.20e-01,-1.06e-04,
10382,3.20e-01,-1.06e-04,
10383,3.20e-01,-1.06e-04,
10384,3.12e-01,-1.06e-04,
10385,3.20e-01,-1.06e-04,
10386,3.20e-01,-8.00e-01,
10387,3.20e-01,-1.06e-04,
10388,3.12e-01,-1.06e-04,
10389,3.20e-01,-1.06e-04,
10390,3.20e-01,-1.06e-04,
10391,3.20e-01,-1.06e-04,
10392,3.12e-01,-1.06e-04,
10393,3.20e-01,-1.06e-04,
10394,3.12e-01,-1.06e-04,
10395,3.20e-01,-1.06e-04,
10396,3.12e-01,-1.06e-04,
10397,3.20e-01,-1.06e-04,
10398,3.20e-01,-1.06e-04,
10399,3.20e-01,-1.06e-04,
10400,3.12e-01,-1.06e-04,
10401,3.28e-01,-1.06e-04,
10402,3.20e-01,-1.06e-04,
10403,3.20e-01,-1.06e-04,
10404,3.12e-01,-1.06e-04,
10405,3.28e-01,-1.06e-04,
10406,3.20e-01,-1.06e-04,
10407,3.20e-01,-1.06e-04,
10408,3.20e-01,-1.06e-04,
10409,3.28e-01,-1.06e-04,
10410,3.20e-01,-1.06e-04,
10411,3.20e-01,-1.06e-04,
10412,3.20e-01,-1.06e-04,
10413,3.28e-01,-1.06e-04,
10414,3.20e-01,-1.06e-04,
10415,3.20e-01,-1.06e-04,
10416,3.20e-01,-1.06e-04,
10417,3.28e-01,-1.06e-04,
10418,3.20e-01,-1.06e-04,
10419,3.20e-01,-1.06e-04,
10420,3.12e-01,-1.06e-04,
10421,3.28e-01,-1.06e-04,
10422,3.20e-01,-1.06e-04,
10423,3.20e-01,-1.06e-04,
10424,3.20e-01,-1.06e-04,
10425,3.28e-01,-1.06e-04,
10426,3.20e-01,-1.06e-04,
10427,3.20e-01,-1.06e-04,
10428,3.20e-01,-1.06e-04,
10429,3.28e-01,-1.06e-04,
10430,3.20e-01,-1.06e-04,
10431,3.20e-01,-1.06e-04,
10432,3.20e-01,-1.06e-04,
10433,3.28e-01,-8.00e-01,
10434,3.20e-01,-1.06e-04,
10435,3.20e-01,-1.06e-04,
10436,3.20e-01,-1.06e-04,
10437,3.28e-01,-1.06e-04,
10438,3.20e-01,-1.06e-04,
10439,3.20e-01,-1.06e-04,
10440,3.20e-01,-1.06e-04,
10441,3.28e-01,-1.06e-04,
10442,3.20e-01,-1.06e-04,
10443,3.28e-01,-1.06e-04,
10444,3.20e-01,-1.06e-04,
10445,3.28e-01,-1.06e-04,
10446,3.20e-01,-8.00e-01,
10447,3.28e-01,-1.06e-04,
10448,3.20e-01,-1.06e-04,
10449,3.28e-01,-1.06e-04,
10450,3.20e-01,-1.06e-04,
10451,3.28e-01,-1.06e-04,
10452,3.20e-01,-1.06e-04,
10453,3.28e-01,-1.06e-04,
10454,3.20e-01,-1.06e-04,
10455,3.20e-01,-1.06e-04,
10456,3.20e-01,-1.06e-04,
10457,3.28e-01,-1.06e-04,
10458,3.20e-01,-1.06e-04,
10459,3.28e-01,-1.06e-04,
10460,3.20e-01,-1.06e-04,
10461,3.28e-01,-1.06e-04,
10462,3.28e-01,-1.06e-04,
10463,3.28e-01,-1.06e-04,
10464,3.20e-01,-1.06e-04,
10465,3.28e-01,-8.00e-01,
10466,3.20e-01,-1.06e-04,
10467,3.28e-01,-8.00e-01,
10468,3.20e-01,8.00e-01,
10469,3.28e-01,-1.06e-04,
10470,3.28e-01,-8.00e-01,
10471,3.28e-01,-1.06e-04,
10472,3.20e-01,-1.06e-04,
10473,3.28e-01,-1.06e-04,
10474,3.20e-01,-1.06e-04,
10475,3.28e-01,-1.06e-04,
10476,3.20e-01,-1.06e-04,
10477,3.28e-01,-1.06e-04,
10478,3.28e-01,-1.06e-04,
10479,3.28e-01,-1.06e-04,
10480,3.20e-01,-1.06e-04,
10481,3.28e-01,-1.06e-04,
10482,3.28e-01,-1.06e-04,
10483,3.28e-01,-1.06e-04,
10484,3.20e-01,-1.06e-04,
10485,3.28e-01,-1.06e-04,
10486,3.28e-01,-1.06e-04,
10487,3.28e-01,-1.06e-04,
10488,3.20e-01,-1.06e-04,
10489,3.36e-01,-1.06e-04,
10490,3.28e-01,-1.06e-04,
10491,3.28e-01,-1.06e-04,
10492,3.20e-01,-1.06e-04,
10493,3.28e-01,-1.06e-04,
10494,3.28e-01,-8.00e-01,
10495,3.28e-01,-1.06e-04,
10496,3.20e-01,-1.06e-04,
10497,3.36e-01,-1.06e-04,
10498,3.28e-01,-1.06e-04,
10499,3.28e-01,-1.06e-04,
10500,3.20e-01,-1.06e-04,
10501,3.28e-01,-1.06e-04,
10502,3.28e-01,-1.06e-04,
10503,3.28e-01,-1.06e-04,
10504,3.28e-01,-1.06e-04,
10505,3.36e-01,-1.06e-04,
10506,3.28e-01,-1.06e-04,
10507,3.28e-01,-1.06e-04,
10508,3.20e-01,-1.06e-04,
10509,3.36e-01,-1.06e-04,
10510,3.28e-01,-1.06e-04,
10511,3.28e-01,-1.06e-04,
10512,3.28e-01,-1.06e-04,
10513,3.36e-01,-1.06e-04,
10514,3.28e-01,-1.06e-04,
10515,3.28e-01,-1.06e-04,
10516,3.28e-01,-1.06e-04,
10517,3.36e-01,-1.06e-04,
10518,3.28e-01,-1.06e-04,
10519,3.28e-01,-1.06e-04,
10520,3.28e-01,-1.06e-04,
10521,3.36e-01,-1.06e-04,
10522,3.28e-01,-1.06e-04,
10523,3.28e-01,-1.06e-04,
10524,3.28e-01,-1.06e-04,
10525,3.36e-01,-1.06e-04,
10526,3.28e-01,-1.06e-04,
10527,3.28e-01,-1.06e-04,
10528,3.28e-01,-1.06e-04,
10529,3.36e-01,-1.06e-04,
10530,3.28e-01,-1.06e-04,
10531,3.28e-01,-1.06e-04,
10532,3.28e-01,-1.06e-04,
10533,3.36e-01,-1.06e-04,
10534,3.28e-01,-1.06e-04,
10535,3.28e-01,-1.06e-04,
10536,3.28e-01,-1.06e-04,
10537,3.36e-01,-1.06e-04,
10538,3.28e-01,-1.06e-04,
10539,3.36e-01,-1.06e-04,
10540,3.28e-01,-1.06e-04,
10541,3.36e-01,-1.06e-04,
10542,3.28e-01,-1.06e-04,
10543,3.36e-01,-1.06e-04,
10544,3.28e-01,-1.06e-04,
10545,3.36e-01,-1.06e-04,
10546,3.28e-01,-1.06e-04,
10547,3.36e-01,-1.06e-04,
10548,3.28e-01,-1.06e-04,
10549,3.36e-01,-1.06e-04,
10550,3.36e-01,-1.06e-04,
10551,3.36e-01,-1.06e-04,
10552,3.28e-01,-1.06e-04,
10553,3.36e-01,-1.06e-04,
10554,3.28e-01,-8.00e-01,
10555,3.36e-01,-1.06e-04,
10556,3.28e-01,-1.06e-04,
10557,3.36e-01,-1.06e-04,
10558,3.28e-01,-1.06e-04,
10559,3.36e-01,-1.06e-04,
10560,3.28e-01,-1.06e-04,
10561,3.36e-01,-1.06e-04,
10562,3.28e-01,-1.06e-04,
10563,3.36e-01,-1.06e-04,
10564,3.28e-01,-1.06e-04,
10565,3.36e-01,-1.06e-04,
10566,3.36e-01,-1.06e-04,
10567,3.36e-01,-1.06e-04,
10568,3.28e-01,-1.06e-04,
10569,3.44e-01,-1.06e-04,
10570,3.28e-01,-1.06e-04,
10571,3.36e-01,-1.06e-04,
10572,3.28e-01,-1.06e-04,
10573,3.36e-01,-1.06e-04,
10574,3.36e-01,-1.06e-04,
10575,3.36e-01,-1.06e-04,
10576,3.28e-01,-1.06e-04,
10577,3.36e-01,-1.06e-04,
10578,3.36e-01,-1.06e-04,
10579,3.36e-01,-1.06e-04,
10580,3.28e-01,-1.06e-04,
10581,3.36e-01,-1.06e-04,
10582,3.36e-01,-1.06e-04,
10583,3.36e-01,-1.06e-04,
10584,3.36e-01,-1.06e-04,
10585,3.36e-01,-1.06e-04,
10586,3.36e-01,-1.06e-04,
10587,3.36e-01,-1.06e-04,
10588,3.28e-01,-1.06e-04,
10589,3.44e-01,-1.06e-04,
10590,3.36e-01,-1.06e-04,
10591,3.36e-01,-1.06e-04,
10592,3.28e-01,-1.06e-04,
10593,3.44e-01,-1.06e-04,
10594,3.36e-01,-1.06e-04,
10595,3.36e-01,-1.06e-04,
10596,3.36e-01,-1.06e-04,
10597,3.44e-01,-1.06e-04,
10598,3.36e-01,-1.06e-04,
10599,3.36e-01,-1.06e-04,
10600,3.28e-01,-1.06e-04,
10601,3.44e-01,-1.06e-04,
10602,3.36e-01,-1.06e-04,
10603,3.36e-01,-1.06e-04,
10604,3.36e-01,-1.06e-04,
10605,3.44e-01,-1.06e-04,
10606,3.36e-01,-1.06e-04,
10607,3.36e-01,-1.06e-04,
10608,3.36e-01,-1.06e-04,
10609,3.44e-01,-1.06e-04,
10610,3.36e-01,-1.06e-04,
10611,3.36e-01,-1.06e-04,
10612,3.36e-01,-1.06e-04,
10613,3.44e-01,-1.06e-04,
10614,3.36e-01,-1.06e-04,
10615,3.36e-01,-1.06e-04,
10616,3.36e-01,-1.06e-04,
10617,3.44e-01,-1.06e-04,
10618,3.36e-01,-1.06e-04,
10619,3.36e-01,-1.06e-04,
10620,3.36e-01,-1.06e-04,
10621,3.44e-01,-1.06e-04,
10622,3.36e-01,-1.06e-04,
10623,3.36e-01,-1.06e-04,
10624,3.36e-01,-1.06e-04,
10625,3.44e-01,-1.06e-04,
10626,3.36e-01,-1.06e-04,
10627,3.44e-01,-1.06e-04,
10628,3.36e-01,-1.06e-04,
10629,3.44e-01,-1.06e-04,
10630,3.36e-01,-1.06e-04,
10631,3.44e-01,-1.06e-04,
10632,3.36e-01,-1.06e-04,
10633,3.44e-01,-1.06e-04,
10634,3.36e-01,-1.06e-04,
10635,3.36e-01,-1.06e-04,
10636,3.36e-01,-1.06e-04,
10637,3.44e-01,-1.06e-04,
10638,3.36e-01,-1.06e-04,
10639,3.36e-01,-1.06e-04,
10640,3.36e-01,-1.06e-04,
10641,3.44e-01,-1.06e-04,
10642,3.36e-01,-1.06e-04,
10643,3.28e-01,-1.06e-04,
10644,3.12e-01,-1.06e-04,
10645,3.04e-01,-1.06e-04,
10646,2.72e-01,-8.00e-01,
10647,2.64e-01,-1.06e-04,
10648,2.48e-01,-1.06e-04,
10649,2.48e-01,-8.00e-01,
10650,2.40e-01,-8.00e-01,
10651,2.56e-01,-1.06e-04,
10652,2.56e-01,-1.06e-04,
10653,2.80e-01,-1.06e-04,
10654,2.96e-01,-1.06e-04,
10655,3.12e-01,-1.06e-04,
10656,3.20e-01,-1.06e-04,
10657,3.44e-01,-1.06e-04,
10658,3.44e-01,-1.06e-04,
10659,3.52e-01,-1.06e-04,
10660,3.36e-01,8.00e-01,
10661,3.44e-01,-1.06e-04,
10662,3.28e-01,-1.06e-04,
10663,3.20e-01,-1.06e-04,
10664,3.04e-01,-1.06e-04,
10665,3.12e-01,-8.00e-01,
10666,2.96e-01,-1.06e-04,
10667,3.12e-01,-8.00e-01,
10668,3.04e-01,8.00e-01,
10669,3.20e-01,-1.06e-04,
10670,3.28e-01,-8.00e-01,
10671,3.36e-01,8.00e-01,
10672,3.36e-01,-1.06e-04,
10673,3.44e-01,-1.06e-04,
10674,3.36e-01,-1.06e-04,
10675,3.44e-01,-1.06e-04,
10676,3.28e-01,-1.06e-04,
10677,3.36e-01,-1.06e-04,
10678,3.20e-01,-1.06e-04,
10679,3.20e-01,-1.06e-04,
10680,3.20e-01,-1.06e-04,
10681,3.28e-01,-1.06e-04,
10682,3.20e-01,-1.06e-04,
10683,3.28e-01,-1.06e-04,
10684,3.28e-01,-1.06e-04,
10685,3.36e-01,-1.06e-04,
10686,3.36e-01,-1.06e-04,
10687,3.36e-01,-1.06e-04,
10688,3.36e-01,-1.06e-04,
10689,3.44e-01,-1.06e-04,
10690,3.36e-01,-1.06e-04,
10691,3.36e-01,-1.06e-04,
10692,3.28e-01,-1.06e-04,
10693,3.36e-01,-1.06e-04,
10694,3.28e-01,-1.06e-04,
10695,3.36e-01,-1.06e-04,
10696,3.28e-01,-1.06e-04,
10697,3.36e-01,-1.06e-04,
10698,3.28e-01,-1.06e-04,
10699,3.36e-01,-1.06e-04,
10700,3.28e-01,-1.06e-04,
10701,3.36e-01,-1.06e-04,
10702,3.36e-01,-1.06e-04,
10703,3.36e-01,-1.06e-04,
10704,3.28e-01,-1.06e-04,
10705,3.44e-01,-1.06e-04,
10706,3.36e-01,-1.06e-04,
10707,3.44e-01,-1.06e-04,
10708,3.36e-01,-1.06e-04,
10709,3.44e-01,-1.06e-04,
10710,3.44e-01,-1.06e-04,
10711,3.44e-01,-1.06e-04,
10712,3.36e-01,-1.06e-04,
10713,3.36e-01,-1.06e-04,
10714,3.28e-01,-1.06e-04,
10715,3.28e-01,-1.06e-04,
10716,3.28e-01,-1.06e-04,
10717,3.36e-01,-1.06e-04,
10718,3.36e-01,-1.06e-04,
10719,3.36e-01,-1.06e-04,
10720,3.36e-01,-1.06e-04,
10721,3.52e-01,-1.06e-04,
10722,3.44e-01,-1.06e-04,
10723,3.52e-01,-1.06e-04,
10724,3.44e-01,-1.06e-04,
10725,3.52e-01,-1.06e-04,
10726,3.44e-01,-1.06e-04,
10727,3.36e-01,-1.06e-04,
10728,3.28e-01,-1.06e-04,
10729,3.36e-01,-1.06e-04,
10730,3.28e-01,-1.06e-04,
10731,3.36e-01,-1.06e-04,
10732,3.36e-01,-1.06e-04,
10733,3.44e-01,-1.06e-04,
10734,3.44e-01,-1.06e-04,
10735,3.44e-01,-1.06e-04,
10736,3.44e-01,-1.06e-04,
10737,3.52e-01,-1.06e-04,
10738,3.44e-01,-1.06e-04,
10739,3.52e-01,-1.06e-04,
10740,3.44e-01,-1.06e-04,
10741,3.44e-01,-1.06e-04,
10742,3.36e-01,-1.06e-04,
10743,3.36e-01,-1.06e-04,
10744,3.36e-01,-1.06e-04,
10745,3.36e-01,-1.06e-04,
10746,3.36e-01,-1.06e-04,
10747,3.44e-01,-1.06e-04,
10748,3.36e-01,-1.06e-04,
10749,3.52e-01,-1.06e-04,
10750,3.44e-01,-1.06e-04,
10751,3.52e-01,-1.06e-04,
10752,3.44e-01,-1.06e-04,
10753,3.52e-01,-1.06e-04,
10754,3.44e-01,-1.06e-04,
10755,3.44e-01,-1.06e-04,
10756,3.36e-01,-1.06e-04,
10757,3.44e-01,-1.06e-04,
10758,3.36e-01,-1.06e-04,
10759,3.36e-01,-1.06e-04,
10760,3.28e-01,8.00e-01,
10761,3.36e-01,-1.06e-04,
10762,3.28e-01,-1.06e-04,
10763,3.36e-01,8.00e-01,
10764,3.28e-01,8.00e-01,
10765,3.36e-01,8.00e-01,
10766,3.36e-01,8.00e-01,
10767,3.44e-01,8.00e-01,
10768,3.44e-01,1.60e+00,
10769,3.52e-01,8.00e-01,
10770,3.44e-01,8.00e-01,
10771,3.44e-01,1.60e+00,
10772,3.44e-01,1.60e+00,
10773,3.44e-01,1.60e+00,
10774,3.44e-01,1.60e+00,
10775,3.36e-01,2.40e+00,
10776,3.36e-01,2.40e+00,
10777,3.44e-01,1.60e+00,
10778,3.36e-01,1.60e+00,
10779,3.36e-01,2.40e+00,
10780,3.36e-01,2.40e+00,
10781,3.44e-01,2.40e+00,
10782,3.44e-01,2.40e+00,
10783,3.44e-01,4.00e+00,
10784,3.44e-01,4.00e+00,
10785,3.44e-01,4.00e+00,
10786,3.44e-01,2.40e+00,
10787,3.44e-01,4.00e+00,
10788,3.36e-01,4.00e+00,
10789,3.52e-01,4.00e+00,
10790,3.36e-01,4.00e+00,
10791,3.44e-01,4.80e+00,
10792,3.36e-01,4.80e+00,
10793,3.44e-01,4.80e+00,
10794,3.36e-01,4.80e+00,
10795,3.36e-01,4.80e+00,
10796,3.36e-01,5.60e+00,
10797,3.44e-01,5.60e+00,
10798,3.36e-01,5.60e+00,
10799,3.36e-01,5.60e+00,
10800,3.36e-01,6.40e+00,
10801,3.44e-01,5.60e+00,
10802,3.36e-01,5.60e+00,
10803,3.36e-01,6.40e+00,
10804,3.28e-01,7.20e+00,
10805,3.36e-01,6.40e+00,
10806,3.28e-01,6.40e+00,
10807,3.20e-01,7.20e+00,
10808,3.12e-01,8.00e+00,
10809,3.04e-01,8.00e+00,
10810,2.80e-01,8.00e+00,
10811,2.72e-01,8.80e+00,
10812,2.64e-01,9.60e+00,
10813,2.64e-01,1.04e+01,
10814,2.56e-01,1.04e+01,
10815,2.48e-01,1.20e+01,
10816,2.32e-01,1.28e+01,
10817,2.32e-01,1.36e+01,
10818,2.08e-01,1.52e+01,
10819,1.92e-01,1.68e+01,
10820,1.68e-01,1.92e+01,
10821,1.52e-01,2.08e+01,
10822,1.20e-01,2.32e+01,
10823,1.04e-01,2.56e+01,
10824,8.00e-02,2.80e+01,
10825,8.00e-02,3.12e+01,
10826,6.40e-02,3.44e+01,
10827,6.40e-02,3.84e+01,
10828,6.40e-02,4.16e+01,
10829,6.40e-02,4.56e+01,
10830,4.80e-02,4.96e+01,
10831,3.20e-02,5.36e+01,
10832,8.00e-03,5.76e+01,
10833,-1.60e-02,6.24e+01,
10834,-4.00e-02,6.64e+01,
10835,-7.20e-02,7.04e+01,
10836,-1.04e-01,7.44e+01,
10837,-1.28e-01,7.92e+01,
10838,-1.68e-01,8.32e+01,
10839,-1.92e-01,8.64e+01,
10840,-2.24e-01,9.04e+01,
10841,-2.48e-01,9.52e+01,
10842,-2.80e-01,9.84e+01,
10843,-3.04e-01,1.01e+02,
10844,-3.28e-01,1.04e+02,
10845,-3.52e-01,1.08e+02,
10846,-3.76e-01,1.10e+02,
10847,-3.92e-01,1.13e+02,
10848,-4.08e-01,1.14e+02,
10849,-4.24e-01,1.18e+02,
10850,-4.32e-01,1.18e+02,
10851,-4.32e-01,1.19e+02,
10852,-4.24e-01,1.21e+02,
10853,-4.08e-01,1.22e+02,
10854,-3.76e-01,1.21e+02,
10855,-3.36e-01,1.18e+02,
10856,-2.96e-01,1.17e+02,
10857,-2.72e-01,1.16e+02,
10858,-2.48e-01,1.13e+02,
10859,-2.32e-01,1.10e+02,
10860,-2.32e-01,1.05e+02,
10861,-2.48e-01,1.01e+02,
10862,-2.48e-01,9.60e+01,
10863,-2.48e-01,8.96e+01,
10864,-2.48e-01,8.40e+01,
10865,-2.40e-01,7.84e+01,
10866,-2.32e-01,7.12e+01,
10867,-2.32e-01,6.48e+01,
10868,-2.32e-01,5.76e+01,
10869,-2.40e-01,5.12e+01,
10870,-2.40e-01,4.40e+01,
10871,-2.48e-01,3.84e+01,
10872,-2.56e-01,3.28e+01,
10873,-2.56e-01,2.64e+01,
10874,-2.72e-01,2.08e+01,
10875,-2.80e-01,1.60e+01,
10876,-3.04e-01,1.20e+01,
10877,-3.12e-01,8.00e+00,
10878,-3.12e-01,5.60e+00,
10879,-2.88e-01,2.40e+00,
10880,-2.32e-01,8.00e-01,
10881,-1.76e-01,-8.00e-01,
10882,-1.04e-01,-1.60e+00,
10883,-4.80e-02,-1.60e+00,
10884,-3.20e-02,-8.00e-01,
10885,-8.00e-03,-8.00e-01,
10886,4.80e-02,-8.00e-01,
10887,1.28e-01,-1.06e-04,
10888,2.08e-01,8.00e-01,
10889,3.04e-01,-1.06e-04,
10890,3.52e-01,-1.06e-04,
10891,3.84e-01,8.00e-01,
10892,3.68e-01,8.00e-01,
10893,3.44e-01,-1.06e-04,
10894,2.72e-01,-8.00e-01,
10895,2.08e-01,-1.06e-04,
10896,1.52e-01,-1.06e-04,
10897,1.20e-01,-8.00e-01,
10898,1.12e-01,-8.00e-01,
10899,1.28e-01,-8.00e-01,
10900,1.76e-01,-1.06e-04,
10901,2.48e-01,-1.06e-04,
10902,3.20e-01,-1.06e-04,
10903,3.76e-01,8.00e-01,
10904,4.16e-01,8.00e-01,
10905,4.40e-01,8.00e-01,
10906,4.16e-01,8.00e-01,
10907,3.68e-01,1.60e+00,
10908,2.72e-01,1.60e+00,
10909,1.68e-01,1.60e+00,
10910,4.80e-02,2.40e+00,
10911,-2.40e-02,4.80e+00,
10912,-4.80e-02,5.60e+00,
10913,-1.60e-02,7.20e+00,
10914,4.80e-02,8.80e+00,
10915,1.28e-01,1.20e+01,
10916,1.92e-01,1.44e+01,
10917,2.16e-01,1.68e+01,
10918,1.76e-01,2.00e+01,
10919,8.00e-02,2.40e+01,
10920,-6.40e-02,2.72e+01,
10921,-2.08e-01,3.12e+01,
10922,-2.88e-01,3.60e+01,
10923,-2.80e-01,4.00e+01,
10924,-1.92e-01,4.40e+01,
10925,-4.00e-02,4.88e+01,
10926,6.40e-02,5.28e+01,
10927,1.12e-01,5.68e+01,
10928,4.00e-02,6.24e+01,
10929,-8.80e-02,6.64e+01,
10930,-2.40e-01,7.04e+01,
10931,-3.28e-01,7.36e+01,
10932,-3.12e-01,7.76e+01,
10933,-2.08e-01,8.08e+01,
10934,-6.40e-02,8.24e+01,
10935,1.60e-02,8.48e+01,
10936,-8.00e-03,8.64e+01,
10937,-1.04e-01,8.88e+01,
10938,-2.40e-01,8.96e+01,
10939,-3.20e-01,9.04e+01,
10940,-3.12e-01,8.96e+01,
10941,-2.24e-01,8.96e+01,
10942,-1.04e-01,8.80e+01,
10943,-4.00e-02,8.64e+01,
10944,-4.80e-02,8.48e+01,
10945,-1.28e-01,8.32e+01,
10946,-2.32e-01,8.08e+01,
10947,-2.88e-01,7.84e+01,
10948,-2.80e-01,7.44e+01,
10949,-2.16e-01,7.12e+01,
10950,-1.20e-01,6.72e+01,
10951,-6.40e-02,6.32e+01,
10952,-6.40e-02,5.84e+01,
10953,-1.12e-01,5.44e+01,
10954,-1.92e-01,5.04e+01,
10955,-2.32e-01,4.56e+01,
10956,-2.40e-01,4.16e+01,
10957,-2.08e-01,3.76e+01,
10958,-1.52e-01,3.28e+01,
10959,-8.80e-02,2.88e+01,
10960,-6.40e-02,2.56e+01,
10961,-6.40e-02,2.16e+01,
10962,-9.60e-02,1.84e+01,
10963,-1.28e-01,1.52e+01,
10964,-1.60e-01,1.28e+01,
10965,-1.60e-01,1.12e+01,
10966,-1.28e-01,8.80e+00,
10967,-8.00e-02,7.20e+00,
10968,-2.40e-02,6.40e+00,
10969,4.80e-02,4.80e+00,
10970,1.04e-01,4.00e+00,
10971,1.44e-01,2.40e+00,
10972,1.68e-01,2.40e+00,
10973,1.76e-01,1.60e+00,
10974,1.68e-01,8.00e-01,
10975,1.60e-01,8.00e-01,
10976,1.52e-01,8.00e-01,
10977,1.60e-01,-1.06e-04,
10978,1.60e-01,-1.06e-04,
10979,1.76e-01,8.00e-01,
10980,2.00e-01,8.00e-01,
10981,2.32e-01,8.00e-01,
10982,2.48e-01,8.00e-01,
10983,2.64e-01,1.60e+00,
10984,2.64e-01,2.40e+00,
10985,2.56e-01,2.40e+00,
10986,2.24e-01,2.40e+00,
10987,1.92e-01,4.80e+00,
10988,1.44e-01,5.60e+00,
10989,1.12e-01,6.40e+00,
10990,8.00e-02,7.20e+00,
10991,5.60e-02,8.80e+00,
10992,4.80e-02,1.12e+01,
10993,4.80e-02,1.28e+01,
10994,5.60e-02,1.52e+01,
10995,5.60e-02,1.84e+01,
10996,4.00e-02,2.08e+01,
10997,8.00e-03,2.40e+01,
10998,-3.20e-02,2.64e+01,
10999,-7.20e-02,3.04e+01,
11000,-9.60e-02,3.44e+01,
11001,-9.60e-02,3.76e+01,
11002,-7.20e-02,4.08e+01,
11003,-4.00e-02,4.48e+01,
11004,-1.60e-02,4.88e+01,
11005,-8.00e-03,5.28e+01,
11006,-3.20e-02,5.60e+01,
11007,-8.00e-02,5.92e+01,
11008,-1.28e-01,6.24e+01,
11009,-1.60e-01,6.56e+01,
11010,-1.52e-01,6.80e+01,
11011,-1.12e-01,7.04e+01,
11012,-8.00e-02,7.20e+01,
11013,-6.40e-02,7.36e+01,
11014,-7.20e-02,7.52e+01,
11015,-1.12e-01,7.68e+01,
11016,-1.60e-01,7.76e+01,
11017,-1.84e-01,7.84e+01,
11018,-1.84e-01,7.76e+01,
11019,-1.52e-01,7.68e+01,
11020,-1.20e-01,7.68e+01,
11021,-9.60e-02,7.44e+01,
11022,-9.60e-02,7.28e+01,
11023,-1.20e-01,7.12e+01,
11024,-1.60e-01,6.96e+01,
11025,-1.76e-01,6.72e+01,
11026,-1.76e-01,6.48e+01,
11027,-1.60e-01,6.24e+01,
11028,-1.20e-01,5.84e+01,
11029,-1.04e-01,5.52e+01,
11030,-9.60e-02,5.20e+01,
11031,-1.04e-01,4.96e+01,
11032,-1.20e-01,4.56e+01,
11033,-1.36e-01,4.24e+01,
11034,-1.36e-01,3.92e+01,
11035,-1.28e-01,3.60e+01,
11036,-1.12e-01,3.28e+01,
11037,-8.80e-02,2.88e+01,
11038,-7.20e-02,2.56e+01,
11039,-6.40e-02,2.32e+01,
11040,-6.40e-02,2.16e+01,
11041,-6.40e-02,1.84e+01,
11042,-6.40e-02,1.60e+01,
11043,-5.60e-02,1.44e+01,
11044,-4.80e-02,1.28e+01,
11045,-2.40e-02,1.12e+01,
11046,8.00e-03,9.60e+00,
11047,4.00e-02,8.80e+00,
11048,8.00e-02,8.00e+00,
11049,1.04e-01,7.20e+00,
11050,1.20e-01,6.40e+00,
11051,1.36e-01,6.40e+00,
11052,1.36e-01,6.40e+00,
11053,1.44e-01,5.60e+00,
11054,1.36e-01,5.60e+00,
11055,1.44e-01,5.60e+00,
11056,1.44e-01,5.60e+00,
11057,1.60e-01,5.60e+00,
11058,1.60e-01,5.60e+00,
11059,1.68e-01,6.40e+00,
11060,1.68e-01,7.20e+00,
11061,1.76e-01,7.20e+00,
11062,1.68e-01,7.20e+00,
11063,1.52e-01,8.80e+00,
11064,1.36e-01,9.60e+00,
11065,1.20e-01,1.04e+01,
11066,8.80e-02,1.20e+01,
11067,6.40e-02,1.28e+01,
11068,4.80e-02,1.52e+01,
11069,4.00e-02,1.68e+01,
11070,3.20e-02,1.92e+01,
11071,2.40e-02,2.16e+01,
11072,1.60e-02,2.40e+01,
11073,8.00e-03,2.64e+01,
11074,-8.00e-03,2.88e+01,
11075,-1.60e-02,3.12e+01,
11076,-3.20e-02,3.52e+01,
11077,-4.00e-02,3.76e+01,
11078,-4.00e-02,4.00e+01,
11079,-4.00e-02,4.32e+01,
11080,-4.00e-02,4.56e+01,
11081,-4.00e-02,4.96e+01,
11082,-5.60e-02,5.12e+01,
11083,-6.40e-02,5.44e+01,
11084,-7.20e-02,5.60e+01,
11085,-8.80e-02,5.84e+01,
11086,-8.80e-02,6.08e+01,
11087,-8.80e-02,6.32e+01,
11088,-8.80e-02,6.40e+01,
11089,-8.80e-02,6.56e+01,
11090,-8.80e-02,6.64e+01,
11091,-9.60e-02,6.72e+01,
11092,-1.04e-01,6.80e+01,
11093,-1.12e-01,6.80e+01,
11094,-1.20e-01,6.80e+01,
11095,-1.20e-01,6.72e+01,
11096,-1.12e-01,6.72e+01,
11097,-1.12e-01,6.64e+01,
11098,-1.12e-01,6.48e+01,
11099,-1.04e-01,6.40e+01,
11100,-1.12e-01,6.24e+01,
11101,-1.12e-01,6.00e+01,
11102,-1.20e-01,5.76e+01,
11103,-1.12e-01,5.60e+01,
11104,-1.12e-01,5.36e+01,
11105,-1.04e-01,5.12e+01,
11106,-9.60e-02,4.88e+01,
11107,-9.60e-02,4.56e+01,
11108,-9.60e-02,4.32e+01,
11109,-8.80e-02,4.08e+01,
11110,-8.80e-02,3.76e+01,
11111,-8.80e-02,3.52e+01,
11112,-8.00e-02,3.28e+01,
11113,-7.20e-02,2.96e+01,
11114,-6.40e-02,2.72e+01,
11115,-5.60e-02,2.56e+01,
11116,-4.80e-02,2.40e+01,
11117,-4.00e-02,2.16e+01,
11118,-3.20e-02,2.00e+01,
11119,-2.40e-02,1.84e+01,
11120,-1.60e-02,1.60e+01,
11121,0.00e+00,1.44e+01,
11122,1.60e-02,1.36e+01,
11123,3.20e-02,1.28e+01,
11124,4.80e-02,1.20e+01,
11125,6.40e-02,1.12e+01,
11126,8.00e-02,1.04e+01,
11127,9.60e-02,1.04e+01,
11128,1.04e-01,1.04e+01,
11129,1.12e-01,9.60e+00,
11130,1.12e-01,9.60e+00,
11131,1.12e-01,9.60e+00,
11132,1.12e-01,1.04e+01,
11133,1.20e-01,9.60e+00,
11134,1.20e-01,1.04e+01,
11135,1.20e-01,1.12e+01,
11136,1.20e-01,1.12e+01,
11137,1.20e-01,1.20e+01,
11138,1.12e-01,1.28e+01,
11139,1.04e-01,1.36e+01,
11140,8.80e-02,1.52e+01,
11141,8.00e-02,1.52e+01,
11142,5.60e-02,1.68e+01,
11143,4.80e-02,1.92e+01,
11144,3.20e-02,2.08e+01,
11145,3.20e-02,2.24e+01,
11146,1.60e-02,2.40e+01,
11147,1.60e-02,2.64e+01,
11148,8.00e-03,2.80e+01,
11149,8.00e-03,2.96e+01,
11150,0.00e+00,3.28e+01,
11151,-8.00e-03,3.52e+01,
11152,-2.40e-02,3.76e+01,
11153,-2.40e-02,3.92e+01,
11154,-3.20e-02,4.16e+01,
11155,-4.00e-02,4.40e+01,
11156,-4.80e-02,4.56e+01,
11157,-4.80e-02,4.88e+01,
11158,-4.80e-02,5.04e+01,
11159,-5.60e-02,5.20e+01,
11160,-6.40e-02,5.36e+01,
11161,-6.40e-02,5.52e+01,
11162,-7.20e-02,5.60e+01,
11163,-8.00e-02,5.76e+01,
11164,-8.00e-02,5.84e+01,
11165,-8.00e-02,5.92e+01,
11166,-8.00e-02,6.00e+01,
11167,-8.80e-02,6.00e+01,
11168,-8.80e-02,6.00e+01,
11169,-8.80e-02,6.00e+01,
11170,-9.60e-02,6.00e+01,
11171,-8.80e-02,5.92e+01,
11172,-9.60e-02,5.84e+01,
11173,-9.60e-02,5.84e+01,
11174,-9.60e-02,5.68e+01,
11175,-8.80e-02,5.52e+01,
11176,-8.80e-02,5.44e+01,
11177,-8.80e-02,5.28e+01,
11178,-8.80e-02,5.12e+01,
11179,-8.80e-02,4.96e+01,
11180,-8.80e-02,4.80e+01,
11181,-8.00e-02,4.48e+01,
11182,-8.00e-02,4.32e+01,
11183,-7.20e-02,4.08e+01,
11184,-7.20e-02,3.92e+01,
11185,-6.40e-02,3.68e+01,
11186,-6.40e-02,3.52e+01,
11187,-5.60e-02,3.36e+01,
11188,-5.60e-02,3.04e+01,
11189,-4.80e-02,2.88e+01,
11190,-4.00e-02,2.72e+01,
11191,-3.20e-02,2.56e+01,
11192,-2.40e-02,2.40e+01,
11193,-1.60e-02,2.24e+01,
11194,-8.00e-03,2.08e+01,
11195,0.00e+00,2.00e+01,
11196,8.00e-03,1.92e+01,
11197,2.40e-02,1.84e+01,
11198,3.20e-02,1.60e+01,
11199,4.00e-02,1.60e+01,
11200,4.80e-02,1.52e+01,
11201,5.60e-02,1.44e+01,
11202,6.40e-02,1.44e+01,
11203,8.00e-02,1.44e+01,
11204,8.00e-02,1.44e+01,
11205,8.80e-02,1.36e+01,
11206,8.80e-02,1.36e+01,
11207,8.80e-02,1.44e+01,
11208,8.80e-02,1.44e+01,
11209,9.60e-02,1.44e+01,
11210,8.80e-02,1.52e+01,
11211,8.80e-02,1.52e+01,
11212,8.00e-02,1.60e+01,
11213,8.00e-02,1.68e+01,
11214,6.40e-02,1.84e+01,
11215,5.60e-02,1.92e+01,
11216,4.80e-02,2.08e+01,
11217,4.80e-02,2.16e+01,
11218,3.20e-02,2.32e+01,
11219,3.20e-02,2.40e+01,
11220,1.60e-02,2.56e+01,
11221,1.60e-02,2.72e+01,
11222,8.00e-03,2.88e+01,
11223,8.00e-03,3.04e+01,
11224,0.00e+00,3.28e+01,
11225,0.00e+00,3.44e+01,
11226,-8.00e-03,3.60e+01,
11227,-1.60e-02,3.76e+01,
11228,-2.40e-02,3.92e+01,
11229,-2.40e-02,4.16e+01,
11230,-3.20e-02,4.24e+01,
11231,-3.20e-02,4.40e+01,
11232,-4.00e-02,4.56e+01,
11233,-4.80e-02,4.80e+01,
11234,-4.80e-02,4.96e+01,
11235,-5.60e-02,5.04e+01,
11236,-5.60e-02,5.12e+01,
11237,-5.60e-02,5.28e+01,
11238,-6.40e-02,5.28e+01,
11239,-6.40e-02,5.36e+01,
11240,-7.20e-02,5.44e+01,
11241,-7.20e-02,5.44e+01,
11242,-7.20e-02,5.44e+01,
11243,-7.20e-02,5.52e+01,
11244,-7.20e-02,5.44e+01,
11245,-7.20e-02,5.44e+01,
11246,-8.00e-02,5.36e+01,
11247,-7.20e-02,5.28e+01,
11248,-8.00e-02,5.28e+01,
11249,-7.20e-02,5.12e+01,
11250,-8.00e-02,5.04e+01,
11251,-7.20e-02,4.96e+01,
11252,-7.20e-02,4.80e+01,
11253,-7.20e-02,4.64e+01,
11254,-7.20e-02,4.48e+01,
11255,-6.40e-02,4.32e+01,
11256,-6.40e-02,4.16e+01,
11257,-6.40e-02,4.00e+01,
11258,-6.40e-02,3.84e+01,
11259,-5.60e-02,3.76e+01,
11260,-4.80e-02,3.60e+01,
11261,-4.00e-02,3.44e+01,
11262,-4.00e-02,3.28e+01,
11263,-3.20e-02,3.04e+01,
11264,-3.20e-02,2.88e+01,
11265,-2.40e-02,2.80e+01,
11266,-1.60e-02,2.64e+01,
11267,-1.60e-02,2.48e+01,
11268,-8.00e-03,2.48e+01,
11269,0.00e+00,2.32e+01,
11270,8.00e-03,2.16e+01,
11271,1.60e-02,2.16e+01,
11272,1.60e-02,2.08e+01,
11273,3.20e-02,2.00e+01,
11274,3.20e-02,1.92e+01,
11275,4.00e-02,1.92e+01,
11276,4.00e-02,1.84e+01,
11277,4.80e-02,1.84e+01,
11278,4.80e-02,1.84e+01,
11279,5.60e-02,1.84e+01,
11280,5.60e-02,1.84e+01,
11281,6.40e-02,1.84e+01,
11282,5.60e-02,1.84e+01,
11283,6.40e-02,1.92e+01,
11284,5.60e-02,1.92e+01,
11285,5.60e-02,2.00e+01,
11286,5.60e-02,2.00e+01,
11287,4.80e-02,2.08e+01,
11288,4.80e-02,2.16e+01,
11289,4.80e-02,2.24e+01,
11290,4.00e-02,2.32e+01,
11291,4.00e-02,2.40e+01,
11292,2.40e-02,2.56e+01,
11293,2.40e-02,2.64e+01,
11294,1.60e-02,2.72e+01,
11295,1.60e-02,2.88e+01,
11296,8.00e-03,2.96e+01,
11297,8.00e-03,3.12e+01,
11298,0.00e+00,3.28e+01,
11299,0.00e+00,3.44e+01,
11300,-8.00e-03,3.60e+01,
11301,-8.00e-03,3.76e+01,
11302,-1.60e-02,3.84e+01,
11303,-2.40e-02,4.00e+01,
11304,-3.20e-02,4.16e+01,
11305,-3.20e-02,4.24e+01,
11306,-3.20e-02,4.32e+01,
11307,-4.00e-02,4.48e+01,
11308,-4.00e-02,4.56e+01,
11309,-4.80e-02,4.64e+01,
11310,-4.80e-02,4.80e+01,
11311,-5.60e-02,4.88e+01,
11312,-5.60e-02,4.96e+01,
11313,-5.60e-02,4.96e+01,
11314,-5.60e-02,5.04e+01,
11315,-5.60e-02,5.04e+01,
11316,-6.40e-02,5.04e+01,
11317,-6.40e-02,5.04e+01,
11318,-6.40e-02,5.04e+01,
11319,-6.40e-02,5.04e+01,
11320,-6.40e-02,4.96e+01,
11321,-6.40e-02,4.96e+01,
11322,-7.20e-02,4.88e+01,
11323,-6.40e-02,4.80e+01,
11324,-6.40e-02,4.64e+01,
11325,-6.40e-02,4.56e+01,
11326,-6.40e-02,4.48e+01,
11327,-6.40e-02,4.40e+01,
11328,-5.60e-02,4.24e+01,
11329,-5.60e-02,4.16e+01,
11330,-5.60e-02,4.00e+01,
11331,-4.80e-02,3.92e+01,
11332,-4.80e-02,3.84e+01,
11333,-4.80e-02,3.68e+01,
11334,-4.00e-02,3.52e+01,
11335,-4.00e-02,3.44e+01,
11336,-3.20e-02,3.36e+01,
11337,-3.20e-02,3.12e+01,
11338,-2.40e-02,2.96e+01,
11339,-2.40e-02,2.88e+01,
11340,-1.60e-02,2.80e+01,
11341,-8.00e-03,2.72e+01,
11342,-8.00e-03,2.56e+01,
11343,0.00e+00,2.56e+01,
11344,0.00e+00,2.48e+01,
11345,8.00e-03,2.40e+01,
11346,1.60e-02,2.32e+01,
11347,2.40e-02,2.32e+01,
11348,2.40e-02,2.24e+01,
11349,3.20e-02,2.16e+01,
11350,3.20e-02,2.16e+01,
11351,3.20e-02,2.16e+01,
11352,4.00e-02,2.16e+01,
11353,4.00e-02,2.08e+01,
11354,4.00e-02,2.08e+01,
11355,4.00e-02,2.16e+01,
11356,4.00e-02,2.16e+01,
11357,4.80e-02,2.16e+01,
11358,4.00e-02,2.16e+01,
11359,4.00e-02,2.24e+01,
11360,4.00e-02,2.32e+01,
11361,4.00e-02,2.32e+01,
11362,3.20e-02,2.40e+01,
11363,3.20e-02,2.48e+01,
11364,2.40e-02,2.56e+01,
11365,2.40e-02,2.64e+01,
11366,2.40e-02,2.72e+01,
11367,1.60e-02,2.80e+01,
11368,8.00e-03,2.88e+01,
11369,8.00e-03,2.96e+01,
11370,0.00e+00,3.04e+01,
11371,0.00e+00,3.28e+01,
11372,-8.00e-03,3.36e+01,
11373,0.00e+00,3.44e+01,
11374,-8.00e-03,3.60e+01,
11375,-1.60e-02,3.68e+01,
11376,-1.60e-02,3.84e+01,
11377,-1.60e-02,3.92e+01,
11378,-2.40e-02,4.00e+01,
11379,-2.40e-02,4.08e+01,
11380,-3.20e-02,4.16e+01,
11381,-3.20e-02,4.24e+01,
11382,-4.00e-02,4.32e+01,
11383,-4.00e-02,4.40e+01,
11384,-4.00e-02,4.48e+01,
11385,-4.00e-02,4.56e+01,
11386,-4.80e-02,4.56e+01,
11387,-4.80e-02,4.64e+01,
11388,-4.80e-02,4.64e+01,
11389,-4.80e-02,4.64e+01,
11390,-5.60e-02,4.64e+01,
11391,-5.60e-02,4.64e+01,
11392,-5.60e-02,4.64e+01,
11393,-4.80e-02,4.64e+01,
11394,-5.60e-02,4.56e+01,
11395,-5.60e-02,4.56e+01,
11396,-5.60e-02,4.48e+01,
11397,-5.60e-02,4.48e+01,
11398,-4.80e-02,4.40e+01,
11399,-5.60e-02,4.32e+01,
11400,-4.80e-02,4.24e+01,
11401,-4.80e-02,4.16e+01,
11402,-4.80e-02,4.08e+01,
11403,-4.80e-02,4.00e+01,
11404,-4.80e-02,3.92e+01,
11405,-4.00e-02,3.84e+01,
11406,-4.00e-02,3.68e+01,
11407,-4.00e-02,3.60e+01,
11408,-3.20e-02,3.52e+01,
11409,-2.40e-02,3.44e+01,
11410,-2.40e-02,3.28e+01,
11411,-2.40e-02,3.12e+01,
11412,-2.40e-02,3.12e+01,
11413,-1.60e-02,2.96e+01,
11414,-1.60e-02,2.88e+01,
11415,-8.00e-03,2.80e+01,
11416,-8.00e-03,2.80e+01,
11417,0.00e+00,2.72e+01,
11418,0.00e+00,2.64e+01,
11419,8.00e-03,2.56e+01,
11420,8.00e-03,2.56e+01,
11421,1.60e-02,2.48e+01,
11422,1.60e-02,2.40e+01,
11423,1.60e-02,2.40e+01,
11424,2.40e-02,2.40e+01,
11425,2.40e-02,2.40e+01,
11426,2.40e-02,2.32e+01,
11427,3.20e-02,2.40e+01,
11428,2.40e-02,2.40e+01,
11429,3.20e-02,2.40e+01,
11430,3.20e-02,2.40e+01,
11431,3.20e-02,2.40e+01,
11432,3.20e-02,2.48e+01,
11433,3.20e-02,2.48e+01,
11434,2.40e-02,2.48e+01,
11435,3.20e-02,2.56e+01,
11436,2.40e-02,2.64e+01,
11437,2.40e-02,2.64e+01,
11438,1.60e-02,2.72e+01,
11439,1.60e-02,2.80e+01,
11440,8.00e-03,2.88e+01,
11441,1.60e-02,2.96e+01,
11442,8.00e-03,3.04e+01,
11443,8.00e-03,3.12e+01,
11444,0.00e+00,3.28e+01,
11445,0.00e+00,3.36e+01,
11446,-8.00e-03,3.44e+01,
11447,-8.00e-03,3.52e+01,
11448,-8.00e-03,3.60e+01,
11449,-1.60e-02,3.68e+01,
11450,-1.60e-02,3.76e+01,
11451,-1.60e-02,3.84e+01,
11452,-2.40e-02,3.92e+01,
11453,-2.40e-02,4.00e+01,
11454,-2.40e-02,4.08e+01,
11455,-3.20e-02,4.08e+01,
11456,-3.20e-02,4.16e+01,
11457,-3.20e-02,4.24e+01,
11458,-3.20e-02,4.24e+01,
11459,-4.00e-02,4.32e+01,
11460,-4.00e-02,4.32e+01,
11461,-4.00e-02,4.40e+01,
11462,-4.00e-02,4.40e+01,
11463,-4.00e-02,4.40e+01,
11464,-4.80e-02,4.40e+01,
11465,-4.00e-02,4.40e+01,
11466,-4.00e-02,4.40e+01,
11467,-4.80e-02,4.32e+01,
11468,-4.80e-02,4.32e+01,
11469,-4.00e-02,4.32e+01,
11470,-4.80e-02,4.24e+01,
11471,-4.80e-02,4.24e+01,
11472,-4.80e-02,4.16e+01,
11473,-4.00e-02,4.08e+01,
11474,-4.00e-02,4.00e+01,
11475,-4.00e-02,4.00e+01,
11476,-4.00e-02,3.92e+01,
11477,-4.00e-02,3.84e+01,
11478,-3.20e-02,3.76e+01,
11479,-3.20e-02,3.68e+01,
11480,-3.20e-02,3.60e+01,
11481,-3.20e-02,3.52e+01,
11482,-3.20e-02,3.44e+01,
11483,-2.40e-02,3.44e+01,
11484,-2.40e-02,3.36e+01,
11485,-1.60e-02,3.28e+01,
11486,-1.60e-02,3.12e+01,
11487,-1.60e-02,3.04e+01,
11488,-8.00e-03,2.96e+01,
11489,-8.00e-03,2.88e+01,
11490,-8.00e-03,2.88e+01,
11491,0.00e+00,2.80e+01,
11492,0.00e+00,2.80e+01,
11493,8.00e-03,2.72e+01,
11494,8.00e-03,2.64e+01,
11495,8.00e-03,2.64e+01,
11496,8.00e-03,2.64e+01,
11497,1.60e-02,2.56e+01,
11498,1.60e-02,2.56e+01,
11499,1.60e-02,2.56e+01,
11500,1.60e-02,2.56e+01,
11501,2.40e-02,2.56e+01,
11502,2.40e-02,2.56e+01,
11503,2.40e-02,2.56e+01,
11504,2.40e-02,2.64e+01,
11505,2.40e-02,2.64e+01,
11506,1.60e-02,2.64e+01,
11507,1.60e-02,2.64e+01,
11508,1.60e-02,2.72e+01,
11509,1.60e-02,2.72e+01,
11510,1.60e-02,2.80e+01,
11511,1.60e-02,2.88e+01,
11512,1.60e-02,2.88e+01,
11513,8.00e-03,2.96e+01,
11514,8.00e-03,2.96e+01,
11515,8.00e-03,3.04e+01,
11516,0.00e+00,3.12e+01,
11517,0.00e+00,3.28e+01,
11518,0.00e+00,3.28e+01,
11519,0.00e+00,3.36e+01,
11520,-8.00e-03,3.44e+01,
11521,-8.00e-03,3.52e+01,
11522,-1.60e-02,3.60e+01,
11523,-8.00e-03,3.68e+01,
11524,-1.60e-02,3.76e+01,
11525,-1.60e-02,3.76e+01,
11526,-2.40e-02,3.84e+01,
11527,-2.40e-02,3.92e+01,
11528,-2.40e-02,3.92e+01,
11529,-2.40e-02,4.00e+01,
11530,-3.20e-02,4.00e+01,
11531,-3.20e-02,4.08e+01,
11532,-3.20e-02,4.16e+01,
11533,-3.20e-02,4.16e+01,
11534,-3.20e-02,4.16e+01,
11535,-3.20e-02,4.16e+01,
11536,-4.00e-02,4.16e+01,
11537,-3.20e-02,4.16e+01,
11538,-4.00e-02,4.16e+01,
11539,-3.20e-02,4.16e+01,
11540,-4.00e-02,4.16e+01,
11541,-4.00e-02,4.16e+01,
11542,-4.00e-02,4.08e+01,
11543,-4.00e-02,4.08e+01,
11544,-4.00e-02,4.08e+01,
11545,-3.20e-02,4.00e+01,
11546,-4.00e-02,4.00e+01,
11547,-3.20e-02,3.92e+01,
11548,-3.20e-02,3.92e+01,
11549,-3.20e-02,3.84e+01,
11550,-3.20e-02,3.76e+01,
11551,-3.20e-02,3.76e+01,
11552,-3.20e-02,3.68e+01,
11553,-2.40e-02,3.60e+01,
11554,-2.40e-02,3.52e+01,
11555,-2.40e-02,3.52e+01,
11556,-2.40e-02,3.44e+01,
11557,-1.60e-02,3.36e+01,
11558,-1.60e-02,3.28e+01,
11559,-1.60e-02,3.28e+01,
11560,-1.60e-02,3.12e+01,
11561,-8.00e-03,3.12e+01,
11562,-8.00e-03,3.04e+01,
11563,-8.00e-03,2.96e+01,
11564,-8.00e-03,2.96e+01,
11565,0.00e+00,2.96e+01,
11566,0.00e+00,2.88e+01,
11567,0.00e+00,2.80e+01,
11568,0.00e+00,2.80e+01,
11569,8.00e-03,2.80e+01,
11570,8.00e-03,2.72e+01,
11571,8.00e-03,2.72e+01,
11572,8.00e-03,2.72e+01,
11573,1.60e-02,2.72e+01,
11574,8.00e-03,2.72e+01,
11575,1.60e-02,2.72e+01,
11576,1.60e-02,2.72e+01,
11577,1.60e-02,2.72e+01,
11578,1.60e-02,2.72e+01,
11579,1.60e-02,2.80e+01,
11580,8.00e-03,2.80e+01,
11581,1.60e-02,2.80e+01,
11582,8.00e-03,2.88e+01,
11583,8.00e-03,2.88e+01,
11584,8.00e-03,2.96e+01,
11585,8.00e-03,2.96e+01,
11586,8.00e-03,2.96e+01,
11587,8.00e-03,3.04e+01,
11588,0.00e+00,3.12e+01,
11589,8.00e-03,3.12e+01,
11590,0.00e+00,3.28e+01,
11591,0.00e+00,3.36e+01,
11592,-8.00e-03,3.36e+01,
11593,0.00e+00,3.44e+01,
11594,-8.00e-03,3.44e+01,
11595,-8.00e-03,3.52e+01,
11596,-1.60e-02,3.60e+01,
11597,-1.60e-02,3.68e+01,
11598,-1.60e-02,3.68e+01,
11599,-1.60e-02,3.76e+01,
11600,-1.60e-02,3.76e+01,
11601,-1.60e-02,3.84e+01,
11602,-2.40e-02,3.84e+01,
11603,-2.40e-02,3.92e+01,
11604,-2.40e-02,3.92e+01,
11605,-2.40e-02,4.00e+01,
11606,-3.20e-02,4.00e+01,
11607,-3.20e-02,4.00e+01,
11608,-3.20e-02,4.00e+01,
11609,-3.20e-02,4.00e+01,
11610,-3.20e-02,4.00e+01,
11611,-3.20e-02,4.00e+01,
11612,-3.20e-02,4.00e+01,
11613,-3.20e-02,4.00e+01,
11614,-3.20e-02,4.00e+01,
11615,-3.20e-02,4.00e+01,
11616,-3.20e-02,4.00e+01,
11617,-3.20e-02,3.92e+01,
11618,-3.20e-02,3.92e+01,
11619,-3.20e-02,3.92e+01,
11620,-3.20e-02,3.92e+01,
11621,-3.20e-02,3.84e+01,
11622,-3.20e-02,3.76e+01,
11623,-3.20e-02,3.76e+01,
11624,-3.20e-02,3.68e+01,
11625,-2.40e-02,3.68e+01,
11626,-2.40e-02,3.60e+01,
11627,-2.40e-02,3.60e+01,
11628,-2.40e-02,3.52e+01,
11629,-1.60e-02,3.44e+01,
11630,-1.60e-02,3.44e+01,
11631,-1.60e-02,3.36e+01,
11632,-1.60e-02,3.36e+01,
11633,-1.60e-02,3.28e+01,
11634,-1.60e-02,3.12e+01,
11635,-8.00e-03,3.12e+01,
11636,-8.00e-03,3.12e+01,
11637,-8.00e-03,3.04e+01,
11638,-8.00e-03,3.04e+01,
11639,0.00e+00,2.96e+01,
11640,0.00e+00,2.96e+01,
11641,0.00e+00,2.96e+01,
11642,0.00e+00,2.88e+01,
11643,8.00e-03,2.88e+01,
11644,0.00e+00,2.88e+01,
11645,8.00e-03,2.88e+01,
11646,8.00e-03,2.88e+01,
11647,8.00e-03,2.88e+01,
11648,8.00e-03,2.88e+01,
11649,8.00e-03,2.88e+01,
11650,8.00e-03,2.88e+01,
11651,8.00e-03,2.88e+01,
11652,8.00e-03,2.88e+01,
11653,8.00e-03,2.88e+01,
11654,8.00e-03,2.88e+01,
11655,8.00e-03,2.96e+01,
11656,8.00e-03,2.96e+01,
11657,8.00e-03,2.96e+01,
11658,8.00e-03,3.04e+01,
11659,8.00e-03,3.04e+01,
11660,0.00e+00,3.12e+01,
11661,8.00e-03,3.12e+01,
11662,0.00e+00,3.28e+01,
11663,0.00e+00,3.28e+01,
11664,-8.00e-03,3.36e+01,
11665,0.00e+00,3.36e+01,
11666,-8.00e-03,3.44e+01,
11667,0.00e+00,3.44e+01,
11668,-1.60e-02,3.52e+01,
11669,-8.00e-03,3.52e+01,
11670,-1.60e-02,3.60e+01,
11671,-1.60e-02,3.60e+01,
11672,-1.60e-02,3.68e+01,
11673,-1.60e-02,3.68e+01,
11674,-1.60e-02,3.76e+01,
11675,-1.60e-02,3.76e+01,
11676,-2.40e-02,3.84e+01,
11677,-1.60e-02,3.84e+01,
11678,-2.40e-02,3.84e+01,
11679,-2.40e-02,3.84e+01,
11680,-2.40e-02,3.92e+01,
11681,-2.40e-02,3.92e+01,
11682,-2.40e-02,3.92e+01,
11683,-2.40e-02,3.92e+01,
11684,-3.20e-02,3.92e+01,
11685,-2.40e-02,3.92e+01,
11686,-3.20e-02,3.92e+01,
11687,-2.40e-02,3.92e+01,
11688,-3.20e-02,3.92e+01,
11689,-2.40e-02,3.84e+01,
11690,-3.20e-02,3.84e+01,
11691,-2.40e-02,3.84e+01,
11692,-3.20e-02,3.84e+01,
11693,-2.40e-02,3.76e+01,
11694,-2.40e-02,3.76e+01,
11695,-2.40e-02,3.76e+01,
11696,-2.40e-02,3.68e+01,
11697,-2.40e-02,3.68e+01,
11698,-2.40e-02,3.60e+01,
11699,-2.40e-02,3.60e+01,
11700,-2.40e-02,3.60e+01,
11701,-1.60e-02,3.52e+01,
11702,-1.60e-02,3.44e+01,
11703,-1.60e-02,3.44e+01,
11704,-1.60e-02,3.44e+01,
11705,-8.00e-03,3.36e+01,
11706,-1.60e-02,3.28e+01,
11707,-8.00e-03,3.28e+01,
11708,-8.00e-03,3.28e+01,
11709,-8.00e-03,3.12e+01,
11710,-8.00e-03,3.12e+01,
11711,-8.00e-03,3.12e+01,
11712,-8.00e-03,3.12e+01,
11713,0.00e+00,3.04e+01,
11714,0.00e+00,3.04e+01,
11715,0.00e+00,3.04e+01,
11716,0.00e+00,3.04e+01,
11717,0.00e+00,2.96e+01,
11718,0.00e+00,2.96e+01,
11719,0.00e+00,2.96e+01,
11720,0.00e+00,2.96e+01,
11721,8.00e-03,2.96e+01,
11722,0.00e+00,2.96e+01,
11723,8.00e-03,2.96e+01,
11724,0.00e+00,2.96e+01,
11725,8.00e-03,2.96e+01,
11726,0.00e+00,2.96e+01,
11727,0.00e+00,3.04e+01,
11728,0.00e+00,3.04e+01,
11729,8.00e-03,3.04e+01,
11730,0.00e+00,3.04e+01,
11731,0.00e+00,3.12e+01,
11732,0.00e+00,3.12e+01,
11733,0.00e+00,3.12e+01,
11734,0.00e+00,3.28e+01,
11735,0.00e+00,3.28e+01,
11736,-8.00e-03,3.28e+01,
11737,0.00e+00,3.36e+01,
11738,-8.00e-03,3.36e+01,
11739,-8.00e-03,3.44e+01,
11740,-8.00e-03,3.44e+01,
11741,-8.00e-03,3.44e+01,
11742,-8.00e-03,3.52e+01,
11743,-8.00e-03,3.52e+01,
11744,-8.00e-03,3.60e+01,
11745,-8.00e-03,3.60e+01,
11746,-1.60e-02,3.60e+01,
11747,-1.60e-02,3.68e+01,
11748,-1.60e-02,3.68e+01,
11749,-1.60e-02,3.68e+01,
11750,-1.60e-02,3.68e+01,
11751,-2.40e-02,3.76e+01,
11752,-2.40e-02,3.76e+01,
11753,-1.60e-02,3.76e+01,
11754,-2.40e-02,3.76e+01,
11755,-2.40e-02,3.84e+01,
11756,-2.40e-02,3.84e+01,
11757,-2.40e-02,3.84e+01,
11758,-2.40e-02,3.76e+01,
11759,-2.40e-02,3.84e+01,
11760,-2.40e-02,3.84e+01,
11761,-2.40e-02,3.76e+01,
11762,-2.40e-02,3.76e+01,
11763,-2.40e-02,3.76e+01,
11764,-2.40e-02,3.76e+01,
11765,-2.40e-02,3.76e+01,
11766,-2.40e-02,3.68e+01,
11767,-2.40e-02,3.68e+01,
11768,-2.40e-02,3.68e+01,
11769,-2.40e-02,3.68e+01,
11770,-2.40e-02,3.60e+01,
11771,-2.40e-02,3.60e+01,
11772,-2.40e-02,3.60e+01,
11773,-1.60e-02,3.52e+01,
11774,-1.60e-02,3.52e+01,
11775,-1.60e-02,3.52e+01,
11776,-1.60e-02,3.44e+01,
11777,-8.00e-03,3.44e+01,
11778,-1.60e-02,3.36e+01,
11779,-1.60e-02,3.36e+01,
11780,-1.60e-02,3.36e+01,
11781,-8.00e-03,3.36e+01,
11782,-8.00e-03,3.28e+01,
11783,-8.00e-03,3.28e+01,
11784,-8.00e-03,3.28e+01,
11785,-8.00e-03,3.12e+01,
11786,-8.00e-03,3.12e+01,
11787,-8.00e-03,3.12e+01,
11788,-8.00e-03,3.12e+01,
11789,0.00e+00,3.04e+01,
11790,0.00e+00,3.04e+01,
11791,0.00e+00,3.04e+01,
11792,0.00e+00,3.04e+01,
11793,0.00e+00,3.04e+01,
11794,0.00e+00,3.04e+01,
11795,0.00e+00,3.04e+01,
11796,0.00e+00,3.04e+01,
11797,0.00e+00,3.04e+01,
11798,0.00e+00,3.04e+01,
11799,0.00e+00,3.04e+01,
11800,0.00e+00,3.12e+01,
11801,0.00e+00,3.12e+01,
11802,0.00e+00,3.12e+01,
11803,0.00e+00,3.12e+01,
11804,0.00e+00,3.12e+01,
11805,0.00e+00,3.28e+01,
11806,0.00e+00,3.28e+01,
11807,0.00e+00,3.28e+01,
11808,-8.00e-03,3.28e+01,
11809,0.00e+00,3.36e+01,
11810,-8.00e-03,3.36e+01,
11811,-8.00e-03,3.36e+01,
11812,-8.00e-03,3.44e+01,
11813,-8.00e-03,3.44e+01,
11814,-8.00e-03,3.44e+01,
11815,-8.00e-03,3.52e+01,
11816,-8.00e-03,3.52e+01,
11817,-8.00e-03,3.52e+01,
11818,-1.60e-02,3.52e+01,
11819,-1.60e-02,3.60e+01,
11820,-1.60e-02,3.60e+01,
11821,-1.60e-02,3.60e+01,
11822,-1.60e-02,3.60e+01,
11823,-1.60e-02,3.68e+01,
11824,-1.60e-02,3.68e+01,
11825,-1.60e-02,3.68e+01,
11826,-2.40e-02,3.68e+01,
11827,-1.60e-02,3.68e+01,
11828,-2.40e-02,3.76e+01,
11829,-1.60e-02,3.76e+01,
11830,-2.40e-02,3.68e+01,
11831,-2.40e-02,3.76e+01,
11832,-2.40e-02,3.76e+01,
11833,-2.40e-02,3.76e+01,
11834,-2.40e-02,3.68e+01,
11835,-2.40e-02,3.76e+01,
11836,-2.40e-02,3.68e+01,
11837,-1.60e-02,3.68e+01,
11838,-2.40e-02,3.68e+01,
11839,-1.60e-02,3.68e+01,
11840,-2.40e-02,3.68e+01,
11841,-1.60e-02,3.60e+01,
11842,-2.40e-02,3.60e+01,
11843,-1.60e-02,3.60e+01,
11844,-1.60e-02,3.60e+01,
11845,-1.60e-02,3.60e+01,
11846,-1.60e-02,3.52e+01,
11847,-1.60e-02,3.52e+01,
11848,-1.60e-02,3.52e+01,
11849,-1.60e-02,3.44e+01,
11850,-1.60e-02,3.44e+01,
11851,-1.60e-02,3.44e+01,
11852,-1.60e-02,3.44e+01,
11853,-8.00e-03,3.36e+01,
11854,-1.60e-02,3.36e+01,
11855,-8.00e-03,3.36e+01,
11856,-8.00e-03,3.36e+01,
11857,-8.00e-03,3.28e+01,
11858,-8.00e-03,3.28e+01,
11859,-8.00e-03,3.28e+01,
11860,-8.00e-03,3.28e+01,
11861,0.00e+00,3.12e+01,
11862,-8.00e-03,3.12e+01,
11863,-8.00e-03,3.12e+01,
11864,-8.00e-03,3.12e+01,
11865,0.00e+00,3.12e+01,
11866,-8.00e-03,3.12e+01,
11867,0.00e+00,3.12e+01,
11868,0.00e+00,3.12e+01,
11869,0.00e+00,3.12e+01,
11870,0.00e+00,3.04e+01,
11871,0.00e+00,3.12e+01,
11872,0.00e+00,3.12e+01,
11873,0.00e+00,3.12e+01,
11874,-8.00e-03,3.12e+01,
11875,0.00e+00,3.12e+01,
11876,0.00e+00,3.28e+01,
11877,0.00e+00,3.28e+01,
11878,0.00e+00,3.28e+01,
11879,0.00e+00,3.28e+01,
11880,0.00e+00,3.28e+01,
11881,0.00e+00,3.28e+01,
11882,-8.00e-03,3.36e+01,
11883,-8.00e-03,3.36e+01,
11884,-8.00e-03,3.36e+01,
11885,-8.00e-03,3.44e+01,
11886,-8.00e-03,3.44e+01,
11887,-8.00e-03,3.44e+01,
11888,-8.00e-03,3.44e+01,
11889,-8.00e-03,3.52e+01,
11890,-8.00e-03,3.52e+01,
11891,-8.00e-03,3.52e+01,
11892,-1.60e-02,3.52e+01,
11893,-8.00e-03,3.60e+01,
11894,-1.60e-02,3.60e+01,
11895,-1.60e-02,3.60e+01,
11896,-1.60e-02,3.60e+01,
11897,-1.60e-02,3.60e+01,
11898,-1.60e-02,3.60e+01,
11899,-1.60e-02,3.68e+01,
11900,-1.60e-02,3.68e+01,
11901,-1.60e-02,3.68e+01,
11902,-1.60e-02,3.68e+01,
11903,-1.60e-02,3.68e+01,
11904,-1.60e-02,3.68e+01,
11905,-1.60e-02,3.68e+01,
11906,-1.60e-02,3.68e+01,
11907,-1.60e-02,3.68e+01,
11908,-2.40e-02,3.68e+01,
11909,-1.60e-02,3.68e+01,
11910,-1.60e-02,3.60e+01,
11911,-1.60e-02,3.60e+01,
11912,-2.40e-02,3.60e+01,
11913,-1.60e-02,3.60e+01,
11914,-1.60e-02,3.60e+01,
11915,-1.60e-02,3.60e+01,
11916,-1.60e-02,3.60e+01,
11917,-1.60e-02,3.60e+01,
11918,-1.60e-02,3.52e+01,
11919,-1.60e-02,3.52e+01,
11920,-1.60e-02,3.52e+01,
11921,-8.00e-03,3.44e+01,
11922,-1.60e-02,3.44e+01,
11923,-1.60e-02,3.44e+01,
11924,-1.60e-02,3.44e+01,
11925,-8.00e-03,3.44e+01,
11926,-1.60e-02,3.36e+01,
11927,-8.00e-03,3.36e+01,
11928,-8.00e-03,3.36e+01,
11929,-8.00e-03,3.36e+01,
11930,-8.00e-03,3.28e+01,
11931,-8.00e-03,3.28e+01,
11932,-8.00e-03,3.28e+01,
11933,-8.00e-03,3.28e+01,
11934,-8.00e-03,3.28e+01,
11935,-8.00e-03,3.28e+01,
11936,-8.00e-03,3.28e+01,
11937,0.00e+00,3.28e+01,
11938,0.00e+00,3.12e+01,
11939,0.00e+00,3.28e+01,
11940,-8.00e-03,3.28e+01,
11941,0.00e+00,3.28e+01,
11942,0.00e+00,3.12e+01,
11943,0.00e+00,3.28e+01,
11944,0.00e+00,3.28e+01,
11945,0.00e+00,3.28e+01,
11946,0.00e+00,3.28e+01,
11947,0.00e+00,3.28e+01,
11948,-8.00e-03,3.28e+01,
11949,0.00e+00,3.28e+01,
11950,-8.00e-03,3.28e+01,
11951,-8.00e-03,3.28e+01,
11952,-8.00e-03,3.28e+01,
11953,0.00e+00,3.36e+01,
11954,-8.00e-03,3.36e+01,
11955,-8.00e-03,3.36e+01,
11956,-8.00e-03,3.36e+01,
11957,-8.00e-03,3.36e+01,
11958,-8.00e-03,3.36e+01,
11959,-8.00e-03,3.44e+01,
11960,-8.00e-03,3.44e+01,
11961,-8.00e-03,3.44e+01,
11962,-8.00e-03,3.44e+01,
11963,-8.00e-03,3.52e+01,
11964,-1.60e-02,3.52e+01,
11965,-8.00e-03,3.52e+01,
11966,-8.00e-03,3.52e+01,
11967,-8.00e-03,3.52e+01,
11968,-1.60e-02,3.60e+01,
11969,-8.00e-03,3.60e+01,
11970,-1.60e-02,3.60e+01,
11971,-1.60e-02,3.60e+01,
11972,-1.60e-02,3.60e+01,
11973,-1.60e-02,3.60e+01,
11974,-1.60e-02,3.60e+01,
11975,-1.60e-02,3.60e+01,
11976,-1.60e-02,3.60e+01,
11977,-1.60e-02,3.60e+01,
11978,-1.60e-02,3.60e+01,
11979,-1.60e-02,3.60e+01,
11980,-1.60e-02,3.60e+01,
11981,-1.60e-02,3.60e+01,
11982,-1.60e-02,3.60e+01,
11983,-1.60e-02,3.60e+01,
11984,-1.60e-02,3.60e+01,
11985,-1.60e-02,3.60e+01,
11986,-1.60e-02,3.60e+01,
11987,-1.60e-02,3.60e+01,
11988,-1.60e-02,3.60e+01,
11989,-1.60e-02,3.52e+01,
11990,-1.60e-02,3.52e+01,
11991,-1.60e-02,3.52e+01,
11992,-1.60e-02,3.52e+01,
11993,-1.60e-02,3.52e+01,
11994,-1.60e-02,3.44e+01,
11995,-1.60e-02,3.52e+01,
11996,-1.60e-02,3.44e+01,
11997,-8.00e-03,3.44e+01,
11998,-1.60e-02,3.44e+01,
11999,-1.60e-02,3.44e+01,
