X,CH1,CH2,CH3,Start,Increment,
Sequence,Volt,Volt,Volt,-3.599995e-07,4.000000e-09
0,3.04e-01,-1.06e-04,4.40e+01,
1,3.12e-01,-1.06e-04,4.38e+01,
2,3.12e-01,-1.06e-04,4.40e+01,
3,3.12e-01,-1.60e+00,4.40e+01,
4,3.12e-01,-1.06e-04,4.40e+01,
5,3.12e-01,-1.06e-04,4.40e+01,
6,3.12e-01,-1.06e-04,4.40e+01,
7,3.12e-01,-1.60e+00,4.38e+01,
8,3.12e-01,-1.06e-04,4.38e+01,
9,3.12e-01,-1.06e-04,4.38e+01,
10,3.12e-01,-1.06e-04,4.40e+01,
11,3.12e-01,-1.60e+00,4.40e+01,
12,3.12e-01,-1.06e-04,4.40e+01,
13,3.12e-01,-1.06e-04,4.40e+01,
14,3.12e-01,-1.06e-04,4.40e+01,
15,3.12e-01,-1.06e-04,4.40e+01,
16,3.28e-01,-1.06e-04,4.40e+01,
17,3.28e-01,-1.60e+00,4.40e+01,
18,3.12e-01,-1.06e-04,4.40e+01,
19,3.28e-01,-1.06e-04,4.38e+01,
20,3.28e-01,-1.06e-04,4.40e+01,
21,3.28e-01,-1.06e-04,4.40e+01,
22,3.28e-01,-1.06e-04,4.40e+01,
23,3.28e-01,-1.06e-04,4.38e+01,
24,3.28e-01,-1.06e-04,4.40e+01,
25,3.28e-01,-1.06e-04,4.40e+01,
26,3.28e-01,-1.06e-04,4.40e+01,
27,3.28e-01,-1.06e-04,4.40e+01,
28,3.28e-01,-1.06e-04,4.40e+01,
29,3.28e-01,-1.06e-04,4.38e+01,
30,3.28e-01,-1.06e-04,4.38e+01,
31,3.28e-01,-1.06e-04,4.38e+01,
32,3.28e-01,-1.06e-04,4.40e+01,
33,3.28e-01,-1.06e-04,4.40e+01,
34,3.28e-01,-1.06e-04,4.40e+01,
35,3.28e-01,-1.06e-04,4.40e+01,
36,3.28e-01,-1.06e-04,4.40e+01,
37,3.36e-01,-1.06e-04,4.40e+01,
38,3.28e-01,-1.06e-04,4.40e+01,
39,3.36e-01,-1.06e-04,4.40e+01,
40,3.28e-01,-1.06e-04,4.38e+01,
41,3.28e-01,-1.06e-04,4.38e+01,
42,3.28e-01,-1.06e-04,4.38e+01,
43,3.28e-01,-1.06e-04,4.38e+01,
44,3.36e-01,-1.06e-04,4.38e+01,
45,3.36e-01,-1.06e-04,4.38e+01,
46,3.36e-01,-1.06e-04,4.38e+01,
47,3.36e-01,-1.06e-04,4.38e+01,
48,3.36e-01,-1.06e-04,4.38e+01,
49,3.28e-01,-1.06e-04,4.40e+01,
50,3.28e-01,-1.06e-04,4.38e+01,
51,3.28e-01,-1.06e-04,4.38e+01,
52,3.28e-01,-1.06e-04,4.40e+01,
53,3.36e-01,-1.06e-04,4.38e+01,
54,3.36e-01,8.00e-01,4.38e+01,
55,3.36e-01,8.00e-01,4.40e+01,
56,3.36e-01,8.00e-01,4.38e+01,
57,3.28e-01,8.00e-01,4.40e+01,
58,3.28e-01,8.00e-01,4.38e+01,
59,3.28e-01,8.00e-01,4.38e+01,
60,3.36e-01,2.40e+00,4.40e+01,
61,3.36e-01,2.40e+00,4.38e+01,
62,3.28e-01,2.40e+00,4.38e+01,
63,3.36e-01,2.40e+00,4.38e+01,
64,3.28e-01,2.40e+00,4.40e+01,
65,3.36e-01,3.20e+00,4.38e+01,
66,3.28e-01,3.20e+00,4.38e+01,
67,3.28e-01,3.20e+00,4.38e+01,
68,3.36e-01,3.20e+00,4.38e+01,
69,3.36e-01,4.80e+00,4.40e+01,
70,3.28e-01,4.80e+00,4.38e+01,
71,3.36e-01,4.80e+00,4.38e+01,
72,3.28e-01,6.40e+00,4.40e+01,
73,3.28e-01,6.40e+00,4.40e+01,
74,3.28e-01,7.20e+00,4.38e+01,
75,3.12e-01,8.80e+00,4.40e+01,
76,3.12e-01,9.60e+00,4.40e+01,
77,3.12e-01,1.12e+01,4.40e+01,
78,3.04e-01,1.36e+01,4.38e+01,
79,2.88e-01,1.68e+01,4.40e+01,
80,2.64e-01,2.24e+01,4.40e+01,
81,2.56e-01,2.80e+01,4.40e+01,
82,2.16e-01,3.68e+01,4.40e+01,
83,1.60e-01,4.40e+01,4.44e+01,
84,-3.84e-01,5.04e+01,4.78e+01,
85,-8.96e-01,5.20e+01,5.02e+01,
86,-9.92e-01,5.20e+01,4.96e+01,
87,-9.12e-01,5.20e+01,4.90e+01,
88,-7.68e-01,5.04e+01,4.90e+01,
89,-5.84e-01,4.88e+01,4.88e+01,
90,-3.60e-01,4.88e+01,4.78e+01,
91,-1.28e-01,4.80e+01,4.74e+01,
92,6.40e-02,4.64e+01,4.68e+01,
93,1.12e-01,4.80e+01,4.72e+01,
94,-2.40e-02,4.88e+01,4.88e+01,
95,-1.68e-01,5.04e+01,5.00e+01,
96,-1.92e-01,5.04e+01,5.02e+01,
97,-9.60e-02,4.88e+01,5.00e+01,
98,4.80e-02,4.88e+01,4.94e+01,
99,7.20e-02,4.88e+01,5.00e+01,
100,-2.40e-02,5.04e+01,5.08e+01,
101,-1.44e-01,5.20e+01,5.18e+01,
102,-1.52e-01,5.20e+01,5.18e+01,
103,-7.20e-02,5.20e+01,5.18e+01,
104,4.00e-02,5.20e+01,5.16e+01,
105,4.00e-02,5.20e+01,5.18e+01,
106,-4.80e-02,5.28e+01,5.28e+01,
107,-1.20e-01,5.28e+01,5.30e+01,
108,-1.20e-01,5.28e+01,5.34e+01,
109,-3.20e-02,5.28e+01,5.30e+01,
110,2.40e-02,5.28e+01,5.28e+01,
111,1.60e-02,5.28e+01,5.34e+01,
112,-5.60e-02,5.44e+01,5.40e+01,
113,-1.04e-01,5.44e+01,5.44e+01,
114,-8.00e-02,5.44e+01,5.40e+01,
115,-2.40e-02,5.28e+01,5.36e+01,
116,1.60e-02,5.28e+01,5.34e+01,
117,-8.00e-03,5.28e+01,5.36e+01,
118,-5.60e-02,5.44e+01,5.40e+01,
119,-8.00e-02,5.44e+01,5.44e+01,
120,-5.60e-02,5.44e+01,5.40e+01,
121,-2.40e-02,5.28e+01,5.36e+01,
122,0.00e+00,5.28e+01,5.36e+01,
123,-2.40e-02,5.28e+01,5.36e+01,
124,-5.60e-02,5.28e+01,5.36e+01,
125,-7.20e-02,5.28e+01,5.36e+01,
126,-4.80e-02,5.28e+01,5.34e+01,
127,-2.40e-02,5.28e+01,5.30e+01,
128,-8.00e-03,5.28e+01,5.30e+01,
129,-3.20e-02,5.28e+01,5.30e+01,
130,-5.60e-02,5.28e+01,5.28e+01,
131,-5.60e-02,5.20e+01,5.28e+01,
132,-7.20e-02,5.20e+01,5.28e+01,
133,-7.04e-01,4.56e+01,5.64e+01,
134,-4.16e-01,3.92e+01,5.40e+01,
135,6.40e-02,3.04e+01,5.08e+01,
136,-2.16e-01,2.24e+01,5.36e+01,
137,1.60e-02,1.68e+01,5.28e+01,
138,0.00e+00,1.20e+01,5.24e+01,
139,1.12e-01,9.60e+00,5.18e+01,
140,9.60e-02,7.20e+00,5.30e+01,
141,1.44e-01,6.40e+00,5.16e+01,
142,1.84e-01,6.40e+00,5.24e+01,
143,1.60e-01,6.40e+00,5.28e+01,
144,2.16e-01,6.40e+00,5.18e+01,
145,1.92e-01,7.20e+00,5.24e+01,
146,1.84e-01,9.60e+00,5.28e+01,
147,1.92e-01,1.20e+01,5.22e+01,
148,1.44e-01,1.60e+01,5.28e+01,
149,1.12e-01,2.08e+01,5.30e+01,
150,6.40e-02,2.80e+01,5.24e+01,
151,-2.40e-02,3.68e+01,5.34e+01,
152,-8.00e-02,4.56e+01,5.36e+01,
153,-1.68e-01,5.52e+01,5.40e+01,
154,-6.72e-01,5.92e+01,5.70e+01,
155,-7.04e-01,5.68e+01,5.68e+01,
156,-4.80e-02,5.20e+01,5.22e+01,
157,5.28e-01,4.88e+01,5.00e+01,
158,4.80e-01,5.04e+01,5.12e+01,
159,-8.00e-02,5.44e+01,5.46e+01,
160,-5.28e-01,5.68e+01,5.64e+01,
161,-4.32e-01,5.44e+01,5.52e+01,
162,4.80e-02,5.20e+01,5.18e+01,
163,3.76e-01,4.88e+01,5.06e+01,
164,-9.60e-01,4.16e+01,5.96e+01,
165,2.88e-01,4.32e+01,5.18e+01,
166,-4.56e-01,3.20e+01,5.44e+01,
167,1.20e-01,2.80e+01,5.22e+01,
168,0.00e+00,2.32e+01,5.56e+01,
169,-5.60e-02,2.00e+01,5.18e+01,
170,1.12e-01,1.68e+01,5.36e+01,
171,6.40e-02,1.60e+01,5.46e+01,
172,1.36e-01,1.44e+01,5.16e+01,
173,9.60e-02,1.36e+01,5.40e+01,
174,1.20e-01,1.44e+01,5.34e+01,
175,1.44e-01,1.44e+01,5.28e+01,
176,9.60e-02,1.68e+01,5.34e+01,
177,9.60e-02,2.00e+01,5.36e+01,
178,9.60e-02,2.24e+01,5.28e+01,
179,4.80e-02,2.72e+01,5.40e+01,
180,1.60e-02,3.20e+01,5.36e+01,
181,-8.00e-03,3.68e+01,5.34e+01,
182,-7.20e-02,4.16e+01,5.36e+01,
183,-9.60e-02,4.64e+01,5.36e+01,
184,-1.28e-01,5.20e+01,5.34e+01,
185,-1.76e-01,5.44e+01,5.44e+01,
186,-2.72e-01,5.44e+01,5.44e+01,
187,-1.76e-01,5.28e+01,5.34e+01,
188,6.40e-02,5.20e+01,5.24e+01,
189,1.84e-01,5.04e+01,5.16e+01,
190,-1.02e+00,4.40e+01,5.80e+01,
191,3.28e-01,4.40e+01,5.02e+01,
192,-3.84e-01,3.84e+01,5.52e+01,
193,-7.20e-02,3.28e+01,5.16e+01,
194,4.00e-02,2.96e+01,5.46e+01,
195,-2.40e-02,2.56e+01,5.18e+01,
196,0.00e+00,2.24e+01,5.36e+01,
197,6.40e-02,2.00e+01,5.30e+01,
198,1.20e-01,1.84e+01,5.22e+01,
199,4.00e-02,1.68e+01,5.30e+01,
200,9.60e-02,1.68e+01,5.30e+01,
201,1.20e-01,1.84e+01,5.22e+01,
202,7.20e-02,2.00e+01,5.30e+01,
203,9.60e-02,2.08e+01,5.28e+01,
204,7.20e-02,2.32e+01,5.24e+01,
205,4.80e-02,2.56e+01,5.34e+01,
206,2.40e-02,2.96e+01,5.28e+01,
207,0.00e+00,3.28e+01,5.28e+01,
208,-4.80e-02,3.84e+01,5.30e+01,
209,-5.60e-02,4.16e+01,5.30e+01,
210,-8.00e-02,4.56e+01,5.30e+01,
211,-1.20e-01,4.80e+01,5.36e+01,
212,-1.20e-01,5.04e+01,5.30e+01,
213,-1.28e-01,5.04e+01,5.34e+01,
214,-1.28e-01,4.88e+01,5.34e+01,
215,-1.44e-01,4.80e+01,5.30e+01,
216,-1.28e-01,4.56e+01,5.34e+01,
217,-1.20e-01,4.16e+01,5.30e+01,
218,-9.60e-02,3.84e+01,5.30e+01,
219,-7.20e-02,3.44e+01,5.30e+01,
220,-4.80e-02,3.04e+01,5.30e+01,
221,-8.00e-03,2.72e+01,5.28e+01,
222,1.60e-02,2.48e+01,5.28e+01,
223,2.40e-02,2.24e+01,5.28e+01,
224,4.80e-02,2.08e+01,5.28e+01,
225,6.40e-02,2.08e+01,5.28e+01,
226,7.20e-02,2.08e+01,5.28e+01,
227,7.20e-02,2.08e+01,5.28e+01,
228,7.20e-02,2.08e+01,5.28e+01,
229,7.20e-02,2.32e+01,5.30e+01,
230,6.40e-02,2.48e+01,5.28e+01,
231,4.00e-02,2.72e+01,5.30e+01,
232,2.40e-02,3.04e+01,5.30e+01,
233,0.00e+00,3.28e+01,5.30e+01,
234,-2.40e-02,3.68e+01,5.30e+01,
235,-4.80e-02,3.92e+01,5.30e+01,
236,-7.20e-02,4.32e+01,5.34e+01,
237,-9.60e-02,4.56e+01,5.34e+01,
238,-1.04e-01,4.64e+01,5.34e+01,
239,-1.20e-01,4.64e+01,5.34e+01,
240,-1.20e-01,4.64e+01,5.34e+01,
241,-1.20e-01,4.56e+01,5.34e+01,
242,-1.04e-01,4.32e+01,5.34e+01,
243,-9.60e-02,4.08e+01,5.34e+01,
244,-8.00e-02,3.68e+01,5.30e+01,
245,-5.60e-02,3.44e+01,5.34e+01,
246,-3.20e-02,3.20e+01,5.30e+01,
247,-2.40e-02,2.80e+01,5.34e+01,
248,0.00e+00,2.72e+01,5.30e+01,
249,2.40e-02,2.48e+01,5.30e+01,
250,4.00e-02,2.32e+01,5.28e+01,
251,4.80e-02,2.24e+01,5.30e+01,
252,6.40e-02,2.24e+01,5.30e+01,
253,6.40e-02,2.24e+01,5.30e+01,
254,6.40e-02,2.32e+01,5.30e+01,
255,4.80e-02,2.48e+01,5.30e+01,
256,4.80e-02,2.56e+01,5.30e+01,
257,2.40e-02,2.80e+01,5.30e+01,
258,1.60e-02,3.04e+01,5.30e+01,
259,0.00e+00,3.28e+01,5.34e+01,
260,-2.40e-02,3.60e+01,5.34e+01,
261,-4.80e-02,3.84e+01,5.34e+01,
262,-5.60e-02,4.08e+01,5.34e+01,
263,-8.00e-02,4.32e+01,5.34e+01,
264,-8.00e-02,4.40e+01,5.34e+01,
265,-9.60e-02,4.40e+01,5.34e+01,
266,-9.60e-02,4.40e+01,5.34e+01,
267,-9.60e-02,4.32e+01,5.34e+01,
268,-8.00e-02,4.16e+01,5.30e+01,
269,-8.00e-02,3.92e+01,5.30e+01,
270,-7.20e-02,3.68e+01,5.30e+01,
271,-4.80e-02,3.44e+01,5.30e+01,
272,-3.20e-02,3.20e+01,5.30e+01,
273,-2.40e-02,2.96e+01,5.30e+01,
274,0.00e+00,2.80e+01,5.28e+01,
275,1.60e-02,2.56e+01,5.28e+01,
276,2.40e-02,2.48e+01,5.28e+01,
277,4.00e-02,2.48e+01,5.28e+01,
278,4.80e-02,2.48e+01,5.28e+01,
279,4.80e-02,2.48e+01,5.28e+01,
280,4.80e-02,2.48e+01,5.28e+01,
281,4.00e-02,2.56e+01,5.28e+01,
282,4.00e-02,2.72e+01,5.28e+01,
283,2.40e-02,2.96e+01,5.28e+01,
284,1.60e-02,3.04e+01,5.28e+01,
285,-8.00e-03,3.28e+01,5.30e+01,
286,-2.40e-02,3.60e+01,5.30e+01,
287,-3.20e-02,3.68e+01,5.30e+01,
288,-4.80e-02,3.92e+01,5.30e+01,
289,-5.60e-02,4.08e+01,5.30e+01,
290,-7.20e-02,4.16e+01,5.30e+01,
291,-8.00e-02,4.16e+01,5.30e+01,
292,-8.00e-02,4.16e+01,5.30e+01,
293,-8.00e-02,4.08e+01,5.30e+01,
294,-7.20e-02,3.92e+01,5.30e+01,
295,-7.20e-02,3.84e+01,5.30e+01,
296,-5.60e-02,3.60e+01,5.30e+01,
297,-4.80e-02,3.44e+01,5.30e+01,
298,-3.20e-02,3.20e+01,5.28e+01,
299,-2.40e-02,3.04e+01,5.28e+01,
300,0.00e+00,2.80e+01,5.28e+01,
301,1.60e-02,2.72e+01,5.28e+01,
302,1.60e-02,2.72e+01,5.28e+01,
303,2.40e-02,2.56e+01,5.28e+01,
304,4.00e-02,2.56e+01,5.28e+01,
305,4.00e-02,2.56e+01,5.28e+01,
306,4.00e-02,2.72e+01,5.28e+01,
307,2.40e-02,2.72e+01,5.28e+01,
308,2.40e-02,2.80e+01,5.28e+01,
309,1.60e-02,2.96e+01,5.28e+01,
310,0.00e+00,3.20e+01,5.30e+01,
311,-8.00e-03,3.28e+01,5.30e+01,
312,-2.40e-02,3.60e+01,5.30e+01,
313,-3.20e-02,3.68e+01,5.30e+01,
314,-4.80e-02,3.84e+01,5.30e+01,
315,-5.60e-02,3.92e+01,5.30e+01,
316,-5.60e-02,3.92e+01,5.30e+01,
317,-7.20e-02,4.08e+01,5.30e+01,
318,-7.20e-02,4.08e+01,5.30e+01,
319,-7.20e-02,3.92e+01,5.30e+01,
320,-7.20e-02,3.84e+01,5.30e+01,
321,-5.60e-02,3.68e+01,5.30e+01,
322,-4.80e-02,3.60e+01,5.28e+01,
323,-4.80e-02,3.44e+01,5.30e+01,
324,-2.40e-02,3.20e+01,5.30e+01,
325,-2.40e-02,3.04e+01,5.30e+01,
326,-8.00e-03,2.96e+01,5.28e+01,
327,0.00e+00,2.80e+01,5.28e+01,
328,1.60e-02,2.72e+01,5.28e+01,
329,1.60e-02,2.72e+01,5.28e+01,
330,2.40e-02,2.72e+01,5.28e+01,
331,2.40e-02,2.72e+01,5.28e+01,
332,2.40e-02,2.72e+01,5.28e+01,
333,2.40e-02,2.80e+01,5.30e+01,
334,1.60e-02,2.96e+01,5.28e+01,
335,0.00e+00,3.04e+01,5.28e+01,
336,0.00e+00,3.20e+01,5.30e+01,
337,-8.00e-03,3.28e+01,5.30e+01,
338,-2.40e-02,3.44e+01,5.30e+01,
339,-3.20e-02,3.60e+01,5.30e+01,
340,-4.80e-02,3.68e+01,5.30e+01,
341,-4.80e-02,3.84e+01,5.30e+01,
342,-5.60e-02,3.84e+01,5.30e+01,
343,-5.60e-02,3.84e+01,5.30e+01,
344,-5.60e-02,3.84e+01,5.30e+01,
345,-5.60e-02,3.84e+01,5.30e+01,
346,-5.60e-02,3.68e+01,5.30e+01,
347,-4.80e-02,3.60e+01,5.30e+01,
348,-4.80e-02,3.44e+01,5.28e+01,
349,-3.20e-02,3.28e+01,5.28e+01,
350,-2.40e-02,3.20e+01,5.28e+01,
351,-2.40e-02,3.04e+01,5.28e+01,
352,-8.00e-03,3.04e+01,5.28e+01,
353,0.00e+00,2.96e+01,5.28e+01,
354,0.00e+00,2.80e+01,5.28e+01,
355,1.60e-02,2.80e+01,5.28e+01,
356,1.60e-02,2.80e+01,5.24e+01,
357,1.60e-02,2.80e+01,5.28e+01,
358,1.60e-02,2.80e+01,5.28e+01,
359,1.60e-02,2.96e+01,5.28e+01,
360,1.60e-02,3.04e+01,5.28e+01,
361,0.00e+00,3.04e+01,5.28e+01,
362,-8.00e-03,3.20e+01,5.28e+01,
363,-8.00e-03,3.28e+01,5.28e+01,
364,-2.40e-02,3.44e+01,5.28e+01,
365,-3.20e-02,3.60e+01,5.28e+01,
366,-3.20e-02,3.68e+01,5.28e+01,
367,-4.80e-02,3.68e+01,5.28e+01,
368,-4.80e-02,3.84e+01,5.28e+01,
369,-4.80e-02,3.84e+01,5.28e+01,
370,-4.80e-02,3.68e+01,5.28e+01,
371,-5.60e-02,3.68e+01,5.28e+01,
372,-4.80e-02,3.68e+01,5.28e+01,
373,-4.80e-02,3.60e+01,5.28e+01,
374,-3.20e-02,3.44e+01,5.28e+01,
375,-3.20e-02,3.28e+01,5.28e+01,
376,-2.40e-02,3.20e+01,5.28e+01,
377,-2.40e-02,3.04e+01,5.28e+01,
378,-8.00e-03,3.04e+01,5.28e+01,
379,-8.00e-03,2.96e+01,5.24e+01,
380,0.00e+00,2.96e+01,5.24e+01,
381,0.00e+00,2.96e+01,5.28e+01,
382,0.00e+00,2.96e+01,5.24e+01,
383,1.60e-02,2.96e+01,5.28e+01,
384,0.00e+00,2.96e+01,5.28e+01,
385,0.00e+00,2.96e+01,5.28e+01,
386,0.00e+00,3.04e+01,5.28e+01,
387,0.00e+00,3.20e+01,5.28e+01,
388,-8.00e-03,3.20e+01,5.28e+01,
389,-8.00e-03,3.28e+01,5.28e+01,
390,-2.40e-02,3.44e+01,5.28e+01,
391,-2.40e-02,3.60e+01,5.28e+01,
392,-3.20e-02,3.60e+01,5.28e+01,
393,-3.20e-02,3.68e+01,5.28e+01,
394,-4.80e-02,3.68e+01,5.28e+01,
395,-4.80e-02,3.68e+01,5.28e+01,
396,-4.80e-02,3.68e+01,5.28e+01,
397,-4.80e-02,3.60e+01,5.28e+01,
398,-4.80e-02,3.60e+01,5.28e+01,
399,-3.20e-02,3.44e+01,5.28e+01,
400,-3.20e-02,3.44e+01,5.28e+01,
401,-2.40e-02,3.28e+01,5.28e+01,
402,-2.40e-02,3.28e+01,5.28e+01,
403,-2.40e-02,3.20e+01,5.28e+01,
404,-8.00e-03,3.04e+01,5.28e+01,
405,-8.00e-03,3.04e+01,5.28e+01,
406,0.00e+00,2.96e+01,5.28e+01,
407,0.00e+00,2.96e+01,5.28e+01,
408,0.00e+00,2.96e+01,5.28e+01,
409,0.00e+00,2.96e+01,5.28e+01,
410,0.00e+00,3.04e+01,5.28e+01,
411,0.00e+00,3.04e+01,5.28e+01,
412,0.00e+00,3.04e+01,5.28e+01,
413,-8.00e-03,3.20e+01,5.28e+01,
414,-8.00e-03,3.28e+01,5.28e+01,
415,-8.00e-03,3.28e+01,5.28e+01,
416,-2.40e-02,3.44e+01,5.28e+01,
417,-2.40e-02,3.44e+01,5.28e+01,
418,-3.20e-02,3.60e+01,5.28e+01,
419,-3.20e-02,3.60e+01,5.28e+01,
420,-3.20e-02,3.60e+01,5.28e+01,
421,-3.20e-02,3.60e+01,5.28e+01,
422,-4.80e-02,3.60e+01,5.28e+01,
423,-3.20e-02,3.60e+01,5.28e+01,
424,-3.20e-02,3.60e+01,5.28e+01,
425,-3.20e-02,3.44e+01,5.28e+01,
426,-3.20e-02,3.44e+01,5.28e+01,
427,-2.40e-02,3.28e+01,5.24e+01,
428,-2.40e-02,3.28e+01,5.28e+01,
429,-8.00e-03,3.20e+01,5.28e+01,
430,-8.00e-03,3.20e+01,5.24e+01,
431,-8.00e-03,3.04e+01,5.24e+01,
432,0.00e+00,3.04e+01,5.24e+01,
433,0.00e+00,3.04e+01,5.28e+01,
434,0.00e+00,3.04e+01,5.24e+01,
435,0.00e+00,3.04e+01,5.24e+01,
436,0.00e+00,3.04e+01,5.24e+01,
437,0.00e+00,3.04e+01,5.24e+01,
438,0.00e+00,3.20e+01,5.24e+01,
439,-8.00e-03,3.20e+01,5.24e+01,
440,-8.00e-03,3.28e+01,5.28e+01,
441,-8.00e-03,3.28e+01,5.24e+01,
442,-2.40e-02,3.44e+01,5.24e+01,
443,-2.40e-02,3.44e+01,5.24e+01,
444,-2.40e-02,3.44e+01,5.24e+01,
445,-3.20e-02,3.60e+01,5.24e+01,
446,-3.20e-02,3.60e+01,5.24e+01,
447,-3.20e-02,3.60e+01,5.24e+01,
448,-3.20e-02,3.60e+01,5.24e+01,
449,-3.20e-02,3.60e+01,5.24e+01,
450,-3.20e-02,3.44e+01,5.24e+01,
451,-3.20e-02,3.44e+01,5.28e+01,
452,-2.40e-02,3.28e+01,5.24e+01,
453,-2.40e-02,3.28e+01,5.24e+01,
454,-2.40e-02,3.20e+01,5.24e+01,
455,-2.40e-02,3.20e+01,5.24e+01,
456,-8.00e-03,3.20e+01,5.24e+01,
457,-8.00e-03,3.04e+01,5.28e+01,
458,-8.00e-03,3.04e+01,5.24e+01,
459,-8.00e-03,3.04e+01,5.24e+01,
460,0.00e+00,3.04e+01,5.24e+01,
461,0.00e+00,3.04e+01,5.24e+01,
462,0.00e+00,3.04e+01,5.24e+01,
463,-8.00e-03,3.20e+01,5.28e+01,
464,-8.00e-03,3.20e+01,5.24e+01,
465,-8.00e-03,3.20e+01,5.24e+01,
466,-8.00e-03,3.28e+01,5.24e+01,
467,-8.00e-03,3.28e+01,5.24e+01,
468,-2.40e-02,3.28e+01,5.24e+01,
469,-2.40e-02,3.44e+01,5.28e+01,
470,-2.40e-02,3.44e+01,5.24e+01,
471,-3.20e-02,3.44e+01,5.28e+01,
472,-3.20e-02,3.44e+01,5.24e+01,
473,-3.20e-02,3.44e+01,5.28e+01,
474,-3.20e-02,3.44e+01,5.28e+01,
475,-3.20e-02,3.44e+01,5.28e+01,
476,-3.20e-02,3.44e+01,5.28e+01,
477,-2.40e-02,3.44e+01,5.24e+01,
478,-2.40e-02,3.28e+01,5.24e+01,
479,-2.40e-02,3.28e+01,5.28e+01,
480,-2.40e-02,3.28e+01,5.24e+01,
481,-2.40e-02,3.20e+01,5.24e+01,
482,-8.00e-03,3.20e+01,5.24e+01,
483,-8.00e-03,3.20e+01,5.24e+01,
484,-8.00e-03,3.20e+01,5.24e+01,
485,-8.00e-03,3.04e+01,5.24e+01,
486,-8.00e-03,3.04e+01,5.24e+01,
487,-8.00e-03,3.04e+01,5.24e+01,
488,-8.00e-03,3.20e+01,5.24e+01,
489,-8.00e-03,3.20e+01,5.24e+01,
490,-8.00e-03,3.20e+01,5.24e+01,
491,-8.00e-03,3.20e+01,5.24e+01,
492,-8.00e-03,3.28e+01,5.24e+01,
493,-8.00e-03,3.28e+01,5.24e+01,
494,-2.40e-02,3.28e+01,5.24e+01,
495,-2.40e-02,3.44e+01,5.24e+01,
496,-2.40e-02,3.44e+01,5.24e+01,
497,-2.40e-02,3.44e+01,5.24e+01,
498,-2.40e-02,3.44e+01,5.24e+01,
499,-3.20e-02,3.44e+01,5.24e+01,
500,-2.40e-02,3.44e+01,5.24e+01,
501,-3.20e-02,3.44e+01,5.24e+01,
502,-2.40e-02,3.44e+01,5.24e+01,
503,-2.40e-02,3.28e+01,5.24e+01,
504,-2.40e-02,3.28e+01,5.24e+01,
505,-2.40e-02,3.28e+01,5.24e+01,
506,-2.40e-02,3.28e+01,5.24e+01,
507,-2.40e-02,3.20e+01,5.24e+01,
508,-8.00e-03,3.20e+01,5.24e+01,
509,-8.00e-03,3.20e+01,5.24e+01,
510,-8.00e-03,3.20e+01,5.24e+01,
511,-8.00e-03,3.20e+01,5.24e+01,
512,-8.00e-03,3.20e+01,5.24e+01,
513,-8.00e-03,3.20e+01,5.24e+01,
514,-8.00e-03,3.20e+01,5.24e+01,
515,-8.00e-03,3.20e+01,5.24e+01,
516,-8.00e-03,3.20e+01,5.24e+01,
517,-8.00e-03,3.20e+01,5.24e+01,
518,-8.00e-03,3.28e+01,5.24e+01,
519,-2.40e-02,3.28e+01,5.24e+01,
520,-2.40e-02,3.28e+01,5.24e+01,
521,-2.40e-02,3.28e+01,5.24e+01,
522,-2.40e-02,3.44e+01,5.24e+01,
523,-2.40e-02,3.44e+01,5.24e+01,
524,-2.40e-02,3.44e+01,5.24e+01,
525,-2.40e-02,3.44e+01,5.24e+01,
526,-2.40e-02,3.44e+01,5.24e+01,
527,-2.40e-02,3.44e+01,5.24e+01,
528,-2.40e-02,3.44e+01,5.24e+01,
529,-2.40e-02,3.28e+01,5.24e+01,
530,-2.40e-02,3.28e+01,5.22e+01,
531,-2.40e-02,3.28e+01,5.24e+01,
532,-8.00e-03,3.28e+01,5.24e+01,
533,-8.00e-03,3.20e+01,5.24e+01,
534,-8.00e-03,3.20e+01,5.22e+01,
535,-8.00e-03,3.20e+01,5.22e+01,
536,-8.00e-03,3.20e+01,5.22e+01,
537,-8.00e-03,3.20e+01,5.24e+01,
538,-8.00e-03,3.20e+01,5.24e+01,
539,-8.00e-03,3.20e+01,5.24e+01,
540,-8.00e-03,3.20e+01,5.24e+01,
541,-8.00e-03,3.20e+01,5.24e+01,
542,-8.00e-03,3.20e+01,5.22e+01,
543,-8.00e-03,3.28e+01,5.24e+01,
544,-8.00e-03,3.28e+01,5.24e+01,
545,-8.00e-03,3.28e+01,5.24e+01,
546,-2.40e-02,3.28e+01,5.24e+01,
547,-2.40e-02,3.28e+01,5.24e+01,
548,-2.40e-02,3.44e+01,5.24e+01,
549,-2.40e-02,3.44e+01,5.24e+01,
550,-2.40e-02,3.44e+01,5.24e+01,
551,-2.40e-02,3.44e+01,5.24e+01,
552,-2.40e-02,3.44e+01,5.24e+01,
553,-2.40e-02,3.44e+01,5.24e+01,
554,-2.40e-02,3.28e+01,5.24e+01,
555,-2.40e-02,3.28e+01,5.24e+01,
556,-2.40e-02,3.28e+01,5.24e+01,
557,-2.40e-02,3.28e+01,5.24e+01,
558,-8.00e-03,3.28e+01,5.22e+01,
559,-8.00e-03,3.28e+01,5.24e+01,
560,-8.00e-03,3.20e+01,5.24e+01,
561,-8.00e-03,3.20e+01,5.24e+01,
562,-8.00e-03,3.20e+01,5.22e+01,
563,-8.00e-03,3.20e+01,5.24e+01,
564,-8.00e-03,3.20e+01,5.24e+01,
565,-8.00e-03,3.20e+01,5.24e+01,
566,-8.00e-03,3.20e+01,5.24e+01,
567,-8.00e-03,3.20e+01,5.22e+01,
568,-8.00e-03,3.28e+01,5.24e+01,
569,-8.00e-03,3.28e+01,5.24e+01,
570,-8.00e-03,3.28e+01,5.22e+01,
571,-2.40e-02,3.28e+01,5.24e+01,
572,-2.40e-02,3.28e+01,5.24e+01,
573,-2.40e-02,3.28e+01,5.24e+01,
574,-2.40e-02,3.44e+01,5.24e+01,
575,-2.40e-02,3.28e+01,5.22e+01,
576,-2.40e-02,3.44e+01,5.22e+01,
577,-2.40e-02,3.28e+01,5.24e+01,
578,-2.40e-02,3.28e+01,5.24e+01,
579,-2.40e-02,3.28e+01,5.22e+01,
580,-2.40e-02,3.28e+01,5.22e+01,
581,-2.40e-02,3.28e+01,5.24e+01,
582,-2.40e-02,3.28e+01,5.22e+01,
583,-2.40e-02,3.28e+01,5.22e+01,
584,-2.40e-02,3.28e+01,5.22e+01,
585,-8.00e-03,3.28e+01,5.22e+01,
586,-8.00e-03,3.28e+01,5.22e+01,
587,-8.00e-03,3.20e+01,5.22e+01,
588,-8.00e-03,3.20e+01,5.22e+01,
589,-8.00e-03,3.20e+01,5.22e+01,
590,-8.00e-03,3.20e+01,5.22e+01,
591,-8.00e-03,3.20e+01,5.22e+01,
592,-8.00e-03,3.20e+01,5.24e+01,
593,-8.00e-03,3.20e+01,5.22e+01,
594,-8.00e-03,3.28e+01,5.22e+01,
595,-8.00e-03,3.28e+01,5.22e+01,
596,-8.00e-03,3.28e+01,5.22e+01,
597,-8.00e-03,3.28e+01,5.22e+01,
598,-2.40e-02,3.28e+01,5.22e+01,
599,-2.40e-02,3.28e+01,5.22e+01,
600,-2.40e-02,3.28e+01,5.22e+01,
601,-2.40e-02,3.28e+01,5.22e+01,
602,-2.40e-02,3.28e+01,5.22e+01,
603,-2.40e-02,3.28e+01,5.22e+01,
604,-2.40e-02,3.28e+01,5.22e+01,
605,-2.40e-02,3.28e+01,5.22e+01,
606,-2.40e-02,3.28e+01,5.22e+01,
607,-2.40e-02,3.28e+01,5.22e+01,
608,-2.40e-02,3.28e+01,5.22e+01,
609,-2.40e-02,3.28e+01,5.22e+01,
610,-2.40e-02,3.28e+01,5.22e+01,
611,-8.00e-03,3.28e+01,5.22e+01,
612,-8.00e-03,3.28e+01,5.22e+01,
613,-8.00e-03,3.20e+01,5.22e+01,
614,-8.00e-03,3.20e+01,5.22e+01,
615,-8.00e-03,3.20e+01,5.22e+01,
616,-8.00e-03,3.20e+01,5.22e+01,
617,-8.00e-03,3.20e+01,5.22e+01,
618,-8.00e-03,3.20e+01,5.22e+01,
619,-8.00e-03,3.28e+01,5.22e+01,
620,-8.00e-03,3.28e+01,5.22e+01,
621,-8.00e-03,3.28e+01,5.22e+01,
622,-8.00e-03,3.28e+01,5.22e+01,
623,-8.00e-03,3.28e+01,5.22e+01,
624,-8.00e-03,3.28e+01,5.22e+01,
625,-2.40e-02,3.28e+01,5.22e+01,
626,-2.40e-02,3.28e+01,5.22e+01,
627,-2.40e-02,3.28e+01,5.22e+01,
628,-2.40e-02,3.28e+01,5.22e+01,
629,-2.40e-02,3.28e+01,5.22e+01,
630,-2.40e-02,3.28e+01,5.22e+01,
631,-2.40e-02,3.28e+01,5.22e+01,
632,-2.40e-02,3.28e+01,5.22e+01,
633,-2.40e-02,3.28e+01,5.22e+01,
634,-2.40e-02,3.28e+01,5.22e+01,
635,-2.40e-02,3.28e+01,5.22e+01,
636,-8.00e-03,3.28e+01,5.22e+01,
637,-8.00e-03,3.28e+01,5.22e+01,
638,-8.00e-03,3.28e+01,5.22e+01,
639,-8.00e-03,3.20e+01,5.22e+01,
640,-8.00e-03,3.20e+01,5.22e+01,
641,-8.00e-03,3.20e+01,5.22e+01,
642,-8.00e-03,3.20e+01,5.22e+01,
643,-8.00e-03,3.20e+01,5.22e+01,
644,-8.00e-03,3.28e+01,5.22e+01,
645,-8.00e-03,3.28e+01,5.22e+01,
646,-8.00e-03,3.28e+01,5.22e+01,
647,-8.00e-03,3.28e+01,5.22e+01,
648,-8.00e-03,3.28e+01,5.22e+01,
649,-8.00e-03,3.28e+01,5.22e+01,
650,-8.00e-03,3.28e+01,5.22e+01,
651,-2.40e-02,3.28e+01,5.22e+01,
652,-8.00e-03,3.28e+01,5.22e+01,
653,-2.40e-02,3.28e+01,5.22e+01,
654,-2.40e-02,3.28e+01,5.22e+01,
655,-2.40e-02,3.28e+01,5.22e+01,
656,-2.40e-02,3.28e+01,5.22e+01,
657,-2.40e-02,3.28e+01,5.22e+01,
658,-2.40e-02,3.28e+01,5.22e+01,
659,-2.40e-02,3.28e+01,5.22e+01,
660,-8.00e-03,3.28e+01,5.22e+01,
661,-8.00e-03,3.28e+01,5.22e+01,
662,-8.00e-03,3.28e+01,5.22e+01,
663,-8.00e-03,3.28e+01,5.22e+01,
664,-8.00e-03,3.28e+01,5.22e+01,
665,-8.00e-03,3.28e+01,5.22e+01,
666,-8.00e-03,3.28e+01,5.22e+01,
667,-8.00e-03,3.20e+01,5.22e+01,
668,-8.00e-03,3.28e+01,5.22e+01,
669,-8.00e-03,3.28e+01,5.22e+01,
670,-8.00e-03,3.28e+01,5.22e+01,
671,-8.00e-03,3.28e+01,5.22e+01,
672,-8.00e-03,3.28e+01,5.22e+01,
673,-8.00e-03,3.28e+01,5.22e+01,
674,-8.00e-03,3.28e+01,5.22e+01,
675,-8.00e-03,3.28e+01,5.22e+01,
676,-8.00e-03,3.28e+01,5.22e+01,
677,-8.00e-03,3.28e+01,5.22e+01,
678,-2.40e-02,3.28e+01,5.22e+01,
679,-2.40e-02,3.28e+01,5.22e+01,
680,-8.00e-03,3.28e+01,5.22e+01,
681,-2.40e-02,3.28e+01,5.22e+01,
682,-8.00e-03,3.28e+01,5.22e+01,
683,-2.40e-02,3.28e+01,5.22e+01,
684,-8.00e-03,3.28e+01,5.22e+01,
685,-8.00e-03,3.28e+01,5.22e+01,
686,-2.40e-02,3.28e+01,5.22e+01,
687,-8.00e-03,3.28e+01,5.22e+01,
688,-8.00e-03,3.28e+01,5.18e+01,
689,-8.00e-03,3.28e+01,5.22e+01,
690,-8.00e-03,3.28e+01,5.22e+01,
691,-8.00e-03,3.28e+01,5.22e+01,
692,-8.00e-03,3.28e+01,5.22e+01,
693,-8.00e-03,3.28e+01,5.22e+01,
694,-8.00e-03,3.28e+01,5.18e+01,
695,-8.00e-03,3.28e+01,5.22e+01,
696,-8.00e-03,3.28e+01,5.22e+01,
697,-8.00e-03,3.28e+01,5.18e+01,
698,-8.00e-03,3.28e+01,5.22e+01,
699,-8.00e-03,3.28e+01,5.18e+01,
700,-8.00e-03,3.28e+01,5.22e+01,
701,-8.00e-03,3.28e+01,5.22e+01,
702,-8.00e-03,3.28e+01,5.18e+01,
703,-2.40e-02,3.28e+01,5.22e+01,
704,-8.00e-03,3.28e+01,5.18e+01,
705,-2.40e-02,3.28e+01,5.22e+01,
706,-8.00e-03,3.28e+01,5.18e+01,
707,-8.00e-03,3.28e+01,5.22e+01,
708,-8.00e-03,3.28e+01,5.22e+01,
709,-2.40e-02,3.28e+01,5.22e+01,
710,-8.00e-03,3.28e+01,5.18e+01,
711,-2.40e-02,3.28e+01,5.22e+01,
712,-8.00e-03,3.28e+01,5.22e+01,
713,-8.00e-03,3.28e+01,5.22e+01,
714,-8.00e-03,3.28e+01,5.18e+01,
715,-8.00e-03,3.28e+01,5.18e+01,
716,-8.00e-03,3.28e+01,5.18e+01,
717,-8.00e-03,3.28e+01,5.18e+01,
718,-8.00e-03,3.28e+01,5.18e+01,
719,-8.00e-03,3.28e+01,5.18e+01,
720,-8.00e-03,3.28e+01,5.22e+01,
721,-8.00e-03,3.28e+01,5.22e+01,
722,-8.00e-03,3.28e+01,5.18e+01,
723,-8.00e-03,3.28e+01,5.18e+01,
724,-8.00e-03,3.28e+01,5.22e+01,
725,-8.00e-03,3.28e+01,5.22e+01,
726,-8.00e-03,3.28e+01,5.18e+01,
727,-8.00e-03,3.28e+01,5.18e+01,
728,-8.00e-03,3.28e+01,5.18e+01,
729,-8.00e-03,3.28e+01,5.18e+01,
730,-8.00e-03,3.28e+01,5.18e+01,
731,-2.40e-02,3.28e+01,5.18e+01,
732,-8.00e-03,3.28e+01,5.22e+01,
733,-8.00e-03,3.28e+01,5.18e+01,
734,-8.00e-03,3.28e+01,5.18e+01,
735,-2.40e-02,3.28e+01,5.18e+01,
736,-8.00e-03,3.28e+01,5.18e+01,
737,-8.00e-03,3.28e+01,5.18e+01,
738,-8.00e-03,3.28e+01,5.18e+01,
739,-8.00e-03,3.28e+01,5.18e+01,
740,-8.00e-03,3.28e+01,5.18e+01,
741,-8.00e-03,3.28e+01,5.22e+01,
742,-8.00e-03,3.28e+01,5.18e+01,
743,-8.00e-03,3.28e+01,5.18e+01,
744,-8.00e-03,3.28e+01,5.18e+01,
745,-8.00e-03,3.28e+01,5.18e+01,
746,-8.00e-03,3.28e+01,5.18e+01,
747,-8.00e-03,3.28e+01,5.18e+01,
748,-8.00e-03,3.28e+01,5.18e+01,
749,-8.00e-03,3.28e+01,5.22e+01,
750,-8.00e-03,3.28e+01,5.18e+01,
751,-8.00e-03,3.28e+01,5.18e+01,
752,-8.00e-03,3.28e+01,5.18e+01,
753,-8.00e-03,3.28e+01,5.18e+01,
754,-8.00e-03,3.28e+01,5.18e+01,
755,-2.40e-02,3.28e+01,5.18e+01,
756,-8.00e-03,3.28e+01,5.18e+01,
757,-8.00e-03,3.28e+01,5.18e+01,
758,-8.00e-03,3.28e+01,5.18e+01,
759,-2.40e-02,3.28e+01,5.18e+01,
760,-8.00e-03,3.28e+01,5.18e+01,
761,-8.00e-03,3.28e+01,5.18e+01,
762,-8.00e-03,3.28e+01,5.18e+01,
763,-8.00e-03,3.28e+01,5.18e+01,
764,-8.00e-03,3.28e+01,5.18e+01,
765,-8.00e-03,3.28e+01,5.18e+01,
766,-8.00e-03,3.28e+01,5.18e+01,
767,-8.00e-03,3.28e+01,5.18e+01,
768,-8.00e-03,3.28e+01,5.18e+01,
769,-8.00e-03,3.28e+01,5.18e+01,
770,-8.00e-03,3.28e+01,5.18e+01,
771,-8.00e-03,3.28e+01,5.18e+01,
772,-8.00e-03,3.28e+01,5.18e+01,
773,-8.00e-03,3.28e+01,5.18e+01,
774,-8.00e-03,3.28e+01,5.18e+01,
775,-8.00e-03,3.28e+01,5.18e+01,
776,-8.00e-03,3.28e+01,5.18e+01,
777,-8.00e-03,3.28e+01,5.18e+01,
778,-8.00e-03,3.28e+01,5.18e+01,
779,-8.00e-03,3.28e+01,5.18e+01,
780,-8.00e-03,3.28e+01,5.18e+01,
781,-8.00e-03,3.28e+01,5.18e+01,
782,-8.00e-03,3.28e+01,5.18e+01,
783,-8.00e-03,3.28e+01,5.18e+01,
784,-8.00e-03,3.28e+01,5.18e+01,
785,-8.00e-03,3.28e+01,5.18e+01,
786,-8.00e-03,3.28e+01,5.18e+01,
787,-8.00e-03,3.28e+01,5.18e+01,
788,-8.00e-03,3.28e+01,5.18e+01,
789,-8.00e-03,3.28e+01,5.18e+01,
790,-8.00e-03,3.28e+01,5.18e+01,
791,-8.00e-03,3.28e+01,5.18e+01,
792,-8.00e-03,3.28e+01,5.18e+01,
793,-8.00e-03,3.28e+01,5.18e+01,
794,-8.00e-03,3.28e+01,5.18e+01,
795,-8.00e-03,3.28e+01,5.18e+01,
796,-8.00e-03,3.28e+01,5.18e+01,
797,-8.00e-03,3.28e+01,5.18e+01,
798,-8.00e-03,3.28e+01,5.18e+01,
799,-8.00e-03,3.28e+01,5.18e+01,
800,-8.00e-03,3.28e+01,5.18e+01,
801,-8.00e-03,3.28e+01,5.18e+01,
802,-8.00e-03,3.28e+01,5.18e+01,
803,-8.00e-03,3.28e+01,5.18e+01,
804,-8.00e-03,3.28e+01,5.18e+01,
805,-8.00e-03,3.28e+01,5.18e+01,
806,-8.00e-03,3.28e+01,5.18e+01,
807,-8.00e-03,3.28e+01,5.18e+01,
808,-8.00e-03,3.28e+01,5.18e+01,
809,-8.00e-03,3.28e+01,5.18e+01,
810,-8.00e-03,3.28e+01,5.18e+01,
811,-8.00e-03,3.28e+01,5.18e+01,
812,-8.00e-03,3.28e+01,5.18e+01,
813,-8.00e-03,3.28e+01,5.18e+01,
814,-8.00e-03,3.28e+01,5.18e+01,
815,-8.00e-03,3.28e+01,5.18e+01,
816,-8.00e-03,3.28e+01,5.18e+01,
817,-8.00e-03,3.28e+01,5.18e+01,
818,-8.00e-03,3.28e+01,5.18e+01,
819,-8.00e-03,3.28e+01,5.18e+01,
820,-8.00e-03,3.28e+01,5.18e+01,
821,-8.00e-03,3.28e+01,5.18e+01,
822,-8.00e-03,3.28e+01,5.18e+01,
823,-8.00e-03,3.28e+01,5.16e+01,
824,-8.00e-03,3.28e+01,5.18e+01,
825,-8.00e-03,3.28e+01,5.16e+01,
826,-8.00e-03,3.28e+01,5.18e+01,
827,-8.00e-03,3.28e+01,5.18e+01,
828,-8.00e-03,3.28e+01,5.18e+01,
829,-8.00e-03,3.28e+01,5.18e+01,
830,-8.00e-03,3.28e+01,5.16e+01,
831,-8.00e-03,3.28e+01,5.18e+01,
832,-8.00e-03,3.28e+01,5.18e+01,
833,-8.00e-03,3.28e+01,5.18e+01,
834,-8.00e-03,3.28e+01,5.18e+01,
835,-8.00e-03,3.28e+01,5.18e+01,
836,-8.00e-03,3.28e+01,5.18e+01,
837,-8.00e-03,3.28e+01,5.18e+01,
838,-8.00e-03,3.28e+01,5.16e+01,
839,-8.00e-03,3.28e+01,5.16e+01,
840,-8.00e-03,3.28e+01,5.18e+01,
841,-8.00e-03,3.28e+01,5.18e+01,
842,-8.00e-03,3.28e+01,5.16e+01,
843,-8.00e-03,3.28e+01,5.16e+01,
844,-8.00e-03,3.28e+01,5.16e+01,
845,-8.00e-03,3.28e+01,5.16e+01,
846,-8.00e-03,3.28e+01,5.16e+01,
847,-8.00e-03,3.28e+01,5.16e+01,
848,-8.00e-03,3.28e+01,5.16e+01,
849,-8.00e-03,3.28e+01,5.16e+01,
850,-8.00e-03,3.28e+01,5.16e+01,
851,-8.00e-03,3.28e+01,5.16e+01,
852,-8.00e-03,3.28e+01,5.16e+01,
853,-8.00e-03,3.28e+01,5.16e+01,
854,-8.00e-03,3.28e+01,5.16e+01,
855,-8.00e-03,3.28e+01,5.18e+01,
856,-8.00e-03,3.28e+01,5.18e+01,
857,-8.00e-03,3.28e+01,5.16e+01,
858,-8.00e-03,3.28e+01,5.16e+01,
859,-8.00e-03,3.28e+01,5.16e+01,
860,-8.00e-03,3.28e+01,5.16e+01,
861,-8.00e-03,3.28e+01,5.16e+01,
862,-8.00e-03,3.28e+01,5.16e+01,
863,-8.00e-03,3.28e+01,5.16e+01,
864,-8.00e-03,3.28e+01,5.16e+01,
865,-8.00e-03,3.28e+01,5.16e+01,
866,-8.00e-03,3.28e+01,5.16e+01,
867,-8.00e-03,3.28e+01,5.16e+01,
868,-8.00e-03,3.28e+01,5.16e+01,
869,-8.00e-03,3.28e+01,5.18e+01,
870,-8.00e-03,3.28e+01,5.16e+01,
871,-8.00e-03,3.28e+01,5.16e+01,
872,-8.00e-03,3.28e+01,5.16e+01,
873,-8.00e-03,3.28e+01,5.18e+01,
874,-8.00e-03,3.28e+01,5.16e+01,
875,-8.00e-03,3.28e+01,5.16e+01,
876,-8.00e-03,3.28e+01,5.16e+01,
877,-8.00e-03,3.28e+01,5.16e+01,
878,-8.00e-03,3.28e+01,5.16e+01,
879,-8.00e-03,3.28e+01,5.18e+01,
880,-8.00e-03,3.28e+01,5.16e+01,
881,-8.00e-03,3.28e+01,5.16e+01,
882,-8.00e-03,3.28e+01,5.16e+01,
883,-8.00e-03,3.28e+01,5.16e+01,
884,-8.00e-03,3.28e+01,5.16e+01,
885,-8.00e-03,3.28e+01,5.16e+01,
886,-8.00e-03,3.28e+01,5.16e+01,
887,-8.00e-03,3.28e+01,5.16e+01,
888,-8.00e-03,3.28e+01,5.16e+01,
889,-8.00e-03,3.28e+01,5.16e+01,
890,-8.00e-03,3.28e+01,5.16e+01,
891,-8.00e-03,3.28e+01,5.16e+01,
892,-8.00e-03,3.28e+01,5.16e+01,
893,-8.00e-03,3.28e+01,5.16e+01,
894,-8.00e-03,3.28e+01,5.16e+01,
895,-8.00e-03,3.28e+01,5.16e+01,
896,-8.00e-03,3.28e+01,5.16e+01,
897,-8.00e-03,3.28e+01,5.16e+01,
898,-8.00e-03,3.28e+01,5.16e+01,
899,-8.00e-03,3.28e+01,5.16e+01,
900,-8.00e-03,3.28e+01,5.16e+01,
901,-8.00e-03,3.28e+01,5.16e+01,
902,-8.00e-03,3.28e+01,5.16e+01,
903,-8.00e-03,3.28e+01,5.16e+01,
904,-8.00e-03,3.28e+01,5.16e+01,
905,-8.00e-03,3.28e+01,5.16e+01,
906,-8.00e-03,3.28e+01,5.16e+01,
907,-8.00e-03,3.28e+01,5.16e+01,
908,-8.00e-03,3.28e+01,5.16e+01,
909,-8.00e-03,3.28e+01,5.16e+01,
910,-8.00e-03,3.28e+01,5.16e+01,
911,-8.00e-03,3.28e+01,5.16e+01,
912,-8.00e-03,3.28e+01,5.16e+01,
913,-8.00e-03,3.28e+01,5.16e+01,
914,-8.00e-03,3.28e+01,5.16e+01,
915,-8.00e-03,3.28e+01,5.16e+01,
916,-8.00e-03,3.28e+01,5.16e+01,
917,-8.00e-03,3.28e+01,5.16e+01,
918,-8.00e-03,3.28e+01,5.16e+01,
919,-8.00e-03,3.28e+01,5.16e+01,
920,-8.00e-03,3.28e+01,5.16e+01,
921,-8.00e-03,3.28e+01,5.16e+01,
922,-8.00e-03,3.28e+01,5.16e+01,
923,-8.00e-03,3.28e+01,5.16e+01,
924,-8.00e-03,3.28e+01,5.16e+01,
925,-8.00e-03,3.28e+01,5.16e+01,
926,-8.00e-03,3.28e+01,5.16e+01,
927,-8.00e-03,3.28e+01,5.16e+01,
928,-8.00e-03,3.28e+01,5.16e+01,
929,-8.00e-03,3.28e+01,5.16e+01,
930,-8.00e-03,3.28e+01,5.16e+01,
931,-8.00e-03,3.28e+01,5.16e+01,
932,-8.00e-03,3.28e+01,5.16e+01,
933,-8.00e-03,3.28e+01,5.16e+01,
934,-8.00e-03,3.28e+01,5.16e+01,
935,-8.00e-03,3.28e+01,5.16e+01,
936,-8.00e-03,3.28e+01,5.16e+01,
937,-8.00e-03,3.28e+01,5.16e+01,
938,-8.00e-03,3.28e+01,5.16e+01,
939,-8.00e-03,3.28e+01,5.16e+01,
940,-8.00e-03,3.28e+01,5.16e+01,
941,-8.00e-03,3.28e+01,5.16e+01,
942,-8.00e-03,3.28e+01,5.16e+01,
943,-8.00e-03,3.28e+01,5.16e+01,
944,-8.00e-03,3.28e+01,5.16e+01,
945,-8.00e-03,3.28e+01,5.16e+01,
946,-8.00e-03,3.28e+01,5.16e+01,
947,-8.00e-03,3.28e+01,5.16e+01,
948,-8.00e-03,3.28e+01,5.16e+01,
949,-8.00e-03,3.28e+01,5.16e+01,
950,-8.00e-03,3.28e+01,5.16e+01,
951,-8.00e-03,3.28e+01,5.16e+01,
952,-8.00e-03,3.28e+01,5.16e+01,
953,-8.00e-03,3.28e+01,5.16e+01,
954,-8.00e-03,3.28e+01,5.12e+01,
955,-8.00e-03,3.28e+01,5.16e+01,
956,-8.00e-03,3.28e+01,5.16e+01,
957,-8.00e-03,3.28e+01,5.16e+01,
958,-8.00e-03,3.28e+01,5.16e+01,
959,-8.00e-03,3.28e+01,5.16e+01,
960,-8.00e-03,3.28e+01,5.16e+01,
961,-8.00e-03,3.28e+01,5.16e+01,
962,-8.00e-03,3.28e+01,5.16e+01,
963,-8.00e-03,3.28e+01,5.12e+01,
964,-8.00e-03,3.28e+01,5.16e+01,
965,-8.00e-03,3.28e+01,5.16e+01,
966,-8.00e-03,3.28e+01,5.16e+01,
967,-8.00e-03,3.28e+01,5.16e+01,
968,-8.00e-03,3.28e+01,5.16e+01,
969,-8.00e-03,3.28e+01,5.16e+01,
970,-8.00e-03,3.28e+01,5.16e+01,
971,-8.00e-03,3.28e+01,5.16e+01,
972,-8.00e-03,3.28e+01,5.16e+01,
973,-8.00e-03,3.28e+01,5.12e+01,
974,-8.00e-03,3.28e+01,5.16e+01,
975,-8.00e-03,3.28e+01,5.16e+01,
976,-8.00e-03,3.28e+01,5.16e+01,
977,-8.00e-03,3.28e+01,5.16e+01,
978,-8.00e-03,3.28e+01,5.12e+01,
979,-8.00e-03,3.28e+01,5.16e+01,
980,-8.00e-03,3.28e+01,5.16e+01,
981,-8.00e-03,3.28e+01,5.16e+01,
982,-8.00e-03,3.28e+01,5.12e+01,
983,-8.00e-03,3.28e+01,5.12e+01,
984,-8.00e-03,3.28e+01,5.16e+01,
985,-8.00e-03,3.28e+01,5.12e+01,
986,-8.00e-03,3.28e+01,5.12e+01,
987,-8.00e-03,3.28e+01,5.16e+01,
988,-8.00e-03,3.28e+01,5.16e+01,
989,-8.00e-03,3.28e+01,5.12e+01,
990,-8.00e-03,3.28e+01,5.12e+01,
991,-8.00e-03,3.28e+01,5.12e+01,
992,-8.00e-03,3.28e+01,5.16e+01,
993,-8.00e-03,3.28e+01,5.16e+01,
994,-8.00e-03,3.28e+01,5.16e+01,
995,-8.00e-03,3.28e+01,5.12e+01,
996,-8.00e-03,3.28e+01,5.12e+01,
997,-8.00e-03,3.28e+01,5.16e+01,
998,-8.00e-03,3.28e+01,5.12e+01,
999,-8.00e-03,3.28e+01,5.12e+01,
1000,-8.00e-03,3.28e+01,5.16e+01,
1001,-8.00e-03,3.28e+01,5.16e+01,
1002,-8.00e-03,3.28e+01,5.12e+01,
1003,-8.00e-03,3.28e+01,5.12e+01,
1004,-8.00e-03,3.28e+01,5.12e+01,
1005,-8.00e-03,3.28e+01,5.12e+01,
1006,-8.00e-03,3.28e+01,5.12e+01,
1007,-8.00e-03,3.28e+01,5.12e+01,
1008,-8.00e-03,3.28e+01,5.12e+01,
1009,-8.00e-03,3.28e+01,5.16e+01,
1010,-8.00e-03,3.28e+01,5.12e+01,
1011,-8.00e-03,3.28e+01,5.12e+01,
1012,-8.00e-03,3.28e+01,5.16e+01,
1013,-8.00e-03,3.28e+01,5.12e+01,
1014,-8.00e-03,3.28e+01,5.12e+01,
1015,-8.00e-03,3.28e+01,5.12e+01,
1016,-8.00e-03,3.28e+01,5.12e+01,
1017,-8.00e-03,3.28e+01,5.12e+01,
1018,-8.00e-03,3.28e+01,5.12e+01,
1019,-8.00e-03,3.28e+01,5.12e+01,
1020,-8.00e-03,3.28e+01,5.12e+01,
1021,-8.00e-03,3.28e+01,5.12e+01,
1022,-8.00e-03,3.28e+01,5.12e+01,
1023,-8.00e-03,3.28e+01,5.12e+01,
1024,-8.00e-03,3.28e+01,5.12e+01,
1025,-8.00e-03,3.28e+01,5.16e+01,
1026,-8.00e-03,3.28e+01,5.12e+01,
1027,-8.00e-03,3.28e+01,5.12e+01,
1028,-8.00e-03,3.28e+01,5.12e+01,
1029,-8.00e-03,3.28e+01,5.12e+01,
1030,-8.00e-03,3.28e+01,5.12e+01,
1031,-8.00e-03,3.28e+01,5.12e+01,
1032,-8.00e-03,3.28e+01,5.12e+01,
1033,-8.00e-03,3.28e+01,5.12e+01,
1034,-8.00e-03,3.28e+01,5.12e+01,
1035,-8.00e-03,3.28e+01,5.12e+01,
1036,-8.00e-03,3.28e+01,5.12e+01,
1037,-8.00e-03,3.28e+01,5.12e+01,
1038,-8.00e-03,3.28e+01,5.12e+01,
1039,-8.00e-03,3.28e+01,5.12e+01,
1040,-8.00e-03,3.28e+01,5.12e+01,
1041,-8.00e-03,3.28e+01,5.12e+01,
1042,-8.00e-03,3.28e+01,5.12e+01,
1043,-8.00e-03,3.28e+01,5.12e+01,
1044,-8.00e-03,3.28e+01,5.12e+01,
1045,-8.00e-03,3.28e+01,5.12e+01,
1046,-8.00e-03,3.28e+01,5.12e+01,
1047,-8.00e-03,3.28e+01,5.12e+01,
1048,-8.00e-03,3.28e+01,5.12e+01,
1049,-8.00e-03,3.28e+01,5.12e+01,
1050,-8.00e-03,3.28e+01,5.12e+01,
1051,-8.00e-03,3.28e+01,5.12e+01,
1052,-8.00e-03,3.28e+01,5.12e+01,
1053,-8.00e-03,3.28e+01,5.12e+01,
1054,-8.00e-03,3.28e+01,5.12e+01,
1055,-8.00e-03,3.28e+01,5.12e+01,
1056,-8.00e-03,3.28e+01,5.12e+01,
1057,-8.00e-03,3.28e+01,5.12e+01,
1058,-8.00e-03,3.28e+01,5.12e+01,
1059,-8.00e-03,3.28e+01,5.12e+01,
1060,-8.00e-03,3.28e+01,5.12e+01,
1061,-8.00e-03,3.28e+01,5.12e+01,
1062,-8.00e-03,3.28e+01,5.12e+01,
1063,-8.00e-03,3.28e+01,5.12e+01,
1064,-8.00e-03,3.28e+01,5.12e+01,
1065,-8.00e-03,3.28e+01,5.12e+01,
1066,-8.00e-03,3.28e+01,5.08e+01,
1067,-8.00e-03,3.28e+01,5.12e+01,
1068,-8.00e-03,3.28e+01,5.12e+01,
1069,-8.00e-03,3.28e+01,5.12e+01,
1070,-8.00e-03,3.28e+01,5.12e+01,
1071,-8.00e-03,3.28e+01,5.12e+01,
1072,-8.00e-03,3.28e+01,5.12e+01,
1073,-8.00e-03,3.28e+01,5.12e+01,
1074,-8.00e-03,3.28e+01,5.12e+01,
1075,-8.00e-03,3.28e+01,5.12e+01,
1076,-8.00e-03,3.28e+01,5.12e+01,
1077,-8.00e-03,3.28e+01,5.12e+01,
1078,-8.00e-03,3.28e+01,5.12e+01,
1079,-8.00e-03,3.28e+01,5.12e+01,
1080,-8.00e-03,3.28e+01,5.12e+01,
1081,-8.00e-03,3.28e+01,5.12e+01,
1082,-8.00e-03,3.28e+01,5.12e+01,
1083,-8.00e-03,3.28e+01,5.12e+01,
1084,-8.00e-03,3.28e+01,5.12e+01,
1085,-8.00e-03,3.28e+01,5.12e+01,
1086,-8.00e-03,3.28e+01,5.12e+01,
1087,-8.00e-03,3.28e+01,5.12e+01,
1088,-8.00e-03,3.28e+01,5.08e+01,
1089,-8.00e-03,3.28e+01,5.12e+01,
1090,-8.00e-03,3.28e+01,5.12e+01,
1091,-8.00e-03,3.28e+01,5.12e+01,
1092,-8.00e-03,3.28e+01,5.12e+01,
1093,-8.00e-03,3.28e+01,5.12e+01,
1094,-8.00e-03,3.28e+01,5.12e+01,
1095,-8.00e-03,3.28e+01,5.12e+01,
1096,-8.00e-03,3.28e+01,5.12e+01,
1097,-8.00e-03,3.28e+01,5.12e+01,
1098,-8.00e-03,3.28e+01,5.08e+01,
1099,-8.00e-03,3.28e+01,5.12e+01,
1100,-8.00e-03,3.28e+01,5.12e+01,
1101,-8.00e-03,3.28e+01,5.12e+01,
1102,-8.00e-03,3.28e+01,5.08e+01,
1103,-8.00e-03,3.28e+01,5.08e+01,
1104,-8.00e-03,3.28e+01,5.12e+01,
1105,-8.00e-03,3.28e+01,5.12e+01,
1106,-8.00e-03,3.28e+01,5.08e+01,
1107,-8.00e-03,3.28e+01,5.08e+01,
1108,-8.00e-03,3.28e+01,5.12e+01,
1109,-8.00e-03,3.28e+01,5.12e+01,
1110,-8.00e-03,3.28e+01,5.12e+01,
1111,-8.00e-03,3.28e+01,5.08e+01,
1112,-8.00e-03,3.28e+01,5.12e+01,
1113,-8.00e-03,3.28e+01,5.08e+01,
1114,-8.00e-03,3.28e+01,5.12e+01,
1115,-8.00e-03,3.28e+01,5.12e+01,
1116,-8.00e-03,3.28e+01,5.12e+01,
1117,-8.00e-03,3.28e+01,5.12e+01,
1118,-8.00e-03,3.28e+01,5.08e+01,
1119,-8.00e-03,3.28e+01,5.08e+01,
1120,-8.00e-03,3.28e+01,5.12e+01,
1121,-8.00e-03,3.28e+01,5.12e+01,
1122,-8.00e-03,3.28e+01,5.08e+01,
1123,-8.00e-03,3.28e+01,5.12e+01,
1124,-8.00e-03,3.28e+01,5.12e+01,
1125,-8.00e-03,3.28e+01,5.08e+01,
1126,-8.00e-03,3.28e+01,5.08e+01,
1127,-8.00e-03,3.28e+01,5.12e+01,
1128,-8.00e-03,3.28e+01,5.12e+01,
1129,-8.00e-03,3.28e+01,5.12e+01,
1130,-8.00e-03,3.28e+01,5.08e+01,
1131,-8.00e-03,3.28e+01,5.12e+01,
1132,-8.00e-03,3.28e+01,5.08e+01,
1133,-8.00e-03,3.28e+01,5.08e+01,
1134,-8.00e-03,3.28e+01,5.08e+01,
1135,-8.00e-03,3.28e+01,5.08e+01,
1136,-8.00e-03,3.28e+01,5.08e+01,
1137,-8.00e-03,3.28e+01,5.08e+01,
1138,-8.00e-03,3.28e+01,5.08e+01,
1139,-8.00e-03,3.28e+01,5.08e+01,
1140,-8.00e-03,3.28e+01,5.08e+01,
1141,-8.00e-03,3.28e+01,5.12e+01,
1142,-8.00e-03,3.28e+01,5.08e+01,
1143,-8.00e-03,3.28e+01,5.08e+01,
1144,-8.00e-03,3.28e+01,5.08e+01,
1145,-8.00e-03,3.28e+01,5.08e+01,
1146,-8.00e-03,3.28e+01,5.08e+01,
1147,-8.00e-03,3.28e+01,5.08e+01,
1148,-8.00e-03,3.28e+01,5.08e+01,
1149,-8.00e-03,3.28e+01,5.08e+01,
1150,-8.00e-03,3.28e+01,5.08e+01,
1151,-8.00e-03,3.28e+01,5.08e+01,
1152,-8.00e-03,3.28e+01,5.08e+01,
1153,-8.00e-03,3.28e+01,5.08e+01,
1154,-8.00e-03,3.28e+01,5.08e+01,
1155,-8.00e-03,3.28e+01,5.08e+01,
1156,-8.00e-03,3.28e+01,5.08e+01,
1157,-8.00e-03,3.28e+01,5.08e+01,
1158,-8.00e-03,3.28e+01,5.08e+01,
1159,-8.00e-03,3.28e+01,5.08e+01,
1160,-8.00e-03,3.28e+01,5.08e+01,
1161,-8.00e-03,3.28e+01,5.08e+01,
1162,-8.00e-03,3.28e+01,5.08e+01,
1163,-8.00e-03,3.28e+01,5.08e+01,
1164,-8.00e-03,3.28e+01,5.08e+01,
1165,-8.00e-03,3.28e+01,5.08e+01,
1166,-8.00e-03,3.28e+01,5.08e+01,
1167,-8.00e-03,3.28e+01,5.08e+01,
1168,-8.00e-03,3.28e+01,5.08e+01,
1169,-8.00e-03,3.28e+01,5.08e+01,
1170,-8.00e-03,3.28e+01,5.08e+01,
1171,-8.00e-03,3.28e+01,5.08e+01,
1172,-8.00e-03,3.28e+01,5.08e+01,
1173,-8.00e-03,3.28e+01,5.08e+01,
1174,-8.00e-03,3.28e+01,5.08e+01,
1175,-8.00e-03,3.28e+01,5.08e+01,
1176,-8.00e-03,3.28e+01,5.08e+01,
1177,-8.00e-03,3.28e+01,5.08e+01,
1178,-8.00e-03,3.28e+01,5.08e+01,
1179,-8.00e-03,3.28e+01,5.08e+01,
1180,0.00e+00,3.28e+01,5.08e+01,
1181,-8.00e-03,3.28e+01,5.08e+01,
1182,-8.00e-03,3.28e+01,5.08e+01,
1183,-8.00e-03,3.28e+01,5.08e+01,
1184,-8.00e-03,3.28e+01,5.08e+01,
1185,-8.00e-03,3.28e+01,5.08e+01,
1186,-8.00e-03,3.28e+01,5.08e+01,
1187,-8.00e-03,3.28e+01,5.08e+01,
1188,-8.00e-03,3.28e+01,5.08e+01,
1189,-8.00e-03,3.28e+01,5.08e+01,
1190,-8.00e-03,3.28e+01,5.08e+01,
1191,-8.00e-03,3.28e+01,5.08e+01,
1192,-8.00e-03,3.28e+01,5.08e+01,
1193,-8.00e-03,3.28e+01,5.08e+01,
1194,-8.00e-03,3.28e+01,5.08e+01,
1195,-8.00e-03,3.28e+01,5.08e+01,
1196,-8.00e-03,3.28e+01,5.08e+01,
1197,-8.00e-03,3.28e+01,5.08e+01,
1198,-8.00e-03,3.28e+01,5.08e+01,
1199,-8.00e-03,3.28e+01,5.08e+01,
1200,-8.00e-03,3.28e+01,5.08e+01,
1201,-8.00e-03,3.28e+01,5.08e+01,
1202,-8.00e-03,3.28e+01,5.08e+01,
1203,-8.00e-03,3.28e+01,5.08e+01,
1204,-8.00e-03,3.28e+01,5.08e+01,
1205,-8.00e-03,3.28e+01,5.08e+01,
1206,-8.00e-03,3.28e+01,5.08e+01,
1207,-8.00e-03,3.28e+01,5.08e+01,
1208,-8.00e-03,3.28e+01,5.08e+01,
1209,-8.00e-03,3.28e+01,5.08e+01,
1210,-8.00e-03,3.28e+01,5.08e+01,
1211,-8.00e-03,3.28e+01,5.08e+01,
1212,-8.00e-03,3.28e+01,5.08e+01,
1213,-8.00e-03,3.28e+01,5.08e+01,
1214,-8.00e-03,3.28e+01,5.08e+01,
1215,-8.00e-03,3.28e+01,5.08e+01,
1216,-8.00e-03,3.28e+01,5.08e+01,
1217,-8.00e-03,3.28e+01,5.08e+01,
1218,-8.00e-03,3.28e+01,5.08e+01,
1219,-8.00e-03,3.28e+01,5.08e+01,
1220,-8.00e-03,3.28e+01,5.08e+01,
1221,-8.00e-03,3.28e+01,5.08e+01,
1222,-8.00e-03,3.28e+01,5.08e+01,
1223,-8.00e-03,3.28e+01,5.08e+01,
1224,-8.00e-03,3.28e+01,5.08e+01,
1225,-8.00e-03,3.28e+01,5.08e+01,
1226,-8.00e-03,3.28e+01,5.08e+01,
1227,-8.00e-03,3.28e+01,5.08e+01,
1228,-8.00e-03,3.28e+01,5.08e+01,
1229,-8.00e-03,3.28e+01,5.08e+01,
1230,-8.00e-03,3.28e+01,5.08e+01,
1231,-8.00e-03,3.28e+01,5.08e+01,
1232,-8.00e-03,3.28e+01,5.08e+01,
1233,-8.00e-03,3.28e+01,5.08e+01,
1234,-8.00e-03,3.28e+01,5.08e+01,
1235,-8.00e-03,3.28e+01,5.08e+01,
1236,-8.00e-03,3.28e+01,5.08e+01,
1237,-8.00e-03,3.28e+01,5.06e+01,
1238,-8.00e-03,3.28e+01,5.08e+01,
1239,-8.00e-03,3.28e+01,5.08e+01,
1240,-8.00e-03,3.28e+01,5.08e+01,
1241,-8.00e-03,3.28e+01,5.06e+01,
1242,-8.00e-03,3.28e+01,5.06e+01,
1243,-8.00e-03,3.28e+01,5.08e+01,
1244,-8.00e-03,3.28e+01,5.08e+01,
1245,-8.00e-03,3.28e+01,5.08e+01,
1246,-8.00e-03,3.28e+01,5.08e+01,
1247,-8.00e-03,3.28e+01,5.08e+01,
1248,-8.00e-03,3.28e+01,5.06e+01,
1249,-8.00e-03,3.28e+01,5.08e+01,
1250,-8.00e-03,3.28e+01,5.06e+01,
1251,-8.00e-03,3.28e+01,5.08e+01,
1252,-8.00e-03,3.28e+01,5.06e+01,
1253,-8.00e-03,3.28e+01,5.08e+01,
1254,-8.00e-03,3.28e+01,5.06e+01,
1255,-8.00e-03,3.28e+01,5.06e+01,
1256,-8.00e-03,3.28e+01,5.06e+01,
1257,-8.00e-03,3.28e+01,5.08e+01,
1258,-8.00e-03,3.28e+01,5.06e+01,
1259,-8.00e-03,3.28e+01,5.06e+01,
1260,-8.00e-03,3.28e+01,5.06e+01,
1261,-8.00e-03,3.28e+01,5.06e+01,
1262,-8.00e-03,3.28e+01,5.06e+01,
1263,-8.00e-03,3.28e+01,5.08e+01,
1264,-8.00e-03,3.28e+01,5.06e+01,
1265,-8.00e-03,3.28e+01,5.08e+01,
1266,-8.00e-03,3.28e+01,5.06e+01,
1267,-8.00e-03,3.28e+01,5.06e+01,
1268,-8.00e-03,3.28e+01,5.06e+01,
1269,-8.00e-03,3.28e+01,5.06e+01,
1270,-8.00e-03,3.28e+01,5.06e+01,
1271,-8.00e-03,3.28e+01,5.06e+01,
1272,-8.00e-03,3.28e+01,5.08e+01,
1273,-8.00e-03,3.28e+01,5.06e+01,
1274,-8.00e-03,3.28e+01,5.08e+01,
1275,-8.00e-03,3.28e+01,5.08e+01,
1276,-8.00e-03,3.28e+01,5.08e+01,
1277,-8.00e-03,3.28e+01,5.06e+01,
1278,-8.00e-03,3.28e+01,5.06e+01,
1279,-8.00e-03,3.28e+01,5.06e+01,
1280,-8.00e-03,3.28e+01,5.08e+01,
1281,-8.00e-03,3.28e+01,5.06e+01,
1282,-8.00e-03,3.28e+01,5.06e+01,
1283,-8.00e-03,3.28e+01,5.06e+01,
1284,-8.00e-03,3.28e+01,5.06e+01,
1285,-8.00e-03,3.28e+01,5.08e+01,
1286,-8.00e-03,3.28e+01,5.06e+01,
1287,-8.00e-03,3.28e+01,5.06e+01,
1288,-8.00e-03,3.28e+01,5.06e+01,
1289,-8.00e-03,3.28e+01,5.06e+01,
1290,-8.00e-03,3.28e+01,5.06e+01,
1291,-8.00e-03,3.28e+01,5.06e+01,
1292,-8.00e-03,3.28e+01,5.06e+01,
1293,-8.00e-03,3.28e+01,5.06e+01,
1294,-8.00e-03,3.28e+01,5.06e+01,
1295,-8.00e-03,3.28e+01,5.06e+01,
1296,-8.00e-03,3.28e+01,5.06e+01,
1297,-8.00e-03,3.28e+01,5.06e+01,
1298,-8.00e-03,3.28e+01,5.06e+01,
1299,-8.00e-03,3.28e+01,5.06e+01,
1300,-8.00e-03,3.28e+01,5.06e+01,
1301,-8.00e-03,3.28e+01,5.06e+01,
1302,-8.00e-03,3.28e+01,5.06e+01,
1303,-8.00e-03,3.28e+01,5.06e+01,
1304,0.00e+00,3.28e+01,5.06e+01,
1305,-8.00e-03,3.28e+01,5.06e+01,
1306,-8.00e-03,3.28e+01,5.06e+01,
1307,-8.00e-03,3.28e+01,5.06e+01,
1308,-8.00e-03,3.28e+01,5.06e+01,
1309,-8.00e-03,3.28e+01,5.06e+01,
1310,-8.00e-03,3.28e+01,5.06e+01,
1311,-8.00e-03,3.28e+01,5.06e+01,
1312,-8.00e-03,3.28e+01,5.06e+01,
1313,-8.00e-03,3.28e+01,5.06e+01,
1314,-8.00e-03,3.28e+01,5.06e+01,
1315,-8.00e-03,3.28e+01,5.06e+01,
1316,-8.00e-03,3.28e+01,5.06e+01,
1317,-8.00e-03,3.28e+01,5.06e+01,
1318,-8.00e-03,3.28e+01,5.06e+01,
1319,-8.00e-03,3.28e+01,5.06e+01,
1320,-8.00e-03,3.28e+01,5.06e+01,
1321,0.00e+00,3.28e+01,5.06e+01,
1322,-8.00e-03,3.28e+01,5.06e+01,
1323,-8.00e-03,3.28e+01,5.06e+01,
1324,-8.00e-03,3.28e+01,5.06e+01,
1325,-8.00e-03,3.28e+01,5.06e+01,
1326,-8.00e-03,3.28e+01,5.06e+01,
1327,-8.00e-03,3.28e+01,5.06e+01,
1328,-8.00e-03,3.28e+01,5.06e+01,
1329,-8.00e-03,3.28e+01,5.06e+01,
1330,-8.00e-03,3.28e+01,5.06e+01,
1331,-8.00e-03,3.28e+01,5.06e+01,
1332,-8.00e-03,3.28e+01,5.06e+01,
1333,-8.00e-03,3.28e+01,5.06e+01,
1334,-8.00e-03,3.28e+01,5.06e+01,
1335,-8.00e-03,3.28e+01,5.06e+01,
1336,-8.00e-03,3.28e+01,5.06e+01,
1337,-8.00e-03,3.28e+01,5.06e+01,
1338,-8.00e-03,3.28e+01,5.06e+01,
1339,-8.00e-03,3.28e+01,5.06e+01,
1340,0.00e+00,3.28e+01,5.06e+01,
1341,-8.00e-03,3.28e+01,5.06e+01,
1342,-8.00e-03,3.28e+01,5.06e+01,
1343,-8.00e-03,3.28e+01,5.06e+01,
1344,-8.00e-03,3.28e+01,5.06e+01,
1345,-8.00e-03,3.28e+01,5.06e+01,
1346,-8.00e-03,3.28e+01,5.06e+01,
1347,-8.00e-03,3.28e+01,5.06e+01,
1348,-8.00e-03,3.28e+01,5.06e+01,
1349,-8.00e-03,3.28e+01,5.06e+01,
1350,-8.00e-03,3.28e+01,5.06e+01,
1351,-8.00e-03,3.28e+01,5.06e+01,
1352,0.00e+00,3.28e+01,5.06e+01,
1353,-8.00e-03,3.28e+01,5.06e+01,
1354,-8.00e-03,3.28e+01,5.06e+01,
1355,-8.00e-03,3.28e+01,5.06e+01,
1356,-8.00e-03,3.28e+01,5.06e+01,
1357,-8.00e-03,3.28e+01,5.06e+01,
1358,-8.00e-03,3.28e+01,5.06e+01,
1359,-8.00e-03,3.28e+01,5.06e+01,
1360,-8.00e-03,3.28e+01,5.06e+01,
1361,-8.00e-03,3.28e+01,5.06e+01,
1362,-8.00e-03,3.28e+01,5.06e+01,
1363,-8.00e-03,3.28e+01,5.06e+01,
1364,-8.00e-03,3.28e+01,5.06e+01,
1365,-8.00e-03,3.28e+01,5.06e+01,
1366,-8.00e-03,3.28e+01,5.06e+01,
1367,-8.00e-03,3.28e+01,5.06e+01,
1368,-8.00e-03,3.28e+01,5.06e+01,
1369,-8.00e-03,3.28e+01,5.06e+01,
1370,-8.00e-03,3.28e+01,5.06e+01,
1371,-8.00e-03,3.28e+01,5.06e+01,
1372,-8.00e-03,3.28e+01,5.06e+01,
1373,-8.00e-03,3.28e+01,5.02e+01,
1374,-8.00e-03,3.28e+01,5.06e+01,
1375,-8.00e-03,3.28e+01,5.06e+01,
1376,-8.00e-03,3.28e+01,5.06e+01,
1377,-8.00e-03,3.28e+01,5.06e+01,
1378,0.00e+00,3.28e+01,5.06e+01,
1379,-8.00e-03,3.28e+01,5.06e+01,
1380,0.00e+00,3.28e+01,5.06e+01,
1381,-8.00e-03,3.28e+01,5.06e+01,
1382,-8.00e-03,3.28e+01,5.02e+01,
1383,0.00e+00,3.28e+01,5.06e+01,
1384,-8.00e-03,3.28e+01,5.06e+01,
1385,-8.00e-03,3.28e+01,5.06e+01,
1386,-8.00e-03,3.28e+01,5.06e+01,
1387,-8.00e-03,3.28e+01,5.06e+01,
1388,0.00e+00,3.28e+01,5.06e+01,
1389,-8.00e-03,3.28e+01,5.06e+01,
1390,-8.00e-03,3.28e+01,5.06e+01,
1391,-8.00e-03,3.28e+01,5.06e+01,
1392,0.00e+00,3.28e+01,5.06e+01,
1393,-8.00e-03,3.28e+01,5.06e+01,
1394,-8.00e-03,3.28e+01,5.02e+01,
1395,-8.00e-03,3.28e+01,5.06e+01,
1396,-8.00e-03,3.28e+01,5.06e+01,
1397,-8.00e-03,3.28e+01,5.06e+01,
1398,-8.00e-03,3.28e+01,5.06e+01,
1399,-8.00e-03,3.28e+01,5.02e+01,
1400,-8.00e-03,3.28e+01,5.02e+01,
1401,-8.00e-03,3.28e+01,5.06e+01,
1402,-8.00e-03,3.28e+01,5.02e+01,
1403,-8.00e-03,3.28e+01,5.06e+01,
1404,-8.00e-03,3.28e+01,5.02e+01,
1405,-8.00e-03,3.28e+01,5.06e+01,
1406,-8.00e-03,3.28e+01,5.02e+01,
1407,-8.00e-03,3.28e+01,5.02e+01,
1408,0.00e+00,3.28e+01,5.02e+01,
1409,-8.00e-03,3.28e+01,5.06e+01,
1410,-8.00e-03,3.28e+01,5.02e+01,
1411,-8.00e-03,3.28e+01,5.02e+01,
1412,0.00e+00,3.28e+01,5.02e+01,
1413,-8.00e-03,3.28e+01,5.02e+01,
1414,-8.00e-03,3.28e+01,5.02e+01,
1415,-8.00e-03,3.28e+01,5.06e+01,
1416,-8.00e-03,3.28e+01,5.02e+01,
1417,-8.00e-03,3.28e+01,5.06e+01,
1418,-8.00e-03,3.28e+01,5.02e+01,
1419,-8.00e-03,3.28e+01,5.06e+01,
1420,0.00e+00,3.28e+01,5.06e+01,
1421,-8.00e-03,3.28e+01,5.06e+01,
1422,-8.00e-03,3.28e+01,5.02e+01,
1423,-8.00e-03,3.28e+01,5.02e+01,
1424,-8.00e-03,3.28e+01,5.02e+01,
1425,0.00e+00,3.28e+01,5.06e+01,
1426,-8.00e-03,3.28e+01,5.02e+01,
1427,-8.00e-03,3.28e+01,5.02e+01,
1428,0.00e+00,3.28e+01,5.06e+01,
1429,0.00e+00,3.28e+01,5.02e+01,
1430,-8.00e-03,3.28e+01,5.02e+01,
1431,-8.00e-03,3.28e+01,5.02e+01,
1432,0.00e+00,3.28e+01,5.02e+01,
1433,-8.00e-03,3.28e+01,5.06e+01,
1434,-8.00e-03,3.28e+01,5.02e+01,
1435,-8.00e-03,3.28e+01,5.02e+01,
1436,0.00e+00,3.28e+01,5.02e+01,
1437,-8.00e-03,3.28e+01,5.02e+01,
1438,-8.00e-03,3.28e+01,5.02e+01,
1439,-8.00e-03,3.28e+01,5.02e+01,
1440,0.00e+00,3.28e+01,5.02e+01,
1441,0.00e+00,3.28e+01,5.02e+01,
1442,-8.00e-03,3.28e+01,5.06e+01,
1443,-8.00e-03,3.28e+01,5.02e+01,
1444,-8.00e-03,3.28e+01,5.02e+01,
1445,0.00e+00,3.28e+01,5.02e+01,
1446,-8.00e-03,3.28e+01,5.02e+01,
1447,-8.00e-03,3.28e+01,5.02e+01,
1448,0.00e+00,3.28e+01,5.02e+01,
1449,0.00e+00,3.28e+01,5.02e+01,
1450,-8.00e-03,3.28e+01,5.02e+01,
1451,-8.00e-03,3.28e+01,5.02e+01,
1452,0.00e+00,3.28e+01,5.02e+01,
1453,0.00e+00,3.28e+01,5.02e+01,
1454,-8.00e-03,3.28e+01,5.02e+01,
1455,-8.00e-03,3.28e+01,5.02e+01,
1456,0.00e+00,3.28e+01,5.02e+01,
1457,0.00e+00,3.28e+01,5.02e+01,
1458,-8.00e-03,3.28e+01,5.02e+01,
1459,-8.00e-03,3.28e+01,5.02e+01,
1460,0.00e+00,3.28e+01,5.02e+01,
1461,-8.00e-03,3.28e+01,5.02e+01,
1462,-8.00e-03,3.28e+01,5.02e+01,
1463,-8.00e-03,3.28e+01,5.02e+01,
1464,0.00e+00,3.28e+01,5.02e+01,
1465,-8.00e-03,3.28e+01,5.02e+01,
1466,-8.00e-03,3.28e+01,5.02e+01,
1467,-8.00e-03,3.28e+01,5.02e+01,
1468,0.00e+00,3.28e+01,5.02e+01,
1469,-8.00e-03,3.28e+01,5.02e+01,
1470,-8.00e-03,3.28e+01,5.02e+01,
1471,-8.00e-03,3.28e+01,5.02e+01,
1472,0.00e+00,3.28e+01,5.02e+01,
1473,-8.00e-03,3.28e+01,5.06e+01,
1474,-8.00e-03,3.28e+01,5.02e+01,
1475,-8.00e-03,3.28e+01,5.02e+01,
1476,-8.00e-03,3.28e+01,5.02e+01,
1477,0.00e+00,3.28e+01,5.02e+01,
1478,0.00e+00,3.28e+01,5.02e+01,
1479,-8.00e-03,3.28e+01,5.02e+01,
1480,0.00e+00,3.28e+01,5.02e+01,
1481,-8.00e-03,3.28e+01,5.02e+01,
1482,-8.00e-03,3.28e+01,5.02e+01,
1483,-8.00e-03,3.28e+01,5.02e+01,
1484,0.00e+00,3.28e+01,5.02e+01,
1485,0.00e+00,3.28e+01,5.02e+01,
1486,-8.00e-03,3.28e+01,5.02e+01,
1487,-8.00e-03,3.28e+01,5.02e+01,
1488,0.00e+00,3.28e+01,5.02e+01,
1489,0.00e+00,3.28e+01,5.02e+01,
1490,-8.00e-03,3.28e+01,5.02e+01,
1491,-8.00e-03,3.28e+01,5.02e+01,
1492,0.00e+00,3.28e+01,5.02e+01,
1493,-8.00e-03,3.28e+01,5.02e+01,
1494,-8.00e-03,3.28e+01,5.02e+01,
1495,-8.00e-03,3.28e+01,5.02e+01,
1496,0.00e+00,3.28e+01,5.02e+01,
1497,-8.00e-03,3.28e+01,5.02e+01,
1498,-8.00e-03,3.28e+01,5.02e+01,
1499,-8.00e-03,3.28e+01,5.02e+01,
1500,0.00e+00,3.28e+01,5.02e+01,
1501,0.00e+00,3.28e+01,5.02e+01,
1502,0.00e+00,3.28e+01,5.02e+01,
1503,-8.00e-03,3.28e+01,5.02e+01,
1504,0.00e+00,3.28e+01,5.02e+01,
1505,-8.00e-03,3.28e+01,5.02e+01,
1506,-8.00e-03,3.28e+01,5.02e+01,
1507,-8.00e-03,3.28e+01,5.02e+01,
1508,0.00e+00,3.28e+01,5.02e+01,
1509,-8.00e-03,3.28e+01,5.02e+01,
1510,-8.00e-03,3.28e+01,5.02e+01,
1511,-8.00e-03,3.28e+01,5.02e+01,
1512,0.00e+00,3.28e+01,5.02e+01,
1513,-8.00e-03,3.28e+01,5.02e+01,
1514,-8.00e-03,3.28e+01,5.00e+01,
1515,-8.00e-03,3.28e+01,5.02e+01,
1516,0.00e+00,3.28e+01,5.02e+01,
1517,0.00e+00,3.28e+01,5.02e+01,
1518,0.00e+00,3.28e+01,5.02e+01,
1519,-8.00e-03,3.28e+01,5.02e+01,
1520,0.00e+00,3.28e+01,5.02e+01,
1521,0.00e+00,3.28e+01,5.02e+01,
1522,0.00e+00,3.28e+01,5.02e+01,
1523,-8.00e-03,3.28e+01,5.02e+01,
1524,0.00e+00,3.28e+01,5.02e+01,
1525,0.00e+00,3.28e+01,5.02e+01,
1526,0.00e+00,3.28e+01,5.02e+01,
1527,-8.00e-03,3.28e+01,5.00e+01,
1528,0.00e+00,3.28e+01,5.02e+01,
1529,0.00e+00,3.28e+01,5.02e+01,
1530,0.00e+00,3.28e+01,5.00e+01,
1531,-8.00e-03,3.28e+01,5.00e+01,
1532,0.00e+00,3.28e+01,5.02e+01,
1533,0.00e+00,3.28e+01,5.02e+01,
1534,-8.00e-03,3.28e+01,5.00e+01,
1535,0.00e+00,3.28e+01,5.00e+01,
1536,0.00e+00,3.28e+01,5.02e+01,
1537,0.00e+00,3.28e+01,5.00e+01,
1538,0.00e+00,3.28e+01,5.00e+01,
1539,-8.00e-03,3.28e+01,5.02e+01,
1540,0.00e+00,3.28e+01,5.00e+01,
1541,0.00e+00,3.28e+01,5.00e+01,
1542,-8.00e-03,3.28e+01,5.00e+01,
1543,-8.00e-03,3.28e+01,5.02e+01,
1544,0.00e+00,3.28e+01,5.02e+01,
1545,0.00e+00,3.28e+01,5.02e+01,
1546,0.00e+00,3.28e+01,5.00e+01,
1547,-8.00e-03,3.28e+01,5.02e+01,
1548,0.00e+00,3.28e+01,5.02e+01,
1549,0.00e+00,3.28e+01,5.02e+01,
1550,-8.00e-03,3.28e+01,5.00e+01,
1551,-8.00e-03,3.28e+01,5.00e+01,
1552,0.00e+00,3.28e+01,5.00e+01,
1553,0.00e+00,3.28e+01,5.00e+01,
1554,0.00e+00,3.28e+01,5.00e+01,
1555,-8.00e-03,3.28e+01,5.00e+01,
1556,-8.00e-03,3.28e+01,5.00e+01,
1557,0.00e+00,3.28e+01,5.02e+01,
1558,-8.00e-03,3.28e+01,5.02e+01,
1559,-8.00e-03,3.28e+01,5.02e+01,
1560,0.00e+00,3.28e+01,5.00e+01,
1561,-8.00e-03,3.28e+01,5.02e+01,
1562,-8.00e-03,3.28e+01,5.00e+01,
1563,-8.00e-03,3.28e+01,5.00e+01,
1564,-8.00e-03,3.28e+01,5.02e+01,
1565,0.00e+00,3.28e+01,5.02e+01,
1566,0.00e+00,3.28e+01,5.00e+01,
1567,0.00e+00,3.28e+01,5.00e+01,
1568,0.00e+00,3.28e+01,5.00e+01,
1569,0.00e+00,3.28e+01,5.00e+01,
1570,-8.00e-03,3.28e+01,5.00e+01,
1571,-8.00e-03,3.28e+01,5.00e+01,
1572,0.00e+00,3.28e+01,5.00e+01,
1573,0.00e+00,3.28e+01,5.00e+01,
1574,0.00e+00,3.28e+01,5.00e+01,
1575,-8.00e-03,3.28e+01,5.00e+01,
1576,0.00e+00,3.28e+01,5.00e+01,
1577,0.00e+00,3.28e+01,5.00e+01,
1578,0.00e+00,3.28e+01,5.00e+01,
1579,-8.00e-03,3.28e+01,5.00e+01,
1580,0.00e+00,3.28e+01,5.00e+01,
1581,0.00e+00,3.28e+01,5.00e+01,
1582,-8.00e-03,3.28e+01,5.00e+01,
1583,-8.00e-03,3.28e+01,5.00e+01,
1584,0.00e+00,3.28e+01,5.00e+01,
1585,-8.00e-03,3.28e+01,5.00e+01,
1586,-8.00e-03,3.28e+01,5.00e+01,
1587,-8.00e-03,3.28e+01,5.00e+01,
1588,0.00e+00,3.28e+01,5.00e+01,
1589,-8.00e-03,3.28e+01,5.02e+01,
1590,-8.00e-03,3.28e+01,5.00e+01,
1591,0.00e+00,3.28e+01,5.00e+01,
1592,0.00e+00,3.28e+01,5.00e+01,
1593,-8.00e-03,3.28e+01,5.00e+01,
1594,0.00e+00,3.28e+01,5.00e+01,
1595,-8.00e-03,3.28e+01,5.00e+01,
1596,0.00e+00,3.28e+01,5.00e+01,
1597,-8.00e-03,3.28e+01,5.00e+01,
1598,0.00e+00,3.28e+01,5.00e+01,
1599,-8.00e-03,3.28e+01,5.00e+01,
1600,0.00e+00,3.28e+01,5.00e+01,
1601,0.00e+00,3.28e+01,5.00e+01,
1602,-8.00e-03,3.28e+01,5.00e+01,
1603,0.00e+00,3.28e+01,5.00e+01,
1604,-8.00e-03,3.28e+01,5.00e+01,
1605,0.00e+00,3.28e+01,5.00e+01,
1606,0.00e+00,3.28e+01,5.00e+01,
1607,-8.00e-03,3.28e+01,5.00e+01,
1608,0.00e+00,3.28e+01,5.00e+01,
1609,0.00e+00,3.28e+01,5.00e+01,
1610,-8.00e-03,3.28e+01,5.00e+01,
1611,0.00e+00,3.28e+01,5.00e+01,
1612,0.00e+00,3.28e+01,5.00e+01,
1613,-8.00e-03,3.28e+01,5.00e+01,
1614,-8.00e-03,3.28e+01,5.00e+01,
1615,0.00e+00,3.28e+01,5.00e+01,
1616,0.00e+00,3.28e+01,5.00e+01,
1617,0.00e+00,3.28e+01,5.00e+01,
1618,0.00e+00,3.28e+01,5.00e+01,
1619,-8.00e-03,3.28e+01,5.00e+01,
1620,0.00e+00,3.28e+01,5.00e+01,
1621,0.00e+00,3.28e+01,5.00e+01,
1622,0.00e+00,3.28e+01,5.00e+01,
1623,0.00e+00,3.28e+01,5.00e+01,
1624,0.00e+00,3.28e+01,5.00e+01,
1625,0.00e+00,3.28e+01,5.00e+01,
1626,0.00e+00,3.28e+01,5.00e+01,
1627,-8.00e-03,3.28e+01,5.00e+01,
1628,0.00e+00,3.28e+01,5.00e+01,
1629,0.00e+00,3.28e+01,5.00e+01,
1630,0.00e+00,3.28e+01,5.00e+01,
1631,-8.00e-03,3.28e+01,5.00e+01,
1632,0.00e+00,3.28e+01,5.00e+01,
1633,0.00e+00,3.28e+01,5.00e+01,
1634,-8.00e-03,3.28e+01,5.00e+01,
1635,0.00e+00,3.28e+01,5.00e+01,
1636,0.00e+00,3.28e+01,5.00e+01,
1637,0.00e+00,3.28e+01,5.00e+01,
1638,-8.00e-03,3.28e+01,5.00e+01,
1639,0.00e+00,3.28e+01,5.00e+01,
1640,0.00e+00,3.28e+01,5.00e+01,
1641,0.00e+00,3.28e+01,5.00e+01,
1642,0.00e+00,3.28e+01,5.00e+01,
1643,0.00e+00,3.28e+01,5.00e+01,
1644,0.00e+00,3.28e+01,5.00e+01,
1645,0.00e+00,3.28e+01,5.00e+01,
1646,-8.00e-03,3.28e+01,5.00e+01,
1647,-8.00e-03,3.28e+01,5.00e+01,
1648,0.00e+00,3.28e+01,5.00e+01,
1649,0.00e+00,3.28e+01,5.00e+01,
1650,0.00e+00,3.28e+01,5.00e+01,
1651,-8.00e-03,3.28e+01,5.00e+01,
1652,0.00e+00,3.28e+01,5.00e+01,
1653,-8.00e-03,3.28e+01,5.00e+01,
1654,0.00e+00,3.28e+01,5.00e+01,
1655,-8.00e-03,3.28e+01,5.00e+01,
1656,0.00e+00,3.28e+01,5.00e+01,
1657,0.00e+00,3.28e+01,5.00e+01,
1658,0.00e+00,3.28e+01,5.00e+01,
1659,0.00e+00,3.28e+01,5.00e+01,
1660,0.00e+00,3.28e+01,5.00e+01,
1661,0.00e+00,3.28e+01,5.00e+01,
1662,0.00e+00,3.28e+01,4.96e+01,
1663,0.00e+00,3.28e+01,5.00e+01,
1664,0.00e+00,3.28e+01,5.00e+01,
1665,0.00e+00,3.28e+01,5.00e+01,
1666,0.00e+00,3.28e+01,5.00e+01,
1667,0.00e+00,3.28e+01,5.00e+01,
1668,0.00e+00,3.28e+01,5.00e+01,
1669,0.00e+00,3.28e+01,5.00e+01,
1670,0.00e+00,3.28e+01,5.00e+01,
1671,0.00e+00,3.28e+01,5.00e+01,
1672,0.00e+00,3.28e+01,5.00e+01,
1673,0.00e+00,3.28e+01,5.00e+01,
1674,0.00e+00,3.28e+01,5.00e+01,
1675,0.00e+00,3.28e+01,5.00e+01,
1676,0.00e+00,3.28e+01,5.00e+01,
1677,0.00e+00,3.28e+01,5.00e+01,
1678,0.00e+00,3.28e+01,4.96e+01,
1679,0.00e+00,3.28e+01,5.00e+01,
1680,0.00e+00,3.28e+01,5.00e+01,
1681,0.00e+00,3.28e+01,5.00e+01,
1682,-8.00e-03,3.28e+01,5.00e+01,
1683,0.00e+00,3.28e+01,5.00e+01,
1684,0.00e+00,3.28e+01,5.00e+01,
1685,0.00e+00,3.28e+01,5.00e+01,
1686,0.00e+00,3.28e+01,5.00e+01,
1687,0.00e+00,3.28e+01,5.00e+01,
1688,0.00e+00,3.28e+01,4.96e+01,
1689,0.00e+00,3.28e+01,5.00e+01,
1690,0.00e+00,3.28e+01,5.00e+01,
1691,0.00e+00,3.28e+01,5.00e+01,
1692,0.00e+00,3.28e+01,5.00e+01,
1693,0.00e+00,3.28e+01,5.00e+01,
1694,0.00e+00,3.28e+01,5.00e+01,
1695,-8.00e-03,3.28e+01,4.96e+01,
1696,0.00e+00,3.28e+01,5.00e+01,
1697,0.00e+00,3.28e+01,4.96e+01,
1698,0.00e+00,3.28e+01,4.96e+01,
1699,0.00e+00,3.28e+01,5.00e+01,
1700,0.00e+00,3.28e+01,5.00e+01,
1701,0.00e+00,3.28e+01,5.00e+01,
1702,0.00e+00,3.28e+01,4.96e+01,
1703,0.00e+00,3.28e+01,4.96e+01,
1704,0.00e+00,3.28e+01,5.00e+01,
1705,0.00e+00,3.28e+01,5.00e+01,
1706,0.00e+00,3.28e+01,5.00e+01,
1707,0.00e+00,3.28e+01,5.00e+01,
1708,0.00e+00,3.28e+01,5.00e+01,
1709,0.00e+00,3.28e+01,5.00e+01,
1710,0.00e+00,3.28e+01,4.96e+01,
1711,-8.00e-03,3.28e+01,4.96e+01,
1712,0.00e+00,3.28e+01,4.96e+01,
1713,0.00e+00,3.28e+01,5.00e+01,
1714,0.00e+00,3.28e+01,4.96e+01,
1715,0.00e+00,3.28e+01,4.96e+01,
1716,0.00e+00,3.28e+01,4.96e+01,
1717,0.00e+00,3.28e+01,4.96e+01,
1718,0.00e+00,3.28e+01,4.96e+01,
1719,-8.00e-03,3.28e+01,4.96e+01,
1720,0.00e+00,3.28e+01,5.00e+01,
1721,0.00e+00,3.28e+01,5.00e+01,
1722,0.00e+00,3.28e+01,5.00e+01,
1723,0.00e+00,3.28e+01,4.96e+01,
1724,0.00e+00,3.28e+01,5.00e+01,
1725,0.00e+00,3.28e+01,5.00e+01,
1726,-8.00e-03,3.28e+01,5.00e+01,
1727,0.00e+00,3.28e+01,4.96e+01,
1728,0.00e+00,3.28e+01,5.00e+01,
1729,0.00e+00,3.28e+01,5.00e+01,
1730,0.00e+00,3.28e+01,4.96e+01,
1731,0.00e+00,3.20e+01,4.96e+01,
1732,0.00e+00,3.28e+01,4.96e+01,
1733,0.00e+00,3.28e+01,4.96e+01,
1734,0.00e+00,3.28e+01,4.96e+01,
1735,0.00e+00,3.28e+01,5.00e+01,
1736,0.00e+00,3.28e+01,4.96e+01,
1737,0.00e+00,3.28e+01,4.96e+01,
1738,0.00e+00,3.28e+01,5.00e+01,
1739,0.00e+00,3.28e+01,4.96e+01,
1740,0.00e+00,3.28e+01,5.00e+01,
1741,0.00e+00,3.28e+01,4.96e+01,
1742,0.00e+00,3.28e+01,4.96e+01,
1743,0.00e+00,3.20e+01,4.96e+01,
1744,0.00e+00,3.28e+01,5.00e+01,
1745,0.00e+00,3.20e+01,4.96e+01,
1746,0.00e+00,3.28e+01,4.96e+01,
1747,0.00e+00,3.28e+01,4.96e+01,
1748,0.00e+00,3.28e+01,5.00e+01,
1749,0.00e+00,3.28e+01,4.96e+01,
1750,0.00e+00,3.28e+01,4.96e+01,
1751,0.00e+00,3.28e+01,4.96e+01,
1752,0.00e+00,3.28e+01,4.96e+01,
1753,0.00e+00,3.28e+01,4.96e+01,
1754,0.00e+00,3.28e+01,4.96e+01,
1755,0.00e+00,3.28e+01,4.96e+01,
1756,0.00e+00,3.28e+01,4.96e+01,
1757,0.00e+00,3.28e+01,4.96e+01,
1758,0.00e+00,3.28e+01,4.96e+01,
1759,0.00e+00,3.28e+01,4.96e+01,
1760,0.00e+00,3.20e+01,4.96e+01,
1761,0.00e+00,3.28e+01,4.96e+01,
1762,0.00e+00,3.28e+01,4.96e+01,
1763,0.00e+00,3.20e+01,4.96e+01,
1764,0.00e+00,3.28e+01,4.96e+01,
1765,0.00e+00,3.20e+01,4.96e+01,
1766,0.00e+00,3.28e+01,4.96e+01,
1767,0.00e+00,3.28e+01,4.96e+01,
1768,0.00e+00,3.28e+01,4.96e+01,
1769,0.00e+00,3.28e+01,4.96e+01,
1770,0.00e+00,3.28e+01,4.96e+01,
1771,0.00e+00,3.28e+01,4.96e+01,
1772,0.00e+00,3.28e+01,4.96e+01,
1773,0.00e+00,3.28e+01,4.96e+01,
1774,0.00e+00,3.28e+01,4.96e+01,
1775,0.00e+00,3.20e+01,4.96e+01,
1776,0.00e+00,3.28e+01,4.96e+01,
1777,0.00e+00,3.28e+01,4.96e+01,
1778,0.00e+00,3.28e+01,4.96e+01,
1779,-8.00e-03,3.28e+01,4.96e+01,
1780,0.00e+00,3.28e+01,4.96e+01,
1781,0.00e+00,3.20e+01,4.96e+01,
1782,0.00e+00,3.28e+01,4.96e+01,
1783,0.00e+00,3.20e+01,4.96e+01,
1784,0.00e+00,3.28e+01,4.96e+01,
1785,0.00e+00,3.20e+01,4.96e+01,
1786,0.00e+00,3.28e+01,4.96e+01,
1787,0.00e+00,3.28e+01,4.96e+01,
1788,0.00e+00,3.28e+01,4.96e+01,
1789,0.00e+00,3.20e+01,4.96e+01,
1790,0.00e+00,3.28e+01,4.96e+01,
1791,0.00e+00,3.28e+01,4.96e+01,
1792,0.00e+00,3.28e+01,4.96e+01,
1793,0.00e+00,3.20e+01,4.96e+01,
1794,0.00e+00,3.28e+01,4.96e+01,
1795,0.00e+00,3.28e+01,4.96e+01,
1796,0.00e+00,3.28e+01,4.96e+01,
1797,0.00e+00,3.28e+01,4.96e+01,
1798,0.00e+00,3.28e+01,4.96e+01,
1799,0.00e+00,3.20e+01,4.96e+01,
1800,0.00e+00,3.28e+01,4.96e+01,
1801,0.00e+00,3.20e+01,4.96e+01,
1802,0.00e+00,3.28e+01,4.96e+01,
1803,0.00e+00,3.28e+01,4.96e+01,
1804,0.00e+00,3.28e+01,4.96e+01,
1805,0.00e+00,3.20e+01,4.96e+01,
1806,0.00e+00,3.28e+01,4.96e+01,
1807,0.00e+00,3.20e+01,4.96e+01,
1808,0.00e+00,3.28e+01,4.96e+01,
1809,0.00e+00,3.20e+01,4.96e+01,
1810,0.00e+00,3.28e+01,4.96e+01,
1811,0.00e+00,3.28e+01,4.96e+01,
1812,0.00e+00,3.20e+01,4.96e+01,
1813,0.00e+00,3.20e+01,4.96e+01,
1814,0.00e+00,3.28e+01,4.96e+01,
1815,0.00e+00,3.28e+01,4.96e+01,
1816,0.00e+00,3.20e+01,4.96e+01,
1817,0.00e+00,3.20e+01,4.96e+01,
1818,0.00e+00,3.28e+01,4.96e+01,
1819,-8.00e-03,3.20e+01,4.96e+01,
1820,0.00e+00,3.28e+01,4.96e+01,
1821,0.00e+00,3.20e+01,4.96e+01,
1822,0.00e+00,3.28e+01,4.96e+01,
1823,0.00e+00,3.20e+01,4.96e+01,
1824,0.00e+00,3.28e+01,4.96e+01,
1825,0.00e+00,3.20e+01,4.96e+01,
1826,0.00e+00,3.28e+01,4.96e+01,
1827,0.00e+00,3.20e+01,4.96e+01,
1828,0.00e+00,3.20e+01,4.96e+01,
1829,0.00e+00,3.20e+01,4.96e+01,
1830,0.00e+00,3.28e+01,4.96e+01,
1831,0.00e+00,3.20e+01,4.96e+01,
1832,0.00e+00,3.28e+01,4.96e+01,
1833,0.00e+00,3.28e+01,4.96e+01,
1834,0.00e+00,3.28e+01,4.96e+01,
1835,0.00e+00,3.28e+01,4.96e+01,
1836,0.00e+00,3.20e+01,4.94e+01,
1837,0.00e+00,3.20e+01,4.96e+01,
1838,0.00e+00,3.20e+01,4.96e+01,
1839,0.00e+00,3.20e+01,4.94e+01,
1840,0.00e+00,3.28e+01,4.96e+01,
1841,0.00e+00,3.20e+01,4.96e+01,
1842,0.00e+00,3.28e+01,4.94e+01,
1843,0.00e+00,3.20e+01,4.96e+01,
1844,0.00e+00,3.20e+01,4.96e+01,
1845,0.00e+00,3.20e+01,4.94e+01,
1846,0.00e+00,3.28e+01,4.96e+01,
1847,0.00e+00,3.20e+01,4.96e+01,
1848,0.00e+00,3.28e+01,4.96e+01,
1849,0.00e+00,3.28e+01,4.96e+01,
1850,0.00e+00,3.20e+01,4.94e+01,
1851,0.00e+00,3.20e+01,4.96e+01,
1852,0.00e+00,3.28e+01,4.96e+01,
1853,0.00e+00,3.20e+01,4.96e+01,
1854,0.00e+00,3.28e+01,4.94e+01,
1855,0.00e+00,3.20e+01,4.96e+01,
1856,0.00e+00,3.20e+01,4.94e+01,
1857,0.00e+00,3.20e+01,4.96e+01,
1858,0.00e+00,3.20e+01,4.94e+01,
1859,0.00e+00,3.20e+01,4.94e+01,
1860,0.00e+00,3.28e+01,4.94e+01,
1861,0.00e+00,3.20e+01,4.96e+01,
1862,0.00e+00,3.28e+01,4.94e+01,
1863,0.00e+00,3.20e+01,4.94e+01,
1864,0.00e+00,3.28e+01,4.94e+01,
1865,0.00e+00,3.20e+01,4.94e+01,
1866,0.00e+00,3.28e+01,4.94e+01,
1867,0.00e+00,3.20e+01,4.96e+01,
1868,0.00e+00,3.28e+01,4.94e+01,
1869,0.00e+00,3.20e+01,4.96e+01,
1870,0.00e+00,3.20e+01,4.94e+01,
1871,0.00e+00,3.20e+01,4.94e+01,
1872,0.00e+00,3.20e+01,4.96e+01,
1873,0.00e+00,3.20e+01,4.94e+01,
1874,0.00e+00,3.20e+01,4.94e+01,
1875,0.00e+00,3.20e+01,4.94e+01,
1876,0.00e+00,3.20e+01,4.94e+01,
1877,0.00e+00,3.20e+01,4.96e+01,
1878,0.00e+00,3.20e+01,4.94e+01,
1879,0.00e+00,3.20e+01,4.94e+01,
1880,0.00e+00,3.20e+01,4.94e+01,
1881,0.00e+00,3.20e+01,4.94e+01,
1882,0.00e+00,3.20e+01,4.94e+01,
1883,0.00e+00,3.20e+01,4.94e+01,
1884,0.00e+00,3.20e+01,4.94e+01,
1885,0.00e+00,3.20e+01,4.94e+01,
1886,0.00e+00,3.20e+01,4.94e+01,
1887,0.00e+00,3.20e+01,4.94e+01,
1888,0.00e+00,3.20e+01,4.94e+01,
1889,0.00e+00,3.20e+01,4.94e+01,
1890,0.00e+00,3.20e+01,4.94e+01,
1891,0.00e+00,3.20e+01,4.94e+01,
1892,0.00e+00,3.20e+01,4.94e+01,
1893,0.00e+00,3.20e+01,4.94e+01,
1894,0.00e+00,3.20e+01,4.94e+01,
1895,0.00e+00,3.20e+01,4.94e+01,
1896,0.00e+00,3.20e+01,4.94e+01,
1897,0.00e+00,3.20e+01,4.94e+01,
1898,0.00e+00,3.20e+01,4.94e+01,
1899,0.00e+00,3.20e+01,4.94e+01,
1900,0.00e+00,3.20e+01,4.94e+01,
1901,0.00e+00,3.20e+01,4.94e+01,
1902,0.00e+00,3.20e+01,4.94e+01,
1903,0.00e+00,3.20e+01,4.94e+01,
1904,0.00e+00,3.20e+01,4.94e+01,
1905,0.00e+00,3.20e+01,4.94e+01,
1906,0.00e+00,3.20e+01,4.94e+01,
1907,0.00e+00,3.20e+01,4.94e+01,
1908,0.00e+00,3.20e+01,4.94e+01,
1909,0.00e+00,3.20e+01,4.94e+01,
1910,0.00e+00,3.20e+01,4.94e+01,
1911,0.00e+00,3.20e+01,4.94e+01,
1912,0.00e+00,3.20e+01,4.94e+01,
1913,0.00e+00,3.20e+01,4.96e+01,
1914,0.00e+00,3.20e+01,4.94e+01,
1915,0.00e+00,3.20e+01,4.94e+01,
1916,0.00e+00,3.20e+01,4.94e+01,
1917,0.00e+00,3.20e+01,4.94e+01,
1918,0.00e+00,3.20e+01,4.94e+01,
1919,0.00e+00,3.20e+01,4.94e+01,
1920,0.00e+00,3.20e+01,4.94e+01,
1921,0.00e+00,3.20e+01,4.94e+01,
1922,0.00e+00,3.20e+01,4.94e+01,
1923,0.00e+00,3.20e+01,4.94e+01,
1924,0.00e+00,3.20e+01,4.94e+01,
1925,0.00e+00,3.20e+01,4.94e+01,
1926,0.00e+00,3.20e+01,4.94e+01,
1927,0.00e+00,3.20e+01,4.94e+01,
1928,0.00e+00,3.20e+01,4.94e+01,
1929,0.00e+00,3.20e+01,4.94e+01,
1930,0.00e+00,3.20e+01,4.94e+01,
1931,0.00e+00,3.20e+01,4.94e+01,
1932,0.00e+00,3.20e+01,4.94e+01,
1933,0.00e+00,3.20e+01,4.94e+01,
1934,0.00e+00,3.20e+01,4.94e+01,
1935,0.00e+00,3.20e+01,4.94e+01,
1936,0.00e+00,3.20e+01,4.94e+01,
1937,0.00e+00,3.20e+01,4.94e+01,
1938,0.00e+00,3.20e+01,4.94e+01,
1939,0.00e+00,3.20e+01,4.94e+01,
1940,0.00e+00,3.20e+01,4.94e+01,
1941,0.00e+00,3.20e+01,4.94e+01,
1942,0.00e+00,3.20e+01,4.94e+01,
1943,0.00e+00,3.20e+01,4.94e+01,
1944,0.00e+00,3.20e+01,4.94e+01,
1945,0.00e+00,3.20e+01,4.94e+01,
1946,0.00e+00,3.20e+01,4.94e+01,
1947,0.00e+00,3.20e+01,4.94e+01,
1948,0.00e+00,3.20e+01,4.94e+01,
1949,0.00e+00,3.20e+01,4.94e+01,
1950,0.00e+00,3.20e+01,4.94e+01,
1951,0.00e+00,3.20e+01,4.94e+01,
1952,0.00e+00,3.20e+01,4.94e+01,
1953,0.00e+00,3.20e+01,4.94e+01,
1954,0.00e+00,3.20e+01,4.94e+01,
1955,0.00e+00,3.20e+01,4.94e+01,
1956,0.00e+00,3.20e+01,4.94e+01,
1957,0.00e+00,3.20e+01,4.94e+01,
1958,0.00e+00,3.20e+01,4.90e+01,
1959,0.00e+00,3.20e+01,4.94e+01,
1960,0.00e+00,3.20e+01,4.94e+01,
1961,0.00e+00,3.20e+01,4.94e+01,
1962,0.00e+00,3.20e+01,4.94e+01,
1963,0.00e+00,3.20e+01,4.94e+01,
1964,0.00e+00,3.20e+01,4.94e+01,
1965,0.00e+00,3.20e+01,4.94e+01,
1966,0.00e+00,3.20e+01,4.94e+01,
1967,0.00e+00,3.20e+01,4.94e+01,
1968,0.00e+00,3.20e+01,4.94e+01,
1969,0.00e+00,3.20e+01,4.94e+01,
1970,0.00e+00,3.20e+01,4.94e+01,
1971,0.00e+00,3.20e+01,4.94e+01,
1972,0.00e+00,3.20e+01,4.94e+01,
1973,0.00e+00,3.20e+01,4.94e+01,
1974,0.00e+00,3.20e+01,4.90e+01,
1975,0.00e+00,3.20e+01,4.90e+01,
1976,0.00e+00,3.20e+01,4.94e+01,
1977,0.00e+00,3.20e+01,4.94e+01,
1978,0.00e+00,3.20e+01,4.90e+01,
1979,0.00e+00,3.20e+01,4.94e+01,
1980,0.00e+00,3.20e+01,4.90e+01,
1981,0.00e+00,3.20e+01,4.94e+01,
1982,0.00e+00,3.20e+01,4.94e+01,
1983,0.00e+00,3.20e+01,4.94e+01,
1984,0.00e+00,3.20e+01,4.94e+01,
1985,0.00e+00,3.20e+01,4.94e+01,
1986,0.00e+00,3.20e+01,4.94e+01,
1987,0.00e+00,3.20e+01,4.90e+01,
1988,0.00e+00,3.20e+01,4.94e+01,
1989,0.00e+00,3.20e+01,4.94e+01,
1990,0.00e+00,3.20e+01,4.90e+01,
1991,0.00e+00,3.20e+01,4.90e+01,
1992,0.00e+00,3.20e+01,4.94e+01,
1993,0.00e+00,3.20e+01,4.94e+01,
1994,0.00e+00,3.20e+01,4.94e+01,
1995,0.00e+00,3.20e+01,4.94e+01,
1996,0.00e+00,3.20e+01,4.90e+01,
1997,0.00e+00,3.20e+01,4.94e+01,
1998,0.00e+00,3.20e+01,4.90e+01,
1999,0.00e+00,3.20e+01,4.94e+01,
2000,0.00e+00,3.20e+01,4.90e+01,
2001,0.00e+00,3.20e+01,4.90e+01,
2002,0.00e+00,3.20e+01,4.94e+01,
2003,0.00e+00,3.20e+01,4.90e+01,
2004,0.00e+00,3.20e+01,4.90e+01,
2005,0.00e+00,3.20e+01,4.94e+01,
2006,0.00e+00,3.20e+01,4.90e+01,
2007,0.00e+00,3.20e+01,4.90e+01,
2008,0.00e+00,3.20e+01,4.94e+01,
2009,0.00e+00,3.20e+01,4.94e+01,
2010,0.00e+00,3.20e+01,4.90e+01,
2011,0.00e+00,3.20e+01,4.90e+01,
2012,0.00e+00,3.20e+01,4.90e+01,
2013,0.00e+00,3.20e+01,4.94e+01,
2014,0.00e+00,3.20e+01,4.90e+01,
2015,0.00e+00,3.20e+01,4.90e+01,
2016,0.00e+00,3.20e+01,4.90e+01,
2017,0.00e+00,3.20e+01,4.90e+01,
2018,0.00e+00,3.20e+01,4.90e+01,
2019,0.00e+00,3.20e+01,4.90e+01,
2020,0.00e+00,3.20e+01,4.90e+01,
2021,0.00e+00,3.20e+01,4.90e+01,
2022,0.00e+00,3.20e+01,4.90e+01,
2023,0.00e+00,3.20e+01,4.90e+01,
2024,0.00e+00,3.20e+01,4.90e+01,
2025,0.00e+00,3.20e+01,4.90e+01,
2026,0.00e+00,3.20e+01,4.90e+01,
2027,0.00e+00,3.20e+01,4.90e+01,
2028,0.00e+00,3.20e+01,4.90e+01,
2029,0.00e+00,3.20e+01,4.94e+01,
2030,0.00e+00,3.20e+01,4.90e+01,
2031,0.00e+00,3.20e+01,4.90e+01,
2032,0.00e+00,3.20e+01,4.90e+01,
2033,0.00e+00,3.20e+01,4.90e+01,
2034,0.00e+00,3.20e+01,4.90e+01,
2035,0.00e+00,3.20e+01,4.90e+01,
2036,0.00e+00,3.20e+01,4.90e+01,
2037,0.00e+00,3.20e+01,4.90e+01,
2038,0.00e+00,3.20e+01,4.90e+01,
2039,0.00e+00,3.20e+01,4.90e+01,
2040,0.00e+00,3.20e+01,4.90e+01,
2041,0.00e+00,3.20e+01,4.90e+01,
2042,0.00e+00,3.20e+01,4.90e+01,
2043,0.00e+00,3.20e+01,4.90e+01,
2044,0.00e+00,3.20e+01,4.90e+01,
2045,0.00e+00,3.20e+01,4.90e+01,
2046,0.00e+00,3.20e+01,4.90e+01,
2047,0.00e+00,3.20e+01,4.90e+01,
2048,0.00e+00,3.20e+01,4.90e+01,
2049,0.00e+00,3.20e+01,4.90e+01,
2050,0.00e+00,3.20e+01,4.90e+01,
2051,0.00e+00,3.20e+01,4.90e+01,
2052,0.00e+00,3.20e+01,4.90e+01,
2053,0.00e+00,3.20e+01,4.90e+01,
2054,0.00e+00,3.20e+01,4.90e+01,
2055,0.00e+00,3.20e+01,4.90e+01,
2056,0.00e+00,3.20e+01,4.90e+01,
2057,0.00e+00,3.20e+01,4.90e+01,
2058,0.00e+00,3.20e+01,4.90e+01,
2059,0.00e+00,3.20e+01,4.90e+01,
2060,0.00e+00,3.20e+01,4.90e+01,
2061,0.00e+00,3.20e+01,4.90e+01,
2062,0.00e+00,3.20e+01,4.90e+01,
2063,0.00e+00,3.20e+01,4.90e+01,
2064,0.00e+00,3.20e+01,4.90e+01,
2065,0.00e+00,3.20e+01,4.90e+01,
2066,0.00e+00,3.20e+01,4.90e+01,
2067,0.00e+00,3.20e+01,4.90e+01,
2068,0.00e+00,3.20e+01,4.90e+01,
2069,0.00e+00,3.20e+01,4.90e+01,
2070,0.00e+00,3.20e+01,4.90e+01,
2071,0.00e+00,3.20e+01,4.90e+01,
2072,0.00e+00,3.20e+01,4.90e+01,
2073,0.00e+00,3.20e+01,4.90e+01,
2074,0.00e+00,3.20e+01,4.90e+01,
2075,0.00e+00,3.20e+01,4.90e+01,
2076,0.00e+00,3.20e+01,4.90e+01,
2077,0.00e+00,3.20e+01,4.90e+01,
2078,0.00e+00,3.20e+01,4.90e+01,
2079,0.00e+00,3.20e+01,4.90e+01,
2080,0.00e+00,3.20e+01,4.90e+01,
2081,0.00e+00,3.20e+01,4.90e+01,
2082,0.00e+00,3.20e+01,4.90e+01,
2083,0.00e+00,3.20e+01,4.90e+01,
2084,0.00e+00,3.20e+01,4.90e+01,
2085,0.00e+00,3.20e+01,4.90e+01,
2086,0.00e+00,3.20e+01,4.90e+01,
2087,0.00e+00,3.20e+01,4.90e+01,
2088,0.00e+00,3.20e+01,4.90e+01,
2089,0.00e+00,3.20e+01,4.90e+01,
2090,0.00e+00,3.20e+01,4.90e+01,
2091,0.00e+00,3.20e+01,4.90e+01,
2092,0.00e+00,3.20e+01,4.90e+01,
2093,0.00e+00,3.20e+01,4.90e+01,
2094,0.00e+00,3.20e+01,4.90e+01,
2095,0.00e+00,3.20e+01,4.90e+01,
2096,0.00e+00,3.20e+01,4.90e+01,
2097,0.00e+00,3.20e+01,4.90e+01,
2098,0.00e+00,3.20e+01,4.90e+01,
2099,0.00e+00,3.20e+01,4.90e+01,
2100,0.00e+00,3.20e+01,4.90e+01,
2101,0.00e+00,3.20e+01,4.90e+01,
2102,0.00e+00,3.20e+01,4.90e+01,
2103,0.00e+00,3.20e+01,4.90e+01,
2104,0.00e+00,3.20e+01,4.90e+01,
2105,0.00e+00,3.20e+01,4.90e+01,
2106,0.00e+00,3.20e+01,4.90e+01,
2107,0.00e+00,3.20e+01,4.90e+01,
2108,0.00e+00,3.20e+01,4.90e+01,
2109,0.00e+00,3.20e+01,4.90e+01,
2110,0.00e+00,3.20e+01,4.90e+01,
2111,0.00e+00,3.20e+01,4.90e+01,
2112,0.00e+00,3.20e+01,4.90e+01,
2113,0.00e+00,3.20e+01,4.90e+01,
2114,0.00e+00,3.20e+01,4.90e+01,
2115,0.00e+00,3.20e+01,4.90e+01,
2116,0.00e+00,3.20e+01,4.90e+01,
2117,0.00e+00,3.20e+01,4.90e+01,
2118,0.00e+00,3.20e+01,4.90e+01,
2119,0.00e+00,3.20e+01,4.90e+01,
2120,0.00e+00,3.20e+01,4.90e+01,
2121,0.00e+00,3.20e+01,4.90e+01,
2122,0.00e+00,3.20e+01,4.90e+01,
2123,0.00e+00,3.20e+01,4.90e+01,
2124,0.00e+00,3.20e+01,4.90e+01,
2125,0.00e+00,3.20e+01,4.90e+01,
2126,0.00e+00,3.20e+01,4.90e+01,
2127,0.00e+00,3.20e+01,4.90e+01,
2128,0.00e+00,3.20e+01,4.90e+01,
2129,0.00e+00,3.20e+01,4.90e+01,
2130,0.00e+00,3.20e+01,4.90e+01,
2131,0.00e+00,3.20e+01,4.90e+01,
2132,0.00e+00,3.20e+01,4.90e+01,
2133,0.00e+00,3.20e+01,4.90e+01,
2134,0.00e+00,3.20e+01,4.90e+01,
2135,0.00e+00,3.20e+01,4.90e+01,
2136,0.00e+00,3.20e+01,4.90e+01,
2137,0.00e+00,3.20e+01,4.90e+01,
2138,0.00e+00,3.20e+01,4.90e+01,
2139,0.00e+00,3.20e+01,4.90e+01,
2140,0.00e+00,3.20e+01,4.90e+01,
2141,0.00e+00,3.20e+01,4.90e+01,
2142,0.00e+00,3.20e+01,4.90e+01,
2143,0.00e+00,3.20e+01,4.90e+01,
2144,0.00e+00,3.20e+01,4.88e+01,
2145,0.00e+00,3.20e+01,4.90e+01,
2146,0.00e+00,3.20e+01,4.90e+01,
2147,0.00e+00,3.20e+01,4.90e+01,
2148,0.00e+00,3.20e+01,4.90e+01,
2149,0.00e+00,3.20e+01,4.90e+01,
2150,0.00e+00,3.20e+01,4.90e+01,
2151,0.00e+00,3.20e+01,4.90e+01,
2152,0.00e+00,3.20e+01,4.90e+01,
2153,0.00e+00,3.20e+01,4.90e+01,
2154,0.00e+00,3.20e+01,4.88e+01,
2155,0.00e+00,3.20e+01,4.90e+01,
2156,0.00e+00,3.20e+01,4.90e+01,
2157,0.00e+00,3.20e+01,4.90e+01,
2158,0.00e+00,3.20e+01,4.90e+01,
2159,0.00e+00,3.20e+01,4.88e+01,
2160,0.00e+00,3.20e+01,4.90e+01,
2161,0.00e+00,3.20e+01,4.90e+01,
2162,0.00e+00,3.20e+01,4.90e+01,
2163,0.00e+00,3.20e+01,4.88e+01,
2164,0.00e+00,3.20e+01,4.90e+01,
2165,0.00e+00,3.20e+01,4.90e+01,
2166,0.00e+00,3.20e+01,4.88e+01,
2167,0.00e+00,3.20e+01,4.88e+01,
2168,0.00e+00,3.20e+01,4.90e+01,
2169,0.00e+00,3.20e+01,4.88e+01,
2170,0.00e+00,3.20e+01,4.88e+01,
2171,0.00e+00,3.20e+01,4.88e+01,
2172,0.00e+00,3.20e+01,4.90e+01,
2173,0.00e+00,3.20e+01,4.90e+01,
2174,0.00e+00,3.20e+01,4.90e+01,
2175,0.00e+00,3.20e+01,4.88e+01,
2176,0.00e+00,3.20e+01,4.88e+01,
2177,0.00e+00,3.20e+01,4.88e+01,
2178,0.00e+00,3.20e+01,4.88e+01,
2179,0.00e+00,3.20e+01,4.88e+01,
2180,0.00e+00,3.20e+01,4.88e+01,
2181,0.00e+00,3.20e+01,4.88e+01,
2182,0.00e+00,3.20e+01,4.88e+01,
2183,0.00e+00,3.20e+01,4.88e+01,
2184,0.00e+00,3.20e+01,4.90e+01,
2185,0.00e+00,3.20e+01,4.88e+01,
2186,0.00e+00,3.20e+01,4.88e+01,
2187,-8.00e-03,3.20e+01,4.90e+01,
2188,0.00e+00,3.04e+01,4.90e+01,
2189,0.00e+00,3.04e+01,4.88e+01,
2190,0.00e+00,3.04e+01,4.88e+01,
2191,0.00e+00,3.04e+01,4.88e+01,
2192,0.00e+00,3.04e+01,4.88e+01,
2193,0.00e+00,3.04e+01,4.88e+01,
2194,0.00e+00,3.04e+01,4.88e+01,
2195,0.00e+00,2.96e+01,4.88e+01,
2196,0.00e+00,2.96e+01,4.88e+01,
2197,0.00e+00,2.96e+01,4.88e+01,
2198,-8.00e-03,2.96e+01,4.88e+01,
2199,-8.00e-03,2.80e+01,4.88e+01,
2200,0.00e+00,2.80e+01,4.88e+01,
2201,0.00e+00,2.80e+01,4.90e+01,
2202,0.00e+00,2.80e+01,4.88e+01,
2203,0.00e+00,2.72e+01,4.88e+01,
2204,0.00e+00,2.72e+01,4.88e+01,
2205,0.00e+00,2.72e+01,4.88e+01,
2206,0.00e+00,2.72e+01,4.88e+01,
2207,0.00e+00,2.56e+01,4.88e+01,
2208,0.00e+00,2.56e+01,4.88e+01,
2209,-8.00e-03,2.56e+01,4.88e+01,
2210,-8.00e-03,2.48e+01,4.88e+01,
2211,-8.00e-03,2.48e+01,4.88e+01,
2212,0.00e+00,2.48e+01,4.88e+01,
2213,0.00e+00,2.32e+01,4.88e+01,
2214,0.00e+00,2.32e+01,4.88e+01,
2215,0.00e+00,2.32e+01,4.88e+01,
2216,0.00e+00,2.24e+01,4.88e+01,
2217,-8.00e-03,2.24e+01,4.88e+01,
2218,-8.00e-03,2.24e+01,4.88e+01,
2219,-8.00e-03,2.08e+01,4.88e+01,
2220,0.00e+00,2.08e+01,4.88e+01,
2221,0.00e+00,2.08e+01,4.88e+01,
2222,0.00e+00,2.00e+01,4.88e+01,
2223,0.00e+00,2.00e+01,4.88e+01,
2224,0.00e+00,2.00e+01,4.88e+01,
2225,0.00e+00,1.84e+01,4.88e+01,
2226,-8.00e-03,1.84e+01,4.88e+01,
2227,-8.00e-03,1.84e+01,4.88e+01,
2228,0.00e+00,1.68e+01,4.88e+01,
2229,0.00e+00,1.68e+01,4.88e+01,
2230,0.00e+00,1.68e+01,4.88e+01,
2231,0.00e+00,1.60e+01,4.88e+01,
2232,0.00e+00,1.60e+01,4.88e+01,
2233,0.00e+00,1.60e+01,4.88e+01,
2234,0.00e+00,1.60e+01,4.88e+01,
2235,0.00e+00,1.44e+01,4.88e+01,
2236,0.00e+00,1.44e+01,4.88e+01,
2237,0.00e+00,1.44e+01,4.88e+01,
2238,0.00e+00,1.36e+01,4.88e+01,
2239,0.00e+00,1.36e+01,4.88e+01,
2240,0.00e+00,1.36e+01,4.88e+01,
2241,0.00e+00,1.36e+01,4.88e+01,
2242,0.00e+00,1.20e+01,4.88e+01,
2243,0.00e+00,1.20e+01,4.88e+01,
2244,0.00e+00,1.20e+01,4.88e+01,
2245,0.00e+00,1.20e+01,4.88e+01,
2246,0.00e+00,1.12e+01,4.88e+01,
2247,0.00e+00,1.12e+01,4.88e+01,
2248,0.00e+00,1.12e+01,4.88e+01,
2249,0.00e+00,1.12e+01,4.88e+01,
2250,0.00e+00,1.12e+01,4.88e+01,
2251,0.00e+00,9.60e+00,4.88e+01,
2252,0.00e+00,9.60e+00,4.88e+01,
2253,0.00e+00,9.60e+00,4.88e+01,
2254,0.00e+00,9.60e+00,4.88e+01,
2255,0.00e+00,9.60e+00,4.88e+01,
2256,0.00e+00,9.60e+00,4.88e+01,
2257,0.00e+00,8.80e+00,4.88e+01,
2258,0.00e+00,8.80e+00,4.88e+01,
2259,0.00e+00,8.80e+00,4.88e+01,
2260,0.00e+00,8.80e+00,4.88e+01,
2261,0.00e+00,8.80e+00,4.88e+01,
2262,0.00e+00,8.80e+00,4.88e+01,
2263,0.00e+00,7.20e+00,4.84e+01,
2264,0.00e+00,7.20e+00,4.88e+01,
2265,0.00e+00,7.20e+00,4.88e+01,
2266,0.00e+00,7.20e+00,4.84e+01,
2267,0.00e+00,7.20e+00,4.84e+01,
2268,0.00e+00,7.20e+00,4.88e+01,
2269,0.00e+00,7.20e+00,4.88e+01,
2270,0.00e+00,7.20e+00,4.84e+01,
2271,0.00e+00,7.20e+00,4.84e+01,
2272,0.00e+00,7.20e+00,4.84e+01,
2273,0.00e+00,6.40e+00,4.88e+01,
2274,0.00e+00,7.20e+00,4.84e+01,
2275,0.00e+00,6.40e+00,4.88e+01,
2276,0.00e+00,6.40e+00,4.88e+01,
2277,0.00e+00,6.40e+00,4.88e+01,
2278,0.00e+00,6.40e+00,4.88e+01,
2279,0.00e+00,6.40e+00,4.88e+01,
2280,0.00e+00,6.40e+00,4.84e+01,
2281,0.00e+00,6.40e+00,4.88e+01,
2282,0.00e+00,6.40e+00,4.84e+01,
2283,0.00e+00,6.40e+00,4.88e+01,
2284,0.00e+00,6.40e+00,4.88e+01,
2285,0.00e+00,6.40e+00,4.88e+01,
2286,0.00e+00,6.40e+00,4.84e+01,
2287,0.00e+00,6.40e+00,4.84e+01,
2288,0.00e+00,6.40e+00,4.84e+01,
2289,0.00e+00,6.40e+00,4.88e+01,
2290,0.00e+00,6.40e+00,4.84e+01,
2291,0.00e+00,6.40e+00,4.84e+01,
2292,0.00e+00,6.40e+00,4.88e+01,
2293,0.00e+00,6.40e+00,4.88e+01,
2294,0.00e+00,6.40e+00,4.84e+01,
2295,0.00e+00,6.40e+00,4.84e+01,
2296,0.00e+00,6.40e+00,4.84e+01,
2297,0.00e+00,6.40e+00,4.88e+01,
2298,0.00e+00,6.40e+00,4.84e+01,
2299,0.00e+00,6.40e+00,4.84e+01,
2300,0.00e+00,6.40e+00,4.88e+01,
2301,0.00e+00,6.40e+00,4.84e+01,
2302,0.00e+00,6.40e+00,4.84e+01,
2303,0.00e+00,6.40e+00,4.84e+01,
2304,0.00e+00,7.20e+00,4.84e+01,
2305,0.00e+00,7.20e+00,4.84e+01,
2306,0.00e+00,7.20e+00,4.84e+01,
2307,0.00e+00,7.20e+00,4.84e+01,
2308,0.00e+00,7.20e+00,4.84e+01,
2309,0.00e+00,7.20e+00,4.84e+01,
2310,0.00e+00,7.20e+00,4.88e+01,
2311,0.00e+00,7.20e+00,4.84e+01,
2312,1.60e-02,7.20e+00,4.84e+01,
2313,0.00e+00,7.20e+00,4.84e+01,
2314,0.00e+00,7.20e+00,4.84e+01,
2315,0.00e+00,7.20e+00,4.84e+01,
2316,0.00e+00,8.80e+00,4.88e+01,
2317,0.00e+00,8.80e+00,4.84e+01,
2318,0.00e+00,8.80e+00,4.84e+01,
2319,0.00e+00,8.80e+00,4.84e+01,
2320,0.00e+00,8.80e+00,4.84e+01,
2321,0.00e+00,8.80e+00,4.84e+01,
2322,0.00e+00,9.60e+00,4.84e+01,
2323,0.00e+00,9.60e+00,4.84e+01,
2324,0.00e+00,9.60e+00,4.84e+01,
2325,0.00e+00,9.60e+00,4.84e+01,
2326,0.00e+00,9.60e+00,4.84e+01,
2327,0.00e+00,9.60e+00,4.84e+01,
2328,0.00e+00,1.12e+01,4.84e+01,
2329,0.00e+00,1.12e+01,4.84e+01,
2330,0.00e+00,1.12e+01,4.84e+01,
2331,0.00e+00,1.12e+01,4.84e+01,
2332,0.00e+00,1.12e+01,4.84e+01,
2333,0.00e+00,1.20e+01,4.84e+01,
2334,0.00e+00,1.20e+01,4.84e+01,
2335,0.00e+00,1.20e+01,4.84e+01,
2336,0.00e+00,1.20e+01,4.84e+01,
2337,0.00e+00,1.20e+01,4.84e+01,
2338,0.00e+00,1.36e+01,4.84e+01,
2339,0.00e+00,1.36e+01,4.84e+01,
2340,0.00e+00,1.36e+01,4.84e+01,
2341,0.00e+00,1.36e+01,4.84e+01,
2342,0.00e+00,1.44e+01,4.84e+01,
2343,0.00e+00,1.44e+01,4.84e+01,
2344,0.00e+00,1.44e+01,4.84e+01,
2345,0.00e+00,1.60e+01,4.84e+01,
2346,0.00e+00,1.60e+01,4.84e+01,
2347,0.00e+00,1.60e+01,4.84e+01,
2348,0.00e+00,1.60e+01,4.84e+01,
2349,0.00e+00,1.68e+01,4.84e+01,
2350,0.00e+00,1.68e+01,4.84e+01,
2351,0.00e+00,1.68e+01,4.84e+01,
2352,0.00e+00,1.84e+01,4.84e+01,
2353,0.00e+00,1.84e+01,4.84e+01,
2354,0.00e+00,1.84e+01,4.84e+01,
2355,0.00e+00,1.84e+01,4.84e+01,
2356,0.00e+00,2.00e+01,4.84e+01,
2357,0.00e+00,2.00e+01,4.84e+01,
2358,0.00e+00,2.08e+01,4.84e+01,
2359,0.00e+00,2.08e+01,4.84e+01,
2360,0.00e+00,2.08e+01,4.84e+01,
2361,0.00e+00,2.08e+01,4.84e+01,
2362,0.00e+00,2.24e+01,4.84e+01,
2363,0.00e+00,2.24e+01,4.84e+01,
2364,0.00e+00,2.24e+01,4.84e+01,
2365,0.00e+00,2.32e+01,4.84e+01,
2366,0.00e+00,2.32e+01,4.84e+01,
2367,0.00e+00,2.32e+01,4.84e+01,
2368,0.00e+00,2.48e+01,4.84e+01,
2369,0.00e+00,2.48e+01,4.84e+01,
2370,0.00e+00,2.48e+01,4.84e+01,
2371,0.00e+00,2.48e+01,4.84e+01,
2372,0.00e+00,2.56e+01,4.84e+01,
2373,0.00e+00,2.56e+01,4.84e+01,
2374,0.00e+00,2.56e+01,4.84e+01,
2375,0.00e+00,2.56e+01,4.84e+01,
2376,0.00e+00,2.72e+01,4.84e+01,
2377,0.00e+00,2.72e+01,4.84e+01,
2378,0.00e+00,2.72e+01,4.84e+01,
2379,0.00e+00,2.72e+01,4.84e+01,
2380,0.00e+00,2.80e+01,4.84e+01,
2381,0.00e+00,2.80e+01,4.84e+01,
2382,0.00e+00,2.80e+01,4.84e+01,
2383,0.00e+00,2.80e+01,4.84e+01,
2384,0.00e+00,2.80e+01,4.84e+01,
2385,0.00e+00,2.96e+01,4.84e+01,
2386,0.00e+00,2.96e+01,4.84e+01,
2387,0.00e+00,2.96e+01,4.84e+01,
2388,0.00e+00,2.96e+01,4.84e+01,
2389,0.00e+00,2.96e+01,4.84e+01,
2390,0.00e+00,2.96e+01,4.84e+01,
2391,0.00e+00,2.96e+01,4.84e+01,
2392,0.00e+00,3.04e+01,4.84e+01,
2393,0.00e+00,3.04e+01,4.84e+01,
2394,0.00e+00,3.04e+01,4.84e+01,
2395,0.00e+00,3.04e+01,4.84e+01,
2396,0.00e+00,3.04e+01,4.84e+01,
2397,0.00e+00,3.04e+01,4.84e+01,
2398,0.00e+00,3.04e+01,4.84e+01,
2399,0.00e+00,3.04e+01,4.84e+01,
2400,0.00e+00,3.04e+01,4.84e+01,
2401,0.00e+00,3.04e+01,4.84e+01,
2402,0.00e+00,3.04e+01,4.84e+01,
2403,0.00e+00,3.04e+01,4.84e+01,
2404,0.00e+00,3.04e+01,4.84e+01,
2405,0.00e+00,3.04e+01,4.84e+01,
2406,0.00e+00,3.04e+01,4.84e+01,
2407,0.00e+00,3.04e+01,4.84e+01,
2408,0.00e+00,3.04e+01,4.84e+01,
2409,0.00e+00,3.04e+01,4.84e+01,
2410,0.00e+00,3.04e+01,4.84e+01,
2411,0.00e+00,2.96e+01,4.84e+01,
2412,0.00e+00,2.96e+01,4.84e+01,
2413,0.00e+00,2.96e+01,4.84e+01,
2414,0.00e+00,2.96e+01,4.84e+01,
2415,0.00e+00,2.96e+01,4.84e+01,
2416,0.00e+00,2.96e+01,4.84e+01,
2417,0.00e+00,2.96e+01,4.84e+01,
2418,0.00e+00,2.80e+01,4.84e+01,
2419,0.00e+00,2.80e+01,4.84e+01,
2420,0.00e+00,2.80e+01,4.84e+01,
2421,0.00e+00,2.80e+01,4.84e+01,
2422,0.00e+00,2.80e+01,4.84e+01,
2423,0.00e+00,2.72e+01,4.84e+01,
2424,0.00e+00,2.72e+01,4.84e+01,
2425,0.00e+00,2.72e+01,4.84e+01,
2426,0.00e+00,2.72e+01,4.84e+01,
2427,0.00e+00,2.56e+01,4.84e+01,
2428,0.00e+00,2.56e+01,4.84e+01,
2429,0.00e+00,2.56e+01,4.84e+01,
2430,0.00e+00,2.56e+01,4.84e+01,
2431,0.00e+00,2.48e+01,4.84e+01,
2432,0.00e+00,2.48e+01,4.84e+01,
2433,0.00e+00,2.48e+01,4.84e+01,
2434,0.00e+00,2.48e+01,4.84e+01,
2435,0.00e+00,2.32e+01,4.84e+01,
2436,0.00e+00,2.32e+01,4.84e+01,
2437,0.00e+00,2.32e+01,4.84e+01,
2438,0.00e+00,2.24e+01,4.80e+01,
2439,0.00e+00,2.24e+01,4.80e+01,
2440,0.00e+00,2.24e+01,4.84e+01,
2441,0.00e+00,2.08e+01,4.84e+01,
2442,0.00e+00,2.08e+01,4.84e+01,
2443,0.00e+00,2.08e+01,4.84e+01,
2444,0.00e+00,2.00e+01,4.84e+01,
2445,0.00e+00,2.00e+01,4.84e+01,
2446,0.00e+00,2.00e+01,4.80e+01,
2447,0.00e+00,2.00e+01,4.84e+01,
2448,0.00e+00,1.84e+01,4.84e+01,
2449,0.00e+00,1.84e+01,4.84e+01,
2450,0.00e+00,1.84e+01,4.80e+01,
2451,0.00e+00,1.68e+01,4.84e+01,
2452,0.00e+00,1.68e+01,4.84e+01,
2453,0.00e+00,1.68e+01,4.84e+01,
2454,0.00e+00,1.68e+01,4.84e+01,
2455,0.00e+00,1.60e+01,4.84e+01,
2456,0.00e+00,1.60e+01,4.84e+01,
2457,0.00e+00,1.60e+01,4.84e+01,
2458,0.00e+00,1.60e+01,4.80e+01,
2459,0.00e+00,1.44e+01,4.84e+01,
2460,0.00e+00,1.44e+01,4.84e+01,
2461,0.00e+00,1.44e+01,4.84e+01,
2462,0.00e+00,1.36e+01,4.80e+01,
2463,0.00e+00,1.36e+01,4.84e+01,
2464,0.00e+00,1.36e+01,4.84e+01,
2465,0.00e+00,1.36e+01,4.84e+01,
2466,0.00e+00,1.36e+01,4.84e+01,
2467,0.00e+00,1.20e+01,4.80e+01,
2468,0.00e+00,1.20e+01,4.80e+01,
2469,0.00e+00,1.20e+01,4.84e+01,
2470,0.00e+00,1.20e+01,4.80e+01,
2471,0.00e+00,1.12e+01,4.80e+01,
2472,0.00e+00,1.12e+01,4.84e+01,
2473,0.00e+00,1.12e+01,4.84e+01,
2474,0.00e+00,1.12e+01,4.84e+01,
2475,0.00e+00,1.12e+01,4.80e+01,
2476,0.00e+00,1.12e+01,4.80e+01,
2477,0.00e+00,9.60e+00,4.84e+01,
2478,0.00e+00,9.60e+00,4.80e+01,
2479,0.00e+00,9.60e+00,4.84e+01,
2480,0.00e+00,9.60e+00,4.80e+01,
2481,0.00e+00,9.60e+00,4.80e+01,
2482,0.00e+00,9.60e+00,4.80e+01,
2483,0.00e+00,8.80e+00,4.80e+01,
2484,0.00e+00,8.80e+00,4.80e+01,
2485,0.00e+00,8.80e+00,4.80e+01,
2486,0.00e+00,8.80e+00,4.80e+01,
2487,0.00e+00,8.80e+00,4.80e+01,
2488,0.00e+00,8.80e+00,4.80e+01,
2489,0.00e+00,8.80e+00,4.80e+01,
2490,0.00e+00,8.80e+00,4.80e+01,
2491,0.00e+00,8.80e+00,4.80e+01,
2492,0.00e+00,8.80e+00,4.80e+01,
2493,0.00e+00,7.20e+00,4.80e+01,
2494,0.00e+00,7.20e+00,4.80e+01,
2495,0.00e+00,7.20e+00,4.80e+01,
2496,0.00e+00,7.20e+00,4.80e+01,
2497,0.00e+00,7.20e+00,4.80e+01,
2498,0.00e+00,7.20e+00,4.80e+01,
2499,0.00e+00,7.20e+00,4.80e+01,
2500,0.00e+00,7.20e+00,4.80e+01,
2501,0.00e+00,7.20e+00,4.80e+01,
2502,0.00e+00,7.20e+00,4.80e+01,
2503,0.00e+00,7.20e+00,4.80e+01,
2504,0.00e+00,7.20e+00,4.80e+01,
2505,0.00e+00,7.20e+00,4.80e+01,
2506,0.00e+00,7.20e+00,4.80e+01,
2507,0.00e+00,7.20e+00,4.80e+01,
2508,0.00e+00,7.20e+00,4.80e+01,
2509,0.00e+00,7.20e+00,4.80e+01,
2510,0.00e+00,7.20e+00,4.80e+01,
2511,0.00e+00,7.20e+00,4.80e+01,
2512,0.00e+00,7.20e+00,4.80e+01,
2513,0.00e+00,6.40e+00,4.80e+01,
2514,0.00e+00,7.20e+00,4.80e+01,
2515,0.00e+00,7.20e+00,4.80e+01,
2516,0.00e+00,7.20e+00,4.80e+01,
2517,0.00e+00,7.20e+00,4.80e+01,
2518,0.00e+00,7.20e+00,4.80e+01,
2519,0.00e+00,7.20e+00,4.80e+01,
2520,0.00e+00,7.20e+00,4.80e+01,
2521,0.00e+00,7.20e+00,4.80e+01,
2522,0.00e+00,7.20e+00,4.80e+01,
2523,0.00e+00,7.20e+00,4.80e+01,
2524,0.00e+00,7.20e+00,4.80e+01,
2525,0.00e+00,7.20e+00,4.80e+01,
2526,0.00e+00,7.20e+00,4.80e+01,
2527,0.00e+00,7.20e+00,4.80e+01,
2528,0.00e+00,7.20e+00,4.80e+01,
2529,0.00e+00,7.20e+00,4.80e+01,
2530,0.00e+00,7.20e+00,4.80e+01,
2531,0.00e+00,7.20e+00,4.80e+01,
2532,0.00e+00,7.20e+00,4.80e+01,
2533,0.00e+00,8.80e+00,4.80e+01,
2534,0.00e+00,8.80e+00,4.80e+01,
2535,0.00e+00,8.80e+00,4.80e+01,
2536,0.00e+00,8.80e+00,4.80e+01,
2537,0.00e+00,8.80e+00,4.80e+01,
2538,0.00e+00,8.80e+00,4.80e+01,
2539,0.00e+00,8.80e+00,4.80e+01,
2540,0.00e+00,8.80e+00,4.84e+01,
2541,0.00e+00,8.80e+00,4.80e+01,
2542,0.00e+00,9.60e+00,4.80e+01,
2543,0.00e+00,9.60e+00,4.80e+01,
2544,0.00e+00,9.60e+00,4.80e+01,
2545,0.00e+00,9.60e+00,4.80e+01,
2546,0.00e+00,9.60e+00,4.80e+01,
2547,0.00e+00,9.60e+00,4.80e+01,
2548,0.00e+00,9.60e+00,4.80e+01,
2549,0.00e+00,1.12e+01,4.80e+01,
2550,0.00e+00,1.12e+01,4.80e+01,
2551,0.00e+00,1.12e+01,4.80e+01,
2552,0.00e+00,1.12e+01,4.80e+01,
2553,0.00e+00,1.12e+01,4.80e+01,
2554,0.00e+00,1.20e+01,4.80e+01,
2555,0.00e+00,1.20e+01,4.80e+01,
2556,0.00e+00,1.20e+01,4.80e+01,
2557,0.00e+00,1.20e+01,4.80e+01,
2558,0.00e+00,1.20e+01,4.80e+01,
2559,0.00e+00,1.20e+01,4.80e+01,
2560,0.00e+00,1.36e+01,4.80e+01,
2561,0.00e+00,1.36e+01,4.80e+01,
2562,0.00e+00,1.36e+01,4.80e+01,
2563,0.00e+00,1.36e+01,4.80e+01,
2564,0.00e+00,1.44e+01,4.80e+01,
2565,0.00e+00,1.44e+01,4.80e+01,
2566,0.00e+00,1.44e+01,4.80e+01,
2567,0.00e+00,1.44e+01,4.80e+01,
2568,0.00e+00,1.60e+01,4.80e+01,
2569,0.00e+00,1.60e+01,4.80e+01,
2570,0.00e+00,1.60e+01,4.80e+01,
2571,0.00e+00,1.60e+01,4.80e+01,
2572,0.00e+00,1.68e+01,4.80e+01,
2573,0.00e+00,1.68e+01,4.80e+01,
2574,0.00e+00,1.68e+01,4.80e+01,
2575,0.00e+00,1.84e+01,4.80e+01,
2576,0.00e+00,1.84e+01,4.80e+01,
2577,0.00e+00,1.84e+01,4.80e+01,
2578,0.00e+00,1.84e+01,4.80e+01,
2579,0.00e+00,2.00e+01,4.80e+01,
2580,0.00e+00,2.00e+01,4.80e+01,
2581,0.00e+00,2.00e+01,4.80e+01,
2582,0.00e+00,2.08e+01,4.80e+01,
2583,0.00e+00,2.08e+01,4.80e+01,
2584,0.00e+00,2.08e+01,4.80e+01,
2585,0.00e+00,2.08e+01,4.80e+01,
2586,0.00e+00,2.24e+01,4.80e+01,
2587,0.00e+00,2.24e+01,4.80e+01,
2588,0.00e+00,2.24e+01,4.80e+01,
2589,0.00e+00,2.24e+01,4.80e+01,
2590,0.00e+00,2.32e+01,4.80e+01,
2591,0.00e+00,2.32e+01,4.80e+01,
2592,0.00e+00,2.32e+01,4.80e+01,
2593,0.00e+00,2.48e+01,4.80e+01,
2594,0.00e+00,2.48e+01,4.80e+01,
2595,0.00e+00,2.48e+01,4.80e+01,
2596,0.00e+00,2.48e+01,4.80e+01,
2597,0.00e+00,2.56e+01,4.80e+01,
2598,0.00e+00,2.56e+01,4.80e+01,
2599,0.00e+00,2.56e+01,4.80e+01,
2600,0.00e+00,2.56e+01,4.80e+01,
2601,0.00e+00,2.56e+01,4.80e+01,
2602,0.00e+00,2.72e+01,4.80e+01,
2603,0.00e+00,2.72e+01,4.80e+01,
2604,0.00e+00,2.72e+01,4.80e+01,
2605,0.00e+00,2.72e+01,4.80e+01,
2606,0.00e+00,2.72e+01,4.80e+01,
2607,0.00e+00,2.80e+01,4.80e+01,
2608,0.00e+00,2.80e+01,4.80e+01,
2609,0.00e+00,2.80e+01,4.80e+01,
2610,0.00e+00,2.80e+01,4.80e+01,
2611,0.00e+00,2.80e+01,4.80e+01,
2612,0.00e+00,2.80e+01,4.80e+01,
2613,0.00e+00,2.80e+01,4.80e+01,
2614,0.00e+00,2.96e+01,4.80e+01,
2615,0.00e+00,2.96e+01,4.80e+01,
2616,0.00e+00,2.96e+01,4.80e+01,
2617,0.00e+00,2.96e+01,4.80e+01,
2618,0.00e+00,2.96e+01,4.78e+01,
2619,0.00e+00,2.96e+01,4.80e+01,
2620,0.00e+00,2.96e+01,4.78e+01,
2621,0.00e+00,2.96e+01,4.80e+01,
2622,0.00e+00,2.96e+01,4.80e+01,
2623,0.00e+00,2.96e+01,4.80e+01,
2624,0.00e+00,2.96e+01,4.80e+01,
2625,0.00e+00,2.96e+01,4.80e+01,
2626,0.00e+00,2.96e+01,4.78e+01,
2627,0.00e+00,2.96e+01,4.80e+01,
2628,0.00e+00,2.96e+01,4.80e+01,
2629,0.00e+00,2.96e+01,4.80e+01,
2630,0.00e+00,2.96e+01,4.78e+01,
2631,0.00e+00,2.96e+01,4.80e+01,
2632,0.00e+00,2.96e+01,4.80e+01,
2633,0.00e+00,2.96e+01,4.80e+01,
2634,0.00e+00,2.80e+01,4.78e+01,
2635,0.00e+00,2.80e+01,4.78e+01,
2636,0.00e+00,2.80e+01,4.78e+01,
2637,0.00e+00,2.80e+01,4.80e+01,
2638,0.00e+00,2.80e+01,4.78e+01,
2639,0.00e+00,2.80e+01,4.80e+01,
2640,0.00e+00,2.80e+01,4.80e+01,
2641,0.00e+00,2.72e+01,4.80e+01,
2642,0.00e+00,2.72e+01,4.78e+01,
2643,0.00e+00,2.72e+01,4.78e+01,
2644,0.00e+00,2.72e+01,4.78e+01,
2645,0.00e+00,2.72e+01,4.78e+01,
2646,0.00e+00,2.72e+01,4.80e+01,
2647,0.00e+00,2.56e+01,4.78e+01,
2648,0.00e+00,2.56e+01,4.78e+01,
2649,0.00e+00,2.56e+01,4.78e+01,
2650,0.00e+00,2.56e+01,4.78e+01,
2651,0.00e+00,2.48e+01,4.78e+01,
2652,0.00e+00,2.48e+01,4.78e+01,
2653,0.00e+00,2.48e+01,4.80e+01,
2654,0.00e+00,2.48e+01,4.80e+01,
2655,0.00e+00,2.32e+01,4.78e+01,
2656,0.00e+00,2.32e+01,4.78e+01,
2657,0.00e+00,2.32e+01,4.78e+01,
2658,0.00e+00,2.32e+01,4.78e+01,
2659,-8.00e-03,2.24e+01,4.80e+01,
2660,0.00e+00,2.24e+01,4.78e+01,
2661,0.00e+00,2.24e+01,4.78e+01,
2662,0.00e+00,2.24e+01,4.78e+01,
2663,0.00e+00,2.08e+01,4.80e+01,
2664,0.00e+00,2.08e+01,4.80e+01,
2665,0.00e+00,2.08e+01,4.78e+01,
2666,0.00e+00,2.08e+01,4.78e+01,
2667,0.00e+00,2.00e+01,4.78e+01,
2668,0.00e+00,2.00e+01,4.78e+01,
2669,0.00e+00,2.00e+01,4.78e+01,
2670,0.00e+00,1.84e+01,4.78e+01,
2671,0.00e+00,1.84e+01,4.78e+01,
2672,0.00e+00,1.84e+01,4.78e+01,
2673,0.00e+00,1.84e+01,4.78e+01,
2674,0.00e+00,1.68e+01,4.78e+01,
2675,0.00e+00,1.68e+01,4.78e+01,
2676,0.00e+00,1.68e+01,4.78e+01,
2677,0.00e+00,1.68e+01,4.80e+01,
2678,0.00e+00,1.60e+01,4.78e+01,
2679,0.00e+00,1.60e+01,4.78e+01,
2680,0.00e+00,1.60e+01,4.78e+01,
2681,0.00e+00,1.60e+01,4.78e+01,
2682,0.00e+00,1.44e+01,4.78e+01,
2683,0.00e+00,1.44e+01,4.78e+01,
2684,0.00e+00,1.44e+01,4.78e+01,
2685,0.00e+00,1.44e+01,4.78e+01,
2686,0.00e+00,1.36e+01,4.78e+01,
2687,0.00e+00,1.36e+01,4.78e+01,
2688,0.00e+00,1.36e+01,4.78e+01,
2689,0.00e+00,1.36e+01,4.78e+01,
2690,0.00e+00,1.36e+01,4.78e+01,
2691,0.00e+00,1.20e+01,4.78e+01,
2692,0.00e+00,1.20e+01,4.78e+01,
2693,0.00e+00,1.20e+01,4.78e+01,
2694,0.00e+00,1.20e+01,4.78e+01,
2695,0.00e+00,1.20e+01,4.78e+01,
2696,0.00e+00,1.12e+01,4.78e+01,
2697,0.00e+00,1.12e+01,4.78e+01,
2698,0.00e+00,1.12e+01,4.78e+01,
2699,0.00e+00,1.12e+01,4.78e+01,
2700,0.00e+00,1.12e+01,4.78e+01,
2701,0.00e+00,1.12e+01,4.78e+01,
2702,0.00e+00,1.12e+01,4.78e+01,
2703,0.00e+00,9.60e+00,4.78e+01,
2704,0.00e+00,9.60e+00,4.78e+01,
2705,0.00e+00,9.60e+00,4.78e+01,
2706,0.00e+00,9.60e+00,4.78e+01,
2707,0.00e+00,9.60e+00,4.78e+01,
2708,0.00e+00,9.60e+00,4.78e+01,
2709,0.00e+00,8.80e+00,4.78e+01,
2710,0.00e+00,8.80e+00,4.78e+01,
2711,0.00e+00,8.80e+00,4.78e+01,
2712,0.00e+00,8.80e+00,4.78e+01,
2713,0.00e+00,8.80e+00,4.78e+01,
2714,0.00e+00,8.80e+00,4.78e+01,
2715,0.00e+00,8.80e+00,4.78e+01,
2716,0.00e+00,8.80e+00,4.78e+01,
2717,0.00e+00,8.80e+00,4.78e+01,
2718,0.00e+00,8.80e+00,4.78e+01,
2719,0.00e+00,8.80e+00,4.78e+01,
2720,0.00e+00,8.80e+00,4.78e+01,
2721,0.00e+00,8.80e+00,4.78e+01,
2722,0.00e+00,8.80e+00,4.78e+01,
2723,0.00e+00,7.20e+00,4.78e+01,
2724,0.00e+00,7.20e+00,4.78e+01,
2725,0.00e+00,7.20e+00,4.78e+01,
2726,0.00e+00,7.20e+00,4.78e+01,
2727,0.00e+00,7.20e+00,4.78e+01,
2728,0.00e+00,7.20e+00,4.78e+01,
2729,0.00e+00,7.20e+00,4.78e+01,
2730,0.00e+00,7.20e+00,4.74e+01,
2731,0.00e+00,7.20e+00,4.78e+01,
2732,0.00e+00,7.20e+00,4.78e+01,
2733,0.00e+00,7.20e+00,4.78e+01,
2734,0.00e+00,7.20e+00,4.78e+01,
2735,0.00e+00,7.20e+00,4.78e+01,
2736,0.00e+00,7.20e+00,4.78e+01,
2737,0.00e+00,7.20e+00,4.78e+01,
2738,0.00e+00,7.20e+00,4.78e+01,
2739,0.00e+00,7.20e+00,4.78e+01,
2740,0.00e+00,7.20e+00,4.78e+01,
2741,0.00e+00,7.20e+00,4.74e+01,
2742,0.00e+00,7.20e+00,4.78e+01,
2743,0.00e+00,7.20e+00,4.78e+01,
2744,0.00e+00,7.20e+00,4.78e+01,
2745,0.00e+00,7.20e+00,4.78e+01,
2746,0.00e+00,7.20e+00,4.74e+01,
2747,0.00e+00,7.20e+00,4.74e+01,
2748,0.00e+00,7.20e+00,4.78e+01,
2749,0.00e+00,8.80e+00,4.78e+01,
2750,0.00e+00,8.80e+00,4.78e+01,
2751,0.00e+00,8.80e+00,4.78e+01,
2752,0.00e+00,8.80e+00,4.78e+01,
2753,0.00e+00,8.80e+00,4.78e+01,
2754,0.00e+00,8.80e+00,4.78e+01,
2755,0.00e+00,8.80e+00,4.78e+01,
2756,0.00e+00,8.80e+00,4.78e+01,
2757,0.00e+00,8.80e+00,4.78e+01,
2758,0.00e+00,8.80e+00,4.74e+01,
2759,0.00e+00,8.80e+00,4.78e+01,
2760,0.00e+00,8.80e+00,4.78e+01,
2761,0.00e+00,9.60e+00,4.78e+01,
2762,0.00e+00,9.60e+00,4.78e+01,
2763,0.00e+00,9.60e+00,4.74e+01,
2764,0.00e+00,9.60e+00,4.78e+01,
2765,0.00e+00,9.60e+00,4.78e+01,
2766,0.00e+00,9.60e+00,4.78e+01,
2767,0.00e+00,9.60e+00,4.78e+01,
2768,0.00e+00,1.12e+01,4.74e+01,
2769,0.00e+00,1.12e+01,4.78e+01,
2770,0.00e+00,1.12e+01,4.74e+01,
2771,0.00e+00,1.12e+01,4.78e+01,
2772,0.00e+00,1.12e+01,4.74e+01,
2773,0.00e+00,1.12e+01,4.78e+01,
2774,0.00e+00,1.20e+01,4.74e+01,
2775,0.00e+00,1.20e+01,4.78e+01,
2776,0.00e+00,1.20e+01,4.74e+01,
2777,0.00e+00,1.20e+01,4.74e+01,
2778,0.00e+00,1.20e+01,4.74e+01,
2779,0.00e+00,1.20e+01,4.74e+01,
2780,0.00e+00,1.36e+01,4.78e+01,
2781,0.00e+00,1.36e+01,4.74e+01,
2782,0.00e+00,1.36e+01,4.74e+01,
2783,0.00e+00,1.36e+01,4.74e+01,
2784,0.00e+00,1.36e+01,4.74e+01,
2785,0.00e+00,1.44e+01,4.74e+01,
2786,0.00e+00,1.44e+01,4.74e+01,
2787,0.00e+00,1.44e+01,4.74e+01,
2788,0.00e+00,1.44e+01,4.78e+01,
2789,0.00e+00,1.44e+01,4.78e+01,
2790,0.00e+00,1.60e+01,4.78e+01,
2791,0.00e+00,1.60e+01,4.74e+01,
2792,0.00e+00,1.60e+01,4.78e+01,
2793,0.00e+00,1.60e+01,4.74e+01,
2794,0.00e+00,1.68e+01,4.74e+01,
2795,0.00e+00,1.68e+01,4.74e+01,
2796,0.00e+00,1.68e+01,4.78e+01,
2797,0.00e+00,1.68e+01,4.74e+01,
2798,0.00e+00,1.84e+01,4.78e+01,
2799,0.00e+00,1.84e+01,4.74e+01,
2800,0.00e+00,1.84e+01,4.74e+01,
2801,0.00e+00,1.84e+01,4.74e+01,
2802,0.00e+00,2.00e+01,4.74e+01,
2803,0.00e+00,2.00e+01,4.74e+01,
2804,0.00e+00,2.00e+01,4.74e+01,
2805,0.00e+00,2.00e+01,4.74e+01,
2806,0.00e+00,2.08e+01,4.74e+01,
2807,0.00e+00,2.08e+01,4.78e+01,
2808,0.00e+00,2.08e+01,4.74e+01,
2809,0.00e+00,2.08e+01,4.78e+01,
2810,0.00e+00,2.24e+01,4.74e+01,
2811,0.00e+00,2.24e+01,4.74e+01,
2812,0.00e+00,2.24e+01,4.74e+01,
2813,0.00e+00,2.32e+01,4.74e+01,
2814,0.00e+00,2.32e+01,4.74e+01,
2815,0.00e+00,2.32e+01,4.74e+01,
2816,0.00e+00,2.32e+01,4.78e+01,
2817,0.00e+00,2.32e+01,4.74e+01,
2818,0.00e+00,2.48e+01,4.74e+01,
2819,0.00e+00,2.48e+01,4.74e+01,
2820,0.00e+00,2.48e+01,4.74e+01,
2821,0.00e+00,2.48e+01,4.74e+01,
2822,0.00e+00,2.56e+01,4.74e+01,
2823,0.00e+00,2.56e+01,4.74e+01,
2824,0.00e+00,2.56e+01,4.78e+01,
2825,0.00e+00,2.56e+01,4.74e+01,
2826,0.00e+00,2.56e+01,4.74e+01,
2827,0.00e+00,2.56e+01,4.74e+01,
2828,0.00e+00,2.72e+01,4.74e+01,
2829,0.00e+00,2.72e+01,4.74e+01,
2830,0.00e+00,2.72e+01,4.74e+01,
2831,0.00e+00,2.72e+01,4.74e+01,
2832,0.00e+00,2.72e+01,4.74e+01,
2833,0.00e+00,2.72e+01,4.74e+01,
2834,0.00e+00,2.72e+01,4.74e+01,
2835,0.00e+00,2.80e+01,4.74e+01,
2836,0.00e+00,2.80e+01,4.74e+01,
2837,0.00e+00,2.80e+01,4.74e+01,
2838,0.00e+00,2.80e+01,4.74e+01,
2839,0.00e+00,2.80e+01,4.74e+01,
2840,0.00e+00,2.80e+01,4.78e+01,
2841,0.00e+00,2.80e+01,4.74e+01,
2842,0.00e+00,2.80e+01,4.74e+01,
2843,0.00e+00,2.80e+01,4.74e+01,
2844,0.00e+00,2.80e+01,4.74e+01,
2845,0.00e+00,2.80e+01,4.74e+01,
2846,0.00e+00,2.80e+01,4.74e+01,
2847,0.00e+00,2.80e+01,4.74e+01,
2848,0.00e+00,2.80e+01,4.74e+01,
2849,0.00e+00,2.80e+01,4.74e+01,
2850,0.00e+00,2.80e+01,4.74e+01,
2851,0.00e+00,2.80e+01,4.74e+01,
2852,0.00e+00,2.80e+01,4.74e+01,
2853,0.00e+00,2.80e+01,4.74e+01,
2854,0.00e+00,2.80e+01,4.74e+01,
2855,0.00e+00,2.80e+01,4.74e+01,
2856,0.00e+00,2.80e+01,4.74e+01,
2857,0.00e+00,2.72e+01,4.74e+01,
2858,0.00e+00,2.72e+01,4.74e+01,
2859,0.00e+00,2.72e+01,4.74e+01,
2860,0.00e+00,2.72e+01,4.74e+01,
2861,0.00e+00,2.72e+01,4.74e+01,
2862,0.00e+00,2.72e+01,4.74e+01,
2863,0.00e+00,2.72e+01,4.74e+01,
2864,0.00e+00,2.72e+01,4.74e+01,
2865,0.00e+00,2.56e+01,4.74e+01,
2866,0.00e+00,2.56e+01,4.74e+01,
2867,-8.00e-03,2.56e+01,4.74e+01,
2868,0.00e+00,2.56e+01,4.74e+01,
2869,0.00e+00,2.56e+01,4.74e+01,
2870,0.00e+00,2.56e+01,4.74e+01,
2871,0.00e+00,2.48e+01,4.74e+01,
2872,0.00e+00,2.48e+01,4.74e+01,
2873,0.00e+00,2.48e+01,4.74e+01,
2874,0.00e+00,2.48e+01,4.74e+01,
2875,-8.00e-03,2.48e+01,4.74e+01,
2876,0.00e+00,2.32e+01,4.74e+01,
2877,0.00e+00,2.32e+01,4.74e+01,
2878,0.00e+00,2.32e+01,4.74e+01,
2879,-8.00e-03,2.32e+01,4.74e+01,
2880,0.00e+00,2.24e+01,4.74e+01,
2881,0.00e+00,2.24e+01,4.74e+01,
2882,-8.00e-03,2.24e+01,4.74e+01,
2883,0.00e+00,2.24e+01,4.74e+01,
2884,0.00e+00,2.08e+01,4.74e+01,
2885,0.00e+00,2.08e+01,4.74e+01,
2886,-8.00e-03,2.08e+01,4.74e+01,
2887,-8.00e-03,2.08e+01,4.74e+01,
2888,0.00e+00,2.00e+01,4.74e+01,
2889,0.00e+00,2.00e+01,4.74e+01,
2890,0.00e+00,2.00e+01,4.74e+01,
2891,-8.00e-03,2.00e+01,4.74e+01,
2892,0.00e+00,1.84e+01,4.74e+01,
2893,0.00e+00,1.84e+01,4.74e+01,
2894,0.00e+00,1.84e+01,4.74e+01,
2895,0.00e+00,1.84e+01,4.74e+01,
2896,0.00e+00,1.68e+01,4.74e+01,
2897,-8.00e-03,1.68e+01,4.74e+01,
2898,0.00e+00,1.68e+01,4.74e+01,
2899,0.00e+00,1.68e+01,4.74e+01,
2900,0.00e+00,1.68e+01,4.74e+01,
2901,0.00e+00,1.60e+01,4.74e+01,
2902,0.00e+00,1.60e+01,4.74e+01,
2903,0.00e+00,1.60e+01,4.74e+01,
2904,0.00e+00,1.60e+01,4.74e+01,
2905,0.00e+00,1.44e+01,4.74e+01,
2906,0.00e+00,1.44e+01,4.74e+01,
2907,-8.00e-03,1.44e+01,4.74e+01,
2908,0.00e+00,1.44e+01,4.74e+01,
2909,0.00e+00,1.36e+01,4.74e+01,
2910,0.00e+00,1.36e+01,4.74e+01,
2911,-8.00e-03,1.36e+01,4.74e+01,
2912,0.00e+00,1.36e+01,4.74e+01,
2913,0.00e+00,1.36e+01,4.74e+01,
2914,0.00e+00,1.36e+01,4.74e+01,
2915,0.00e+00,1.20e+01,4.74e+01,
2916,0.00e+00,1.20e+01,4.74e+01,
2917,0.00e+00,1.20e+01,4.74e+01,
2918,0.00e+00,1.20e+01,4.74e+01,
2919,0.00e+00,1.20e+01,4.74e+01,
2920,0.00e+00,1.20e+01,4.74e+01,
2921,0.00e+00,1.12e+01,4.74e+01,
2922,0.00e+00,1.12e+01,4.74e+01,
2923,0.00e+00,1.12e+01,4.74e+01,
2924,0.00e+00,1.12e+01,4.74e+01,
2925,0.00e+00,1.12e+01,4.72e+01,
2926,0.00e+00,1.12e+01,4.72e+01,
2927,0.00e+00,1.12e+01,4.74e+01,
2928,0.00e+00,9.60e+00,4.74e+01,
2929,0.00e+00,9.60e+00,4.74e+01,
2930,0.00e+00,9.60e+00,4.74e+01,
2931,0.00e+00,9.60e+00,4.74e+01,
2932,0.00e+00,9.60e+00,4.74e+01,
2933,0.00e+00,9.60e+00,4.74e+01,
2934,0.00e+00,9.60e+00,4.72e+01,
2935,0.00e+00,9.60e+00,4.74e+01,
2936,0.00e+00,9.60e+00,4.74e+01,
2937,0.00e+00,8.80e+00,4.74e+01,
2938,0.00e+00,9.60e+00,4.74e+01,
2939,0.00e+00,8.80e+00,4.74e+01,
2940,0.00e+00,8.80e+00,4.74e+01,
2941,0.00e+00,8.80e+00,4.72e+01,
2942,0.00e+00,8.80e+00,4.72e+01,
2943,0.00e+00,8.80e+00,4.72e+01,
2944,0.00e+00,8.80e+00,4.74e+01,
2945,0.00e+00,8.80e+00,4.74e+01,
2946,0.00e+00,8.80e+00,4.74e+01,
2947,0.00e+00,8.80e+00,4.72e+01,
2948,0.00e+00,8.80e+00,4.72e+01,
2949,0.00e+00,8.80e+00,4.72e+01,
2950,0.00e+00,8.80e+00,4.72e+01,
2951,0.00e+00,8.80e+00,4.72e+01,
2952,0.00e+00,8.80e+00,4.74e+01,
2953,0.00e+00,8.80e+00,4.74e+01,
2954,0.00e+00,8.80e+00,4.74e+01,
2955,0.00e+00,8.80e+00,4.72e+01,
2956,0.00e+00,8.80e+00,4.72e+01,
2957,0.00e+00,8.80e+00,4.74e+01,
2958,0.00e+00,8.80e+00,4.72e+01,
2959,0.00e+00,8.80e+00,4.72e+01,
2960,0.00e+00,8.80e+00,4.72e+01,
2961,0.00e+00,8.80e+00,4.74e+01,
2962,0.00e+00,8.80e+00,4.72e+01,
2963,0.00e+00,8.80e+00,4.72e+01,
2964,0.00e+00,8.80e+00,4.74e+01,
2965,0.00e+00,8.80e+00,4.72e+01,
2966,0.00e+00,8.80e+00,4.72e+01,
2967,0.00e+00,8.80e+00,4.72e+01,
2968,0.00e+00,8.80e+00,4.72e+01,
2969,0.00e+00,8.80e+00,4.72e+01,
2970,0.00e+00,8.80e+00,4.72e+01,
2971,0.00e+00,8.80e+00,4.72e+01,
2972,0.00e+00,8.80e+00,4.72e+01,
2973,0.00e+00,8.80e+00,4.72e+01,
2974,0.00e+00,8.80e+00,4.72e+01,
2975,0.00e+00,8.80e+00,4.72e+01,
2976,0.00e+00,8.80e+00,4.72e+01,
2977,0.00e+00,9.60e+00,4.72e+01,
2978,0.00e+00,9.60e+00,4.72e+01,
2979,0.00e+00,9.60e+00,4.72e+01,
2980,0.00e+00,9.60e+00,4.72e+01,
2981,0.00e+00,9.60e+00,4.72e+01,
2982,0.00e+00,9.60e+00,4.72e+01,
2983,0.00e+00,9.60e+00,4.72e+01,
2984,0.00e+00,9.60e+00,4.72e+01,
2985,0.00e+00,9.60e+00,4.72e+01,
2986,0.00e+00,1.12e+01,4.72e+01,
2987,0.00e+00,1.12e+01,4.72e+01,
2988,0.00e+00,1.12e+01,4.74e+01,
2989,0.00e+00,1.12e+01,4.72e+01,
2990,0.00e+00,1.12e+01,4.72e+01,
2991,0.00e+00,1.12e+01,4.72e+01,
2992,0.00e+00,1.12e+01,4.74e+01,
2993,0.00e+00,1.12e+01,4.72e+01,
2994,0.00e+00,1.20e+01,4.72e+01,
2995,0.00e+00,1.20e+01,4.72e+01,
2996,0.00e+00,1.20e+01,4.72e+01,
2997,0.00e+00,1.20e+01,4.72e+01,
2998,0.00e+00,1.20e+01,4.72e+01,
2999,0.00e+00,1.20e+01,4.72e+01,
3000,0.00e+00,1.36e+01,4.72e+01,
3001,0.00e+00,1.36e+01,4.72e+01,
3002,0.00e+00,1.36e+01,4.72e+01,
3003,0.00e+00,1.36e+01,4.72e+01,
3004,0.00e+00,1.36e+01,4.72e+01,
3005,0.00e+00,1.36e+01,4.72e+01,
3006,0.00e+00,1.44e+01,4.72e+01,
3007,0.00e+00,1.44e+01,4.72e+01,
3008,0.00e+00,1.44e+01,4.72e+01,
3009,0.00e+00,1.44e+01,4.72e+01,
3010,0.00e+00,1.60e+01,4.72e+01,
3011,0.00e+00,1.60e+01,4.72e+01,
3012,0.00e+00,1.60e+01,4.72e+01,
3013,0.00e+00,1.60e+01,4.72e+01,
3014,0.00e+00,1.60e+01,4.72e+01,
3015,0.00e+00,1.68e+01,4.72e+01,
3016,0.00e+00,1.68e+01,4.72e+01,
3017,0.00e+00,1.68e+01,4.72e+01,
3018,0.00e+00,1.68e+01,4.72e+01,
3019,2.40e-02,1.84e+01,4.72e+01,
3020,4.00e-02,1.84e+01,4.72e+01,
3021,6.40e-02,1.84e+01,4.72e+01,
3022,4.00e-02,1.84e+01,4.72e+01,
3023,2.40e-02,1.84e+01,4.72e+01,
3024,4.00e-02,2.00e+01,4.72e+01,
3025,4.00e-02,2.00e+01,4.72e+01,
3026,4.00e-02,2.00e+01,4.72e+01,
3027,4.00e-02,2.08e+01,4.72e+01,
3028,4.00e-02,2.08e+01,4.72e+01,
3029,4.00e-02,2.08e+01,4.72e+01,
3030,4.00e-02,2.08e+01,4.72e+01,
3031,1.60e-02,2.24e+01,4.72e+01,
3032,2.40e-02,2.24e+01,4.72e+01,
3033,1.44e-01,2.00e+01,4.72e+01,
3034,8.80e-02,1.20e+01,4.72e+01,
3035,4.80e-02,7.20e+00,4.72e+01,
3036,4.00e-02,4.80e+00,4.72e+01,
3037,-7.20e-02,3.20e+00,4.74e+01,
3038,-1.04e-01,2.40e+00,4.74e+01,
3039,-7.20e-02,2.40e+00,4.72e+01,
3040,4.00e-02,2.40e+00,4.72e+01,
3041,1.12e-01,8.00e-01,4.68e+01,
3042,1.20e-01,8.00e-01,4.68e+01,
3043,8.80e-02,-1.06e-04,4.68e+01,
3044,0.00e+00,-1.06e-04,4.72e+01,
3045,-7.20e-02,-1.60e+00,4.74e+01,
3046,-7.20e-02,-1.60e+00,4.72e+01,
3047,-8.00e-03,-1.60e+00,4.72e+01,
3048,7.20e-02,-1.60e+00,4.68e+01,
3049,1.12e-01,-1.60e+00,4.68e+01,
3050,8.80e-02,-1.60e+00,4.68e+01,
3051,2.40e-02,-1.60e+00,4.72e+01,
3052,-4.80e-02,-1.60e+00,4.74e+01,
3053,-7.20e-02,-1.60e+00,4.72e+01,
3054,-2.40e-02,-1.60e+00,4.72e+01,
3055,4.80e-02,-1.60e+00,4.72e+01,
3056,8.80e-02,-1.60e+00,4.72e+01,
3057,8.80e-02,-1.60e+00,4.68e+01,
3058,4.00e-02,-1.60e+00,4.72e+01,
3059,-2.40e-02,-1.60e+00,4.72e+01,
3060,-4.80e-02,-1.60e+00,4.72e+01,
3061,-3.20e-02,-1.60e+00,4.72e+01,
3062,2.40e-02,-1.60e+00,4.72e+01,
3063,6.40e-02,-1.60e+00,4.68e+01,
3064,7.20e-02,-1.60e+00,4.72e+01,
3065,4.80e-02,-1.60e+00,4.68e+01,
3066,0.00e+00,-1.60e+00,4.72e+01,
3067,-3.20e-02,-1.60e+00,4.72e+01,
3068,-2.40e-02,-1.60e+00,4.72e+01,
3069,1.60e-02,-1.60e+00,4.72e+01,
3070,4.80e-02,-1.60e+00,4.68e+01,
3071,6.40e-02,-1.60e+00,4.72e+01,
3072,4.80e-02,-1.60e+00,4.72e+01,
3073,1.60e-02,-1.60e+00,4.72e+01,
3074,-8.00e-03,-1.60e+00,4.72e+01,
3075,-2.40e-02,-1.60e+00,4.72e+01,
3076,0.00e+00,-1.60e+00,4.72e+01,
3077,4.00e-02,-1.60e+00,4.72e+01,
3078,6.40e-02,-1.60e+00,4.68e+01,
3079,4.80e-02,-1.60e+00,4.72e+01,
3080,2.40e-02,-1.60e+00,4.72e+01,
3081,0.00e+00,-1.60e+00,4.72e+01,
3082,-8.00e-03,-1.60e+00,4.72e+01,
3083,0.00e+00,-1.60e+00,4.72e+01,
3084,2.40e-02,-1.60e+00,4.72e+01,
3085,4.80e-02,-1.60e+00,4.72e+01,
3086,4.80e-02,-1.60e+00,4.68e+01,
3087,4.00e-02,-1.60e+00,4.72e+01,
3088,1.60e-02,-1.60e+00,4.72e+01,
3089,-8.00e-03,-1.60e+00,4.72e+01,
3090,0.00e+00,-1.60e+00,4.72e+01,
3091,1.60e-02,-1.60e+00,4.68e+01,
3092,4.00e-02,-1.60e+00,4.68e+01,
3093,4.80e-02,-1.60e+00,4.72e+01,
3094,4.00e-02,-1.60e+00,4.72e+01,
3095,1.60e-02,-1.60e+00,4.72e+01,
3096,0.00e+00,-1.60e+00,4.72e+01,
3097,0.00e+00,-1.60e+00,4.72e+01,
3098,1.60e-02,-1.60e+00,4.72e+01,
3099,2.40e-02,-1.60e+00,4.68e+01,
3100,4.00e-02,-1.60e+00,4.72e+01,
3101,4.00e-02,-1.60e+00,4.72e+01,
3102,2.40e-02,-1.60e+00,4.72e+01,
3103,1.60e-02,-1.60e+00,4.72e+01,
3104,0.00e+00,-1.60e+00,4.72e+01,
3105,1.60e-02,-1.60e+00,4.72e+01,
3106,2.40e-02,-1.60e+00,4.68e+01,
3107,4.00e-02,-1.60e+00,4.68e+01,
3108,4.00e-02,-1.60e+00,4.68e+01,
3109,2.40e-02,-1.60e+00,4.68e+01,
3110,1.60e-02,-1.60e+00,4.68e+01,
3111,0.00e+00,-1.60e+00,4.68e+01,
3112,1.60e-02,-1.60e+00,4.72e+01,
3113,2.40e-02,-1.60e+00,4.68e+01,
3114,4.00e-02,-1.60e+00,4.68e+01,
3115,4.00e-02,-1.60e+00,4.68e+01,
3116,2.40e-02,-1.60e+00,4.72e+01,
3117,2.40e-02,-1.60e+00,4.72e+01,
3118,1.60e-02,-1.60e+00,4.68e+01,
3119,1.60e-02,-1.60e+00,4.68e+01,
3120,2.40e-02,-1.60e+00,4.72e+01,
3121,4.00e-02,-1.60e+00,4.68e+01,
3122,4.00e-02,-1.60e+00,4.68e+01,
3123,4.00e-02,-1.60e+00,4.68e+01,
3124,2.40e-02,-1.60e+00,4.72e+01,
3125,1.60e-02,-1.60e+00,4.72e+01,
3126,1.60e-02,-1.60e+00,4.68e+01,
3127,1.60e-02,-1.60e+00,4.72e+01,
3128,2.40e-02,-1.60e+00,4.68e+01,
3129,4.00e-02,-1.60e+00,4.68e+01,
3130,4.00e-02,-1.60e+00,4.68e+01,
3131,2.40e-02,-1.60e+00,4.68e+01,
3132,2.40e-02,-1.60e+00,4.72e+01,
3133,1.60e-02,-1.60e+00,4.72e+01,
3134,1.60e-02,-1.60e+00,4.68e+01,
3135,2.40e-02,-1.60e+00,4.68e+01,
3136,4.00e-02,-1.60e+00,4.68e+01,
3137,4.00e-02,-1.60e+00,4.72e+01,
3138,2.40e-02,-1.60e+00,4.68e+01,
3139,2.40e-02,-1.60e+00,4.68e+01,
3140,2.40e-02,-1.60e+00,4.68e+01,
3141,2.40e-02,-1.60e+00,4.68e+01,
3142,2.40e-02,-1.60e+00,4.68e+01,
3143,2.40e-02,-1.60e+00,4.68e+01,
3144,4.00e-02,-1.60e+00,4.68e+01,
3145,4.00e-02,-1.60e+00,4.68e+01,
3146,2.40e-02,-1.60e+00,4.68e+01,
3147,2.40e-02,-1.60e+00,4.68e+01,
3148,2.40e-02,-1.60e+00,4.68e+01,
3149,2.40e-02,-1.60e+00,4.72e+01,
3150,2.40e-02,-1.60e+00,4.68e+01,
3151,4.00e-02,-1.60e+00,4.68e+01,
3152,4.00e-02,-1.60e+00,4.68e+01,
3153,2.40e-02,-1.60e+00,4.72e+01,
3154,2.40e-02,-1.60e+00,4.68e+01,
3155,2.40e-02,-1.60e+00,4.68e+01,
3156,2.40e-02,-1.60e+00,4.68e+01,
3157,2.40e-02,-1.60e+00,4.68e+01,
3158,4.00e-02,-1.60e+00,4.68e+01,
3159,4.00e-02,-1.60e+00,4.68e+01,
3160,4.00e-02,-1.60e+00,4.68e+01,
3161,2.40e-02,-1.60e+00,4.68e+01,
3162,2.40e-02,-1.60e+00,4.68e+01,
3163,2.40e-02,-1.60e+00,4.68e+01,
3164,4.00e-02,-1.60e+00,4.68e+01,
3165,4.00e-02,-1.60e+00,4.68e+01,
3166,4.00e-02,-1.60e+00,4.68e+01,
3167,4.00e-02,-1.60e+00,4.68e+01,
3168,4.00e-02,-1.60e+00,4.68e+01,
3169,2.40e-02,-1.60e+00,4.68e+01,
3170,2.40e-02,-1.60e+00,4.68e+01,
3171,4.00e-02,-1.60e+00,4.68e+01,
3172,4.00e-02,-1.60e+00,4.68e+01,
3173,4.00e-02,-1.60e+00,4.68e+01,
3174,4.00e-02,-1.60e+00,4.68e+01,
3175,4.00e-02,-1.60e+00,4.68e+01,
3176,4.00e-02,-1.60e+00,4.68e+01,
3177,4.00e-02,-1.60e+00,4.68e+01,
3178,4.00e-02,-1.60e+00,4.68e+01,
3179,4.00e-02,-1.60e+00,4.68e+01,
3180,4.00e-02,-1.60e+00,4.68e+01,
3181,4.00e-02,-1.60e+00,4.68e+01,
3182,4.00e-02,-1.60e+00,4.68e+01,
3183,4.00e-02,-1.60e+00,4.68e+01,
3184,4.00e-02,-1.60e+00,4.68e+01,
3185,4.00e-02,-1.60e+00,4.68e+01,
3186,4.00e-02,-1.60e+00,4.68e+01,
3187,4.00e-02,-1.60e+00,4.68e+01,
3188,4.00e-02,-1.60e+00,4.68e+01,
3189,4.00e-02,-1.60e+00,4.68e+01,
3190,4.00e-02,-1.60e+00,4.68e+01,
3191,4.00e-02,-1.60e+00,4.68e+01,
3192,4.00e-02,-1.60e+00,4.68e+01,
3193,4.00e-02,-1.60e+00,4.68e+01,
3194,4.00e-02,-1.60e+00,4.68e+01,
3195,4.00e-02,-1.60e+00,4.68e+01,
3196,4.00e-02,-1.60e+00,4.68e+01,
3197,4.00e-02,-1.60e+00,4.68e+01,
3198,4.00e-02,-1.60e+00,4.68e+01,
3199,4.00e-02,-1.60e+00,4.68e+01,
3200,4.00e-02,-1.60e+00,4.68e+01,
3201,4.00e-02,-1.60e+00,4.68e+01,
3202,4.00e-02,-1.60e+00,4.68e+01,
3203,4.00e-02,-1.60e+00,4.68e+01,
3204,4.00e-02,-1.60e+00,4.68e+01,
3205,4.00e-02,-1.60e+00,4.68e+01,
3206,4.00e-02,-1.60e+00,4.68e+01,
3207,4.00e-02,-1.60e+00,4.68e+01,
3208,4.00e-02,-1.60e+00,4.68e+01,
3209,4.00e-02,-1.60e+00,4.68e+01,
3210,4.00e-02,-1.60e+00,4.68e+01,
3211,4.00e-02,-1.60e+00,4.68e+01,
3212,4.00e-02,-1.60e+00,4.68e+01,
3213,4.00e-02,-1.60e+00,4.68e+01,
3214,4.00e-02,-1.60e+00,4.68e+01,
3215,4.00e-02,-1.60e+00,4.68e+01,
3216,4.00e-02,-1.60e+00,4.68e+01,
3217,4.00e-02,-1.60e+00,4.68e+01,
3218,4.00e-02,-1.60e+00,4.68e+01,
3219,4.00e-02,-1.60e+00,4.68e+01,
3220,4.00e-02,-1.60e+00,4.68e+01,
3221,4.00e-02,-1.60e+00,4.68e+01,
3222,4.00e-02,-1.60e+00,4.68e+01,
3223,4.00e-02,-1.60e+00,4.68e+01,
3224,4.80e-02,-1.60e+00,4.68e+01,
3225,4.00e-02,-1.60e+00,4.68e+01,
3226,4.00e-02,-1.60e+00,4.68e+01,
3227,4.00e-02,-1.60e+00,4.68e+01,
3228,4.00e-02,-1.60e+00,4.68e+01,
3229,4.00e-02,-1.60e+00,4.68e+01,
3230,4.00e-02,-1.60e+00,4.66e+01,
3231,4.00e-02,-1.60e+00,4.68e+01,
3232,4.80e-02,-1.60e+00,4.68e+01,
3233,4.80e-02,-1.60e+00,4.68e+01,
3234,4.80e-02,-1.60e+00,4.68e+01,
3235,4.00e-02,-1.60e+00,4.68e+01,
3236,4.80e-02,-1.60e+00,4.68e+01,
3237,4.80e-02,-1.60e+00,4.68e+01,
3238,4.80e-02,-1.60e+00,4.68e+01,
3239,4.00e-02,-1.60e+00,4.68e+01,
3240,4.80e-02,-1.60e+00,4.68e+01,
3241,4.80e-02,-1.60e+00,4.68e+01,
3242,4.80e-02,-1.60e+00,4.68e+01,
3243,4.00e-02,-1.60e+00,4.68e+01,
3244,4.80e-02,-1.60e+00,4.68e+01,
3245,4.80e-02,-1.60e+00,4.68e+01,
3246,4.80e-02,-1.60e+00,4.68e+01,
3247,4.00e-02,-1.60e+00,4.68e+01,
3248,4.80e-02,-1.60e+00,4.68e+01,
3249,4.80e-02,-1.60e+00,4.68e+01,
3250,4.80e-02,-1.60e+00,4.68e+01,
3251,4.80e-02,-1.60e+00,4.68e+01,
3252,4.80e-02,-1.60e+00,4.68e+01,
3253,4.80e-02,-1.60e+00,4.68e+01,
3254,4.80e-02,-1.60e+00,4.68e+01,
3255,4.80e-02,-1.60e+00,4.68e+01,
3256,4.80e-02,-1.60e+00,4.68e+01,
3257,4.80e-02,-1.60e+00,4.68e+01,
3258,4.80e-02,-1.60e+00,4.68e+01,
3259,4.80e-02,-1.60e+00,4.68e+01,
3260,4.80e-02,-1.60e+00,4.68e+01,
3261,4.80e-02,-1.60e+00,4.68e+01,
3262,4.80e-02,-1.60e+00,4.66e+01,
3263,4.80e-02,-1.60e+00,4.68e+01,
3264,4.80e-02,-1.60e+00,4.68e+01,
3265,4.80e-02,-1.60e+00,4.68e+01,
3266,4.80e-02,-1.60e+00,4.68e+01,
3267,4.80e-02,-1.60e+00,4.68e+01,
3268,4.80e-02,-1.60e+00,4.68e+01,
3269,4.80e-02,-1.60e+00,4.66e+01,
3270,4.80e-02,-1.60e+00,4.68e+01,
3271,4.80e-02,-1.60e+00,4.66e+01,
3272,4.80e-02,-1.60e+00,4.68e+01,
3273,4.80e-02,-1.60e+00,4.68e+01,
3274,4.80e-02,-1.60e+00,4.68e+01,
3275,4.80e-02,-1.60e+00,4.68e+01,
3276,4.80e-02,-1.60e+00,4.68e+01,
3277,4.80e-02,-1.60e+00,4.68e+01,
3278,4.80e-02,-1.60e+00,4.68e+01,
3279,4.80e-02,-1.60e+00,4.68e+01,
3280,4.80e-02,-1.60e+00,4.68e+01,
3281,4.80e-02,-1.60e+00,4.68e+01,
3282,4.80e-02,-1.60e+00,4.66e+01,
3283,4.80e-02,-1.60e+00,4.66e+01,
3284,4.80e-02,-1.60e+00,4.68e+01,
3285,4.80e-02,-1.60e+00,4.68e+01,
3286,4.80e-02,-1.60e+00,4.66e+01,
3287,4.80e-02,-1.60e+00,4.66e+01,
3288,4.80e-02,-1.60e+00,4.68e+01,
3289,4.80e-02,-1.60e+00,4.66e+01,
3290,4.80e-02,-1.60e+00,4.68e+01,
3291,4.80e-02,-1.60e+00,4.66e+01,
3292,6.40e-02,-1.60e+00,4.68e+01,
3293,4.80e-02,-1.60e+00,4.68e+01,
3294,4.80e-02,-1.60e+00,4.68e+01,
3295,4.80e-02,-1.60e+00,4.66e+01,
3296,6.40e-02,-1.60e+00,4.68e+01,
3297,6.40e-02,-1.60e+00,4.68e+01,
3298,4.80e-02,-1.60e+00,4.66e+01,
3299,4.80e-02,-1.60e+00,4.66e+01,
3300,6.40e-02,-1.60e+00,4.66e+01,
3301,4.80e-02,-1.60e+00,4.68e+01,
3302,4.80e-02,-1.60e+00,4.68e+01,
3303,4.80e-02,-1.60e+00,4.66e+01,
3304,6.40e-02,-1.60e+00,4.66e+01,
3305,6.40e-02,-1.60e+00,4.68e+01,
3306,4.80e-02,-1.60e+00,4.68e+01,
3307,4.80e-02,-1.60e+00,4.66e+01,
3308,6.40e-02,-1.60e+00,4.66e+01,
3309,6.40e-02,-1.60e+00,4.68e+01,
3310,6.40e-02,-1.60e+00,4.66e+01,
3311,6.40e-02,-1.60e+00,4.66e+01,
3312,6.40e-02,-1.60e+00,4.68e+01,
3313,6.40e-02,-1.60e+00,4.66e+01,
3314,6.40e-02,-1.60e+00,4.68e+01,
3315,6.40e-02,-1.60e+00,4.66e+01,
3316,6.40e-02,-1.60e+00,4.66e+01,
3317,6.40e-02,-1.60e+00,4.68e+01,
3318,6.40e-02,-1.60e+00,4.66e+01,
3319,6.40e-02,-1.60e+00,4.66e+01,
3320,6.40e-02,-1.60e+00,4.66e+01,
3321,6.40e-02,-1.60e+00,4.66e+01,
3322,6.40e-02,-1.60e+00,4.66e+01,
3323,6.40e-02,-1.60e+00,4.68e+01,
3324,6.40e-02,-1.60e+00,4.66e+01,
3325,6.40e-02,-1.60e+00,4.66e+01,
3326,6.40e-02,-1.60e+00,4.66e+01,
3327,6.40e-02,-1.60e+00,4.66e+01,
3328,6.40e-02,-1.60e+00,4.68e+01,
3329,6.40e-02,-1.60e+00,4.66e+01,
3330,6.40e-02,-1.60e+00,4.66e+01,
3331,6.40e-02,-1.60e+00,4.66e+01,
3332,6.40e-02,-1.60e+00,4.66e+01,
3333,6.40e-02,-1.60e+00,4.66e+01,
3334,6.40e-02,-1.60e+00,4.66e+01,
3335,6.40e-02,-1.60e+00,4.66e+01,
3336,6.40e-02,-1.60e+00,4.66e+01,
3337,6.40e-02,-1.60e+00,4.68e+01,
3338,6.40e-02,-1.60e+00,4.66e+01,
3339,6.40e-02,-1.60e+00,4.66e+01,
3340,6.40e-02,-1.60e+00,4.66e+01,
3341,6.40e-02,-1.60e+00,4.66e+01,
3342,6.40e-02,-1.60e+00,4.66e+01,
3343,6.40e-02,-1.60e+00,4.66e+01,
3344,6.40e-02,-1.60e+00,4.66e+01,
3345,6.40e-02,-1.60e+00,4.66e+01,
3346,6.40e-02,-1.60e+00,4.66e+01,
3347,6.40e-02,-1.60e+00,4.66e+01,
3348,6.40e-02,-1.60e+00,4.66e+01,
3349,6.40e-02,-1.60e+00,4.66e+01,
3350,6.40e-02,-1.60e+00,4.66e+01,
3351,6.40e-02,-1.60e+00,4.66e+01,
3352,6.40e-02,-1.60e+00,4.66e+01,
3353,6.40e-02,-1.60e+00,4.66e+01,
3354,6.40e-02,-1.60e+00,4.66e+01,
3355,6.40e-02,-1.60e+00,4.66e+01,
3356,6.40e-02,-1.60e+00,4.66e+01,
3357,6.40e-02,-1.60e+00,4.66e+01,
3358,6.40e-02,-1.60e+00,4.66e+01,
3359,6.40e-02,-1.60e+00,4.66e+01,
3360,6.40e-02,-1.60e+00,4.66e+01,
3361,6.40e-02,-1.60e+00,4.66e+01,
3362,7.20e-02,-1.60e+00,4.66e+01,
3363,6.40e-02,-1.60e+00,4.66e+01,
3364,6.40e-02,-1.60e+00,4.66e+01,
3365,6.40e-02,-1.60e+00,4.66e+01,
3366,6.40e-02,-1.60e+00,4.66e+01,
3367,6.40e-02,-1.60e+00,4.66e+01,
3368,7.20e-02,-1.60e+00,4.66e+01,
3369,6.40e-02,-1.60e+00,4.66e+01,
3370,7.20e-02,-1.60e+00,4.66e+01,
3371,6.40e-02,-1.60e+00,4.66e+01,
3372,7.20e-02,-1.60e+00,4.66e+01,
3373,7.20e-02,-1.60e+00,4.66e+01,
3374,6.40e-02,-1.60e+00,4.66e+01,
3375,6.40e-02,-1.60e+00,4.66e+01,
3376,7.20e-02,-1.60e+00,4.66e+01,
3377,7.20e-02,-1.60e+00,4.66e+01,
3378,7.20e-02,-1.60e+00,4.66e+01,
3379,7.20e-02,-1.60e+00,4.66e+01,
3380,7.20e-02,-1.60e+00,4.66e+01,
3381,7.20e-02,-1.60e+00,4.66e+01,
3382,7.20e-02,-1.60e+00,4.66e+01,
3383,7.20e-02,-1.60e+00,4.66e+01,
3384,7.20e-02,-1.60e+00,4.66e+01,
3385,7.20e-02,-1.60e+00,4.66e+01,
3386,7.20e-02,-1.60e+00,4.66e+01,
3387,7.20e-02,-1.60e+00,4.66e+01,
3388,7.20e-02,-1.60e+00,4.66e+01,
3389,7.20e-02,-1.60e+00,4.66e+01,
3390,7.20e-02,-1.60e+00,4.66e+01,
3391,7.20e-02,-1.60e+00,4.66e+01,
3392,7.20e-02,-1.60e+00,4.66e+01,
3393,7.20e-02,-1.60e+00,4.66e+01,
3394,7.20e-02,-1.60e+00,4.66e+01,
3395,7.20e-02,-1.60e+00,4.66e+01,
3396,7.20e-02,-1.60e+00,4.66e+01,
3397,7.20e-02,-1.60e+00,4.66e+01,
3398,7.20e-02,-1.60e+00,4.66e+01,
3399,7.20e-02,-1.60e+00,4.66e+01,
3400,7.20e-02,-1.60e+00,4.66e+01,
3401,7.20e-02,-1.60e+00,4.66e+01,
3402,7.20e-02,-1.60e+00,4.66e+01,
3403,7.20e-02,-1.60e+00,4.66e+01,
3404,7.20e-02,-1.60e+00,4.66e+01,
3405,7.20e-02,-1.60e+00,4.66e+01,
3406,7.20e-02,-1.60e+00,4.66e+01,
3407,7.20e-02,-1.60e+00,4.66e+01,
3408,7.20e-02,-1.60e+00,4.66e+01,
3409,7.20e-02,-1.60e+00,4.66e+01,
3410,7.20e-02,-1.60e+00,4.66e+01,
3411,7.20e-02,-1.60e+00,4.66e+01,
3412,7.20e-02,-1.60e+00,4.66e+01,
3413,7.20e-02,-1.60e+00,4.66e+01,
3414,7.20e-02,-1.60e+00,4.62e+01,
3415,7.20e-02,-1.60e+00,4.66e+01,
3416,7.20e-02,-1.60e+00,4.66e+01,
3417,7.20e-02,-1.60e+00,4.66e+01,
3418,7.20e-02,-1.60e+00,4.66e+01,
3419,7.20e-02,-1.60e+00,4.66e+01,
3420,7.20e-02,-1.60e+00,4.66e+01,
3421,7.20e-02,-1.60e+00,4.66e+01,
3422,7.20e-02,-1.60e+00,4.66e+01,
3423,7.20e-02,-1.60e+00,4.66e+01,
3424,7.20e-02,-1.60e+00,4.66e+01,
3425,7.20e-02,-1.60e+00,4.66e+01,
3426,7.20e-02,-1.60e+00,4.62e+01,
3427,7.20e-02,-1.60e+00,4.66e+01,
3428,7.20e-02,-1.60e+00,4.66e+01,
3429,7.20e-02,-1.60e+00,4.66e+01,
3430,7.20e-02,-1.60e+00,4.66e+01,
3431,7.20e-02,-1.60e+00,4.66e+01,
3432,7.20e-02,-1.60e+00,4.66e+01,
3433,8.80e-02,-1.60e+00,4.66e+01,
3434,7.20e-02,-1.60e+00,4.62e+01,
3435,7.20e-02,-1.60e+00,4.62e+01,
3436,7.20e-02,-1.60e+00,4.66e+01,
3437,8.80e-02,-1.60e+00,4.66e+01,
3438,7.20e-02,-1.60e+00,4.62e+01,
3439,7.20e-02,-1.60e+00,4.66e+01,
3440,8.80e-02,-1.60e+00,4.66e+01,
3441,8.80e-02,-1.60e+00,4.62e+01,
3442,8.80e-02,-1.60e+00,4.66e+01,
3443,7.20e-02,-1.60e+00,4.66e+01,
3444,8.80e-02,-1.60e+00,4.66e+01,
3445,8.80e-02,-1.60e+00,4.62e+01,
3446,7.20e-02,-1.60e+00,4.66e+01,
3447,7.20e-02,-1.60e+00,4.62e+01,
3448,7.20e-02,-1.60e+00,4.66e+01,
3449,8.80e-02,-1.60e+00,4.66e+01,
3450,8.80e-02,-1.60e+00,4.66e+01,
3451,8.80e-02,-1.60e+00,4.62e+01,
3452,8.80e-02,-1.60e+00,4.66e+01,
3453,8.80e-02,-1.60e+00,4.62e+01,
3454,8.80e-02,-1.60e+00,4.62e+01,
3455,8.80e-02,-1.60e+00,4.62e+01,
3456,8.80e-02,-1.60e+00,4.66e+01,
3457,8.80e-02,-1.60e+00,4.66e+01,
3458,8.80e-02,-1.60e+00,4.62e+01,
3459,8.80e-02,-1.60e+00,4.62e+01,
3460,8.80e-02,-1.60e+00,4.62e+01,
3461,8.80e-02,-1.60e+00,4.66e+01,
3462,8.80e-02,-1.60e+00,4.62e+01,
3463,8.80e-02,-1.60e+00,4.62e+01,
3464,8.80e-02,-1.60e+00,4.66e+01,
3465,8.80e-02,-1.60e+00,4.66e+01,
3466,8.80e-02,-1.60e+00,4.66e+01,
3467,8.80e-02,-1.60e+00,4.62e+01,
3468,8.80e-02,-1.60e+00,4.66e+01,
3469,8.80e-02,-1.60e+00,4.66e+01,
3470,8.80e-02,-1.60e+00,4.62e+01,
3471,8.80e-02,-1.60e+00,4.62e+01,
3472,8.80e-02,-1.60e+00,4.62e+01,
3473,8.80e-02,-1.60e+00,4.62e+01,
3474,8.80e-02,-1.60e+00,4.66e+01,
3475,8.80e-02,-1.60e+00,4.62e+01,
3476,8.80e-02,-1.60e+00,4.66e+01,
3477,8.80e-02,-1.60e+00,4.66e+01,
3478,8.80e-02,-1.60e+00,4.62e+01,
3479,8.80e-02,-1.60e+00,4.62e+01,
3480,8.80e-02,-1.60e+00,4.62e+01,
3481,8.80e-02,-1.60e+00,4.66e+01,
3482,8.80e-02,-1.60e+00,4.62e+01,
3483,8.80e-02,-1.60e+00,4.62e+01,
3484,8.80e-02,-1.60e+00,4.66e+01,
3485,8.80e-02,-1.60e+00,4.66e+01,
3486,8.80e-02,-1.60e+00,4.62e+01,
3487,8.80e-02,-1.60e+00,4.62e+01,
3488,8.80e-02,-1.60e+00,4.66e+01,
3489,8.80e-02,-1.60e+00,4.66e+01,
3490,8.80e-02,-1.60e+00,4.62e+01,
3491,8.80e-02,-1.60e+00,4.62e+01,
3492,8.80e-02,-1.60e+00,4.62e+01,
3493,8.80e-02,-1.60e+00,4.66e+01,
3494,8.80e-02,-1.60e+00,4.62e+01,
3495,8.80e-02,-1.60e+00,4.62e+01,
3496,8.80e-02,-1.60e+00,4.66e+01,
3497,8.80e-02,-1.60e+00,4.62e+01,
3498,8.80e-02,-1.60e+00,4.62e+01,
3499,8.80e-02,-1.60e+00,4.62e+01,
3500,9.60e-02,-1.60e+00,4.62e+01,
3501,8.80e-02,-1.60e+00,4.66e+01,
3502,8.80e-02,-1.60e+00,4.62e+01,
3503,8.80e-02,-1.60e+00,4.62e+01,
3504,8.80e-02,-1.60e+00,4.62e+01,
3505,9.60e-02,-1.60e+00,4.62e+01,
3506,9.60e-02,-1.60e+00,4.62e+01,
3507,8.80e-02,-1.60e+00,4.62e+01,
3508,9.60e-02,-1.60e+00,4.62e+01,
3509,8.80e-02,-1.60e+00,4.62e+01,
3510,9.60e-02,-1.60e+00,4.62e+01,
3511,8.80e-02,-1.60e+00,4.62e+01,
3512,9.60e-02,-1.60e+00,4.62e+01,
3513,9.60e-02,-1.60e+00,4.62e+01,
3514,9.60e-02,-1.60e+00,4.62e+01,
3515,8.80e-02,-1.60e+00,4.62e+01,
3516,9.60e-02,-1.60e+00,4.62e+01,
3517,9.60e-02,-1.60e+00,4.62e+01,
3518,9.60e-02,-1.60e+00,4.62e+01,
3519,8.80e-02,-1.60e+00,4.62e+01,
3520,9.60e-02,-1.60e+00,4.62e+01,
3521,9.60e-02,-1.60e+00,4.62e+01,
3522,9.60e-02,-1.60e+00,4.62e+01,
3523,9.60e-02,-1.60e+00,4.62e+01,
3524,9.60e-02,-1.60e+00,4.62e+01,
3525,9.60e-02,-1.60e+00,4.62e+01,
3526,9.60e-02,-1.60e+00,4.62e+01,
3527,9.60e-02,-1.60e+00,4.62e+01,
3528,9.60e-02,-1.60e+00,4.62e+01,
3529,9.60e-02,-1.60e+00,4.62e+01,
3530,9.60e-02,-1.60e+00,4.62e+01,
3531,9.60e-02,-1.60e+00,4.62e+01,
3532,9.60e-02,-1.60e+00,4.62e+01,
3533,9.60e-02,-1.60e+00,4.62e+01,
3534,9.60e-02,-1.60e+00,4.62e+01,
3535,9.60e-02,-1.60e+00,4.62e+01,
3536,9.60e-02,-1.60e+00,4.62e+01,
3537,9.60e-02,-1.60e+00,4.62e+01,
3538,9.60e-02,-1.60e+00,4.62e+01,
3539,9.60e-02,-1.60e+00,4.62e+01,
3540,9.60e-02,-1.60e+00,4.62e+01,
3541,9.60e-02,-1.60e+00,4.62e+01,
3542,9.60e-02,-1.60e+00,4.62e+01,
3543,9.60e-02,-1.60e+00,4.62e+01,
3544,9.60e-02,-1.60e+00,4.62e+01,
3545,9.60e-02,-1.60e+00,4.62e+01,
3546,9.60e-02,-1.60e+00,4.62e+01,
3547,9.60e-02,-1.60e+00,4.62e+01,
3548,9.60e-02,-1.60e+00,4.62e+01,
3549,9.60e-02,-1.60e+00,4.62e+01,
3550,9.60e-02,-1.60e+00,4.62e+01,
3551,9.60e-02,-1.60e+00,4.62e+01,
3552,9.60e-02,-1.60e+00,4.62e+01,
3553,9.60e-02,-1.60e+00,4.62e+01,
3554,9.60e-02,-1.60e+00,4.62e+01,
3555,9.60e-02,-1.60e+00,4.62e+01,
3556,9.60e-02,-1.60e+00,4.62e+01,
3557,9.60e-02,-1.60e+00,4.62e+01,
3558,9.60e-02,-1.60e+00,4.62e+01,
3559,9.60e-02,-1.60e+00,4.62e+01,
3560,9.60e-02,-1.60e+00,4.62e+01,
3561,9.60e-02,-1.60e+00,4.62e+01,
3562,9.60e-02,-1.60e+00,4.62e+01,
3563,9.60e-02,-1.60e+00,4.62e+01,
3564,9.60e-02,-1.60e+00,4.62e+01,
3565,9.60e-02,-1.60e+00,4.62e+01,
3566,9.60e-02,-1.60e+00,4.62e+01,
3567,9.60e-02,-1.60e+00,4.62e+01,
3568,9.60e-02,-1.60e+00,4.62e+01,
3569,9.60e-02,-1.60e+00,4.62e+01,
3570,9.60e-02,-1.60e+00,4.62e+01,
3571,1.12e-01,-1.60e+00,4.62e+01,
3572,1.12e-01,-1.60e+00,4.62e+01,
3573,9.60e-02,-1.60e+00,4.62e+01,
3574,9.60e-02,-1.60e+00,4.62e+01,
3575,9.60e-02,-1.60e+00,4.62e+01,
3576,9.60e-02,-1.60e+00,4.62e+01,
3577,1.12e-01,-1.60e+00,4.62e+01,
3578,1.12e-01,-1.60e+00,4.62e+01,
3579,9.60e-02,-1.60e+00,4.62e+01,
3580,1.12e-01,-1.60e+00,4.62e+01,
3581,1.12e-01,-1.60e+00,4.62e+01,
3582,1.12e-01,-1.60e+00,4.62e+01,
3583,1.12e-01,-1.60e+00,4.62e+01,
3584,1.12e-01,-1.60e+00,4.62e+01,
3585,1.12e-01,-1.60e+00,4.62e+01,
3586,1.12e-01,-1.60e+00,4.62e+01,
3587,1.12e-01,-1.60e+00,4.62e+01,
3588,1.12e-01,-1.60e+00,4.62e+01,
3589,1.12e-01,-1.60e+00,4.62e+01,
3590,1.12e-01,-1.60e+00,4.62e+01,
3591,1.12e-01,-1.60e+00,4.62e+01,
3592,1.12e-01,-1.60e+00,4.62e+01,
3593,1.12e-01,-1.60e+00,4.62e+01,
3594,1.12e-01,-1.60e+00,4.62e+01,
3595,1.12e-01,-1.60e+00,4.62e+01,
3596,1.12e-01,-1.60e+00,4.62e+01,
3597,1.12e-01,-1.60e+00,4.62e+01,
3598,1.12e-01,-1.60e+00,4.62e+01,
3599,1.12e-01,-1.60e+00,4.62e+01,
3600,1.12e-01,-1.60e+00,4.62e+01,
3601,1.12e-01,-1.60e+00,4.62e+01,
3602,1.12e-01,-1.60e+00,4.60e+01,
3603,1.12e-01,-1.60e+00,4.60e+01,
3604,1.12e-01,-1.60e+00,4.62e+01,
3605,1.12e-01,-1.60e+00,4.60e+01,
3606,1.12e-01,-1.60e+00,4.62e+01,
3607,1.12e-01,-1.60e+00,4.62e+01,
3608,1.12e-01,-1.60e+00,4.62e+01,
3609,1.12e-01,-1.60e+00,4.62e+01,
3610,1.12e-01,-1.60e+00,4.62e+01,
3611,1.12e-01,-1.60e+00,4.60e+01,
3612,1.12e-01,-1.60e+00,4.62e+01,
3613,1.12e-01,-1.60e+00,4.62e+01,
3614,1.12e-01,-1.60e+00,4.60e+01,
3615,1.12e-01,-1.60e+00,4.60e+01,
3616,1.12e-01,-1.60e+00,4.62e+01,
3617,1.12e-01,-1.60e+00,4.62e+01,
3618,1.12e-01,-1.60e+00,4.60e+01,
3619,1.12e-01,-1.60e+00,4.62e+01,
3620,1.12e-01,-1.60e+00,4.62e+01,
3621,1.12e-01,-1.60e+00,4.60e+01,
3622,1.12e-01,-1.60e+00,4.62e+01,
3623,1.12e-01,-1.60e+00,4.62e+01,
3624,1.12e-01,-1.60e+00,4.62e+01,
3625,1.12e-01,-1.60e+00,4.62e+01,
3626,1.12e-01,-1.60e+00,4.60e+01,
3627,1.12e-01,-1.60e+00,4.62e+01,
3628,1.12e-01,-1.60e+00,4.62e+01,
3629,1.12e-01,-1.60e+00,4.62e+01,
3630,1.12e-01,-1.60e+00,4.60e+01,
3631,1.12e-01,-1.60e+00,4.60e+01,
3632,1.12e-01,-1.60e+00,4.62e+01,
3633,1.12e-01,-1.60e+00,4.60e+01,
3634,1.12e-01,-1.60e+00,4.60e+01,
3635,1.12e-01,-1.60e+00,4.62e+01,
3636,1.12e-01,-1.60e+00,4.62e+01,
3637,1.12e-01,-1.60e+00,4.62e+01,
3638,1.12e-01,-1.60e+00,4.60e+01,
3639,1.12e-01,-1.60e+00,4.62e+01,
3640,1.20e-01,-1.60e+00,4.60e+01,
3641,1.12e-01,-1.60e+00,4.62e+01,
3642,1.12e-01,-1.60e+00,4.60e+01,
3643,1.12e-01,-1.60e+00,4.60e+01,
3644,1.12e-01,-1.60e+00,4.62e+01,
3645,1.20e-01,-1.60e+00,4.60e+01,
3646,1.12e-01,-1.60e+00,4.60e+01,
3647,1.20e-01,-1.60e+00,4.62e+01,
3648,1.12e-01,-1.60e+00,4.62e+01,
3649,1.20e-01,-1.60e+00,4.60e+01,
3650,1.12e-01,-1.60e+00,4.60e+01,
3651,1.12e-01,-1.60e+00,4.60e+01,
3652,1.20e-01,-1.60e+00,4.62e+01,
3653,1.20e-01,-1.60e+00,4.62e+01,
3654,1.20e-01,-1.60e+00,4.60e+01,
3655,1.12e-01,-1.60e+00,4.60e+01,
3656,1.20e-01,-1.60e+00,4.60e+01,
3657,1.20e-01,-1.60e+00,4.60e+01,
3658,1.20e-01,-1.60e+00,4.60e+01,
3659,1.20e-01,-1.60e+00,4.60e+01,
3660,1.20e-01,-1.60e+00,4.60e+01,
3661,1.20e-01,-1.60e+00,4.60e+01,
3662,1.20e-01,-1.60e+00,4.60e+01,
3663,1.20e-01,-1.60e+00,4.60e+01,
3664,1.20e-01,-1.60e+00,4.62e+01,
3665,1.20e-01,-1.60e+00,4.60e+01,
3666,1.20e-01,-1.60e+00,4.60e+01,
3667,1.20e-01,-1.60e+00,4.60e+01,
3668,1.20e-01,-1.60e+00,4.60e+01,
3669,1.20e-01,-1.60e+00,4.62e+01,
3670,1.20e-01,-1.60e+00,4.60e+01,
3671,1.20e-01,-1.60e+00,4.60e+01,
3672,1.20e-01,-1.60e+00,4.60e+01,
3673,1.20e-01,-1.60e+00,4.60e+01,
3674,1.20e-01,-1.60e+00,4.60e+01,
3675,1.20e-01,-1.60e+00,4.60e+01,
3676,1.20e-01,-1.60e+00,4.60e+01,
3677,1.20e-01,-1.60e+00,4.60e+01,
3678,1.20e-01,-1.60e+00,4.60e+01,
3679,1.20e-01,-1.60e+00,4.60e+01,
3680,1.20e-01,-1.60e+00,4.60e+01,
3681,1.20e-01,-1.60e+00,4.60e+01,
3682,1.20e-01,-1.60e+00,4.60e+01,
3683,1.20e-01,-1.60e+00,4.60e+01,
3684,1.20e-01,-1.60e+00,4.60e+01,
3685,1.20e-01,-1.60e+00,4.60e+01,
3686,1.20e-01,-1.60e+00,4.60e+01,
3687,1.20e-01,-1.60e+00,4.60e+01,
3688,1.20e-01,-1.60e+00,4.60e+01,
3689,1.20e-01,-1.60e+00,4.60e+01,
3690,1.20e-01,-1.60e+00,4.60e+01,
3691,1.20e-01,-1.60e+00,4.60e+01,
3692,1.20e-01,-1.60e+00,4.60e+01,
3693,1.20e-01,-1.60e+00,4.60e+01,
3694,1.20e-01,-1.60e+00,4.60e+01,
3695,1.20e-01,-1.60e+00,4.60e+01,
3696,1.20e-01,-1.60e+00,4.60e+01,
3697,1.20e-01,-1.60e+00,4.60e+01,
3698,1.20e-01,-1.60e+00,4.60e+01,
3699,1.20e-01,-1.60e+00,4.60e+01,
3700,1.20e-01,-1.60e+00,4.60e+01,
3701,1.20e-01,-1.60e+00,4.60e+01,
3702,1.20e-01,-1.60e+00,4.60e+01,
3703,1.20e-01,-1.60e+00,4.60e+01,
3704,1.20e-01,-1.60e+00,4.60e+01,
3705,1.20e-01,-1.60e+00,4.60e+01,
3706,1.20e-01,-1.60e+00,4.60e+01,
3707,1.20e-01,-1.60e+00,4.60e+01,
3708,1.20e-01,-1.60e+00,4.60e+01,
3709,1.20e-01,-1.60e+00,4.60e+01,
3710,1.20e-01,-1.60e+00,4.60e+01,
3711,1.20e-01,-1.60e+00,4.60e+01,
3712,1.20e-01,-1.60e+00,4.60e+01,
3713,1.20e-01,-1.60e+00,4.60e+01,
3714,1.36e-01,-1.60e+00,4.60e+01,
3715,1.20e-01,-1.60e+00,4.60e+01,
3716,1.36e-01,-1.60e+00,4.60e+01,
3717,1.20e-01,-1.60e+00,4.60e+01,
3718,1.20e-01,-1.60e+00,4.60e+01,
3719,1.20e-01,-1.60e+00,4.60e+01,
3720,1.36e-01,-1.60e+00,4.60e+01,
3721,1.20e-01,-1.60e+00,4.60e+01,
3722,1.36e-01,-1.60e+00,4.60e+01,
3723,1.20e-01,-1.60e+00,4.60e+01,
3724,1.36e-01,-1.60e+00,4.60e+01,
3725,1.36e-01,-1.60e+00,4.60e+01,
3726,1.20e-01,-1.60e+00,4.60e+01,
3727,1.36e-01,-1.60e+00,4.60e+01,
3728,1.36e-01,-1.60e+00,4.60e+01,
3729,1.36e-01,-1.60e+00,4.60e+01,
3730,1.36e-01,-1.60e+00,4.60e+01,
3731,1.36e-01,-1.60e+00,4.60e+01,
3732,1.36e-01,-1.60e+00,4.60e+01,
3733,1.36e-01,-1.60e+00,4.60e+01,
3734,1.36e-01,-1.60e+00,4.60e+01,
3735,1.36e-01,-1.60e+00,4.60e+01,
3736,1.36e-01,-1.60e+00,4.60e+01,
3737,1.36e-01,-1.60e+00,4.60e+01,
3738,1.36e-01,-1.60e+00,4.60e+01,
3739,1.36e-01,-1.60e+00,4.60e+01,
3740,1.36e-01,-1.60e+00,4.60e+01,
3741,1.36e-01,-1.60e+00,4.60e+01,
3742,1.36e-01,-1.60e+00,4.60e+01,
3743,1.36e-01,-1.60e+00,4.60e+01,
3744,1.36e-01,-1.60e+00,4.60e+01,
3745,1.36e-01,-1.60e+00,4.60e+01,
3746,1.36e-01,-1.60e+00,4.60e+01,
3747,1.36e-01,-1.60e+00,4.60e+01,
3748,1.36e-01,-1.60e+00,4.60e+01,
3749,1.36e-01,-1.60e+00,4.60e+01,
3750,1.36e-01,-1.60e+00,4.60e+01,
3751,1.36e-01,-1.60e+00,4.60e+01,
3752,1.36e-01,-1.60e+00,4.60e+01,
3753,1.36e-01,-1.60e+00,4.60e+01,
3754,1.36e-01,-1.60e+00,4.60e+01,
3755,1.36e-01,-1.60e+00,4.60e+01,
3756,1.36e-01,-1.60e+00,4.60e+01,
3757,1.36e-01,-1.60e+00,4.60e+01,
3758,1.36e-01,-1.60e+00,4.60e+01,
3759,1.36e-01,-1.60e+00,4.60e+01,
3760,1.36e-01,-1.60e+00,4.60e+01,
3761,1.36e-01,-1.60e+00,4.60e+01,
3762,1.36e-01,-1.60e+00,4.60e+01,
3763,1.36e-01,-1.60e+00,4.60e+01,
3764,1.36e-01,-1.60e+00,4.60e+01,
3765,1.36e-01,-1.60e+00,4.60e+01,
3766,1.36e-01,-1.60e+00,4.60e+01,
3767,1.36e-01,-1.60e+00,4.60e+01,
3768,1.36e-01,-1.60e+00,4.60e+01,
3769,1.36e-01,-1.60e+00,4.60e+01,
3770,1.36e-01,-1.60e+00,4.60e+01,
3771,1.36e-01,-1.60e+00,4.60e+01,
3772,1.36e-01,-1.60e+00,4.60e+01,
3773,1.36e-01,-1.60e+00,4.60e+01,
3774,1.36e-01,-1.60e+00,4.60e+01,
3775,1.36e-01,-1.60e+00,4.60e+01,
3776,1.36e-01,-1.60e+00,4.60e+01,
3777,1.36e-01,-1.60e+00,4.60e+01,
3778,1.36e-01,-1.60e+00,4.60e+01,
3779,1.36e-01,-1.60e+00,4.60e+01,
3780,1.36e-01,-1.60e+00,4.60e+01,
3781,1.36e-01,-1.60e+00,4.60e+01,
3782,1.36e-01,-1.60e+00,4.60e+01,
3783,1.44e-01,-1.60e+00,4.60e+01,
3784,1.44e-01,-1.60e+00,4.60e+01,
3785,1.36e-01,-1.60e+00,4.60e+01,
3786,1.36e-01,-1.60e+00,4.60e+01,
3787,1.36e-01,-1.60e+00,4.60e+01,
3788,1.44e-01,-1.60e+00,4.60e+01,
3789,1.44e-01,-1.60e+00,4.60e+01,
3790,1.36e-01,-1.60e+00,4.60e+01,
3791,1.44e-01,-1.60e+00,4.60e+01,
3792,1.44e-01,-1.60e+00,4.60e+01,
3793,1.44e-01,-1.60e+00,4.60e+01,
3794,1.44e-01,-1.60e+00,4.60e+01,
3795,1.44e-01,-1.60e+00,4.60e+01,
3796,1.44e-01,-1.60e+00,4.60e+01,
3797,1.44e-01,-1.60e+00,4.60e+01,
3798,1.44e-01,-1.60e+00,4.60e+01,
3799,1.44e-01,-1.60e+00,4.60e+01,
3800,1.44e-01,-1.60e+00,4.60e+01,
3801,1.44e-01,-1.60e+00,4.60e+01,
3802,1.44e-01,-1.60e+00,4.60e+01,
3803,1.44e-01,-1.60e+00,4.60e+01,
3804,1.44e-01,-1.60e+00,4.60e+01,
3805,1.44e-01,-1.60e+00,4.60e+01,
3806,1.44e-01,-1.60e+00,4.56e+01,
3807,1.44e-01,-1.60e+00,4.60e+01,
3808,1.44e-01,-1.60e+00,4.60e+01,
3809,1.44e-01,-1.60e+00,4.60e+01,
3810,1.44e-01,-1.60e+00,4.56e+01,
3811,1.44e-01,-1.60e+00,4.60e+01,
3812,1.44e-01,-1.60e+00,4.60e+01,
3813,1.44e-01,-1.60e+00,4.60e+01,
3814,1.44e-01,-1.60e+00,4.56e+01,
3815,1.44e-01,-1.60e+00,4.56e+01,
3816,1.44e-01,-1.60e+00,4.60e+01,
3817,1.44e-01,-1.60e+00,4.56e+01,
3818,1.44e-01,-1.60e+00,4.60e+01,
3819,1.44e-01,-1.60e+00,4.56e+01,
3820,1.44e-01,-1.60e+00,4.60e+01,
3821,1.44e-01,-1.60e+00,4.60e+01,
3822,1.44e-01,-1.60e+00,4.60e+01,
3823,1.44e-01,-1.60e+00,4.56e+01,
3824,1.44e-01,-1.60e+00,4.56e+01,
3825,1.44e-01,-1.60e+00,4.60e+01,
3826,1.44e-01,-1.60e+00,4.56e+01,
3827,1.44e-01,-1.60e+00,4.56e+01,
3828,1.44e-01,-1.60e+00,4.56e+01,
3829,1.44e-01,-1.60e+00,4.56e+01,
3830,1.44e-01,-1.60e+00,4.56e+01,
3831,1.44e-01,-1.60e+00,4.56e+01,
3832,1.44e-01,-1.60e+00,4.60e+01,
3833,1.44e-01,-1.60e+00,4.56e+01,
3834,1.44e-01,-1.60e+00,4.60e+01,
3835,1.44e-01,-1.60e+00,4.56e+01,
3836,1.44e-01,-1.60e+00,4.60e+01,
3837,1.44e-01,-1.60e+00,4.60e+01,
3838,1.44e-01,-1.60e+00,4.56e+01,
3839,1.44e-01,-1.60e+00,4.56e+01,
3840,1.44e-01,-1.60e+00,4.56e+01,
3841,1.60e-01,-1.60e+00,4.60e+01,
3842,1.44e-01,-1.60e+00,4.56e+01,
3843,1.44e-01,-1.60e+00,4.56e+01,
3844,1.44e-01,-1.60e+00,4.60e+01,
3845,1.44e-01,-1.60e+00,4.56e+01,
3846,1.44e-01,-1.60e+00,4.56e+01,
3847,1.44e-01,-1.60e+00,4.56e+01,
3848,1.44e-01,-1.60e+00,4.56e+01,
3849,1.44e-01,-1.60e+00,4.56e+01,
3850,1.44e-01,-1.60e+00,4.56e+01,
3851,1.44e-01,-1.60e+00,4.56e+01,
3852,1.44e-01,-1.60e+00,4.60e+01,
3853,1.60e-01,-1.60e+00,4.56e+01,
3854,1.44e-01,-1.60e+00,4.56e+01,
3855,1.44e-01,-1.60e+00,4.56e+01,
3856,1.60e-01,-1.60e+00,4.56e+01,
3857,1.60e-01,-1.60e+00,4.56e+01,
3858,1.44e-01,-1.60e+00,4.56e+01,
3859,1.60e-01,-1.60e+00,4.56e+01,
3860,1.60e-01,-1.60e+00,4.56e+01,
3861,1.44e-01,-1.60e+00,4.56e+01,
3862,1.60e-01,-1.60e+00,4.60e+01,
3863,1.44e-01,-1.60e+00,4.56e+01,
3864,1.44e-01,-1.60e+00,4.56e+01,
3865,1.60e-01,-1.60e+00,4.56e+01,
3866,1.60e-01,-1.60e+00,4.56e+01,
3867,1.44e-01,-1.60e+00,4.56e+01,
3868,1.60e-01,-1.60e+00,4.56e+01,
3869,1.60e-01,-1.60e+00,4.56e+01,
3870,1.60e-01,-1.60e+00,4.56e+01,
3871,1.60e-01,-1.60e+00,4.56e+01,
3872,1.60e-01,-1.60e+00,4.56e+01,
3873,1.60e-01,-1.60e+00,4.56e+01,
3874,1.60e-01,-1.60e+00,4.56e+01,
3875,1.60e-01,-1.60e+00,4.56e+01,
3876,1.60e-01,-1.60e+00,4.56e+01,
3877,1.60e-01,-1.60e+00,4.56e+01,
3878,1.60e-01,-1.60e+00,4.56e+01,
3879,1.60e-01,-1.60e+00,4.56e+01,
3880,1.60e-01,-1.60e+00,4.56e+01,
3881,1.60e-01,-1.60e+00,4.56e+01,
3882,1.60e-01,-1.60e+00,4.56e+01,
3883,1.60e-01,-1.60e+00,4.56e+01,
3884,1.60e-01,-1.60e+00,4.56e+01,
3885,1.60e-01,-1.60e+00,4.56e+01,
3886,1.60e-01,-1.60e+00,4.56e+01,
3887,1.60e-01,-1.60e+00,4.56e+01,
3888,1.60e-01,-1.60e+00,4.56e+01,
3889,1.60e-01,-1.60e+00,4.56e+01,
3890,1.60e-01,-1.60e+00,4.56e+01,
3891,1.60e-01,-1.60e+00,4.56e+01,
3892,1.60e-01,-1.60e+00,4.56e+01,
3893,1.60e-01,-1.60e+00,4.56e+01,
3894,1.60e-01,-1.60e+00,4.56e+01,
3895,1.60e-01,-1.60e+00,4.56e+01,
3896,1.60e-01,-1.60e+00,4.56e+01,
3897,1.60e-01,-1.60e+00,4.56e+01,
3898,1.60e-01,-1.60e+00,4.56e+01,
3899,1.60e-01,-1.60e+00,4.56e+01,
3900,1.60e-01,-1.60e+00,4.56e+01,
3901,1.60e-01,-1.60e+00,4.56e+01,
3902,1.60e-01,-1.60e+00,4.56e+01,
3903,1.60e-01,-1.60e+00,4.56e+01,
3904,1.60e-01,-1.60e+00,4.56e+01,
3905,1.60e-01,-1.60e+00,4.56e+01,
3906,1.60e-01,-1.60e+00,4.56e+01,
3907,1.60e-01,-1.60e+00,4.56e+01,
3908,1.60e-01,-1.60e+00,4.56e+01,
3909,1.60e-01,-1.60e+00,4.56e+01,
3910,1.60e-01,-1.60e+00,4.56e+01,
3911,1.60e-01,-1.60e+00,4.56e+01,
3912,1.60e-01,-1.60e+00,4.56e+01,
3913,1.60e-01,-1.60e+00,4.56e+01,
3914,1.60e-01,-1.60e+00,4.56e+01,
3915,1.60e-01,-1.60e+00,4.56e+01,
3916,1.60e-01,-1.60e+00,4.56e+01,
3917,1.60e-01,-1.60e+00,4.56e+01,
3918,1.60e-01,-1.60e+00,4.56e+01,
3919,1.60e-01,-1.60e+00,4.56e+01,
3920,1.60e-01,-1.60e+00,4.56e+01,
3921,1.60e-01,-1.60e+00,4.56e+01,
3922,1.60e-01,-1.60e+00,4.56e+01,
3923,1.60e-01,-1.60e+00,4.56e+01,
3924,1.60e-01,-1.60e+00,4.56e+01,
3925,1.60e-01,-1.60e+00,4.56e+01,
3926,1.68e-01,-1.60e+00,4.56e+01,
3927,1.60e-01,-1.60e+00,4.56e+01,
3928,1.60e-01,-1.60e+00,4.56e+01,
3929,1.68e-01,-1.60e+00,4.56e+01,
3930,1.60e-01,-1.60e+00,4.56e+01,
3931,1.68e-01,-1.60e+00,4.56e+01,
3932,1.68e-01,-1.60e+00,4.56e+01,
3933,1.68e-01,-1.60e+00,4.56e+01,
3934,1.60e-01,-1.60e+00,4.56e+01,
3935,1.68e-01,-1.60e+00,4.56e+01,
3936,1.68e-01,-1.60e+00,4.56e+01,
3937,1.68e-01,-1.60e+00,4.56e+01,
3938,1.68e-01,-1.60e+00,4.56e+01,
3939,1.68e-01,-1.60e+00,4.56e+01,
3940,1.68e-01,-1.60e+00,4.56e+01,
3941,1.68e-01,-1.60e+00,4.56e+01,
3942,1.68e-01,-1.60e+00,4.56e+01,
3943,1.68e-01,-1.60e+00,4.56e+01,
3944,1.68e-01,-1.60e+00,4.56e+01,
3945,1.68e-01,-1.60e+00,4.56e+01,
3946,1.68e-01,-1.60e+00,4.56e+01,
3947,1.68e-01,-1.60e+00,4.56e+01,
3948,1.68e-01,-1.60e+00,4.56e+01,
3949,1.68e-01,-1.60e+00,4.56e+01,
3950,1.68e-01,-1.60e+00,4.56e+01,
3951,1.68e-01,-1.60e+00,4.56e+01,
3952,1.68e-01,-1.60e+00,4.56e+01,
3953,1.68e-01,-1.60e+00,4.56e+01,
3954,1.68e-01,-1.60e+00,4.56e+01,
3955,1.68e-01,-1.60e+00,4.56e+01,
3956,1.68e-01,-1.60e+00,4.56e+01,
3957,1.68e-01,-1.60e+00,4.56e+01,
3958,1.68e-01,-1.60e+00,4.56e+01,
3959,1.68e-01,-1.60e+00,4.56e+01,
3960,1.68e-01,-1.60e+00,4.56e+01,
3961,1.68e-01,-1.60e+00,4.56e+01,
3962,1.68e-01,-1.60e+00,4.56e+01,
3963,1.68e-01,-1.60e+00,4.56e+01,
3964,1.68e-01,-1.60e+00,4.56e+01,
3965,1.68e-01,-1.60e+00,4.56e+01,
3966,1.68e-01,-1.60e+00,4.56e+01,
3967,1.68e-01,-1.60e+00,4.56e+01,
3968,1.68e-01,-1.60e+00,4.56e+01,
3969,1.68e-01,-1.60e+00,4.56e+01,
3970,1.68e-01,-1.60e+00,4.56e+01,
3971,1.68e-01,-1.60e+00,4.52e+01,
3972,1.68e-01,-1.60e+00,4.56e+01,
3973,1.68e-01,-1.60e+00,4.56e+01,
3974,1.68e-01,-1.60e+00,4.56e+01,
3975,1.68e-01,-1.60e+00,4.52e+01,
3976,1.68e-01,-1.60e+00,4.56e+01,
3977,1.68e-01,-1.60e+00,4.56e+01,
3978,1.68e-01,-1.60e+00,4.52e+01,
3979,1.68e-01,-1.60e+00,4.56e+01,
3980,1.68e-01,-1.60e+00,4.56e+01,
3981,1.68e-01,-1.60e+00,4.56e+01,
3982,1.68e-01,-1.60e+00,4.56e+01,
3983,1.68e-01,-1.60e+00,4.52e+01,
3984,1.68e-01,-1.60e+00,4.56e+01,
3985,1.68e-01,-1.60e+00,4.56e+01,
3986,1.68e-01,-1.60e+00,4.56e+01,
3987,1.68e-01,-1.60e+00,4.52e+01,
3988,1.68e-01,-1.60e+00,4.56e+01,
3989,1.68e-01,-1.60e+00,4.56e+01,
3990,1.68e-01,-1.60e+00,4.56e+01,
3991,1.68e-01,-1.60e+00,4.56e+01,
3992,1.68e-01,-1.60e+00,4.56e+01,
3993,1.68e-01,-1.60e+00,4.56e+01,
3994,1.68e-01,-1.60e+00,4.56e+01,
3995,1.68e-01,-1.60e+00,4.52e+01,
3996,1.68e-01,-1.60e+00,4.56e+01,
3997,1.68e-01,-1.60e+00,4.56e+01,
3998,1.68e-01,-1.60e+00,4.56e+01,
3999,1.84e-01,-1.60e+00,4.52e+01,
4000,1.84e-01,-1.60e+00,4.56e+01,
4001,1.84e-01,-1.60e+00,4.56e+01,
4002,1.68e-01,-1.60e+00,4.52e+01,
4003,1.68e-01,-1.60e+00,4.52e+01,
4004,1.84e-01,-1.60e+00,4.52e+01,
4005,1.84e-01,-1.60e+00,4.52e+01,
4006,1.84e-01,-1.60e+00,4.52e+01,
4007,1.84e-01,-1.60e+00,4.52e+01,
4008,1.84e-01,-1.60e+00,4.56e+01,
4009,1.84e-01,-1.60e+00,4.52e+01,
4010,1.84e-01,-1.60e+00,4.56e+01,
4011,1.84e-01,-1.60e+00,4.52e+01,
4012,1.84e-01,-1.60e+00,4.56e+01,
4013,1.84e-01,-1.60e+00,4.56e+01,
4014,1.84e-01,-1.60e+00,4.52e+01,
4015,1.84e-01,-1.60e+00,4.56e+01,
4016,1.84e-01,-1.60e+00,4.56e+01,
4017,1.84e-01,-1.60e+00,4.56e+01,
4018,1.84e-01,-1.60e+00,4.56e+01,
4019,1.84e-01,-1.60e+00,4.52e+01,
4020,1.84e-01,-1.60e+00,4.52e+01,
4021,1.84e-01,-1.60e+00,4.56e+01,
4022,1.84e-01,-1.60e+00,4.52e+01,
4023,1.84e-01,-1.60e+00,4.52e+01,
4024,1.84e-01,-1.60e+00,4.56e+01,
4025,1.84e-01,-1.60e+00,4.56e+01,
4026,1.84e-01,-1.60e+00,4.52e+01,
4027,1.84e-01,-1.60e+00,4.52e+01,
4028,1.84e-01,-1.60e+00,4.52e+01,
4029,1.84e-01,-1.60e+00,4.52e+01,
4030,1.84e-01,-1.60e+00,4.52e+01,
4031,1.84e-01,-1.60e+00,4.52e+01,
4032,1.84e-01,-1.60e+00,4.52e+01,
4033,1.84e-01,-1.60e+00,4.52e+01,
4034,1.84e-01,-1.60e+00,4.52e+01,
4035,1.84e-01,-1.60e+00,4.52e+01,
4036,1.84e-01,-1.60e+00,4.52e+01,
4037,1.84e-01,-1.60e+00,4.52e+01,
4038,1.84e-01,-1.60e+00,4.52e+01,
4039,1.84e-01,-1.60e+00,4.52e+01,
4040,1.84e-01,-1.60e+00,4.52e+01,
4041,1.84e-01,-1.60e+00,4.52e+01,
4042,1.84e-01,-1.60e+00,4.52e+01,
4043,1.84e-01,-1.60e+00,4.52e+01,
4044,1.84e-01,-1.60e+00,4.52e+01,
4045,1.84e-01,-1.60e+00,4.52e+01,
4046,1.84e-01,-1.60e+00,4.52e+01,
4047,1.84e-01,-1.60e+00,4.52e+01,
4048,1.84e-01,-1.60e+00,4.52e+01,
4049,1.84e-01,-1.60e+00,4.52e+01,
4050,1.84e-01,-1.60e+00,4.52e+01,
4051,1.84e-01,-1.60e+00,4.52e+01,
4052,1.84e-01,-1.60e+00,4.52e+01,
4053,1.84e-01,-1.60e+00,4.52e+01,
4054,1.84e-01,-1.60e+00,4.52e+01,
4055,1.84e-01,-1.60e+00,4.52e+01,
4056,1.84e-01,-1.60e+00,4.52e+01,
4057,1.84e-01,-1.60e+00,4.52e+01,
4058,1.84e-01,-1.60e+00,4.52e+01,
4059,1.84e-01,-1.60e+00,4.52e+01,
4060,1.84e-01,-1.60e+00,4.52e+01,
4061,1.84e-01,-1.60e+00,4.52e+01,
4062,1.84e-01,-1.60e+00,4.52e+01,
4063,1.84e-01,-1.60e+00,4.52e+01,
4064,1.84e-01,-1.60e+00,4.52e+01,
4065,1.92e-01,-1.60e+00,4.52e+01,
4066,1.84e-01,-1.60e+00,4.52e+01,
4067,1.84e-01,-1.60e+00,4.52e+01,
4068,1.84e-01,-1.60e+00,4.52e+01,
4069,1.84e-01,-1.60e+00,4.52e+01,
4070,1.84e-01,-1.60e+00,4.52e+01,
4071,1.84e-01,-1.60e+00,4.52e+01,
4072,1.84e-01,-1.60e+00,4.52e+01,
4073,1.84e-01,-1.60e+00,4.52e+01,
4074,1.92e-01,-1.60e+00,4.52e+01,
4075,1.92e-01,-1.60e+00,4.52e+01,
4076,1.92e-01,-1.60e+00,4.52e+01,
4077,1.92e-01,-1.60e+00,4.52e+01,
4078,1.92e-01,-1.60e+00,4.52e+01,
4079,1.92e-01,-1.60e+00,4.52e+01,
4080,1.92e-01,-1.60e+00,4.52e+01,
4081,1.92e-01,-1.60e+00,4.52e+01,
4082,1.92e-01,-1.60e+00,4.52e+01,
4083,1.92e-01,-1.60e+00,4.52e+01,
4084,1.92e-01,-1.60e+00,4.52e+01,
4085,1.92e-01,-1.60e+00,4.52e+01,
4086,1.92e-01,-1.60e+00,4.52e+01,
4087,1.92e-01,-1.60e+00,4.52e+01,
4088,1.92e-01,-1.60e+00,4.52e+01,
4089,1.92e-01,-1.60e+00,4.52e+01,
4090,1.92e-01,-1.60e+00,4.52e+01,
4091,1.92e-01,-1.60e+00,4.52e+01,
4092,1.92e-01,-1.60e+00,4.52e+01,
4093,1.92e-01,-1.60e+00,4.52e+01,
4094,1.92e-01,-1.60e+00,4.52e+01,
4095,1.92e-01,-1.60e+00,4.52e+01,
4096,1.92e-01,-1.60e+00,4.52e+01,
4097,1.92e-01,-1.60e+00,4.52e+01,
4098,1.92e-01,-1.60e+00,4.52e+01,
4099,1.92e-01,-1.60e+00,4.52e+01,
4100,1.92e-01,-1.60e+00,4.52e+01,
4101,1.92e-01,-1.60e+00,4.52e+01,
4102,1.92e-01,-1.60e+00,4.52e+01,
4103,1.92e-01,-1.60e+00,4.52e+01,
4104,1.92e-01,-1.60e+00,4.52e+01,
4105,1.92e-01,-1.60e+00,4.52e+01,
4106,1.92e-01,-1.60e+00,4.52e+01,
4107,1.92e-01,-1.60e+00,4.52e+01,
4108,1.92e-01,-1.60e+00,4.52e+01,
4109,1.92e-01,-1.60e+00,4.52e+01,
4110,1.92e-01,-1.60e+00,4.52e+01,
4111,1.92e-01,-1.60e+00,4.52e+01,
4112,1.92e-01,-1.60e+00,4.52e+01,
4113,1.92e-01,-1.60e+00,4.52e+01,
4114,1.92e-01,-1.60e+00,4.52e+01,
4115,1.92e-01,-1.60e+00,4.52e+01,
4116,1.92e-01,-1.60e+00,4.52e+01,
4117,1.92e-01,-1.60e+00,4.52e+01,
4118,1.92e-01,-1.60e+00,4.52e+01,
4119,1.92e-01,-1.60e+00,4.52e+01,
4120,1.92e-01,-1.60e+00,4.52e+01,
4121,1.92e-01,-1.60e+00,4.52e+01,
4122,1.92e-01,-1.60e+00,4.52e+01,
4123,1.92e-01,-1.60e+00,4.52e+01,
4124,1.92e-01,-1.60e+00,4.52e+01,
4125,1.92e-01,-1.60e+00,4.52e+01,
4126,1.92e-01,-1.60e+00,4.52e+01,
4127,1.92e-01,-1.60e+00,4.52e+01,
4128,1.92e-01,-1.60e+00,4.52e+01,
4129,1.92e-01,-1.60e+00,4.52e+01,
4130,1.92e-01,-1.60e+00,4.52e+01,
4131,1.92e-01,-1.60e+00,4.52e+01,
4132,1.92e-01,-1.60e+00,4.52e+01,
4133,1.92e-01,-1.60e+00,4.52e+01,
4134,1.92e-01,-1.60e+00,4.52e+01,
4135,1.92e-01,-1.60e+00,4.52e+01,
4136,1.92e-01,-1.60e+00,4.52e+01,
4137,1.92e-01,-1.60e+00,4.52e+01,
4138,1.92e-01,-1.60e+00,4.52e+01,
4139,1.92e-01,-1.60e+00,4.52e+01,
4140,1.92e-01,-1.60e+00,4.52e+01,
4141,2.08e-01,-1.60e+00,4.52e+01,
4142,1.92e-01,-1.60e+00,4.52e+01,
4143,1.92e-01,-1.60e+00,4.52e+01,
4144,2.08e-01,-1.60e+00,4.52e+01,
4145,2.08e-01,-1.60e+00,4.52e+01,
4146,1.92e-01,-1.60e+00,4.52e+01,
4147,2.08e-01,-1.60e+00,4.52e+01,
4148,2.08e-01,-1.60e+00,4.52e+01,
4149,2.08e-01,-1.60e+00,4.52e+01,
4150,2.08e-01,-1.60e+00,4.52e+01,
4151,2.08e-01,-1.60e+00,4.52e+01,
4152,2.08e-01,-1.60e+00,4.52e+01,
4153,2.08e-01,-1.60e+00,4.52e+01,
4154,2.08e-01,-1.60e+00,4.52e+01,
4155,2.08e-01,-1.60e+00,4.52e+01,
4156,2.08e-01,-1.60e+00,4.52e+01,
4157,2.08e-01,-1.60e+00,4.52e+01,
4158,2.08e-01,-1.60e+00,4.52e+01,
4159,2.08e-01,-1.60e+00,4.52e+01,
4160,2.08e-01,-1.60e+00,4.52e+01,
4161,2.08e-01,-1.60e+00,4.52e+01,
4162,2.08e-01,-1.60e+00,4.52e+01,
4163,2.08e-01,-1.60e+00,4.52e+01,
4164,2.08e-01,-1.60e+00,4.52e+01,
4165,2.08e-01,-1.60e+00,4.52e+01,
4166,2.08e-01,-1.60e+00,4.52e+01,
4167,2.08e-01,-1.60e+00,4.52e+01,
4168,2.08e-01,-1.60e+00,4.52e+01,
4169,2.08e-01,-1.60e+00,4.52e+01,
4170,2.08e-01,-1.60e+00,4.52e+01,
4171,2.08e-01,-1.60e+00,4.52e+01,
4172,2.08e-01,-1.60e+00,4.52e+01,
4173,2.08e-01,-1.60e+00,4.52e+01,
4174,2.08e-01,-1.60e+00,4.52e+01,
4175,2.08e-01,-1.60e+00,4.52e+01,
4176,2.08e-01,-1.60e+00,4.52e+01,
4177,2.08e-01,-1.60e+00,4.52e+01,
4178,2.08e-01,-1.60e+00,4.52e+01,
4179,2.08e-01,-1.60e+00,4.52e+01,
4180,2.08e-01,-1.60e+00,4.52e+01,
4181,2.08e-01,-1.60e+00,4.52e+01,
4182,2.08e-01,-1.60e+00,4.52e+01,
4183,2.08e-01,-1.60e+00,4.50e+01,
4184,2.08e-01,-1.60e+00,4.52e+01,
4185,2.08e-01,-1.60e+00,4.52e+01,
4186,2.08e-01,-1.60e+00,4.52e+01,
4187,2.08e-01,-1.60e+00,4.52e+01,
4188,2.08e-01,-1.60e+00,4.52e+01,
4189,2.08e-01,-1.60e+00,4.52e+01,
4190,2.08e-01,-1.60e+00,4.52e+01,
4191,2.08e-01,-1.60e+00,4.50e+01,
4192,2.08e-01,-1.60e+00,4.50e+01,
4193,2.08e-01,-1.60e+00,4.52e+01,
4194,2.08e-01,-1.60e+00,4.52e+01,
4195,2.08e-01,-1.60e+00,4.50e+01,
4196,2.08e-01,-1.60e+00,4.52e+01,
4197,2.08e-01,-1.60e+00,4.52e+01,
4198,2.08e-01,-1.60e+00,4.50e+01,
4199,2.08e-01,-1.60e+00,4.52e+01,
4200,2.08e-01,-1.60e+00,4.52e+01,
4201,2.08e-01,-1.60e+00,4.50e+01,
4202,2.08e-01,-1.60e+00,4.52e+01,
4203,2.08e-01,-1.60e+00,4.52e+01,
4204,2.16e-01,-1.60e+00,4.52e+01,
4205,2.08e-01,-1.60e+00,4.52e+01,
4206,2.08e-01,-1.60e+00,4.52e+01,
4207,2.08e-01,-1.60e+00,4.50e+01,
4208,2.16e-01,-1.60e+00,4.50e+01,
4209,2.16e-01,-1.60e+00,4.52e+01,
4210,2.08e-01,-1.60e+00,4.52e+01,
4211,2.08e-01,-1.60e+00,4.50e+01,
4212,2.16e-01,-1.60e+00,4.52e+01,
4213,2.16e-01,-1.60e+00,4.50e+01,
4214,2.08e-01,-1.60e+00,4.52e+01,
4215,2.16e-01,-1.60e+00,4.50e+01,
4216,2.16e-01,-1.60e+00,4.50e+01,
4217,2.16e-01,-1.60e+00,4.50e+01,
4218,2.16e-01,-1.60e+00,4.50e+01,
4219,2.16e-01,-1.60e+00,4.50e+01,
4220,2.16e-01,-1.60e+00,4.52e+01,
4221,2.16e-01,-1.60e+00,4.52e+01,
4222,2.16e-01,-1.60e+00,4.50e+01,
4223,2.16e-01,-1.60e+00,4.50e+01,
4224,2.16e-01,-1.60e+00,4.52e+01,
4225,2.16e-01,-1.60e+00,4.50e+01,
4226,2.16e-01,-1.06e-04,4.50e+01,
4227,2.16e-01,-1.60e+00,4.52e+01,
4228,2.16e-01,-1.60e+00,4.50e+01,
4229,2.16e-01,-1.60e+00,4.52e+01,
4230,2.16e-01,-1.60e+00,4.50e+01,
4231,2.16e-01,-1.60e+00,4.50e+01,
4232,2.16e-01,-1.60e+00,4.52e+01,
4233,2.16e-01,-1.60e+00,4.52e+01,
4234,2.16e-01,-1.60e+00,4.50e+01,
4235,2.16e-01,-1.60e+00,4.50e+01,
4236,2.16e-01,-1.60e+00,4.50e+01,
4237,2.16e-01,-1.60e+00,4.50e+01,
4238,2.16e-01,-1.60e+00,4.50e+01,
4239,2.16e-01,-1.60e+00,4.50e+01,
4240,2.16e-01,-1.60e+00,4.50e+01,
4241,2.16e-01,-1.60e+00,4.50e+01,
4242,2.16e-01,-1.60e+00,4.50e+01,
4243,2.16e-01,-1.60e+00,4.50e+01,
4244,2.16e-01,-1.60e+00,4.50e+01,
4245,2.16e-01,-1.60e+00,4.50e+01,
4246,2.16e-01,-1.06e-04,4.50e+01,
4247,2.16e-01,-1.60e+00,4.50e+01,
4248,2.16e-01,-1.60e+00,4.50e+01,
4249,2.16e-01,-1.60e+00,4.50e+01,
4250,2.16e-01,-1.60e+00,4.50e+01,
4251,2.16e-01,-1.60e+00,4.50e+01,
4252,2.16e-01,-1.60e+00,4.50e+01,
4253,2.16e-01,-1.60e+00,4.50e+01,
4254,2.16e-01,-1.60e+00,4.50e+01,
4255,2.16e-01,-1.60e+00,4.50e+01,
4256,2.16e-01,-1.60e+00,4.50e+01,
4257,2.16e-01,-1.60e+00,4.50e+01,
4258,2.16e-01,-1.60e+00,4.50e+01,
4259,2.16e-01,-1.60e+00,4.50e+01,
4260,2.16e-01,-1.60e+00,4.50e+01,
4261,2.16e-01,-1.60e+00,4.50e+01,
4262,2.16e-01,-1.06e-04,4.50e+01,
4263,2.16e-01,-1.60e+00,4.50e+01,
4264,2.16e-01,-1.60e+00,4.50e+01,
4265,2.16e-01,-1.60e+00,4.50e+01,
4266,2.16e-01,-1.60e+00,4.50e+01,
4267,2.16e-01,-1.60e+00,4.50e+01,
4268,2.16e-01,-1.60e+00,4.50e+01,
4269,2.16e-01,-1.60e+00,4.50e+01,
4270,2.16e-01,-1.60e+00,4.50e+01,
4271,2.16e-01,-1.60e+00,4.50e+01,
4272,2.16e-01,-1.60e+00,4.50e+01,
4273,2.16e-01,-1.60e+00,4.50e+01,
4274,2.16e-01,-1.06e-04,4.50e+01,
4275,2.16e-01,-1.60e+00,4.50e+01,
4276,2.16e-01,-1.60e+00,4.50e+01,
4277,2.16e-01,-1.60e+00,4.50e+01,
4278,2.16e-01,-1.60e+00,4.50e+01,
4279,2.32e-01,-1.60e+00,4.50e+01,
4280,2.16e-01,-1.60e+00,4.50e+01,
4281,2.32e-01,-1.60e+00,4.50e+01,
4282,2.16e-01,-1.60e+00,4.50e+01,
4283,2.16e-01,-1.60e+00,4.50e+01,
4284,2.16e-01,-1.60e+00,4.50e+01,
4285,2.32e-01,-1.60e+00,4.50e+01,
4286,2.16e-01,-1.60e+00,4.50e+01,
4287,2.32e-01,-1.60e+00,4.50e+01,
4288,2.32e-01,-1.60e+00,4.50e+01,
4289,2.32e-01,-1.60e+00,4.50e+01,
4290,2.32e-01,-1.60e+00,4.50e+01,
4291,2.32e-01,-1.60e+00,4.50e+01,
4292,2.32e-01,-1.60e+00,4.50e+01,
4293,2.32e-01,-1.60e+00,4.50e+01,
4294,2.32e-01,-1.60e+00,4.50e+01,
4295,2.32e-01,-1.60e+00,4.50e+01,
4296,2.32e-01,-1.60e+00,4.50e+01,
4297,2.32e-01,-1.60e+00,4.50e+01,
4298,2.32e-01,-1.60e+00,4.50e+01,
4299,2.32e-01,-1.60e+00,4.50e+01,
4300,2.32e-01,-1.60e+00,4.50e+01,
4301,2.32e-01,-1.60e+00,4.50e+01,
4302,2.32e-01,-1.06e-04,4.50e+01,
4303,2.32e-01,-1.60e+00,4.50e+01,
4304,2.32e-01,-1.60e+00,4.50e+01,
4305,2.32e-01,-1.60e+00,4.50e+01,
4306,2.32e-01,-1.60e+00,4.50e+01,
4307,2.32e-01,-1.60e+00,4.50e+01,
4308,2.32e-01,-1.60e+00,4.50e+01,
4309,2.32e-01,-1.60e+00,4.50e+01,
4310,2.32e-01,-1.60e+00,4.50e+01,
4311,2.32e-01,-1.60e+00,4.50e+01,
4312,2.32e-01,-1.60e+00,4.50e+01,
4313,2.32e-01,-1.60e+00,4.50e+01,
4314,2.32e-01,-1.60e+00,4.50e+01,
4315,2.32e-01,-1.60e+00,4.50e+01,
4316,2.32e-01,-1.60e+00,4.50e+01,
4317,2.32e-01,-1.60e+00,4.50e+01,
4318,2.32e-01,-1.60e+00,4.50e+01,
4319,2.32e-01,-1.60e+00,4.50e+01,
4320,2.32e-01,-1.60e+00,4.50e+01,
4321,2.32e-01,-1.60e+00,4.50e+01,
4322,2.32e-01,-1.60e+00,4.50e+01,
4323,2.32e-01,-1.60e+00,4.50e+01,
4324,2.32e-01,-1.60e+00,4.50e+01,
4325,2.32e-01,-1.60e+00,4.50e+01,
4326,2.32e-01,-1.60e+00,4.50e+01,
4327,2.32e-01,-1.60e+00,4.50e+01,
4328,2.32e-01,-1.60e+00,4.50e+01,
4329,2.32e-01,-1.60e+00,4.50e+01,
4330,2.32e-01,-1.06e-04,4.50e+01,
4331,2.32e-01,-1.60e+00,4.50e+01,
4332,2.32e-01,-1.60e+00,4.50e+01,
4333,2.32e-01,-1.60e+00,4.50e+01,
4334,2.32e-01,-1.60e+00,4.50e+01,
4335,2.32e-01,-1.60e+00,4.50e+01,
4336,2.32e-01,-1.60e+00,4.50e+01,
4337,2.32e-01,-1.60e+00,4.50e+01,
4338,2.32e-01,-1.06e-04,4.50e+01,
4339,2.32e-01,-1.60e+00,4.50e+01,
4340,2.32e-01,-1.60e+00,4.50e+01,
4341,2.32e-01,-1.60e+00,4.50e+01,
4342,2.32e-01,-1.60e+00,4.50e+01,
4343,2.32e-01,-1.60e+00,4.50e+01,
4344,2.32e-01,-1.60e+00,4.50e+01,
4345,2.32e-01,-1.60e+00,4.50e+01,
4346,2.32e-01,-1.60e+00,4.50e+01,
4347,2.32e-01,-1.60e+00,4.50e+01,
4348,2.32e-01,-1.60e+00,4.50e+01,
4349,2.40e-01,-1.60e+00,4.50e+01,
4350,2.32e-01,-1.60e+00,4.50e+01,
4351,2.32e-01,-1.60e+00,4.50e+01,
4352,2.40e-01,-1.06e-04,4.50e+01,
4353,2.40e-01,-1.60e+00,4.50e+01,
4354,2.40e-01,-1.06e-04,4.50e+01,
4355,2.40e-01,-1.60e+00,4.50e+01,
4356,2.40e-01,-1.60e+00,4.50e+01,
4357,2.40e-01,-1.60e+00,4.50e+01,
4358,2.32e-01,-1.60e+00,4.50e+01,
4359,2.40e-01,-1.60e+00,4.50e+01,
4360,2.40e-01,-1.60e+00,4.50e+01,
4361,2.40e-01,-1.60e+00,4.50e+01,
4362,2.40e-01,-1.60e+00,4.50e+01,
4363,2.40e-01,-1.60e+00,4.50e+01,
4364,2.40e-01,-1.60e+00,4.46e+01,
4365,2.40e-01,-1.60e+00,4.50e+01,
4366,2.40e-01,-1.60e+00,4.46e+01,
4367,2.40e-01,-1.60e+00,4.50e+01,
4368,2.40e-01,-1.60e+00,4.46e+01,
4369,2.40e-01,-1.60e+00,4.46e+01,
4370,2.40e-01,-1.60e+00,4.50e+01,
4371,2.40e-01,-1.60e+00,4.46e+01,
4372,2.40e-01,-1.60e+00,4.50e+01,
4373,2.40e-01,-1.60e+00,4.50e+01,
4374,2.40e-01,-1.06e-04,4.50e+01,
4375,2.40e-01,-1.60e+00,4.50e+01,
4376,2.40e-01,-1.60e+00,4.46e+01,
4377,2.40e-01,-1.60e+00,4.50e+01,
4378,2.40e-01,-1.06e-04,4.50e+01,
4379,2.40e-01,-1.60e+00,4.46e+01,
4380,2.40e-01,-1.06e-04,4.50e+01,
4381,2.40e-01,-1.60e+00,4.50e+01,
4382,2.40e-01,-1.06e-04,4.46e+01,
4383,2.40e-01,-1.60e+00,4.50e+01,
4384,2.40e-01,-1.60e+00,4.50e+01,
4385,2.40e-01,-1.60e+00,4.50e+01,
4386,2.40e-01,-1.06e-04,4.46e+01,
4387,2.40e-01,-1.60e+00,4.46e+01,
4388,2.40e-01,-1.60e+00,4.50e+01,
4389,2.40e-01,-1.60e+00,4.50e+01,
4390,2.40e-01,-1.60e+00,4.46e+01,
4391,2.40e-01,-1.60e+00,4.46e+01,
4392,2.40e-01,-1.60e+00,4.46e+01,
4393,2.40e-01,-1.60e+00,4.50e+01,
4394,2.40e-01,-1.60e+00,4.46e+01,
4395,2.40e-01,-1.60e+00,4.46e+01,
4396,2.40e-01,-1.60e+00,4.46e+01,
4397,2.40e-01,-1.60e+00,4.46e+01,
4398,2.40e-01,-1.60e+00,4.50e+01,
4399,2.40e-01,-1.60e+00,4.46e+01,
4400,2.40e-01,-1.60e+00,4.46e+01,
4401,2.40e-01,-1.60e+00,4.46e+01,
4402,2.40e-01,-1.60e+00,4.46e+01,
4403,2.40e-01,-1.60e+00,4.46e+01,
4404,2.40e-01,-1.60e+00,4.50e+01,
4405,2.40e-01,-1.60e+00,4.46e+01,
4406,2.40e-01,-1.60e+00,4.46e+01,
4407,2.40e-01,-1.60e+00,4.46e+01,
4408,2.40e-01,-1.60e+00,4.46e+01,
4409,2.40e-01,-1.60e+00,4.50e+01,
4410,2.40e-01,-1.60e+00,4.46e+01,
4411,2.40e-01,-1.60e+00,4.50e+01,
4412,2.40e-01,-1.60e+00,4.46e+01,
4413,2.40e-01,-1.60e+00,4.46e+01,
4414,2.40e-01,-1.60e+00,4.46e+01,
4415,2.40e-01,-1.60e+00,4.46e+01,
4416,2.40e-01,-1.60e+00,4.46e+01,
4417,2.40e-01,-1.60e+00,4.46e+01,
4418,2.40e-01,-1.60e+00,4.46e+01,
4419,2.40e-01,-1.60e+00,4.46e+01,
4420,2.40e-01,-1.60e+00,4.46e+01,
4421,2.40e-01,-1.60e+00,4.46e+01,
4422,2.40e-01,-1.06e-04,4.46e+01,
4423,2.40e-01,-1.60e+00,4.46e+01,
4424,2.40e-01,-1.60e+00,4.46e+01,
4425,2.56e-01,-1.60e+00,4.46e+01,
4426,2.40e-01,-1.60e+00,4.46e+01,
4427,2.40e-01,-1.60e+00,4.46e+01,
4428,2.40e-01,-1.60e+00,4.46e+01,
4429,2.56e-01,-1.60e+00,4.46e+01,
4430,2.40e-01,-1.60e+00,4.46e+01,
4431,2.56e-01,-1.60e+00,4.46e+01,
4432,2.56e-01,-1.60e+00,4.46e+01,
4433,2.56e-01,-1.60e+00,4.46e+01,
4434,2.56e-01,-1.60e+00,4.46e+01,
4435,2.56e-01,-1.60e+00,4.46e+01,
4436,2.56e-01,-1.60e+00,4.46e+01,
4437,2.56e-01,-1.60e+00,4.46e+01,
4438,2.56e-01,-1.60e+00,4.46e+01,
4439,2.56e-01,-1.60e+00,4.46e+01,
4440,2.56e-01,-1.06e-04,4.46e+01,
4441,2.56e-01,-1.60e+00,4.46e+01,
4442,2.56e-01,-1.06e-04,4.46e+01,
4443,2.56e-01,-1.60e+00,4.46e+01,
4444,2.56e-01,-1.60e+00,4.46e+01,
4445,2.56e-01,-1.60e+00,4.46e+01,
4446,2.56e-01,-1.06e-04,4.46e+01,
4447,2.56e-01,-1.60e+00,4.46e+01,
4448,2.56e-01,-1.60e+00,4.46e+01,
4449,2.56e-01,-1.60e+00,4.46e+01,
4450,2.56e-01,-1.06e-04,4.46e+01,
4451,2.56e-01,-1.60e+00,4.46e+01,
4452,2.56e-01,-1.06e-04,4.46e+01,
4453,2.56e-01,-1.60e+00,4.46e+01,
4454,2.56e-01,-1.60e+00,4.46e+01,
4455,2.56e-01,-1.60e+00,4.46e+01,
4456,2.56e-01,-1.06e-04,4.46e+01,
4457,2.56e-01,-1.60e+00,4.46e+01,
4458,2.56e-01,-1.60e+00,4.46e+01,
4459,2.56e-01,-1.60e+00,4.46e+01,
4460,2.56e-01,-1.60e+00,4.46e+01,
4461,2.56e-01,-1.60e+00,4.46e+01,
4462,2.56e-01,-1.60e+00,4.46e+01,
4463,2.56e-01,-1.60e+00,4.46e+01,
4464,2.56e-01,-1.60e+00,4.46e+01,
4465,2.56e-01,-1.60e+00,4.46e+01,
4466,2.56e-01,-1.60e+00,4.46e+01,
4467,2.56e-01,-1.60e+00,4.46e+01,
4468,2.56e-01,-1.06e-04,4.46e+01,
4469,2.56e-01,-1.60e+00,4.46e+01,
4470,2.56e-01,-1.60e+00,4.46e+01,
4471,2.56e-01,-1.60e+00,4.46e+01,
4472,2.56e-01,-1.60e+00,4.46e+01,
4473,2.56e-01,-1.60e+00,4.46e+01,
4474,2.56e-01,-1.06e-04,4.46e+01,
4475,2.56e-01,-1.60e+00,4.46e+01,
4476,2.56e-01,-1.06e-04,4.46e+01,
4477,2.56e-01,-1.60e+00,4.46e+01,
4478,2.56e-01,-1.06e-04,4.46e+01,
4479,2.56e-01,-1.60e+00,4.46e+01,
4480,2.56e-01,-1.60e+00,4.46e+01,
4481,2.56e-01,-1.60e+00,4.46e+01,
4482,2.56e-01,-1.06e-04,4.46e+01,
4483,2.56e-01,-1.60e+00,4.46e+01,
4484,2.56e-01,-1.60e+00,4.46e+01,
4485,2.56e-01,-1.60e+00,4.46e+01,
4486,2.56e-01,-1.60e+00,4.46e+01,
4487,2.56e-01,-1.60e+00,4.46e+01,
4488,2.56e-01,-1.60e+00,4.46e+01,
4489,2.56e-01,-1.60e+00,4.46e+01,
4490,2.56e-01,-1.60e+00,4.46e+01,
4491,2.56e-01,-1.60e+00,4.46e+01,
4492,2.56e-01,-1.60e+00,4.46e+01,
4493,2.64e-01,-1.60e+00,4.46e+01,
4494,2.56e-01,-1.60e+00,4.46e+01,
4495,2.56e-01,-1.60e+00,4.46e+01,
4496,2.64e-01,-1.60e+00,4.46e+01,
4497,2.64e-01,-1.60e+00,4.46e+01,
4498,2.56e-01,-1.60e+00,4.46e+01,
4499,2.64e-01,-1.60e+00,4.46e+01,
4500,2.56e-01,-1.60e+00,4.46e+01,
4501,2.64e-01,-1.60e+00,4.46e+01,
4502,2.64e-01,-1.06e-04,4.46e+01,
4503,2.56e-01,-1.60e+00,4.46e+01,
4504,2.64e-01,-1.60e+00,4.46e+01,
4505,2.64e-01,-1.60e+00,4.46e+01,
4506,2.64e-01,-1.06e-04,4.46e+01,
4507,2.64e-01,-1.60e+00,4.46e+01,
4508,2.64e-01,-1.06e-04,4.46e+01,
4509,2.64e-01,-1.60e+00,4.46e+01,
4510,2.64e-01,-1.60e+00,4.46e+01,
4511,2.64e-01,-1.60e+00,4.46e+01,
4512,2.64e-01,-1.60e+00,4.46e+01,
4513,2.64e-01,-1.60e+00,4.46e+01,
4514,2.64e-01,-1.60e+00,4.46e+01,
4515,2.64e-01,-1.60e+00,4.46e+01,
4516,2.64e-01,-1.06e-04,4.46e+01,
4517,2.64e-01,-1.60e+00,4.46e+01,
4518,2.64e-01,-1.60e+00,4.46e+01,
4519,2.64e-01,-1.60e+00,4.46e+01,
4520,2.64e-01,-1.06e-04,4.46e+01,
4521,2.64e-01,-1.60e+00,4.46e+01,
4522,2.64e-01,-1.60e+00,4.46e+01,
4523,2.64e-01,-1.60e+00,4.46e+01,
4524,2.64e-01,-1.06e-04,4.46e+01,
4525,2.64e-01,-1.60e+00,4.46e+01,
4526,2.64e-01,-1.06e-04,4.46e+01,
4527,2.64e-01,-1.60e+00,4.44e+01,
4528,2.64e-01,-1.60e+00,4.46e+01,
4529,2.64e-01,-1.60e+00,4.46e+01,
4530,2.64e-01,-1.06e-04,4.46e+01,
4531,2.64e-01,-1.60e+00,4.46e+01,
4532,2.64e-01,-1.60e+00,4.46e+01,
4533,2.64e-01,-1.60e+00,4.46e+01,
4534,2.64e-01,-1.06e-04,4.46e+01,
4535,2.64e-01,-1.60e+00,4.46e+01,
4536,2.64e-01,-1.60e+00,4.46e+01,
4537,2.64e-01,-1.60e+00,4.46e+01,
4538,2.64e-01,-1.06e-04,4.44e+01,
4539,2.64e-01,-1.60e+00,4.44e+01,
4540,2.64e-01,-1.06e-04,4.46e+01,
4541,2.64e-01,-1.60e+00,4.46e+01,
4542,2.64e-01,-1.06e-04,4.44e+01,
4543,2.64e-01,-1.60e+00,4.46e+01,
4544,2.64e-01,-1.06e-04,4.46e+01,
4545,2.64e-01,-1.60e+00,4.46e+01,
4546,2.64e-01,-1.60e+00,4.46e+01,
4547,2.64e-01,-1.60e+00,4.46e+01,
4548,2.64e-01,-1.60e+00,4.46e+01,
4549,2.64e-01,-1.60e+00,4.46e+01,
4550,2.64e-01,-1.60e+00,4.46e+01,
4551,2.64e-01,-1.60e+00,4.44e+01,
4552,2.64e-01,-1.06e-04,4.46e+01,
4553,2.64e-01,-1.60e+00,4.46e+01,
4554,2.64e-01,-1.60e+00,4.44e+01,
4555,2.64e-01,-1.60e+00,4.46e+01,
4556,2.64e-01,-1.06e-04,4.46e+01,
4557,2.80e-01,-1.60e+00,4.46e+01,
4558,2.64e-01,-1.60e+00,4.46e+01,
4559,2.64e-01,-1.60e+00,4.46e+01,
4560,2.64e-01,-1.60e+00,4.46e+01,
4561,2.64e-01,-1.60e+00,4.46e+01,
4562,2.64e-01,-1.06e-04,4.46e+01,
4563,2.64e-01,-1.60e+00,4.44e+01,
4564,2.64e-01,-1.60e+00,4.44e+01,
4565,2.80e-01,-1.60e+00,4.46e+01,
4566,2.64e-01,-1.06e-04,4.44e+01,
4567,2.64e-01,-1.60e+00,4.44e+01,
4568,2.80e-01,-1.60e+00,4.46e+01,
4569,2.80e-01,-1.60e+00,4.44e+01,
4570,2.64e-01,-1.60e+00,4.44e+01,
4571,2.80e-01,-1.60e+00,4.44e+01,
4572,2.80e-01,-1.06e-04,4.46e+01,
4573,2.80e-01,-1.60e+00,4.44e+01,
4574,2.80e-01,-1.06e-04,4.44e+01,
4575,2.80e-01,-1.60e+00,4.44e+01,
4576,2.80e-01,-1.06e-04,4.44e+01,
4577,2.80e-01,-1.60e+00,4.44e+01,
4578,2.80e-01,-1.06e-04,4.44e+01,
4579,2.80e-01,-1.60e+00,4.44e+01,
4580,2.80e-01,-1.06e-04,4.46e+01,
4581,2.80e-01,-1.60e+00,4.44e+01,
4582,2.80e-01,-1.60e+00,4.44e+01,
4583,2.80e-01,-1.60e+00,4.44e+01,
4584,2.80e-01,-1.06e-04,4.46e+01,
4585,2.80e-01,-1.60e+00,4.44e+01,
4586,2.80e-01,-1.60e+00,4.44e+01,
4587,2.80e-01,-1.60e+00,4.44e+01,
4588,2.80e-01,-1.60e+00,4.46e+01,
4589,2.80e-01,-1.60e+00,4.44e+01,
4590,2.80e-01,-1.60e+00,4.44e+01,
4591,2.80e-01,-1.60e+00,4.44e+01,
4592,2.80e-01,-1.06e-04,4.44e+01,
4593,2.80e-01,-1.60e+00,4.44e+01,
4594,2.80e-01,-1.06e-04,4.44e+01,
4595,2.80e-01,-1.60e+00,4.44e+01,
4596,2.80e-01,-1.06e-04,4.46e+01,
4597,2.80e-01,-1.60e+00,4.44e+01,
4598,2.80e-01,-1.06e-04,4.44e+01,
4599,2.80e-01,-1.60e+00,4.44e+01,
4600,2.80e-01,-1.06e-04,4.44e+01,
4601,2.80e-01,-1.60e+00,4.44e+01,
4602,2.80e-01,-1.06e-04,4.44e+01,
4603,2.80e-01,-1.60e+00,4.44e+01,
4604,2.80e-01,-1.06e-04,4.44e+01,
4605,2.80e-01,-1.60e+00,4.44e+01,
4606,2.80e-01,-1.06e-04,4.44e+01,
4607,2.80e-01,-1.60e+00,4.44e+01,
4608,2.80e-01,-1.06e-04,4.44e+01,
4609,2.80e-01,-1.60e+00,4.44e+01,
4610,2.80e-01,-1.06e-04,4.44e+01,
4611,2.80e-01,-1.60e+00,4.44e+01,
4612,2.80e-01,-1.60e+00,4.44e+01,
4613,2.80e-01,-1.60e+00,4.44e+01,
4614,2.80e-01,-1.06e-04,4.44e+01,
4615,2.80e-01,-1.60e+00,4.44e+01,
4616,2.80e-01,-1.06e-04,4.44e+01,
4617,2.80e-01,-1.60e+00,4.44e+01,
4618,2.80e-01,-1.06e-04,4.44e+01,
4619,2.80e-01,-1.60e+00,4.44e+01,
4620,2.80e-01,-1.06e-04,4.44e+01,
4621,2.80e-01,-1.60e+00,4.44e+01,
4622,2.80e-01,-1.06e-04,4.44e+01,
4623,2.80e-01,-1.60e+00,4.44e+01,
4624,2.80e-01,-1.06e-04,4.44e+01,
4625,2.80e-01,-1.60e+00,4.44e+01,
4626,2.80e-01,-1.60e+00,4.44e+01,
4627,2.80e-01,-1.60e+00,4.44e+01,
4628,2.80e-01,-1.06e-04,4.44e+01,
4629,2.80e-01,-1.60e+00,4.44e+01,
4630,2.80e-01,-1.06e-04,4.44e+01,
4631,2.80e-01,-1.60e+00,4.44e+01,
4632,2.80e-01,-1.06e-04,4.44e+01,
4633,2.88e-01,-1.60e+00,4.44e+01,
4634,2.80e-01,-1.06e-04,4.44e+01,
4635,2.80e-01,-1.60e+00,4.44e+01,
4636,2.88e-01,-1.06e-04,4.46e+01,
4637,2.88e-01,-1.60e+00,4.44e+01,
4638,2.80e-01,-1.06e-04,4.44e+01,
4639,2.88e-01,-1.60e+00,4.44e+01,
4640,2.88e-01,-1.06e-04,4.44e+01,
4641,2.88e-01,-1.60e+00,4.44e+01,
4642,2.88e-01,-1.06e-04,4.44e+01,
4643,2.88e-01,-1.60e+00,4.44e+01,
4644,2.88e-01,-1.06e-04,4.44e+01,
4645,2.88e-01,-1.60e+00,4.44e+01,
4646,2.88e-01,-1.60e+00,4.44e+01,
4647,2.88e-01,-1.60e+00,4.44e+01,
4648,2.88e-01,-1.60e+00,4.44e+01,
4649,2.88e-01,-1.60e+00,4.44e+01,
4650,2.88e-01,-1.06e-04,4.44e+01,
4651,2.88e-01,-1.60e+00,4.44e+01,
4652,2.88e-01,-1.06e-04,4.44e+01,
4653,2.88e-01,-1.60e+00,4.44e+01,
4654,2.88e-01,-1.06e-04,4.44e+01,
4655,2.88e-01,-1.60e+00,4.44e+01,
4656,2.88e-01,-1.06e-04,4.44e+01,
4657,2.88e-01,-1.60e+00,4.44e+01,
4658,2.88e-01,-1.06e-04,4.44e+01,
4659,2.88e-01,-1.60e+00,4.44e+01,
4660,2.88e-01,-1.06e-04,4.44e+01,
4661,2.88e-01,-1.60e+00,4.44e+01,
4662,2.88e-01,-1.06e-04,4.44e+01,
4663,2.88e-01,-1.60e+00,4.44e+01,
4664,2.88e-01,-1.06e-04,4.44e+01,
4665,2.88e-01,-1.60e+00,4.44e+01,
4666,2.88e-01,-1.06e-04,4.44e+01,
4667,2.88e-01,-1.60e+00,4.44e+01,
4668,2.88e-01,-1.06e-04,4.44e+01,
4669,2.88e-01,-1.60e+00,4.44e+01,
4670,2.88e-01,-1.06e-04,4.44e+01,
4671,2.88e-01,-1.60e+00,4.44e+01,
4672,2.88e-01,-1.60e+00,4.44e+01,
4673,2.88e-01,-1.60e+00,4.44e+01,
4674,2.88e-01,-1.06e-04,4.44e+01,
4675,2.88e-01,-1.60e+00,4.44e+01,
4676,2.88e-01,-1.06e-04,4.44e+01,
4677,2.88e-01,-1.60e+00,4.44e+01,
4678,2.88e-01,-1.06e-04,4.44e+01,
4679,2.88e-01,-1.60e+00,4.44e+01,
4680,2.88e-01,-1.06e-04,4.44e+01,
4681,2.88e-01,-1.60e+00,4.44e+01,
4682,2.88e-01,-1.06e-04,4.44e+01,
4683,2.88e-01,-1.60e+00,4.44e+01,
4684,2.88e-01,-1.06e-04,4.44e+01,
4685,2.88e-01,-1.60e+00,4.44e+01,
4686,2.88e-01,-1.06e-04,4.44e+01,
4687,2.88e-01,-1.60e+00,4.44e+01,
4688,2.88e-01,-1.06e-04,4.44e+01,
4689,2.88e-01,-1.06e-04,4.44e+01,
4690,2.88e-01,-1.06e-04,4.44e+01,
4691,2.88e-01,-1.60e+00,4.44e+01,
4692,2.88e-01,-1.06e-04,4.44e+01,
4693,2.88e-01,-1.60e+00,4.44e+01,
4694,2.88e-01,-1.60e+00,4.44e+01,
4695,2.88e-01,-1.60e+00,4.44e+01,
4696,2.88e-01,-1.60e+00,4.44e+01,
4697,2.88e-01,-1.60e+00,4.44e+01,
4698,2.88e-01,-1.06e-04,4.44e+01,
4699,2.88e-01,-1.60e+00,4.44e+01,
4700,2.88e-01,-1.06e-04,4.44e+01,
4701,2.88e-01,-1.60e+00,4.44e+01,
4702,2.88e-01,-1.06e-04,4.44e+01,
4703,2.88e-01,-1.60e+00,4.44e+01,
4704,3.04e-01,-1.06e-04,4.44e+01,
4705,2.88e-01,-1.60e+00,4.44e+01,
4706,2.88e-01,-1.60e+00,4.44e+01,
4707,3.04e-01,-1.60e+00,4.40e+01,
4708,3.04e-01,-1.06e-04,4.44e+01,
4709,3.04e-01,-1.60e+00,4.44e+01,
4710,3.04e-01,-1.06e-04,4.44e+01,
4711,2.88e-01,-1.60e+00,4.44e+01,
4712,3.04e-01,-1.06e-04,4.44e+01,
4713,3.04e-01,-1.60e+00,4.44e+01,
4714,2.88e-01,-1.06e-04,4.44e+01,
4715,3.04e-01,-1.60e+00,4.44e+01,
4716,3.04e-01,-1.06e-04,4.44e+01,
4717,3.04e-01,-1.60e+00,4.44e+01,
4718,3.04e-01,-1.06e-04,4.44e+01,
4719,3.04e-01,-1.60e+00,4.44e+01,
4720,3.04e-01,-1.06e-04,4.44e+01,
4721,3.04e-01,-1.60e+00,4.44e+01,
4722,3.04e-01,-1.06e-04,4.44e+01,
4723,3.04e-01,-1.60e+00,4.40e+01,
4724,3.04e-01,-1.06e-04,4.44e+01,
4725,3.04e-01,-1.60e+00,4.44e+01,
4726,3.04e-01,-1.06e-04,4.44e+01,
4727,3.04e-01,-1.60e+00,4.44e+01,
4728,3.04e-01,-1.06e-04,4.44e+01,
4729,3.04e-01,-1.60e+00,4.44e+01,
4730,3.04e-01,-1.06e-04,4.44e+01,
4731,3.04e-01,-1.60e+00,4.44e+01,
4732,3.04e-01,-1.06e-04,4.44e+01,
4733,3.04e-01,-1.60e+00,4.40e+01,
4734,3.04e-01,-1.06e-04,4.44e+01,
4735,3.04e-01,-1.60e+00,4.44e+01,
4736,3.04e-01,-1.06e-04,4.44e+01,
4737,3.04e-01,-1.60e+00,4.44e+01,
4738,3.04e-01,-1.06e-04,4.44e+01,
4739,3.04e-01,-1.60e+00,4.44e+01,
4740,3.04e-01,-1.06e-04,4.44e+01,
4741,3.04e-01,-1.60e+00,4.44e+01,
4742,3.04e-01,-1.06e-04,4.44e+01,
4743,3.04e-01,-1.60e+00,4.44e+01,
4744,3.04e-01,-1.60e+00,4.44e+01,
4745,3.04e-01,-1.60e+00,4.44e+01,
4746,3.04e-01,-1.06e-04,4.44e+01,
4747,3.04e-01,-1.60e+00,4.44e+01,
4748,3.04e-01,-1.06e-04,4.44e+01,
4749,3.04e-01,-1.60e+00,4.44e+01,
4750,3.04e-01,-1.06e-04,4.44e+01,
4751,3.04e-01,-1.60e+00,4.44e+01,
4752,3.04e-01,-1.06e-04,4.44e+01,
4753,3.04e-01,-1.60e+00,4.44e+01,
4754,3.04e-01,-1.06e-04,4.40e+01,
4755,3.04e-01,-1.60e+00,4.40e+01,
4756,3.04e-01,-1.06e-04,4.44e+01,
4757,3.04e-01,-1.06e-04,4.44e+01,
4758,3.04e-01,-1.06e-04,4.44e+01,
4759,3.04e-01,-1.06e-04,4.40e+01,
4760,3.04e-01,-1.06e-04,4.44e+01,
4761,3.04e-01,-1.60e+00,4.44e+01,
4762,3.04e-01,-1.06e-04,4.40e+01,
4763,3.04e-01,-1.60e+00,4.40e+01,
4764,3.04e-01,-1.06e-04,4.44e+01,
4765,3.04e-01,-1.60e+00,4.44e+01,
4766,3.04e-01,-1.06e-04,4.40e+01,
4767,3.04e-01,-1.60e+00,4.44e+01,
4768,3.04e-01,-1.06e-04,4.44e+01,
4769,3.04e-01,-1.60e+00,4.44e+01,
4770,3.04e-01,-1.06e-04,4.40e+01,
4771,3.04e-01,-1.60e+00,4.40e+01,
4772,3.04e-01,-1.06e-04,4.44e+01,
4773,3.04e-01,-1.60e+00,4.44e+01,
4774,3.04e-01,-1.06e-04,4.44e+01,
4775,3.04e-01,-1.60e+00,4.44e+01,
4776,3.04e-01,-1.06e-04,4.40e+01,
4777,3.04e-01,-1.60e+00,4.40e+01,
4778,3.04e-01,-1.06e-04,4.40e+01,
4779,3.04e-01,-1.06e-04,4.40e+01,
4780,3.12e-01,-1.06e-04,4.44e+01,
4781,3.12e-01,-1.60e+00,4.44e+01,
4782,3.04e-01,-1.06e-04,4.44e+01,
4783,3.12e-01,-1.60e+00,4.40e+01,
4784,3.12e-01,-1.06e-04,4.44e+01,
4785,3.12e-01,-1.06e-04,4.40e+01,
4786,3.04e-01,-1.06e-04,4.44e+01,
4787,3.12e-01,-1.60e+00,4.40e+01,
4788,3.12e-01,-1.06e-04,4.44e+01,
4789,3.12e-01,-1.60e+00,4.40e+01,
4790,3.04e-01,-1.60e+00,4.40e+01,
4791,3.12e-01,-1.60e+00,4.40e+01,
4792,3.12e-01,-1.06e-04,4.40e+01,
4793,3.12e-01,-1.60e+00,4.44e+01,
4794,3.04e-01,-1.06e-04,4.44e+01,
4795,3.12e-01,-1.60e+00,4.40e+01,
4796,3.12e-01,-1.06e-04,4.40e+01,
4797,3.12e-01,-1.06e-04,4.40e+01,
4798,3.12e-01,-1.60e+00,4.40e+01,
4799,3.12e-01,-1.60e+00,4.40e+01,
4800,3.12e-01,-1.06e-04,4.44e+01,
4801,3.12e-01,-1.60e+00,4.40e+01,
4802,3.12e-01,-1.06e-04,4.40e+01,
4803,3.12e-01,-1.60e+00,4.40e+01,
4804,3.12e-01,-1.06e-04,4.40e+01,
4805,3.12e-01,-1.60e+00,4.40e+01,
4806,3.12e-01,-1.06e-04,4.40e+01,
4807,3.12e-01,-1.60e+00,4.40e+01,
4808,3.12e-01,-1.06e-04,4.40e+01,
4809,3.12e-01,-1.60e+00,4.40e+01,
4810,3.12e-01,-1.06e-04,4.40e+01,
4811,3.12e-01,-1.60e+00,4.40e+01,
4812,3.12e-01,-1.06e-04,4.44e+01,
4813,3.12e-01,-1.60e+00,4.44e+01,
4814,3.12e-01,-1.06e-04,4.40e+01,
4815,3.12e-01,-1.06e-04,4.40e+01,
4816,3.12e-01,-1.06e-04,4.40e+01,
4817,3.12e-01,-1.60e+00,4.40e+01,
4818,3.12e-01,-1.06e-04,4.40e+01,
4819,3.12e-01,-1.06e-04,4.40e+01,
4820,3.12e-01,-1.06e-04,4.40e+01,
4821,3.12e-01,-1.60e+00,4.40e+01,
4822,3.12e-01,-1.06e-04,4.40e+01,
4823,3.12e-01,-1.60e+00,4.40e+01,
4824,3.12e-01,-1.06e-04,4.44e+01,
4825,3.12e-01,-1.06e-04,4.40e+01,
4826,3.12e-01,-1.06e-04,4.40e+01,
4827,3.12e-01,-1.06e-04,4.40e+01,
4828,3.12e-01,-1.06e-04,4.40e+01,
4829,3.12e-01,-1.60e+00,4.40e+01,
4830,3.12e-01,-1.06e-04,4.40e+01,
4831,3.12e-01,-1.60e+00,4.40e+01,
4832,3.12e-01,-1.06e-04,4.40e+01,
4833,3.12e-01,-1.60e+00,4.40e+01,
4834,3.12e-01,-1.06e-04,4.40e+01,
4835,3.12e-01,-1.06e-04,4.40e+01,
4836,3.12e-01,-1.06e-04,4.40e+01,
4837,3.12e-01,-1.06e-04,4.40e+01,
4838,3.12e-01,-1.06e-04,4.40e+01,
4839,3.12e-01,-1.06e-04,4.40e+01,
4840,3.12e-01,-1.06e-04,4.40e+01,
4841,3.12e-01,-1.06e-04,4.40e+01,
4842,3.12e-01,-1.06e-04,4.40e+01,
4843,3.12e-01,-1.06e-04,4.40e+01,
4844,3.28e-01,-1.06e-04,4.44e+01,
4845,3.12e-01,-1.06e-04,4.40e+01,
4846,3.12e-01,-1.06e-04,4.40e+01,
4847,3.12e-01,-1.60e+00,4.40e+01,
4848,3.12e-01,-1.06e-04,4.40e+01,
4849,3.28e-01,-1.60e+00,4.40e+01,
4850,3.12e-01,-1.06e-04,4.40e+01,
4851,3.12e-01,-1.60e+00,4.40e+01,
4852,3.12e-01,-1.06e-04,4.40e+01,
4853,3.28e-01,-1.06e-04,4.40e+01,
4854,3.12e-01,-1.06e-04,4.40e+01,
4855,3.28e-01,-1.60e+00,4.40e+01,
4856,3.28e-01,-1.06e-04,4.40e+01,
4857,3.28e-01,-1.06e-04,4.40e+01,
4858,3.28e-01,-1.06e-04,4.40e+01,
4859,3.28e-01,-1.60e+00,4.40e+01,
4860,3.28e-01,-1.06e-04,4.40e+01,
4861,3.28e-01,-1.06e-04,4.40e+01,
4862,3.28e-01,-1.06e-04,4.40e+01,
4863,3.28e-01,-1.60e+00,4.40e+01,
4864,3.28e-01,-1.06e-04,4.40e+01,
4865,3.28e-01,-1.06e-04,4.40e+01,
4866,3.28e-01,-1.06e-04,4.40e+01,
4867,3.28e-01,-1.06e-04,4.40e+01,
4868,3.28e-01,-1.06e-04,4.40e+01,
4869,3.28e-01,-1.60e+00,4.40e+01,
4870,3.28e-01,-1.06e-04,4.40e+01,
4871,3.28e-01,-1.06e-04,4.40e+01,
4872,3.28e-01,-1.06e-04,4.40e+01,
4873,3.28e-01,-1.60e+00,4.40e+01,
4874,3.28e-01,-1.06e-04,4.40e+01,
4875,3.28e-01,-1.06e-04,4.40e+01,
4876,3.28e-01,-1.06e-04,4.40e+01,
4877,3.28e-01,-1.60e+00,4.40e+01,
4878,3.28e-01,-1.06e-04,4.40e+01,
4879,3.28e-01,-1.06e-04,4.40e+01,
4880,3.28e-01,-1.06e-04,4.40e+01,
4881,3.28e-01,-1.06e-04,4.40e+01,
4882,3.28e-01,-1.06e-04,4.40e+01,
4883,3.28e-01,-1.06e-04,4.40e+01,
4884,3.28e-01,-1.06e-04,4.40e+01,
4885,3.28e-01,-1.06e-04,4.40e+01,
4886,3.28e-01,-1.06e-04,4.40e+01,
4887,3.28e-01,-1.60e+00,4.40e+01,
4888,3.28e-01,-1.06e-04,4.40e+01,
4889,3.28e-01,-1.60e+00,4.40e+01,
4890,3.28e-01,-1.06e-04,4.40e+01,
4891,3.28e-01,-1.06e-04,4.40e+01,
4892,3.28e-01,-1.06e-04,4.40e+01,
4893,3.28e-01,-1.06e-04,4.40e+01,
4894,3.28e-01,-1.06e-04,4.40e+01,
4895,3.28e-01,-1.06e-04,4.40e+01,
4896,3.28e-01,-1.06e-04,4.40e+01,
4897,3.28e-01,-1.06e-04,4.40e+01,
4898,3.28e-01,-1.06e-04,4.40e+01,
4899,3.28e-01,-1.60e+00,4.40e+01,
4900,3.28e-01,-1.06e-04,4.40e+01,
4901,3.28e-01,-1.06e-04,4.40e+01,
4902,3.28e-01,-1.06e-04,4.40e+01,
4903,3.28e-01,-1.06e-04,4.40e+01,
4904,3.28e-01,-1.06e-04,4.40e+01,
4905,3.28e-01,-1.60e+00,4.40e+01,
4906,3.28e-01,-1.06e-04,4.40e+01,
4907,3.12e-01,-1.60e+00,4.40e+01,
4908,2.64e-01,-1.60e+00,4.40e+01,
4909,2.32e-01,-1.60e+00,4.40e+01,
4910,2.40e-01,-1.60e+00,4.40e+01,
4911,2.80e-01,-1.60e+00,4.40e+01,
4912,3.04e-01,-1.06e-04,4.40e+01,
4913,3.04e-01,-1.06e-04,4.40e+01,
4914,3.12e-01,-1.06e-04,4.40e+01,
4915,3.12e-01,-1.60e+00,4.40e+01,
4916,3.12e-01,-1.06e-04,4.40e+01,
4917,3.12e-01,-1.06e-04,4.40e+01,
4918,3.12e-01,-1.06e-04,4.40e+01,
4919,3.12e-01,-1.06e-04,4.40e+01,
4920,3.12e-01,-1.06e-04,4.40e+01,
4921,3.12e-01,-1.60e+00,4.40e+01,
4922,3.12e-01,-1.06e-04,4.40e+01,
4923,3.12e-01,-1.06e-04,4.38e+01,
4924,3.12e-01,-1.06e-04,4.40e+01,
4925,3.12e-01,-1.06e-04,4.40e+01,
4926,3.12e-01,-1.06e-04,4.40e+01,
4927,3.12e-01,-1.06e-04,4.40e+01,
4928,3.12e-01,-1.06e-04,4.40e+01,
4929,3.28e-01,-1.06e-04,4.40e+01,
4930,3.28e-01,-1.06e-04,4.40e+01,
4931,3.28e-01,-1.60e+00,4.38e+01,
4932,3.28e-01,-1.06e-04,4.40e+01,
4933,3.28e-01,-1.06e-04,4.40e+01,
4934,3.28e-01,-1.06e-04,4.40e+01,
4935,3.28e-01,-1.06e-04,4.38e+01,
4936,3.28e-01,-1.06e-04,4.40e+01,
4937,3.28e-01,-1.06e-04,4.40e+01,
4938,3.28e-01,-1.06e-04,4.40e+01,
4939,3.28e-01,-1.06e-04,4.38e+01,
4940,3.28e-01,-1.06e-04,4.40e+01,
4941,3.28e-01,-1.06e-04,4.38e+01,
4942,3.28e-01,-1.06e-04,4.38e+01,
4943,3.28e-01,-1.60e+00,4.38e+01,
4944,3.28e-01,-1.06e-04,4.40e+01,
4945,3.28e-01,-1.06e-04,4.40e+01,
4946,3.28e-01,-1.06e-04,4.38e+01,
4947,3.28e-01,-1.06e-04,4.38e+01,
4948,3.28e-01,-1.06e-04,4.38e+01,
4949,3.28e-01,-1.06e-04,4.38e+01,
4950,3.28e-01,-1.06e-04,4.38e+01,
4951,3.28e-01,-1.06e-04,4.38e+01,
4952,3.36e-01,-1.06e-04,4.38e+01,
4953,3.36e-01,-1.06e-04,4.38e+01,
4954,3.28e-01,-1.06e-04,4.40e+01,
4955,3.28e-01,-1.06e-04,4.40e+01,
4956,3.28e-01,-1.06e-04,4.40e+01,
4957,3.36e-01,-1.06e-04,4.38e+01,
4958,3.36e-01,-1.06e-04,4.40e+01,
4959,3.28e-01,-1.06e-04,4.40e+01,
4960,3.36e-01,-1.06e-04,4.38e+01,
4961,3.36e-01,-1.06e-04,4.40e+01,
4962,3.28e-01,-1.06e-04,4.40e+01,
4963,3.28e-01,-1.06e-04,4.38e+01,
4964,3.28e-01,-1.06e-04,4.40e+01,
4965,3.28e-01,-1.06e-04,4.40e+01,
4966,3.28e-01,-1.06e-04,4.38e+01,
4967,3.28e-01,-1.06e-04,4.38e+01,
4968,3.28e-01,8.00e-01,4.38e+01,
4969,3.28e-01,8.00e-01,4.38e+01,
4970,3.28e-01,8.00e-01,4.38e+01,
4971,3.28e-01,8.00e-01,4.38e+01,
4972,3.28e-01,8.00e-01,4.40e+01,
4973,3.36e-01,8.00e-01,4.38e+01,
4974,3.36e-01,2.40e+00,4.40e+01,
4975,3.36e-01,2.40e+00,4.38e+01,
4976,3.28e-01,2.40e+00,4.38e+01,
4977,3.36e-01,2.40e+00,4.38e+01,
4978,3.36e-01,3.20e+00,4.38e+01,
4979,3.28e-01,3.20e+00,4.38e+01,
4980,3.28e-01,3.20e+00,4.40e+01,
4981,3.36e-01,3.20e+00,4.38e+01,
4982,3.28e-01,4.80e+00,4.38e+01,
4983,3.28e-01,4.80e+00,4.38e+01,
4984,3.28e-01,4.80e+00,4.40e+01,
4985,3.28e-01,4.80e+00,4.38e+01,
4986,3.28e-01,6.40e+00,4.40e+01,
4987,3.28e-01,6.40e+00,4.38e+01,
4988,3.28e-01,7.20e+00,4.38e+01,
4989,3.12e-01,8.80e+00,4.38e+01,
4990,3.12e-01,1.12e+01,4.38e+01,
4991,3.04e-01,1.20e+01,4.38e+01,
4992,2.88e-01,1.60e+01,4.40e+01,
4993,2.80e-01,2.00e+01,4.40e+01,
4994,2.56e-01,2.56e+01,4.40e+01,
4995,2.32e-01,3.28e+01,4.40e+01,
4996,1.92e-01,4.08e+01,4.44e+01,
4997,-8.00e-03,4.88e+01,4.56e+01,
4998,-7.20e-01,5.20e+01,4.96e+01,
4999,-9.84e-01,5.20e+01,5.00e+01,
5000,-9.60e-01,5.20e+01,4.96e+01,
5001,-8.40e-01,5.04e+01,4.90e+01,
5002,-6.72e-01,5.04e+01,4.90e+01,
5003,-4.64e-01,4.88e+01,4.80e+01,
5004,-2.40e-01,4.80e+01,4.74e+01,
5005,-8.00e-03,4.64e+01,4.72e+01,
5006,1.12e-01,4.64e+01,4.68e+01,
5007,4.80e-02,4.80e+01,4.78e+01,
5008,-1.04e-01,4.88e+01,4.94e+01,
5009,-2.00e-01,5.04e+01,5.00e+01,
5010,-1.52e-01,5.04e+01,5.00e+01,
5011,-8.00e-03,4.88e+01,4.96e+01,
5012,8.80e-02,4.88e+01,4.94e+01,
5013,2.40e-02,5.04e+01,5.06e+01,
5014,-9.60e-02,5.20e+01,5.16e+01,
5015,-1.68e-01,5.20e+01,5.18e+01,
5016,-1.20e-01,5.20e+01,5.18e+01,
5017,0.00e+00,5.20e+01,5.18e+01,
5018,4.80e-02,5.20e+01,5.18e+01,
5019,0.00e+00,5.20e+01,5.24e+01,
5020,-9.60e-02,5.28e+01,5.30e+01,
5021,-1.28e-01,5.28e+01,5.34e+01,
5022,-8.00e-02,5.28e+01,5.30e+01,
5023,0.00e+00,5.28e+01,5.28e+01,
5024,2.40e-02,5.28e+01,5.30e+01,
5025,-2.40e-02,5.28e+01,5.36e+01,
5026,-9.60e-02,5.44e+01,5.40e+01,
5027,-1.04e-01,5.44e+01,5.40e+01,
5028,-4.80e-02,5.28e+01,5.36e+01,
5029,0.00e+00,5.28e+01,5.36e+01,
5030,0.00e+00,5.28e+01,5.36e+01,
5031,-3.20e-02,5.44e+01,5.40e+01,
5032,-8.00e-02,5.44e+01,5.44e+01,
5033,-8.00e-02,5.44e+01,5.40e+01,
5034,-3.20e-02,5.28e+01,5.36e+01,
5035,0.00e+00,5.28e+01,5.36e+01,
5036,-8.00e-03,5.28e+01,5.36e+01,
5037,-4.80e-02,5.28e+01,5.36e+01,
5038,-7.20e-02,5.28e+01,5.36e+01,
5039,-7.20e-02,5.28e+01,5.34e+01,
5040,-3.20e-02,5.28e+01,5.34e+01,
5041,-8.00e-03,5.28e+01,5.30e+01,
5042,-2.40e-02,5.28e+01,5.30e+01,
5043,-4.80e-02,5.20e+01,5.30e+01,
5044,-5.60e-02,5.20e+01,5.28e+01,
5045,-5.60e-02,5.20e+01,5.28e+01,
5046,-2.72e-01,4.88e+01,5.40e+01,
5047,-8.24e-01,4.16e+01,5.68e+01,
5048,6.40e-02,3.44e+01,5.06e+01,
5049,-1.76e-01,2.56e+01,5.34e+01,
5050,-5.60e-02,2.00e+01,5.28e+01,
5051,-8.00e-03,1.44e+01,5.30e+01,
5052,6.40e-02,1.12e+01,5.16e+01,
5053,1.20e-01,8.80e+00,5.30e+01,
5054,9.60e-02,7.20e+00,5.22e+01,
5055,1.92e-01,6.40e+00,5.16e+01,
5056,1.60e-01,6.40e+00,5.30e+01,
5057,1.92e-01,6.40e+00,5.22e+01,
5058,2.16e-01,7.20e+00,5.22e+01,
5059,1.68e-01,8.80e+00,5.28e+01,
5060,1.92e-01,1.12e+01,5.24e+01,
5061,1.68e-01,1.36e+01,5.24e+01,
5062,1.20e-01,1.84e+01,5.30e+01,
5063,7.20e-02,2.48e+01,5.28e+01,
5064,2.40e-02,3.28e+01,5.30e+01,
5065,-5.60e-02,4.16e+01,5.36e+01,
5066,-1.20e-01,5.04e+01,5.34e+01,
5067,-3.44e-01,5.76e+01,5.52e+01,
5068,-8.00e-01,5.92e+01,5.80e+01,
5069,-3.92e-01,5.44e+01,5.44e+01,
5070,3.28e-01,4.88e+01,5.06e+01,
5071,5.92e-01,4.88e+01,5.02e+01,
5072,2.16e-01,5.20e+01,5.30e+01,
5073,-3.68e-01,5.52e+01,5.58e+01,
5074,-5.52e-01,5.68e+01,5.62e+01,
5075,-1.92e-01,5.28e+01,5.34e+01,
5076,2.80e-01,4.88e+01,5.08e+01,
5077,2.40e-01,4.88e+01,5.30e+01,
5078,-1.02e+00,4.16e+01,5.96e+01,
5079,3.04e-01,3.68e+01,4.94e+01,
5080,-9.60e-02,3.20e+01,5.56e+01,
5081,-9.60e-02,2.48e+01,5.24e+01,
5082,-8.00e-03,2.08e+01,5.40e+01,
5083,1.36e-01,1.84e+01,5.24e+01,
5084,4.00e-02,1.60e+01,5.46e+01,
5085,6.40e-02,1.44e+01,5.24e+01,
5086,1.68e-01,1.44e+01,5.30e+01,
5087,7.20e-02,1.44e+01,5.36e+01,
5088,1.44e-01,1.44e+01,5.30e+01,
5089,1.36e-01,1.60e+01,5.28e+01,
5090,8.80e-02,1.84e+01,5.40e+01,
5091,1.12e-01,2.08e+01,5.30e+01,
5092,6.40e-02,2.48e+01,5.34e+01,
5093,4.00e-02,2.96e+01,5.40e+01,
5094,1.60e-02,3.44e+01,5.30e+01,
5095,-4.80e-02,3.92e+01,5.36e+01,
5096,-8.00e-02,4.56e+01,5.40e+01,
5097,-1.04e-01,4.88e+01,5.36e+01,
5098,-1.52e-01,5.28e+01,5.36e+01,
5099,-2.40e-01,5.44e+01,5.46e+01,
5100,-2.48e-01,5.44e+01,5.40e+01,
5101,-5.60e-02,5.20e+01,5.30e+01,
5102,1.60e-01,5.04e+01,5.18e+01,
5103,-1.28e-01,4.80e+01,5.44e+01,
5104,-7.20e-02,4.64e+01,5.46e+01,
5105,-2.48e-01,3.84e+01,5.24e+01,
5106,1.44e-01,3.68e+01,5.30e+01,
5107,-1.20e-01,3.04e+01,5.44e+01,
5108,-1.04e-01,2.72e+01,5.24e+01,
5109,9.60e-02,2.32e+01,5.30e+01,
5110,1.60e-02,2.08e+01,5.36e+01,
5111,2.40e-02,2.00e+01,5.18e+01,
5112,8.80e-02,1.84e+01,5.30e+01,
5113,8.80e-02,1.68e+01,5.30e+01,
5114,9.60e-02,1.84e+01,5.24e+01,
5115,9.60e-02,1.84e+01,5.28e+01,
5116,7.20e-02,2.00e+01,5.30e+01,
5117,8.80e-02,2.24e+01,5.24e+01,
5118,6.40e-02,2.48e+01,5.28e+01,
5119,4.00e-02,2.80e+01,5.34e+01,
5120,2.40e-02,3.20e+01,5.28e+01,
5121,-2.40e-02,3.60e+01,5.30e+01,
5122,-4.80e-02,4.08e+01,5.30e+01,
5123,-7.20e-02,4.40e+01,5.30e+01,
5124,-1.04e-01,4.64e+01,5.34e+01,
5125,-1.20e-01,4.88e+01,5.34e+01,
5126,-1.28e-01,5.04e+01,5.30e+01,
5127,-1.44e-01,5.04e+01,5.34e+01,
5128,-1.28e-01,4.88e+01,5.30e+01,
5129,-1.28e-01,4.64e+01,5.30e+01,
5130,-1.20e-01,4.32e+01,5.34e+01,
5131,-1.04e-01,3.92e+01,5.30e+01,
5132,-8.00e-02,3.60e+01,5.30e+01,
5133,-4.80e-02,3.20e+01,5.30e+01,
5134,-3.20e-02,2.96e+01,5.28e+01,
5135,0.00e+00,2.56e+01,5.28e+01,
5136,1.60e-02,2.32e+01,5.28e+01,
5137,4.00e-02,2.24e+01,5.28e+01,
5138,6.40e-02,2.08e+01,5.28e+01,
5139,6.40e-02,2.00e+01,5.28e+01,
5140,7.20e-02,2.08e+01,5.28e+01,
5141,7.20e-02,2.08e+01,5.30e+01,
5142,7.20e-02,2.24e+01,5.28e+01,
5143,6.40e-02,2.32e+01,5.28e+01,
5144,4.80e-02,2.56e+01,5.30e+01,
5145,2.40e-02,2.80e+01,5.30e+01,
5146,1.60e-02,3.20e+01,5.30e+01,
5147,-2.40e-02,3.60e+01,5.30e+01,
5148,-3.20e-02,3.84e+01,5.34e+01,
5149,-5.60e-02,4.16e+01,5.34e+01,
5150,-8.00e-02,4.40e+01,5.34e+01,
5151,-9.60e-02,4.56e+01,5.34e+01,
5152,-1.04e-01,4.64e+01,5.34e+01,
5153,-1.20e-01,4.64e+01,5.34e+01,
5154,-1.20e-01,4.56e+01,5.34e+01,
5155,-1.20e-01,4.40e+01,5.34e+01,
5156,-9.60e-02,4.16e+01,5.34e+01,
5157,-8.00e-02,3.92e+01,5.34e+01,
5158,-7.20e-02,3.60e+01,5.34e+01,
5159,-4.80e-02,3.28e+01,5.30e+01,
5160,-2.40e-02,2.96e+01,5.30e+01,
5161,-8.00e-03,2.72e+01,5.30e+01,
5162,1.60e-02,2.56e+01,5.30e+01,
5163,2.40e-02,2.32e+01,5.30e+01,
5164,4.00e-02,2.32e+01,5.30e+01,
5165,4.80e-02,2.24e+01,5.30e+01,
5166,6.40e-02,2.24e+01,5.30e+01,
5167,6.40e-02,2.32e+01,5.30e+01,
5168,4.80e-02,2.32e+01,5.30e+01,
5169,4.80e-02,2.56e+01,5.30e+01,
5170,4.00e-02,2.72e+01,5.30e+01,
5171,2.40e-02,2.96e+01,5.30e+01,
5172,0.00e+00,3.20e+01,5.34e+01,
5173,-8.00e-03,3.44e+01,5.34e+01,
5174,-3.20e-02,3.68e+01,5.34e+01,
5175,-5.60e-02,3.92e+01,5.30e+01,
5176,-7.20e-02,4.16e+01,5.34e+01,
5177,-8.00e-02,4.32e+01,5.34e+01,
5178,-9.60e-02,4.40e+01,5.34e+01,
5179,-9.60e-02,4.40e+01,5.34e+01,
5180,-9.60e-02,4.32e+01,5.34e+01,
5181,-9.60e-02,4.16e+01,5.30e+01,
5182,-8.00e-02,4.08e+01,5.30e+01,
5183,-7.20e-02,3.84e+01,5.30e+01,
5184,-5.60e-02,3.60e+01,5.30e+01,
5185,-4.80e-02,3.28e+01,5.30e+01,
5186,-2.40e-02,3.04e+01,5.30e+01,
5187,-8.00e-03,2.80e+01,5.28e+01,
5188,1.60e-02,2.72e+01,5.28e+01,
5189,2.40e-02,2.56e+01,5.28e+01,
5190,4.00e-02,2.48e+01,5.28e+01,
5191,4.00e-02,2.48e+01,5.28e+01,
5192,4.80e-02,2.48e+01,5.28e+01,
5193,4.80e-02,2.48e+01,5.28e+01,
5194,4.00e-02,2.56e+01,5.28e+01,
5195,4.00e-02,2.72e+01,5.28e+01,
5196,2.40e-02,2.80e+01,5.28e+01,
5197,1.60e-02,3.04e+01,5.28e+01,
5198,0.00e+00,3.20e+01,5.28e+01,
5199,-8.00e-03,3.44e+01,5.28e+01,
5200,-3.20e-02,3.68e+01,5.30e+01,
5201,-4.80e-02,3.84e+01,5.30e+01,
5202,-5.60e-02,4.08e+01,5.30e+01,
5203,-7.20e-02,4.08e+01,5.30e+01,
5204,-7.20e-02,4.16e+01,5.30e+01,
5205,-8.00e-02,4.16e+01,5.30e+01,
5206,-8.00e-02,4.16e+01,5.30e+01,
5207,-8.00e-02,4.08e+01,5.30e+01,
5208,-7.20e-02,3.84e+01,5.30e+01,
5209,-5.60e-02,3.68e+01,5.30e+01,
5210,-4.80e-02,3.44e+01,5.28e+01,
5211,-3.20e-02,3.28e+01,5.28e+01,
5212,-2.40e-02,3.04e+01,5.28e+01,
5213,-8.00e-03,2.96e+01,5.28e+01,
5214,0.00e+00,2.80e+01,5.28e+01,
5215,1.60e-02,2.72e+01,5.28e+01,
5216,2.40e-02,2.56e+01,5.28e+01,
5217,2.40e-02,2.56e+01,5.28e+01,
5218,2.40e-02,2.56e+01,5.28e+01,
5219,4.00e-02,2.56e+01,5.28e+01,
5220,4.00e-02,2.72e+01,5.28e+01,
5221,2.40e-02,2.80e+01,5.28e+01,
5222,1.60e-02,2.96e+01,5.28e+01,
5223,0.00e+00,3.04e+01,5.30e+01,
5224,0.00e+00,3.28e+01,5.30e+01,
5225,-2.40e-02,3.44e+01,5.30e+01,
5226,-3.20e-02,3.60e+01,5.30e+01,
5227,-4.80e-02,3.68e+01,5.30e+01,
5228,-4.80e-02,3.84e+01,5.30e+01,
5229,-5.60e-02,3.92e+01,5.30e+01,
5230,-7.20e-02,4.08e+01,5.30e+01,
5231,-7.20e-02,4.08e+01,5.30e+01,
5232,-7.20e-02,3.92e+01,5.30e+01,
5233,-7.20e-02,3.84e+01,5.30e+01,
5234,-5.60e-02,3.84e+01,5.30e+01,
5235,-5.60e-02,3.60e+01,5.30e+01,
5236,-4.80e-02,3.44e+01,5.30e+01,
5237,-3.20e-02,3.28e+01,5.30e+01,
5238,-2.40e-02,3.20e+01,5.30e+01,
5239,-8.00e-03,2.96e+01,5.28e+01,
5240,0.00e+00,2.80e+01,5.30e+01,
5241,1.60e-02,2.80e+01,5.28e+01,
5242,1.60e-02,2.72e+01,5.28e+01,
5243,1.60e-02,2.72e+01,5.28e+01,
5244,2.40e-02,2.72e+01,5.28e+01,
5245,2.40e-02,2.72e+01,5.28e+01,
5246,2.40e-02,2.80e+01,5.28e+01,
5247,1.60e-02,2.80e+01,5.28e+01,
5248,1.60e-02,2.96e+01,5.28e+01,
5249,0.00e+00,3.04e+01,5.30e+01,
5250,-8.00e-03,3.28e+01,5.30e+01,
5251,-2.40e-02,3.44e+01,5.30e+01,
5252,-3.20e-02,3.60e+01,5.30e+01,
5253,-3.20e-02,3.68e+01,5.30e+01,
5254,-4.80e-02,3.84e+01,5.30e+01,
5255,-5.60e-02,3.84e+01,5.30e+01,
5256,-5.60e-02,3.84e+01,5.30e+01,
5257,-5.60e-02,3.84e+01,5.30e+01,
5258,-5.60e-02,3.84e+01,5.30e+01,
5259,-5.60e-02,3.84e+01,5.28e+01,
5260,-5.60e-02,3.68e+01,5.28e+01,
5261,-4.80e-02,3.60e+01,5.28e+01,
5262,-3.20e-02,3.44e+01,5.28e+01,
5263,-3.20e-02,3.28e+01,5.28e+01,
5264,-2.40e-02,3.20e+01,5.28e+01,
5265,-8.00e-03,3.04e+01,5.28e+01,
5266,-8.00e-03,2.96e+01,5.28e+01,
5267,0.00e+00,2.96e+01,5.28e+01,
5268,1.60e-02,2.80e+01,5.28e+01,
5269,1.60e-02,2.80e+01,5.28e+01,
5270,1.60e-02,2.80e+01,5.24e+01,
5271,1.60e-02,2.80e+01,5.28e+01,
5272,1.60e-02,2.96e+01,5.28e+01,
5273,1.60e-02,2.96e+01,5.28e+01,
5274,0.00e+00,3.04e+01,5.28e+01,
5275,0.00e+00,3.20e+01,5.28e+01,
5276,-8.00e-03,3.28e+01,5.28e+01,
5277,-2.40e-02,3.44e+01,5.28e+01,
5278,-2.40e-02,3.60e+01,5.28e+01,
5279,-3.20e-02,3.60e+01,5.28e+01,
5280,-4.80e-02,3.68e+01,5.28e+01,
5281,-4.80e-02,3.68e+01,5.28e+01,
5282,-4.80e-02,3.84e+01,5.28e+01,
5283,-5.60e-02,3.84e+01,5.28e+01,
5284,-5.60e-02,3.68e+01,5.28e+01,
5285,-4.80e-02,3.68e+01,5.28e+01,
5286,-4.80e-02,3.60e+01,5.28e+01,
5287,-4.80e-02,3.44e+01,5.28e+01,
5288,-3.20e-02,3.44e+01,5.28e+01,
5289,-2.40e-02,3.28e+01,5.28e+01,
5290,-2.40e-02,3.20e+01,5.28e+01,
5291,-8.00e-03,3.04e+01,5.28e+01,
5292,-8.00e-03,3.04e+01,5.28e+01,
5293,0.00e+00,2.96e+01,5.28e+01,
5294,0.00e+00,2.96e+01,5.24e+01,
5295,0.00e+00,2.96e+01,5.28e+01,
5296,1.60e-02,2.96e+01,5.24e+01,
5297,1.60e-02,2.96e+01,5.28e+01,
5298,1.60e-02,2.96e+01,5.28e+01,
5299,0.00e+00,3.04e+01,5.28e+01,
5300,0.00e+00,3.04e+01,5.28e+01,
5301,-8.00e-03,3.20e+01,5.28e+01,
5302,-8.00e-03,3.28e+01,5.28e+01,
5303,-2.40e-02,3.44e+01,5.28e+01,
5304,-2.40e-02,3.44e+01,5.28e+01,
5305,-3.20e-02,3.60e+01,5.30e+01,
5306,-3.20e-02,3.60e+01,5.28e+01,
5307,-4.80e-02,3.68e+01,5.28e+01,
5308,-4.80e-02,3.68e+01,5.28e+01,
5309,-4.80e-02,3.68e+01,5.28e+01,
5310,-4.80e-02,3.68e+01,5.28e+01,
5311,-4.80e-02,3.60e+01,5.28e+01,
5312,-3.20e-02,3.60e+01,5.28e+01,
5313,-3.20e-02,3.44e+01,5.28e+01,
5314,-3.20e-02,3.28e+01,5.28e+01,
5315,-2.40e-02,3.28e+01,5.28e+01,
5316,-2.40e-02,3.20e+01,5.28e+01,
5317,-8.00e-03,3.04e+01,5.28e+01,
5318,-8.00e-03,3.04e+01,5.28e+01,
5319,0.00e+00,3.04e+01,5.28e+01,
5320,0.00e+00,2.96e+01,5.28e+01,
5321,0.00e+00,2.96e+01,5.28e+01,
5322,0.00e+00,2.96e+01,5.28e+01,
5323,0.00e+00,2.96e+01,5.28e+01,
5324,0.00e+00,3.04e+01,5.28e+01,
5325,0.00e+00,3.04e+01,5.28e+01,
5326,0.00e+00,3.20e+01,5.28e+01,
5327,-8.00e-03,3.20e+01,5.28e+01,
5328,-8.00e-03,3.28e+01,5.28e+01,
5329,-2.40e-02,3.28e+01,5.28e+01,
5330,-2.40e-02,3.44e+01,5.28e+01,
5331,-3.20e-02,3.44e+01,5.28e+01,
5332,-3.20e-02,3.60e+01,5.28e+01,
5333,-3.20e-02,3.60e+01,5.28e+01,
5334,-4.80e-02,3.60e+01,5.28e+01,
5335,-4.80e-02,3.60e+01,5.28e+01,
5336,-3.20e-02,3.60e+01,5.28e+01,
5337,-3.20e-02,3.60e+01,5.28e+01,
5338,-3.20e-02,3.44e+01,5.24e+01,
5339,-3.20e-02,3.44e+01,5.28e+01,
5340,-2.40e-02,3.28e+01,5.28e+01,
5341,-2.40e-02,3.28e+01,5.28e+01,
5342,-2.40e-02,3.20e+01,5.24e+01,
5343,-8.00e-03,3.20e+01,5.24e+01,
5344,-8.00e-03,3.04e+01,5.24e+01,
5345,-8.00e-03,3.04e+01,5.28e+01,
5346,0.00e+00,3.04e+01,5.24e+01,
5347,0.00e+00,3.04e+01,5.24e+01,
5348,0.00e+00,3.04e+01,5.24e+01,
5349,0.00e+00,3.04e+01,5.24e+01,
5350,0.00e+00,3.04e+01,5.24e+01,
5351,0.00e+00,3.04e+01,5.24e+01,
5352,-8.00e-03,3.20e+01,5.28e+01,
5353,-8.00e-03,3.20e+01,5.24e+01,
5354,-8.00e-03,3.28e+01,5.24e+01,
5355,-2.40e-02,3.28e+01,5.24e+01,
5356,-2.40e-02,3.44e+01,5.24e+01,
5357,-2.40e-02,3.44e+01,5.24e+01,
5358,-3.20e-02,3.60e+01,5.24e+01,
5359,-3.20e-02,3.60e+01,5.28e+01,
5360,-3.20e-02,3.60e+01,5.28e+01,
5361,-3.20e-02,3.60e+01,5.24e+01,
5362,-3.20e-02,3.60e+01,5.24e+01,
5363,-3.20e-02,3.44e+01,5.24e+01,
5364,-3.20e-02,3.44e+01,5.24e+01,
5365,-2.40e-02,3.44e+01,5.28e+01,
5366,-2.40e-02,3.28e+01,5.24e+01,
5367,-2.40e-02,3.28e+01,5.24e+01,
5368,-2.40e-02,3.20e+01,5.24e+01,
5369,-8.00e-03,3.20e+01,5.24e+01,
5370,-8.00e-03,3.20e+01,5.24e+01,
5371,-8.00e-03,3.04e+01,5.24e+01,
5372,0.00e+00,3.04e+01,5.24e+01,
5373,0.00e+00,3.04e+01,5.24e+01,
5374,0.00e+00,3.04e+01,5.24e+01,
5375,-8.00e-03,3.04e+01,5.24e+01,
5376,-8.00e-03,3.04e+01,5.24e+01,
5377,0.00e+00,3.20e+01,5.28e+01,
5378,-8.00e-03,3.20e+01,5.24e+01,
5379,-8.00e-03,3.20e+01,5.24e+01,
5380,-8.00e-03,3.28e+01,5.24e+01,
5381,-2.40e-02,3.28e+01,5.28e+01,
5382,-2.40e-02,3.44e+01,5.24e+01,
5383,-2.40e-02,3.44e+01,5.24e+01,
5384,-3.20e-02,3.44e+01,5.24e+01,
5385,-3.20e-02,3.44e+01,5.28e+01,
5386,-3.20e-02,3.60e+01,5.24e+01,
5387,-3.20e-02,3.44e+01,5.28e+01,
5388,-3.20e-02,3.44e+01,5.24e+01,
5389,-3.20e-02,3.44e+01,5.24e+01,
5390,-3.20e-02,3.44e+01,5.24e+01,
5391,-3.20e-02,3.28e+01,5.28e+01,
5392,-2.40e-02,3.28e+01,5.28e+01,
5393,-2.40e-02,3.28e+01,5.24e+01,
5394,-2.40e-02,3.20e+01,5.24e+01,
5395,-8.00e-03,3.20e+01,5.24e+01,
5396,-8.00e-03,3.20e+01,5.24e+01,
5397,-8.00e-03,3.20e+01,5.24e+01,
5398,-8.00e-03,3.20e+01,5.24e+01,
5399,-8.00e-03,3.04e+01,5.24e+01,
5400,-8.00e-03,3.04e+01,5.24e+01,
5401,-8.00e-03,3.04e+01,5.24e+01,
5402,-8.00e-03,3.20e+01,5.24e+01,
5403,-8.00e-03,3.20e+01,5.24e+01,
5404,-8.00e-03,3.20e+01,5.24e+01,
5405,-8.00e-03,3.28e+01,5.28e+01,
5406,-8.00e-03,3.28e+01,5.24e+01,
5407,-2.40e-02,3.28e+01,5.24e+01,
5408,-2.40e-02,3.44e+01,5.24e+01,
5409,-2.40e-02,3.44e+01,5.24e+01,
5410,-2.40e-02,3.44e+01,5.24e+01,
5411,-2.40e-02,3.44e+01,5.24e+01,
5412,-3.20e-02,3.44e+01,5.24e+01,
5413,-2.40e-02,3.44e+01,5.24e+01,
5414,-2.40e-02,3.44e+01,5.24e+01,
5415,-2.40e-02,3.44e+01,5.24e+01,
5416,-2.40e-02,3.44e+01,5.24e+01,
5417,-2.40e-02,3.28e+01,5.24e+01,
5418,-2.40e-02,3.28e+01,5.24e+01,
5419,-2.40e-02,3.28e+01,5.24e+01,
5420,-2.40e-02,3.20e+01,5.24e+01,
5421,-8.00e-03,3.20e+01,5.24e+01,
5422,-8.00e-03,3.20e+01,5.24e+01,
5423,-8.00e-03,3.20e+01,5.24e+01,
5424,-8.00e-03,3.20e+01,5.24e+01,
5425,-8.00e-03,3.20e+01,5.24e+01,
5426,-8.00e-03,3.20e+01,5.24e+01,
5427,-8.00e-03,3.20e+01,5.24e+01,
5428,-8.00e-03,3.20e+01,5.24e+01,
5429,-8.00e-03,3.20e+01,5.24e+01,
5430,-8.00e-03,3.20e+01,5.24e+01,
5431,-8.00e-03,3.28e+01,5.24e+01,
5432,-8.00e-03,3.28e+01,5.22e+01,
5433,-2.40e-02,3.28e+01,5.24e+01,
5434,-2.40e-02,3.28e+01,5.24e+01,
5435,-2.40e-02,3.44e+01,5.24e+01,
5436,-2.40e-02,3.44e+01,5.24e+01,
5437,-2.40e-02,3.44e+01,5.24e+01,
5438,-2.40e-02,3.44e+01,5.24e+01,
5439,-2.40e-02,3.44e+01,5.24e+01,
5440,-2.40e-02,3.44e+01,5.24e+01,
5441,-2.40e-02,3.44e+01,5.24e+01,
5442,-2.40e-02,3.28e+01,5.24e+01,
5443,-2.40e-02,3.28e+01,5.24e+01,
5444,-2.40e-02,3.28e+01,5.24e+01,
5445,-2.40e-02,3.28e+01,5.24e+01,
5446,-2.40e-02,3.28e+01,5.24e+01,
5447,-2.40e-02,3.20e+01,5.24e+01,
5448,-8.00e-03,3.20e+01,5.24e+01,
5449,-8.00e-03,3.20e+01,5.24e+01,
5450,-8.00e-03,3.20e+01,5.24e+01,
5451,-8.00e-03,3.20e+01,5.24e+01,
5452,-8.00e-03,3.20e+01,5.24e+01,
5453,-8.00e-03,3.20e+01,5.24e+01,
5454,-8.00e-03,3.20e+01,5.24e+01,
5455,-8.00e-03,3.20e+01,5.24e+01,
5456,-8.00e-03,3.20e+01,5.24e+01,
5457,-8.00e-03,3.28e+01,5.24e+01,
5458,-2.40e-02,3.28e+01,5.24e+01,
5459,-2.40e-02,3.28e+01,5.24e+01,
5460,-2.40e-02,3.28e+01,5.24e+01,
5461,-2.40e-02,3.28e+01,5.24e+01,
5462,-2.40e-02,3.44e+01,5.24e+01,
5463,-2.40e-02,3.44e+01,5.24e+01,
5464,-2.40e-02,3.44e+01,5.24e+01,
5465,-2.40e-02,3.44e+01,5.24e+01,
5466,-2.40e-02,3.44e+01,5.24e+01,
5467,-2.40e-02,3.28e+01,5.24e+01,
5468,-2.40e-02,3.28e+01,5.24e+01,
5469,-2.40e-02,3.28e+01,5.24e+01,
5470,-2.40e-02,3.28e+01,5.24e+01,
5471,-2.40e-02,3.28e+01,5.24e+01,
5472,-8.00e-03,3.28e+01,5.24e+01,
5473,-8.00e-03,3.20e+01,5.24e+01,
5474,-8.00e-03,3.20e+01,5.24e+01,
5475,-8.00e-03,3.20e+01,5.24e+01,
5476,-8.00e-03,3.20e+01,5.24e+01,
5477,-8.00e-03,3.20e+01,5.24e+01,
5478,-8.00e-03,3.20e+01,5.24e+01,
5479,-8.00e-03,3.20e+01,5.22e+01,
5480,-8.00e-03,3.20e+01,5.22e+01,
5481,-8.00e-03,3.20e+01,5.24e+01,
5482,-8.00e-03,3.28e+01,5.24e+01,
5483,-8.00e-03,3.28e+01,5.22e+01,
5484,-8.00e-03,3.28e+01,5.24e+01,
5485,-2.40e-02,3.28e+01,5.24e+01,
5486,-2.40e-02,3.28e+01,5.22e+01,
5487,-2.40e-02,3.28e+01,5.24e+01,
5488,-2.40e-02,3.28e+01,5.24e+01,
5489,-2.40e-02,3.28e+01,5.24e+01,
5490,-2.40e-02,3.44e+01,5.24e+01,
5491,-2.40e-02,3.28e+01,5.22e+01,
5492,-2.40e-02,3.28e+01,5.24e+01,
5493,-2.40e-02,3.28e+01,5.22e+01,
5494,-2.40e-02,3.28e+01,5.22e+01,
5495,-2.40e-02,3.28e+01,5.22e+01,
5496,-2.40e-02,3.28e+01,5.24e+01,
5497,-2.40e-02,3.28e+01,5.22e+01,
5498,-8.00e-03,3.28e+01,5.22e+01,
5499,-8.00e-03,3.20e+01,5.22e+01,
5500,-8.00e-03,3.20e+01,5.22e+01,
5501,-8.00e-03,3.20e+01,5.22e+01,
5502,-8.00e-03,3.20e+01,5.22e+01,
5503,-8.00e-03,3.20e+01,5.22e+01,
5504,-8.00e-03,3.20e+01,5.22e+01,
5505,-8.00e-03,3.20e+01,5.22e+01,
5506,-8.00e-03,3.20e+01,5.22e+01,
5507,-8.00e-03,3.20e+01,5.22e+01,
5508,-8.00e-03,3.28e+01,5.22e+01,
5509,-8.00e-03,3.28e+01,5.22e+01,
5510,-8.00e-03,3.28e+01,5.22e+01,
5511,-2.40e-02,3.28e+01,5.22e+01,
5512,-2.40e-02,3.28e+01,5.22e+01,
5513,-2.40e-02,3.28e+01,5.22e+01,
5514,-2.40e-02,3.28e+01,5.22e+01,
5515,-2.40e-02,3.28e+01,5.22e+01,
5516,-2.40e-02,3.28e+01,5.22e+01,
5517,-2.40e-02,3.28e+01,5.22e+01,
5518,-2.40e-02,3.28e+01,5.22e+01,
5519,-2.40e-02,3.28e+01,5.22e+01,
5520,-2.40e-02,3.28e+01,5.22e+01,
5521,-2.40e-02,3.28e+01,5.22e+01,
5522,-2.40e-02,3.28e+01,5.22e+01,
5523,-2.40e-02,3.28e+01,5.22e+01,
5524,-8.00e-03,3.28e+01,5.22e+01,
5525,-8.00e-03,3.20e+01,5.22e+01,
5526,-8.00e-03,3.20e+01,5.22e+01,
5527,-8.00e-03,3.20e+01,5.22e+01,
5528,-8.00e-03,3.20e+01,5.22e+01,
5529,-8.00e-03,3.20e+01,5.22e+01,
5530,-8.00e-03,3.20e+01,5.22e+01,
5531,-8.00e-03,3.20e+01,5.22e+01,
5532,-8.00e-03,3.20e+01,5.22e+01,
5533,-8.00e-03,3.28e+01,5.22e+01,
5534,-8.00e-03,3.28e+01,5.22e+01,
5535,-8.00e-03,3.28e+01,5.22e+01,
5536,-8.00e-03,3.28e+01,5.22e+01,
5537,-2.40e-02,3.28e+01,5.22e+01,
5538,-2.40e-02,3.28e+01,5.22e+01,
5539,-2.40e-02,3.28e+01,5.22e+01,
5540,-2.40e-02,3.28e+01,5.22e+01,
5541,-2.40e-02,3.28e+01,5.22e+01,
5542,-2.40e-02,3.28e+01,5.22e+01,
5543,-2.40e-02,3.28e+01,5.22e+01,
5544,-2.40e-02,3.28e+01,5.22e+01,
5545,-2.40e-02,3.28e+01,5.22e+01,
5546,-2.40e-02,3.28e+01,5.22e+01,
5547,-2.40e-02,3.28e+01,5.22e+01,
5548,-8.00e-03,3.28e+01,5.22e+01,
5549,-8.00e-03,3.28e+01,5.22e+01,
5550,-8.00e-03,3.28e+01,5.22e+01,
5551,-8.00e-03,3.28e+01,5.22e+01,
5552,-8.00e-03,3.20e+01,5.22e+01,
5553,-8.00e-03,3.20e+01,5.22e+01,
5554,-8.00e-03,3.28e+01,5.22e+01,
5555,-8.00e-03,3.20e+01,5.22e+01,
5556,-8.00e-03,3.20e+01,5.22e+01,
5557,-8.00e-03,3.20e+01,5.22e+01,
5558,-8.00e-03,3.28e+01,5.22e+01,
5559,-8.00e-03,3.28e+01,5.22e+01,
5560,-8.00e-03,3.28e+01,5.22e+01,
5561,-8.00e-03,3.28e+01,5.22e+01,
5562,-8.00e-03,3.28e+01,5.22e+01,
5563,-8.00e-03,3.28e+01,5.22e+01,
5564,-8.00e-03,3.28e+01,5.22e+01,
5565,-2.40e-02,3.28e+01,5.22e+01,
5566,-2.40e-02,3.28e+01,5.22e+01,
5567,-2.40e-02,3.28e+01,5.22e+01,
5568,-2.40e-02,3.28e+01,5.22e+01,
5569,-2.40e-02,3.28e+01,5.22e+01,
5570,-2.40e-02,3.28e+01,5.22e+01,
5571,-2.40e-02,3.28e+01,5.22e+01,
5572,-8.00e-03,3.28e+01,5.22e+01,
5573,-2.40e-02,3.28e+01,5.22e+01,
5574,-8.00e-03,3.28e+01,5.22e+01,
5575,-2.40e-02,3.28e+01,5.22e+01,
5576,-8.00e-03,3.28e+01,5.22e+01,
5577,-8.00e-03,3.28e+01,5.22e+01,
5578,-8.00e-03,3.28e+01,5.22e+01,
5579,-8.00e-03,3.20e+01,5.22e+01,
5580,-8.00e-03,3.20e+01,5.22e+01,
5581,-8.00e-03,3.28e+01,5.22e+01,
5582,-8.00e-03,3.28e+01,5.18e+01,
5583,-8.00e-03,3.28e+01,5.22e+01,
5584,-8.00e-03,3.28e+01,5.22e+01,
5585,-8.00e-03,3.28e+01,5.22e+01,
5586,-8.00e-03,3.28e+01,5.22e+01,
5587,-8.00e-03,3.28e+01,5.22e+01,
5588,-8.00e-03,3.28e+01,5.22e+01,
5589,-8.00e-03,3.28e+01,5.22e+01,
5590,-2.40e-02,3.28e+01,5.22e+01,
5591,-8.00e-03,3.28e+01,5.22e+01,
5592,-8.00e-03,3.28e+01,5.22e+01,
5593,-2.40e-02,3.28e+01,5.22e+01,
5594,-2.40e-02,3.28e+01,5.22e+01,
5595,-2.40e-02,3.28e+01,5.22e+01,
5596,-2.40e-02,3.28e+01,5.22e+01,
5597,-8.00e-03,3.28e+01,5.22e+01,
5598,-8.00e-03,3.28e+01,5.22e+01,
5599,-8.00e-03,3.28e+01,5.22e+01,
5600,-8.00e-03,3.28e+01,5.22e+01,
5601,-8.00e-03,3.28e+01,5.18e+01,
5602,-8.00e-03,3.28e+01,5.22e+01,
5603,-8.00e-03,3.28e+01,5.18e+01,
5604,-8.00e-03,3.28e+01,5.22e+01,
5605,-8.00e-03,3.28e+01,5.22e+01,
5606,-8.00e-03,3.28e+01,5.22e+01,
5607,-8.00e-03,3.28e+01,5.22e+01,
5608,-8.00e-03,3.28e+01,5.18e+01,
5609,-8.00e-03,3.28e+01,5.22e+01,
5610,-8.00e-03,3.28e+01,5.22e+01,
5611,-8.00e-03,3.28e+01,5.18e+01,
5612,-8.00e-03,3.28e+01,5.22e+01,
5613,-8.00e-03,3.28e+01,5.22e+01,
5614,-8.00e-03,3.28e+01,5.22e+01,
5615,-2.40e-02,3.28e+01,5.18e+01,
5616,-8.00e-03,3.28e+01,5.18e+01,
5617,-8.00e-03,3.28e+01,5.22e+01,
5618,-8.00e-03,3.28e+01,5.22e+01,
5619,-8.00e-03,3.28e+01,5.22e+01,
5620,-8.00e-03,3.28e+01,5.18e+01,
5621,-8.00e-03,3.28e+01,5.18e+01,
5622,-8.00e-03,3.28e+01,5.22e+01,
5623,-2.40e-02,3.28e+01,5.18e+01,
5624,-8.00e-03,3.28e+01,5.18e+01,
5625,-8.00e-03,3.28e+01,5.22e+01,
5626,-8.00e-03,3.28e+01,5.18e+01,
5627,-8.00e-03,3.28e+01,5.18e+01,
5628,-8.00e-03,3.28e+01,5.22e+01,
5629,-8.00e-03,3.28e+01,5.22e+01,
5630,-8.00e-03,3.28e+01,5.18e+01,
5631,-8.00e-03,3.28e+01,5.18e+01,
5632,-8.00e-03,3.28e+01,5.18e+01,
5633,-8.00e-03,3.28e+01,5.22e+01,
5634,-8.00e-03,3.28e+01,5.22e+01,
5635,-8.00e-03,3.28e+01,5.18e+01,
5636,-8.00e-03,3.28e+01,5.22e+01,
5637,-8.00e-03,3.28e+01,5.22e+01,
5638,-8.00e-03,3.28e+01,5.18e+01,
5639,-8.00e-03,3.28e+01,5.18e+01,
5640,-8.00e-03,3.28e+01,5.18e+01,
5641,-8.00e-03,3.28e+01,5.22e+01,
5642,-8.00e-03,3.28e+01,5.18e+01,
5643,-2.40e-02,3.28e+01,5.18e+01,
5644,-8.00e-03,3.28e+01,5.18e+01,
5645,-8.00e-03,3.28e+01,5.18e+01,
5646,-2.40e-02,3.28e+01,5.18e+01,
5647,-2.40e-02,3.28e+01,5.18e+01,
5648,-8.00e-03,3.28e+01,5.18e+01,
5649,-8.00e-03,3.28e+01,5.18e+01,
5650,-8.00e-03,3.28e+01,5.18e+01,
5651,-2.40e-02,3.28e+01,5.18e+01,
5652,-8.00e-03,3.28e+01,5.18e+01,
5653,-8.00e-03,3.28e+01,5.18e+01,
5654,-8.00e-03,3.28e+01,5.18e+01,
5655,-8.00e-03,3.28e+01,5.18e+01,
5656,-8.00e-03,3.28e+01,5.18e+01,
5657,-8.00e-03,3.28e+01,5.22e+01,
5658,-8.00e-03,3.28e+01,5.18e+01,
5659,-8.00e-03,3.28e+01,5.18e+01,
5660,-8.00e-03,3.28e+01,5.18e+01,
5661,-8.00e-03,3.28e+01,5.18e+01,
5662,-8.00e-03,3.28e+01,5.18e+01,
5663,-8.00e-03,3.28e+01,5.18e+01,
5664,-8.00e-03,3.28e+01,5.18e+01,
5665,-8.00e-03,3.28e+01,5.18e+01,
5666,-8.00e-03,3.28e+01,5.18e+01,
5667,-8.00e-03,3.28e+01,5.18e+01,
5668,-8.00e-03,3.28e+01,5.18e+01,
5669,-8.00e-03,3.28e+01,5.18e+01,
5670,-8.00e-03,3.28e+01,5.18e+01,
5671,-8.00e-03,3.28e+01,5.18e+01,
5672,-8.00e-03,3.28e+01,5.18e+01,
5673,-8.00e-03,3.28e+01,5.18e+01,
5674,-8.00e-03,3.28e+01,5.18e+01,
5675,-8.00e-03,3.28e+01,5.18e+01,
5676,-8.00e-03,3.28e+01,5.18e+01,
5677,-8.00e-03,3.28e+01,5.18e+01,
5678,-8.00e-03,3.28e+01,5.18e+01,
5679,-8.00e-03,3.28e+01,5.18e+01,
5680,-8.00e-03,3.28e+01,5.18e+01,
5681,-8.00e-03,3.28e+01,5.18e+01,
5682,-8.00e-03,3.28e+01,5.18e+01,
5683,-8.00e-03,3.28e+01,5.18e+01,
5684,-8.00e-03,3.28e+01,5.18e+01,
5685,-8.00e-03,3.28e+01,5.18e+01,
5686,-8.00e-03,3.28e+01,5.18e+01,
5687,-8.00e-03,3.28e+01,5.18e+01,
5688,-8.00e-03,3.28e+01,5.18e+01,
5689,-8.00e-03,3.28e+01,5.18e+01,
5690,-8.00e-03,3.28e+01,5.18e+01,
5691,-8.00e-03,3.28e+01,5.18e+01,
5692,-8.00e-03,3.28e+01,5.18e+01,
5693,-8.00e-03,3.28e+01,5.18e+01,
5694,-8.00e-03,3.28e+01,5.18e+01,
5695,-8.00e-03,3.28e+01,5.18e+01,
5696,-8.00e-03,3.28e+01,5.18e+01,
5697,-8.00e-03,3.28e+01,5.18e+01,
5698,-8.00e-03,3.28e+01,5.18e+01,
5699,-8.00e-03,3.28e+01,5.18e+01,
5700,-8.00e-03,3.28e+01,5.18e+01,
5701,-8.00e-03,3.28e+01,5.18e+01,
5702,-8.00e-03,3.28e+01,5.18e+01,
5703,-8.00e-03,3.28e+01,5.18e+01,
5704,-8.00e-03,3.28e+01,5.18e+01,
5705,-8.00e-03,3.28e+01,5.18e+01,
5706,-8.00e-03,3.28e+01,5.18e+01,
5707,-8.00e-03,3.28e+01,5.16e+01,
5708,-8.00e-03,3.28e+01,5.18e+01,
5709,-8.00e-03,3.28e+01,5.18e+01,
5710,-8.00e-03,3.28e+01,5.18e+01,
5711,-8.00e-03,3.28e+01,5.18e+01,
5712,-8.00e-03,3.28e+01,5.18e+01,
5713,-8.00e-03,3.28e+01,5.18e+01,
5714,-8.00e-03,3.28e+01,5.18e+01,
5715,-8.00e-03,3.28e+01,5.18e+01,
5716,-8.00e-03,3.28e+01,5.18e+01,
5717,-8.00e-03,3.28e+01,5.18e+01,
5718,-8.00e-03,3.28e+01,5.18e+01,
5719,-8.00e-03,3.28e+01,5.18e+01,
5720,-8.00e-03,3.28e+01,5.18e+01,
5721,-8.00e-03,3.28e+01,5.18e+01,
5722,-8.00e-03,3.28e+01,5.18e+01,
5723,-8.00e-03,3.28e+01,5.18e+01,
5724,-8.00e-03,3.28e+01,5.18e+01,
5725,-8.00e-03,3.28e+01,5.18e+01,
5726,-8.00e-03,3.28e+01,5.18e+01,
5727,-8.00e-03,3.28e+01,5.18e+01,
5728,-8.00e-03,3.28e+01,5.18e+01,
5729,-8.00e-03,3.28e+01,5.18e+01,
5730,-8.00e-03,3.28e+01,5.18e+01,
5731,-8.00e-03,3.28e+01,5.18e+01,
5732,-8.00e-03,3.28e+01,5.16e+01,
5733,-8.00e-03,3.28e+01,5.18e+01,
5734,-8.00e-03,3.28e+01,5.18e+01,
5735,-8.00e-03,3.28e+01,5.18e+01,
5736,-8.00e-03,3.28e+01,5.16e+01,
5737,-8.00e-03,3.28e+01,5.16e+01,
5738,-8.00e-03,3.28e+01,5.16e+01,
5739,-8.00e-03,3.28e+01,5.18e+01,
5740,-8.00e-03,3.28e+01,5.16e+01,
5741,-8.00e-03,3.28e+01,5.18e+01,
5742,-8.00e-03,3.28e+01,5.18e+01,
5743,-8.00e-03,3.28e+01,5.16e+01,
5744,-8.00e-03,3.28e+01,5.16e+01,
5745,-8.00e-03,3.28e+01,5.18e+01,
5746,-8.00e-03,3.28e+01,5.18e+01,
5747,-8.00e-03,3.28e+01,5.16e+01,
5748,-8.00e-03,3.28e+01,5.16e+01,
5749,-8.00e-03,3.28e+01,5.18e+01,
5750,-8.00e-03,3.28e+01,5.16e+01,
5751,-8.00e-03,3.28e+01,5.16e+01,
5752,-8.00e-03,3.28e+01,5.18e+01,
5753,-8.00e-03,3.28e+01,5.18e+01,
5754,-8.00e-03,3.28e+01,5.18e+01,
5755,-8.00e-03,3.28e+01,5.18e+01,
5756,-8.00e-03,3.28e+01,5.16e+01,
5757,-8.00e-03,3.28e+01,5.18e+01,
5758,-8.00e-03,3.28e+01,5.16e+01,
5759,-8.00e-03,3.28e+01,5.18e+01,
5760,-8.00e-03,3.28e+01,5.16e+01,
5761,-8.00e-03,3.28e+01,5.18e+01,
5762,-8.00e-03,3.28e+01,5.16e+01,
5763,-8.00e-03,3.28e+01,5.16e+01,
5764,-8.00e-03,3.28e+01,5.18e+01,
5765,-8.00e-03,3.28e+01,5.16e+01,
5766,-8.00e-03,3.28e+01,5.16e+01,
5767,-8.00e-03,3.28e+01,5.16e+01,
5768,-8.00e-03,3.28e+01,5.16e+01,
5769,-8.00e-03,3.28e+01,5.18e+01,
5770,-8.00e-03,3.28e+01,5.16e+01,
5771,-8.00e-03,3.28e+01,5.16e+01,
5772,-8.00e-03,3.28e+01,5.16e+01,
5773,-8.00e-03,3.28e+01,5.16e+01,
5774,-8.00e-03,3.28e+01,5.16e+01,
5775,-8.00e-03,3.28e+01,5.18e+01,
5776,-8.00e-03,3.28e+01,5.16e+01,
5777,-8.00e-03,3.28e+01,5.16e+01,
5778,-8.00e-03,3.28e+01,5.16e+01,
5779,-8.00e-03,3.28e+01,5.16e+01,
5780,-8.00e-03,3.28e+01,5.16e+01,
5781,-8.00e-03,3.28e+01,5.16e+01,
5782,-8.00e-03,3.28e+01,5.16e+01,
5783,-8.00e-03,3.28e+01,5.16e+01,
5784,-8.00e-03,3.28e+01,5.16e+01,
5785,-8.00e-03,3.28e+01,5.16e+01,
5786,-8.00e-03,3.28e+01,5.16e+01,
5787,-8.00e-03,3.28e+01,5.16e+01,
5788,-8.00e-03,3.28e+01,5.16e+01,
5789,-8.00e-03,3.28e+01,5.16e+01,
5790,-8.00e-03,3.28e+01,5.16e+01,
5791,-8.00e-03,3.28e+01,5.16e+01,
5792,-8.00e-03,3.28e+01,5.16e+01,
5793,-8.00e-03,3.28e+01,5.16e+01,
5794,-8.00e-03,3.28e+01,5.16e+01,
5795,-8.00e-03,3.28e+01,5.16e+01,
5796,-8.00e-03,3.28e+01,5.16e+01,
5797,-8.00e-03,3.28e+01,5.16e+01,
5798,-8.00e-03,3.28e+01,5.16e+01,
5799,-8.00e-03,3.28e+01,5.16e+01,
5800,-8.00e-03,3.28e+01,5.16e+01,
5801,-8.00e-03,3.28e+01,5.16e+01,
5802,-8.00e-03,3.28e+01,5.16e+01,
5803,-8.00e-03,3.28e+01,5.16e+01,
5804,-8.00e-03,3.28e+01,5.16e+01,
5805,-8.00e-03,3.28e+01,5.16e+01,
5806,-8.00e-03,3.28e+01,5.16e+01,
5807,-8.00e-03,3.28e+01,5.16e+01,
5808,-8.00e-03,3.28e+01,5.16e+01,
5809,-8.00e-03,3.28e+01,5.16e+01,
5810,-8.00e-03,3.28e+01,5.16e+01,
5811,-8.00e-03,3.28e+01,5.16e+01,
5812,-8.00e-03,3.28e+01,5.16e+01,
5813,-8.00e-03,3.28e+01,5.16e+01,
5814,-8.00e-03,3.28e+01,5.16e+01,
5815,-8.00e-03,3.28e+01,5.16e+01,
5816,-8.00e-03,3.28e+01,5.16e+01,
5817,-8.00e-03,3.28e+01,5.16e+01,
5818,-8.00e-03,3.28e+01,5.16e+01,
5819,-8.00e-03,3.28e+01,5.16e+01,
5820,-8.00e-03,3.28e+01,5.16e+01,
5821,-8.00e-03,3.28e+01,5.16e+01,
5822,-8.00e-03,3.28e+01,5.16e+01,
5823,-8.00e-03,3.28e+01,5.16e+01,
5824,-8.00e-03,3.28e+01,5.16e+01,
5825,-8.00e-03,3.28e+01,5.16e+01,
5826,-8.00e-03,3.28e+01,5.16e+01,
5827,-8.00e-03,3.28e+01,5.16e+01,
5828,-8.00e-03,3.28e+01,5.16e+01,
5829,-8.00e-03,3.28e+01,5.16e+01,
5830,-8.00e-03,3.28e+01,5.16e+01,
5831,-8.00e-03,3.28e+01,5.16e+01,
5832,-8.00e-03,3.28e+01,5.16e+01,
5833,-8.00e-03,3.28e+01,5.16e+01,
5834,-8.00e-03,3.28e+01,5.16e+01,
5835,-8.00e-03,3.28e+01,5.16e+01,
5836,-8.00e-03,3.28e+01,5.16e+01,
5837,-8.00e-03,3.28e+01,5.16e+01,
5838,-8.00e-03,3.28e+01,5.16e+01,
5839,-8.00e-03,3.28e+01,5.16e+01,
5840,-8.00e-03,3.28e+01,5.16e+01,
5841,-8.00e-03,3.28e+01,5.16e+01,
5842,-8.00e-03,3.28e+01,5.16e+01,
5843,-8.00e-03,3.28e+01,5.16e+01,
5844,-8.00e-03,3.28e+01,5.16e+01,
5845,-8.00e-03,3.28e+01,5.16e+01,
5846,-8.00e-03,3.28e+01,5.16e+01,
5847,-8.00e-03,3.28e+01,5.16e+01,
5848,-8.00e-03,3.28e+01,5.16e+01,
5849,-8.00e-03,3.28e+01,5.16e+01,
5850,-8.00e-03,3.28e+01,5.16e+01,
5851,-8.00e-03,3.28e+01,5.16e+01,
5852,-8.00e-03,3.28e+01,5.16e+01,
5853,-8.00e-03,3.28e+01,5.16e+01,
5854,-8.00e-03,3.28e+01,5.16e+01,
5855,-8.00e-03,3.28e+01,5.16e+01,
5856,-8.00e-03,3.28e+01,5.16e+01,
5857,-8.00e-03,3.28e+01,5.16e+01,
5858,-8.00e-03,3.28e+01,5.16e+01,
5859,-8.00e-03,3.28e+01,5.16e+01,
5860,-8.00e-03,3.28e+01,5.16e+01,
5861,-8.00e-03,3.28e+01,5.16e+01,
5862,-8.00e-03,3.28e+01,5.16e+01,
5863,-8.00e-03,3.28e+01,5.16e+01,
5864,-8.00e-03,3.28e+01,5.16e+01,
5865,-8.00e-03,3.28e+01,5.16e+01,
5866,-8.00e-03,3.28e+01,5.16e+01,
5867,-8.00e-03,3.28e+01,5.16e+01,
5868,-8.00e-03,3.28e+01,5.16e+01,
5869,-8.00e-03,3.28e+01,5.16e+01,
5870,-8.00e-03,3.28e+01,5.16e+01,
5871,-8.00e-03,3.28e+01,5.16e+01,
5872,-8.00e-03,3.28e+01,5.16e+01,
5873,-8.00e-03,3.28e+01,5.16e+01,
5874,-8.00e-03,3.28e+01,5.16e+01,
5875,-8.00e-03,3.28e+01,5.16e+01,
5876,-8.00e-03,3.28e+01,5.16e+01,
5877,-8.00e-03,3.28e+01,5.16e+01,
5878,-8.00e-03,3.28e+01,5.16e+01,
5879,-8.00e-03,3.28e+01,5.16e+01,
5880,-8.00e-03,3.28e+01,5.16e+01,
5881,-8.00e-03,3.28e+01,5.16e+01,
5882,-8.00e-03,3.28e+01,5.12e+01,
5883,-8.00e-03,3.28e+01,5.16e+01,
5884,-8.00e-03,3.28e+01,5.16e+01,
5885,-8.00e-03,3.28e+01,5.16e+01,
5886,-8.00e-03,3.28e+01,5.16e+01,
5887,-8.00e-03,3.28e+01,5.16e+01,
5888,-8.00e-03,3.28e+01,5.12e+01,
5889,-8.00e-03,3.28e+01,5.16e+01,
5890,-8.00e-03,3.28e+01,5.16e+01,
5891,-8.00e-03,3.28e+01,5.16e+01,
5892,-8.00e-03,3.28e+01,5.12e+01,
5893,-8.00e-03,3.28e+01,5.12e+01,
5894,-8.00e-03,3.28e+01,5.16e+01,
5895,-8.00e-03,3.28e+01,5.16e+01,
5896,-8.00e-03,3.28e+01,5.16e+01,
5897,-8.00e-03,3.28e+01,5.12e+01,
5898,-8.00e-03,3.28e+01,5.12e+01,
5899,-8.00e-03,3.28e+01,5.12e+01,
5900,-8.00e-03,3.28e+01,5.16e+01,
5901,-8.00e-03,3.28e+01,5.16e+01,
5902,-8.00e-03,3.28e+01,5.12e+01,
5903,-8.00e-03,3.28e+01,5.12e+01,
5904,-8.00e-03,3.28e+01,5.16e+01,
5905,-8.00e-03,3.28e+01,5.16e+01,
5906,-8.00e-03,3.28e+01,5.12e+01,
5907,-8.00e-03,3.28e+01,5.16e+01,
5908,-8.00e-03,3.28e+01,5.16e+01,
5909,-8.00e-03,3.28e+01,5.12e+01,
5910,-8.00e-03,3.28e+01,5.12e+01,
5911,-8.00e-03,3.28e+01,5.12e+01,
5912,-8.00e-03,3.28e+01,5.12e+01,
5913,-8.00e-03,3.28e+01,5.12e+01,
5914,-8.00e-03,3.28e+01,5.12e+01,
5915,-8.00e-03,3.28e+01,5.12e+01,
5916,-8.00e-03,3.28e+01,5.16e+01,
5917,-8.00e-03,3.28e+01,5.12e+01,
5918,-8.00e-03,3.28e+01,5.12e+01,
5919,-8.00e-03,3.28e+01,5.12e+01,
5920,-8.00e-03,3.28e+01,5.12e+01,
5921,-8.00e-03,3.28e+01,5.12e+01,
5922,-8.00e-03,3.28e+01,5.12e+01,
5923,-8.00e-03,3.28e+01,5.12e+01,
5924,-8.00e-03,3.28e+01,5.12e+01,
5925,-8.00e-03,3.28e+01,5.12e+01,
5926,-8.00e-03,3.28e+01,5.12e+01,
5927,-8.00e-03,3.28e+01,5.12e+01,
5928,-8.00e-03,3.28e+01,5.12e+01,
5929,-8.00e-03,3.28e+01,5.12e+01,
5930,-8.00e-03,3.28e+01,5.12e+01,
5931,-8.00e-03,3.28e+01,5.12e+01,
5932,-8.00e-03,3.28e+01,5.12e+01,
5933,-8.00e-03,3.28e+01,5.12e+01,
5934,-8.00e-03,3.28e+01,5.12e+01,
5935,-8.00e-03,3.28e+01,5.12e+01,
5936,-8.00e-03,3.28e+01,5.16e+01,
5937,-8.00e-03,3.28e+01,5.12e+01,
5938,-8.00e-03,3.28e+01,5.12e+01,
5939,-8.00e-03,3.28e+01,5.12e+01,
5940,-8.00e-03,3.28e+01,5.12e+01,
5941,-8.00e-03,3.28e+01,5.12e+01,
5942,-8.00e-03,3.28e+01,5.12e+01,
5943,-8.00e-03,3.28e+01,5.12e+01,
5944,-8.00e-03,3.28e+01,5.12e+01,
5945,-8.00e-03,3.28e+01,5.12e+01,
5946,-8.00e-03,3.28e+01,5.12e+01,
5947,-8.00e-03,3.28e+01,5.12e+01,
5948,-8.00e-03,3.28e+01,5.12e+01,
5949,-8.00e-03,3.28e+01,5.12e+01,
5950,-8.00e-03,3.28e+01,5.12e+01,
5951,-8.00e-03,3.28e+01,5.12e+01,
5952,-8.00e-03,3.28e+01,5.12e+01,
5953,-8.00e-03,3.28e+01,5.12e+01,
5954,-8.00e-03,3.28e+01,5.12e+01,
5955,-8.00e-03,3.28e+01,5.12e+01,
5956,-8.00e-03,3.28e+01,5.12e+01,
5957,-8.00e-03,3.28e+01,5.12e+01,
5958,-8.00e-03,3.28e+01,5.12e+01,
5959,-8.00e-03,3.28e+01,5.12e+01,
5960,-8.00e-03,3.28e+01,5.12e+01,
5961,-8.00e-03,3.28e+01,5.12e+01,
5962,-8.00e-03,3.28e+01,5.12e+01,
5963,-8.00e-03,3.28e+01,5.12e+01,
5964,-8.00e-03,3.28e+01,5.12e+01,
5965,-8.00e-03,3.28e+01,5.12e+01,
5966,-8.00e-03,3.28e+01,5.12e+01,
5967,-8.00e-03,3.28e+01,5.12e+01,
5968,-8.00e-03,3.28e+01,5.12e+01,
5969,-8.00e-03,3.28e+01,5.12e+01,
5970,-8.00e-03,3.28e+01,5.12e+01,
5971,-8.00e-03,3.28e+01,5.12e+01,
5972,-8.00e-03,3.28e+01,5.12e+01,
5973,-8.00e-03,3.28e+01,5.12e+01,
5974,-8.00e-03,3.28e+01,5.12e+01,
5975,-8.00e-03,3.28e+01,5.12e+01,
5976,-8.00e-03,3.28e+01,5.12e+01,
5977,-8.00e-03,3.28e+01,5.12e+01,
5978,-8.00e-03,3.28e+01,5.12e+01,
5979,-8.00e-03,3.28e+01,5.12e+01,
5980,-8.00e-03,3.28e+01,5.12e+01,
5981,-8.00e-03,3.28e+01,5.12e+01,
5982,-8.00e-03,3.28e+01,5.12e+01,
5983,-8.00e-03,3.28e+01,5.12e+01,
5984,-8.00e-03,3.28e+01,5.12e+01,
5985,-8.00e-03,3.28e+01,5.12e+01,
5986,-8.00e-03,3.28e+01,5.12e+01,
5987,-8.00e-03,3.28e+01,5.12e+01,
5988,-8.00e-03,3.28e+01,5.12e+01,
5989,-8.00e-03,3.28e+01,5.12e+01,
5990,-8.00e-03,3.28e+01,5.12e+01,
5991,-8.00e-03,3.28e+01,5.12e+01,
5992,-8.00e-03,3.28e+01,5.12e+01,
5993,-8.00e-03,3.28e+01,5.12e+01,
5994,-8.00e-03,3.28e+01,5.12e+01,
5995,-8.00e-03,3.28e+01,5.08e+01,
5996,-8.00e-03,3.28e+01,5.12e+01,
5997,-8.00e-03,3.28e+01,5.12e+01,
5998,-8.00e-03,3.28e+01,5.08e+01,
5999,-8.00e-03,3.28e+01,5.12e+01,
