X,CH1,CH2,Start,Increment,
Sequence,Volt,Volt,-3.000000e-05,2.000000e-09
0,-8.00e-03,2.00e+01,
1,-4.00e-03,2.00e+01,
2,-8.00e-03,2.00e+01,
3,-8.00e-03,2.02e+01,
4,-8.00e-03,2.02e+01,
5,-8.00e-03,2.02e+01,
6,-8.00e-03,2.02e+01,
7,-4.00e-03,2.06e+01,
8,-8.00e-03,2.04e+01,
9,-8.00e-03,2.04e+01,
10,-8.00e-03,2.06e+01,
11,-8.00e-03,2.08e+01,
12,-8.00e-03,2.06e+01,
13,-8.00e-03,2.06e+01,
14,-8.00e-03,2.08e+01,
15,-8.00e-03,2.08e+01,
16,-8.00e-03,2.08e+01,
17,-4.00e-03,2.10e+01,
18,-8.00e-03,2.08e+01,
19,-8.00e-03,2.12e+01,
20,-8.00e-03,2.10e+01,
21,-8.00e-03,2.10e+01,
22,-8.00e-03,2.12e+01,
23,-8.00e-03,2.14e+01,
24,-8.00e-03,2.12e+01,
25,-8.00e-03,2.12e+01,
26,-8.00e-03,2.14e+01,
27,-8.00e-03,2.14e+01,
28,-8.00e-03,2.14e+01,
29,-8.00e-03,2.14e+01,
30,-8.00e-03,2.16e+01,
31,-8.00e-03,2.16e+01,
32,-8.00e-03,2.14e+01,
33,-8.00e-03,2.16e+01,
34,-1.20e-02,2.16e+01,
35,-8.00e-03,2.18e+01,
36,-8.00e-03,2.18e+01,
37,-8.00e-03,2.18e+01,
38,-8.00e-03,2.18e+01,
39,-8.00e-03,2.20e+01,
40,-8.00e-03,2.18e+01,
41,-8.00e-03,2.18e+01,
42,-8.00e-03,2.20e+01,
43,-8.00e-03,2.22e+01,
44,-8.00e-03,2.20e+01,
45,-8.00e-03,2.20e+01,
46,-8.00e-03,2.20e+01,
47,-8.00e-03,2.22e+01,
48,-8.00e-03,2.22e+01,
49,-8.00e-03,2.22e+01,
50,-8.00e-03,2.22e+01,
51,-8.00e-03,2.22e+01,
52,-8.00e-03,2.22e+01,
53,-8.00e-03,2.22e+01,
54,-8.00e-03,2.22e+01,
55,-8.00e-03,2.24e+01,
56,-1.20e-02,2.22e+01,
57,-8.00e-03,2.22e+01,
58,-8.00e-03,2.24e+01,
59,-8.00e-03,2.24e+01,
60,-8.00e-03,2.22e+01,
61,-8.00e-03,2.24e+01,
62,-8.00e-03,2.24e+01,
63,-8.00e-03,2.24e+01,
64,-8.00e-03,2.24e+01,
65,-8.00e-03,2.24e+01,
66,-8.00e-03,2.24e+01,
67,-8.00e-03,2.28e+01,
68,-8.00e-03,2.24e+01,
69,-8.00e-03,2.24e+01,
70,-1.20e-02,2.24e+01,
71,-8.00e-03,2.28e+01,
72,-8.00e-03,2.24e+01,
73,-8.00e-03,2.24e+01,
74,-1.20e-02,2.24e+01,
75,-1.20e-02,2.28e+01,
76,-8.00e-03,2.24e+01,
77,-8.00e-03,2.24e+01,
78,-8.00e-03,2.24e+01,
79,-8.00e-03,2.28e+01,
80,-1.20e-02,2.24e+01,
81,-8.00e-03,2.24e+01,
82,-1.20e-02,2.24e+01,
83,-8.00e-03,2.28e+01,
84,-8.00e-03,2.24e+01,
85,-8.00e-03,2.24e+01,
86,-8.00e-03,2.24e+01,
87,-8.00e-03,2.24e+01,
88,-8.00e-03,2.22e+01,
89,-8.00e-03,2.22e+01,
90,-8.00e-03,2.22e+01,
91,-8.00e-03,2.24e+01,
92,-8.00e-03,2.22e+01,
93,-8.00e-03,2.22e+01,
94,-1.20e-02,2.20e+01,
95,-8.00e-03,2.22e+01,
96,-1.20e-02,2.22e+01,
97,-8.00e-03,2.20e+01,
98,-8.00e-03,2.20e+01,
99,-8.00e-03,2.22e+01,
100,-8.00e-03,2.20e+01,
101,-1.20e-02,2.20e+01,
102,-8.00e-03,2.20e+01,
103,-8.00e-03,2.22e+01,
104,-1.20e-02,2.20e+01,
105,-8.00e-03,2.18e+01,
106,-8.00e-03,2.18e+01,
107,-8.00e-03,2.20e+01,
108,-8.00e-03,2.18e+01,
109,-8.00e-03,2.18e+01,
110,-1.20e-02,2.18e+01,
111,-8.00e-03,2.18e+01,
112,-8.00e-03,2.16e+01,
113,-8.00e-03,2.16e+01,
114,-1.20e-02,2.18e+01,
115,-1.20e-02,2.16e+01,
116,-8.00e-03,2.16e+01,
117,-8.00e-03,2.14e+01,
118,-1.20e-02,2.14e+01,
119,-8.00e-03,2.16e+01,
120,-8.00e-03,2.12e+01,
121,-8.00e-03,2.14e+01,
122,-8.00e-03,2.12e+01,
123,-8.00e-03,2.12e+01,
124,-8.00e-03,2.12e+01,
125,-8.00e-03,2.12e+01,
126,-1.20e-02,2.10e+01,
127,-8.00e-03,2.12e+01,
128,-8.00e-03,2.10e+01,
129,-8.00e-03,2.08e+01,
130,-8.00e-03,2.08e+01,
131,-8.00e-03,2.08e+01,
132,-8.00e-03,2.08e+01,
133,-8.00e-03,2.06e+01,
134,-1.20e-02,2.06e+01,
135,-8.00e-03,2.08e+01,
136,-1.20e-02,2.06e+01,
137,-8.00e-03,2.04e+01,
138,-8.00e-03,2.04e+01,
139,-8.00e-03,2.04e+01,
140,-8.00e-03,2.04e+01,
141,-8.00e-03,2.02e+01,
142,-1.20e-02,2.02e+01,
143,-8.00e-03,2.02e+01,
144,-8.00e-03,2.00e+01,
145,-1.20e-02,2.00e+01,
146,-1.20e-02,2.00e+01,
147,-8.00e-03,2.00e+01,
148,-1.20e-02,1.98e+01,
149,-1.20e-02,1.98e+01,
150,-1.20e-02,1.96e+01,
151,-8.00e-03,1.98e+01,
152,-8.00e-03,1.96e+01,
153,-8.00e-03,1.96e+01,
154,-1.20e-02,1.96e+01,
155,-8.00e-03,1.96e+01,
156,-8.00e-03,1.94e+01,
157,-1.20e-02,1.92e+01,
158,-1.20e-02,1.92e+01,
159,-8.00e-03,1.92e+01,
160,-8.00e-03,1.92e+01,
161,-8.00e-03,1.90e+01,
162,-1.20e-02,1.90e+01,
163,-8.00e-03,1.90e+01,
164,-1.20e-02,1.86e+01,
165,-8.00e-03,1.86e+01,
166,-1.20e-02,1.86e+01,
167,-8.00e-03,1.86e+01,
168,-1.20e-02,1.84e+01,
169,-8.00e-03,1.82e+01,
170,-8.00e-03,1.82e+01,
171,-8.00e-03,1.84e+01,
172,-8.00e-03,1.82e+01,
173,-8.00e-03,1.80e+01,
174,-1.20e-02,1.80e+01,
175,-8.00e-03,1.80e+01,
176,-8.00e-03,1.78e+01,
177,-8.00e-03,1.78e+01,
178,-1.20e-02,1.78e+01,
179,-8.00e-03,1.78e+01,
180,-8.00e-03,1.76e+01,
181,-8.00e-03,1.76e+01,
182,-1.20e-02,1.76e+01,
183,-8.00e-03,1.76e+01,
184,-8.00e-03,1.74e+01,
185,-8.00e-03,1.74e+01,
186,-1.20e-02,1.74e+01,
187,-8.00e-03,1.74e+01,
188,-8.00e-03,1.72e+01,
189,-8.00e-03,1.70e+01,
190,-1.20e-02,1.70e+01,
191,-8.00e-03,1.70e+01,
192,-8.00e-03,1.68e+01,
193,-8.00e-03,1.68e+01,
194,-8.00e-03,1.68e+01,
195,-8.00e-03,1.70e+01,
196,-1.20e-02,1.68e+01,
197,-8.00e-03,1.66e+01,
198,-1.20e-02,1.66e+01,
199,-8.00e-03,1.66e+01,
200,-8.00e-03,1.64e+01,
201,-8.00e-03,1.64e+01,
202,-1.20e-02,1.64e+01,
203,-8.00e-03,1.64e+01,
204,-8.00e-03,1.62e+01,
205,-8.00e-03,1.62e+01,
206,-8.00e-03,1.62e+01,
207,-8.00e-03,1.62e+01,
208,-8.00e-03,1.60e+01,
209,-8.00e-03,1.60e+01,
210,-1.20e-02,1.60e+01,
211,-8.00e-03,1.60e+01,
212,-8.00e-03,1.58e+01,
213,-8.00e-03,1.58e+01,
214,-1.20e-02,1.58e+01,
215,-8.00e-03,1.58e+01,
216,-8.00e-03,1.56e+01,
217,-8.00e-03,1.56e+01,
218,-1.20e-02,1.56e+01,
219,-4.00e-03,1.56e+01,
220,-8.00e-03,1.54e+01,
221,-8.00e-03,1.54e+01,
222,-8.00e-03,1.54e+01,
223,-8.00e-03,1.54e+01,
224,-8.00e-03,1.50e+01,
225,-8.00e-03,1.50e+01,
226,-8.00e-03,1.50e+01,
227,-8.00e-03,1.50e+01,
228,-8.00e-03,1.50e+01,
229,-8.00e-03,1.48e+01,
230,-1.20e-02,1.48e+01,
231,-8.00e-03,1.48e+01,
232,-8.00e-03,1.46e+01,
233,-8.00e-03,1.48e+01,
234,-1.20e-02,1.48e+01,
235,-8.00e-03,1.48e+01,
236,-8.00e-03,1.46e+01,
237,-8.00e-03,1.46e+01,
238,-8.00e-03,1.46e+01,
239,-8.00e-03,1.46e+01,
240,-8.00e-03,1.44e+01,
241,-8.00e-03,1.44e+01,
242,-8.00e-03,1.44e+01,
243,-4.00e-03,1.44e+01,
244,-8.00e-03,1.44e+01,
245,-8.00e-03,1.44e+01,
246,-8.00e-03,1.44e+01,
247,-8.00e-03,1.44e+01,
248,-8.00e-03,1.42e+01,
249,-8.00e-03,1.42e+01,
250,-8.00e-03,1.44e+01,
251,-8.00e-03,1.44e+01,
252,-8.00e-03,1.42e+01,
253,-8.00e-03,1.40e+01,
254,-1.20e-02,1.40e+01,
255,-8.00e-03,1.42e+01,
256,-8.00e-03,1.40e+01,
257,-8.00e-03,1.40e+01,
258,-8.00e-03,1.40e+01,
259,-8.00e-03,1.40e+01,
260,-1.20e-02,1.40e+01,
261,-8.00e-03,1.38e+01,
262,-8.00e-03,1.40e+01,
263,-8.00e-03,1.40e+01,
264,-8.00e-03,1.40e+01,
265,-8.00e-03,1.38e+01,
266,-8.00e-03,1.40e+01,
267,-4.00e-03,1.40e+01,
268,-8.00e-03,1.38e+01,
269,-8.00e-03,1.38e+01,
270,-8.00e-03,1.40e+01,
271,-8.00e-03,1.40e+01,
272,-8.00e-03,1.38e+01,
273,-8.00e-03,1.38e+01,
274,-8.00e-03,1.40e+01,
275,-8.00e-03,1.40e+01,
276,-8.00e-03,1.38e+01,
277,-8.00e-03,1.38e+01,
278,-8.00e-03,1.38e+01,
279,-8.00e-03,1.38e+01,
280,-8.00e-03,1.38e+01,
281,-8.00e-03,1.38e+01,
282,-8.00e-03,1.38e+01,
283,-4.00e-03,1.38e+01,
284,-8.00e-03,1.38e+01,
285,-8.00e-03,1.38e+01,
286,-8.00e-03,1.38e+01,
287,-8.00e-03,1.40e+01,
288,-8.00e-03,1.38e+01,
289,-8.00e-03,1.38e+01,
290,-8.00e-03,1.38e+01,
291,-8.00e-03,1.38e+01,
292,-8.00e-03,1.38e+01,
293,-8.00e-03,1.38e+01,
294,-8.00e-03,1.38e+01,
295,-8.00e-03,1.40e+01,
296,-8.00e-03,1.38e+01,
297,-8.00e-03,1.38e+01,
298,-8.00e-03,1.38e+01,
299,-4.00e-03,1.40e+01,
300,-8.00e-03,1.38e+01,
301,-8.00e-03,1.40e+01,
302,-8.00e-03,1.40e+01,
303,-8.00e-03,1.40e+01,
304,-8.00e-03,1.40e+01,
305,-4.00e-03,1.40e+01,
306,-8.00e-03,1.40e+01,
307,-4.00e-03,1.42e+01,
308,-8.00e-03,1.40e+01,
309,-8.00e-03,1.40e+01,
310,-8.00e-03,1.42e+01,
311,-8.00e-03,1.42e+01,
312,-8.00e-03,1.40e+01,
313,-8.00e-03,1.40e+01,
314,-8.00e-03,1.42e+01,
315,-8.00e-03,1.42e+01,
316,-8.00e-03,1.42e+01,
317,-8.00e-03,1.42e+01,
318,-8.00e-03,1.42e+01,
319,-4.00e-03,1.44e+01,
320,-8.00e-03,1.42e+01,
321,-8.00e-03,1.44e+01,
322,-8.00e-03,1.44e+01,
323,-4.00e-03,1.46e+01,
324,-8.00e-03,1.44e+01,
325,-8.00e-03,1.46e+01,
326,-8.00e-03,1.44e+01,
327,-8.00e-03,1.46e+01,
328,-8.00e-03,1.46e+01,
329,-8.00e-03,1.46e+01,
330,-8.00e-03,1.46e+01,
331,-4.00e-03,1.48e+01,
332,-8.00e-03,1.46e+01,
333,-4.00e-03,1.48e+01,
334,-8.00e-03,1.48e+01,
335,-4.00e-03,1.48e+01,
336,-8.00e-03,1.46e+01,
337,-8.00e-03,1.48e+01,
338,-8.00e-03,1.50e+01,
339,-4.00e-03,1.50e+01,
340,-8.00e-03,1.50e+01,
341,-8.00e-03,1.50e+01,
342,-8.00e-03,1.50e+01,
343,-8.00e-03,1.54e+01,
344,-4.00e-03,1.54e+01,
345,-4.00e-03,1.54e+01,
346,-8.00e-03,1.54e+01,
347,-4.00e-03,1.56e+01,
348,-8.00e-03,1.54e+01,
349,-8.00e-03,1.56e+01,
350,-4.00e-03,1.56e+01,
351,-4.00e-03,1.58e+01,
352,-8.00e-03,1.56e+01,
353,-8.00e-03,1.58e+01,
354,-8.00e-03,1.58e+01,
355,-4.00e-03,1.60e+01,
356,-8.00e-03,1.60e+01,
357,-8.00e-03,1.58e+01,
358,-8.00e-03,1.60e+01,
359,-8.00e-03,1.62e+01,
360,-4.00e-03,1.60e+01,
361,-8.00e-03,1.62e+01,
362,-8.00e-03,1.62e+01,
363,-4.00e-03,1.64e+01,
364,-8.00e-03,1.62e+01,
365,-8.00e-03,1.64e+01,
366,-8.00e-03,1.64e+01,
367,-4.00e-03,1.66e+01,
368,-8.00e-03,1.66e+01,
369,-8.00e-03,1.66e+01,
370,-1.20e-02,1.66e+01,
371,-4.00e-03,1.68e+01,
372,-8.00e-03,1.68e+01,
373,-8.00e-03,1.68e+01,
374,-8.00e-03,1.68e+01,
375,-8.00e-03,1.70e+01,
376,-4.00e-03,1.70e+01,
377,-8.00e-03,1.70e+01,
378,-1.20e-02,1.70e+01,
379,-4.00e-03,1.72e+01,
380,-8.00e-03,1.72e+01,
381,-8.00e-03,1.72e+01,
382,-8.00e-03,1.74e+01,
383,-4.00e-03,1.74e+01,
384,-8.00e-03,1.74e+01,
385,-4.00e-03,1.76e+01,
386,-8.00e-03,1.76e+01,
387,-8.00e-03,1.78e+01,
388,-8.00e-03,1.76e+01,
389,-4.00e-03,1.78e+01,
390,-8.00e-03,1.78e+01,
391,-4.00e-03,1.78e+01,
392,-4.00e-03,1.78e+01,
393,-4.00e-03,1.80e+01,
394,-8.00e-03,1.80e+01,
395,-8.00e-03,1.82e+01,
396,-8.00e-03,1.82e+01,
397,-8.00e-03,1.80e+01,
398,-8.00e-03,1.82e+01,
399,-4.00e-03,1.84e+01,
400,-8.00e-03,1.84e+01,
401,-8.00e-03,1.84e+01,
402,-8.00e-03,1.84e+01,
403,-4.00e-03,1.86e+01,
404,-8.00e-03,1.86e+01,
405,-8.00e-03,1.86e+01,
406,-8.00e-03,1.90e+01,
407,-4.00e-03,1.90e+01,
408,-4.00e-03,1.90e+01,
409,-8.00e-03,1.90e+01,
410,-8.00e-03,1.92e+01,
411,-4.00e-03,1.92e+01,
412,-8.00e-03,1.92e+01,
413,-8.00e-03,1.92e+01,
414,-8.00e-03,1.94e+01,
415,-4.00e-03,1.94e+01,
416,-8.00e-03,1.94e+01,
417,-8.00e-03,1.96e+01,
418,-8.00e-03,1.96e+01,
419,-4.00e-03,1.98e+01,
420,-8.00e-03,1.96e+01,
421,-8.00e-03,1.96e+01,
422,-8.00e-03,1.98e+01,
423,-8.00e-03,2.00e+01,
424,-8.00e-03,1.98e+01,
425,-4.00e-03,1.98e+01,
426,-8.00e-03,2.00e+01,
427,-4.00e-03,2.02e+01,
428,-8.00e-03,2.02e+01,
429,-8.00e-03,2.00e+01,
430,-4.00e-03,2.02e+01,
431,-8.00e-03,2.04e+01,
432,-8.00e-03,2.02e+01,
433,-8.00e-03,2.04e+01,
434,-8.00e-03,2.04e+01,
435,-4.00e-03,2.06e+01,
436,-8.00e-03,2.04e+01,
437,-8.00e-03,2.04e+01,
438,-8.00e-03,2.06e+01,
439,-8.00e-03,2.08e+01,
440,-8.00e-03,2.06e+01,
441,-8.00e-03,2.06e+01,
442,-1.20e-02,2.08e+01,
443,-8.00e-03,2.10e+01,
444,-8.00e-03,2.08e+01,
445,-8.00e-03,2.08e+01,
446,-8.00e-03,2.08e+01,
447,-8.00e-03,2.10e+01,
448,-8.00e-03,2.10e+01,
449,-8.00e-03,2.10e+01,
450,-8.00e-03,2.10e+01,
451,-8.00e-03,2.12e+01,
452,-8.00e-03,2.10e+01,
453,-8.00e-03,2.12e+01,
454,-8.00e-03,2.12e+01,
455,-8.00e-03,2.14e+01,
456,-8.00e-03,2.14e+01,
457,-4.00e-03,2.14e+01,
458,-1.20e-02,2.14e+01,
459,-8.00e-03,2.16e+01,
460,-8.00e-03,2.14e+01,
461,-8.00e-03,2.14e+01,
462,-8.00e-03,2.14e+01,
463,-8.00e-03,2.18e+01,
464,-8.00e-03,2.14e+01,
465,-8.00e-03,2.16e+01,
466,-8.00e-03,2.16e+01,
467,-8.00e-03,2.18e+01,
468,-8.00e-03,2.16e+01,
469,-8.00e-03,2.16e+01,
470,-8.00e-03,2.18e+01,
471,-8.00e-03,2.18e+01,
472,-8.00e-03,2.16e+01,
473,-8.00e-03,2.18e+01,
474,-8.00e-03,2.18e+01,
475,-8.00e-03,2.20e+01,
476,-8.00e-03,2.18e+01,
477,-8.00e-03,2.18e+01,
478,-8.00e-03,2.18e+01,
479,-8.00e-03,2.20e+01,
480,-8.00e-03,2.18e+01,
481,-8.00e-03,2.18e+01,
482,-1.20e-02,2.18e+01,
483,-8.00e-03,2.20e+01,
484,-8.00e-03,2.18e+01,
485,-8.00e-03,2.18e+01,
486,-8.00e-03,2.20e+01,
487,-8.00e-03,2.20e+01,
488,-8.00e-03,2.20e+01,
489,-8.00e-03,2.18e+01,
490,-1.20e-02,2.18e+01,
491,-8.00e-03,2.20e+01,
492,-8.00e-03,2.20e+01,
493,-8.00e-03,2.18e+01,
494,-8.00e-03,2.20e+01,
495,-8.00e-03,2.20e+01,
496,-8.00e-03,2.20e+01,
497,-8.00e-03,2.18e+01,
498,-1.20e-02,2.18e+01,
499,-8.00e-03,2.20e+01,
500,-8.00e-03,2.18e+01,
501,-8.00e-03,2.18e+01,
502,-8.00e-03,2.18e+01,
503,-8.00e-03,2.20e+01,
504,-8.00e-03,2.18e+01,
505,-8.00e-03,2.18e+01,
506,-1.20e-02,2.18e+01,
507,-8.00e-03,2.18e+01,
508,-8.00e-03,2.18e+01,
509,-8.00e-03,2.16e+01,
510,-8.00e-03,2.18e+01,
511,-8.00e-03,2.18e+01,
512,-8.00e-03,2.16e+01,
513,-8.00e-03,2.16e+01,
514,-1.20e-02,2.18e+01,
515,-8.00e-03,2.18e+01,
516,-8.00e-03,2.18e+01,
517,-8.00e-03,2.16e+01,
518,-8.00e-03,2.16e+01,
519,-8.00e-03,2.18e+01,
520,-8.00e-03,2.16e+01,
521,-8.00e-03,2.16e+01,
522,-1.20e-02,2.16e+01,
523,-8.00e-03,2.16e+01,
524,-8.00e-03,2.14e+01,
525,-8.00e-03,2.14e+01,
526,-8.00e-03,2.14e+01,
527,-8.00e-03,2.16e+01,
528,-8.00e-03,2.14e+01,
529,-8.00e-03,2.12e+01,
530,-1.20e-02,2.12e+01,
531,-8.00e-03,2.14e+01,
532,-8.00e-03,2.12e+01,
533,-8.00e-03,2.12e+01,
534,-1.20e-02,2.12e+01,
535,-1.20e-02,2.12e+01,
536,-1.20e-02,2.10e+01,
537,-8.00e-03,2.10e+01,
538,-1.20e-02,2.10e+01,
539,-8.00e-03,2.12e+01,
540,-8.00e-03,2.10e+01,
541,-8.00e-03,2.08e+01,
542,-1.20e-02,2.08e+01,
543,-8.00e-03,2.10e+01,
544,-8.00e-03,2.08e+01,
545,-8.00e-03,2.08e+01,
546,-1.20e-02,2.08e+01,
547,-8.00e-03,2.08e+01,
548,-8.00e-03,2.06e+01,
549,-1.20e-02,2.04e+01,
550,-8.00e-03,2.06e+01,
551,-8.00e-03,2.06e+01,
552,-1.20e-02,2.04e+01,
553,-8.00e-03,2.04e+01,
554,-1.20e-02,2.04e+01,
555,-8.00e-03,2.04e+01,
556,-1.20e-02,2.02e+01,
557,-8.00e-03,2.00e+01,
558,-8.00e-03,2.00e+01,
559,-8.00e-03,2.02e+01,
560,-8.00e-03,2.00e+01,
561,-8.00e-03,2.00e+01,
562,-1.20e-02,2.00e+01,
563,-8.00e-03,2.00e+01,
564,-8.00e-03,1.98e+01,
565,-8.00e-03,1.98e+01,
566,-8.00e-03,1.96e+01,
567,-8.00e-03,1.98e+01,
568,-1.20e-02,1.94e+01,
569,-8.00e-03,1.94e+01,
570,-8.00e-03,1.96e+01,
571,-8.00e-03,1.96e+01,
572,-8.00e-03,1.94e+01,
573,-1.20e-02,1.92e+01,
574,-1.20e-02,1.92e+01,
575,-8.00e-03,1.92e+01,
576,-1.20e-02,1.92e+01,
577,-8.00e-03,1.90e+01,
578,-1.20e-02,1.90e+01,
579,-8.00e-03,1.92e+01,
580,-8.00e-03,1.90e+01,
581,-8.00e-03,1.90e+01,
582,-1.20e-02,1.86e+01,
583,-8.00e-03,1.86e+01,
584,-8.00e-03,1.86e+01,
585,-8.00e-03,1.86e+01,
586,-1.20e-02,1.84e+01,
587,-8.00e-03,1.84e+01,
588,-1.20e-02,1.82e+01,
589,-1.20e-02,1.82e+01,
590,-8.00e-03,1.82e+01,
591,-8.00e-03,1.82e+01,
592,-8.00e-03,1.80e+01,
593,-8.00e-03,1.80e+01,
594,-1.20e-02,1.80e+01,
595,-8.00e-03,1.80e+01,
596,-8.00e-03,1.78e+01,
597,-8.00e-03,1.78e+01,
598,-8.00e-03,1.78e+01,
599,-8.00e-03,1.78e+01,
600,-8.00e-03,1.76e+01,
601,-8.00e-03,1.76e+01,
602,-1.20e-02,1.74e+01,
603,-8.00e-03,1.76e+01,
604,-1.20e-02,1.74e+01,
605,-8.00e-03,1.72e+01,
606,-8.00e-03,1.74e+01,
607,-8.00e-03,1.74e+01,
608,-1.20e-02,1.72e+01,
609,-8.00e-03,1.72e+01,
610,-1.20e-02,1.72e+01,
611,-8.00e-03,1.72e+01,
612,-8.00e-03,1.70e+01,
613,-8.00e-03,1.68e+01,
614,-1.20e-02,1.68e+01,
615,-8.00e-03,1.70e+01,
616,-1.20e-02,1.68e+01,
617,-8.00e-03,1.66e+01,
618,-8.00e-03,1.66e+01,
619,-8.00e-03,1.68e+01,
620,-8.00e-03,1.66e+01,
621,-1.20e-02,1.64e+01,
622,-8.00e-03,1.66e+01,
623,-8.00e-03,1.66e+01,
624,-8.00e-03,1.64e+01,
625,-8.00e-03,1.62e+01,
626,-8.00e-03,1.62e+01,
627,-8.00e-03,1.64e+01,
628,-8.00e-03,1.62e+01,
629,-8.00e-03,1.60e+01,
630,-8.00e-03,1.62e+01,
631,-8.00e-03,1.62e+01,
632,-1.20e-02,1.60e+01,
633,-8.00e-03,1.60e+01,
634,-1.20e-02,1.60e+01,
635,-8.00e-03,1.60e+01,
636,-8.00e-03,1.58e+01,
637,-8.00e-03,1.58e+01,
638,-8.00e-03,1.58e+01,
639,-8.00e-03,1.58e+01,
640,-8.00e-03,1.56e+01,
641,-8.00e-03,1.56e+01,
642,-8.00e-03,1.56e+01,
643,-8.00e-03,1.56e+01,
644,-8.00e-03,1.54e+01,
645,-8.00e-03,1.54e+01,
646,-8.00e-03,1.54e+01,
647,-8.00e-03,1.54e+01,
648,-8.00e-03,1.50e+01,
649,-8.00e-03,1.50e+01,
650,-1.20e-02,1.54e+01,
651,-8.00e-03,1.54e+01,
652,-8.00e-03,1.50e+01,
653,-8.00e-03,1.50e+01,
654,-8.00e-03,1.50e+01,
655,-8.00e-03,1.50e+01,
656,-8.00e-03,1.48e+01,
657,-8.00e-03,1.50e+01,
658,-8.00e-03,1.48e+01,
659,-8.00e-03,1.50e+01,
660,-8.00e-03,1.48e+01,
661,-8.00e-03,1.48e+01,
662,-8.00e-03,1.46e+01,
663,-8.00e-03,1.48e+01,
664,-8.00e-03,1.46e+01,
665,-8.00e-03,1.46e+01,
666,-8.00e-03,1.46e+01,
667,-8.00e-03,1.48e+01,
668,-8.00e-03,1.46e+01,
669,-8.00e-03,1.46e+01,
670,-8.00e-03,1.44e+01,
671,-8.00e-03,1.46e+01,
672,-8.00e-03,1.44e+01,
673,-8.00e-03,1.44e+01,
674,-8.00e-03,1.44e+01,
675,-8.00e-03,1.46e+01,
676,-8.00e-03,1.42e+01,
677,-8.00e-03,1.44e+01,
678,-8.00e-03,1.44e+01,
679,-8.00e-03,1.44e+01,
680,-8.00e-03,1.44e+01,
681,-8.00e-03,1.42e+01,
682,-8.00e-03,1.44e+01,
683,-4.00e-03,1.44e+01,
684,-8.00e-03,1.42e+01,
685,-8.00e-03,1.42e+01,
686,-8.00e-03,1.42e+01,
687,-4.00e-03,1.44e+01,
688,-1.20e-02,1.42e+01,
689,-8.00e-03,1.42e+01,
690,-8.00e-03,1.42e+01,
691,-8.00e-03,1.44e+01,
692,-8.00e-03,1.42e+01,
693,-8.00e-03,1.42e+01,
694,-8.00e-03,1.42e+01,
695,-8.00e-03,1.42e+01,
696,-8.00e-03,1.40e+01,
697,-8.00e-03,1.42e+01,
698,-8.00e-03,1.42e+01,
699,-8.00e-03,1.42e+01,
700,-8.00e-03,1.42e+01,
701,-8.00e-03,1.40e+01,
702,-8.00e-03,1.42e+01,
703,-4.00e-03,1.42e+01,
704,-8.00e-03,1.42e+01,
705,-8.00e-03,1.40e+01,
706,-8.00e-03,1.42e+01,
707,-4.00e-03,1.42e+01,
708,-8.00e-03,1.42e+01,
709,-8.00e-03,1.42e+01,
710,-8.00e-03,1.42e+01,
711,-4.00e-03,1.44e+01,
712,-8.00e-03,1.42e+01,
713,-4.00e-03,1.42e+01,
714,-8.00e-03,1.42e+01,
715,-4.00e-03,1.42e+01,
716,-8.00e-03,1.42e+01,
717,-8.00e-03,1.42e+01,
718,-8.00e-03,1.42e+01,
719,-8.00e-03,1.42e+01,
720,-8.00e-03,1.42e+01,
721,-8.00e-03,1.42e+01,
722,-8.00e-03,1.42e+01,
723,-8.00e-03,1.44e+01,
724,-8.00e-03,1.42e+01,
725,-8.00e-03,1.42e+01,
726,-8.00e-03,1.44e+01,
727,-4.00e-03,1.44e+01,
728,-8.00e-03,1.42e+01,
729,-8.00e-03,1.44e+01,
730,-8.00e-03,1.44e+01,
731,-8.00e-03,1.44e+01,
732,-8.00e-03,1.44e+01,
733,-8.00e-03,1.44e+01,
734,-8.00e-03,1.46e+01,
735,-8.00e-03,1.46e+01,
736,-8.00e-03,1.44e+01,
737,-4.00e-03,1.44e+01,
738,-8.00e-03,1.44e+01,
739,-8.00e-03,1.46e+01,
740,-8.00e-03,1.44e+01,
741,-8.00e-03,1.46e+01,
742,-8.00e-03,1.46e+01,
743,-8.00e-03,1.48e+01,
744,-8.00e-03,1.46e+01,
745,-8.00e-03,1.48e+01,
746,-8.00e-03,1.48e+01,
747,-8.00e-03,1.48e+01,
748,-8.00e-03,1.48e+01,
749,-8.00e-03,1.48e+01,
750,-8.00e-03,1.50e+01,
751,-4.00e-03,1.50e+01,
752,-8.00e-03,1.48e+01,
753,-8.00e-03,1.50e+01,
754,-8.00e-03,1.50e+01,
755,-8.00e-03,1.54e+01,
756,-4.00e-03,1.50e+01,
757,-8.00e-03,1.54e+01,
758,-8.00e-03,1.54e+01,
759,-8.00e-03,1.56e+01,
760,-4.00e-03,1.54e+01,
761,-8.00e-03,1.54e+01,
762,-8.00e-03,1.54e+01,
763,-8.00e-03,1.58e+01,
764,-8.00e-03,1.56e+01,
765,-8.00e-03,1.56e+01,
766,-8.00e-03,1.56e+01,
767,-4.00e-03,1.58e+01,
768,-4.00e-03,1.56e+01,
769,-8.00e-03,1.56e+01,
770,-8.00e-03,1.58e+01,
771,-8.00e-03,1.60e+01,
772,-8.00e-03,1.58e+01,
773,-4.00e-03,1.58e+01,
774,-8.00e-03,1.60e+01,
775,-8.00e-03,1.60e+01,
776,-8.00e-03,1.60e+01,
777,-8.00e-03,1.60e+01,
778,-8.00e-03,1.62e+01,
779,-8.00e-03,1.64e+01,
780,-4.00e-03,1.62e+01,
781,-8.00e-03,1.62e+01,
782,-8.00e-03,1.62e+01,
783,-8.00e-03,1.64e+01,
784,-8.00e-03,1.64e+01,
785,-4.00e-03,1.64e+01,
786,-8.00e-03,1.66e+01,
787,-4.00e-03,1.66e+01,
788,-8.00e-03,1.66e+01,
789,-4.00e-03,1.66e+01,
790,-8.00e-03,1.68e+01,
791,-4.00e-03,1.68e+01,
792,-8.00e-03,1.68e+01,
793,-8.00e-03,1.68e+01,
794,-8.00e-03,1.70e+01,
795,-4.00e-03,1.70e+01,
796,-8.00e-03,1.70e+01,
797,-8.00e-03,1.70e+01,
798,-8.00e-03,1.72e+01,
799,-8.00e-03,1.72e+01,
800,-8.00e-03,1.72e+01,
801,-8.00e-03,1.72e+01,
802,-8.00e-03,1.74e+01,
803,-8.00e-03,1.74e+01,
804,-8.00e-03,1.74e+01,
805,-8.00e-03,1.74e+01,
806,-8.00e-03,1.76e+01,
807,-4.00e-03,1.78e+01,
808,-4.00e-03,1.78e+01,
809,-8.00e-03,1.76e+01,
810,-8.00e-03,1.78e+01,
811,-8.00e-03,1.78e+01,
812,-8.00e-03,1.78e+01,
813,-8.00e-03,1.78e+01,
814,-8.00e-03,1.78e+01,
815,-8.00e-03,1.80e+01,
816,-8.00e-03,1.80e+01,
817,-8.00e-03,1.80e+01,
818,-8.00e-03,1.82e+01,
819,-4.00e-03,1.84e+01,
820,-8.00e-03,1.82e+01,
821,-8.00e-03,1.82e+01,
822,-8.00e-03,1.84e+01,
823,-8.00e-03,1.86e+01,
824,-8.00e-03,1.84e+01,
825,-8.00e-03,1.84e+01,
826,-8.00e-03,1.86e+01,
827,-8.00e-03,1.86e+01,
828,-8.00e-03,1.86e+01,
829,-8.00e-03,1.86e+01,
830,-8.00e-03,1.90e+01,
831,-8.00e-03,1.92e+01,
832,-8.00e-03,1.90e+01,
833,-8.00e-03,1.90e+01,
834,-8.00e-03,1.92e+01,
835,-4.00e-03,1.92e+01,
836,-8.00e-03,1.94e+01,
837,-8.00e-03,1.94e+01,
838,-8.00e-03,1.94e+01,
839,-8.00e-03,1.96e+01,
840,-8.00e-03,1.96e+01,
841,-8.00e-03,1.94e+01,
842,-8.00e-03,1.94e+01,
843,-4.00e-03,1.98e+01,
844,-8.00e-03,1.96e+01,
845,-8.00e-03,1.98e+01,
846,-8.00e-03,1.96e+01,
847,-8.00e-03,2.00e+01,
848,-8.00e-03,1.98e+01,
849,-8.00e-03,1.98e+01,
850,-8.00e-03,2.00e+01,
851,-8.00e-03,2.00e+01,
852,-8.00e-03,2.00e+01,
853,-8.00e-03,2.00e+01,
854,-8.00e-03,2.00e+01,
855,-8.00e-03,2.02e+01,
856,-8.00e-03,2.02e+01,
857,-8.00e-03,2.02e+01,
858,-8.00e-03,2.02e+01,
859,-8.00e-03,2.04e+01,
860,-8.00e-03,2.04e+01,
861,-8.00e-03,2.04e+01,
862,-8.00e-03,2.04e+01,
863,-8.00e-03,2.06e+01,
864,-8.00e-03,2.04e+01,
865,-8.00e-03,2.04e+01,
866,-8.00e-03,2.06e+01,
867,-8.00e-03,2.06e+01,
868,-8.00e-03,2.06e+01,
869,-8.00e-03,2.06e+01,
870,-8.00e-03,2.06e+01,
871,-8.00e-03,2.08e+01,
872,-8.00e-03,2.08e+01,
873,-8.00e-03,2.08e+01,
874,-1.20e-02,2.08e+01,
875,-8.00e-03,2.10e+01,
876,-8.00e-03,2.10e+01,
877,-8.00e-03,2.10e+01,
878,-8.00e-03,2.10e+01,
879,-8.00e-03,2.12e+01,
880,-8.00e-03,2.10e+01,
881,-1.20e-02,2.10e+01,
882,-8.00e-03,2.10e+01,
883,-4.00e-03,2.12e+01,
884,-8.00e-03,2.12e+01,
885,-8.00e-03,2.12e+01,
886,-8.00e-03,2.10e+01,
887,-8.00e-03,2.14e+01,
888,-8.00e-03,2.12e+01,
889,-8.00e-03,2.12e+01,
890,-8.00e-03,2.12e+01,
891,-8.00e-03,2.14e+01,
892,-8.00e-03,2.12e+01,
893,-8.00e-03,2.12e+01,
894,-1.20e-02,2.12e+01,
895,-8.00e-03,2.14e+01,
896,-8.00e-03,2.14e+01,
897,-8.00e-03,2.14e+01,
898,-1.20e-02,2.14e+01,
899,-8.00e-03,2.16e+01,
900,-8.00e-03,2.14e+01,
901,-8.00e-03,2.14e+01,
902,-8.00e-03,2.14e+01,
903,-8.00e-03,2.16e+01,
904,-8.00e-03,2.14e+01,
905,-8.00e-03,2.14e+01,
906,-1.20e-02,2.14e+01,
907,-8.00e-03,2.16e+01,
908,-8.00e-03,2.14e+01,
909,-8.00e-03,2.14e+01,
910,-8.00e-03,2.14e+01,
911,-8.00e-03,2.14e+01,
912,-8.00e-03,2.14e+01,
913,-8.00e-03,2.14e+01,
914,-1.20e-02,2.16e+01,
915,-8.00e-03,2.16e+01,
916,-8.00e-03,2.16e+01,
917,-8.00e-03,2.14e+01,
918,-8.00e-03,2.14e+01,
919,-8.00e-03,2.16e+01,
920,-8.00e-03,2.14e+01,
921,-8.00e-03,2.14e+01,
922,-8.00e-03,2.14e+01,
923,-8.00e-03,2.16e+01,
924,-8.00e-03,2.14e+01,
925,-8.00e-03,2.14e+01,
926,-8.00e-03,2.14e+01,
927,-8.00e-03,2.16e+01,
928,-8.00e-03,2.14e+01,
929,-8.00e-03,2.14e+01,
930,-1.20e-02,2.14e+01,
931,-8.00e-03,2.14e+01,
932,-1.20e-02,2.14e+01,
933,-8.00e-03,2.12e+01,
934,-1.20e-02,2.12e+01,
935,-8.00e-03,2.14e+01,
936,-8.00e-03,2.12e+01,
937,-8.00e-03,2.12e+01,
938,-1.20e-02,2.12e+01,
939,-4.00e-03,2.12e+01,
940,-8.00e-03,2.12e+01,
941,-8.00e-03,2.12e+01,
942,-1.20e-02,2.12e+01,
943,-8.00e-03,2.12e+01,
944,-8.00e-03,2.10e+01,
945,-8.00e-03,2.10e+01,
946,-1.20e-02,2.10e+01,
947,-8.00e-03,2.12e+01,
948,-1.20e-02,2.10e+01,
949,-8.00e-03,2.08e+01,
950,-1.20e-02,2.10e+01,
951,-8.00e-03,2.10e+01,
952,-8.00e-03,2.10e+01,
953,-8.00e-03,2.08e+01,
954,-1.20e-02,2.08e+01,
955,-8.00e-03,2.10e+01,
956,-8.00e-03,2.08e+01,
957,-8.00e-03,2.08e+01,
958,-1.20e-02,2.06e+01,
959,-8.00e-03,2.06e+01,
960,-8.00e-03,2.06e+01,
961,-8.00e-03,2.04e+01,
962,-1.20e-02,2.06e+01,
963,-8.00e-03,2.06e+01,
964,-8.00e-03,2.04e+01,
965,-8.00e-03,2.04e+01,
966,-8.00e-03,2.04e+01,
967,-8.00e-03,2.06e+01,
968,-8.00e-03,2.02e+01,
969,-8.00e-03,2.02e+01,
970,-1.20e-02,2.02e+01,
971,-8.00e-03,2.04e+01,
972,-8.00e-03,2.02e+01,
973,-8.00e-03,2.00e+01,
974,-8.00e-03,2.00e+01,
975,-8.00e-03,2.02e+01,
976,-8.00e-03,2.00e+01,
977,-8.00e-03,1.98e+01,
978,-1.20e-02,2.00e+01,
979,-8.00e-03,2.00e+01,
980,-8.00e-03,1.98e+01,
981,-8.00e-03,1.98e+01,
982,-1.20e-02,1.96e+01,
983,-8.00e-03,1.98e+01,
984,-8.00e-03,1.96e+01,
985,-8.00e-03,1.94e+01,
986,-1.20e-02,1.96e+01,
987,-8.00e-03,1.96e+01,
988,-8.00e-03,1.94e+01,
989,-1.20e-02,1.94e+01,
990,-8.00e-03,1.94e+01,
991,-8.00e-03,1.92e+01,
992,-8.00e-03,1.92e+01,
993,-8.00e-03,1.92e+01,
994,-1.20e-02,1.92e+01,
995,-8.00e-03,1.92e+01,
996,-8.00e-03,1.90e+01,
997,-8.00e-03,1.90e+01,
998,-1.20e-02,1.90e+01,
999,-8.00e-03,1.90e+01,
1000,-8.00e-03,1.86e+01,
1001,-8.00e-03,1.86e+01,
1002,-1.20e-02,1.86e+01,
1003,-8.00e-03,1.86e+01,
1004,-8.00e-03,1.84e+01,
1005,-8.00e-03,1.84e+01,
1006,-8.00e-03,1.82e+01,
1007,-8.00e-03,1.84e+01,
1008,-8.00e-03,1.82e+01,
1009,-8.00e-03,1.82e+01,
1010,-1.20e-02,1.82e+01,
1011,-8.00e-03,1.82e+01,
1012,-8.00e-03,1.80e+01,
1013,-8.00e-03,1.80e+01,
1014,-8.00e-03,1.80e+01,
1015,-8.00e-03,1.80e+01,
1016,-8.00e-03,1.78e+01,
1017,-8.00e-03,1.78e+01,
1018,-1.20e-02,1.76e+01,
1019,-8.00e-03,1.78e+01,
1020,-8.00e-03,1.76e+01,
1021,-8.00e-03,1.76e+01,
1022,-8.00e-03,1.76e+01,
1023,-8.00e-03,1.76e+01,
1024,-8.00e-03,1.74e+01,
1025,-8.00e-03,1.74e+01,
1026,-1.20e-02,1.74e+01,
1027,-8.00e-03,1.74e+01,
1028,-8.00e-03,1.72e+01,
1029,-8.00e-03,1.72e+01,
1030,-8.00e-03,1.72e+01,
1031,-8.00e-03,1.72e+01,
1032,-1.20e-02,1.70e+01,
1033,-8.00e-03,1.68e+01,
1034,-1.20e-02,1.70e+01,
1035,-8.00e-03,1.70e+01,
1036,-8.00e-03,1.68e+01,
1037,-8.00e-03,1.68e+01,
1038,-8.00e-03,1.68e+01,
1039,-8.00e-03,1.68e+01,
1040,-8.00e-03,1.66e+01,
1041,-8.00e-03,1.66e+01,
1042,-1.20e-02,1.66e+01,
1043,-8.00e-03,1.66e+01,
1044,-8.00e-03,1.64e+01,
1045,-8.00e-03,1.64e+01,
1046,-8.00e-03,1.64e+01,
1047,-8.00e-03,1.66e+01,
1048,-8.00e-03,1.64e+01,
1049,-8.00e-03,1.62e+01,
1050,-1.20e-02,1.64e+01,
1051,-8.00e-03,1.62e+01,
1052,-8.00e-03,1.62e+01,
1053,-8.00e-03,1.60e+01,
1054,-1.20e-02,1.60e+01,
1055,-8.00e-03,1.60e+01,
1056,-8.00e-03,1.60e+01,
1057,-8.00e-03,1.60e+01,
1058,-1.20e-02,1.58e+01,
1059,-8.00e-03,1.58e+01,
1060,-8.00e-03,1.58e+01,
1061,-8.00e-03,1.58e+01,
1062,-8.00e-03,1.58e+01,
1063,-8.00e-03,1.58e+01,
1064,-8.00e-03,1.58e+01,
1065,-8.00e-03,1.56e+01,
1066,-8.00e-03,1.56e+01,
1067,-8.00e-03,1.58e+01,
1068,-8.00e-03,1.54e+01,
1069,-8.00e-03,1.54e+01,
1070,-8.00e-03,1.54e+01,
1071,-1.20e-02,1.56e+01,
1072,-8.00e-03,1.54e+01,
1073,-8.00e-03,1.54e+01,
1074,-1.20e-02,1.54e+01,
1075,-8.00e-03,1.54e+01,
1076,-8.00e-03,1.54e+01,
1077,-8.00e-03,1.50e+01,
1078,-1.20e-02,1.50e+01,
1079,-8.00e-03,1.54e+01,
1080,-8.00e-03,1.50e+01,
1081,-8.00e-03,1.50e+01,
1082,-8.00e-03,1.50e+01,
1083,-8.00e-03,1.50e+01,
1084,-8.00e-03,1.48e+01,
1085,-8.00e-03,1.48e+01,
1086,-8.00e-03,1.48e+01,
1087,-8.00e-03,1.50e+01,
1088,-8.00e-03,1.48e+01,
1089,-8.00e-03,1.48e+01,
1090,-8.00e-03,1.48e+01,
1091,-8.00e-03,1.48e+01,
1092,-8.00e-03,1.48e+01,
1093,-8.00e-03,1.46e+01,
1094,-1.20e-02,1.48e+01,
1095,-8.00e-03,1.46e+01,
1096,-8.00e-03,1.46e+01,
1097,-8.00e-03,1.46e+01,
1098,-8.00e-03,1.46e+01,
1099,-8.00e-03,1.48e+01,
1100,-8.00e-03,1.46e+01,
1101,-8.00e-03,1.44e+01,
1102,-8.00e-03,1.46e+01,
1103,-8.00e-03,1.46e+01,
1104,-8.00e-03,1.46e+01,
1105,-8.00e-03,1.44e+01,
1106,-8.00e-03,1.46e+01,
1107,-4.00e-03,1.46e+01,
1108,-8.00e-03,1.44e+01,
1109,-8.00e-03,1.44e+01,
1110,-8.00e-03,1.46e+01,
1111,-8.00e-03,1.46e+01,
1112,-8.00e-03,1.44e+01,
1113,-8.00e-03,1.44e+01,
1114,-1.20e-02,1.44e+01,
1115,-8.00e-03,1.44e+01,
1116,-8.00e-03,1.44e+01,
1117,-8.00e-03,1.44e+01,
1118,-8.00e-03,1.44e+01,
1119,-8.00e-03,1.46e+01,
1120,-8.00e-03,1.44e+01,
1121,-4.00e-03,1.44e+01,
1122,-1.20e-02,1.44e+01,
1123,-4.00e-03,1.46e+01,
1124,-8.00e-03,1.44e+01,
1125,-8.00e-03,1.44e+01,
1126,-8.00e-03,1.44e+01,
1127,-8.00e-03,1.46e+01,
1128,-8.00e-03,1.44e+01,
1129,-4.00e-03,1.44e+01,
1130,-8.00e-03,1.44e+01,
1131,-4.00e-03,1.44e+01,
1132,-8.00e-03,1.44e+01,
1133,-8.00e-03,1.46e+01,
1134,-8.00e-03,1.44e+01,
1135,-4.00e-03,1.46e+01,
1136,-8.00e-03,1.44e+01,
1137,-8.00e-03,1.44e+01,
1138,-8.00e-03,1.46e+01,
1139,-8.00e-03,1.46e+01,
1140,-8.00e-03,1.46e+01,
1141,-8.00e-03,1.44e+01,
1142,-8.00e-03,1.46e+01,
1143,-8.00e-03,1.46e+01,
1144,-8.00e-03,1.46e+01,
1145,-8.00e-03,1.46e+01,
1146,-8.00e-03,1.46e+01,
1147,-4.00e-03,1.46e+01,
1148,-8.00e-03,1.46e+01,
1149,-8.00e-03,1.46e+01,
1150,-8.00e-03,1.46e+01,
1151,-8.00e-03,1.48e+01,
1152,-8.00e-03,1.46e+01,
1153,-8.00e-03,1.46e+01,
1154,-8.00e-03,1.48e+01,
1155,-8.00e-03,1.48e+01,
1156,-8.00e-03,1.48e+01,
1157,-8.00e-03,1.48e+01,
1158,-8.00e-03,1.48e+01,
1159,-8.00e-03,1.50e+01,
1160,-8.00e-03,1.48e+01,
1161,-8.00e-03,1.48e+01,
1162,-8.00e-03,1.50e+01,
1163,-4.00e-03,1.50e+01,
1164,-8.00e-03,1.50e+01,
1165,-8.00e-03,1.50e+01,
1166,-8.00e-03,1.50e+01,
1167,-8.00e-03,1.54e+01,
1168,-8.00e-03,1.50e+01,
1169,-8.00e-03,1.50e+01,
1170,-8.00e-03,1.50e+01,
1171,-4.00e-03,1.54e+01,
1172,-8.00e-03,1.50e+01,
1173,-8.00e-03,1.54e+01,
1174,-8.00e-03,1.54e+01,
1175,-8.00e-03,1.56e+01,
1176,-8.00e-03,1.54e+01,
1177,-8.00e-03,1.56e+01,
1178,-8.00e-03,1.56e+01,
1179,-8.00e-03,1.56e+01,
1180,-8.00e-03,1.56e+01,
1181,-8.00e-03,1.56e+01,
1182,-8.00e-03,1.56e+01,
1183,-4.00e-03,1.58e+01,
1184,-4.00e-03,1.58e+01,
1185,-8.00e-03,1.56e+01,
1186,-8.00e-03,1.58e+01,
1187,-4.00e-03,1.60e+01,
1188,-8.00e-03,1.58e+01,
1189,-8.00e-03,1.58e+01,
1190,-8.00e-03,1.60e+01,
1191,-4.00e-03,1.62e+01,
1192,-8.00e-03,1.60e+01,
1193,-4.00e-03,1.62e+01,
1194,-8.00e-03,1.62e+01,
1195,-4.00e-03,1.62e+01,
1196,-8.00e-03,1.62e+01,
1197,-8.00e-03,1.62e+01,
1198,-8.00e-03,1.62e+01,
1199,-8.00e-03,1.64e+01,
1200,-4.00e-03,1.64e+01,
1201,-4.00e-03,1.64e+01,
1202,-8.00e-03,1.64e+01,
1203,-4.00e-03,1.66e+01,
1204,-8.00e-03,1.64e+01,
1205,-8.00e-03,1.66e+01,
1206,-8.00e-03,1.66e+01,
1207,-4.00e-03,1.68e+01,
1208,-8.00e-03,1.66e+01,
1209,-4.00e-03,1.68e+01,
1210,-8.00e-03,1.68e+01,
1211,-8.00e-03,1.70e+01,
1212,-8.00e-03,1.68e+01,
1213,-8.00e-03,1.68e+01,
1214,-8.00e-03,1.70e+01,
1215,-8.00e-03,1.72e+01,
1216,-8.00e-03,1.70e+01,
1217,-8.00e-03,1.70e+01,
1218,-8.00e-03,1.72e+01,
1219,-8.00e-03,1.72e+01,
1220,-8.00e-03,1.72e+01,
1221,-8.00e-03,1.74e+01,
1222,-8.00e-03,1.74e+01,
1223,-4.00e-03,1.76e+01,
1224,-4.00e-03,1.74e+01,
1225,-8.00e-03,1.74e+01,
1226,-8.00e-03,1.76e+01,
1227,-8.00e-03,1.76e+01,
1228,-8.00e-03,1.76e+01,
1229,-8.00e-03,1.76e+01,
1230,-8.00e-03,1.76e+01,
1231,-4.00e-03,1.78e+01,
1232,-8.00e-03,1.78e+01,
1233,-8.00e-03,1.78e+01,
1234,-8.00e-03,1.80e+01,
1235,-8.00e-03,1.80e+01,
1236,-8.00e-03,1.80e+01,
1237,-8.00e-03,1.80e+01,
1238,-8.00e-03,1.82e+01,
1239,-8.00e-03,1.82e+01,
1240,-8.00e-03,1.80e+01,
1241,-8.00e-03,1.82e+01,
1242,-8.00e-03,1.82e+01,
1243,-4.00e-03,1.84e+01,
1244,-4.00e-03,1.84e+01,
1245,-8.00e-03,1.84e+01,
1246,-8.00e-03,1.84e+01,
1247,-8.00e-03,1.86e+01,
1248,-8.00e-03,1.86e+01,
1249,-8.00e-03,1.86e+01,
1250,-8.00e-03,1.86e+01,
1251,-8.00e-03,1.90e+01,
1252,-4.00e-03,1.90e+01,
1253,-8.00e-03,1.90e+01,
1254,-1.20e-02,1.90e+01,
1255,-8.00e-03,1.92e+01,
1256,-8.00e-03,1.92e+01,
1257,-4.00e-03,1.92e+01,
1258,-8.00e-03,1.92e+01,
1259,-8.00e-03,1.94e+01,
1260,-8.00e-03,1.94e+01,
1261,-8.00e-03,1.92e+01,
1262,-8.00e-03,1.94e+01,
1263,-8.00e-03,1.96e+01,
1264,-8.00e-03,1.94e+01,
1265,-8.00e-03,1.94e+01,
1266,-8.00e-03,1.96e+01,
1267,-8.00e-03,1.96e+01,
1268,-8.00e-03,1.96e+01,
1269,-8.00e-03,1.96e+01,
1270,-8.00e-03,1.98e+01,
1271,-8.00e-03,2.00e+01,
1272,-8.00e-03,1.98e+01,
1273,-8.00e-03,1.98e+01,
1274,-1.20e-02,1.98e+01,
1275,-4.00e-03,2.02e+01,
1276,-8.00e-03,2.00e+01,
1277,-8.00e-03,2.00e+01,
1278,-1.20e-02,2.00e+01,
1279,-8.00e-03,2.02e+01,
1280,-8.00e-03,2.02e+01,
1281,-4.00e-03,2.00e+01,
1282,-1.20e-02,2.02e+01,
1283,-8.00e-03,2.02e+01,
1284,-8.00e-03,2.02e+01,
1285,-8.00e-03,2.02e+01,
1286,-8.00e-03,2.04e+01,
1287,-8.00e-03,2.04e+01,
1288,-8.00e-03,2.04e+01,
1289,-1.20e-02,2.04e+01,
1290,-1.20e-02,2.04e+01,
1291,-8.00e-03,2.06e+01,
1292,-8.00e-03,2.04e+01,
1293,-8.00e-03,2.04e+01,
1294,-8.00e-03,2.04e+01,
1295,-4.00e-03,2.06e+01,
1296,-8.00e-03,2.06e+01,
1297,-8.00e-03,2.06e+01,
1298,-8.00e-03,2.06e+01,
1299,-8.00e-03,2.08e+01,
1300,-8.00e-03,2.06e+01,
1301,-8.00e-03,2.06e+01,
1302,-8.00e-03,2.08e+01,
1303,-8.00e-03,2.10e+01,
1304,-8.00e-03,2.08e+01,
1305,-8.00e-03,2.08e+01,
1306,-8.00e-03,2.08e+01,
1307,-8.00e-03,2.08e+01,
1308,-8.00e-03,2.10e+01,
1309,-8.00e-03,2.08e+01,
1310,-8.00e-03,2.10e+01,
1311,-8.00e-03,2.10e+01,
1312,-1.20e-02,2.10e+01,
1313,-8.00e-03,2.08e+01,
1314,-1.20e-02,2.10e+01,
1315,-8.00e-03,2.10e+01,
1316,-8.00e-03,2.10e+01,
1317,-8.00e-03,2.10e+01,
1318,-8.00e-03,2.10e+01,
1319,-8.00e-03,2.12e+01,
1320,-8.00e-03,2.10e+01,
1321,-8.00e-03,2.10e+01,
1322,-1.20e-02,2.10e+01,
1323,-8.00e-03,2.12e+01,
1324,-8.00e-03,2.10e+01,
1325,-8.00e-03,2.10e+01,
1326,-8.00e-03,2.12e+01,
1327,-8.00e-03,2.12e+01,
1328,-8.00e-03,2.10e+01,
1329,-8.00e-03,2.10e+01,
1330,-1.20e-02,2.12e+01,
1331,-8.00e-03,2.12e+01,
1332,-8.00e-03,2.12e+01,
1333,-8.00e-03,2.10e+01,
1334,-8.00e-03,2.10e+01,
1335,-4.00e-03,2.12e+01,
1336,-8.00e-03,2.10e+01,
1337,-8.00e-03,2.10e+01,
1338,-1.20e-02,2.10e+01,
1339,-8.00e-03,2.12e+01,
1340,-8.00e-03,2.12e+01,
1341,-8.00e-03,2.10e+01,
1342,-8.00e-03,2.10e+01,
1343,-8.00e-03,2.12e+01,
1344,-8.00e-03,2.10e+01,
1345,-8.00e-03,2.10e+01,
1346,-1.20e-02,2.10e+01,
1347,-8.00e-03,2.12e+01,
1348,-8.00e-03,2.10e+01,
1349,-1.20e-02,2.10e+01,
1350,-8.00e-03,2.10e+01,
1351,-8.00e-03,2.12e+01,
1352,-8.00e-03,2.10e+01,
1353,-8.00e-03,2.10e+01,
1354,-8.00e-03,2.08e+01,
1355,-1.20e-02,2.10e+01,
1356,-8.00e-03,2.10e+01,
1357,-8.00e-03,2.08e+01,
1358,-1.20e-02,2.08e+01,
1359,-8.00e-03,2.10e+01,
1360,-1.20e-02,2.08e+01,
1361,-8.00e-03,2.08e+01,
1362,-1.20e-02,2.08e+01,
1363,-8.00e-03,2.10e+01,
1364,-8.00e-03,2.06e+01,
1365,-8.00e-03,2.06e+01,
1366,-8.00e-03,2.06e+01,
1367,-1.20e-02,2.08e+01,
1368,-1.20e-02,2.06e+01,
1369,-8.00e-03,2.04e+01,
1370,-8.00e-03,2.06e+01,
1371,-8.00e-03,2.06e+01,
1372,-8.00e-03,2.04e+01,
1373,-1.20e-02,2.04e+01,
1374,-8.00e-03,2.04e+01,
1375,-8.00e-03,2.06e+01,
1376,-8.00e-03,2.04e+01,
1377,-8.00e-03,2.02e+01,
1378,-1.20e-02,2.04e+01,
1379,-8.00e-03,2.04e+01,
1380,-8.00e-03,2.02e+01,
1381,-8.00e-03,2.02e+01,
1382,-1.20e-02,2.02e+01,
1383,-8.00e-03,2.04e+01,
1384,-8.00e-03,2.02e+01,
1385,-8.00e-03,2.00e+01,
1386,-8.00e-03,2.02e+01,
1387,-8.00e-03,2.02e+01,
1388,-8.00e-03,2.00e+01,
1389,-8.00e-03,2.00e+01,
1390,-1.20e-02,2.00e+01,
1391,-8.00e-03,2.00e+01,
1392,-8.00e-03,2.00e+01,
1393,-8.00e-03,1.98e+01,
1394,-1.20e-02,1.98e+01,
1395,-8.00e-03,1.98e+01,
1396,-8.00e-03,1.98e+01,
1397,-8.00e-03,1.96e+01,
1398,-1.20e-02,1.96e+01,
1399,-8.00e-03,1.98e+01,
1400,-8.00e-03,1.96e+01,
1401,-8.00e-03,1.94e+01,
1402,-1.20e-02,1.96e+01,
1403,-8.00e-03,1.96e+01,
1404,-8.00e-03,1.94e+01,
1405,-8.00e-03,1.94e+01,
1406,-1.20e-02,1.94e+01,
1407,-8.00e-03,1.94e+01,
1408,-8.00e-03,1.92e+01,
1409,-8.00e-03,1.92e+01,
1410,-1.20e-02,1.92e+01,
1411,-8.00e-03,1.92e+01,
1412,-1.20e-02,1.90e+01,
1413,-1.20e-02,1.86e+01,
1414,-1.20e-02,1.90e+01,
1415,-8.00e-03,1.90e+01,
1416,-8.00e-03,1.90e+01,
1417,-1.20e-02,1.86e+01,
1418,-1.20e-02,1.86e+01,
1419,-8.00e-03,1.86e+01,
1420,-8.00e-03,1.86e+01,
1421,-8.00e-03,1.84e+01,
1422,-1.20e-02,1.84e+01,
1423,-8.00e-03,1.86e+01,
1424,-8.00e-03,1.84e+01,
1425,-8.00e-03,1.82e+01,
1426,-8.00e-03,1.82e+01,
1427,-8.00e-03,1.82e+01,
1428,-8.00e-03,1.82e+01,
1429,-8.00e-03,1.80e+01,
1430,-8.00e-03,1.80e+01,
1431,-8.00e-03,1.82e+01,
1432,-8.00e-03,1.78e+01,
1433,-8.00e-03,1.80e+01,
1434,-1.20e-02,1.80e+01,
1435,-8.00e-03,1.78e+01,
1436,-8.00e-03,1.78e+01,
1437,-8.00e-03,1.76e+01,
1438,-1.20e-02,1.78e+01,
1439,-8.00e-03,1.78e+01,
1440,-8.00e-03,1.76e+01,
1441,-1.20e-02,1.76e+01,
1442,-1.20e-02,1.74e+01,
1443,-8.00e-03,1.76e+01,
1444,-1.20e-02,1.74e+01,
1445,-8.00e-03,1.74e+01,
1446,-1.20e-02,1.72e+01,
1447,-8.00e-03,1.74e+01,
1448,-8.00e-03,1.72e+01,
1449,-8.00e-03,1.72e+01,
1450,-1.20e-02,1.72e+01,
1451,-8.00e-03,1.72e+01,
1452,-8.00e-03,1.70e+01,
1453,-8.00e-03,1.70e+01,
1454,-1.20e-02,1.70e+01,
1455,-8.00e-03,1.72e+01,
1456,-8.00e-03,1.68e+01,
1457,-8.00e-03,1.68e+01,
1458,-1.20e-02,1.68e+01,
1459,-8.00e-03,1.70e+01,
1460,-8.00e-03,1.68e+01,
1461,-8.00e-03,1.66e+01,
1462,-8.00e-03,1.66e+01,
1463,-8.00e-03,1.66e+01,
1464,-8.00e-03,1.66e+01,
1465,-8.00e-03,1.64e+01,
1466,-8.00e-03,1.64e+01,
1467,-8.00e-03,1.66e+01,
1468,-8.00e-03,1.64e+01,
1469,-8.00e-03,1.62e+01,
1470,-8.00e-03,1.64e+01,
1471,-8.00e-03,1.64e+01,
1472,-8.00e-03,1.62e+01,
1473,-8.00e-03,1.62e+01,
1474,-8.00e-03,1.62e+01,
1475,-8.00e-03,1.62e+01,
1476,-8.00e-03,1.62e+01,
1477,-8.00e-03,1.62e+01,
1478,-8.00e-03,1.60e+01,
1479,-8.00e-03,1.62e+01,
1480,-8.00e-03,1.60e+01,
1481,-8.00e-03,1.60e+01,
1482,-8.00e-03,1.60e+01,
1483,-8.00e-03,1.60e+01,
1484,-8.00e-03,1.58e+01,
1485,-8.00e-03,1.58e+01,
1486,-8.00e-03,1.58e+01,
1487,-8.00e-03,1.60e+01,
1488,-8.00e-03,1.58e+01,
1489,-8.00e-03,1.58e+01,
1490,-8.00e-03,1.58e+01,
1491,-8.00e-03,1.58e+01,
1492,-8.00e-03,1.56e+01,
1493,-8.00e-03,1.56e+01,
1494,-8.00e-03,1.56e+01,
1495,-8.00e-03,1.56e+01,
1496,-8.00e-03,1.54e+01,
1497,-8.00e-03,1.56e+01,
1498,-8.00e-03,1.56e+01,
1499,-8.00e-03,1.56e+01,
1500,-8.00e-03,1.54e+01,
1501,-8.00e-03,1.50e+01,
1502,-8.00e-03,1.54e+01,
1503,-8.00e-03,1.54e+01,
1504,-8.00e-03,1.54e+01,
1505,-8.00e-03,1.54e+01,
1506,-8.00e-03,1.50e+01,
1507,-4.00e-03,1.54e+01,
1508,-8.00e-03,1.50e+01,
1509,-8.00e-03,1.50e+01,
1510,-8.00e-03,1.50e+01,
1511,-8.00e-03,1.54e+01,
1512,-8.00e-03,1.48e+01,
1513,-8.00e-03,1.48e+01,
1514,-1.20e-02,1.50e+01,
1515,-8.00e-03,1.50e+01,
1516,-8.00e-03,1.48e+01,
1517,-8.00e-03,1.48e+01,
1518,-8.00e-03,1.48e+01,
1519,-8.00e-03,1.50e+01,
1520,-8.00e-03,1.48e+01,
1521,-8.00e-03,1.48e+01,
1522,-8.00e-03,1.48e+01,
1523,-4.00e-03,1.48e+01,
1524,-8.00e-03,1.48e+01,
1525,-4.00e-03,1.48e+01,
1526,-8.00e-03,1.48e+01,
1527,-8.00e-03,1.50e+01,
1528,-8.00e-03,1.48e+01,
1529,-8.00e-03,1.48e+01,
1530,-8.00e-03,1.48e+01,
1531,-8.00e-03,1.48e+01,
1532,-8.00e-03,1.46e+01,
1533,-4.00e-03,1.46e+01,
1534,-8.00e-03,1.48e+01,
1535,-4.00e-03,1.48e+01,
1536,-8.00e-03,1.48e+01,
1537,-8.00e-03,1.46e+01,
1538,-1.20e-02,1.48e+01,
1539,-4.00e-03,1.48e+01,
1540,-8.00e-03,1.46e+01,
1541,-8.00e-03,1.48e+01,
1542,-8.00e-03,1.48e+01,
1543,-8.00e-03,1.48e+01,
1544,-4.00e-03,1.48e+01,
1545,-8.00e-03,1.46e+01,
1546,-8.00e-03,1.48e+01,
1547,-8.00e-03,1.48e+01,
1548,-8.00e-03,1.46e+01,
1549,-8.00e-03,1.48e+01,
1550,-8.00e-03,1.46e+01,
1551,-8.00e-03,1.48e+01,
1552,-8.00e-03,1.48e+01,
1553,-8.00e-03,1.48e+01,
1554,-1.20e-02,1.48e+01,
1555,-8.00e-03,1.48e+01,
1556,-8.00e-03,1.48e+01,
1557,-8.00e-03,1.48e+01,
1558,-8.00e-03,1.48e+01,
1559,-8.00e-03,1.48e+01,
1560,-8.00e-03,1.48e+01,
1561,-8.00e-03,1.48e+01,
1562,-8.00e-03,1.48e+01,
1563,-8.00e-03,1.48e+01,
1564,-8.00e-03,1.48e+01,
1565,-8.00e-03,1.48e+01,
1566,-8.00e-03,1.48e+01,
1567,-8.00e-03,1.50e+01,
1568,-8.00e-03,1.48e+01,
1569,-8.00e-03,1.50e+01,
1570,-8.00e-03,1.48e+01,
1571,-4.00e-03,1.50e+01,
1572,-8.00e-03,1.50e+01,
1573,-8.00e-03,1.50e+01,
1574,-8.00e-03,1.48e+01,
1575,-8.00e-03,1.54e+01,
1576,-8.00e-03,1.50e+01,
1577,-8.00e-03,1.50e+01,
1578,-8.00e-03,1.54e+01,
1579,-4.00e-03,1.54e+01,
1580,-8.00e-03,1.54e+01,
1581,-8.00e-03,1.50e+01,
1582,-8.00e-03,1.54e+01,
1583,-8.00e-03,1.54e+01,
1584,-8.00e-03,1.54e+01,
1585,-8.00e-03,1.54e+01,
1586,-8.00e-03,1.54e+01,
1587,-4.00e-03,1.56e+01,
1588,-8.00e-03,1.54e+01,
1589,-8.00e-03,1.54e+01,
1590,-4.00e-03,1.54e+01,
1591,-8.00e-03,1.56e+01,
1592,-8.00e-03,1.56e+01,
1593,-8.00e-03,1.56e+01,
1594,-8.00e-03,1.56e+01,
1595,-4.00e-03,1.58e+01,
1596,-8.00e-03,1.56e+01,
1597,-8.00e-03,1.56e+01,
1598,-8.00e-03,1.58e+01,
1599,-8.00e-03,1.60e+01,
1600,-4.00e-03,1.58e+01,
1601,-8.00e-03,1.58e+01,
1602,-8.00e-03,1.60e+01,
1603,-4.00e-03,1.60e+01,
1604,-8.00e-03,1.58e+01,
1605,-8.00e-03,1.58e+01,
1606,-8.00e-03,1.60e+01,
1607,-4.00e-03,1.62e+01,
1608,-4.00e-03,1.60e+01,
1609,-8.00e-03,1.62e+01,
1610,-8.00e-03,1.62e+01,
1611,-4.00e-03,1.62e+01,
1612,-8.00e-03,1.62e+01,
1613,-8.00e-03,1.62e+01,
1614,-8.00e-03,1.62e+01,
1615,-8.00e-03,1.64e+01,
1616,-4.00e-03,1.64e+01,
1617,-8.00e-03,1.64e+01,
1618,-8.00e-03,1.64e+01,
1619,-8.00e-03,1.66e+01,
1620,-8.00e-03,1.64e+01,
1621,-8.00e-03,1.64e+01,
1622,-8.00e-03,1.66e+01,
1623,-8.00e-03,1.68e+01,
1624,-8.00e-03,1.66e+01,
1625,-4.00e-03,1.66e+01,
1626,-8.00e-03,1.66e+01,
1627,-4.00e-03,1.68e+01,
1628,-8.00e-03,1.68e+01,
1629,-8.00e-03,1.68e+01,
1630,-8.00e-03,1.68e+01,
1631,-4.00e-03,1.70e+01,
1632,-8.00e-03,1.70e+01,
1633,-8.00e-03,1.70e+01,
1634,-8.00e-03,1.70e+01,
1635,-4.00e-03,1.72e+01,
1636,-8.00e-03,1.72e+01,
1637,-8.00e-03,1.70e+01,
1638,-8.00e-03,1.72e+01,
1639,-4.00e-03,1.74e+01,
1640,-4.00e-03,1.72e+01,
1641,-8.00e-03,1.74e+01,
1642,-8.00e-03,1.74e+01,
1643,-4.00e-03,1.76e+01,
1644,-8.00e-03,1.74e+01,
1645,-8.00e-03,1.74e+01,
1646,-8.00e-03,1.76e+01,
1647,-4.00e-03,1.76e+01,
1648,-8.00e-03,1.76e+01,
1649,-8.00e-03,1.76e+01,
1650,-8.00e-03,1.78e+01,
1651,-4.00e-03,1.78e+01,
1652,-8.00e-03,1.76e+01,
1653,-8.00e-03,1.78e+01,
1654,-8.00e-03,1.78e+01,
1655,-8.00e-03,1.80e+01,
1656,-8.00e-03,1.78e+01,
1657,-4.00e-03,1.80e+01,
1658,-1.20e-02,1.80e+01,
1659,-4.00e-03,1.82e+01,
1660,-8.00e-03,1.80e+01,
1661,-8.00e-03,1.80e+01,
1662,-1.20e-02,1.82e+01,
1663,-8.00e-03,1.84e+01,
1664,-8.00e-03,1.84e+01,
1665,-4.00e-03,1.82e+01,
1666,-8.00e-03,1.84e+01,
1667,-8.00e-03,1.86e+01,
1668,-8.00e-03,1.84e+01,
1669,-8.00e-03,1.84e+01,
1670,-8.00e-03,1.86e+01,
1671,-8.00e-03,1.90e+01,
1672,-8.00e-03,1.86e+01,
1673,-8.00e-03,1.86e+01,
1674,-1.20e-02,1.90e+01,
1675,-8.00e-03,1.90e+01,
1676,-8.00e-03,1.90e+01,
1677,-8.00e-03,1.90e+01,
1678,-8.00e-03,1.90e+01,
1679,-8.00e-03,1.92e+01,
1680,-8.00e-03,1.92e+01,
1681,-8.00e-03,1.92e+01,
1682,-1.20e-02,1.92e+01,
1683,-8.00e-03,1.94e+01,
1684,-8.00e-03,1.92e+01,
1685,-8.00e-03,1.94e+01,
1686,-8.00e-03,1.94e+01,
1687,-8.00e-03,1.96e+01,
1688,-8.00e-03,1.94e+01,
1689,-8.00e-03,1.94e+01,
1690,-8.00e-03,1.96e+01,
1691,-8.00e-03,1.96e+01,
1692,-8.00e-03,1.96e+01,
1693,-8.00e-03,1.96e+01,
1694,-8.00e-03,1.96e+01,
1695,-8.00e-03,1.98e+01,
1696,-8.00e-03,1.96e+01,
1697,-8.00e-03,1.98e+01,
1698,-8.00e-03,1.98e+01,
1699,-8.00e-03,2.00e+01,
1700,-8.00e-03,1.98e+01,
1701,-8.00e-03,1.98e+01,
1702,-8.00e-03,1.98e+01,
1703,-8.00e-03,2.00e+01,
1704,-8.00e-03,2.00e+01,
1705,-8.00e-03,2.00e+01,
1706,-8.00e-03,2.00e+01,
1707,-8.00e-03,2.02e+01,
1708,-8.00e-03,2.00e+01,
1709,-8.00e-03,2.00e+01,
1710,-8.00e-03,2.00e+01,
1711,-8.00e-03,2.04e+01,
1712,-8.00e-03,2.02e+01,
1713,-8.00e-03,2.02e+01,
1714,-1.20e-02,2.04e+01,
1715,-8.00e-03,2.04e+01,
1716,-8.00e-03,2.04e+01,
1717,-8.00e-03,2.04e+01,
1718,-1.20e-02,2.04e+01,
1719,-8.00e-03,2.06e+01,
1720,-8.00e-03,2.04e+01,
1721,-8.00e-03,2.04e+01,
1722,-1.20e-02,2.04e+01,
1723,-8.00e-03,2.06e+01,
1724,-8.00e-03,2.06e+01,
1725,-8.00e-03,2.04e+01,
1726,-8.00e-03,2.04e+01,
1727,-4.00e-03,2.06e+01,
1728,-8.00e-03,2.06e+01,
1729,-8.00e-03,2.04e+01,
1730,-1.20e-02,2.06e+01,
1731,-8.00e-03,2.06e+01,
1732,-8.00e-03,2.06e+01,
1733,-1.20e-02,2.06e+01,
1734,-8.00e-03,2.06e+01,
1735,-8.00e-03,2.08e+01,
1736,-8.00e-03,2.06e+01,
1737,-8.00e-03,2.06e+01,
1738,-8.00e-03,2.06e+01,
1739,-8.00e-03,2.08e+01,
1740,-8.00e-03,2.08e+01,
1741,-1.20e-02,2.06e+01,
1742,-8.00e-03,2.08e+01,
1743,-8.00e-03,2.08e+01,
1744,-8.00e-03,2.06e+01,
1745,-8.00e-03,2.08e+01,
1746,-1.20e-02,2.08e+01,
1747,-8.00e-03,2.10e+01,
1748,-8.00e-03,2.08e+01,
1749,-8.00e-03,2.08e+01,
1750,-8.00e-03,2.08e+01,
1751,-8.00e-03,2.08e+01,
1752,-8.00e-03,2.08e+01,
1753,-8.00e-03,2.06e+01,
1754,-1.20e-02,2.08e+01,
1755,-8.00e-03,2.08e+01,
1756,-8.00e-03,2.08e+01,
1757,-8.00e-03,2.06e+01,
1758,-8.00e-03,2.06e+01,
1759,-8.00e-03,2.08e+01,
1760,-1.20e-02,2.08e+01,
1761,-8.00e-03,2.06e+01,
1762,-8.00e-03,2.06e+01,
1763,-8.00e-03,2.08e+01,
1764,-8.00e-03,2.06e+01,
1765,-8.00e-03,2.06e+01,
1766,-8.00e-03,2.06e+01,
1767,-4.00e-03,2.08e+01,
1768,-8.00e-03,2.06e+01,
1769,-8.00e-03,2.06e+01,
1770,-1.20e-02,2.06e+01,
1771,-8.00e-03,2.08e+01,
1772,-8.00e-03,2.06e+01,
1773,-8.00e-03,2.04e+01,
1774,-1.20e-02,2.06e+01,
1775,-8.00e-03,2.06e+01,
1776,-8.00e-03,2.06e+01,
1777,-8.00e-03,2.04e+01,
1778,-1.20e-02,2.04e+01,
1779,-8.00e-03,2.06e+01,
1780,-8.00e-03,2.06e+01,
1781,-8.00e-03,2.04e+01,
1782,-1.20e-02,2.04e+01,
1783,-8.00e-03,2.06e+01,
1784,-8.00e-03,2.04e+01,
1785,-8.00e-03,2.04e+01,
1786,-8.00e-03,2.04e+01,
1787,-8.00e-03,2.04e+01,
1788,-8.00e-03,2.04e+01,
1789,-8.00e-03,2.02e+01,
1790,-8.00e-03,2.04e+01,
1791,-8.00e-03,2.04e+01,
1792,-8.00e-03,2.02e+01,
1793,-8.00e-03,2.02e+01,
1794,-1.20e-02,2.02e+01,
1795,-8.00e-03,2.04e+01,
1796,-8.00e-03,2.02e+01,
1797,-8.00e-03,2.00e+01,
1798,-8.00e-03,2.00e+01,
1799,-8.00e-03,2.02e+01,
1800,-8.00e-03,2.00e+01,
1801,-8.00e-03,2.00e+01,
1802,-1.20e-02,2.00e+01,
1803,-8.00e-03,2.00e+01,
1804,-8.00e-03,1.98e+01,
1805,-1.20e-02,1.98e+01,
1806,-1.20e-02,1.98e+01,
1807,-8.00e-03,1.98e+01,
1808,-8.00e-03,1.98e+01,
1809,-8.00e-03,1.96e+01,
1810,-1.20e-02,1.98e+01,
1811,-8.00e-03,1.98e+01,
1812,-8.00e-03,1.96e+01,
1813,-8.00e-03,1.96e+01,
1814,-8.00e-03,1.96e+01,
1815,-8.00e-03,1.96e+01,
1816,-8.00e-03,1.94e+01,
1817,-8.00e-03,1.94e+01,
1818,-1.20e-02,1.94e+01,
1819,-8.00e-03,1.96e+01,
1820,-8.00e-03,1.94e+01,
1821,-8.00e-03,1.94e+01,
1822,-8.00e-03,1.94e+01,
1823,-8.00e-03,1.94e+01,
1824,-8.00e-03,1.92e+01,
1825,-8.00e-03,1.92e+01,
1826,-1.20e-02,1.92e+01,
1827,-8.00e-03,1.92e+01,
1828,-8.00e-03,1.90e+01,
1829,-8.00e-03,1.90e+01,
1830,-1.20e-02,1.90e+01,
1831,-8.00e-03,1.90e+01,
1832,-1.20e-02,1.86e+01,
1833,-8.00e-03,1.90e+01,
1834,-1.20e-02,1.86e+01,
1835,-8.00e-03,1.90e+01,
1836,-8.00e-03,1.86e+01,
1837,-8.00e-03,1.84e+01,
1838,-1.20e-02,1.84e+01,
1839,-8.00e-03,1.86e+01,
1840,-8.00e-03,1.84e+01,
1841,-8.00e-03,1.82e+01,
1842,-1.20e-02,1.82e+01,
1843,-8.00e-03,1.84e+01,
1844,-8.00e-03,1.82e+01,
1845,-8.00e-03,1.82e+01,
1846,-8.00e-03,1.82e+01,
1847,-8.00e-03,1.82e+01,
1848,-1.20e-02,1.80e+01,
1849,-8.00e-03,1.80e+01,
1850,-8.00e-03,1.80e+01,
1851,-8.00e-03,1.80e+01,
1852,-8.00e-03,1.78e+01,
1853,-8.00e-03,1.80e+01,
1854,-1.20e-02,1.78e+01,
1855,-8.00e-03,1.78e+01,
1856,-8.00e-03,1.78e+01,
1857,-8.00e-03,1.76e+01,
1858,-1.20e-02,1.76e+01,
1859,-8.00e-03,1.78e+01,
1860,-1.20e-02,1.76e+01,
1861,-8.00e-03,1.76e+01,
1862,-1.20e-02,1.74e+01,
1863,-8.00e-03,1.76e+01,
1864,-8.00e-03,1.74e+01,
1865,-8.00e-03,1.74e+01,
1866,-8.00e-03,1.74e+01,
1867,-8.00e-03,1.74e+01,
1868,-8.00e-03,1.72e+01,
1869,-8.00e-03,1.72e+01,
1870,-8.00e-03,1.72e+01,
1871,-8.00e-03,1.74e+01,
1872,-8.00e-03,1.70e+01,
1873,-8.00e-03,1.70e+01,
1874,-8.00e-03,1.72e+01,
1875,-8.00e-03,1.70e+01,
1876,-8.00e-03,1.70e+01,
1877,-8.00e-03,1.70e+01,
1878,-1.20e-02,1.68e+01,
1879,-8.00e-03,1.70e+01,
1880,-8.00e-03,1.68e+01,
1881,-8.00e-03,1.68e+01,
1882,-1.20e-02,1.68e+01,
1883,-8.00e-03,1.68e+01,
1884,-8.00e-03,1.66e+01,
1885,-8.00e-03,1.66e+01,
1886,-8.00e-03,1.66e+01,
1887,-8.00e-03,1.66e+01,
1888,-8.00e-03,1.64e+01,
1889,-8.00e-03,1.64e+01,
1890,-1.20e-02,1.66e+01,
1891,-4.00e-03,1.66e+01,
1892,-8.00e-03,1.64e+01,
1893,-8.00e-03,1.62e+01,
1894,-1.20e-02,1.64e+01,
1895,-8.00e-03,1.64e+01,
1896,-8.00e-03,1.62e+01,
1897,-8.00e-03,1.62e+01,
1898,-8.00e-03,1.62e+01,
1899,-8.00e-03,1.62e+01,
1900,-8.00e-03,1.62e+01,
1901,-8.00e-03,1.60e+01,
1902,-8.00e-03,1.60e+01,
1903,-8.00e-03,1.62e+01,
1904,-8.00e-03,1.60e+01,
1905,-8.00e-03,1.58e+01,
1906,-8.00e-03,1.60e+01,
1907,-8.00e-03,1.60e+01,
1908,-8.00e-03,1.58e+01,
1909,-8.00e-03,1.58e+01,
1910,-8.00e-03,1.58e+01,
1911,-8.00e-03,1.60e+01,
1912,-8.00e-03,1.58e+01,
1913,-8.00e-03,1.58e+01,
1914,-1.20e-02,1.58e+01,
1915,-8.00e-03,1.58e+01,
1916,-8.00e-03,1.56e+01,
1917,-8.00e-03,1.56e+01,
1918,-8.00e-03,1.58e+01,
1919,-8.00e-03,1.58e+01,
1920,-8.00e-03,1.56e+01,
1921,-8.00e-03,1.56e+01,
1922,-1.20e-02,1.56e+01,
1923,-8.00e-03,1.58e+01,
1924,-8.00e-03,1.56e+01,
1925,-8.00e-03,1.56e+01,
1926,-8.00e-03,1.56e+01,
1927,-8.00e-03,1.56e+01,
1928,-8.00e-03,1.54e+01,
1929,-8.00e-03,1.54e+01,
1930,-8.00e-03,1.54e+01,
1931,-8.00e-03,1.54e+01,
1932,-8.00e-03,1.54e+01,
1933,-8.00e-03,1.54e+01,
1934,-8.00e-03,1.54e+01,
1935,-8.00e-03,1.54e+01,
1936,-8.00e-03,1.50e+01,
1937,-8.00e-03,1.54e+01,
1938,-8.00e-03,1.54e+01,
1939,-4.00e-03,1.54e+01,
1940,-8.00e-03,1.50e+01,
1941,-8.00e-03,1.54e+01,
1942,-8.00e-03,1.54e+01,
1943,-8.00e-03,1.54e+01,
1944,-8.00e-03,1.50e+01,
1945,-8.00e-03,1.50e+01,
1946,-1.20e-02,1.50e+01,
1947,-4.00e-03,1.50e+01,
1948,-8.00e-03,1.50e+01,
1949,-8.00e-03,1.50e+01,
1950,-8.00e-03,1.50e+01,
1951,-8.00e-03,1.50e+01,
1952,-8.00e-03,1.50e+01,
1953,-8.00e-03,1.50e+01,
1954,-8.00e-03,1.48e+01,
1955,-4.00e-03,1.54e+01,
1956,-8.00e-03,1.50e+01,
1957,-8.00e-03,1.50e+01,
1958,-8.00e-03,1.50e+01,
1959,-8.00e-03,1.50e+01,
1960,-8.00e-03,1.50e+01,
1961,-8.00e-03,1.50e+01,
1962,-8.00e-03,1.50e+01,
1963,-4.00e-03,1.50e+01,
1964,-8.00e-03,1.50e+01,
1965,-8.00e-03,1.48e+01,
1966,-8.00e-03,1.50e+01,
1967,-8.00e-03,1.50e+01,
1968,-8.00e-03,1.50e+01,
1969,-4.00e-03,1.50e+01,
1970,-8.00e-03,1.50e+01,
1971,-8.00e-03,1.50e+01,
1972,-8.00e-03,1.50e+01,
1973,-8.00e-03,1.50e+01,
1974,-8.00e-03,1.50e+01,
1975,-8.00e-03,1.50e+01,
1976,-8.00e-03,1.50e+01,
1977,-8.00e-03,1.50e+01,
1978,-8.00e-03,1.50e+01,
1979,-4.00e-03,1.50e+01,
1980,-8.00e-03,1.50e+01,
1981,-8.00e-03,1.50e+01,
1982,-8.00e-03,1.50e+01,
1983,-8.00e-03,1.54e+01,
1984,-8.00e-03,1.50e+01,
1985,-8.00e-03,1.50e+01,
1986,-8.00e-03,1.54e+01,
1987,-4.00e-03,1.54e+01,
1988,-8.00e-03,1.54e+01,
1989,-8.00e-03,1.54e+01,
1990,-8.00e-03,1.54e+01,
1991,-8.00e-03,1.54e+01,
1992,-8.00e-03,1.54e+01,
1993,-8.00e-03,1.54e+01,
1994,-8.00e-03,1.54e+01,
1995,-4.00e-03,1.56e+01,
1996,-8.00e-03,1.54e+01,
1997,-8.00e-03,1.54e+01,
1998,-8.00e-03,1.54e+01,
1999,-8.00e-03,1.56e+01,
2000,-8.00e-03,1.54e+01,
2001,-8.00e-03,1.54e+01,
2002,-8.00e-03,1.56e+01,
2003,-8.00e-03,1.56e+01,
2004,-8.00e-03,1.56e+01,
2005,-8.00e-03,1.56e+01,
2006,-8.00e-03,1.56e+01,
2007,-8.00e-03,1.58e+01,
2008,-8.00e-03,1.56e+01,
2009,-4.00e-03,1.58e+01,
2010,-8.00e-03,1.58e+01,
2011,-4.00e-03,1.58e+01,
2012,-8.00e-03,1.58e+01,
2013,-8.00e-03,1.58e+01,
2014,-8.00e-03,1.58e+01,
2015,-8.00e-03,1.60e+01,
2016,-8.00e-03,1.58e+01,
2017,-4.00e-03,1.60e+01,
2018,-8.00e-03,1.60e+01,
2019,-4.00e-03,1.60e+01,
2020,-8.00e-03,1.58e+01,
2021,-8.00e-03,1.60e+01,
2022,-8.00e-03,1.60e+01,
2023,-8.00e-03,1.62e+01,
2024,-8.00e-03,1.60e+01,
2025,-8.00e-03,1.60e+01,
2026,-8.00e-03,1.62e+01,
2027,-4.00e-03,1.64e+01,
2028,-8.00e-03,1.62e+01,
2029,-8.00e-03,1.62e+01,
2030,-8.00e-03,1.64e+01,
2031,-8.00e-03,1.64e+01,
2032,-8.00e-03,1.64e+01,
2033,-8.00e-03,1.64e+01,
2034,-8.00e-03,1.64e+01,
2035,-8.00e-03,1.66e+01,
2036,-8.00e-03,1.64e+01,
2037,-8.00e-03,1.64e+01,
2038,-8.00e-03,1.66e+01,
2039,-8.00e-03,1.66e+01,
2040,-8.00e-03,1.66e+01,
2041,-8.00e-03,1.66e+01,
2042,-8.00e-03,1.66e+01,
2043,-4.00e-03,1.68e+01,
2044,-8.00e-03,1.68e+01,
2045,-8.00e-03,1.68e+01,
2046,-8.00e-03,1.68e+01,
2047,-8.00e-03,1.70e+01,
2048,-8.00e-03,1.68e+01,
2049,-8.00e-03,1.68e+01,
2050,-8.00e-03,1.70e+01,
2051,-4.00e-03,1.70e+01,
2052,-8.00e-03,1.70e+01,
2053,-8.00e-03,1.70e+01,
2054,-8.00e-03,1.70e+01,
2055,-8.00e-03,1.72e+01,
2056,-8.00e-03,1.72e+01,
2057,-8.00e-03,1.72e+01,
2058,-8.00e-03,1.72e+01,
2059,-4.00e-03,1.74e+01,
2060,-8.00e-03,1.74e+01,
2061,-8.00e-03,1.74e+01,
2062,-8.00e-03,1.74e+01,
2063,-8.00e-03,1.76e+01,
2064,-4.00e-03,1.74e+01,
2065,-4.00e-03,1.76e+01,
2066,-8.00e-03,1.76e+01,
2067,-8.00e-03,1.76e+01,
2068,-8.00e-03,1.76e+01,
2069,-8.00e-03,1.76e+01,
2070,-8.00e-03,1.76e+01,
2071,-8.00e-03,1.78e+01,
2072,-8.00e-03,1.78e+01,
2073,-4.00e-03,1.78e+01,
2074,-8.00e-03,1.78e+01,
2075,-4.00e-03,1.80e+01,
2076,-8.00e-03,1.80e+01,
2077,-8.00e-03,1.78e+01,
2078,-8.00e-03,1.80e+01,
2079,-8.00e-03,1.82e+01,
2080,-8.00e-03,1.80e+01,
2081,-8.00e-03,1.80e+01,
2082,-8.00e-03,1.82e+01,
2083,-4.00e-03,1.84e+01,
2084,-8.00e-03,1.82e+01,
2085,-8.00e-03,1.82e+01,
2086,-8.00e-03,1.84e+01,
2087,-8.00e-03,1.84e+01,
2088,-8.00e-03,1.84e+01,
2089,-4.00e-03,1.84e+01,
2090,-8.00e-03,1.84e+01,
2091,-8.00e-03,1.86e+01,
2092,-8.00e-03,1.86e+01,
2093,-8.00e-03,1.86e+01,
2094,-8.00e-03,1.86e+01,
2095,-8.00e-03,1.90e+01,
2096,-8.00e-03,1.90e+01,
2097,-8.00e-03,1.86e+01,
2098,-8.00e-03,1.90e+01,
2099,-8.00e-03,1.90e+01,
2100,-8.00e-03,1.90e+01,
2101,-8.00e-03,1.90e+01,
2102,-8.00e-03,1.90e+01,
2103,-4.00e-03,1.92e+01,
2104,-8.00e-03,1.92e+01,
2105,-8.00e-03,1.92e+01,
2106,-1.20e-02,1.92e+01,
2107,-8.00e-03,1.92e+01,
2108,-8.00e-03,1.92e+01,
2109,-8.00e-03,1.94e+01,
2110,-8.00e-03,1.94e+01,
2111,-8.00e-03,1.94e+01,
2112,-8.00e-03,1.94e+01,
2113,-8.00e-03,1.94e+01,
2114,-1.20e-02,1.94e+01,
2115,-8.00e-03,1.96e+01,
2116,-8.00e-03,1.96e+01,
2117,-8.00e-03,1.96e+01,
2118,-8.00e-03,1.96e+01,
2119,-8.00e-03,1.98e+01,
2120,-8.00e-03,1.96e+01,
2121,-4.00e-03,1.96e+01,
2122,-8.00e-03,1.98e+01,
2123,-8.00e-03,1.98e+01,
2124,-8.00e-03,1.96e+01,
2125,-8.00e-03,1.98e+01,
2126,-8.00e-03,1.98e+01,
2127,-8.00e-03,2.00e+01,
2128,-8.00e-03,1.98e+01,
2129,-8.00e-03,1.98e+01,
2130,-1.20e-02,2.00e+01,
2131,-8.00e-03,2.00e+01,
2132,-8.00e-03,2.00e+01,
2133,-8.00e-03,2.00e+01,
2134,-8.00e-03,2.00e+01,
2135,-8.00e-03,2.02e+01,
2136,-8.00e-03,2.00e+01,
2137,-8.00e-03,2.00e+01,
2138,-8.00e-03,2.02e+01,
2139,-8.00e-03,2.02e+01,
2140,-8.00e-03,2.02e+01,
2141,-8.00e-03,2.02e+01,
2142,-8.00e-03,2.02e+01,
2143,-8.00e-03,2.02e+01,
2144,-8.00e-03,2.02e+01,
2145,-8.00e-03,2.02e+01,
2146,-1.20e-02,2.02e+01,
2147,-8.00e-03,2.04e+01,
2148,-8.00e-03,2.04e+01,
2149,-8.00e-03,2.02e+01,
2150,-8.00e-03,2.02e+01,
2151,-8.00e-03,2.04e+01,
2152,-8.00e-03,2.04e+01,
2153,-8.00e-03,2.04e+01,
2154,-1.20e-02,2.04e+01,
2155,-8.00e-03,2.04e+01,
2156,-8.00e-03,2.04e+01,
2157,-8.00e-03,2.02e+01,
2158,-8.00e-03,2.04e+01,
2159,-8.00e-03,2.04e+01,
2160,-8.00e-03,2.04e+01,
2161,-8.00e-03,2.04e+01,
2162,-8.00e-03,2.04e+01,
2163,-8.00e-03,2.06e+01,
2164,-8.00e-03,2.04e+01,
2165,-8.00e-03,2.04e+01,
2166,-8.00e-03,2.04e+01,
2167,-8.00e-03,2.06e+01,
2168,-8.00e-03,2.04e+01,
2169,-8.00e-03,2.04e+01,
2170,-1.20e-02,2.04e+01,
2171,-8.00e-03,2.06e+01,
2172,-8.00e-03,2.04e+01,
2173,-8.00e-03,2.04e+01,
2174,-1.20e-02,2.04e+01,
2175,-8.00e-03,2.06e+01,
2176,-1.20e-02,2.04e+01,
2177,-8.00e-03,2.04e+01,
2178,-8.00e-03,2.04e+01,
2179,-8.00e-03,2.06e+01,
2180,-8.00e-03,2.04e+01,
2181,-1.20e-02,2.04e+01,
2182,-8.00e-03,2.04e+01,
2183,-8.00e-03,2.06e+01,
2184,-8.00e-03,2.04e+01,
2185,-8.00e-03,2.04e+01,
2186,-8.00e-03,2.04e+01,
2187,-8.00e-03,2.04e+01,
2188,-8.00e-03,2.04e+01,
2189,-8.00e-03,2.02e+01,
2190,-8.00e-03,2.04e+01,
2191,-8.00e-03,2.04e+01,
2192,-8.00e-03,2.02e+01,
2193,-8.00e-03,2.02e+01,
2194,-8.00e-03,2.02e+01,
2195,-8.00e-03,2.04e+01,
2196,-8.00e-03,2.04e+01,
2197,-8.00e-03,2.02e+01,
2198,-8.00e-03,2.02e+01,
2199,-4.00e-03,2.04e+01,
2200,-8.00e-03,2.02e+01,
2201,-8.00e-03,2.02e+01,
2202,-1.20e-02,2.02e+01,
2203,-8.00e-03,2.02e+01,
2204,-8.00e-03,2.02e+01,
2205,-8.00e-03,2.00e+01,
2206,-8.00e-03,2.02e+01,
2207,-8.00e-03,2.02e+01,
2208,-1.20e-02,2.00e+01,
2209,-8.00e-03,2.00e+01,
2210,-1.20e-02,2.00e+01,
2211,-8.00e-03,2.00e+01,
2212,-8.00e-03,2.00e+01,
2213,-8.00e-03,2.00e+01,
2214,-1.20e-02,2.00e+01,
2215,-8.00e-03,2.00e+01,
2216,-8.00e-03,2.00e+01,
2217,-8.00e-03,1.98e+01,
2218,-8.00e-03,1.98e+01,
2219,-8.00e-03,1.98e+01,
2220,-8.00e-03,1.98e+01,
2221,-8.00e-03,1.98e+01,
2222,-8.00e-03,1.98e+01,
2223,-8.00e-03,1.98e+01,
2224,-8.00e-03,1.96e+01,
2225,-1.20e-02,1.96e+01,
2226,-1.20e-02,1.96e+01,
2227,-8.00e-03,1.98e+01,
2228,-8.00e-03,1.96e+01,
2229,-8.00e-03,1.94e+01,
2230,-8.00e-03,1.96e+01,
2231,-8.00e-03,1.96e+01,
2232,-8.00e-03,1.94e+01,
2233,-8.00e-03,1.94e+01,
2234,-1.20e-02,1.94e+01,
2235,-8.00e-03,1.94e+01,
2236,-8.00e-03,1.94e+01,
2237,-8.00e-03,1.92e+01,
2238,-1.20e-02,1.92e+01,
2239,-8.00e-03,1.94e+01,
2240,-8.00e-03,1.92e+01,
2241,-8.00e-03,1.92e+01,
2242,-8.00e-03,1.90e+01,
2243,-8.00e-03,1.92e+01,
2244,-8.00e-03,1.90e+01,
2245,-8.00e-03,1.90e+01,
2246,-8.00e-03,1.90e+01,
2247,-8.00e-03,1.92e+01,
2248,-8.00e-03,1.90e+01,
2249,-8.00e-03,1.86e+01,
2250,-1.20e-02,1.90e+01,
2251,-8.00e-03,1.90e+01,
2252,-1.20e-02,1.86e+01,
2253,-8.00e-03,1.84e+01,
2254,-8.00e-03,1.86e+01,
2255,-8.00e-03,1.86e+01,
2256,-8.00e-03,1.84e+01,
2257,-8.00e-03,1.84e+01,
2258,-1.20e-02,1.84e+01,
2259,-8.00e-03,1.84e+01,
2260,-8.00e-03,1.84e+01,
2261,-8.00e-03,1.82e+01,
2262,-1.20e-02,1.82e+01,
2263,-8.00e-03,1.84e+01,
2264,-8.00e-03,1.82e+01,
2265,-8.00e-03,1.82e+01,
2266,-1.20e-02,1.82e+01,
2267,-8.00e-03,1.82e+01,
2268,-8.00e-03,1.80e+01,
2269,-8.00e-03,1.80e+01,
2270,-1.20e-02,1.78e+01,
2271,-8.00e-03,1.80e+01,
2272,-8.00e-03,1.78e+01,
2273,-8.00e-03,1.78e+01,
2274,-1.20e-02,1.78e+01,
2275,-8.00e-03,1.78e+01,
2276,-8.00e-03,1.76e+01,
2277,-8.00e-03,1.76e+01,
2278,-1.20e-02,1.76e+01,
2279,-8.00e-03,1.78e+01,
2280,-8.00e-03,1.76e+01,
2281,-8.00e-03,1.76e+01,
2282,-8.00e-03,1.76e+01,
2283,-8.00e-03,1.76e+01,
2284,-8.00e-03,1.74e+01,
2285,-8.00e-03,1.74e+01,
2286,-8.00e-03,1.74e+01,
2287,-8.00e-03,1.76e+01,
2288,-8.00e-03,1.72e+01,
2289,-8.00e-03,1.74e+01,
2290,-8.00e-03,1.74e+01,
2291,-4.00e-03,1.74e+01,
2292,-8.00e-03,1.72e+01,
2293,-8.00e-03,1.70e+01,
2294,-8.00e-03,1.70e+01,
2295,-8.00e-03,1.72e+01,
2296,-1.20e-02,1.70e+01,
2297,-8.00e-03,1.70e+01,
2298,-8.00e-03,1.70e+01,
2299,-8.00e-03,1.70e+01,
2300,-8.00e-03,1.70e+01,
2301,-8.00e-03,1.68e+01,
2302,-8.00e-03,1.68e+01,
2303,-8.00e-03,1.70e+01,
2304,-8.00e-03,1.66e+01,
2305,-8.00e-03,1.68e+01,
2306,-8.00e-03,1.66e+01,
2307,-8.00e-03,1.68e+01,
2308,-8.00e-03,1.66e+01,
2309,-8.00e-03,1.66e+01,
2310,-8.00e-03,1.66e+01,
2311,-4.00e-03,1.66e+01,
2312,-8.00e-03,1.66e+01,
2313,-8.00e-03,1.64e+01,
2314,-1.20e-02,1.64e+01,
2315,-8.00e-03,1.66e+01,
2316,-1.20e-02,1.64e+01,
2317,-8.00e-03,1.64e+01,
2318,-1.20e-02,1.64e+01,
2319,-8.00e-03,1.64e+01,
2320,-8.00e-03,1.62e+01,
2321,-8.00e-03,1.62e+01,
2322,-8.00e-03,1.62e+01,
2323,-8.00e-03,1.64e+01,
2324,-8.00e-03,1.62e+01,
2325,-8.00e-03,1.60e+01,
2326,-8.00e-03,1.62e+01,
2327,-8.00e-03,1.62e+01,
2328,-8.00e-03,1.60e+01,
2329,-8.00e-03,1.60e+01,
2330,-8.00e-03,1.62e+01,
2331,-8.00e-03,1.60e+01,
2332,-8.00e-03,1.60e+01,
2333,-8.00e-03,1.60e+01,
2334,-8.00e-03,1.60e+01,
2335,-8.00e-03,1.60e+01,
2336,-8.00e-03,1.58e+01,
2337,-8.00e-03,1.58e+01,
2338,-8.00e-03,1.60e+01,
2339,-8.00e-03,1.60e+01,
2340,-8.00e-03,1.58e+01,
2341,-8.00e-03,1.58e+01,
2342,-8.00e-03,1.58e+01,
2343,-8.00e-03,1.58e+01,
2344,-8.00e-03,1.56e+01,
2345,-8.00e-03,1.58e+01,
2346,-8.00e-03,1.58e+01,
2347,-8.00e-03,1.58e+01,
2348,-8.00e-03,1.56e+01,
2349,-8.00e-03,1.56e+01,
2350,-8.00e-03,1.56e+01,
2351,-8.00e-03,1.56e+01,
2352,-8.00e-03,1.56e+01,
2353,-8.00e-03,1.54e+01,
2354,-8.00e-03,1.56e+01,
2355,-8.00e-03,1.56e+01,
2356,-8.00e-03,1.56e+01,
2357,-8.00e-03,1.54e+01,
2358,-8.00e-03,1.56e+01,
2359,-8.00e-03,1.56e+01,
2360,-8.00e-03,1.54e+01,
2361,-8.00e-03,1.54e+01,
2362,-8.00e-03,1.56e+01,
2363,-4.00e-03,1.56e+01,
2364,-8.00e-03,1.54e+01,
2365,-8.00e-03,1.54e+01,
2366,-8.00e-03,1.54e+01,
2367,-8.00e-03,1.56e+01,
2368,-8.00e-03,1.54e+01,
2369,-8.00e-03,1.54e+01,
2370,-1.20e-02,1.54e+01,
2371,-4.00e-03,1.56e+01,
2372,-1.20e-02,1.54e+01,
2373,-8.00e-03,1.50e+01,
2374,-8.00e-03,1.54e+01,
2375,-8.00e-03,1.54e+01,
2376,-8.00e-03,1.54e+01,
2377,-8.00e-03,1.54e+01,
2378,-8.00e-03,1.54e+01,
2379,-8.00e-03,1.56e+01,
2380,-8.00e-03,1.54e+01,
2381,-8.00e-03,1.54e+01,
2382,-8.00e-03,1.54e+01,
2383,-8.00e-03,1.54e+01,
2384,-8.00e-03,1.54e+01,
2385,-8.00e-03,1.50e+01,
2386,-8.00e-03,1.54e+01,
2387,-4.00e-03,1.54e+01,
2388,-8.00e-03,1.54e+01,
2389,-8.00e-03,1.54e+01,
2390,-8.00e-03,1.54e+01,
2391,-8.00e-03,1.56e+01,
2392,-8.00e-03,1.54e+01,
2393,-8.00e-03,1.54e+01,
2394,-8.00e-03,1.54e+01,
2395,-4.00e-03,1.54e+01,
2396,-8.00e-03,1.54e+01,
2397,-8.00e-03,1.54e+01,
2398,-8.00e-03,1.54e+01,
2399,-8.00e-03,1.56e+01,
2400,-4.00e-03,1.54e+01,
2401,-8.00e-03,1.54e+01,
2402,-8.00e-03,1.54e+01,
2403,-4.00e-03,1.56e+01,
2404,-8.00e-03,1.54e+01,
2405,-8.00e-03,1.56e+01,
2406,-8.00e-03,1.56e+01,
2407,-8.00e-03,1.56e+01,
2408,-8.00e-03,1.56e+01,
2409,-8.00e-03,1.56e+01,
2410,-8.00e-03,1.56e+01,
2411,-4.00e-03,1.56e+01,
2412,-8.00e-03,1.56e+01,
2413,-8.00e-03,1.54e+01,
2414,-8.00e-03,1.56e+01,
2415,-4.00e-03,1.58e+01,
2416,-8.00e-03,1.56e+01,
2417,-8.00e-03,1.56e+01,
2418,-8.00e-03,1.56e+01,
2419,-8.00e-03,1.58e+01,
2420,-8.00e-03,1.58e+01,
2421,-8.00e-03,1.56e+01,
2422,-8.00e-03,1.58e+01,
2423,-8.00e-03,1.58e+01,
2424,-8.00e-03,1.58e+01,
2425,-8.00e-03,1.58e+01,
2426,-8.00e-03,1.58e+01,
2427,-8.00e-03,1.60e+01,
2428,-8.00e-03,1.60e+01,
2429,-8.00e-03,1.58e+01,
2430,-8.00e-03,1.60e+01,
2431,-8.00e-03,1.60e+01,
2432,-8.00e-03,1.58e+01,
2433,-8.00e-03,1.60e+01,
2434,-8.00e-03,1.60e+01,
2435,-8.00e-03,1.60e+01,
2436,-8.00e-03,1.60e+01,
2437,-4.00e-03,1.60e+01,
2438,-8.00e-03,1.62e+01,
2439,-8.00e-03,1.62e+01,
2440,-8.00e-03,1.62e+01,
2441,-8.00e-03,1.62e+01,
2442,-8.00e-03,1.62e+01,
2443,-8.00e-03,1.62e+01,
2444,-8.00e-03,1.62e+01,
2445,-8.00e-03,1.62e+01,
2446,-8.00e-03,1.62e+01,
2447,-4.00e-03,1.64e+01,
2448,-4.00e-03,1.64e+01,
2449,-8.00e-03,1.64e+01,
2450,-8.00e-03,1.64e+01,
2451,-4.00e-03,1.66e+01,
2452,-8.00e-03,1.64e+01,
2453,-8.00e-03,1.64e+01,
2454,-8.00e-03,1.64e+01,
2455,-8.00e-03,1.66e+01,
2456,-8.00e-03,1.66e+01,
2457,-4.00e-03,1.66e+01,
2458,-8.00e-03,1.66e+01,
2459,-4.00e-03,1.68e+01,
2460,-8.00e-03,1.68e+01,
2461,-8.00e-03,1.66e+01,
2462,-8.00e-03,1.68e+01,
2463,-4.00e-03,1.68e+01,
2464,-8.00e-03,1.68e+01,
2465,-8.00e-03,1.68e+01,
2466,-8.00e-03,1.70e+01,
2467,-4.00e-03,1.70e+01,
2468,-8.00e-03,1.70e+01,
2469,-8.00e-03,1.70e+01,
2470,-8.00e-03,1.70e+01,
2471,-8.00e-03,1.72e+01,
2472,-8.00e-03,1.70e+01,
2473,-8.00e-03,1.70e+01,
2474,-1.20e-02,1.72e+01,
2475,-4.00e-03,1.72e+01,
2476,-8.00e-03,1.72e+01,
2477,-8.00e-03,1.72e+01,
2478,-8.00e-03,1.74e+01,
2479,-8.00e-03,1.74e+01,
2480,-8.00e-03,1.74e+01,
2481,-8.00e-03,1.74e+01,
2482,-1.20e-02,1.74e+01,
2483,-8.00e-03,1.76e+01,
2484,-8.00e-03,1.74e+01,
2485,-8.00e-03,1.74e+01,
2486,-8.00e-03,1.76e+01,
2487,-8.00e-03,1.76e+01,
2488,-8.00e-03,1.76e+01,
2489,-4.00e-03,1.76e+01,
2490,-8.00e-03,1.76e+01,
2491,-8.00e-03,1.78e+01,
2492,-8.00e-03,1.78e+01,
2493,-8.00e-03,1.78e+01,
2494,-8.00e-03,1.78e+01,
2495,-8.00e-03,1.80e+01,
2496,-8.00e-03,1.78e+01,
2497,-8.00e-03,1.80e+01,
2498,-8.00e-03,1.80e+01,
2499,-8.00e-03,1.80e+01,
2500,-8.00e-03,1.80e+01,
2501,-8.00e-03,1.80e+01,
2502,-8.00e-03,1.80e+01,
2503,-8.00e-03,1.82e+01,
2504,-8.00e-03,1.80e+01,
2505,-8.00e-03,1.82e+01,
2506,-8.00e-03,1.82e+01,
2507,-4.00e-03,1.84e+01,
2508,-8.00e-03,1.84e+01,
2509,-8.00e-03,1.84e+01,
2510,-8.00e-03,1.84e+01,
2511,-8.00e-03,1.86e+01,
2512,-8.00e-03,1.84e+01,
2513,-8.00e-03,1.84e+01,
2514,-8.00e-03,1.86e+01,
2515,-8.00e-03,1.86e+01,
2516,-8.00e-03,1.86e+01,
2517,-8.00e-03,1.86e+01,
2518,-8.00e-03,1.86e+01,
2519,-8.00e-03,1.90e+01,
2520,-8.00e-03,1.86e+01,
2521,-8.00e-03,1.90e+01,
2522,-8.00e-03,1.90e+01,
2523,-4.00e-03,1.92e+01,
2524,-8.00e-03,1.90e+01,
2525,-8.00e-03,1.90e+01,
2526,-8.00e-03,1.90e+01,
2527,-8.00e-03,1.92e+01,
2528,-8.00e-03,1.92e+01,
2529,-8.00e-03,1.92e+01,
2530,-8.00e-03,1.92e+01,
2531,-8.00e-03,1.94e+01,
2532,-8.00e-03,1.92e+01,
2533,-8.00e-03,1.92e+01,
2534,-8.00e-03,1.94e+01,
2535,-8.00e-03,1.94e+01,
2536,-8.00e-03,1.94e+01,
2537,-8.00e-03,1.94e+01,
2538,-8.00e-03,1.94e+01,
2539,-4.00e-03,1.96e+01,
2540,-8.00e-03,1.96e+01,
2541,-8.00e-03,1.94e+01,
2542,-8.00e-03,1.94e+01,
2543,-8.00e-03,1.96e+01,
2544,-8.00e-03,1.96e+01,
2545,-8.00e-03,1.96e+01,
2546,-8.00e-03,1.96e+01,
2547,-8.00e-03,1.98e+01,
2548,-8.00e-03,1.96e+01,
2549,-8.00e-03,1.96e+01,
2550,-8.00e-03,1.98e+01,
2551,-8.00e-03,1.98e+01,
2552,-8.00e-03,1.98e+01,
2553,-8.00e-03,1.98e+01,
2554,-1.20e-02,1.98e+01,
2555,-4.00e-03,2.00e+01,
2556,-8.00e-03,1.98e+01,
2557,-8.00e-03,1.98e+01,
2558,-8.00e-03,2.00e+01,
2559,-8.00e-03,2.00e+01,
2560,-8.00e-03,2.00e+01,
2561,-8.00e-03,1.98e+01,
2562,-1.20e-02,2.00e+01,
2563,-8.00e-03,2.00e+01,
2564,-8.00e-03,2.00e+01,
2565,-8.00e-03,2.00e+01,
2566,-8.00e-03,2.00e+01,
2567,-8.00e-03,2.02e+01,
2568,-8.00e-03,2.00e+01,
2569,-8.00e-03,2.00e+01,
2570,-8.00e-03,2.00e+01,
2571,-4.00e-03,2.02e+01,
2572,-8.00e-03,2.02e+01,
2573,-8.00e-03,2.00e+01,
2574,-8.00e-03,2.00e+01,
2575,-8.00e-03,2.02e+01,
2576,-8.00e-03,2.00e+01,
2577,-8.00e-03,2.02e+01,
2578,-1.20e-02,2.02e+01,
2579,-8.00e-03,2.02e+01,
2580,-1.20e-02,2.02e+01,
2581,-8.00e-03,2.02e+01,
2582,-8.00e-03,2.02e+01,
2583,-8.00e-03,2.02e+01,
2584,-8.00e-03,2.02e+01,
2585,-8.00e-03,2.00e+01,
2586,-1.20e-02,2.02e+01,
2587,-8.00e-03,2.02e+01,
2588,-8.00e-03,2.02e+01,
2589,-8.00e-03,2.00e+01,
2590,-8.00e-03,2.02e+01,
2591,-8.00e-03,2.02e+01,
2592,-8.00e-03,2.00e+01,
2593,-8.00e-03,2.02e+01,
2594,-1.20e-02,2.02e+01,
2595,-8.00e-03,2.04e+01,
2596,-8.00e-03,2.02e+01,
2597,-8.00e-03,2.02e+01,
2598,-8.00e-03,2.02e+01,
2599,-8.00e-03,2.02e+01,
2600,-1.20e-02,2.00e+01,
2601,-8.00e-03,2.02e+01,
2602,-1.20e-02,2.02e+01,
2603,-8.00e-03,2.02e+01,
2604,-8.00e-03,2.02e+01,
2605,-8.00e-03,2.02e+01,
2606,-8.00e-03,2.02e+01,
2607,-8.00e-03,2.02e+01,
2608,-8.00e-03,2.00e+01,
2609,-8.00e-03,2.02e+01,
2610,-1.20e-02,2.00e+01,
2611,-8.00e-03,2.02e+01,
2612,-8.00e-03,2.00e+01,
2613,-8.00e-03,2.00e+01,
2614,-8.00e-03,2.02e+01,
2615,-8.00e-03,2.02e+01,
2616,-1.20e-02,2.00e+01,
2617,-8.00e-03,2.00e+01,
2618,-8.00e-03,2.00e+01,
2619,-8.00e-03,2.00e+01,
2620,-8.00e-03,2.00e+01,
2621,-8.00e-03,1.98e+01,
2622,-8.00e-03,2.00e+01,
2623,-8.00e-03,2.00e+01,
2624,-8.00e-03,1.98e+01,
2625,-8.00e-03,1.98e+01,
2626,-1.20e-02,2.00e+01,
2627,-8.00e-03,2.00e+01,
2628,-8.00e-03,2.00e+01,
2629,-8.00e-03,1.96e+01,
2630,-8.00e-03,1.98e+01,
2631,-8.00e-03,2.00e+01,
2632,-8.00e-03,1.98e+01,
2633,-8.00e-03,1.98e+01,
2634,-1.20e-02,1.96e+01,
2635,-8.00e-03,1.98e+01,
2636,-8.00e-03,1.96e+01,
2637,-1.20e-02,1.96e+01,
2638,-1.20e-02,1.96e+01,
2639,-8.00e-03,1.98e+01,
2640,-8.00e-03,1.96e+01,
2641,-8.00e-03,1.94e+01,
2642,-1.20e-02,1.96e+01,
2643,-8.00e-03,1.96e+01,
2644,-8.00e-03,1.94e+01,
2645,-8.00e-03,1.94e+01,
2646,-8.00e-03,1.94e+01,
2647,-8.00e-03,1.96e+01,
2648,-8.00e-03,1.94e+01,
2649,-8.00e-03,1.94e+01,
2650,-1.20e-02,1.94e+01,
2651,-8.00e-03,1.94e+01,
2652,-8.00e-03,1.92e+01,
2653,-8.00e-03,1.92e+01,
2654,-8.00e-03,1.92e+01,
2655,-8.00e-03,1.92e+01,
2656,-8.00e-03,1.92e+01,
2657,-8.00e-03,1.90e+01,
2658,-1.20e-02,1.92e+01,
2659,-8.00e-03,1.92e+01,
2660,-8.00e-03,1.90e+01,
2661,-8.00e-03,1.90e+01,
2662,-1.20e-02,1.90e+01,
2663,-8.00e-03,1.90e+01,
2664,-8.00e-03,1.90e+01,
2665,-8.00e-03,1.86e+01,
2666,-1.20e-02,1.90e+01,
2667,-8.00e-03,1.90e+01,
2668,-8.00e-03,1.86e+01,
2669,-8.00e-03,1.86e+01,
2670,-8.00e-03,1.86e+01,
2671,-8.00e-03,1.86e+01,
2672,-8.00e-03,1.86e+01,
2673,-8.00e-03,1.84e+01,
2674,-1.20e-02,1.86e+01,
2675,-8.00e-03,1.86e+01,
2676,-8.00e-03,1.84e+01,
2677,-8.00e-03,1.84e+01,
2678,-8.00e-03,1.82e+01,
2679,-8.00e-03,1.84e+01,
2680,-1.20e-02,1.82e+01,
2681,-8.00e-03,1.82e+01,
2682,-1.20e-02,1.82e+01,
2683,-8.00e-03,1.82e+01,
2684,-8.00e-03,1.82e+01,
2685,-8.00e-03,1.80e+01,
2686,-8.00e-03,1.80e+01,
2687,-8.00e-03,1.82e+01,
2688,-8.00e-03,1.80e+01,
2689,-8.00e-03,1.80e+01,
2690,-8.00e-03,1.80e+01,
2691,-8.00e-03,1.80e+01,
2692,-8.00e-03,1.78e+01,
2693,-1.20e-02,1.78e+01,
2694,-1.20e-02,1.78e+01,
2695,-8.00e-03,1.78e+01,
2696,-8.00e-03,1.78e+01,
2697,-8.00e-03,1.76e+01,
2698,-1.20e-02,1.76e+01,
2699,-8.00e-03,1.76e+01,
2700,-8.00e-03,1.76e+01,
2701,-8.00e-03,1.76e+01,
2702,-8.00e-03,1.76e+01,
2703,-8.00e-03,1.76e+01,
2704,-8.00e-03,1.74e+01,
2705,-8.00e-03,1.74e+01,
2706,-8.00e-03,1.74e+01,
2707,-8.00e-03,1.74e+01,
2708,-8.00e-03,1.74e+01,
2709,-8.00e-03,1.72e+01,
2710,-1.20e-02,1.74e+01,
2711,-8.00e-03,1.72e+01,
2712,-8.00e-03,1.72e+01,
2713,-8.00e-03,1.72e+01,
2714,-1.20e-02,1.72e+01,
2715,-8.00e-03,1.72e+01,
2716,-8.00e-03,1.70e+01,
2717,-1.20e-02,1.70e+01,
2718,-8.00e-03,1.70e+01,
2719,-8.00e-03,1.70e+01,
2720,-8.00e-03,1.68e+01,
2721,-8.00e-03,1.70e+01,
2722,-8.00e-03,1.68e+01,
2723,-8.00e-03,1.70e+01,
2724,-8.00e-03,1.68e+01,
2725,-8.00e-03,1.68e+01,
2726,-8.00e-03,1.68e+01,
2727,-8.00e-03,1.68e+01,
2728,-8.00e-03,1.68e+01,
2729,-8.00e-03,1.66e+01,
2730,-8.00e-03,1.66e+01,
2731,-8.00e-03,1.68e+01,
2732,-8.00e-03,1.66e+01,
2733,-8.00e-03,1.66e+01,
2734,-8.00e-03,1.66e+01,
2735,-8.00e-03,1.66e+01,
2736,-8.00e-03,1.64e+01,
2737,-8.00e-03,1.64e+01,
2738,-1.20e-02,1.64e+01,
2739,-8.00e-03,1.64e+01,
2740,-8.00e-03,1.64e+01,
2741,-8.00e-03,1.64e+01,
2742,-8.00e-03,1.64e+01,
2743,-8.00e-03,1.64e+01,
2744,-8.00e-03,1.64e+01,
2745,-8.00e-03,1.62e+01,
2746,-1.20e-02,1.62e+01,
2747,-8.00e-03,1.64e+01,
2748,-8.00e-03,1.62e+01,
2749,-8.00e-03,1.62e+01,
2750,-8.00e-03,1.62e+01,
2751,-4.00e-03,1.62e+01,
2752,-8.00e-03,1.60e+01,
2753,-8.00e-03,1.62e+01,
2754,-1.20e-02,1.60e+01,
2755,-8.00e-03,1.62e+01,
2756,-8.00e-03,1.60e+01,
2757,-8.00e-03,1.60e+01,
2758,-8.00e-03,1.60e+01,
2759,-8.00e-03,1.62e+01,
2760,-1.20e-02,1.60e+01,
2761,-8.00e-03,1.60e+01,
2762,-8.00e-03,1.60e+01,
2763,-4.00e-03,1.60e+01,
2764,-8.00e-03,1.60e+01,
2765,-8.00e-03,1.60e+01,
2766,-8.00e-03,1.58e+01,
2767,-8.00e-03,1.60e+01,
2768,-8.00e-03,1.58e+01,
2769,-8.00e-03,1.58e+01,
2770,-1.20e-02,1.60e+01,
2771,-8.00e-03,1.60e+01,
2772,-8.00e-03,1.58e+01,
2773,-8.00e-03,1.58e+01,
2774,-8.00e-03,1.58e+01,
2775,-8.00e-03,1.60e+01,
2776,-8.00e-03,1.58e+01,
2777,-8.00e-03,1.58e+01,
2778,-1.20e-02,1.58e+01,
2779,-8.00e-03,1.58e+01,
2780,-8.00e-03,1.58e+01,
2781,-8.00e-03,1.58e+01,
2782,-8.00e-03,1.58e+01,
2783,-8.00e-03,1.58e+01,
2784,-8.00e-03,1.58e+01,
2785,-8.00e-03,1.56e+01,
2786,-1.20e-02,1.56e+01,
2787,-8.00e-03,1.58e+01,
2788,-8.00e-03,1.56e+01,
2789,-8.00e-03,1.56e+01,
2790,-8.00e-03,1.56e+01,
2791,-4.00e-03,1.56e+01,
2792,-8.00e-03,1.56e+01,
2793,-8.00e-03,1.56e+01,
2794,-8.00e-03,1.56e+01,
2795,-4.00e-03,1.56e+01,
2796,-8.00e-03,1.56e+01,
2797,-8.00e-03,1.56e+01,
2798,-1.20e-02,1.56e+01,
2799,-8.00e-03,1.56e+01,
2800,-8.00e-03,1.56e+01,
2801,-8.00e-03,1.56e+01,
2802,-8.00e-03,1.56e+01,
2803,-8.00e-03,1.56e+01,
2804,-8.00e-03,1.56e+01,
2805,-8.00e-03,1.56e+01,
2806,-8.00e-03,1.56e+01,
2807,-8.00e-03,1.58e+01,
2808,-8.00e-03,1.56e+01,
2809,-8.00e-03,1.56e+01,
2810,-8.00e-03,1.56e+01,
2811,-8.00e-03,1.58e+01,
2812,-8.00e-03,1.56e+01,
2813,-8.00e-03,1.56e+01,
2814,-8.00e-03,1.56e+01,
2815,-4.00e-03,1.56e+01,
2816,-8.00e-03,1.56e+01,
2817,-8.00e-03,1.56e+01,
2818,-8.00e-03,1.58e+01,
2819,-4.00e-03,1.58e+01,
2820,-8.00e-03,1.56e+01,
2821,-8.00e-03,1.56e+01,
2822,-8.00e-03,1.56e+01,
2823,-4.00e-03,1.58e+01,
2824,-4.00e-03,1.56e+01,
2825,-8.00e-03,1.58e+01,
2826,-8.00e-03,1.58e+01,
2827,-4.00e-03,1.58e+01,
2828,-8.00e-03,1.58e+01,
2829,-8.00e-03,1.58e+01,
2830,-8.00e-03,1.58e+01,
2831,-8.00e-03,1.58e+01,
2832,-8.00e-03,1.58e+01,
2833,-8.00e-03,1.58e+01,
2834,-8.00e-03,1.58e+01,
2835,-8.00e-03,1.60e+01,
2836,-8.00e-03,1.58e+01,
2837,-8.00e-03,1.58e+01,
2838,-8.00e-03,1.58e+01,
2839,-8.00e-03,1.60e+01,
2840,-8.00e-03,1.58e+01,
2841,-8.00e-03,1.58e+01,
2842,-8.00e-03,1.60e+01,
2843,-8.00e-03,1.60e+01,
2844,-8.00e-03,1.60e+01,
2845,-8.00e-03,1.60e+01,
2846,-8.00e-03,1.60e+01,
2847,-8.00e-03,1.62e+01,
2848,-8.00e-03,1.60e+01,
2849,-8.00e-03,1.60e+01,
2850,-1.20e-02,1.60e+01,
2851,-4.00e-03,1.62e+01,
2852,-8.00e-03,1.60e+01,
2853,-8.00e-03,1.60e+01,
2854,-8.00e-03,1.62e+01,
2855,-8.00e-03,1.62e+01,
2856,-8.00e-03,1.62e+01,
2857,-8.00e-03,1.62e+01,
2858,-8.00e-03,1.62e+01,
2859,-4.00e-03,1.64e+01,
2860,-8.00e-03,1.62e+01,
2861,-8.00e-03,1.62e+01,
2862,-8.00e-03,1.64e+01,
2863,-8.00e-03,1.64e+01,
2864,-8.00e-03,1.64e+01,
2865,-8.00e-03,1.62e+01,
2866,-8.00e-03,1.64e+01,
2867,-4.00e-03,1.66e+01,
2868,-8.00e-03,1.66e+01,
2869,-8.00e-03,1.66e+01,
2870,-8.00e-03,1.66e+01,
2871,-8.00e-03,1.66e+01,
2872,-4.00e-03,1.66e+01,
2873,-8.00e-03,1.66e+01,
2874,-8.00e-03,1.66e+01,
2875,-8.00e-03,1.68e+01,
2876,-8.00e-03,1.66e+01,
2877,-8.00e-03,1.66e+01,
2878,-8.00e-03,1.68e+01,
2879,-8.00e-03,1.68e+01,
2880,-8.00e-03,1.68e+01,
2881,-8.00e-03,1.66e+01,
2882,-1.20e-02,1.68e+01,
2883,-8.00e-03,1.70e+01,
2884,-8.00e-03,1.68e+01,
2885,-8.00e-03,1.68e+01,
2886,-4.00e-03,1.70e+01,
2887,-8.00e-03,1.72e+01,
2888,-4.00e-03,1.70e+01,
2889,-8.00e-03,1.70e+01,
2890,-1.20e-02,1.70e+01,
2891,-8.00e-03,1.72e+01,
2892,-8.00e-03,1.72e+01,
2893,-8.00e-03,1.72e+01,
2894,-8.00e-03,1.72e+01,
2895,-4.00e-03,1.74e+01,
2896,-8.00e-03,1.72e+01,
2897,-8.00e-03,1.72e+01,
2898,-1.20e-02,1.74e+01,
2899,-4.00e-03,1.74e+01,
2900,-8.00e-03,1.74e+01,
2901,-8.00e-03,1.74e+01,
2902,-8.00e-03,1.74e+01,
2903,-4.00e-03,1.76e+01,
2904,-8.00e-03,1.74e+01,
2905,-8.00e-03,1.74e+01,
2906,-8.00e-03,1.76e+01,
2907,-4.00e-03,1.78e+01,
2908,-8.00e-03,1.76e+01,
2909,-8.00e-03,1.76e+01,
2910,-8.00e-03,1.78e+01,
2911,-8.00e-03,1.78e+01,
2912,-8.00e-03,1.76e+01,
2913,-8.00e-03,1.78e+01,
2914,-8.00e-03,1.78e+01,
2915,-4.00e-03,1.80e+01,
2916,-8.00e-03,1.80e+01,
2917,-8.00e-03,1.78e+01,
2918,-8.00e-03,1.80e+01,
2919,-8.00e-03,1.80e+01,
2920,-8.00e-03,1.80e+01,
2921,-8.00e-03,1.80e+01,
2922,-8.00e-03,1.82e+01,
2923,-4.00e-03,1.82e+01,
2924,-8.00e-03,1.82e+01,
2925,-8.00e-03,1.80e+01,
2926,-8.00e-03,1.82e+01,
2927,-8.00e-03,1.82e+01,
2928,-8.00e-03,1.82e+01,
2929,-8.00e-03,1.82e+01,
2930,-8.00e-03,1.84e+01,
2931,-4.00e-03,1.84e+01,
2932,-8.00e-03,1.84e+01,
2933,-8.00e-03,1.84e+01,
2934,-8.00e-03,1.84e+01,
2935,-8.00e-03,1.86e+01,
2936,-8.00e-03,1.86e+01,
2937,-8.00e-03,1.84e+01,
2938,-1.20e-02,1.86e+01,
2939,-8.00e-03,1.86e+01,
2940,-8.00e-03,1.86e+01,
2941,-8.00e-03,1.86e+01,
2942,-8.00e-03,1.86e+01,
2943,-8.00e-03,1.86e+01,
2944,-8.00e-03,1.90e+01,
2945,-8.00e-03,1.90e+01,
2946,-1.20e-02,1.90e+01,
2947,-8.00e-03,1.90e+01,
2948,-8.00e-03,1.90e+01,
2949,-8.00e-03,1.90e+01,
2950,-8.00e-03,1.92e+01,
2951,-8.00e-03,1.92e+01,
2952,-8.00e-03,1.90e+01,
2953,-4.00e-03,1.90e+01,
2954,-8.00e-03,1.92e+01,
2955,-8.00e-03,1.92e+01,
2956,-8.00e-03,1.92e+01,
2957,-8.00e-03,1.92e+01,
2958,-8.00e-03,1.92e+01,
2959,-4.00e-03,1.94e+01,
2960,-8.00e-03,1.92e+01,
2961,-8.00e-03,1.92e+01,
2962,-1.20e-02,1.94e+01,
2963,-8.00e-03,1.94e+01,
2964,-8.00e-03,1.94e+01,
2965,-8.00e-03,1.94e+01,
2966,-8.00e-03,1.94e+01,
2967,-4.00e-03,1.94e+01,
2968,-8.00e-03,1.94e+01,
2969,-8.00e-03,1.94e+01,
2970,-1.20e-02,1.94e+01,
2971,-8.00e-03,1.98e+01,
2972,-8.00e-03,1.96e+01,
2973,-8.00e-03,1.94e+01,
2974,-8.00e-03,1.96e+01,
2975,-8.00e-03,1.96e+01,
2976,-8.00e-03,1.96e+01,
2977,-8.00e-03,1.96e+01,
2978,-1.20e-02,1.96e+01,
2979,-8.00e-03,1.96e+01,
2980,-8.00e-03,1.96e+01,
2981,-8.00e-03,1.96e+01,
2982,-8.00e-03,1.98e+01,
2983,-8.00e-03,1.98e+01,
2984,-8.00e-03,1.96e+01,
2985,-8.00e-03,1.98e+01,
2986,-8.00e-03,1.98e+01,
2987,-8.00e-03,1.98e+01,
2988,-8.00e-03,1.98e+01,
2989,-8.00e-03,1.98e+01,
2990,-8.00e-03,1.98e+01,
2991,-8.00e-03,2.00e+01,
2992,-8.00e-03,1.98e+01,
2993,-8.00e-03,1.98e+01,
2994,-1.20e-02,1.98e+01,
2995,-8.00e-03,2.00e+01,
2996,-8.00e-03,1.98e+01,
2997,-8.00e-03,1.98e+01,
2998,-8.00e-03,1.98e+01,
2999,-8.00e-03,2.00e+01,
3000,-8.00e-03,2.00e+01,
3001,-8.00e-03,1.98e+01,
3002,-1.20e-02,2.00e+01,
3003,-8.00e-03,2.00e+01,
3004,-8.00e-03,2.00e+01,
3005,-8.00e-03,1.98e+01,
3006,-8.00e-03,1.98e+01,
3007,-8.00e-03,2.00e+01,
3008,-8.00e-03,1.98e+01,
3009,-8.00e-03,2.00e+01,
3010,-1.20e-02,2.00e+01,
3011,-8.00e-03,2.00e+01,
3012,-8.00e-03,2.00e+01,
3013,-8.00e-03,1.98e+01,
3014,-8.00e-03,2.00e+01,
3015,-8.00e-03,2.00e+01,
3016,-8.00e-03,1.98e+01,
3017,-8.00e-03,1.98e+01,
3018,-1.20e-02,1.98e+01,
3019,-8.00e-03,2.00e+01,
3020,-8.00e-03,2.00e+01,
3021,-8.00e-03,1.98e+01,
3022,-8.00e-03,2.00e+01,
3023,-8.00e-03,2.00e+01,
3024,-8.00e-03,2.00e+01,
3025,-8.00e-03,1.98e+01,
3026,-1.20e-02,2.00e+01,
3027,-8.00e-03,2.00e+01,
3028,-8.00e-03,2.00e+01,
3029,-8.00e-03,1.98e+01,
3030,-8.00e-03,1.98e+01,
3031,-8.00e-03,2.00e+01,
3032,-8.00e-03,1.98e+01,
3033,-8.00e-03,1.98e+01,
3034,-1.20e-02,1.98e+01,
3035,-8.00e-03,2.00e+01,
3036,-8.00e-03,1.98e+01,
3037,-1.20e-02,1.98e+01,
3038,-8.00e-03,1.98e+01,
3039,-8.00e-03,2.00e+01,
3040,-8.00e-03,1.98e+01,
3041,-8.00e-03,1.98e+01,
3042,-1.20e-02,1.96e+01,
3043,-8.00e-03,1.98e+01,
3044,-8.00e-03,1.98e+01,
3045,-1.20e-02,1.98e+01,
3046,-8.00e-03,1.96e+01,
3047,-8.00e-03,1.98e+01,
3048,-8.00e-03,1.96e+01,
3049,-8.00e-03,1.96e+01,
3050,-1.20e-02,1.96e+01,
3051,-8.00e-03,1.98e+01,
3052,-8.00e-03,1.96e+01,
3053,-8.00e-03,1.96e+01,
3054,-8.00e-03,1.96e+01,
3055,-8.00e-03,1.96e+01,
3056,-8.00e-03,1.94e+01,
3057,-8.00e-03,1.96e+01,
3058,-1.20e-02,1.94e+01,
3059,-8.00e-03,1.96e+01,
3060,-8.00e-03,1.94e+01,
3061,-8.00e-03,1.94e+01,
3062,-8.00e-03,1.94e+01,
3063,-8.00e-03,1.94e+01,
3064,-8.00e-03,1.94e+01,
3065,-4.00e-03,1.92e+01,
3066,-1.20e-02,1.94e+01,
3067,-8.00e-03,1.94e+01,
3068,-8.00e-03,1.92e+01,
3069,-8.00e-03,1.92e+01,
3070,-8.00e-03,1.92e+01,
3071,-8.00e-03,1.92e+01,
3072,-8.00e-03,1.90e+01,
3073,-8.00e-03,1.90e+01,
3074,-1.20e-02,1.92e+01,
3075,-8.00e-03,1.92e+01,
3076,-8.00e-03,1.90e+01,
3077,-8.00e-03,1.90e+01,
3078,-8.00e-03,1.90e+01,
3079,-8.00e-03,1.90e+01,
3080,-8.00e-03,1.90e+01,
3081,-8.00e-03,1.86e+01,
3082,-1.20e-02,1.86e+01,
3083,-8.00e-03,1.90e+01,
3084,-8.00e-03,1.86e+01,
3085,-8.00e-03,1.86e+01,
3086,-1.20e-02,1.86e+01,
3087,-8.00e-03,1.86e+01,
3088,-8.00e-03,1.86e+01,
3089,-8.00e-03,1.84e+01,
3090,-1.20e-02,1.84e+01,
3091,-8.00e-03,1.84e+01,
3092,-8.00e-03,1.84e+01,
3093,-1.20e-02,1.82e+01,
3094,-8.00e-03,1.82e+01,
3095,-8.00e-03,1.84e+01,
3096,-8.00e-03,1.82e+01,
3097,-8.00e-03,1.82e+01,
3098,-8.00e-03,1.82e+01,
3099,-8.00e-03,1.82e+01,
3100,-8.00e-03,1.82e+01,
3101,-8.00e-03,1.80e+01,
3102,-1.20e-02,1.82e+01,
3103,-8.00e-03,1.82e+01,
3104,-8.00e-03,1.80e+01,
3105,-8.00e-03,1.80e+01,
3106,-1.20e-02,1.80e+01,
3107,-8.00e-03,1.80e+01,
3108,-8.00e-03,1.80e+01,
3109,-8.00e-03,1.78e+01,
3110,-8.00e-03,1.80e+01,
3111,-8.00e-03,1.80e+01,
3112,-8.00e-03,1.78e+01,
3113,-8.00e-03,1.78e+01,
3114,-8.00e-03,1.78e+01,
3115,-8.00e-03,1.78e+01,
3116,-8.00e-03,1.78e+01,
3117,-1.20e-02,1.76e+01,
3118,-8.00e-03,1.76e+01,
3119,-8.00e-03,1.78e+01,
3120,-8.00e-03,1.76e+01,
3121,-8.00e-03,1.76e+01,
3122,-1.20e-02,1.76e+01,
3123,-8.00e-03,1.76e+01,
3124,-8.00e-03,1.76e+01,
3125,-8.00e-03,1.74e+01,
3126,-8.00e-03,1.74e+01,
3127,-8.00e-03,1.76e+01,
3128,-8.00e-03,1.74e+01,
3129,-8.00e-03,1.74e+01,
3130,-1.20e-02,1.72e+01,
3131,-8.00e-03,1.74e+01,
3132,-8.00e-03,1.72e+01,
3133,-8.00e-03,1.72e+01,
3134,-8.00e-03,1.72e+01,
3135,-8.00e-03,1.72e+01,
3136,-8.00e-03,1.70e+01,
3137,-8.00e-03,1.72e+01,
3138,-8.00e-03,1.72e+01,
3139,-8.00e-03,1.72e+01,
3140,-8.00e-03,1.70e+01,
3141,-1.20e-02,1.70e+01,
3142,-8.00e-03,1.70e+01,
3143,-4.00e-03,1.70e+01,
3144,-8.00e-03,1.68e+01,
3145,-8.00e-03,1.68e+01,
3146,-8.00e-03,1.70e+01,
3147,-8.00e-03,1.68e+01,
3148,-8.00e-03,1.68e+01,
3149,-8.00e-03,1.68e+01,
3150,-8.00e-03,1.68e+01,
3151,-8.00e-03,1.68e+01,
3152,-8.00e-03,1.66e+01,
3153,-8.00e-03,1.66e+01,
3154,-8.00e-03,1.66e+01,
3155,-8.00e-03,1.66e+01,
3156,-8.00e-03,1.66e+01,
3157,-8.00e-03,1.66e+01,
3158,-8.00e-03,1.66e+01,
3159,-8.00e-03,1.66e+01,
3160,-1.20e-02,1.64e+01,
3161,-8.00e-03,1.64e+01,
3162,-8.00e-03,1.64e+01,
3163,-8.00e-03,1.66e+01,
3164,-8.00e-03,1.64e+01,
3165,-8.00e-03,1.64e+01,
3166,-8.00e-03,1.64e+01,
3167,-8.00e-03,1.64e+01,
3168,-8.00e-03,1.64e+01,
3169,-8.00e-03,1.64e+01,
3170,-1.20e-02,1.64e+01,
3171,-8.00e-03,1.64e+01,
3172,-8.00e-03,1.62e+01,
3173,-8.00e-03,1.62e+01,
3174,-1.20e-02,1.62e+01,
3175,-8.00e-03,1.64e+01,
3176,-8.00e-03,1.62e+01,
3177,-8.00e-03,1.62e+01,
3178,-8.00e-03,1.62e+01,
3179,-8.00e-03,1.62e+01,
3180,-8.00e-03,1.62e+01,
3181,-8.00e-03,1.60e+01,
3182,-8.00e-03,1.62e+01,
3183,-8.00e-03,1.62e+01,
3184,-8.00e-03,1.60e+01,
3185,-8.00e-03,1.60e+01,
3186,-1.20e-02,1.60e+01,
3187,-8.00e-03,1.62e+01,
3188,-8.00e-03,1.60e+01,
3189,-8.00e-03,1.60e+01,
3190,-8.00e-03,1.60e+01,
3191,-4.00e-03,1.60e+01,
3192,-8.00e-03,1.60e+01,
3193,-8.00e-03,1.58e+01,
3194,-1.20e-02,1.60e+01,
3195,-8.00e-03,1.60e+01,
3196,-8.00e-03,1.60e+01,
3197,-8.00e-03,1.58e+01,
3198,-8.00e-03,1.60e+01,
3199,-8.00e-03,1.60e+01,
3200,-8.00e-03,1.58e+01,
3201,-8.00e-03,1.58e+01,
3202,-1.20e-02,1.58e+01,
3203,-4.00e-03,1.60e+01,
3204,-8.00e-03,1.60e+01,
3205,-8.00e-03,1.58e+01,
3206,-8.00e-03,1.58e+01,
3207,-8.00e-03,1.60e+01,
3208,-8.00e-03,1.58e+01,
3209,-8.00e-03,1.58e+01,
3210,-8.00e-03,1.58e+01,
3211,-8.00e-03,1.58e+01,
3212,-8.00e-03,1.58e+01,
3213,-8.00e-03,1.56e+01,
3214,-8.00e-03,1.60e+01,
3215,-4.00e-03,1.60e+01,
3216,-8.00e-03,1.58e+01,
3217,-8.00e-03,1.58e+01,
3218,-8.00e-03,1.58e+01,
3219,-8.00e-03,1.60e+01,
3220,-8.00e-03,1.58e+01,
3221,-8.00e-03,1.58e+01,
3222,-8.00e-03,1.58e+01,
3223,-8.00e-03,1.58e+01,
3224,-8.00e-03,1.58e+01,
3225,-8.00e-03,1.58e+01,
3226,-8.00e-03,1.58e+01,
3227,-4.00e-03,1.60e+01,
3228,-8.00e-03,1.58e+01,
3229,-8.00e-03,1.58e+01,
3230,-8.00e-03,1.58e+01,
3231,-8.00e-03,1.60e+01,
3232,-8.00e-03,1.58e+01,
3233,-8.00e-03,1.58e+01,
3234,-8.00e-03,1.58e+01,
3235,-8.00e-03,1.58e+01,
3236,-8.00e-03,1.58e+01,
3237,-8.00e-03,1.58e+01,
3238,-8.00e-03,1.58e+01,
3239,-8.00e-03,1.58e+01,
3240,-8.00e-03,1.58e+01,
3241,-8.00e-03,1.58e+01,
3242,-8.00e-03,1.58e+01,
3243,-4.00e-03,1.60e+01,
3244,-8.00e-03,1.58e+01,
3245,-8.00e-03,1.58e+01,
3246,-1.20e-02,1.60e+01,
3247,-4.00e-03,1.60e+01,
3248,-8.00e-03,1.60e+01,
3249,-8.00e-03,1.58e+01,
3250,-8.00e-03,1.60e+01,
3251,-8.00e-03,1.60e+01,
3252,-8.00e-03,1.60e+01,
3253,-8.00e-03,1.60e+01,
3254,-8.00e-03,1.60e+01,
3255,-4.00e-03,1.62e+01,
3256,-8.00e-03,1.60e+01,
3257,-8.00e-03,1.60e+01,
3258,-8.00e-03,1.60e+01,
3259,-4.00e-03,1.62e+01,
3260,-8.00e-03,1.60e+01,
3261,-8.00e-03,1.60e+01,
3262,-8.00e-03,1.62e+01,
3263,-8.00e-03,1.62e+01,
3264,-8.00e-03,1.60e+01,
3265,-8.00e-03,1.62e+01,
3266,-8.00e-03,1.62e+01,
3267,-8.00e-03,1.62e+01,
3268,-8.00e-03,1.62e+01,
3269,-8.00e-03,1.62e+01,
3270,-8.00e-03,1.62e+01,
3271,-8.00e-03,1.62e+01,
3272,-8.00e-03,1.62e+01,
3273,-8.00e-03,1.64e+01,
3274,-8.00e-03,1.64e+01,
3275,-8.00e-03,1.64e+01,
3276,-4.00e-03,1.64e+01,
3277,-8.00e-03,1.62e+01,
3278,-8.00e-03,1.64e+01,
3279,-4.00e-03,1.66e+01,
3280,-4.00e-03,1.64e+01,
3281,-8.00e-03,1.64e+01,
3282,-8.00e-03,1.64e+01,
3283,-8.00e-03,1.66e+01,
3284,-8.00e-03,1.64e+01,
3285,-8.00e-03,1.64e+01,
3286,-8.00e-03,1.66e+01,
3287,-4.00e-03,1.66e+01,
3288,-8.00e-03,1.66e+01,
3289,-8.00e-03,1.66e+01,
3290,-8.00e-03,1.66e+01,
3291,-4.00e-03,1.68e+01,
3292,-8.00e-03,1.66e+01,
3293,-8.00e-03,1.66e+01,
3294,-8.00e-03,1.68e+01,
3295,-8.00e-03,1.68e+01,
3296,-8.00e-03,1.68e+01,
3297,-8.00e-03,1.68e+01,
3298,-8.00e-03,1.68e+01,
3299,-8.00e-03,1.70e+01,
3300,-8.00e-03,1.68e+01,
3301,-8.00e-03,1.70e+01,
3302,-8.00e-03,1.70e+01,
3303,-8.00e-03,1.70e+01,
3304,-8.00e-03,1.70e+01,
3305,-8.00e-03,1.70e+01,
3306,-8.00e-03,1.72e+01,
3307,-4.00e-03,1.72e+01,
3308,-8.00e-03,1.72e+01,
3309,-8.00e-03,1.72e+01,
3310,-8.00e-03,1.72e+01,
3311,-8.00e-03,1.72e+01,
3312,-8.00e-03,1.72e+01,
3313,-8.00e-03,1.72e+01,
3314,-1.20e-02,1.74e+01,
3315,-4.00e-03,1.74e+01,
3316,-8.00e-03,1.72e+01,
3317,-8.00e-03,1.72e+01,
3318,-8.00e-03,1.74e+01,
3319,-8.00e-03,1.76e+01,
3320,-8.00e-03,1.74e+01,
3321,-4.00e-03,1.74e+01,
3322,-8.00e-03,1.74e+01,
3323,-8.00e-03,1.76e+01,
3324,-8.00e-03,1.76e+01,
3325,-8.00e-03,1.76e+01,
3326,-8.00e-03,1.76e+01,
3327,-8.00e-03,1.78e+01,
3328,-8.00e-03,1.76e+01,
3329,-8.00e-03,1.76e+01,
3330,-8.00e-03,1.78e+01,
3331,-8.00e-03,1.78e+01,
3332,-8.00e-03,1.78e+01,
3333,-8.00e-03,1.78e+01,
3334,-8.00e-03,1.78e+01,
3335,-4.00e-03,1.80e+01,
3336,-8.00e-03,1.78e+01,
3337,-4.00e-03,1.78e+01,
3338,-1.20e-02,1.80e+01,
3339,-8.00e-03,1.80e+01,
3340,-8.00e-03,1.80e+01,
3341,-4.00e-03,1.80e+01,
3342,-8.00e-03,1.80e+01,
3343,-8.00e-03,1.82e+01,
3344,-8.00e-03,1.80e+01,
3345,-8.00e-03,1.80e+01,
3346,-8.00e-03,1.82e+01,
3347,-8.00e-03,1.84e+01,
3348,-8.00e-03,1.82e+01,
3349,-8.00e-03,1.82e+01,
3350,-8.00e-03,1.82e+01,
3351,-8.00e-03,1.84e+01,
3352,-8.00e-03,1.82e+01,
3353,-8.00e-03,1.82e+01,
3354,-8.00e-03,1.84e+01,
3355,-4.00e-03,1.86e+01,
3356,-8.00e-03,1.84e+01,
3357,-8.00e-03,1.84e+01,
3358,-8.00e-03,1.84e+01,
3359,-8.00e-03,1.86e+01,
3360,-8.00e-03,1.84e+01,
3361,-8.00e-03,1.86e+01,
3362,-8.00e-03,1.86e+01,
3363,-8.00e-03,1.86e+01,
3364,-8.00e-03,1.86e+01,
3365,-8.00e-03,1.86e+01,
3366,-8.00e-03,1.90e+01,
3367,-8.00e-03,1.90e+01,
3368,-8.00e-03,1.86e+01,
3369,-8.00e-03,1.90e+01,
3370,-1.20e-02,1.90e+01,
3371,-4.00e-03,1.90e+01,
3372,-8.00e-03,1.90e+01,
3373,-8.00e-03,1.90e+01,
3374,-8.00e-03,1.90e+01,
3375,-8.00e-03,1.92e+01,
3376,-8.00e-03,1.90e+01,
3377,-8.00e-03,1.90e+01,
3378,-8.00e-03,1.92e+01,
3379,-8.00e-03,1.92e+01,
3380,-8.00e-03,1.90e+01,
3381,-8.00e-03,1.90e+01,
3382,-8.00e-03,1.92e+01,
3383,-8.00e-03,1.94e+01,
3384,-8.00e-03,1.92e+01,
3385,-8.00e-03,1.92e+01,
3386,-8.00e-03,1.92e+01,
3387,-8.00e-03,1.94e+01,
3388,-8.00e-03,1.94e+01,
3389,-8.00e-03,1.92e+01,
3390,-8.00e-03,1.94e+01,
3391,-8.00e-03,1.94e+01,
3392,-8.00e-03,1.94e+01,
3393,-8.00e-03,1.94e+01,
3394,-1.20e-02,1.94e+01,
3395,-8.00e-03,1.96e+01,
3396,-8.00e-03,1.96e+01,
3397,-8.00e-03,1.94e+01,
3398,-1.20e-02,1.94e+01,
3399,-8.00e-03,1.96e+01,
3400,-8.00e-03,1.96e+01,
3401,-8.00e-03,1.94e+01,
3402,-1.20e-02,1.96e+01,
3403,-8.00e-03,1.96e+01,
3404,-8.00e-03,1.96e+01,
3405,-8.00e-03,1.96e+01,
3406,-8.00e-03,1.96e+01,
3407,-8.00e-03,1.98e+01,
3408,-8.00e-03,1.96e+01,
3409,-8.00e-03,1.96e+01,
3410,-8.00e-03,1.96e+01,
3411,-8.00e-03,1.96e+01,
3412,-8.00e-03,1.96e+01,
3413,-8.00e-03,1.96e+01,
3414,-8.00e-03,1.96e+01,
3415,-8.00e-03,1.98e+01,
3416,-8.00e-03,1.96e+01,
3417,-8.00e-03,1.96e+01,
3418,-8.00e-03,1.96e+01,
3419,-8.00e-03,1.98e+01,
3420,-8.00e-03,1.98e+01,
3421,-8.00e-03,1.96e+01,
3422,-1.20e-02,1.98e+01,
3423,-8.00e-03,1.98e+01,
3424,-8.00e-03,1.96e+01,
3425,-8.00e-03,1.96e+01,
3426,-8.00e-03,1.96e+01,
3427,-4.00e-03,1.98e+01,
3428,-8.00e-03,1.98e+01,
3429,-8.00e-03,1.96e+01,
3430,-8.00e-03,1.98e+01,
3431,-8.00e-03,1.98e+01,
3432,-1.20e-02,1.96e+01,
3433,-8.00e-03,1.96e+01,
3434,-1.20e-02,1.98e+01,
3435,-8.00e-03,1.98e+01,
3436,-8.00e-03,1.98e+01,
3437,-8.00e-03,1.96e+01,
3438,-8.00e-03,1.96e+01,
3439,-8.00e-03,1.98e+01,
3440,-8.00e-03,1.96e+01,
3441,-8.00e-03,1.98e+01,
3442,-8.00e-03,1.98e+01,
3443,-8.00e-03,1.98e+01,
3444,-8.00e-03,1.96e+01,
3445,-8.00e-03,1.96e+01,
3446,-8.00e-03,1.96e+01,
3447,-8.00e-03,1.98e+01,
3448,-8.00e-03,1.98e+01,
3449,-8.00e-03,1.96e+01,
3450,-1.20e-02,1.98e+01,
3451,-8.00e-03,1.98e+01,
3452,-8.00e-03,1.96e+01,
3453,-8.00e-03,1.94e+01,
3454,-8.00e-03,1.96e+01,
3455,-8.00e-03,1.98e+01,
3456,-8.00e-03,1.96e+01,
3457,-8.00e-03,1.96e+01,
3458,-1.20e-02,1.96e+01,
3459,-8.00e-03,1.96e+01,
3460,-8.00e-03,1.96e+01,
3461,-8.00e-03,1.96e+01,
3462,-8.00e-03,1.96e+01,
3463,-8.00e-03,1.96e+01,
3464,-8.00e-03,1.94e+01,
3465,-8.00e-03,1.96e+01,
3466,-1.20e-02,1.94e+01,
3467,-8.00e-03,1.96e+01,
3468,-8.00e-03,1.96e+01,
3469,-1.20e-02,1.92e+01,
3470,-8.00e-03,1.94e+01,
3471,-8.00e-03,1.96e+01,
3472,-8.00e-03,1.94e+01,
3473,-8.00e-03,1.94e+01,
3474,-1.20e-02,1.94e+01,
3475,-8.00e-03,1.94e+01,
3476,-8.00e-03,1.94e+01,
3477,-8.00e-03,1.92e+01,
3478,-8.00e-03,1.92e+01,
3479,-8.00e-03,1.94e+01,
3480,-8.00e-03,1.92e+01,
3481,-8.00e-03,1.92e+01,
3482,-1.20e-02,1.92e+01,
3483,-4.00e-03,1.92e+01,
3484,-8.00e-03,1.92e+01,
3485,-1.20e-02,1.92e+01,
3486,-8.00e-03,1.90e+01,
3487,-8.00e-03,1.92e+01,
3488,-8.00e-03,1.90e+01,
3489,-8.00e-03,1.90e+01,
3490,-1.20e-02,1.90e+01,
3491,-8.00e-03,1.92e+01,
3492,-8.00e-03,1.90e+01,
3493,-8.00e-03,1.90e+01,
3494,-1.20e-02,1.90e+01,
3495,-8.00e-03,1.90e+01,
3496,-8.00e-03,1.90e+01,
3497,-8.00e-03,1.86e+01,
3498,-1.20e-02,1.86e+01,
3499,-8.00e-03,1.90e+01,
3500,-8.00e-03,1.86e+01,
3501,-8.00e-03,1.86e+01,
3502,-8.00e-03,1.86e+01,
3503,-8.00e-03,1.90e+01,
3504,0.00e+00,1.86e+01,
3505,1.60e-02,1.86e+01,
3506,1.60e-02,1.86e+01,
3507,2.00e-02,1.86e+01,
3508,4.00e-02,1.86e+01,
3509,4.80e-02,1.84e+01,
3510,4.00e-02,1.86e+01,
3511,2.80e-02,1.86e+01,
3512,2.00e-02,1.84e+01,
3513,2.00e-02,1.84e+01,
3514,2.00e-02,1.84e+01,
3515,2.40e-02,1.84e+01,
3516,2.00e-02,1.84e+01,
3517,2.40e-02,1.82e+01,
3518,2.40e-02,1.84e+01,
3519,2.80e-02,1.84e+01,
3520,2.80e-02,1.84e+01,
3521,2.80e-02,1.84e+01,
3522,2.80e-02,1.82e+01,
3523,3.20e-02,1.84e+01,
3524,3.20e-02,1.84e+01,
3525,3.20e-02,1.82e+01,
3526,2.80e-02,1.84e+01,
3527,2.80e-02,1.86e+01,
3528,1.20e-02,1.82e+01,
3529,0.00e+00,1.82e+01,
3530,0.00e+00,1.82e+01,
3531,4.00e-03,1.84e+01,
3532,4.00e-03,1.82e+01,
3533,8.00e-03,1.82e+01,
3534,4.00e-02,1.76e+01,
3535,8.40e-02,1.62e+01,
3536,8.80e-02,1.30e+01,
3537,6.40e-02,1.02e+01,
3538,4.80e-02,8.20e+00,
3539,5.60e-02,6.60e+00,
3540,5.20e-02,5.60e+00,
3541,2.40e-02,4.80e+00,
3542,-1.60e-02,4.00e+00,
3543,-5.60e-02,3.60e+00,
3544,-8.40e-02,3.20e+00,
3545,-1.00e-01,3.00e+00,
3546,-9.60e-02,2.60e+00,
3547,-6.40e-02,2.60e+00,
3548,-2.40e-02,2.20e+00,
3549,2.00e-02,2.20e+00,
3550,6.00e-02,2.20e+00,
3551,8.80e-02,2.00e+00,
3552,1.00e-01,1.80e+00,
3553,1.04e-01,1.60e+00,
3554,9.20e-02,1.40e+00,
3555,7.60e-02,1.00e+00,
3556,4.40e-02,4.00e-01,
3557,4.00e-03,-2.66e-05,
3558,-3.60e-02,-2.00e-01,
3559,-6.40e-02,-6.00e-01,
3560,-8.40e-02,-1.00e+00,
3561,-8.00e-02,-1.00e+00,
3562,-5.60e-02,-8.00e-01,
3563,-2.40e-02,-1.00e+00,
3564,1.20e-02,-8.00e-01,
3565,4.80e-02,-6.00e-01,
3566,7.20e-02,-4.00e-01,
3567,8.40e-02,-4.00e-01,
3568,8.40e-02,-6.00e-01,
3569,7.60e-02,-6.00e-01,
3570,5.20e-02,-6.00e-01,
3571,2.80e-02,-8.00e-01,
3572,-8.00e-03,-1.00e+00,
3573,-3.60e-02,-1.00e+00,
3574,-6.00e-02,-1.00e+00,
3575,-6.80e-02,-1.00e+00,
3576,-6.00e-02,-1.00e+00,
3577,-4.00e-02,-1.00e+00,
3578,-1.20e-02,-8.00e-01,
3579,2.00e-02,-6.00e-01,
3580,4.80e-02,-6.00e-01,
3581,6.40e-02,-6.00e-01,
3582,7.20e-02,-4.00e-01,
3583,7.20e-02,-6.00e-01,
3584,6.00e-02,-6.00e-01,
3585,4.40e-02,-8.00e-01,
3586,1.20e-02,-8.00e-01,
3587,-1.20e-02,-8.00e-01,
3588,-3.60e-02,-1.20e+00,
3589,-5.20e-02,-1.00e+00,
3590,-5.20e-02,-1.00e+00,
3591,-4.40e-02,-1.00e+00,
3592,-2.40e-02,-8.00e-01,
3593,0.00e+00,-8.00e-01,
3594,2.00e-02,-6.00e-01,
3595,4.80e-02,-6.00e-01,
3596,5.60e-02,-6.00e-01,
3597,6.40e-02,-6.00e-01,
3598,6.00e-02,-4.00e-01,
3599,4.80e-02,-8.00e-01,
3600,2.80e-02,-8.00e-01,
3601,8.00e-03,-8.00e-01,
3602,-1.60e-02,-8.00e-01,
3603,-2.80e-02,-1.00e+00,
3604,-4.00e-02,-1.00e+00,
3605,-4.00e-02,-1.00e+00,
3606,-3.20e-02,-8.00e-01,
3607,-1.20e-02,-8.00e-01,
3608,4.00e-03,-8.00e-01,
3609,2.40e-02,-6.00e-01,
3610,4.00e-02,-6.00e-01,
3611,5.60e-02,-6.00e-01,
3612,5.20e-02,-8.00e-01,
3613,5.20e-02,-6.00e-01,
3614,4.00e-02,-6.00e-01,
3615,2.00e-02,-8.00e-01,
3616,0.00e+00,-8.00e-01,
3617,-1.20e-02,-8.00e-01,
3618,-2.80e-02,-8.00e-01,
3619,-2.80e-02,-1.00e+00,
3620,-3.20e-02,-1.00e+00,
3621,-2.00e-02,-8.00e-01,
3622,-8.00e-03,-6.00e-01,
3623,1.20e-02,-6.00e-01,
3624,2.40e-02,-6.00e-01,
3625,4.40e-02,-6.00e-01,
3626,4.40e-02,-4.00e-01,
3627,4.80e-02,-6.00e-01,
3628,4.00e-02,-8.00e-01,
3629,2.80e-02,-6.00e-01,
3630,1.60e-02,-8.00e-01,
3631,0.00e+00,-8.00e-01,
3632,-1.20e-02,-1.00e+00,
3633,-2.00e-02,-1.00e+00,
3634,-2.40e-02,-8.00e-01,
3635,-2.00e-02,-8.00e-01,
3636,-1.20e-02,-8.00e-01,
3637,0.00e+00,-8.00e-01,
3638,1.20e-02,-6.00e-01,
3639,2.80e-02,-6.00e-01,
3640,4.00e-02,-8.00e-01,
3641,4.40e-02,-6.00e-01,
3642,4.00e-02,-6.00e-01,
3643,4.00e-02,-8.00e-01,
3644,2.40e-02,-8.00e-01,
3645,1.20e-02,-8.00e-01,
3646,0.00e+00,-8.00e-01,
3647,-8.00e-03,-8.00e-01,
3648,-1.60e-02,-1.00e+00,
3649,-1.60e-02,-8.00e-01,
3650,-1.20e-02,-8.00e-01,
3651,-4.00e-03,-8.00e-01,
3652,4.00e-03,-8.00e-01,
3653,1.60e-02,-6.00e-01,
3654,2.80e-02,-6.00e-01,
3655,4.00e-02,-8.00e-01,
3656,3.20e-02,-8.00e-01,
3657,3.20e-02,-6.00e-01,
3658,2.40e-02,-6.00e-01,
3659,2.00e-02,-8.00e-01,
3660,8.00e-03,-8.00e-01,
3661,0.00e+00,-1.00e+00,
3662,-8.00e-03,-8.00e-01,
3663,-8.00e-03,-8.00e-01,
3664,-1.20e-02,-1.00e+00,
3665,-8.00e-03,-8.00e-01,
3666,0.00e+00,-8.00e-01,
3667,1.20e-02,-6.00e-01,
3668,2.00e-02,-8.00e-01,
3669,2.40e-02,-6.00e-01,
3670,3.20e-02,-8.00e-01,
3671,3.20e-02,-6.00e-01,
3672,2.80e-02,-8.00e-01,
3673,2.40e-02,-8.00e-01,
3674,1.20e-02,-6.00e-01,
3675,1.20e-02,-8.00e-01,
3676,0.00e+00,-1.00e+00,
3677,-4.00e-03,-8.00e-01,
3678,-8.00e-03,-8.00e-01,
3679,-4.00e-03,-8.00e-01,
3680,0.00e+00,-1.00e+00,
3681,8.00e-03,-6.00e-01,
3682,1.20e-02,-6.00e-01,
3683,2.40e-02,-6.00e-01,
3684,2.80e-02,-8.00e-01,
3685,2.80e-02,-8.00e-01,
3686,2.80e-02,-6.00e-01,
3687,3.20e-02,-6.00e-01,
3688,2.00e-02,-8.00e-01,
3689,1.60e-02,-8.00e-01,
3690,4.00e-03,-8.00e-01,
3691,4.00e-03,-8.00e-01,
3692,-4.00e-03,-8.00e-01,
3693,-4.00e-03,-8.00e-01,
3694,-4.00e-03,-6.00e-01,
3695,4.00e-03,-8.00e-01,
3696,8.00e-03,-8.00e-01,
3697,1.60e-02,-8.00e-01,
3698,2.00e-02,-6.00e-01,
3699,2.80e-02,-6.00e-01,
3700,2.80e-02,-8.00e-01,
3701,2.80e-02,-8.00e-01,
3702,2.40e-02,-6.00e-01,
3703,2.00e-02,-8.00e-01,
3704,1.20e-02,-8.00e-01,
3705,8.00e-03,-8.00e-01,
3706,4.00e-03,-8.00e-01,
3707,4.00e-03,-8.00e-01,
3708,0.00e+00,-1.00e+00,
3709,4.00e-03,-8.00e-01,
3710,8.00e-03,-8.00e-01,
3711,1.60e-02,-8.00e-01,
3712,1.60e-02,-1.00e+00,
3713,2.40e-02,-8.00e-01,
3714,2.40e-02,-6.00e-01,
3715,2.80e-02,-6.00e-01,
3716,2.80e-02,-8.00e-01,
3717,2.00e-02,-6.00e-01,
3718,1.60e-02,-6.00e-01,
3719,1.60e-02,-8.00e-01,
3720,8.00e-03,-8.00e-01,
3721,8.00e-03,-8.00e-01,
3722,4.00e-03,-8.00e-01,
3723,8.00e-03,-8.00e-01,
3724,8.00e-03,-8.00e-01,
3725,1.20e-02,-8.00e-01,
3726,1.60e-02,-6.00e-01,
3727,2.00e-02,-8.00e-01,
3728,2.40e-02,-8.00e-01,
3729,2.40e-02,-6.00e-01,
3730,2.40e-02,-6.00e-01,
3731,2.40e-02,-6.00e-01,
3732,2.00e-02,-8.00e-01,
3733,1.60e-02,-8.00e-01,
3734,1.20e-02,-6.00e-01,
3735,1.20e-02,-8.00e-01,
3736,8.00e-03,-8.00e-01,
3737,8.00e-03,-8.00e-01,
3738,8.00e-03,-6.00e-01,
3739,1.20e-02,-8.00e-01,
3740,1.60e-02,-8.00e-01,
3741,1.60e-02,-8.00e-01,
3742,2.00e-02,-6.00e-01,
3743,2.40e-02,-8.00e-01,
3744,2.40e-02,-8.00e-01,
3745,2.40e-02,-6.00e-01,
3746,2.00e-02,-6.00e-01,
3747,2.00e-02,-6.00e-01,
3748,1.60e-02,-8.00e-01,
3749,1.60e-02,-8.00e-01,
3750,1.20e-02,-8.00e-01,
3751,1.20e-02,-8.00e-01,
3752,8.00e-03,-8.00e-01,
3753,1.20e-02,-8.00e-01,
3754,1.20e-02,-6.00e-01,
3755,2.00e-02,-6.00e-01,
3756,2.00e-02,-8.00e-01,
3757,2.00e-02,-6.00e-01,
3758,2.40e-02,-6.00e-01,
3759,2.80e-02,-8.00e-01,
3760,2.40e-02,-8.00e-01,
3761,2.40e-02,-6.00e-01,
3762,2.00e-02,-6.00e-01,
3763,2.00e-02,-8.00e-01,
3764,1.60e-02,-8.00e-01,
3765,1.60e-02,-8.00e-01,
3766,1.20e-02,-8.00e-01,
3767,1.60e-02,-8.00e-01,
3768,1.20e-02,-8.00e-01,
3769,1.60e-02,-6.00e-01,
3770,1.60e-02,-6.00e-01,
3771,2.40e-02,-8.00e-01,
3772,2.40e-02,-8.00e-01,
3773,2.40e-02,-8.00e-01,
3774,2.40e-02,-6.00e-01,
3775,2.80e-02,-8.00e-01,
3776,2.00e-02,-8.00e-01,
3777,2.00e-02,-8.00e-01,
3778,1.60e-02,-6.00e-01,
3779,2.00e-02,-6.00e-01,
3780,1.60e-02,-8.00e-01,
3781,1.60e-02,-8.00e-01,
3782,1.60e-02,-6.00e-01,
3783,2.00e-02,-8.00e-01,
3784,1.60e-02,-8.00e-01,
3785,2.00e-02,-6.00e-01,
3786,2.00e-02,-6.00e-01,
3787,2.40e-02,-6.00e-01,
3788,2.40e-02,-8.00e-01,
3789,2.40e-02,-6.00e-01,
3790,2.40e-02,-6.00e-01,
3791,2.40e-02,-8.00e-01,
3792,2.00e-02,-8.00e-01,
3793,2.00e-02,-6.00e-01,
3794,1.60e-02,-6.00e-01,
3795,2.00e-02,-6.00e-01,
3796,1.60e-02,-8.00e-01,
3797,1.60e-02,-8.00e-01,
3798,1.60e-02,-6.00e-01,
3799,2.40e-02,-6.00e-01,
3800,2.40e-02,-8.00e-01,
3801,2.40e-02,-6.00e-01,
3802,2.40e-02,-6.00e-01,
3803,2.80e-02,-6.00e-01,
3804,2.40e-02,-8.00e-01,
3805,2.80e-02,-6.00e-01,
3806,2.40e-02,-6.00e-01,
3807,2.40e-02,-6.00e-01,
3808,2.00e-02,-8.00e-01,
3809,2.00e-02,-6.00e-01,
3810,2.00e-02,-6.00e-01,
3811,2.00e-02,-8.00e-01,
3812,2.00e-02,-8.00e-01,
3813,2.00e-02,-8.00e-01,
3814,2.00e-02,-6.00e-01,
3815,2.40e-02,-6.00e-01,
3816,2.40e-02,-8.00e-01,
3817,2.80e-02,-6.00e-01,
3818,2.80e-02,-6.00e-01,
3819,2.80e-02,-8.00e-01,
3820,2.80e-02,-8.00e-01,
3821,2.40e-02,-6.00e-01,
3822,2.40e-02,-6.00e-01,
3823,2.40e-02,-8.00e-01,
3824,2.00e-02,-8.00e-01,
3825,2.40e-02,-8.00e-01,
3826,2.00e-02,-6.00e-01,
3827,2.80e-02,-6.00e-01,
3828,2.40e-02,-8.00e-01,
3829,2.40e-02,-6.00e-01,
3830,2.40e-02,-6.00e-01,
3831,2.80e-02,-8.00e-01,
3832,2.80e-02,-8.00e-01,
3833,2.80e-02,-6.00e-01,
3834,2.80e-02,-6.00e-01,
3835,2.80e-02,-8.00e-01,
3836,2.40e-02,-8.00e-01,
3837,2.40e-02,-6.00e-01,
3838,2.40e-02,-6.00e-01,
3839,2.40e-02,-8.00e-01,
3840,2.40e-02,-8.00e-01,
3841,2.40e-02,-6.00e-01,
3842,2.40e-02,-6.00e-01,
3843,2.40e-02,-6.00e-01,
3844,2.40e-02,-6.00e-01,
3845,2.80e-02,-8.00e-01,
3846,2.80e-02,-6.00e-01,
3847,3.20e-02,-8.00e-01,
3848,2.80e-02,-8.00e-01,
3849,2.80e-02,-6.00e-01,
3850,2.80e-02,-6.00e-01,
3851,2.80e-02,-6.00e-01,
3852,2.40e-02,-8.00e-01,
3853,2.80e-02,-6.00e-01,
3854,2.40e-02,-6.00e-01,
3855,2.40e-02,-6.00e-01,
3856,2.80e-02,-8.00e-01,
3857,2.80e-02,-6.00e-01,
3858,2.40e-02,-4.00e-01,
3859,2.80e-02,-6.00e-01,
3860,2.80e-02,-6.00e-01,
3861,2.80e-02,-6.00e-01,
3862,3.20e-02,-6.00e-01,
3863,3.20e-02,-6.00e-01,
3864,2.80e-02,-8.00e-01,
3865,2.80e-02,-8.00e-01,
3866,2.40e-02,-6.00e-01,
3867,2.80e-02,-6.00e-01,
3868,2.40e-02,-8.00e-01,
3869,2.80e-02,-6.00e-01,
3870,2.80e-02,-6.00e-01,
3871,3.20e-02,-6.00e-01,
3872,2.80e-02,-8.00e-01,
3873,2.80e-02,-8.00e-01,
3874,2.80e-02,-6.00e-01,
3875,3.20e-02,-6.00e-01,
3876,2.80e-02,-8.00e-01,
3877,3.20e-02,-6.00e-01,
3878,2.80e-02,-6.00e-01,
3879,3.20e-02,-6.00e-01,
3880,3.20e-02,-8.00e-01,
3881,3.20e-02,-8.00e-01,
3882,2.80e-02,-6.00e-01,
3883,3.20e-02,-6.00e-01,
3884,2.40e-02,-8.00e-01,
3885,2.80e-02,-6.00e-01,
3886,2.80e-02,-6.00e-01,
3887,3.20e-02,-6.00e-01,
3888,3.20e-02,-8.00e-01,
3889,3.20e-02,-6.00e-01,
3890,3.20e-02,-6.00e-01,
3891,3.20e-02,-6.00e-01,
3892,3.20e-02,-8.00e-01,
3893,3.20e-02,-6.00e-01,
3894,3.20e-02,-4.00e-01,
3895,3.20e-02,-6.00e-01,
3896,3.20e-02,-8.00e-01,
3897,3.20e-02,-6.00e-01,
3898,2.80e-02,-6.00e-01,
3899,3.20e-02,-6.00e-01,
3900,2.80e-02,-6.00e-01,
3901,3.20e-02,-6.00e-01,
3902,3.20e-02,-6.00e-01,
3903,3.20e-02,-6.00e-01,
3904,3.20e-02,-8.00e-01,
3905,3.20e-02,-6.00e-01,
3906,3.20e-02,-6.00e-01,
3907,4.00e-02,-6.00e-01,
3908,3.20e-02,-8.00e-01,
3909,3.20e-02,-6.00e-01,
3910,3.20e-02,-6.00e-01,
3911,4.00e-02,-6.00e-01,
3912,3.20e-02,-8.00e-01,
3913,3.20e-02,-6.00e-01,
3914,2.80e-02,-6.00e-01,
3915,4.00e-02,-4.00e-01,
3916,3.20e-02,-1.00e+00,
3917,3.20e-02,-6.00e-01,
3918,3.20e-02,-6.00e-01,
3919,4.00e-02,-6.00e-01,
3920,3.20e-02,-6.00e-01,
3921,4.00e-02,-6.00e-01,
3922,3.20e-02,-6.00e-01,
3923,4.00e-02,-6.00e-01,
3924,3.20e-02,-8.00e-01,
3925,3.20e-02,-6.00e-01,
3926,3.20e-02,-6.00e-01,
3927,4.00e-02,-6.00e-01,
3928,3.20e-02,-8.00e-01,
3929,3.20e-02,-6.00e-01,
3930,3.20e-02,-6.00e-01,
3931,4.00e-02,-6.00e-01,
3932,3.20e-02,-8.00e-01,
3933,4.00e-02,-6.00e-01,
3934,3.20e-02,-6.00e-01,
3935,4.00e-02,-6.00e-01,
3936,4.00e-02,-8.00e-01,
3937,4.00e-02,-6.00e-01,
3938,4.00e-02,-6.00e-01,
3939,4.00e-02,-6.00e-01,
3940,4.00e-02,-6.00e-01,
3941,3.20e-02,-6.00e-01,
3942,4.00e-02,-6.00e-01,
3943,4.00e-02,-6.00e-01,
3944,4.00e-02,-8.00e-01,
3945,4.00e-02,-6.00e-01,
3946,4.00e-02,-6.00e-01,
3947,4.40e-02,-6.00e-01,
3948,4.00e-02,-8.00e-01,
3949,4.00e-02,-6.00e-01,
3950,4.00e-02,-6.00e-01,
3951,4.40e-02,-6.00e-01,
3952,4.00e-02,-8.00e-01,
3953,4.00e-02,-6.00e-01,
3954,4.00e-02,-6.00e-01,
3955,4.40e-02,-6.00e-01,
3956,4.00e-02,-6.00e-01,
3957,4.40e-02,-6.00e-01,
3958,4.00e-02,-6.00e-01,
3959,4.00e-02,-6.00e-01,
3960,4.00e-02,-6.00e-01,
3961,4.00e-02,-6.00e-01,
3962,4.00e-02,-6.00e-01,
3963,4.40e-02,-6.00e-01,
3964,4.00e-02,-6.00e-01,
3965,4.40e-02,-6.00e-01,
3966,4.00e-02,-6.00e-01,
3967,4.40e-02,-6.00e-01,
3968,4.40e-02,-8.00e-01,
3969,4.40e-02,-6.00e-01,
3970,4.00e-02,-6.00e-01,
3971,4.40e-02,-6.00e-01,
3972,4.40e-02,-6.00e-01,
3973,4.40e-02,-6.00e-01,
3974,4.00e-02,-6.00e-01,
3975,4.40e-02,-6.00e-01,
3976,4.40e-02,-6.00e-01,
3977,4.40e-02,-6.00e-01,
3978,4.00e-02,-4.00e-01,
3979,4.40e-02,-6.00e-01,
3980,4.40e-02,-6.00e-01,
3981,4.40e-02,-6.00e-01,
3982,4.40e-02,-6.00e-01,
3983,4.40e-02,-6.00e-01,
3984,4.40e-02,-6.00e-01,
3985,4.40e-02,-6.00e-01,
3986,4.00e-02,-6.00e-01,
3987,4.80e-02,-6.00e-01,
3988,4.40e-02,-6.00e-01,
3989,4.40e-02,-6.00e-01,
3990,4.40e-02,-6.00e-01,
3991,4.40e-02,-6.00e-01,
3992,4.40e-02,-6.00e-01,
3993,4.40e-02,-6.00e-01,
3994,4.40e-02,-4.00e-01,
3995,4.80e-02,-6.00e-01,
3996,4.40e-02,-6.00e-01,
3997,4.40e-02,-6.00e-01,
3998,4.40e-02,-6.00e-01,
3999,4.80e-02,-6.00e-01,
4000,4.40e-02,-8.00e-01,
4001,4.40e-02,-6.00e-01,
4002,4.40e-02,-6.00e-01,
4003,4.80e-02,-6.00e-01,
4004,4.80e-02,-8.00e-01,
4005,4.40e-02,-6.00e-01,
4006,4.40e-02,-6.00e-01,
4007,4.80e-02,-6.00e-01,
4008,4.40e-02,-6.00e-01,
4009,4.80e-02,-6.00e-01,
4010,4.40e-02,-4.00e-01,
4011,4.80e-02,-6.00e-01,
4012,4.40e-02,-6.00e-01,
4013,4.40e-02,-6.00e-01,
4014,4.80e-02,-6.00e-01,
4015,4.80e-02,-6.00e-01,
4016,4.80e-02,-8.00e-01,
4017,4.80e-02,-6.00e-01,
4018,4.40e-02,-6.00e-01,
4019,5.20e-02,-6.00e-01,
4020,4.80e-02,-6.00e-01,
4021,4.80e-02,-6.00e-01,
4022,4.80e-02,-6.00e-01,
4023,5.20e-02,-6.00e-01,
4024,4.80e-02,-6.00e-01,
4025,4.80e-02,-6.00e-01,
4026,4.40e-02,-4.00e-01,
4027,5.20e-02,-6.00e-01,
4028,5.20e-02,-6.00e-01,
4029,4.80e-02,-6.00e-01,
4030,4.40e-02,-6.00e-01,
4031,4.80e-02,-6.00e-01,
4032,4.80e-02,-8.00e-01,
4033,4.80e-02,-6.00e-01,
4034,4.80e-02,-6.00e-01,
4035,4.80e-02,-6.00e-01,
4036,4.80e-02,-6.00e-01,
4037,4.80e-02,-6.00e-01,
4038,4.80e-02,-4.00e-01,
4039,5.20e-02,-6.00e-01,
4040,4.80e-02,-8.00e-01,
4041,4.80e-02,-6.00e-01,
4042,4.80e-02,-6.00e-01,
4043,5.20e-02,-6.00e-01,
4044,5.20e-02,-6.00e-01,
4045,5.20e-02,-6.00e-01,
4046,4.80e-02,-6.00e-01,
4047,5.20e-02,-6.00e-01,
4048,4.80e-02,-6.00e-01,
4049,5.20e-02,-6.00e-01,
4050,4.80e-02,-6.00e-01,
4051,5.20e-02,-6.00e-01,
4052,4.80e-02,-6.00e-01,
4053,5.20e-02,-6.00e-01,
4054,5.20e-02,-6.00e-01,
4055,5.20e-02,-6.00e-01,
4056,5.20e-02,-6.00e-01,
4057,5.20e-02,-6.00e-01,
4058,4.80e-02,-6.00e-01,
4059,5.20e-02,-6.00e-01,
4060,5.20e-02,-6.00e-01,
4061,4.80e-02,-6.00e-01,
4062,4.80e-02,-4.00e-01,
4063,5.20e-02,-6.00e-01,
4064,5.20e-02,-6.00e-01,
4065,5.20e-02,-6.00e-01,
4066,4.80e-02,-6.00e-01,
4067,5.60e-02,-6.00e-01,
4068,5.20e-02,-6.00e-01,
4069,5.20e-02,-4.00e-01,
4070,5.20e-02,-6.00e-01,
4071,5.60e-02,-6.00e-01,
4072,5.20e-02,-8.00e-01,
4073,5.60e-02,-6.00e-01,
4074,5.20e-02,-6.00e-01,
4075,5.60e-02,-6.00e-01,
4076,5.20e-02,-6.00e-01,
4077,5.20e-02,-6.00e-01,
4078,5.20e-02,-6.00e-01,
4079,5.60e-02,-6.00e-01,
4080,5.20e-02,-6.00e-01,
4081,5.60e-02,-6.00e-01,
4082,5.20e-02,-6.00e-01,
4083,5.20e-02,-6.00e-01,
4084,5.20e-02,-6.00e-01,
4085,5.20e-02,-6.00e-01,
4086,5.20e-02,-6.00e-01,
4087,5.60e-02,-6.00e-01,
4088,5.20e-02,-6.00e-01,
4089,5.20e-02,-6.00e-01,
4090,5.20e-02,-6.00e-01,
4091,5.60e-02,-6.00e-01,
4092,5.20e-02,-6.00e-01,
4093,5.60e-02,-6.00e-01,
4094,5.20e-02,-4.00e-01,
4095,5.60e-02,-6.00e-01,
4096,5.20e-02,-6.00e-01,
4097,5.60e-02,-6.00e-01,
4098,5.20e-02,-4.00e-01,
4099,5.60e-02,-6.00e-01,
4100,5.60e-02,-6.00e-01,
4101,5.60e-02,-6.00e-01,
4102,5.60e-02,-6.00e-01,
4103,5.60e-02,-6.00e-01,
4104,5.60e-02,-6.00e-01,
4105,5.60e-02,-6.00e-01,
4106,5.20e-02,-6.00e-01,
4107,6.00e-02,-4.00e-01,
4108,5.60e-02,-8.00e-01,
4109,5.60e-02,-6.00e-01,
4110,5.60e-02,-6.00e-01,
4111,5.60e-02,-6.00e-01,
4112,5.60e-02,-6.00e-01,
4113,5.60e-02,-6.00e-01,
4114,5.60e-02,-6.00e-01,
4115,5.60e-02,-4.00e-01,
4116,5.60e-02,-8.00e-01,
4117,5.60e-02,-6.00e-01,
4118,5.60e-02,-6.00e-01,
4119,6.00e-02,-6.00e-01,
4120,5.60e-02,-6.00e-01,
4121,5.60e-02,-6.00e-01,
4122,5.60e-02,-4.00e-01,
4123,6.00e-02,-6.00e-01,
4124,5.60e-02,-8.00e-01,
4125,5.60e-02,-6.00e-01,
4126,5.60e-02,-6.00e-01,
4127,6.00e-02,-6.00e-01,
4128,5.60e-02,-6.00e-01,
4129,5.60e-02,-6.00e-01,
4130,5.60e-02,-6.00e-01,
4131,5.60e-02,-6.00e-01,
4132,5.60e-02,-6.00e-01,
4133,5.60e-02,-6.00e-01,
4134,5.60e-02,-6.00e-01,
4135,6.00e-02,-6.00e-01,
4136,5.60e-02,-8.00e-01,
4137,6.00e-02,-6.00e-01,
4138,5.60e-02,-6.00e-01,
4139,6.00e-02,-4.00e-01,
4140,6.00e-02,-6.00e-01,
4141,5.60e-02,-6.00e-01,
4142,5.60e-02,-6.00e-01,
4143,6.00e-02,-6.00e-01,
4144,6.00e-02,-6.00e-01,
4145,6.00e-02,-6.00e-01,
4146,5.60e-02,-4.00e-01,
4147,6.00e-02,-6.00e-01,
4148,6.00e-02,-6.00e-01,
4149,6.00e-02,-6.00e-01,
4150,6.00e-02,-6.00e-01,
4151,6.00e-02,-6.00e-01,
4152,6.00e-02,-6.00e-01,
4153,6.00e-02,-6.00e-01,
4154,5.60e-02,-4.00e-01,
4155,6.00e-02,-6.00e-01,
4156,6.00e-02,-6.00e-01,
4157,6.00e-02,-6.00e-01,
4158,5.60e-02,-6.00e-01,
4159,6.40e-02,-6.00e-01,
4160,6.00e-02,-6.00e-01,
4161,6.00e-02,-6.00e-01,
4162,6.00e-02,-4.00e-01,
4163,6.40e-02,-6.00e-01,
4164,6.00e-02,-8.00e-01,
4165,6.40e-02,-6.00e-01,
4166,6.00e-02,-6.00e-01,
4167,6.40e-02,-6.00e-01,
4168,6.00e-02,-6.00e-01,
4169,6.00e-02,-6.00e-01,
4170,6.00e-02,-4.00e-01,
4171,6.40e-02,-6.00e-01,
4172,6.40e-02,-6.00e-01,
4173,6.00e-02,-6.00e-01,
4174,6.00e-02,-4.00e-01,
4175,6.40e-02,-6.00e-01,
4176,6.40e-02,-6.00e-01,
4177,6.40e-02,-6.00e-01,
4178,6.00e-02,-4.00e-01,
4179,6.40e-02,-4.00e-01,
4180,6.40e-02,-6.00e-01,
4181,6.40e-02,-6.00e-01,
4182,6.00e-02,-4.00e-01,
4183,6.40e-02,-6.00e-01,
4184,6.40e-02,-6.00e-01,
4185,6.40e-02,-6.00e-01,
4186,6.00e-02,-4.00e-01,
4187,6.80e-02,-6.00e-01,
4188,6.40e-02,-6.00e-01,
4189,6.40e-02,-6.00e-01,
4190,6.40e-02,-6.00e-01,
4191,6.80e-02,-6.00e-01,
4192,6.40e-02,-6.00e-01,
4193,6.40e-02,-6.00e-01,
4194,6.00e-02,-4.00e-01,
4195,6.80e-02,-6.00e-01,
4196,6.40e-02,-6.00e-01,
4197,6.40e-02,-6.00e-01,
4198,6.40e-02,-6.00e-01,
4199,6.40e-02,-4.00e-01,
4200,6.40e-02,-6.00e-01,
4201,6.40e-02,-6.00e-01,
4202,6.40e-02,-6.00e-01,
4203,6.80e-02,-6.00e-01,
4204,6.40e-02,-6.00e-01,
4205,6.40e-02,-6.00e-01,
4206,6.40e-02,-4.00e-01,
4207,6.80e-02,-4.00e-01,
4208,6.40e-02,-6.00e-01,
4209,6.80e-02,-6.00e-01,
4210,6.40e-02,-6.00e-01,
4211,6.80e-02,-4.00e-01,
4212,6.40e-02,-6.00e-01,
4213,6.80e-02,-6.00e-01,
4214,6.40e-02,-4.00e-01,
4215,6.80e-02,-6.00e-01,
4216,6.80e-02,-6.00e-01,
4217,6.80e-02,-6.00e-01,
4218,6.40e-02,-6.00e-01,
4219,6.80e-02,-6.00e-01,
4220,6.80e-02,-6.00e-01,
4221,6.80e-02,-6.00e-01,
4222,6.40e-02,-4.00e-01,
4223,6.80e-02,-6.00e-01,
4224,6.80e-02,-6.00e-01,
4225,6.80e-02,-6.00e-01,
4226,6.40e-02,-6.00e-01,
4227,6.80e-02,-6.00e-01,
4228,6.80e-02,-6.00e-01,
4229,6.80e-02,-6.00e-01,
4230,6.80e-02,-4.00e-01,
4231,6.80e-02,-6.00e-01,
4232,6.80e-02,-6.00e-01,
4233,6.80e-02,-6.00e-01,
4234,6.80e-02,-4.00e-01,
4235,6.80e-02,-6.00e-01,
4236,6.80e-02,-6.00e-01,
4237,7.20e-02,-6.00e-01,
4238,6.80e-02,-4.00e-01,
4239,7.20e-02,-6.00e-01,
4240,7.20e-02,-6.00e-01,
4241,6.80e-02,-6.00e-01,
4242,6.80e-02,-6.00e-01,
4243,7.20e-02,-4.00e-01,
4244,6.80e-02,-6.00e-01,
4245,6.80e-02,-4.00e-01,
4246,6.80e-02,-4.00e-01,
4247,7.20e-02,-6.00e-01,
4248,7.20e-02,-6.00e-01,
4249,6.80e-02,-6.00e-01,
4250,6.80e-02,-4.00e-01,
4251,7.20e-02,-6.00e-01,
4252,6.80e-02,-6.00e-01,
4253,7.20e-02,-4.00e-01,
4254,6.80e-02,-4.00e-01,
4255,7.20e-02,-6.00e-01,
4256,7.20e-02,-6.00e-01,
4257,7.20e-02,-6.00e-01,
4258,6.80e-02,-4.00e-01,
4259,7.20e-02,-6.00e-01,
4260,6.80e-02,-6.00e-01,
4261,6.80e-02,-6.00e-01,
4262,6.80e-02,-4.00e-01,
4263,7.20e-02,-6.00e-01,
4264,7.20e-02,-6.00e-01,
4265,7.20e-02,-6.00e-01,
4266,6.80e-02,-4.00e-01,
4267,7.20e-02,-4.00e-01,
4268,7.20e-02,-6.00e-01,
4269,7.20e-02,-6.00e-01,
4270,6.80e-02,-6.00e-01,
4271,7.20e-02,-6.00e-01,
4272,7.20e-02,-6.00e-01,
4273,7.20e-02,-6.00e-01,
4274,7.20e-02,-4.00e-01,
4275,7.20e-02,-6.00e-01,
4276,7.20e-02,-6.00e-01,
4277,7.20e-02,-6.00e-01,
4278,7.20e-02,-6.00e-01,
4279,7.20e-02,-6.00e-01,
4280,7.20e-02,-6.00e-01,
4281,7.20e-02,-6.00e-01,
4282,6.80e-02,-4.00e-01,
4283,7.60e-02,-6.00e-01,
4284,7.20e-02,-6.00e-01,
4285,7.60e-02,-6.00e-01,
4286,7.20e-02,-4.00e-01,
4287,7.20e-02,-4.00e-01,
4288,7.20e-02,-6.00e-01,
4289,7.20e-02,-6.00e-01,
4290,7.20e-02,-4.00e-01,
4291,7.60e-02,-6.00e-01,
4292,7.20e-02,-6.00e-01,
4293,7.20e-02,-6.00e-01,
4294,7.20e-02,-4.00e-01,
4295,7.60e-02,-6.00e-01,
4296,7.20e-02,-6.00e-01,
4297,7.20e-02,-4.00e-01,
4298,7.20e-02,-4.00e-01,
4299,7.60e-02,-4.00e-01,
4300,7.20e-02,-6.00e-01,
4301,7.60e-02,-6.00e-01,
4302,7.20e-02,-4.00e-01,
4303,7.60e-02,-6.00e-01,
4304,7.60e-02,-6.00e-01,
4305,7.60e-02,-6.00e-01,
4306,7.60e-02,-6.00e-01,
4307,7.60e-02,-6.00e-01,
4308,7.20e-02,-6.00e-01,
4309,7.60e-02,-4.00e-01,
4310,7.60e-02,-4.00e-01,
4311,7.60e-02,-6.00e-01,
4312,7.60e-02,-6.00e-01,
4313,7.60e-02,-6.00e-01,
4314,7.20e-02,-4.00e-01,
4315,7.60e-02,-4.00e-01,
4316,7.60e-02,-8.00e-01,
4317,7.60e-02,-4.00e-01,
4318,7.60e-02,-4.00e-01,
4319,7.60e-02,-6.00e-01,
4320,7.60e-02,-6.00e-01,
4321,7.60e-02,-6.00e-01,
4322,7.60e-02,-4.00e-01,
4323,8.00e-02,-6.00e-01,
4324,7.60e-02,-6.00e-01,
4325,7.60e-02,-6.00e-01,
4326,7.60e-02,-4.00e-01,
4327,8.00e-02,-6.00e-01,
4328,7.60e-02,-6.00e-01,
4329,7.60e-02,-6.00e-01,
4330,7.60e-02,-4.00e-01,
4331,8.00e-02,-4.00e-01,
4332,7.60e-02,-6.00e-01,
4333,8.00e-02,-6.00e-01,
4334,7.60e-02,-4.00e-01,
4335,8.00e-02,-6.00e-01,
4336,8.00e-02,-6.00e-01,
4337,8.00e-02,-6.00e-01,
4338,7.60e-02,-4.00e-01,
4339,8.00e-02,-6.00e-01,
4340,8.00e-02,-6.00e-01,
4341,8.00e-02,-6.00e-01,
4342,7.60e-02,-4.00e-01,
4343,8.00e-02,-4.00e-01,
4344,7.60e-02,-6.00e-01,
4345,8.00e-02,-6.00e-01,
4346,7.60e-02,-4.00e-01,
4347,8.00e-02,-4.00e-01,
4348,7.60e-02,-6.00e-01,
4349,8.00e-02,-6.00e-01,
4350,7.60e-02,-4.00e-01,
4351,8.00e-02,-6.00e-01,
4352,7.60e-02,-6.00e-01,
4353,8.00e-02,-6.00e-01,
4354,7.60e-02,-4.00e-01,
4355,8.40e-02,-6.00e-01,
4356,8.00e-02,-6.00e-01,
4357,8.00e-02,-4.00e-01,
4358,8.00e-02,-4.00e-01,
4359,8.00e-02,-6.00e-01,
4360,8.00e-02,-6.00e-01,
4361,8.00e-02,-6.00e-01,
4362,8.00e-02,-6.00e-01,
4363,8.40e-02,-6.00e-01,
4364,8.00e-02,-6.00e-01,
4365,8.00e-02,-4.00e-01,
4366,8.00e-02,-4.00e-01,
4367,8.00e-02,-6.00e-01,
4368,8.40e-02,-6.00e-01,
4369,8.00e-02,-4.00e-01,
4370,8.00e-02,-4.00e-01,
4371,8.40e-02,-4.00e-01,
4372,8.00e-02,-6.00e-01,
4373,8.00e-02,-4.00e-01,
4374,8.00e-02,-4.00e-01,
4375,8.40e-02,-6.00e-01,
4376,8.00e-02,-6.00e-01,
4377,8.40e-02,-6.00e-01,
4378,8.00e-02,-4.00e-01,
4379,8.40e-02,-4.00e-01,
4380,8.40e-02,-6.00e-01,
4381,8.40e-02,-6.00e-01,
4382,8.40e-02,-6.00e-01,
4383,8.40e-02,-4.00e-01,
4384,8.00e-02,-6.00e-01,
4385,8.40e-02,-6.00e-01,
4386,8.00e-02,-4.00e-01,
4387,8.40e-02,-6.00e-01,
4388,8.00e-02,-6.00e-01,
4389,8.40e-02,-4.00e-01,
4390,8.40e-02,-4.00e-01,
4391,8.40e-02,-4.00e-01,
4392,8.40e-02,-6.00e-01,
4393,8.40e-02,-6.00e-01,
4394,8.00e-02,-4.00e-01,
4395,8.40e-02,-4.00e-01,
4396,8.40e-02,-6.00e-01,
4397,8.40e-02,-6.00e-01,
4398,8.40e-02,-4.00e-01,
4399,8.40e-02,-6.00e-01,
4400,8.40e-02,-6.00e-01,
4401,8.40e-02,-6.00e-01,
4402,8.00e-02,-6.00e-01,
4403,8.40e-02,-6.00e-01,
4404,8.40e-02,-6.00e-01,
4405,8.40e-02,-4.00e-01,
4406,8.40e-02,-4.00e-01,
4407,8.40e-02,-6.00e-01,
4408,8.40e-02,-6.00e-01,
4409,8.80e-02,-6.00e-01,
4410,8.00e-02,-4.00e-01,
4411,8.80e-02,-6.00e-01,
4412,8.40e-02,-6.00e-01,
4413,8.40e-02,-6.00e-01,
4414,8.40e-02,-6.00e-01,
4415,8.80e-02,-6.00e-01,
4416,8.80e-02,-6.00e-01,
4417,8.80e-02,-6.00e-01,
4418,8.40e-02,-4.00e-01,
4419,8.80e-02,-6.00e-01,
4420,8.40e-02,-6.00e-01,
4421,8.40e-02,-6.00e-01,
4422,8.40e-02,-4.00e-01,
4423,8.80e-02,-6.00e-01,
4424,8.40e-02,-6.00e-01,
4425,8.80e-02,-6.00e-01,
4426,8.40e-02,-4.00e-01,
4427,8.80e-02,-6.00e-01,
4428,8.80e-02,-6.00e-01,
4429,8.40e-02,-4.00e-01,
4430,8.40e-02,-4.00e-01,
4431,8.80e-02,-6.00e-01,
4432,8.80e-02,-6.00e-01,
4433,8.80e-02,-6.00e-01,
4434,8.40e-02,-4.00e-01,
4435,8.80e-02,-6.00e-01,
4436,8.80e-02,-6.00e-01,
4437,8.80e-02,-6.00e-01,
4438,8.80e-02,-4.00e-01,
4439,8.80e-02,-6.00e-01,
4440,8.80e-02,-6.00e-01,
4441,8.80e-02,-4.00e-01,
4442,8.40e-02,-4.00e-01,
4443,9.20e-02,-6.00e-01,
4444,8.80e-02,-6.00e-01,
4445,8.80e-02,-4.00e-01,
4446,8.80e-02,-4.00e-01,
4447,8.80e-02,-4.00e-01,
4448,8.80e-02,-6.00e-01,
4449,8.80e-02,-6.00e-01,
4450,8.40e-02,-4.00e-01,
4451,9.20e-02,-4.00e-01,
4452,8.80e-02,-6.00e-01,
4453,8.80e-02,-6.00e-01,
4454,8.80e-02,-4.00e-01,
4455,8.80e-02,-6.00e-01,
4456,8.80e-02,-6.00e-01,
4457,9.20e-02,-6.00e-01,
4458,8.40e-02,-4.00e-01,
4459,9.20e-02,-4.00e-01,
4460,9.20e-02,-6.00e-01,
4461,8.80e-02,-6.00e-01,
4462,8.80e-02,-4.00e-01,
4463,9.20e-02,-6.00e-01,
4464,8.80e-02,-6.00e-01,
4465,8.80e-02,-6.00e-01,
4466,8.80e-02,-4.00e-01,
4467,9.20e-02,-4.00e-01,
4468,9.20e-02,-6.00e-01,
4469,8.80e-02,-6.00e-01,
4470,8.80e-02,-4.00e-01,
4471,9.20e-02,-4.00e-01,
4472,8.80e-02,-6.00e-01,
4473,9.20e-02,-6.00e-01,
4474,8.80e-02,-4.00e-01,
4475,9.20e-02,-6.00e-01,
4476,9.20e-02,-6.00e-01,
4477,9.20e-02,-6.00e-01,
4478,9.20e-02,-4.00e-01,
4479,9.20e-02,-6.00e-01,
4480,9.20e-02,-6.00e-01,
4481,9.20e-02,-4.00e-01,
4482,8.80e-02,-4.00e-01,
4483,9.60e-02,-4.00e-01,
4484,9.20e-02,-6.00e-01,
4485,9.20e-02,-4.00e-01,
4486,9.20e-02,-4.00e-01,
4487,9.20e-02,-4.00e-01,
4488,9.20e-02,-6.00e-01,
4489,9.20e-02,-4.00e-01,
4490,9.20e-02,-4.00e-01,
4491,9.60e-02,-6.00e-01,
4492,9.20e-02,-6.00e-01,
4493,9.20e-02,-6.00e-01,
4494,9.20e-02,-4.00e-01,
4495,9.60e-02,-4.00e-01,
4496,9.20e-02,-6.00e-01,
4497,9.60e-02,-4.00e-01,
4498,9.20e-02,-4.00e-01,
4499,9.60e-02,-4.00e-01,
4500,9.60e-02,-6.00e-01,
4501,9.20e-02,-4.00e-01,
4502,9.20e-02,-4.00e-01,
4503,9.60e-02,-6.00e-01,
4504,9.20e-02,-6.00e-01,
4505,9.60e-02,-6.00e-01,
4506,9.20e-02,-4.00e-01,
4507,9.60e-02,-4.00e-01,
4508,9.20e-02,-6.00e-01,
4509,9.20e-02,-6.00e-01,
4510,9.20e-02,-4.00e-01,
4511,9.60e-02,-4.00e-01,
4512,9.20e-02,-6.00e-01,
4513,9.60e-02,-6.00e-01,
4514,9.20e-02,-4.00e-01,
4515,9.60e-02,-4.00e-01,
4516,9.60e-02,-8.00e-01,
4517,9.60e-02,-4.00e-01,
4518,9.20e-02,-4.00e-01,
4519,9.60e-02,-6.00e-01,
4520,9.20e-02,-6.00e-01,
4521,9.60e-02,-4.00e-01,
4522,9.20e-02,-4.00e-01,
4523,9.60e-02,-4.00e-01,
4524,9.60e-02,-6.00e-01,
4525,9.60e-02,-4.00e-01,
4526,9.60e-02,-4.00e-01,
4527,9.60e-02,-4.00e-01,
4528,9.60e-02,-6.00e-01,
4529,9.60e-02,-6.00e-01,
4530,9.20e-02,-4.00e-01,
4531,1.00e-01,-4.00e-01,
4532,9.60e-02,-6.00e-01,
4533,9.60e-02,-4.00e-01,
4534,9.60e-02,-4.00e-01,
4535,1.00e-01,-6.00e-01,
4536,9.60e-02,-6.00e-01,
4537,9.60e-02,-4.00e-01,
4538,9.60e-02,-4.00e-01,
4539,1.00e-01,-4.00e-01,
4540,9.60e-02,-6.00e-01,
4541,9.60e-02,-4.00e-01,
4542,9.60e-02,-4.00e-01,
4543,1.00e-01,-4.00e-01,
4544,9.60e-02,-6.00e-01,
4545,1.00e-01,-4.00e-01,
4546,9.60e-02,-4.00e-01,
4547,1.00e-01,-4.00e-01,
4548,9.60e-02,-4.00e-01,
4549,9.60e-02,-4.00e-01,
4550,9.60e-02,-4.00e-01,
4551,1.00e-01,-6.00e-01,
4552,9.60e-02,-6.00e-01,
4553,1.00e-01,-6.00e-01,
4554,9.60e-02,-4.00e-01,
4555,1.00e-01,-4.00e-01,
4556,1.00e-01,-6.00e-01,
4557,9.60e-02,-6.00e-01,
4558,9.60e-02,-4.00e-01,
4559,1.04e-01,-6.00e-01,
4560,9.60e-02,-6.00e-01,
4561,1.00e-01,-6.00e-01,
4562,9.60e-02,-4.00e-01,
4563,1.00e-01,-6.00e-01,
4564,1.00e-01,-6.00e-01,
4565,1.00e-01,-4.00e-01,
4566,9.60e-02,-4.00e-01,
4567,1.04e-01,-4.00e-01,
4568,1.00e-01,-6.00e-01,
4569,1.00e-01,-4.00e-01,
4570,9.60e-02,-4.00e-01,
4571,1.04e-01,-4.00e-01,
4572,1.00e-01,-6.00e-01,
4573,1.00e-01,-6.00e-01,
4574,1.00e-01,-4.00e-01,
4575,1.04e-01,-6.00e-01,
4576,1.00e-01,-6.00e-01,
4577,1.00e-01,-6.00e-01,
4578,1.00e-01,-4.00e-01,
4579,1.04e-01,-4.00e-01,
4580,1.00e-01,-6.00e-01,
4581,1.00e-01,-4.00e-01,
4582,1.00e-01,-4.00e-01,
4583,1.04e-01,-4.00e-01,
4584,1.00e-01,-6.00e-01,
4585,1.00e-01,-4.00e-01,
4586,1.00e-01,-4.00e-01,
4587,1.04e-01,-4.00e-01,
4588,1.00e-01,-6.00e-01,
4589,1.00e-01,-4.00e-01,
4590,1.00e-01,-4.00e-01,
4591,1.04e-01,-6.00e-01,
4592,1.00e-01,-6.00e-01,
4593,1.04e-01,-4.00e-01,
4594,1.00e-01,-4.00e-01,
4595,1.04e-01,-4.00e-01,
4596,1.04e-01,-4.00e-01,
4597,1.04e-01,-4.00e-01,
4598,1.00e-01,-4.00e-01,
4599,1.04e-01,-4.00e-01,
4600,1.04e-01,-6.00e-01,
4601,1.04e-01,-4.00e-01,
4602,1.00e-01,-4.00e-01,
4603,1.04e-01,-4.00e-01,
4604,1.04e-01,-6.00e-01,
4605,1.00e-01,-4.00e-01,
4606,1.00e-01,-4.00e-01,
4607,1.08e-01,-4.00e-01,
4608,1.00e-01,-6.00e-01,
4609,1.04e-01,-6.00e-01,
4610,1.00e-01,-4.00e-01,
4611,1.04e-01,-4.00e-01,
4612,1.04e-01,-6.00e-01,
4613,1.04e-01,-4.00e-01,
4614,1.00e-01,-4.00e-01,
4615,1.04e-01,-6.00e-01,
4616,1.04e-01,-6.00e-01,
4617,1.04e-01,-4.00e-01,
4618,1.04e-01,-4.00e-01,
4619,1.08e-01,-4.00e-01,
4620,1.04e-01,-6.00e-01,
4621,1.04e-01,-4.00e-01,
4622,1.04e-01,-4.00e-01,
4623,1.08e-01,-4.00e-01,
4624,1.04e-01,-6.00e-01,
4625,1.08e-01,-4.00e-01,
4626,1.04e-01,-4.00e-01,
4627,1.08e-01,-4.00e-01,
4628,1.04e-01,-6.00e-01,
4629,1.04e-01,-4.00e-01,
4630,1.04e-01,-4.00e-01,
4631,1.08e-01,-4.00e-01,
4632,1.04e-01,-6.00e-01,
4633,1.08e-01,-6.00e-01,
4634,1.04e-01,-4.00e-01,
4635,1.08e-01,-4.00e-01,
4636,1.04e-01,-6.00e-01,
4637,1.04e-01,-4.00e-01,
4638,1.04e-01,-4.00e-01,
4639,1.08e-01,-4.00e-01,
4640,1.04e-01,-6.00e-01,
4641,1.08e-01,-4.00e-01,
4642,1.04e-01,-4.00e-01,
4643,1.08e-01,-4.00e-01,
4644,1.08e-01,-4.00e-01,
4645,1.08e-01,-4.00e-01,
4646,1.04e-01,-6.00e-01,
4647,1.08e-01,-4.00e-01,
4648,1.08e-01,-6.00e-01,
4649,1.08e-01,-4.00e-01,
4650,1.04e-01,-4.00e-01,
4651,1.08e-01,-6.00e-01,
4652,1.04e-01,-6.00e-01,
4653,1.08e-01,-4.00e-01,
4654,1.04e-01,-4.00e-01,
4655,1.12e-01,-6.00e-01,
4656,1.08e-01,-6.00e-01,
4657,1.08e-01,-4.00e-01,
4658,1.04e-01,-4.00e-01,
4659,1.08e-01,-6.00e-01,
4660,1.08e-01,-6.00e-01,
4661,1.12e-01,-4.00e-01,
4662,1.08e-01,-4.00e-01,
4663,1.12e-01,-4.00e-01,
4664,1.08e-01,-6.00e-01,
4665,1.08e-01,-4.00e-01,
4666,1.04e-01,-4.00e-01,
4667,1.08e-01,-4.00e-01,
4668,1.08e-01,-4.00e-01,
4669,1.08e-01,-4.00e-01,
4670,1.08e-01,-4.00e-01,
4671,1.12e-01,-4.00e-01,
4672,1.08e-01,-4.00e-01,
4673,1.08e-01,-6.00e-01,
4674,1.08e-01,-4.00e-01,
4675,1.12e-01,-4.00e-01,
4676,1.08e-01,-4.00e-01,
4677,1.12e-01,-6.00e-01,
4678,1.08e-01,-4.00e-01,
4679,1.12e-01,-4.00e-01,
4680,1.08e-01,-6.00e-01,
4681,1.12e-01,-4.00e-01,
4682,1.08e-01,-4.00e-01,
4683,1.12e-01,-4.00e-01,
4684,1.08e-01,-6.00e-01,
4685,1.12e-01,-4.00e-01,
4686,1.08e-01,-4.00e-01,
4687,1.12e-01,-4.00e-01,
4688,1.08e-01,-6.00e-01,
4689,1.12e-01,-4.00e-01,
4690,1.08e-01,-4.00e-01,
4691,1.12e-01,-4.00e-01,
4692,1.12e-01,-6.00e-01,
4693,1.12e-01,-4.00e-01,
4694,1.08e-01,-2.00e-01,
4695,1.16e-01,-6.00e-01,
4696,1.12e-01,-6.00e-01,
4697,1.12e-01,-6.00e-01,
4698,1.08e-01,-4.00e-01,
4699,1.16e-01,-4.00e-01,
4700,1.12e-01,-4.00e-01,
4701,1.12e-01,-4.00e-01,
4702,1.08e-01,-4.00e-01,
4703,1.16e-01,-4.00e-01,
4704,1.12e-01,-6.00e-01,
4705,1.12e-01,-4.00e-01,
4706,1.08e-01,-4.00e-01,
4707,1.12e-01,-4.00e-01,
4708,1.12e-01,-4.00e-01,
4709,1.12e-01,-4.00e-01,
4710,1.12e-01,-4.00e-01,
4711,1.16e-01,-4.00e-01,
4712,1.12e-01,-4.00e-01,
4713,1.16e-01,-4.00e-01,
4714,1.12e-01,-4.00e-01,
4715,1.16e-01,-2.00e-01,
4716,1.16e-01,-6.00e-01,
4717,1.12e-01,-4.00e-01,
4718,1.12e-01,-2.00e-01,
4719,1.16e-01,-6.00e-01,
4720,1.12e-01,-6.00e-01,
4721,1.16e-01,-6.00e-01,
4722,1.12e-01,-4.00e-01,
4723,1.16e-01,-4.00e-01,
4724,1.16e-01,-6.00e-01,
4725,1.16e-01,-6.00e-01,
4726,1.12e-01,-4.00e-01,
4727,1.16e-01,-4.00e-01,
4728,1.16e-01,-6.00e-01,
4729,1.16e-01,-4.00e-01,
4730,1.12e-01,-4.00e-01,
4731,1.16e-01,-4.00e-01,
4732,1.16e-01,-6.00e-01,
4733,1.16e-01,-4.00e-01,
4734,1.12e-01,-4.00e-01,
4735,1.16e-01,-4.00e-01,
4736,1.16e-01,-6.00e-01,
4737,1.16e-01,-4.00e-01,
4738,1.12e-01,-4.00e-01,
4739,1.20e-01,-4.00e-01,
4740,1.12e-01,-6.00e-01,
4741,1.16e-01,-4.00e-01,
4742,1.12e-01,-4.00e-01,
4743,1.20e-01,-4.00e-01,
4744,1.16e-01,-4.00e-01,
4745,1.16e-01,-4.00e-01,
4746,1.12e-01,-4.00e-01,
4747,1.20e-01,-4.00e-01,
4748,1.16e-01,-6.00e-01,
4749,1.16e-01,-4.00e-01,
4750,1.16e-01,-4.00e-01,
4751,1.16e-01,-4.00e-01,
4752,1.16e-01,-6.00e-01,
4753,1.16e-01,-4.00e-01,
4754,1.12e-01,-4.00e-01,
4755,1.20e-01,-4.00e-01,
4756,1.16e-01,-4.00e-01,
4757,1.20e-01,-4.00e-01,
4758,1.12e-01,-4.00e-01,
4759,1.20e-01,-4.00e-01,
4760,1.16e-01,-4.00e-01,
4761,1.20e-01,-4.00e-01,
4762,1.16e-01,-4.00e-01,
4763,1.20e-01,-4.00e-01,
4764,1.16e-01,-6.00e-01,
4765,1.20e-01,-4.00e-01,
4766,1.16e-01,-4.00e-01,
4767,1.20e-01,-4.00e-01,
4768,1.20e-01,-6.00e-01,
4769,1.16e-01,-4.00e-01,
4770,1.16e-01,-4.00e-01,
4771,1.20e-01,-4.00e-01,
4772,1.20e-01,-4.00e-01,
4773,1.20e-01,-6.00e-01,
4774,1.16e-01,-4.00e-01,
4775,1.20e-01,-4.00e-01,
4776,1.16e-01,-6.00e-01,
4777,1.20e-01,-4.00e-01,
4778,1.16e-01,-4.00e-01,
4779,1.20e-01,-4.00e-01,
4780,1.20e-01,-4.00e-01,
4781,1.20e-01,-4.00e-01,
4782,1.16e-01,-4.00e-01,
4783,1.24e-01,-4.00e-01,
4784,1.20e-01,-6.00e-01,
4785,1.20e-01,-4.00e-01,
4786,1.16e-01,-4.00e-01,
4787,1.24e-01,-4.00e-01,
4788,1.20e-01,-4.00e-01,
4789,1.24e-01,-4.00e-01,
4790,1.20e-01,-4.00e-01,
4791,1.24e-01,-4.00e-01,
4792,1.20e-01,-6.00e-01,
4793,1.20e-01,-4.00e-01,
4794,1.20e-01,-4.00e-01,
4795,1.24e-01,-4.00e-01,
4796,1.20e-01,-4.00e-01,
4797,1.24e-01,-4.00e-01,
4798,1.16e-01,-4.00e-01,
4799,1.24e-01,-4.00e-01,
4800,1.20e-01,-6.00e-01,
4801,1.20e-01,-4.00e-01,
4802,1.20e-01,-4.00e-01,
4803,1.24e-01,-4.00e-01,
4804,1.20e-01,-4.00e-01,
4805,1.20e-01,-4.00e-01,
4806,1.20e-01,-4.00e-01,
4807,1.24e-01,-4.00e-01,
4808,1.20e-01,-6.00e-01,
4809,1.24e-01,-4.00e-01,
4810,1.20e-01,-4.00e-01,
4811,1.24e-01,-4.00e-01,
4812,1.20e-01,-6.00e-01,
4813,1.24e-01,-4.00e-01,
4814,1.20e-01,-4.00e-01,
4815,1.28e-01,-4.00e-01,
4816,1.24e-01,-4.00e-01,
4817,1.24e-01,-4.00e-01,
4818,1.20e-01,-4.00e-01,
4819,1.24e-01,-4.00e-01,
4820,1.20e-01,-4.00e-01,
4821,1.24e-01,-4.00e-01,
4822,1.20e-01,-4.00e-01,
4823,1.28e-01,-4.00e-01,
4824,1.24e-01,-6.00e-01,
4825,1.24e-01,-4.00e-01,
4826,1.20e-01,-4.00e-01,
4827,1.28e-01,-4.00e-01,
4828,1.24e-01,-6.00e-01,
4829,1.24e-01,-4.00e-01,
4830,1.24e-01,-4.00e-01,
4831,1.28e-01,-4.00e-01,
4832,1.24e-01,-6.00e-01,
4833,1.24e-01,-4.00e-01,
4834,1.20e-01,-4.00e-01,
4835,1.28e-01,-4.00e-01,
4836,1.24e-01,-4.00e-01,
4837,1.24e-01,-4.00e-01,
4838,1.24e-01,-4.00e-01,
4839,1.28e-01,-4.00e-01,
4840,1.24e-01,-4.00e-01,
4841,1.24e-01,-4.00e-01,
4842,1.20e-01,-2.00e-01,
4843,1.24e-01,-4.00e-01,
4844,1.24e-01,-4.00e-01,
4845,1.24e-01,-4.00e-01,
4846,1.24e-01,-4.00e-01,
4847,1.28e-01,-4.00e-01,
4848,1.24e-01,-4.00e-01,
4849,1.24e-01,-4.00e-01,
4850,1.24e-01,-4.00e-01,
4851,1.28e-01,-4.00e-01,
4852,1.24e-01,-4.00e-01,
4853,1.28e-01,-4.00e-01,
4854,1.24e-01,-4.00e-01,
4855,1.28e-01,-4.00e-01,
4856,1.28e-01,-6.00e-01,
4857,1.28e-01,-4.00e-01,
4858,1.24e-01,-4.00e-01,
4859,1.28e-01,-4.00e-01,
4860,1.28e-01,-4.00e-01,
4861,1.28e-01,-4.00e-01,
4862,1.24e-01,-2.00e-01,
4863,1.28e-01,-4.00e-01,
4864,1.24e-01,-6.00e-01,
4865,1.28e-01,-4.00e-01,
4866,1.24e-01,-4.00e-01,
4867,1.32e-01,-4.00e-01,
4868,1.28e-01,-4.00e-01,
4869,1.28e-01,-4.00e-01,
4870,1.24e-01,-4.00e-01,
4871,1.28e-01,-4.00e-01,
4872,1.28e-01,-6.00e-01,
4873,1.28e-01,-4.00e-01,
4874,1.28e-01,-4.00e-01,
4875,1.32e-01,-4.00e-01,
4876,1.28e-01,-4.00e-01,
4877,1.28e-01,-4.00e-01,
4878,1.24e-01,-4.00e-01,
4879,1.32e-01,-4.00e-01,
4880,1.28e-01,-6.00e-01,
4881,1.28e-01,-4.00e-01,
4882,1.24e-01,-4.00e-01,
4883,1.32e-01,-4.00e-01,
4884,1.28e-01,-6.00e-01,
4885,1.28e-01,-4.00e-01,
4886,1.28e-01,-4.00e-01,
4887,1.32e-01,-4.00e-01,
4888,1.28e-01,-4.00e-01,
4889,1.32e-01,-4.00e-01,
4890,1.24e-01,-4.00e-01,
4891,1.32e-01,-4.00e-01,
4892,1.28e-01,-4.00e-01,
4893,1.28e-01,-4.00e-01,
4894,1.28e-01,-4.00e-01,
4895,1.32e-01,-4.00e-01,
4896,1.28e-01,-6.00e-01,
4897,1.28e-01,-4.00e-01,
4898,1.28e-01,-4.00e-01,
4899,1.32e-01,-4.00e-01,
4900,1.28e-01,-6.00e-01,
4901,1.32e-01,-4.00e-01,
4902,1.28e-01,-4.00e-01,
4903,1.36e-01,-4.00e-01,
4904,1.32e-01,-6.00e-01,
4905,1.32e-01,-4.00e-01,
4906,1.28e-01,-4.00e-01,
4907,1.32e-01,-4.00e-01,
4908,1.32e-01,-6.00e-01,
4909,1.32e-01,-4.00e-01,
4910,1.28e-01,-4.00e-01,
4911,1.32e-01,-4.00e-01,
4912,1.28e-01,-6.00e-01,
4913,1.32e-01,-4.00e-01,
4914,1.28e-01,-4.00e-01,
4915,1.32e-01,-2.00e-01,
4916,1.32e-01,-6.00e-01,
4917,1.32e-01,-4.00e-01,
4918,1.32e-01,-2.00e-01,
4919,1.36e-01,-4.00e-01,
4920,1.32e-01,-4.00e-01,
4921,1.32e-01,-4.00e-01,
4922,1.28e-01,-4.00e-01,
4923,1.32e-01,-4.00e-01,
4924,1.32e-01,-6.00e-01,
4925,1.32e-01,-4.00e-01,
4926,1.28e-01,-4.00e-01,
4927,1.36e-01,-4.00e-01,
4928,1.32e-01,-6.00e-01,
4929,1.36e-01,-4.00e-01,
4930,1.24e-01,-4.00e-01,
4931,1.24e-01,-4.00e-01,
4932,1.04e-01,-6.00e-01,
4933,8.40e-02,-6.00e-01,
4934,6.00e-02,-4.00e-01,
4935,4.80e-02,-6.00e-01,
4936,4.00e-02,-6.00e-01,
4937,4.80e-02,-6.00e-01,
4938,5.20e-02,-4.00e-01,
4939,7.60e-02,-6.00e-01,
4940,8.80e-02,-4.00e-01,
4941,1.00e-01,-6.00e-01,
4942,1.04e-01,-4.00e-01,
4943,1.12e-01,-4.00e-01,
4944,1.08e-01,-4.00e-01,
4945,1.12e-01,-6.00e-01,
4946,1.12e-01,-4.00e-01,
4947,1.16e-01,-4.00e-01,
4948,1.16e-01,-6.00e-01,
4949,1.16e-01,-4.00e-01,
4950,1.12e-01,-4.00e-01,
4951,1.16e-01,-4.00e-01,
4952,1.16e-01,-6.00e-01,
4953,1.16e-01,-6.00e-01,
4954,1.12e-01,-4.00e-01,
4955,1.20e-01,-4.00e-01,
4956,1.16e-01,-4.00e-01,
4957,1.16e-01,-4.00e-01,
4958,1.16e-01,-4.00e-01,
4959,1.24e-01,-4.00e-01,
4960,1.20e-01,-6.00e-01,
4961,1.24e-01,-4.00e-01,
4962,1.20e-01,-4.00e-01,
4963,1.24e-01,-4.00e-01,
4964,1.20e-01,-4.00e-01,
4965,1.24e-01,-4.00e-01,
4966,1.20e-01,-4.00e-01,
4967,1.24e-01,-4.00e-01,
4968,1.20e-01,-6.00e-01,
4969,1.20e-01,-4.00e-01,
4970,1.20e-01,-2.00e-01,
4971,1.24e-01,-4.00e-01,
4972,1.24e-01,-6.00e-01,
4973,1.24e-01,-4.00e-01,
4974,1.24e-01,-4.00e-01,
4975,1.28e-01,-4.00e-01,
4976,1.28e-01,-4.00e-01,
4977,1.28e-01,-4.00e-01,
4978,1.24e-01,-4.00e-01,
4979,1.32e-01,-4.00e-01,
4980,1.28e-01,-4.00e-01,
4981,1.24e-01,-4.00e-01,
4982,1.24e-01,-4.00e-01,
4983,1.28e-01,-4.00e-01,
4984,1.28e-01,-6.00e-01,
4985,1.28e-01,-4.00e-01,
4986,1.24e-01,-4.00e-01,
4987,1.28e-01,-4.00e-01,
4988,1.28e-01,-6.00e-01,
4989,1.32e-01,-4.00e-01,
4990,1.28e-01,-2.00e-01,
4991,1.32e-01,-4.00e-01,
4992,1.32e-01,-4.00e-01,
4993,1.32e-01,-4.00e-01,
4994,1.28e-01,-4.00e-01,
4995,1.32e-01,-4.00e-01,
4996,1.28e-01,-6.00e-01,
4997,1.32e-01,-4.00e-01,
4998,1.28e-01,-4.00e-01,
4999,1.32e-01,-4.00e-01,
5000,1.28e-01,-4.00e-01,
5001,1.28e-01,-4.00e-01,
5002,1.28e-01,-4.00e-01,
5003,1.36e-01,-4.00e-01,
5004,1.32e-01,-4.00e-01,
5005,1.32e-01,-4.00e-01,
5006,1.32e-01,-4.00e-01,
5007,1.36e-01,-4.00e-01,
5008,1.36e-01,-4.00e-01,
5009,1.32e-01,-4.00e-01,
5010,1.32e-01,-2.00e-01,
5011,1.36e-01,-4.00e-01,
5012,1.32e-01,-6.00e-01,
5013,1.32e-01,-4.00e-01,
5014,1.28e-01,-4.00e-01,
5015,1.36e-01,-4.00e-01,
5016,1.32e-01,-4.00e-01,
5017,1.36e-01,-4.00e-01,
5018,1.32e-01,-4.00e-01,
5019,1.40e-01,-4.00e-01,
5020,1.36e-01,-4.00e-01,
5021,1.36e-01,-4.00e-01,
5022,1.36e-01,-2.00e-01,
5023,1.36e-01,-2.00e-01,
5024,1.36e-01,-4.00e-01,
5025,1.36e-01,-4.00e-01,
5026,1.32e-01,-4.00e-01,
5027,1.40e-01,-4.00e-01,
5028,1.32e-01,-6.00e-01,
5029,1.36e-01,-4.00e-01,
5030,1.32e-01,-4.00e-01,
5031,1.36e-01,-4.00e-01,
5032,1.36e-01,-4.00e-01,
5033,1.36e-01,-2.00e-01,
5034,1.36e-01,-2.00e-01,
5035,1.40e-01,-4.00e-01,
5036,1.36e-01,-4.00e-01,
5037,1.36e-01,-4.00e-01,
5038,1.36e-01,-4.00e-01,
5039,1.40e-01,-4.00e-01,
5040,1.36e-01,-4.00e-01,
5041,1.36e-01,-4.00e-01,
5042,1.32e-01,-2.00e-01,
5043,1.40e-01,-2.00e-01,
5044,1.36e-01,-4.00e-01,
5045,1.36e-01,-2.00e-01,
5046,1.32e-01,-2.00e-01,
5047,1.40e-01,-2.00e-01,
5048,1.36e-01,-2.00e-01,
5049,1.40e-01,-2.00e-01,
5050,1.32e-01,-2.66e-05,
5051,1.40e-01,-2.66e-05,
5052,1.36e-01,-2.66e-05,
5053,1.36e-01,2.00e-01,
5054,1.36e-01,4.00e-01,
5055,1.40e-01,4.00e-01,
5056,1.36e-01,4.00e-01,
5057,1.36e-01,8.00e-01,
5058,1.32e-01,8.00e-01,
5059,1.40e-01,1.00e+00,
5060,1.36e-01,1.00e+00,
5061,1.36e-01,1.20e+00,
5062,1.36e-01,1.40e+00,
5063,1.40e-01,1.40e+00,
5064,1.36e-01,1.40e+00,
5065,1.36e-01,1.60e+00,
5066,1.32e-01,1.80e+00,
5067,1.40e-01,1.80e+00,
5068,1.36e-01,1.80e+00,
5069,1.36e-01,2.00e+00,
5070,1.36e-01,2.20e+00,
5071,1.36e-01,2.20e+00,
5072,1.36e-01,2.20e+00,
5073,1.40e-01,2.40e+00,
5074,1.36e-01,2.80e+00,
5075,1.40e-01,2.60e+00,
5076,1.40e-01,2.80e+00,
5077,1.36e-01,3.00e+00,
5078,1.36e-01,3.20e+00,
5079,1.40e-01,3.20e+00,
5080,1.40e-01,3.40e+00,
5081,1.36e-01,3.40e+00,
5082,1.36e-01,3.60e+00,
5083,1.40e-01,3.80e+00,
5084,1.36e-01,3.80e+00,
5085,1.36e-01,4.00e+00,
5086,1.36e-01,4.40e+00,
5087,1.40e-01,4.60e+00,
5088,1.36e-01,4.60e+00,
5089,1.36e-01,4.80e+00,
5090,1.36e-01,5.00e+00,
5091,1.40e-01,5.20e+00,
5092,1.36e-01,5.40e+00,
5093,1.36e-01,5.40e+00,
5094,1.36e-01,5.80e+00,
5095,1.40e-01,6.00e+00,
5096,1.36e-01,6.00e+00,
5097,1.32e-01,6.40e+00,
5098,1.28e-01,6.80e+00,
5099,1.32e-01,7.20e+00,
5100,1.32e-01,7.60e+00,
5101,1.28e-01,8.20e+00,
5102,1.24e-01,9.00e+00,
5103,1.28e-01,9.60e+00,
5104,1.24e-01,1.02e+01,
5105,1.24e-01,1.10e+01,
5106,1.16e-01,1.24e+01,
5107,1.20e-01,1.36e+01,
5108,1.12e-01,1.48e+01,
5109,1.08e-01,1.64e+01,
5110,1.00e-01,1.82e+01,
5111,9.60e-02,2.06e+01,
5112,8.80e-02,2.30e+01,
5113,8.00e-02,2.54e+01,
5114,6.40e-02,2.86e+01,
5115,5.20e-02,3.20e+01,
5116,2.80e-02,3.58e+01,
5117,-4.00e-03,3.90e+01,
5118,-4.00e-02,-8.40e+00,
5119,-8.00e-02,-7.80e+00,
5120,-1.12e-01,-7.80e+00,
5121,-1.52e-01,-7.80e+00,
5122,-1.92e-01,-7.80e+00,
5123,-2.32e-01,-7.80e+00,
5124,-2.64e-01,-7.80e+00,
5125,-3.00e-01,-7.80e+00,
5126,-3.32e-01,-7.80e+00,
5127,-3.64e-01,-7.80e+00,
5128,-3.84e-01,-7.80e+00,
5129,-4.08e-01,-7.80e+00,
5130,-4.20e-01,-7.80e+00,
5131,-4.28e-01,-7.80e+00,
5132,-4.24e-01,-7.80e+00,
5133,-4.16e-01,-7.80e+00,
5134,-3.92e-01,-7.80e+00,
5135,-3.80e-01,-7.80e+00,
5136,-3.52e-01,-7.80e+00,
5137,-3.24e-01,-7.80e+00,
5138,-2.88e-01,-7.80e+00,
5139,-2.52e-01,-8.60e+00,
5140,-2.12e-01,3.66e+01,
5141,-1.72e-01,3.12e+01,
5142,-1.32e-01,2.60e+01,
5143,-1.00e-01,2.20e+01,
5144,-6.00e-02,1.82e+01,
5145,-2.80e-02,1.50e+01,
5146,0.00e+00,1.26e+01,
5147,3.20e-02,1.04e+01,
5148,6.00e-02,8.60e+00,
5149,8.00e-02,7.20e+00,
5150,9.60e-02,6.00e+00,
5151,1.16e-01,5.20e+00,
5152,1.28e-01,4.40e+00,
5153,1.48e-01,3.60e+00,
5154,1.52e-01,3.20e+00,
5155,1.68e-01,2.80e+00,
5156,1.72e-01,2.60e+00,
5157,1.76e-01,2.40e+00,
5158,1.84e-01,2.20e+00,
5159,1.92e-01,2.20e+00,
5160,1.96e-01,2.20e+00,
5161,2.00e-01,2.40e+00,
5162,2.00e-01,2.80e+00,
5163,2.04e-01,3.00e+00,
5164,2.00e-01,3.40e+00,
5165,2.04e-01,4.00e+00,
5166,1.96e-01,4.80e+00,
5167,1.96e-01,5.60e+00,
5168,1.88e-01,6.60e+00,
5169,1.84e-01,8.00e+00,
5170,1.68e-01,9.60e+00,
5171,1.60e-01,1.14e+01,
5172,1.40e-01,1.34e+01,
5173,1.20e-01,1.60e+01,
5174,9.20e-02,1.86e+01,
5175,7.20e-02,2.22e+01,
5176,4.00e-02,2.58e+01,
5177,4.00e-03,3.00e+01,
5178,-3.20e-02,3.44e+01,
5179,-6.80e-02,3.92e+01,
5180,-1.08e-01,-7.80e+00,
5181,-1.44e-01,-7.80e+00,
5182,-1.80e-01,-7.80e+00,
5183,-2.16e-01,-7.80e+00,
5184,-2.44e-01,-7.80e+00,
5185,-2.68e-01,-7.80e+00,
5186,-2.88e-01,-7.80e+00,
5187,-3.08e-01,-7.80e+00,
5188,-3.12e-01,-7.80e+00,
5189,-3.16e-01,-7.80e+00,
5190,-3.08e-01,-7.80e+00,
5191,-3.04e-01,-7.80e+00,
5192,-2.84e-01,-7.80e+00,
5193,-2.60e-01,-7.80e+00,
5194,-2.40e-01,-7.80e+00,
5195,-2.16e-01,-1.00e+01,
5196,-1.88e-01,3.66e+01,
5197,-1.56e-01,3.22e+01,
5198,-1.24e-01,2.82e+01,
5199,-9.60e-02,2.48e+01,
5200,-6.40e-02,2.12e+01,
5201,-3.60e-02,1.82e+01,
5202,-1.20e-02,1.60e+01,
5203,1.60e-02,1.38e+01,
5204,4.00e-02,1.20e+01,
5205,6.00e-02,1.04e+01,
5206,7.60e-02,9.20e+00,
5207,9.60e-02,8.20e+00,
5208,1.04e-01,7.20e+00,
5209,1.20e-01,6.40e+00,
5210,1.28e-01,6.00e+00,
5211,1.48e-01,5.60e+00,
5212,1.48e-01,5.20e+00,
5213,1.56e-01,5.00e+00,
5214,1.60e-01,5.00e+00,
5215,1.72e-01,4.80e+00,
5216,1.68e-01,5.00e+00,
5217,1.76e-01,5.20e+00,
5218,1.72e-01,5.60e+00,
5219,1.80e-01,6.00e+00,
5220,1.76e-01,6.40e+00,
5221,1.72e-01,7.20e+00,
5222,1.68e-01,8.00e+00,
5223,1.68e-01,9.20e+00,
5224,1.56e-01,1.02e+01,
5225,1.48e-01,1.18e+01,
5226,1.28e-01,1.32e+01,
5227,1.20e-01,1.50e+01,
5228,1.00e-01,1.72e+01,
5229,8.00e-02,1.98e+01,
5230,5.60e-02,2.24e+01,
5231,3.20e-02,2.56e+01,
5232,4.00e-03,2.88e+01,
5233,-2.40e-02,3.20e+01,
5234,-5.20e-02,3.56e+01,
5235,-8.40e-02,3.96e+01,
5236,-1.08e-01,-8.60e+00,
5237,-1.36e-01,-7.80e+00,
5238,-1.64e-01,-7.80e+00,
5239,-1.92e-01,-7.80e+00,
5240,-2.08e-01,-7.80e+00,
5241,-2.24e-01,-7.80e+00,
5242,-2.36e-01,-7.80e+00,
5243,-2.44e-01,-7.80e+00,
5244,-2.48e-01,-7.80e+00,
5245,-2.44e-01,-7.80e+00,
5246,-2.40e-01,-7.80e+00,
5247,-2.32e-01,-7.80e+00,
5248,-2.16e-01,-7.80e+00,
5249,-2.00e-01,-9.00e+00,
5250,-1.76e-01,3.88e+01,
5251,-1.56e-01,3.58e+01,
5252,-1.32e-01,3.24e+01,
5253,-1.12e-01,2.90e+01,
5254,-8.80e-02,2.60e+01,
5255,-6.00e-02,2.34e+01,
5256,-4.00e-02,2.08e+01,
5257,-1.60e-02,1.82e+01,
5258,4.00e-03,1.64e+01,
5259,2.40e-02,1.48e+01,
5260,4.40e-02,1.34e+01,
5261,6.00e-02,1.20e+01,
5262,7.20e-02,1.10e+01,
5263,8.80e-02,1.02e+01,
5264,9.60e-02,9.20e+00,
5265,1.12e-01,8.80e+00,
5266,1.12e-01,8.40e+00,
5267,1.24e-01,8.20e+00,
5268,1.28e-01,7.60e+00,
5269,1.36e-01,7.60e+00,
5270,1.36e-01,7.60e+00,
5271,1.48e-01,8.00e+00,
5272,1.40e-01,8.00e+00,
5273,1.48e-01,8.60e+00,
5274,1.40e-01,9.00e+00,
5275,1.48e-01,9.60e+00,
5276,1.36e-01,1.02e+01,
5277,1.32e-01,1.10e+01,
5278,1.28e-01,1.22e+01,
5279,1.24e-01,1.34e+01,
5280,1.08e-01,1.46e+01,
5281,1.00e-01,1.64e+01,
5282,8.40e-02,1.80e+01,
5283,7.20e-02,2.04e+01,
5284,5.20e-02,2.24e+01,
5285,2.80e-02,2.48e+01,
5286,8.00e-03,2.74e+01,
5287,-1.20e-02,3.04e+01,
5288,-3.20e-02,3.28e+01,
5289,-5.60e-02,3.54e+01,
5290,-8.40e-02,3.80e+01,
5291,-1.04e-01,4.06e+01,
5292,-1.24e-01,-8.60e+00,
5293,-1.44e-01,-7.80e+00,
5294,-1.56e-01,-7.80e+00,
5295,-1.72e-01,-7.80e+00,
5296,-1.88e-01,-7.80e+00,
5297,-1.92e-01,-7.80e+00,
5298,-1.96e-01,-7.80e+00,
5299,-1.96e-01,-7.80e+00,
5300,-1.96e-01,-7.80e+00,
5301,-1.88e-01,-7.80e+00,
5302,-1.76e-01,-9.20e+00,
5303,-1.64e-01,4.00e+01,
5304,-1.52e-01,3.74e+01,
5305,-1.36e-01,3.48e+01,
5306,-1.20e-01,3.22e+01,
5307,-1.00e-01,3.00e+01,
5308,-8.40e-02,2.74e+01,
5309,-6.00e-02,2.48e+01,
5310,-4.40e-02,2.30e+01,
5311,-2.40e-02,2.08e+01,
5312,-8.00e-03,1.90e+01,
5313,8.00e-03,1.74e+01,
5314,2.40e-02,1.60e+01,
5315,4.40e-02,1.48e+01,
5316,5.60e-02,1.38e+01,
5317,6.80e-02,1.28e+01,
5318,7.60e-02,1.22e+01,
5319,8.80e-02,1.14e+01,
5320,9.20e-02,1.08e+01,
5321,1.00e-01,1.04e+01,
5322,1.04e-01,1.04e+01,
5323,1.16e-01,1.02e+01,
5324,1.16e-01,1.02e+01,
5325,1.20e-01,1.02e+01,
5326,1.20e-01,1.06e+01,
5327,1.24e-01,1.10e+01,
5328,1.16e-01,1.14e+01,
5329,1.20e-01,1.20e+01,
5330,1.12e-01,1.28e+01,
5331,1.12e-01,1.36e+01,
5332,1.04e-01,1.44e+01,
5333,9.60e-02,1.56e+01,
5334,8.40e-02,1.68e+01,
5335,8.00e-02,1.82e+01,
5336,6.40e-02,1.98e+01,
5337,5.20e-02,2.14e+01,
5338,3.20e-02,2.36e+01,
5339,2.00e-02,2.54e+01,
5340,0.00e+00,2.74e+01,
5341,-1.20e-02,2.94e+01,
5342,-3.20e-02,3.14e+01,
5343,-4.80e-02,3.40e+01,
5344,-6.80e-02,3.56e+01,
5345,-8.80e-02,3.74e+01,
5346,-1.04e-01,3.90e+01,
5347,-1.16e-01,4.06e+01,
5348,-1.28e-01,-9.60e+00,
5349,-1.40e-01,-9.00e+00,
5350,-1.48e-01,-8.80e+00,
5351,-1.52e-01,-8.20e+00,
5352,-1.56e-01,-8.60e+00,
5353,-1.56e-01,-9.40e+00,
5354,-1.52e-01,4.06e+01,
5355,-1.52e-01,3.98e+01,
5356,-1.40e-01,3.82e+01,
5357,-1.32e-01,3.64e+01,
5358,-1.24e-01,3.46e+01,
5359,-1.08e-01,3.30e+01,
5360,-9.60e-02,3.10e+01,
5361,-8.40e-02,2.88e+01,
5362,-6.80e-02,2.70e+01,
5363,-4.80e-02,2.52e+01,
5364,-3.60e-02,2.34e+01,
5365,-2.00e-02,2.16e+01,
5366,-8.00e-03,2.02e+01,
5367,8.00e-03,1.90e+01,
5368,2.00e-02,1.76e+01,
5369,3.20e-02,1.66e+01,
5370,4.40e-02,1.58e+01,
5371,5.60e-02,1.48e+01,
5372,6.40e-02,1.40e+01,
5373,7.20e-02,1.36e+01,
5374,7.60e-02,1.32e+01,
5375,8.80e-02,1.30e+01,
5376,8.80e-02,1.28e+01,
5377,9.20e-02,1.26e+01,
5378,9.20e-02,1.28e+01,
5379,1.00e-01,1.28e+01,
5380,1.00e-01,1.30e+01,
5381,1.00e-01,1.34e+01,
5382,9.60e-02,1.38e+01,
5383,9.60e-02,1.44e+01,
5384,9.20e-02,1.50e+01,
5385,8.40e-02,1.58e+01,
5386,7.60e-02,1.68e+01,
5387,7.60e-02,1.78e+01,
5388,6.40e-02,1.92e+01,
5389,5.60e-02,2.02e+01,
5390,4.40e-02,2.14e+01,
5391,3.20e-02,2.32e+01,
5392,1.60e-02,2.46e+01,
5393,4.00e-03,2.60e+01,
5394,-8.00e-03,2.78e+01,
5395,-2.00e-02,2.96e+01,
5396,-3.60e-02,3.12e+01,
5397,-5.20e-02,3.26e+01,
5398,-6.40e-02,3.40e+01,
5399,-7.60e-02,3.56e+01,
5400,-9.20e-02,3.66e+01,
5401,-1.00e-01,3.74e+01,
5402,-1.08e-01,3.82e+01,
5403,-1.12e-01,3.88e+01,
5404,-1.20e-01,3.88e+01,
5405,-1.24e-01,3.88e+01,
5406,-1.28e-01,3.84e+01,
5407,-1.24e-01,3.82e+01,
5408,-1.20e-01,3.70e+01,
5409,-1.16e-01,3.60e+01,
5410,-1.12e-01,3.48e+01,
5411,-1.04e-01,3.38e+01,
5412,-9.60e-02,3.22e+01,
5413,-8.40e-02,3.06e+01,
5414,-7.60e-02,2.90e+01,
5415,-6.00e-02,2.78e+01,
5416,-5.20e-02,2.60e+01,
5417,-3.60e-02,2.46e+01,
5418,-2.80e-02,2.34e+01,
5419,-1.60e-02,2.20e+01,
5420,-4.00e-03,2.08e+01,
5421,8.00e-03,1.96e+01,
5422,1.60e-02,1.86e+01,
5423,2.80e-02,1.78e+01,
5424,3.20e-02,1.70e+01,
5425,4.40e-02,1.64e+01,
5426,5.20e-02,1.58e+01,
5427,6.00e-02,1.56e+01,
5428,6.40e-02,1.50e+01,
5429,6.80e-02,1.48e+01,
5430,7.20e-02,1.48e+01,
5431,7.60e-02,1.48e+01,
5432,8.00e-02,1.46e+01,
5433,8.00e-02,1.48e+01,
5434,7.60e-02,1.50e+01,
5435,8.00e-02,1.58e+01,
5436,7.60e-02,1.60e+01,
5437,7.60e-02,1.66e+01,
5438,6.80e-02,1.72e+01,
5439,6.80e-02,1.82e+01,
5440,6.00e-02,1.90e+01,
5441,5.60e-02,1.98e+01,
5442,4.40e-02,2.08e+01,
5443,4.00e-02,2.20e+01,
5444,2.40e-02,2.32e+01,
5445,1.60e-02,2.44e+01,
5446,4.00e-03,2.56e+01,
5447,-4.00e-03,2.72e+01,
5448,-1.60e-02,2.82e+01,
5449,-2.80e-02,2.94e+01,
5450,-4.00e-02,3.06e+01,
5451,-4.80e-02,3.20e+01,
5452,-6.00e-02,3.28e+01,
5453,-6.80e-02,3.38e+01,
5454,-8.00e-02,3.44e+01,
5455,-8.40e-02,3.54e+01,
5456,-9.20e-02,3.56e+01,
5457,-9.60e-02,3.56e+01,
5458,-1.00e-01,3.56e+01,
5459,-1.00e-01,3.58e+01,
5460,-1.04e-01,3.52e+01,
5461,-1.00e-01,3.46e+01,
5462,-1.00e-01,3.40e+01,
5463,-9.20e-02,3.32e+01,
5464,-8.80e-02,3.22e+01,
5465,-8.00e-02,3.10e+01,
5466,-7.60e-02,3.00e+01,
5467,-6.00e-02,2.88e+01,
5468,-5.60e-02,2.76e+01,
5469,-4.40e-02,2.64e+01,
5470,-3.60e-02,2.50e+01,
5471,-2.80e-02,2.42e+01,
5472,-1.60e-02,2.30e+01,
5473,-8.00e-03,2.18e+01,
5474,0.00e+00,2.08e+01,
5475,8.00e-03,2.02e+01,
5476,1.60e-02,1.94e+01,
5477,2.40e-02,1.86e+01,
5478,3.20e-02,1.80e+01,
5479,4.00e-02,1.76e+01,
5480,4.40e-02,1.72e+01,
5481,4.80e-02,1.70e+01,
5482,5.60e-02,1.66e+01,
5483,6.00e-02,1.66e+01,
5484,6.00e-02,1.64e+01,
5485,6.40e-02,1.64e+01,
5486,6.40e-02,1.66e+01,
5487,6.80e-02,1.70e+01,
5488,6.00e-02,1.72e+01,
5489,6.40e-02,1.74e+01,
5490,6.00e-02,1.80e+01,
5491,6.00e-02,1.86e+01,
5492,5.20e-02,1.92e+01,
5493,4.80e-02,1.98e+01,
5494,4.40e-02,2.06e+01,
5495,4.00e-02,2.16e+01,
5496,2.80e-02,2.24e+01,
5497,2.00e-02,2.34e+01,
5498,1.20e-02,2.44e+01,
5499,4.00e-03,2.56e+01,
5500,-4.00e-03,2.66e+01,
5501,-1.20e-02,2.74e+01,
5502,-2.40e-02,2.82e+01,
5503,-3.20e-02,2.94e+01,
5504,-4.00e-02,3.04e+01,
5505,-4.40e-02,3.10e+01,
5506,-5.60e-02,3.16e+01,
5507,-6.00e-02,3.24e+01,
5508,-6.40e-02,3.28e+01,
5509,-7.60e-02,3.30e+01,
5510,-8.00e-02,3.32e+01,
5511,-8.00e-02,3.34e+01,
5512,-8.40e-02,3.32e+01,
5513,-8.00e-02,3.28e+01,
5514,-8.40e-02,3.26e+01,
5515,-8.00e-02,3.20e+01,
5516,-7.60e-02,3.18e+01,
5517,-7.60e-02,3.06e+01,
5518,-6.40e-02,3.00e+01,
5519,-6.00e-02,2.92e+01,
5520,-5.20e-02,2.80e+01,
5521,-4.40e-02,2.72e+01,
5522,-4.00e-02,2.60e+01,
5523,-2.80e-02,2.54e+01,
5524,-2.80e-02,2.44e+01,
5525,-2.00e-02,2.36e+01,
5526,-1.20e-02,2.28e+01,
5527,-4.00e-03,2.20e+01,
5528,0.00e+00,2.12e+01,
5529,1.20e-02,2.04e+01,
5530,1.60e-02,2.00e+01,
5531,2.40e-02,1.96e+01,
5532,2.40e-02,1.90e+01,
5533,3.20e-02,1.84e+01,
5534,4.00e-02,1.82e+01,
5535,4.40e-02,1.82e+01,
5536,4.80e-02,1.80e+01,
5537,4.80e-02,1.78e+01,
5538,4.80e-02,1.78e+01,
5539,5.20e-02,1.82e+01,
5540,5.20e-02,1.82e+01,
5541,5.20e-02,1.84e+01,
5542,4.80e-02,1.86e+01,
5543,4.80e-02,1.94e+01,
5544,4.40e-02,1.98e+01,
5545,4.40e-02,2.02e+01,
5546,3.20e-02,2.08e+01,
5547,3.20e-02,2.16e+01,
5548,2.40e-02,2.20e+01,
5549,2.00e-02,2.28e+01,
5550,1.20e-02,2.36e+01,
5551,8.00e-03,2.46e+01,
5552,0.00e+00,2.52e+01,
5553,-4.00e-03,2.58e+01,
5554,-1.20e-02,2.68e+01,
5555,-1.60e-02,2.78e+01,
5556,-2.80e-02,2.84e+01,
5557,-3.20e-02,2.90e+01,
5558,-4.00e-02,2.96e+01,
5559,-4.40e-02,3.04e+01,
5560,-5.20e-02,3.08e+01,
5561,-5.60e-02,3.10e+01,
5562,-6.00e-02,3.14e+01,
5563,-6.00e-02,3.16e+01,
5564,-6.40e-02,3.16e+01,
5565,-6.40e-02,3.16e+01,
5566,-6.40e-02,3.12e+01,
5567,-6.40e-02,3.12e+01,
5568,-6.40e-02,3.06e+01,
5569,-6.00e-02,3.02e+01,
5570,-6.00e-02,2.94e+01,
5571,-5.20e-02,2.90e+01,
5572,-5.20e-02,2.82e+01,
5573,-4.40e-02,2.74e+01,
5574,-4.00e-02,2.68e+01,
5575,-3.20e-02,2.60e+01,
5576,-2.80e-02,2.52e+01,
5577,-2.00e-02,2.44e+01,
5578,-2.00e-02,2.38e+01,
5579,-8.00e-03,2.34e+01,
5580,-8.00e-03,2.24e+01,
5581,0.00e+00,2.18e+01,
5582,4.00e-03,2.14e+01,
5583,1.20e-02,2.10e+01,
5584,1.20e-02,2.04e+01,
5585,2.00e-02,2.02e+01,
5586,2.00e-02,1.98e+01,
5587,3.20e-02,1.96e+01,
5588,2.80e-02,1.94e+01,
5589,3.20e-02,1.94e+01,
5590,3.20e-02,1.92e+01,
5591,4.40e-02,1.94e+01,
5592,4.00e-02,1.94e+01,
5593,4.40e-02,1.94e+01,
5594,3.20e-02,1.96e+01,
5595,4.00e-02,2.00e+01,
5596,3.20e-02,2.02e+01,
5597,3.20e-02,2.06e+01,
5598,2.80e-02,2.10e+01,
5599,2.40e-02,2.16e+01,
5600,2.40e-02,2.20e+01,
5601,2.00e-02,2.24e+01,
5602,1.20e-02,2.32e+01,
5603,1.20e-02,2.40e+01,
5604,4.00e-03,2.46e+01,
5605,0.00e+00,2.50e+01,
5606,-8.00e-03,2.58e+01,
5607,-8.00e-03,2.66e+01,
5608,-1.60e-02,2.70e+01,
5609,-2.00e-02,2.76e+01,
5610,-2.80e-02,2.82e+01,
5611,-3.20e-02,2.88e+01,
5612,-3.60e-02,2.92e+01,
5613,-4.40e-02,2.92e+01,
5614,-4.40e-02,2.96e+01,
5615,-4.80e-02,3.02e+01,
5616,-5.20e-02,3.00e+01,
5617,-5.20e-02,3.00e+01,
5618,-5.60e-02,3.00e+01,
5619,-5.20e-02,3.00e+01,
5620,-5.20e-02,2.96e+01,
5621,-5.20e-02,2.92e+01,
5622,-4.80e-02,2.88e+01,
5623,-4.80e-02,2.88e+01,
5624,-4.40e-02,2.80e+01,
5625,-4.00e-02,2.76e+01,
5626,-4.00e-02,2.70e+01,
5627,-3.20e-02,2.66e+01,
5628,-3.20e-02,2.58e+01,
5629,-2.80e-02,2.52e+01,
5630,-2.00e-02,2.46e+01,
5631,-1.60e-02,2.42e+01,
5632,-1.20e-02,2.34e+01,
5633,-4.00e-03,2.30e+01,
5634,-4.00e-03,2.24e+01,
5635,4.00e-03,2.20e+01,
5636,8.00e-03,2.16e+01,
5637,8.00e-03,2.12e+01,
5638,1.20e-02,2.10e+01,
5639,2.00e-02,2.08e+01,
5640,2.00e-02,2.04e+01,
5641,2.40e-02,2.04e+01,
5642,2.00e-02,2.02e+01,
5643,2.80e-02,2.04e+01,
5644,2.40e-02,2.04e+01,
5645,2.80e-02,2.02e+01,
5646,2.80e-02,2.04e+01,
5647,2.80e-02,2.06e+01,
5648,2.40e-02,2.08e+01,
5649,2.40e-02,2.10e+01,
5650,2.00e-02,2.14e+01,
5651,2.00e-02,2.18e+01,
5652,2.00e-02,2.20e+01,
5653,1.60e-02,2.24e+01,
5654,1.20e-02,2.30e+01,
5655,1.20e-02,2.38e+01,
5656,4.00e-03,2.40e+01,
5657,4.00e-03,2.44e+01,
5658,-4.00e-03,2.50e+01,
5659,-8.00e-03,2.56e+01,
5660,-1.20e-02,2.60e+01,
5661,-1.60e-02,2.66e+01,
5662,-2.00e-02,2.70e+01,
5663,-2.40e-02,2.78e+01,
5664,-2.80e-02,2.78e+01,
5665,-3.20e-02,2.82e+01,
5666,-3.60e-02,2.84e+01,
5667,-3.60e-02,2.88e+01,
5668,-4.00e-02,2.88e+01,
5669,-4.00e-02,2.88e+01,
5670,-4.40e-02,2.90e+01,
5671,-4.40e-02,2.90e+01,
5672,-4.40e-02,2.88e+01,
5673,-4.40e-02,2.86e+01,
5674,-4.40e-02,2.84e+01,
5675,-4.00e-02,2.82e+01,
5676,-4.00e-02,2.78e+01,
5677,-4.00e-02,2.74e+01,
5678,-3.60e-02,2.70e+01,
5679,-3.20e-02,2.68e+01,
5680,-3.20e-02,2.60e+01,
5681,-2.40e-02,2.54e+01,
5682,-2.40e-02,2.50e+01,
5683,-2.00e-02,2.46e+01,
5684,-1.60e-02,2.42e+01,
5685,-1.20e-02,2.38e+01,
5686,-8.00e-03,2.34e+01,
5687,0.00e+00,2.30e+01,
5688,0.00e+00,2.24e+01,
5689,4.00e-03,2.20e+01,
5690,4.00e-03,2.20e+01,
5691,1.20e-02,2.18e+01,
5692,1.20e-02,2.14e+01,
5693,1.20e-02,2.12e+01,
5694,1.60e-02,2.10e+01,
5695,2.00e-02,2.12e+01,
5696,2.00e-02,2.10e+01,
5697,2.00e-02,2.10e+01,
5698,2.00e-02,2.10e+01,
5699,2.40e-02,2.12e+01,
5700,2.00e-02,2.14e+01,
5701,2.00e-02,2.14e+01,
5702,2.00e-02,2.18e+01,
5703,2.00e-02,2.22e+01,
5704,1.60e-02,2.22e+01,
5705,1.60e-02,2.28e+01,
5706,8.00e-03,2.30e+01,
5707,8.00e-03,2.36e+01,
5708,4.00e-03,2.38e+01,
5709,4.00e-03,2.42e+01,
5710,0.00e+00,2.46e+01,
5711,-4.00e-03,2.52e+01,
5712,-8.00e-03,2.54e+01,
5713,-1.20e-02,2.56e+01,
5714,-1.60e-02,2.60e+01,
5715,-1.60e-02,2.68e+01,
5716,-2.00e-02,2.70e+01,
5717,-2.40e-02,2.70e+01,
5718,-2.40e-02,2.74e+01,
5719,-2.80e-02,2.78e+01,
5720,-3.20e-02,2.78e+01,
5721,-3.20e-02,2.80e+01,
5722,-3.60e-02,2.80e+01,
5723,-3.60e-02,2.82e+01,
5724,-3.60e-02,2.80e+01,
5725,-3.60e-02,2.78e+01,
5726,-3.60e-02,2.78e+01,
5727,-3.60e-02,2.78e+01,
5728,-3.60e-02,2.74e+01,
5729,-3.20e-02,2.70e+01,
5730,-3.60e-02,2.68e+01,
5731,-2.80e-02,2.68e+01,
5732,-2.80e-02,2.64e+01,
5733,-2.40e-02,2.58e+01,
5734,-2.40e-02,2.52e+01,
5735,-2.00e-02,2.52e+01,
5736,-1.60e-02,2.46e+01,
5737,-1.20e-02,2.42e+01,
5738,-1.20e-02,2.40e+01,
5739,-8.00e-03,2.36e+01,
5740,-4.00e-03,2.34e+01,
5741,0.00e+00,2.30e+01,
5742,0.00e+00,2.28e+01,
5743,4.00e-03,2.28e+01,
5744,4.00e-03,2.22e+01,
5745,8.00e-03,2.20e+01,
5746,4.00e-03,2.18e+01,
5747,1.20e-02,2.18e+01,
5748,1.20e-02,2.18e+01,
5749,1.60e-02,2.16e+01,
5750,1.60e-02,2.16e+01,
5751,1.60e-02,2.20e+01,
5752,1.60e-02,2.18e+01,
5753,1.60e-02,2.18e+01,
5754,1.20e-02,2.20e+01,
5755,1.60e-02,2.24e+01,
5756,1.20e-02,2.24e+01,
5757,1.20e-02,2.28e+01,
5758,8.00e-03,2.30e+01,
5759,8.00e-03,2.36e+01,
5760,4.00e-03,2.38e+01,
5761,4.00e-03,2.40e+01,
5762,-4.00e-03,2.42e+01,
5763,-4.00e-03,2.48e+01,
5764,-4.00e-03,2.50e+01,
5765,-8.00e-03,2.52e+01,
5766,-1.20e-02,2.54e+01,
5767,-1.20e-02,2.60e+01,
5768,-1.60e-02,2.60e+01,
5769,-2.00e-02,2.64e+01,
5770,-2.40e-02,2.68e+01,
5771,-2.40e-02,2.70e+01,
5772,-2.40e-02,2.70e+01,
5773,-2.80e-02,2.72e+01,
5774,-2.80e-02,2.72e+01,
5775,-2.80e-02,2.76e+01,
5776,-2.80e-02,2.74e+01,
5777,-3.20e-02,2.72e+01,
5778,-3.20e-02,2.74e+01,
5779,-3.20e-02,2.74e+01,
5780,-3.20e-02,2.70e+01,
5781,-2.80e-02,2.68e+01,
5782,-2.80e-02,2.66e+01,
5783,-2.40e-02,2.66e+01,
5784,-2.40e-02,2.60e+01,
5785,-2.40e-02,2.56e+01,
5786,-2.40e-02,2.54e+01,
5787,-2.00e-02,2.54e+01,
5788,-1.60e-02,2.48e+01,
5789,-1.60e-02,2.46e+01,
5790,-1.20e-02,2.42e+01,
5791,-8.00e-03,2.42e+01,
5792,-8.00e-03,2.38e+01,
5793,-4.00e-03,2.36e+01,
5794,-4.00e-03,2.32e+01,
5795,0.00e+00,2.32e+01,
5796,0.00e+00,2.30e+01,
5797,4.00e-03,2.28e+01,
5798,4.00e-03,2.24e+01,
5799,8.00e-03,2.24e+01,
5800,8.00e-03,2.24e+01,
5801,8.00e-03,2.22e+01,
5802,8.00e-03,2.22e+01,
5803,1.20e-02,2.24e+01,
5804,1.20e-02,2.22e+01,
5805,8.00e-03,2.22e+01,
5806,8.00e-03,2.24e+01,
5807,1.20e-02,2.28e+01,
5808,8.00e-03,2.28e+01,
5809,8.00e-03,2.30e+01,
5810,8.00e-03,2.32e+01,
5811,4.00e-03,2.36e+01,
5812,4.00e-03,2.36e+01,
5813,4.00e-03,2.38e+01,
5814,0.00e+00,2.40e+01,
5815,0.00e+00,2.46e+01,
5816,-4.00e-03,2.46e+01,
5817,-4.00e-03,2.48e+01,
5818,-8.00e-03,2.50e+01,
5819,-1.20e-02,2.54e+01,
5820,-1.60e-02,2.56e+01,
5821,-1.60e-02,2.58e+01,
5822,-1.60e-02,2.58e+01,
5823,-1.60e-02,2.66e+01,
5824,-2.00e-02,2.64e+01,
5825,-2.00e-02,2.66e+01,
5826,-2.40e-02,2.66e+01,
5827,-2.80e-02,2.70e+01,
5828,-2.40e-02,2.68e+01,
5829,-2.40e-02,2.68e+01,
5830,-2.80e-02,2.68e+01,
5831,-2.80e-02,2.70e+01,
5832,-2.80e-02,2.66e+01,
5833,-2.40e-02,2.66e+01,
5834,-2.80e-02,2.64e+01,
5835,-2.40e-02,2.64e+01,
5836,-2.40e-02,2.58e+01,
5837,-2.40e-02,2.56e+01,
5838,-2.00e-02,2.54e+01,
5839,-1.60e-02,2.54e+01,
5840,-2.00e-02,2.50e+01,
5841,-1.60e-02,2.48e+01,
5842,-1.60e-02,2.46e+01,
5843,-1.20e-02,2.46e+01,
5844,-1.20e-02,2.42e+01,
5845,-8.00e-03,2.40e+01,
5846,-8.00e-03,2.38e+01,
5847,0.00e+00,2.38e+01,
5848,-4.00e-03,2.34e+01,
5849,0.00e+00,2.32e+01,
5850,0.00e+00,2.32e+01,
5851,4.00e-03,2.32e+01,
5852,4.00e-03,2.30e+01,
5853,4.00e-03,2.28e+01,
5854,4.00e-03,2.28e+01,
5855,8.00e-03,2.30e+01,
5856,8.00e-03,2.28e+01,
5857,8.00e-03,2.28e+01,
5858,4.00e-03,2.28e+01,
5859,8.00e-03,2.32e+01,
5860,4.00e-03,2.30e+01,
5861,8.00e-03,2.30e+01,
5862,4.00e-03,2.34e+01,
5863,4.00e-03,2.36e+01,
5864,4.00e-03,2.36e+01,
5865,0.00e+00,2.38e+01,
5866,-4.00e-03,2.40e+01,
5867,0.00e+00,2.44e+01,
5868,-4.00e-03,2.44e+01,
5869,-4.00e-03,2.44e+01,
5870,-8.00e-03,2.48e+01,
5871,-8.00e-03,2.52e+01,
5872,-1.20e-02,2.52e+01,
5873,-1.20e-02,2.54e+01,
5874,-1.60e-02,2.54e+01,
5875,-1.60e-02,2.58e+01,
5876,-1.60e-02,2.58e+01,
5877,-2.00e-02,2.58e+01,
5878,-2.00e-02,2.60e+01,
5879,-2.00e-02,2.66e+01,
5880,-2.00e-02,2.64e+01,
5881,-2.00e-02,2.64e+01,
5882,-2.40e-02,2.64e+01,
5883,-2.00e-02,2.66e+01,
5884,-2.40e-02,2.64e+01,
5885,-2.40e-02,2.60e+01,
5886,-2.40e-02,2.60e+01,
5887,-2.00e-02,2.60e+01,
5888,-2.00e-02,2.56e+01,
5889,-2.00e-02,2.56e+01,
5890,-2.00e-02,2.54e+01,
5891,-1.60e-02,2.54e+01,
5892,-1.60e-02,2.52e+01,
5893,-1.60e-02,2.48e+01,
5894,-1.60e-02,2.46e+01,
5895,-8.00e-03,2.48e+01,
5896,-1.20e-02,2.44e+01,
5897,-8.00e-03,2.42e+01,
5898,-8.00e-03,2.40e+01,
5899,-4.00e-03,2.40e+01,
5900,-4.00e-03,2.38e+01,
5901,-4.00e-03,2.36e+01,
5902,-4.00e-03,2.34e+01,
5903,0.00e+00,2.34e+01,
5904,0.00e+00,2.34e+01,
5905,0.00e+00,2.32e+01,
5906,0.00e+00,2.32e+01,
5907,4.00e-03,2.32e+01,
5908,0.00e+00,2.32e+01,
5909,4.00e-03,2.32e+01,
5910,0.00e+00,2.32e+01,
5911,4.00e-03,2.34e+01,
5912,4.00e-03,2.34e+01,
5913,4.00e-03,2.34e+01,
5914,0.00e+00,2.34e+01,
5915,4.00e-03,2.36e+01,
5916,0.00e+00,2.38e+01,
5917,0.00e+00,2.38e+01,
5918,0.00e+00,2.40e+01,
5919,-4.00e-03,2.42e+01,
5920,-4.00e-03,2.42e+01,
5921,-4.00e-03,2.44e+01,
5922,-8.00e-03,2.46e+01,
5923,-8.00e-03,2.48e+01,
5924,-8.00e-03,2.50e+01,
5925,-1.20e-02,2.50e+01,
5926,-1.20e-02,2.52e+01,
5927,-1.20e-02,2.54e+01,
5928,-1.60e-02,2.54e+01,
5929,-1.60e-02,2.54e+01,
5930,-1.60e-02,2.56e+01,
5931,-1.60e-02,2.58e+01,
5932,-2.00e-02,2.58e+01,
5933,-2.00e-02,2.58e+01,
5934,-2.00e-02,2.58e+01,
5935,-1.60e-02,2.60e+01,
5936,-2.00e-02,2.58e+01,
5937,-2.00e-02,2.58e+01,
5938,-2.00e-02,2.58e+01,
5939,-1.60e-02,2.58e+01,
5940,-2.00e-02,2.56e+01,
5941,-2.00e-02,2.54e+01,
5942,-2.00e-02,2.54e+01,
5943,-1.60e-02,2.54e+01,
5944,-1.60e-02,2.52e+01,
5945,-1.60e-02,2.50e+01,
5946,-1.60e-02,2.48e+01,
5947,-1.20e-02,2.48e+01,
5948,-1.20e-02,2.46e+01,
5949,-1.20e-02,2.44e+01,
5950,-1.20e-02,2.42e+01,
5951,-8.00e-03,2.42e+01,
5952,-4.00e-03,2.40e+01,
5953,-4.00e-03,2.38e+01,
5954,-8.00e-03,2.38e+01,
5955,-4.00e-03,2.40e+01,
5956,-4.00e-03,2.36e+01,
5957,0.00e+00,2.36e+01,
5958,0.00e+00,2.34e+01,
5959,0.00e+00,2.36e+01,
5960,0.00e+00,2.34e+01,
5961,0.00e+00,2.34e+01,
5962,0.00e+00,2.34e+01,
5963,0.00e+00,2.36e+01,
5964,0.00e+00,2.34e+01,
5965,0.00e+00,2.34e+01,
5966,0.00e+00,2.36e+01,
5967,4.00e-03,2.40e+01,
5968,0.00e+00,2.38e+01,
5969,0.00e+00,2.38e+01,
5970,-4.00e-03,2.40e+01,
5971,0.00e+00,2.42e+01,
5972,-4.00e-03,2.42e+01,
5973,-4.00e-03,2.44e+01,
5974,-4.00e-03,2.44e+01,
5975,-4.00e-03,2.46e+01,
5976,-8.00e-03,2.46e+01,
5977,-8.00e-03,2.48e+01,
5978,-1.20e-02,2.50e+01,
5979,-8.00e-03,2.52e+01,
5980,-1.20e-02,2.52e+01,
5981,-1.20e-02,2.52e+01,
5982,-1.60e-02,2.54e+01,
5983,-1.20e-02,2.56e+01,
5984,-1.60e-02,2.54e+01,
5985,-1.60e-02,2.54e+01,
5986,-1.60e-02,2.56e+01,
5987,-1.60e-02,2.58e+01,
5988,-1.60e-02,2.56e+01,
5989,-1.60e-02,2.54e+01,
5990,-2.00e-02,2.54e+01,
5991,-1.60e-02,2.56e+01,
5992,-1.60e-02,2.54e+01,
5993,-1.60e-02,2.54e+01,
5994,-2.00e-02,2.54e+01,
5995,-1.60e-02,2.54e+01,
5996,-1.60e-02,2.50e+01,
5997,-1.60e-02,2.50e+01,
5998,-1.60e-02,2.48e+01,
5999,-1.20e-02,2.50e+01,
6000,-1.20e-02,2.46e+01,
6001,-1.20e-02,2.46e+01,
6002,-1.20e-02,2.44e+01,
6003,-8.00e-03,2.46e+01,
6004,-8.00e-03,2.42e+01,
6005,-4.00e-03,2.40e+01,
6006,-8.00e-03,2.40e+01,
6007,-4.00e-03,2.40e+01,
6008,-4.00e-03,2.38e+01,
6009,-4.00e-03,2.36e+01,
6010,-4.00e-03,2.38e+01,
6011,0.00e+00,2.38e+01,
6012,-4.00e-03,2.36e+01,
6013,0.00e+00,2.36e+01,
6014,0.00e+00,2.36e+01,
6015,0.00e+00,2.38e+01,
6016,0.00e+00,2.36e+01,
6017,0.00e+00,2.36e+01,
6018,0.00e+00,2.36e+01,
6019,0.00e+00,2.38e+01,
6020,-4.00e-03,2.38e+01,
6021,0.00e+00,2.38e+01,
6022,-4.00e-03,2.40e+01,
6023,-4.00e-03,2.42e+01,
6024,-4.00e-03,2.42e+01,
6025,-4.00e-03,2.42e+01,
6026,-8.00e-03,2.44e+01,
6027,-4.00e-03,2.46e+01,
6028,-8.00e-03,2.46e+01,
6029,-8.00e-03,2.46e+01,
6030,-8.00e-03,2.48e+01,
6031,-1.20e-02,2.50e+01,
6032,-1.20e-02,2.50e+01,
6033,-1.20e-02,2.50e+01,
6034,-1.20e-02,2.50e+01,
6035,-1.20e-02,2.54e+01,
6036,-1.20e-02,2.52e+01,
6037,-1.60e-02,2.52e+01,
6038,-1.60e-02,2.52e+01,
6039,-1.60e-02,2.56e+01,
6040,-1.60e-02,2.52e+01,
6041,-1.60e-02,2.52e+01,
6042,-1.60e-02,2.54e+01,
6043,-1.20e-02,2.54e+01,
6044,-1.60e-02,2.52e+01,
6045,-1.60e-02,2.52e+01,
6046,-1.60e-02,2.52e+01,
6047,-1.20e-02,2.54e+01,
6048,-1.20e-02,2.50e+01,
6049,-1.20e-02,2.48e+01,
6050,-1.60e-02,2.50e+01,
6051,-1.20e-02,2.50e+01,
6052,-1.20e-02,2.46e+01,
6053,-1.20e-02,2.46e+01,
6054,-1.20e-02,2.44e+01,
6055,-8.00e-03,2.46e+01,
6056,-8.00e-03,2.42e+01,
6057,-8.00e-03,2.42e+01,
6058,-8.00e-03,2.42e+01,
6059,-4.00e-03,2.42e+01,
6060,-4.00e-03,2.40e+01,
6061,-4.00e-03,2.38e+01,
6062,-4.00e-03,2.40e+01,
6063,0.00e+00,2.40e+01,
6064,-4.00e-03,2.38e+01,
6065,-4.00e-03,2.38e+01,
6066,-4.00e-03,2.38e+01,
6067,0.00e+00,2.40e+01,
6068,-4.00e-03,2.38e+01,
6069,0.00e+00,2.38e+01,
6070,0.00e+00,2.38e+01,
6071,-4.00e-03,2.40e+01,
6072,-4.00e-03,2.38e+01,
6073,0.00e+00,2.38e+01,
6074,-4.00e-03,2.40e+01,
6075,0.00e+00,2.42e+01,
6076,-4.00e-03,2.42e+01,
6077,-4.00e-03,2.42e+01,
6078,-4.00e-03,2.42e+01,
6079,-8.00e-03,2.46e+01,
6080,-8.00e-03,2.46e+01,
6081,-4.00e-03,2.46e+01,
6082,-8.00e-03,2.46e+01,
6083,-8.00e-03,2.48e+01,
6084,-1.20e-02,2.48e+01,
6085,-1.20e-02,2.48e+01,
6086,-1.20e-02,2.50e+01,
6087,-8.00e-03,2.50e+01,
6088,-1.20e-02,2.50e+01,
6089,-1.20e-02,2.50e+01,
6090,-1.60e-02,2.52e+01,
6091,-1.20e-02,2.54e+01,
6092,-1.60e-02,2.52e+01,
6093,-1.20e-02,2.52e+01,
6094,-1.60e-02,2.52e+01,
6095,-1.20e-02,2.52e+01,
6096,-1.20e-02,2.52e+01,
6097,-1.20e-02,2.50e+01,
6098,-1.60e-02,2.52e+01,
6099,-1.20e-02,2.52e+01,
6100,-1.60e-02,2.50e+01,
6101,-1.60e-02,2.48e+01,
6102,-1.60e-02,2.48e+01,
6103,-1.20e-02,2.50e+01,
6104,-1.20e-02,2.48e+01,
6105,-1.20e-02,2.46e+01,
6106,-1.20e-02,2.46e+01,
6107,-8.00e-03,2.46e+01,
6108,-1.20e-02,2.44e+01,
6109,-8.00e-03,2.42e+01,
6110,-8.00e-03,2.42e+01,
6111,-8.00e-03,2.44e+01,
6112,-8.00e-03,2.42e+01,
6113,-4.00e-03,2.40e+01,
6114,-8.00e-03,2.40e+01,
6115,-4.00e-03,2.40e+01,
6116,-4.00e-03,2.42e+01,
6117,-4.00e-03,2.38e+01,
6118,-4.00e-03,2.40e+01,
6119,-4.00e-03,2.42e+01,
6120,-4.00e-03,2.38e+01,
6121,-4.00e-03,2.38e+01,
6122,-8.00e-03,2.40e+01,
6123,0.00e+00,2.42e+01,
6124,-4.00e-03,2.40e+01,
6125,-4.00e-03,2.40e+01,
6126,-4.00e-03,2.40e+01,
6127,-4.00e-03,2.42e+01,
6128,-4.00e-03,2.42e+01,
6129,-4.00e-03,2.42e+01,
6130,-8.00e-03,2.44e+01,
6131,-4.00e-03,2.44e+01,
6132,-8.00e-03,2.44e+01,
6133,-8.00e-03,2.44e+01,
6134,-8.00e-03,2.44e+01,
6135,-8.00e-03,2.48e+01,
6136,-8.00e-03,2.46e+01,
6137,-8.00e-03,2.48e+01,
6138,-1.20e-02,2.48e+01,
6139,-8.00e-03,2.50e+01,
6140,-1.20e-02,2.50e+01,
6141,-1.20e-02,2.48e+01,
6142,-1.20e-02,2.50e+01,
6143,-1.20e-02,2.50e+01,
6144,-1.60e-02,2.50e+01,
6145,-1.20e-02,2.50e+01,
6146,-1.60e-02,2.50e+01,
6147,-1.20e-02,2.52e+01,
6148,-1.60e-02,2.50e+01,
6149,-1.20e-02,2.50e+01,
6150,-1.20e-02,2.50e+01,
6151,-1.20e-02,2.52e+01,
6152,-1.20e-02,2.50e+01,
6153,-1.20e-02,2.48e+01,
6154,-1.60e-02,2.48e+01,
6155,-1.20e-02,2.50e+01,
6156,-1.20e-02,2.48e+01,
6157,-1.20e-02,2.48e+01,
6158,-1.20e-02,2.46e+01,
6159,-1.20e-02,2.48e+01,
6160,-1.20e-02,2.46e+01,
6161,-8.00e-03,2.44e+01,
6162,-1.20e-02,2.44e+01,
6163,-4.00e-03,2.46e+01,
6164,-8.00e-03,2.44e+01,
6165,-8.00e-03,2.42e+01,
6166,-8.00e-03,2.42e+01,
6167,-8.00e-03,2.42e+01,
6168,-8.00e-03,2.40e+01,
6169,-4.00e-03,2.40e+01,
6170,-8.00e-03,2.40e+01,
6171,-4.00e-03,2.42e+01,
6172,-4.00e-03,2.40e+01,
6173,-4.00e-03,2.40e+01,
6174,-4.00e-03,2.40e+01,
6175,-4.00e-03,2.42e+01,
6176,-4.00e-03,2.40e+01,
6177,-4.00e-03,2.40e+01,
6178,-8.00e-03,2.40e+01,
6179,-4.00e-03,2.42e+01,
6180,-8.00e-03,2.42e+01,
6181,-8.00e-03,2.42e+01,
6182,-8.00e-03,2.42e+01,
6183,-4.00e-03,2.44e+01,
6184,-4.00e-03,2.44e+01,
6185,-8.00e-03,2.44e+01,
6186,-1.20e-02,2.46e+01,
6187,-4.00e-03,2.46e+01,
6188,-8.00e-03,2.46e+01,
6189,-1.20e-02,2.46e+01,
6190,-1.20e-02,2.46e+01,
6191,-8.00e-03,2.48e+01,
6192,-8.00e-03,2.48e+01,
6193,-1.20e-02,2.48e+01,
6194,-1.20e-02,2.48e+01,
6195,-8.00e-03,2.50e+01,
6196,-1.20e-02,2.50e+01,
6197,-1.20e-02,2.48e+01,
6198,-1.20e-02,2.48e+01,
6199,-1.20e-02,2.50e+01,
6200,-1.20e-02,2.50e+01,
6201,-1.20e-02,2.50e+01,
6202,-1.60e-02,2.48e+01,
6203,-1.20e-02,2.50e+01,
6204,-1.20e-02,2.48e+01,
6205,-1.20e-02,2.48e+01,
6206,-1.20e-02,2.48e+01,
6207,-1.20e-02,2.50e+01,
6208,-1.20e-02,2.48e+01,
6209,-1.20e-02,2.46e+01,
6210,-1.20e-02,2.46e+01,
6211,-8.00e-03,2.48e+01,
6212,-1.20e-02,2.46e+01,
6213,-8.00e-03,2.44e+01,
6214,-8.00e-03,2.44e+01,
6215,-8.00e-03,2.46e+01,
6216,-8.00e-03,2.44e+01,
6217,-8.00e-03,2.42e+01,
6218,-1.20e-02,2.42e+01,
6219,-8.00e-03,2.44e+01,
6220,-8.00e-03,2.42e+01,
6221,-8.00e-03,2.42e+01,
6222,-8.00e-03,2.42e+01,
6223,-4.00e-03,2.42e+01,
6224,-4.00e-03,2.42e+01,
6225,-4.00e-03,2.42e+01,
6226,-8.00e-03,2.42e+01,
6227,-4.00e-03,2.42e+01,
6228,-4.00e-03,2.42e+01,
6229,-8.00e-03,2.40e+01,
6230,-4.00e-03,2.42e+01,
6231,-4.00e-03,2.42e+01,
6232,-4.00e-03,2.42e+01,
6233,-4.00e-03,2.42e+01,
6234,-8.00e-03,2.42e+01,
6235,-4.00e-03,2.44e+01,
6236,-4.00e-03,2.44e+01,
6237,-8.00e-03,2.44e+01,
6238,-1.20e-02,2.44e+01,
6239,-8.00e-03,2.46e+01,
6240,-8.00e-03,2.46e+01,
6241,-8.00e-03,2.46e+01,
6242,-1.20e-02,2.46e+01,
6243,-8.00e-03,2.48e+01,
6244,-1.20e-02,2.46e+01,
6245,-8.00e-03,2.46e+01,
6246,-1.20e-02,2.46e+01,
6247,-1.20e-02,2.50e+01,
6248,-1.20e-02,2.48e+01,
6249,-1.20e-02,2.48e+01,
6250,-1.20e-02,2.48e+01,
6251,-8.00e-03,2.50e+01,
6252,-1.20e-02,2.48e+01,
6253,-1.20e-02,2.48e+01,
6254,-1.20e-02,2.48e+01,
6255,-1.20e-02,2.50e+01,
6256,-1.20e-02,2.48e+01,
6257,-1.20e-02,2.48e+01,
6258,-1.20e-02,2.48e+01,
6259,-8.00e-03,2.48e+01,
6260,-1.20e-02,2.48e+01,
6261,-1.20e-02,2.46e+01,
6262,-8.00e-03,2.46e+01,
6263,-8.00e-03,2.48e+01,
6264,-1.20e-02,2.44e+01,
6265,-1.20e-02,2.44e+01,
6266,-1.20e-02,2.46e+01,
6267,-8.00e-03,2.46e+01,
6268,-8.00e-03,2.44e+01,
6269,-8.00e-03,2.44e+01,
6270,-8.00e-03,2.44e+01,
6271,-4.00e-03,2.44e+01,
6272,-8.00e-03,2.42e+01,
6273,-8.00e-03,2.42e+01,
6274,-8.00e-03,2.42e+01,
6275,-4.00e-03,2.44e+01,
6276,-4.00e-03,2.42e+01,
6277,-8.00e-03,2.42e+01,
6278,-8.00e-03,2.42e+01,
6279,-4.00e-03,2.44e+01,
6280,-8.00e-03,2.42e+01,
6281,-8.00e-03,2.42e+01,
6282,-8.00e-03,2.42e+01,
6283,-4.00e-03,2.44e+01,
6284,-4.00e-03,2.42e+01,
6285,-4.00e-03,2.42e+01,
6286,-8.00e-03,2.42e+01,
6287,-4.00e-03,2.44e+01,
6288,-8.00e-03,2.42e+01,
6289,-8.00e-03,2.42e+01,
6290,-8.00e-03,2.44e+01,
6291,-4.00e-03,2.46e+01,
6292,-8.00e-03,2.46e+01,
6293,-8.00e-03,2.46e+01,
6294,-1.20e-02,2.44e+01,
6295,-8.00e-03,2.46e+01,
6296,-8.00e-03,2.46e+01,
6297,-8.00e-03,2.46e+01,
6298,-1.20e-02,2.46e+01,
6299,-8.00e-03,2.48e+01,
6300,-8.00e-03,2.48e+01,
6301,-1.20e-02,2.46e+01,
6302,-8.00e-03,2.48e+01,
6303,-1.20e-02,2.50e+01,
6304,-1.20e-02,2.46e+01,
6305,-1.20e-02,2.48e+01,
6306,-1.20e-02,2.48e+01,
6307,-8.00e-03,2.48e+01,
6308,-1.20e-02,2.48e+01,
6309,-1.20e-02,2.46e+01,
6310,-1.20e-02,2.46e+01,
6311,-8.00e-03,2.48e+01,
6312,-1.20e-02,2.46e+01,
6313,-8.00e-03,2.48e+01,
6314,-1.20e-02,2.46e+01,
6315,-8.00e-03,2.46e+01,
6316,-1.20e-02,2.46e+01,
6317,-8.00e-03,2.44e+01,
6318,-1.20e-02,2.46e+01,
6319,-8.00e-03,2.46e+01,
6320,-8.00e-03,2.44e+01,
6321,-8.00e-03,2.44e+01,
6322,-8.00e-03,2.44e+01,
6323,-8.00e-03,2.46e+01,
6324,-8.00e-03,2.44e+01,
6325,-8.00e-03,2.42e+01,
6326,-8.00e-03,2.42e+01,
6327,-4.00e-03,2.44e+01,
6328,-8.00e-03,2.44e+01,
6329,-8.00e-03,2.42e+01,
6330,-8.00e-03,2.42e+01,
6331,-4.00e-03,2.44e+01,
6332,-8.00e-03,2.42e+01,
6333,-8.00e-03,2.42e+01,
6334,-8.00e-03,2.42e+01,
6335,-4.00e-03,2.44e+01,
6336,-8.00e-03,2.42e+01,
6337,-4.00e-03,2.44e+01,
6338,-4.00e-03,2.44e+01,
6339,-4.00e-03,2.44e+01,
6340,-8.00e-03,2.44e+01,
6341,-8.00e-03,2.44e+01,
6342,-8.00e-03,2.44e+01,
6343,-8.00e-03,2.46e+01,
6344,-8.00e-03,2.44e+01,
6345,-8.00e-03,2.44e+01,
6346,-8.00e-03,2.46e+01,
6347,-8.00e-03,2.46e+01,
6348,-8.00e-03,2.46e+01,
6349,-8.00e-03,2.46e+01,
6350,-1.20e-02,2.46e+01,
6351,-8.00e-03,2.48e+01,
6352,-8.00e-03,2.46e+01,
6353,-8.00e-03,2.46e+01,
6354,-1.20e-02,2.46e+01,
6355,-8.00e-03,2.48e+01,
6356,-1.20e-02,2.48e+01,
6357,-8.00e-03,2.46e+01,
6358,-1.20e-02,2.48e+01,
6359,-8.00e-03,2.48e+01,
6360,-8.00e-03,2.48e+01,
6361,-1.20e-02,2.46e+01,
6362,-1.20e-02,2.46e+01,
6363,-8.00e-03,2.48e+01,
6364,-1.20e-02,2.46e+01,
6365,-8.00e-03,2.44e+01,
6366,-1.20e-02,2.46e+01,
6367,-1.20e-02,2.48e+01,
6368,-1.20e-02,2.46e+01,
6369,-8.00e-03,2.46e+01,
6370,-1.20e-02,2.46e+01,
6371,-8.00e-03,2.46e+01,
6372,-8.00e-03,2.46e+01,
6373,-8.00e-03,2.44e+01,
6374,-8.00e-03,2.44e+01,
6375,-8.00e-03,2.46e+01,
6376,-8.00e-03,2.44e+01,
6377,-8.00e-03,2.42e+01,
6378,-8.00e-03,2.44e+01,
6379,-8.00e-03,2.44e+01,
6380,-8.00e-03,2.44e+01,
6381,-8.00e-03,2.42e+01,
6382,-8.00e-03,2.42e+01,
6383,-4.00e-03,2.44e+01,
6384,-8.00e-03,2.42e+01,
6385,-8.00e-03,2.42e+01,
6386,-8.00e-03,2.44e+01,
6387,-4.00e-03,2.44e+01,
6388,-8.00e-03,2.42e+01,
6389,-8.00e-03,2.42e+01,
6390,-8.00e-03,2.42e+01,
6391,-8.00e-03,2.44e+01,
6392,-8.00e-03,2.44e+01,
6393,-4.00e-03,2.44e+01,
6394,-8.00e-03,2.44e+01,
6395,-4.00e-03,2.46e+01,
6396,-8.00e-03,2.44e+01,
6397,-8.00e-03,2.44e+01,
6398,-8.00e-03,2.44e+01,
6399,-8.00e-03,2.46e+01,
6400,-8.00e-03,2.44e+01,
6401,-8.00e-03,2.44e+01,
6402,-1.20e-02,2.46e+01,
6403,-8.00e-03,2.48e+01,
6404,-8.00e-03,2.46e+01,
6405,-8.00e-03,2.46e+01,
6406,-8.00e-03,2.46e+01,
6407,-8.00e-03,2.48e+01,
6408,-1.20e-02,2.46e+01,
6409,-8.00e-03,2.46e+01,
6410,-1.20e-02,2.48e+01,
6411,-8.00e-03,2.48e+01,
6412,-8.00e-03,2.48e+01,
6413,-8.00e-03,2.46e+01,
6414,-8.00e-03,2.46e+01,
6415,-1.20e-02,2.48e+01,
6416,-1.20e-02,2.46e+01,
6417,-8.00e-03,2.46e+01,
6418,-1.20e-02,2.46e+01,
6419,-8.00e-03,2.48e+01,
6420,-8.00e-03,2.46e+01,
6421,-8.00e-03,2.46e+01,
6422,-1.20e-02,2.46e+01,
6423,-8.00e-03,2.46e+01,
6424,-8.00e-03,2.44e+01,
6425,-8.00e-03,2.44e+01,
6426,-8.00e-03,2.44e+01,
6427,-8.00e-03,2.46e+01,
6428,-8.00e-03,2.46e+01,
6429,-8.00e-03,2.44e+01,
6430,-8.00e-03,2.44e+01,
6431,-8.00e-03,2.44e+01,
6432,-8.00e-03,2.42e+01,
6433,-8.00e-03,2.42e+01,
6434,-8.00e-03,2.42e+01,
6435,-8.00e-03,2.46e+01,
6436,-4.00e-03,2.44e+01,
6437,-4.00e-03,2.44e+01,
6438,-8.00e-03,2.42e+01,
6439,-8.00e-03,2.44e+01,
6440,-4.00e-03,2.44e+01,
6441,-8.00e-03,2.42e+01,
6442,-8.00e-03,2.44e+01,
6443,-4.00e-03,2.46e+01,
6444,-8.00e-03,2.44e+01,
6445,-8.00e-03,2.42e+01,
6446,-8.00e-03,2.44e+01,
6447,-8.00e-03,2.44e+01,
6448,-8.00e-03,2.44e+01,
6449,-8.00e-03,2.44e+01,
6450,-8.00e-03,2.44e+01,
6451,-4.00e-03,2.46e+01,
6452,-8.00e-03,2.44e+01,
6453,-8.00e-03,2.44e+01,
6454,-1.20e-02,2.44e+01,
6455,-8.00e-03,2.46e+01,
6456,-8.00e-03,2.46e+01,
6457,-8.00e-03,2.46e+01,
6458,-1.20e-02,2.44e+01,
6459,-8.00e-03,2.48e+01,
6460,-8.00e-03,2.46e+01,
6461,-8.00e-03,2.44e+01,
6462,-8.00e-03,2.44e+01,
6463,-8.00e-03,2.48e+01,
6464,-8.00e-03,2.46e+01,
6465,-8.00e-03,2.46e+01,
6466,-1.20e-02,2.46e+01,
6467,-1.20e-02,2.48e+01,
6468,-1.20e-02,2.46e+01,
6469,-8.00e-03,2.46e+01,
6470,-1.20e-02,2.46e+01,
6471,-8.00e-03,2.48e+01,
6472,-1.20e-02,2.46e+01,
6473,-8.00e-03,2.44e+01,
6474,-1.20e-02,2.46e+01,
6475,-8.00e-03,2.46e+01,
6476,-1.20e-02,2.46e+01,
6477,-8.00e-03,2.44e+01,
6478,-8.00e-03,2.44e+01,
6479,-8.00e-03,2.46e+01,
6480,-8.00e-03,2.44e+01,
6481,-8.00e-03,2.44e+01,
6482,-8.00e-03,2.44e+01,
6483,-4.00e-03,2.46e+01,
6484,-8.00e-03,2.44e+01,
6485,-8.00e-03,2.42e+01,
6486,-8.00e-03,2.44e+01,
6487,-8.00e-03,2.44e+01,
6488,-8.00e-03,2.44e+01,
6489,-8.00e-03,2.42e+01,
6490,-1.20e-02,2.44e+01,
6491,-8.00e-03,2.44e+01,
6492,-8.00e-03,2.44e+01,
6493,-8.00e-03,2.44e+01,
6494,-8.00e-03,2.42e+01,
6495,-8.00e-03,2.46e+01,
6496,-8.00e-03,2.44e+01,
6497,-8.00e-03,2.44e+01,
6498,-1.20e-02,2.44e+01,
6499,-4.00e-03,2.44e+01,
6500,-8.00e-03,2.44e+01,
6501,-8.00e-03,2.44e+01,
6502,-8.00e-03,2.44e+01,
6503,-8.00e-03,2.46e+01,
6504,-8.00e-03,2.44e+01,
6505,-8.00e-03,2.46e+01,
6506,-8.00e-03,2.44e+01,
6507,-8.00e-03,2.46e+01,
6508,-8.00e-03,2.46e+01,
6509,-8.00e-03,2.46e+01,
6510,-8.00e-03,2.44e+01,
6511,-8.00e-03,2.48e+01,
6512,-8.00e-03,2.46e+01,
6513,-8.00e-03,2.44e+01,
6514,-1.20e-02,2.46e+01,
6515,-8.00e-03,2.46e+01,
6516,-8.00e-03,2.48e+01,
6517,-8.00e-03,2.44e+01,
6518,-1.20e-02,2.46e+01,
6519,-8.00e-03,2.48e+01,
6520,-1.20e-02,2.44e+01,
6521,-8.00e-03,2.46e+01,
6522,-1.20e-02,2.46e+01,
6523,-8.00e-03,2.46e+01,
6524,-8.00e-03,2.46e+01,
6525,-8.00e-03,2.46e+01,
6526,-8.00e-03,2.44e+01,
6527,-8.00e-03,2.46e+01,
6528,-8.00e-03,2.44e+01,
6529,-8.00e-03,2.44e+01,
6530,-1.20e-02,2.44e+01,
6531,-8.00e-03,2.46e+01,
6532,-8.00e-03,2.46e+01,
6533,-8.00e-03,2.44e+01,
6534,-8.00e-03,2.44e+01,
6535,-8.00e-03,2.46e+01,
6536,-8.00e-03,2.44e+01,
6537,-8.00e-03,2.44e+01,
6538,-1.20e-02,2.44e+01,
6539,-8.00e-03,2.44e+01,
6540,-8.00e-03,2.44e+01,
6541,-8.00e-03,2.42e+01,
6542,-8.00e-03,2.44e+01,
6543,-8.00e-03,2.44e+01,
6544,-8.00e-03,2.44e+01,
6545,-8.00e-03,2.44e+01,
6546,-1.20e-02,2.44e+01,
6547,-4.00e-03,2.46e+01,
6548,-8.00e-03,2.44e+01,
6549,-8.00e-03,2.42e+01,
6550,-8.00e-03,2.44e+01,
6551,-4.00e-03,2.46e+01,
6552,-8.00e-03,2.44e+01,
6553,-8.00e-03,2.44e+01,
6554,-1.20e-02,2.44e+01,
6555,-8.00e-03,2.46e+01,
6556,-8.00e-03,2.44e+01,
6557,-8.00e-03,2.44e+01,
6558,-8.00e-03,2.44e+01,
6559,-8.00e-03,2.46e+01,
6560,-8.00e-03,2.44e+01,
6561,-8.00e-03,2.44e+01,
6562,-8.00e-03,2.44e+01,
6563,-8.00e-03,2.46e+01,
6564,-8.00e-03,2.46e+01,
6565,-8.00e-03,2.44e+01,
6566,-8.00e-03,2.46e+01,
6567,-8.00e-03,2.46e+01,
6568,-1.20e-02,2.46e+01,
6569,-8.00e-03,2.44e+01,
6570,-1.20e-02,2.46e+01,
6571,-8.00e-03,2.46e+01,
6572,-8.00e-03,2.46e+01,
6573,-1.20e-02,2.44e+01,
6574,-1.20e-02,2.46e+01,
6575,-8.00e-03,2.46e+01,
6576,-1.20e-02,2.46e+01,
6577,-8.00e-03,2.44e+01,
6578,-8.00e-03,2.46e+01,
6579,-8.00e-03,2.46e+01,
6580,-8.00e-03,2.46e+01,
6581,-8.00e-03,2.44e+01,
6582,-8.00e-03,2.44e+01,
6583,-8.00e-03,2.46e+01,
6584,-8.00e-03,2.44e+01,
6585,-8.00e-03,2.44e+01,
6586,-8.00e-03,2.44e+01,
6587,-8.00e-03,2.46e+01,
6588,-8.00e-03,2.44e+01,
6589,-8.00e-03,2.44e+01,
6590,-8.00e-03,2.44e+01,
6591,-8.00e-03,2.46e+01,
6592,-8.00e-03,2.44e+01,
6593,-8.00e-03,2.42e+01,
6594,-8.00e-03,2.44e+01,
6595,-4.00e-03,2.46e+01,
6596,-8.00e-03,2.44e+01,
6597,-8.00e-03,2.44e+01,
6598,-8.00e-03,2.42e+01,
6599,-8.00e-03,2.44e+01,
6600,-8.00e-03,2.44e+01,
6601,-8.00e-03,2.44e+01,
6602,-1.20e-02,2.44e+01,
6603,-8.00e-03,2.46e+01,
6604,-8.00e-03,2.44e+01,
6605,-8.00e-03,2.44e+01,
6606,-8.00e-03,2.44e+01,
6607,-4.00e-03,2.46e+01,
6608,-8.00e-03,2.44e+01,
6609,-8.00e-03,2.44e+01,
6610,-1.20e-02,2.44e+01,
6611,-8.00e-03,2.46e+01,
6612,-1.20e-02,2.46e+01,
6613,-8.00e-03,2.44e+01,
6614,-8.00e-03,2.44e+01,
6615,-8.00e-03,2.46e+01,
6616,-8.00e-03,2.44e+01,
6617,-8.00e-03,2.44e+01,
6618,-8.00e-03,2.46e+01,
6619,-8.00e-03,2.46e+01,
6620,-8.00e-03,2.46e+01,
6621,-8.00e-03,2.44e+01,
6622,-8.00e-03,2.44e+01,
6623,-8.00e-03,2.46e+01,
6624,-8.00e-03,2.46e+01,
6625,-8.00e-03,2.44e+01,
6626,-1.20e-02,2.44e+01,
6627,-8.00e-03,2.46e+01,
6628,-8.00e-03,2.46e+01,
6629,-8.00e-03,2.44e+01,
6630,-8.00e-03,2.44e+01,
6631,-8.00e-03,2.46e+01,
6632,-8.00e-03,2.46e+01,
6633,-8.00e-03,2.44e+01,
6634,-1.20e-02,2.44e+01,
6635,-8.00e-03,2.46e+01,
6636,-8.00e-03,2.44e+01,
6637,-8.00e-03,2.44e+01,
6638,-1.20e-02,2.44e+01,
6639,-8.00e-03,2.44e+01,
6640,-8.00e-03,2.44e+01,
6641,-8.00e-03,2.44e+01,
6642,-8.00e-03,2.44e+01,
6643,-8.00e-03,2.46e+01,
6644,-8.00e-03,2.44e+01,
6645,-8.00e-03,2.44e+01,
6646,-8.00e-03,2.44e+01,
6647,-8.00e-03,2.46e+01,
6648,-1.20e-02,2.44e+01,
6649,-8.00e-03,2.44e+01,
6650,-8.00e-03,2.42e+01,
6651,-8.00e-03,2.46e+01,
6652,-8.00e-03,2.44e+01,
6653,-8.00e-03,2.44e+01,
6654,-8.00e-03,2.44e+01,
6655,-8.00e-03,2.46e+01,
6656,-8.00e-03,2.44e+01,
6657,-8.00e-03,2.44e+01,
6658,-8.00e-03,2.44e+01,
6659,-8.00e-03,2.46e+01,
6660,-8.00e-03,2.44e+01,
6661,-8.00e-03,2.44e+01,
6662,-8.00e-03,2.44e+01,
6663,-8.00e-03,2.46e+01,
6664,-8.00e-03,2.44e+01,
6665,-8.00e-03,2.44e+01,
6666,-8.00e-03,2.44e+01,
6667,-8.00e-03,2.46e+01,
6668,-8.00e-03,2.46e+01,
6669,-8.00e-03,2.44e+01,
6670,-8.00e-03,2.44e+01,
6671,-8.00e-03,2.46e+01,
6672,-8.00e-03,2.44e+01,
6673,-8.00e-03,2.46e+01,
6674,-8.00e-03,2.44e+01,
6675,-8.00e-03,2.46e+01,
6676,-1.20e-02,2.46e+01,
6677,-8.00e-03,2.44e+01,
6678,-1.20e-02,2.44e+01,
6679,-8.00e-03,2.46e+01,
6680,-8.00e-03,2.46e+01,
6681,-8.00e-03,2.44e+01,
6682,-8.00e-03,2.44e+01,
6683,-8.00e-03,2.46e+01,
6684,-8.00e-03,2.46e+01,
6685,-8.00e-03,2.44e+01,
6686,-8.00e-03,2.44e+01,
6687,-4.00e-03,2.46e+01,
6688,-8.00e-03,2.44e+01,
6689,-8.00e-03,2.44e+01,
6690,-8.00e-03,2.44e+01,
6691,-8.00e-03,2.46e+01,
6692,-8.00e-03,2.44e+01,
6693,-8.00e-03,2.44e+01,
6694,-8.00e-03,2.44e+01,
6695,-8.00e-03,2.46e+01,
6696,-8.00e-03,2.46e+01,
6697,-8.00e-03,2.44e+01,
6698,-8.00e-03,2.44e+01,
6699,-8.00e-03,2.46e+01,
6700,-8.00e-03,2.44e+01,
6701,-8.00e-03,2.42e+01,
6702,-8.00e-03,2.44e+01,
6703,-4.00e-03,2.46e+01,
6704,-8.00e-03,2.44e+01,
6705,-8.00e-03,2.44e+01,
6706,-8.00e-03,2.44e+01,
6707,-8.00e-03,2.46e+01,
6708,-8.00e-03,2.46e+01,
6709,-8.00e-03,2.44e+01,
6710,-8.00e-03,2.44e+01,
6711,-8.00e-03,2.46e+01,
6712,-8.00e-03,2.44e+01,
6713,-8.00e-03,2.44e+01,
6714,-8.00e-03,2.44e+01,
6715,-8.00e-03,2.46e+01,
6716,-8.00e-03,2.44e+01,
6717,-8.00e-03,2.44e+01,
6718,-8.00e-03,2.44e+01,
6719,-8.00e-03,2.46e+01,
6720,-8.00e-03,2.44e+01,
6721,-8.00e-03,2.44e+01,
6722,-1.20e-02,2.44e+01,
6723,-8.00e-03,2.46e+01,
6724,-8.00e-03,2.46e+01,
6725,-8.00e-03,2.44e+01,
6726,-8.00e-03,2.44e+01,
6727,-8.00e-03,2.46e+01,
6728,-8.00e-03,2.46e+01,
6729,-1.20e-02,2.44e+01,
6730,-8.00e-03,2.44e+01,
6731,-8.00e-03,2.46e+01,
6732,-1.20e-02,2.46e+01,
6733,-8.00e-03,2.44e+01,
6734,-1.20e-02,2.44e+01,
6735,-8.00e-03,2.46e+01,
6736,-8.00e-03,2.44e+01,
6737,-8.00e-03,2.44e+01,
6738,-1.20e-02,2.44e+01,
6739,-8.00e-03,2.46e+01,
6740,-8.00e-03,2.44e+01,
6741,-8.00e-03,2.44e+01,
6742,-1.20e-02,2.44e+01,
6743,-8.00e-03,2.46e+01,
6744,-8.00e-03,2.44e+01,
6745,-8.00e-03,2.44e+01,
6746,-8.00e-03,2.44e+01,
6747,-8.00e-03,2.46e+01,
6748,-1.20e-02,2.44e+01,
6749,-8.00e-03,2.44e+01,
6750,-8.00e-03,2.44e+01,
6751,-8.00e-03,2.46e+01,
6752,-8.00e-03,2.44e+01,
6753,-8.00e-03,2.44e+01,
6754,-8.00e-03,2.44e+01,
6755,-8.00e-03,2.44e+01,
6756,-1.20e-02,2.44e+01,
6757,-8.00e-03,2.44e+01,
6758,-8.00e-03,2.44e+01,
6759,-8.00e-03,2.46e+01,
6760,-8.00e-03,2.44e+01,
6761,-8.00e-03,2.44e+01,
6762,-8.00e-03,2.44e+01,
6763,-8.00e-03,2.46e+01,
6764,-8.00e-03,2.44e+01,
6765,-4.00e-03,2.44e+01,
6766,-8.00e-03,2.44e+01,
6767,-8.00e-03,2.46e+01,
6768,-8.00e-03,2.44e+01,
6769,-8.00e-03,2.44e+01,
6770,-8.00e-03,2.44e+01,
6771,-8.00e-03,2.46e+01,
6772,-1.20e-02,2.46e+01,
6773,-8.00e-03,2.46e+01,
6774,-8.00e-03,2.44e+01,
6775,-8.00e-03,2.48e+01,
6776,-8.00e-03,2.46e+01,
6777,-8.00e-03,2.44e+01,
6778,-1.20e-02,2.44e+01,
6779,-8.00e-03,2.46e+01,
6780,-8.00e-03,2.44e+01,
6781,-8.00e-03,2.44e+01,
6782,-8.00e-03,2.44e+01,
6783,-8.00e-03,2.46e+01,
6784,-8.00e-03,2.44e+01,
6785,-8.00e-03,2.44e+01,
6786,-1.20e-02,2.46e+01,
6787,-8.00e-03,2.46e+01,
6788,-8.00e-03,2.44e+01,
6789,-8.00e-03,2.46e+01,
6790,-8.00e-03,2.44e+01,
6791,-8.00e-03,2.46e+01,
6792,-8.00e-03,2.44e+01,
6793,-8.00e-03,2.44e+01,
6794,-8.00e-03,2.44e+01,
6795,-8.00e-03,2.46e+01,
6796,-8.00e-03,2.44e+01,
6797,-8.00e-03,2.44e+01,
6798,-1.20e-02,2.44e+01,
6799,-8.00e-03,2.46e+01,
6800,-8.00e-03,2.44e+01,
6801,-8.00e-03,2.44e+01,
6802,-8.00e-03,2.44e+01,
6803,-8.00e-03,2.46e+01,
6804,-8.00e-03,2.44e+01,
6805,-8.00e-03,2.44e+01,
6806,-8.00e-03,2.44e+01,
6807,-8.00e-03,2.46e+01,
6808,-8.00e-03,2.44e+01,
6809,-8.00e-03,2.44e+01,
6810,-8.00e-03,2.44e+01,
6811,-8.00e-03,2.46e+01,
6812,-8.00e-03,2.44e+01,
6813,-8.00e-03,2.44e+01,
6814,-8.00e-03,2.44e+01,
6815,-8.00e-03,2.46e+01,
6816,-8.00e-03,2.44e+01,
6817,-8.00e-03,2.44e+01,
6818,-1.20e-02,2.44e+01,
6819,-4.00e-03,2.46e+01,
6820,-1.20e-02,2.44e+01,
6821,-8.00e-03,2.44e+01,
6822,-8.00e-03,2.44e+01,
6823,-8.00e-03,2.46e+01,
6824,-8.00e-03,2.44e+01,
6825,-8.00e-03,2.44e+01,
6826,-1.20e-02,2.44e+01,
6827,-8.00e-03,2.46e+01,
6828,-8.00e-03,2.44e+01,
6829,-8.00e-03,2.44e+01,
6830,-8.00e-03,2.44e+01,
6831,-8.00e-03,2.46e+01,
6832,-8.00e-03,2.44e+01,
6833,-8.00e-03,2.44e+01,
6834,-8.00e-03,2.46e+01,
6835,-4.00e-03,2.46e+01,
6836,-8.00e-03,2.44e+01,
6837,-8.00e-03,2.44e+01,
6838,-8.00e-03,2.44e+01,
6839,-8.00e-03,2.46e+01,
6840,-8.00e-03,2.44e+01,
6841,-8.00e-03,2.44e+01,
6842,-1.20e-02,2.44e+01,
6843,-4.00e-03,2.46e+01,
6844,-8.00e-03,2.46e+01,
6845,-8.00e-03,2.44e+01,
6846,-8.00e-03,2.44e+01,
6847,-8.00e-03,2.46e+01,
6848,-8.00e-03,2.44e+01,
6849,-8.00e-03,2.44e+01,
6850,-8.00e-03,2.44e+01,
6851,-8.00e-03,2.46e+01,
6852,-8.00e-03,2.46e+01,
6853,-8.00e-03,2.44e+01,
6854,-8.00e-03,2.44e+01,
6855,-8.00e-03,2.46e+01,
6856,-8.00e-03,2.44e+01,
6857,-8.00e-03,2.44e+01,
6858,-1.20e-02,2.44e+01,
6859,-8.00e-03,2.44e+01,
6860,-8.00e-03,2.44e+01,
6861,-1.20e-02,2.44e+01,
6862,-8.00e-03,2.44e+01,
6863,-8.00e-03,2.46e+01,
6864,-8.00e-03,2.44e+01,
6865,-8.00e-03,2.44e+01,
6866,-1.20e-02,2.44e+01,
6867,-4.00e-03,2.46e+01,
6868,-8.00e-03,2.44e+01,
6869,-8.00e-03,2.44e+01,
6870,-8.00e-03,2.44e+01,
6871,-8.00e-03,2.46e+01,
6872,-8.00e-03,2.44e+01,
6873,-8.00e-03,2.44e+01,
6874,-1.20e-02,2.44e+01,
6875,-8.00e-03,2.46e+01,
6876,-8.00e-03,2.44e+01,
6877,-8.00e-03,2.44e+01,
6878,-8.00e-03,2.44e+01,
6879,-8.00e-03,2.46e+01,
6880,-8.00e-03,2.44e+01,
6881,-8.00e-03,2.44e+01,
6882,-1.20e-02,2.46e+01,
6883,-4.00e-03,2.46e+01,
6884,-8.00e-03,2.44e+01,
6885,-8.00e-03,2.44e+01,
6886,-8.00e-03,2.44e+01,
6887,-8.00e-03,2.46e+01,
6888,-8.00e-03,2.44e+01,
6889,-8.00e-03,2.44e+01,
6890,-1.20e-02,2.44e+01,
6891,-8.00e-03,2.46e+01,
6892,-8.00e-03,2.44e+01,
6893,-8.00e-03,2.44e+01,
6894,-8.00e-03,2.44e+01,
6895,-8.00e-03,2.46e+01,
6896,-8.00e-03,2.44e+01,
6897,-8.00e-03,2.44e+01,
6898,-1.20e-02,2.44e+01,
6899,-4.00e-03,2.46e+01,
6900,-8.00e-03,2.44e+01,
6901,-8.00e-03,2.44e+01,
6902,-8.00e-03,2.44e+01,
6903,-8.00e-03,2.46e+01,
6904,-8.00e-03,2.44e+01,
6905,-8.00e-03,2.44e+01,
6906,-1.20e-02,2.44e+01,
6907,-4.00e-03,2.46e+01,
6908,-8.00e-03,2.44e+01,
6909,-8.00e-03,2.44e+01,
6910,-8.00e-03,2.44e+01,
6911,-8.00e-03,2.46e+01,
6912,-8.00e-03,2.44e+01,
6913,-8.00e-03,2.44e+01,
6914,-1.20e-02,2.44e+01,
6915,-8.00e-03,2.46e+01,
6916,-8.00e-03,2.46e+01,
6917,-8.00e-03,2.44e+01,
6918,-8.00e-03,2.44e+01,
6919,-8.00e-03,2.46e+01,
6920,-8.00e-03,2.44e+01,
6921,-8.00e-03,2.44e+01,
6922,-8.00e-03,2.44e+01,
6923,-8.00e-03,2.46e+01,
6924,-8.00e-03,2.44e+01,
6925,-1.20e-02,2.44e+01,
6926,-8.00e-03,2.44e+01,
6927,-8.00e-03,2.44e+01,
6928,-8.00e-03,2.44e+01,
6929,-8.00e-03,2.44e+01,
6930,-8.00e-03,2.44e+01,
6931,-4.00e-03,2.46e+01,
6932,-8.00e-03,2.44e+01,
6933,-8.00e-03,2.44e+01,
6934,-8.00e-03,2.44e+01,
6935,-8.00e-03,2.46e+01,
6936,-8.00e-03,2.44e+01,
6937,-8.00e-03,2.44e+01,
6938,-1.20e-02,2.44e+01,
6939,-8.00e-03,2.46e+01,
6940,-8.00e-03,2.46e+01,
6941,-8.00e-03,2.44e+01,
6942,-8.00e-03,2.44e+01,
6943,-8.00e-03,2.46e+01,
6944,-8.00e-03,2.44e+01,
6945,-8.00e-03,2.44e+01,
6946,-8.00e-03,2.44e+01,
6947,-8.00e-03,2.46e+01,
6948,-8.00e-03,2.44e+01,
6949,-8.00e-03,2.44e+01,
6950,-8.00e-03,2.44e+01,
6951,-8.00e-03,2.46e+01,
6952,-8.00e-03,2.44e+01,
6953,-8.00e-03,2.44e+01,
6954,-1.20e-02,2.44e+01,
6955,-8.00e-03,2.44e+01,
6956,-8.00e-03,2.44e+01,
6957,-8.00e-03,2.44e+01,
6958,-8.00e-03,2.44e+01,
6959,-8.00e-03,2.46e+01,
6960,-8.00e-03,2.44e+01,
6961,-8.00e-03,2.44e+01,
6962,-1.20e-02,2.44e+01,
6963,-8.00e-03,2.46e+01,
6964,-8.00e-03,2.44e+01,
6965,-8.00e-03,2.44e+01,
6966,-8.00e-03,2.44e+01,
6967,-8.00e-03,2.46e+01,
6968,-8.00e-03,2.44e+01,
6969,-8.00e-03,2.44e+01,
6970,-8.00e-03,2.44e+01,
6971,-8.00e-03,2.46e+01,
6972,-8.00e-03,2.44e+01,
6973,-8.00e-03,2.44e+01,
6974,-8.00e-03,2.44e+01,
6975,-8.00e-03,2.46e+01,
6976,-8.00e-03,2.44e+01,
6977,-8.00e-03,2.44e+01,
6978,-1.20e-02,2.44e+01,
6979,-8.00e-03,2.46e+01,
6980,-8.00e-03,2.44e+01,
6981,-8.00e-03,2.44e+01,
6982,-8.00e-03,2.44e+01,
6983,-8.00e-03,2.46e+01,
6984,-8.00e-03,2.44e+01,
6985,-8.00e-03,2.44e+01,
6986,-1.20e-02,2.46e+01,
6987,-8.00e-03,2.46e+01,
6988,-8.00e-03,2.44e+01,
6989,-8.00e-03,2.44e+01,
6990,-8.00e-03,2.44e+01,
6991,-8.00e-03,2.46e+01,
6992,-8.00e-03,2.44e+01,
6993,-8.00e-03,2.42e+01,
6994,-1.20e-02,2.44e+01,
6995,-8.00e-03,2.46e+01,
6996,-8.00e-03,2.44e+01,
6997,-8.00e-03,2.44e+01,
6998,-8.00e-03,2.44e+01,
6999,-8.00e-03,2.46e+01,
7000,-8.00e-03,2.44e+01,
7001,-8.00e-03,2.44e+01,
7002,-8.00e-03,2.44e+01,
7003,-8.00e-03,2.46e+01,
7004,-8.00e-03,2.44e+01,
7005,-8.00e-03,2.44e+01,
7006,-1.20e-02,2.44e+01,
7007,-8.00e-03,2.46e+01,
7008,-8.00e-03,2.44e+01,
7009,-8.00e-03,2.44e+01,
7010,-8.00e-03,2.44e+01,
7011,-4.00e-03,2.46e+01,
7012,-8.00e-03,2.44e+01,
7013,-8.00e-03,2.44e+01,
7014,-8.00e-03,2.44e+01,
7015,-8.00e-03,2.46e+01,
7016,-8.00e-03,2.44e+01,
7017,-8.00e-03,2.44e+01,
7018,-1.20e-02,2.44e+01,
7019,-8.00e-03,2.46e+01,
7020,-8.00e-03,2.46e+01,
7021,-8.00e-03,2.42e+01,
7022,-8.00e-03,2.44e+01,
7023,-8.00e-03,2.46e+01,
7024,-8.00e-03,2.44e+01,
7025,-8.00e-03,2.44e+01,
7026,-1.20e-02,2.44e+01,
7027,-8.00e-03,2.46e+01,
7028,-8.00e-03,2.46e+01,
7029,-8.00e-03,2.44e+01,
7030,-8.00e-03,2.44e+01,
7031,-8.00e-03,2.44e+01,
7032,-8.00e-03,2.44e+01,
7033,-8.00e-03,2.44e+01,
7034,-1.20e-02,2.42e+01,
7035,-8.00e-03,2.46e+01,
7036,-8.00e-03,2.44e+01,
7037,-8.00e-03,2.44e+01,
7038,-8.00e-03,2.44e+01,
7039,-8.00e-03,2.46e+01,
7040,-8.00e-03,2.44e+01,
7041,-8.00e-03,2.44e+01,
7042,-1.20e-02,2.44e+01,
7043,-8.00e-03,2.44e+01,
7044,-8.00e-03,2.44e+01,
7045,-8.00e-03,2.44e+01,
7046,-8.00e-03,2.44e+01,
7047,-8.00e-03,2.46e+01,
7048,-8.00e-03,2.44e+01,
7049,-8.00e-03,2.44e+01,
7050,-1.20e-02,2.44e+01,
7051,-8.00e-03,2.46e+01,
7052,-8.00e-03,2.44e+01,
7053,-1.20e-02,2.44e+01,
7054,-8.00e-03,2.44e+01,
7055,-8.00e-03,2.46e+01,
7056,-8.00e-03,2.44e+01,
7057,-8.00e-03,2.44e+01,
7058,-1.20e-02,2.44e+01,
7059,-4.00e-03,2.44e+01,
7060,-8.00e-03,2.44e+01,
7061,-8.00e-03,2.44e+01,
7062,-8.00e-03,2.44e+01,
7063,-8.00e-03,2.46e+01,
7064,-8.00e-03,2.44e+01,
7065,-8.00e-03,2.44e+01,
7066,-1.20e-02,2.44e+01,
7067,-8.00e-03,2.46e+01,
7068,-8.00e-03,2.44e+01,
7069,-8.00e-03,2.44e+01,
7070,-8.00e-03,2.44e+01,
7071,-8.00e-03,2.46e+01,
7072,-8.00e-03,2.44e+01,
7073,-8.00e-03,2.44e+01,
7074,-1.20e-02,2.44e+01,
7075,-8.00e-03,2.46e+01,
7076,-8.00e-03,2.44e+01,
7077,-8.00e-03,2.44e+01,
7078,-8.00e-03,2.44e+01,
7079,-8.00e-03,2.46e+01,
7080,-8.00e-03,2.44e+01,
7081,-8.00e-03,2.44e+01,
7082,-8.00e-03,2.42e+01,
7083,-8.00e-03,2.46e+01,
7084,-8.00e-03,2.44e+01,
7085,-8.00e-03,2.44e+01,
7086,-1.20e-02,2.44e+01,
7087,-8.00e-03,2.46e+01,
7088,-8.00e-03,2.44e+01,
7089,-8.00e-03,2.44e+01,
7090,-8.00e-03,2.44e+01,
7091,-8.00e-03,2.46e+01,
7092,-8.00e-03,2.44e+01,
7093,-8.00e-03,2.44e+01,
7094,-8.00e-03,2.44e+01,
7095,-8.00e-03,2.46e+01,
7096,-8.00e-03,2.44e+01,
7097,-8.00e-03,2.44e+01,
7098,-1.20e-02,2.44e+01,
7099,-8.00e-03,2.46e+01,
7100,-8.00e-03,2.44e+01,
7101,-8.00e-03,2.44e+01,
7102,-8.00e-03,2.44e+01,
7103,-8.00e-03,2.46e+01,
7104,-8.00e-03,2.44e+01,
7105,-8.00e-03,2.44e+01,
7106,-8.00e-03,2.44e+01,
7107,-8.00e-03,2.44e+01,
7108,-8.00e-03,2.44e+01,
7109,-8.00e-03,2.42e+01,
7110,-8.00e-03,2.44e+01,
7111,-8.00e-03,2.46e+01,
7112,-8.00e-03,2.44e+01,
7113,-8.00e-03,2.44e+01,
7114,-8.00e-03,2.44e+01,
7115,-8.00e-03,2.44e+01,
7116,-8.00e-03,2.46e+01,
7117,-8.00e-03,2.44e+01,
7118,-8.00e-03,2.44e+01,
7119,-8.00e-03,2.46e+01,
7120,-8.00e-03,2.44e+01,
7121,-8.00e-03,2.44e+01,
7122,-1.20e-02,2.44e+01,
7123,-8.00e-03,2.46e+01,
7124,-8.00e-03,2.44e+01,
7125,-8.00e-03,2.44e+01,
7126,-1.20e-02,2.44e+01,
7127,-8.00e-03,2.46e+01,
7128,-8.00e-03,2.44e+01,
7129,-8.00e-03,2.44e+01,
7130,-8.00e-03,2.44e+01,
7131,-8.00e-03,2.46e+01,
7132,-8.00e-03,2.44e+01,
7133,-8.00e-03,2.44e+01,
7134,-8.00e-03,2.44e+01,
7135,-8.00e-03,2.44e+01,
7136,-8.00e-03,2.44e+01,
7137,-8.00e-03,2.42e+01,
7138,-8.00e-03,2.44e+01,
7139,-4.00e-03,2.44e+01,
7140,-8.00e-03,2.44e+01,
7141,-8.00e-03,2.44e+01,
7142,-8.00e-03,2.44e+01,
7143,-8.00e-03,2.46e+01,
7144,-8.00e-03,2.44e+01,
7145,-8.00e-03,2.44e+01,
7146,-1.20e-02,2.44e+01,
7147,-8.00e-03,2.44e+01,
7148,-8.00e-03,2.44e+01,
7149,-8.00e-03,2.44e+01,
7150,-1.20e-02,2.44e+01,
7151,-8.00e-03,2.46e+01,
7152,-8.00e-03,2.44e+01,
7153,-8.00e-03,2.42e+01,
7154,-8.00e-03,2.44e+01,
7155,-4.00e-03,2.44e+01,
7156,-8.00e-03,2.44e+01,
7157,-8.00e-03,2.44e+01,
7158,-8.00e-03,2.44e+01,
7159,-8.00e-03,2.46e+01,
7160,-1.20e-02,2.44e+01,
7161,-8.00e-03,2.44e+01,
7162,-8.00e-03,2.44e+01,
7163,-8.00e-03,2.44e+01,
7164,-8.00e-03,2.44e+01,
7165,-8.00e-03,2.44e+01,
7166,-8.00e-03,2.44e+01,
7167,-8.00e-03,2.46e+01,
7168,-8.00e-03,2.44e+01,
7169,-8.00e-03,2.44e+01,
7170,-8.00e-03,2.44e+01,
7171,-8.00e-03,2.46e+01,
7172,-8.00e-03,2.44e+01,
7173,-8.00e-03,2.42e+01,
7174,-8.00e-03,2.42e+01,
7175,-8.00e-03,2.46e+01,
7176,-8.00e-03,2.44e+01,
7177,-8.00e-03,2.44e+01,
7178,-8.00e-03,2.44e+01,
7179,-8.00e-03,2.46e+01,
7180,-4.00e-03,2.44e+01,
7181,-8.00e-03,2.44e+01,
7182,-8.00e-03,2.44e+01,
7183,-8.00e-03,2.46e+01,
7184,-8.00e-03,2.44e+01,
7185,-8.00e-03,2.44e+01,
7186,-1.20e-02,2.44e+01,
7187,-8.00e-03,2.46e+01,
7188,-8.00e-03,2.44e+01,
7189,-8.00e-03,2.44e+01,
7190,-8.00e-03,2.44e+01,
7191,-8.00e-03,2.46e+01,
7192,-8.00e-03,2.44e+01,
7193,-8.00e-03,2.44e+01,
7194,-8.00e-03,2.44e+01,
7195,-8.00e-03,2.44e+01,
7196,-8.00e-03,2.44e+01,
7197,-8.00e-03,2.44e+01,
7198,-1.20e-02,2.44e+01,
7199,-8.00e-03,2.46e+01,
7200,-8.00e-03,2.44e+01,
7201,-8.00e-03,2.44e+01,
7202,-8.00e-03,2.44e+01,
7203,-8.00e-03,2.46e+01,
7204,-8.00e-03,2.44e+01,
7205,-8.00e-03,2.44e+01,
7206,-8.00e-03,2.44e+01,
7207,-8.00e-03,2.46e+01,
7208,-1.20e-02,2.44e+01,
7209,-8.00e-03,2.44e+01,
7210,-8.00e-03,2.44e+01,
7211,-8.00e-03,2.46e+01,
7212,-8.00e-03,2.44e+01,
7213,-8.00e-03,2.44e+01,
7214,-8.00e-03,2.44e+01,
7215,-8.00e-03,2.46e+01,
7216,-8.00e-03,2.44e+01,
7217,-8.00e-03,2.42e+01,
7218,-1.20e-02,2.44e+01,
7219,-8.00e-03,2.46e+01,
7220,-8.00e-03,2.44e+01,
7221,-8.00e-03,2.42e+01,
7222,-8.00e-03,2.44e+01,
7223,-8.00e-03,2.46e+01,
7224,-8.00e-03,2.44e+01,
7225,-8.00e-03,2.42e+01,
7226,-8.00e-03,2.44e+01,
7227,-8.00e-03,2.44e+01,
7228,-8.00e-03,2.44e+01,
7229,-8.00e-03,2.44e+01,
7230,-8.00e-03,2.44e+01,
7231,-8.00e-03,2.46e+01,
7232,-8.00e-03,2.44e+01,
7233,-8.00e-03,2.44e+01,
7234,-8.00e-03,2.44e+01,
7235,-8.00e-03,2.46e+01,
7236,-8.00e-03,2.44e+01,
7237,-8.00e-03,2.44e+01,
7238,-1.20e-02,2.44e+01,
7239,-8.00e-03,2.46e+01,
7240,-8.00e-03,2.44e+01,
7241,-8.00e-03,2.42e+01,
7242,-1.20e-02,2.44e+01,
7243,-8.00e-03,2.46e+01,
7244,-8.00e-03,2.44e+01,
7245,-8.00e-03,2.44e+01,
7246,-8.00e-03,2.42e+01,
7247,-4.00e-03,2.46e+01,
7248,-8.00e-03,2.44e+01,
7249,-8.00e-03,2.44e+01,
7250,-8.00e-03,2.44e+01,
7251,-8.00e-03,2.46e+01,
7252,-8.00e-03,2.44e+01,
7253,-8.00e-03,2.44e+01,
7254,-8.00e-03,2.44e+01,
7255,-8.00e-03,2.46e+01,
7256,-8.00e-03,2.44e+01,
7257,-8.00e-03,2.44e+01,
7258,-8.00e-03,2.44e+01,
7259,-8.00e-03,2.44e+01,
7260,-8.00e-03,2.44e+01,
7261,-8.00e-03,2.42e+01,
7262,-1.20e-02,2.44e+01,
7263,-8.00e-03,2.46e+01,
7264,-8.00e-03,2.46e+01,
7265,-8.00e-03,2.44e+01,
7266,-1.20e-02,2.44e+01,
7267,-8.00e-03,2.44e+01,
7268,-8.00e-03,2.44e+01,
7269,-8.00e-03,2.44e+01,
7270,-8.00e-03,2.44e+01,
7271,-8.00e-03,2.46e+01,
7272,-8.00e-03,2.44e+01,
7273,-8.00e-03,2.44e+01,
7274,-8.00e-03,2.44e+01,
7275,-8.00e-03,2.44e+01,
7276,-8.00e-03,2.44e+01,
7277,-8.00e-03,2.44e+01,
7278,-8.00e-03,2.44e+01,
7279,-8.00e-03,2.46e+01,
7280,-8.00e-03,2.44e+01,
7281,-8.00e-03,2.44e+01,
7282,-1.20e-02,2.44e+01,
7283,-8.00e-03,2.46e+01,
7284,-8.00e-03,2.44e+01,
7285,-8.00e-03,2.44e+01,
7286,-8.00e-03,2.44e+01,
7287,-8.00e-03,2.44e+01,
7288,-8.00e-03,2.44e+01,
7289,-8.00e-03,2.44e+01,
7290,-8.00e-03,2.44e+01,
7291,-8.00e-03,2.44e+01,
7292,-8.00e-03,2.44e+01,
7293,-8.00e-03,2.44e+01,
7294,-8.00e-03,2.42e+01,
7295,-8.00e-03,2.46e+01,
7296,-1.20e-02,2.44e+01,
7297,-8.00e-03,2.44e+01,
7298,-8.00e-03,2.44e+01,
7299,-8.00e-03,2.46e+01,
7300,-8.00e-03,2.44e+01,
7301,-8.00e-03,2.42e+01,
7302,-8.00e-03,2.42e+01,
7303,-8.00e-03,2.44e+01,
7304,-8.00e-03,2.44e+01,
7305,-8.00e-03,2.42e+01,
7306,-1.20e-02,2.44e+01,
7307,-8.00e-03,2.46e+01,
7308,-1.20e-02,2.44e+01,
7309,-8.00e-03,2.44e+01,
7310,-8.00e-03,2.42e+01,
7311,-8.00e-03,2.44e+01,
7312,-8.00e-03,2.44e+01,
7313,-8.00e-03,2.42e+01,
7314,-8.00e-03,2.44e+01,
7315,-8.00e-03,2.44e+01,
7316,-8.00e-03,2.44e+01,
7317,-8.00e-03,2.42e+01,
7318,-8.00e-03,2.44e+01,
7319,-8.00e-03,2.44e+01,
7320,-8.00e-03,2.42e+01,
7321,-8.00e-03,2.44e+01,
7322,-8.00e-03,2.42e+01,
7323,-8.00e-03,2.46e+01,
7324,-8.00e-03,2.44e+01,
7325,-8.00e-03,2.44e+01,
7326,-8.00e-03,2.44e+01,
7327,-8.00e-03,2.44e+01,
7328,-8.00e-03,2.42e+01,
7329,-8.00e-03,2.44e+01,
7330,-8.00e-03,2.44e+01,
7331,-8.00e-03,2.46e+01,
7332,-8.00e-03,2.44e+01,
7333,-8.00e-03,2.44e+01,
7334,-8.00e-03,2.44e+01,
7335,-8.00e-03,2.46e+01,
7336,-8.00e-03,2.44e+01,
7337,-8.00e-03,2.44e+01,
7338,-1.20e-02,2.44e+01,
7339,-8.00e-03,2.44e+01,
7340,-8.00e-03,2.44e+01,
7341,-8.00e-03,2.44e+01,
7342,-8.00e-03,2.44e+01,
7343,-8.00e-03,2.46e+01,
7344,-8.00e-03,2.44e+01,
7345,-8.00e-03,2.42e+01,
7346,-1.20e-02,2.44e+01,
7347,-8.00e-03,2.46e+01,
7348,-8.00e-03,2.44e+01,
7349,-8.00e-03,2.44e+01,
7350,-8.00e-03,2.44e+01,
7351,-8.00e-03,2.46e+01,
7352,-8.00e-03,2.44e+01,
7353,-8.00e-03,2.42e+01,
7354,-8.00e-03,2.44e+01,
7355,-8.00e-03,2.46e+01,
7356,-8.00e-03,2.44e+01,
7357,-8.00e-03,2.42e+01,
7358,-8.00e-03,2.42e+01,
7359,-8.00e-03,2.46e+01,
7360,-8.00e-03,2.44e+01,
7361,-8.00e-03,2.42e+01,
7362,-1.20e-02,2.44e+01,
7363,-8.00e-03,2.46e+01,
7364,-8.00e-03,2.44e+01,
7365,-8.00e-03,2.44e+01,
7366,-1.20e-02,2.44e+01,
7367,-4.00e-03,2.46e+01,
7368,-8.00e-03,2.44e+01,
7369,-8.00e-03,2.44e+01,
7370,-8.00e-03,2.44e+01,
7371,-8.00e-03,2.44e+01,
7372,-8.00e-03,2.44e+01,
7373,-8.00e-03,2.44e+01,
7374,-8.00e-03,2.44e+01,
7375,-8.00e-03,2.44e+01,
7376,-8.00e-03,2.44e+01,
7377,-8.00e-03,2.44e+01,
7378,-8.00e-03,2.44e+01,
7379,-8.00e-03,2.46e+01,
7380,-8.00e-03,2.44e+01,
7381,-8.00e-03,2.44e+01,
7382,-8.00e-03,2.44e+01,
7383,-4.00e-03,2.46e+01,
7384,-8.00e-03,2.44e+01,
7385,-8.00e-03,2.44e+01,
7386,-8.00e-03,2.44e+01,
7387,-8.00e-03,2.46e+01,
7388,-8.00e-03,2.44e+01,
7389,-8.00e-03,2.44e+01,
7390,-8.00e-03,2.44e+01,
7391,-8.00e-03,2.46e+01,
7392,-8.00e-03,2.44e+01,
7393,-8.00e-03,2.44e+01,
7394,-8.00e-03,2.44e+01,
7395,-8.00e-03,2.46e+01,
7396,-1.20e-02,2.42e+01,
7397,-8.00e-03,2.42e+01,
7398,-8.00e-03,2.42e+01,
7399,-8.00e-03,2.46e+01,
7400,-8.00e-03,2.44e+01,
7401,-8.00e-03,2.42e+01,
7402,-8.00e-03,2.44e+01,
7403,-8.00e-03,2.46e+01,
7404,-8.00e-03,2.44e+01,
7405,-8.00e-03,2.44e+01,
7406,-1.20e-02,2.42e+01,
7407,-8.00e-03,2.46e+01,
7408,-8.00e-03,2.44e+01,
7409,-8.00e-03,2.42e+01,
7410,-8.00e-03,2.44e+01,
7411,-8.00e-03,2.44e+01,
7412,-8.00e-03,2.44e+01,
7413,-8.00e-03,2.44e+01,
7414,-8.00e-03,2.42e+01,
7415,-8.00e-03,2.46e+01,
7416,-8.00e-03,2.44e+01,
7417,-8.00e-03,2.44e+01,
7418,-8.00e-03,2.44e+01,
7419,-8.00e-03,2.46e+01,
7420,-8.00e-03,2.44e+01,
7421,-8.00e-03,2.44e+01,
7422,-1.20e-02,2.42e+01,
7423,-8.00e-03,2.46e+01,
7424,-8.00e-03,2.44e+01,
7425,-8.00e-03,2.44e+01,
7426,-8.00e-03,2.44e+01,
7427,-4.00e-03,2.46e+01,
7428,-8.00e-03,2.42e+01,
7429,-8.00e-03,2.44e+01,
7430,-8.00e-03,2.44e+01,
7431,-8.00e-03,2.44e+01,
7432,-8.00e-03,2.44e+01,
7433,-8.00e-03,2.42e+01,
7434,-8.00e-03,2.44e+01,
7435,-8.00e-03,2.46e+01,
7436,-8.00e-03,2.44e+01,
7437,-8.00e-03,2.44e+01,
7438,-8.00e-03,2.44e+01,
7439,-8.00e-03,2.44e+01,
7440,-8.00e-03,2.42e+01,
7441,-8.00e-03,2.44e+01,
7442,-1.20e-02,2.42e+01,
7443,-4.00e-03,2.44e+01,
7444,-8.00e-03,2.44e+01,
7445,-8.00e-03,2.44e+01,
7446,-8.00e-03,2.42e+01,
7447,-8.00e-03,2.44e+01,
7448,-8.00e-03,2.44e+01,
7449,-8.00e-03,2.44e+01,
7450,-8.00e-03,2.44e+01,
7451,-8.00e-03,2.46e+01,
7452,-1.20e-02,2.44e+01,
7453,-8.00e-03,2.42e+01,
7454,-8.00e-03,2.42e+01,
7455,-8.00e-03,2.46e+01,
7456,-8.00e-03,2.44e+01,
7457,-8.00e-03,2.44e+01,
7458,-8.00e-03,2.44e+01,
7459,-8.00e-03,2.46e+01,
7460,-1.20e-02,2.44e+01,
7461,-8.00e-03,2.42e+01,
7462,-8.00e-03,2.44e+01,
7463,-8.00e-03,2.44e+01,
7464,-8.00e-03,2.44e+01,
7465,-8.00e-03,2.42e+01,
7466,-8.00e-03,2.44e+01,
7467,-4.00e-03,2.46e+01,
7468,-8.00e-03,2.44e+01,
7469,-1.20e-02,2.42e+01,
7470,-8.00e-03,2.44e+01,
7471,-8.00e-03,2.46e+01,
7472,-8.00e-03,2.44e+01,
7473,-8.00e-03,2.44e+01,
7474,-8.00e-03,2.44e+01,
7475,-8.00e-03,2.44e+01,
7476,-8.00e-03,2.44e+01,
7477,-8.00e-03,2.42e+01,
7478,-8.00e-03,2.44e+01,
7479,-8.00e-03,2.44e+01,
7480,-8.00e-03,2.44e+01,
7481,-8.00e-03,2.44e+01,
7482,-8.00e-03,2.44e+01,
7483,-8.00e-03,2.46e+01,
7484,-8.00e-03,2.44e+01,
7485,-8.00e-03,2.42e+01,
7486,-1.20e-02,2.42e+01,
7487,-8.00e-03,2.44e+01,
7488,-8.00e-03,2.44e+01,
7489,-8.00e-03,2.42e+01,
7490,-1.20e-02,2.44e+01,
7491,-8.00e-03,2.44e+01,
7492,-8.00e-03,2.44e+01,
7493,-8.00e-03,2.44e+01,
7494,-8.00e-03,2.42e+01,
7495,-8.00e-03,2.46e+01,
7496,-8.00e-03,2.44e+01,
7497,-8.00e-03,2.42e+01,
7498,-8.00e-03,2.44e+01,
7499,-8.00e-03,2.44e+01,
7500,-8.00e-03,2.44e+01,
7501,-8.00e-03,2.42e+01,
7502,-8.00e-03,2.44e+01,
7503,-8.00e-03,2.44e+01,
7504,-8.00e-03,2.44e+01,
7505,-8.00e-03,2.44e+01,
7506,-1.20e-02,2.44e+01,
7507,-4.00e-03,2.44e+01,
7508,-8.00e-03,2.44e+01,
7509,-8.00e-03,2.44e+01,
7510,-8.00e-03,2.44e+01,
7511,-8.00e-03,2.46e+01,
7512,-8.00e-03,2.42e+01,
7513,-8.00e-03,2.44e+01,
7514,-1.20e-02,2.44e+01,
7515,-8.00e-03,2.44e+01,
7516,-1.20e-02,2.44e+01,
7517,-8.00e-03,2.42e+01,
7518,-8.00e-03,2.42e+01,
7519,-8.00e-03,2.46e+01,
7520,-8.00e-03,2.42e+01,
7521,-4.00e-03,2.44e+01,
7522,-1.20e-02,2.44e+01,
7523,-8.00e-03,2.46e+01,
7524,-8.00e-03,2.44e+01,
7525,-8.00e-03,2.42e+01,
7526,-8.00e-03,2.42e+01,
7527,-4.00e-03,2.46e+01,
7528,-8.00e-03,2.44e+01,
7529,-8.00e-03,2.42e+01,
7530,-8.00e-03,2.44e+01,
7531,-8.00e-03,2.46e+01,
7532,-8.00e-03,2.44e+01,
7533,-8.00e-03,2.44e+01,
7534,-8.00e-03,2.42e+01,
7535,-8.00e-03,2.44e+01,
7536,-8.00e-03,2.44e+01,
7537,-8.00e-03,2.44e+01,
7538,-1.20e-02,2.44e+01,
7539,-8.00e-03,2.44e+01,
7540,-8.00e-03,2.44e+01,
7541,-8.00e-03,2.42e+01,
7542,-8.00e-03,2.42e+01,
7543,-8.00e-03,2.46e+01,
7544,-8.00e-03,2.44e+01,
7545,-8.00e-03,2.42e+01,
7546,-1.20e-02,2.42e+01,
7547,-8.00e-03,2.44e+01,
7548,-8.00e-03,2.44e+01,
7549,-8.00e-03,2.42e+01,
7550,-8.00e-03,2.42e+01,
7551,-8.00e-03,2.44e+01,
7552,-8.00e-03,2.44e+01,
7553,-8.00e-03,2.42e+01,
7554,-1.20e-02,2.42e+01,
7555,-8.00e-03,2.46e+01,
7556,-8.00e-03,2.42e+01,
7557,-8.00e-03,2.42e+01,
7558,-8.00e-03,2.44e+01,
7559,-8.00e-03,2.44e+01,
7560,-1.20e-02,2.44e+01,
7561,-8.00e-03,2.42e+01,
7562,-1.20e-02,2.42e+01,
7563,-8.00e-03,2.44e+01,
7564,-8.00e-03,2.44e+01,
7565,-8.00e-03,2.44e+01,
7566,-8.00e-03,2.42e+01,
7567,-8.00e-03,2.44e+01,
7568,-8.00e-03,2.44e+01,
7569,-8.00e-03,2.42e+01,
7570,-1.20e-02,2.42e+01,
7571,-8.00e-03,2.44e+01,
7572,-8.00e-03,2.44e+01,
7573,-8.00e-03,2.42e+01,
7574,-8.00e-03,2.42e+01,
7575,-8.00e-03,2.44e+01,
7576,-8.00e-03,2.42e+01,
7577,-8.00e-03,2.44e+01,
7578,-1.20e-02,2.42e+01,
7579,-8.00e-03,2.44e+01,
7580,-8.00e-03,2.44e+01,
7581,-8.00e-03,2.42e+01,
7582,-8.00e-03,2.42e+01,
7583,-8.00e-03,2.44e+01,
7584,-8.00e-03,2.44e+01,
7585,-8.00e-03,2.44e+01,
7586,-1.20e-02,2.44e+01,
7587,-4.00e-03,2.44e+01,
7588,-8.00e-03,2.44e+01,
7589,-8.00e-03,2.42e+01,
7590,-8.00e-03,2.42e+01,
7591,-8.00e-03,2.44e+01,
7592,-8.00e-03,2.44e+01,
7593,-8.00e-03,2.42e+01,
7594,-8.00e-03,2.42e+01,
7595,-4.00e-03,2.44e+01,
7596,-8.00e-03,2.44e+01,
7597,-8.00e-03,2.42e+01,
7598,-8.00e-03,2.42e+01,
7599,-8.00e-03,2.44e+01,
7600,-8.00e-03,2.42e+01,
7601,-8.00e-03,2.42e+01,
7602,-1.20e-02,2.42e+01,
7603,-8.00e-03,2.46e+01,
7604,-8.00e-03,2.42e+01,
7605,-8.00e-03,2.42e+01,
7606,-1.20e-02,2.42e+01,
7607,-8.00e-03,2.44e+01,
7608,-8.00e-03,2.44e+01,
7609,-8.00e-03,2.42e+01,
7610,-8.00e-03,2.44e+01,
7611,-8.00e-03,2.44e+01,
7612,-8.00e-03,2.44e+01,
7613,-8.00e-03,2.42e+01,
7614,-8.00e-03,2.42e+01,
7615,-8.00e-03,2.46e+01,
7616,-8.00e-03,2.44e+01,
7617,-8.00e-03,2.44e+01,
7618,-8.00e-03,2.42e+01,
7619,-4.00e-03,2.44e+01,
7620,-8.00e-03,2.44e+01,
7621,-8.00e-03,2.42e+01,
7622,-8.00e-03,2.42e+01,
7623,-8.00e-03,2.46e+01,
7624,-8.00e-03,2.44e+01,
7625,-8.00e-03,2.44e+01,
7626,-8.00e-03,2.44e+01,
7627,-8.00e-03,2.44e+01,
7628,-8.00e-03,2.44e+01,
7629,-8.00e-03,2.42e+01,
7630,-8.00e-03,2.44e+01,
7631,-8.00e-03,2.46e+01,
7632,-8.00e-03,2.44e+01,
7633,-8.00e-03,2.42e+01,
7634,-8.00e-03,2.44e+01,
7635,-4.00e-03,2.44e+01,
7636,-8.00e-03,2.44e+01,
7637,-8.00e-03,2.42e+01,
7638,-8.00e-03,2.42e+01,
7639,-8.00e-03,2.44e+01,
7640,-8.00e-03,2.44e+01,
7641,-8.00e-03,2.42e+01,
7642,-8.00e-03,2.44e+01,
7643,-8.00e-03,2.44e+01,
7644,-8.00e-03,2.44e+01,
7645,-8.00e-03,2.42e+01,
7646,-8.00e-03,2.42e+01,
7647,-8.00e-03,2.46e+01,
7648,-8.00e-03,2.42e+01,
7649,-8.00e-03,2.42e+01,
7650,-8.00e-03,2.44e+01,
7651,-8.00e-03,2.44e+01,
7652,-8.00e-03,2.44e+01,
7653,-8.00e-03,2.42e+01,
7654,-8.00e-03,2.42e+01,
7655,-8.00e-03,2.44e+01,
7656,-8.00e-03,2.44e+01,
7657,-8.00e-03,2.42e+01,
7658,-1.20e-02,2.42e+01,
7659,-8.00e-03,2.44e+01,
7660,-8.00e-03,2.44e+01,
7661,-8.00e-03,2.44e+01,
7662,-8.00e-03,2.44e+01,
7663,-4.00e-03,2.44e+01,
7664,-8.00e-03,2.42e+01,
7665,-8.00e-03,2.42e+01,
7666,-1.20e-02,2.42e+01,
7667,-8.00e-03,2.46e+01,
7668,-8.00e-03,2.44e+01,
7669,-8.00e-03,2.44e+01,
7670,-8.00e-03,2.44e+01,
7671,-4.00e-03,2.44e+01,
7672,-8.00e-03,2.42e+01,
7673,-4.00e-03,2.44e+01,
7674,-1.20e-02,2.44e+01,
7675,-8.00e-03,2.44e+01,
7676,-8.00e-03,2.42e+01,
7677,-1.20e-02,2.44e+01,
7678,-8.00e-03,2.44e+01,
7679,-8.00e-03,2.44e+01,
7680,-8.00e-03,2.42e+01,
7681,-4.00e-03,2.44e+01,
7682,-8.00e-03,2.44e+01,
7683,-4.00e-03,2.44e+01,
7684,-8.00e-03,2.42e+01,
7685,-8.00e-03,2.42e+01,
7686,-8.00e-03,2.42e+01,
7687,-8.00e-03,2.44e+01,
7688,-8.00e-03,2.42e+01,
7689,-8.00e-03,2.42e+01,
7690,-1.20e-02,2.42e+01,
7691,-8.00e-03,2.44e+01,
7692,-8.00e-03,2.44e+01,
7693,-8.00e-03,2.44e+01,
7694,-1.20e-02,2.44e+01,
7695,-4.00e-03,2.44e+01,
7696,-8.00e-03,2.42e+01,
7697,-8.00e-03,2.44e+01,
7698,-1.20e-02,2.42e+01,
7699,-8.00e-03,2.44e+01,
7700,-8.00e-03,2.44e+01,
7701,-8.00e-03,2.42e+01,
7702,-8.00e-03,2.42e+01,
7703,-8.00e-03,2.44e+01,
7704,-8.00e-03,2.44e+01,
7705,-8.00e-03,2.42e+01,
7706,-8.00e-03,2.42e+01,
7707,-8.00e-03,2.44e+01,
7708,-8.00e-03,2.44e+01,
7709,-8.00e-03,2.42e+01,
7710,-1.20e-02,2.44e+01,
7711,-4.00e-03,2.44e+01,
7712,-8.00e-03,2.42e+01,
7713,-8.00e-03,2.42e+01,
7714,-8.00e-03,2.44e+01,
7715,-8.00e-03,2.44e+01,
7716,-4.00e-03,2.44e+01,
7717,-8.00e-03,2.42e+01,
7718,-8.00e-03,2.42e+01,
7719,-8.00e-03,2.44e+01,
7720,-8.00e-03,2.44e+01,
7721,-8.00e-03,2.42e+01,
7722,-8.00e-03,2.44e+01,
7723,-8.00e-03,2.44e+01,
7724,-8.00e-03,2.42e+01,
7725,-8.00e-03,2.42e+01,
7726,-8.00e-03,2.42e+01,
7727,-8.00e-03,2.46e+01,
7728,-8.00e-03,2.42e+01,
7729,-8.00e-03,2.42e+01,
7730,-8.00e-03,2.42e+01,
7731,-8.00e-03,2.44e+01,
7732,-8.00e-03,2.44e+01,
7733,-8.00e-03,2.42e+01,
7734,-8.00e-03,2.44e+01,
7735,-8.00e-03,2.44e+01,
7736,-8.00e-03,2.44e+01,
7737,-8.00e-03,2.44e+01,
7738,-1.20e-02,2.42e+01,
7739,-8.00e-03,2.44e+01,
7740,-8.00e-03,2.42e+01,
7741,-8.00e-03,2.44e+01,
7742,-8.00e-03,2.42e+01,
7743,-8.00e-03,2.44e+01,
7744,-8.00e-03,2.44e+01,
7745,-8.00e-03,2.42e+01,
7746,-1.20e-02,2.44e+01,
7747,-8.00e-03,2.44e+01,
7748,-8.00e-03,2.42e+01,
7749,-8.00e-03,2.42e+01,
7750,-8.00e-03,2.42e+01,
7751,-8.00e-03,2.44e+01,
7752,-8.00e-03,2.42e+01,
7753,-8.00e-03,2.44e+01,
7754,-1.20e-02,2.42e+01,
7755,-8.00e-03,2.46e+01,
7756,-8.00e-03,2.44e+01,
7757,-8.00e-03,2.42e+01,
7758,-8.00e-03,2.42e+01,
7759,-8.00e-03,2.44e+01,
7760,-8.00e-03,2.42e+01,
7761,-8.00e-03,2.42e+01,
7762,-8.00e-03,2.44e+01,
7763,-8.00e-03,2.44e+01,
7764,-8.00e-03,2.44e+01,
7765,-8.00e-03,2.42e+01,
7766,-1.20e-02,2.44e+01,
7767,-8.00e-03,2.44e+01,
7768,-8.00e-03,2.44e+01,
7769,-8.00e-03,2.44e+01,
7770,-1.20e-02,2.44e+01,
7771,-8.00e-03,2.44e+01,
7772,-8.00e-03,2.44e+01,
7773,-8.00e-03,2.42e+01,
7774,-8.00e-03,2.44e+01,
7775,-8.00e-03,2.44e+01,
7776,-8.00e-03,2.42e+01,
7777,-8.00e-03,2.44e+01,
7778,-1.20e-02,2.42e+01,
7779,-8.00e-03,2.44e+01,
7780,-8.00e-03,2.42e+01,
7781,-8.00e-03,2.42e+01,
7782,-8.00e-03,2.42e+01,
7783,-8.00e-03,2.44e+01,
7784,-8.00e-03,2.44e+01,
7785,-8.00e-03,2.42e+01,
7786,-8.00e-03,2.42e+01,
7787,-4.00e-03,2.44e+01,
7788,-8.00e-03,2.44e+01,
7789,-8.00e-03,2.42e+01,
7790,-8.00e-03,2.42e+01,
7791,-8.00e-03,2.44e+01,
7792,-8.00e-03,2.44e+01,
7793,-8.00e-03,2.42e+01,
7794,-8.00e-03,2.42e+01,
7795,-8.00e-03,2.44e+01,
7796,-8.00e-03,2.44e+01,
7797,-8.00e-03,2.42e+01,
7798,-8.00e-03,2.42e+01,
7799,-8.00e-03,2.44e+01,
7800,-8.00e-03,2.42e+01,
7801,-8.00e-03,2.42e+01,
7802,-8.00e-03,2.42e+01,
7803,-8.00e-03,2.44e+01,
7804,-8.00e-03,2.44e+01,
7805,-8.00e-03,2.42e+01,
7806,-8.00e-03,2.42e+01,
7807,-8.00e-03,2.44e+01,
7808,-8.00e-03,2.42e+01,
7809,-8.00e-03,2.42e+01,
7810,-8.00e-03,2.44e+01,
7811,-8.00e-03,2.44e+01,
7812,-8.00e-03,2.42e+01,
7813,-8.00e-03,2.42e+01,
7814,-8.00e-03,2.42e+01,
7815,-8.00e-03,2.44e+01,
7816,-8.00e-03,2.42e+01,
7817,-8.00e-03,2.42e+01,
7818,-8.00e-03,2.42e+01,
7819,-8.00e-03,2.44e+01,
7820,-8.00e-03,2.44e+01,
7821,-8.00e-03,2.42e+01,
7822,-8.00e-03,2.42e+01,
7823,-8.00e-03,2.44e+01,
7824,-8.00e-03,2.42e+01,
7825,-8.00e-03,2.42e+01,
7826,-8.00e-03,2.44e+01,
7827,-8.00e-03,2.44e+01,
7828,-8.00e-03,2.44e+01,
7829,-8.00e-03,2.42e+01,
7830,-1.20e-02,2.42e+01,
7831,-8.00e-03,2.44e+01,
7832,-8.00e-03,2.42e+01,
7833,-8.00e-03,2.42e+01,
7834,-8.00e-03,2.42e+01,
7835,-8.00e-03,2.44e+01,
7836,-8.00e-03,2.42e+01,
7837,-8.00e-03,2.42e+01,
7838,-8.00e-03,2.42e+01,
7839,-8.00e-03,2.44e+01,
7840,-8.00e-03,2.44e+01,
7841,-8.00e-03,2.42e+01,
7842,-8.00e-03,2.44e+01,
7843,-8.00e-03,2.44e+01,
7844,-8.00e-03,2.44e+01,
7845,-8.00e-03,2.42e+01,
7846,-8.00e-03,2.42e+01,
7847,-8.00e-03,2.44e+01,
7848,-8.00e-03,2.42e+01,
7849,-8.00e-03,2.42e+01,
7850,-8.00e-03,2.42e+01,
7851,-4.00e-03,2.44e+01,
7852,-1.20e-02,2.42e+01,
7853,-8.00e-03,2.42e+01,
7854,-8.00e-03,2.42e+01,
7855,-8.00e-03,2.44e+01,
7856,-8.00e-03,2.42e+01,
7857,-8.00e-03,2.44e+01,
7858,-8.00e-03,2.42e+01,
7859,-4.00e-03,2.44e+01,
7860,-8.00e-03,2.42e+01,
7861,-8.00e-03,2.42e+01,
7862,-8.00e-03,2.42e+01,
7863,-8.00e-03,2.44e+01,
7864,-8.00e-03,2.42e+01,
7865,-8.00e-03,2.42e+01,
7866,-8.00e-03,2.42e+01,
7867,-8.00e-03,2.44e+01,
7868,-8.00e-03,2.44e+01,
7869,-8.00e-03,2.44e+01,
7870,-8.00e-03,2.42e+01,
7871,-4.00e-03,2.44e+01,
7872,-8.00e-03,2.42e+01,
7873,-8.00e-03,2.42e+01,
7874,-1.20e-02,2.42e+01,
7875,-8.00e-03,2.44e+01,
7876,-8.00e-03,2.42e+01,
7877,-8.00e-03,2.42e+01,
7878,-8.00e-03,2.42e+01,
7879,-8.00e-03,2.44e+01,
7880,-8.00e-03,2.44e+01,
7881,-8.00e-03,2.42e+01,
7882,-1.20e-02,2.42e+01,
7883,-8.00e-03,2.44e+01,
7884,-8.00e-03,2.44e+01,
7885,-8.00e-03,2.42e+01,
7886,-8.00e-03,2.42e+01,
7887,-8.00e-03,2.44e+01,
7888,-8.00e-03,2.42e+01,
7889,-8.00e-03,2.42e+01,
7890,-8.00e-03,2.42e+01,
7891,-8.00e-03,2.44e+01,
7892,-8.00e-03,2.44e+01,
7893,-8.00e-03,2.42e+01,
7894,-8.00e-03,2.42e+01,
7895,-8.00e-03,2.44e+01,
7896,-8.00e-03,2.44e+01,
7897,-8.00e-03,2.42e+01,
7898,-1.20e-02,2.44e+01,
7899,-4.00e-03,2.44e+01,
7900,-8.00e-03,2.44e+01,
7901,-8.00e-03,2.42e+01,
7902,-8.00e-03,2.42e+01,
7903,-8.00e-03,2.44e+01,
7904,-8.00e-03,2.42e+01,
7905,-8.00e-03,2.44e+01,
7906,-1.20e-02,2.42e+01,
7907,-8.00e-03,2.44e+01,
7908,-8.00e-03,2.42e+01,
7909,-8.00e-03,2.42e+01,
7910,-8.00e-03,2.44e+01,
7911,-8.00e-03,2.44e+01,
7912,-8.00e-03,2.42e+01,
7913,-8.00e-03,2.42e+01,
7914,-8.00e-03,2.42e+01,
7915,-8.00e-03,2.44e+01,
7916,-8.00e-03,2.44e+01,
7917,-8.00e-03,2.42e+01,
7918,-8.00e-03,2.42e+01,
7919,-8.00e-03,2.44e+01,
7920,-8.00e-03,2.42e+01,
7921,-8.00e-03,2.42e+01,
7922,-1.20e-02,2.42e+01,
7923,-8.00e-03,2.44e+01,
7924,-8.00e-03,2.42e+01,
7925,-8.00e-03,2.42e+01,
7926,-8.00e-03,2.42e+01,
7927,-8.00e-03,2.44e+01,
7928,-8.00e-03,2.42e+01,
7929,-8.00e-03,2.42e+01,
7930,-1.20e-02,2.42e+01,
7931,-8.00e-03,2.42e+01,
7932,-8.00e-03,2.44e+01,
7933,-8.00e-03,2.42e+01,
7934,-8.00e-03,2.42e+01,
7935,-8.00e-03,2.44e+01,
7936,-8.00e-03,2.42e+01,
7937,-8.00e-03,2.42e+01,
7938,-1.20e-02,2.42e+01,
7939,-8.00e-03,2.44e+01,
7940,-8.00e-03,2.44e+01,
7941,-8.00e-03,2.42e+01,
7942,-8.00e-03,2.42e+01,
7943,-8.00e-03,2.44e+01,
7944,-8.00e-03,2.42e+01,
7945,-8.00e-03,2.42e+01,
7946,-8.00e-03,2.42e+01,
7947,-8.00e-03,2.44e+01,
7948,-8.00e-03,2.44e+01,
7949,-8.00e-03,2.42e+01,
7950,-8.00e-03,2.44e+01,
7951,-8.00e-03,2.44e+01,
7952,-8.00e-03,2.42e+01,
7953,-8.00e-03,2.42e+01,
7954,-8.00e-03,2.42e+01,
7955,-4.00e-03,2.44e+01,
7956,-8.00e-03,2.44e+01,
7957,-8.00e-03,2.42e+01,
7958,-8.00e-03,2.42e+01,
7959,-8.00e-03,2.44e+01,
7960,-8.00e-03,2.42e+01,
7961,-8.00e-03,2.42e+01,
7962,-1.20e-02,2.42e+01,
7963,-8.00e-03,2.44e+01,
7964,-8.00e-03,2.42e+01,
7965,-8.00e-03,2.42e+01,
7966,-8.00e-03,2.42e+01,
7967,-8.00e-03,2.46e+01,
7968,-8.00e-03,2.42e+01,
7969,-8.00e-03,2.42e+01,
7970,-1.20e-02,2.42e+01,
7971,-4.00e-03,2.44e+01,
7972,-8.00e-03,2.42e+01,
7973,-8.00e-03,2.42e+01,
7974,-8.00e-03,2.42e+01,
7975,-8.00e-03,2.44e+01,
7976,-8.00e-03,2.42e+01,
7977,-8.00e-03,2.44e+01,
7978,-8.00e-03,2.42e+01,
7979,-4.00e-03,2.44e+01,
7980,-8.00e-03,2.42e+01,
7981,-8.00e-03,2.42e+01,
7982,-8.00e-03,2.42e+01,
7983,-8.00e-03,2.44e+01,
7984,-8.00e-03,2.42e+01,
7985,-8.00e-03,2.42e+01,
7986,-1.20e-02,2.42e+01,
7987,-8.00e-03,2.44e+01,
7988,-8.00e-03,2.44e+01,
7989,-8.00e-03,2.42e+01,
7990,-8.00e-03,2.42e+01,
7991,-8.00e-03,2.44e+01,
7992,-8.00e-03,2.42e+01,
7993,-8.00e-03,2.42e+01,
7994,-1.20e-02,2.42e+01,
7995,-8.00e-03,2.44e+01,
7996,-8.00e-03,2.42e+01,
7997,-8.00e-03,2.42e+01,
7998,-8.00e-03,2.42e+01,
7999,-8.00e-03,2.44e+01,
8000,-8.00e-03,2.42e+01,
8001,-8.00e-03,2.42e+01,
8002,-8.00e-03,2.42e+01,
8003,-8.00e-03,2.44e+01,
8004,-8.00e-03,2.42e+01,
8005,-8.00e-03,2.42e+01,
8006,-8.00e-03,2.42e+01,
8007,-8.00e-03,2.44e+01,
8008,-8.00e-03,2.42e+01,
8009,-4.00e-03,2.42e+01,
8010,-1.20e-02,2.42e+01,
8011,-8.00e-03,2.44e+01,
8012,-8.00e-03,2.42e+01,
8013,-8.00e-03,2.42e+01,
8014,-8.00e-03,2.42e+01,
8015,-8.00e-03,2.44e+01,
8016,-8.00e-03,2.42e+01,
8017,-4.00e-03,2.42e+01,
8018,-8.00e-03,2.42e+01,
8019,-8.00e-03,2.44e+01,
8020,-8.00e-03,2.44e+01,
8021,-8.00e-03,2.42e+01,
8022,-8.00e-03,2.42e+01,
8023,-4.00e-03,2.44e+01,
8024,-8.00e-03,2.42e+01,
8025,-8.00e-03,2.42e+01,
8026,-8.00e-03,2.42e+01,
8027,-4.00e-03,2.44e+01,
8028,-8.00e-03,2.42e+01,
8029,-8.00e-03,2.42e+01,
8030,-8.00e-03,2.42e+01,
8031,-8.00e-03,2.44e+01,
8032,-8.00e-03,2.42e+01,
8033,-4.00e-03,2.42e+01,
8034,-1.20e-02,2.42e+01,
8035,-8.00e-03,2.44e+01,
8036,-8.00e-03,2.44e+01,
8037,-8.00e-03,2.42e+01,
8038,-8.00e-03,2.42e+01,
8039,-4.00e-03,2.44e+01,
8040,-8.00e-03,2.42e+01,
8041,-8.00e-03,2.42e+01,
8042,-8.00e-03,2.42e+01,
8043,-8.00e-03,2.44e+01,
8044,-8.00e-03,2.44e+01,
8045,-8.00e-03,2.42e+01,
8046,-8.00e-03,2.42e+01,
8047,-4.00e-03,2.44e+01,
8048,-8.00e-03,2.42e+01,
8049,-8.00e-03,2.42e+01,
8050,-8.00e-03,2.42e+01,
8051,-8.00e-03,2.44e+01,
8052,-8.00e-03,2.44e+01,
8053,-1.20e-02,2.42e+01,
8054,-8.00e-03,2.42e+01,
8055,-8.00e-03,2.44e+01,
8056,-8.00e-03,2.42e+01,
8057,-8.00e-03,2.42e+01,
8058,-8.00e-03,2.42e+01,
8059,-8.00e-03,2.44e+01,
8060,-8.00e-03,2.42e+01,
8061,-8.00e-03,2.42e+01,
8062,-8.00e-03,2.42e+01,
8063,-4.00e-03,2.44e+01,
8064,-8.00e-03,2.42e+01,
8065,-8.00e-03,2.42e+01,
8066,-8.00e-03,2.42e+01,
8067,-8.00e-03,2.44e+01,
8068,-8.00e-03,2.42e+01,
8069,-8.00e-03,2.42e+01,
8070,-8.00e-03,2.42e+01,
8071,-4.00e-03,2.44e+01,
8072,-8.00e-03,2.42e+01,
8073,-8.00e-03,2.42e+01,
8074,-8.00e-03,2.42e+01,
8075,-8.00e-03,2.44e+01,
8076,-8.00e-03,2.42e+01,
8077,-8.00e-03,2.42e+01,
8078,-8.00e-03,2.42e+01,
8079,-8.00e-03,2.44e+01,
8080,-8.00e-03,2.42e+01,
8081,-8.00e-03,2.42e+01,
8082,-1.20e-02,2.42e+01,
8083,-8.00e-03,2.44e+01,
8084,-8.00e-03,2.42e+01,
8085,-8.00e-03,2.42e+01,
8086,-8.00e-03,2.42e+01,
8087,-8.00e-03,2.44e+01,
8088,-8.00e-03,2.42e+01,
8089,-8.00e-03,2.42e+01,
8090,-8.00e-03,2.42e+01,
8091,-8.00e-03,2.44e+01,
8092,-8.00e-03,2.42e+01,
8093,-8.00e-03,2.42e+01,
8094,-1.20e-02,2.42e+01,
8095,-8.00e-03,2.44e+01,
8096,-8.00e-03,2.42e+01,
8097,-8.00e-03,2.42e+01,
8098,-1.20e-02,2.42e+01,
8099,-8.00e-03,2.44e+01,
8100,-8.00e-03,2.44e+01,
8101,-8.00e-03,2.42e+01,
8102,-1.20e-02,2.42e+01,
8103,-8.00e-03,2.44e+01,
8104,-8.00e-03,2.44e+01,
8105,-8.00e-03,2.42e+01,
8106,-8.00e-03,2.42e+01,
8107,-8.00e-03,2.44e+01,
8108,-8.00e-03,2.44e+01,
8109,-8.00e-03,2.42e+01,
8110,-8.00e-03,2.42e+01,
8111,-8.00e-03,2.44e+01,
8112,-8.00e-03,2.42e+01,
8113,-8.00e-03,2.42e+01,
8114,-8.00e-03,2.44e+01,
8115,-8.00e-03,2.42e+01,
8116,-8.00e-03,2.44e+01,
8117,-8.00e-03,2.42e+01,
8118,-8.00e-03,2.42e+01,
8119,-8.00e-03,2.44e+01,
8120,-8.00e-03,2.42e+01,
8121,-8.00e-03,2.42e+01,
8122,-1.20e-02,2.42e+01,
8123,-8.00e-03,2.44e+01,
8124,-8.00e-03,2.42e+01,
8125,-8.00e-03,2.42e+01,
8126,-8.00e-03,2.42e+01,
8127,-4.00e-03,2.42e+01,
8128,-8.00e-03,2.42e+01,
8129,-8.00e-03,2.42e+01,
8130,-8.00e-03,2.42e+01,
8131,-8.00e-03,2.44e+01,
8132,-8.00e-03,2.42e+01,
8133,-8.00e-03,2.42e+01,
8134,-8.00e-03,2.42e+01,
8135,-8.00e-03,2.44e+01,
8136,-8.00e-03,2.42e+01,
8137,-8.00e-03,2.42e+01,
8138,-8.00e-03,2.42e+01,
8139,-8.00e-03,2.44e+01,
8140,-8.00e-03,2.42e+01,
8141,-8.00e-03,2.42e+01,
8142,-8.00e-03,2.42e+01,
8143,-4.00e-03,2.44e+01,
8144,-8.00e-03,2.42e+01,
8145,-8.00e-03,2.42e+01,
8146,-8.00e-03,2.42e+01,
8147,-8.00e-03,2.44e+01,
8148,-8.00e-03,2.42e+01,
8149,-8.00e-03,2.42e+01,
8150,-8.00e-03,2.42e+01,
8151,-8.00e-03,2.44e+01,
8152,-8.00e-03,2.42e+01,
8153,-8.00e-03,2.42e+01,
8154,-8.00e-03,2.42e+01,
8155,-8.00e-03,2.44e+01,
8156,-8.00e-03,2.42e+01,
8157,-8.00e-03,2.42e+01,
8158,-8.00e-03,2.42e+01,
8159,-8.00e-03,2.44e+01,
8160,-8.00e-03,2.42e+01,
8161,-8.00e-03,2.42e+01,
8162,-8.00e-03,2.42e+01,
8163,-8.00e-03,2.44e+01,
8164,-8.00e-03,2.42e+01,
8165,-8.00e-03,2.42e+01,
8166,-8.00e-03,2.42e+01,
8167,-8.00e-03,2.44e+01,
8168,-8.00e-03,2.42e+01,
8169,-8.00e-03,2.42e+01,
8170,-1.20e-02,2.42e+01,
8171,-8.00e-03,2.44e+01,
8172,-8.00e-03,2.42e+01,
8173,-8.00e-03,2.42e+01,
8174,-1.20e-02,2.42e+01,
8175,-4.00e-03,2.44e+01,
8176,-8.00e-03,2.42e+01,
8177,-8.00e-03,2.42e+01,
8178,-8.00e-03,2.42e+01,
8179,-8.00e-03,2.44e+01,
8180,-8.00e-03,2.42e+01,
8181,-8.00e-03,2.42e+01,
8182,-1.20e-02,2.42e+01,
8183,-8.00e-03,2.44e+01,
8184,-8.00e-03,2.42e+01,
8185,-8.00e-03,2.42e+01,
8186,-8.00e-03,2.42e+01,
8187,-8.00e-03,2.44e+01,
8188,-8.00e-03,2.42e+01,
8189,-8.00e-03,2.42e+01,
8190,-8.00e-03,2.42e+01,
8191,-8.00e-03,2.44e+01,
8192,-8.00e-03,2.42e+01,
8193,-8.00e-03,2.42e+01,
8194,-8.00e-03,2.42e+01,
8195,-8.00e-03,2.44e+01,
8196,-8.00e-03,2.42e+01,
8197,-8.00e-03,2.42e+01,
8198,-1.20e-02,2.42e+01,
8199,-8.00e-03,2.44e+01,
8200,-8.00e-03,2.42e+01,
8201,-8.00e-03,2.42e+01,
8202,-8.00e-03,2.42e+01,
8203,-8.00e-03,2.44e+01,
8204,-8.00e-03,2.42e+01,
8205,-8.00e-03,2.42e+01,
8206,-8.00e-03,2.42e+01,
8207,-8.00e-03,2.44e+01,
8208,-8.00e-03,2.42e+01,
8209,-8.00e-03,2.42e+01,
8210,-1.20e-02,2.42e+01,
8211,-8.00e-03,2.44e+01,
8212,-8.00e-03,2.42e+01,
8213,-8.00e-03,2.42e+01,
8214,-8.00e-03,2.42e+01,
8215,-8.00e-03,2.44e+01,
8216,-8.00e-03,2.42e+01,
8217,-8.00e-03,2.42e+01,
8218,-8.00e-03,2.42e+01,
8219,-8.00e-03,2.44e+01,
8220,-8.00e-03,2.42e+01,
8221,-8.00e-03,2.42e+01,
8222,-8.00e-03,2.42e+01,
8223,-8.00e-03,2.44e+01,
8224,-8.00e-03,2.42e+01,
8225,-8.00e-03,2.42e+01,
8226,-8.00e-03,2.42e+01,
8227,-8.00e-03,2.44e+01,
8228,-8.00e-03,2.42e+01,
8229,-8.00e-03,2.42e+01,
8230,-1.20e-02,2.42e+01,
8231,-8.00e-03,2.44e+01,
8232,-8.00e-03,2.42e+01,
8233,-8.00e-03,2.42e+01,
8234,-8.00e-03,2.42e+01,
8235,-8.00e-03,2.44e+01,
8236,-8.00e-03,2.42e+01,
8237,-8.00e-03,2.42e+01,
8238,-8.00e-03,2.42e+01,
8239,-4.00e-03,2.44e+01,
8240,-8.00e-03,2.42e+01,
8241,-8.00e-03,2.40e+01,
8242,-8.00e-03,2.42e+01,
8243,-8.00e-03,2.42e+01,
8244,-8.00e-03,2.42e+01,
8245,-8.00e-03,2.42e+01,
8246,-8.00e-03,2.42e+01,
8247,-4.00e-03,2.44e+01,
8248,-8.00e-03,2.42e+01,
8249,-8.00e-03,2.42e+01,
8250,-1.20e-02,2.42e+01,
8251,-8.00e-03,2.44e+01,
8252,-8.00e-03,2.42e+01,
8253,-8.00e-03,2.42e+01,
8254,-8.00e-03,2.42e+01,
8255,-8.00e-03,2.44e+01,
8256,-8.00e-03,2.42e+01,
8257,-8.00e-03,2.42e+01,
8258,-8.00e-03,2.42e+01,
8259,-8.00e-03,2.44e+01,
8260,-8.00e-03,2.42e+01,
8261,-8.00e-03,2.42e+01,
8262,-8.00e-03,2.42e+01,
8263,-8.00e-03,2.44e+01,
8264,-8.00e-03,2.42e+01,
8265,-8.00e-03,2.42e+01,
8266,-8.00e-03,2.42e+01,
8267,-8.00e-03,2.44e+01,
8268,-8.00e-03,2.42e+01,
8269,-8.00e-03,2.42e+01,
8270,-8.00e-03,2.42e+01,
8271,-8.00e-03,2.44e+01,
8272,-8.00e-03,2.42e+01,
8273,-8.00e-03,2.42e+01,
8274,-8.00e-03,2.42e+01,
8275,-8.00e-03,2.44e+01,
8276,-8.00e-03,2.42e+01,
8277,-8.00e-03,2.42e+01,
8278,-1.20e-02,2.42e+01,
8279,-4.00e-03,2.44e+01,
8280,-8.00e-03,2.42e+01,
8281,-8.00e-03,2.42e+01,
8282,-8.00e-03,2.42e+01,
8283,-8.00e-03,2.44e+01,
8284,-8.00e-03,2.42e+01,
8285,-8.00e-03,2.42e+01,
8286,-8.00e-03,2.42e+01,
8287,-8.00e-03,2.42e+01,
8288,-8.00e-03,2.42e+01,
8289,-8.00e-03,2.42e+01,
8290,-8.00e-03,2.42e+01,
8291,-8.00e-03,2.44e+01,
8292,-8.00e-03,2.42e+01,
8293,-8.00e-03,2.42e+01,
8294,-8.00e-03,2.42e+01,
8295,-8.00e-03,2.44e+01,
8296,-8.00e-03,2.42e+01,
8297,-8.00e-03,2.42e+01,
8298,-8.00e-03,2.42e+01,
8299,-8.00e-03,2.44e+01,
8300,-8.00e-03,2.42e+01,
8301,-8.00e-03,2.42e+01,
8302,-8.00e-03,2.42e+01,
8303,-8.00e-03,2.44e+01,
8304,-8.00e-03,2.42e+01,
8305,-8.00e-03,2.42e+01,
8306,-8.00e-03,2.42e+01,
8307,-8.00e-03,2.44e+01,
8308,-8.00e-03,2.42e+01,
8309,-8.00e-03,2.40e+01,
8310,-8.00e-03,2.42e+01,
8311,-8.00e-03,2.44e+01,
8312,-8.00e-03,2.42e+01,
8313,-8.00e-03,2.42e+01,
8314,-8.00e-03,2.42e+01,
8315,-8.00e-03,2.42e+01,
8316,-8.00e-03,2.44e+01,
8317,-8.00e-03,2.42e+01,
8318,-8.00e-03,2.42e+01,
8319,-4.00e-03,2.44e+01,
8320,-8.00e-03,2.42e+01,
8321,-8.00e-03,2.42e+01,
8322,-8.00e-03,2.42e+01,
8323,-8.00e-03,2.44e+01,
8324,-8.00e-03,2.42e+01,
8325,-8.00e-03,2.42e+01,
8326,-8.00e-03,2.42e+01,
8327,-8.00e-03,2.42e+01,
8328,-8.00e-03,2.42e+01,
8329,-8.00e-03,2.42e+01,
8330,-8.00e-03,2.42e+01,
8331,-8.00e-03,2.44e+01,
8332,-8.00e-03,2.42e+01,
8333,-4.00e-03,2.42e+01,
8334,-8.00e-03,2.42e+01,
8335,-8.00e-03,2.44e+01,
8336,-8.00e-03,2.40e+01,
8337,-8.00e-03,2.40e+01,
8338,-8.00e-03,2.42e+01,
8339,-8.00e-03,2.44e+01,
8340,-8.00e-03,2.42e+01,
8341,-8.00e-03,2.42e+01,
8342,-8.00e-03,2.42e+01,
8343,-8.00e-03,2.44e+01,
8344,-8.00e-03,2.42e+01,
8345,-8.00e-03,2.42e+01,
8346,-1.20e-02,2.42e+01,
8347,-4.00e-03,2.44e+01,
8348,-8.00e-03,2.42e+01,
8349,-8.00e-03,2.42e+01,
8350,-8.00e-03,2.40e+01,
8351,-8.00e-03,2.44e+01,
8352,-8.00e-03,2.42e+01,
8353,-8.00e-03,2.42e+01,
8354,-8.00e-03,2.42e+01,
8355,-8.00e-03,2.44e+01,
8356,-8.00e-03,2.42e+01,
8357,-8.00e-03,2.42e+01,
8358,-8.00e-03,2.42e+01,
8359,-8.00e-03,2.44e+01,
8360,-8.00e-03,2.42e+01,
8361,-8.00e-03,2.42e+01,
8362,-8.00e-03,2.42e+01,
8363,-8.00e-03,2.42e+01,
8364,-8.00e-03,2.42e+01,
8365,-8.00e-03,2.42e+01,
8366,-8.00e-03,2.42e+01,
8367,-8.00e-03,2.44e+01,
8368,-8.00e-03,2.42e+01,
8369,-8.00e-03,2.40e+01,
8370,-8.00e-03,2.42e+01,
8371,-4.00e-03,2.42e+01,
8372,-8.00e-03,2.42e+01,
8373,-8.00e-03,2.42e+01,
8374,-8.00e-03,2.42e+01,
8375,-8.00e-03,2.42e+01,
8376,-8.00e-03,2.42e+01,
8377,-8.00e-03,2.42e+01,
8378,-8.00e-03,2.42e+01,
8379,-8.00e-03,2.44e+01,
8380,-8.00e-03,2.42e+01,
8381,-1.20e-02,2.42e+01,
8382,-8.00e-03,2.42e+01,
8383,-8.00e-03,2.44e+01,
8384,-8.00e-03,2.42e+01,
8385,-8.00e-03,2.42e+01,
8386,-1.20e-02,2.42e+01,
8387,-8.00e-03,2.42e+01,
8388,-8.00e-03,2.42e+01,
8389,-8.00e-03,2.42e+01,
8390,-8.00e-03,2.42e+01,
8391,-8.00e-03,2.42e+01,
8392,-8.00e-03,2.42e+01,
8393,-8.00e-03,2.42e+01,
8394,-1.20e-02,2.42e+01,
8395,-8.00e-03,2.44e+01,
8396,-8.00e-03,2.42e+01,
8397,-8.00e-03,2.42e+01,
8398,-8.00e-03,2.42e+01,
8399,-8.00e-03,2.44e+01,
8400,-8.00e-03,2.42e+01,
8401,-8.00e-03,2.40e+01,
8402,-8.00e-03,2.42e+01,
8403,-4.00e-03,2.42e+01,
8404,-8.00e-03,2.42e+01,
8405,-8.00e-03,2.42e+01,
8406,-8.00e-03,2.40e+01,
8407,-8.00e-03,2.44e+01,
8408,-8.00e-03,2.42e+01,
8409,-8.00e-03,2.42e+01,
8410,-8.00e-03,2.42e+01,
8411,-8.00e-03,2.44e+01,
8412,-8.00e-03,2.42e+01,
8413,-8.00e-03,2.42e+01,
8414,-8.00e-03,2.42e+01,
8415,-8.00e-03,2.42e+01,
8416,-4.00e-03,2.42e+01,
8417,-8.00e-03,2.42e+01,
8418,-1.20e-02,2.42e+01,
8419,-8.00e-03,2.44e+01,
8420,-1.20e-02,2.42e+01,
8421,-8.00e-03,2.42e+01,
8422,-8.00e-03,2.42e+01,
8423,-8.00e-03,2.44e+01,
8424,-8.00e-03,2.42e+01,
8425,-8.00e-03,2.42e+01,
8426,-8.00e-03,2.42e+01,
8427,-8.00e-03,2.44e+01,
8428,-1.20e-02,2.42e+01,
8429,-8.00e-03,2.42e+01,
8430,-8.00e-03,2.42e+01,
8431,-8.00e-03,2.44e+01,
8432,-8.00e-03,2.42e+01,
8433,-8.00e-03,2.40e+01,
8434,-1.20e-02,2.42e+01,
8435,-8.00e-03,2.44e+01,
8436,-8.00e-03,2.42e+01,
8437,-8.00e-03,2.42e+01,
8438,-8.00e-03,2.42e+01,
8439,-8.00e-03,2.44e+01,
8440,-8.00e-03,2.40e+01,
8441,-8.00e-03,2.40e+01,
8442,-8.00e-03,2.40e+01,
8443,-8.00e-03,2.42e+01,
8444,-8.00e-03,2.42e+01,
8445,-8.00e-03,2.42e+01,
8446,-8.00e-03,2.42e+01,
8447,-8.00e-03,2.44e+01,
8448,-8.00e-03,2.42e+01,
8449,-8.00e-03,2.42e+01,
8450,-1.20e-02,2.42e+01,
8451,-8.00e-03,2.42e+01,
8452,-8.00e-03,2.42e+01,
8453,-8.00e-03,2.42e+01,
8454,-8.00e-03,2.40e+01,
8455,-8.00e-03,2.42e+01,
8456,-8.00e-03,2.42e+01,
8457,-8.00e-03,2.42e+01,
8458,-8.00e-03,2.42e+01,
8459,-8.00e-03,2.44e+01,
8460,-8.00e-03,2.42e+01,
8461,-8.00e-03,2.40e+01,
8462,-8.00e-03,2.42e+01,
8463,-8.00e-03,2.42e+01,
8464,-8.00e-03,2.42e+01,
8465,-8.00e-03,2.42e+01,
8466,-8.00e-03,2.42e+01,
8467,-8.00e-03,2.42e+01,
8468,-8.00e-03,2.42e+01,
8469,-8.00e-03,2.42e+01,
8470,-8.00e-03,2.42e+01,
8471,-8.00e-03,2.42e+01,
8472,-8.00e-03,2.42e+01,
8473,-8.00e-03,2.40e+01,
8474,-1.20e-02,2.42e+01,
8475,-4.00e-03,2.42e+01,
8476,-8.00e-03,2.42e+01,
8477,-8.00e-03,2.42e+01,
8478,-8.00e-03,2.42e+01,
8479,-8.00e-03,2.42e+01,
8480,-8.00e-03,2.42e+01,
8481,-8.00e-03,2.42e+01,
8482,-1.20e-02,2.42e+01,
8483,-8.00e-03,2.44e+01,
8484,-8.00e-03,2.42e+01,
8485,-8.00e-03,2.42e+01,
8486,-8.00e-03,2.42e+01,
8487,-8.00e-03,2.42e+01,
8488,-8.00e-03,2.42e+01,
8489,-8.00e-03,2.42e+01,
8490,-8.00e-03,2.42e+01,
8491,-8.00e-03,2.44e+01,
8492,-8.00e-03,2.42e+01,
8493,-8.00e-03,2.42e+01,
8494,-8.00e-03,2.40e+01,
8495,-8.00e-03,2.44e+01,
8496,-8.00e-03,2.42e+01,
8497,-8.00e-03,2.42e+01,
8498,-8.00e-03,2.42e+01,
8499,-4.00e-03,2.44e+01,
8500,-8.00e-03,2.42e+01,
8501,-8.00e-03,2.40e+01,
8502,-8.00e-03,2.40e+01,
8503,-8.00e-03,2.44e+01,
8504,-8.00e-03,2.42e+01,
8505,-8.00e-03,2.42e+01,
8506,-8.00e-03,2.40e+01,
8507,-8.00e-03,2.44e+01,
8508,-8.00e-03,2.42e+01,
8509,-8.00e-03,2.40e+01,
8510,-8.00e-03,2.40e+01,
8511,-8.00e-03,2.44e+01,
8512,-8.00e-03,2.42e+01,
8513,-8.00e-03,2.40e+01,
8514,-1.20e-02,2.42e+01,
8515,-8.00e-03,2.42e+01,
8516,-8.00e-03,2.44e+01,
8517,-8.00e-03,2.40e+01,
8518,-8.00e-03,2.42e+01,
8519,-4.00e-03,2.42e+01,
8520,-8.00e-03,2.40e+01,
8521,-8.00e-03,2.40e+01,
8522,-8.00e-03,2.40e+01,
8523,-8.00e-03,2.44e+01,
8524,-8.00e-03,2.40e+01,
8525,-8.00e-03,2.40e+01,
8526,-8.00e-03,2.42e+01,
8527,-8.00e-03,2.44e+01,
8528,-8.00e-03,2.42e+01,
8529,-8.00e-03,2.40e+01,
8530,-1.20e-02,2.40e+01,
8531,-8.00e-03,2.42e+01,
8532,-8.00e-03,2.42e+01,
8533,-8.00e-03,2.42e+01,
8534,-8.00e-03,2.42e+01,
8535,-8.00e-03,2.42e+01,
8536,-8.00e-03,2.42e+01,
8537,-8.00e-03,2.40e+01,
8538,-8.00e-03,2.42e+01,
8539,-4.00e-03,2.42e+01,
8540,-8.00e-03,2.42e+01,
8541,-8.00e-03,2.40e+01,
8542,-8.00e-03,2.42e+01,
8543,-8.00e-03,2.44e+01,
8544,-8.00e-03,2.42e+01,
8545,-8.00e-03,2.40e+01,
8546,-8.00e-03,2.42e+01,
8547,-8.00e-03,2.42e+01,
8548,-8.00e-03,2.42e+01,
8549,-8.00e-03,2.40e+01,
8550,-8.00e-03,2.42e+01,
8551,-8.00e-03,2.42e+01,
8552,-8.00e-03,2.42e+01,
8553,-8.00e-03,2.40e+01,
8554,-8.00e-03,2.42e+01,
8555,-8.00e-03,2.42e+01,
8556,-8.00e-03,2.42e+01,
8557,-8.00e-03,2.40e+01,
8558,-8.00e-03,2.40e+01,
8559,-8.00e-03,2.42e+01,
8560,-8.00e-03,2.42e+01,
8561,-8.00e-03,2.42e+01,
8562,-8.00e-03,2.42e+01,
8563,-8.00e-03,2.42e+01,
8564,-8.00e-03,2.40e+01,
8565,-8.00e-03,2.40e+01,
8566,-8.00e-03,2.42e+01,
8567,-4.00e-03,2.42e+01,
8568,-8.00e-03,2.42e+01,
8569,-8.00e-03,2.40e+01,
8570,-1.20e-02,2.42e+01,
8571,-8.00e-03,2.44e+01,
8572,-8.00e-03,2.42e+01,
8573,-1.20e-02,2.42e+01,
8574,-1.20e-02,2.42e+01,
8575,-8.00e-03,2.44e+01,
8576,-8.00e-03,2.42e+01,
8577,-8.00e-03,2.42e+01,
8578,-8.00e-03,2.42e+01,
8579,-4.00e-03,2.44e+01,
8580,-8.00e-03,2.42e+01,
8581,-8.00e-03,2.40e+01,
8582,-1.20e-02,2.40e+01,
8583,-4.00e-03,2.44e+01,
8584,-8.00e-03,2.40e+01,
8585,-8.00e-03,2.40e+01,
8586,-1.20e-02,2.42e+01,
8587,-8.00e-03,2.42e+01,
8588,-8.00e-03,2.42e+01,
8589,-8.00e-03,2.40e+01,
8590,-8.00e-03,2.42e+01,
8591,-8.00e-03,2.42e+01,
8592,-8.00e-03,2.40e+01,
8593,-8.00e-03,2.42e+01,
8594,-1.20e-02,2.40e+01,
8595,-8.00e-03,2.44e+01,
8596,-1.20e-02,2.42e+01,
8597,-8.00e-03,2.40e+01,
8598,-8.00e-03,2.42e+01,
8599,-8.00e-03,2.42e+01,
8600,-8.00e-03,2.42e+01,
8601,-4.00e-03,2.40e+01,
8602,-1.20e-02,2.40e+01,
8603,-8.00e-03,2.42e+01,
8604,-8.00e-03,2.42e+01,
8605,-8.00e-03,2.42e+01,
8606,-8.00e-03,2.40e+01,
8607,-8.00e-03,2.42e+01,
8608,-8.00e-03,2.42e+01,
8609,-8.00e-03,2.40e+01,
8610,-1.20e-02,2.40e+01,
8611,-8.00e-03,2.42e+01,
8612,-8.00e-03,2.42e+01,
8613,-8.00e-03,2.40e+01,
8614,-1.20e-02,2.40e+01,
8615,-8.00e-03,2.42e+01,
8616,-8.00e-03,2.42e+01,
8617,-8.00e-03,2.40e+01,
8618,-8.00e-03,2.42e+01,
8619,-8.00e-03,2.42e+01,
8620,-8.00e-03,2.42e+01,
8621,-8.00e-03,2.42e+01,
8622,-8.00e-03,2.42e+01,
8623,-8.00e-03,2.42e+01,
8624,-8.00e-03,2.40e+01,
8625,-8.00e-03,2.42e+01,
8626,-8.00e-03,2.42e+01,
8627,-8.00e-03,2.44e+01,
8628,-8.00e-03,2.42e+01,
8629,-8.00e-03,2.40e+01,
8630,-8.00e-03,2.42e+01,
8631,-8.00e-03,2.42e+01,
8632,-8.00e-03,2.40e+01,
8633,-8.00e-03,2.40e+01,
8634,-1.20e-02,2.40e+01,
8635,-8.00e-03,2.42e+01,
8636,-8.00e-03,2.42e+01,
8637,-8.00e-03,2.42e+01,
8638,-8.00e-03,2.42e+01,
8639,-8.00e-03,2.42e+01,
8640,-8.00e-03,2.40e+01,
8641,-8.00e-03,2.40e+01,
8642,-8.00e-03,2.40e+01,
8643,-8.00e-03,2.44e+01,
8644,-8.00e-03,2.42e+01,
8645,-8.00e-03,2.40e+01,
8646,-8.00e-03,2.40e+01,
8647,-8.00e-03,2.42e+01,
8648,-8.00e-03,2.42e+01,
8649,-8.00e-03,2.40e+01,
8650,-8.00e-03,2.42e+01,
8651,-8.00e-03,2.42e+01,
8652,-8.00e-03,2.42e+01,
8653,-8.00e-03,2.40e+01,
8654,-8.00e-03,2.40e+01,
8655,-8.00e-03,2.42e+01,
8656,-8.00e-03,2.40e+01,
8657,-8.00e-03,2.42e+01,
8658,-8.00e-03,2.42e+01,
8659,-8.00e-03,2.42e+01,
8660,-8.00e-03,2.42e+01,
8661,-8.00e-03,2.40e+01,
8662,-8.00e-03,2.40e+01,
8663,-8.00e-03,2.42e+01,
8664,-8.00e-03,2.42e+01,
8665,-8.00e-03,2.40e+01,
8666,-1.20e-02,2.42e+01,
8667,-8.00e-03,2.42e+01,
8668,-8.00e-03,2.42e+01,
8669,-8.00e-03,2.40e+01,
8670,-1.20e-02,2.40e+01,
8671,-8.00e-03,2.44e+01,
8672,-8.00e-03,2.42e+01,
8673,-8.00e-03,2.40e+01,
8674,-8.00e-03,2.40e+01,
8675,-8.00e-03,2.42e+01,
8676,-8.00e-03,2.40e+01,
8677,-8.00e-03,2.40e+01,
8678,-8.00e-03,2.40e+01,
8679,-8.00e-03,2.42e+01,
8680,-8.00e-03,2.40e+01,
8681,-8.00e-03,2.40e+01,
8682,-1.20e-02,2.42e+01,
8683,-8.00e-03,2.42e+01,
8684,-8.00e-03,2.42e+01,
8685,-8.00e-03,2.40e+01,
8686,-8.00e-03,2.40e+01,
8687,-8.00e-03,2.44e+01,
8688,-8.00e-03,2.40e+01,
8689,-8.00e-03,2.40e+01,
8690,-8.00e-03,2.40e+01,
8691,-4.00e-03,2.42e+01,
8692,-8.00e-03,2.42e+01,
8693,-8.00e-03,2.40e+01,
8694,-8.00e-03,2.40e+01,
8695,-4.00e-03,2.42e+01,
8696,-8.00e-03,2.42e+01,
8697,-8.00e-03,2.40e+01,
8698,-8.00e-03,2.42e+01,
8699,-8.00e-03,2.42e+01,
8700,-8.00e-03,2.40e+01,
8701,-8.00e-03,2.40e+01,
8702,-8.00e-03,2.40e+01,
8703,-8.00e-03,2.42e+01,
8704,-8.00e-03,2.40e+01,
8705,-8.00e-03,2.40e+01,
8706,-1.20e-02,2.40e+01,
8707,-8.00e-03,2.42e+01,
8708,-8.00e-03,2.42e+01,
8709,-8.00e-03,2.40e+01,
8710,-8.00e-03,2.40e+01,
8711,-8.00e-03,2.42e+01,
8712,-8.00e-03,2.42e+01,
8713,-8.00e-03,2.40e+01,
8714,-1.20e-02,2.40e+01,
8715,-8.00e-03,2.42e+01,
8716,-8.00e-03,2.42e+01,
8717,-8.00e-03,2.40e+01,
8718,-8.00e-03,2.40e+01,
8719,-8.00e-03,2.42e+01,
8720,-8.00e-03,2.40e+01,
8721,-8.00e-03,2.40e+01,
8722,-1.20e-02,2.40e+01,
8723,-8.00e-03,2.44e+01,
8724,-8.00e-03,2.42e+01,
8725,-8.00e-03,2.40e+01,
8726,-8.00e-03,2.42e+01,
8727,-8.00e-03,2.42e+01,
8728,-8.00e-03,2.40e+01,
8729,-8.00e-03,2.42e+01,
8730,-1.20e-02,2.40e+01,
8731,-8.00e-03,2.42e+01,
8732,-8.00e-03,2.42e+01,
8733,-8.00e-03,2.42e+01,
8734,-8.00e-03,2.40e+01,
8735,-8.00e-03,2.44e+01,
8736,-8.00e-03,2.40e+01,
8737,-8.00e-03,2.42e+01,
8738,-8.00e-03,2.40e+01,
8739,-8.00e-03,2.42e+01,
8740,-8.00e-03,2.42e+01,
8741,-8.00e-03,2.40e+01,
8742,-8.00e-03,2.40e+01,
8743,-8.00e-03,2.42e+01,
8744,-8.00e-03,2.40e+01,
8745,-8.00e-03,2.40e+01,
8746,-1.20e-02,2.40e+01,
8747,-8.00e-03,2.42e+01,
8748,-8.00e-03,2.40e+01,
8749,-8.00e-03,2.40e+01,
8750,-8.00e-03,2.40e+01,
8751,-4.00e-03,2.42e+01,
8752,-8.00e-03,2.40e+01,
8753,-8.00e-03,2.40e+01,
8754,-8.00e-03,2.42e+01,
8755,-4.00e-03,2.42e+01,
8756,-8.00e-03,2.40e+01,
8757,-8.00e-03,2.40e+01,
8758,-8.00e-03,2.40e+01,
8759,-8.00e-03,2.42e+01,
8760,-8.00e-03,2.40e+01,
8761,-8.00e-03,2.40e+01,
8762,-1.20e-02,2.40e+01,
8763,-8.00e-03,2.42e+01,
8764,-8.00e-03,2.42e+01,
8765,-8.00e-03,2.40e+01,
8766,-8.00e-03,2.40e+01,
8767,-8.00e-03,2.42e+01,
8768,-8.00e-03,2.42e+01,
8769,-8.00e-03,2.42e+01,
8770,-1.20e-02,2.40e+01,
8771,-8.00e-03,2.42e+01,
8772,-8.00e-03,2.40e+01,
8773,-8.00e-03,2.40e+01,
8774,-8.00e-03,2.40e+01,
8775,-8.00e-03,2.42e+01,
8776,-8.00e-03,2.42e+01,
8777,-8.00e-03,2.40e+01,
8778,-1.20e-02,2.40e+01,
8779,-8.00e-03,2.42e+01,
8780,-8.00e-03,2.42e+01,
8781,-8.00e-03,2.40e+01,
8782,-8.00e-03,2.40e+01,
8783,-8.00e-03,2.42e+01,
8784,-8.00e-03,2.40e+01,
8785,-8.00e-03,2.40e+01,
8786,-8.00e-03,2.40e+01,
8787,-8.00e-03,2.42e+01,
8788,-8.00e-03,2.42e+01,
8789,-8.00e-03,2.40e+01,
8790,-8.00e-03,2.40e+01,
8791,-8.00e-03,2.42e+01,
8792,-8.00e-03,2.40e+01,
8793,-8.00e-03,2.40e+01,
8794,-1.20e-02,2.40e+01,
8795,-8.00e-03,2.42e+01,
8796,-8.00e-03,2.40e+01,
8797,-8.00e-03,2.40e+01,
8798,-8.00e-03,2.40e+01,
8799,-8.00e-03,2.42e+01,
8800,-8.00e-03,2.40e+01,
8801,-8.00e-03,2.40e+01,
8802,-1.20e-02,2.40e+01,
8803,-8.00e-03,2.42e+01,
8804,-8.00e-03,2.40e+01,
8805,-8.00e-03,2.40e+01,
8806,-8.00e-03,2.40e+01,
8807,-8.00e-03,2.42e+01,
8808,-8.00e-03,2.40e+01,
8809,-8.00e-03,2.40e+01,
8810,-8.00e-03,2.40e+01,
8811,-8.00e-03,2.42e+01,
8812,-8.00e-03,2.40e+01,
8813,-8.00e-03,2.42e+01,
8814,-8.00e-03,2.40e+01,
8815,-8.00e-03,2.42e+01,
8816,-8.00e-03,2.40e+01,
8817,-8.00e-03,2.40e+01,
8818,-8.00e-03,2.42e+01,
8819,-8.00e-03,2.42e+01,
8820,-8.00e-03,2.40e+01,
8821,-8.00e-03,2.40e+01,
8822,-8.00e-03,2.40e+01,
8823,-8.00e-03,2.42e+01,
8824,-8.00e-03,2.42e+01,
8825,-4.00e-03,2.40e+01,
8826,-1.20e-02,2.40e+01,
8827,-8.00e-03,2.42e+01,
8828,-8.00e-03,2.42e+01,
8829,-8.00e-03,2.40e+01,
8830,-8.00e-03,2.40e+01,
8831,-8.00e-03,2.42e+01,
8832,-8.00e-03,2.40e+01,
8833,-8.00e-03,2.40e+01,
8834,-1.20e-02,2.40e+01,
8835,-8.00e-03,2.42e+01,
8836,-8.00e-03,2.40e+01,
8837,-8.00e-03,2.40e+01,
8838,-8.00e-03,2.40e+01,
8839,-8.00e-03,2.42e+01,
8840,-8.00e-03,2.42e+01,
8841,-8.00e-03,2.40e+01,
8842,-8.00e-03,2.40e+01,
8843,-8.00e-03,2.42e+01,
8844,-8.00e-03,2.40e+01,
8845,-8.00e-03,2.40e+01,
8846,-8.00e-03,2.40e+01,
8847,-8.00e-03,2.42e+01,
8848,-8.00e-03,2.40e+01,
8849,-8.00e-03,2.40e+01,
8850,-8.00e-03,2.40e+01,
8851,-8.00e-03,2.42e+01,
8852,-8.00e-03,2.40e+01,
8853,-8.00e-03,2.40e+01,
8854,-1.20e-02,2.40e+01,
8855,-8.00e-03,2.42e+01,
8856,-8.00e-03,2.40e+01,
8857,-8.00e-03,2.40e+01,
8858,-1.20e-02,2.40e+01,
8859,-4.00e-03,2.42e+01,
8860,-8.00e-03,2.40e+01,
8861,-8.00e-03,2.40e+01,
8862,-8.00e-03,2.40e+01,
8863,-8.00e-03,2.42e+01,
8864,-8.00e-03,2.40e+01,
8865,-8.00e-03,2.40e+01,
8866,-8.00e-03,2.40e+01,
8867,-8.00e-03,2.42e+01,
8868,-8.00e-03,2.42e+01,
8869,-8.00e-03,2.40e+01,
8870,-8.00e-03,2.40e+01,
8871,-4.00e-03,2.42e+01,
8872,-8.00e-03,2.40e+01,
8873,-8.00e-03,2.40e+01,
8874,-1.20e-02,2.40e+01,
8875,-8.00e-03,2.42e+01,
8876,-8.00e-03,2.40e+01,
8877,-8.00e-03,2.40e+01,
8878,-8.00e-03,2.40e+01,
8879,-8.00e-03,2.42e+01,
8880,-8.00e-03,2.42e+01,
8881,-8.00e-03,2.40e+01,
8882,-8.00e-03,2.40e+01,
8883,-8.00e-03,2.42e+01,
8884,-8.00e-03,2.40e+01,
8885,-1.20e-02,2.40e+01,
8886,-8.00e-03,2.42e+01,
8887,-8.00e-03,2.42e+01,
8888,-8.00e-03,2.40e+01,
8889,-8.00e-03,2.40e+01,
8890,-1.20e-02,2.40e+01,
8891,-8.00e-03,2.42e+01,
8892,-8.00e-03,2.40e+01,
8893,-8.00e-03,2.40e+01,
8894,-8.00e-03,2.40e+01,
8895,-8.00e-03,2.42e+01,
8896,-8.00e-03,2.40e+01,
8897,-8.00e-03,2.40e+01,
8898,-8.00e-03,2.40e+01,
8899,-8.00e-03,2.42e+01,
8900,-8.00e-03,2.40e+01,
8901,-8.00e-03,2.40e+01,
8902,-8.00e-03,2.40e+01,
8903,-8.00e-03,2.42e+01,
8904,-8.00e-03,2.40e+01,
8905,-8.00e-03,2.40e+01,
8906,-1.20e-02,2.40e+01,
8907,-8.00e-03,2.42e+01,
8908,-8.00e-03,2.42e+01,
8909,-8.00e-03,2.40e+01,
8910,-1.20e-02,2.40e+01,
8911,-8.00e-03,2.42e+01,
8912,-8.00e-03,2.40e+01,
8913,-8.00e-03,2.40e+01,
8914,-8.00e-03,2.40e+01,
8915,-4.00e-03,2.42e+01,
8916,-8.00e-03,2.40e+01,
8917,-8.00e-03,2.40e+01,
8918,-8.00e-03,2.40e+01,
8919,-4.00e-03,2.42e+01,
8920,-8.00e-03,2.40e+01,
8921,-8.00e-03,2.40e+01,
8922,-1.20e-02,2.40e+01,
8923,-4.00e-03,2.42e+01,
8924,-8.00e-03,2.40e+01,
8925,-8.00e-03,2.40e+01,
8926,-1.20e-02,2.40e+01,
8927,-8.00e-03,2.42e+01,
8928,-8.00e-03,2.40e+01,
8929,-8.00e-03,2.40e+01,
8930,-8.00e-03,2.40e+01,
8931,-8.00e-03,2.42e+01,
8932,-8.00e-03,2.40e+01,
8933,-8.00e-03,2.40e+01,
8934,-8.00e-03,2.40e+01,
8935,-8.00e-03,2.42e+01,
8936,-8.00e-03,2.40e+01,
8937,-8.00e-03,2.40e+01,
8938,-1.20e-02,2.40e+01,
8939,-8.00e-03,2.42e+01,
8940,-8.00e-03,2.40e+01,
8941,-8.00e-03,2.38e+01,
8942,-8.00e-03,2.40e+01,
8943,-4.00e-03,2.42e+01,
8944,-8.00e-03,2.40e+01,
8945,-8.00e-03,2.40e+01,
8946,-8.00e-03,2.40e+01,
8947,-4.00e-03,2.42e+01,
8948,-8.00e-03,2.40e+01,
8949,-8.00e-03,2.40e+01,
8950,-8.00e-03,2.40e+01,
8951,-8.00e-03,2.42e+01,
8952,-8.00e-03,2.40e+01,
8953,-8.00e-03,2.40e+01,
8954,-8.00e-03,2.40e+01,
8955,-8.00e-03,2.42e+01,
8956,-8.00e-03,2.40e+01,
8957,-8.00e-03,2.40e+01,
8958,-8.00e-03,2.40e+01,
8959,-4.00e-03,2.40e+01,
8960,-8.00e-03,2.40e+01,
8961,-8.00e-03,2.40e+01,
8962,-1.20e-02,2.40e+01,
8963,-8.00e-03,2.42e+01,
8964,-8.00e-03,2.40e+01,
8965,-8.00e-03,2.40e+01,
8966,-8.00e-03,2.40e+01,
8967,-4.00e-03,2.42e+01,
8968,-8.00e-03,2.40e+01,
8969,-1.20e-02,2.40e+01,
8970,-1.20e-02,2.40e+01,
8971,-8.00e-03,2.42e+01,
8972,-8.00e-03,2.40e+01,
8973,-8.00e-03,2.40e+01,
8974,-1.20e-02,2.40e+01,
8975,-8.00e-03,2.40e+01,
8976,-8.00e-03,2.40e+01,
8977,-8.00e-03,2.40e+01,
8978,-8.00e-03,2.40e+01,
8979,-8.00e-03,2.42e+01,
8980,-8.00e-03,2.40e+01,
8981,-8.00e-03,2.40e+01,
8982,-8.00e-03,2.40e+01,
8983,-4.00e-03,2.40e+01,
8984,-8.00e-03,2.40e+01,
8985,-8.00e-03,2.38e+01,
8986,-8.00e-03,2.40e+01,
8987,-4.00e-03,2.42e+01,
8988,-8.00e-03,2.40e+01,
8989,-8.00e-03,2.38e+01,
8990,-8.00e-03,2.40e+01,
8991,-8.00e-03,2.42e+01,
8992,-8.00e-03,2.40e+01,
8993,-8.00e-03,2.40e+01,
8994,-1.20e-02,2.40e+01,
8995,-8.00e-03,2.42e+01,
8996,-8.00e-03,2.40e+01,
8997,-8.00e-03,2.40e+01,
8998,-1.20e-02,2.40e+01,
8999,-4.00e-03,2.40e+01,
9000,-8.00e-03,2.40e+01,
9001,-8.00e-03,2.38e+01,
9002,-8.00e-03,2.40e+01,
9003,-8.00e-03,2.42e+01,
9004,-8.00e-03,2.40e+01,
9005,-8.00e-03,2.38e+01,
9006,-8.00e-03,2.40e+01,
9007,-8.00e-03,2.42e+01,
9008,-8.00e-03,2.40e+01,
9009,-8.00e-03,2.40e+01,
9010,-8.00e-03,2.40e+01,
9011,-8.00e-03,2.40e+01,
9012,-8.00e-03,2.40e+01,
9013,-8.00e-03,2.40e+01,
9014,-8.00e-03,2.40e+01,
9015,-8.00e-03,2.40e+01,
9016,-4.00e-03,2.40e+01,
9017,-8.00e-03,2.40e+01,
9018,-1.20e-02,2.38e+01,
9019,-8.00e-03,2.40e+01,
9020,-8.00e-03,2.40e+01,
9021,-8.00e-03,2.40e+01,
9022,-8.00e-03,2.40e+01,
9023,-4.00e-03,2.40e+01,
9024,-8.00e-03,2.40e+01,
9025,-8.00e-03,2.38e+01,
9026,-8.00e-03,2.40e+01,
9027,-8.00e-03,2.40e+01,
9028,-8.00e-03,2.40e+01,
9029,-8.00e-03,2.40e+01,
9030,-8.00e-03,2.40e+01,
9031,-4.00e-03,2.40e+01,
9032,-8.00e-03,2.40e+01,
9033,-8.00e-03,2.38e+01,
9034,-8.00e-03,2.40e+01,
9035,-8.00e-03,2.42e+01,
9036,-8.00e-03,2.40e+01,
9037,-8.00e-03,2.40e+01,
9038,-8.00e-03,2.40e+01,
9039,-8.00e-03,2.40e+01,
9040,-8.00e-03,2.40e+01,
9041,-8.00e-03,2.38e+01,
9042,-8.00e-03,2.40e+01,
9043,-8.00e-03,2.40e+01,
9044,-8.00e-03,2.40e+01,
9045,-8.00e-03,2.38e+01,
9046,-8.00e-03,2.40e+01,
9047,-4.00e-03,2.40e+01,
9048,-8.00e-03,2.38e+01,
9049,-8.00e-03,2.38e+01,
9050,-8.00e-03,2.40e+01,
9051,-4.00e-03,2.40e+01,
9052,-8.00e-03,2.38e+01,
9053,-8.00e-03,2.40e+01,
9054,-8.00e-03,2.38e+01,
9055,-8.00e-03,2.40e+01,
9056,-8.00e-03,2.38e+01,
9057,-8.00e-03,2.38e+01,
9058,-1.20e-02,2.38e+01,
9059,-8.00e-03,2.40e+01,
9060,-8.00e-03,2.40e+01,
9061,-8.00e-03,2.38e+01,
9062,-8.00e-03,2.38e+01,
9063,-8.00e-03,2.40e+01,
9064,-8.00e-03,2.40e+01,
9065,-8.00e-03,2.38e+01,
9066,-8.00e-03,2.40e+01,
9067,-8.00e-03,2.40e+01,
9068,-8.00e-03,2.40e+01,
9069,-8.00e-03,2.38e+01,
9070,-8.00e-03,2.38e+01,
9071,-8.00e-03,2.40e+01,
9072,-8.00e-03,2.38e+01,
9073,-8.00e-03,2.40e+01,
9074,-1.20e-02,2.38e+01,
9075,-4.00e-03,2.40e+01,
9076,-8.00e-03,2.40e+01,
9077,-8.00e-03,2.38e+01,
9078,-8.00e-03,2.38e+01,
9079,-8.00e-03,2.40e+01,
9080,-8.00e-03,2.40e+01,
9081,-8.00e-03,2.38e+01,
9082,-1.20e-02,2.38e+01,
9083,-8.00e-03,2.40e+01,
9084,-8.00e-03,2.38e+01,
9085,-8.00e-03,2.38e+01,
9086,-8.00e-03,2.38e+01,
9087,-8.00e-03,2.40e+01,
9088,-8.00e-03,2.38e+01,
9089,-8.00e-03,2.36e+01,
9090,-8.00e-03,2.38e+01,
9091,-8.00e-03,2.40e+01,
9092,-8.00e-03,2.38e+01,
9093,-8.00e-03,2.36e+01,
9094,-1.20e-02,2.36e+01,
9095,-8.00e-03,2.38e+01,
9096,-1.20e-02,2.36e+01,
9097,-8.00e-03,2.36e+01,
9098,-8.00e-03,2.36e+01,
9099,-8.00e-03,2.38e+01,
9100,-8.00e-03,2.36e+01,
9101,-8.00e-03,2.34e+01,
9102,-8.00e-03,2.36e+01,
9103,-8.00e-03,2.36e+01,
9104,-8.00e-03,2.34e+01,
9105,-8.00e-03,2.34e+01,
9106,-1.20e-02,2.34e+01,
9107,-8.00e-03,2.36e+01,
9108,-1.20e-02,2.34e+01,
9109,-1.20e-02,2.32e+01,
9110,-1.20e-02,2.34e+01,
9111,-8.00e-03,2.34e+01,
9112,-8.00e-03,2.30e+01,
9113,-8.00e-03,2.30e+01,
9114,-8.00e-03,2.30e+01,
9115,-8.00e-03,2.32e+01,
9116,-8.00e-03,2.32e+01,
9117,-1.20e-02,2.28e+01,
9118,-1.20e-02,2.30e+01,
9119,-8.00e-03,2.30e+01,
9120,-8.00e-03,2.28e+01,
9121,-8.00e-03,2.28e+01,
9122,-1.20e-02,2.24e+01,
9123,-8.00e-03,2.28e+01,
9124,-1.20e-02,2.24e+01,
9125,-1.20e-02,2.24e+01,
9126,-1.20e-02,2.22e+01,
9127,-8.00e-03,2.24e+01,
9128,-8.00e-03,2.22e+01,
9129,-8.00e-03,2.20e+01,
9130,-1.20e-02,2.20e+01,
9131,-8.00e-03,2.22e+01,
9132,-1.20e-02,2.20e+01,
9133,-8.00e-03,2.18e+01,
9134,-1.20e-02,2.18e+01,
9135,-8.00e-03,2.20e+01,
9136,-8.00e-03,2.16e+01,
9137,-1.20e-02,2.14e+01,
9138,-1.20e-02,2.16e+01,
9139,-8.00e-03,2.16e+01,
9140,-1.20e-02,2.14e+01,
9141,-8.00e-03,2.12e+01,
9142,-8.00e-03,2.12e+01,
9143,-1.20e-02,2.14e+01,
9144,-8.00e-03,2.12e+01,
9145,-8.00e-03,2.10e+01,
9146,-1.20e-02,2.10e+01,
9147,-8.00e-03,2.10e+01,
9148,-1.20e-02,2.10e+01,
9149,-8.00e-03,2.08e+01,
9150,-1.20e-02,2.06e+01,
9151,-8.00e-03,2.08e+01,
9152,-1.20e-02,2.06e+01,
9153,-8.00e-03,2.04e+01,
9154,-1.20e-02,2.04e+01,
9155,-8.00e-03,2.06e+01,
9156,-1.20e-02,2.02e+01,
9157,-1.20e-02,2.02e+01,
9158,-8.00e-03,2.00e+01,
9159,-8.00e-03,2.02e+01,
9160,-8.00e-03,2.00e+01,
9161,-8.00e-03,1.98e+01,
9162,-1.20e-02,1.98e+01,
9163,-8.00e-03,1.98e+01,
9164,-8.00e-03,1.96e+01,
9165,-1.20e-02,1.96e+01,
9166,-1.20e-02,1.96e+01,
9167,-8.00e-03,1.94e+01,
9168,-1.20e-02,1.92e+01,
9169,-1.20e-02,1.92e+01,
9170,-1.20e-02,1.92e+01,
9171,-8.00e-03,1.92e+01,
9172,-1.20e-02,1.90e+01,
9173,-8.00e-03,1.90e+01,
9174,-8.00e-03,1.86e+01,
9175,-8.00e-03,1.90e+01,
9176,-8.00e-03,1.84e+01,
9177,-8.00e-03,1.84e+01,
9178,-1.20e-02,1.84e+01,
9179,-8.00e-03,1.84e+01,
9180,-8.00e-03,1.80e+01,
9181,-1.20e-02,1.82e+01,
9182,-1.20e-02,1.80e+01,
9183,-8.00e-03,1.80e+01,
9184,-1.20e-02,1.78e+01,
9185,-8.00e-03,1.78e+01,
9186,-1.20e-02,1.78e+01,
9187,-8.00e-03,1.78e+01,
9188,-8.00e-03,1.76e+01,
9189,-8.00e-03,1.74e+01,
9190,-8.00e-03,1.74e+01,
9191,-8.00e-03,1.74e+01,
9192,-1.20e-02,1.72e+01,
9193,-8.00e-03,1.72e+01,
9194,-1.20e-02,1.72e+01,
9195,-8.00e-03,1.70e+01,
9196,-8.00e-03,1.70e+01,
9197,-8.00e-03,1.68e+01,
9198,-8.00e-03,1.68e+01,
9199,-8.00e-03,1.68e+01,
9200,-1.20e-02,1.68e+01,
9201,-8.00e-03,1.66e+01,
9202,-1.20e-02,1.66e+01,
9203,-8.00e-03,1.66e+01,
9204,-8.00e-03,1.64e+01,
9205,-8.00e-03,1.62e+01,
9206,-8.00e-03,1.62e+01,
9207,-8.00e-03,1.62e+01,
9208,-8.00e-03,1.60e+01,
9209,-8.00e-03,1.60e+01,
9210,-1.20e-02,1.60e+01,
9211,-8.00e-03,1.60e+01,
9212,-8.00e-03,1.60e+01,
9213,-8.00e-03,1.58e+01,
9214,-8.00e-03,1.58e+01,
9215,-8.00e-03,1.58e+01,
9216,-8.00e-03,1.56e+01,
9217,-8.00e-03,1.56e+01,
9218,-1.20e-02,1.54e+01,
9219,-8.00e-03,1.54e+01,
9220,-1.20e-02,1.54e+01,
9221,-8.00e-03,1.50e+01,
9222,-8.00e-03,1.50e+01,
9223,-8.00e-03,1.54e+01,
9224,-8.00e-03,1.50e+01,
9225,-8.00e-03,1.48e+01,
9226,-1.20e-02,1.48e+01,
9227,-8.00e-03,1.50e+01,
9228,-8.00e-03,1.48e+01,
9229,-8.00e-03,1.46e+01,
9230,-8.00e-03,1.46e+01,
9231,-8.00e-03,1.46e+01,
9232,-8.00e-03,1.44e+01,
9233,-8.00e-03,1.46e+01,
9234,-8.00e-03,1.44e+01,
9235,-8.00e-03,1.46e+01,
9236,-8.00e-03,1.42e+01,
9237,-8.00e-03,1.42e+01,
9238,-8.00e-03,1.42e+01,
9239,-8.00e-03,1.42e+01,
9240,-8.00e-03,1.40e+01,
9241,-8.00e-03,1.40e+01,
9242,-1.20e-02,1.40e+01,
9243,-4.00e-03,1.40e+01,
9244,-8.00e-03,1.40e+01,
9245,-8.00e-03,1.40e+01,
9246,-8.00e-03,1.40e+01,
9247,-8.00e-03,1.40e+01,
9248,-8.00e-03,1.38e+01,
9249,-8.00e-03,1.38e+01,
9250,-8.00e-03,1.38e+01,
9251,-8.00e-03,1.38e+01,
9252,-8.00e-03,1.38e+01,
9253,-8.00e-03,1.36e+01,
9254,-8.00e-03,1.36e+01,
9255,-8.00e-03,1.38e+01,
9256,-8.00e-03,1.36e+01,
9257,-8.00e-03,1.36e+01,
9258,-8.00e-03,1.36e+01,
9259,-8.00e-03,1.36e+01,
9260,-8.00e-03,1.34e+01,
9261,-8.00e-03,1.34e+01,
9262,-8.00e-03,1.34e+01,
9263,-8.00e-03,1.34e+01,
9264,-8.00e-03,1.34e+01,
9265,-4.00e-03,1.34e+01,
9266,-8.00e-03,1.34e+01,
9267,-8.00e-03,1.34e+01,
9268,-4.00e-03,1.34e+01,
9269,-8.00e-03,1.32e+01,
9270,-8.00e-03,1.34e+01,
9271,-8.00e-03,1.34e+01,
9272,-8.00e-03,1.32e+01,
9273,-8.00e-03,1.32e+01,
9274,-8.00e-03,1.32e+01,
9275,-8.00e-03,1.34e+01,
9276,-8.00e-03,1.30e+01,
9277,-8.00e-03,1.32e+01,
9278,-8.00e-03,1.32e+01,
9279,-4.00e-03,1.34e+01,
9280,-8.00e-03,1.32e+01,
9281,-8.00e-03,1.32e+01,
9282,-8.00e-03,1.32e+01,
9283,-4.00e-03,1.32e+01,
9284,-4.00e-03,1.32e+01,
9285,-8.00e-03,1.32e+01,
9286,-8.00e-03,1.32e+01,
9287,-8.00e-03,1.32e+01,
9288,-8.00e-03,1.30e+01,
9289,-8.00e-03,1.32e+01,
9290,-8.00e-03,1.32e+01,
9291,-8.00e-03,1.32e+01,
9292,-8.00e-03,1.32e+01,
9293,-8.00e-03,1.32e+01,
9294,-8.00e-03,1.32e+01,
9295,-4.00e-03,1.32e+01,
9296,-8.00e-03,1.30e+01,
9297,-8.00e-03,1.32e+01,
9298,-8.00e-03,1.32e+01,
9299,-4.00e-03,1.34e+01,
9300,-8.00e-03,1.32e+01,
9301,-8.00e-03,1.32e+01,
9302,-8.00e-03,1.34e+01,
9303,-4.00e-03,1.32e+01,
9304,-8.00e-03,1.32e+01,
9305,-4.00e-03,1.32e+01,
9306,-8.00e-03,1.32e+01,
9307,-4.00e-03,1.34e+01,
9308,-8.00e-03,1.34e+01,
9309,-8.00e-03,1.32e+01,
9310,-8.00e-03,1.34e+01,
9311,-4.00e-03,1.34e+01,
9312,-8.00e-03,1.34e+01,
9313,-8.00e-03,1.34e+01,
9314,-8.00e-03,1.34e+01,
9315,-8.00e-03,1.34e+01,
9316,-8.00e-03,1.34e+01,
9317,-8.00e-03,1.34e+01,
9318,-8.00e-03,1.36e+01,
9319,-4.00e-03,1.36e+01,
9320,-8.00e-03,1.36e+01,
9321,-4.00e-03,1.36e+01,
9322,-8.00e-03,1.36e+01,
9323,-4.00e-03,1.38e+01,
9324,-8.00e-03,1.36e+01,
9325,-4.00e-03,1.38e+01,
9326,-8.00e-03,1.38e+01,
9327,-4.00e-03,1.40e+01,
9328,-8.00e-03,1.38e+01,
9329,-8.00e-03,1.38e+01,
9330,-8.00e-03,1.40e+01,
9331,-4.00e-03,1.40e+01,
9332,-8.00e-03,1.40e+01,
9333,-4.00e-03,1.40e+01,
9334,-8.00e-03,1.40e+01,
9335,-4.00e-03,1.42e+01,
9336,-8.00e-03,1.42e+01,
9337,-8.00e-03,1.42e+01,
9338,-8.00e-03,1.42e+01,
9339,-8.00e-03,1.44e+01,
9340,-8.00e-03,1.44e+01,
9341,-8.00e-03,1.44e+01,
9342,-8.00e-03,1.44e+01,
9343,-4.00e-03,1.46e+01,
9344,-4.00e-03,1.46e+01,
9345,-4.00e-03,1.46e+01,
9346,-8.00e-03,1.46e+01,
9347,-8.00e-03,1.48e+01,
9348,-4.00e-03,1.46e+01,
9349,-4.00e-03,1.46e+01,
9350,-8.00e-03,1.48e+01,
9351,-4.00e-03,1.50e+01,
9352,-8.00e-03,1.48e+01,
9353,-4.00e-03,1.50e+01,
9354,-8.00e-03,1.50e+01,
9355,-8.00e-03,1.54e+01,
9356,-8.00e-03,1.54e+01,
9357,-8.00e-03,1.54e+01,
9358,-8.00e-03,1.54e+01,
9359,-8.00e-03,1.56e+01,
9360,-8.00e-03,1.56e+01,
9361,-8.00e-03,1.54e+01,
9362,-8.00e-03,1.56e+01,
9363,-4.00e-03,1.58e+01,
9364,-4.00e-03,1.58e+01,
9365,-8.00e-03,1.58e+01,
9366,-8.00e-03,1.58e+01,
9367,-4.00e-03,1.60e+01,
9368,-8.00e-03,1.60e+01,
9369,-4.00e-03,1.60e+01,
9370,-8.00e-03,1.62e+01,
9371,-4.00e-03,1.64e+01,
9372,-8.00e-03,1.62e+01,
9373,-4.00e-03,1.64e+01,
9374,-8.00e-03,1.64e+01,
9375,-8.00e-03,1.66e+01,
9376,-8.00e-03,1.66e+01,
9377,-4.00e-03,1.66e+01,
9378,-8.00e-03,1.68e+01,
9379,-8.00e-03,1.68e+01,
9380,-8.00e-03,1.68e+01,
9381,-8.00e-03,1.68e+01,
9382,-8.00e-03,1.70e+01,
9383,-4.00e-03,1.72e+01,
9384,-4.00e-03,1.70e+01,
9385,-4.00e-03,1.72e+01,
9386,-8.00e-03,1.74e+01,
9387,-4.00e-03,1.74e+01,
9388,-8.00e-03,1.74e+01,
9389,-8.00e-03,1.74e+01,
9390,-8.00e-03,1.76e+01,
9391,-4.00e-03,1.78e+01,
9392,-8.00e-03,1.76e+01,
9393,-4.00e-03,1.76e+01,
9394,-8.00e-03,1.78e+01,
9395,-4.00e-03,1.80e+01,
9396,-4.00e-03,1.80e+01,
9397,-8.00e-03,1.80e+01,
9398,-8.00e-03,1.80e+01,
9399,-4.00e-03,1.84e+01,
9400,-8.00e-03,1.82e+01,
9401,-8.00e-03,1.84e+01,
9402,-8.00e-03,1.84e+01,
9403,-8.00e-03,1.86e+01,
9404,-8.00e-03,1.86e+01,
9405,-4.00e-03,1.86e+01,
9406,-8.00e-03,1.90e+01,
9407,-4.00e-03,1.90e+01,
9408,-8.00e-03,1.90e+01,
9409,-8.00e-03,1.90e+01,
9410,-8.00e-03,1.92e+01,
9411,-4.00e-03,1.94e+01,
9412,-8.00e-03,1.92e+01,
9413,-8.00e-03,1.94e+01,
9414,-8.00e-03,1.94e+01,
9415,-4.00e-03,1.96e+01,
9416,-8.00e-03,1.96e+01,
9417,-8.00e-03,1.96e+01,
9418,-8.00e-03,1.98e+01,
9419,-4.00e-03,2.00e+01,
9420,-8.00e-03,1.98e+01,
9421,-8.00e-03,2.00e+01,
9422,-8.00e-03,2.00e+01,
9423,-4.00e-03,2.02e+01,
9424,-8.00e-03,2.02e+01,
9425,-8.00e-03,2.02e+01,
9426,-8.00e-03,2.04e+01,
9427,-4.00e-03,2.06e+01,
9428,-4.00e-03,2.04e+01,
9429,-8.00e-03,2.04e+01,
9430,-8.00e-03,2.06e+01,
9431,-8.00e-03,2.08e+01,
9432,-8.00e-03,2.08e+01,
9433,-8.00e-03,2.08e+01,
9434,-8.00e-03,2.08e+01,
9435,-8.00e-03,2.10e+01,
9436,-8.00e-03,2.10e+01,
9437,-8.00e-03,2.10e+01,
9438,-8.00e-03,2.12e+01,
9439,-8.00e-03,2.14e+01,
9440,-8.00e-03,2.12e+01,
9441,-8.00e-03,2.12e+01,
9442,-8.00e-03,2.14e+01,
9443,-4.00e-03,2.16e+01,
9444,-8.00e-03,2.14e+01,
9445,-8.00e-03,2.14e+01,
9446,-8.00e-03,2.16e+01,
9447,-8.00e-03,2.16e+01,
9448,-4.00e-03,2.16e+01,
9449,-8.00e-03,2.18e+01,
9450,-8.00e-03,2.18e+01,
9451,-8.00e-03,2.20e+01,
9452,-8.00e-03,2.18e+01,
9453,-8.00e-03,2.18e+01,
9454,-8.00e-03,2.20e+01,
9455,-8.00e-03,2.22e+01,
9456,-8.00e-03,2.20e+01,
9457,-8.00e-03,2.20e+01,
9458,-8.00e-03,2.20e+01,
9459,-8.00e-03,2.22e+01,
9460,-8.00e-03,2.22e+01,
9461,-8.00e-03,2.22e+01,
9462,-8.00e-03,2.24e+01,
9463,-8.00e-03,2.24e+01,
9464,-8.00e-03,2.24e+01,
9465,-8.00e-03,2.24e+01,
9466,-8.00e-03,2.28e+01,
9467,-8.00e-03,2.28e+01,
9468,-8.00e-03,2.28e+01,
9469,-8.00e-03,2.28e+01,
9470,-8.00e-03,2.28e+01,
9471,-8.00e-03,2.30e+01,
9472,-8.00e-03,2.28e+01,
9473,-8.00e-03,2.28e+01,
9474,-8.00e-03,2.28e+01,
9475,-8.00e-03,2.30e+01,
9476,-8.00e-03,2.30e+01,
9477,-8.00e-03,2.30e+01,
9478,-8.00e-03,2.30e+01,
9479,-8.00e-03,2.32e+01,
9480,-8.00e-03,2.30e+01,
9481,-8.00e-03,2.30e+01,
9482,-8.00e-03,2.30e+01,
9483,-8.00e-03,2.34e+01,
9484,-8.00e-03,2.32e+01,
9485,-8.00e-03,2.30e+01,
9486,-8.00e-03,2.32e+01,
9487,-8.00e-03,2.34e+01,
9488,-8.00e-03,2.32e+01,
9489,-8.00e-03,2.30e+01,
9490,-1.20e-02,2.32e+01,
9491,-8.00e-03,2.32e+01,
9492,-8.00e-03,2.32e+01,
9493,-8.00e-03,2.32e+01,
9494,-8.00e-03,2.32e+01,
9495,-8.00e-03,2.34e+01,
9496,-8.00e-03,2.32e+01,
9497,-8.00e-03,2.32e+01,
9498,-1.20e-02,2.32e+01,
9499,-8.00e-03,2.34e+01,
9500,-8.00e-03,2.32e+01,
9501,-8.00e-03,2.32e+01,
9502,-8.00e-03,2.32e+01,
9503,-8.00e-03,2.34e+01,
9504,-8.00e-03,2.32e+01,
9505,-8.00e-03,2.32e+01,
9506,-1.20e-02,2.32e+01,
9507,-8.00e-03,2.34e+01,
9508,-8.00e-03,2.32e+01,
9509,-8.00e-03,2.30e+01,
9510,-8.00e-03,2.30e+01,
9511,-8.00e-03,2.32e+01,
9512,-8.00e-03,2.30e+01,
9513,-8.00e-03,2.30e+01,
9514,-1.20e-02,2.30e+01,
9515,-8.00e-03,2.30e+01,
9516,-8.00e-03,2.30e+01,
9517,-8.00e-03,2.28e+01,
9518,-8.00e-03,2.30e+01,
9519,-8.00e-03,2.30e+01,
9520,-8.00e-03,2.28e+01,
9521,-8.00e-03,2.28e+01,
9522,-8.00e-03,2.28e+01,
9523,-8.00e-03,2.30e+01,
9524,-8.00e-03,2.28e+01,
9525,-8.00e-03,2.28e+01,
9526,-8.00e-03,2.28e+01,
9527,-8.00e-03,2.28e+01,
9528,-8.00e-03,2.24e+01,
9529,-8.00e-03,2.24e+01,
9530,-1.20e-02,2.24e+01,
9531,-8.00e-03,2.28e+01,
9532,-8.00e-03,2.24e+01,
9533,-8.00e-03,2.22e+01,
9534,-8.00e-03,2.22e+01,
9535,-8.00e-03,2.24e+01,
9536,-8.00e-03,2.22e+01,
9537,-8.00e-03,2.22e+01,
9538,-1.20e-02,2.20e+01,
9539,-8.00e-03,2.22e+01,
9540,-1.20e-02,2.22e+01,
9541,-1.20e-02,2.20e+01,
9542,-1.20e-02,2.18e+01,
9543,-8.00e-03,2.20e+01,
9544,-1.20e-02,2.18e+01,
9545,-8.00e-03,2.18e+01,
9546,-8.00e-03,2.18e+01,
9547,-8.00e-03,2.18e+01,
9548,-1.20e-02,2.16e+01,
9549,-8.00e-03,2.16e+01,
9550,-8.00e-03,2.16e+01,
9551,-8.00e-03,2.16e+01,
9552,-1.20e-02,2.14e+01,
9553,-8.00e-03,2.14e+01,
9554,-1.20e-02,2.14e+01,
9555,-8.00e-03,2.14e+01,
9556,-8.00e-03,2.12e+01,
9557,-8.00e-03,2.12e+01,
9558,-8.00e-03,2.12e+01,
9559,-8.00e-03,2.12e+01,
9560,-1.20e-02,2.10e+01,
9561,-8.00e-03,2.08e+01,
9562,-1.20e-02,2.08e+01,
9563,-8.00e-03,2.10e+01,
9564,-8.00e-03,2.08e+01,
9565,-8.00e-03,2.06e+01,
9566,-1.20e-02,2.06e+01,
9567,-8.00e-03,2.06e+01,
9568,-8.00e-03,2.04e+01,
9569,-1.20e-02,2.04e+01,
9570,-1.20e-02,2.04e+01,
9571,-8.00e-03,2.04e+01,
9572,-8.00e-03,2.02e+01,
9573,-8.00e-03,2.02e+01,
9574,-8.00e-03,2.00e+01,
9575,-8.00e-03,2.02e+01,
9576,-8.00e-03,2.00e+01,
9577,-8.00e-03,1.98e+01,
9578,-1.20e-02,1.98e+01,
9579,-8.00e-03,1.98e+01,
9580,-8.00e-03,1.96e+01,
9581,-8.00e-03,1.94e+01,
9582,-8.00e-03,1.96e+01,
9583,-8.00e-03,1.96e+01,
9584,-8.00e-03,1.94e+01,
9585,-8.00e-03,1.94e+01,
9586,-1.20e-02,1.92e+01,
9587,-8.00e-03,1.92e+01,
9588,-8.00e-03,1.92e+01,
9589,-1.20e-02,1.90e+01,
9590,-8.00e-03,1.90e+01,
9591,-8.00e-03,1.90e+01,
9592,-1.20e-02,1.86e+01,
9593,-1.20e-02,1.86e+01,
9594,-1.20e-02,1.86e+01,
9595,-8.00e-03,1.86e+01,
9596,-8.00e-03,1.84e+01,
9597,-1.20e-02,1.82e+01,
9598,-1.20e-02,1.82e+01,
9599,-8.00e-03,1.82e+01,
9600,-8.00e-03,1.80e+01,
9601,-8.00e-03,1.80e+01,
9602,-1.20e-02,1.80e+01,
9603,-8.00e-03,1.80e+01,
9604,-1.20e-02,1.78e+01,
9605,-1.20e-02,1.76e+01,
9606,-1.20e-02,1.76e+01,
9607,-8.00e-03,1.76e+01,
9608,-8.00e-03,1.76e+01,
9609,-8.00e-03,1.74e+01,
9610,-1.20e-02,1.74e+01,
9611,-8.00e-03,1.74e+01,
9612,-8.00e-03,1.72e+01,
9613,-1.20e-02,1.72e+01,
9614,-8.00e-03,1.70e+01,
9615,-8.00e-03,1.72e+01,
9616,-8.00e-03,1.70e+01,
9617,-8.00e-03,1.68e+01,
9618,-1.20e-02,1.68e+01,
9619,-8.00e-03,1.68e+01,
9620,-8.00e-03,1.68e+01,
9621,-8.00e-03,1.66e+01,
9622,-8.00e-03,1.66e+01,
9623,-8.00e-03,1.66e+01,
9624,-1.20e-02,1.64e+01,
9625,-8.00e-03,1.64e+01,
9626,-1.20e-02,1.64e+01,
9627,-8.00e-03,1.64e+01,
9628,-8.00e-03,1.62e+01,
9629,-1.20e-02,1.62e+01,
9630,-8.00e-03,1.62e+01,
9631,-8.00e-03,1.62e+01,
9632,-8.00e-03,1.60e+01,
9633,-8.00e-03,1.60e+01,
9634,-1.20e-02,1.58e+01,
9635,-8.00e-03,1.60e+01,
9636,-8.00e-03,1.58e+01,
9637,-8.00e-03,1.58e+01,
9638,-8.00e-03,1.56e+01,
9639,-8.00e-03,1.58e+01,
9640,-8.00e-03,1.56e+01,
9641,-8.00e-03,1.54e+01,
9642,-8.00e-03,1.56e+01,
9643,-8.00e-03,1.54e+01,
9644,-8.00e-03,1.54e+01,
9645,-1.20e-02,1.54e+01,
9646,-8.00e-03,1.50e+01,
9647,-8.00e-03,1.50e+01,
9648,-8.00e-03,1.50e+01,
9649,-8.00e-03,1.48e+01,
9650,-1.20e-02,1.48e+01,
9651,-8.00e-03,1.48e+01,
9652,-8.00e-03,1.48e+01,
9653,-8.00e-03,1.46e+01,
9654,-8.00e-03,1.46e+01,
9655,-8.00e-03,1.48e+01,
9656,-8.00e-03,1.44e+01,
9657,-8.00e-03,1.44e+01,
9658,-8.00e-03,1.46e+01,
9659,-8.00e-03,1.46e+01,
9660,-8.00e-03,1.44e+01,
9661,-8.00e-03,1.44e+01,
9662,-8.00e-03,1.44e+01,
9663,-8.00e-03,1.44e+01,
9664,-8.00e-03,1.42e+01,
9665,-8.00e-03,1.42e+01,
9666,-1.20e-02,1.42e+01,
9667,-8.00e-03,1.44e+01,
9668,-8.00e-03,1.42e+01,
9669,-8.00e-03,1.40e+01,
9670,-8.00e-03,1.40e+01,
9671,-8.00e-03,1.42e+01,
9672,-8.00e-03,1.40e+01,
9673,-8.00e-03,1.40e+01,
9674,-8.00e-03,1.40e+01,
9675,-4.00e-03,1.40e+01,
9676,-8.00e-03,1.38e+01,
9677,-8.00e-03,1.38e+01,
9678,-8.00e-03,1.38e+01,
9679,-8.00e-03,1.38e+01,
9680,-8.00e-03,1.38e+01,
9681,-8.00e-03,1.38e+01,
9682,-8.00e-03,1.38e+01,
9683,-4.00e-03,1.38e+01,
9684,-8.00e-03,1.36e+01,
9685,-4.00e-03,1.38e+01,
9686,-8.00e-03,1.36e+01,
9687,-8.00e-03,1.38e+01,
9688,-8.00e-03,1.36e+01,
9689,-8.00e-03,1.36e+01,
9690,-1.20e-02,1.36e+01,
9691,-4.00e-03,1.38e+01,
9692,-8.00e-03,1.36e+01,
9693,-8.00e-03,1.34e+01,
9694,-8.00e-03,1.36e+01,
9695,-8.00e-03,1.36e+01,
9696,-8.00e-03,1.34e+01,
9697,-8.00e-03,1.34e+01,
9698,-8.00e-03,1.36e+01,
9699,-8.00e-03,1.36e+01,
9700,-8.00e-03,1.34e+01,
9701,-8.00e-03,1.34e+01,
9702,-8.00e-03,1.34e+01,
9703,-8.00e-03,1.36e+01,
9704,-8.00e-03,1.34e+01,
9705,-4.00e-03,1.34e+01,
9706,-8.00e-03,1.34e+01,
9707,-4.00e-03,1.36e+01,
9708,-8.00e-03,1.34e+01,
9709,-8.00e-03,1.34e+01,
9710,-4.00e-03,1.34e+01,
9711,-4.00e-03,1.36e+01,
9712,-8.00e-03,1.34e+01,
9713,-8.00e-03,1.34e+01,
9714,-8.00e-03,1.34e+01,
9715,-4.00e-03,1.36e+01,
9716,-8.00e-03,1.36e+01,
9717,-8.00e-03,1.36e+01,
9718,-8.00e-03,1.36e+01,
9719,-8.00e-03,1.36e+01,
9720,-4.00e-03,1.34e+01,
9721,-4.00e-03,1.36e+01,
9722,-8.00e-03,1.36e+01,
9723,-4.00e-03,1.36e+01,
9724,-8.00e-03,1.36e+01,
9725,-8.00e-03,1.36e+01,
9726,-8.00e-03,1.36e+01,
9727,-8.00e-03,1.38e+01,
9728,-8.00e-03,1.36e+01,
9729,-4.00e-03,1.36e+01,
9730,-8.00e-03,1.38e+01,
9731,-4.00e-03,1.38e+01,
9732,-8.00e-03,1.38e+01,
9733,-8.00e-03,1.38e+01,
9734,-8.00e-03,1.38e+01,
9735,-8.00e-03,1.38e+01,
9736,-8.00e-03,1.38e+01,
9737,-4.00e-03,1.38e+01,
9738,-8.00e-03,1.38e+01,
9739,-8.00e-03,1.40e+01,
9740,-8.00e-03,1.38e+01,
9741,-8.00e-03,1.40e+01,
9742,-8.00e-03,1.40e+01,
9743,-4.00e-03,1.40e+01,
9744,-8.00e-03,1.40e+01,
9745,-4.00e-03,1.40e+01,
9746,-8.00e-03,1.40e+01,
9747,-4.00e-03,1.42e+01,
9748,-8.00e-03,1.42e+01,
9749,-4.00e-03,1.42e+01,
9750,-8.00e-03,1.42e+01,
9751,-4.00e-03,1.42e+01,
9752,-8.00e-03,1.42e+01,
9753,-4.00e-03,1.42e+01,
9754,-8.00e-03,1.44e+01,
9755,-4.00e-03,1.44e+01,
9756,-8.00e-03,1.44e+01,
9757,-8.00e-03,1.44e+01,
9758,-8.00e-03,1.44e+01,
9759,-4.00e-03,1.46e+01,
9760,-8.00e-03,1.44e+01,
9761,-4.00e-03,1.46e+01,
9762,-8.00e-03,1.46e+01,
9763,-4.00e-03,1.48e+01,
9764,-8.00e-03,1.46e+01,
9765,-8.00e-03,1.48e+01,
9766,-8.00e-03,1.48e+01,
9767,-4.00e-03,1.50e+01,
9768,-8.00e-03,1.48e+01,
9769,-8.00e-03,1.50e+01,
9770,-8.00e-03,1.54e+01,
9771,-8.00e-03,1.54e+01,
9772,-8.00e-03,1.50e+01,
9773,-8.00e-03,1.54e+01,
9774,-8.00e-03,1.54e+01,
9775,-8.00e-03,1.56e+01,
9776,-8.00e-03,1.54e+01,
9777,-4.00e-03,1.56e+01,
9778,-8.00e-03,1.56e+01,
9779,-4.00e-03,1.58e+01,
9780,-8.00e-03,1.58e+01,
9781,-8.00e-03,1.58e+01,
9782,-8.00e-03,1.58e+01,
9783,-8.00e-03,1.60e+01,
9784,-8.00e-03,1.60e+01,
9785,-4.00e-03,1.60e+01,
9786,-8.00e-03,1.62e+01,
9787,-8.00e-03,1.62e+01,
9788,-8.00e-03,1.62e+01,
9789,-8.00e-03,1.62e+01,
9790,-8.00e-03,1.62e+01,
9791,-4.00e-03,1.64e+01,
9792,-8.00e-03,1.64e+01,
9793,-8.00e-03,1.64e+01,
9794,-1.20e-02,1.64e+01,
9795,-4.00e-03,1.66e+01,
9796,-8.00e-03,1.66e+01,
9797,-8.00e-03,1.66e+01,
9798,-8.00e-03,1.66e+01,
9799,-8.00e-03,1.68e+01,
9800,-8.00e-03,1.68e+01,
9801,-4.00e-03,1.68e+01,
9802,-8.00e-03,1.70e+01,
9803,-4.00e-03,1.72e+01,
9804,-8.00e-03,1.70e+01,
9805,-8.00e-03,1.72e+01,
9806,-8.00e-03,1.72e+01,
9807,-4.00e-03,1.74e+01,
9808,-4.00e-03,1.74e+01,
9809,-4.00e-03,1.74e+01,
9810,-8.00e-03,1.76e+01,
9811,-8.00e-03,1.76e+01,
9812,-8.00e-03,1.76e+01,
9813,-8.00e-03,1.76e+01,
9814,-8.00e-03,1.76e+01,
9815,-4.00e-03,1.78e+01,
9816,-8.00e-03,1.78e+01,
9817,-8.00e-03,1.78e+01,
9818,-8.00e-03,1.80e+01,
9819,-4.00e-03,1.82e+01,
9820,-8.00e-03,1.80e+01,
9821,-8.00e-03,1.82e+01,
9822,-8.00e-03,1.82e+01,
9823,-4.00e-03,1.84e+01,
9824,-8.00e-03,1.84e+01,
9825,-8.00e-03,1.84e+01,
9826,-1.20e-02,1.86e+01,
9827,-8.00e-03,1.86e+01,
9828,-8.00e-03,1.86e+01,
9829,-8.00e-03,1.86e+01,
9830,-8.00e-03,1.90e+01,
9831,-8.00e-03,1.92e+01,
9832,-8.00e-03,1.90e+01,
9833,-4.00e-03,1.92e+01,
9834,-8.00e-03,1.94e+01,
9835,-4.00e-03,1.94e+01,
9836,-8.00e-03,1.94e+01,
9837,-8.00e-03,1.92e+01,
9838,-8.00e-03,1.94e+01,
9839,-8.00e-03,1.96e+01,
9840,-8.00e-03,1.96e+01,
9841,-8.00e-03,1.96e+01,
9842,-1.20e-02,1.98e+01,
9843,-8.00e-03,2.00e+01,
9844,-8.00e-03,1.98e+01,
9845,-8.00e-03,1.98e+01,
9846,-8.00e-03,2.00e+01,
9847,-4.00e-03,2.00e+01,
9848,-8.00e-03,2.00e+01,
9849,-4.00e-03,2.02e+01,
9850,-8.00e-03,2.02e+01,
9851,-4.00e-03,2.06e+01,
9852,-8.00e-03,2.04e+01,
9853,-8.00e-03,2.02e+01,
9854,-8.00e-03,2.04e+01,
9855,-4.00e-03,2.06e+01,
9856,-8.00e-03,2.06e+01,
9857,-8.00e-03,2.06e+01,
9858,-8.00e-03,2.06e+01,
9859,-8.00e-03,2.08e+01,
9860,-8.00e-03,2.08e+01,
9861,-8.00e-03,2.06e+01,
9862,-8.00e-03,2.08e+01,
9863,-4.00e-03,2.12e+01,
9864,-8.00e-03,2.10e+01,
9865,-4.00e-03,2.10e+01,
9866,-8.00e-03,2.12e+01,
9867,-4.00e-03,2.12e+01,
9868,-8.00e-03,2.12e+01,
9869,-8.00e-03,2.12e+01,
9870,-8.00e-03,2.12e+01,
9871,-8.00e-03,2.14e+01,
9872,-8.00e-03,2.14e+01,
9873,-8.00e-03,2.12e+01,
9874,-8.00e-03,2.14e+01,
9875,-8.00e-03,2.16e+01,
9876,-8.00e-03,2.16e+01,
9877,-8.00e-03,2.16e+01,
9878,-8.00e-03,2.16e+01,
9879,-8.00e-03,2.18e+01,
9880,-8.00e-03,2.16e+01,
9881,-8.00e-03,2.16e+01,
9882,-8.00e-03,2.18e+01,
9883,-8.00e-03,2.20e+01,
9884,-8.00e-03,2.18e+01,
9885,-8.00e-03,2.18e+01,
9886,-8.00e-03,2.18e+01,
9887,-4.00e-03,2.20e+01,
9888,-8.00e-03,2.20e+01,
9889,-8.00e-03,2.20e+01,
9890,-1.20e-02,2.20e+01,
9891,-8.00e-03,2.22e+01,
9892,-8.00e-03,2.20e+01,
9893,-8.00e-03,2.20e+01,
9894,-8.00e-03,2.20e+01,
9895,-4.00e-03,2.22e+01,
9896,-8.00e-03,2.22e+01,
9897,-8.00e-03,2.22e+01,
9898,-8.00e-03,2.22e+01,
9899,-8.00e-03,2.24e+01,
9900,-8.00e-03,2.22e+01,
9901,-8.00e-03,2.22e+01,
9902,-8.00e-03,2.22e+01,
9903,-8.00e-03,2.24e+01,
9904,-8.00e-03,2.24e+01,
9905,-8.00e-03,2.24e+01,
9906,-8.00e-03,2.24e+01,
9907,-8.00e-03,2.24e+01,
9908,-8.00e-03,2.24e+01,
9909,-8.00e-03,2.24e+01,
9910,-1.20e-02,2.24e+01,
9911,-8.00e-03,2.28e+01,
9912,-1.20e-02,2.24e+01,
9913,-8.00e-03,2.24e+01,
9914,-1.20e-02,2.24e+01,
9915,-8.00e-03,2.28e+01,
9916,-8.00e-03,2.28e+01,
9917,-8.00e-03,2.24e+01,
9918,-8.00e-03,2.24e+01,
9919,-8.00e-03,2.28e+01,
9920,-8.00e-03,2.24e+01,
9921,-8.00e-03,2.24e+01,
9922,-8.00e-03,2.24e+01,
9923,-8.00e-03,2.24e+01,
9924,-8.00e-03,2.24e+01,
9925,-1.20e-02,2.24e+01,
9926,-8.00e-03,2.24e+01,
9927,-8.00e-03,2.28e+01,
9928,-8.00e-03,2.24e+01,
9929,-8.00e-03,2.22e+01,
9930,-8.00e-03,2.24e+01,
9931,-8.00e-03,2.28e+01,
9932,-8.00e-03,2.22e+01,
9933,-8.00e-03,2.22e+01,
9934,-1.20e-02,2.22e+01,
9935,-8.00e-03,2.24e+01,
9936,-8.00e-03,2.22e+01,
9937,-8.00e-03,2.22e+01,
9938,-1.20e-02,2.22e+01,
9939,-8.00e-03,2.22e+01,
9940,-8.00e-03,2.22e+01,
9941,-8.00e-03,2.22e+01,
9942,-8.00e-03,2.22e+01,
9943,-8.00e-03,2.22e+01,
9944,-8.00e-03,2.20e+01,
9945,-8.00e-03,2.20e+01,
9946,-1.20e-02,2.20e+01,
9947,-8.00e-03,2.22e+01,
9948,-8.00e-03,2.20e+01,
9949,-8.00e-03,2.18e+01,
9950,-1.20e-02,2.20e+01,
9951,-8.00e-03,2.20e+01,
9952,-8.00e-03,2.18e+01,
9953,-8.00e-03,2.18e+01,
9954,-8.00e-03,2.18e+01,
9955,-8.00e-03,2.20e+01,
9956,-1.20e-02,2.16e+01,
9957,-8.00e-03,2.16e+01,
9958,-8.00e-03,2.16e+01,
9959,-8.00e-03,2.18e+01,
9960,-1.20e-02,2.16e+01,
9961,-8.00e-03,2.14e+01,
9962,-8.00e-03,2.16e+01,
9963,-8.00e-03,2.16e+01,
9964,-8.00e-03,2.14e+01,
9965,-1.20e-02,2.12e+01,
9966,-1.20e-02,2.12e+01,
9967,-8.00e-03,2.14e+01,
9968,-1.20e-02,2.12e+01,
9969,-8.00e-03,2.10e+01,
9970,-8.00e-03,2.12e+01,
9971,-8.00e-03,2.12e+01,
9972,-1.20e-02,2.10e+01,
9973,-8.00e-03,2.10e+01,
9974,-1.20e-02,2.10e+01,
9975,-8.00e-03,2.10e+01,
9976,-1.20e-02,2.08e+01,
9977,-8.00e-03,2.08e+01,
9978,-1.20e-02,2.06e+01,
9979,-8.00e-03,2.08e+01,
9980,-1.20e-02,2.06e+01,
9981,-8.00e-03,2.04e+01,
9982,-1.20e-02,2.06e+01,
9983,-8.00e-03,2.06e+01,
9984,-8.00e-03,2.04e+01,
9985,-8.00e-03,2.02e+01,
9986,-8.00e-03,2.02e+01,
9987,-1.20e-02,2.04e+01,
9988,-8.00e-03,2.02e+01,
9989,-8.00e-03,2.00e+01,
9990,-1.20e-02,2.00e+01,
9991,-8.00e-03,2.00e+01,
9992,-8.00e-03,2.00e+01,
9993,-8.00e-03,1.98e+01,
9994,-1.20e-02,1.96e+01,
9995,-8.00e-03,1.98e+01,
9996,-1.20e-02,1.98e+01,
9997,-8.00e-03,1.96e+01,
9998,-1.20e-02,1.96e+01,
9999,-8.00e-03,1.96e+01,
10000,-8.00e-03,1.94e+01,
10001,-8.00e-03,1.94e+01,
10002,-1.20e-02,1.94e+01,
10003,-8.00e-03,1.92e+01,
10004,-8.00e-03,1.92e+01,
10005,-8.00e-03,1.92e+01,
10006,-1.20e-02,1.90e+01,
10007,-8.00e-03,1.92e+01,
10008,-8.00e-03,1.86e+01,
10009,-8.00e-03,1.86e+01,
10010,-1.20e-02,1.86e+01,
10011,-8.00e-03,1.86e+01,
10012,-8.00e-03,1.86e+01,
10013,-8.00e-03,1.84e+01,
10014,-1.20e-02,1.84e+01,
10015,-8.00e-03,1.84e+01,
10016,-8.00e-03,1.82e+01,
10017,-8.00e-03,1.80e+01,
10018,-1.20e-02,1.82e+01,
10019,-8.00e-03,1.82e+01,
10020,-1.20e-02,1.80e+01,
10021,-8.00e-03,1.80e+01,
10022,-1.20e-02,1.78e+01,
10023,-8.00e-03,1.80e+01,
10024,-8.00e-03,1.76e+01,
10025,-8.00e-03,1.76e+01,
10026,-8.00e-03,1.76e+01,
10027,-8.00e-03,1.78e+01,
10028,-1.20e-02,1.76e+01,
10029,-8.00e-03,1.74e+01,
10030,-8.00e-03,1.74e+01,
10031,-8.00e-03,1.74e+01,
10032,-1.20e-02,1.72e+01,
10033,-8.00e-03,1.72e+01,
10034,-1.20e-02,1.70e+01,
10035,-8.00e-03,1.72e+01,
10036,-8.00e-03,1.70e+01,
10037,-8.00e-03,1.70e+01,
10038,-8.00e-03,1.68e+01,
10039,-8.00e-03,1.70e+01,
10040,-1.20e-02,1.68e+01,
10041,-8.00e-03,1.68e+01,
10042,-1.20e-02,1.66e+01,
10043,-8.00e-03,1.68e+01,
10044,-8.00e-03,1.66e+01,
10045,-8.00e-03,1.64e+01,
10046,-8.00e-03,1.64e+01,
10047,-8.00e-03,1.64e+01,
10048,-8.00e-03,1.62e+01,
10049,-8.00e-03,1.62e+01,
10050,-1.20e-02,1.62e+01,
10051,-8.00e-03,1.62e+01,
10052,-8.00e-03,1.60e+01,
10053,-8.00e-03,1.60e+01,
10054,-8.00e-03,1.60e+01,
10055,-8.00e-03,1.60e+01,
10056,-8.00e-03,1.58e+01,
10057,-8.00e-03,1.58e+01,
10058,-8.00e-03,1.58e+01,
10059,-8.00e-03,1.58e+01,
10060,-1.20e-02,1.56e+01,
10061,-8.00e-03,1.56e+01,
10062,-1.20e-02,1.56e+01,
10063,-8.00e-03,1.56e+01,
10064,-8.00e-03,1.56e+01,
10065,-8.00e-03,1.54e+01,
10066,-1.20e-02,1.56e+01,
10067,-8.00e-03,1.56e+01,
10068,-8.00e-03,1.54e+01,
10069,-8.00e-03,1.54e+01,
10070,-8.00e-03,1.54e+01,
10071,-8.00e-03,1.54e+01,
10072,-8.00e-03,1.50e+01,
10073,-8.00e-03,1.50e+01,
10074,-1.20e-02,1.48e+01,
10075,-8.00e-03,1.50e+01,
10076,-8.00e-03,1.48e+01,
10077,-8.00e-03,1.48e+01,
10078,-8.00e-03,1.48e+01,
10079,-4.00e-03,1.48e+01,
10080,-8.00e-03,1.46e+01,
10081,-8.00e-03,1.46e+01,
10082,-1.20e-02,1.46e+01,
10083,-8.00e-03,1.46e+01,
10084,-8.00e-03,1.46e+01,
10085,-8.00e-03,1.46e+01,
10086,-8.00e-03,1.44e+01,
10087,-8.00e-03,1.44e+01,
10088,-8.00e-03,1.44e+01,
10089,-8.00e-03,1.44e+01,
10090,-8.00e-03,1.44e+01,
10091,-8.00e-03,1.44e+01,
10092,-1.20e-02,1.42e+01,
10093,-8.00e-03,1.44e+01,
10094,-8.00e-03,1.42e+01,
10095,-4.00e-03,1.42e+01,
10096,-8.00e-03,1.42e+01,
10097,-8.00e-03,1.42e+01,
10098,-8.00e-03,1.42e+01,
10099,-8.00e-03,1.42e+01,
10100,-8.00e-03,1.40e+01,
10101,-8.00e-03,1.40e+01,
10102,-8.00e-03,1.40e+01,
10103,-8.00e-03,1.42e+01,
10104,-8.00e-03,1.40e+01,
10105,-8.00e-03,1.40e+01,
10106,-8.00e-03,1.40e+01,
10107,-8.00e-03,1.42e+01,
10108,-8.00e-03,1.40e+01,
10109,-8.00e-03,1.40e+01,
10110,-8.00e-03,1.38e+01,
10111,-8.00e-03,1.40e+01,
10112,-8.00e-03,1.40e+01,
10113,-8.00e-03,1.38e+01,
10114,-1.20e-02,1.40e+01,
10115,-8.00e-03,1.40e+01,
10116,-8.00e-03,1.40e+01,
10117,-8.00e-03,1.38e+01,
10118,-8.00e-03,1.38e+01,
10119,-8.00e-03,1.40e+01,
10120,-8.00e-03,1.38e+01,
10121,-4.00e-03,1.38e+01,
10122,-8.00e-03,1.38e+01,
10123,-4.00e-03,1.40e+01,
10124,-8.00e-03,1.40e+01,
10125,-8.00e-03,1.38e+01,
10126,-8.00e-03,1.38e+01,
10127,-4.00e-03,1.40e+01,
10128,-8.00e-03,1.38e+01,
10129,-8.00e-03,1.38e+01,
10130,-8.00e-03,1.38e+01,
10131,-4.00e-03,1.38e+01,
10132,-8.00e-03,1.38e+01,
10133,-8.00e-03,1.38e+01,
10134,-8.00e-03,1.38e+01,
10135,-8.00e-03,1.38e+01,
10136,-8.00e-03,1.38e+01,
10137,-8.00e-03,1.38e+01,
10138,-8.00e-03,1.40e+01,
10139,-4.00e-03,1.40e+01,
10140,-8.00e-03,1.38e+01,
10141,-8.00e-03,1.38e+01,
10142,-8.00e-03,1.38e+01,
10143,-4.00e-03,1.40e+01,
10144,-8.00e-03,1.40e+01,
10145,-8.00e-03,1.38e+01,
10146,-8.00e-03,1.40e+01,
10147,-4.00e-03,1.40e+01,
10148,-8.00e-03,1.38e+01,
10149,-8.00e-03,1.40e+01,
10150,-8.00e-03,1.40e+01,
10151,-4.00e-03,1.40e+01,
10152,-8.00e-03,1.40e+01,
10153,-8.00e-03,1.40e+01,
10154,-8.00e-03,1.42e+01,
10155,-8.00e-03,1.42e+01,
10156,-8.00e-03,1.40e+01,
10157,-8.00e-03,1.40e+01,
10158,-8.00e-03,1.42e+01,
10159,-8.00e-03,1.44e+01,
10160,-8.00e-03,1.42e+01,
10161,-4.00e-03,1.42e+01,
10162,-8.00e-03,1.42e+01,
10163,-4.00e-03,1.42e+01,
10164,-4.00e-03,1.42e+01,
10165,-8.00e-03,1.42e+01,
10166,-8.00e-03,1.44e+01,
10167,-8.00e-03,1.44e+01,
10168,-8.00e-03,1.44e+01,
10169,-8.00e-03,1.44e+01,
10170,-8.00e-03,1.44e+01,
10171,-4.00e-03,1.46e+01,
10172,-8.00e-03,1.46e+01,
10173,-8.00e-03,1.44e+01,
10174,-8.00e-03,1.46e+01,
10175,-4.00e-03,1.46e+01,
10176,-8.00e-03,1.46e+01,
10177,-4.00e-03,1.46e+01,
10178,-8.00e-03,1.46e+01,
10179,-4.00e-03,1.48e+01,
10180,-8.00e-03,1.48e+01,
10181,-8.00e-03,1.48e+01,
10182,-8.00e-03,1.48e+01,
10183,-4.00e-03,1.54e+01,
10184,-4.00e-03,1.50e+01,
10185,-4.00e-03,1.48e+01,
10186,-8.00e-03,1.50e+01,
10187,-4.00e-03,1.50e+01,
10188,-8.00e-03,1.50e+01,
10189,-8.00e-03,1.54e+01,
10190,-8.00e-03,1.54e+01,
10191,-4.00e-03,1.56e+01,
10192,-4.00e-03,1.54e+01,
10193,-4.00e-03,1.54e+01,
10194,-8.00e-03,1.56e+01,
10195,-4.00e-03,1.58e+01,
10196,-4.00e-03,1.56e+01,
10197,-8.00e-03,1.56e+01,
10198,-8.00e-03,1.58e+01,
10199,-4.00e-03,1.58e+01,
10200,-8.00e-03,1.58e+01,
10201,-8.00e-03,1.58e+01,
10202,-8.00e-03,1.60e+01,
10203,-4.00e-03,1.62e+01,
10204,-8.00e-03,1.60e+01,
10205,-8.00e-03,1.60e+01,
10206,-8.00e-03,1.62e+01,
10207,-8.00e-03,1.64e+01,
10208,-8.00e-03,1.62e+01,
10209,-8.00e-03,1.62e+01,
10210,-8.00e-03,1.64e+01,
10211,-8.00e-03,1.66e+01,
10212,-8.00e-03,1.64e+01,
10213,-8.00e-03,1.64e+01,
10214,-8.00e-03,1.64e+01,
10215,-4.00e-03,1.66e+01,
10216,-8.00e-03,1.66e+01,
10217,-8.00e-03,1.66e+01,
10218,-8.00e-03,1.68e+01,
10219,-8.00e-03,1.70e+01,
10220,-8.00e-03,1.68e+01,
10221,-8.00e-03,1.70e+01,
10222,-8.00e-03,1.70e+01,
10223,-4.00e-03,1.72e+01,
10224,-8.00e-03,1.70e+01,
10225,-8.00e-03,1.72e+01,
10226,-8.00e-03,1.72e+01,
10227,-4.00e-03,1.74e+01,
10228,-8.00e-03,1.74e+01,
10229,-8.00e-03,1.72e+01,
10230,-8.00e-03,1.74e+01,
10231,-4.00e-03,1.76e+01,
10232,-8.00e-03,1.76e+01,
10233,-4.00e-03,1.76e+01,
10234,-8.00e-03,1.78e+01,
10235,-8.00e-03,1.78e+01,
10236,-8.00e-03,1.78e+01,
10237,-8.00e-03,1.78e+01,
10238,-8.00e-03,1.80e+01,
10239,-8.00e-03,1.82e+01,
10240,-8.00e-03,1.80e+01,
10241,-4.00e-03,1.80e+01,
10242,-8.00e-03,1.82e+01,
10243,-8.00e-03,1.84e+01,
10244,-8.00e-03,1.84e+01,
10245,-8.00e-03,1.82e+01,
10246,-8.00e-03,1.84e+01,
10247,-4.00e-03,1.86e+01,
10248,-8.00e-03,1.84e+01,
10249,-8.00e-03,1.86e+01,
10250,-8.00e-03,1.86e+01,
10251,-4.00e-03,1.90e+01,
10252,-8.00e-03,1.90e+01,
10253,-8.00e-03,1.90e+01,
10254,-8.00e-03,1.90e+01,
10255,-4.00e-03,1.92e+01,
10256,-8.00e-03,1.90e+01,
10257,-8.00e-03,1.92e+01,
10258,-1.20e-02,1.92e+01,
10259,-8.00e-03,1.94e+01,
10260,-8.00e-03,1.94e+01,
10261,-8.00e-03,1.94e+01,
10262,-8.00e-03,1.96e+01,
10263,-8.00e-03,1.98e+01,
10264,-8.00e-03,1.96e+01,
10265,-8.00e-03,1.96e+01,
10266,-1.20e-02,1.98e+01,
10267,-8.00e-03,2.00e+01,
10268,-8.00e-03,1.98e+01,
10269,-8.00e-03,2.00e+01,
10270,-8.00e-03,2.00e+01,
10271,-8.00e-03,2.00e+01,
10272,-8.00e-03,2.00e+01,
10273,-8.00e-03,2.00e+01,
10274,-8.00e-03,2.00e+01,
10275,-4.00e-03,2.04e+01,
10276,-8.00e-03,2.04e+01,
10277,-8.00e-03,2.02e+01,
10278,-8.00e-03,2.04e+01,
10279,-4.00e-03,2.06e+01,
10280,-8.00e-03,2.04e+01,
10281,-8.00e-03,2.04e+01,
10282,-8.00e-03,2.06e+01,
10283,-4.00e-03,2.08e+01,
10284,-8.00e-03,2.06e+01,
10285,-4.00e-03,2.06e+01,
10286,-8.00e-03,2.08e+01,
10287,-4.00e-03,2.08e+01,
10288,-8.00e-03,2.08e+01,
10289,-8.00e-03,2.08e+01,
10290,-8.00e-03,2.10e+01,
10291,-8.00e-03,2.10e+01,
10292,-8.00e-03,2.10e+01,
10293,-8.00e-03,2.10e+01,
10294,-8.00e-03,2.10e+01,
10295,-8.00e-03,2.12e+01,
10296,-8.00e-03,2.10e+01,
10297,-8.00e-03,2.12e+01,
10298,-8.00e-03,2.12e+01,
10299,-8.00e-03,2.14e+01,
10300,-8.00e-03,2.12e+01,
10301,-8.00e-03,2.12e+01,
10302,-1.20e-02,2.14e+01,
10303,-8.00e-03,2.14e+01,
10304,-8.00e-03,2.14e+01,
10305,-8.00e-03,2.14e+01,
10306,-8.00e-03,2.14e+01,
10307,-8.00e-03,2.16e+01,
10308,-8.00e-03,2.16e+01,
10309,-8.00e-03,2.16e+01,
10310,-8.00e-03,2.14e+01,
10311,-8.00e-03,2.16e+01,
10312,-8.00e-03,2.16e+01,
10313,-8.00e-03,2.16e+01,
10314,-8.00e-03,2.16e+01,
10315,-8.00e-03,2.18e+01,
10316,-8.00e-03,2.18e+01,
10317,-8.00e-03,2.16e+01,
10318,-1.20e-02,2.18e+01,
10319,-8.00e-03,2.20e+01,
10320,-8.00e-03,2.18e+01,
10321,-8.00e-03,2.18e+01,
10322,-8.00e-03,2.18e+01,
10323,-8.00e-03,2.20e+01,
10324,-8.00e-03,2.18e+01,
10325,-8.00e-03,2.18e+01,
10326,-1.20e-02,2.18e+01,
10327,-8.00e-03,2.20e+01,
10328,-8.00e-03,2.20e+01,
10329,-8.00e-03,2.18e+01,
10330,-8.00e-03,2.18e+01,
10331,-8.00e-03,2.20e+01,
10332,-8.00e-03,2.18e+01,
10333,-8.00e-03,2.18e+01,
10334,-1.20e-02,2.20e+01,
10335,-8.00e-03,2.20e+01,
10336,-1.20e-02,2.18e+01,
10337,-8.00e-03,2.18e+01,
10338,-8.00e-03,2.20e+01,
10339,-8.00e-03,2.20e+01,
10340,-1.20e-02,2.20e+01,
10341,-8.00e-03,2.20e+01,
10342,-8.00e-03,2.18e+01,
10343,-8.00e-03,2.20e+01,
10344,-8.00e-03,2.20e+01,
10345,-8.00e-03,2.18e+01,
10346,-1.20e-02,2.18e+01,
10347,-8.00e-03,2.20e+01,
10348,-8.00e-03,2.18e+01,
10349,-8.00e-03,2.18e+01,
10350,-1.20e-02,2.18e+01,
10351,-8.00e-03,2.20e+01,
10352,-8.00e-03,2.18e+01,
10353,-8.00e-03,2.18e+01,
10354,-1.20e-02,2.18e+01,
10355,-8.00e-03,2.20e+01,
10356,-1.20e-02,2.16e+01,
10357,-8.00e-03,2.18e+01,
10358,-8.00e-03,2.16e+01,
10359,-8.00e-03,2.18e+01,
10360,-1.20e-02,2.18e+01,
10361,-8.00e-03,2.16e+01,
10362,-1.20e-02,2.16e+01,
10363,-8.00e-03,2.18e+01,
10364,-8.00e-03,2.16e+01,
10365,-1.20e-02,2.16e+01,
10366,-1.20e-02,2.16e+01,
10367,-8.00e-03,2.16e+01,
10368,-8.00e-03,2.14e+01,
10369,-8.00e-03,2.14e+01,
10370,-1.20e-02,2.16e+01,
10371,-8.00e-03,2.14e+01,
10372,-1.20e-02,2.14e+01,
10373,-8.00e-03,2.12e+01,
10374,-1.20e-02,2.12e+01,
10375,-8.00e-03,2.14e+01,
10376,-8.00e-03,2.14e+01,
10377,-1.20e-02,2.12e+01,
10378,-8.00e-03,2.12e+01,
10379,-8.00e-03,2.12e+01,
10380,-8.00e-03,2.12e+01,
10381,-8.00e-03,2.10e+01,
10382,-8.00e-03,2.10e+01,
10383,-8.00e-03,2.12e+01,
10384,-8.00e-03,2.10e+01,
10385,-8.00e-03,2.10e+01,
10386,-1.20e-02,2.10e+01,
10387,-8.00e-03,2.10e+01,
10388,-1.20e-02,2.08e+01,
10389,-8.00e-03,2.08e+01,
10390,-1.20e-02,2.08e+01,
10391,-8.00e-03,2.08e+01,
10392,-1.20e-02,2.08e+01,
10393,-8.00e-03,2.06e+01,
10394,-1.20e-02,2.06e+01,
10395,-8.00e-03,2.06e+01,
10396,-1.20e-02,2.04e+01,
10397,-8.00e-03,2.04e+01,
10398,-8.00e-03,2.04e+01,
10399,-8.00e-03,2.04e+01,
10400,-8.00e-03,2.02e+01,
10401,-8.00e-03,2.02e+01,
10402,-1.20e-02,2.02e+01,
10403,-8.00e-03,2.02e+01,
10404,-1.20e-02,2.02e+01,
10405,-8.00e-03,2.00e+01,
10406,-8.00e-03,2.00e+01,
10407,-8.00e-03,2.00e+01,
10408,-8.00e-03,1.98e+01,
10409,-8.00e-03,1.98e+01,
10410,-1.20e-02,1.98e+01,
10411,-8.00e-03,1.98e+01,
10412,-1.20e-02,1.98e+01,
10413,-8.00e-03,1.94e+01,
10414,-8.00e-03,1.96e+01,
10415,-8.00e-03,1.96e+01,
10416,-8.00e-03,1.94e+01,
10417,-8.00e-03,1.94e+01,
10418,-1.20e-02,1.94e+01,
10419,-8.00e-03,1.94e+01,
10420,-1.20e-02,1.92e+01,
10421,-1.20e-02,1.90e+01,
10422,-1.20e-02,1.92e+01,
10423,-8.00e-03,1.92e+01,
10424,-8.00e-03,1.90e+01,
10425,-8.00e-03,1.86e+01,
10426,-1.20e-02,1.90e+01,
10427,-8.00e-03,1.90e+01,
10428,-1.20e-02,1.86e+01,
10429,-8.00e-03,1.84e+01,
10430,-1.20e-02,1.86e+01,
10431,-8.00e-03,1.86e+01,
10432,-8.00e-03,1.84e+01,
10433,-8.00e-03,1.82e+01,
10434,-8.00e-03,1.84e+01,
10435,-8.00e-03,1.84e+01,
10436,-8.00e-03,1.82e+01,
10437,-8.00e-03,1.80e+01,
10438,-8.00e-03,1.80e+01,
10439,-8.00e-03,1.82e+01,
10440,-8.00e-03,1.78e+01,
10441,-8.00e-03,1.78e+01,
10442,-1.20e-02,1.78e+01,
10443,-8.00e-03,1.78e+01,
10444,-1.20e-02,1.76e+01,
10445,-8.00e-03,1.76e+01,
10446,-8.00e-03,1.76e+01,
10447,-8.00e-03,1.78e+01,
10448,-8.00e-03,1.74e+01,
10449,-8.00e-03,1.74e+01,
10450,-1.20e-02,1.74e+01,
10451,-8.00e-03,1.74e+01,
10452,-1.20e-02,1.72e+01,
10453,-8.00e-03,1.72e+01,
10454,-8.00e-03,1.72e+01,
10455,-8.00e-03,1.72e+01,
10456,-8.00e-03,1.70e+01,
10457,-8.00e-03,1.70e+01,
10458,-1.20e-02,1.70e+01,
10459,-8.00e-03,1.70e+01,
10460,-1.20e-02,1.68e+01,
10461,-8.00e-03,1.68e+01,
10462,-8.00e-03,1.68e+01,
10463,-8.00e-03,1.68e+01,
10464,-8.00e-03,1.66e+01,
10465,-8.00e-03,1.66e+01,
10466,-1.20e-02,1.66e+01,
10467,-8.00e-03,1.66e+01,
10468,-1.20e-02,1.64e+01,
10469,-8.00e-03,1.64e+01,
10470,-8.00e-03,1.64e+01,
10471,-8.00e-03,1.64e+01,
10472,-8.00e-03,1.62e+01,
10473,-8.00e-03,1.62e+01,
10474,-8.00e-03,1.62e+01,
10475,-8.00e-03,1.62e+01,
10476,-8.00e-03,1.60e+01,
10477,-8.00e-03,1.60e+01,
10478,-8.00e-03,1.60e+01,
10479,-8.00e-03,1.60e+01,
10480,-8.00e-03,1.58e+01,
10481,-8.00e-03,1.58e+01,
10482,-1.20e-02,1.58e+01,
10483,-4.00e-03,1.58e+01,
10484,-8.00e-03,1.56e+01,
10485,-8.00e-03,1.56e+01,
10486,-8.00e-03,1.56e+01,
10487,-8.00e-03,1.56e+01,
10488,-8.00e-03,1.56e+01,
10489,-8.00e-03,1.56e+01,
10490,-1.20e-02,1.54e+01,
10491,-8.00e-03,1.56e+01,
10492,-8.00e-03,1.54e+01,
10493,-8.00e-03,1.54e+01,
10494,-8.00e-03,1.54e+01,
10495,-8.00e-03,1.54e+01,
10496,-8.00e-03,1.50e+01,
10497,-8.00e-03,1.50e+01,
10498,-1.20e-02,1.50e+01,
10499,-8.00e-03,1.50e+01,
10500,-8.00e-03,1.48e+01,
10501,-8.00e-03,1.48e+01,
10502,-8.00e-03,1.48e+01,
10503,-8.00e-03,1.48e+01,
10504,-8.00e-03,1.48e+01,
10505,-8.00e-03,1.48e+01,
10506,-1.20e-02,1.48e+01,
10507,-8.00e-03,1.48e+01,
10508,-8.00e-03,1.48e+01,
10509,-8.00e-03,1.46e+01,
10510,-8.00e-03,1.46e+01,
10511,-8.00e-03,1.46e+01,
10512,-8.00e-03,1.46e+01,
10513,-8.00e-03,1.44e+01,
10514,-1.20e-02,1.46e+01,
10515,-8.00e-03,1.46e+01,
10516,-8.00e-03,1.44e+01,
10517,-8.00e-03,1.44e+01,
10518,-8.00e-03,1.44e+01,
10519,-8.00e-03,1.44e+01,
10520,-8.00e-03,1.44e+01,
10521,-8.00e-03,1.44e+01,
10522,-1.20e-02,1.42e+01,
10523,-8.00e-03,1.44e+01,
10524,-8.00e-03,1.42e+01,
10525,-8.00e-03,1.42e+01,
10526,-8.00e-03,1.42e+01,
10527,-8.00e-03,1.44e+01,
10528,-8.00e-03,1.42e+01,
10529,-8.00e-03,1.42e+01,
10530,-1.20e-02,1.44e+01,
10531,-8.00e-03,1.44e+01,
10532,-8.00e-03,1.44e+01,
10533,-8.00e-03,1.42e+01,
10534,-8.00e-03,1.42e+01,
10535,-8.00e-03,1.44e+01,
10536,-8.00e-03,1.42e+01,
10537,-4.00e-03,1.42e+01,
10538,-8.00e-03,1.42e+01,
10539,-4.00e-03,1.42e+01,
10540,-8.00e-03,1.42e+01,
10541,-8.00e-03,1.42e+01,
10542,-8.00e-03,1.42e+01,
10543,-8.00e-03,1.42e+01,
10544,-8.00e-03,1.42e+01,
10545,-8.00e-03,1.42e+01,
10546,-8.00e-03,1.42e+01,
10547,-8.00e-03,1.42e+01,
10548,-8.00e-03,1.40e+01,
10549,-8.00e-03,1.40e+01,
10550,-8.00e-03,1.40e+01,
10551,-8.00e-03,1.42e+01,
10552,-8.00e-03,1.42e+01,
10553,-8.00e-03,1.40e+01,
10554,-1.20e-02,1.42e+01,
10555,-8.00e-03,1.42e+01,
10556,-8.00e-03,1.42e+01,
10557,-8.00e-03,1.42e+01,
10558,-8.00e-03,1.42e+01,
10559,-8.00e-03,1.42e+01,
10560,-8.00e-03,1.40e+01,
10561,-4.00e-03,1.42e+01,
10562,-8.00e-03,1.42e+01,
10563,-4.00e-03,1.42e+01,
10564,-8.00e-03,1.42e+01,
10565,-8.00e-03,1.42e+01,
10566,-8.00e-03,1.42e+01,
10567,-8.00e-03,1.44e+01,
10568,-8.00e-03,1.42e+01,
10569,-8.00e-03,1.42e+01,
10570,-8.00e-03,1.44e+01,
10571,-8.00e-03,1.44e+01,
10572,-8.00e-03,1.42e+01,
10573,-8.00e-03,1.42e+01,
10574,-8.00e-03,1.44e+01,
10575,-8.00e-03,1.44e+01,
10576,-8.00e-03,1.44e+01,
10577,-4.00e-03,1.44e+01,
10578,-8.00e-03,1.44e+01,
10579,-4.00e-03,1.46e+01,
10580,-8.00e-03,1.44e+01,
10581,-8.00e-03,1.44e+01,
10582,-8.00e-03,1.46e+01,
10583,-4.00e-03,1.46e+01,
10584,-8.00e-03,1.46e+01,
10585,-8.00e-03,1.46e+01,
10586,-8.00e-03,1.46e+01,
10587,-8.00e-03,1.48e+01,
10588,-4.00e-03,1.48e+01,
10589,-8.00e-03,1.46e+01,
10590,-8.00e-03,1.48e+01,
10591,-8.00e-03,1.48e+01,
10592,-8.00e-03,1.46e+01,
10593,-4.00e-03,1.46e+01,
10594,-8.00e-03,1.48e+01,
10595,-4.00e-03,1.50e+01,
10596,-8.00e-03,1.48e+01,
10597,-8.00e-03,1.48e+01,
10598,-8.00e-03,1.50e+01,
10599,-4.00e-03,1.50e+01,
10600,-4.00e-03,1.50e+01,
10601,-4.00e-03,1.50e+01,
10602,-8.00e-03,1.50e+01,
10603,-4.00e-03,1.54e+01,
10604,-4.00e-03,1.54e+01,
10605,-8.00e-03,1.54e+01,
10606,-8.00e-03,1.54e+01,
10607,-4.00e-03,1.56e+01,
10608,-8.00e-03,1.54e+01,
10609,-4.00e-03,1.56e+01,
10610,-8.00e-03,1.56e+01,
10611,-4.00e-03,1.58e+01,
10612,-8.00e-03,1.56e+01,
10613,-8.00e-03,1.56e+01,
10614,-4.00e-03,1.58e+01,
10615,-4.00e-03,1.58e+01,
10616,-8.00e-03,1.58e+01,
10617,-4.00e-03,1.58e+01,
10618,-8.00e-03,1.60e+01,
10619,-4.00e-03,1.60e+01,
10620,-8.00e-03,1.60e+01,
10621,-8.00e-03,1.60e+01,
10622,-8.00e-03,1.60e+01,
10623,-8.00e-03,1.62e+01,
10624,-8.00e-03,1.62e+01,
10625,-4.00e-03,1.62e+01,
10626,-8.00e-03,1.64e+01,
10627,-4.00e-03,1.64e+01,
10628,-8.00e-03,1.64e+01,
10629,-8.00e-03,1.64e+01,
10630,-8.00e-03,1.64e+01,
10631,-4.00e-03,1.66e+01,
10632,-8.00e-03,1.66e+01,
10633,-4.00e-03,1.66e+01,
10634,-8.00e-03,1.66e+01,
10635,-8.00e-03,1.68e+01,
10636,-8.00e-03,1.68e+01,
10637,-8.00e-03,1.68e+01,
10638,-8.00e-03,1.68e+01,
10639,-4.00e-03,1.70e+01,
10640,-8.00e-03,1.70e+01,
10641,-8.00e-03,1.70e+01,
10642,-8.00e-03,1.70e+01,
10643,-4.00e-03,1.72e+01,
10644,-8.00e-03,1.72e+01,
10645,-8.00e-03,1.72e+01,
10646,-8.00e-03,1.72e+01,
10647,-8.00e-03,1.74e+01,
10648,-8.00e-03,1.74e+01,
10649,-4.00e-03,1.74e+01,
10650,-8.00e-03,1.74e+01,
10651,-8.00e-03,1.76e+01,
10652,-8.00e-03,1.76e+01,
10653,-8.00e-03,1.76e+01,
10654,-8.00e-03,1.76e+01,
10655,-4.00e-03,1.78e+01,
10656,-8.00e-03,1.78e+01,
10657,-8.00e-03,1.78e+01,
10658,-8.00e-03,1.78e+01,
10659,-4.00e-03,1.80e+01,
10660,-4.00e-03,1.80e+01,
10661,-8.00e-03,1.80e+01,
10662,-8.00e-03,1.82e+01,
10663,-4.00e-03,1.82e+01,
10664,-8.00e-03,1.82e+01,
10665,-8.00e-03,1.82e+01,
10666,-8.00e-03,1.82e+01,
10667,-8.00e-03,1.86e+01,
10668,-4.00e-03,1.84e+01,
10669,-8.00e-03,1.84e+01,
10670,-8.00e-03,1.84e+01,
10671,-4.00e-03,1.90e+01,
10672,-8.00e-03,1.86e+01,
10673,-8.00e-03,1.86e+01,
10674,-8.00e-03,1.86e+01,
10675,-8.00e-03,1.90e+01,
10676,-8.00e-03,1.90e+01,
10677,-8.00e-03,1.90e+01,
10678,-8.00e-03,1.90e+01,
10679,-8.00e-03,1.92e+01,
10680,-8.00e-03,1.92e+01,
10681,-8.00e-03,1.92e+01,
10682,-8.00e-03,1.94e+01,
10683,-8.00e-03,1.96e+01,
10684,-8.00e-03,1.94e+01,
10685,-8.00e-03,1.96e+01,
10686,-8.00e-03,1.96e+01,
10687,-4.00e-03,1.98e+01,
10688,-8.00e-03,1.96e+01,
10689,-8.00e-03,1.96e+01,
10690,-8.00e-03,1.98e+01,
10691,-8.00e-03,1.98e+01,
10692,-4.00e-03,1.98e+01,
10693,-8.00e-03,1.98e+01,
10694,-8.00e-03,1.98e+01,
10695,-8.00e-03,2.00e+01,
10696,-8.00e-03,2.00e+01,
10697,-8.00e-03,2.00e+01,
10698,-8.00e-03,2.00e+01,
10699,-8.00e-03,2.02e+01,
10700,-8.00e-03,2.02e+01,
10701,-8.00e-03,2.02e+01,
10702,-8.00e-03,2.02e+01,
10703,-4.00e-03,2.04e+01,
10704,-8.00e-03,2.04e+01,
10705,-8.00e-03,2.04e+01,
10706,-8.00e-03,2.04e+01,
10707,-8.00e-03,2.06e+01,
10708,-8.00e-03,2.06e+01,
10709,-8.00e-03,2.04e+01,
10710,-8.00e-03,2.06e+01,
10711,-4.00e-03,2.08e+01,
10712,-8.00e-03,2.06e+01,
10713,-8.00e-03,2.06e+01,
10714,-8.00e-03,2.06e+01,
10715,-8.00e-03,2.08e+01,
10716,-8.00e-03,2.08e+01,
10717,-8.00e-03,2.08e+01,
10718,-8.00e-03,2.08e+01,
10719,-4.00e-03,2.10e+01,
10720,-8.00e-03,2.08e+01,
10721,-8.00e-03,2.08e+01,
10722,-1.20e-02,2.10e+01,
10723,-8.00e-03,2.10e+01,
10724,-8.00e-03,2.10e+01,
10725,-8.00e-03,2.10e+01,
10726,-8.00e-03,2.10e+01,
10727,-4.00e-03,2.12e+01,
10728,-8.00e-03,2.10e+01,
10729,-8.00e-03,2.10e+01,
10730,-1.20e-02,2.12e+01,
10731,-8.00e-03,2.14e+01,
10732,-1.20e-02,2.12e+01,
10733,-8.00e-03,2.12e+01,
10734,-8.00e-03,2.12e+01,
10735,-8.00e-03,2.14e+01,
10736,-8.00e-03,2.14e+01,
10737,-8.00e-03,2.12e+01,
10738,-8.00e-03,2.12e+01,
10739,-8.00e-03,2.14e+01,
10740,-8.00e-03,2.14e+01,
10741,-8.00e-03,2.12e+01,
10742,-8.00e-03,2.14e+01,
10743,-8.00e-03,2.16e+01,
10744,-1.20e-02,2.14e+01,
10745,-8.00e-03,2.14e+01,
10746,-1.20e-02,2.14e+01,
10747,-8.00e-03,2.16e+01,
10748,-8.00e-03,2.16e+01,
10749,-8.00e-03,2.14e+01,
10750,-8.00e-03,2.14e+01,
10751,-8.00e-03,2.16e+01,
10752,-8.00e-03,2.14e+01,
10753,-8.00e-03,2.14e+01,
10754,-1.20e-02,2.14e+01,
10755,-8.00e-03,2.16e+01,
10756,-8.00e-03,2.16e+01,
10757,-8.00e-03,2.14e+01,
10758,-1.20e-02,2.16e+01,
10759,-8.00e-03,2.16e+01,
10760,-8.00e-03,2.14e+01,
10761,-8.00e-03,2.14e+01,
10762,-1.20e-02,2.14e+01,
10763,-8.00e-03,2.16e+01,
10764,-8.00e-03,2.14e+01,
10765,-8.00e-03,2.14e+01,
10766,-8.00e-03,2.14e+01,
10767,-8.00e-03,2.16e+01,
10768,-8.00e-03,2.14e+01,
10769,-8.00e-03,2.14e+01,
10770,-8.00e-03,2.14e+01,
10771,-8.00e-03,2.16e+01,
10772,-1.20e-02,2.14e+01,
10773,-8.00e-03,2.14e+01,
10774,-8.00e-03,2.14e+01,
10775,-8.00e-03,2.14e+01,
10776,-1.20e-02,2.14e+01,
10777,-8.00e-03,2.12e+01,
10778,-1.20e-02,2.14e+01,
10779,-8.00e-03,2.14e+01,
10780,-8.00e-03,2.14e+01,
10781,-1.20e-02,2.12e+01,
10782,-8.00e-03,2.12e+01,
10783,-8.00e-03,2.14e+01,
10784,-8.00e-03,2.12e+01,
10785,-8.00e-03,2.12e+01,
10786,-8.00e-03,2.12e+01,
10787,-8.00e-03,2.12e+01,
10788,-8.00e-03,2.10e+01,
10789,-8.00e-03,2.10e+01,
10790,-1.20e-02,2.12e+01,
10791,-8.00e-03,2.12e+01,
10792,-8.00e-03,2.10e+01,
10793,-8.00e-03,2.10e+01,
10794,-1.20e-02,2.10e+01,
10795,-8.00e-03,2.10e+01,
10796,-8.00e-03,2.10e+01,
10797,-8.00e-03,2.08e+01,
10798,-8.00e-03,2.08e+01,
10799,-8.00e-03,2.10e+01,
10800,-8.00e-03,2.08e+01,
10801,-8.00e-03,2.06e+01,
10802,-1.20e-02,2.06e+01,
10803,-8.00e-03,2.08e+01,
10804,-8.00e-03,2.06e+01,
10805,-8.00e-03,2.06e+01,
10806,-1.20e-02,2.06e+01,
10807,-8.00e-03,2.06e+01,
10808,-8.00e-03,2.04e+01,
10809,-8.00e-03,2.04e+01,
10810,-1.20e-02,2.04e+01,
10811,-8.00e-03,2.04e+01,
10812,-8.00e-03,2.04e+01,
10813,-8.00e-03,2.02e+01,
10814,-8.00e-03,2.02e+01,
10815,-8.00e-03,2.04e+01,
10816,-8.00e-03,2.02e+01,
10817,-8.00e-03,2.02e+01,
10818,-1.20e-02,2.00e+01,
10819,-8.00e-03,2.02e+01,
10820,-8.00e-03,2.00e+01,
10821,-1.20e-02,2.00e+01,
10822,-1.20e-02,2.00e+01,
10823,-8.00e-03,2.00e+01,
10824,-1.20e-02,1.98e+01,
10825,-8.00e-03,1.98e+01,
10826,-8.00e-03,1.98e+01,
10827,-8.00e-03,1.98e+01,
10828,-1.20e-02,1.96e+01,
10829,-8.00e-03,1.96e+01,
10830,-1.20e-02,1.96e+01,
10831,-8.00e-03,1.96e+01,
10832,-1.20e-02,1.96e+01,
10833,-8.00e-03,1.94e+01,
10834,-8.00e-03,1.94e+01,
10835,-8.00e-03,1.94e+01,
10836,-8.00e-03,1.94e+01,
10837,-8.00e-03,1.92e+01,
10838,-8.00e-03,1.92e+01,
10839,-8.00e-03,1.92e+01,
10840,-8.00e-03,1.90e+01,
10841,-1.20e-02,1.90e+01,
10842,-1.20e-02,1.90e+01,
10843,-8.00e-03,1.90e+01,
10844,-8.00e-03,1.86e+01,
10845,-1.20e-02,1.86e+01,
10846,-8.00e-03,1.86e+01,
10847,-8.00e-03,1.86e+01,
10848,-8.00e-03,1.86e+01,
10849,-8.00e-03,1.84e+01,
10850,-1.20e-02,1.84e+01,
10851,-8.00e-03,1.84e+01,
10852,-8.00e-03,1.82e+01,
10853,-8.00e-03,1.82e+01,
10854,-1.20e-02,1.82e+01,
10855,-8.00e-03,1.82e+01,
10856,-8.00e-03,1.80e+01,
10857,-8.00e-03,1.80e+01,
10858,-1.20e-02,1.80e+01,
10859,-8.00e-03,1.82e+01,
10860,-8.00e-03,1.78e+01,
10861,-8.00e-03,1.78e+01,
10862,-8.00e-03,1.78e+01,
10863,-8.00e-03,1.78e+01,
10864,-8.00e-03,1.76e+01,
10865,-8.00e-03,1.76e+01,
10866,-1.20e-02,1.76e+01,
10867,-8.00e-03,1.76e+01,
10868,-1.20e-02,1.74e+01,
10869,-8.00e-03,1.74e+01,
10870,-8.00e-03,1.74e+01,
10871,-8.00e-03,1.74e+01,
10872,-8.00e-03,1.72e+01,
10873,-8.00e-03,1.72e+01,
10874,-1.20e-02,1.72e+01,
10875,-8.00e-03,1.72e+01,
10876,-8.00e-03,1.70e+01,
10877,-8.00e-03,1.70e+01,
10878,-1.20e-02,1.70e+01,
10879,-8.00e-03,1.70e+01,
10880,-8.00e-03,1.68e+01,
10881,-8.00e-03,1.68e+01,
10882,-8.00e-03,1.68e+01,
10883,-8.00e-03,1.68e+01,
10884,-8.00e-03,1.68e+01,
10885,-8.00e-03,1.66e+01,
10886,-8.00e-03,1.66e+01,
10887,-8.00e-03,1.66e+01,
10888,-8.00e-03,1.64e+01,
10889,-8.00e-03,1.64e+01,
10890,-1.20e-02,1.64e+01,
10891,-8.00e-03,1.64e+01,
10892,-8.00e-03,1.62e+01,
10893,-8.00e-03,1.62e+01,
10894,-8.00e-03,1.62e+01,
10895,-8.00e-03,1.62e+01,
10896,-8.00e-03,1.62e+01,
10897,-8.00e-03,1.62e+01,
10898,-8.00e-03,1.62e+01,
10899,-1.20e-02,1.62e+01,
10900,-8.00e-03,1.60e+01,
10901,-8.00e-03,1.60e+01,
10902,-8.00e-03,1.60e+01,
10903,-8.00e-03,1.60e+01,
10904,-8.00e-03,1.58e+01,
10905,-4.00e-03,1.58e+01,
10906,-1.20e-02,1.58e+01,
10907,-8.00e-03,1.58e+01,
10908,-8.00e-03,1.58e+01,
10909,-8.00e-03,1.56e+01,
10910,-8.00e-03,1.56e+01,
10911,-4.00e-03,1.58e+01,
10912,-8.00e-03,1.56e+01,
10913,-8.00e-03,1.56e+01,
10914,-8.00e-03,1.54e+01,
10915,-8.00e-03,1.56e+01,
10916,-8.00e-03,1.54e+01,
10917,-8.00e-03,1.54e+01,
10918,-8.00e-03,1.54e+01,
10919,-8.00e-03,1.54e+01,
10920,-8.00e-03,1.50e+01,
10921,-8.00e-03,1.50e+01,
10922,-8.00e-03,1.50e+01,
10923,-8.00e-03,1.54e+01,
10924,-8.00e-03,1.50e+01,
10925,-8.00e-03,1.50e+01,
10926,-8.00e-03,1.50e+01,
10927,-8.00e-03,1.50e+01,
10928,-8.00e-03,1.50e+01,
10929,-8.00e-03,1.48e+01,
10930,-8.00e-03,1.48e+01,
10931,-8.00e-03,1.50e+01,
10932,-8.00e-03,1.48e+01,
10933,-8.00e-03,1.48e+01,
10934,-8.00e-03,1.48e+01,
10935,-8.00e-03,1.50e+01,
10936,-8.00e-03,1.46e+01,
10937,-8.00e-03,1.46e+01,
10938,-1.20e-02,1.46e+01,
10939,-8.00e-03,1.48e+01,
10940,-8.00e-03,1.46e+01,
10941,-8.00e-03,1.46e+01,
10942,-8.00e-03,1.46e+01,
10943,-8.00e-03,1.48e+01,
10944,-8.00e-03,1.46e+01,
10945,-8.00e-03,1.46e+01,
10946,-8.00e-03,1.46e+01,
10947,-8.00e-03,1.46e+01,
10948,-8.00e-03,1.46e+01,
10949,-8.00e-03,1.46e+01,
10950,-8.00e-03,1.46e+01,
10951,-8.00e-03,1.46e+01,
10952,-8.00e-03,1.44e+01,
10953,-4.00e-03,1.44e+01,
10954,-8.00e-03,1.44e+01,
10955,-4.00e-03,1.46e+01,
10956,-8.00e-03,1.44e+01,
10957,-8.00e-03,1.44e+01,
10958,-8.00e-03,1.44e+01,
10959,-4.00e-03,1.46e+01,
10960,-8.00e-03,1.44e+01,
10961,-8.00e-03,1.44e+01,
10962,-8.00e-03,1.44e+01,
10963,-4.00e-03,1.44e+01,
10964,-8.00e-03,1.44e+01,
10965,-8.00e-03,1.44e+01,
10966,-8.00e-03,1.44e+01,
10967,-4.00e-03,1.46e+01,
10968,-8.00e-03,1.44e+01,
10969,-8.00e-03,1.44e+01,
10970,-8.00e-03,1.46e+01,
10971,-8.00e-03,1.44e+01,
10972,-8.00e-03,1.44e+01,
10973,-8.00e-03,1.44e+01,
10974,-8.00e-03,1.44e+01,
10975,-8.00e-03,1.46e+01,
10976,-8.00e-03,1.44e+01,
10977,-8.00e-03,1.44e+01,
10978,-8.00e-03,1.44e+01,
10979,-8.00e-03,1.46e+01,
10980,-8.00e-03,1.44e+01,
10981,-8.00e-03,1.44e+01,
10982,-8.00e-03,1.44e+01,
10983,-4.00e-03,1.46e+01,
10984,-8.00e-03,1.46e+01,
10985,-8.00e-03,1.44e+01,
10986,-8.00e-03,1.44e+01,
10987,-4.00e-03,1.46e+01,
10988,-8.00e-03,1.46e+01,
10989,-8.00e-03,1.46e+01,
10990,-8.00e-03,1.46e+01,
10991,-4.00e-03,1.46e+01,
10992,-8.00e-03,1.46e+01,
10993,-8.00e-03,1.46e+01,
10994,-8.00e-03,1.46e+01,
10995,-4.00e-03,1.48e+01,
10996,-8.00e-03,1.46e+01,
10997,-8.00e-03,1.46e+01,
10998,-8.00e-03,1.48e+01,
10999,-4.00e-03,1.48e+01,
11000,-8.00e-03,1.48e+01,
11001,-8.00e-03,1.46e+01,
11002,-8.00e-03,1.48e+01,
11003,-8.00e-03,1.48e+01,
11004,-8.00e-03,1.48e+01,
11005,-8.00e-03,1.48e+01,
11006,-8.00e-03,1.48e+01,
11007,-4.00e-03,1.50e+01,
11008,-8.00e-03,1.48e+01,
11009,-8.00e-03,1.48e+01,
11010,-8.00e-03,1.50e+01,
11011,-4.00e-03,1.50e+01,
11012,-8.00e-03,1.50e+01,
11013,-4.00e-03,1.50e+01,
11014,-8.00e-03,1.54e+01,
11015,-4.00e-03,1.54e+01,
11016,-8.00e-03,1.50e+01,
11017,-8.00e-03,1.54e+01,
11018,-8.00e-03,1.54e+01,
11019,-8.00e-03,1.56e+01,
11020,-8.00e-03,1.54e+01,
11021,-8.00e-03,1.54e+01,
11022,-8.00e-03,1.54e+01,
11023,-4.00e-03,1.56e+01,
11024,-8.00e-03,1.54e+01,
11025,-8.00e-03,1.56e+01,
11026,-8.00e-03,1.56e+01,
11027,-8.00e-03,1.58e+01,
11028,-8.00e-03,1.56e+01,
11029,-8.00e-03,1.58e+01,
11030,-8.00e-03,1.58e+01,
11031,-4.00e-03,1.60e+01,
11032,-4.00e-03,1.58e+01,
11033,-8.00e-03,1.58e+01,
11034,-8.00e-03,1.58e+01,
11035,-8.00e-03,1.60e+01,
11036,-8.00e-03,1.60e+01,
11037,-8.00e-03,1.60e+01,
11038,-8.00e-03,1.60e+01,
11039,-8.00e-03,1.62e+01,
11040,-8.00e-03,1.62e+01,
11041,-8.00e-03,1.62e+01,
11042,-8.00e-03,1.62e+01,
11043,-4.00e-03,1.64e+01,
11044,-8.00e-03,1.64e+01,
11045,-4.00e-03,1.64e+01,
11046,-8.00e-03,1.64e+01,
11047,-4.00e-03,1.66e+01,
11048,-4.00e-03,1.64e+01,
11049,-8.00e-03,1.64e+01,
11050,-8.00e-03,1.66e+01,
11051,-8.00e-03,1.66e+01,
11052,-8.00e-03,1.66e+01,
11053,-8.00e-03,1.66e+01,
11054,-8.00e-03,1.66e+01,
11055,-8.00e-03,1.68e+01,
11056,-4.00e-03,1.68e+01,
11057,-8.00e-03,1.68e+01,
11058,-8.00e-03,1.68e+01,
11059,-4.00e-03,1.72e+01,
11060,-8.00e-03,1.70e+01,
11061,-8.00e-03,1.70e+01,
11062,-8.00e-03,1.72e+01,
11063,-4.00e-03,1.72e+01,
11064,-8.00e-03,1.72e+01,
11065,-8.00e-03,1.72e+01,
11066,-8.00e-03,1.72e+01,
11067,-8.00e-03,1.74e+01,
11068,-8.00e-03,1.74e+01,
11069,-4.00e-03,1.74e+01,
11070,-8.00e-03,1.74e+01,
11071,-8.00e-03,1.76e+01,
11072,-8.00e-03,1.76e+01,
11073,-8.00e-03,1.76e+01,
11074,-8.00e-03,1.76e+01,
11075,-4.00e-03,1.78e+01,
11076,-8.00e-03,1.76e+01,
11077,-8.00e-03,1.78e+01,
11078,-8.00e-03,1.78e+01,
11079,-8.00e-03,1.80e+01,
11080,-8.00e-03,1.80e+01,
11081,-8.00e-03,1.78e+01,
11082,-8.00e-03,1.80e+01,
11083,-8.00e-03,1.82e+01,
11084,-8.00e-03,1.82e+01,
11085,-8.00e-03,1.80e+01,
11086,-8.00e-03,1.82e+01,
11087,-8.00e-03,1.84e+01,
11088,-8.00e-03,1.84e+01,
11089,-8.00e-03,1.84e+01,
11090,-8.00e-03,1.84e+01,
11091,-4.00e-03,1.86e+01,
11092,-8.00e-03,1.86e+01,
11093,-8.00e-03,1.84e+01,
11094,-8.00e-03,1.86e+01,
11095,-8.00e-03,1.90e+01,
11096,-8.00e-03,1.90e+01,
11097,-8.00e-03,1.86e+01,
11098,-8.00e-03,1.90e+01,
11099,-4.00e-03,1.90e+01,
11100,-8.00e-03,1.90e+01,
11101,-8.00e-03,1.90e+01,
11102,-8.00e-03,1.90e+01,
11103,-8.00e-03,1.94e+01,
11104,-8.00e-03,1.92e+01,
11105,-8.00e-03,1.92e+01,
11106,-8.00e-03,1.94e+01,
11107,-8.00e-03,1.94e+01,
11108,-8.00e-03,1.94e+01,
11109,-8.00e-03,1.94e+01,
11110,-8.00e-03,1.96e+01,
11111,-8.00e-03,1.96e+01,
11112,-8.00e-03,1.96e+01,
11113,-4.00e-03,1.96e+01,
11114,-8.00e-03,1.98e+01,
11115,-8.00e-03,1.98e+01,
11116,-8.00e-03,1.98e+01,
11117,-8.00e-03,1.96e+01,
11118,-8.00e-03,2.00e+01,
11119,-8.00e-03,2.00e+01,
11120,-8.00e-03,2.00e+01,
11121,-8.00e-03,2.00e+01,
11122,-8.00e-03,2.00e+01,
11123,-4.00e-03,2.02e+01,
11124,-8.00e-03,2.00e+01,
11125,-8.00e-03,2.00e+01,
11126,-8.00e-03,2.02e+01,
11127,-8.00e-03,2.04e+01,
11128,-8.00e-03,2.02e+01,
11129,-8.00e-03,2.02e+01,
11130,-8.00e-03,2.02e+01,
11131,-8.00e-03,2.04e+01,
11132,-8.00e-03,2.04e+01,
11133,-8.00e-03,2.04e+01,
11134,-8.00e-03,2.04e+01,
11135,-8.00e-03,2.06e+01,
11136,-8.00e-03,2.06e+01,
11137,-8.00e-03,2.04e+01,
11138,-1.20e-02,2.04e+01,
11139,-4.00e-03,2.06e+01,
11140,-8.00e-03,2.06e+01,
11141,-8.00e-03,2.06e+01,
11142,-8.00e-03,2.06e+01,
11143,-8.00e-03,2.08e+01,
11144,-8.00e-03,2.06e+01,
11145,-8.00e-03,2.06e+01,
11146,-1.20e-02,2.08e+01,
11147,-8.00e-03,2.08e+01,
11148,-8.00e-03,2.08e+01,
11149,-8.00e-03,2.08e+01,
11150,-8.00e-03,2.08e+01,
11151,-8.00e-03,2.10e+01,
11152,-8.00e-03,2.10e+01,
11153,-8.00e-03,2.08e+01,
11154,-1.20e-02,2.08e+01,
11155,-8.00e-03,2.10e+01,
11156,-8.00e-03,2.10e+01,
11157,-8.00e-03,2.08e+01,
11158,-8.00e-03,2.10e+01,
11159,-8.00e-03,2.10e+01,
11160,-8.00e-03,2.10e+01,
11161,-8.00e-03,2.10e+01,
11162,-1.20e-02,2.10e+01,
11163,-8.00e-03,2.12e+01,
11164,-8.00e-03,2.10e+01,
11165,-8.00e-03,2.10e+01,
11166,-8.00e-03,2.10e+01,
11167,-8.00e-03,2.12e+01,
11168,-8.00e-03,2.10e+01,
11169,-8.00e-03,2.10e+01,
11170,-8.00e-03,2.12e+01,
11171,-8.00e-03,2.12e+01,
11172,-1.20e-02,2.12e+01,
11173,-8.00e-03,2.12e+01,
11174,-1.20e-02,2.10e+01,
11175,-8.00e-03,2.12e+01,
11176,-8.00e-03,2.10e+01,
11177,-8.00e-03,2.10e+01,
11178,-1.20e-02,2.12e+01,
11179,-8.00e-03,2.12e+01,
11180,-8.00e-03,2.12e+01,
11181,-8.00e-03,2.10e+01,
11182,-8.00e-03,2.10e+01,
11183,-8.00e-03,2.12e+01,
11184,-8.00e-03,2.10e+01,
11185,-8.00e-03,2.10e+01,
11186,-8.00e-03,2.12e+01,
11187,-8.00e-03,2.12e+01,
11188,-1.20e-02,2.12e+01,
11189,-8.00e-03,2.10e+01,
11190,-8.00e-03,2.10e+01,
11191,-8.00e-03,2.12e+01,
11192,-8.00e-03,2.10e+01,
11193,-8.00e-03,2.10e+01,
11194,-1.20e-02,2.10e+01,
11195,-8.00e-03,2.12e+01,
11196,-8.00e-03,2.10e+01,
11197,-8.00e-03,2.10e+01,
11198,-8.00e-03,2.08e+01,
11199,-8.00e-03,2.10e+01,
11200,-8.00e-03,2.10e+01,
11201,-8.00e-03,2.10e+01,
11202,-1.20e-02,2.08e+01,
11203,-8.00e-03,2.10e+01,
11204,-8.00e-03,2.08e+01,
11205,-8.00e-03,2.08e+01,
11206,-8.00e-03,2.08e+01,
11207,-8.00e-03,2.10e+01,
11208,-8.00e-03,2.08e+01,
11209,-8.00e-03,2.08e+01,
11210,-1.20e-02,2.08e+01,
11211,-8.00e-03,2.08e+01,
11212,-8.00e-03,2.06e+01,
11213,-8.00e-03,2.06e+01,
11214,-1.20e-02,2.06e+01,
11215,-8.00e-03,2.08e+01,
11216,-8.00e-03,2.06e+01,
11217,-8.00e-03,2.04e+01,
11218,-1.20e-02,2.06e+01,
11219,-8.00e-03,2.06e+01,
11220,-8.00e-03,2.06e+01,
11221,-8.00e-03,2.04e+01,
11222,-8.00e-03,2.04e+01,
11223,-8.00e-03,2.04e+01,
11224,-8.00e-03,2.04e+01,
11225,-8.00e-03,2.02e+01,
11226,-1.20e-02,2.04e+01,
11227,-8.00e-03,2.04e+01,
11228,-8.00e-03,2.02e+01,
11229,-1.20e-02,2.02e+01,
11230,-8.00e-03,2.02e+01,
11231,-8.00e-03,2.02e+01,
11232,-8.00e-03,2.00e+01,
11233,-8.00e-03,2.00e+01,
11234,-1.20e-02,2.00e+01,
11235,-8.00e-03,2.00e+01,
11236,-8.00e-03,2.00e+01,
11237,-8.00e-03,2.00e+01,
11238,-1.20e-02,1.98e+01,
11239,-8.00e-03,2.00e+01,
11240,-1.20e-02,1.98e+01,
11241,-8.00e-03,1.98e+01,
11242,-1.20e-02,1.96e+01,
11243,-8.00e-03,1.98e+01,
11244,-8.00e-03,1.96e+01,
11245,-8.00e-03,1.96e+01,
11246,-8.00e-03,1.96e+01,
11247,-8.00e-03,1.96e+01,
11248,-1.20e-02,1.94e+01,
11249,-8.00e-03,1.94e+01,
11250,-1.20e-02,1.94e+01,
11251,-8.00e-03,1.96e+01,
11252,-8.00e-03,1.92e+01,
11253,-8.00e-03,1.92e+01,
11254,-1.20e-02,1.92e+01,
11255,-8.00e-03,1.94e+01,
11256,-8.00e-03,1.90e+01,
11257,-8.00e-03,1.90e+01,
11258,-1.20e-02,1.92e+01,
11259,-8.00e-03,1.92e+01,
11260,-8.00e-03,1.90e+01,
11261,-8.00e-03,1.86e+01,
11262,-8.00e-03,1.86e+01,
11263,-8.00e-03,1.86e+01,
11264,-8.00e-03,1.84e+01,
11265,-8.00e-03,1.86e+01,
11266,-1.20e-02,1.84e+01,
11267,-8.00e-03,1.84e+01,
11268,-8.00e-03,1.84e+01,
11269,-8.00e-03,1.82e+01,
11270,-8.00e-03,1.82e+01,
11271,-8.00e-03,1.84e+01,
11272,-8.00e-03,1.82e+01,
11273,-8.00e-03,1.80e+01,
11274,-1.20e-02,1.82e+01,
11275,-8.00e-03,1.82e+01,
11276,-8.00e-03,1.80e+01,
11277,-1.20e-02,1.80e+01,
11278,-1.20e-02,1.80e+01,
11279,-8.00e-03,1.80e+01,
11280,-8.00e-03,1.78e+01,
11281,-8.00e-03,1.78e+01,
11282,-1.20e-02,1.78e+01,
11283,-8.00e-03,1.78e+01,
11284,-8.00e-03,1.76e+01,
11285,-8.00e-03,1.76e+01,
11286,-8.00e-03,1.76e+01,
11287,-8.00e-03,1.76e+01,
11288,-8.00e-03,1.76e+01,
11289,-8.00e-03,1.74e+01,
11290,-1.20e-02,1.74e+01,
11291,-8.00e-03,1.74e+01,
11292,-8.00e-03,1.74e+01,
11293,-8.00e-03,1.72e+01,
11294,-8.00e-03,1.72e+01,
11295,-8.00e-03,1.74e+01,
11296,-8.00e-03,1.72e+01,
11297,-8.00e-03,1.70e+01,
11298,-8.00e-03,1.70e+01,
11299,-8.00e-03,1.72e+01,
11300,-8.00e-03,1.70e+01,
11301,-8.00e-03,1.68e+01,
11302,-1.20e-02,1.68e+01,
11303,-8.00e-03,1.70e+01,
11304,-8.00e-03,1.68e+01,
11305,-8.00e-03,1.68e+01,
11306,-1.20e-02,1.68e+01,
11307,-8.00e-03,1.68e+01,
11308,-8.00e-03,1.66e+01,
11309,-8.00e-03,1.66e+01,
11310,-8.00e-03,1.66e+01,
11311,-8.00e-03,1.66e+01,
11312,-8.00e-03,1.64e+01,
11313,-8.00e-03,1.64e+01,
11314,-8.00e-03,1.66e+01,
11315,-8.00e-03,1.64e+01,
11316,-8.00e-03,1.64e+01,
11317,-1.20e-02,1.62e+01,
11318,-8.00e-03,1.62e+01,
11319,-8.00e-03,1.64e+01,
11320,-8.00e-03,1.62e+01,
11321,-8.00e-03,1.62e+01,
11322,-8.00e-03,1.60e+01,
11323,-8.00e-03,1.62e+01,
11324,-8.00e-03,1.60e+01,
11325,-8.00e-03,1.60e+01,
11326,-8.00e-03,1.60e+01,
11327,-8.00e-03,1.62e+01,
11328,-8.00e-03,1.58e+01,
11329,-8.00e-03,1.58e+01,
11330,-1.20e-02,1.58e+01,
11331,-8.00e-03,1.60e+01,
11332,-8.00e-03,1.58e+01,
11333,-8.00e-03,1.56e+01,
11334,-8.00e-03,1.58e+01,
11335,-8.00e-03,1.58e+01,
11336,-1.20e-02,1.56e+01,
11337,-8.00e-03,1.56e+01,
11338,-8.00e-03,1.56e+01,
11339,-8.00e-03,1.56e+01,
11340,-8.00e-03,1.56e+01,
11341,-8.00e-03,1.54e+01,
11342,-1.20e-02,1.54e+01,
11343,-1.20e-02,1.56e+01,
11344,-8.00e-03,1.54e+01,
11345,-8.00e-03,1.54e+01,
11346,-8.00e-03,1.54e+01,
11347,-8.00e-03,1.54e+01,
11348,-8.00e-03,1.54e+01,
11349,-8.00e-03,1.54e+01,
11350,-8.00e-03,1.50e+01,
11351,-4.00e-03,1.54e+01,
11352,-8.00e-03,1.50e+01,
11353,-8.00e-03,1.50e+01,
11354,-8.00e-03,1.50e+01,
11355,-8.00e-03,1.50e+01,
11356,-8.00e-03,1.50e+01,
11357,-8.00e-03,1.50e+01,
11358,-8.00e-03,1.50e+01,
11359,-8.00e-03,1.50e+01,
11360,-8.00e-03,1.50e+01,
11361,-8.00e-03,1.48e+01,
11362,-8.00e-03,1.48e+01,
11363,-8.00e-03,1.50e+01,
11364,-8.00e-03,1.48e+01,
11365,-8.00e-03,1.48e+01,
11366,-8.00e-03,1.48e+01,
11367,-8.00e-03,1.48e+01,
11368,-8.00e-03,1.48e+01,
11369,-8.00e-03,1.48e+01,
11370,-1.20e-02,1.48e+01,
11371,-8.00e-03,1.50e+01,
11372,-8.00e-03,1.48e+01,
11373,-8.00e-03,1.46e+01,
11374,-8.00e-03,1.46e+01,
11375,-4.00e-03,1.48e+01,
11376,-8.00e-03,1.48e+01,
11377,-8.00e-03,1.48e+01,
11378,-8.00e-03,1.48e+01,
11379,-8.00e-03,1.48e+01,
11380,-8.00e-03,1.46e+01,
11381,-8.00e-03,1.46e+01,
11382,-1.20e-02,1.48e+01,
11383,-8.00e-03,1.48e+01,
11384,-8.00e-03,1.46e+01,
11385,-8.00e-03,1.46e+01,
11386,-8.00e-03,1.46e+01,
11387,-8.00e-03,1.48e+01,
11388,-8.00e-03,1.46e+01,
11389,-8.00e-03,1.46e+01,
11390,-8.00e-03,1.46e+01,
11391,-4.00e-03,1.48e+01,
11392,-8.00e-03,1.46e+01,
11393,-8.00e-03,1.46e+01,
11394,-1.20e-02,1.46e+01,
11395,-8.00e-03,1.48e+01,
11396,-8.00e-03,1.48e+01,
11397,-8.00e-03,1.48e+01,
11398,-8.00e-03,1.48e+01,
11399,-8.00e-03,1.48e+01,
11400,-8.00e-03,1.48e+01,
11401,-8.00e-03,1.48e+01,
11402,-8.00e-03,1.48e+01,
11403,-4.00e-03,1.48e+01,
11404,-8.00e-03,1.48e+01,
11405,-8.00e-03,1.48e+01,
11406,-8.00e-03,1.48e+01,
11407,-8.00e-03,1.48e+01,
11408,-8.00e-03,1.48e+01,
11409,-8.00e-03,1.48e+01,
11410,-8.00e-03,1.48e+01,
11411,-4.00e-03,1.50e+01,
11412,-8.00e-03,1.48e+01,
11413,-8.00e-03,1.48e+01,
11414,-8.00e-03,1.48e+01,
11415,-4.00e-03,1.50e+01,
11416,-8.00e-03,1.48e+01,
11417,-4.00e-03,1.50e+01,
11418,-1.20e-02,1.50e+01,
11419,-4.00e-03,1.54e+01,
11420,-8.00e-03,1.50e+01,
11421,-8.00e-03,1.50e+01,
11422,-8.00e-03,1.50e+01,
11423,-4.00e-03,1.54e+01,
11424,-8.00e-03,1.50e+01,
11425,-4.00e-03,1.54e+01,
11426,-8.00e-03,1.54e+01,
11427,-8.00e-03,1.54e+01,
11428,-8.00e-03,1.54e+01,
11429,-8.00e-03,1.54e+01,
11430,-8.00e-03,1.54e+01,
11431,-4.00e-03,1.56e+01,
11432,-8.00e-03,1.54e+01,
11433,-8.00e-03,1.54e+01,
11434,-8.00e-03,1.56e+01,
11435,-4.00e-03,1.56e+01,
11436,-8.00e-03,1.54e+01,
11437,-8.00e-03,1.56e+01,
11438,-8.00e-03,1.56e+01,
11439,-4.00e-03,1.58e+01,
11440,-8.00e-03,1.56e+01,
11441,-8.00e-03,1.56e+01,
11442,-8.00e-03,1.58e+01,
11443,-4.00e-03,1.58e+01,
11444,-8.00e-03,1.58e+01,
11445,-8.00e-03,1.58e+01,
11446,-8.00e-03,1.58e+01,
11447,-4.00e-03,1.60e+01,
11448,-8.00e-03,1.58e+01,
11449,-8.00e-03,1.60e+01,
11450,-8.00e-03,1.60e+01,
11451,-4.00e-03,1.62e+01,
11452,-8.00e-03,1.60e+01,
11453,-8.00e-03,1.60e+01,
11454,-8.00e-03,1.62e+01,
11455,-8.00e-03,1.62e+01,
11456,-8.00e-03,1.60e+01,
11457,-8.00e-03,1.62e+01,
11458,-8.00e-03,1.62e+01,
11459,-8.00e-03,1.64e+01,
11460,-8.00e-03,1.62e+01,
11461,-4.00e-03,1.64e+01,
11462,-8.00e-03,1.62e+01,
11463,-8.00e-03,1.64e+01,
11464,-8.00e-03,1.64e+01,
11465,-4.00e-03,1.64e+01,
11466,-8.00e-03,1.66e+01,
11467,-4.00e-03,1.66e+01,
11468,-8.00e-03,1.66e+01,
11469,-8.00e-03,1.66e+01,
11470,-8.00e-03,1.66e+01,
11471,-4.00e-03,1.68e+01,
11472,-8.00e-03,1.66e+01,
11473,-4.00e-03,1.68e+01,
11474,-8.00e-03,1.68e+01,
11475,-4.00e-03,1.70e+01,
11476,-8.00e-03,1.68e+01,
11477,-8.00e-03,1.70e+01,
11478,-8.00e-03,1.70e+01,
11479,-4.00e-03,1.72e+01,
11480,-8.00e-03,1.70e+01,
11481,-8.00e-03,1.70e+01,
11482,-8.00e-03,1.72e+01,
11483,-4.00e-03,1.72e+01,
11484,-8.00e-03,1.72e+01,
11485,-8.00e-03,1.72e+01,
11486,-8.00e-03,1.74e+01,
11487,-8.00e-03,1.74e+01,
11488,-8.00e-03,1.74e+01,
11489,-8.00e-03,1.74e+01,
11490,-8.00e-03,1.74e+01,
11491,-4.00e-03,1.76e+01,
11492,-8.00e-03,1.76e+01,
11493,-8.00e-03,1.76e+01,
11494,-8.00e-03,1.76e+01,
11495,-8.00e-03,1.78e+01,
11496,-8.00e-03,1.78e+01,
11497,-8.00e-03,1.78e+01,
11498,-8.00e-03,1.78e+01,
11499,-4.00e-03,1.80e+01,
11500,-8.00e-03,1.78e+01,
11501,-8.00e-03,1.80e+01,
11502,-8.00e-03,1.80e+01,
11503,-8.00e-03,1.82e+01,
11504,-8.00e-03,1.80e+01,
11505,-8.00e-03,1.80e+01,
11506,-8.00e-03,1.82e+01,
11507,-4.00e-03,1.82e+01,
11508,-8.00e-03,1.84e+01,
11509,-8.00e-03,1.82e+01,
11510,-8.00e-03,1.82e+01,
11511,-4.00e-03,1.86e+01,
11512,-8.00e-03,1.84e+01,
11513,-8.00e-03,1.84e+01,
11514,-8.00e-03,1.84e+01,
11515,-8.00e-03,1.86e+01,
11516,-8.00e-03,1.86e+01,
11517,-8.00e-03,1.86e+01,
11518,-8.00e-03,1.86e+01,
11519,-8.00e-03,1.90e+01,
11520,-8.00e-03,1.90e+01,
11521,-8.00e-03,1.90e+01,
11522,-1.20e-02,1.90e+01,
11523,-4.00e-03,1.92e+01,
11524,-8.00e-03,1.90e+01,
11525,-8.00e-03,1.92e+01,
11526,-8.00e-03,1.92e+01,
11527,-4.00e-03,1.92e+01,
11528,-8.00e-03,1.92e+01,
11529,-8.00e-03,1.92e+01,
11530,-8.00e-03,1.92e+01,
11531,-4.00e-03,1.94e+01,
11532,-8.00e-03,1.94e+01,
11533,-8.00e-03,1.94e+01,
11534,-8.00e-03,1.94e+01,
11535,-8.00e-03,1.96e+01,
11536,-8.00e-03,1.96e+01,
11537,-8.00e-03,1.96e+01,
11538,-8.00e-03,1.96e+01,
11539,-8.00e-03,1.98e+01,
11540,-8.00e-03,1.96e+01,
11541,-8.00e-03,1.98e+01,
11542,-8.00e-03,1.96e+01,
11543,-8.00e-03,1.98e+01,
11544,-8.00e-03,1.98e+01,
11545,-8.00e-03,1.98e+01,
11546,-1.20e-02,1.98e+01,
11547,-4.00e-03,2.00e+01,
11548,-8.00e-03,2.00e+01,
11549,-8.00e-03,2.00e+01,
11550,-1.20e-02,2.00e+01,
11551,-4.00e-03,2.02e+01,
11552,-8.00e-03,2.02e+01,
11553,-8.00e-03,2.00e+01,
11554,-8.00e-03,2.02e+01,
11555,-8.00e-03,2.02e+01,
11556,-8.00e-03,2.02e+01,
11557,-8.00e-03,2.00e+01,
11558,-8.00e-03,2.02e+01,
11559,-8.00e-03,2.04e+01,
11560,-8.00e-03,2.02e+01,
11561,-8.00e-03,2.02e+01,
11562,-8.00e-03,2.04e+01,
11563,-8.00e-03,2.04e+01,
11564,-8.00e-03,2.04e+01,
11565,-8.00e-03,2.04e+01,
11566,-8.00e-03,2.04e+01,
11567,-8.00e-03,2.06e+01,
11568,-8.00e-03,2.04e+01,
11569,-4.00e-03,2.04e+01,
11570,-1.20e-02,2.04e+01,
11571,-4.00e-03,2.06e+01,
11572,-1.20e-02,2.06e+01,
11573,-8.00e-03,2.06e+01,
11574,-8.00e-03,2.06e+01,
11575,-8.00e-03,2.06e+01,
11576,-8.00e-03,2.06e+01,
11577,-8.00e-03,2.06e+01,
11578,-8.00e-03,2.06e+01,
11579,-8.00e-03,2.08e+01,
11580,-8.00e-03,2.06e+01,
11581,-8.00e-03,2.06e+01,
11582,-8.00e-03,2.06e+01,
11583,-8.00e-03,2.08e+01,
11584,-8.00e-03,2.06e+01,
11585,-8.00e-03,2.06e+01,
11586,-8.00e-03,2.06e+01,
11587,-8.00e-03,2.08e+01,
11588,-8.00e-03,2.08e+01,
11589,-8.00e-03,2.06e+01,
11590,-8.00e-03,2.06e+01,
11591,-8.00e-03,2.08e+01,
11592,-8.00e-03,2.08e+01,
11593,-8.00e-03,2.08e+01,
11594,-8.00e-03,2.08e+01,
11595,-4.00e-03,2.08e+01,
11596,-8.00e-03,2.08e+01,
11597,-8.00e-03,2.06e+01,
11598,-8.00e-03,2.08e+01,
11599,-8.00e-03,2.08e+01,
11600,-8.00e-03,2.08e+01,
11601,-8.00e-03,2.06e+01,
11602,-8.00e-03,2.08e+01,
11603,-8.00e-03,2.10e+01,
11604,-8.00e-03,2.08e+01,
11605,-1.20e-02,2.06e+01,
11606,-8.00e-03,2.08e+01,
11607,-8.00e-03,2.08e+01,
11608,-8.00e-03,2.06e+01,
11609,-8.00e-03,2.06e+01,
11610,-1.20e-02,2.06e+01,
11611,-8.00e-03,2.08e+01,
11612,-8.00e-03,2.08e+01,
11613,-8.00e-03,2.06e+01,
11614,-8.00e-03,2.06e+01,
11615,-8.00e-03,2.08e+01,
11616,-8.00e-03,2.06e+01,
11617,-8.00e-03,2.06e+01,
11618,-1.20e-02,2.06e+01,
11619,-8.00e-03,2.06e+01,
11620,-8.00e-03,2.06e+01,
11621,-8.00e-03,2.06e+01,
11622,-8.00e-03,2.06e+01,
11623,-8.00e-03,2.06e+01,
11624,-8.00e-03,2.06e+01,
11625,-8.00e-03,2.06e+01,
11626,-1.20e-02,2.04e+01,
11627,-8.00e-03,2.06e+01,
11628,-8.00e-03,2.04e+01,
11629,-1.20e-02,2.04e+01,
11630,-8.00e-03,2.04e+01,
11631,-8.00e-03,2.06e+01,
11632,-8.00e-03,2.04e+01,
11633,-8.00e-03,2.04e+01,
11634,-1.20e-02,2.04e+01,
11635,-8.00e-03,2.04e+01,
11636,-8.00e-03,2.02e+01,
11637,-8.00e-03,2.02e+01,
11638,-8.00e-03,2.02e+01,
11639,-8.00e-03,2.04e+01,
11640,-8.00e-03,2.02e+01,
11641,-8.00e-03,2.02e+01,
11642,-1.20e-02,2.00e+01,
11643,-8.00e-03,2.02e+01,
11644,-8.00e-03,2.02e+01,
11645,-8.00e-03,2.00e+01,
11646,-8.00e-03,2.00e+01,
11647,-8.00e-03,2.00e+01,
11648,-8.00e-03,1.98e+01,
11649,-8.00e-03,2.00e+01,
11650,-1.20e-02,2.00e+01,
11651,-8.00e-03,2.00e+01,
11652,-8.00e-03,1.98e+01,
11653,-8.00e-03,1.98e+01,
11654,-8.00e-03,1.96e+01,
11655,-8.00e-03,1.98e+01,
11656,-8.00e-03,1.96e+01,
11657,-8.00e-03,1.96e+01,
11658,-1.20e-02,1.96e+01,
11659,-8.00e-03,1.96e+01,
11660,-8.00e-03,1.96e+01,
11661,-1.20e-02,1.94e+01,
11662,-8.00e-03,1.94e+01,
11663,-8.00e-03,1.96e+01,
11664,-1.20e-02,1.94e+01,
11665,-8.00e-03,1.94e+01,
11666,-1.20e-02,1.94e+01,
11667,-8.00e-03,1.94e+01,
11668,-8.00e-03,1.94e+01,
11669,-1.20e-02,1.92e+01,
11670,-1.20e-02,1.92e+01,
11671,-8.00e-03,1.92e+01,
11672,-8.00e-03,1.92e+01,
11673,-8.00e-03,1.90e+01,
11674,-1.20e-02,1.90e+01,
11675,-8.00e-03,1.92e+01,
11676,-8.00e-03,1.86e+01,
11677,-8.00e-03,1.86e+01,
11678,-8.00e-03,1.86e+01,
11679,-8.00e-03,1.86e+01,
11680,-8.00e-03,1.86e+01,
11681,-8.00e-03,1.86e+01,
11682,-1.20e-02,1.86e+01,
11683,-8.00e-03,1.86e+01,
11684,-8.00e-03,1.84e+01,
11685,-1.20e-02,1.84e+01,
11686,-8.00e-03,1.84e+01,
11687,-8.00e-03,1.86e+01,
11688,-8.00e-03,1.82e+01,
11689,-8.00e-03,1.82e+01,
11690,-8.00e-03,1.82e+01,
11691,-8.00e-03,1.82e+01,
11692,-8.00e-03,1.80e+01,
11693,-8.00e-03,1.80e+01,
11694,-1.20e-02,1.80e+01,
11695,-8.00e-03,1.80e+01,
11696,-8.00e-03,1.80e+01,
11697,-8.00e-03,1.78e+01,
11698,-1.20e-02,1.78e+01,
11699,-8.00e-03,1.80e+01,
11700,-1.20e-02,1.78e+01,
11701,-8.00e-03,1.78e+01,
11702,-8.00e-03,1.76e+01,
11703,-8.00e-03,1.78e+01,
11704,-1.20e-02,1.76e+01,
11705,-8.00e-03,1.76e+01,
11706,-1.20e-02,1.76e+01,
11707,-8.00e-03,1.76e+01,
11708,-8.00e-03,1.74e+01,
11709,-8.00e-03,1.74e+01,
11710,-8.00e-03,1.74e+01,
11711,-8.00e-03,1.74e+01,
11712,-8.00e-03,1.72e+01,
11713,-8.00e-03,1.74e+01,
11714,-1.20e-02,1.72e+01,
11715,-8.00e-03,1.72e+01,
11716,-8.00e-03,1.72e+01,
11717,-8.00e-03,1.72e+01,
11718,-8.00e-03,1.72e+01,
11719,-8.00e-03,1.72e+01,
11720,-8.00e-03,1.70e+01,
11721,-8.00e-03,1.70e+01,
11722,-1.20e-02,1.70e+01,
11723,-4.00e-03,1.70e+01,
11724,-8.00e-03,1.68e+01,
11725,-8.00e-03,1.68e+01,
11726,-8.00e-03,1.68e+01,
11727,-8.00e-03,1.68e+01,
11728,-8.00e-03,1.66e+01,
11729,-8.00e-03,1.66e+01,
11730,-8.00e-03,1.66e+01,
11731,-8.00e-03,1.68e+01,
11732,-8.00e-03,1.66e+01,
11733,-8.00e-03,1.64e+01,
11734,-1.20e-02,1.66e+01,
11735,-8.00e-03,1.66e+01,
11736,-1.20e-02,1.64e+01,
11737,-8.00e-03,1.64e+01,
11738,-1.20e-02,1.64e+01,
11739,-8.00e-03,1.64e+01,
11740,-8.00e-03,1.64e+01,
11741,-8.00e-03,1.62e+01,
11742,-8.00e-03,1.62e+01,
11743,-8.00e-03,1.64e+01,
11744,-8.00e-03,1.62e+01,
11745,-8.00e-03,1.62e+01,
11746,-8.00e-03,1.60e+01,
11747,-8.00e-03,1.62e+01,
11748,-8.00e-03,1.60e+01,
11749,-1.20e-02,1.60e+01,
11750,-8.00e-03,1.60e+01,
11751,-8.00e-03,1.62e+01,
11752,-8.00e-03,1.58e+01,
11753,-8.00e-03,1.58e+01,
11754,-8.00e-03,1.58e+01,
11755,-8.00e-03,1.60e+01,
11756,-8.00e-03,1.58e+01,
11757,-8.00e-03,1.58e+01,
11758,-8.00e-03,1.58e+01,
11759,-8.00e-03,1.58e+01,
11760,-8.00e-03,1.58e+01,
11761,-8.00e-03,1.56e+01,
11762,-1.20e-02,1.58e+01,
11763,-8.00e-03,1.58e+01,
11764,-8.00e-03,1.56e+01,
11765,-8.00e-03,1.56e+01,
11766,-8.00e-03,1.56e+01,
11767,-8.00e-03,1.58e+01,
11768,-1.20e-02,1.56e+01,
11769,-8.00e-03,1.56e+01,
11770,-8.00e-03,1.56e+01,
11771,-8.00e-03,1.56e+01,
11772,-8.00e-03,1.56e+01,
11773,-8.00e-03,1.54e+01,
11774,-8.00e-03,1.54e+01,
11775,-8.00e-03,1.54e+01,
11776,-8.00e-03,1.54e+01,
11777,-8.00e-03,1.54e+01,
11778,-8.00e-03,1.54e+01,
11779,-4.00e-03,1.54e+01,
11780,-8.00e-03,1.54e+01,
11781,-1.20e-02,1.54e+01,
11782,-8.00e-03,1.54e+01,
11783,-8.00e-03,1.54e+01,
11784,-8.00e-03,1.54e+01,
11785,-8.00e-03,1.54e+01,
11786,-1.20e-02,1.54e+01,
11787,-4.00e-03,1.54e+01,
11788,-8.00e-03,1.50e+01,
11789,-8.00e-03,1.50e+01,
11790,-8.00e-03,1.50e+01,
11791,-8.00e-03,1.54e+01,
11792,-8.00e-03,1.50e+01,
11793,-8.00e-03,1.50e+01,
11794,-8.00e-03,1.50e+01,
11795,-8.00e-03,1.54e+01,
11796,-8.00e-03,1.50e+01,
11797,-8.00e-03,1.50e+01,
11798,-8.00e-03,1.50e+01,
11799,-8.00e-03,1.50e+01,
11800,-8.00e-03,1.48e+01,
11801,-8.00e-03,1.48e+01,
11802,-1.20e-02,1.50e+01,
11803,-4.00e-03,1.50e+01,
11804,-8.00e-03,1.50e+01,
11805,-8.00e-03,1.50e+01,
11806,-8.00e-03,1.50e+01,
11807,-4.00e-03,1.50e+01,
11808,-8.00e-03,1.48e+01,
11809,-8.00e-03,1.50e+01,
11810,-8.00e-03,1.50e+01,
11811,-8.00e-03,1.50e+01,
11812,-8.00e-03,1.50e+01,
11813,-8.00e-03,1.48e+01,
11814,-8.00e-03,1.50e+01,
11815,-8.00e-03,1.54e+01,
11816,-8.00e-03,1.50e+01,
11817,-4.00e-03,1.50e+01,
11818,-8.00e-03,1.50e+01,
11819,-8.00e-03,1.50e+01,
11820,-8.00e-03,1.50e+01,
11821,-8.00e-03,1.50e+01,
11822,-8.00e-03,1.50e+01,
11823,-4.00e-03,1.50e+01,
11824,-8.00e-03,1.50e+01,
11825,-8.00e-03,1.50e+01,
11826,-8.00e-03,1.50e+01,
11827,-8.00e-03,1.54e+01,
11828,-8.00e-03,1.50e+01,
11829,-8.00e-03,1.50e+01,
11830,-8.00e-03,1.54e+01,
11831,-4.00e-03,1.54e+01,
11832,-8.00e-03,1.50e+01,
11833,-8.00e-03,1.54e+01,
11834,-1.20e-02,1.54e+01,
11835,-8.00e-03,1.54e+01,
11836,-8.00e-03,1.54e+01,
11837,-8.00e-03,1.54e+01,
11838,-8.00e-03,1.54e+01,
11839,-8.00e-03,1.54e+01,
11840,-8.00e-03,1.54e+01,
11841,-8.00e-03,1.54e+01,
11842,-8.00e-03,1.54e+01,
11843,-8.00e-03,1.56e+01,
11844,-8.00e-03,1.56e+01,
11845,-8.00e-03,1.54e+01,
11846,-8.00e-03,1.56e+01,
11847,-4.00e-03,1.56e+01,
11848,-8.00e-03,1.54e+01,
11849,-8.00e-03,1.56e+01,
11850,-8.00e-03,1.56e+01,
11851,-8.00e-03,1.58e+01,
11852,-8.00e-03,1.56e+01,
11853,-8.00e-03,1.58e+01,
11854,-8.00e-03,1.58e+01,
11855,-4.00e-03,1.58e+01,
11856,-8.00e-03,1.58e+01,
11857,-8.00e-03,1.58e+01,
11858,-8.00e-03,1.58e+01,
11859,-4.00e-03,1.60e+01,
11860,-8.00e-03,1.58e+01,
11861,-8.00e-03,1.58e+01,
11862,-8.00e-03,1.58e+01,
11863,-8.00e-03,1.60e+01,
11864,-8.00e-03,1.60e+01,
11865,-8.00e-03,1.60e+01,
11866,-8.00e-03,1.60e+01,
11867,-8.00e-03,1.62e+01,
11868,-8.00e-03,1.60e+01,
11869,-8.00e-03,1.60e+01,
11870,-8.00e-03,1.62e+01,
11871,-4.00e-03,1.62e+01,
11872,-8.00e-03,1.60e+01,
11873,-8.00e-03,1.62e+01,
11874,-8.00e-03,1.62e+01,
11875,-4.00e-03,1.64e+01,
11876,-8.00e-03,1.62e+01,
11877,-8.00e-03,1.64e+01,
11878,-8.00e-03,1.64e+01,
11879,-8.00e-03,1.66e+01,
11880,-8.00e-03,1.64e+01,
11881,-8.00e-03,1.62e+01,
11882,-8.00e-03,1.64e+01,
11883,-8.00e-03,1.66e+01,
11884,-8.00e-03,1.66e+01,
11885,-8.00e-03,1.66e+01,
11886,-8.00e-03,1.66e+01,
11887,-8.00e-03,1.68e+01,
11888,-8.00e-03,1.66e+01,
11889,-8.00e-03,1.66e+01,
11890,-8.00e-03,1.68e+01,
11891,-8.00e-03,1.70e+01,
11892,-4.00e-03,1.68e+01,
11893,-8.00e-03,1.68e+01,
11894,-8.00e-03,1.68e+01,
11895,-4.00e-03,1.70e+01,
11896,-8.00e-03,1.70e+01,
11897,-4.00e-03,1.70e+01,
11898,-8.00e-03,1.70e+01,
11899,-4.00e-03,1.72e+01,
11900,-8.00e-03,1.72e+01,
11901,-8.00e-03,1.72e+01,
11902,-8.00e-03,1.72e+01,
11903,-4.00e-03,1.74e+01,
11904,-8.00e-03,1.72e+01,
11905,-8.00e-03,1.72e+01,
11906,-8.00e-03,1.74e+01,
11907,-4.00e-03,1.76e+01,
11908,-8.00e-03,1.74e+01,
11909,-8.00e-03,1.74e+01,
11910,-8.00e-03,1.76e+01,
11911,-4.00e-03,1.76e+01,
11912,-8.00e-03,1.76e+01,
11913,-8.00e-03,1.76e+01,
11914,-8.00e-03,1.76e+01,
11915,-8.00e-03,1.78e+01,
11916,-8.00e-03,1.78e+01,
11917,-8.00e-03,1.76e+01,
11918,-8.00e-03,1.78e+01,
11919,-8.00e-03,1.80e+01,
11920,-4.00e-03,1.80e+01,
11921,-8.00e-03,1.80e+01,
11922,-8.00e-03,1.80e+01,
11923,-8.00e-03,1.82e+01,
11924,-8.00e-03,1.80e+01,
11925,-8.00e-03,1.82e+01,
11926,-8.00e-03,1.82e+01,
11927,-8.00e-03,1.82e+01,
11928,-8.00e-03,1.82e+01,
11929,-8.00e-03,1.82e+01,
11930,-8.00e-03,1.82e+01,
11931,-8.00e-03,1.84e+01,
11932,-8.00e-03,1.84e+01,
11933,-8.00e-03,1.84e+01,
11934,-8.00e-03,1.84e+01,
11935,-4.00e-03,1.86e+01,
11936,-8.00e-03,1.84e+01,
11937,-8.00e-03,1.86e+01,
11938,-8.00e-03,1.86e+01,
11939,-8.00e-03,1.90e+01,
11940,-8.00e-03,1.86e+01,
11941,-8.00e-03,1.86e+01,
11942,-8.00e-03,1.86e+01,
11943,-4.00e-03,1.90e+01,
11944,-8.00e-03,1.90e+01,
11945,-8.00e-03,1.90e+01,
11946,-1.20e-02,1.90e+01,
11947,-8.00e-03,1.92e+01,
11948,-8.00e-03,1.90e+01,
11949,-8.00e-03,1.92e+01,
11950,-8.00e-03,1.92e+01,
11951,-8.00e-03,1.92e+01,
11952,-8.00e-03,1.92e+01,
11953,-8.00e-03,1.94e+01,
11954,-8.00e-03,1.94e+01,
11955,-8.00e-03,1.94e+01,
11956,-8.00e-03,1.94e+01,
11957,-8.00e-03,1.94e+01,
11958,-8.00e-03,1.94e+01,
11959,-8.00e-03,1.96e+01,
11960,-8.00e-03,1.96e+01,
11961,-8.00e-03,1.96e+01,
11962,-8.00e-03,1.96e+01,
11963,-8.00e-03,1.96e+01,
11964,-8.00e-03,1.96e+01,
11965,-8.00e-03,1.96e+01,
11966,-8.00e-03,1.96e+01,
11967,-8.00e-03,1.98e+01,
11968,-8.00e-03,1.96e+01,
11969,-8.00e-03,1.96e+01,
11970,-8.00e-03,1.98e+01,
11971,-8.00e-03,2.00e+01,
11972,-8.00e-03,1.98e+01,
11973,-8.00e-03,1.98e+01,
11974,-8.00e-03,2.00e+01,
11975,-4.00e-03,2.00e+01,
11976,-8.00e-03,1.98e+01,
11977,-8.00e-03,2.00e+01,
11978,-8.00e-03,2.00e+01,
11979,-8.00e-03,2.02e+01,
11980,-8.00e-03,2.00e+01,
11981,-8.00e-03,2.00e+01,
11982,-8.00e-03,2.00e+01,
11983,-4.00e-03,2.02e+01,
11984,-8.00e-03,2.02e+01,
11985,-8.00e-03,2.02e+01,
11986,-1.20e-02,2.02e+01,
11987,-8.00e-03,2.04e+01,
11988,-1.20e-02,2.02e+01,
11989,-8.00e-03,2.02e+01,
11990,-8.00e-03,2.02e+01,
11991,-8.00e-03,2.04e+01,
11992,-8.00e-03,2.02e+01,
11993,-8.00e-03,2.02e+01,
11994,-1.20e-02,2.04e+01,
11995,-8.00e-03,2.04e+01,
11996,-8.00e-03,2.02e+01,
11997,-8.00e-03,2.02e+01,
11998,-8.00e-03,2.04e+01,
11999,-4.00e-03,2.04e+01,
12000,-8.00e-03,2.04e+01,
12001,-8.00e-03,2.02e+01,
12002,-1.20e-02,2.04e+01,
12003,-8.00e-03,2.04e+01,
12004,-8.00e-03,2.04e+01,
12005,-8.00e-03,2.04e+01,
12006,-8.00e-03,2.04e+01,
12007,-4.00e-03,2.06e+01,
12008,-8.00e-03,2.04e+01,
12009,-8.00e-03,2.04e+01,
12010,-8.00e-03,2.06e+01,
12011,-8.00e-03,2.06e+01,
12012,-1.20e-02,2.04e+01,
12013,-8.00e-03,2.04e+01,
12014,-8.00e-03,2.04e+01,
12015,-8.00e-03,2.06e+01,
12016,-8.00e-03,2.04e+01,
12017,-8.00e-03,2.04e+01,
12018,-1.20e-02,2.04e+01,
12019,-8.00e-03,2.06e+01,
12020,-8.00e-03,2.04e+01,
12021,-8.00e-03,2.04e+01,
12022,-8.00e-03,2.04e+01,
12023,-8.00e-03,2.06e+01,
12024,-8.00e-03,2.06e+01,
12025,-8.00e-03,2.04e+01,
12026,-8.00e-03,2.04e+01,
12027,-8.00e-03,2.06e+01,
12028,-1.20e-02,2.04e+01,
12029,-8.00e-03,2.04e+01,
12030,-1.20e-02,2.04e+01,
12031,-8.00e-03,2.06e+01,
12032,-8.00e-03,2.04e+01,
12033,-8.00e-03,2.04e+01,
12034,-1.20e-02,2.04e+01,
12035,-8.00e-03,2.04e+01,
12036,-8.00e-03,2.04e+01,
12037,-8.00e-03,2.02e+01,
12038,-1.20e-02,2.04e+01,
12039,-8.00e-03,2.04e+01,
12040,-8.00e-03,2.04e+01,
12041,-8.00e-03,2.02e+01,
12042,-1.20e-02,2.02e+01,
12043,-8.00e-03,2.04e+01,
12044,-1.20e-02,2.02e+01,
12045,-8.00e-03,2.02e+01,
12046,-8.00e-03,2.02e+01,
12047,-8.00e-03,2.04e+01,
12048,-8.00e-03,2.02e+01,
12049,-8.00e-03,2.02e+01,
12050,-1.20e-02,2.02e+01,
12051,-8.00e-03,2.02e+01,
12052,-8.00e-03,2.00e+01,
12053,-8.00e-03,2.00e+01,
12054,-8.00e-03,2.00e+01,
12055,-8.00e-03,2.02e+01,
12056,-8.00e-03,2.00e+01,
12057,-8.00e-03,2.00e+01,
12058,-1.20e-02,2.00e+01,
12059,-8.00e-03,2.02e+01,
12060,-8.00e-03,2.00e+01,
12061,-8.00e-03,1.98e+01,
12062,-8.00e-03,1.98e+01,
12063,-8.00e-03,2.00e+01,
12064,-8.00e-03,2.00e+01,
12065,-8.00e-03,1.98e+01,
12066,-1.20e-02,1.98e+01,
12067,-8.00e-03,1.98e+01,
12068,-8.00e-03,1.98e+01,
12069,-8.00e-03,1.96e+01,
12070,-8.00e-03,1.96e+01,
12071,-8.00e-03,1.98e+01,
12072,-8.00e-03,1.96e+01,
12073,-8.00e-03,1.96e+01,
12074,-1.20e-02,1.96e+01,
12075,-8.00e-03,1.96e+01,
12076,-8.00e-03,1.94e+01,
12077,-8.00e-03,1.94e+01,
12078,-8.00e-03,1.94e+01,
12079,-8.00e-03,1.94e+01,
12080,-8.00e-03,1.94e+01,
12081,-8.00e-03,1.94e+01,
12082,-1.20e-02,1.94e+01,
12083,-8.00e-03,1.94e+01,
12084,-8.00e-03,1.92e+01,
12085,-8.00e-03,1.92e+01,
12086,-8.00e-03,1.92e+01,
12087,-8.00e-03,1.92e+01,
12088,-8.00e-03,1.90e+01,
12089,-8.00e-03,1.90e+01,
12090,-8.00e-03,1.90e+01,
12091,-4.00e-03,1.92e+01,
12092,-8.00e-03,1.90e+01,
12093,-8.00e-03,1.90e+01,
12094,-8.00e-03,1.86e+01,
12095,-8.00e-03,1.90e+01,
12096,-8.00e-03,1.86e+01,
12097,-8.00e-03,1.86e+01,
12098,-8.00e-03,1.86e+01,
12099,-8.00e-03,1.86e+01,
12100,-1.20e-02,1.84e+01,
12101,-8.00e-03,1.84e+01,
12102,-8.00e-03,1.84e+01,
12103,-8.00e-03,1.86e+01,
12104,-8.00e-03,1.84e+01,
12105,-8.00e-03,1.82e+01,
12106,-1.20e-02,1.84e+01,
12107,-8.00e-03,1.84e+01,
12108,-8.00e-03,1.82e+01,
12109,-8.00e-03,1.80e+01,
12110,-8.00e-03,1.82e+01,
12111,-8.00e-03,1.82e+01,
12112,-8.00e-03,1.80e+01,
12113,-8.00e-03,1.80e+01,
12114,-1.20e-02,1.80e+01,
12115,-4.00e-03,1.80e+01,
12116,-8.00e-03,1.80e+01,
12117,-8.00e-03,1.78e+01,
12118,-8.00e-03,1.78e+01,
12119,-8.00e-03,1.80e+01,
12120,-8.00e-03,1.78e+01,
12121,-8.00e-03,1.78e+01,
12122,-1.20e-02,1.78e+01,
12123,-8.00e-03,1.78e+01,
12124,-8.00e-03,1.76e+01,
12125,-8.00e-03,1.76e+01,
12126,-8.00e-03,1.76e+01,
12127,-8.00e-03,1.76e+01,
12128,-8.00e-03,1.74e+01,
12129,-8.00e-03,1.74e+01,
12130,-1.20e-02,1.74e+01,
12131,-8.00e-03,1.74e+01,
12132,-8.00e-03,1.74e+01,
12133,-8.00e-03,1.72e+01,
12134,-8.00e-03,1.72e+01,
12135,-8.00e-03,1.72e+01,
12136,-1.20e-02,1.72e+01,
12137,-8.00e-03,1.72e+01,
12138,-1.20e-02,1.72e+01,
12139,-8.00e-03,1.72e+01,
12140,-8.00e-03,1.72e+01,
12141,-8.00e-03,1.70e+01,
12142,-8.00e-03,1.72e+01,
12143,-8.00e-03,1.72e+01,
12144,-8.00e-03,1.70e+01,
12145,-8.00e-03,1.70e+01,
12146,-1.20e-02,1.68e+01,
12147,-8.00e-03,1.70e+01,
12148,-8.00e-03,1.68e+01,
12149,-8.00e-03,1.66e+01,
12150,-8.00e-03,1.68e+01,
12151,-8.00e-03,1.68e+01,
12152,-8.00e-03,1.68e+01,
12153,-8.00e-03,1.66e+01,
12154,-1.20e-02,1.66e+01,
12155,-8.00e-03,1.66e+01,
12156,-8.00e-03,1.66e+01,
12157,-8.00e-03,1.66e+01,
12158,-1.20e-02,1.64e+01,
12159,-8.00e-03,1.66e+01,
12160,-8.00e-03,1.64e+01,
12161,-8.00e-03,1.64e+01,
12162,-1.20e-02,1.64e+01,
12163,-8.00e-03,1.64e+01,
12164,-8.00e-03,1.62e+01,
12165,-8.00e-03,1.62e+01,
12166,-8.00e-03,1.62e+01,
12167,-8.00e-03,1.64e+01,
12168,-8.00e-03,1.62e+01,
12169,-8.00e-03,1.62e+01,
12170,-1.20e-02,1.62e+01,
12171,-8.00e-03,1.62e+01,
12172,-8.00e-03,1.60e+01,
12173,-8.00e-03,1.60e+01,
12174,-8.00e-03,1.60e+01,
12175,-8.00e-03,1.62e+01,
12176,-8.00e-03,1.60e+01,
12177,-8.00e-03,1.60e+01,
12178,-8.00e-03,1.60e+01,
12179,-8.00e-03,1.60e+01,
12180,-8.00e-03,1.60e+01,
12181,-1.20e-02,1.58e+01,
12182,-8.00e-03,1.58e+01,
12183,-8.00e-03,1.60e+01,
12184,-8.00e-03,1.58e+01,
12185,-8.00e-03,1.58e+01,
12186,-1.20e-02,1.58e+01,
12187,-8.00e-03,1.60e+01,
12188,-8.00e-03,1.58e+01,
12189,-8.00e-03,1.56e+01,
12190,-8.00e-03,1.58e+01,
12191,-8.00e-03,1.58e+01,
12192,-8.00e-03,1.58e+01,
12193,-8.00e-03,1.56e+01,
12194,-1.20e-02,1.56e+01,
12195,-4.00e-03,1.58e+01,
12196,-8.00e-03,1.56e+01,
12197,-8.00e-03,1.56e+01,
12198,-8.00e-03,1.56e+01,
12199,-8.00e-03,1.56e+01,
12200,-8.00e-03,1.56e+01,
12201,-8.00e-03,1.56e+01,
12202,-8.00e-03,1.56e+01,
12203,-8.00e-03,1.56e+01,
12204,-8.00e-03,1.54e+01,
12205,-8.00e-03,1.54e+01,
12206,-8.00e-03,1.56e+01,
12207,-8.00e-03,1.56e+01,
12208,-8.00e-03,1.54e+01,
12209,-8.00e-03,1.54e+01,
12210,-8.00e-03,1.54e+01,
12211,-8.00e-03,1.56e+01,
12212,-8.00e-03,1.54e+01,
12213,-8.00e-03,1.54e+01,
12214,-8.00e-03,1.54e+01,
12215,-8.00e-03,1.56e+01,
12216,-8.00e-03,1.54e+01,
12217,-8.00e-03,1.54e+01,
12218,-8.00e-03,1.54e+01,
12219,-8.00e-03,1.56e+01,
12220,-8.00e-03,1.54e+01,
12221,-8.00e-03,1.54e+01,
12222,-8.00e-03,1.54e+01,
12223,-4.00e-03,1.54e+01,
12224,-8.00e-03,1.54e+01,
12225,-8.00e-03,1.54e+01,
12226,-8.00e-03,1.54e+01,
12227,-8.00e-03,1.54e+01,
12228,-8.00e-03,1.54e+01,
12229,-8.00e-03,1.54e+01,
12230,-8.00e-03,1.54e+01,
12231,-8.00e-03,1.54e+01,
12232,-8.00e-03,1.54e+01,
12233,-4.00e-03,1.50e+01,
12234,-1.20e-02,1.54e+01,
12235,-4.00e-03,1.56e+01,
12236,-8.00e-03,1.54e+01,
12237,-8.00e-03,1.50e+01,
12238,-8.00e-03,1.54e+01,
12239,-8.00e-03,1.54e+01,
12240,-8.00e-03,1.54e+01,
12241,-8.00e-03,1.54e+01,
12242,-8.00e-03,1.56e+01,
12243,-8.00e-03,1.56e+01,
12244,-8.00e-03,1.54e+01,
12245,-8.00e-03,1.54e+01,
12246,-8.00e-03,1.54e+01,
12247,-8.00e-03,1.56e+01,
12248,-8.00e-03,1.54e+01,
12249,-8.00e-03,1.54e+01,
12250,-8.00e-03,1.54e+01,
12251,-4.00e-03,1.56e+01,
12252,-8.00e-03,1.54e+01,
12253,-8.00e-03,1.54e+01,
12254,-8.00e-03,1.56e+01,
12255,-8.00e-03,1.56e+01,
12256,-8.00e-03,1.56e+01,
12257,-8.00e-03,1.56e+01,
12258,-8.00e-03,1.56e+01,
12259,-8.00e-03,1.58e+01,
12260,-8.00e-03,1.58e+01,
12261,-8.00e-03,1.56e+01,
12262,-8.00e-03,1.56e+01,
12263,-8.00e-03,1.56e+01,
12264,-8.00e-03,1.56e+01,
12265,-8.00e-03,1.56e+01,
12266,-1.20e-02,1.58e+01,
12267,-8.00e-03,1.58e+01,
12268,-8.00e-03,1.58e+01,
12269,-8.00e-03,1.58e+01,
12270,-8.00e-03,1.58e+01,
12271,-4.00e-03,1.60e+01,
12272,-8.00e-03,1.58e+01,
12273,-8.00e-03,1.58e+01,
12274,-8.00e-03,1.60e+01,
12275,-8.00e-03,1.60e+01,
12276,-8.00e-03,1.58e+01,
12277,-4.00e-03,1.60e+01,
12278,-8.00e-03,1.60e+01,
12279,-8.00e-03,1.60e+01,
12280,-8.00e-03,1.60e+01,
12281,-8.00e-03,1.60e+01,
12282,-8.00e-03,1.60e+01,
12283,-8.00e-03,1.62e+01,
12284,-8.00e-03,1.62e+01,
12285,-8.00e-03,1.60e+01,
12286,-8.00e-03,1.60e+01,
12287,-4.00e-03,1.64e+01,
12288,-8.00e-03,1.62e+01,
12289,-4.00e-03,1.62e+01,
12290,-8.00e-03,1.64e+01,
12291,-8.00e-03,1.64e+01,
12292,-8.00e-03,1.62e+01,
12293,-8.00e-03,1.62e+01,
12294,-8.00e-03,1.64e+01,
12295,-4.00e-03,1.64e+01,
12296,-8.00e-03,1.64e+01,
12297,-8.00e-03,1.64e+01,
12298,-1.20e-02,1.64e+01,
12299,-8.00e-03,1.66e+01,
12300,-8.00e-03,1.66e+01,
12301,-8.00e-03,1.66e+01,
12302,-8.00e-03,1.66e+01,
12303,-4.00e-03,1.68e+01,
12304,-8.00e-03,1.66e+01,
12305,-8.00e-03,1.66e+01,
12306,-8.00e-03,1.66e+01,
12307,-8.00e-03,1.68e+01,
12308,-8.00e-03,1.68e+01,
12309,-8.00e-03,1.68e+01,
12310,-8.00e-03,1.68e+01,
12311,-8.00e-03,1.70e+01,
12312,-8.00e-03,1.68e+01,
12313,-8.00e-03,1.70e+01,
12314,-8.00e-03,1.70e+01,
12315,-4.00e-03,1.70e+01,
12316,-8.00e-03,1.70e+01,
12317,-1.20e-02,1.70e+01,
12318,-8.00e-03,1.70e+01,
12319,-8.00e-03,1.74e+01,
12320,-8.00e-03,1.72e+01,
12321,-8.00e-03,1.70e+01,
12322,-1.20e-02,1.72e+01,
12323,-8.00e-03,1.74e+01,
12324,-8.00e-03,1.74e+01,
12325,-8.00e-03,1.74e+01,
12326,-8.00e-03,1.74e+01,
12327,-8.00e-03,1.74e+01,
12328,-8.00e-03,1.74e+01,
12329,-8.00e-03,1.74e+01,
12330,-8.00e-03,1.74e+01,
12331,-8.00e-03,1.76e+01,
12332,-8.00e-03,1.76e+01,
12333,-8.00e-03,1.76e+01,
12334,-8.00e-03,1.76e+01,
12335,-4.00e-03,1.78e+01,
12336,-8.00e-03,1.76e+01,
12337,-8.00e-03,1.78e+01,
12338,-1.20e-02,1.78e+01,
12339,-8.00e-03,1.80e+01,
12340,-8.00e-03,1.78e+01,
12341,-8.00e-03,1.78e+01,
12342,-8.00e-03,1.80e+01,
12343,-8.00e-03,1.80e+01,
12344,-8.00e-03,1.80e+01,
12345,-8.00e-03,1.80e+01,
12346,-8.00e-03,1.80e+01,
12347,-4.00e-03,1.82e+01,
12348,-8.00e-03,1.80e+01,
12349,-8.00e-03,1.80e+01,
12350,-8.00e-03,1.82e+01,
12351,-4.00e-03,1.84e+01,
12352,-8.00e-03,1.82e+01,
12353,-8.00e-03,1.82e+01,
12354,-8.00e-03,1.84e+01,
12355,-8.00e-03,1.86e+01,
12356,-8.00e-03,1.84e+01,
12357,-8.00e-03,1.84e+01,
12358,-8.00e-03,1.84e+01,
12359,-8.00e-03,1.86e+01,
12360,-4.00e-03,1.86e+01,
12361,-8.00e-03,1.86e+01,
12362,-8.00e-03,1.86e+01,
12363,-8.00e-03,1.90e+01,
12364,-8.00e-03,1.86e+01,
12365,-8.00e-03,1.86e+01,
12366,-8.00e-03,1.86e+01,
12367,-4.00e-03,1.92e+01,
12368,-8.00e-03,1.90e+01,
12369,-8.00e-03,1.90e+01,
12370,-1.20e-02,1.90e+01,
12371,-8.00e-03,1.92e+01,
12372,-8.00e-03,1.92e+01,
12373,-8.00e-03,1.90e+01,
12374,-8.00e-03,1.92e+01,
12375,-8.00e-03,1.94e+01,
12376,-8.00e-03,1.92e+01,
12377,-8.00e-03,1.92e+01,
12378,-8.00e-03,1.92e+01,
12379,-8.00e-03,1.94e+01,
12380,-8.00e-03,1.92e+01,
12381,-8.00e-03,1.94e+01,
12382,-8.00e-03,1.94e+01,
12383,-8.00e-03,1.94e+01,
12384,-8.00e-03,1.94e+01,
12385,-8.00e-03,1.94e+01,
12386,-8.00e-03,1.96e+01,
12387,-8.00e-03,1.96e+01,
12388,-8.00e-03,1.96e+01,
12389,-8.00e-03,1.96e+01,
12390,-8.00e-03,1.96e+01,
12391,-8.00e-03,1.98e+01,
12392,-8.00e-03,1.96e+01,
12393,-8.00e-03,1.96e+01,
12394,-1.20e-02,1.96e+01,
12395,-8.00e-03,1.98e+01,
12396,-8.00e-03,1.98e+01,
12397,-8.00e-03,1.96e+01,
12398,-8.00e-03,1.98e+01,
12399,-8.00e-03,2.00e+01,
12400,-8.00e-03,1.98e+01,
12401,-8.00e-03,1.98e+01,
12402,-1.20e-02,1.98e+01,
12403,-8.00e-03,2.00e+01,
12404,-8.00e-03,1.98e+01,
12405,-8.00e-03,1.98e+01,
12406,-8.00e-03,2.00e+01,
12407,-8.00e-03,2.02e+01,
12408,-8.00e-03,2.00e+01,
12409,-8.00e-03,1.98e+01,
12410,-8.00e-03,2.00e+01,
12411,-8.00e-03,2.00e+01,
12412,-8.00e-03,2.00e+01,
12413,-8.00e-03,2.00e+01,
12414,-8.00e-03,2.00e+01,
12415,-8.00e-03,2.02e+01,
12416,-8.00e-03,2.00e+01,
12417,-8.00e-03,2.00e+01,
12418,-8.00e-03,2.00e+01,
12419,-8.00e-03,2.02e+01,
12420,-8.00e-03,2.02e+01,
12421,-8.00e-03,2.00e+01,
12422,-8.00e-03,2.02e+01,
12423,-8.00e-03,2.02e+01,
12424,-1.20e-02,2.02e+01,
12425,-8.00e-03,2.00e+01,
12426,-8.00e-03,2.02e+01,
12427,-4.00e-03,2.02e+01,
12428,-8.00e-03,2.02e+01,
12429,-8.00e-03,2.02e+01,
12430,-8.00e-03,2.02e+01,
12431,-8.00e-03,2.04e+01,
12432,-8.00e-03,2.02e+01,
12433,-8.00e-03,2.02e+01,
12434,-1.20e-02,2.02e+01,
12435,-8.00e-03,2.02e+01,
12436,-8.00e-03,2.02e+01,
12437,-8.00e-03,2.00e+01,
12438,-8.00e-03,2.02e+01,
12439,-8.00e-03,2.02e+01,
12440,-8.00e-03,2.02e+01,
12441,-8.00e-03,2.02e+01,
12442,-1.20e-02,2.02e+01,
12443,-4.00e-03,2.04e+01,
12444,-8.00e-03,2.00e+01,
12445,-8.00e-03,2.02e+01,
12446,-8.00e-03,2.00e+01,
12447,-4.00e-03,2.02e+01,
12448,-8.00e-03,2.02e+01,
12449,-8.00e-03,2.00e+01,
12450,-1.20e-02,2.00e+01,
12451,-8.00e-03,2.02e+01,
12452,-8.00e-03,2.02e+01,
12453,-8.00e-03,2.00e+01,
12454,-8.00e-03,2.00e+01,
12455,-8.00e-03,2.02e+01,
12456,-8.00e-03,2.00e+01,
12457,-8.00e-03,2.02e+01,
12458,-1.20e-02,2.02e+01,
12459,-8.00e-03,2.02e+01,
12460,-8.00e-03,2.00e+01,
12461,-8.00e-03,2.00e+01,
12462,-1.20e-02,2.00e+01,
12463,-8.00e-03,2.02e+01,
12464,-8.00e-03,2.00e+01,
12465,-8.00e-03,2.00e+01,
12466,-8.00e-03,1.98e+01,
12467,-8.00e-03,2.00e+01,
12468,-8.00e-03,2.00e+01,
12469,-8.00e-03,1.98e+01,
12470,-8.00e-03,1.98e+01,
12471,-8.00e-03,2.00e+01,
12472,-8.00e-03,1.98e+01,
12473,-8.00e-03,1.98e+01,
12474,-8.00e-03,1.98e+01,
12475,-8.00e-03,2.00e+01,
12476,-8.00e-03,1.98e+01,
12477,-8.00e-03,1.96e+01,
12478,-8.00e-03,1.98e+01,
12479,-8.00e-03,1.98e+01,
12480,-8.00e-03,1.98e+01,
12481,-8.00e-03,1.96e+01,
12482,-8.00e-03,1.96e+01,
12483,-8.00e-03,1.98e+01,
12484,-8.00e-03,1.96e+01,
12485,-8.00e-03,1.96e+01,
12486,-8.00e-03,1.96e+01,
12487,-8.00e-03,1.96e+01,
12488,-8.00e-03,1.96e+01,
12489,-8.00e-03,1.94e+01,
12490,-1.20e-02,1.96e+01,
12491,-8.00e-03,1.96e+01,
12492,-8.00e-03,1.94e+01,
12493,-8.00e-03,1.94e+01,
12494,-8.00e-03,1.92e+01,
12495,-8.00e-03,1.94e+01,
12496,-8.00e-03,1.92e+01,
12497,-8.00e-03,1.92e+01,
12498,-1.20e-02,1.94e+01,
12499,-8.00e-03,1.94e+01,
12500,-8.00e-03,1.92e+01,
12501,-1.20e-02,1.92e+01,
12502,-8.00e-03,1.92e+01,
12503,-8.00e-03,1.92e+01,
12504,-8.00e-03,1.90e+01,
12505,-8.00e-03,1.90e+01,
12506,-1.20e-02,1.90e+01,
12507,-8.00e-03,1.90e+01,
12508,-8.00e-03,1.90e+01,
12509,-1.20e-02,1.90e+01,
12510,-8.00e-03,1.90e+01,
12511,-8.00e-03,1.90e+01,
12512,-8.00e-03,1.86e+01,
12513,-8.00e-03,1.86e+01,
12514,-1.20e-02,1.86e+01,
12515,-8.00e-03,1.86e+01,
12516,-8.00e-03,1.86e+01,
12517,-8.00e-03,1.84e+01,
12518,-8.00e-03,1.84e+01,
12519,-8.00e-03,1.86e+01,
12520,-8.00e-03,1.84e+01,
12521,-8.00e-03,1.84e+01,
12522,-1.20e-02,1.84e+01,
12523,-8.00e-03,1.84e+01,
12524,-8.00e-03,1.84e+01,
12525,-1.20e-02,1.82e+01,
12526,-8.00e-03,1.82e+01,
12527,-8.00e-03,1.82e+01,
12528,-8.00e-03,1.82e+01,
12529,-8.00e-03,1.82e+01,
12530,-1.20e-02,1.82e+01,
12531,-8.00e-03,1.82e+01,
12532,-8.00e-03,1.80e+01,
12533,-1.20e-02,1.78e+01,
12534,-1.20e-02,1.78e+01,
12535,-8.00e-03,1.80e+01,
12536,-1.20e-02,1.78e+01,
12537,-8.00e-03,1.78e+01,
12538,-8.00e-03,1.78e+01,
12539,-8.00e-03,1.78e+01,
12540,-8.00e-03,1.76e+01,
12541,-8.00e-03,1.78e+01,
12542,-8.00e-03,1.78e+01,
12543,-8.00e-03,1.78e+01,
12544,-8.00e-03,1.76e+01,
12545,-8.00e-03,1.76e+01,
12546,-1.20e-02,1.76e+01,
12547,-8.00e-03,1.76e+01,
12548,-8.00e-03,1.76e+01,
12549,-8.00e-03,1.74e+01,
12550,-8.00e-03,1.74e+01,
12551,-8.00e-03,1.74e+01,
12552,-8.00e-03,1.74e+01,
12553,-8.00e-03,1.74e+01,
12554,-1.20e-02,1.74e+01,
12555,-8.00e-03,1.74e+01,
12556,-8.00e-03,1.72e+01,
12557,-8.00e-03,1.72e+01,
12558,-8.00e-03,1.72e+01,
12559,-8.00e-03,1.72e+01,
12560,-8.00e-03,1.72e+01,
12561,-8.00e-03,1.70e+01,
12562,-1.20e-02,1.70e+01,
12563,-8.00e-03,1.72e+01,
12564,-8.00e-03,1.70e+01,
12565,-8.00e-03,1.70e+01,
12566,-8.00e-03,1.68e+01,
12567,-8.00e-03,1.70e+01,
12568,-8.00e-03,1.68e+01,
12569,-8.00e-03,1.68e+01,
12570,-1.20e-02,1.68e+01,
12571,-8.00e-03,1.68e+01,
12572,-8.00e-03,1.68e+01,
12573,-8.00e-03,1.66e+01,
12574,-8.00e-03,1.68e+01,
12575,-8.00e-03,1.68e+01,
12576,-8.00e-03,1.66e+01,
12577,-8.00e-03,1.66e+01,
12578,-8.00e-03,1.66e+01,
12579,-8.00e-03,1.68e+01,
12580,-8.00e-03,1.66e+01,
12581,-1.20e-02,1.66e+01,
12582,-8.00e-03,1.64e+01,
12583,-8.00e-03,1.66e+01,
12584,-8.00e-03,1.64e+01,
12585,-8.00e-03,1.64e+01,
12586,-8.00e-03,1.64e+01,
12587,-8.00e-03,1.64e+01,
12588,-8.00e-03,1.64e+01,
12589,-8.00e-03,1.62e+01,
12590,-8.00e-03,1.62e+01,
12591,-8.00e-03,1.64e+01,
12592,-1.20e-02,1.62e+01,
12593,-8.00e-03,1.62e+01,
12594,-1.20e-02,1.62e+01,
12595,-8.00e-03,1.62e+01,
12596,-8.00e-03,1.62e+01,
12597,-8.00e-03,1.60e+01,
12598,-8.00e-03,1.60e+01,
12599,-4.00e-03,1.62e+01,
12600,-8.00e-03,1.60e+01,
12601,-8.00e-03,1.60e+01,
12602,-8.00e-03,1.60e+01,
12603,-8.00e-03,1.62e+01,
12604,-8.00e-03,1.60e+01,
12605,-8.00e-03,1.60e+01,
12606,-1.20e-02,1.60e+01,
12607,-4.00e-03,1.60e+01,
12608,-8.00e-03,1.60e+01,
12609,-8.00e-03,1.60e+01,
12610,-8.00e-03,1.60e+01,
12611,-4.00e-03,1.60e+01,
12612,-8.00e-03,1.58e+01,
12613,-8.00e-03,1.58e+01,
12614,-8.00e-03,1.58e+01,
12615,-8.00e-03,1.60e+01,
12616,-8.00e-03,1.58e+01,
12617,-8.00e-03,1.58e+01,
12618,-8.00e-03,1.58e+01,
12619,-8.00e-03,1.60e+01,
12620,-8.00e-03,1.58e+01,
12621,-8.00e-03,1.56e+01,
12622,-8.00e-03,1.58e+01,
12623,-4.00e-03,1.58e+01,
12624,-8.00e-03,1.56e+01,
12625,-8.00e-03,1.56e+01,
12626,-8.00e-03,1.58e+01,
12627,-4.00e-03,1.58e+01,
12628,-8.00e-03,1.56e+01,
12629,-8.00e-03,1.56e+01,
12630,-8.00e-03,1.56e+01,
12631,-8.00e-03,1.58e+01,
12632,-8.00e-03,1.54e+01,
12633,-8.00e-03,1.56e+01,
12634,-8.00e-03,1.56e+01,
12635,-8.00e-03,1.58e+01,
12636,-8.00e-03,1.56e+01,
12637,-8.00e-03,1.56e+01,
12638,-8.00e-03,1.56e+01,
12639,-4.00e-03,1.58e+01,
12640,-8.00e-03,1.56e+01,
12641,-8.00e-03,1.56e+01,
12642,-8.00e-03,1.56e+01,
12643,-8.00e-03,1.58e+01,
12644,-8.00e-03,1.56e+01,
12645,-8.00e-03,1.56e+01,
12646,-8.00e-03,1.56e+01,
12647,-4.00e-03,1.56e+01,
12648,-8.00e-03,1.56e+01,
12649,-8.00e-03,1.56e+01,
12650,-8.00e-03,1.56e+01,
12651,-8.00e-03,1.58e+01,
12652,-8.00e-03,1.56e+01,
12653,-8.00e-03,1.56e+01,
12654,-8.00e-03,1.56e+01,
12655,-4.00e-03,1.58e+01,
12656,-8.00e-03,1.56e+01,
12657,-8.00e-03,1.56e+01,
12658,-8.00e-03,1.58e+01,
12659,-8.00e-03,1.58e+01,
12660,-8.00e-03,1.56e+01,
12661,-8.00e-03,1.56e+01,
12662,-8.00e-03,1.56e+01,
12663,-4.00e-03,1.58e+01,
12664,-8.00e-03,1.58e+01,
12665,-8.00e-03,1.56e+01,
12666,-8.00e-03,1.56e+01,
12667,-4.00e-03,1.58e+01,
12668,-4.00e-03,1.58e+01,
12669,-8.00e-03,1.56e+01,
12670,-8.00e-03,1.58e+01,
12671,-4.00e-03,1.58e+01,
12672,-8.00e-03,1.56e+01,
12673,-8.00e-03,1.56e+01,
12674,-8.00e-03,1.58e+01,
12675,-4.00e-03,1.58e+01,
12676,-8.00e-03,1.58e+01,
12677,-8.00e-03,1.58e+01,
12678,-8.00e-03,1.58e+01,
12679,-4.00e-03,1.60e+01,
12680,-8.00e-03,1.58e+01,
12681,-8.00e-03,1.58e+01,
12682,-8.00e-03,1.58e+01,
12683,-8.00e-03,1.60e+01,
12684,-8.00e-03,1.58e+01,
12685,-8.00e-03,1.60e+01,
12686,-8.00e-03,1.58e+01,
12687,-4.00e-03,1.60e+01,
12688,-8.00e-03,1.60e+01,
12689,-8.00e-03,1.60e+01,
12690,-8.00e-03,1.60e+01,
12691,-8.00e-03,1.60e+01,
12692,-8.00e-03,1.60e+01,
12693,-8.00e-03,1.60e+01,
12694,-8.00e-03,1.60e+01,
12695,-4.00e-03,1.62e+01,
12696,-8.00e-03,1.62e+01,
12697,-8.00e-03,1.60e+01,
12698,-8.00e-03,1.62e+01,
12699,-8.00e-03,1.64e+01,
12700,-8.00e-03,1.62e+01,
12701,-8.00e-03,1.62e+01,
12702,-8.00e-03,1.62e+01,
12703,-8.00e-03,1.64e+01,
12704,-8.00e-03,1.62e+01,
12705,-8.00e-03,1.62e+01,
12706,-8.00e-03,1.64e+01,
12707,-8.00e-03,1.64e+01,
12708,-8.00e-03,1.64e+01,
12709,-8.00e-03,1.64e+01,
12710,-8.00e-03,1.64e+01,
12711,-8.00e-03,1.66e+01,
12712,-8.00e-03,1.64e+01,
12713,-8.00e-03,1.64e+01,
12714,-8.00e-03,1.66e+01,
12715,-8.00e-03,1.66e+01,
12716,-8.00e-03,1.66e+01,
12717,-8.00e-03,1.66e+01,
12718,-8.00e-03,1.66e+01,
12719,-8.00e-03,1.68e+01,
12720,-8.00e-03,1.66e+01,
12721,-8.00e-03,1.66e+01,
12722,-8.00e-03,1.66e+01,
12723,-8.00e-03,1.68e+01,
12724,-8.00e-03,1.66e+01,
12725,-8.00e-03,1.68e+01,
12726,-8.00e-03,1.68e+01,
12727,-4.00e-03,1.70e+01,
12728,-8.00e-03,1.68e+01,
12729,-8.00e-03,1.68e+01,
12730,-8.00e-03,1.70e+01,
12731,-4.00e-03,1.70e+01,
12732,-8.00e-03,1.70e+01,
12733,-8.00e-03,1.70e+01,
12734,-8.00e-03,1.70e+01,
12735,-8.00e-03,1.72e+01,
12736,-8.00e-03,1.70e+01,
12737,-8.00e-03,1.70e+01,
12738,-8.00e-03,1.72e+01,
12739,-4.00e-03,1.74e+01,
12740,-8.00e-03,1.72e+01,
12741,-8.00e-03,1.72e+01,
12742,-8.00e-03,1.74e+01,
12743,-4.00e-03,1.74e+01,
12744,-8.00e-03,1.74e+01,
12745,-8.00e-03,1.74e+01,
12746,-8.00e-03,1.74e+01,
12747,-4.00e-03,1.76e+01,
12748,-8.00e-03,1.74e+01,
12749,-8.00e-03,1.74e+01,
12750,-8.00e-03,1.76e+01,
12751,-8.00e-03,1.76e+01,
12752,-8.00e-03,1.76e+01,
12753,-8.00e-03,1.76e+01,
12754,-8.00e-03,1.78e+01,
12755,-8.00e-03,1.78e+01,
12756,-8.00e-03,1.78e+01,
12757,-8.00e-03,1.78e+01,
12758,-8.00e-03,1.78e+01,
12759,-8.00e-03,1.80e+01,
12760,-8.00e-03,1.78e+01,
12761,-8.00e-03,1.78e+01,
12762,-8.00e-03,1.78e+01,
12763,-8.00e-03,1.80e+01,
12764,-8.00e-03,1.80e+01,
12765,-8.00e-03,1.80e+01,
12766,-8.00e-03,1.80e+01,
12767,-8.00e-03,1.82e+01,
12768,-8.00e-03,1.80e+01,
12769,-8.00e-03,1.80e+01,
12770,-1.20e-02,1.82e+01,
12771,-8.00e-03,1.84e+01,
12772,-8.00e-03,1.82e+01,
12773,-8.00e-03,1.82e+01,
12774,-8.00e-03,1.82e+01,
12775,-8.00e-03,1.84e+01,
12776,-8.00e-03,1.84e+01,
12777,-8.00e-03,1.84e+01,
12778,-8.00e-03,1.84e+01,
12779,-4.00e-03,1.86e+01,
12780,-8.00e-03,1.84e+01,
12781,-8.00e-03,1.84e+01,
12782,-8.00e-03,1.86e+01,
12783,-8.00e-03,1.90e+01,
12784,-8.00e-03,1.86e+01,
12785,-8.00e-03,1.86e+01,
12786,-1.20e-02,1.86e+01,
12787,-8.00e-03,1.90e+01,
12788,-8.00e-03,1.86e+01,
12789,-8.00e-03,1.86e+01,
12790,-8.00e-03,1.90e+01,
12791,-4.00e-03,1.90e+01,
12792,-8.00e-03,1.90e+01,
12793,-8.00e-03,1.90e+01,
12794,-8.00e-03,1.90e+01,
12795,-8.00e-03,1.92e+01,
12796,-8.00e-03,1.90e+01,
12797,-8.00e-03,1.90e+01,
12798,-8.00e-03,1.90e+01,
12799,-8.00e-03,1.94e+01,
12800,-8.00e-03,1.92e+01,
12801,-8.00e-03,1.92e+01,
12802,-1.20e-02,1.92e+01,
12803,-8.00e-03,1.94e+01,
12804,-8.00e-03,1.94e+01,
12805,-8.00e-03,1.92e+01,
12806,-8.00e-03,1.92e+01,
12807,-8.00e-03,1.94e+01,
12808,-8.00e-03,1.94e+01,
12809,-8.00e-03,1.94e+01,
12810,-8.00e-03,1.94e+01,
12811,-8.00e-03,1.96e+01,
12812,-8.00e-03,1.94e+01,
12813,-8.00e-03,1.94e+01,
12814,-8.00e-03,1.94e+01,
12815,-8.00e-03,1.98e+01,
12816,-8.00e-03,1.96e+01,
12817,-8.00e-03,1.96e+01,
12818,-8.00e-03,1.96e+01,
12819,-8.00e-03,1.98e+01,
12820,-8.00e-03,1.96e+01,
12821,-8.00e-03,1.96e+01,
12822,-8.00e-03,1.96e+01,
12823,-8.00e-03,1.98e+01,
12824,-8.00e-03,1.96e+01,
12825,-8.00e-03,1.96e+01,
12826,-1.20e-02,1.96e+01,
12827,-8.00e-03,1.98e+01,
12828,-8.00e-03,1.98e+01,
12829,-8.00e-03,1.98e+01,
12830,-8.00e-03,1.98e+01,
12831,-8.00e-03,1.98e+01,
12832,-8.00e-03,1.98e+01,
12833,-8.00e-03,1.98e+01,
12834,-1.20e-02,1.98e+01,
12835,-8.00e-03,2.00e+01,
12836,-8.00e-03,1.98e+01,
12837,-8.00e-03,1.98e+01,
12838,-8.00e-03,1.98e+01,
12839,-8.00e-03,2.00e+01,
12840,-8.00e-03,1.98e+01,
12841,-8.00e-03,1.98e+01,
12842,-1.20e-02,1.98e+01,
12843,-4.00e-03,2.00e+01,
12844,-8.00e-03,1.98e+01,
12845,-8.00e-03,1.98e+01,
12846,-8.00e-03,1.98e+01,
12847,-8.00e-03,2.00e+01,
12848,-8.00e-03,1.98e+01,
12849,-8.00e-03,1.98e+01,
12850,-8.00e-03,2.00e+01,
12851,-8.00e-03,2.00e+01,
12852,-8.00e-03,2.00e+01,
12853,-8.00e-03,1.98e+01,
12854,-8.00e-03,1.98e+01,
12855,-8.00e-03,2.00e+01,
12856,-8.00e-03,2.00e+01,
12857,-8.00e-03,2.00e+01,
12858,-1.20e-02,2.00e+01,
12859,-8.00e-03,2.00e+01,
12860,-8.00e-03,2.00e+01,
12861,-8.00e-03,2.00e+01,
12862,-8.00e-03,1.98e+01,
12863,-8.00e-03,2.00e+01,
12864,-8.00e-03,2.00e+01,
12865,-8.00e-03,2.00e+01,
12866,-1.20e-02,2.00e+01,
12867,-8.00e-03,2.00e+01,
12868,-8.00e-03,2.00e+01,
12869,-8.00e-03,2.00e+01,
12870,-8.00e-03,1.98e+01,
12871,-8.00e-03,2.00e+01,
12872,-8.00e-03,1.98e+01,
12873,-8.00e-03,1.98e+01,
12874,-1.20e-02,1.98e+01,
12875,-4.00e-03,2.00e+01,
12876,-8.00e-03,1.98e+01,
12877,-8.00e-03,1.98e+01,
12878,-8.00e-03,1.98e+01,
12879,-8.00e-03,2.00e+01,
12880,-8.00e-03,1.98e+01,
12881,-8.00e-03,1.98e+01,
12882,-1.20e-02,1.98e+01,
12883,-8.00e-03,2.00e+01,
12884,-8.00e-03,1.98e+01,
12885,-1.20e-02,1.98e+01,
12886,-8.00e-03,1.98e+01,
12887,-8.00e-03,1.98e+01,
12888,-1.20e-02,1.96e+01,
12889,-8.00e-03,1.96e+01,
12890,-1.20e-02,1.96e+01,
12891,-8.00e-03,1.98e+01,
12892,-8.00e-03,1.96e+01,
12893,-8.00e-03,1.96e+01,
12894,-8.00e-03,1.96e+01,
12895,-8.00e-03,1.98e+01,
12896,-8.00e-03,1.96e+01,
12897,-8.00e-03,1.96e+01,
12898,-1.20e-02,1.96e+01,
12899,-8.00e-03,1.96e+01,
12900,-8.00e-03,1.94e+01,
12901,-1.20e-02,1.96e+01,
12902,-8.00e-03,1.94e+01,
12903,-8.00e-03,1.96e+01,
12904,-8.00e-03,1.94e+01,
12905,-8.00e-03,1.94e+01,
12906,-1.20e-02,1.94e+01,
12907,-8.00e-03,1.94e+01,
12908,-8.00e-03,1.94e+01,
12909,-8.00e-03,1.94e+01,
12910,-8.00e-03,1.94e+01,
12911,-8.00e-03,1.94e+01,
12912,-1.20e-02,1.92e+01,
12913,-8.00e-03,1.92e+01,
12914,-1.20e-02,1.92e+01,
12915,-8.00e-03,1.94e+01,
12916,-8.00e-03,1.92e+01,
12917,-1.20e-02,1.92e+01,
12918,-1.20e-02,1.92e+01,
12919,-8.00e-03,1.92e+01,
12920,-1.20e-02,1.90e+01,
12921,-8.00e-03,1.90e+01,
12922,-1.20e-02,1.90e+01,
12923,-8.00e-03,1.92e+01,
12924,-8.00e-03,1.86e+01,
12925,-8.00e-03,1.86e+01,
12926,-8.00e-03,1.86e+01,
12927,-8.00e-03,1.90e+01,
12928,-8.00e-03,1.86e+01,
12929,-8.00e-03,1.86e+01,
12930,-1.20e-02,1.86e+01,
12931,-8.00e-03,1.90e+01,
12932,-8.00e-03,1.86e+01,
12933,-8.00e-03,1.84e+01,
12934,-8.00e-03,1.84e+01,
12935,-8.00e-03,1.86e+01,
12936,-8.00e-03,1.84e+01,
12937,-8.00e-03,1.84e+01,
12938,-1.20e-02,1.84e+01,
12939,-8.00e-03,1.84e+01,
12940,-8.00e-03,1.84e+01,
12941,-1.20e-02,1.82e+01,
12942,-8.00e-03,1.82e+01,
12943,-4.00e-03,1.84e+01,
12944,-1.20e-02,1.82e+01,
12945,-8.00e-03,1.82e+01,
12946,-1.20e-02,1.82e+01,
12947,-8.00e-03,1.82e+01,
12948,-8.00e-03,1.80e+01,
12949,-1.20e-02,1.80e+01,
12950,-8.00e-03,1.80e+01,
12951,-8.00e-03,1.82e+01,
12952,-8.00e-03,1.80e+01,
12953,-8.00e-03,1.80e+01,
12954,-1.20e-02,1.80e+01,
12955,-8.00e-03,1.80e+01,
12956,-8.00e-03,1.78e+01,
12957,-8.00e-03,1.78e+01,
12958,-8.00e-03,1.78e+01,
12959,-8.00e-03,1.78e+01,
12960,-8.00e-03,1.78e+01,
12961,-8.00e-03,1.76e+01,
12962,-1.20e-02,1.78e+01,
12963,-8.00e-03,1.78e+01,
12964,-1.20e-02,1.76e+01,
12965,-8.00e-03,1.76e+01,
12966,-8.00e-03,1.76e+01,
12967,-8.00e-03,1.76e+01,
12968,-8.00e-03,1.74e+01,
12969,-8.00e-03,1.74e+01,
12970,-1.20e-02,1.74e+01,
12971,-8.00e-03,1.76e+01,
12972,-8.00e-03,1.74e+01,
12973,-8.00e-03,1.72e+01,
12974,-8.00e-03,1.74e+01,
12975,-8.00e-03,1.74e+01,
12976,-8.00e-03,1.72e+01,
12977,-8.00e-03,1.72e+01,
12978,-8.00e-03,1.72e+01,
12979,-8.00e-03,1.74e+01,
12980,-8.00e-03,1.72e+01,
12981,-8.00e-03,1.72e+01,
12982,-8.00e-03,1.70e+01,
12983,-8.00e-03,1.72e+01,
12984,-8.00e-03,1.70e+01,
12985,-8.00e-03,1.70e+01,
12986,-8.00e-03,1.70e+01,
12987,-8.00e-03,1.72e+01,
12988,-1.20e-02,1.68e+01,
12989,-1.20e-02,1.70e+01,
12990,-8.00e-03,1.70e+01,
12991,-8.00e-03,1.70e+01,
12992,-8.00e-03,1.68e+01,
12993,-8.00e-03,1.68e+01,
12994,-1.20e-02,1.68e+01,
12995,-8.00e-03,1.70e+01,
12996,-8.00e-03,1.68e+01,
12997,-8.00e-03,1.68e+01,
12998,-1.20e-02,1.68e+01,
12999,-8.00e-03,1.68e+01,
13000,-8.00e-03,1.66e+01,
13001,-8.00e-03,1.66e+01,
13002,-8.00e-03,1.66e+01,
13003,-8.00e-03,1.66e+01,
13004,-8.00e-03,1.66e+01,
13005,-8.00e-03,1.64e+01,
13006,-8.00e-03,1.66e+01,
13007,-8.00e-03,1.66e+01,
13008,-8.00e-03,1.64e+01,
13009,-8.00e-03,1.64e+01,
13010,-1.20e-02,1.64e+01,
13011,-8.00e-03,1.64e+01,
13012,-8.00e-03,1.64e+01,
13013,-8.00e-03,1.62e+01,
13014,-8.00e-03,1.64e+01,
13015,-8.00e-03,1.64e+01,
13016,-8.00e-03,1.62e+01,
13017,-8.00e-03,1.62e+01,
13018,-1.20e-02,1.64e+01,
13019,-8.00e-03,1.64e+01,
13020,-8.00e-03,1.62e+01,
13021,-8.00e-03,1.62e+01,
13022,-8.00e-03,1.62e+01,
13023,-4.00e-03,1.62e+01,
13024,-8.00e-03,1.62e+01,
13025,-8.00e-03,1.60e+01,
13026,-8.00e-03,1.60e+01,
13027,-8.00e-03,1.62e+01,
13028,-8.00e-03,1.60e+01,
13029,-1.20e-02,1.60e+01,
13030,-1.20e-02,1.60e+01,
13031,-8.00e-03,1.62e+01,
13032,-8.00e-03,1.60e+01,
13033,-8.00e-03,1.60e+01,
13034,-1.20e-02,1.60e+01,
13035,-8.00e-03,1.60e+01,
13036,-8.00e-03,1.60e+01,
13037,-8.00e-03,1.58e+01,
13038,-8.00e-03,1.60e+01,
13039,-8.00e-03,1.60e+01,
13040,-8.00e-03,1.60e+01,
13041,-4.00e-03,1.58e+01,
13042,-1.20e-02,1.60e+01,
13043,-4.00e-03,1.60e+01,
13044,-8.00e-03,1.58e+01,
13045,-8.00e-03,1.58e+01,
13046,-8.00e-03,1.58e+01,
13047,-8.00e-03,1.60e+01,
13048,-8.00e-03,1.58e+01,
13049,-8.00e-03,1.58e+01,
13050,-8.00e-03,1.58e+01,
13051,-8.00e-03,1.60e+01,
13052,-8.00e-03,1.58e+01,
13053,-8.00e-03,1.58e+01,
13054,-8.00e-03,1.58e+01,
13055,-4.00e-03,1.60e+01,
13056,-8.00e-03,1.58e+01,
13057,-8.00e-03,1.58e+01,
13058,-8.00e-03,1.58e+01,
13059,-8.00e-03,1.58e+01,
13060,-8.00e-03,1.58e+01,
13061,-8.00e-03,1.58e+01,
13062,-8.00e-03,1.58e+01,
13063,-4.00e-03,1.58e+01,
13064,-8.00e-03,1.58e+01,
13065,-8.00e-03,1.58e+01,
13066,-8.00e-03,1.58e+01,
13067,-8.00e-03,1.58e+01,
13068,-8.00e-03,1.58e+01,
13069,-8.00e-03,1.58e+01,
13070,-8.00e-03,1.58e+01,
13071,-8.00e-03,1.60e+01,
13072,-8.00e-03,1.58e+01,
13073,-8.00e-03,1.58e+01,
13074,-1.20e-02,1.58e+01,
13075,-8.00e-03,1.60e+01,
13076,-8.00e-03,1.58e+01,
13077,-8.00e-03,1.58e+01,
13078,-8.00e-03,1.58e+01,
13079,-4.00e-03,1.60e+01,
13080,-8.00e-03,1.58e+01,
13081,-8.00e-03,1.58e+01,
13082,-8.00e-03,1.58e+01,
13083,-8.00e-03,1.60e+01,
13084,-8.00e-03,1.58e+01,
13085,-8.00e-03,1.58e+01,
13086,-8.00e-03,1.58e+01,
13087,-4.00e-03,1.60e+01,
13088,-8.00e-03,1.60e+01,
13089,-8.00e-03,1.58e+01,
13090,-8.00e-03,1.60e+01,
13091,-8.00e-03,1.60e+01,
13092,-8.00e-03,1.58e+01,
13093,-8.00e-03,1.58e+01,
13094,-8.00e-03,1.58e+01,
13095,-4.00e-03,1.60e+01,
13096,-8.00e-03,1.60e+01,
13097,-4.00e-03,1.60e+01,
13098,-8.00e-03,1.60e+01,
13099,-8.00e-03,1.62e+01,
13100,-8.00e-03,1.60e+01,
13101,-8.00e-03,1.60e+01,
13102,-8.00e-03,1.60e+01,
13103,-8.00e-03,1.62e+01,
13104,-8.00e-03,1.60e+01,
13105,-8.00e-03,1.60e+01,
13106,-8.00e-03,1.60e+01,
13107,-4.00e-03,1.62e+01,
13108,-8.00e-03,1.62e+01,
13109,-8.00e-03,1.60e+01,
13110,-8.00e-03,1.62e+01,
13111,-8.00e-03,1.62e+01,
13112,-8.00e-03,1.62e+01,
13113,-4.00e-03,1.62e+01,
13114,-8.00e-03,1.62e+01,
13115,-8.00e-03,1.64e+01,
13116,-8.00e-03,1.62e+01,
13117,-8.00e-03,1.62e+01,
13118,-8.00e-03,1.64e+01,
13119,-4.00e-03,1.64e+01,
13120,-8.00e-03,1.64e+01,
13121,-8.00e-03,1.62e+01,
13122,-1.20e-02,1.64e+01,
13123,-4.00e-03,1.64e+01,
13124,-8.00e-03,1.64e+01,
13125,-8.00e-03,1.64e+01,
13126,-8.00e-03,1.64e+01,
13127,-8.00e-03,1.66e+01,
13128,-8.00e-03,1.64e+01,
13129,-8.00e-03,1.64e+01,
13130,-8.00e-03,1.66e+01,
13131,-8.00e-03,1.66e+01,
13132,-8.00e-03,1.66e+01,
13133,-8.00e-03,1.66e+01,
13134,-8.00e-03,1.66e+01,
13135,-4.00e-03,1.68e+01,
13136,-8.00e-03,1.66e+01,
13137,-8.00e-03,1.66e+01,
13138,-1.20e-02,1.68e+01,
13139,-8.00e-03,1.68e+01,
13140,-8.00e-03,1.68e+01,
13141,-8.00e-03,1.68e+01,
13142,-8.00e-03,1.68e+01,
13143,-4.00e-03,1.70e+01,
13144,-8.00e-03,1.68e+01,
13145,-8.00e-03,1.68e+01,
13146,-8.00e-03,1.68e+01,
13147,-8.00e-03,1.70e+01,
13148,-8.00e-03,1.70e+01,
13149,-8.00e-03,1.70e+01,
13150,-8.00e-03,1.70e+01,
13151,-4.00e-03,1.70e+01,
13152,-8.00e-03,1.70e+01,
13153,-8.00e-03,1.70e+01,
13154,-8.00e-03,1.70e+01,
13155,-8.00e-03,1.72e+01,
13156,-8.00e-03,1.72e+01,
13157,-8.00e-03,1.70e+01,
13158,-8.00e-03,1.72e+01,
13159,-8.00e-03,1.74e+01,
13160,-8.00e-03,1.74e+01,
13161,-8.00e-03,1.72e+01,
13162,-8.00e-03,1.74e+01,
13163,-8.00e-03,1.76e+01,
13164,-8.00e-03,1.74e+01,
13165,-4.00e-03,1.74e+01,
13166,-8.00e-03,1.74e+01,
13167,-4.00e-03,1.76e+01,
13168,-8.00e-03,1.74e+01,
13169,-8.00e-03,1.76e+01,
13170,-8.00e-03,1.76e+01,
13171,-8.00e-03,1.76e+01,
13172,-8.00e-03,1.76e+01,
13173,-8.00e-03,1.76e+01,
13174,-8.00e-03,1.76e+01,
13175,-8.00e-03,1.78e+01,
13176,-8.00e-03,1.76e+01,
13177,-8.00e-03,1.78e+01,
13178,-8.00e-03,1.78e+01,
13179,-8.00e-03,1.80e+01,
13180,-8.00e-03,1.78e+01,
13181,-8.00e-03,1.78e+01,
13182,-8.00e-03,1.78e+01,
13183,-4.00e-03,1.80e+01,
13184,-8.00e-03,1.80e+01,
13185,-8.00e-03,1.80e+01,
13186,-8.00e-03,1.80e+01,
13187,-4.00e-03,1.82e+01,
13188,-8.00e-03,1.80e+01,
13189,-8.00e-03,1.80e+01,
13190,-8.00e-03,1.80e+01,
13191,-8.00e-03,1.82e+01,
13192,-8.00e-03,1.80e+01,
13193,-8.00e-03,1.82e+01,
13194,-8.00e-03,1.82e+01,
13195,-8.00e-03,1.84e+01,
13196,-8.00e-03,1.82e+01,
13197,-8.00e-03,1.82e+01,
13198,-8.00e-03,1.82e+01,
13199,-4.00e-03,1.86e+01,
13200,-8.00e-03,1.84e+01,
13201,-8.00e-03,1.84e+01,
13202,-8.00e-03,1.84e+01,
13203,-4.00e-03,1.86e+01,
13204,-8.00e-03,1.84e+01,
13205,-8.00e-03,1.84e+01,
13206,-8.00e-03,1.86e+01,
13207,-4.00e-03,1.86e+01,
13208,-8.00e-03,1.86e+01,
13209,-8.00e-03,1.86e+01,
13210,-8.00e-03,1.86e+01,
13211,-8.00e-03,1.90e+01,
13212,-8.00e-03,1.90e+01,
13213,-8.00e-03,1.86e+01,
13214,-8.00e-03,1.90e+01,
13215,-4.00e-03,1.90e+01,
13216,-8.00e-03,1.90e+01,
13217,-8.00e-03,1.90e+01,
13218,-8.00e-03,1.90e+01,
13219,-8.00e-03,1.92e+01,
13220,-8.00e-03,1.90e+01,
13221,-8.00e-03,1.90e+01,
13222,-8.00e-03,1.92e+01,
13223,-4.00e-03,1.92e+01,
13224,-8.00e-03,1.92e+01,
13225,-8.00e-03,1.92e+01,
13226,-8.00e-03,1.92e+01,
13227,-4.00e-03,1.94e+01,
13228,-8.00e-03,1.92e+01,
13229,-8.00e-03,1.92e+01,
13230,-8.00e-03,1.92e+01,
13231,-8.00e-03,1.94e+01,
13232,-8.00e-03,1.92e+01,
13233,-8.00e-03,1.92e+01,
13234,-1.20e-02,1.92e+01,
13235,-8.00e-03,1.96e+01,
13236,-8.00e-03,1.94e+01,
13237,-8.00e-03,1.94e+01,
13238,-8.00e-03,1.94e+01,
13239,-8.00e-03,1.96e+01,
13240,-8.00e-03,1.94e+01,
13241,-8.00e-03,1.94e+01,
13242,-8.00e-03,1.94e+01,
13243,-8.00e-03,1.96e+01,
13244,-8.00e-03,1.94e+01,
13245,-8.00e-03,1.96e+01,
13246,-8.00e-03,1.96e+01,
13247,-8.00e-03,1.98e+01,
13248,-8.00e-03,1.94e+01,
13249,-8.00e-03,1.96e+01,
13250,-8.00e-03,1.96e+01,
13251,-8.00e-03,1.98e+01,
13252,-8.00e-03,1.96e+01,
13253,-8.00e-03,1.96e+01,
13254,-8.00e-03,1.96e+01,
13255,-8.00e-03,1.98e+01,
13256,-8.00e-03,1.96e+01,
13257,-8.00e-03,1.96e+01,
13258,-8.00e-03,1.96e+01,
13259,-8.00e-03,1.98e+01,
13260,-8.00e-03,1.96e+01,
13261,-8.00e-03,1.96e+01,
13262,-8.00e-03,1.96e+01,
13263,-8.00e-03,1.98e+01,
13264,-8.00e-03,1.96e+01,
13265,-8.00e-03,1.96e+01,
13266,-1.20e-02,1.98e+01,
13267,-8.00e-03,1.98e+01,
13268,-8.00e-03,1.96e+01,
13269,-8.00e-03,1.96e+01,
13270,-8.00e-03,1.98e+01,
13271,-8.00e-03,1.98e+01,
13272,-8.00e-03,1.96e+01,
13273,-8.00e-03,1.96e+01,
13274,-1.20e-02,1.98e+01,
13275,-8.00e-03,1.98e+01,
13276,-8.00e-03,1.98e+01,
13277,-8.00e-03,1.98e+01,
13278,-8.00e-03,1.98e+01,
13279,-8.00e-03,1.98e+01,
13280,-8.00e-03,1.98e+01,
13281,-8.00e-03,1.96e+01,
13282,-1.20e-02,1.96e+01,
13283,-8.00e-03,1.98e+01,
13284,-8.00e-03,1.98e+01,
13285,-8.00e-03,1.98e+01,
13286,-8.00e-03,1.98e+01,
13287,-4.00e-03,1.98e+01,
13288,-8.00e-03,1.96e+01,
13289,-8.00e-03,1.96e+01,
13290,-8.00e-03,1.98e+01,
13291,-8.00e-03,1.98e+01,
13292,-8.00e-03,1.96e+01,
13293,-8.00e-03,1.96e+01,
13294,-8.00e-03,1.96e+01,
13295,-8.00e-03,1.98e+01,
13296,-8.00e-03,1.96e+01,
13297,-8.00e-03,1.96e+01,
13298,-8.00e-03,1.96e+01,
13299,-8.00e-03,1.96e+01,
13300,-8.00e-03,1.96e+01,
13301,-8.00e-03,1.96e+01,
13302,-8.00e-03,1.96e+01,
13303,-8.00e-03,1.98e+01,
13304,-8.00e-03,1.96e+01,
13305,-8.00e-03,1.94e+01,
13306,-1.20e-02,1.96e+01,
13307,-8.00e-03,1.96e+01,
13308,-8.00e-03,1.96e+01,
13309,-8.00e-03,1.96e+01,
13310,-8.00e-03,1.94e+01,
13311,-8.00e-03,1.96e+01,
13312,-8.00e-03,1.94e+01,
13313,-8.00e-03,1.94e+01,
13314,-1.20e-02,1.94e+01,
13315,-8.00e-03,1.94e+01,
13316,-8.00e-03,1.94e+01,
13317,-8.00e-03,1.94e+01,
13318,-8.00e-03,1.94e+01,
13319,-8.00e-03,1.94e+01,
13320,-8.00e-03,1.94e+01,
13321,-8.00e-03,1.92e+01,
13322,-1.20e-02,1.92e+01,
13323,-8.00e-03,1.94e+01,
13324,-8.00e-03,1.92e+01,
13325,-8.00e-03,1.92e+01,
13326,-8.00e-03,1.92e+01,
13327,-8.00e-03,1.94e+01,
13328,-8.00e-03,1.92e+01,
13329,-8.00e-03,1.92e+01,
13330,-8.00e-03,1.92e+01,
13331,-8.00e-03,1.92e+01,
13332,-1.20e-02,1.92e+01,
13333,-8.00e-03,1.92e+01,
13334,-8.00e-03,1.90e+01,
13335,-8.00e-03,1.92e+01,
13336,-8.00e-03,1.90e+01,
13337,-8.00e-03,1.90e+01,
13338,-1.20e-02,1.90e+01,
13339,-8.00e-03,1.90e+01,
13340,-8.00e-03,1.90e+01,
13341,-8.00e-03,1.86e+01,
13342,-1.20e-02,1.86e+01,
13343,-8.00e-03,1.90e+01,
13344,-8.00e-03,1.86e+01,
13345,-8.00e-03,1.86e+01,
13346,-8.00e-03,1.86e+01,
13347,1.20e-02,1.90e+01,
13348,1.60e-02,1.86e+01,
13349,1.60e-02,1.86e+01,
13350,3.20e-02,1.86e+01,
13351,4.80e-02,1.90e+01,
13352,4.40e-02,1.86e+01,
13353,2.80e-02,1.84e+01,
13354,2.00e-02,1.86e+01,
13355,2.40e-02,1.86e+01,
13356,2.00e-02,1.86e+01,
13357,2.40e-02,1.84e+01,
13358,2.00e-02,1.84e+01,
13359,2.40e-02,1.86e+01,
13360,2.40e-02,1.84e+01,
13361,2.40e-02,1.84e+01,
13362,2.40e-02,1.86e+01,
13363,2.80e-02,1.86e+01,
13364,2.80e-02,1.84e+01,
13365,3.20e-02,1.84e+01,
13366,3.20e-02,1.84e+01,
13367,4.00e-02,1.86e+01,
13368,3.20e-02,1.84e+01,
13369,2.80e-02,1.84e+01,
13370,1.20e-02,1.84e+01,
13371,0.00e+00,1.84e+01,
13372,0.00e+00,1.84e+01,
13373,4.00e-03,1.84e+01,
13374,0.00e+00,1.84e+01,
13375,8.00e-03,1.84e+01,
13376,3.20e-02,1.78e+01,
13377,8.00e-02,1.64e+01,
13378,8.80e-02,1.36e+01,
13379,7.20e-02,1.06e+01,
13380,4.80e-02,8.40e+00,
13381,5.20e-02,6.80e+00,
13382,5.60e-02,5.80e+00,
13383,3.20e-02,5.00e+00,
13384,-8.00e-03,4.00e+00,
13385,-5.20e-02,3.60e+00,
13386,-8.40e-02,3.40e+00,
13387,-1.00e-01,3.00e+00,
13388,-1.00e-01,2.60e+00,
13389,-7.60e-02,2.60e+00,
13390,-3.20e-02,2.40e+00,
13391,1.60e-02,2.20e+00,
13392,5.60e-02,2.20e+00,
13393,8.40e-02,2.00e+00,
13394,9.60e-02,2.00e+00,
13395,1.08e-01,1.60e+00,
13396,9.60e-02,1.20e+00,
13397,8.00e-02,1.00e+00,
13398,4.80e-02,4.00e-01,
13399,8.00e-03,2.00e-01,
13400,-3.20e-02,-2.00e-01,
13401,-6.40e-02,-6.00e-01,
13402,-8.40e-02,-8.00e-01,
13403,-8.40e-02,-1.00e+00,
13404,-6.00e-02,-1.00e+00,
13405,-2.80e-02,-1.00e+00,
13406,4.00e-03,-6.00e-01,
13407,4.40e-02,-6.00e-01,
13408,6.80e-02,-6.00e-01,
13409,8.40e-02,-4.00e-01,
13410,8.40e-02,-4.00e-01,
13411,8.00e-02,-6.00e-01,
13412,5.60e-02,-8.00e-01,
13413,2.80e-02,-8.00e-01,
13414,-4.00e-03,-8.00e-01,
13415,-3.20e-02,-1.00e+00,
13416,-5.60e-02,-1.00e+00,
13417,-6.80e-02,-1.00e+00,
13418,-6.40e-02,-8.00e-01,
13419,-4.00e-02,-8.00e-01,
13420,-1.60e-02,-8.00e-01,
13421,1.60e-02,-6.00e-01,
13422,4.40e-02,-6.00e-01,
13423,6.40e-02,-4.00e-01,
13424,7.20e-02,-6.00e-01,
13425,7.20e-02,-4.00e-01,
13426,6.00e-02,-6.00e-01,
13427,4.80e-02,-8.00e-01,
13428,1.60e-02,-1.00e+00,
13429,-1.20e-02,-1.00e+00,
13430,-3.20e-02,-8.00e-01,
13431,-4.80e-02,-1.00e+00,
13432,-5.20e-02,-1.00e+00,
13433,-4.80e-02,-1.00e+00,
13434,-3.20e-02,-8.00e-01,
13435,-4.00e-03,-8.00e-01,
13436,2.00e-02,-8.00e-01,
13437,4.40e-02,-6.00e-01,
13438,5.60e-02,-6.00e-01,
13439,6.40e-02,-6.00e-01,
13440,6.00e-02,-8.00e-01,
13441,5.20e-02,-6.00e-01,
13442,2.80e-02,-6.00e-01,
13443,1.20e-02,-8.00e-01,
13444,-1.20e-02,-1.00e+00,
13445,-2.80e-02,-1.00e+00,
13446,-4.00e-02,-8.00e-01,
13447,-4.00e-02,-1.00e+00,
13448,-3.20e-02,-1.00e+00,
13449,-1.60e-02,-8.00e-01,
13450,0.00e+00,-6.00e-01,
13451,2.40e-02,-6.00e-01,
13452,4.40e-02,-8.00e-01,
13453,5.20e-02,-6.00e-01,
13454,5.20e-02,-4.00e-01,
13455,5.60e-02,-6.00e-01,
13456,4.00e-02,-8.00e-01,
13457,2.40e-02,-8.00e-01,
13458,4.00e-03,-6.00e-01,
13459,-8.00e-03,-8.00e-01,
13460,-2.40e-02,-1.00e+00,
13461,-3.20e-02,-1.00e+00,
13462,-3.20e-02,-8.00e-01,
13463,-2.00e-02,-8.00e-01,
13464,-8.00e-03,-8.00e-01,
13465,8.00e-03,-8.00e-01,
13466,2.40e-02,-6.00e-01,
13467,4.00e-02,-6.00e-01,
13468,4.40e-02,-6.00e-01,
13469,4.80e-02,-6.00e-01,
13470,4.40e-02,-6.00e-01,
13471,3.20e-02,-6.00e-01,
13472,1.60e-02,-8.00e-01,
13473,4.00e-03,-8.00e-01,
13474,-1.20e-02,-8.00e-01,
13475,-2.00e-02,-1.00e+00,
13476,-2.80e-02,-1.00e+00,
13477,-2.00e-02,-8.00e-01,
13478,-1.20e-02,-8.00e-01,
13479,0.00e+00,-8.00e-01,
13480,1.20e-02,-8.00e-01,
13481,2.40e-02,-6.00e-01,
13482,3.20e-02,-6.00e-01,
13483,4.40e-02,-6.00e-01,
13484,4.00e-02,-8.00e-01,
13485,3.20e-02,-6.00e-01,
13486,2.40e-02,-8.00e-01,
13487,1.60e-02,-8.00e-01,
13488,0.00e+00,-8.00e-01,
13489,-1.20e-02,-8.00e-01,
13490,-2.00e-02,-8.00e-01,
13491,-1.60e-02,-1.00e+00,
13492,-1.60e-02,-8.00e-01,
13493,-4.00e-03,-8.00e-01,
13494,4.00e-03,-6.00e-01,
13495,1.60e-02,-8.00e-01,
13496,2.40e-02,-8.00e-01,
13497,4.00e-02,-6.00e-01,
13498,3.20e-02,-6.00e-01,
13499,4.40e-02,-6.00e-01,
13500,2.80e-02,-8.00e-01,
13501,2.00e-02,-6.00e-01,
13502,8.00e-03,-8.00e-01,
13503,4.00e-03,-8.00e-01,
13504,-8.00e-03,-8.00e-01,
13505,-8.00e-03,-8.00e-01,
13506,-1.20e-02,-8.00e-01,
13507,-8.00e-03,-8.00e-01,
13508,-4.00e-03,-8.00e-01,
13509,8.00e-03,-6.00e-01,
13510,1.60e-02,-6.00e-01,
13511,2.80e-02,-8.00e-01,
13512,2.80e-02,-8.00e-01,
13513,3.20e-02,-8.00e-01,
13514,2.80e-02,-6.00e-01,
13515,2.80e-02,-6.00e-01,
13516,1.60e-02,-1.00e+00,
13517,8.00e-03,-8.00e-01,
13518,0.00e+00,-8.00e-01,
13519,-4.00e-03,-1.00e+00,
13520,-8.00e-03,-8.00e-01,
13521,-4.00e-03,-8.00e-01,
13522,-4.00e-03,-8.00e-01,
13523,8.00e-03,-8.00e-01,
13524,1.20e-02,-8.00e-01,
13525,2.00e-02,-6.00e-01,
13526,2.80e-02,-6.00e-01,
13527,3.20e-02,-8.00e-01,
13528,2.80e-02,-8.00e-01,
13529,2.80e-02,-6.00e-01,
13530,2.00e-02,-6.00e-01,
13531,1.60e-02,-8.00e-01,
13532,8.00e-03,-8.00e-01,
13533,4.00e-03,-8.00e-01,
13534,0.00e+00,-6.00e-01,
13535,0.00e+00,-1.00e+00,
13536,-4.00e-03,-8.00e-01,
13537,4.00e-03,-8.00e-01,
13538,8.00e-03,-6.00e-01,
13539,1.60e-02,-6.00e-01,
13540,2.00e-02,-8.00e-01,
13541,2.40e-02,-6.00e-01,
13542,2.80e-02,-6.00e-01,
13543,2.80e-02,-8.00e-01,
13544,2.40e-02,-8.00e-01,
13545,2.00e-02,-8.00e-01,
13546,1.20e-02,-6.00e-01,
13547,8.00e-03,-6.00e-01,
13548,4.00e-03,-8.00e-01,
13549,0.00e+00,-8.00e-01,
13550,0.00e+00,-6.00e-01,
13551,4.00e-03,-8.00e-01,
13552,8.00e-03,-8.00e-01,
13553,1.60e-02,-8.00e-01,
13554,1.60e-02,-6.00e-01,
13555,2.40e-02,-8.00e-01,
13556,2.40e-02,-6.00e-01,
13557,2.80e-02,-6.00e-01,
13558,2.40e-02,-6.00e-01,
13559,2.40e-02,-8.00e-01,
13560,2.00e-02,-8.00e-01,
13561,1.60e-02,-8.00e-01,
13562,8.00e-03,-6.00e-01,
13563,8.00e-03,-8.00e-01,
13564,4.00e-03,-8.00e-01,
13565,4.00e-03,-6.00e-01,
13566,8.00e-03,-8.00e-01,
13567,1.20e-02,-8.00e-01,
13568,1.60e-02,-8.00e-01,
13569,2.00e-02,-8.00e-01,
13570,2.00e-02,-6.00e-01,
13571,2.80e-02,-8.00e-01,
13572,2.40e-02,-8.00e-01,
13573,2.00e-02,-8.00e-01,
13574,2.00e-02,-6.00e-01,
13575,2.00e-02,-8.00e-01,
13576,1.20e-02,-8.00e-01,
13577,1.20e-02,-8.00e-01,
13578,8.00e-03,-6.00e-01,
13579,8.00e-03,-6.00e-01,
13580,8.00e-03,-8.00e-01,
13581,1.20e-02,-8.00e-01,
13582,1.20e-02,-6.00e-01,
13583,2.00e-02,-8.00e-01,
13584,2.00e-02,-8.00e-01,
13585,2.40e-02,-6.00e-01,
13586,2.40e-02,-6.00e-01,
13587,2.80e-02,-6.00e-01,
13588,2.40e-02,-8.00e-01,
13589,2.00e-02,-6.00e-01,
13590,2.00e-02,-6.00e-01,
13591,1.60e-02,-8.00e-01,
13592,1.20e-02,-8.00e-01,
13593,1.20e-02,-8.00e-01,
13594,1.20e-02,-6.00e-01,
13595,1.20e-02,-8.00e-01,
13596,1.20e-02,-8.00e-01,
13597,1.60e-02,-8.00e-01,
13598,2.00e-02,-6.00e-01,
13599,2.40e-02,-6.00e-01,
13600,2.40e-02,-8.00e-01,
13601,2.80e-02,-6.00e-01,
13602,2.40e-02,-6.00e-01,
13603,2.40e-02,-8.00e-01,
13604,2.00e-02,-8.00e-01,
13605,1.60e-02,-8.00e-01,
13606,1.60e-02,-6.00e-01,
13607,1.60e-02,-8.00e-01,
13608,1.20e-02,-8.00e-01,
13609,1.20e-02,-6.00e-01,
13610,1.20e-02,-8.00e-01,
13611,1.60e-02,-8.00e-01,
13612,2.00e-02,-8.00e-01,
13613,2.00e-02,-6.00e-01,
13614,2.00e-02,-6.00e-01,
13615,2.80e-02,-8.00e-01,
13616,2.40e-02,-8.00e-01,
13617,2.40e-02,-6.00e-01,
13618,2.00e-02,-6.00e-01,
13619,2.40e-02,-6.00e-01,
13620,2.00e-02,-8.00e-01,
13621,1.60e-02,-8.00e-01,
13622,1.60e-02,-6.00e-01,
13623,2.00e-02,-8.00e-01,
13624,1.60e-02,-8.00e-01,
13625,1.60e-02,-8.00e-01,
13626,1.60e-02,-6.00e-01,
13627,2.40e-02,-6.00e-01,
13628,2.40e-02,-8.00e-01,
13629,2.40e-02,-8.00e-01,
13630,2.40e-02,-6.00e-01,
13631,2.80e-02,-8.00e-01,
13632,2.40e-02,-8.00e-01,
13633,2.40e-02,-6.00e-01,
13634,2.00e-02,-6.00e-01,
13635,2.40e-02,-6.00e-01,
13636,2.00e-02,-8.00e-01,
13637,1.60e-02,-8.00e-01,
13638,1.60e-02,-6.00e-01,
13639,2.00e-02,-6.00e-01,
13640,2.00e-02,-8.00e-01,
13641,2.40e-02,-6.00e-01,
13642,2.00e-02,-6.00e-01,
13643,2.40e-02,-6.00e-01,
13644,2.40e-02,-8.00e-01,
13645,2.80e-02,-6.00e-01,
13646,2.40e-02,-6.00e-01,
13647,2.80e-02,-6.00e-01,
13648,2.40e-02,-8.00e-01,
13649,2.40e-02,-6.00e-01,
13650,2.00e-02,-6.00e-01,
13651,2.00e-02,-8.00e-01,
13652,2.00e-02,-8.00e-01,
13653,2.00e-02,-6.00e-01,
13654,2.00e-02,-6.00e-01,
13655,2.40e-02,-8.00e-01,
13656,2.00e-02,-8.00e-01,
13657,2.40e-02,-6.00e-01,
13658,2.40e-02,-6.00e-01,
13659,2.80e-02,-6.00e-01,
13660,2.80e-02,-8.00e-01,
13661,2.80e-02,-6.00e-01,
13662,2.40e-02,-6.00e-01,
13663,2.80e-02,-6.00e-01,
13664,2.40e-02,-8.00e-01,
13665,2.40e-02,-8.00e-01,
13666,2.00e-02,-6.00e-01,
13667,2.40e-02,-6.00e-01,
13668,2.40e-02,-8.00e-01,
13669,2.40e-02,-6.00e-01,
13670,2.00e-02,-6.00e-01,
13671,2.80e-02,-6.00e-01,
13672,2.40e-02,-8.00e-01,
13673,2.80e-02,-6.00e-01,
13674,2.80e-02,-6.00e-01,
13675,3.20e-02,-8.00e-01,
13676,2.80e-02,-8.00e-01,
13677,2.80e-02,-6.00e-01,
13678,2.40e-02,-6.00e-01,
13679,2.80e-02,-6.00e-01,
13680,2.40e-02,-8.00e-01,
13681,2.40e-02,-8.00e-01,
13682,2.40e-02,-6.00e-01,
13683,2.80e-02,-6.00e-01,
13684,2.40e-02,-6.00e-01,
13685,2.40e-02,-6.00e-01,
13686,2.80e-02,-6.00e-01,
13687,2.80e-02,-6.00e-01,
13688,2.80e-02,-6.00e-01,
13689,2.80e-02,-6.00e-01,
13690,2.80e-02,-6.00e-01,
13691,3.20e-02,-6.00e-01,
13692,2.80e-02,-8.00e-01,
13693,2.80e-02,-8.00e-01,
13694,2.40e-02,-6.00e-01,
13695,2.80e-02,-8.00e-01,
13696,2.40e-02,-8.00e-01,
13697,2.40e-02,-6.00e-01,
13698,2.40e-02,-6.00e-01,
13699,2.80e-02,-6.00e-01,
13700,2.80e-02,-8.00e-01,
13701,2.80e-02,-6.00e-01,
13702,2.80e-02,-6.00e-01,
13703,3.20e-02,-6.00e-01,
13704,2.80e-02,-8.00e-01,
13705,2.80e-02,-6.00e-01,
13706,2.80e-02,-6.00e-01,
13707,2.80e-02,-6.00e-01,
13708,2.80e-02,-6.00e-01,
13709,2.80e-02,-6.00e-01,
13710,2.80e-02,-6.00e-01,
13711,2.80e-02,-6.00e-01,
13712,2.80e-02,-8.00e-01,
13713,2.80e-02,-6.00e-01,
13714,2.80e-02,-6.00e-01,
13715,3.20e-02,-6.00e-01,
13716,3.20e-02,-8.00e-01,
13717,3.20e-02,-6.00e-01,
13718,2.80e-02,-6.00e-01,
13719,3.20e-02,-8.00e-01,
13720,3.20e-02,-6.00e-01,
13721,3.20e-02,-8.00e-01,
13722,2.80e-02,-6.00e-01,
13723,3.20e-02,-6.00e-01,
13724,2.80e-02,-8.00e-01,
13725,2.80e-02,-6.00e-01,
13726,2.80e-02,-6.00e-01,
13727,3.20e-02,-6.00e-01,
13728,3.20e-02,-8.00e-01,
13729,2.80e-02,-6.00e-01,
13730,2.80e-02,-4.00e-01,
13731,3.20e-02,-6.00e-01,
13732,3.20e-02,-8.00e-01,
13733,3.20e-02,-6.00e-01,
13734,2.80e-02,-4.00e-01,
13735,3.20e-02,-6.00e-01,
13736,3.20e-02,-8.00e-01,
13737,3.20e-02,-6.00e-01,
13738,2.80e-02,-6.00e-01,
13739,3.20e-02,-6.00e-01,
13740,2.80e-02,-8.00e-01,
13741,3.20e-02,-6.00e-01,
13742,2.80e-02,-6.00e-01,
13743,3.20e-02,-6.00e-01,
13744,3.20e-02,-6.00e-01,
13745,3.20e-02,-6.00e-01,
13746,3.20e-02,-4.00e-01,
13747,4.00e-02,-6.00e-01,
13748,3.20e-02,-8.00e-01,
13749,4.00e-02,-6.00e-01,
13750,3.20e-02,-6.00e-01,
13751,3.20e-02,-8.00e-01,
13752,3.20e-02,-8.00e-01,
13753,3.20e-02,-8.00e-01,
13754,3.20e-02,-4.00e-01,
13755,3.20e-02,-6.00e-01,
13756,3.20e-02,-6.00e-01,
13757,3.20e-02,-6.00e-01,
13758,3.20e-02,-6.00e-01,
13759,3.20e-02,-6.00e-01,
13760,3.20e-02,-8.00e-01,
13761,3.20e-02,-6.00e-01,
13762,3.20e-02,-6.00e-01,
13763,4.00e-02,-6.00e-01,
13764,4.00e-02,-6.00e-01,
13765,4.00e-02,-6.00e-01,
13766,3.20e-02,-4.00e-01,
13767,4.00e-02,-6.00e-01,
13768,4.00e-02,-8.00e-01,
13769,3.20e-02,-6.00e-01,
13770,3.20e-02,-6.00e-01,
13771,4.00e-02,-6.00e-01,
13772,3.20e-02,-8.00e-01,
13773,4.00e-02,-6.00e-01,
13774,3.20e-02,-6.00e-01,
13775,4.00e-02,-6.00e-01,
13776,4.00e-02,-6.00e-01,
13777,4.00e-02,-6.00e-01,
13778,4.00e-02,-4.00e-01,
13779,4.40e-02,-6.00e-01,
13780,4.00e-02,-8.00e-01,
13781,4.00e-02,-6.00e-01,
13782,4.00e-02,-6.00e-01,
13783,4.00e-02,-8.00e-01,
13784,4.00e-02,-6.00e-01,
13785,4.00e-02,-6.00e-01,
13786,4.00e-02,-6.00e-01,
13787,4.00e-02,-6.00e-01,
13788,4.00e-02,-6.00e-01,
13789,4.00e-02,-6.00e-01,
13790,3.20e-02,-6.00e-01,
13791,4.40e-02,-6.00e-01,
13792,4.00e-02,-8.00e-01,
13793,4.00e-02,-6.00e-01,
13794,4.00e-02,-6.00e-01,
13795,4.40e-02,-6.00e-01,
13796,4.00e-02,-6.00e-01,
13797,4.00e-02,-6.00e-01,
13798,4.00e-02,-6.00e-01,
13799,4.40e-02,-6.00e-01,
13800,4.00e-02,-8.00e-01,
13801,4.40e-02,-6.00e-01,
13802,4.00e-02,-6.00e-01,
13803,4.40e-02,-6.00e-01,
13804,4.00e-02,-6.00e-01,
13805,4.40e-02,-6.00e-01,
13806,4.00e-02,-6.00e-01,
13807,4.40e-02,-6.00e-01,
13808,4.40e-02,-8.00e-01,
13809,4.00e-02,-6.00e-01,
13810,4.00e-02,-6.00e-01,
13811,4.40e-02,-6.00e-01,
13812,4.00e-02,-8.00e-01,
13813,4.40e-02,-6.00e-01,
13814,4.00e-02,-6.00e-01,
13815,4.40e-02,-8.00e-01,
13816,4.40e-02,-6.00e-01,
13817,4.40e-02,-6.00e-01,
13818,4.00e-02,-4.00e-01,
13819,4.40e-02,-6.00e-01,
13820,4.00e-02,-6.00e-01,
13821,4.40e-02,-6.00e-01,
13822,4.40e-02,-6.00e-01,
13823,4.40e-02,-6.00e-01,
13824,4.40e-02,-8.00e-01,
13825,4.40e-02,-6.00e-01,
13826,4.40e-02,-4.00e-01,
13827,4.80e-02,-6.00e-01,
13828,4.00e-02,-6.00e-01,
13829,4.40e-02,-6.00e-01,
13830,4.40e-02,-6.00e-01,
13831,4.40e-02,-6.00e-01,
13832,4.40e-02,-8.00e-01,
13833,4.40e-02,-6.00e-01,
13834,4.40e-02,-6.00e-01,
13835,4.80e-02,-6.00e-01,
13836,4.40e-02,-8.00e-01,
13837,4.40e-02,-6.00e-01,
13838,4.40e-02,-6.00e-01,
13839,4.80e-02,-6.00e-01,
13840,4.80e-02,-6.00e-01,
13841,4.40e-02,-6.00e-01,
13842,4.40e-02,-6.00e-01,
13843,4.80e-02,-6.00e-01,
13844,4.40e-02,-8.00e-01,
13845,4.40e-02,-6.00e-01,
13846,4.40e-02,-4.00e-01,
13847,4.80e-02,-6.00e-01,
13848,4.80e-02,-8.00e-01,
13849,4.80e-02,-6.00e-01,
13850,4.40e-02,-6.00e-01,
13851,4.80e-02,-6.00e-01,
13852,4.80e-02,-6.00e-01,
13853,4.80e-02,-6.00e-01,
13854,4.40e-02,-6.00e-01,
13855,4.80e-02,-6.00e-01,
13856,4.80e-02,-6.00e-01,
13857,4.80e-02,-6.00e-01,
13858,4.40e-02,-6.00e-01,
13859,4.80e-02,-6.00e-01,
13860,4.80e-02,-8.00e-01,
13861,4.80e-02,-6.00e-01,
13862,4.40e-02,-6.00e-01,
13863,4.80e-02,-6.00e-01,
13864,4.80e-02,-6.00e-01,
13865,4.80e-02,-8.00e-01,
13866,4.40e-02,-6.00e-01,
13867,5.20e-02,-6.00e-01,
13868,4.80e-02,-6.00e-01,
13869,4.80e-02,-6.00e-01,
13870,4.80e-02,-4.00e-01,
13871,4.80e-02,-6.00e-01,
13872,4.80e-02,-6.00e-01,
13873,4.80e-02,-6.00e-01,
13874,4.40e-02,-6.00e-01,
13875,5.20e-02,-6.00e-01,
13876,4.80e-02,-6.00e-01,
13877,5.20e-02,-6.00e-01,
13878,4.80e-02,-6.00e-01,
13879,5.20e-02,-6.00e-01,
13880,4.80e-02,-6.00e-01,
13881,4.80e-02,-6.00e-01,
13882,4.80e-02,-6.00e-01,
13883,5.20e-02,-6.00e-01,
13884,4.80e-02,-6.00e-01,
13885,5.20e-02,-6.00e-01,
13886,4.80e-02,-4.00e-01,
13887,5.20e-02,-6.00e-01,
13888,4.80e-02,-6.00e-01,
13889,4.80e-02,-6.00e-01,
13890,4.80e-02,-6.00e-01,
13891,5.20e-02,-6.00e-01,
13892,5.20e-02,-6.00e-01,
13893,5.20e-02,-6.00e-01,
13894,4.80e-02,-4.00e-01,
13895,5.20e-02,-6.00e-01,
13896,5.20e-02,-6.00e-01,
13897,4.80e-02,-6.00e-01,
13898,4.80e-02,-6.00e-01,
13899,5.20e-02,-6.00e-01,
13900,5.20e-02,-6.00e-01,
13901,5.20e-02,-6.00e-01,
13902,4.80e-02,-6.00e-01,
13903,5.20e-02,-4.00e-01,
13904,5.20e-02,-6.00e-01,
13905,5.20e-02,-6.00e-01,
13906,4.80e-02,-6.00e-01,
13907,5.20e-02,-6.00e-01,
13908,5.20e-02,-8.00e-01,
13909,5.20e-02,-6.00e-01,
13910,5.20e-02,-6.00e-01,
13911,5.60e-02,-6.00e-01,
13912,5.20e-02,-6.00e-01,
13913,5.20e-02,-6.00e-01,
13914,5.20e-02,-6.00e-01,
13915,5.60e-02,-4.00e-01,
13916,5.60e-02,-8.00e-01,
13917,5.20e-02,-4.00e-01,
13918,5.20e-02,-4.00e-01,
13919,5.60e-02,-6.00e-01,
13920,5.60e-02,-6.00e-01,
13921,5.20e-02,-6.00e-01,
13922,5.20e-02,-4.00e-01,
13923,5.60e-02,-6.00e-01,
13924,5.20e-02,-6.00e-01,
13925,5.20e-02,-6.00e-01,
13926,5.20e-02,-6.00e-01,
13927,5.60e-02,-6.00e-01,
13928,5.20e-02,-8.00e-01,
13929,5.20e-02,-6.00e-01,
13930,5.20e-02,-4.00e-01,
13931,5.60e-02,-6.00e-01,
13932,5.20e-02,-6.00e-01,
13933,5.20e-02,-6.00e-01,
13934,5.20e-02,-4.00e-01,
13935,5.60e-02,-6.00e-01,
13936,5.60e-02,-8.00e-01,
13937,5.60e-02,-6.00e-01,
13938,5.20e-02,-6.00e-01,
13939,5.60e-02,-6.00e-01,
13940,5.20e-02,-6.00e-01,
13941,5.20e-02,-6.00e-01,
13942,5.60e-02,-6.00e-01,
13943,5.60e-02,-6.00e-01,
13944,5.60e-02,-6.00e-01,
13945,5.60e-02,-6.00e-01,
13946,5.20e-02,-4.00e-01,
13947,5.60e-02,-6.00e-01,
13948,5.20e-02,-6.00e-01,
13949,5.60e-02,-6.00e-01,
13950,5.60e-02,-6.00e-01,
13951,5.60e-02,-6.00e-01,
13952,5.60e-02,-6.00e-01,
13953,5.60e-02,-6.00e-01,
13954,5.60e-02,-4.00e-01,
13955,6.00e-02,-6.00e-01,
13956,5.60e-02,-6.00e-01,
13957,5.60e-02,-6.00e-01,
13958,5.60e-02,-4.00e-01,
13959,6.00e-02,-6.00e-01,
13960,5.60e-02,-6.00e-01,
13961,5.60e-02,-6.00e-01,
13962,5.20e-02,-4.00e-01,
13963,6.00e-02,-6.00e-01,
13964,5.60e-02,-6.00e-01,
13965,6.00e-02,-6.00e-01,
13966,5.60e-02,-6.00e-01,
13967,6.00e-02,-6.00e-01,
13968,5.60e-02,-6.00e-01,
13969,5.60e-02,-6.00e-01,
13970,5.60e-02,-6.00e-01,
13971,6.00e-02,-6.00e-01,
13972,6.00e-02,-6.00e-01,
13973,5.60e-02,-6.00e-01,
13974,5.60e-02,-4.00e-01,
13975,6.00e-02,-6.00e-01,
13976,6.00e-02,-6.00e-01,
13977,6.00e-02,-4.00e-01,
13978,5.60e-02,-4.00e-01,
13979,6.00e-02,-4.00e-01,
13980,6.00e-02,-6.00e-01,
13981,5.60e-02,-6.00e-01,
13982,5.60e-02,-6.00e-01,
13983,6.00e-02,-6.00e-01,
13984,6.00e-02,-6.00e-01,
13985,6.00e-02,-6.00e-01,
13986,5.60e-02,-6.00e-01,
13987,6.00e-02,-6.00e-01,
13988,6.00e-02,-6.00e-01,
13989,5.60e-02,-6.00e-01,
13990,6.00e-02,-6.00e-01,
13991,6.00e-02,-6.00e-01,
13992,6.00e-02,-6.00e-01,
13993,6.00e-02,-6.00e-01,
13994,6.00e-02,-4.00e-01,
13995,6.40e-02,-6.00e-01,
13996,6.00e-02,-6.00e-01,
13997,6.00e-02,-6.00e-01,
13998,6.00e-02,-6.00e-01,
13999,6.40e-02,-6.00e-01,
14000,6.00e-02,-8.00e-01,
14001,6.00e-02,-6.00e-01,
14002,6.00e-02,-4.00e-01,
14003,6.40e-02,-6.00e-01,
14004,6.00e-02,-6.00e-01,
14005,6.00e-02,-6.00e-01,
14006,6.00e-02,-4.00e-01,
14007,6.40e-02,-6.00e-01,
14008,6.00e-02,-6.00e-01,
14009,6.00e-02,-6.00e-01,
14010,6.00e-02,-4.00e-01,
14011,6.40e-02,-6.00e-01,
14012,6.00e-02,-6.00e-01,
14013,6.00e-02,-6.00e-01,
14014,6.00e-02,-6.00e-01,
14015,6.40e-02,-6.00e-01,
14016,6.00e-02,-6.00e-01,
14017,6.40e-02,-6.00e-01,
14018,6.00e-02,-4.00e-01,
14019,6.40e-02,-6.00e-01,
14020,6.00e-02,-6.00e-01,
14021,6.00e-02,-6.00e-01,
14022,6.00e-02,-6.00e-01,
14023,6.40e-02,-6.00e-01,
14024,6.40e-02,-6.00e-01,
14025,6.40e-02,-6.00e-01,
14026,6.00e-02,-4.00e-01,
14027,6.40e-02,-4.00e-01,
14028,6.40e-02,-6.00e-01,
14029,6.40e-02,-6.00e-01,
14030,6.40e-02,-4.00e-01,
14031,6.80e-02,-6.00e-01,
14032,6.40e-02,-8.00e-01,
14033,6.40e-02,-4.00e-01,
14034,6.00e-02,-4.00e-01,
14035,6.80e-02,-6.00e-01,
14036,6.40e-02,-6.00e-01,
14037,6.40e-02,-6.00e-01,
14038,6.40e-02,-4.00e-01,
14039,6.80e-02,-6.00e-01,
14040,6.40e-02,-6.00e-01,
14041,6.40e-02,-6.00e-01,
14042,6.40e-02,-4.00e-01,
14043,6.80e-02,-6.00e-01,
14044,6.40e-02,-6.00e-01,
14045,6.80e-02,-6.00e-01,
14046,6.40e-02,-6.00e-01,
14047,6.80e-02,-6.00e-01,
14048,6.40e-02,-6.00e-01,
14049,6.40e-02,-6.00e-01,
14050,6.40e-02,-4.00e-01,
14051,6.80e-02,-6.00e-01,
14052,6.40e-02,-6.00e-01,
14053,6.40e-02,-6.00e-01,
14054,6.40e-02,-4.00e-01,
14055,6.80e-02,-6.00e-01,
14056,6.80e-02,-6.00e-01,
14057,6.80e-02,-4.00e-01,
14058,6.40e-02,-6.00e-01,
14059,6.80e-02,-6.00e-01,
14060,6.80e-02,-6.00e-01,
14061,6.80e-02,-6.00e-01,
14062,6.40e-02,-4.00e-01,
14063,6.80e-02,-4.00e-01,
14064,6.80e-02,-6.00e-01,
14065,6.80e-02,-6.00e-01,
14066,6.40e-02,-6.00e-01,
14067,6.80e-02,-6.00e-01,
14068,6.80e-02,-6.00e-01,
14069,6.80e-02,-6.00e-01,
14070,6.40e-02,-6.00e-01,
14071,6.80e-02,-6.00e-01,
14072,6.80e-02,-6.00e-01,
14073,6.80e-02,-6.00e-01,
14074,6.40e-02,-4.00e-01,
14075,6.80e-02,-6.00e-01,
14076,6.80e-02,-6.00e-01,
14077,6.80e-02,-6.00e-01,
14078,6.80e-02,-4.00e-01,
14079,6.80e-02,-6.00e-01,
14080,6.80e-02,-6.00e-01,
14081,6.80e-02,-6.00e-01,
14082,6.40e-02,-4.00e-01,
14083,7.20e-02,-6.00e-01,
14084,6.80e-02,-6.00e-01,
14085,7.20e-02,-6.00e-01,
14086,6.80e-02,-4.00e-01,
14087,7.20e-02,-6.00e-01,
14088,6.80e-02,-6.00e-01,
14089,6.80e-02,-6.00e-01,
14090,6.80e-02,-6.00e-01,
14091,6.80e-02,-6.00e-01,
14092,6.80e-02,-6.00e-01,
14093,7.20e-02,-6.00e-01,
14094,6.80e-02,-4.00e-01,
14095,7.20e-02,-6.00e-01,
14096,6.80e-02,-6.00e-01,
14097,7.20e-02,-6.00e-01,
14098,6.80e-02,-4.00e-01,
14099,7.20e-02,-4.00e-01,
14100,7.20e-02,-6.00e-01,
14101,7.20e-02,-6.00e-01,
14102,6.80e-02,-6.00e-01,
14103,7.20e-02,-6.00e-01,
14104,7.20e-02,-6.00e-01,
14105,7.20e-02,-6.00e-01,
14106,6.80e-02,-4.00e-01,
14107,7.20e-02,-6.00e-01,
14108,7.20e-02,-6.00e-01,
14109,7.20e-02,-6.00e-01,
14110,6.80e-02,-4.00e-01,
14111,7.20e-02,-6.00e-01,
14112,7.20e-02,-6.00e-01,
14113,7.20e-02,-6.00e-01,
14114,7.20e-02,-4.00e-01,
14115,7.20e-02,-4.00e-01,
14116,7.20e-02,-8.00e-01,
14117,7.20e-02,-4.00e-01,
14118,7.20e-02,-6.00e-01,
14119,7.20e-02,-6.00e-01,
14120,7.20e-02,-6.00e-01,
14121,7.20e-02,-6.00e-01,
14122,7.20e-02,-4.00e-01,
14123,7.60e-02,-4.00e-01,
14124,7.20e-02,-6.00e-01,
14125,7.20e-02,-6.00e-01,
14126,7.20e-02,-6.00e-01,
14127,7.60e-02,-6.00e-01,
14128,7.20e-02,-6.00e-01,
14129,7.20e-02,-6.00e-01,
14130,7.20e-02,-4.00e-01,
14131,7.60e-02,-6.00e-01,
14132,7.20e-02,-6.00e-01,
14133,7.20e-02,-6.00e-01,
14134,7.20e-02,-4.00e-01,
14135,7.20e-02,-6.00e-01,
14136,7.60e-02,-6.00e-01,
14137,7.20e-02,-6.00e-01,
14138,7.20e-02,-4.00e-01,
14139,7.60e-02,-4.00e-01,
14140,7.20e-02,-6.00e-01,
14141,7.20e-02,-4.00e-01,
14142,7.20e-02,-4.00e-01,
14143,7.60e-02,-6.00e-01,
14144,7.20e-02,-6.00e-01,
14145,7.60e-02,-6.00e-01,
14146,7.20e-02,-4.00e-01,
14147,7.60e-02,-6.00e-01,
14148,7.20e-02,-6.00e-01,
14149,7.60e-02,-6.00e-01,
14150,7.20e-02,-6.00e-01,
14151,7.60e-02,-6.00e-01,
14152,7.60e-02,-6.00e-01,
14153,7.60e-02,-6.00e-01,
14154,7.20e-02,-4.00e-01,
14155,7.60e-02,-6.00e-01,
14156,7.60e-02,-6.00e-01,
14157,7.60e-02,-6.00e-01,
14158,7.60e-02,-4.00e-01,
14159,7.60e-02,-4.00e-01,
14160,7.60e-02,-6.00e-01,
14161,7.60e-02,-6.00e-01,
14162,7.60e-02,-4.00e-01,
14163,8.00e-02,-6.00e-01,
14164,7.60e-02,-6.00e-01,
14165,7.60e-02,-6.00e-01,
14166,7.60e-02,-6.00e-01,
14167,8.00e-02,-4.00e-01,
14168,7.60e-02,-6.00e-01,
14169,7.60e-02,-6.00e-01,
14170,7.60e-02,-4.00e-01,
14171,8.00e-02,-6.00e-01,
14172,7.60e-02,-6.00e-01,
14173,7.60e-02,-6.00e-01,
14174,7.60e-02,-4.00e-01,
14175,8.00e-02,-6.00e-01,
14176,8.00e-02,-6.00e-01,
14177,7.60e-02,-6.00e-01,
14178,7.60e-02,-4.00e-01,
14179,8.00e-02,-4.00e-01,
14180,7.60e-02,-6.00e-01,
14181,8.00e-02,-6.00e-01,
14182,7.60e-02,-4.00e-01,
14183,8.00e-02,-6.00e-01,
14184,8.00e-02,-6.00e-01,
14185,8.00e-02,-6.00e-01,
14186,7.60e-02,-4.00e-01,
14187,8.00e-02,-4.00e-01,
14188,7.60e-02,-6.00e-01,
14189,8.00e-02,-6.00e-01,
14190,7.60e-02,-4.00e-01,
14191,8.00e-02,-4.00e-01,
14192,8.00e-02,-6.00e-01,
14193,8.00e-02,-6.00e-01,
14194,7.60e-02,-4.00e-01,
14195,8.00e-02,-6.00e-01,
14196,8.00e-02,-6.00e-01,
14197,8.00e-02,-4.00e-01,
14198,7.60e-02,-4.00e-01,
14199,8.00e-02,-4.00e-01,
14200,8.00e-02,-6.00e-01,
14201,8.00e-02,-6.00e-01,
14202,8.00e-02,-4.00e-01,
14203,8.40e-02,-4.00e-01,
14204,8.00e-02,-6.00e-01,
14205,8.00e-02,-6.00e-01,
14206,8.00e-02,-4.00e-01,
14207,8.40e-02,-4.00e-01,
14208,8.00e-02,-6.00e-01,
14209,8.00e-02,-6.00e-01,
14210,8.00e-02,-4.00e-01,
14211,8.40e-02,-4.00e-01,
14212,8.00e-02,-6.00e-01,
14213,8.00e-02,-6.00e-01,
14214,8.00e-02,-4.00e-01,
14215,8.40e-02,-6.00e-01,
14216,8.00e-02,-6.00e-01,
14217,8.00e-02,-4.00e-01,
14218,8.00e-02,-4.00e-01,
14219,8.40e-02,-4.00e-01,
14220,8.00e-02,-6.00e-01,
14221,8.40e-02,-6.00e-01,
14222,8.00e-02,-6.00e-01,
14223,8.40e-02,-4.00e-01,
14224,8.40e-02,-6.00e-01,
14225,8.40e-02,-6.00e-01,
14226,8.00e-02,-4.00e-01,
14227,8.80e-02,-6.00e-01,
14228,8.00e-02,-6.00e-01,
14229,8.40e-02,-6.00e-01,
14230,8.40e-02,-4.00e-01,
14231,8.40e-02,-6.00e-01,
14232,8.40e-02,-6.00e-01,
14233,8.40e-02,-6.00e-01,
14234,8.00e-02,-4.00e-01,
14235,8.40e-02,-4.00e-01,
14236,8.40e-02,-6.00e-01,
14237,8.40e-02,-4.00e-01,
14238,8.40e-02,-6.00e-01,
14239,8.80e-02,-4.00e-01,
14240,8.40e-02,-6.00e-01,
14241,8.40e-02,-6.00e-01,
14242,8.00e-02,-4.00e-01,
14243,8.80e-02,-4.00e-01,
14244,8.40e-02,-6.00e-01,
14245,8.40e-02,-4.00e-01,
14246,8.40e-02,-4.00e-01,
14247,8.40e-02,-6.00e-01,
14248,8.40e-02,-6.00e-01,
14249,8.40e-02,-6.00e-01,
14250,8.40e-02,-4.00e-01,
14251,8.80e-02,-4.00e-01,
14252,8.40e-02,-6.00e-01,
14253,8.80e-02,-6.00e-01,
14254,8.40e-02,-4.00e-01,
14255,8.80e-02,-6.00e-01,
14256,8.80e-02,-6.00e-01,
14257,8.40e-02,-4.00e-01,
14258,8.40e-02,-4.00e-01,
14259,8.80e-02,-4.00e-01,
14260,8.40e-02,-6.00e-01,
14261,8.40e-02,-6.00e-01,
14262,8.40e-02,-4.00e-01,
14263,8.80e-02,-6.00e-01,
14264,8.40e-02,-6.00e-01,
14265,8.80e-02,-4.00e-01,
14266,8.40e-02,-4.00e-01,
14267,8.80e-02,-4.00e-01,
14268,8.40e-02,-6.00e-01,
14269,8.80e-02,-4.00e-01,
14270,8.40e-02,-4.00e-01,
14271,8.80e-02,-4.00e-01,
14272,8.80e-02,-6.00e-01,
14273,8.80e-02,-6.00e-01,
14274,8.40e-02,-4.00e-01,
14275,8.80e-02,-6.00e-01,
14276,8.40e-02,-6.00e-01,
14277,8.80e-02,-4.00e-01,
14278,8.80e-02,-4.00e-01,
14279,8.80e-02,-4.00e-01,
14280,8.80e-02,-6.00e-01,
14281,8.80e-02,-6.00e-01,
14282,8.40e-02,-4.00e-01,
14283,9.20e-02,-4.00e-01,
14284,8.80e-02,-6.00e-01,
14285,8.80e-02,-4.00e-01,
14286,8.40e-02,-4.00e-01,
14287,9.20e-02,-4.00e-01,
14288,8.80e-02,-6.00e-01,
14289,8.80e-02,-6.00e-01,
14290,8.40e-02,-4.00e-01,
14291,9.20e-02,-4.00e-01,
14292,8.80e-02,-6.00e-01,
14293,8.80e-02,-6.00e-01,
14294,8.80e-02,-4.00e-01,
14295,9.20e-02,-4.00e-01,
14296,8.80e-02,-6.00e-01,
14297,8.80e-02,-4.00e-01,
14298,8.80e-02,-6.00e-01,
14299,9.20e-02,-4.00e-01,
14300,8.80e-02,-6.00e-01,
14301,8.80e-02,-4.00e-01,
14302,8.80e-02,-4.00e-01,
14303,9.20e-02,-4.00e-01,
14304,8.80e-02,-6.00e-01,
14305,9.20e-02,-6.00e-01,
14306,8.80e-02,-6.00e-01,
14307,9.60e-02,-4.00e-01,
14308,8.80e-02,-6.00e-01,
14309,9.20e-02,-4.00e-01,
14310,8.80e-02,-6.00e-01,
14311,9.20e-02,-4.00e-01,
14312,9.20e-02,-6.00e-01,
14313,9.20e-02,-6.00e-01,
14314,8.80e-02,-6.00e-01,
14315,9.20e-02,-4.00e-01,
14316,9.20e-02,-6.00e-01,
14317,9.20e-02,-4.00e-01,
14318,8.80e-02,-4.00e-01,
14319,9.20e-02,-6.00e-01,
14320,8.80e-02,-6.00e-01,
14321,9.20e-02,-4.00e-01,
14322,8.80e-02,-4.00e-01,
14323,9.60e-02,-6.00e-01,
14324,9.20e-02,-6.00e-01,
14325,9.20e-02,-4.00e-01,
14326,9.20e-02,-4.00e-01,
14327,9.20e-02,-6.00e-01,
14328,9.20e-02,-6.00e-01,
14329,9.20e-02,-4.00e-01,
14330,8.80e-02,-4.00e-01,
14331,9.60e-02,-4.00e-01,
14332,9.20e-02,-6.00e-01,
14333,9.20e-02,-4.00e-01,
14334,9.20e-02,-4.00e-01,
14335,9.60e-02,-4.00e-01,
14336,9.20e-02,-6.00e-01,
14337,9.20e-02,-6.00e-01,
14338,9.20e-02,-4.00e-01,
14339,9.60e-02,-4.00e-01,
14340,9.20e-02,-6.00e-01,
14341,9.20e-02,-4.00e-01,
14342,9.20e-02,-4.00e-01,
14343,9.60e-02,-6.00e-01,
14344,9.20e-02,-6.00e-01,
14345,9.60e-02,-6.00e-01,
14346,9.20e-02,-4.00e-01,
14347,9.60e-02,-4.00e-01,
14348,9.20e-02,-6.00e-01,
14349,9.20e-02,-4.00e-01,
14350,9.20e-02,-4.00e-01,
14351,9.60e-02,-6.00e-01,
14352,9.60e-02,-6.00e-01,
14353,9.60e-02,-4.00e-01,
14354,9.20e-02,-4.00e-01,
14355,9.60e-02,-4.00e-01,
14356,9.20e-02,-6.00e-01,
14357,9.60e-02,-6.00e-01,
14358,9.20e-02,-4.00e-01,
14359,9.60e-02,-4.00e-01,
14360,9.60e-02,-6.00e-01,
14361,9.60e-02,-6.00e-01,
14362,9.20e-02,-4.00e-01,
14363,1.00e-01,-4.00e-01,
14364,9.60e-02,-6.00e-01,
14365,9.60e-02,-6.00e-01,
14366,9.60e-02,-4.00e-01,
14367,9.60e-02,-4.00e-01,
14368,9.60e-02,-6.00e-01,
14369,9.60e-02,-6.00e-01,
14370,9.20e-02,-4.00e-01,
14371,1.00e-01,-4.00e-01,
14372,9.60e-02,-6.00e-01,
14373,9.60e-02,-6.00e-01,
14374,9.20e-02,-4.00e-01,
14375,1.00e-01,-4.00e-01,
14376,9.60e-02,-6.00e-01,
14377,9.60e-02,-6.00e-01,
14378,9.20e-02,-4.00e-01,
14379,9.60e-02,-4.00e-01,
14380,9.60e-02,-6.00e-01,
14381,9.60e-02,-6.00e-01,
14382,9.60e-02,-4.00e-01,
14383,1.00e-01,-6.00e-01,
14384,9.60e-02,-4.00e-01,
14385,1.00e-01,-6.00e-01,
14386,9.60e-02,-4.00e-01,
14387,1.00e-01,-4.00e-01,
14388,9.60e-02,-6.00e-01,
14389,9.60e-02,-4.00e-01,
14390,9.60e-02,-4.00e-01,
14391,1.00e-01,-4.00e-01,
14392,9.60e-02,-6.00e-01,
14393,1.00e-01,-6.00e-01,
14394,9.60e-02,-4.00e-01,
14395,1.00e-01,-4.00e-01,
14396,9.60e-02,-6.00e-01,
14397,9.60e-02,-4.00e-01,
14398,9.60e-02,-4.00e-01,
14399,1.00e-01,-4.00e-01,
14400,9.60e-02,-6.00e-01,
14401,1.00e-01,-4.00e-01,
14402,9.60e-02,-4.00e-01,
14403,1.00e-01,-6.00e-01,
14404,1.00e-01,-6.00e-01,
14405,1.00e-01,-4.00e-01,
14406,1.00e-01,-4.00e-01,
14407,1.00e-01,-4.00e-01,
14408,1.00e-01,-6.00e-01,
14409,1.00e-01,-4.00e-01,
14410,9.60e-02,-4.00e-01,
14411,1.00e-01,-4.00e-01,
14412,1.00e-01,-6.00e-01,
14413,1.00e-01,-6.00e-01,
14414,1.00e-01,-4.00e-01,
14415,1.00e-01,-4.00e-01,
14416,1.00e-01,-6.00e-01,
14417,1.04e-01,-4.00e-01,
14418,9.60e-02,-4.00e-01,
14419,1.04e-01,-4.00e-01,
14420,1.00e-01,-6.00e-01,
14421,1.00e-01,-4.00e-01,
14422,1.00e-01,-4.00e-01,
14423,1.00e-01,-4.00e-01,
14424,1.00e-01,-6.00e-01,
14425,1.00e-01,-6.00e-01,
14426,9.60e-02,-4.00e-01,
14427,1.04e-01,-4.00e-01,
14428,1.00e-01,-6.00e-01,
14429,1.00e-01,-4.00e-01,
14430,1.00e-01,-4.00e-01,
14431,1.04e-01,-4.00e-01,
14432,1.00e-01,-6.00e-01,
14433,1.04e-01,-4.00e-01,
14434,1.00e-01,-4.00e-01,
14435,1.04e-01,-4.00e-01,
14436,1.00e-01,-4.00e-01,
14437,1.00e-01,-4.00e-01,
14438,1.00e-01,-4.00e-01,
14439,1.04e-01,-4.00e-01,
14440,1.04e-01,-6.00e-01,
14441,1.04e-01,-4.00e-01,
14442,1.00e-01,-4.00e-01,
14443,1.04e-01,-4.00e-01,
14444,1.04e-01,-6.00e-01,
14445,1.04e-01,-4.00e-01,
14446,1.04e-01,-4.00e-01,
14447,1.04e-01,-4.00e-01,
14448,1.04e-01,-6.00e-01,
14449,1.04e-01,-4.00e-01,
14450,1.00e-01,-4.00e-01,
14451,1.04e-01,-4.00e-01,
14452,1.04e-01,-4.00e-01,
14453,1.04e-01,-6.00e-01,
14454,1.04e-01,-4.00e-01,
14455,1.08e-01,-4.00e-01,
14456,1.04e-01,-6.00e-01,
14457,1.08e-01,-4.00e-01,
14458,1.00e-01,-4.00e-01,
14459,1.08e-01,-4.00e-01,
14460,1.04e-01,-6.00e-01,
14461,1.04e-01,-4.00e-01,
14462,1.04e-01,-4.00e-01,
14463,1.08e-01,-4.00e-01,
14464,1.04e-01,-6.00e-01,
14465,1.08e-01,-6.00e-01,
14466,1.04e-01,-4.00e-01,
14467,1.08e-01,-4.00e-01,
14468,1.04e-01,-6.00e-01,
14469,1.08e-01,-4.00e-01,
14470,1.04e-01,-4.00e-01,
14471,1.08e-01,-4.00e-01,
14472,1.04e-01,-6.00e-01,
14473,1.08e-01,-4.00e-01,
14474,1.04e-01,-4.00e-01,
14475,1.08e-01,-4.00e-01,
14476,1.04e-01,-6.00e-01,
14477,1.04e-01,-4.00e-01,
14478,1.04e-01,-4.00e-01,
14479,1.08e-01,-4.00e-01,
14480,1.04e-01,-6.00e-01,
14481,1.08e-01,-4.00e-01,
14482,1.04e-01,-4.00e-01,
14483,1.08e-01,-4.00e-01,
14484,1.08e-01,-6.00e-01,
14485,1.08e-01,-4.00e-01,
14486,1.08e-01,-4.00e-01,
14487,1.12e-01,-4.00e-01,
14488,1.08e-01,-6.00e-01,
14489,1.08e-01,-4.00e-01,
14490,1.04e-01,-4.00e-01,
14491,1.08e-01,-4.00e-01,
14492,1.08e-01,-6.00e-01,
14493,1.08e-01,-4.00e-01,
14494,1.04e-01,-4.00e-01,
14495,1.12e-01,-4.00e-01,
14496,1.08e-01,-6.00e-01,
14497,1.08e-01,-4.00e-01,
14498,1.04e-01,-4.00e-01,
14499,1.12e-01,-4.00e-01,
14500,1.08e-01,-6.00e-01,
14501,1.08e-01,-4.00e-01,
14502,1.04e-01,-4.00e-01,
14503,1.12e-01,-4.00e-01,
14504,1.08e-01,-6.00e-01,
14505,1.12e-01,-4.00e-01,
14506,1.04e-01,-2.00e-01,
14507,1.12e-01,-4.00e-01,
14508,1.08e-01,-6.00e-01,
14509,1.08e-01,-4.00e-01,
14510,1.08e-01,-4.00e-01,
14511,1.12e-01,-4.00e-01,
14512,1.08e-01,-4.00e-01,
14513,1.08e-01,-4.00e-01,
14514,1.08e-01,-4.00e-01,
14515,1.08e-01,-2.00e-01,
14516,1.12e-01,-6.00e-01,
14517,1.12e-01,-4.00e-01,
14518,1.08e-01,-4.00e-01,
14519,1.16e-01,-6.00e-01,
14520,1.08e-01,-4.00e-01,
14521,1.12e-01,-6.00e-01,
14522,1.08e-01,-4.00e-01,
14523,1.12e-01,-4.00e-01,
14524,1.12e-01,-6.00e-01,
14525,1.12e-01,-4.00e-01,
14526,1.08e-01,-4.00e-01,
14527,1.16e-01,-4.00e-01,
14528,1.08e-01,-6.00e-01,
14529,1.12e-01,-4.00e-01,
14530,1.08e-01,-4.00e-01,
14531,1.12e-01,-4.00e-01,
14532,1.12e-01,-4.00e-01,
14533,1.12e-01,-6.00e-01,
14534,1.08e-01,-4.00e-01,
14535,1.16e-01,-4.00e-01,
14536,1.12e-01,-6.00e-01,
14537,1.12e-01,-4.00e-01,
14538,1.08e-01,-4.00e-01,
14539,1.12e-01,-4.00e-01,
14540,1.12e-01,-6.00e-01,
14541,1.12e-01,-6.00e-01,
14542,1.08e-01,-4.00e-01,
14543,1.16e-01,-4.00e-01,
14544,1.12e-01,-6.00e-01,
14545,1.16e-01,-4.00e-01,
14546,1.12e-01,-4.00e-01,
14547,1.12e-01,-4.00e-01,
14548,1.12e-01,-6.00e-01,
14549,1.12e-01,-4.00e-01,
14550,1.12e-01,-4.00e-01,
14551,1.16e-01,-4.00e-01,
14552,1.12e-01,-6.00e-01,
14553,1.12e-01,-4.00e-01,
14554,1.12e-01,-4.00e-01,
14555,1.16e-01,-4.00e-01,
14556,1.12e-01,-6.00e-01,
14557,1.12e-01,-6.00e-01,
14558,1.12e-01,-4.00e-01,
14559,1.16e-01,-4.00e-01,
14560,1.16e-01,-6.00e-01,
14561,1.12e-01,-6.00e-01,
14562,1.12e-01,-4.00e-01,
14563,1.16e-01,-4.00e-01,
14564,1.12e-01,-4.00e-01,
14565,1.16e-01,-4.00e-01,
14566,1.12e-01,-4.00e-01,
14567,1.16e-01,-4.00e-01,
14568,1.12e-01,-4.00e-01,
14569,1.16e-01,-4.00e-01,
14570,1.12e-01,-2.00e-01,
14571,1.16e-01,-4.00e-01,
14572,1.16e-01,-6.00e-01,
14573,1.16e-01,-4.00e-01,
14574,1.12e-01,-4.00e-01,
14575,1.20e-01,-6.00e-01,
14576,1.16e-01,-6.00e-01,
14577,1.16e-01,-4.00e-01,
14578,1.12e-01,-4.00e-01,
14579,1.16e-01,-4.00e-01,
14580,1.16e-01,-4.00e-01,
14581,1.16e-01,-4.00e-01,
14582,1.12e-01,-4.00e-01,
14583,1.20e-01,-6.00e-01,
14584,1.16e-01,-6.00e-01,
14585,1.16e-01,-4.00e-01,
14586,1.12e-01,-4.00e-01,
14587,1.16e-01,-4.00e-01,
14588,1.16e-01,-6.00e-01,
14589,1.16e-01,-4.00e-01,
14590,1.12e-01,-4.00e-01,
14591,1.20e-01,-6.00e-01,
14592,1.16e-01,-6.00e-01,
14593,1.20e-01,-4.00e-01,
14594,1.12e-01,-4.00e-01,
14595,1.20e-01,-4.00e-01,
14596,1.16e-01,-6.00e-01,
14597,1.16e-01,-4.00e-01,
14598,1.16e-01,-4.00e-01,
14599,1.20e-01,-4.00e-01,
14600,1.16e-01,-6.00e-01,
14601,1.16e-01,-4.00e-01,
14602,1.12e-01,-4.00e-01,
14603,1.20e-01,-4.00e-01,
14604,1.16e-01,-6.00e-01,
14605,1.20e-01,-4.00e-01,
14606,1.16e-01,-4.00e-01,
14607,1.20e-01,-4.00e-01,
14608,1.16e-01,-6.00e-01,
14609,1.20e-01,-4.00e-01,
14610,1.16e-01,-4.00e-01,
14611,1.20e-01,-4.00e-01,
14612,1.16e-01,-6.00e-01,
14613,1.20e-01,-4.00e-01,
14614,1.16e-01,-2.00e-01,
14615,1.20e-01,-4.00e-01,
14616,1.20e-01,-4.00e-01,
14617,1.20e-01,-4.00e-01,
14618,1.16e-01,-4.00e-01,
14619,1.20e-01,-4.00e-01,
14620,1.20e-01,-6.00e-01,
14621,1.20e-01,-4.00e-01,
14622,1.16e-01,-4.00e-01,
14623,1.24e-01,-4.00e-01,
14624,1.16e-01,-6.00e-01,
14625,1.20e-01,-4.00e-01,
14626,1.16e-01,-4.00e-01,
14627,1.24e-01,-4.00e-01,
14628,1.20e-01,-6.00e-01,
14629,1.20e-01,-4.00e-01,
14630,1.16e-01,-4.00e-01,
14631,1.24e-01,-4.00e-01,
14632,1.20e-01,-6.00e-01,
14633,1.20e-01,-4.00e-01,
14634,1.20e-01,-4.00e-01,
14635,1.24e-01,-4.00e-01,
14636,1.20e-01,-6.00e-01,
14637,1.24e-01,-4.00e-01,
14638,1.20e-01,-4.00e-01,
14639,1.20e-01,-4.00e-01,
14640,1.20e-01,-6.00e-01,
14641,1.24e-01,-4.00e-01,
14642,1.16e-01,-4.00e-01,
14643,1.24e-01,-4.00e-01,
14644,1.20e-01,-4.00e-01,
14645,1.20e-01,-4.00e-01,
14646,1.20e-01,-4.00e-01,
14647,1.24e-01,-4.00e-01,
14648,1.20e-01,-4.00e-01,
14649,1.24e-01,-4.00e-01,
14650,1.20e-01,-4.00e-01,
14651,1.24e-01,-6.00e-01,
14652,1.20e-01,-6.00e-01,
14653,1.20e-01,-4.00e-01,
14654,1.20e-01,-4.00e-01,
14655,1.24e-01,-4.00e-01,
14656,1.24e-01,-6.00e-01,
14657,1.24e-01,-4.00e-01,
14658,1.20e-01,-4.00e-01,
14659,1.24e-01,-4.00e-01,
14660,1.20e-01,-6.00e-01,
14661,1.20e-01,-4.00e-01,
14662,1.24e-01,-4.00e-01,
14663,1.28e-01,-4.00e-01,
14664,1.24e-01,-6.00e-01,
14665,1.28e-01,-4.00e-01,
14666,1.20e-01,-4.00e-01,
14667,1.24e-01,-4.00e-01,
14668,1.24e-01,-4.00e-01,
14669,1.24e-01,-4.00e-01,
14670,1.20e-01,-4.00e-01,
14671,1.24e-01,-4.00e-01,
14672,1.24e-01,-6.00e-01,
14673,1.24e-01,-4.00e-01,
14674,1.20e-01,-4.00e-01,
14675,1.28e-01,-6.00e-01,
14676,1.24e-01,-4.00e-01,
14677,1.24e-01,-4.00e-01,
14678,1.20e-01,-4.00e-01,
14679,1.28e-01,-4.00e-01,
14680,1.24e-01,-6.00e-01,
14681,1.24e-01,-4.00e-01,
14682,1.24e-01,-4.00e-01,
14683,1.28e-01,-4.00e-01,
14684,1.24e-01,-6.00e-01,
14685,1.24e-01,-4.00e-01,
14686,1.24e-01,-4.00e-01,
14687,1.28e-01,-4.00e-01,
14688,1.24e-01,-4.00e-01,
14689,1.28e-01,-4.00e-01,
14690,1.24e-01,-4.00e-01,
14691,1.28e-01,-4.00e-01,
14692,1.24e-01,-4.00e-01,
14693,1.28e-01,-6.00e-01,
14694,1.24e-01,-2.00e-01,
14695,1.28e-01,-4.00e-01,
14696,1.28e-01,-6.00e-01,
14697,1.28e-01,-4.00e-01,
14698,1.24e-01,-4.00e-01,
14699,1.28e-01,-4.00e-01,
14700,1.28e-01,-6.00e-01,
14701,1.28e-01,-4.00e-01,
14702,1.24e-01,-4.00e-01,
14703,1.28e-01,-4.00e-01,
14704,1.24e-01,-6.00e-01,
14705,1.28e-01,-4.00e-01,
14706,1.24e-01,-4.00e-01,
14707,1.28e-01,-4.00e-01,
14708,1.28e-01,-6.00e-01,
14709,1.28e-01,-4.00e-01,
14710,1.24e-01,-4.00e-01,
14711,1.32e-01,-4.00e-01,
14712,1.28e-01,-6.00e-01,
14713,1.28e-01,-4.00e-01,
14714,1.24e-01,-4.00e-01,
14715,1.28e-01,-2.00e-01,
14716,1.28e-01,-6.00e-01,
14717,1.28e-01,-4.00e-01,
14718,1.24e-01,-4.00e-01,
14719,1.32e-01,-4.00e-01,
14720,1.28e-01,-4.00e-01,
14721,1.28e-01,-4.00e-01,
14722,1.24e-01,-4.00e-01,
14723,1.32e-01,-4.00e-01,
14724,1.28e-01,-6.00e-01,
14725,1.28e-01,-4.00e-01,
14726,1.28e-01,-4.00e-01,
14727,1.32e-01,-4.00e-01,
14728,1.28e-01,-6.00e-01,
14729,1.32e-01,-4.00e-01,
14730,1.28e-01,-4.00e-01,
14731,1.32e-01,-4.00e-01,
14732,1.28e-01,-6.00e-01,
14733,1.28e-01,-4.00e-01,
14734,1.28e-01,-4.00e-01,
14735,1.32e-01,-4.00e-01,
14736,1.28e-01,-4.00e-01,
14737,1.32e-01,-4.00e-01,
14738,1.28e-01,-4.00e-01,
14739,1.32e-01,-4.00e-01,
14740,1.28e-01,-6.00e-01,
14741,1.28e-01,-4.00e-01,
14742,1.28e-01,-4.00e-01,
14743,1.32e-01,-4.00e-01,
14744,1.32e-01,-4.00e-01,
14745,1.32e-01,-4.00e-01,
14746,1.28e-01,-4.00e-01,
14747,1.32e-01,-4.00e-01,
14748,1.28e-01,-6.00e-01,
14749,1.32e-01,-4.00e-01,
14750,1.28e-01,-4.00e-01,
14751,1.32e-01,-4.00e-01,
14752,1.32e-01,-6.00e-01,
14753,1.32e-01,-4.00e-01,
14754,1.32e-01,-2.00e-01,
14755,1.32e-01,-4.00e-01,
14756,1.28e-01,-6.00e-01,
14757,1.32e-01,-4.00e-01,
14758,1.32e-01,-4.00e-01,
14759,1.32e-01,-4.00e-01,
14760,1.32e-01,-6.00e-01,
14761,1.32e-01,-4.00e-01,
14762,1.28e-01,-4.00e-01,
14763,1.32e-01,-4.00e-01,
14764,1.32e-01,-4.00e-01,
14765,1.32e-01,-4.00e-01,
14766,1.28e-01,-4.00e-01,
14767,1.36e-01,-4.00e-01,
14768,1.36e-01,-4.00e-01,
14769,1.32e-01,-4.00e-01,
14770,1.32e-01,-2.00e-01,
14771,1.36e-01,-4.00e-01,
14772,1.32e-01,-4.00e-01,
14773,1.28e-01,-4.00e-01,
14774,1.20e-01,-4.00e-01,
14775,1.12e-01,-6.00e-01,
14776,8.80e-02,-6.00e-01,
14777,6.40e-02,-6.00e-01,
14778,4.80e-02,-6.00e-01,
14779,4.40e-02,-6.00e-01,
14780,4.40e-02,-8.00e-01,
14781,5.20e-02,-6.00e-01,
14782,6.80e-02,-4.00e-01,
14783,9.20e-02,-4.00e-01,
14784,1.00e-01,-4.00e-01,
14785,1.08e-01,-4.00e-01,
14786,1.08e-01,-4.00e-01,
14787,1.12e-01,-4.00e-01,
14788,1.12e-01,-4.00e-01,
14789,1.12e-01,-4.00e-01,
14790,1.16e-01,-2.00e-01,
14791,1.20e-01,-4.00e-01,
14792,1.16e-01,-6.00e-01,
14793,1.16e-01,-4.00e-01,
14794,1.16e-01,-2.00e-01,
14795,1.20e-01,-4.00e-01,
14796,1.16e-01,-4.00e-01,
14797,1.16e-01,-4.00e-01,
14798,1.12e-01,-4.00e-01,
14799,1.20e-01,-4.00e-01,
14800,1.16e-01,-6.00e-01,
14801,1.20e-01,-4.00e-01,
14802,1.20e-01,-4.00e-01,
14803,1.24e-01,-4.00e-01,
14804,1.24e-01,-4.00e-01,
14805,1.24e-01,-4.00e-01,
14806,1.20e-01,-4.00e-01,
14807,1.28e-01,-4.00e-01,
14808,1.24e-01,-4.00e-01,
14809,1.24e-01,-4.00e-01,
14810,1.20e-01,-4.00e-01,
14811,1.24e-01,-4.00e-01,
14812,1.20e-01,-6.00e-01,
14813,1.24e-01,-4.00e-01,
14814,1.20e-01,-2.00e-01,
14815,1.24e-01,-4.00e-01,
14816,1.24e-01,-4.00e-01,
14817,1.24e-01,-4.00e-01,
14818,1.24e-01,-4.00e-01,
14819,1.28e-01,-4.00e-01,
14820,1.28e-01,-6.00e-01,
14821,1.28e-01,-4.00e-01,
14822,1.24e-01,-4.00e-01,
14823,1.28e-01,-6.00e-01,
14824,1.24e-01,-4.00e-01,
14825,1.28e-01,-4.00e-01,
14826,1.24e-01,-4.00e-01,
14827,1.28e-01,-4.00e-01,
14828,1.24e-01,-4.00e-01,
14829,1.28e-01,-4.00e-01,
14830,1.24e-01,-4.00e-01,
14831,1.32e-01,-4.00e-01,
14832,1.28e-01,-4.00e-01,
14833,1.32e-01,-4.00e-01,
14834,1.28e-01,-2.00e-01,
14835,1.36e-01,-4.00e-01,
14836,1.28e-01,-4.00e-01,
14837,1.32e-01,-4.00e-01,
14838,1.28e-01,-4.00e-01,
14839,1.32e-01,-4.00e-01,
14840,1.28e-01,-4.00e-01,
14841,1.28e-01,-4.00e-01,
14842,1.28e-01,-4.00e-01,
14843,1.32e-01,-4.00e-01,
14844,1.28e-01,-4.00e-01,
14845,1.32e-01,-4.00e-01,
14846,1.32e-01,-2.00e-01,
14847,1.36e-01,-4.00e-01,
14848,1.32e-01,-4.00e-01,
14849,1.36e-01,-4.00e-01,
14850,1.32e-01,-4.00e-01,
14851,1.36e-01,-4.00e-01,
14852,1.32e-01,-4.00e-01,
14853,1.36e-01,-4.00e-01,
14854,1.32e-01,-2.00e-01,
14855,1.36e-01,-4.00e-01,
14856,1.32e-01,-6.00e-01,
14857,1.32e-01,-4.00e-01,
14858,1.28e-01,-2.00e-01,
14859,1.36e-01,-2.00e-01,
14860,1.36e-01,-6.00e-01,
14861,1.36e-01,-4.00e-01,
14862,1.36e-01,-4.00e-01,
14863,1.40e-01,-4.00e-01,
14864,1.36e-01,-4.00e-01,
14865,1.36e-01,-4.00e-01,
14866,1.32e-01,-2.00e-01,
14867,1.40e-01,-4.00e-01,
14868,1.36e-01,-4.00e-01,
14869,1.36e-01,-4.00e-01,
14870,1.32e-01,-4.00e-01,
14871,1.36e-01,-4.00e-01,
14872,1.36e-01,-4.00e-01,
14873,1.36e-01,-4.00e-01,
14874,1.36e-01,-4.00e-01,
14875,1.40e-01,-4.00e-01,
14876,1.36e-01,-4.00e-01,
14877,1.36e-01,-4.00e-01,
14878,1.36e-01,-4.00e-01,
14879,1.40e-01,-4.00e-01,
14880,1.40e-01,-4.00e-01,
14881,1.40e-01,-4.00e-01,
14882,1.36e-01,-4.00e-01,
14883,1.40e-01,-4.00e-01,
14884,1.36e-01,-4.00e-01,
14885,1.36e-01,-4.00e-01,
14886,1.36e-01,-2.00e-01,
14887,1.40e-01,-4.00e-01,
14888,1.36e-01,-4.00e-01,
14889,1.36e-01,-2.00e-01,
14890,1.32e-01,-2.00e-01,
14891,1.40e-01,-2.00e-01,
14892,1.36e-01,-2.00e-01,
14893,1.36e-01,-2.66e-05,
14894,1.32e-01,2.00e-01,
14895,1.40e-01,2.00e-01,
14896,1.36e-01,-2.66e-05,
14897,1.36e-01,2.00e-01,
14898,1.32e-01,4.00e-01,
14899,1.36e-01,8.00e-01,
14900,1.36e-01,4.00e-01,
14901,1.36e-01,8.00e-01,
14902,1.36e-01,1.00e+00,
14903,1.40e-01,1.00e+00,
14904,1.36e-01,1.20e+00,
14905,1.36e-01,1.20e+00,
14906,1.36e-01,1.40e+00,
14907,1.40e-01,1.60e+00,
14908,1.36e-01,1.40e+00,
14909,1.36e-01,1.80e+00,
14910,1.36e-01,1.80e+00,
14911,1.36e-01,2.00e+00,
14912,1.36e-01,2.00e+00,
14913,1.36e-01,2.00e+00,
14914,1.36e-01,2.20e+00,
14915,1.36e-01,2.60e+00,
14916,1.40e-01,2.40e+00,
14917,1.36e-01,2.60e+00,
14918,1.36e-01,2.80e+00,
14919,1.40e-01,2.80e+00,
14920,1.36e-01,3.00e+00,
14921,1.40e-01,3.00e+00,
14922,1.36e-01,3.20e+00,
14923,1.40e-01,3.40e+00,
14924,1.36e-01,3.40e+00,
14925,1.40e-01,3.60e+00,
14926,1.36e-01,3.80e+00,
14927,1.40e-01,4.00e+00,
14928,1.36e-01,4.00e+00,
14929,1.40e-01,4.00e+00,
14930,1.36e-01,4.60e+00,
14931,1.40e-01,4.60e+00,
14932,1.36e-01,4.80e+00,
14933,1.40e-01,5.00e+00,
14934,1.36e-01,5.20e+00,
14935,1.40e-01,5.40e+00,
14936,1.36e-01,5.40e+00,
14937,1.40e-01,5.60e+00,
14938,1.36e-01,6.00e+00,
14939,1.40e-01,6.20e+00,
14940,1.32e-01,6.40e+00,
14941,1.32e-01,6.80e+00,
14942,1.28e-01,7.20e+00,
14943,1.32e-01,7.60e+00,
14944,1.28e-01,8.20e+00,
14945,1.28e-01,8.80e+00,
14946,1.24e-01,9.40e+00,
14947,1.28e-01,1.02e+01,
14948,1.20e-01,1.10e+01,
14949,1.20e-01,1.22e+01,
14950,1.16e-01,1.34e+01,
14951,1.16e-01,1.46e+01,
14952,1.08e-01,1.64e+01,
14953,1.00e-01,1.80e+01,
14954,9.20e-02,2.02e+01,
14955,9.20e-02,2.28e+01,
14956,7.60e-02,2.52e+01,
14957,6.80e-02,2.82e+01,
14958,5.60e-02,3.16e+01,
14959,3.20e-02,3.54e+01,
14960,0.00e+00,3.88e+01,
14961,-3.60e-02,-8.80e+00,
14962,-7.60e-02,-7.80e+00,
14963,-1.08e-01,-7.80e+00,
14964,-1.48e-01,-7.80e+00,
14965,-1.88e-01,-7.80e+00,
14966,-2.24e-01,-7.80e+00,
14967,-2.60e-01,-7.80e+00,
14968,-2.96e-01,-7.80e+00,
14969,-3.32e-01,-7.80e+00,
14970,-3.56e-01,-7.80e+00,
14971,-3.84e-01,-7.80e+00,
14972,-4.04e-01,-7.80e+00,
14973,-4.20e-01,-7.80e+00,
14974,-4.24e-01,-7.80e+00,
14975,-4.28e-01,-7.80e+00,
14976,-4.16e-01,-7.80e+00,
14977,-3.96e-01,-7.80e+00,
14978,-3.80e-01,-7.80e+00,
14979,-3.56e-01,-7.80e+00,
14980,-3.28e-01,-7.80e+00,
14981,-2.96e-01,-7.80e+00,
14982,-2.52e-01,-8.40e+00,
14983,-2.20e-01,3.76e+01,
14984,-1.76e-01,3.18e+01,
14985,-1.36e-01,2.68e+01,
14986,-1.04e-01,2.24e+01,
14987,-6.40e-02,1.86e+01,
14988,-3.20e-02,1.54e+01,
14989,-4.00e-03,1.28e+01,
14990,2.80e-02,1.06e+01,
14991,6.00e-02,9.00e+00,
14992,8.00e-02,7.20e+00,
14993,9.60e-02,6.20e+00,
14994,1.12e-01,5.40e+00,
14995,1.32e-01,4.60e+00,
14996,1.40e-01,3.60e+00,
14997,1.52e-01,3.20e+00,
14998,1.64e-01,3.00e+00,
14999,1.76e-01,2.60e+00,
15000,1.80e-01,2.40e+00,
15001,1.88e-01,2.40e+00,
15002,1.88e-01,2.40e+00,
15003,2.00e-01,2.40e+00,
15004,1.96e-01,2.40e+00,
15005,2.04e-01,2.60e+00,
15006,2.00e-01,3.00e+00,
15007,2.04e-01,3.40e+00,
15008,2.04e-01,3.80e+00,
15009,2.00e-01,4.80e+00,
15010,1.96e-01,5.60e+00,
15011,1.96e-01,6.60e+00,
15012,1.84e-01,8.00e+00,
15013,1.76e-01,9.40e+00,
15014,1.60e-01,1.10e+01,
15015,1.48e-01,1.32e+01,
15016,1.20e-01,1.56e+01,
15017,1.00e-01,1.82e+01,
15018,6.80e-02,2.16e+01,
15019,4.40e-02,2.54e+01,
15020,4.00e-03,2.94e+01,
15021,-2.80e-02,3.40e+01,
15022,-6.40e-02,3.84e+01,
15023,-1.04e-01,-7.80e+00,
15024,-1.40e-01,-7.80e+00,
15025,-1.72e-01,-7.80e+00,
15026,-2.12e-01,-7.80e+00,
15027,-2.40e-01,-7.80e+00,
15028,-2.64e-01,-7.80e+00,
15029,-2.88e-01,-7.80e+00,
15030,-3.00e-01,-7.80e+00,
15031,-3.12e-01,-7.80e+00,
15032,-3.16e-01,-7.80e+00,
15033,-3.12e-01,-7.80e+00,
15034,-3.00e-01,-7.80e+00,
15035,-2.88e-01,-7.80e+00,
15036,-2.64e-01,-7.80e+00,
15037,-2.44e-01,-7.80e+00,
15038,-2.16e-01,-9.80e+00,
15039,-1.92e-01,3.74e+01,
15040,-1.60e-01,3.28e+01,
15041,-1.28e-01,2.86e+01,
15042,-1.00e-01,2.50e+01,
15043,-6.80e-02,2.18e+01,
15044,-4.00e-02,1.86e+01,
15045,-1.20e-02,1.62e+01,
15046,1.20e-02,1.40e+01,
15047,4.00e-02,1.22e+01,
15048,5.60e-02,1.04e+01,
15049,7.60e-02,9.20e+00,
15050,8.80e-02,8.40e+00,
15051,1.08e-01,7.20e+00,
15052,1.16e-01,6.40e+00,
15053,1.28e-01,6.00e+00,
15054,1.36e-01,5.60e+00,
15055,1.52e-01,5.20e+00,
15056,1.56e-01,5.00e+00,
15057,1.64e-01,4.80e+00,
15058,1.64e-01,5.00e+00,
15059,1.76e-01,5.00e+00,
15060,1.72e-01,5.20e+00,
15061,1.76e-01,5.60e+00,
15062,1.76e-01,5.80e+00,
15063,1.80e-01,6.40e+00,
15064,1.72e-01,7.00e+00,
15065,1.72e-01,8.00e+00,
15066,1.60e-01,9.00e+00,
15067,1.60e-01,1.02e+01,
15068,1.40e-01,1.14e+01,
15069,1.32e-01,1.30e+01,
15070,1.16e-01,1.48e+01,
15071,1.04e-01,1.72e+01,
15072,8.40e-02,1.96e+01,
15073,6.00e-02,2.20e+01,
15074,3.20e-02,2.50e+01,
15075,8.00e-03,2.86e+01,
15076,-2.00e-02,3.18e+01,
15077,-4.40e-02,3.52e+01,
15078,-8.00e-02,3.88e+01,
15079,-1.08e-01,-8.60e+00,
15080,-1.36e-01,-7.80e+00,
15081,-1.60e-01,-7.80e+00,
15082,-1.88e-01,-7.80e+00,
15083,-2.08e-01,-7.80e+00,
15084,-2.24e-01,-7.80e+00,
15085,-2.36e-01,-7.80e+00,
15086,-2.40e-01,-7.80e+00,
15087,-2.48e-01,-7.80e+00,
15088,-2.48e-01,-7.80e+00,
15089,-2.40e-01,-7.80e+00,
15090,-2.32e-01,-7.80e+00,
15091,-2.16e-01,-7.80e+00,
15092,-2.00e-01,-8.40e+00,
15093,-1.80e-01,3.92e+01,
15094,-1.56e-01,3.58e+01,
15095,-1.36e-01,3.28e+01,
15096,-1.16e-01,2.94e+01,
15097,-8.80e-02,2.64e+01,
15098,-6.40e-02,2.36e+01,
15099,-4.00e-02,2.12e+01,
15100,-2.00e-02,1.86e+01,
15101,0.00e+00,1.68e+01,
15102,2.00e-02,1.48e+01,
15103,4.40e-02,1.36e+01,
15104,5.60e-02,1.20e+01,
15105,7.20e-02,1.10e+01,
15106,8.40e-02,1.02e+01,
15107,1.00e-01,9.60e+00,
15108,1.08e-01,8.80e+00,
15109,1.16e-01,8.40e+00,
15110,1.24e-01,8.20e+00,
15111,1.32e-01,7.60e+00,
15112,1.32e-01,7.40e+00,
15113,1.40e-01,7.60e+00,
15114,1.40e-01,8.00e+00,
15115,1.48e-01,8.20e+00,
15116,1.48e-01,8.40e+00,
15117,1.48e-01,8.80e+00,
15118,1.40e-01,9.40e+00,
15119,1.48e-01,1.02e+01,
15120,1.32e-01,1.08e+01,
15121,1.28e-01,1.20e+01,
15122,1.20e-01,1.32e+01,
15123,1.12e-01,1.46e+01,
15124,1.00e-01,1.62e+01,
15125,8.80e-02,1.78e+01,
15126,7.20e-02,2.00e+01,
15127,5.20e-02,2.22e+01,
15128,2.80e-02,2.46e+01,
15129,1.20e-02,2.70e+01,
15130,-1.20e-02,2.96e+01,
15131,-3.20e-02,3.26e+01,
15132,-5.60e-02,3.52e+01,
15133,-8.00e-02,3.78e+01,
15134,-1.00e-01,4.00e+01,
15135,-1.20e-01,-8.40e+00,
15136,-1.40e-01,-7.80e+00,
15137,-1.56e-01,-7.80e+00,
15138,-1.72e-01,-7.80e+00,
15139,-1.80e-01,-7.80e+00,
15140,-1.92e-01,-7.80e+00,
15141,-1.96e-01,-7.80e+00,
15142,-1.96e-01,-7.80e+00,
15143,-1.96e-01,-7.80e+00,
15144,-1.92e-01,-7.80e+00,
15145,-1.76e-01,-9.00e+00,
15146,-1.64e-01,4.00e+01,
15147,-1.52e-01,3.80e+01,
15148,-1.36e-01,3.52e+01,
15149,-1.20e-01,3.24e+01,
15150,-1.04e-01,3.02e+01,
15151,-8.40e-02,2.78e+01,
15152,-6.40e-02,2.52e+01,
15153,-4.40e-02,2.30e+01,
15154,-2.80e-02,2.10e+01,
15155,-8.00e-03,1.94e+01,
15156,8.00e-03,1.76e+01,
15157,2.00e-02,1.62e+01,
15158,4.00e-02,1.48e+01,
15159,5.60e-02,1.38e+01,
15160,6.40e-02,1.28e+01,
15161,7.60e-02,1.22e+01,
15162,8.40e-02,1.14e+01,
15163,9.60e-02,1.10e+01,
15164,1.00e-01,1.06e+01,
15165,1.08e-01,1.04e+01,
15166,1.08e-01,1.02e+01,
15167,1.16e-01,1.04e+01,
15168,1.16e-01,1.02e+01,
15169,1.20e-01,1.06e+01,
15170,1.16e-01,1.08e+01,
15171,1.20e-01,1.14e+01,
15172,1.16e-01,1.20e+01,
15173,1.12e-01,1.26e+01,
15174,1.08e-01,1.34e+01,
15175,1.08e-01,1.44e+01,
15176,9.60e-02,1.54e+01,
15177,8.80e-02,1.68e+01,
15178,7.60e-02,1.80e+01,
15179,6.80e-02,1.98e+01,
15180,5.60e-02,2.12e+01,
15181,4.00e-02,2.34e+01,
15182,2.00e-02,2.50e+01,
15183,4.00e-03,2.74e+01,
15184,-1.60e-02,2.92e+01,
15185,-2.80e-02,3.14e+01,
15186,-4.80e-02,3.32e+01,
15187,-6.40e-02,3.56e+01,
15188,-8.40e-02,3.74e+01,
15189,-1.04e-01,3.88e+01,
15190,-1.16e-01,4.02e+01,
15191,-1.28e-01,-9.60e+00,
15192,-1.40e-01,-8.80e+00,
15193,-1.48e-01,-8.60e+00,
15194,-1.52e-01,-8.60e+00,
15195,-1.56e-01,-8.40e+00,
15196,-1.52e-01,-9.20e+00,
15197,-1.52e-01,-1.00e+01,
15198,-1.48e-01,3.98e+01,
15199,-1.44e-01,3.86e+01,
15200,-1.36e-01,3.68e+01,
15201,-1.24e-01,3.50e+01,
15202,-1.12e-01,3.30e+01,
15203,-1.00e-01,3.14e+01,
15204,-8.40e-02,2.90e+01,
15205,-6.40e-02,2.72e+01,
15206,-5.20e-02,2.52e+01,
15207,-3.60e-02,2.36e+01,
15208,-2.40e-02,2.18e+01,
15209,-1.20e-02,2.04e+01,
15210,4.00e-03,1.90e+01,
15211,1.60e-02,1.78e+01,
15212,2.80e-02,1.66e+01,
15213,4.40e-02,1.58e+01,
15214,5.20e-02,1.50e+01,
15215,6.40e-02,1.42e+01,
15216,7.20e-02,1.36e+01,
15217,7.60e-02,1.32e+01,
15218,8.00e-02,1.30e+01,
15219,8.80e-02,1.28e+01,
15220,9.20e-02,1.26e+01,
15221,9.60e-02,1.26e+01,
15222,9.60e-02,1.28e+01,
15223,1.00e-01,1.30e+01,
15224,9.60e-02,1.34e+01,
15225,9.60e-02,1.38e+01,
15226,9.20e-02,1.42e+01,
15227,9.60e-02,1.50e+01,
15228,8.80e-02,1.58e+01,
15229,8.00e-02,1.66e+01,
15230,7.20e-02,1.76e+01,
15231,6.80e-02,1.90e+01,
15232,5.60e-02,2.02e+01,
15233,4.80e-02,2.12e+01,
15234,3.20e-02,2.30e+01,
15235,2.00e-02,2.46e+01,
15236,8.00e-03,2.60e+01,
15237,-8.00e-03,2.76e+01,
15238,-2.00e-02,2.92e+01,
15239,-3.20e-02,3.10e+01,
15240,-4.40e-02,3.24e+01,
15241,-6.00e-02,3.40e+01,
15242,-7.60e-02,3.52e+01,
15243,-8.80e-02,3.66e+01,
15244,-1.00e-01,3.76e+01,
15245,-1.08e-01,3.80e+01,
15246,-1.16e-01,3.86e+01,
15247,-1.20e-01,3.90e+01,
15248,-1.24e-01,3.88e+01,
15249,-1.24e-01,3.84e+01,
15250,-1.24e-01,3.80e+01,
15251,-1.20e-01,3.74e+01,
15252,-1.16e-01,3.60e+01,
15253,-1.12e-01,3.50e+01,
15254,-1.08e-01,3.38e+01,
15255,-9.60e-02,3.24e+01,
15256,-8.80e-02,3.08e+01,
15257,-7.60e-02,2.92e+01,
15258,-6.40e-02,2.78e+01,
15259,-4.80e-02,2.64e+01,
15260,-4.00e-02,2.48e+01,
15261,-2.80e-02,2.34e+01,
15262,-1.60e-02,2.20e+01,
15263,-4.00e-03,2.10e+01,
15264,4.00e-03,1.98e+01,
15265,1.60e-02,1.86e+01,
15266,2.00e-02,1.78e+01,
15267,4.00e-02,1.72e+01,
15268,4.40e-02,1.64e+01,
15269,5.20e-02,1.58e+01,
15270,6.00e-02,1.56e+01,
15271,6.40e-02,1.54e+01,
15272,6.80e-02,1.48e+01,
15273,7.20e-02,1.46e+01,
15274,7.60e-02,1.46e+01,
15275,8.00e-02,1.48e+01,
15276,7.60e-02,1.48e+01,
15277,8.00e-02,1.50e+01,
15278,7.60e-02,1.56e+01,
15279,8.00e-02,1.62e+01,
15280,7.20e-02,1.66e+01,
15281,7.20e-02,1.72e+01,
15282,6.40e-02,1.80e+01,
15283,6.00e-02,1.90e+01,
15284,5.20e-02,1.98e+01,
15285,4.80e-02,2.06e+01,
15286,3.20e-02,2.18e+01,
15287,2.80e-02,2.32e+01,
15288,1.60e-02,2.42e+01,
15289,8.00e-03,2.54e+01,
15290,-4.00e-03,2.68e+01,
15291,-1.60e-02,2.82e+01,
15292,-2.80e-02,2.92e+01,
15293,-3.60e-02,3.06e+01,
15294,-4.80e-02,3.16e+01,
15295,-5.60e-02,3.30e+01,
15296,-6.80e-02,3.38e+01,
15297,-8.00e-02,3.46e+01,
15298,-8.40e-02,3.50e+01,
15299,-8.80e-02,3.56e+01,
15300,-9.60e-02,3.58e+01,
15301,-1.00e-01,3.58e+01,
15302,-1.00e-01,3.56e+01,
15303,-1.00e-01,3.54e+01,
15304,-1.00e-01,3.48e+01,
15305,-9.60e-02,3.40e+01,
15306,-9.60e-02,3.30e+01,
15307,-8.80e-02,3.22e+01,
15308,-8.40e-02,3.12e+01,
15309,-7.60e-02,3.00e+01,
15310,-6.40e-02,2.88e+01,
15311,-5.60e-02,2.78e+01,
15312,-4.80e-02,2.66e+01,
15313,-3.60e-02,2.52e+01,
15314,-2.80e-02,2.40e+01,
15315,-1.60e-02,2.32e+01,
15316,-1.20e-02,2.20e+01,
15317,0.00e+00,2.10e+01,
15318,8.00e-03,2.02e+01,
15319,1.60e-02,1.96e+01,
15320,2.40e-02,1.86e+01,
15321,2.80e-02,1.80e+01,
15322,3.20e-02,1.76e+01,
15323,4.80e-02,1.74e+01,
15324,4.80e-02,1.68e+01,
15325,5.20e-02,1.68e+01,
15326,5.60e-02,1.66e+01,
15327,6.00e-02,1.66e+01,
15328,6.40e-02,1.66e+01,
15329,6.40e-02,1.66e+01,
15330,6.00e-02,1.68e+01,
15331,6.40e-02,1.72e+01,
15332,6.00e-02,1.74e+01,
15333,6.00e-02,1.78e+01,
15334,5.60e-02,1.84e+01,
15335,5.60e-02,1.94e+01,
15336,4.80e-02,1.98e+01,
15337,4.40e-02,2.04e+01,
15338,3.20e-02,2.14e+01,
15339,2.80e-02,2.24e+01,
15340,2.00e-02,2.34e+01,
15341,1.20e-02,2.42e+01,
15342,4.00e-03,2.52e+01,
15343,-4.00e-03,2.66e+01,
15344,-1.20e-02,2.72e+01,
15345,-2.40e-02,2.82e+01,
15346,-3.20e-02,2.90e+01,
15347,-3.60e-02,3.04e+01,
15348,-4.80e-02,3.10e+01,
15349,-5.20e-02,3.16e+01,
15350,-6.00e-02,3.22e+01,
15351,-6.40e-02,3.30e+01,
15352,-6.80e-02,3.32e+01,
15353,-8.00e-02,3.32e+01,
15354,-8.00e-02,3.32e+01,
15355,-8.40e-02,3.34e+01,
15356,-8.40e-02,3.30e+01,
15357,-8.00e-02,3.26e+01,
15358,-8.00e-02,3.22e+01,
15359,-7.60e-02,3.18e+01,
15360,-6.80e-02,3.08e+01,
15361,-6.40e-02,3.00e+01,
15362,-6.00e-02,2.90e+01,
15363,-5.20e-02,2.84e+01,
15364,-4.80e-02,2.72e+01,
15365,-4.00e-02,2.64e+01,
15366,-3.20e-02,2.54e+01,
15367,-2.40e-02,2.46e+01,
15368,-2.00e-02,2.36e+01,
15369,-1.20e-02,2.28e+01,
15370,-4.00e-03,2.20e+01,
15371,4.00e-03,2.14e+01,
15372,8.00e-03,2.06e+01,
15373,1.60e-02,2.00e+01,
15374,2.00e-02,1.96e+01,
15375,2.80e-02,1.92e+01,
15376,3.20e-02,1.86e+01,
15377,4.00e-02,1.82e+01,
15378,4.00e-02,1.80e+01,
15379,4.80e-02,1.80e+01,
15380,4.80e-02,1.78e+01,
15381,4.80e-02,1.78e+01,
15382,5.20e-02,1.80e+01,
15383,5.20e-02,1.82e+01,
15384,5.20e-02,1.84e+01,
15385,4.80e-02,1.86e+01,
15386,4.80e-02,1.92e+01,
15387,4.40e-02,1.96e+01,
15388,4.00e-02,2.02e+01,
15389,4.00e-02,2.08e+01,
15390,2.80e-02,2.14e+01,
15391,2.80e-02,2.20e+01,
15392,2.00e-02,2.28e+01,
15393,1.60e-02,2.36e+01,
15394,8.00e-03,2.42e+01,
15395,4.00e-03,2.52e+01,
15396,-4.00e-03,2.58e+01,
15397,-1.20e-02,2.68e+01,
15398,-2.00e-02,2.76e+01,
15399,-2.40e-02,2.84e+01,
15400,-3.20e-02,2.90e+01,
15401,-3.60e-02,2.96e+01,
15402,-4.40e-02,3.04e+01,
15403,-4.80e-02,3.10e+01,
15404,-5.20e-02,3.12e+01,
15405,-5.60e-02,3.14e+01,
15406,-6.00e-02,3.14e+01,
15407,-6.00e-02,3.18e+01,
15408,-6.40e-02,3.16e+01,
15409,-6.40e-02,3.12e+01,
15410,-6.40e-02,3.10e+01,
15411,-6.00e-02,3.08e+01,
15412,-6.00e-02,3.04e+01,
15413,-6.00e-02,2.94e+01,
15414,-5.60e-02,2.88e+01,
15415,-5.20e-02,2.84e+01,
15416,-4.40e-02,2.76e+01,
15417,-4.00e-02,2.70e+01,
15418,-3.60e-02,2.60e+01,
15419,-2.80e-02,2.54e+01,
15420,-2.40e-02,2.46e+01,
15421,-2.00e-02,2.38e+01,
15422,-1.20e-02,2.32e+01,
15423,-4.00e-03,2.28e+01,
15424,0.00e+00,2.20e+01,
15425,8.00e-03,2.14e+01,
15426,8.00e-03,2.10e+01,
15427,1.60e-02,2.06e+01,
15428,1.60e-02,2.02e+01,
15429,2.40e-02,1.98e+01,
15430,2.80e-02,1.96e+01,
15431,3.20e-02,1.96e+01,
15432,3.20e-02,1.94e+01,
15433,4.00e-02,1.92e+01,
15434,3.20e-02,1.92e+01,
15435,4.40e-02,1.96e+01,
15436,4.00e-02,1.96e+01,
15437,4.00e-02,1.96e+01,
15438,4.00e-02,2.00e+01,
15439,4.00e-02,2.04e+01,
15440,3.20e-02,2.04e+01,
15441,2.80e-02,2.10e+01,
15442,2.40e-02,2.14e+01,
15443,2.40e-02,2.22e+01,
15444,1.60e-02,2.24e+01,
15445,1.60e-02,2.32e+01,
15446,8.00e-03,2.38e+01,
15447,4.00e-03,2.44e+01,
15448,0.00e+00,2.50e+01,
15449,-4.00e-03,2.56e+01,
15450,-1.20e-02,2.64e+01,
15451,-1.60e-02,2.72e+01,
15452,-2.40e-02,2.76e+01,
15453,-2.80e-02,2.80e+01,
15454,-3.20e-02,2.84e+01,
15455,-3.60e-02,2.92e+01,
15456,-4.00e-02,2.94e+01,
15457,-4.40e-02,2.96e+01,
15458,-4.80e-02,3.00e+01,
15459,-4.80e-02,3.02e+01,
15460,-5.20e-02,3.02e+01,
15461,-5.20e-02,3.00e+01,
15462,-5.20e-02,3.00e+01,
15463,-5.20e-02,3.00e+01,
15464,-5.20e-02,2.92e+01,
15465,-5.20e-02,2.90e+01,
15466,-4.80e-02,2.86e+01,
15467,-4.40e-02,2.82e+01,
15468,-4.00e-02,2.76e+01,
15469,-4.00e-02,2.70e+01,
15470,-3.60e-02,2.64e+01,
15471,-3.20e-02,2.60e+01,
15472,-2.80e-02,2.52e+01,
15473,-2.00e-02,2.46e+01,
15474,-2.00e-02,2.40e+01,
15475,-8.00e-03,2.38e+01,
15476,-8.00e-03,2.32e+01,
15477,-4.00e-03,2.24e+01,
15478,4.00e-03,2.20e+01,
15479,8.00e-03,2.16e+01,
15480,8.00e-03,2.12e+01,
15481,1.20e-02,2.08e+01,
15482,1.60e-02,2.08e+01,
15483,2.40e-02,2.06e+01,
15484,2.40e-02,2.04e+01,
15485,2.40e-02,2.02e+01,
15486,2.40e-02,2.02e+01,
15487,2.80e-02,2.04e+01,
15488,2.80e-02,2.02e+01,
15489,2.80e-02,2.04e+01,
15490,2.40e-02,2.04e+01,
15491,2.80e-02,2.08e+01,
15492,2.40e-02,2.10e+01,
15493,2.40e-02,2.12e+01,
15494,2.00e-02,2.16e+01,
15495,2.00e-02,2.22e+01,
15496,1.60e-02,2.24e+01,
15497,1.60e-02,2.30e+01,
15498,8.00e-03,2.36e+01,
15499,8.00e-03,2.42e+01,
15500,0.00e+00,2.46e+01,
15501,-4.00e-03,2.48e+01,
15502,-8.00e-03,2.54e+01,
15503,-8.00e-03,2.60e+01,
15504,-1.60e-02,2.66e+01,
15505,-2.00e-02,2.70e+01,
15506,-2.40e-02,2.74e+01,
15507,-2.80e-02,2.80e+01,
15508,-3.20e-02,2.82e+01,
15509,-3.60e-02,2.84e+01,
15510,-3.60e-02,2.86e+01,
15511,-4.00e-02,2.90e+01,
15512,-4.40e-02,2.88e+01,
15513,-4.40e-02,2.88e+01,
15514,-4.40e-02,2.88e+01,
15515,-4.40e-02,2.88e+01,
15516,-4.40e-02,2.88e+01,
15517,-4.40e-02,2.82e+01,
15518,-4.00e-02,2.80e+01,
15519,-4.00e-02,2.80e+01,
15520,-4.00e-02,2.74e+01,
15521,-3.60e-02,2.70e+01,
15522,-3.60e-02,2.66e+01,
15523,-3.20e-02,2.64e+01,
15524,-2.80e-02,2.56e+01,
15525,-2.40e-02,2.50e+01,
15526,-1.60e-02,2.46e+01,
15527,-1.20e-02,2.44e+01,
15528,-1.20e-02,2.38e+01,
15529,-8.00e-03,2.34e+01,
15530,-8.00e-03,2.30e+01,
15531,0.00e+00,2.28e+01,
15532,4.00e-03,2.22e+01,
15533,8.00e-03,2.18e+01,
15534,1.20e-02,2.16e+01,
15535,1.60e-02,2.16e+01,
15536,1.60e-02,2.12e+01,
15537,2.00e-02,2.12e+01,
15538,1.60e-02,2.10e+01,
15539,2.00e-02,2.12e+01,
15540,2.00e-02,2.10e+01,
15541,2.00e-02,2.10e+01,
15542,2.00e-02,2.12e+01,
15543,2.40e-02,2.14e+01,
15544,1.60e-02,2.14e+01,
15545,2.00e-02,2.16e+01,
15546,1.60e-02,2.18e+01,
15547,1.60e-02,2.24e+01,
15548,1.20e-02,2.28e+01,
15549,1.20e-02,2.30e+01,
15550,8.00e-03,2.34e+01,
15551,8.00e-03,2.38e+01,
15552,0.00e+00,2.42e+01,
15553,0.00e+00,2.46e+01,
15554,-8.00e-03,2.48e+01,
15555,-4.00e-03,2.54e+01,
15556,-1.20e-02,2.56e+01,
15557,-1.60e-02,2.60e+01,
15558,-2.00e-02,2.66e+01,
15559,-2.00e-02,2.70e+01,
15560,-2.40e-02,2.72e+01,
15561,-2.40e-02,2.74e+01,
15562,-2.80e-02,2.76e+01,
15563,-2.80e-02,2.80e+01,
15564,-3.20e-02,2.80e+01,
15565,-3.60e-02,2.80e+01,
15566,-3.60e-02,2.80e+01,
15567,-3.60e-02,2.82e+01,
15568,-3.60e-02,2.80e+01,
15569,-3.60e-02,2.78e+01,
15570,-3.60e-02,2.76e+01,
15571,-3.60e-02,2.76e+01,
15572,-3.20e-02,2.72e+01,
15573,-3.20e-02,2.70e+01,
15574,-3.20e-02,2.66e+01,
15575,-2.80e-02,2.66e+01,
15576,-2.40e-02,2.58e+01,
15577,-2.00e-02,2.54e+01,
15578,-2.00e-02,2.50e+01,
15579,-1.60e-02,2.48e+01,
15580,-1.20e-02,2.44e+01,
15581,-1.20e-02,2.40e+01,
15582,-8.00e-03,2.36e+01,
15583,-4.00e-03,2.34e+01,
15584,0.00e+00,2.30e+01,
15585,4.00e-03,2.28e+01,
15586,0.00e+00,2.24e+01,
15587,4.00e-03,2.24e+01,
15588,8.00e-03,2.20e+01,
15589,8.00e-03,2.18e+01,
15590,8.00e-03,2.18e+01,
15591,1.60e-02,2.18e+01,
15592,1.20e-02,2.18e+01,
15593,1.60e-02,2.18e+01,
15594,1.20e-02,2.18e+01,
15595,1.60e-02,2.20e+01,
15596,1.20e-02,2.20e+01,
15597,1.20e-02,2.20e+01,
15598,1.20e-02,2.22e+01,
15599,1.20e-02,2.24e+01,
15600,1.20e-02,2.28e+01,
15601,8.00e-03,2.30e+01,
15602,4.00e-03,2.34e+01,
15603,8.00e-03,2.38e+01,
15604,4.00e-03,2.40e+01,
15605,0.00e+00,2.42e+01,
15606,-4.00e-03,2.46e+01,
15607,-4.00e-03,2.50e+01,
15608,-8.00e-03,2.52e+01,
15609,-1.20e-02,2.54e+01,
15610,-1.60e-02,2.58e+01,
15611,-1.60e-02,2.64e+01,
15612,-2.00e-02,2.66e+01,
15613,-2.00e-02,2.68e+01,
15614,-2.40e-02,2.68e+01,
15615,-2.40e-02,2.72e+01,
15616,-2.80e-02,2.72e+01,
15617,-2.80e-02,2.72e+01,
15618,-3.20e-02,2.74e+01,
15619,-2.80e-02,2.76e+01,
15620,-3.20e-02,2.74e+01,
15621,-3.20e-02,2.72e+01,
15622,-3.20e-02,2.70e+01,
15623,-2.80e-02,2.72e+01,
15624,-3.20e-02,2.68e+01,
15625,-2.40e-02,2.68e+01,
15626,-2.80e-02,2.64e+01,
15627,-2.80e-02,2.64e+01,
15628,-2.40e-02,2.58e+01,
15629,-2.40e-02,2.54e+01,
15630,-2.00e-02,2.52e+01,
15631,-1.60e-02,2.50e+01,
15632,-1.60e-02,2.46e+01,
15633,-1.20e-02,2.44e+01,
15634,-1.20e-02,2.40e+01,
15635,-8.00e-03,2.40e+01,
15636,-4.00e-03,2.36e+01,
15637,-4.00e-03,2.32e+01,
15638,-4.00e-03,2.30e+01,
15639,0.00e+00,2.30e+01,
15640,4.00e-03,2.28e+01,
15641,4.00e-03,2.24e+01,
15642,4.00e-03,2.24e+01,
15643,8.00e-03,2.24e+01,
15644,8.00e-03,2.22e+01,
15645,1.20e-02,2.22e+01,
15646,1.20e-02,2.22e+01,
15647,1.20e-02,2.24e+01,
15648,8.00e-03,2.22e+01,
15649,1.20e-02,2.24e+01,
15650,8.00e-03,2.24e+01,
15651,1.20e-02,2.30e+01,
15652,8.00e-03,2.30e+01,
15653,8.00e-03,2.32e+01,
15654,4.00e-03,2.34e+01,
15655,8.00e-03,2.38e+01,
15656,4.00e-03,2.38e+01,
15657,0.00e+00,2.40e+01,
15658,-4.00e-03,2.42e+01,
15659,0.00e+00,2.48e+01,
15660,-8.00e-03,2.48e+01,
15661,-8.00e-03,2.50e+01,
15662,-1.20e-02,2.52e+01,
15663,-1.20e-02,2.56e+01,
15664,-1.60e-02,2.58e+01,
15665,-1.60e-02,2.60e+01,
15666,-2.00e-02,2.64e+01,
15667,-2.00e-02,2.66e+01,
15668,-2.00e-02,2.68e+01,
15669,-2.40e-02,2.68e+01,
15670,-2.80e-02,2.68e+01,
15671,-2.40e-02,2.70e+01,
15672,-2.80e-02,2.68e+01,
15673,-2.80e-02,2.68e+01,
15674,-2.80e-02,2.68e+01,
15675,-2.40e-02,2.68e+01,
15676,-2.40e-02,2.66e+01,
15677,-2.40e-02,2.64e+01,
15678,-2.40e-02,2.60e+01,
15679,-2.40e-02,2.60e+01,
15680,-2.00e-02,2.58e+01,
15681,-2.00e-02,2.54e+01,
15682,-2.00e-02,2.52e+01,
15683,-1.60e-02,2.52e+01,
15684,-1.60e-02,2.48e+01,
15685,-1.20e-02,2.46e+01,
15686,-1.20e-02,2.44e+01,
15687,-8.00e-03,2.44e+01,
15688,-8.00e-03,2.40e+01,
15689,-8.00e-03,2.36e+01,
15690,-4.00e-03,2.36e+01,
15691,0.00e+00,2.36e+01,
15692,0.00e+00,2.32e+01,
15693,0.00e+00,2.30e+01,
15694,0.00e+00,2.30e+01,
15695,4.00e-03,2.30e+01,
15696,4.00e-03,2.28e+01,
15697,4.00e-03,2.24e+01,
15698,4.00e-03,2.28e+01,
15699,8.00e-03,2.28e+01,
15700,8.00e-03,2.30e+01,
15701,8.00e-03,2.28e+01,
15702,8.00e-03,2.30e+01,
15703,8.00e-03,2.32e+01,
15704,8.00e-03,2.32e+01,
15705,4.00e-03,2.34e+01,
15706,4.00e-03,2.34e+01,
15707,4.00e-03,2.36e+01,
15708,0.00e+00,2.38e+01,
15709,0.00e+00,2.40e+01,
15710,0.00e+00,2.42e+01,
15711,-4.00e-03,2.46e+01,
15712,-4.00e-03,2.46e+01,
15713,-8.00e-03,2.48e+01,
15714,-8.00e-03,2.50e+01,
15715,-8.00e-03,2.52e+01,
15716,-1.20e-02,2.54e+01,
15717,-1.60e-02,2.54e+01,
15718,-1.60e-02,2.56e+01,
15719,-1.60e-02,2.60e+01,
15720,-1.60e-02,2.58e+01,
15721,-2.00e-02,2.60e+01,
15722,-2.00e-02,2.60e+01,
15723,-2.00e-02,2.66e+01,
15724,-2.00e-02,2.66e+01,
15725,-2.40e-02,2.64e+01,
15726,-2.40e-02,2.60e+01,
15727,-2.00e-02,2.66e+01,
15728,-2.40e-02,2.60e+01,
15729,-2.00e-02,2.60e+01,
15730,-2.40e-02,2.58e+01,
15731,-2.00e-02,2.58e+01,
15732,-2.00e-02,2.56e+01,
15733,-2.00e-02,2.56e+01,
15734,-2.00e-02,2.52e+01,
15735,-1.60e-02,2.54e+01,
15736,-1.60e-02,2.48e+01,
15737,-1.60e-02,2.48e+01,
15738,-1.60e-02,2.46e+01,
15739,-1.20e-02,2.46e+01,
15740,-8.00e-03,2.42e+01,
15741,-8.00e-03,2.40e+01,
15742,-8.00e-03,2.40e+01,
15743,-4.00e-03,2.40e+01,
15744,-4.00e-03,2.36e+01,
15745,0.00e+00,2.34e+01,
15746,-4.00e-03,2.34e+01,
15747,0.00e+00,2.34e+01,
15748,0.00e+00,2.32e+01,
15749,4.00e-03,2.32e+01,
15750,4.00e-03,2.32e+01,
15751,4.00e-03,2.32e+01,
15752,4.00e-03,2.30e+01,
15753,4.00e-03,2.32e+01,
15754,4.00e-03,2.32e+01,
15755,4.00e-03,2.34e+01,
15756,4.00e-03,2.34e+01,
15757,4.00e-03,2.34e+01,
15758,0.00e+00,2.36e+01,
15759,4.00e-03,2.38e+01,
15760,0.00e+00,2.38e+01,
15761,0.00e+00,2.40e+01,
15762,-4.00e-03,2.40e+01,
15763,-4.00e-03,2.44e+01,
15764,-4.00e-03,2.44e+01,
15765,-8.00e-03,2.46e+01,
15766,-8.00e-03,2.46e+01,
15767,-8.00e-03,2.50e+01,
15768,-1.20e-02,2.50e+01,
15769,-1.20e-02,2.52e+01,
15770,-1.20e-02,2.54e+01,
15771,-1.20e-02,2.56e+01,
15772,-1.60e-02,2.56e+01,
15773,-1.60e-02,2.56e+01,
15774,-2.00e-02,2.56e+01,
15775,-1.60e-02,2.60e+01,
15776,-2.00e-02,2.58e+01,
15777,-2.00e-02,2.60e+01,
15778,-2.00e-02,2.58e+01,
15779,-2.00e-02,2.60e+01,
15780,-2.00e-02,2.58e+01,
15781,-2.00e-02,2.56e+01,
15782,-2.00e-02,2.56e+01,
15783,-2.00e-02,2.56e+01,
15784,-2.00e-02,2.56e+01,
15785,-2.00e-02,2.54e+01,
15786,-1.60e-02,2.52e+01,
15787,-1.60e-02,2.52e+01,
15788,-1.60e-02,2.50e+01,
15789,-1.60e-02,2.48e+01,
15790,-1.60e-02,2.46e+01,
15791,-1.20e-02,2.46e+01,
15792,-1.20e-02,2.44e+01,
15793,-8.00e-03,2.42e+01,
15794,-8.00e-03,2.42e+01,
15795,-8.00e-03,2.42e+01,
15796,-8.00e-03,2.40e+01,
15797,-4.00e-03,2.38e+01,
15798,-4.00e-03,2.36e+01,
15799,0.00e+00,2.38e+01,
15800,-4.00e-03,2.36e+01,
15801,-4.00e-03,2.34e+01,
15802,0.00e+00,2.34e+01,
15803,4.00e-03,2.36e+01,
15804,0.00e+00,2.34e+01,
15805,0.00e+00,2.34e+01,
15806,0.00e+00,2.34e+01,
15807,4.00e-03,2.36e+01,
15808,0.00e+00,2.36e+01,
15809,0.00e+00,2.36e+01,
15810,0.00e+00,2.38e+01,
15811,0.00e+00,2.38e+01,
15812,0.00e+00,2.40e+01,
15813,0.00e+00,2.40e+01,
15814,-4.00e-03,2.40e+01,
15815,0.00e+00,2.44e+01,
15816,-4.00e-03,2.44e+01,
15817,-4.00e-03,2.44e+01,
15818,-8.00e-03,2.46e+01,
15819,-4.00e-03,2.48e+01,
15820,-8.00e-03,2.48e+01,
15821,-8.00e-03,2.48e+01,
15822,-1.20e-02,2.50e+01,
15823,-1.20e-02,2.54e+01,
15824,-1.20e-02,2.54e+01,
15825,-1.60e-02,2.52e+01,
15826,-1.60e-02,2.54e+01,
15827,-1.60e-02,2.56e+01,
15828,-1.60e-02,2.56e+01,
15829,-1.60e-02,2.56e+01,
15830,-1.60e-02,2.56e+01,
15831,-1.60e-02,2.56e+01,
15832,-1.60e-02,2.56e+01,
15833,-1.60e-02,2.54e+01,
15834,-2.00e-02,2.56e+01,
15835,-1.60e-02,2.56e+01,
15836,-1.60e-02,2.54e+01,
15837,-1.60e-02,2.52e+01,
15838,-2.00e-02,2.52e+01,
15839,-1.20e-02,2.52e+01,
15840,-1.60e-02,2.50e+01,
15841,-1.20e-02,2.48e+01,
15842,-1.60e-02,2.48e+01,
15843,-1.20e-02,2.48e+01,
15844,-1.20e-02,2.46e+01,
15845,-1.20e-02,2.44e+01,
15846,-8.00e-03,2.42e+01,
15847,-4.00e-03,2.44e+01,
15848,-4.00e-03,2.40e+01,
15849,-8.00e-03,2.40e+01,
15850,-8.00e-03,2.40e+01,
15851,-4.00e-03,2.40e+01,
15852,-4.00e-03,2.38e+01,
15853,-4.00e-03,2.36e+01,
15854,-4.00e-03,2.36e+01,
15855,-4.00e-03,2.38e+01,
15856,0.00e+00,2.36e+01,
15857,0.00e+00,2.36e+01,
15858,-4.00e-03,2.36e+01,
15859,0.00e+00,2.38e+01,
15860,-4.00e-03,2.38e+01,
15861,0.00e+00,2.36e+01,
15862,-4.00e-03,2.38e+01,
15863,0.00e+00,2.40e+01,
15864,0.00e+00,2.38e+01,
15865,0.00e+00,2.40e+01,
15866,-4.00e-03,2.40e+01,
15867,-4.00e-03,2.44e+01,
15868,-4.00e-03,2.44e+01,
15869,-4.00e-03,2.44e+01,
15870,-8.00e-03,2.44e+01,
15871,-8.00e-03,2.48e+01,
15872,-8.00e-03,2.46e+01,
15873,-8.00e-03,2.48e+01,
15874,-8.00e-03,2.48e+01,
15875,-1.20e-02,2.50e+01,
15876,-1.20e-02,2.50e+01,
15877,-1.20e-02,2.50e+01,
15878,-1.20e-02,2.52e+01,
15879,-1.20e-02,2.54e+01,
15880,-1.20e-02,2.52e+01,
15881,-1.60e-02,2.52e+01,
15882,-1.60e-02,2.54e+01,
15883,-1.60e-02,2.54e+01,
15884,-1.60e-02,2.54e+01,
15885,-1.60e-02,2.54e+01,
15886,-1.60e-02,2.54e+01,
15887,-1.60e-02,2.54e+01,
15888,-1.60e-02,2.52e+01,
15889,-1.20e-02,2.52e+01,
15890,-1.60e-02,2.52e+01,
15891,-1.20e-02,2.52e+01,
15892,-1.60e-02,2.52e+01,
15893,-1.60e-02,2.50e+01,
15894,-1.60e-02,2.48e+01,
15895,-1.20e-02,2.50e+01,
15896,-1.20e-02,2.46e+01,
15897,-8.00e-03,2.44e+01,
15898,-1.20e-02,2.44e+01,
15899,-8.00e-03,2.44e+01,
15900,-8.00e-03,2.42e+01,
15901,-8.00e-03,2.40e+01,
15902,-8.00e-03,2.40e+01,
15903,-4.00e-03,2.42e+01,
15904,-8.00e-03,2.40e+01,
15905,-4.00e-03,2.40e+01,
15906,-8.00e-03,2.38e+01,
15907,-4.00e-03,2.40e+01,
15908,-4.00e-03,2.38e+01,
15909,-4.00e-03,2.36e+01,
15910,-4.00e-03,2.38e+01,
15911,-4.00e-03,2.40e+01,
15912,0.00e+00,2.38e+01,
15913,0.00e+00,2.38e+01,
15914,-4.00e-03,2.38e+01,
15915,0.00e+00,2.40e+01,
15916,-4.00e-03,2.40e+01,
15917,-4.00e-03,2.38e+01,
15918,-4.00e-03,2.40e+01,
15919,-4.00e-03,2.44e+01,
15920,-8.00e-03,2.42e+01,
15921,-4.00e-03,2.42e+01,
15922,-8.00e-03,2.44e+01,
15923,-4.00e-03,2.46e+01,
15924,-8.00e-03,2.46e+01,
15925,-8.00e-03,2.46e+01,
15926,-1.20e-02,2.48e+01,
15927,-8.00e-03,2.50e+01,
15928,-8.00e-03,2.48e+01,
15929,-1.20e-02,2.48e+01,
15930,-1.20e-02,2.50e+01,
15931,-8.00e-03,2.52e+01,
15932,-1.20e-02,2.50e+01,
15933,-1.20e-02,2.50e+01,
15934,-1.20e-02,2.50e+01,
15935,-1.20e-02,2.54e+01,
15936,-1.60e-02,2.52e+01,
15937,-1.60e-02,2.52e+01,
15938,-1.60e-02,2.52e+01,
15939,-1.20e-02,2.54e+01,
15940,-1.60e-02,2.52e+01,
15941,-1.60e-02,2.50e+01,
15942,-1.20e-02,2.50e+01,
15943,-1.20e-02,2.52e+01,
15944,-1.20e-02,2.50e+01,
15945,-1.20e-02,2.48e+01,
15946,-1.20e-02,2.48e+01,
15947,-1.20e-02,2.48e+01,
15948,-1.20e-02,2.46e+01,
15949,-1.20e-02,2.46e+01,
15950,-1.20e-02,2.46e+01,
15951,-8.00e-03,2.46e+01,
15952,-8.00e-03,2.44e+01,
15953,-8.00e-03,2.44e+01,
15954,-8.00e-03,2.42e+01,
15955,-8.00e-03,2.42e+01,
15956,-8.00e-03,2.40e+01,
15957,-4.00e-03,2.40e+01,
15958,-4.00e-03,2.40e+01,
15959,-4.00e-03,2.42e+01,
15960,-4.00e-03,2.40e+01,
15961,-4.00e-03,2.40e+01,
15962,-4.00e-03,2.40e+01,
15963,0.00e+00,2.40e+01,
15964,-4.00e-03,2.40e+01,
15965,-4.00e-03,2.38e+01,
15966,-4.00e-03,2.40e+01,
15967,-4.00e-03,2.42e+01,
15968,-4.00e-03,2.40e+01,
15969,-4.00e-03,2.40e+01,
15970,-8.00e-03,2.40e+01,
15971,-4.00e-03,2.42e+01,
15972,-4.00e-03,2.42e+01,
15973,-4.00e-03,2.42e+01,
15974,-8.00e-03,2.42e+01,
15975,-4.00e-03,2.46e+01,
15976,-8.00e-03,2.44e+01,
15977,-8.00e-03,2.46e+01,
15978,-1.20e-02,2.46e+01,
15979,-8.00e-03,2.48e+01,
15980,-8.00e-03,2.48e+01,
15981,-8.00e-03,2.46e+01,
15982,-1.20e-02,2.48e+01,
15983,-8.00e-03,2.50e+01,
15984,-1.20e-02,2.50e+01,
15985,-1.20e-02,2.50e+01,
15986,-1.20e-02,2.50e+01,
15987,-1.20e-02,2.54e+01,
15988,-1.60e-02,2.50e+01,
15989,-1.20e-02,2.50e+01,
15990,-1.60e-02,2.50e+01,
15991,-1.20e-02,2.52e+01,
15992,-1.20e-02,2.50e+01,
15993,-1.20e-02,2.50e+01,
15994,-1.20e-02,2.50e+01,
15995,-1.20e-02,2.52e+01,
15996,-1.20e-02,2.50e+01,
15997,-1.20e-02,2.48e+01,
15998,-1.20e-02,2.48e+01,
15999,-1.20e-02,2.50e+01,
16000,-1.20e-02,2.48e+01,
16001,-1.20e-02,2.46e+01,
16002,-1.20e-02,2.44e+01,
16003,-8.00e-03,2.46e+01,
16004,-1.20e-02,2.44e+01,
16005,-8.00e-03,2.44e+01,
16006,-8.00e-03,2.44e+01,
16007,-8.00e-03,2.44e+01,
16008,-8.00e-03,2.42e+01,
16009,-8.00e-03,2.42e+01,
16010,-8.00e-03,2.40e+01,
16011,-4.00e-03,2.42e+01,
16012,-8.00e-03,2.40e+01,
16013,-4.00e-03,2.40e+01,
16014,-8.00e-03,2.40e+01,
16015,-4.00e-03,2.42e+01,
16016,-4.00e-03,2.40e+01,
16017,-4.00e-03,2.40e+01,
16018,-8.00e-03,2.42e+01,
16019,-4.00e-03,2.42e+01,
16020,-4.00e-03,2.40e+01,
16021,-4.00e-03,2.40e+01,
16022,-4.00e-03,2.40e+01,
16023,-4.00e-03,2.44e+01,
16024,-4.00e-03,2.42e+01,
16025,-4.00e-03,2.42e+01,
16026,-8.00e-03,2.42e+01,
16027,-4.00e-03,2.46e+01,
16028,-8.00e-03,2.44e+01,
16029,-8.00e-03,2.44e+01,
16030,-8.00e-03,2.44e+01,
16031,-8.00e-03,2.48e+01,
16032,-8.00e-03,2.46e+01,
16033,-8.00e-03,2.46e+01,
16034,-1.20e-02,2.46e+01,
16035,-8.00e-03,2.50e+01,
16036,-1.20e-02,2.48e+01,
16037,-1.20e-02,2.48e+01,
16038,-1.20e-02,2.50e+01,
16039,-1.20e-02,2.50e+01,
16040,-1.20e-02,2.50e+01,
16041,-1.20e-02,2.48e+01,
16042,-1.60e-02,2.48e+01,
16043,-8.00e-03,2.50e+01,
16044,-1.20e-02,2.48e+01,
16045,-1.20e-02,2.48e+01,
16046,-1.20e-02,2.48e+01,
16047,-1.20e-02,2.50e+01,
16048,-1.20e-02,2.50e+01,
16049,-1.20e-02,2.48e+01,
16050,-1.20e-02,2.48e+01,
16051,-1.20e-02,2.48e+01,
16052,-1.20e-02,2.46e+01,
16053,-1.20e-02,2.46e+01,
16054,-1.20e-02,2.46e+01,
16055,-8.00e-03,2.48e+01,
16056,-1.20e-02,2.46e+01,
16057,-8.00e-03,2.44e+01,
16058,-1.20e-02,2.46e+01,
16059,-8.00e-03,2.46e+01,
16060,-8.00e-03,2.44e+01,
16061,-8.00e-03,2.42e+01,
16062,-8.00e-03,2.42e+01,
16063,-4.00e-03,2.44e+01,
16064,-8.00e-03,2.42e+01,
16065,-4.00e-03,2.42e+01,
16066,-8.00e-03,2.42e+01,
16067,-4.00e-03,2.42e+01,
16068,-4.00e-03,2.42e+01,
16069,-8.00e-03,2.40e+01,
16070,-8.00e-03,2.42e+01,
16071,-4.00e-03,2.42e+01,
16072,-8.00e-03,2.42e+01,
16073,-4.00e-03,2.42e+01,
16074,-8.00e-03,2.40e+01,
16075,-4.00e-03,2.44e+01,
16076,-8.00e-03,2.42e+01,
16077,-8.00e-03,2.42e+01,
16078,-8.00e-03,2.42e+01,
16079,-4.00e-03,2.44e+01,
16080,-8.00e-03,2.44e+01,
16081,-8.00e-03,2.44e+01,
16082,-8.00e-03,2.44e+01,
16083,-8.00e-03,2.46e+01,
16084,-8.00e-03,2.46e+01,
16085,-8.00e-03,2.46e+01,
16086,-8.00e-03,2.46e+01,
16087,-8.00e-03,2.48e+01,
16088,-1.20e-02,2.48e+01,
16089,-8.00e-03,2.48e+01,
16090,-1.20e-02,2.48e+01,
16091,-1.20e-02,2.50e+01,
16092,-1.20e-02,2.48e+01,
16093,-1.20e-02,2.48e+01,
16094,-1.20e-02,2.46e+01,
16095,-8.00e-03,2.50e+01,
16096,-1.20e-02,2.48e+01,
16097,-8.00e-03,2.48e+01,
16098,-1.20e-02,2.48e+01,
16099,-1.20e-02,2.50e+01,
16100,-1.20e-02,2.48e+01,
16101,-1.20e-02,2.48e+01,
16102,-1.20e-02,2.46e+01,
16103,-1.20e-02,2.48e+01,
16104,-1.20e-02,2.48e+01,
16105,-8.00e-03,2.46e+01,
16106,-1.20e-02,2.46e+01,
16107,-8.00e-03,2.46e+01,
16108,-1.20e-02,2.46e+01,
16109,-8.00e-03,2.44e+01,
16110,-8.00e-03,2.44e+01,
16111,-8.00e-03,2.44e+01,
16112,-8.00e-03,2.44e+01,
16113,-8.00e-03,2.44e+01,
16114,-8.00e-03,2.44e+01,
16115,-8.00e-03,2.44e+01,
16116,-8.00e-03,2.44e+01,
16117,-8.00e-03,2.42e+01,
16118,-8.00e-03,2.42e+01,
16119,-4.00e-03,2.44e+01,
16120,-8.00e-03,2.42e+01,
16121,-8.00e-03,2.42e+01,
16122,-8.00e-03,2.42e+01,
16123,-4.00e-03,2.44e+01,
16124,-4.00e-03,2.42e+01,
16125,-4.00e-03,2.42e+01,
16126,-8.00e-03,2.42e+01,
16127,-4.00e-03,2.44e+01,
16128,-4.00e-03,2.42e+01,
16129,-4.00e-03,2.42e+01,
16130,-8.00e-03,2.42e+01,
16131,-4.00e-03,2.44e+01,
16132,-8.00e-03,2.44e+01,
16133,-8.00e-03,2.44e+01,
16134,-8.00e-03,2.44e+01,
16135,-8.00e-03,2.46e+01,
16136,-8.00e-03,2.46e+01,
16137,-8.00e-03,2.44e+01,
16138,-8.00e-03,2.46e+01,
16139,-8.00e-03,2.48e+01,
16140,-8.00e-03,2.48e+01,
16141,-1.20e-02,2.46e+01,
16142,-1.20e-02,2.46e+01,
16143,-8.00e-03,2.48e+01,
16144,-8.00e-03,2.46e+01,
16145,-1.20e-02,2.46e+01,
16146,-1.20e-02,2.46e+01,
16147,-8.00e-03,2.48e+01,
16148,-1.20e-02,2.48e+01,
16149,-1.20e-02,2.46e+01,
16150,-1.20e-02,2.48e+01,
16151,-1.20e-02,2.50e+01,
16152,-1.20e-02,2.46e+01,
16153,-1.20e-02,2.48e+01,
16154,-1.20e-02,2.48e+01,
16155,-1.20e-02,2.48e+01,
16156,-1.20e-02,2.46e+01,
16157,-1.20e-02,2.46e+01,
16158,-1.20e-02,2.46e+01,
16159,-8.00e-03,2.48e+01,
16160,-8.00e-03,2.46e+01,
16161,-8.00e-03,2.44e+01,
16162,-1.20e-02,2.44e+01,
16163,-8.00e-03,2.46e+01,
16164,-8.00e-03,2.44e+01,
16165,-8.00e-03,2.44e+01,
16166,-8.00e-03,2.44e+01,
16167,-8.00e-03,2.46e+01,
16168,-8.00e-03,2.44e+01,
16169,-8.00e-03,2.42e+01,
16170,-8.00e-03,2.42e+01,
16171,-4.00e-03,2.44e+01,
16172,-4.00e-03,2.42e+01,
16173,-8.00e-03,2.42e+01,
16174,-8.00e-03,2.42e+01,
16175,-4.00e-03,2.44e+01,
16176,-8.00e-03,2.42e+01,
16177,-8.00e-03,2.42e+01,
16178,-8.00e-03,2.42e+01,
16179,-4.00e-03,2.44e+01,
16180,-8.00e-03,2.44e+01,
16181,-4.00e-03,2.42e+01,
16182,-8.00e-03,2.42e+01,
16183,-8.00e-03,2.46e+01,
16184,-8.00e-03,2.44e+01,
16185,-8.00e-03,2.44e+01,
16186,-8.00e-03,2.44e+01,
16187,-4.00e-03,2.46e+01,
16188,-8.00e-03,2.44e+01,
16189,-8.00e-03,2.44e+01,
16190,-1.20e-02,2.46e+01,
16191,-8.00e-03,2.46e+01,
16192,-8.00e-03,2.46e+01,
16193,-8.00e-03,2.46e+01,
16194,-1.20e-02,2.46e+01,
16195,-8.00e-03,2.48e+01,
16196,-8.00e-03,2.46e+01,
16197,-1.20e-02,2.46e+01,
16198,-1.20e-02,2.48e+01,
16199,-8.00e-03,2.48e+01,
16200,-8.00e-03,2.46e+01,
16201,-1.20e-02,2.46e+01,
16202,-1.20e-02,2.46e+01,
16203,-8.00e-03,2.48e+01,
16204,-1.20e-02,2.46e+01,
16205,-1.20e-02,2.46e+01,
16206,-1.20e-02,2.46e+01,
16207,-1.20e-02,2.48e+01,
16208,-1.20e-02,2.46e+01,
16209,-8.00e-03,2.46e+01,
16210,-1.20e-02,2.46e+01,
16211,-8.00e-03,2.46e+01,
16212,-1.20e-02,2.46e+01,
16213,-8.00e-03,2.46e+01,
16214,-1.20e-02,2.44e+01,
16215,-8.00e-03,2.46e+01,
16216,-8.00e-03,2.44e+01,
16217,-8.00e-03,2.44e+01,
16218,-1.20e-02,2.44e+01,
16219,-8.00e-03,2.46e+01,
16220,-8.00e-03,2.44e+01,
16221,-8.00e-03,2.42e+01,
16222,-8.00e-03,2.42e+01,
16223,-4.00e-03,2.44e+01,
16224,-8.00e-03,2.44e+01,
16225,-4.00e-03,2.42e+01,
16226,-8.00e-03,2.42e+01,
16227,-4.00e-03,2.44e+01,
16228,-8.00e-03,2.44e+01,
16229,-8.00e-03,2.42e+01,
16230,-8.00e-03,2.42e+01,
16231,-8.00e-03,2.44e+01,
16232,-4.00e-03,2.44e+01,
16233,-4.00e-03,2.42e+01,
16234,-8.00e-03,2.42e+01,
16235,-8.00e-03,2.46e+01,
16236,-8.00e-03,2.44e+01,
16237,-8.00e-03,2.44e+01,
16238,-8.00e-03,2.44e+01,
16239,-8.00e-03,2.46e+01,
16240,-8.00e-03,2.46e+01,
16241,-8.00e-03,2.44e+01,
16242,-1.20e-02,2.44e+01,
16243,-8.00e-03,2.46e+01,
16244,-8.00e-03,2.46e+01,
16245,-8.00e-03,2.44e+01,
16246,-1.20e-02,2.46e+01,
16247,-8.00e-03,2.48e+01,
16248,-1.20e-02,2.46e+01,
16249,-8.00e-03,2.46e+01,
16250,-1.20e-02,2.46e+01,
16251,-8.00e-03,2.48e+01,
16252,-1.20e-02,2.46e+01,
16253,-8.00e-03,2.46e+01,
16254,-8.00e-03,2.46e+01,
16255,-8.00e-03,2.48e+01,
16256,-1.20e-02,2.46e+01,
16257,-8.00e-03,2.46e+01,
16258,-1.20e-02,2.46e+01,
16259,-8.00e-03,2.48e+01,
16260,-8.00e-03,2.46e+01,
16261,-8.00e-03,2.46e+01,
16262,-1.20e-02,2.46e+01,
16263,-8.00e-03,2.48e+01,
16264,-8.00e-03,2.44e+01,
16265,-8.00e-03,2.44e+01,
16266,-1.20e-02,2.46e+01,
16267,-8.00e-03,2.46e+01,
16268,-1.20e-02,2.46e+01,
16269,-8.00e-03,2.44e+01,
16270,-8.00e-03,2.44e+01,
16271,-8.00e-03,2.46e+01,
16272,-8.00e-03,2.44e+01,
16273,-8.00e-03,2.44e+01,
16274,-8.00e-03,2.44e+01,
16275,-8.00e-03,2.46e+01,
16276,-8.00e-03,2.42e+01,
16277,-8.00e-03,2.44e+01,
16278,-8.00e-03,2.44e+01,
16279,-8.00e-03,2.44e+01,
16280,-8.00e-03,2.44e+01,
16281,-8.00e-03,2.42e+01,
16282,-8.00e-03,2.44e+01,
16283,-4.00e-03,2.44e+01,
16284,-8.00e-03,2.44e+01,
16285,-8.00e-03,2.42e+01,
16286,-8.00e-03,2.42e+01,
16287,-4.00e-03,2.44e+01,
16288,-8.00e-03,2.44e+01,
16289,-8.00e-03,2.44e+01,
16290,-8.00e-03,2.44e+01,
16291,-4.00e-03,2.46e+01,
16292,-8.00e-03,2.44e+01,
16293,-8.00e-03,2.44e+01,
16294,-8.00e-03,2.44e+01,
16295,-4.00e-03,2.46e+01,
16296,-8.00e-03,2.46e+01,
16297,-8.00e-03,2.44e+01,
16298,-8.00e-03,2.44e+01,
16299,-8.00e-03,2.46e+01,
16300,-8.00e-03,2.46e+01,
16301,-8.00e-03,2.46e+01,
16302,-8.00e-03,2.46e+01,
16303,-8.00e-03,2.48e+01,
16304,-8.00e-03,2.46e+01,
16305,-8.00e-03,2.46e+01,
16306,-1.20e-02,2.46e+01,
16307,-8.00e-03,2.48e+01,
16308,-1.20e-02,2.46e+01,
16309,-1.20e-02,2.46e+01,
16310,-1.20e-02,2.46e+01,
16311,-8.00e-03,2.46e+01,
16312,-1.20e-02,2.46e+01,
16313,-8.00e-03,2.46e+01,
16314,-1.20e-02,2.46e+01,
16315,-8.00e-03,2.46e+01,
16316,-8.00e-03,2.48e+01,
16317,-8.00e-03,2.44e+01,
16318,-1.20e-02,2.44e+01,
16319,-8.00e-03,2.46e+01,
16320,-8.00e-03,2.44e+01,
16321,-8.00e-03,2.44e+01,
16322,-1.20e-02,2.44e+01,
16323,-8.00e-03,2.46e+01,
16324,-8.00e-03,2.44e+01,
16325,-8.00e-03,2.44e+01,
16326,-8.00e-03,2.44e+01,
16327,-8.00e-03,2.46e+01,
16328,-8.00e-03,2.44e+01,
16329,-8.00e-03,2.42e+01,
16330,-8.00e-03,2.44e+01,
16331,-8.00e-03,2.44e+01,
16332,-8.00e-03,2.44e+01,
16333,-8.00e-03,2.44e+01,
16334,-8.00e-03,2.44e+01,
16335,-4.00e-03,2.46e+01,
16336,-8.00e-03,2.44e+01,
16337,-8.00e-03,2.44e+01,
16338,-8.00e-03,2.44e+01,
16339,-4.00e-03,2.44e+01,
16340,-8.00e-03,2.44e+01,
16341,-8.00e-03,2.42e+01,
16342,-8.00e-03,2.44e+01,
16343,-8.00e-03,2.46e+01,
16344,-8.00e-03,2.44e+01,
16345,-8.00e-03,2.44e+01,
16346,-1.20e-02,2.44e+01,
16347,-8.00e-03,2.46e+01,
16348,-8.00e-03,2.46e+01,
16349,-8.00e-03,2.44e+01,
16350,-8.00e-03,2.46e+01,
16351,-8.00e-03,2.46e+01,
16352,-8.00e-03,2.44e+01,
16353,-8.00e-03,2.46e+01,
16354,-1.20e-02,2.46e+01,
16355,-8.00e-03,2.48e+01,
16356,-1.20e-02,2.46e+01,
16357,-8.00e-03,2.44e+01,
16358,-8.00e-03,2.46e+01,
16359,-8.00e-03,2.46e+01,
16360,-8.00e-03,2.46e+01,
16361,-1.20e-02,2.46e+01,
16362,-1.20e-02,2.46e+01,
16363,-8.00e-03,2.46e+01,
16364,-1.20e-02,2.46e+01,
16365,-1.20e-02,2.46e+01,
16366,-1.20e-02,2.46e+01,
16367,-8.00e-03,2.48e+01,
16368,-8.00e-03,2.44e+01,
16369,-8.00e-03,2.44e+01,
16370,-1.20e-02,2.46e+01,
16371,-8.00e-03,2.46e+01,
16372,-8.00e-03,2.44e+01,
16373,-8.00e-03,2.44e+01,
16374,-8.00e-03,2.44e+01,
16375,-8.00e-03,2.46e+01,
16376,-8.00e-03,2.44e+01,
16377,-8.00e-03,2.44e+01,
16378,-1.20e-02,2.44e+01,
16379,-8.00e-03,2.46e+01,
16380,-8.00e-03,2.44e+01,
16381,-8.00e-03,2.44e+01,
16382,-8.00e-03,2.44e+01,
16383,-8.00e-03,2.46e+01,
16384,-8.00e-03,2.44e+01,
16385,-8.00e-03,2.44e+01,
16386,-1.20e-02,2.44e+01,
16387,-8.00e-03,2.44e+01,
16388,-8.00e-03,2.44e+01,
16389,-8.00e-03,2.42e+01,
16390,-8.00e-03,2.44e+01,
16391,-8.00e-03,2.46e+01,
16392,-8.00e-03,2.44e+01,
16393,-4.00e-03,2.44e+01,
16394,-8.00e-03,2.44e+01,
16395,-8.00e-03,2.46e+01,
16396,-8.00e-03,2.44e+01,
16397,-8.00e-03,2.44e+01,
16398,-8.00e-03,2.44e+01,
16399,-8.00e-03,2.46e+01,
16400,-8.00e-03,2.44e+01,
16401,-8.00e-03,2.44e+01,
16402,-1.20e-02,2.44e+01,
16403,-8.00e-03,2.46e+01,
16404,-8.00e-03,2.46e+01,
16405,-8.00e-03,2.44e+01,
16406,-8.00e-03,2.44e+01,
16407,-8.00e-03,2.46e+01,
16408,-1.20e-02,2.46e+01,
16409,-8.00e-03,2.46e+01,
16410,-1.20e-02,2.46e+01,
16411,-8.00e-03,2.48e+01,
16412,-1.20e-02,2.46e+01,
16413,-8.00e-03,2.46e+01,
16414,-8.00e-03,2.44e+01,
16415,-8.00e-03,2.46e+01,
16416,-1.20e-02,2.46e+01,
16417,-8.00e-03,2.46e+01,
16418,-1.20e-02,2.46e+01,
16419,-8.00e-03,2.46e+01,
16420,-8.00e-03,2.46e+01,
16421,-1.20e-02,2.44e+01,
16422,-1.20e-02,2.44e+01,
16423,-8.00e-03,2.46e+01,
16424,-8.00e-03,2.44e+01,
16425,-8.00e-03,2.44e+01,
16426,-1.20e-02,2.44e+01,
16427,-8.00e-03,2.46e+01,
16428,-8.00e-03,2.44e+01,
16429,-1.20e-02,2.44e+01,
16430,-8.00e-03,2.44e+01,
16431,-4.00e-03,2.46e+01,
16432,-8.00e-03,2.44e+01,
16433,-8.00e-03,2.44e+01,
16434,-8.00e-03,2.44e+01,
16435,-8.00e-03,2.46e+01,
16436,-8.00e-03,2.44e+01,
16437,-8.00e-03,2.44e+01,
16438,-8.00e-03,2.44e+01,
16439,-8.00e-03,2.44e+01,
16440,-8.00e-03,2.44e+01,
16441,-4.00e-03,2.44e+01,
16442,-8.00e-03,2.44e+01,
16443,-4.00e-03,2.46e+01,
16444,-8.00e-03,2.44e+01,
16445,-8.00e-03,2.44e+01,
16446,-8.00e-03,2.44e+01,
16447,-8.00e-03,2.46e+01,
16448,-8.00e-03,2.44e+01,
16449,-8.00e-03,2.44e+01,
16450,-1.20e-02,2.44e+01,
16451,-8.00e-03,2.46e+01,
16452,-8.00e-03,2.44e+01,
16453,-8.00e-03,2.44e+01,
16454,-8.00e-03,2.44e+01,
16455,-8.00e-03,2.46e+01,
16456,-8.00e-03,2.44e+01,
16457,-8.00e-03,2.44e+01,
16458,-1.20e-02,2.44e+01,
16459,-8.00e-03,2.46e+01,
16460,-8.00e-03,2.46e+01,
16461,-8.00e-03,2.44e+01,
16462,-1.20e-02,2.44e+01,
16463,-8.00e-03,2.46e+01,
16464,-8.00e-03,2.46e+01,
16465,-8.00e-03,2.44e+01,
16466,-1.20e-02,2.46e+01,
16467,-8.00e-03,2.46e+01,
16468,-8.00e-03,2.46e+01,
16469,-8.00e-03,2.44e+01,
16470,-1.20e-02,2.44e+01,
16471,-8.00e-03,2.46e+01,
16472,-8.00e-03,2.44e+01,
16473,-8.00e-03,2.44e+01,
16474,-1.20e-02,2.46e+01,
16475,-8.00e-03,2.46e+01,
16476,-8.00e-03,2.44e+01,
16477,-8.00e-03,2.44e+01,
16478,-1.20e-02,2.44e+01,
16479,-8.00e-03,2.46e+01,
16480,-8.00e-03,2.44e+01,
16481,-8.00e-03,2.44e+01,
16482,-8.00e-03,2.44e+01,
16483,-8.00e-03,2.46e+01,
16484,-8.00e-03,2.44e+01,
16485,-8.00e-03,2.44e+01,
16486,-8.00e-03,2.44e+01,
16487,-8.00e-03,2.44e+01,
16488,-8.00e-03,2.44e+01,
16489,-8.00e-03,2.42e+01,
16490,-8.00e-03,2.44e+01,
16491,-8.00e-03,2.44e+01,
16492,-8.00e-03,2.44e+01,
16493,-8.00e-03,2.44e+01,
16494,-8.00e-03,2.42e+01,
16495,-8.00e-03,2.46e+01,
16496,-8.00e-03,2.44e+01,
16497,-4.00e-03,2.44e+01,
16498,-8.00e-03,2.44e+01,
16499,-8.00e-03,2.46e+01,
16500,-8.00e-03,2.44e+01,
16501,-8.00e-03,2.44e+01,
16502,-8.00e-03,2.44e+01,
16503,-4.00e-03,2.46e+01,
16504,-8.00e-03,2.44e+01,
16505,-8.00e-03,2.44e+01,
16506,-1.20e-02,2.44e+01,
16507,-8.00e-03,2.46e+01,
16508,-8.00e-03,2.44e+01,
16509,-8.00e-03,2.44e+01,
16510,-1.20e-02,2.44e+01,
16511,-8.00e-03,2.46e+01,
16512,-8.00e-03,2.46e+01,
16513,-8.00e-03,2.44e+01,
16514,-1.20e-02,2.44e+01,
16515,-8.00e-03,2.46e+01,
16516,-8.00e-03,2.46e+01,
16517,-1.20e-02,2.44e+01,
16518,-1.20e-02,2.44e+01,
16519,-8.00e-03,2.46e+01,
16520,-8.00e-03,2.44e+01,
16521,-8.00e-03,2.46e+01,
16522,-8.00e-03,2.46e+01,
16523,-8.00e-03,2.46e+01,
16524,-8.00e-03,2.46e+01,
16525,-8.00e-03,2.44e+01,
16526,-8.00e-03,2.44e+01,
16527,-8.00e-03,2.46e+01,
16528,-8.00e-03,2.44e+01,
16529,-8.00e-03,2.44e+01,
16530,-1.20e-02,2.44e+01,
16531,-8.00e-03,2.46e+01,
16532,-1.20e-02,2.44e+01,
16533,-8.00e-03,2.44e+01,
16534,-8.00e-03,2.44e+01,
16535,-8.00e-03,2.46e+01,
16536,-8.00e-03,2.44e+01,
16537,-8.00e-03,2.44e+01,
16538,-8.00e-03,2.44e+01,
16539,-8.00e-03,2.44e+01,
16540,-8.00e-03,2.44e+01,
16541,-8.00e-03,2.44e+01,
16542,-8.00e-03,2.44e+01,
16543,-8.00e-03,2.44e+01,
16544,-8.00e-03,2.44e+01,
16545,-8.00e-03,2.44e+01,
16546,-8.00e-03,2.44e+01,
16547,-8.00e-03,2.46e+01,
16548,-8.00e-03,2.46e+01,
16549,-8.00e-03,2.44e+01,
16550,-1.20e-02,2.44e+01,
16551,-8.00e-03,2.46e+01,
16552,-8.00e-03,2.44e+01,
16553,-8.00e-03,2.44e+01,
16554,-8.00e-03,2.44e+01,
16555,-8.00e-03,2.46e+01,
16556,-8.00e-03,2.44e+01,
16557,-8.00e-03,2.44e+01,
16558,-8.00e-03,2.44e+01,
16559,-8.00e-03,2.46e+01,
16560,-8.00e-03,2.44e+01,
16561,-8.00e-03,2.44e+01,
16562,-8.00e-03,2.44e+01,
16563,-8.00e-03,2.46e+01,
16564,-8.00e-03,2.44e+01,
16565,-8.00e-03,2.44e+01,
16566,-1.20e-02,2.46e+01,
16567,-8.00e-03,2.46e+01,
16568,-8.00e-03,2.44e+01,
16569,-8.00e-03,2.44e+01,
16570,-8.00e-03,2.44e+01,
16571,-8.00e-03,2.46e+01,
16572,-1.20e-02,2.46e+01,
16573,-8.00e-03,2.46e+01,
16574,-1.20e-02,2.44e+01,
16575,-8.00e-03,2.46e+01,
16576,-8.00e-03,2.44e+01,
16577,-8.00e-03,2.44e+01,
16578,-1.20e-02,2.44e+01,
16579,-8.00e-03,2.46e+01,
16580,-8.00e-03,2.46e+01,
16581,-8.00e-03,2.44e+01,
16582,-8.00e-03,2.44e+01,
16583,-8.00e-03,2.46e+01,
16584,-8.00e-03,2.44e+01,
16585,-8.00e-03,2.44e+01,
16586,-1.20e-02,2.46e+01,
16587,-4.00e-03,2.46e+01,
16588,-8.00e-03,2.44e+01,
16589,-8.00e-03,2.44e+01,
16590,-1.20e-02,2.44e+01,
16591,-8.00e-03,2.46e+01,
16592,-8.00e-03,2.44e+01,
16593,-8.00e-03,2.44e+01,
16594,-8.00e-03,2.44e+01,
16595,-8.00e-03,2.46e+01,
16596,-8.00e-03,2.44e+01,
16597,-8.00e-03,2.44e+01,
16598,-1.20e-02,2.44e+01,
16599,-8.00e-03,2.46e+01,
16600,-8.00e-03,2.44e+01,
16601,-8.00e-03,2.44e+01,
16602,-8.00e-03,2.44e+01,
16603,-8.00e-03,2.44e+01,
16604,-8.00e-03,2.44e+01,
16605,-8.00e-03,2.44e+01,
16606,-8.00e-03,2.44e+01,
16607,-8.00e-03,2.46e+01,
16608,-8.00e-03,2.44e+01,
16609,-8.00e-03,2.44e+01,
16610,-1.20e-02,2.44e+01,
16611,-8.00e-03,2.46e+01,
16612,-8.00e-03,2.44e+01,
16613,-8.00e-03,2.44e+01,
16614,-1.20e-02,2.44e+01,
16615,-8.00e-03,2.46e+01,
16616,-8.00e-03,2.44e+01,
16617,-8.00e-03,2.44e+01,
16618,-1.20e-02,2.44e+01,
16619,-8.00e-03,2.46e+01,
16620,-8.00e-03,2.44e+01,
16621,-8.00e-03,2.44e+01,
16622,-8.00e-03,2.44e+01,
16623,-8.00e-03,2.46e+01,
16624,-8.00e-03,2.44e+01,
16625,-8.00e-03,2.44e+01,
16626,-1.20e-02,2.44e+01,
16627,-8.00e-03,2.46e+01,
16628,-1.20e-02,2.44e+01,
16629,-8.00e-03,2.44e+01,
16630,-8.00e-03,2.44e+01,
16631,-8.00e-03,2.46e+01,
16632,-8.00e-03,2.44e+01,
16633,-8.00e-03,2.44e+01,
16634,-1.20e-02,2.44e+01,
16635,-8.00e-03,2.46e+01,
16636,-1.20e-02,2.44e+01,
16637,-8.00e-03,2.44e+01,
16638,-8.00e-03,2.44e+01,
16639,-8.00e-03,2.46e+01,
16640,-8.00e-03,2.44e+01,
16641,-8.00e-03,2.42e+01,
16642,-8.00e-03,2.44e+01,
16643,-8.00e-03,2.44e+01,
16644,-8.00e-03,2.44e+01,
16645,-8.00e-03,2.42e+01,
16646,-8.00e-03,2.44e+01,
16647,-8.00e-03,2.46e+01,
16648,-8.00e-03,2.44e+01,
16649,-8.00e-03,2.44e+01,
16650,-8.00e-03,2.44e+01,
16651,-8.00e-03,2.46e+01,
16652,-8.00e-03,2.44e+01,
16653,-8.00e-03,2.42e+01,
16654,-8.00e-03,2.44e+01,
16655,-8.00e-03,2.46e+01,
16656,-8.00e-03,2.44e+01,
16657,-8.00e-03,2.44e+01,
16658,-1.20e-02,2.44e+01,
16659,-8.00e-03,2.46e+01,
16660,-8.00e-03,2.44e+01,
16661,-8.00e-03,2.44e+01,
16662,-8.00e-03,2.44e+01,
16663,-8.00e-03,2.46e+01,
16664,-8.00e-03,2.44e+01,
16665,-8.00e-03,2.44e+01,
16666,-8.00e-03,2.44e+01,
16667,-8.00e-03,2.46e+01,
16668,-8.00e-03,2.44e+01,
16669,-8.00e-03,2.44e+01,
16670,-8.00e-03,2.44e+01,
16671,-8.00e-03,2.46e+01,
16672,-8.00e-03,2.44e+01,
16673,-8.00e-03,2.44e+01,
16674,-1.20e-02,2.44e+01,
16675,-4.00e-03,2.46e+01,
16676,-8.00e-03,2.44e+01,
16677,-8.00e-03,2.44e+01,
16678,-8.00e-03,2.44e+01,
16679,-8.00e-03,2.46e+01,
16680,-8.00e-03,2.46e+01,
16681,-8.00e-03,2.44e+01,
16682,-8.00e-03,2.44e+01,
16683,-8.00e-03,2.46e+01,
16684,-8.00e-03,2.46e+01,
16685,-8.00e-03,2.44e+01,
16686,-8.00e-03,2.44e+01,
16687,-8.00e-03,2.46e+01,
16688,-8.00e-03,2.44e+01,
16689,-8.00e-03,2.44e+01,
16690,-8.00e-03,2.44e+01,
16691,-8.00e-03,2.46e+01,
16692,-8.00e-03,2.44e+01,
16693,-8.00e-03,2.44e+01,
16694,-8.00e-03,2.44e+01,
16695,-8.00e-03,2.46e+01,
16696,-8.00e-03,2.44e+01,
16697,-8.00e-03,2.42e+01,
16698,-1.20e-02,2.44e+01,
16699,-4.00e-03,2.46e+01,
16700,-8.00e-03,2.44e+01,
16701,-8.00e-03,2.44e+01,
16702,-8.00e-03,2.44e+01,
16703,-8.00e-03,2.44e+01,
16704,-8.00e-03,2.44e+01,
16705,-8.00e-03,2.42e+01,
16706,-1.20e-02,2.44e+01,
16707,-8.00e-03,2.44e+01,
16708,-8.00e-03,2.44e+01,
16709,-8.00e-03,2.44e+01,
16710,-8.00e-03,2.44e+01,
16711,-8.00e-03,2.44e+01,
16712,-8.00e-03,2.44e+01,
16713,-8.00e-03,2.44e+01,
16714,-1.20e-02,2.44e+01,
16715,-8.00e-03,2.44e+01,
16716,-8.00e-03,2.46e+01,
16717,-8.00e-03,2.44e+01,
16718,-8.00e-03,2.44e+01,
16719,-8.00e-03,2.46e+01,
16720,-4.00e-03,2.44e+01,
16721,-4.00e-03,2.44e+01,
16722,-1.20e-02,2.44e+01,
16723,-8.00e-03,2.46e+01,
16724,-8.00e-03,2.44e+01,
16725,-8.00e-03,2.44e+01,
16726,-8.00e-03,2.44e+01,
16727,-8.00e-03,2.46e+01,
16728,-8.00e-03,2.44e+01,
16729,-8.00e-03,2.44e+01,
16730,-1.20e-02,2.44e+01,
16731,-8.00e-03,2.46e+01,
16732,-8.00e-03,2.44e+01,
16733,-8.00e-03,2.44e+01,
16734,-8.00e-03,2.44e+01,
16735,-8.00e-03,2.46e+01,
16736,-8.00e-03,2.44e+01,
16737,-8.00e-03,2.44e+01,
16738,-1.20e-02,2.44e+01,
16739,-8.00e-03,2.46e+01,
16740,-1.20e-02,2.44e+01,
16741,-8.00e-03,2.44e+01,
16742,-8.00e-03,2.44e+01,
16743,-8.00e-03,2.46e+01,
16744,-8.00e-03,2.44e+01,
16745,-8.00e-03,2.44e+01,
16746,-8.00e-03,2.44e+01,
16747,-4.00e-03,2.46e+01,
16748,-8.00e-03,2.44e+01,
16749,-8.00e-03,2.44e+01,
16750,-8.00e-03,2.44e+01,
16751,-8.00e-03,2.46e+01,
16752,-8.00e-03,2.44e+01,
16753,-8.00e-03,2.44e+01,
16754,-8.00e-03,2.44e+01,
16755,-4.00e-03,2.44e+01,
16756,-1.20e-02,2.44e+01,
16757,-8.00e-03,2.42e+01,
16758,-8.00e-03,2.44e+01,
16759,-8.00e-03,2.46e+01,
16760,-8.00e-03,2.44e+01,
16761,-8.00e-03,2.42e+01,
16762,-1.20e-02,2.44e+01,
16763,-8.00e-03,2.46e+01,
16764,-8.00e-03,2.44e+01,
16765,-8.00e-03,2.42e+01,
16766,-8.00e-03,2.42e+01,
16767,-8.00e-03,2.44e+01,
16768,-8.00e-03,2.44e+01,
16769,-8.00e-03,2.42e+01,
16770,-1.20e-02,2.44e+01,
16771,-8.00e-03,2.46e+01,
16772,-8.00e-03,2.44e+01,
16773,-8.00e-03,2.44e+01,
16774,-8.00e-03,2.44e+01,
16775,-8.00e-03,2.46e+01,
16776,-8.00e-03,2.44e+01,
16777,-8.00e-03,2.44e+01,
16778,-1.20e-02,2.44e+01,
16779,-8.00e-03,2.46e+01,
16780,-8.00e-03,2.44e+01,
16781,-8.00e-03,2.42e+01,
16782,-8.00e-03,2.44e+01,
16783,-8.00e-03,2.46e+01,
16784,-8.00e-03,2.44e+01,
16785,-8.00e-03,2.42e+01,
16786,-1.20e-02,2.44e+01,
16787,-8.00e-03,2.44e+01,
16788,-8.00e-03,2.44e+01,
16789,-8.00e-03,2.44e+01,
16790,-8.00e-03,2.44e+01,
16791,-8.00e-03,2.46e+01,
16792,-8.00e-03,2.44e+01,
16793,-8.00e-03,2.44e+01,
16794,-1.20e-02,2.44e+01,
16795,-8.00e-03,2.46e+01,
16796,-8.00e-03,2.44e+01,
16797,-8.00e-03,2.44e+01,
16798,-8.00e-03,2.44e+01,
16799,-8.00e-03,2.46e+01,
16800,-8.00e-03,2.44e+01,
16801,-8.00e-03,2.44e+01,
16802,-1.20e-02,2.44e+01,
16803,-8.00e-03,2.46e+01,
16804,-1.20e-02,2.44e+01,
16805,-8.00e-03,2.44e+01,
16806,-8.00e-03,2.42e+01,
16807,-8.00e-03,2.46e+01,
16808,-8.00e-03,2.44e+01,
16809,-8.00e-03,2.44e+01,
16810,-1.20e-02,2.44e+01,
16811,-8.00e-03,2.46e+01,
16812,-8.00e-03,2.44e+01,
16813,-8.00e-03,2.44e+01,
16814,-8.00e-03,2.44e+01,
16815,-4.00e-03,2.46e+01,
16816,-8.00e-03,2.44e+01,
16817,-8.00e-03,2.44e+01,
16818,-8.00e-03,2.44e+01,
16819,-8.00e-03,2.46e+01,
16820,-8.00e-03,2.44e+01,
16821,-8.00e-03,2.44e+01,
16822,-8.00e-03,2.44e+01,
16823,-8.00e-03,2.46e+01,
16824,-8.00e-03,2.44e+01,
16825,-8.00e-03,2.44e+01,
16826,-1.20e-02,2.44e+01,
16827,-8.00e-03,2.46e+01,
16828,-8.00e-03,2.44e+01,
16829,-8.00e-03,2.44e+01,
16830,-8.00e-03,2.42e+01,
16831,-8.00e-03,2.46e+01,
16832,-8.00e-03,2.44e+01,
16833,-8.00e-03,2.44e+01,
16834,-1.20e-02,2.44e+01,
16835,-8.00e-03,2.44e+01,
16836,-1.20e-02,2.44e+01,
16837,-8.00e-03,2.44e+01,
16838,-8.00e-03,2.42e+01,
16839,-8.00e-03,2.46e+01,
16840,-8.00e-03,2.44e+01,
16841,-8.00e-03,2.44e+01,
16842,-1.20e-02,2.44e+01,
16843,-8.00e-03,2.44e+01,
16844,-8.00e-03,2.44e+01,
16845,-1.20e-02,2.44e+01,
16846,-8.00e-03,2.44e+01,
16847,-8.00e-03,2.46e+01,
16848,-8.00e-03,2.44e+01,
16849,-8.00e-03,2.44e+01,
16850,-8.00e-03,2.44e+01,
16851,-8.00e-03,2.46e+01,
16852,-8.00e-03,2.46e+01,
16853,-8.00e-03,2.44e+01,
16854,-8.00e-03,2.44e+01,
16855,-8.00e-03,2.46e+01,
16856,-8.00e-03,2.44e+01,
16857,-8.00e-03,2.42e+01,
16858,-1.20e-02,2.44e+01,
16859,-8.00e-03,2.46e+01,
16860,-8.00e-03,2.44e+01,
16861,-8.00e-03,2.42e+01,
16862,-8.00e-03,2.44e+01,
16863,-8.00e-03,2.44e+01,
16864,-8.00e-03,2.44e+01,
16865,-8.00e-03,2.42e+01,
16866,-1.20e-02,2.44e+01,
16867,-8.00e-03,2.46e+01,
16868,-8.00e-03,2.44e+01,
16869,-8.00e-03,2.44e+01,
16870,-8.00e-03,2.42e+01,
16871,-8.00e-03,2.44e+01,
16872,-8.00e-03,2.44e+01,
16873,-8.00e-03,2.44e+01,
16874,-8.00e-03,2.44e+01,
16875,-8.00e-03,2.46e+01,
16876,-8.00e-03,2.44e+01,
16877,-1.20e-02,2.44e+01,
16878,-1.20e-02,2.44e+01,
16879,-4.00e-03,2.46e+01,
16880,-8.00e-03,2.44e+01,
16881,-8.00e-03,2.44e+01,
16882,-1.20e-02,2.44e+01,
16883,-8.00e-03,2.46e+01,
16884,-8.00e-03,2.44e+01,
16885,-1.20e-02,2.44e+01,
16886,-8.00e-03,2.44e+01,
16887,-8.00e-03,2.44e+01,
16888,-8.00e-03,2.44e+01,
16889,-8.00e-03,2.44e+01,
16890,-1.20e-02,2.44e+01,
16891,-8.00e-03,2.46e+01,
16892,-8.00e-03,2.44e+01,
16893,-8.00e-03,2.44e+01,
16894,-1.20e-02,2.44e+01,
16895,-4.00e-03,2.46e+01,
16896,-8.00e-03,2.44e+01,
16897,-8.00e-03,2.44e+01,
16898,-8.00e-03,2.44e+01,
16899,-8.00e-03,2.46e+01,
16900,-8.00e-03,2.44e+01,
16901,-8.00e-03,2.44e+01,
16902,-8.00e-03,2.44e+01,
16903,-8.00e-03,2.44e+01,
16904,-8.00e-03,2.44e+01,
16905,-8.00e-03,2.44e+01,
16906,-1.20e-02,2.44e+01,
16907,-8.00e-03,2.44e+01,
16908,-8.00e-03,2.44e+01,
16909,-8.00e-03,2.44e+01,
16910,-8.00e-03,2.44e+01,
16911,-8.00e-03,2.46e+01,
16912,-8.00e-03,2.44e+01,
16913,-8.00e-03,2.44e+01,
16914,-1.20e-02,2.44e+01,
16915,-8.00e-03,2.44e+01,
16916,-8.00e-03,2.46e+01,
16917,-8.00e-03,2.42e+01,
16918,-8.00e-03,2.44e+01,
16919,-8.00e-03,2.46e+01,
16920,-8.00e-03,2.44e+01,
16921,-8.00e-03,2.44e+01,
16922,-8.00e-03,2.44e+01,
16923,-8.00e-03,2.46e+01,
16924,-8.00e-03,2.44e+01,
16925,-8.00e-03,2.44e+01,
16926,-8.00e-03,2.44e+01,
16927,-8.00e-03,2.44e+01,
16928,-8.00e-03,2.44e+01,
16929,-8.00e-03,2.44e+01,
16930,-1.20e-02,2.44e+01,
16931,-8.00e-03,2.46e+01,
16932,-8.00e-03,2.44e+01,
16933,-8.00e-03,2.44e+01,
16934,-8.00e-03,2.44e+01,
16935,-8.00e-03,2.44e+01,
16936,-8.00e-03,2.44e+01,
16937,-8.00e-03,2.44e+01,
16938,-8.00e-03,2.44e+01,
16939,-8.00e-03,2.46e+01,
16940,-8.00e-03,2.44e+01,
16941,-8.00e-03,2.44e+01,
16942,-8.00e-03,2.42e+01,
16943,-8.00e-03,2.44e+01,
16944,-8.00e-03,2.44e+01,
16945,-8.00e-03,2.42e+01,
16946,-8.00e-03,2.44e+01,
16947,-8.00e-03,2.46e+01,
16948,-1.20e-02,2.44e+01,
16949,-8.00e-03,2.44e+01,
16950,-8.00e-03,2.44e+01,
16951,-8.00e-03,2.46e+01,
16952,-8.00e-03,2.44e+01,
16953,-8.00e-03,2.42e+01,
16954,-1.20e-02,2.44e+01,
16955,-8.00e-03,2.46e+01,
16956,-8.00e-03,2.44e+01,
16957,-8.00e-03,2.42e+01,
16958,-8.00e-03,2.44e+01,
16959,-8.00e-03,2.46e+01,
16960,-8.00e-03,2.44e+01,
16961,-8.00e-03,2.44e+01,
16962,-1.20e-02,2.44e+01,
16963,-8.00e-03,2.44e+01,
16964,-8.00e-03,2.42e+01,
16965,-8.00e-03,2.42e+01,
16966,-8.00e-03,2.44e+01,
16967,-8.00e-03,2.44e+01,
16968,-8.00e-03,2.44e+01,
16969,-8.00e-03,2.42e+01,
16970,-8.00e-03,2.44e+01,
16971,-8.00e-03,2.44e+01,
16972,-8.00e-03,2.44e+01,
16973,-8.00e-03,2.44e+01,
16974,-8.00e-03,2.44e+01,
16975,-8.00e-03,2.46e+01,
16976,-8.00e-03,2.44e+01,
16977,-8.00e-03,2.42e+01,
16978,-8.00e-03,2.44e+01,
16979,-8.00e-03,2.44e+01,
16980,-8.00e-03,2.44e+01,
16981,-8.00e-03,2.44e+01,
16982,-8.00e-03,2.44e+01,
16983,-8.00e-03,2.46e+01,
16984,-8.00e-03,2.44e+01,
16985,-8.00e-03,2.44e+01,
16986,-1.20e-02,2.44e+01,
16987,-8.00e-03,2.44e+01,
16988,-8.00e-03,2.44e+01,
16989,-8.00e-03,2.42e+01,
16990,-8.00e-03,2.42e+01,
16991,-8.00e-03,2.44e+01,
16992,-8.00e-03,2.44e+01,
16993,-8.00e-03,2.44e+01,
16994,-1.20e-02,2.44e+01,
16995,-8.00e-03,2.46e+01,
16996,-8.00e-03,2.44e+01,
16997,-8.00e-03,2.44e+01,
16998,-8.00e-03,2.44e+01,
16999,-8.00e-03,2.44e+01,
17000,-8.00e-03,2.44e+01,
17001,-8.00e-03,2.44e+01,
17002,-1.20e-02,2.44e+01,
17003,-8.00e-03,2.46e+01,
17004,-8.00e-03,2.44e+01,
17005,-8.00e-03,2.42e+01,
17006,-8.00e-03,2.42e+01,
17007,-8.00e-03,2.46e+01,
17008,-8.00e-03,2.44e+01,
17009,-8.00e-03,2.42e+01,
17010,-1.20e-02,2.44e+01,
17011,-8.00e-03,2.46e+01,
17012,-8.00e-03,2.44e+01,
17013,-8.00e-03,2.44e+01,
17014,-8.00e-03,2.44e+01,
17015,-8.00e-03,2.46e+01,
17016,-8.00e-03,2.42e+01,
17017,-8.00e-03,2.44e+01,
17018,-8.00e-03,2.44e+01,
17019,-8.00e-03,2.44e+01,
17020,-8.00e-03,2.44e+01,
17021,-8.00e-03,2.44e+01,
17022,-8.00e-03,2.42e+01,
17023,-8.00e-03,2.44e+01,
17024,-8.00e-03,2.44e+01,
17025,-8.00e-03,2.44e+01,
17026,-1.20e-02,2.44e+01,
17027,-8.00e-03,2.46e+01,
17028,-8.00e-03,2.44e+01,
17029,-8.00e-03,2.44e+01,
17030,-8.00e-03,2.44e+01,
17031,-8.00e-03,2.46e+01,
17032,-8.00e-03,2.44e+01,
17033,-8.00e-03,2.44e+01,
17034,-1.20e-02,2.42e+01,
17035,-8.00e-03,2.44e+01,
17036,-8.00e-03,2.44e+01,
17037,-8.00e-03,2.42e+01,
17038,-8.00e-03,2.44e+01,
17039,-8.00e-03,2.46e+01,
17040,-8.00e-03,2.44e+01,
17041,-8.00e-03,2.42e+01,
17042,-1.20e-02,2.44e+01,
17043,-8.00e-03,2.44e+01,
17044,-8.00e-03,2.44e+01,
17045,-8.00e-03,2.44e+01,
17046,-8.00e-03,2.44e+01,
17047,-8.00e-03,2.46e+01,
17048,-8.00e-03,2.44e+01,
17049,-8.00e-03,2.44e+01,
17050,-8.00e-03,2.44e+01,
17051,-8.00e-03,2.44e+01,
17052,-8.00e-03,2.44e+01,
17053,-8.00e-03,2.44e+01,
17054,-8.00e-03,2.42e+01,
17055,-8.00e-03,2.46e+01,
17056,-8.00e-03,2.44e+01,
17057,-8.00e-03,2.44e+01,
17058,-1.20e-02,2.44e+01,
17059,-8.00e-03,2.44e+01,
17060,-8.00e-03,2.44e+01,
17061,-8.00e-03,2.44e+01,
17062,-8.00e-03,2.44e+01,
17063,-8.00e-03,2.46e+01,
17064,-8.00e-03,2.44e+01,
17065,-8.00e-03,2.44e+01,
17066,-8.00e-03,2.44e+01,
17067,-8.00e-03,2.44e+01,
17068,-8.00e-03,2.44e+01,
17069,-8.00e-03,2.44e+01,
17070,-1.20e-02,2.44e+01,
17071,-8.00e-03,2.44e+01,
17072,-8.00e-03,2.44e+01,
17073,-8.00e-03,2.44e+01,
17074,-8.00e-03,2.44e+01,
17075,-8.00e-03,2.46e+01,
17076,-8.00e-03,2.44e+01,
17077,-8.00e-03,2.44e+01,
17078,-8.00e-03,2.44e+01,
17079,-8.00e-03,2.44e+01,
17080,-8.00e-03,2.44e+01,
17081,-8.00e-03,2.44e+01,
17082,-1.20e-02,2.44e+01,
17083,-8.00e-03,2.46e+01,
17084,-8.00e-03,2.44e+01,
17085,-8.00e-03,2.44e+01,
17086,-8.00e-03,2.44e+01,
17087,-8.00e-03,2.44e+01,
17088,-8.00e-03,2.42e+01,
17089,-8.00e-03,2.44e+01,
17090,-8.00e-03,2.44e+01,
17091,-8.00e-03,2.46e+01,
17092,-8.00e-03,2.44e+01,
17093,-8.00e-03,2.42e+01,
17094,-8.00e-03,2.44e+01,
17095,-8.00e-03,2.46e+01,
17096,-8.00e-03,2.42e+01,
17097,-8.00e-03,2.42e+01,
17098,-1.20e-02,2.42e+01,
17099,-8.00e-03,2.44e+01,
17100,-8.00e-03,2.44e+01,
17101,-8.00e-03,2.42e+01,
17102,-8.00e-03,2.42e+01,
17103,-8.00e-03,2.46e+01,
17104,-8.00e-03,2.44e+01,
17105,-8.00e-03,2.44e+01,
17106,-1.20e-02,2.44e+01,
17107,-8.00e-03,2.46e+01,
17108,-8.00e-03,2.44e+01,
17109,-8.00e-03,2.42e+01,
17110,-1.20e-02,2.44e+01,
17111,-8.00e-03,2.44e+01,
17112,-8.00e-03,2.44e+01,
17113,-8.00e-03,2.42e+01,
17114,-8.00e-03,2.44e+01,
17115,-8.00e-03,2.44e+01,
17116,-8.00e-03,2.46e+01,
17117,-8.00e-03,2.42e+01,
17118,-8.00e-03,2.42e+01,
17119,-8.00e-03,2.46e+01,
17120,-8.00e-03,2.44e+01,
17121,-8.00e-03,2.42e+01,
17122,-1.20e-02,2.44e+01,
17123,-8.00e-03,2.46e+01,
17124,-8.00e-03,2.44e+01,
17125,-8.00e-03,2.42e+01,
17126,-8.00e-03,2.44e+01,
17127,-8.00e-03,2.44e+01,
17128,-8.00e-03,2.44e+01,
17129,-8.00e-03,2.44e+01,
17130,-1.20e-02,2.44e+01,
17131,-8.00e-03,2.44e+01,
17132,-1.20e-02,2.44e+01,
17133,-8.00e-03,2.44e+01,
17134,-8.00e-03,2.44e+01,
17135,-8.00e-03,2.44e+01,
17136,-8.00e-03,2.44e+01,
17137,-8.00e-03,2.44e+01,
17138,-8.00e-03,2.44e+01,
17139,-8.00e-03,2.44e+01,
17140,-1.20e-02,2.44e+01,
17141,-8.00e-03,2.42e+01,
17142,-1.20e-02,2.42e+01,
17143,-8.00e-03,2.46e+01,
17144,-8.00e-03,2.44e+01,
17145,-8.00e-03,2.44e+01,
17146,-8.00e-03,2.44e+01,
17147,-8.00e-03,2.44e+01,
17148,-8.00e-03,2.44e+01,
17149,-8.00e-03,2.42e+01,
17150,-8.00e-03,2.44e+01,
17151,-8.00e-03,2.44e+01,
17152,-8.00e-03,2.44e+01,
17153,-8.00e-03,2.44e+01,
17154,-1.20e-02,2.44e+01,
17155,-8.00e-03,2.46e+01,
17156,-8.00e-03,2.44e+01,
17157,-8.00e-03,2.44e+01,
17158,-8.00e-03,2.44e+01,
17159,-8.00e-03,2.44e+01,
17160,-8.00e-03,2.44e+01,
17161,-8.00e-03,2.44e+01,
17162,-1.20e-02,2.44e+01,
17163,-8.00e-03,2.46e+01,
17164,-8.00e-03,2.44e+01,
17165,-8.00e-03,2.42e+01,
17166,-8.00e-03,2.44e+01,
17167,-8.00e-03,2.44e+01,
17168,-8.00e-03,2.44e+01,
17169,-8.00e-03,2.42e+01,
17170,-1.20e-02,2.42e+01,
17171,-8.00e-03,2.44e+01,
17172,-8.00e-03,2.44e+01,
17173,-8.00e-03,2.42e+01,
17174,-1.20e-02,2.44e+01,
17175,-8.00e-03,2.44e+01,
17176,-8.00e-03,2.44e+01,
17177,-8.00e-03,2.44e+01,
17178,-8.00e-03,2.42e+01,
17179,-8.00e-03,2.44e+01,
17180,-8.00e-03,2.44e+01,
17181,-8.00e-03,2.42e+01,
17182,-8.00e-03,2.44e+01,
17183,-8.00e-03,2.44e+01,
17184,-8.00e-03,2.44e+01,
17185,-8.00e-03,2.42e+01,
17186,-8.00e-03,2.42e+01,
17187,-8.00e-03,2.46e+01,
17188,-8.00e-03,2.44e+01,
17189,-8.00e-03,2.42e+01,
17190,-8.00e-03,2.44e+01,
17191,-8.00e-03,2.46e+01,
17192,-8.00e-03,2.44e+01,
17193,-8.00e-03,2.42e+01,
17194,-8.00e-03,2.42e+01,
17195,-8.00e-03,2.44e+01,
17196,-8.00e-03,2.44e+01,
17197,-8.00e-03,2.44e+01,
17198,-8.00e-03,2.44e+01,
17199,-8.00e-03,2.44e+01,
17200,-8.00e-03,2.44e+01,
17201,-8.00e-03,2.44e+01,
17202,-8.00e-03,2.42e+01,
17203,-4.00e-03,2.44e+01,
17204,-8.00e-03,2.44e+01,
17205,-8.00e-03,2.44e+01,
17206,-1.20e-02,2.44e+01,
17207,-8.00e-03,2.44e+01,
17208,-8.00e-03,2.44e+01,
17209,-8.00e-03,2.44e+01,
17210,-8.00e-03,2.44e+01,
17211,-8.00e-03,2.44e+01,
17212,-8.00e-03,2.44e+01,
17213,-8.00e-03,2.44e+01,
17214,-8.00e-03,2.44e+01,
17215,-8.00e-03,2.44e+01,
17216,-8.00e-03,2.44e+01,
17217,-8.00e-03,2.42e+01,
17218,-1.20e-02,2.44e+01,
17219,-8.00e-03,2.44e+01,
17220,-8.00e-03,2.44e+01,
17221,-8.00e-03,2.42e+01,
17222,-1.20e-02,2.44e+01,
17223,-8.00e-03,2.46e+01,
17224,-8.00e-03,2.42e+01,
17225,-8.00e-03,2.42e+01,
17226,-1.20e-02,2.44e+01,
17227,-8.00e-03,2.44e+01,
17228,-8.00e-03,2.44e+01,
17229,-8.00e-03,2.44e+01,
17230,-8.00e-03,2.44e+01,
17231,-8.00e-03,2.44e+01,
17232,-8.00e-03,2.44e+01,
17233,-8.00e-03,2.44e+01,
17234,-1.20e-02,2.44e+01,
17235,-8.00e-03,2.46e+01,
17236,-8.00e-03,2.44e+01,
17237,-8.00e-03,2.42e+01,
17238,-8.00e-03,2.44e+01,
17239,-8.00e-03,2.44e+01,
17240,-8.00e-03,2.44e+01,
17241,-8.00e-03,2.44e+01,
17242,-1.20e-02,2.42e+01,
17243,-4.00e-03,2.44e+01,
17244,-8.00e-03,2.44e+01,
17245,-8.00e-03,2.44e+01,
17246,-8.00e-03,2.44e+01,
17247,-8.00e-03,2.44e+01,
17248,-8.00e-03,2.44e+01,
17249,-8.00e-03,2.44e+01,
17250,-8.00e-03,2.44e+01,
17251,-8.00e-03,2.44e+01,
17252,-8.00e-03,2.44e+01,
17253,-8.00e-03,2.44e+01,
17254,-8.00e-03,2.44e+01,
17255,-8.00e-03,2.44e+01,
17256,-8.00e-03,2.42e+01,
17257,-8.00e-03,2.44e+01,
17258,-8.00e-03,2.42e+01,
17259,-8.00e-03,2.44e+01,
17260,-8.00e-03,2.44e+01,
17261,-8.00e-03,2.44e+01,
17262,-8.00e-03,2.44e+01,
17263,-8.00e-03,2.44e+01,
17264,-8.00e-03,2.42e+01,
17265,-8.00e-03,2.42e+01,
17266,-1.20e-02,2.44e+01,
17267,-4.00e-03,2.44e+01,
17268,-8.00e-03,2.44e+01,
17269,-8.00e-03,2.44e+01,
17270,-8.00e-03,2.44e+01,
17271,-8.00e-03,2.44e+01,
17272,-8.00e-03,2.44e+01,
17273,-8.00e-03,2.44e+01,
17274,-1.20e-02,2.44e+01,
17275,-8.00e-03,2.44e+01,
17276,-8.00e-03,2.44e+01,
17277,-8.00e-03,2.44e+01,
17278,-8.00e-03,2.42e+01,
17279,-8.00e-03,2.44e+01,
17280,-8.00e-03,2.42e+01,
17281,-8.00e-03,2.42e+01,
17282,-8.00e-03,2.44e+01,
17283,-8.00e-03,2.44e+01,
17284,-8.00e-03,2.42e+01,
17285,-8.00e-03,2.42e+01,
17286,-8.00e-03,2.44e+01,
17287,-8.00e-03,2.44e+01,
17288,-8.00e-03,2.42e+01,
17289,-8.00e-03,2.42e+01,
17290,-1.20e-02,2.44e+01,
17291,-8.00e-03,2.44e+01,
17292,-8.00e-03,2.44e+01,
17293,-8.00e-03,2.42e+01,
17294,-8.00e-03,2.42e+01,
17295,-8.00e-03,2.44e+01,
17296,-8.00e-03,2.42e+01,
17297,-8.00e-03,2.44e+01,
17298,-1.20e-02,2.42e+01,
17299,-8.00e-03,2.44e+01,
17300,-8.00e-03,2.44e+01,
17301,-8.00e-03,2.42e+01,
17302,-8.00e-03,2.44e+01,
17303,-8.00e-03,2.44e+01,
17304,-8.00e-03,2.44e+01,
17305,-8.00e-03,2.44e+01,
17306,-1.20e-02,2.42e+01,
17307,-8.00e-03,2.44e+01,
17308,-8.00e-03,2.44e+01,
17309,-8.00e-03,2.44e+01,
17310,-8.00e-03,2.42e+01,
17311,-8.00e-03,2.44e+01,
17312,-8.00e-03,2.44e+01,
17313,-8.00e-03,2.42e+01,
17314,-1.20e-02,2.42e+01,
17315,-8.00e-03,2.44e+01,
17316,-8.00e-03,2.44e+01,
17317,-8.00e-03,2.42e+01,
17318,-8.00e-03,2.44e+01,
17319,-8.00e-03,2.46e+01,
17320,-8.00e-03,2.42e+01,
17321,-8.00e-03,2.44e+01,
17322,-8.00e-03,2.42e+01,
17323,-8.00e-03,2.44e+01,
17324,-8.00e-03,2.44e+01,
17325,-8.00e-03,2.42e+01,
17326,-8.00e-03,2.44e+01,
17327,-8.00e-03,2.44e+01,
17328,-8.00e-03,2.42e+01,
17329,-8.00e-03,2.42e+01,
17330,-1.20e-02,2.44e+01,
17331,-8.00e-03,2.44e+01,
17332,-8.00e-03,2.44e+01,
17333,-8.00e-03,2.44e+01,
17334,-8.00e-03,2.42e+01,
17335,-8.00e-03,2.44e+01,
17336,-8.00e-03,2.42e+01,
17337,-8.00e-03,2.42e+01,
17338,-8.00e-03,2.44e+01,
17339,-8.00e-03,2.44e+01,
17340,-8.00e-03,2.44e+01,
17341,-8.00e-03,2.44e+01,
17342,-8.00e-03,2.42e+01,
17343,-8.00e-03,2.44e+01,
17344,-8.00e-03,2.42e+01,
17345,-8.00e-03,2.42e+01,
17346,-1.20e-02,2.42e+01,
17347,-8.00e-03,2.44e+01,
17348,-8.00e-03,2.42e+01,
17349,-8.00e-03,2.42e+01,
17350,-1.20e-02,2.44e+01,
17351,-8.00e-03,2.44e+01,
17352,-8.00e-03,2.42e+01,
17353,-8.00e-03,2.44e+01,
17354,-8.00e-03,2.42e+01,
17355,-8.00e-03,2.46e+01,
17356,-8.00e-03,2.44e+01,
17357,-8.00e-03,2.42e+01,
17358,-1.20e-02,2.42e+01,
17359,-8.00e-03,2.44e+01,
17360,-8.00e-03,2.42e+01,
17361,-8.00e-03,2.42e+01,
17362,-8.00e-03,2.44e+01,
17363,-4.00e-03,2.44e+01,
17364,-8.00e-03,2.44e+01,
17365,-8.00e-03,2.42e+01,
17366,-1.20e-02,2.44e+01,
17367,-8.00e-03,2.44e+01,
17368,-8.00e-03,2.42e+01,
17369,-8.00e-03,2.44e+01,
17370,-8.00e-03,2.44e+01,
17371,-8.00e-03,2.44e+01,
17372,-8.00e-03,2.44e+01,
17373,-8.00e-03,2.42e+01,
17374,-8.00e-03,2.44e+01,
17375,-8.00e-03,2.44e+01,
17376,-8.00e-03,2.44e+01,
17377,-8.00e-03,2.44e+01,
17378,-1.20e-02,2.44e+01,
17379,-8.00e-03,2.46e+01,
17380,-1.20e-02,2.44e+01,
17381,-8.00e-03,2.42e+01,
17382,-8.00e-03,2.44e+01,
17383,-8.00e-03,2.44e+01,
17384,-8.00e-03,2.42e+01,
17385,-8.00e-03,2.44e+01,
17386,-8.00e-03,2.42e+01,
17387,-8.00e-03,2.46e+01,
17388,-8.00e-03,2.42e+01,
17389,-8.00e-03,2.42e+01,
17390,-8.00e-03,2.42e+01,
17391,-8.00e-03,2.44e+01,
17392,-8.00e-03,2.44e+01,
17393,-8.00e-03,2.42e+01,
17394,-1.20e-02,2.44e+01,
17395,-8.00e-03,2.44e+01,
17396,-8.00e-03,2.42e+01,
17397,-8.00e-03,2.42e+01,
17398,-8.00e-03,2.42e+01,
17399,-8.00e-03,2.44e+01,
17400,-8.00e-03,2.42e+01,
17401,-8.00e-03,2.44e+01,
17402,-1.20e-02,2.44e+01,
17403,-4.00e-03,2.44e+01,
17404,-1.20e-02,2.44e+01,
17405,-8.00e-03,2.44e+01,
17406,-8.00e-03,2.44e+01,
17407,-8.00e-03,2.44e+01,
17408,-8.00e-03,2.44e+01,
17409,-8.00e-03,2.42e+01,
17410,-8.00e-03,2.42e+01,
17411,-8.00e-03,2.46e+01,
17412,-8.00e-03,2.44e+01,
17413,-8.00e-03,2.42e+01,
17414,-8.00e-03,2.42e+01,
17415,-8.00e-03,2.46e+01,
17416,-8.00e-03,2.42e+01,
17417,-8.00e-03,2.42e+01,
17418,-8.00e-03,2.44e+01,
17419,-8.00e-03,2.44e+01,
17420,-8.00e-03,2.42e+01,
17421,-8.00e-03,2.42e+01,
17422,-8.00e-03,2.44e+01,
17423,-8.00e-03,2.44e+01,
17424,-8.00e-03,2.42e+01,
17425,-8.00e-03,2.42e+01,
17426,-1.20e-02,2.42e+01,
17427,-8.00e-03,2.44e+01,
17428,-8.00e-03,2.44e+01,
17429,-8.00e-03,2.42e+01,
17430,-8.00e-03,2.42e+01,
17431,-8.00e-03,2.44e+01,
17432,-8.00e-03,2.44e+01,
17433,-4.00e-03,2.42e+01,
17434,-1.20e-02,2.42e+01,
17435,-8.00e-03,2.44e+01,
17436,-8.00e-03,2.44e+01,
17437,-8.00e-03,2.42e+01,
17438,-8.00e-03,2.44e+01,
17439,-8.00e-03,2.44e+01,
17440,-8.00e-03,2.44e+01,
17441,-8.00e-03,2.44e+01,
17442,-1.20e-02,2.44e+01,
17443,-8.00e-03,2.46e+01,
17444,-8.00e-03,2.44e+01,
17445,-1.20e-02,2.42e+01,
17446,-8.00e-03,2.42e+01,
17447,-8.00e-03,2.46e+01,
17448,-8.00e-03,2.44e+01,
17449,-8.00e-03,2.42e+01,
17450,-1.20e-02,2.42e+01,
17451,-8.00e-03,2.44e+01,
17452,-8.00e-03,2.44e+01,
17453,-8.00e-03,2.42e+01,
17454,-1.20e-02,2.42e+01,
17455,-8.00e-03,2.44e+01,
17456,-8.00e-03,2.44e+01,
17457,-8.00e-03,2.42e+01,
17458,-1.20e-02,2.44e+01,
17459,-8.00e-03,2.44e+01,
17460,-8.00e-03,2.44e+01,
17461,-1.20e-02,2.44e+01,
17462,-8.00e-03,2.44e+01,
17463,-8.00e-03,2.44e+01,
17464,-8.00e-03,2.42e+01,
17465,-8.00e-03,2.44e+01,
17466,-1.20e-02,2.42e+01,
17467,-8.00e-03,2.44e+01,
17468,-8.00e-03,2.44e+01,
17469,-8.00e-03,2.42e+01,
17470,-8.00e-03,2.42e+01,
17471,-8.00e-03,2.44e+01,
17472,-8.00e-03,2.42e+01,
17473,-8.00e-03,2.44e+01,
17474,-1.20e-02,2.42e+01,
17475,-8.00e-03,2.44e+01,
17476,-1.20e-02,2.44e+01,
17477,-8.00e-03,2.42e+01,
17478,-8.00e-03,2.42e+01,
17479,-8.00e-03,2.44e+01,
17480,-8.00e-03,2.42e+01,
17481,-8.00e-03,2.42e+01,
17482,-1.20e-02,2.42e+01,
17483,-8.00e-03,2.44e+01,
17484,-8.00e-03,2.42e+01,
17485,-8.00e-03,2.42e+01,
17486,-8.00e-03,2.42e+01,
17487,-8.00e-03,2.46e+01,
17488,-8.00e-03,2.42e+01,
17489,-8.00e-03,2.42e+01,
17490,-1.20e-02,2.44e+01,
17491,-8.00e-03,2.44e+01,
17492,-8.00e-03,2.44e+01,
17493,-8.00e-03,2.44e+01,
17494,-8.00e-03,2.42e+01,
17495,-8.00e-03,2.44e+01,
17496,-1.20e-02,2.44e+01,
17497,-8.00e-03,2.42e+01,
17498,-1.20e-02,2.42e+01,
17499,-8.00e-03,2.44e+01,
17500,-8.00e-03,2.44e+01,
17501,-8.00e-03,2.42e+01,
17502,-1.20e-02,2.42e+01,
17503,-8.00e-03,2.44e+01,
17504,-8.00e-03,2.42e+01,
17505,-8.00e-03,2.42e+01,
17506,-8.00e-03,2.42e+01,
17507,-8.00e-03,2.44e+01,
17508,-8.00e-03,2.44e+01,
17509,-8.00e-03,2.42e+01,
17510,-8.00e-03,2.42e+01,
17511,-8.00e-03,2.44e+01,
17512,-8.00e-03,2.42e+01,
17513,-8.00e-03,2.42e+01,
17514,-1.20e-02,2.42e+01,
17515,-8.00e-03,2.44e+01,
17516,-8.00e-03,2.44e+01,
17517,-8.00e-03,2.42e+01,
17518,-8.00e-03,2.42e+01,
17519,-8.00e-03,2.46e+01,
17520,-8.00e-03,2.44e+01,
17521,-8.00e-03,2.44e+01,
17522,-1.20e-02,2.42e+01,
17523,-8.00e-03,2.44e+01,
17524,-1.20e-02,2.42e+01,
17525,-8.00e-03,2.42e+01,
17526,-8.00e-03,2.42e+01,
17527,-8.00e-03,2.44e+01,
17528,-8.00e-03,2.42e+01,
17529,-8.00e-03,2.42e+01,
17530,-8.00e-03,2.42e+01,
17531,-8.00e-03,2.44e+01,
17532,-8.00e-03,2.44e+01,
17533,-8.00e-03,2.42e+01,
17534,-8.00e-03,2.42e+01,
17535,-8.00e-03,2.44e+01,
17536,-1.20e-02,2.42e+01,
17537,-8.00e-03,2.42e+01,
17538,-8.00e-03,2.44e+01,
17539,-8.00e-03,2.44e+01,
17540,-8.00e-03,2.42e+01,
17541,-8.00e-03,2.42e+01,
17542,-8.00e-03,2.42e+01,
17543,-8.00e-03,2.44e+01,
17544,-8.00e-03,2.44e+01,
17545,-8.00e-03,2.42e+01,
17546,-8.00e-03,2.44e+01,
17547,-8.00e-03,2.44e+01,
17548,-8.00e-03,2.44e+01,
17549,-8.00e-03,2.42e+01,
17550,-8.00e-03,2.44e+01,
17551,-8.00e-03,2.44e+01,
17552,-8.00e-03,2.42e+01,
17553,-8.00e-03,2.44e+01,
17554,-1.20e-02,2.42e+01,
17555,-8.00e-03,2.44e+01,
17556,-8.00e-03,2.42e+01,
17557,-8.00e-03,2.42e+01,
17558,-8.00e-03,2.42e+01,
17559,-8.00e-03,2.44e+01,
17560,-8.00e-03,2.42e+01,
17561,-8.00e-03,2.42e+01,
17562,-1.20e-02,2.42e+01,
17563,-8.00e-03,2.44e+01,
17564,-8.00e-03,2.42e+01,
17565,-8.00e-03,2.42e+01,
17566,-8.00e-03,2.42e+01,
17567,-8.00e-03,2.44e+01,
17568,-8.00e-03,2.42e+01,
17569,-8.00e-03,2.42e+01,
17570,-1.20e-02,2.44e+01,
17571,-8.00e-03,2.44e+01,
17572,-8.00e-03,2.42e+01,
17573,-8.00e-03,2.42e+01,
17574,-1.20e-02,2.42e+01,
17575,-8.00e-03,2.44e+01,
17576,-8.00e-03,2.44e+01,
17577,-8.00e-03,2.42e+01,
17578,-8.00e-03,2.42e+01,
17579,-8.00e-03,2.44e+01,
17580,-8.00e-03,2.42e+01,
17581,-8.00e-03,2.42e+01,
17582,-8.00e-03,2.42e+01,
17583,-4.00e-03,2.44e+01,
17584,-8.00e-03,2.44e+01,
17585,-8.00e-03,2.42e+01,
17586,-1.20e-02,2.42e+01,
17587,-8.00e-03,2.44e+01,
17588,-8.00e-03,2.42e+01,
17589,-8.00e-03,2.42e+01,
17590,-8.00e-03,2.42e+01,
17591,-8.00e-03,2.44e+01,
17592,-8.00e-03,2.44e+01,
17593,-8.00e-03,2.42e+01,
17594,-8.00e-03,2.42e+01,
17595,-8.00e-03,2.44e+01,
17596,-8.00e-03,2.42e+01,
17597,-8.00e-03,2.42e+01,
17598,-8.00e-03,2.42e+01,
17599,-8.00e-03,2.44e+01,
17600,-8.00e-03,2.42e+01,
17601,-8.00e-03,2.42e+01,
17602,-1.20e-02,2.42e+01,
17603,-8.00e-03,2.44e+01,
17604,-8.00e-03,2.44e+01,
17605,-8.00e-03,2.42e+01,
17606,-8.00e-03,2.42e+01,
17607,-8.00e-03,2.44e+01,
17608,-8.00e-03,2.42e+01,
17609,-8.00e-03,2.42e+01,
17610,-8.00e-03,2.42e+01,
17611,-8.00e-03,2.44e+01,
17612,-8.00e-03,2.44e+01,
17613,-8.00e-03,2.42e+01,
17614,-1.20e-02,2.42e+01,
17615,-8.00e-03,2.44e+01,
17616,-8.00e-03,2.42e+01,
17617,-8.00e-03,2.42e+01,
17618,-1.20e-02,2.42e+01,
17619,-8.00e-03,2.44e+01,
17620,-8.00e-03,2.42e+01,
17621,-1.20e-02,2.42e+01,
17622,-1.20e-02,2.44e+01,
17623,-8.00e-03,2.44e+01,
17624,-8.00e-03,2.42e+01,
17625,-8.00e-03,2.44e+01,
17626,-1.20e-02,2.42e+01,
17627,-8.00e-03,2.44e+01,
17628,-8.00e-03,2.44e+01,
17629,-8.00e-03,2.42e+01,
17630,-8.00e-03,2.42e+01,
17631,-4.00e-03,2.42e+01,
17632,-8.00e-03,2.42e+01,
17633,-8.00e-03,2.42e+01,
17634,-1.20e-02,2.42e+01,
17635,-8.00e-03,2.46e+01,
17636,-8.00e-03,2.44e+01,
17637,-8.00e-03,2.42e+01,
17638,-8.00e-03,2.42e+01,
17639,-8.00e-03,2.44e+01,
17640,-8.00e-03,2.42e+01,
17641,-8.00e-03,2.42e+01,
17642,-1.20e-02,2.44e+01,
17643,-8.00e-03,2.44e+01,
17644,-8.00e-03,2.42e+01,
17645,-8.00e-03,2.42e+01,
17646,-8.00e-03,2.42e+01,
17647,-8.00e-03,2.44e+01,
17648,-8.00e-03,2.42e+01,
17649,-8.00e-03,2.42e+01,
17650,-8.00e-03,2.42e+01,
17651,-8.00e-03,2.44e+01,
17652,-1.20e-02,2.42e+01,
17653,-8.00e-03,2.42e+01,
17654,-8.00e-03,2.44e+01,
17655,-8.00e-03,2.44e+01,
17656,-8.00e-03,2.42e+01,
17657,-8.00e-03,2.42e+01,
17658,-1.20e-02,2.42e+01,
17659,-8.00e-03,2.44e+01,
17660,-8.00e-03,2.44e+01,
17661,-8.00e-03,2.42e+01,
17662,-8.00e-03,2.42e+01,
17663,-8.00e-03,2.44e+01,
17664,-8.00e-03,2.42e+01,
17665,-8.00e-03,2.44e+01,
17666,-8.00e-03,2.42e+01,
17667,-8.00e-03,2.44e+01,
17668,-8.00e-03,2.44e+01,
17669,-8.00e-03,2.42e+01,
17670,-8.00e-03,2.44e+01,
17671,-8.00e-03,2.44e+01,
17672,-8.00e-03,2.42e+01,
17673,-8.00e-03,2.42e+01,
17674,-1.20e-02,2.42e+01,
17675,-8.00e-03,2.44e+01,
17676,-8.00e-03,2.42e+01,
17677,-8.00e-03,2.42e+01,
17678,-1.20e-02,2.42e+01,
17679,-8.00e-03,2.44e+01,
17680,-8.00e-03,2.44e+01,
17681,-8.00e-03,2.42e+01,
17682,-1.20e-02,2.42e+01,
17683,-8.00e-03,2.44e+01,
17684,-8.00e-03,2.44e+01,
17685,-8.00e-03,2.42e+01,
17686,-8.00e-03,2.44e+01,
17687,-8.00e-03,2.44e+01,
17688,-8.00e-03,2.42e+01,
17689,-8.00e-03,2.42e+01,
17690,-1.20e-02,2.42e+01,
17691,-8.00e-03,2.44e+01,
17692,-1.20e-02,2.44e+01,
17693,-8.00e-03,2.42e+01,
17694,-8.00e-03,2.42e+01,
17695,-8.00e-03,2.44e+01,
17696,-8.00e-03,2.42e+01,
17697,-8.00e-03,2.42e+01,
17698,-1.20e-02,2.44e+01,
17699,-8.00e-03,2.44e+01,
17700,-8.00e-03,2.42e+01,
17701,-8.00e-03,2.42e+01,
17702,-1.20e-02,2.42e+01,
17703,-8.00e-03,2.44e+01,
17704,-8.00e-03,2.42e+01,
17705,-8.00e-03,2.42e+01,
17706,-8.00e-03,2.44e+01,
17707,-4.00e-03,2.44e+01,
17708,-8.00e-03,2.44e+01,
17709,-8.00e-03,2.42e+01,
17710,-8.00e-03,2.42e+01,
17711,-8.00e-03,2.44e+01,
17712,-8.00e-03,2.42e+01,
17713,-8.00e-03,2.42e+01,
17714,-8.00e-03,2.42e+01,
17715,-8.00e-03,2.44e+01,
17716,-8.00e-03,2.44e+01,
17717,-8.00e-03,2.42e+01,
17718,-8.00e-03,2.42e+01,
17719,-8.00e-03,2.44e+01,
17720,-8.00e-03,2.42e+01,
17721,-8.00e-03,2.42e+01,
17722,-1.20e-02,2.42e+01,
17723,-8.00e-03,2.44e+01,
17724,-8.00e-03,2.44e+01,
17725,-8.00e-03,2.42e+01,
17726,-8.00e-03,2.42e+01,
17727,-8.00e-03,2.44e+01,
17728,-8.00e-03,2.42e+01,
17729,-8.00e-03,2.42e+01,
17730,-1.20e-02,2.42e+01,
17731,-8.00e-03,2.44e+01,
17732,-8.00e-03,2.44e+01,
17733,-8.00e-03,2.42e+01,
17734,-8.00e-03,2.42e+01,
17735,-8.00e-03,2.44e+01,
17736,-8.00e-03,2.42e+01,
17737,-8.00e-03,2.42e+01,
17738,-1.20e-02,2.42e+01,
17739,-4.00e-03,2.44e+01,
17740,-8.00e-03,2.44e+01,
17741,-8.00e-03,2.42e+01,
17742,-8.00e-03,2.42e+01,
17743,-8.00e-03,2.44e+01,
17744,-8.00e-03,2.42e+01,
17745,-8.00e-03,2.44e+01,
17746,-8.00e-03,2.42e+01,
17747,-8.00e-03,2.44e+01,
17748,-8.00e-03,2.42e+01,
17749,-8.00e-03,2.42e+01,
17750,-8.00e-03,2.42e+01,
17751,-8.00e-03,2.44e+01,
17752,-8.00e-03,2.42e+01,
17753,-8.00e-03,2.42e+01,
17754,-1.20e-02,2.42e+01,
17755,-8.00e-03,2.44e+01,
17756,-8.00e-03,2.42e+01,
17757,-8.00e-03,2.42e+01,
17758,-8.00e-03,2.44e+01,
17759,-8.00e-03,2.44e+01,
17760,-8.00e-03,2.42e+01,
17761,-8.00e-03,2.42e+01,
17762,-1.20e-02,2.42e+01,
17763,-8.00e-03,2.44e+01,
17764,-8.00e-03,2.42e+01,
17765,-8.00e-03,2.42e+01,
17766,-8.00e-03,2.42e+01,
17767,-8.00e-03,2.44e+01,
17768,-8.00e-03,2.42e+01,
17769,-8.00e-03,2.42e+01,
17770,-8.00e-03,2.42e+01,
17771,-8.00e-03,2.44e+01,
17772,-8.00e-03,2.44e+01,
17773,-8.00e-03,2.42e+01,
17774,-8.00e-03,2.42e+01,
17775,-8.00e-03,2.44e+01,
17776,-8.00e-03,2.42e+01,
17777,-8.00e-03,2.42e+01,
17778,-1.20e-02,2.42e+01,
17779,-8.00e-03,2.44e+01,
17780,-8.00e-03,2.42e+01,
17781,-8.00e-03,2.42e+01,
17782,-8.00e-03,2.42e+01,
17783,-8.00e-03,2.44e+01,
17784,-8.00e-03,2.42e+01,
17785,-8.00e-03,2.42e+01,
17786,-1.20e-02,2.42e+01,
17787,-8.00e-03,2.44e+01,
17788,-8.00e-03,2.44e+01,
17789,-8.00e-03,2.42e+01,
17790,-8.00e-03,2.42e+01,
17791,-8.00e-03,2.44e+01,
17792,-8.00e-03,2.42e+01,
17793,-8.00e-03,2.42e+01,
17794,-8.00e-03,2.42e+01,
17795,-8.00e-03,2.44e+01,
17796,-8.00e-03,2.42e+01,
17797,-8.00e-03,2.42e+01,
17798,-8.00e-03,2.42e+01,
17799,-8.00e-03,2.44e+01,
17800,-8.00e-03,2.42e+01,
17801,-8.00e-03,2.42e+01,
17802,-1.20e-02,2.42e+01,
17803,-8.00e-03,2.44e+01,
17804,-8.00e-03,2.44e+01,
17805,-8.00e-03,2.42e+01,
17806,-8.00e-03,2.42e+01,
17807,-8.00e-03,2.44e+01,
17808,-8.00e-03,2.42e+01,
17809,-8.00e-03,2.42e+01,
17810,-1.20e-02,2.42e+01,
17811,-8.00e-03,2.44e+01,
17812,-8.00e-03,2.42e+01,
17813,-8.00e-03,2.42e+01,
17814,-8.00e-03,2.42e+01,
17815,-8.00e-03,2.44e+01,
17816,-8.00e-03,2.42e+01,
17817,-8.00e-03,2.42e+01,
17818,-1.20e-02,2.42e+01,
17819,-8.00e-03,2.44e+01,
17820,-8.00e-03,2.44e+01,
17821,-8.00e-03,2.42e+01,
17822,-8.00e-03,2.42e+01,
17823,-8.00e-03,2.44e+01,
17824,-8.00e-03,2.42e+01,
17825,-8.00e-03,2.42e+01,
17826,-8.00e-03,2.42e+01,
17827,-8.00e-03,2.44e+01,
17828,-8.00e-03,2.42e+01,
17829,-8.00e-03,2.42e+01,
17830,-8.00e-03,2.42e+01,
17831,-8.00e-03,2.44e+01,
17832,-8.00e-03,2.42e+01,
17833,-8.00e-03,2.42e+01,
17834,-8.00e-03,2.42e+01,
17835,-8.00e-03,2.44e+01,
17836,-8.00e-03,2.42e+01,
17837,-8.00e-03,2.42e+01,
17838,-8.00e-03,2.42e+01,
17839,-8.00e-03,2.44e+01,
17840,-8.00e-03,2.42e+01,
17841,-8.00e-03,2.42e+01,
17842,-1.20e-02,2.42e+01,
17843,-8.00e-03,2.44e+01,
17844,-8.00e-03,2.42e+01,
17845,-8.00e-03,2.42e+01,
17846,-8.00e-03,2.42e+01,
17847,-8.00e-03,2.44e+01,
17848,-8.00e-03,2.42e+01,
17849,-8.00e-03,2.42e+01,
17850,-1.20e-02,2.42e+01,
17851,-8.00e-03,2.44e+01,
17852,-8.00e-03,2.42e+01,
17853,-8.00e-03,2.42e+01,
17854,-8.00e-03,2.42e+01,
17855,-4.00e-03,2.44e+01,
17856,-8.00e-03,2.42e+01,
17857,-8.00e-03,2.42e+01,
17858,-1.20e-02,2.42e+01,
17859,-8.00e-03,2.44e+01,
17860,-8.00e-03,2.42e+01,
17861,-8.00e-03,2.42e+01,
17862,-8.00e-03,2.42e+01,
17863,-8.00e-03,2.44e+01,
17864,-8.00e-03,2.42e+01,
17865,-8.00e-03,2.42e+01,
17866,-1.20e-02,2.42e+01,
17867,-8.00e-03,2.44e+01,
17868,-8.00e-03,2.42e+01,
17869,-8.00e-03,2.42e+01,
17870,-8.00e-03,2.42e+01,
17871,-8.00e-03,2.44e+01,
17872,-8.00e-03,2.42e+01,
17873,-8.00e-03,2.42e+01,
17874,-1.20e-02,2.42e+01,
17875,-8.00e-03,2.44e+01,
17876,-8.00e-03,2.42e+01,
17877,-8.00e-03,2.42e+01,
17878,-8.00e-03,2.42e+01,
17879,-8.00e-03,2.44e+01,
17880,-8.00e-03,2.42e+01,
17881,-8.00e-03,2.42e+01,
17882,-1.20e-02,2.42e+01,
17883,-8.00e-03,2.44e+01,
17884,-8.00e-03,2.42e+01,
17885,-8.00e-03,2.42e+01,
17886,-8.00e-03,2.42e+01,
17887,-8.00e-03,2.44e+01,
17888,-8.00e-03,2.42e+01,
17889,-8.00e-03,2.40e+01,
17890,-8.00e-03,2.42e+01,
17891,-8.00e-03,2.44e+01,
17892,-8.00e-03,2.42e+01,
17893,-8.00e-03,2.42e+01,
17894,-8.00e-03,2.42e+01,
17895,-8.00e-03,2.44e+01,
17896,-8.00e-03,2.42e+01,
17897,-8.00e-03,2.42e+01,
17898,-8.00e-03,2.42e+01,
17899,-8.00e-03,2.44e+01,
17900,-8.00e-03,2.42e+01,
17901,-8.00e-03,2.42e+01,
17902,-8.00e-03,2.42e+01,
17903,-8.00e-03,2.44e+01,
17904,-8.00e-03,2.42e+01,
17905,-8.00e-03,2.42e+01,
17906,-8.00e-03,2.42e+01,
17907,-8.00e-03,2.44e+01,
17908,-8.00e-03,2.42e+01,
17909,-8.00e-03,2.42e+01,
17910,-8.00e-03,2.42e+01,
17911,-8.00e-03,2.44e+01,
17912,-8.00e-03,2.42e+01,
17913,-8.00e-03,2.42e+01,
17914,-1.20e-02,2.42e+01,
17915,-8.00e-03,2.44e+01,
17916,-8.00e-03,2.44e+01,
17917,-8.00e-03,2.40e+01,
17918,-8.00e-03,2.42e+01,
17919,-8.00e-03,2.44e+01,
17920,-8.00e-03,2.42e+01,
17921,-8.00e-03,2.42e+01,
17922,-8.00e-03,2.42e+01,
17923,-8.00e-03,2.44e+01,
17924,-8.00e-03,2.42e+01,
17925,-8.00e-03,2.42e+01,
17926,-8.00e-03,2.42e+01,
17927,-8.00e-03,2.44e+01,
17928,-8.00e-03,2.42e+01,
17929,-8.00e-03,2.42e+01,
17930,-1.20e-02,2.42e+01,
17931,-8.00e-03,2.44e+01,
17932,-8.00e-03,2.42e+01,
17933,-8.00e-03,2.42e+01,
17934,-8.00e-03,2.42e+01,
17935,-8.00e-03,2.42e+01,
17936,-8.00e-03,2.42e+01,
17937,-8.00e-03,2.42e+01,
17938,-1.20e-02,2.42e+01,
17939,-8.00e-03,2.44e+01,
17940,-8.00e-03,2.42e+01,
17941,-8.00e-03,2.42e+01,
17942,-8.00e-03,2.42e+01,
17943,-8.00e-03,2.44e+01,
17944,-8.00e-03,2.42e+01,
17945,-8.00e-03,2.40e+01,
17946,-1.20e-02,2.42e+01,
17947,-8.00e-03,2.42e+01,
17948,-8.00e-03,2.42e+01,
17949,-8.00e-03,2.42e+01,
17950,-8.00e-03,2.42e+01,
17951,-4.00e-03,2.44e+01,
17952,-8.00e-03,2.42e+01,
17953,-8.00e-03,2.42e+01,
17954,-1.20e-02,2.42e+01,
17955,-8.00e-03,2.44e+01,
17956,-8.00e-03,2.42e+01,
17957,-8.00e-03,2.42e+01,
17958,-8.00e-03,2.42e+01,
17959,-8.00e-03,2.44e+01,
17960,-8.00e-03,2.44e+01,
17961,-4.00e-03,2.42e+01,
17962,-8.00e-03,2.42e+01,
17963,-8.00e-03,2.44e+01,
17964,-8.00e-03,2.42e+01,
17965,-8.00e-03,2.42e+01,
17966,-1.20e-02,2.42e+01,
17967,-8.00e-03,2.44e+01,
17968,-8.00e-03,2.42e+01,
17969,-8.00e-03,2.42e+01,
17970,-8.00e-03,2.42e+01,
17971,-8.00e-03,2.44e+01,
17972,-8.00e-03,2.42e+01,
17973,-8.00e-03,2.42e+01,
17974,-8.00e-03,2.42e+01,
17975,-8.00e-03,2.44e+01,
17976,-8.00e-03,2.42e+01,
17977,-8.00e-03,2.42e+01,
17978,-8.00e-03,2.42e+01,
17979,-8.00e-03,2.44e+01,
17980,-8.00e-03,2.44e+01,
17981,-8.00e-03,2.42e+01,
17982,-8.00e-03,2.42e+01,
17983,-8.00e-03,2.44e+01,
17984,-8.00e-03,2.42e+01,
17985,-8.00e-03,2.42e+01,
17986,-8.00e-03,2.42e+01,
17987,-8.00e-03,2.44e+01,
17988,-4.00e-03,2.42e+01,
17989,-8.00e-03,2.42e+01,
17990,-1.20e-02,2.42e+01,
17991,-8.00e-03,2.44e+01,
17992,-8.00e-03,2.42e+01,
17993,-8.00e-03,2.42e+01,
17994,-8.00e-03,2.42e+01,
17995,-8.00e-03,2.42e+01,
17996,-8.00e-03,2.42e+01,
17997,-8.00e-03,2.42e+01,
17998,-8.00e-03,2.42e+01,
17999,-8.00e-03,2.44e+01,
18000,-8.00e-03,2.42e+01,
18001,-8.00e-03,2.42e+01,
18002,-8.00e-03,2.42e+01,
18003,-8.00e-03,2.44e+01,
18004,-8.00e-03,2.42e+01,
18005,-8.00e-03,2.42e+01,
18006,-8.00e-03,2.42e+01,
18007,-8.00e-03,2.44e+01,
18008,-8.00e-03,2.42e+01,
18009,-8.00e-03,2.42e+01,
18010,-8.00e-03,2.42e+01,
18011,-8.00e-03,2.44e+01,
18012,-8.00e-03,2.42e+01,
18013,-8.00e-03,2.42e+01,
18014,-8.00e-03,2.42e+01,
18015,-8.00e-03,2.44e+01,
18016,-8.00e-03,2.42e+01,
18017,-8.00e-03,2.42e+01,
18018,-1.20e-02,2.42e+01,
18019,-8.00e-03,2.44e+01,
18020,-8.00e-03,2.42e+01,
18021,-8.00e-03,2.42e+01,
18022,-8.00e-03,2.42e+01,
18023,-4.00e-03,2.44e+01,
18024,-8.00e-03,2.42e+01,
18025,-8.00e-03,2.42e+01,
18026,-8.00e-03,2.42e+01,
18027,-8.00e-03,2.44e+01,
18028,-8.00e-03,2.42e+01,
18029,-8.00e-03,2.42e+01,
18030,-8.00e-03,2.42e+01,
18031,-8.00e-03,2.44e+01,
18032,-8.00e-03,2.42e+01,
18033,-8.00e-03,2.40e+01,
18034,-8.00e-03,2.42e+01,
18035,-8.00e-03,2.44e+01,
18036,-8.00e-03,2.42e+01,
18037,-8.00e-03,2.42e+01,
18038,-8.00e-03,2.42e+01,
18039,-8.00e-03,2.44e+01,
18040,-8.00e-03,2.42e+01,
18041,-8.00e-03,2.42e+01,
18042,-8.00e-03,2.42e+01,
18043,-4.00e-03,2.44e+01,
18044,-8.00e-03,2.42e+01,
18045,-8.00e-03,2.42e+01,
18046,-8.00e-03,2.42e+01,
18047,-8.00e-03,2.44e+01,
18048,-8.00e-03,2.42e+01,
18049,-8.00e-03,2.42e+01,
18050,-8.00e-03,2.42e+01,
18051,-8.00e-03,2.44e+01,
18052,-8.00e-03,2.42e+01,
18053,-8.00e-03,2.42e+01,
18054,-8.00e-03,2.42e+01,
18055,-4.00e-03,2.44e+01,
18056,-8.00e-03,2.42e+01,
18057,-8.00e-03,2.42e+01,
18058,-1.20e-02,2.42e+01,
18059,-8.00e-03,2.44e+01,
18060,-8.00e-03,2.42e+01,
18061,-8.00e-03,2.42e+01,
18062,-1.20e-02,2.40e+01,
18063,-8.00e-03,2.42e+01,
18064,-8.00e-03,2.42e+01,
18065,-8.00e-03,2.42e+01,
18066,-8.00e-03,2.42e+01,
18067,-8.00e-03,2.44e+01,
18068,-8.00e-03,2.42e+01,
18069,-8.00e-03,2.42e+01,
18070,-1.20e-02,2.42e+01,
18071,-8.00e-03,2.42e+01,
18072,-8.00e-03,2.42e+01,
18073,-8.00e-03,2.42e+01,
18074,-8.00e-03,2.42e+01,
18075,-8.00e-03,2.44e+01,
18076,-8.00e-03,2.42e+01,
18077,-8.00e-03,2.42e+01,
18078,-1.20e-02,2.42e+01,
18079,-8.00e-03,2.44e+01,
18080,-8.00e-03,2.42e+01,
18081,-1.20e-02,2.40e+01,
18082,-8.00e-03,2.42e+01,
18083,-8.00e-03,2.44e+01,
18084,-8.00e-03,2.42e+01,
18085,-8.00e-03,2.42e+01,
18086,-8.00e-03,2.42e+01,
18087,-8.00e-03,2.44e+01,
18088,-8.00e-03,2.42e+01,
18089,-8.00e-03,2.42e+01,
18090,-1.20e-02,2.42e+01,
18091,-8.00e-03,2.44e+01,
18092,-8.00e-03,2.42e+01,
18093,-8.00e-03,2.42e+01,
18094,-8.00e-03,2.40e+01,
18095,-8.00e-03,2.44e+01,
18096,-8.00e-03,2.42e+01,
18097,-8.00e-03,2.42e+01,
18098,-8.00e-03,2.42e+01,
18099,-8.00e-03,2.44e+01,
18100,-8.00e-03,2.42e+01,
18101,-8.00e-03,2.42e+01,
18102,-8.00e-03,2.40e+01,
18103,-8.00e-03,2.44e+01,
18104,-8.00e-03,2.42e+01,
18105,-8.00e-03,2.42e+01,
18106,-1.20e-02,2.42e+01,
18107,-8.00e-03,2.42e+01,
18108,-8.00e-03,2.42e+01,
18109,-8.00e-03,2.42e+01,
18110,-1.20e-02,2.42e+01,
18111,-8.00e-03,2.44e+01,
18112,-8.00e-03,2.42e+01,
18113,-8.00e-03,2.42e+01,
18114,-1.20e-02,2.42e+01,
18115,-8.00e-03,2.42e+01,
18116,-8.00e-03,2.42e+01,
18117,-8.00e-03,2.42e+01,
18118,-1.20e-02,2.42e+01,
18119,-8.00e-03,2.44e+01,
18120,-8.00e-03,2.42e+01,
18121,-8.00e-03,2.42e+01,
18122,-1.20e-02,2.40e+01,
18123,-8.00e-03,2.44e+01,
18124,-8.00e-03,2.42e+01,
18125,-8.00e-03,2.42e+01,
18126,-8.00e-03,2.42e+01,
18127,-8.00e-03,2.44e+01,
18128,-8.00e-03,2.42e+01,
18129,-8.00e-03,2.40e+01,
18130,-1.20e-02,2.42e+01,
18131,-8.00e-03,2.44e+01,
18132,-8.00e-03,2.42e+01,
18133,-8.00e-03,2.42e+01,
18134,-8.00e-03,2.40e+01,
18135,-8.00e-03,2.44e+01,
18136,-8.00e-03,2.42e+01,
18137,-8.00e-03,2.42e+01,
18138,-8.00e-03,2.42e+01,
18139,-8.00e-03,2.44e+01,
18140,-8.00e-03,2.42e+01,
18141,-8.00e-03,2.40e+01,
18142,-8.00e-03,2.42e+01,
18143,-8.00e-03,2.42e+01,
18144,-8.00e-03,2.42e+01,
18145,-8.00e-03,2.42e+01,
18146,-8.00e-03,2.42e+01,
18147,-8.00e-03,2.44e+01,
18148,-8.00e-03,2.42e+01,
18149,-8.00e-03,2.42e+01,
18150,-8.00e-03,2.40e+01,
18151,-8.00e-03,2.44e+01,
18152,-8.00e-03,2.42e+01,
18153,-8.00e-03,2.42e+01,
18154,-1.20e-02,2.42e+01,
18155,-8.00e-03,2.44e+01,
18156,-1.20e-02,2.42e+01,
18157,-8.00e-03,2.42e+01,
18158,-8.00e-03,2.42e+01,
18159,-8.00e-03,2.44e+01,
18160,-8.00e-03,2.42e+01,
18161,-8.00e-03,2.42e+01,
18162,-1.20e-02,2.42e+01,
18163,-4.00e-03,2.42e+01,
18164,-8.00e-03,2.42e+01,
18165,-8.00e-03,2.42e+01,
18166,-8.00e-03,2.42e+01,
18167,-8.00e-03,2.42e+01,
18168,-8.00e-03,2.42e+01,
18169,-8.00e-03,2.42e+01,
18170,-1.20e-02,2.42e+01,
18171,-8.00e-03,2.44e+01,
18172,-8.00e-03,2.42e+01,
18173,-8.00e-03,2.40e+01,
18174,-8.00e-03,2.42e+01,
18175,-4.00e-03,2.44e+01,
18176,-8.00e-03,2.42e+01,
18177,-8.00e-03,2.42e+01,
18178,-1.20e-02,2.42e+01,
18179,-8.00e-03,2.44e+01,
18180,-8.00e-03,2.42e+01,
18181,-8.00e-03,2.40e+01,
18182,-1.20e-02,2.42e+01,
18183,-8.00e-03,2.44e+01,
18184,-8.00e-03,2.42e+01,
18185,-8.00e-03,2.42e+01,
18186,-1.20e-02,2.40e+01,
18187,-8.00e-03,2.44e+01,
18188,-8.00e-03,2.40e+01,
18189,-8.00e-03,2.42e+01,
18190,-8.00e-03,2.42e+01,
18191,-8.00e-03,2.44e+01,
18192,-8.00e-03,2.42e+01,
18193,-8.00e-03,2.42e+01,
18194,-8.00e-03,2.42e+01,
18195,-8.00e-03,2.44e+01,
18196,-8.00e-03,2.42e+01,
18197,-8.00e-03,2.40e+01,
18198,-8.00e-03,2.42e+01,
18199,-8.00e-03,2.44e+01,
18200,-8.00e-03,2.42e+01,
18201,-8.00e-03,2.42e+01,
18202,-1.20e-02,2.42e+01,
18203,-8.00e-03,2.44e+01,
18204,-8.00e-03,2.42e+01,
18205,-8.00e-03,2.42e+01,
18206,-8.00e-03,2.42e+01,
18207,-8.00e-03,2.44e+01,
18208,-8.00e-03,2.42e+01,
18209,-8.00e-03,2.42e+01,
18210,-8.00e-03,2.42e+01,
18211,-8.00e-03,2.42e+01,
18212,-8.00e-03,2.42e+01,
18213,-8.00e-03,2.40e+01,
18214,-8.00e-03,2.40e+01,
18215,-8.00e-03,2.44e+01,
18216,-8.00e-03,2.42e+01,
18217,-8.00e-03,2.42e+01,
18218,-8.00e-03,2.42e+01,
18219,-4.00e-03,2.44e+01,
18220,-8.00e-03,2.42e+01,
18221,-8.00e-03,2.42e+01,
18222,-8.00e-03,2.42e+01,
18223,-8.00e-03,2.42e+01,
18224,-8.00e-03,2.42e+01,
18225,-8.00e-03,2.40e+01,
18226,-1.20e-02,2.40e+01,
18227,-4.00e-03,2.42e+01,
18228,-8.00e-03,2.42e+01,
18229,-8.00e-03,2.40e+01,
18230,-8.00e-03,2.42e+01,
18231,-8.00e-03,2.42e+01,
18232,-8.00e-03,2.42e+01,
18233,-8.00e-03,2.42e+01,
18234,-1.20e-02,2.42e+01,
18235,-8.00e-03,2.42e+01,
18236,-8.00e-03,2.42e+01,
18237,-8.00e-03,2.40e+01,
18238,-8.00e-03,2.42e+01,
18239,-8.00e-03,2.42e+01,
18240,-8.00e-03,2.42e+01,
18241,-8.00e-03,2.42e+01,
18242,-1.20e-02,2.42e+01,
18243,-8.00e-03,2.44e+01,
18244,-8.00e-03,2.42e+01,
18245,-8.00e-03,2.42e+01,
18246,-8.00e-03,2.42e+01,
18247,-8.00e-03,2.42e+01,
18248,-8.00e-03,2.42e+01,
18249,-8.00e-03,2.40e+01,
18250,-1.20e-02,2.42e+01,
18251,-8.00e-03,2.44e+01,
18252,-8.00e-03,2.42e+01,
18253,-8.00e-03,2.42e+01,
18254,-8.00e-03,2.40e+01,
18255,-8.00e-03,2.42e+01,
18256,-8.00e-03,2.40e+01,
18257,-8.00e-03,2.40e+01,
18258,-8.00e-03,2.42e+01,
18259,-8.00e-03,2.44e+01,
18260,-8.00e-03,2.42e+01,
18261,-8.00e-03,2.40e+01,
18262,-8.00e-03,2.40e+01,
18263,-8.00e-03,2.44e+01,
18264,-8.00e-03,2.42e+01,
18265,-4.00e-03,2.42e+01,
18266,-1.20e-02,2.42e+01,
18267,-8.00e-03,2.44e+01,
18268,-8.00e-03,2.42e+01,
18269,-8.00e-03,2.40e+01,
18270,-8.00e-03,2.40e+01,
18271,-8.00e-03,2.44e+01,
18272,-8.00e-03,2.42e+01,
18273,-8.00e-03,2.42e+01,
18274,-1.20e-02,2.40e+01,
18275,-8.00e-03,2.44e+01,
18276,-8.00e-03,2.42e+01,
18277,-8.00e-03,2.40e+01,
18278,-8.00e-03,2.42e+01,
18279,-4.00e-03,2.42e+01,
18280,-8.00e-03,2.42e+01,
18281,-1.20e-02,2.42e+01,
18282,-8.00e-03,2.42e+01,
18283,-8.00e-03,2.44e+01,
18284,-8.00e-03,2.42e+01,
18285,-1.20e-02,2.40e+01,
18286,-8.00e-03,2.42e+01,
18287,-8.00e-03,2.42e+01,
18288,-8.00e-03,2.42e+01,
18289,-8.00e-03,2.42e+01,
18290,-1.20e-02,2.42e+01,
18291,-8.00e-03,2.44e+01,
18292,-1.20e-02,2.42e+01,
18293,-8.00e-03,2.40e+01,
18294,-8.00e-03,2.42e+01,
18295,-8.00e-03,2.42e+01,
18296,-8.00e-03,2.42e+01,
18297,-8.00e-03,2.42e+01,
18298,-1.20e-02,2.42e+01,
18299,-8.00e-03,2.42e+01,
18300,-8.00e-03,2.42e+01,
18301,-8.00e-03,2.40e+01,
18302,-8.00e-03,2.40e+01,
18303,-8.00e-03,2.44e+01,
18304,-8.00e-03,2.42e+01,
18305,-4.00e-03,2.40e+01,
18306,-8.00e-03,2.42e+01,
18307,-8.00e-03,2.42e+01,
18308,-8.00e-03,2.42e+01,
18309,-8.00e-03,2.40e+01,
18310,-8.00e-03,2.42e+01,
18311,-8.00e-03,2.42e+01,
18312,-8.00e-03,2.42e+01,
18313,-4.00e-03,2.42e+01,
18314,-1.20e-02,2.42e+01,
18315,-8.00e-03,2.42e+01,
18316,-8.00e-03,2.42e+01,
18317,-8.00e-03,2.42e+01,
18318,-8.00e-03,2.42e+01,
18319,-8.00e-03,2.44e+01,
18320,-8.00e-03,2.42e+01,
18321,-8.00e-03,2.42e+01,
18322,-1.20e-02,2.42e+01,
18323,-8.00e-03,2.44e+01,
18324,-8.00e-03,2.42e+01,
18325,-1.20e-02,2.42e+01,
18326,-8.00e-03,2.40e+01,
18327,-8.00e-03,2.42e+01,
18328,-8.00e-03,2.42e+01,
18329,-8.00e-03,2.42e+01,
18330,-8.00e-03,2.42e+01,
18331,-4.00e-03,2.42e+01,
18332,-8.00e-03,2.42e+01,
18333,-8.00e-03,2.42e+01,
18334,-8.00e-03,2.40e+01,
18335,-8.00e-03,2.42e+01,
18336,-8.00e-03,2.40e+01,
18337,-8.00e-03,2.40e+01,
18338,-1.20e-02,2.42e+01,
18339,-8.00e-03,2.44e+01,
18340,-8.00e-03,2.42e+01,
18341,-8.00e-03,2.40e+01,
18342,-8.00e-03,2.42e+01,
18343,-8.00e-03,2.42e+01,
18344,-8.00e-03,2.42e+01,
18345,-8.00e-03,2.42e+01,
18346,-1.20e-02,2.40e+01,
18347,-8.00e-03,2.42e+01,
18348,-8.00e-03,2.40e+01,
18349,-8.00e-03,2.40e+01,
18350,-8.00e-03,2.42e+01,
18351,-8.00e-03,2.42e+01,
18352,-8.00e-03,2.42e+01,
18353,-8.00e-03,2.40e+01,
18354,-1.20e-02,2.42e+01,
18355,-8.00e-03,2.42e+01,
18356,-8.00e-03,2.42e+01,
18357,-8.00e-03,2.42e+01,
18358,-8.00e-03,2.42e+01,
18359,-8.00e-03,2.42e+01,
18360,-8.00e-03,2.42e+01,
18361,-8.00e-03,2.40e+01,
18362,-1.20e-02,2.42e+01,
18363,-4.00e-03,2.42e+01,
18364,-8.00e-03,2.40e+01,
18365,-8.00e-03,2.40e+01,
18366,-8.00e-03,2.42e+01,
18367,-8.00e-03,2.42e+01,
18368,-8.00e-03,2.42e+01,
18369,-8.00e-03,2.40e+01,
18370,-1.20e-02,2.40e+01,
18371,-8.00e-03,2.42e+01,
18372,-1.20e-02,2.42e+01,
18373,-1.20e-02,2.40e+01,
18374,-8.00e-03,2.40e+01,
18375,-8.00e-03,2.44e+01,
18376,-8.00e-03,2.40e+01,
18377,-8.00e-03,2.40e+01,
18378,-1.20e-02,2.42e+01,
18379,-4.00e-03,2.42e+01,
18380,-8.00e-03,2.42e+01,
18381,-8.00e-03,2.40e+01,
18382,-8.00e-03,2.40e+01,
18383,-8.00e-03,2.42e+01,
18384,-8.00e-03,2.40e+01,
18385,-8.00e-03,2.42e+01,
18386,-8.00e-03,2.42e+01,
18387,-8.00e-03,2.42e+01,
18388,-8.00e-03,2.42e+01,
18389,-8.00e-03,2.40e+01,
18390,-8.00e-03,2.42e+01,
18391,-8.00e-03,2.42e+01,
18392,-8.00e-03,2.42e+01,
18393,-8.00e-03,2.40e+01,
18394,-1.20e-02,2.40e+01,
18395,-8.00e-03,2.42e+01,
18396,-8.00e-03,2.42e+01,
18397,-8.00e-03,2.42e+01,
18398,-8.00e-03,2.42e+01,
18399,-4.00e-03,2.42e+01,
18400,-8.00e-03,2.42e+01,
18401,-8.00e-03,2.42e+01,
18402,-1.20e-02,2.40e+01,
18403,-8.00e-03,2.42e+01,
18404,-8.00e-03,2.42e+01,
18405,-8.00e-03,2.40e+01,
18406,-8.00e-03,2.42e+01,
18407,-8.00e-03,2.42e+01,
18408,-8.00e-03,2.42e+01,
18409,-8.00e-03,2.40e+01,
18410,-8.00e-03,2.42e+01,
18411,-8.00e-03,2.44e+01,
18412,-8.00e-03,2.42e+01,
18413,-8.00e-03,2.42e+01,
18414,-1.20e-02,2.42e+01,
18415,-8.00e-03,2.42e+01,
18416,-8.00e-03,2.42e+01,
18417,-8.00e-03,2.42e+01,
18418,-8.00e-03,2.40e+01,
18419,-8.00e-03,2.42e+01,
18420,-8.00e-03,2.42e+01,
18421,-8.00e-03,2.40e+01,
18422,-8.00e-03,2.42e+01,
18423,-8.00e-03,2.42e+01,
18424,-8.00e-03,2.42e+01,
18425,-8.00e-03,2.42e+01,
18426,-1.20e-02,2.40e+01,
18427,-8.00e-03,2.42e+01,
18428,-8.00e-03,2.42e+01,
18429,-8.00e-03,2.42e+01,
18430,-8.00e-03,2.40e+01,
18431,-8.00e-03,2.42e+01,
18432,-8.00e-03,2.42e+01,
18433,-8.00e-03,2.40e+01,
18434,-1.20e-02,2.40e+01,
18435,-8.00e-03,2.42e+01,
18436,-8.00e-03,2.42e+01,
18437,-8.00e-03,2.42e+01,
18438,-8.00e-03,2.40e+01,
18439,-8.00e-03,2.42e+01,
18440,-8.00e-03,2.42e+01,
18441,-8.00e-03,2.40e+01,
18442,-8.00e-03,2.42e+01,
18443,-8.00e-03,2.42e+01,
18444,-8.00e-03,2.42e+01,
18445,-8.00e-03,2.40e+01,
18446,-1.20e-02,2.40e+01,
18447,-8.00e-03,2.42e+01,
18448,-8.00e-03,2.42e+01,
18449,-8.00e-03,2.42e+01,
18450,-8.00e-03,2.42e+01,
18451,-4.00e-03,2.42e+01,
18452,-8.00e-03,2.42e+01,
18453,-8.00e-03,2.40e+01,
18454,-8.00e-03,2.40e+01,
18455,-8.00e-03,2.42e+01,
18456,-8.00e-03,2.42e+01,
18457,-8.00e-03,2.40e+01,
18458,-1.20e-02,2.40e+01,
18459,-8.00e-03,2.42e+01,
18460,-8.00e-03,2.42e+01,
18461,-8.00e-03,2.40e+01,
18462,-8.00e-03,2.42e+01,
18463,-8.00e-03,2.44e+01,
18464,-8.00e-03,2.40e+01,
18465,-8.00e-03,2.40e+01,
18466,-1.20e-02,2.40e+01,
18467,-8.00e-03,2.42e+01,
18468,-8.00e-03,2.42e+01,
18469,-8.00e-03,2.42e+01,
18470,-1.20e-02,2.42e+01,
18471,-8.00e-03,2.42e+01,
18472,-8.00e-03,2.40e+01,
18473,-8.00e-03,2.42e+01,
18474,-8.00e-03,2.42e+01,
18475,-8.00e-03,2.44e+01,
18476,-8.00e-03,2.42e+01,
18477,-8.00e-03,2.40e+01,
18478,-8.00e-03,2.40e+01,
18479,-4.00e-03,2.42e+01,
18480,-8.00e-03,2.42e+01,
18481,-8.00e-03,2.42e+01,
18482,-8.00e-03,2.40e+01,
18483,-8.00e-03,2.42e+01,
18484,-8.00e-03,2.42e+01,
18485,-8.00e-03,2.40e+01,
18486,-8.00e-03,2.40e+01,
18487,-8.00e-03,2.42e+01,
18488,-8.00e-03,2.40e+01,
18489,-8.00e-03,2.40e+01,
18490,-1.20e-02,2.40e+01,
18491,-8.00e-03,2.42e+01,
18492,-8.00e-03,2.42e+01,
18493,-8.00e-03,2.40e+01,
18494,-8.00e-03,2.40e+01,
18495,-8.00e-03,2.44e+01,
18496,-8.00e-03,2.42e+01,
18497,-8.00e-03,2.40e+01,
18498,-8.00e-03,2.42e+01,
18499,-8.00e-03,2.42e+01,
18500,-8.00e-03,2.42e+01,
18501,-8.00e-03,2.40e+01,
18502,-8.00e-03,2.40e+01,
18503,-8.00e-03,2.42e+01,
18504,-8.00e-03,2.42e+01,
18505,-8.00e-03,2.40e+01,
18506,-1.20e-02,2.40e+01,
18507,-8.00e-03,2.42e+01,
18508,-8.00e-03,2.42e+01,
18509,-8.00e-03,2.40e+01,
18510,-1.20e-02,2.40e+01,
18511,-8.00e-03,2.42e+01,
18512,-8.00e-03,2.42e+01,
18513,-8.00e-03,2.40e+01,
18514,-1.20e-02,2.40e+01,
18515,-8.00e-03,2.42e+01,
18516,-8.00e-03,2.42e+01,
18517,-8.00e-03,2.40e+01,
18518,-8.00e-03,2.40e+01,
18519,-8.00e-03,2.42e+01,
18520,-8.00e-03,2.40e+01,
18521,-8.00e-03,2.40e+01,
18522,-1.20e-02,2.40e+01,
18523,-8.00e-03,2.42e+01,
18524,-8.00e-03,2.42e+01,
18525,-8.00e-03,2.40e+01,
18526,-8.00e-03,2.40e+01,
18527,-8.00e-03,2.42e+01,
18528,-8.00e-03,2.42e+01,
18529,-8.00e-03,2.40e+01,
18530,-8.00e-03,2.40e+01,
18531,-8.00e-03,2.42e+01,
18532,-8.00e-03,2.42e+01,
18533,-8.00e-03,2.40e+01,
18534,-8.00e-03,2.40e+01,
18535,-8.00e-03,2.42e+01,
18536,-8.00e-03,2.40e+01,
18537,-8.00e-03,2.40e+01,
18538,-8.00e-03,2.40e+01,
18539,-8.00e-03,2.42e+01,
18540,-8.00e-03,2.42e+01,
18541,-1.20e-02,2.40e+01,
18542,-8.00e-03,2.40e+01,
18543,-8.00e-03,2.42e+01,
18544,-8.00e-03,2.40e+01,
18545,-8.00e-03,2.40e+01,
18546,-8.00e-03,2.40e+01,
18547,-8.00e-03,2.42e+01,
18548,-8.00e-03,2.40e+01,
18549,-8.00e-03,2.40e+01,
18550,-8.00e-03,2.40e+01,
18551,-8.00e-03,2.42e+01,
18552,-8.00e-03,2.40e+01,
18553,-8.00e-03,2.40e+01,
18554,-1.20e-02,2.40e+01,
18555,-8.00e-03,2.42e+01,
18556,-8.00e-03,2.42e+01,
18557,-8.00e-03,2.40e+01,
18558,-8.00e-03,2.42e+01,
18559,-8.00e-03,2.42e+01,
18560,-8.00e-03,2.40e+01,
18561,-8.00e-03,2.40e+01,
18562,-1.20e-02,2.40e+01,
18563,-8.00e-03,2.42e+01,
18564,-8.00e-03,2.40e+01,
18565,-8.00e-03,2.40e+01,
18566,-8.00e-03,2.40e+01,
18567,-8.00e-03,2.42e+01,
18568,-8.00e-03,2.40e+01,
18569,-8.00e-03,2.40e+01,
18570,-8.00e-03,2.40e+01,
18571,-8.00e-03,2.42e+01,
18572,-8.00e-03,2.42e+01,
18573,-8.00e-03,2.40e+01,
18574,-8.00e-03,2.40e+01,
18575,-8.00e-03,2.42e+01,
18576,-8.00e-03,2.40e+01,
18577,-8.00e-03,2.40e+01,
18578,-1.20e-02,2.42e+01,
18579,-8.00e-03,2.42e+01,
18580,-8.00e-03,2.40e+01,
18581,-8.00e-03,2.40e+01,
18582,-8.00e-03,2.40e+01,
18583,-8.00e-03,2.42e+01,
18584,-8.00e-03,2.40e+01,
18585,-8.00e-03,2.40e+01,
18586,-8.00e-03,2.40e+01,
18587,-4.00e-03,2.42e+01,
18588,-8.00e-03,2.40e+01,
18589,-8.00e-03,2.40e+01,
18590,-8.00e-03,2.40e+01,
18591,-8.00e-03,2.42e+01,
18592,-8.00e-03,2.42e+01,
18593,-8.00e-03,2.40e+01,
18594,-1.20e-02,2.42e+01,
18595,-8.00e-03,2.42e+01,
18596,-8.00e-03,2.42e+01,
18597,-8.00e-03,2.40e+01,
18598,-8.00e-03,2.40e+01,
18599,-8.00e-03,2.42e+01,
18600,-8.00e-03,2.40e+01,
18601,-8.00e-03,2.40e+01,
18602,-8.00e-03,2.40e+01,
18603,-8.00e-03,2.42e+01,
18604,-8.00e-03,2.40e+01,
18605,-8.00e-03,2.40e+01,
18606,-8.00e-03,2.42e+01,
18607,-8.00e-03,2.42e+01,
18608,-8.00e-03,2.40e+01,
18609,-8.00e-03,2.40e+01,
18610,-1.20e-02,2.40e+01,
18611,-4.00e-03,2.42e+01,
18612,-8.00e-03,2.40e+01,
18613,-8.00e-03,2.40e+01,
18614,-8.00e-03,2.40e+01,
18615,-8.00e-03,2.42e+01,
18616,-8.00e-03,2.40e+01,
18617,-8.00e-03,2.40e+01,
18618,-1.20e-02,2.40e+01,
18619,-8.00e-03,2.42e+01,
18620,-8.00e-03,2.40e+01,
18621,-8.00e-03,2.40e+01,
18622,-8.00e-03,2.40e+01,
18623,-8.00e-03,2.42e+01,
18624,-8.00e-03,2.40e+01,
18625,-4.00e-03,2.40e+01,
18626,-8.00e-03,2.40e+01,
18627,-4.00e-03,2.42e+01,
18628,-8.00e-03,2.40e+01,
18629,-8.00e-03,2.40e+01,
18630,-8.00e-03,2.40e+01,
18631,-8.00e-03,2.42e+01,
18632,-8.00e-03,2.40e+01,
18633,-8.00e-03,2.40e+01,
18634,-8.00e-03,2.40e+01,
18635,-8.00e-03,2.42e+01,
18636,-8.00e-03,2.40e+01,
18637,-8.00e-03,2.40e+01,
18638,-8.00e-03,2.40e+01,
18639,-8.00e-03,2.42e+01,
18640,-8.00e-03,2.40e+01,
18641,-8.00e-03,2.40e+01,
18642,-1.20e-02,2.40e+01,
18643,-8.00e-03,2.42e+01,
18644,-8.00e-03,2.40e+01,
18645,-8.00e-03,2.40e+01,
18646,-8.00e-03,2.40e+01,
18647,-4.00e-03,2.42e+01,
18648,-8.00e-03,2.40e+01,
18649,-8.00e-03,2.40e+01,
18650,-1.20e-02,2.42e+01,
18651,-8.00e-03,2.42e+01,
18652,-8.00e-03,2.40e+01,
18653,-8.00e-03,2.40e+01,
18654,-8.00e-03,2.40e+01,
18655,-8.00e-03,2.42e+01,
18656,-8.00e-03,2.40e+01,
18657,-8.00e-03,2.40e+01,
18658,-1.20e-02,2.40e+01,
18659,-8.00e-03,2.42e+01,
18660,-8.00e-03,2.40e+01,
18661,-8.00e-03,2.40e+01,
18662,-8.00e-03,2.40e+01,
18663,-8.00e-03,2.42e+01,
18664,-8.00e-03,2.40e+01,
18665,-8.00e-03,2.40e+01,
18666,-1.20e-02,2.40e+01,
18667,-8.00e-03,2.42e+01,
18668,-8.00e-03,2.42e+01,
18669,-8.00e-03,2.40e+01,
18670,-8.00e-03,2.40e+01,
18671,-8.00e-03,2.42e+01,
18672,-8.00e-03,2.40e+01,
18673,-8.00e-03,2.40e+01,
18674,-8.00e-03,2.40e+01,
18675,-8.00e-03,2.42e+01,
18676,-8.00e-03,2.40e+01,
18677,-8.00e-03,2.40e+01,
18678,-8.00e-03,2.40e+01,
18679,-8.00e-03,2.42e+01,
18680,-8.00e-03,2.40e+01,
18681,-8.00e-03,2.40e+01,
18682,-1.20e-02,2.40e+01,
18683,-8.00e-03,2.42e+01,
18684,-8.00e-03,2.40e+01,
18685,-8.00e-03,2.40e+01,
18686,-8.00e-03,2.40e+01,
18687,-8.00e-03,2.42e+01,
18688,-8.00e-03,2.40e+01,
18689,-8.00e-03,2.40e+01,
18690,-8.00e-03,2.40e+01,
18691,-8.00e-03,2.42e+01,
18692,-8.00e-03,2.42e+01,
18693,-1.20e-02,2.42e+01,
18694,-8.00e-03,2.40e+01,
18695,-8.00e-03,2.42e+01,
18696,-8.00e-03,2.40e+01,
18697,-8.00e-03,2.40e+01,
18698,-8.00e-03,2.40e+01,
18699,-8.00e-03,2.42e+01,
18700,-8.00e-03,2.40e+01,
18701,-8.00e-03,2.40e+01,
18702,-8.00e-03,2.40e+01,
18703,-8.00e-03,2.42e+01,
18704,-8.00e-03,2.40e+01,
18705,-8.00e-03,2.40e+01,
18706,-8.00e-03,2.40e+01,
18707,-8.00e-03,2.42e+01,
18708,-8.00e-03,2.40e+01,
18709,-8.00e-03,2.40e+01,
18710,-8.00e-03,2.40e+01,
18711,-4.00e-03,2.42e+01,
18712,-8.00e-03,2.40e+01,
18713,-8.00e-03,2.40e+01,
18714,-1.20e-02,2.40e+01,
18715,-8.00e-03,2.40e+01,
18716,-8.00e-03,2.42e+01,
18717,-8.00e-03,2.40e+01,
18718,-1.20e-02,2.40e+01,
18719,-8.00e-03,2.42e+01,
18720,-8.00e-03,2.40e+01,
18721,-8.00e-03,2.40e+01,
18722,-8.00e-03,2.40e+01,
18723,-8.00e-03,2.42e+01,
18724,-8.00e-03,2.42e+01,
18725,-8.00e-03,2.40e+01,
18726,-8.00e-03,2.40e+01,
18727,-8.00e-03,2.42e+01,
18728,-8.00e-03,2.40e+01,
18729,-8.00e-03,2.40e+01,
18730,-8.00e-03,2.40e+01,
18731,-8.00e-03,2.42e+01,
18732,-8.00e-03,2.40e+01,
18733,-8.00e-03,2.40e+01,
18734,-8.00e-03,2.40e+01,
18735,-4.00e-03,2.42e+01,
18736,-8.00e-03,2.40e+01,
18737,-8.00e-03,2.40e+01,
18738,-1.20e-02,2.40e+01,
18739,-8.00e-03,2.42e+01,
18740,-8.00e-03,2.40e+01,
18741,-1.20e-02,2.40e+01,
18742,-8.00e-03,2.40e+01,
18743,-8.00e-03,2.42e+01,
18744,-8.00e-03,2.40e+01,
18745,-8.00e-03,2.40e+01,
18746,-8.00e-03,2.40e+01,
18747,-8.00e-03,2.42e+01,
18748,-8.00e-03,2.40e+01,
18749,-8.00e-03,2.40e+01,
18750,-8.00e-03,2.40e+01,
18751,-8.00e-03,2.42e+01,
18752,-8.00e-03,2.40e+01,
18753,-8.00e-03,2.40e+01,
18754,-8.00e-03,2.40e+01,
18755,-8.00e-03,2.42e+01,
18756,-8.00e-03,2.40e+01,
18757,-8.00e-03,2.40e+01,
18758,-8.00e-03,2.40e+01,
18759,-8.00e-03,2.42e+01,
18760,-8.00e-03,2.40e+01,
18761,-8.00e-03,2.40e+01,
18762,-8.00e-03,2.40e+01,
18763,-8.00e-03,2.42e+01,
18764,-8.00e-03,2.40e+01,
18765,-8.00e-03,2.40e+01,
18766,-8.00e-03,2.40e+01,
18767,-8.00e-03,2.42e+01,
18768,-8.00e-03,2.40e+01,
18769,-8.00e-03,2.40e+01,
18770,-8.00e-03,2.40e+01,
18771,-8.00e-03,2.42e+01,
18772,-8.00e-03,2.40e+01,
18773,-8.00e-03,2.40e+01,
18774,-8.00e-03,2.40e+01,
18775,-8.00e-03,2.42e+01,
18776,-1.20e-02,2.40e+01,
18777,-8.00e-03,2.40e+01,
18778,-1.20e-02,2.40e+01,
18779,-8.00e-03,2.42e+01,
18780,-8.00e-03,2.40e+01,
18781,-8.00e-03,2.40e+01,
18782,-8.00e-03,2.40e+01,
18783,-8.00e-03,2.40e+01,
18784,-8.00e-03,2.40e+01,
18785,-8.00e-03,2.38e+01,
18786,-1.20e-02,2.40e+01,
18787,-8.00e-03,2.42e+01,
18788,-8.00e-03,2.40e+01,
18789,-8.00e-03,2.38e+01,
18790,-8.00e-03,2.40e+01,
18791,-8.00e-03,2.42e+01,
18792,-8.00e-03,2.40e+01,
18793,-8.00e-03,2.40e+01,
18794,-8.00e-03,2.40e+01,
18795,-4.00e-03,2.42e+01,
18796,-8.00e-03,2.40e+01,
18797,-8.00e-03,2.40e+01,
18798,-8.00e-03,2.40e+01,
18799,-8.00e-03,2.42e+01,
18800,-8.00e-03,2.40e+01,
18801,-8.00e-03,2.40e+01,
18802,-8.00e-03,2.40e+01,
18803,-8.00e-03,2.42e+01,
18804,-8.00e-03,2.40e+01,
18805,-8.00e-03,2.38e+01,
18806,-8.00e-03,2.40e+01,
18807,-4.00e-03,2.42e+01,
18808,-8.00e-03,2.40e+01,
18809,-8.00e-03,2.38e+01,
18810,-8.00e-03,2.40e+01,
18811,-8.00e-03,2.42e+01,
18812,-8.00e-03,2.40e+01,
18813,-8.00e-03,2.40e+01,
18814,-8.00e-03,2.40e+01,
18815,-8.00e-03,2.42e+01,
18816,-8.00e-03,2.40e+01,
18817,-8.00e-03,2.40e+01,
18818,-8.00e-03,2.40e+01,
18819,-8.00e-03,2.40e+01,
18820,-8.00e-03,2.40e+01,
18821,-8.00e-03,2.40e+01,
18822,-8.00e-03,2.40e+01,
18823,-8.00e-03,2.40e+01,
18824,-8.00e-03,2.40e+01,
18825,-8.00e-03,2.38e+01,
18826,-8.00e-03,2.40e+01,
18827,-8.00e-03,2.40e+01,
18828,-8.00e-03,2.40e+01,
18829,-8.00e-03,2.40e+01,
18830,-8.00e-03,2.40e+01,
18831,-8.00e-03,2.40e+01,
18832,-8.00e-03,2.40e+01,
18833,-8.00e-03,2.40e+01,
18834,-8.00e-03,2.40e+01,
18835,-4.00e-03,2.42e+01,
18836,-8.00e-03,2.40e+01,
18837,-8.00e-03,2.38e+01,
18838,-1.20e-02,2.40e+01,
18839,-8.00e-03,2.42e+01,
18840,-8.00e-03,2.38e+01,
18841,-8.00e-03,2.40e+01,
18842,-1.20e-02,2.40e+01,
18843,-8.00e-03,2.42e+01,
18844,-8.00e-03,2.40e+01,
18845,-8.00e-03,2.38e+01,
18846,-8.00e-03,2.38e+01,
18847,-8.00e-03,2.40e+01,
18848,-8.00e-03,2.40e+01,
18849,-8.00e-03,2.38e+01,
18850,-8.00e-03,2.40e+01,
18851,-8.00e-03,2.40e+01,
18852,-8.00e-03,2.40e+01,
18853,-8.00e-03,2.40e+01,
18854,-8.00e-03,2.38e+01,
18855,-8.00e-03,2.42e+01,
18856,-8.00e-03,2.40e+01,
18857,-8.00e-03,2.38e+01,
18858,-8.00e-03,2.40e+01,
18859,-8.00e-03,2.40e+01,
18860,-8.00e-03,2.40e+01,
18861,-8.00e-03,2.38e+01,
18862,-8.00e-03,2.40e+01,
18863,-8.00e-03,2.40e+01,
18864,-8.00e-03,2.40e+01,
18865,-8.00e-03,2.40e+01,
18866,-8.00e-03,2.40e+01,
18867,-8.00e-03,2.42e+01,
18868,-8.00e-03,2.40e+01,
18869,-8.00e-03,2.40e+01,
18870,-1.20e-02,2.40e+01,
18871,-8.00e-03,2.40e+01,
18872,-8.00e-03,2.40e+01,
18873,-8.00e-03,2.40e+01,
18874,-8.00e-03,2.38e+01,
18875,-4.00e-03,2.40e+01,
18876,-8.00e-03,2.40e+01,
18877,-8.00e-03,2.40e+01,
18878,-1.20e-02,2.40e+01,
18879,-8.00e-03,2.40e+01,
18880,-8.00e-03,2.40e+01,
18881,-8.00e-03,2.38e+01,
18882,-8.00e-03,2.40e+01,
18883,-8.00e-03,2.42e+01,
18884,-8.00e-03,2.40e+01,
18885,-8.00e-03,2.40e+01,
18886,-8.00e-03,2.40e+01,
18887,-8.00e-03,2.40e+01,
18888,-8.00e-03,2.40e+01,
18889,-8.00e-03,2.40e+01,
18890,-8.00e-03,2.40e+01,
18891,-8.00e-03,2.40e+01,
18892,-8.00e-03,2.40e+01,
18893,-8.00e-03,2.40e+01,
18894,-8.00e-03,2.40e+01,
18895,-8.00e-03,2.40e+01,
18896,-8.00e-03,2.38e+01,
18897,-8.00e-03,2.38e+01,
18898,-1.20e-02,2.40e+01,
18899,-8.00e-03,2.40e+01,
18900,-8.00e-03,2.40e+01,
18901,-8.00e-03,2.38e+01,
18902,-8.00e-03,2.38e+01,
18903,-8.00e-03,2.40e+01,
18904,-8.00e-03,2.38e+01,
18905,-8.00e-03,2.38e+01,
18906,-8.00e-03,2.38e+01,
18907,-8.00e-03,2.40e+01,
18908,-8.00e-03,2.38e+01,
18909,-8.00e-03,2.38e+01,
18910,-1.20e-02,2.38e+01,
18911,-8.00e-03,2.40e+01,
18912,-8.00e-03,2.38e+01,
18913,-8.00e-03,2.38e+01,
18914,-8.00e-03,2.38e+01,
18915,-8.00e-03,2.40e+01,
18916,-8.00e-03,2.40e+01,
18917,-8.00e-03,2.38e+01,
18918,-8.00e-03,2.38e+01,
18919,-8.00e-03,2.40e+01,
18920,-8.00e-03,2.38e+01,
18921,-8.00e-03,2.40e+01,
18922,-1.20e-02,2.38e+01,
18923,-8.00e-03,2.40e+01,
18924,-8.00e-03,2.38e+01,
18925,-8.00e-03,2.38e+01,
18926,-8.00e-03,2.38e+01,
18927,-8.00e-03,2.40e+01,
18928,-8.00e-03,2.38e+01,
18929,-8.00e-03,2.38e+01,
18930,-1.20e-02,2.38e+01,
18931,-4.00e-03,2.40e+01,
18932,-8.00e-03,2.38e+01,
18933,-8.00e-03,2.38e+01,
18934,-8.00e-03,2.36e+01,
18935,-8.00e-03,2.40e+01,
18936,-8.00e-03,2.36e+01,
18937,-8.00e-03,2.36e+01,
18938,-1.20e-02,2.38e+01,
18939,-8.00e-03,2.38e+01,
18940,-8.00e-03,2.38e+01,
18941,-8.00e-03,2.36e+01,
18942,-1.20e-02,2.36e+01,
18943,-8.00e-03,2.38e+01,
18944,-8.00e-03,2.36e+01,
18945,-1.20e-02,2.36e+01,
18946,-1.20e-02,2.36e+01,
18947,-8.00e-03,2.36e+01,
18948,-1.20e-02,2.36e+01,
18949,-8.00e-03,2.34e+01,
18950,-8.00e-03,2.34e+01,
18951,-8.00e-03,2.36e+01,
18952,-8.00e-03,2.34e+01,
18953,-8.00e-03,2.34e+01,
18954,-1.20e-02,2.32e+01,
18955,-8.00e-03,2.34e+01,
18956,-1.20e-02,2.32e+01,
18957,-8.00e-03,2.32e+01,
18958,-8.00e-03,2.30e+01,
18959,-8.00e-03,2.32e+01,
18960,-8.00e-03,2.32e+01,
18961,-8.00e-03,2.30e+01,
18962,-1.20e-02,2.30e+01,
18963,-8.00e-03,2.30e+01,
18964,-1.20e-02,2.30e+01,
18965,-8.00e-03,2.28e+01,
18966,-8.00e-03,2.28e+01,
18967,-8.00e-03,2.28e+01,
18968,-1.20e-02,2.24e+01,
18969,-1.20e-02,2.24e+01,
18970,-1.20e-02,2.24e+01,
18971,-8.00e-03,2.24e+01,
18972,-1.20e-02,2.22e+01,
18973,-1.20e-02,2.22e+01,
18974,-1.20e-02,2.22e+01,
18975,-1.20e-02,2.22e+01,
18976,-8.00e-03,2.20e+01,
18977,-8.00e-03,2.20e+01,
18978,-1.20e-02,2.18e+01,
18979,-8.00e-03,2.20e+01,
18980,-1.20e-02,2.18e+01,
18981,-8.00e-03,2.16e+01,
18982,-8.00e-03,2.16e+01,
18983,-8.00e-03,2.16e+01,
18984,-1.20e-02,2.16e+01,
18985,-8.00e-03,2.14e+01,
18986,-1.20e-02,2.14e+01,
18987,-8.00e-03,2.14e+01,
18988,-8.00e-03,2.12e+01,
18989,-1.20e-02,2.12e+01,
18990,-1.20e-02,2.10e+01,
18991,-1.20e-02,2.12e+01,
18992,-1.20e-02,2.08e+01,
18993,-1.20e-02,2.08e+01,
18994,-1.20e-02,2.08e+01,
18995,-8.00e-03,2.08e+01,
18996,-1.20e-02,2.06e+01,
18997,-1.20e-02,2.06e+01,
18998,-8.00e-03,2.06e+01,
18999,-8.00e-03,2.06e+01,
19000,-1.20e-02,2.02e+01,
19001,-8.00e-03,2.02e+01,
19002,-1.20e-02,2.02e+01,
19003,-8.00e-03,2.02e+01,
19004,-1.20e-02,2.00e+01,
19005,-8.00e-03,2.00e+01,
19006,-1.20e-02,1.98e+01,
19007,-8.00e-03,2.00e+01,
19008,-1.20e-02,1.98e+01,
19009,-8.00e-03,1.96e+01,
19010,-1.20e-02,1.96e+01,
19011,-8.00e-03,1.96e+01,
19012,-1.20e-02,1.94e+01,
19013,-1.20e-02,1.92e+01,
19014,-1.20e-02,1.92e+01,
19015,-8.00e-03,1.94e+01,
19016,-8.00e-03,1.92e+01,
19017,-8.00e-03,1.90e+01,
19018,-1.20e-02,1.90e+01,
19019,-8.00e-03,1.90e+01,
19020,-8.00e-03,1.86e+01,
19021,-1.20e-02,1.84e+01,
19022,-1.20e-02,1.84e+01,
19023,-8.00e-03,1.86e+01,
19024,-8.00e-03,1.84e+01,
19025,-8.00e-03,1.82e+01,
19026,-1.20e-02,1.82e+01,
19027,-8.00e-03,1.82e+01,
19028,-1.20e-02,1.80e+01,
19029,-1.20e-02,1.78e+01,
19030,-1.20e-02,1.78e+01,
19031,-8.00e-03,1.78e+01,
19032,-8.00e-03,1.76e+01,
19033,-8.00e-03,1.76e+01,
19034,-1.20e-02,1.76e+01,
19035,-8.00e-03,1.76e+01,
19036,-8.00e-03,1.74e+01,
19037,-8.00e-03,1.72e+01,
19038,-8.00e-03,1.72e+01,
19039,-8.00e-03,1.72e+01,
19040,-8.00e-03,1.70e+01,
19041,-8.00e-03,1.70e+01,
19042,-1.20e-02,1.68e+01,
19043,-8.00e-03,1.70e+01,
19044,-1.20e-02,1.68e+01,
19045,-1.20e-02,1.68e+01,
19046,-1.20e-02,1.66e+01,
19047,-8.00e-03,1.66e+01,
19048,-8.00e-03,1.64e+01,
19049,-8.00e-03,1.64e+01,
19050,-1.20e-02,1.64e+01,
19051,-8.00e-03,1.64e+01,
19052,-8.00e-03,1.62e+01,
19053,-8.00e-03,1.62e+01,
19054,-8.00e-03,1.62e+01,
19055,-8.00e-03,1.60e+01,
19056,-1.20e-02,1.60e+01,
19057,-8.00e-03,1.60e+01,
19058,-1.20e-02,1.58e+01,
19059,-8.00e-03,1.58e+01,
19060,-8.00e-03,1.56e+01,
19061,-1.20e-02,1.56e+01,
19062,-8.00e-03,1.56e+01,
19063,-8.00e-03,1.56e+01,
19064,-8.00e-03,1.54e+01,
19065,-8.00e-03,1.54e+01,
19066,-8.00e-03,1.54e+01,
19067,-8.00e-03,1.54e+01,
19068,-8.00e-03,1.50e+01,
19069,-8.00e-03,1.50e+01,
19070,-8.00e-03,1.48e+01,
19071,-8.00e-03,1.50e+01,
19072,-8.00e-03,1.46e+01,
19073,-8.00e-03,1.48e+01,
19074,-1.20e-02,1.48e+01,
19075,-8.00e-03,1.46e+01,
19076,-8.00e-03,1.46e+01,
19077,-8.00e-03,1.44e+01,
19078,-1.20e-02,1.44e+01,
19079,-8.00e-03,1.44e+01,
19080,-8.00e-03,1.44e+01,
19081,-8.00e-03,1.42e+01,
19082,-1.20e-02,1.44e+01,
19083,-8.00e-03,1.44e+01,
19084,-8.00e-03,1.42e+01,
19085,-8.00e-03,1.42e+01,
19086,-1.20e-02,1.42e+01,
19087,-8.00e-03,1.42e+01,
19088,-8.00e-03,1.40e+01,
19089,-8.00e-03,1.38e+01,
19090,-8.00e-03,1.38e+01,
19091,-8.00e-03,1.40e+01,
19092,-8.00e-03,1.38e+01,
19093,-8.00e-03,1.38e+01,
19094,-8.00e-03,1.38e+01,
19095,-8.00e-03,1.38e+01,
19096,-8.00e-03,1.36e+01,
19097,-4.00e-03,1.36e+01,
19098,-8.00e-03,1.38e+01,
19099,-8.00e-03,1.36e+01,
19100,-8.00e-03,1.36e+01,
19101,-8.00e-03,1.36e+01,
19102,-8.00e-03,1.36e+01,
19103,-8.00e-03,1.36e+01,
19104,-8.00e-03,1.34e+01,
19105,-8.00e-03,1.34e+01,
19106,-1.20e-02,1.34e+01,
19107,-8.00e-03,1.36e+01,
19108,-8.00e-03,1.34e+01,
19109,-8.00e-03,1.34e+01,
19110,-8.00e-03,1.34e+01,
19111,-8.00e-03,1.34e+01,
19112,-8.00e-03,1.34e+01,
19113,-8.00e-03,1.32e+01,
19114,-1.20e-02,1.32e+01,
19115,-8.00e-03,1.34e+01,
19116,-8.00e-03,1.32e+01,
19117,-8.00e-03,1.32e+01,
19118,-8.00e-03,1.32e+01,
19119,-4.00e-03,1.32e+01,
19120,-8.00e-03,1.32e+01,
19121,-8.00e-03,1.32e+01,
19122,-1.20e-02,1.32e+01,
19123,-8.00e-03,1.32e+01,
19124,-8.00e-03,1.30e+01,
19125,-8.00e-03,1.30e+01,
19126,-8.00e-03,1.32e+01,
19127,-4.00e-03,1.32e+01,
19128,-8.00e-03,1.30e+01,
19129,-8.00e-03,1.30e+01,
19130,-8.00e-03,1.32e+01,
19131,-4.00e-03,1.32e+01,
19132,-8.00e-03,1.30e+01,
19133,-8.00e-03,1.30e+01,
19134,-8.00e-03,1.32e+01,
19135,-8.00e-03,1.32e+01,
19136,-8.00e-03,1.32e+01,
19137,-8.00e-03,1.32e+01,
19138,-8.00e-03,1.32e+01,
19139,-4.00e-03,1.32e+01,
19140,-8.00e-03,1.32e+01,
19141,-8.00e-03,1.32e+01,
19142,-8.00e-03,1.32e+01,
19143,-4.00e-03,1.32e+01,
19144,-8.00e-03,1.32e+01,
19145,-8.00e-03,1.32e+01,
19146,-8.00e-03,1.32e+01,
19147,-4.00e-03,1.32e+01,
19148,-8.00e-03,1.32e+01,
19149,-8.00e-03,1.32e+01,
19150,-8.00e-03,1.34e+01,
19151,-4.00e-03,1.34e+01,
19152,-8.00e-03,1.32e+01,
19153,-8.00e-03,1.32e+01,
19154,-8.00e-03,1.34e+01,
19155,-8.00e-03,1.34e+01,
19156,-8.00e-03,1.32e+01,
19157,-8.00e-03,1.34e+01,
19158,-8.00e-03,1.34e+01,
19159,-4.00e-03,1.36e+01,
19160,-8.00e-03,1.34e+01,
19161,-8.00e-03,1.34e+01,
19162,-8.00e-03,1.34e+01,
19163,-4.00e-03,1.36e+01,
19164,-8.00e-03,1.36e+01,
19165,-8.00e-03,1.36e+01,
19166,-8.00e-03,1.36e+01,
19167,-4.00e-03,1.36e+01,
19168,-4.00e-03,1.36e+01,
19169,-4.00e-03,1.36e+01,
19170,-8.00e-03,1.38e+01,
19171,-8.00e-03,1.38e+01,
19172,-8.00e-03,1.38e+01,
19173,-4.00e-03,1.38e+01,
19174,-8.00e-03,1.40e+01,
19175,-4.00e-03,1.40e+01,
19176,-8.00e-03,1.38e+01,
19177,-8.00e-03,1.38e+01,
19178,-8.00e-03,1.40e+01,
19179,-4.00e-03,1.40e+01,
19180,-8.00e-03,1.40e+01,
19181,-4.00e-03,1.42e+01,
19182,-8.00e-03,1.42e+01,
19183,-4.00e-03,1.44e+01,
19184,-8.00e-03,1.42e+01,
19185,-8.00e-03,1.44e+01,
19186,-8.00e-03,1.44e+01,
19187,-8.00e-03,1.44e+01,
19188,-8.00e-03,1.44e+01,
19189,-8.00e-03,1.44e+01,
19190,-8.00e-03,1.46e+01,
19191,-4.00e-03,1.48e+01,
19192,-4.00e-03,1.46e+01,
19193,-4.00e-03,1.46e+01,
19194,-8.00e-03,1.48e+01,
19195,-8.00e-03,1.48e+01,
19196,-8.00e-03,1.48e+01,
19197,-8.00e-03,1.48e+01,
19198,-8.00e-03,1.50e+01,
19199,-4.00e-03,1.50e+01,
19200,-8.00e-03,1.50e+01,
19201,-4.00e-03,1.50e+01,
19202,-8.00e-03,1.54e+01,
19203,-8.00e-03,1.54e+01,
19204,-4.00e-03,1.54e+01,
19205,-4.00e-03,1.56e+01,
19206,-8.00e-03,1.56e+01,
19207,-4.00e-03,1.56e+01,
19208,-8.00e-03,1.56e+01,
19209,-8.00e-03,1.58e+01,
19210,-8.00e-03,1.58e+01,
19211,-4.00e-03,1.60e+01,
19212,-8.00e-03,1.60e+01,
19213,-4.00e-03,1.58e+01,
19214,-8.00e-03,1.62e+01,
19215,-4.00e-03,1.62e+01,
19216,-8.00e-03,1.62e+01,
19217,-8.00e-03,1.62e+01,
19218,-8.00e-03,1.64e+01,
19219,-4.00e-03,1.66e+01,
19220,-8.00e-03,1.66e+01,
19221,-4.00e-03,1.64e+01,
19222,-8.00e-03,1.66e+01,
19223,-4.00e-03,1.68e+01,
19224,-4.00e-03,1.68e+01,
19225,-4.00e-03,1.68e+01,
19226,-4.00e-03,1.68e+01,
19227,-4.00e-03,1.70e+01,
19228,-8.00e-03,1.70e+01,
19229,-4.00e-03,1.70e+01,
19230,-8.00e-03,1.72e+01,
19231,-4.00e-03,1.72e+01,
19232,-8.00e-03,1.72e+01,
19233,-4.00e-03,1.74e+01,
19234,-8.00e-03,1.74e+01,
19235,-4.00e-03,1.76e+01,
19236,-8.00e-03,1.76e+01,
19237,-8.00e-03,1.76e+01,
19238,-8.00e-03,1.78e+01,
19239,-4.00e-03,1.78e+01,
19240,-4.00e-03,1.78e+01,
19241,-8.00e-03,1.78e+01,
19242,-8.00e-03,1.80e+01,
19243,-4.00e-03,1.82e+01,
19244,-4.00e-03,1.82e+01,
19245,-8.00e-03,1.82e+01,
19246,-1.20e-02,1.82e+01,
19247,-4.00e-03,1.84e+01,
19248,-4.00e-03,1.84e+01,
19249,-8.00e-03,1.84e+01,
19250,-8.00e-03,1.86e+01,
19251,-4.00e-03,1.90e+01,
19252,-8.00e-03,1.90e+01,
19253,-8.00e-03,1.90e+01,
19254,-8.00e-03,1.90e+01,
19255,-4.00e-03,1.92e+01,
19256,-8.00e-03,1.92e+01,
19257,-8.00e-03,1.92e+01,
19258,-8.00e-03,1.94e+01,
19259,-4.00e-03,1.96e+01,
19260,-8.00e-03,1.96e+01,
19261,-4.00e-03,1.96e+01,
19262,-8.00e-03,1.98e+01,
19263,-4.00e-03,1.98e+01,
19264,-8.00e-03,1.98e+01,
19265,-8.00e-03,1.98e+01,
19266,-8.00e-03,2.00e+01,
19267,-4.00e-03,2.02e+01,
19268,-8.00e-03,2.02e+01,
19269,-8.00e-03,2.02e+01,
19270,-4.00e-03,2.02e+01,
19271,-8.00e-03,2.04e+01,
19272,-8.00e-03,2.02e+01,
19273,-8.00e-03,2.04e+01,
19274,-8.00e-03,2.04e+01,
19275,-8.00e-03,2.06e+01,
19276,-8.00e-03,2.06e+01,
19277,-8.00e-03,2.06e+01,
19278,-8.00e-03,2.08e+01,
19279,-8.00e-03,2.08e+01,
19280,-8.00e-03,2.08e+01,
19281,-8.00e-03,2.10e+01,
19282,-1.20e-02,2.10e+01,
19283,-8.00e-03,2.12e+01,
19284,-8.00e-03,2.12e+01,
19285,-8.00e-03,2.12e+01,
19286,-8.00e-03,2.12e+01,
19287,-8.00e-03,2.14e+01,
19288,-8.00e-03,2.12e+01,
19289,-8.00e-03,2.14e+01,
19290,-8.00e-03,2.14e+01,
19291,-4.00e-03,2.16e+01,
19292,-8.00e-03,2.16e+01,
19293,-8.00e-03,2.16e+01,
19294,-8.00e-03,2.16e+01,
19295,-8.00e-03,2.20e+01,
19296,-8.00e-03,2.18e+01,
19297,-4.00e-03,2.18e+01,
19298,-8.00e-03,2.18e+01,
19299,-8.00e-03,2.20e+01,
19300,-8.00e-03,2.20e+01,
19301,-8.00e-03,2.20e+01,
19302,-8.00e-03,2.20e+01,
19303,-8.00e-03,2.22e+01,
19304,-8.00e-03,2.22e+01,
19305,-8.00e-03,2.22e+01,
19306,-8.00e-03,2.22e+01,
19307,-8.00e-03,2.24e+01,
19308,-8.00e-03,2.24e+01,
19309,-8.00e-03,2.22e+01,
19310,-8.00e-03,2.24e+01,
19311,-8.00e-03,2.28e+01,
19312,-8.00e-03,2.24e+01,
19313,-8.00e-03,2.24e+01,
19314,-8.00e-03,2.24e+01,
19315,-8.00e-03,2.28e+01,
19316,-8.00e-03,2.28e+01,
19317,-8.00e-03,2.28e+01,
19318,-8.00e-03,2.28e+01,
19319,-8.00e-03,2.30e+01,
19320,-8.00e-03,2.28e+01,
19321,-8.00e-03,2.30e+01,
19322,-8.00e-03,2.28e+01,
19323,-8.00e-03,2.30e+01,
19324,-8.00e-03,2.30e+01,
19325,-8.00e-03,2.30e+01,
19326,-8.00e-03,2.30e+01,
19327,-8.00e-03,2.32e+01,
19328,-8.00e-03,2.30e+01,
19329,-8.00e-03,2.30e+01,
19330,-1.20e-02,2.30e+01,
19331,-8.00e-03,2.32e+01,
19332,-8.00e-03,2.32e+01,
19333,-8.00e-03,2.30e+01,
19334,-1.20e-02,2.32e+01,
19335,-8.00e-03,2.34e+01,
19336,-8.00e-03,2.30e+01,
19337,-8.00e-03,2.32e+01,
19338,-1.20e-02,2.30e+01,
19339,-8.00e-03,2.34e+01,
19340,-8.00e-03,2.32e+01,
19341,-8.00e-03,2.30e+01,
19342,-8.00e-03,2.32e+01,
19343,-8.00e-03,2.34e+01,
19344,-8.00e-03,2.32e+01,
19345,-8.00e-03,2.32e+01,
19346,-8.00e-03,2.32e+01,
19347,-8.00e-03,2.32e+01,
19348,-8.00e-03,2.32e+01,
19349,-8.00e-03,2.30e+01,
19350,-8.00e-03,2.30e+01,
19351,-8.00e-03,2.32e+01,
19352,-8.00e-03,2.32e+01,
19353,-8.00e-03,2.32e+01,
19354,-1.20e-02,2.30e+01,
19355,-8.00e-03,2.32e+01,
19356,-8.00e-03,2.30e+01,
19357,-8.00e-03,2.30e+01,
19358,-8.00e-03,2.30e+01,
19359,-8.00e-03,2.32e+01,
19360,-8.00e-03,2.30e+01,
19361,-8.00e-03,2.28e+01,
19362,-1.20e-02,2.30e+01,
19363,-8.00e-03,2.32e+01,
19364,-1.20e-02,2.30e+01,
19365,-8.00e-03,2.28e+01,
19366,-8.00e-03,2.28e+01,
19367,-8.00e-03,2.30e+01,
19368,-8.00e-03,2.28e+01,
19369,-8.00e-03,2.28e+01,
19370,-1.20e-02,2.28e+01,
19371,-8.00e-03,2.30e+01,
19372,-8.00e-03,2.28e+01,
19373,-8.00e-03,2.28e+01,
19374,-8.00e-03,2.24e+01,
19375,-8.00e-03,2.28e+01,
19376,-8.00e-03,2.24e+01,
19377,-8.00e-03,2.24e+01,
19378,-1.20e-02,2.22e+01,
19379,-8.00e-03,2.24e+01,
19380,-1.20e-02,2.22e+01,
19381,-8.00e-03,2.22e+01,
19382,-1.20e-02,2.22e+01,
19383,-8.00e-03,2.22e+01,
19384,-8.00e-03,2.20e+01,
19385,-8.00e-03,2.20e+01,
19386,-1.20e-02,2.20e+01,
19387,-8.00e-03,2.20e+01,
19388,-8.00e-03,2.20e+01,
19389,-8.00e-03,2.18e+01,
19390,-1.20e-02,2.18e+01,
19391,-8.00e-03,2.18e+01,
19392,-8.00e-03,2.18e+01,
19393,-8.00e-03,2.16e+01,
19394,-1.20e-02,2.16e+01,
19395,-8.00e-03,2.16e+01,
19396,-8.00e-03,2.16e+01,
19397,-1.20e-02,2.14e+01,
19398,-1.20e-02,2.14e+01,
19399,-8.00e-03,2.14e+01,
19400,-8.00e-03,2.12e+01,
19401,-1.20e-02,2.12e+01,
19402,-1.20e-02,2.12e+01,
19403,-8.00e-03,2.12e+01,
19404,-8.00e-03,2.10e+01,
19405,-8.00e-03,2.10e+01,
19406,-1.20e-02,2.08e+01,
19407,-8.00e-03,2.10e+01,
19408,-8.00e-03,2.08e+01,
19409,-8.00e-03,2.06e+01,
19410,-1.20e-02,2.06e+01,
19411,-8.00e-03,2.08e+01,
19412,-1.20e-02,2.06e+01,
19413,-8.00e-03,2.04e+01,
19414,-1.20e-02,2.04e+01,
19415,-8.00e-03,2.06e+01,
19416,-8.00e-03,2.02e+01,
19417,-8.00e-03,2.02e+01,
19418,-1.20e-02,2.02e+01,
19419,-8.00e-03,2.02e+01,
19420,-1.20e-02,2.00e+01,
19421,-1.20e-02,1.98e+01,
19422,-1.20e-02,1.98e+01,
19423,-8.00e-03,2.00e+01,
19424,-1.20e-02,1.98e+01,
19425,-8.00e-03,1.96e+01,
19426,-1.20e-02,1.96e+01,
19427,-8.00e-03,1.98e+01,
19428,-8.00e-03,1.94e+01,
19429,-8.00e-03,1.94e+01,
19430,-1.20e-02,1.94e+01,
19431,-8.00e-03,1.94e+01,
19432,-8.00e-03,1.92e+01,
19433,-8.00e-03,1.90e+01,
19434,-1.20e-02,1.90e+01,
19435,-8.00e-03,1.92e+01,
19436,-1.20e-02,1.86e+01,
19437,-8.00e-03,1.86e+01,
19438,-8.00e-03,1.86e+01,
19439,-8.00e-03,1.86e+01,
19440,-8.00e-03,1.84e+01,
19441,-8.00e-03,1.82e+01,
19442,-1.20e-02,1.82e+01,
19443,-8.00e-03,1.84e+01,
19444,-8.00e-03,1.82e+01,
19445,-8.00e-03,1.82e+01,
19446,-1.20e-02,1.80e+01,
19447,-8.00e-03,1.80e+01,
19448,-8.00e-03,1.78e+01,
19449,-8.00e-03,1.78e+01,
19450,-1.20e-02,1.78e+01,
19451,-8.00e-03,1.78e+01,
19452,-1.20e-02,1.76e+01,
19453,-8.00e-03,1.76e+01,
19454,-8.00e-03,1.74e+01,
19455,-8.00e-03,1.74e+01,
19456,-8.00e-03,1.72e+01,
19457,-8.00e-03,1.72e+01,
19458,-1.20e-02,1.72e+01,
19459,-8.00e-03,1.72e+01,
19460,-8.00e-03,1.70e+01,
19461,-1.20e-02,1.70e+01,
19462,-8.00e-03,1.68e+01,
19463,-8.00e-03,1.70e+01,
19464,-8.00e-03,1.68e+01,
19465,-8.00e-03,1.68e+01,
19466,-1.20e-02,1.68e+01,
19467,-8.00e-03,1.66e+01,
19468,-1.20e-02,1.66e+01,
19469,-8.00e-03,1.66e+01,
19470,-1.20e-02,1.64e+01,
19471,-8.00e-03,1.64e+01,
19472,-1.20e-02,1.62e+01,
19473,-8.00e-03,1.62e+01,
19474,-1.20e-02,1.62e+01,
19475,-8.00e-03,1.62e+01,
19476,-1.20e-02,1.60e+01,
19477,-8.00e-03,1.60e+01,
19478,-1.20e-02,1.58e+01,
19479,-8.00e-03,1.60e+01,
19480,-8.00e-03,1.58e+01,
19481,-8.00e-03,1.56e+01,
19482,-1.20e-02,1.56e+01,
19483,-8.00e-03,1.58e+01,
19484,-1.20e-02,1.56e+01,
19485,-8.00e-03,1.56e+01,
19486,-8.00e-03,1.56e+01,
19487,-8.00e-03,1.56e+01,
19488,-8.00e-03,1.54e+01,
19489,-8.00e-03,1.50e+01,
19490,-1.20e-02,1.54e+01,
19491,-8.00e-03,1.54e+01,
19492,-8.00e-03,1.50e+01,
19493,-8.00e-03,1.50e+01,
19494,-8.00e-03,1.50e+01,
19495,-8.00e-03,1.50e+01,
19496,-8.00e-03,1.48e+01,
19497,-8.00e-03,1.48e+01,
19498,-8.00e-03,1.48e+01,
19499,-8.00e-03,1.48e+01,
19500,-8.00e-03,1.46e+01,
19501,-8.00e-03,1.46e+01,
19502,-8.00e-03,1.46e+01,
19503,-8.00e-03,1.46e+01,
19504,-8.00e-03,1.44e+01,
19505,-8.00e-03,1.44e+01,
19506,-8.00e-03,1.44e+01,
19507,-8.00e-03,1.44e+01,
19508,-8.00e-03,1.44e+01,
19509,-8.00e-03,1.42e+01,
19510,-1.20e-02,1.42e+01,
19511,-8.00e-03,1.44e+01,
19512,-8.00e-03,1.42e+01,
19513,-8.00e-03,1.42e+01,
19514,-1.20e-02,1.40e+01,
19515,-8.00e-03,1.42e+01,
19516,-8.00e-03,1.40e+01,
19517,-8.00e-03,1.40e+01,
19518,-8.00e-03,1.40e+01,
19519,-8.00e-03,1.40e+01,
19520,-8.00e-03,1.40e+01,
19521,-8.00e-03,1.38e+01,
19522,-8.00e-03,1.40e+01,
19523,-4.00e-03,1.40e+01,
19524,-8.00e-03,1.38e+01,
19525,-8.00e-03,1.38e+01,
19526,-8.00e-03,1.38e+01,
19527,-8.00e-03,1.38e+01,
19528,-8.00e-03,1.38e+01,
19529,-4.00e-03,1.38e+01,
19530,-8.00e-03,1.38e+01,
19531,-8.00e-03,1.38e+01,
19532,-8.00e-03,1.36e+01,
19533,-8.00e-03,1.36e+01,
19534,-8.00e-03,1.36e+01,
19535,-8.00e-03,1.36e+01,
19536,-8.00e-03,1.36e+01,
19537,-8.00e-03,1.36e+01,
19538,-8.00e-03,1.36e+01,
19539,-8.00e-03,1.36e+01,
19540,-8.00e-03,1.34e+01,
19541,-8.00e-03,1.34e+01,
19542,-8.00e-03,1.36e+01,
19543,-8.00e-03,1.36e+01,
19544,-8.00e-03,1.34e+01,
19545,-8.00e-03,1.34e+01,
19546,-1.20e-02,1.34e+01,
19547,-8.00e-03,1.36e+01,
19548,-8.00e-03,1.34e+01,
19549,-8.00e-03,1.34e+01,
19550,-1.20e-02,1.36e+01,
19551,-4.00e-03,1.34e+01,
19552,-8.00e-03,1.34e+01,
19553,-8.00e-03,1.34e+01,
19554,-8.00e-03,1.34e+01,
19555,-4.00e-03,1.36e+01,
19556,-8.00e-03,1.34e+01,
19557,-8.00e-03,1.34e+01,
19558,-8.00e-03,1.34e+01,
19559,-8.00e-03,1.34e+01,
19560,-8.00e-03,1.34e+01,
19561,-8.00e-03,1.34e+01,
19562,-8.00e-03,1.34e+01,
19563,-4.00e-03,1.36e+01,
19564,-8.00e-03,1.34e+01,
19565,-8.00e-03,1.34e+01,
19566,-8.00e-03,1.34e+01,
19567,-8.00e-03,1.36e+01,
19568,-8.00e-03,1.36e+01,
19569,-8.00e-03,1.36e+01,
19570,-8.00e-03,1.36e+01,
19571,-4.00e-03,1.36e+01,
19572,-8.00e-03,1.36e+01,
19573,-8.00e-03,1.36e+01,
19574,-8.00e-03,1.36e+01,
19575,-4.00e-03,1.36e+01,
19576,-8.00e-03,1.36e+01,
19577,-4.00e-03,1.36e+01,
19578,-8.00e-03,1.38e+01,
19579,-8.00e-03,1.38e+01,
19580,-8.00e-03,1.38e+01,
19581,-8.00e-03,1.38e+01,
19582,-8.00e-03,1.38e+01,
19583,-4.00e-03,1.38e+01,
19584,-8.00e-03,1.38e+01,
19585,-8.00e-03,1.38e+01,
19586,-1.20e-02,1.40e+01,
19587,-8.00e-03,1.40e+01,
19588,-8.00e-03,1.40e+01,
19589,-8.00e-03,1.38e+01,
19590,-8.00e-03,1.40e+01,
19591,-4.00e-03,1.40e+01,
19592,-8.00e-03,1.40e+01,
19593,-4.00e-03,1.40e+01,
19594,-8.00e-03,1.42e+01,
19595,-4.00e-03,1.42e+01,
19596,-4.00e-03,1.42e+01,
19597,-8.00e-03,1.42e+01,
19598,-8.00e-03,1.42e+01,
19599,-4.00e-03,1.44e+01,
19600,-8.00e-03,1.44e+01,
19601,-4.00e-03,1.44e+01,
19602,-8.00e-03,1.44e+01,
19603,-4.00e-03,1.46e+01,
19604,-8.00e-03,1.46e+01,
19605,-4.00e-03,1.46e+01,
19606,-8.00e-03,1.46e+01,
19607,-8.00e-03,1.46e+01,
19608,-8.00e-03,1.46e+01,
19609,-4.00e-03,1.46e+01,
19610,-8.00e-03,1.48e+01,
19611,-8.00e-03,1.48e+01,
19612,-8.00e-03,1.48e+01,
19613,-8.00e-03,1.48e+01,
19614,-8.00e-03,1.50e+01,
19615,-4.00e-03,1.50e+01,
19616,-8.00e-03,1.50e+01,
19617,-4.00e-03,1.50e+01,
19618,-8.00e-03,1.50e+01,
19619,-4.00e-03,1.54e+01,
19620,-8.00e-03,1.54e+01,
19621,-4.00e-03,1.54e+01,
19622,-8.00e-03,1.56e+01,
19623,-8.00e-03,1.56e+01,
19624,-4.00e-03,1.56e+01,
19625,-4.00e-03,1.56e+01,
19626,-8.00e-03,1.56e+01,
19627,-4.00e-03,1.60e+01,
19628,-8.00e-03,1.56e+01,
19629,-8.00e-03,1.58e+01,
19630,-8.00e-03,1.60e+01,
19631,-8.00e-03,1.60e+01,
19632,-8.00e-03,1.60e+01,
19633,-4.00e-03,1.60e+01,
19634,-8.00e-03,1.62e+01,
19635,-8.00e-03,1.62e+01,
19636,-8.00e-03,1.62e+01,
19637,-8.00e-03,1.62e+01,
19638,-4.00e-03,1.62e+01,
19639,-4.00e-03,1.66e+01,
19640,-8.00e-03,1.64e+01,
19641,-4.00e-03,1.66e+01,
19642,-8.00e-03,1.68e+01,
19643,-4.00e-03,1.68e+01,
19644,-8.00e-03,1.68e+01,
19645,-8.00e-03,1.68e+01,
19646,-8.00e-03,1.68e+01,
19647,-4.00e-03,1.70e+01,
19648,-8.00e-03,1.70e+01,
19649,-4.00e-03,1.70e+01,
19650,-8.00e-03,1.70e+01,
19651,-4.00e-03,1.74e+01,
19652,-8.00e-03,1.72e+01,
19653,-8.00e-03,1.74e+01,
19654,-8.00e-03,1.74e+01,
19655,-8.00e-03,1.76e+01,
19656,-8.00e-03,1.74e+01,
19657,-4.00e-03,1.74e+01,
19658,-8.00e-03,1.76e+01,
19659,-4.00e-03,1.78e+01,
19660,-8.00e-03,1.78e+01,
19661,-8.00e-03,1.78e+01,
19662,-4.00e-03,1.78e+01,
19663,-8.00e-03,1.80e+01,
19664,-8.00e-03,1.80e+01,
19665,-4.00e-03,1.80e+01,
19666,-8.00e-03,1.82e+01,
19667,-4.00e-03,1.82e+01,
19668,-4.00e-03,1.82e+01,
19669,-8.00e-03,1.84e+01,
19670,-8.00e-03,1.84e+01,
19671,-4.00e-03,1.86e+01,
19672,-8.00e-03,1.84e+01,
19673,-4.00e-03,1.86e+01,
19674,-8.00e-03,1.86e+01,
19675,-4.00e-03,1.90e+01,
19676,-8.00e-03,1.90e+01,
19677,-8.00e-03,1.90e+01,
19678,-8.00e-03,1.92e+01,
19679,-4.00e-03,1.92e+01,
19680,-8.00e-03,1.92e+01,
19681,-8.00e-03,1.94e+01,
19682,-8.00e-03,1.94e+01,
19683,-4.00e-03,1.96e+01,
19684,-8.00e-03,1.94e+01,
19685,-8.00e-03,1.96e+01,
19686,-8.00e-03,1.96e+01,
19687,-8.00e-03,1.98e+01,
19688,-8.00e-03,1.96e+01,
19689,-8.00e-03,1.98e+01,
19690,-8.00e-03,1.98e+01,
19691,-8.00e-03,2.00e+01,
19692,-8.00e-03,2.00e+01,
19693,-8.00e-03,2.00e+01,
19694,-8.00e-03,2.00e+01,
19695,-8.00e-03,2.04e+01,
19696,-8.00e-03,2.02e+01,
19697,-8.00e-03,2.04e+01,
19698,-8.00e-03,2.04e+01,
19699,-8.00e-03,2.06e+01,
19700,-8.00e-03,2.04e+01,
19701,-8.00e-03,2.04e+01,
19702,-8.00e-03,2.04e+01,
19703,-8.00e-03,2.08e+01,
19704,-8.00e-03,2.06e+01,
19705,-4.00e-03,2.08e+01,
19706,-1.20e-02,2.08e+01,
19707,-8.00e-03,2.10e+01,
19708,-8.00e-03,2.10e+01,
19709,-8.00e-03,2.10e+01,
19710,-8.00e-03,2.10e+01,
19711,-8.00e-03,2.12e+01,
19712,-8.00e-03,2.12e+01,
19713,-8.00e-03,2.10e+01,
19714,-1.20e-02,2.12e+01,
19715,-8.00e-03,2.14e+01,
19716,-8.00e-03,2.14e+01,
19717,-8.00e-03,2.12e+01,
19718,-8.00e-03,2.14e+01,
19719,-8.00e-03,2.16e+01,
19720,-8.00e-03,2.14e+01,
19721,-8.00e-03,2.14e+01,
19722,-8.00e-03,2.16e+01,
19723,-8.00e-03,2.18e+01,
19724,-8.00e-03,2.16e+01,
19725,-8.00e-03,2.16e+01,
19726,-8.00e-03,2.16e+01,
19727,-8.00e-03,2.20e+01,
19728,-8.00e-03,2.18e+01,
19729,-8.00e-03,2.18e+01,
19730,-8.00e-03,2.18e+01,
19731,-8.00e-03,2.20e+01,
19732,-8.00e-03,2.20e+01,
19733,-8.00e-03,2.20e+01,
19734,-8.00e-03,2.20e+01,
19735,-8.00e-03,2.22e+01,
19736,-8.00e-03,2.20e+01,
19737,-4.00e-03,2.20e+01,
19738,-1.20e-02,2.22e+01,
19739,-8.00e-03,2.22e+01,
19740,-8.00e-03,2.22e+01,
19741,-8.00e-03,2.22e+01,
19742,-1.20e-02,2.22e+01,
19743,-8.00e-03,2.24e+01,
19744,-8.00e-03,2.22e+01,
19745,-8.00e-03,2.22e+01,
19746,-8.00e-03,2.22e+01,
19747,-8.00e-03,2.24e+01,
19748,-8.00e-03,2.22e+01,
19749,-8.00e-03,2.22e+01,
19750,-8.00e-03,2.22e+01,
19751,-8.00e-03,2.24e+01,
19752,-8.00e-03,2.24e+01,
19753,-8.00e-03,2.24e+01,
19754,-1.20e-02,2.24e+01,
19755,-8.00e-03,2.28e+01,
19756,-8.00e-03,2.24e+01,
19757,-8.00e-03,2.24e+01,
19758,-1.20e-02,2.24e+01,
19759,-8.00e-03,2.28e+01,
19760,-8.00e-03,2.24e+01,
19761,-8.00e-03,2.24e+01,
19762,-1.20e-02,2.24e+01,
19763,-8.00e-03,2.24e+01,
19764,-8.00e-03,2.24e+01,
19765,-8.00e-03,2.24e+01,
19766,-8.00e-03,2.24e+01,
19767,-8.00e-03,2.24e+01,
19768,-1.20e-02,2.24e+01,
19769,-8.00e-03,2.24e+01,
19770,-8.00e-03,2.24e+01,
19771,-8.00e-03,2.28e+01,
19772,-8.00e-03,2.24e+01,
19773,-1.20e-02,2.24e+01,
19774,-8.00e-03,2.24e+01,
19775,-8.00e-03,2.28e+01,
19776,-8.00e-03,2.24e+01,
19777,-8.00e-03,2.24e+01,
19778,-1.20e-02,2.24e+01,
19779,-8.00e-03,2.24e+01,
19780,-8.00e-03,2.22e+01,
19781,-8.00e-03,2.22e+01,
19782,-8.00e-03,2.22e+01,
19783,-8.00e-03,2.24e+01,
19784,-8.00e-03,2.22e+01,
19785,-8.00e-03,2.22e+01,
19786,-8.00e-03,2.22e+01,
19787,-8.00e-03,2.22e+01,
19788,-1.20e-02,2.22e+01,
19789,-8.00e-03,2.20e+01,
19790,-8.00e-03,2.20e+01,
19791,-8.00e-03,2.22e+01,
19792,-1.20e-02,2.20e+01,
19793,-8.00e-03,2.18e+01,
19794,-1.20e-02,2.18e+01,
19795,-8.00e-03,2.20e+01,
19796,-8.00e-03,2.18e+01,
19797,-1.20e-02,2.18e+01,
19798,-8.00e-03,2.18e+01,
19799,-8.00e-03,2.20e+01,
19800,-8.00e-03,2.18e+01,
19801,-8.00e-03,2.16e+01,
19802,-1.20e-02,2.16e+01,
19803,-8.00e-03,2.18e+01,
19804,-8.00e-03,2.16e+01,
19805,-8.00e-03,2.14e+01,
19806,-1.20e-02,2.16e+01,
19807,-8.00e-03,2.16e+01,
19808,-8.00e-03,2.14e+01,
19809,-8.00e-03,2.14e+01,
19810,-8.00e-03,2.14e+01,
19811,-8.00e-03,2.14e+01,
19812,-8.00e-03,2.12e+01,
19813,-8.00e-03,2.10e+01,
19814,-1.20e-02,2.10e+01,
19815,-8.00e-03,2.12e+01,
19816,-8.00e-03,2.10e+01,
19817,-8.00e-03,2.08e+01,
19818,-1.20e-02,2.10e+01,
19819,-8.00e-03,2.10e+01,
19820,-8.00e-03,2.08e+01,
19821,-8.00e-03,2.08e+01,
19822,-1.20e-02,2.08e+01,
19823,-8.00e-03,2.08e+01,
19824,-1.20e-02,2.06e+01,
19825,-8.00e-03,2.06e+01,
19826,-1.20e-02,2.04e+01,
19827,-8.00e-03,2.06e+01,
19828,-1.20e-02,2.04e+01,
19829,-8.00e-03,2.02e+01,
19830,-8.00e-03,2.02e+01,
19831,-8.00e-03,2.04e+01,
19832,-8.00e-03,2.00e+01,
19833,-8.00e-03,2.00e+01,
19834,-8.00e-03,2.00e+01,
19835,-8.00e-03,2.02e+01,
19836,-8.00e-03,2.00e+01,
19837,-8.00e-03,2.00e+01,
19838,-1.20e-02,1.98e+01,
19839,-8.00e-03,1.98e+01,
19840,-8.00e-03,1.98e+01,
19841,-8.00e-03,1.96e+01,
19842,-8.00e-03,1.96e+01,
19843,-8.00e-03,1.96e+01,
19844,-8.00e-03,1.96e+01,
19845,-8.00e-03,1.94e+01,
19846,-1.20e-02,1.94e+01,
19847,-8.00e-03,1.94e+01,
19848,-8.00e-03,1.92e+01,
19849,-8.00e-03,1.92e+01,
19850,-1.20e-02,1.92e+01,
19851,-8.00e-03,1.92e+01,
19852,-8.00e-03,1.90e+01,
19853,-8.00e-03,1.90e+01,
19854,-1.20e-02,1.86e+01,
19855,-8.00e-03,1.90e+01,
19856,-8.00e-03,1.86e+01,
19857,-8.00e-03,1.86e+01,
19858,-1.20e-02,1.84e+01,
19859,-8.00e-03,1.86e+01,
19860,-1.20e-02,1.84e+01,
19861,-8.00e-03,1.82e+01,
19862,-1.20e-02,1.82e+01,
19863,-8.00e-03,1.82e+01,
19864,-1.20e-02,1.80e+01,
19865,-8.00e-03,1.80e+01,
19866,-1.20e-02,1.80e+01,
19867,-8.00e-03,1.80e+01,
19868,-8.00e-03,1.78e+01,
19869,-8.00e-03,1.78e+01,
19870,-8.00e-03,1.76e+01,
19871,-8.00e-03,1.78e+01,
19872,-8.00e-03,1.76e+01,
19873,-8.00e-03,1.74e+01,
19874,-1.20e-02,1.74e+01,
19875,-8.00e-03,1.74e+01,
19876,-8.00e-03,1.72e+01,
19877,-8.00e-03,1.72e+01,
19878,-1.20e-02,1.72e+01,
19879,-8.00e-03,1.74e+01,
19880,-8.00e-03,1.70e+01,
19881,-8.00e-03,1.70e+01,
19882,-1.20e-02,1.70e+01,
19883,-8.00e-03,1.70e+01,
19884,-8.00e-03,1.68e+01,
19885,-8.00e-03,1.68e+01,
19886,-8.00e-03,1.68e+01,
19887,-8.00e-03,1.68e+01,
19888,-8.00e-03,1.66e+01,
19889,-8.00e-03,1.66e+01,
19890,-1.20e-02,1.66e+01,
19891,-8.00e-03,1.66e+01,
19892,-8.00e-03,1.64e+01,
19893,-8.00e-03,1.62e+01,
19894,-1.20e-02,1.62e+01,
19895,-8.00e-03,1.62e+01,
19896,-8.00e-03,1.60e+01,
19897,-8.00e-03,1.62e+01,
19898,-8.00e-03,1.60e+01,
19899,-8.00e-03,1.62e+01,
19900,-1.20e-02,1.60e+01,
19901,-8.00e-03,1.58e+01,
19902,-8.00e-03,1.58e+01,
19903,-8.00e-03,1.60e+01,
19904,-8.00e-03,1.56e+01,
19905,-8.00e-03,1.56e+01,
19906,-1.20e-02,1.56e+01,
19907,-8.00e-03,1.58e+01,
19908,-8.00e-03,1.56e+01,
19909,-8.00e-03,1.56e+01,
19910,-8.00e-03,1.54e+01,
19911,-8.00e-03,1.56e+01,
19912,-8.00e-03,1.54e+01,
19913,-8.00e-03,1.54e+01,
19914,-1.20e-02,1.54e+01,
19915,-8.00e-03,1.54e+01,
19916,-1.20e-02,1.50e+01,
19917,-1.20e-02,1.50e+01,
19918,-1.20e-02,1.50e+01,
19919,-8.00e-03,1.50e+01,
19920,-1.20e-02,1.48e+01,
19921,-8.00e-03,1.48e+01,
19922,-8.00e-03,1.48e+01,
19923,-8.00e-03,1.48e+01,
19924,-8.00e-03,1.48e+01,
19925,-8.00e-03,1.46e+01,
19926,-8.00e-03,1.46e+01,
19927,-8.00e-03,1.48e+01,
19928,-8.00e-03,1.46e+01,
19929,-8.00e-03,1.46e+01,
19930,-8.00e-03,1.44e+01,
19931,-8.00e-03,1.46e+01,
19932,-8.00e-03,1.44e+01,
19933,-8.00e-03,1.44e+01,
19934,-8.00e-03,1.44e+01,
19935,-8.00e-03,1.44e+01,
19936,-8.00e-03,1.44e+01,
19937,-8.00e-03,1.44e+01,
19938,-8.00e-03,1.44e+01,
19939,-8.00e-03,1.44e+01,
19940,-8.00e-03,1.42e+01,
19941,-8.00e-03,1.42e+01,
19942,-8.00e-03,1.42e+01,
19943,-8.00e-03,1.42e+01,
19944,-8.00e-03,1.40e+01,
19945,-8.00e-03,1.42e+01,
19946,-8.00e-03,1.42e+01,
19947,-8.00e-03,1.42e+01,
19948,-8.00e-03,1.40e+01,
19949,-8.00e-03,1.40e+01,
19950,-8.00e-03,1.40e+01,
19951,-8.00e-03,1.40e+01,
19952,-8.00e-03,1.40e+01,
19953,-4.00e-03,1.38e+01,
19954,-8.00e-03,1.40e+01,
19955,-8.00e-03,1.40e+01,
19956,-8.00e-03,1.40e+01,
19957,-8.00e-03,1.40e+01,
19958,-8.00e-03,1.38e+01,
19959,-8.00e-03,1.40e+01,
19960,-8.00e-03,1.38e+01,
19961,-8.00e-03,1.38e+01,
19962,-8.00e-03,1.38e+01,
19963,-8.00e-03,1.40e+01,
19964,-8.00e-03,1.38e+01,
19965,-8.00e-03,1.38e+01,
19966,-8.00e-03,1.38e+01,
19967,-8.00e-03,1.40e+01,
19968,-8.00e-03,1.38e+01,
19969,-4.00e-03,1.38e+01,
19970,-8.00e-03,1.38e+01,
19971,-4.00e-03,1.40e+01,
19972,-8.00e-03,1.38e+01,
19973,-8.00e-03,1.38e+01,
19974,-8.00e-03,1.38e+01,
19975,-8.00e-03,1.40e+01,
19976,-8.00e-03,1.38e+01,
19977,-8.00e-03,1.38e+01,
19978,-8.00e-03,1.38e+01,
19979,-4.00e-03,1.40e+01,
19980,-8.00e-03,1.38e+01,
19981,-8.00e-03,1.38e+01,
19982,-8.00e-03,1.38e+01,
19983,-8.00e-03,1.40e+01,
19984,-8.00e-03,1.38e+01,
19985,-8.00e-03,1.38e+01,
19986,-8.00e-03,1.38e+01,
19987,-4.00e-03,1.40e+01,
19988,-8.00e-03,1.40e+01,
19989,-8.00e-03,1.38e+01,
19990,-8.00e-03,1.38e+01,
19991,-8.00e-03,1.40e+01,
19992,-8.00e-03,1.40e+01,
19993,-8.00e-03,1.38e+01,
19994,-1.20e-02,1.40e+01,
19995,-4.00e-03,1.40e+01,
19996,-8.00e-03,1.40e+01,
19997,-8.00e-03,1.40e+01,
19998,-8.00e-03,1.40e+01,
19999,-8.00e-03,1.40e+01,
20000,-8.00e-03,1.40e+01,
20001,-8.00e-03,1.40e+01,
20002,-8.00e-03,1.42e+01,
20003,-8.00e-03,1.42e+01,
20004,-8.00e-03,1.42e+01,
20005,-8.00e-03,1.42e+01,
20006,-8.00e-03,1.42e+01,
20007,-4.00e-03,1.44e+01,
20008,-8.00e-03,1.42e+01,
20009,-8.00e-03,1.42e+01,
20010,-8.00e-03,1.42e+01,
20011,-4.00e-03,1.44e+01,
20012,-8.00e-03,1.42e+01,
20013,-8.00e-03,1.44e+01,
20014,-8.00e-03,1.44e+01,
20015,-4.00e-03,1.44e+01,
20016,-8.00e-03,1.44e+01,
20017,-8.00e-03,1.44e+01,
20018,-8.00e-03,1.46e+01,
20019,-8.00e-03,1.46e+01,
20020,-8.00e-03,1.46e+01,
20021,-8.00e-03,1.46e+01,
20022,-8.00e-03,1.46e+01,
20023,-8.00e-03,1.48e+01,
20024,-4.00e-03,1.48e+01,
20025,-4.00e-03,1.48e+01,
20026,-8.00e-03,1.48e+01,
20027,-8.00e-03,1.48e+01,
20028,-4.00e-03,1.50e+01,
20029,-8.00e-03,1.48e+01,
20030,-8.00e-03,1.50e+01,
20031,-8.00e-03,1.50e+01,
20032,-8.00e-03,1.50e+01,
20033,-8.00e-03,1.50e+01,
20034,-1.20e-02,1.54e+01,
20035,-4.00e-03,1.54e+01,
20036,-8.00e-03,1.54e+01,
20037,-8.00e-03,1.54e+01,
20038,-8.00e-03,1.56e+01,
20039,-4.00e-03,1.56e+01,
20040,-4.00e-03,1.56e+01,
20041,-4.00e-03,1.56e+01,
20042,-8.00e-03,1.56e+01,
20043,-4.00e-03,1.58e+01,
20044,-8.00e-03,1.58e+01,
20045,-8.00e-03,1.58e+01,
20046,-4.00e-03,1.60e+01,
20047,-4.00e-03,1.60e+01,
20048,-8.00e-03,1.60e+01,
20049,-8.00e-03,1.60e+01,
20050,-8.00e-03,1.62e+01,
20051,-4.00e-03,1.62e+01,
20052,-8.00e-03,1.62e+01,
20053,-8.00e-03,1.62e+01,
20054,-8.00e-03,1.62e+01,
20055,-4.00e-03,1.64e+01,
20056,-8.00e-03,1.64e+01,
20057,-4.00e-03,1.64e+01,
20058,-8.00e-03,1.66e+01,
20059,-4.00e-03,1.66e+01,
20060,-4.00e-03,1.64e+01,
20061,-4.00e-03,1.66e+01,
20062,-8.00e-03,1.66e+01,
20063,-8.00e-03,1.68e+01,
20064,-8.00e-03,1.68e+01,
20065,-4.00e-03,1.68e+01,
20066,-8.00e-03,1.68e+01,
20067,-8.00e-03,1.70e+01,
20068,-4.00e-03,1.70e+01,
20069,-8.00e-03,1.72e+01,
20070,-8.00e-03,1.72e+01,
20071,-4.00e-03,1.74e+01,
20072,-8.00e-03,1.74e+01,
20073,-8.00e-03,1.74e+01,
20074,-8.00e-03,1.74e+01,
20075,-8.00e-03,1.76e+01,
20076,-4.00e-03,1.74e+01,
20077,-4.00e-03,1.76e+01,
20078,-8.00e-03,1.76e+01,
20079,-4.00e-03,1.78e+01,
20080,-8.00e-03,1.76e+01,
20081,-4.00e-03,1.78e+01,
20082,-8.00e-03,1.78e+01,
20083,-8.00e-03,1.80e+01,
20084,-8.00e-03,1.80e+01,
20085,-8.00e-03,1.80e+01,
20086,-8.00e-03,1.82e+01,
20087,-4.00e-03,1.82e+01,
20088,-8.00e-03,1.82e+01,
20089,-8.00e-03,1.82e+01,
20090,-8.00e-03,1.82e+01,
20091,-8.00e-03,1.84e+01,
20092,-8.00e-03,1.84e+01,
20093,-8.00e-03,1.84e+01,
20094,-8.00e-03,1.86e+01,
20095,-4.00e-03,1.86e+01,
20096,-8.00e-03,1.86e+01,
20097,-8.00e-03,1.86e+01,
20098,-8.00e-03,1.90e+01,
20099,-8.00e-03,1.90e+01,
20100,-8.00e-03,1.90e+01,
20101,-8.00e-03,1.92e+01,
20102,-8.00e-03,1.92e+01,
20103,-8.00e-03,1.94e+01,
20104,-8.00e-03,1.92e+01,
20105,-8.00e-03,1.92e+01,
20106,-8.00e-03,1.94e+01,
20107,-4.00e-03,1.96e+01,
20108,-8.00e-03,1.96e+01,
20109,-8.00e-03,1.96e+01,
20110,-8.00e-03,1.96e+01,
20111,-8.00e-03,1.98e+01,
20112,-8.00e-03,1.98e+01,
20113,-8.00e-03,1.98e+01,
20114,-8.00e-03,1.98e+01,
20115,-4.00e-03,2.00e+01,
20116,-8.00e-03,2.00e+01,
20117,-8.00e-03,2.00e+01,
20118,-8.00e-03,2.00e+01,
20119,-8.00e-03,2.02e+01,
20120,-8.00e-03,2.02e+01,
20121,-8.00e-03,2.02e+01,
20122,-8.00e-03,2.02e+01,
20123,-8.00e-03,2.06e+01,
20124,-8.00e-03,2.04e+01,
20125,-8.00e-03,2.04e+01,
20126,-8.00e-03,2.04e+01,
20127,-8.00e-03,2.06e+01,
20128,-8.00e-03,2.06e+01,
20129,-8.00e-03,2.06e+01,
20130,-8.00e-03,2.08e+01,
20131,-8.00e-03,2.08e+01,
20132,-8.00e-03,2.08e+01,
20133,-8.00e-03,2.08e+01,
20134,-1.20e-02,2.08e+01,
20135,-4.00e-03,2.10e+01,
20136,-8.00e-03,2.08e+01,
20137,-8.00e-03,2.10e+01,
20138,-1.20e-02,2.10e+01,
20139,-8.00e-03,2.12e+01,
20140,-8.00e-03,2.10e+01,
20141,-8.00e-03,2.10e+01,
20142,-8.00e-03,2.12e+01,
20143,-8.00e-03,2.14e+01,
20144,-8.00e-03,2.12e+01,
20145,-8.00e-03,2.12e+01,
20146,-8.00e-03,2.14e+01,
20147,-8.00e-03,2.14e+01,
20148,-8.00e-03,2.14e+01,
20149,-8.00e-03,2.14e+01,
20150,-8.00e-03,2.14e+01,
20151,-8.00e-03,2.16e+01,
20152,-8.00e-03,2.14e+01,
20153,-8.00e-03,2.14e+01,
20154,-1.20e-02,2.14e+01,
20155,-8.00e-03,2.18e+01,
20156,-8.00e-03,2.14e+01,
20157,-8.00e-03,2.16e+01,
20158,-1.20e-02,2.16e+01,
20159,-8.00e-03,2.18e+01,
20160,-8.00e-03,2.18e+01,
20161,-8.00e-03,2.16e+01,
20162,-8.00e-03,2.18e+01,
20163,-8.00e-03,2.18e+01,
20164,-1.20e-02,2.18e+01,
20165,-8.00e-03,2.18e+01,
20166,-1.20e-02,2.18e+01,
20167,-8.00e-03,2.18e+01,
20168,-8.00e-03,2.18e+01,
20169,-8.00e-03,2.16e+01,
20170,-1.20e-02,2.18e+01,
20171,-8.00e-03,2.20e+01,
20172,-8.00e-03,2.18e+01,
20173,-8.00e-03,2.20e+01,
20174,-1.20e-02,2.18e+01,
20175,-8.00e-03,2.20e+01,
20176,-8.00e-03,2.18e+01,
20177,-8.00e-03,2.18e+01,
20178,-1.20e-02,2.20e+01,
20179,-8.00e-03,2.20e+01,
20180,-8.00e-03,2.20e+01,
20181,-8.00e-03,2.20e+01,
20182,-8.00e-03,2.20e+01,
20183,-8.00e-03,2.20e+01,
20184,-8.00e-03,2.20e+01,
20185,-8.00e-03,2.18e+01,
20186,-1.20e-02,2.20e+01,
20187,-8.00e-03,2.20e+01,
20188,-1.20e-02,2.20e+01,
20189,-8.00e-03,2.18e+01,
20190,-1.20e-02,2.18e+01,
20191,-8.00e-03,2.20e+01,
20192,-8.00e-03,2.20e+01,
20193,-8.00e-03,2.18e+01,
20194,-1.20e-02,2.20e+01,
20195,-8.00e-03,2.20e+01,
20196,-8.00e-03,2.18e+01,
20197,-8.00e-03,2.18e+01,
20198,-8.00e-03,2.18e+01,
20199,-8.00e-03,2.18e+01,
20200,-8.00e-03,2.18e+01,
20201,-1.20e-02,2.18e+01,
20202,-1.20e-02,2.18e+01,
20203,-8.00e-03,2.18e+01,
20204,-8.00e-03,2.18e+01,
20205,-8.00e-03,2.16e+01,
20206,-1.20e-02,2.16e+01,
20207,-8.00e-03,2.18e+01,
20208,-8.00e-03,2.16e+01,
20209,-8.00e-03,2.16e+01,
20210,-1.20e-02,2.16e+01,
20211,-8.00e-03,2.18e+01,
20212,-1.20e-02,2.16e+01,
20213,-8.00e-03,2.14e+01,
20214,-8.00e-03,2.14e+01,
20215,-8.00e-03,2.16e+01,
20216,-8.00e-03,2.14e+01,
20217,-8.00e-03,2.12e+01,
20218,-1.20e-02,2.14e+01,
20219,-8.00e-03,2.14e+01,
20220,-8.00e-03,2.14e+01,
20221,-8.00e-03,2.12e+01,
20222,-1.20e-02,2.12e+01,
20223,-8.00e-03,2.14e+01,
20224,-8.00e-03,2.12e+01,
20225,-8.00e-03,2.12e+01,
20226,-1.20e-02,2.12e+01,
20227,-8.00e-03,2.12e+01,
20228,-8.00e-03,2.10e+01,
20229,-8.00e-03,2.10e+01,
20230,-1.20e-02,2.10e+01,
20231,-8.00e-03,2.10e+01,
20232,-8.00e-03,2.08e+01,
20233,-8.00e-03,2.08e+01,
20234,-1.20e-02,2.08e+01,
20235,-8.00e-03,2.08e+01,
20236,-1.20e-02,2.08e+01,
20237,-8.00e-03,2.06e+01,
20238,-8.00e-03,2.06e+01,
20239,-8.00e-03,2.06e+01,
20240,-8.00e-03,2.04e+01,
20241,-8.00e-03,2.04e+01,
20242,-1.20e-02,2.06e+01,
20243,-8.00e-03,2.06e+01,
20244,-1.20e-02,2.04e+01,
20245,-8.00e-03,2.04e+01,
20246,-1.20e-02,2.02e+01,
20247,-1.20e-02,2.04e+01,
20248,-8.00e-03,2.00e+01,
20249,-1.20e-02,2.00e+01,
20250,-1.20e-02,2.00e+01,
20251,-8.00e-03,2.00e+01,
20252,-1.20e-02,2.00e+01,
20253,-8.00e-03,1.98e+01,
20254,-8.00e-03,1.98e+01,
20255,-8.00e-03,2.00e+01,
20256,-8.00e-03,1.98e+01,
20257,-8.00e-03,1.96e+01,
20258,-1.20e-02,1.96e+01,
20259,-8.00e-03,1.98e+01,
20260,-1.20e-02,1.96e+01,
20261,-1.20e-02,1.94e+01,
20262,-8.00e-03,1.94e+01,
20263,-8.00e-03,1.94e+01,
20264,-8.00e-03,1.92e+01,
20265,-8.00e-03,1.92e+01,
20266,-8.00e-03,1.92e+01,
20267,-8.00e-03,1.92e+01,
20268,-1.20e-02,1.90e+01,
20269,-1.20e-02,1.90e+01,
20270,-1.20e-02,1.90e+01,
20271,-8.00e-03,1.90e+01,
20272,-8.00e-03,1.86e+01,
20273,-8.00e-03,1.86e+01,
20274,-1.20e-02,1.86e+01,
20275,-8.00e-03,1.86e+01,
20276,-1.20e-02,1.84e+01,
20277,-1.20e-02,1.84e+01,
20278,-8.00e-03,1.84e+01,
20279,-1.20e-02,1.84e+01,
20280,-8.00e-03,1.82e+01,
20281,-1.20e-02,1.82e+01,
20282,-1.20e-02,1.82e+01,
20283,-8.00e-03,1.82e+01,
20284,-1.20e-02,1.80e+01,
20285,-8.00e-03,1.80e+01,
20286,-1.20e-02,1.78e+01,
20287,-8.00e-03,1.80e+01,
20288,-8.00e-03,1.76e+01,
20289,-8.00e-03,1.78e+01,
20290,-1.20e-02,1.76e+01,
20291,-8.00e-03,1.76e+01,
20292,-8.00e-03,1.76e+01,
20293,-8.00e-03,1.74e+01,
20294,-8.00e-03,1.74e+01,
20295,-1.20e-02,1.74e+01,
20296,-8.00e-03,1.74e+01,
20297,-8.00e-03,1.72e+01,
20298,-1.20e-02,1.72e+01,
20299,-8.00e-03,1.74e+01,
20300,-1.20e-02,1.72e+01,
20301,-1.20e-02,1.68e+01,
20302,-8.00e-03,1.70e+01,
20303,-8.00e-03,1.70e+01,
20304,-8.00e-03,1.68e+01,
20305,-8.00e-03,1.68e+01,
20306,-1.20e-02,1.68e+01,
20307,-8.00e-03,1.68e+01,
20308,-8.00e-03,1.66e+01,
20309,-1.20e-02,1.66e+01,
20310,-8.00e-03,1.66e+01,
20311,-8.00e-03,1.66e+01,
20312,-8.00e-03,1.64e+01,
20313,-8.00e-03,1.64e+01,
20314,-1.20e-02,1.64e+01,
20315,-8.00e-03,1.64e+01,
20316,-8.00e-03,1.64e+01,
20317,-1.20e-02,1.62e+01,
20318,-8.00e-03,1.62e+01,
20319,-8.00e-03,1.62e+01,
20320,-8.00e-03,1.60e+01,
20321,-8.00e-03,1.60e+01,
20322,-1.20e-02,1.60e+01,
20323,-8.00e-03,1.60e+01,
20324,-8.00e-03,1.60e+01,
20325,-8.00e-03,1.60e+01,
20326,-8.00e-03,1.58e+01,
20327,-8.00e-03,1.60e+01,
20328,-8.00e-03,1.56e+01,
20329,-8.00e-03,1.56e+01,
20330,-1.20e-02,1.58e+01,
20331,-8.00e-03,1.58e+01,
20332,-8.00e-03,1.56e+01,
20333,-8.00e-03,1.56e+01,
20334,-8.00e-03,1.56e+01,
20335,-8.00e-03,1.56e+01,
20336,-8.00e-03,1.54e+01,
20337,-8.00e-03,1.54e+01,
20338,-1.20e-02,1.54e+01,
20339,-4.00e-03,1.54e+01,
20340,-8.00e-03,1.50e+01,
20341,-8.00e-03,1.50e+01,
20342,-8.00e-03,1.50e+01,
20343,-8.00e-03,1.54e+01,
20344,-8.00e-03,1.50e+01,
20345,-8.00e-03,1.48e+01,
20346,-1.20e-02,1.50e+01,
20347,-8.00e-03,1.50e+01,
20348,-8.00e-03,1.48e+01,
20349,-8.00e-03,1.48e+01,
20350,-8.00e-03,1.48e+01,
20351,-8.00e-03,1.48e+01,
20352,-8.00e-03,1.46e+01,
20353,-8.00e-03,1.46e+01,
20354,-1.20e-02,1.46e+01,
20355,-8.00e-03,1.46e+01,
20356,-8.00e-03,1.46e+01,
20357,-1.20e-02,1.46e+01,
20358,-8.00e-03,1.46e+01,
20359,-8.00e-03,1.46e+01,
20360,-8.00e-03,1.46e+01,
20361,-4.00e-03,1.44e+01,
20362,-8.00e-03,1.46e+01,
20363,-4.00e-03,1.46e+01,
20364,-8.00e-03,1.44e+01,
20365,-8.00e-03,1.44e+01,
20366,-8.00e-03,1.44e+01,
20367,-8.00e-03,1.44e+01,
20368,-8.00e-03,1.42e+01,
20369,-8.00e-03,1.42e+01,
20370,-1.20e-02,1.44e+01,
20371,-8.00e-03,1.44e+01,
20372,-8.00e-03,1.42e+01,
20373,-8.00e-03,1.42e+01,
20374,-8.00e-03,1.42e+01,
20375,-8.00e-03,1.44e+01,
20376,-8.00e-03,1.42e+01,
20377,-8.00e-03,1.42e+01,
20378,-8.00e-03,1.42e+01,
20379,-8.00e-03,1.42e+01,
20380,-8.00e-03,1.42e+01,
20381,-8.00e-03,1.42e+01,
20382,-8.00e-03,1.42e+01,
20383,-8.00e-03,1.42e+01,
20384,-8.00e-03,1.42e+01,
20385,-4.00e-03,1.40e+01,
20386,-1.20e-02,1.42e+01,
20387,-8.00e-03,1.42e+01,
20388,-8.00e-03,1.42e+01,
20389,-8.00e-03,1.42e+01,
20390,-8.00e-03,1.40e+01,
20391,-8.00e-03,1.42e+01,
20392,-8.00e-03,1.40e+01,
20393,-8.00e-03,1.42e+01,
20394,-1.20e-02,1.42e+01,
20395,-4.00e-03,1.42e+01,
20396,-8.00e-03,1.40e+01,
20397,-8.00e-03,1.42e+01,
20398,-8.00e-03,1.40e+01,
20399,-4.00e-03,1.42e+01,
20400,-8.00e-03,1.40e+01,
20401,-8.00e-03,1.40e+01,
20402,-1.20e-02,1.42e+01,
20403,-4.00e-03,1.44e+01,
20404,-8.00e-03,1.42e+01,
20405,-1.20e-02,1.42e+01,
20406,-8.00e-03,1.42e+01,
20407,-8.00e-03,1.44e+01,
20408,-8.00e-03,1.42e+01,
20409,-4.00e-03,1.42e+01,
20410,-8.00e-03,1.44e+01,
20411,-4.00e-03,1.44e+01,
20412,-8.00e-03,1.42e+01,
20413,-8.00e-03,1.42e+01,
20414,-8.00e-03,1.42e+01,
20415,-4.00e-03,1.44e+01,
20416,-8.00e-03,1.42e+01,
20417,-4.00e-03,1.44e+01,
20418,-8.00e-03,1.44e+01,
20419,-4.00e-03,1.44e+01,
20420,-8.00e-03,1.44e+01,
20421,-8.00e-03,1.44e+01,
20422,-8.00e-03,1.44e+01,
20423,-8.00e-03,1.44e+01,
20424,-8.00e-03,1.44e+01,
20425,-8.00e-03,1.46e+01,
20426,-8.00e-03,1.44e+01,
20427,-8.00e-03,1.46e+01,
20428,-8.00e-03,1.44e+01,
20429,-8.00e-03,1.46e+01,
20430,-8.00e-03,1.46e+01,
20431,-8.00e-03,1.46e+01,
20432,-8.00e-03,1.46e+01,
20433,-4.00e-03,1.46e+01,
20434,-8.00e-03,1.48e+01,
20435,-8.00e-03,1.48e+01,
20436,-4.00e-03,1.46e+01,
20437,-8.00e-03,1.48e+01,
20438,-8.00e-03,1.48e+01,
20439,-4.00e-03,1.48e+01,
20440,-8.00e-03,1.48e+01,
20441,-4.00e-03,1.48e+01,
20442,-8.00e-03,1.50e+01,
20443,-8.00e-03,1.50e+01,
20444,-4.00e-03,1.50e+01,
20445,-8.00e-03,1.50e+01,
20446,-8.00e-03,1.50e+01,
20447,-4.00e-03,1.54e+01,
20448,-8.00e-03,1.50e+01,
20449,-8.00e-03,1.54e+01,
20450,-8.00e-03,1.54e+01,
20451,-4.00e-03,1.54e+01,
20452,-8.00e-03,1.54e+01,
20453,-8.00e-03,1.54e+01,
20454,-8.00e-03,1.54e+01,
20455,-4.00e-03,1.56e+01,
20456,-8.00e-03,1.56e+01,
20457,-8.00e-03,1.56e+01,
20458,-8.00e-03,1.58e+01,
20459,-8.00e-03,1.58e+01,
20460,-4.00e-03,1.58e+01,
20461,-8.00e-03,1.58e+01,
20462,-8.00e-03,1.58e+01,
20463,-4.00e-03,1.60e+01,
20464,-8.00e-03,1.60e+01,
20465,-8.00e-03,1.60e+01,
20466,-8.00e-03,1.60e+01,
20467,-8.00e-03,1.62e+01,
20468,-8.00e-03,1.60e+01,
20469,-8.00e-03,1.62e+01,
20470,-8.00e-03,1.62e+01,
20471,-4.00e-03,1.64e+01,
20472,-8.00e-03,1.64e+01,
20473,-8.00e-03,1.64e+01,
20474,-8.00e-03,1.64e+01,
20475,-8.00e-03,1.66e+01,
20476,-8.00e-03,1.64e+01,
20477,-8.00e-03,1.64e+01,
20478,-8.00e-03,1.66e+01,
20479,-4.00e-03,1.68e+01,
20480,-8.00e-03,1.66e+01,
20481,-8.00e-03,1.66e+01,
20482,-8.00e-03,1.68e+01,
20483,-8.00e-03,1.70e+01,
20484,-4.00e-03,1.68e+01,
20485,-8.00e-03,1.70e+01,
20486,-8.00e-03,1.70e+01,
20487,-8.00e-03,1.70e+01,
20488,-8.00e-03,1.70e+01,
20489,-8.00e-03,1.72e+01,
20490,-8.00e-03,1.72e+01,
20491,-8.00e-03,1.72e+01,
20492,-8.00e-03,1.72e+01,
20493,-8.00e-03,1.74e+01,
20494,-8.00e-03,1.74e+01,
20495,-4.00e-03,1.76e+01,
20496,-8.00e-03,1.74e+01,
20497,-4.00e-03,1.76e+01,
20498,-1.20e-02,1.76e+01,
20499,-8.00e-03,1.78e+01,
20500,-8.00e-03,1.78e+01,
20501,-8.00e-03,1.76e+01,
20502,-8.00e-03,1.78e+01,
20503,-4.00e-03,1.80e+01,
20504,-8.00e-03,1.78e+01,
20505,-4.00e-03,1.78e+01,
20506,-8.00e-03,1.80e+01,
20507,-4.00e-03,1.82e+01,
20508,-4.00e-03,1.82e+01,
20509,-8.00e-03,1.82e+01,
20510,-8.00e-03,1.82e+01,
20511,-8.00e-03,1.84e+01,
20512,-8.00e-03,1.84e+01,
20513,-4.00e-03,1.82e+01,
20514,-8.00e-03,1.84e+01,
20515,-8.00e-03,1.86e+01,
20516,-8.00e-03,1.86e+01,
20517,-8.00e-03,1.86e+01,
20518,-8.00e-03,1.86e+01,
20519,-4.00e-03,1.90e+01,
20520,-8.00e-03,1.90e+01,
20521,-8.00e-03,1.90e+01,
20522,-8.00e-03,1.90e+01,
20523,-4.00e-03,1.92e+01,
20524,-8.00e-03,1.92e+01,
20525,-8.00e-03,1.92e+01,
20526,-8.00e-03,1.92e+01,
20527,-8.00e-03,1.94e+01,
20528,-8.00e-03,1.92e+01,
20529,-8.00e-03,1.94e+01,
20530,-8.00e-03,1.94e+01,
20531,-8.00e-03,1.96e+01,
20532,-8.00e-03,1.96e+01,
20533,-8.00e-03,1.96e+01,
20534,-8.00e-03,1.96e+01,
20535,-8.00e-03,1.98e+01,
20536,-8.00e-03,1.98e+01,
20537,-8.00e-03,1.96e+01,
20538,-8.00e-03,1.98e+01,
20539,-8.00e-03,2.00e+01,
20540,-8.00e-03,2.00e+01,
20541,-8.00e-03,2.00e+01,
20542,-8.00e-03,2.00e+01,
20543,-8.00e-03,2.02e+01,
20544,-8.00e-03,2.00e+01,
20545,-8.00e-03,2.00e+01,
20546,-8.00e-03,2.02e+01,
20547,-8.00e-03,2.04e+01,
20548,-8.00e-03,2.02e+01,
20549,-8.00e-03,2.02e+01,
20550,-8.00e-03,2.04e+01,
20551,-8.00e-03,2.04e+01,
20552,-8.00e-03,2.04e+01,
20553,-8.00e-03,2.04e+01,
20554,-8.00e-03,2.04e+01,
20555,-8.00e-03,2.06e+01,
20556,-8.00e-03,2.06e+01,
20557,-8.00e-03,2.06e+01,
20558,-8.00e-03,2.06e+01,
20559,-8.00e-03,2.08e+01,
20560,-8.00e-03,2.08e+01,
20561,-8.00e-03,2.06e+01,
20562,-8.00e-03,2.08e+01,
20563,-8.00e-03,2.08e+01,
20564,-8.00e-03,2.08e+01,
20565,-8.00e-03,2.08e+01,
20566,-8.00e-03,2.10e+01,
20567,-8.00e-03,2.10e+01,
20568,-8.00e-03,2.08e+01,
20569,-8.00e-03,2.10e+01,
20570,-1.20e-02,2.10e+01,
20571,-8.00e-03,2.12e+01,
20572,-8.00e-03,2.12e+01,
20573,-8.00e-03,2.10e+01,
20574,-8.00e-03,2.10e+01,
20575,-8.00e-03,2.14e+01,
20576,-8.00e-03,2.12e+01,
20577,-8.00e-03,2.12e+01,
20578,-8.00e-03,2.12e+01,
20579,-8.00e-03,2.14e+01,
20580,-8.00e-03,2.12e+01,
20581,-8.00e-03,2.12e+01,
20582,-8.00e-03,2.12e+01,
20583,-8.00e-03,2.14e+01,
20584,-8.00e-03,2.12e+01,
20585,-8.00e-03,2.14e+01,
20586,-1.20e-02,2.14e+01,
20587,-8.00e-03,2.14e+01,
20588,-8.00e-03,2.14e+01,
20589,-8.00e-03,2.12e+01,
20590,-8.00e-03,2.14e+01,
20591,-8.00e-03,2.16e+01,
20592,-8.00e-03,2.14e+01,
20593,-8.00e-03,2.14e+01,
20594,-1.20e-02,2.14e+01,
20595,-8.00e-03,2.16e+01,
20596,-8.00e-03,2.14e+01,
20597,-8.00e-03,2.14e+01,
20598,-1.20e-02,2.14e+01,
20599,-8.00e-03,2.16e+01,
20600,-8.00e-03,2.14e+01,
20601,-8.00e-03,2.14e+01,
20602,-8.00e-03,2.16e+01,
20603,-8.00e-03,2.16e+01,
20604,-8.00e-03,2.14e+01,
20605,-8.00e-03,2.14e+01,
20606,-8.00e-03,2.14e+01,
20607,-8.00e-03,2.16e+01,
20608,-8.00e-03,2.14e+01,
20609,-8.00e-03,2.16e+01,
20610,-8.00e-03,2.14e+01,
20611,-8.00e-03,2.16e+01,
20612,-1.20e-02,2.14e+01,
20613,-8.00e-03,2.14e+01,
20614,-8.00e-03,2.14e+01,
20615,-8.00e-03,2.16e+01,
20616,-8.00e-03,2.14e+01,
20617,-8.00e-03,2.14e+01,
20618,-1.20e-02,2.14e+01,
20619,-8.00e-03,2.14e+01,
20620,-8.00e-03,2.14e+01,
20621,-1.20e-02,2.14e+01,
20622,-1.20e-02,2.12e+01,
20623,-8.00e-03,2.14e+01,
20624,-8.00e-03,2.12e+01,
20625,-8.00e-03,2.12e+01,
20626,-1.20e-02,2.12e+01,
20627,-8.00e-03,2.14e+01,
20628,-1.20e-02,2.14e+01,
20629,-1.20e-02,2.12e+01,
20630,-1.20e-02,2.12e+01,
20631,-8.00e-03,2.12e+01,
20632,-8.00e-03,2.12e+01,
20633,-8.00e-03,2.10e+01,
20634,-1.20e-02,2.10e+01,
20635,-8.00e-03,2.12e+01,
20636,-8.00e-03,2.10e+01,
20637,-8.00e-03,2.10e+01,
20638,-1.20e-02,2.10e+01,
20639,-8.00e-03,2.10e+01,
20640,-8.00e-03,2.08e+01,
20641,-1.20e-02,2.08e+01,
20642,-8.00e-03,2.08e+01,
20643,-1.20e-02,2.08e+01,
20644,-8.00e-03,2.08e+01,
20645,-1.20e-02,2.08e+01,
20646,-8.00e-03,2.08e+01,
20647,-8.00e-03,2.08e+01,
20648,-1.20e-02,2.06e+01,
20649,-8.00e-03,2.06e+01,
20650,-1.20e-02,2.06e+01,
20651,-8.00e-03,2.06e+01,
20652,-1.20e-02,2.06e+01,
20653,-8.00e-03,2.06e+01,
20654,-8.00e-03,2.04e+01,
20655,-8.00e-03,2.06e+01,
20656,-1.20e-02,2.04e+01,
20657,-8.00e-03,2.02e+01,
20658,-1.20e-02,2.02e+01,
20659,-8.00e-03,2.04e+01,
20660,-8.00e-03,2.02e+01,
20661,-8.00e-03,2.02e+01,
20662,-8.00e-03,2.02e+01,
20663,-8.00e-03,2.02e+01,
20664,-1.20e-02,2.00e+01,
20665,-8.00e-03,2.00e+01,
20666,-1.20e-02,2.00e+01,
20667,-8.00e-03,2.00e+01,
20668,-8.00e-03,1.98e+01,
20669,-8.00e-03,1.98e+01,
20670,-8.00e-03,1.98e+01,
20671,-8.00e-03,1.98e+01,
20672,-8.00e-03,1.98e+01,
20673,-8.00e-03,1.96e+01,
20674,-8.00e-03,1.96e+01,
20675,-8.00e-03,1.96e+01,
20676,-8.00e-03,1.96e+01,
20677,-1.20e-02,1.94e+01,
20678,-8.00e-03,1.94e+01,
20679,-8.00e-03,1.94e+01,
20680,-1.20e-02,1.94e+01,
20681,-8.00e-03,1.92e+01,
20682,-8.00e-03,1.92e+01,
20683,-8.00e-03,1.94e+01,
20684,-1.20e-02,1.90e+01,
20685,-8.00e-03,1.90e+01,
20686,-1.20e-02,1.90e+01,
20687,-8.00e-03,1.90e+01,
20688,-8.00e-03,1.90e+01,
20689,-8.00e-03,1.86e+01,
20690,-1.20e-02,1.86e+01,
20691,-1.20e-02,1.86e+01,
20692,-8.00e-03,1.84e+01,
20693,-8.00e-03,1.84e+01,
20694,-1.20e-02,1.84e+01,
20695,-8.00e-03,1.84e+01,
20696,-8.00e-03,1.84e+01,
20697,-8.00e-03,1.82e+01,
20698,-8.00e-03,1.82e+01,
20699,-8.00e-03,1.84e+01,
20700,-8.00e-03,1.82e+01,
20701,-8.00e-03,1.80e+01,
20702,-8.00e-03,1.80e+01,
20703,-8.00e-03,1.82e+01,
20704,-8.00e-03,1.78e+01,
20705,-8.00e-03,1.78e+01,
20706,-1.20e-02,1.78e+01,
20707,-8.00e-03,1.78e+01,
20708,-1.20e-02,1.78e+01,
20709,-8.00e-03,1.76e+01,
20710,-8.00e-03,1.76e+01,
20711,-8.00e-03,1.78e+01,
20712,-8.00e-03,1.74e+01,
20713,-8.00e-03,1.74e+01,
20714,-1.20e-02,1.74e+01,
20715,-8.00e-03,1.74e+01,
20716,-1.20e-02,1.74e+01,
20717,-8.00e-03,1.72e+01,
20718,-8.00e-03,1.74e+01,
20719,-8.00e-03,1.74e+01,
20720,-8.00e-03,1.72e+01,
20721,-8.00e-03,1.70e+01,
20722,-8.00e-03,1.70e+01,
20723,-8.00e-03,1.72e+01,
20724,-8.00e-03,1.70e+01,
20725,-8.00e-03,1.70e+01,
20726,-1.20e-02,1.68e+01,
20727,-8.00e-03,1.68e+01,
20728,-8.00e-03,1.66e+01,
20729,-1.20e-02,1.66e+01,
20730,-1.20e-02,1.68e+01,
20731,-8.00e-03,1.66e+01,
20732,-8.00e-03,1.66e+01,
20733,-8.00e-03,1.64e+01,
20734,-8.00e-03,1.64e+01,
20735,-8.00e-03,1.66e+01,
20736,-8.00e-03,1.64e+01,
20737,-8.00e-03,1.64e+01,
20738,-1.20e-02,1.64e+01,
20739,-8.00e-03,1.64e+01,
20740,-1.20e-02,1.62e+01,
20741,-8.00e-03,1.62e+01,
20742,-8.00e-03,1.62e+01,
20743,-8.00e-03,1.62e+01,
20744,-8.00e-03,1.60e+01,
20745,-8.00e-03,1.60e+01,
20746,-1.20e-02,1.60e+01,
20747,-8.00e-03,1.60e+01,
20748,-8.00e-03,1.58e+01,
20749,-8.00e-03,1.58e+01,
20750,-8.00e-03,1.58e+01,
20751,-8.00e-03,1.60e+01,
20752,-8.00e-03,1.58e+01,
20753,-8.00e-03,1.56e+01,
20754,-8.00e-03,1.56e+01,
20755,-8.00e-03,1.58e+01,
20756,-8.00e-03,1.56e+01,
20757,-8.00e-03,1.56e+01,
20758,-8.00e-03,1.56e+01,
20759,-8.00e-03,1.56e+01,
20760,-8.00e-03,1.56e+01,
20761,-8.00e-03,1.54e+01,
20762,-1.20e-02,1.54e+01,
20763,-8.00e-03,1.54e+01,
20764,-8.00e-03,1.54e+01,
20765,-8.00e-03,1.50e+01,
20766,-8.00e-03,1.54e+01,
20767,-8.00e-03,1.54e+01,
20768,-8.00e-03,1.50e+01,
20769,-8.00e-03,1.50e+01,
20770,-8.00e-03,1.50e+01,
20771,-8.00e-03,1.50e+01,
20772,-8.00e-03,1.50e+01,
20773,-8.00e-03,1.48e+01,
20774,-8.00e-03,1.48e+01,
20775,-8.00e-03,1.50e+01,
20776,-8.00e-03,1.48e+01,
20777,-8.00e-03,1.48e+01,
20778,-8.00e-03,1.48e+01,
20779,-8.00e-03,1.48e+01,
20780,-8.00e-03,1.48e+01,
20781,-8.00e-03,1.48e+01,
20782,-8.00e-03,1.48e+01,
20783,-8.00e-03,1.48e+01,
20784,-8.00e-03,1.48e+01,
20785,-8.00e-03,1.46e+01,
20786,-8.00e-03,1.46e+01,
20787,-8.00e-03,1.48e+01,
20788,-8.00e-03,1.46e+01,
20789,-8.00e-03,1.46e+01,
20790,-8.00e-03,1.46e+01,
20791,-8.00e-03,1.46e+01,
20792,-8.00e-03,1.46e+01,
20793,-8.00e-03,1.44e+01,
20794,-8.00e-03,1.46e+01,
20795,-8.00e-03,1.46e+01,
20796,-8.00e-03,1.44e+01,
20797,-8.00e-03,1.46e+01,
20798,-8.00e-03,1.46e+01,
20799,-4.00e-03,1.46e+01,
20800,-8.00e-03,1.44e+01,
20801,-8.00e-03,1.44e+01,
20802,-8.00e-03,1.44e+01,
20803,-8.00e-03,1.46e+01,
20804,-8.00e-03,1.44e+01,
20805,-8.00e-03,1.44e+01,
20806,-8.00e-03,1.44e+01,
20807,-8.00e-03,1.44e+01,
20808,-8.00e-03,1.44e+01,
20809,-8.00e-03,1.44e+01,
20810,-8.00e-03,1.44e+01,
20811,-4.00e-03,1.46e+01,
20812,-8.00e-03,1.44e+01,
20813,-8.00e-03,1.44e+01,
20814,-8.00e-03,1.44e+01,
20815,-8.00e-03,1.46e+01,
20816,-8.00e-03,1.44e+01,
20817,-8.00e-03,1.44e+01,
20818,-8.00e-03,1.44e+01,
20819,-8.00e-03,1.44e+01,
20820,-8.00e-03,1.44e+01,
20821,-8.00e-03,1.44e+01,
20822,-8.00e-03,1.44e+01,
20823,-8.00e-03,1.46e+01,
20824,-8.00e-03,1.44e+01,
20825,-8.00e-03,1.44e+01,
20826,-8.00e-03,1.46e+01,
20827,-8.00e-03,1.46e+01,
20828,-8.00e-03,1.44e+01,
20829,-8.00e-03,1.44e+01,
20830,-8.00e-03,1.44e+01,
20831,-8.00e-03,1.46e+01,
20832,-8.00e-03,1.44e+01,
20833,-8.00e-03,1.44e+01,
20834,-8.00e-03,1.46e+01,
20835,-4.00e-03,1.46e+01,
20836,-8.00e-03,1.46e+01,
20837,-8.00e-03,1.46e+01,
20838,-8.00e-03,1.46e+01,
20839,-8.00e-03,1.46e+01,
20840,-8.00e-03,1.46e+01,
20841,-8.00e-03,1.46e+01,
20842,-8.00e-03,1.48e+01,
20843,-4.00e-03,1.48e+01,
20844,-8.00e-03,1.46e+01,
20845,-8.00e-03,1.46e+01,
20846,-8.00e-03,1.48e+01,
20847,-4.00e-03,1.50e+01,
20848,-8.00e-03,1.48e+01,
20849,-8.00e-03,1.48e+01,
20850,-8.00e-03,1.48e+01,
20851,-4.00e-03,1.50e+01,
20852,-8.00e-03,1.48e+01,
20853,-8.00e-03,1.48e+01,
20854,-8.00e-03,1.48e+01,
20855,-4.00e-03,1.50e+01,
20856,-8.00e-03,1.50e+01,
20857,-8.00e-03,1.50e+01,
20858,-8.00e-03,1.50e+01,
20859,-4.00e-03,1.54e+01,
20860,-8.00e-03,1.50e+01,
20861,-8.00e-03,1.50e+01,
20862,-8.00e-03,1.54e+01,
20863,-4.00e-03,1.56e+01,
20864,-8.00e-03,1.50e+01,
20865,-8.00e-03,1.54e+01,
20866,-8.00e-03,1.54e+01,
20867,-8.00e-03,1.56e+01,
20868,-8.00e-03,1.56e+01,
20869,-8.00e-03,1.56e+01,
20870,-8.00e-03,1.56e+01,
20871,-8.00e-03,1.58e+01,
20872,-8.00e-03,1.56e+01,
20873,-8.00e-03,1.56e+01,
20874,-8.00e-03,1.56e+01,
20875,-4.00e-03,1.58e+01,
20876,-8.00e-03,1.58e+01,
20877,-4.00e-03,1.58e+01,
20878,-8.00e-03,1.58e+01,
20879,-4.00e-03,1.60e+01,
20880,-4.00e-03,1.58e+01,
20881,-8.00e-03,1.58e+01,
20882,-8.00e-03,1.60e+01,
20883,-4.00e-03,1.62e+01,
20884,-8.00e-03,1.60e+01,
20885,-4.00e-03,1.60e+01,
20886,-8.00e-03,1.62e+01,
20887,-8.00e-03,1.62e+01,
20888,-8.00e-03,1.62e+01,
20889,-8.00e-03,1.62e+01,
20890,-8.00e-03,1.64e+01,
20891,-8.00e-03,1.64e+01,
20892,-8.00e-03,1.64e+01,
20893,-8.00e-03,1.64e+01,
20894,-8.00e-03,1.66e+01,
20895,-8.00e-03,1.66e+01,
20896,-8.00e-03,1.66e+01,
20897,-8.00e-03,1.66e+01,
20898,-8.00e-03,1.66e+01,
20899,-4.00e-03,1.68e+01,
20900,-8.00e-03,1.68e+01,
20901,-8.00e-03,1.68e+01,
20902,-1.20e-02,1.68e+01,
20903,-8.00e-03,1.70e+01,
20904,-8.00e-03,1.68e+01,
20905,-8.00e-03,1.68e+01,
20906,-8.00e-03,1.70e+01,
20907,-4.00e-03,1.72e+01,
20908,-8.00e-03,1.72e+01,
20909,-8.00e-03,1.72e+01,
20910,-8.00e-03,1.72e+01,
20911,-8.00e-03,1.74e+01,
20912,-4.00e-03,1.72e+01,
20913,-8.00e-03,1.74e+01,
20914,-1.20e-02,1.74e+01,
20915,-8.00e-03,1.76e+01,
20916,-8.00e-03,1.76e+01,
20917,-8.00e-03,1.76e+01,
20918,-8.00e-03,1.76e+01,
20919,-8.00e-03,1.78e+01,
20920,-8.00e-03,1.76e+01,
20921,-8.00e-03,1.76e+01,
20922,-8.00e-03,1.78e+01,
20923,-4.00e-03,1.78e+01,
20924,-8.00e-03,1.78e+01,
20925,-8.00e-03,1.78e+01,
20926,-8.00e-03,1.80e+01,
20927,-8.00e-03,1.80e+01,
20928,-8.00e-03,1.80e+01,
20929,-8.00e-03,1.80e+01,
20930,-8.00e-03,1.82e+01,
20931,-4.00e-03,1.84e+01,
20932,-8.00e-03,1.82e+01,
20933,-8.00e-03,1.82e+01,
20934,-8.00e-03,1.84e+01,
20935,-8.00e-03,1.86e+01,
20936,-8.00e-03,1.84e+01,
20937,-8.00e-03,1.84e+01,
20938,-8.00e-03,1.84e+01,
20939,-8.00e-03,1.86e+01,
20940,-8.00e-03,1.86e+01,
20941,-8.00e-03,1.86e+01,
20942,-8.00e-03,1.86e+01,
20943,-8.00e-03,1.90e+01,
20944,-8.00e-03,1.90e+01,
20945,-8.00e-03,1.90e+01,
20946,-8.00e-03,1.92e+01,
20947,-4.00e-03,1.92e+01,
20948,-8.00e-03,1.92e+01,
20949,-8.00e-03,1.92e+01,
20950,-8.00e-03,1.92e+01,
20951,-8.00e-03,1.94e+01,
20952,-4.00e-03,1.92e+01,
20953,-8.00e-03,1.94e+01,
20954,-8.00e-03,1.94e+01,
20955,-4.00e-03,1.96e+01,
20956,-8.00e-03,1.94e+01,
20957,-8.00e-03,1.96e+01,
20958,-8.00e-03,1.96e+01,
20959,-8.00e-03,1.98e+01,
20960,-8.00e-03,1.96e+01,
20961,-8.00e-03,1.98e+01,
20962,-8.00e-03,1.98e+01,
20963,-8.00e-03,2.00e+01,
20964,-8.00e-03,1.98e+01,
20965,-8.00e-03,1.98e+01,
20966,-8.00e-03,2.00e+01,
20967,-8.00e-03,2.00e+01,
20968,-8.00e-03,2.00e+01,
20969,-8.00e-03,2.00e+01,
20970,-8.00e-03,2.00e+01,
20971,-8.00e-03,2.02e+01,
20972,-8.00e-03,2.02e+01,
20973,-8.00e-03,2.02e+01,
20974,-8.00e-03,2.02e+01,
20975,-8.00e-03,2.04e+01,
20976,-8.00e-03,2.02e+01,
20977,-4.00e-03,2.04e+01,
20978,-8.00e-03,2.04e+01,
20979,-8.00e-03,2.04e+01,
20980,-8.00e-03,2.04e+01,
20981,-8.00e-03,2.04e+01,
20982,-8.00e-03,2.04e+01,
20983,-4.00e-03,2.06e+01,
20984,-8.00e-03,2.04e+01,
20985,-8.00e-03,2.04e+01,
20986,-1.20e-02,2.06e+01,
20987,-8.00e-03,2.08e+01,
20988,-8.00e-03,2.06e+01,
20989,-8.00e-03,2.06e+01,
20990,-8.00e-03,2.06e+01,
20991,-8.00e-03,2.08e+01,
20992,-8.00e-03,2.08e+01,
20993,-8.00e-03,2.06e+01,
20994,-1.20e-02,2.08e+01,
20995,-8.00e-03,2.10e+01,
20996,-8.00e-03,2.08e+01,
20997,-8.00e-03,2.08e+01,
20998,-8.00e-03,2.08e+01,
20999,-8.00e-03,2.10e+01,
21000,-8.00e-03,2.08e+01,
21001,-8.00e-03,2.08e+01,
21002,-1.20e-02,2.10e+01,
21003,-4.00e-03,2.10e+01,
21004,-8.00e-03,2.10e+01,
21005,-8.00e-03,2.10e+01,
21006,-8.00e-03,2.10e+01,
21007,-8.00e-03,2.12e+01,
21008,-8.00e-03,2.10e+01,
21009,-8.00e-03,2.10e+01,
21010,-1.20e-02,2.10e+01,
21011,-8.00e-03,2.12e+01,
21012,-8.00e-03,2.10e+01,
21013,-8.00e-03,2.10e+01,
21014,-8.00e-03,2.10e+01,
21015,-8.00e-03,2.12e+01,
21016,-8.00e-03,2.10e+01,
21017,-8.00e-03,2.10e+01,
21018,-1.20e-02,2.10e+01,
21019,-8.00e-03,2.12e+01,
21020,-8.00e-03,2.12e+01,
21021,-8.00e-03,2.10e+01,
21022,-8.00e-03,2.10e+01,
21023,-8.00e-03,2.12e+01,
21024,-8.00e-03,2.12e+01,
21025,-8.00e-03,2.10e+01,
21026,-1.20e-02,2.10e+01,
21027,-8.00e-03,2.12e+01,
21028,-8.00e-03,2.10e+01,
21029,-8.00e-03,2.10e+01,
21030,-8.00e-03,2.10e+01,
21031,-8.00e-03,2.12e+01,
21032,-8.00e-03,2.10e+01,
21033,-8.00e-03,2.10e+01,
21034,-1.20e-02,2.10e+01,
21035,-8.00e-03,2.12e+01,
21036,-8.00e-03,2.10e+01,
21037,-8.00e-03,2.10e+01,
21038,-8.00e-03,2.10e+01,
21039,-8.00e-03,2.12e+01,
21040,-8.00e-03,2.10e+01,
21041,-8.00e-03,2.10e+01,
21042,-1.20e-02,2.10e+01,
21043,-8.00e-03,2.10e+01,
21044,-8.00e-03,2.10e+01,
21045,-8.00e-03,2.08e+01,
21046,-8.00e-03,2.08e+01,
21047,-8.00e-03,2.10e+01,
21048,-8.00e-03,2.08e+01,
21049,-8.00e-03,2.08e+01,
21050,-1.20e-02,2.08e+01,
21051,-8.00e-03,2.10e+01,
21052,-8.00e-03,2.08e+01,
21053,-8.00e-03,2.08e+01,
21054,-8.00e-03,2.08e+01,
21055,-8.00e-03,2.08e+01,
21056,-8.00e-03,2.06e+01,
21057,-8.00e-03,2.06e+01,
21058,-1.20e-02,2.06e+01,
21059,-8.00e-03,2.08e+01,
21060,-8.00e-03,2.06e+01,
21061,-1.20e-02,2.06e+01,
21062,-8.00e-03,2.06e+01,
21063,-8.00e-03,2.06e+01,
21064,-8.00e-03,2.04e+01,
21065,-8.00e-03,2.04e+01,
21066,-1.20e-02,2.04e+01,
21067,-8.00e-03,2.06e+01,
21068,-8.00e-03,2.04e+01,
21069,-8.00e-03,2.04e+01,
21070,-8.00e-03,2.04e+01,
21071,-8.00e-03,2.04e+01,
21072,-8.00e-03,2.02e+01,
21073,-8.00e-03,2.02e+01,
21074,-1.20e-02,2.02e+01,
21075,-8.00e-03,2.02e+01,
21076,-8.00e-03,2.02e+01,
21077,-8.00e-03,2.00e+01,
21078,-8.00e-03,2.00e+01,
21079,-1.20e-02,2.02e+01,
21080,-8.00e-03,2.00e+01,
21081,-8.00e-03,1.98e+01,
21082,-1.20e-02,2.00e+01,
21083,-8.00e-03,2.00e+01,
21084,-8.00e-03,1.98e+01,
21085,-1.20e-02,1.98e+01,
21086,-1.20e-02,1.98e+01,
21087,-8.00e-03,1.98e+01,
21088,-8.00e-03,1.96e+01,
21089,-8.00e-03,1.96e+01,
21090,-1.20e-02,1.96e+01,
21091,-8.00e-03,1.96e+01,
21092,-8.00e-03,1.96e+01,
21093,-8.00e-03,1.94e+01,
21094,-1.20e-02,1.94e+01,
21095,-8.00e-03,1.96e+01,
21096,-8.00e-03,1.92e+01,
21097,-8.00e-03,1.92e+01,
21098,-1.20e-02,1.92e+01,
21099,-8.00e-03,1.92e+01,
21100,-8.00e-03,1.92e+01,
21101,-1.20e-02,1.90e+01,
21102,-8.00e-03,1.92e+01,
21103,-8.00e-03,1.92e+01,
21104,-1.20e-02,1.90e+01,
21105,-8.00e-03,1.90e+01,
21106,-8.00e-03,1.86e+01,
21107,-8.00e-03,1.90e+01,
21108,-8.00e-03,1.86e+01,
21109,-8.00e-03,1.86e+01,
21110,-8.00e-03,1.86e+01,
21111,-1.20e-02,1.86e+01,
21112,-8.00e-03,1.84e+01,
21113,-8.00e-03,1.84e+01,
21114,-1.20e-02,1.82e+01,
21115,-8.00e-03,1.84e+01,
21116,-8.00e-03,1.84e+01,
21117,-8.00e-03,1.82e+01,
21118,-8.00e-03,1.82e+01,
21119,-8.00e-03,1.82e+01,
21120,-1.20e-02,1.80e+01,
21121,-8.00e-03,1.80e+01,
21122,-1.20e-02,1.80e+01,
21123,-8.00e-03,1.80e+01,
21124,-8.00e-03,1.80e+01,
21125,-1.20e-02,1.78e+01,
21126,-1.20e-02,1.78e+01,
21127,-8.00e-03,1.80e+01,
21128,-8.00e-03,1.78e+01,
21129,-8.00e-03,1.76e+01,
21130,-1.20e-02,1.76e+01,
21131,-8.00e-03,1.78e+01,
21132,-8.00e-03,1.74e+01,
21133,-8.00e-03,1.74e+01,
21134,-1.20e-02,1.74e+01,
21135,-8.00e-03,1.76e+01,
21136,-1.20e-02,1.72e+01,
21137,-8.00e-03,1.74e+01,
21138,-1.20e-02,1.72e+01,
21139,-8.00e-03,1.74e+01,
21140,-8.00e-03,1.72e+01,
21141,-8.00e-03,1.72e+01,
21142,-1.20e-02,1.70e+01,
21143,-8.00e-03,1.72e+01,
21144,-8.00e-03,1.70e+01,
21145,-8.00e-03,1.70e+01,
21146,-1.20e-02,1.70e+01,
21147,-8.00e-03,1.70e+01,
21148,-8.00e-03,1.68e+01,
21149,-8.00e-03,1.68e+01,
21150,-1.20e-02,1.68e+01,
21151,-8.00e-03,1.68e+01,
21152,-8.00e-03,1.66e+01,
21153,-8.00e-03,1.66e+01,
21154,-1.20e-02,1.66e+01,
21155,-8.00e-03,1.66e+01,
21156,-8.00e-03,1.66e+01,
21157,-8.00e-03,1.64e+01,
21158,-8.00e-03,1.64e+01,
21159,-8.00e-03,1.64e+01,
21160,-8.00e-03,1.62e+01,
21161,-8.00e-03,1.62e+01,
21162,-1.20e-02,1.64e+01,
21163,-8.00e-03,1.64e+01,
21164,-8.00e-03,1.62e+01,
21165,-8.00e-03,1.62e+01,
21166,-8.00e-03,1.62e+01,
21167,-8.00e-03,1.62e+01,
21168,-8.00e-03,1.60e+01,
21169,-8.00e-03,1.60e+01,
21170,-8.00e-03,1.60e+01,
21171,-8.00e-03,1.60e+01,
21172,-8.00e-03,1.60e+01,
21173,-8.00e-03,1.58e+01,
21174,-8.00e-03,1.58e+01,
21175,-8.00e-03,1.60e+01,
21176,-8.00e-03,1.56e+01,
21177,-8.00e-03,1.58e+01,
21178,-8.00e-03,1.58e+01,
21179,-8.00e-03,1.58e+01,
21180,-8.00e-03,1.56e+01,
21181,-8.00e-03,1.56e+01,
21182,-8.00e-03,1.56e+01,
21183,-8.00e-03,1.56e+01,
21184,-8.00e-03,1.56e+01,
21185,-8.00e-03,1.54e+01,
21186,-1.20e-02,1.56e+01,
21187,-8.00e-03,1.56e+01,
21188,-8.00e-03,1.54e+01,
21189,-8.00e-03,1.54e+01,
21190,-1.20e-02,1.54e+01,
21191,-8.00e-03,1.56e+01,
21192,-8.00e-03,1.54e+01,
21193,-8.00e-03,1.54e+01,
21194,-8.00e-03,1.54e+01,
21195,-8.00e-03,1.54e+01,
21196,-8.00e-03,1.50e+01,
21197,-8.00e-03,1.50e+01,
21198,-8.00e-03,1.54e+01,
21199,-8.00e-03,1.54e+01,
21200,-8.00e-03,1.50e+01,
21201,-8.00e-03,1.50e+01,
21202,-8.00e-03,1.50e+01,
21203,-8.00e-03,1.50e+01,
21204,-8.00e-03,1.48e+01,
21205,-8.00e-03,1.50e+01,
21206,-8.00e-03,1.48e+01,
21207,-8.00e-03,1.50e+01,
21208,-8.00e-03,1.48e+01,
21209,-8.00e-03,1.48e+01,
21210,-8.00e-03,1.50e+01,
21211,-8.00e-03,1.48e+01,
21212,-8.00e-03,1.48e+01,
21213,-8.00e-03,1.48e+01,
21214,-8.00e-03,1.48e+01,
21215,-4.00e-03,1.50e+01,
21216,-8.00e-03,1.46e+01,
21217,-8.00e-03,1.48e+01,
21218,-1.20e-02,1.48e+01,
21219,-8.00e-03,1.48e+01,
21220,-8.00e-03,1.46e+01,
21221,-8.00e-03,1.48e+01,
21222,-8.00e-03,1.48e+01,
21223,-8.00e-03,1.48e+01,
21224,-8.00e-03,1.46e+01,
21225,-4.00e-03,1.46e+01,
21226,-8.00e-03,1.48e+01,
21227,-4.00e-03,1.48e+01,
21228,-8.00e-03,1.46e+01,
21229,-8.00e-03,1.48e+01,
21230,-8.00e-03,1.48e+01,
21231,-8.00e-03,1.48e+01,
21232,-8.00e-03,1.46e+01,
21233,-8.00e-03,1.46e+01,
21234,-8.00e-03,1.48e+01,
21235,-8.00e-03,1.48e+01,
21236,-8.00e-03,1.48e+01,
21237,-8.00e-03,1.46e+01,
21238,-8.00e-03,1.48e+01,
21239,-8.00e-03,1.48e+01,
21240,-8.00e-03,1.46e+01,
21241,-8.00e-03,1.46e+01,
21242,-8.00e-03,1.48e+01,
21243,-4.00e-03,1.48e+01,
21244,-8.00e-03,1.48e+01,
21245,-8.00e-03,1.48e+01,
21246,-8.00e-03,1.48e+01,
21247,-4.00e-03,1.48e+01,
21248,-8.00e-03,1.48e+01,
21249,-8.00e-03,1.48e+01,
21250,-8.00e-03,1.48e+01,
21251,-8.00e-03,1.50e+01,
21252,-8.00e-03,1.48e+01,
21253,-8.00e-03,1.48e+01,
21254,-8.00e-03,1.48e+01,
21255,-8.00e-03,1.50e+01,
21256,-8.00e-03,1.48e+01,
21257,-4.00e-03,1.48e+01,
21258,-8.00e-03,1.50e+01,
21259,-8.00e-03,1.50e+01,
21260,-8.00e-03,1.50e+01,
21261,-8.00e-03,1.48e+01,
21262,-8.00e-03,1.48e+01,
21263,-8.00e-03,1.50e+01,
21264,-8.00e-03,1.50e+01,
21265,-8.00e-03,1.50e+01,
21266,-8.00e-03,1.50e+01,
21267,-4.00e-03,1.50e+01,
21268,-8.00e-03,1.50e+01,
21269,-8.00e-03,1.50e+01,
21270,-8.00e-03,1.50e+01,
21271,-4.00e-03,1.54e+01,
21272,-8.00e-03,1.50e+01,
21273,-8.00e-03,1.50e+01,
21274,-8.00e-03,1.54e+01,
21275,-4.00e-03,1.54e+01,
21276,-8.00e-03,1.54e+01,
21277,-8.00e-03,1.54e+01,
21278,-8.00e-03,1.54e+01,
21279,-8.00e-03,1.56e+01,
21280,-8.00e-03,1.54e+01,
21281,-8.00e-03,1.54e+01,
21282,-8.00e-03,1.56e+01,
21283,-4.00e-03,1.56e+01,
21284,-8.00e-03,1.56e+01,
21285,-8.00e-03,1.56e+01,
21286,-8.00e-03,1.56e+01,
21287,-4.00e-03,1.58e+01,
21288,-8.00e-03,1.56e+01,
21289,-8.00e-03,1.58e+01,
21290,-1.20e-02,1.58e+01,
21291,-4.00e-03,1.60e+01,
21292,-8.00e-03,1.58e+01,
21293,-4.00e-03,1.58e+01,
21294,-8.00e-03,1.58e+01,
21295,-4.00e-03,1.60e+01,
21296,-8.00e-03,1.60e+01,
21297,-8.00e-03,1.60e+01,
21298,-8.00e-03,1.60e+01,
21299,-4.00e-03,1.62e+01,
21300,-8.00e-03,1.62e+01,
21301,-8.00e-03,1.62e+01,
21302,-8.00e-03,1.62e+01,
21303,-4.00e-03,1.62e+01,
21304,-8.00e-03,1.62e+01,
21305,-4.00e-03,1.62e+01,
21306,-8.00e-03,1.64e+01,
21307,-8.00e-03,1.64e+01,
21308,-8.00e-03,1.64e+01,
21309,-8.00e-03,1.64e+01,
21310,-8.00e-03,1.64e+01,
21311,-4.00e-03,1.66e+01,
21312,-8.00e-03,1.66e+01,
21313,-8.00e-03,1.66e+01,
21314,-8.00e-03,1.66e+01,
21315,-4.00e-03,1.68e+01,
21316,-8.00e-03,1.66e+01,
21317,-8.00e-03,1.66e+01,
21318,-8.00e-03,1.68e+01,
21319,-4.00e-03,1.70e+01,
21320,-8.00e-03,1.68e+01,
21321,-8.00e-03,1.68e+01,
21322,-8.00e-03,1.70e+01,
21323,-4.00e-03,1.70e+01,
21324,-8.00e-03,1.70e+01,
21325,-8.00e-03,1.70e+01,
21326,-8.00e-03,1.70e+01,
21327,-4.00e-03,1.72e+01,
21328,-4.00e-03,1.72e+01,
21329,-8.00e-03,1.72e+01,
21330,-8.00e-03,1.74e+01,
21331,-4.00e-03,1.74e+01,
21332,-8.00e-03,1.74e+01,
21333,-8.00e-03,1.74e+01,
21334,-8.00e-03,1.74e+01,
21335,-4.00e-03,1.76e+01,
21336,-8.00e-03,1.74e+01,
21337,-8.00e-03,1.76e+01,
21338,-8.00e-03,1.76e+01,
21339,-8.00e-03,1.78e+01,
21340,-8.00e-03,1.78e+01,
21341,-8.00e-03,1.76e+01,
21342,-8.00e-03,1.76e+01,
21343,-8.00e-03,1.78e+01,
21344,-8.00e-03,1.78e+01,
21345,-4.00e-03,1.78e+01,
21346,-8.00e-03,1.80e+01,
21347,-4.00e-03,1.82e+01,
21348,-8.00e-03,1.80e+01,
21349,-8.00e-03,1.80e+01,
21350,-8.00e-03,1.80e+01,
21351,-8.00e-03,1.82e+01,
21352,-8.00e-03,1.82e+01,
21353,-4.00e-03,1.82e+01,
21354,-8.00e-03,1.82e+01,
21355,-4.00e-03,1.84e+01,
21356,-8.00e-03,1.84e+01,
21357,-8.00e-03,1.84e+01,
21358,-8.00e-03,1.84e+01,
21359,-8.00e-03,1.86e+01,
21360,-8.00e-03,1.86e+01,
21361,-8.00e-03,1.86e+01,
21362,-8.00e-03,1.86e+01,
21363,-8.00e-03,1.90e+01,
21364,-8.00e-03,1.86e+01,
21365,-8.00e-03,1.86e+01,
21366,-8.00e-03,1.90e+01,
21367,-8.00e-03,1.92e+01,
21368,-8.00e-03,1.90e+01,
21369,-8.00e-03,1.90e+01,
21370,-8.00e-03,1.92e+01,
21371,-4.00e-03,1.94e+01,
21372,-8.00e-03,1.92e+01,
21373,-8.00e-03,1.92e+01,
21374,-8.00e-03,1.92e+01,
21375,-8.00e-03,1.94e+01,
21376,-8.00e-03,1.94e+01,
21377,-8.00e-03,1.94e+01,
21378,-8.00e-03,1.96e+01,
21379,-4.00e-03,1.96e+01,
21380,-8.00e-03,1.96e+01,
21381,-8.00e-03,1.94e+01,
21382,-8.00e-03,1.96e+01,
21383,-8.00e-03,1.96e+01,
21384,-8.00e-03,1.96e+01,
21385,-8.00e-03,1.96e+01,
21386,-8.00e-03,1.98e+01,
21387,-4.00e-03,1.98e+01,
21388,-8.00e-03,1.98e+01,
21389,-8.00e-03,1.98e+01,
21390,-8.00e-03,1.98e+01,
21391,-8.00e-03,2.00e+01,
21392,-8.00e-03,1.98e+01,
21393,-8.00e-03,1.98e+01,
21394,-1.20e-02,2.00e+01,
21395,-8.00e-03,2.02e+01,
21396,-8.00e-03,2.00e+01,
21397,-8.00e-03,2.00e+01,
21398,-8.00e-03,2.02e+01,
21399,-8.00e-03,2.02e+01,
21400,-8.00e-03,2.02e+01,
21401,-8.00e-03,2.00e+01,
21402,-8.00e-03,2.02e+01,
21403,-8.00e-03,2.04e+01,
21404,-8.00e-03,2.02e+01,
21405,-8.00e-03,2.02e+01,
21406,-8.00e-03,2.02e+01,
21407,-8.00e-03,2.04e+01,
21408,-8.00e-03,2.04e+01,
21409,-8.00e-03,2.04e+01,
21410,-1.20e-02,2.02e+01,
21411,-8.00e-03,2.06e+01,
21412,-8.00e-03,2.04e+01,
21413,-8.00e-03,2.04e+01,
21414,-8.00e-03,2.04e+01,
21415,-8.00e-03,2.06e+01,
21416,-8.00e-03,2.04e+01,
21417,-8.00e-03,2.04e+01,
21418,-8.00e-03,2.06e+01,
21419,-4.00e-03,2.08e+01,
21420,-8.00e-03,2.06e+01,
21421,-8.00e-03,2.06e+01,
21422,-8.00e-03,2.06e+01,
21423,-8.00e-03,2.08e+01,
21424,-4.00e-03,2.06e+01,
21425,-8.00e-03,2.06e+01,
21426,-1.20e-02,2.06e+01,
21427,-8.00e-03,2.08e+01,
21428,-8.00e-03,2.06e+01,
21429,-8.00e-03,2.06e+01,
21430,-8.00e-03,2.08e+01,
21431,-8.00e-03,2.08e+01,
21432,-8.00e-03,2.06e+01,
21433,-8.00e-03,2.08e+01,
21434,-8.00e-03,2.06e+01,
21435,-4.00e-03,2.08e+01,
21436,-8.00e-03,2.06e+01,
21437,-8.00e-03,2.08e+01,
21438,-1.20e-02,2.08e+01,
21439,-8.00e-03,2.10e+01,
21440,-8.00e-03,2.08e+01,
21441,-8.00e-03,2.06e+01,
21442,-1.20e-02,2.08e+01,
21443,-8.00e-03,2.08e+01,
21444,-8.00e-03,2.08e+01,
21445,-8.00e-03,2.06e+01,
21446,-8.00e-03,2.08e+01,
21447,-8.00e-03,2.10e+01,
21448,-8.00e-03,2.06e+01,
21449,-8.00e-03,2.08e+01,
21450,-1.20e-02,2.08e+01,
21451,-8.00e-03,2.10e+01,
21452,-8.00e-03,2.08e+01,
21453,-8.00e-03,2.06e+01,
21454,-8.00e-03,2.08e+01,
21455,-8.00e-03,2.10e+01,
21456,-8.00e-03,2.08e+01,
21457,-8.00e-03,2.06e+01,
21458,-1.20e-02,2.06e+01,
21459,-8.00e-03,2.08e+01,
21460,-8.00e-03,2.06e+01,
21461,-8.00e-03,2.06e+01,
21462,-8.00e-03,2.06e+01,
21463,-8.00e-03,2.06e+01,
21464,-1.20e-02,2.06e+01,
21465,-8.00e-03,2.06e+01,
21466,-1.20e-02,2.06e+01,
21467,-8.00e-03,2.06e+01,
21468,-8.00e-03,2.06e+01,
21469,-1.20e-02,2.06e+01,
21470,-8.00e-03,2.04e+01,
21471,-8.00e-03,2.06e+01,
21472,-8.00e-03,2.04e+01,
21473,-8.00e-03,2.04e+01,
21474,-1.20e-02,2.04e+01,
21475,-8.00e-03,2.06e+01,
21476,-8.00e-03,2.04e+01,
21477,-8.00e-03,2.04e+01,
21478,-8.00e-03,2.04e+01,
21479,-8.00e-03,2.04e+01,
21480,-8.00e-03,2.02e+01,
21481,-8.00e-03,2.02e+01,
21482,-1.20e-02,2.02e+01,
21483,-8.00e-03,2.04e+01,
21484,-8.00e-03,2.02e+01,
21485,-8.00e-03,2.02e+01,
21486,-8.00e-03,2.02e+01,
21487,-8.00e-03,2.04e+01,
21488,-8.00e-03,2.02e+01,
21489,-8.00e-03,2.00e+01,
21490,-1.20e-02,2.02e+01,
21491,-8.00e-03,2.02e+01,
21492,-8.00e-03,2.00e+01,
21493,-8.00e-03,2.00e+01,
21494,-1.20e-02,1.98e+01,
21495,-8.00e-03,2.00e+01,
21496,-1.20e-02,1.98e+01,
21497,-8.00e-03,1.98e+01,
21498,-1.20e-02,1.98e+01,
21499,-8.00e-03,1.98e+01,
21500,-1.20e-02,1.98e+01,
21501,-1.20e-02,1.96e+01,
21502,-1.20e-02,1.96e+01,
21503,-8.00e-03,1.96e+01,
21504,-8.00e-03,1.96e+01,
21505,-8.00e-03,1.96e+01,
21506,-1.20e-02,1.96e+01,
21507,-8.00e-03,1.96e+01,
21508,-8.00e-03,1.94e+01,
21509,-8.00e-03,1.94e+01,
21510,-1.20e-02,1.94e+01,
21511,-8.00e-03,1.94e+01,
21512,-1.20e-02,1.94e+01,
21513,-8.00e-03,1.92e+01,
21514,-8.00e-03,1.92e+01,
21515,-8.00e-03,1.94e+01,
21516,-8.00e-03,1.92e+01,
21517,-8.00e-03,1.90e+01,
21518,-8.00e-03,1.90e+01,
21519,-8.00e-03,1.92e+01,
21520,-8.00e-03,1.90e+01,
21521,-8.00e-03,1.90e+01,
21522,-1.20e-02,1.90e+01,
21523,-8.00e-03,1.90e+01,
21524,-8.00e-03,1.90e+01,
21525,-8.00e-03,1.86e+01,
21526,-8.00e-03,1.86e+01,
21527,-4.00e-03,1.86e+01,
21528,-8.00e-03,1.84e+01,
21529,-8.00e-03,1.84e+01,
21530,-8.00e-03,1.84e+01,
21531,-8.00e-03,1.84e+01,
21532,-8.00e-03,1.84e+01,
21533,-8.00e-03,1.84e+01,
21534,-8.00e-03,1.82e+01,
21535,-8.00e-03,1.84e+01,
21536,-8.00e-03,1.82e+01,
21537,-8.00e-03,1.80e+01,
21538,-8.00e-03,1.80e+01,
21539,-8.00e-03,1.80e+01,
21540,-8.00e-03,1.80e+01,
21541,-8.00e-03,1.80e+01,
21542,-8.00e-03,1.80e+01,
21543,-8.00e-03,1.80e+01,
21544,-8.00e-03,1.78e+01,
21545,-8.00e-03,1.78e+01,
21546,-1.20e-02,1.78e+01,
21547,-8.00e-03,1.78e+01,
21548,-8.00e-03,1.76e+01,
21549,-8.00e-03,1.78e+01,
21550,-8.00e-03,1.76e+01,
21551,-8.00e-03,1.78e+01,
21552,-8.00e-03,1.76e+01,
21553,-8.00e-03,1.74e+01,
21554,-1.20e-02,1.74e+01,
21555,-8.00e-03,1.76e+01,
21556,-8.00e-03,1.74e+01,
21557,-8.00e-03,1.74e+01,
21558,-8.00e-03,1.72e+01,
21559,-8.00e-03,1.74e+01,
21560,-1.20e-02,1.72e+01,
21561,-8.00e-03,1.72e+01,
21562,-8.00e-03,1.72e+01,
21563,-8.00e-03,1.72e+01,
21564,-8.00e-03,1.70e+01,
21565,-8.00e-03,1.70e+01,
21566,-1.20e-02,1.70e+01,
21567,-8.00e-03,1.70e+01,
21568,-8.00e-03,1.70e+01,
21569,-8.00e-03,1.68e+01,
21570,-1.20e-02,1.68e+01,
21571,-8.00e-03,1.70e+01,
21572,-8.00e-03,1.68e+01,
21573,-8.00e-03,1.68e+01,
21574,-1.20e-02,1.66e+01,
21575,-8.00e-03,1.68e+01,
21576,-8.00e-03,1.66e+01,
21577,-8.00e-03,1.66e+01,
21578,-1.20e-02,1.66e+01,
21579,-8.00e-03,1.66e+01,
21580,-8.00e-03,1.64e+01,
21581,-1.20e-02,1.64e+01,
21582,-1.20e-02,1.64e+01,
21583,-8.00e-03,1.66e+01,
21584,-8.00e-03,1.64e+01,
21585,-8.00e-03,1.64e+01,
21586,-1.20e-02,1.64e+01,
21587,-8.00e-03,1.64e+01,
21588,-8.00e-03,1.62e+01,
21589,-8.00e-03,1.62e+01,
21590,-8.00e-03,1.62e+01,
21591,-8.00e-03,1.62e+01,
21592,-8.00e-03,1.60e+01,
21593,-8.00e-03,1.60e+01,
21594,-1.20e-02,1.60e+01,
21595,-8.00e-03,1.62e+01,
21596,-8.00e-03,1.60e+01,
21597,-8.00e-03,1.58e+01,
21598,-1.20e-02,1.60e+01,
21599,-8.00e-03,1.60e+01,
21600,-8.00e-03,1.58e+01,
21601,-8.00e-03,1.58e+01,
21602,-8.00e-03,1.58e+01,
21603,-8.00e-03,1.60e+01,
21604,-8.00e-03,1.58e+01,
21605,-8.00e-03,1.58e+01,
21606,-8.00e-03,1.58e+01,
21607,-8.00e-03,1.58e+01,
21608,-8.00e-03,1.56e+01,
21609,-8.00e-03,1.56e+01,
21610,-1.20e-02,1.56e+01,
21611,-8.00e-03,1.58e+01,
21612,-8.00e-03,1.56e+01,
21613,-8.00e-03,1.56e+01,
21614,-1.20e-02,1.56e+01,
21615,-4.00e-03,1.56e+01,
21616,-8.00e-03,1.56e+01,
21617,-8.00e-03,1.54e+01,
21618,-1.20e-02,1.54e+01,
21619,-8.00e-03,1.56e+01,
21620,-8.00e-03,1.54e+01,
21621,-8.00e-03,1.54e+01,
21622,-8.00e-03,1.54e+01,
21623,-8.00e-03,1.54e+01,
21624,-8.00e-03,1.54e+01,
21625,-8.00e-03,1.54e+01,
21626,-1.20e-02,1.54e+01,
21627,-4.00e-03,1.54e+01,
21628,-8.00e-03,1.50e+01,
21629,-8.00e-03,1.54e+01,
21630,-8.00e-03,1.54e+01,
21631,-8.00e-03,1.54e+01,
21632,-8.00e-03,1.50e+01,
21633,-8.00e-03,1.50e+01,
21634,-8.00e-03,1.50e+01,
21635,-8.00e-03,1.54e+01,
21636,-8.00e-03,1.50e+01,
21637,-8.00e-03,1.48e+01,
21638,-8.00e-03,1.50e+01,
21639,-4.00e-03,1.54e+01,
21640,-8.00e-03,1.50e+01,
21641,-8.00e-03,1.48e+01,
21642,-8.00e-03,1.50e+01,
21643,-4.00e-03,1.50e+01,
21644,-8.00e-03,1.50e+01,
21645,-8.00e-03,1.50e+01,
21646,-8.00e-03,1.50e+01,
21647,-8.00e-03,1.50e+01,
21648,-8.00e-03,1.50e+01,
21649,-8.00e-03,1.48e+01,
21650,-8.00e-03,1.50e+01,
21651,-8.00e-03,1.50e+01,
21652,-8.00e-03,1.50e+01,
21653,-8.00e-03,1.50e+01,
21654,-8.00e-03,1.50e+01,
21655,-4.00e-03,1.50e+01,
21656,-8.00e-03,1.50e+01,
21657,-8.00e-03,1.50e+01,
21658,-8.00e-03,1.50e+01,
21659,-8.00e-03,1.50e+01,
21660,-8.00e-03,1.50e+01,
21661,-8.00e-03,1.50e+01,
21662,-8.00e-03,1.50e+01,
21663,-4.00e-03,1.54e+01,
21664,-4.00e-03,1.50e+01,
21665,-8.00e-03,1.50e+01,
21666,-8.00e-03,1.50e+01,
21667,-8.00e-03,1.54e+01,
21668,-8.00e-03,1.50e+01,
21669,-8.00e-03,1.50e+01,
21670,-8.00e-03,1.50e+01,
21671,-4.00e-03,1.50e+01,
21672,-8.00e-03,1.50e+01,
21673,-8.00e-03,1.50e+01,
21674,-8.00e-03,1.54e+01,
21675,-8.00e-03,1.54e+01,
21676,-8.00e-03,1.54e+01,
21677,-8.00e-03,1.50e+01,
21678,-8.00e-03,1.54e+01,
21679,-8.00e-03,1.56e+01,
21680,-8.00e-03,1.54e+01,
21681,-8.00e-03,1.54e+01,
21682,-8.00e-03,1.54e+01,
21683,-4.00e-03,1.54e+01,
21684,-8.00e-03,1.54e+01,
21685,-4.00e-03,1.54e+01,
21686,-8.00e-03,1.54e+01,
21687,-8.00e-03,1.56e+01,
21688,-8.00e-03,1.54e+01,
21689,-8.00e-03,1.54e+01,
21690,-8.00e-03,1.54e+01,
21691,-4.00e-03,1.56e+01,
21692,-8.00e-03,1.54e+01,
21693,-8.00e-03,1.54e+01,
21694,-8.00e-03,1.56e+01,
21695,-8.00e-03,1.58e+01,
21696,-8.00e-03,1.56e+01,
21697,-8.00e-03,1.56e+01,
21698,-8.00e-03,1.56e+01,
21699,-4.00e-03,1.58e+01,
21700,-8.00e-03,1.58e+01,
21701,-8.00e-03,1.56e+01,
21702,-8.00e-03,1.58e+01,
21703,-4.00e-03,1.58e+01,
21704,-8.00e-03,1.58e+01,
21705,-8.00e-03,1.58e+01,
21706,-8.00e-03,1.58e+01,
21707,-8.00e-03,1.60e+01,
21708,-8.00e-03,1.58e+01,
21709,-8.00e-03,1.60e+01,
21710,-8.00e-03,1.58e+01,
21711,-4.00e-03,1.62e+01,
21712,-8.00e-03,1.60e+01,
21713,-8.00e-03,1.60e+01,
21714,-8.00e-03,1.60e+01,
21715,-4.00e-03,1.62e+01,
21716,-8.00e-03,1.60e+01,
21717,-8.00e-03,1.62e+01,
21718,-8.00e-03,1.62e+01,
21719,-4.00e-03,1.62e+01,
21720,-8.00e-03,1.62e+01,
21721,-4.00e-03,1.62e+01,
21722,-8.00e-03,1.62e+01,
21723,-4.00e-03,1.66e+01,
21724,-8.00e-03,1.64e+01,
21725,-8.00e-03,1.64e+01,
21726,-8.00e-03,1.64e+01,
21727,-8.00e-03,1.66e+01,
21728,-4.00e-03,1.64e+01,
21729,-8.00e-03,1.66e+01,
21730,-8.00e-03,1.66e+01,
21731,-8.00e-03,1.66e+01,
21732,-8.00e-03,1.66e+01,
21733,-8.00e-03,1.66e+01,
21734,-8.00e-03,1.66e+01,
21735,-4.00e-03,1.68e+01,
21736,-8.00e-03,1.68e+01,
21737,-8.00e-03,1.68e+01,
21738,-8.00e-03,1.68e+01,
21739,-8.00e-03,1.70e+01,
21740,-8.00e-03,1.68e+01,
21741,-8.00e-03,1.70e+01,
21742,-8.00e-03,1.70e+01,
21743,-4.00e-03,1.72e+01,
21744,-8.00e-03,1.70e+01,
21745,-8.00e-03,1.70e+01,
21746,-8.00e-03,1.72e+01,
21747,-8.00e-03,1.72e+01,
21748,-1.20e-02,1.72e+01,
21749,-8.00e-03,1.72e+01,
21750,-8.00e-03,1.72e+01,
21751,-4.00e-03,1.74e+01,
21752,-8.00e-03,1.74e+01,
21753,-8.00e-03,1.74e+01,
21754,-8.00e-03,1.74e+01,
21755,-4.00e-03,1.76e+01,
21756,-8.00e-03,1.76e+01,
21757,-4.00e-03,1.76e+01,
21758,-8.00e-03,1.76e+01,
21759,-4.00e-03,1.76e+01,
21760,-8.00e-03,1.76e+01,
21761,-8.00e-03,1.76e+01,
21762,-8.00e-03,1.76e+01,
21763,-4.00e-03,1.78e+01,
21764,-8.00e-03,1.78e+01,
21765,-8.00e-03,1.78e+01,
21766,-8.00e-03,1.78e+01,
21767,-4.00e-03,1.82e+01,
21768,-8.00e-03,1.80e+01,
21769,-8.00e-03,1.80e+01,
21770,-8.00e-03,1.80e+01,
21771,-8.00e-03,1.82e+01,
21772,-8.00e-03,1.80e+01,
21773,-8.00e-03,1.82e+01,
21774,-8.00e-03,1.80e+01,
21775,-8.00e-03,1.84e+01,
21776,-8.00e-03,1.82e+01,
21777,-8.00e-03,1.82e+01,
21778,-8.00e-03,1.84e+01,
21779,-4.00e-03,1.84e+01,
21780,-8.00e-03,1.84e+01,
21781,-8.00e-03,1.84e+01,
21782,-8.00e-03,1.84e+01,
21783,-4.00e-03,1.90e+01,
21784,-8.00e-03,1.86e+01,
21785,-8.00e-03,1.86e+01,
21786,-8.00e-03,1.86e+01,
21787,-8.00e-03,1.90e+01,
21788,-8.00e-03,1.90e+01,
21789,-8.00e-03,1.90e+01,
21790,-8.00e-03,1.90e+01,
21791,-8.00e-03,1.92e+01,
21792,-8.00e-03,1.90e+01,
21793,-8.00e-03,1.90e+01,
21794,-8.00e-03,1.90e+01,
21795,-4.00e-03,1.92e+01,
21796,-8.00e-03,1.92e+01,
21797,-8.00e-03,1.92e+01,
21798,-8.00e-03,1.92e+01,
21799,-8.00e-03,1.94e+01,
21800,-8.00e-03,1.94e+01,
21801,-8.00e-03,1.94e+01,
21802,-1.20e-02,1.94e+01,
21803,-8.00e-03,1.96e+01,
21804,-8.00e-03,1.94e+01,
21805,-8.00e-03,1.94e+01,
21806,-8.00e-03,1.96e+01,
21807,-8.00e-03,1.96e+01,
21808,-8.00e-03,1.96e+01,
21809,-8.00e-03,1.96e+01,
21810,-1.20e-02,1.96e+01,
21811,-8.00e-03,1.98e+01,
21812,-8.00e-03,1.98e+01,
21813,-8.00e-03,1.96e+01,
21814,-8.00e-03,1.96e+01,
21815,-8.00e-03,1.98e+01,
21816,-8.00e-03,1.98e+01,
21817,-8.00e-03,1.98e+01,
21818,-8.00e-03,1.98e+01,
21819,-4.00e-03,2.00e+01,
21820,-8.00e-03,2.00e+01,
21821,-8.00e-03,1.98e+01,
21822,-8.00e-03,2.00e+01,
21823,-8.00e-03,2.00e+01,
21824,-8.00e-03,2.00e+01,
21825,-8.00e-03,2.00e+01,
21826,-8.00e-03,2.02e+01,
21827,-4.00e-03,2.02e+01,
21828,-1.20e-02,2.02e+01,
21829,-8.00e-03,2.00e+01,
21830,-1.20e-02,2.02e+01,
21831,-8.00e-03,2.02e+01,
21832,-8.00e-03,2.02e+01,
21833,-8.00e-03,2.02e+01,
21834,-1.20e-02,2.02e+01,
21835,-8.00e-03,2.04e+01,
21836,-8.00e-03,2.02e+01,
21837,-8.00e-03,2.02e+01,
21838,-8.00e-03,2.02e+01,
21839,-8.00e-03,2.04e+01,
21840,-8.00e-03,2.02e+01,
21841,-8.00e-03,2.02e+01,
21842,-8.00e-03,2.04e+01,
21843,-4.00e-03,2.06e+01,
21844,-8.00e-03,2.04e+01,
21845,-8.00e-03,2.04e+01,
21846,-8.00e-03,2.04e+01,
21847,-8.00e-03,2.04e+01,
21848,-8.00e-03,2.04e+01,
21849,-8.00e-03,2.02e+01,
21850,-8.00e-03,2.04e+01,
21851,-8.00e-03,2.06e+01,
21852,-1.20e-02,2.04e+01,
21853,-8.00e-03,2.04e+01,
21854,-8.00e-03,2.04e+01,
21855,-8.00e-03,2.06e+01,
21856,-8.00e-03,2.04e+01,
21857,-8.00e-03,2.04e+01,
21858,-1.20e-02,2.04e+01,
21859,-4.00e-03,2.06e+01,
21860,-8.00e-03,2.04e+01,
21861,-8.00e-03,2.04e+01,
21862,-8.00e-03,2.04e+01,
21863,-8.00e-03,2.06e+01,
21864,-8.00e-03,2.04e+01,
21865,-8.00e-03,2.04e+01,
21866,-1.20e-02,2.04e+01,
21867,-8.00e-03,2.06e+01,
21868,-1.20e-02,2.04e+01,
21869,-8.00e-03,2.04e+01,
21870,-8.00e-03,2.04e+01,
21871,-8.00e-03,2.06e+01,
21872,-8.00e-03,2.04e+01,
21873,-8.00e-03,2.04e+01,
21874,-1.20e-02,2.04e+01,
21875,-8.00e-03,2.04e+01,
21876,-8.00e-03,2.04e+01,
21877,-8.00e-03,2.04e+01,
21878,-8.00e-03,2.04e+01,
21879,-8.00e-03,2.04e+01,
21880,-8.00e-03,2.04e+01,
21881,-8.00e-03,2.04e+01,
21882,-1.20e-02,2.04e+01,
21883,-8.00e-03,2.04e+01,
21884,-8.00e-03,2.02e+01,
21885,-1.20e-02,2.02e+01,
21886,-8.00e-03,2.02e+01,
21887,-8.00e-03,2.04e+01,
21888,-8.00e-03,2.02e+01,
21889,-8.00e-03,2.02e+01,
21890,-1.20e-02,2.02e+01,
21891,-8.00e-03,2.04e+01,
21892,-8.00e-03,2.02e+01,
21893,-8.00e-03,2.02e+01,
21894,-8.00e-03,2.02e+01,
21895,-8.00e-03,2.02e+01,
21896,-8.00e-03,2.00e+01,
21897,-8.00e-03,2.00e+01,
21898,-1.20e-02,2.00e+01,
21899,-8.00e-03,2.02e+01,
21900,-8.00e-03,2.02e+01,
21901,-8.00e-03,2.00e+01,
21902,-1.20e-02,2.00e+01,
21903,-8.00e-03,2.02e+01,
21904,-8.00e-03,1.98e+01,
21905,-8.00e-03,2.00e+01,
21906,-1.20e-02,1.98e+01,
21907,-8.00e-03,2.00e+01,
21908,-8.00e-03,1.98e+01,
21909,-8.00e-03,1.98e+01,
21910,-8.00e-03,1.98e+01,
21911,-8.00e-03,1.98e+01,
21912,-8.00e-03,1.98e+01,
21913,-8.00e-03,1.98e+01,
21914,-1.20e-02,1.98e+01,
21915,-8.00e-03,1.98e+01,
21916,-8.00e-03,1.98e+01,
21917,-8.00e-03,1.96e+01,
21918,-8.00e-03,1.96e+01,
21919,-8.00e-03,1.96e+01,
21920,-8.00e-03,1.96e+01,
21921,-8.00e-03,1.94e+01,
21922,-1.20e-02,1.94e+01,
21923,-8.00e-03,1.96e+01,
21924,-8.00e-03,1.96e+01,
21925,-8.00e-03,1.94e+01,
21926,-8.00e-03,1.94e+01,
21927,-8.00e-03,1.94e+01,
21928,-8.00e-03,1.94e+01,
21929,-8.00e-03,1.92e+01,
21930,-1.20e-02,1.92e+01,
21931,-8.00e-03,1.92e+01,
21932,-8.00e-03,1.90e+01,
21933,-8.00e-03,1.90e+01,
21934,-8.00e-03,1.90e+01,
21935,-8.00e-03,1.92e+01,
21936,-8.00e-03,1.90e+01,
21937,-8.00e-03,1.90e+01,
21938,-8.00e-03,1.90e+01,
21939,-8.00e-03,1.90e+01,
21940,-8.00e-03,1.90e+01,
21941,-8.00e-03,1.86e+01,
21942,-8.00e-03,1.86e+01,
21943,-8.00e-03,1.86e+01,
21944,-8.00e-03,1.86e+01,
21945,-8.00e-03,1.86e+01,
21946,-1.20e-02,1.84e+01,
21947,-8.00e-03,1.84e+01,
21948,-8.00e-03,1.84e+01,
21949,-8.00e-03,1.82e+01,
21950,-8.00e-03,1.84e+01,
21951,-8.00e-03,1.84e+01,
21952,-8.00e-03,1.82e+01,
21953,-8.00e-03,1.82e+01,
21954,-1.20e-02,1.82e+01,
21955,-8.00e-03,1.84e+01,
21956,-8.00e-03,1.80e+01,
21957,-1.20e-02,1.80e+01,
21958,-8.00e-03,1.80e+01,
21959,-8.00e-03,1.80e+01,
21960,-8.00e-03,1.80e+01,
21961,-8.00e-03,1.80e+01,
21962,-1.20e-02,1.80e+01,
21963,-8.00e-03,1.80e+01,
21964,-8.00e-03,1.78e+01,
21965,-8.00e-03,1.76e+01,
21966,-8.00e-03,1.76e+01,
21967,-8.00e-03,1.78e+01,
21968,-8.00e-03,1.76e+01,
21969,-8.00e-03,1.76e+01,
21970,-1.20e-02,1.76e+01,
21971,-8.00e-03,1.76e+01,
21972,-1.20e-02,1.76e+01,
21973,-8.00e-03,1.74e+01,
21974,-1.20e-02,1.74e+01,
21975,-8.00e-03,1.76e+01,
21976,-8.00e-03,1.74e+01,
21977,-8.00e-03,1.74e+01,
21978,-8.00e-03,1.72e+01,
21979,-8.00e-03,1.74e+01,
21980,-8.00e-03,1.72e+01,
21981,-8.00e-03,1.72e+01,
21982,-8.00e-03,1.72e+01,
21983,-8.00e-03,1.72e+01,
21984,-8.00e-03,1.70e+01,
21985,-8.00e-03,1.70e+01,
21986,-1.20e-02,1.70e+01,
21987,-8.00e-03,1.70e+01,
21988,-8.00e-03,1.68e+01,
21989,-1.20e-02,1.70e+01,
21990,-8.00e-03,1.70e+01,
21991,-8.00e-03,1.70e+01,
21992,-1.20e-02,1.70e+01,
21993,-8.00e-03,1.68e+01,
21994,-8.00e-03,1.68e+01,
21995,-8.00e-03,1.70e+01,
21996,-8.00e-03,1.68e+01,
21997,-8.00e-03,1.66e+01,
21998,-8.00e-03,1.66e+01,
21999,-8.00e-03,1.66e+01,
22000,-8.00e-03,1.66e+01,
22001,-8.00e-03,1.66e+01,
22002,-1.20e-02,1.66e+01,
22003,-8.00e-03,1.66e+01,
22004,-8.00e-03,1.64e+01,
22005,-8.00e-03,1.64e+01,
22006,-1.20e-02,1.64e+01,
22007,-8.00e-03,1.66e+01,
22008,-8.00e-03,1.64e+01,
22009,-8.00e-03,1.64e+01,
22010,-1.20e-02,1.64e+01,
22011,-8.00e-03,1.64e+01,
22012,-8.00e-03,1.62e+01,
22013,-8.00e-03,1.62e+01,
22014,-8.00e-03,1.62e+01,
22015,-8.00e-03,1.64e+01,
22016,-8.00e-03,1.62e+01,
22017,-8.00e-03,1.60e+01,
22018,-1.20e-02,1.62e+01,
22019,-8.00e-03,1.62e+01,
22020,-8.00e-03,1.60e+01,
22021,-8.00e-03,1.60e+01,
22022,-8.00e-03,1.60e+01,
22023,-8.00e-03,1.60e+01,
22024,-8.00e-03,1.60e+01,
22025,-8.00e-03,1.60e+01,
22026,-1.20e-02,1.60e+01,
22027,-4.00e-03,1.60e+01,
22028,-8.00e-03,1.58e+01,
22029,-8.00e-03,1.58e+01,
22030,-8.00e-03,1.58e+01,
22031,-8.00e-03,1.58e+01,
22032,-8.00e-03,1.56e+01,
22033,-8.00e-03,1.56e+01,
22034,-1.20e-02,1.58e+01,
22035,-8.00e-03,1.60e+01,
22036,-8.00e-03,1.58e+01,
22037,-8.00e-03,1.56e+01,
22038,-8.00e-03,1.56e+01,
22039,-8.00e-03,1.58e+01,
22040,-8.00e-03,1.56e+01,
22041,-8.00e-03,1.56e+01,
22042,-8.00e-03,1.56e+01,
22043,-8.00e-03,1.56e+01,
22044,-1.20e-02,1.56e+01,
22045,-8.00e-03,1.56e+01,
22046,-8.00e-03,1.56e+01,
22047,-8.00e-03,1.56e+01,
22048,-8.00e-03,1.56e+01,
22049,-8.00e-03,1.54e+01,
22050,-8.00e-03,1.56e+01,
22051,-8.00e-03,1.56e+01,
22052,-8.00e-03,1.54e+01,
22053,-8.00e-03,1.54e+01,
22054,-8.00e-03,1.54e+01,
22055,-4.00e-03,1.56e+01,
22056,-8.00e-03,1.54e+01,
22057,-8.00e-03,1.54e+01,
22058,-8.00e-03,1.54e+01,
22059,-4.00e-03,1.54e+01,
22060,-8.00e-03,1.54e+01,
22061,-8.00e-03,1.54e+01,
22062,-8.00e-03,1.54e+01,
22063,-4.00e-03,1.54e+01,
22064,-8.00e-03,1.54e+01,
22065,-8.00e-03,1.54e+01,
22066,-8.00e-03,1.54e+01,
22067,-8.00e-03,1.56e+01,
22068,-8.00e-03,1.54e+01,
22069,-8.00e-03,1.54e+01,
22070,-8.00e-03,1.54e+01,
22071,-4.00e-03,1.54e+01,
22072,-8.00e-03,1.54e+01,
22073,-8.00e-03,1.54e+01,
22074,-8.00e-03,1.54e+01,
22075,-8.00e-03,1.56e+01,
22076,-8.00e-03,1.54e+01,
22077,-8.00e-03,1.54e+01,
22078,-1.20e-02,1.54e+01,
22079,-8.00e-03,1.54e+01,
22080,-8.00e-03,1.54e+01,
22081,-8.00e-03,1.54e+01,
22082,-1.20e-02,1.54e+01,
22083,-8.00e-03,1.56e+01,
22084,-8.00e-03,1.54e+01,
22085,-8.00e-03,1.54e+01,
22086,-8.00e-03,1.54e+01,
22087,-8.00e-03,1.56e+01,
22088,-8.00e-03,1.54e+01,
22089,-8.00e-03,1.54e+01,
22090,-1.20e-02,1.56e+01,
22091,-4.00e-03,1.56e+01,
22092,-8.00e-03,1.54e+01,
22093,-8.00e-03,1.54e+01,
22094,-8.00e-03,1.56e+01,
22095,-8.00e-03,1.56e+01,
22096,-8.00e-03,1.56e+01,
22097,-8.00e-03,1.54e+01,
22098,-8.00e-03,1.56e+01,
22099,-8.00e-03,1.56e+01,
22100,-8.00e-03,1.56e+01,
22101,-8.00e-03,1.54e+01,
22102,-8.00e-03,1.56e+01,
22103,-4.00e-03,1.56e+01,
22104,-8.00e-03,1.56e+01,
22105,-8.00e-03,1.56e+01,
22106,-8.00e-03,1.56e+01,
22107,-8.00e-03,1.58e+01,
22108,-8.00e-03,1.56e+01,
22109,-4.00e-03,1.56e+01,
22110,-8.00e-03,1.56e+01,
22111,-4.00e-03,1.58e+01,
22112,-8.00e-03,1.58e+01,
22113,-8.00e-03,1.58e+01,
22114,-8.00e-03,1.58e+01,
22115,-4.00e-03,1.58e+01,
22116,-8.00e-03,1.58e+01,
22117,-8.00e-03,1.58e+01,
22118,-8.00e-03,1.58e+01,
22119,-4.00e-03,1.60e+01,
22120,-8.00e-03,1.60e+01,
22121,-4.00e-03,1.58e+01,
22122,-8.00e-03,1.60e+01,
22123,-4.00e-03,1.60e+01,
22124,-4.00e-03,1.60e+01,
22125,-8.00e-03,1.60e+01,
22126,-8.00e-03,1.60e+01,
22127,-8.00e-03,1.62e+01,
22128,-8.00e-03,1.60e+01,
22129,-8.00e-03,1.60e+01,
22130,-8.00e-03,1.60e+01,
22131,-8.00e-03,1.62e+01,
22132,-8.00e-03,1.62e+01,
22133,-8.00e-03,1.62e+01,
22134,-8.00e-03,1.62e+01,
22135,-8.00e-03,1.64e+01,
22136,-8.00e-03,1.62e+01,
22137,-8.00e-03,1.64e+01,
22138,-8.00e-03,1.64e+01,
22139,-8.00e-03,1.64e+01,
22140,-8.00e-03,1.64e+01,
22141,-4.00e-03,1.64e+01,
22142,-8.00e-03,1.64e+01,
22143,-8.00e-03,1.66e+01,
22144,-8.00e-03,1.66e+01,
22145,-8.00e-03,1.66e+01,
22146,-8.00e-03,1.66e+01,
22147,-4.00e-03,1.66e+01,
22148,-8.00e-03,1.66e+01,
22149,-8.00e-03,1.66e+01,
22150,-8.00e-03,1.66e+01,
22151,-8.00e-03,1.68e+01,
22152,-8.00e-03,1.68e+01,
22153,-4.00e-03,1.68e+01,
22154,-8.00e-03,1.68e+01,
22155,-8.00e-03,1.70e+01,
22156,-8.00e-03,1.68e+01,
22157,-8.00e-03,1.68e+01,
22158,-8.00e-03,1.68e+01,
22159,-8.00e-03,1.72e+01,
22160,-8.00e-03,1.70e+01,
22161,-4.00e-03,1.70e+01,
22162,-8.00e-03,1.70e+01,
22163,-8.00e-03,1.72e+01,
22164,-8.00e-03,1.72e+01,
22165,-8.00e-03,1.72e+01,
22166,-8.00e-03,1.72e+01,
22167,-8.00e-03,1.72e+01,
22168,-8.00e-03,1.72e+01,
22169,-8.00e-03,1.72e+01,
22170,-8.00e-03,1.72e+01,
22171,-8.00e-03,1.74e+01,
22172,-8.00e-03,1.74e+01,
22173,-8.00e-03,1.74e+01,
22174,-8.00e-03,1.74e+01,
22175,-8.00e-03,1.76e+01,
22176,-8.00e-03,1.74e+01,
22177,-8.00e-03,1.74e+01,
22178,-8.00e-03,1.76e+01,
22179,-8.00e-03,1.78e+01,
22180,-8.00e-03,1.76e+01,
22181,-8.00e-03,1.78e+01,
22182,-8.00e-03,1.78e+01,
22183,-4.00e-03,1.80e+01,
22184,-8.00e-03,1.78e+01,
22185,-8.00e-03,1.78e+01,
22186,-8.00e-03,1.80e+01,
22187,-4.00e-03,1.80e+01,
22188,-8.00e-03,1.80e+01,
22189,-8.00e-03,1.80e+01,
22190,-8.00e-03,1.80e+01,
22191,-8.00e-03,1.82e+01,
22192,-8.00e-03,1.80e+01,
22193,-8.00e-03,1.80e+01,
22194,-8.00e-03,1.82e+01,
22195,-8.00e-03,1.82e+01,
22196,-8.00e-03,1.82e+01,
22197,-8.00e-03,1.82e+01,
22198,-8.00e-03,1.82e+01,
22199,-8.00e-03,1.84e+01,
22200,-8.00e-03,1.82e+01,
22201,-4.00e-03,1.84e+01,
22202,-8.00e-03,1.84e+01,
22203,-4.00e-03,1.86e+01,
22204,-8.00e-03,1.86e+01,
22205,-8.00e-03,1.84e+01,
22206,-8.00e-03,1.86e+01,
22207,-8.00e-03,1.86e+01,
22208,-8.00e-03,1.86e+01,
22209,-8.00e-03,1.86e+01,
22210,-8.00e-03,1.90e+01,
22211,-8.00e-03,1.90e+01,
22212,-8.00e-03,1.90e+01,
22213,-8.00e-03,1.90e+01,
22214,-8.00e-03,1.90e+01,
22215,-4.00e-03,1.92e+01,
22216,-8.00e-03,1.90e+01,
22217,-8.00e-03,1.90e+01,
22218,-8.00e-03,1.92e+01,
22219,-8.00e-03,1.92e+01,
22220,-8.00e-03,1.92e+01,
22221,-8.00e-03,1.92e+01,
22222,-8.00e-03,1.92e+01,
22223,-8.00e-03,1.94e+01,
22224,-8.00e-03,1.92e+01,
22225,-8.00e-03,1.92e+01,
22226,-1.20e-02,1.94e+01,
22227,-8.00e-03,1.94e+01,
22228,-8.00e-03,1.94e+01,
22229,-8.00e-03,1.94e+01,
22230,-8.00e-03,1.94e+01,
22231,-8.00e-03,1.96e+01,
22232,-8.00e-03,1.94e+01,
22233,-8.00e-03,1.96e+01,
22234,-8.00e-03,1.96e+01,
22235,-8.00e-03,1.96e+01,
22236,-8.00e-03,1.96e+01,
22237,-8.00e-03,1.96e+01,
22238,-8.00e-03,1.96e+01,
22239,-8.00e-03,1.98e+01,
22240,-8.00e-03,1.96e+01,
22241,-8.00e-03,1.96e+01,
22242,-8.00e-03,1.96e+01,
22243,-8.00e-03,2.00e+01,
22244,-8.00e-03,1.98e+01,
22245,-8.00e-03,1.98e+01,
22246,-8.00e-03,1.98e+01,
22247,-8.00e-03,2.00e+01,
22248,-8.00e-03,1.98e+01,
22249,-8.00e-03,1.98e+01,
22250,-1.20e-02,2.00e+01,
22251,-8.00e-03,2.00e+01,
22252,-8.00e-03,2.00e+01,
22253,-8.00e-03,2.00e+01,
22254,-8.00e-03,2.00e+01,
22255,-8.00e-03,2.02e+01,
22256,-8.00e-03,2.00e+01,
22257,-8.00e-03,2.00e+01,
22258,-8.00e-03,2.00e+01,
22259,-8.00e-03,2.02e+01,
22260,-8.00e-03,2.00e+01,
22261,-8.00e-03,2.00e+01,
22262,-1.20e-02,2.00e+01,
22263,-8.00e-03,2.02e+01,
22264,-8.00e-03,2.00e+01,
22265,-8.00e-03,2.00e+01,
22266,-1.20e-02,2.00e+01,
22267,-4.00e-03,2.02e+01,
22268,-8.00e-03,2.02e+01,
22269,-8.00e-03,2.00e+01,
22270,-8.00e-03,2.02e+01,
22271,-8.00e-03,2.02e+01,
22272,-8.00e-03,2.00e+01,
22273,-8.00e-03,2.00e+01,
22274,-1.20e-02,2.02e+01,
22275,-8.00e-03,2.04e+01,
22276,-1.20e-02,2.02e+01,
22277,-8.00e-03,2.02e+01,
22278,-1.20e-02,2.02e+01,
22279,-8.00e-03,2.02e+01,
22280,-8.00e-03,2.02e+01,
22281,-8.00e-03,2.02e+01,
22282,-8.00e-03,2.02e+01,
22283,-4.00e-03,2.02e+01,
22284,-8.00e-03,2.02e+01,
22285,-8.00e-03,2.02e+01,
22286,-8.00e-03,2.02e+01,
22287,-8.00e-03,2.02e+01,
22288,-8.00e-03,2.02e+01,
22289,-8.00e-03,2.00e+01,
22290,-1.20e-02,2.02e+01,
22291,-8.00e-03,2.02e+01,
22292,-8.00e-03,2.02e+01,
22293,-8.00e-03,2.02e+01,
22294,-8.00e-03,2.00e+01,
22295,-8.00e-03,2.02e+01,
22296,-1.20e-02,2.02e+01,
22297,-8.00e-03,2.00e+01,
22298,-1.20e-02,2.02e+01,
22299,-8.00e-03,2.02e+01,
22300,-8.00e-03,2.02e+01,
22301,-8.00e-03,2.00e+01,
22302,-8.00e-03,2.00e+01,
22303,-8.00e-03,2.02e+01,
22304,-8.00e-03,2.00e+01,
22305,-8.00e-03,2.00e+01,
22306,-1.20e-02,2.00e+01,
22307,-8.00e-03,2.02e+01,
22308,-8.00e-03,2.00e+01,
22309,-8.00e-03,2.00e+01,
22310,-8.00e-03,2.00e+01,
22311,-8.00e-03,2.00e+01,
22312,-8.00e-03,2.00e+01,
22313,-8.00e-03,1.98e+01,
22314,-8.00e-03,2.00e+01,
22315,-8.00e-03,2.00e+01,
22316,-8.00e-03,2.00e+01,
22317,-8.00e-03,1.98e+01,
22318,-1.20e-02,1.98e+01,
22319,-8.00e-03,2.00e+01,
22320,-8.00e-03,1.98e+01,
22321,-8.00e-03,1.98e+01,
22322,-8.00e-03,1.98e+01,
22323,-8.00e-03,1.98e+01,
22324,-1.20e-02,1.98e+01,
22325,-8.00e-03,1.98e+01,
22326,-8.00e-03,1.96e+01,
22327,-8.00e-03,1.98e+01,
22328,-8.00e-03,1.96e+01,
22329,-8.00e-03,1.96e+01,
22330,-1.20e-02,1.96e+01,
22331,-8.00e-03,1.98e+01,
22332,-8.00e-03,1.96e+01,
22333,-8.00e-03,1.96e+01,
22334,-1.20e-02,1.94e+01,
22335,-8.00e-03,1.96e+01,
22336,-8.00e-03,1.96e+01,
22337,-8.00e-03,1.94e+01,
22338,-1.20e-02,1.94e+01,
22339,-8.00e-03,1.96e+01,
22340,-8.00e-03,1.94e+01,
22341,-8.00e-03,1.92e+01,
22342,-8.00e-03,1.92e+01,
22343,-8.00e-03,1.94e+01,
22344,-8.00e-03,1.92e+01,
22345,-8.00e-03,1.92e+01,
22346,-8.00e-03,1.92e+01,
22347,-4.00e-03,1.92e+01,
22348,-8.00e-03,1.90e+01,
22349,-8.00e-03,1.92e+01,
22350,-1.20e-02,1.90e+01,
22351,-8.00e-03,1.90e+01,
22352,-8.00e-03,1.90e+01,
22353,-8.00e-03,1.90e+01,
22354,-1.20e-02,1.90e+01,
22355,-8.00e-03,1.90e+01,
22356,-8.00e-03,1.90e+01,
22357,-8.00e-03,1.86e+01,
22358,-8.00e-03,1.86e+01,
22359,-8.00e-03,1.90e+01,
22360,-8.00e-03,1.86e+01,
22361,-8.00e-03,1.86e+01,
22362,-1.20e-02,1.86e+01,
22363,-8.00e-03,1.86e+01,
22364,-8.00e-03,1.84e+01,
22365,-8.00e-03,1.84e+01,
22366,-8.00e-03,1.84e+01,
22367,-8.00e-03,1.84e+01,
22368,-8.00e-03,1.84e+01,
22369,-8.00e-03,1.82e+01,
22370,-1.20e-02,1.84e+01,
22371,-8.00e-03,1.84e+01,
22372,-8.00e-03,1.82e+01,
22373,-8.00e-03,1.82e+01,
22374,-8.00e-03,1.80e+01,
22375,-8.00e-03,1.82e+01,
22376,-8.00e-03,1.80e+01,
22377,-8.00e-03,1.80e+01,
22378,-1.20e-02,1.80e+01,
22379,-8.00e-03,1.82e+01,
22380,-8.00e-03,1.80e+01,
22381,-8.00e-03,1.78e+01,
22382,-1.20e-02,1.78e+01,
22383,-8.00e-03,1.80e+01,
22384,-8.00e-03,1.78e+01,
22385,-8.00e-03,1.78e+01,
22386,-1.20e-02,1.78e+01,
22387,-8.00e-03,1.78e+01,
22388,-8.00e-03,1.78e+01,
22389,-8.00e-03,1.76e+01,
22390,-8.00e-03,1.76e+01,
22391,-8.00e-03,1.78e+01,
22392,-8.00e-03,1.74e+01,
22393,-8.00e-03,1.76e+01,
22394,-1.20e-02,1.76e+01,
22395,-8.00e-03,1.76e+01,
22396,-8.00e-03,1.74e+01,
22397,-8.00e-03,1.74e+01,
22398,-1.20e-02,1.72e+01,
22399,-8.00e-03,1.74e+01,
22400,-8.00e-03,1.74e+01,
22401,-8.00e-03,1.72e+01,
22402,-1.20e-02,1.72e+01,
22403,-8.00e-03,1.72e+01,
22404,-8.00e-03,1.72e+01,
22405,-8.00e-03,1.70e+01,
22406,-8.00e-03,1.70e+01,
22407,-8.00e-03,1.72e+01,
22408,-8.00e-03,1.70e+01,
22409,-8.00e-03,1.70e+01,
22410,-1.20e-02,1.70e+01,
22411,-8.00e-03,1.70e+01,
22412,-8.00e-03,1.68e+01,
22413,-8.00e-03,1.68e+01,
22414,-8.00e-03,1.68e+01,
22415,-8.00e-03,1.70e+01,
22416,-8.00e-03,1.68e+01,
22417,-8.00e-03,1.68e+01,
22418,-1.20e-02,1.68e+01,
22419,-8.00e-03,1.70e+01,
22420,-8.00e-03,1.66e+01,
22421,-8.00e-03,1.66e+01,
22422,-8.00e-03,1.66e+01,
22423,-8.00e-03,1.68e+01,
22424,-8.00e-03,1.66e+01,
22425,-8.00e-03,1.64e+01,
22426,-8.00e-03,1.66e+01,
22427,-8.00e-03,1.66e+01,
22428,-8.00e-03,1.66e+01,
22429,-8.00e-03,1.64e+01,
22430,-1.20e-02,1.64e+01,
22431,-8.00e-03,1.66e+01,
22432,-8.00e-03,1.62e+01,
22433,-8.00e-03,1.64e+01,
22434,-8.00e-03,1.64e+01,
22435,-8.00e-03,1.64e+01,
22436,-8.00e-03,1.64e+01,
22437,-8.00e-03,1.62e+01,
22438,-8.00e-03,1.62e+01,
22439,-8.00e-03,1.64e+01,
22440,-8.00e-03,1.62e+01,
22441,-8.00e-03,1.62e+01,
22442,-8.00e-03,1.62e+01,
22443,-8.00e-03,1.62e+01,
22444,-8.00e-03,1.60e+01,
22445,-8.00e-03,1.60e+01,
22446,-1.20e-02,1.60e+01,
22447,-8.00e-03,1.62e+01,
22448,-8.00e-03,1.60e+01,
22449,-8.00e-03,1.58e+01,
22450,-8.00e-03,1.60e+01,
22451,-8.00e-03,1.60e+01,
22452,-8.00e-03,1.60e+01,
22453,-8.00e-03,1.58e+01,
22454,-8.00e-03,1.58e+01,
22455,-8.00e-03,1.60e+01,
22456,-8.00e-03,1.60e+01,
22457,-8.00e-03,1.58e+01,
22458,-8.00e-03,1.58e+01,
22459,-4.00e-03,1.60e+01,
22460,-8.00e-03,1.58e+01,
22461,-8.00e-03,1.58e+01,
22462,-8.00e-03,1.58e+01,
22463,-8.00e-03,1.60e+01,
22464,-8.00e-03,1.58e+01,
22465,-8.00e-03,1.58e+01,
22466,-8.00e-03,1.58e+01,
22467,-8.00e-03,1.58e+01,
22468,-8.00e-03,1.58e+01,
22469,-8.00e-03,1.56e+01,
22470,-1.20e-02,1.58e+01,
22471,-8.00e-03,1.58e+01,
22472,-8.00e-03,1.56e+01,
22473,-8.00e-03,1.56e+01,
22474,-1.20e-02,1.56e+01,
22475,-8.00e-03,1.58e+01,
22476,-8.00e-03,1.56e+01,
22477,-8.00e-03,1.56e+01,
22478,-8.00e-03,1.56e+01,
22479,-8.00e-03,1.58e+01,
22480,-8.00e-03,1.56e+01,
22481,-8.00e-03,1.56e+01,
22482,-8.00e-03,1.56e+01,
22483,-8.00e-03,1.58e+01,
22484,-8.00e-03,1.56e+01,
22485,-8.00e-03,1.56e+01,
22486,-8.00e-03,1.56e+01,
22487,-8.00e-03,1.58e+01,
22488,-8.00e-03,1.56e+01,
22489,-8.00e-03,1.56e+01,
22490,-8.00e-03,1.56e+01,
22491,-8.00e-03,1.56e+01,
22492,-8.00e-03,1.56e+01,
22493,-8.00e-03,1.56e+01,
22494,-8.00e-03,1.56e+01,
22495,-8.00e-03,1.56e+01,
22496,-8.00e-03,1.56e+01,
22497,-8.00e-03,1.56e+01,
22498,-1.20e-02,1.56e+01,
22499,-8.00e-03,1.56e+01,
22500,-8.00e-03,1.56e+01,
22501,-8.00e-03,1.56e+01,
22502,-8.00e-03,1.56e+01,
22503,-8.00e-03,1.58e+01,
22504,-8.00e-03,1.56e+01,
22505,-8.00e-03,1.56e+01,
22506,-8.00e-03,1.56e+01,
22507,-8.00e-03,1.58e+01,
22508,-8.00e-03,1.56e+01,
22509,-4.00e-03,1.56e+01,
22510,-8.00e-03,1.56e+01,
22511,-8.00e-03,1.58e+01,
22512,-8.00e-03,1.56e+01,
22513,-8.00e-03,1.56e+01,
22514,-8.00e-03,1.56e+01,
22515,-4.00e-03,1.60e+01,
22516,-8.00e-03,1.58e+01,
22517,-8.00e-03,1.56e+01,
22518,-8.00e-03,1.58e+01,
22519,-8.00e-03,1.58e+01,
22520,-8.00e-03,1.58e+01,
22521,-8.00e-03,1.58e+01,
22522,-8.00e-03,1.58e+01,
22523,-8.00e-03,1.58e+01,
22524,-8.00e-03,1.58e+01,
22525,-4.00e-03,1.58e+01,
22526,-8.00e-03,1.58e+01,
22527,-8.00e-03,1.60e+01,
22528,-8.00e-03,1.58e+01,
22529,-8.00e-03,1.58e+01,
22530,-1.20e-02,1.60e+01,
22531,-8.00e-03,1.60e+01,
22532,-8.00e-03,1.60e+01,
22533,-8.00e-03,1.60e+01,
22534,-8.00e-03,1.58e+01,
22535,-4.00e-03,1.60e+01,
22536,-4.00e-03,1.60e+01,
22537,-8.00e-03,1.60e+01,
22538,-1.20e-02,1.60e+01,
22539,-8.00e-03,1.62e+01,
22540,-8.00e-03,1.62e+01,
22541,-8.00e-03,1.60e+01,
22542,-8.00e-03,1.60e+01,
22543,-8.00e-03,1.62e+01,
22544,-8.00e-03,1.62e+01,
22545,-8.00e-03,1.62e+01,
22546,-8.00e-03,1.62e+01,
22547,-4.00e-03,1.62e+01,
22548,-8.00e-03,1.62e+01,
22549,-4.00e-03,1.62e+01,
22550,-8.00e-03,1.62e+01,
22551,-8.00e-03,1.64e+01,
22552,-8.00e-03,1.62e+01,
22553,-8.00e-03,1.62e+01,
22554,-8.00e-03,1.64e+01,
22555,-8.00e-03,1.64e+01,
22556,-8.00e-03,1.64e+01,
22557,-8.00e-03,1.64e+01,
22558,-8.00e-03,1.64e+01,
22559,-8.00e-03,1.66e+01,
22560,-8.00e-03,1.66e+01,
22561,-8.00e-03,1.64e+01,
22562,-8.00e-03,1.66e+01,
22563,-4.00e-03,1.66e+01,
22564,-8.00e-03,1.66e+01,
22565,-8.00e-03,1.66e+01,
22566,-8.00e-03,1.66e+01,
22567,-8.00e-03,1.68e+01,
22568,-4.00e-03,1.68e+01,
22569,-8.00e-03,1.66e+01,
22570,-8.00e-03,1.68e+01,
22571,-4.00e-03,1.68e+01,
22572,-8.00e-03,1.68e+01,
22573,-8.00e-03,1.68e+01,
22574,-8.00e-03,1.68e+01,
22575,-8.00e-03,1.70e+01,
22576,-8.00e-03,1.70e+01,
22577,-8.00e-03,1.70e+01,
22578,-8.00e-03,1.70e+01,
22579,-4.00e-03,1.72e+01,
22580,-8.00e-03,1.70e+01,
22581,-8.00e-03,1.70e+01,
22582,-8.00e-03,1.72e+01,
22583,-8.00e-03,1.74e+01,
22584,-8.00e-03,1.72e+01,
22585,-4.00e-03,1.72e+01,
22586,-8.00e-03,1.72e+01,
22587,-8.00e-03,1.74e+01,
22588,-8.00e-03,1.74e+01,
22589,-8.00e-03,1.72e+01,
22590,-8.00e-03,1.72e+01,
22591,-8.00e-03,1.74e+01,
22592,-8.00e-03,1.74e+01,
22593,-8.00e-03,1.74e+01,
22594,-8.00e-03,1.74e+01,
22595,-4.00e-03,1.76e+01,
22596,-8.00e-03,1.76e+01,
22597,-8.00e-03,1.76e+01,
22598,-8.00e-03,1.76e+01,
22599,-4.00e-03,1.78e+01,
22600,-8.00e-03,1.76e+01,
22601,-8.00e-03,1.76e+01,
22602,-1.20e-02,1.78e+01,
22603,-8.00e-03,1.78e+01,
22604,-8.00e-03,1.78e+01,
22605,-8.00e-03,1.78e+01,
22606,-8.00e-03,1.78e+01,
22607,-8.00e-03,1.80e+01,
22608,-8.00e-03,1.78e+01,
22609,-8.00e-03,1.80e+01,
22610,-8.00e-03,1.80e+01,
22611,-4.00e-03,1.82e+01,
22612,-8.00e-03,1.80e+01,
22613,-8.00e-03,1.80e+01,
22614,-8.00e-03,1.80e+01,
22615,-8.00e-03,1.82e+01,
22616,-8.00e-03,1.82e+01,
22617,-8.00e-03,1.82e+01,
22618,-1.20e-02,1.82e+01,
22619,-8.00e-03,1.84e+01,
22620,-8.00e-03,1.82e+01,
22621,-8.00e-03,1.82e+01,
22622,-8.00e-03,1.84e+01,
22623,-8.00e-03,1.84e+01,
22624,-8.00e-03,1.84e+01,
22625,-8.00e-03,1.84e+01,
22626,-8.00e-03,1.84e+01,
22627,-8.00e-03,1.86e+01,
22628,-8.00e-03,1.84e+01,
22629,-8.00e-03,1.84e+01,
22630,-8.00e-03,1.86e+01,
22631,-4.00e-03,1.90e+01,
22632,-8.00e-03,1.86e+01,
22633,-8.00e-03,1.86e+01,
22634,-8.00e-03,1.86e+01,
22635,-8.00e-03,1.90e+01,
22636,-8.00e-03,1.90e+01,
22637,-8.00e-03,1.90e+01,
22638,-8.00e-03,1.90e+01,
22639,-8.00e-03,1.92e+01,
22640,-8.00e-03,1.90e+01,
22641,-8.00e-03,1.90e+01,
22642,-8.00e-03,1.92e+01,
22643,-8.00e-03,1.92e+01,
22644,-8.00e-03,1.92e+01,
22645,-8.00e-03,1.92e+01,
22646,-8.00e-03,1.92e+01,
22647,-8.00e-03,1.92e+01,
22648,-8.00e-03,1.92e+01,
22649,-8.00e-03,1.92e+01,
22650,-1.20e-02,1.94e+01,
22651,-4.00e-03,1.94e+01,
22652,-8.00e-03,1.94e+01,
22653,-8.00e-03,1.94e+01,
22654,-8.00e-03,1.94e+01,
22655,-8.00e-03,1.96e+01,
22656,-8.00e-03,1.94e+01,
22657,-8.00e-03,1.94e+01,
22658,-8.00e-03,1.96e+01,
22659,-8.00e-03,1.96e+01,
22660,-8.00e-03,1.96e+01,
22661,-8.00e-03,1.96e+01,
22662,-8.00e-03,1.94e+01,
22663,-8.00e-03,1.96e+01,
22664,-8.00e-03,1.96e+01,
22665,-8.00e-03,1.96e+01,
22666,-8.00e-03,1.96e+01,
22667,-8.00e-03,1.98e+01,
22668,-8.00e-03,1.96e+01,
22669,-8.00e-03,1.96e+01,
22670,-8.00e-03,1.96e+01,
22671,-8.00e-03,1.98e+01,
22672,-8.00e-03,1.96e+01,
22673,-4.00e-03,1.98e+01,
22674,-1.20e-02,1.98e+01,
22675,-8.00e-03,1.98e+01,
22676,-8.00e-03,1.98e+01,
22677,-8.00e-03,1.98e+01,
22678,-1.20e-02,1.98e+01,
22679,-8.00e-03,1.98e+01,
22680,-8.00e-03,1.98e+01,
22681,-8.00e-03,1.98e+01,
22682,-1.20e-02,1.98e+01,
22683,-8.00e-03,2.00e+01,
22684,-8.00e-03,1.98e+01,
22685,-8.00e-03,1.98e+01,
22686,-8.00e-03,1.98e+01,
22687,-8.00e-03,2.00e+01,
22688,-8.00e-03,1.98e+01,
22689,-8.00e-03,1.98e+01,
22690,-1.20e-02,2.00e+01,
22691,-8.00e-03,2.00e+01,
22692,-8.00e-03,1.98e+01,
22693,-8.00e-03,1.98e+01,
22694,-1.20e-02,2.00e+01,
22695,-8.00e-03,2.00e+01,
22696,-1.20e-02,2.00e+01,
22697,-8.00e-03,1.98e+01,
22698,-1.20e-02,2.00e+01,
22699,-8.00e-03,2.00e+01,
22700,-8.00e-03,2.00e+01,
22701,-8.00e-03,1.98e+01,
22702,-1.20e-02,2.00e+01,
22703,-8.00e-03,2.00e+01,
22704,-8.00e-03,2.00e+01,
22705,-8.00e-03,1.98e+01,
22706,-1.20e-02,2.00e+01,
22707,-8.00e-03,2.00e+01,
22708,-8.00e-03,2.00e+01,
22709,-8.00e-03,1.98e+01,
22710,-8.00e-03,1.98e+01,
22711,-8.00e-03,2.00e+01,
22712,-8.00e-03,2.00e+01,
22713,-8.00e-03,1.98e+01,
22714,-1.20e-02,2.00e+01,
22715,-8.00e-03,2.00e+01,
22716,-8.00e-03,1.98e+01,
22717,-8.00e-03,1.98e+01,
22718,-8.00e-03,2.00e+01,
22719,-8.00e-03,2.00e+01,
22720,-8.00e-03,1.98e+01,
22721,-8.00e-03,1.98e+01,
22722,-1.20e-02,1.98e+01,
22723,-8.00e-03,2.00e+01,
22724,-8.00e-03,1.98e+01,
22725,-8.00e-03,1.98e+01,
22726,-8.00e-03,1.98e+01,
22727,-8.00e-03,1.98e+01,
22728,-8.00e-03,1.98e+01,
22729,-8.00e-03,1.98e+01,
22730,-1.20e-02,1.98e+01,
22731,-8.00e-03,1.98e+01,
22732,-8.00e-03,1.98e+01,
22733,-8.00e-03,1.98e+01,
22734,-8.00e-03,1.96e+01,
22735,-8.00e-03,1.98e+01,
22736,-8.00e-03,1.96e+01,
22737,-8.00e-03,1.98e+01,
22738,-1.20e-02,1.96e+01,
22739,-8.00e-03,1.98e+01,
22740,-8.00e-03,1.96e+01,
22741,-8.00e-03,1.96e+01,
22742,-8.00e-03,1.96e+01,
22743,-8.00e-03,1.96e+01,
22744,-8.00e-03,1.96e+01,
22745,-8.00e-03,1.94e+01,
22746,-1.20e-02,1.96e+01,
22747,-8.00e-03,1.96e+01,
22748,-8.00e-03,1.96e+01,
22749,-8.00e-03,1.94e+01,
22750,-8.00e-03,1.94e+01,
22751,-8.00e-03,1.96e+01,
22752,-8.00e-03,1.94e+01,
22753,-8.00e-03,1.92e+01,
22754,-1.20e-02,1.94e+01,
22755,-8.00e-03,1.94e+01,
22756,-8.00e-03,1.92e+01,
22757,-8.00e-03,1.92e+01,
22758,-1.20e-02,1.92e+01,
22759,-8.00e-03,1.94e+01,
22760,-8.00e-03,1.92e+01,
22761,-8.00e-03,1.92e+01,
22762,-8.00e-03,1.92e+01,
22763,-8.00e-03,1.92e+01,
22764,-8.00e-03,1.90e+01,
22765,-1.20e-02,1.90e+01,
22766,-8.00e-03,1.90e+01,
22767,-8.00e-03,1.90e+01,
22768,-1.20e-02,1.90e+01,
22769,-8.00e-03,1.90e+01,
22770,-1.20e-02,1.86e+01,
22771,-8.00e-03,1.90e+01,
22772,-8.00e-03,1.86e+01,
22773,-8.00e-03,1.86e+01,
22774,-8.00e-03,1.86e+01,
22775,-8.00e-03,1.90e+01,
22776,-8.00e-03,1.84e+01,
22777,-8.00e-03,1.86e+01,
22778,-1.20e-02,1.86e+01,
22779,-8.00e-03,1.86e+01,
22780,-8.00e-03,1.86e+01,
22781,-8.00e-03,1.84e+01,
22782,-8.00e-03,1.84e+01,
22783,-8.00e-03,1.84e+01,
22784,-8.00e-03,1.84e+01,
22785,-8.00e-03,1.84e+01,
22786,-1.20e-02,1.82e+01,
22787,-8.00e-03,1.84e+01,
22788,-8.00e-03,1.84e+01,
22789,-8.00e-03,1.82e+01,
22790,-8.00e-03,1.82e+01,
22791,-8.00e-03,1.84e+01,
22792,-8.00e-03,1.80e+01,
22793,-8.00e-03,1.80e+01,
22794,-1.20e-02,1.80e+01,
22795,-8.00e-03,1.82e+01,
22796,-8.00e-03,1.80e+01,
22797,-8.00e-03,1.80e+01,
22798,-8.00e-03,1.80e+01,
22799,-8.00e-03,1.80e+01,
22800,-8.00e-03,1.78e+01,
22801,-8.00e-03,1.78e+01,
22802,-1.20e-02,1.80e+01,
22803,-1.20e-02,1.78e+01,
22804,-8.00e-03,1.78e+01,
22805,-8.00e-03,1.78e+01,
22806,-8.00e-03,1.76e+01,
22807,-8.00e-03,1.78e+01,
22808,-8.00e-03,1.76e+01,
22809,-8.00e-03,1.76e+01,
22810,-1.20e-02,1.76e+01,
22811,-8.00e-03,1.76e+01,
22812,-8.00e-03,1.76e+01,
22813,-8.00e-03,1.74e+01,
22814,-8.00e-03,1.76e+01,
22815,-8.00e-03,1.76e+01,
22816,-8.00e-03,1.74e+01,
22817,-8.00e-03,1.72e+01,
22818,-8.00e-03,1.74e+01,
22819,-8.00e-03,1.74e+01,
22820,-8.00e-03,1.72e+01,
22821,-8.00e-03,1.72e+01,
22822,-8.00e-03,1.72e+01,
22823,-8.00e-03,1.72e+01,
22824,-8.00e-03,1.72e+01,
22825,-8.00e-03,1.72e+01,
22826,-1.20e-02,1.72e+01,
22827,-8.00e-03,1.72e+01,
22828,-8.00e-03,1.70e+01,
22829,-8.00e-03,1.70e+01,
22830,-8.00e-03,1.70e+01,
22831,-8.00e-03,1.72e+01,
22832,-8.00e-03,1.70e+01,
22833,-8.00e-03,1.70e+01,
22834,-1.20e-02,1.70e+01,
22835,-8.00e-03,1.70e+01,
22836,-8.00e-03,1.68e+01,
22837,-8.00e-03,1.68e+01,
22838,-8.00e-03,1.68e+01,
22839,-8.00e-03,1.70e+01,
22840,-8.00e-03,1.68e+01,
22841,-8.00e-03,1.68e+01,
22842,-1.20e-02,1.68e+01,
22843,-8.00e-03,1.68e+01,
22844,-8.00e-03,1.68e+01,
22845,-8.00e-03,1.66e+01,
22846,-8.00e-03,1.66e+01,
22847,-8.00e-03,1.68e+01,
22848,-8.00e-03,1.66e+01,
22849,-8.00e-03,1.66e+01,
22850,-8.00e-03,1.66e+01,
22851,-8.00e-03,1.66e+01,
22852,-8.00e-03,1.66e+01,
22853,-8.00e-03,1.66e+01,
22854,-8.00e-03,1.64e+01,
22855,-8.00e-03,1.66e+01,
22856,-8.00e-03,1.64e+01,
22857,-8.00e-03,1.64e+01,
22858,-8.00e-03,1.64e+01,
22859,-8.00e-03,1.64e+01,
22860,-8.00e-03,1.64e+01,
22861,-8.00e-03,1.62e+01,
22862,-8.00e-03,1.62e+01,
22863,-8.00e-03,1.64e+01,
22864,-8.00e-03,1.62e+01,
22865,-8.00e-03,1.62e+01,
22866,-8.00e-03,1.62e+01,
22867,-8.00e-03,1.62e+01,
22868,-8.00e-03,1.62e+01,
22869,-8.00e-03,1.62e+01,
22870,-8.00e-03,1.60e+01,
22871,-8.00e-03,1.62e+01,
22872,-8.00e-03,1.60e+01,
22873,-8.00e-03,1.60e+01,
22874,-8.00e-03,1.60e+01,
22875,-8.00e-03,1.62e+01,
22876,-8.00e-03,1.60e+01,
22877,-8.00e-03,1.60e+01,
22878,-8.00e-03,1.60e+01,
22879,-8.00e-03,1.62e+01,
22880,-8.00e-03,1.60e+01,
22881,-8.00e-03,1.60e+01,
22882,-8.00e-03,1.60e+01,
22883,-8.00e-03,1.60e+01,
22884,-8.00e-03,1.60e+01,
22885,-8.00e-03,1.60e+01,
22886,-8.00e-03,1.60e+01,
22887,-4.00e-03,1.60e+01,
22888,-8.00e-03,1.58e+01,
22889,-8.00e-03,1.58e+01,
22890,-1.20e-02,1.58e+01,
22891,-8.00e-03,1.60e+01,
22892,-8.00e-03,1.58e+01,
22893,-8.00e-03,1.58e+01,
22894,-8.00e-03,1.58e+01,
22895,-4.00e-03,1.60e+01,
22896,-8.00e-03,1.58e+01,
22897,-8.00e-03,1.58e+01,
22898,-8.00e-03,1.58e+01,
22899,-8.00e-03,1.60e+01,
22900,-8.00e-03,1.58e+01,
22901,-8.00e-03,1.58e+01,
22902,-8.00e-03,1.58e+01,
22903,-4.00e-03,1.60e+01,
22904,-8.00e-03,1.58e+01,
22905,-8.00e-03,1.58e+01,
22906,-1.20e-02,1.58e+01,
22907,-8.00e-03,1.58e+01,
22908,-8.00e-03,1.58e+01,
22909,-8.00e-03,1.58e+01,
22910,-8.00e-03,1.56e+01,
22911,-4.00e-03,1.60e+01,
22912,-8.00e-03,1.58e+01,
22913,-8.00e-03,1.58e+01,
22914,-1.20e-02,1.58e+01,
22915,-8.00e-03,1.58e+01,
22916,-8.00e-03,1.58e+01,
22917,-8.00e-03,1.58e+01,
22918,-1.20e-02,1.58e+01,
22919,-4.00e-03,1.60e+01,
22920,-8.00e-03,1.58e+01,
22921,-8.00e-03,1.58e+01,
22922,-8.00e-03,1.58e+01,
22923,-8.00e-03,1.60e+01,
22924,-8.00e-03,1.58e+01,
22925,-8.00e-03,1.58e+01,
22926,-8.00e-03,1.58e+01,
22927,-4.00e-03,1.60e+01,
22928,-8.00e-03,1.58e+01,
22929,-8.00e-03,1.58e+01,
22930,-8.00e-03,1.58e+01,
22931,-8.00e-03,1.60e+01,
22932,-4.00e-03,1.58e+01,
22933,-8.00e-03,1.58e+01,
22934,-8.00e-03,1.58e+01,
22935,-4.00e-03,1.60e+01,
22936,-8.00e-03,1.58e+01,
22937,-8.00e-03,1.58e+01,
22938,-8.00e-03,1.60e+01,
22939,-8.00e-03,1.60e+01,
22940,-8.00e-03,1.60e+01,
22941,-8.00e-03,1.60e+01,
22942,-8.00e-03,1.60e+01,
22943,-8.00e-03,1.60e+01,
22944,-8.00e-03,1.60e+01,
22945,-8.00e-03,1.60e+01,
22946,-8.00e-03,1.60e+01,
22947,-4.00e-03,1.62e+01,
22948,-8.00e-03,1.60e+01,
22949,-8.00e-03,1.60e+01,
22950,-8.00e-03,1.60e+01,
22951,-8.00e-03,1.62e+01,
22952,-8.00e-03,1.60e+01,
22953,-8.00e-03,1.60e+01,
22954,-1.20e-02,1.62e+01,
22955,-8.00e-03,1.62e+01,
22956,-8.00e-03,1.62e+01,
22957,-4.00e-03,1.60e+01,
22958,-8.00e-03,1.62e+01,
22959,-8.00e-03,1.64e+01,
22960,-8.00e-03,1.62e+01,
22961,-8.00e-03,1.62e+01,
22962,-1.20e-02,1.62e+01,
22963,-8.00e-03,1.64e+01,
22964,-8.00e-03,1.64e+01,
22965,-8.00e-03,1.64e+01,
22966,-8.00e-03,1.64e+01,
22967,-4.00e-03,1.64e+01,
22968,-8.00e-03,1.64e+01,
22969,-8.00e-03,1.62e+01,
22970,-8.00e-03,1.64e+01,
22971,-4.00e-03,1.66e+01,
22972,-8.00e-03,1.64e+01,
22973,-8.00e-03,1.64e+01,
22974,-8.00e-03,1.64e+01,
22975,-4.00e-03,1.66e+01,
22976,-8.00e-03,1.66e+01,
22977,-8.00e-03,1.66e+01,
22978,-8.00e-03,1.66e+01,
22979,-8.00e-03,1.68e+01,
22980,-8.00e-03,1.66e+01,
22981,-4.00e-03,1.66e+01,
22982,-8.00e-03,1.66e+01,
22983,-4.00e-03,1.68e+01,
22984,-8.00e-03,1.68e+01,
22985,-8.00e-03,1.68e+01,
22986,-8.00e-03,1.68e+01,
22987,-8.00e-03,1.68e+01,
22988,-8.00e-03,1.68e+01,
22989,-8.00e-03,1.68e+01,
22990,-8.00e-03,1.68e+01,
22991,-4.00e-03,1.70e+01,
22992,-8.00e-03,1.70e+01,
22993,-8.00e-03,1.68e+01,
22994,-8.00e-03,1.70e+01,
22995,-4.00e-03,1.70e+01,
22996,-8.00e-03,1.70e+01,
22997,-4.00e-03,1.70e+01,
22998,-8.00e-03,1.70e+01,
22999,-4.00e-03,1.72e+01,
23000,-8.00e-03,1.70e+01,
23001,-8.00e-03,1.72e+01,
23002,-8.00e-03,1.72e+01,
23003,-4.00e-03,1.72e+01,
23004,-8.00e-03,1.72e+01,
23005,-8.00e-03,1.72e+01,
23006,-8.00e-03,1.72e+01,
23007,-4.00e-03,1.74e+01,
23008,-8.00e-03,1.74e+01,
23009,-8.00e-03,1.72e+01,
23010,-1.20e-02,1.76e+01,
23011,-4.00e-03,1.76e+01,
23012,-8.00e-03,1.74e+01,
23013,-8.00e-03,1.76e+01,
23014,-8.00e-03,1.76e+01,
23015,-8.00e-03,1.78e+01,
23016,-8.00e-03,1.76e+01,
23017,-8.00e-03,1.76e+01,
23018,-8.00e-03,1.78e+01,
23019,-4.00e-03,1.78e+01,
23020,-8.00e-03,1.76e+01,
23021,-8.00e-03,1.76e+01,
23022,-8.00e-03,1.78e+01,
23023,-8.00e-03,1.78e+01,
23024,-8.00e-03,1.78e+01,
23025,-8.00e-03,1.78e+01,
23026,-8.00e-03,1.78e+01,
23027,-8.00e-03,1.80e+01,
23028,-8.00e-03,1.78e+01,
23029,-8.00e-03,1.80e+01,
23030,-8.00e-03,1.78e+01,
23031,-8.00e-03,1.80e+01,
23032,-8.00e-03,1.80e+01,
23033,-8.00e-03,1.80e+01,
23034,-8.00e-03,1.80e+01,
23035,-8.00e-03,1.82e+01,
23036,-8.00e-03,1.82e+01,
23037,-8.00e-03,1.80e+01,
23038,-8.00e-03,1.82e+01,
23039,-8.00e-03,1.84e+01,
23040,-8.00e-03,1.82e+01,
23041,-8.00e-03,1.82e+01,
23042,-8.00e-03,1.82e+01,
23043,-8.00e-03,1.84e+01,
23044,-8.00e-03,1.82e+01,
23045,-8.00e-03,1.84e+01,
23046,-8.00e-03,1.84e+01,
23047,-8.00e-03,1.86e+01,
23048,-8.00e-03,1.84e+01,
23049,-8.00e-03,1.84e+01,
23050,-1.20e-02,1.86e+01,
23051,-4.00e-03,1.86e+01,
23052,-8.00e-03,1.86e+01,
23053,-8.00e-03,1.86e+01,
23054,-8.00e-03,1.86e+01,
23055,-4.00e-03,1.90e+01,
23056,-8.00e-03,1.86e+01,
23057,-8.00e-03,1.86e+01,
23058,-8.00e-03,1.86e+01,
23059,-8.00e-03,1.90e+01,
23060,-8.00e-03,1.90e+01,
23061,-8.00e-03,1.90e+01,
23062,-8.00e-03,1.90e+01,
23063,-4.00e-03,1.92e+01,
23064,-8.00e-03,1.90e+01,
23065,-8.00e-03,1.90e+01,
23066,-1.20e-02,1.92e+01,
23067,-8.00e-03,1.92e+01,
23068,-8.00e-03,1.92e+01,
23069,-8.00e-03,1.92e+01,
23070,-8.00e-03,1.90e+01,
23071,-8.00e-03,1.92e+01,
23072,-8.00e-03,1.92e+01,
23073,-8.00e-03,1.92e+01,
23074,-8.00e-03,1.92e+01,
23075,-4.00e-03,1.94e+01,
23076,-8.00e-03,1.92e+01,
23077,-8.00e-03,1.92e+01,
23078,-8.00e-03,1.92e+01,
23079,-8.00e-03,1.94e+01,
23080,-8.00e-03,1.94e+01,
23081,-8.00e-03,1.94e+01,
23082,-8.00e-03,1.94e+01,
23083,-8.00e-03,1.96e+01,
23084,-8.00e-03,1.94e+01,
23085,-8.00e-03,1.94e+01,
23086,-8.00e-03,1.94e+01,
23087,-8.00e-03,1.96e+01,
23088,-8.00e-03,1.94e+01,
23089,-8.00e-03,1.94e+01,
23090,-1.20e-02,1.94e+01,
23091,-8.00e-03,1.96e+01,
23092,-8.00e-03,1.94e+01,
23093,-8.00e-03,1.96e+01,
23094,-8.00e-03,1.96e+01,
23095,-8.00e-03,1.98e+01,
23096,-8.00e-03,1.96e+01,
23097,-8.00e-03,1.96e+01,
23098,-1.20e-02,1.96e+01,
23099,-8.00e-03,1.96e+01,
23100,-8.00e-03,1.96e+01,
23101,-8.00e-03,1.96e+01,
23102,-8.00e-03,1.96e+01,
23103,-8.00e-03,1.98e+01,
23104,-8.00e-03,1.96e+01,
23105,-8.00e-03,1.96e+01,
23106,-1.20e-02,1.96e+01,
23107,-8.00e-03,1.98e+01,
23108,-8.00e-03,1.96e+01,
23109,-8.00e-03,1.96e+01,
23110,-1.20e-02,1.96e+01,
23111,-8.00e-03,2.00e+01,
23112,-8.00e-03,1.98e+01,
23113,-8.00e-03,1.96e+01,
23114,-1.20e-02,1.96e+01,
23115,-8.00e-03,1.98e+01,
23116,-8.00e-03,1.98e+01,
23117,-8.00e-03,1.96e+01,
23118,-8.00e-03,1.98e+01,
23119,-8.00e-03,1.98e+01,
23120,-8.00e-03,1.96e+01,
23121,-8.00e-03,1.98e+01,
23122,-1.20e-02,1.96e+01,
23123,-8.00e-03,1.98e+01,
23124,-8.00e-03,1.98e+01,
23125,-8.00e-03,1.96e+01,
23126,-8.00e-03,1.96e+01,
23127,-8.00e-03,1.98e+01,
23128,-8.00e-03,1.96e+01,
23129,-8.00e-03,1.96e+01,
23130,-1.20e-02,1.96e+01,
23131,-8.00e-03,1.98e+01,
23132,-8.00e-03,1.96e+01,
23133,-8.00e-03,1.96e+01,
23134,-8.00e-03,1.96e+01,
23135,-8.00e-03,1.98e+01,
23136,-8.00e-03,1.96e+01,
23137,-8.00e-03,1.96e+01,
23138,-1.20e-02,1.96e+01,
23139,-4.00e-03,1.98e+01,
23140,-8.00e-03,1.96e+01,
23141,-8.00e-03,1.96e+01,
23142,-1.20e-02,1.96e+01,
23143,-8.00e-03,1.98e+01,
23144,-8.00e-03,1.96e+01,
23145,-8.00e-03,1.96e+01,
23146,-1.20e-02,1.96e+01,
23147,-8.00e-03,1.98e+01,
23148,-8.00e-03,1.96e+01,
23149,-8.00e-03,1.96e+01,
23150,-1.20e-02,1.94e+01,
23151,-8.00e-03,1.96e+01,
23152,-8.00e-03,1.94e+01,
23153,-8.00e-03,1.94e+01,
23154,-8.00e-03,1.94e+01,
23155,-8.00e-03,1.96e+01,
23156,-8.00e-03,1.96e+01,
23157,-8.00e-03,1.94e+01,
23158,-1.20e-02,1.94e+01,
23159,-8.00e-03,1.96e+01,
23160,-8.00e-03,1.94e+01,
23161,-8.00e-03,1.94e+01,
23162,-1.20e-02,1.94e+01,
23163,-8.00e-03,1.96e+01,
23164,-8.00e-03,1.94e+01,
23165,-8.00e-03,1.94e+01,
23166,-8.00e-03,1.94e+01,
23167,-8.00e-03,1.94e+01,
23168,-8.00e-03,1.92e+01,
23169,-8.00e-03,1.92e+01,
23170,-1.20e-02,1.92e+01,
23171,-8.00e-03,1.94e+01,
23172,-8.00e-03,1.92e+01,
23173,-8.00e-03,1.92e+01,
23174,-8.00e-03,1.92e+01,
23175,-8.00e-03,1.92e+01,
23176,-8.00e-03,1.92e+01,
23177,-8.00e-03,1.90e+01,
23178,-8.00e-03,1.92e+01,
23179,-8.00e-03,1.92e+01,
23180,-8.00e-03,1.90e+01,
23181,-8.00e-03,1.90e+01,
23182,-8.00e-03,1.90e+01,
23183,-8.00e-03,1.92e+01,
23184,-8.00e-03,1.90e+01,
23185,-8.00e-03,1.86e+01,
23186,-1.20e-02,1.86e+01,
23187,-8.00e-03,1.90e+01,
23188,-4.00e-03,1.86e+01,
23189,1.60e-02,1.90e+01,
23190,1.60e-02,1.90e+01,
23191,1.60e-02,1.90e+01,
23192,3.20e-02,1.86e+01,
23193,4.80e-02,1.86e+01,
23194,4.00e-02,1.86e+01,
23195,2.80e-02,1.86e+01,
23196,2.40e-02,1.86e+01,
23197,2.00e-02,1.84e+01,
23198,2.00e-02,1.86e+01,
23199,2.40e-02,1.86e+01,
23200,2.40e-02,1.84e+01,
23201,2.40e-02,1.86e+01,
23202,2.00e-02,1.86e+01,
23203,2.80e-02,1.86e+01,
23204,2.80e-02,1.84e+01,
23205,2.80e-02,1.84e+01,
23206,2.80e-02,1.86e+01,
23207,3.20e-02,1.86e+01,
23208,3.20e-02,1.84e+01,
23209,3.20e-02,1.84e+01,
23210,2.80e-02,1.84e+01,
23211,2.80e-02,1.86e+01,
23212,1.20e-02,1.84e+01,
23213,4.00e-03,1.84e+01,
23214,0.00e+00,1.84e+01,
23215,0.00e+00,1.86e+01,
23216,0.00e+00,1.84e+01,
23217,8.00e-03,1.84e+01,
23218,2.80e-02,1.78e+01,
23219,8.40e-02,1.64e+01,
23220,9.20e-02,1.34e+01,
23221,6.80e-02,1.06e+01,
23222,4.80e-02,8.40e+00,
23223,5.60e-02,6.80e+00,
23224,5.60e-02,5.60e+00,
23225,3.20e-02,4.80e+00,
23226,-1.20e-02,4.00e+00,
23227,-5.20e-02,3.60e+00,
23228,-8.40e-02,3.20e+00,
23229,-1.00e-01,2.80e+00,
23230,-9.60e-02,2.60e+00,
23231,-7.60e-02,2.60e+00,
23232,-3.20e-02,2.40e+00,
23233,1.60e-02,2.40e+00,
23234,5.60e-02,2.20e+00,
23235,8.80e-02,2.00e+00,
23236,1.00e-01,1.80e+00,
23237,1.04e-01,1.60e+00,
23238,9.60e-02,1.20e+00,
23239,8.00e-02,1.00e+00,
23240,4.80e-02,4.00e-01,
23241,8.00e-03,2.00e-01,
23242,-3.60e-02,-2.00e-01,
23243,-6.40e-02,-6.00e-01,
23244,-8.40e-02,-8.00e-01,
23245,-8.40e-02,-1.00e+00,
23246,-6.00e-02,-1.00e+00,
23247,-2.80e-02,-8.00e-01,
23248,8.00e-03,-8.00e-01,
23249,4.80e-02,-6.00e-01,
23250,6.80e-02,-4.00e-01,
23251,8.80e-02,-4.00e-01,
23252,8.80e-02,-6.00e-01,
23253,7.60e-02,-6.00e-01,
23254,5.20e-02,-6.00e-01,
23255,2.80e-02,-8.00e-01,
23256,-4.00e-03,-1.00e+00,
23257,-2.80e-02,-1.00e+00,
23258,-6.00e-02,-1.00e+00,
23259,-6.80e-02,-1.00e+00,
23260,-6.40e-02,-1.00e+00,
23261,-4.40e-02,-8.00e-01,
23262,-1.60e-02,-8.00e-01,
23263,1.60e-02,-6.00e-01,
23264,4.40e-02,-6.00e-01,
23265,6.40e-02,-6.00e-01,
23266,7.20e-02,-4.00e-01,
23267,7.60e-02,-6.00e-01,
23268,6.40e-02,-8.00e-01,
23269,4.80e-02,-8.00e-01,
23270,1.60e-02,-8.00e-01,
23271,-8.00e-03,-8.00e-01,
23272,-3.20e-02,-1.00e+00,
23273,-4.80e-02,-1.20e+00,
23274,-5.60e-02,-1.00e+00,
23275,-4.40e-02,-1.00e+00,
23276,-2.80e-02,-1.00e+00,
23277,-8.00e-03,-8.00e-01,
23278,1.60e-02,-6.00e-01,
23279,4.80e-02,-6.00e-01,
23280,5.60e-02,-6.00e-01,
23281,6.40e-02,-6.00e-01,
23282,6.00e-02,-6.00e-01,
23283,5.20e-02,-8.00e-01,
23284,2.80e-02,-8.00e-01,
23285,8.00e-03,-8.00e-01,
23286,-1.20e-02,-8.00e-01,
23287,-2.80e-02,-1.00e+00,
23288,-4.40e-02,-1.20e+00,
23289,-4.00e-02,-1.00e+00,
23290,-3.60e-02,-8.00e-01,
23291,-1.60e-02,-8.00e-01,
23292,0.00e+00,-8.00e-01,
23293,2.40e-02,-6.00e-01,
23294,4.00e-02,-6.00e-01,
23295,5.60e-02,-6.00e-01,
23296,5.60e-02,-6.00e-01,
23297,5.20e-02,-6.00e-01,
23298,4.00e-02,-6.00e-01,
23299,2.80e-02,-8.00e-01,
23300,4.00e-03,-1.00e+00,
23301,-1.20e-02,-8.00e-01,
23302,-2.80e-02,-1.00e+00,
23303,-3.20e-02,-1.00e+00,
23304,-3.20e-02,-1.00e+00,
23305,-2.40e-02,-1.00e+00,
23306,-8.00e-03,-8.00e-01,
23307,1.20e-02,-8.00e-01,
23308,2.40e-02,-8.00e-01,
23309,4.00e-02,-8.00e-01,
23310,4.80e-02,-4.00e-01,
23311,5.20e-02,-6.00e-01,
23312,4.40e-02,-8.00e-01,
23313,3.20e-02,-8.00e-01,
23314,1.20e-02,-8.00e-01,
23315,4.00e-03,-8.00e-01,
23316,-1.20e-02,-1.20e+00,
23317,-2.00e-02,-8.00e-01,
23318,-2.40e-02,-8.00e-01,
23319,-2.00e-02,-1.00e+00,
23320,-1.20e-02,-8.00e-01,
23321,0.00e+00,-8.00e-01,
23322,8.00e-03,-6.00e-01,
23323,2.80e-02,-8.00e-01,
23324,3.20e-02,-8.00e-01,
23325,4.40e-02,-6.00e-01,
23326,4.00e-02,-6.00e-01,
23327,4.00e-02,-8.00e-01,
23328,2.40e-02,-8.00e-01,
23329,1.20e-02,-8.00e-01,
23330,0.00e+00,-8.00e-01,
23331,-8.00e-03,-8.00e-01,
23332,-1.60e-02,-8.00e-01,
23333,-1.60e-02,-8.00e-01,
23334,-1.60e-02,-8.00e-01,
23335,-4.00e-03,-8.00e-01,
23336,4.00e-03,-8.00e-01,
23337,1.60e-02,-6.00e-01,
23338,2.40e-02,-6.00e-01,
23339,4.00e-02,-8.00e-01,
23340,4.00e-02,-8.00e-01,
23341,3.20e-02,-8.00e-01,
23342,2.80e-02,-6.00e-01,
23343,2.00e-02,-8.00e-01,
23344,8.00e-03,-8.00e-01,
23345,0.00e+00,-8.00e-01,
23346,-8.00e-03,-8.00e-01,
23347,-1.20e-02,-8.00e-01,
23348,-1.20e-02,-8.00e-01,
23349,-8.00e-03,-8.00e-01,
23350,0.00e+00,-8.00e-01,
23351,1.20e-02,-8.00e-01,
23352,1.60e-02,-8.00e-01,
23353,2.40e-02,-8.00e-01,
23354,2.80e-02,-6.00e-01,
23355,3.20e-02,-8.00e-01,
23356,2.80e-02,-8.00e-01,
23357,2.40e-02,-8.00e-01,
23358,1.60e-02,-8.00e-01,
23359,1.20e-02,-8.00e-01,
23360,0.00e+00,-8.00e-01,
23361,-4.00e-03,-8.00e-01,
23362,-8.00e-03,-8.00e-01,
23363,-4.00e-03,-8.00e-01,
23364,0.00e+00,-8.00e-01,
23365,4.00e-03,-8.00e-01,
23366,1.20e-02,-6.00e-01,
23367,2.40e-02,-6.00e-01,
23368,2.40e-02,-8.00e-01,
23369,3.20e-02,-6.00e-01,
23370,2.80e-02,-6.00e-01,
23371,2.80e-02,-8.00e-01,
23372,2.00e-02,-8.00e-01,
23373,1.60e-02,-8.00e-01,
23374,8.00e-03,-8.00e-01,
23375,4.00e-03,-8.00e-01,
23376,-4.00e-03,-1.00e+00,
23377,-4.00e-03,-8.00e-01,
23378,-4.00e-03,-6.00e-01,
23379,4.00e-03,-6.00e-01,
23380,8.00e-03,-8.00e-01,
23381,1.60e-02,-8.00e-01,
23382,2.00e-02,-6.00e-01,
23383,2.80e-02,-8.00e-01,
23384,2.40e-02,-8.00e-01,
23385,2.80e-02,-8.00e-01,
23386,2.40e-02,-6.00e-01,
23387,2.00e-02,-6.00e-01,
23388,1.20e-02,-8.00e-01,
23389,8.00e-03,-8.00e-01,
23390,4.00e-03,-8.00e-01,
23391,4.00e-03,-8.00e-01,
23392,0.00e+00,-8.00e-01,
23393,4.00e-03,-8.00e-01,
23394,4.00e-03,-6.00e-01,
23395,1.20e-02,-6.00e-01,
23396,1.60e-02,-8.00e-01,
23397,2.40e-02,-6.00e-01,
23398,2.40e-02,-6.00e-01,
23399,2.80e-02,-8.00e-01,
23400,2.40e-02,-8.00e-01,
23401,2.40e-02,-8.00e-01,
23402,1.60e-02,-6.00e-01,
23403,1.20e-02,-8.00e-01,
23404,1.20e-02,-8.00e-01,
23405,8.00e-03,-8.00e-01,
23406,4.00e-03,-8.00e-01,
23407,8.00e-03,-8.00e-01,
23408,8.00e-03,-8.00e-01,
23409,1.20e-02,-8.00e-01,
23410,1.20e-02,-6.00e-01,
23411,2.00e-02,-6.00e-01,
23412,2.40e-02,-8.00e-01,
23413,2.40e-02,-6.00e-01,
23414,2.40e-02,-6.00e-01,
23415,2.80e-02,-8.00e-01,
23416,2.00e-02,-8.00e-01,
23417,2.00e-02,-8.00e-01,
23418,1.20e-02,-6.00e-01,
23419,1.20e-02,-8.00e-01,
23420,8.00e-03,-8.00e-01,
23421,8.00e-03,-8.00e-01,
23422,8.00e-03,-8.00e-01,
23423,1.20e-02,-8.00e-01,
23424,1.20e-02,-8.00e-01,
23425,2.00e-02,-8.00e-01,
23426,2.00e-02,-6.00e-01,
23427,2.40e-02,-8.00e-01,
23428,2.40e-02,-8.00e-01,
23429,2.40e-02,-8.00e-01,
23430,2.40e-02,-6.00e-01,
23431,2.40e-02,-8.00e-01,
23432,2.00e-02,-1.00e+00,
23433,1.60e-02,-8.00e-01,
23434,8.00e-03,-6.00e-01,
23435,1.20e-02,-8.00e-01,
23436,1.20e-02,-8.00e-01,
23437,1.20e-02,-8.00e-01,
23438,1.20e-02,-6.00e-01,
23439,2.00e-02,-6.00e-01,
23440,2.00e-02,-8.00e-01,
23441,2.40e-02,-6.00e-01,
23442,2.40e-02,-6.00e-01,
23443,2.80e-02,-8.00e-01,
23444,2.40e-02,-8.00e-01,
23445,2.40e-02,-8.00e-01,
23446,2.00e-02,-6.00e-01,
23447,2.00e-02,-8.00e-01,
23448,1.60e-02,-8.00e-01,
23449,1.20e-02,-8.00e-01,
23450,1.20e-02,-6.00e-01,
23451,1.20e-02,-8.00e-01,
23452,1.20e-02,-8.00e-01,
23453,1.60e-02,-8.00e-01,
23454,1.60e-02,-6.00e-01,
23455,2.40e-02,-8.00e-01,
23456,2.40e-02,-8.00e-01,
23457,2.40e-02,-8.00e-01,
23458,2.40e-02,-6.00e-01,
23459,2.80e-02,-8.00e-01,
23460,2.40e-02,-8.00e-01,
23461,2.00e-02,-8.00e-01,
23462,1.60e-02,-6.00e-01,
23463,2.00e-02,-8.00e-01,
23464,1.60e-02,-8.00e-01,
23465,1.60e-02,-8.00e-01,
23466,1.60e-02,-8.00e-01,
23467,2.00e-02,-6.00e-01,
23468,2.00e-02,-8.00e-01,
23469,2.00e-02,-6.00e-01,
23470,2.00e-02,-8.00e-01,
23471,2.40e-02,-8.00e-01,
23472,2.40e-02,-8.00e-01,
23473,2.40e-02,-8.00e-01,
23474,2.40e-02,-6.00e-01,
23475,2.80e-02,-8.00e-01,
23476,2.00e-02,-8.00e-01,
23477,2.00e-02,-8.00e-01,
23478,2.00e-02,-6.00e-01,
23479,2.00e-02,-8.00e-01,
23480,1.60e-02,-8.00e-01,
23481,1.60e-02,-8.00e-01,
23482,1.60e-02,-6.00e-01,
23483,2.40e-02,-6.00e-01,
23484,2.40e-02,-8.00e-01,
23485,2.40e-02,-6.00e-01,
23486,2.40e-02,-6.00e-01,
23487,2.80e-02,-6.00e-01,
23488,2.40e-02,-8.00e-01,
23489,2.40e-02,-6.00e-01,
23490,2.40e-02,-6.00e-01,
23491,2.40e-02,-8.00e-01,
23492,2.00e-02,-8.00e-01,
23493,2.40e-02,-8.00e-01,
23494,2.00e-02,-6.00e-01,
23495,2.40e-02,-8.00e-01,
23496,2.00e-02,-8.00e-01,
23497,2.40e-02,-6.00e-01,
23498,2.00e-02,-6.00e-01,
23499,2.80e-02,-6.00e-01,
23500,2.40e-02,-6.00e-01,
23501,2.80e-02,-8.00e-01,
23502,2.40e-02,-6.00e-01,
23503,2.80e-02,-8.00e-01,
23504,2.80e-02,-8.00e-01,
23505,2.40e-02,-6.00e-01,
23506,2.40e-02,-8.00e-01,
23507,2.40e-02,-6.00e-01,
23508,2.40e-02,-8.00e-01,
23509,2.00e-02,-8.00e-01,
23510,2.00e-02,-6.00e-01,
23511,2.40e-02,-8.00e-01,
23512,2.40e-02,-8.00e-01,
23513,2.40e-02,-8.00e-01,
23514,2.40e-02,-6.00e-01,
23515,2.80e-02,-4.00e-01,
23516,2.80e-02,-1.00e+00,
23517,2.80e-02,-6.00e-01,
23518,2.40e-02,-6.00e-01,
23519,2.80e-02,-8.00e-01,
23520,2.40e-02,-6.00e-01,
23521,2.40e-02,-8.00e-01,
23522,2.40e-02,-6.00e-01,
23523,2.40e-02,-6.00e-01,
23524,2.40e-02,-8.00e-01,
23525,2.40e-02,-8.00e-01,
23526,2.00e-02,-6.00e-01,
23527,2.40e-02,-8.00e-01,
23528,2.80e-02,-8.00e-01,
23529,2.80e-02,-6.00e-01,
23530,2.80e-02,-6.00e-01,
23531,3.20e-02,-6.00e-01,
23532,2.80e-02,-8.00e-01,
23533,2.80e-02,-8.00e-01,
23534,2.80e-02,-6.00e-01,
23535,2.80e-02,-8.00e-01,
23536,2.80e-02,-8.00e-01,
23537,2.40e-02,-8.00e-01,
23538,2.40e-02,-6.00e-01,
23539,2.40e-02,-8.00e-01,
23540,2.80e-02,-8.00e-01,
23541,2.80e-02,-6.00e-01,
23542,2.80e-02,-6.00e-01,
23543,3.20e-02,-8.00e-01,
23544,2.80e-02,-8.00e-01,
23545,3.20e-02,-6.00e-01,
23546,2.80e-02,-6.00e-01,
23547,3.20e-02,-8.00e-01,
23548,3.20e-02,-8.00e-01,
23549,2.80e-02,-6.00e-01,
23550,2.80e-02,-6.00e-01,
23551,2.80e-02,-6.00e-01,
23552,2.80e-02,-8.00e-01,
23553,2.80e-02,-8.00e-01,
23554,2.80e-02,-6.00e-01,
23555,2.80e-02,-6.00e-01,
23556,2.80e-02,-8.00e-01,
23557,2.80e-02,-8.00e-01,
23558,2.80e-02,-6.00e-01,
23559,3.20e-02,-6.00e-01,
23560,2.80e-02,-8.00e-01,
23561,3.20e-02,-6.00e-01,
23562,2.80e-02,-6.00e-01,
23563,3.20e-02,-6.00e-01,
23564,3.20e-02,-8.00e-01,
23565,2.80e-02,-6.00e-01,
23566,2.80e-02,-6.00e-01,
23567,2.80e-02,-6.00e-01,
23568,3.20e-02,-8.00e-01,
23569,2.80e-02,-6.00e-01,
23570,2.80e-02,-6.00e-01,
23571,3.20e-02,-8.00e-01,
23572,2.80e-02,-8.00e-01,
23573,3.20e-02,-6.00e-01,
23574,3.20e-02,-4.00e-01,
23575,3.20e-02,-6.00e-01,
23576,3.20e-02,-8.00e-01,
23577,3.20e-02,-6.00e-01,
23578,3.20e-02,-6.00e-01,
23579,3.20e-02,-8.00e-01,
23580,2.80e-02,-8.00e-01,
23581,3.20e-02,-8.00e-01,
23582,2.80e-02,-6.00e-01,
23583,3.20e-02,-6.00e-01,
23584,2.80e-02,-8.00e-01,
23585,3.20e-02,-6.00e-01,
23586,2.80e-02,-6.00e-01,
23587,3.20e-02,-6.00e-01,
23588,3.20e-02,-8.00e-01,
23589,3.20e-02,-6.00e-01,
23590,3.20e-02,-6.00e-01,
23591,4.00e-02,-6.00e-01,
23592,3.20e-02,-6.00e-01,
23593,3.20e-02,-6.00e-01,
23594,3.20e-02,-6.00e-01,
23595,4.00e-02,-8.00e-01,
23596,3.20e-02,-6.00e-01,
23597,3.20e-02,-6.00e-01,
23598,3.20e-02,-6.00e-01,
23599,3.20e-02,-6.00e-01,
23600,3.20e-02,-8.00e-01,
23601,3.20e-02,-6.00e-01,
23602,3.20e-02,-6.00e-01,
23603,4.00e-02,-6.00e-01,
23604,3.20e-02,-8.00e-01,
23605,4.00e-02,-6.00e-01,
23606,3.20e-02,-6.00e-01,
23607,4.00e-02,-6.00e-01,
23608,4.00e-02,-8.00e-01,
23609,3.20e-02,-6.00e-01,
23610,3.20e-02,-4.00e-01,
23611,4.00e-02,-6.00e-01,
23612,3.20e-02,-8.00e-01,
23613,4.00e-02,-6.00e-01,
23614,3.20e-02,-6.00e-01,
23615,4.00e-02,-6.00e-01,
23616,4.00e-02,-8.00e-01,
23617,3.20e-02,-6.00e-01,
23618,3.20e-02,-6.00e-01,
23619,4.00e-02,-6.00e-01,
23620,4.00e-02,-8.00e-01,
23621,4.00e-02,-6.00e-01,
23622,4.00e-02,-6.00e-01,
23623,4.00e-02,-6.00e-01,
23624,4.00e-02,-8.00e-01,
23625,4.00e-02,-6.00e-01,
23626,3.20e-02,-4.00e-01,
23627,4.00e-02,-6.00e-01,
23628,4.00e-02,-8.00e-01,
23629,4.00e-02,-6.00e-01,
23630,4.00e-02,-6.00e-01,
23631,4.00e-02,-6.00e-01,
23632,4.00e-02,-8.00e-01,
23633,4.00e-02,-6.00e-01,
23634,4.00e-02,-6.00e-01,
23635,4.40e-02,-6.00e-01,
23636,4.00e-02,-8.00e-01,
23637,4.00e-02,-6.00e-01,
23638,4.00e-02,-6.00e-01,
23639,4.00e-02,-6.00e-01,
23640,4.00e-02,-8.00e-01,
23641,4.00e-02,-6.00e-01,
23642,3.20e-02,-6.00e-01,
23643,4.40e-02,-6.00e-01,
23644,4.00e-02,-8.00e-01,
23645,4.00e-02,-6.00e-01,
23646,4.00e-02,-6.00e-01,
23647,4.00e-02,-6.00e-01,
23648,4.40e-02,-6.00e-01,
23649,4.40e-02,-6.00e-01,
23650,4.00e-02,-6.00e-01,
23651,4.40e-02,-6.00e-01,
23652,4.40e-02,-6.00e-01,
23653,4.40e-02,-8.00e-01,
23654,4.00e-02,-6.00e-01,
23655,4.40e-02,-6.00e-01,
23656,4.40e-02,-8.00e-01,
23657,4.40e-02,-6.00e-01,
23658,4.00e-02,-6.00e-01,
23659,4.40e-02,-6.00e-01,
23660,4.40e-02,-6.00e-01,
23661,4.40e-02,-6.00e-01,
23662,4.00e-02,-6.00e-01,
23663,4.80e-02,-6.00e-01,
23664,4.40e-02,-8.00e-01,
23665,4.40e-02,-6.00e-01,
23666,4.00e-02,-4.00e-01,
23667,4.40e-02,-6.00e-01,
23668,4.40e-02,-8.00e-01,
23669,4.40e-02,-6.00e-01,
23670,4.40e-02,-6.00e-01,
23671,4.40e-02,-6.00e-01,
23672,4.40e-02,-8.00e-01,
23673,4.40e-02,-6.00e-01,
23674,4.00e-02,-6.00e-01,
23675,4.40e-02,-6.00e-01,
23676,4.40e-02,-6.00e-01,
23677,4.40e-02,-6.00e-01,
23678,4.40e-02,-6.00e-01,
23679,4.80e-02,-6.00e-01,
23680,4.40e-02,-8.00e-01,
23681,4.40e-02,-6.00e-01,
23682,4.00e-02,-6.00e-01,
23683,4.80e-02,-6.00e-01,
23684,4.80e-02,-6.00e-01,
23685,4.80e-02,-6.00e-01,
23686,4.40e-02,-6.00e-01,
23687,4.80e-02,-6.00e-01,
23688,4.40e-02,-8.00e-01,
23689,4.80e-02,-6.00e-01,
23690,4.40e-02,-6.00e-01,
23691,4.80e-02,-6.00e-01,
23692,4.40e-02,-6.00e-01,
23693,4.80e-02,-6.00e-01,
23694,4.40e-02,-6.00e-01,
23695,4.80e-02,-6.00e-01,
23696,4.80e-02,-6.00e-01,
23697,4.40e-02,-6.00e-01,
23698,4.40e-02,-6.00e-01,
23699,4.80e-02,-6.00e-01,
23700,4.40e-02,-8.00e-01,
23701,4.80e-02,-6.00e-01,
23702,4.40e-02,-6.00e-01,
23703,4.80e-02,-6.00e-01,
23704,4.80e-02,-8.00e-01,
23705,4.80e-02,-6.00e-01,
23706,4.80e-02,-4.00e-01,
23707,5.20e-02,-6.00e-01,
23708,4.80e-02,-8.00e-01,
23709,4.80e-02,-6.00e-01,
23710,4.80e-02,-4.00e-01,
23711,4.80e-02,-6.00e-01,
23712,4.80e-02,-6.00e-01,
23713,4.80e-02,-6.00e-01,
23714,4.40e-02,-6.00e-01,
23715,4.80e-02,-4.00e-01,
23716,4.80e-02,-1.00e+00,
23717,4.80e-02,-6.00e-01,
23718,4.80e-02,-6.00e-01,
23719,4.80e-02,-6.00e-01,
23720,4.80e-02,-6.00e-01,
23721,4.80e-02,-6.00e-01,
23722,4.40e-02,-4.00e-01,
23723,5.20e-02,-6.00e-01,
23724,5.20e-02,-8.00e-01,
23725,4.80e-02,-6.00e-01,
23726,4.80e-02,-6.00e-01,
23727,5.20e-02,-6.00e-01,
23728,4.80e-02,-6.00e-01,
23729,4.80e-02,-6.00e-01,
23730,4.80e-02,-6.00e-01,
23731,5.20e-02,-6.00e-01,
23732,4.80e-02,-8.00e-01,
23733,4.80e-02,-6.00e-01,
23734,4.80e-02,-4.00e-01,
23735,5.20e-02,-6.00e-01,
23736,5.20e-02,-6.00e-01,
23737,5.20e-02,-6.00e-01,
23738,4.80e-02,-4.00e-01,
23739,5.20e-02,-6.00e-01,
23740,5.20e-02,-6.00e-01,
23741,5.20e-02,-6.00e-01,
23742,4.80e-02,-6.00e-01,
23743,5.20e-02,-6.00e-01,
23744,5.20e-02,-6.00e-01,
23745,5.20e-02,-6.00e-01,
23746,4.80e-02,-6.00e-01,
23747,5.20e-02,-6.00e-01,
23748,5.20e-02,-6.00e-01,
23749,5.20e-02,-6.00e-01,
23750,5.20e-02,-6.00e-01,
23751,5.20e-02,-6.00e-01,
23752,5.20e-02,-6.00e-01,
23753,5.20e-02,-6.00e-01,
23754,4.80e-02,-6.00e-01,
23755,5.20e-02,-6.00e-01,
23756,5.20e-02,-6.00e-01,
23757,5.20e-02,-6.00e-01,
23758,5.20e-02,-4.00e-01,
23759,5.20e-02,-6.00e-01,
23760,5.20e-02,-6.00e-01,
23761,5.20e-02,-6.00e-01,
23762,5.20e-02,-4.00e-01,
23763,5.20e-02,-6.00e-01,
23764,5.20e-02,-6.00e-01,
23765,5.20e-02,-6.00e-01,
23766,5.20e-02,-4.00e-01,
23767,5.60e-02,-6.00e-01,
23768,5.20e-02,-6.00e-01,
23769,5.20e-02,-6.00e-01,
23770,5.20e-02,-4.00e-01,
23771,5.60e-02,-6.00e-01,
23772,5.20e-02,-6.00e-01,
23773,5.20e-02,-6.00e-01,
23774,5.20e-02,-4.00e-01,
23775,5.60e-02,-6.00e-01,
23776,5.20e-02,-8.00e-01,
23777,5.60e-02,-6.00e-01,
23778,5.20e-02,-6.00e-01,
23779,5.60e-02,-6.00e-01,
23780,5.60e-02,-6.00e-01,
23781,5.20e-02,-6.00e-01,
23782,5.20e-02,-6.00e-01,
23783,5.60e-02,-6.00e-01,
23784,5.60e-02,-6.00e-01,
23785,5.60e-02,-6.00e-01,
23786,5.20e-02,-4.00e-01,
23787,5.60e-02,-4.00e-01,
23788,5.60e-02,-6.00e-01,
23789,5.60e-02,-6.00e-01,
23790,5.60e-02,-6.00e-01,
23791,5.60e-02,-6.00e-01,
23792,5.60e-02,-6.00e-01,
23793,5.60e-02,-6.00e-01,
23794,5.60e-02,-6.00e-01,
23795,5.60e-02,-6.00e-01,
23796,5.60e-02,-8.00e-01,
23797,6.00e-02,-6.00e-01,
23798,5.60e-02,-4.00e-01,
23799,6.00e-02,-6.00e-01,
23800,5.60e-02,-8.00e-01,
23801,5.60e-02,-6.00e-01,
23802,5.60e-02,-6.00e-01,
23803,6.00e-02,-6.00e-01,
23804,5.60e-02,-8.00e-01,
23805,6.00e-02,-6.00e-01,
23806,5.60e-02,-6.00e-01,
23807,6.00e-02,-6.00e-01,
23808,6.00e-02,-6.00e-01,
23809,6.00e-02,-6.00e-01,
23810,5.60e-02,-6.00e-01,
23811,6.00e-02,-6.00e-01,
23812,6.00e-02,-6.00e-01,
23813,6.00e-02,-6.00e-01,
23814,5.60e-02,-6.00e-01,
23815,6.00e-02,-6.00e-01,
23816,5.60e-02,-8.00e-01,
23817,5.60e-02,-6.00e-01,
23818,5.60e-02,-6.00e-01,
23819,6.00e-02,-6.00e-01,
23820,6.00e-02,-6.00e-01,
23821,6.00e-02,-6.00e-01,
23822,5.60e-02,-4.00e-01,
23823,6.00e-02,-6.00e-01,
23824,6.00e-02,-6.00e-01,
23825,6.00e-02,-6.00e-01,
23826,5.60e-02,-6.00e-01,
23827,6.00e-02,-6.00e-01,
23828,6.00e-02,-6.00e-01,
23829,6.00e-02,-4.00e-01,
23830,5.60e-02,-4.00e-01,
23831,6.00e-02,-6.00e-01,
23832,6.00e-02,-6.00e-01,
23833,6.00e-02,-6.00e-01,
23834,6.00e-02,-4.00e-01,
23835,6.00e-02,-6.00e-01,
23836,6.00e-02,-6.00e-01,
23837,6.00e-02,-6.00e-01,
23838,5.60e-02,-6.00e-01,
23839,6.00e-02,-6.00e-01,
23840,6.00e-02,-6.00e-01,
23841,6.00e-02,-6.00e-01,
23842,5.60e-02,-4.00e-01,
23843,6.00e-02,-6.00e-01,
23844,6.00e-02,-6.00e-01,
23845,6.00e-02,-6.00e-01,
23846,6.00e-02,-6.00e-01,
23847,6.40e-02,-6.00e-01,
23848,6.00e-02,-6.00e-01,
23849,6.00e-02,-4.00e-01,
23850,6.00e-02,-4.00e-01,
23851,6.40e-02,-6.00e-01,
23852,6.00e-02,-6.00e-01,
23853,6.40e-02,-6.00e-01,
23854,6.00e-02,-6.00e-01,
23855,6.40e-02,-6.00e-01,
23856,6.40e-02,-6.00e-01,
23857,6.00e-02,-6.00e-01,
23858,6.00e-02,-6.00e-01,
23859,6.40e-02,-6.00e-01,
23860,6.00e-02,-6.00e-01,
23861,6.40e-02,-6.00e-01,
23862,6.00e-02,-4.00e-01,
23863,6.40e-02,-6.00e-01,
23864,6.40e-02,-6.00e-01,
23865,6.40e-02,-6.00e-01,
23866,6.00e-02,-4.00e-01,
23867,6.40e-02,-6.00e-01,
23868,6.40e-02,-8.00e-01,
23869,6.40e-02,-6.00e-01,
23870,6.40e-02,-4.00e-01,
23871,6.40e-02,-6.00e-01,
23872,6.40e-02,-6.00e-01,
23873,6.40e-02,-6.00e-01,
23874,6.00e-02,-4.00e-01,
23875,6.40e-02,-6.00e-01,
23876,6.40e-02,-8.00e-01,
23877,6.40e-02,-6.00e-01,
23878,6.40e-02,-6.00e-01,
23879,6.40e-02,-6.00e-01,
23880,6.40e-02,-6.00e-01,
23881,6.40e-02,-6.00e-01,
23882,6.40e-02,-4.00e-01,
23883,6.80e-02,-6.00e-01,
23884,6.40e-02,-6.00e-01,
23885,6.40e-02,-4.00e-01,
23886,6.40e-02,-6.00e-01,
23887,6.80e-02,-6.00e-01,
23888,6.40e-02,-6.00e-01,
23889,6.40e-02,-6.00e-01,
23890,6.40e-02,-6.00e-01,
23891,6.80e-02,-6.00e-01,
23892,6.40e-02,-6.00e-01,
23893,6.80e-02,-6.00e-01,
23894,6.40e-02,-4.00e-01,
23895,6.80e-02,-6.00e-01,
23896,6.80e-02,-6.00e-01,
23897,6.80e-02,-6.00e-01,
23898,6.40e-02,-4.00e-01,
23899,6.80e-02,-6.00e-01,
23900,6.40e-02,-6.00e-01,
23901,6.80e-02,-4.00e-01,
23902,6.40e-02,-6.00e-01,
23903,6.80e-02,-6.00e-01,
23904,6.80e-02,-6.00e-01,
23905,6.80e-02,-6.00e-01,
23906,6.40e-02,-4.00e-01,
23907,7.20e-02,-4.00e-01,
23908,6.80e-02,-6.00e-01,
23909,6.80e-02,-6.00e-01,
23910,6.40e-02,-4.00e-01,
23911,6.80e-02,-6.00e-01,
23912,6.80e-02,-6.00e-01,
23913,6.80e-02,-6.00e-01,
23914,6.40e-02,-6.00e-01,
23915,6.80e-02,-4.00e-01,
23916,6.80e-02,-8.00e-01,
23917,6.80e-02,-6.00e-01,
23918,6.80e-02,-4.00e-01,
23919,7.20e-02,-6.00e-01,
23920,6.80e-02,-6.00e-01,
23921,6.80e-02,-6.00e-01,
23922,6.40e-02,-4.00e-01,
23923,7.20e-02,-6.00e-01,
23924,6.80e-02,-6.00e-01,
23925,6.80e-02,-6.00e-01,
23926,6.80e-02,-6.00e-01,
23927,7.20e-02,-6.00e-01,
23928,6.80e-02,-6.00e-01,
23929,6.80e-02,-6.00e-01,
23930,6.80e-02,-4.00e-01,
23931,7.20e-02,-6.00e-01,
23932,6.80e-02,-6.00e-01,
23933,7.20e-02,-6.00e-01,
23934,6.80e-02,-4.00e-01,
23935,7.20e-02,-6.00e-01,
23936,6.80e-02,-6.00e-01,
23937,7.20e-02,-6.00e-01,
23938,6.80e-02,-4.00e-01,
23939,7.20e-02,-6.00e-01,
23940,6.80e-02,-6.00e-01,
23941,7.20e-02,-6.00e-01,
23942,6.80e-02,-6.00e-01,
23943,7.20e-02,-6.00e-01,
23944,7.20e-02,-6.00e-01,
23945,7.20e-02,-6.00e-01,
23946,6.80e-02,-4.00e-01,
23947,7.20e-02,-4.00e-01,
23948,6.80e-02,-6.00e-01,
23949,7.20e-02,-6.00e-01,
23950,6.80e-02,-6.00e-01,
23951,7.20e-02,-6.00e-01,
23952,7.20e-02,-6.00e-01,
23953,7.20e-02,-6.00e-01,
23954,6.80e-02,-4.00e-01,
23955,7.60e-02,-6.00e-01,
23956,7.20e-02,-6.00e-01,
23957,7.20e-02,-6.00e-01,
23958,6.80e-02,-4.00e-01,
23959,7.20e-02,-4.00e-01,
23960,7.20e-02,-8.00e-01,
23961,7.20e-02,-6.00e-01,
23962,6.80e-02,-4.00e-01,
23963,7.60e-02,-6.00e-01,
23964,7.20e-02,-6.00e-01,
23965,7.20e-02,-6.00e-01,
23966,7.20e-02,-6.00e-01,
23967,7.60e-02,-6.00e-01,
23968,7.20e-02,-6.00e-01,
23969,7.20e-02,-6.00e-01,
23970,7.20e-02,-4.00e-01,
23971,7.60e-02,-6.00e-01,
23972,7.20e-02,-6.00e-01,
23973,7.60e-02,-6.00e-01,
23974,7.20e-02,-4.00e-01,
23975,7.60e-02,-6.00e-01,
23976,7.20e-02,-6.00e-01,
23977,7.60e-02,-6.00e-01,
23978,6.80e-02,-4.00e-01,
23979,7.60e-02,-6.00e-01,
23980,7.20e-02,-6.00e-01,
23981,7.20e-02,-6.00e-01,
23982,7.20e-02,-4.00e-01,
23983,7.60e-02,-6.00e-01,
23984,7.60e-02,-6.00e-01,
23985,7.60e-02,-6.00e-01,
23986,7.20e-02,-4.00e-01,
23987,7.60e-02,-6.00e-01,
23988,7.60e-02,-6.00e-01,
23989,7.60e-02,-6.00e-01,
23990,7.60e-02,-6.00e-01,
23991,7.60e-02,-4.00e-01,
23992,7.60e-02,-6.00e-01,
23993,7.60e-02,-6.00e-01,
23994,7.20e-02,-4.00e-01,
23995,7.60e-02,-4.00e-01,
23996,7.60e-02,-6.00e-01,
23997,7.60e-02,-4.00e-01,
23998,7.20e-02,-4.00e-01,
23999,7.60e-02,-6.00e-01,
24000,7.60e-02,-6.00e-01,
24001,8.00e-02,-6.00e-01,
24002,7.60e-02,-4.00e-01,
24003,8.00e-02,-4.00e-01,
24004,7.60e-02,-6.00e-01,
24005,8.00e-02,-6.00e-01,
24006,7.60e-02,-4.00e-01,
24007,8.00e-02,-6.00e-01,
24008,7.60e-02,-6.00e-01,
24009,7.60e-02,-6.00e-01,
24010,7.60e-02,-4.00e-01,
24011,8.00e-02,-6.00e-01,
24012,7.60e-02,-6.00e-01,
24013,7.60e-02,-4.00e-01,
24014,7.60e-02,-4.00e-01,
24015,8.00e-02,-6.00e-01,
24016,7.60e-02,-6.00e-01,
24017,8.00e-02,-6.00e-01,
24018,7.60e-02,-4.00e-01,
24019,8.40e-02,-6.00e-01,
24020,8.00e-02,-6.00e-01,
24021,8.00e-02,-6.00e-01,
24022,7.60e-02,-6.00e-01,
24023,8.00e-02,-6.00e-01,
24024,7.60e-02,-6.00e-01,
24025,8.00e-02,-6.00e-01,
24026,7.60e-02,-4.00e-01,
24027,8.00e-02,-6.00e-01,
24028,8.00e-02,-6.00e-01,
24029,8.00e-02,-6.00e-01,
24030,8.00e-02,-4.00e-01,
24031,8.00e-02,-6.00e-01,
24032,8.00e-02,-6.00e-01,
24033,8.00e-02,-6.00e-01,
24034,7.60e-02,-4.00e-01,
24035,8.00e-02,-6.00e-01,
24036,8.00e-02,-6.00e-01,
24037,8.00e-02,-6.00e-01,
24038,7.60e-02,-6.00e-01,
24039,8.00e-02,-6.00e-01,
24040,8.00e-02,-6.00e-01,
24041,8.00e-02,-6.00e-01,
24042,7.60e-02,-4.00e-01,
24043,8.40e-02,-6.00e-01,
24044,8.00e-02,-6.00e-01,
24045,8.00e-02,-6.00e-01,
24046,8.00e-02,-4.00e-01,
24047,8.00e-02,-4.00e-01,
24048,8.00e-02,-6.00e-01,
24049,8.00e-02,-6.00e-01,
24050,8.00e-02,-4.00e-01,
24051,8.40e-02,-6.00e-01,
24052,8.00e-02,-6.00e-01,
24053,8.00e-02,-6.00e-01,
24054,8.00e-02,-4.00e-01,
24055,8.40e-02,-6.00e-01,
24056,8.00e-02,-6.00e-01,
24057,8.00e-02,-6.00e-01,
24058,7.60e-02,-4.00e-01,
24059,8.40e-02,-4.00e-01,
24060,8.00e-02,-6.00e-01,
24061,8.00e-02,-6.00e-01,
24062,8.00e-02,-4.00e-01,
24063,8.40e-02,-6.00e-01,
24064,8.40e-02,-6.00e-01,
24065,8.40e-02,-4.00e-01,
24066,8.00e-02,-4.00e-01,
24067,8.40e-02,-4.00e-01,
24068,8.00e-02,-6.00e-01,
24069,8.40e-02,-6.00e-01,
24070,8.00e-02,-4.00e-01,
24071,8.40e-02,-4.00e-01,
24072,8.40e-02,-6.00e-01,
24073,8.40e-02,-6.00e-01,
24074,8.00e-02,-6.00e-01,
24075,8.40e-02,-4.00e-01,
24076,8.40e-02,-6.00e-01,
24077,8.40e-02,-6.00e-01,
24078,8.40e-02,-6.00e-01,
24079,8.40e-02,-6.00e-01,
24080,8.40e-02,-6.00e-01,
24081,8.40e-02,-6.00e-01,
24082,8.00e-02,-4.00e-01,
24083,8.80e-02,-4.00e-01,
24084,8.40e-02,-6.00e-01,
24085,8.40e-02,-4.00e-01,
24086,8.40e-02,-4.00e-01,
24087,8.80e-02,-4.00e-01,
24088,8.40e-02,-6.00e-01,
24089,8.80e-02,-6.00e-01,
24090,8.00e-02,-4.00e-01,
24091,8.80e-02,-6.00e-01,
24092,8.40e-02,-6.00e-01,
24093,8.40e-02,-6.00e-01,
24094,8.40e-02,-4.00e-01,
24095,8.80e-02,-6.00e-01,
24096,8.40e-02,-6.00e-01,
24097,8.40e-02,-4.00e-01,
24098,8.40e-02,-4.00e-01,
24099,8.80e-02,-6.00e-01,
24100,8.40e-02,-6.00e-01,
24101,8.40e-02,-6.00e-01,
24102,8.40e-02,-4.00e-01,
24103,8.80e-02,-4.00e-01,
24104,8.40e-02,-6.00e-01,
24105,8.80e-02,-6.00e-01,
24106,8.40e-02,-4.00e-01,
24107,8.80e-02,-4.00e-01,
24108,8.40e-02,-6.00e-01,
24109,8.80e-02,-6.00e-01,
24110,8.40e-02,-4.00e-01,
24111,8.80e-02,-6.00e-01,
24112,8.80e-02,-6.00e-01,
24113,8.80e-02,-6.00e-01,
24114,8.40e-02,-6.00e-01,
24115,8.80e-02,-4.00e-01,
24116,8.80e-02,-8.00e-01,
24117,8.40e-02,-4.00e-01,
24118,8.80e-02,-4.00e-01,
24119,8.80e-02,-6.00e-01,
24120,8.80e-02,-6.00e-01,
24121,8.80e-02,-6.00e-01,
24122,8.40e-02,-4.00e-01,
24123,9.20e-02,-6.00e-01,
24124,8.80e-02,-6.00e-01,
24125,8.80e-02,-4.00e-01,
24126,8.80e-02,-4.00e-01,
24127,9.20e-02,-4.00e-01,
24128,8.80e-02,-6.00e-01,
24129,8.80e-02,-6.00e-01,
24130,8.40e-02,-6.00e-01,
24131,9.20e-02,-6.00e-01,
24132,8.80e-02,-6.00e-01,
24133,8.80e-02,-6.00e-01,
24134,8.80e-02,-4.00e-01,
24135,8.80e-02,-4.00e-01,
24136,8.80e-02,-6.00e-01,
24137,8.80e-02,-4.00e-01,
24138,8.40e-02,-4.00e-01,
24139,9.20e-02,-4.00e-01,
24140,9.20e-02,-6.00e-01,
24141,8.80e-02,-6.00e-01,
24142,8.80e-02,-4.00e-01,
24143,9.20e-02,-4.00e-01,
24144,8.80e-02,-6.00e-01,
24145,9.20e-02,-4.00e-01,
24146,8.40e-02,-4.00e-01,
24147,9.20e-02,-4.00e-01,
24148,9.20e-02,-6.00e-01,
24149,8.80e-02,-6.00e-01,
24150,8.80e-02,-6.00e-01,
24151,9.20e-02,-6.00e-01,
24152,8.80e-02,-6.00e-01,
24153,9.20e-02,-6.00e-01,
24154,8.80e-02,-4.00e-01,
24155,9.20e-02,-6.00e-01,
24156,9.20e-02,-6.00e-01,
24157,9.20e-02,-6.00e-01,
24158,8.80e-02,-4.00e-01,
24159,9.20e-02,-6.00e-01,
24160,8.80e-02,-6.00e-01,
24161,9.20e-02,-6.00e-01,
24162,8.80e-02,-4.00e-01,
24163,9.20e-02,-4.00e-01,
24164,9.20e-02,-6.00e-01,
24165,9.20e-02,-4.00e-01,
24166,8.80e-02,-4.00e-01,
24167,9.20e-02,-4.00e-01,
24168,9.20e-02,-6.00e-01,
24169,9.20e-02,-6.00e-01,
24170,8.80e-02,-4.00e-01,
24171,9.60e-02,-6.00e-01,
24172,9.20e-02,-4.00e-01,
24173,9.20e-02,-6.00e-01,
24174,9.20e-02,-4.00e-01,
24175,9.60e-02,-6.00e-01,
24176,9.20e-02,-6.00e-01,
24177,9.20e-02,-6.00e-01,
24178,8.80e-02,-4.00e-01,
24179,9.60e-02,-4.00e-01,
24180,9.20e-02,-6.00e-01,
24181,9.20e-02,-4.00e-01,
24182,9.20e-02,-4.00e-01,
24183,9.60e-02,-6.00e-01,
24184,9.20e-02,-6.00e-01,
24185,9.60e-02,-6.00e-01,
24186,8.80e-02,-4.00e-01,
24187,9.60e-02,-6.00e-01,
24188,9.20e-02,-6.00e-01,
24189,9.20e-02,-4.00e-01,
24190,9.20e-02,-4.00e-01,
24191,9.20e-02,-4.00e-01,
24192,9.20e-02,-6.00e-01,
24193,9.60e-02,-6.00e-01,
24194,8.80e-02,-4.00e-01,
24195,9.60e-02,-6.00e-01,
24196,9.60e-02,-6.00e-01,
24197,9.60e-02,-4.00e-01,
24198,9.20e-02,-4.00e-01,
24199,9.60e-02,-4.00e-01,
24200,9.60e-02,-6.00e-01,
24201,9.60e-02,-6.00e-01,
24202,9.20e-02,-4.00e-01,
24203,9.60e-02,-6.00e-01,
24204,9.60e-02,-6.00e-01,
24205,9.60e-02,-6.00e-01,
24206,9.20e-02,-6.00e-01,
24207,9.60e-02,-4.00e-01,
24208,9.60e-02,-6.00e-01,
24209,9.60e-02,-6.00e-01,
24210,9.20e-02,-4.00e-01,
24211,9.60e-02,-6.00e-01,
24212,9.60e-02,-6.00e-01,
24213,9.60e-02,-6.00e-01,
24214,9.20e-02,-4.00e-01,
24215,1.00e-01,-4.00e-01,
24216,9.60e-02,-6.00e-01,
24217,1.00e-01,-6.00e-01,
24218,9.20e-02,-4.00e-01,
24219,1.00e-01,-6.00e-01,
24220,9.60e-02,-6.00e-01,
24221,9.60e-02,-6.00e-01,
24222,9.60e-02,-4.00e-01,
24223,1.00e-01,-4.00e-01,
24224,9.60e-02,-6.00e-01,
24225,1.00e-01,-6.00e-01,
24226,9.60e-02,-4.00e-01,
24227,1.00e-01,-6.00e-01,
24228,9.60e-02,-6.00e-01,
24229,9.60e-02,-4.00e-01,
24230,9.60e-02,-4.00e-01,
24231,1.00e-01,-4.00e-01,
24232,9.60e-02,-4.00e-01,
24233,1.00e-01,-4.00e-01,
24234,9.60e-02,-4.00e-01,
24235,1.00e-01,-6.00e-01,
24236,1.00e-01,-4.00e-01,
24237,9.60e-02,-6.00e-01,
24238,9.60e-02,-4.00e-01,
24239,1.00e-01,-6.00e-01,
24240,1.00e-01,-6.00e-01,
24241,1.00e-01,-4.00e-01,
24242,9.60e-02,-4.00e-01,
24243,1.00e-01,-4.00e-01,
24244,1.00e-01,-6.00e-01,
24245,1.00e-01,-6.00e-01,
24246,9.60e-02,-4.00e-01,
24247,1.04e-01,-4.00e-01,
24248,1.00e-01,-6.00e-01,
24249,1.00e-01,-6.00e-01,
24250,9.60e-02,-4.00e-01,
24251,1.00e-01,-4.00e-01,
24252,1.00e-01,-6.00e-01,
24253,1.00e-01,-6.00e-01,
24254,9.60e-02,-4.00e-01,
24255,1.04e-01,-4.00e-01,
24256,1.00e-01,-6.00e-01,
24257,1.00e-01,-4.00e-01,
24258,9.60e-02,-4.00e-01,
24259,1.00e-01,-4.00e-01,
24260,1.00e-01,-4.00e-01,
24261,1.00e-01,-4.00e-01,
24262,1.00e-01,-4.00e-01,
24263,1.04e-01,-4.00e-01,
24264,1.00e-01,-6.00e-01,
24265,1.04e-01,-6.00e-01,
24266,9.60e-02,-4.00e-01,
24267,1.04e-01,-4.00e-01,
24268,1.00e-01,-6.00e-01,
24269,1.00e-01,-4.00e-01,
24270,1.00e-01,-4.00e-01,
24271,1.04e-01,-4.00e-01,
24272,1.00e-01,-6.00e-01,
24273,1.04e-01,-6.00e-01,
24274,1.00e-01,-4.00e-01,
24275,1.04e-01,-6.00e-01,
24276,1.00e-01,-6.00e-01,
24277,1.00e-01,-4.00e-01,
24278,1.00e-01,-4.00e-01,
24279,1.04e-01,-4.00e-01,
24280,1.04e-01,-6.00e-01,
24281,1.00e-01,-4.00e-01,
24282,1.00e-01,-4.00e-01,
24283,1.04e-01,-4.00e-01,
24284,1.04e-01,-6.00e-01,
24285,1.04e-01,-6.00e-01,
24286,1.00e-01,-4.00e-01,
24287,1.04e-01,-4.00e-01,
24288,1.04e-01,-6.00e-01,
24289,1.04e-01,-4.00e-01,
24290,1.00e-01,-4.00e-01,
24291,1.04e-01,-4.00e-01,
24292,1.00e-01,-6.00e-01,
24293,1.04e-01,-4.00e-01,
24294,1.00e-01,-4.00e-01,
24295,1.08e-01,-6.00e-01,
24296,1.04e-01,-6.00e-01,
24297,1.04e-01,-4.00e-01,
24298,1.00e-01,-4.00e-01,
24299,1.04e-01,-4.00e-01,
24300,1.04e-01,-6.00e-01,
24301,1.04e-01,-4.00e-01,
24302,1.00e-01,-4.00e-01,
24303,1.08e-01,-4.00e-01,
24304,1.04e-01,-4.00e-01,
24305,1.08e-01,-4.00e-01,
24306,1.00e-01,-4.00e-01,
24307,1.04e-01,-4.00e-01,
24308,1.08e-01,-6.00e-01,
24309,1.04e-01,-4.00e-01,
24310,1.04e-01,-4.00e-01,
24311,1.08e-01,-6.00e-01,
24312,1.04e-01,-6.00e-01,
24313,1.04e-01,-4.00e-01,
24314,1.04e-01,-4.00e-01,
24315,1.08e-01,-4.00e-01,
24316,1.08e-01,-8.00e-01,
24317,1.04e-01,-4.00e-01,
24318,1.04e-01,-4.00e-01,
24319,1.08e-01,-4.00e-01,
24320,1.04e-01,-6.00e-01,
24321,1.04e-01,-6.00e-01,
24322,1.04e-01,-4.00e-01,
24323,1.08e-01,-6.00e-01,
24324,1.04e-01,-4.00e-01,
24325,1.08e-01,-4.00e-01,
24326,1.04e-01,-4.00e-01,
24327,1.08e-01,-6.00e-01,
24328,1.04e-01,-6.00e-01,
24329,1.08e-01,-4.00e-01,
24330,1.04e-01,-4.00e-01,
24331,1.08e-01,-4.00e-01,
24332,1.08e-01,-6.00e-01,
24333,1.08e-01,-4.00e-01,
24334,1.04e-01,-2.00e-01,
24335,1.12e-01,-6.00e-01,
24336,1.08e-01,-6.00e-01,
24337,1.08e-01,-4.00e-01,
24338,1.04e-01,-4.00e-01,
24339,1.08e-01,-4.00e-01,
24340,1.08e-01,-6.00e-01,
24341,1.08e-01,-6.00e-01,
24342,1.04e-01,-4.00e-01,
24343,1.08e-01,-4.00e-01,
24344,1.08e-01,-6.00e-01,
24345,1.08e-01,-6.00e-01,
24346,1.04e-01,-4.00e-01,
24347,1.12e-01,-4.00e-01,
24348,1.08e-01,-6.00e-01,
24349,1.08e-01,-4.00e-01,
24350,1.08e-01,-4.00e-01,
24351,1.12e-01,-4.00e-01,
24352,1.08e-01,-6.00e-01,
24353,1.08e-01,-4.00e-01,
24354,1.08e-01,-4.00e-01,
24355,1.12e-01,-6.00e-01,
24356,1.08e-01,-6.00e-01,
24357,1.12e-01,-4.00e-01,
24358,1.08e-01,-4.00e-01,
24359,1.12e-01,-4.00e-01,
24360,1.12e-01,-6.00e-01,
24361,1.08e-01,-6.00e-01,
24362,1.08e-01,-2.00e-01,
24363,1.12e-01,-6.00e-01,
24364,1.08e-01,-6.00e-01,
24365,1.12e-01,-6.00e-01,
24366,1.08e-01,-4.00e-01,
24367,1.12e-01,-4.00e-01,
24368,1.08e-01,-4.00e-01,
24369,1.08e-01,-6.00e-01,
24370,1.08e-01,-4.00e-01,
24371,1.12e-01,-4.00e-01,
24372,1.08e-01,-4.00e-01,
24373,1.12e-01,-6.00e-01,
24374,1.08e-01,-4.00e-01,
24375,1.12e-01,-6.00e-01,
24376,1.12e-01,-6.00e-01,
24377,1.12e-01,-4.00e-01,
24378,1.08e-01,-4.00e-01,
24379,1.12e-01,-4.00e-01,
24380,1.08e-01,-6.00e-01,
24381,1.12e-01,-4.00e-01,
24382,1.12e-01,-4.00e-01,
24383,1.12e-01,-4.00e-01,
24384,1.12e-01,-6.00e-01,
24385,1.12e-01,-6.00e-01,
24386,1.08e-01,-4.00e-01,
24387,1.16e-01,-6.00e-01,
24388,1.12e-01,-6.00e-01,
24389,1.12e-01,-4.00e-01,
24390,1.12e-01,-4.00e-01,
24391,1.16e-01,-4.00e-01,
24392,1.12e-01,-6.00e-01,
24393,1.16e-01,-4.00e-01,
24394,1.12e-01,-4.00e-01,
24395,1.16e-01,-4.00e-01,
24396,1.12e-01,-6.00e-01,
24397,1.12e-01,-6.00e-01,
24398,1.12e-01,-4.00e-01,
24399,1.16e-01,-4.00e-01,
24400,1.12e-01,-6.00e-01,
24401,1.16e-01,-4.00e-01,
24402,1.08e-01,-4.00e-01,
24403,1.16e-01,-6.00e-01,
24404,1.12e-01,-6.00e-01,
24405,1.16e-01,-4.00e-01,
24406,1.12e-01,-4.00e-01,
24407,1.16e-01,-4.00e-01,
24408,1.12e-01,-6.00e-01,
24409,1.16e-01,-4.00e-01,
24410,1.12e-01,-4.00e-01,
24411,1.16e-01,-6.00e-01,
24412,1.12e-01,-4.00e-01,
24413,1.16e-01,-4.00e-01,
24414,1.12e-01,-4.00e-01,
24415,1.16e-01,-4.00e-01,
24416,1.12e-01,-4.00e-01,
24417,1.16e-01,-6.00e-01,
24418,1.12e-01,-4.00e-01,
24419,1.16e-01,-4.00e-01,
24420,1.12e-01,-6.00e-01,
24421,1.16e-01,-6.00e-01,
24422,1.12e-01,-4.00e-01,
24423,1.16e-01,-4.00e-01,
24424,1.16e-01,-6.00e-01,
24425,1.16e-01,-4.00e-01,
24426,1.16e-01,-4.00e-01,
24427,1.20e-01,-4.00e-01,
24428,1.16e-01,-6.00e-01,
24429,1.16e-01,-4.00e-01,
24430,1.12e-01,-4.00e-01,
24431,1.16e-01,-4.00e-01,
24432,1.16e-01,-6.00e-01,
24433,1.16e-01,-4.00e-01,
24434,1.16e-01,-4.00e-01,
24435,1.20e-01,-4.00e-01,
24436,1.16e-01,-6.00e-01,
24437,1.16e-01,-4.00e-01,
24438,1.16e-01,-4.00e-01,
24439,1.20e-01,-6.00e-01,
24440,1.16e-01,-4.00e-01,
24441,1.16e-01,-6.00e-01,
24442,1.16e-01,-4.00e-01,
24443,1.20e-01,-6.00e-01,
24444,1.16e-01,-6.00e-01,
24445,1.16e-01,-4.00e-01,
24446,1.16e-01,-4.00e-01,
24447,1.20e-01,-4.00e-01,
24448,1.16e-01,-6.00e-01,
24449,1.16e-01,-4.00e-01,
24450,1.16e-01,-4.00e-01,
24451,1.20e-01,-4.00e-01,
24452,1.16e-01,-4.00e-01,
24453,1.20e-01,-4.00e-01,
24454,1.16e-01,-4.00e-01,
24455,1.20e-01,-4.00e-01,
24456,1.20e-01,-4.00e-01,
24457,1.20e-01,-4.00e-01,
24458,1.16e-01,-4.00e-01,
24459,1.20e-01,-4.00e-01,
24460,1.20e-01,-6.00e-01,
24461,1.20e-01,-4.00e-01,
24462,1.16e-01,-4.00e-01,
24463,1.20e-01,-4.00e-01,
24464,1.20e-01,-6.00e-01,
24465,1.20e-01,-6.00e-01,
24466,1.16e-01,-4.00e-01,
24467,1.20e-01,-4.00e-01,
24468,1.20e-01,-4.00e-01,
24469,1.20e-01,-4.00e-01,
24470,1.20e-01,-4.00e-01,
24471,1.20e-01,-4.00e-01,
24472,1.20e-01,-4.00e-01,
24473,1.20e-01,-4.00e-01,
24474,1.20e-01,-4.00e-01,
24475,1.24e-01,-4.00e-01,
24476,1.20e-01,-6.00e-01,
24477,1.20e-01,-6.00e-01,
24478,1.20e-01,-4.00e-01,
24479,1.24e-01,-4.00e-01,
24480,1.20e-01,-6.00e-01,
24481,1.24e-01,-4.00e-01,
24482,1.20e-01,-4.00e-01,
24483,1.20e-01,-4.00e-01,
24484,1.20e-01,-6.00e-01,
24485,1.24e-01,-4.00e-01,
24486,1.20e-01,-4.00e-01,
24487,1.24e-01,-4.00e-01,
24488,1.20e-01,-4.00e-01,
24489,1.20e-01,-4.00e-01,
24490,1.16e-01,-4.00e-01,
24491,1.24e-01,-6.00e-01,
24492,1.20e-01,-4.00e-01,
24493,1.24e-01,-4.00e-01,
24494,1.20e-01,-4.00e-01,
24495,1.24e-01,-4.00e-01,
24496,1.24e-01,-4.00e-01,
24497,1.24e-01,-4.00e-01,
24498,1.20e-01,-4.00e-01,
24499,1.24e-01,-4.00e-01,
24500,1.24e-01,-4.00e-01,
24501,1.20e-01,-4.00e-01,
24502,1.20e-01,-4.00e-01,
24503,1.24e-01,-4.00e-01,
24504,1.24e-01,-4.00e-01,
24505,1.24e-01,-4.00e-01,
24506,1.20e-01,-4.00e-01,
24507,1.24e-01,-4.00e-01,
24508,1.24e-01,-6.00e-01,
24509,1.24e-01,-4.00e-01,
24510,1.24e-01,-4.00e-01,
24511,1.24e-01,-4.00e-01,
24512,1.24e-01,-4.00e-01,
24513,1.24e-01,-4.00e-01,
24514,1.24e-01,-4.00e-01,
24515,1.24e-01,-2.00e-01,
24516,1.24e-01,-6.00e-01,
24517,1.24e-01,-4.00e-01,
24518,1.24e-01,-4.00e-01,
24519,1.28e-01,-4.00e-01,
24520,1.24e-01,-4.00e-01,
24521,1.24e-01,-6.00e-01,
24522,1.24e-01,-2.00e-01,
24523,1.28e-01,-4.00e-01,
24524,1.24e-01,-6.00e-01,
24525,1.24e-01,-4.00e-01,
24526,1.24e-01,-4.00e-01,
24527,1.28e-01,-4.00e-01,
24528,1.24e-01,-4.00e-01,
24529,1.28e-01,-4.00e-01,
24530,1.24e-01,-4.00e-01,
24531,1.28e-01,-4.00e-01,
24532,1.24e-01,-4.00e-01,
24533,1.28e-01,-4.00e-01,
24534,1.24e-01,-4.00e-01,
24535,1.28e-01,-4.00e-01,
24536,1.24e-01,-4.00e-01,
24537,1.28e-01,-4.00e-01,
24538,1.24e-01,-4.00e-01,
24539,1.28e-01,-4.00e-01,
24540,1.28e-01,-6.00e-01,
24541,1.24e-01,-4.00e-01,
24542,1.24e-01,-4.00e-01,
24543,1.28e-01,-4.00e-01,
24544,1.28e-01,-6.00e-01,
24545,1.28e-01,-4.00e-01,
24546,1.24e-01,-4.00e-01,
24547,1.28e-01,-4.00e-01,
24548,1.24e-01,-6.00e-01,
24549,1.28e-01,-4.00e-01,
24550,1.24e-01,-4.00e-01,
24551,1.28e-01,-6.00e-01,
24552,1.28e-01,-6.00e-01,
24553,1.28e-01,-4.00e-01,
24554,1.24e-01,-4.00e-01,
24555,1.32e-01,-4.00e-01,
24556,1.28e-01,-4.00e-01,
24557,1.28e-01,-4.00e-01,
24558,1.24e-01,-4.00e-01,
24559,1.28e-01,-4.00e-01,
24560,1.28e-01,-6.00e-01,
24561,1.28e-01,-6.00e-01,
24562,1.28e-01,-4.00e-01,
24563,1.32e-01,-4.00e-01,
24564,1.28e-01,-4.00e-01,
24565,1.28e-01,-4.00e-01,
24566,1.24e-01,-4.00e-01,
24567,1.32e-01,-4.00e-01,
24568,1.28e-01,-6.00e-01,
24569,1.28e-01,-4.00e-01,
24570,1.28e-01,-4.00e-01,
24571,1.28e-01,-4.00e-01,
24572,1.28e-01,-4.00e-01,
24573,1.28e-01,-4.00e-01,
24574,1.28e-01,-4.00e-01,
24575,1.32e-01,-4.00e-01,
24576,1.32e-01,-4.00e-01,
24577,1.32e-01,-4.00e-01,
24578,1.28e-01,-4.00e-01,
24579,1.32e-01,-4.00e-01,
24580,1.28e-01,-6.00e-01,
24581,1.28e-01,-4.00e-01,
24582,1.28e-01,-4.00e-01,
24583,1.32e-01,-4.00e-01,
24584,1.28e-01,-6.00e-01,
24585,1.32e-01,-4.00e-01,
24586,1.28e-01,-4.00e-01,
24587,1.32e-01,-4.00e-01,
24588,1.32e-01,-6.00e-01,
24589,1.32e-01,-4.00e-01,
24590,1.28e-01,-4.00e-01,
24591,1.32e-01,-4.00e-01,
24592,1.32e-01,-6.00e-01,
24593,1.32e-01,-4.00e-01,
24594,1.28e-01,-4.00e-01,
24595,1.32e-01,-4.00e-01,
24596,1.32e-01,-6.00e-01,
24597,1.32e-01,-4.00e-01,
24598,1.32e-01,-4.00e-01,
24599,1.32e-01,-4.00e-01,
24600,1.32e-01,-4.00e-01,
24601,1.32e-01,-4.00e-01,
24602,1.28e-01,-4.00e-01,
24603,1.36e-01,-4.00e-01,
24604,1.32e-01,-4.00e-01,
24605,1.32e-01,-4.00e-01,
24606,1.28e-01,-4.00e-01,
24607,1.36e-01,-4.00e-01,
24608,1.32e-01,-4.00e-01,
24609,1.32e-01,-4.00e-01,
24610,1.32e-01,-4.00e-01,
24611,1.36e-01,-4.00e-01,
24612,1.32e-01,-4.00e-01,
24613,1.36e-01,-4.00e-01,
24614,1.28e-01,-4.00e-01,
24615,1.24e-01,-4.00e-01,
24616,1.08e-01,-6.00e-01,
24617,8.40e-02,-6.00e-01,
24618,6.00e-02,-6.00e-01,
24619,4.80e-02,-6.00e-01,
24620,4.00e-02,-8.00e-01,
24621,4.40e-02,-6.00e-01,
24622,5.20e-02,-6.00e-01,
24623,7.60e-02,-6.00e-01,
24624,8.80e-02,-6.00e-01,
24625,1.00e-01,-4.00e-01,
24626,1.04e-01,-4.00e-01,
24627,1.12e-01,-4.00e-01,
24628,1.08e-01,-6.00e-01,
24629,1.12e-01,-4.00e-01,
24630,1.12e-01,-4.00e-01,
24631,1.16e-01,-4.00e-01,
24632,1.16e-01,-4.00e-01,
24633,1.16e-01,-4.00e-01,
24634,1.16e-01,-4.00e-01,
24635,1.16e-01,-4.00e-01,
24636,1.12e-01,-6.00e-01,
24637,1.16e-01,-4.00e-01,
24638,1.12e-01,-4.00e-01,
24639,1.16e-01,-4.00e-01,
24640,1.16e-01,-4.00e-01,
24641,1.20e-01,-6.00e-01,
24642,1.16e-01,-4.00e-01,
24643,1.24e-01,-4.00e-01,
24644,1.20e-01,-4.00e-01,
24645,1.24e-01,-4.00e-01,
24646,1.20e-01,-4.00e-01,
24647,1.24e-01,-4.00e-01,
24648,1.20e-01,-6.00e-01,
24649,1.24e-01,-4.00e-01,
24650,1.20e-01,-4.00e-01,
24651,1.24e-01,-4.00e-01,
24652,1.20e-01,-4.00e-01,
24653,1.20e-01,-6.00e-01,
24654,1.20e-01,-4.00e-01,
24655,1.24e-01,-4.00e-01,
24656,1.24e-01,-6.00e-01,
24657,1.24e-01,-4.00e-01,
24658,1.24e-01,-2.00e-01,
24659,1.28e-01,-4.00e-01,
24660,1.24e-01,-6.00e-01,
24661,1.28e-01,-4.00e-01,
24662,1.24e-01,-4.00e-01,
24663,1.32e-01,-4.00e-01,
24664,1.28e-01,-4.00e-01,
24665,1.28e-01,-4.00e-01,
24666,1.20e-01,-4.00e-01,
24667,1.28e-01,-2.00e-01,
24668,1.24e-01,-6.00e-01,
24669,1.28e-01,-4.00e-01,
24670,1.24e-01,-4.00e-01,
24671,1.32e-01,-4.00e-01,
24672,1.28e-01,-4.00e-01,
24673,1.28e-01,-4.00e-01,
24674,1.28e-01,-4.00e-01,
24675,1.32e-01,-4.00e-01,
24676,1.28e-01,-4.00e-01,
24677,1.32e-01,-4.00e-01,
24678,1.32e-01,-4.00e-01,
24679,1.32e-01,-4.00e-01,
24680,1.28e-01,-4.00e-01,
24681,1.32e-01,-4.00e-01,
24682,1.28e-01,-2.00e-01,
24683,1.32e-01,-6.00e-01,
24684,1.28e-01,-4.00e-01,
24685,1.32e-01,-6.00e-01,
24686,1.28e-01,-4.00e-01,
24687,1.36e-01,-4.00e-01,
24688,1.32e-01,-4.00e-01,
24689,1.32e-01,-4.00e-01,
24690,1.28e-01,-4.00e-01,
24691,1.36e-01,-4.00e-01,
24692,1.32e-01,-6.00e-01,
24693,1.32e-01,-4.00e-01,
24694,1.28e-01,-4.00e-01,
24695,1.36e-01,-4.00e-01,
24696,1.32e-01,-4.00e-01,
24697,1.32e-01,-4.00e-01,
24698,1.28e-01,-4.00e-01,
24699,1.32e-01,-4.00e-01,
24700,1.32e-01,-4.00e-01,
24701,1.32e-01,-4.00e-01,
24702,1.32e-01,-4.00e-01,
24703,1.36e-01,-4.00e-01,
24704,1.36e-01,-4.00e-01,
24705,1.36e-01,-4.00e-01,
24706,1.32e-01,-4.00e-01,
24707,1.36e-01,-4.00e-01,
24708,1.36e-01,-4.00e-01,
24709,1.36e-01,-4.00e-01,
24710,1.32e-01,-4.00e-01,
24711,1.36e-01,-4.00e-01,
24712,1.36e-01,-6.00e-01,
24713,1.36e-01,-4.00e-01,
24714,1.32e-01,-4.00e-01,
24715,1.36e-01,-2.00e-01,
24716,1.36e-01,-6.00e-01,
24717,1.36e-01,-4.00e-01,
24718,1.36e-01,-2.00e-01,
24719,1.40e-01,-4.00e-01,
24720,1.36e-01,-4.00e-01,
24721,1.40e-01,-4.00e-01,
24722,1.36e-01,-4.00e-01,
24723,1.48e-01,-4.00e-01,
24724,1.36e-01,-4.00e-01,
24725,1.36e-01,-4.00e-01,
24726,1.36e-01,-2.00e-01,
24727,1.40e-01,-4.00e-01,
24728,1.36e-01,-4.00e-01,
24729,1.36e-01,-4.00e-01,
24730,1.32e-01,-2.00e-01,
24731,1.40e-01,-2.00e-01,
24732,1.36e-01,-2.00e-01,
24733,1.36e-01,-2.00e-01,
24734,1.32e-01,-2.66e-05,
24735,1.40e-01,-2.66e-05,
24736,1.36e-01,-2.66e-05,
24737,1.36e-01,2.00e-01,
24738,1.32e-01,4.00e-01,
24739,1.40e-01,4.00e-01,
24740,1.32e-01,4.00e-01,
24741,1.36e-01,8.00e-01,
24742,1.36e-01,8.00e-01,
24743,1.40e-01,1.00e+00,
24744,1.36e-01,1.00e+00,
24745,1.36e-01,1.20e+00,
24746,1.32e-01,1.40e+00,
24747,1.40e-01,1.40e+00,
24748,1.36e-01,1.40e+00,
24749,1.40e-01,1.60e+00,
24750,1.36e-01,1.80e+00,
24751,1.40e-01,1.80e+00,
24752,1.36e-01,1.80e+00,
24753,1.40e-01,2.00e+00,
24754,1.32e-01,2.20e+00,
24755,1.40e-01,2.20e+00,
24756,1.36e-01,2.40e+00,
24757,1.36e-01,2.40e+00,
24758,1.36e-01,2.60e+00,
24759,1.40e-01,2.80e+00,
24760,1.40e-01,2.80e+00,
24761,1.36e-01,2.80e+00,
24762,1.36e-01,3.20e+00,
24763,1.40e-01,3.20e+00,
24764,1.36e-01,3.20e+00,
24765,1.36e-01,3.40e+00,
24766,1.36e-01,3.80e+00,
24767,1.40e-01,3.80e+00,
24768,1.40e-01,3.80e+00,
24769,1.36e-01,4.00e+00,
24770,1.32e-01,4.40e+00,
24771,1.40e-01,4.40e+00,
24772,1.36e-01,4.60e+00,
24773,1.36e-01,4.80e+00,
24774,1.36e-01,5.00e+00,
24775,1.40e-01,5.20e+00,
24776,1.36e-01,5.20e+00,
24777,1.40e-01,5.40e+00,
24778,1.32e-01,5.60e+00,
24779,1.40e-01,6.00e+00,
24780,1.36e-01,6.00e+00,
24781,1.36e-01,6.40e+00,
24782,1.32e-01,6.80e+00,
24783,1.36e-01,7.00e+00,
24784,1.32e-01,7.40e+00,
24785,1.28e-01,8.40e+00,
24786,1.24e-01,8.80e+00,
24787,1.28e-01,9.60e+00,
24788,1.24e-01,1.02e+01,
24789,1.20e-01,1.10e+01,
24790,1.16e-01,1.22e+01,
24791,1.20e-01,1.34e+01,
24792,1.16e-01,1.48e+01,
24793,1.08e-01,1.64e+01,
24794,1.00e-01,1.82e+01,
24795,1.00e-01,2.04e+01,
24796,8.80e-02,2.28e+01,
24797,7.60e-02,2.54e+01,
24798,6.40e-02,2.84e+01,
24799,5.20e-02,3.20e+01,
24800,2.80e-02,3.54e+01,
24801,0.00e+00,3.90e+01,
24802,-4.00e-02,-8.40e+00,
24803,-7.60e-02,-7.80e+00,
24804,-1.12e-01,-7.80e+00,
24805,-1.52e-01,-7.80e+00,
24806,-1.92e-01,-7.80e+00,
24807,-2.32e-01,-7.80e+00,
24808,-2.64e-01,-7.80e+00,
24809,-3.00e-01,-7.80e+00,
24810,-3.32e-01,-7.80e+00,
24811,-3.60e-01,-7.80e+00,
24812,-3.84e-01,-7.80e+00,
24813,-4.08e-01,-7.80e+00,
24814,-4.16e-01,-7.80e+00,
24815,-4.32e-01,-7.80e+00,
24816,-4.24e-01,-7.80e+00,
24817,-4.16e-01,-7.80e+00,
24818,-3.96e-01,-7.80e+00,
24819,-3.80e-01,-7.80e+00,
24820,-3.52e-01,-7.80e+00,
24821,-3.24e-01,-7.80e+00,
24822,-2.88e-01,-7.80e+00,
24823,-2.52e-01,-8.40e+00,
24824,-2.12e-01,3.66e+01,
24825,-1.72e-01,3.14e+01,
24826,-1.36e-01,2.64e+01,
24827,-1.00e-01,2.20e+01,
24828,-6.00e-02,1.82e+01,
24829,-2.80e-02,1.50e+01,
24830,0.00e+00,1.26e+01,
24831,3.20e-02,1.06e+01,
24832,6.00e-02,8.60e+00,
24833,8.00e-02,7.20e+00,
24834,9.60e-02,6.20e+00,
24835,1.16e-01,5.20e+00,
24836,1.28e-01,4.40e+00,
24837,1.40e-01,3.60e+00,
24838,1.52e-01,3.20e+00,
24839,1.64e-01,2.80e+00,
24840,1.72e-01,2.40e+00,
24841,1.80e-01,2.40e+00,
24842,1.80e-01,2.40e+00,
24843,1.96e-01,2.20e+00,
24844,1.96e-01,2.20e+00,
24845,1.96e-01,2.40e+00,
24846,2.00e-01,2.80e+00,
24847,2.08e-01,3.00e+00,
24848,2.04e-01,3.40e+00,
24849,2.04e-01,4.00e+00,
24850,1.96e-01,4.80e+00,
24851,2.00e-01,5.80e+00,
24852,1.88e-01,6.60e+00,
24853,1.84e-01,8.00e+00,
24854,1.72e-01,9.60e+00,
24855,1.64e-01,1.12e+01,
24856,1.40e-01,1.32e+01,
24857,1.20e-01,1.58e+01,
24858,9.20e-02,1.86e+01,
24859,7.20e-02,2.20e+01,
24860,4.00e-02,2.56e+01,
24861,0.00e+00,2.96e+01,
24862,-3.20e-02,3.42e+01,
24863,-6.80e-02,3.92e+01,
24864,-1.08e-01,-7.80e+00,
24865,-1.44e-01,-7.80e+00,
24866,-1.80e-01,-7.80e+00,
24867,-2.16e-01,-7.80e+00,
24868,-2.44e-01,-7.80e+00,
24869,-2.68e-01,-7.80e+00,
24870,-2.84e-01,-7.80e+00,
24871,-3.08e-01,-7.80e+00,
24872,-3.12e-01,-7.80e+00,
24873,-3.16e-01,-7.80e+00,
24874,-3.12e-01,-7.80e+00,
24875,-3.04e-01,-7.80e+00,
24876,-2.80e-01,-7.80e+00,
24877,-2.68e-01,-7.80e+00,
24878,-2.40e-01,-7.80e+00,
24879,-2.16e-01,-9.80e+00,
24880,-1.88e-01,3.68e+01,
24881,-1.56e-01,3.24e+01,
24882,-1.24e-01,2.84e+01,
24883,-9.60e-02,2.48e+01,
24884,-6.40e-02,2.14e+01,
24885,-3.60e-02,1.84e+01,
24886,-1.20e-02,1.60e+01,
24887,1.60e-02,1.38e+01,
24888,4.00e-02,1.20e+01,
24889,6.00e-02,1.04e+01,
24890,7.60e-02,9.20e+00,
24891,9.20e-02,8.20e+00,
24892,1.08e-01,7.00e+00,
24893,1.20e-01,6.40e+00,
24894,1.28e-01,6.00e+00,
24895,1.48e-01,5.40e+00,
24896,1.48e-01,5.20e+00,
24897,1.60e-01,5.00e+00,
24898,1.60e-01,5.00e+00,
24899,1.72e-01,5.00e+00,
24900,1.72e-01,5.00e+00,
24901,1.72e-01,5.20e+00,
24902,1.72e-01,5.60e+00,
24903,1.80e-01,6.00e+00,
24904,1.76e-01,6.40e+00,
24905,1.72e-01,7.00e+00,
24906,1.64e-01,8.00e+00,
24907,1.64e-01,9.00e+00,
24908,1.56e-01,1.00e+01,
24909,1.40e-01,1.14e+01,
24910,1.28e-01,1.32e+01,
24911,1.20e-01,1.54e+01,
24912,1.00e-01,1.72e+01,
24913,8.00e-02,1.96e+01,
24914,5.60e-02,2.22e+01,
24915,3.20e-02,2.54e+01,
24916,4.00e-03,2.88e+01,
24917,-2.40e-02,3.20e+01,
24918,-5.20e-02,3.56e+01,
24919,-8.00e-02,3.94e+01,
24920,-1.12e-01,-8.80e+00,
24921,-1.36e-01,-7.80e+00,
24922,-1.64e-01,-7.80e+00,
24923,-1.88e-01,-7.80e+00,
24924,-2.08e-01,-7.80e+00,
24925,-2.24e-01,-7.80e+00,
24926,-2.36e-01,-7.80e+00,
24927,-2.48e-01,-7.80e+00,
24928,-2.48e-01,-7.80e+00,
24929,-2.44e-01,-7.80e+00,
24930,-2.40e-01,-7.80e+00,
24931,-2.32e-01,-7.80e+00,
24932,-2.16e-01,-7.80e+00,
24933,-2.00e-01,-9.00e+00,
24934,-1.76e-01,3.88e+01,
24935,-1.56e-01,3.58e+01,
24936,-1.36e-01,3.24e+01,
24937,-1.12e-01,2.90e+01,
24938,-8.80e-02,2.60e+01,
24939,-6.00e-02,2.36e+01,
24940,-4.00e-02,2.08e+01,
24941,-2.00e-02,1.82e+01,
24942,4.00e-03,1.66e+01,
24943,2.40e-02,1.48e+01,
24944,4.40e-02,1.34e+01,
24945,6.00e-02,1.20e+01,
24946,7.20e-02,1.10e+01,
24947,8.80e-02,1.02e+01,
24948,9.60e-02,9.20e+00,
24949,1.04e-01,8.80e+00,
24950,1.12e-01,8.40e+00,
24951,1.28e-01,8.20e+00,
24952,1.28e-01,7.60e+00,
24953,1.36e-01,7.60e+00,
24954,1.36e-01,7.60e+00,
24955,1.48e-01,7.60e+00,
24956,1.48e-01,8.20e+00,
24957,1.48e-01,8.40e+00,
24958,1.40e-01,9.00e+00,
24959,1.52e-01,9.60e+00,
24960,1.40e-01,1.02e+01,
24961,1.36e-01,1.10e+01,
24962,1.24e-01,1.22e+01,
24963,1.24e-01,1.34e+01,
24964,1.08e-01,1.46e+01,
24965,1.00e-01,1.64e+01,
24966,8.40e-02,1.80e+01,
24967,7.20e-02,2.02e+01,
24968,5.20e-02,2.22e+01,
24969,2.80e-02,2.46e+01,
24970,8.00e-03,2.74e+01,
24971,-1.20e-02,3.02e+01,
24972,-3.60e-02,3.26e+01,
24973,-5.60e-02,3.52e+01,
24974,-8.40e-02,3.78e+01,
24975,-1.00e-01,4.06e+01,
24976,-1.24e-01,-8.60e+00,
24977,-1.40e-01,-7.80e+00,
24978,-1.56e-01,-7.80e+00,
24979,-1.72e-01,-7.80e+00,
24980,-1.80e-01,-7.80e+00,
24981,-1.92e-01,-7.80e+00,
24982,-1.96e-01,-7.80e+00,
24983,-1.96e-01,-7.80e+00,
24984,-1.96e-01,-7.80e+00,
24985,-1.88e-01,-7.80e+00,
24986,-1.76e-01,-9.40e+00,
24987,-1.64e-01,4.00e+01,
24988,-1.52e-01,3.76e+01,
24989,-1.36e-01,3.48e+01,
24990,-1.16e-01,3.24e+01,
24991,-1.00e-01,3.02e+01,
24992,-8.40e-02,2.74e+01,
24993,-6.00e-02,2.50e+01,
24994,-4.40e-02,2.30e+01,
24995,-2.40e-02,2.10e+01,
24996,-8.00e-03,1.92e+01,
24997,8.00e-03,1.74e+01,
24998,2.40e-02,1.62e+01,
24999,4.40e-02,1.48e+01,
25000,5.20e-02,1.38e+01,
25001,6.40e-02,1.28e+01,
25002,7.20e-02,1.22e+01,
25003,8.80e-02,1.14e+01,
25004,9.20e-02,1.10e+01,
25005,1.00e-01,1.06e+01,
25006,1.04e-01,1.04e+01,
25007,1.12e-01,1.04e+01,
25008,1.12e-01,1.02e+01,
25009,1.20e-01,1.04e+01,
25010,1.20e-01,1.06e+01,
25011,1.20e-01,1.08e+01,
25012,1.20e-01,1.12e+01,
25013,1.16e-01,1.20e+01,
25014,1.12e-01,1.26e+01,
25015,1.12e-01,1.34e+01,
25016,1.04e-01,1.44e+01,
25017,9.60e-02,1.56e+01,
25018,8.40e-02,1.68e+01,
25019,8.00e-02,1.82e+01,
25020,6.40e-02,1.98e+01,
25021,5.20e-02,2.14e+01,
25022,3.20e-02,2.34e+01,
25023,2.00e-02,2.54e+01,
25024,0.00e+00,2.72e+01,
25025,-1.20e-02,2.94e+01,
25026,-3.20e-02,3.16e+01,
25027,-4.80e-02,3.38e+01,
25028,-6.80e-02,3.56e+01,
25029,-8.80e-02,3.74e+01,
25030,-1.04e-01,3.88e+01,
25031,-1.16e-01,4.06e+01,
25032,-1.28e-01,-9.60e+00,
25033,-1.36e-01,-9.00e+00,
25034,-1.44e-01,-8.60e+00,
25035,-1.52e-01,-8.20e+00,
25036,-1.52e-01,-8.80e+00,
25037,-1.56e-01,-9.40e+00,
25038,-1.52e-01,-1.02e+01,
25039,-1.48e-01,4.00e+01,
25040,-1.44e-01,3.84e+01,
25041,-1.32e-01,3.64e+01,
25042,-1.24e-01,3.46e+01,
25043,-1.12e-01,3.30e+01,
25044,-1.00e-01,3.08e+01,
25045,-8.40e-02,2.88e+01,
25046,-6.40e-02,2.70e+01,
25047,-4.80e-02,2.52e+01,
25048,-3.60e-02,2.34e+01,
25049,-2.40e-02,2.16e+01,
25050,-1.20e-02,2.02e+01,
25051,4.00e-03,1.90e+01,
25052,1.60e-02,1.76e+01,
25053,2.80e-02,1.64e+01,
25054,4.40e-02,1.58e+01,
25055,5.60e-02,1.48e+01,
25056,6.00e-02,1.40e+01,
25057,6.80e-02,1.36e+01,
25058,7.20e-02,1.32e+01,
25059,8.40e-02,1.30e+01,
25060,8.80e-02,1.28e+01,
25061,9.20e-02,1.26e+01,
25062,9.20e-02,1.26e+01,
25063,1.00e-01,1.30e+01,
25064,1.00e-01,1.30e+01,
25065,1.00e-01,1.32e+01,
25066,9.20e-02,1.38e+01,
25067,9.60e-02,1.44e+01,
25068,8.80e-02,1.50e+01,
25069,8.80e-02,1.58e+01,
25070,8.00e-02,1.68e+01,
25071,7.60e-02,1.78e+01,
25072,6.80e-02,1.90e+01,
25073,5.60e-02,2.02e+01,
25074,4.40e-02,2.14e+01,
25075,3.20e-02,2.32e+01,
25076,1.60e-02,2.46e+01,
25077,4.00e-03,2.60e+01,
25078,-8.00e-03,2.78e+01,
25079,-2.40e-02,2.96e+01,
25080,-3.60e-02,3.12e+01,
25081,-4.80e-02,3.24e+01,
25082,-6.40e-02,3.40e+01,
25083,-7.60e-02,3.56e+01,
25084,-8.80e-02,3.64e+01,
25085,-1.00e-01,3.74e+01,
25086,-1.08e-01,3.80e+01,
25087,-1.12e-01,3.88e+01,
25088,-1.20e-01,3.90e+01,
25089,-1.24e-01,3.86e+01,
25090,-1.24e-01,3.84e+01,
25091,-1.24e-01,3.82e+01,
25092,-1.24e-01,3.70e+01,
25093,-1.20e-01,3.60e+01,
25094,-1.12e-01,3.48e+01,
25095,-1.04e-01,3.40e+01,
25096,-9.60e-02,3.22e+01,
25097,-8.80e-02,3.06e+01,
25098,-8.00e-02,2.90e+01,
25099,-6.40e-02,2.78e+01,
25100,-5.20e-02,2.60e+01,
25101,-4.00e-02,2.46e+01,
25102,-2.80e-02,2.34e+01,
25103,-1.60e-02,2.20e+01,
25104,-4.00e-03,2.08e+01,
25105,8.00e-03,1.98e+01,
25106,1.60e-02,1.86e+01,
25107,2.80e-02,1.78e+01,
25108,3.20e-02,1.70e+01,
25109,4.40e-02,1.64e+01,
25110,5.20e-02,1.58e+01,
25111,6.00e-02,1.56e+01,
25112,6.40e-02,1.50e+01,
25113,7.20e-02,1.46e+01,
25114,6.80e-02,1.46e+01,
25115,7.60e-02,1.48e+01,
25116,8.00e-02,1.46e+01,
25117,8.00e-02,1.48e+01,
25118,7.60e-02,1.54e+01,
25119,8.00e-02,1.58e+01,
25120,7.60e-02,1.60e+01,
25121,7.60e-02,1.66e+01,
25122,6.80e-02,1.72e+01,
25123,6.80e-02,1.80e+01,
25124,6.00e-02,1.90e+01,
25125,5.60e-02,1.98e+01,
25126,4.40e-02,2.08e+01,
25127,4.00e-02,2.20e+01,
25128,2.40e-02,2.30e+01,
25129,1.60e-02,2.42e+01,
25130,4.00e-03,2.56e+01,
25131,-4.00e-03,2.70e+01,
25132,-1.60e-02,2.82e+01,
25133,-2.80e-02,2.92e+01,
25134,-3.60e-02,3.06e+01,
25135,-4.80e-02,3.22e+01,
25136,-5.60e-02,3.28e+01,
25137,-6.80e-02,3.38e+01,
25138,-8.00e-02,3.44e+01,
25139,-8.40e-02,3.54e+01,
25140,-9.20e-02,3.56e+01,
25141,-9.60e-02,3.56e+01,
25142,-1.00e-01,3.56e+01,
25143,-1.04e-01,3.58e+01,
25144,-1.00e-01,3.52e+01,
25145,-1.00e-01,3.46e+01,
25146,-1.00e-01,3.40e+01,
25147,-9.20e-02,3.32e+01,
25148,-8.80e-02,3.22e+01,
25149,-8.00e-02,3.10e+01,
25150,-7.60e-02,3.00e+01,
25151,-6.40e-02,2.88e+01,
25152,-5.60e-02,2.76e+01,
25153,-4.40e-02,2.64e+01,
25154,-4.00e-02,2.50e+01,
25155,-2.80e-02,2.42e+01,
25156,-1.60e-02,2.30e+01,
25157,-8.00e-03,2.18e+01,
25158,0.00e+00,2.10e+01,
25159,8.00e-03,2.02e+01,
25160,1.60e-02,1.94e+01,
25161,2.40e-02,1.86e+01,
25162,2.80e-02,1.80e+01,
25163,4.40e-02,1.76e+01,
25164,4.80e-02,1.72e+01,
25165,5.20e-02,1.68e+01,
25166,5.60e-02,1.66e+01,
25167,6.00e-02,1.66e+01,
25168,6.00e-02,1.64e+01,
25169,6.40e-02,1.66e+01,
25170,6.00e-02,1.68e+01,
25171,6.80e-02,1.70e+01,
25172,6.00e-02,1.70e+01,
25173,6.00e-02,1.74e+01,
25174,6.00e-02,1.78e+01,
25175,6.00e-02,1.86e+01,
25176,5.60e-02,1.92e+01,
25177,4.80e-02,1.98e+01,
25178,4.00e-02,2.06e+01,
25179,4.00e-02,2.16e+01,
25180,2.80e-02,2.22e+01,
25181,2.00e-02,2.34e+01,
25182,1.20e-02,2.42e+01,
25183,4.00e-03,2.54e+01,
25184,-4.00e-03,2.64e+01,
25185,-1.20e-02,2.74e+01,
25186,-2.40e-02,2.82e+01,
25187,-2.80e-02,2.94e+01,
25188,-4.00e-02,3.04e+01,
25189,-4.80e-02,3.10e+01,
25190,-5.20e-02,3.16e+01,
25191,-6.00e-02,3.26e+01,
25192,-6.40e-02,3.28e+01,
25193,-7.60e-02,3.30e+01,
25194,-8.00e-02,3.32e+01,
25195,-8.00e-02,3.34e+01,
25196,-8.00e-02,3.32e+01,
25197,-8.40e-02,3.30e+01,
25198,-8.00e-02,3.26e+01,
25199,-8.00e-02,3.22e+01,
25200,-7.60e-02,3.16e+01,
25201,-6.80e-02,3.08e+01,
25202,-6.80e-02,3.00e+01,
25203,-5.60e-02,2.92e+01,
25204,-5.20e-02,2.82e+01,
25205,-4.80e-02,2.72e+01,
25206,-4.00e-02,2.60e+01,
25207,-3.20e-02,2.54e+01,
25208,-2.40e-02,2.44e+01,
25209,-1.60e-02,2.36e+01,
25210,-1.20e-02,2.28e+01,
25211,0.00e+00,2.18e+01,
25212,4.00e-03,2.12e+01,
25213,8.00e-03,2.04e+01,
25214,1.60e-02,2.00e+01,
25215,2.40e-02,1.96e+01,
25216,2.40e-02,1.90e+01,
25217,3.20e-02,1.86e+01,
25218,3.20e-02,1.84e+01,
25219,4.40e-02,1.82e+01,
25220,4.80e-02,1.78e+01,
25221,4.80e-02,1.78e+01,
25222,4.80e-02,1.78e+01,
25223,5.60e-02,1.82e+01,
25224,5.20e-02,1.82e+01,
25225,5.20e-02,1.84e+01,
25226,4.80e-02,1.86e+01,
25227,4.80e-02,1.94e+01,
25228,4.40e-02,1.98e+01,
25229,4.00e-02,2.02e+01,
25230,3.20e-02,2.08e+01,
25231,3.20e-02,2.14e+01,
25232,2.80e-02,2.20e+01,
25233,2.00e-02,2.28e+01,
25234,1.20e-02,2.36e+01,
25235,1.20e-02,2.46e+01,
25236,0.00e+00,2.52e+01,
25237,-8.00e-03,2.58e+01,
25238,-1.20e-02,2.68e+01,
25239,-2.00e-02,2.78e+01,
25240,-2.80e-02,2.82e+01,
25241,-3.20e-02,2.88e+01,
25242,-4.00e-02,2.96e+01,
25243,-4.40e-02,3.04e+01,
25244,-5.20e-02,3.08e+01,
25245,-5.60e-02,3.10e+01,
25246,-5.60e-02,3.12e+01,
25247,-6.00e-02,3.18e+01,
25248,-6.40e-02,3.16e+01,
25249,-6.00e-02,3.14e+01,
25250,-6.80e-02,3.12e+01,
25251,-6.40e-02,3.12e+01,
25252,-6.40e-02,3.06e+01,
25253,-6.00e-02,3.02e+01,
25254,-5.60e-02,2.94e+01,
25255,-5.20e-02,2.90e+01,
25256,-5.20e-02,2.82e+01,
25257,-4.40e-02,2.76e+01,
25258,-4.40e-02,2.68e+01,
25259,-3.20e-02,2.64e+01,
25260,-2.80e-02,2.52e+01,
25261,-2.40e-02,2.44e+01,
25262,-1.60e-02,2.38e+01,
25263,-8.00e-03,2.34e+01,
25264,-8.00e-03,2.24e+01,
25265,0.00e+00,2.18e+01,
25266,4.00e-03,2.14e+01,
25267,1.20e-02,2.10e+01,
25268,1.60e-02,2.04e+01,
25269,2.00e-02,2.00e+01,
25270,2.40e-02,1.98e+01,
25271,2.80e-02,1.98e+01,
25272,2.80e-02,1.94e+01,
25273,3.20e-02,1.92e+01,
25274,3.20e-02,1.92e+01,
25275,4.40e-02,1.94e+01,
25276,4.00e-02,1.94e+01,
25277,4.00e-02,1.94e+01,
25278,4.00e-02,1.96e+01,
25279,4.00e-02,2.00e+01,
25280,3.20e-02,2.02e+01,
25281,3.20e-02,2.06e+01,
25282,2.40e-02,2.10e+01,
25283,2.80e-02,2.16e+01,
25284,2.00e-02,2.20e+01,
25285,1.60e-02,2.24e+01,
25286,1.20e-02,2.32e+01,
25287,1.20e-02,2.40e+01,
25288,4.00e-03,2.44e+01,
25289,0.00e+00,2.50e+01,
25290,-8.00e-03,2.56e+01,
25291,-1.20e-02,2.66e+01,
25292,-1.60e-02,2.70e+01,
25293,-2.40e-02,2.76e+01,
25294,-2.80e-02,2.80e+01,
25295,-3.20e-02,2.88e+01,
25296,-4.00e-02,2.90e+01,
25297,-4.00e-02,2.92e+01,
25298,-4.80e-02,2.96e+01,
25299,-4.80e-02,3.02e+01,
25300,-4.80e-02,3.02e+01,
25301,-5.20e-02,3.02e+01,
25302,-5.60e-02,3.00e+01,
25303,-5.20e-02,3.02e+01,
25304,-5.20e-02,2.94e+01,
25305,-5.20e-02,2.92e+01,
25306,-5.20e-02,2.88e+01,
25307,-4.80e-02,2.86e+01,
25308,-4.40e-02,2.80e+01,
25309,-4.40e-02,2.74e+01,
25310,-4.00e-02,2.70e+01,
25311,-3.20e-02,2.66e+01,
25312,-3.20e-02,2.58e+01,
25313,-2.40e-02,2.52e+01,
25314,-2.40e-02,2.46e+01,
25315,-1.60e-02,2.40e+01,
25316,-1.20e-02,2.36e+01,
25317,-8.00e-03,2.30e+01,
25318,-4.00e-03,2.24e+01,
25319,4.00e-03,2.22e+01,
25320,4.00e-03,2.16e+01,
25321,1.20e-02,2.12e+01,
25322,1.20e-02,2.10e+01,
25323,2.00e-02,2.08e+01,
25324,2.00e-02,2.06e+01,
25325,2.00e-02,2.02e+01,
25326,2.40e-02,2.04e+01,
25327,2.80e-02,2.04e+01,
25328,2.80e-02,2.02e+01,
25329,2.80e-02,2.02e+01,
25330,2.80e-02,2.04e+01,
25331,2.80e-02,2.06e+01,
25332,2.40e-02,2.08e+01,
25333,2.40e-02,2.10e+01,
25334,2.00e-02,2.12e+01,
25335,2.40e-02,2.18e+01,
25336,1.60e-02,2.20e+01,
25337,1.60e-02,2.24e+01,
25338,1.20e-02,2.30e+01,
25339,8.00e-03,2.36e+01,
25340,4.00e-03,2.42e+01,
25341,0.00e+00,2.46e+01,
25342,-4.00e-03,2.50e+01,
25343,-8.00e-03,2.56e+01,
25344,-1.20e-02,2.60e+01,
25345,-1.60e-02,2.64e+01,
25346,-2.00e-02,2.70e+01,
25347,-2.40e-02,2.76e+01,
25348,-2.80e-02,2.78e+01,
25349,-3.20e-02,2.80e+01,
25350,-3.60e-02,2.84e+01,
25351,-3.60e-02,2.88e+01,
25352,-4.00e-02,2.88e+01,
25353,-4.00e-02,2.88e+01,
25354,-4.40e-02,2.88e+01,
25355,-4.00e-02,2.90e+01,
25356,-4.40e-02,2.88e+01,
25357,-4.40e-02,2.84e+01,
25358,-4.40e-02,2.82e+01,
25359,-4.00e-02,2.82e+01,
25360,-4.00e-02,2.78e+01,
25361,-3.60e-02,2.74e+01,
25362,-3.60e-02,2.70e+01,
25363,-3.20e-02,2.66e+01,
25364,-2.80e-02,2.60e+01,
25365,-2.80e-02,2.54e+01,
25366,-2.40e-02,2.50e+01,
25367,-1.60e-02,2.48e+01,
25368,-1.60e-02,2.42e+01,
25369,-1.20e-02,2.36e+01,
25370,-8.00e-03,2.34e+01,
25371,0.00e+00,2.32e+01,
25372,0.00e+00,2.24e+01,
25373,4.00e-03,2.20e+01,
25374,4.00e-03,2.18e+01,
25375,1.20e-02,2.18e+01,
25376,1.20e-02,2.14e+01,
25377,1.60e-02,2.12e+01,
25378,1.60e-02,2.10e+01,
25379,2.00e-02,2.12e+01,
25380,2.00e-02,2.10e+01,
25381,2.00e-02,2.10e+01,
25382,1.60e-02,2.10e+01,
25383,2.40e-02,2.14e+01,
25384,2.00e-02,2.14e+01,
25385,2.00e-02,2.14e+01,
25386,1.60e-02,2.16e+01,
25387,2.00e-02,2.20e+01,
25388,1.60e-02,2.22e+01,
25389,1.60e-02,2.24e+01,
25390,8.00e-03,2.30e+01,
25391,8.00e-03,2.34e+01,
25392,4.00e-03,2.38e+01,
25393,0.00e+00,2.42e+01,
25394,-4.00e-03,2.46e+01,
25395,-4.00e-03,2.50e+01,
25396,-8.00e-03,2.54e+01,
25397,-1.20e-02,2.56e+01,
25398,-1.60e-02,2.60e+01,
25399,-1.60e-02,2.68e+01,
25400,-2.00e-02,2.70e+01,
25401,-2.40e-02,2.72e+01,
25402,-2.80e-02,2.74e+01,
25403,-2.80e-02,2.78e+01,
25404,-3.20e-02,2.78e+01,
25405,-3.20e-02,2.78e+01,
25406,-3.60e-02,2.80e+01,
25407,-3.60e-02,2.84e+01,
25408,-3.60e-02,2.80e+01,
25409,-3.60e-02,2.78e+01,
25410,-3.60e-02,2.78e+01,
25411,-3.60e-02,2.78e+01,
25412,-3.60e-02,2.74e+01,
25413,-3.20e-02,2.72e+01,
25414,-3.20e-02,2.68e+01,
25415,-2.80e-02,2.68e+01,
25416,-2.80e-02,2.60e+01,
25417,-2.40e-02,2.56e+01,
25418,-2.40e-02,2.52e+01,
25419,-2.00e-02,2.52e+01,
25420,-1.60e-02,2.46e+01,
25421,-1.60e-02,2.42e+01,
25422,-1.20e-02,2.38e+01,
25423,-8.00e-03,2.38e+01,
25424,-4.00e-03,2.32e+01,
25425,0.00e+00,2.30e+01,
25426,0.00e+00,2.28e+01,
25427,4.00e-03,2.24e+01,
25428,8.00e-03,2.22e+01,
25429,8.00e-03,2.18e+01,
25430,8.00e-03,2.18e+01,
25431,1.20e-02,2.18e+01,
25432,1.20e-02,2.16e+01,
25433,1.20e-02,2.16e+01,
25434,1.20e-02,2.16e+01,
25435,1.60e-02,2.20e+01,
25436,1.60e-02,2.18e+01,
25437,1.60e-02,2.18e+01,
25438,1.20e-02,2.20e+01,
25439,1.60e-02,2.22e+01,
25440,1.20e-02,2.24e+01,
25441,1.20e-02,2.28e+01,
25442,8.00e-03,2.30e+01,
25443,8.00e-03,2.34e+01,
25444,4.00e-03,2.36e+01,
25445,4.00e-03,2.38e+01,
25446,-4.00e-03,2.42e+01,
25447,0.00e+00,2.48e+01,
25448,-4.00e-03,2.48e+01,
25449,-8.00e-03,2.52e+01,
25450,-1.60e-02,2.56e+01,
25451,-1.20e-02,2.60e+01,
25452,-1.60e-02,2.64e+01,
25453,-2.00e-02,2.64e+01,
25454,-2.00e-02,2.66e+01,
25455,-2.40e-02,2.72e+01,
25456,-2.40e-02,2.70e+01,
25457,-2.80e-02,2.72e+01,
25458,-2.80e-02,2.72e+01,
25459,-2.80e-02,2.76e+01,
25460,-3.20e-02,2.74e+01,
25461,-3.20e-02,2.72e+01,
25462,-3.20e-02,2.72e+01,
25463,-3.20e-02,2.72e+01,
25464,-3.20e-02,2.70e+01,
25465,-2.80e-02,2.68e+01,
25466,-2.80e-02,2.66e+01,
25467,-2.40e-02,2.66e+01,
25468,-2.40e-02,2.60e+01,
25469,-2.40e-02,2.56e+01,
25470,-2.40e-02,2.54e+01,
25471,-2.00e-02,2.54e+01,
25472,-1.60e-02,2.48e+01,
25473,-1.60e-02,2.46e+01,
25474,-1.60e-02,2.42e+01,
25475,-8.00e-03,2.42e+01,
25476,-8.00e-03,2.38e+01,
25477,-4.00e-03,2.36e+01,
25478,-4.00e-03,2.32e+01,
25479,0.00e+00,2.32e+01,
25480,4.00e-03,2.30e+01,
25481,0.00e+00,2.24e+01,
25482,4.00e-03,2.24e+01,
25483,8.00e-03,2.24e+01,
25484,8.00e-03,2.22e+01,
25485,8.00e-03,2.20e+01,
25486,8.00e-03,2.22e+01,
25487,1.20e-02,2.24e+01,
25488,8.00e-03,2.22e+01,
25489,8.00e-03,2.22e+01,
25490,8.00e-03,2.24e+01,
25491,1.20e-02,2.28e+01,
25492,8.00e-03,2.28e+01,
25493,8.00e-03,2.30e+01,
25494,4.00e-03,2.32e+01,
25495,8.00e-03,2.36e+01,
25496,4.00e-03,2.36e+01,
25497,0.00e+00,2.38e+01,
25498,0.00e+00,2.40e+01,
25499,0.00e+00,2.44e+01,
25500,-4.00e-03,2.46e+01,
25501,-8.00e-03,2.48e+01,
25502,-8.00e-03,2.50e+01,
25503,-1.20e-02,2.54e+01,
25504,-1.20e-02,2.56e+01,
25505,-1.60e-02,2.56e+01,
25506,-2.00e-02,2.60e+01,
25507,-1.60e-02,2.66e+01,
25508,-2.00e-02,2.66e+01,
25509,-2.00e-02,2.64e+01,
25510,-2.40e-02,2.66e+01,
25511,-2.40e-02,2.70e+01,
25512,-2.40e-02,2.68e+01,
25513,-2.40e-02,2.68e+01,
25514,-2.80e-02,2.68e+01,
25515,-2.40e-02,2.68e+01,
25516,-2.80e-02,2.68e+01,
25517,-2.80e-02,2.64e+01,
25518,-2.40e-02,2.64e+01,
25519,-2.40e-02,2.64e+01,
25520,-2.40e-02,2.58e+01,
25521,-2.40e-02,2.56e+01,
25522,-2.00e-02,2.54e+01,
25523,-2.00e-02,2.54e+01,
25524,-1.60e-02,2.50e+01,
25525,-1.60e-02,2.46e+01,
25526,-1.60e-02,2.46e+01,
25527,-1.20e-02,2.46e+01,
25528,-8.00e-03,2.42e+01,
25529,-8.00e-03,2.38e+01,
25530,-8.00e-03,2.38e+01,
25531,-4.00e-03,2.36e+01,
25532,-4.00e-03,2.34e+01,
25533,0.00e+00,2.32e+01,
25534,0.00e+00,2.30e+01,
25535,4.00e-03,2.30e+01,
25536,4.00e-03,2.30e+01,
25537,4.00e-03,2.28e+01,
25538,4.00e-03,2.28e+01,
25539,4.00e-03,2.30e+01,
25540,4.00e-03,2.28e+01,
25541,8.00e-03,2.28e+01,
25542,4.00e-03,2.28e+01,
25543,8.00e-03,2.32e+01,
25544,8.00e-03,2.30e+01,
25545,4.00e-03,2.32e+01,
25546,4.00e-03,2.32e+01,
25547,4.00e-03,2.36e+01,
25548,0.00e+00,2.36e+01,
25549,0.00e+00,2.38e+01,
25550,0.00e+00,2.40e+01,
25551,0.00e+00,2.44e+01,
25552,-4.00e-03,2.44e+01,
25553,-4.00e-03,2.46e+01,
25554,-8.00e-03,2.48e+01,
25555,-8.00e-03,2.52e+01,
25556,-1.20e-02,2.52e+01,
25557,-1.20e-02,2.52e+01,
25558,-1.60e-02,2.56e+01,
25559,-1.60e-02,2.58e+01,
25560,-2.00e-02,2.58e+01,
25561,-1.60e-02,2.60e+01,
25562,-2.00e-02,2.60e+01,
25563,-2.00e-02,2.64e+01,
25564,-2.40e-02,2.64e+01,
25565,-2.00e-02,2.64e+01,
25566,-2.40e-02,2.60e+01,
25567,-2.40e-02,2.64e+01,
25568,-2.00e-02,2.64e+01,
25569,-2.40e-02,2.60e+01,
25570,-2.40e-02,2.60e+01,
25571,-2.00e-02,2.60e+01,
25572,-2.00e-02,2.58e+01,
25573,-2.00e-02,2.56e+01,
25574,-2.00e-02,2.54e+01,
25575,-1.60e-02,2.54e+01,
25576,-1.60e-02,2.50e+01,
25577,-1.60e-02,2.48e+01,
25578,-1.60e-02,2.48e+01,
25579,-1.20e-02,2.48e+01,
25580,-1.20e-02,2.44e+01,
25581,-1.20e-02,2.42e+01,
25582,-8.00e-03,2.40e+01,
25583,-4.00e-03,2.40e+01,
25584,-4.00e-03,2.38e+01,
25585,-4.00e-03,2.36e+01,
25586,-4.00e-03,2.34e+01,
25587,0.00e+00,2.36e+01,
25588,-4.00e-03,2.34e+01,
25589,0.00e+00,2.32e+01,
25590,0.00e+00,2.32e+01,
25591,4.00e-03,2.32e+01,
25592,4.00e-03,2.32e+01,
25593,4.00e-03,2.30e+01,
25594,0.00e+00,2.32e+01,
25595,4.00e-03,2.34e+01,
25596,0.00e+00,2.32e+01,
25597,4.00e-03,2.34e+01,
25598,0.00e+00,2.34e+01,
25599,0.00e+00,2.36e+01,
25600,0.00e+00,2.36e+01,
25601,0.00e+00,2.38e+01,
25602,-4.00e-03,2.40e+01,
25603,0.00e+00,2.42e+01,
25604,-4.00e-03,2.42e+01,
25605,-4.00e-03,2.44e+01,
25606,-8.00e-03,2.46e+01,
25607,-8.00e-03,2.48e+01,
25608,-8.00e-03,2.48e+01,
25609,-1.20e-02,2.50e+01,
25610,-1.20e-02,2.52e+01,
25611,-1.20e-02,2.54e+01,
25612,-1.60e-02,2.56e+01,
25613,-1.60e-02,2.56e+01,
25614,-1.60e-02,2.56e+01,
25615,-1.60e-02,2.60e+01,
25616,-2.00e-02,2.58e+01,
25617,-1.60e-02,2.58e+01,
25618,-2.00e-02,2.58e+01,
25619,-2.00e-02,2.60e+01,
25620,-2.00e-02,2.58e+01,
25621,-2.00e-02,2.58e+01,
25622,-2.00e-02,2.56e+01,
25623,-2.00e-02,2.58e+01,
25624,-2.00e-02,2.56e+01,
25625,-2.00e-02,2.54e+01,
25626,-2.00e-02,2.54e+01,
25627,-1.60e-02,2.54e+01,
25628,-1.60e-02,2.52e+01,
25629,-1.20e-02,2.50e+01,
25630,-1.60e-02,2.48e+01,
25631,-1.20e-02,2.48e+01,
25632,-1.20e-02,2.46e+01,
25633,-1.20e-02,2.42e+01,
25634,-1.20e-02,2.42e+01,
25635,-4.00e-03,2.44e+01,
25636,-8.00e-03,2.40e+01,
25637,-4.00e-03,2.38e+01,
25638,-8.00e-03,2.38e+01,
25639,0.00e+00,2.38e+01,
25640,0.00e+00,2.36e+01,
25641,-4.00e-03,2.34e+01,
25642,-4.00e-03,2.34e+01,
25643,4.00e-03,2.36e+01,
25644,0.00e+00,2.34e+01,
25645,4.00e-03,2.34e+01,
25646,0.00e+00,2.34e+01,
25647,0.00e+00,2.36e+01,
25648,0.00e+00,2.34e+01,
25649,0.00e+00,2.34e+01,
25650,0.00e+00,2.36e+01,
25651,0.00e+00,2.38e+01,
25652,-4.00e-03,2.38e+01,
25653,0.00e+00,2.38e+01,
25654,0.00e+00,2.38e+01,
25655,0.00e+00,2.42e+01,
25656,-4.00e-03,2.42e+01,
25657,-4.00e-03,2.44e+01,
25658,-8.00e-03,2.46e+01,
25659,-4.00e-03,2.48e+01,
25660,-8.00e-03,2.46e+01,
25661,-8.00e-03,2.48e+01,
25662,-1.20e-02,2.50e+01,
25663,-1.20e-02,2.52e+01,
25664,-1.20e-02,2.50e+01,
25665,-1.20e-02,2.52e+01,
25666,-1.60e-02,2.54e+01,
25667,-1.20e-02,2.56e+01,
25668,-1.60e-02,2.56e+01,
25669,-1.60e-02,2.54e+01,
25670,-1.60e-02,2.56e+01,
25671,-1.60e-02,2.58e+01,
25672,-1.60e-02,2.56e+01,
25673,-1.60e-02,2.54e+01,
25674,-2.00e-02,2.54e+01,
25675,-1.60e-02,2.56e+01,
25676,-2.00e-02,2.54e+01,
25677,-1.60e-02,2.54e+01,
25678,-2.00e-02,2.52e+01,
25679,-1.60e-02,2.54e+01,
25680,-1.20e-02,2.52e+01,
25681,-1.20e-02,2.50e+01,
25682,-1.60e-02,2.48e+01,
25683,-1.20e-02,2.50e+01,
25684,-1.20e-02,2.46e+01,
25685,-1.20e-02,2.46e+01,
25686,-1.20e-02,2.44e+01,
25687,-8.00e-03,2.44e+01,
25688,-8.00e-03,2.42e+01,
25689,-8.00e-03,2.40e+01,
25690,-8.00e-03,2.40e+01,
25691,0.00e+00,2.40e+01,
25692,-8.00e-03,2.38e+01,
25693,-4.00e-03,2.38e+01,
25694,-4.00e-03,2.36e+01,
25695,-4.00e-03,2.40e+01,
25696,0.00e+00,2.36e+01,
25697,0.00e+00,2.36e+01,
25698,-4.00e-03,2.36e+01,
25699,0.00e+00,2.38e+01,
25700,-4.00e-03,2.36e+01,
25701,0.00e+00,2.36e+01,
25702,-4.00e-03,2.36e+01,
25703,0.00e+00,2.38e+01,
25704,0.00e+00,2.38e+01,
25705,-4.00e-03,2.38e+01,
25706,-4.00e-03,2.40e+01,
25707,0.00e+00,2.42e+01,
25708,-4.00e-03,2.42e+01,
25709,-4.00e-03,2.42e+01,
25710,-8.00e-03,2.42e+01,
25711,-8.00e-03,2.46e+01,
25712,-4.00e-03,2.46e+01,
25713,-8.00e-03,2.46e+01,
25714,-1.20e-02,2.46e+01,
25715,-8.00e-03,2.50e+01,
25716,-1.20e-02,2.52e+01,
25717,-1.20e-02,2.50e+01,
25718,-1.20e-02,2.52e+01,
25719,-1.20e-02,2.54e+01,
25720,-1.20e-02,2.52e+01,
25721,-1.20e-02,2.52e+01,
25722,-1.60e-02,2.52e+01,
25723,-1.20e-02,2.56e+01,
25724,-1.60e-02,2.54e+01,
25725,-1.60e-02,2.52e+01,
25726,-1.60e-02,2.54e+01,
25727,-1.60e-02,2.56e+01,
25728,-1.60e-02,2.52e+01,
25729,-1.60e-02,2.52e+01,
25730,-2.00e-02,2.52e+01,
25731,-1.60e-02,2.52e+01,
25732,-1.20e-02,2.50e+01,
25733,-1.60e-02,2.48e+01,
25734,-1.20e-02,2.48e+01,
25735,-1.20e-02,2.50e+01,
25736,-1.20e-02,2.48e+01,
25737,-8.00e-03,2.46e+01,
25738,-1.20e-02,2.46e+01,
25739,-8.00e-03,2.44e+01,
25740,-8.00e-03,2.44e+01,
25741,-8.00e-03,2.42e+01,
25742,-8.00e-03,2.40e+01,
25743,-8.00e-03,2.42e+01,
25744,-8.00e-03,2.40e+01,
25745,-4.00e-03,2.40e+01,
25746,-8.00e-03,2.40e+01,
25747,0.00e+00,2.40e+01,
25748,-4.00e-03,2.40e+01,
25749,-4.00e-03,2.38e+01,
25750,-4.00e-03,2.38e+01,
25751,0.00e+00,2.40e+01,
25752,0.00e+00,2.38e+01,
25753,0.00e+00,2.38e+01,
25754,-4.00e-03,2.38e+01,
25755,0.00e+00,2.40e+01,
25756,-4.00e-03,2.40e+01,
25757,-4.00e-03,2.38e+01,
25758,-4.00e-03,2.40e+01,
25759,-4.00e-03,2.42e+01,
25760,-4.00e-03,2.42e+01,
25761,-4.00e-03,2.42e+01,
25762,-8.00e-03,2.44e+01,
25763,-4.00e-03,2.46e+01,
25764,-8.00e-03,2.44e+01,
25765,-4.00e-03,2.44e+01,
25766,-8.00e-03,2.46e+01,
25767,-8.00e-03,2.48e+01,
25768,-1.20e-02,2.48e+01,
25769,-8.00e-03,2.48e+01,
25770,-1.20e-02,2.50e+01,
25771,-1.20e-02,2.52e+01,
25772,-1.20e-02,2.50e+01,
25773,-1.20e-02,2.50e+01,
25774,-1.60e-02,2.50e+01,
25775,-1.20e-02,2.54e+01,
25776,-1.60e-02,2.52e+01,
25777,-1.20e-02,2.50e+01,
25778,-1.60e-02,2.52e+01,
25779,-1.20e-02,2.54e+01,
25780,-1.60e-02,2.52e+01,
25781,-1.60e-02,2.50e+01,
25782,-1.60e-02,2.50e+01,
25783,-1.20e-02,2.52e+01,
25784,-1.20e-02,2.50e+01,
25785,-1.20e-02,2.48e+01,
25786,-1.60e-02,2.48e+01,
25787,-1.20e-02,2.50e+01,
25788,-1.60e-02,2.48e+01,
25789,-1.20e-02,2.46e+01,
25790,-1.20e-02,2.44e+01,
25791,-8.00e-03,2.46e+01,
25792,-8.00e-03,2.44e+01,
25793,-8.00e-03,2.44e+01,
25794,-8.00e-03,2.42e+01,
25795,-8.00e-03,2.44e+01,
25796,-8.00e-03,2.42e+01,
25797,-8.00e-03,2.40e+01,
25798,-8.00e-03,2.40e+01,
25799,-4.00e-03,2.42e+01,
25800,-4.00e-03,2.40e+01,
25801,-4.00e-03,2.38e+01,
25802,-8.00e-03,2.40e+01,
25803,-4.00e-03,2.40e+01,
25804,-4.00e-03,2.40e+01,
25805,-4.00e-03,2.38e+01,
25806,-4.00e-03,2.38e+01,
25807,-4.00e-03,2.40e+01,
25808,-4.00e-03,2.40e+01,
25809,0.00e+00,2.40e+01,
25810,-4.00e-03,2.40e+01,
25811,-4.00e-03,2.44e+01,
25812,-4.00e-03,2.42e+01,
25813,-4.00e-03,2.42e+01,
25814,-8.00e-03,2.42e+01,
25815,-4.00e-03,2.44e+01,
25816,-8.00e-03,2.44e+01,
25817,-8.00e-03,2.44e+01,
25818,-8.00e-03,2.46e+01,
25819,-8.00e-03,2.48e+01,
25820,-8.00e-03,2.48e+01,
25821,-8.00e-03,2.48e+01,
25822,-1.20e-02,2.48e+01,
25823,-8.00e-03,2.50e+01,
25824,-1.20e-02,2.48e+01,
25825,-1.20e-02,2.48e+01,
25826,-1.60e-02,2.50e+01,
25827,-1.20e-02,2.52e+01,
25828,-1.20e-02,2.50e+01,
25829,-1.20e-02,2.50e+01,
25830,-1.60e-02,2.50e+01,
25831,-1.20e-02,2.52e+01,
25832,-1.20e-02,2.50e+01,
25833,-1.20e-02,2.50e+01,
25834,-1.60e-02,2.50e+01,
25835,-1.20e-02,2.50e+01,
25836,-1.20e-02,2.50e+01,
25837,-1.20e-02,2.48e+01,
25838,-1.20e-02,2.48e+01,
25839,-1.20e-02,2.48e+01,
25840,-1.20e-02,2.48e+01,
25841,-1.20e-02,2.46e+01,
25842,-1.60e-02,2.46e+01,
25843,-8.00e-03,2.46e+01,
25844,-8.00e-03,2.46e+01,
25845,-1.20e-02,2.44e+01,
25846,-1.20e-02,2.44e+01,
25847,-8.00e-03,2.44e+01,
25848,-8.00e-03,2.42e+01,
25849,-8.00e-03,2.42e+01,
25850,-8.00e-03,2.42e+01,
25851,-8.00e-03,2.42e+01,
25852,-8.00e-03,2.42e+01,
25853,-4.00e-03,2.40e+01,
25854,-4.00e-03,2.40e+01,
25855,-4.00e-03,2.42e+01,
25856,-4.00e-03,2.40e+01,
25857,-4.00e-03,2.40e+01,
25858,-8.00e-03,2.40e+01,
25859,-4.00e-03,2.42e+01,
25860,-4.00e-03,2.40e+01,
25861,-4.00e-03,2.40e+01,
25862,-8.00e-03,2.40e+01,
25863,-4.00e-03,2.42e+01,
25864,-4.00e-03,2.42e+01,
25865,-4.00e-03,2.42e+01,
25866,-8.00e-03,2.42e+01,
25867,-8.00e-03,2.44e+01,
25868,-8.00e-03,2.44e+01,
25869,-8.00e-03,2.42e+01,
25870,-8.00e-03,2.44e+01,
25871,-8.00e-03,2.46e+01,
25872,-8.00e-03,2.46e+01,
25873,-8.00e-03,2.46e+01,
25874,-1.20e-02,2.46e+01,
25875,-8.00e-03,2.48e+01,
25876,-1.20e-02,2.48e+01,
25877,-8.00e-03,2.48e+01,
25878,-1.20e-02,2.48e+01,
25879,-1.20e-02,2.50e+01,
25880,-1.20e-02,2.48e+01,
25881,-1.20e-02,2.48e+01,
25882,-1.20e-02,2.50e+01,
25883,-1.20e-02,2.50e+01,
25884,-1.20e-02,2.48e+01,
25885,-1.20e-02,2.48e+01,
25886,-1.20e-02,2.48e+01,
25887,-1.20e-02,2.50e+01,
25888,-1.20e-02,2.48e+01,
25889,-1.20e-02,2.48e+01,
25890,-1.20e-02,2.48e+01,
25891,-8.00e-03,2.48e+01,
25892,-1.20e-02,2.46e+01,
25893,-1.20e-02,2.46e+01,
25894,-1.20e-02,2.44e+01,
25895,-8.00e-03,2.48e+01,
25896,-1.20e-02,2.44e+01,
25897,-8.00e-03,2.44e+01,
25898,-1.20e-02,2.44e+01,
25899,-8.00e-03,2.46e+01,
25900,-8.00e-03,2.44e+01,
25901,-8.00e-03,2.42e+01,
25902,-8.00e-03,2.42e+01,
25903,-8.00e-03,2.44e+01,
25904,-8.00e-03,2.42e+01,
25905,-4.00e-03,2.42e+01,
25906,-8.00e-03,2.42e+01,
25907,-4.00e-03,2.42e+01,
25908,-4.00e-03,2.42e+01,
25909,-4.00e-03,2.40e+01,
25910,-8.00e-03,2.40e+01,
25911,-4.00e-03,2.42e+01,
25912,-4.00e-03,2.42e+01,
25913,-4.00e-03,2.42e+01,
25914,-8.00e-03,2.42e+01,
25915,-4.00e-03,2.44e+01,
25916,-4.00e-03,2.44e+01,
25917,-8.00e-03,2.42e+01,
25918,-8.00e-03,2.42e+01,
25919,-4.00e-03,2.46e+01,
25920,-4.00e-03,2.44e+01,
25921,-8.00e-03,2.42e+01,
25922,-8.00e-03,2.44e+01,
25923,-8.00e-03,2.46e+01,
25924,-8.00e-03,2.46e+01,
25925,-8.00e-03,2.46e+01,
25926,-8.00e-03,2.46e+01,
25927,-8.00e-03,2.48e+01,
25928,-8.00e-03,2.48e+01,
25929,-8.00e-03,2.46e+01,
25930,-1.20e-02,2.48e+01,
25931,-8.00e-03,2.50e+01,
25932,-8.00e-03,2.48e+01,
25933,-1.20e-02,2.46e+01,
25934,-1.20e-02,2.46e+01,
25935,-8.00e-03,2.50e+01,
25936,-1.20e-02,2.48e+01,
25937,-1.20e-02,2.48e+01,
25938,-1.20e-02,2.48e+01,
25939,-8.00e-03,2.50e+01,
25940,-1.20e-02,2.48e+01,
25941,-1.20e-02,2.48e+01,
25942,-1.20e-02,2.48e+01,
25943,-8.00e-03,2.50e+01,
25944,-8.00e-03,2.48e+01,
25945,-1.20e-02,2.46e+01,
25946,-1.20e-02,2.46e+01,
25947,-8.00e-03,2.48e+01,
25948,-8.00e-03,2.46e+01,
25949,-8.00e-03,2.44e+01,
25950,-1.20e-02,2.44e+01,
25951,-8.00e-03,2.46e+01,
25952,-8.00e-03,2.44e+01,
25953,-8.00e-03,2.44e+01,
25954,-1.20e-02,2.42e+01,
25955,-8.00e-03,2.44e+01,
25956,-8.00e-03,2.42e+01,
25957,-8.00e-03,2.42e+01,
25958,-8.00e-03,2.42e+01,
25959,-8.00e-03,2.44e+01,
25960,-4.00e-03,2.42e+01,
25961,-8.00e-03,2.42e+01,
25962,-8.00e-03,2.42e+01,
25963,-8.00e-03,2.44e+01,
25964,-8.00e-03,2.42e+01,
25965,-4.00e-03,2.42e+01,
25966,-8.00e-03,2.42e+01,
25967,-4.00e-03,2.44e+01,
25968,-8.00e-03,2.42e+01,
25969,-8.00e-03,2.42e+01,
25970,-8.00e-03,2.42e+01,
25971,-4.00e-03,2.44e+01,
25972,-8.00e-03,2.44e+01,
25973,-8.00e-03,2.44e+01,
25974,-8.00e-03,2.44e+01,
25975,-4.00e-03,2.46e+01,
25976,-8.00e-03,2.44e+01,
25977,-8.00e-03,2.46e+01,
25978,-1.20e-02,2.46e+01,
25979,-8.00e-03,2.46e+01,
25980,-8.00e-03,2.46e+01,
25981,-8.00e-03,2.46e+01,
25982,-1.20e-02,2.46e+01,
25983,-8.00e-03,2.48e+01,
25984,-8.00e-03,2.48e+01,
25985,-1.20e-02,2.48e+01,
25986,-1.20e-02,2.48e+01,
25987,-8.00e-03,2.48e+01,
25988,-1.20e-02,2.48e+01,
25989,-1.20e-02,2.48e+01,
25990,-1.20e-02,2.46e+01,
25991,-1.20e-02,2.48e+01,
25992,-1.20e-02,2.48e+01,
25993,-1.20e-02,2.46e+01,
25994,-1.20e-02,2.46e+01,
25995,-1.20e-02,2.48e+01,
25996,-1.20e-02,2.48e+01,
25997,-1.20e-02,2.46e+01,
25998,-1.20e-02,2.46e+01,
25999,-8.00e-03,2.46e+01,
26000,-8.00e-03,2.46e+01,
26001,-8.00e-03,2.46e+01,
26002,-1.20e-02,2.46e+01,
26003,-8.00e-03,2.46e+01,
26004,-8.00e-03,2.44e+01,
26005,-8.00e-03,2.44e+01,
26006,-8.00e-03,2.42e+01,
26007,-8.00e-03,2.44e+01,
26008,-8.00e-03,2.44e+01,
26009,-4.00e-03,2.42e+01,
26010,-8.00e-03,2.42e+01,
26011,-8.00e-03,2.44e+01,
26012,-8.00e-03,2.44e+01,
26013,-4.00e-03,2.42e+01,
26014,-8.00e-03,2.42e+01,
26015,-4.00e-03,2.44e+01,
26016,-8.00e-03,2.42e+01,
26017,-8.00e-03,2.42e+01,
26018,-8.00e-03,2.42e+01,
26019,-8.00e-03,2.44e+01,
26020,-8.00e-03,2.44e+01,
26021,-8.00e-03,2.42e+01,
26022,-8.00e-03,2.42e+01,
26023,-8.00e-03,2.44e+01,
26024,-8.00e-03,2.44e+01,
26025,-8.00e-03,2.44e+01,
26026,-8.00e-03,2.44e+01,
26027,-4.00e-03,2.46e+01,
26028,-8.00e-03,2.44e+01,
26029,-8.00e-03,2.44e+01,
26030,-8.00e-03,2.44e+01,
26031,-8.00e-03,2.46e+01,
26032,-8.00e-03,2.46e+01,
26033,-8.00e-03,2.46e+01,
26034,-1.20e-02,2.46e+01,
26035,-8.00e-03,2.48e+01,
26036,-8.00e-03,2.46e+01,
26037,-8.00e-03,2.46e+01,
26038,-1.20e-02,2.46e+01,
26039,-1.20e-02,2.48e+01,
26040,-1.20e-02,2.46e+01,
26041,-8.00e-03,2.46e+01,
26042,-1.20e-02,2.46e+01,
26043,-8.00e-03,2.48e+01,
26044,-1.20e-02,2.48e+01,
26045,-1.20e-02,2.46e+01,
26046,-1.20e-02,2.46e+01,
26047,-8.00e-03,2.48e+01,
26048,-8.00e-03,2.46e+01,
26049,-1.20e-02,2.46e+01,
26050,-1.20e-02,2.46e+01,
26051,-8.00e-03,2.48e+01,
26052,-1.20e-02,2.46e+01,
26053,-1.20e-02,2.44e+01,
26054,-1.20e-02,2.44e+01,
26055,-8.00e-03,2.46e+01,
26056,-8.00e-03,2.44e+01,
26057,-8.00e-03,2.44e+01,
26058,-1.20e-02,2.44e+01,
26059,-8.00e-03,2.44e+01,
26060,-8.00e-03,2.44e+01,
26061,-8.00e-03,2.42e+01,
26062,-8.00e-03,2.44e+01,
26063,-8.00e-03,2.44e+01,
26064,-8.00e-03,2.44e+01,
26065,-8.00e-03,2.42e+01,
26066,-8.00e-03,2.42e+01,
26067,-4.00e-03,2.44e+01,
26068,-8.00e-03,2.44e+01,
26069,-8.00e-03,2.42e+01,
26070,-8.00e-03,2.42e+01,
26071,-8.00e-03,2.44e+01,
26072,-8.00e-03,2.44e+01,
26073,-4.00e-03,2.42e+01,
26074,-8.00e-03,2.42e+01,
26075,-4.00e-03,2.44e+01,
26076,-8.00e-03,2.44e+01,
26077,-8.00e-03,2.44e+01,
26078,-8.00e-03,2.44e+01,
26079,-8.00e-03,2.44e+01,
26080,-8.00e-03,2.44e+01,
26081,-8.00e-03,2.44e+01,
26082,-8.00e-03,2.44e+01,
26083,-8.00e-03,2.46e+01,
26084,-8.00e-03,2.46e+01,
26085,-8.00e-03,2.44e+01,
26086,-8.00e-03,2.46e+01,
26087,-8.00e-03,2.48e+01,
26088,-8.00e-03,2.46e+01,
26089,-8.00e-03,2.46e+01,
26090,-1.20e-02,2.46e+01,
26091,-8.00e-03,2.48e+01,
26092,-1.20e-02,2.46e+01,
26093,-1.20e-02,2.46e+01,
26094,-1.20e-02,2.46e+01,
26095,-8.00e-03,2.48e+01,
26096,-1.20e-02,2.44e+01,
26097,-1.20e-02,2.46e+01,
26098,-1.20e-02,2.46e+01,
26099,-8.00e-03,2.48e+01,
26100,-1.20e-02,2.46e+01,
26101,-8.00e-03,2.46e+01,
26102,-1.20e-02,2.46e+01,
26103,-1.20e-02,2.46e+01,
26104,-8.00e-03,2.46e+01,
26105,-1.20e-02,2.46e+01,
26106,-1.20e-02,2.46e+01,
26107,-8.00e-03,2.46e+01,
26108,-8.00e-03,2.46e+01,
26109,-8.00e-03,2.44e+01,
26110,-8.00e-03,2.44e+01,
26111,-8.00e-03,2.46e+01,
26112,-8.00e-03,2.44e+01,
26113,-8.00e-03,2.44e+01,
26114,-8.00e-03,2.44e+01,
26115,-8.00e-03,2.44e+01,
26116,-8.00e-03,2.44e+01,
26117,-8.00e-03,2.42e+01,
26118,-8.00e-03,2.42e+01,
26119,-8.00e-03,2.46e+01,
26120,-8.00e-03,2.42e+01,
26121,-8.00e-03,2.42e+01,
26122,-8.00e-03,2.42e+01,
26123,-4.00e-03,2.44e+01,
26124,-8.00e-03,2.44e+01,
26125,-8.00e-03,2.42e+01,
26126,-8.00e-03,2.44e+01,
26127,-8.00e-03,2.46e+01,
26128,-8.00e-03,2.44e+01,
26129,-8.00e-03,2.44e+01,
26130,-8.00e-03,2.44e+01,
26131,-8.00e-03,2.46e+01,
26132,-8.00e-03,2.44e+01,
26133,-8.00e-03,2.44e+01,
26134,-8.00e-03,2.44e+01,
26135,-8.00e-03,2.46e+01,
26136,-8.00e-03,2.44e+01,
26137,-8.00e-03,2.44e+01,
26138,-1.20e-02,2.46e+01,
26139,-8.00e-03,2.46e+01,
26140,-8.00e-03,2.46e+01,
26141,-8.00e-03,2.46e+01,
26142,-1.20e-02,2.46e+01,
26143,-8.00e-03,2.46e+01,
26144,-8.00e-03,2.46e+01,
26145,-8.00e-03,2.46e+01,
26146,-1.20e-02,2.46e+01,
26147,-8.00e-03,2.48e+01,
26148,-1.20e-02,2.46e+01,
26149,-1.20e-02,2.46e+01,
26150,-1.20e-02,2.44e+01,
26151,-1.20e-02,2.46e+01,
26152,-8.00e-03,2.46e+01,
26153,-8.00e-03,2.46e+01,
26154,-1.20e-02,2.46e+01,
26155,-8.00e-03,2.48e+01,
26156,-1.20e-02,2.46e+01,
26157,-1.20e-02,2.46e+01,
26158,-1.20e-02,2.44e+01,
26159,-8.00e-03,2.46e+01,
26160,-8.00e-03,2.44e+01,
26161,-8.00e-03,2.44e+01,
26162,-1.20e-02,2.46e+01,
26163,-8.00e-03,2.46e+01,
26164,-8.00e-03,2.44e+01,
26165,-8.00e-03,2.44e+01,
26166,-8.00e-03,2.44e+01,
26167,-8.00e-03,2.46e+01,
26168,-8.00e-03,2.44e+01,
26169,-8.00e-03,2.44e+01,
26170,-8.00e-03,2.44e+01,
26171,-8.00e-03,2.46e+01,
26172,-8.00e-03,2.44e+01,
26173,-8.00e-03,2.44e+01,
26174,-8.00e-03,2.42e+01,
26175,-4.00e-03,2.44e+01,
26176,-8.00e-03,2.44e+01,
26177,-8.00e-03,2.44e+01,
26178,-8.00e-03,2.44e+01,
26179,-8.00e-03,2.46e+01,
26180,-8.00e-03,2.44e+01,
26181,-8.00e-03,2.42e+01,
26182,-8.00e-03,2.42e+01,
26183,-8.00e-03,2.46e+01,
26184,-8.00e-03,2.44e+01,
26185,-8.00e-03,2.44e+01,
26186,-8.00e-03,2.44e+01,
26187,-8.00e-03,2.46e+01,
26188,-8.00e-03,2.44e+01,
26189,-8.00e-03,2.44e+01,
26190,-8.00e-03,2.44e+01,
26191,-8.00e-03,2.48e+01,
26192,-8.00e-03,2.46e+01,
26193,-8.00e-03,2.44e+01,
26194,-1.20e-02,2.44e+01,
26195,-8.00e-03,2.46e+01,
26196,-1.20e-02,2.46e+01,
26197,-8.00e-03,2.46e+01,
26198,-1.20e-02,2.46e+01,
26199,-8.00e-03,2.46e+01,
26200,-8.00e-03,2.46e+01,
26201,-8.00e-03,2.46e+01,
26202,-1.20e-02,2.46e+01,
26203,-8.00e-03,2.46e+01,
26204,-8.00e-03,2.46e+01,
26205,-8.00e-03,2.46e+01,
26206,-1.20e-02,2.44e+01,
26207,-8.00e-03,2.48e+01,
26208,-1.20e-02,2.46e+01,
26209,-8.00e-03,2.46e+01,
26210,-1.20e-02,2.44e+01,
26211,-8.00e-03,2.48e+01,
26212,-1.20e-02,2.46e+01,
26213,-1.20e-02,2.44e+01,
26214,-1.20e-02,2.44e+01,
26215,-8.00e-03,2.46e+01,
26216,-8.00e-03,2.44e+01,
26217,-8.00e-03,2.44e+01,
26218,-8.00e-03,2.44e+01,
26219,-8.00e-03,2.46e+01,
26220,-8.00e-03,2.44e+01,
26221,-8.00e-03,2.42e+01,
26222,-8.00e-03,2.44e+01,
26223,-8.00e-03,2.46e+01,
26224,-8.00e-03,2.44e+01,
26225,-8.00e-03,2.42e+01,
26226,-1.20e-02,2.44e+01,
26227,-8.00e-03,2.46e+01,
26228,-8.00e-03,2.44e+01,
26229,-8.00e-03,2.42e+01,
26230,-8.00e-03,2.44e+01,
26231,-8.00e-03,2.44e+01,
26232,-8.00e-03,2.44e+01,
26233,-8.00e-03,2.44e+01,
26234,-1.20e-02,2.44e+01,
26235,-8.00e-03,2.46e+01,
26236,-8.00e-03,2.44e+01,
26237,-8.00e-03,2.44e+01,
26238,-8.00e-03,2.44e+01,
26239,-4.00e-03,2.46e+01,
26240,-8.00e-03,2.44e+01,
26241,-8.00e-03,2.44e+01,
26242,-1.20e-02,2.44e+01,
26243,-8.00e-03,2.46e+01,
26244,-8.00e-03,2.44e+01,
26245,-8.00e-03,2.44e+01,
26246,-1.20e-02,2.44e+01,
26247,-8.00e-03,2.46e+01,
26248,-8.00e-03,2.46e+01,
26249,-8.00e-03,2.44e+01,
26250,-1.20e-02,2.44e+01,
26251,-8.00e-03,2.46e+01,
26252,-8.00e-03,2.46e+01,
26253,-8.00e-03,2.44e+01,
26254,-1.20e-02,2.44e+01,
26255,-8.00e-03,2.46e+01,
26256,-1.20e-02,2.46e+01,
26257,-8.00e-03,2.46e+01,
26258,-1.20e-02,2.44e+01,
26259,-8.00e-03,2.46e+01,
26260,-8.00e-03,2.46e+01,
26261,-8.00e-03,2.44e+01,
26262,-8.00e-03,2.44e+01,
26263,-8.00e-03,2.46e+01,
26264,-8.00e-03,2.46e+01,
26265,-8.00e-03,2.44e+01,
26266,-8.00e-03,2.44e+01,
26267,-8.00e-03,2.46e+01,
26268,-8.00e-03,2.44e+01,
26269,-8.00e-03,2.44e+01,
26270,-1.20e-02,2.44e+01,
26271,-8.00e-03,2.46e+01,
26272,-8.00e-03,2.44e+01,
26273,-8.00e-03,2.42e+01,
26274,-1.20e-02,2.44e+01,
26275,-8.00e-03,2.46e+01,
26276,-8.00e-03,2.44e+01,
26277,-8.00e-03,2.42e+01,
26278,-8.00e-03,2.44e+01,
26279,-4.00e-03,2.44e+01,
26280,-8.00e-03,2.44e+01,
26281,-8.00e-03,2.44e+01,
26282,-8.00e-03,2.44e+01,
26283,-8.00e-03,2.46e+01,
26284,-8.00e-03,2.44e+01,
26285,-8.00e-03,2.44e+01,
26286,-1.20e-02,2.44e+01,
26287,-4.00e-03,2.44e+01,
26288,-8.00e-03,2.44e+01,
26289,-8.00e-03,2.44e+01,
26290,-8.00e-03,2.44e+01,
26291,-8.00e-03,2.46e+01,
26292,-8.00e-03,2.44e+01,
26293,-8.00e-03,2.44e+01,
26294,-8.00e-03,2.44e+01,
26295,-4.00e-03,2.46e+01,
26296,-8.00e-03,2.44e+01,
26297,-8.00e-03,2.44e+01,
26298,-8.00e-03,2.46e+01,
26299,-8.00e-03,2.46e+01,
26300,-8.00e-03,2.46e+01,
26301,-8.00e-03,2.44e+01,
26302,-1.20e-02,2.44e+01,
26303,-8.00e-03,2.46e+01,
26304,-8.00e-03,2.46e+01,
26305,-8.00e-03,2.44e+01,
26306,-8.00e-03,2.44e+01,
26307,-8.00e-03,2.46e+01,
26308,-8.00e-03,2.46e+01,
26309,-8.00e-03,2.46e+01,
26310,-1.20e-02,2.44e+01,
26311,-8.00e-03,2.46e+01,
26312,-8.00e-03,2.44e+01,
26313,-8.00e-03,2.44e+01,
26314,-1.20e-02,2.44e+01,
26315,-8.00e-03,2.46e+01,
26316,-8.00e-03,2.46e+01,
26317,-8.00e-03,2.44e+01,
26318,-1.20e-02,2.44e+01,
26319,-8.00e-03,2.46e+01,
26320,-8.00e-03,2.44e+01,
26321,-8.00e-03,2.46e+01,
26322,-1.20e-02,2.44e+01,
26323,-8.00e-03,2.46e+01,
26324,-8.00e-03,2.44e+01,
26325,-8.00e-03,2.44e+01,
26326,-8.00e-03,2.44e+01,
26327,-8.00e-03,2.44e+01,
26328,-8.00e-03,2.44e+01,
26329,-8.00e-03,2.44e+01,
26330,-8.00e-03,2.44e+01,
26331,-4.00e-03,2.46e+01,
26332,-8.00e-03,2.44e+01,
26333,-8.00e-03,2.44e+01,
26334,-8.00e-03,2.44e+01,
26335,-8.00e-03,2.46e+01,
26336,-8.00e-03,2.44e+01,
26337,-8.00e-03,2.44e+01,
26338,-8.00e-03,2.44e+01,
26339,-8.00e-03,2.46e+01,
26340,-8.00e-03,2.44e+01,
26341,-8.00e-03,2.44e+01,
26342,-8.00e-03,2.44e+01,
26343,-8.00e-03,2.46e+01,
26344,-8.00e-03,2.46e+01,
26345,-4.00e-03,2.44e+01,
26346,-8.00e-03,2.44e+01,
26347,-8.00e-03,2.46e+01,
26348,-1.20e-02,2.44e+01,
26349,-8.00e-03,2.44e+01,
26350,-1.20e-02,2.44e+01,
26351,-8.00e-03,2.46e+01,
26352,-8.00e-03,2.44e+01,
26353,-8.00e-03,2.44e+01,
26354,-8.00e-03,2.44e+01,
26355,-8.00e-03,2.46e+01,
26356,-8.00e-03,2.46e+01,
26357,-8.00e-03,2.44e+01,
26358,-8.00e-03,2.44e+01,
26359,-8.00e-03,2.46e+01,
26360,-8.00e-03,2.46e+01,
26361,-8.00e-03,2.44e+01,
26362,-1.20e-02,2.44e+01,
26363,-8.00e-03,2.46e+01,
26364,-1.20e-02,2.46e+01,
26365,-8.00e-03,2.44e+01,
26366,-1.20e-02,2.44e+01,
26367,-8.00e-03,2.46e+01,
26368,-8.00e-03,2.44e+01,
26369,-8.00e-03,2.44e+01,
26370,-1.20e-02,2.44e+01,
26371,-8.00e-03,2.46e+01,
26372,-8.00e-03,2.46e+01,
26373,-8.00e-03,2.44e+01,
26374,-1.20e-02,2.44e+01,
26375,-8.00e-03,2.46e+01,
26376,-8.00e-03,2.44e+01,
26377,-8.00e-03,2.44e+01,
26378,-1.20e-02,2.44e+01,
26379,-8.00e-03,2.46e+01,
26380,-8.00e-03,2.44e+01,
26381,-8.00e-03,2.42e+01,
26382,-1.20e-02,2.44e+01,
26383,-8.00e-03,2.46e+01,
26384,-8.00e-03,2.44e+01,
26385,-8.00e-03,2.44e+01,
26386,-1.20e-02,2.44e+01,
26387,-8.00e-03,2.44e+01,
26388,-8.00e-03,2.44e+01,
26389,-8.00e-03,2.44e+01,
26390,-1.20e-02,2.44e+01,
26391,-8.00e-03,2.46e+01,
26392,-8.00e-03,2.44e+01,
26393,-8.00e-03,2.42e+01,
26394,-1.20e-02,2.44e+01,
26395,-8.00e-03,2.46e+01,
26396,-8.00e-03,2.46e+01,
26397,-8.00e-03,2.44e+01,
26398,-8.00e-03,2.44e+01,
26399,-8.00e-03,2.46e+01,
26400,-8.00e-03,2.44e+01,
26401,-8.00e-03,2.44e+01,
26402,-1.20e-02,2.44e+01,
26403,-8.00e-03,2.46e+01,
26404,-8.00e-03,2.44e+01,
26405,-8.00e-03,2.44e+01,
26406,-8.00e-03,2.44e+01,
26407,-8.00e-03,2.46e+01,
26408,-8.00e-03,2.46e+01,
26409,-8.00e-03,2.44e+01,
26410,-1.20e-02,2.44e+01,
26411,-8.00e-03,2.46e+01,
26412,-8.00e-03,2.46e+01,
26413,-8.00e-03,2.44e+01,
26414,-8.00e-03,2.44e+01,
26415,-8.00e-03,2.46e+01,
26416,-8.00e-03,2.44e+01,
26417,-8.00e-03,2.44e+01,
26418,-8.00e-03,2.44e+01,
26419,-8.00e-03,2.46e+01,
26420,-8.00e-03,2.46e+01,
26421,-8.00e-03,2.44e+01,
26422,-1.20e-02,2.44e+01,
26423,-8.00e-03,2.46e+01,
26424,-8.00e-03,2.44e+01,
26425,-8.00e-03,2.44e+01,
26426,-8.00e-03,2.44e+01,
26427,-8.00e-03,2.46e+01,
26428,-8.00e-03,2.44e+01,
26429,-8.00e-03,2.44e+01,
26430,-8.00e-03,2.44e+01,
26431,-8.00e-03,2.46e+01,
26432,-8.00e-03,2.44e+01,
26433,-8.00e-03,2.44e+01,
26434,-1.20e-02,2.44e+01,
26435,-8.00e-03,2.46e+01,
26436,-8.00e-03,2.44e+01,
26437,-8.00e-03,2.44e+01,
26438,-8.00e-03,2.42e+01,
26439,-8.00e-03,2.46e+01,
26440,-8.00e-03,2.44e+01,
26441,-8.00e-03,2.44e+01,
26442,-8.00e-03,2.44e+01,
26443,-8.00e-03,2.44e+01,
26444,-8.00e-03,2.44e+01,
26445,-8.00e-03,2.44e+01,
26446,-8.00e-03,2.44e+01,
26447,-8.00e-03,2.46e+01,
26448,-8.00e-03,2.44e+01,
26449,-8.00e-03,2.44e+01,
26450,-1.20e-02,2.44e+01,
26451,-8.00e-03,2.46e+01,
26452,-1.20e-02,2.44e+01,
26453,-8.00e-03,2.44e+01,
26454,-8.00e-03,2.44e+01,
26455,-8.00e-03,2.46e+01,
26456,-8.00e-03,2.44e+01,
26457,-8.00e-03,2.44e+01,
26458,-1.20e-02,2.44e+01,
26459,-8.00e-03,2.46e+01,
26460,-8.00e-03,2.46e+01,
26461,-8.00e-03,2.44e+01,
26462,-1.20e-02,2.44e+01,
26463,-1.20e-02,2.46e+01,
26464,-8.00e-03,2.44e+01,
26465,-8.00e-03,2.44e+01,
26466,-8.00e-03,2.44e+01,
26467,-8.00e-03,2.46e+01,
26468,-8.00e-03,2.46e+01,
26469,-8.00e-03,2.44e+01,
26470,-8.00e-03,2.44e+01,
26471,-8.00e-03,2.46e+01,
26472,-8.00e-03,2.44e+01,
26473,-8.00e-03,2.44e+01,
26474,-8.00e-03,2.44e+01,
26475,-8.00e-03,2.46e+01,
26476,-8.00e-03,2.44e+01,
26477,-8.00e-03,2.44e+01,
26478,-8.00e-03,2.44e+01,
26479,-8.00e-03,2.46e+01,
26480,-8.00e-03,2.44e+01,
26481,-8.00e-03,2.44e+01,
26482,-1.20e-02,2.44e+01,
26483,-8.00e-03,2.46e+01,
26484,-8.00e-03,2.44e+01,
26485,-8.00e-03,2.44e+01,
26486,-8.00e-03,2.44e+01,
26487,-8.00e-03,2.46e+01,
26488,-8.00e-03,2.44e+01,
26489,-8.00e-03,2.44e+01,
26490,-1.20e-02,2.44e+01,
26491,-4.00e-03,2.46e+01,
26492,-8.00e-03,2.44e+01,
26493,-8.00e-03,2.44e+01,
26494,-8.00e-03,2.44e+01,
26495,-8.00e-03,2.46e+01,
26496,-8.00e-03,2.44e+01,
26497,-8.00e-03,2.44e+01,
26498,-1.20e-02,2.44e+01,
26499,-8.00e-03,2.44e+01,
26500,-8.00e-03,2.44e+01,
26501,-8.00e-03,2.44e+01,
26502,-8.00e-03,2.44e+01,
26503,-8.00e-03,2.46e+01,
26504,-8.00e-03,2.44e+01,
26505,-8.00e-03,2.44e+01,
26506,-1.20e-02,2.44e+01,
26507,-4.00e-03,2.44e+01,
26508,-1.20e-02,2.44e+01,
26509,-1.20e-02,2.44e+01,
26510,-1.20e-02,2.44e+01,
26511,-8.00e-03,2.46e+01,
26512,-8.00e-03,2.44e+01,
26513,-8.00e-03,2.44e+01,
26514,-1.20e-02,2.44e+01,
26515,-8.00e-03,2.46e+01,
26516,-1.20e-02,2.46e+01,
26517,-8.00e-03,2.44e+01,
26518,-8.00e-03,2.44e+01,
26519,-8.00e-03,2.46e+01,
26520,-8.00e-03,2.44e+01,
26521,-8.00e-03,2.44e+01,
26522,-1.20e-02,2.44e+01,
26523,-8.00e-03,2.46e+01,
26524,-8.00e-03,2.44e+01,
26525,-8.00e-03,2.44e+01,
26526,-1.20e-02,2.42e+01,
26527,-4.00e-03,2.46e+01,
26528,-8.00e-03,2.44e+01,
26529,-8.00e-03,2.44e+01,
26530,-1.20e-02,2.44e+01,
26531,-8.00e-03,2.46e+01,
26532,-1.20e-02,2.44e+01,
26533,-1.20e-02,2.44e+01,
26534,-8.00e-03,2.44e+01,
26535,-8.00e-03,2.46e+01,
26536,-8.00e-03,2.44e+01,
26537,-8.00e-03,2.44e+01,
26538,-1.20e-02,2.44e+01,
26539,-8.00e-03,2.46e+01,
26540,-8.00e-03,2.44e+01,
26541,-8.00e-03,2.44e+01,
26542,-8.00e-03,2.44e+01,
26543,-8.00e-03,2.46e+01,
26544,-8.00e-03,2.44e+01,
26545,-8.00e-03,2.44e+01,
26546,-1.20e-02,2.44e+01,
26547,-8.00e-03,2.46e+01,
26548,-8.00e-03,2.44e+01,
26549,-8.00e-03,2.44e+01,
26550,-8.00e-03,2.44e+01,
26551,-8.00e-03,2.46e+01,
26552,-8.00e-03,2.44e+01,
26553,-8.00e-03,2.44e+01,
26554,-1.20e-02,2.44e+01,
26555,-4.00e-03,2.46e+01,
26556,-8.00e-03,2.44e+01,
26557,-8.00e-03,2.44e+01,
26558,-1.20e-02,2.44e+01,
26559,-8.00e-03,2.44e+01,
26560,-8.00e-03,2.44e+01,
26561,-8.00e-03,2.44e+01,
26562,-1.20e-02,2.44e+01,
26563,-8.00e-03,2.46e+01,
26564,-8.00e-03,2.44e+01,
26565,-8.00e-03,2.44e+01,
26566,-8.00e-03,2.44e+01,
26567,-8.00e-03,2.46e+01,
26568,-8.00e-03,2.44e+01,
26569,-8.00e-03,2.44e+01,
26570,-1.20e-02,2.44e+01,
26571,-8.00e-03,2.46e+01,
26572,-8.00e-03,2.44e+01,
26573,-8.00e-03,2.44e+01,
26574,-8.00e-03,2.44e+01,
26575,-8.00e-03,2.46e+01,
26576,-8.00e-03,2.46e+01,
26577,-8.00e-03,2.44e+01,
26578,-1.20e-02,2.44e+01,
26579,-8.00e-03,2.44e+01,
26580,-8.00e-03,2.44e+01,
26581,-8.00e-03,2.44e+01,
26582,-8.00e-03,2.44e+01,
26583,-8.00e-03,2.44e+01,
26584,-8.00e-03,2.44e+01,
26585,-8.00e-03,2.44e+01,
26586,-1.20e-02,2.44e+01,
26587,-8.00e-03,2.46e+01,
26588,-8.00e-03,2.44e+01,
26589,-8.00e-03,2.44e+01,
26590,-1.20e-02,2.44e+01,
26591,-8.00e-03,2.46e+01,
26592,-8.00e-03,2.44e+01,
26593,-8.00e-03,2.44e+01,
26594,-1.20e-02,2.44e+01,
26595,-8.00e-03,2.44e+01,
26596,-8.00e-03,2.44e+01,
26597,-8.00e-03,2.44e+01,
26598,-8.00e-03,2.42e+01,
26599,-8.00e-03,2.46e+01,
26600,-8.00e-03,2.44e+01,
26601,-8.00e-03,2.44e+01,
26602,-1.20e-02,2.44e+01,
26603,-8.00e-03,2.46e+01,
26604,-8.00e-03,2.44e+01,
26605,-8.00e-03,2.44e+01,
26606,-8.00e-03,2.44e+01,
26607,-8.00e-03,2.46e+01,
26608,-8.00e-03,2.44e+01,
26609,-8.00e-03,2.44e+01,
26610,-1.20e-02,2.44e+01,
26611,-8.00e-03,2.46e+01,
26612,-8.00e-03,2.44e+01,
26613,-8.00e-03,2.44e+01,
26614,-8.00e-03,2.42e+01,
26615,-8.00e-03,2.46e+01,
26616,-8.00e-03,2.44e+01,
26617,-8.00e-03,2.44e+01,
26618,-1.20e-02,2.44e+01,
26619,-8.00e-03,2.46e+01,
26620,-8.00e-03,2.46e+01,
26621,-8.00e-03,2.44e+01,
26622,-8.00e-03,2.44e+01,
26623,-8.00e-03,2.46e+01,
26624,-8.00e-03,2.44e+01,
26625,-8.00e-03,2.44e+01,
26626,-1.20e-02,2.44e+01,
26627,-8.00e-03,2.46e+01,
26628,-8.00e-03,2.44e+01,
26629,-8.00e-03,2.44e+01,
26630,-8.00e-03,2.44e+01,
26631,-8.00e-03,2.46e+01,
26632,-8.00e-03,2.44e+01,
26633,-8.00e-03,2.44e+01,
26634,-8.00e-03,2.44e+01,
26635,-8.00e-03,2.46e+01,
26636,-8.00e-03,2.44e+01,
26637,-8.00e-03,2.44e+01,
26638,-1.20e-02,2.44e+01,
26639,-8.00e-03,2.46e+01,
26640,-8.00e-03,2.44e+01,
26641,-8.00e-03,2.44e+01,
26642,-1.20e-02,2.44e+01,
26643,-8.00e-03,2.46e+01,
26644,-8.00e-03,2.44e+01,
26645,-8.00e-03,2.44e+01,
26646,-8.00e-03,2.44e+01,
26647,-4.00e-03,2.46e+01,
26648,-8.00e-03,2.44e+01,
26649,-8.00e-03,2.44e+01,
26650,-8.00e-03,2.44e+01,
26651,-8.00e-03,2.46e+01,
26652,-8.00e-03,2.44e+01,
26653,-8.00e-03,2.44e+01,
26654,-8.00e-03,2.42e+01,
26655,-4.00e-03,2.46e+01,
26656,-8.00e-03,2.44e+01,
26657,-8.00e-03,2.44e+01,
26658,-1.20e-02,2.44e+01,
26659,-8.00e-03,2.44e+01,
26660,-8.00e-03,2.44e+01,
26661,-8.00e-03,2.44e+01,
26662,-1.20e-02,2.44e+01,
26663,-8.00e-03,2.46e+01,
26664,-8.00e-03,2.44e+01,
26665,-8.00e-03,2.44e+01,
26666,-1.20e-02,2.44e+01,
26667,-8.00e-03,2.46e+01,
26668,-8.00e-03,2.46e+01,
26669,-8.00e-03,2.44e+01,
26670,-1.20e-02,2.44e+01,
26671,-8.00e-03,2.46e+01,
26672,-1.20e-02,2.44e+01,
26673,-8.00e-03,2.44e+01,
26674,-1.20e-02,2.44e+01,
26675,-8.00e-03,2.46e+01,
26676,-8.00e-03,2.44e+01,
26677,-8.00e-03,2.44e+01,
26678,-1.20e-02,2.44e+01,
26679,-4.00e-03,2.46e+01,
26680,-8.00e-03,2.44e+01,
26681,-8.00e-03,2.44e+01,
26682,-1.20e-02,2.44e+01,
26683,-8.00e-03,2.46e+01,
26684,-8.00e-03,2.44e+01,
26685,-8.00e-03,2.44e+01,
26686,-1.20e-02,2.44e+01,
26687,-8.00e-03,2.46e+01,
26688,-8.00e-03,2.44e+01,
26689,-8.00e-03,2.44e+01,
26690,-1.20e-02,2.44e+01,
26691,-8.00e-03,2.44e+01,
26692,-8.00e-03,2.44e+01,
26693,-8.00e-03,2.44e+01,
26694,-1.20e-02,2.44e+01,
26695,-8.00e-03,2.46e+01,
26696,-8.00e-03,2.44e+01,
26697,-8.00e-03,2.42e+01,
26698,-1.20e-02,2.44e+01,
26699,-8.00e-03,2.44e+01,
26700,-8.00e-03,2.44e+01,
26701,-8.00e-03,2.42e+01,
26702,-8.00e-03,2.44e+01,
26703,-8.00e-03,2.46e+01,
26704,-8.00e-03,2.44e+01,
26705,-8.00e-03,2.44e+01,
26706,-1.20e-02,2.44e+01,
26707,-8.00e-03,2.44e+01,
26708,-8.00e-03,2.44e+01,
26709,-8.00e-03,2.44e+01,
26710,-8.00e-03,2.44e+01,
26711,-8.00e-03,2.44e+01,
26712,-8.00e-03,2.44e+01,
26713,-8.00e-03,2.44e+01,
26714,-1.20e-02,2.44e+01,
26715,-8.00e-03,2.44e+01,
26716,-8.00e-03,2.44e+01,
26717,-8.00e-03,2.42e+01,
26718,-8.00e-03,2.44e+01,
26719,-4.00e-03,2.46e+01,
26720,-8.00e-03,2.44e+01,
26721,-8.00e-03,2.44e+01,
26722,-8.00e-03,2.44e+01,
26723,-8.00e-03,2.46e+01,
26724,-8.00e-03,2.44e+01,
26725,-8.00e-03,2.44e+01,
26726,-8.00e-03,2.44e+01,
26727,-8.00e-03,2.46e+01,
26728,-8.00e-03,2.44e+01,
26729,-8.00e-03,2.44e+01,
26730,-8.00e-03,2.44e+01,
26731,-8.00e-03,2.46e+01,
26732,-8.00e-03,2.44e+01,
26733,-8.00e-03,2.44e+01,
26734,-1.20e-02,2.44e+01,
26735,-8.00e-03,2.46e+01,
26736,-8.00e-03,2.44e+01,
26737,-8.00e-03,2.44e+01,
26738,-8.00e-03,2.44e+01,
26739,-4.00e-03,2.46e+01,
26740,-8.00e-03,2.44e+01,
26741,-8.00e-03,2.44e+01,
26742,-1.20e-02,2.44e+01,
26743,-8.00e-03,2.44e+01,
26744,-8.00e-03,2.44e+01,
26745,-8.00e-03,2.44e+01,
26746,-1.20e-02,2.44e+01,
26747,-8.00e-03,2.46e+01,
26748,-8.00e-03,2.44e+01,
26749,-8.00e-03,2.44e+01,
26750,-8.00e-03,2.44e+01,
26751,-8.00e-03,2.46e+01,
26752,-8.00e-03,2.44e+01,
26753,-8.00e-03,2.42e+01,
26754,-1.20e-02,2.44e+01,
26755,-8.00e-03,2.46e+01,
26756,-8.00e-03,2.44e+01,
26757,-8.00e-03,2.44e+01,
26758,-8.00e-03,2.44e+01,
26759,-8.00e-03,2.46e+01,
26760,-8.00e-03,2.44e+01,
26761,-8.00e-03,2.44e+01,
26762,-8.00e-03,2.44e+01,
26763,-8.00e-03,2.46e+01,
26764,-8.00e-03,2.44e+01,
26765,-8.00e-03,2.44e+01,
26766,-8.00e-03,2.44e+01,
26767,-8.00e-03,2.46e+01,
26768,-8.00e-03,2.44e+01,
26769,-8.00e-03,2.44e+01,
26770,-8.00e-03,2.44e+01,
26771,-8.00e-03,2.46e+01,
26772,-8.00e-03,2.44e+01,
26773,-8.00e-03,2.44e+01,
26774,-8.00e-03,2.44e+01,
26775,-8.00e-03,2.46e+01,
26776,-8.00e-03,2.44e+01,
26777,-8.00e-03,2.44e+01,
26778,-8.00e-03,2.44e+01,
26779,-8.00e-03,2.44e+01,
26780,-8.00e-03,2.44e+01,
26781,-8.00e-03,2.44e+01,
26782,-8.00e-03,2.42e+01,
26783,-8.00e-03,2.46e+01,
26784,-8.00e-03,2.44e+01,
26785,-8.00e-03,2.44e+01,
26786,-1.20e-02,2.44e+01,
26787,-8.00e-03,2.46e+01,
26788,-1.20e-02,2.44e+01,
26789,-8.00e-03,2.44e+01,
26790,-1.20e-02,2.44e+01,
26791,-8.00e-03,2.46e+01,
26792,-8.00e-03,2.44e+01,
26793,-8.00e-03,2.44e+01,
26794,-1.20e-02,2.44e+01,
26795,-8.00e-03,2.46e+01,
26796,-8.00e-03,2.44e+01,
26797,-8.00e-03,2.44e+01,
26798,-1.20e-02,2.44e+01,
26799,-8.00e-03,2.46e+01,
26800,-8.00e-03,2.44e+01,
26801,-8.00e-03,2.44e+01,
26802,-1.20e-02,2.44e+01,
26803,-8.00e-03,2.46e+01,
26804,-8.00e-03,2.44e+01,
26805,-8.00e-03,2.42e+01,
26806,-8.00e-03,2.44e+01,
26807,-8.00e-03,2.46e+01,
26808,-8.00e-03,2.44e+01,
26809,-8.00e-03,2.42e+01,
26810,-8.00e-03,2.44e+01,
26811,-8.00e-03,2.46e+01,
26812,-8.00e-03,2.44e+01,
26813,-8.00e-03,2.44e+01,
26814,-1.20e-02,2.44e+01,
26815,-8.00e-03,2.46e+01,
26816,-8.00e-03,2.44e+01,
26817,-8.00e-03,2.42e+01,
26818,-1.20e-02,2.44e+01,
26819,-8.00e-03,2.46e+01,
26820,-8.00e-03,2.44e+01,
26821,-8.00e-03,2.44e+01,
26822,-8.00e-03,2.44e+01,
26823,-8.00e-03,2.46e+01,
26824,-8.00e-03,2.44e+01,
26825,-8.00e-03,2.44e+01,
26826,-1.20e-02,2.44e+01,
26827,-8.00e-03,2.46e+01,
26828,-8.00e-03,2.44e+01,
26829,-8.00e-03,2.42e+01,
26830,-8.00e-03,2.44e+01,
26831,-8.00e-03,2.46e+01,
26832,-8.00e-03,2.44e+01,
26833,-8.00e-03,2.44e+01,
26834,-8.00e-03,2.44e+01,
26835,-8.00e-03,2.46e+01,
26836,-1.20e-02,2.44e+01,
26837,-8.00e-03,2.44e+01,
26838,-1.20e-02,2.44e+01,
26839,-8.00e-03,2.44e+01,
26840,-8.00e-03,2.44e+01,
26841,-8.00e-03,2.42e+01,
26842,-1.20e-02,2.44e+01,
26843,-8.00e-03,2.44e+01,
26844,-8.00e-03,2.44e+01,
26845,-8.00e-03,2.44e+01,
26846,-8.00e-03,2.44e+01,
26847,-8.00e-03,2.44e+01,
26848,-8.00e-03,2.44e+01,
26849,-8.00e-03,2.42e+01,
26850,-1.20e-02,2.44e+01,
26851,-8.00e-03,2.46e+01,
26852,-8.00e-03,2.44e+01,
26853,-8.00e-03,2.44e+01,
26854,-1.20e-02,2.44e+01,
26855,-8.00e-03,2.44e+01,
26856,-8.00e-03,2.42e+01,
26857,-8.00e-03,2.44e+01,
26858,-8.00e-03,2.44e+01,
26859,-8.00e-03,2.44e+01,
26860,-8.00e-03,2.44e+01,
26861,-8.00e-03,2.44e+01,
26862,-8.00e-03,2.44e+01,
26863,-8.00e-03,2.46e+01,
26864,-8.00e-03,2.44e+01,
26865,-8.00e-03,2.44e+01,
26866,-1.20e-02,2.44e+01,
26867,-8.00e-03,2.46e+01,
26868,-8.00e-03,2.42e+01,
26869,-8.00e-03,2.42e+01,
26870,-8.00e-03,2.42e+01,
26871,-8.00e-03,2.44e+01,
26872,-8.00e-03,2.44e+01,
26873,-8.00e-03,2.42e+01,
26874,-8.00e-03,2.42e+01,
26875,-8.00e-03,2.46e+01,
26876,-8.00e-03,2.42e+01,
26877,-8.00e-03,2.44e+01,
26878,-8.00e-03,2.42e+01,
26879,-8.00e-03,2.46e+01,
26880,-8.00e-03,2.44e+01,
26881,-8.00e-03,2.44e+01,
26882,-1.20e-02,2.44e+01,
26883,-4.00e-03,2.44e+01,
26884,-8.00e-03,2.44e+01,
26885,-8.00e-03,2.42e+01,
26886,-8.00e-03,2.44e+01,
26887,-8.00e-03,2.44e+01,
26888,-8.00e-03,2.44e+01,
26889,-8.00e-03,2.42e+01,
26890,-1.20e-02,2.44e+01,
26891,-8.00e-03,2.44e+01,
26892,-8.00e-03,2.42e+01,
26893,-8.00e-03,2.42e+01,
26894,-8.00e-03,2.44e+01,
26895,-8.00e-03,2.46e+01,
26896,-8.00e-03,2.44e+01,
26897,-8.00e-03,2.42e+01,
26898,-1.20e-02,2.44e+01,
26899,-8.00e-03,2.44e+01,
26900,-8.00e-03,2.44e+01,
26901,-8.00e-03,2.44e+01,
26902,-8.00e-03,2.42e+01,
26903,-8.00e-03,2.46e+01,
26904,-8.00e-03,2.44e+01,
26905,-8.00e-03,2.44e+01,
26906,-8.00e-03,2.44e+01,
26907,-8.00e-03,2.46e+01,
26908,-8.00e-03,2.44e+01,
26909,-8.00e-03,2.44e+01,
26910,-1.20e-02,2.44e+01,
26911,-8.00e-03,2.44e+01,
26912,-8.00e-03,2.44e+01,
26913,-8.00e-03,2.44e+01,
26914,-1.20e-02,2.44e+01,
26915,-8.00e-03,2.44e+01,
26916,-8.00e-03,2.44e+01,
26917,-8.00e-03,2.42e+01,
26918,-8.00e-03,2.44e+01,
26919,-8.00e-03,2.46e+01,
26920,-8.00e-03,2.44e+01,
26921,-8.00e-03,2.44e+01,
26922,-8.00e-03,2.44e+01,
26923,-4.00e-03,2.46e+01,
26924,-8.00e-03,2.44e+01,
26925,-8.00e-03,2.44e+01,
26926,-1.20e-02,2.44e+01,
26927,-8.00e-03,2.44e+01,
26928,-8.00e-03,2.44e+01,
26929,-8.00e-03,2.42e+01,
26930,-1.20e-02,2.44e+01,
26931,-8.00e-03,2.46e+01,
26932,-8.00e-03,2.44e+01,
26933,-8.00e-03,2.44e+01,
26934,-1.20e-02,2.42e+01,
26935,-8.00e-03,2.46e+01,
26936,-8.00e-03,2.44e+01,
26937,-8.00e-03,2.44e+01,
26938,-8.00e-03,2.44e+01,
26939,-8.00e-03,2.46e+01,
26940,-8.00e-03,2.44e+01,
26941,-8.00e-03,2.44e+01,
26942,-8.00e-03,2.44e+01,
26943,-8.00e-03,2.44e+01,
26944,-8.00e-03,2.44e+01,
26945,-8.00e-03,2.44e+01,
26946,-8.00e-03,2.44e+01,
26947,-8.00e-03,2.46e+01,
26948,-8.00e-03,2.44e+01,
26949,-8.00e-03,2.44e+01,
26950,-8.00e-03,2.44e+01,
26951,-8.00e-03,2.46e+01,
26952,-8.00e-03,2.44e+01,
26953,-8.00e-03,2.44e+01,
26954,-1.20e-02,2.44e+01,
26955,-8.00e-03,2.44e+01,
26956,-8.00e-03,2.44e+01,
26957,-8.00e-03,2.42e+01,
26958,-8.00e-03,2.44e+01,
26959,-8.00e-03,2.44e+01,
26960,-8.00e-03,2.44e+01,
26961,-8.00e-03,2.42e+01,
26962,-1.20e-02,2.44e+01,
26963,-8.00e-03,2.46e+01,
26964,-8.00e-03,2.44e+01,
26965,-8.00e-03,2.44e+01,
26966,-8.00e-03,2.44e+01,
26967,-8.00e-03,2.44e+01,
26968,-8.00e-03,2.44e+01,
26969,-8.00e-03,2.42e+01,
26970,-1.20e-02,2.42e+01,
26971,-8.00e-03,2.44e+01,
26972,-8.00e-03,2.44e+01,
26973,-8.00e-03,2.44e+01,
26974,-1.20e-02,2.44e+01,
26975,-8.00e-03,2.46e+01,
26976,-8.00e-03,2.44e+01,
26977,-8.00e-03,2.42e+01,
26978,-8.00e-03,2.44e+01,
26979,-8.00e-03,2.44e+01,
26980,-8.00e-03,2.44e+01,
26981,-8.00e-03,2.42e+01,
26982,-8.00e-03,2.44e+01,
26983,-8.00e-03,2.44e+01,
26984,-8.00e-03,2.44e+01,
26985,-8.00e-03,2.44e+01,
26986,-1.20e-02,2.44e+01,
26987,-8.00e-03,2.44e+01,
26988,-8.00e-03,2.44e+01,
26989,-8.00e-03,2.44e+01,
26990,-8.00e-03,2.42e+01,
26991,-8.00e-03,2.44e+01,
26992,-8.00e-03,2.44e+01,
26993,-8.00e-03,2.44e+01,
26994,-1.20e-02,2.44e+01,
26995,-8.00e-03,2.46e+01,
26996,-8.00e-03,2.44e+01,
26997,-8.00e-03,2.42e+01,
26998,-8.00e-03,2.44e+01,
26999,-8.00e-03,2.44e+01,
27000,-8.00e-03,2.44e+01,
27001,-8.00e-03,2.44e+01,
27002,-1.20e-02,2.44e+01,
27003,-8.00e-03,2.44e+01,
27004,-8.00e-03,2.44e+01,
27005,-8.00e-03,2.44e+01,
27006,-8.00e-03,2.42e+01,
27007,-8.00e-03,2.46e+01,
27008,-8.00e-03,2.44e+01,
27009,-4.00e-03,2.42e+01,
27010,-1.20e-02,2.44e+01,
27011,-8.00e-03,2.44e+01,
27012,-8.00e-03,2.44e+01,
27013,-8.00e-03,2.42e+01,
27014,-8.00e-03,2.44e+01,
27015,-8.00e-03,2.46e+01,
27016,-8.00e-03,2.44e+01,
27017,-8.00e-03,2.42e+01,
27018,-1.20e-02,2.44e+01,
27019,-8.00e-03,2.46e+01,
27020,-1.20e-02,2.44e+01,
27021,-8.00e-03,2.44e+01,
27022,-8.00e-03,2.44e+01,
27023,-8.00e-03,2.44e+01,
27024,-8.00e-03,2.44e+01,
27025,-8.00e-03,2.42e+01,
27026,-1.20e-02,2.44e+01,
27027,-4.00e-03,2.46e+01,
27028,-8.00e-03,2.44e+01,
27029,-1.20e-02,2.42e+01,
27030,-8.00e-03,2.42e+01,
27031,-8.00e-03,2.46e+01,
27032,-8.00e-03,2.44e+01,
27033,-8.00e-03,2.42e+01,
27034,-1.20e-02,2.42e+01,
27035,-8.00e-03,2.46e+01,
27036,-8.00e-03,2.44e+01,
27037,-8.00e-03,2.44e+01,
27038,-8.00e-03,2.44e+01,
27039,-8.00e-03,2.44e+01,
27040,-8.00e-03,2.44e+01,
27041,-8.00e-03,2.42e+01,
27042,-8.00e-03,2.42e+01,
27043,-8.00e-03,2.46e+01,
27044,-8.00e-03,2.44e+01,
27045,-8.00e-03,2.42e+01,
27046,-8.00e-03,2.44e+01,
27047,-8.00e-03,2.44e+01,
27048,-8.00e-03,2.44e+01,
27049,-8.00e-03,2.42e+01,
27050,-1.20e-02,2.44e+01,
27051,-8.00e-03,2.46e+01,
27052,-8.00e-03,2.44e+01,
27053,-8.00e-03,2.42e+01,
27054,-8.00e-03,2.42e+01,
27055,-8.00e-03,2.46e+01,
27056,-8.00e-03,2.44e+01,
27057,-8.00e-03,2.42e+01,
27058,-1.20e-02,2.42e+01,
27059,-8.00e-03,2.44e+01,
27060,-8.00e-03,2.44e+01,
27061,-8.00e-03,2.44e+01,
27062,-8.00e-03,2.44e+01,
27063,-8.00e-03,2.44e+01,
27064,-8.00e-03,2.44e+01,
27065,-8.00e-03,2.44e+01,
27066,-8.00e-03,2.42e+01,
27067,-8.00e-03,2.44e+01,
27068,-8.00e-03,2.44e+01,
27069,-8.00e-03,2.42e+01,
27070,-8.00e-03,2.44e+01,
27071,-8.00e-03,2.44e+01,
27072,-8.00e-03,2.44e+01,
27073,-8.00e-03,2.44e+01,
27074,-8.00e-03,2.44e+01,
27075,-8.00e-03,2.44e+01,
27076,-8.00e-03,2.44e+01,
27077,-8.00e-03,2.44e+01,
27078,-1.20e-02,2.42e+01,
27079,-8.00e-03,2.46e+01,
27080,-8.00e-03,2.44e+01,
27081,-8.00e-03,2.44e+01,
27082,-1.20e-02,2.44e+01,
27083,-8.00e-03,2.46e+01,
27084,-8.00e-03,2.44e+01,
27085,-8.00e-03,2.44e+01,
27086,-8.00e-03,2.44e+01,
27087,-8.00e-03,2.46e+01,
27088,-8.00e-03,2.44e+01,
27089,-8.00e-03,2.42e+01,
27090,-1.20e-02,2.44e+01,
27091,-8.00e-03,2.44e+01,
27092,-8.00e-03,2.42e+01,
27093,-8.00e-03,2.42e+01,
27094,-8.00e-03,2.44e+01,
27095,-8.00e-03,2.44e+01,
27096,-8.00e-03,2.44e+01,
27097,-8.00e-03,2.42e+01,
27098,-1.20e-02,2.42e+01,
27099,-4.00e-03,2.44e+01,
27100,-8.00e-03,2.44e+01,
27101,-8.00e-03,2.42e+01,
27102,-8.00e-03,2.42e+01,
27103,-8.00e-03,2.44e+01,
27104,-8.00e-03,2.44e+01,
27105,-8.00e-03,2.44e+01,
27106,-1.20e-02,2.42e+01,
27107,-4.00e-03,2.44e+01,
27108,-8.00e-03,2.44e+01,
27109,-8.00e-03,2.42e+01,
27110,-8.00e-03,2.44e+01,
27111,-8.00e-03,2.44e+01,
27112,-8.00e-03,2.42e+01,
27113,-8.00e-03,2.44e+01,
27114,-1.20e-02,2.44e+01,
27115,-8.00e-03,2.44e+01,
27116,-8.00e-03,2.44e+01,
27117,-8.00e-03,2.42e+01,
27118,-8.00e-03,2.42e+01,
27119,-8.00e-03,2.46e+01,
27120,-8.00e-03,2.44e+01,
27121,-8.00e-03,2.44e+01,
27122,-1.20e-02,2.44e+01,
27123,-8.00e-03,2.44e+01,
27124,-8.00e-03,2.44e+01,
27125,-8.00e-03,2.42e+01,
27126,-8.00e-03,2.44e+01,
27127,-8.00e-03,2.44e+01,
27128,-8.00e-03,2.44e+01,
27129,-8.00e-03,2.44e+01,
27130,-8.00e-03,2.42e+01,
27131,-8.00e-03,2.44e+01,
27132,-8.00e-03,2.44e+01,
27133,-8.00e-03,2.42e+01,
27134,-8.00e-03,2.42e+01,
27135,-8.00e-03,2.44e+01,
27136,-8.00e-03,2.44e+01,
27137,-8.00e-03,2.44e+01,
27138,-1.20e-02,2.42e+01,
27139,-4.00e-03,2.46e+01,
27140,-8.00e-03,2.44e+01,
27141,-8.00e-03,2.42e+01,
27142,-8.00e-03,2.42e+01,
27143,-8.00e-03,2.46e+01,
27144,-8.00e-03,2.44e+01,
27145,-8.00e-03,2.44e+01,
27146,-1.20e-02,2.44e+01,
27147,-8.00e-03,2.44e+01,
27148,-8.00e-03,2.44e+01,
27149,-8.00e-03,2.42e+01,
27150,-8.00e-03,2.42e+01,
27151,-8.00e-03,2.46e+01,
27152,-8.00e-03,2.44e+01,
27153,-8.00e-03,2.42e+01,
27154,-1.20e-02,2.42e+01,
27155,-8.00e-03,2.44e+01,
27156,-8.00e-03,2.44e+01,
27157,-8.00e-03,2.44e+01,
27158,-8.00e-03,2.44e+01,
27159,-8.00e-03,2.46e+01,
27160,-8.00e-03,2.44e+01,
27161,-8.00e-03,2.42e+01,
27162,-1.20e-02,2.44e+01,
27163,-8.00e-03,2.44e+01,
27164,-8.00e-03,2.44e+01,
27165,-8.00e-03,2.42e+01,
27166,-8.00e-03,2.44e+01,
27167,-8.00e-03,2.46e+01,
27168,-8.00e-03,2.44e+01,
27169,-8.00e-03,2.42e+01,
27170,-1.20e-02,2.42e+01,
27171,-8.00e-03,2.46e+01,
27172,-8.00e-03,2.44e+01,
27173,-8.00e-03,2.42e+01,
27174,-8.00e-03,2.42e+01,
27175,-8.00e-03,2.44e+01,
27176,-8.00e-03,2.42e+01,
27177,-8.00e-03,2.42e+01,
27178,-1.20e-02,2.44e+01,
27179,-8.00e-03,2.44e+01,
27180,-8.00e-03,2.42e+01,
27181,-8.00e-03,2.42e+01,
27182,-8.00e-03,2.42e+01,
27183,-8.00e-03,2.44e+01,
27184,-8.00e-03,2.44e+01,
27185,-8.00e-03,2.44e+01,
27186,-1.20e-02,2.44e+01,
27187,-8.00e-03,2.46e+01,
27188,-8.00e-03,2.44e+01,
27189,-8.00e-03,2.44e+01,
27190,-8.00e-03,2.44e+01,
27191,-8.00e-03,2.46e+01,
27192,-8.00e-03,2.44e+01,
27193,-8.00e-03,2.42e+01,
27194,-8.00e-03,2.44e+01,
27195,-8.00e-03,2.44e+01,
27196,-8.00e-03,2.44e+01,
27197,-8.00e-03,2.42e+01,
27198,-8.00e-03,2.44e+01,
27199,-8.00e-03,2.46e+01,
27200,-8.00e-03,2.44e+01,
27201,-8.00e-03,2.44e+01,
27202,-1.20e-02,2.44e+01,
27203,-8.00e-03,2.46e+01,
27204,-8.00e-03,2.42e+01,
27205,-8.00e-03,2.42e+01,
27206,-8.00e-03,2.44e+01,
27207,-8.00e-03,2.44e+01,
27208,-8.00e-03,2.44e+01,
27209,-8.00e-03,2.42e+01,
27210,-1.20e-02,2.44e+01,
27211,-8.00e-03,2.44e+01,
27212,-8.00e-03,2.44e+01,
27213,-8.00e-03,2.44e+01,
27214,-8.00e-03,2.44e+01,
27215,-8.00e-03,2.44e+01,
27216,-8.00e-03,2.42e+01,
27217,-8.00e-03,2.42e+01,
27218,-1.20e-02,2.44e+01,
27219,-8.00e-03,2.44e+01,
27220,-8.00e-03,2.42e+01,
27221,-8.00e-03,2.42e+01,
27222,-8.00e-03,2.44e+01,
27223,-8.00e-03,2.44e+01,
27224,-8.00e-03,2.44e+01,
27225,-8.00e-03,2.44e+01,
27226,-1.20e-02,2.44e+01,
27227,-8.00e-03,2.44e+01,
27228,-8.00e-03,2.44e+01,
27229,-8.00e-03,2.42e+01,
27230,-8.00e-03,2.42e+01,
27231,-8.00e-03,2.44e+01,
27232,-8.00e-03,2.42e+01,
27233,-8.00e-03,2.42e+01,
27234,-1.20e-02,2.42e+01,
27235,-8.00e-03,2.44e+01,
27236,-8.00e-03,2.44e+01,
27237,-8.00e-03,2.42e+01,
27238,-8.00e-03,2.44e+01,
27239,-8.00e-03,2.46e+01,
27240,-8.00e-03,2.44e+01,
27241,-8.00e-03,2.42e+01,
27242,-1.20e-02,2.42e+01,
27243,-8.00e-03,2.44e+01,
27244,-8.00e-03,2.44e+01,
27245,-8.00e-03,2.44e+01,
27246,-8.00e-03,2.42e+01,
27247,-8.00e-03,2.44e+01,
27248,-8.00e-03,2.44e+01,
27249,-8.00e-03,2.44e+01,
27250,-1.20e-02,2.44e+01,
27251,-8.00e-03,2.44e+01,
27252,-8.00e-03,2.44e+01,
27253,-8.00e-03,2.42e+01,
27254,-8.00e-03,2.44e+01,
27255,-8.00e-03,2.44e+01,
27256,-8.00e-03,2.42e+01,
27257,-8.00e-03,2.42e+01,
27258,-1.20e-02,2.42e+01,
27259,-8.00e-03,2.44e+01,
27260,-8.00e-03,2.42e+01,
27261,-8.00e-03,2.42e+01,
27262,-8.00e-03,2.42e+01,
27263,-8.00e-03,2.44e+01,
27264,-8.00e-03,2.42e+01,
27265,-8.00e-03,2.42e+01,
27266,-1.20e-02,2.42e+01,
27267,-8.00e-03,2.46e+01,
27268,-8.00e-03,2.44e+01,
27269,-8.00e-03,2.42e+01,
27270,-8.00e-03,2.44e+01,
27271,-8.00e-03,2.44e+01,
27272,-8.00e-03,2.44e+01,
27273,-8.00e-03,2.44e+01,
27274,-1.20e-02,2.42e+01,
27275,-8.00e-03,2.44e+01,
27276,-8.00e-03,2.44e+01,
27277,-8.00e-03,2.42e+01,
27278,-1.20e-02,2.42e+01,
27279,-8.00e-03,2.44e+01,
27280,-8.00e-03,2.44e+01,
27281,-8.00e-03,2.42e+01,
27282,-8.00e-03,2.44e+01,
27283,-8.00e-03,2.44e+01,
27284,-8.00e-03,2.44e+01,
27285,-8.00e-03,2.42e+01,
27286,-8.00e-03,2.42e+01,
27287,-8.00e-03,2.44e+01,
27288,-8.00e-03,2.42e+01,
27289,-8.00e-03,2.42e+01,
27290,-1.20e-02,2.44e+01,
27291,-8.00e-03,2.44e+01,
27292,-8.00e-03,2.44e+01,
27293,-8.00e-03,2.42e+01,
27294,-8.00e-03,2.42e+01,
27295,-8.00e-03,2.46e+01,
27296,-8.00e-03,2.42e+01,
27297,-8.00e-03,2.42e+01,
27298,-1.20e-02,2.42e+01,
27299,-8.00e-03,2.44e+01,
27300,-8.00e-03,2.44e+01,
27301,-8.00e-03,2.42e+01,
27302,-8.00e-03,2.42e+01,
27303,-8.00e-03,2.44e+01,
27304,-8.00e-03,2.42e+01,
27305,-8.00e-03,2.42e+01,
27306,-8.00e-03,2.44e+01,
27307,-8.00e-03,2.44e+01,
27308,-8.00e-03,2.44e+01,
27309,-8.00e-03,2.42e+01,
27310,-8.00e-03,2.44e+01,
27311,-8.00e-03,2.44e+01,
27312,-8.00e-03,2.44e+01,
27313,-8.00e-03,2.42e+01,
27314,-1.20e-02,2.44e+01,
27315,-8.00e-03,2.42e+01,
27316,-8.00e-03,2.44e+01,
27317,-8.00e-03,2.42e+01,
27318,-8.00e-03,2.44e+01,
27319,-8.00e-03,2.46e+01,
27320,-8.00e-03,2.42e+01,
27321,-8.00e-03,2.42e+01,
27322,-8.00e-03,2.42e+01,
27323,-8.00e-03,2.44e+01,
27324,-8.00e-03,2.44e+01,
27325,-8.00e-03,2.42e+01,
27326,-8.00e-03,2.42e+01,
27327,-8.00e-03,2.44e+01,
27328,-8.00e-03,2.42e+01,
27329,-8.00e-03,2.44e+01,
27330,-1.20e-02,2.42e+01,
27331,-8.00e-03,2.44e+01,
27332,-8.00e-03,2.44e+01,
27333,-8.00e-03,2.44e+01,
27334,-8.00e-03,2.42e+01,
27335,-8.00e-03,2.44e+01,
27336,-8.00e-03,2.44e+01,
27337,-8.00e-03,2.44e+01,
27338,-8.00e-03,2.42e+01,
27339,-8.00e-03,2.44e+01,
27340,-8.00e-03,2.44e+01,
27341,-8.00e-03,2.44e+01,
27342,-8.00e-03,2.44e+01,
27343,-8.00e-03,2.44e+01,
27344,-8.00e-03,2.42e+01,
27345,-8.00e-03,2.42e+01,
27346,-1.20e-02,2.42e+01,
27347,-8.00e-03,2.44e+01,
27348,-8.00e-03,2.44e+01,
27349,-8.00e-03,2.42e+01,
27350,-8.00e-03,2.42e+01,
27351,-8.00e-03,2.44e+01,
27352,-8.00e-03,2.42e+01,
27353,-8.00e-03,2.42e+01,
27354,-8.00e-03,2.42e+01,
27355,-8.00e-03,2.44e+01,
27356,-8.00e-03,2.42e+01,
27357,-8.00e-03,2.42e+01,
27358,-1.20e-02,2.44e+01,
27359,-4.00e-03,2.44e+01,
27360,-8.00e-03,2.44e+01,
27361,-8.00e-03,2.42e+01,
27362,-1.20e-02,2.42e+01,
27363,-8.00e-03,2.44e+01,
27364,-8.00e-03,2.44e+01,
27365,-8.00e-03,2.42e+01,
27366,-8.00e-03,2.42e+01,
27367,-8.00e-03,2.44e+01,
27368,-8.00e-03,2.44e+01,
27369,-8.00e-03,2.42e+01,
27370,-8.00e-03,2.42e+01,
27371,-8.00e-03,2.44e+01,
27372,-8.00e-03,2.44e+01,
27373,-8.00e-03,2.42e+01,
27374,-8.00e-03,2.42e+01,
27375,-8.00e-03,2.44e+01,
27376,-8.00e-03,2.44e+01,
27377,-8.00e-03,2.42e+01,
27378,-8.00e-03,2.44e+01,
27379,-8.00e-03,2.44e+01,
27380,-8.00e-03,2.44e+01,
27381,-8.00e-03,2.42e+01,
27382,-1.20e-02,2.42e+01,
27383,-8.00e-03,2.44e+01,
27384,-8.00e-03,2.42e+01,
27385,-8.00e-03,2.42e+01,
27386,-8.00e-03,2.44e+01,
27387,-8.00e-03,2.44e+01,
27388,-1.20e-02,2.42e+01,
27389,-8.00e-03,2.42e+01,
27390,-1.20e-02,2.44e+01,
27391,-8.00e-03,2.44e+01,
27392,-8.00e-03,2.44e+01,
27393,-8.00e-03,2.42e+01,
27394,-1.20e-02,2.42e+01,
27395,-8.00e-03,2.44e+01,
27396,-8.00e-03,2.44e+01,
27397,-8.00e-03,2.42e+01,
27398,-8.00e-03,2.44e+01,
27399,-8.00e-03,2.44e+01,
27400,-8.00e-03,2.42e+01,
27401,-8.00e-03,2.42e+01,
27402,-8.00e-03,2.44e+01,
27403,-4.00e-03,2.44e+01,
27404,-8.00e-03,2.42e+01,
27405,-8.00e-03,2.42e+01,
27406,-8.00e-03,2.42e+01,
27407,-8.00e-03,2.44e+01,
27408,-8.00e-03,2.42e+01,
27409,-8.00e-03,2.42e+01,
27410,-1.20e-02,2.42e+01,
27411,-8.00e-03,2.44e+01,
27412,-8.00e-03,2.42e+01,
27413,-8.00e-03,2.42e+01,
27414,-8.00e-03,2.42e+01,
27415,-8.00e-03,2.44e+01,
27416,-8.00e-03,2.42e+01,
27417,-8.00e-03,2.42e+01,
27418,-1.20e-02,2.42e+01,
27419,-8.00e-03,2.44e+01,
27420,-8.00e-03,2.44e+01,
27421,-8.00e-03,2.42e+01,
27422,-1.20e-02,2.42e+01,
27423,-8.00e-03,2.44e+01,
27424,-8.00e-03,2.42e+01,
27425,-8.00e-03,2.42e+01,
27426,-8.00e-03,2.42e+01,
27427,-8.00e-03,2.44e+01,
27428,-8.00e-03,2.44e+01,
27429,-8.00e-03,2.42e+01,
27430,-8.00e-03,2.42e+01,
27431,-8.00e-03,2.44e+01,
27432,-8.00e-03,2.42e+01,
27433,-8.00e-03,2.42e+01,
27434,-8.00e-03,2.42e+01,
27435,-8.00e-03,2.44e+01,
27436,-8.00e-03,2.42e+01,
27437,-8.00e-03,2.42e+01,
27438,-8.00e-03,2.42e+01,
27439,-8.00e-03,2.44e+01,
27440,-8.00e-03,2.42e+01,
27441,-8.00e-03,2.42e+01,
27442,-1.20e-02,2.42e+01,
27443,-8.00e-03,2.46e+01,
27444,-8.00e-03,2.44e+01,
27445,-8.00e-03,2.44e+01,
27446,-8.00e-03,2.42e+01,
27447,-8.00e-03,2.44e+01,
27448,-8.00e-03,2.42e+01,
27449,-8.00e-03,2.42e+01,
27450,-8.00e-03,2.42e+01,
27451,-8.00e-03,2.44e+01,
27452,-8.00e-03,2.44e+01,
27453,-8.00e-03,2.42e+01,
27454,-8.00e-03,2.42e+01,
27455,-8.00e-03,2.44e+01,
27456,-8.00e-03,2.44e+01,
27457,-8.00e-03,2.42e+01,
27458,-8.00e-03,2.44e+01,
27459,-8.00e-03,2.44e+01,
27460,-8.00e-03,2.42e+01,
27461,-8.00e-03,2.42e+01,
27462,-8.00e-03,2.42e+01,
27463,-8.00e-03,2.44e+01,
27464,-8.00e-03,2.42e+01,
27465,-8.00e-03,2.44e+01,
27466,-1.20e-02,2.44e+01,
27467,-8.00e-03,2.44e+01,
27468,-8.00e-03,2.42e+01,
27469,-8.00e-03,2.42e+01,
27470,-8.00e-03,2.42e+01,
27471,-8.00e-03,2.44e+01,
27472,-8.00e-03,2.44e+01,
27473,-8.00e-03,2.44e+01,
27474,-1.20e-02,2.42e+01,
27475,-8.00e-03,2.44e+01,
27476,-8.00e-03,2.42e+01,
27477,-8.00e-03,2.42e+01,
27478,-8.00e-03,2.42e+01,
27479,-8.00e-03,2.44e+01,
27480,-8.00e-03,2.42e+01,
27481,-8.00e-03,2.42e+01,
27482,-1.20e-02,2.42e+01,
27483,-8.00e-03,2.44e+01,
27484,-8.00e-03,2.44e+01,
27485,-8.00e-03,2.42e+01,
27486,-8.00e-03,2.42e+01,
27487,-8.00e-03,2.44e+01,
27488,-8.00e-03,2.42e+01,
27489,-8.00e-03,2.42e+01,
27490,-1.20e-02,2.42e+01,
27491,-8.00e-03,2.44e+01,
27492,-8.00e-03,2.42e+01,
27493,-8.00e-03,2.42e+01,
27494,-8.00e-03,2.42e+01,
27495,-8.00e-03,2.44e+01,
27496,-8.00e-03,2.44e+01,
27497,-8.00e-03,2.42e+01,
27498,-1.20e-02,2.42e+01,
27499,-8.00e-03,2.44e+01,
27500,-8.00e-03,2.44e+01,
27501,-8.00e-03,2.42e+01,
27502,-8.00e-03,2.42e+01,
27503,-8.00e-03,2.44e+01,
27504,-8.00e-03,2.44e+01,
27505,-8.00e-03,2.42e+01,
27506,-1.20e-02,2.42e+01,
27507,-4.00e-03,2.44e+01,
27508,-8.00e-03,2.42e+01,
27509,-8.00e-03,2.42e+01,
27510,-8.00e-03,2.42e+01,
27511,-8.00e-03,2.44e+01,
27512,-8.00e-03,2.42e+01,
27513,-8.00e-03,2.42e+01,
27514,-1.20e-02,2.44e+01,
27515,-8.00e-03,2.44e+01,
27516,-8.00e-03,2.44e+01,
27517,-8.00e-03,2.42e+01,
27518,-8.00e-03,2.42e+01,
27519,-8.00e-03,2.44e+01,
27520,-8.00e-03,2.42e+01,
27521,-8.00e-03,2.42e+01,
27522,-8.00e-03,2.42e+01,
27523,-8.00e-03,2.44e+01,
27524,-8.00e-03,2.44e+01,
27525,-8.00e-03,2.42e+01,
27526,-8.00e-03,2.42e+01,
27527,-8.00e-03,2.44e+01,
27528,-8.00e-03,2.44e+01,
27529,-8.00e-03,2.42e+01,
27530,-8.00e-03,2.42e+01,
27531,-8.00e-03,2.44e+01,
27532,-8.00e-03,2.42e+01,
27533,-8.00e-03,2.42e+01,
27534,-8.00e-03,2.42e+01,
27535,-8.00e-03,2.44e+01,
27536,-8.00e-03,2.42e+01,
27537,-8.00e-03,2.42e+01,
27538,-1.20e-02,2.42e+01,
27539,-8.00e-03,2.44e+01,
27540,-8.00e-03,2.42e+01,
27541,-8.00e-03,2.42e+01,
27542,-8.00e-03,2.42e+01,
27543,-8.00e-03,2.44e+01,
27544,-8.00e-03,2.44e+01,
27545,-8.00e-03,2.42e+01,
27546,-8.00e-03,2.42e+01,
27547,-8.00e-03,2.44e+01,
27548,-8.00e-03,2.42e+01,
27549,-8.00e-03,2.42e+01,
27550,-8.00e-03,2.42e+01,
27551,-4.00e-03,2.44e+01,
27552,-8.00e-03,2.42e+01,
27553,-8.00e-03,2.42e+01,
27554,-1.20e-02,2.42e+01,
27555,-8.00e-03,2.44e+01,
27556,-8.00e-03,2.44e+01,
27557,-8.00e-03,2.42e+01,
27558,-8.00e-03,2.42e+01,
27559,-8.00e-03,2.44e+01,
27560,-8.00e-03,2.42e+01,
27561,-8.00e-03,2.42e+01,
27562,-1.20e-02,2.44e+01,
27563,-4.00e-03,2.44e+01,
27564,-8.00e-03,2.42e+01,
27565,-8.00e-03,2.42e+01,
27566,-8.00e-03,2.42e+01,
27567,-8.00e-03,2.44e+01,
27568,-8.00e-03,2.42e+01,
27569,-8.00e-03,2.42e+01,
27570,-8.00e-03,2.42e+01,
27571,-8.00e-03,2.44e+01,
27572,-8.00e-03,2.42e+01,
27573,-8.00e-03,2.42e+01,
27574,-8.00e-03,2.42e+01,
27575,-8.00e-03,2.44e+01,
27576,-8.00e-03,2.42e+01,
27577,-8.00e-03,2.42e+01,
27578,-8.00e-03,2.42e+01,
27579,-8.00e-03,2.44e+01,
27580,-8.00e-03,2.44e+01,
27581,-8.00e-03,2.42e+01,
27582,-8.00e-03,2.42e+01,
27583,-8.00e-03,2.44e+01,
27584,-8.00e-03,2.44e+01,
27585,-8.00e-03,2.42e+01,
27586,-8.00e-03,2.44e+01,
27587,-8.00e-03,2.44e+01,
27588,-8.00e-03,2.42e+01,
27589,-8.00e-03,2.42e+01,
27590,-8.00e-03,2.42e+01,
27591,-8.00e-03,2.44e+01,
27592,-8.00e-03,2.44e+01,
27593,-8.00e-03,2.42e+01,
27594,-1.20e-02,2.42e+01,
27595,-8.00e-03,2.44e+01,
27596,-8.00e-03,2.42e+01,
27597,-8.00e-03,2.42e+01,
27598,-8.00e-03,2.42e+01,
27599,-8.00e-03,2.44e+01,
27600,-8.00e-03,2.42e+01,
27601,-8.00e-03,2.42e+01,
27602,-1.20e-02,2.42e+01,
27603,-8.00e-03,2.44e+01,
27604,-8.00e-03,2.42e+01,
27605,-8.00e-03,2.42e+01,
27606,-8.00e-03,2.42e+01,
27607,-8.00e-03,2.44e+01,
27608,-8.00e-03,2.42e+01,
27609,-8.00e-03,2.42e+01,
27610,-1.20e-02,2.42e+01,
27611,-8.00e-03,2.44e+01,
27612,-8.00e-03,2.42e+01,
27613,-8.00e-03,2.42e+01,
27614,-1.20e-02,2.42e+01,
27615,-4.00e-03,2.44e+01,
27616,-8.00e-03,2.42e+01,
27617,-8.00e-03,2.42e+01,
27618,-8.00e-03,2.42e+01,
27619,-8.00e-03,2.44e+01,
27620,-8.00e-03,2.42e+01,
27621,-8.00e-03,2.42e+01,
27622,-8.00e-03,2.42e+01,
27623,-8.00e-03,2.44e+01,
27624,-8.00e-03,2.42e+01,
27625,-8.00e-03,2.42e+01,
27626,-8.00e-03,2.44e+01,
27627,-8.00e-03,2.44e+01,
27628,-8.00e-03,2.42e+01,
27629,-8.00e-03,2.42e+01,
27630,-8.00e-03,2.42e+01,
27631,-8.00e-03,2.46e+01,
27632,-8.00e-03,2.42e+01,
27633,-8.00e-03,2.42e+01,
27634,-8.00e-03,2.42e+01,
27635,-8.00e-03,2.44e+01,
27636,-8.00e-03,2.42e+01,
27637,-8.00e-03,2.42e+01,
27638,-8.00e-03,2.42e+01,
27639,-8.00e-03,2.44e+01,
27640,-8.00e-03,2.44e+01,
27641,-8.00e-03,2.42e+01,
27642,-1.20e-02,2.42e+01,
27643,-8.00e-03,2.44e+01,
27644,-8.00e-03,2.42e+01,
27645,-8.00e-03,2.42e+01,
27646,-8.00e-03,2.42e+01,
27647,-8.00e-03,2.44e+01,
27648,-8.00e-03,2.44e+01,
27649,-8.00e-03,2.42e+01,
27650,-1.20e-02,2.42e+01,
27651,-8.00e-03,2.44e+01,
27652,-8.00e-03,2.42e+01,
27653,-8.00e-03,2.42e+01,
27654,-1.20e-02,2.42e+01,
27655,-8.00e-03,2.44e+01,
27656,-8.00e-03,2.42e+01,
27657,-8.00e-03,2.42e+01,
27658,-1.20e-02,2.42e+01,
27659,-1.20e-02,2.44e+01,
27660,-8.00e-03,2.42e+01,
27661,-8.00e-03,2.42e+01,
27662,-8.00e-03,2.42e+01,
27663,-8.00e-03,2.44e+01,
27664,-8.00e-03,2.42e+01,
27665,-8.00e-03,2.42e+01,
27666,-1.20e-02,2.42e+01,
27667,-8.00e-03,2.44e+01,
27668,-8.00e-03,2.42e+01,
27669,-8.00e-03,2.42e+01,
27670,-8.00e-03,2.42e+01,
27671,-8.00e-03,2.44e+01,
27672,-8.00e-03,2.42e+01,
27673,-8.00e-03,2.42e+01,
27674,-8.00e-03,2.42e+01,
27675,-8.00e-03,2.44e+01,
27676,-8.00e-03,2.42e+01,
27677,-8.00e-03,2.42e+01,
27678,-8.00e-03,2.42e+01,
27679,-8.00e-03,2.44e+01,
27680,-8.00e-03,2.42e+01,
27681,-8.00e-03,2.42e+01,
27682,-8.00e-03,2.42e+01,
27683,-8.00e-03,2.44e+01,
27684,-8.00e-03,2.42e+01,
27685,-8.00e-03,2.42e+01,
27686,-8.00e-03,2.42e+01,
27687,-8.00e-03,2.44e+01,
27688,-8.00e-03,2.42e+01,
27689,-8.00e-03,2.42e+01,
27690,-1.20e-02,2.42e+01,
27691,-8.00e-03,2.44e+01,
27692,-8.00e-03,2.44e+01,
27693,-8.00e-03,2.42e+01,
27694,-8.00e-03,2.42e+01,
27695,-8.00e-03,2.44e+01,
27696,-8.00e-03,2.42e+01,
27697,-8.00e-03,2.42e+01,
27698,-1.20e-02,2.42e+01,
27699,-8.00e-03,2.44e+01,
27700,-8.00e-03,2.42e+01,
27701,-8.00e-03,2.42e+01,
27702,-8.00e-03,2.42e+01,
27703,-8.00e-03,2.44e+01,
27704,-8.00e-03,2.42e+01,
27705,-8.00e-03,2.42e+01,
27706,-8.00e-03,2.42e+01,
27707,-8.00e-03,2.44e+01,
27708,-8.00e-03,2.42e+01,
27709,-8.00e-03,2.42e+01,
27710,-8.00e-03,2.42e+01,
27711,-8.00e-03,2.44e+01,
27712,-8.00e-03,2.42e+01,
27713,-8.00e-03,2.42e+01,
27714,-8.00e-03,2.44e+01,
27715,-8.00e-03,2.44e+01,
27716,-8.00e-03,2.44e+01,
27717,-8.00e-03,2.42e+01,
27718,-8.00e-03,2.42e+01,
27719,-8.00e-03,2.44e+01,
27720,-8.00e-03,2.42e+01,
27721,-8.00e-03,2.42e+01,
27722,-1.20e-02,2.42e+01,
27723,-8.00e-03,2.44e+01,
27724,-8.00e-03,2.42e+01,
27725,-8.00e-03,2.42e+01,
27726,-1.20e-02,2.42e+01,
27727,-8.00e-03,2.44e+01,
27728,-8.00e-03,2.42e+01,
27729,-8.00e-03,2.42e+01,
27730,-8.00e-03,2.44e+01,
27731,-8.00e-03,2.44e+01,
27732,-8.00e-03,2.42e+01,
27733,-8.00e-03,2.42e+01,
27734,-8.00e-03,2.42e+01,
27735,-8.00e-03,2.44e+01,
27736,-8.00e-03,2.42e+01,
27737,-8.00e-03,2.42e+01,
27738,-8.00e-03,2.42e+01,
27739,-8.00e-03,2.44e+01,
27740,-8.00e-03,2.44e+01,
27741,-8.00e-03,2.42e+01,
27742,-1.20e-02,2.42e+01,
27743,-8.00e-03,2.44e+01,
27744,-8.00e-03,2.42e+01,
27745,-8.00e-03,2.40e+01,
27746,-1.20e-02,2.42e+01,
27747,-8.00e-03,2.44e+01,
27748,-8.00e-03,2.42e+01,
27749,-8.00e-03,2.42e+01,
27750,-8.00e-03,2.42e+01,
27751,-8.00e-03,2.44e+01,
27752,-8.00e-03,2.42e+01,
27753,-8.00e-03,2.42e+01,
27754,-1.20e-02,2.42e+01,
27755,-8.00e-03,2.44e+01,
27756,-8.00e-03,2.42e+01,
27757,-8.00e-03,2.42e+01,
27758,-1.20e-02,2.42e+01,
27759,-8.00e-03,2.44e+01,
27760,-8.00e-03,2.42e+01,
27761,-8.00e-03,2.42e+01,
27762,-8.00e-03,2.42e+01,
27763,-8.00e-03,2.44e+01,
27764,-8.00e-03,2.42e+01,
27765,-8.00e-03,2.42e+01,
27766,-8.00e-03,2.42e+01,
27767,-8.00e-03,2.44e+01,
27768,-8.00e-03,2.42e+01,
27769,-8.00e-03,2.42e+01,
27770,-1.20e-02,2.42e+01,
27771,-8.00e-03,2.44e+01,
27772,-8.00e-03,2.42e+01,
27773,-8.00e-03,2.42e+01,
27774,-8.00e-03,2.42e+01,
27775,-8.00e-03,2.44e+01,
27776,-8.00e-03,2.42e+01,
27777,-8.00e-03,2.42e+01,
27778,-1.20e-02,2.42e+01,
27779,-8.00e-03,2.44e+01,
27780,-8.00e-03,2.42e+01,
27781,-8.00e-03,2.42e+01,
27782,-8.00e-03,2.42e+01,
27783,-8.00e-03,2.44e+01,
27784,-8.00e-03,2.42e+01,
27785,-8.00e-03,2.42e+01,
27786,-8.00e-03,2.42e+01,
27787,-8.00e-03,2.44e+01,
27788,-8.00e-03,2.42e+01,
27789,-8.00e-03,2.42e+01,
27790,-8.00e-03,2.42e+01,
27791,-8.00e-03,2.44e+01,
27792,-8.00e-03,2.42e+01,
27793,-8.00e-03,2.42e+01,
27794,-8.00e-03,2.42e+01,
27795,-8.00e-03,2.44e+01,
27796,-8.00e-03,2.42e+01,
27797,-8.00e-03,2.42e+01,
27798,-1.20e-02,2.42e+01,
27799,-8.00e-03,2.44e+01,
27800,-8.00e-03,2.42e+01,
27801,-8.00e-03,2.42e+01,
27802,-1.20e-02,2.42e+01,
27803,-8.00e-03,2.44e+01,
27804,-8.00e-03,2.42e+01,
27805,-8.00e-03,2.42e+01,
27806,-1.20e-02,2.42e+01,
27807,-8.00e-03,2.44e+01,
27808,-8.00e-03,2.42e+01,
27809,-8.00e-03,2.42e+01,
27810,-8.00e-03,2.42e+01,
27811,-8.00e-03,2.44e+01,
27812,-8.00e-03,2.42e+01,
27813,-8.00e-03,2.42e+01,
27814,-8.00e-03,2.42e+01,
27815,-8.00e-03,2.44e+01,
27816,-8.00e-03,2.42e+01,
27817,-8.00e-03,2.42e+01,
27818,-8.00e-03,2.42e+01,
27819,-8.00e-03,2.44e+01,
27820,-8.00e-03,2.42e+01,
27821,-8.00e-03,2.42e+01,
27822,-8.00e-03,2.40e+01,
27823,-8.00e-03,2.44e+01,
27824,-8.00e-03,2.42e+01,
27825,-8.00e-03,2.42e+01,
27826,-8.00e-03,2.44e+01,
27827,-8.00e-03,2.44e+01,
27828,-8.00e-03,2.42e+01,
27829,-8.00e-03,2.40e+01,
27830,-1.20e-02,2.42e+01,
27831,-8.00e-03,2.44e+01,
27832,-8.00e-03,2.42e+01,
27833,-8.00e-03,2.42e+01,
27834,-8.00e-03,2.42e+01,
27835,-8.00e-03,2.44e+01,
27836,-1.20e-02,2.42e+01,
27837,-4.00e-03,2.42e+01,
27838,-8.00e-03,2.42e+01,
27839,-8.00e-03,2.42e+01,
27840,-8.00e-03,2.42e+01,
27841,-8.00e-03,2.42e+01,
27842,-1.20e-02,2.42e+01,
27843,-8.00e-03,2.44e+01,
27844,-8.00e-03,2.42e+01,
27845,-8.00e-03,2.42e+01,
27846,-1.20e-02,2.42e+01,
27847,-8.00e-03,2.44e+01,
27848,-8.00e-03,2.42e+01,
27849,-8.00e-03,2.42e+01,
27850,-1.20e-02,2.42e+01,
27851,-8.00e-03,2.42e+01,
27852,-8.00e-03,2.42e+01,
27853,-8.00e-03,2.42e+01,
27854,-8.00e-03,2.42e+01,
27855,-8.00e-03,2.44e+01,
27856,-8.00e-03,2.42e+01,
27857,-8.00e-03,2.42e+01,
27858,-1.20e-02,2.42e+01,
27859,-8.00e-03,2.44e+01,
27860,-8.00e-03,2.42e+01,
27861,-8.00e-03,2.40e+01,
27862,-8.00e-03,2.42e+01,
27863,-8.00e-03,2.44e+01,
27864,-8.00e-03,2.42e+01,
27865,-8.00e-03,2.42e+01,
27866,-8.00e-03,2.42e+01,
27867,-4.00e-03,2.44e+01,
27868,-8.00e-03,2.42e+01,
27869,-8.00e-03,2.42e+01,
27870,-8.00e-03,2.42e+01,
27871,-8.00e-03,2.44e+01,
27872,-8.00e-03,2.42e+01,
27873,-8.00e-03,2.42e+01,
27874,-8.00e-03,2.42e+01,
27875,-8.00e-03,2.44e+01,
27876,-1.20e-02,2.42e+01,
27877,-8.00e-03,2.42e+01,
27878,-8.00e-03,2.42e+01,
27879,-8.00e-03,2.44e+01,
27880,-8.00e-03,2.42e+01,
27881,-1.20e-02,2.42e+01,
27882,-1.20e-02,2.42e+01,
27883,-8.00e-03,2.42e+01,
27884,-1.20e-02,2.42e+01,
27885,-8.00e-03,2.42e+01,
27886,-8.00e-03,2.42e+01,
27887,-8.00e-03,2.44e+01,
27888,-8.00e-03,2.42e+01,
27889,-8.00e-03,2.42e+01,
27890,-1.20e-02,2.42e+01,
27891,-8.00e-03,2.44e+01,
27892,-8.00e-03,2.42e+01,
27893,-8.00e-03,2.42e+01,
27894,-8.00e-03,2.42e+01,
27895,-8.00e-03,2.44e+01,
27896,-8.00e-03,2.42e+01,
27897,-8.00e-03,2.42e+01,
27898,-8.00e-03,2.42e+01,
27899,-8.00e-03,2.44e+01,
27900,-8.00e-03,2.42e+01,
27901,-8.00e-03,2.42e+01,
27902,-8.00e-03,2.42e+01,
27903,-8.00e-03,2.44e+01,
27904,-8.00e-03,2.42e+01,
27905,-8.00e-03,2.42e+01,
27906,-1.20e-02,2.42e+01,
27907,-8.00e-03,2.42e+01,
27908,-8.00e-03,2.42e+01,
27909,-8.00e-03,2.42e+01,
27910,-1.20e-02,2.42e+01,
27911,-8.00e-03,2.44e+01,
27912,-8.00e-03,2.42e+01,
27913,-8.00e-03,2.42e+01,
27914,-1.20e-02,2.42e+01,
27915,-8.00e-03,2.42e+01,
27916,-8.00e-03,2.42e+01,
27917,-8.00e-03,2.40e+01,
27918,-8.00e-03,2.42e+01,
27919,-8.00e-03,2.44e+01,
27920,-8.00e-03,2.42e+01,
27921,-8.00e-03,2.42e+01,
27922,-1.20e-02,2.42e+01,
27923,-8.00e-03,2.44e+01,
27924,-1.20e-02,2.42e+01,
27925,-8.00e-03,2.42e+01,
27926,-8.00e-03,2.42e+01,
27927,-8.00e-03,2.44e+01,
27928,-8.00e-03,2.42e+01,
27929,-8.00e-03,2.42e+01,
27930,-1.20e-02,2.42e+01,
27931,-8.00e-03,2.42e+01,
27932,-8.00e-03,2.42e+01,
27933,-8.00e-03,2.42e+01,
27934,-8.00e-03,2.40e+01,
27935,-8.00e-03,2.44e+01,
27936,-8.00e-03,2.42e+01,
27937,-8.00e-03,2.40e+01,
27938,-8.00e-03,2.42e+01,
27939,-4.00e-03,2.44e+01,
27940,-8.00e-03,2.42e+01,
27941,-8.00e-03,2.42e+01,
27942,-8.00e-03,2.42e+01,
27943,-8.00e-03,2.44e+01,
27944,-8.00e-03,2.42e+01,
27945,-8.00e-03,2.42e+01,
27946,-1.20e-02,2.42e+01,
27947,-8.00e-03,2.44e+01,
27948,-8.00e-03,2.42e+01,
27949,-8.00e-03,2.42e+01,
27950,-8.00e-03,2.42e+01,
27951,-8.00e-03,2.42e+01,
27952,-8.00e-03,2.42e+01,
27953,-8.00e-03,2.42e+01,
27954,-1.20e-02,2.42e+01,
27955,-8.00e-03,2.44e+01,
27956,-8.00e-03,2.42e+01,
27957,-8.00e-03,2.42e+01,
27958,-8.00e-03,2.42e+01,
27959,-8.00e-03,2.44e+01,
27960,-8.00e-03,2.42e+01,
27961,-8.00e-03,2.42e+01,
27962,-1.20e-02,2.42e+01,
27963,-8.00e-03,2.44e+01,
27964,-8.00e-03,2.42e+01,
27965,-8.00e-03,2.42e+01,
27966,-8.00e-03,2.42e+01,
27967,-8.00e-03,2.42e+01,
27968,-8.00e-03,2.42e+01,
27969,-8.00e-03,2.40e+01,
27970,-1.20e-02,2.42e+01,
27971,-4.00e-03,2.42e+01,
27972,-8.00e-03,2.42e+01,
27973,-8.00e-03,2.42e+01,
27974,-8.00e-03,2.42e+01,
27975,-8.00e-03,2.44e+01,
27976,-8.00e-03,2.42e+01,
27977,-8.00e-03,2.42e+01,
27978,-1.20e-02,2.42e+01,
27979,-8.00e-03,2.44e+01,
27980,-8.00e-03,2.42e+01,
27981,-1.20e-02,2.40e+01,
27982,-8.00e-03,2.42e+01,
27983,-8.00e-03,2.44e+01,
27984,-8.00e-03,2.42e+01,
27985,-8.00e-03,2.42e+01,
27986,-1.20e-02,2.42e+01,
27987,-8.00e-03,2.44e+01,
27988,-8.00e-03,2.42e+01,
27989,-8.00e-03,2.42e+01,
27990,-8.00e-03,2.42e+01,
27991,-8.00e-03,2.42e+01,
27992,-8.00e-03,2.42e+01,
27993,-8.00e-03,2.42e+01,
27994,-1.20e-02,2.42e+01,
27995,-8.00e-03,2.42e+01,
27996,-8.00e-03,2.42e+01,
27997,-8.00e-03,2.42e+01,
27998,-8.00e-03,2.42e+01,
27999,-8.00e-03,2.42e+01,
28000,-8.00e-03,2.42e+01,
28001,-8.00e-03,2.42e+01,
28002,-1.20e-02,2.42e+01,
28003,-4.00e-03,2.44e+01,
28004,-8.00e-03,2.42e+01,
28005,-8.00e-03,2.40e+01,
28006,-8.00e-03,2.42e+01,
28007,-8.00e-03,2.42e+01,
28008,-8.00e-03,2.42e+01,
28009,-8.00e-03,2.42e+01,
28010,-1.20e-02,2.42e+01,
28011,-8.00e-03,2.44e+01,
28012,-8.00e-03,2.42e+01,
28013,-8.00e-03,2.40e+01,
28014,-1.20e-02,2.42e+01,
28015,-8.00e-03,2.44e+01,
28016,-8.00e-03,2.42e+01,
28017,-8.00e-03,2.42e+01,
28018,-8.00e-03,2.42e+01,
28019,-8.00e-03,2.42e+01,
28020,-8.00e-03,2.42e+01,
28021,-8.00e-03,2.40e+01,
28022,-8.00e-03,2.42e+01,
28023,-8.00e-03,2.44e+01,
28024,-8.00e-03,2.40e+01,
28025,-8.00e-03,2.42e+01,
28026,-8.00e-03,2.42e+01,
28027,-8.00e-03,2.44e+01,
28028,-8.00e-03,2.42e+01,
28029,-8.00e-03,2.42e+01,
28030,-8.00e-03,2.42e+01,
28031,-8.00e-03,2.44e+01,
28032,-8.00e-03,2.42e+01,
28033,-8.00e-03,2.40e+01,
28034,-1.20e-02,2.42e+01,
28035,-8.00e-03,2.44e+01,
28036,-8.00e-03,2.42e+01,
28037,-8.00e-03,2.42e+01,
28038,-8.00e-03,2.40e+01,
28039,-8.00e-03,2.42e+01,
28040,-8.00e-03,2.42e+01,
28041,-8.00e-03,2.40e+01,
28042,-1.20e-02,2.42e+01,
28043,-8.00e-03,2.42e+01,
28044,-8.00e-03,2.42e+01,
28045,-8.00e-03,2.42e+01,
28046,-8.00e-03,2.42e+01,
28047,-8.00e-03,2.42e+01,
28048,-8.00e-03,2.40e+01,
28049,-8.00e-03,2.42e+01,
28050,-8.00e-03,2.42e+01,
28051,-8.00e-03,2.42e+01,
28052,-8.00e-03,2.42e+01,
28053,-8.00e-03,2.42e+01,
28054,-8.00e-03,2.42e+01,
28055,-8.00e-03,2.44e+01,
28056,-8.00e-03,2.42e+01,
28057,-8.00e-03,2.42e+01,
28058,-1.20e-02,2.42e+01,
28059,-8.00e-03,2.42e+01,
28060,-8.00e-03,2.42e+01,
28061,-8.00e-03,2.42e+01,
28062,-8.00e-03,2.42e+01,
28063,-8.00e-03,2.42e+01,
28064,-8.00e-03,2.42e+01,
28065,-8.00e-03,2.42e+01,
28066,-8.00e-03,2.42e+01,
28067,-4.00e-03,2.42e+01,
28068,-8.00e-03,2.42e+01,
28069,-1.20e-02,2.40e+01,
28070,-8.00e-03,2.42e+01,
28071,-8.00e-03,2.42e+01,
28072,-8.00e-03,2.42e+01,
28073,-8.00e-03,2.42e+01,
28074,-1.20e-02,2.42e+01,
28075,-8.00e-03,2.44e+01,
28076,-8.00e-03,2.42e+01,
28077,-8.00e-03,2.40e+01,
28078,-8.00e-03,2.42e+01,
28079,-8.00e-03,2.44e+01,
28080,-8.00e-03,2.42e+01,
28081,-8.00e-03,2.42e+01,
28082,-8.00e-03,2.42e+01,
28083,-8.00e-03,2.44e+01,
28084,-8.00e-03,2.42e+01,
28085,-8.00e-03,2.40e+01,
28086,-8.00e-03,2.42e+01,
28087,-8.00e-03,2.42e+01,
28088,-8.00e-03,2.42e+01,
28089,-8.00e-03,2.40e+01,
28090,-1.20e-02,2.40e+01,
28091,-8.00e-03,2.42e+01,
28092,-8.00e-03,2.42e+01,
28093,-8.00e-03,2.42e+01,
28094,-8.00e-03,2.42e+01,
28095,-8.00e-03,2.44e+01,
28096,-8.00e-03,2.42e+01,
28097,-8.00e-03,2.42e+01,
28098,-1.20e-02,2.42e+01,
28099,-8.00e-03,2.42e+01,
28100,-8.00e-03,2.42e+01,
28101,-8.00e-03,2.42e+01,
28102,-8.00e-03,2.42e+01,
28103,-8.00e-03,2.42e+01,
28104,-8.00e-03,2.42e+01,
28105,-8.00e-03,2.42e+01,
28106,-8.00e-03,2.42e+01,
28107,-4.00e-03,2.44e+01,
28108,-8.00e-03,2.42e+01,
28109,-1.20e-02,2.40e+01,
28110,-8.00e-03,2.42e+01,
28111,-4.00e-03,2.42e+01,
28112,-8.00e-03,2.42e+01,
28113,-8.00e-03,2.40e+01,
28114,-1.20e-02,2.42e+01,
28115,-8.00e-03,2.42e+01,
28116,-8.00e-03,2.42e+01,
28117,-8.00e-03,2.40e+01,
28118,-8.00e-03,2.42e+01,
28119,-8.00e-03,2.44e+01,
28120,-8.00e-03,2.42e+01,
28121,-8.00e-03,2.42e+01,
28122,-1.20e-02,2.40e+01,
28123,-8.00e-03,2.42e+01,
28124,-8.00e-03,2.42e+01,
28125,-8.00e-03,2.42e+01,
28126,-8.00e-03,2.42e+01,
28127,-8.00e-03,2.42e+01,
28128,-8.00e-03,2.42e+01,
28129,-8.00e-03,2.42e+01,
28130,-1.20e-02,2.42e+01,
28131,-8.00e-03,2.42e+01,
28132,-8.00e-03,2.42e+01,
28133,-8.00e-03,2.42e+01,
28134,-1.20e-02,2.40e+01,
28135,-8.00e-03,2.42e+01,
28136,-8.00e-03,2.40e+01,
28137,-8.00e-03,2.42e+01,
28138,-1.20e-02,2.40e+01,
28139,-8.00e-03,2.42e+01,
28140,-8.00e-03,2.42e+01,
28141,-1.20e-02,2.42e+01,
28142,-1.20e-02,2.40e+01,
28143,-8.00e-03,2.42e+01,
28144,-8.00e-03,2.42e+01,
28145,-4.00e-03,2.40e+01,
28146,-1.20e-02,2.42e+01,
28147,-8.00e-03,2.44e+01,
28148,-8.00e-03,2.42e+01,
28149,-8.00e-03,2.40e+01,
28150,-8.00e-03,2.42e+01,
28151,-8.00e-03,2.44e+01,
28152,-8.00e-03,2.42e+01,
28153,-8.00e-03,2.42e+01,
28154,-1.20e-02,2.42e+01,
28155,-8.00e-03,2.42e+01,
28156,-8.00e-03,2.42e+01,
28157,-8.00e-03,2.40e+01,
28158,-1.20e-02,2.42e+01,
28159,-8.00e-03,2.42e+01,
28160,-8.00e-03,2.42e+01,
28161,-8.00e-03,2.40e+01,
28162,-1.20e-02,2.40e+01,
28163,-8.00e-03,2.42e+01,
28164,-8.00e-03,2.42e+01,
28165,-8.00e-03,2.40e+01,
28166,-8.00e-03,2.42e+01,
28167,-8.00e-03,2.42e+01,
28168,-8.00e-03,2.42e+01,
28169,-8.00e-03,2.40e+01,
28170,-1.20e-02,2.42e+01,
28171,-8.00e-03,2.42e+01,
28172,-8.00e-03,2.42e+01,
28173,-8.00e-03,2.40e+01,
28174,-8.00e-03,2.40e+01,
28175,-8.00e-03,2.44e+01,
28176,-8.00e-03,2.40e+01,
28177,-8.00e-03,2.40e+01,
28178,-1.20e-02,2.42e+01,
28179,-8.00e-03,2.44e+01,
28180,-8.00e-03,2.42e+01,
28181,-8.00e-03,2.40e+01,
28182,-1.20e-02,2.42e+01,
28183,-8.00e-03,2.42e+01,
28184,-8.00e-03,2.42e+01,
28185,-8.00e-03,2.40e+01,
28186,-8.00e-03,2.40e+01,
28187,-8.00e-03,2.42e+01,
28188,-8.00e-03,2.42e+01,
28189,-8.00e-03,2.42e+01,
28190,-8.00e-03,2.42e+01,
28191,-8.00e-03,2.42e+01,
28192,-8.00e-03,2.42e+01,
28193,-8.00e-03,2.42e+01,
28194,-1.20e-02,2.40e+01,
28195,-8.00e-03,2.42e+01,
28196,-8.00e-03,2.42e+01,
28197,-8.00e-03,2.42e+01,
28198,-8.00e-03,2.42e+01,
28199,-4.00e-03,2.42e+01,
28200,-8.00e-03,2.42e+01,
28201,-8.00e-03,2.42e+01,
28202,-8.00e-03,2.42e+01,
28203,-8.00e-03,2.42e+01,
28204,-8.00e-03,2.42e+01,
28205,-8.00e-03,2.42e+01,
28206,-8.00e-03,2.42e+01,
28207,-8.00e-03,2.42e+01,
28208,-8.00e-03,2.42e+01,
28209,-8.00e-03,2.40e+01,
28210,-8.00e-03,2.42e+01,
28211,-8.00e-03,2.42e+01,
28212,-8.00e-03,2.42e+01,
28213,-8.00e-03,2.40e+01,
28214,-1.20e-02,2.42e+01,
28215,-8.00e-03,2.42e+01,
28216,-8.00e-03,2.42e+01,
28217,-8.00e-03,2.40e+01,
28218,-8.00e-03,2.42e+01,
28219,-8.00e-03,2.44e+01,
28220,-8.00e-03,2.42e+01,
28221,-8.00e-03,2.42e+01,
28222,-8.00e-03,2.42e+01,
28223,-8.00e-03,2.44e+01,
28224,-8.00e-03,2.42e+01,
28225,-8.00e-03,2.40e+01,
28226,-1.20e-02,2.40e+01,
28227,-8.00e-03,2.42e+01,
28228,-8.00e-03,2.42e+01,
28229,-8.00e-03,2.40e+01,
28230,-8.00e-03,2.40e+01,
28231,-8.00e-03,2.42e+01,
28232,-8.00e-03,2.40e+01,
28233,-8.00e-03,2.42e+01,
28234,-1.20e-02,2.40e+01,
28235,-8.00e-03,2.42e+01,
28236,-8.00e-03,2.40e+01,
28237,-8.00e-03,2.40e+01,
28238,-8.00e-03,2.40e+01,
28239,-8.00e-03,2.44e+01,
28240,-8.00e-03,2.42e+01,
28241,-8.00e-03,2.40e+01,
28242,-1.20e-02,2.40e+01,
28243,-8.00e-03,2.42e+01,
28244,-8.00e-03,2.42e+01,
28245,-8.00e-03,2.42e+01,
28246,-8.00e-03,2.42e+01,
28247,-8.00e-03,2.42e+01,
28248,-8.00e-03,2.40e+01,
28249,-8.00e-03,2.42e+01,
28250,-8.00e-03,2.42e+01,
28251,-8.00e-03,2.42e+01,
28252,-8.00e-03,2.42e+01,
28253,-8.00e-03,2.40e+01,
28254,-1.20e-02,2.42e+01,
28255,-8.00e-03,2.42e+01,
28256,-8.00e-03,2.42e+01,
28257,-8.00e-03,2.40e+01,
28258,-8.00e-03,2.40e+01,
28259,-8.00e-03,2.42e+01,
28260,-8.00e-03,2.42e+01,
28261,-8.00e-03,2.42e+01,
28262,-1.20e-02,2.40e+01,
28263,-8.00e-03,2.42e+01,
28264,-8.00e-03,2.42e+01,
28265,-8.00e-03,2.40e+01,
28266,-1.20e-02,2.42e+01,
28267,-8.00e-03,2.42e+01,
28268,-8.00e-03,2.40e+01,
28269,-8.00e-03,2.42e+01,
28270,-1.20e-02,2.40e+01,
28271,-8.00e-03,2.42e+01,
28272,-8.00e-03,2.40e+01,
28273,-8.00e-03,2.40e+01,
28274,-1.20e-02,2.42e+01,
28275,-8.00e-03,2.42e+01,
28276,-8.00e-03,2.42e+01,
28277,-8.00e-03,2.40e+01,
28278,-8.00e-03,2.40e+01,
28279,-8.00e-03,2.42e+01,
28280,-8.00e-03,2.42e+01,
28281,-8.00e-03,2.40e+01,
28282,-1.20e-02,2.42e+01,
28283,-8.00e-03,2.42e+01,
28284,-8.00e-03,2.42e+01,
28285,-8.00e-03,2.40e+01,
28286,-1.20e-02,2.40e+01,
28287,-8.00e-03,2.42e+01,
28288,-8.00e-03,2.40e+01,
28289,-8.00e-03,2.40e+01,
28290,-1.20e-02,2.40e+01,
28291,-8.00e-03,2.42e+01,
28292,-8.00e-03,2.42e+01,
28293,-8.00e-03,2.42e+01,
28294,-8.00e-03,2.40e+01,
28295,-4.00e-03,2.42e+01,
28296,-8.00e-03,2.40e+01,
28297,-8.00e-03,2.40e+01,
28298,-8.00e-03,2.40e+01,
28299,-8.00e-03,2.42e+01,
28300,-8.00e-03,2.42e+01,
28301,-8.00e-03,2.40e+01,
28302,-8.00e-03,2.40e+01,
28303,-8.00e-03,2.42e+01,
28304,-8.00e-03,2.40e+01,
28305,-8.00e-03,2.42e+01,
28306,-8.00e-03,2.40e+01,
28307,-8.00e-03,2.42e+01,
28308,-8.00e-03,2.42e+01,
28309,-8.00e-03,2.40e+01,
28310,-8.00e-03,2.40e+01,
28311,-8.00e-03,2.42e+01,
28312,-8.00e-03,2.40e+01,
28313,-8.00e-03,2.40e+01,
28314,-1.20e-02,2.42e+01,
28315,-8.00e-03,2.42e+01,
28316,-8.00e-03,2.42e+01,
28317,-8.00e-03,2.40e+01,
28318,-8.00e-03,2.40e+01,
28319,-8.00e-03,2.42e+01,
28320,-8.00e-03,2.40e+01,
28321,-8.00e-03,2.40e+01,
28322,-1.20e-02,2.40e+01,
28323,-8.00e-03,2.42e+01,
28324,-8.00e-03,2.40e+01,
28325,-8.00e-03,2.40e+01,
28326,-8.00e-03,2.40e+01,
28327,-8.00e-03,2.42e+01,
28328,-8.00e-03,2.40e+01,
28329,-8.00e-03,2.40e+01,
28330,-8.00e-03,2.40e+01,
28331,-4.00e-03,2.42e+01,
28332,-8.00e-03,2.40e+01,
28333,-8.00e-03,2.40e+01,
28334,-8.00e-03,2.40e+01,
28335,-8.00e-03,2.42e+01,
28336,-8.00e-03,2.40e+01,
28337,-8.00e-03,2.40e+01,
28338,-8.00e-03,2.40e+01,
28339,-8.00e-03,2.42e+01,
28340,-8.00e-03,2.40e+01,
28341,-8.00e-03,2.40e+01,
28342,-8.00e-03,2.40e+01,
28343,-8.00e-03,2.42e+01,
28344,-8.00e-03,2.40e+01,
28345,-8.00e-03,2.40e+01,
28346,-1.20e-02,2.40e+01,
28347,-8.00e-03,2.42e+01,
28348,-8.00e-03,2.40e+01,
28349,-8.00e-03,2.40e+01,
28350,-8.00e-03,2.40e+01,
28351,-4.00e-03,2.42e+01,
28352,-8.00e-03,2.40e+01,
28353,-4.00e-03,2.40e+01,
28354,-8.00e-03,2.40e+01,
28355,-8.00e-03,2.42e+01,
28356,-8.00e-03,2.40e+01,
28357,-8.00e-03,2.40e+01,
28358,-8.00e-03,2.40e+01,
28359,-8.00e-03,2.42e+01,
28360,-8.00e-03,2.42e+01,
28361,-8.00e-03,2.40e+01,
28362,-1.20e-02,2.40e+01,
28363,-8.00e-03,2.42e+01,
28364,-8.00e-03,2.40e+01,
28365,-8.00e-03,2.42e+01,
28366,-8.00e-03,2.40e+01,
28367,-8.00e-03,2.42e+01,
28368,-8.00e-03,2.42e+01,
28369,-8.00e-03,2.40e+01,
28370,-8.00e-03,2.40e+01,
28371,-8.00e-03,2.42e+01,
28372,-8.00e-03,2.40e+01,
28373,-8.00e-03,2.40e+01,
28374,-8.00e-03,2.40e+01,
28375,-8.00e-03,2.42e+01,
28376,-8.00e-03,2.40e+01,
28377,-8.00e-03,2.40e+01,
28378,-8.00e-03,2.40e+01,
28379,-8.00e-03,2.42e+01,
28380,-8.00e-03,2.40e+01,
28381,-8.00e-03,2.40e+01,
28382,-8.00e-03,2.40e+01,
28383,-8.00e-03,2.42e+01,
28384,-8.00e-03,2.40e+01,
28385,-8.00e-03,2.40e+01,
28386,-1.20e-02,2.40e+01,
28387,-8.00e-03,2.42e+01,
28388,-8.00e-03,2.40e+01,
28389,-8.00e-03,2.42e+01,
28390,-8.00e-03,2.40e+01,
28391,-8.00e-03,2.42e+01,
28392,-8.00e-03,2.40e+01,
28393,-8.00e-03,2.40e+01,
28394,-1.20e-02,2.40e+01,
28395,-8.00e-03,2.42e+01,
28396,-8.00e-03,2.42e+01,
28397,-8.00e-03,2.40e+01,
28398,-1.20e-02,2.40e+01,
28399,-8.00e-03,2.42e+01,
28400,-8.00e-03,2.42e+01,
28401,-8.00e-03,2.40e+01,
28402,-8.00e-03,2.42e+01,
28403,-8.00e-03,2.42e+01,
28404,-8.00e-03,2.40e+01,
28405,-8.00e-03,2.40e+01,
28406,-1.20e-02,2.40e+01,
28407,-8.00e-03,2.42e+01,
28408,-8.00e-03,2.40e+01,
28409,-8.00e-03,2.40e+01,
28410,-1.20e-02,2.40e+01,
28411,-8.00e-03,2.42e+01,
28412,-8.00e-03,2.40e+01,
28413,-8.00e-03,2.40e+01,
28414,-1.20e-02,2.40e+01,
28415,-8.00e-03,2.42e+01,
28416,-8.00e-03,2.40e+01,
28417,-8.00e-03,2.40e+01,
28418,-8.00e-03,2.40e+01,
28419,-8.00e-03,2.42e+01,
28420,-8.00e-03,2.42e+01,
28421,-8.00e-03,2.40e+01,
28422,-8.00e-03,2.42e+01,
28423,-8.00e-03,2.42e+01,
28424,-8.00e-03,2.40e+01,
28425,-8.00e-03,2.40e+01,
28426,-1.20e-02,2.40e+01,
28427,-8.00e-03,2.42e+01,
28428,-8.00e-03,2.42e+01,
28429,-8.00e-03,2.40e+01,
28430,-8.00e-03,2.40e+01,
28431,-8.00e-03,2.42e+01,
28432,-8.00e-03,2.40e+01,
28433,-8.00e-03,2.40e+01,
28434,-1.20e-02,2.40e+01,
28435,-8.00e-03,2.42e+01,
28436,-8.00e-03,2.40e+01,
28437,-8.00e-03,2.40e+01,
28438,-8.00e-03,2.40e+01,
28439,-4.00e-03,2.42e+01,
28440,-8.00e-03,2.40e+01,
28441,-8.00e-03,2.40e+01,
28442,-8.00e-03,2.40e+01,
28443,-8.00e-03,2.42e+01,
28444,-8.00e-03,2.40e+01,
28445,-8.00e-03,2.40e+01,
28446,-8.00e-03,2.40e+01,
28447,-8.00e-03,2.42e+01,
28448,-8.00e-03,2.40e+01,
28449,-8.00e-03,2.40e+01,
28450,-1.20e-02,2.40e+01,
28451,-8.00e-03,2.42e+01,
28452,-8.00e-03,2.42e+01,
28453,-8.00e-03,2.40e+01,
28454,-8.00e-03,2.40e+01,
28455,-8.00e-03,2.42e+01,
28456,-8.00e-03,2.40e+01,
28457,-8.00e-03,2.40e+01,
28458,-1.20e-02,2.40e+01,
28459,-8.00e-03,2.42e+01,
28460,-8.00e-03,2.40e+01,
28461,-8.00e-03,2.40e+01,
28462,-8.00e-03,2.40e+01,
28463,-4.00e-03,2.42e+01,
28464,-8.00e-03,2.40e+01,
28465,-8.00e-03,2.40e+01,
28466,-8.00e-03,2.40e+01,
28467,-8.00e-03,2.42e+01,
28468,-8.00e-03,2.42e+01,
28469,-8.00e-03,2.40e+01,
28470,-8.00e-03,2.40e+01,
28471,-8.00e-03,2.42e+01,
28472,-8.00e-03,2.40e+01,
28473,-8.00e-03,2.42e+01,
28474,-1.20e-02,2.40e+01,
28475,-8.00e-03,2.42e+01,
28476,-8.00e-03,2.42e+01,
28477,-8.00e-03,2.40e+01,
28478,-8.00e-03,2.40e+01,
28479,-8.00e-03,2.42e+01,
28480,-8.00e-03,2.40e+01,
28481,-8.00e-03,2.40e+01,
28482,-8.00e-03,2.40e+01,
28483,-8.00e-03,2.42e+01,
28484,-8.00e-03,2.40e+01,
28485,-8.00e-03,2.40e+01,
28486,-8.00e-03,2.40e+01,
28487,-8.00e-03,2.42e+01,
28488,-8.00e-03,2.40e+01,
28489,-1.20e-02,2.40e+01,
28490,-8.00e-03,2.40e+01,
28491,-8.00e-03,2.42e+01,
28492,-8.00e-03,2.40e+01,
28493,-8.00e-03,2.40e+01,
28494,-8.00e-03,2.40e+01,
28495,-8.00e-03,2.42e+01,
28496,-8.00e-03,2.40e+01,
28497,-8.00e-03,2.40e+01,
28498,-8.00e-03,2.40e+01,
28499,-8.00e-03,2.42e+01,
28500,-8.00e-03,2.40e+01,
28501,-8.00e-03,2.40e+01,
28502,-8.00e-03,2.40e+01,
28503,-4.00e-03,2.42e+01,
28504,-8.00e-03,2.40e+01,
28505,-8.00e-03,2.40e+01,
28506,-8.00e-03,2.40e+01,
28507,-8.00e-03,2.42e+01,
28508,-8.00e-03,2.40e+01,
28509,-8.00e-03,2.40e+01,
28510,-8.00e-03,2.40e+01,
28511,-8.00e-03,2.42e+01,
28512,-8.00e-03,2.40e+01,
28513,-8.00e-03,2.40e+01,
28514,-1.20e-02,2.40e+01,
28515,-8.00e-03,2.42e+01,
28516,-8.00e-03,2.42e+01,
28517,-8.00e-03,2.40e+01,
28518,-8.00e-03,2.40e+01,
28519,-8.00e-03,2.44e+01,
28520,-8.00e-03,2.40e+01,
28521,-8.00e-03,2.40e+01,
28522,-1.20e-02,2.40e+01,
28523,-8.00e-03,2.42e+01,
28524,-8.00e-03,2.40e+01,
28525,-8.00e-03,2.40e+01,
28526,-8.00e-03,2.40e+01,
28527,-8.00e-03,2.42e+01,
28528,-8.00e-03,2.40e+01,
28529,-1.20e-02,2.40e+01,
28530,-1.20e-02,2.40e+01,
28531,-8.00e-03,2.42e+01,
28532,-8.00e-03,2.40e+01,
28533,-8.00e-03,2.40e+01,
28534,-8.00e-03,2.40e+01,
28535,-8.00e-03,2.42e+01,
28536,-8.00e-03,2.42e+01,
28537,-8.00e-03,2.40e+01,
28538,-1.20e-02,2.40e+01,
28539,-8.00e-03,2.42e+01,
28540,-8.00e-03,2.40e+01,
28541,-8.00e-03,2.40e+01,
28542,-8.00e-03,2.40e+01,
28543,-8.00e-03,2.42e+01,
28544,-8.00e-03,2.40e+01,
28545,-8.00e-03,2.40e+01,
28546,-1.20e-02,2.40e+01,
28547,-8.00e-03,2.42e+01,
28548,-8.00e-03,2.42e+01,
28549,-8.00e-03,2.40e+01,
28550,-8.00e-03,2.40e+01,
28551,-8.00e-03,2.42e+01,
28552,-8.00e-03,2.40e+01,
28553,-8.00e-03,2.40e+01,
28554,-8.00e-03,2.40e+01,
28555,-4.00e-03,2.42e+01,
28556,-8.00e-03,2.40e+01,
28557,-8.00e-03,2.40e+01,
28558,-1.20e-02,2.40e+01,
28559,-8.00e-03,2.42e+01,
28560,-8.00e-03,2.40e+01,
28561,-8.00e-03,2.40e+01,
28562,-1.20e-02,2.40e+01,
28563,-8.00e-03,2.42e+01,
28564,-8.00e-03,2.40e+01,
28565,-8.00e-03,2.40e+01,
28566,-8.00e-03,2.40e+01,
28567,-8.00e-03,2.42e+01,
28568,-8.00e-03,2.40e+01,
28569,-8.00e-03,2.38e+01,
28570,-8.00e-03,2.40e+01,
28571,-8.00e-03,2.42e+01,
28572,-8.00e-03,2.40e+01,
28573,-8.00e-03,2.40e+01,
28574,-8.00e-03,2.40e+01,
28575,-8.00e-03,2.42e+01,
28576,-8.00e-03,2.40e+01,
28577,-8.00e-03,2.40e+01,
28578,-1.20e-02,2.40e+01,
28579,-8.00e-03,2.42e+01,
28580,-8.00e-03,2.40e+01,
28581,-8.00e-03,2.40e+01,
28582,-8.00e-03,2.40e+01,
28583,-8.00e-03,2.42e+01,
28584,-8.00e-03,2.40e+01,
28585,-8.00e-03,2.40e+01,
28586,-1.20e-02,2.40e+01,
28587,-8.00e-03,2.42e+01,
28588,-8.00e-03,2.40e+01,
28589,-8.00e-03,2.40e+01,
28590,-8.00e-03,2.40e+01,
28591,-8.00e-03,2.42e+01,
28592,-8.00e-03,2.40e+01,
28593,-8.00e-03,2.40e+01,
28594,-8.00e-03,2.40e+01,
28595,-8.00e-03,2.42e+01,
28596,-8.00e-03,2.40e+01,
28597,-8.00e-03,2.40e+01,
28598,-8.00e-03,2.40e+01,
28599,-8.00e-03,2.40e+01,
28600,-8.00e-03,2.40e+01,
28601,-8.00e-03,2.38e+01,
28602,-8.00e-03,2.40e+01,
28603,-8.00e-03,2.42e+01,
28604,-8.00e-03,2.40e+01,
28605,-8.00e-03,2.40e+01,
28606,-8.00e-03,2.40e+01,
28607,-8.00e-03,2.42e+01,
28608,-8.00e-03,2.40e+01,
28609,-8.00e-03,2.40e+01,
28610,-1.20e-02,2.40e+01,
28611,-8.00e-03,2.42e+01,
28612,-8.00e-03,2.40e+01,
28613,-8.00e-03,2.40e+01,
28614,-8.00e-03,2.40e+01,
28615,-8.00e-03,2.40e+01,
28616,-8.00e-03,2.40e+01,
28617,-8.00e-03,2.40e+01,
28618,-1.20e-02,2.40e+01,
28619,-4.00e-03,2.40e+01,
28620,-8.00e-03,2.40e+01,
28621,-8.00e-03,2.40e+01,
28622,-8.00e-03,2.40e+01,
28623,-8.00e-03,2.40e+01,
28624,-8.00e-03,2.40e+01,
28625,-8.00e-03,2.40e+01,
28626,-8.00e-03,2.40e+01,
28627,-8.00e-03,2.42e+01,
28628,-8.00e-03,2.40e+01,
28629,-8.00e-03,2.40e+01,
28630,-8.00e-03,2.40e+01,
28631,-8.00e-03,2.42e+01,
28632,-8.00e-03,2.40e+01,
28633,-8.00e-03,2.40e+01,
28634,-1.20e-02,2.40e+01,
28635,-8.00e-03,2.40e+01,
28636,-8.00e-03,2.40e+01,
28637,-8.00e-03,2.40e+01,
28638,-8.00e-03,2.40e+01,
28639,-8.00e-03,2.40e+01,
28640,-8.00e-03,2.40e+01,
28641,-8.00e-03,2.40e+01,
28642,-8.00e-03,2.40e+01,
28643,-4.00e-03,2.42e+01,
28644,-8.00e-03,2.40e+01,
28645,-8.00e-03,2.40e+01,
28646,-8.00e-03,2.40e+01,
28647,-8.00e-03,2.42e+01,
28648,-8.00e-03,2.38e+01,
28649,-8.00e-03,2.40e+01,
28650,-1.20e-02,2.40e+01,
28651,-8.00e-03,2.40e+01,
28652,-8.00e-03,2.40e+01,
28653,-8.00e-03,2.40e+01,
28654,-1.20e-02,2.40e+01,
28655,-8.00e-03,2.42e+01,
28656,-8.00e-03,2.40e+01,
28657,-8.00e-03,2.38e+01,
28658,-1.20e-02,2.40e+01,
28659,-8.00e-03,2.42e+01,
28660,-8.00e-03,2.40e+01,
28661,-8.00e-03,2.40e+01,
28662,-8.00e-03,2.40e+01,
28663,-8.00e-03,2.40e+01,
28664,-8.00e-03,2.40e+01,
28665,-8.00e-03,2.38e+01,
28666,-8.00e-03,2.40e+01,
28667,-8.00e-03,2.42e+01,
28668,-8.00e-03,2.40e+01,
28669,-8.00e-03,2.38e+01,
28670,-8.00e-03,2.38e+01,
28671,-8.00e-03,2.42e+01,
28672,-8.00e-03,2.40e+01,
28673,-8.00e-03,2.40e+01,
28674,-8.00e-03,2.40e+01,
28675,-4.00e-03,2.42e+01,
28676,-8.00e-03,2.40e+01,
28677,-8.00e-03,2.40e+01,
28678,-8.00e-03,2.40e+01,
28679,-8.00e-03,2.42e+01,
28680,-8.00e-03,2.40e+01,
28681,-8.00e-03,2.38e+01,
28682,-1.20e-02,2.38e+01,
28683,-8.00e-03,2.42e+01,
28684,-8.00e-03,2.40e+01,
28685,-8.00e-03,2.40e+01,
28686,-8.00e-03,2.40e+01,
28687,-8.00e-03,2.42e+01,
28688,-8.00e-03,2.40e+01,
28689,-8.00e-03,2.40e+01,
28690,-1.20e-02,2.40e+01,
28691,-8.00e-03,2.40e+01,
28692,-8.00e-03,2.40e+01,
28693,-8.00e-03,2.38e+01,
28694,-8.00e-03,2.40e+01,
28695,-8.00e-03,2.40e+01,
28696,-8.00e-03,2.40e+01,
28697,-8.00e-03,2.38e+01,
28698,-1.20e-02,2.40e+01,
28699,-8.00e-03,2.40e+01,
28700,-8.00e-03,2.40e+01,
28701,-8.00e-03,2.38e+01,
28702,-1.20e-02,2.40e+01,
28703,-8.00e-03,2.42e+01,
28704,-8.00e-03,2.40e+01,
28705,-8.00e-03,2.40e+01,
28706,-8.00e-03,2.40e+01,
28707,-8.00e-03,2.40e+01,
28708,-8.00e-03,2.40e+01,
28709,-8.00e-03,2.38e+01,
28710,-8.00e-03,2.40e+01,
28711,-8.00e-03,2.42e+01,
28712,-8.00e-03,2.38e+01,
28713,-8.00e-03,2.38e+01,
28714,-1.20e-02,2.40e+01,
28715,-8.00e-03,2.40e+01,
28716,-8.00e-03,2.40e+01,
28717,-8.00e-03,2.38e+01,
28718,-8.00e-03,2.40e+01,
28719,-8.00e-03,2.40e+01,
28720,-8.00e-03,2.40e+01,
28721,-8.00e-03,2.38e+01,
28722,-8.00e-03,2.40e+01,
28723,-8.00e-03,2.40e+01,
28724,-8.00e-03,2.40e+01,
28725,-8.00e-03,2.38e+01,
28726,-8.00e-03,2.40e+01,
28727,-8.00e-03,2.40e+01,
28728,-8.00e-03,2.38e+01,
28729,-8.00e-03,2.38e+01,
28730,-1.20e-02,2.38e+01,
28731,-4.00e-03,2.40e+01,
28732,-8.00e-03,2.40e+01,
28733,-8.00e-03,2.40e+01,
28734,-8.00e-03,2.38e+01,
28735,-8.00e-03,2.42e+01,
28736,-8.00e-03,2.40e+01,
28737,-8.00e-03,2.38e+01,
28738,-1.20e-02,2.40e+01,
28739,-8.00e-03,2.40e+01,
28740,-8.00e-03,2.38e+01,
28741,-8.00e-03,2.38e+01,
28742,-8.00e-03,2.40e+01,
28743,-8.00e-03,2.40e+01,
28744,-8.00e-03,2.38e+01,
28745,-8.00e-03,2.38e+01,
28746,-1.20e-02,2.38e+01,
28747,-8.00e-03,2.40e+01,
28748,-8.00e-03,2.38e+01,
28749,-8.00e-03,2.38e+01,
28750,-8.00e-03,2.40e+01,
28751,-8.00e-03,2.40e+01,
28752,-8.00e-03,2.38e+01,
28753,-8.00e-03,2.38e+01,
28754,-1.20e-02,2.38e+01,
28755,-8.00e-03,2.40e+01,
28756,-8.00e-03,2.40e+01,
28757,-8.00e-03,2.38e+01,
28758,-8.00e-03,2.38e+01,
28759,-8.00e-03,2.40e+01,
28760,-8.00e-03,2.38e+01,
28761,-8.00e-03,2.38e+01,
28762,-1.20e-02,2.38e+01,
28763,-8.00e-03,2.40e+01,
28764,-8.00e-03,2.40e+01,
28765,-8.00e-03,2.38e+01,
28766,-8.00e-03,2.38e+01,
28767,-8.00e-03,2.40e+01,
28768,-8.00e-03,2.38e+01,
28769,-8.00e-03,2.38e+01,
28770,-1.20e-02,2.38e+01,
28771,-8.00e-03,2.40e+01,
28772,-8.00e-03,2.38e+01,
28773,-8.00e-03,2.36e+01,
28774,-1.20e-02,2.38e+01,
28775,-8.00e-03,2.38e+01,
28776,-8.00e-03,2.38e+01,
28777,-8.00e-03,2.36e+01,
28778,-1.20e-02,2.36e+01,
28779,-8.00e-03,2.38e+01,
28780,-8.00e-03,2.38e+01,
28781,-1.20e-02,2.36e+01,
28782,-8.00e-03,2.36e+01,
28783,-8.00e-03,2.38e+01,
28784,-1.20e-02,2.34e+01,
28785,-8.00e-03,2.34e+01,
28786,-1.20e-02,2.34e+01,
28787,-8.00e-03,2.36e+01,
28788,-8.00e-03,2.34e+01,
28789,-8.00e-03,2.34e+01,
28790,-1.20e-02,2.34e+01,
28791,-8.00e-03,2.36e+01,
28792,-8.00e-03,2.34e+01,
28793,-8.00e-03,2.32e+01,
28794,-1.20e-02,2.32e+01,
28795,-8.00e-03,2.34e+01,
28796,-8.00e-03,2.32e+01,
28797,-1.20e-02,2.30e+01,
28798,-8.00e-03,2.32e+01,
28799,-8.00e-03,2.32e+01,
28800,-8.00e-03,2.30e+01,
28801,-8.00e-03,2.28e+01,
28802,-1.20e-02,2.28e+01,
28803,-8.00e-03,2.30e+01,
28804,-1.20e-02,2.28e+01,
28805,-1.20e-02,2.28e+01,
28806,-1.20e-02,2.28e+01,
28807,-8.00e-03,2.28e+01,
28808,-1.20e-02,2.24e+01,
28809,-1.20e-02,2.24e+01,
28810,-1.20e-02,2.22e+01,
28811,-1.20e-02,2.22e+01,
28812,-8.00e-03,2.22e+01,
28813,-1.20e-02,2.20e+01,
28814,-1.20e-02,2.20e+01,
28815,-8.00e-03,2.22e+01,
28816,-1.20e-02,2.20e+01,
28817,-8.00e-03,2.18e+01,
28818,-1.20e-02,2.18e+01,
28819,-8.00e-03,2.18e+01,
28820,-8.00e-03,2.16e+01,
28821,-8.00e-03,2.16e+01,
28822,-8.00e-03,2.14e+01,
28823,-8.00e-03,2.16e+01,
28824,-1.20e-02,2.14e+01,
28825,-8.00e-03,2.14e+01,
28826,-1.20e-02,2.12e+01,
28827,-8.00e-03,2.14e+01,
28828,-8.00e-03,2.12e+01,
28829,-1.20e-02,2.10e+01,
28830,-1.20e-02,2.10e+01,
28831,-8.00e-03,2.10e+01,
28832,-1.20e-02,2.08e+01,
28833,-1.20e-02,2.08e+01,
28834,-1.20e-02,2.06e+01,
28835,-8.00e-03,2.08e+01,
28836,-8.00e-03,2.06e+01,
28837,-1.20e-02,2.04e+01,
28838,-1.20e-02,2.04e+01,
28839,-8.00e-03,2.04e+01,
28840,-8.00e-03,2.02e+01,
28841,-8.00e-03,2.02e+01,
28842,-1.20e-02,2.00e+01,
28843,-8.00e-03,2.00e+01,
28844,-8.00e-03,1.98e+01,
28845,-1.20e-02,1.98e+01,
28846,-1.20e-02,1.98e+01,
28847,-8.00e-03,1.98e+01,
28848,-1.20e-02,1.96e+01,
28849,-8.00e-03,1.96e+01,
28850,-1.20e-02,1.94e+01,
28851,-8.00e-03,1.96e+01,
28852,-8.00e-03,1.94e+01,
28853,-1.20e-02,1.92e+01,
28854,-1.20e-02,1.90e+01,
28855,-8.00e-03,1.92e+01,
28856,-1.20e-02,1.90e+01,
28857,-8.00e-03,1.86e+01,
28858,-1.20e-02,1.86e+01,
28859,-8.00e-03,1.90e+01,
28860,-8.00e-03,1.86e+01,
28861,-8.00e-03,1.84e+01,
28862,-1.20e-02,1.84e+01,
28863,-8.00e-03,1.82e+01,
28864,-8.00e-03,1.82e+01,
28865,-8.00e-03,1.80e+01,
28866,-1.20e-02,1.80e+01,
28867,-8.00e-03,1.80e+01,
28868,-1.20e-02,1.78e+01,
28869,-8.00e-03,1.78e+01,
28870,-1.20e-02,1.76e+01,
28871,-1.20e-02,1.76e+01,
28872,-1.20e-02,1.76e+01,
28873,-8.00e-03,1.74e+01,
28874,-1.20e-02,1.74e+01,
28875,-8.00e-03,1.74e+01,
28876,-8.00e-03,1.72e+01,
28877,-8.00e-03,1.72e+01,
28878,-8.00e-03,1.70e+01,
28879,-8.00e-03,1.72e+01,
28880,-1.20e-02,1.68e+01,
28881,-8.00e-03,1.68e+01,
28882,-1.20e-02,1.68e+01,
28883,-8.00e-03,1.68e+01,
28884,-1.20e-02,1.66e+01,
28885,-8.00e-03,1.66e+01,
28886,-1.20e-02,1.66e+01,
28887,-8.00e-03,1.64e+01,
28888,-8.00e-03,1.64e+01,
28889,-8.00e-03,1.62e+01,
28890,-1.20e-02,1.64e+01,
28891,-8.00e-03,1.62e+01,
28892,-8.00e-03,1.62e+01,
28893,-8.00e-03,1.60e+01,
28894,-1.20e-02,1.60e+01,
28895,-8.00e-03,1.60e+01,
28896,-8.00e-03,1.58e+01,
28897,-8.00e-03,1.58e+01,
28898,-1.20e-02,1.58e+01,
28899,-8.00e-03,1.56e+01,
28900,-8.00e-03,1.56e+01,
28901,-8.00e-03,1.54e+01,
28902,-1.20e-02,1.54e+01,
28903,-8.00e-03,1.54e+01,
28904,-8.00e-03,1.54e+01,
28905,-8.00e-03,1.50e+01,
28906,-1.20e-02,1.50e+01,
28907,-8.00e-03,1.50e+01,
28908,-1.20e-02,1.50e+01,
28909,-8.00e-03,1.48e+01,
28910,-1.20e-02,1.48e+01,
28911,-8.00e-03,1.48e+01,
28912,-8.00e-03,1.46e+01,
28913,-8.00e-03,1.46e+01,
28914,-8.00e-03,1.46e+01,
28915,-8.00e-03,1.46e+01,
28916,-8.00e-03,1.44e+01,
28917,-8.00e-03,1.44e+01,
28918,-8.00e-03,1.44e+01,
28919,-8.00e-03,1.44e+01,
28920,-1.20e-02,1.42e+01,
28921,-8.00e-03,1.42e+01,
28922,-8.00e-03,1.42e+01,
28923,-8.00e-03,1.42e+01,
28924,-1.20e-02,1.42e+01,
28925,-8.00e-03,1.40e+01,
28926,-8.00e-03,1.40e+01,
28927,-8.00e-03,1.40e+01,
28928,-8.00e-03,1.40e+01,
28929,-8.00e-03,1.38e+01,
28930,-8.00e-03,1.40e+01,
28931,-8.00e-03,1.40e+01,
28932,-8.00e-03,1.38e+01,
28933,-8.00e-03,1.38e+01,
28934,-8.00e-03,1.38e+01,
28935,-4.00e-03,1.38e+01,
28936,-8.00e-03,1.36e+01,
28937,-8.00e-03,1.36e+01,
28938,-8.00e-03,1.36e+01,
28939,-8.00e-03,1.38e+01,
28940,-8.00e-03,1.36e+01,
28941,-8.00e-03,1.34e+01,
28942,-8.00e-03,1.34e+01,
28943,-8.00e-03,1.36e+01,
28944,-8.00e-03,1.34e+01,
28945,-8.00e-03,1.34e+01,
28946,-8.00e-03,1.36e+01,
28947,-8.00e-03,1.34e+01,
28948,-8.00e-03,1.34e+01,
28949,-8.00e-03,1.32e+01,
28950,-8.00e-03,1.34e+01,
28951,-8.00e-03,1.34e+01,
28952,-4.00e-03,1.32e+01,
28953,-8.00e-03,1.32e+01,
28954,-8.00e-03,1.32e+01,
28955,-4.00e-03,1.34e+01,
28956,-8.00e-03,1.32e+01,
28957,-8.00e-03,1.32e+01,
28958,-8.00e-03,1.32e+01,
28959,-8.00e-03,1.34e+01,
28960,-8.00e-03,1.32e+01,
28961,-8.00e-03,1.32e+01,
28962,-8.00e-03,1.32e+01,
28963,-8.00e-03,1.32e+01,
28964,-8.00e-03,1.32e+01,
28965,-4.00e-03,1.30e+01,
28966,-8.00e-03,1.30e+01,
28967,-4.00e-03,1.32e+01,
28968,-8.00e-03,1.30e+01,
28969,-8.00e-03,1.32e+01,
28970,-8.00e-03,1.32e+01,
28971,-8.00e-03,1.32e+01,
28972,-8.00e-03,1.30e+01,
28973,-8.00e-03,1.30e+01,
28974,-8.00e-03,1.32e+01,
28975,-8.00e-03,1.32e+01,
28976,-8.00e-03,1.30e+01,
28977,-4.00e-03,1.32e+01,
28978,-8.00e-03,1.30e+01,
28979,-8.00e-03,1.32e+01,
28980,-8.00e-03,1.32e+01,
28981,-8.00e-03,1.32e+01,
28982,-8.00e-03,1.32e+01,
28983,-8.00e-03,1.32e+01,
28984,-8.00e-03,1.30e+01,
28985,-8.00e-03,1.32e+01,
28986,-8.00e-03,1.32e+01,
28987,-8.00e-03,1.34e+01,
28988,-4.00e-03,1.32e+01,
28989,-8.00e-03,1.34e+01,
28990,-8.00e-03,1.32e+01,
28991,-8.00e-03,1.34e+01,
28992,-4.00e-03,1.32e+01,
28993,-8.00e-03,1.32e+01,
28994,-8.00e-03,1.34e+01,
28995,-4.00e-03,1.34e+01,
28996,-8.00e-03,1.34e+01,
28997,-8.00e-03,1.34e+01,
28998,-8.00e-03,1.34e+01,
28999,-4.00e-03,1.36e+01,
29000,-8.00e-03,1.34e+01,
29001,-8.00e-03,1.34e+01,
29002,-8.00e-03,1.34e+01,
29003,-4.00e-03,1.36e+01,
29004,-8.00e-03,1.36e+01,
29005,-4.00e-03,1.36e+01,
29006,-8.00e-03,1.36e+01,
29007,-4.00e-03,1.38e+01,
29008,-8.00e-03,1.36e+01,
29009,-8.00e-03,1.36e+01,
29010,-8.00e-03,1.38e+01,
29011,-4.00e-03,1.38e+01,
29012,-8.00e-03,1.38e+01,
29013,-8.00e-03,1.38e+01,
29014,-8.00e-03,1.40e+01,
29015,-4.00e-03,1.40e+01,
29016,-4.00e-03,1.40e+01,
29017,-4.00e-03,1.40e+01,
29018,-8.00e-03,1.42e+01,
29019,-4.00e-03,1.42e+01,
29020,-4.00e-03,1.42e+01,
29021,-4.00e-03,1.42e+01,
29022,-8.00e-03,1.42e+01,
29023,-4.00e-03,1.44e+01,
29024,-4.00e-03,1.42e+01,
29025,-4.00e-03,1.44e+01,
29026,-8.00e-03,1.44e+01,
29027,-4.00e-03,1.46e+01,
29028,-8.00e-03,1.44e+01,
29029,-8.00e-03,1.44e+01,
29030,-4.00e-03,1.46e+01,
29031,-8.00e-03,1.48e+01,
29032,-8.00e-03,1.48e+01,
29033,-4.00e-03,1.48e+01,
29034,-8.00e-03,1.48e+01,
29035,-4.00e-03,1.50e+01,
29036,-8.00e-03,1.48e+01,
29037,-4.00e-03,1.50e+01,
29038,-8.00e-03,1.50e+01,
29039,-4.00e-03,1.54e+01,
29040,-8.00e-03,1.54e+01,
29041,-8.00e-03,1.54e+01,
29042,-8.00e-03,1.56e+01,
29043,-4.00e-03,1.56e+01,
29044,-8.00e-03,1.54e+01,
29045,-8.00e-03,1.56e+01,
29046,-4.00e-03,1.58e+01,
29047,-4.00e-03,1.60e+01,
29048,-4.00e-03,1.58e+01,
29049,-8.00e-03,1.58e+01,
29050,-8.00e-03,1.60e+01,
29051,-4.00e-03,1.62e+01,
29052,-8.00e-03,1.60e+01,
29053,-4.00e-03,1.62e+01,
29054,-8.00e-03,1.62e+01,
29055,-4.00e-03,1.64e+01,
29056,-8.00e-03,1.64e+01,
29057,-8.00e-03,1.64e+01,
29058,-8.00e-03,1.64e+01,
29059,-4.00e-03,1.66e+01,
29060,-8.00e-03,1.66e+01,
29061,-8.00e-03,1.68e+01,
29062,-8.00e-03,1.68e+01,
29063,-8.00e-03,1.68e+01,
29064,-4.00e-03,1.68e+01,
29065,-4.00e-03,1.68e+01,
29066,-8.00e-03,1.70e+01,
29067,-4.00e-03,1.72e+01,
29068,-8.00e-03,1.72e+01,
29069,-4.00e-03,1.72e+01,
29070,-8.00e-03,1.74e+01,
29071,-8.00e-03,1.74e+01,
29072,-4.00e-03,1.74e+01,
29073,-4.00e-03,1.76e+01,
29074,-8.00e-03,1.76e+01,
29075,-4.00e-03,1.78e+01,
29076,-8.00e-03,1.78e+01,
29077,-8.00e-03,1.78e+01,
29078,-8.00e-03,1.78e+01,
29079,-8.00e-03,1.80e+01,
29080,-8.00e-03,1.80e+01,
29081,-4.00e-03,1.80e+01,
29082,-8.00e-03,1.82e+01,
29083,-4.00e-03,1.84e+01,
29084,-8.00e-03,1.84e+01,
29085,-8.00e-03,1.82e+01,
29086,-8.00e-03,1.84e+01,
29087,-8.00e-03,1.86e+01,
29088,-8.00e-03,1.86e+01,
29089,-8.00e-03,1.86e+01,
29090,-8.00e-03,1.90e+01,
29091,-4.00e-03,1.90e+01,
29092,-8.00e-03,1.90e+01,
29093,-8.00e-03,1.90e+01,
29094,-8.00e-03,1.92e+01,
29095,-8.00e-03,1.94e+01,
29096,-4.00e-03,1.92e+01,
29097,-4.00e-03,1.94e+01,
29098,-8.00e-03,1.96e+01,
29099,-4.00e-03,1.96e+01,
29100,-8.00e-03,1.98e+01,
29101,-8.00e-03,1.96e+01,
29102,-8.00e-03,1.98e+01,
29103,-8.00e-03,2.00e+01,
29104,-8.00e-03,2.00e+01,
29105,-8.00e-03,2.00e+01,
29106,-8.00e-03,2.00e+01,
29107,-4.00e-03,2.02e+01,
29108,-8.00e-03,2.02e+01,
29109,-1.20e-02,2.02e+01,
29110,-8.00e-03,2.04e+01,
29111,-4.00e-03,2.06e+01,
29112,-8.00e-03,2.04e+01,
29113,-4.00e-03,2.04e+01,
29114,-8.00e-03,2.06e+01,
29115,-4.00e-03,2.08e+01,
29116,-8.00e-03,2.08e+01,
29117,-8.00e-03,2.06e+01,
29118,-8.00e-03,2.08e+01,
29119,-8.00e-03,2.12e+01,
29120,-8.00e-03,2.08e+01,
29121,-4.00e-03,2.10e+01,
29122,-8.00e-03,2.12e+01,
29123,-4.00e-03,2.12e+01,
29124,-8.00e-03,2.12e+01,
29125,-8.00e-03,2.12e+01,
29126,-8.00e-03,2.14e+01,
29127,-8.00e-03,2.16e+01,
29128,-8.00e-03,2.14e+01,
29129,-8.00e-03,2.14e+01,
29130,-1.20e-02,2.16e+01,
29131,-8.00e-03,2.18e+01,
29132,-8.00e-03,2.18e+01,
29133,-8.00e-03,2.16e+01,
29134,-8.00e-03,2.18e+01,
29135,-8.00e-03,2.20e+01,
29136,-8.00e-03,2.18e+01,
29137,-8.00e-03,2.18e+01,
29138,-1.20e-02,2.20e+01,
29139,-4.00e-03,2.22e+01,
29140,-8.00e-03,2.20e+01,
29141,-8.00e-03,2.20e+01,
29142,-8.00e-03,2.22e+01,
29143,-4.00e-03,2.24e+01,
29144,-8.00e-03,2.22e+01,
29145,-8.00e-03,2.22e+01,
29146,-1.20e-02,2.24e+01,
29147,-8.00e-03,2.24e+01,
29148,-8.00e-03,2.24e+01,
29149,-8.00e-03,2.22e+01,
29150,-8.00e-03,2.24e+01,
29151,-8.00e-03,2.28e+01,
29152,-8.00e-03,2.24e+01,
29153,-8.00e-03,2.24e+01,
29154,-1.20e-02,2.28e+01,
29155,-4.00e-03,2.30e+01,
29156,-8.00e-03,2.28e+01,
29157,-1.20e-02,2.28e+01,
29158,-1.20e-02,2.28e+01,
29159,-8.00e-03,2.30e+01,
29160,-8.00e-03,2.30e+01,
29161,-8.00e-03,2.28e+01,
29162,-1.20e-02,2.30e+01,
29163,-8.00e-03,2.32e+01,
29164,-8.00e-03,2.30e+01,
29165,-8.00e-03,2.30e+01,
29166,-1.20e-02,2.30e+01,
29167,-8.00e-03,2.32e+01,
29168,-8.00e-03,2.30e+01,
29169,-8.00e-03,2.30e+01,
29170,-1.20e-02,2.32e+01,
29171,-8.00e-03,2.34e+01,
29172,-1.20e-02,2.32e+01,
29173,-8.00e-03,2.30e+01,
29174,-8.00e-03,2.32e+01,
29175,-8.00e-03,2.34e+01,
29176,-8.00e-03,2.32e+01,
29177,-8.00e-03,2.32e+01,
29178,-1.20e-02,2.32e+01,
29179,-8.00e-03,2.34e+01,
29180,-8.00e-03,2.32e+01,
29181,-8.00e-03,2.30e+01,
29182,-8.00e-03,2.32e+01,
29183,-8.00e-03,2.34e+01,
29184,-8.00e-03,2.32e+01,
29185,-8.00e-03,2.32e+01,
29186,-1.20e-02,2.32e+01,
29187,-8.00e-03,2.34e+01,
29188,-8.00e-03,2.32e+01,
29189,-8.00e-03,2.30e+01,
29190,-8.00e-03,2.32e+01,
29191,-8.00e-03,2.32e+01,
29192,-8.00e-03,2.32e+01,
29193,-8.00e-03,2.32e+01,
29194,-1.20e-02,2.32e+01,
29195,-8.00e-03,2.32e+01,
29196,-1.20e-02,2.30e+01,
29197,-8.00e-03,2.30e+01,
29198,-8.00e-03,2.30e+01,
29199,-1.20e-02,2.30e+01,
29200,-8.00e-03,2.30e+01,
29201,-8.00e-03,2.28e+01,
29202,-1.20e-02,2.30e+01,
29203,-8.00e-03,2.30e+01,
29204,-8.00e-03,2.28e+01,
29205,-8.00e-03,2.28e+01,
29206,-8.00e-03,2.28e+01,
29207,-8.00e-03,2.30e+01,
29208,-1.20e-02,2.28e+01,
29209,-8.00e-03,2.28e+01,
29210,-1.20e-02,2.28e+01,
29211,-8.00e-03,2.28e+01,
29212,-1.20e-02,2.28e+01,
29213,-8.00e-03,2.24e+01,
29214,-8.00e-03,2.24e+01,
29215,-8.00e-03,2.28e+01,
29216,-8.00e-03,2.22e+01,
29217,-8.00e-03,2.22e+01,
29218,-1.20e-02,2.22e+01,
29219,-8.00e-03,2.22e+01,
29220,-1.20e-02,2.22e+01,
29221,-1.20e-02,2.20e+01,
29222,-8.00e-03,2.20e+01,
29223,-8.00e-03,2.22e+01,
29224,-8.00e-03,2.20e+01,
29225,-8.00e-03,2.20e+01,
29226,-1.20e-02,2.18e+01,
29227,-8.00e-03,2.20e+01,
29228,-8.00e-03,2.18e+01,
29229,-8.00e-03,2.18e+01,
29230,-1.20e-02,2.16e+01,
29231,-8.00e-03,2.18e+01,
29232,-8.00e-03,2.16e+01,
29233,-8.00e-03,2.14e+01,
29234,-1.20e-02,2.16e+01,
29235,-8.00e-03,2.16e+01,
29236,-1.20e-02,2.14e+01,
29237,-1.20e-02,2.14e+01,
29238,-1.20e-02,2.12e+01,
29239,-8.00e-03,2.14e+01,
29240,-1.20e-02,2.12e+01,
29241,-8.00e-03,2.10e+01,
29242,-1.20e-02,2.10e+01,
29243,-8.00e-03,2.12e+01,
29244,-8.00e-03,2.10e+01,
29245,-8.00e-03,2.08e+01,
29246,-1.20e-02,2.08e+01,
29247,-8.00e-03,2.10e+01,
29248,-1.20e-02,2.08e+01,
29249,-8.00e-03,2.06e+01,
29250,-1.20e-02,2.06e+01,
29251,-8.00e-03,2.06e+01,
29252,-8.00e-03,2.04e+01,
29253,-1.20e-02,2.04e+01,
29254,-8.00e-03,2.02e+01,
29255,-8.00e-03,2.04e+01,
29256,-1.20e-02,2.00e+01,
29257,-8.00e-03,2.00e+01,
29258,-1.20e-02,2.00e+01,
29259,-1.20e-02,2.00e+01,
29260,-8.00e-03,2.00e+01,
29261,-1.20e-02,1.98e+01,
29262,-1.20e-02,1.98e+01,
29263,-8.00e-03,1.98e+01,
29264,-8.00e-03,1.96e+01,
29265,-1.20e-02,1.94e+01,
29266,-1.20e-02,1.96e+01,
29267,-8.00e-03,1.96e+01,
29268,-8.00e-03,1.94e+01,
29269,-8.00e-03,1.92e+01,
29270,-1.20e-02,1.92e+01,
29271,-8.00e-03,1.92e+01,
29272,-1.20e-02,1.90e+01,
29273,-8.00e-03,1.90e+01,
29274,-1.20e-02,1.90e+01,
29275,-8.00e-03,1.90e+01,
29276,-8.00e-03,1.86e+01,
29277,-8.00e-03,1.84e+01,
29278,-8.00e-03,1.84e+01,
29279,-8.00e-03,1.84e+01,
29280,-8.00e-03,1.84e+01,
29281,-8.00e-03,1.82e+01,
29282,-1.20e-02,1.82e+01,
29283,-8.00e-03,1.82e+01,
29284,-8.00e-03,1.80e+01,
29285,-8.00e-03,1.80e+01,
29286,-8.00e-03,1.80e+01,
29287,-8.00e-03,1.80e+01,
29288,-1.20e-02,1.78e+01,
29289,-4.00e-03,1.76e+01,
29290,-1.20e-02,1.76e+01,
29291,-8.00e-03,1.76e+01,
29292,-8.00e-03,1.74e+01,
29293,-8.00e-03,1.74e+01,
29294,-1.20e-02,1.74e+01,
29295,-8.00e-03,1.74e+01,
29296,-8.00e-03,1.72e+01,
29297,-8.00e-03,1.70e+01,
29298,-1.20e-02,1.70e+01,
29299,-8.00e-03,1.72e+01,
29300,-8.00e-03,1.68e+01,
29301,-1.20e-02,1.68e+01,
29302,-1.20e-02,1.68e+01,
29303,-8.00e-03,1.68e+01,
29304,-1.20e-02,1.68e+01,
29305,-8.00e-03,1.66e+01,
29306,-1.20e-02,1.66e+01,
29307,-8.00e-03,1.66e+01,
29308,-8.00e-03,1.64e+01,
29309,-8.00e-03,1.64e+01,
29310,-8.00e-03,1.62e+01,
29311,-8.00e-03,1.64e+01,
29312,-8.00e-03,1.62e+01,
29313,-8.00e-03,1.60e+01,
29314,-1.20e-02,1.60e+01,
29315,-8.00e-03,1.62e+01,
29316,-1.20e-02,1.60e+01,
29317,-8.00e-03,1.58e+01,
29318,-8.00e-03,1.58e+01,
29319,-8.00e-03,1.58e+01,
29320,-8.00e-03,1.58e+01,
29321,-8.00e-03,1.56e+01,
29322,-8.00e-03,1.58e+01,
29323,-8.00e-03,1.56e+01,
29324,-1.20e-02,1.54e+01,
29325,-1.20e-02,1.54e+01,
29326,-8.00e-03,1.54e+01,
29327,-8.00e-03,1.54e+01,
29328,-8.00e-03,1.54e+01,
29329,-8.00e-03,1.50e+01,
29330,-1.20e-02,1.50e+01,
29331,-8.00e-03,1.50e+01,
29332,-8.00e-03,1.50e+01,
29333,-8.00e-03,1.48e+01,
29334,-1.20e-02,1.48e+01,
29335,-8.00e-03,1.48e+01,
29336,-8.00e-03,1.48e+01,
29337,-8.00e-03,1.46e+01,
29338,-1.20e-02,1.46e+01,
29339,-8.00e-03,1.46e+01,
29340,-8.00e-03,1.46e+01,
29341,-8.00e-03,1.44e+01,
29342,-8.00e-03,1.46e+01,
29343,-8.00e-03,1.44e+01,
29344,-8.00e-03,1.42e+01,
29345,-8.00e-03,1.42e+01,
29346,-1.20e-02,1.44e+01,
29347,-8.00e-03,1.44e+01,
29348,-8.00e-03,1.42e+01,
29349,-8.00e-03,1.42e+01,
29350,-8.00e-03,1.42e+01,
29351,-8.00e-03,1.42e+01,
29352,-8.00e-03,1.40e+01,
29353,-8.00e-03,1.40e+01,
29354,-1.20e-02,1.42e+01,
29355,-8.00e-03,1.40e+01,
29356,-8.00e-03,1.40e+01,
29357,-8.00e-03,1.38e+01,
29358,-8.00e-03,1.40e+01,
29359,-8.00e-03,1.40e+01,
29360,-8.00e-03,1.38e+01,
29361,-8.00e-03,1.38e+01,
29362,-8.00e-03,1.38e+01,
29363,-8.00e-03,1.38e+01,
29364,-8.00e-03,1.38e+01,
29365,-8.00e-03,1.38e+01,
29366,-8.00e-03,1.36e+01,
29367,-8.00e-03,1.38e+01,
29368,-8.00e-03,1.36e+01,
29369,-8.00e-03,1.36e+01,
29370,-8.00e-03,1.38e+01,
29371,-8.00e-03,1.36e+01,
29372,-8.00e-03,1.36e+01,
29373,-8.00e-03,1.36e+01,
29374,-8.00e-03,1.36e+01,
29375,-4.00e-03,1.38e+01,
29376,-8.00e-03,1.34e+01,
29377,-8.00e-03,1.34e+01,
29378,-8.00e-03,1.36e+01,
29379,-8.00e-03,1.36e+01,
29380,-8.00e-03,1.36e+01,
29381,-8.00e-03,1.34e+01,
29382,-8.00e-03,1.36e+01,
29383,-8.00e-03,1.36e+01,
29384,-8.00e-03,1.34e+01,
29385,-8.00e-03,1.36e+01,
29386,-8.00e-03,1.36e+01,
29387,-4.00e-03,1.36e+01,
29388,-8.00e-03,1.34e+01,
29389,-8.00e-03,1.34e+01,
29390,-8.00e-03,1.34e+01,
29391,-8.00e-03,1.34e+01,
29392,-8.00e-03,1.34e+01,
29393,-8.00e-03,1.34e+01,
29394,-8.00e-03,1.34e+01,
29395,-8.00e-03,1.36e+01,
29396,-8.00e-03,1.34e+01,
29397,-4.00e-03,1.34e+01,
29398,-8.00e-03,1.34e+01,
29399,-4.00e-03,1.36e+01,
29400,-8.00e-03,1.34e+01,
29401,-4.00e-03,1.34e+01,
29402,-8.00e-03,1.36e+01,
29403,-8.00e-03,1.36e+01,
29404,-8.00e-03,1.34e+01,
29405,-8.00e-03,1.36e+01,
29406,-8.00e-03,1.34e+01,
29407,-4.00e-03,1.36e+01,
29408,-8.00e-03,1.36e+01,
29409,-8.00e-03,1.36e+01,
29410,-8.00e-03,1.36e+01,
29411,-8.00e-03,1.38e+01,
29412,-8.00e-03,1.36e+01,
29413,-8.00e-03,1.36e+01,
29414,-8.00e-03,1.36e+01,
29415,-4.00e-03,1.38e+01,
29416,-8.00e-03,1.36e+01,
29417,-8.00e-03,1.38e+01,
29418,-8.00e-03,1.38e+01,
29419,-8.00e-03,1.38e+01,
29420,-4.00e-03,1.38e+01,
29421,-8.00e-03,1.38e+01,
29422,-8.00e-03,1.40e+01,
29423,-4.00e-03,1.40e+01,
29424,-8.00e-03,1.40e+01,
29425,-4.00e-03,1.40e+01,
29426,-8.00e-03,1.40e+01,
29427,-8.00e-03,1.40e+01,
29428,-4.00e-03,1.40e+01,
29429,-8.00e-03,1.40e+01,
29430,-8.00e-03,1.40e+01,
29431,-8.00e-03,1.42e+01,
29432,-8.00e-03,1.42e+01,
29433,-4.00e-03,1.40e+01,
29434,-8.00e-03,1.42e+01,
29435,-8.00e-03,1.42e+01,
29436,-8.00e-03,1.42e+01,
29437,-4.00e-03,1.42e+01,
29438,-8.00e-03,1.44e+01,
29439,-4.00e-03,1.44e+01,
29440,-8.00e-03,1.44e+01,
29441,-4.00e-03,1.44e+01,
29442,-8.00e-03,1.44e+01,
29443,-4.00e-03,1.46e+01,
29444,-8.00e-03,1.46e+01,
29445,-8.00e-03,1.46e+01,
29446,-8.00e-03,1.46e+01,
29447,-4.00e-03,1.48e+01,
29448,-8.00e-03,1.46e+01,
29449,-8.00e-03,1.48e+01,
29450,-8.00e-03,1.48e+01,
29451,-8.00e-03,1.50e+01,
29452,-8.00e-03,1.50e+01,
29453,-8.00e-03,1.50e+01,
29454,-8.00e-03,1.50e+01,
29455,-4.00e-03,1.54e+01,
29456,-8.00e-03,1.50e+01,
29457,-8.00e-03,1.54e+01,
29458,-8.00e-03,1.54e+01,
29459,-4.00e-03,1.56e+01,
29460,-4.00e-03,1.56e+01,
29461,-8.00e-03,1.54e+01,
29462,-8.00e-03,1.56e+01,
29463,-4.00e-03,1.56e+01,
29464,-8.00e-03,1.56e+01,
29465,-8.00e-03,1.58e+01,
29466,-8.00e-03,1.58e+01,
29467,-4.00e-03,1.60e+01,
29468,-8.00e-03,1.60e+01,
29469,-4.00e-03,1.60e+01,
29470,-8.00e-03,1.62e+01,
29471,-8.00e-03,1.62e+01,
29472,-8.00e-03,1.62e+01,
29473,-4.00e-03,1.62e+01,
29474,-8.00e-03,1.62e+01,
29475,-4.00e-03,1.64e+01,
29476,-8.00e-03,1.64e+01,
29477,-8.00e-03,1.64e+01,
29478,-8.00e-03,1.64e+01,
29479,-4.00e-03,1.68e+01,
29480,-8.00e-03,1.66e+01,
29481,-8.00e-03,1.66e+01,
29482,-8.00e-03,1.68e+01,
29483,-8.00e-03,1.68e+01,
29484,-8.00e-03,1.68e+01,
29485,-8.00e-03,1.68e+01,
29486,-8.00e-03,1.70e+01,
29487,-4.00e-03,1.72e+01,
29488,-8.00e-03,1.72e+01,
29489,-4.00e-03,1.72e+01,
29490,-8.00e-03,1.72e+01,
29491,-4.00e-03,1.74e+01,
29492,-8.00e-03,1.74e+01,
29493,-8.00e-03,1.74e+01,
29494,-8.00e-03,1.76e+01,
29495,-4.00e-03,1.78e+01,
29496,-8.00e-03,1.76e+01,
29497,-8.00e-03,1.76e+01,
29498,-8.00e-03,1.78e+01,
29499,-4.00e-03,1.80e+01,
29500,-8.00e-03,1.80e+01,
29501,-8.00e-03,1.78e+01,
29502,-8.00e-03,1.80e+01,
29503,-4.00e-03,1.82e+01,
29504,-8.00e-03,1.82e+01,
29505,-8.00e-03,1.82e+01,
29506,-8.00e-03,1.82e+01,
29507,-8.00e-03,1.84e+01,
29508,-8.00e-03,1.84e+01,
29509,-8.00e-03,1.84e+01,
29510,-8.00e-03,1.86e+01,
29511,-8.00e-03,1.86e+01,
29512,-4.00e-03,1.86e+01,
29513,-8.00e-03,1.86e+01,
29514,-8.00e-03,1.90e+01,
29515,-8.00e-03,1.92e+01,
29516,-4.00e-03,1.92e+01,
29517,-4.00e-03,1.92e+01,
29518,-8.00e-03,1.92e+01,
29519,-8.00e-03,1.96e+01,
29520,-4.00e-03,1.94e+01,
29521,-8.00e-03,1.94e+01,
29522,-8.00e-03,1.96e+01,
29523,-8.00e-03,1.96e+01,
29524,-8.00e-03,1.96e+01,
29525,-8.00e-03,1.96e+01,
29526,-8.00e-03,1.96e+01,
29527,-4.00e-03,1.98e+01,
29528,-8.00e-03,1.98e+01,
29529,-8.00e-03,1.98e+01,
29530,-8.00e-03,2.00e+01,
29531,-8.00e-03,2.02e+01,
29532,-8.00e-03,2.00e+01,
29533,-8.00e-03,2.02e+01,
29534,-8.00e-03,2.02e+01,
29535,-8.00e-03,2.04e+01,
29536,-8.00e-03,2.04e+01,
29537,-8.00e-03,2.04e+01,
29538,-8.00e-03,2.04e+01,
29539,-8.00e-03,2.06e+01,
29540,-8.00e-03,2.06e+01,
29541,-8.00e-03,2.06e+01,
29542,-8.00e-03,2.06e+01,
29543,-4.00e-03,2.08e+01,
29544,-8.00e-03,2.06e+01,
29545,-8.00e-03,2.08e+01,
29546,-8.00e-03,2.08e+01,
29547,-8.00e-03,2.12e+01,
29548,-8.00e-03,2.10e+01,
29549,-8.00e-03,2.10e+01,
29550,-8.00e-03,2.10e+01,
29551,-8.00e-03,2.12e+01,
29552,-8.00e-03,2.12e+01,
29553,-8.00e-03,2.12e+01,
29554,-8.00e-03,2.12e+01,
29555,-8.00e-03,2.14e+01,
29556,-8.00e-03,2.14e+01,
29557,-8.00e-03,2.14e+01,
29558,-1.20e-02,2.14e+01,
29559,-8.00e-03,2.16e+01,
29560,-8.00e-03,2.16e+01,
29561,-8.00e-03,2.16e+01,
29562,-8.00e-03,2.16e+01,
29563,-8.00e-03,2.18e+01,
29564,-8.00e-03,2.16e+01,
29565,-8.00e-03,2.18e+01,
29566,-8.00e-03,2.18e+01,
29567,-8.00e-03,2.20e+01,
29568,-8.00e-03,2.18e+01,
29569,-8.00e-03,2.18e+01,
29570,-1.20e-02,2.18e+01,
29571,-4.00e-03,2.20e+01,
29572,-8.00e-03,2.20e+01,
29573,-8.00e-03,2.18e+01,
29574,-8.00e-03,2.20e+01,
29575,-4.00e-03,2.22e+01,
29576,-8.00e-03,2.20e+01,
29577,-8.00e-03,2.20e+01,
29578,-8.00e-03,2.20e+01,
29579,-8.00e-03,2.22e+01,
29580,-8.00e-03,2.22e+01,
29581,-8.00e-03,2.22e+01,
29582,-8.00e-03,2.22e+01,
29583,-8.00e-03,2.24e+01,
29584,-8.00e-03,2.22e+01,
29585,-8.00e-03,2.22e+01,
29586,-8.00e-03,2.22e+01,
29587,-8.00e-03,2.24e+01,
29588,-1.20e-02,2.24e+01,
29589,-8.00e-03,2.24e+01,
29590,-8.00e-03,2.24e+01,
29591,-8.00e-03,2.24e+01,
29592,-8.00e-03,2.24e+01,
29593,-8.00e-03,2.24e+01,
29594,-8.00e-03,2.24e+01,
29595,-8.00e-03,2.28e+01,
29596,-8.00e-03,2.24e+01,
29597,-8.00e-03,2.24e+01,
29598,-1.20e-02,2.24e+01,
29599,-8.00e-03,2.28e+01,
29600,-8.00e-03,2.24e+01,
29601,-8.00e-03,2.24e+01,
29602,-8.00e-03,2.24e+01,
29603,-4.00e-03,2.24e+01,
29604,-8.00e-03,2.24e+01,
29605,-8.00e-03,2.24e+01,
29606,-8.00e-03,2.24e+01,
29607,-8.00e-03,2.28e+01,
29608,-8.00e-03,2.24e+01,
29609,-8.00e-03,2.24e+01,
29610,-8.00e-03,2.24e+01,
29611,-8.00e-03,2.24e+01,
29612,-1.20e-02,2.24e+01,
29613,-8.00e-03,2.24e+01,
29614,-8.00e-03,2.22e+01,
29615,-8.00e-03,2.24e+01,
29616,-8.00e-03,2.24e+01,
29617,-8.00e-03,2.22e+01,
29618,-1.20e-02,2.24e+01,
29619,-8.00e-03,2.24e+01,
29620,-1.20e-02,2.22e+01,
29621,-8.00e-03,2.22e+01,
29622,-8.00e-03,2.22e+01,
29623,-8.00e-03,2.22e+01,
29624,-8.00e-03,2.22e+01,
29625,-8.00e-03,2.20e+01,
29626,-8.00e-03,2.20e+01,
29627,-8.00e-03,2.22e+01,
29628,-1.20e-02,2.20e+01,
29629,-1.20e-02,2.20e+01,
29630,-1.20e-02,2.20e+01,
29631,-8.00e-03,2.22e+01,
29632,-8.00e-03,2.20e+01,
29633,-8.00e-03,2.18e+01,
29634,-1.20e-02,2.18e+01,
29635,-8.00e-03,2.20e+01,
29636,-8.00e-03,2.18e+01,
29637,-8.00e-03,2.18e+01,
29638,-8.00e-03,2.18e+01,
29639,-8.00e-03,2.20e+01,
29640,-8.00e-03,2.16e+01,
29641,-1.20e-02,2.16e+01,
29642,-1.20e-02,2.16e+01,
29643,-8.00e-03,2.16e+01,
29644,-8.00e-03,2.16e+01,
29645,-8.00e-03,2.14e+01,
29646,-8.00e-03,2.14e+01,
29647,-8.00e-03,2.16e+01,
29648,-8.00e-03,2.12e+01,
29649,-8.00e-03,2.12e+01,
29650,-8.00e-03,2.14e+01,
29651,-8.00e-03,2.14e+01,
29652,-1.20e-02,2.12e+01,
29653,-8.00e-03,2.12e+01,
29654,-8.00e-03,2.10e+01,
29655,-8.00e-03,2.12e+01,
29656,-8.00e-03,2.10e+01,
29657,-8.00e-03,2.08e+01,
29658,-1.20e-02,2.08e+01,
29659,-8.00e-03,2.10e+01,
29660,-1.20e-02,2.08e+01,
29661,-8.00e-03,2.06e+01,
29662,-1.20e-02,2.08e+01,
29663,-8.00e-03,2.08e+01,
29664,-8.00e-03,2.06e+01,
29665,-8.00e-03,2.04e+01,
29666,-1.20e-02,2.06e+01,
29667,-8.00e-03,2.06e+01,
29668,-8.00e-03,2.04e+01,
29669,-8.00e-03,2.02e+01,
29670,-1.20e-02,2.02e+01,
29671,-8.00e-03,2.04e+01,
29672,-1.20e-02,2.00e+01,
29673,-8.00e-03,2.00e+01,
29674,-1.20e-02,2.00e+01,
29675,-8.00e-03,2.00e+01,
29676,-1.20e-02,1.98e+01,
29677,-8.00e-03,1.98e+01,
29678,-1.20e-02,1.98e+01,
29679,-8.00e-03,1.98e+01,
29680,-8.00e-03,1.96e+01,
29681,-8.00e-03,1.96e+01,
29682,-1.20e-02,1.96e+01,
29683,-8.00e-03,1.96e+01,
29684,-8.00e-03,1.94e+01,
29685,-8.00e-03,1.92e+01,
29686,-1.20e-02,1.92e+01,
29687,-8.00e-03,1.94e+01,
29688,-1.20e-02,1.90e+01,
29689,-1.20e-02,1.90e+01,
29690,-1.20e-02,1.90e+01,
29691,-8.00e-03,1.90e+01,
29692,-1.20e-02,1.86e+01,
29693,-8.00e-03,1.86e+01,
29694,-1.20e-02,1.86e+01,
29695,-8.00e-03,1.86e+01,
29696,-1.20e-02,1.84e+01,
29697,-8.00e-03,1.84e+01,
29698,-1.20e-02,1.84e+01,
29699,-8.00e-03,1.84e+01,
29700,-1.20e-02,1.82e+01,
29701,-8.00e-03,1.80e+01,
29702,-1.20e-02,1.80e+01,
29703,-8.00e-03,1.82e+01,
29704,-8.00e-03,1.80e+01,
29705,-8.00e-03,1.78e+01,
29706,-1.20e-02,1.80e+01,
29707,-8.00e-03,1.78e+01,
29708,-1.20e-02,1.76e+01,
29709,-1.20e-02,1.76e+01,
29710,-8.00e-03,1.76e+01,
29711,-8.00e-03,1.76e+01,
29712,-8.00e-03,1.74e+01,
29713,-8.00e-03,1.74e+01,
29714,-1.20e-02,1.74e+01,
29715,-8.00e-03,1.74e+01,
29716,-8.00e-03,1.72e+01,
29717,-8.00e-03,1.72e+01,
29718,-8.00e-03,1.72e+01,
29719,-8.00e-03,1.72e+01,
29720,-8.00e-03,1.70e+01,
29721,-8.00e-03,1.70e+01,
29722,-1.20e-02,1.68e+01,
29723,-8.00e-03,1.70e+01,
29724,-8.00e-03,1.68e+01,
29725,-8.00e-03,1.66e+01,
29726,-8.00e-03,1.66e+01,
29727,-8.00e-03,1.66e+01,
29728,-8.00e-03,1.66e+01,
29729,-8.00e-03,1.64e+01,
29730,-1.20e-02,1.64e+01,
29731,-8.00e-03,1.64e+01,
29732,-8.00e-03,1.64e+01,
29733,-8.00e-03,1.62e+01,
29734,-8.00e-03,1.62e+01,
29735,-8.00e-03,1.62e+01,
29736,-8.00e-03,1.60e+01,
29737,-8.00e-03,1.60e+01,
29738,-1.20e-02,1.60e+01,
29739,-8.00e-03,1.60e+01,
29740,-8.00e-03,1.60e+01,
29741,-1.20e-02,1.58e+01,
29742,-1.20e-02,1.58e+01,
29743,-8.00e-03,1.58e+01,
29744,-8.00e-03,1.58e+01,
29745,-8.00e-03,1.56e+01,
29746,-1.20e-02,1.56e+01,
29747,-8.00e-03,1.56e+01,
29748,-1.20e-02,1.54e+01,
29749,-8.00e-03,1.54e+01,
29750,-8.00e-03,1.54e+01,
29751,-8.00e-03,1.54e+01,
29752,-8.00e-03,1.54e+01,
29753,-8.00e-03,1.50e+01,
29754,-8.00e-03,1.50e+01,
29755,-8.00e-03,1.54e+01,
29756,-8.00e-03,1.50e+01,
29757,-8.00e-03,1.50e+01,
29758,-8.00e-03,1.50e+01,
29759,-8.00e-03,1.50e+01,
29760,-8.00e-03,1.48e+01,
29761,-8.00e-03,1.48e+01,
29762,-8.00e-03,1.48e+01,
29763,-8.00e-03,1.48e+01,
29764,-8.00e-03,1.46e+01,
29765,-8.00e-03,1.46e+01,
29766,-8.00e-03,1.46e+01,
29767,-8.00e-03,1.46e+01,
29768,-8.00e-03,1.44e+01,
29769,-8.00e-03,1.44e+01,
29770,-1.20e-02,1.46e+01,
29771,-8.00e-03,1.46e+01,
29772,-1.20e-02,1.42e+01,
29773,-8.00e-03,1.44e+01,
29774,-8.00e-03,1.44e+01,
29775,-8.00e-03,1.44e+01,
29776,-8.00e-03,1.42e+01,
29777,-8.00e-03,1.42e+01,
29778,-1.20e-02,1.42e+01,
29779,-8.00e-03,1.42e+01,
29780,-8.00e-03,1.42e+01,
29781,-8.00e-03,1.42e+01,
29782,-8.00e-03,1.42e+01,
29783,-8.00e-03,1.42e+01,
29784,-8.00e-03,1.40e+01,
29785,-8.00e-03,1.40e+01,
29786,-1.20e-02,1.40e+01,
29787,-4.00e-03,1.42e+01,
29788,-8.00e-03,1.40e+01,
29789,-8.00e-03,1.40e+01,
29790,-8.00e-03,1.40e+01,
29791,-8.00e-03,1.40e+01,
29792,-8.00e-03,1.38e+01,
29793,-8.00e-03,1.40e+01,
29794,-1.20e-02,1.40e+01,
29795,-8.00e-03,1.40e+01,
29796,-8.00e-03,1.40e+01,
29797,-8.00e-03,1.38e+01,
29798,-8.00e-03,1.38e+01,
29799,-4.00e-03,1.40e+01,
29800,-8.00e-03,1.38e+01,
29801,-4.00e-03,1.38e+01,
29802,-8.00e-03,1.38e+01,
29803,-8.00e-03,1.40e+01,
29804,-8.00e-03,1.38e+01,
29805,-8.00e-03,1.38e+01,
29806,-8.00e-03,1.38e+01,
29807,-8.00e-03,1.40e+01,
29808,-8.00e-03,1.38e+01,
29809,-8.00e-03,1.38e+01,
29810,-8.00e-03,1.38e+01,
29811,-8.00e-03,1.38e+01,
29812,-8.00e-03,1.38e+01,
29813,-8.00e-03,1.38e+01,
29814,-8.00e-03,1.38e+01,
29815,-8.00e-03,1.38e+01,
29816,-8.00e-03,1.38e+01,
29817,-8.00e-03,1.38e+01,
29818,-8.00e-03,1.38e+01,
29819,-4.00e-03,1.40e+01,
29820,-8.00e-03,1.38e+01,
29821,-8.00e-03,1.38e+01,
29822,-8.00e-03,1.38e+01,
29823,-4.00e-03,1.40e+01,
29824,-8.00e-03,1.38e+01,
29825,-4.00e-03,1.38e+01,
29826,-8.00e-03,1.40e+01,
29827,-4.00e-03,1.40e+01,
29828,-8.00e-03,1.38e+01,
29829,-8.00e-03,1.38e+01,
29830,-8.00e-03,1.40e+01,
29831,-4.00e-03,1.40e+01,
29832,-8.00e-03,1.38e+01,
29833,-4.00e-03,1.38e+01,
29834,-8.00e-03,1.40e+01,
29835,-8.00e-03,1.40e+01,
29836,-8.00e-03,1.40e+01,
29837,-8.00e-03,1.40e+01,
29838,-8.00e-03,1.40e+01,
29839,-8.00e-03,1.42e+01,
29840,-8.00e-03,1.40e+01,
29841,-8.00e-03,1.40e+01,
29842,-8.00e-03,1.40e+01,
29843,-8.00e-03,1.42e+01,
29844,-8.00e-03,1.42e+01,
29845,-8.00e-03,1.42e+01,
29846,-8.00e-03,1.42e+01,
29847,-4.00e-03,1.44e+01,
29848,-8.00e-03,1.42e+01,
29849,-8.00e-03,1.42e+01,
29850,-8.00e-03,1.44e+01,
29851,-4.00e-03,1.44e+01,
29852,-8.00e-03,1.44e+01,
29853,-8.00e-03,1.44e+01,
29854,-8.00e-03,1.44e+01,
29855,-4.00e-03,1.46e+01,
29856,-8.00e-03,1.44e+01,
29857,-4.00e-03,1.46e+01,
29858,-8.00e-03,1.46e+01,
29859,-4.00e-03,1.46e+01,
29860,-8.00e-03,1.46e+01,
29861,-8.00e-03,1.46e+01,
29862,-8.00e-03,1.46e+01,
29863,-4.00e-03,1.48e+01,
29864,-8.00e-03,1.48e+01,
29865,-8.00e-03,1.48e+01,
29866,-8.00e-03,1.50e+01,
29867,-4.00e-03,1.50e+01,
29868,-8.00e-03,1.50e+01,
29869,-8.00e-03,1.50e+01,
29870,-8.00e-03,1.50e+01,
29871,-8.00e-03,1.54e+01,
29872,-8.00e-03,1.54e+01,
29873,-8.00e-03,1.54e+01,
29874,-8.00e-03,1.54e+01,
29875,-4.00e-03,1.56e+01,
29876,-8.00e-03,1.54e+01,
29877,-8.00e-03,1.56e+01,
29878,-8.00e-03,1.56e+01,
29879,-4.00e-03,1.56e+01,
29880,-8.00e-03,1.56e+01,
29881,-4.00e-03,1.56e+01,
29882,-8.00e-03,1.58e+01,
29883,-4.00e-03,1.58e+01,
29884,-8.00e-03,1.58e+01,
29885,-4.00e-03,1.58e+01,
29886,-8.00e-03,1.60e+01,
29887,-4.00e-03,1.62e+01,
29888,-8.00e-03,1.60e+01,
29889,-4.00e-03,1.60e+01,
29890,-8.00e-03,1.62e+01,
29891,-4.00e-03,1.62e+01,
29892,-8.00e-03,1.62e+01,
29893,-8.00e-03,1.62e+01,
29894,-8.00e-03,1.64e+01,
29895,-4.00e-03,1.66e+01,
29896,-8.00e-03,1.64e+01,
29897,-8.00e-03,1.64e+01,
29898,-8.00e-03,1.66e+01,
29899,-4.00e-03,1.68e+01,
29900,-4.00e-03,1.66e+01,
29901,-8.00e-03,1.66e+01,
29902,-8.00e-03,1.68e+01,
29903,-4.00e-03,1.70e+01,
29904,-4.00e-03,1.68e+01,
29905,-4.00e-03,1.68e+01,
29906,-8.00e-03,1.72e+01,
29907,-4.00e-03,1.72e+01,
29908,-8.00e-03,1.70e+01,
29909,-8.00e-03,1.70e+01,
29910,-8.00e-03,1.72e+01,
29911,-4.00e-03,1.74e+01,
29912,-8.00e-03,1.74e+01,
29913,-4.00e-03,1.74e+01,
29914,-8.00e-03,1.74e+01,
29915,-4.00e-03,1.76e+01,
29916,-8.00e-03,1.76e+01,
29917,-8.00e-03,1.76e+01,
29918,-1.20e-02,1.78e+01,
29919,-4.00e-03,1.78e+01,
29920,-8.00e-03,1.78e+01,
29921,-8.00e-03,1.78e+01,
29922,-8.00e-03,1.80e+01,
29923,-4.00e-03,1.82e+01,
29924,-8.00e-03,1.80e+01,
29925,-4.00e-03,1.80e+01,
29926,-8.00e-03,1.82e+01,
29927,-4.00e-03,1.82e+01,
29928,-8.00e-03,1.82e+01,
29929,-8.00e-03,1.84e+01,
29930,-8.00e-03,1.84e+01,
29931,-4.00e-03,1.86e+01,
29932,-8.00e-03,1.86e+01,
29933,-8.00e-03,1.86e+01,
29934,-8.00e-03,1.86e+01,
29935,-4.00e-03,1.90e+01,
29936,-8.00e-03,1.90e+01,
29937,-8.00e-03,1.90e+01,
29938,-8.00e-03,1.90e+01,
29939,-8.00e-03,1.92e+01,
29940,-8.00e-03,1.92e+01,
29941,-8.00e-03,1.92e+01,
29942,-8.00e-03,1.92e+01,
29943,-4.00e-03,1.94e+01,
29944,-4.00e-03,1.94e+01,
29945,-4.00e-03,1.94e+01,
29946,-8.00e-03,1.96e+01,
29947,-4.00e-03,1.98e+01,
29948,-8.00e-03,1.96e+01,
29949,-8.00e-03,1.96e+01,
29950,-8.00e-03,1.98e+01,
29951,-4.00e-03,2.00e+01,
29952,-8.00e-03,1.98e+01,
29953,-8.00e-03,1.98e+01,
29954,-8.00e-03,2.00e+01,
29955,-4.00e-03,2.00e+01,
29956,-8.00e-03,2.00e+01,
29957,-8.00e-03,2.00e+01,
29958,-8.00e-03,2.02e+01,
29959,-8.00e-03,2.04e+01,
29960,-4.00e-03,2.02e+01,
29961,-8.00e-03,2.02e+01,
29962,-1.20e-02,2.04e+01,
29963,-8.00e-03,2.06e+01,
29964,-8.00e-03,2.04e+01,
29965,-8.00e-03,2.04e+01,
29966,-8.00e-03,2.06e+01,
29967,-8.00e-03,2.08e+01,
29968,-8.00e-03,2.06e+01,
29969,-8.00e-03,2.06e+01,
29970,-8.00e-03,2.08e+01,
29971,-8.00e-03,2.08e+01,
29972,-8.00e-03,2.08e+01,
29973,-8.00e-03,2.08e+01,
29974,-8.00e-03,2.08e+01,
29975,-8.00e-03,2.12e+01,
29976,-8.00e-03,2.10e+01,
29977,-8.00e-03,2.10e+01,
29978,-8.00e-03,2.12e+01,
29979,-8.00e-03,2.12e+01,
29980,-8.00e-03,2.12e+01,
29981,-8.00e-03,2.10e+01,
29982,-8.00e-03,2.12e+01,
29983,-8.00e-03,2.14e+01,
29984,-4.00e-03,2.12e+01,
29985,-8.00e-03,2.12e+01,
29986,-8.00e-03,2.14e+01,
29987,-4.00e-03,2.16e+01,
29988,-8.00e-03,2.14e+01,
29989,-8.00e-03,2.14e+01,
29990,-8.00e-03,2.14e+01,
29991,-8.00e-03,2.16e+01,
29992,-8.00e-03,2.16e+01,
29993,-8.00e-03,2.16e+01,
29994,-8.00e-03,2.16e+01,
29995,-8.00e-03,2.18e+01,
29996,-8.00e-03,2.16e+01,
29997,-8.00e-03,2.16e+01,
29998,-8.00e-03,2.16e+01,
29999,-8.00e-03,2.18e+01,
